{"type": "FeatureCollection", "features": [{"type": "Feature", "geometry": {"type": "Point", "coordinates": [80.224634, 13.042261]}, "properties": {"stop_id": "yfzTmEfw", "stop_name": "Vrindavan Street"}}, {"type": "Feature", "geometry": {"type": "Point", "coordinates": [80.137668, 12.711526]}, "properties": {"stop_id": "veZdNrwJ", "stop_name": "Sunnambu Kalvai"}}, {"type": "Feature", "geometry": {"type": "Point", "coordinates": [80.240201, 13.396545]}, "properties": {"stop_id": "TExCPNxk", "stop_name": "Kaanji Vayal"}}, {"type": "Feature", "geometry": {"type": "Point", "coordinates": [80.229903, 12.919772]}, "properties": {"stop_id": "ryJVAbFB", "stop_name": "KCG College"}}, {"type": "Feature", "geometry": {"type": "Point", "coordinates": [80.115441, 12.924648]}, "properties": {"stop_id": "RTafItqF", "stop_name": "MR Theatre"}}, {"type": "Feature", "geometry": {"type": "Point", "coordinates": [80.180184, 12.618986]}, "properties": {"stop_id": "TFYkWDkw", "stop_name": "Poonjeri Government Hospital"}}, {"type": "Feature", "geometry": {"type": "Point", "coordinates": [79.932161, 12.89378]}, "properties": {"stop_id": "MRbVmsQs", "stop_name": "Vallam"}}, {"type": "Feature", "geometry": {"type": "Point", "coordinates": [80.0809, 13.0937]}, "properties": {"stop_id": "OOwDmsWF", "stop_name": "Ayalcheri Government School"}}, {"type": "Feature", "geometry": {"type": "Point", "coordinates": [80.156542, 13.034646]}, "properties": {"stop_id": "dCWftKsk", "stop_name": "Porur Junction"}}, {"type": "Feature", "geometry": {"type": "Point", "coordinates": [80.211324, 13.19975]}, "properties": {"stop_id": "kBaIvAJI", "stop_name": "Malima nagar"}}, {"type": "Feature", "geometry": {"type": "Point", "coordinates": [80.074636, 12.827027]}, "properties": {"stop_id": "kfbZMUOE", "stop_name": "Om Sakthi Nagar"}}, {"type": "Feature", "geometry": {"type": "Point", "coordinates": [80.220204, 13.032306]}, "properties": {"stop_id": "nTVsVrjG", "stop_name": "Mettupalayam"}}, {"type": "Feature", "geometry": {"type": "Point", "coordinates": [79.955323, 13.021371]}, "properties": {"stop_id": "UMTLMNkc", "stop_name": "Mannur Village"}}, {"type": "Feature", "geometry": {"type": "Point", "coordinates": [80.148629, 12.874606]}, "properties": {"stop_id": "IgyjIxcD", "stop_name": "V G K Green City"}}, {"type": "Feature", "geometry": {"type": "Point", "coordinates": [80.157302, 12.733819]}, "properties": {"stop_id": "ZxAfSTio", "stop_name": "Illalur"}}, {"type": "Feature", "geometry": {"type": "Point", "coordinates": [80.202674, 13.452667]}, "properties": {"stop_id": "NKETZQBF", "stop_name": "Devampattu 2"}}, {"type": "Feature", "geometry": {"type": "Point", "coordinates": [80.266001, 13.02644]}, "properties": {"stop_id": "ThGrfpxl", "stop_name": "Mandaveli Bus Terminus"}}, {"type": "Feature", "geometry": {"type": "Point", "coordinates": [79.962797, 13.316616]}, "properties": {"stop_id": "KGmhUhiY", "stop_name": "Lachivakkam"}}, {"type": "Feature", "geometry": {"type": "Point", "coordinates": [80.156485, 13.035513]}, "properties": {"stop_id": "fyqDJAhS", "stop_name": "Porur Arcot Road"}}, {"type": "Feature", "geometry": {"type": "Point", "coordinates": [80.046901, 12.918722]}, "properties": {"stop_id": "GaUJjHvw", "stop_name": "Aladi Amman Kovil"}}, {"type": "Feature", "geometry": {"type": "Point", "coordinates": [80.195315, 12.981478]}, "properties": {"stop_id": "BdeNhZep", "stop_name": "Vanuvambedu"}}, {"type": "Feature", "geometry": {"type": "Point", "coordinates": [80.214465, 13.030382]}, "properties": {"stop_id": "mLFZUgfn", "stop_name": "Ragava Nagar"}}, {"type": "Feature", "geometry": {"type": "Point", "coordinates": [80.162332, 13.101556]}, "properties": {"stop_id": "YpVxAvQG", "stop_name": "Telephone Exchange"}}, {"type": "Feature", "geometry": {"type": "Point", "coordinates": [80.062336, 13.112889]}, "properties": {"stop_id": "bfKiOFsS", "stop_name": "Thandurai Palla Street"}}, {"type": "Feature", "geometry": {"type": "Point", "coordinates": [79.95903, 13.022229]}, "properties": {"stop_id": "rGzXXKgE", "stop_name": "Mannur N I F O"}}, {"type": "Feature", "geometry": {"type": "Point", "coordinates": [79.908674, 13.135408]}, "properties": {"stop_id": "YIEuAZyW", "stop_name": "TNSTC Bus Depot"}}, {"type": "Feature", "geometry": {"type": "Point", "coordinates": [80.212082, 13.123922]}, "properties": {"stop_id": "lqYeKJIu", "stop_name": "Mariamman Koil"}}, {"type": "Feature", "geometry": {"type": "Point", "coordinates": [80.036593, 12.820098]}, "properties": {"stop_id": "oFbMGQKy", "stop_name": "Potheri"}}, {"type": "Feature", "geometry": {"type": "Point", "coordinates": [80.212585, 13.031687]}, "properties": {"stop_id": "NPqatCDm", "stop_name": "Ashok Nagar 11th Avenue"}}, {"type": "Feature", "geometry": {"type": "Point", "coordinates": [80.22938, 12.91327]}, "properties": {"stop_id": "wqGWmwVd", "stop_name": "Karapakkam"}}, {"type": "Feature", "geometry": {"type": "Point", "coordinates": [80.244225, 13.108665]}, "properties": {"stop_id": "GWhCmjED", "stop_name": "Perambur Railway Station"}}, {"type": "Feature", "geometry": {"type": "Point", "coordinates": [80.247421, 13.041493]}, "properties": {"stop_id": "cniBuICf", "stop_name": "Vanavil"}}, {"type": "Feature", "geometry": {"type": "Point", "coordinates": [80.207548, 13.453446]}, "properties": {"stop_id": "rnnOUpAJ", "stop_name": "Agaram"}}, {"type": "Feature", "geometry": {"type": "Point", "coordinates": [80.247552, 12.965315]}, "properties": {"stop_id": "GnOurcjN", "stop_name": "Kandanchavadi"}}, {"type": "Feature", "geometry": {"type": "Point", "coordinates": [80.029111, 13.027908]}, "properties": {"stop_id": "EqKjvFoW", "stop_name": "Queensland"}}, {"type": "Feature", "geometry": {"type": "Point", "coordinates": [80.193616, 13.044188]}, "properties": {"stop_id": "EGZEcfNZ", "stop_name": "West Depot K K Nagar"}}, {"type": "Feature", "geometry": {"type": "Point", "coordinates": [80.27056, 13.101423]}, "properties": {"stop_id": "XGiaFBsp", "stop_name": "Basin Bridge Railway Station"}}, {"type": "Feature", "geometry": {"type": "Point", "coordinates": [80.242639, 13.120938]}, "properties": {"stop_id": "jPryMrof", "stop_name": "Don Bosco School"}}, {"type": "Feature", "geometry": {"type": "Point", "coordinates": [80.27783, 13.176744]}, "properties": {"stop_id": "XxhwFmzZ", "stop_name": "Petro Araldit"}}, {"type": "Feature", "geometry": {"type": "Point", "coordinates": [80.177538, 13.08115]}, "properties": {"stop_id": "gOEBySGW", "stop_name": "Mugappair"}}, {"type": "Feature", "geometry": {"type": "Point", "coordinates": [80.300544, 13.153836]}, "properties": {"stop_id": "NkWMDpBL", "stop_name": "Thiruvottiyur Police Station"}}, {"type": "Feature", "geometry": {"type": "Point", "coordinates": [80.262832, 13.04494]}, "properties": {"stop_id": "kXtCwJQx", "stop_name": "New Woodlands"}}, {"type": "Feature", "geometry": {"type": "Point", "coordinates": [80.192167, 13.048993]}, "properties": {"stop_id": "dLUoTBAU", "stop_name": "Kaliyamman Kovil"}}, {"type": "Feature", "geometry": {"type": "Point", "coordinates": [80.193227, 12.620143]}, "properties": {"stop_id": "JpVXpSar", "stop_name": "Mandapam"}}, {"type": "Feature", "geometry": {"type": "Point", "coordinates": [80.148976, 12.967531]}, "properties": {"stop_id": "njiqgOWt", "stop_name": "Pallavaram"}}, {"type": "Feature", "geometry": {"type": "Point", "coordinates": [80.17341, 13.308894]}, "properties": {"stop_id": "Jrutayet", "stop_name": "Madhavaram"}}, {"type": "Feature", "geometry": {"type": "Point", "coordinates": [80.21544, 13.06975]}, "properties": {"stop_id": "fjbmYxRB", "stop_name": "M M D A Petrol Bunk"}}, {"type": "Feature", "geometry": {"type": "Point", "coordinates": [80.1802, 13.0805]}, "properties": {"stop_id": "yQTlxjhE", "stop_name": "Apostolic Faith Church"}}, {"type": "Feature", "geometry": {"type": "Point", "coordinates": [80.265333, 13.090238]}, "properties": {"stop_id": "hfsVeMMa", "stop_name": "Choolai Post Office"}}, {"type": "Feature", "geometry": {"type": "Point", "coordinates": [80.244965, 13.283437]}, "properties": {"stop_id": "ptvIaUTy", "stop_name": "Kesavapuram"}}, {"type": "Feature", "geometry": {"type": "Point", "coordinates": [80.204229, 12.978182]}, "properties": {"stop_id": "xgGSyRKK", "stop_name": "Balaji Nagar"}}, {"type": "Feature", "geometry": {"type": "Point", "coordinates": [80.09816, 13.167177]}, "properties": {"stop_id": "QESMqsTJ", "stop_name": "Vel Tech Junction"}}, {"type": "Feature", "geometry": {"type": "Point", "coordinates": [80.266234, 13.047142]}, "properties": {"stop_id": "QjBtnCad", "stop_name": "Ajantha"}}, {"type": "Feature", "geometry": {"type": "Point", "coordinates": [80.087065, 13.183677]}, "properties": {"stop_id": "GbOoEgJY", "stop_name": "Veerapuram Medu Street Or Tank"}}, {"type": "Feature", "geometry": {"type": "Point", "coordinates": [80.148298, 12.929915]}, "properties": {"stop_id": "rPxojMaQ", "stop_name": "Babu Road Junction"}}, {"type": "Feature", "geometry": {"type": "Point", "coordinates": [80.117326, 12.925641]}, "properties": {"stop_id": "XFPAZveS", "stop_name": "Tambaram Railway Station"}}, {"type": "Feature", "geometry": {"type": "Point", "coordinates": [80.171437, 13.254164]}, "properties": {"stop_id": "aLFpJPgR", "stop_name": "Sothupermedu"}}, {"type": "Feature", "geometry": {"type": "Point", "coordinates": [80.200118, 13.002127]}, "properties": {"stop_id": "sUYaNmKG", "stop_name": "Asarkana Omni Bus Stop"}}, {"type": "Feature", "geometry": {"type": "Point", "coordinates": [80.020232, 13.2913]}, "properties": {"stop_id": "NRqyalPm", "stop_name": "New Nagar"}}, {"type": "Feature", "geometry": {"type": "Point", "coordinates": [80.162256, 12.979372]}, "properties": {"stop_id": "jFRqfnFl", "stop_name": "Thirusoolam National Airport"}}, {"type": "Feature", "geometry": {"type": "Point", "coordinates": [80.219626, 13.074511]}, "properties": {"stop_id": "pPReLBCT", "stop_name": "Ampa Skywalk Or Arun Hotel"}}, {"type": "Feature", "geometry": {"type": "Point", "coordinates": [80.212087, 13.275707]}, "properties": {"stop_id": "ttuFHhig", "stop_name": "Kanniyampalayam"}}, {"type": "Feature", "geometry": {"type": "Point", "coordinates": [80.13244, 13.136945]}, "properties": {"stop_id": "wgFmWmqT", "stop_name": "Ration Kadai"}}, {"type": "Feature", "geometry": {"type": "Point", "coordinates": [80.146733, 13.097572]}, "properties": {"stop_id": "DgFFenGX", "stop_name": "Ayanambakkam Chruch"}}, {"type": "Feature", "geometry": {"type": "Point", "coordinates": [80.145544, 12.917662]}, "properties": {"stop_id": "rIWwRQFx", "stop_name": "Ambedkar Nagar Camp Road"}}, {"type": "Feature", "geometry": {"type": "Point", "coordinates": [80.240156, 12.827476]}, "properties": {"stop_id": "cVeADzkw", "stop_name": "Mary World or MGM"}}, {"type": "Feature", "geometry": {"type": "Point", "coordinates": [80.158656, 12.688466]}, "properties": {"stop_id": "BUdgWiYp", "stop_name": "Chiruthavoor Junction"}}, {"type": "Feature", "geometry": {"type": "Point", "coordinates": [80.221443, 12.785661]}, "properties": {"stop_id": "yGpawgaV", "stop_name": "Kelambakkam School"}}, {"type": "Feature", "geometry": {"type": "Point", "coordinates": [80.072488, 13.079518]}, "properties": {"stop_id": "qgVdByqj", "stop_name": "Chokkanallur"}}, {"type": "Feature", "geometry": {"type": "Point", "coordinates": [80.301556, 13.157017]}, "properties": {"stop_id": "TurKlwMz", "stop_name": "Ellaiamman Kovil"}}, {"type": "Feature", "geometry": {"type": "Point", "coordinates": [79.901676, 13.01713]}, "properties": {"stop_id": "wmQoUVus", "stop_name": "Ulandhai"}}, {"type": "Feature", "geometry": {"type": "Point", "coordinates": [80.15856, 13.130294]}, "properties": {"stop_id": "tJbXQuOE", "stop_name": "Pudur"}}, {"type": "Feature", "geometry": {"type": "Point", "coordinates": [80.287363, 13.08846]}, "properties": {"stop_id": "CKldDLYq", "stop_name": "High Court"}}, {"type": "Feature", "geometry": {"type": "Point", "coordinates": [80.25297, 13.053613]}, "properties": {"stop_id": "cPCRxZjy", "stop_name": "Thousand light Or U S Embassy"}}, {"type": "Feature", "geometry": {"type": "Point", "coordinates": [80.232154, 13.042251]}, "properties": {"stop_id": "XqVVjUzr", "stop_name": "Panagal Park"}}, {"type": "Feature", "geometry": {"type": "Point", "coordinates": [80.201343, 12.773958]}, "properties": {"stop_id": "cNvMQUdA", "stop_name": "Periyammal Nagar"}}, {"type": "Feature", "geometry": {"type": "Point", "coordinates": [80.241759, 12.859776]}, "properties": {"stop_id": "qLEwgwyN", "stop_name": "Uthandi Toll Gate or Ragash College"}}, {"type": "Feature", "geometry": {"type": "Point", "coordinates": [79.937495, 12.870864]}, "properties": {"stop_id": "cudxYHxf", "stop_name": "Mathur"}}, {"type": "Feature", "geometry": {"type": "Point", "coordinates": [80.025481, 13.078399]}, "properties": {"stop_id": "KpBBeKJM", "stop_name": "Nemam"}}, {"type": "Feature", "geometry": {"type": "Point", "coordinates": [80.202503, 13.031495]}, "properties": {"stop_id": "DjKOMvif", "stop_name": "Indra Colony"}}, {"type": "Feature", "geometry": {"type": "Point", "coordinates": [80.215938, 12.686404]}, "properties": {"stop_id": "fpLsOzrX", "stop_name": "Pattipulam Colony"}}, {"type": "Feature", "geometry": {"type": "Point", "coordinates": [80.048433, 13.298523]}, "properties": {"stop_id": "qNEatmrc", "stop_name": "Avadi Road Junction"}}, {"type": "Feature", "geometry": {"type": "Point", "coordinates": [80.14309, 12.889709]}, "properties": {"stop_id": "aBkDdFJm", "stop_name": "Kasma Puram"}}, {"type": "Feature", "geometry": {"type": "Point", "coordinates": [79.931719, 12.905129]}, "properties": {"stop_id": "YkxcSjQG", "stop_name": "Vadakal"}}, {"type": "Feature", "geometry": {"type": "Point", "coordinates": [80.223308, 12.985403]}, "properties": {"stop_id": "KIvXTDlT", "stop_name": "Dhandeeswaran Nagar"}}, {"type": "Feature", "geometry": {"type": "Point", "coordinates": [79.88831, 12.929282]}, "properties": {"stop_id": "dNagXJoD", "stop_name": "Thirumangalam"}}, {"type": "Feature", "geometry": {"type": "Point", "coordinates": [80.110032, 12.896129]}, "properties": {"stop_id": "sCEThkda", "stop_name": "Sadanandapuram"}}, {"type": "Feature", "geometry": {"type": "Point", "coordinates": [79.994029, 13.109285]}, "properties": {"stop_id": "nYgtSeyB", "stop_name": "Perumalpattu Gangaiamman Temple"}}, {"type": "Feature", "geometry": {"type": "Point", "coordinates": [80.204963, 12.989197]}, "properties": {"stop_id": "ZsdtRkBt", "stop_name": "Kakkan Bridge"}}, {"type": "Feature", "geometry": {"type": "Point", "coordinates": [80.203823, 13.050722]}, "properties": {"stop_id": "mnAVlSWp", "stop_name": "Prasad Thetre"}}, {"type": "Feature", "geometry": {"type": "Point", "coordinates": [80.273639, 13.072988]}, "properties": {"stop_id": "oeGMQkdJ", "stop_name": "Simpsons Chintadripet"}}, {"type": "Feature", "geometry": {"type": "Point", "coordinates": [80.159474, 13.093454]}, "properties": {"stop_id": "fsWDhqJj", "stop_name": "Athipattu Amma Water"}}, {"type": "Feature", "geometry": {"type": "Point", "coordinates": [80.192374, 12.620869]}, "properties": {"stop_id": "wXJrQzdz", "stop_name": "Mandapam"}}, {"type": "Feature", "geometry": {"type": "Point", "coordinates": [80.135479, 13.145021]}, "properties": {"stop_id": "GwjQuetc", "stop_name": "Thirumullaivoyal Venkatachalam Nagar"}}, {"type": "Feature", "geometry": {"type": "Point", "coordinates": [80.171884, 13.088632]}, "properties": {"stop_id": "pKTlpooZ", "stop_name": "Wavin"}}, {"type": "Feature", "geometry": {"type": "Point", "coordinates": [80.280447, 13.048542]}, "properties": {"stop_id": "byZXHxZy", "stop_name": "Lady Willingdon College of Education"}}, {"type": "Feature", "geometry": {"type": "Point", "coordinates": [80.246594, 13.40176]}, "properties": {"stop_id": "ZjbTkVDH", "stop_name": "Thirupalaivanam Koil"}}, {"type": "Feature", "geometry": {"type": "Point", "coordinates": [80.135272, 13.144627]}, "properties": {"stop_id": "leVkrEcC", "stop_name": "Thirumullaivoyal Venkatachalam Nagar"}}, {"type": "Feature", "geometry": {"type": "Point", "coordinates": [80.158856, 13.193764]}, "properties": {"stop_id": "SmfTtMBe", "stop_name": "Athithan Nagar"}}, {"type": "Feature", "geometry": {"type": "Point", "coordinates": [80.194265, 12.916297]}, "properties": {"stop_id": "fgmiKawi", "stop_name": "Medavakkam Junction"}}, {"type": "Feature", "geometry": {"type": "Point", "coordinates": [80.126795, 13.409752]}, "properties": {"stop_id": "zHlMZSZh", "stop_name": "Gummidipundi Market"}}, {"type": "Feature", "geometry": {"type": "Point", "coordinates": [80.180307, 12.893954]}, "properties": {"stop_id": "TbPzKyew", "stop_name": "Kanni Kovil"}}, {"type": "Feature", "geometry": {"type": "Point", "coordinates": [80.188065, 12.918473]}, "properties": {"stop_id": "dEaSAGSX", "stop_name": "Aakash Institute"}}, {"type": "Feature", "geometry": {"type": "Point", "coordinates": [80.252468, 13.114673]}, "properties": {"stop_id": "gOJphFVT", "stop_name": "Renuka Amman Koil BB Road"}}, {"type": "Feature", "geometry": {"type": "Point", "coordinates": [80.189326, 12.806009]}, "properties": {"stop_id": "pFQacbfu", "stop_name": "Anjaneyar Temple Pudupakkam"}}, {"type": "Feature", "geometry": {"type": "Point", "coordinates": [80.220456, 13.084491]}, "properties": {"stop_id": "laWGsLMv", "stop_name": "Anna Nagar East Metro Station"}}, {"type": "Feature", "geometry": {"type": "Point", "coordinates": [80.093337, 13.140455]}, "properties": {"stop_id": "ibPVFfKv", "stop_name": "Military Hospital Avadi"}}, {"type": "Feature", "geometry": {"type": "Point", "coordinates": [80.152796, 12.840095]}, "properties": {"stop_id": "YYKDBDRS", "stop_name": "VIT University"}}, {"type": "Feature", "geometry": {"type": "Point", "coordinates": [80.255112, 13.108984]}, "properties": {"stop_id": "uTcsgvmK", "stop_name": "BSNL Telephone Quarters Or Jeeva Railway Station"}}, {"type": "Feature", "geometry": {"type": "Point", "coordinates": [80.219322, 13.145031]}, "properties": {"stop_id": "pzcCDVmZ", "stop_name": "Madhavaram Rountana"}}, {"type": "Feature", "geometry": {"type": "Point", "coordinates": [80.029599, 12.809236]}, "properties": {"stop_id": "GYxWnXpv", "stop_name": "Kattankulathur"}}, {"type": "Feature", "geometry": {"type": "Point", "coordinates": [80.212527, 13.101579]}, "properties": {"stop_id": "WtptgYtz", "stop_name": "ICF Annexe"}}, {"type": "Feature", "geometry": {"type": "Point", "coordinates": [79.9956, 13.018432]}, "properties": {"stop_id": "uTBXaSDE", "stop_name": "Mevalurkuppam Junction"}}, {"type": "Feature", "geometry": {"type": "Point", "coordinates": [80.291547, 13.122642]}, "properties": {"stop_id": "XMbkTLpt", "stop_name": "Tondiarpet Market"}}, {"type": "Feature", "geometry": {"type": "Point", "coordinates": [80.252682, 13.053664]}, "properties": {"stop_id": "wartKFZO", "stop_name": "Thousand light Or U S Embassy"}}, {"type": "Feature", "geometry": {"type": "Point", "coordinates": [80.104068, 13.139749]}, "properties": {"stop_id": "IzKulrBJ", "stop_name": "Kovilpadagai"}}, {"type": "Feature", "geometry": {"type": "Point", "coordinates": [80.144998, 12.970758]}, "properties": {"stop_id": "EDdQplwd", "stop_name": "Pallavaram Aadu Thotti"}}, {"type": "Feature", "geometry": {"type": "Point", "coordinates": [79.978596, 13.018305]}, "properties": {"stop_id": "VjDsPPFB", "stop_name": "Chinna Valarpuram"}}, {"type": "Feature", "geometry": {"type": "Point", "coordinates": [80.139084, 13.366216]}, "properties": {"stop_id": "mgDGiHEE", "stop_name": "Mambakkam Road and Atanoor Road Junction"}}, {"type": "Feature", "geometry": {"type": "Point", "coordinates": [79.851681, 13.035622]}, "properties": {"stop_id": "wdwKrYEW", "stop_name": "Eraiyamangalam"}}, {"type": "Feature", "geometry": {"type": "Point", "coordinates": [79.937223, 12.980674]}, "properties": {"stop_id": "pACYXwGf", "stop_name": "Bhakthavatchalam Nagar"}}, {"type": "Feature", "geometry": {"type": "Point", "coordinates": [80.24211, 13.082556]}, "properties": {"stop_id": "rClMLArS", "stop_name": "Mummy Daddy"}}, {"type": "Feature", "geometry": {"type": "Point", "coordinates": [80.1352, 13.098512]}, "properties": {"stop_id": "fgAPkwgD", "stop_name": "Ayapakkam Water Tank"}}, {"type": "Feature", "geometry": {"type": "Point", "coordinates": [80.287145, 13.252535]}, "properties": {"stop_id": "AaOxIRuX", "stop_name": "Vallur"}}, {"type": "Feature", "geometry": {"type": "Point", "coordinates": [80.032409, 13.12459]}, "properties": {"stop_id": "TIlepZYr", "stop_name": "Thiruninravur"}}, {"type": "Feature", "geometry": {"type": "Point", "coordinates": [80.248861, 13.136316]}, "properties": {"stop_id": "BwSmHTNv", "stop_name": "Karikadai"}}, {"type": "Feature", "geometry": {"type": "Point", "coordinates": [80.312028, 13.172217]}, "properties": {"stop_id": "aTKTVXJW", "stop_name": "Carborundum Universal"}}, {"type": "Feature", "geometry": {"type": "Point", "coordinates": [80.080501, 13.047193]}, "properties": {"stop_id": "CrOFTJlw", "stop_name": "Nazarathpet"}}, {"type": "Feature", "geometry": {"type": "Point", "coordinates": [79.460388, 12.900797]}, "properties": {"stop_id": "pMAPWHDR", "stop_name": "Kaveripakkam By Pass"}}, {"type": "Feature", "geometry": {"type": "Point", "coordinates": [80.223515, 12.801379]}, "properties": {"stop_id": "aEhaaulL", "stop_name": "Hindustan College"}}, {"type": "Feature", "geometry": {"type": "Point", "coordinates": [80.310989, 13.409852]}, "properties": {"stop_id": "NacgxEEi", "stop_name": "Idayankulam"}}, {"type": "Feature", "geometry": {"type": "Point", "coordinates": [80.069649, 12.856828]}, "properties": {"stop_id": "hmRIiXJy", "stop_name": "Palakka Company"}}, {"type": "Feature", "geometry": {"type": "Point", "coordinates": [80.248319, 13.067948]}, "properties": {"stop_id": "rsJSqETv", "stop_name": "Womens Christian College"}}, {"type": "Feature", "geometry": {"type": "Point", "coordinates": [80.107135, 12.779112]}, "properties": {"stop_id": "FIOYHASJ", "stop_name": "Ashthinapuram"}}, {"type": "Feature", "geometry": {"type": "Point", "coordinates": [79.972969, 13.204312]}, "properties": {"stop_id": "YZpWLtUD", "stop_name": "Vishnuvakkam"}}, {"type": "Feature", "geometry": {"type": "Point", "coordinates": [80.029436, 13.123204]}, "properties": {"stop_id": "tFSvrGay", "stop_name": "Thiruninravur Railway Station"}}, {"type": "Feature", "geometry": {"type": "Point", "coordinates": [80.242491, 13.056499]}, "properties": {"stop_id": "YLjwrcCY", "stop_name": "Corporation School Office"}}, {"type": "Feature", "geometry": {"type": "Point", "coordinates": [80.219135, 12.693529]}, "properties": {"stop_id": "RnuEqbUH", "stop_name": "Krishna Karanai"}}, {"type": "Feature", "geometry": {"type": "Point", "coordinates": [80.175101, 13.036127]}, "properties": {"stop_id": "yLtehlsl", "stop_name": "Ambedkar Salai"}}, {"type": "Feature", "geometry": {"type": "Point", "coordinates": [80.148499, 13.099454]}, "properties": {"stop_id": "InEujKOO", "stop_name": "Cycle Kadai"}}, {"type": "Feature", "geometry": {"type": "Point", "coordinates": [80.070732, 13.045843]}, "properties": {"stop_id": "Ngsxsfae", "stop_name": "Nazarathpet Police Check Post"}}, {"type": "Feature", "geometry": {"type": "Point", "coordinates": [80.125203, 13.07614]}, "properties": {"stop_id": "hPbxQISN", "stop_name": "Devi Nagar"}}, {"type": "Feature", "geometry": {"type": "Point", "coordinates": [80.175262, 13.066797]}, "properties": {"stop_id": "eXTjiXiW", "stop_name": "Maduravoyal Ration Shop"}}, {"type": "Feature", "geometry": {"type": "Point", "coordinates": [80.206778, 13.112476]}, "properties": {"stop_id": "IglTFvIG", "stop_name": "Ilankali Amman Koil"}}, {"type": "Feature", "geometry": {"type": "Point", "coordinates": [80.184483, 13.020832]}, "properties": {"stop_id": "olAnplnl", "stop_name": "Miot Hospital"}}, {"type": "Feature", "geometry": {"type": "Point", "coordinates": [80.159772, 13.061554]}, "properties": {"stop_id": "HhzNhCIb", "stop_name": "Maduravoyal"}}, {"type": "Feature", "geometry": {"type": "Point", "coordinates": [80.149998, 12.968909]}, "properties": {"stop_id": "VkcYQwTj", "stop_name": "Pallavaram"}}, {"type": "Feature", "geometry": {"type": "Point", "coordinates": [79.506747, 12.897184]}, "properties": {"stop_id": "GOFbtMrp", "stop_name": "Ocheri By Pass"}}, {"type": "Feature", "geometry": {"type": "Point", "coordinates": [80.242713, 13.056627]}, "properties": {"stop_id": "FrlvFFoW", "stop_name": "Corporation School Office"}}, {"type": "Feature", "geometry": {"type": "Point", "coordinates": [80.270466, 13.101775]}, "properties": {"stop_id": "fFHpEWYG", "stop_name": "Basin Bridge Railway Station"}}, {"type": "Feature", "geometry": {"type": "Point", "coordinates": [80.216014, 13.261338]}, "properties": {"stop_id": "ZcBdJkwp", "stop_name": "Gnayaru"}}, {"type": "Feature", "geometry": {"type": "Point", "coordinates": [80.122542, 12.829528]}, "properties": {"stop_id": "pyLfKqPO", "stop_name": "Keerapakkam Perumal Koil"}}, {"type": "Feature", "geometry": {"type": "Point", "coordinates": [80.266841, 13.098567]}, "properties": {"stop_id": "gGlRqksC", "stop_name": "Uppukarpettai"}}, {"type": "Feature", "geometry": {"type": "Point", "coordinates": [80.178874, 12.918774]}, "properties": {"stop_id": "SOzmnmNW", "stop_name": "Vijaya Nagaram"}}, {"type": "Feature", "geometry": {"type": "Point", "coordinates": [80.115624, 13.045083]}, "properties": {"stop_id": "owqgejgM", "stop_name": "Poonamallee Municipality Or Kumananchavadi"}}, {"type": "Feature", "geometry": {"type": "Point", "coordinates": [80.117196, 12.959365]}, "properties": {"stop_id": "QsFYEMLP", "stop_name": "Thiruneermalai"}}, {"type": "Feature", "geometry": {"type": "Point", "coordinates": [79.947518, 13.016019]}, "properties": {"stop_id": "fwxIzXcp", "stop_name": "Sowbakkiya Nagar"}}, {"type": "Feature", "geometry": {"type": "Point", "coordinates": [80.080198, 13.196765]}, "properties": {"stop_id": "qGKRSiRy", "stop_name": "Arakkambakkam Road Junction"}}, {"type": "Feature", "geometry": {"type": "Point", "coordinates": [80.209473, 12.977956]}, "properties": {"stop_id": "wWIFrmtv", "stop_name": "Ags Colony"}}, {"type": "Feature", "geometry": {"type": "Point", "coordinates": [80.009236, 13.174554]}, "properties": {"stop_id": "HWVPgVIj", "stop_name": "Puliyur"}}, {"type": "Feature", "geometry": {"type": "Point", "coordinates": [80.206798, 13.138418]}, "properties": {"stop_id": "mxpYyFEY", "stop_name": "Vinayagapuram Surapet Junction"}}, {"type": "Feature", "geometry": {"type": "Point", "coordinates": [80.21626, 12.84837]}, "properties": {"stop_id": "EWgolfjF", "stop_name": "Kakkan Nagar"}}, {"type": "Feature", "geometry": {"type": "Point", "coordinates": [80.238217, 12.743598]}, "properties": {"stop_id": "GqIywbYh", "stop_name": "Vada Nemmeli"}}, {"type": "Feature", "geometry": {"type": "Point", "coordinates": [80.128034, 13.228657]}, "properties": {"stop_id": "VxCMIjeX", "stop_name": "Old Erumai Vetti Palayam"}}, {"type": "Feature", "geometry": {"type": "Point", "coordinates": [80.286023, 13.40532]}, "properties": {"stop_id": "IKnBBuIf", "stop_name": "Pakkam"}}, {"type": "Feature", "geometry": {"type": "Point", "coordinates": [80.088826, 12.939199]}, "properties": {"stop_id": "gZsXxpWQ", "stop_name": "Samathuva Periyar Nagar"}}, {"type": "Feature", "geometry": {"type": "Point", "coordinates": [79.976811, 12.696941]}, "properties": {"stop_id": "qheIKvdP", "stop_name": "Chengalpattu Old Bus Terminal"}}, {"type": "Feature", "geometry": {"type": "Point", "coordinates": [80.116712, 12.989958]}, "properties": {"stop_id": "yYFXObAF", "stop_name": "Karima Nagar Company"}}, {"type": "Feature", "geometry": {"type": "Point", "coordinates": [80.241227, 12.850425]}, "properties": {"stop_id": "DKTMYVhM", "stop_name": "Kanathur"}}, {"type": "Feature", "geometry": {"type": "Point", "coordinates": [80.105151, 13.115707]}, "properties": {"stop_id": "pKQmWfSR", "stop_name": "Avadi Market"}}, {"type": "Feature", "geometry": {"type": "Point", "coordinates": [80.190104, 13.046384]}, "properties": {"stop_id": "UgpyjFML", "stop_name": "Virugambakkam"}}, {"type": "Feature", "geometry": {"type": "Point", "coordinates": [80.164467, 13.061456]}, "properties": {"stop_id": "VTHwomVj", "stop_name": "Maduravoyal Yerikarai"}}, {"type": "Feature", "geometry": {"type": "Point", "coordinates": [80.064318, 12.987454]}, "properties": {"stop_id": "dAxtDTje", "stop_name": "Kaladipet"}}, {"type": "Feature", "geometry": {"type": "Point", "coordinates": [80.120189, 13.242333]}, "properties": {"stop_id": "TQJSOMwc", "stop_name": "New Erumai Vetti Palayam Bus Stand"}}, {"type": "Feature", "geometry": {"type": "Point", "coordinates": [80.128658, 12.739603]}, "properties": {"stop_id": "qLRAgPvM", "stop_name": "Ammapettai Temple"}}, {"type": "Feature", "geometry": {"type": "Point", "coordinates": [80.261326, 13.086194]}, "properties": {"stop_id": "tZiWmgTn", "stop_name": "Vepery Police Station"}}, {"type": "Feature", "geometry": {"type": "Point", "coordinates": [79.837718, 13.03601]}, "properties": {"stop_id": "yhxUltpl", "stop_name": "Kondencherri New Colony"}}, {"type": "Feature", "geometry": {"type": "Point", "coordinates": [80.097653, 12.998061]}, "properties": {"stop_id": "dlIiZmBi", "stop_name": "Kundrathur Or Thandalam"}}, {"type": "Feature", "geometry": {"type": "Point", "coordinates": [80.102407, 13.012115]}, "properties": {"stop_id": "neCsPoxX", "stop_name": "Sivanthangal"}}, {"type": "Feature", "geometry": {"type": "Point", "coordinates": [80.234691, 13.075832]}, "properties": {"stop_id": "cEOIeJTR", "stop_name": "Pachaiyappas College"}}, {"type": "Feature", "geometry": {"type": "Point", "coordinates": [80.31379, 13.415103]}, "properties": {"stop_id": "cefvQkVf", "stop_name": "Pulicat Bus Stand Pazhaverkadu"}}, {"type": "Feature", "geometry": {"type": "Point", "coordinates": [80.187286, 12.961775]}, "properties": {"stop_id": "NajoDNFv", "stop_name": "Ganesh Nagar"}}, {"type": "Feature", "geometry": {"type": "Point", "coordinates": [79.99368, 13.137313]}, "properties": {"stop_id": "gjOgguRV", "stop_name": "Ayathur Chathiram"}}, {"type": "Feature", "geometry": {"type": "Point", "coordinates": [80.281317, 13.05754]}, "properties": {"stop_id": "iWFLhsvE", "stop_name": "Kannagi Statue Or Presidency College"}}, {"type": "Feature", "geometry": {"type": "Point", "coordinates": [80.273449, 13.07459]}, "properties": {"stop_id": "vkAUVqtk", "stop_name": "Chinthathripet Railway Station"}}, {"type": "Feature", "geometry": {"type": "Point", "coordinates": [80.109509, 13.005394]}, "properties": {"stop_id": "HZcfHzwe", "stop_name": "Moondram Kattalai"}}, {"type": "Feature", "geometry": {"type": "Point", "coordinates": [80.225602, 13.073857]}, "properties": {"stop_id": "gUXxyAlR", "stop_name": "Amaindhakarai"}}, {"type": "Feature", "geometry": {"type": "Point", "coordinates": [79.992658, 12.743287]}, "properties": {"stop_id": "vjVhbIrq", "stop_name": "Mahendira World City Or Chettipunyam"}}, {"type": "Feature", "geometry": {"type": "Point", "coordinates": [80.307649, 13.186627]}, "properties": {"stop_id": "wtyUxRkq", "stop_name": "Murugan Koil Eranavoor"}}, {"type": "Feature", "geometry": {"type": "Point", "coordinates": [80.250731, 12.989634]}, "properties": {"stop_id": "rSnWVhOw", "stop_name": "Tidel Park"}}, {"type": "Feature", "geometry": {"type": "Point", "coordinates": [80.220585, 13.036524]}, "properties": {"stop_id": "zJsEFgSs", "stop_name": "Postal Colony"}}, {"type": "Feature", "geometry": {"type": "Point", "coordinates": [80.107954, 12.769566]}, "properties": {"stop_id": "ZXZRiXZk", "stop_name": "Mel Kalvai"}}, {"type": "Feature", "geometry": {"type": "Point", "coordinates": [80.134084, 13.155771]}, "properties": {"stop_id": "vXwparSo", "stop_name": "Arrikambedu Junction"}}, {"type": "Feature", "geometry": {"type": "Point", "coordinates": [80.214298, 13.130034]}, "properties": {"stop_id": "cmBFyxQG", "stop_name": "Retteri Junction"}}, {"type": "Feature", "geometry": {"type": "Point", "coordinates": [80.087383, 12.848788]}, "properties": {"stop_id": "KTeKlEmN", "stop_name": "Sangothi Amman Koil"}}, {"type": "Feature", "geometry": {"type": "Point", "coordinates": [80.15187, 12.922648]}, "properties": {"stop_id": "ajCBPuBp", "stop_name": "Rajakilpakkam"}}, {"type": "Feature", "geometry": {"type": "Point", "coordinates": [80.06244, 13.187429]}, "properties": {"stop_id": "IWPekdjH", "stop_name": "Pandeshwaram EB Office"}}, {"type": "Feature", "geometry": {"type": "Point", "coordinates": [80.227241, 13.054107]}, "properties": {"stop_id": "psXocZQH", "stop_name": "Liberty"}}, {"type": "Feature", "geometry": {"type": "Point", "coordinates": [80.290784, 13.089591]}, "properties": {"stop_id": "TsaeiIGv", "stop_name": "Parrys Corner"}}, {"type": "Feature", "geometry": {"type": "Point", "coordinates": [80.230517, 13.033657]}, "properties": {"stop_id": "wSRHKxQJ", "stop_name": "Thiyagaraya Nagar Bus Depot"}}, {"type": "Feature", "geometry": {"type": "Point", "coordinates": [80.298465, 13.139831]}, "properties": {"stop_id": "NLDgVASg", "stop_name": "Anna Nagar"}}, {"type": "Feature", "geometry": {"type": "Point", "coordinates": [80.192078, 13.052748]}, "properties": {"stop_id": "QNScHwgR", "stop_name": "Elango Nagar"}}, {"type": "Feature", "geometry": {"type": "Point", "coordinates": [80.176433, 13.312009]}, "properties": {"stop_id": "UosQUisT", "stop_name": "Sayanavaram"}}, {"type": "Feature", "geometry": {"type": "Point", "coordinates": [80.175147, 13.098279]}, "properties": {"stop_id": "fcSUqaEW", "stop_name": "Mannurpet"}}, {"type": "Feature", "geometry": {"type": "Point", "coordinates": [80.176639, 12.657144]}, "properties": {"stop_id": "xsVxMJpx", "stop_name": "Avit College Payyanur"}}, {"type": "Feature", "geometry": {"type": "Point", "coordinates": [80.044945, 12.78348]}, "properties": {"stop_id": "tqLrxYqg", "stop_name": "Gudalur Government School"}}, {"type": "Feature", "geometry": {"type": "Point", "coordinates": [80.247857, 13.13746]}, "properties": {"stop_id": "KdMLRLHG", "stop_name": "Chinna Kodungaiyur"}}, {"type": "Feature", "geometry": {"type": "Point", "coordinates": [80.277676, 13.043403]}, "properties": {"stop_id": "ZyxFjabk", "stop_name": "D G P Office"}}, {"type": "Feature", "geometry": {"type": "Point", "coordinates": [80.249321, 13.029065]}, "properties": {"stop_id": "HzpUPWzy", "stop_name": "Adyar Gate"}}, {"type": "Feature", "geometry": {"type": "Point", "coordinates": [80.210895, 12.879207]}, "properties": {"stop_id": "osIslFBH", "stop_name": "Chemmenchery Arch"}}, {"type": "Feature", "geometry": {"type": "Point", "coordinates": [80.263571, 13.113878]}, "properties": {"stop_id": "OyJKKata", "stop_name": "Vyasarpadi Market"}}, {"type": "Feature", "geometry": {"type": "Point", "coordinates": [80.151068, 13.275162]}, "properties": {"stop_id": "DPEjcwqA", "stop_name": "Athipedu"}}, {"type": "Feature", "geometry": {"type": "Point", "coordinates": [80.171883, 13.013149]}, "properties": {"stop_id": "gpKesHQf", "stop_name": "Manapakkam Girihori Nagar"}}, {"type": "Feature", "geometry": {"type": "Point", "coordinates": [79.910543, 13.12756]}, "properties": {"stop_id": "dIzWcSEA", "stop_name": "Goverment Hospital Tiruvallur"}}, {"type": "Feature", "geometry": {"type": "Point", "coordinates": [80.223597, 12.80114]}, "properties": {"stop_id": "JgVaSAtG", "stop_name": "Hindustan College"}}, {"type": "Feature", "geometry": {"type": "Point", "coordinates": [80.053002, 12.978191]}, "properties": {"stop_id": "CHKZpApa", "stop_name": "Annai Anjugam Nagar"}}, {"type": "Feature", "geometry": {"type": "Point", "coordinates": [80.273484, 13.103828]}, "properties": {"stop_id": "hwOMxSYP", "stop_name": "Moolakothalam"}}, {"type": "Feature", "geometry": {"type": "Point", "coordinates": [80.096139, 12.997118]}, "properties": {"stop_id": "UgzfanVk", "stop_name": "Kundrathur Bus Depot"}}, {"type": "Feature", "geometry": {"type": "Point", "coordinates": [80.129425, 12.958823]}, "properties": {"stop_id": "fNriHNfS", "stop_name": "Lakshmipuram"}}, {"type": "Feature", "geometry": {"type": "Point", "coordinates": [80.221328, 12.789027]}, "properties": {"stop_id": "rPcYYZtd", "stop_name": "AP Super Market"}}, {"type": "Feature", "geometry": {"type": "Point", "coordinates": [80.189192, 13.016692]}, "properties": {"stop_id": "fMrlznIn", "stop_name": "Trade Centre Nandambakkam"}}, {"type": "Feature", "geometry": {"type": "Point", "coordinates": [80.062586, 12.983753]}, "properties": {"stop_id": "SUVVzOYC", "stop_name": "Nandambakkam"}}, {"type": "Feature", "geometry": {"type": "Point", "coordinates": [80.304118, 13.251984]}, "properties": {"stop_id": "XJpVddlh", "stop_name": "Athipattu Pudhu Nagar"}}, {"type": "Feature", "geometry": {"type": "Point", "coordinates": [80.032415, 12.969204]}, "properties": {"stop_id": "VtPnVtjF", "stop_name": "Nallur Check Post"}}, {"type": "Feature", "geometry": {"type": "Point", "coordinates": [79.914279, 12.938652]}, "properties": {"stop_id": "XmmyKsTm", "stop_name": "Mambakkam"}}, {"type": "Feature", "geometry": {"type": "Point", "coordinates": [79.965396, 13.021725]}, "properties": {"stop_id": "ysYPVGOc", "stop_name": "Chawal Company"}}, {"type": "Feature", "geometry": {"type": "Point", "coordinates": [80.183505, 13.109073]}, "properties": {"stop_id": "zhMspDRK", "stop_name": "Street No 31"}}, {"type": "Feature", "geometry": {"type": "Point", "coordinates": [80.267634, 13.065411]}, "properties": {"stop_id": "DYErCrqd", "stop_name": "Lic"}}, {"type": "Feature", "geometry": {"type": "Point", "coordinates": [80.253482, 13.16525]}, "properties": {"stop_id": "RVNzMGgw", "stop_name": "Sasthiri Nagar Manali"}}, {"type": "Feature", "geometry": {"type": "Point", "coordinates": [80.113801, 13.079163]}, "properties": {"stop_id": "cNArzmnq", "stop_name": "RMK School"}}, {"type": "Feature", "geometry": {"type": "Point", "coordinates": [80.030996, 13.126344]}, "properties": {"stop_id": "acVCzwtl", "stop_name": "Sri Lakshmi Theatre"}}, {"type": "Feature", "geometry": {"type": "Point", "coordinates": [80.250176, 13.085885]}, "properties": {"stop_id": "tglFZOrp", "stop_name": "Motcham Theatre Or GRT"}}, {"type": "Feature", "geometry": {"type": "Point", "coordinates": [79.507507, 11.606311]}, "properties": {"stop_id": "FhTsxOaf", "stop_name": "Neyveli Township"}}, {"type": "Feature", "geometry": {"type": "Point", "coordinates": [80.174308, 12.986067]}, "properties": {"stop_id": "ysSWNERo", "stop_name": "Meeanambakkam International Airport"}}, {"type": "Feature", "geometry": {"type": "Point", "coordinates": [80.216081, 13.128584]}, "properties": {"stop_id": "zENMipIx", "stop_name": "Padma Nagar Or Giriraj Nagar"}}, {"type": "Feature", "geometry": {"type": "Point", "coordinates": [80.131467, 12.860413]}, "properties": {"stop_id": "LTfflVxG", "stop_name": "Tagore Engineering College Rathinamangalam"}}, {"type": "Feature", "geometry": {"type": "Point", "coordinates": [80.212002, 13.455744]}, "properties": {"stop_id": "DXDxufRt", "stop_name": "Nelvaai"}}, {"type": "Feature", "geometry": {"type": "Point", "coordinates": [80.170692, 12.959792]}, "properties": {"stop_id": "aHsZaffM", "stop_name": "Murugan Store"}}, {"type": "Feature", "geometry": {"type": "Point", "coordinates": [80.181895, 12.897576]}, "properties": {"stop_id": "WLRLSlmn", "stop_name": "Chitlapakkam Koot Road"}}, {"type": "Feature", "geometry": {"type": "Point", "coordinates": [80.01938, 13.125183]}, "properties": {"stop_id": "UcqSoUUq", "stop_name": "Thiruninravur Cauvery Theatre"}}, {"type": "Feature", "geometry": {"type": "Point", "coordinates": [80.187862, 13.096046]}, "properties": {"stop_id": "KoIfkWfm", "stop_name": "Sivan Kovil"}}, {"type": "Feature", "geometry": {"type": "Point", "coordinates": [80.033925, 13.159594]}, "properties": {"stop_id": "THcpliIL", "stop_name": "Pakkam New Colony"}}, {"type": "Feature", "geometry": {"type": "Point", "coordinates": [80.099287, 13.050224]}, "properties": {"stop_id": "CEZTRnUo", "stop_name": "Poonamallee Government Hospital"}}, {"type": "Feature", "geometry": {"type": "Point", "coordinates": [79.876761, 13.024185]}, "properties": {"stop_id": "SzPBLAwy", "stop_name": "Poovalli Kuppam Or Vellakalvai Meetu Cherry"}}, {"type": "Feature", "geometry": {"type": "Point", "coordinates": [80.155236, 12.837668]}, "properties": {"stop_id": "fdwLSfsa", "stop_name": "Keelakottaiyur Or Malrosapuram"}}, {"type": "Feature", "geometry": {"type": "Point", "coordinates": [80.085725, 13.181688]}, "properties": {"stop_id": "BGiGDHMe", "stop_name": "Veerapuram Viraliyur Kodi"}}, {"type": "Feature", "geometry": {"type": "Point", "coordinates": [80.276663, 13.08175]}, "properties": {"stop_id": "TShNRujB", "stop_name": "Mgr Central Station Or Rajiv Gandhi Government General Hospital"}}, {"type": "Feature", "geometry": {"type": "Point", "coordinates": [80.181241, 13.430787]}, "properties": {"stop_id": "vRiXTWTq", "stop_name": "Kurivigaram"}}, {"type": "Feature", "geometry": {"type": "Point", "coordinates": [80.261776, 13.07396]}, "properties": {"stop_id": "YvLYpMPH", "stop_name": "Commissioner Office"}}, {"type": "Feature", "geometry": {"type": "Point", "coordinates": [80.245278, 12.784972]}, "properties": {"stop_id": "beniIHzL", "stop_name": "Kovalam Kelambakam Road Junction"}}, {"type": "Feature", "geometry": {"type": "Point", "coordinates": [80.306518, 13.162577]}, "properties": {"stop_id": "lhvdYjIr", "stop_name": "Thiruvottiyur Market Beach Road"}}, {"type": "Feature", "geometry": {"type": "Point", "coordinates": [80.212749, 13.024191]}, "properties": {"stop_id": "ICtDTIBO", "stop_name": "Saidapet West Bus Stand"}}, {"type": "Feature", "geometry": {"type": "Point", "coordinates": [80.187328, 12.722195]}, "properties": {"stop_id": "wcUGKfLa", "stop_name": "Thiruporur Bus Stand"}}, {"type": "Feature", "geometry": {"type": "Point", "coordinates": [80.236897, 13.132366]}, "properties": {"stop_id": "DzkWADkh", "stop_name": "Madhavaram Bus Depot"}}, {"type": "Feature", "geometry": {"type": "Point", "coordinates": [80.143125, 12.922297]}, "properties": {"stop_id": "jvLymITs", "stop_name": "Camp Road Junction Selaiyur"}}, {"type": "Feature", "geometry": {"type": "Point", "coordinates": [80.108237, 13.102641]}, "properties": {"stop_id": "WjKdBsVK", "stop_name": "Moorthy Nagar"}}, {"type": "Feature", "geometry": {"type": "Point", "coordinates": [80.200105, 12.846988]}, "properties": {"stop_id": "kTKiYpVR", "stop_name": "Thalambur"}}, {"type": "Feature", "geometry": {"type": "Point", "coordinates": [80.2844, 13.06639]}, "properties": {"stop_id": "gaLZwYvS", "stop_name": "Anna Square"}}, {"type": "Feature", "geometry": {"type": "Point", "coordinates": [80.258255, 13.168166]}, "properties": {"stop_id": "yGEvOQma", "stop_name": "Manali Church"}}, {"type": "Feature", "geometry": {"type": "Point", "coordinates": [80.129798, 12.66505]}, "properties": {"stop_id": "TJYuPZgz", "stop_name": "Manamathi School"}}, {"type": "Feature", "geometry": {"type": "Point", "coordinates": [80.195318, 13.059722]}, "properties": {"stop_id": "cdpcgPuX", "stop_name": "Sai Nagar"}}, {"type": "Feature", "geometry": {"type": "Point", "coordinates": [80.279734, 13.378285]}, "properties": {"stop_id": "qrudAScT", "stop_name": "Thataimanji"}}, {"type": "Feature", "geometry": {"type": "Point", "coordinates": [80.20531, 12.987403]}, "properties": {"stop_id": "eQeMsQqL", "stop_name": "Brindavan Nagar"}}, {"type": "Feature", "geometry": {"type": "Point", "coordinates": [80.286248, 13.074203]}, "properties": {"stop_id": "XypZkLUe", "stop_name": "War Memorial"}}, {"type": "Feature", "geometry": {"type": "Point", "coordinates": [80.19873, 13.090757]}, "properties": {"stop_id": "TcEVvOUM", "stop_name": "Thirumangalam"}}, {"type": "Feature", "geometry": {"type": "Point", "coordinates": [80.091216, 13.028505]}, "properties": {"stop_id": "ykQYJtnJ", "stop_name": "Malayambakkam Stalin Nagar"}}, {"type": "Feature", "geometry": {"type": "Point", "coordinates": [80.070265, 13.326337]}, "properties": {"stop_id": "tUQXHMzJ", "stop_name": "Kosavanpettai"}}, {"type": "Feature", "geometry": {"type": "Point", "coordinates": [80.286518, 13.097743]}, "properties": {"stop_id": "JHNPaXkN", "stop_name": "Mannady Police Quarters"}}, {"type": "Feature", "geometry": {"type": "Point", "coordinates": [80.221589, 13.184765]}, "properties": {"stop_id": "kJlOJSYi", "stop_name": "Chettimedu"}}, {"type": "Feature", "geometry": {"type": "Point", "coordinates": [80.191269, 12.972287]}, "properties": {"stop_id": "YXiYqIfc", "stop_name": "Kumaran Theatre"}}, {"type": "Feature", "geometry": {"type": "Point", "coordinates": [80.13302, 13.028209]}, "properties": {"stop_id": "lEkTDboF", "stop_name": "Annai Store"}}, {"type": "Feature", "geometry": {"type": "Point", "coordinates": [80.065132, 12.899931]}, "properties": {"stop_id": "zrVEttwl", "stop_name": "Natesan School"}}, {"type": "Feature", "geometry": {"type": "Point", "coordinates": [80.170538, 13.08296]}, "properties": {"stop_id": "iezkylgj", "stop_name": "J J Nagar West Terminus"}}, {"type": "Feature", "geometry": {"type": "Point", "coordinates": [80.242607, 13.119013]}, "properties": {"stop_id": "OOOhsNkv", "stop_name": "Brindha Theatre"}}, {"type": "Feature", "geometry": {"type": "Point", "coordinates": [80.246916, 13.078073]}, "properties": {"stop_id": "FZYojuVE", "stop_name": "Neyveli House"}}, {"type": "Feature", "geometry": {"type": "Point", "coordinates": [80.081645, 12.918336]}, "properties": {"stop_id": "qYsYtTjJ", "stop_name": "Parwati Nagar"}}, {"type": "Feature", "geometry": {"type": "Point", "coordinates": [79.98128, 13.146224]}, "properties": {"stop_id": "JfDYhvZz", "stop_name": "Thottikalai"}}, {"type": "Feature", "geometry": {"type": "Point", "coordinates": [80.103537, 13.128493]}, "properties": {"stop_id": "CVcknAiw", "stop_name": "Bharathiyar Nagar"}}, {"type": "Feature", "geometry": {"type": "Point", "coordinates": [80.129229, 12.980804]}, "properties": {"stop_id": "bjEpkupt", "stop_name": "Anakaputhur Higher Secondary School"}}, {"type": "Feature", "geometry": {"type": "Point", "coordinates": [80.028397, 13.22074]}, "properties": {"stop_id": "GrxyFhrL", "stop_name": "Thamaraipakkam Junction"}}, {"type": "Feature", "geometry": {"type": "Point", "coordinates": [80.212193, 13.039851]}, "properties": {"stop_id": "rJRvqICk", "stop_name": "Ashok Nagar Canara Bank"}}, {"type": "Feature", "geometry": {"type": "Point", "coordinates": [80.09572, 13.17029]}, "properties": {"stop_id": "ZtKBYERA", "stop_name": "SrBharathi Nagar"}}, {"type": "Feature", "geometry": {"type": "Point", "coordinates": [80.177515, 12.663842]}, "properties": {"stop_id": "ZbBLjsKS", "stop_name": "Pandithamedu Village"}}, {"type": "Feature", "geometry": {"type": "Point", "coordinates": [80.27516, 13.091647]}, "properties": {"stop_id": "YjUiSglA", "stop_name": "Elephant Gate"}}, {"type": "Feature", "geometry": {"type": "Point", "coordinates": [80.168181, 13.195022]}, "properties": {"stop_id": "siPRjksc", "stop_name": "Gandhi Nagar Redhills"}}, {"type": "Feature", "geometry": {"type": "Point", "coordinates": [80.181311, 13.072595]}, "properties": {"stop_id": "BZfkJyvP", "stop_name": "Mookambikai Dental Collage"}}, {"type": "Feature", "geometry": {"type": "Point", "coordinates": [80.189521, 12.968496]}, "properties": {"stop_id": "OBtWrzof", "stop_name": "Madipakkam Road Junction"}}, {"type": "Feature", "geometry": {"type": "Point", "coordinates": [80.146136, 12.95159]}, "properties": {"stop_id": "GzRNfXCs", "stop_name": "Radha Nagar Police Booth"}}, {"type": "Feature", "geometry": {"type": "Point", "coordinates": [79.826631, 13.029477]}, "properties": {"stop_id": "XaVBQtHA", "stop_name": "Covam"}}, {"type": "Feature", "geometry": {"type": "Point", "coordinates": [80.184369, 13.193056]}, "properties": {"stop_id": "NjRgIRup", "stop_name": "Redhills Bus Terminus"}}, {"type": "Feature", "geometry": {"type": "Point", "coordinates": [80.241133, 12.796569]}, "properties": {"stop_id": "SdEWNrvb", "stop_name": "Kunnukadu Alamaram"}}, {"type": "Feature", "geometry": {"type": "Point", "coordinates": [80.242254, 13.098451]}, "properties": {"stop_id": "RoAYEvND", "stop_name": "Ayanavaram Bus Depot"}}, {"type": "Feature", "geometry": {"type": "Point", "coordinates": [80.204664, 12.981665]}, "properties": {"stop_id": "heuaCWro", "stop_name": "Adambakkam"}}, {"type": "Feature", "geometry": {"type": "Point", "coordinates": [80.267248, 13.130026]}, "properties": {"stop_id": "aHiLErMV", "stop_name": "Kodungaiyur Dumping Station"}}, {"type": "Feature", "geometry": {"type": "Point", "coordinates": [79.979209, 13.098166]}, "properties": {"stop_id": "BOpyePJp", "stop_name": "Murukanchery"}}, {"type": "Feature", "geometry": {"type": "Point", "coordinates": [80.269477, 13.192321]}, "properties": {"stop_id": "aDaRCcaB", "stop_name": "Andarkuppam Check Post"}}, {"type": "Feature", "geometry": {"type": "Point", "coordinates": [80.257738, 12.969389]}, "properties": {"stop_id": "OdzEGWPG", "stop_name": "Kottivakkam"}}, {"type": "Feature", "geometry": {"type": "Point", "coordinates": [80.263808, 13.052491]}, "properties": {"stop_id": "ZMeqpjWv", "stop_name": "Royapettah Police Station"}}, {"type": "Feature", "geometry": {"type": "Point", "coordinates": [80.025262, 12.91918]}, "properties": {"stop_id": "yfjUYWEe", "stop_name": "Pushpagiri"}}, {"type": "Feature", "geometry": {"type": "Point", "coordinates": [80.031495, 12.837363]}, "properties": {"stop_id": "FOXeQKOT", "stop_name": "Thiruthavali"}}, {"type": "Feature", "geometry": {"type": "Point", "coordinates": [80.144243, 13.343858]}, "properties": {"stop_id": "BvsSDYgP", "stop_name": "Peruvayal"}}, {"type": "Feature", "geometry": {"type": "Point", "coordinates": [80.073253, 12.862118]}, "properties": {"stop_id": "XsKXZwOQ", "stop_name": "Urapakkam Or Ananthavalli School"}}, {"type": "Feature", "geometry": {"type": "Point", "coordinates": [80.182908, 12.979801]}, "properties": {"stop_id": "vDrIQGSM", "stop_name": "Vetrivel Theatre"}}, {"type": "Feature", "geometry": {"type": "Point", "coordinates": [80.028433, 13.220318]}, "properties": {"stop_id": "yfISbYOh", "stop_name": "Thamaraipakkam Junction"}}, {"type": "Feature", "geometry": {"type": "Point", "coordinates": [80.247511, 13.060535]}, "properties": {"stop_id": "UWSJuCAz", "stop_name": "Taj Hotel or Uthamar Gandhi Salai"}}, {"type": "Feature", "geometry": {"type": "Point", "coordinates": [80.071547, 12.942632]}, "properties": {"stop_id": "lWiTdhQk", "stop_name": "Dharkast"}}, {"type": "Feature", "geometry": {"type": "Point", "coordinates": [80.170279, 13.214743]}, "properties": {"stop_id": "EKGAgXOm", "stop_name": "Redhills RTO Office"}}, {"type": "Feature", "geometry": {"type": "Point", "coordinates": [80.272555, 13.303535]}, "properties": {"stop_id": "eUBMdtJg", "stop_name": "Neidavoyal"}}, {"type": "Feature", "geometry": {"type": "Point", "coordinates": [80.227907, 13.054086]}, "properties": {"stop_id": "ylfNfbjf", "stop_name": "Meenakshi College"}}, {"type": "Feature", "geometry": {"type": "Point", "coordinates": [80.084519, 13.183369]}, "properties": {"stop_id": "btKesaAl", "stop_name": "Katathotti"}}, {"type": "Feature", "geometry": {"type": "Point", "coordinates": [80.199943, 13.453013]}, "properties": {"stop_id": "eWFmnMeJ", "stop_name": "Devampattu 1"}}, {"type": "Feature", "geometry": {"type": "Point", "coordinates": [80.110622, 13.078228]}, "properties": {"stop_id": "NRaiNGwl", "stop_name": "Kaduvetti"}}, {"type": "Feature", "geometry": {"type": "Point", "coordinates": [80.224537, 13.084619]}, "properties": {"stop_id": "pYVbvizw", "stop_name": "Chinthamani"}}, {"type": "Feature", "geometry": {"type": "Point", "coordinates": [79.9356, 12.88318]}, "properties": {"stop_id": "WneZtuRq", "stop_name": "Vallakottai"}}, {"type": "Feature", "geometry": {"type": "Point", "coordinates": [80.288838, 13.082466]}, "properties": {"stop_id": "hysxdiTF", "stop_name": "R B I Parrys"}}, {"type": "Feature", "geometry": {"type": "Point", "coordinates": [80.158957, 12.945]}, "properties": {"stop_id": "YcNsXGIy", "stop_name": "Donbosco School"}}, {"type": "Feature", "geometry": {"type": "Point", "coordinates": [80.258808, 13.093384]}, "properties": {"stop_id": "VuxSFkGj", "stop_name": "Barracks Road"}}, {"type": "Feature", "geometry": {"type": "Point", "coordinates": [80.138617, 12.798414]}, "properties": {"stop_id": "xKpFUSPW", "stop_name": "Pungeri"}}, {"type": "Feature", "geometry": {"type": "Point", "coordinates": [80.177533, 13.08118]}, "properties": {"stop_id": "TgYrKMTh", "stop_name": "Mugappair"}}, {"type": "Feature", "geometry": {"type": "Point", "coordinates": [79.969737, 12.857089]}, "properties": {"stop_id": "vfIotKLC", "stop_name": "Kavalkazhani Church"}}, {"type": "Feature", "geometry": {"type": "Point", "coordinates": [80.221506, 13.145276]}, "properties": {"stop_id": "WKWTpoqQ", "stop_name": "MMBT"}}, {"type": "Feature", "geometry": {"type": "Point", "coordinates": [80.003444, 12.761365]}, "properties": {"stop_id": "qatuIGdU", "stop_name": "Singaperumal Kovil"}}, {"type": "Feature", "geometry": {"type": "Point", "coordinates": [79.887056, 13.020924]}, "properties": {"stop_id": "TTqWKaTM", "stop_name": "Gandhipet"}}, {"type": "Feature", "geometry": {"type": "Point", "coordinates": [80.263749, 13.052389]}, "properties": {"stop_id": "rlRRFZPO", "stop_name": "Royapettah Police Station"}}, {"type": "Feature", "geometry": {"type": "Point", "coordinates": [80.154041, 13.198288]}, "properties": {"stop_id": "WwbQwfXi", "stop_name": "Rajakalam"}}, {"type": "Feature", "geometry": {"type": "Point", "coordinates": [80.268988, 13.053491]}, "properties": {"stop_id": "ErjukRDc", "stop_name": "Meersahibpet Market"}}, {"type": "Feature", "geometry": {"type": "Point", "coordinates": [80.182848, 12.899555]}, "properties": {"stop_id": "BGrlRyyC", "stop_name": "Vengaivasal Road Chithalapakkam"}}, {"type": "Feature", "geometry": {"type": "Point", "coordinates": [80.153922, 12.955504]}, "properties": {"stop_id": "vOKcaAnW", "stop_name": "Ganapathy Nagar"}}, {"type": "Feature", "geometry": {"type": "Point", "coordinates": [80.253126, 13.104907]}, "properties": {"stop_id": "bgWfLree", "stop_name": "Mettupalayam Pearmbur"}}, {"type": "Feature", "geometry": {"type": "Point", "coordinates": [80.242595, 13.121344]}, "properties": {"stop_id": "JuxzPRXN", "stop_name": "Don Bosco School"}}, {"type": "Feature", "geometry": {"type": "Point", "coordinates": [80.196466, 12.964795]}, "properties": {"stop_id": "zVMCvpDh", "stop_name": "Ponniamman Kovil Road Junction"}}, {"type": "Feature", "geometry": {"type": "Point", "coordinates": [80.199497, 12.853483]}, "properties": {"stop_id": "bjpXdchK", "stop_name": "Karanai Colony"}}, {"type": "Feature", "geometry": {"type": "Point", "coordinates": [80.145386, 12.712961]}, "properties": {"stop_id": "UHrZZaJI", "stop_name": "Madayathur"}}, {"type": "Feature", "geometry": {"type": "Point", "coordinates": [79.32386, 12.904747]}, "properties": {"stop_id": "aYYzuUOl", "stop_name": "Arcot"}}, {"type": "Feature", "geometry": {"type": "Point", "coordinates": [80.19939, 13.08527]}, "properties": {"stop_id": "tNTWUPxE", "stop_name": "Thirumangalam Or Sunguvarchattram"}}, {"type": "Feature", "geometry": {"type": "Point", "coordinates": [79.907518, 13.138741]}, "properties": {"stop_id": "CVPWCvNJ", "stop_name": "Thiruvallur"}}, {"type": "Feature", "geometry": {"type": "Point", "coordinates": [80.229041, 12.913498]}, "properties": {"stop_id": "ttVqQknl", "stop_name": "Karapakkam"}}, {"type": "Feature", "geometry": {"type": "Point", "coordinates": [80.277279, 13.116729]}, "properties": {"stop_id": "NgDeDdfx", "stop_name": "Korukkupet Bus Stand"}}, {"type": "Feature", "geometry": {"type": "Point", "coordinates": [80.230664, 13.136912]}, "properties": {"stop_id": "MjMnNBLG", "stop_name": "Kanagachathiram"}}, {"type": "Feature", "geometry": {"type": "Point", "coordinates": [80.001684, 13.161895]}, "properties": {"stop_id": "yEJgDNUp", "stop_name": "Krishna Kavaie"}}, {"type": "Feature", "geometry": {"type": "Point", "coordinates": [80.213611, 12.9725]}, "properties": {"stop_id": "vdldNLyU", "stop_name": "Ram Nagar"}}, {"type": "Feature", "geometry": {"type": "Point", "coordinates": [80.235551, 13.241198]}, "properties": {"stop_id": "IWkYeNgA", "stop_name": "Periamullaivoyal"}}, {"type": "Feature", "geometry": {"type": "Point", "coordinates": [80.210009, 12.977802]}, "properties": {"stop_id": "CTPkMihJ", "stop_name": "Ags 4Th Cross St"}}, {"type": "Feature", "geometry": {"type": "Point", "coordinates": [80.08726, 12.93935]}, "properties": {"stop_id": "aXBkDCtb", "stop_name": "Venkateshvara Nagar Darkash Salai"}}, {"type": "Feature", "geometry": {"type": "Point", "coordinates": [80.084838, 13.192336]}, "properties": {"stop_id": "EXDTntZv", "stop_name": "Bangarampettai"}}, {"type": "Feature", "geometry": {"type": "Point", "coordinates": [80.18379, 13.088111]}, "properties": {"stop_id": "FYonLsVT", "stop_name": "T S Krishna Nagar"}}, {"type": "Feature", "geometry": {"type": "Point", "coordinates": [80.254658, 13.097689]}, "properties": {"stop_id": "RHWjHSWx", "stop_name": "Dasa Mahan"}}, {"type": "Feature", "geometry": {"type": "Point", "coordinates": [79.95081, 12.968678]}, "properties": {"stop_id": "bAUDGUNb", "stop_name": "Sriperumbudur Theradi"}}, {"type": "Feature", "geometry": {"type": "Point", "coordinates": [80.152499, 13.070395]}, "properties": {"stop_id": "HFKGyjhH", "stop_name": "Ayanambakkam Tea Stall"}}, {"type": "Feature", "geometry": {"type": "Point", "coordinates": [80.135315, 12.97437]}, "properties": {"stop_id": "BGChynOq", "stop_name": "Pammal"}}, {"type": "Feature", "geometry": {"type": "Point", "coordinates": [80.246132, 13.035279]}, "properties": {"stop_id": "HvQMjFdy", "stop_name": "S I E T College"}}, {"type": "Feature", "geometry": {"type": "Point", "coordinates": [80.268408, 13.098252]}, "properties": {"stop_id": "jOxyxYyy", "stop_name": "Power House Basin Bridge"}}, {"type": "Feature", "geometry": {"type": "Point", "coordinates": [80.052858, 12.978174]}, "properties": {"stop_id": "fDeHEcoN", "stop_name": "Annai Anjugam Nagar"}}, {"type": "Feature", "geometry": {"type": "Point", "coordinates": [80.228424, 13.024421]}, "properties": {"stop_id": "yNIUaSyZ", "stop_name": "Thadandar Nagar"}}, {"type": "Feature", "geometry": {"type": "Point", "coordinates": [80.175371, 12.616838]}, "properties": {"stop_id": "vBjvcVSA", "stop_name": "Poonjeri"}}, {"type": "Feature", "geometry": {"type": "Point", "coordinates": [80.18238, 12.935101]}, "properties": {"stop_id": "zQfdkFQV", "stop_name": "Vadakkupattu"}}, {"type": "Feature", "geometry": {"type": "Point", "coordinates": [80.233085, 13.04726]}, "properties": {"stop_id": "NgBSBxMr", "stop_name": "Viveks And Company"}}, {"type": "Feature", "geometry": {"type": "Point", "coordinates": [80.252717, 13.102584]}, "properties": {"stop_id": "dulnZXnF", "stop_name": "Binny Mill Canteen"}}, {"type": "Feature", "geometry": {"type": "Point", "coordinates": [80.15461, 13.047117]}, "properties": {"stop_id": "fqxuGExF", "stop_name": "Ambedkar Statu Mettukuppam"}}, {"type": "Feature", "geometry": {"type": "Point", "coordinates": [80.1965, 13.120425]}, "properties": {"stop_id": "kMLkbKUX", "stop_name": "Parthasarathy Street"}}, {"type": "Feature", "geometry": {"type": "Point", "coordinates": [80.09679, 12.998872]}, "properties": {"stop_id": "mhYSfvAq", "stop_name": "Theradi"}}, {"type": "Feature", "geometry": {"type": "Point", "coordinates": [80.113388, 12.962202]}, "properties": {"stop_id": "vcQVCkqQ", "stop_name": "Thiruneermalai 2"}}, {"type": "Feature", "geometry": {"type": "Point", "coordinates": [80.186947, 12.955958]}, "properties": {"stop_id": "XHLHCkqn", "stop_name": "Kilkattalai"}}, {"type": "Feature", "geometry": {"type": "Point", "coordinates": [80.099511, 13.003587]}, "properties": {"stop_id": "CuIFmOPZ", "stop_name": "Kundrathur Nalu Road Or Kolachery Junction"}}, {"type": "Feature", "geometry": {"type": "Point", "coordinates": [80.199941, 13.158642]}, "properties": {"stop_id": "XNUmFqNT", "stop_name": "Screw Factory"}}, {"type": "Feature", "geometry": {"type": "Point", "coordinates": [80.071457, 12.914434]}, "properties": {"stop_id": "CRypXqTk", "stop_name": "Attai Company"}}, {"type": "Feature", "geometry": {"type": "Point", "coordinates": [80.249464, 13.006934]}, "properties": {"stop_id": "UfJDroVz", "stop_name": "Adyar Gandhi Nagar"}}, {"type": "Feature", "geometry": {"type": "Point", "coordinates": [80.132451, 13.098752]}, "properties": {"stop_id": "JrYMJUzx", "stop_name": "Ayapakkam Water Tank"}}, {"type": "Feature", "geometry": {"type": "Point", "coordinates": [80.094365, 13.376513]}, "properties": {"stop_id": "GWRhXmMO", "stop_name": "Getnamalli"}}, {"type": "Feature", "geometry": {"type": "Point", "coordinates": [80.245574, 13.03964]}, "properties": {"stop_id": "tTrMaEIS", "stop_name": "Aalayamman Temple"}}, {"type": "Feature", "geometry": {"type": "Point", "coordinates": [80.196197, 13.119311]}, "properties": {"stop_id": "REXhdYUf", "stop_name": "Bathmavathy Nagar Main Road"}}, {"type": "Feature", "geometry": {"type": "Point", "coordinates": [80.219397, 13.145201]}, "properties": {"stop_id": "DalDuuww", "stop_name": "Madhavaram Rountana"}}, {"type": "Feature", "geometry": {"type": "Point", "coordinates": [80.239994, 13.006792]}, "properties": {"stop_id": "knCDNjnp", "stop_name": "IIT Madras Or Guindy National Park"}}, {"type": "Feature", "geometry": {"type": "Point", "coordinates": [80.162917, 12.929333]}, "properties": {"stop_id": "kOgbwYhI", "stop_name": "Navagraha Vinayagar Temple"}}, {"type": "Feature", "geometry": {"type": "Point", "coordinates": [80.266803, 13.036996]}, "properties": {"stop_id": "DvHSShZC", "stop_name": "Luz Corner"}}, {"type": "Feature", "geometry": {"type": "Point", "coordinates": [80.003489, 12.986448]}, "properties": {"stop_id": "bcUUnVnT", "stop_name": "Kattrambakkam SIPCOT"}}, {"type": "Feature", "geometry": {"type": "Point", "coordinates": [80.21546, 13.134162]}, "properties": {"stop_id": "uDcoTtDr", "stop_name": "Retteri Junction"}}, {"type": "Feature", "geometry": {"type": "Point", "coordinates": [80.157253, 12.733783]}, "properties": {"stop_id": "yRZHSCWE", "stop_name": "Illalur"}}, {"type": "Feature", "geometry": {"type": "Point", "coordinates": [80.158487, 12.903403]}, "properties": {"stop_id": "CzpmKAbC", "stop_name": "Kozhi Pannai"}}, {"type": "Feature", "geometry": {"type": "Point", "coordinates": [80.096007, 13.1194]}, "properties": {"stop_id": "SGnJOquj", "stop_name": "Avadi Check Post"}}, {"type": "Feature", "geometry": {"type": "Point", "coordinates": [80.056592, 13.055539]}, "properties": {"stop_id": "XsvFZXJo", "stop_name": "Thirumazhisai Bus Stand"}}, {"type": "Feature", "geometry": {"type": "Point", "coordinates": [79.880289, 12.925931]}, "properties": {"stop_id": "rNCpaLXo", "stop_name": "Sunguvarchatram"}}, {"type": "Feature", "geometry": {"type": "Point", "coordinates": [80.2546, 13.083658]}, "properties": {"stop_id": "xkdRvtRu", "stop_name": "Purasaivakkam Tank"}}, {"type": "Feature", "geometry": {"type": "Point", "coordinates": [80.203807, 12.811144]}, "properties": {"stop_id": "ashRAirR", "stop_name": "Pudupakkam"}}, {"type": "Feature", "geometry": {"type": "Point", "coordinates": [80.012334, 12.884493]}, "properties": {"stop_id": "jobllKUJ", "stop_name": "Salamangalam"}}, {"type": "Feature", "geometry": {"type": "Point", "coordinates": [80.226375, 12.71427]}, "properties": {"stop_id": "WBGMFkPq", "stop_name": "Perur Colony"}}, {"type": "Feature", "geometry": {"type": "Point", "coordinates": [80.194691, 12.628471]}, "properties": {"stop_id": "wdZlcJUN", "stop_name": "Mamallapuram E C R"}}, {"type": "Feature", "geometry": {"type": "Point", "coordinates": [80.183827, 12.920351]}, "properties": {"stop_id": "NnzcSqlk", "stop_name": "Medavakkam Koot Road"}}, {"type": "Feature", "geometry": {"type": "Point", "coordinates": [79.401051, 12.910831]}, "properties": {"stop_id": "YrCeLzau", "stop_name": "Wallaja Toll Plaza"}}, {"type": "Feature", "geometry": {"type": "Point", "coordinates": [80.209649, 13.135585]}, "properties": {"stop_id": "JVRJClPS", "stop_name": "Secretary Colony"}}, {"type": "Feature", "geometry": {"type": "Point", "coordinates": [79.908715, 13.143695]}, "properties": {"stop_id": "bLWPtAll", "stop_name": "Theradi"}}, {"type": "Feature", "geometry": {"type": "Point", "coordinates": [80.108536, 13.08684]}, "properties": {"stop_id": "AayEawbi", "stop_name": "Paruthipattu Road Junction"}}, {"type": "Feature", "geometry": {"type": "Point", "coordinates": [80.256309, 13.000748]}, "properties": {"stop_id": "MvaVVzVx", "stop_name": "BSNL Telephone Exchange"}}, {"type": "Feature", "geometry": {"type": "Point", "coordinates": [80.27386, 13.236677]}, "properties": {"stop_id": "qJgsxHch", "stop_name": "Kondakarai"}}, {"type": "Feature", "geometry": {"type": "Point", "coordinates": [80.111762, 13.288067]}, "properties": {"stop_id": "jkZnMKOY", "stop_name": "Amindanallur"}}, {"type": "Feature", "geometry": {"type": "Point", "coordinates": [80.19888, 12.90765]}, "properties": {"stop_id": "LsuNFzpq", "stop_name": "Perumbakkam"}}, {"type": "Feature", "geometry": {"type": "Point", "coordinates": [80.030121, 13.028297]}, "properties": {"stop_id": "uuLXjUrY", "stop_name": "Queensland"}}, {"type": "Feature", "geometry": {"type": "Point", "coordinates": [80.234095, 13.143618]}, "properties": {"stop_id": "ldInPGbn", "stop_name": "Vathiyar Thottam"}}, {"type": "Feature", "geometry": {"type": "Point", "coordinates": [80.029218, 13.119502]}, "properties": {"stop_id": "TvILSVoy", "stop_name": "Government School"}}, {"type": "Feature", "geometry": {"type": "Point", "coordinates": [80.095511, 12.969305]}, "properties": {"stop_id": "QZMOUeIv", "stop_name": "Sidco Kunrathur"}}, {"type": "Feature", "geometry": {"type": "Point", "coordinates": [80.184086, 12.901988]}, "properties": {"stop_id": "wTVyxBBy", "stop_name": "Gold Winner"}}, {"type": "Feature", "geometry": {"type": "Point", "coordinates": [80.197982, 13.008673]}, "properties": {"stop_id": "IoxYvxeH", "stop_name": "Butt Road"}}, {"type": "Feature", "geometry": {"type": "Point", "coordinates": [80.202558, 13.123602]}, "properties": {"stop_id": "FyIjwLBj", "stop_name": "Senthil Nagar"}}, {"type": "Feature", "geometry": {"type": "Point", "coordinates": [79.999152, 13.158398]}, "properties": {"stop_id": "JPPpoTSL", "stop_name": "Sivanvayol Tank"}}, {"type": "Feature", "geometry": {"type": "Point", "coordinates": [80.181453, 13.072686]}, "properties": {"stop_id": "KrfyXGJm", "stop_name": "Mookambikai Dental Collage"}}, {"type": "Feature", "geometry": {"type": "Point", "coordinates": [80.261369, 13.400409]}, "properties": {"stop_id": "KvSvcvIL", "stop_name": "Kattur Cross Road"}}, {"type": "Feature", "geometry": {"type": "Point", "coordinates": [80.074986, 12.994449]}, "properties": {"stop_id": "aIrbaHhk", "stop_name": "Sirukalathur Kozhi Pannai"}}, {"type": "Feature", "geometry": {"type": "Point", "coordinates": [80.277811, 13.316561]}, "properties": {"stop_id": "SbpvwGMk", "stop_name": "Vaayalur Colony"}}, {"type": "Feature", "geometry": {"type": "Point", "coordinates": [80.244852, 13.047746]}, "properties": {"stop_id": "RiVtboFJ", "stop_name": "Bharathirajaa Hospital"}}, {"type": "Feature", "geometry": {"type": "Point", "coordinates": [80.177817, 12.719287]}, "properties": {"stop_id": "aFNbJDFF", "stop_name": "Manamathi Koot Road"}}, {"type": "Feature", "geometry": {"type": "Point", "coordinates": [80.169096, 12.897604]}, "properties": {"stop_id": "gKNaWgzA", "stop_name": "Manickam Nagar Or MLA Office"}}, {"type": "Feature", "geometry": {"type": "Point", "coordinates": [80.044254, 13.179948]}, "properties": {"stop_id": "LXkzXiZv", "stop_name": "Kilkondaiyur"}}, {"type": "Feature", "geometry": {"type": "Point", "coordinates": [80.219392, 13.096362]}, "properties": {"stop_id": "wvKdtztS", "stop_name": "Gandhi Nagar Hospital"}}, {"type": "Feature", "geometry": {"type": "Point", "coordinates": [80.174194, 12.862848]}, "properties": {"stop_id": "ITgXIjdb", "stop_name": "Ponmar Colony"}}, {"type": "Feature", "geometry": {"type": "Point", "coordinates": [80.173684, 13.133246]}, "properties": {"stop_id": "UckYThSh", "stop_name": "Kallikuppam Tea Kadai Bus Stop"}}, {"type": "Feature", "geometry": {"type": "Point", "coordinates": [80.181504, 12.977897]}, "properties": {"stop_id": "kVypOvQA", "stop_name": "Nanganallur Bus Terminus"}}, {"type": "Feature", "geometry": {"type": "Point", "coordinates": [80.240121, 13.05887]}, "properties": {"stop_id": "zfZPgPol", "stop_name": "Pushpa Nagar"}}, {"type": "Feature", "geometry": {"type": "Point", "coordinates": [80.276184, 13.07548]}, "properties": {"stop_id": "NQaaFyOm", "stop_name": "Pallavan Salai"}}, {"type": "Feature", "geometry": {"type": "Point", "coordinates": [80.079609, 13.119262]}, "properties": {"stop_id": "dZoxKDmD", "stop_name": "Sekkadu"}}, {"type": "Feature", "geometry": {"type": "Point", "coordinates": [79.949995, 12.954618]}, "properties": {"stop_id": "KrLSLIZd", "stop_name": "Mariyamman Kovil"}}, {"type": "Feature", "geometry": {"type": "Point", "coordinates": [80.104312, 12.925483]}, "properties": {"stop_id": "RabBrvbh", "stop_name": "Kulakkarai Bus Stop"}}, {"type": "Feature", "geometry": {"type": "Point", "coordinates": [80.251074, 12.924759]}, "properties": {"stop_id": "YBtfPRlp", "stop_name": "Bethal Nagar"}}, {"type": "Feature", "geometry": {"type": "Point", "coordinates": [79.99682, 13.124864]}, "properties": {"stop_id": "WHGPMVcf", "stop_name": "Veppampet Bus Stop"}}, {"type": "Feature", "geometry": {"type": "Point", "coordinates": [80.188475, 12.886384]}, "properties": {"stop_id": "aBKtLgYB", "stop_name": "Indira Nagar Chithalapakkam"}}, {"type": "Feature", "geometry": {"type": "Point", "coordinates": [80.255097, 12.950636]}, "properties": {"stop_id": "wGTdgRcU", "stop_name": "Nellankarai"}}, {"type": "Feature", "geometry": {"type": "Point", "coordinates": [80.114393, 12.992646]}, "properties": {"stop_id": "sSUdZsSb", "stop_name": "Manacherry"}}, {"type": "Feature", "geometry": {"type": "Point", "coordinates": [79.973279, 13.021315]}, "properties": {"stop_id": "mmqTHjuO", "stop_name": "Valarpuram"}}, {"type": "Feature", "geometry": {"type": "Point", "coordinates": [80.259008, 12.976763]}, "properties": {"stop_id": "QPpuxtew", "stop_name": "Thiruvalluvar Nagar RTO"}}, {"type": "Feature", "geometry": {"type": "Point", "coordinates": [80.169071, 13.217272]}, "properties": {"stop_id": "AUrIxxcC", "stop_name": "Semilivaram Or Nallur Toll Plaza"}}, {"type": "Feature", "geometry": {"type": "Point", "coordinates": [80.134905, 13.262901]}, "properties": {"stop_id": "UlmLxwtK", "stop_name": "Pandikavanur"}}, {"type": "Feature", "geometry": {"type": "Point", "coordinates": [80.326791, 13.227093]}, "properties": {"stop_id": "XCXPEDQh", "stop_name": "Thazhan Kuppam"}}, {"type": "Feature", "geometry": {"type": "Point", "coordinates": [80.124384, 12.810657]}, "properties": {"stop_id": "OZSLHXCc", "stop_name": "Melakottaiyur Or Meetupalayam"}}, {"type": "Feature", "geometry": {"type": "Point", "coordinates": [80.302863, 13.161938]}, "properties": {"stop_id": "yrRBvFtZ", "stop_name": "Thiruvotriyur Temple"}}, {"type": "Feature", "geometry": {"type": "Point", "coordinates": [80.218348, 12.987262]}, "properties": {"stop_id": "IfDrXrwx", "stop_name": "Velachery Erikarai"}}, {"type": "Feature", "geometry": {"type": "Point", "coordinates": [80.269421, 13.1969]}, "properties": {"stop_id": "KMLNQwjh", "stop_name": "Dwarka Nagar Elementary School"}}, {"type": "Feature", "geometry": {"type": "Point", "coordinates": [80.202548, 12.929167]}, "properties": {"stop_id": "AKaXSKPc", "stop_name": "Oil Mill"}}, {"type": "Feature", "geometry": {"type": "Point", "coordinates": [80.070615, 13.045619]}, "properties": {"stop_id": "ZqOseExI", "stop_name": "Nazarathpet Police Check Post"}}, {"type": "Feature", "geometry": {"type": "Point", "coordinates": [80.143447, 12.956566]}, "properties": {"stop_id": "BZCtSmhk", "stop_name": "Saravana Store Chromepet"}}, {"type": "Feature", "geometry": {"type": "Point", "coordinates": [80.135383, 13.386428]}, "properties": {"stop_id": "ltPLChrK", "stop_name": "Verkadu"}}, {"type": "Feature", "geometry": {"type": "Point", "coordinates": [80.274099, 13.23074]}, "properties": {"stop_id": "cYArvsJE", "stop_name": "Vellivoyalchavadi"}}, {"type": "Feature", "geometry": {"type": "Point", "coordinates": [80.243375, 12.788393]}, "properties": {"stop_id": "yOopALph", "stop_name": "Kovalam"}}, {"type": "Feature", "geometry": {"type": "Point", "coordinates": [80.038031, 13.14501]}, "properties": {"stop_id": "wpHpdxFs", "stop_name": "Sri Pathi Nagar"}}, {"type": "Feature", "geometry": {"type": "Point", "coordinates": [80.265509, 13.111387]}, "properties": {"stop_id": "yYpbeRpJ", "stop_name": "Vyasarpadi"}}, {"type": "Feature", "geometry": {"type": "Point", "coordinates": [80.143042, 13.036524]}, "properties": {"stop_id": "mSXRukCc", "stop_name": "Ramachandra Hospital"}}, {"type": "Feature", "geometry": {"type": "Point", "coordinates": [80.1345, 12.944099]}, "properties": {"stop_id": "vyojaKRU", "stop_name": "TB Hospital"}}, {"type": "Feature", "geometry": {"type": "Point", "coordinates": [80.212294, 13.004588]}, "properties": {"stop_id": "GiONHkbf", "stop_name": "Maduvankarai"}}, {"type": "Feature", "geometry": {"type": "Point", "coordinates": [80.209469, 12.977987]}, "properties": {"stop_id": "hHvKehYu", "stop_name": "Ags Colony"}}, {"type": "Feature", "geometry": {"type": "Point", "coordinates": [80.167144, 12.897829]}, "properties": {"stop_id": "mTKelVZs", "stop_name": "Noothencheri"}}, {"type": "Feature", "geometry": {"type": "Point", "coordinates": [80.23547, 13.176436]}, "properties": {"stop_id": "dmAPiPeK", "stop_name": "Kossapur School"}}, {"type": "Feature", "geometry": {"type": "Point", "coordinates": [79.887209, 13.021032]}, "properties": {"stop_id": "uBeHrtVj", "stop_name": "Gandhipet"}}, {"type": "Feature", "geometry": {"type": "Point", "coordinates": [80.216969, 13.092247]}, "properties": {"stop_id": "ZENVichq", "stop_name": "South Colony"}}, {"type": "Feature", "geometry": {"type": "Point", "coordinates": [80.220439, 12.786695]}, "properties": {"stop_id": "ngtiheSM", "stop_name": "Kelambakkmm General Hospital"}}, {"type": "Feature", "geometry": {"type": "Point", "coordinates": [80.07735, 12.915439]}, "properties": {"stop_id": "KbKyxild", "stop_name": "Madanapuram"}}, {"type": "Feature", "geometry": {"type": "Point", "coordinates": [80.077109, 12.9625]}, "properties": {"stop_id": "qABWMceE", "stop_name": "Pazhanthandalam Road Junction"}}, {"type": "Feature", "geometry": {"type": "Point", "coordinates": [80.143405, 13.334952]}, "properties": {"stop_id": "vpSWiOiP", "stop_name": "Puduvayal"}}, {"type": "Feature", "geometry": {"type": "Point", "coordinates": [80.241182, 12.85189]}, "properties": {"stop_id": "WDOOnJlC", "stop_name": "Kanathur"}}, {"type": "Feature", "geometry": {"type": "Point", "coordinates": [80.221318, 12.975765]}, "properties": {"stop_id": "IvXmMOhB", "stop_name": "Velachery"}}, {"type": "Feature", "geometry": {"type": "Point", "coordinates": [80.241768, 13.083073]}, "properties": {"stop_id": "MzWshIAL", "stop_name": "Mummy Daddy"}}, {"type": "Feature", "geometry": {"type": "Point", "coordinates": [80.282752, 13.061416]}, "properties": {"stop_id": "FTwVCxQy", "stop_name": "Marina Beach"}}, {"type": "Feature", "geometry": {"type": "Point", "coordinates": [80.045389, 12.9742]}, "properties": {"stop_id": "vztyQdds", "stop_name": "Puthuper"}}, {"type": "Feature", "geometry": {"type": "Point", "coordinates": [80.073801, 13.119135]}, "properties": {"stop_id": "FoxIDeQY", "stop_name": "Hindu College"}}, {"type": "Feature", "geometry": {"type": "Point", "coordinates": [80.138705, 12.937296]}, "properties": {"stop_id": "ZnZTVhpc", "stop_name": "Varadharaja Theatre"}}, {"type": "Feature", "geometry": {"type": "Point", "coordinates": [80.28389, 13.088206]}, "properties": {"stop_id": "EkWBPXmr", "stop_name": "Broadway"}}, {"type": "Feature", "geometry": {"type": "Point", "coordinates": [80.200503, 13.069209]}, "properties": {"stop_id": "CrcsXCbZ", "stop_name": "Koyambedu Market Or Police Station"}}, {"type": "Feature", "geometry": {"type": "Point", "coordinates": [80.290228, 13.118986]}, "properties": {"stop_id": "tHIoZtFE", "stop_name": "Rainy Hospital"}}, {"type": "Feature", "geometry": {"type": "Point", "coordinates": [80.231495, 13.116199]}, "properties": {"stop_id": "qqQgwpPP", "stop_name": "Peravallur"}}, {"type": "Feature", "geometry": {"type": "Point", "coordinates": [80.100845, 12.90243]}, "properties": {"stop_id": "HlhFjJtZ", "stop_name": "Kodikambam"}}, {"type": "Feature", "geometry": {"type": "Point", "coordinates": [80.13265, 12.960358]}, "properties": {"stop_id": "lzHXrFnu", "stop_name": "Jones"}}, {"type": "Feature", "geometry": {"type": "Point", "coordinates": [80.235617, 13.034364]}, "properties": {"stop_id": "NFETpHWK", "stop_name": "Burkit Road"}}, {"type": "Feature", "geometry": {"type": "Point", "coordinates": [79.972383, 12.854585]}, "properties": {"stop_id": "rlqCduIq", "stop_name": "Navalur SCB 1"}}, {"type": "Feature", "geometry": {"type": "Point", "coordinates": [80.083611, 13.092594]}, "properties": {"stop_id": "RjRljmKl", "stop_name": "Ayalchery"}}, {"type": "Feature", "geometry": {"type": "Point", "coordinates": [80.154984, 12.923375]}, "properties": {"stop_id": "IulxyPoH", "stop_name": "Kamarajapuram Camp Road"}}, {"type": "Feature", "geometry": {"type": "Point", "coordinates": [80.155636, 12.948711]}, "properties": {"stop_id": "nhwTsEoX", "stop_name": "Padavettamman Koil"}}, {"type": "Feature", "geometry": {"type": "Point", "coordinates": [80.198421, 13.087034]}, "properties": {"stop_id": "YtrqvWdf", "stop_name": "Thirumangalam EB Office"}}, {"type": "Feature", "geometry": {"type": "Point", "coordinates": [79.878005, 12.828608]}, "properties": {"stop_id": "VgroZBKv", "stop_name": "Thalayampattu"}}, {"type": "Feature", "geometry": {"type": "Point", "coordinates": [80.189027, 13.331875]}, "properties": {"stop_id": "JalqBTeK", "stop_name": "Ponneri Petrol Bunk"}}, {"type": "Feature", "geometry": {"type": "Point", "coordinates": [80.194019, 12.774639]}, "properties": {"stop_id": "fkorQYac", "stop_name": "Thaiyur"}}, {"type": "Feature", "geometry": {"type": "Point", "coordinates": [80.091495, 13.172775]}, "properties": {"stop_id": "ZzGQqLDR", "stop_name": "Moorai Anna Nagar"}}, {"type": "Feature", "geometry": {"type": "Point", "coordinates": [79.9503, 13.192213]}, "properties": {"stop_id": "mSljWdzX", "stop_name": "Moolakkarai"}}, {"type": "Feature", "geometry": {"type": "Point", "coordinates": [80.259652, 13.099842]}, "properties": {"stop_id": "MlQcmexA", "stop_name": "Pulianthope Police station P1"}}, {"type": "Feature", "geometry": {"type": "Point", "coordinates": [80.13202, 13.151214]}, "properties": {"stop_id": "kpWRWDUl", "stop_name": "Siva Garden"}}, {"type": "Feature", "geometry": {"type": "Point", "coordinates": [80.174183, 12.95142]}, "properties": {"stop_id": "NNeqXfIi", "stop_name": "Perumal Nagar"}}, {"type": "Feature", "geometry": {"type": "Point", "coordinates": [79.308626, 12.761651]}, "properties": {"stop_id": "LqWmEOho", "stop_name": "Tamaraipakkam"}}, {"type": "Feature", "geometry": {"type": "Point", "coordinates": [80.086665, 12.801484]}, "properties": {"stop_id": "knEDXVsi", "stop_name": "Kannivaakam"}}, {"type": "Feature", "geometry": {"type": "Point", "coordinates": [80.185521, 13.142482]}, "properties": {"stop_id": "ULMVzkWs", "stop_name": "Sivaprakasam Nagar"}}, {"type": "Feature", "geometry": {"type": "Point", "coordinates": [80.186242, 13.489862]}, "properties": {"stop_id": "rDrqCYRb", "stop_name": "Chinna Mangodu"}}, {"type": "Feature", "geometry": {"type": "Point", "coordinates": [80.239782, 13.145521]}, "properties": {"stop_id": "ojINhgSe", "stop_name": "Arul Nagar"}}, {"type": "Feature", "geometry": {"type": "Point", "coordinates": [80.298323, 13.158781]}, "properties": {"stop_id": "OSkPauJr", "stop_name": "Maattu Mandai Or KGL"}}, {"type": "Feature", "geometry": {"type": "Point", "coordinates": [80.251867, 13.100405]}, "properties": {"stop_id": "mWygMrMb", "stop_name": "Otteri Police Station"}}, {"type": "Feature", "geometry": {"type": "Point", "coordinates": [80.04359, 13.124952]}, "properties": {"stop_id": "UvdLYolu", "stop_name": "Jaya College"}}, {"type": "Feature", "geometry": {"type": "Point", "coordinates": [80.11892, 13.125956]}, "properties": {"stop_id": "vIPMUZxJ", "stop_name": "Murugappa Polytechnic"}}, {"type": "Feature", "geometry": {"type": "Point", "coordinates": [80.241231, 12.95104]}, "properties": {"stop_id": "FaHpkwNs", "stop_name": "Seevaram"}}, {"type": "Feature", "geometry": {"type": "Point", "coordinates": [80.219079, 13.201497]}, "properties": {"stop_id": "pobpsCoK", "stop_name": "Nagathamman Kovil"}}, {"type": "Feature", "geometry": {"type": "Point", "coordinates": [80.05655, 13.139245]}, "properties": {"stop_id": "kKaTqilr", "stop_name": "Karimedu"}}, {"type": "Feature", "geometry": {"type": "Point", "coordinates": [79.308655, 12.76163]}, "properties": {"stop_id": "jclWPsvP", "stop_name": "Tamaraipakkam"}}, {"type": "Feature", "geometry": {"type": "Point", "coordinates": [80.066344, 12.905696]}, "properties": {"stop_id": "KhQckqci", "stop_name": "Lakshmi Nagar"}}, {"type": "Feature", "geometry": {"type": "Point", "coordinates": [79.888222, 12.929164]}, "properties": {"stop_id": "BAePGsuO", "stop_name": "Thirumangalam"}}, {"type": "Feature", "geometry": {"type": "Point", "coordinates": [80.022252, 13.081505]}, "properties": {"stop_id": "UgnVLYPx", "stop_name": "Jamin Korattur"}}, {"type": "Feature", "geometry": {"type": "Point", "coordinates": [80.229864, 13.099703]}, "properties": {"stop_id": "VhgapMoa", "stop_name": "Joint Office"}}, {"type": "Feature", "geometry": {"type": "Point", "coordinates": [80.123723, 13.010994]}, "properties": {"stop_id": "fjFZwaYy", "stop_name": "Chekkady"}}, {"type": "Feature", "geometry": {"type": "Point", "coordinates": [80.260159, 13.278992]}, "properties": {"stop_id": "sceVWPKZ", "stop_name": "Minjur Market"}}, {"type": "Feature", "geometry": {"type": "Point", "coordinates": [80.264728, 13.057253]}, "properties": {"stop_id": "ZpgoacOO", "stop_name": "Westly School"}}, {"type": "Feature", "geometry": {"type": "Point", "coordinates": [80.150208, 12.714064]}, "properties": {"stop_id": "XYPsfiKq", "stop_name": "Illalur Junction"}}, {"type": "Feature", "geometry": {"type": "Point", "coordinates": [80.313017, 13.200075]}, "properties": {"stop_id": "DacXSoOC", "stop_name": "E T P S"}}, {"type": "Feature", "geometry": {"type": "Point", "coordinates": [80.255423, 12.958366]}, "properties": {"stop_id": "ZsSjTAXN", "stop_name": "Saint Anthony Church or Palavakkam"}}, {"type": "Feature", "geometry": {"type": "Point", "coordinates": [80.108253, 13.098467]}, "properties": {"stop_id": "STKMtPtJ", "stop_name": "Govardanagiri"}}, {"type": "Feature", "geometry": {"type": "Point", "coordinates": [80.150057, 12.865523]}, "properties": {"stop_id": "fdjgUDEy", "stop_name": "Vengadamangalam  Villege"}}, {"type": "Feature", "geometry": {"type": "Point", "coordinates": [80.20818, 12.944287]}, "properties": {"stop_id": "DgJlPOry", "stop_name": "Balaji Dental College"}}, {"type": "Feature", "geometry": {"type": "Point", "coordinates": [80.192014, 12.982867]}, "properties": {"stop_id": "yoveVXvd", "stop_name": "Anjaneyar Pillaiar Kovil"}}, {"type": "Feature", "geometry": {"type": "Point", "coordinates": [80.165316, 13.131879]}, "properties": {"stop_id": "dAjqsFfg", "stop_name": "Wireless Company"}}, {"type": "Feature", "geometry": {"type": "Point", "coordinates": [80.230953, 13.034982]}, "properties": {"stop_id": "zqCmVtrb", "stop_name": "Thiyagaraya Nagar Bus Depot"}}, {"type": "Feature", "geometry": {"type": "Point", "coordinates": [80.186811, 12.956129]}, "properties": {"stop_id": "aQxdJxqw", "stop_name": "Kilkattalai"}}, {"type": "Feature", "geometry": {"type": "Point", "coordinates": [80.103772, 12.997904]}, "properties": {"stop_id": "SsTrbdxo", "stop_name": "Pillayar Kovil Or Manancheri"}}, {"type": "Feature", "geometry": {"type": "Point", "coordinates": [80.026686, 13.228699]}, "properties": {"stop_id": "wRYiQgEn", "stop_name": "Anaikattu"}}, {"type": "Feature", "geometry": {"type": "Point", "coordinates": [80.155737, 13.425117]}, "properties": {"stop_id": "iBcazcLz", "stop_name": "Vazhuthalambedu 2"}}, {"type": "Feature", "geometry": {"type": "Point", "coordinates": [80.15299, 12.784991]}, "properties": {"stop_id": "CFKdtsYk", "stop_name": "Kayar Eachangadu"}}, {"type": "Feature", "geometry": {"type": "Point", "coordinates": [79.972056, 12.854647]}, "properties": {"stop_id": "MnGOlshE", "stop_name": "Vattambakkam Govt School"}}, {"type": "Feature", "geometry": {"type": "Point", "coordinates": [80.210984, 12.879585]}, "properties": {"stop_id": "zvByLoIK", "stop_name": "Chemmenchery Arch"}}, {"type": "Feature", "geometry": {"type": "Point", "coordinates": [80.167246, 12.906483]}, "properties": {"stop_id": "qQFDKzdu", "stop_name": "Vengaivasal PH Centre"}}, {"type": "Feature", "geometry": {"type": "Point", "coordinates": [80.250368, 12.9743]}, "properties": {"stop_id": "MtINPaKl", "stop_name": "I G P"}}, {"type": "Feature", "geometry": {"type": "Point", "coordinates": [80.255727, 13.038211]}, "properties": {"stop_id": "bLzlxnwB", "stop_name": "Fci Old"}}, {"type": "Feature", "geometry": {"type": "Point", "coordinates": [80.243709, 13.029575]}, "properties": {"stop_id": "ZaBRaevd", "stop_name": "Chamiers Road Or Venkateswara Hospital"}}, {"type": "Feature", "geometry": {"type": "Point", "coordinates": [80.263616, 13.080345]}, "properties": {"stop_id": "xewbkqhz", "stop_name": "Thinathanthi"}}, {"type": "Feature", "geometry": {"type": "Point", "coordinates": [80.046944, 12.894367]}, "properties": {"stop_id": "FdzHSswJ", "stop_name": "Karasangal"}}, {"type": "Feature", "geometry": {"type": "Point", "coordinates": [80.063137, 13.115867]}, "properties": {"stop_id": "PRzaSxQc", "stop_name": "Thandurai"}}, {"type": "Feature", "geometry": {"type": "Point", "coordinates": [80.306085, 13.175109]}, "properties": {"stop_id": "CKNrjFUU", "stop_name": "Thiruvottiyur Bus Stand"}}, {"type": "Feature", "geometry": {"type": "Point", "coordinates": [80.256486, 13.000734]}, "properties": {"stop_id": "UFoaQvGg", "stop_name": "BSNL Telephone Exchange"}}, {"type": "Feature", "geometry": {"type": "Point", "coordinates": [80.267611, 13.036619]}, "properties": {"stop_id": "FYNyHfeM", "stop_name": "Mylapore"}}, {"type": "Feature", "geometry": {"type": "Point", "coordinates": [80.14215, 12.747551]}, "properties": {"stop_id": "BSlPgNeK", "stop_name": "Venbedu"}}, {"type": "Feature", "geometry": {"type": "Point", "coordinates": [80.170671, 12.876482]}, "properties": {"stop_id": "pnYEWPBG", "stop_name": "Kandigai Junction"}}, {"type": "Feature", "geometry": {"type": "Point", "coordinates": [80.148554, 13.099429]}, "properties": {"stop_id": "pkhwWQVf", "stop_name": "Cycle Kadai"}}, {"type": "Feature", "geometry": {"type": "Point", "coordinates": [80.101485, 12.871585]}, "properties": {"stop_id": "vkArqzKY", "stop_name": "Anna Nagar Colony"}}, {"type": "Feature", "geometry": {"type": "Point", "coordinates": [80.252374, 12.988092]}, "properties": {"stop_id": "WRVBvtIE", "stop_name": "Tidel Park"}}, {"type": "Feature", "geometry": {"type": "Point", "coordinates": [79.826732, 13.029586]}, "properties": {"stop_id": "FXZSvJoP", "stop_name": "Covam"}}, {"type": "Feature", "geometry": {"type": "Point", "coordinates": [79.914029, 13.04828]}, "properties": {"stop_id": "wFiJapOA", "stop_name": "Vishwaksena Arts and Science College"}}, {"type": "Feature", "geometry": {"type": "Point", "coordinates": [79.966418, 13.14569]}, "properties": {"stop_id": "TQpFrPqQ", "stop_name": "Kilambakkam Junction"}}, {"type": "Feature", "geometry": {"type": "Point", "coordinates": [80.129946, 13.202735]}, "properties": {"stop_id": "SrmEoNnE", "stop_name": "Eswaran Temple"}}, {"type": "Feature", "geometry": {"type": "Point", "coordinates": [80.313776, 13.41478]}, "properties": {"stop_id": "FvRjKBvU", "stop_name": "Pulicat Bus Stand Pazhaverkadu"}}, {"type": "Feature", "geometry": {"type": "Point", "coordinates": [80.140924, 12.890798]}, "properties": {"stop_id": "seSDLBYx", "stop_name": "Meppadu Hospital"}}, {"type": "Feature", "geometry": {"type": "Point", "coordinates": [80.231169, 12.726126]}, "properties": {"stop_id": "TUmpHOaB", "stop_name": "Periya Nemmeli"}}, {"type": "Feature", "geometry": {"type": "Point", "coordinates": [80.197145, 13.039236]}, "properties": {"stop_id": "NzFpkpXH", "stop_name": "Ayappan Kovil"}}, {"type": "Feature", "geometry": {"type": "Point", "coordinates": [80.102544, 12.967867]}, "properties": {"stop_id": "OoTDKQHC", "stop_name": "Vazhuthalambedu Road Junction"}}, {"type": "Feature", "geometry": {"type": "Point", "coordinates": [80.140086, 12.839297]}, "properties": {"stop_id": "UrTDCKsV", "stop_name": "T N Police Bus Stop"}}, {"type": "Feature", "geometry": {"type": "Point", "coordinates": [80.321377, 13.206349]}, "properties": {"stop_id": "apwTQKga", "stop_name": "Chinna Kuppam Or Ashok Leyland Back Gate"}}, {"type": "Feature", "geometry": {"type": "Point", "coordinates": [80.298901, 13.181283]}, "properties": {"stop_id": "qsoLaWuJ", "stop_name": "Jothi Nagar"}}, {"type": "Feature", "geometry": {"type": "Point", "coordinates": [80.12531, 12.709606]}, "properties": {"stop_id": "tWWfaWxU", "stop_name": "Chembakkam Junction"}}, {"type": "Feature", "geometry": {"type": "Point", "coordinates": [80.16518, 13.047587]}, "properties": {"stop_id": "rxAHdfLr", "stop_name": "Central Bank Of India"}}, {"type": "Feature", "geometry": {"type": "Point", "coordinates": [80.219609, 13.201395]}, "properties": {"stop_id": "grMhZquG", "stop_name": "Nagathamman Kovil"}}, {"type": "Feature", "geometry": {"type": "Point", "coordinates": [80.226042, 13.15851]}, "properties": {"stop_id": "bDgEiJAh", "stop_name": "Madhavaram Chinna Bypass"}}, {"type": "Feature", "geometry": {"type": "Point", "coordinates": [80.175581, 12.959656]}, "properties": {"stop_id": "nAnfzqIp", "stop_name": "Kavitha Pannai"}}, {"type": "Feature", "geometry": {"type": "Point", "coordinates": [80.121373, 12.802829]}, "properties": {"stop_id": "qDNzarNO", "stop_name": "Kumizhi"}}, {"type": "Feature", "geometry": {"type": "Point", "coordinates": [80.208044, 13.012926]}, "properties": {"stop_id": "qufiaPgM", "stop_name": "BSNL Office"}}, {"type": "Feature", "geometry": {"type": "Point", "coordinates": [80.074702, 12.827046]}, "properties": {"stop_id": "rhOosuOh", "stop_name": "Om Sakthi Nagar"}}, {"type": "Feature", "geometry": {"type": "Point", "coordinates": [80.15237, 13.106177]}, "properties": {"stop_id": "LhgNVAOU", "stop_name": "Dunlop"}}, {"type": "Feature", "geometry": {"type": "Point", "coordinates": [80.259125, 13.064408]}, "properties": {"stop_id": "DvaIywQB", "stop_name": "Ethiraj College"}}, {"type": "Feature", "geometry": {"type": "Point", "coordinates": [80.197419, 12.926284]}, "properties": {"stop_id": "HdtICUKG", "stop_name": "Pallikaranai Government School"}}, {"type": "Feature", "geometry": {"type": "Point", "coordinates": [79.306807, 12.828782]}, "properties": {"stop_id": "VqaowPBW", "stop_name": "Thimiri"}}, {"type": "Feature", "geometry": {"type": "Point", "coordinates": [80.111961, 13.334748]}, "properties": {"stop_id": "BLgEghTV", "stop_name": "Agaram"}}, {"type": "Feature", "geometry": {"type": "Point", "coordinates": [80.217169, 12.688904]}, "properties": {"stop_id": "XnIbYwkm", "stop_name": "Pattipulam"}}, {"type": "Feature", "geometry": {"type": "Point", "coordinates": [80.18306, 12.978258]}, "properties": {"stop_id": "loXKeyiW", "stop_name": "Nanganallur MGR Road"}}, {"type": "Feature", "geometry": {"type": "Point", "coordinates": [80.315608, 13.198973]}, "properties": {"stop_id": "AwLiWVdI", "stop_name": "Annai Sivakami Nagar Or Barma Nagar"}}, {"type": "Feature", "geometry": {"type": "Point", "coordinates": [80.217396, 13.292711]}, "properties": {"stop_id": "tIkiTaAn", "stop_name": "Mettupalayam"}}, {"type": "Feature", "geometry": {"type": "Point", "coordinates": [80.212833, 13.011763]}, "properties": {"stop_id": "sOCYSPUW", "stop_name": "Telephone Exchange Guindy"}}, {"type": "Feature", "geometry": {"type": "Point", "coordinates": [80.31519, 13.206585]}, "properties": {"stop_id": "PeYVqHeF", "stop_name": "Nehru Nagar Ennore"}}, {"type": "Feature", "geometry": {"type": "Point", "coordinates": [80.279784, 13.085629]}, "properties": {"stop_id": "YXOKWXAw", "stop_name": "Payaigada Evening Bazar Rd"}}, {"type": "Feature", "geometry": {"type": "Point", "coordinates": [80.28156, 13.057704]}, "properties": {"stop_id": "RFaTWaew", "stop_name": "Kannagi Statue Or Presidency College"}}, {"type": "Feature", "geometry": {"type": "Point", "coordinates": [80.206762, 12.96535]}, "properties": {"stop_id": "oPiGTUNA", "stop_name": "Raam Nagar"}}, {"type": "Feature", "geometry": {"type": "Point", "coordinates": [80.045632, 12.951805]}, "properties": {"stop_id": "KuTZBRNJ", "stop_name": "Somangalam Road Or NV Road Junction"}}, {"type": "Feature", "geometry": {"type": "Point", "coordinates": [80.069484, 12.891514]}, "properties": {"stop_id": "NSvMYbfW", "stop_name": "Mannivakkam School"}}, {"type": "Feature", "geometry": {"type": "Point", "coordinates": [80.273718, 13.052821]}, "properties": {"stop_id": "fTOPrrgc", "stop_name": "Ice House Police Station"}}, {"type": "Feature", "geometry": {"type": "Point", "coordinates": [80.254623, 13.079812]}, "properties": {"stop_id": "HTKZNJTs", "stop_name": "Das Prakash Hotel Or Petrol Pump"}}, {"type": "Feature", "geometry": {"type": "Point", "coordinates": [80.214349, 13.066008]}, "properties": {"stop_id": "KZBDkcEB", "stop_name": "M M D A Police Booth"}}, {"type": "Feature", "geometry": {"type": "Point", "coordinates": [80.287341, 13.252442]}, "properties": {"stop_id": "UDPMiWKD", "stop_name": "Vallur"}}, {"type": "Feature", "geometry": {"type": "Point", "coordinates": [80.161195, 12.960945]}, "properties": {"stop_id": "jBRcoEIn", "stop_name": "VELS Callege"}}, {"type": "Feature", "geometry": {"type": "Point", "coordinates": [80.214358, 12.681709]}, "properties": {"stop_id": "qkDUPxQJ", "stop_name": "Pattipulam Nagamaram Or Illanthope"}}, {"type": "Feature", "geometry": {"type": "Point", "coordinates": [79.972441, 12.854593]}, "properties": {"stop_id": "bAcgCDGp", "stop_name": "Navalur SCB 1"}}, {"type": "Feature", "geometry": {"type": "Point", "coordinates": [80.148839, 12.845665]}, "properties": {"stop_id": "yHCBRtBd", "stop_name": "Melakottaiyur"}}, {"type": "Feature", "geometry": {"type": "Point", "coordinates": [80.181259, 13.430868]}, "properties": {"stop_id": "GUgiDKEG", "stop_name": "Kurivigaram"}}, {"type": "Feature", "geometry": {"type": "Point", "coordinates": [80.217289, 13.292702]}, "properties": {"stop_id": "tIHUlMxX", "stop_name": "Mettupalayam"}}, {"type": "Feature", "geometry": {"type": "Point", "coordinates": [80.242751, 12.812198]}, "properties": {"stop_id": "MwUoGUHv", "stop_name": "NIEPMD"}}, {"type": "Feature", "geometry": {"type": "Point", "coordinates": [80.273507, 13.073809]}, "properties": {"stop_id": "yLSAaTAd", "stop_name": "Chinthathripet Railway Station"}}, {"type": "Feature", "geometry": {"type": "Point", "coordinates": [80.304298, 13.153451]}, "properties": {"stop_id": "FyJXToWe", "stop_name": "Ondikuppam"}}, {"type": "Feature", "geometry": {"type": "Point", "coordinates": [80.221471, 13.040745]}, "properties": {"stop_id": "ggaXnTUz", "stop_name": "Indian Bank Gowda Road"}}, {"type": "Feature", "geometry": {"type": "Point", "coordinates": [80.14349, 13.201031]}, "properties": {"stop_id": "CJTVPZbh", "stop_name": "Jeeva Nagar"}}, {"type": "Feature", "geometry": {"type": "Point", "coordinates": [80.203967, 12.978378]}, "properties": {"stop_id": "EFeZyZmg", "stop_name": "Balaji Nagar"}}, {"type": "Feature", "geometry": {"type": "Point", "coordinates": [80.280103, 13.133304]}, "properties": {"stop_id": "EQSFTfWT", "stop_name": "Nethaji First Bridge"}}, {"type": "Feature", "geometry": {"type": "Point", "coordinates": [80.064147, 12.987172]}, "properties": {"stop_id": "WcOcULlY", "stop_name": "Kaladipet"}}, {"type": "Feature", "geometry": {"type": "Point", "coordinates": [80.245595, 12.887039]}, "properties": {"stop_id": "sAYtjSkX", "stop_name": "Panaiyur"}}, {"type": "Feature", "geometry": {"type": "Point", "coordinates": [80.008304, 12.88251]}, "properties": {"stop_id": "riqYNvhO", "stop_name": "Salamangalam Colony"}}, {"type": "Feature", "geometry": {"type": "Point", "coordinates": [80.179783, 13.428752]}, "properties": {"stop_id": "IsszqyIy", "stop_name": "kurivigaram Junction"}}, {"type": "Feature", "geometry": {"type": "Point", "coordinates": [80.281954, 13.056792]}, "properties": {"stop_id": "MBTcSIip", "stop_name": "Kannagi Statue Or Presidency College"}}, {"type": "Feature", "geometry": {"type": "Point", "coordinates": [80.238696, 13.134995]}, "properties": {"stop_id": "ftvNhZKM", "stop_name": "Leather Company"}}, {"type": "Feature", "geometry": {"type": "Point", "coordinates": [79.960224, 13.026934]}, "properties": {"stop_id": "kURrZnug", "stop_name": "Kalsar Engineering College"}}, {"type": "Feature", "geometry": {"type": "Point", "coordinates": [80.227612, 13.234139]}, "properties": {"stop_id": "AGDZrVfo", "stop_name": "Thirunillai Road Junction"}}, {"type": "Feature", "geometry": {"type": "Point", "coordinates": [79.908485, 12.841532]}, "properties": {"stop_id": "EBDfudXo", "stop_name": "Panruthi"}}, {"type": "Feature", "geometry": {"type": "Point", "coordinates": [80.226688, 12.88607]}, "properties": {"stop_id": "oRUBDfuD", "stop_name": "Ponniamman Kovil"}}, {"type": "Feature", "geometry": {"type": "Point", "coordinates": [80.187791, 13.095995]}, "properties": {"stop_id": "zciPUDzN", "stop_name": "Sivan Kovil"}}, {"type": "Feature", "geometry": {"type": "Point", "coordinates": [80.141345, 13.134482]}, "properties": {"stop_id": "iuewtDUr", "stop_name": "Tea Kadai Saraswati Nagar"}}, {"type": "Feature", "geometry": {"type": "Point", "coordinates": [80.320083, 13.223528]}, "properties": {"stop_id": "JzObVOMG", "stop_name": "Kamaraj Nagar"}}, {"type": "Feature", "geometry": {"type": "Point", "coordinates": [79.965806, 13.02183]}, "properties": {"stop_id": "qPaBcVFr", "stop_name": "Chawal Company"}}, {"type": "Feature", "geometry": {"type": "Point", "coordinates": [80.298807, 13.181408]}, "properties": {"stop_id": "rAizOLWV", "stop_name": "Jothi Nagar"}}, {"type": "Feature", "geometry": {"type": "Point", "coordinates": [80.216172, 13.034234]}, "properties": {"stop_id": "gNlImmtJ", "stop_name": "Ram Colony"}}, {"type": "Feature", "geometry": {"type": "Point", "coordinates": [80.219467, 13.126054]}, "properties": {"stop_id": "aaSaUDum", "stop_name": "Moogambigai Kolathur"}}, {"type": "Feature", "geometry": {"type": "Point", "coordinates": [80.136342, 13.130628]}, "properties": {"stop_id": "OgnAStiZ", "stop_name": "Manikandapuram"}}, {"type": "Feature", "geometry": {"type": "Point", "coordinates": [79.988852, 12.995217]}, "properties": {"stop_id": "kVWwehGs", "stop_name": "Irungattukottai"}}, {"type": "Feature", "geometry": {"type": "Point", "coordinates": [80.239983, 13.045132]}, "properties": {"stop_id": "TUeJMYAe", "stop_name": "Vani Mahal"}}, {"type": "Feature", "geometry": {"type": "Point", "coordinates": [80.069815, 13.180591]}, "properties": {"stop_id": "lczxXDao", "stop_name": "Arakkambakkam"}}, {"type": "Feature", "geometry": {"type": "Point", "coordinates": [80.315653, 13.418491]}, "properties": {"stop_id": "TJeJnSDd", "stop_name": "Pazhaverkadu"}}, {"type": "Feature", "geometry": {"type": "Point", "coordinates": [80.116188, 13.071462]}, "properties": {"stop_id": "JeEnofCX", "stop_name": "Sivan Kovil"}}, {"type": "Feature", "geometry": {"type": "Point", "coordinates": [80.154447, 13.189436]}, "properties": {"stop_id": "RmlHIOuG", "stop_name": "Kanimedu"}}, {"type": "Feature", "geometry": {"type": "Point", "coordinates": [80.224017, 13.120875]}, "properties": {"stop_id": "jsnedRvy", "stop_name": "Kolathur Anna Salai"}}, {"type": "Feature", "geometry": {"type": "Point", "coordinates": [80.264655, 13.2677]}, "properties": {"stop_id": "JdJprycd", "stop_name": "Minjur B D O Office"}}, {"type": "Feature", "geometry": {"type": "Point", "coordinates": [80.242391, 13.284024]}, "properties": {"stop_id": "aUsRFqQV", "stop_name": "Nalur"}}, {"type": "Feature", "geometry": {"type": "Point", "coordinates": [80.20027, 12.994379]}, "properties": {"stop_id": "ckoHNDVp", "stop_name": "St Thomas Mount Railway Station"}}, {"type": "Feature", "geometry": {"type": "Point", "coordinates": [80.140489, 13.157562]}, "properties": {"stop_id": "eoIplMjv", "stop_name": "Uppara Palayam"}}, {"type": "Feature", "geometry": {"type": "Point", "coordinates": [80.208036, 13.105421]}, "properties": {"stop_id": "KQSHMGnw", "stop_name": "Villivakkam Bus Stand"}}, {"type": "Feature", "geometry": {"type": "Point", "coordinates": [80.281685, 13.112666]}, "properties": {"stop_id": "XVbubuGa", "stop_name": "Pandian Theatre"}}, {"type": "Feature", "geometry": {"type": "Point", "coordinates": [80.25059, 13.206039]}, "properties": {"stop_id": "XaFkCXdj", "stop_name": "Echankuzhi Amman Kulam"}}, {"type": "Feature", "geometry": {"type": "Point", "coordinates": [80.059104, 12.964016]}, "properties": {"stop_id": "XSKxqPZm", "stop_name": "Sri Sairam P G Hostel"}}, {"type": "Feature", "geometry": {"type": "Point", "coordinates": [80.212263, 12.953931]}, "properties": {"stop_id": "veAXvdUO", "stop_name": "Balaji Nagar Medavakkam"}}, {"type": "Feature", "geometry": {"type": "Point", "coordinates": [80.191315, 12.909568]}, "properties": {"stop_id": "lhYDMMsV", "stop_name": "Soumya Nagar"}}, {"type": "Feature", "geometry": {"type": "Point", "coordinates": [79.971904, 13.129211]}, "properties": {"stop_id": "RRRcnUab", "stop_name": "Sevvapet School"}}, {"type": "Feature", "geometry": {"type": "Point", "coordinates": [80.2282, 13.152166]}, "properties": {"stop_id": "yXfOYhmg", "stop_name": "Madhavaram New Bus Depot"}}, {"type": "Feature", "geometry": {"type": "Point", "coordinates": [80.19581, 13.047703]}, "properties": {"stop_id": "NfHwMQdR", "stop_name": "Virugambakkam Saradha Nagar"}}, {"type": "Feature", "geometry": {"type": "Point", "coordinates": [80.249454, 13.174248]}, "properties": {"stop_id": "vWnHMbTe", "stop_name": "Chinna Mathur"}}, {"type": "Feature", "geometry": {"type": "Point", "coordinates": [80.080186, 13.196988]}, "properties": {"stop_id": "joGrBgeB", "stop_name": "Arakkambakkam Road Junction"}}, {"type": "Feature", "geometry": {"type": "Point", "coordinates": [80.251408, 13.097183]}, "properties": {"stop_id": "yMiwNCtj", "stop_name": "Otteri"}}, {"type": "Feature", "geometry": {"type": "Point", "coordinates": [80.089603, 12.897428]}, "properties": {"stop_id": "KgwKZlse", "stop_name": "Iraniyamman Koil"}}, {"type": "Feature", "geometry": {"type": "Point", "coordinates": [80.023041, 13.108514]}, "properties": {"stop_id": "GauoQJWJ", "stop_name": "Erikarai Thiruninravur"}}, {"type": "Feature", "geometry": {"type": "Point", "coordinates": [80.22041, 13.005112]}, "properties": {"stop_id": "OXcUkifL", "stop_name": "Kannaigapuram"}}, {"type": "Feature", "geometry": {"type": "Point", "coordinates": [80.208868, 12.760143]}, "properties": {"stop_id": "BsovYeFI", "stop_name": "Vijaya Shanthi Lotus Pond"}}, {"type": "Feature", "geometry": {"type": "Point", "coordinates": [80.258595, 13.087292]}, "properties": {"stop_id": "OWkTamRc", "stop_name": "Vepery Police station"}}, {"type": "Feature", "geometry": {"type": "Point", "coordinates": [80.251263, 12.927546]}, "properties": {"stop_id": "aBlpKWpT", "stop_name": "Sai Baba Temple"}}, {"type": "Feature", "geometry": {"type": "Point", "coordinates": [79.542193, 12.037372]}, "properties": {"stop_id": "mNfpWfKJ", "stop_name": "Vikravandi Bus Stand"}}, {"type": "Feature", "geometry": {"type": "Point", "coordinates": [80.120622, 12.923224]}, "properties": {"stop_id": "BxmxkKGC", "stop_name": "Tambaram East Bus Stop"}}, {"type": "Feature", "geometry": {"type": "Point", "coordinates": [80.122265, 13.43039]}, "properties": {"stop_id": "XOGHqVzK", "stop_name": "IRT"}}, {"type": "Feature", "geometry": {"type": "Point", "coordinates": [79.926625, 13.015864]}, "properties": {"stop_id": "hGRIMrVW", "stop_name": "Mannur Junction Sriperumbudur Bypass"}}, {"type": "Feature", "geometry": {"type": "Point", "coordinates": [80.271215, 13.10481]}, "properties": {"stop_id": "nGkhhpkU", "stop_name": "Basin Bridge"}}, {"type": "Feature", "geometry": {"type": "Point", "coordinates": [80.026207, 13.312257]}, "properties": {"stop_id": "NJsqxdTd", "stop_name": "Athupakkam"}}, {"type": "Feature", "geometry": {"type": "Point", "coordinates": [80.148296, 12.933464]}, "properties": {"stop_id": "JJutwAtq", "stop_name": "Sarvamangalam Nagar"}}, {"type": "Feature", "geometry": {"type": "Point", "coordinates": [80.269466, 13.181759]}, "properties": {"stop_id": "CPPeUlfG", "stop_name": "MFL Manali Road Junction"}}, {"type": "Feature", "geometry": {"type": "Point", "coordinates": [80.107082, 12.887073]}, "properties": {"stop_id": "KPcRWbGT", "stop_name": "Alapakkam"}}, {"type": "Feature", "geometry": {"type": "Point", "coordinates": [80.163607, 13.428298]}, "properties": {"stop_id": "hnwTnEQV", "stop_name": "Vazhuthalambedu 1"}}, {"type": "Feature", "geometry": {"type": "Point", "coordinates": [80.128707, 12.739571]}, "properties": {"stop_id": "ySoPUuJQ", "stop_name": "Ammapettai Temple"}}, {"type": "Feature", "geometry": {"type": "Point", "coordinates": [80.128599, 13.040726]}, "properties": {"stop_id": "uaQvVFAB", "stop_name": "Kattupakkam"}}, {"type": "Feature", "geometry": {"type": "Point", "coordinates": [80.196764, 13.041441]}, "properties": {"stop_id": "FXLsUIQr", "stop_name": "Ramasamy Salai Amman Koil"}}, {"type": "Feature", "geometry": {"type": "Point", "coordinates": [80.219984, 12.785328]}, "properties": {"stop_id": "BCwVkMhO", "stop_name": "Kelambakkmm Police Station"}}, {"type": "Feature", "geometry": {"type": "Point", "coordinates": [80.146676, 12.99086]}, "properties": {"stop_id": "QfdhBuuV", "stop_name": "Anna Street"}}, {"type": "Feature", "geometry": {"type": "Point", "coordinates": [80.083579, 12.938687]}, "properties": {"stop_id": "ZcOxufIN", "stop_name": "Varadharajapuram Kishkinda"}}, {"type": "Feature", "geometry": {"type": "Point", "coordinates": [80.095511, 13.170322]}, "properties": {"stop_id": "IlgMmocA", "stop_name": "SrBharathi Nagar"}}, {"type": "Feature", "geometry": {"type": "Point", "coordinates": [80.19513, 13.210322]}, "properties": {"stop_id": "RBwynnQe", "stop_name": "Parveen Travels"}}, {"type": "Feature", "geometry": {"type": "Point", "coordinates": [79.967058, 13.100808]}, "properties": {"stop_id": "PslqBzpy", "stop_name": "Aranvoyal"}}, {"type": "Feature", "geometry": {"type": "Point", "coordinates": [80.180657, 13.098293]}, "properties": {"stop_id": "isWzWnoW", "stop_name": "Britannia Bus Stop Padi"}}, {"type": "Feature", "geometry": {"type": "Point", "coordinates": [79.948154, 13.173595]}, "properties": {"stop_id": "YczuIoUc", "stop_name": "Chithathur Colony"}}, {"type": "Feature", "geometry": {"type": "Point", "coordinates": [80.194155, 13.057362]}, "properties": {"stop_id": "qnxnYECs", "stop_name": "Natesan Nagar"}}, {"type": "Feature", "geometry": {"type": "Point", "coordinates": [79.95898, 12.976485]}, "properties": {"stop_id": "oXipkDtF", "stop_name": "Beeman Thanhal"}}, {"type": "Feature", "geometry": {"type": "Point", "coordinates": [80.269606, 13.188905]}, "properties": {"stop_id": "dQYZBhGJ", "stop_name": "Elanthanur"}}, {"type": "Feature", "geometry": {"type": "Point", "coordinates": [80.222062, 13.124006]}, "properties": {"stop_id": "IvqxNjHK", "stop_name": "Welding Shop Kolathur"}}, {"type": "Feature", "geometry": {"type": "Point", "coordinates": [80.216249, 12.997499]}, "properties": {"stop_id": "oBYetVBr", "stop_name": "Vellacherry Check Post"}}, {"type": "Feature", "geometry": {"type": "Point", "coordinates": [80.147486, 12.935728]}, "properties": {"stop_id": "AskNovdG", "stop_name": "Loyola School"}}, {"type": "Feature", "geometry": {"type": "Point", "coordinates": [80.240981, 13.26928]}, "properties": {"stop_id": "huecLIWR", "stop_name": "Chinna Madiyoor"}}, {"type": "Feature", "geometry": {"type": "Point", "coordinates": [80.247402, 13.006242]}, "properties": {"stop_id": "ytUqATXS", "stop_name": "Madhya Kailash"}}, {"type": "Feature", "geometry": {"type": "Point", "coordinates": [80.240695, 13.058357]}, "properties": {"stop_id": "buBFkWue", "stop_name": "Pushpa Nagar"}}, {"type": "Feature", "geometry": {"type": "Point", "coordinates": [80.017015, 13.309579]}, "properties": {"stop_id": "cWOjTgHp", "stop_name": "Thumbakkam"}}, {"type": "Feature", "geometry": {"type": "Point", "coordinates": [80.162684, 12.922943]}, "properties": {"stop_id": "FgFNxkEY", "stop_name": "Advent Christian Church Sembakkam"}}, {"type": "Feature", "geometry": {"type": "Point", "coordinates": [80.183469, 13.110063]}, "properties": {"stop_id": "xreoFKjO", "stop_name": "Amma Hotel"}}, {"type": "Feature", "geometry": {"type": "Point", "coordinates": [80.099755, 13.074697]}, "properties": {"stop_id": "mvgVyONe", "stop_name": "Emerald Park"}}, {"type": "Feature", "geometry": {"type": "Point", "coordinates": [80.265715, 13.119407]}, "properties": {"stop_id": "ZfrzMWnY", "stop_name": "Vyasarpadi Sathiyamoorthy Nagar"}}, {"type": "Feature", "geometry": {"type": "Point", "coordinates": [80.23394, 12.949991]}, "properties": {"stop_id": "qrzeRBPC", "stop_name": "Chennai One IT SEZ"}}, {"type": "Feature", "geometry": {"type": "Point", "coordinates": [80.250407, 13.10629]}, "properties": {"stop_id": "ygKQkAfU", "stop_name": "Jamalaya"}}, {"type": "Feature", "geometry": {"type": "Point", "coordinates": [80.185041, 12.920708]}, "properties": {"stop_id": "RZCadHVt", "stop_name": "Medavakkam Koot Road"}}, {"type": "Feature", "geometry": {"type": "Point", "coordinates": [80.156274, 13.034393]}, "properties": {"stop_id": "aRKvwhNi", "stop_name": "Porur"}}, {"type": "Feature", "geometry": {"type": "Point", "coordinates": [80.071361, 13.085354]}, "properties": {"stop_id": "BuUVquxB", "stop_name": "Vayalanallur"}}, {"type": "Feature", "geometry": {"type": "Point", "coordinates": [79.90679, 12.93311]}, "properties": {"stop_id": "ajteUQkz", "stop_name": "Mambakkam Sipcot"}}, {"type": "Feature", "geometry": {"type": "Point", "coordinates": [80.037243, 13.032781]}, "properties": {"stop_id": "laDYeHNU", "stop_name": "Pappanchsthiram"}}, {"type": "Feature", "geometry": {"type": "Point", "coordinates": [80.196995, 13.218459]}, "properties": {"stop_id": "buoLtkoi", "stop_name": "Kummanur"}}, {"type": "Feature", "geometry": {"type": "Point", "coordinates": [80.264131, 13.161959]}, "properties": {"stop_id": "LXDQjYxM", "stop_name": "Manali Metro Water"}}, {"type": "Feature", "geometry": {"type": "Point", "coordinates": [80.269843, 13.203545]}, "properties": {"stop_id": "YxUFlvZH", "stop_name": "Vichoor Echakuzhi"}}, {"type": "Feature", "geometry": {"type": "Point", "coordinates": [80.29052, 13.128449]}, "properties": {"stop_id": "yAqyhWkU", "stop_name": "Apollo Or Cholera Hospital"}}, {"type": "Feature", "geometry": {"type": "Point", "coordinates": [80.261105, 13.104377]}, "properties": {"stop_id": "JZGNdgml", "stop_name": "Madhavaram Aaduthotti"}}, {"type": "Feature", "geometry": {"type": "Point", "coordinates": [80.199735, 12.906832]}, "properties": {"stop_id": "GKBCzMbq", "stop_name": "Christian Church"}}, {"type": "Feature", "geometry": {"type": "Point", "coordinates": [80.238479, 12.743834]}, "properties": {"stop_id": "qErQsNEG", "stop_name": "Vada Nemmeli"}}, {"type": "Feature", "geometry": {"type": "Point", "coordinates": [80.093375, 13.211653]}, "properties": {"stop_id": "IxqYybMf", "stop_name": "Vanianchathiram"}}, {"type": "Feature", "geometry": {"type": "Point", "coordinates": [80.259717, 13.118469]}, "properties": {"stop_id": "WGGanwZU", "stop_name": "Ambedkar College Vyasarpadi"}}, {"type": "Feature", "geometry": {"type": "Point", "coordinates": [80.148089, 12.940834]}, "properties": {"stop_id": "BlIFmvgd", "stop_name": "Gayathri Nagar Or Venkatraman Nagar"}}, {"type": "Feature", "geometry": {"type": "Point", "coordinates": [80.232697, 13.045353]}, "properties": {"stop_id": "JmbBeQIE", "stop_name": "Murugan Idly Shop"}}, {"type": "Feature", "geometry": {"type": "Point", "coordinates": [80.295556, 13.156782]}, "properties": {"stop_id": "OKtVrzTN", "stop_name": "Tiruvottiyur Railway Gate Or KCP"}}, {"type": "Feature", "geometry": {"type": "Point", "coordinates": [80.242947, 13.039962]}, "properties": {"stop_id": "rLrKZBjw", "stop_name": "Pondy Bazar Globus"}}, {"type": "Feature", "geometry": {"type": "Point", "coordinates": [80.30629, 13.162725]}, "properties": {"stop_id": "LUpTnILf", "stop_name": "Thiruvottiyur Market Beach Road"}}, {"type": "Feature", "geometry": {"type": "Point", "coordinates": [80.160868, 12.936389]}, "properties": {"stop_id": "MaWmiWrW", "stop_name": "Zion Matriculation High School"}}, {"type": "Feature", "geometry": {"type": "Point", "coordinates": [80.038011, 13.142079]}, "properties": {"stop_id": "qRqIHRjS", "stop_name": "Nashik Nagar"}}, {"type": "Feature", "geometry": {"type": "Point", "coordinates": [80.170116, 13.483123]}, "properties": {"stop_id": "PRSWWHtT", "stop_name": "Sudukadu"}}, {"type": "Feature", "geometry": {"type": "Point", "coordinates": [80.262154, 13.077874]}, "properties": {"stop_id": "vBGGqNND", "stop_name": "Egmore Railway Station"}}, {"type": "Feature", "geometry": {"type": "Point", "coordinates": [80.102993, 13.133092]}, "properties": {"stop_id": "UmISPPJO", "stop_name": "Kovilpadagai Road Junction"}}, {"type": "Feature", "geometry": {"type": "Point", "coordinates": [80.219481, 13.099118]}, "properties": {"stop_id": "IkxLwyxa", "stop_name": "Kambar Arangam"}}, {"type": "Feature", "geometry": {"type": "Point", "coordinates": [80.197608, 12.926328]}, "properties": {"stop_id": "shEBYolm", "stop_name": "Pallikaranai Government School"}}, {"type": "Feature", "geometry": {"type": "Point", "coordinates": [80.203214, 12.881893]}, "properties": {"stop_id": "SKQEJtAl", "stop_name": "Bollineni Hill Park"}}, {"type": "Feature", "geometry": {"type": "Point", "coordinates": [80.255449, 13.179395]}, "properties": {"stop_id": "qCZHeqZn", "stop_name": "Manali Roed Junction"}}, {"type": "Feature", "geometry": {"type": "Point", "coordinates": [80.196449, 13.122283]}, "properties": {"stop_id": "mWmEvZTH", "stop_name": "Tvs Nagar"}}, {"type": "Feature", "geometry": {"type": "Point", "coordinates": [80.167124, 13.081783]}, "properties": {"stop_id": "aTlqsXfd", "stop_name": "DR Supermarket Mogapair West"}}, {"type": "Feature", "geometry": {"type": "Point", "coordinates": [80.07827, 13.280319]}, "properties": {"stop_id": "CkiKkxJQ", "stop_name": "Maduravoyal Rettai Kinaru"}}, {"type": "Feature", "geometry": {"type": "Point", "coordinates": [80.159317, 12.954338]}, "properties": {"stop_id": "HOwZAROe", "stop_name": "Vels University"}}, {"type": "Feature", "geometry": {"type": "Point", "coordinates": [79.989686, 13.142242]}, "properties": {"stop_id": "vEvIjqMc", "stop_name": "Sri Chelliamman Temple"}}, {"type": "Feature", "geometry": {"type": "Point", "coordinates": [80.303061, 13.185424]}, "properties": {"stop_id": "THUDGZDu", "stop_name": "Mullai Nagar"}}, {"type": "Feature", "geometry": {"type": "Point", "coordinates": [80.08254, 12.851781]}, "properties": {"stop_id": "BUWlcDWA", "stop_name": "Mayili Amman Koil"}}, {"type": "Feature", "geometry": {"type": "Point", "coordinates": [80.199631, 13.131687]}, "properties": {"stop_id": "sWFNlbjw", "stop_name": "Sarathy Nagar"}}, {"type": "Feature", "geometry": {"type": "Point", "coordinates": [80.218487, 13.141272]}, "properties": {"stop_id": "oUmVLfUX", "stop_name": "Madhavaram Bypass"}}, {"type": "Feature", "geometry": {"type": "Point", "coordinates": [80.223082, 12.987705]}, "properties": {"stop_id": "TgzZcdmy", "stop_name": "Gandhi Road"}}, {"type": "Feature", "geometry": {"type": "Point", "coordinates": [80.216941, 13.239743]}, "properties": {"stop_id": "tFIeEodn", "stop_name": "Arumandai School"}}, {"type": "Feature", "geometry": {"type": "Point", "coordinates": [80.265213, 13.044714]}, "properties": {"stop_id": "hOGVczfj", "stop_name": "AVM Rajeshwari Thirumana Mandapam"}}, {"type": "Feature", "geometry": {"type": "Point", "coordinates": [80.164626, 13.121988]}, "properties": {"stop_id": "jcIgNgIp", "stop_name": "Menambedu"}}, {"type": "Feature", "geometry": {"type": "Point", "coordinates": [80.253205, 13.006657]}, "properties": {"stop_id": "lsFGVtlq", "stop_name": "Adyar Old Depot"}}, {"type": "Feature", "geometry": {"type": "Point", "coordinates": [80.179896, 13.48494]}, "properties": {"stop_id": "ZKALZXGO", "stop_name": "Poongulam Colony"}}, {"type": "Feature", "geometry": {"type": "Point", "coordinates": [80.324268, 13.226423]}, "properties": {"stop_id": "NcoWExwJ", "stop_name": "Ulaganathapuram"}}, {"type": "Feature", "geometry": {"type": "Point", "coordinates": [80.216181, 13.128392]}, "properties": {"stop_id": "tNDnmkQy", "stop_name": "Padma Nagar Or Giriraj Nagar"}}, {"type": "Feature", "geometry": {"type": "Point", "coordinates": [80.137405, 12.947988]}, "properties": {"stop_id": "fzSWURzx", "stop_name": "MIT Gate"}}, {"type": "Feature", "geometry": {"type": "Point", "coordinates": [80.180167, 12.894001]}, "properties": {"stop_id": "ljcnUKfU", "stop_name": "Kanni Kovil"}}, {"type": "Feature", "geometry": {"type": "Point", "coordinates": [80.151255, 13.028139]}, "properties": {"stop_id": "FCsbIOBe", "stop_name": "Vigneshwara Nagar Porur"}}, {"type": "Feature", "geometry": {"type": "Point", "coordinates": [79.98866, 12.995428]}, "properties": {"stop_id": "OCOnFIfy", "stop_name": "Irungattukottai"}}, {"type": "Feature", "geometry": {"type": "Point", "coordinates": [80.206358, 13.019221]}, "properties": {"stop_id": "HcPkwFHM", "stop_name": "Ekkattuthangal Or Ambal Nagar"}}, {"type": "Feature", "geometry": {"type": "Point", "coordinates": [80.258874, 13.131177]}, "properties": {"stop_id": "vMBlttbG", "stop_name": "T N E B Office"}}, {"type": "Feature", "geometry": {"type": "Point", "coordinates": [80.237722, 13.043832]}, "properties": {"stop_id": "nDzrviXX", "stop_name": "Jeeva Park"}}, {"type": "Feature", "geometry": {"type": "Point", "coordinates": [80.215912, 12.964019]}, "properties": {"stop_id": "PgJqeYYy", "stop_name": "Kaiveli"}}, {"type": "Feature", "geometry": {"type": "Point", "coordinates": [80.261557, 13.054207]}, "properties": {"stop_id": "ojYgsDtJ", "stop_name": "New College"}}, {"type": "Feature", "geometry": {"type": "Point", "coordinates": [80.273882, 13.070529]}, "properties": {"stop_id": "rDSiGFpR", "stop_name": "Simson Or Periyar Bridge"}}, {"type": "Feature", "geometry": {"type": "Point", "coordinates": [80.138005, 13.101232]}, "properties": {"stop_id": "uERHVBdu", "stop_name": "Baba Temple Ayapakkam"}}, {"type": "Feature", "geometry": {"type": "Point", "coordinates": [79.927638, 13.135254]}, "properties": {"stop_id": "sYDsxIhh", "stop_name": "Kakkalur"}}, {"type": "Feature", "geometry": {"type": "Point", "coordinates": [80.2172, 13.206254]}, "properties": {"stop_id": "xkPrOUqs", "stop_name": "Sirugavur"}}, {"type": "Feature", "geometry": {"type": "Point", "coordinates": [80.257854, 13.086995]}, "properties": {"stop_id": "mKIQRbrs", "stop_name": "Doveton"}}, {"type": "Feature", "geometry": {"type": "Point", "coordinates": [80.163881, 13.061198]}, "properties": {"stop_id": "HFPiIGml", "stop_name": "Alapakkam Maduravoyal"}}, {"type": "Feature", "geometry": {"type": "Point", "coordinates": [80.086409, 12.893115]}, "properties": {"stop_id": "FZsFzszJ", "stop_name": "Vandalur Gate"}}, {"type": "Feature", "geometry": {"type": "Point", "coordinates": [80.253658, 13.006487]}, "properties": {"stop_id": "EcsZBajf", "stop_name": "Adyar Old Depot"}}, {"type": "Feature", "geometry": {"type": "Point", "coordinates": [79.837702, 13.036049]}, "properties": {"stop_id": "bXxqoWoM", "stop_name": "Kondencherri New Colony"}}, {"type": "Feature", "geometry": {"type": "Point", "coordinates": [80.104355, 12.93305]}, "properties": {"stop_id": "UFFAxqtN", "stop_name": "MGR Silai"}}, {"type": "Feature", "geometry": {"type": "Point", "coordinates": [80.120271, 13.320671]}, "properties": {"stop_id": "UNRVYnCk", "stop_name": "Siruvapuri Temple"}}, {"type": "Feature", "geometry": {"type": "Point", "coordinates": [80.309204, 13.167213]}, "properties": {"stop_id": "XkyHnVdm", "stop_name": "Masthan Kovil"}}, {"type": "Feature", "geometry": {"type": "Point", "coordinates": [80.106602, 12.925826]}, "properties": {"stop_id": "XojRXAAa", "stop_name": "Tambaram West"}}, {"type": "Feature", "geometry": {"type": "Point", "coordinates": [80.131336, 13.107277]}, "properties": {"stop_id": "FhiUibmP", "stop_name": "Ganesh Bhavan"}}, {"type": "Feature", "geometry": {"type": "Point", "coordinates": [80.219395, 12.991461]}, "properties": {"stop_id": "mUWkXJQU", "stop_name": "Guru Nanak College"}}, {"type": "Feature", "geometry": {"type": "Point", "coordinates": [80.243024, 12.756416]}, "properties": {"stop_id": "MEtvPAvc", "stop_name": "Therukupattu"}}, {"type": "Feature", "geometry": {"type": "Point", "coordinates": [80.10781, 12.966361]}, "properties": {"stop_id": "nGUGLxPd", "stop_name": "Thirumudivakkam"}}, {"type": "Feature", "geometry": {"type": "Point", "coordinates": [80.21519, 13.24807]}, "properties": {"stop_id": "TMphlUsu", "stop_name": "Mabuskanpetai"}}, {"type": "Feature", "geometry": {"type": "Point", "coordinates": [80.261274, 13.400484]}, "properties": {"stop_id": "FbaONibz", "stop_name": "Kattur Cross Road"}}, {"type": "Feature", "geometry": {"type": "Point", "coordinates": [80.213586, 12.972488]}, "properties": {"stop_id": "uEdtlgzA", "stop_name": "Ram Nagar"}}, {"type": "Feature", "geometry": {"type": "Point", "coordinates": [80.129314, 13.182861]}, "properties": {"stop_id": "EcbaOvXo", "stop_name": "Sidco Canteen"}}, {"type": "Feature", "geometry": {"type": "Point", "coordinates": [80.173571, 13.041184]}, "properties": {"stop_id": "rWJbJwsc", "stop_name": "Valasaravakkam"}}, {"type": "Feature", "geometry": {"type": "Point", "coordinates": [80.134983, 13.086327]}, "properties": {"stop_id": "LurFzbrs", "stop_name": "Chinna Koladi Road Junction"}}, {"type": "Feature", "geometry": {"type": "Point", "coordinates": [80.097993, 13.191876]}, "properties": {"stop_id": "jpQxXiev", "stop_name": "Kanniamman Naga"}}, {"type": "Feature", "geometry": {"type": "Point", "coordinates": [80.263864, 13.063009]}, "properties": {"stop_id": "EocVuyzS", "stop_name": "Lic"}}, {"type": "Feature", "geometry": {"type": "Point", "coordinates": [80.175549, 12.959624]}, "properties": {"stop_id": "gxWBbdrZ", "stop_name": "Kavitha Pannai"}}, {"type": "Feature", "geometry": {"type": "Point", "coordinates": [80.05648, 13.13919]}, "properties": {"stop_id": "tojmCcQB", "stop_name": "Karimedu"}}, {"type": "Feature", "geometry": {"type": "Point", "coordinates": [80.159473, 12.832542]}, "properties": {"stop_id": "khOlLZay", "stop_name": "Samathuvapuram"}}, {"type": "Feature", "geometry": {"type": "Point", "coordinates": [79.976814, 12.96688]}, "properties": {"stop_id": "jhveKcoA", "stop_name": "Annai Medical College And Hospital"}}, {"type": "Feature", "geometry": {"type": "Point", "coordinates": [80.231486, 13.112368]}, "properties": {"stop_id": "GIAembsg", "stop_name": "Agaram"}}, {"type": "Feature", "geometry": {"type": "Point", "coordinates": [79.918551, 13.029559]}, "properties": {"stop_id": "vCtwKmtA", "stop_name": "Sengadu"}}, {"type": "Feature", "geometry": {"type": "Point", "coordinates": [80.240004, 13.151294]}, "properties": {"stop_id": "oizEKkjz", "stop_name": "Telephone Colony 1st Street"}}, {"type": "Feature", "geometry": {"type": "Point", "coordinates": [80.259816, 13.099828]}, "properties": {"stop_id": "bvSKVAYv", "stop_name": "Pulianthope Police station P1"}}, {"type": "Feature", "geometry": {"type": "Point", "coordinates": [80.017007, 12.790529]}, "properties": {"stop_id": "SVKOBqwN", "stop_name": "Stange"}}, {"type": "Feature", "geometry": {"type": "Point", "coordinates": [80.241213, 13.094797]}, "properties": {"stop_id": "eciAPzhn", "stop_name": "E S I Hospital"}}, {"type": "Feature", "geometry": {"type": "Point", "coordinates": [80.272824, 13.21825]}, "properties": {"stop_id": "JtZjSNXW", "stop_name": "Nappalayam"}}, {"type": "Feature", "geometry": {"type": "Point", "coordinates": [79.542025, 12.037339]}, "properties": {"stop_id": "vnGoAIWR", "stop_name": "Vikravandi Bus Stand"}}, {"type": "Feature", "geometry": {"type": "Point", "coordinates": [80.093623, 13.065991]}, "properties": {"stop_id": "eYsqUgzf", "stop_name": "Parivakkam"}}, {"type": "Feature", "geometry": {"type": "Point", "coordinates": [80.187896, 12.724598]}, "properties": {"stop_id": "pkAaqtnD", "stop_name": "Kandhaswami Temple Tank Thiruporur"}}, {"type": "Feature", "geometry": {"type": "Point", "coordinates": [80.250563, 13.087027]}, "properties": {"stop_id": "EfWhclss", "stop_name": "Megala Theatre"}}, {"type": "Feature", "geometry": {"type": "Point", "coordinates": [80.047325, 13.294047]}, "properties": {"stop_id": "XaMitbnP", "stop_name": "Sri Ramapuram Kandigai"}}, {"type": "Feature", "geometry": {"type": "Point", "coordinates": [80.229887, 13.099765]}, "properties": {"stop_id": "QrdELzCu", "stop_name": "Joint Office"}}, {"type": "Feature", "geometry": {"type": "Point", "coordinates": [80.112989, 13.062036]}, "properties": {"stop_id": "jSSkauKM", "stop_name": "Vathal Thottam"}}, {"type": "Feature", "geometry": {"type": "Point", "coordinates": [80.076727, 12.810334]}, "properties": {"stop_id": "fwLjTwPH", "stop_name": "Kayarambedu"}}, {"type": "Feature", "geometry": {"type": "Point", "coordinates": [80.003542, 13.150133]}, "properties": {"stop_id": "MRtqPpeq", "stop_name": "Puliur Kadaigai Vinayagar Koil"}}, {"type": "Feature", "geometry": {"type": "Point", "coordinates": [80.185556, 13.090286]}, "properties": {"stop_id": "ynnETaim", "stop_name": "Elango Nagar Officers Colony"}}, {"type": "Feature", "geometry": {"type": "Point", "coordinates": [80.016071, 12.979289]}, "properties": {"stop_id": "MjoEniNM", "stop_name": "Govt High School Katrambakkam"}}, {"type": "Feature", "geometry": {"type": "Point", "coordinates": [80.213087, 12.973855]}, "properties": {"stop_id": "ILlCOmHK", "stop_name": "Murugu Nagar"}}, {"type": "Feature", "geometry": {"type": "Point", "coordinates": [80.131296, 13.134026]}, "properties": {"stop_id": "XTnubosJ", "stop_name": "Pachaiamman Koil"}}, {"type": "Feature", "geometry": {"type": "Point", "coordinates": [80.037164, 13.125485]}, "properties": {"stop_id": "BmQLYaPd", "stop_name": "Pandi Rice Mill"}}, {"type": "Feature", "geometry": {"type": "Point", "coordinates": [80.146715, 13.004409]}, "properties": {"stop_id": "mcahLsch", "stop_name": "Vivekananda Ashramam"}}, {"type": "Feature", "geometry": {"type": "Point", "coordinates": [80.294062, 13.10009]}, "properties": {"stop_id": "vfdAIPGv", "stop_name": "Clive Battery"}}, {"type": "Feature", "geometry": {"type": "Point", "coordinates": [80.079368, 13.150565]}, "properties": {"stop_id": "eUWmFhmU", "stop_name": "Mittanamalli Colony"}}, {"type": "Feature", "geometry": {"type": "Point", "coordinates": [80.256041, 12.961248]}, "properties": {"stop_id": "jiBUapiv", "stop_name": "Palavakkam"}}, {"type": "Feature", "geometry": {"type": "Point", "coordinates": [80.184312, 13.110755]}, "properties": {"stop_id": "eEFiMPzB", "stop_name": "Street No 57"}}, {"type": "Feature", "geometry": {"type": "Point", "coordinates": [80.194223, 12.991271]}, "properties": {"stop_id": "PUsFNDSD", "stop_name": "Thillai Ganga Nagar Main Road"}}, {"type": "Feature", "geometry": {"type": "Point", "coordinates": [79.966987, 13.100718]}, "properties": {"stop_id": "UCTWITih", "stop_name": "Aranvoyal"}}, {"type": "Feature", "geometry": {"type": "Point", "coordinates": [80.010085, 12.776812]}, "properties": {"stop_id": "stYOAUgx", "stop_name": "Keelkaranai"}}, {"type": "Feature", "geometry": {"type": "Point", "coordinates": [80.064137, 12.981728]}, "properties": {"stop_id": "dXLcEwOQ", "stop_name": "Alagaesia Nagar"}}, {"type": "Feature", "geometry": {"type": "Point", "coordinates": [80.211661, 13.057896]}, "properties": {"stop_id": "IubGYoNi", "stop_name": "Thiru Nagar"}}, {"type": "Feature", "geometry": {"type": "Point", "coordinates": [80.144067, 13.343748]}, "properties": {"stop_id": "rilNZKmg", "stop_name": "Peruvayal"}}, {"type": "Feature", "geometry": {"type": "Point", "coordinates": [80.204611, 12.981826]}, "properties": {"stop_id": "BncETfin", "stop_name": "Adambakkam"}}, {"type": "Feature", "geometry": {"type": "Point", "coordinates": [80.210003, 12.949043]}, "properties": {"stop_id": "ZpXtMmnA", "stop_name": "Pallikaranai Kamachi Hospital"}}, {"type": "Feature", "geometry": {"type": "Point", "coordinates": [80.207235, 12.998066]}, "properties": {"stop_id": "wEeBJTuq", "stop_name": "NGO Colony"}}, {"type": "Feature", "geometry": {"type": "Point", "coordinates": [80.06559, 12.851403]}, "properties": {"stop_id": "FjwhCXAK", "stop_name": "Guduvancheri EB Office"}}, {"type": "Feature", "geometry": {"type": "Point", "coordinates": [80.219183, 13.216942]}, "properties": {"stop_id": "HdLAxGDi", "stop_name": "Perungavoor"}}, {"type": "Feature", "geometry": {"type": "Point", "coordinates": [80.12515, 13.076186]}, "properties": {"stop_id": "djdidyfJ", "stop_name": "Devi Nagar"}}, {"type": "Feature", "geometry": {"type": "Point", "coordinates": [80.1557, 13.034294]}, "properties": {"stop_id": "gGjwcdJB", "stop_name": "Porur Junction"}}, {"type": "Feature", "geometry": {"type": "Point", "coordinates": [80.132461, 13.136905]}, "properties": {"stop_id": "NpOlpVEB", "stop_name": "Ration Kadai"}}, {"type": "Feature", "geometry": {"type": "Point", "coordinates": [80.137416, 13.085248]}, "properties": {"stop_id": "ukWnzNPU", "stop_name": "Aachi Foods"}}, {"type": "Feature", "geometry": {"type": "Point", "coordinates": [80.183953, 12.920199]}, "properties": {"stop_id": "HqehCtdr", "stop_name": "Medavakkam Koot Road"}}, {"type": "Feature", "geometry": {"type": "Point", "coordinates": [80.231409, 12.826212]}, "properties": {"stop_id": "obGcbWvT", "stop_name": "Vaniyanchavadi Padma Adarsh School"}}, {"type": "Feature", "geometry": {"type": "Point", "coordinates": [80.221507, 13.052838]}, "properties": {"stop_id": "yprCGtVa", "stop_name": "Trustpuram"}}, {"type": "Feature", "geometry": {"type": "Point", "coordinates": [80.021056, 12.697857]}, "properties": {"stop_id": "wgnVmusT", "stop_name": "Thiruvadaisoolam Devi Karumariamman Koil"}}, {"type": "Feature", "geometry": {"type": "Point", "coordinates": [80.083048, 12.939367]}, "properties": {"stop_id": "knSDhEIY", "stop_name": "Varadharajapuram Kishkinda"}}, {"type": "Feature", "geometry": {"type": "Point", "coordinates": [80.109411, 13.005491]}, "properties": {"stop_id": "jappmlZc", "stop_name": "Moondram Kattalai"}}, {"type": "Feature", "geometry": {"type": "Point", "coordinates": [80.227268, 13.053778]}, "properties": {"stop_id": "STSGJiIu", "stop_name": "Liberty"}}, {"type": "Feature", "geometry": {"type": "Point", "coordinates": [80.285627, 13.147791]}, "properties": {"stop_id": "UscCtYui", "stop_name": "Ration Shop"}}, {"type": "Feature", "geometry": {"type": "Point", "coordinates": [80.235034, 13.053574]}, "properties": {"stop_id": "EBckcZXF", "stop_name": "Kamdar Nagar"}}, {"type": "Feature", "geometry": {"type": "Point", "coordinates": [80.079626, 13.119382]}, "properties": {"stop_id": "KjiBWoqR", "stop_name": "Sekkadu"}}, {"type": "Feature", "geometry": {"type": "Point", "coordinates": [80.203598, 13.076603]}, "properties": {"stop_id": "SOBUilCD", "stop_name": "Arumbakkam PH Road"}}, {"type": "Feature", "geometry": {"type": "Point", "coordinates": [80.215031, 13.253845]}, "properties": {"stop_id": "TgpuXBqx", "stop_name": "Venkatesa Perumal Koil Street"}}, {"type": "Feature", "geometry": {"type": "Point", "coordinates": [80.140461, 13.097867]}, "properties": {"stop_id": "GOFcQtxc", "stop_name": "Ayyappa Nagar"}}, {"type": "Feature", "geometry": {"type": "Point", "coordinates": [80.141358, 13.13442]}, "properties": {"stop_id": "jUsnmWea", "stop_name": "Tea Kadai Saraswati Nagar"}}, {"type": "Feature", "geometry": {"type": "Point", "coordinates": [80.071567, 12.831641]}, "properties": {"stop_id": "VKJFREzF", "stop_name": "Putru Kovil"}}, {"type": "Feature", "geometry": {"type": "Point", "coordinates": [80.244361, 13.115847]}, "properties": {"stop_id": "tldUULAx", "stop_name": "Perambur Market"}}, {"type": "Feature", "geometry": {"type": "Point", "coordinates": [80.327305, 13.266176]}, "properties": {"stop_id": "bCbInHHL", "stop_name": "Kamarajar Port"}}, {"type": "Feature", "geometry": {"type": "Point", "coordinates": [80.14159, 12.896661]}, "properties": {"stop_id": "hzAARBgX", "stop_name": "Lakshmi Ammal Engineer College"}}, {"type": "Feature", "geometry": {"type": "Point", "coordinates": [80.266223, 13.076303]}, "properties": {"stop_id": "hgHcWJof", "stop_name": "Chindadripet Podikkadai"}}, {"type": "Feature", "geometry": {"type": "Point", "coordinates": [80.182263, 12.935078]}, "properties": {"stop_id": "ysAqwwWP", "stop_name": "Vadakkupattu"}}, {"type": "Feature", "geometry": {"type": "Point", "coordinates": [80.266435, 13.161775]}, "properties": {"stop_id": "KhRPPFUf", "stop_name": "Corporation Journal Office"}}, {"type": "Feature", "geometry": {"type": "Point", "coordinates": [80.189008, 12.729829]}, "properties": {"stop_id": "Uacajbua", "stop_name": "Thiruporur Kovil"}}, {"type": "Feature", "geometry": {"type": "Point", "coordinates": [80.226412, 12.850397]}, "properties": {"stop_id": "MlXQVZuf", "stop_name": "AGS Complex Navalur"}}, {"type": "Feature", "geometry": {"type": "Point", "coordinates": [80.062498, 13.187519]}, "properties": {"stop_id": "TztxJAVO", "stop_name": "Pandeshwaram EB Office"}}, {"type": "Feature", "geometry": {"type": "Point", "coordinates": [79.874479, 12.931067]}, "properties": {"stop_id": "ZXFFSBfD", "stop_name": "Molachur"}}, {"type": "Feature", "geometry": {"type": "Point", "coordinates": [80.118114, 12.988072]}, "properties": {"stop_id": "ZKBLrnzS", "stop_name": "Karima Nagar"}}, {"type": "Feature", "geometry": {"type": "Point", "coordinates": [80.220749, 13.036613]}, "properties": {"stop_id": "kdVJdnYB", "stop_name": "Postal Colony"}}, {"type": "Feature", "geometry": {"type": "Point", "coordinates": [80.162077, 13.249628]}, "properties": {"stop_id": "UoWNmGnJ", "stop_name": "Karanodai Church"}}, {"type": "Feature", "geometry": {"type": "Point", "coordinates": [80.214709, 13.260896]}, "properties": {"stop_id": "ngHNiWhD", "stop_name": "Gnayaru Koil"}}, {"type": "Feature", "geometry": {"type": "Point", "coordinates": [80.289422, 13.165921]}, "properties": {"stop_id": "RqfbhkOP", "stop_name": "Rajaji Street"}}, {"type": "Feature", "geometry": {"type": "Point", "coordinates": [80.158547, 12.884701]}, "properties": {"stop_id": "EPhoDTHz", "stop_name": "Sivan Koil Agaramthen"}}, {"type": "Feature", "geometry": {"type": "Point", "coordinates": [80.198475, 13.119018]}, "properties": {"stop_id": "HFYkXdPG", "stop_name": "Agrakaram"}}, {"type": "Feature", "geometry": {"type": "Point", "coordinates": [80.220229, 13.00506]}, "properties": {"stop_id": "ZeFKXxfu", "stop_name": "Kannaigapuram"}}, {"type": "Feature", "geometry": {"type": "Point", "coordinates": [80.230051, 13.034495]}, "properties": {"stop_id": "eTJQHplR", "stop_name": "Thiyagaraya Nagar Bus Depot"}}, {"type": "Feature", "geometry": {"type": "Point", "coordinates": [80.129177, 13.000286]}, "properties": {"stop_id": "IawIHXne", "stop_name": "Mani Medu"}}, {"type": "Feature", "geometry": {"type": "Point", "coordinates": [80.177625, 12.663517]}, "properties": {"stop_id": "wULIWnbW", "stop_name": "Pandithamedu Village"}}, {"type": "Feature", "geometry": {"type": "Point", "coordinates": [80.18893, 13.087884]}, "properties": {"stop_id": "XCZfXGna", "stop_name": "Collector Nagar"}}, {"type": "Feature", "geometry": {"type": "Point", "coordinates": [80.154365, 13.189393]}, "properties": {"stop_id": "TgdVKieU", "stop_name": "Kanimedu"}}, {"type": "Feature", "geometry": {"type": "Point", "coordinates": [79.954067, 13.133478]}, "properties": {"stop_id": "HoEIDywv", "stop_name": "Ponnuswamy Nadar College Of Arts And Science"}}, {"type": "Feature", "geometry": {"type": "Point", "coordinates": [80.269917, 13.177591]}, "properties": {"stop_id": "sonNAVmZ", "stop_name": "MFL"}}, {"type": "Feature", "geometry": {"type": "Point", "coordinates": [80.170894, 13.11713]}, "properties": {"stop_id": "uwEtaQlz", "stop_name": "Karukku"}}, {"type": "Feature", "geometry": {"type": "Point", "coordinates": [80.140484, 13.132396]}, "properties": {"stop_id": "JcXDDijg", "stop_name": "Saraswathi Nagar"}}, {"type": "Feature", "geometry": {"type": "Point", "coordinates": [80.215931, 13.261406]}, "properties": {"stop_id": "scqbdPBp", "stop_name": "Gnayaru"}}, {"type": "Feature", "geometry": {"type": "Point", "coordinates": [79.926528, 13.015459]}, "properties": {"stop_id": "OLVfWwhL", "stop_name": "Mannur Junction Sriperumbudur Bypass"}}, {"type": "Feature", "geometry": {"type": "Point", "coordinates": [80.16079, 13.484795]}, "properties": {"stop_id": "JFAOdLlH", "stop_name": "Shanthi Nagar Or Om Chamutiram"}}, {"type": "Feature", "geometry": {"type": "Point", "coordinates": [80.093568, 13.105324]}, "properties": {"stop_id": "fyczPNat", "stop_name": "Selvam School"}}, {"type": "Feature", "geometry": {"type": "Point", "coordinates": [80.127075, 13.418068]}, "properties": {"stop_id": "NOXvlGiG", "stop_name": "Kottai Karai"}}, {"type": "Feature", "geometry": {"type": "Point", "coordinates": [80.257366, 13.006484]}, "properties": {"stop_id": "iOuVBZzk", "stop_name": "Adyar Signal"}}, {"type": "Feature", "geometry": {"type": "Point", "coordinates": [80.274236, 13.05895]}, "properties": {"stop_id": "xAtzquQH", "stop_name": "Rathna Cafe Bharathi Salai Triplicane"}}, {"type": "Feature", "geometry": {"type": "Point", "coordinates": [79.983488, 13.314028]}, "properties": {"stop_id": "yMrMMnQF", "stop_name": "Soolaimeni"}}, {"type": "Feature", "geometry": {"type": "Point", "coordinates": [80.141983, 13.140129]}, "properties": {"stop_id": "oajqUPaH", "stop_name": "Devi Eswari Nagar"}}, {"type": "Feature", "geometry": {"type": "Point", "coordinates": [79.917581, 13.136932]}, "properties": {"stop_id": "bReIRTiV", "stop_name": "Thiruvallur Court Or Old Collector Office"}}, {"type": "Feature", "geometry": {"type": "Point", "coordinates": [80.064092, 13.12142]}, "properties": {"stop_id": "qWvzRbGV", "stop_name": "Pattabiram"}}, {"type": "Feature", "geometry": {"type": "Point", "coordinates": [80.000801, 13.430419]}, "properties": {"stop_id": "BSXQVxvJ", "stop_name": "Nomalur Colony"}}, {"type": "Feature", "geometry": {"type": "Point", "coordinates": [80.138355, 12.922393]}, "properties": {"stop_id": "byRkdSCW", "stop_name": "Selaiyur"}}, {"type": "Feature", "geometry": {"type": "Point", "coordinates": [80.163576, 13.196171]}, "properties": {"stop_id": "vPrJwoLq", "stop_name": "Bammedukulam"}}, {"type": "Feature", "geometry": {"type": "Point", "coordinates": [80.288248, 13.12401]}, "properties": {"stop_id": "peBgOXli", "stop_name": "Agasthiya Theatre"}}, {"type": "Feature", "geometry": {"type": "Point", "coordinates": [80.277399, 13.031271]}, "properties": {"stop_id": "yyqygEVd", "stop_name": "Employment Office"}}, {"type": "Feature", "geometry": {"type": "Point", "coordinates": [80.225175, 13.010581]}, "properties": {"stop_id": "rRGVruPM", "stop_name": "Raj Bhavan Quarters"}}, {"type": "Feature", "geometry": {"type": "Point", "coordinates": [79.910156, 13.110893]}, "properties": {"stop_id": "pTTspriv", "stop_name": "Manavala Nagar Junction"}}, {"type": "Feature", "geometry": {"type": "Point", "coordinates": [80.233196, 12.93422]}, "properties": {"stop_id": "RtTLxXUv", "stop_name": "PTC Quarters Or Mootakaran Chavadi"}}, {"type": "Feature", "geometry": {"type": "Point", "coordinates": [80.230392, 12.819641]}, "properties": {"stop_id": "eHBdrFbQ", "stop_name": "Kazhipattur"}}, {"type": "Feature", "geometry": {"type": "Point", "coordinates": [80.272447, 13.067991]}, "properties": {"stop_id": "gFAsBeQM", "stop_name": "D1 Police Station"}}, {"type": "Feature", "geometry": {"type": "Point", "coordinates": [79.993708, 13.003829]}, "properties": {"stop_id": "fnQyKclP", "stop_name": "Irungattukottai Sipcot"}}, {"type": "Feature", "geometry": {"type": "Point", "coordinates": [80.320798, 13.225142]}, "properties": {"stop_id": "yLDzmulm", "stop_name": "V O C Nagar"}}, {"type": "Feature", "geometry": {"type": "Point", "coordinates": [80.185069, 12.920437]}, "properties": {"stop_id": "LDSuadxM", "stop_name": "Medavakkam Koot Road"}}, {"type": "Feature", "geometry": {"type": "Point", "coordinates": [80.018309, 12.969428]}, "properties": {"stop_id": "vVYNiaQm", "stop_name": "Kattrambakkam"}}, {"type": "Feature", "geometry": {"type": "Point", "coordinates": [80.147925, 13.121795]}, "properties": {"stop_id": "wFSILCzc", "stop_name": "Raaki Theatre"}}, {"type": "Feature", "geometry": {"type": "Point", "coordinates": [80.170713, 12.959834]}, "properties": {"stop_id": "BYibysYA", "stop_name": "Murugan Store"}}, {"type": "Feature", "geometry": {"type": "Point", "coordinates": [80.094538, 13.119329]}, "properties": {"stop_id": "dWLNxRJP", "stop_name": "Avadi Check Post"}}, {"type": "Feature", "geometry": {"type": "Point", "coordinates": [80.233467, 13.15943]}, "properties": {"stop_id": "YyUbakrH", "stop_name": "Agarsen College"}}, {"type": "Feature", "geometry": {"type": "Point", "coordinates": [79.968894, 13.092133]}, "properties": {"stop_id": "hfZqYEAo", "stop_name": "Koppur School"}}, {"type": "Feature", "geometry": {"type": "Point", "coordinates": [80.104475, 13.019845]}, "properties": {"stop_id": "qVxAOUMG", "stop_name": "Muthukumaran Hospital"}}, {"type": "Feature", "geometry": {"type": "Point", "coordinates": [80.228064, 12.837195]}, "properties": {"stop_id": "sxnLITXs", "stop_name": "Egattur"}}, {"type": "Feature", "geometry": {"type": "Point", "coordinates": [80.13059, 12.977705]}, "properties": {"stop_id": "gxlaiARP", "stop_name": "Pammal Theatre"}}, {"type": "Feature", "geometry": {"type": "Point", "coordinates": [80.235177, 12.939145]}, "properties": {"stop_id": "ZKEtlMvK", "stop_name": "Mettukuppam"}}, {"type": "Feature", "geometry": {"type": "Point", "coordinates": [79.930074, 13.107503]}, "properties": {"stop_id": "TKdEYLTT", "stop_name": "Venkathur"}}, {"type": "Feature", "geometry": {"type": "Point", "coordinates": [79.913863, 13.148859]}, "properties": {"stop_id": "sKXIofXa", "stop_name": "Ikkadu Water Tank Or Teachers Colony"}}, {"type": "Feature", "geometry": {"type": "Point", "coordinates": [80.240137, 13.131747]}, "properties": {"stop_id": "LWqTSxPr", "stop_name": "Moolakadai Market"}}, {"type": "Feature", "geometry": {"type": "Point", "coordinates": [80.212279, 13.309898]}, "properties": {"stop_id": "LtmbDsIv", "stop_name": "Uthandi Kandigai"}}, {"type": "Feature", "geometry": {"type": "Point", "coordinates": [80.219669, 13.171762]}, "properties": {"stop_id": "ObeVuyMA", "stop_name": "Kanniamman Kovil"}}, {"type": "Feature", "geometry": {"type": "Point", "coordinates": [80.316108, 13.183245]}, "properties": {"stop_id": "cYHkZUeY", "stop_name": "Ramakrishna Nagar"}}, {"type": "Feature", "geometry": {"type": "Point", "coordinates": [80.038683, 13.138383]}, "properties": {"stop_id": "sKtQEUzZ", "stop_name": "Balaji Nagar Thirunindravoor"}}, {"type": "Feature", "geometry": {"type": "Point", "coordinates": [80.264251, 13.053915]}, "properties": {"stop_id": "BOjJhphU", "stop_name": "Royapettah Hospital"}}, {"type": "Feature", "geometry": {"type": "Point", "coordinates": [80.199621, 12.883529]}, "properties": {"stop_id": "IIbmZtwl", "stop_name": "Bvm School"}}, {"type": "Feature", "geometry": {"type": "Point", "coordinates": [80.227012, 12.885751]}, "properties": {"stop_id": "tTjpyeuP", "stop_name": "Ponniamman Kovil"}}, {"type": "Feature", "geometry": {"type": "Point", "coordinates": [80.029094, 13.12453]}, "properties": {"stop_id": "dtLFJEWb", "stop_name": "Thiruninravur Railway Station"}}, {"type": "Feature", "geometry": {"type": "Point", "coordinates": [80.154679, 13.48478]}, "properties": {"stop_id": "DdnncojU", "stop_name": "Vinayakar Koil Or Om Chamutiram"}}, {"type": "Feature", "geometry": {"type": "Point", "coordinates": [80.266803, 13.036913]}, "properties": {"stop_id": "oKXhXfzg", "stop_name": "Luz Corner"}}, {"type": "Feature", "geometry": {"type": "Point", "coordinates": [80.015152, 12.786756]}, "properties": {"stop_id": "tDhKnafe", "stop_name": "Ford"}}, {"type": "Feature", "geometry": {"type": "Point", "coordinates": [80.183956, 13.193284]}, "properties": {"stop_id": "IAmXeTgg", "stop_name": "Red Hills Bus Stand Out Way"}}, {"type": "Feature", "geometry": {"type": "Point", "coordinates": [80.24582, 12.886434]}, "properties": {"stop_id": "XkkxwlXm", "stop_name": "Panaiyur"}}, {"type": "Feature", "geometry": {"type": "Point", "coordinates": [80.320119, 13.22351]}, "properties": {"stop_id": "exwEUcIO", "stop_name": "Kamaraj Nagar"}}, {"type": "Feature", "geometry": {"type": "Point", "coordinates": [80.168223, 13.195208]}, "properties": {"stop_id": "jUExBSiR", "stop_name": "Gandhi Nagar Redhills"}}, {"type": "Feature", "geometry": {"type": "Point", "coordinates": [79.991942, 13.312661]}, "properties": {"stop_id": "MrQhdzGM", "stop_name": "Karumbu Noor Kandigai"}}, {"type": "Feature", "geometry": {"type": "Point", "coordinates": [80.16489, 13.132095]}, "properties": {"stop_id": "KCqeuCwW", "stop_name": "Wireless Company"}}, {"type": "Feature", "geometry": {"type": "Point", "coordinates": [80.241993, 13.06981]}, "properties": {"stop_id": "HrNWphPZ", "stop_name": "Chetpet"}}, {"type": "Feature", "geometry": {"type": "Point", "coordinates": [80.24248, 12.865019]}, "properties": {"stop_id": "zKpOsJgw", "stop_name": "Anandbagh"}}, {"type": "Feature", "geometry": {"type": "Point", "coordinates": [80.204231, 12.751195]}, "properties": {"stop_id": "YVGWiGkc", "stop_name": "SSN College"}}, {"type": "Feature", "geometry": {"type": "Point", "coordinates": [80.273109, 13.304071]}, "properties": {"stop_id": "tMAJjHeh", "stop_name": "Neidavoyal Government School"}}, {"type": "Feature", "geometry": {"type": "Point", "coordinates": [80.217129, 13.457471]}, "properties": {"stop_id": "sqkVVOFh", "stop_name": "Medur Or Amalaichery Junction"}}, {"type": "Feature", "geometry": {"type": "Point", "coordinates": [80.185861, 12.985392]}, "properties": {"stop_id": "RzpCLtax", "stop_name": "Nehru School"}}, {"type": "Feature", "geometry": {"type": "Point", "coordinates": [80.16352, 12.933245]}, "properties": {"stop_id": "ZHlwRpuy", "stop_name": "Thirumalai Nagar"}}, {"type": "Feature", "geometry": {"type": "Point", "coordinates": [80.159013, 13.130763]}, "properties": {"stop_id": "xyBTaHvp", "stop_name": "Pudur"}}, {"type": "Feature", "geometry": {"type": "Point", "coordinates": [80.241763, 13.128581]}, "properties": {"stop_id": "lxBswvKX", "stop_name": "Moolakadai"}}, {"type": "Feature", "geometry": {"type": "Point", "coordinates": [80.118626, 12.927652]}, "properties": {"stop_id": "ojqTFFWy", "stop_name": "Tambaram West Bus Stand"}}, {"type": "Feature", "geometry": {"type": "Point", "coordinates": [80.142042, 13.036928]}, "properties": {"stop_id": "glDvUhXc", "stop_name": "Ramachandra Hospital"}}, {"type": "Feature", "geometry": {"type": "Point", "coordinates": [80.128824, 13.058184]}, "properties": {"stop_id": "xYUjBvzT", "stop_name": "ACS Medical College"}}, {"type": "Feature", "geometry": {"type": "Point", "coordinates": [80.248135, 13.166923]}, "properties": {"stop_id": "BGAyznqC", "stop_name": "Mathur Second Main Road"}}, {"type": "Feature", "geometry": {"type": "Point", "coordinates": [80.221155, 12.976472]}, "properties": {"stop_id": "vNuEvleV", "stop_name": "Velachery"}}, {"type": "Feature", "geometry": {"type": "Point", "coordinates": [80.279969, 13.045575]}, "properties": {"stop_id": "yQIotbyH", "stop_name": "Queen Marys College"}}, {"type": "Feature", "geometry": {"type": "Point", "coordinates": [80.215382, 12.963623]}, "properties": {"stop_id": "lRwVVbKf", "stop_name": "Kaiveli"}}, {"type": "Feature", "geometry": {"type": "Point", "coordinates": [80.164263, 13.080836]}, "properties": {"stop_id": "mSGryPaH", "stop_name": "State Bank Of India"}}, {"type": "Feature", "geometry": {"type": "Point", "coordinates": [80.086228, 13.118908]}, "properties": {"stop_id": "erxKyHjj", "stop_name": "Kavarapalayam"}}, {"type": "Feature", "geometry": {"type": "Point", "coordinates": [80.239948, 12.949397]}, "properties": {"stop_id": "iMMoIvpS", "stop_name": "Nagathamman Temple"}}, {"type": "Feature", "geometry": {"type": "Point", "coordinates": [80.205093, 13.041037]}, "properties": {"stop_id": "qQrteapK", "stop_name": "Sivan Park"}}, {"type": "Feature", "geometry": {"type": "Point", "coordinates": [80.110042, 12.995984]}, "properties": {"stop_id": "siiqKFuN", "stop_name": "Andakuppam"}}, {"type": "Feature", "geometry": {"type": "Point", "coordinates": [80.072585, 13.082674]}, "properties": {"stop_id": "XwJbeVId", "stop_name": "Vayalanallur MGR Statue"}}, {"type": "Feature", "geometry": {"type": "Point", "coordinates": [80.275803, 13.104554]}, "properties": {"stop_id": "qdrjbHYS", "stop_name": "Vallalar Nagar Bus Depot"}}, {"type": "Feature", "geometry": {"type": "Point", "coordinates": [80.080546, 13.151595]}, "properties": {"stop_id": "PaIXMFSn", "stop_name": "CRPF School Or kuttavaili colony"}}, {"type": "Feature", "geometry": {"type": "Point", "coordinates": [80.086437, 12.845872]}, "properties": {"stop_id": "uEbOseyz", "stop_name": "Kattur Alamaram"}}, {"type": "Feature", "geometry": {"type": "Point", "coordinates": [80.028691, 13.299598]}, "properties": {"stop_id": "ESCCbptK", "stop_name": "Venkathakulam"}}, {"type": "Feature", "geometry": {"type": "Point", "coordinates": [80.26414, 13.076113]}, "properties": {"stop_id": "POdtxoZm", "stop_name": "Albert Theatre"}}, {"type": "Feature", "geometry": {"type": "Point", "coordinates": [80.226452, 13.022375]}, "properties": {"stop_id": "xiTGCYEl", "stop_name": "Saidapet"}}, {"type": "Feature", "geometry": {"type": "Point", "coordinates": [80.24076, 13.090517]}, "properties": {"stop_id": "tOfkaukv", "stop_name": "Medavakkam Mental Hospital"}}, {"type": "Feature", "geometry": {"type": "Point", "coordinates": [80.108279, 12.931461]}, "properties": {"stop_id": "cOTHHVzh", "stop_name": "RTO Office Tambaram"}}, {"type": "Feature", "geometry": {"type": "Point", "coordinates": [80.175862, 13.032949]}, "properties": {"stop_id": "iSMSiXHg", "stop_name": "Ramapuram"}}, {"type": "Feature", "geometry": {"type": "Point", "coordinates": [80.089956, 12.920895]}, "properties": {"stop_id": "hlYcHDiv", "stop_name": "Gandhi Nagar"}}, {"type": "Feature", "geometry": {"type": "Point", "coordinates": [80.257277, 13.169969]}, "properties": {"stop_id": "YoEMZEcq", "stop_name": "Manali Bus Terminal"}}, {"type": "Feature", "geometry": {"type": "Point", "coordinates": [80.211623, 12.964385]}, "properties": {"stop_id": "gJicbLzN", "stop_name": "AV Construction Or Srinivasa Nagar"}}, {"type": "Feature", "geometry": {"type": "Point", "coordinates": [80.089985, 12.982222]}, "properties": {"stop_id": "PrbXVSIs", "stop_name": "Kundrathur Natham Murugan Temple"}}, {"type": "Feature", "geometry": {"type": "Point", "coordinates": [80.236226, 13.458754]}, "properties": {"stop_id": "mEqtlIiP", "stop_name": "EB Transformer"}}, {"type": "Feature", "geometry": {"type": "Point", "coordinates": [80.126468, 13.0836]}, "properties": {"stop_id": "DZOaDIuU", "stop_name": "Koladi School"}}, {"type": "Feature", "geometry": {"type": "Point", "coordinates": [80.197902, 12.799898]}, "properties": {"stop_id": "eUifXINV", "stop_name": "Pudupakkam Or Vandaloor Road Junction"}}, {"type": "Feature", "geometry": {"type": "Point", "coordinates": [80.256867, 13.086441]}, "properties": {"stop_id": "SjZGieDS", "stop_name": "Doveton"}}, {"type": "Feature", "geometry": {"type": "Point", "coordinates": [80.221253, 12.976171]}, "properties": {"stop_id": "mexFgKBp", "stop_name": "Velachery"}}, {"type": "Feature", "geometry": {"type": "Point", "coordinates": [80.193608, 13.014352]}, "properties": {"stop_id": "FCQHCFVm", "stop_name": "Contonment Cemetery"}}, {"type": "Feature", "geometry": {"type": "Point", "coordinates": [80.202315, 13.130707]}, "properties": {"stop_id": "qTqvnQiR", "stop_name": "Teachers Colony"}}, {"type": "Feature", "geometry": {"type": "Point", "coordinates": [80.158931, 13.037379]}, "properties": {"stop_id": "oXQrzcje", "stop_name": "Karambakkam"}}, {"type": "Feature", "geometry": {"type": "Point", "coordinates": [80.267127, 13.109006]}, "properties": {"stop_id": "FcOkCcps", "stop_name": "Ramalingapuram Toll"}}, {"type": "Feature", "geometry": {"type": "Point", "coordinates": [80.025386, 13.153967]}, "properties": {"stop_id": "iyuxsgWB", "stop_name": "Pakkam Village"}}, {"type": "Feature", "geometry": {"type": "Point", "coordinates": [80.078463, 13.381051]}, "properties": {"stop_id": "vjFpNILE", "stop_name": "Iyerkandigai"}}, {"type": "Feature", "geometry": {"type": "Point", "coordinates": [80.060912, 13.109612]}, "properties": {"stop_id": "eGbCulMV", "stop_name": "Thandurai Pond"}}, {"type": "Feature", "geometry": {"type": "Point", "coordinates": [80.202371, 13.130676]}, "properties": {"stop_id": "ShCqTXMl", "stop_name": "Teachers Colony"}}, {"type": "Feature", "geometry": {"type": "Point", "coordinates": [80.188843, 13.087724]}, "properties": {"stop_id": "DLdtTvFi", "stop_name": "Collector Nagar"}}, {"type": "Feature", "geometry": {"type": "Point", "coordinates": [80.23197, 13.053932]}, "properties": {"stop_id": "vpctkpYQ", "stop_name": "Mahalingapuram"}}, {"type": "Feature", "geometry": {"type": "Point", "coordinates": [80.171249, 12.626021]}, "properties": {"stop_id": "eeUAfDeR", "stop_name": "Savadi"}}, {"type": "Feature", "geometry": {"type": "Point", "coordinates": [80.135057, 13.03792]}, "properties": {"stop_id": "hSRFRBsa", "stop_name": "Iyyappanthangal Bus Depot"}}, {"type": "Feature", "geometry": {"type": "Point", "coordinates": [80.023556, 13.100886]}, "properties": {"stop_id": "kXKEwBKv", "stop_name": "Ponniyammanmedu"}}, {"type": "Feature", "geometry": {"type": "Point", "coordinates": [80.302824, 13.149138]}, "properties": {"stop_id": "RjboLjDb", "stop_name": "Tiruchanankuppam"}}, {"type": "Feature", "geometry": {"type": "Point", "coordinates": [80.269994, 13.264081]}, "properties": {"stop_id": "JfIhOMTg", "stop_name": "Balaji Theatre Minjur"}}, {"type": "Feature", "geometry": {"type": "Point", "coordinates": [80.254974, 13.067717]}, "properties": {"stop_id": "ExPvCHrU", "stop_name": "Cooptex"}}, {"type": "Feature", "geometry": {"type": "Point", "coordinates": [80.032216, 12.949283]}, "properties": {"stop_id": "jJqyLkNG", "stop_name": "Somangalam"}}, {"type": "Feature", "geometry": {"type": "Point", "coordinates": [80.041141, 12.851679]}, "properties": {"stop_id": "uHruDGLY", "stop_name": "Kuthanur Road Junction"}}, {"type": "Feature", "geometry": {"type": "Point", "coordinates": [80.142145, 12.902073]}, "properties": {"stop_id": "IjDfGHsr", "stop_name": "Sathiyamurthy Nagar Camp Road"}}, {"type": "Feature", "geometry": {"type": "Point", "coordinates": [80.129512, 13.067702]}, "properties": {"stop_id": "RSRIdzBF", "stop_name": "Thiruverkadu MGR Nagar"}}, {"type": "Feature", "geometry": {"type": "Point", "coordinates": [80.091275, 13.101626]}, "properties": {"stop_id": "LbqeOjDq", "stop_name": "VGV Nagar"}}, {"type": "Feature", "geometry": {"type": "Point", "coordinates": [80.151497, 13.061687]}, "properties": {"stop_id": "wdfUFUDc", "stop_name": "Vanagaram Signal"}}, {"type": "Feature", "geometry": {"type": "Point", "coordinates": [80.286845, 13.103587]}, "properties": {"stop_id": "XEuSRnsw", "stop_name": "Bharathi Arts College"}}, {"type": "Feature", "geometry": {"type": "Point", "coordinates": [80.097664, 13.056485]}, "properties": {"stop_id": "JbCujTci", "stop_name": "Parivakkam Signal"}}, {"type": "Feature", "geometry": {"type": "Point", "coordinates": [80.294367, 13.124598]}, "properties": {"stop_id": "lBopHXdD", "stop_name": "Kasimedu"}}, {"type": "Feature", "geometry": {"type": "Point", "coordinates": [80.09742, 13.000099]}, "properties": {"stop_id": "SDEQaVyD", "stop_name": "Shri Nagathaman Temple"}}, {"type": "Feature", "geometry": {"type": "Point", "coordinates": [80.292759, 13.106167]}, "properties": {"stop_id": "NrpQUbAl", "stop_name": "Royapuram"}}, {"type": "Feature", "geometry": {"type": "Point", "coordinates": [80.284144, 13.105036]}, "properties": {"stop_id": "jiaBsTdI", "stop_name": "Stanley Hospital"}}, {"type": "Feature", "geometry": {"type": "Point", "coordinates": [80.237636, 13.076421]}, "properties": {"stop_id": "bWAbaUPC", "stop_name": "Taylors Road"}}, {"type": "Feature", "geometry": {"type": "Point", "coordinates": [80.109729, 12.896971]}, "properties": {"stop_id": "uGRyXcfW", "stop_name": "Sadanandapuram"}}, {"type": "Feature", "geometry": {"type": "Point", "coordinates": [80.020269, 13.237766]}, "properties": {"stop_id": "RzNLGwXH", "stop_name": "Pagalmedu"}}, {"type": "Feature", "geometry": {"type": "Point", "coordinates": [80.225688, 12.845848]}, "properties": {"stop_id": "dEwNKLNy", "stop_name": "Navallur"}}, {"type": "Feature", "geometry": {"type": "Point", "coordinates": [80.234067, 13.084176]}, "properties": {"stop_id": "izYvwhlO", "stop_name": "Kilpauk Garden"}}, {"type": "Feature", "geometry": {"type": "Point", "coordinates": [80.22863, 13.197749]}, "properties": {"stop_id": "GdpNupee", "stop_name": "Theyampakkam"}}, {"type": "Feature", "geometry": {"type": "Point", "coordinates": [80.096537, 13.138122]}, "properties": {"stop_id": "MokitPrF", "stop_name": "Kalaignar Nagar"}}, {"type": "Feature", "geometry": {"type": "Point", "coordinates": [80.152122, 13.110313]}, "properties": {"stop_id": "rckblBTM", "stop_name": "Canara Bank"}}, {"type": "Feature", "geometry": {"type": "Point", "coordinates": [80.253332, 12.942108]}, "properties": {"stop_id": "meZHMfSd", "stop_name": "Bhuari Hotel"}}, {"type": "Feature", "geometry": {"type": "Point", "coordinates": [80.182962, 12.992457]}, "properties": {"stop_id": "BgwdUHsv", "stop_name": "Air Port Carco"}}, {"type": "Feature", "geometry": {"type": "Point", "coordinates": [80.221039, 12.698134]}, "properties": {"stop_id": "iiHDFBMi", "stop_name": "Saibaba Temple"}}, {"type": "Feature", "geometry": {"type": "Point", "coordinates": [80.284526, 13.355399]}, "properties": {"stop_id": "KmBpjqPf", "stop_name": "Kattur"}}, {"type": "Feature", "geometry": {"type": "Point", "coordinates": [80.207323, 13.105669]}, "properties": {"stop_id": "rFdYeguL", "stop_name": "Villivakkam Sivan Koil"}}, {"type": "Feature", "geometry": {"type": "Point", "coordinates": [80.149486, 13.118006]}, "properties": {"stop_id": "eTnittuK", "stop_name": "Sir Ramaswami Mudaliar High School"}}, {"type": "Feature", "geometry": {"type": "Point", "coordinates": [80.078326, 13.280489]}, "properties": {"stop_id": "eypuAxqa", "stop_name": "Maduravoyal Rettai Kinaru"}}, {"type": "Feature", "geometry": {"type": "Point", "coordinates": [80.303509, 13.251518]}, "properties": {"stop_id": "EsTStEav", "stop_name": "Athipattu Pudhu Nagar"}}, {"type": "Feature", "geometry": {"type": "Point", "coordinates": [80.266344, 13.064679]}, "properties": {"stop_id": "NBopaFdP", "stop_name": "Lic"}}, {"type": "Feature", "geometry": {"type": "Point", "coordinates": [80.228285, 12.718738]}, "properties": {"stop_id": "JgwwvaMP", "stop_name": "Perur"}}, {"type": "Feature", "geometry": {"type": "Point", "coordinates": [80.31756, 13.248159]}, "properties": {"stop_id": "yDCZcPdO", "stop_name": "North Chennai Thermal Power Station"}}, {"type": "Feature", "geometry": {"type": "Point", "coordinates": [80.198838, 13.238122]}, "properties": {"stop_id": "ouHKxPGS", "stop_name": "Budur"}}, {"type": "Feature", "geometry": {"type": "Point", "coordinates": [80.196133, 13.001852]}, "properties": {"stop_id": "ntDOQspU", "stop_name": "St Thomas Mount Head Post Office"}}, {"type": "Feature", "geometry": {"type": "Point", "coordinates": [80.277563, 13.12426]}, "properties": {"stop_id": "HiAGzRks", "stop_name": "Korukkupet Police Station"}}, {"type": "Feature", "geometry": {"type": "Point", "coordinates": [80.253708, 13.078931]}, "properties": {"stop_id": "aUPouXsN", "stop_name": "Dasaprakash"}}, {"type": "Feature", "geometry": {"type": "Point", "coordinates": [80.241409, 13.129165]}, "properties": {"stop_id": "tBgOcvQf", "stop_name": "Moolakadai"}}, {"type": "Feature", "geometry": {"type": "Point", "coordinates": [80.205824, 13.018425]}, "properties": {"stop_id": "EVAUYvVR", "stop_name": "Ekkattuthangal Or Ambal Nagar"}}, {"type": "Feature", "geometry": {"type": "Point", "coordinates": [80.128395, 12.937465]}, "properties": {"stop_id": "NJxrRaUf", "stop_name": "Tambaram Sanatorium Bus Stand"}}, {"type": "Feature", "geometry": {"type": "Point", "coordinates": [80.188188, 12.918573]}, "properties": {"stop_id": "ERlrnknW", "stop_name": "Aakash Institute"}}, {"type": "Feature", "geometry": {"type": "Point", "coordinates": [80.232268, 12.932984]}, "properties": {"stop_id": "pjRBTtLk", "stop_name": "PTC Quarters Or Mootakaran Chavadi"}}, {"type": "Feature", "geometry": {"type": "Point", "coordinates": [80.196517, 13.216055]}, "properties": {"stop_id": "TjHiuybL", "stop_name": "Sothupakkam"}}, {"type": "Feature", "geometry": {"type": "Point", "coordinates": [80.204331, 13.076576]}, "properties": {"stop_id": "ufvngNip", "stop_name": "Arumbakkam PH Road"}}, {"type": "Feature", "geometry": {"type": "Point", "coordinates": [80.206657, 12.981398]}, "properties": {"stop_id": "cyoDDnik", "stop_name": "Ags Colony Office"}}, {"type": "Feature", "geometry": {"type": "Point", "coordinates": [80.197013, 13.062663]}, "properties": {"stop_id": "lOdrwgOe", "stop_name": "Chinmaya Nagar"}}, {"type": "Feature", "geometry": {"type": "Point", "coordinates": [80.153388, 13.268268]}, "properties": {"stop_id": "vitXJVTB", "stop_name": "Alinjivakkam"}}, {"type": "Feature", "geometry": {"type": "Point", "coordinates": [80.23977, 13.052824]}, "properties": {"stop_id": "ImIhxSnH", "stop_name": "Vetnary Hospital"}}, {"type": "Feature", "geometry": {"type": "Point", "coordinates": [80.147916, 13.010345]}, "properties": {"stop_id": "bgJHPJde", "stop_name": "Government High School"}}, {"type": "Feature", "geometry": {"type": "Point", "coordinates": [80.094851, 13.274517]}, "properties": {"stop_id": "CYkmgDbv", "stop_name": "Kannigaipair Bazar"}}, {"type": "Feature", "geometry": {"type": "Point", "coordinates": [80.277304, 13.051563]}, "properties": {"stop_id": "PbNNbEKu", "stop_name": "Swami Vivekananda House"}}, {"type": "Feature", "geometry": {"type": "Point", "coordinates": [80.169441, 13.088786]}, "properties": {"stop_id": "yAgyFeHo", "stop_name": "Mogaipair Road Junction"}}, {"type": "Feature", "geometry": {"type": "Point", "coordinates": [80.185488, 13.071513]}, "properties": {"stop_id": "owFNQNZv", "stop_name": "Nerkundram"}}, {"type": "Feature", "geometry": {"type": "Point", "coordinates": [80.159588, 12.961594]}, "properties": {"stop_id": "QkhvVJfO", "stop_name": "Syndicate Bank Vaithiyalingam"}}, {"type": "Feature", "geometry": {"type": "Point", "coordinates": [79.909372, 13.131656]}, "properties": {"stop_id": "MpxTTzjt", "stop_name": "Thiruvallur Post Office"}}, {"type": "Feature", "geometry": {"type": "Point", "coordinates": [80.229805, 13.183581]}, "properties": {"stop_id": "UufKZTKG", "stop_name": "Chettipedu"}}, {"type": "Feature", "geometry": {"type": "Point", "coordinates": [80.274818, 13.066239]}, "properties": {"stop_id": "LPQBwisp", "stop_name": "Kalaivanar Arangam"}}, {"type": "Feature", "geometry": {"type": "Point", "coordinates": [80.184352, 13.192824]}, "properties": {"stop_id": "xfbmoJHP", "stop_name": "Redhills Bus Terminus"}}, {"type": "Feature", "geometry": {"type": "Point", "coordinates": [80.26359, 13.01914]}, "properties": {"stop_id": "lWMzEGsN", "stop_name": "Music College Annamalai Puram"}}, {"type": "Feature", "geometry": {"type": "Point", "coordinates": [80.097856, 13.191771]}, "properties": {"stop_id": "WlXbaBoJ", "stop_name": "Kanniamman Naga"}}, {"type": "Feature", "geometry": {"type": "Point", "coordinates": [79.997738, 12.749928]}, "properties": {"stop_id": "XNqNMdqz", "stop_name": "Tirutheri Sathya Nagar"}}, {"type": "Feature", "geometry": {"type": "Point", "coordinates": [80.098593, 12.908779]}, "properties": {"stop_id": "YqlTLIQa", "stop_name": "Perungalatgur Lake View Stop"}}, {"type": "Feature", "geometry": {"type": "Point", "coordinates": [80.240077, 12.940163]}, "properties": {"stop_id": "BpeSOGyT", "stop_name": "Kumaran Kudi"}}, {"type": "Feature", "geometry": {"type": "Point", "coordinates": [80.184418, 13.111427]}, "properties": {"stop_id": "BYVXItej", "stop_name": "Korattur Bus Terminus"}}, {"type": "Feature", "geometry": {"type": "Point", "coordinates": [79.93146, 13.009711]}, "properties": {"stop_id": "fSQOYpje", "stop_name": "Parangusattram"}}, {"type": "Feature", "geometry": {"type": "Point", "coordinates": [80.146829, 13.095509]}, "properties": {"stop_id": "PsGHxMMo", "stop_name": "ICF Junction"}}, {"type": "Feature", "geometry": {"type": "Point", "coordinates": [80.237317, 13.053175]}, "properties": {"stop_id": "buAeVenh", "stop_name": "Periyar Salai"}}, {"type": "Feature", "geometry": {"type": "Point", "coordinates": [80.188335, 12.981427]}, "properties": {"stop_id": "vePIvsJu", "stop_name": "Rasi Silk"}}, {"type": "Feature", "geometry": {"type": "Point", "coordinates": [80.057651, 13.096221]}, "properties": {"stop_id": "FrKNovDQ", "stop_name": "JJ Nagar Thandurai"}}, {"type": "Feature", "geometry": {"type": "Point", "coordinates": [80.248455, 13.06781]}, "properties": {"stop_id": "CZfJWCoJ", "stop_name": "Womens Christian College"}}, {"type": "Feature", "geometry": {"type": "Point", "coordinates": [79.879466, 12.925345]}, "properties": {"stop_id": "VpHOqNar", "stop_name": "Sunguvarchatram"}}, {"type": "Feature", "geometry": {"type": "Point", "coordinates": [79.97901, 13.098047]}, "properties": {"stop_id": "nCgrSQNi", "stop_name": "Murukanchery"}}, {"type": "Feature", "geometry": {"type": "Point", "coordinates": [80.029927, 12.696175]}, "properties": {"stop_id": "xGVMKwkH", "stop_name": "Ganapureswarar Temple"}}, {"type": "Feature", "geometry": {"type": "Point", "coordinates": [80.186736, 13.031722]}, "properties": {"stop_id": "RrdfQruE", "stop_name": "Balaji Hospital"}}, {"type": "Feature", "geometry": {"type": "Point", "coordinates": [80.153919, 13.127229]}, "properties": {"stop_id": "CpULuhdq", "stop_name": "Oragadam"}}, {"type": "Feature", "geometry": {"type": "Point", "coordinates": [80.293431, 13.13534]}, "properties": {"stop_id": "ogrZorIF", "stop_name": "Lakshmi Amman Koil"}}, {"type": "Feature", "geometry": {"type": "Point", "coordinates": [80.154738, 13.168236]}, "properties": {"stop_id": "wuDdaesk", "stop_name": "Pammadukulam Pothur"}}, {"type": "Feature", "geometry": {"type": "Point", "coordinates": [80.274348, 13.050629]}, "properties": {"stop_id": "aRsTDGQj", "stop_name": "Thulakkanathamman Koil Muthaiah Street"}}, {"type": "Feature", "geometry": {"type": "Point", "coordinates": [79.990883, 13.14012]}, "properties": {"stop_id": "CwhdRXLi", "stop_name": "Panchayat Union Middle School Ayathur"}}, {"type": "Feature", "geometry": {"type": "Point", "coordinates": [80.108465, 13.093608]}, "properties": {"stop_id": "VMzKgUSR", "stop_name": "Iyankulam"}}, {"type": "Feature", "geometry": {"type": "Point", "coordinates": [80.262422, 13.08826]}, "properties": {"stop_id": "isVKhOXG", "stop_name": "Doveton Or Vepery"}}, {"type": "Feature", "geometry": {"type": "Point", "coordinates": [80.22195, 13.011863]}, "properties": {"stop_id": "GpnhEWuy", "stop_name": "Concorde or Chellammal College"}}, {"type": "Feature", "geometry": {"type": "Point", "coordinates": [80.177755, 12.719235]}, "properties": {"stop_id": "EZonlaGf", "stop_name": "Manamathi Koot Road"}}, {"type": "Feature", "geometry": {"type": "Point", "coordinates": [80.128052, 12.958006]}, "properties": {"stop_id": "ePAEtpYE", "stop_name": "Sri Ellaiamman Koil"}}, {"type": "Feature", "geometry": {"type": "Point", "coordinates": [80.140518, 12.942682]}, "properties": {"stop_id": "CyKtNncX", "stop_name": "Nehru Nagar"}}, {"type": "Feature", "geometry": {"type": "Point", "coordinates": [80.246743, 13.006807]}, "properties": {"stop_id": "biJBLznK", "stop_name": "Madhya Kailash"}}, {"type": "Feature", "geometry": {"type": "Point", "coordinates": [80.271809, 13.043997]}, "properties": {"stop_id": "RyfxjoUl", "stop_name": "City Centre Or Kalyani Hospital"}}, {"type": "Feature", "geometry": {"type": "Point", "coordinates": [80.111756, 13.074886]}, "properties": {"stop_id": "RFLUsFpq", "stop_name": "Panchayat Board"}}, {"type": "Feature", "geometry": {"type": "Point", "coordinates": [80.120034, 13.320908]}, "properties": {"stop_id": "RobpRsZS", "stop_name": "Siruvapuri Temple"}}, {"type": "Feature", "geometry": {"type": "Point", "coordinates": [80.220486, 13.198269]}, "properties": {"stop_id": "EsrGPUnZ", "stop_name": "Vilangadupakkam"}}, {"type": "Feature", "geometry": {"type": "Point", "coordinates": [80.232262, 13.285833]}, "properties": {"stop_id": "TGiiAnII", "stop_name": "Nalur Arikarai"}}, {"type": "Feature", "geometry": {"type": "Point", "coordinates": [80.280253, 13.045833]}, "properties": {"stop_id": "rloRqLNl", "stop_name": "Queen Marys College"}}, {"type": "Feature", "geometry": {"type": "Point", "coordinates": [80.242294, 12.865092]}, "properties": {"stop_id": "BzJNmTUM", "stop_name": "Anandbagh"}}, {"type": "Feature", "geometry": {"type": "Point", "coordinates": [80.13286, 12.872669]}, "properties": {"stop_id": "vFcwPIzF", "stop_name": "Vengambakkam Village"}}, {"type": "Feature", "geometry": {"type": "Point", "coordinates": [80.039503, 13.151495]}, "properties": {"stop_id": "OpqnHslm", "stop_name": "Melappedu"}}, {"type": "Feature", "geometry": {"type": "Point", "coordinates": [80.305445, 13.172191]}, "properties": {"stop_id": "qGgPbtbT", "stop_name": "Thiruvottiyur Ajax Bus Depot"}}, {"type": "Feature", "geometry": {"type": "Point", "coordinates": [80.115619, 13.46036]}, "properties": {"stop_id": "bWARUqJw", "stop_name": "Elavur Gate"}}, {"type": "Feature", "geometry": {"type": "Point", "coordinates": [80.265583, 13.114623]}, "properties": {"stop_id": "UyiYQRlM", "stop_name": "Vyasarpadi Ashok Pillar"}}, {"type": "Feature", "geometry": {"type": "Point", "coordinates": [80.183271, 13.267203]}, "properties": {"stop_id": "hPntpWoI", "stop_name": "Nerkundram"}}, {"type": "Feature", "geometry": {"type": "Point", "coordinates": [79.829503, 12.809128]}, "properties": {"stop_id": "eLJZyPxv", "stop_name": "Oothukadu Cross Road"}}, {"type": "Feature", "geometry": {"type": "Point", "coordinates": [80.015289, 12.982853]}, "properties": {"stop_id": "bnmlnfPt", "stop_name": "Kattrambakkam Bus Stand"}}, {"type": "Feature", "geometry": {"type": "Point", "coordinates": [80.167941, 12.920755]}, "properties": {"stop_id": "SgXyhVwd", "stop_name": "Sivet"}}, {"type": "Feature", "geometry": {"type": "Point", "coordinates": [80.296577, 13.131965]}, "properties": {"stop_id": "hEhmxyDr", "stop_name": "Nagara Thottam"}}, {"type": "Feature", "geometry": {"type": "Point", "coordinates": [80.029098, 13.119378]}, "properties": {"stop_id": "CNyHgccZ", "stop_name": "Government School"}}, {"type": "Feature", "geometry": {"type": "Point", "coordinates": [80.187652, 13.189253]}, "properties": {"stop_id": "WdOwNGhj", "stop_name": "Redhills Market"}}, {"type": "Feature", "geometry": {"type": "Point", "coordinates": [80.210353, 13.134253]}, "properties": {"stop_id": "ohBbDhvM", "stop_name": "Shekar Shesha Mahal"}}, {"type": "Feature", "geometry": {"type": "Point", "coordinates": [80.109247, 13.269664]}, "properties": {"stop_id": "DDFCohxX", "stop_name": "JNN Engineering College"}}, {"type": "Feature", "geometry": {"type": "Point", "coordinates": [80.196684, 13.221105]}, "properties": {"stop_id": "TimDJQqX", "stop_name": "Kummanur Colony"}}, {"type": "Feature", "geometry": {"type": "Point", "coordinates": [80.16248, 13.101234]}, "properties": {"stop_id": "zjjLSYAp", "stop_name": "Telephone Exchange"}}, {"type": "Feature", "geometry": {"type": "Point", "coordinates": [80.233493, 12.9817]}, "properties": {"stop_id": "AUlesEuc", "stop_name": "Bharathi Nagar"}}, {"type": "Feature", "geometry": {"type": "Point", "coordinates": [80.244085, 13.161738]}, "properties": {"stop_id": "bEuFbYIx", "stop_name": "MMC Veterinary University"}}, {"type": "Feature", "geometry": {"type": "Point", "coordinates": [79.90844, 13.082758]}, "properties": {"stop_id": "RldYRgxk", "stop_name": "T C L"}}, {"type": "Feature", "geometry": {"type": "Point", "coordinates": [80.32471, 13.312353]}, "properties": {"stop_id": "EpCFePOD", "stop_name": "L and T Corner"}}, {"type": "Feature", "geometry": {"type": "Point", "coordinates": [80.267853, 13.034013]}, "properties": {"stop_id": "gbxdgQQp", "stop_name": "Mylapore Tank"}}, {"type": "Feature", "geometry": {"type": "Point", "coordinates": [80.006663, 13.018741]}, "properties": {"stop_id": "iqMJUHot", "stop_name": "Mevalurkuppam"}}, {"type": "Feature", "geometry": {"type": "Point", "coordinates": [80.283363, 13.063924]}, "properties": {"stop_id": "FiMPvgnV", "stop_name": "Ezhilagam"}}, {"type": "Feature", "geometry": {"type": "Point", "coordinates": [80.240375, 12.831693]}, "properties": {"stop_id": "BDSRgQTg", "stop_name": "Muttukadu"}}, {"type": "Feature", "geometry": {"type": "Point", "coordinates": [80.260232, 13.099864]}, "properties": {"stop_id": "evYofZgS", "stop_name": "Pulianthope Police station P1"}}, {"type": "Feature", "geometry": {"type": "Point", "coordinates": [80.044234, 13.18002]}, "properties": {"stop_id": "cKQpuLql", "stop_name": "Kilkondaiyur"}}, {"type": "Feature", "geometry": {"type": "Point", "coordinates": [80.127688, 12.983197]}, "properties": {"stop_id": "xMwzCIXQ", "stop_name": "Anakaputhur Amman Kovil"}}, {"type": "Feature", "geometry": {"type": "Point", "coordinates": [80.1781, 12.957602]}, "properties": {"stop_id": "qrLMfnQh", "stop_name": "Alamaram"}}, {"type": "Feature", "geometry": {"type": "Point", "coordinates": [80.11386, 13.056384]}, "properties": {"stop_id": "WhRBEXGR", "stop_name": "Senneerkuppam"}}, {"type": "Feature", "geometry": {"type": "Point", "coordinates": [80.099457, 13.050359]}, "properties": {"stop_id": "pbzudprk", "stop_name": "Poonamallee Government Hospital"}}, {"type": "Feature", "geometry": {"type": "Point", "coordinates": [80.203364, 12.811039]}, "properties": {"stop_id": "SEKqfPxp", "stop_name": "Pudupakkam"}}, {"type": "Feature", "geometry": {"type": "Point", "coordinates": [80.106451, 12.750936]}, "properties": {"stop_id": "GeRuyZeo", "stop_name": "Kilven Road"}}, {"type": "Feature", "geometry": {"type": "Point", "coordinates": [80.210959, 12.879496]}, "properties": {"stop_id": "UHrXpouo", "stop_name": "Chemmenchery Arch"}}, {"type": "Feature", "geometry": {"type": "Point", "coordinates": [80.24117, 12.937974]}, "properties": {"stop_id": "NyGRVwEw", "stop_name": "Okkiam Thoraipakkam"}}, {"type": "Feature", "geometry": {"type": "Point", "coordinates": [80.205528, 12.940063]}, "properties": {"stop_id": "inAMLXyk", "stop_name": "Narayanapuram"}}, {"type": "Feature", "geometry": {"type": "Point", "coordinates": [80.22488, 13.076882]}, "properties": {"stop_id": "gDobDJgN", "stop_name": "Shenoy Nagar Or Pulla Avenue"}}, {"type": "Feature", "geometry": {"type": "Point", "coordinates": [80.228154, 12.907483]}, "properties": {"stop_id": "aZtqChJJ", "stop_name": "Dollar Or Accenture"}}, {"type": "Feature", "geometry": {"type": "Point", "coordinates": [80.263955, 13.051897]}, "properties": {"stop_id": "RGyQypSn", "stop_name": "Royapettah Police Station"}}, {"type": "Feature", "geometry": {"type": "Point", "coordinates": [80.087448, 13.21255]}, "properties": {"stop_id": "UsVsFgoS", "stop_name": "Poochi Athipet"}}, {"type": "Feature", "geometry": {"type": "Point", "coordinates": [80.100611, 12.935993]}, "properties": {"stop_id": "YxAufxIm", "stop_name": "Kannadapalayam"}}, {"type": "Feature", "geometry": {"type": "Point", "coordinates": [80.17765, 13.108732]}, "properties": {"stop_id": "pxIybRUN", "stop_name": "Aavin Dairy Ambattur"}}, {"type": "Feature", "geometry": {"type": "Point", "coordinates": [80.119091, 13.323084]}, "properties": {"stop_id": "rvjuJASP", "stop_name": "Ayyanar Medu"}}, {"type": "Feature", "geometry": {"type": "Point", "coordinates": [80.087664, 13.14217]}, "properties": {"stop_id": "TYAIdqeQ", "stop_name": "Thangaya Gate"}}, {"type": "Feature", "geometry": {"type": "Point", "coordinates": [80.180382, 12.691246]}, "properties": {"stop_id": "qoKVVYVH", "stop_name": "Alathur Colony"}}, {"type": "Feature", "geometry": {"type": "Point", "coordinates": [80.131652, 13.012564]}, "properties": {"stop_id": "cfrRCwNB", "stop_name": "Periyapanicherr"}}, {"type": "Feature", "geometry": {"type": "Point", "coordinates": [80.219761, 13.099247]}, "properties": {"stop_id": "HJTsgSzj", "stop_name": "Kambar Arangam"}}, {"type": "Feature", "geometry": {"type": "Point", "coordinates": [80.252334, 13.114662]}, "properties": {"stop_id": "uDuzeUsq", "stop_name": "Renuka Amman Koil BB Road"}}, {"type": "Feature", "geometry": {"type": "Point", "coordinates": [80.199538, 13.038858]}, "properties": {"stop_id": "EVcIyerQ", "stop_name": "Padma Shri School"}}, {"type": "Feature", "geometry": {"type": "Point", "coordinates": [80.147728, 13.115394]}, "properties": {"stop_id": "rUKSlFeh", "stop_name": "Uzhavar Santhai"}}, {"type": "Feature", "geometry": {"type": "Point", "coordinates": [80.258941, 13.07556]}, "properties": {"stop_id": "zavSPsgu", "stop_name": "T N Sports Authority"}}, {"type": "Feature", "geometry": {"type": "Point", "coordinates": [80.095404, 12.993264]}, "properties": {"stop_id": "zrlQGdaK", "stop_name": "SundaraVinayagar Ayyappan Temple"}}, {"type": "Feature", "geometry": {"type": "Point", "coordinates": [80.108181, 13.114332]}, "properties": {"stop_id": "LOIXCDqJ", "stop_name": "Avadi Mosque"}}, {"type": "Feature", "geometry": {"type": "Point", "coordinates": [80.160835, 13.239517]}, "properties": {"stop_id": "HdBHspFM", "stop_name": "Sholavaram"}}, {"type": "Feature", "geometry": {"type": "Point", "coordinates": [80.2268, 13.155908]}, "properties": {"stop_id": "VctBMYxC", "stop_name": "Omakulamedu"}}, {"type": "Feature", "geometry": {"type": "Point", "coordinates": [80.205318, 13.032659]}, "properties": {"stop_id": "BRTaWOYs", "stop_name": "Bharathidasan Colony"}}, {"type": "Feature", "geometry": {"type": "Point", "coordinates": [80.124278, 12.810675]}, "properties": {"stop_id": "VgMINmpb", "stop_name": "Melakottaiyur Or Meetupalayam"}}, {"type": "Feature", "geometry": {"type": "Point", "coordinates": [80.228389, 12.906312]}, "properties": {"stop_id": "HxnLIWQq", "stop_name": "Dollar Or Accenture"}}, {"type": "Feature", "geometry": {"type": "Point", "coordinates": [80.210126, 13.100381]}, "properties": {"stop_id": "NlwRCqPo", "stop_name": "Rail Museum ICF"}}, {"type": "Feature", "geometry": {"type": "Point", "coordinates": [80.206668, 13.234004]}, "properties": {"stop_id": "AIvMrZbX", "stop_name": "Budur Hospital"}}, {"type": "Feature", "geometry": {"type": "Point", "coordinates": [80.129578, 13.011609]}, "properties": {"stop_id": "sKTwWsMk", "stop_name": "Illakkiya Thirumanamandapam"}}, {"type": "Feature", "geometry": {"type": "Point", "coordinates": [80.224758, 13.162673]}, "properties": {"stop_id": "HYSXwpsm", "stop_name": "Manapakkam"}}, {"type": "Feature", "geometry": {"type": "Point", "coordinates": [80.190419, 13.335452]}, "properties": {"stop_id": "UAwQbGIv", "stop_name": "Ponneri Old Bus stand Or Ponneri Market"}}, {"type": "Feature", "geometry": {"type": "Point", "coordinates": [79.506773, 12.897297]}, "properties": {"stop_id": "QIOPMpXz", "stop_name": "Ocheri By Pass"}}, {"type": "Feature", "geometry": {"type": "Point", "coordinates": [80.12809, 13.228609]}, "properties": {"stop_id": "jfvbdeGs", "stop_name": "Old Erumai Vetti Palayam"}}, {"type": "Feature", "geometry": {"type": "Point", "coordinates": [80.197222, 13.001938]}, "properties": {"stop_id": "lQIpGOTn", "stop_name": "St Thomas Mount Head Post Office"}}, {"type": "Feature", "geometry": {"type": "Point", "coordinates": [80.19306, 13.01456]}, "properties": {"stop_id": "YzgNCqsj", "stop_name": "Contonment Cemetery"}}, {"type": "Feature", "geometry": {"type": "Point", "coordinates": [80.284283, 13.342657]}, "properties": {"stop_id": "mSHqQduu", "stop_name": "Thiru Vellivoyal Madha Koil"}}, {"type": "Feature", "geometry": {"type": "Point", "coordinates": [79.997779, 12.749733]}, "properties": {"stop_id": "LeICPOtv", "stop_name": "Tirutheri Sathya Nagar"}}, {"type": "Feature", "geometry": {"type": "Point", "coordinates": [80.308655, 13.183669]}, "properties": {"stop_id": "WQdyWhSR", "stop_name": "I T C"}}, {"type": "Feature", "geometry": {"type": "Point", "coordinates": [80.291887, 13.125397]}, "properties": {"stop_id": "rmNVGWDV", "stop_name": "Irumbu Company"}}, {"type": "Feature", "geometry": {"type": "Point", "coordinates": [80.208943, 13.041686]}, "properties": {"stop_id": "SDiGilLw", "stop_name": "Mathews Church"}}, {"type": "Feature", "geometry": {"type": "Point", "coordinates": [79.957151, 12.95439]}, "properties": {"stop_id": "QhscbmPA", "stop_name": "Tambaram Mudichur Koot Road"}}, {"type": "Feature", "geometry": {"type": "Point", "coordinates": [80.088043, 12.95252]}, "properties": {"stop_id": "IUBOlCKA", "stop_name": "Erumaiyur"}}, {"type": "Feature", "geometry": {"type": "Point", "coordinates": [80.013763, 12.970096]}, "properties": {"stop_id": "ElqrEMfW", "stop_name": "Amarambedu Road"}}, {"type": "Feature", "geometry": {"type": "Point", "coordinates": [80.2241, 13.028944]}, "properties": {"stop_id": "dlzglDFV", "stop_name": "Aranganathan Subway"}}, {"type": "Feature", "geometry": {"type": "Point", "coordinates": [80.261617, 13.048155]}, "properties": {"stop_id": "oXfrIVbN", "stop_name": "Gopalapuram"}}, {"type": "Feature", "geometry": {"type": "Point", "coordinates": [79.953339, 13.321731]}, "properties": {"stop_id": "jZWnwWbL", "stop_name": "Ellampettai"}}, {"type": "Feature", "geometry": {"type": "Point", "coordinates": [80.203267, 12.948652]}, "properties": {"stop_id": "XWLETkPz", "stop_name": "Sri Nagar"}}, {"type": "Feature", "geometry": {"type": "Point", "coordinates": [80.286013, 13.09319]}, "properties": {"stop_id": "EWPMCuEz", "stop_name": "Loyer Square Or Univesity Club Minerva"}}, {"type": "Feature", "geometry": {"type": "Point", "coordinates": [80.195324, 12.981542]}, "properties": {"stop_id": "jBqXNfJa", "stop_name": "Vanuvambedu"}}, {"type": "Feature", "geometry": {"type": "Point", "coordinates": [80.25443, 13.120478]}, "properties": {"stop_id": "lkujKSJT", "stop_name": "Sharma Nagar"}}, {"type": "Feature", "geometry": {"type": "Point", "coordinates": [80.324889, 13.312245]}, "properties": {"stop_id": "uNHtUGfb", "stop_name": "L and T Corner"}}, {"type": "Feature", "geometry": {"type": "Point", "coordinates": [80.267126, 13.130021]}, "properties": {"stop_id": "uUBnPWGG", "stop_name": "Kodungaiyur Dumping Station"}}, {"type": "Feature", "geometry": {"type": "Point", "coordinates": [80.098294, 12.909055]}, "properties": {"stop_id": "szgsvNJG", "stop_name": "Perungalatgur Lake View Stop"}}, {"type": "Feature", "geometry": {"type": "Point", "coordinates": [80.298323, 13.158695]}, "properties": {"stop_id": "vkSwBwcN", "stop_name": "Maattu Mandai Or KGL"}}, {"type": "Feature", "geometry": {"type": "Point", "coordinates": [79.926469, 12.948908]}, "properties": {"stop_id": "gNJqbiHM", "stop_name": "Vadamangalam Road Junction"}}, {"type": "Feature", "geometry": {"type": "Point", "coordinates": [80.148252, 13.24972]}, "properties": {"stop_id": "NIAyNhca", "stop_name": "Athur Erumai Vetti Palayam"}}, {"type": "Feature", "geometry": {"type": "Point", "coordinates": [80.249157, 13.055358]}, "properties": {"stop_id": "XAYndOhY", "stop_name": "M O P Vaishnava College"}}, {"type": "Feature", "geometry": {"type": "Point", "coordinates": [80.243597, 13.113452]}, "properties": {"stop_id": "SoCzlzVw", "stop_name": "Moonu Salai"}}, {"type": "Feature", "geometry": {"type": "Point", "coordinates": [80.0294, 13.201755]}, "properties": {"stop_id": "rQoGPwMA", "stop_name": "Indira Nagar"}}, {"type": "Feature", "geometry": {"type": "Point", "coordinates": [79.818826, 13.036366]}, "properties": {"stop_id": "bRfQnfCX", "stop_name": "Pattammal Chatram"}}, {"type": "Feature", "geometry": {"type": "Point", "coordinates": [80.241354, 13.126568]}, "properties": {"stop_id": "xMTUUeEc", "stop_name": "Simpson Moolakadai"}}, {"type": "Feature", "geometry": {"type": "Point", "coordinates": [80.244366, 13.063102]}, "properties": {"stop_id": "jcbMPQjL", "stop_name": "Sterling Road"}}, {"type": "Feature", "geometry": {"type": "Point", "coordinates": [80.185389, 13.195441]}, "properties": {"stop_id": "aPCwoaUD", "stop_name": "Palavoyal"}}, {"type": "Feature", "geometry": {"type": "Point", "coordinates": [80.316845, 13.210301]}, "properties": {"stop_id": "WPcaURVq", "stop_name": "Ashok Leyland Ennore"}}, {"type": "Feature", "geometry": {"type": "Point", "coordinates": [80.268701, 13.00344]}, "properties": {"stop_id": "YQjdQVmS", "stop_name": "Olcott Memorial Higher Secondary School"}}, {"type": "Feature", "geometry": {"type": "Point", "coordinates": [80.316322, 13.183008]}, "properties": {"stop_id": "GudLituF", "stop_name": "Ramakrishna Nagar"}}, {"type": "Feature", "geometry": {"type": "Point", "coordinates": [80.20302, 13.158356]}, "properties": {"stop_id": "rbVbMNcM", "stop_name": "Puzhal Camp"}}, {"type": "Feature", "geometry": {"type": "Point", "coordinates": [80.286878, 13.122325]}, "properties": {"stop_id": "KnWWIWQx", "stop_name": "Mani Koondu"}}, {"type": "Feature", "geometry": {"type": "Point", "coordinates": [80.187551, 13.031617]}, "properties": {"stop_id": "BzikVGUK", "stop_name": "Nellai Stores"}}, {"type": "Feature", "geometry": {"type": "Point", "coordinates": [80.114402, 12.992573]}, "properties": {"stop_id": "ytpyzEDk", "stop_name": "Manacherry"}}, {"type": "Feature", "geometry": {"type": "Point", "coordinates": [80.004656, 13.310672]}, "properties": {"stop_id": "HsmdKMgN", "stop_name": "Thandalam"}}, {"type": "Feature", "geometry": {"type": "Point", "coordinates": [80.251255, 13.19099]}, "properties": {"stop_id": "bgsGiKIs", "stop_name": "Ariyalur Bus Stop"}}, {"type": "Feature", "geometry": {"type": "Point", "coordinates": [80.257004, 13.136188]}, "properties": {"stop_id": "HTcmpFUD", "stop_name": "Kaviarasu Kannadasan Nagar Bus Stand"}}, {"type": "Feature", "geometry": {"type": "Point", "coordinates": [80.096781, 12.998905]}, "properties": {"stop_id": "OMhVSsxv", "stop_name": "Theradi"}}, {"type": "Feature", "geometry": {"type": "Point", "coordinates": [79.860508, 12.817069]}, "properties": {"stop_id": "UEqgngwR", "stop_name": "Maduranallur"}}, {"type": "Feature", "geometry": {"type": "Point", "coordinates": [80.211143, 13.009412]}, "properties": {"stop_id": "mnkgCFDT", "stop_name": "Guindy Bus Terminus"}}, {"type": "Feature", "geometry": {"type": "Point", "coordinates": [79.87157, 12.889442]}, "properties": {"stop_id": "iPhdYOzt", "stop_name": "Kunnam Village"}}, {"type": "Feature", "geometry": {"type": "Point", "coordinates": [79.997787, 13.279869]}, "properties": {"stop_id": "TgetSQHU", "stop_name": "Melmaligaipattu"}}, {"type": "Feature", "geometry": {"type": "Point", "coordinates": [80.229353, 12.830989]}, "properties": {"stop_id": "IyDNJzPw", "stop_name": "Sipcot"}}, {"type": "Feature", "geometry": {"type": "Point", "coordinates": [80.275323, 13.091647]}, "properties": {"stop_id": "MURlCahD", "stop_name": "Elephant Gate"}}, {"type": "Feature", "geometry": {"type": "Point", "coordinates": [80.149707, 13.043481]}, "properties": {"stop_id": "ZijVddwt", "stop_name": "Porur Toll Plaza"}}, {"type": "Feature", "geometry": {"type": "Point", "coordinates": [80.067607, 13.120319]}, "properties": {"stop_id": "MFfExqBx", "stop_name": "Vao Office"}}, {"type": "Feature", "geometry": {"type": "Point", "coordinates": [80.302466, 13.160646]}, "properties": {"stop_id": "leJfirnk", "stop_name": "Theradi"}}, {"type": "Feature", "geometry": {"type": "Point", "coordinates": [80.045086, 12.964341]}, "properties": {"stop_id": "NsShbegC", "stop_name": "Poonthandalam"}}, {"type": "Feature", "geometry": {"type": "Point", "coordinates": [80.173181, 13.309031]}, "properties": {"stop_id": "VKAAZZOV", "stop_name": "Madhavaram"}}, {"type": "Feature", "geometry": {"type": "Point", "coordinates": [80.238895, 12.928565]}, "properties": {"stop_id": "jGceibqP", "stop_name": "Kannagi Nagar TNSCB Office Or Fish Market"}}, {"type": "Feature", "geometry": {"type": "Point", "coordinates": [80.176033, 13.082059]}, "properties": {"stop_id": "HMMQvpHF", "stop_name": "Corporation School"}}, {"type": "Feature", "geometry": {"type": "Point", "coordinates": [80.171983, 12.93907]}, "properties": {"stop_id": "vBTWrpdh", "stop_name": "Vijayalakshmi"}}, {"type": "Feature", "geometry": {"type": "Point", "coordinates": [79.937985, 13.10775]}, "properties": {"stop_id": "oFutYOve", "stop_name": "Putlur"}}, {"type": "Feature", "geometry": {"type": "Point", "coordinates": [80.185476, 13.09029]}, "properties": {"stop_id": "MRNmFwSk", "stop_name": "Elango Nagar Officers Colony"}}, {"type": "Feature", "geometry": {"type": "Point", "coordinates": [80.278356, 13.082243]}, "properties": {"stop_id": "BQqYmuyR", "stop_name": "Nurse Quarters"}}, {"type": "Feature", "geometry": {"type": "Point", "coordinates": [80.070011, 12.856959]}, "properties": {"stop_id": "MyGqmywG", "stop_name": "Palakka Company"}}, {"type": "Feature", "geometry": {"type": "Point", "coordinates": [80.048902, 12.975384]}, "properties": {"stop_id": "oWTTFPnV", "stop_name": "Somangalam Road Or N V R D Junction"}}, {"type": "Feature", "geometry": {"type": "Point", "coordinates": [80.269952, 13.086992]}, "properties": {"stop_id": "PaLbQtln", "stop_name": "Nehru Stadium Or Taluka Office"}}, {"type": "Feature", "geometry": {"type": "Point", "coordinates": [80.156314, 12.937349]}, "properties": {"stop_id": "TjIpsyZG", "stop_name": "Auto Stand"}}, {"type": "Feature", "geometry": {"type": "Point", "coordinates": [80.152, 13.118497]}, "properties": {"stop_id": "KdjrLWjn", "stop_name": "Amma Hotel"}}, {"type": "Feature", "geometry": {"type": "Point", "coordinates": [80.061569, 13.054565]}, "properties": {"stop_id": "DpfRSiIE", "stop_name": "Thirumazhisai Koil"}}, {"type": "Feature", "geometry": {"type": "Point", "coordinates": [80.186347, 13.096079]}, "properties": {"stop_id": "AoxuCYmM", "stop_name": "Maruthi Theater"}}, {"type": "Feature", "geometry": {"type": "Point", "coordinates": [80.154504, 13.484831]}, "properties": {"stop_id": "czDOARXC", "stop_name": "Vinayakar Koil Or Om Chamutiram"}}, {"type": "Feature", "geometry": {"type": "Point", "coordinates": [80.106965, 12.870413]}, "properties": {"stop_id": "GpOUDfXM", "stop_name": "Kolapakkam Junction"}}, {"type": "Feature", "geometry": {"type": "Point", "coordinates": [80.2065, 13.118764]}, "properties": {"stop_id": "DdAJghjk", "stop_name": "Srinivasa Nagar"}}, {"type": "Feature", "geometry": {"type": "Point", "coordinates": [80.235475, 13.241244]}, "properties": {"stop_id": "lwnNYJcg", "stop_name": "Periamullaivoyal"}}, {"type": "Feature", "geometry": {"type": "Point", "coordinates": [80.229562, 12.830863]}, "properties": {"stop_id": "lbFoZTYJ", "stop_name": "Sipcot"}}, {"type": "Feature", "geometry": {"type": "Point", "coordinates": [80.153833, 12.939493]}, "properties": {"stop_id": "MDGVFhVD", "stop_name": "Hasthinapuram Mosque"}}, {"type": "Feature", "geometry": {"type": "Point", "coordinates": [80.154675, 12.963363]}, "properties": {"stop_id": "iooOeHkN", "stop_name": "Dharga Road"}}, {"type": "Feature", "geometry": {"type": "Point", "coordinates": [80.068658, 12.908968]}, "properties": {"stop_id": "EzrJiyuu", "stop_name": "Varadarajapuram"}}, {"type": "Feature", "geometry": {"type": "Point", "coordinates": [79.993016, 13.095461]}, "properties": {"stop_id": "kyzXrTZq", "stop_name": "Mettukandigai"}}, {"type": "Feature", "geometry": {"type": "Point", "coordinates": [80.183021, 12.978106]}, "properties": {"stop_id": "lBcqwpvX", "stop_name": "Nanganallur MGR Road"}}, {"type": "Feature", "geometry": {"type": "Point", "coordinates": [80.149462, 13.043967]}, "properties": {"stop_id": "bmUdUOzs", "stop_name": "Porur Toll Plaza"}}, {"type": "Feature", "geometry": {"type": "Point", "coordinates": [80.103138, 13.12042]}, "properties": {"stop_id": "bciZjPUu", "stop_name": "Avadi HVF Road"}}, {"type": "Feature", "geometry": {"type": "Point", "coordinates": [80.262386, 12.996337]}, "properties": {"stop_id": "flXjJYer", "stop_name": "Vannandurai"}}, {"type": "Feature", "geometry": {"type": "Point", "coordinates": [80.265719, 13.123415]}, "properties": {"stop_id": "KHbKaRBy", "stop_name": "Mullai Nagar Bus Stand"}}, {"type": "Feature", "geometry": {"type": "Point", "coordinates": [80.279872, 13.106241]}, "properties": {"stop_id": "jeadfqyj", "stop_name": "Mint Bus Terminal Or Vallalar Nagar"}}, {"type": "Feature", "geometry": {"type": "Point", "coordinates": [79.980362, 13.129115]}, "properties": {"stop_id": "qwyUufRP", "stop_name": "Kandan Kollai"}}, {"type": "Feature", "geometry": {"type": "Point", "coordinates": [80.023197, 12.800049]}, "properties": {"stop_id": "RvWjyDDD", "stop_name": "Maraimalai Nagar"}}, {"type": "Feature", "geometry": {"type": "Point", "coordinates": [80.259196, 13.113433]}, "properties": {"stop_id": "xNgkqoUR", "stop_name": "Melpatti Ponnaiyan Street Erikkarai"}}, {"type": "Feature", "geometry": {"type": "Point", "coordinates": [80.231495, 13.246032]}, "properties": {"stop_id": "dbNaZeWx", "stop_name": "Vazhuthalambedu"}}, {"type": "Feature", "geometry": {"type": "Point", "coordinates": [80.233082, 13.047249]}, "properties": {"stop_id": "vrgENeuF", "stop_name": "Viveks And Company"}}, {"type": "Feature", "geometry": {"type": "Point", "coordinates": [80.149376, 12.864889]}, "properties": {"stop_id": "TEuwlied", "stop_name": "Vengadamangalam Childrens Park"}}, {"type": "Feature", "geometry": {"type": "Point", "coordinates": [80.029979, 12.960642]}, "properties": {"stop_id": "rmmCKKeS", "stop_name": "Nallur"}}, {"type": "Feature", "geometry": {"type": "Point", "coordinates": [80.168727, 13.038779]}, "properties": {"stop_id": "RCkelXPh", "stop_name": "Jai Garden"}}, {"type": "Feature", "geometry": {"type": "Point", "coordinates": [80.222957, 12.796084]}, "properties": {"stop_id": "hMBIVszx", "stop_name": "Chettinad Hospital"}}, {"type": "Feature", "geometry": {"type": "Point", "coordinates": [79.942628, 12.85128]}, "properties": {"stop_id": "SRJkWTfK", "stop_name": "Oragadam Road Junction"}}, {"type": "Feature", "geometry": {"type": "Point", "coordinates": [80.248204, 12.778887]}, "properties": {"stop_id": "ZNFFlclk", "stop_name": "Kovalam Chamjarai"}}, {"type": "Feature", "geometry": {"type": "Point", "coordinates": [80.241434, 13.018743]}, "properties": {"stop_id": "OJyOyFXO", "stop_name": "Kotturpuram"}}, {"type": "Feature", "geometry": {"type": "Point", "coordinates": [80.103526, 13.334614]}, "properties": {"stop_id": "ttlZXoMn", "stop_name": "Chinnambedu Lake"}}, {"type": "Feature", "geometry": {"type": "Point", "coordinates": [80.195809, 13.343973]}, "properties": {"stop_id": "QFazRNUC", "stop_name": "Chinnakavanam Junction"}}, {"type": "Feature", "geometry": {"type": "Point", "coordinates": [80.311652, 13.172525]}, "properties": {"stop_id": "xWKOjfGB", "stop_name": "Carborundum Universal"}}, {"type": "Feature", "geometry": {"type": "Point", "coordinates": [80.113488, 13.025715]}, "properties": {"stop_id": "AyRaCeuc", "stop_name": "Kalamagal Nagar"}}, {"type": "Feature", "geometry": {"type": "Point", "coordinates": [80.242403, 13.059341]}, "properties": {"stop_id": "sCyvkPkr", "stop_name": "Nungambakkam Police Station"}}, {"type": "Feature", "geometry": {"type": "Point", "coordinates": [80.259457, 13.079378]}, "properties": {"stop_id": "JSZZmOIY", "stop_name": "Y W C A"}}, {"type": "Feature", "geometry": {"type": "Point", "coordinates": [80.314535, 13.204593]}, "properties": {"stop_id": "cRLBVFvQ", "stop_name": "Post Office Ennore"}}, {"type": "Feature", "geometry": {"type": "Point", "coordinates": [79.890124, 13.019933]}, "properties": {"stop_id": "liUSqvwm", "stop_name": "Mettukadai Samathuvapuram"}}, {"type": "Feature", "geometry": {"type": "Point", "coordinates": [80.228186, 13.023758]}, "properties": {"stop_id": "DOGyniWl", "stop_name": "Saidapet Metro"}}, {"type": "Feature", "geometry": {"type": "Point", "coordinates": [80.205379, 13.122188]}, "properties": {"stop_id": "GMWYHdsi", "stop_name": "Rajamangalam Police Station"}}, {"type": "Feature", "geometry": {"type": "Point", "coordinates": [80.250662, 12.918849]}, "properties": {"stop_id": "RwWmKtXH", "stop_name": "Injambakkam"}}, {"type": "Feature", "geometry": {"type": "Point", "coordinates": [80.10612, 12.925705]}, "properties": {"stop_id": "yAsGVYQM", "stop_name": "Tambaram West"}}, {"type": "Feature", "geometry": {"type": "Point", "coordinates": [79.860577, 12.816873]}, "properties": {"stop_id": "JGmgdpWx", "stop_name": "Maduranallur"}}, {"type": "Feature", "geometry": {"type": "Point", "coordinates": [80.188712, 13.093242]}, "properties": {"stop_id": "EZJUvtOp", "stop_name": "Pilliyar Kovil"}}, {"type": "Feature", "geometry": {"type": "Point", "coordinates": [80.150115, 13.485238]}, "properties": {"stop_id": "xaFIWdbd", "stop_name": "Om Chamutiram School"}}, {"type": "Feature", "geometry": {"type": "Point", "coordinates": [79.938152, 12.948382]}, "properties": {"stop_id": "ZmIcXqCD", "stop_name": "Nokia"}}, {"type": "Feature", "geometry": {"type": "Point", "coordinates": [80.14757, 13.296606]}, "properties": {"stop_id": "qqDoWQdv", "stop_name": "Thachur Koot Road Junction"}}, {"type": "Feature", "geometry": {"type": "Point", "coordinates": [80.267709, 13.038422]}, "properties": {"stop_id": "oQvXmJfL", "stop_name": "Luz Corner"}}, {"type": "Feature", "geometry": {"type": "Point", "coordinates": [80.220059, 13.03224]}, "properties": {"stop_id": "yXKTuRtI", "stop_name": "Mettupalayam"}}, {"type": "Feature", "geometry": {"type": "Point", "coordinates": [80.074514, 13.147004]}, "properties": {"stop_id": "yfDSCLNC", "stop_name": "Avadi Air Force Main Gate"}}, {"type": "Feature", "geometry": {"type": "Point", "coordinates": [80.207035, 13.049328]}, "properties": {"stop_id": "lqMPnIra", "stop_name": "Vadapalani Bus Stand"}}, {"type": "Feature", "geometry": {"type": "Point", "coordinates": [79.918402, 13.029685]}, "properties": {"stop_id": "TPYHEEdQ", "stop_name": "Sengadu"}}, {"type": "Feature", "geometry": {"type": "Point", "coordinates": [80.160727, 13.484811]}, "properties": {"stop_id": "CyecXZGv", "stop_name": "Shanthi Nagar Or Om Chamutiram"}}, {"type": "Feature", "geometry": {"type": "Point", "coordinates": [80.217379, 12.780641]}, "properties": {"stop_id": "CgMBzfIg", "stop_name": "Elavanthangal"}}, {"type": "Feature", "geometry": {"type": "Point", "coordinates": [80.080685, 13.151738]}, "properties": {"stop_id": "FyAVeoLb", "stop_name": "CRPF School Or kuttavaili colony"}}, {"type": "Feature", "geometry": {"type": "Point", "coordinates": [79.921501, 13.329131]}, "properties": {"stop_id": "IypCuTzh", "stop_name": "Thommaram Bedu"}}, {"type": "Feature", "geometry": {"type": "Point", "coordinates": [80.16395, 12.882716]}, "properties": {"stop_id": "VEafRBFt", "stop_name": "Erikarai Agaramthen"}}, {"type": "Feature", "geometry": {"type": "Point", "coordinates": [79.908394, 13.082539]}, "properties": {"stop_id": "yMEEwloH", "stop_name": "T C L"}}, {"type": "Feature", "geometry": {"type": "Point", "coordinates": [80.006568, 13.094378]}, "properties": {"stop_id": "QexJFwXO", "stop_name": "Periya Kottamedu"}}, {"type": "Feature", "geometry": {"type": "Point", "coordinates": [80.265939, 13.00034]}, "properties": {"stop_id": "jpIJprWb", "stop_name": "Besant Nagar Terminus"}}, {"type": "Feature", "geometry": {"type": "Point", "coordinates": [80.259241, 13.071585]}, "properties": {"stop_id": "YjHuxjDZ", "stop_name": "Egmore Womens Hospital"}}, {"type": "Feature", "geometry": {"type": "Point", "coordinates": [80.250193, 13.084898]}, "properties": {"stop_id": "SqxhBMol", "stop_name": "Motcham Aysha Hospital Or Motcham Theatre"}}, {"type": "Feature", "geometry": {"type": "Point", "coordinates": [80.273908, 13.225878]}, "properties": {"stop_id": "RLMiJrFV", "stop_name": "Old Nappalayam"}}, {"type": "Feature", "geometry": {"type": "Point", "coordinates": [80.069054, 13.085588]}, "properties": {"stop_id": "eLEJvIlJ", "stop_name": "Vayalanallur Koil"}}, {"type": "Feature", "geometry": {"type": "Point", "coordinates": [80.159625, 13.242802]}, "properties": {"stop_id": "UVDfwOgc", "stop_name": "Sholavaram High School Or BDO Office"}}, {"type": "Feature", "geometry": {"type": "Point", "coordinates": [80.198554, 13.27465]}, "properties": {"stop_id": "WjngiDTm", "stop_name": "Pudukuppam"}}, {"type": "Feature", "geometry": {"type": "Point", "coordinates": [80.091544, 12.996763]}, "properties": {"stop_id": "goRcVeQH", "stop_name": "Uzhavar Santhai"}}, {"type": "Feature", "geometry": {"type": "Point", "coordinates": [80.184874, 12.770778]}, "properties": {"stop_id": "NtHXPmMe", "stop_name": "Thaiyur Koman Nagar Road Junction"}}, {"type": "Feature", "geometry": {"type": "Point", "coordinates": [80.248212, 13.108384]}, "properties": {"stop_id": "qDeoslSZ", "stop_name": "Perambur Bus Terminus"}}, {"type": "Feature", "geometry": {"type": "Point", "coordinates": [80.115509, 12.867122]}, "properties": {"stop_id": "UTnQirag", "stop_name": "Ramanujar Engg College Or Balaji Plytechnic"}}, {"type": "Feature", "geometry": {"type": "Point", "coordinates": [79.847742, 12.813512]}, "properties": {"stop_id": "noxZOiRl", "stop_name": "Nathanallur"}}, {"type": "Feature", "geometry": {"type": "Point", "coordinates": [80.040286, 12.891983]}, "properties": {"stop_id": "nvtqczOj", "stop_name": "MGR Nagar"}}, {"type": "Feature", "geometry": {"type": "Point", "coordinates": [80.215115, 13.248114]}, "properties": {"stop_id": "IyPglFnI", "stop_name": "Mabuskanpetai"}}, {"type": "Feature", "geometry": {"type": "Point", "coordinates": [80.191514, 13.150785]}, "properties": {"stop_id": "wPeqfEci", "stop_name": "Velammal College"}}, {"type": "Feature", "geometry": {"type": "Point", "coordinates": [80.183842, 13.192819]}, "properties": {"stop_id": "PyfNKmSh", "stop_name": "Red Hills Bus Stand"}}, {"type": "Feature", "geometry": {"type": "Point", "coordinates": [80.182787, 13.437901]}, "properties": {"stop_id": "ybeqLsHP", "stop_name": "Seganiyam 1"}}, {"type": "Feature", "geometry": {"type": "Point", "coordinates": [80.145066, 12.675975]}, "properties": {"stop_id": "pjnGNdLD", "stop_name": "Ammur Colony"}}, {"type": "Feature", "geometry": {"type": "Point", "coordinates": [80.229887, 13.099765]}, "properties": {"stop_id": "sKbmdUEJ", "stop_name": "Joint Office"}}, {"type": "Feature", "geometry": {"type": "Point", "coordinates": [80.205588, 13.035679]}, "properties": {"stop_id": "sZwmfbNt", "stop_name": "K K Nagar"}}, {"type": "Feature", "geometry": {"type": "Point", "coordinates": [80.016646, 13.412408]}, "properties": {"stop_id": "Auhwfubg", "stop_name": "Thaanipoondi"}}, {"type": "Feature", "geometry": {"type": "Point", "coordinates": [80.039769, 13.066662]}, "properties": {"stop_id": "PzVFlDkT", "stop_name": "Mel Menambedu"}}, {"type": "Feature", "geometry": {"type": "Point", "coordinates": [80.14333, 12.912506]}, "properties": {"stop_id": "JhdinCeD", "stop_name": "Indira Nagar Camp Road"}}, {"type": "Feature", "geometry": {"type": "Point", "coordinates": [80.118744, 12.658557]}, "properties": {"stop_id": "fvMkSwKl", "stop_name": "Manamathi Or Acharavakkam"}}, {"type": "Feature", "geometry": {"type": "Point", "coordinates": [80.129121, 12.828395]}, "properties": {"stop_id": "KkzZXaKP", "stop_name": "Keerapakkam"}}, {"type": "Feature", "geometry": {"type": "Point", "coordinates": [80.245886, 13.166895]}, "properties": {"stop_id": "PUIIuxlM", "stop_name": "Mathur Gate"}}, {"type": "Feature", "geometry": {"type": "Point", "coordinates": [80.211081, 13.230672]}, "properties": {"stop_id": "iKWaHdND", "stop_name": "Marampedu Tea Shop"}}, {"type": "Feature", "geometry": {"type": "Point", "coordinates": [80.108314, 13.094061]}, "properties": {"stop_id": "MyVorJBj", "stop_name": "Iyankulam"}}, {"type": "Feature", "geometry": {"type": "Point", "coordinates": [80.143667, 12.922461]}, "properties": {"stop_id": "fQRLOpha", "stop_name": "Camp Road Junction Selaiyur"}}, {"type": "Feature", "geometry": {"type": "Point", "coordinates": [80.249817, 12.786754]}, "properties": {"stop_id": "uaUalZjh", "stop_name": "Kovalam Bus Stand"}}, {"type": "Feature", "geometry": {"type": "Point", "coordinates": [80.06178, 12.69309]}, "properties": {"stop_id": "AlojXgfn", "stop_name": "Thandarai Or Perunthandalam"}}, {"type": "Feature", "geometry": {"type": "Point", "coordinates": [80.183908, 13.241153]}, "properties": {"stop_id": "rREIWzym", "stop_name": "Orakkadu"}}, {"type": "Feature", "geometry": {"type": "Point", "coordinates": [80.163843, 13.06114]}, "properties": {"stop_id": "EnhcBMcG", "stop_name": "Alapakkam Maduravoyal"}}, {"type": "Feature", "geometry": {"type": "Point", "coordinates": [80.274236, 13.242528]}, "properties": {"stop_id": "rrYLcPKJ", "stop_name": "G R Palayam"}}, {"type": "Feature", "geometry": {"type": "Point", "coordinates": [80.203065, 13.236748]}, "properties": {"stop_id": "FPXdCAOW", "stop_name": "Budur Ambedkar Statue"}}, {"type": "Feature", "geometry": {"type": "Point", "coordinates": [80.282887, 13.061291]}, "properties": {"stop_id": "qFzqwYZZ", "stop_name": "Marina Beach"}}, {"type": "Feature", "geometry": {"type": "Point", "coordinates": [80.170542, 12.882502]}, "properties": {"stop_id": "ugwdZZUk", "stop_name": "Kovilanchery"}}, {"type": "Feature", "geometry": {"type": "Point", "coordinates": [80.117197, 12.959262]}, "properties": {"stop_id": "XFpFKXXh", "stop_name": "Thiruneermalai"}}, {"type": "Feature", "geometry": {"type": "Point", "coordinates": [80.143087, 13.334785]}, "properties": {"stop_id": "MgfOYJbA", "stop_name": "Puduvayal"}}, {"type": "Feature", "geometry": {"type": "Point", "coordinates": [80.225677, 13.021144]}, "properties": {"stop_id": "GbYxEXTt", "stop_name": "Tamil Nadu Open University Or Panagal Maligai"}}, {"type": "Feature", "geometry": {"type": "Point", "coordinates": [80.104555, 13.145346]}, "properties": {"stop_id": "TCQmGnBb", "stop_name": "Kovilpathagai Bharathi Nagar"}}, {"type": "Feature", "geometry": {"type": "Point", "coordinates": [80.06911, 13.213438]}, "properties": {"stop_id": "VwYVTziR", "stop_name": "Jaya Suriya Engineering College"}}, {"type": "Feature", "geometry": {"type": "Point", "coordinates": [80.117236, 13.205955]}, "properties": {"stop_id": "AjvyZYOZ", "stop_name": "Alamathi Cattle Farm"}}, {"type": "Feature", "geometry": {"type": "Point", "coordinates": [80.303339, 13.164051]}, "properties": {"stop_id": "MrybjzSo", "stop_name": "Thiruvottiyur Market"}}, {"type": "Feature", "geometry": {"type": "Point", "coordinates": [80.273341, 13.207437]}, "properties": {"stop_id": "IWsbluFe", "stop_name": "Manali New Town Old Bus Terminal"}}, {"type": "Feature", "geometry": {"type": "Point", "coordinates": [80.141046, 13.355653]}, "properties": {"stop_id": "QiaFfhxS", "stop_name": "RMK College"}}, {"type": "Feature", "geometry": {"type": "Point", "coordinates": [80.275332, 13.309788]}, "properties": {"stop_id": "nJqXilaA", "stop_name": "Chinna Neidavoya"}}, {"type": "Feature", "geometry": {"type": "Point", "coordinates": [80.165653, 13.227225]}, "properties": {"stop_id": "CtzBEXfZ", "stop_name": "Sembilivaram Or Nallur Road Junction"}}, {"type": "Feature", "geometry": {"type": "Point", "coordinates": [80.090324, 12.969277]}, "properties": {"stop_id": "MEUYJwAC", "stop_name": "Thirumudivakkam SIDCO"}}, {"type": "Feature", "geometry": {"type": "Point", "coordinates": [80.230988, 13.136493]}, "properties": {"stop_id": "fjevhefZ", "stop_name": "Kanagachathiram"}}, {"type": "Feature", "geometry": {"type": "Point", "coordinates": [80.127863, 13.04082]}, "properties": {"stop_id": "nzTRQfUi", "stop_name": "Kattupakkam"}}, {"type": "Feature", "geometry": {"type": "Point", "coordinates": [80.171279, 12.919726]}, "properties": {"stop_id": "fPhIOSOj", "stop_name": "Santhosapuram"}}, {"type": "Feature", "geometry": {"type": "Point", "coordinates": [80.292985, 13.096222]}, "properties": {"stop_id": "TlwaKrQx", "stop_name": "Collector Office"}}, {"type": "Feature", "geometry": {"type": "Point", "coordinates": [80.226894, 13.083065]}, "properties": {"stop_id": "mTvPylzX", "stop_name": "Pulla Avenue"}}, {"type": "Feature", "geometry": {"type": "Point", "coordinates": [80.201091, 13.070096]}, "properties": {"stop_id": "fcKeEgEf", "stop_name": "Koyambedu Market Or Police Station"}}, {"type": "Feature", "geometry": {"type": "Point", "coordinates": [79.552876, 11.770906]}, "properties": {"stop_id": "ocvrxaqr", "stop_name": "Panrutti Bus Stand"}}, {"type": "Feature", "geometry": {"type": "Point", "coordinates": [80.233493, 12.9817]}, "properties": {"stop_id": "QMiQTlda", "stop_name": "Bharathi Nagar"}}, {"type": "Feature", "geometry": {"type": "Point", "coordinates": [80.241336, 13.3587]}, "properties": {"stop_id": "ymMHSssn", "stop_name": "Perumbedu"}}, {"type": "Feature", "geometry": {"type": "Point", "coordinates": [80.316545, 13.209929]}, "properties": {"stop_id": "DJkAcxlA", "stop_name": "Ashok Leyland Ennore"}}, {"type": "Feature", "geometry": {"type": "Point", "coordinates": [80.171566, 13.064259]}, "properties": {"stop_id": "xQSKBJml", "stop_name": "Maduravoyal Post Office"}}, {"type": "Feature", "geometry": {"type": "Point", "coordinates": [80.243087, 12.805924]}, "properties": {"stop_id": "aXWsLpyQ", "stop_name": "Muttukadu Boat House"}}, {"type": "Feature", "geometry": {"type": "Point", "coordinates": [80.134976, 13.467638]}, "properties": {"stop_id": "QBEEvEfk", "stop_name": "Mullai Voyal Medu"}}, {"type": "Feature", "geometry": {"type": "Point", "coordinates": [80.262677, 13.020304]}, "properties": {"stop_id": "MOTjsakF", "stop_name": "Music College Annamalai Puram"}}, {"type": "Feature", "geometry": {"type": "Point", "coordinates": [80.209202, 13.03014]}, "properties": {"stop_id": "PjfwSZnl", "stop_name": "Kasi Theatre"}}, {"type": "Feature", "geometry": {"type": "Point", "coordinates": [79.997954, 13.419933]}, "properties": {"stop_id": "bPGbdmLB", "stop_name": "Madarapakkam Cross Road"}}, {"type": "Feature", "geometry": {"type": "Point", "coordinates": [79.507322, 11.606309]}, "properties": {"stop_id": "lMdnIgyP", "stop_name": "Neyveli Township"}}, {"type": "Feature", "geometry": {"type": "Point", "coordinates": [79.97877, 12.711532]}, "properties": {"stop_id": "RhHvrSFQ", "stop_name": "Pulipakkam"}}, {"type": "Feature", "geometry": {"type": "Point", "coordinates": [80.147889, 13.008876]}, "properties": {"stop_id": "AyPgzIEO", "stop_name": "Govinda Reddy Street"}}, {"type": "Feature", "geometry": {"type": "Point", "coordinates": [80.274915, 13.113221]}, "properties": {"stop_id": "phKFBThj", "stop_name": "Ambedkar Nagar"}}, {"type": "Feature", "geometry": {"type": "Point", "coordinates": [80.18868, 13.093263]}, "properties": {"stop_id": "FDNEUies", "stop_name": "Pilliyar Kovil"}}, {"type": "Feature", "geometry": {"type": "Point", "coordinates": [80.277348, 13.030972]}, "properties": {"stop_id": "HRxXRUxZ", "stop_name": "Employment Office"}}, {"type": "Feature", "geometry": {"type": "Point", "coordinates": [80.071131, 13.383043]}, "properties": {"stop_id": "QMycpMQA", "stop_name": "Narayanasamy Kandigai"}}, {"type": "Feature", "geometry": {"type": "Point", "coordinates": [80.278175, 13.064001]}, "properties": {"stop_id": "dpOKQcMh", "stop_name": "Bells Road"}}, {"type": "Feature", "geometry": {"type": "Point", "coordinates": [80.101685, 13.119664]}, "properties": {"stop_id": "vacPrbQA", "stop_name": "Avadi Terminal"}}, {"type": "Feature", "geometry": {"type": "Point", "coordinates": [80.071607, 12.94269]}, "properties": {"stop_id": "pKlyQyMp", "stop_name": "Dharkast"}}, {"type": "Feature", "geometry": {"type": "Point", "coordinates": [80.077233, 12.915595]}, "properties": {"stop_id": "KlSqKJQr", "stop_name": "Madanapuram"}}, {"type": "Feature", "geometry": {"type": "Point", "coordinates": [80.25038, 12.913929]}, "properties": {"stop_id": "OUTzwMHI", "stop_name": "VGP Golden Beach"}}, {"type": "Feature", "geometry": {"type": "Point", "coordinates": [80.080256, 12.878908]}, "properties": {"stop_id": "JWCrkssf", "stop_name": "Vandalur Zoo"}}, {"type": "Feature", "geometry": {"type": "Point", "coordinates": [80.191856, 12.982782]}, "properties": {"stop_id": "jVrpqaRi", "stop_name": "Anjaneyar Kovil"}}, {"type": "Feature", "geometry": {"type": "Point", "coordinates": [80.224174, 13.028635]}, "properties": {"stop_id": "GVnbohJg", "stop_name": "Aranganathan Subway"}}, {"type": "Feature", "geometry": {"type": "Point", "coordinates": [80.150205, 12.969322]}, "properties": {"stop_id": "qeXIqBgp", "stop_name": "Pallavaram Bus Stand"}}, {"type": "Feature", "geometry": {"type": "Point", "coordinates": [80.181129, 12.694473]}, "properties": {"stop_id": "wJsysHnP", "stop_name": "Sidco Industrial Estate Alathur"}}, {"type": "Feature", "geometry": {"type": "Point", "coordinates": [80.203079, 13.139905]}, "properties": {"stop_id": "mxxFIxNX", "stop_name": "Water Tank Vinayagapuram"}}, {"type": "Feature", "geometry": {"type": "Point", "coordinates": [80.149784, 13.062206]}, "properties": {"stop_id": "ocwJSpah", "stop_name": "Kumar Theatre"}}, {"type": "Feature", "geometry": {"type": "Point", "coordinates": [80.217398, 12.792193]}, "properties": {"stop_id": "JvovwZNp", "stop_name": "Butterfly Company"}}, {"type": "Feature", "geometry": {"type": "Point", "coordinates": [80.175584, 12.865274]}, "properties": {"stop_id": "sUKTegUv", "stop_name": "Madurapakkam Road Junction"}}, {"type": "Feature", "geometry": {"type": "Point", "coordinates": [80.153849, 12.768759]}, "properties": {"stop_id": "ZLWEzNmI", "stop_name": "Chinna Kayar"}}, {"type": "Feature", "geometry": {"type": "Point", "coordinates": [80.191952, 12.912485]}, "properties": {"stop_id": "OhgtKZPi", "stop_name": "Babu Nagar Medavakkam"}}, {"type": "Feature", "geometry": {"type": "Point", "coordinates": [79.968699, 13.138745]}, "properties": {"stop_id": "hNkOvWXQ", "stop_name": "Vellakulam Junction"}}, {"type": "Feature", "geometry": {"type": "Point", "coordinates": [80.219643, 13.011683]}, "properties": {"stop_id": "IESGsZGI", "stop_name": "Chellammal College"}}, {"type": "Feature", "geometry": {"type": "Point", "coordinates": [80.244118, 13.077973]}, "properties": {"stop_id": "nrKKniYe", "stop_name": "KMC Hospital"}}, {"type": "Feature", "geometry": {"type": "Point", "coordinates": [80.191133, 12.90959]}, "properties": {"stop_id": "jPdkntFF", "stop_name": "Soumya Nagar"}}, {"type": "Feature", "geometry": {"type": "Point", "coordinates": [80.229721, 13.112676]}, "properties": {"stop_id": "plmttHNh", "stop_name": "Jawahar Nagar Periyar Nagar"}}, {"type": "Feature", "geometry": {"type": "Point", "coordinates": [80.001632, 13.161985]}, "properties": {"stop_id": "GHvODCIP", "stop_name": "Krishna Kavaie"}}, {"type": "Feature", "geometry": {"type": "Point", "coordinates": [80.276131, 13.202031]}, "properties": {"stop_id": "BSeIJfkI", "stop_name": "Manali New Town Bus Stand"}}, {"type": "Feature", "geometry": {"type": "Point", "coordinates": [79.907438, 13.09759]}, "properties": {"stop_id": "INgMgzPi", "stop_name": "Caterpillar"}}, {"type": "Feature", "geometry": {"type": "Point", "coordinates": [80.261912, 13.063112]}, "properties": {"stop_id": "iFgeXSsz", "stop_name": "Quaid E Millath Arts College"}}, {"type": "Feature", "geometry": {"type": "Point", "coordinates": [80.184569, 12.890363]}, "properties": {"stop_id": "GYMzAvFw", "stop_name": "Jaya Nagar"}}, {"type": "Feature", "geometry": {"type": "Point", "coordinates": [80.210929, 13.084783]}, "properties": {"stop_id": "ftMGYADA", "stop_name": "Blue Star"}}, {"type": "Feature", "geometry": {"type": "Point", "coordinates": [80.125765, 12.922933]}, "properties": {"stop_id": "TQhrUKrf", "stop_name": "Poondi Bazaar"}}, {"type": "Feature", "geometry": {"type": "Point", "coordinates": [80.188951, 12.906393]}, "properties": {"stop_id": "LNRgsQQF", "stop_name": "Veerabadra Nagar"}}, {"type": "Feature", "geometry": {"type": "Point", "coordinates": [80.133341, 12.922605]}, "properties": {"stop_id": "IJrmTLNf", "stop_name": "Aathi Nagar"}}, {"type": "Feature", "geometry": {"type": "Point", "coordinates": [80.252337, 13.131645]}, "properties": {"stop_id": "wHSBMatn", "stop_name": "Vyasarpadi Sidco"}}, {"type": "Feature", "geometry": {"type": "Point", "coordinates": [80.193867, 12.774624]}, "properties": {"stop_id": "uuIUswRF", "stop_name": "Thaiyur"}}, {"type": "Feature", "geometry": {"type": "Point", "coordinates": [80.108417, 12.767937]}, "properties": {"stop_id": "GiBhHxRo", "stop_name": "Kizh Kalvai"}}, {"type": "Feature", "geometry": {"type": "Point", "coordinates": [80.164841, 13.031434]}, "properties": {"stop_id": "lsBVGYKC", "stop_name": "Porur Shakthi Nagar"}}, {"type": "Feature", "geometry": {"type": "Point", "coordinates": [80.210463, 13.134257]}, "properties": {"stop_id": "XRrjzlpH", "stop_name": "Shekar Shesha Mahal"}}, {"type": "Feature", "geometry": {"type": "Point", "coordinates": [80.111227, 13.031832]}, "properties": {"stop_id": "ZzqCYjTC", "stop_name": "Mangadu"}}, {"type": "Feature", "geometry": {"type": "Point", "coordinates": [80.080776, 13.047479]}, "properties": {"stop_id": "DhBIcFJB", "stop_name": "Nazarathpet"}}, {"type": "Feature", "geometry": {"type": "Point", "coordinates": [80.1295, 13.0097]}, "properties": {"stop_id": "pmULGxKj", "stop_name": "Sakthi Vinayagar Alayam or Akash Nagar"}}, {"type": "Feature", "geometry": {"type": "Point", "coordinates": [80.181324, 13.434583]}, "properties": {"stop_id": "NUggIFcT", "stop_name": "Kurivigaram 2"}}, {"type": "Feature", "geometry": {"type": "Point", "coordinates": [80.256065, 13.037374]}, "properties": {"stop_id": "utwkusWF", "stop_name": "Anandha Puram"}}, {"type": "Feature", "geometry": {"type": "Point", "coordinates": [80.219855, 13.028535]}, "properties": {"stop_id": "RBVPcVzH", "stop_name": "Mettupalayam Market"}}, {"type": "Feature", "geometry": {"type": "Point", "coordinates": [79.928208, 12.842668]}, "properties": {"stop_id": "bOLOjiIO", "stop_name": "Ezhichur Koot Road Junction"}}, {"type": "Feature", "geometry": {"type": "Point", "coordinates": [80.248963, 13.217382]}, "properties": {"stop_id": "HcOWfPMU", "stop_name": "Vichoor"}}, {"type": "Feature", "geometry": {"type": "Point", "coordinates": [80.285619, 13.335715]}, "properties": {"stop_id": "Tjttdgfb", "stop_name": "Thiru Vellivoyal Ration Shop"}}, {"type": "Feature", "geometry": {"type": "Point", "coordinates": [80.154635, 12.963333]}, "properties": {"stop_id": "kPoXDVhr", "stop_name": "Dharga Road"}}, {"type": "Feature", "geometry": {"type": "Point", "coordinates": [80.253023, 12.995375]}, "properties": {"stop_id": "TwyfqMnN", "stop_name": "Indira Nagar Adyar"}}, {"type": "Feature", "geometry": {"type": "Point", "coordinates": [80.273814, 13.231245]}, "properties": {"stop_id": "lxplrluY", "stop_name": "Vellivoyalchavadi"}}, {"type": "Feature", "geometry": {"type": "Point", "coordinates": [80.182341, 12.939135]}, "properties": {"stop_id": "qOusBBOu", "stop_name": "Kovilambakkam"}}, {"type": "Feature", "geometry": {"type": "Point", "coordinates": [80.227095, 13.0287]}, "properties": {"stop_id": "jiufRClk", "stop_name": "Kaveri Nager"}}, {"type": "Feature", "geometry": {"type": "Point", "coordinates": [80.247743, 13.059457]}, "properties": {"stop_id": "KbyuLDsq", "stop_name": "Taj Hotel or Uthamar Gandhi Salai"}}, {"type": "Feature", "geometry": {"type": "Point", "coordinates": [80.141866, 13.136825]}, "properties": {"stop_id": "lOYrQfzi", "stop_name": "Thendral Nagar"}}, {"type": "Feature", "geometry": {"type": "Point", "coordinates": [80.112981, 13.16193]}, "properties": {"stop_id": "DsTGnVil", "stop_name": "Kollumedu"}}, {"type": "Feature", "geometry": {"type": "Point", "coordinates": [80.082112, 12.893389]}, "properties": {"stop_id": "oHyqEJfk", "stop_name": "Vandalur"}}, {"type": "Feature", "geometry": {"type": "Point", "coordinates": [80.106009, 12.754441]}, "properties": {"stop_id": "MzxDaMZj", "stop_name": "Nellikuppam Colony"}}, {"type": "Feature", "geometry": {"type": "Point", "coordinates": [80.127482, 12.937218]}, "properties": {"stop_id": "puwcRgFs", "stop_name": "Tambaram Sanatorium Bus Stand"}}, {"type": "Feature", "geometry": {"type": "Point", "coordinates": [80.277778, 13.060958]}, "properties": {"stop_id": "NKCxdwhs", "stop_name": "Gosha Or Kasthuribai Hospital"}}, {"type": "Feature", "geometry": {"type": "Point", "coordinates": [80.227849, 13.234122]}, "properties": {"stop_id": "eIBTCCCb", "stop_name": "Thirunillai Road Junction"}}, {"type": "Feature", "geometry": {"type": "Point", "coordinates": [80.051059, 13.214489]}, "properties": {"stop_id": "eIGUaObZ", "stop_name": "Magaral"}}, {"type": "Feature", "geometry": {"type": "Point", "coordinates": [80.220969, 13.092082]}, "properties": {"stop_id": "ZQjUlkgz", "stop_name": "M Block Anna Nagar Or K4 Police Station"}}, {"type": "Feature", "geometry": {"type": "Point", "coordinates": [80.208248, 13.153145]}, "properties": {"stop_id": "TCBUGaZf", "stop_name": "Kathirvedu Bypass"}}, {"type": "Feature", "geometry": {"type": "Point", "coordinates": [80.21945, 13.125943]}, "properties": {"stop_id": "XjEyEHqT", "stop_name": "Moogambigai Kolathur"}}, {"type": "Feature", "geometry": {"type": "Point", "coordinates": [80.273838, 13.104102]}, "properties": {"stop_id": "TPFTQSyz", "stop_name": "Moolakothalam"}}, {"type": "Feature", "geometry": {"type": "Point", "coordinates": [80.191818, 12.965352]}, "properties": {"stop_id": "oTQudgUv", "stop_name": "Iyyappan Koil Madipakkam"}}, {"type": "Feature", "geometry": {"type": "Point", "coordinates": [80.187255, 12.722137]}, "properties": {"stop_id": "mAREpQlu", "stop_name": "Thiruporur Bus Stand"}}, {"type": "Feature", "geometry": {"type": "Point", "coordinates": [80.277775, 13.058207]}, "properties": {"stop_id": "wkQpmSIi", "stop_name": "Triplicane"}}, {"type": "Feature", "geometry": {"type": "Point", "coordinates": [80.00315, 13.189585]}, "properties": {"stop_id": "cSSpAgNQ", "stop_name": "Vathattur Kandigai"}}, {"type": "Feature", "geometry": {"type": "Point", "coordinates": [80.199735, 13.140753]}, "properties": {"stop_id": "tjNvNzFb", "stop_name": "Godsun School"}}, {"type": "Feature", "geometry": {"type": "Point", "coordinates": [80.216752, 13.075184]}, "properties": {"stop_id": "cttUtMNm", "stop_name": "NSK Nagar Arumbakkam"}}, {"type": "Feature", "geometry": {"type": "Point", "coordinates": [80.16872, 12.959865]}, "properties": {"stop_id": "ALndweLA", "stop_name": "Gandhi Salai"}}, {"type": "Feature", "geometry": {"type": "Point", "coordinates": [79.909452, 13.131874]}, "properties": {"stop_id": "MlpnqsOY", "stop_name": "Thiruvallur Post Office"}}, {"type": "Feature", "geometry": {"type": "Point", "coordinates": [80.167194, 12.897748]}, "properties": {"stop_id": "okgTpqCg", "stop_name": "Noothencheri"}}, {"type": "Feature", "geometry": {"type": "Point", "coordinates": [79.879822, 12.919808]}, "properties": {"stop_id": "hhgkeGsa", "stop_name": "Samsung India Electronics Sriperumbudur"}}, {"type": "Feature", "geometry": {"type": "Point", "coordinates": [80.217062, 12.689155]}, "properties": {"stop_id": "oGtLXKlU", "stop_name": "Pattipulam"}}, {"type": "Feature", "geometry": {"type": "Point", "coordinates": [80.214376, 13.100146]}, "properties": {"stop_id": "TPsFloRu", "stop_name": "ICF"}}, {"type": "Feature", "geometry": {"type": "Point", "coordinates": [80.138647, 13.037258]}, "properties": {"stop_id": "kjxfKqbD", "stop_name": "Iyappanthangal"}}, {"type": "Feature", "geometry": {"type": "Point", "coordinates": [80.239291, 13.168713]}, "properties": {"stop_id": "ZpEHfPul", "stop_name": "Mathur Village"}}, {"type": "Feature", "geometry": {"type": "Point", "coordinates": [80.153833, 12.93954]}, "properties": {"stop_id": "WrRzSDVz", "stop_name": "Hasthinapuram Mosque"}}, {"type": "Feature", "geometry": {"type": "Point", "coordinates": [79.946629, 13.184232]}, "properties": {"stop_id": "lWnrzrzW", "stop_name": "Nasarath"}}, {"type": "Feature", "geometry": {"type": "Point", "coordinates": [80.162358, 13.011349]}, "properties": {"stop_id": "IsieOPvU", "stop_name": "Corporation Of Chennai"}}, {"type": "Feature", "geometry": {"type": "Point", "coordinates": [80.033718, 13.218967]}, "properties": {"stop_id": "oQxUwlRM", "stop_name": "Sivan Koil"}}, {"type": "Feature", "geometry": {"type": "Point", "coordinates": [80.210278, 12.948624]}, "properties": {"stop_id": "CCoJPQpR", "stop_name": "Pallikaranai Kamachi Hospital"}}, {"type": "Feature", "geometry": {"type": "Point", "coordinates": [80.07258, 12.85993]}, "properties": {"stop_id": "UhRSkRXw", "stop_name": "Urapakkam Main Road"}}, {"type": "Feature", "geometry": {"type": "Point", "coordinates": [80.154507, 13.050191]}, "properties": {"stop_id": "zIStuEkQ", "stop_name": "Caption T V Office"}}, {"type": "Feature", "geometry": {"type": "Point", "coordinates": [80.020015, 12.958507]}, "properties": {"stop_id": "BcDUAKxF", "stop_name": "Puduppair"}}, {"type": "Feature", "geometry": {"type": "Point", "coordinates": [80.261678, 13.007591]}, "properties": {"stop_id": "ZBegLuFw", "stop_name": "Avvai Home"}}, {"type": "Feature", "geometry": {"type": "Point", "coordinates": [80.042161, 13.287038]}, "properties": {"stop_id": "AWZaYJbg", "stop_name": "Vadamadurai"}}, {"type": "Feature", "geometry": {"type": "Point", "coordinates": [80.236244, 12.933411]}, "properties": {"stop_id": "uCftfjda", "stop_name": "Sivan Kovil Or PTC Quarter"}}, {"type": "Feature", "geometry": {"type": "Point", "coordinates": [80.210885, 13.035134]}, "properties": {"stop_id": "AmahvgQB", "stop_name": "Udhayam Theatre Or Ashok Pillar"}}, {"type": "Feature", "geometry": {"type": "Point", "coordinates": [80.233474, 13.008316]}, "properties": {"stop_id": "qKeCDDXI", "stop_name": "Anna University Or Engineer College"}}, {"type": "Feature", "geometry": {"type": "Point", "coordinates": [80.148206, 13.122763]}, "properties": {"stop_id": "cNWTidvb", "stop_name": "Raaki Theatre"}}, {"type": "Feature", "geometry": {"type": "Point", "coordinates": [80.153794, 13.178831]}, "properties": {"stop_id": "DexqYjKS", "stop_name": "Irankuppam"}}, {"type": "Feature", "geometry": {"type": "Point", "coordinates": [80.15746, 13.080638]}, "properties": {"stop_id": "OFDSKCGJ", "stop_name": "Manthopu"}}, {"type": "Feature", "geometry": {"type": "Point", "coordinates": [80.053593, 13.154218]}, "properties": {"stop_id": "idOCTaDY", "stop_name": "Palavedu"}}, {"type": "Feature", "geometry": {"type": "Point", "coordinates": [80.068746, 13.045298]}, "properties": {"stop_id": "HxSbXXdZ", "stop_name": "Nazarathpet Police Check Post"}}, {"type": "Feature", "geometry": {"type": "Point", "coordinates": [79.910266, 13.110993]}, "properties": {"stop_id": "tKHOTHLP", "stop_name": "Manavala Nagar Junction"}}, {"type": "Feature", "geometry": {"type": "Point", "coordinates": [80.076746, 12.810245]}, "properties": {"stop_id": "IZbIkfGA", "stop_name": "Kayarambedu"}}, {"type": "Feature", "geometry": {"type": "Point", "coordinates": [80.281734, 13.138872]}, "properties": {"stop_id": "IXwVPQjX", "stop_name": "Ioc Bus Depot"}}, {"type": "Feature", "geometry": {"type": "Point", "coordinates": [80.137342, 13.468605]}, "properties": {"stop_id": "NnDAWHCn", "stop_name": "Mool Road"}}, {"type": "Feature", "geometry": {"type": "Point", "coordinates": [79.960446, 13.317913]}, "properties": {"stop_id": "fwlhPJed", "stop_name": "Palavakkam"}}, {"type": "Feature", "geometry": {"type": "Point", "coordinates": [80.171499, 13.236375]}, "properties": {"stop_id": "TmbwpUyz", "stop_name": "Sozhipalayam"}}, {"type": "Feature", "geometry": {"type": "Point", "coordinates": [79.937845, 13.107599]}, "properties": {"stop_id": "dOTSUZHl", "stop_name": "Putlur"}}, {"type": "Feature", "geometry": {"type": "Point", "coordinates": [80.183442, 12.893298]}, "properties": {"stop_id": "gDjMHgkU", "stop_name": "Valluvar Nagar Chithalapakkam"}}, {"type": "Feature", "geometry": {"type": "Point", "coordinates": [79.960312, 13.02705]}, "properties": {"stop_id": "MuwhurCb", "stop_name": "Kalsar Engineering College"}}, {"type": "Feature", "geometry": {"type": "Point", "coordinates": [80.096407, 13.293809]}, "properties": {"stop_id": "FhDBllly", "stop_name": "Akkarapakkam"}}, {"type": "Feature", "geometry": {"type": "Point", "coordinates": [80.230586, 13.089012]}, "properties": {"stop_id": "DvUXLssj", "stop_name": "Water Tank Kilpauk  New Avadi Rd"}}, {"type": "Feature", "geometry": {"type": "Point", "coordinates": [80.166549, 13.115766]}, "properties": {"stop_id": "AosTMSAk", "stop_name": "Pattaravakkam Railway Station"}}, {"type": "Feature", "geometry": {"type": "Point", "coordinates": [80.20283, 13.185759]}, "properties": {"stop_id": "TXAdjSyo", "stop_name": "Grand Line"}}, {"type": "Feature", "geometry": {"type": "Point", "coordinates": [80.20444, 13.014706]}, "properties": {"stop_id": "GYfZYaJh", "stop_name": "CIPET"}}, {"type": "Feature", "geometry": {"type": "Point", "coordinates": [80.269289, 13.058611]}, "properties": {"stop_id": "kGGyYXze", "stop_name": "Amir Mahal Royapettah"}}, {"type": "Feature", "geometry": {"type": "Point", "coordinates": [80.134028, 13.1558]}, "properties": {"stop_id": "IAWSKEHF", "stop_name": "Arrikambedu Junction"}}, {"type": "Feature", "geometry": {"type": "Point", "coordinates": [80.283392, 13.404223]}, "properties": {"stop_id": "rwLqimtK", "stop_name": "Pollachi Amman Kulam"}}, {"type": "Feature", "geometry": {"type": "Point", "coordinates": [80.096542, 13.065602]}, "properties": {"stop_id": "bmCACwpU", "stop_name": "Parivakkam EP"}}, {"type": "Feature", "geometry": {"type": "Point", "coordinates": [80.142339, 13.097643]}, "properties": {"stop_id": "mSsugdoq", "stop_name": "MGR Puram"}}, {"type": "Feature", "geometry": {"type": "Point", "coordinates": [80.290766, 13.102621]}, "properties": {"stop_id": "nsjiKPCz", "stop_name": "Thambu Chetty Street"}}, {"type": "Feature", "geometry": {"type": "Point", "coordinates": [80.226459, 13.01394]}, "properties": {"stop_id": "YmkUpvHU", "stop_name": "Chinnamalai B S or Saidapet Court"}}, {"type": "Feature", "geometry": {"type": "Point", "coordinates": [80.319766, 13.220501]}, "properties": {"stop_id": "XwjzzvVV", "stop_name": "Valluvar Nagar"}}, {"type": "Feature", "geometry": {"type": "Point", "coordinates": [80.264266, 13.076224]}, "properties": {"stop_id": "qSowWcvN", "stop_name": "Albert Theatre"}}, {"type": "Feature", "geometry": {"type": "Point", "coordinates": [80.115502, 13.072278]}, "properties": {"stop_id": "FSklzHpQ", "stop_name": "Ayyappan Madam"}}, {"type": "Feature", "geometry": {"type": "Point", "coordinates": [80.210056, 12.87994]}, "properties": {"stop_id": "vpgWwDZB", "stop_name": "Perumbakkam SCB"}}, {"type": "Feature", "geometry": {"type": "Point", "coordinates": [80.097886, 13.135747]}, "properties": {"stop_id": "LpjIkIID", "stop_name": "HVF Main Gate"}}, {"type": "Feature", "geometry": {"type": "Point", "coordinates": [80.212218, 13.004589]}, "properties": {"stop_id": "ZYYdVixc", "stop_name": "Maduvankarai"}}, {"type": "Feature", "geometry": {"type": "Point", "coordinates": [80.14962, 12.990601]}, "properties": {"stop_id": "aFLknQpO", "stop_name": "Cowl Bazar"}}, {"type": "Feature", "geometry": {"type": "Point", "coordinates": [80.130125, 13.020379]}, "properties": {"stop_id": "XNgGrRZp", "stop_name": "Rice Mill Mangadu"}}, {"type": "Feature", "geometry": {"type": "Point", "coordinates": [80.260837, 13.281819]}, "properties": {"stop_id": "YmJRiEgw", "stop_name": "Minjur Railway Station"}}, {"type": "Feature", "geometry": {"type": "Point", "coordinates": [80.212185, 13.045122]}, "properties": {"stop_id": "DGTEnFlN", "stop_name": "1st Ave"}}, {"type": "Feature", "geometry": {"type": "Point", "coordinates": [80.30521, 13.156463]}, "properties": {"stop_id": "rINNylNh", "stop_name": "Fire Station"}}, {"type": "Feature", "geometry": {"type": "Point", "coordinates": [79.993877, 13.11461]}, "properties": {"stop_id": "SrxxnOEl", "stop_name": "Perumalpattu"}}, {"type": "Feature", "geometry": {"type": "Point", "coordinates": [80.13859, 12.798388]}, "properties": {"stop_id": "PifXIFet", "stop_name": "Pungeri"}}, {"type": "Feature", "geometry": {"type": "Point", "coordinates": [80.195263, 13.21032]}, "properties": {"stop_id": "lxkWqJCv", "stop_name": "Parveen Travels"}}, {"type": "Feature", "geometry": {"type": "Point", "coordinates": [80.162037, 13.101264]}, "properties": {"stop_id": "cOiBEGlK", "stop_name": "Telephone Exchange"}}, {"type": "Feature", "geometry": {"type": "Point", "coordinates": [80.238333, 13.19259]}, "properties": {"stop_id": "EiybrpzE", "stop_name": "Periyar Nagar"}}, {"type": "Feature", "geometry": {"type": "Point", "coordinates": [80.211496, 12.848065]}, "properties": {"stop_id": "tNSMkSfB", "stop_name": "Trisakthi Kovil"}}, {"type": "Feature", "geometry": {"type": "Point", "coordinates": [80.188484, 12.986055]}, "properties": {"stop_id": "jvuOCfJT", "stop_name": "Nanganallur Market"}}, {"type": "Feature", "geometry": {"type": "Point", "coordinates": [80.096463, 13.333421]}, "properties": {"stop_id": "aHGuzSTo", "stop_name": "Palavakkam"}}, {"type": "Feature", "geometry": {"type": "Point", "coordinates": [80.157989, 12.884516]}, "properties": {"stop_id": "VMeHkHot", "stop_name": "Sivan Koil Agaramthen"}}, {"type": "Feature", "geometry": {"type": "Point", "coordinates": [80.217206, 13.097087]}, "properties": {"stop_id": "VCDwRKse", "stop_name": "Gandhi Nagar"}}, {"type": "Feature", "geometry": {"type": "Point", "coordinates": [80.310686, 13.191161]}, "properties": {"stop_id": "jOvtnfLH", "stop_name": "Ernavoor Gate"}}, {"type": "Feature", "geometry": {"type": "Point", "coordinates": [80.24413, 13.161633]}, "properties": {"stop_id": "fCvqoWrT", "stop_name": "MMC Veterinary University"}}, {"type": "Feature", "geometry": {"type": "Point", "coordinates": [80.231053, 12.900656]}, "properties": {"stop_id": "FcnKVDJl", "stop_name": "Pratyangira Temple"}}, {"type": "Feature", "geometry": {"type": "Point", "coordinates": [80.088715, 12.952119]}, "properties": {"stop_id": "TqATzVvV", "stop_name": "Erumaiyur"}}, {"type": "Feature", "geometry": {"type": "Point", "coordinates": [80.246512, 12.986367]}, "properties": {"stop_id": "xfoaGXVJ", "stop_name": "Ascendas IT Park"}}, {"type": "Feature", "geometry": {"type": "Point", "coordinates": [80.170062, 13.088626]}, "properties": {"stop_id": "LYjhOoFf", "stop_name": "Mogaipair Road Junction"}}, {"type": "Feature", "geometry": {"type": "Point", "coordinates": [80.095665, 13.081231]}, "properties": {"stop_id": "bGxnPBxb", "stop_name": "Mettuppalaiyam"}}, {"type": "Feature", "geometry": {"type": "Point", "coordinates": [80.026238, 13.26289]}, "properties": {"stop_id": "euDckIMa", "stop_name": "Vengal College"}}, {"type": "Feature", "geometry": {"type": "Point", "coordinates": [80.269256, 13.161178]}, "properties": {"stop_id": "qVzVrWDp", "stop_name": "Chennai Petroleum Corporation Limited"}}, {"type": "Feature", "geometry": {"type": "Point", "coordinates": [80.09076, 12.9601]}, "properties": {"stop_id": "OTWTQCls", "stop_name": "Pazhanthandalam"}}, {"type": "Feature", "geometry": {"type": "Point", "coordinates": [80.217791, 12.983777]}, "properties": {"stop_id": "WOnIRuRn", "stop_name": "Murugan Kalyana Mandapam"}}, {"type": "Feature", "geometry": {"type": "Point", "coordinates": [80.255536, 13.136503]}, "properties": {"stop_id": "LciqyJfg", "stop_name": "Chinnandi Madam"}}, {"type": "Feature", "geometry": {"type": "Point", "coordinates": [80.215696, 13.294481]}, "properties": {"stop_id": "BpJuosmx", "stop_name": "Elavambedu"}}, {"type": "Feature", "geometry": {"type": "Point", "coordinates": [79.975489, 12.985052]}, "properties": {"stop_id": "IZqJbTkm", "stop_name": "Pennalur EB Office"}}, {"type": "Feature", "geometry": {"type": "Point", "coordinates": [80.250116, 12.913932]}, "properties": {"stop_id": "iWUiEObr", "stop_name": "VGP Golden Beach"}}, {"type": "Feature", "geometry": {"type": "Point", "coordinates": [80.266496, 13.029271]}, "properties": {"stop_id": "HeRWBWAv", "stop_name": "Mandaveli Market"}}, {"type": "Feature", "geometry": {"type": "Point", "coordinates": [80.187583, 13.031658]}, "properties": {"stop_id": "jkxhkeqK", "stop_name": "Nellai Stores"}}, {"type": "Feature", "geometry": {"type": "Point", "coordinates": [80.270393, 13.07888]}, "properties": {"stop_id": "ifLglfbO", "stop_name": "Chintadripet"}}, {"type": "Feature", "geometry": {"type": "Point", "coordinates": [80.096484, 13.117129]}, "properties": {"stop_id": "RBBxesxu", "stop_name": "Ramarathna Theatre"}}, {"type": "Feature", "geometry": {"type": "Point", "coordinates": [80.095947, 13.113479]}, "properties": {"stop_id": "ocUywYfN", "stop_name": "Karumariamman Kovil"}}, {"type": "Feature", "geometry": {"type": "Point", "coordinates": [80.084586, 13.175885]}, "properties": {"stop_id": "VycUzKpr", "stop_name": "Veerapuram Road Junction"}}, {"type": "Feature", "geometry": {"type": "Point", "coordinates": [80.031179, 13.126246]}, "properties": {"stop_id": "hPGLMLbU", "stop_name": "Sri Lakshmi Theatre"}}, {"type": "Feature", "geometry": {"type": "Point", "coordinates": [80.052331, 13.396845]}, "properties": {"stop_id": "QpdZiknK", "stop_name": "Thideer Nagar"}}, {"type": "Feature", "geometry": {"type": "Point", "coordinates": [80.161471, 12.733317]}, "properties": {"stop_id": "rCrvifMW", "stop_name": "Shiva Temple Kattur"}}, {"type": "Feature", "geometry": {"type": "Point", "coordinates": [79.911608, 13.122683]}, "properties": {"stop_id": "yRjqmRuq", "stop_name": "Thiruvallur Oil Mill"}}, {"type": "Feature", "geometry": {"type": "Point", "coordinates": [80.16635, 13.483881]}, "properties": {"stop_id": "hOuYlHPh", "stop_name": "Salaya Kandigai"}}, {"type": "Feature", "geometry": {"type": "Point", "coordinates": [80.124296, 12.741402]}, "properties": {"stop_id": "fGauMtcM", "stop_name": "Ceedeeyes Housing"}}, {"type": "Feature", "geometry": {"type": "Point", "coordinates": [80.183767, 13.108194]}, "properties": {"stop_id": "qzPLXpkx", "stop_name": "Bhaktavatsalam Memorial College"}}, {"type": "Feature", "geometry": {"type": "Point", "coordinates": [80.22746, 12.888546]}, "properties": {"stop_id": "iYbcLrkT", "stop_name": "Oodai"}}, {"type": "Feature", "geometry": {"type": "Point", "coordinates": [80.148783, 13.286482]}, "properties": {"stop_id": "eymgjBxV", "stop_name": "Panchetti"}}, {"type": "Feature", "geometry": {"type": "Point", "coordinates": [80.089282, 12.982166]}, "properties": {"stop_id": "yYShGLTs", "stop_name": "Kundrathur Natham Murugan Temple"}}, {"type": "Feature", "geometry": {"type": "Point", "coordinates": [80.057762, 13.129647]}, "properties": {"stop_id": "jwBQsumG", "stop_name": "Uzhavar Nagar"}}, {"type": "Feature", "geometry": {"type": "Point", "coordinates": [79.853335, 13.033368]}, "properties": {"stop_id": "SZGwgIRz", "stop_name": "Mappedu Road Junction"}}, {"type": "Feature", "geometry": {"type": "Point", "coordinates": [80.094531, 13.376541]}, "properties": {"stop_id": "iPmhSqDk", "stop_name": "Getnamalli"}}, {"type": "Feature", "geometry": {"type": "Point", "coordinates": [80.227574, 12.901051]}, "properties": {"stop_id": "IOpdOfiF", "stop_name": "Sholinganallur"}}, {"type": "Feature", "geometry": {"type": "Point", "coordinates": [80.150079, 13.119685]}, "properties": {"stop_id": "QpprBOSr", "stop_name": "Ambattur OT Bus Stand"}}, {"type": "Feature", "geometry": {"type": "Point", "coordinates": [80.254125, 13.081811]}, "properties": {"stop_id": "vIqdsoZx", "stop_name": "Alagappa Schools"}}, {"type": "Feature", "geometry": {"type": "Point", "coordinates": [80.293541, 13.120888]}, "properties": {"stop_id": "vwEcxUej", "stop_name": "Kasimedu Police Station"}}, {"type": "Feature", "geometry": {"type": "Point", "coordinates": [80.119913, 13.009964]}, "properties": {"stop_id": "FwybjYQK", "stop_name": "Kovur"}}, {"type": "Feature", "geometry": {"type": "Point", "coordinates": [80.141902, 13.136852]}, "properties": {"stop_id": "EaDTtGYp", "stop_name": "Thendral Nagar"}}, {"type": "Feature", "geometry": {"type": "Point", "coordinates": [80.069795, 12.911459]}, "properties": {"stop_id": "PYaiedjY", "stop_name": "Mudichur Bus Stand"}}, {"type": "Feature", "geometry": {"type": "Point", "coordinates": [80.185518, 13.090353]}, "properties": {"stop_id": "ytZuvhKm", "stop_name": "Elango Nagar Officers Colony"}}, {"type": "Feature", "geometry": {"type": "Point", "coordinates": [80.327306, 13.22045]}, "properties": {"stop_id": "xvojPNrb", "stop_name": "Thalan Kuppam"}}, {"type": "Feature", "geometry": {"type": "Point", "coordinates": [80.044947, 12.963883]}, "properties": {"stop_id": "LObiCWKO", "stop_name": "Poonthandalam"}}, {"type": "Feature", "geometry": {"type": "Point", "coordinates": [80.081269, 13.054329]}, "properties": {"stop_id": "eJfPkird", "stop_name": "Varadharajapuram"}}, {"type": "Feature", "geometry": {"type": "Point", "coordinates": [80.134316, 13.038393]}, "properties": {"stop_id": "nhSXMXjw", "stop_name": "Iyyappanthangal Bus Depot"}}, {"type": "Feature", "geometry": {"type": "Point", "coordinates": [80.15487, 13.26203]}, "properties": {"stop_id": "nJRQzVZQ", "stop_name": "Janapanchatram Koot Road Junction"}}, {"type": "Feature", "geometry": {"type": "Point", "coordinates": [80.259734, 13.015961]}, "properties": {"stop_id": "aFlzccOO", "stop_name": "M G R Janaki College Or Sathya Studio"}}, {"type": "Feature", "geometry": {"type": "Point", "coordinates": [80.067686, 12.958626]}, "properties": {"stop_id": "CfvRaDOA", "stop_name": "Vivekanantha Nagar Church"}}, {"type": "Feature", "geometry": {"type": "Point", "coordinates": [80.150518, 12.80894]}, "properties": {"stop_id": "tNmxviwt", "stop_name": "Mgr Nagar"}}, {"type": "Feature", "geometry": {"type": "Point", "coordinates": [80.011695, 12.695002]}, "properties": {"stop_id": "ZEJEKYue", "stop_name": "Anjur Or Echankarnai"}}, {"type": "Feature", "geometry": {"type": "Point", "coordinates": [80.183924, 13.031795]}, "properties": {"stop_id": "FHknKSNi", "stop_name": "Ramapuram Ashram"}}, {"type": "Feature", "geometry": {"type": "Point", "coordinates": [80.087365, 13.212671]}, "properties": {"stop_id": "AmGPOhem", "stop_name": "Poochi Athipet"}}, {"type": "Feature", "geometry": {"type": "Point", "coordinates": [80.063656, 13.179214]}, "properties": {"stop_id": "mUBHBHFI", "stop_name": "Kadhavoor Bus Stand"}}, {"type": "Feature", "geometry": {"type": "Point", "coordinates": [80.188935, 12.906731]}, "properties": {"stop_id": "gQTRJpmv", "stop_name": "Veerabadra Nagar"}}, {"type": "Feature", "geometry": {"type": "Point", "coordinates": [80.215678, 13.100091]}, "properties": {"stop_id": "nJRBvlcT", "stop_name": "ICF"}}, {"type": "Feature", "geometry": {"type": "Point", "coordinates": [80.095107, 12.991384]}, "properties": {"stop_id": "JaCojcPE", "stop_name": "Sri Ramchandra Mahal"}}, {"type": "Feature", "geometry": {"type": "Point", "coordinates": [80.23682, 13.142364]}, "properties": {"stop_id": "IURTQlCB", "stop_name": "Madhavaram Post Box"}}, {"type": "Feature", "geometry": {"type": "Point", "coordinates": [80.220429, 13.198593]}, "properties": {"stop_id": "maNgUiZD", "stop_name": "Vilangadupakkam"}}, {"type": "Feature", "geometry": {"type": "Point", "coordinates": [80.245266, 13.097026]}, "properties": {"stop_id": "mGgwEHaG", "stop_name": "TB Hospital Ayanavaram"}}, {"type": "Feature", "geometry": {"type": "Point", "coordinates": [80.190569, 12.7362]}, "properties": {"stop_id": "ZLCIvgrp", "stop_name": "Thiruporur Or Kannagapattu"}}, {"type": "Feature", "geometry": {"type": "Point", "coordinates": [80.24733, 13.00358]}, "properties": {"stop_id": "ulSrvocN", "stop_name": "VHS Hospital"}}, {"type": "Feature", "geometry": {"type": "Point", "coordinates": [80.171838, 13.064818]}, "properties": {"stop_id": "pygvGZaF", "stop_name": "Maduravoyal Post Office"}}, {"type": "Feature", "geometry": {"type": "Point", "coordinates": [80.199227, 13.170458]}, "properties": {"stop_id": "ePrpofUw", "stop_name": "Kavangarai"}}, {"type": "Feature", "geometry": {"type": "Point", "coordinates": [80.092288, 12.900984]}, "properties": {"stop_id": "AoRkaUmb", "stop_name": "Sriram Gate"}}, {"type": "Feature", "geometry": {"type": "Point", "coordinates": [80.078172, 12.874405]}, "properties": {"stop_id": "YnUujGmz", "stop_name": "Kilambakkam Bus Terminus"}}, {"type": "Feature", "geometry": {"type": "Point", "coordinates": [79.81933, 12.797611]}, "properties": {"stop_id": "MMfKYZmE", "stop_name": "Walajabad Railway Station"}}, {"type": "Feature", "geometry": {"type": "Point", "coordinates": [80.245754, 13.039379]}, "properties": {"stop_id": "eBAbFKqQ", "stop_name": "Aalayamman Temple"}}, {"type": "Feature", "geometry": {"type": "Point", "coordinates": [80.193768, 13.044166]}, "properties": {"stop_id": "DRTLnTnI", "stop_name": "West Depot K K Nagar"}}, {"type": "Feature", "geometry": {"type": "Point", "coordinates": [80.099459, 13.210364]}, "properties": {"stop_id": "BsiptQCD", "stop_name": "Alamathi Sub Station"}}, {"type": "Feature", "geometry": {"type": "Point", "coordinates": [80.201658, 13.007366]}, "properties": {"stop_id": "mhgPTzcZ", "stop_name": "Kathipara"}}, {"type": "Feature", "geometry": {"type": "Point", "coordinates": [80.20236, 13.191642]}, "properties": {"stop_id": "nxJXVeix", "stop_name": "Alinijivakkam Tank"}}, {"type": "Feature", "geometry": {"type": "Point", "coordinates": [80.239763, 13.097793]}, "properties": {"stop_id": "ryMrZCSE", "stop_name": "Sayani Theatre Aynavaram"}}, {"type": "Feature", "geometry": {"type": "Point", "coordinates": [80.150287, 12.958453]}, "properties": {"stop_id": "NbgxPNNK", "stop_name": "Pallavaram New Bridge"}}, {"type": "Feature", "geometry": {"type": "Point", "coordinates": [80.227332, 13.113402]}, "properties": {"stop_id": "QvJRXCKm", "stop_name": "Murugan Temple Periyar Nagar"}}, {"type": "Feature", "geometry": {"type": "Point", "coordinates": [80.186645, 13.107297]}, "properties": {"stop_id": "pfLNjHVV", "stop_name": "E S I Hospital Korattur"}}, {"type": "Feature", "geometry": {"type": "Point", "coordinates": [80.277516, 13.176642]}, "properties": {"stop_id": "CbblRkaH", "stop_name": "Petro Araldit"}}, {"type": "Feature", "geometry": {"type": "Point", "coordinates": [80.153633, 13.298537]}, "properties": {"stop_id": "iqwCaPZT", "stop_name": "Thachur"}}, {"type": "Feature", "geometry": {"type": "Point", "coordinates": [80.214408, 13.030417]}, "properties": {"stop_id": "ZtIplJlB", "stop_name": "Ragava Nagar"}}, {"type": "Feature", "geometry": {"type": "Point", "coordinates": [79.995939, 12.875387]}, "properties": {"stop_id": "nvXuJriv", "stop_name": "Vanchuvancheri"}}, {"type": "Feature", "geometry": {"type": "Point", "coordinates": [80.182963, 12.978079]}, "properties": {"stop_id": "eifpduwu", "stop_name": "Nanganallur MGR Road"}}, {"type": "Feature", "geometry": {"type": "Point", "coordinates": [79.906563, 12.933303]}, "properties": {"stop_id": "jaDdFMxy", "stop_name": "Mambakkam Sipcot"}}, {"type": "Feature", "geometry": {"type": "Point", "coordinates": [80.215783, 13.100222]}, "properties": {"stop_id": "mCHzTQKa", "stop_name": "ICF"}}, {"type": "Feature", "geometry": {"type": "Point", "coordinates": [80.101306, 12.92556]}, "properties": {"stop_id": "zZZsLLct", "stop_name": "Lakshmipuram"}}, {"type": "Feature", "geometry": {"type": "Point", "coordinates": [79.459429, 12.90051]}, "properties": {"stop_id": "qcYsEYco", "stop_name": "Kaveripakkam By Pass"}}, {"type": "Feature", "geometry": {"type": "Point", "coordinates": [80.107819, 12.859725]}, "properties": {"stop_id": "mhsyTQmZ", "stop_name": "Unamancheri"}}, {"type": "Feature", "geometry": {"type": "Point", "coordinates": [80.098542, 12.711272]}, "properties": {"stop_id": "foYyjDus", "stop_name": "Vengur Junction"}}, {"type": "Feature", "geometry": {"type": "Point", "coordinates": [79.483394, 11.930351]}, "properties": {"stop_id": "yeocHgUH", "stop_name": "Villuppuram Bus Stand"}}, {"type": "Feature", "geometry": {"type": "Point", "coordinates": [80.250038, 13.085985]}, "properties": {"stop_id": "pfHqWMIj", "stop_name": "Motcham Theatre Or GRT"}}, {"type": "Feature", "geometry": {"type": "Point", "coordinates": [79.817348, 12.792633]}, "properties": {"stop_id": "MvGjEBBL", "stop_name": "Walajabad Bus Stand"}}, {"type": "Feature", "geometry": {"type": "Point", "coordinates": [80.209935, 13.092604]}, "properties": {"stop_id": "LYepRrQv", "stop_name": "Labour Officers"}}, {"type": "Feature", "geometry": {"type": "Point", "coordinates": [80.278708, 13.128673]}, "properties": {"stop_id": "vJbDLuoa", "stop_name": "Tondiarpet Power House"}}, {"type": "Feature", "geometry": {"type": "Point", "coordinates": [80.24026, 13.131836]}, "properties": {"stop_id": "OoNwiPDT", "stop_name": "Moolakadai Market"}}, {"type": "Feature", "geometry": {"type": "Point", "coordinates": [80.281708, 13.056428]}, "properties": {"stop_id": "xnBCUPNx", "stop_name": "Kannagi Statue Or Presidency College"}}, {"type": "Feature", "geometry": {"type": "Point", "coordinates": [80.163914, 12.922024]}, "properties": {"stop_id": "TvvslWVF", "stop_name": "Prince College"}}, {"type": "Feature", "geometry": {"type": "Point", "coordinates": [80.13182, 12.739162]}, "properties": {"stop_id": "MNMOMIBL", "stop_name": "Shri Sathya Sai Hospital Ammapettai"}}, {"type": "Feature", "geometry": {"type": "Point", "coordinates": [79.972087, 12.85466]}, "properties": {"stop_id": "ZJoycWOZ", "stop_name": "Vattambakkam Govt School"}}, {"type": "Feature", "geometry": {"type": "Point", "coordinates": [80.042924, 12.954446]}, "properties": {"stop_id": "hBSPMzNd", "stop_name": "Somangalam School"}}, {"type": "Feature", "geometry": {"type": "Point", "coordinates": [80.072537, 13.082528]}, "properties": {"stop_id": "OZmcxPEb", "stop_name": "Vayalanallur MGR Statue"}}, {"type": "Feature", "geometry": {"type": "Point", "coordinates": [80.243338, 12.868582]}, "properties": {"stop_id": "ebBIwNsf", "stop_name": "Uthandi"}}, {"type": "Feature", "geometry": {"type": "Point", "coordinates": [80.02854, 13.220568]}, "properties": {"stop_id": "Hjpeultj", "stop_name": "Thamaraipakkam Junction"}}, {"type": "Feature", "geometry": {"type": "Point", "coordinates": [80.230523, 12.818987]}, "properties": {"stop_id": "SfBAqteg", "stop_name": "Kazhipattur"}}, {"type": "Feature", "geometry": {"type": "Point", "coordinates": [80.022106, 13.081328]}, "properties": {"stop_id": "dMpYNFzw", "stop_name": "Jamin Korattur"}}, {"type": "Feature", "geometry": {"type": "Point", "coordinates": [80.125084, 12.957421]}, "properties": {"stop_id": "BWOvyAui", "stop_name": "Subbarayan Nagar"}}, {"type": "Feature", "geometry": {"type": "Point", "coordinates": [80.053513, 13.154156]}, "properties": {"stop_id": "iqwUvhKg", "stop_name": "Palavedu"}}, {"type": "Feature", "geometry": {"type": "Point", "coordinates": [80.010105, 13.125956]}, "properties": {"stop_id": "bDoBjPVm", "stop_name": "Veppampattu or Madha Koil"}}, {"type": "Feature", "geometry": {"type": "Point", "coordinates": [79.91812, 13.110442]}, "properties": {"stop_id": "PRqBOnQV", "stop_name": "Ondikuppam"}}, {"type": "Feature", "geometry": {"type": "Point", "coordinates": [80.188821, 12.73046]}, "properties": {"stop_id": "aRCjtsfP", "stop_name": "Thiruporur Kovil"}}, {"type": "Feature", "geometry": {"type": "Point", "coordinates": [80.186841, 13.099882]}, "properties": {"stop_id": "RYTcAdhr", "stop_name": "Korrattur Signal Or East Avenue"}}, {"type": "Feature", "geometry": {"type": "Point", "coordinates": [80.236051, 12.933259]}, "properties": {"stop_id": "aSxVTIYY", "stop_name": "Sivan Kovil Or PTC Quarter"}}, {"type": "Feature", "geometry": {"type": "Point", "coordinates": [80.19272, 12.878419]}, "properties": {"stop_id": "fvPlIFug", "stop_name": "Arasankazhani"}}, {"type": "Feature", "geometry": {"type": "Point", "coordinates": [80.265724, 13.111378]}, "properties": {"stop_id": "gRuqifBH", "stop_name": "Vyasarpadi"}}, {"type": "Feature", "geometry": {"type": "Point", "coordinates": [80.086624, 13.04891]}, "properties": {"stop_id": "PyGiRErs", "stop_name": "Varadaraja Puram"}}, {"type": "Feature", "geometry": {"type": "Point", "coordinates": [79.912665, 13.056135]}, "properties": {"stop_id": "HHbKiMPc", "stop_name": "Chathram Village"}}, {"type": "Feature", "geometry": {"type": "Point", "coordinates": [80.26581, 13.119532]}, "properties": {"stop_id": "ZBkAAevT", "stop_name": "Vyasarpadi Sathiyamoorthy Nagar"}}, {"type": "Feature", "geometry": {"type": "Point", "coordinates": [80.181283, 13.434467]}, "properties": {"stop_id": "yrrrlzqi", "stop_name": "Kurivigaram 2"}}, {"type": "Feature", "geometry": {"type": "Point", "coordinates": [80.207684, 13.103207]}, "properties": {"stop_id": "HFKfgJoc", "stop_name": "Kalpana Hotel"}}, {"type": "Feature", "geometry": {"type": "Point", "coordinates": [80.30586, 13.160229]}, "properties": {"stop_id": "qezgFtTe", "stop_name": "Theradi Beach Road"}}, {"type": "Feature", "geometry": {"type": "Point", "coordinates": [80.198884, 13.103094]}, "properties": {"stop_id": "LPldZjRa", "stop_name": "SIDCO Nagar"}}, {"type": "Feature", "geometry": {"type": "Point", "coordinates": [80.203971, 13.158033]}, "properties": {"stop_id": "MyzUerZz", "stop_name": "Puzhal Camp"}}, {"type": "Feature", "geometry": {"type": "Point", "coordinates": [80.168646, 12.902489]}, "properties": {"stop_id": "IdjjXnkI", "stop_name": "Kulakarai Venkaivasal"}}, {"type": "Feature", "geometry": {"type": "Point", "coordinates": [80.058454, 13.104758]}, "properties": {"stop_id": "MlYFoaez", "stop_name": "Annaikattucherry"}}, {"type": "Feature", "geometry": {"type": "Point", "coordinates": [80.202316, 13.008643]}, "properties": {"stop_id": "kVhbTVuU", "stop_name": "Kathipara"}}, {"type": "Feature", "geometry": {"type": "Point", "coordinates": [80.128114, 12.957989]}, "properties": {"stop_id": "jWegLIVv", "stop_name": "Sri Ellaiamman Koil"}}, {"type": "Feature", "geometry": {"type": "Point", "coordinates": [80.280041, 13.176372]}, "properties": {"stop_id": "JyqrAKLu", "stop_name": "TPL"}}, {"type": "Feature", "geometry": {"type": "Point", "coordinates": [80.146036, 13.314764]}, "properties": {"stop_id": "FBcFacnd", "stop_name": "Peravallur"}}, {"type": "Feature", "geometry": {"type": "Point", "coordinates": [80.129409, 12.958945]}, "properties": {"stop_id": "ZMwphzOX", "stop_name": "Lakshmipuram"}}, {"type": "Feature", "geometry": {"type": "Point", "coordinates": [80.06143, 12.841781]}, "properties": {"stop_id": "PjaElYBL", "stop_name": "Nandhivaram Goverment Girls Hsc School"}}, {"type": "Feature", "geometry": {"type": "Point", "coordinates": [80.166197, 13.049391]}, "properties": {"stop_id": "NztIaxQU", "stop_name": "Elumalai Polytechnic"}}, {"type": "Feature", "geometry": {"type": "Point", "coordinates": [80.15514, 12.682209]}, "properties": {"stop_id": "HdFJhFPb", "stop_name": "Kalavakkam"}}, {"type": "Feature", "geometry": {"type": "Point", "coordinates": [79.911732, 13.122443]}, "properties": {"stop_id": "JYjcxadu", "stop_name": "Thiruvallur Oil Mill"}}, {"type": "Feature", "geometry": {"type": "Point", "coordinates": [80.154412, 12.904014]}, "properties": {"stop_id": "DksUClXl", "stop_name": "ALS Nagar"}}, {"type": "Feature", "geometry": {"type": "Point", "coordinates": [80.299536, 13.151354]}, "properties": {"stop_id": "jqriedgy", "stop_name": "Raja Kaladi"}}, {"type": "Feature", "geometry": {"type": "Point", "coordinates": [80.26158, 13.048162]}, "properties": {"stop_id": "rwHPNAJf", "stop_name": "Gopalapuram"}}, {"type": "Feature", "geometry": {"type": "Point", "coordinates": [80.153785, 12.95567]}, "properties": {"stop_id": "JPWycazw", "stop_name": "Ganapathy Nagar"}}, {"type": "Feature", "geometry": {"type": "Point", "coordinates": [80.113053, 13.038117]}, "properties": {"stop_id": "sxclJLmG", "stop_name": "Gangai Amman Kovil"}}, {"type": "Feature", "geometry": {"type": "Point", "coordinates": [80.050848, 12.952608]}, "properties": {"stop_id": "cWGPtAwF", "stop_name": "Taar Plant"}}, {"type": "Feature", "geometry": {"type": "Point", "coordinates": [80.18767, 13.115345]}, "properties": {"stop_id": "rQPeTBQp", "stop_name": "Sivalingapuram Kovil"}}, {"type": "Feature", "geometry": {"type": "Point", "coordinates": [80.112786, 13.062303]}, "properties": {"stop_id": "MCZGGmLQ", "stop_name": "Vathal Thottam"}}, {"type": "Feature", "geometry": {"type": "Point", "coordinates": [80.129369, 13.067622]}, "properties": {"stop_id": "HMiMHaRv", "stop_name": "Thiruverkadu MGR Nagar"}}, {"type": "Feature", "geometry": {"type": "Point", "coordinates": [80.233115, 13.04214]}, "properties": {"stop_id": "QgwCgjAi", "stop_name": "Panagal Park"}}, {"type": "Feature", "geometry": {"type": "Point", "coordinates": [80.114033, 13.447216]}, "properties": {"stop_id": "oSDoGnju", "stop_name": "Milage"}}, {"type": "Feature", "geometry": {"type": "Point", "coordinates": [80.186751, 13.031673]}, "properties": {"stop_id": "ImyQzgIv", "stop_name": "Balaji Hospital"}}, {"type": "Feature", "geometry": {"type": "Point", "coordinates": [80.084509, 13.183265]}, "properties": {"stop_id": "qnfbEQfU", "stop_name": "Katathotti"}}, {"type": "Feature", "geometry": {"type": "Point", "coordinates": [80.128509, 13.106016]}, "properties": {"stop_id": "TPescrDz", "stop_name": "Ayapakkam Bus Stand"}}, {"type": "Feature", "geometry": {"type": "Point", "coordinates": [80.202523, 13.103675]}, "properties": {"stop_id": "ubzklVlS", "stop_name": "Nathamuni Talkies"}}, {"type": "Feature", "geometry": {"type": "Point", "coordinates": [80.274005, 13.071089]}, "properties": {"stop_id": "iPNesxKP", "stop_name": "Simson Or Periyar Bridge"}}, {"type": "Feature", "geometry": {"type": "Point", "coordinates": [80.293984, 13.099303]}, "properties": {"stop_id": "udlIzhJE", "stop_name": "Clive Battery"}}, {"type": "Feature", "geometry": {"type": "Point", "coordinates": [80.249877, 13.07865]}, "properties": {"stop_id": "uVsOstge", "stop_name": "Sangam Theatre"}}, {"type": "Feature", "geometry": {"type": "Point", "coordinates": [80.261335, 13.2733]}, "properties": {"stop_id": "xjJdOfLG", "stop_name": "Edappalayam"}}, {"type": "Feature", "geometry": {"type": "Point", "coordinates": [80.255281, 13.109138]}, "properties": {"stop_id": "SYyDHHKq", "stop_name": "BSNL Telephone Quarters Or Jeeva Railway Station"}}, {"type": "Feature", "geometry": {"type": "Point", "coordinates": [80.207989, 13.233033]}, "properties": {"stop_id": "DFuWYygu", "stop_name": "Kandigai Marampedu"}}, {"type": "Feature", "geometry": {"type": "Point", "coordinates": [80.271732, 13.213641]}, "properties": {"stop_id": "ZfNDFPcl", "stop_name": "Infant Jesus Shrine Manali New Town"}}, {"type": "Feature", "geometry": {"type": "Point", "coordinates": [80.025124, 12.822447]}, "properties": {"stop_id": "FesfYZEN", "stop_name": "Kavanoor"}}, {"type": "Feature", "geometry": {"type": "Point", "coordinates": [80.122666, 12.829444]}, "properties": {"stop_id": "avmqjzBH", "stop_name": "Keerapakkam Perumal Koil"}}, {"type": "Feature", "geometry": {"type": "Point", "coordinates": [80.195006, 13.031132]}, "properties": {"stop_id": "NjUfThdh", "stop_name": "Anbu Woins"}}, {"type": "Feature", "geometry": {"type": "Point", "coordinates": [80.262815, 13.044647]}, "properties": {"stop_id": "BIPxiHLi", "stop_name": "New Woodlands"}}, {"type": "Feature", "geometry": {"type": "Point", "coordinates": [80.186264, 12.969495]}, "properties": {"stop_id": "GnVcDFUF", "stop_name": "Moovarasampettai"}}, {"type": "Feature", "geometry": {"type": "Point", "coordinates": [80.087156, 12.939331]}, "properties": {"stop_id": "WmvRfciC", "stop_name": "Venkateshvara Nagar Darkash Salai"}}, {"type": "Feature", "geometry": {"type": "Point", "coordinates": [79.876629, 13.024334]}, "properties": {"stop_id": "jYzIDNQM", "stop_name": "Poovalli Kuppam Or Vellakalvai Meetu Cherry"}}, {"type": "Feature", "geometry": {"type": "Point", "coordinates": [80.273711, 13.065756]}, "properties": {"stop_id": "kWtooBDW", "stop_name": "Adham Market"}}, {"type": "Feature", "geometry": {"type": "Point", "coordinates": [80.169932, 13.085514]}, "properties": {"stop_id": "kueIUJls", "stop_name": "M G R Salai"}}, {"type": "Feature", "geometry": {"type": "Point", "coordinates": [80.112654, 13.007224]}, "properties": {"stop_id": "GznDzxNt", "stop_name": "Madha Hospital And College"}}, {"type": "Feature", "geometry": {"type": "Point", "coordinates": [80.199793, 13.186429]}, "properties": {"stop_id": "SmQHomzq", "stop_name": "Vadakarai"}}, {"type": "Feature", "geometry": {"type": "Point", "coordinates": [80.131056, 12.922724]}, "properties": {"stop_id": "hFISFuCO", "stop_name": "East Tambaram Convent"}}, {"type": "Feature", "geometry": {"type": "Point", "coordinates": [80.147554, 12.969709]}, "properties": {"stop_id": "ffjXMuak", "stop_name": "Pallavaram  Market"}}, {"type": "Feature", "geometry": {"type": "Point", "coordinates": [80.157543, 13.041468]}, "properties": {"stop_id": "IoymLetX", "stop_name": "Darmaraja Nagar"}}, {"type": "Feature", "geometry": {"type": "Point", "coordinates": [80.278288, 13.064106]}, "properties": {"stop_id": "eeSdZFhf", "stop_name": "Bells Road"}}, {"type": "Feature", "geometry": {"type": "Point", "coordinates": [80.208958, 13.044096]}, "properties": {"stop_id": "nPkrzCty", "stop_name": "Nagathamman Koil"}}, {"type": "Feature", "geometry": {"type": "Point", "coordinates": [80.062404, 13.112792]}, "properties": {"stop_id": "pGpZhRvq", "stop_name": "Thandurai Palla Street"}}, {"type": "Feature", "geometry": {"type": "Point", "coordinates": [80.244953, 12.785069]}, "properties": {"stop_id": "tZxKeFkh", "stop_name": "Kovalam Kelambakam Road Junction"}}, {"type": "Feature", "geometry": {"type": "Point", "coordinates": [80.193844, 13.335879]}, "properties": {"stop_id": "HyvnzuHA", "stop_name": "Ponneri Bus Stand"}}, {"type": "Feature", "geometry": {"type": "Point", "coordinates": [80.108518, 13.111426]}, "properties": {"stop_id": "WEgiiGlQ", "stop_name": "JB Estate"}}, {"type": "Feature", "geometry": {"type": "Point", "coordinates": [80.181583, 12.978013]}, "properties": {"stop_id": "NWHVZGmo", "stop_name": "Nanganallur Bus Terminus"}}, {"type": "Feature", "geometry": {"type": "Point", "coordinates": [80.209278, 12.661834]}, "properties": {"stop_id": "ulxuvpsp", "stop_name": "Pattipulam Arasamaram"}}, {"type": "Feature", "geometry": {"type": "Point", "coordinates": [80.269975, 13.177994]}, "properties": {"stop_id": "GQmprOhw", "stop_name": "MFL"}}, {"type": "Feature", "geometry": {"type": "Point", "coordinates": [80.18298, 12.899149]}, "properties": {"stop_id": "KbemmdTp", "stop_name": "Vengaivasal Road Chithalapakkam"}}, {"type": "Feature", "geometry": {"type": "Point", "coordinates": [80.304456, 13.168451]}, "properties": {"stop_id": "lDHqxCQW", "stop_name": "Vellayan Chettiyar School"}}, {"type": "Feature", "geometry": {"type": "Point", "coordinates": [80.168673, 12.959849]}, "properties": {"stop_id": "pNohcrtk", "stop_name": "Gandhi Salai"}}, {"type": "Feature", "geometry": {"type": "Point", "coordinates": [80.206258, 13.139497]}, "properties": {"stop_id": "ZZUoaXbF", "stop_name": "Vinayagapuram"}}, {"type": "Feature", "geometry": {"type": "Point", "coordinates": [80.110478, 13.078266]}, "properties": {"stop_id": "ZqROcYrU", "stop_name": "Kaduvetti"}}, {"type": "Feature", "geometry": {"type": "Point", "coordinates": [80.202275, 13.191509]}, "properties": {"stop_id": "TRZUQkiC", "stop_name": "Alinijivakkam Tank"}}, {"type": "Feature", "geometry": {"type": "Point", "coordinates": [80.177181, 12.718525]}, "properties": {"stop_id": "uYhYmSwb", "stop_name": "Manamathi Koot Road"}}, {"type": "Feature", "geometry": {"type": "Point", "coordinates": [80.138149, 12.892164]}, "properties": {"stop_id": "KHybvzQw", "stop_name": "Vinayagar Temple"}}, {"type": "Feature", "geometry": {"type": "Point", "coordinates": [79.917551, 13.137018]}, "properties": {"stop_id": "gOnMxlos", "stop_name": "Thiruvallur Court Or Old Collector Office"}}, {"type": "Feature", "geometry": {"type": "Point", "coordinates": [80.089892, 13.183526]}, "properties": {"stop_id": "oVtKGSMs", "stop_name": "TSP Camp"}}, {"type": "Feature", "geometry": {"type": "Point", "coordinates": [80.031334, 12.789506]}, "properties": {"stop_id": "pcONCDTC", "stop_name": "Pavendar Salai"}}, {"type": "Feature", "geometry": {"type": "Point", "coordinates": [80.061635, 13.385702]}, "properties": {"stop_id": "LMgpokYk", "stop_name": "Suravarikandigai"}}, {"type": "Feature", "geometry": {"type": "Point", "coordinates": [80.046499, 12.971633]}, "properties": {"stop_id": "MGIiIvBH", "stop_name": "Sakthi Nagar Poonthandalam Road Junction"}}, {"type": "Feature", "geometry": {"type": "Point", "coordinates": [80.132822, 12.872756]}, "properties": {"stop_id": "NKGBUaFm", "stop_name": "Vengambakkam Village"}}, {"type": "Feature", "geometry": {"type": "Point", "coordinates": [80.059193, 12.844841]}, "properties": {"stop_id": "prUQvyGs", "stop_name": "Guduvancheri Railway Station"}}, {"type": "Feature", "geometry": {"type": "Point", "coordinates": [80.241129, 13.031649]}, "properties": {"stop_id": "BYsSDXCP", "stop_name": "Nandanam Metro"}}, {"type": "Feature", "geometry": {"type": "Point", "coordinates": [80.261555, 13.114864]}, "properties": {"stop_id": "HRURJMPd", "stop_name": "Vyasarpadi Market"}}, {"type": "Feature", "geometry": {"type": "Point", "coordinates": [79.993575, 13.004087]}, "properties": {"stop_id": "kynUbZOw", "stop_name": "Irungattukottai Sipcot"}}, {"type": "Feature", "geometry": {"type": "Point", "coordinates": [80.158539, 12.688389]}, "properties": {"stop_id": "LnttpfXJ", "stop_name": "Chiruthavoor Junction"}}, {"type": "Feature", "geometry": {"type": "Point", "coordinates": [80.064648, 12.963906]}, "properties": {"stop_id": "PRsEBWMd", "stop_name": "Manolayam Old Age Home"}}, {"type": "Feature", "geometry": {"type": "Point", "coordinates": [79.967, 12.6972]}, "properties": {"stop_id": "KcBICYpI", "stop_name": "Chengalpattu Bypass"}}, {"type": "Feature", "geometry": {"type": "Point", "coordinates": [80.172642, 12.900234]}, "properties": {"stop_id": "cekWZWmD", "stop_name": "Gandhi Nagar Or Venkaivasal"}}, {"type": "Feature", "geometry": {"type": "Point", "coordinates": [80.211267, 13.312514]}, "properties": {"stop_id": "SclqdZtd", "stop_name": "Pulikulam"}}, {"type": "Feature", "geometry": {"type": "Point", "coordinates": [80.22356, 13.084774]}, "properties": {"stop_id": "tqUAPVAa", "stop_name": "Giriyas"}}, {"type": "Feature", "geometry": {"type": "Point", "coordinates": [80.238718, 13.111557]}, "properties": {"stop_id": "yYSDLmlm", "stop_name": "Chembium Old Post Office"}}, {"type": "Feature", "geometry": {"type": "Point", "coordinates": [80.063951, 13.324211]}, "properties": {"stop_id": "zPQeyVVD", "stop_name": "Anjathamman Temple Or Anjatham Magudi"}}, {"type": "Feature", "geometry": {"type": "Point", "coordinates": [80.130564, 13.063755]}, "properties": {"stop_id": "JOCbKjUm", "stop_name": "Mariamman Koil Street"}}, {"type": "Feature", "geometry": {"type": "Point", "coordinates": [80.238691, 12.928185]}, "properties": {"stop_id": "cRXLwRHY", "stop_name": "Kannagi Nagar TNSCB Office Or Fish Market"}}, {"type": "Feature", "geometry": {"type": "Point", "coordinates": [80.086728, 12.801293]}, "properties": {"stop_id": "UJfkeWEN", "stop_name": "Kannivaakam"}}, {"type": "Feature", "geometry": {"type": "Point", "coordinates": [80.25951, 13.016234]}, "properties": {"stop_id": "IgEBJNwX", "stop_name": "M G R Janaki College Or Sathya Studio"}}, {"type": "Feature", "geometry": {"type": "Point", "coordinates": [80.107338, 12.779028]}, "properties": {"stop_id": "lHJswKjJ", "stop_name": "Ashthinapuram"}}, {"type": "Feature", "geometry": {"type": "Point", "coordinates": [80.215806, 13.175345]}, "properties": {"stop_id": "iTmItNpT", "stop_name": "Vadaperumbakkam"}}, {"type": "Feature", "geometry": {"type": "Point", "coordinates": [80.097602, 12.99801]}, "properties": {"stop_id": "qzYXXYmc", "stop_name": "Kundrathur Or Thandalam"}}, {"type": "Feature", "geometry": {"type": "Point", "coordinates": [80.159331, 12.906759]}, "properties": {"stop_id": "vcCubJJz", "stop_name": "Madambakkam Anna Nagar"}}, {"type": "Feature", "geometry": {"type": "Point", "coordinates": [80.254155, 13.047443]}, "properties": {"stop_id": "WtSrfmmv", "stop_name": "Stella Marys College"}}, {"type": "Feature", "geometry": {"type": "Point", "coordinates": [80.123766, 13.053214]}, "properties": {"stop_id": "MnTeelLR", "stop_name": "Saveetha Hospital"}}, {"type": "Feature", "geometry": {"type": "Point", "coordinates": [80.135876, 13.066659]}, "properties": {"stop_id": "kLfGGOkq", "stop_name": "Perumalagaram"}}, {"type": "Feature", "geometry": {"type": "Point", "coordinates": [80.13347, 13.154804]}, "properties": {"stop_id": "ihoYGoHN", "stop_name": "Karishma Nagar Water"}}, {"type": "Feature", "geometry": {"type": "Point", "coordinates": [80.254518, 13.079629]}, "properties": {"stop_id": "WPPGaTFA", "stop_name": "Das Prakash Hotel Or Petrol Pump"}}, {"type": "Feature", "geometry": {"type": "Point", "coordinates": [80.071009, 13.101101]}, "properties": {"stop_id": "pWUEfFEM", "stop_name": "Soranjeri Post Office"}}, {"type": "Feature", "geometry": {"type": "Point", "coordinates": [80.224406, 13.163347]}, "properties": {"stop_id": "WqRwmxfX", "stop_name": "Manapakkam"}}, {"type": "Feature", "geometry": {"type": "Point", "coordinates": [80.103056, 12.967765]}, "properties": {"stop_id": "AWJbGBWg", "stop_name": "Vazhuthalambedu Road Junction"}}, {"type": "Feature", "geometry": {"type": "Point", "coordinates": [80.194992, 13.031092]}, "properties": {"stop_id": "YstCZidS", "stop_name": "Anbu Woins"}}, {"type": "Feature", "geometry": {"type": "Point", "coordinates": [80.138355, 13.178612]}, "properties": {"stop_id": "VWFAQayS", "stop_name": "Sidco Estate"}}, {"type": "Feature", "geometry": {"type": "Point", "coordinates": [80.19933, 12.641128]}, "properties": {"stop_id": "TRrMduWd", "stop_name": "Sculpture Arts College"}}, {"type": "Feature", "geometry": {"type": "Point", "coordinates": [80.112031, 13.046285]}, "properties": {"stop_id": "UVIVXUaJ", "stop_name": "Karayanchavadi"}}, {"type": "Feature", "geometry": {"type": "Point", "coordinates": [80.206908, 13.112471]}, "properties": {"stop_id": "qBoqSZqr", "stop_name": "Ilankali Amman Koil"}}, {"type": "Feature", "geometry": {"type": "Point", "coordinates": [80.24348, 13.066389]}, "properties": {"stop_id": "vJitwYAE", "stop_name": "Sterling Road"}}, {"type": "Feature", "geometry": {"type": "Point", "coordinates": [80.175713, 12.891203]}, "properties": {"stop_id": "ArfZenbk", "stop_name": "Housing Board Sithalapakam"}}, {"type": "Feature", "geometry": {"type": "Point", "coordinates": [80.240939, 13.269258]}, "properties": {"stop_id": "vQqKfyzC", "stop_name": "Chinna Madiyoor"}}, {"type": "Feature", "geometry": {"type": "Point", "coordinates": [80.211899, 12.953619]}, "properties": {"stop_id": "cQQRUhUD", "stop_name": "Balaji Nagar Medavakkam"}}, {"type": "Feature", "geometry": {"type": "Point", "coordinates": [80.246374, 13.067778]}, "properties": {"stop_id": "nrUfCQxz", "stop_name": "Metrological Department Sterling Road"}}, {"type": "Feature", "geometry": {"type": "Point", "coordinates": [80.236824, 13.053403]}, "properties": {"stop_id": "iEKuRfDT", "stop_name": "Periyar Salai"}}, {"type": "Feature", "geometry": {"type": "Point", "coordinates": [80.232963, 12.730734]}, "properties": {"stop_id": "wRFZkBWU", "stop_name": "Pudukalpakkam"}}, {"type": "Feature", "geometry": {"type": "Point", "coordinates": [80.274825, 13.025366]}, "properties": {"stop_id": "BaKUDeNn", "stop_name": "Foreshore Estate MTC Bus Stop"}}, {"type": "Feature", "geometry": {"type": "Point", "coordinates": [80.224035, 13.120713]}, "properties": {"stop_id": "SyrqOGJb", "stop_name": "Kolathur Anna Salai"}}, {"type": "Feature", "geometry": {"type": "Point", "coordinates": [79.927118, 13.015614]}, "properties": {"stop_id": "WmSrnULk", "stop_name": "Mannur Junction Sriperumbudur Bypass"}}, {"type": "Feature", "geometry": {"type": "Point", "coordinates": [80.199516, 13.170491]}, "properties": {"stop_id": "aCcokpIU", "stop_name": "Kavangarai"}}, {"type": "Feature", "geometry": {"type": "Point", "coordinates": [80.166367, 13.057438]}, "properties": {"stop_id": "xIAmzSOf", "stop_name": "Alamelu Kalyana Mandapam"}}, {"type": "Feature", "geometry": {"type": "Point", "coordinates": [80.188584, 12.965943]}, "properties": {"stop_id": "zfmNZkKD", "stop_name": "UTI Bank Or Madipakkam Road Junction"}}, {"type": "Feature", "geometry": {"type": "Point", "coordinates": [80.120066, 13.009967]}, "properties": {"stop_id": "lSWJJvzr", "stop_name": "Kovur"}}, {"type": "Feature", "geometry": {"type": "Point", "coordinates": [80.208062, 13.23306]}, "properties": {"stop_id": "yjaYbUGq", "stop_name": "Kandigai Marampedu"}}, {"type": "Feature", "geometry": {"type": "Point", "coordinates": [79.945268, 12.962259]}, "properties": {"stop_id": "vDTAjOOR", "stop_name": "Sriperumbudur Bypass"}}, {"type": "Feature", "geometry": {"type": "Point", "coordinates": [80.203893, 13.049223]}, "properties": {"stop_id": "QPoJLiJK", "stop_name": "Sooriya Hospital"}}, {"type": "Feature", "geometry": {"type": "Point", "coordinates": [80.242565, 13.11924]}, "properties": {"stop_id": "jkJwqjHm", "stop_name": "Brindha Theatre"}}, {"type": "Feature", "geometry": {"type": "Point", "coordinates": [80.144031, 12.989494]}, "properties": {"stop_id": "UxgUbJZk", "stop_name": "Pozhichalur"}}, {"type": "Feature", "geometry": {"type": "Point", "coordinates": [80.185366, 12.988052]}, "properties": {"stop_id": "rJovpGIG", "stop_name": "Pazhavanthangal Subway"}}, {"type": "Feature", "geometry": {"type": "Point", "coordinates": [79.549583, 11.926494]}, "properties": {"stop_id": "mBDHTawz", "stop_name": "Koliyanur Cross Road"}}, {"type": "Feature", "geometry": {"type": "Point", "coordinates": [80.216272, 13.041964]}, "properties": {"stop_id": "gqwqEGtD", "stop_name": "Pudur High School"}}, {"type": "Feature", "geometry": {"type": "Point", "coordinates": [80.070074, 13.326302]}, "properties": {"stop_id": "momDhuqe", "stop_name": "Kosavanpettai"}}, {"type": "Feature", "geometry": {"type": "Point", "coordinates": [80.217983, 12.983887]}, "properties": {"stop_id": "wDKuLbjL", "stop_name": "Murugan Kalyana Mandapam"}}, {"type": "Feature", "geometry": {"type": "Point", "coordinates": [80.24272, 12.981297]}, "properties": {"stop_id": "FrOiWYSP", "stop_name": "Tharamani Or IRTC Junction"}}, {"type": "Feature", "geometry": {"type": "Point", "coordinates": [80.196025, 13.037087]}, "properties": {"stop_id": "tpTDqbZI", "stop_name": "M G R Nagar"}}, {"type": "Feature", "geometry": {"type": "Point", "coordinates": [80.251209, 13.122134]}, "properties": {"stop_id": "tWpVdCtj", "stop_name": "Erukkancheri Toll Gate"}}, {"type": "Feature", "geometry": {"type": "Point", "coordinates": [80.176756, 13.024969]}, "properties": {"stop_id": "tyeyrnYi", "stop_name": "DLF"}}, {"type": "Feature", "geometry": {"type": "Point", "coordinates": [79.96283, 13.198229]}, "properties": {"stop_id": "aLRPqQhq", "stop_name": "Keelanur"}}, {"type": "Feature", "geometry": {"type": "Point", "coordinates": [80.091343, 13.185841]}, "properties": {"stop_id": "louTHuTF", "stop_name": "TSP Canteen"}}, {"type": "Feature", "geometry": {"type": "Point", "coordinates": [80.154505, 13.114607]}, "properties": {"stop_id": "WwnuanyA", "stop_name": "Ambattur Railway Station"}}, {"type": "Feature", "geometry": {"type": "Point", "coordinates": [80.285654, 13.147911]}, "properties": {"stop_id": "gsCFEnid", "stop_name": "Ration Shop"}}, {"type": "Feature", "geometry": {"type": "Point", "coordinates": [80.123715, 12.845962]}, "properties": {"stop_id": "aYSNYmnY", "stop_name": "Nallambakkam"}}, {"type": "Feature", "geometry": {"type": "Point", "coordinates": [80.144038, 13.020632]}, "properties": {"stop_id": "qOuhMtTj", "stop_name": "Bai Kadai Moulivakkam"}}, {"type": "Feature", "geometry": {"type": "Point", "coordinates": [80.163961, 12.922179]}, "properties": {"stop_id": "YBasMniA", "stop_name": "Prince College"}}, {"type": "Feature", "geometry": {"type": "Point", "coordinates": [80.126883, 13.412859]}, "properties": {"stop_id": "WoPCDSeI", "stop_name": "Rettempedu Road Junction"}}, {"type": "Feature", "geometry": {"type": "Point", "coordinates": [80.241957, 13.088289]}, "properties": {"stop_id": "exzjGTVf", "stop_name": "Medavakkam Kellys"}}, {"type": "Feature", "geometry": {"type": "Point", "coordinates": [79.880934, 13.022838]}, "properties": {"stop_id": "nEsTDuVQ", "stop_name": "Viswanathapuram"}}, {"type": "Feature", "geometry": {"type": "Point", "coordinates": [80.237323, 12.943885]}, "properties": {"stop_id": "DHQRQBBP", "stop_name": "Infoview Thoraipakkam"}}, {"type": "Feature", "geometry": {"type": "Point", "coordinates": [80.181174, 12.694382]}, "properties": {"stop_id": "VyooPFNZ", "stop_name": "Sidco Industrial Estate Alathur"}}, {"type": "Feature", "geometry": {"type": "Point", "coordinates": [80.146736, 13.097421]}, "properties": {"stop_id": "MfyCNvnP", "stop_name": "SCF Colony Ambattur"}}, {"type": "Feature", "geometry": {"type": "Point", "coordinates": [79.962871, 13.19813]}, "properties": {"stop_id": "xHyAtnfx", "stop_name": "Keelanur"}}, {"type": "Feature", "geometry": {"type": "Point", "coordinates": [80.24822, 13.166819]}, "properties": {"stop_id": "QaQvGPmN", "stop_name": "Mathur Second Main Road"}}, {"type": "Feature", "geometry": {"type": "Point", "coordinates": [80.265265, 13.044529]}, "properties": {"stop_id": "yrMfCrKd", "stop_name": "AVM Rajeshwari Thirumana Mandapam"}}, {"type": "Feature", "geometry": {"type": "Point", "coordinates": [80.145629, 12.79876]}, "properties": {"stop_id": "cYyOAQLx", "stop_name": "Pungeri Junction"}}, {"type": "Feature", "geometry": {"type": "Point", "coordinates": [80.277829, 13.316317]}, "properties": {"stop_id": "WmKWqOVN", "stop_name": "Vaayalur Colony"}}, {"type": "Feature", "geometry": {"type": "Point", "coordinates": [80.093708, 13.050864]}, "properties": {"stop_id": "QoKDjrWo", "stop_name": "Poonamallee"}}, {"type": "Feature", "geometry": {"type": "Point", "coordinates": [80.139271, 13.24924]}, "properties": {"stop_id": "fxsyxfZK", "stop_name": "VGP Medu"}}, {"type": "Feature", "geometry": {"type": "Point", "coordinates": [80.21224, 13.123801]}, "properties": {"stop_id": "BEIrHceU", "stop_name": "Mariamman Koil"}}, {"type": "Feature", "geometry": {"type": "Point", "coordinates": [80.044015, 13.036255]}, "properties": {"stop_id": "gWHAQwVu", "stop_name": "Irulapalayam Road Junction"}}, {"type": "Feature", "geometry": {"type": "Point", "coordinates": [80.077045, 13.073029]}, "properties": {"stop_id": "jQlVbeqW", "stop_name": "Kolappancheri"}}, {"type": "Feature", "geometry": {"type": "Point", "coordinates": [80.237558, 13.139281]}, "properties": {"stop_id": "VLKPcfHc", "stop_name": "Anthonys Hospital"}}, {"type": "Feature", "geometry": {"type": "Point", "coordinates": [80.203035, 13.236703]}, "properties": {"stop_id": "oTXyBJNn", "stop_name": "Budur Ambedkar Statue"}}, {"type": "Feature", "geometry": {"type": "Point", "coordinates": [80.230557, 13.02295]}, "properties": {"stop_id": "HuqqdbXr", "stop_name": "Todd Hunter Nagar"}}, {"type": "Feature", "geometry": {"type": "Point", "coordinates": [80.131983, 13.012475]}, "properties": {"stop_id": "YzXnYVPd", "stop_name": "Periyapanicherr"}}, {"type": "Feature", "geometry": {"type": "Point", "coordinates": [80.233462, 13.079997]}, "properties": {"stop_id": "uKbbRztG", "stop_name": "New Avadi Road"}}, {"type": "Feature", "geometry": {"type": "Point", "coordinates": [80.145135, 12.941476]}, "properties": {"stop_id": "BgrWMruP", "stop_name": "Muthumariamman Kovil"}}, {"type": "Feature", "geometry": {"type": "Point", "coordinates": [80.289399, 13.165936]}, "properties": {"stop_id": "iCFxwoUV", "stop_name": "Rajaji Street"}}, {"type": "Feature", "geometry": {"type": "Point", "coordinates": [80.214483, 13.065783]}, "properties": {"stop_id": "SzEcLYsf", "stop_name": "M M D A Police Booth"}}, {"type": "Feature", "geometry": {"type": "Point", "coordinates": [80.23996, 13.047744]}, "properties": {"stop_id": "lxSUNwOi", "stop_name": "Kamarajar Illam"}}, {"type": "Feature", "geometry": {"type": "Point", "coordinates": [79.894158, 13.333991]}, "properties": {"stop_id": "bqxardHa", "stop_name": "Uthukkottai"}}, {"type": "Feature", "geometry": {"type": "Point", "coordinates": [80.274346, 13.06049]}, "properties": {"stop_id": "VMviwLNE", "stop_name": "Triplicane Post Office"}}, {"type": "Feature", "geometry": {"type": "Point", "coordinates": [80.092501, 12.92164]}, "properties": {"stop_id": "nIbIRswk", "stop_name": "Barathi Nagar"}}, {"type": "Feature", "geometry": {"type": "Point", "coordinates": [79.917578, 13.156453]}, "properties": {"stop_id": "AEUmstNW", "stop_name": "BDO Office Ikkadu"}}, {"type": "Feature", "geometry": {"type": "Point", "coordinates": [80.253508, 13.078671]}, "properties": {"stop_id": "tBJBJfdu", "stop_name": "Dasaprakash"}}, {"type": "Feature", "geometry": {"type": "Point", "coordinates": [80.270368, 13.021485]}, "properties": {"stop_id": "NuyYqrDq", "stop_name": "MRC Nagar"}}, {"type": "Feature", "geometry": {"type": "Point", "coordinates": [80.096749, 13.116896]}, "properties": {"stop_id": "cPMyJryL", "stop_name": "Ramarathna Theatre"}}, {"type": "Feature", "geometry": {"type": "Point", "coordinates": [80.118992, 13.323197]}, "properties": {"stop_id": "ABXRUWWW", "stop_name": "Ayyanar Medu"}}, {"type": "Feature", "geometry": {"type": "Point", "coordinates": [80.194119, 13.142376]}, "properties": {"stop_id": "FRtXItgR", "stop_name": "Puthagaram"}}, {"type": "Feature", "geometry": {"type": "Point", "coordinates": [80.071923, 12.957969]}, "properties": {"stop_id": "VctvucUM", "stop_name": "Vivekanantha Nagar"}}, {"type": "Feature", "geometry": {"type": "Point", "coordinates": [80.207547, 12.980796]}, "properties": {"stop_id": "liXJvIPl", "stop_name": "Puwaneshwary Kovil"}}, {"type": "Feature", "geometry": {"type": "Point", "coordinates": [80.170322, 13.099699]}, "properties": {"stop_id": "wrsPDGBQ", "stop_name": "Ambattur Industrial Estate"}}, {"type": "Feature", "geometry": {"type": "Point", "coordinates": [80.253818, 13.054321]}, "properties": {"stop_id": "qpacHTVx", "stop_name": "Church Park School"}}, {"type": "Feature", "geometry": {"type": "Point", "coordinates": [80.131609, 13.114835]}, "properties": {"stop_id": "VXiNciom", "stop_name": "Ayapakkam Tnhb Bus Terminus"}}, {"type": "Feature", "geometry": {"type": "Point", "coordinates": [80.006955, 13.094247]}, "properties": {"stop_id": "RQpCZdJL", "stop_name": "Periya Kottamedu"}}, {"type": "Feature", "geometry": {"type": "Point", "coordinates": [80.160046, 12.923417]}, "properties": {"stop_id": "sZNeRfOC", "stop_name": "Sembakkam"}}, {"type": "Feature", "geometry": {"type": "Point", "coordinates": [80.133124, 12.942448]}, "properties": {"stop_id": "xzbhGFLT", "stop_name": "Sanatorium"}}, {"type": "Feature", "geometry": {"type": "Point", "coordinates": [80.203025, 13.032925]}, "properties": {"stop_id": "busLwOKM", "stop_name": "Kailankadai"}}, {"type": "Feature", "geometry": {"type": "Point", "coordinates": [80.188553, 12.966014]}, "properties": {"stop_id": "TxpOiGNK", "stop_name": "UTI Bank Or Madipakkam Road Junction"}}, {"type": "Feature", "geometry": {"type": "Point", "coordinates": [80.248042, 13.053384]}, "properties": {"stop_id": "Fwqgdxfa", "stop_name": "MGR Salai Nungambakkam Or Plam Grove"}}, {"type": "Feature", "geometry": {"type": "Point", "coordinates": [80.210404, 13.194657]}, "properties": {"stop_id": "zltqyTKX", "stop_name": "Kalai medu"}}, {"type": "Feature", "geometry": {"type": "Point", "coordinates": [80.259466, 12.996509]}, "properties": {"stop_id": "iAOahMMx", "stop_name": "Shasthri Nagar"}}, {"type": "Feature", "geometry": {"type": "Point", "coordinates": [80.313564, 13.248783]}, "properties": {"stop_id": "yTOnYgGF", "stop_name": "HPCL Terminal Ennore Main Gate"}}, {"type": "Feature", "geometry": {"type": "Point", "coordinates": [80.144791, 12.93588]}, "properties": {"stop_id": "AjbAuHxT", "stop_name": "Puliyamaram"}}, {"type": "Feature", "geometry": {"type": "Point", "coordinates": [80.118662, 12.958605]}, "properties": {"stop_id": "BlXLXEoe", "stop_name": "Service Road"}}, {"type": "Feature", "geometry": {"type": "Point", "coordinates": [80.098241, 13.166758]}, "properties": {"stop_id": "ARQSeSoV", "stop_name": "Vel Tech Junction"}}, {"type": "Feature", "geometry": {"type": "Point", "coordinates": [80.066137, 13.124979]}, "properties": {"stop_id": "FtVXEmao", "stop_name": "Kakkanji Nagar"}}, {"type": "Feature", "geometry": {"type": "Point", "coordinates": [80.142635, 12.906991]}, "properties": {"stop_id": "TFRpjaAo", "stop_name": "Bharat Engineering College Or Balaji Nagar"}}, {"type": "Feature", "geometry": {"type": "Point", "coordinates": [79.879739, 12.919407]}, "properties": {"stop_id": "OKRHcdUy", "stop_name": "Samsung India Electronics Sriperumbudur"}}, {"type": "Feature", "geometry": {"type": "Point", "coordinates": [80.231239, 12.725794]}, "properties": {"stop_id": "lBxutteT", "stop_name": "Periya Nemmeli"}}, {"type": "Feature", "geometry": {"type": "Point", "coordinates": [80.215528, 13.243273]}, "properties": {"stop_id": "glTmyjXZ", "stop_name": "Pudupakkam"}}, {"type": "Feature", "geometry": {"type": "Point", "coordinates": [80.132649, 13.104963]}, "properties": {"stop_id": "UyunGRcj", "stop_name": "Government High School Ayapakkam"}}, {"type": "Feature", "geometry": {"type": "Point", "coordinates": [80.095835, 13.113408]}, "properties": {"stop_id": "npYXJyuT", "stop_name": "Karumariamman Kovil"}}, {"type": "Feature", "geometry": {"type": "Point", "coordinates": [80.229644, 13.112766]}, "properties": {"stop_id": "DYLgRRdw", "stop_name": "Jawahar Nagar Periyar Nagar"}}, {"type": "Feature", "geometry": {"type": "Point", "coordinates": [80.167039, 13.063352]}, "properties": {"stop_id": "bsQVAuyn", "stop_name": "Maduravoyal"}}, {"type": "Feature", "geometry": {"type": "Point", "coordinates": [80.039723, 12.91622]}, "properties": {"stop_id": "ywNJwhFn", "stop_name": "Manimangalam Police Station"}}, {"type": "Feature", "geometry": {"type": "Point", "coordinates": [80.057836, 13.213601]}, "properties": {"stop_id": "EvlCTWAM", "stop_name": "Koduvally"}}, {"type": "Feature", "geometry": {"type": "Point", "coordinates": [80.1995, 12.641137]}, "properties": {"stop_id": "bGilRaMJ", "stop_name": "Sculpture Arts College"}}, {"type": "Feature", "geometry": {"type": "Point", "coordinates": [80.278661, 13.03904]}, "properties": {"stop_id": "taEXnGBL", "stop_name": "All India Radio Light House"}}, {"type": "Feature", "geometry": {"type": "Point", "coordinates": [80.29452, 13.124354]}, "properties": {"stop_id": "tWKcfmbS", "stop_name": "Kasimedu"}}, {"type": "Feature", "geometry": {"type": "Point", "coordinates": [80.035116, 13.043102]}, "properties": {"stop_id": "tbsBIgaj", "stop_name": "Irulpalayam"}}, {"type": "Feature", "geometry": {"type": "Point", "coordinates": [80.170123, 12.879969]}, "properties": {"stop_id": "oTJYLjwC", "stop_name": "Kovilanchery Colony Or Thaila Maram"}}, {"type": "Feature", "geometry": {"type": "Point", "coordinates": [80.198466, 12.990819]}, "properties": {"stop_id": "TdXLhpcB", "stop_name": "Adambakkam"}}, {"type": "Feature", "geometry": {"type": "Point", "coordinates": [80.022491, 13.142276]}, "properties": {"stop_id": "BtOIBpGz", "stop_name": "MGR Temple"}}, {"type": "Feature", "geometry": {"type": "Point", "coordinates": [80.146825, 13.09741]}, "properties": {"stop_id": "bpTBwobH", "stop_name": "SCF Colony Ambattur"}}, {"type": "Feature", "geometry": {"type": "Point", "coordinates": [80.274305, 13.262166]}, "properties": {"stop_id": "sAswhpJr", "stop_name": "Nandiyambakkam"}}, {"type": "Feature", "geometry": {"type": "Point", "coordinates": [80.231389, 13.245975]}, "properties": {"stop_id": "uiSiNEQq", "stop_name": "Vazhuthalambedu"}}, {"type": "Feature", "geometry": {"type": "Point", "coordinates": [80.253593, 13.067586]}, "properties": {"stop_id": "OCwYbEnq", "stop_name": "D P I"}}, {"type": "Feature", "geometry": {"type": "Point", "coordinates": [80.192007, 12.873595]}, "properties": {"stop_id": "CbYTLXWK", "stop_name": "Ramakrishna Nagar"}}, {"type": "Feature", "geometry": {"type": "Point", "coordinates": [80.196687, 13.269959]}, "properties": {"stop_id": "LdNZcaVd", "stop_name": "Attaipalayam"}}, {"type": "Feature", "geometry": {"type": "Point", "coordinates": [80.191412, 13.18465]}, "properties": {"stop_id": "kKKRBhFF", "stop_name": "Ayurveda Ashramam"}}, {"type": "Feature", "geometry": {"type": "Point", "coordinates": [80.194746, 13.201654]}, "properties": {"stop_id": "EPmEpfWC", "stop_name": "Red Hills EB Or Azhinjivakkam Road Junction"}}, {"type": "Feature", "geometry": {"type": "Point", "coordinates": [80.180561, 13.110318]}, "properties": {"stop_id": "vfbdLzPe", "stop_name": "Lake Stop"}}, {"type": "Feature", "geometry": {"type": "Point", "coordinates": [80.177184, 13.483112]}, "properties": {"stop_id": "gcIdZvqz", "stop_name": "Poongukam"}}, {"type": "Feature", "geometry": {"type": "Point", "coordinates": [80.002502, 13.191888]}, "properties": {"stop_id": "gQzVJRdQ", "stop_name": "Vathattur"}}, {"type": "Feature", "geometry": {"type": "Point", "coordinates": [80.13256, 13.104963]}, "properties": {"stop_id": "ovqyecwa", "stop_name": "Government High School Ayapakkam"}}, {"type": "Feature", "geometry": {"type": "Point", "coordinates": [80.207548, 12.980769]}, "properties": {"stop_id": "xWbuLRdJ", "stop_name": "Puwaneshwary Kovil"}}, {"type": "Feature", "geometry": {"type": "Point", "coordinates": [80.057713, 13.040894]}, "properties": {"stop_id": "KQaXxZDT", "stop_name": "Chembarambakkam"}}, {"type": "Feature", "geometry": {"type": "Point", "coordinates": [80.065708, 12.978492]}, "properties": {"stop_id": "kVzIlbFD", "stop_name": "Periya Colony"}}, {"type": "Feature", "geometry": {"type": "Point", "coordinates": [80.183348, 13.108254]}, "properties": {"stop_id": "XDkzDtUZ", "stop_name": "Bhaktavatsalam Memorial College"}}, {"type": "Feature", "geometry": {"type": "Point", "coordinates": [80.220559, 12.786677]}, "properties": {"stop_id": "MpBHVRZl", "stop_name": "Kelambakkmm General Hospital"}}, {"type": "Feature", "geometry": {"type": "Point", "coordinates": [80.282309, 13.253813]}, "properties": {"stop_id": "mOxeJcai", "stop_name": "N C T P Staff Quarters"}}, {"type": "Feature", "geometry": {"type": "Point", "coordinates": [80.113694, 12.965413]}, "properties": {"stop_id": "TzBLFSKE", "stop_name": "Thiruneermalai 3"}}, {"type": "Feature", "geometry": {"type": "Point", "coordinates": [80.179765, 13.106684]}, "properties": {"stop_id": "cmkMoJCe", "stop_name": "Little Holy School"}}, {"type": "Feature", "geometry": {"type": "Point", "coordinates": [80.108657, 12.931453]}, "properties": {"stop_id": "UfJzwqHV", "stop_name": "RTO Office Tambaram"}}, {"type": "Feature", "geometry": {"type": "Point", "coordinates": [80.226158, 13.11858]}, "properties": {"stop_id": "ORsEDdLG", "stop_name": "S R B Colony"}}, {"type": "Feature", "geometry": {"type": "Point", "coordinates": [80.148327, 13.036141]}, "properties": {"stop_id": "PkbhOCMh", "stop_name": "Retteri Gandhi Nagar"}}, {"type": "Feature", "geometry": {"type": "Point", "coordinates": [80.201479, 13.036496]}, "properties": {"stop_id": "ZdIQslRD", "stop_name": "M G R Nagar Market"}}, {"type": "Feature", "geometry": {"type": "Point", "coordinates": [80.270297, 13.086651]}, "properties": {"stop_id": "ccqsUPnI", "stop_name": "Nehru Stadium Or Taluka Office"}}, {"type": "Feature", "geometry": {"type": "Point", "coordinates": [80.221766, 13.072289]}, "properties": {"stop_id": "mayUcTNe", "stop_name": "Arun Hotel"}}, {"type": "Feature", "geometry": {"type": "Point", "coordinates": [80.161427, 12.900737]}, "properties": {"stop_id": "oAltlCRB", "stop_name": "Madambakkam EB"}}, {"type": "Feature", "geometry": {"type": "Point", "coordinates": [80.226842, 13.431293]}, "properties": {"stop_id": "JmVfbKXA", "stop_name": "Kolur"}}, {"type": "Feature", "geometry": {"type": "Point", "coordinates": [80.069323, 12.695907]}, "properties": {"stop_id": "zqVKryrK", "stop_name": "Mullipakam Junction"}}, {"type": "Feature", "geometry": {"type": "Point", "coordinates": [79.84867, 13.036293]}, "properties": {"stop_id": "JKvsAaVu", "stop_name": "Mettum Nagar"}}, {"type": "Feature", "geometry": {"type": "Point", "coordinates": [80.241078, 13.16716]}, "properties": {"stop_id": "geoeexsQ", "stop_name": "Periya Mathur"}}, {"type": "Feature", "geometry": {"type": "Point", "coordinates": [80.17, 13.095081]}, "properties": {"stop_id": "xQqwXgNZ", "stop_name": "Ambattur IT Park"}}, {"type": "Feature", "geometry": {"type": "Point", "coordinates": [80.187453, 13.226877]}, "properties": {"stop_id": "gIrHwcsI", "stop_name": "Angadu"}}, {"type": "Feature", "geometry": {"type": "Point", "coordinates": [80.278434, 13.057997]}, "properties": {"stop_id": "LdWodgsw", "stop_name": "Triplicane"}}, {"type": "Feature", "geometry": {"type": "Point", "coordinates": [80.061277, 12.845626]}, "properties": {"stop_id": "dScsNKLk", "stop_name": "Guduvancheri Bus Depot"}}, {"type": "Feature", "geometry": {"type": "Point", "coordinates": [80.167682, 13.307416]}, "properties": {"stop_id": "Vtdujofe", "stop_name": "Nelcast Company"}}, {"type": "Feature", "geometry": {"type": "Point", "coordinates": [80.263, 13.086672]}, "properties": {"stop_id": "nusTHAtB", "stop_name": "Park Town"}}, {"type": "Feature", "geometry": {"type": "Point", "coordinates": [80.180285, 13.108528]}, "properties": {"stop_id": "jUhOGaww", "stop_name": "Church Stop"}}, {"type": "Feature", "geometry": {"type": "Point", "coordinates": [80.093167, 13.050454]}, "properties": {"stop_id": "agMXkLfj", "stop_name": "Poonamallee"}}, {"type": "Feature", "geometry": {"type": "Point", "coordinates": [80.192329, 13.074034]}, "properties": {"stop_id": "ozuppJDT", "stop_name": "Mettukulam"}}, {"type": "Feature", "geometry": {"type": "Point", "coordinates": [80.268271, 13.090587]}, "properties": {"stop_id": "QxiLEgzR", "stop_name": "Choolai Rountana"}}, {"type": "Feature", "geometry": {"type": "Point", "coordinates": [79.982731, 13.211026]}, "properties": {"stop_id": "kOVxiGFe", "stop_name": "New Karikkalvakkam"}}, {"type": "Feature", "geometry": {"type": "Point", "coordinates": [80.223249, 12.985457]}, "properties": {"stop_id": "YhQOzAWJ", "stop_name": "Dhandeeswaran Nagar"}}, {"type": "Feature", "geometry": {"type": "Point", "coordinates": [80.225373, 12.845931]}, "properties": {"stop_id": "HGpTnntY", "stop_name": "Navallur"}}, {"type": "Feature", "geometry": {"type": "Point", "coordinates": [80.12772, 12.983276]}, "properties": {"stop_id": "FYgdoWMK", "stop_name": "Anakaputhur Amman Kovil"}}, {"type": "Feature", "geometry": {"type": "Point", "coordinates": [80.026986, 13.116015]}, "properties": {"stop_id": "ixyllwBo", "stop_name": "Thiruninravur Hospital"}}, {"type": "Feature", "geometry": {"type": "Point", "coordinates": [80.291733, 13.125278]}, "properties": {"stop_id": "mLTeVSqe", "stop_name": "Irumbu Company"}}, {"type": "Feature", "geometry": {"type": "Point", "coordinates": [80.298785, 13.139846]}, "properties": {"stop_id": "GfBReROC", "stop_name": "Anna Nagar"}}, {"type": "Feature", "geometry": {"type": "Point", "coordinates": [80.036737, 12.819857]}, "properties": {"stop_id": "EIHKZlEa", "stop_name": "Potheri"}}, {"type": "Feature", "geometry": {"type": "Point", "coordinates": [80.008426, 13.415279]}, "properties": {"stop_id": "COEDLowM", "stop_name": "Amarambedu"}}, {"type": "Feature", "geometry": {"type": "Point", "coordinates": [80.253539, 13.134067]}, "properties": {"stop_id": "FZjXRNIl", "stop_name": "Muthamizh Nagar Or Ambedkar Statue"}}, {"type": "Feature", "geometry": {"type": "Point", "coordinates": [80.184761, 13.044381]}, "properties": {"stop_id": "pUxrqkbR", "stop_name": "Alwarthirunagar"}}, {"type": "Feature", "geometry": {"type": "Point", "coordinates": [79.934009, 12.954517]}, "properties": {"stop_id": "MnOJOxue", "stop_name": "Nokia India Factory"}}, {"type": "Feature", "geometry": {"type": "Point", "coordinates": [80.315471, 13.206875]}, "properties": {"stop_id": "AoAbuPJW", "stop_name": "Nehru Nagar Ennore"}}, {"type": "Feature", "geometry": {"type": "Point", "coordinates": [80.041144, 12.851638]}, "properties": {"stop_id": "SiNHgyIy", "stop_name": "Kuthanur Road Junction"}}, {"type": "Feature", "geometry": {"type": "Point", "coordinates": [79.949787, 12.95461]}, "properties": {"stop_id": "WhdKokFf", "stop_name": "Mariyamman Kovil"}}, {"type": "Feature", "geometry": {"type": "Point", "coordinates": [80.310513, 13.19094]}, "properties": {"stop_id": "cZBPdCTc", "stop_name": "Ernavoor Gate"}}, {"type": "Feature", "geometry": {"type": "Point", "coordinates": [80.199855, 12.858727]}, "properties": {"stop_id": "dEgXqWEW", "stop_name": "Karanai"}}, {"type": "Feature", "geometry": {"type": "Point", "coordinates": [80.198705, 13.086986]}, "properties": {"stop_id": "BHzRSlej", "stop_name": "Thirumangalam EB Office"}}, {"type": "Feature", "geometry": {"type": "Point", "coordinates": [80.198417, 12.991299]}, "properties": {"stop_id": "KUCrTzrk", "stop_name": "Adambakkam"}}, {"type": "Feature", "geometry": {"type": "Point", "coordinates": [80.075417, 13.047009]}, "properties": {"stop_id": "yzzIynLu", "stop_name": "Panimalar College"}}, {"type": "Feature", "geometry": {"type": "Point", "coordinates": [80.21634, 13.136141]}, "properties": {"stop_id": "fJdABIlw", "stop_name": "RTO Or Kolathur Shastri Nagar"}}, {"type": "Feature", "geometry": {"type": "Point", "coordinates": [80.219706, 12.877814]}, "properties": {"stop_id": "qVPPKIYf", "stop_name": "Nucleus Company"}}, {"type": "Feature", "geometry": {"type": "Point", "coordinates": [80.259132, 13.124794]}, "properties": {"stop_id": "pZulUpHT", "stop_name": "M K B Nagar"}}, {"type": "Feature", "geometry": {"type": "Point", "coordinates": [80.249913, 13.166786]}, "properties": {"stop_id": "HNYicgCh", "stop_name": "Mathur MMDA Third Main Road"}}, {"type": "Feature", "geometry": {"type": "Point", "coordinates": [79.983969, 13.336728]}, "properties": {"stop_id": "hUQezMGZ", "stop_name": "Chennang Karanai"}}, {"type": "Feature", "geometry": {"type": "Point", "coordinates": [80.241489, 13.128701]}, "properties": {"stop_id": "NOvwuYxD", "stop_name": "Moolakadai"}}, {"type": "Feature", "geometry": {"type": "Point", "coordinates": [80.132992, 12.942574]}, "properties": {"stop_id": "EAwJtHSB", "stop_name": "Sanatorium"}}, {"type": "Feature", "geometry": {"type": "Point", "coordinates": [80.240477, 12.841548]}, "properties": {"stop_id": "EjMZgDJt", "stop_name": "Meera Nagar"}}, {"type": "Feature", "geometry": {"type": "Point", "coordinates": [80.319122, 13.203283]}, "properties": {"stop_id": "dFlAswnV", "stop_name": "EPTS Quarters Or Kathivakkam"}}, {"type": "Feature", "geometry": {"type": "Point", "coordinates": [80.27185, 13.213581]}, "properties": {"stop_id": "gACwumWT", "stop_name": "Infant Jesus Shrine Manali New Town"}}, {"type": "Feature", "geometry": {"type": "Point", "coordinates": [80.275032, 13.052302]}, "properties": {"stop_id": "bpXNEOYE", "stop_name": "N K T Girls High School"}}, {"type": "Feature", "geometry": {"type": "Point", "coordinates": [80.033896, 13.269184]}, "properties": {"stop_id": "lodnRGFY", "stop_name": "Periyar Nagar"}}, {"type": "Feature", "geometry": {"type": "Point", "coordinates": [80.20031, 13.069209]}, "properties": {"stop_id": "drFxsmcp", "stop_name": "Koyambedu Market Or Police Station"}}, {"type": "Feature", "geometry": {"type": "Point", "coordinates": [79.877552, 12.828353]}, "properties": {"stop_id": "wtfdArpr", "stop_name": "Thalayampattu"}}, {"type": "Feature", "geometry": {"type": "Point", "coordinates": [80.031824, 12.692864]}, "properties": {"stop_id": "DcYEFBXI", "stop_name": "Thiruvadaisoolam School"}}, {"type": "Feature", "geometry": {"type": "Point", "coordinates": [80.233581, 13.0796]}, "properties": {"stop_id": "XHTcEfiO", "stop_name": "New Avadi Road"}}, {"type": "Feature", "geometry": {"type": "Point", "coordinates": [80.125512, 12.709562]}, "properties": {"stop_id": "vLvetIEj", "stop_name": "Chembakkam Junction"}}, {"type": "Feature", "geometry": {"type": "Point", "coordinates": [80.28493, 13.128465]}, "properties": {"stop_id": "ymMncFZF", "stop_name": "Aaliyamman Temple Or Tondiarpet Masuthi"}}, {"type": "Feature", "geometry": {"type": "Point", "coordinates": [80.292579, 13.115709]}, "properties": {"stop_id": "Oslgxmkx", "stop_name": "Kalmandapam Police Station"}}, {"type": "Feature", "geometry": {"type": "Point", "coordinates": [80.137861, 13.375983]}, "properties": {"stop_id": "pfeYSjby", "stop_name": "Panapakkam"}}, {"type": "Feature", "geometry": {"type": "Point", "coordinates": [80.143762, 12.989573]}, "properties": {"stop_id": "myLzZQdt", "stop_name": "Pozhichalur"}}, {"type": "Feature", "geometry": {"type": "Point", "coordinates": [80.235683, 13.113575]}, "properties": {"stop_id": "TIoMzhxD", "stop_name": "Venus Theatre"}}, {"type": "Feature", "geometry": {"type": "Point", "coordinates": [79.94523, 13.132786]}, "properties": {"stop_id": "tSdKaLnH", "stop_name": "Thanneer Kulam Ramapuram"}}, {"type": "Feature", "geometry": {"type": "Point", "coordinates": [79.831379, 12.4295]}, "properties": {"stop_id": "jCwFOmxo", "stop_name": "Melmaruvathur"}}, {"type": "Feature", "geometry": {"type": "Point", "coordinates": [80.250982, 13.052677]}, "properties": {"stop_id": "CTeFabzs", "stop_name": "Gemini P H Or U S I S"}}, {"type": "Feature", "geometry": {"type": "Point", "coordinates": [80.03626, 13.131736]}, "properties": {"stop_id": "KnZwSPch", "stop_name": "Nathambedu Colony"}}, {"type": "Feature", "geometry": {"type": "Point", "coordinates": [80.196603, 13.030999]}, "properties": {"stop_id": "sHyVyxBf", "stop_name": "Anjali Mahal"}}, {"type": "Feature", "geometry": {"type": "Point", "coordinates": [80.207435, 13.103266]}, "properties": {"stop_id": "RIpTuvwk", "stop_name": "Villivakkam Kalpana"}}, {"type": "Feature", "geometry": {"type": "Point", "coordinates": [80.208366, 13.368912]}, "properties": {"stop_id": "TWTKfAgl", "stop_name": "Kavalpatti"}}, {"type": "Feature", "geometry": {"type": "Point", "coordinates": [80.14972, 12.990532]}, "properties": {"stop_id": "qxdEqclb", "stop_name": "Police Booth Cowl Bazaar"}}, {"type": "Feature", "geometry": {"type": "Point", "coordinates": [80.205303, 13.03271]}, "properties": {"stop_id": "FqfYfMFg", "stop_name": "Bharathidasan Colony"}}, {"type": "Feature", "geometry": {"type": "Point", "coordinates": [80.259767, 13.079527]}, "properties": {"stop_id": "ohvLIfWG", "stop_name": "Y W C A"}}, {"type": "Feature", "geometry": {"type": "Point", "coordinates": [80.103178, 13.133162]}, "properties": {"stop_id": "uGkwFELU", "stop_name": "Kovilpadagai Road Junction"}}, {"type": "Feature", "geometry": {"type": "Point", "coordinates": [80.191303, 13.031512]}, "properties": {"stop_id": "lniHSWWA", "stop_name": "Nesapakkam MGR Statue"}}, {"type": "Feature", "geometry": {"type": "Point", "coordinates": [80.140487, 13.157636]}, "properties": {"stop_id": "HACGurUy", "stop_name": "Uppara Palayam"}}, {"type": "Feature", "geometry": {"type": "Point", "coordinates": [80.237372, 13.076577]}, "properties": {"stop_id": "AjJCgCBk", "stop_name": "Taylors Road"}}, {"type": "Feature", "geometry": {"type": "Point", "coordinates": [80.036878, 13.06788]}, "properties": {"stop_id": "RuqLEiFp", "stop_name": "Vellavedu"}}, {"type": "Feature", "geometry": {"type": "Point", "coordinates": [80.085045, 12.892871]}, "properties": {"stop_id": "bfpcjsiF", "stop_name": "Vandalur Gate"}}, {"type": "Feature", "geometry": {"type": "Point", "coordinates": [79.967579, 13.191006]}, "properties": {"stop_id": "MqCkapaa", "stop_name": "Vishnuvakkam"}}, {"type": "Feature", "geometry": {"type": "Point", "coordinates": [79.927984, 12.842291]}, "properties": {"stop_id": "zAhquueS", "stop_name": "Ezhichur Koot Road Junction"}}, {"type": "Feature", "geometry": {"type": "Point", "coordinates": [80.264117, 13.050942]}, "properties": {"stop_id": "WTiRZunt", "stop_name": "Pilot Theatre"}}, {"type": "Feature", "geometry": {"type": "Point", "coordinates": [79.958851, 13.106542]}, "properties": {"stop_id": "FcIwyDhH", "stop_name": "Tirur"}}, {"type": "Feature", "geometry": {"type": "Point", "coordinates": [80.13528, 12.974459]}, "properties": {"stop_id": "DNyXiZzj", "stop_name": "Pammal"}}, {"type": "Feature", "geometry": {"type": "Point", "coordinates": [80.080895, 12.954189]}, "properties": {"stop_id": "QOEvNTvQ", "stop_name": "Erumaiyur Panchayath Office"}}, {"type": "Feature", "geometry": {"type": "Point", "coordinates": [80.085132, 13.092289]}, "properties": {"stop_id": "KttMmUZl", "stop_name": "Oilchery"}}, {"type": "Feature", "geometry": {"type": "Point", "coordinates": [80.315846, 13.199041]}, "properties": {"stop_id": "SogEaGxk", "stop_name": "Annai Sivakami Nagar Or Barma Nagar"}}, {"type": "Feature", "geometry": {"type": "Point", "coordinates": [80.157591, 13.041495]}, "properties": {"stop_id": "BRQsqqCr", "stop_name": "Darmaraja Nagar"}}, {"type": "Feature", "geometry": {"type": "Point", "coordinates": [80.28316, 13.105194]}, "properties": {"stop_id": "vspNPtqb", "stop_name": "Stanley Hospital 2"}}, {"type": "Feature", "geometry": {"type": "Point", "coordinates": [80.326728, 13.22712]}, "properties": {"stop_id": "hygBouPP", "stop_name": "Thazhan Kuppam"}}, {"type": "Feature", "geometry": {"type": "Point", "coordinates": [80.100638, 13.116478]}, "properties": {"stop_id": "JNybvbry", "stop_name": "Kannigapuram"}}, {"type": "Feature", "geometry": {"type": "Point", "coordinates": [80.087309, 13.377753]}, "properties": {"stop_id": "uAaGlvRh", "stop_name": "Lakshmipuram"}}, {"type": "Feature", "geometry": {"type": "Point", "coordinates": [80.104427, 12.933085]}, "properties": {"stop_id": "yJFAEWOL", "stop_name": "MGR Silai"}}, {"type": "Feature", "geometry": {"type": "Point", "coordinates": [80.036961, 13.068]}, "properties": {"stop_id": "RHzXTuOU", "stop_name": "Vellavedu"}}, {"type": "Feature", "geometry": {"type": "Point", "coordinates": [80.281133, 13.110166]}, "properties": {"stop_id": "iuOUwLky", "stop_name": "Cemetery Road"}}, {"type": "Feature", "geometry": {"type": "Point", "coordinates": [80.217235, 12.780641]}, "properties": {"stop_id": "hvwrhWFk", "stop_name": "Elavanthangal"}}, {"type": "Feature", "geometry": {"type": "Point", "coordinates": [79.994792, 13.11692]}, "properties": {"stop_id": "YzYhtyzO", "stop_name": "Sri Ram Engineering College"}}, {"type": "Feature", "geometry": {"type": "Point", "coordinates": [80.137939, 13.178768]}, "properties": {"stop_id": "uDcqHVPS", "stop_name": "Sidco Estate"}}, {"type": "Feature", "geometry": {"type": "Point", "coordinates": [80.025624, 13.11268]}, "properties": {"stop_id": "ZgirRZil", "stop_name": "Mettu Street Thiruninravur"}}, {"type": "Feature", "geometry": {"type": "Point", "coordinates": [80.20257, 13.103521]}, "properties": {"stop_id": "adsviABF", "stop_name": "Nathamuni Talkies"}}, {"type": "Feature", "geometry": {"type": "Point", "coordinates": [80.134698, 12.944093]}, "properties": {"stop_id": "hpACGGyB", "stop_name": "TB Hospital"}}, {"type": "Feature", "geometry": {"type": "Point", "coordinates": [80.294487, 13.138749]}, "properties": {"stop_id": "TAifzqok", "stop_name": "Cross Road Toll Gate"}}, {"type": "Feature", "geometry": {"type": "Point", "coordinates": [80.106807, 13.022563]}, "properties": {"stop_id": "QVFxizLc", "stop_name": "Kozhumanivakkam"}}, {"type": "Feature", "geometry": {"type": "Point", "coordinates": [80.206097, 13.048511]}, "properties": {"stop_id": "CuLSONdy", "stop_name": "Vadapalani Bus Stand"}}, {"type": "Feature", "geometry": {"type": "Point", "coordinates": [80.303595, 13.186247]}, "properties": {"stop_id": "VXthmpcS", "stop_name": "Mullai Nagar"}}, {"type": "Feature", "geometry": {"type": "Point", "coordinates": [80.046289, 13.308079]}, "properties": {"stop_id": "AlpXiRiW", "stop_name": "Periyapalayam Bus stand"}}, {"type": "Feature", "geometry": {"type": "Point", "coordinates": [80.244283, 12.958837]}, "properties": {"stop_id": "DpeufCiu", "stop_name": "Perungudi"}}, {"type": "Feature", "geometry": {"type": "Point", "coordinates": [80.006095, 13.180924]}, "properties": {"stop_id": "nZBlQeCn", "stop_name": "Sivanvayolyur"}}, {"type": "Feature", "geometry": {"type": "Point", "coordinates": [80.273912, 13.103918]}, "properties": {"stop_id": "VCRIbExe", "stop_name": "Moolakothalam"}}, {"type": "Feature", "geometry": {"type": "Point", "coordinates": [80.208681, 13.029259]}, "properties": {"stop_id": "zgCGmKZn", "stop_name": "Kasi Theatre"}}, {"type": "Feature", "geometry": {"type": "Point", "coordinates": [80.147667, 13.249518]}, "properties": {"stop_id": "MJvZDjlV", "stop_name": "Athur Erumai Vetti Palayam"}}, {"type": "Feature", "geometry": {"type": "Point", "coordinates": [80.029493, 13.201881]}, "properties": {"stop_id": "LggEHwJM", "stop_name": "Indira Nagar"}}, {"type": "Feature", "geometry": {"type": "Point", "coordinates": [80.233742, 13.050105]}, "properties": {"stop_id": "xKmRiBBX", "stop_name": "Bharathi Nagar"}}, {"type": "Feature", "geometry": {"type": "Point", "coordinates": [80.056824, 13.089118]}, "properties": {"stop_id": "kgNzHUbI", "stop_name": "Sitharkadu Bypass"}}, {"type": "Feature", "geometry": {"type": "Point", "coordinates": [80.134887, 13.415936]}, "properties": {"stop_id": "ehvgRqdw", "stop_name": "Police Quarters"}}, {"type": "Feature", "geometry": {"type": "Point", "coordinates": [80.192182, 13.049087]}, "properties": {"stop_id": "uGNDunGF", "stop_name": "Kaliyamman Kovil"}}, {"type": "Feature", "geometry": {"type": "Point", "coordinates": [80.305061, 13.172125]}, "properties": {"stop_id": "EtvjcvTp", "stop_name": "Thiruvottiyur Ajax Bus Depot"}}, {"type": "Feature", "geometry": {"type": "Point", "coordinates": [80.169424, 13.21753]}, "properties": {"stop_id": "RqCzrtQl", "stop_name": "Semilivaram Or Nallur Toll Plaza"}}, {"type": "Feature", "geometry": {"type": "Point", "coordinates": [80.012431, 12.924853]}, "properties": {"stop_id": "WIFNytoC", "stop_name": "Chetpet"}}, {"type": "Feature", "geometry": {"type": "Point", "coordinates": [80.229404, 12.782181]}, "properties": {"stop_id": "JMPYaKbU", "stop_name": "Salt Office"}}, {"type": "Feature", "geometry": {"type": "Point", "coordinates": [80.077108, 13.073109]}, "properties": {"stop_id": "qZeFqHEu", "stop_name": "Kolappancheri"}}, {"type": "Feature", "geometry": {"type": "Point", "coordinates": [80.108681, 13.08655]}, "properties": {"stop_id": "GJEXlFdt", "stop_name": "Paruthipattu Road Junction"}}, {"type": "Feature", "geometry": {"type": "Point", "coordinates": [80.252555, 12.938414]}, "properties": {"stop_id": "aHnvxyXJ", "stop_name": "Vettuvakeni"}}, {"type": "Feature", "geometry": {"type": "Point", "coordinates": [79.989226, 13.12724]}, "properties": {"stop_id": "oRpydnwU", "stop_name": "Veppampattu Balaji Nagar"}}, {"type": "Feature", "geometry": {"type": "Point", "coordinates": [80.198911, 12.907814]}, "properties": {"stop_id": "orpkgmYq", "stop_name": "Perumbakkam"}}, {"type": "Feature", "geometry": {"type": "Point", "coordinates": [80.07838, 12.874094]}, "properties": {"stop_id": "RVEyrwjR", "stop_name": "Kilambakkam Bus Terminus"}}, {"type": "Feature", "geometry": {"type": "Point", "coordinates": [80.078335, 12.995011]}, "properties": {"stop_id": "dYlTtQAF", "stop_name": "Sirukalathur"}}, {"type": "Feature", "geometry": {"type": "Point", "coordinates": [80.275442, 13.058701]}, "properties": {"stop_id": "djOWqAVW", "stop_name": "Big Street"}}, {"type": "Feature", "geometry": {"type": "Point", "coordinates": [80.090901, 12.966533]}, "properties": {"stop_id": "zAjDuGWM", "stop_name": "Outer Ring Road"}}, {"type": "Feature", "geometry": {"type": "Point", "coordinates": [80.174936, 12.616627]}, "properties": {"stop_id": "QHzfYnaE", "stop_name": "Poonjeri"}}, {"type": "Feature", "geometry": {"type": "Point", "coordinates": [80.059517, 12.952632]}, "properties": {"stop_id": "SXdpUnkd", "stop_name": "Sri Sairam Siddha Medical College"}}, {"type": "Feature", "geometry": {"type": "Point", "coordinates": [80.260189, 13.278538]}, "properties": {"stop_id": "TmUkjEUt", "stop_name": "Minjur Market"}}, {"type": "Feature", "geometry": {"type": "Point", "coordinates": [80.199201, 12.948664]}, "properties": {"stop_id": "ezYUwAMR", "stop_name": "Puliyamaram Sunnambu Kolathur"}}, {"type": "Feature", "geometry": {"type": "Point", "coordinates": [80.174115, 12.95125]}, "properties": {"stop_id": "htzVSGDL", "stop_name": "Perumal Nagar"}}, {"type": "Feature", "geometry": {"type": "Point", "coordinates": [80.13078, 12.922864]}, "properties": {"stop_id": "pPKqPUVW", "stop_name": "East Tambaram Convent"}}, {"type": "Feature", "geometry": {"type": "Point", "coordinates": [80.106785, 13.287113]}, "properties": {"stop_id": "dDGkIGrA", "stop_name": "Amindanallur"}}, {"type": "Feature", "geometry": {"type": "Point", "coordinates": [80.075016, 12.994386]}, "properties": {"stop_id": "KGIBfEut", "stop_name": "Sirukalathur Kozhi Pannai"}}, {"type": "Feature", "geometry": {"type": "Point", "coordinates": [80.254803, 13.19176]}, "properties": {"stop_id": "rrasSNoc", "stop_name": "Kanniamman Pettai"}}, {"type": "Feature", "geometry": {"type": "Point", "coordinates": [80.077549, 12.822598]}, "properties": {"stop_id": "pNPkNoga", "stop_name": "Perumanttunallur"}}, {"type": "Feature", "geometry": {"type": "Point", "coordinates": [80.223928, 13.412354]}, "properties": {"stop_id": "noGdINij", "stop_name": "Avoor Thope"}}, {"type": "Feature", "geometry": {"type": "Point", "coordinates": [80.130493, 13.202807]}, "properties": {"stop_id": "HKxWWoBG", "stop_name": "Eswaran Temple"}}, {"type": "Feature", "geometry": {"type": "Point", "coordinates": [80.287244, 13.126286]}, "properties": {"stop_id": "FJLNitGY", "stop_name": "Chinna Standly"}}, {"type": "Feature", "geometry": {"type": "Point", "coordinates": [79.651222, 12.2269]}, "properties": {"stop_id": "kSklWvZO", "stop_name": "Tindivanam Bus Stand"}}, {"type": "Feature", "geometry": {"type": "Point", "coordinates": [80.186866, 13.08129]}, "properties": {"stop_id": "cMUNkugJ", "stop_name": "Pari Salai"}}, {"type": "Feature", "geometry": {"type": "Point", "coordinates": [80.187507, 13.32918]}, "properties": {"stop_id": "URvEqJxF", "stop_name": "Ponneri Bus Depot"}}, {"type": "Feature", "geometry": {"type": "Point", "coordinates": [80.159874, 13.122445]}, "properties": {"stop_id": "LnANnMXh", "stop_name": "Alamaram"}}, {"type": "Feature", "geometry": {"type": "Point", "coordinates": [80.132056, 13.151181]}, "properties": {"stop_id": "frLbpljr", "stop_name": "Siva Garden"}}, {"type": "Feature", "geometry": {"type": "Point", "coordinates": [80.240211, 13.006948]}, "properties": {"stop_id": "HrrdJKJb", "stop_name": "IIT Madras Or Guindy National Park"}}, {"type": "Feature", "geometry": {"type": "Point", "coordinates": [80.118765, 13.125879]}, "properties": {"stop_id": "LLWkkTwA", "stop_name": "Murugappa Polytechnic"}}, {"type": "Feature", "geometry": {"type": "Point", "coordinates": [80.31352, 13.176621]}, "properties": {"stop_id": "nFbddFoX", "stop_name": "MRF Beach Road"}}, {"type": "Feature", "geometry": {"type": "Point", "coordinates": [80.204841, 13.014545]}, "properties": {"stop_id": "svgtEcQx", "stop_name": "CIPET"}}, {"type": "Feature", "geometry": {"type": "Point", "coordinates": [80.197773, 13.047523]}, "properties": {"stop_id": "eKMWhxRF", "stop_name": "Avichi School"}}, {"type": "Feature", "geometry": {"type": "Point", "coordinates": [80.132959, 13.025204]}, "properties": {"stop_id": "ffCPclBp", "stop_name": "EVP Prabhu Avenue Bus Stop"}}, {"type": "Feature", "geometry": {"type": "Point", "coordinates": [80.222672, 13.010663]}, "properties": {"stop_id": "fNoKcjVu", "stop_name": "Halda"}}, {"type": "Feature", "geometry": {"type": "Point", "coordinates": [80.227946, 12.81102]}, "properties": {"stop_id": "nermFKBU", "stop_name": "Akshaya Padur"}}, {"type": "Feature", "geometry": {"type": "Point", "coordinates": [80.005659, 13.09047]}, "properties": {"stop_id": "zIFSdUXT", "stop_name": "Puduchatram Bridge"}}, {"type": "Feature", "geometry": {"type": "Point", "coordinates": [80.154613, 13.045855]}, "properties": {"stop_id": "hdtyTxrU", "stop_name": "Porur Gardens"}}, {"type": "Feature", "geometry": {"type": "Point", "coordinates": [80.135794, 13.416292]}, "properties": {"stop_id": "SAoMIbAp", "stop_name": "Police Quarters"}}, {"type": "Feature", "geometry": {"type": "Point", "coordinates": [80.247463, 12.898333]}, "properties": {"stop_id": "yGnjFAhM", "stop_name": "Akkarai or Water Supply Head Work"}}, {"type": "Feature", "geometry": {"type": "Point", "coordinates": [80.188165, 13.144227]}, "properties": {"stop_id": "eXTEGQHB", "stop_name": "Surapet"}}, {"type": "Feature", "geometry": {"type": "Point", "coordinates": [80.221591, 13.342493]}, "properties": {"stop_id": "yFvgNkDl", "stop_name": "Lakshmipuram"}}, {"type": "Feature", "geometry": {"type": "Point", "coordinates": [80.296891, 13.144353]}, "properties": {"stop_id": "CLjYTiBy", "stop_name": "Thangal Toll Gate"}}, {"type": "Feature", "geometry": {"type": "Point", "coordinates": [80.269621, 13.09075]}, "properties": {"stop_id": "OGJVNXKe", "stop_name": "Nehru Market"}}, {"type": "Feature", "geometry": {"type": "Point", "coordinates": [79.909633, 13.074604]}, "properties": {"stop_id": "mFLzcwSa", "stop_name": "Athikulam"}}, {"type": "Feature", "geometry": {"type": "Point", "coordinates": [79.983991, 13.336754]}, "properties": {"stop_id": "CxiOJZtJ", "stop_name": "Chennang Karanai"}}, {"type": "Feature", "geometry": {"type": "Point", "coordinates": [80.039819, 12.916172]}, "properties": {"stop_id": "LIgtsZTQ", "stop_name": "Manimangalam Police Station"}}, {"type": "Feature", "geometry": {"type": "Point", "coordinates": [80.178672, 13.031759]}, "properties": {"stop_id": "GYenbKMg", "stop_name": "SRM University"}}, {"type": "Feature", "geometry": {"type": "Point", "coordinates": [80.140593, 12.85097]}, "properties": {"stop_id": "HeRuYpNs", "stop_name": "Kandigai"}}, {"type": "Feature", "geometry": {"type": "Point", "coordinates": [80.260171, 13.278742]}, "properties": {"stop_id": "eJBRTpyb", "stop_name": "Minjur Market"}}, {"type": "Feature", "geometry": {"type": "Point", "coordinates": [80.284618, 13.355386]}, "properties": {"stop_id": "MuzbvXqA", "stop_name": "Kattur"}}, {"type": "Feature", "geometry": {"type": "Point", "coordinates": [80.258985, 13.03878]}, "properties": {"stop_id": "lDeAZniB", "stop_name": "Anjaneyar Temple"}}, {"type": "Feature", "geometry": {"type": "Point", "coordinates": [80.108371, 13.10587]}, "properties": {"stop_id": "sLYsFXAH", "stop_name": "Vasantham Nagar"}}, {"type": "Feature", "geometry": {"type": "Point", "coordinates": [80.233101, 13.083526]}, "properties": {"stop_id": "NZGnRwVn", "stop_name": "Kilpauk Garden"}}, {"type": "Feature", "geometry": {"type": "Point", "coordinates": [80.267646, 12.996211]}, "properties": {"stop_id": "JIllbhjr", "stop_name": "Besant Nagar"}}, {"type": "Feature", "geometry": {"type": "Point", "coordinates": [80.101808, 12.871382]}, "properties": {"stop_id": "lOyAoICg", "stop_name": "Anna Nagar Colony"}}, {"type": "Feature", "geometry": {"type": "Point", "coordinates": [80.248245, 13.115376]}, "properties": {"stop_id": "dBTDkDZt", "stop_name": "Eswari Kalyana Mandapam"}}, {"type": "Feature", "geometry": {"type": "Point", "coordinates": [79.942507, 12.851555]}, "properties": {"stop_id": "aJLjpITr", "stop_name": "Oragadam Road Junction"}}, {"type": "Feature", "geometry": {"type": "Point", "coordinates": [80.145485, 12.996173]}, "properties": {"stop_id": "sFyIuMsY", "stop_name": "Pallavaram Main Road"}}, {"type": "Feature", "geometry": {"type": "Point", "coordinates": [80.22523, 13.099861]}, "properties": {"stop_id": "CYSggHNR", "stop_name": "Railway Quarters"}}, {"type": "Feature", "geometry": {"type": "Point", "coordinates": [79.832218, 12.983579]}, "properties": {"stop_id": "agXODOsJ", "stop_name": "Elambakkam Colony"}}, {"type": "Feature", "geometry": {"type": "Point", "coordinates": [80.142542, 12.854783]}, "properties": {"stop_id": "dqlcNUVh", "stop_name": "Kandigai Goverment High School"}}, {"type": "Feature", "geometry": {"type": "Point", "coordinates": [80.117114, 13.205818]}, "properties": {"stop_id": "jlZHvhwS", "stop_name": "Alamathi Cattle Farm"}}, {"type": "Feature", "geometry": {"type": "Point", "coordinates": [80.040811, 12.898628]}, "properties": {"stop_id": "OLfrsrRj", "stop_name": "Karasangal Erikarai"}}, {"type": "Feature", "geometry": {"type": "Point", "coordinates": [80.257634, 13.03876]}, "properties": {"stop_id": "HefnspWQ", "stop_name": "Cit Colony"}}, {"type": "Feature", "geometry": {"type": "Point", "coordinates": [79.832121, 12.983699]}, "properties": {"stop_id": "fwlJPxCU", "stop_name": "Elambakkam Colony"}}, {"type": "Feature", "geometry": {"type": "Point", "coordinates": [80.247067, 13.124542]}, "properties": {"stop_id": "IvQQZbJW", "stop_name": "Erukancherry"}}, {"type": "Feature", "geometry": {"type": "Point", "coordinates": [80.178019, 13.088172]}, "properties": {"stop_id": "gViLrCgA", "stop_name": "Golden Flats"}}, {"type": "Feature", "geometry": {"type": "Point", "coordinates": [80.240387, 13.010141]}, "properties": {"stop_id": "YGTBEvoR", "stop_name": "B M Birla Planetarium Or CLRI"}}, {"type": "Feature", "geometry": {"type": "Point", "coordinates": [80.085073, 13.092273]}, "properties": {"stop_id": "qdBHsTrj", "stop_name": "Oilchery"}}, {"type": "Feature", "geometry": {"type": "Point", "coordinates": [80.253784, 13.035107]}, "properties": {"stop_id": "eddhjHaw", "stop_name": "Barathidasan Road"}}, {"type": "Feature", "geometry": {"type": "Point", "coordinates": [80.068068, 12.993138]}, "properties": {"stop_id": "JALpXpKc", "stop_name": "Saraswathinagar"}}, {"type": "Feature", "geometry": {"type": "Point", "coordinates": [80.175185, 13.098081]}, "properties": {"stop_id": "UtwZFZsx", "stop_name": "Mannurpet"}}, {"type": "Feature", "geometry": {"type": "Point", "coordinates": [80.125975, 13.063939]}, "properties": {"stop_id": "cRAjMmmj", "stop_name": "Mettu Street"}}, {"type": "Feature", "geometry": {"type": "Point", "coordinates": [80.21929, 12.877811]}, "properties": {"stop_id": "OaJoPLeC", "stop_name": "Nucleus Company"}}, {"type": "Feature", "geometry": {"type": "Point", "coordinates": [80.080586, 12.880946]}, "properties": {"stop_id": "CbcrfuAf", "stop_name": "Vandalur Zoo"}}, {"type": "Feature", "geometry": {"type": "Point", "coordinates": [80.163794, 13.116247]}, "properties": {"stop_id": "gJBgflgH", "stop_name": "Gnanamoorthy Nagar"}}, {"type": "Feature", "geometry": {"type": "Point", "coordinates": [80.252736, 13.05046]}, "properties": {"stop_id": "yHOAvGcL", "stop_name": "Semmozhi Poonga"}}, {"type": "Feature", "geometry": {"type": "Point", "coordinates": [80.242698, 12.981427]}, "properties": {"stop_id": "pRBbbEoD", "stop_name": "Tharamani Or IRTC Junction"}}, {"type": "Feature", "geometry": {"type": "Point", "coordinates": [80.2009, 12.835199]}, "properties": {"stop_id": "EPQxNUoM", "stop_name": "Siruseri"}}, {"type": "Feature", "geometry": {"type": "Point", "coordinates": [80.084705, 13.330487]}, "properties": {"stop_id": "KAhfQHTl", "stop_name": "Arani"}}, {"type": "Feature", "geometry": {"type": "Point", "coordinates": [80.020177, 12.794933]}, "properties": {"stop_id": "HeSMGtlu", "stop_name": "Samiyar Gate"}}, {"type": "Feature", "geometry": {"type": "Point", "coordinates": [80.244555, 13.027314]}, "properties": {"stop_id": "aaOdCJPr", "stop_name": "Nandanam Park"}}, {"type": "Feature", "geometry": {"type": "Point", "coordinates": [80.07558, 12.868077]}, "properties": {"stop_id": "TAPXcjBe", "stop_name": "Urappakam"}}, {"type": "Feature", "geometry": {"type": "Point", "coordinates": [80.239313, 13.168803]}, "properties": {"stop_id": "LuFdSicn", "stop_name": "Mathur Village"}}, {"type": "Feature", "geometry": {"type": "Point", "coordinates": [80.217383, 12.792059]}, "properties": {"stop_id": "aNlaxeLS", "stop_name": "Butterfly Company"}}, {"type": "Feature", "geometry": {"type": "Point", "coordinates": [80.199254, 13.031603]}, "properties": {"stop_id": "kbmudFZh", "stop_name": "Saravana Electrical"}}, {"type": "Feature", "geometry": {"type": "Point", "coordinates": [80.246303, 13.037169]}, "properties": {"stop_id": "DeiIsjyA", "stop_name": "Teynampet Metro or SIET College"}}, {"type": "Feature", "geometry": {"type": "Point", "coordinates": [80.189811, 12.884398]}, "properties": {"stop_id": "aVjeFnZb", "stop_name": "Sithalapakkam Mani Kadai"}}, {"type": "Feature", "geometry": {"type": "Point", "coordinates": [80.171832, 13.13206]}, "properties": {"stop_id": "QewuHWYk", "stop_name": "Kallikuppam"}}, {"type": "Feature", "geometry": {"type": "Point", "coordinates": [80.184879, 13.099417]}, "properties": {"stop_id": "EzivGHuE", "stop_name": "Yadhava Street"}}, {"type": "Feature", "geometry": {"type": "Point", "coordinates": [80.23858, 12.981392]}, "properties": {"stop_id": "cfVAtKgo", "stop_name": "Pillaiyar Koil"}}, {"type": "Feature", "geometry": {"type": "Point", "coordinates": [80.247837, 13.097362]}, "properties": {"stop_id": "EvIZgaUF", "stop_name": "Podi Kadai"}}, {"type": "Feature", "geometry": {"type": "Point", "coordinates": [80.16085, 12.93644]}, "properties": {"stop_id": "qtwbUNdN", "stop_name": "Zion Matriculation High School"}}, {"type": "Feature", "geometry": {"type": "Point", "coordinates": [80.213885, 13.29835]}, "properties": {"stop_id": "SkzmPMHG", "stop_name": "Sanarpalayam"}}, {"type": "Feature", "geometry": {"type": "Point", "coordinates": [80.240211, 13.007629]}, "properties": {"stop_id": "cEsQRYAp", "stop_name": "Gandhi Mandapam Or Guindy National Park"}}, {"type": "Feature", "geometry": {"type": "Point", "coordinates": [79.881467, 13.022853]}, "properties": {"stop_id": "rpQJKYcp", "stop_name": "Viswanathapuram"}}, {"type": "Feature", "geometry": {"type": "Point", "coordinates": [79.912502, 13.056582]}, "properties": {"stop_id": "BSkSmoPQ", "stop_name": "Chathram Village"}}, {"type": "Feature", "geometry": {"type": "Point", "coordinates": [80.249956, 13.130043]}, "properties": {"stop_id": "ljAgYLSe", "stop_name": "MR Nagar"}}, {"type": "Feature", "geometry": {"type": "Point", "coordinates": [80.246162, 13.10736]}, "properties": {"stop_id": "blwWmPPo", "stop_name": "Mangalapuri Or Perambu"}}, {"type": "Feature", "geometry": {"type": "Point", "coordinates": [80.268102, 13.041656]}, "properties": {"stop_id": "WAnDToyk", "stop_name": "Thiruvalluvar Statue"}}, {"type": "Feature", "geometry": {"type": "Point", "coordinates": [80.165247, 13.047665]}, "properties": {"stop_id": "xeuxxNBT", "stop_name": "Central Bank Of India"}}, {"type": "Feature", "geometry": {"type": "Point", "coordinates": [80.234132, 12.981209]}, "properties": {"stop_id": "zwmwkNcj", "stop_name": "Bharathi Nagar"}}, {"type": "Feature", "geometry": {"type": "Point", "coordinates": [80.147942, 13.010372]}, "properties": {"stop_id": "VOQRbkUl", "stop_name": "Government High School"}}, {"type": "Feature", "geometry": {"type": "Point", "coordinates": [80.088984, 13.04958]}, "properties": {"stop_id": "LAmktnrq", "stop_name": "BSNL Exchange"}}, {"type": "Feature", "geometry": {"type": "Point", "coordinates": [80.243174, 13.062033]}, "properties": {"stop_id": "XwcxmOai", "stop_name": "Sterling Road Chetpat"}}, {"type": "Feature", "geometry": {"type": "Point", "coordinates": [80.255879, 13.038115]}, "properties": {"stop_id": "czFfIymd", "stop_name": "Fci Old"}}, {"type": "Feature", "geometry": {"type": "Point", "coordinates": [80.131555, 13.130723]}, "properties": {"stop_id": "CcjcuryA", "stop_name": "Thirumullaivoyal"}}, {"type": "Feature", "geometry": {"type": "Point", "coordinates": [80.08709, 12.919725]}, "properties": {"stop_id": "pHbSfQWg", "stop_name": "Sri Padmavathi Mahal"}}, {"type": "Feature", "geometry": {"type": "Point", "coordinates": [80.171246, 12.853052]}, "properties": {"stop_id": "HDmoIVra", "stop_name": "K Vasudevan College Of Engineering And Technology"}}, {"type": "Feature", "geometry": {"type": "Point", "coordinates": [80.26864, 13.044652]}, "properties": {"stop_id": "QIQMIQBO", "stop_name": "Yellow Pages"}}, {"type": "Feature", "geometry": {"type": "Point", "coordinates": [80.279762, 13.050463]}, "properties": {"stop_id": "IIzQthVA", "stop_name": "Swami Vivekananda House Terminus"}}, {"type": "Feature", "geometry": {"type": "Point", "coordinates": [80.042861, 13.30984]}, "properties": {"stop_id": "YtTJoBxm", "stop_name": "Periyapalayam Koil"}}, {"type": "Feature", "geometry": {"type": "Point", "coordinates": [80.038105, 13.145021]}, "properties": {"stop_id": "QFkvaGqn", "stop_name": "Sri Pathi Nagar"}}, {"type": "Feature", "geometry": {"type": "Point", "coordinates": [80.160436, 12.818236]}, "properties": {"stop_id": "xOfEMpYZ", "stop_name": "Kolathur Junction"}}, {"type": "Feature", "geometry": {"type": "Point", "coordinates": [80.141958, 12.902283]}, "properties": {"stop_id": "cbQZDOwf", "stop_name": "Sathiyamurthy Nagar Camp Road"}}, {"type": "Feature", "geometry": {"type": "Point", "coordinates": [80.158703, 12.93682]}, "properties": {"stop_id": "pMhMmUyS", "stop_name": "Ponniamman Kovil"}}, {"type": "Feature", "geometry": {"type": "Point", "coordinates": [80.20703, 13.024563]}, "properties": {"stop_id": "KjuJaNsu", "stop_name": "Kalaimagal Nagar"}}, {"type": "Feature", "geometry": {"type": "Point", "coordinates": [80.264242, 13.049137]}, "properties": {"stop_id": "YEqGDaQm", "stop_name": "PF Office"}}, {"type": "Feature", "geometry": {"type": "Point", "coordinates": [80.277389, 13.032849]}, "properties": {"stop_id": "rZoajhYh", "stop_name": "Santhome Church"}}, {"type": "Feature", "geometry": {"type": "Point", "coordinates": [79.908413, 12.841726]}, "properties": {"stop_id": "NIHIRqnZ", "stop_name": "Panruthi"}}, {"type": "Feature", "geometry": {"type": "Point", "coordinates": [80.170694, 12.882526]}, "properties": {"stop_id": "LjfvDYFE", "stop_name": "Kovilanchery"}}, {"type": "Feature", "geometry": {"type": "Point", "coordinates": [80.055632, 12.840323]}, "properties": {"stop_id": "JScPHHNr", "stop_name": "Srinivasapuram"}}, {"type": "Feature", "geometry": {"type": "Point", "coordinates": [80.084327, 13.184579]}, "properties": {"stop_id": "UTtjkhMN", "stop_name": "Veerapuram"}}, {"type": "Feature", "geometry": {"type": "Point", "coordinates": [80.230936, 13.075006]}, "properties": {"stop_id": "TrOiZJox", "stop_name": "Aminjikarai Market"}}, {"type": "Feature", "geometry": {"type": "Point", "coordinates": [80.242467, 13.283939]}, "properties": {"stop_id": "qdCMxZSc", "stop_name": "Nalur"}}, {"type": "Feature", "geometry": {"type": "Point", "coordinates": [80.228079, 12.81094]}, "properties": {"stop_id": "selTNsQi", "stop_name": "Akshaya Padur"}}, {"type": "Feature", "geometry": {"type": "Point", "coordinates": [80.318679, 13.21276]}, "properties": {"stop_id": "shsbwlrM", "stop_name": "Hinduja Foundries"}}, {"type": "Feature", "geometry": {"type": "Point", "coordinates": [80.159203, 13.076935]}, "properties": {"stop_id": "PFPLEnYs", "stop_name": "Iswarya Nagar Junction"}}, {"type": "Feature", "geometry": {"type": "Point", "coordinates": [80.091676, 12.996867]}, "properties": {"stop_id": "uDnSXuvA", "stop_name": "Uzhavar Santhai"}}, {"type": "Feature", "geometry": {"type": "Point", "coordinates": [80.07095, 13.101092]}, "properties": {"stop_id": "TCeiTEZh", "stop_name": "Soranjeri Post Office"}}, {"type": "Feature", "geometry": {"type": "Point", "coordinates": [80.22613, 13.199529]}, "properties": {"stop_id": "OeXJgkRW", "stop_name": "Kannampalayam"}}, {"type": "Feature", "geometry": {"type": "Point", "coordinates": [80.198099, 12.901988]}, "properties": {"stop_id": "pfDsKqbP", "stop_name": "Nesamani Nagar"}}, {"type": "Feature", "geometry": {"type": "Point", "coordinates": [80.199258, 13.041144]}, "properties": {"stop_id": "blTjmaLj", "stop_name": "Pandmashashathri Or City Union Bank"}}, {"type": "Feature", "geometry": {"type": "Point", "coordinates": [80.185115, 12.77074]}, "properties": {"stop_id": "YmeKOmok", "stop_name": "Thaiyur Koman Nagar Road Junction"}}, {"type": "Feature", "geometry": {"type": "Point", "coordinates": [80.192807, 12.997692]}, "properties": {"stop_id": "GtMUYUwJ", "stop_name": "Alandur Court"}}, {"type": "Feature", "geometry": {"type": "Point", "coordinates": [80.151983, 13.485074]}, "properties": {"stop_id": "FqqChBVj", "stop_name": "Bajanai Koil"}}, {"type": "Feature", "geometry": {"type": "Point", "coordinates": [80.208461, 13.038591]}, "properties": {"stop_id": "zCyzbjXU", "stop_name": "Velankanni Matric Higher Secondary School"}}, {"type": "Feature", "geometry": {"type": "Point", "coordinates": [80.277618, 13.081877]}, "properties": {"stop_id": "dkEskUud", "stop_name": "MGR Central Station"}}, {"type": "Feature", "geometry": {"type": "Point", "coordinates": [79.997043, 13.15087]}, "properties": {"stop_id": "ydLnlKFF", "stop_name": "Puliur Kadaigai"}}, {"type": "Feature", "geometry": {"type": "Point", "coordinates": [80.194316, 13.101427]}, "properties": {"stop_id": "KjgVoxgR", "stop_name": "Wheels India Road Junction"}}, {"type": "Feature", "geometry": {"type": "Point", "coordinates": [80.283393, 13.143727]}, "properties": {"stop_id": "HbnURplu", "stop_name": "Parmeshwari Nagar"}}, {"type": "Feature", "geometry": {"type": "Point", "coordinates": [80.174983, 13.083726]}, "properties": {"stop_id": "iPwZOomy", "stop_name": "Vijaya Bank"}}, {"type": "Feature", "geometry": {"type": "Point", "coordinates": [80.108887, 12.880234]}, "properties": {"stop_id": "yjQwxGED", "stop_name": "Nedugundram"}}, {"type": "Feature", "geometry": {"type": "Point", "coordinates": [80.182942, 13.439372]}, "properties": {"stop_id": "hCunccId", "stop_name": "Seganiyam 2"}}, {"type": "Feature", "geometry": {"type": "Point", "coordinates": [80.207022, 13.126431]}, "properties": {"stop_id": "NGAodVTg", "stop_name": "Ambedkar Nagar"}}, {"type": "Feature", "geometry": {"type": "Point", "coordinates": [79.907817, 13.088504]}, "properties": {"stop_id": "NmlfPGxe", "stop_name": "Melnallathur"}}, {"type": "Feature", "geometry": {"type": "Point", "coordinates": [80.238637, 13.134817]}, "properties": {"stop_id": "ANpclgWP", "stop_name": "Leather Company"}}, {"type": "Feature", "geometry": {"type": "Point", "coordinates": [80.087064, 12.848871]}, "properties": {"stop_id": "EzQcJxBW", "stop_name": "Sangothi Amman Koil"}}, {"type": "Feature", "geometry": {"type": "Point", "coordinates": [80.099478, 13.003709]}, "properties": {"stop_id": "RTnwKdcX", "stop_name": "Kundrathur Nalu Road Or Kolachery Junction"}}, {"type": "Feature", "geometry": {"type": "Point", "coordinates": [80.114303, 13.266861]}, "properties": {"stop_id": "NfMyQHAw", "stop_name": "Manjankarani"}}, {"type": "Feature", "geometry": {"type": "Point", "coordinates": [80.276532, 13.313261]}, "properties": {"stop_id": "twlXtIzd", "stop_name": "Vayalur"}}, {"type": "Feature", "geometry": {"type": "Point", "coordinates": [80.257544, 13.039163]}, "properties": {"stop_id": "sDgMDbLK", "stop_name": "Cit Colony"}}, {"type": "Feature", "geometry": {"type": "Point", "coordinates": [80.250419, 13.262309]}, "properties": {"stop_id": "RgDNNvUZ", "stop_name": "Seemapuram"}}, {"type": "Feature", "geometry": {"type": "Point", "coordinates": [80.323563, 13.211718]}, "properties": {"stop_id": "XMFZXZdV", "stop_name": "Periya Kuppam"}}, {"type": "Feature", "geometry": {"type": "Point", "coordinates": [80.012317, 12.924771]}, "properties": {"stop_id": "CcDOWlNm", "stop_name": "Chetpet"}}, {"type": "Feature", "geometry": {"type": "Point", "coordinates": [80.231045, 12.900935]}, "properties": {"stop_id": "xMYnsmAG", "stop_name": "Pratyangira Temple"}}, {"type": "Feature", "geometry": {"type": "Point", "coordinates": [80.217069, 13.457451]}, "properties": {"stop_id": "QJqMQbqf", "stop_name": "Medur Or Amalaichery Junction"}}, {"type": "Feature", "geometry": {"type": "Point", "coordinates": [80.254717, 13.080656]}, "properties": {"stop_id": "RupFhEwj", "stop_name": "Dharma Prakash Or MCTM School"}}, {"type": "Feature", "geometry": {"type": "Point", "coordinates": [80.171913, 13.132265]}, "properties": {"stop_id": "IMTItMKU", "stop_name": "Kallikuppam"}}, {"type": "Feature", "geometry": {"type": "Point", "coordinates": [80.132784, 13.020484]}, "properties": {"stop_id": "aIYUUJGk", "stop_name": "Parani Puthur"}}, {"type": "Feature", "geometry": {"type": "Point", "coordinates": [80.251689, 13.438455]}, "properties": {"stop_id": "xzbcUqWQ", "stop_name": "Pudhucehrimedu"}}, {"type": "Feature", "geometry": {"type": "Point", "coordinates": [80.07139, 13.085155]}, "properties": {"stop_id": "qORtFjQM", "stop_name": "Vayalanallur"}}, {"type": "Feature", "geometry": {"type": "Point", "coordinates": [79.895818, 12.840373]}, "properties": {"stop_id": "IkEoBHlk", "stop_name": "Kunnarakkan"}}, {"type": "Feature", "geometry": {"type": "Point", "coordinates": [80.243084, 12.756104]}, "properties": {"stop_id": "avVajdeO", "stop_name": "Therukupattu"}}, {"type": "Feature", "geometry": {"type": "Point", "coordinates": [80.229164, 12.832649]}, "properties": {"stop_id": "wssOAckJ", "stop_name": "IT Park Siruseri Or Muttukadu"}}, {"type": "Feature", "geometry": {"type": "Point", "coordinates": [80.103602, 12.998044]}, "properties": {"stop_id": "vFpuvjcu", "stop_name": "Pillayar Kovil Or Manancheri"}}, {"type": "Feature", "geometry": {"type": "Point", "coordinates": [80.085143, 12.940252]}, "properties": {"stop_id": "QgJihzqk", "stop_name": "Anjugam Nagar"}}, {"type": "Feature", "geometry": {"type": "Point", "coordinates": [80.080654, 12.87905]}, "properties": {"stop_id": "wjdxsRuk", "stop_name": "Vandalur Zoo"}}, {"type": "Feature", "geometry": {"type": "Point", "coordinates": [80.183829, 12.94918]}, "properties": {"stop_id": "KabAcwBq", "stop_name": "Eachangadu Junction"}}, {"type": "Feature", "geometry": {"type": "Point", "coordinates": [80.174252, 13.014358]}, "properties": {"stop_id": "lyZkKOPR", "stop_name": "Manapakkam EB Office"}}, {"type": "Feature", "geometry": {"type": "Point", "coordinates": [80.270231, 13.177464]}, "properties": {"stop_id": "agmUQnfF", "stop_name": "MFL"}}, {"type": "Feature", "geometry": {"type": "Point", "coordinates": [79.820486, 12.800402]}, "properties": {"stop_id": "ZsmZvPrK", "stop_name": "Sekkadu"}}, {"type": "Feature", "geometry": {"type": "Point", "coordinates": [79.968707, 12.981713]}, "properties": {"stop_id": "UDUmRzWP", "stop_name": "Sriperumbudur Toll Gate"}}, {"type": "Feature", "geometry": {"type": "Point", "coordinates": [80.268919, 13.161411]}, "properties": {"stop_id": "exnIZrMP", "stop_name": "Chennai Petroleum Corporation Limited"}}, {"type": "Feature", "geometry": {"type": "Point", "coordinates": [79.982721, 13.211226]}, "properties": {"stop_id": "bwmOWcVr", "stop_name": "New Karikkalvakkam"}}, {"type": "Feature", "geometry": {"type": "Point", "coordinates": [79.538198, 12.024361]}, "properties": {"stop_id": "oUbtCHRB", "stop_name": "Vikravandi Toll Plaza"}}, {"type": "Feature", "geometry": {"type": "Point", "coordinates": [80.177042, 13.195163]}, "properties": {"stop_id": "AFcMAvOI", "stop_name": "Elite Matriculation Higher Secondary"}}, {"type": "Feature", "geometry": {"type": "Point", "coordinates": [80.148853, 12.886896]}, "properties": {"stop_id": "avbDVyxh", "stop_name": "Pathuvanchery Koil"}}, {"type": "Feature", "geometry": {"type": "Point", "coordinates": [80.26872, 13.093291]}, "properties": {"stop_id": "eVGAINdZ", "stop_name": "Natraj Theatre"}}, {"type": "Feature", "geometry": {"type": "Point", "coordinates": [80.183215, 12.971062]}, "properties": {"stop_id": "lDAJUywo", "stop_name": "Ezhurammal Koil"}}, {"type": "Feature", "geometry": {"type": "Point", "coordinates": [80.203113, 13.158204]}, "properties": {"stop_id": "hSdNxZqe", "stop_name": "Puzhal Camp"}}, {"type": "Feature", "geometry": {"type": "Point", "coordinates": [80.160657, 13.301668]}, "properties": {"stop_id": "QpjbbNqd", "stop_name": "Andarkuppam"}}, {"type": "Feature", "geometry": {"type": "Point", "coordinates": [80.181507, 12.931602]}, "properties": {"stop_id": "vCxCuCVD", "stop_name": "Vellaikal"}}, {"type": "Feature", "geometry": {"type": "Point", "coordinates": [80.180687, 13.098137]}, "properties": {"stop_id": "QsteKrle", "stop_name": "Britannia Bus Stop Padi"}}, {"type": "Feature", "geometry": {"type": "Point", "coordinates": [80.040995, 13.155912]}, "properties": {"stop_id": "isqWGISG", "stop_name": "Melappedu"}}, {"type": "Feature", "geometry": {"type": "Point", "coordinates": [80.192964, 13.038818]}, "properties": {"stop_id": "ZrWksDco", "stop_name": "Munusamy Salai"}}, {"type": "Feature", "geometry": {"type": "Point", "coordinates": [80.205189, 13.068982]}, "properties": {"stop_id": "BpAiVnps", "stop_name": "CMBT Koyembedu Bus Depot"}}, {"type": "Feature", "geometry": {"type": "Point", "coordinates": [80.213562, 13.129944]}, "properties": {"stop_id": "qzuHypgA", "stop_name": "Retteri Junction"}}, {"type": "Feature", "geometry": {"type": "Point", "coordinates": [80.184786, 13.484756]}, "properties": {"stop_id": "tsbSHhIt", "stop_name": "Reddy Palayam"}}, {"type": "Feature", "geometry": {"type": "Point", "coordinates": [80.045906, 12.851319]}, "properties": {"stop_id": "kUNGxXZI", "stop_name": "Madambakkam"}}, {"type": "Feature", "geometry": {"type": "Point", "coordinates": [80.167532, 13.22133]}, "properties": {"stop_id": "illGQStO", "stop_name": "Vijaya Nallur"}}, {"type": "Feature", "geometry": {"type": "Point", "coordinates": [80.227825, 13.126258]}, "properties": {"stop_id": "CBYTSJWX", "stop_name": "Peravallur Kumaran Nagar"}}, {"type": "Feature", "geometry": {"type": "Point", "coordinates": [80.205437, 12.987428]}, "properties": {"stop_id": "rEXMwzJR", "stop_name": "Brindavan Nagar"}}, {"type": "Feature", "geometry": {"type": "Point", "coordinates": [80.204948, 12.984527]}, "properties": {"stop_id": "OMDbIkes", "stop_name": "Pillayar Kovil Stop"}}, {"type": "Feature", "geometry": {"type": "Point", "coordinates": [79.965688, 13.13003]}, "properties": {"stop_id": "kYVfgfZp", "stop_name": "Sevvapet Railway Station"}}, {"type": "Feature", "geometry": {"type": "Point", "coordinates": [80.050509, 13.124605]}, "properties": {"stop_id": "ZYiWVpjK", "stop_name": "Nemilicheri"}}, {"type": "Feature", "geometry": {"type": "Point", "coordinates": [80.256242, 12.987714]}, "properties": {"stop_id": "aWeSqqrV", "stop_name": "Jayanthi Theatre"}}, {"type": "Feature", "geometry": {"type": "Point", "coordinates": [80.221587, 13.184585]}, "properties": {"stop_id": "ijmqRmKp", "stop_name": "Chettimedu"}}, {"type": "Feature", "geometry": {"type": "Point", "coordinates": [80.082538, 12.851961]}, "properties": {"stop_id": "cRNMfSEx", "stop_name": "Mayili Amman Koil"}}, {"type": "Feature", "geometry": {"type": "Point", "coordinates": [80.23044, 12.981716]}, "properties": {"stop_id": "MaKoROaE", "stop_name": "Baby Nagar"}}, {"type": "Feature", "geometry": {"type": "Point", "coordinates": [80.09164, 13.185964]}, "properties": {"stop_id": "VMlGrjvU", "stop_name": "TSP Canteen"}}, {"type": "Feature", "geometry": {"type": "Point", "coordinates": [80.242194, 13.128667]}, "properties": {"stop_id": "gmiMCrrb", "stop_name": "Moolakadai"}}, {"type": "Feature", "geometry": {"type": "Point", "coordinates": [79.980509, 13.129034]}, "properties": {"stop_id": "SaZyOqOi", "stop_name": "Kandan Kollai"}}, {"type": "Feature", "geometry": {"type": "Point", "coordinates": [80.23006, 13.391298]}, "properties": {"stop_id": "zWmxGpLB", "stop_name": "Bharathi Nagar"}}, {"type": "Feature", "geometry": {"type": "Point", "coordinates": [80.125599, 12.923184]}, "properties": {"stop_id": "iYTiOTOT", "stop_name": "Poondi Bazaar"}}, {"type": "Feature", "geometry": {"type": "Point", "coordinates": [80.282384, 13.25372]}, "properties": {"stop_id": "XeefDCzo", "stop_name": "N C T P Staff Quarters"}}, {"type": "Feature", "geometry": {"type": "Point", "coordinates": [80.036127, 13.131788]}, "properties": {"stop_id": "mxGSpCzE", "stop_name": "Nathambedu Colony"}}, {"type": "Feature", "geometry": {"type": "Point", "coordinates": [80.27784, 13.111261]}, "properties": {"stop_id": "jBnsfrlR", "stop_name": "Pencil Factory"}}, {"type": "Feature", "geometry": {"type": "Point", "coordinates": [79.988554, 12.738136]}, "properties": {"stop_id": "OSxOVFcp", "stop_name": "Paranur"}}, {"type": "Feature", "geometry": {"type": "Point", "coordinates": [80.243411, 13.029751]}, "properties": {"stop_id": "QJswlIXy", "stop_name": "Chamiers Road Or Venkateswara Hospital"}}, {"type": "Feature", "geometry": {"type": "Point", "coordinates": [80.146158, 12.961399]}, "properties": {"stop_id": "aojHvPEg", "stop_name": "Ponds Company"}}, {"type": "Feature", "geometry": {"type": "Point", "coordinates": [80.205584, 13.366158]}, "properties": {"stop_id": "arebgYBg", "stop_name": "Kavalpatti Police Station"}}, {"type": "Feature", "geometry": {"type": "Point", "coordinates": [80.159716, 13.037446]}, "properties": {"stop_id": "bFakMEeO", "stop_name": "Karambakkam"}}, {"type": "Feature", "geometry": {"type": "Point", "coordinates": [80.057202, 13.291133]}, "properties": {"stop_id": "hCKRONaA", "stop_name": "Panapakkam"}}, {"type": "Feature", "geometry": {"type": "Point", "coordinates": [80.126862, 13.011525]}, "properties": {"stop_id": "TcOgoqIO", "stop_name": "R J C C Church"}}, {"type": "Feature", "geometry": {"type": "Point", "coordinates": [80.167693, 13.30724]}, "properties": {"stop_id": "qHHrAclK", "stop_name": "Nelcast Company"}}, {"type": "Feature", "geometry": {"type": "Point", "coordinates": [80.251943, 13.108604]}, "properties": {"stop_id": "bCOJrgoA", "stop_name": "BB Road"}}, {"type": "Feature", "geometry": {"type": "Point", "coordinates": [80.218336, 13.385289]}, "properties": {"stop_id": "jjHnlXVx", "stop_name": "Methur"}}, {"type": "Feature", "geometry": {"type": "Point", "coordinates": [80.163785, 12.882575]}, "properties": {"stop_id": "hpqGMkEd", "stop_name": "Erikarai Agaramthen"}}, {"type": "Feature", "geometry": {"type": "Point", "coordinates": [80.198358, 13.118201]}, "properties": {"stop_id": "QUMnpJQp", "stop_name": "Agrakaram"}}, {"type": "Feature", "geometry": {"type": "Point", "coordinates": [80.221215, 12.949479]}, "properties": {"stop_id": "BTtHvEzM", "stop_name": "Thoraipakkam Check Post 230 K V Tower"}}, {"type": "Feature", "geometry": {"type": "Point", "coordinates": [80.132897, 13.32061]}, "properties": {"stop_id": "dROKJpRC", "stop_name": "Durainallur Or Chinnambedu"}}, {"type": "Feature", "geometry": {"type": "Point", "coordinates": [80.183449, 13.110033]}, "properties": {"stop_id": "PaniFwRg", "stop_name": "Amma Hotel"}}, {"type": "Feature", "geometry": {"type": "Point", "coordinates": [80.32713, 13.220224]}, "properties": {"stop_id": "dlQGbJav", "stop_name": "Thalan Kuppam"}}, {"type": "Feature", "geometry": {"type": "Point", "coordinates": [80.125466, 13.094913]}, "properties": {"stop_id": "bONecZHY", "stop_name": "Apprana Nagar Or VGN"}}, {"type": "Feature", "geometry": {"type": "Point", "coordinates": [80.057556, 13.040628]}, "properties": {"stop_id": "gxidCspv", "stop_name": "Chembarambakkam"}}, {"type": "Feature", "geometry": {"type": "Point", "coordinates": [80.188231, 13.144222]}, "properties": {"stop_id": "ZNjvBYak", "stop_name": "Surapet"}}, {"type": "Feature", "geometry": {"type": "Point", "coordinates": [80.277114, 13.114545]}, "properties": {"stop_id": "sjphZSiX", "stop_name": "Kannan Street"}}, {"type": "Feature", "geometry": {"type": "Point", "coordinates": [80.204511, 12.965583]}, "properties": {"stop_id": "nOepWjtB", "stop_name": "Sadasivam Nagar"}}, {"type": "Feature", "geometry": {"type": "Point", "coordinates": [80.046882, 12.894479]}, "properties": {"stop_id": "imyhTmbO", "stop_name": "Karasangal"}}, {"type": "Feature", "geometry": {"type": "Point", "coordinates": [80.258619, 13.090581]}, "properties": {"stop_id": "SQUoXVXU", "stop_name": "Bhuvaneshwari Theatre Or Vasanthi Theatre"}}, {"type": "Feature", "geometry": {"type": "Point", "coordinates": [80.137816, 12.734878]}, "properties": {"stop_id": "oQmOaQyB", "stop_name": "Kattur"}}, {"type": "Feature", "geometry": {"type": "Point", "coordinates": [80.016874, 13.022335]}, "properties": {"stop_id": "zjKBXJki", "stop_name": "Saveetha Medical College"}}, {"type": "Feature", "geometry": {"type": "Point", "coordinates": [80.124574, 13.02118]}, "properties": {"stop_id": "wwRbiLuR", "stop_name": "Rani Tea Shop"}}, {"type": "Feature", "geometry": {"type": "Point", "coordinates": [80.258294, 13.007318]}, "properties": {"stop_id": "Yhslgmod", "stop_name": "Adyar Signal"}}, {"type": "Feature", "geometry": {"type": "Point", "coordinates": [80.223034, 12.987755]}, "properties": {"stop_id": "elmHqfIN", "stop_name": "Gandhi Road"}}, {"type": "Feature", "geometry": {"type": "Point", "coordinates": [80.199324, 13.189158]}, "properties": {"stop_id": "wCUyFOIX", "stop_name": "Alinijivakkam"}}, {"type": "Feature", "geometry": {"type": "Point", "coordinates": [80.135632, 12.884039]}, "properties": {"stop_id": "UuoajKVN", "stop_name": "Zion School"}}, {"type": "Feature", "geometry": {"type": "Point", "coordinates": [79.819406, 12.797608]}, "properties": {"stop_id": "XeNLTPEj", "stop_name": "Walajabad Railway Station"}}, {"type": "Feature", "geometry": {"type": "Point", "coordinates": [80.227677, 13.163236]}, "properties": {"stop_id": "JYRWJgVB", "stop_name": "Manjampakkam Or Petrol Pump"}}, {"type": "Feature", "geometry": {"type": "Point", "coordinates": [80.197496, 13.186529]}, "properties": {"stop_id": "OUgQnZLY", "stop_name": "Vadakarai High School"}}, {"type": "Feature", "geometry": {"type": "Point", "coordinates": [80.274251, 13.060539]}, "properties": {"stop_id": "jkuUxjyr", "stop_name": "Triplicane Post Office"}}, {"type": "Feature", "geometry": {"type": "Point", "coordinates": [80.186069, 13.489795]}, "properties": {"stop_id": "KzAuSOOh", "stop_name": "Chinna Mangodu"}}, {"type": "Feature", "geometry": {"type": "Point", "coordinates": [80.178394, 13.088344]}, "properties": {"stop_id": "voXQjjKh", "stop_name": "Golden Flats"}}, {"type": "Feature", "geometry": {"type": "Point", "coordinates": [79.9396, 12.6453]}, "properties": {"stop_id": "xmGwLlME", "stop_name": "Mamandur Bypass"}}, {"type": "Feature", "geometry": {"type": "Point", "coordinates": [80.323545, 13.211951]}, "properties": {"stop_id": "lBjlyorh", "stop_name": "Periya Kuppam"}}, {"type": "Feature", "geometry": {"type": "Point", "coordinates": [80.112667, 13.052433]}, "properties": {"stop_id": "wRBXcbqq", "stop_name": "Senneerkuppam Electronic Board House"}}, {"type": "Feature", "geometry": {"type": "Point", "coordinates": [80.185065, 13.440451]}, "properties": {"stop_id": "bYiZlZfK", "stop_name": "Mettu Sekanyam"}}, {"type": "Feature", "geometry": {"type": "Point", "coordinates": [80.183277, 12.9762]}, "properties": {"stop_id": "FozFNjrC", "stop_name": "Amman Kovil"}}, {"type": "Feature", "geometry": {"type": "Point", "coordinates": [80.132836, 13.020462]}, "properties": {"stop_id": "Buavuklo", "stop_name": "Parani Puthur"}}, {"type": "Feature", "geometry": {"type": "Point", "coordinates": [80.253486, 13.165348]}, "properties": {"stop_id": "hTaJTejf", "stop_name": "Sasthiri Nagar Manali"}}, {"type": "Feature", "geometry": {"type": "Point", "coordinates": [80.086314, 13.146356]}, "properties": {"stop_id": "Zysthhei", "stop_name": "Brindavan Nagar"}}, {"type": "Feature", "geometry": {"type": "Point", "coordinates": [80.066215, 13.124996]}, "properties": {"stop_id": "QRngTwFS", "stop_name": "Kakkanji Nagar"}}, {"type": "Feature", "geometry": {"type": "Point", "coordinates": [80.051068, 13.214609]}, "properties": {"stop_id": "oPITKJYe", "stop_name": "Magaral"}}, {"type": "Feature", "geometry": {"type": "Point", "coordinates": [80.12675, 13.40974]}, "properties": {"stop_id": "ZVaoBYIn", "stop_name": "Gummidipundi Market"}}, {"type": "Feature", "geometry": {"type": "Point", "coordinates": [80.216556, 13.124699]}, "properties": {"stop_id": "tUuhPwYa", "stop_name": "South Mada Street"}}, {"type": "Feature", "geometry": {"type": "Point", "coordinates": [80.132272, 13.396411]}, "properties": {"stop_id": "Erqjkxzk", "stop_name": "Ayanallur"}}, {"type": "Feature", "geometry": {"type": "Point", "coordinates": [80.245542, 12.763024]}, "properties": {"stop_id": "HXvpcqcH", "stop_name": "Thiruvidhanthai"}}, {"type": "Feature", "geometry": {"type": "Point", "coordinates": [79.968787, 13.138719]}, "properties": {"stop_id": "AwPzPEra", "stop_name": "Vellakulam Junction"}}, {"type": "Feature", "geometry": {"type": "Point", "coordinates": [80.194855, 13.201622]}, "properties": {"stop_id": "rlFkXMBS", "stop_name": "Red Hills EB Or Azhinjivakkam Road Junction"}}, {"type": "Feature", "geometry": {"type": "Point", "coordinates": [80.242514, 13.059461]}, "properties": {"stop_id": "UCIDNTPZ", "stop_name": "Nungambakkam Police Station"}}, {"type": "Feature", "geometry": {"type": "Point", "coordinates": [80.262735, 12.996207]}, "properties": {"stop_id": "LoadLeSC", "stop_name": "Vannandurai"}}, {"type": "Feature", "geometry": {"type": "Point", "coordinates": [80.1914, 12.869423]}, "properties": {"stop_id": "cgIzawVB", "stop_name": "Tellus Avenue"}}, {"type": "Feature", "geometry": {"type": "Point", "coordinates": [80.111582, 13.074855]}, "properties": {"stop_id": "pKwZMigm", "stop_name": "Panchayat Board"}}, {"type": "Feature", "geometry": {"type": "Point", "coordinates": [80.235022, 13.06455]}, "properties": {"stop_id": "CpnDMnJS", "stop_name": "Loyala College"}}, {"type": "Feature", "geometry": {"type": "Point", "coordinates": [80.19976, 13.131729]}, "properties": {"stop_id": "xRJArdDK", "stop_name": "Sarathy Nagar"}}, {"type": "Feature", "geometry": {"type": "Point", "coordinates": [79.8828, 12.5104]}, "properties": {"stop_id": "oZJRchiN", "stop_name": "Maduranthagam Bypass"}}, {"type": "Feature", "geometry": {"type": "Point", "coordinates": [80.240019, 13.077018]}, "properties": {"stop_id": "qrSNpKDz", "stop_name": "EGA Theatre"}}, {"type": "Feature", "geometry": {"type": "Point", "coordinates": [80.243871, 13.158329]}, "properties": {"stop_id": "saruwlzc", "stop_name": "Veterinary College"}}, {"type": "Feature", "geometry": {"type": "Point", "coordinates": [80.269308, 13.091287]}, "properties": {"stop_id": "zOQhKaAF", "stop_name": "Choolai Rountana"}}, {"type": "Feature", "geometry": {"type": "Point", "coordinates": [80.17666, 12.918311]}, "properties": {"stop_id": "PQDqFTyk", "stop_name": "Vengaivasal Road Junction"}}, {"type": "Feature", "geometry": {"type": "Point", "coordinates": [80.248936, 12.996787]}, "properties": {"stop_id": "CqefHKGq", "stop_name": "Womens Polytechnic College"}}, {"type": "Feature", "geometry": {"type": "Point", "coordinates": [80.183697, 13.24117]}, "properties": {"stop_id": "GEijdcGW", "stop_name": "Orakkadu"}}, {"type": "Feature", "geometry": {"type": "Point", "coordinates": [80.14788, 12.940963]}, "properties": {"stop_id": "gCZfLTyw", "stop_name": "Gayathri Nagar Or Venkatraman Nagar"}}, {"type": "Feature", "geometry": {"type": "Point", "coordinates": [80.26633, 13.09514]}, "properties": {"stop_id": "GWqnIxTG", "stop_name": "Kesavan Park"}}, {"type": "Feature", "geometry": {"type": "Point", "coordinates": [80.169492, 13.088615]}, "properties": {"stop_id": "VcqDmTtv", "stop_name": "Mogaipair Road Junction"}}, {"type": "Feature", "geometry": {"type": "Point", "coordinates": [80.070551, 13.121478]}, "properties": {"stop_id": "LyncnjMw", "stop_name": "Thangamani School"}}, {"type": "Feature", "geometry": {"type": "Point", "coordinates": [80.172971, 12.641424]}, "properties": {"stop_id": "sXTxOtpY", "stop_name": "Payyanur"}}, {"type": "Feature", "geometry": {"type": "Point", "coordinates": [80.191342, 12.869449]}, "properties": {"stop_id": "jbVnaCku", "stop_name": "Tellus Avenue"}}, {"type": "Feature", "geometry": {"type": "Point", "coordinates": [79.977013, 12.966828]}, "properties": {"stop_id": "EiPYisOM", "stop_name": "Annai Medical College And Hospital"}}, {"type": "Feature", "geometry": {"type": "Point", "coordinates": [80.116024, 12.948149]}, "properties": {"stop_id": "kVeKzKrW", "stop_name": "Burma Colony"}}, {"type": "Feature", "geometry": {"type": "Point", "coordinates": [80.134679, 13.061009]}, "properties": {"stop_id": "meGizMiD", "stop_name": "Madhiravedu"}}, {"type": "Feature", "geometry": {"type": "Point", "coordinates": [80.080971, 12.949657]}, "properties": {"stop_id": "cdkVqwDW", "stop_name": "Aringar Anna Kalyanamandapam"}}, {"type": "Feature", "geometry": {"type": "Point", "coordinates": [80.129524, 13.009697]}, "properties": {"stop_id": "eYYHcaFH", "stop_name": "Sakthi Vinayagar Alayam or Akash Nagar"}}, {"type": "Feature", "geometry": {"type": "Point", "coordinates": [80.162968, 12.929324]}, "properties": {"stop_id": "YFmNKhTV", "stop_name": "Navagraha Vinayagar Temple"}}, {"type": "Feature", "geometry": {"type": "Point", "coordinates": [80.067747, 12.958649]}, "properties": {"stop_id": "hpTqguAr", "stop_name": "Vivekanantha Nagar Church"}}, {"type": "Feature", "geometry": {"type": "Point", "coordinates": [80.321818, 13.225843]}, "properties": {"stop_id": "jisQZBDs", "stop_name": "V O C Nagar"}}, {"type": "Feature", "geometry": {"type": "Point", "coordinates": [80.064293, 12.894494]}, "properties": {"stop_id": "AoIEptMM", "stop_name": "Mannivakkam Road Junction"}}, {"type": "Feature", "geometry": {"type": "Point", "coordinates": [80.191759, 13.031409]}, "properties": {"stop_id": "yEChtXTr", "stop_name": "Sullaipallam"}}, {"type": "Feature", "geometry": {"type": "Point", "coordinates": [80.180949, 13.196381]}, "properties": {"stop_id": "dfrJZjmW", "stop_name": "Red Hills Thiruvallur Road Junction"}}, {"type": "Feature", "geometry": {"type": "Point", "coordinates": [80.180736, 13.080339]}, "properties": {"stop_id": "dxlyVRvH", "stop_name": "J J Nagar East Terminus"}}, {"type": "Feature", "geometry": {"type": "Point", "coordinates": [80.053938, 12.849734]}, "properties": {"stop_id": "gQAjQszT", "stop_name": "Brindha Colony"}}, {"type": "Feature", "geometry": {"type": "Point", "coordinates": [80.182587, 12.939524]}, "properties": {"stop_id": "GTWLqqnN", "stop_name": "Kovilambakkam"}}, {"type": "Feature", "geometry": {"type": "Point", "coordinates": [80.280512, 13.134883]}, "properties": {"stop_id": "tGqVborR", "stop_name": "Nethaji Super Market"}}, {"type": "Feature", "geometry": {"type": "Point", "coordinates": [80.222861, 13.010645]}, "properties": {"stop_id": "POsNTwnJ", "stop_name": "Halda"}}, {"type": "Feature", "geometry": {"type": "Point", "coordinates": [80.250289, 13.145679]}, "properties": {"stop_id": "OruIKgrE", "stop_name": "Parvathi Nagar Kodungaiyur"}}, {"type": "Feature", "geometry": {"type": "Point", "coordinates": [80.171988, 13.209595]}, "properties": {"stop_id": "EYGEAZtD", "stop_name": "Padianallur Check Post Or Vijaya Nallur"}}, {"type": "Feature", "geometry": {"type": "Point", "coordinates": [80.028086, 13.117538]}, "properties": {"stop_id": "zSTvyVov", "stop_name": "Dharma Raja Kovil"}}, {"type": "Feature", "geometry": {"type": "Point", "coordinates": [80.165646, 13.484223]}, "properties": {"stop_id": "cTiyrkFA", "stop_name": "Salaya Kandigai"}}, {"type": "Feature", "geometry": {"type": "Point", "coordinates": [79.912306, 13.014968]}, "properties": {"stop_id": "ggnpPWOO", "stop_name": "Vayalur"}}, {"type": "Feature", "geometry": {"type": "Point", "coordinates": [80.263417, 13.02205]}, "properties": {"stop_id": "XAxmwtqw", "stop_name": "Rani Meyyammai School"}}, {"type": "Feature", "geometry": {"type": "Point", "coordinates": [80.2023, 13.362315]}, "properties": {"stop_id": "UUpfieFN", "stop_name": "Uppaplam 1"}}, {"type": "Feature", "geometry": {"type": "Point", "coordinates": [80.063938, 13.324129]}, "properties": {"stop_id": "VPnRvCbn", "stop_name": "Anjathamman Temple Or Anjatham Magudi"}}, {"type": "Feature", "geometry": {"type": "Point", "coordinates": [80.262749, 13.079479]}, "properties": {"stop_id": "AHLLTOdf", "stop_name": "Egmore North Railway Station"}}, {"type": "Feature", "geometry": {"type": "Point", "coordinates": [80.111847, 13.047184]}, "properties": {"stop_id": "XXYtSQEl", "stop_name": "Karayanchavadi"}}, {"type": "Feature", "geometry": {"type": "Point", "coordinates": [80.263613, 13.02278]}, "properties": {"stop_id": "CTdLzzOf", "stop_name": "Rani Meyyammai School"}}, {"type": "Feature", "geometry": {"type": "Point", "coordinates": [80.164605, 13.229697]}, "properties": {"stop_id": "yTictHOU", "stop_name": "Sengalamman Koil Or Sholavaram 4"}}, {"type": "Feature", "geometry": {"type": "Point", "coordinates": [80.177075, 13.195061]}, "properties": {"stop_id": "GIlSPhwi", "stop_name": "Elite Matriculation Higher Secondary"}}, {"type": "Feature", "geometry": {"type": "Point", "coordinates": [80.204174, 12.965721]}, "properties": {"stop_id": "AsOznvtO", "stop_name": "Sadasivam Nagar"}}, {"type": "Feature", "geometry": {"type": "Point", "coordinates": [80.169835, 13.13223]}, "properties": {"stop_id": "upMsEWKk", "stop_name": "Kallikuppam Koil"}}, {"type": "Feature", "geometry": {"type": "Point", "coordinates": [80.097811, 13.11692]}, "properties": {"stop_id": "dJJmWSZi", "stop_name": "Avadi Government Hospital"}}, {"type": "Feature", "geometry": {"type": "Point", "coordinates": [80.197054, 13.218522]}, "properties": {"stop_id": "rGxpSglN", "stop_name": "Kummanur"}}, {"type": "Feature", "geometry": {"type": "Point", "coordinates": [80.247928, 13.035548]}, "properties": {"stop_id": "NppIhzQC", "stop_name": "SIET College"}}, {"type": "Feature", "geometry": {"type": "Point", "coordinates": [80.221535, 13.040705]}, "properties": {"stop_id": "nMidlhrd", "stop_name": "Indian Bank Gowda Road"}}, {"type": "Feature", "geometry": {"type": "Point", "coordinates": [80.112557, 13.066286]}, "properties": {"stop_id": "qLQHuyIe", "stop_name": "SA Engineering college"}}, {"type": "Feature", "geometry": {"type": "Point", "coordinates": [80.280771, 13.05099]}, "properties": {"stop_id": "MEVzYGii", "stop_name": "Swami Vivekananda House"}}, {"type": "Feature", "geometry": {"type": "Point", "coordinates": [80.069509, 12.695934]}, "properties": {"stop_id": "iHPgoVQd", "stop_name": "Mullipakam Junction"}}, {"type": "Feature", "geometry": {"type": "Point", "coordinates": [80.215722, 13.031313]}, "properties": {"stop_id": "XiaLQvRI", "stop_name": "Intercity Bus Stop"}}, {"type": "Feature", "geometry": {"type": "Point", "coordinates": [80.268607, 13.058618]}, "properties": {"stop_id": "GHMmjNDZ", "stop_name": "Amir Mahal Royapettah"}}, {"type": "Feature", "geometry": {"type": "Point", "coordinates": [80.0257, 13.047346]}, "properties": {"stop_id": "WoCjyXMQ", "stop_name": "Padurmedu"}}, {"type": "Feature", "geometry": {"type": "Point", "coordinates": [80.025417, 13.111732]}, "properties": {"stop_id": "mAuYaRAP", "stop_name": "Thiruninravur Ramar Kovil"}}, {"type": "Feature", "geometry": {"type": "Point", "coordinates": [80.191748, 12.982867]}, "properties": {"stop_id": "UeYRldOg", "stop_name": "Anjaneyar Kovil"}}, {"type": "Feature", "geometry": {"type": "Point", "coordinates": [80.206416, 13.340982]}, "properties": {"stop_id": "XxJaecnl", "stop_name": "Deverangari Road"}}, {"type": "Feature", "geometry": {"type": "Point", "coordinates": [80.188839, 12.730372]}, "properties": {"stop_id": "aPOYjvXT", "stop_name": "Thiruporur Kovil"}}, {"type": "Feature", "geometry": {"type": "Point", "coordinates": [80.303001, 13.16199]}, "properties": {"stop_id": "JvVxAKet", "stop_name": "Thiruvotriyur Temple"}}, {"type": "Feature", "geometry": {"type": "Point", "coordinates": [80.218485, 13.385238]}, "properties": {"stop_id": "BhcHYWlb", "stop_name": "Methur"}}, {"type": "Feature", "geometry": {"type": "Point", "coordinates": [80.216486, 12.997845]}, "properties": {"stop_id": "wYWONrrr", "stop_name": "Vellacherry Check Post"}}, {"type": "Feature", "geometry": {"type": "Point", "coordinates": [80.169401, 12.838068]}, "properties": {"stop_id": "bCNvXuax", "stop_name": "Mambakkam Sivan Kovil"}}, {"type": "Feature", "geometry": {"type": "Point", "coordinates": [80.17075, 13.482955]}, "properties": {"stop_id": "LSLEHghp", "stop_name": "Sudukadu"}}, {"type": "Feature", "geometry": {"type": "Point", "coordinates": [80.196436, 13.216076]}, "properties": {"stop_id": "NEOaVWFJ", "stop_name": "Sothupakkam"}}, {"type": "Feature", "geometry": {"type": "Point", "coordinates": [80.173768, 13.133112]}, "properties": {"stop_id": "fytASSfG", "stop_name": "Kallikuppam Tea Kadai Bus Stop"}}, {"type": "Feature", "geometry": {"type": "Point", "coordinates": [80.13183, 12.739099]}, "properties": {"stop_id": "yVpSHUpe", "stop_name": "Shri Sathya Sai Hospital Ammapettai"}}, {"type": "Feature", "geometry": {"type": "Point", "coordinates": [80.052389, 13.29401]}, "properties": {"stop_id": "pVHZNTmW", "stop_name": "MTC Nagar"}}, {"type": "Feature", "geometry": {"type": "Point", "coordinates": [80.243244, 12.788302]}, "properties": {"stop_id": "ZIvIwqTW", "stop_name": "Kovalam"}}, {"type": "Feature", "geometry": {"type": "Point", "coordinates": [79.975123, 13.099264]}, "properties": {"stop_id": "NcDEDzEB", "stop_name": "Aranvoyal Kuppam"}}, {"type": "Feature", "geometry": {"type": "Point", "coordinates": [80.263311, 13.099166]}, "properties": {"stop_id": "GRRjUQxz", "stop_name": "Puliyanthopu Tb Hospital"}}, {"type": "Feature", "geometry": {"type": "Point", "coordinates": [80.239528, 13.077165]}, "properties": {"stop_id": "SWnceHEw", "stop_name": "EGA Theatre"}}, {"type": "Feature", "geometry": {"type": "Point", "coordinates": [80.259916, 13.059476]}, "properties": {"stop_id": "mHRdWDIt", "stop_name": "Spensor Plaza TVS"}}, {"type": "Feature", "geometry": {"type": "Point", "coordinates": [80.167957, 13.22109]}, "properties": {"stop_id": "CfDISmMN", "stop_name": "Vijaya Nallur"}}, {"type": "Feature", "geometry": {"type": "Point", "coordinates": [80.137532, 13.085282]}, "properties": {"stop_id": "TzOVcXdr", "stop_name": "Aachi Foods"}}, {"type": "Feature", "geometry": {"type": "Point", "coordinates": [80.013746, 12.970181]}, "properties": {"stop_id": "PCoLzpeW", "stop_name": "Amarambedu Road"}}, {"type": "Feature", "geometry": {"type": "Point", "coordinates": [80.327799, 13.22484]}, "properties": {"stop_id": "iPzquFzR", "stop_name": "Thalankuppam Beach Road"}}, {"type": "Feature", "geometry": {"type": "Point", "coordinates": [80.272403, 13.303515]}, "properties": {"stop_id": "LurStVaw", "stop_name": "Neidavoyal"}}, {"type": "Feature", "geometry": {"type": "Point", "coordinates": [80.314411, 13.188946]}, "properties": {"stop_id": "ZkIfwknW", "stop_name": "Netaji Nagar"}}, {"type": "Feature", "geometry": {"type": "Point", "coordinates": [80.133009, 13.025228]}, "properties": {"stop_id": "TGrxyeBm", "stop_name": "EVP Prabhu Avenue Bus Stop"}}, {"type": "Feature", "geometry": {"type": "Point", "coordinates": [79.908597, 13.135151]}, "properties": {"stop_id": "muVREKCV", "stop_name": "TNSTC Bus Depot"}}, {"type": "Feature", "geometry": {"type": "Point", "coordinates": [80.113594, 12.965376]}, "properties": {"stop_id": "hZwGajtf", "stop_name": "Thiruneermalai 3"}}, {"type": "Feature", "geometry": {"type": "Point", "coordinates": [80.264345, 13.049158]}, "properties": {"stop_id": "AFWGXQGm", "stop_name": "PF Office"}}, {"type": "Feature", "geometry": {"type": "Point", "coordinates": [80.233531, 13.159431]}, "properties": {"stop_id": "OTfWLQWk", "stop_name": "Agarsen College"}}, {"type": "Feature", "geometry": {"type": "Point", "coordinates": [80.078266, 12.994844]}, "properties": {"stop_id": "kiTgZeoH", "stop_name": "Sirukalathur"}}, {"type": "Feature", "geometry": {"type": "Point", "coordinates": [80.272246, 13.067838]}, "properties": {"stop_id": "wOZIcmuB", "stop_name": "D1 Police Station"}}, {"type": "Feature", "geometry": {"type": "Point", "coordinates": [80.129634, 13.165333]}, "properties": {"stop_id": "cIVzRhGw", "stop_name": "Chinnakadaigai"}}, {"type": "Feature", "geometry": {"type": "Point", "coordinates": [80.13605, 13.101446]}, "properties": {"stop_id": "yWkNHrCP", "stop_name": "MGR Statue Ayapakkam"}}, {"type": "Feature", "geometry": {"type": "Point", "coordinates": [80.129424, 13.001788]}, "properties": {"stop_id": "urhYpysk", "stop_name": "Akash Nagar Water Tank"}}, {"type": "Feature", "geometry": {"type": "Point", "coordinates": [80.014428, 13.251948]}, "properties": {"stop_id": "RapSzmXO", "stop_name": "Vengal Bazar"}}, {"type": "Feature", "geometry": {"type": "Point", "coordinates": [80.221085, 13.144021]}, "properties": {"stop_id": "HEshVETB", "stop_name": "Madhavaram Rountana"}}, {"type": "Feature", "geometry": {"type": "Point", "coordinates": [79.820816, 12.800841]}, "properties": {"stop_id": "PzIXuqgO", "stop_name": "Sekkadu"}}, {"type": "Feature", "geometry": {"type": "Point", "coordinates": [80.128342, 13.057418]}, "properties": {"stop_id": "XnPpfSyF", "stop_name": "ACS Medical College"}}, {"type": "Feature", "geometry": {"type": "Point", "coordinates": [80.269025, 13.192199]}, "properties": {"stop_id": "NTpJpHDd", "stop_name": "Andarkuppam Check Post"}}, {"type": "Feature", "geometry": {"type": "Point", "coordinates": [80.141304, 13.470795]}, "properties": {"stop_id": "ADLjcXqa", "stop_name": "Perumal Koil Sumnnambukulam"}}, {"type": "Feature", "geometry": {"type": "Point", "coordinates": [80.266869, 13.085301]}, "properties": {"stop_id": "aVjdmBcp", "stop_name": "Madras Veterinary Hospital"}}, {"type": "Feature", "geometry": {"type": "Point", "coordinates": [80.190641, 12.997101]}, "properties": {"stop_id": "TVbCTcEE", "stop_name": "Alandur Depot"}}, {"type": "Feature", "geometry": {"type": "Point", "coordinates": [79.983591, 13.31411]}, "properties": {"stop_id": "PAhNkZlS", "stop_name": "Soolaimeni"}}, {"type": "Feature", "geometry": {"type": "Point", "coordinates": [80.220236, 12.990784]}, "properties": {"stop_id": "SEjojzMr", "stop_name": "Guru Nanak College"}}, {"type": "Feature", "geometry": {"type": "Point", "coordinates": [80.227866, 12.903155]}, "properties": {"stop_id": "wrFiwNtD", "stop_name": "P U Office Sholinganallur"}}, {"type": "Feature", "geometry": {"type": "Point", "coordinates": [80.035604, 13.271311]}, "properties": {"stop_id": "lCGwWknx", "stop_name": "Periyar Nagar"}}, {"type": "Feature", "geometry": {"type": "Point", "coordinates": [80.288342, 13.152814]}, "properties": {"stop_id": "WRCkhCoY", "stop_name": "Dog Cannal"}}, {"type": "Feature", "geometry": {"type": "Point", "coordinates": [80.066482, 12.960666]}, "properties": {"stop_id": "PdHnEZMy", "stop_name": "Indira Nagar"}}, {"type": "Feature", "geometry": {"type": "Point", "coordinates": [80.049341, 13.298361]}, "properties": {"stop_id": "RoreEsYU", "stop_name": "Avadi Road Junction"}}, {"type": "Feature", "geometry": {"type": "Point", "coordinates": [80.247757, 13.003291]}, "properties": {"stop_id": "qGIkRenz", "stop_name": "VHS Hospital"}}, {"type": "Feature", "geometry": {"type": "Point", "coordinates": [80.129929, 13.020304]}, "properties": {"stop_id": "OUzlATeX", "stop_name": "Rice Mill Mangadu"}}, {"type": "Feature", "geometry": {"type": "Point", "coordinates": [80.13298, 13.028209]}, "properties": {"stop_id": "hfvWjeWi", "stop_name": "Annai Store"}}, {"type": "Feature", "geometry": {"type": "Point", "coordinates": [80.195359, 12.948495]}, "properties": {"stop_id": "HAmwZMhM", "stop_name": "Sunnambu Kolathur"}}, {"type": "Feature", "geometry": {"type": "Point", "coordinates": [80.025219, 12.793092]}, "properties": {"stop_id": "fkhDLNVv", "stop_name": "Balaji Mahal"}}, {"type": "Feature", "geometry": {"type": "Point", "coordinates": [80.162014, 13.249646]}, "properties": {"stop_id": "cZLwCFQo", "stop_name": "Karanodai Church"}}, {"type": "Feature", "geometry": {"type": "Point", "coordinates": [80.121917, 12.923277]}, "properties": {"stop_id": "dLtneiKf", "stop_name": "Tambaram Railway Station East"}}, {"type": "Feature", "geometry": {"type": "Point", "coordinates": [80.001981, 12.755943]}, "properties": {"stop_id": "WhCgdKgR", "stop_name": "Tirutheri"}}, {"type": "Feature", "geometry": {"type": "Point", "coordinates": [79.933995, 13.170189]}, "properties": {"stop_id": "euIYYdlw", "stop_name": "CSI Bethel Church Ikkadu"}}, {"type": "Feature", "geometry": {"type": "Point", "coordinates": [80.085146, 12.940194]}, "properties": {"stop_id": "nUxocPjZ", "stop_name": "Anjugam Nagar"}}, {"type": "Feature", "geometry": {"type": "Point", "coordinates": [80.146809, 13.095484]}, "properties": {"stop_id": "xeLrICeT", "stop_name": "ICF Junction"}}, {"type": "Feature", "geometry": {"type": "Point", "coordinates": [80.179789, 13.106642]}, "properties": {"stop_id": "MKwfjOZk", "stop_name": "Little Holy School"}}, {"type": "Feature", "geometry": {"type": "Point", "coordinates": [80.106089, 12.754856]}, "properties": {"stop_id": "moYdstNu", "stop_name": "Nellikuppam Colony"}}, {"type": "Feature", "geometry": {"type": "Point", "coordinates": [80.163635, 13.095132]}, "properties": {"stop_id": "ABufINme", "stop_name": "Ambattur Police Station"}}, {"type": "Feature", "geometry": {"type": "Point", "coordinates": [80.105161, 13.115763]}, "properties": {"stop_id": "FldHcjZC", "stop_name": "Avadi Market"}}, {"type": "Feature", "geometry": {"type": "Point", "coordinates": [80.243708, 12.877869]}, "properties": {"stop_id": "yhYCDbZJ", "stop_name": "Nainar Kuppam Or Uthandi Colony"}}, {"type": "Feature", "geometry": {"type": "Point", "coordinates": [80.201171, 12.809175]}, "properties": {"stop_id": "fyzkVZoU", "stop_name": "Pudpakkam School"}}, {"type": "Feature", "geometry": {"type": "Point", "coordinates": [80.089529, 13.276379]}, "properties": {"stop_id": "AdloNpXg", "stop_name": "Erikarai"}}, {"type": "Feature", "geometry": {"type": "Point", "coordinates": [80.184921, 13.044279]}, "properties": {"stop_id": "tzYrVhKO", "stop_name": "Alwarthirunagar"}}, {"type": "Feature", "geometry": {"type": "Point", "coordinates": [80.200358, 12.744265]}, "properties": {"stop_id": "FDrhtNjK", "stop_name": "Kalavakkam School"}}, {"type": "Feature", "geometry": {"type": "Point", "coordinates": [80.129132, 13.162357]}, "properties": {"stop_id": "tHYrXQBJ", "stop_name": "Arikamedu"}}, {"type": "Feature", "geometry": {"type": "Point", "coordinates": [80.211326, 13.199718]}, "properties": {"stop_id": "KwyfuOzT", "stop_name": "Malima nagar"}}, {"type": "Feature", "geometry": {"type": "Point", "coordinates": [80.152562, 13.070384]}, "properties": {"stop_id": "CdwVKoMQ", "stop_name": "Ayanambakkam Tea Stall"}}, {"type": "Feature", "geometry": {"type": "Point", "coordinates": [80.164644, 13.121871]}, "properties": {"stop_id": "hUPYukZe", "stop_name": "Menambedu"}}, {"type": "Feature", "geometry": {"type": "Point", "coordinates": [80.206055, 13.108305]}, "properties": {"stop_id": "esXmHZAz", "stop_name": "South Redhils Road Market"}}, {"type": "Feature", "geometry": {"type": "Point", "coordinates": [79.957623, 13.038323]}, "properties": {"stop_id": "tpYpVLnP", "stop_name": "KRS Pallavan Pharmacy College"}}, {"type": "Feature", "geometry": {"type": "Point", "coordinates": [80.138685, 13.037437]}, "properties": {"stop_id": "FhKkSAFH", "stop_name": "Iyappanthangal"}}, {"type": "Feature", "geometry": {"type": "Point", "coordinates": [80.171985, 13.236872]}, "properties": {"stop_id": "MKKzwAOv", "stop_name": "Sozhipalayam"}}, {"type": "Feature", "geometry": {"type": "Point", "coordinates": [80.261556, 13.114749]}, "properties": {"stop_id": "aYIMvmGX", "stop_name": "Vyasarpadi Market"}}, {"type": "Feature", "geometry": {"type": "Point", "coordinates": [80.069965, 13.285269]}, "properties": {"stop_id": "lGJIVvqE", "stop_name": "Jayapuram Oil Mill"}}, {"type": "Feature", "geometry": {"type": "Point", "coordinates": [80.129791, 12.664985]}, "properties": {"stop_id": "FgbDpeSh", "stop_name": "Manamathi School"}}, {"type": "Feature", "geometry": {"type": "Point", "coordinates": [79.907783, 13.091538]}, "properties": {"stop_id": "YlMTFYgN", "stop_name": "Melnallathur MGR Nagar"}}, {"type": "Feature", "geometry": {"type": "Point", "coordinates": [80.201918, 12.907474]}, "properties": {"stop_id": "JZbiEaEt", "stop_name": "Bharathi Vidyalaya"}}, {"type": "Feature", "geometry": {"type": "Point", "coordinates": [79.95772, 13.037352]}, "properties": {"stop_id": "JMGkyukF", "stop_name": "KRS Pallavan Pharmacy College"}}, {"type": "Feature", "geometry": {"type": "Point", "coordinates": [80.197431, 12.922312]}, "properties": {"stop_id": "KSJnwxVm", "stop_name": "Asan College"}}, {"type": "Feature", "geometry": {"type": "Point", "coordinates": [80.232328, 13.28577]}, "properties": {"stop_id": "jucOpUOn", "stop_name": "Nalur Arikarai"}}, {"type": "Feature", "geometry": {"type": "Point", "coordinates": [79.930087, 13.107385]}, "properties": {"stop_id": "UHSPJyEW", "stop_name": "Venkathur"}}, {"type": "Feature", "geometry": {"type": "Point", "coordinates": [80.18052, 13.110285]}, "properties": {"stop_id": "CZhqrbpp", "stop_name": "Lake Stop"}}, {"type": "Feature", "geometry": {"type": "Point", "coordinates": [80.096675, 13.138096]}, "properties": {"stop_id": "odfRkvUj", "stop_name": "Kalaignar Nagar"}}, {"type": "Feature", "geometry": {"type": "Point", "coordinates": [80.21686, 13.03046]}, "properties": {"stop_id": "ftrZKujQ", "stop_name": "R R Colony"}}, {"type": "Feature", "geometry": {"type": "Point", "coordinates": [80.261275, 13.0609]}, "properties": {"stop_id": "lwcIkPvE", "stop_name": "Spensor Plaza TVS"}}, {"type": "Feature", "geometry": {"type": "Point", "coordinates": [80.010681, 13.018494]}, "properties": {"stop_id": "hEihXJEh", "stop_name": "Thandalam Koot Road"}}, {"type": "Feature", "geometry": {"type": "Point", "coordinates": [80.248085, 13.115257]}, "properties": {"stop_id": "CRZgpQHT", "stop_name": "Eswari Kalyana Mandapam"}}, {"type": "Feature", "geometry": {"type": "Point", "coordinates": [79.910724, 13.067575]}, "properties": {"stop_id": "mSfSOoJb", "stop_name": "Polivakkam"}}, {"type": "Feature", "geometry": {"type": "Point", "coordinates": [80.172835, 12.640962]}, "properties": {"stop_id": "mBrhAdeU", "stop_name": "Payyanur"}}, {"type": "Feature", "geometry": {"type": "Point", "coordinates": [80.213521, 13.0502]}, "properties": {"stop_id": "HGjkimBc", "stop_name": "Vadapalani Kovil"}}, {"type": "Feature", "geometry": {"type": "Point", "coordinates": [80.197866, 12.891072]}, "properties": {"stop_id": "HYTJJriR", "stop_name": "Nookampalayam Pillaiyar Koil"}}, {"type": "Feature", "geometry": {"type": "Point", "coordinates": [80.301399, 13.146777]}, "properties": {"stop_id": "QGNcLOop", "stop_name": "Builders Industry"}}, {"type": "Feature", "geometry": {"type": "Point", "coordinates": [80.08998, 12.960084]}, "properties": {"stop_id": "QuhVipGo", "stop_name": "Pazhanthandalam"}}, {"type": "Feature", "geometry": {"type": "Point", "coordinates": [80.231473, 13.066567]}, "properties": {"stop_id": "fSmTHZJS", "stop_name": "Nungambakkam Railway Station"}}, {"type": "Feature", "geometry": {"type": "Point", "coordinates": [80.02355, 13.024445]}, "properties": {"stop_id": "NdHXpyCv", "stop_name": "Chettipedu"}}, {"type": "Feature", "geometry": {"type": "Point", "coordinates": [80.258559, 13.040988]}, "properties": {"stop_id": "MUKiuGPJ", "stop_name": "Narada Gana Sabha"}}, {"type": "Feature", "geometry": {"type": "Point", "coordinates": [80.17534, 12.649983]}, "properties": {"stop_id": "YBkSbJNR", "stop_name": "Koothavakkam School"}}, {"type": "Feature", "geometry": {"type": "Point", "coordinates": [80.263895, 13.098996]}, "properties": {"stop_id": "eJHaFiJU", "stop_name": "Puliyanthopu Tb Hospital"}}, {"type": "Feature", "geometry": {"type": "Point", "coordinates": [80.281696, 13.128282]}, "properties": {"stop_id": "OnjVGLlO", "stop_name": "Tondiarpet Appartment"}}, {"type": "Feature", "geometry": {"type": "Point", "coordinates": [80.146777, 13.00082]}, "properties": {"stop_id": "EEpOhSPN", "stop_name": "Christian Missionaray"}}, {"type": "Feature", "geometry": {"type": "Point", "coordinates": [80.223677, 13.03121]}, "properties": {"stop_id": "TIKKmaif", "stop_name": "Srinivasa Theater"}}, {"type": "Feature", "geometry": {"type": "Point", "coordinates": [80.029415, 13.181006]}, "properties": {"stop_id": "TbetMXoD", "stop_name": "Kavanur"}}, {"type": "Feature", "geometry": {"type": "Point", "coordinates": [80.259366, 13.118304]}, "properties": {"stop_id": "twMezfOU", "stop_name": "Ambedkar College Vyasarpadi"}}, {"type": "Feature", "geometry": {"type": "Point", "coordinates": [80.266178, 13.095089]}, "properties": {"stop_id": "SUoxgoEf", "stop_name": "Kesavan Park"}}, {"type": "Feature", "geometry": {"type": "Point", "coordinates": [79.907564, 13.138968]}, "properties": {"stop_id": "iIARpDWU", "stop_name": "Thiruvallur"}}, {"type": "Feature", "geometry": {"type": "Point", "coordinates": [80.026601, 13.312859]}, "properties": {"stop_id": "FvRFCvLd", "stop_name": "Athupakkam"}}, {"type": "Feature", "geometry": {"type": "Point", "coordinates": [80.091948, 13.088745]}, "properties": {"stop_id": "QRWCUyXY", "stop_name": "Kannapalayam Kootroad"}}, {"type": "Feature", "geometry": {"type": "Point", "coordinates": [80.26492, 13.111469]}, "properties": {"stop_id": "MqGZxRIW", "stop_name": "Vyasarpadi"}}, {"type": "Feature", "geometry": {"type": "Point", "coordinates": [80.261351, 13.273067]}, "properties": {"stop_id": "kIKddsaQ", "stop_name": "Edappalayam"}}, {"type": "Feature", "geometry": {"type": "Point", "coordinates": [80.24096, 13.031733]}, "properties": {"stop_id": "anWZyaGW", "stop_name": "Nandanam Metro"}}, {"type": "Feature", "geometry": {"type": "Point", "coordinates": [80.143336, 13.263432]}, "properties": {"stop_id": "lyEtzViy", "stop_name": "Siddhi Vinayagar Temple"}}, {"type": "Feature", "geometry": {"type": "Point", "coordinates": [79.907743, 13.088612]}, "properties": {"stop_id": "uuMvuwVk", "stop_name": "Melnallathur"}}, {"type": "Feature", "geometry": {"type": "Point", "coordinates": [80.269838, 13.201575]}, "properties": {"stop_id": "ILgjTtXh", "stop_name": "Vichoor Echakuzhi"}}, {"type": "Feature", "geometry": {"type": "Point", "coordinates": [80.09139, 13.101621]}, "properties": {"stop_id": "kEIvmolg", "stop_name": "VGV Nagar"}}, {"type": "Feature", "geometry": {"type": "Point", "coordinates": [80.275319, 13.098165]}, "properties": {"stop_id": "znFDupZg", "stop_name": "Thirupalli Street"}}, {"type": "Feature", "geometry": {"type": "Point", "coordinates": [80.147265, 12.922705]}, "properties": {"stop_id": "LhQSpAzy", "stop_name": "Mahalakshmi Nagar"}}, {"type": "Feature", "geometry": {"type": "Point", "coordinates": [80.192882, 12.917195]}, "properties": {"stop_id": "mhTYFecR", "stop_name": "Medavakkam Junction"}}, {"type": "Feature", "geometry": {"type": "Point", "coordinates": [80.256188, 12.960956]}, "properties": {"stop_id": "tndfGrTh", "stop_name": "Palavakkam"}}, {"type": "Feature", "geometry": {"type": "Point", "coordinates": [80.211296, 13.057413]}, "properties": {"stop_id": "dbPZeeiE", "stop_name": "Thiru Nagar"}}, {"type": "Feature", "geometry": {"type": "Point", "coordinates": [80.22764, 13.126371]}, "properties": {"stop_id": "GnQdXosz", "stop_name": "Peravallur Kumaran Nagar"}}, {"type": "Feature", "geometry": {"type": "Point", "coordinates": [80.223579, 13.08501]}, "properties": {"stop_id": "IATYolYz", "stop_name": "Giriyas"}}, {"type": "Feature", "geometry": {"type": "Point", "coordinates": [80.25864, 13.163535]}, "properties": {"stop_id": "dKSFzIqs", "stop_name": "Manali Market"}}, {"type": "Feature", "geometry": {"type": "Point", "coordinates": [80.060062, 12.982616]}, "properties": {"stop_id": "hasgHIpb", "stop_name": "Azhagesa Nagar"}}, {"type": "Feature", "geometry": {"type": "Point", "coordinates": [80.256984, 13.045833]}, "properties": {"stop_id": "lpqoYdNq", "stop_name": "Chola Hotel Or Music Academy"}}, {"type": "Feature", "geometry": {"type": "Point", "coordinates": [80.261634, 13.048175]}, "properties": {"stop_id": "jgXkfKmE", "stop_name": "Gopalapuram"}}, {"type": "Feature", "geometry": {"type": "Point", "coordinates": [80.17473, 13.204505]}, "properties": {"stop_id": "AJLJQqsT", "stop_name": "Padianallur"}}, {"type": "Feature", "geometry": {"type": "Point", "coordinates": [80.164007, 12.935747]}, "properties": {"stop_id": "XXnkNquo", "stop_name": "Aradhana Supermarket"}}, {"type": "Feature", "geometry": {"type": "Point", "coordinates": [80.212614, 13.031858]}, "properties": {"stop_id": "CvtLjMFW", "stop_name": "KK Nagar Telephone Exchange Jaffarkhanpet"}}, {"type": "Feature", "geometry": {"type": "Point", "coordinates": [80.230614, 13.074656]}, "properties": {"stop_id": "CfleTooC", "stop_name": "Aminjikarai Market"}}, {"type": "Feature", "geometry": {"type": "Point", "coordinates": [79.93729, 12.870517]}, "properties": {"stop_id": "cGObbHGv", "stop_name": "Mathur"}}, {"type": "Feature", "geometry": {"type": "Point", "coordinates": [80.189934, 12.884423]}, "properties": {"stop_id": "ubEwIGdf", "stop_name": "Sithalapakkam Mani Kadai"}}, {"type": "Feature", "geometry": {"type": "Point", "coordinates": [80.082701, 13.052789]}, "properties": {"stop_id": "riNnsYaQ", "stop_name": "Varadharajapuram"}}, {"type": "Feature", "geometry": {"type": "Point", "coordinates": [80.212365, 13.309768]}, "properties": {"stop_id": "MmDOtEna", "stop_name": "Uthandi Kandigai"}}, {"type": "Feature", "geometry": {"type": "Point", "coordinates": [80.213762, 13.298398]}, "properties": {"stop_id": "aRwBTLyd", "stop_name": "Sanarpalayam"}}, {"type": "Feature", "geometry": {"type": "Point", "coordinates": [79.907516, 13.094814]}, "properties": {"stop_id": "PNxpREZf", "stop_name": "Killnallathur"}}, {"type": "Feature", "geometry": {"type": "Point", "coordinates": [80.023276, 12.799495]}, "properties": {"stop_id": "ZgqhsueA", "stop_name": "Maraimalai Nagar"}}, {"type": "Feature", "geometry": {"type": "Point", "coordinates": [80.222366, 13.12389]}, "properties": {"stop_id": "PpWfKRbL", "stop_name": "Welding Shop Kolathur"}}, {"type": "Feature", "geometry": {"type": "Point", "coordinates": [80.241243, 13.05222]}, "properties": {"stop_id": "ZHaurlhr", "stop_name": "Vidyodaya School"}}, {"type": "Feature", "geometry": {"type": "Point", "coordinates": [80.275603, 13.082013]}, "properties": {"stop_id": "gzZgDndk", "stop_name": "MGR Central Station"}}, {"type": "Feature", "geometry": {"type": "Point", "coordinates": [80.236752, 13.1424]}, "properties": {"stop_id": "NfeOUEsA", "stop_name": "Madhavaram Post Box"}}, {"type": "Feature", "geometry": {"type": "Point", "coordinates": [80.255822, 12.988723]}, "properties": {"stop_id": "cNypyxpr", "stop_name": "Jayanthi Theatre"}}, {"type": "Feature", "geometry": {"type": "Point", "coordinates": [80.207969, 12.848438]}, "properties": {"stop_id": "ZYCVVmjG", "stop_name": "Thalambur Road Junction"}}, {"type": "Feature", "geometry": {"type": "Point", "coordinates": [80.154476, 13.050273]}, "properties": {"stop_id": "HcTtvFSJ", "stop_name": "Caption T V Office"}}, {"type": "Feature", "geometry": {"type": "Point", "coordinates": [80.292943, 13.136162]}, "properties": {"stop_id": "DnuSZFVZ", "stop_name": "Cross Road Toll Gate"}}, {"type": "Feature", "geometry": {"type": "Point", "coordinates": [80.224989, 13.042152]}, "properties": {"stop_id": "WweXYmbm", "stop_name": "Vrindavan Street"}}, {"type": "Feature", "geometry": {"type": "Point", "coordinates": [80.057769, 13.096293]}, "properties": {"stop_id": "clVXMHJf", "stop_name": "JJ Nagar Thandurai"}}, {"type": "Feature", "geometry": {"type": "Point", "coordinates": [79.847805, 12.81329]}, "properties": {"stop_id": "KjUtPMMe", "stop_name": "Nathanallur"}}, {"type": "Feature", "geometry": {"type": "Point", "coordinates": [80.208852, 12.75976]}, "properties": {"stop_id": "iZfXNAue", "stop_name": "Vijaya Shanthi Lotus Pond"}}, {"type": "Feature", "geometry": {"type": "Point", "coordinates": [80.151798, 12.92262]}, "properties": {"stop_id": "ykEzhWPm", "stop_name": "Rajakilpakkam"}}, {"type": "Feature", "geometry": {"type": "Point", "coordinates": [80.28284, 13.327479]}, "properties": {"stop_id": "kOphzTYx", "stop_name": "Thiru Vellivoyal Government School"}}, {"type": "Feature", "geometry": {"type": "Point", "coordinates": [80.268069, 13.034324]}, "properties": {"stop_id": "HYfXIyFk", "stop_name": "Mylapore Tank"}}, {"type": "Feature", "geometry": {"type": "Point", "coordinates": [80.001332, 12.755399]}, "properties": {"stop_id": "DZhNCgqR", "stop_name": "Tirutheri"}}, {"type": "Feature", "geometry": {"type": "Point", "coordinates": [80.009292, 13.174428]}, "properties": {"stop_id": "LCJSaMch", "stop_name": "Puliyur"}}, {"type": "Feature", "geometry": {"type": "Point", "coordinates": [80.033716, 13.219082]}, "properties": {"stop_id": "LuAURVPA", "stop_name": "Sivan Koil"}}, {"type": "Feature", "geometry": {"type": "Point", "coordinates": [80.130007, 13.084994]}, "properties": {"stop_id": "oPeQOpNY", "stop_name": "Periya Koladi Road"}}, {"type": "Feature", "geometry": {"type": "Point", "coordinates": [80.103405, 13.128641]}, "properties": {"stop_id": "VPUbGzfh", "stop_name": "Bharathiyar Nagar"}}, {"type": "Feature", "geometry": {"type": "Point", "coordinates": [80.123856, 13.010971]}, "properties": {"stop_id": "ZuDlysuz", "stop_name": "Chekkady"}}, {"type": "Feature", "geometry": {"type": "Point", "coordinates": [80.268889, 13.075528]}, "properties": {"stop_id": "WqMESkMM", "stop_name": "Potti Kadai"}}, {"type": "Feature", "geometry": {"type": "Point", "coordinates": [80.1094, 13.207913]}, "properties": {"stop_id": "LroBKvWh", "stop_name": "Alamathi"}}, {"type": "Feature", "geometry": {"type": "Point", "coordinates": [80.226644, 12.860519]}, "properties": {"stop_id": "RyhuDLev", "stop_name": "Semmancheri"}}, {"type": "Feature", "geometry": {"type": "Point", "coordinates": [80.220524, 13.193214]}, "properties": {"stop_id": "etntpIwb", "stop_name": "Vilangadupakkam"}}, {"type": "Feature", "geometry": {"type": "Point", "coordinates": [80.240585, 12.818373]}, "properties": {"stop_id": "lndqhzzh", "stop_name": "Panjabur or Yellow board"}}, {"type": "Feature", "geometry": {"type": "Point", "coordinates": [80.075651, 13.046858]}, "properties": {"stop_id": "XuFnwsQn", "stop_name": "Panimalar College"}}, {"type": "Feature", "geometry": {"type": "Point", "coordinates": [80.178113, 13.042079]}, "properties": {"stop_id": "GmRorurF", "stop_name": "Kesavardhini"}}, {"type": "Feature", "geometry": {"type": "Point", "coordinates": [80.184562, 13.096531]}, "properties": {"stop_id": "xyEkzzzh", "stop_name": "Vanniyar St"}}, {"type": "Feature", "geometry": {"type": "Point", "coordinates": [80.218293, 13.090137]}, "properties": {"stop_id": "GhNbXpjs", "stop_name": "14 Shop Complex"}}, {"type": "Feature", "geometry": {"type": "Point", "coordinates": [80.30032, 13.402276]}, "properties": {"stop_id": "ZbMvdFLw", "stop_name": "Andarmadam"}}, {"type": "Feature", "geometry": {"type": "Point", "coordinates": [80.168288, 13.038848]}, "properties": {"stop_id": "uuIZngLh", "stop_name": "Jai Garden"}}, {"type": "Feature", "geometry": {"type": "Point", "coordinates": [80.086227, 13.118734]}, "properties": {"stop_id": "ZOuLYtJj", "stop_name": "Kavarapalayam"}}, {"type": "Feature", "geometry": {"type": "Point", "coordinates": [80.166243, 12.981409]}, "properties": {"stop_id": "jaCrAUFK", "stop_name": "Thirusoolam National Airport"}}, {"type": "Feature", "geometry": {"type": "Point", "coordinates": [80.185808, 13.142807]}, "properties": {"stop_id": "zTUODYgn", "stop_name": "Sivaprakasam Nagar"}}, {"type": "Feature", "geometry": {"type": "Point", "coordinates": [80.032287, 12.949324]}, "properties": {"stop_id": "SoTLWNOq", "stop_name": "Somangalam"}}, {"type": "Feature", "geometry": {"type": "Point", "coordinates": [80.05458, 12.965217]}, "properties": {"stop_id": "QepDUjLI", "stop_name": "Sri Sellai Amman Kovil"}}, {"type": "Feature", "geometry": {"type": "Point", "coordinates": [80.171568, 13.254335]}, "properties": {"stop_id": "TatGKSDD", "stop_name": "Sothupermedu"}}, {"type": "Feature", "geometry": {"type": "Point", "coordinates": [80.143014, 12.941876]}, "properties": {"stop_id": "tNjBpHdR", "stop_name": "Kumaran Kundram"}}, {"type": "Feature", "geometry": {"type": "Point", "coordinates": [80.259186, 13.096801]}, "properties": {"stop_id": "rWiIOjNx", "stop_name": "Pattalam"}}, {"type": "Feature", "geometry": {"type": "Point", "coordinates": [80.100365, 13.006525]}, "properties": {"stop_id": "hNvVhacI", "stop_name": "Kolachery"}}, {"type": "Feature", "geometry": {"type": "Point", "coordinates": [80.246845, 13.078297]}, "properties": {"stop_id": "mTbspdLq", "stop_name": "Neyveli House"}}, {"type": "Feature", "geometry": {"type": "Point", "coordinates": [80.31693, 13.185614]}, "properties": {"stop_id": "LjPncvCg", "stop_name": "Barathiyar Nagar"}}, {"type": "Feature", "geometry": {"type": "Point", "coordinates": [80.123713, 12.845938]}, "properties": {"stop_id": "vesqHHzA", "stop_name": "Nallambakkam"}}, {"type": "Feature", "geometry": {"type": "Point", "coordinates": [80.24069, 12.841543]}, "properties": {"stop_id": "SvkqEtGw", "stop_name": "Meera Nagar"}}, {"type": "Feature", "geometry": {"type": "Point", "coordinates": [80.033195, 13.071247]}, "properties": {"stop_id": "BoavYDPS", "stop_name": "Coca Cola Company"}}, {"type": "Feature", "geometry": {"type": "Point", "coordinates": [80.194635, 13.453895]}, "properties": {"stop_id": "hGZrWSlb", "stop_name": "Pananjalai"}}, {"type": "Feature", "geometry": {"type": "Point", "coordinates": [80.137565, 12.711558]}, "properties": {"stop_id": "uiqniiby", "stop_name": "Sunnambu Kalvai"}}, {"type": "Feature", "geometry": {"type": "Point", "coordinates": [80.249157, 13.126323]}, "properties": {"stop_id": "GuhaYkFL", "stop_name": "Pavithra Hospital"}}, {"type": "Feature", "geometry": {"type": "Point", "coordinates": [80.152622, 12.967389]}, "properties": {"stop_id": "DgeiAShx", "stop_name": "Pallavaram Railway Station"}}, {"type": "Feature", "geometry": {"type": "Point", "coordinates": [80.223743, 12.704962]}, "properties": {"stop_id": "nsdRxeeS", "stop_name": "Sulerikadu"}}, {"type": "Feature", "geometry": {"type": "Point", "coordinates": [80.000886, 13.430477]}, "properties": {"stop_id": "YlKnpIom", "stop_name": "Nomalur Colony"}}, {"type": "Feature", "geometry": {"type": "Point", "coordinates": [80.211007, 13.102092]}, "properties": {"stop_id": "NJSgWoOc", "stop_name": "Kallukkadai"}}, {"type": "Feature", "geometry": {"type": "Point", "coordinates": [80.127617, 13.02096]}, "properties": {"stop_id": "nbddTMrG", "stop_name": "Paraniputhur"}}, {"type": "Feature", "geometry": {"type": "Point", "coordinates": [80.097564, 13.056744]}, "properties": {"stop_id": "CGfCHyje", "stop_name": "Pattaberam Road"}}, {"type": "Feature", "geometry": {"type": "Point", "coordinates": [79.401379, 12.911002]}, "properties": {"stop_id": "DloyTqLq", "stop_name": "Wallaja Toll Plaza"}}, {"type": "Feature", "geometry": {"type": "Point", "coordinates": [80.286174, 13.09351]}, "properties": {"stop_id": "LTDgdyOW", "stop_name": "Loyer Square Or Univesity Club Minerva"}}, {"type": "Feature", "geometry": {"type": "Point", "coordinates": [80.197102, 13.007294]}, "properties": {"stop_id": "bOiSLYGO", "stop_name": "Butt Road"}}, {"type": "Feature", "geometry": {"type": "Point", "coordinates": [80.271979, 13.169788]}, "properties": {"stop_id": "IuRRuHdp", "stop_name": "MFL Labour Gate"}}, {"type": "Feature", "geometry": {"type": "Point", "coordinates": [80.195824, 13.075332]}, "properties": {"stop_id": "xiCfcAgb", "stop_name": "Rohini Theatre"}}, {"type": "Feature", "geometry": {"type": "Point", "coordinates": [80.240108, 12.940077]}, "properties": {"stop_id": "NywKsdyg", "stop_name": "Kumaran Kudi"}}, {"type": "Feature", "geometry": {"type": "Point", "coordinates": [80.179152, 13.199032]}, "properties": {"stop_id": "ygaPVVOX", "stop_name": "Mondiyaman Nagar"}}, {"type": "Feature", "geometry": {"type": "Point", "coordinates": [80.053981, 12.775291]}, "properties": {"stop_id": "OrpTuTll", "stop_name": "Karuneelam Road Junction"}}, {"type": "Feature", "geometry": {"type": "Point", "coordinates": [80.013674, 13.153628]}, "properties": {"stop_id": "zPRLnBWY", "stop_name": "Anthiur Palayam"}}, {"type": "Feature", "geometry": {"type": "Point", "coordinates": [80.102713, 13.018087]}, "properties": {"stop_id": "PrwDPVMa", "stop_name": "Sikkarayapuram"}}, {"type": "Feature", "geometry": {"type": "Point", "coordinates": [80.108607, 13.11153]}, "properties": {"stop_id": "UhAwQaaX", "stop_name": "JB Estate"}}, {"type": "Feature", "geometry": {"type": "Point", "coordinates": [80.090787, 13.007125]}, "properties": {"stop_id": "RTRcFCMg", "stop_name": "Kundrathur Lake View Road"}}, {"type": "Feature", "geometry": {"type": "Point", "coordinates": [80.227953, 13.163223]}, "properties": {"stop_id": "PspudWCJ", "stop_name": "Manjampakkam Or Petrol Pump"}}, {"type": "Feature", "geometry": {"type": "Point", "coordinates": [80.207655, 13.103092]}, "properties": {"stop_id": "JGbfxLUL", "stop_name": "Kalpana Hotel"}}, {"type": "Feature", "geometry": {"type": "Point", "coordinates": [79.848677, 13.03623]}, "properties": {"stop_id": "bEntPTsf", "stop_name": "Mettum Nagar"}}, {"type": "Feature", "geometry": {"type": "Point", "coordinates": [80.290135, 13.171357]}, "properties": {"stop_id": "sUAChhLU", "stop_name": "Karkil Puram"}}, {"type": "Feature", "geometry": {"type": "Point", "coordinates": [80.123659, 13.053506]}, "properties": {"stop_id": "JXJZtHSD", "stop_name": "Saveetha Hospital"}}, {"type": "Feature", "geometry": {"type": "Point", "coordinates": [80.025055, 12.919392]}, "properties": {"stop_id": "yTlhXKos", "stop_name": "Pushpagiri"}}, {"type": "Feature", "geometry": {"type": "Point", "coordinates": [80.005575, 13.090328]}, "properties": {"stop_id": "IpOsGrUQ", "stop_name": "Puduchatram Bridge"}}, {"type": "Feature", "geometry": {"type": "Point", "coordinates": [80.272502, 13.218215]}, "properties": {"stop_id": "UxPxrYmy", "stop_name": "Nappalayam"}}, {"type": "Feature", "geometry": {"type": "Point", "coordinates": [80.254864, 13.080794]}, "properties": {"stop_id": "FmTbQszJ", "stop_name": "Dharma Prakash Or MCTM School"}}, {"type": "Feature", "geometry": {"type": "Point", "coordinates": [80.09943, 13.154527]}, "properties": {"stop_id": "JJzKKoaf", "stop_name": "Kannadapalayam Junction"}}, {"type": "Feature", "geometry": {"type": "Point", "coordinates": [80.232271, 13.119618]}, "properties": {"stop_id": "DYKvrufv", "stop_name": "Thiruvika Nagar Bus Depot"}}, {"type": "Feature", "geometry": {"type": "Point", "coordinates": [80.115215, 13.04397]}, "properties": {"stop_id": "PNUwxzRj", "stop_name": "Kumananchavadi"}}, {"type": "Feature", "geometry": {"type": "Point", "coordinates": [80.200282, 12.846901]}, "properties": {"stop_id": "YKGBeVKa", "stop_name": "Thalambur"}}, {"type": "Feature", "geometry": {"type": "Point", "coordinates": [80.192847, 13.038109]}, "properties": {"stop_id": "kYpOneyC", "stop_name": "Nesapakkam"}}, {"type": "Feature", "geometry": {"type": "Point", "coordinates": [80.219444, 13.201232]}, "properties": {"stop_id": "HAzkMqyk", "stop_name": "Nagathamman Kovil"}}, {"type": "Feature", "geometry": {"type": "Point", "coordinates": [80.187082, 13.081443]}, "properties": {"stop_id": "cJinKFJn", "stop_name": "Pari Salai"}}, {"type": "Feature", "geometry": {"type": "Point", "coordinates": [80.19493, 13.073309]}, "properties": {"stop_id": "FxdGzEpZ", "stop_name": "Koyambedu Metro"}}, {"type": "Feature", "geometry": {"type": "Point", "coordinates": [80.061004, 13.109561]}, "properties": {"stop_id": "XeinAhyy", "stop_name": "Thandurai Pond"}}, {"type": "Feature", "geometry": {"type": "Point", "coordinates": [80.200735, 13.003972]}, "properties": {"stop_id": "OpgRCgWV", "stop_name": "Alandur Metro"}}, {"type": "Feature", "geometry": {"type": "Point", "coordinates": [80.159096, 13.076921]}, "properties": {"stop_id": "losuIFuX", "stop_name": "Iswarya Nagar Junction"}}, {"type": "Feature", "geometry": {"type": "Point", "coordinates": [80.169798, 13.094889]}, "properties": {"stop_id": "paIawFeA", "stop_name": "Ambattur IT Park"}}, {"type": "Feature", "geometry": {"type": "Point", "coordinates": [80.085855, 12.89229]}, "properties": {"stop_id": "BLvXEzeq", "stop_name": "Vandalur Gate"}}, {"type": "Feature", "geometry": {"type": "Point", "coordinates": [80.32809, 13.306784]}, "properties": {"stop_id": "KLSPMOeO", "stop_name": "Kattupalli Village"}}, {"type": "Feature", "geometry": {"type": "Point", "coordinates": [80.2934, 13.404405]}, "properties": {"stop_id": "qNguppPl", "stop_name": "Andarmadam School"}}, {"type": "Feature", "geometry": {"type": "Point", "coordinates": [80.036507, 13.133402]}, "properties": {"stop_id": "QYkjMXrW", "stop_name": "Natthamedu"}}, {"type": "Feature", "geometry": {"type": "Point", "coordinates": [80.199802, 13.186533]}, "properties": {"stop_id": "RtYHfABF", "stop_name": "Vadakarai"}}, {"type": "Feature", "geometry": {"type": "Point", "coordinates": [80.085239, 12.893025]}, "properties": {"stop_id": "EEOGpCEL", "stop_name": "Vandalur Gate"}}, {"type": "Feature", "geometry": {"type": "Point", "coordinates": [79.938631, 12.949136]}, "properties": {"stop_id": "zMSEqitx", "stop_name": "Nokia"}}, {"type": "Feature", "geometry": {"type": "Point", "coordinates": [80.243633, 12.868926]}, "properties": {"stop_id": "ZFSCrBEp", "stop_name": "Uthandi"}}, {"type": "Feature", "geometry": {"type": "Point", "coordinates": [80.032074, 13.312054]}, "properties": {"stop_id": "jLrhssle", "stop_name": "Ariyapakkam"}}, {"type": "Feature", "geometry": {"type": "Point", "coordinates": [80.227559, 12.900849]}, "properties": {"stop_id": "jQytwadI", "stop_name": "Sholinganallur"}}, {"type": "Feature", "geometry": {"type": "Point", "coordinates": [80.133415, 13.299948]}, "properties": {"stop_id": "tpbgDvvo", "stop_name": "Keelameni"}}, {"type": "Feature", "geometry": {"type": "Point", "coordinates": [80.133023, 13.020449]}, "properties": {"stop_id": "cVdFBbsW", "stop_name": "Murugan Kovil Mangadu"}}, {"type": "Feature", "geometry": {"type": "Point", "coordinates": [80.288254, 13.080017]}, "properties": {"stop_id": "drmArhka", "stop_name": "Secretariat"}}, {"type": "Feature", "geometry": {"type": "Point", "coordinates": [80.010518, 12.776879]}, "properties": {"stop_id": "TabXWeiJ", "stop_name": "Keelkaranai"}}, {"type": "Feature", "geometry": {"type": "Point", "coordinates": [80.283633, 13.065408]}, "properties": {"stop_id": "pSVDMeCH", "stop_name": "Madras University"}}, {"type": "Feature", "geometry": {"type": "Point", "coordinates": [79.932635, 12.916746]}, "properties": {"stop_id": "EllpaOUu", "stop_name": "Therasapuram"}}, {"type": "Feature", "geometry": {"type": "Point", "coordinates": [80.086182, 13.14621]}, "properties": {"stop_id": "drCNaUUd", "stop_name": "Brindavan Nagar"}}, {"type": "Feature", "geometry": {"type": "Point", "coordinates": [80.141247, 12.893383]}, "properties": {"stop_id": "AesbwnPs", "stop_name": "Thiruvanchery"}}, {"type": "Feature", "geometry": {"type": "Point", "coordinates": [80.249617, 13.055007]}, "properties": {"stop_id": "AHQzSmld", "stop_name": "M O P Vaishnava College"}}, {"type": "Feature", "geometry": {"type": "Point", "coordinates": [80.227253, 13.022974]}, "properties": {"stop_id": "ItndWSiW", "stop_name": "Saidapet"}}, {"type": "Feature", "geometry": {"type": "Point", "coordinates": [80.290181, 13.125129]}, "properties": {"stop_id": "VgJVIrkG", "stop_name": "Varadharaja Perumal Koil"}}, {"type": "Feature", "geometry": {"type": "Point", "coordinates": [80.179818, 13.484943]}, "properties": {"stop_id": "FgmIokcD", "stop_name": "Poongulam Colony"}}, {"type": "Feature", "geometry": {"type": "Point", "coordinates": [80.189397, 12.806125]}, "properties": {"stop_id": "sPGYwoyj", "stop_name": "Anjaneyar Temple Pudupakkam"}}, {"type": "Feature", "geometry": {"type": "Point", "coordinates": [80.12403, 13.262257]}, "properties": {"stop_id": "ZsNhjIbg", "stop_name": "Thanakulam"}}, {"type": "Feature", "geometry": {"type": "Point", "coordinates": [80.198033, 12.896534]}, "properties": {"stop_id": "LrboGrTs", "stop_name": "Plaza Quarters"}}, {"type": "Feature", "geometry": {"type": "Point", "coordinates": [80.104369, 13.019939]}, "properties": {"stop_id": "BKywSEpu", "stop_name": "Muthukumaran Hospital"}}, {"type": "Feature", "geometry": {"type": "Point", "coordinates": [80.253344, 13.067677]}, "properties": {"stop_id": "IdWZOznf", "stop_name": "D P I"}}, {"type": "Feature", "geometry": {"type": "Point", "coordinates": [80.140562, 12.951624]}, "properties": {"stop_id": "ywuGpANM", "stop_name": "Chromepet"}}, {"type": "Feature", "geometry": {"type": "Point", "coordinates": [80.097089, 12.923204]}, "properties": {"stop_id": "jgCiOeaN", "stop_name": "Vettri Nagar"}}, {"type": "Feature", "geometry": {"type": "Point", "coordinates": [80.199785, 12.858671]}, "properties": {"stop_id": "bJQxNaqG", "stop_name": "Karanai"}}, {"type": "Feature", "geometry": {"type": "Point", "coordinates": [80.237527, 12.943733]}, "properties": {"stop_id": "xbhuXgnr", "stop_name": "Infoview Thoraipakkam"}}, {"type": "Feature", "geometry": {"type": "Point", "coordinates": [80.197568, 13.087323]}, "properties": {"stop_id": "PIUpvPaY", "stop_name": "Thirumangalam EB Office"}}, {"type": "Feature", "geometry": {"type": "Point", "coordinates": [80.19134, 13.031534]}, "properties": {"stop_id": "BspMHRhr", "stop_name": "Nesapakkam MGR Statue"}}, {"type": "Feature", "geometry": {"type": "Point", "coordinates": [80.135964, 12.978586]}, "properties": {"stop_id": "gKGqSXsa", "stop_name": "Pammal Iyyappan Nagar"}}, {"type": "Feature", "geometry": {"type": "Point", "coordinates": [80.204153, 13.057383]}, "properties": {"stop_id": "ssCuUaaJ", "stop_name": "Dasarathapuram"}}, {"type": "Feature", "geometry": {"type": "Point", "coordinates": [80.153549, 12.768668]}, "properties": {"stop_id": "pMQyFYNH", "stop_name": "Chinna Kayar"}}, {"type": "Feature", "geometry": {"type": "Point", "coordinates": [80.025537, 13.112775]}, "properties": {"stop_id": "vUtsOMRz", "stop_name": "Mettu Street Thiruninravur"}}, {"type": "Feature", "geometry": {"type": "Point", "coordinates": [80.217969, 13.081805]}, "properties": {"stop_id": "udNzSSji", "stop_name": "Aminjikarai Police Station"}}, {"type": "Feature", "geometry": {"type": "Point", "coordinates": [80.216965, 13.084752]}, "properties": {"stop_id": "VJibZvbS", "stop_name": "Anna Nagar Roundtana"}}, {"type": "Feature", "geometry": {"type": "Point", "coordinates": [80.156355, 12.937395]}, "properties": {"stop_id": "gcDZQasu", "stop_name": "Auto Stand"}}, {"type": "Feature", "geometry": {"type": "Point", "coordinates": [80.279749, 13.043071]}, "properties": {"stop_id": "VQMcZIwA", "stop_name": "D G P Office"}}, {"type": "Feature", "geometry": {"type": "Point", "coordinates": [80.276324, 13.022358]}, "properties": {"stop_id": "SyufMOPd", "stop_name": "Foreshore Estate Bus Terminus"}}, {"type": "Feature", "geometry": {"type": "Point", "coordinates": [80.287157, 13.135883]}, "properties": {"stop_id": "ILhcwFfS", "stop_name": "Prince Villege"}}, {"type": "Feature", "geometry": {"type": "Point", "coordinates": [80.016105, 12.979395]}, "properties": {"stop_id": "hXVJsXkF", "stop_name": "Govt High School Katrambakkam"}}, {"type": "Feature", "geometry": {"type": "Point", "coordinates": [80.1205, 12.923398]}, "properties": {"stop_id": "slfxTuih", "stop_name": "Tambaram East Bus Stop"}}, {"type": "Feature", "geometry": {"type": "Point", "coordinates": [80.194262, 12.916937]}, "properties": {"stop_id": "bmqZcfhO", "stop_name": "Medavakkam Junction"}}, {"type": "Feature", "geometry": {"type": "Point", "coordinates": [80.219353, 13.074897]}, "properties": {"stop_id": "JYrrjUtU", "stop_name": "Ampa Skywalk Or Arun Hotel"}}, {"type": "Feature", "geometry": {"type": "Point", "coordinates": [80.046995, 12.918795]}, "properties": {"stop_id": "yObWvrcA", "stop_name": "Aladi Amman Kovil"}}, {"type": "Feature", "geometry": {"type": "Point", "coordinates": [80.210038, 12.977795]}, "properties": {"stop_id": "AhxTjgzS", "stop_name": "Ags 4Th Cross St"}}, {"type": "Feature", "geometry": {"type": "Point", "coordinates": [80.152158, 13.10784]}, "properties": {"stop_id": "gKoyUmab", "stop_name": "Dr BR Ambedkar Statue"}}, {"type": "Feature", "geometry": {"type": "Point", "coordinates": [79.953315, 13.321645]}, "properties": {"stop_id": "ApUtMocY", "stop_name": "Ellampettai"}}, {"type": "Feature", "geometry": {"type": "Point", "coordinates": [80.32713, 13.220224]}, "properties": {"stop_id": "ZTCNsviV", "stop_name": "Thalan Kuppam"}}, {"type": "Feature", "geometry": {"type": "Point", "coordinates": [80.263116, 13.018887]}, "properties": {"stop_id": "TNZDhyQb", "stop_name": "Music College Annamalai Puram"}}, {"type": "Feature", "geometry": {"type": "Point", "coordinates": [80.264351, 13.162038]}, "properties": {"stop_id": "zoqWMrrO", "stop_name": "Manali Metro Water"}}, {"type": "Feature", "geometry": {"type": "Point", "coordinates": [80.153785, 13.075449]}, "properties": {"stop_id": "mkJuKiBe", "stop_name": "Three Statue Ayanambakkam"}}, {"type": "Feature", "geometry": {"type": "Point", "coordinates": [80.285554, 13.119459]}, "properties": {"stop_id": "bRAzuzSs", "stop_name": "Maharani Post Office"}}, {"type": "Feature", "geometry": {"type": "Point", "coordinates": [80.086198, 12.893236]}, "properties": {"stop_id": "gGkadTNm", "stop_name": "Vandalur Gate"}}, {"type": "Feature", "geometry": {"type": "Point", "coordinates": [80.236727, 13.142269]}, "properties": {"stop_id": "idAQxYim", "stop_name": "Madhavaram Post Box"}}, {"type": "Feature", "geometry": {"type": "Point", "coordinates": [80.222813, 12.795947]}, "properties": {"stop_id": "bzkCWXwV", "stop_name": "Chettinad Hospital"}}, {"type": "Feature", "geometry": {"type": "Point", "coordinates": [80.187393, 12.961704]}, "properties": {"stop_id": "ULIlEdjB", "stop_name": "Ganesh Nagar"}}, {"type": "Feature", "geometry": {"type": "Point", "coordinates": [80.273922, 13.072048]}, "properties": {"stop_id": "zAVZRYih", "stop_name": "Mayor Kabali Moorthy Road"}}, {"type": "Feature", "geometry": {"type": "Point", "coordinates": [80.096447, 12.906403]}, "properties": {"stop_id": "ALhaazBT", "stop_name": "Perungalattur"}}, {"type": "Feature", "geometry": {"type": "Point", "coordinates": [80.167147, 13.081661]}, "properties": {"stop_id": "PITuJYqk", "stop_name": "DR Supermarket Mogapair West"}}, {"type": "Feature", "geometry": {"type": "Point", "coordinates": [80.274819, 13.255268]}, "properties": {"stop_id": "IbNLqAKw", "stop_name": "Pattamandiri"}}, {"type": "Feature", "geometry": {"type": "Point", "coordinates": [80.126528, 13.083616]}, "properties": {"stop_id": "LoyIFaGV", "stop_name": "Koladi School"}}, {"type": "Feature", "geometry": {"type": "Point", "coordinates": [80.066982, 13.191559]}, "properties": {"stop_id": "nPcSKLPs", "stop_name": "Pandeshwaram"}}, {"type": "Feature", "geometry": {"type": "Point", "coordinates": [80.23286, 12.950127]}, "properties": {"stop_id": "wMslsCeS", "stop_name": "Chennai One IT SEZ"}}, {"type": "Feature", "geometry": {"type": "Point", "coordinates": [80.149629, 12.968695]}, "properties": {"stop_id": "EKYbCcms", "stop_name": "Pallavaram"}}, {"type": "Feature", "geometry": {"type": "Point", "coordinates": [80.139457, 12.981996]}, "properties": {"stop_id": "uypYDUnA", "stop_name": "Venkateswara Nagar"}}, {"type": "Feature", "geometry": {"type": "Point", "coordinates": [80.151757, 12.9228]}, "properties": {"stop_id": "tyrVGRMU", "stop_name": "Rajakilpakkam"}}, {"type": "Feature", "geometry": {"type": "Point", "coordinates": [79.922286, 13.159528]}, "properties": {"stop_id": "eViNbjWB", "stop_name": "Ekkadu CSI Hospital"}}, {"type": "Feature", "geometry": {"type": "Point", "coordinates": [80.029872, 12.960513]}, "properties": {"stop_id": "bbltEnah", "stop_name": "Nallur"}}, {"type": "Feature", "geometry": {"type": "Point", "coordinates": [80.181031, 13.078419]}, "properties": {"stop_id": "HsdaZYKr", "stop_name": "Church Road"}}, {"type": "Feature", "geometry": {"type": "Point", "coordinates": [80.1296, 13.0116]}, "properties": {"stop_id": "aGRhAFxn", "stop_name": "Illakkiya Thirumanamandapam"}}, {"type": "Feature", "geometry": {"type": "Point", "coordinates": [80.002431, 13.191845]}, "properties": {"stop_id": "WUuNWUBH", "stop_name": "Vathattur"}}, {"type": "Feature", "geometry": {"type": "Point", "coordinates": [80.248517, 13.071517]}, "properties": {"stop_id": "ZAvLUFLU", "stop_name": "Tuberculosis Institude Or R T O Office Chetpet"}}, {"type": "Feature", "geometry": {"type": "Point", "coordinates": [80.074101, 13.14707]}, "properties": {"stop_id": "JoqesOWP", "stop_name": "Avadi Air Force Main Gate"}}, {"type": "Feature", "geometry": {"type": "Point", "coordinates": [80.173684, 12.895549]}, "properties": {"stop_id": "adAJVrkD", "stop_name": "Noothancheri Cross Road"}}, {"type": "Feature", "geometry": {"type": "Point", "coordinates": [80.012184, 12.884686]}, "properties": {"stop_id": "FYojKDQC", "stop_name": "Salamangalam"}}, {"type": "Feature", "geometry": {"type": "Point", "coordinates": [80.025137, 12.792964]}, "properties": {"stop_id": "diAYwowt", "stop_name": "Balaji Mahal"}}, {"type": "Feature", "geometry": {"type": "Point", "coordinates": [80.004051, 13.015367]}, "properties": {"stop_id": "diQHouff", "stop_name": "Thandalam"}}, {"type": "Feature", "geometry": {"type": "Point", "coordinates": [80.15959, 12.832608]}, "properties": {"stop_id": "cgSMZptb", "stop_name": "Samathuvapuram"}}, {"type": "Feature", "geometry": {"type": "Point", "coordinates": [80.224069, 13.116447]}, "properties": {"stop_id": "PnlUHDyC", "stop_name": "Periyar Nagar Bus Terminal"}}, {"type": "Feature", "geometry": {"type": "Point", "coordinates": [80.218365, 12.901749]}, "properties": {"stop_id": "gHieypBQ", "stop_name": "HCL Company"}}, {"type": "Feature", "geometry": {"type": "Point", "coordinates": [80.13811, 12.892239]}, "properties": {"stop_id": "HDoiyQXO", "stop_name": "Vinayagar Temple"}}, {"type": "Feature", "geometry": {"type": "Point", "coordinates": [80.142652, 13.019115]}, "properties": {"stop_id": "ciAbSxQX", "stop_name": "Moulivakkam L And T"}}, {"type": "Feature", "geometry": {"type": "Point", "coordinates": [80.187884, 12.980682]}, "properties": {"stop_id": "wYGnXViz", "stop_name": "Roja Medical"}}, {"type": "Feature", "geometry": {"type": "Point", "coordinates": [80.139363, 13.249213]}, "properties": {"stop_id": "cdqhrjBE", "stop_name": "VGP Medu"}}, {"type": "Feature", "geometry": {"type": "Point", "coordinates": [80.195231, 12.948686]}, "properties": {"stop_id": "QhiYKyAt", "stop_name": "Sunnambu Kolathur"}}, {"type": "Feature", "geometry": {"type": "Point", "coordinates": [80.145476, 12.996142]}, "properties": {"stop_id": "QJzYlSpE", "stop_name": "Pallavaram Main Road"}}, {"type": "Feature", "geometry": {"type": "Point", "coordinates": [79.913976, 13.048045]}, "properties": {"stop_id": "HMbsFjDI", "stop_name": "Vishwaksena Arts and Science College"}}, {"type": "Feature", "geometry": {"type": "Point", "coordinates": [80.126764, 13.011454]}, "properties": {"stop_id": "YzEQqMkN", "stop_name": "R J C C Church"}}, {"type": "Feature", "geometry": {"type": "Point", "coordinates": [80.148982, 13.286743]}, "properties": {"stop_id": "AKFNXFCk", "stop_name": "Panchetti"}}, {"type": "Feature", "geometry": {"type": "Point", "coordinates": [80.149964, 12.714073]}, "properties": {"stop_id": "JGMtXKXa", "stop_name": "Illalur Junction"}}, {"type": "Feature", "geometry": {"type": "Point", "coordinates": [80.250935, 13.093273]}, "properties": {"stop_id": "CylWjYTC", "stop_name": "S S Or R K Puram"}}, {"type": "Feature", "geometry": {"type": "Point", "coordinates": [80.242292, 13.053805]}, "properties": {"stop_id": "KMDYeUKg", "stop_name": "Valluvar Kottam"}}, {"type": "Feature", "geometry": {"type": "Point", "coordinates": [80.19163, 13.184532]}, "properties": {"stop_id": "oXDhDxhT", "stop_name": "Ayurveda Ashramam"}}, {"type": "Feature", "geometry": {"type": "Point", "coordinates": [80.08696, 12.844597]}, "properties": {"stop_id": "jadHWhqA", "stop_name": "Kattur"}}, {"type": "Feature", "geometry": {"type": "Point", "coordinates": [80.233862, 13.143618]}, "properties": {"stop_id": "NoGATiBT", "stop_name": "Vathiyar Thottam"}}, {"type": "Feature", "geometry": {"type": "Point", "coordinates": [80.090943, 13.141037]}, "properties": {"stop_id": "IjFZQfFh", "stop_name": "Adam Gate"}}, {"type": "Feature", "geometry": {"type": "Point", "coordinates": [80.234714, 13.064561]}, "properties": {"stop_id": "jkmSVBKz", "stop_name": "Loyala College"}}, {"type": "Feature", "geometry": {"type": "Point", "coordinates": [80.159359, 12.954509]}, "properties": {"stop_id": "wHHoYczm", "stop_name": "Vels University"}}, {"type": "Feature", "geometry": {"type": "Point", "coordinates": [80.224934, 13.124673]}, "properties": {"stop_id": "wLgNQRvA", "stop_name": "Balaji Nagar"}}, {"type": "Feature", "geometry": {"type": "Point", "coordinates": [80.240193, 12.819465]}, "properties": {"stop_id": "pySAVSoY", "stop_name": "Panjabur or Yellow board"}}, {"type": "Feature", "geometry": {"type": "Point", "coordinates": [80.152931, 13.030637]}, "properties": {"stop_id": "wyEQXfIU", "stop_name": "Porur E B Office"}}, {"type": "Feature", "geometry": {"type": "Point", "coordinates": [80.091329, 13.172995]}, "properties": {"stop_id": "BtOUMROM", "stop_name": "Moorai Anna Nagar"}}, {"type": "Feature", "geometry": {"type": "Point", "coordinates": [80.243015, 13.077592]}, "properties": {"stop_id": "UECnapuN", "stop_name": "KMC Hospital"}}, {"type": "Feature", "geometry": {"type": "Point", "coordinates": [80.093424, 12.792321]}, "properties": {"stop_id": "MlIkmoKa", "stop_name": "Pondur"}}, {"type": "Feature", "geometry": {"type": "Point", "coordinates": [80.241366, 13.094755]}, "properties": {"stop_id": "OkTOljoV", "stop_name": "E S I Hospital"}}, {"type": "Feature", "geometry": {"type": "Point", "coordinates": [80.275573, 13.082183]}, "properties": {"stop_id": "fuApzGaS", "stop_name": "MGR Central Station"}}, {"type": "Feature", "geometry": {"type": "Point", "coordinates": [80.184728, 13.484792]}, "properties": {"stop_id": "VNhVtVFP", "stop_name": "Reddy Palayam"}}, {"type": "Feature", "geometry": {"type": "Point", "coordinates": [80.166247, 12.832745]}, "properties": {"stop_id": "oyvIGXLL", "stop_name": "Mambakkam Rice Mill"}}, {"type": "Feature", "geometry": {"type": "Point", "coordinates": [79.976703, 12.69693]}, "properties": {"stop_id": "cCtcUCYS", "stop_name": "Chengalpattu Old Bus Terminal"}}, {"type": "Feature", "geometry": {"type": "Point", "coordinates": [80.206534, 12.994897]}, "properties": {"stop_id": "TsfVbSCQ", "stop_name": "Adambakkam Depot"}}, {"type": "Feature", "geometry": {"type": "Point", "coordinates": [80.127196, 13.408032]}, "properties": {"stop_id": "KKHFrKGl", "stop_name": "Gummidipoondi Terminal"}}, {"type": "Feature", "geometry": {"type": "Point", "coordinates": [80.020306, 13.237802]}, "properties": {"stop_id": "QHfelpAR", "stop_name": "Pagalmedu"}}, {"type": "Feature", "geometry": {"type": "Point", "coordinates": [79.94283, 12.851869]}, "properties": {"stop_id": "eJIFTpTd", "stop_name": "Oragadam Road Junction"}}, {"type": "Feature", "geometry": {"type": "Point", "coordinates": [80.218916, 12.979437]}, "properties": {"stop_id": "poajKJhB", "stop_name": "Mageshwari Nagar"}}, {"type": "Feature", "geometry": {"type": "Point", "coordinates": [80.161237, 12.960976]}, "properties": {"stop_id": "KOOURKwq", "stop_name": "VELS Callege"}}, {"type": "Feature", "geometry": {"type": "Point", "coordinates": [80.129189, 12.828364]}, "properties": {"stop_id": "jEVQeNyS", "stop_name": "Keerapakkam"}}, {"type": "Feature", "geometry": {"type": "Point", "coordinates": [79.883398, 12.832158]}, "properties": {"stop_id": "TPJRAOrt", "stop_name": "Varanavasi"}}, {"type": "Feature", "geometry": {"type": "Point", "coordinates": [80.290877, 13.128661]}, "properties": {"stop_id": "OQRQrPoA", "stop_name": "Apollo Or Cholera Hospital"}}, {"type": "Feature", "geometry": {"type": "Point", "coordinates": [80.108373, 13.098411]}, "properties": {"stop_id": "BJDTCJYP", "stop_name": "Govardanagiri"}}, {"type": "Feature", "geometry": {"type": "Point", "coordinates": [79.90811, 13.140406]}, "properties": {"stop_id": "BDmybVdG", "stop_name": "Thiruvallur Terminal"}}, {"type": "Feature", "geometry": {"type": "Point", "coordinates": [80.218701, 13.095786]}, "properties": {"stop_id": "lZYsrfVZ", "stop_name": "Gandhi Nagar Hospital"}}, {"type": "Feature", "geometry": {"type": "Point", "coordinates": [80.219761, 13.099247]}, "properties": {"stop_id": "kXofjcRp", "stop_name": "Kambar Arangam"}}, {"type": "Feature", "geometry": {"type": "Point", "coordinates": [80.22167, 13.041299]}, "properties": {"stop_id": "JODrgTwh", "stop_name": "Anjugam School"}}, {"type": "Feature", "geometry": {"type": "Point", "coordinates": [79.972915, 13.196392]}, "properties": {"stop_id": "dKuyBlDZ", "stop_name": "Perathur Bus Stop"}}, {"type": "Feature", "geometry": {"type": "Point", "coordinates": [79.934098, 13.001333]}, "properties": {"stop_id": "CLiKvSHW", "stop_name": "Sri Om Nagar"}}, {"type": "Feature", "geometry": {"type": "Point", "coordinates": [80.022654, 13.135128]}, "properties": {"stop_id": "iLbIERty", "stop_name": "Nadukuthagai Indane GAS Company"}}, {"type": "Feature", "geometry": {"type": "Point", "coordinates": [80.226119, 13.199592]}, "properties": {"stop_id": "pjrUunbL", "stop_name": "Kannampalayam"}}, {"type": "Feature", "geometry": {"type": "Point", "coordinates": [80.271409, 13.07492]}, "properties": {"stop_id": "TKmnSMXw", "stop_name": "Chindathiri Pettai Police Station"}}, {"type": "Feature", "geometry": {"type": "Point", "coordinates": [80.216254, 12.997388]}, "properties": {"stop_id": "jWRsQoYS", "stop_name": "Vellacherry Check Post"}}, {"type": "Feature", "geometry": {"type": "Point", "coordinates": [80.108648, 13.082529]}, "properties": {"stop_id": "MQIshiHv", "stop_name": "Melpakkam"}}, {"type": "Feature", "geometry": {"type": "Point", "coordinates": [80.196625, 13.270151]}, "properties": {"stop_id": "jEhGDfoN", "stop_name": "Attaipalayam"}}, {"type": "Feature", "geometry": {"type": "Point", "coordinates": [80.248295, 13.046974]}, "properties": {"stop_id": "UTBcifAN", "stop_name": "DMS"}}, {"type": "Feature", "geometry": {"type": "Point", "coordinates": [80.275149, 13.025729]}, "properties": {"stop_id": "FliRNcXy", "stop_name": "Foreshore Estate MTC Bus Stop"}}, {"type": "Feature", "geometry": {"type": "Point", "coordinates": [80.174363, 12.862799]}, "properties": {"stop_id": "ltfHcqwC", "stop_name": "Ponmar Colony"}}, {"type": "Feature", "geometry": {"type": "Point", "coordinates": [80.235536, 13.176478]}, "properties": {"stop_id": "mwdAyONm", "stop_name": "Kossapur School"}}, {"type": "Feature", "geometry": {"type": "Point", "coordinates": [80.089968, 13.183385]}, "properties": {"stop_id": "KvUqhblU", "stop_name": "TSP Camp"}}, {"type": "Feature", "geometry": {"type": "Point", "coordinates": [80.284849, 13.128329]}, "properties": {"stop_id": "uBBTYLuy", "stop_name": "Aaliyamman Temple Or Tondiarpet Masuthi"}}, {"type": "Feature", "geometry": {"type": "Point", "coordinates": [80.035743, 12.948076]}, "properties": {"stop_id": "irunVpff", "stop_name": "Somangalam EB"}}, {"type": "Feature", "geometry": {"type": "Point", "coordinates": [80.195904, 13.047514]}, "properties": {"stop_id": "PKfyrIVb", "stop_name": "Virugambakkam Saradha Nagar"}}, {"type": "Feature", "geometry": {"type": "Point", "coordinates": [80.258748, 13.090821]}, "properties": {"stop_id": "pHNyFRmN", "stop_name": "Bhuvaneshwari Theatre Or Vasanthi Theatre"}}, {"type": "Feature", "geometry": {"type": "Point", "coordinates": [80.19445, 13.057621]}, "properties": {"stop_id": "mqlWPdpA", "stop_name": "Natesan Nagar"}}, {"type": "Feature", "geometry": {"type": "Point", "coordinates": [80.222356, 13.402318]}, "properties": {"stop_id": "UXYZCAgB", "stop_name": "Avoor Rice Mill"}}, {"type": "Feature", "geometry": {"type": "Point", "coordinates": [80.133206, 13.299924]}, "properties": {"stop_id": "juSMKfMs", "stop_name": "Keelameni"}}, {"type": "Feature", "geometry": {"type": "Point", "coordinates": [79.933151, 13.134156]}, "properties": {"stop_id": "ixunSlAs", "stop_name": "Kakkalur Industrial Estate"}}, {"type": "Feature", "geometry": {"type": "Point", "coordinates": [80.242756, 13.120869]}, "properties": {"stop_id": "CgcphXSb", "stop_name": "Don Bosco School"}}, {"type": "Feature", "geometry": {"type": "Point", "coordinates": [80.171286, 12.919902]}, "properties": {"stop_id": "qehlKNkR", "stop_name": "Santhosapuram"}}, {"type": "Feature", "geometry": {"type": "Point", "coordinates": [80.11054, 13.026812]}, "properties": {"stop_id": "AudzmzeZ", "stop_name": "Pattur Koot Road"}}, {"type": "Feature", "geometry": {"type": "Point", "coordinates": [79.983702, 13.162516]}, "properties": {"stop_id": "CdAgvpNU", "stop_name": "Ayaloor"}}, {"type": "Feature", "geometry": {"type": "Point", "coordinates": [80.255285, 12.95408]}, "properties": {"stop_id": "cQHgTjKq", "stop_name": "Ice Factory"}}, {"type": "Feature", "geometry": {"type": "Point", "coordinates": [80.2844, 13.06639]}, "properties": {"stop_id": "udBTjIHv", "stop_name": "Anna Square"}}, {"type": "Feature", "geometry": {"type": "Point", "coordinates": [80.102047, 13.120113]}, "properties": {"stop_id": "ogOCBKAf", "stop_name": "Avadi Terminal"}}, {"type": "Feature", "geometry": {"type": "Point", "coordinates": [79.997939, 13.419868]}, "properties": {"stop_id": "hPReecFP", "stop_name": "Madarapakkam Cross Road"}}, {"type": "Feature", "geometry": {"type": "Point", "coordinates": [80.190459, 12.997264]}, "properties": {"stop_id": "IdVewllq", "stop_name": "Alandur Depot"}}, {"type": "Feature", "geometry": {"type": "Point", "coordinates": [80.21784, 13.228299]}, "properties": {"stop_id": "yeBNAVLu", "stop_name": "Arumandai Road Junction"}}, {"type": "Feature", "geometry": {"type": "Point", "coordinates": [79.945544, 12.96265]}, "properties": {"stop_id": "JOgPNDzu", "stop_name": "Sriperumbudur Bypass"}}, {"type": "Feature", "geometry": {"type": "Point", "coordinates": [80.249703, 13.402328]}, "properties": {"stop_id": "RLXxtVaJ", "stop_name": "Thirupalaivanam"}}, {"type": "Feature", "geometry": {"type": "Point", "coordinates": [80.21251, 13.101465]}, "properties": {"stop_id": "YmbmpLps", "stop_name": "ICF Annexe"}}, {"type": "Feature", "geometry": {"type": "Point", "coordinates": [80.209214, 13.030171]}, "properties": {"stop_id": "nmfQPmsh", "stop_name": "Kasi Theatre"}}, {"type": "Feature", "geometry": {"type": "Point", "coordinates": [80.097628, 13.000147]}, "properties": {"stop_id": "MhxjGQjy", "stop_name": "Shri Nagathaman Temple"}}, {"type": "Feature", "geometry": {"type": "Point", "coordinates": [80.234651, 13.076071]}, "properties": {"stop_id": "jFmPCmzM", "stop_name": "Pachaiyappas College"}}, {"type": "Feature", "geometry": {"type": "Point", "coordinates": [80.257829, 12.986372]}, "properties": {"stop_id": "uRlXNIwL", "stop_name": "Thiruvanmiyur Depot"}}, {"type": "Feature", "geometry": {"type": "Point", "coordinates": [80.205415, 13.035923]}, "properties": {"stop_id": "SMhobJmy", "stop_name": "K K Nagar"}}, {"type": "Feature", "geometry": {"type": "Point", "coordinates": [80.053963, 12.775365]}, "properties": {"stop_id": "bnvgwXNi", "stop_name": "Karuneelam Road Junction"}}, {"type": "Feature", "geometry": {"type": "Point", "coordinates": [80.1919, 12.873568]}, "properties": {"stop_id": "tNQgpOjd", "stop_name": "Ramakrishna Nagar"}}, {"type": "Feature", "geometry": {"type": "Point", "coordinates": [80.184423, 13.020576]}, "properties": {"stop_id": "cwgbfpqq", "stop_name": "Miot Hospital"}}, {"type": "Feature", "geometry": {"type": "Point", "coordinates": [80.144032, 13.020562]}, "properties": {"stop_id": "ZIPCqImv", "stop_name": "Bai Kadai Moulivakkam"}}, {"type": "Feature", "geometry": {"type": "Point", "coordinates": [80.125048, 13.129622]}, "properties": {"stop_id": "Vlipnutt", "stop_name": "Vaishnavi Nagar"}}, {"type": "Feature", "geometry": {"type": "Point", "coordinates": [80.227956, 12.718367]}, "properties": {"stop_id": "kZbxJItD", "stop_name": "Perur"}}, {"type": "Feature", "geometry": {"type": "Point", "coordinates": [80.256734, 13.046195]}, "properties": {"stop_id": "UZvsWvxC", "stop_name": "Chola Hotel Or Music Academy"}}, {"type": "Feature", "geometry": {"type": "Point", "coordinates": [80.284547, 13.146136]}, "properties": {"stop_id": "mtKVLjly", "stop_name": "Concorde Church"}}, {"type": "Feature", "geometry": {"type": "Point", "coordinates": [80.206417, 13.340943]}, "properties": {"stop_id": "ftNxmWZm", "stop_name": "Deverangari Road"}}, {"type": "Feature", "geometry": {"type": "Point", "coordinates": [80.129264, 13.182767]}, "properties": {"stop_id": "NayUSBAK", "stop_name": "Sidco Canteen"}}, {"type": "Feature", "geometry": {"type": "Point", "coordinates": [80.166433, 13.051577]}, "properties": {"stop_id": "rcxPdVgD", "stop_name": "Meenakshi Dental"}}, {"type": "Feature", "geometry": {"type": "Point", "coordinates": [80.065026, 12.900326]}, "properties": {"stop_id": "LPSpTPgJ", "stop_name": "Natesan School"}}, {"type": "Feature", "geometry": {"type": "Point", "coordinates": [80.252235, 12.978553]}, "properties": {"stop_id": "RuAJZyMI", "stop_name": "SRP Tools"}}, {"type": "Feature", "geometry": {"type": "Point", "coordinates": [80.255954, 12.998757]}, "properties": {"stop_id": "cTQVugNT", "stop_name": "Adyar Depot"}}, {"type": "Feature", "geometry": {"type": "Point", "coordinates": [80.188277, 13.118653]}, "properties": {"stop_id": "dJOjnHRJ", "stop_name": "Saibaba Kovil"}}, {"type": "Feature", "geometry": {"type": "Point", "coordinates": [80.079343, 13.150694]}, "properties": {"stop_id": "VjSiMBzK", "stop_name": "Mittanamalli Colony"}}, {"type": "Feature", "geometry": {"type": "Point", "coordinates": [79.942729, 12.956343]}, "properties": {"stop_id": "KCAssTym", "stop_name": "Travellers Bangalow Or Pattunool Chatram"}}, {"type": "Feature", "geometry": {"type": "Point", "coordinates": [80.028425, 13.22087]}, "properties": {"stop_id": "DfYzlKXm", "stop_name": "Thamaraipakkam Junction"}}, {"type": "Feature", "geometry": {"type": "Point", "coordinates": [80.168384, 13.029435]}, "properties": {"stop_id": "WhHfbZWj", "stop_name": "Mugalivakkam"}}, {"type": "Feature", "geometry": {"type": "Point", "coordinates": [79.990885, 13.140157]}, "properties": {"stop_id": "ATfuHlGy", "stop_name": "Panchayat Union Middle School Ayathur"}}, {"type": "Feature", "geometry": {"type": "Point", "coordinates": [80.146789, 13.094748]}, "properties": {"stop_id": "EztAMInv", "stop_name": "Athipet ICF Colony"}}, {"type": "Feature", "geometry": {"type": "Point", "coordinates": [80.204646, 13.085243]}, "properties": {"stop_id": "GtaXwPrK", "stop_name": "12th Main Road"}}, {"type": "Feature", "geometry": {"type": "Point", "coordinates": [80.288226, 13.080755]}, "properties": {"stop_id": "iYMJvRAf", "stop_name": "Secretariat"}}, {"type": "Feature", "geometry": {"type": "Point", "coordinates": [80.203796, 12.934106]}, "properties": {"stop_id": "nTEapSQO", "stop_name": "Pallikaranai"}}, {"type": "Feature", "geometry": {"type": "Point", "coordinates": [80.234216, 13.047165]}, "properties": {"stop_id": "RZyHoyLx", "stop_name": "Bazullah Road"}}, {"type": "Feature", "geometry": {"type": "Point", "coordinates": [80.281185, 13.110106]}, "properties": {"stop_id": "ZlnerNQG", "stop_name": "Cemetery Road"}}, {"type": "Feature", "geometry": {"type": "Point", "coordinates": [80.204325, 13.150064]}, "properties": {"stop_id": "lbTqXure", "stop_name": "Kathirvedu"}}, {"type": "Feature", "geometry": {"type": "Point", "coordinates": [80.136549, 13.015397]}, "properties": {"stop_id": "TEKQTTfp", "stop_name": "Gerugambakkam"}}, {"type": "Feature", "geometry": {"type": "Point", "coordinates": [80.220653, 12.790317]}, "properties": {"stop_id": "zEOiVqLB", "stop_name": "Samiyar Pannai"}}, {"type": "Feature", "geometry": {"type": "Point", "coordinates": [80.186343, 13.096045]}, "properties": {"stop_id": "RfgTYnKH", "stop_name": "Maruthi Theater"}}, {"type": "Feature", "geometry": {"type": "Point", "coordinates": [80.198481, 13.093777]}, "properties": {"stop_id": "EmkugZPX", "stop_name": "Anna Nagar West Depot"}}, {"type": "Feature", "geometry": {"type": "Point", "coordinates": [80.251, 13.122041]}, "properties": {"stop_id": "yaKWBgLg", "stop_name": "Erukkancheri Toll Gate"}}, {"type": "Feature", "geometry": {"type": "Point", "coordinates": [80.0087, 12.882513]}, "properties": {"stop_id": "pqZYMbGr", "stop_name": "Salamangalam Colony"}}, {"type": "Feature", "geometry": {"type": "Point", "coordinates": [79.907604, 13.094924]}, "properties": {"stop_id": "pugbqfwh", "stop_name": "Killnallathur"}}, {"type": "Feature", "geometry": {"type": "Point", "coordinates": [80.233661, 13.07679]}, "properties": {"stop_id": "uOqLwBTJ", "stop_name": "Pachaiyappas College"}}, {"type": "Feature", "geometry": {"type": "Point", "coordinates": [80.307548, 13.186269]}, "properties": {"stop_id": "PoshUaCl", "stop_name": "Murugan Koil Eranavoor"}}, {"type": "Feature", "geometry": {"type": "Point", "coordinates": [80.208426, 13.453852]}, "properties": {"stop_id": "kJHtAChU", "stop_name": "Agaram"}}, {"type": "Feature", "geometry": {"type": "Point", "coordinates": [80.105593, 13.049341]}, "properties": {"stop_id": "KDdzRmow", "stop_name": "Kallarai"}}, {"type": "Feature", "geometry": {"type": "Point", "coordinates": [80.259389, 13.390495]}, "properties": {"stop_id": "LggmrEeo", "stop_name": "Vanjivakkam"}}, {"type": "Feature", "geometry": {"type": "Point", "coordinates": [80.029192, 12.888699]}, "properties": {"stop_id": "yCXbqkBs", "stop_name": "Kizh Padappai"}}, {"type": "Feature", "geometry": {"type": "Point", "coordinates": [80.304164, 13.168014]}, "properties": {"stop_id": "wuyFtExA", "stop_name": "Vellayan Chettiyar School"}}, {"type": "Feature", "geometry": {"type": "Point", "coordinates": [80.06984, 12.911224]}, "properties": {"stop_id": "Phtvjmoj", "stop_name": "Mudichur Bus Stand"}}, {"type": "Feature", "geometry": {"type": "Point", "coordinates": [80.162136, 13.1012]}, "properties": {"stop_id": "ubFzksan", "stop_name": "Telephone Exchange"}}, {"type": "Feature", "geometry": {"type": "Point", "coordinates": [80.058925, 13.186363]}, "properties": {"stop_id": "xtcBaTeK", "stop_name": "Kadhavoor Road Junction"}}, {"type": "Feature", "geometry": {"type": "Point", "coordinates": [80.238233, 13.112001]}, "properties": {"stop_id": "LoxEXWve", "stop_name": "Chembium Old Post Office"}}, {"type": "Feature", "geometry": {"type": "Point", "coordinates": [80.266839, 13.000268]}, "properties": {"stop_id": "OajDKDnO", "stop_name": "Besant Nagar Water Tank"}}, {"type": "Feature", "geometry": {"type": "Point", "coordinates": [80.253598, 13.134063]}, "properties": {"stop_id": "CorDNIJt", "stop_name": "Muthamizh Nagar Or Ambedkar Statue"}}, {"type": "Feature", "geometry": {"type": "Point", "coordinates": [80.194891, 13.17877]}, "properties": {"stop_id": "AKEMZMhk", "stop_name": "Sri Nallaghu Polytechnic College"}}, {"type": "Feature", "geometry": {"type": "Point", "coordinates": [80.197894, 12.891074]}, "properties": {"stop_id": "TmzVTgQO", "stop_name": "Nookampalayam Pillaiyar Koil"}}, {"type": "Feature", "geometry": {"type": "Point", "coordinates": [80.244756, 13.108002]}, "properties": {"stop_id": "hLEWSLqw", "stop_name": "Perambur Railway Station"}}, {"type": "Feature", "geometry": {"type": "Point", "coordinates": [80.065725, 12.978463]}, "properties": {"stop_id": "fkcnfYxM", "stop_name": "Periya Colony"}}, {"type": "Feature", "geometry": {"type": "Point", "coordinates": [80.249163, 13.071478]}, "properties": {"stop_id": "JgaAcZvO", "stop_name": "Tuberculosis Institude Or R T O Office Chetpet"}}, {"type": "Feature", "geometry": {"type": "Point", "coordinates": [80.115907, 12.924509]}, "properties": {"stop_id": "SVPLEqNI", "stop_name": "MR Theatre"}}, {"type": "Feature", "geometry": {"type": "Point", "coordinates": [80.166375, 13.237256]}, "properties": {"stop_id": "CxeJhmQn", "stop_name": "Karumari Amman Koil"}}, {"type": "Feature", "geometry": {"type": "Point", "coordinates": [80.261425, 13.007371]}, "properties": {"stop_id": "DSOJysaP", "stop_name": "Avvai Home"}}, {"type": "Feature", "geometry": {"type": "Point", "coordinates": [80.155269, 13.161042]}, "properties": {"stop_id": "FkPbDkgy", "stop_name": "Pothur"}}, {"type": "Feature", "geometry": {"type": "Point", "coordinates": [80.097854, 13.11704]}, "properties": {"stop_id": "pGHnvifU", "stop_name": "Avadi Government Hospital"}}, {"type": "Feature", "geometry": {"type": "Point", "coordinates": [80.170326, 13.099831]}, "properties": {"stop_id": "YJykDsrc", "stop_name": "Ambattur Industrial Estate"}}, {"type": "Feature", "geometry": {"type": "Point", "coordinates": [80.170069, 13.082641]}, "properties": {"stop_id": "ZevQgZaz", "stop_name": "J J Nagar West Terminus"}}, {"type": "Feature", "geometry": {"type": "Point", "coordinates": [80.227326, 13.091327]}, "properties": {"stop_id": "LBOtcvsG", "stop_name": "VOC Nagar"}}, {"type": "Feature", "geometry": {"type": "Point", "coordinates": [80.003741, 12.761268]}, "properties": {"stop_id": "eyUKPfnA", "stop_name": "Singaperumal Kovil"}}, {"type": "Feature", "geometry": {"type": "Point", "coordinates": [80.199335, 12.853539]}, "properties": {"stop_id": "JZfQfeRA", "stop_name": "Karanai Colony"}}, {"type": "Feature", "geometry": {"type": "Point", "coordinates": [80.240981, 13.006835]}, "properties": {"stop_id": "TcsyXYNn", "stop_name": "IIT Madras Or Guindy National Park"}}, {"type": "Feature", "geometry": {"type": "Point", "coordinates": [80.202842, 13.185845]}, "properties": {"stop_id": "VniBJCzY", "stop_name": "Grand Line"}}, {"type": "Feature", "geometry": {"type": "Point", "coordinates": [80.195232, 13.345221]}, "properties": {"stop_id": "SJvhYGxR", "stop_name": "Chinnakavanam Vade 1"}}, {"type": "Feature", "geometry": {"type": "Point", "coordinates": [80.189003, 12.995622]}, "properties": {"stop_id": "lEwLedpG", "stop_name": "Alandur"}}, {"type": "Feature", "geometry": {"type": "Point", "coordinates": [79.912244, 13.015075]}, "properties": {"stop_id": "gvtVkOCs", "stop_name": "Vayalur"}}, {"type": "Feature", "geometry": {"type": "Point", "coordinates": [80.14254, 12.971471]}, "properties": {"stop_id": "itmFNPnQ", "stop_name": "Muthamil Nagar Pallavaram"}}, {"type": "Feature", "geometry": {"type": "Point", "coordinates": [80.205582, 12.939681]}, "properties": {"stop_id": "MttNRhjN", "stop_name": "Narayanapuram"}}, {"type": "Feature", "geometry": {"type": "Point", "coordinates": [80.286626, 13.175467]}, "properties": {"stop_id": "TCMQvOqy", "stop_name": "Sathangadu Police Station"}}, {"type": "Feature", "geometry": {"type": "Point", "coordinates": [79.93386, 13.170256]}, "properties": {"stop_id": "JbVeQOiO", "stop_name": "CSI Bethel Church Ikkadu"}}, {"type": "Feature", "geometry": {"type": "Point", "coordinates": [79.920983, 12.840359]}, "properties": {"stop_id": "wplYsKZY", "stop_name": "Kandigai"}}, {"type": "Feature", "geometry": {"type": "Point", "coordinates": [80.259418, 13.118546]}, "properties": {"stop_id": "tBNXSyMW", "stop_name": "Ambedkar College Vyasarpadi"}}, {"type": "Feature", "geometry": {"type": "Point", "coordinates": [80.232397, 13.145274]}, "properties": {"stop_id": "bvZtLhoP", "stop_name": "Putthu Koil"}}, {"type": "Feature", "geometry": {"type": "Point", "coordinates": [80.047391, 13.293916]}, "properties": {"stop_id": "VfuMcuJJ", "stop_name": "Sri Ramapuram Kandigai"}}, {"type": "Feature", "geometry": {"type": "Point", "coordinates": [80.180254, 13.108566]}, "properties": {"stop_id": "LpqOzfFt", "stop_name": "Church Stop"}}, {"type": "Feature", "geometry": {"type": "Point", "coordinates": [80.148936, 12.88677]}, "properties": {"stop_id": "wdXbjior", "stop_name": "Pathuvanchery Koil"}}, {"type": "Feature", "geometry": {"type": "Point", "coordinates": [80.121897, 12.923128]}, "properties": {"stop_id": "lfmzBYXb", "stop_name": "Tambaram Railway Station East"}}, {"type": "Feature", "geometry": {"type": "Point", "coordinates": [80.269168, 13.09275]}, "properties": {"stop_id": "PSZbZwJF", "stop_name": "Natraj Theatre"}}, {"type": "Feature", "geometry": {"type": "Point", "coordinates": [80.314591, 13.204351]}, "properties": {"stop_id": "msGFqCDa", "stop_name": "Post Office Ennore"}}, {"type": "Feature", "geometry": {"type": "Point", "coordinates": [80.232927, 13.047286]}, "properties": {"stop_id": "XtlnoPeE", "stop_name": "Viveks And Company"}}, {"type": "Feature", "geometry": {"type": "Point", "coordinates": [80.154057, 13.198163]}, "properties": {"stop_id": "DLAIfXxc", "stop_name": "Rajakalam"}}, {"type": "Feature", "geometry": {"type": "Point", "coordinates": [80.109446, 13.207774]}, "properties": {"stop_id": "lgdUBlCD", "stop_name": "Alamathi"}}, {"type": "Feature", "geometry": {"type": "Point", "coordinates": [80.216808, 13.024699]}, "properties": {"stop_id": "PKHBWIBu", "stop_name": "Muthu School"}}, {"type": "Feature", "geometry": {"type": "Point", "coordinates": [80.175283, 13.204208]}, "properties": {"stop_id": "SgmzKmGa", "stop_name": "Padianallur"}}, {"type": "Feature", "geometry": {"type": "Point", "coordinates": [80.025172, 12.822486]}, "properties": {"stop_id": "lyJEgbqI", "stop_name": "Kavanoor"}}, {"type": "Feature", "geometry": {"type": "Point", "coordinates": [80.24551, 12.76342]}, "properties": {"stop_id": "rwSrBzDN", "stop_name": "Thiruvidhanthai"}}, {"type": "Feature", "geometry": {"type": "Point", "coordinates": [80.14325, 13.084293]}, "properties": {"stop_id": "mJMjzUfK", "stop_name": "Royal Club"}}, {"type": "Feature", "geometry": {"type": "Point", "coordinates": [79.851479, 13.035608]}, "properties": {"stop_id": "qIHRQZMb", "stop_name": "Eraiyamangalam"}}, {"type": "Feature", "geometry": {"type": "Point", "coordinates": [80.137743, 12.734866]}, "properties": {"stop_id": "PfzzVLdD", "stop_name": "Kattur"}}, {"type": "Feature", "geometry": {"type": "Point", "coordinates": [80.032608, 12.791048]}, "properties": {"stop_id": "CkSrqRXW", "stop_name": "Maraimalai Nagar Bus Stand"}}, {"type": "Feature", "geometry": {"type": "Point", "coordinates": [80.258069, 13.168282]}, "properties": {"stop_id": "qkTCgKXX", "stop_name": "Manali Church"}}, {"type": "Feature", "geometry": {"type": "Point", "coordinates": [80.211166, 13.230652]}, "properties": {"stop_id": "HaSZVkzu", "stop_name": "Marampedu Tea Shop"}}, {"type": "Feature", "geometry": {"type": "Point", "coordinates": [80.239509, 12.94661]}, "properties": {"stop_id": "kohCEyKT", "stop_name": "D B Jain College"}}, {"type": "Feature", "geometry": {"type": "Point", "coordinates": [80.23975, 13.097693]}, "properties": {"stop_id": "zYpZYpOA", "stop_name": "Sayani Theatre Aynavaram"}}, {"type": "Feature", "geometry": {"type": "Point", "coordinates": [80.207464, 13.103189]}, "properties": {"stop_id": "TqlJzItM", "stop_name": "Villivakkam Kalpana"}}, {"type": "Feature", "geometry": {"type": "Point", "coordinates": [80.192495, 13.074319]}, "properties": {"stop_id": "RjtzWJgw", "stop_name": "Mettukulam"}}, {"type": "Feature", "geometry": {"type": "Point", "coordinates": [80.093644, 13.105384]}, "properties": {"stop_id": "vfRjIFnr", "stop_name": "Selvam School"}}, {"type": "Feature", "geometry": {"type": "Point", "coordinates": [80.271362, 13.104418]}, "properties": {"stop_id": "tIegtsMs", "stop_name": "Basin Bridge"}}, {"type": "Feature", "geometry": {"type": "Point", "coordinates": [80.171439, 12.951744]}, "properties": {"stop_id": "opPTwucI", "stop_name": "Pallava Garden Bus Stop or DJ Met School"}}, {"type": "Feature", "geometry": {"type": "Point", "coordinates": [80.186499, 13.102424]}, "properties": {"stop_id": "VmCBWvEb", "stop_name": "UCO Bank"}}, {"type": "Feature", "geometry": {"type": "Point", "coordinates": [80.019117, 13.12499]}, "properties": {"stop_id": "LIDMLZkw", "stop_name": "Thiruninravur Cauvery Theatre"}}, {"type": "Feature", "geometry": {"type": "Point", "coordinates": [80.161388, 13.341694]}, "properties": {"stop_id": "vhEQWrWH", "stop_name": "Mahindra IND Park"}}, {"type": "Feature", "geometry": {"type": "Point", "coordinates": [79.965684, 13.130077]}, "properties": {"stop_id": "elkChQHJ", "stop_name": "Sevvapet Railway Station"}}, {"type": "Feature", "geometry": {"type": "Point", "coordinates": [80.301082, 13.183739]}, "properties": {"stop_id": "xuEvBBdE", "stop_name": "Murugappa Nagar"}}, {"type": "Feature", "geometry": {"type": "Point", "coordinates": [80.11864, 12.958564]}, "properties": {"stop_id": "LOVJkcJs", "stop_name": "Service Road"}}, {"type": "Feature", "geometry": {"type": "Point", "coordinates": [80.149705, 13.061932]}, "properties": {"stop_id": "rSdxnGDj", "stop_name": "Kumar Theatre"}}, {"type": "Feature", "geometry": {"type": "Point", "coordinates": [80.081729, 12.918255]}, "properties": {"stop_id": "WzJZybAt", "stop_name": "Parwati Nagar"}}, {"type": "Feature", "geometry": {"type": "Point", "coordinates": [80.290431, 13.088694]}, "properties": {"stop_id": "fwfbiPwk", "stop_name": "Parrys Corner"}}, {"type": "Feature", "geometry": {"type": "Point", "coordinates": [80.138855, 13.202476]}, "properties": {"stop_id": "xRIuSSHV", "stop_name": "Edapalayam"}}, {"type": "Feature", "geometry": {"type": "Point", "coordinates": [80.103157, 13.125937]}, "properties": {"stop_id": "MVExtcyL", "stop_name": "Post Office"}}, {"type": "Feature", "geometry": {"type": "Point", "coordinates": [80.208037, 13.012842]}, "properties": {"stop_id": "hSQYmgMj", "stop_name": "BSNL Office"}}, {"type": "Feature", "geometry": {"type": "Point", "coordinates": [80.259844, 13.122964]}, "properties": {"stop_id": "EMzKPzug", "stop_name": "MKB Nagar East"}}, {"type": "Feature", "geometry": {"type": "Point", "coordinates": [80.19843, 13.036732]}, "properties": {"stop_id": "hhrNEaMZ", "stop_name": "Data Udupi Hotel"}}, {"type": "Feature", "geometry": {"type": "Point", "coordinates": [80.227229, 13.02828]}, "properties": {"stop_id": "pZATYgJX", "stop_name": "Kaveri Nager"}}, {"type": "Feature", "geometry": {"type": "Point", "coordinates": [80.150594, 12.940446]}, "properties": {"stop_id": "FGqBFXAc", "stop_name": "Hasthinapuram"}}, {"type": "Feature", "geometry": {"type": "Point", "coordinates": [80.188354, 12.982964]}, "properties": {"stop_id": "fvJrDdyT", "stop_name": "Chidambaram Store"}}, {"type": "Feature", "geometry": {"type": "Point", "coordinates": [80.119327, 13.435291]}, "properties": {"stop_id": "efsWTgFW", "stop_name": "Pethi Kuppam Gate"}}, {"type": "Feature", "geometry": {"type": "Point", "coordinates": [79.992872, 13.095357]}, "properties": {"stop_id": "KyrNRMTR", "stop_name": "Mettukandigai"}}, {"type": "Feature", "geometry": {"type": "Point", "coordinates": [80.153892, 13.075439]}, "properties": {"stop_id": "VXVgVTNc", "stop_name": "Three Statue Ayanambakkam"}}, {"type": "Feature", "geometry": {"type": "Point", "coordinates": [80.279872, 13.323396]}, "properties": {"stop_id": "OqLLMkKT", "stop_name": "Kokkumedu"}}, {"type": "Feature", "geometry": {"type": "Point", "coordinates": [80.15483, 13.298786]}, "properties": {"stop_id": "uKNLSXwU", "stop_name": "Thachur"}}, {"type": "Feature", "geometry": {"type": "Point", "coordinates": [80.184301, 12.887101]}, "properties": {"stop_id": "qduHdsCL", "stop_name": "Sithalapakkam"}}, {"type": "Feature", "geometry": {"type": "Point", "coordinates": [80.248277, 13.108197]}, "properties": {"stop_id": "tMEROJFH", "stop_name": "Perambur Bus Terminus"}}, {"type": "Feature", "geometry": {"type": "Point", "coordinates": [80.13154, 13.130846]}, "properties": {"stop_id": "kFnjgEzS", "stop_name": "Thirumullaivoyal"}}, {"type": "Feature", "geometry": {"type": "Point", "coordinates": [80.250392, 13.106153]}, "properties": {"stop_id": "DsuTXcIa", "stop_name": "Jamalaya"}}, {"type": "Feature", "geometry": {"type": "Point", "coordinates": [80.113856, 13.081148]}, "properties": {"stop_id": "ymtXIyVJ", "stop_name": "Sundaracholapuram"}}, {"type": "Feature", "geometry": {"type": "Point", "coordinates": [80.211467, 13.178564]}, "properties": {"stop_id": "UIFNotIh", "stop_name": "Vinayagapuram"}}, {"type": "Feature", "geometry": {"type": "Point", "coordinates": [80.257394, 13.17011]}, "properties": {"stop_id": "gcrnRTRu", "stop_name": "Manali Bus Terminal"}}, {"type": "Feature", "geometry": {"type": "Point", "coordinates": [80.186504, 13.071495]}, "properties": {"stop_id": "YULSfngF", "stop_name": "Nerkundram"}}, {"type": "Feature", "geometry": {"type": "Point", "coordinates": [80.042573, 12.916673]}, "properties": {"stop_id": "YTkOXVzm", "stop_name": "Manimangalam Road Junction"}}, {"type": "Feature", "geometry": {"type": "Point", "coordinates": [80.199231, 13.031557]}, "properties": {"stop_id": "OGOfNBpR", "stop_name": "Saravana Electrical"}}, {"type": "Feature", "geometry": {"type": "Point", "coordinates": [80.18408, 12.947037]}, "properties": {"stop_id": "rxopZurY", "stop_name": "Echankadu"}}, {"type": "Feature", "geometry": {"type": "Point", "coordinates": [80.045319, 12.951812]}, "properties": {"stop_id": "sPOOXkzZ", "stop_name": "Somangalam Road Or NV Road Junction"}}, {"type": "Feature", "geometry": {"type": "Point", "coordinates": [80.301535, 13.157477]}, "properties": {"stop_id": "QRSRIbba", "stop_name": "Ellaiamman Kovil"}}, {"type": "Feature", "geometry": {"type": "Point", "coordinates": [80.021043, 12.88625]}, "properties": {"stop_id": "cKlxsEIa", "stop_name": "Padappai"}}, {"type": "Feature", "geometry": {"type": "Point", "coordinates": [80.280416, 13.105781]}, "properties": {"stop_id": "ozAxYCwR", "stop_name": "Mint Bus Terminal Or Vallalar Nagar"}}, {"type": "Feature", "geometry": {"type": "Point", "coordinates": [80.240994, 13.017494]}, "properties": {"stop_id": "rFvOiVZU", "stop_name": "Kottur"}}, {"type": "Feature", "geometry": {"type": "Point", "coordinates": [80.198828, 13.066117]}, "properties": {"stop_id": "BRjWpQtg", "stop_name": "Koyambedu Market"}}, {"type": "Feature", "geometry": {"type": "Point", "coordinates": [80.240535, 12.831609]}, "properties": {"stop_id": "HbaaqMIK", "stop_name": "Muttukadu"}}, {"type": "Feature", "geometry": {"type": "Point", "coordinates": [80.200365, 12.808429]}, "properties": {"stop_id": "ZWbwKKqI", "stop_name": "Pudupakkam Panchayat Office"}}, {"type": "Feature", "geometry": {"type": "Point", "coordinates": [80.016898, 12.789597]}, "properties": {"stop_id": "iGMYbQYg", "stop_name": "Stange"}}, {"type": "Feature", "geometry": {"type": "Point", "coordinates": [80.199569, 12.88351]}, "properties": {"stop_id": "fjkEEKNz", "stop_name": "Bvm School"}}, {"type": "Feature", "geometry": {"type": "Point", "coordinates": [80.025812, 13.047431]}, "properties": {"stop_id": "KTKGWmNj", "stop_name": "Padurmedu"}}, {"type": "Feature", "geometry": {"type": "Point", "coordinates": [80.154493, 13.0567]}, "properties": {"stop_id": "sBpTKxuw", "stop_name": "Velammal Vidayalaya Vanagaram"}}, {"type": "Feature", "geometry": {"type": "Point", "coordinates": [80.149566, 12.968676]}, "properties": {"stop_id": "erTTuCGB", "stop_name": "Pallavaram"}}, {"type": "Feature", "geometry": {"type": "Point", "coordinates": [80.19906, 12.948483]}, "properties": {"stop_id": "xgzyCPTg", "stop_name": "Puliyamaram Sunnambu Kolathur"}}, {"type": "Feature", "geometry": {"type": "Point", "coordinates": [79.932004, 12.906007]}, "properties": {"stop_id": "VWKzFLMH", "stop_name": "Vadakal"}}, {"type": "Feature", "geometry": {"type": "Point", "coordinates": [80.236676, 13.007405]}, "properties": {"stop_id": "mLBQtksd", "stop_name": "Anna University Or Engineer College"}}, {"type": "Feature", "geometry": {"type": "Point", "coordinates": [80.275085, 13.097516]}, "properties": {"stop_id": "uBFbbvHN", "stop_name": "Thirupalli Street"}}, {"type": "Feature", "geometry": {"type": "Point", "coordinates": [79.992034, 13.312727]}, "properties": {"stop_id": "yhVlWvFp", "stop_name": "Karumbu Noor Kandigai"}}, {"type": "Feature", "geometry": {"type": "Point", "coordinates": [80.284325, 13.342313]}, "properties": {"stop_id": "BCGYYxEK", "stop_name": "Thiru Vellivoyal Madha Koil"}}, {"type": "Feature", "geometry": {"type": "Point", "coordinates": [80.053931, 12.84964]}, "properties": {"stop_id": "nVkihPOJ", "stop_name": "Brindha Colony"}}, {"type": "Feature", "geometry": {"type": "Point", "coordinates": [79.869057, 12.94308]}, "properties": {"stop_id": "JdPMCVUN", "stop_name": "Sogandi"}}, {"type": "Feature", "geometry": {"type": "Point", "coordinates": [80.183475, 13.108103]}, "properties": {"stop_id": "MpPYcjVn", "stop_name": "Bhaktavatsalam Memorial College"}}, {"type": "Feature", "geometry": {"type": "Point", "coordinates": [79.908782, 13.143299]}, "properties": {"stop_id": "rDmQAEpc", "stop_name": "Theradi"}}, {"type": "Feature", "geometry": {"type": "Point", "coordinates": [79.982, 12.724253]}, "properties": {"stop_id": "XQiQvefE", "stop_name": "Paranur Toll Plaza"}}, {"type": "Feature", "geometry": {"type": "Point", "coordinates": [80.244872, 12.959469]}, "properties": {"stop_id": "yfIoPTHo", "stop_name": "Perungudi"}}, {"type": "Feature", "geometry": {"type": "Point", "coordinates": [80.183949, 13.031751]}, "properties": {"stop_id": "VDSTHuJo", "stop_name": "Ramapuram Ashram"}}, {"type": "Feature", "geometry": {"type": "Point", "coordinates": [79.958666, 13.132138]}, "properties": {"stop_id": "bLNlBUaT", "stop_name": "Thozuvur"}}, {"type": "Feature", "geometry": {"type": "Point", "coordinates": [80.24794, 13.066802]}, "properties": {"stop_id": "xfYjeqNM", "stop_name": "Shastri Bhavan"}}, {"type": "Feature", "geometry": {"type": "Point", "coordinates": [80.24016, 13.052531]}, "properties": {"stop_id": "ARTSSefO", "stop_name": "Vetnary Hospital"}}, {"type": "Feature", "geometry": {"type": "Point", "coordinates": [80.219523, 12.991288]}, "properties": {"stop_id": "wxsBzgDc", "stop_name": "Guru Nanak College"}}, {"type": "Feature", "geometry": {"type": "Point", "coordinates": [80.275553, 13.114906]}, "properties": {"stop_id": "WEHfnUXC", "stop_name": "Suthanthirapuram"}}, {"type": "Feature", "geometry": {"type": "Point", "coordinates": [80.154824, 13.168249]}, "properties": {"stop_id": "kVWIKiQU", "stop_name": "Pammadukulam Pothur"}}, {"type": "Feature", "geometry": {"type": "Point", "coordinates": [80.31332, 13.200434]}, "properties": {"stop_id": "nwGGoSvm", "stop_name": "E T P S"}}, {"type": "Feature", "geometry": {"type": "Point", "coordinates": [80.307129, 13.179017]}, "properties": {"stop_id": "oftwwzSy", "stop_name": "Wimco Nagar Or MRF Tyre Factory"}}, {"type": "Feature", "geometry": {"type": "Point", "coordinates": [80.265226, 13.090049]}, "properties": {"stop_id": "TJGhHrvm", "stop_name": "Choolai Post Office"}}, {"type": "Feature", "geometry": {"type": "Point", "coordinates": [80.211408, 13.229842]}, "properties": {"stop_id": "xokKvraT", "stop_name": "Marampedu"}}, {"type": "Feature", "geometry": {"type": "Point", "coordinates": [80.216759, 13.010642]}, "properties": {"stop_id": "OeFzXvJs", "stop_name": "MGR Medical University"}}, {"type": "Feature", "geometry": {"type": "Point", "coordinates": [80.144792, 12.989318]}, "properties": {"stop_id": "fPpTYnhk", "stop_name": "Kalaignar Street"}}, {"type": "Feature", "geometry": {"type": "Point", "coordinates": [80.255927, 12.987565]}, "properties": {"stop_id": "WvPJYXMk", "stop_name": "Jayanthi Theatre"}}, {"type": "Feature", "geometry": {"type": "Point", "coordinates": [80.277766, 13.043247]}, "properties": {"stop_id": "DUgAaGlT", "stop_name": "D G P Office"}}, {"type": "Feature", "geometry": {"type": "Point", "coordinates": [80.166979, 13.062869]}, "properties": {"stop_id": "SwLVnWPq", "stop_name": "Maduravoyal"}}, {"type": "Feature", "geometry": {"type": "Point", "coordinates": [80.022762, 13.124867]}, "properties": {"stop_id": "bCrrhAWe", "stop_name": "Thiruninravur IOB Bank"}}, {"type": "Feature", "geometry": {"type": "Point", "coordinates": [80.139646, 13.128045]}, "properties": {"stop_id": "GkYZbgqg", "stop_name": "Saraswathi Nagar CTH Salai"}}, {"type": "Feature", "geometry": {"type": "Point", "coordinates": [80.281995, 13.082989]}, "properties": {"stop_id": "neNWquOh", "stop_name": "Central Dental College"}}, {"type": "Feature", "geometry": {"type": "Point", "coordinates": [80.08475, 13.175822]}, "properties": {"stop_id": "cwRIXHps", "stop_name": "Veerapuram Road Junction"}}, {"type": "Feature", "geometry": {"type": "Point", "coordinates": [80.166315, 13.057261]}, "properties": {"stop_id": "oIlHYibo", "stop_name": "Alamelu Kalyana Mandapam"}}, {"type": "Feature", "geometry": {"type": "Point", "coordinates": [80.245445, 12.784078]}, "properties": {"stop_id": "IGRxApsM", "stop_name": "Kovalam Kelambakam Road Junction"}}, {"type": "Feature", "geometry": {"type": "Point", "coordinates": [80.26607, 13.070223]}, "properties": {"stop_id": "bKKUjGhb", "stop_name": "Pudupet"}}, {"type": "Feature", "geometry": {"type": "Point", "coordinates": [80.227779, 13.091135]}, "properties": {"stop_id": "womqVgRl", "stop_name": "VOC Nagar"}}, {"type": "Feature", "geometry": {"type": "Point", "coordinates": [80.233077, 12.730402]}, "properties": {"stop_id": "KfdekYuk", "stop_name": "Pudukalpakkam"}}, {"type": "Feature", "geometry": {"type": "Point", "coordinates": [79.927487, 13.135189]}, "properties": {"stop_id": "PdLgkxcT", "stop_name": "Kakkalur"}}, {"type": "Feature", "geometry": {"type": "Point", "coordinates": [80.254708, 13.035563]}, "properties": {"stop_id": "oxTBBssU", "stop_name": "Alwarpet"}}, {"type": "Feature", "geometry": {"type": "Point", "coordinates": [80.071604, 12.914394]}, "properties": {"stop_id": "iRgZVaoH", "stop_name": "Attai Company"}}, {"type": "Feature", "geometry": {"type": "Point", "coordinates": [80.22362, 13.03111]}, "properties": {"stop_id": "yFEIEiOj", "stop_name": "Srinivasa Theater"}}, {"type": "Feature", "geometry": {"type": "Point", "coordinates": [80.134192, 13.030499]}, "properties": {"stop_id": "cpfNtAtG", "stop_name": "Dr B R Ambedkar Statue"}}, {"type": "Feature", "geometry": {"type": "Point", "coordinates": [80.212393, 13.047241]}, "properties": {"stop_id": "jIerKxIb", "stop_name": "Vadapalani"}}, {"type": "Feature", "geometry": {"type": "Point", "coordinates": [80.235614, 12.939223]}, "properties": {"stop_id": "JGydtICe", "stop_name": "Mettukuppam"}}, {"type": "Feature", "geometry": {"type": "Point", "coordinates": [80.236691, 13.142206]}, "properties": {"stop_id": "JvDZYJph", "stop_name": "Madhavaram Post Box"}}, {"type": "Feature", "geometry": {"type": "Point", "coordinates": [80.045126, 13.06392]}, "properties": {"stop_id": "jEliwrSM", "stop_name": "Keelmanabedu"}}, {"type": "Feature", "geometry": {"type": "Point", "coordinates": [80.137553, 13.468645]}, "properties": {"stop_id": "wUNonIvB", "stop_name": "Mool Road"}}, {"type": "Feature", "geometry": {"type": "Point", "coordinates": [80.251917, 13.191121]}, "properties": {"stop_id": "YiexuWUO", "stop_name": "Ariyalur Bus Stop"}}, {"type": "Feature", "geometry": {"type": "Point", "coordinates": [80.070878, 13.383037]}, "properties": {"stop_id": "vafAyuvT", "stop_name": "Narayanasamy Kandigai"}}, {"type": "Feature", "geometry": {"type": "Point", "coordinates": [80.064328, 13.145696]}, "properties": {"stop_id": "LIaalPFl", "stop_name": "Muthapudupet"}}, {"type": "Feature", "geometry": {"type": "Point", "coordinates": [80.041031, 12.825786]}, "properties": {"stop_id": "oYdkYEMp", "stop_name": "SRM College"}}, {"type": "Feature", "geometry": {"type": "Point", "coordinates": [80.161368, 13.341716]}, "properties": {"stop_id": "UCALextd", "stop_name": "Mahindra IND Park"}}, {"type": "Feature", "geometry": {"type": "Point", "coordinates": [80.192664, 13.186608]}, "properties": {"stop_id": "cMdRoPmQ", "stop_name": "Vadakarai Rice Mill Or Vadakarai Bypass"}}, {"type": "Feature", "geometry": {"type": "Point", "coordinates": [80.268248, 13.09055]}, "properties": {"stop_id": "fElpHioA", "stop_name": "Choolai Rountana"}}, {"type": "Feature", "geometry": {"type": "Point", "coordinates": [80.165553, 13.227161]}, "properties": {"stop_id": "sTaleXyI", "stop_name": "Sembilivaram Or Nallur Road Junction"}}, {"type": "Feature", "geometry": {"type": "Point", "coordinates": [80.276164, 13.083432]}, "properties": {"stop_id": "JJRlkmgp", "stop_name": "Central Wall Tax Road"}}, {"type": "Feature", "geometry": {"type": "Point", "coordinates": [80.137706, 13.065732]}, "properties": {"stop_id": "buRRNGGe", "stop_name": "Perumal Nagar Junction"}}, {"type": "Feature", "geometry": {"type": "Point", "coordinates": [80.06942, 12.891263]}, "properties": {"stop_id": "YGbVmztp", "stop_name": "Mannivakkam School"}}, {"type": "Feature", "geometry": {"type": "Point", "coordinates": [80.1294, 13.0018]}, "properties": {"stop_id": "ToEONYdV", "stop_name": "Akash Nagar Water Tank"}}, {"type": "Feature", "geometry": {"type": "Point", "coordinates": [80.195298, 13.345158]}, "properties": {"stop_id": "DJxHBCmY", "stop_name": "Chinnakavanam Vade 1"}}, {"type": "Feature", "geometry": {"type": "Point", "coordinates": [80.278943, 13.129224]}, "properties": {"stop_id": "QKdRzNnX", "stop_name": "Tondiarpet Power House"}}, {"type": "Feature", "geometry": {"type": "Point", "coordinates": [80.179014, 13.198778]}, "properties": {"stop_id": "NCSBLEus", "stop_name": "Mondiyaman Nagar"}}, {"type": "Feature", "geometry": {"type": "Point", "coordinates": [80.181551, 13.070037]}, "properties": {"stop_id": "nCsqpnJo", "stop_name": "Vengaya Mandi"}}, {"type": "Feature", "geometry": {"type": "Point", "coordinates": [80.230626, 13.088767]}, "properties": {"stop_id": "QncWjmnC", "stop_name": "Water Tank Kilpauk New Avadi Rd"}}, {"type": "Feature", "geometry": {"type": "Point", "coordinates": [80.199588, 13.45307]}, "properties": {"stop_id": "BcAnDlhE", "stop_name": "Devampattu 1"}}, {"type": "Feature", "geometry": {"type": "Point", "coordinates": [80.069148, 13.213301]}, "properties": {"stop_id": "PYFpJmOq", "stop_name": "Jaya Suriya Engineering College"}}, {"type": "Feature", "geometry": {"type": "Point", "coordinates": [80.159226, 13.118189]}, "properties": {"stop_id": "YwUcqICt", "stop_name": "Indian Bank Colony"}}, {"type": "Feature", "geometry": {"type": "Point", "coordinates": [80.158806, 13.193659]}, "properties": {"stop_id": "gxWRCjNy", "stop_name": "Athithan Nagar"}}, {"type": "Feature", "geometry": {"type": "Point", "coordinates": [80.163754, 13.428307]}, "properties": {"stop_id": "anlBxctW", "stop_name": "Vazhuthalambedu 1"}}, {"type": "Feature", "geometry": {"type": "Point", "coordinates": [79.896144, 12.840308]}, "properties": {"stop_id": "LHNTbQin", "stop_name": "Kunnarakkan"}}, {"type": "Feature", "geometry": {"type": "Point", "coordinates": [80.175838, 13.032922]}, "properties": {"stop_id": "fTKGeENK", "stop_name": "Ramapuram"}}, {"type": "Feature", "geometry": {"type": "Point", "coordinates": [80.259194, 13.113325]}, "properties": {"stop_id": "gpXWTuwm", "stop_name": "Melpatti Ponnaiyan Street Erikkarai"}}, {"type": "Feature", "geometry": {"type": "Point", "coordinates": [80.21593, 12.963018]}, "properties": {"stop_id": "UgdUAhSn", "stop_name": "Kaiveli"}}, {"type": "Feature", "geometry": {"type": "Point", "coordinates": [80.226772, 12.844705]}, "properties": {"stop_id": "SEcoeimf", "stop_name": "Navallur"}}, {"type": "Feature", "geometry": {"type": "Point", "coordinates": [80.197444, 12.741787]}, "properties": {"stop_id": "ucVTqZIB", "stop_name": "Kalavakkam"}}, {"type": "Feature", "geometry": {"type": "Point", "coordinates": [80.152017, 13.082341]}, "properties": {"stop_id": "ZVaTNlgO", "stop_name": "Velammal VIidyala Ayanambakkam"}}, {"type": "Feature", "geometry": {"type": "Point", "coordinates": [80.217059, 13.051555]}, "properties": {"stop_id": "SJHseTdc", "stop_name": "Ram Theatre"}}, {"type": "Feature", "geometry": {"type": "Point", "coordinates": [80.065153, 13.051259]}, "properties": {"stop_id": "IJbUVGLH", "stop_name": "Kundumedu"}}, {"type": "Feature", "geometry": {"type": "Point", "coordinates": [80.174482, 13.039841]}, "properties": {"stop_id": "ZfvMwthQ", "stop_name": "Venkatesawar Nagar"}}, {"type": "Feature", "geometry": {"type": "Point", "coordinates": [80.185037, 12.991967]}, "properties": {"stop_id": "ByhOWHwN", "stop_name": "Kendriya Vidyalaya Minambakkam"}}, {"type": "Feature", "geometry": {"type": "Point", "coordinates": [80.25479, 13.191722]}, "properties": {"stop_id": "NQsRzhNW", "stop_name": "Kanniamman Pettai"}}, {"type": "Feature", "geometry": {"type": "Point", "coordinates": [80.220144, 13.143984]}, "properties": {"stop_id": "TDvESTZN", "stop_name": "Madhavaram Rountana"}}, {"type": "Feature", "geometry": {"type": "Point", "coordinates": [80.137593, 13.065799]}, "properties": {"stop_id": "ygVaThfM", "stop_name": "Perumal Nagar Junction"}}, {"type": "Feature", "geometry": {"type": "Point", "coordinates": [80.016844, 13.412422]}, "properties": {"stop_id": "CxOOaXfM", "stop_name": "Thaanipoondi"}}, {"type": "Feature", "geometry": {"type": "Point", "coordinates": [80.198454, 13.090937]}, "properties": {"stop_id": "lmZJehpq", "stop_name": "Thirumangalam"}}, {"type": "Feature", "geometry": {"type": "Point", "coordinates": [80.11827, 12.987746]}, "properties": {"stop_id": "rmVgnKci", "stop_name": "Karima Nagar"}}, {"type": "Feature", "geometry": {"type": "Point", "coordinates": [80.123907, 13.262137]}, "properties": {"stop_id": "PfZAlPvE", "stop_name": "Thanakulam"}}, {"type": "Feature", "geometry": {"type": "Point", "coordinates": [80.216568, 13.135906]}, "properties": {"stop_id": "KCMgfriT", "stop_name": "RTO Or Kolathur Shastri Nagar"}}, {"type": "Feature", "geometry": {"type": "Point", "coordinates": [80.247078, 12.897845]}, "properties": {"stop_id": "mkMGVFdU", "stop_name": "Akkarai"}}, {"type": "Feature", "geometry": {"type": "Point", "coordinates": [80.287652, 13.104035]}, "properties": {"stop_id": "iVtHnErr", "stop_name": "Bharathi Arts College"}}, {"type": "Feature", "geometry": {"type": "Point", "coordinates": [80.163579, 12.933251]}, "properties": {"stop_id": "WtbGlmGs", "stop_name": "Thirumalai Nagar"}}, {"type": "Feature", "geometry": {"type": "Point", "coordinates": [80.219824, 13.171792]}, "properties": {"stop_id": "MAxpakLW", "stop_name": "Kanniamman Kovil"}}, {"type": "Feature", "geometry": {"type": "Point", "coordinates": [80.27999, 13.32341]}, "properties": {"stop_id": "QBspXqKX", "stop_name": "Kokkumedu"}}, {"type": "Feature", "geometry": {"type": "Point", "coordinates": [80.258918, 13.093137]}, "properties": {"stop_id": "SMriOOgF", "stop_name": "Barracks Road"}}, {"type": "Feature", "geometry": {"type": "Point", "coordinates": [80.104496, 13.145243]}, "properties": {"stop_id": "aLyOqIFS", "stop_name": "Kovilpathagai Bharathi Nagar"}}, {"type": "Feature", "geometry": {"type": "Point", "coordinates": [80.102934, 12.967704]}, "properties": {"stop_id": "FfdGxPiD", "stop_name": "Vazhuthalambedu Road Junction"}}, {"type": "Feature", "geometry": {"type": "Point", "coordinates": [80.219102, 12.971073]}, "properties": {"stop_id": "HcKLTTXk", "stop_name": "Velachery Railway Station"}}, {"type": "Feature", "geometry": {"type": "Point", "coordinates": [80.270672, 13.0837]}, "properties": {"stop_id": "FDPmqphv", "stop_name": "Periyamedu"}}, {"type": "Feature", "geometry": {"type": "Point", "coordinates": [80.150347, 12.95868]}, "properties": {"stop_id": "SapgsLPr", "stop_name": "Pallavaram New Bridge"}}, {"type": "Feature", "geometry": {"type": "Point", "coordinates": [80.210431, 12.886758]}, "properties": {"stop_id": "itazcziQ", "stop_name": "Perumbakkam"}}, {"type": "Feature", "geometry": {"type": "Point", "coordinates": [80.254001, 13.048223]}, "properties": {"stop_id": "Afgbwxue", "stop_name": "Stella Marys College"}}, {"type": "Feature", "geometry": {"type": "Point", "coordinates": [80.242645, 13.023104]}, "properties": {"stop_id": "MmtauPfr", "stop_name": "Kotturpuram"}}, {"type": "Feature", "geometry": {"type": "Point", "coordinates": [80.189806, 13.101294]}, "properties": {"stop_id": "yLFlKjKg", "stop_name": "Padi Lucas TVS"}}, {"type": "Feature", "geometry": {"type": "Point", "coordinates": [80.27332, 13.081536]}, "properties": {"stop_id": "PSjGjQXK", "stop_name": "Park Station"}}, {"type": "Feature", "geometry": {"type": "Point", "coordinates": [79.941511, 12.955246]}, "properties": {"stop_id": "AnlrdaBb", "stop_name": "Vallakottai Koot Road"}}, {"type": "Feature", "geometry": {"type": "Point", "coordinates": [80.145631, 12.961434]}, "properties": {"stop_id": "cIQOVqQI", "stop_name": "Ponds Company"}}, {"type": "Feature", "geometry": {"type": "Point", "coordinates": [80.302576, 13.160633]}, "properties": {"stop_id": "oVNIhiyF", "stop_name": "Theradi"}}, {"type": "Feature", "geometry": {"type": "Point", "coordinates": [80.152955, 12.973428]}, "properties": {"stop_id": "oynLwMrX", "stop_name": "Pallavaram Or English Electrical"}}, {"type": "Feature", "geometry": {"type": "Point", "coordinates": [80.072548, 12.859847]}, "properties": {"stop_id": "vwlVkOsL", "stop_name": "Urapakkam Main Road"}}, {"type": "Feature", "geometry": {"type": "Point", "coordinates": [80.160841, 13.077395]}, "properties": {"stop_id": "wggFpXDl", "stop_name": "Indira Gandhi Street"}}, {"type": "Feature", "geometry": {"type": "Point", "coordinates": [80.27995, 13.176225]}, "properties": {"stop_id": "BldTZUAI", "stop_name": "TPL"}}, {"type": "Feature", "geometry": {"type": "Point", "coordinates": [79.972347, 12.868759]}, "properties": {"stop_id": "njohAsHY", "stop_name": "Nariyambakkam"}}, {"type": "Feature", "geometry": {"type": "Point", "coordinates": [80.18392, 12.949355]}, "properties": {"stop_id": "FoqpqGcp", "stop_name": "Eachangadu Junction"}}, {"type": "Feature", "geometry": {"type": "Point", "coordinates": [80.022792, 13.1247]}, "properties": {"stop_id": "JEpPbBSc", "stop_name": "Thiruninravur IOB Bank"}}, {"type": "Feature", "geometry": {"type": "Point", "coordinates": [80.297262, 13.134136]}, "properties": {"stop_id": "zXtHnUiq", "stop_name": "N4 Police Station"}}, {"type": "Feature", "geometry": {"type": "Point", "coordinates": [80.221085, 12.975966]}, "properties": {"stop_id": "zUgDRwiy", "stop_name": "Velachery"}}, {"type": "Feature", "geometry": {"type": "Point", "coordinates": [80.182897, 12.944787]}, "properties": {"stop_id": "qXMrbZDt", "stop_name": "Veeramani Nagar"}}, {"type": "Feature", "geometry": {"type": "Point", "coordinates": [80.009212, 13.089283]}, "properties": {"stop_id": "exRzHfND", "stop_name": "Puduchatram"}}, {"type": "Feature", "geometry": {"type": "Point", "coordinates": [80.215802, 13.124287]}, "properties": {"stop_id": "ZikMDjVp", "stop_name": "South Mada Street"}}, {"type": "Feature", "geometry": {"type": "Point", "coordinates": [80.195976, 13.037318]}, "properties": {"stop_id": "MGitFLID", "stop_name": "M G R Nagar"}}, {"type": "Feature", "geometry": {"type": "Point", "coordinates": [80.257457, 13.039348]}, "properties": {"stop_id": "xaaBiNQT", "stop_name": "Cit Colony"}}, {"type": "Feature", "geometry": {"type": "Point", "coordinates": [80.154058, 12.923332]}, "properties": {"stop_id": "HajxumVd", "stop_name": "Kamarajapuram Camp Road"}}, {"type": "Feature", "geometry": {"type": "Point", "coordinates": [80.033111, 13.071096]}, "properties": {"stop_id": "gcvwQKzE", "stop_name": "Coca Cola Company"}}, {"type": "Feature", "geometry": {"type": "Point", "coordinates": [80.19157, 13.046671]}, "properties": {"stop_id": "pRsoSsPh", "stop_name": "Virugambakkam"}}, {"type": "Feature", "geometry": {"type": "Point", "coordinates": [80.047284, 13.312801]}, "properties": {"stop_id": "thxCXWVL", "stop_name": "Periyapalayam Police Station"}}, {"type": "Feature", "geometry": {"type": "Point", "coordinates": [80.136355, 12.887806]}, "properties": {"stop_id": "brwCoXzb", "stop_name": "Lydia Matriculation School"}}, {"type": "Feature", "geometry": {"type": "Point", "coordinates": [80.206588, 12.994695]}, "properties": {"stop_id": "xwyDeZpB", "stop_name": "Adambakkam Depot"}}, {"type": "Feature", "geometry": {"type": "Point", "coordinates": [80.262471, 13.162496]}, "properties": {"stop_id": "WSMobtPt", "stop_name": "Manali Meenakshi Theatre"}}, {"type": "Feature", "geometry": {"type": "Point", "coordinates": [80.03932, 13.066682]}, "properties": {"stop_id": "NAwFzVQz", "stop_name": "Mel Menambedu"}}, {"type": "Feature", "geometry": {"type": "Point", "coordinates": [80.205413, 13.122189]}, "properties": {"stop_id": "juEhgeLi", "stop_name": "Rajamangalam Police Station"}}, {"type": "Feature", "geometry": {"type": "Point", "coordinates": [80.047643, 13.215283]}, "properties": {"stop_id": "pbsOcZdr", "stop_name": "Magaral Kandigai"}}, {"type": "Feature", "geometry": {"type": "Point", "coordinates": [80.313312, 13.176879]}, "properties": {"stop_id": "JjkwBsaR", "stop_name": "MRF Beach Road"}}, {"type": "Feature", "geometry": {"type": "Point", "coordinates": [80.062562, 12.98382]}, "properties": {"stop_id": "mZFKHZkN", "stop_name": "Nandambakkam"}}, {"type": "Feature", "geometry": {"type": "Point", "coordinates": [80.140477, 13.132496]}, "properties": {"stop_id": "KdEmbmsx", "stop_name": "Saraswathi Nagar"}}, {"type": "Feature", "geometry": {"type": "Point", "coordinates": [80.266392, 13.161752]}, "properties": {"stop_id": "ussSBeXM", "stop_name": "Corporation Journal Office"}}, {"type": "Feature", "geometry": {"type": "Point", "coordinates": [80.24984, 13.006673]}, "properties": {"stop_id": "IHZGJZTs", "stop_name": "Adyar Gandhi Nagar"}}, {"type": "Feature", "geometry": {"type": "Point", "coordinates": [80.256957, 12.996938]}, "properties": {"stop_id": "oBtsEQRM", "stop_name": "Adyar Depot"}}, {"type": "Feature", "geometry": {"type": "Point", "coordinates": [80.07918, 12.954686]}, "properties": {"stop_id": "RElITdVd", "stop_name": "Kanniyamman Temple"}}, {"type": "Feature", "geometry": {"type": "Point", "coordinates": [80.145855, 13.022502]}, "properties": {"stop_id": "xOhGqygU", "stop_name": "Madhanandapuram"}}, {"type": "Feature", "geometry": {"type": "Point", "coordinates": [80.157578, 13.247051]}, "properties": {"stop_id": "HNejbQWJ", "stop_name": "Karanodai"}}, {"type": "Feature", "geometry": {"type": "Point", "coordinates": [80.08724, 13.377811]}, "properties": {"stop_id": "ZVTOmRdq", "stop_name": "Lakshmipuram"}}, {"type": "Feature", "geometry": {"type": "Point", "coordinates": [80.20678, 12.6549]}, "properties": {"stop_id": "XQUhYonT", "stop_name": "Salmon Kuppam"}}, {"type": "Feature", "geometry": {"type": "Point", "coordinates": [80.292271, 13.094077]}, "properties": {"stop_id": "OsBkWRQx", "stop_name": "Beach Station"}}, {"type": "Feature", "geometry": {"type": "Point", "coordinates": [80.230978, 13.040705]}, "properties": {"stop_id": "RWixPrCB", "stop_name": "Duraiswamy Subway Or Pothys"}}, {"type": "Feature", "geometry": {"type": "Point", "coordinates": [80.241179, 13.110041]}, "properties": {"stop_id": "eOdwAkBF", "stop_name": "Ludthu School"}}, {"type": "Feature", "geometry": {"type": "Point", "coordinates": [80.211239, 13.312638]}, "properties": {"stop_id": "ZCeMNbFi", "stop_name": "Pulikulam"}}, {"type": "Feature", "geometry": {"type": "Point", "coordinates": [79.537964, 12.02442]}, "properties": {"stop_id": "UPoJKlTB", "stop_name": "Vikravandi Toll Plaza"}}, {"type": "Feature", "geometry": {"type": "Point", "coordinates": [80.250243, 13.084833]}, "properties": {"stop_id": "jzhhipmd", "stop_name": "Motcham Aysha Hospital Or Motcham Theatre"}}, {"type": "Feature", "geometry": {"type": "Point", "coordinates": [80.197946, 13.087079]}, "properties": {"stop_id": "vRWSdFEN", "stop_name": "Thirumangalam EB Office"}}, {"type": "Feature", "geometry": {"type": "Point", "coordinates": [80.13009, 13.011882]}, "properties": {"stop_id": "IkwHYYuh", "stop_name": "Periyapanicherry Church"}}, {"type": "Feature", "geometry": {"type": "Point", "coordinates": [80.208433, 13.03873]}, "properties": {"stop_id": "EdqXvVeI", "stop_name": "Velankanni Matric Higher Secondary School"}}, {"type": "Feature", "geometry": {"type": "Point", "coordinates": [80.081987, 12.89356]}, "properties": {"stop_id": "OdbRrJhV", "stop_name": "Vandalur"}}, {"type": "Feature", "geometry": {"type": "Point", "coordinates": [80.276686, 13.029729]}, "properties": {"stop_id": "RDRtuZUD", "stop_name": "Kuil Thoppu"}}, {"type": "Feature", "geometry": {"type": "Point", "coordinates": [80.148109, 13.036285]}, "properties": {"stop_id": "EYgpmtHR", "stop_name": "Retteri Gandhi Nagar"}}, {"type": "Feature", "geometry": {"type": "Point", "coordinates": [80.293134, 13.135129]}, "properties": {"stop_id": "wWcBzuvM", "stop_name": "Lakshmi Amman Koil"}}, {"type": "Feature", "geometry": {"type": "Point", "coordinates": [80.246275, 13.107247]}, "properties": {"stop_id": "DCdKJxNH", "stop_name": "Mangalapuri Or Perambu"}}, {"type": "Feature", "geometry": {"type": "Point", "coordinates": [79.960279, 12.860435]}, "properties": {"stop_id": "XAYpuJXt", "stop_name": "Vattambakkam"}}, {"type": "Feature", "geometry": {"type": "Point", "coordinates": [80.206189, 12.651303]}, "properties": {"stop_id": "kGQEnBYZ", "stop_name": "Devaneri"}}, {"type": "Feature", "geometry": {"type": "Point", "coordinates": [80.128571, 13.083331]}, "properties": {"stop_id": "VMhLZsWx", "stop_name": "Madha Church"}}, {"type": "Feature", "geometry": {"type": "Point", "coordinates": [80.290234, 13.125075]}, "properties": {"stop_id": "wrQYrTaC", "stop_name": "Varadharaja Perumal Koil"}}, {"type": "Feature", "geometry": {"type": "Point", "coordinates": [79.988253, 12.738085]}, "properties": {"stop_id": "XQGQJTfc", "stop_name": "Paranur"}}, {"type": "Feature", "geometry": {"type": "Point", "coordinates": [80.013402, 13.093478]}, "properties": {"stop_id": "YkRwsmPU", "stop_name": "Kottamedu"}}, {"type": "Feature", "geometry": {"type": "Point", "coordinates": [80.02264, 13.135155]}, "properties": {"stop_id": "ETbpojBo", "stop_name": "Nadukuthagai Indane GAS Company"}}, {"type": "Feature", "geometry": {"type": "Point", "coordinates": [80.226826, 12.871946]}, "properties": {"stop_id": "KnIeolpt", "stop_name": "Satyabhama University"}}, {"type": "Feature", "geometry": {"type": "Point", "coordinates": [80.184331, 13.110742]}, "properties": {"stop_id": "yjLBxira", "stop_name": "Street No 57"}}, {"type": "Feature", "geometry": {"type": "Point", "coordinates": [80.093283, 13.211797]}, "properties": {"stop_id": "IMzgpfjO", "stop_name": "Vanianchathiram"}}, {"type": "Feature", "geometry": {"type": "Point", "coordinates": [80.196082, 12.774333]}, "properties": {"stop_id": "YoiymRxk", "stop_name": "Chinnama Nagar"}}, {"type": "Feature", "geometry": {"type": "Point", "coordinates": [80.174368, 12.647722]}, "properties": {"stop_id": "gjjwmxRV", "stop_name": "Payyanur Rice Mill"}}, {"type": "Feature", "geometry": {"type": "Point", "coordinates": [80.252316, 13.173789]}, "properties": {"stop_id": "hCUvXluM", "stop_name": "Amman Koil"}}, {"type": "Feature", "geometry": {"type": "Point", "coordinates": [80.118626, 12.927652]}, "properties": {"stop_id": "WjGJosho", "stop_name": "Tambaram West Bus Stand"}}, {"type": "Feature", "geometry": {"type": "Point", "coordinates": [80.270552, 13.208072]}, "properties": {"stop_id": "KwXNMHkb", "stop_name": "Manali New Town Or Milk Booth"}}, {"type": "Feature", "geometry": {"type": "Point", "coordinates": [80.106799, 13.022357]}, "properties": {"stop_id": "bYKKzRQT", "stop_name": "Kozhumanivakkam"}}, {"type": "Feature", "geometry": {"type": "Point", "coordinates": [80.273189, 13.081348]}, "properties": {"stop_id": "yhXmuUeN", "stop_name": "Park Station"}}, {"type": "Feature", "geometry": {"type": "Point", "coordinates": [80.109321, 13.081672]}, "properties": {"stop_id": "dgLtpUgu", "stop_name": "Melpakkam"}}, {"type": "Feature", "geometry": {"type": "Point", "coordinates": [80.1651, 12.827749]}, "properties": {"stop_id": "aDfjbwoX", "stop_name": "Mambakkam"}}, {"type": "Feature", "geometry": {"type": "Point", "coordinates": [80.22164, 13.041681]}, "properties": {"stop_id": "mBSaKJib", "stop_name": "Anjugam School"}}, {"type": "Feature", "geometry": {"type": "Point", "coordinates": [80.290078, 13.171437]}, "properties": {"stop_id": "XfoHenDx", "stop_name": "Karkil Puram"}}, {"type": "Feature", "geometry": {"type": "Point", "coordinates": [80.260914, 13.104249]}, "properties": {"stop_id": "IMtkgxTU", "stop_name": "Madhavaram Aaduthotti"}}, {"type": "Feature", "geometry": {"type": "Point", "coordinates": [80.198878, 13.238018]}, "properties": {"stop_id": "rluMkzbt", "stop_name": "Budur"}}, {"type": "Feature", "geometry": {"type": "Point", "coordinates": [80.17323, 12.900137]}, "properties": {"stop_id": "LWMiptXI", "stop_name": "Gandhi Nagar Or Venkaivasal"}}, {"type": "Feature", "geometry": {"type": "Point", "coordinates": [80.200655, 12.806199]}, "properties": {"stop_id": "zTCljsJK", "stop_name": "Cosmo City"}}, {"type": "Feature", "geometry": {"type": "Point", "coordinates": [80.054615, 12.96526]}, "properties": {"stop_id": "NkxXRBvj", "stop_name": "Sri  Sellai Amman Kovil"}}, {"type": "Feature", "geometry": {"type": "Point", "coordinates": [80.155728, 13.425152]}, "properties": {"stop_id": "IKquIbHX", "stop_name": "Vazhuthalambedu 2"}}, {"type": "Feature", "geometry": {"type": "Point", "coordinates": [80.170563, 12.876494]}, "properties": {"stop_id": "zjSZrmjo", "stop_name": "Kandigai Junction"}}, {"type": "Feature", "geometry": {"type": "Point", "coordinates": [80.170259, 12.879922]}, "properties": {"stop_id": "IANlmbvg", "stop_name": "Kovilanchery Colony Or Thaila Maram"}}, {"type": "Feature", "geometry": {"type": "Point", "coordinates": [80.182742, 13.437873]}, "properties": {"stop_id": "smhnGuEj", "stop_name": "Seganiyam 1"}}, {"type": "Feature", "geometry": {"type": "Point", "coordinates": [80.13793, 13.141413]}, "properties": {"stop_id": "bPMnvhIP", "stop_name": "Thirumullaivoyal Colony"}}, {"type": "Feature", "geometry": {"type": "Point", "coordinates": [80.095699, 13.081294]}, "properties": {"stop_id": "mvSwkBgn", "stop_name": "Mettuppalaiyam"}}, {"type": "Feature", "geometry": {"type": "Point", "coordinates": [80.080815, 12.880556]}, "properties": {"stop_id": "gzTQJVMW", "stop_name": "Vandalur Zoo"}}, {"type": "Feature", "geometry": {"type": "Point", "coordinates": [80.190243, 13.135502]}, "properties": {"stop_id": "ASOyxnpu", "stop_name": "Madanankuppam Or Korattur Village"}}, {"type": "Feature", "geometry": {"type": "Point", "coordinates": [80.157539, 13.24699]}, "properties": {"stop_id": "rxrORjnb", "stop_name": "Karanodai"}}, {"type": "Feature", "geometry": {"type": "Point", "coordinates": [80.162627, 12.92291]}, "properties": {"stop_id": "LXShvwrY", "stop_name": "Advent Christian Church Sembakkam"}}, {"type": "Feature", "geometry": {"type": "Point", "coordinates": [80.230731, 13.029253]}, "properties": {"stop_id": "bZroqIhX", "stop_name": "CIT Nagar"}}, {"type": "Feature", "geometry": {"type": "Point", "coordinates": [80.173421, 12.860747]}, "properties": {"stop_id": "tfRCwcQZ", "stop_name": "Ponmar"}}, {"type": "Feature", "geometry": {"type": "Point", "coordinates": [79.91803, 13.110322]}, "properties": {"stop_id": "kjmHgYUi", "stop_name": "Ondikuppam"}}, {"type": "Feature", "geometry": {"type": "Point", "coordinates": [80.31717, 13.202705]}, "properties": {"stop_id": "lCifaItn", "stop_name": "Ernavoor Kuppam"}}, {"type": "Feature", "geometry": {"type": "Point", "coordinates": [80.187461, 13.189656]}, "properties": {"stop_id": "twlwLPZj", "stop_name": "Redhills Market"}}, {"type": "Feature", "geometry": {"type": "Point", "coordinates": [80.141423, 12.897008]}, "properties": {"stop_id": "lrlWhBjT", "stop_name": "Lakshmi Ammal Engineer College"}}, {"type": "Feature", "geometry": {"type": "Point", "coordinates": [80.029606, 13.194258]}, "properties": {"stop_id": "vHItlPPU", "stop_name": "Komakkambedu"}}, {"type": "Feature", "geometry": {"type": "Point", "coordinates": [80.143582, 13.124411]}, "properties": {"stop_id": "FlYjxOxQ", "stop_name": "Stedford Hospital"}}, {"type": "Feature", "geometry": {"type": "Point", "coordinates": [80.182904, 12.971358]}, "properties": {"stop_id": "QzUmfmWq", "stop_name": "Ezhurammal Koil"}}, {"type": "Feature", "geometry": {"type": "Point", "coordinates": [80.262444, 13.162414]}, "properties": {"stop_id": "QeEdlYuU", "stop_name": "Manali Meenakshi Theatre"}}, {"type": "Feature", "geometry": {"type": "Point", "coordinates": [80.318152, 13.21248]}, "properties": {"stop_id": "hZxMsAHQ", "stop_name": "Hinduja Foundries"}}, {"type": "Feature", "geometry": {"type": "Point", "coordinates": [80.215739, 13.294515]}, "properties": {"stop_id": "WmxXwpoc", "stop_name": "Elavambedu"}}, {"type": "Feature", "geometry": {"type": "Point", "coordinates": [80.111128, 13.046459]}, "properties": {"stop_id": "rnFrOJMw", "stop_name": "Karayanchavadi"}}, {"type": "Feature", "geometry": {"type": "Point", "coordinates": [80.260965, 13.281809]}, "properties": {"stop_id": "EFaiAjAK", "stop_name": "Minjur Railway Station"}}, {"type": "Feature", "geometry": {"type": "Point", "coordinates": [79.942975, 13.179688]}, "properties": {"stop_id": "ILhwWAuu", "stop_name": "Othikkadu"}}, {"type": "Feature", "geometry": {"type": "Point", "coordinates": [80.267407, 12.995713]}, "properties": {"stop_id": "jIFrASnh", "stop_name": "Besant Nagar"}}, {"type": "Feature", "geometry": {"type": "Point", "coordinates": [80.111032, 13.026743]}, "properties": {"stop_id": "tYBUyXXf", "stop_name": "Pattur Road Junction"}}, {"type": "Feature", "geometry": {"type": "Point", "coordinates": [80.029978, 13.058288]}, "properties": {"stop_id": "ZEXMhMxR", "stop_name": "Kuthambakkam"}}, {"type": "Feature", "geometry": {"type": "Point", "coordinates": [80.238358, 13.192609]}, "properties": {"stop_id": "oSlWllmq", "stop_name": "Periyar Nagar"}}, {"type": "Feature", "geometry": {"type": "Point", "coordinates": [80.032442, 12.969324]}, "properties": {"stop_id": "vXHOZRfg", "stop_name": "Nallur Check Post"}}, {"type": "Feature", "geometry": {"type": "Point", "coordinates": [80.116062, 12.947738]}, "properties": {"stop_id": "kDvrGahi", "stop_name": "Burma Colony"}}, {"type": "Feature", "geometry": {"type": "Point", "coordinates": [80.152073, 13.095526]}, "properties": {"stop_id": "WNBbnPOh", "stop_name": "Kalaivanar Nagar"}}, {"type": "Feature", "geometry": {"type": "Point", "coordinates": [80.251661, 12.987417]}, "properties": {"stop_id": "qjwSVoCq", "stop_name": "Tidel Park"}}, {"type": "Feature", "geometry": {"type": "Point", "coordinates": [80.098317, 13.065295]}, "properties": {"stop_id": "MTGLsZPE", "stop_name": "Parivakkam Chatram"}}, {"type": "Feature", "geometry": {"type": "Point", "coordinates": [79.861748, 13.030978]}, "properties": {"stop_id": "WMODaVhE", "stop_name": "Mappedu Old Police Station"}}, {"type": "Feature", "geometry": {"type": "Point", "coordinates": [80.2575, 13.057332]}, "properties": {"stop_id": "vzxcaINQ", "stop_name": "Anand Theatre or Thousand Light"}}, {"type": "Feature", "geometry": {"type": "Point", "coordinates": [80.132995, 12.93807]}, "properties": {"stop_id": "GjpldjkU", "stop_name": "Tambaram Sanatorium Railway Station"}}, {"type": "Feature", "geometry": {"type": "Point", "coordinates": [80.128606, 13.083317]}, "properties": {"stop_id": "zKlIayrT", "stop_name": "Madha Church"}}, {"type": "Feature", "geometry": {"type": "Point", "coordinates": [79.944795, 12.96664]}, "properties": {"stop_id": "VYHZxBYO", "stop_name": "Sriperumbudur Bus Terminal"}}, {"type": "Feature", "geometry": {"type": "Point", "coordinates": [80.002556, 13.440239]}, "properties": {"stop_id": "rpRStibJ", "stop_name": "Nomalur"}}, {"type": "Feature", "geometry": {"type": "Point", "coordinates": [80.036577, 13.133389]}, "properties": {"stop_id": "TeSdyMFH", "stop_name": "Natthamedu"}}, {"type": "Feature", "geometry": {"type": "Point", "coordinates": [80.24331, 13.040128]}, "properties": {"stop_id": "WeXgsZLY", "stop_name": "Pondy Bazar Globus"}}, {"type": "Feature", "geometry": {"type": "Point", "coordinates": [80.226851, 13.067997]}, "properties": {"stop_id": "WSTcrrBn", "stop_name": "Metha Nagar"}}, {"type": "Feature", "geometry": {"type": "Point", "coordinates": [80.264171, 13.026432]}, "properties": {"stop_id": "xjaGpszF", "stop_name": "C I D Quarters Mandaveli"}}, {"type": "Feature", "geometry": {"type": "Point", "coordinates": [80.006592, 13.094374]}, "properties": {"stop_id": "SdkcBhFl", "stop_name": "Periya Kottamedu"}}, {"type": "Feature", "geometry": {"type": "Point", "coordinates": [80.185342, 13.195494]}, "properties": {"stop_id": "TtVVOWLP", "stop_name": "Palavoyal"}}, {"type": "Feature", "geometry": {"type": "Point", "coordinates": [80.097722, 13.135727]}, "properties": {"stop_id": "WWVpYMJI", "stop_name": "HVF Main Gate"}}, {"type": "Feature", "geometry": {"type": "Point", "coordinates": [80.033258, 13.132533]}, "properties": {"stop_id": "kzVeZOug", "stop_name": "Punchamman Temple"}}, {"type": "Feature", "geometry": {"type": "Point", "coordinates": [80.025449, 12.701091]}, "properties": {"stop_id": "vlhncUdg", "stop_name": "Karpurath Amman Koil"}}, {"type": "Feature", "geometry": {"type": "Point", "coordinates": [80.159873, 13.242564]}, "properties": {"stop_id": "QOMpmplr", "stop_name": "Sholavaram High School Or BDO Office"}}, {"type": "Feature", "geometry": {"type": "Point", "coordinates": [80.291765, 13.109058]}, "properties": {"stop_id": "cCEhgrAc", "stop_name": "Royapuram Market"}}, {"type": "Feature", "geometry": {"type": "Point", "coordinates": [80.062998, 13.043198]}, "properties": {"stop_id": "wRTYbalx", "stop_name": "Chembarambakkam Koil"}}, {"type": "Feature", "geometry": {"type": "Point", "coordinates": [80.231573, 13.115934]}, "properties": {"stop_id": "QdIKKqKN", "stop_name": "Peravallur"}}, {"type": "Feature", "geometry": {"type": "Point", "coordinates": [79.91039, 13.127554]}, "properties": {"stop_id": "BsRMZbGV", "stop_name": "Goverment Hospital Tiruvallur"}}, {"type": "Feature", "geometry": {"type": "Point", "coordinates": [80.262471, 13.050876]}, "properties": {"stop_id": "JXTJImqP", "stop_name": "Gowdia Mutt"}}, {"type": "Feature", "geometry": {"type": "Point", "coordinates": [80.241751, 13.108858]}, "properties": {"stop_id": "FDCDnriY", "stop_name": "Perambur Church"}}, {"type": "Feature", "geometry": {"type": "Point", "coordinates": [80.099812, 13.003639]}, "properties": {"stop_id": "JGAJXRSN", "stop_name": "Kundrathur Nalu Road Or Kolachery Junction"}}, {"type": "Feature", "geometry": {"type": "Point", "coordinates": [80.274052, 13.057292]}, "properties": {"stop_id": "XPasGtVj", "stop_name": "Kelet High School"}}, {"type": "Feature", "geometry": {"type": "Point", "coordinates": [80.227905, 13.138968]}, "properties": {"stop_id": "XiRzIewe", "stop_name": "Kalpana Lamps"}}, {"type": "Feature", "geometry": {"type": "Point", "coordinates": [80.213067, 12.770894]}, "properties": {"stop_id": "azqUKhQu", "stop_name": "Chenganmal Road Junction"}}, {"type": "Feature", "geometry": {"type": "Point", "coordinates": [80.131831, 12.960222]}, "properties": {"stop_id": "KENvRSom", "stop_name": "Jones"}}, {"type": "Feature", "geometry": {"type": "Point", "coordinates": [79.993929, 13.114593]}, "properties": {"stop_id": "gcvrclRe", "stop_name": "Perumalpattu"}}, {"type": "Feature", "geometry": {"type": "Point", "coordinates": [80.26575, 13.115407]}, "properties": {"stop_id": "kZdBhxvo", "stop_name": "Vyasarpadi Ashok Pillar"}}, {"type": "Feature", "geometry": {"type": "Point", "coordinates": [80.085699, 12.967371]}, "properties": {"stop_id": "xAcbGwmk", "stop_name": "Mudhu Kovil"}}, {"type": "Feature", "geometry": {"type": "Point", "coordinates": [80.223974, 13.412433]}, "properties": {"stop_id": "ExMxhtei", "stop_name": "Avoor Thope"}}, {"type": "Feature", "geometry": {"type": "Point", "coordinates": [80.113994, 13.056483]}, "properties": {"stop_id": "SlEBxfyW", "stop_name": "Senneerkuppam"}}, {"type": "Feature", "geometry": {"type": "Point", "coordinates": [80.207389, 13.105492]}, "properties": {"stop_id": "VUTBmskZ", "stop_name": "Villivakkam Sivan Koil"}}, {"type": "Feature", "geometry": {"type": "Point", "coordinates": [80.023506, 13.101492]}, "properties": {"stop_id": "zjuuJEOg", "stop_name": "Ponniyammanmedu"}}, {"type": "Feature", "geometry": {"type": "Point", "coordinates": [80.252627, 13.13166]}, "properties": {"stop_id": "dTWbWYya", "stop_name": "Vyasarpadi Sidco"}}, {"type": "Feature", "geometry": {"type": "Point", "coordinates": [80.067586, 13.12015]}, "properties": {"stop_id": "PHuvYJrP", "stop_name": "Vao Office"}}, {"type": "Feature", "geometry": {"type": "Point", "coordinates": [80.025478, 13.153927]}, "properties": {"stop_id": "dpFXbFTh", "stop_name": "Pakkam Village"}}, {"type": "Feature", "geometry": {"type": "Point", "coordinates": [80.227877, 13.138807]}, "properties": {"stop_id": "AUBTKFbY", "stop_name": "Kalpana Lamps"}}, {"type": "Feature", "geometry": {"type": "Point", "coordinates": [80.211261, 13.065181]}, "properties": {"stop_id": "fmQEzQWV", "stop_name": "MMDA Colony Road Junction"}}, {"type": "Feature", "geometry": {"type": "Point", "coordinates": [80.107115, 12.886835]}, "properties": {"stop_id": "HpZlYWor", "stop_name": "Alapakkam"}}, {"type": "Feature", "geometry": {"type": "Point", "coordinates": [80.236788, 13.035582]}, "properties": {"stop_id": "zAwPDfkg", "stop_name": "Perumal Koil"}}, {"type": "Feature", "geometry": {"type": "Point", "coordinates": [80.280883, 13.05037]}, "properties": {"stop_id": "ppabfQGz", "stop_name": "Swami Vivekananda House"}}, {"type": "Feature", "geometry": {"type": "Point", "coordinates": [80.271702, 13.043832]}, "properties": {"stop_id": "YyXnCqJL", "stop_name": "City Centre Or Kalyani Hospital"}}, {"type": "Feature", "geometry": {"type": "Point", "coordinates": [80.228458, 13.030349]}, "properties": {"stop_id": "DkqFSkSd", "stop_name": "Kannammapettai Burial Ground"}}, {"type": "Feature", "geometry": {"type": "Point", "coordinates": [80.145613, 13.314627]}, "properties": {"stop_id": "spmlaYUs", "stop_name": "Peravallur"}}, {"type": "Feature", "geometry": {"type": "Point", "coordinates": [80.175761, 12.890951]}, "properties": {"stop_id": "MhGEPaGW", "stop_name": "Housing Board Sithalapakam"}}, {"type": "Feature", "geometry": {"type": "Point", "coordinates": [80.305631, 13.158137]}, "properties": {"stop_id": "tjcxfrSB", "stop_name": "Apparswamy Kovil"}}, {"type": "Feature", "geometry": {"type": "Point", "coordinates": [80.215162, 13.253856]}, "properties": {"stop_id": "xKAfsjzf", "stop_name": "Venkatesa Perumal Koil Street"}}, {"type": "Feature", "geometry": {"type": "Point", "coordinates": [80.110919, 13.027214]}, "properties": {"stop_id": "CLqSCDPt", "stop_name": "Pattur Koot Road"}}, {"type": "Feature", "geometry": {"type": "Point", "coordinates": [80.241283, 13.040197]}, "properties": {"stop_id": "VyegGjWt", "stop_name": "Holy Angels School"}}, {"type": "Feature", "geometry": {"type": "Point", "coordinates": [80.143095, 12.912504]}, "properties": {"stop_id": "cfakSbWj", "stop_name": "Indira Nagar Camp Road"}}, {"type": "Feature", "geometry": {"type": "Point", "coordinates": [80.184849, 13.099273]}, "properties": {"stop_id": "SgSmBRUr", "stop_name": "Yadhava Street"}}, {"type": "Feature", "geometry": {"type": "Point", "coordinates": [80.25926, 13.124773]}, "properties": {"stop_id": "CPPLrzGV", "stop_name": "M K B Nagar"}}, {"type": "Feature", "geometry": {"type": "Point", "coordinates": [80.265442, 13.060421]}, "properties": {"stop_id": "LOkvvGyU", "stop_name": "Express Avenue"}}, {"type": "Feature", "geometry": {"type": "Point", "coordinates": [80.03793, 13.142169]}, "properties": {"stop_id": "QHulIYnO", "stop_name": "Nashik Nagar"}}, {"type": "Feature", "geometry": {"type": "Point", "coordinates": [80.201594, 13.036295]}, "properties": {"stop_id": "BeiMHrtx", "stop_name": "M G R Nagar Market"}}, {"type": "Feature", "geometry": {"type": "Point", "coordinates": [80.27015, 13.021067]}, "properties": {"stop_id": "LfENZYTF", "stop_name": "MRC Nagar"}}, {"type": "Feature", "geometry": {"type": "Point", "coordinates": [80.188638, 12.965974]}, "properties": {"stop_id": "wteskcXn", "stop_name": "UTI Bank Or Madipakkam Road Junction"}}, {"type": "Feature", "geometry": {"type": "Point", "coordinates": [80.261691, 13.039411]}, "properties": {"stop_id": "PYpgWopD", "stop_name": "Isabella Hospital"}}, {"type": "Feature", "geometry": {"type": "Point", "coordinates": [80.276141, 13.103957]}, "properties": {"stop_id": "uiYVYPQX", "stop_name": "Vallalar Nagar Bus Depot"}}, {"type": "Feature", "geometry": {"type": "Point", "coordinates": [80.118854, 13.235051]}, "properties": {"stop_id": "BOULhmAk", "stop_name": "New Erumai Vetti Palayam 1 stop"}}, {"type": "Feature", "geometry": {"type": "Point", "coordinates": [80.063834, 13.145713]}, "properties": {"stop_id": "VXqnYnlT", "stop_name": "Muthapudupet"}}, {"type": "Feature", "geometry": {"type": "Point", "coordinates": [80.275605, 13.082025]}, "properties": {"stop_id": "qImkSNIh", "stop_name": "MGR Central Station"}}, {"type": "Feature", "geometry": {"type": "Point", "coordinates": [80.253752, 13.085608]}, "properties": {"stop_id": "qvujbmjR", "stop_name": "Purasaivakkam Tank"}}, {"type": "Feature", "geometry": {"type": "Point", "coordinates": [80.087092, 12.919849]}, "properties": {"stop_id": "PkIPVRtB", "stop_name": "Sri Padmavathi Mahal"}}, {"type": "Feature", "geometry": {"type": "Point", "coordinates": [80.1543, 12.904102]}, "properties": {"stop_id": "GFWgXvCF", "stop_name": "ALS Nagar"}}, {"type": "Feature", "geometry": {"type": "Point", "coordinates": [80.166512, 13.052293]}, "properties": {"stop_id": "kltlGPhk", "stop_name": "Meenakshi Dental"}}, {"type": "Feature", "geometry": {"type": "Point", "coordinates": [80.112584, 13.071047]}, "properties": {"stop_id": "watqBVeC", "stop_name": "Veeraraghavapuram"}}, {"type": "Feature", "geometry": {"type": "Point", "coordinates": [80.069946, 13.146547]}, "properties": {"stop_id": "XBBRJpEo", "stop_name": "Mittanamalli"}}, {"type": "Feature", "geometry": {"type": "Point", "coordinates": [80.095343, 12.993062]}, "properties": {"stop_id": "fiwqiJeH", "stop_name": "SundaraVinayagar Ayyappan Temple"}}, {"type": "Feature", "geometry": {"type": "Point", "coordinates": [80.14513, 12.970508]}, "properties": {"stop_id": "mEEGNlDG", "stop_name": "Pallavaram Aadu Thotti"}}, {"type": "Feature", "geometry": {"type": "Point", "coordinates": [80.314042, 13.413146]}, "properties": {"stop_id": "wuQzPlvL", "stop_name": "Pulicat Old Market Pazhaverkadu"}}, {"type": "Feature", "geometry": {"type": "Point", "coordinates": [80.244025, 13.115761]}, "properties": {"stop_id": "RQiSRtZp", "stop_name": "Perambur Market"}}, {"type": "Feature", "geometry": {"type": "Point", "coordinates": [80.085524, 12.994581]}, "properties": {"stop_id": "rJvLUxkA", "stop_name": "Madha Engineering College"}}, {"type": "Feature", "geometry": {"type": "Point", "coordinates": [80.195929, 12.774248]}, "properties": {"stop_id": "EBKpcNVh", "stop_name": "Chinnama Nagar"}}, {"type": "Feature", "geometry": {"type": "Point", "coordinates": [80.138355, 12.972897]}, "properties": {"stop_id": "pXlenLUq", "stop_name": "Krishna Nagar"}}, {"type": "Feature", "geometry": {"type": "Point", "coordinates": [80.196399, 13.176024]}, "properties": {"stop_id": "IWuAfYeM", "stop_name": "Thandal Kazhani"}}, {"type": "Feature", "geometry": {"type": "Point", "coordinates": [80.108369, 12.767751]}, "properties": {"stop_id": "eCAYEbtu", "stop_name": "Kizh Kalvai"}}, {"type": "Feature", "geometry": {"type": "Point", "coordinates": [80.268107, 13.080815]}, "properties": {"stop_id": "GnsXgGJX", "stop_name": "Hotel Everest"}}, {"type": "Feature", "geometry": {"type": "Point", "coordinates": [80.137515, 13.09813]}, "properties": {"stop_id": "WoSISRHq", "stop_name": "Kozhi Pannai"}}, {"type": "Feature", "geometry": {"type": "Point", "coordinates": [80.221435, 12.949261]}, "properties": {"stop_id": "RSQixiib", "stop_name": "Thoraipakkam Check Post 230 K V Tower"}}, {"type": "Feature", "geometry": {"type": "Point", "coordinates": [80.084781, 13.192034]}, "properties": {"stop_id": "PayqNnwn", "stop_name": "Bangarampettai"}}, {"type": "Feature", "geometry": {"type": "Point", "coordinates": [79.910804, 13.067479]}, "properties": {"stop_id": "ddAfiRml", "stop_name": "Polivakkam"}}, {"type": "Feature", "geometry": {"type": "Point", "coordinates": [80.218649, 13.140484]}, "properties": {"stop_id": "hVMLOzME", "stop_name": "Madhavaram Bypass"}}, {"type": "Feature", "geometry": {"type": "Point", "coordinates": [80.216834, 13.097368]}, "properties": {"stop_id": "gRVxNCAP", "stop_name": "Gandhi Nagar"}}, {"type": "Feature", "geometry": {"type": "Point", "coordinates": [80.292585, 13.1144]}, "properties": {"stop_id": "ETEzvRZj", "stop_name": "Royapuram Police Station"}}, {"type": "Feature", "geometry": {"type": "Point", "coordinates": [80.260423, 13.108233]}, "properties": {"stop_id": "uHbImzAf", "stop_name": "Kannigapuram"}}, {"type": "Feature", "geometry": {"type": "Point", "coordinates": [80.081159, 12.940779]}, "properties": {"stop_id": "kYxNkIzH", "stop_name": "Kishkintha"}}, {"type": "Feature", "geometry": {"type": "Point", "coordinates": [80.264949, 12.996047]}, "properties": {"stop_id": "QontmjvH", "stop_name": "RBI Quarters"}}, {"type": "Feature", "geometry": {"type": "Point", "coordinates": [80.20061, 12.808634]}, "properties": {"stop_id": "kezsyYDB", "stop_name": "Pudupakkam Panchayat Office"}}, {"type": "Feature", "geometry": {"type": "Point", "coordinates": [80.207181, 12.756686]}, "properties": {"stop_id": "CqPWXNIf", "stop_name": "Koman Nagar Road Junction"}}, {"type": "Feature", "geometry": {"type": "Point", "coordinates": [80.317568, 13.247894]}, "properties": {"stop_id": "mXosqjnx", "stop_name": "North Chennai Thermal Power Station"}}, {"type": "Feature", "geometry": {"type": "Point", "coordinates": [80.152322, 13.107834]}, "properties": {"stop_id": "bPdCVhrp", "stop_name": "Dr BR Ambedkar Statue"}}, {"type": "Feature", "geometry": {"type": "Point", "coordinates": [80.094541, 13.014656]}, "properties": {"stop_id": "UrOuumcZ", "stop_name": "Chikkarayapuram"}}, {"type": "Feature", "geometry": {"type": "Point", "coordinates": [80.202983, 13.032964]}, "properties": {"stop_id": "qBmbuqyA", "stop_name": "Kailankadai"}}, {"type": "Feature", "geometry": {"type": "Point", "coordinates": [80.219072, 13.095909]}, "properties": {"stop_id": "KTHxRvtW", "stop_name": "Gandhi Nagar Hospital"}}, {"type": "Feature", "geometry": {"type": "Point", "coordinates": [80.174566, 13.194392]}, "properties": {"stop_id": "FltmFbyo", "stop_name": "Alamaram Red Hills"}}, {"type": "Feature", "geometry": {"type": "Point", "coordinates": [80.143345, 12.941869]}, "properties": {"stop_id": "aImltWBw", "stop_name": "Kumaran Kundram"}}, {"type": "Feature", "geometry": {"type": "Point", "coordinates": [80.025302, 13.262517]}, "properties": {"stop_id": "jiQkTSqX", "stop_name": "Vengal College"}}, {"type": "Feature", "geometry": {"type": "Point", "coordinates": [80.253396, 13.36294]}, "properties": {"stop_id": "wSxpBpYI", "stop_name": "Perumbedukuppam"}}, {"type": "Feature", "geometry": {"type": "Point", "coordinates": [80.082722, 13.33051]}, "properties": {"stop_id": "YjKQPWoa", "stop_name": "Old Arani"}}, {"type": "Feature", "geometry": {"type": "Point", "coordinates": [80.153227, 13.036305]}, "properties": {"stop_id": "HpfZbCVA", "stop_name": "Porur"}}, {"type": "Feature", "geometry": {"type": "Point", "coordinates": [80.201155, 12.809253]}, "properties": {"stop_id": "eyEAULLm", "stop_name": "Pudpakkam School"}}, {"type": "Feature", "geometry": {"type": "Point", "coordinates": [80.275545, 13.08858]}, "properties": {"stop_id": "KRQMLlbw", "stop_name": "Blue Star Othavadi Street"}}, {"type": "Feature", "geometry": {"type": "Point", "coordinates": [80.040201, 12.892135]}, "properties": {"stop_id": "bTSeOnqx", "stop_name": "MGR Nagar"}}, {"type": "Feature", "geometry": {"type": "Point", "coordinates": [80.010403, 13.018128]}, "properties": {"stop_id": "aaeLLxLj", "stop_name": "Thandalam Koot Road"}}, {"type": "Feature", "geometry": {"type": "Point", "coordinates": [80.252324, 13.173891]}, "properties": {"stop_id": "joVKVRda", "stop_name": "Amman Koil"}}, {"type": "Feature", "geometry": {"type": "Point", "coordinates": [80.212087, 13.033543]}, "properties": {"stop_id": "vSdfqYeK", "stop_name": "Ashok Pillar"}}, {"type": "Feature", "geometry": {"type": "Point", "coordinates": [80.184996, 13.440472]}, "properties": {"stop_id": "SteiLorf", "stop_name": "Mettu Sekanyam"}}, {"type": "Feature", "geometry": {"type": "Point", "coordinates": [80.195309, 12.981071]}, "properties": {"stop_id": "StyZBhjt", "stop_name": "Vanuvambedu"}}, {"type": "Feature", "geometry": {"type": "Point", "coordinates": [80.187488, 13.329422]}, "properties": {"stop_id": "wIAALBva", "stop_name": "Ponneri Bus Depot"}}, {"type": "Feature", "geometry": {"type": "Point", "coordinates": [80.170222, 13.099478]}, "properties": {"stop_id": "BMprcpdo", "stop_name": "Ambattur Industrial Estate"}}, {"type": "Feature", "geometry": {"type": "Point", "coordinates": [80.230163, 13.066836]}, "properties": {"stop_id": "QsPOuThV", "stop_name": "Choolaimedu"}}, {"type": "Feature", "geometry": {"type": "Point", "coordinates": [80.021758, 12.886655]}, "properties": {"stop_id": "wBoWGskO", "stop_name": "Padappai"}}, {"type": "Feature", "geometry": {"type": "Point", "coordinates": [80.007105, 13.094306]}, "properties": {"stop_id": "wmKJhgsh", "stop_name": "Periya Kottamedu"}}, {"type": "Feature", "geometry": {"type": "Point", "coordinates": [80.214525, 13.100012]}, "properties": {"stop_id": "FHkpxOov", "stop_name": "ICF"}}, {"type": "Feature", "geometry": {"type": "Point", "coordinates": [80.13524, 13.062321]}, "properties": {"stop_id": "GRJKPEAE", "stop_name": "Madhiravedu Pillayar Kovil"}}, {"type": "Feature", "geometry": {"type": "Point", "coordinates": [80.258441, 13.166652]}, "properties": {"stop_id": "XjSQdTLS", "stop_name": "Manali Government School"}}, {"type": "Feature", "geometry": {"type": "Point", "coordinates": [80.121562, 12.802783]}, "properties": {"stop_id": "qdLlCZel", "stop_name": "Kumizhi"}}, {"type": "Feature", "geometry": {"type": "Point", "coordinates": [80.256012, 13.171192]}, "properties": {"stop_id": "gwWvCSbX", "stop_name": "Perumal Koil"}}, {"type": "Feature", "geometry": {"type": "Point", "coordinates": [80.199706, 12.906843]}, "properties": {"stop_id": "aJJPOUlY", "stop_name": "Christian Church"}}, {"type": "Feature", "geometry": {"type": "Point", "coordinates": [80.035595, 13.271492]}, "properties": {"stop_id": "PuHLPXYe", "stop_name": "Periyar Nagar"}}, {"type": "Feature", "geometry": {"type": "Point", "coordinates": [79.934749, 12.954616]}, "properties": {"stop_id": "NrUUQlkk", "stop_name": "Nokia India Factory"}}, {"type": "Feature", "geometry": {"type": "Point", "coordinates": [79.939453, 12.645455]}, "properties": {"stop_id": "KCPTYZEU", "stop_name": "Mamandur Bypass"}}, {"type": "Feature", "geometry": {"type": "Point", "coordinates": [80.204856, 12.989243]}, "properties": {"stop_id": "coyRXGtt", "stop_name": "Kakkan Bridge"}}, {"type": "Feature", "geometry": {"type": "Point", "coordinates": [80.228158, 12.903104]}, "properties": {"stop_id": "ZqBGCTqq", "stop_name": "P U Office Sholinganallur"}}, {"type": "Feature", "geometry": {"type": "Point", "coordinates": [80.150131, 13.103047]}, "properties": {"stop_id": "LjyXiIAT", "stop_name": "Blue Factory"}}, {"type": "Feature", "geometry": {"type": "Point", "coordinates": [80.290991, 13.090763]}, "properties": {"stop_id": "gBkmsEyR", "stop_name": "Parrys Corner"}}, {"type": "Feature", "geometry": {"type": "Point", "coordinates": [80.138719, 12.943307]}, "properties": {"stop_id": "UGBWqSzR", "stop_name": "Indra Cotton Mill"}}, {"type": "Feature", "geometry": {"type": "Point", "coordinates": [80.227957, 12.898869]}, "properties": {"stop_id": "tcbhlVZo", "stop_name": "Sholinganallur"}}, {"type": "Feature", "geometry": {"type": "Point", "coordinates": [80.217705, 13.081312]}, "properties": {"stop_id": "vNMxowJX", "stop_name": "Aminjikarai Police Station"}}, {"type": "Feature", "geometry": {"type": "Point", "coordinates": [80.115583, 13.044845]}, "properties": {"stop_id": "iaPnRXpR", "stop_name": "Poonamallee Municipality"}}, {"type": "Feature", "geometry": {"type": "Point", "coordinates": [80.29623, 13.131506]}, "properties": {"stop_id": "CdibamDB", "stop_name": "Nagara Thottam"}}, {"type": "Feature", "geometry": {"type": "Point", "coordinates": [80.198724, 13.274689]}, "properties": {"stop_id": "XgeKmxEU", "stop_name": "Pudukuppam"}}, {"type": "Feature", "geometry": {"type": "Point", "coordinates": [80.209706, 12.948699]}, "properties": {"stop_id": "EzNIKkYA", "stop_name": "Kamatchi Hospital"}}, {"type": "Feature", "geometry": {"type": "Point", "coordinates": [80.275895, 13.311281]}, "properties": {"stop_id": "dyfuQNKH", "stop_name": "Merattur"}}, {"type": "Feature", "geometry": {"type": "Point", "coordinates": [80.213328, 13.076142]}, "properties": {"stop_id": "wHfmVQMh", "stop_name": "DG Vaishnava College"}}, {"type": "Feature", "geometry": {"type": "Point", "coordinates": [80.203733, 13.006825]}, "properties": {"stop_id": "GgLRqpEG", "stop_name": "Kathipara Urban Square"}}, {"type": "Feature", "geometry": {"type": "Point", "coordinates": [80.198062, 12.896525]}, "properties": {"stop_id": "uQwuZjYR", "stop_name": "Plaza Quarters"}}, {"type": "Feature", "geometry": {"type": "Point", "coordinates": [80.023106, 13.108321]}, "properties": {"stop_id": "rAvbFSrB", "stop_name": "Erikarai Thiruninravur"}}, {"type": "Feature", "geometry": {"type": "Point", "coordinates": [80.325935, 13.215805]}, "properties": {"stop_id": "DxyTpirl", "stop_name": "Eid Parry Fertilizer Factory"}}, {"type": "Feature", "geometry": {"type": "Point", "coordinates": [80.213166, 13.129989]}, "properties": {"stop_id": "mXwfazRz", "stop_name": "Retteri Junction"}}, {"type": "Feature", "geometry": {"type": "Point", "coordinates": [80.05696, 12.981008]}, "properties": {"stop_id": "zttQgzJF", "stop_name": "Nandambakkam.Kalaignar Nagar"}}, {"type": "Feature", "geometry": {"type": "Point", "coordinates": [80.259048, 13.064278]}, "properties": {"stop_id": "bFducDIy", "stop_name": "Ethiraj College"}}, {"type": "Feature", "geometry": {"type": "Point", "coordinates": [79.871864, 12.889473]}, "properties": {"stop_id": "DDlHEQCa", "stop_name": "Kunnam Village"}}, {"type": "Feature", "geometry": {"type": "Point", "coordinates": [80.152798, 12.84041]}, "properties": {"stop_id": "wuAzVrCW", "stop_name": "VIT University"}}, {"type": "Feature", "geometry": {"type": "Point", "coordinates": [80.145142, 12.888783]}, "properties": {"stop_id": "gzkuviLm", "stop_name": "Pathuvanchery"}}, {"type": "Feature", "geometry": {"type": "Point", "coordinates": [80.19332, 13.039777]}, "properties": {"stop_id": "SNVRXPiu", "stop_name": "Amudam"}}, {"type": "Feature", "geometry": {"type": "Point", "coordinates": [80.14028, 13.097797]}, "properties": {"stop_id": "zAiczBZG", "stop_name": "Ayyappa Nagar"}}, {"type": "Feature", "geometry": {"type": "Point", "coordinates": [80.194594, 13.453888]}, "properties": {"stop_id": "gOHjFflk", "stop_name": "Pananjalai"}}, {"type": "Feature", "geometry": {"type": "Point", "coordinates": [80.295594, 13.156903]}, "properties": {"stop_id": "NdVNfPps", "stop_name": "Tiruvottiyur Railway Gate Or KCP"}}, {"type": "Feature", "geometry": {"type": "Point", "coordinates": [80.102802, 13.017985]}, "properties": {"stop_id": "RMvkOcpU", "stop_name": "Sikkarayapuram"}}, {"type": "Feature", "geometry": {"type": "Point", "coordinates": [80.228086, 13.030444]}, "properties": {"stop_id": "zfdolaES", "stop_name": "Kannammapettai Burial Ground"}}, {"type": "Feature", "geometry": {"type": "Point", "coordinates": [80.212414, 13.04015]}, "properties": {"stop_id": "wDpyEsxh", "stop_name": "Ashok Nagar Canara Bank"}}, {"type": "Feature", "geometry": {"type": "Point", "coordinates": [80.263023, 13.085524]}, "properties": {"stop_id": "JpkWIkgn", "stop_name": "Vepery"}}, {"type": "Feature", "geometry": {"type": "Point", "coordinates": [80.286592, 13.097674]}, "properties": {"stop_id": "inRETCYL", "stop_name": "Mannady Police Quarters"}}, {"type": "Feature", "geometry": {"type": "Point", "coordinates": [80.191351, 12.862313]}, "properties": {"stop_id": "ZWGREbnj", "stop_name": "Ottiyambakkam"}}, {"type": "Feature", "geometry": {"type": "Point", "coordinates": [80.114595, 13.266836]}, "properties": {"stop_id": "GhOGJPtU", "stop_name": "Manjankarani"}}, {"type": "Feature", "geometry": {"type": "Point", "coordinates": [80.211173, 12.964678]}, "properties": {"stop_id": "EsFyleAW", "stop_name": "AV Construction Or Srinivasa Nagar"}}, {"type": "Feature", "geometry": {"type": "Point", "coordinates": [80.221578, 13.05262]}, "properties": {"stop_id": "TdfMaTlB", "stop_name": "Trustpuram"}}, {"type": "Feature", "geometry": {"type": "Point", "coordinates": [80.1552, 13.060674]}, "properties": {"stop_id": "VbpBVdde", "stop_name": "Vaanagaram"}}, {"type": "Feature", "geometry": {"type": "Point", "coordinates": [80.029495, 13.185782]}, "properties": {"stop_id": "GwQtabhX", "stop_name": "Melakondaiyur"}}, {"type": "Feature", "geometry": {"type": "Point", "coordinates": [80.044079, 13.035973]}, "properties": {"stop_id": "ekoOPpVq", "stop_name": "Irulapalayam Road Junction"}}, {"type": "Feature", "geometry": {"type": "Point", "coordinates": [80.23256, 13.115544]}, "properties": {"stop_id": "iRpWiLQH", "stop_name": "Kamarajar Salai"}}, {"type": "Feature", "geometry": {"type": "Point", "coordinates": [80.21681, 13.03049]}, "properties": {"stop_id": "GTeEFWtM", "stop_name": "R R Colony"}}, {"type": "Feature", "geometry": {"type": "Point", "coordinates": [79.973085, 13.204172]}, "properties": {"stop_id": "qUWcqGRU", "stop_name": "Vishnuvakkam"}}, {"type": "Feature", "geometry": {"type": "Point", "coordinates": [80.233622, 13.05065]}, "properties": {"stop_id": "wegNXhqe", "stop_name": "Bharathi Nagar"}}, {"type": "Feature", "geometry": {"type": "Point", "coordinates": [79.960358, 12.860291]}, "properties": {"stop_id": "krjqWYyL", "stop_name": "Vattambakkam"}}, {"type": "Feature", "geometry": {"type": "Point", "coordinates": [80.098295, 12.831893]}, "properties": {"stop_id": "SwyyRrmD", "stop_name": "Arungal"}}, {"type": "Feature", "geometry": {"type": "Point", "coordinates": [80.223721, 13.091761]}, "properties": {"stop_id": "vUKUaFbz", "stop_name": "Kavery Colony"}}, {"type": "Feature", "geometry": {"type": "Point", "coordinates": [80.201296, 13.004122]}, "properties": {"stop_id": "uhUmvvRs", "stop_name": "Alandur Metro"}}, {"type": "Feature", "geometry": {"type": "Point", "coordinates": [80.259305, 13.390488]}, "properties": {"stop_id": "QImdosgy", "stop_name": "Vanjivakkam"}}, {"type": "Feature", "geometry": {"type": "Point", "coordinates": [80.204924, 12.814571]}, "properties": {"stop_id": "fxKlXZDo", "stop_name": "Amman Thottam"}}, {"type": "Feature", "geometry": {"type": "Point", "coordinates": [80.198314, 13.140959]}, "properties": {"stop_id": "BoBfKnBc", "stop_name": "Karur Vysya Bank"}}, {"type": "Feature", "geometry": {"type": "Point", "coordinates": [80.269907, 13.188806]}, "properties": {"stop_id": "cpLivUai", "stop_name": "Elanthanur"}}, {"type": "Feature", "geometry": {"type": "Point", "coordinates": [80.252633, 13.102763]}, "properties": {"stop_id": "nUYnioIh", "stop_name": "Binny Mill Canteen"}}, {"type": "Feature", "geometry": {"type": "Point", "coordinates": [80.261679, 13.457199]}, "properties": {"stop_id": "jZLvbydT", "stop_name": "Annamalaichery"}}, {"type": "Feature", "geometry": {"type": "Point", "coordinates": [80.143028, 13.019792]}, "properties": {"stop_id": "ySPnpMTg", "stop_name": "Baikadai"}}, {"type": "Feature", "geometry": {"type": "Point", "coordinates": [80.240548, 12.985499]}, "properties": {"stop_id": "kzneBolb", "stop_name": "Taramani Bus Terminus"}}, {"type": "Feature", "geometry": {"type": "Point", "coordinates": [80.061561, 12.845099]}, "properties": {"stop_id": "YvwuVYMF", "stop_name": "Guduvancheri Bus Terminus"}}, {"type": "Feature", "geometry": {"type": "Point", "coordinates": [80.257563, 13.006385]}, "properties": {"stop_id": "uxsctOEt", "stop_name": "Adyar Signal"}}, {"type": "Feature", "geometry": {"type": "Point", "coordinates": [80.224189, 13.084798]}, "properties": {"stop_id": "JYcdyiOK", "stop_name": "Chinthamani"}}, {"type": "Feature", "geometry": {"type": "Point", "coordinates": [80.189946, 13.016611]}, "properties": {"stop_id": "rBCwdRqs", "stop_name": "Trade Centre Nandambakkam"}}, {"type": "Feature", "geometry": {"type": "Point", "coordinates": [80.2, 12.847058]}, "properties": {"stop_id": "kZvDkitV", "stop_name": "Thalambur"}}, {"type": "Feature", "geometry": {"type": "Point", "coordinates": [80.139529, 12.93692]}, "properties": {"stop_id": "isKbeCce", "stop_name": "Gangai Amman Kovil"}}, {"type": "Feature", "geometry": {"type": "Point", "coordinates": [80.041611, 12.82698]}, "properties": {"stop_id": "TenjteTV", "stop_name": "SRM College"}}, {"type": "Feature", "geometry": {"type": "Point", "coordinates": [80.099432, 13.210202]}, "properties": {"stop_id": "ZZxaTLmM", "stop_name": "Alamathi Sub Station"}}, {"type": "Feature", "geometry": {"type": "Point", "coordinates": [80.093194, 13.140577]}, "properties": {"stop_id": "sCNvhPqY", "stop_name": "Military Hospital Avadi"}}, {"type": "Feature", "geometry": {"type": "Point", "coordinates": [80.137438, 12.922595]}, "properties": {"stop_id": "jJVVpGMf", "stop_name": "Selaiyur"}}, {"type": "Feature", "geometry": {"type": "Point", "coordinates": [80.192665, 13.11965]}, "properties": {"stop_id": "ynGLeAnq", "stop_name": "Palla Street"}}, {"type": "Feature", "geometry": {"type": "Point", "coordinates": [80.071793, 12.942144]}, "properties": {"stop_id": "RrjncJTc", "stop_name": "Dharkast"}}, {"type": "Feature", "geometry": {"type": "Point", "coordinates": [80.212345, 13.131995]}, "properties": {"stop_id": "EuWqksqL", "stop_name": "Retteri Market"}}, {"type": "Feature", "geometry": {"type": "Point", "coordinates": [80.274156, 13.236161]}, "properties": {"stop_id": "EeAWpikH", "stop_name": "Kondakarai"}}, {"type": "Feature", "geometry": {"type": "Point", "coordinates": [80.226433, 12.844723]}, "properties": {"stop_id": "QxkHLGuk", "stop_name": "Navallur"}}, {"type": "Feature", "geometry": {"type": "Point", "coordinates": [80.271578, 13.126607]}, "properties": {"stop_id": "AxDsVbsl", "stop_name": "Ezhil Nagar"}}, {"type": "Feature", "geometry": {"type": "Point", "coordinates": [80.258432, 13.131351]}, "properties": {"stop_id": "aAfSzptC", "stop_name": "T N E B Office"}}, {"type": "Feature", "geometry": {"type": "Point", "coordinates": [80.251543, 12.980295]}, "properties": {"stop_id": "YspLWkZX", "stop_name": "S R P Tools"}}, {"type": "Feature", "geometry": {"type": "Point", "coordinates": [80.294827, 13.176572]}, "properties": {"stop_id": "lotPPedu", "stop_name": "Sathya Moorthy Nagar"}}, {"type": "Feature", "geometry": {"type": "Point", "coordinates": [80.185178, 12.987953]}, "properties": {"stop_id": "SLTvTFdQ", "stop_name": "Pazhavanthangal Subway"}}, {"type": "Feature", "geometry": {"type": "Point", "coordinates": [80.276385, 13.075418]}, "properties": {"stop_id": "hxSTJhOz", "stop_name": "Pallavan Salai"}}, {"type": "Feature", "geometry": {"type": "Point", "coordinates": [80.224108, 12.805327]}, "properties": {"stop_id": "QyfZGsFT", "stop_name": "Padur"}}, {"type": "Feature", "geometry": {"type": "Point", "coordinates": [80.23383, 13.076492]}, "properties": {"stop_id": "wLUSsEhz", "stop_name": "Pachaiyappas College"}}, {"type": "Feature", "geometry": {"type": "Point", "coordinates": [80.087805, 13.148893]}, "properties": {"stop_id": "oEaRMYXq", "stop_name": "CRP Cross Road"}}, {"type": "Feature", "geometry": {"type": "Point", "coordinates": [80.251621, 13.097855]}, "properties": {"stop_id": "mVhkAqwx", "stop_name": "Otteri"}}, {"type": "Feature", "geometry": {"type": "Point", "coordinates": [80.231281, 12.826348]}, "properties": {"stop_id": "AQHsowCO", "stop_name": "Vaniyanchavadi Padma Adarsh School"}}, {"type": "Feature", "geometry": {"type": "Point", "coordinates": [80.027546, 13.076876]}, "properties": {"stop_id": "yLXUQkCh", "stop_name": "Andersonpet"}}, {"type": "Feature", "geometry": {"type": "Point", "coordinates": [80.035242, 13.129861]}, "properties": {"stop_id": "RIVMQHVF", "stop_name": "Nadukuthagai"}}, {"type": "Feature", "geometry": {"type": "Point", "coordinates": [80.020218, 12.795382]}, "properties": {"stop_id": "NpVJqtjU", "stop_name": "Samiyar Gate"}}, {"type": "Feature", "geometry": {"type": "Point", "coordinates": [80.278584, 13.111047]}, "properties": {"stop_id": "nZnozRfz", "stop_name": "Pencil Factory"}}, {"type": "Feature", "geometry": {"type": "Point", "coordinates": [80.192368, 12.916981]}, "properties": {"stop_id": "MULNmVBJ", "stop_name": "Medavakkam Junction"}}, {"type": "Feature", "geometry": {"type": "Point", "coordinates": [80.176409, 12.656713]}, "properties": {"stop_id": "VvfGvRfV", "stop_name": "Avit College Payyanur"}}, {"type": "Feature", "geometry": {"type": "Point", "coordinates": [80.181612, 12.931369]}, "properties": {"stop_id": "JafVjQhg", "stop_name": "Vellaikal"}}, {"type": "Feature", "geometry": {"type": "Point", "coordinates": [79.935419, 12.88304]}, "properties": {"stop_id": "Nzhgxdpc", "stop_name": "Vallakottai"}}, {"type": "Feature", "geometry": {"type": "Point", "coordinates": [80.221535, 13.34249]}, "properties": {"stop_id": "GrIDUMrH", "stop_name": "Lakshmipuram"}}, {"type": "Feature", "geometry": {"type": "Point", "coordinates": [80.136093, 12.879602]}, "properties": {"stop_id": "fdwfslrS", "stop_name": "Murugan Nagar"}}, {"type": "Feature", "geometry": {"type": "Point", "coordinates": [80.247204, 13.124645]}, "properties": {"stop_id": "EdJUuxct", "stop_name": "Erukancherry"}}, {"type": "Feature", "geometry": {"type": "Point", "coordinates": [80.154541, 12.883701]}, "properties": {"stop_id": "WGPbPoOh", "stop_name": "Agaramthen"}}, {"type": "Feature", "geometry": {"type": "Point", "coordinates": [80.268234, 13.019713]}, "properties": {"stop_id": "FRJCPtXT", "stop_name": "Ayyappa Temple"}}, {"type": "Feature", "geometry": {"type": "Point", "coordinates": [80.242547, 13.116613]}, "properties": {"stop_id": "lQHWhrGj", "stop_name": "Lakshmi Amman Koil"}}, {"type": "Feature", "geometry": {"type": "Point", "coordinates": [80.21639, 12.997158]}, "properties": {"stop_id": "gLCWwgiT", "stop_name": "Vellacherry Check Post"}}, {"type": "Feature", "geometry": {"type": "Point", "coordinates": [80.207004, 12.983237]}, "properties": {"stop_id": "OsteSFoc", "stop_name": "Annai Store"}}, {"type": "Feature", "geometry": {"type": "Point", "coordinates": [80.281245, 13.136925]}, "properties": {"stop_id": "jLGvGvQf", "stop_name": "Ioc Second Bridge"}}, {"type": "Feature", "geometry": {"type": "Point", "coordinates": [80.216884, 13.239875]}, "properties": {"stop_id": "gjxAdJvF", "stop_name": "Arumandai School"}}, {"type": "Feature", "geometry": {"type": "Point", "coordinates": [80.169538, 13.132001]}, "properties": {"stop_id": "vizUtPmY", "stop_name": "Kallikuppam Koil"}}, {"type": "Feature", "geometry": {"type": "Point", "coordinates": [80.058333, 13.104793]}, "properties": {"stop_id": "CRVKBFrv", "stop_name": "Annaikattucherry"}}, {"type": "Feature", "geometry": {"type": "Point", "coordinates": [80.069122, 13.085474]}, "properties": {"stop_id": "GyLDNPGc", "stop_name": "Vayalanallur Koil"}}, {"type": "Feature", "geometry": {"type": "Point", "coordinates": [80.096555, 13.065549]}, "properties": {"stop_id": "YlcUcHmr", "stop_name": "Parivakkam EP"}}, {"type": "Feature", "geometry": {"type": "Point", "coordinates": [80.077983, 12.923682]}, "properties": {"stop_id": "WQOJAyxG", "stop_name": "Varadharajapuram Rayappa Nagar"}}, {"type": "Feature", "geometry": {"type": "Point", "coordinates": [80.146566, 13.023027]}, "properties": {"stop_id": "aWNaUdzp", "stop_name": "Madhanandapuram"}}, {"type": "Feature", "geometry": {"type": "Point", "coordinates": [80.230849, 13.029892]}, "properties": {"stop_id": "nEXpIbiD", "stop_name": "CIT Nagar"}}, {"type": "Feature", "geometry": {"type": "Point", "coordinates": [80.288508, 13.152842]}, "properties": {"stop_id": "cNHGbHfW", "stop_name": "Dog Cannal"}}, {"type": "Feature", "geometry": {"type": "Point", "coordinates": [80.313548, 13.192622]}, "properties": {"stop_id": "XBhuaxff", "stop_name": "Icici Bank Ennore"}}, {"type": "Feature", "geometry": {"type": "Point", "coordinates": [80.105714, 13.049109]}, "properties": {"stop_id": "funWfCdm", "stop_name": "Kallarai"}}, {"type": "Feature", "geometry": {"type": "Point", "coordinates": [80.178065, 12.957565]}, "properties": {"stop_id": "mDPYPXHa", "stop_name": "Alamaram"}}, {"type": "Feature", "geometry": {"type": "Point", "coordinates": [80.265728, 13.026233]}, "properties": {"stop_id": "ALSylDBQ", "stop_name": "Mandaveli"}}, {"type": "Feature", "geometry": {"type": "Point", "coordinates": [80.203267, 12.948761]}, "properties": {"stop_id": "TvsHOuao", "stop_name": "Sri Nagar"}}, {"type": "Feature", "geometry": {"type": "Point", "coordinates": [80.222419, 13.402319]}, "properties": {"stop_id": "xKeFZTyD", "stop_name": "Avoor Rice Mill"}}, {"type": "Feature", "geometry": {"type": "Point", "coordinates": [80.138645, 12.97267]}, "properties": {"stop_id": "ffHVhHJj", "stop_name": "Krishna Nagar"}}, {"type": "Feature", "geometry": {"type": "Point", "coordinates": [80.046107, 12.830761]}, "properties": {"stop_id": "TkHOmLHQ", "stop_name": "Thailavaram"}}, {"type": "Feature", "geometry": {"type": "Point", "coordinates": [80.160905, 13.089179]}, "properties": {"stop_id": "hJPgyxlu", "stop_name": "Athipet Junction"}}, {"type": "Feature", "geometry": {"type": "Point", "coordinates": [80.126006, 13.068305]}, "properties": {"stop_id": "CoFyQOTC", "stop_name": "Gurimedai"}}, {"type": "Feature", "geometry": {"type": "Point", "coordinates": [80.277603, 13.060664]}, "properties": {"stop_id": "jLJTMrwU", "stop_name": "Gosha Or Kasthuribai Hospital"}}, {"type": "Feature", "geometry": {"type": "Point", "coordinates": [80.259638, 12.985134]}, "properties": {"stop_id": "XJRnAJHc", "stop_name": "Thiruvanmiyur Or Marudeeswarar Temple"}}, {"type": "Feature", "geometry": {"type": "Point", "coordinates": [80.191428, 13.150827]}, "properties": {"stop_id": "cNuXvIqU", "stop_name": "Velammal College"}}, {"type": "Feature", "geometry": {"type": "Point", "coordinates": [80.245629, 13.096814]}, "properties": {"stop_id": "IpBcScgC", "stop_name": "TB Hospital Ayanavaram"}}, {"type": "Feature", "geometry": {"type": "Point", "coordinates": [80.139384, 13.202227]}, "properties": {"stop_id": "CMzYUzyh", "stop_name": "Edapalayam"}}, {"type": "Feature", "geometry": {"type": "Point", "coordinates": [80.083842, 12.919042]}, "properties": {"stop_id": "wBZvskGC", "stop_name": "Old Perungalathur or Ambedkar Statue"}}, {"type": "Feature", "geometry": {"type": "Point", "coordinates": [80.236655, 13.14854]}, "properties": {"stop_id": "rfNgKlRc", "stop_name": "Alex Nagar"}}, {"type": "Feature", "geometry": {"type": "Point", "coordinates": [80.052967, 13.039009]}, "properties": {"stop_id": "thNcyzdj", "stop_name": "L and T"}}, {"type": "Feature", "geometry": {"type": "Point", "coordinates": [80.20231, 13.164299]}, "properties": {"stop_id": "KcvPUxQg", "stop_name": "Puzhal Jail"}}, {"type": "Feature", "geometry": {"type": "Point", "coordinates": [80.166166, 13.049294]}, "properties": {"stop_id": "bOMXeuCa", "stop_name": "Elumalai Polytechnic"}}, {"type": "Feature", "geometry": {"type": "Point", "coordinates": [80.232572, 13.145164]}, "properties": {"stop_id": "WGEhEMgb", "stop_name": "Putthu Koil"}}, {"type": "Feature", "geometry": {"type": "Point", "coordinates": [80.20888, 13.029204]}, "properties": {"stop_id": "oNyGHMvy", "stop_name": "Kasi Theatre"}}, {"type": "Feature", "geometry": {"type": "Point", "coordinates": [80.286557, 13.175188]}, "properties": {"stop_id": "nBYHMnkU", "stop_name": "Sathangadu Police Station"}}, {"type": "Feature", "geometry": {"type": "Point", "coordinates": [80.032606, 12.814512]}, "properties": {"stop_id": "tTpRqbZv", "stop_name": "Sivanandha Gurukulam"}}, {"type": "Feature", "geometry": {"type": "Point", "coordinates": [80.311652, 13.184937]}, "properties": {"stop_id": "XUEgpuYS", "stop_name": "Lift Gate Police Station"}}, {"type": "Feature", "geometry": {"type": "Point", "coordinates": [79.901562, 13.017011]}, "properties": {"stop_id": "icUOEXSt", "stop_name": "Ulandhai"}}, {"type": "Feature", "geometry": {"type": "Point", "coordinates": [80.19806, 12.799981]}, "properties": {"stop_id": "LWArqXfR", "stop_name": "Pudupakkam Or Vandaloor Road Junction"}}, {"type": "Feature", "geometry": {"type": "Point", "coordinates": [80.266206, 13.037301]}, "properties": {"stop_id": "uwQliGwX", "stop_name": "Luz Corner"}}, {"type": "Feature", "geometry": {"type": "Point", "coordinates": [80.091954, 13.088799]}, "properties": {"stop_id": "dbBlyJgh", "stop_name": "Kannapalayam Kootroad"}}, {"type": "Feature", "geometry": {"type": "Point", "coordinates": [80.188863, 13.094988]}, "properties": {"stop_id": "QIvHsQls", "stop_name": "Kumaran Nagar"}}, {"type": "Feature", "geometry": {"type": "Point", "coordinates": [80.062949, 13.043386]}, "properties": {"stop_id": "zlRPdbBz", "stop_name": "Chembarambakkam Koil"}}, {"type": "Feature", "geometry": {"type": "Point", "coordinates": [80.140765, 12.891054]}, "properties": {"stop_id": "TVdcjRlg", "stop_name": "Meppadu Hospital"}}, {"type": "Feature", "geometry": {"type": "Point", "coordinates": [80.157253, 13.118664]}, "properties": {"stop_id": "DCZZhCfP", "stop_name": "Mahalingam Stores"}}, {"type": "Feature", "geometry": {"type": "Point", "coordinates": [80.132854, 13.320567]}, "properties": {"stop_id": "NALyFlzQ", "stop_name": "Durainallur Or Chinnambedu"}}, {"type": "Feature", "geometry": {"type": "Point", "coordinates": [80.257563, 13.006385]}, "properties": {"stop_id": "NUTqiXnx", "stop_name": "Adyar Signal"}}, {"type": "Feature", "geometry": {"type": "Point", "coordinates": [80.067902, 12.854513]}, "properties": {"stop_id": "tOhgfmkj", "stop_name": "Akshaya apartments Guduvanchery"}}, {"type": "Feature", "geometry": {"type": "Point", "coordinates": [80.311913, 13.195938]}, "properties": {"stop_id": "VrqtMskC", "stop_name": "E B Quarters"}}, {"type": "Feature", "geometry": {"type": "Point", "coordinates": [80.057748, 13.141955]}, "properties": {"stop_id": "UUyOnuCZ", "stop_name": "Ella Amman Nagar"}}, {"type": "Feature", "geometry": {"type": "Point", "coordinates": [80.21684, 13.024675]}, "properties": {"stop_id": "zjQVJpHm", "stop_name": "Muthu School"}}, {"type": "Feature", "geometry": {"type": "Point", "coordinates": [80.138162, 12.94085]}, "properties": {"stop_id": "bAkINhTV", "stop_name": "Mount Union Office"}}, {"type": "Feature", "geometry": {"type": "Point", "coordinates": [80.164835, 13.044826]}, "properties": {"stop_id": "AVJtqaBS", "stop_name": "S S Motor"}}, {"type": "Feature", "geometry": {"type": "Point", "coordinates": [79.979394, 12.871039]}, "properties": {"stop_id": "MMTihhSZ", "stop_name": "Crescent Lake Junction"}}, {"type": "Feature", "geometry": {"type": "Point", "coordinates": [80.147006, 13.485432]}, "properties": {"stop_id": "wCBeePzy", "stop_name": "Sunnambu Kulam Market"}}, {"type": "Feature", "geometry": {"type": "Point", "coordinates": [80.013374, 12.964446]}, "properties": {"stop_id": "FXulXHgs", "stop_name": "Amarambedu Chatram"}}, {"type": "Feature", "geometry": {"type": "Point", "coordinates": [80.173218, 12.860684]}, "properties": {"stop_id": "HnrldKFZ", "stop_name": "Ponmar"}}, {"type": "Feature", "geometry": {"type": "Point", "coordinates": [80.317829, 13.247949]}, "properties": {"stop_id": "IsTbDzyj", "stop_name": "North Chennai Thermal Power Station"}}, {"type": "Feature", "geometry": {"type": "Point", "coordinates": [80.240459, 13.05113]}, "properties": {"stop_id": "cEwgxjVO", "stop_name": "Vidyodaya School Valluvar Kottam"}}, {"type": "Feature", "geometry": {"type": "Point", "coordinates": [80.153513, 13.127083]}, "properties": {"stop_id": "izUAPpdi", "stop_name": "Oragadam"}}, {"type": "Feature", "geometry": {"type": "Point", "coordinates": [80.259419, 13.163431]}, "properties": {"stop_id": "ClDeGdta", "stop_name": "Manali Market"}}, {"type": "Feature", "geometry": {"type": "Point", "coordinates": [80.195583, 13.075038]}, "properties": {"stop_id": "xGsoSfhX", "stop_name": "Rohini Theatre"}}, {"type": "Feature", "geometry": {"type": "Point", "coordinates": [80.209296, 13.135838]}, "properties": {"stop_id": "awnNVqry", "stop_name": "Secretary Colony"}}, {"type": "Feature", "geometry": {"type": "Point", "coordinates": [80.253155, 12.942241]}, "properties": {"stop_id": "UWROvtjV", "stop_name": "Bhuari Hotel"}}, {"type": "Feature", "geometry": {"type": "Point", "coordinates": [80.113745, 13.079138]}, "properties": {"stop_id": "VNhDHTgU", "stop_name": "RMK School"}}, {"type": "Feature", "geometry": {"type": "Point", "coordinates": [80.171774, 12.6148]}, "properties": {"stop_id": "ZKmlngva", "stop_name": "Poonjeri Koot Road"}}, {"type": "Feature", "geometry": {"type": "Point", "coordinates": [80.255246, 13.067766]}, "properties": {"stop_id": "XGxJlapP", "stop_name": "Cooptex"}}, {"type": "Feature", "geometry": {"type": "Point", "coordinates": [80.225026, 13.076852]}, "properties": {"stop_id": "lTemnVVF", "stop_name": "Shenoy Nagar Or Pulla Avenue"}}, {"type": "Feature", "geometry": {"type": "Point", "coordinates": [80.237084, 13.131995]}, "properties": {"stop_id": "vyQyYYqJ", "stop_name": "Madhavaram Bus Depot"}}, {"type": "Feature", "geometry": {"type": "Point", "coordinates": [80.191536, 12.965336]}, "properties": {"stop_id": "tYiGccLM", "stop_name": "Iyyappan Koil Madipakkam"}}, {"type": "Feature", "geometry": {"type": "Point", "coordinates": [80.231621, 13.1163]}, "properties": {"stop_id": "enOsQere", "stop_name": "Peravallur"}}, {"type": "Feature", "geometry": {"type": "Point", "coordinates": [80.201925, 12.907616]}, "properties": {"stop_id": "EPWXwPSq", "stop_name": "Bharathi Vidyalaya"}}, {"type": "Feature", "geometry": {"type": "Point", "coordinates": [80.191478, 12.917184]}, "properties": {"stop_id": "qcBmUtcB", "stop_name": "Medavakkam Junction"}}, {"type": "Feature", "geometry": {"type": "Point", "coordinates": [80.204938, 13.03927]}, "properties": {"stop_id": "UlOflIKh", "stop_name": "PT Rajan Road"}}, {"type": "Feature", "geometry": {"type": "Point", "coordinates": [80.22418, 13.455205]}, "properties": {"stop_id": "pNfwvVoI", "stop_name": "Vepathur"}}, {"type": "Feature", "geometry": {"type": "Point", "coordinates": [80.130897, 12.860798]}, "properties": {"stop_id": "JKUqFAhf", "stop_name": "Tagore Engineering College Rathinamangalam"}}, {"type": "Feature", "geometry": {"type": "Point", "coordinates": [80.307357, 13.179096]}, "properties": {"stop_id": "VCGhveHG", "stop_name": "Wimco Nagar Or MRF Tyre Factory"}}, {"type": "Feature", "geometry": {"type": "Point", "coordinates": [80.251568, 13.038801]}, "properties": {"stop_id": "wSspaAkq", "stop_name": "Eldams Road"}}, {"type": "Feature", "geometry": {"type": "Point", "coordinates": [80.239846, 12.949057]}, "properties": {"stop_id": "phXawcIY", "stop_name": "Nagathamman Temple"}}, {"type": "Feature", "geometry": {"type": "Point", "coordinates": [80.207793, 13.317204]}, "properties": {"stop_id": "PBIThtAQ", "stop_name": "Kokumedu"}}, {"type": "Feature", "geometry": {"type": "Point", "coordinates": [80.197333, 12.923365]}, "properties": {"stop_id": "qtbZyrFG", "stop_name": "Asan College"}}, {"type": "Feature", "geometry": {"type": "Point", "coordinates": [80.20601, 13.094624]}, "properties": {"stop_id": "rmVQyXvM", "stop_name": "Vasantham Colony"}}, {"type": "Feature", "geometry": {"type": "Point", "coordinates": [80.200191, 12.994432]}, "properties": {"stop_id": "LArfnWEk", "stop_name": "St Thomas Mount Railway Station"}}, {"type": "Feature", "geometry": {"type": "Point", "coordinates": [80.180522, 12.691188]}, "properties": {"stop_id": "kPfQKpcS", "stop_name": "Alathur Colony"}}, {"type": "Feature", "geometry": {"type": "Point", "coordinates": [80.297668, 13.179883]}, "properties": {"stop_id": "ERIWLSEl", "stop_name": "TKS Nagar"}}, {"type": "Feature", "geometry": {"type": "Point", "coordinates": [80.155709, 13.077536]}, "properties": {"stop_id": "rxlNLBXr", "stop_name": "Vanagaram Salai Junction"}}, {"type": "Feature", "geometry": {"type": "Point", "coordinates": [80.131335, 13.134087]}, "properties": {"stop_id": "KeGqLKVV", "stop_name": "Pachaiamman Koil"}}, {"type": "Feature", "geometry": {"type": "Point", "coordinates": [80.212091, 13.047011]}, "properties": {"stop_id": "CsDsDrdU", "stop_name": "Vadapalani"}}, {"type": "Feature", "geometry": {"type": "Point", "coordinates": [80.130271, 12.947135]}, "properties": {"stop_id": "HccMzLPZ", "stop_name": "Tamil Nadu EB"}}, {"type": "Feature", "geometry": {"type": "Point", "coordinates": [80.327875, 13.224843]}, "properties": {"stop_id": "MBttAlCW", "stop_name": "Thalankuppam Beach Road"}}, {"type": "Feature", "geometry": {"type": "Point", "coordinates": [80.217872, 13.085525]}, "properties": {"stop_id": "goaumTLR", "stop_name": "Kandaswami Naidu College"}}, {"type": "Feature", "geometry": {"type": "Point", "coordinates": [80.063327, 13.213549]}, "properties": {"stop_id": "BjpwENcr", "stop_name": "Karanipataih"}}, {"type": "Feature", "geometry": {"type": "Point", "coordinates": [80.287111, 13.088636]}, "properties": {"stop_id": "cGoHBmgo", "stop_name": "High Court"}}, {"type": "Feature", "geometry": {"type": "Point", "coordinates": [79.973284, 13.021188]}, "properties": {"stop_id": "GgxxeDsY", "stop_name": "Valarpuram"}}, {"type": "Feature", "geometry": {"type": "Point", "coordinates": [80.020086, 12.958756]}, "properties": {"stop_id": "eAajskRX", "stop_name": "Puduppair"}}, {"type": "Feature", "geometry": {"type": "Point", "coordinates": [80.118492, 13.023187]}, "properties": {"stop_id": "GjtgPBZH", "stop_name": "Pattur"}}, {"type": "Feature", "geometry": {"type": "Point", "coordinates": [80.266456, 13.047007]}, "properties": {"stop_id": "BsVmblhs", "stop_name": "Ajantha"}}, {"type": "Feature", "geometry": {"type": "Point", "coordinates": [80.25016, 13.14565]}, "properties": {"stop_id": "obiqEfHb", "stop_name": "Parvathi Nagar Kodungaiyur"}}, {"type": "Feature", "geometry": {"type": "Point", "coordinates": [80.175726, 12.865225]}, "properties": {"stop_id": "VUmYNFZt", "stop_name": "Madurapakkam Road Junction"}}, {"type": "Feature", "geometry": {"type": "Point", "coordinates": [80.139352, 13.366366]}, "properties": {"stop_id": "kUJgeRIS", "stop_name": "Mambakkam Road and Atanoor Road Junction"}}, {"type": "Feature", "geometry": {"type": "Point", "coordinates": [80.261077, 13.054067]}, "properties": {"stop_id": "klenweCZ", "stop_name": "New College"}}, {"type": "Feature", "geometry": {"type": "Point", "coordinates": [80.297095, 13.134586]}, "properties": {"stop_id": "fcywqNMQ", "stop_name": "N4 Police Station"}}, {"type": "Feature", "geometry": {"type": "Point", "coordinates": [79.948112, 13.173598]}, "properties": {"stop_id": "fjelfjhU", "stop_name": "Chithathur Colony"}}, {"type": "Feature", "geometry": {"type": "Point", "coordinates": [80.226713, 12.714639]}, "properties": {"stop_id": "DUFShJgp", "stop_name": "Perur Colony"}}, {"type": "Feature", "geometry": {"type": "Point", "coordinates": [80.203449, 13.363865]}, "properties": {"stop_id": "XHBoVocK", "stop_name": "Uppaplam 2"}}, {"type": "Feature", "geometry": {"type": "Point", "coordinates": [80.18317, 13.267085]}, "properties": {"stop_id": "tDDYXOza", "stop_name": "Nerkundram"}}, {"type": "Feature", "geometry": {"type": "Point", "coordinates": [80.004098, 13.015179]}, "properties": {"stop_id": "oDVZRjmi", "stop_name": "Thandalam"}}, {"type": "Feature", "geometry": {"type": "Point", "coordinates": [79.926265, 12.949019]}, "properties": {"stop_id": "xxspkKkA", "stop_name": "Vadamangalam Road Junction"}}, {"type": "Feature", "geometry": {"type": "Point", "coordinates": [80.235472, 13.113637]}, "properties": {"stop_id": "ydoNqUsu", "stop_name": "Venus Theatre"}}, {"type": "Feature", "geometry": {"type": "Point", "coordinates": [80.204047, 13.054229]}, "properties": {"stop_id": "LsQRoNsL", "stop_name": "Saligramam"}}, {"type": "Feature", "geometry": {"type": "Point", "coordinates": [80.057586, 13.089361]}, "properties": {"stop_id": "suvDbtPR", "stop_name": "Sitharkadu Bypass"}}, {"type": "Feature", "geometry": {"type": "Point", "coordinates": [80.305496, 13.158394]}, "properties": {"stop_id": "EtAJJbBW", "stop_name": "Apparswamy Kovil"}}, {"type": "Feature", "geometry": {"type": "Point", "coordinates": [80.209306, 12.948423]}, "properties": {"stop_id": "HLAPntjh", "stop_name": "Kamatchi Hospital"}}, {"type": "Feature", "geometry": {"type": "Point", "coordinates": [80.194511, 12.620792]}, "properties": {"stop_id": "xDEugDFx", "stop_name": "Mandapam Market"}}, {"type": "Feature", "geometry": {"type": "Point", "coordinates": [80.211734, 13.003664]}, "properties": {"stop_id": "tRncbstl", "stop_name": "Maduvankarai"}}, {"type": "Feature", "geometry": {"type": "Point", "coordinates": [80.231078, 12.925835]}, "properties": {"stop_id": "FtWuEuzF", "stop_name": "Okkiyampet"}}, {"type": "Feature", "geometry": {"type": "Point", "coordinates": [80.242066, 13.070341]}, "properties": {"stop_id": "iBiVOFur", "stop_name": "Chetpet"}}, {"type": "Feature", "geometry": {"type": "Point", "coordinates": [80.3009, 13.183306]}, "properties": {"stop_id": "WSBJbplj", "stop_name": "Murugappa Nagar"}}, {"type": "Feature", "geometry": {"type": "Point", "coordinates": [80.197278, 12.741861]}, "properties": {"stop_id": "EWoqQawU", "stop_name": "Kalavakkam"}}, {"type": "Feature", "geometry": {"type": "Point", "coordinates": [79.937327, 12.980551]}, "properties": {"stop_id": "zGXQZTlC", "stop_name": "Bhakthavatchalam Nagar"}}, {"type": "Feature", "geometry": {"type": "Point", "coordinates": [79.968723, 13.091382]}, "properties": {"stop_id": "FizaUowp", "stop_name": "Koppur School"}}, {"type": "Feature", "geometry": {"type": "Point", "coordinates": [80.204628, 13.085078]}, "properties": {"stop_id": "WPBOglHu", "stop_name": "12th Main Road"}}, {"type": "Feature", "geometry": {"type": "Point", "coordinates": [80.274431, 13.262201]}, "properties": {"stop_id": "KORPbuyR", "stop_name": "Nandiyambakkam"}}, {"type": "Feature", "geometry": {"type": "Point", "coordinates": [80.25279, 13.131494]}, "properties": {"stop_id": "nqZDBuxM", "stop_name": "Vyasarpadi Sidco"}}, {"type": "Feature", "geometry": {"type": "Point", "coordinates": [80.142028, 12.988073]}, "properties": {"stop_id": "LpQEBEct", "stop_name": "Sivan Kovil Pozhichalur"}}, {"type": "Feature", "geometry": {"type": "Point", "coordinates": [80.212327, 12.975973]}, "properties": {"stop_id": "VesdDWYE", "stop_name": "San Academy"}}, {"type": "Feature", "geometry": {"type": "Point", "coordinates": [80.218343, 13.228196]}, "properties": {"stop_id": "gozRELiL", "stop_name": "Arumandai Road Junction"}}, {"type": "Feature", "geometry": {"type": "Point", "coordinates": [80.185196, 12.94902]}, "properties": {"stop_id": "GJDHvjGI", "stop_name": "Eachangadu Junction"}}, {"type": "Feature", "geometry": {"type": "Point", "coordinates": [80.232533, 13.11547]}, "properties": {"stop_id": "FGvzNZYi", "stop_name": "Kamarajar Salai"}}, {"type": "Feature", "geometry": {"type": "Point", "coordinates": [80.155312, 13.252917]}, "properties": {"stop_id": "xunvufHj", "stop_name": "Don Bosco Matriculation School Karanodai"}}, {"type": "Feature", "geometry": {"type": "Point", "coordinates": [80.11586, 13.044861]}, "properties": {"stop_id": "MklhhYCQ", "stop_name": "Poonamallee Municipality or Kumananchavadi"}}, {"type": "Feature", "geometry": {"type": "Point", "coordinates": [80.114492, 13.010566]}, "properties": {"stop_id": "qoWOoICL", "stop_name": "Kovur E B Office"}}, {"type": "Feature", "geometry": {"type": "Point", "coordinates": [80.141973, 13.181807]}, "properties": {"stop_id": "tZuNjCsn", "stop_name": "Tailor Kadai"}}, {"type": "Feature", "geometry": {"type": "Point", "coordinates": [80.277671, 13.124327]}, "properties": {"stop_id": "RtBolNHG", "stop_name": "Korukkupet Police Station"}}, {"type": "Feature", "geometry": {"type": "Point", "coordinates": [80.134791, 13.032325]}, "properties": {"stop_id": "RwPflEyQ", "stop_name": "Maranatha Church"}}, {"type": "Feature", "geometry": {"type": "Point", "coordinates": [80.111546, 12.930753]}, "properties": {"stop_id": "XfgrRxbI", "stop_name": "Seva Sadan Higher Secondary School"}}, {"type": "Feature", "geometry": {"type": "Point", "coordinates": [80.273906, 13.242562]}, "properties": {"stop_id": "hqOmlOIp", "stop_name": "G R Palayam"}}, {"type": "Feature", "geometry": {"type": "Point", "coordinates": [80.078231, 13.212929]}, "properties": {"stop_id": "sWjnuVdS", "stop_name": "Dhass"}}, {"type": "Feature", "geometry": {"type": "Point", "coordinates": [80.094129, 13.10702]}, "properties": {"stop_id": "lFqTDxEu", "stop_name": "Kamaraj Nagar"}}, {"type": "Feature", "geometry": {"type": "Point", "coordinates": [80.096354, 13.293846]}, "properties": {"stop_id": "DJFnuQGw", "stop_name": "Akkarapakkam"}}, {"type": "Feature", "geometry": {"type": "Point", "coordinates": [80.212125, 13.455804]}, "properties": {"stop_id": "WPLDPMYV", "stop_name": "Nelvaai"}}, {"type": "Feature", "geometry": {"type": "Point", "coordinates": [80.099797, 13.074658]}, "properties": {"stop_id": "ndVUpTXG", "stop_name": "Emerald Park"}}, {"type": "Feature", "geometry": {"type": "Point", "coordinates": [80.182968, 12.978063]}, "properties": {"stop_id": "fpBSsIiN", "stop_name": "Nanganallur MGR Road"}}, {"type": "Feature", "geometry": {"type": "Point", "coordinates": [80.10954, 13.269672]}, "properties": {"stop_id": "WOuDNhbw", "stop_name": "JNN Engineering College"}}, {"type": "Feature", "geometry": {"type": "Point", "coordinates": [80.198759, 13.094018]}, "properties": {"stop_id": "qGnNRXVR", "stop_name": "Anna Nagar West Depot"}}, {"type": "Feature", "geometry": {"type": "Point", "coordinates": [80.250885, 13.093182]}, "properties": {"stop_id": "DJsuwMnQ", "stop_name": "S S Or R K Puram"}}, {"type": "Feature", "geometry": {"type": "Point", "coordinates": [80.098366, 13.065229]}, "properties": {"stop_id": "puuUveiG", "stop_name": "Parivakkam Chatram"}}, {"type": "Feature", "geometry": {"type": "Point", "coordinates": [80.28845, 13.108448]}, "properties": {"stop_id": "CzqgXocH", "stop_name": "R S R M Hospital"}}, {"type": "Feature", "geometry": {"type": "Point", "coordinates": [80.114285, 13.447249]}, "properties": {"stop_id": "aUXvtKAd", "stop_name": "Milage"}}, {"type": "Feature", "geometry": {"type": "Point", "coordinates": [80.293712, 13.120796]}, "properties": {"stop_id": "gzIVaTZu", "stop_name": "Kasimedu Police Station"}}, {"type": "Feature", "geometry": {"type": "Point", "coordinates": [80.278961, 13.082298]}, "properties": {"stop_id": "KwaxxmSs", "stop_name": "Nurse Quarters"}}, {"type": "Feature", "geometry": {"type": "Point", "coordinates": [80.150425, 12.809001]}, "properties": {"stop_id": "NcNmxlsD", "stop_name": "Mgr Nagar"}}, {"type": "Feature", "geometry": {"type": "Point", "coordinates": [80.216044, 13.03432]}, "properties": {"stop_id": "exgtgIgV", "stop_name": "Ram Colony"}}, {"type": "Feature", "geometry": {"type": "Point", "coordinates": [79.997096, 13.124841]}, "properties": {"stop_id": "yyEOaSxi", "stop_name": "Veppampet Bus Stop"}}, {"type": "Feature", "geometry": {"type": "Point", "coordinates": [80.257969, 13.097457]}, "properties": {"stop_id": "vISVJoyz", "stop_name": "Pattalam"}}, {"type": "Feature", "geometry": {"type": "Point", "coordinates": [80.093149, 12.792794]}, "properties": {"stop_id": "mOIvxNWl", "stop_name": "Pondur"}}, {"type": "Feature", "geometry": {"type": "Point", "coordinates": [80.277775, 13.058207]}, "properties": {"stop_id": "mYoRZvtc", "stop_name": "Triplicane"}}, {"type": "Feature", "geometry": {"type": "Point", "coordinates": [80.006284, 13.12468]}, "properties": {"stop_id": "obftSQtS", "stop_name": "Veppampattu or Puliyamaram"}}, {"type": "Feature", "geometry": {"type": "Point", "coordinates": [80.078351, 13.213085]}, "properties": {"stop_id": "OHOnJQtA", "stop_name": "Dhass"}}, {"type": "Feature", "geometry": {"type": "Point", "coordinates": [80.181695, 13.069775]}, "properties": {"stop_id": "UUCrlfWg", "stop_name": "Vengaya Mandi"}}, {"type": "Feature", "geometry": {"type": "Point", "coordinates": [80.247827, 12.966935]}, "properties": {"stop_id": "SGVPbDEb", "stop_name": "Kandanchavadi"}}, {"type": "Feature", "geometry": {"type": "Point", "coordinates": [80.193787, 12.978173]}, "properties": {"stop_id": "HipgKeDY", "stop_name": "Puzhuthivakkam"}}, {"type": "Feature", "geometry": {"type": "Point", "coordinates": [80.100622, 13.375097]}, "properties": {"stop_id": "pLpkESor", "stop_name": "Thandalacheri"}}, {"type": "Feature", "geometry": {"type": "Point", "coordinates": [80.284646, 13.146173]}, "properties": {"stop_id": "MdBywaSB", "stop_name": "Concorde Church"}}, {"type": "Feature", "geometry": {"type": "Point", "coordinates": [80.195816, 13.343929]}, "properties": {"stop_id": "BOfkKWXd", "stop_name": "Chinnakavanam Junction"}}, {"type": "Feature", "geometry": {"type": "Point", "coordinates": [80.300382, 13.153865]}, "properties": {"stop_id": "EkCoFwMY", "stop_name": "Thiruvottiyur Police Station"}}, {"type": "Feature", "geometry": {"type": "Point", "coordinates": [80.029068, 13.12437]}, "properties": {"stop_id": "YkNJvTAu", "stop_name": "Thiruninravur Railway Station"}}, {"type": "Feature", "geometry": {"type": "Point", "coordinates": [80.213206, 12.770804]}, "properties": {"stop_id": "OXvlrfnG", "stop_name": "Chenganmal Road Junction"}}, {"type": "Feature", "geometry": {"type": "Point", "coordinates": [80.212396, 13.120329]}, "properties": {"stop_id": "xjhYbLYm", "stop_name": "Poompuhar Nagar"}}, {"type": "Feature", "geometry": {"type": "Point", "coordinates": [80.115411, 13.072286]}, "properties": {"stop_id": "mvZTxord", "stop_name": "Ayyappan Madam"}}, {"type": "Feature", "geometry": {"type": "Point", "coordinates": [80.276614, 13.313382]}, "properties": {"stop_id": "QzziCuGD", "stop_name": "Vayalur"}}, {"type": "Feature", "geometry": {"type": "Point", "coordinates": [80.256011, 12.988915]}, "properties": {"stop_id": "jQaLNViL", "stop_name": "Jayanthi Theatre"}}, {"type": "Feature", "geometry": {"type": "Point", "coordinates": [80.236302, 13.028868]}, "properties": {"stop_id": "OrbXRiVv", "stop_name": "Nandanam YMCA"}}, {"type": "Feature", "geometry": {"type": "Point", "coordinates": [79.985431, 13.0181]}, "properties": {"stop_id": "BeRwFfIz", "stop_name": "T S R Rajalakshmi Nagar"}}, {"type": "Feature", "geometry": {"type": "Point", "coordinates": [80.087784, 13.148986]}, "properties": {"stop_id": "xWjNpCho", "stop_name": "CRP Cross Road"}}, {"type": "Feature", "geometry": {"type": "Point", "coordinates": [80.201127, 12.773856]}, "properties": {"stop_id": "jLuliqpT", "stop_name": "Periyammal Nagar"}}, {"type": "Feature", "geometry": {"type": "Point", "coordinates": [80.113088, 13.00743]}, "properties": {"stop_id": "KcDUQTDz", "stop_name": "Madha Hospital And College"}}, {"type": "Feature", "geometry": {"type": "Point", "coordinates": [79.972826, 13.196438]}, "properties": {"stop_id": "ayGLxrdm", "stop_name": "Perathur Bus Stop"}}, {"type": "Feature", "geometry": {"type": "Point", "coordinates": [80.243999, 13.158585]}, "properties": {"stop_id": "pFAoJEPO", "stop_name": "Veterinary College"}}, {"type": "Feature", "geometry": {"type": "Point", "coordinates": [80.268441, 13.264685]}, "properties": {"stop_id": "YxYhlArE", "stop_name": "Balaji Theatre Minjur"}}, {"type": "Feature", "geometry": {"type": "Point", "coordinates": [80.086944, 13.049183]}, "properties": {"stop_id": "tBPmVbcK", "stop_name": "Varadaraja Puram"}}, {"type": "Feature", "geometry": {"type": "Point", "coordinates": [80.151057, 13.274534]}, "properties": {"stop_id": "EonJeQKz", "stop_name": "Athipedu"}}, {"type": "Feature", "geometry": {"type": "Point", "coordinates": [80.131034, 13.130727]}, "properties": {"stop_id": "XiLvnZTk", "stop_name": "Thirumullaivoyal"}}, {"type": "Feature", "geometry": {"type": "Point", "coordinates": [80.138886, 12.937404]}, "properties": {"stop_id": "Rfsklmcd", "stop_name": "Varadharaja Theatre"}}, {"type": "Feature", "geometry": {"type": "Point", "coordinates": [80.196628, 13.031047]}, "properties": {"stop_id": "AHkkayoK", "stop_name": "Anjali Mahal"}}, {"type": "Feature", "geometry": {"type": "Point", "coordinates": [80.161619, 13.033487]}, "properties": {"stop_id": "xOHMcnRu", "stop_name": "Gopala Krishna Theatre"}}, {"type": "Feature", "geometry": {"type": "Point", "coordinates": [80.108073, 12.769371]}, "properties": {"stop_id": "KMHCIdcu", "stop_name": "Mel Kalvai"}}, {"type": "Feature", "geometry": {"type": "Point", "coordinates": [79.989281, 13.127358]}, "properties": {"stop_id": "ZREdtiHO", "stop_name": "Veppampattu Balaji Nagar"}}, {"type": "Feature", "geometry": {"type": "Point", "coordinates": [80.251508, 13.099982]}, "properties": {"stop_id": "UAkhVpHN", "stop_name": "Otteri Police Station"}}, {"type": "Feature", "geometry": {"type": "Point", "coordinates": [80.241116, 13.128998]}, "properties": {"stop_id": "ztLkgYlA", "stop_name": "Moolakadai"}}, {"type": "Feature", "geometry": {"type": "Point", "coordinates": [79.987304, 13.018002]}, "properties": {"stop_id": "PCRBVfUw", "stop_name": "T S R Rajalakshmi Nagar"}}, {"type": "Feature", "geometry": {"type": "Point", "coordinates": [80.135827, 13.066757]}, "properties": {"stop_id": "nChZnrmr", "stop_name": "Perumalagaram"}}, {"type": "Feature", "geometry": {"type": "Point", "coordinates": [80.089771, 12.920981]}, "properties": {"stop_id": "YfaruHLV", "stop_name": "Gandhi Nagar"}}, {"type": "Feature", "geometry": {"type": "Point", "coordinates": [80.094933, 13.274464]}, "properties": {"stop_id": "BmBzVYhd", "stop_name": "Kannigaipair Bazar"}}, {"type": "Feature", "geometry": {"type": "Point", "coordinates": [80.16624, 12.832565]}, "properties": {"stop_id": "KqFhDHZN", "stop_name": "Mambakkam Rice Mill"}}, {"type": "Feature", "geometry": {"type": "Point", "coordinates": [80.159396, 12.906733]}, "properties": {"stop_id": "OqBnJDkE", "stop_name": "Madambakkam Anna Nagar"}}, {"type": "Feature", "geometry": {"type": "Point", "coordinates": [80.169868, 13.429036]}, "properties": {"stop_id": "wBOkqIeG", "stop_name": "Rettambedu"}}, {"type": "Feature", "geometry": {"type": "Point", "coordinates": [80.196601, 13.157999]}, "properties": {"stop_id": "fZcVdMzo", "stop_name": "Omayal Achi College"}}, {"type": "Feature", "geometry": {"type": "Point", "coordinates": [80.227408, 12.894547]}, "properties": {"stop_id": "nunLDRbE", "stop_name": "Government School Sholinganallur"}}, {"type": "Feature", "geometry": {"type": "Point", "coordinates": [80.107669, 12.966454]}, "properties": {"stop_id": "MmmkWPfy", "stop_name": "Thirumudivakkam"}}, {"type": "Feature", "geometry": {"type": "Point", "coordinates": [80.24465, 13.10814]}, "properties": {"stop_id": "JovbzjVh", "stop_name": "Perambur Railway Station"}}, {"type": "Feature", "geometry": {"type": "Point", "coordinates": [80.225641, 13.158748]}, "properties": {"stop_id": "fbgWGcSP", "stop_name": "Madhavaram Chinna Bypass"}}, {"type": "Feature", "geometry": {"type": "Point", "coordinates": [80.226692, 12.850224]}, "properties": {"stop_id": "fzmnvqlX", "stop_name": "AGS Complex Navalur"}}, {"type": "Feature", "geometry": {"type": "Point", "coordinates": [79.997482, 13.311223]}, "properties": {"stop_id": "dlQsfdCi", "stop_name": "Kakkavakkam"}}, {"type": "Feature", "geometry": {"type": "Point", "coordinates": [80.188624, 12.9959]}, "properties": {"stop_id": "AXkvSZpr", "stop_name": "Alandur"}}, {"type": "Feature", "geometry": {"type": "Point", "coordinates": [80.026687, 13.228932]}, "properties": {"stop_id": "rYcBAOGh", "stop_name": "Anaikattu"}}, {"type": "Feature", "geometry": {"type": "Point", "coordinates": [80.160953, 13.196721]}, "properties": {"stop_id": "aHDoehBY", "stop_name": "Gandhi Nagar West"}}, {"type": "Feature", "geometry": {"type": "Point", "coordinates": [80.165023, 13.038322]}, "properties": {"stop_id": "gHWJyJxY", "stop_name": "Lakshmi Nagar"}}, {"type": "Feature", "geometry": {"type": "Point", "coordinates": [80.122947, 13.088549]}, "properties": {"stop_id": "iqbCzlPk", "stop_name": "Konimedu Road Junction"}}, {"type": "Feature", "geometry": {"type": "Point", "coordinates": [80.250925, 12.918821]}, "properties": {"stop_id": "rGYrQqGa", "stop_name": "Injambakkam"}}, {"type": "Feature", "geometry": {"type": "Point", "coordinates": [80.206789, 13.126024]}, "properties": {"stop_id": "vXPGJwVk", "stop_name": "Ambedkar Nagar"}}, {"type": "Feature", "geometry": {"type": "Point", "coordinates": [80.214604, 13.260971]}, "properties": {"stop_id": "hkXbXhZN", "stop_name": "Gnayaru Koil"}}, {"type": "Feature", "geometry": {"type": "Point", "coordinates": [80.303497, 13.164379]}, "properties": {"stop_id": "bbaQRYSI", "stop_name": "Thiruvottiyur Market"}}, {"type": "Feature", "geometry": {"type": "Point", "coordinates": [80.218054, 13.077775]}, "properties": {"stop_id": "qMoZNsgo", "stop_name": "Anna Siddha Hospital"}}, {"type": "Feature", "geometry": {"type": "Point", "coordinates": [80.054057, 12.849682]}, "properties": {"stop_id": "FTnfVqbf", "stop_name": "Brindha Colony"}}, {"type": "Feature", "geometry": {"type": "Point", "coordinates": [79.833766, 13.033947]}, "properties": {"stop_id": "bghpxDOJ", "stop_name": "Kondencherri Church"}}, {"type": "Feature", "geometry": {"type": "Point", "coordinates": [80.228732, 12.833151]}, "properties": {"stop_id": "oLzlCKof", "stop_name": "IT Park Siruseri Or Muttukadu"}}, {"type": "Feature", "geometry": {"type": "Point", "coordinates": [80.073798, 13.119285]}, "properties": {"stop_id": "bYNwHuWo", "stop_name": "Hindu College"}}, {"type": "Feature", "geometry": {"type": "Point", "coordinates": [79.95088, 12.968596]}, "properties": {"stop_id": "sklTQuFm", "stop_name": "Sriperumbudur Theradi"}}, {"type": "Feature", "geometry": {"type": "Point", "coordinates": [80.154699, 13.035248]}, "properties": {"stop_id": "FFGyTMvJ", "stop_name": "Porur"}}, {"type": "Feature", "geometry": {"type": "Point", "coordinates": [80.240583, 13.050953]}, "properties": {"stop_id": "aIerxCRO", "stop_name": "Vidyodaya School Valluvar Kottam"}}, {"type": "Feature", "geometry": {"type": "Point", "coordinates": [80.098294, 12.909055]}, "properties": {"stop_id": "KzCxlBoL", "stop_name": "Perungalatgur Lake View Stop"}}, {"type": "Feature", "geometry": {"type": "Point", "coordinates": [80.26201, 13.072854]}, "properties": {"stop_id": "SemNVHvd", "stop_name": "Egmore Court"}}, {"type": "Feature", "geometry": {"type": "Point", "coordinates": [79.981779, 12.724178]}, "properties": {"stop_id": "YJlimzmz", "stop_name": "Paranur Toll Plaza"}}, {"type": "Feature", "geometry": {"type": "Point", "coordinates": [80.234326, 13.098547]}, "properties": {"stop_id": "dKbqWpcD", "stop_name": "Noor Hotel"}}, {"type": "Feature", "geometry": {"type": "Point", "coordinates": [80.08932, 12.897433]}, "properties": {"stop_id": "RyPegcUV", "stop_name": "Iraniyamman Koil"}}, {"type": "Feature", "geometry": {"type": "Point", "coordinates": [80.259922, 13.027086]}, "properties": {"stop_id": "UGcgYMSg", "stop_name": "Mandaveli Railway Station"}}, {"type": "Feature", "geometry": {"type": "Point", "coordinates": [80.242763, 12.805851]}, "properties": {"stop_id": "ImuPiggn", "stop_name": "Muttukadu Boat House"}}, {"type": "Feature", "geometry": {"type": "Point", "coordinates": [80.135623, 13.171975]}, "properties": {"stop_id": "fxlmulxX", "stop_name": "Amarithapuram"}}, {"type": "Feature", "geometry": {"type": "Point", "coordinates": [80.200352, 13.073938]}, "properties": {"stop_id": "AszcEtOu", "stop_name": "Koyambedu Chathiram"}}, {"type": "Feature", "geometry": {"type": "Point", "coordinates": [79.907711, 13.091415]}, "properties": {"stop_id": "mHGLRRvz", "stop_name": "Melnallathur MGR Nagar"}}, {"type": "Feature", "geometry": {"type": "Point", "coordinates": [80.254513, 13.082708]}, "properties": {"stop_id": "JvhqCmbT", "stop_name": "Alagappa Schools"}}, {"type": "Feature", "geometry": {"type": "Point", "coordinates": [80.190386, 12.736225]}, "properties": {"stop_id": "lRwzpFEA", "stop_name": "Thiruporur Or Kannagapattu"}}, {"type": "Feature", "geometry": {"type": "Point", "coordinates": [80.228592, 12.980403]}, "properties": {"stop_id": "PWitnUnB", "stop_name": "Baby Nagar"}}, {"type": "Feature", "geometry": {"type": "Point", "coordinates": [80.274878, 13.101177]}, "properties": {"stop_id": "osddylgA", "stop_name": "Padmanaba Theatre"}}, {"type": "Feature", "geometry": {"type": "Point", "coordinates": [80.18619, 12.969532]}, "properties": {"stop_id": "sXdfcDSs", "stop_name": "Moovarasampettai"}}, {"type": "Feature", "geometry": {"type": "Point", "coordinates": [80.275626, 13.058787]}, "properties": {"stop_id": "WWGVlxtV", "stop_name": "Big Street"}}, {"type": "Feature", "geometry": {"type": "Point", "coordinates": [80.209594, 13.031602]}, "properties": {"stop_id": "QdnKSSsO", "stop_name": "KK Nagar Telephone Exchange Jaffarkhanpet"}}, {"type": "Feature", "geometry": {"type": "Point", "coordinates": [80.11937, 13.435408]}, "properties": {"stop_id": "uPxuFxvo", "stop_name": "Pethi Kuppam Gate"}}, {"type": "Feature", "geometry": {"type": "Point", "coordinates": [80.261279, 13.077362]}, "properties": {"stop_id": "UrQlyWkl", "stop_name": "Egmore Railway Station"}}, {"type": "Feature", "geometry": {"type": "Point", "coordinates": [80.18399, 12.902092]}, "properties": {"stop_id": "gRoGYEAJ", "stop_name": "Gold Winner"}}, {"type": "Feature", "geometry": {"type": "Point", "coordinates": [80.211565, 13.085021]}, "properties": {"stop_id": "uSZbdBno", "stop_name": "Blue Star"}}, {"type": "Feature", "geometry": {"type": "Point", "coordinates": [80.26879, 13.003228]}, "properties": {"stop_id": "fQIJDuOA", "stop_name": "Olcott Memorial Higher Secondary School"}}, {"type": "Feature", "geometry": {"type": "Point", "coordinates": [80.275377, 13.309662]}, "properties": {"stop_id": "RUTwxhGS", "stop_name": "Chinna Neidavoya"}}, {"type": "Feature", "geometry": {"type": "Point", "coordinates": [80.226895, 13.431291]}, "properties": {"stop_id": "FDJgmOaw", "stop_name": "Kolur"}}, {"type": "Feature", "geometry": {"type": "Point", "coordinates": [80.298191, 13.147959]}, "properties": {"stop_id": "MTAZIXBL", "stop_name": "Thangal"}}, {"type": "Feature", "geometry": {"type": "Point", "coordinates": [80.135352, 13.037958]}, "properties": {"stop_id": "PZLqDGdx", "stop_name": "Iyyappanthangal Bus Depot"}}, {"type": "Feature", "geometry": {"type": "Point", "coordinates": [79.889952, 13.02013]}, "properties": {"stop_id": "BdLjIrSJ", "stop_name": "Mettukadai Samathuvapuram"}}, {"type": "Feature", "geometry": {"type": "Point", "coordinates": [80.227677, 12.899913]}, "properties": {"stop_id": "deapEAbC", "stop_name": "Sholinganallur"}}, {"type": "Feature", "geometry": {"type": "Point", "coordinates": [80.02068, 13.09421]}, "properties": {"stop_id": "TIygQLDW", "stop_name": "Kosapalayam"}}, {"type": "Feature", "geometry": {"type": "Point", "coordinates": [80.148021, 13.115318]}, "properties": {"stop_id": "FYhykdTj", "stop_name": "Uzhavar Santhai"}}, {"type": "Feature", "geometry": {"type": "Point", "coordinates": [80.010124, 13.125758]}, "properties": {"stop_id": "yKgFraCR", "stop_name": "Veppampattu or Madha Koil"}}, {"type": "Feature", "geometry": {"type": "Point", "coordinates": [80.291544, 13.108789]}, "properties": {"stop_id": "AtcDBGpE", "stop_name": "Royapuram Market"}}, {"type": "Feature", "geometry": {"type": "Point", "coordinates": [80.118871, 13.237104]}, "properties": {"stop_id": "OfWHUDWP", "stop_name": "New Erumai Vetti Palayam"}}, {"type": "Feature", "geometry": {"type": "Point", "coordinates": [80.28314, 13.327641]}, "properties": {"stop_id": "qYzIAyEg", "stop_name": "Thiru Vellivoyal Government School"}}, {"type": "Feature", "geometry": {"type": "Point", "coordinates": [80.210579, 13.077064]}, "properties": {"stop_id": "ybjkPLXB", "stop_name": "Arumbakkam Post Office"}}, {"type": "Feature", "geometry": {"type": "Point", "coordinates": [80.250311, 12.972735]}, "properties": {"stop_id": "vHkAlmCm", "stop_name": "I G P"}}, {"type": "Feature", "geometry": {"type": "Point", "coordinates": [80.280614, 13.134896]}, "properties": {"stop_id": "pHgJPiEB", "stop_name": "Nethaji Super Market"}}, {"type": "Feature", "geometry": {"type": "Point", "coordinates": [80.321547, 13.20665]}, "properties": {"stop_id": "pjTBCsVx", "stop_name": "Chinna Kuppam Or Ashok Leyland Back Gate"}}, {"type": "Feature", "geometry": {"type": "Point", "coordinates": [80.137181, 13.177319]}, "properties": {"stop_id": "NPkfSYbt", "stop_name": "Kattur"}}, {"type": "Feature", "geometry": {"type": "Point", "coordinates": [80.269103, 13.192061]}, "properties": {"stop_id": "igOcnIRX", "stop_name": "Andarkuppam Check Post"}}, {"type": "Feature", "geometry": {"type": "Point", "coordinates": [80.209308, 13.031641]}, "properties": {"stop_id": "aYSqaQmJ", "stop_name": "KK Nagar Telephone Exchange Jaffarkhanpet"}}, {"type": "Feature", "geometry": {"type": "Point", "coordinates": [80.145158, 12.888654]}, "properties": {"stop_id": "UKIbRYBp", "stop_name": "Pathuvanchery"}}, {"type": "Feature", "geometry": {"type": "Point", "coordinates": [80.068874, 12.77692]}, "properties": {"stop_id": "oIfrlpqH", "stop_name": "Kalivanthapattu"}}, {"type": "Feature", "geometry": {"type": "Point", "coordinates": [80.151623, 13.010783]}, "properties": {"stop_id": "zKrYjMnL", "stop_name": "Swami Nagar"}}, {"type": "Feature", "geometry": {"type": "Point", "coordinates": [79.83593, 13.035459]}, "properties": {"stop_id": "lyukJwbV", "stop_name": "Kondencherri"}}, {"type": "Feature", "geometry": {"type": "Point", "coordinates": [80.242552, 13.121413]}, "properties": {"stop_id": "XHnwRtIY", "stop_name": "Don Bosco School"}}, {"type": "Feature", "geometry": {"type": "Point", "coordinates": [80.073979, 12.960054]}, "properties": {"stop_id": "xZaKbzqQ", "stop_name": "GHS School"}}, {"type": "Feature", "geometry": {"type": "Point", "coordinates": [79.957217, 12.954498]}, "properties": {"stop_id": "OjBZWzOO", "stop_name": "Tambaram Mudichur Koot Road"}}, {"type": "Feature", "geometry": {"type": "Point", "coordinates": [80.302561, 13.149248]}, "properties": {"stop_id": "EwdOCOAF", "stop_name": "Tiruchanankuppam"}}, {"type": "Feature", "geometry": {"type": "Point", "coordinates": [80.255685, 13.113792]}, "properties": {"stop_id": "lDiqRMWn", "stop_name": "Vyasarpadi Fire Station BB Road"}}, {"type": "Feature", "geometry": {"type": "Point", "coordinates": [80.01503, 12.787032]}, "properties": {"stop_id": "jUFdobJP", "stop_name": "Ford"}}, {"type": "Feature", "geometry": {"type": "Point", "coordinates": [80.164516, 13.06118]}, "properties": {"stop_id": "oiYuCTCe", "stop_name": "Maduravoyal Yerikarai"}}, {"type": "Feature", "geometry": {"type": "Point", "coordinates": [80.274922, 13.257407]}, "properties": {"stop_id": "VyHGAkTo", "stop_name": "Melur"}}, {"type": "Feature", "geometry": {"type": "Point", "coordinates": [80.127117, 13.41808]}, "properties": {"stop_id": "amcUazui", "stop_name": "Kottai Karai"}}, {"type": "Feature", "geometry": {"type": "Point", "coordinates": [80.155198, 12.837351]}, "properties": {"stop_id": "CDXhVrrJ", "stop_name": "Keelakottaiyur Or Malrosapuram"}}, {"type": "Feature", "geometry": {"type": "Point", "coordinates": [80.202751, 13.071555]}, "properties": {"stop_id": "MgruBUee", "stop_name": "Koyambedu Chathiram"}}, {"type": "Feature", "geometry": {"type": "Point", "coordinates": [80.327228, 13.266088]}, "properties": {"stop_id": "krXgCSzh", "stop_name": "Kamarajar Port"}}, {"type": "Feature", "geometry": {"type": "Point", "coordinates": [80.130198, 13.465728]}, "properties": {"stop_id": "YRAoXeLc", "stop_name": "Thalayaripalaym"}}, {"type": "Feature", "geometry": {"type": "Point", "coordinates": [80.145647, 12.799026]}, "properties": {"stop_id": "wkWFjOvx", "stop_name": "Pungeri Junction"}}, {"type": "Feature", "geometry": {"type": "Point", "coordinates": [80.130335, 12.947037]}, "properties": {"stop_id": "IyYyEpbq", "stop_name": "Tamil Nadu EB"}}, {"type": "Feature", "geometry": {"type": "Point", "coordinates": [80.161567, 12.898645]}, "properties": {"stop_id": "FfkqCuZM", "stop_name": "Madambakkam Koil"}}, {"type": "Feature", "geometry": {"type": "Point", "coordinates": [80.167131, 12.942958]}, "properties": {"stop_id": "xLimUqeT", "stop_name": "Thangam Borewells"}}, {"type": "Feature", "geometry": {"type": "Point", "coordinates": [80.23457, 13.183571]}, "properties": {"stop_id": "VVXTrukI", "stop_name": "Kosappur Bus Stand"}}, {"type": "Feature", "geometry": {"type": "Point", "coordinates": [80.199335, 13.189327]}, "properties": {"stop_id": "OHkaqvpq", "stop_name": "Alinijivakkam"}}, {"type": "Feature", "geometry": {"type": "Point", "coordinates": [80.154141, 12.883601]}, "properties": {"stop_id": "rkDXPoao", "stop_name": "Agaramthen"}}, {"type": "Feature", "geometry": {"type": "Point", "coordinates": [80.263406, 13.080505]}, "properties": {"stop_id": "VjdckTjW", "stop_name": "Thinathanthi"}}, {"type": "Feature", "geometry": {"type": "Point", "coordinates": [80.223499, 13.091694]}, "properties": {"stop_id": "heyKMWAh", "stop_name": "Kavery Colony"}}, {"type": "Feature", "geometry": {"type": "Point", "coordinates": [80.146723, 13.094821]}, "properties": {"stop_id": "FgBYTWzD", "stop_name": "Athipet ICF Colony"}}, {"type": "Feature", "geometry": {"type": "Point", "coordinates": [80.167234, 13.072281]}, "properties": {"stop_id": "xSynUqPV", "stop_name": "Nolambur Sakthinagar Bus Terminus"}}, {"type": "Feature", "geometry": {"type": "Point", "coordinates": [80.237818, 13.13754]}, "properties": {"stop_id": "gdbAGAQU", "stop_name": "Murari Hospital"}}, {"type": "Feature", "geometry": {"type": "Point", "coordinates": [79.986351, 13.21595]}, "properties": {"stop_id": "fiQiCtwF", "stop_name": "Vilappakkam"}}, {"type": "Feature", "geometry": {"type": "Point", "coordinates": [80.079899, 12.946063]}, "properties": {"stop_id": "pQuyecaE", "stop_name": "Erumaiyur Erikarai"}}, {"type": "Feature", "geometry": {"type": "Point", "coordinates": [80.261975, 13.457012]}, "properties": {"stop_id": "umudVILy", "stop_name": "Annamalaichery"}}, {"type": "Feature", "geometry": {"type": "Point", "coordinates": [80.145493, 13.319333]}, "properties": {"stop_id": "URVlPKPB", "stop_name": "Puduvoyal Road Or New Road"}}, {"type": "Feature", "geometry": {"type": "Point", "coordinates": [80.089622, 13.276393]}, "properties": {"stop_id": "ORrZduNE", "stop_name": "Erikarai"}}, {"type": "Feature", "geometry": {"type": "Point", "coordinates": [80.217786, 13.077353]}, "properties": {"stop_id": "voZaDctr", "stop_name": "Anna Siddha Hospital"}}, {"type": "Feature", "geometry": {"type": "Point", "coordinates": [80.293499, 13.251936]}, "properties": {"stop_id": "ypjNmqeK", "stop_name": "Railway Bridge"}}, {"type": "Feature", "geometry": {"type": "Point", "coordinates": [80.224069, 12.805495]}, "properties": {"stop_id": "syNMMSsu", "stop_name": "Padur"}}, {"type": "Feature", "geometry": {"type": "Point", "coordinates": [80.2694, 13.181594]}, "properties": {"stop_id": "gcUmxKgT", "stop_name": "MFL Manali Road Junction"}}, {"type": "Feature", "geometry": {"type": "Point", "coordinates": [80.219117, 13.216796]}, "properties": {"stop_id": "YJnTPbIZ", "stop_name": "Perungavoor"}}, {"type": "Feature", "geometry": {"type": "Point", "coordinates": [80.196733, 13.157927]}, "properties": {"stop_id": "OGoFbxUJ", "stop_name": "Omayal Achi College"}}, {"type": "Feature", "geometry": {"type": "Point", "coordinates": [80.281945, 13.139135]}, "properties": {"stop_id": "issQYORv", "stop_name": "Ioc Bus Depot"}}, {"type": "Feature", "geometry": {"type": "Point", "coordinates": [80.055535, 12.839817]}, "properties": {"stop_id": "SwTowoaO", "stop_name": "Srinivasapuram"}}, {"type": "Feature", "geometry": {"type": "Point", "coordinates": [79.953961, 13.133621]}, "properties": {"stop_id": "YeMdKIsv", "stop_name": "Ponnuswamy Nadar College Of Arts And Science"}}, {"type": "Feature", "geometry": {"type": "Point", "coordinates": [80.149732, 13.119675]}, "properties": {"stop_id": "yQQuLFAg", "stop_name": "Ambattur OT Bus Stand"}}, {"type": "Feature", "geometry": {"type": "Point", "coordinates": [80.225285, 12.978363]}, "properties": {"stop_id": "FUctipSE", "stop_name": "Tansi Nagar"}}, {"type": "Feature", "geometry": {"type": "Point", "coordinates": [79.97188, 13.12912]}, "properties": {"stop_id": "eZiXxBSP", "stop_name": "Sevvapet School"}}, {"type": "Feature", "geometry": {"type": "Point", "coordinates": [80.285805, 13.119746]}, "properties": {"stop_id": "LmhVzFNJ", "stop_name": "Maharani Post Office"}}, {"type": "Feature", "geometry": {"type": "Point", "coordinates": [79.972305, 12.868579]}, "properties": {"stop_id": "tSXpsDyV", "stop_name": "Nariyambakkam"}}, {"type": "Feature", "geometry": {"type": "Point", "coordinates": [80.202817, 12.995018]}, "properties": {"stop_id": "EmOAXDjE", "stop_name": "St Mount Ambedkar Satute"}}, {"type": "Feature", "geometry": {"type": "Point", "coordinates": [80.250708, 12.991281]}, "properties": {"stop_id": "oFLgHrco", "stop_name": "Tidel Park"}}, {"type": "Feature", "geometry": {"type": "Point", "coordinates": [80.112753, 13.070508]}, "properties": {"stop_id": "apOzgzFy", "stop_name": "Veeraraghavapuram"}}, {"type": "Feature", "geometry": {"type": "Point", "coordinates": [80.186289, 12.808778]}, "properties": {"stop_id": "OeZVKJdr", "stop_name": "Military Camp Mambakkam"}}, {"type": "Feature", "geometry": {"type": "Point", "coordinates": [80.04495, 12.783598]}, "properties": {"stop_id": "nyQXyVHt", "stop_name": "Gudalur Government School"}}, {"type": "Feature", "geometry": {"type": "Point", "coordinates": [80.306214, 13.175092]}, "properties": {"stop_id": "VQfPRvUw", "stop_name": "Thiruvottiyur Bus Stand"}}, {"type": "Feature", "geometry": {"type": "Point", "coordinates": [80.161697, 13.080467]}, "properties": {"stop_id": "RZSdunHk", "stop_name": "Nolambur Police Booth"}}, {"type": "Feature", "geometry": {"type": "Point", "coordinates": [80.157255, 13.080683]}, "properties": {"stop_id": "MyzsDSvl", "stop_name": "Manthopu"}}, {"type": "Feature", "geometry": {"type": "Point", "coordinates": [80.24881, 13.136335]}, "properties": {"stop_id": "fNFVnryG", "stop_name": "Karikadai"}}, {"type": "Feature", "geometry": {"type": "Point", "coordinates": [79.969716, 12.857098]}, "properties": {"stop_id": "vigCHzUD", "stop_name": "Kavalkazhani Church"}}, {"type": "Feature", "geometry": {"type": "Point", "coordinates": [80.158208, 13.120603]}, "properties": {"stop_id": "VyxPahNP", "stop_name": "Jai Ganesh Temple"}}, {"type": "Feature", "geometry": {"type": "Point", "coordinates": [80.045219, 12.974024]}, "properties": {"stop_id": "DKWSfiEo", "stop_name": "Puthuper"}}, {"type": "Feature", "geometry": {"type": "Point", "coordinates": [80.131079, 13.130852]}, "properties": {"stop_id": "NmJVuAxS", "stop_name": "Thirumullaivoyal"}}, {"type": "Feature", "geometry": {"type": "Point", "coordinates": [80.218141, 13.085669]}, "properties": {"stop_id": "uKKyuZyC", "stop_name": "Kandaswami Naidu College"}}, {"type": "Feature", "geometry": {"type": "Point", "coordinates": [79.651396, 12.227171]}, "properties": {"stop_id": "fVolLZWv", "stop_name": "Tindivanam Bus Stand"}}, {"type": "Feature", "geometry": {"type": "Point", "coordinates": [80.262926, 13.019075]}, "properties": {"stop_id": "gpaAUChy", "stop_name": "Music College Annamalai Puram"}}, {"type": "Feature", "geometry": {"type": "Point", "coordinates": [80.29224, 13.094517]}, "properties": {"stop_id": "ubZrQMid", "stop_name": "Beach Station"}}, {"type": "Feature", "geometry": {"type": "Point", "coordinates": [80.241267, 13.167273]}, "properties": {"stop_id": "UnubcmDK", "stop_name": "Periya Mathur"}}, {"type": "Feature", "geometry": {"type": "Point", "coordinates": [79.993883, 13.109215]}, "properties": {"stop_id": "AXxrYyXG", "stop_name": "Perumalpattu Gangaiamman Temple"}}, {"type": "Feature", "geometry": {"type": "Point", "coordinates": [80.231683, 13.116116]}, "properties": {"stop_id": "pTpnumHG", "stop_name": "Peravallur"}}, {"type": "Feature", "geometry": {"type": "Point", "coordinates": [80.085081, 12.994387]}, "properties": {"stop_id": "eLmJkuZC", "stop_name": "Madha Engineering College"}}, {"type": "Feature", "geometry": {"type": "Point", "coordinates": [80.183486, 13.109083]}, "properties": {"stop_id": "rQuvSvCO", "stop_name": "Street No 31"}}, {"type": "Feature", "geometry": {"type": "Point", "coordinates": [80.143283, 12.956912]}, "properties": {"stop_id": "OyAyNkqZ", "stop_name": "Saravana Store Chromepet"}}, {"type": "Feature", "geometry": {"type": "Point", "coordinates": [80.254407, 13.02718]}, "properties": {"stop_id": "faYOimYm", "stop_name": "Kaliyappa Hospital"}}, {"type": "Feature", "geometry": {"type": "Point", "coordinates": [80.115338, 13.043887]}, "properties": {"stop_id": "cvCJiZVm", "stop_name": "Kumananchavadi"}}, {"type": "Feature", "geometry": {"type": "Point", "coordinates": [80.147032, 13.485475]}, "properties": {"stop_id": "vcrPzYoe", "stop_name": "Sunnambu Kulam Market"}}, {"type": "Feature", "geometry": {"type": "Point", "coordinates": [80.152265, 13.110403]}, "properties": {"stop_id": "SOVcCDqR", "stop_name": "Canara Bank"}}, {"type": "Feature", "geometry": {"type": "Point", "coordinates": [80.068679, 13.044951]}, "properties": {"stop_id": "DHkaGHFf", "stop_name": "Nazarathpet Police Check Post"}}, {"type": "Feature", "geometry": {"type": "Point", "coordinates": [80.066498, 12.960769]}, "properties": {"stop_id": "EaEcGMLT", "stop_name": "Indira Nagar"}}, {"type": "Feature", "geometry": {"type": "Point", "coordinates": [80.277019, 13.114409]}, "properties": {"stop_id": "CVXQsRBK", "stop_name": "Kannan Street"}}, {"type": "Feature", "geometry": {"type": "Point", "coordinates": [80.12332, 13.021539]}, "properties": {"stop_id": "zjuQPxhV", "stop_name": "Mariyamman Kovil Mangadu"}}, {"type": "Feature", "geometry": {"type": "Point", "coordinates": [80.289052, 13.082351]}, "properties": {"stop_id": "mgTKojDA", "stop_name": "R B I Parrys"}}, {"type": "Feature", "geometry": {"type": "Point", "coordinates": [80.107751, 12.859724]}, "properties": {"stop_id": "nYOFNZtG", "stop_name": "Unamancheri"}}, {"type": "Feature", "geometry": {"type": "Point", "coordinates": [80.180982, 13.196302]}, "properties": {"stop_id": "ZPJGdbAJ", "stop_name": "Red Hills Thiruvallur Road Junction"}}, {"type": "Feature", "geometry": {"type": "Point", "coordinates": [80.136096, 13.101389]}, "properties": {"stop_id": "PhEXDKmN", "stop_name": "MGR Statue Ayapakkam"}}, {"type": "Feature", "geometry": {"type": "Point", "coordinates": [80.196127, 12.919404]}, "properties": {"stop_id": "ECXJHxuC", "stop_name": "Medavakkam Colony Or Puliamaram"}}, {"type": "Feature", "geometry": {"type": "Point", "coordinates": [80.328284, 13.306954]}, "properties": {"stop_id": "crypOuMD", "stop_name": "Kattupalli Village"}}, {"type": "Feature", "geometry": {"type": "Point", "coordinates": [79.958877, 13.02206]}, "properties": {"stop_id": "NxZLWDKg", "stop_name": "Mannur N I F O"}}, {"type": "Feature", "geometry": {"type": "Point", "coordinates": [80.052187, 13.396852]}, "properties": {"stop_id": "bSXtWlOz", "stop_name": "Thideer Nagar"}}, {"type": "Feature", "geometry": {"type": "Point", "coordinates": [80.064717, 12.948664]}, "properties": {"stop_id": "vhHLNRbD", "stop_name": "Ettiamman Kovil"}}, {"type": "Feature", "geometry": {"type": "Point", "coordinates": [80.108079, 13.114173]}, "properties": {"stop_id": "AFMSRepx", "stop_name": "Avadi Mosque"}}, {"type": "Feature", "geometry": {"type": "Point", "coordinates": [80.065178, 13.051462]}, "properties": {"stop_id": "qDNcQeuw", "stop_name": "Kundumedu"}}, {"type": "Feature", "geometry": {"type": "Point", "coordinates": [80.069977, 13.180598]}, "properties": {"stop_id": "zLLRyPMt", "stop_name": "Arakkambakkam"}}, {"type": "Feature", "geometry": {"type": "Point", "coordinates": [80.182159, 13.070892]}, "properties": {"stop_id": "pdLPgMHo", "stop_name": "Nerkundram Signal"}}, {"type": "Feature", "geometry": {"type": "Point", "coordinates": [80.098266, 12.831962]}, "properties": {"stop_id": "UvujAAYC", "stop_name": "Arungal"}}, {"type": "Feature", "geometry": {"type": "Point", "coordinates": [80.084268, 13.184545]}, "properties": {"stop_id": "xFzHIeRy", "stop_name": "Veerapuram"}}, {"type": "Feature", "geometry": {"type": "Point", "coordinates": [80.142477, 12.907097]}, "properties": {"stop_id": "oAtDCozl", "stop_name": "Bharat Engineering College Or Balaji Nagar"}}, {"type": "Feature", "geometry": {"type": "Point", "coordinates": [80.013227, 12.964467]}, "properties": {"stop_id": "ZuMtkZMj", "stop_name": "Amarambedu Chatram"}}, {"type": "Feature", "geometry": {"type": "Point", "coordinates": [80.085617, 13.182063]}, "properties": {"stop_id": "jFhGTpOu", "stop_name": "Veerapuram Viraliyur Kodi"}}, {"type": "Feature", "geometry": {"type": "Point", "coordinates": [80.140148, 12.851216]}, "properties": {"stop_id": "xnXFAboh", "stop_name": "Kandigai"}}, {"type": "Feature", "geometry": {"type": "Point", "coordinates": [80.196421, 12.9109]}, "properties": {"stop_id": "RXuaQdiQ", "stop_name": "Pallavan Nagar"}}, {"type": "Feature", "geometry": {"type": "Point", "coordinates": [80.250225, 13.166867]}, "properties": {"stop_id": "AvILYntX", "stop_name": "Mathur MMDA Third Main Road"}}, {"type": "Feature", "geometry": {"type": "Point", "coordinates": [80.087235, 13.183687]}, "properties": {"stop_id": "kekwMubZ", "stop_name": "Veerapuram Medu Street Or Tank"}}, {"type": "Feature", "geometry": {"type": "Point", "coordinates": [80.224353, 13.01912]}, "properties": {"stop_id": "NXLrCKMp", "stop_name": "Panagal Maligai Or Saiadapet Bridge"}}, {"type": "Feature", "geometry": {"type": "Point", "coordinates": [80.203787, 13.049328]}, "properties": {"stop_id": "aLvvGSoW", "stop_name": "Sooriya Hospital"}}, {"type": "Feature", "geometry": {"type": "Point", "coordinates": [80.299768, 13.151362]}, "properties": {"stop_id": "EXHVDpee", "stop_name": "Raja Kaladi"}}, {"type": "Feature", "geometry": {"type": "Point", "coordinates": [80.224132, 13.141461]}, "properties": {"stop_id": "sNuKvPuW", "stop_name": "ACT"}}, {"type": "Feature", "geometry": {"type": "Point", "coordinates": [80.257112, 13.035027]}, "properties": {"stop_id": "cmGUMIAA", "stop_name": "CP Ramasamy Road"}}, {"type": "Feature", "geometry": {"type": "Point", "coordinates": [80.14351, 13.263331]}, "properties": {"stop_id": "nLuZmKFz", "stop_name": "Siddhi Vinayagar Temple"}}, {"type": "Feature", "geometry": {"type": "Point", "coordinates": [80.281744, 13.112661]}, "properties": {"stop_id": "FVWAEAei", "stop_name": "Pandian Theatre"}}, {"type": "Feature", "geometry": {"type": "Point", "coordinates": [80.275941, 13.311264]}, "properties": {"stop_id": "uCoCFrtM", "stop_name": "Merattur"}}, {"type": "Feature", "geometry": {"type": "Point", "coordinates": [80.21819, 13.076341]}, "properties": {"stop_id": "DyPueDjA", "stop_name": "Anna Arch"}}, {"type": "Feature", "geometry": {"type": "Point", "coordinates": [80.064929, 13.120904]}, "properties": {"stop_id": "ngNzeSzC", "stop_name": "Pattabiram"}}, {"type": "Feature", "geometry": {"type": "Point", "coordinates": [80.209719, 13.007236]}, "properties": {"stop_id": "WFZVQzrl", "stop_name": "Guindy M K N Salai"}}, {"type": "Feature", "geometry": {"type": "Point", "coordinates": [80.15926, 13.118216]}, "properties": {"stop_id": "HUSVGpqn", "stop_name": "Indian Bank Colony"}}, {"type": "Feature", "geometry": {"type": "Point", "coordinates": [80.192796, 13.038538]}, "properties": {"stop_id": "SgGmeaHk", "stop_name": "Munusamy Salai"}}, {"type": "Feature", "geometry": {"type": "Point", "coordinates": [80.050895, 12.952562]}, "properties": {"stop_id": "rXoVyCYO", "stop_name": "Taar Plant"}}, {"type": "Feature", "geometry": {"type": "Point", "coordinates": [80.14318, 13.201269]}, "properties": {"stop_id": "lqTAOmVV", "stop_name": "Jeeva Nagar"}}, {"type": "Feature", "geometry": {"type": "Point", "coordinates": [80.025444, 13.078371]}, "properties": {"stop_id": "slwzdYAd", "stop_name": "Nemam"}}, {"type": "Feature", "geometry": {"type": "Point", "coordinates": [80.029217, 13.211129]}, "properties": {"stop_id": "AiDSpgcp", "stop_name": "Thamaraipakkam"}}, {"type": "Feature", "geometry": {"type": "Point", "coordinates": [80.071986, 12.957993]}, "properties": {"stop_id": "fzkszzUr", "stop_name": "Vivekanantha Nagar"}}, {"type": "Feature", "geometry": {"type": "Point", "coordinates": [80.057981, 13.100332]}, "properties": {"stop_id": "UXEWVZzP", "stop_name": "Amudurmedu"}}, {"type": "Feature", "geometry": {"type": "Point", "coordinates": [80.158564, 12.903292]}, "properties": {"stop_id": "CsZszdUY", "stop_name": "Kozhi Pannai"}}, {"type": "Feature", "geometry": {"type": "Point", "coordinates": [80.259156, 13.096972]}, "properties": {"stop_id": "tSmiUoPn", "stop_name": "Pattalam"}}, {"type": "Feature", "geometry": {"type": "Point", "coordinates": [80.057803, 13.1297]}, "properties": {"stop_id": "PxKzEfaJ", "stop_name": "Uzhavar Nagar"}}, {"type": "Feature", "geometry": {"type": "Point", "coordinates": [80.240956, 13.091174]}, "properties": {"stop_id": "svamcGgQ", "stop_name": "Medavakkam Mental Hospital"}}, {"type": "Feature", "geometry": {"type": "Point", "coordinates": [80.032416, 13.124681]}, "properties": {"stop_id": "XQBvMmKm", "stop_name": "Thiruninravur Bus Stand"}}, {"type": "Feature", "geometry": {"type": "Point", "coordinates": [80.05227, 13.294349]}, "properties": {"stop_id": "TGKbjQzH", "stop_name": "MTC Nagar"}}, {"type": "Feature", "geometry": {"type": "Point", "coordinates": [79.944969, 12.962527]}, "properties": {"stop_id": "FrCulsqF", "stop_name": "Sriperumbudur Bypass"}}, {"type": "Feature", "geometry": {"type": "Point", "coordinates": [80.202216, 13.362314]}, "properties": {"stop_id": "HfcobGNa", "stop_name": "Uppaplam 1"}}, {"type": "Feature", "geometry": {"type": "Point", "coordinates": [80.062822, 13.145509]}, "properties": {"stop_id": "YbopoHtZ", "stop_name": "Ellaiamman Kovil"}}, {"type": "Feature", "geometry": {"type": "Point", "coordinates": [80.240614, 13.009984]}, "properties": {"stop_id": "sHwmfZBx", "stop_name": "B M Birla Planetarium Or CLRI"}}, {"type": "Feature", "geometry": {"type": "Point", "coordinates": [80.108369, 13.102686]}, "properties": {"stop_id": "gyedwqXM", "stop_name": "Moorthy Nagar"}}, {"type": "Feature", "geometry": {"type": "Point", "coordinates": [80.194608, 13.153934]}, "properties": {"stop_id": "QYwjKQRO", "stop_name": "Chocolate Company"}}, {"type": "Feature", "geometry": {"type": "Point", "coordinates": [79.962818, 13.316672]}, "properties": {"stop_id": "ppYufOCR", "stop_name": "Lachivakkam"}}, {"type": "Feature", "geometry": {"type": "Point", "coordinates": [79.994709, 13.116897]}, "properties": {"stop_id": "zjFHHUbS", "stop_name": "Sri Ram Engineering College"}}, {"type": "Feature", "geometry": {"type": "Point", "coordinates": [80.105834, 12.916501]}, "properties": {"stop_id": "SEVBrkvc", "stop_name": "Irumbuliyur"}}, {"type": "Feature", "geometry": {"type": "Point", "coordinates": [80.174952, 13.083691]}, "properties": {"stop_id": "yLVlVeFN", "stop_name": "Vijaya Bank"}}, {"type": "Feature", "geometry": {"type": "Point", "coordinates": [80.245146, 13.052883]}, "properties": {"stop_id": "UWOHRooW", "stop_name": "Josiyar Street"}}, {"type": "Feature", "geometry": {"type": "Point", "coordinates": [79.870326, 12.820381]}, "properties": {"stop_id": "VTbufxnV", "stop_name": "Deveriambakkam"}}, {"type": "Feature", "geometry": {"type": "Point", "coordinates": [79.870611, 12.820409]}, "properties": {"stop_id": "WsxoHomq", "stop_name": "Deveriambakkam"}}, {"type": "Feature", "geometry": {"type": "Point", "coordinates": [80.261716, 13.073702]}, "properties": {"stop_id": "QRrhNfpu", "stop_name": "Commissioner Office"}}, {"type": "Feature", "geometry": {"type": "Point", "coordinates": [80.061388, 12.841797]}, "properties": {"stop_id": "mhrRBZGj", "stop_name": "Nandhivaram Goverment Girls Hsc School"}}, {"type": "Feature", "geometry": {"type": "Point", "coordinates": [80.045106, 13.064098]}, "properties": {"stop_id": "dJdTBATy", "stop_name": "Keelmanabedu"}}, {"type": "Feature", "geometry": {"type": "Point", "coordinates": [80.113315, 12.962134]}, "properties": {"stop_id": "zuhYkREh", "stop_name": "Thiruneermalai 2"}}, {"type": "Feature", "geometry": {"type": "Point", "coordinates": [80.180816, 13.140799]}, "properties": {"stop_id": "eTPMYwkC", "stop_name": "Shanmugapuram"}}, {"type": "Feature", "geometry": {"type": "Point", "coordinates": [80.013064, 13.093647]}, "properties": {"stop_id": "QkOFoFkV", "stop_name": "Kottamedu"}}, {"type": "Feature", "geometry": {"type": "Point", "coordinates": [80.082827, 13.330645]}, "properties": {"stop_id": "sWtYImJU", "stop_name": "Old Arani"}}, {"type": "Feature", "geometry": {"type": "Point", "coordinates": [80.238216, 13.16805]}, "properties": {"stop_id": "NcjHcLny", "stop_name": "Kalyani Mahal"}}, {"type": "Feature", "geometry": {"type": "Point", "coordinates": [80.027536, 13.07667]}, "properties": {"stop_id": "phodyDNv", "stop_name": "Andersonpet"}}, {"type": "Feature", "geometry": {"type": "Point", "coordinates": [80.035542, 13.405549]}, "properties": {"stop_id": "MbBQjXCf", "stop_name": "Poovalambedu"}}, {"type": "Feature", "geometry": {"type": "Point", "coordinates": [79.985079, 12.872963]}, "properties": {"stop_id": "JGCJnIWw", "stop_name": "sarapanchery"}}, {"type": "Feature", "geometry": {"type": "Point", "coordinates": [80.145066, 13.319586]}, "properties": {"stop_id": "qIuTLVvj", "stop_name": "Puduvoyal Road Or New Road"}}, {"type": "Feature", "geometry": {"type": "Point", "coordinates": [80.135579, 12.884033]}, "properties": {"stop_id": "LZThInHz", "stop_name": "Zion School"}}, {"type": "Feature", "geometry": {"type": "Point", "coordinates": [80.112031, 13.334237]}, "properties": {"stop_id": "eYRPTRrW", "stop_name": "Agaram"}}, {"type": "Feature", "geometry": {"type": "Point", "coordinates": [80.126934, 13.412748]}, "properties": {"stop_id": "YfFNBzii", "stop_name": "Rettempedu Road Junction"}}, {"type": "Feature", "geometry": {"type": "Point", "coordinates": [79.983715, 13.162456]}, "properties": {"stop_id": "oLFGxTGd", "stop_name": "Ayaloor"}}, {"type": "Feature", "geometry": {"type": "Point", "coordinates": [80.113187, 13.038096]}, "properties": {"stop_id": "UtzkRwuC", "stop_name": "Gangai Amman Kovil"}}, {"type": "Feature", "geometry": {"type": "Point", "coordinates": [80.194702, 12.824499]}, "properties": {"stop_id": "upwIMaLy", "stop_name": "Rural Colony"}}, {"type": "Feature", "geometry": {"type": "Point", "coordinates": [80.327857, 13.222607]}, "properties": {"stop_id": "ODNKqRCQ", "stop_name": "kothari"}}, {"type": "Feature", "geometry": {"type": "Point", "coordinates": [80.19584, 13.010958]}, "properties": {"stop_id": "yrlDljAC", "stop_name": "Military Quarters"}}, {"type": "Feature", "geometry": {"type": "Point", "coordinates": [80.2052, 13.0663]}, "properties": {"stop_id": "pdQlgkSh", "stop_name": "Chennai Koyambedu Mofussil Bus Stand"}}, {"type": "Feature", "geometry": {"type": "Point", "coordinates": [80.218177, 12.987356]}, "properties": {"stop_id": "dVVBCEuD", "stop_name": "Velachery Erikarai"}}, {"type": "Feature", "geometry": {"type": "Point", "coordinates": [80.230682, 12.925774]}, "properties": {"stop_id": "vnfcOAch", "stop_name": "Okkiyampet"}}, {"type": "Feature", "geometry": {"type": "Point", "coordinates": [80.197414, 12.986654]}, "properties": {"stop_id": "miDIXkTS", "stop_name": "Surendhar Nagar"}}, {"type": "Feature", "geometry": {"type": "Point", "coordinates": [80.15497, 13.060431]}, "properties": {"stop_id": "MkXEUCdM", "stop_name": "Vaanagaram"}}, {"type": "Feature", "geometry": {"type": "Point", "coordinates": [80.06013, 12.982564]}, "properties": {"stop_id": "cThdGxLv", "stop_name": "Azhagesa Nagar"}}, {"type": "Feature", "geometry": {"type": "Point", "coordinates": [79.997845, 13.279875]}, "properties": {"stop_id": "ZpPhVVpM", "stop_name": "Melmaligaipattu"}}, {"type": "Feature", "geometry": {"type": "Point", "coordinates": [80.192792, 13.186522]}, "properties": {"stop_id": "LgyCGIBw", "stop_name": "Vadakarai Rice Mill Or Vadakarai Bypass"}}, {"type": "Feature", "geometry": {"type": "Point", "coordinates": [80.198538, 13.036913]}, "properties": {"stop_id": "noVetmot", "stop_name": "Data Udupi Hotel"}}, {"type": "Feature", "geometry": {"type": "Point", "coordinates": [80.251868, 13.097905]}, "properties": {"stop_id": "VpmqCJUB", "stop_name": "Otteri"}}, {"type": "Feature", "geometry": {"type": "Point", "coordinates": [80.240876, 13.01751]}, "properties": {"stop_id": "FBwCHGmG", "stop_name": "Kottur"}}, {"type": "Feature", "geometry": {"type": "Point", "coordinates": [80.043285, 12.954573]}, "properties": {"stop_id": "GxYrbHur", "stop_name": "Somangalam School"}}, {"type": "Feature", "geometry": {"type": "Point", "coordinates": [80.229805, 13.183512]}, "properties": {"stop_id": "wQzAWTmt", "stop_name": "Chettipedu"}}, {"type": "Feature", "geometry": {"type": "Point", "coordinates": [80.194328, 12.991467]}, "properties": {"stop_id": "MoCDatJm", "stop_name": "Thillai Ganga Nagar Main Road"}}, {"type": "Feature", "geometry": {"type": "Point", "coordinates": [80.23827, 12.92538]}, "properties": {"stop_id": "nNuUCqPb", "stop_name": "Kannagi Nagar Bus Stand"}}, {"type": "Feature", "geometry": {"type": "Point", "coordinates": [80.300232, 13.402278]}, "properties": {"stop_id": "ypDcaLvL", "stop_name": "Andarmadam"}}, {"type": "Feature", "geometry": {"type": "Point", "coordinates": [80.291793, 13.13168]}, "properties": {"stop_id": "GcGOdrPa", "stop_name": "Tondiarpet Bus Depot"}}, {"type": "Feature", "geometry": {"type": "Point", "coordinates": [79.920409, 12.839872]}, "properties": {"stop_id": "oVvGCedi", "stop_name": "Kandigai"}}, {"type": "Feature", "geometry": {"type": "Point", "coordinates": [80.150951, 13.124047]}, "properties": {"stop_id": "iMjvswBX", "stop_name": "Oragadam OT"}}, {"type": "Feature", "geometry": {"type": "Point", "coordinates": [80.269709, 13.184296]}, "properties": {"stop_id": "iFderoVa", "stop_name": "Vaikadu"}}, {"type": "Feature", "geometry": {"type": "Point", "coordinates": [80.246182, 13.006517]}, "properties": {"stop_id": "nYVfIRsk", "stop_name": "Madhya Kailash"}}, {"type": "Feature", "geometry": {"type": "Point", "coordinates": [80.187595, 13.226768]}, "properties": {"stop_id": "hSpdOQMh", "stop_name": "Angadu"}}, {"type": "Feature", "geometry": {"type": "Point", "coordinates": [80.273738, 13.05275]}, "properties": {"stop_id": "FXEtzSuC", "stop_name": "Ice House Police Station"}}, {"type": "Feature", "geometry": {"type": "Point", "coordinates": [80.200572, 12.806378]}, "properties": {"stop_id": "AvRehgJa", "stop_name": "Cosmo City"}}, {"type": "Feature", "geometry": {"type": "Point", "coordinates": [80.010532, 13.217923]}, "properties": {"stop_id": "oOCTcNdW", "stop_name": "Velliyur Hospital"}}, {"type": "Feature", "geometry": {"type": "Point", "coordinates": [80.221013, 12.698421]}, "properties": {"stop_id": "gXuuFtgr", "stop_name": "Saibaba Temple"}}, {"type": "Feature", "geometry": {"type": "Point", "coordinates": [80.255806, 13.171183]}, "properties": {"stop_id": "HVHFFpAB", "stop_name": "Perumal Koil"}}, {"type": "Feature", "geometry": {"type": "Point", "coordinates": [80.310974, 13.409771]}, "properties": {"stop_id": "gLfGMIXr", "stop_name": "Idayankulam"}}, {"type": "Feature", "geometry": {"type": "Point", "coordinates": [80.176377, 13.312122]}, "properties": {"stop_id": "sXWHYDNZ", "stop_name": "Sayanavaram"}}, {"type": "Feature", "geometry": {"type": "Point", "coordinates": [80.12539, 12.9575]}, "properties": {"stop_id": "YnixWiwg", "stop_name": "Subbarayan Nagar"}}, {"type": "Feature", "geometry": {"type": "Point", "coordinates": [80.142103, 13.14]}, "properties": {"stop_id": "BJjcRhiE", "stop_name": "Devi Eswari Nagar"}}, {"type": "Feature", "geometry": {"type": "Point", "coordinates": [79.934908, 12.995278]}, "properties": {"stop_id": "ZnVCCcBH", "stop_name": "Thodukadu"}}, {"type": "Feature", "geometry": {"type": "Point", "coordinates": [79.986397, 13.215827]}, "properties": {"stop_id": "WeqAZPal", "stop_name": "Vilappakkam"}}, {"type": "Feature", "geometry": {"type": "Point", "coordinates": [80.19838, 13.082224]}, "properties": {"stop_id": "tDDddUJb", "stop_name": "CPWD Quarters"}}, {"type": "Feature", "geometry": {"type": "Point", "coordinates": [80.029534, 13.194187]}, "properties": {"stop_id": "SwPLBeCY", "stop_name": "Komakkambedu"}}, {"type": "Feature", "geometry": {"type": "Point", "coordinates": [80.138561, 13.06112]}, "properties": {"stop_id": "otuYkIZd", "stop_name": "Velappanchavadi"}}, {"type": "Feature", "geometry": {"type": "Point", "coordinates": [80.19873, 13.066147]}, "properties": {"stop_id": "PywYzQHY", "stop_name": "Koyambedu Market"}}, {"type": "Feature", "geometry": {"type": "Point", "coordinates": [80.046669, 12.971932]}, "properties": {"stop_id": "owraUoxF", "stop_name": "Sakthi Nagar Poonthandalam Road Junction"}}, {"type": "Feature", "geometry": {"type": "Point", "coordinates": [80.053165, 13.038815]}, "properties": {"stop_id": "rljVoTvk", "stop_name": "L and T"}}, {"type": "Feature", "geometry": {"type": "Point", "coordinates": [80.099369, 13.154464]}, "properties": {"stop_id": "QEnOoljA", "stop_name": "Kannadapalayam Junction"}}, {"type": "Feature", "geometry": {"type": "Point", "coordinates": [80.167847, 12.920948]}, "properties": {"stop_id": "ZFFevgPB", "stop_name": "Sivet"}}, {"type": "Feature", "geometry": {"type": "Point", "coordinates": [80.035316, 13.043106]}, "properties": {"stop_id": "QrnyweDt", "stop_name": "Irulpalayam"}}, {"type": "Feature", "geometry": {"type": "Point", "coordinates": [80.164255, 13.080866]}, "properties": {"stop_id": "bSoWRArq", "stop_name": "State Bank Of India"}}, {"type": "Feature", "geometry": {"type": "Point", "coordinates": [80.241213, 12.79561]}, "properties": {"stop_id": "TBShKgjD", "stop_name": "Kunnukadu Alamaram"}}, {"type": "Feature", "geometry": {"type": "Point", "coordinates": [80.071483, 12.831611]}, "properties": {"stop_id": "BjKGijLD", "stop_name": "Putru Kovil"}}, {"type": "Feature", "geometry": {"type": "Point", "coordinates": [80.139991, 13.100915]}, "properties": {"stop_id": "LEPzGjdo", "stop_name": "IMRC Hospital"}}, {"type": "Feature", "geometry": {"type": "Point", "coordinates": [80.269475, 13.091265]}, "properties": {"stop_id": "oSOvYxXQ", "stop_name": "Choolai Rountana"}}, {"type": "Feature", "geometry": {"type": "Point", "coordinates": [80.137961, 13.101169]}, "properties": {"stop_id": "vfoMHDCS", "stop_name": "Baba Temple Ayapakkam"}}, {"type": "Feature", "geometry": {"type": "Point", "coordinates": [80.249638, 13.402384]}, "properties": {"stop_id": "BvinbONJ", "stop_name": "Thirupalaivanam"}}, {"type": "Feature", "geometry": {"type": "Point", "coordinates": [79.97903, 12.711444]}, "properties": {"stop_id": "rBGGtpqI", "stop_name": "Pulipakkam"}}, {"type": "Feature", "geometry": {"type": "Point", "coordinates": [80.199099, 13.085468]}, "properties": {"stop_id": "SfxDAXEq", "stop_name": "Thirumangalam Or Sunguvarchattram"}}, {"type": "Feature", "geometry": {"type": "Point", "coordinates": [80.204712, 13.143738]}, "properties": {"stop_id": "icUsjZEb", "stop_name": "Thirumal Srinivas Nagar or Balaji Nagar"}}, {"type": "Feature", "geometry": {"type": "Point", "coordinates": [79.941432, 12.955247]}, "properties": {"stop_id": "AtxuoNjw", "stop_name": "Vallakottai Koot Road"}}, {"type": "Feature", "geometry": {"type": "Point", "coordinates": [80.109598, 12.995962]}, "properties": {"stop_id": "wGMdZeqa", "stop_name": "Andakuppam"}}, {"type": "Feature", "geometry": {"type": "Point", "coordinates": [80.263345, 13.096691]}, "properties": {"stop_id": "CZmFLtlO", "stop_name": "Aragadam"}}, {"type": "Feature", "geometry": {"type": "Point", "coordinates": [80.29684, 13.144705]}, "properties": {"stop_id": "RkbXqAIs", "stop_name": "Thangal Toll Gate"}}, {"type": "Feature", "geometry": {"type": "Point", "coordinates": [79.926507, 13.015849]}, "properties": {"stop_id": "RUSqbQft", "stop_name": "Mannur Junction Sriperumbudur Bypass"}}, {"type": "Feature", "geometry": {"type": "Point", "coordinates": [80.239668, 13.145468]}, "properties": {"stop_id": "kEQqRNXv", "stop_name": "Arul Nagar"}}, {"type": "Feature", "geometry": {"type": "Point", "coordinates": [80.142611, 13.100555]}, "properties": {"stop_id": "VeNIGKmR", "stop_name": "Erikarai Pillaiyar Koil"}}, {"type": "Feature", "geometry": {"type": "Point", "coordinates": [80.170288, 13.08253]}, "properties": {"stop_id": "XGJiqzLW", "stop_name": "J J Nagar West Terminus"}}, {"type": "Feature", "geometry": {"type": "Point", "coordinates": [80.143051, 13.019841]}, "properties": {"stop_id": "uVXvGyfL", "stop_name": "Baikadai"}}, {"type": "Feature", "geometry": {"type": "Point", "coordinates": [80.21503, 13.068831]}, "properties": {"stop_id": "EarJIhnU", "stop_name": "M M D A Petrol Bunk"}}, {"type": "Feature", "geometry": {"type": "Point", "coordinates": [80.031526, 12.83733]}, "properties": {"stop_id": "ZIzswYos", "stop_name": "Thiruthavali"}}, {"type": "Feature", "geometry": {"type": "Point", "coordinates": [80.066725, 13.191641]}, "properties": {"stop_id": "dkKDnHnJ", "stop_name": "Pandeshwaram"}}, {"type": "Feature", "geometry": {"type": "Point", "coordinates": [80.103286, 13.125531]}, "properties": {"stop_id": "aZaGhhAB", "stop_name": "Post Office"}}, {"type": "Feature", "geometry": {"type": "Point", "coordinates": [80.173688, 12.895617]}, "properties": {"stop_id": "ngHHCDQb", "stop_name": "Noothancheri Cross Road"}}, {"type": "Feature", "geometry": {"type": "Point", "coordinates": [80.106428, 12.751072]}, "properties": {"stop_id": "mPXKcTmk", "stop_name": "Kilven Road"}}, {"type": "Feature", "geometry": {"type": "Point", "coordinates": [80.062818, 13.14555]}, "properties": {"stop_id": "MYMMmWkN", "stop_name": "Ellaiamman Kovil"}}, {"type": "Feature", "geometry": {"type": "Point", "coordinates": [80.24894, 12.998252]}, "properties": {"stop_id": "yrWAEsGy", "stop_name": "Womens Polytechnic College"}}, {"type": "Feature", "geometry": {"type": "Point", "coordinates": [80.283447, 13.085009]}, "properties": {"stop_id": "QHFmFyLR", "stop_name": "High Court"}}, {"type": "Feature", "geometry": {"type": "Point", "coordinates": [80.149246, 13.422185]}, "properties": {"stop_id": "BUhYynpm", "stop_name": "Authupakkam"}}, {"type": "Feature", "geometry": {"type": "Point", "coordinates": [80.308374, 13.188281]}, "properties": {"stop_id": "PYzwbgep", "stop_name": "Gandhi Nagar Eranavoor"}}, {"type": "Feature", "geometry": {"type": "Point", "coordinates": [80.278941, 13.039155]}, "properties": {"stop_id": "dwUntJQR", "stop_name": "All India Radio Light House"}}, {"type": "Feature", "geometry": {"type": "Point", "coordinates": [80.220407, 13.092242]}, "properties": {"stop_id": "iwdDmytU", "stop_name": "M Block Anna Nagar Or K4 Police Station"}}, {"type": "Feature", "geometry": {"type": "Point", "coordinates": [80.100616, 13.116588]}, "properties": {"stop_id": "qNiTyrkl", "stop_name": "Kannigapuram"}}, {"type": "Feature", "geometry": {"type": "Point", "coordinates": [80.266423, 13.098548]}, "properties": {"stop_id": "uAAdoXdO", "stop_name": "Uppukarpettai"}}, {"type": "Feature", "geometry": {"type": "Point", "coordinates": [80.191268, 12.862229]}, "properties": {"stop_id": "RmfxCtxh", "stop_name": "Ottiyambakkam"}}, {"type": "Feature", "geometry": {"type": "Point", "coordinates": [80.281161, 13.136984]}, "properties": {"stop_id": "TNbojCJf", "stop_name": "Ioc Second Bridge"}}, {"type": "Feature", "geometry": {"type": "Point", "coordinates": [80.244204, 13.108662]}, "properties": {"stop_id": "ufLmazVu", "stop_name": "Perambur Railway Station"}}, {"type": "Feature", "geometry": {"type": "Point", "coordinates": [80.151584, 13.107107]}, "properties": {"stop_id": "uijbLdHW", "stop_name": "Dr Ambedkar Statue"}}, {"type": "Feature", "geometry": {"type": "Point", "coordinates": [79.921552, 13.329187]}, "properties": {"stop_id": "pMUlUuQz", "stop_name": "Thommaram Bedu"}}, {"type": "Feature", "geometry": {"type": "Point", "coordinates": [80.259183, 12.976657]}, "properties": {"stop_id": "WUWIxCFc", "stop_name": "Thiruvalluvar Nagar RTO"}}, {"type": "Feature", "geometry": {"type": "Point", "coordinates": [80.211349, 13.008966]}, "properties": {"stop_id": "CoebvEmQ", "stop_name": "Guindy Industrial Estate"}}, {"type": "Feature", "geometry": {"type": "Point", "coordinates": [80.216226, 12.848288]}, "properties": {"stop_id": "vaPtcLuK", "stop_name": "Kakkan Nagar"}}, {"type": "Feature", "geometry": {"type": "Point", "coordinates": [80.070617, 13.12152]}, "properties": {"stop_id": "KiOCmsmI", "stop_name": "Thangamani School"}}, {"type": "Feature", "geometry": {"type": "Point", "coordinates": [80.203989, 12.933987]}, "properties": {"stop_id": "VbMcfGsr", "stop_name": "Pallikaranai"}}, {"type": "Feature", "geometry": {"type": "Point", "coordinates": [80.006043, 13.180906]}, "properties": {"stop_id": "ChOayZDF", "stop_name": "Sivanvayolyur"}}, {"type": "Feature", "geometry": {"type": "Point", "coordinates": [80.294776, 13.105508]}, "properties": {"stop_id": "srZucbpJ", "stop_name": "Royapuram Railway Station"}}, {"type": "Feature", "geometry": {"type": "Point", "coordinates": [80.03946, 13.151426]}, "properties": {"stop_id": "IkeqCtDY", "stop_name": "Melappedu"}}, {"type": "Feature", "geometry": {"type": "Point", "coordinates": [80.187701, 12.715097]}, "properties": {"stop_id": "JyEnLYHy", "stop_name": "Thandalam"}}, {"type": "Feature", "geometry": {"type": "Point", "coordinates": [80.023219, 13.023997]}, "properties": {"stop_id": "spVkBMtX", "stop_name": "Chettipedu"}}, {"type": "Feature", "geometry": {"type": "Point", "coordinates": [80.259217, 13.008766]}, "properties": {"stop_id": "yHDouIXe", "stop_name": "Arunachalapuram"}}, {"type": "Feature", "geometry": {"type": "Point", "coordinates": [80.248934, 13.217319]}, "properties": {"stop_id": "tTbFYEPP", "stop_name": "Vichoor"}}, {"type": "Feature", "geometry": {"type": "Point", "coordinates": [80.293493, 13.251977]}, "properties": {"stop_id": "CkgzgDTz", "stop_name": "Railway Bridge"}}, {"type": "Feature", "geometry": {"type": "Point", "coordinates": [80.218258, 12.901607]}, "properties": {"stop_id": "BMDeXhVp", "stop_name": "HCL Company"}}, {"type": "Feature", "geometry": {"type": "Point", "coordinates": [80.292805, 13.096287]}, "properties": {"stop_id": "inJVXMtB", "stop_name": "Collector Office"}}, {"type": "Feature", "geometry": {"type": "Point", "coordinates": [80.188865, 13.331791]}, "properties": {"stop_id": "avRuCqLk", "stop_name": "Ponneri Petrol Bunk"}}, {"type": "Feature", "geometry": {"type": "Point", "coordinates": [80.179918, 13.315609]}, "properties": {"stop_id": "nxBXRnVc", "stop_name": "Krishnapuram Or Devi College"}}, {"type": "Feature", "geometry": {"type": "Point", "coordinates": [80.161415, 12.733378]}, "properties": {"stop_id": "aPKnTaHY", "stop_name": "Shiva Temple Kattur"}}, {"type": "Feature", "geometry": {"type": "Point", "coordinates": [80.135086, 13.08636]}, "properties": {"stop_id": "RsPctvEc", "stop_name": "Chinna Koladi Road Junction"}}, {"type": "Feature", "geometry": {"type": "Point", "coordinates": [79.960482, 13.317994]}, "properties": {"stop_id": "siLHVqvQ", "stop_name": "Palavakkam"}}, {"type": "Feature", "geometry": {"type": "Point", "coordinates": [80.160503, 13.301683]}, "properties": {"stop_id": "edTVGmZc", "stop_name": "Andarkuppam"}}, {"type": "Feature", "geometry": {"type": "Point", "coordinates": [80.158484, 12.903302]}, "properties": {"stop_id": "CJfGjHZT", "stop_name": "Kozhi Pannai"}}, {"type": "Feature", "geometry": {"type": "Point", "coordinates": [80.145731, 13.484896]}, "properties": {"stop_id": "TfcuZRGs", "stop_name": "Sunnambu Kulam"}}, {"type": "Feature", "geometry": {"type": "Point", "coordinates": [80.06479, 12.893664]}, "properties": {"stop_id": "OWTXMrGR", "stop_name": "Mannivakkam"}}, {"type": "Feature", "geometry": {"type": "Point", "coordinates": [80.075769, 12.867815]}, "properties": {"stop_id": "XLVjRryq", "stop_name": "Urappakam"}}, {"type": "Feature", "geometry": {"type": "Point", "coordinates": [80.286745, 13.103281]}, "properties": {"stop_id": "LIcqcPpV", "stop_name": "Bharathi Arts College"}}, {"type": "Feature", "geometry": {"type": "Point", "coordinates": [80.248054, 13.053178]}, "properties": {"stop_id": "nGRNUPgX", "stop_name": "MGR Salai Nungambakkam or Plam Grove"}}, {"type": "Feature", "geometry": {"type": "Point", "coordinates": [80.100437, 13.006603]}, "properties": {"stop_id": "bkPedFyi", "stop_name": "Kolachery"}}, {"type": "Feature", "geometry": {"type": "Point", "coordinates": [80.146886, 13.097594]}, "properties": {"stop_id": "KSSwmuEx", "stop_name": "Ayanambakkam Chruch"}}, {"type": "Feature", "geometry": {"type": "Point", "coordinates": [80.025474, 13.111659]}, "properties": {"stop_id": "dONffpoj", "stop_name": "Thiruninravur Ramar Kovil"}}, {"type": "Feature", "geometry": {"type": "Point", "coordinates": [80.073629, 12.862096]}, "properties": {"stop_id": "NxbXiMUL", "stop_name": "Urapakkam Or Ananthavalli SchoolAnanthavalli School"}}, {"type": "Feature", "geometry": {"type": "Point", "coordinates": [80.129172, 13.162419]}, "properties": {"stop_id": "TcXrIYig", "stop_name": "Arikamedu"}}, {"type": "Feature", "geometry": {"type": "Point", "coordinates": [80.1694, 12.838245]}, "properties": {"stop_id": "NsNpZaFg", "stop_name": "Mambakkam Sivan Kovil"}}, {"type": "Feature", "geometry": {"type": "Point", "coordinates": [80.050597, 13.124389]}, "properties": {"stop_id": "ZFKsyBay", "stop_name": "Nemilicheri"}}, {"type": "Feature", "geometry": {"type": "Point", "coordinates": [80.185445, 13.486867]}, "properties": {"stop_id": "gFnNTJRr", "stop_name": "Church Chinna Magodu"}}, {"type": "Feature", "geometry": {"type": "Point", "coordinates": [80.149884, 12.86541]}, "properties": {"stop_id": "nuxwLmjk", "stop_name": "Vengadamangalam Childrens Park"}}, {"type": "Feature", "geometry": {"type": "Point", "coordinates": [80.190865, 13.13546]}, "properties": {"stop_id": "zRaNzOkn", "stop_name": "Madanankuppam (Korattur Village)"}}, {"type": "Feature", "geometry": {"type": "Point", "coordinates": [80.154467, 13.056802]}, "properties": {"stop_id": "jqKZnhob", "stop_name": "Velammal Vidayalaya Vanagaram"}}, {"type": "Feature", "geometry": {"type": "Point", "coordinates": [80.178739, 13.023639]}, "properties": {"stop_id": "nsbHlbAq", "stop_name": "DLF Or L and T"}}, {"type": "Feature", "geometry": {"type": "Point", "coordinates": [80.225341, 13.1]}, "properties": {"stop_id": "YvwQRHTE", "stop_name": "Railway Quarters"}}, {"type": "Feature", "geometry": {"type": "Point", "coordinates": [79.958543, 13.106641]}, "properties": {"stop_id": "ITdbUezF", "stop_name": "Tirur"}}, {"type": "Feature", "geometry": {"type": "Point", "coordinates": [79.981142, 13.146177]}, "properties": {"stop_id": "WJvaarbI", "stop_name": "Thottikalai"}}, {"type": "Feature", "geometry": {"type": "Point", "coordinates": [79.861703, 13.031119]}, "properties": {"stop_id": "LGkMSSTO", "stop_name": "Mappedu Old Police Station"}}, {"type": "Feature", "geometry": {"type": "Point", "coordinates": [80.100869, 12.902328]}, "properties": {"stop_id": "dWuojvTd", "stop_name": "Kodikambam"}}, {"type": "Feature", "geometry": {"type": "Point", "coordinates": [80.314923, 13.188608]}, "properties": {"stop_id": "qAUjPEMf", "stop_name": "Netaji Nagar"}}, {"type": "Feature", "geometry": {"type": "Point", "coordinates": [80.102273, 13.012188]}, "properties": {"stop_id": "bjPEDqek", "stop_name": "Sivanthangal"}}, {"type": "Feature", "geometry": {"type": "Point", "coordinates": [80.269641, 13.196991]}, "properties": {"stop_id": "DATqCMmz", "stop_name": "Dwarka Nagar Elementary School"}}, {"type": "Feature", "geometry": {"type": "Point", "coordinates": [80.150134, 13.102849]}, "properties": {"stop_id": "JxFLnqJu", "stop_name": "Blue Factory"}}, {"type": "Feature", "geometry": {"type": "Point", "coordinates": [79.893874, 13.334126]}, "properties": {"stop_id": "IfUoaxeT", "stop_name": "Uthukkottai"}}, {"type": "Feature", "geometry": {"type": "Point", "coordinates": [80.229764, 13.025144]}, "properties": {"stop_id": "fubLBmAl", "stop_name": "Saidapet Veterinary Hospital Or Raja Hostel"}}, {"type": "Feature", "geometry": {"type": "Point", "coordinates": [80.284382, 13.105075]}, "properties": {"stop_id": "yolIeCeg", "stop_name": "Stanley Hospital"}}, {"type": "Feature", "geometry": {"type": "Point", "coordinates": [80.181906, 12.919856]}, "properties": {"stop_id": "lUWTaWkd", "stop_name": "Medavakkam"}}, {"type": "Feature", "geometry": {"type": "Point", "coordinates": [80.041016, 12.898545]}, "properties": {"stop_id": "IjwJTwcG", "stop_name": "Karasangal Erikarai"}}, {"type": "Feature", "geometry": {"type": "Point", "coordinates": [80.202192, 13.07243]}, "properties": {"stop_id": "OAywdpTB", "stop_name": "Koyambedu Chathiram"}}, {"type": "Feature", "geometry": {"type": "Point", "coordinates": [80.067764, 12.854014]}, "properties": {"stop_id": "iEKDTvNf", "stop_name": "Akshaya Apartments Guduvanchery"}}, {"type": "Feature", "geometry": {"type": "Point", "coordinates": [80.254587, 13.027225]}, "properties": {"stop_id": "ScxuUYRs", "stop_name": "Kaliyappa Hospital"}}, {"type": "Feature", "geometry": {"type": "Point", "coordinates": [80.188538, 12.886289]}, "properties": {"stop_id": "KFegxKuC", "stop_name": "Indira Nagar Chithalapakkam"}}, {"type": "Feature", "geometry": {"type": "Point", "coordinates": [80.144498, 12.769494]}, "properties": {"stop_id": "PTCqqgjS", "stop_name": "Kayaar"}}, {"type": "Feature", "geometry": {"type": "Point", "coordinates": [79.4835, 11.9302]}, "properties": {"stop_id": "jwtMzuEb", "stop_name": "Villuppuram Bus Stand"}}, {"type": "Feature", "geometry": {"type": "Point", "coordinates": [80.133512, 13.154786]}, "properties": {"stop_id": "FPjpeXlp", "stop_name": "Karishma Nagar Water"}}, {"type": "Feature", "geometry": {"type": "Point", "coordinates": [80.145726, 13.485018]}, "properties": {"stop_id": "umgwnivO", "stop_name": "Sunnambu Kulam"}}, {"type": "Feature", "geometry": {"type": "Point", "coordinates": [80.260624, 13.046647]}, "properties": {"stop_id": "LLvlNCEB", "stop_name": "Music Academy"}}, {"type": "Feature", "geometry": {"type": "Point", "coordinates": [80.163805, 13.042851]}, "properties": {"stop_id": "dIJpAwev", "stop_name": "Alapakkam"}}, {"type": "Feature", "geometry": {"type": "Point", "coordinates": [80.210147, 12.874509]}, "properties": {"stop_id": "DFiOxLfP", "stop_name": "Semmancheri Bus Stand"}}, {"type": "Feature", "geometry": {"type": "Point", "coordinates": [80.279016, 13.128528]}, "properties": {"stop_id": "XGgrBziF", "stop_name": "Tondiarpet Power House"}}, {"type": "Feature", "geometry": {"type": "Point", "coordinates": [80.199437, 13.326715]}, "properties": {"stop_id": "UYClvrsH", "stop_name": "Vanakkam"}}, {"type": "Feature", "geometry": {"type": "Point", "coordinates": [80.306052, 13.160178]}, "properties": {"stop_id": "rHyPKpnR", "stop_name": "Theradi Beach Road"}}, {"type": "Feature", "geometry": {"type": "Point", "coordinates": [80.141036, 12.893216]}, "properties": {"stop_id": "KoIahnfw", "stop_name": "Thiruvanchery"}}, {"type": "Feature", "geometry": {"type": "Point", "coordinates": [80.200251, 12.744335]}, "properties": {"stop_id": "tnRCfdJr", "stop_name": "Kalavakkam School"}}, {"type": "Feature", "geometry": {"type": "Point", "coordinates": [80.252178, 13.108742]}, "properties": {"stop_id": "yzZGrKJL", "stop_name": "BB Road"}}, {"type": "Feature", "geometry": {"type": "Point", "coordinates": [80.160301, 12.923159]}, "properties": {"stop_id": "llFTEWtD", "stop_name": "Sembakkam"}}, {"type": "Feature", "geometry": {"type": "Point", "coordinates": [80.259125, 13.038432]}, "properties": {"stop_id": "IoZdiBbG", "stop_name": "Anjaneyar Temple"}}, {"type": "Feature", "geometry": {"type": "Point", "coordinates": [80.027077, 13.115981]}, "properties": {"stop_id": "OFTTxfUx", "stop_name": "Thiruninravur Hospital"}}, {"type": "Feature", "geometry": {"type": "Point", "coordinates": [80.274201, 13.102171]}, "properties": {"stop_id": "duRJdiSr", "stop_name": "Padmanaba Theatre"}}, {"type": "Feature", "geometry": {"type": "Point", "coordinates": [80.197462, 13.186671]}, "properties": {"stop_id": "JKycCNae", "stop_name": "Vadakarai High School"}}, {"type": "Feature", "geometry": {"type": "Point", "coordinates": [80.194363, 13.331958]}, "properties": {"stop_id": "yVpVwFWL", "stop_name": "Ponneri Taluk Office"}}, {"type": "Feature", "geometry": {"type": "Point", "coordinates": [80.149005, 12.845612]}, "properties": {"stop_id": "mRKfPREJ", "stop_name": "Melakottaiyur"}}, {"type": "Feature", "geometry": {"type": "Point", "coordinates": [80.202674, 13.16386]}, "properties": {"stop_id": "hTBkjNzq", "stop_name": "Puzhal Jail"}}, {"type": "Feature", "geometry": {"type": "Point", "coordinates": [80.142503, 12.854825]}, "properties": {"stop_id": "EZxvwLQu", "stop_name": "Kandigai Goverment High School"}}, {"type": "Feature", "geometry": {"type": "Point", "coordinates": [80.188954, 12.729914]}, "properties": {"stop_id": "HJijptKA", "stop_name": "Thiruporur Kovil"}}, {"type": "Feature", "geometry": {"type": "Point", "coordinates": [80.255645, 12.958411]}, "properties": {"stop_id": "ruogAkOJ", "stop_name": "Saint Anthony Church or Palavakkam"}}, {"type": "Feature", "geometry": {"type": "Point", "coordinates": [80.070226, 13.146676]}, "properties": {"stop_id": "ZaTxFLgk", "stop_name": "Mittanamalli"}}, {"type": "Feature", "geometry": {"type": "Point", "coordinates": [80.147993, 13.296538]}, "properties": {"stop_id": "HIkBoDID", "stop_name": "Thachur Koot Road Junction"}}, {"type": "Feature", "geometry": {"type": "Point", "coordinates": [80.206723, 13.234097]}, "properties": {"stop_id": "LbyQgJih", "stop_name": "Budur Hospital"}}, {"type": "Feature", "geometry": {"type": "Point", "coordinates": [79.99458, 12.943451]}, "properties": {"stop_id": "kZlpJvjE", "stop_name": "Amarambedu East"}}, {"type": "Feature", "geometry": {"type": "Point", "coordinates": [80.203191, 12.881908]}, "properties": {"stop_id": "vqmUkLVA", "stop_name": "Bollineni Hill Park"}}, {"type": "Feature", "geometry": {"type": "Point", "coordinates": [80.258413, 13.109643]}, "properties": {"stop_id": "PrdzzRyE", "stop_name": "Ganeshapuram"}}, {"type": "Feature", "geometry": {"type": "Point", "coordinates": [79.95554, 13.021279]}, "properties": {"stop_id": "fslmqcXP", "stop_name": "Mannur Village"}}, {"type": "Feature", "geometry": {"type": "Point", "coordinates": [80.204119, 12.751437]}, "properties": {"stop_id": "LlpMjrks", "stop_name": "SSN College"}}, {"type": "Feature", "geometry": {"type": "Point", "coordinates": [80.184538, 13.096566]}, "properties": {"stop_id": "IQleWbDf", "stop_name": "Vanniyar St"}}, {"type": "Feature", "geometry": {"type": "Point", "coordinates": [80.2219, 12.786515]}, "properties": {"stop_id": "VriUyyDM", "stop_name": "Kelambakkam Bus Terminal"}}, {"type": "Feature", "geometry": {"type": "Point", "coordinates": [80.156478, 13.103562]}, "properties": {"stop_id": "XyHfgUxW", "stop_name": "TI Miller"}}, {"type": "Feature", "geometry": {"type": "Point", "coordinates": [80.015241, 12.982904]}, "properties": {"stop_id": "UyZpITbv", "stop_name": "Kattrambakkam Bus Stand"}}, {"type": "Feature", "geometry": {"type": "Point", "coordinates": [80.289998, 13.088701]}, "properties": {"stop_id": "tjYcJLRB", "stop_name": "Parrys Corner"}}, {"type": "Feature", "geometry": {"type": "Point", "coordinates": [80.275563, 13.066228]}, "properties": {"stop_id": "UaWwvNMO", "stop_name": "Kalaivanar Arangam"}}, {"type": "Feature", "geometry": {"type": "Point", "coordinates": [80.248559, 13.05707]}, "properties": {"stop_id": "rBcsOnfo", "stop_name": "Income Tax Office"}}, {"type": "Feature", "geometry": {"type": "Point", "coordinates": [80.20101, 12.835502]}, "properties": {"stop_id": "yQpnsdnm", "stop_name": "Siruseri"}}, {"type": "Feature", "geometry": {"type": "Point", "coordinates": [80.035767, 12.947853]}, "properties": {"stop_id": "wXyAETzh", "stop_name": "Somangalam EB"}}, {"type": "Feature", "geometry": {"type": "Point", "coordinates": [80.003267, 13.189604]}, "properties": {"stop_id": "uuJJSerx", "stop_name": "Vathattur Kandigai"}}, {"type": "Feature", "geometry": {"type": "Point", "coordinates": [80.088203, 13.141722]}, "properties": {"stop_id": "GiLGTLpB", "stop_name": "Thangaya Gate"}}, {"type": "Feature", "geometry": {"type": "Point", "coordinates": [80.09503, 13.11904]}, "properties": {"stop_id": "eiOwifcC", "stop_name": "Avadi Check Post"}}, {"type": "Feature", "geometry": {"type": "Point", "coordinates": [80.283482, 13.143831]}, "properties": {"stop_id": "mgIvIqkL", "stop_name": "Parmeshwari Nagar"}}, {"type": "Feature", "geometry": {"type": "Point", "coordinates": [80.178586, 12.938822]}, "properties": {"stop_id": "eZeSgSXQ", "stop_name": "Nanmangalam Park"}}, {"type": "Feature", "geometry": {"type": "Point", "coordinates": [80.003535, 13.150195]}, "properties": {"stop_id": "nZwvOJob", "stop_name": "Puliur Kadaigai Vinayagar Koil"}}, {"type": "Feature", "geometry": {"type": "Point", "coordinates": [80.141204, 13.470658]}, "properties": {"stop_id": "TuCFhCoF", "stop_name": "Perumal Koil Sumnnambukulam"}}, {"type": "Feature", "geometry": {"type": "Point", "coordinates": [80.136327, 13.130417]}, "properties": {"stop_id": "FStgRiBS", "stop_name": "Manikandapuram"}}, {"type": "Feature", "geometry": {"type": "Point", "coordinates": [80.225065, 13.015598]}, "properties": {"stop_id": "FyoAuDvn", "stop_name": "Little Mount"}}, {"type": "Feature", "geometry": {"type": "Point", "coordinates": [80.125404, 13.094973]}, "properties": {"stop_id": "NosTVaAF", "stop_name": "Apprana Nagar Or VGN"}}, {"type": "Feature", "geometry": {"type": "Point", "coordinates": [80.184479, 12.89038]}, "properties": {"stop_id": "rpBBoUBR", "stop_name": "Jaya Nagar"}}, {"type": "Feature", "geometry": {"type": "Point", "coordinates": [80.220659, 13.193445]}, "properties": {"stop_id": "eDjMEvVD", "stop_name": "Vilangadupakkam"}}, {"type": "Feature", "geometry": {"type": "Point", "coordinates": [80.14925, 13.422235]}, "properties": {"stop_id": "oGdoEyKI", "stop_name": "Authupakkam"}}, {"type": "Feature", "geometry": {"type": "Point", "coordinates": [80.128601, 13.106023]}, "properties": {"stop_id": "BZEEPDzF", "stop_name": "Ayapakkam Bus Stand"}}, {"type": "Feature", "geometry": {"type": "Point", "coordinates": [80.123985, 13.069351]}, "properties": {"stop_id": "jnDfAorM", "stop_name": "Thiruverkadu Terminus"}}, {"type": "Feature", "geometry": {"type": "Point", "coordinates": [80.247827, 13.049823]}, "properties": {"stop_id": "dfkLIYlO", "stop_name": "Gemini Sun Plaza"}}, {"type": "Feature", "geometry": {"type": "Point", "coordinates": [80.183443, 13.087975]}, "properties": {"stop_id": "cCSIoIah", "stop_name": "T S Krishna Nagar"}}, {"type": "Feature", "geometry": {"type": "Point", "coordinates": [80.111935, 13.047121]}, "properties": {"stop_id": "XadmKFIl", "stop_name": "Karayanchavadi"}}, {"type": "Feature", "geometry": {"type": "Point", "coordinates": [79.942961, 12.956257]}, "properties": {"stop_id": "yQmtaWgt", "stop_name": "Travellers Bangalow Or Pattunool Chatram"}}, {"type": "Feature", "geometry": {"type": "Point", "coordinates": [80.031469, 13.164664]}, "properties": {"stop_id": "zWZbZUaa", "stop_name": "Kesava Cross Road"}}, {"type": "Feature", "geometry": {"type": "Point", "coordinates": [80.184459, 13.081104]}, "properties": {"stop_id": "lOxXZcFl", "stop_name": "JJ Nagar East Masudi"}}, {"type": "Feature", "geometry": {"type": "Point", "coordinates": [80.274231, 13.058884]}, "properties": {"stop_id": "aiNWVRbc", "stop_name": "Rathna Cafe Bharathi Salai Triplicane"}}, {"type": "Feature", "geometry": {"type": "Point", "coordinates": [80.153212, 12.973279]}, "properties": {"stop_id": "gmsNDepi", "stop_name": "Pallavaram Or English Electrical"}}, {"type": "Feature", "geometry": {"type": "Point", "coordinates": [80.228609, 13.197908]}, "properties": {"stop_id": "FnMlnlru", "stop_name": "Theyampakkam"}}, {"type": "Feature", "geometry": {"type": "Point", "coordinates": [80.226759, 13.067874]}, "properties": {"stop_id": "AqgjLYqB", "stop_name": "Metha Nagar"}}, {"type": "Feature", "geometry": {"type": "Point", "coordinates": [80.143299, 12.889699]}, "properties": {"stop_id": "CkzMckPC", "stop_name": "Kasma Puram"}}, {"type": "Feature", "geometry": {"type": "Point", "coordinates": [80.297671, 13.180106]}, "properties": {"stop_id": "JdZarNsv", "stop_name": "TKS Nagar"}}, {"type": "Feature", "geometry": {"type": "Point", "coordinates": [80.314118, 13.413265]}, "properties": {"stop_id": "CPLwMSlA", "stop_name": "Pulicat Old Market Pazhaverkadu"}}, {"type": "Feature", "geometry": {"type": "Point", "coordinates": [80.236323, 13.458716]}, "properties": {"stop_id": "umyCwwah", "stop_name": "EB Transformer"}}, {"type": "Feature", "geometry": {"type": "Point", "coordinates": [80.153002, 13.030961]}, "properties": {"stop_id": "CSzsuVOH", "stop_name": "Porur E B Office"}}, {"type": "Feature", "geometry": {"type": "Point", "coordinates": [80.226413, 12.871049]}, "properties": {"stop_id": "kbNsckqG", "stop_name": "Satyabhama University"}}, {"type": "Feature", "geometry": {"type": "Point", "coordinates": [80.136691, 12.961069]}, "properties": {"stop_id": "DetNfbBu", "stop_name": "Nagalkeni"}}, {"type": "Feature", "geometry": {"type": "Point", "coordinates": [79.868928, 12.943419]}, "properties": {"stop_id": "QwmUxgDJ", "stop_name": "Sogandi"}}, {"type": "Feature", "geometry": {"type": "Point", "coordinates": [80.231465, 13.066408]}, "properties": {"stop_id": "QkCkRebE", "stop_name": "Nungambakkam Railway Station"}}, {"type": "Feature", "geometry": {"type": "Point", "coordinates": [80.065806, 12.83616]}, "properties": {"stop_id": "EvOnizWo", "stop_name": "Malai Medu"}}, {"type": "Feature", "geometry": {"type": "Point", "coordinates": [80.100535, 13.375196]}, "properties": {"stop_id": "JzyLKajw", "stop_name": "Thandalacheri"}}, {"type": "Feature", "geometry": {"type": "Point", "coordinates": [80.072534, 13.079605]}, "properties": {"stop_id": "sICvpcEb", "stop_name": "Chokkanallur"}}, {"type": "Feature", "geometry": {"type": "Point", "coordinates": [79.978524, 13.018232]}, "properties": {"stop_id": "OIDfcbwB", "stop_name": "Chinna Valarpuram"}}, {"type": "Feature", "geometry": {"type": "Point", "coordinates": [80.247048, 13.040751]}, "properties": {"stop_id": "HQVZivsH", "stop_name": "Vanavil"}}, {"type": "Feature", "geometry": {"type": "Point", "coordinates": [80.250625, 13.20591]}, "properties": {"stop_id": "vyItOGON", "stop_name": "Echankuzhi Amman Kulam"}}, {"type": "Feature", "geometry": {"type": "Point", "coordinates": [80.169595, 13.089172]}, "properties": {"stop_id": "OVaoEscJ", "stop_name": "Mogaipair Road Junction"}}, {"type": "Feature", "geometry": {"type": "Point", "coordinates": [80.277462, 13.032886]}, "properties": {"stop_id": "TiulEaYs", "stop_name": "Santhome Church"}}, {"type": "Feature", "geometry": {"type": "Point", "coordinates": [80.077139, 12.962297]}, "properties": {"stop_id": "woHRqfeu", "stop_name": "Pazhanthandalam Road Junction"}}, {"type": "Feature", "geometry": {"type": "Point", "coordinates": [80.198177, 12.799502]}, "properties": {"stop_id": "XUTqNKWc", "stop_name": "Pudupakkam"}}, {"type": "Feature", "geometry": {"type": "Point", "coordinates": [80.1693, 13.02925]}, "properties": {"stop_id": "HezLsNFQ", "stop_name": "Mugalivakkam"}}, {"type": "Feature", "geometry": {"type": "Point", "coordinates": [80.250468, 13.262321]}, "properties": {"stop_id": "aeqnymTn", "stop_name": "Seemapuram"}}, {"type": "Feature", "geometry": {"type": "Point", "coordinates": [80.286088, 13.405349]}, "properties": {"stop_id": "buTfkkhk", "stop_name": "Pakkam"}}, {"type": "Feature", "geometry": {"type": "Point", "coordinates": [80.275411, 13.088516]}, "properties": {"stop_id": "xPaGbpFW", "stop_name": "Blue Star Othavadi Street"}}, {"type": "Feature", "geometry": {"type": "Point", "coordinates": [80.229901, 13.083189]}, "properties": {"stop_id": "GvhVJqUj", "stop_name": "Bala Vihar"}}, {"type": "Feature", "geometry": {"type": "Point", "coordinates": [79.950307, 13.192038]}, "properties": {"stop_id": "zrFdTehz", "stop_name": "Moolakkarai"}}, {"type": "Feature", "geometry": {"type": "Point", "coordinates": [80.172103, 12.614786]}, "properties": {"stop_id": "sJpWePxb", "stop_name": "Poonjeri Koot Road"}}, {"type": "Feature", "geometry": {"type": "Point", "coordinates": [80.327956, 13.222427]}, "properties": {"stop_id": "ZAfIffxq", "stop_name": "kothari"}}, {"type": "Feature", "geometry": {"type": "Point", "coordinates": [80.220303, 13.051854]}, "properties": {"stop_id": "SvGtXrYj", "stop_name": "Power House Kodambakkam"}}, {"type": "Feature", "geometry": {"type": "Point", "coordinates": [80.242266, 13.097481]}, "properties": {"stop_id": "DWuGRWkF", "stop_name": "Ayanavaram Signal"}}, {"type": "Feature", "geometry": {"type": "Point", "coordinates": [80.262002, 13.073022]}, "properties": {"stop_id": "BgYvcKFh", "stop_name": "Egmore Court"}}, {"type": "Feature", "geometry": {"type": "Point", "coordinates": [80.218065, 13.089991]}, "properties": {"stop_id": "jXeBpcDF", "stop_name": "14 Shop Complex"}}, {"type": "Feature", "geometry": {"type": "Point", "coordinates": [80.132498, 13.098825]}, "properties": {"stop_id": "tLfbIJdr", "stop_name": "Ayapakkam Water Tank"}}, {"type": "Feature", "geometry": {"type": "Point", "coordinates": [80.270877, 13.207942]}, "properties": {"stop_id": "SUgOBtjk", "stop_name": "Manali New Town Or Milk Booth"}}, {"type": "Feature", "geometry": {"type": "Point", "coordinates": [80.222602, 12.793833]}, "properties": {"stop_id": "BWKNZpmt", "stop_name": "Kelambakkam V A O Office"}}, {"type": "Feature", "geometry": {"type": "Point", "coordinates": [80.183612, 12.893296]}, "properties": {"stop_id": "VXAxIwYs", "stop_name": "Valluvar Nagar Chithalapakkam"}}, {"type": "Feature", "geometry": {"type": "Point", "coordinates": [80.059188, 12.963957]}, "properties": {"stop_id": "eKrqNQMY", "stop_name": "Sri Sairam P G Hostel"}}, {"type": "Feature", "geometry": {"type": "Point", "coordinates": [80.317011, 13.185291]}, "properties": {"stop_id": "eJrsnsoz", "stop_name": "Barathiyar Nagar"}}, {"type": "Feature", "geometry": {"type": "Point", "coordinates": [80.230467, 13.391624]}, "properties": {"stop_id": "EmJpSDwd", "stop_name": "Bharathi Nagar"}}, {"type": "Feature", "geometry": {"type": "Point", "coordinates": [80.217104, 13.084544]}, "properties": {"stop_id": "lklhFYFG", "stop_name": "Anna Nagar Roundtana"}}, {"type": "Feature", "geometry": {"type": "Point", "coordinates": [80.26222, 13.063118]}, "properties": {"stop_id": "HUVJunNe", "stop_name": "Quaid E Millath Arts College"}}, {"type": "Feature", "geometry": {"type": "Point", "coordinates": [80.143151, 12.944027]}, "properties": {"stop_id": "BFOlxony", "stop_name": "Murugan Koil"}}, {"type": "Feature", "geometry": {"type": "Point", "coordinates": [80.202035, 13.123644]}, "properties": {"stop_id": "TvGyfQSI", "stop_name": "Senthil Nagar"}}, {"type": "Feature", "geometry": {"type": "Point", "coordinates": [80.038759, 13.138439]}, "properties": {"stop_id": "XDHbYGPc", "stop_name": "Balaji Nagar Thirunindravoor"}}, {"type": "Feature", "geometry": {"type": "Point", "coordinates": [80.11882, 13.235008]}, "properties": {"stop_id": "yQXZAhRQ", "stop_name": "New Erumai Vetti Palayam 1 stop"}}, {"type": "Feature", "geometry": {"type": "Point", "coordinates": [80.273713, 13.125074]}, "properties": {"stop_id": "ABRKsLIZ", "stop_name": "Sunnambu Kalvai"}}, {"type": "Feature", "geometry": {"type": "Point", "coordinates": [80.098698, 12.71126]}, "properties": {"stop_id": "VbipnzIy", "stop_name": "Vengur Junction"}}, {"type": "Feature", "geometry": {"type": "Point", "coordinates": [80.045909, 12.830974]}, "properties": {"stop_id": "BXAColfX", "stop_name": "Thailavaram"}}, {"type": "Feature", "geometry": {"type": "Point", "coordinates": [80.053164, 12.917393]}, "properties": {"stop_id": "CHKrEoSO", "stop_name": "TMG College Manimangalam"}}, {"type": "Feature", "geometry": {"type": "Point", "coordinates": [80.251279, 12.924334]}, "properties": {"stop_id": "QCBPrBCl", "stop_name": "Bethal Nagar"}}, {"type": "Feature", "geometry": {"type": "Point", "coordinates": [80.280173, 13.085549]}, "properties": {"stop_id": "xbiDwIOu", "stop_name": "Payaigada Evening Bazar"}}, {"type": "Feature", "geometry": {"type": "Point", "coordinates": [80.093399, 12.987324]}, "properties": {"stop_id": "sHqmRcRD", "stop_name": "Kundrathur Murugan Temple"}}, {"type": "Feature", "geometry": {"type": "Point", "coordinates": [80.202797, 12.929448]}, "properties": {"stop_id": "ljNlRbnZ", "stop_name": "Oil Mill"}}, {"type": "Feature", "geometry": {"type": "Point", "coordinates": [80.118864, 12.927589]}, "properties": {"stop_id": "ejMjPdTH", "stop_name": "Tambaram West Bus Stand"}}, {"type": "Feature", "geometry": {"type": "Point", "coordinates": [80.13702, 12.947061]}, "properties": {"stop_id": "VgUdLlOW", "stop_name": "MIT Gate"}}, {"type": "Feature", "geometry": {"type": "Point", "coordinates": [80.17001, 13.099481]}, "properties": {"stop_id": "nIakFMcq", "stop_name": "Ambattur Industrial Estate"}}, {"type": "Feature", "geometry": {"type": "Point", "coordinates": [80.171183, 12.853074]}, "properties": {"stop_id": "WkuKuFdE", "stop_name": "K Vasudevan College Of Engineering And Technology"}}, {"type": "Feature", "geometry": {"type": "Point", "coordinates": [80.259746, 13.109703]}, "properties": {"stop_id": "IzsieVnc", "stop_name": "Ganeshapuram"}}, {"type": "Feature", "geometry": {"type": "Point", "coordinates": [80.206954, 12.983161]}, "properties": {"stop_id": "ckxYXcvo", "stop_name": "Annai Store"}}, {"type": "Feature", "geometry": {"type": "Point", "coordinates": [80.030526, 13.132887]}, "properties": {"stop_id": "SjbStynf", "stop_name": "Anjanaya Temple Natthamedu"}}, {"type": "Feature", "geometry": {"type": "Point", "coordinates": [80.029329, 13.120909]}, "properties": {"stop_id": "fJuPdFXq", "stop_name": "Thiruninravur"}}, {"type": "Feature", "geometry": {"type": "Point", "coordinates": [80.252981, 13.131602]}, "properties": {"stop_id": "zdEUiAFY", "stop_name": "Vyasarpadi Sidco"}}, {"type": "Feature", "geometry": {"type": "Point", "coordinates": [80.035178, 13.129975]}, "properties": {"stop_id": "WlZgmutc", "stop_name": "Nadukuthagai"}}, {"type": "Feature", "geometry": {"type": "Point", "coordinates": [80.031382, 13.16462]}, "properties": {"stop_id": "fikrodNW", "stop_name": "Kesava Cross Road"}}, {"type": "Feature", "geometry": {"type": "Point", "coordinates": [80.264378, 12.995958]}, "properties": {"stop_id": "MAwbjJfJ", "stop_name": "RBI Quarters"}}, {"type": "Feature", "geometry": {"type": "Point", "coordinates": [80.185183, 12.991949]}, "properties": {"stop_id": "vGKZybsV", "stop_name": "Kendriya Vidyalaya Minambakkam"}}, {"type": "Feature", "geometry": {"type": "Point", "coordinates": [80.208341, 12.94405]}, "properties": {"stop_id": "HeidvHXY", "stop_name": "Balaji Dental College"}}, {"type": "Feature", "geometry": {"type": "Point", "coordinates": [80.15201, 13.485109]}, "properties": {"stop_id": "MjfuEiNR", "stop_name": "Bajanai Koil"}}, {"type": "Feature", "geometry": {"type": "Point", "coordinates": [80.184227, 12.887033]}, "properties": {"stop_id": "WwOeNuda", "stop_name": "Sithalapakkam"}}, {"type": "Feature", "geometry": {"type": "Point", "coordinates": [80.04767, 13.215441]}, "properties": {"stop_id": "POTYMsFk", "stop_name": "Magaral Kandigai"}}, {"type": "Feature", "geometry": {"type": "Point", "coordinates": [80.142766, 12.942017]}, "properties": {"stop_id": "aDIiTyCi", "stop_name": "Kumaran Kundram"}}, {"type": "Feature", "geometry": {"type": "Point", "coordinates": [80.194923, 12.628592]}, "properties": {"stop_id": "foDxbakc", "stop_name": "Mamallapuram E C R"}}, {"type": "Feature", "geometry": {"type": "Point", "coordinates": [80.255459, 13.113785]}, "properties": {"stop_id": "ilYJImqh", "stop_name": "Vyasarpadi Fire Station BB Road"}}, {"type": "Feature", "geometry": {"type": "Point", "coordinates": [79.323848, 12.904777]}, "properties": {"stop_id": "QMuQosCI", "stop_name": "Arcot"}}, {"type": "Feature", "geometry": {"type": "Point", "coordinates": [80.142021, 13.181733]}, "properties": {"stop_id": "BdERaXqk", "stop_name": "Tailor Kadai"}}, {"type": "Feature", "geometry": {"type": "Point", "coordinates": [80.226647, 12.877644]}, "properties": {"stop_id": "qQJgvOFz", "stop_name": "Kumaran Nagar"}}, {"type": "Feature", "geometry": {"type": "Point", "coordinates": [80.257289, 13.191695]}, "properties": {"stop_id": "xAJVMHqO", "stop_name": "Kamarajapuram"}}, {"type": "Feature", "geometry": {"type": "Point", "coordinates": [79.996918, 13.150773]}, "properties": {"stop_id": "HcupqiOA", "stop_name": "Puliur Kadaigai"}}, {"type": "Feature", "geometry": {"type": "Point", "coordinates": [80.248653, 13.057374]}, "properties": {"stop_id": "lXxeIKQj", "stop_name": "Income Tax Office"}}, {"type": "Feature", "geometry": {"type": "Point", "coordinates": [80.077213, 12.92339]}, "properties": {"stop_id": "bYtHLndm", "stop_name": "Varadharajapuram Rayappa Nagar"}}, {"type": "Feature", "geometry": {"type": "Point", "coordinates": [79.723597, 12.871505]}, "properties": {"stop_id": "bfhpfFPJ", "stop_name": "Meenakshi Medical College"}}, {"type": "Feature", "geometry": {"type": "Point", "coordinates": [80.242343, 13.097303]}, "properties": {"stop_id": "xbeOVhLE", "stop_name": "Ayanavaram Signal"}}, {"type": "Feature", "geometry": {"type": "Point", "coordinates": [80.083562, 12.919114]}, "properties": {"stop_id": "XpaxRhYo", "stop_name": "Old Perungalathur or Ambedkar Statue"}}, {"type": "Feature", "geometry": {"type": "Point", "coordinates": [80.293421, 13.404445]}, "properties": {"stop_id": "JUGtNdnF", "stop_name": "Andarmadam School"}}, {"type": "Feature", "geometry": {"type": "Point", "coordinates": [79.980321, 12.691013]}, "properties": {"stop_id": "bInfxKVp", "stop_name": "Chengalpattu New Bus Terminal"}}, {"type": "Feature", "geometry": {"type": "Point", "coordinates": [80.145192, 12.941516]}, "properties": {"stop_id": "JbEMfubM", "stop_name": "Muthumariamman Kovil"}}, {"type": "Feature", "geometry": {"type": "Point", "coordinates": [80.112518, 13.123312]}, "properties": {"stop_id": "PhjcDdmq", "stop_name": "Tube Products of India"}}, {"type": "Feature", "geometry": {"type": "Point", "coordinates": [80.140576, 12.94258]}, "properties": {"stop_id": "egyFOSbs", "stop_name": "Nehru Nagar"}}, {"type": "Feature", "geometry": {"type": "Point", "coordinates": [80.206541, 13.118783]}, "properties": {"stop_id": "yeapPLlD", "stop_name": "Srinivasa Nagar"}}, {"type": "Feature", "geometry": {"type": "Point", "coordinates": [79.829491, 12.808806]}, "properties": {"stop_id": "ZsxHmovG", "stop_name": "Oothukadu Cross Road"}}, {"type": "Feature", "geometry": {"type": "Point", "coordinates": [80.143187, 13.084266]}, "properties": {"stop_id": "eooROOMz", "stop_name": "Royal Club"}}, {"type": "Feature", "geometry": {"type": "Point", "coordinates": [80.12025, 13.185303]}, "properties": {"stop_id": "gRFfvBeo", "stop_name": "Thirumullaivoyal Sidco"}}, {"type": "Feature", "geometry": {"type": "Point", "coordinates": [80.231377, 13.112437]}, "properties": {"stop_id": "ZIZoBDen", "stop_name": "Agaram"}}, {"type": "Feature", "geometry": {"type": "Point", "coordinates": [80.160779, 13.089187]}, "properties": {"stop_id": "ZMxatUqW", "stop_name": "Athipet Junction"}}, {"type": "Feature", "geometry": {"type": "Point", "coordinates": [80.146763, 13.004436]}, "properties": {"stop_id": "PFRWWlNS", "stop_name": "Vivekananda Ashramam"}}, {"type": "Feature", "geometry": {"type": "Point", "coordinates": [79.966839, 12.697138]}, "properties": {"stop_id": "DdFWFvrk", "stop_name": "Chengalpattu Bypass"}}, {"type": "Feature", "geometry": {"type": "Point", "coordinates": [80.274577, 13.255691]}, "properties": {"stop_id": "RrhmmPMm", "stop_name": "Pattamandiri"}}, {"type": "Feature", "geometry": {"type": "Point", "coordinates": [80.210419, 13.128059]}, "properties": {"stop_id": "GjiyfRqd", "stop_name": "Mallikai Avenue Nagar"}}, {"type": "Feature", "geometry": {"type": "Point", "coordinates": [80.01642, 13.087003]}, "properties": {"stop_id": "bIhgcGjB", "stop_name": "IMA College"}}, {"type": "Feature", "geometry": {"type": "Point", "coordinates": [80.198719, 13.082247]}, "properties": {"stop_id": "TCqyxHhF", "stop_name": "CPWD Quarters"}}, {"type": "Feature", "geometry": {"type": "Point", "coordinates": [80.136091, 12.879566]}, "properties": {"stop_id": "whTcIvgZ", "stop_name": "Murugan Nagar"}}, {"type": "Feature", "geometry": {"type": "Point", "coordinates": [80.227655, 12.893534]}, "properties": {"stop_id": "elxmPCDf", "stop_name": "Government School Sholinganallur"}}, {"type": "Feature", "geometry": {"type": "Point", "coordinates": [80.227107, 12.888365]}, "properties": {"stop_id": "QbrsudyQ", "stop_name": "Oodai"}}, {"type": "Feature", "geometry": {"type": "Point", "coordinates": [80.145101, 12.675903]}, "properties": {"stop_id": "LjhqQBRt", "stop_name": "Ammur Colony"}}, {"type": "Feature", "geometry": {"type": "Point", "coordinates": [80.196814, 12.96486]}, "properties": {"stop_id": "UPEwDZeZ", "stop_name": "Ponniamman Kovil Road Junction"}}, {"type": "Feature", "geometry": {"type": "Point", "coordinates": [80.163599, 13.095192]}, "properties": {"stop_id": "tYTpUUxD", "stop_name": "Ambattur Police Station"}}, {"type": "Feature", "geometry": {"type": "Point", "coordinates": [80.020122, 13.291294]}, "properties": {"stop_id": "mVndxrwG", "stop_name": "New Nagar"}}, {"type": "Feature", "geometry": {"type": "Point", "coordinates": [80.248695, 13.029035]}, "properties": {"stop_id": "EZnTnoxs", "stop_name": "Adyar Gate"}}, {"type": "Feature", "geometry": {"type": "Point", "coordinates": [80.206735, 12.981455]}, "properties": {"stop_id": "mwBDLsCe", "stop_name": "Ags Colony Office"}}, {"type": "Feature", "geometry": {"type": "Point", "coordinates": [80.320803, 13.214831]}, "properties": {"stop_id": "WgelRheP", "stop_name": "Ennore Bus Depot"}}, {"type": "Feature", "geometry": {"type": "Point", "coordinates": [80.215429, 13.243346]}, "properties": {"stop_id": "atGiINkp", "stop_name": "Pudupakkam"}}, {"type": "Feature", "geometry": {"type": "Point", "coordinates": [80.238387, 13.174008]}, "properties": {"stop_id": "FXuJEVFo", "stop_name": "Mathur 100 Feet Road Junctiion"}}, {"type": "Feature", "geometry": {"type": "Point", "coordinates": [80.080836, 13.09378]}, "properties": {"stop_id": "dXsdOXmC", "stop_name": "Ayalcheri Government School"}}, {"type": "Feature", "geometry": {"type": "Point", "coordinates": [80.230831, 13.147845]}, "properties": {"stop_id": "xYfYRJnz", "stop_name": "Madhavaram PUO"}}, {"type": "Feature", "geometry": {"type": "Point", "coordinates": [80.177953, 13.041898]}, "properties": {"stop_id": "YctaenCe", "stop_name": "Kesavardhini"}}, {"type": "Feature", "geometry": {"type": "Point", "coordinates": [80.124022, 13.184268]}, "properties": {"stop_id": "VRIIzByt", "stop_name": "Sidco Office"}}, {"type": "Feature", "geometry": {"type": "Point", "coordinates": [80.113416, 13.123868]}, "properties": {"stop_id": "ZTMEdEeK", "stop_name": "Tube Products of India"}}, {"type": "Feature", "geometry": {"type": "Point", "coordinates": [80.231454, 13.082462]}, "properties": {"stop_id": "qKDzyFqg", "stop_name": "Bala Vihar"}}, {"type": "Feature", "geometry": {"type": "Point", "coordinates": [80.226401, 12.861659]}, "properties": {"stop_id": "VHmQaoRO", "stop_name": "Semmancheri"}}, {"type": "Feature", "geometry": {"type": "Point", "coordinates": [80.255072, 12.954091]}, "properties": {"stop_id": "QzSmToFg", "stop_name": "Ice Factory"}}, {"type": "Feature", "geometry": {"type": "Point", "coordinates": [79.941589, 12.9559]}, "properties": {"stop_id": "otbIuZHd", "stop_name": "Travellers Bangalow Or Pattunool Chatram"}}, {"type": "Feature", "geometry": {"type": "Point", "coordinates": [80.226064, 13.118487]}, "properties": {"stop_id": "NcLanIdZ", "stop_name": "S R B Colony"}}, {"type": "Feature", "geometry": {"type": "Point", "coordinates": [80.074046, 13.04667]}, "properties": {"stop_id": "ByOODIxa", "stop_name": "Jaya Jaya Sankara International School"}}, {"type": "Feature", "geometry": {"type": "Point", "coordinates": [80.285206, 13.073114]}, "properties": {"stop_id": "KplKuAnp", "stop_name": "War Memorial"}}, {"type": "Feature", "geometry": {"type": "Point", "coordinates": [80.213012, 13.007933]}, "properties": {"stop_id": "VfTFpfzB", "stop_name": "Guindy Railway Station"}}, {"type": "Feature", "geometry": {"type": "Point", "coordinates": [80.091128, 12.705207]}, "properties": {"stop_id": "sqMuVqoE", "stop_name": "Karumbakkam"}}, {"type": "Feature", "geometry": {"type": "Point", "coordinates": [80.278529, 13.110786]}, "properties": {"stop_id": "YbVmHVTt", "stop_name": "Pencil Factory"}}, {"type": "Feature", "geometry": {"type": "Point", "coordinates": [80.013673, 13.153568]}, "properties": {"stop_id": "CrEPfbyi", "stop_name": "Anthiur Palayam"}}, {"type": "Feature", "geometry": {"type": "Point", "coordinates": [80.069983, 13.285425]}, "properties": {"stop_id": "DSVnhmbs", "stop_name": "Jayapuram Oil Mill"}}, {"type": "Feature", "geometry": {"type": "Point", "coordinates": [80.21893, 13.046828]}, "properties": {"stop_id": "OPXtWBVk", "stop_name": "Saamiyar Madam"}}, {"type": "Feature", "geometry": {"type": "Point", "coordinates": [80.181777, 12.919679]}, "properties": {"stop_id": "OhBAPvsb", "stop_name": "Medavakkam"}}, {"type": "Feature", "geometry": {"type": "Point", "coordinates": [80.161678, 13.080438]}, "properties": {"stop_id": "yXOuyCwN", "stop_name": "Nolambur Police Booth"}}, {"type": "Feature", "geometry": {"type": "Point", "coordinates": [79.967625, 13.191007]}, "properties": {"stop_id": "UEfdhCLN", "stop_name": "Vishnuvakkam"}}, {"type": "Feature", "geometry": {"type": "Point", "coordinates": [80.085863, 12.967492]}, "properties": {"stop_id": "JojiQTkQ", "stop_name": "Mudhu Kovil"}}, {"type": "Feature", "geometry": {"type": "Point", "coordinates": [80.268723, 13.066301]}, "properties": {"stop_id": "scMjdKXM", "stop_name": "Anna Mode Or Mount Road Post Office"}}, {"type": "Feature", "geometry": {"type": "Point", "coordinates": [80.133652, 12.857925]}, "properties": {"stop_id": "NTCwKKsF", "stop_name": "Rathinamangalam"}}, {"type": "Feature", "geometry": {"type": "Point", "coordinates": [80.048421, 12.97526]}, "properties": {"stop_id": "SLBRjSUI", "stop_name": "Somangalam Road Or N V R D Junction"}}, {"type": "Feature", "geometry": {"type": "Point", "coordinates": [80.227313, 13.113321]}, "properties": {"stop_id": "mBUKTvtr", "stop_name": "Murugan Temple Periyar Nagar"}}, {"type": "Feature", "geometry": {"type": "Point", "coordinates": [80.288362, 13.123927]}, "properties": {"stop_id": "RVyaKvKa", "stop_name": "Agasthiya Theatre"}}, {"type": "Feature", "geometry": {"type": "Point", "coordinates": [80.229901, 13.083189]}, "properties": {"stop_id": "qVoRAqeW", "stop_name": "Bala Vihar"}}, {"type": "Feature", "geometry": {"type": "Point", "coordinates": [80.243861, 12.877637]}, "properties": {"stop_id": "PQuXHWcA", "stop_name": "Nainar Kuppam Or Uthandi Colony"}}, {"type": "Feature", "geometry": {"type": "Point", "coordinates": [80.059576, 12.952599]}, "properties": {"stop_id": "gdHaMUeX", "stop_name": "Sri Sairam Siddha Medical College"}}, {"type": "Feature", "geometry": {"type": "Point", "coordinates": [80.12809, 12.937056]}, "properties": {"stop_id": "eaNsVWDR", "stop_name": "Tambaram Sanatorium Bus Stand"}}, {"type": "Feature", "geometry": {"type": "Point", "coordinates": [80.229711, 13.025442]}, "properties": {"stop_id": "cNuIRYrx", "stop_name": "Saidapet Veterinary Hospital Or Raja Hostel"}}, {"type": "Feature", "geometry": {"type": "Point", "coordinates": [79.943037, 13.179531]}, "properties": {"stop_id": "MLYhGOjG", "stop_name": "Othikkadu"}}, {"type": "Feature", "geometry": {"type": "Point", "coordinates": [80.161594, 12.900795]}, "properties": {"stop_id": "fGCuvnjJ", "stop_name": "Madambakkam EB"}}, {"type": "Feature", "geometry": {"type": "Point", "coordinates": [80.238442, 12.931303]}, "properties": {"stop_id": "fpInPVFL", "stop_name": "Three Aduku"}}, {"type": "Feature", "geometry": {"type": "Point", "coordinates": [80.142443, 12.971601]}, "properties": {"stop_id": "XbgiSLmy", "stop_name": "Muthamil Nagar Pallavaram"}}, {"type": "Feature", "geometry": {"type": "Point", "coordinates": [80.028141, 13.117458]}, "properties": {"stop_id": "ZWnHyyqY", "stop_name": "Dharma Raja Kovil"}}, {"type": "Feature", "geometry": {"type": "Point", "coordinates": [80.278521, 13.082227]}, "properties": {"stop_id": "BqZQArDi", "stop_name": "Nurse Quarters"}}, {"type": "Feature", "geometry": {"type": "Point", "coordinates": [80.1487, 12.9953]}, "properties": {"stop_id": "skXWrZzT", "stop_name": "Indira Nagar Junction"}}, {"type": "Feature", "geometry": {"type": "Point", "coordinates": [80.080968, 12.94093]}, "properties": {"stop_id": "IojsotKp", "stop_name": "Kishkintha"}}, {"type": "Feature", "geometry": {"type": "Point", "coordinates": [80.165025, 12.827732]}, "properties": {"stop_id": "lhSIyIfw", "stop_name": "Mambakkam"}}, {"type": "Feature", "geometry": {"type": "Point", "coordinates": [80.115636, 13.460438]}, "properties": {"stop_id": "iKWenAnt", "stop_name": "Elavur Gate"}}, {"type": "Feature", "geometry": {"type": "Point", "coordinates": [80.238568, 12.931358]}, "properties": {"stop_id": "aBQaRmrC", "stop_name": "Three Aduku"}}, {"type": "Feature", "geometry": {"type": "Point", "coordinates": [80.1305, 12.977688]}, "properties": {"stop_id": "JLvNOQnl", "stop_name": "Pammal Theatre"}}, {"type": "Feature", "geometry": {"type": "Point", "coordinates": [80.27014, 13.401354]}, "properties": {"stop_id": "LpwxWatG", "stop_name": "Palayambakkam"}}, {"type": "Feature", "geometry": {"type": "Point", "coordinates": [80.294826, 13.139217]}, "properties": {"stop_id": "fumBmOZX", "stop_name": "Cross Road Toll Gate"}}, {"type": "Feature", "geometry": {"type": "Point", "coordinates": [80.064756, 12.963888]}, "properties": {"stop_id": "uIRjoCtU", "stop_name": "Manolayam Old Age Home"}}, {"type": "Feature", "geometry": {"type": "Point", "coordinates": [80.153106, 13.268324]}, "properties": {"stop_id": "vkWqgNph", "stop_name": "Alinjivakkam"}}, {"type": "Feature", "geometry": {"type": "Point", "coordinates": [80.247643, 12.898305]}, "properties": {"stop_id": "tcHYhVZo", "stop_name": "Akkarai or Water Supply Head Work"}}, {"type": "Feature", "geometry": {"type": "Point", "coordinates": [80.242024, 13.053769]}, "properties": {"stop_id": "RfzcmazU", "stop_name": "Valluvar Kottam"}}, {"type": "Feature", "geometry": {"type": "Point", "coordinates": [80.186781, 13.099723]}, "properties": {"stop_id": "vqGhvZJF", "stop_name": "Korrattur Signal Or East Avenue"}}, {"type": "Feature", "geometry": {"type": "Point", "coordinates": [79.979628, 12.870901]}, "properties": {"stop_id": "IbLBdCXD", "stop_name": "Crescent Lake Junction"}}, {"type": "Feature", "geometry": {"type": "Point", "coordinates": [80.200303, 13.001866]}, "properties": {"stop_id": "jdMuVkrY", "stop_name": "Asarkana Omni Bus Stop"}}, {"type": "Feature", "geometry": {"type": "Point", "coordinates": [80.160386, 13.033921]}, "properties": {"stop_id": "eyAJPdep", "stop_name": "Gopala Krishna Theatre"}}, {"type": "Feature", "geometry": {"type": "Point", "coordinates": [80.064471, 12.981538]}, "properties": {"stop_id": "ofAUVmoy", "stop_name": "Alagaesia Nagar"}}, {"type": "Feature", "geometry": {"type": "Point", "coordinates": [80.283824, 13.065361]}, "properties": {"stop_id": "vfDgNrFH", "stop_name": "Madras University"}}, {"type": "Feature", "geometry": {"type": "Point", "coordinates": [79.993787, 13.137312]}, "properties": {"stop_id": "ISsnXLUH", "stop_name": "Ayathur Chathiram"}}, {"type": "Feature", "geometry": {"type": "Point", "coordinates": [80.208076, 12.905467]}, "properties": {"stop_id": "vfoDngvn", "stop_name": "Global Hospital"}}, {"type": "Feature", "geometry": {"type": "Point", "coordinates": [80.249493, 13.174328]}, "properties": {"stop_id": "BjLmJezx", "stop_name": "Chinna Mathur"}}, {"type": "Feature", "geometry": {"type": "Point", "coordinates": [80.159625, 12.96161]}, "properties": {"stop_id": "VkuawVVW", "stop_name": "Syndicate Bank Vaithiyalingam"}}, {"type": "Feature", "geometry": {"type": "Point", "coordinates": [80.002677, 13.440401]}, "properties": {"stop_id": "iyqZxomb", "stop_name": "Nomalur"}}, {"type": "Feature", "geometry": {"type": "Point", "coordinates": [80.010615, 13.217815]}, "properties": {"stop_id": "rDRMBgEM", "stop_name": "Velliyur Hospital"}}, {"type": "Feature", "geometry": {"type": "Point", "coordinates": [80.169792, 13.085352]}, "properties": {"stop_id": "NioHjTzW", "stop_name": "M G R Salai"}}, {"type": "Feature", "geometry": {"type": "Point", "coordinates": [80.134842, 13.032325]}, "properties": {"stop_id": "ttqmlghz", "stop_name": "Maranatha Church"}}, {"type": "Feature", "geometry": {"type": "Point", "coordinates": [80.26296, 13.192592]}, "properties": {"stop_id": "HQNzQizX", "stop_name": "Kadapakkam"}}, {"type": "Feature", "geometry": {"type": "Point", "coordinates": [80.287989, 13.108748]}, "properties": {"stop_id": "HzfEGNJu", "stop_name": "R S R M Hospital"}}, {"type": "Feature", "geometry": {"type": "Point", "coordinates": [80.225341, 13.1]}, "properties": {"stop_id": "zWeVnnxO", "stop_name": "Railway Quarters"}}, {"type": "Feature", "geometry": {"type": "Point", "coordinates": [80.065716, 12.836153]}, "properties": {"stop_id": "XvoliiTU", "stop_name": "Malai Medu"}}, {"type": "Feature", "geometry": {"type": "Point", "coordinates": [80.270438, 13.083928]}, "properties": {"stop_id": "rqBqDfoZ", "stop_name": "Periyamedu"}}, {"type": "Feature", "geometry": {"type": "Point", "coordinates": [80.003196, 12.929548]}, "properties": {"stop_id": "YVvBKwgW", "stop_name": "Malai Pattu"}}, {"type": "Feature", "geometry": {"type": "Point", "coordinates": [80.126832, 12.862697]}, "properties": {"stop_id": "tkWZZFES", "stop_name": "Vengambakkam Road Junction"}}, {"type": "Feature", "geometry": {"type": "Point", "coordinates": [80.193652, 13.041875]}, "properties": {"stop_id": "fQmxveIO", "stop_name": "Pondicherry Guest House"}}, {"type": "Feature", "geometry": {"type": "Point", "coordinates": [79.626453, 12.87455]}, "properties": {"stop_id": "uzcbLUNR", "stop_name": "Baluchetti Chatram By Pass"}}, {"type": "Feature", "geometry": {"type": "Point", "coordinates": [80.21885, 12.693276]}, "properties": {"stop_id": "AqLhpCGg", "stop_name": "Krishna Karanai"}}, {"type": "Feature", "geometry": {"type": "Point", "coordinates": [80.207272, 12.979266]}, "properties": {"stop_id": "vbdtPbuh", "stop_name": "Saraswathi Nagar"}}, {"type": "Feature", "geometry": {"type": "Point", "coordinates": [80.32447, 13.226611]}, "properties": {"stop_id": "FXyPWyvF", "stop_name": "Ulaganathapuram"}}, {"type": "Feature", "geometry": {"type": "Point", "coordinates": [80.209609, 13.092517]}, "properties": {"stop_id": "lmdCTtOt", "stop_name": "Labour Officers"}}, {"type": "Feature", "geometry": {"type": "Point", "coordinates": [79.99728, 13.31138]}, "properties": {"stop_id": "TfgNGDen", "stop_name": "Kakkavakkam"}}, {"type": "Feature", "geometry": {"type": "Point", "coordinates": [80.171982, 13.088496]}, "properties": {"stop_id": "QdWOxWia", "stop_name": "Wavin"}}, {"type": "Feature", "geometry": {"type": "Point", "coordinates": [80.00636, 13.01862]}, "properties": {"stop_id": "hnvEGTpC", "stop_name": "Mevalurkuppam"}}, {"type": "Feature", "geometry": {"type": "Point", "coordinates": [79.883622, 12.832116]}, "properties": {"stop_id": "TUZfegir", "stop_name": "Varanavasi"}}, {"type": "Feature", "geometry": {"type": "Point", "coordinates": [79.913683, 13.14888]}, "properties": {"stop_id": "PfGRcOsd", "stop_name": "Ikkadu Water Tank Or Teachers Colony"}}, {"type": "Feature", "geometry": {"type": "Point", "coordinates": [79.916126, 13.015081]}, "properties": {"stop_id": "nnnLtFmO", "stop_name": "Namashivayapuram"}}, {"type": "Feature", "geometry": {"type": "Point", "coordinates": [79.723664, 12.871363]}, "properties": {"stop_id": "zezeKItL", "stop_name": "Meenakshi Medical College"}}, {"type": "Feature", "geometry": {"type": "Point", "coordinates": [80.020852, 13.094252]}, "properties": {"stop_id": "hFLBtQiP", "stop_name": "Kosapalayam"}}, {"type": "Feature", "geometry": {"type": "Point", "coordinates": [80.209185, 12.66215]}, "properties": {"stop_id": "ywTbPNnN", "stop_name": "Pattipulam Arasamaram"}}, {"type": "Feature", "geometry": {"type": "Point", "coordinates": [80.200314, 12.965585]}, "properties": {"stop_id": "HjcVXSJw", "stop_name": "Balaiah Garden"}}, {"type": "Feature", "geometry": {"type": "Point", "coordinates": [80.279996, 13.106035]}, "properties": {"stop_id": "zGyJMIkT", "stop_name": "Mint Bus Terminal Or Vallalar Nagar"}}, {"type": "Feature", "geometry": {"type": "Point", "coordinates": [80.208378, 13.153414]}, "properties": {"stop_id": "WlkKexEs", "stop_name": "Kathirvedu Bypass or Cycgle Shop"}}, {"type": "Feature", "geometry": {"type": "Point", "coordinates": [80.246716, 12.986224]}, "properties": {"stop_id": "hCbDNPhh", "stop_name": "Ascendas IT Park"}}, {"type": "Feature", "geometry": {"type": "Point", "coordinates": [80.126894, 12.862855]}, "properties": {"stop_id": "AhWKwjTz", "stop_name": "Vengambakkam Road Junction"}}, {"type": "Feature", "geometry": {"type": "Point", "coordinates": [80.258992, 13.00874]}, "properties": {"stop_id": "NCVzutVL", "stop_name": "Arunachalapuram"}}, {"type": "Feature", "geometry": {"type": "Point", "coordinates": [80.199586, 13.326657]}, "properties": {"stop_id": "iAuWJytQ", "stop_name": "Vanakkam"}}, {"type": "Feature", "geometry": {"type": "Point", "coordinates": [80.194786, 13.178379]}, "properties": {"stop_id": "NFInfBeu", "stop_name": "Sri Nallaghu Polytechnic College"}}, {"type": "Feature", "geometry": {"type": "Point", "coordinates": [80.100961, 12.9253]}, "properties": {"stop_id": "TikfrWrm", "stop_name": "Lakshmipuram"}}, {"type": "Feature", "geometry": {"type": "Point", "coordinates": [79.917729, 13.15647]}, "properties": {"stop_id": "MtbBZIqI", "stop_name": "BDO Office Ikkadu"}}, {"type": "Feature", "geometry": {"type": "Point", "coordinates": [79.968531, 12.981981]}, "properties": {"stop_id": "wSvecpjF", "stop_name": "Sriperumbudur Toll Gate"}}, {"type": "Feature", "geometry": {"type": "Point", "coordinates": [80.210552, 13.194686]}, "properties": {"stop_id": "ZaRNMBdT", "stop_name": "Kalai medu"}}, {"type": "Feature", "geometry": {"type": "Point", "coordinates": [80.259289, 12.98685]}, "properties": {"stop_id": "gyQqEnFq", "stop_name": "Thiruvanmiyur Depot"}}, {"type": "Feature", "geometry": {"type": "Point", "coordinates": [80.022464, 13.142262]}, "properties": {"stop_id": "GrmAtQAi", "stop_name": "MGR Temple"}}, {"type": "Feature", "geometry": {"type": "Point", "coordinates": [80.032805, 12.814253]}, "properties": {"stop_id": "mkpQpPSv", "stop_name": "Sivanandha Gurukulam"}}, {"type": "Feature", "geometry": {"type": "Point", "coordinates": [80.210309, 13.128349]}, "properties": {"stop_id": "rBcVngYR", "stop_name": "Mallikai Avenue Nagar"}}, {"type": "Feature", "geometry": {"type": "Point", "coordinates": [80.063819, 12.89427]}, "properties": {"stop_id": "rfVXpFlV", "stop_name": "Mannivakkam Road Junction"}}, {"type": "Feature", "geometry": {"type": "Point", "coordinates": [80.196174, 12.919129]}, "properties": {"stop_id": "mdiSFJRM", "stop_name": "Medavakkam Colony Or Puliamaram"}}, {"type": "Feature", "geometry": {"type": "Point", "coordinates": [80.042649, 12.916622]}, "properties": {"stop_id": "BIoUkdqn", "stop_name": "Manimangalam Road Junction"}}, {"type": "Feature", "geometry": {"type": "Point", "coordinates": [80.269806, 13.192019]}, "properties": {"stop_id": "fKUdbDza", "stop_name": "Andarkuppam Check Post"}}, {"type": "Feature", "geometry": {"type": "Point", "coordinates": [80.242302, 12.812671]}, "properties": {"stop_id": "kMrSvhcD", "stop_name": "NIEPMD"}}, {"type": "Feature", "geometry": {"type": "Point", "coordinates": [80.162343, 13.235276]}, "properties": {"stop_id": "TJDsQDoO", "stop_name": "Sholavaram 3"}}, {"type": "Feature", "geometry": {"type": "Point", "coordinates": [80.183043, 12.944702]}, "properties": {"stop_id": "wefAcLKj", "stop_name": "Veeramani Nagar"}}, {"type": "Feature", "geometry": {"type": "Point", "coordinates": [80.258664, 13.075614]}, "properties": {"stop_id": "FFLftRlg", "stop_name": "T N Sports Authority"}}, {"type": "Feature", "geometry": {"type": "Point", "coordinates": [79.974848, 13.099192]}, "properties": {"stop_id": "HnEviCBr", "stop_name": "Aranvoyal Kuppam"}}, {"type": "Feature", "geometry": {"type": "Point", "coordinates": [80.158542, 13.011518]}, "properties": {"stop_id": "BgNaSNFf", "stop_name": "Dharma Raja Puram"}}, {"type": "Feature", "geometry": {"type": "Point", "coordinates": [79.833743, 13.034058]}, "properties": {"stop_id": "dimGAuTR", "stop_name": "Kondencherri Church"}}, {"type": "Feature", "geometry": {"type": "Point", "coordinates": [80.207735, 13.317193]}, "properties": {"stop_id": "GdIqHDLj", "stop_name": "Kokumedu"}}, {"type": "Feature", "geometry": {"type": "Point", "coordinates": [80.031816, 12.692888]}, "properties": {"stop_id": "oahiQKZf", "stop_name": "Thiruvadaisoolam School"}}, {"type": "Feature", "geometry": {"type": "Point", "coordinates": [80.149895, 13.485261]}, "properties": {"stop_id": "sdZgyTvj", "stop_name": "Om Chamutiram School"}}, {"type": "Feature", "geometry": {"type": "Point", "coordinates": [80.145314, 12.713021]}, "properties": {"stop_id": "DwCsfBrf", "stop_name": "Madayathur"}}, {"type": "Feature", "geometry": {"type": "Point", "coordinates": [80.112903, 13.161993]}, "properties": {"stop_id": "pYAYKpHc", "stop_name": "Kollumedu"}}, {"type": "Feature", "geometry": {"type": "Point", "coordinates": [80.234289, 13.098621]}, "properties": {"stop_id": "fRxWIrbs", "stop_name": "Noor Hotel"}}, {"type": "Feature", "geometry": {"type": "Point", "coordinates": [80.042157, 13.286965]}, "properties": {"stop_id": "tZcBjHOF", "stop_name": "Vadamadurai"}}, {"type": "Feature", "geometry": {"type": "Point", "coordinates": [80.193236, 12.976531]}, "properties": {"stop_id": "qqkwAIGc", "stop_name": "Ullagaram Oil Mill"}}, {"type": "Feature", "geometry": {"type": "Point", "coordinates": [79.85336, 12.966938]}, "properties": {"stop_id": "gldIDkMU", "stop_name": "Pudupattu"}}, {"type": "Feature", "geometry": {"type": "Point", "coordinates": [80.06343, 13.213674]}, "properties": {"stop_id": "MQGhRgQS", "stop_name": "Karanipataih"}}, {"type": "Feature", "geometry": {"type": "Point", "coordinates": [80.194435, 13.33195]}, "properties": {"stop_id": "RqKQqVrZ", "stop_name": "Ponneri Taluk Office"}}, {"type": "Feature", "geometry": {"type": "Point", "coordinates": [80.136113, 12.978727]}, "properties": {"stop_id": "rlKLMakt", "stop_name": "Pammal Iyyappan Nagar"}}, {"type": "Feature", "geometry": {"type": "Point", "coordinates": [80.225076, 13.14116]}, "properties": {"stop_id": "udKeccMr", "stop_name": "ACT"}}, {"type": "Feature", "geometry": {"type": "Point", "coordinates": [80.249978, 13.078868]}, "properties": {"stop_id": "SlfNpref", "stop_name": "Sangam Theatre"}}, {"type": "Feature", "geometry": {"type": "Point", "coordinates": [80.15722, 13.118382]}, "properties": {"stop_id": "iykVulcc", "stop_name": "Mahalingam Stores"}}, {"type": "Feature", "geometry": {"type": "Point", "coordinates": [80.224913, 13.124705]}, "properties": {"stop_id": "vNgPBJZx", "stop_name": "Balaji Nagar"}}, {"type": "Feature", "geometry": {"type": "Point", "coordinates": [80.1641, 12.9808]}, "properties": {"stop_id": "IMEhQaQS", "stop_name": "Chennai Airport Metro"}}, {"type": "Feature", "geometry": {"type": "Point", "coordinates": [80.130068, 13.011935]}, "properties": {"stop_id": "TFSGEQcQ", "stop_name": "Periyapanicherry Church"}}, {"type": "Feature", "geometry": {"type": "Point", "coordinates": [80.26422, 13.053793]}, "properties": {"stop_id": "jsUuEBbk", "stop_name": "Royapettah Hospital"}}, {"type": "Feature", "geometry": {"type": "Point", "coordinates": [80.146087, 13.0362]}, "properties": {"stop_id": "zvLqJZxI", "stop_name": "Chettiyar Agaram"}}, {"type": "Feature", "geometry": {"type": "Point", "coordinates": [80.214319, 13.129888]}, "properties": {"stop_id": "EYCnMsAF", "stop_name": "Retteri Junction"}}, {"type": "Feature", "geometry": {"type": "Point", "coordinates": [80.207194, 12.756962]}, "properties": {"stop_id": "oeTroIck", "stop_name": "Koman Nagar Road Junction"}}, {"type": "Feature", "geometry": {"type": "Point", "coordinates": [80.112435, 13.066193]}, "properties": {"stop_id": "PAegbDaK", "stop_name": "SA Engineering college"}}, {"type": "Feature", "geometry": {"type": "Point", "coordinates": [79.999088, 13.158437]}, "properties": {"stop_id": "MCXOFAcE", "stop_name": "Sivanvayol Tank"}}, {"type": "Feature", "geometry": {"type": "Point", "coordinates": [80.063586, 12.894589]}, "properties": {"stop_id": "tkPbrZUX", "stop_name": "Mannivakkam Road Junction"}}, {"type": "Feature", "geometry": {"type": "Point", "coordinates": [80.236635, 13.148585]}, "properties": {"stop_id": "wqmVlyfa", "stop_name": "Alex Nagar"}}, {"type": "Feature", "geometry": {"type": "Point", "coordinates": [80.160764, 13.077349]}, "properties": {"stop_id": "uskMapbi", "stop_name": "Indira Gandhi Street"}}, {"type": "Feature", "geometry": {"type": "Point", "coordinates": [80.086677, 12.835084]}, "properties": {"stop_id": "hyEIkJeA", "stop_name": "Karanai Puducherry Or Periya Arungal"}}, {"type": "Feature", "geometry": {"type": "Point", "coordinates": [80.178908, 13.023822]}, "properties": {"stop_id": "hpCuKAjH", "stop_name": "DLF Or L and T"}}, {"type": "Feature", "geometry": {"type": "Point", "coordinates": [80.029954, 12.696201]}, "properties": {"stop_id": "LJERpsJx", "stop_name": "Ganapureswarar Temple"}}, {"type": "Feature", "geometry": {"type": "Point", "coordinates": [80.166875, 13.012567]}, "properties": {"stop_id": "UEPelLBG", "stop_name": "Manapakkam Sivan Kovil"}}, {"type": "Feature", "geometry": {"type": "Point", "coordinates": [80.108818, 12.880315]}, "properties": {"stop_id": "ztmxtqSi", "stop_name": "Nedugundram"}}, {"type": "Feature", "geometry": {"type": "Point", "coordinates": [80.141394, 13.355146]}, "properties": {"stop_id": "KVgMjZao", "stop_name": "RMK College"}}, {"type": "Feature", "geometry": {"type": "Point", "coordinates": [80.202683, 13.452624]}, "properties": {"stop_id": "APAIrxcy", "stop_name": "Devampattu 2"}}, {"type": "Feature", "geometry": {"type": "Point", "coordinates": [80.108471, 13.105404]}, "properties": {"stop_id": "LYitljhu", "stop_name": "Vasantham Nagar"}}, {"type": "Feature", "geometry": {"type": "Point", "coordinates": [80.16933, 12.897377]}, "properties": {"stop_id": "IKzXRYHu", "stop_name": "Manickam Nagar Or MLA Office"}}, {"type": "Feature", "geometry": {"type": "Point", "coordinates": [80.26853, 13.044465]}, "properties": {"stop_id": "FJDNPLrp", "stop_name": "Yellow Pages"}}, {"type": "Feature", "geometry": {"type": "Point", "coordinates": [80.21617, 12.68648]}, "properties": {"stop_id": "fOMMjSqm", "stop_name": "Pattipulam Colony"}}, {"type": "Feature", "geometry": {"type": "Point", "coordinates": [80.10433, 12.925661]}, "properties": {"stop_id": "nAqhCgXt", "stop_name": "Kulakkarai Bus Stop"}}, {"type": "Feature", "geometry": {"type": "Point", "coordinates": [80.097638, 13.056748]}, "properties": {"stop_id": "cBsLzvxc", "stop_name": "Pattaberam Road"}}, {"type": "Feature", "geometry": {"type": "Point", "coordinates": [80.301751, 13.146721]}, "properties": {"stop_id": "AjXddPle", "stop_name": "Builders Industry"}}, {"type": "Feature", "geometry": {"type": "Point", "coordinates": [80.093697, 13.014483]}, "properties": {"stop_id": "adPAcDLJ", "stop_name": "Chikkarayapuram"}}, {"type": "Feature", "geometry": {"type": "Point", "coordinates": [80.175963, 12.987451]}, "properties": {"stop_id": "MlqbsUKu", "stop_name": "Meeanambakkam Metro"}}, {"type": "Feature", "geometry": {"type": "Point", "coordinates": [80.144774, 12.989348]}, "properties": {"stop_id": "rajlOAiB", "stop_name": "Kalaignar Street"}}, {"type": "Feature", "geometry": {"type": "Point", "coordinates": [80.119129, 13.125787]}, "properties": {"stop_id": "bHagonKv", "stop_name": "Murugappa Polytechnic"}}, {"type": "Feature", "geometry": {"type": "Point", "coordinates": [80.27397, 13.057368]}, "properties": {"stop_id": "LvbzkrjO", "stop_name": "Kelet High School"}}, {"type": "Feature", "geometry": {"type": "Point", "coordinates": [80.047346, 13.312749]}, "properties": {"stop_id": "TEpDjcLc", "stop_name": "Periyapalayam Police Station"}}, {"type": "Feature", "geometry": {"type": "Point", "coordinates": [80.266988, 13.044434]}, "properties": {"stop_id": "pOvHFZPM", "stop_name": "VMC Street"}}, {"type": "Feature", "geometry": {"type": "Point", "coordinates": [80.251451, 12.927507]}, "properties": {"stop_id": "wDEypHfE", "stop_name": "Sai Baba Temple"}}, {"type": "Feature", "geometry": {"type": "Point", "coordinates": [80.069897, 13.146628]}, "properties": {"stop_id": "ATKbycui", "stop_name": "Mittanamalli"}}, {"type": "Feature", "geometry": {"type": "Point", "coordinates": [80.175052, 13.036102]}, "properties": {"stop_id": "JleZjXmc", "stop_name": "Ambedkar Salai"}}, {"type": "Feature", "geometry": {"type": "Point", "coordinates": [80.273598, 13.225862]}, "properties": {"stop_id": "zTJYYUap", "stop_name": "Old Nappalayam"}}, {"type": "Feature", "geometry": {"type": "Point", "coordinates": [80.211942, 13.178384]}, "properties": {"stop_id": "OOrUJecL", "stop_name": "Vinayagapuram"}}, {"type": "Feature", "geometry": {"type": "Point", "coordinates": [80.25365, 13.282199]}, "properties": {"stop_id": "dvaPHMux", "stop_name": "Minjur Terminus"}}, {"type": "Feature", "geometry": {"type": "Point", "coordinates": [80.244849, 13.027617]}, "properties": {"stop_id": "NmoBNBiw", "stop_name": "Nandanam Park"}}, {"type": "Feature", "geometry": {"type": "Point", "coordinates": [80.156455, 13.103835]}, "properties": {"stop_id": "RinxBkUZ", "stop_name": "TI Miller"}}, {"type": "Feature", "geometry": {"type": "Point", "coordinates": [80.245517, 13.166832]}, "properties": {"stop_id": "yRpreQRc", "stop_name": "Mathur Gate"}}, {"type": "Feature", "geometry": {"type": "Point", "coordinates": [80.202479, 13.031421]}, "properties": {"stop_id": "apZtGMSe", "stop_name": "Indra Colony"}}, {"type": "Feature", "geometry": {"type": "Point", "coordinates": [80.210518, 13.077241]}, "properties": {"stop_id": "mdGitRQe", "stop_name": "Arumbakkam Post Office"}}, {"type": "Feature", "geometry": {"type": "Point", "coordinates": [80.145686, 12.917506]}, "properties": {"stop_id": "ZIieNEvD", "stop_name": "Ambedkar Nagar Camp Road"}}, {"type": "Feature", "geometry": {"type": "Point", "coordinates": [80.267709, 13.08062]}, "properties": {"stop_id": "mklbELhb", "stop_name": "Hotel Everest"}}, {"type": "Feature", "geometry": {"type": "Point", "coordinates": [80.203581, 13.364119]}, "properties": {"stop_id": "NcoKemSg", "stop_name": "Uppaplam 2"}}, {"type": "Feature", "geometry": {"type": "Point", "coordinates": [80.220301, 12.990509]}, "properties": {"stop_id": "jTofnsvB", "stop_name": "Guru Nanak College"}}, {"type": "Feature", "geometry": {"type": "Point", "coordinates": [80.291621, 13.124985]}, "properties": {"stop_id": "SOFDNGxu", "stop_name": "Varadharaja Perumal Koil"}}, {"type": "Feature", "geometry": {"type": "Point", "coordinates": [80.258121, 13.097371]}, "properties": {"stop_id": "xQpNdvvD", "stop_name": "Pattalam"}}, {"type": "Feature", "geometry": {"type": "Point", "coordinates": [80.05779, 12.916157]}, "properties": {"stop_id": "VpjCLGIP", "stop_name": "Mullai Nagar Eranavoor"}}, {"type": "Feature", "geometry": {"type": "Point", "coordinates": [79.8188, 13.03647]}, "properties": {"stop_id": "sjdJbEDC", "stop_name": "Pattammal Chatram"}}, {"type": "Feature", "geometry": {"type": "Point", "coordinates": [80.147376, 12.922571]}, "properties": {"stop_id": "PXPVuGmP", "stop_name": "Mahalakshmi Nagar"}}, {"type": "Feature", "geometry": {"type": "Point", "coordinates": [80.01031, 13.018401]}, "properties": {"stop_id": "sAuLGTlR", "stop_name": "Thandalam Koot Road"}}, {"type": "Feature", "geometry": {"type": "Point", "coordinates": [80.140077, 12.951495]}, "properties": {"stop_id": "XiXLaJEL", "stop_name": "Chromepet"}}, {"type": "Feature", "geometry": {"type": "Point", "coordinates": [80.176622, 12.9185]}, "properties": {"stop_id": "glrALKnP", "stop_name": "Vengaivasal Road Junction"}}, {"type": "Feature", "geometry": {"type": "Point", "coordinates": [80.196158, 13.176001]}, "properties": {"stop_id": "VCQdmIoF", "stop_name": "Thandal Kazhani"}}, {"type": "Feature", "geometry": {"type": "Point", "coordinates": [80.236189, 13.062698]}, "properties": {"stop_id": "gaeBmadp", "stop_name": "Nungambakkam"}}, {"type": "Feature", "geometry": {"type": "Point", "coordinates": [80.221961, 12.700375]}, "properties": {"stop_id": "oERWQcSy", "stop_name": "Dolphin City"}}, {"type": "Feature", "geometry": {"type": "Point", "coordinates": [80.213112, 12.973845]}, "properties": {"stop_id": "imYTGxMS", "stop_name": "Murugu Nagar"}}, {"type": "Feature", "geometry": {"type": "Point", "coordinates": [80.194951, 12.824527]}, "properties": {"stop_id": "pHFwnWxB", "stop_name": "Rural Colony"}}, {"type": "Feature", "geometry": {"type": "Point", "coordinates": [80.246588, 13.085665]}, "properties": {"stop_id": "CcTUkfkl", "stop_name": "Abirami Theatre"}}, {"type": "Feature", "geometry": {"type": "Point", "coordinates": [80.257559, 12.969602]}, "properties": {"stop_id": "gHkojtqc", "stop_name": "Kottivakkam"}}, {"type": "Feature", "geometry": {"type": "Point", "coordinates": [79.615034, 12.875398]}, "properties": {"stop_id": "wnmgNjXN", "stop_name": "Baluchetti Chatram By Pass"}}, {"type": "Feature", "geometry": {"type": "Point", "coordinates": [80.220248, 13.052461]}, "properties": {"stop_id": "pPqywgRl", "stop_name": "Power House Kodambakkam"}}, {"type": "Feature", "geometry": {"type": "Point", "coordinates": [80.267733, 13.036605]}, "properties": {"stop_id": "ILieppKf", "stop_name": "Mylapore"}}, {"type": "Feature", "geometry": {"type": "Point", "coordinates": [80.220008, 13.145079]}, "properties": {"stop_id": "FCeDiZsN", "stop_name": "Madhavaram Rountana"}}, {"type": "Feature", "geometry": {"type": "Point", "coordinates": [80.241232, 13.018788]}, "properties": {"stop_id": "LtGOEkbi", "stop_name": "Kotturpuram"}}, {"type": "Feature", "geometry": {"type": "Point", "coordinates": [80.178897, 12.919022]}, "properties": {"stop_id": "hApOmpAO", "stop_name": "Vijaya Nagaram"}}, {"type": "Feature", "geometry": {"type": "Point", "coordinates": [80.057754, 13.141994]}, "properties": {"stop_id": "tUdYLqkf", "stop_name": "Ella Amman Nagar"}}, {"type": "Feature", "geometry": {"type": "Point", "coordinates": [80.241953, 13.08851]}, "properties": {"stop_id": "yZEnTGkU", "stop_name": "Medavakkam Kellys"}}, {"type": "Feature", "geometry": {"type": "Point", "coordinates": [80.142072, 12.747529]}, "properties": {"stop_id": "QBDSVwgM", "stop_name": "Venbedu"}}, {"type": "Feature", "geometry": {"type": "Point", "coordinates": [80.253044, 13.074286]}, "properties": {"stop_id": "oFGeBzfg", "stop_name": "Peeter School"}}, {"type": "Feature", "geometry": {"type": "Point", "coordinates": [80.275007, 13.052419]}, "properties": {"stop_id": "DRkcXziO", "stop_name": "N K T Girls High School"}}, {"type": "Feature", "geometry": {"type": "Point", "coordinates": [79.980586, 12.716496]}, "properties": {"stop_id": "GFyDwjlp", "stop_name": "Rajakulipettai"}}, {"type": "Feature", "geometry": {"type": "Point", "coordinates": [80.275964, 13.20183]}, "properties": {"stop_id": "eYiyBone", "stop_name": "Manali New Town Bus Stand"}}, {"type": "Feature", "geometry": {"type": "Point", "coordinates": [80.263281, 13.096802]}, "properties": {"stop_id": "NjlFoRGi", "stop_name": "Aragadam"}}, {"type": "Feature", "geometry": {"type": "Point", "coordinates": [80.285716, 13.335692]}, "properties": {"stop_id": "ZdKqQSZH", "stop_name": "Thiru Vellivoyal Ration Shop"}}, {"type": "Feature", "geometry": {"type": "Point", "coordinates": [80.030526, 13.132845]}, "properties": {"stop_id": "TPvicaCo", "stop_name": "Anjanaya Temple Natthamedu"}}, {"type": "Feature", "geometry": {"type": "Point", "coordinates": [80.194231, 13.126925]}, "properties": {"stop_id": "ijSxrWBJ", "stop_name": "Korattur Water Canal Road"}}, {"type": "Feature", "geometry": {"type": "Point", "coordinates": [80.057283, 13.05499]}, "properties": {"stop_id": "OUlPxErG", "stop_name": "Thirumazhisai Bus Stand"}}, {"type": "Feature", "geometry": {"type": "Point", "coordinates": [80.251213, 12.980237]}, "properties": {"stop_id": "mNGfniSu", "stop_name": "S R P Tools"}}, {"type": "Feature", "geometry": {"type": "Point", "coordinates": [80.283397, 13.063917]}, "properties": {"stop_id": "GLwjULTT", "stop_name": "Ezhilagam"}}, {"type": "Feature", "geometry": {"type": "Point", "coordinates": [80.177112, 13.483032]}, "properties": {"stop_id": "sTCaNKUj", "stop_name": "Poongukam"}}, {"type": "Feature", "geometry": {"type": "Point", "coordinates": [80.278073, 13.125848]}, "properties": {"stop_id": "BQxCqpoT", "stop_name": "Coronation Nagar"}}, {"type": "Feature", "geometry": {"type": "Point", "coordinates": [80.064458, 12.894378]}, "properties": {"stop_id": "qmRscxuH", "stop_name": "Mannivakkam Road Junction"}}, {"type": "Feature", "geometry": {"type": "Point", "coordinates": [80.100517, 12.936072]}, "properties": {"stop_id": "BJyyGCqV", "stop_name": "Kannadapalayam"}}, {"type": "Feature", "geometry": {"type": "Point", "coordinates": [80.29828, 13.147758]}, "properties": {"stop_id": "NuwmOhpA", "stop_name": "Thangal"}}, {"type": "Feature", "geometry": {"type": "Point", "coordinates": [79.93594, 13.172434]}, "properties": {"stop_id": "xRMPpTGi", "stop_name": "Ikkadu Kandigai"}}, {"type": "Feature", "geometry": {"type": "Point", "coordinates": [80.240174, 13.396482]}, "properties": {"stop_id": "JzAcwavY", "stop_name": "Kaanji Vayal"}}, {"type": "Feature", "geometry": {"type": "Point", "coordinates": [80.247039, 12.897706]}, "properties": {"stop_id": "mIuUuYnu", "stop_name": "Akkarai"}}, {"type": "Feature", "geometry": {"type": "Point", "coordinates": [80.029324, 13.180934]}, "properties": {"stop_id": "TgAaXvqD", "stop_name": "Kavanur"}}, {"type": "Feature", "geometry": {"type": "Point", "coordinates": [79.975694, 12.984935]}, "properties": {"stop_id": "pzSSkNJo", "stop_name": "Pennalur EB Office"}}, {"type": "Feature", "geometry": {"type": "Point", "coordinates": [80.241403, 13.358812]}, "properties": {"stop_id": "lDGKQeaf", "stop_name": "Perumbedu"}}, {"type": "Feature", "geometry": {"type": "Point", "coordinates": [80.252261, 13.05059]}, "properties": {"stop_id": "msSSSjFI", "stop_name": "Semmozhi Poonga"}}, {"type": "Feature", "geometry": {"type": "Point", "coordinates": [80.265169, 13.085382]}, "properties": {"stop_id": "gDnuvefz", "stop_name": "Madras Veterinary Hospital"}}, {"type": "Feature", "geometry": {"type": "Point", "coordinates": [80.097967, 13.056785]}, "properties": {"stop_id": "WIZPpGvl", "stop_name": "Parivakkam Signal"}}, {"type": "Feature", "geometry": {"type": "Point", "coordinates": [80.19696, 13.098491]}, "properties": {"stop_id": "xTOrUJFO", "stop_name": "Kovarthanagiri"}}, {"type": "Feature", "geometry": {"type": "Point", "coordinates": [80.240024, 13.151255]}, "properties": {"stop_id": "BIvEdfHJ", "stop_name": "Telephone Colony 1st Street"}}, {"type": "Feature", "geometry": {"type": "Point", "coordinates": [80.304218, 13.154133]}, "properties": {"stop_id": "GZZaPhbw", "stop_name": "Ondikuppam"}}, {"type": "Feature", "geometry": {"type": "Point", "coordinates": [80.144507, 12.769457]}, "properties": {"stop_id": "fTbQcCcQ", "stop_name": "Kayaar"}}, {"type": "Feature", "geometry": {"type": "Point", "coordinates": [80.313421, 13.249046]}, "properties": {"stop_id": "zyATMMRX", "stop_name": "HPCL Terminal Ennore Main Gate"}}, {"type": "Feature", "geometry": {"type": "Point", "coordinates": [80.139505, 12.98202]}, "properties": {"stop_id": "hVJtIJom", "stop_name": "Venkateswara Nagar"}}, {"type": "Feature", "geometry": {"type": "Point", "coordinates": [80.246511, 13.401696]}, "properties": {"stop_id": "GfvuifIZ", "stop_name": "Thirupalaivanam Koil"}}, {"type": "Feature", "geometry": {"type": "Point", "coordinates": [80.212339, 12.976]}, "properties": {"stop_id": "dfuItkqX", "stop_name": "San Academy"}}, {"type": "Feature", "geometry": {"type": "Point", "coordinates": [80.256123, 12.998488]}, "properties": {"stop_id": "RfEbENxd", "stop_name": "Adyar Depot"}}, {"type": "Feature", "geometry": {"type": "Point", "coordinates": [80.205823, 13.139848]}, "properties": {"stop_id": "lhadwkCG", "stop_name": "Vinayagapuram"}}, {"type": "Feature", "geometry": {"type": "Point", "coordinates": [80.257186, 13.056412]}, "properties": {"stop_id": "XFLojCJa", "stop_name": "Anand Theatre"}}, {"type": "Feature", "geometry": {"type": "Point", "coordinates": [80.217253, 13.206063]}, "properties": {"stop_id": "FzyHNJLL", "stop_name": "Sirugavur"}}, {"type": "Feature", "geometry": {"type": "Point", "coordinates": [80.005613, 13.217018]}, "properties": {"stop_id": "mfgtosUp", "stop_name": "Velliyur School"}}, {"type": "Feature", "geometry": {"type": "Point", "coordinates": [80.154531, 13.114567]}, "properties": {"stop_id": "AkOiWGvq", "stop_name": "Ambattur Railway Station"}}, {"type": "Feature", "geometry": {"type": "Point", "coordinates": [80.156283, 13.249466]}, "properties": {"stop_id": "AhlYGwKp", "stop_name": "Karanodai Bus Stand"}}, {"type": "Feature", "geometry": {"type": "Point", "coordinates": [80.211993, 13.275614]}, "properties": {"stop_id": "ASAgeGQh", "stop_name": "Kanniyampalayam"}}, {"type": "Feature", "geometry": {"type": "Point", "coordinates": [80.249197, 13.142725]}, "properties": {"stop_id": "FfzahqTm", "stop_name": "Gandhi Nagar Or Arumgam Tea Kadai"}}, {"type": "Feature", "geometry": {"type": "Point", "coordinates": [80.136397, 12.887762]}, "properties": {"stop_id": "tmPrLnhA", "stop_name": "Lydia Matriculation School"}}, {"type": "Feature", "geometry": {"type": "Point", "coordinates": [80.281341, 13.088298]}, "properties": {"stop_id": "fOfcyQgJ", "stop_name": "Flower Bazzar"}}, {"type": "Feature", "geometry": {"type": "Point", "coordinates": [80.273137, 13.108933]}, "properties": {"stop_id": "JsvRApZJ", "stop_name": "Stanley Nagar"}}, {"type": "Feature", "geometry": {"type": "Point", "coordinates": [80.219828, 13.084685]}, "properties": {"stop_id": "bdIbpKdP", "stop_name": "Anna Nagar East Metro Station"}}, {"type": "Feature", "geometry": {"type": "Point", "coordinates": [80.203912, 13.050743]}, "properties": {"stop_id": "udvGqqIc", "stop_name": "Prasad Thetre"}}, {"type": "Feature", "geometry": {"type": "Point", "coordinates": [80.210883, 13.065076]}, "properties": {"stop_id": "LKVeVUNI", "stop_name": "MMDA Colony Road Junction"}}, {"type": "Feature", "geometry": {"type": "Point", "coordinates": [80.285588, 13.090813]}, "properties": {"stop_id": "iWoOHVbT", "stop_name": "Lone Square"}}, {"type": "Feature", "geometry": {"type": "Point", "coordinates": [80.269936, 13.184222]}, "properties": {"stop_id": "JFVlrPHE", "stop_name": "Vaikadu"}}, {"type": "Feature", "geometry": {"type": "Point", "coordinates": [80.200947, 12.965411]}, "properties": {"stop_id": "tdSVPjpA", "stop_name": "Balaiah Garden"}}, {"type": "Feature", "geometry": {"type": "Point", "coordinates": [80.154584, 13.045955]}, "properties": {"stop_id": "zXooHlbq", "stop_name": "Porur Gardens"}}, {"type": "Feature", "geometry": {"type": "Point", "coordinates": [80.251807, 13.085782]}, "properties": {"stop_id": "upZFxFqB", "stop_name": "Madhar Sha"}}, {"type": "Feature", "geometry": {"type": "Point", "coordinates": [80.234998, 13.053777]}, "properties": {"stop_id": "PlyJazqR", "stop_name": "Kamdar Nagar"}}, {"type": "Feature", "geometry": {"type": "Point", "coordinates": [80.134785, 13.26303]}, "properties": {"stop_id": "uVrlMgNx", "stop_name": "Pandikavanur"}}, {"type": "Feature", "geometry": {"type": "Point", "coordinates": [80.20863, 13.03522]}, "properties": {"stop_id": "oBjbzljy", "stop_name": "ESI Hospital K K Nagar"}}, {"type": "Feature", "geometry": {"type": "Point", "coordinates": [80.173701, 13.041051]}, "properties": {"stop_id": "jcExlqwL", "stop_name": "Valasaravakkam"}}, {"type": "Feature", "geometry": {"type": "Point", "coordinates": [80.27505, 13.257324]}, "properties": {"stop_id": "UxEHDofF", "stop_name": "Melur"}}, {"type": "Feature", "geometry": {"type": "Point", "coordinates": [80.143099, 12.922134]}, "properties": {"stop_id": "HkgLsGZV", "stop_name": "Camp Road Junction Selaiyur"}}, {"type": "Feature", "geometry": {"type": "Point", "coordinates": [80.232783, 13.054102]}, "properties": {"stop_id": "kkrKJmiC", "stop_name": "Mahalingapuram"}}, {"type": "Feature", "geometry": {"type": "Point", "coordinates": [80.215783, 13.100222]}, "properties": {"stop_id": "TcTonWJL", "stop_name": "ICF"}}, {"type": "Feature", "geometry": {"type": "Point", "coordinates": [80.248614, 13.046978]}, "properties": {"stop_id": "LPfgjVyT", "stop_name": "DMS"}}, {"type": "Feature", "geometry": {"type": "Point", "coordinates": [80.06579, 12.851208]}, "properties": {"stop_id": "vDFCntfg", "stop_name": "Guduvancheri EB Office"}}, {"type": "Feature", "geometry": {"type": "Point", "coordinates": [80.211693, 12.848093]}, "properties": {"stop_id": "TzZKgVDl", "stop_name": "Trisakthi Kovil"}}, {"type": "Feature", "geometry": {"type": "Point", "coordinates": [80.086861, 12.84471]}, "properties": {"stop_id": "reWBMWRs", "stop_name": "Kattur"}}, {"type": "Feature", "geometry": {"type": "Point", "coordinates": [80.073948, 12.960085]}, "properties": {"stop_id": "EzyVKgOu", "stop_name": "GHS School"}}, {"type": "Feature", "geometry": {"type": "Point", "coordinates": [80.308653, 13.184065]}, "properties": {"stop_id": "lXZmsBCe", "stop_name": "I T C"}}, {"type": "Feature", "geometry": {"type": "Point", "coordinates": [80.207287, 12.979144]}, "properties": {"stop_id": "PZviXSbJ", "stop_name": "Saraswathi Nagar"}}, {"type": "Feature", "geometry": {"type": "Point", "coordinates": [80.251369, 13.097184]}, "properties": {"stop_id": "COReTzyE", "stop_name": "Otteri"}}, {"type": "Feature", "geometry": {"type": "Point", "coordinates": [80.033293, 13.311661]}, "properties": {"stop_id": "hfbFGrBz", "stop_name": "Ariyapakkam"}}, {"type": "Feature", "geometry": {"type": "Point", "coordinates": [80.290137, 13.127273]}, "properties": {"stop_id": "rivVbWxD", "stop_name": "Tondiarpet"}}, {"type": "Feature", "geometry": {"type": "Point", "coordinates": [80.335835, 13.319837]}, "properties": {"stop_id": "vOivHtRX", "stop_name": "Kattupalli"}}, {"type": "Feature", "geometry": {"type": "Point", "coordinates": [80.273799, 13.125133]}, "properties": {"stop_id": "SIMdrVTZ", "stop_name": "Sunnambu Kalvai"}}, {"type": "Feature", "geometry": {"type": "Point", "coordinates": [80.143841, 12.922602]}, "properties": {"stop_id": "pwpCkicC", "stop_name": "Camp Road Junction Selaiyur"}}, {"type": "Feature", "geometry": {"type": "Point", "coordinates": [80.22945, 12.782128]}, "properties": {"stop_id": "BNQPEsdW", "stop_name": "Salt Office"}}, {"type": "Feature", "geometry": {"type": "Point", "coordinates": [80.168374, 12.902866]}, "properties": {"stop_id": "rydzAjNc", "stop_name": "Kulakarai Venkaivasal"}}, {"type": "Feature", "geometry": {"type": "Point", "coordinates": [80.033952, 13.269386]}, "properties": {"stop_id": "ZafFyFXk", "stop_name": "Periyar Nagar"}}, {"type": "Feature", "geometry": {"type": "Point", "coordinates": [80.094176, 13.107026]}, "properties": {"stop_id": "juEdhOMs", "stop_name": "Kamaraj Nagar"}}, {"type": "Feature", "geometry": {"type": "Point", "coordinates": [80.257492, 13.191759]}, "properties": {"stop_id": "WwskMIzD", "stop_name": "Kamarajapuram"}}, {"type": "Feature", "geometry": {"type": "Point", "coordinates": [80.153906, 13.178785]}, "properties": {"stop_id": "apXGdFyI", "stop_name": "Irankuppam"}}, {"type": "Feature", "geometry": {"type": "Point", "coordinates": [80.262875, 13.192529]}, "properties": {"stop_id": "dycwBUSP", "stop_name": "Kadapakkam"}}, {"type": "Feature", "geometry": {"type": "Point", "coordinates": [80.037036, 13.155152]}, "properties": {"stop_id": "HaEOaLMB", "stop_name": "Pakkam Junction"}}, {"type": "Feature", "geometry": {"type": "Point", "coordinates": [80.00637, 13.124846]}, "properties": {"stop_id": "ZMonkEer", "stop_name": "Veppampattu or Puliyamaram"}}, {"type": "Feature", "geometry": {"type": "Point", "coordinates": [80.325885, 13.215976]}, "properties": {"stop_id": "GBYHqHQO", "stop_name": "Eid Parry Fertilizer Factory"}}, {"type": "Feature", "geometry": {"type": "Point", "coordinates": [79.953228, 12.97249]}, "properties": {"stop_id": "fRZGgvoY", "stop_name": "Sriperumbudur MGR Nagar"}}, {"type": "Feature", "geometry": {"type": "Point", "coordinates": [80.170089, 13.214604]}, "properties": {"stop_id": "zqZasXpA", "stop_name": "Redhills RTO Office"}}, {"type": "Feature", "geometry": {"type": "Point", "coordinates": [80.21333, 13.075914]}, "properties": {"stop_id": "IOcMwGKn", "stop_name": "DG Vaishnava College"}}, {"type": "Feature", "geometry": {"type": "Point", "coordinates": [80.091608, 12.705098]}, "properties": {"stop_id": "LEMCEoBI", "stop_name": "Karumbakkam"}}, {"type": "Feature", "geometry": {"type": "Point", "coordinates": [79.985335, 12.873259]}, "properties": {"stop_id": "ljAdwZQx", "stop_name": "Serapanacheri"}}, {"type": "Feature", "geometry": {"type": "Point", "coordinates": [80.139691, 13.364065]}, "properties": {"stop_id": "rvGAYltM", "stop_name": "T J S Engineering College Or Kavarapett"}}, {"type": "Feature", "geometry": {"type": "Point", "coordinates": [80.245097, 13.047704]}, "properties": {"stop_id": "Gzlmcdek", "stop_name": "Bharathirajaa Hospital"}}, {"type": "Feature", "geometry": {"type": "Point", "coordinates": [79.966367, 13.145683]}, "properties": {"stop_id": "nwkrSJhR", "stop_name": "Kilambakkam Junction"}}, {"type": "Feature", "geometry": {"type": "Point", "coordinates": [80.208375, 13.035489]}, "properties": {"stop_id": "lOtREfVG", "stop_name": "ESI Hospital K K Nagar"}}, {"type": "Feature", "geometry": {"type": "Point", "coordinates": [80.190099, 13.335205]}, "properties": {"stop_id": "TNTzUMyF", "stop_name": "Ponneri Old Bus stand Or Ponneri Market"}}, {"type": "Feature", "geometry": {"type": "Point", "coordinates": [80.218923, 12.971216]}, "properties": {"stop_id": "okaePkJr", "stop_name": "Velachery Railway Station"}}, {"type": "Feature", "geometry": {"type": "Point", "coordinates": [80.124373, 12.741283]}, "properties": {"stop_id": "YqAQHxyY", "stop_name": "Ceedeeyes Housing"}}, {"type": "Feature", "geometry": {"type": "Point", "coordinates": [80.057698, 13.29075]}, "properties": {"stop_id": "qLlyWzVq", "stop_name": "Panapakkam"}}, {"type": "Feature", "geometry": {"type": "Point", "coordinates": [80.248266, 13.139803]}, "properties": {"stop_id": "TSYQkUsQ", "stop_name": "Gandhi Statue Kodungaiyur"}}, {"type": "Feature", "geometry": {"type": "Point", "coordinates": [80.24099, 13.11027]}, "properties": {"stop_id": "dYaEdzoO", "stop_name": "Ludthu School"}}, {"type": "Feature", "geometry": {"type": "Point", "coordinates": [80.160481, 12.818175]}, "properties": {"stop_id": "yHaTCNJc", "stop_name": "Kolathur Junction"}}, {"type": "Feature", "geometry": {"type": "Point", "coordinates": [80.189462, 13.119416]}, "properties": {"stop_id": "xAsZAVUQ", "stop_name": "Perumal Kovil"}}, {"type": "Feature", "geometry": {"type": "Point", "coordinates": [80.252538, 12.978614]}, "properties": {"stop_id": "WynPMslR", "stop_name": "SRP Tools"}}, {"type": "Feature", "geometry": {"type": "Point", "coordinates": [80.111643, 12.930649]}, "properties": {"stop_id": "sjfoFmFj", "stop_name": "Seva Sadan Higher Secondary School"}}, {"type": "Feature", "geometry": {"type": "Point", "coordinates": [80.22676, 13.156343]}, "properties": {"stop_id": "cHOtlpNd", "stop_name": "Omakulamedu"}}, {"type": "Feature", "geometry": {"type": "Point", "coordinates": [80.057722, 12.916104]}, "properties": {"stop_id": "nlMKoEWl", "stop_name": "Mullai Nagar Eranavoor"}}, {"type": "Feature", "geometry": {"type": "Point", "coordinates": [80.249859, 13.130099]}, "properties": {"stop_id": "pbVrXoGi", "stop_name": "MR Nagar"}}, {"type": "Feature", "geometry": {"type": "Point", "coordinates": [79.95332, 12.972448]}, "properties": {"stop_id": "QhyQakxZ", "stop_name": "Sriperumbudur MGR Nagar"}}, {"type": "Feature", "geometry": {"type": "Point", "coordinates": [80.264619, 13.267546]}, "properties": {"stop_id": "NqSePdAx", "stop_name": "Minjur B D O Office"}}, {"type": "Feature", "geometry": {"type": "Point", "coordinates": [80.158808, 12.936847]}, "properties": {"stop_id": "sLhwHcwM", "stop_name": "Ponniamman Kovil"}}, {"type": "Feature", "geometry": {"type": "Point", "coordinates": [80.140118, 13.100988]}, "properties": {"stop_id": "SPymtbHS", "stop_name": "IMRC Hospital"}}, {"type": "Feature", "geometry": {"type": "Point", "coordinates": [80.225849, 13.158847]}, "properties": {"stop_id": "CFztBFJQ", "stop_name": "Madhavaram Chinna Bypass"}}, {"type": "Feature", "geometry": {"type": "Point", "coordinates": [80.220839, 12.790036]}, "properties": {"stop_id": "zBPHjWVd", "stop_name": "Samiyar Pannai"}}, {"type": "Feature", "geometry": {"type": "Point", "coordinates": [79.932285, 12.916836]}, "properties": {"stop_id": "unXfmkmI", "stop_name": "Therasapuram"}}, {"type": "Feature", "geometry": {"type": "Point", "coordinates": [80.164777, 13.044745]}, "properties": {"stop_id": "dGXuUmCy", "stop_name": "S S Motor"}}, {"type": "Feature", "geometry": {"type": "Point", "coordinates": [80.176014, 13.082038]}, "properties": {"stop_id": "tPRfRHcU", "stop_name": "Corporation School"}}, {"type": "Feature", "geometry": {"type": "Point", "coordinates": [80.208019, 12.905339]}, "properties": {"stop_id": "RchOKnYD", "stop_name": "Global Hospital"}}, {"type": "Feature", "geometry": {"type": "Point", "coordinates": [80.23792, 13.137798]}, "properties": {"stop_id": "KLTxOJqh", "stop_name": "Murari Hospital"}}, {"type": "Feature", "geometry": {"type": "Point", "coordinates": [80.028651, 13.299645]}, "properties": {"stop_id": "lzmDRtwN", "stop_name": "Venkathakulam"}}, {"type": "Feature", "geometry": {"type": "Point", "coordinates": [80.217579, 12.967115]}, "properties": {"stop_id": "kXOxEoFm", "stop_name": "Velachery Railway Station"}}, {"type": "Feature", "geometry": {"type": "Point", "coordinates": [80.048494, 13.298361]}, "properties": {"stop_id": "lnzZDlDL", "stop_name": "Avadi Road Junction"}}, {"type": "Feature", "geometry": {"type": "Point", "coordinates": [80.151827, 13.107191]}, "properties": {"stop_id": "GDiQpvtB", "stop_name": "Dr Ambedkar Statue"}}, {"type": "Feature", "geometry": {"type": "Point", "coordinates": [80.292087, 13.13191]}, "properties": {"stop_id": "CEyhPnMH", "stop_name": "Tondiarpet Bus Depot"}}, {"type": "Feature", "geometry": {"type": "Point", "coordinates": [80.04935, 13.316516]}, "properties": {"stop_id": "UrJBvWGq", "stop_name": "Rallapadi"}}, {"type": "Feature", "geometry": {"type": "Point", "coordinates": [80.16365, 13.196038]}, "properties": {"stop_id": "wzWDodFe", "stop_name": "Bammedukulam"}}, {"type": "Feature", "geometry": {"type": "Point", "coordinates": [80.133787, 12.857987]}, "properties": {"stop_id": "qRJySzaf", "stop_name": "Rathinamangalam"}}, {"type": "Feature", "geometry": {"type": "Point", "coordinates": [80.126548, 13.068292]}, "properties": {"stop_id": "rcsEeYnc", "stop_name": "Gurimedai"}}, {"type": "Feature", "geometry": {"type": "Point", "coordinates": [80.208299, 13.368925]}, "properties": {"stop_id": "zmlEwfKx", "stop_name": "Kavalpatti"}}, {"type": "Feature", "geometry": {"type": "Point", "coordinates": [80.197818, 12.799573]}, "properties": {"stop_id": "ZecyfkGE", "stop_name": "Pudupakkam"}}, {"type": "Feature", "geometry": {"type": "Point", "coordinates": [80.1144, 13.010244]}, "properties": {"stop_id": "nxFmOJAJ", "stop_name": "Kovur E B Office"}}, {"type": "Feature", "geometry": {"type": "Point", "coordinates": [80.016991, 13.087006]}, "properties": {"stop_id": "qgzMfcCH", "stop_name": "IMA College"}}, {"type": "Feature", "geometry": {"type": "Point", "coordinates": [80.225211, 12.978533]}, "properties": {"stop_id": "NrNaZyPp", "stop_name": "Tansi Nagar"}}, {"type": "Feature", "geometry": {"type": "Point", "coordinates": [80.171484, 12.951901]}, "properties": {"stop_id": "wbJSAzcX", "stop_name": "Pallava Garden Bus Stop or DJ Met School"}}, {"type": "Feature", "geometry": {"type": "Point", "coordinates": [80.32106, 13.225755]}, "properties": {"stop_id": "vjmwMJTT", "stop_name": "V O C Nagar"}}, {"type": "Feature", "geometry": {"type": "Point", "coordinates": [80.25156, 13.038741]}, "properties": {"stop_id": "szQKyBKA", "stop_name": "Eldams Road"}}, {"type": "Feature", "geometry": {"type": "Point", "coordinates": [80.091035, 13.140927]}, "properties": {"stop_id": "uCrZVfKw", "stop_name": "Adam Gate"}}, {"type": "Feature", "geometry": {"type": "Point", "coordinates": [80.189907, 13.101103]}, "properties": {"stop_id": "XMWgellz", "stop_name": "Padi Lucas TVS"}}, {"type": "Feature", "geometry": {"type": "Point", "coordinates": [80.215031, 13.0627]}, "properties": {"stop_id": "xTmZZczv", "stop_name": "M M D A Colony"}}, {"type": "Feature", "geometry": {"type": "Point", "coordinates": [80.210078, 13.100104]}, "properties": {"stop_id": "XYiwYIqY", "stop_name": "Rail Museum ICF"}}, {"type": "Feature", "geometry": {"type": "Point", "coordinates": [79.946616, 13.18441]}, "properties": {"stop_id": "PAsYxpUt", "stop_name": "Nasarath"}}, {"type": "Feature", "geometry": {"type": "Point", "coordinates": [80.238487, 13.174335]}, "properties": {"stop_id": "EIcIoHUO", "stop_name": "Mathur 100 Feet Road Junctiion"}}, {"type": "Feature", "geometry": {"type": "Point", "coordinates": [79.853395, 13.033174]}, "properties": {"stop_id": "GSOqnCzV", "stop_name": "Mappedu Road Junction"}}, {"type": "Feature", "geometry": {"type": "Point", "coordinates": [80.196707, 13.221233]}, "properties": {"stop_id": "Rpsmzdru", "stop_name": "Kummanur Colony"}}, {"type": "Feature", "geometry": {"type": "Point", "coordinates": [80.204178, 13.149694]}, "properties": {"stop_id": "WuDSdBCd", "stop_name": "Kathirvedu"}}, {"type": "Feature", "geometry": {"type": "Point", "coordinates": [80.228504, 12.836728]}, "properties": {"stop_id": "zzxlwhdI", "stop_name": "Egattur"}}, {"type": "Feature", "geometry": {"type": "Point", "coordinates": [80.230247, 12.919637]}, "properties": {"stop_id": "ACkvbmee", "stop_name": "KCG College"}}, {"type": "Feature", "geometry": {"type": "Point", "coordinates": [80.217856, 13.076448]}, "properties": {"stop_id": "rDcmNjNB", "stop_name": "Anna Arch"}}, {"type": "Feature", "geometry": {"type": "Point", "coordinates": [80.066271, 12.9058]}, "properties": {"stop_id": "mZAcIEme", "stop_name": "Lakshmi Nagar"}}, {"type": "Feature", "geometry": {"type": "Point", "coordinates": [80.174446, 13.039807]}, "properties": {"stop_id": "TKRrUtKV", "stop_name": "Venkatesawar Nagar"}}, {"type": "Feature", "geometry": {"type": "Point", "coordinates": [79.915764, 12.940104]}, "properties": {"stop_id": "yRzWvBCa", "stop_name": "Mambakkam"}}, {"type": "Feature", "geometry": {"type": "Point", "coordinates": [80.287029, 13.122259]}, "properties": {"stop_id": "CmbQeSBI", "stop_name": "Mani Koondu"}}, {"type": "Feature", "geometry": {"type": "Point", "coordinates": [80.179801, 13.42871]}, "properties": {"stop_id": "JOrMMBVL", "stop_name": "kurivigaram Junction"}}, {"type": "Feature", "geometry": {"type": "Point", "coordinates": [80.139879, 13.128074]}, "properties": {"stop_id": "IfTbUocE", "stop_name": "Saraswathi Nagar CTH Salai"}}, {"type": "Feature", "geometry": {"type": "Point", "coordinates": [80.175086, 13.067057]}, "properties": {"stop_id": "gnmwaIOJ", "stop_name": "Maduravoyal Ration Shop"}}, {"type": "Feature", "geometry": {"type": "Point", "coordinates": [80.255339, 13.136521]}, "properties": {"stop_id": "OeKkfJSz", "stop_name": "Chinnandi Madam"}}, {"type": "Feature", "geometry": {"type": "Point", "coordinates": [80.187763, 12.715504]}, "properties": {"stop_id": "MZocsETE", "stop_name": "Thandalam"}}, {"type": "Feature", "geometry": {"type": "Point", "coordinates": [80.199022, 13.103288]}, "properties": {"stop_id": "LVcdwgEp", "stop_name": "SIDCO Nagar"}}, {"type": "Feature", "geometry": {"type": "Point", "coordinates": [79.958715, 13.132239]}, "properties": {"stop_id": "fAHeYbsJ", "stop_name": "Thozuvur"}}, {"type": "Feature", "geometry": {"type": "Point", "coordinates": [80.058919, 13.186296]}, "properties": {"stop_id": "BdHFoOCD", "stop_name": "Kadhavoor Road Junction"}}, {"type": "Feature", "geometry": {"type": "Point", "coordinates": [80.290158, 13.103023]}, "properties": {"stop_id": "DeduXMzE", "stop_name": "Thambu Chetty Street"}}, {"type": "Feature", "geometry": {"type": "Point", "coordinates": [80.185436, 13.487064]}, "properties": {"stop_id": "gcglUzpd", "stop_name": "Church Chinna Magodu"}}, {"type": "Feature", "geometry": {"type": "Point", "coordinates": [80.289275, 13.116287]}, "properties": {"stop_id": "NPGSYTMw", "stop_name": "Water Tank Or KC Sankaralinga Nadar High School"}}, {"type": "Feature", "geometry": {"type": "Point", "coordinates": [80.260183, 13.278515]}, "properties": {"stop_id": "QQHZGEng", "stop_name": "Minjur Market"}}, {"type": "Feature", "geometry": {"type": "Point", "coordinates": [80.16493, 12.827624]}, "properties": {"stop_id": "pzScocJN", "stop_name": "Mambakkam"}}, {"type": "Feature", "geometry": {"type": "Point", "coordinates": [80.265101, 13.057414]}, "properties": {"stop_id": "FqxCUuHX", "stop_name": "Westly School"}}, {"type": "Feature", "geometry": {"type": "Point", "coordinates": [80.142123, 12.988154]}, "properties": {"stop_id": "jbCYGAcv", "stop_name": "Sivan Kovil Pozhichalur"}}, {"type": "Feature", "geometry": {"type": "Point", "coordinates": [80.155741, 13.077513]}, "properties": {"stop_id": "WjJrQPKY", "stop_name": "Vanagaram Salai Junction"}}, {"type": "Feature", "geometry": {"type": "Point", "coordinates": [79.853388, 12.966992]}, "properties": {"stop_id": "tBftinFM", "stop_name": "Pudupattu"}}, {"type": "Feature", "geometry": {"type": "Point", "coordinates": [80.308537, 13.167076]}, "properties": {"stop_id": "zrJLwXnk", "stop_name": "Masthan Kovil"}}, {"type": "Feature", "geometry": {"type": "Point", "coordinates": [80.25856, 13.166257]}, "properties": {"stop_id": "PqoYMtMO", "stop_name": "Manali Government School"}}, {"type": "Feature", "geometry": {"type": "Point", "coordinates": [80.009267, 13.089335]}, "properties": {"stop_id": "CSwPNDqz", "stop_name": "Puduchatram"}}, {"type": "Feature", "geometry": {"type": "Point", "coordinates": [80.268253, 13.041201]}, "properties": {"stop_id": "yayPNqiY", "stop_name": "Thiruvalluvar Statue"}}, {"type": "Feature", "geometry": {"type": "Point", "coordinates": [80.256072, 12.99691]}, "properties": {"stop_id": "VnwdBPma", "stop_name": "Adyar Depot"}}, {"type": "Feature", "geometry": {"type": "Point", "coordinates": [79.942705, 12.851827]}, "properties": {"stop_id": "zBmTBInm", "stop_name": "Oragadam Road Junction"}}, {"type": "Feature", "geometry": {"type": "Point", "coordinates": [80.255699, 13.179714]}, "properties": {"stop_id": "TUrDxvOa", "stop_name": "Manali Roed Junction"}}, {"type": "Feature", "geometry": {"type": "Point", "coordinates": [80.18883, 13.095014]}, "properties": {"stop_id": "jHHlfIjj", "stop_name": "Kumaran Nagar"}}, {"type": "Feature", "geometry": {"type": "Point", "coordinates": [80.240536, 13.041171]}, "properties": {"stop_id": "kKHgYdYp", "stop_name": "Power House T Nagar"}}, {"type": "Feature", "geometry": {"type": "Point", "coordinates": [80.270131, 13.178224]}, "properties": {"stop_id": "QZgueNIh", "stop_name": "MFL"}}, {"type": "Feature", "geometry": {"type": "Point", "coordinates": [80.083623, 13.092673]}, "properties": {"stop_id": "DyENAaIa", "stop_name": "Ayalchery"}}, {"type": "Feature", "geometry": {"type": "Point", "coordinates": [80.203693, 13.158265]}, "properties": {"stop_id": "BlnSxBAr", "stop_name": "Puzhal Camp"}}, {"type": "Feature", "geometry": {"type": "Point", "coordinates": [80.029139, 12.809045]}, "properties": {"stop_id": "uzgDjeSU", "stop_name": "Kattankulathur"}}, {"type": "Feature", "geometry": {"type": "Point", "coordinates": [80.128988, 12.980044]}, "properties": {"stop_id": "NmRushck", "stop_name": "Anakaputhur Higher Secondary School"}}, {"type": "Feature", "geometry": {"type": "Point", "coordinates": [80.068853, 12.777001]}, "properties": {"stop_id": "YUgtVNSj", "stop_name": "Kalivanthapattu"}}, {"type": "Feature", "geometry": {"type": "Point", "coordinates": [80.201498, 13.038574]}, "properties": {"stop_id": "dEEWjOTq", "stop_name": "Double Tank"}}, {"type": "Feature", "geometry": {"type": "Point", "coordinates": [80.156523, 13.035336]}, "properties": {"stop_id": "FcGSHAFP", "stop_name": "Porur Arcot Road"}}, {"type": "Feature", "geometry": {"type": "Point", "coordinates": [79.364241, 12.925687]}, "properties": {"stop_id": "tYpogBTU", "stop_name": "Wallajapet Bus Stand"}}, {"type": "Feature", "geometry": {"type": "Point", "coordinates": [80.137179, 13.377684]}, "properties": {"stop_id": "FwvYcAgk", "stop_name": "Panapakkam"}}, {"type": "Feature", "geometry": {"type": "Point", "coordinates": [79.980898, 12.716841]}, "properties": {"stop_id": "DeWEzUGk", "stop_name": "Rajakulipettai"}}, {"type": "Feature", "geometry": {"type": "Point", "coordinates": [80.199865, 13.074022]}, "properties": {"stop_id": "RVGhYAxc", "stop_name": "Koyambedu Chathiram"}}, {"type": "Feature", "geometry": {"type": "Point", "coordinates": [79.947468, 13.015841]}, "properties": {"stop_id": "wfDLjSSS", "stop_name": "Sowbakkiya Nagar"}}, {"type": "Feature", "geometry": {"type": "Point", "coordinates": [80.127747, 12.866669]}, "properties": {"stop_id": "qrkdOgPU", "stop_name": "Vengambakkam Bus Stand"}}, {"type": "Feature", "geometry": {"type": "Point", "coordinates": [80.162415, 13.235296]}, "properties": {"stop_id": "PcvuCqyL", "stop_name": "Sholavaram 3"}}, {"type": "Feature", "geometry": {"type": "Point", "coordinates": [80.193978, 12.617352]}, "properties": {"stop_id": "pjLoLNOl", "stop_name": "Mamallapuram"}}, {"type": "Feature", "geometry": {"type": "Point", "coordinates": [80.218103, 13.228269]}, "properties": {"stop_id": "anmiXAus", "stop_name": "Arumandai Road Junction"}}, {"type": "Feature", "geometry": {"type": "Point", "coordinates": [80.241553, 13.040367]}, "properties": {"stop_id": "VuPuNOXM", "stop_name": "Holy Angels School"}}, {"type": "Feature", "geometry": {"type": "Point", "coordinates": [80.265855, 13.122356]}, "properties": {"stop_id": "cMinRgYB", "stop_name": "Mullai Nagar Bus Stand"}}, {"type": "Feature", "geometry": {"type": "Point", "coordinates": [80.042998, 13.30992]}, "properties": {"stop_id": "btFKFkYA", "stop_name": "Periyapalayam Koil"}}, {"type": "Feature", "geometry": {"type": "Point", "coordinates": [80.175333, 13.017054]}, "properties": {"stop_id": "DorRdqSK", "stop_name": "Manapakkam Kamaraj Salai"}}, {"type": "Feature", "geometry": {"type": "Point", "coordinates": [80.167177, 12.906249]}, "properties": {"stop_id": "FHApcaDQ", "stop_name": "Vengaivasal PH Centre"}}, {"type": "Feature", "geometry": {"type": "Point", "coordinates": [80.064747, 12.948742]}, "properties": {"stop_id": "NNAcmEYB", "stop_name": "Ettiamman Kovil"}}, {"type": "Feature", "geometry": {"type": "Point", "coordinates": [80.005124, 13.217085]}, "properties": {"stop_id": "pGtbhfkH", "stop_name": "Velliyur School"}}, {"type": "Feature", "geometry": {"type": "Point", "coordinates": [80.197104, 13.062941]}, "properties": {"stop_id": "RufmISTr", "stop_name": "Chinmaya Nagar"}}, {"type": "Feature", "geometry": {"type": "Point", "coordinates": [80.241954, 12.859783]}, "properties": {"stop_id": "fXFJjsZH", "stop_name": "Uthandi Toll Gate or Ragash College"}}, {"type": "Feature", "geometry": {"type": "Point", "coordinates": [80.131315, 13.107236]}, "properties": {"stop_id": "mZrMXUGc", "stop_name": "Ganesh Bhavan"}}, {"type": "Feature", "geometry": {"type": "Point", "coordinates": [80.241769, 13.150374]}, "properties": {"stop_id": "ZCsEtuOb", "stop_name": "Madhavaram Milk Colony Main Gate"}}, {"type": "Feature", "geometry": {"type": "Point", "coordinates": [79.996973, 12.875351]}, "properties": {"stop_id": "honleovC", "stop_name": "Vanchuvancheri"}}, {"type": "Feature", "geometry": {"type": "Point", "coordinates": [80.16165, 12.898638]}, "properties": {"stop_id": "xjlhzjUh", "stop_name": "Madambakkam Koil"}}, {"type": "Feature", "geometry": {"type": "Point", "coordinates": [80.283452, 13.404208]}, "properties": {"stop_id": "foRSymXv", "stop_name": "Pollachi Amman Kulam"}}, {"type": "Feature", "geometry": {"type": "Point", "coordinates": [80.216838, 13.010849]}, "properties": {"stop_id": "izhcStbR", "stop_name": "MGR Medical University"}}, {"type": "Feature", "geometry": {"type": "Point", "coordinates": [79.989625, 13.142207]}, "properties": {"stop_id": "JzVUaFrl", "stop_name": "Sri Chelliamman Temple"}}, {"type": "Feature", "geometry": {"type": "Point", "coordinates": [80.241781, 12.951647]}, "properties": {"stop_id": "EXTmTMKf", "stop_name": "Seevaram"}}, {"type": "Feature", "geometry": {"type": "Point", "coordinates": [80.155162, 13.261879]}, "properties": {"stop_id": "NJLhSMnp", "stop_name": "Janapanchatram Koot Road Junction"}}, {"type": "Feature", "geometry": {"type": "Point", "coordinates": [80.077477, 12.822591]}, "properties": {"stop_id": "RaPTCLQp", "stop_name": "Perumanttunallur"}}, {"type": "Feature", "geometry": {"type": "Point", "coordinates": [80.267354, 13.109085]}, "properties": {"stop_id": "AKdDiXyV", "stop_name": "Ramalingapuram"}}, {"type": "Feature", "geometry": {"type": "Point", "coordinates": [80.103142, 13.120193]}, "properties": {"stop_id": "PNniCxAw", "stop_name": "Avadi HVF Road"}}, {"type": "Feature", "geometry": {"type": "Point", "coordinates": [80.230894, 13.148064]}, "properties": {"stop_id": "WblAIghg", "stop_name": "Madhavaram PUO"}}, {"type": "Feature", "geometry": {"type": "Point", "coordinates": [80.016691, 13.309746]}, "properties": {"stop_id": "iZvOtZpy", "stop_name": "Thumbakkam"}}, {"type": "Feature", "geometry": {"type": "Point", "coordinates": [80.129582, 13.165405]}, "properties": {"stop_id": "QdPMJYQQ", "stop_name": "Chinnakadaigai"}}, {"type": "Feature", "geometry": {"type": "Point", "coordinates": [80.191721, 12.996966]}, "properties": {"stop_id": "nEHOxUTI", "stop_name": "Alandur Depot"}}, {"type": "Feature", "geometry": {"type": "Point", "coordinates": [80.111084, 13.031817]}, "properties": {"stop_id": "xMTNzVPt", "stop_name": "Mangadu"}}, {"type": "Feature", "geometry": {"type": "Point", "coordinates": [80.260633, 13.123022]}, "properties": {"stop_id": "LRmPOeoe", "stop_name": "MKB Nagar East"}}, {"type": "Feature", "geometry": {"type": "Point", "coordinates": [80.188442, 12.982999]}, "properties": {"stop_id": "BCaYhIgf", "stop_name": "Chidambaram Store"}}, {"type": "Feature", "geometry": {"type": "Point", "coordinates": [80.113802, 13.081209]}, "properties": {"stop_id": "UNbrDjxM", "stop_name": "Sundaracholapuram"}}, {"type": "Feature", "geometry": {"type": "Point", "coordinates": [79.995444, 13.018545]}, "properties": {"stop_id": "CSBDiLzN", "stop_name": "Mevalurkuppam Junction"}}, {"type": "Feature", "geometry": {"type": "Point", "coordinates": [80.192831, 12.878559]}, "properties": {"stop_id": "kWrGTFqC", "stop_name": "Arasankazhani"}}, {"type": "Feature", "geometry": {"type": "Point", "coordinates": [80.284353, 13.11736]}, "properties": {"stop_id": "gVtshwcF", "stop_name": "Theagaraya College"}}, {"type": "Feature", "geometry": {"type": "Point", "coordinates": [80.142537, 13.019196]}, "properties": {"stop_id": "KCvWJpxq", "stop_name": "Moulivakkam L and T"}}, {"type": "Feature", "geometry": {"type": "Point", "coordinates": [80.26576, 13.0266]}, "properties": {"stop_id": "YmDpkIHQ", "stop_name": "Mandaveli Bus Terminus"}}, {"type": "Feature", "geometry": {"type": "Point", "coordinates": [80.242748, 13.023021]}, "properties": {"stop_id": "ezbmnBKa", "stop_name": "Kotturpuram"}}, {"type": "Feature", "geometry": {"type": "Point", "coordinates": [80.185413, 13.113673]}, "properties": {"stop_id": "gheqVjAb", "stop_name": "North Railwa Station Road"}}, {"type": "Feature", "geometry": {"type": "Point", "coordinates": [80.00281, 12.930065]}, "properties": {"stop_id": "PorTAzNX", "stop_name": "Malai Pattu"}}, {"type": "Feature", "geometry": {"type": "Point", "coordinates": [80.319154, 13.203424]}, "properties": {"stop_id": "XNHVHmHa", "stop_name": "EPTS Quarters Or Kathivakkam"}}, {"type": "Feature", "geometry": {"type": "Point", "coordinates": [80.137795, 13.020541]}, "properties": {"stop_id": "CwLKTicL", "stop_name": "Mowlishwarar Temple"}}, {"type": "Feature", "geometry": {"type": "Point", "coordinates": [79.306785, 12.828862]}, "properties": {"stop_id": "EtVMSKdU", "stop_name": "Thimiri"}}, {"type": "Feature", "geometry": {"type": "Point", "coordinates": [80.186202, 13.103146]}, "properties": {"stop_id": "DewKhksr", "stop_name": "UCO Bank"}}, {"type": "Feature", "geometry": {"type": "Point", "coordinates": [80.06876, 12.908808]}, "properties": {"stop_id": "NkYJOxxA", "stop_name": "Varadarajapuram"}}, {"type": "Feature", "geometry": {"type": "Point", "coordinates": [80.03728, 13.154983]}, "properties": {"stop_id": "NxijJQZJ", "stop_name": "Pakkam Junction"}}, {"type": "Feature", "geometry": {"type": "Point", "coordinates": [80.206211, 13.094696]}, "properties": {"stop_id": "YuDiQHGe", "stop_name": "Vasantham Colony"}}, {"type": "Feature", "geometry": {"type": "Point", "coordinates": [80.185355, 12.948999]}, "properties": {"stop_id": "WavUqaXE", "stop_name": "Eachangadu Junction"}}, {"type": "Feature", "geometry": {"type": "Point", "coordinates": [80.095165, 12.969071]}, "properties": {"stop_id": "fbatEtfg", "stop_name": "Sidco Kunrathur"}}, {"type": "Feature", "geometry": {"type": "Point", "coordinates": [80.313551, 13.192496]}, "properties": {"stop_id": "isMwZYXy", "stop_name": "Icici Bank Ennore"}}, {"type": "Feature", "geometry": {"type": "Point", "coordinates": [80.240346, 12.827476]}, "properties": {"stop_id": "jOvjucEC", "stop_name": "Mary World or MGM"}}, {"type": "Feature", "geometry": {"type": "Point", "coordinates": [80.094869, 13.051776]}, "properties": {"stop_id": "qflzswAf", "stop_name": "Poonamallee Terminus"}}, {"type": "Feature", "geometry": {"type": "Point", "coordinates": [80.270476, 13.067232]}, "properties": {"stop_id": "LbKosGpD", "stop_name": "Shanthi Theatre"}}, {"type": "Feature", "geometry": {"type": "Point", "coordinates": [80.061711, 12.693074]}, "properties": {"stop_id": "mSlRsDTZ", "stop_name": "Thandarai Or Perunthandalam"}}, {"type": "Feature", "geometry": {"type": "Point", "coordinates": [80.263627, 13.078382]}, "properties": {"stop_id": "MnIYxXyj", "stop_name": "Egmore M M D A"}}, {"type": "Feature", "geometry": {"type": "Point", "coordinates": [80.086723, 12.846341]}, "properties": {"stop_id": "oMurZdLt", "stop_name": "Kattur Alamaram"}}, {"type": "Feature", "geometry": {"type": "Point", "coordinates": [80.206653, 13.024289]}, "properties": {"stop_id": "JKFFGKvY", "stop_name": "Kalaimagal Nagar"}}, {"type": "Feature", "geometry": {"type": "Point", "coordinates": [80.05768, 13.213727]}, "properties": {"stop_id": "vHRzQkLM", "stop_name": "Koduvally"}}, {"type": "Feature", "geometry": {"type": "Point", "coordinates": [80.311683, 13.184911]}, "properties": {"stop_id": "vCGIyJLJ", "stop_name": "Lift Gate Police Station"}}, {"type": "Feature", "geometry": {"type": "Point", "coordinates": [80.117036, 12.989665]}, "properties": {"stop_id": "zAqZkkQx", "stop_name": "Karima Nagar Company"}}, {"type": "Feature", "geometry": {"type": "Point", "coordinates": [79.91616, 13.015239]}, "properties": {"stop_id": "crCLDvLL", "stop_name": "Namashivayapuram"}}, {"type": "Feature", "geometry": {"type": "Point", "coordinates": [80.258842, 13.007148]}, "properties": {"stop_id": "DYvQviUy", "stop_name": "Adyar Signal"}}, {"type": "Feature", "geometry": {"type": "Point", "coordinates": [80.16415, 12.935749]}, "properties": {"stop_id": "afEeEQRA", "stop_name": "Aradhana Supermarket"}}, {"type": "Feature", "geometry": {"type": "Point", "coordinates": [80.265367, 13.060479]}, "properties": {"stop_id": "iLaGOhZk", "stop_name": "Express Avenue"}}, {"type": "Feature", "geometry": {"type": "Point", "coordinates": [80.135795, 13.03798]}, "properties": {"stop_id": "taPJzyhF", "stop_name": "Iyyappanthangal Bus Depot"}}, {"type": "Feature", "geometry": {"type": "Point", "coordinates": [80.180259, 13.315746]}, "properties": {"stop_id": "FQOgjaka", "stop_name": "Krishnapuram Or Devi College"}}, {"type": "Feature", "geometry": {"type": "Point", "coordinates": [80.200463, 13.069511]}, "properties": {"stop_id": "zijvldJJ", "stop_name": "Koyambedu Market Or Police Station"}}, {"type": "Feature", "geometry": {"type": "Point", "coordinates": [79.934988, 12.995262]}, "properties": {"stop_id": "YRiTgQXe", "stop_name": "Thodukadu"}}, {"type": "Feature", "geometry": {"type": "Point", "coordinates": [80.317189, 13.202773]}, "properties": {"stop_id": "vGqwislq", "stop_name": "Ernavoor Kuppam"}}, {"type": "Feature", "geometry": {"type": "Point", "coordinates": [80.270174, 13.401325]}, "properties": {"stop_id": "FHCcBeVW", "stop_name": "Palayambakkam"}}, {"type": "Feature", "geometry": {"type": "Point", "coordinates": [80.224665, 13.019707]}, "properties": {"stop_id": "udTxdaUq", "stop_name": "Saidapet Bridge"}}, {"type": "Feature", "geometry": {"type": "Point", "coordinates": [80.196197, 12.910886]}, "properties": {"stop_id": "kVCEAUTv", "stop_name": "Pallavan Nagar"}}, {"type": "Feature", "geometry": {"type": "Point", "coordinates": [80.014374, 13.251886]}, "properties": {"stop_id": "UfaDzlyU", "stop_name": "Vengal Bazar"}}, {"type": "Feature", "geometry": {"type": "Point", "coordinates": [79.966492, 13.14565]}, "properties": {"stop_id": "NwMeBpFQ", "stop_name": "Kilambakkam Junction"}}, {"type": "Feature", "geometry": {"type": "Point", "coordinates": [80.218466, 12.979569]}, "properties": {"stop_id": "wdHHIViJ", "stop_name": "Mageshwari Nagar"}}, {"type": "Feature", "geometry": {"type": "Point", "coordinates": [80.134809, 13.034953]}, "properties": {"stop_id": "cnbFkwhH", "stop_name": "Selvarani Thirumana Mandapam"}}, {"type": "Feature", "geometry": {"type": "Point", "coordinates": [79.93645, 12.983887]}, "properties": {"stop_id": "OgfqNfUY", "stop_name": "Kiloy Junction Road"}}, {"type": "Feature", "geometry": {"type": "Point", "coordinates": [80.276482, 13.204728]}, "properties": {"stop_id": "zLDXwGdB", "stop_name": "Maavu Mill"}}, {"type": "Feature", "geometry": {"type": "Point", "coordinates": [80.18238, 13.07082]}, "properties": {"stop_id": "lTvueOix", "stop_name": "Nerkundram Signal"}}, {"type": "Feature", "geometry": {"type": "Point", "coordinates": [80.205266, 13.04099]}, "properties": {"stop_id": "cHhWsWUg", "stop_name": "Sivan Park"}}, {"type": "Feature", "geometry": {"type": "Point", "coordinates": [80.170936, 13.116976]}, "properties": {"stop_id": "uSOMnpdQ", "stop_name": "Karukku"}}, {"type": "Feature", "geometry": {"type": "Point", "coordinates": [80.137889, 13.020435]}, "properties": {"stop_id": "yQTYDvhm", "stop_name": "Mowlishwarar Temple"}}, {"type": "Feature", "geometry": {"type": "Point", "coordinates": [80.267352, 13.109059]}, "properties": {"stop_id": "awOEKaEj", "stop_name": "Ramalingapuram Toll"}}, {"type": "Feature", "geometry": {"type": "Point", "coordinates": [80.166479, 13.237309]}, "properties": {"stop_id": "mhDCqtpx", "stop_name": "Karumari Amman Koil"}}, {"type": "Feature", "geometry": {"type": "Point", "coordinates": [80.090191, 13.029005]}, "properties": {"stop_id": "cXqKNsgk", "stop_name": "Malayambakkam Stalin Nagar"}}, {"type": "Feature", "geometry": {"type": "Point", "coordinates": [80.116189, 13.071515]}, "properties": {"stop_id": "YQrIOijs", "stop_name": "Sivan Kovil"}}, {"type": "Feature", "geometry": {"type": "Point", "coordinates": [80.140962, 12.890896]}, "properties": {"stop_id": "WywmvGMH", "stop_name": "Meppadu Hospital"}}, {"type": "Feature", "geometry": {"type": "Point", "coordinates": [80.220762, 13.012293]}, "properties": {"stop_id": "WOOyqinT", "stop_name": "Chellammal College"}}, {"type": "Feature", "geometry": {"type": "Point", "coordinates": [80.284448, 13.085267]}, "properties": {"stop_id": "KqLiJxJl", "stop_name": "High Court"}}, {"type": "Feature", "geometry": {"type": "Point", "coordinates": [80.180806, 13.078536]}, "properties": {"stop_id": "OQuuHQtW", "stop_name": "Church Road"}}, {"type": "Feature", "geometry": {"type": "Point", "coordinates": [80.195612, 13.010829]}, "properties": {"stop_id": "uXKxCjNA", "stop_name": "Military Quarters"}}, {"type": "Feature", "geometry": {"type": "Point", "coordinates": [80.118944, 13.237108]}, "properties": {"stop_id": "qhfHNtOQ", "stop_name": "New Erumai Vetti Palayam"}}, {"type": "Feature", "geometry": {"type": "Point", "coordinates": [80.203626, 12.821303]}, "properties": {"stop_id": "BdMcIGqZ", "stop_name": "Tiruchariy Pudupakkam"}}, {"type": "Feature", "geometry": {"type": "Point", "coordinates": [80.276596, 13.119307]}, "properties": {"stop_id": "QeZkdZgA", "stop_name": "Korukkupet"}}, {"type": "Feature", "geometry": {"type": "Point", "coordinates": [80.249186, 13.126288]}, "properties": {"stop_id": "yjunmuoE", "stop_name": "Pavithra Hospital"}}, {"type": "Feature", "geometry": {"type": "Point", "coordinates": [80.061646, 13.385798]}, "properties": {"stop_id": "goEFDDka", "stop_name": "Suravarikandigai"}}, {"type": "Feature", "geometry": {"type": "Point", "coordinates": [80.099722, 13.003495]}, "properties": {"stop_id": "EhUxMFuQ", "stop_name": "Kundrathur Nalu Road Or Kolachery Junction"}}, {"type": "Feature", "geometry": {"type": "Point", "coordinates": [80.147553, 12.969603]}, "properties": {"stop_id": "jVOVHrFU", "stop_name": "Pallavaram  Market"}}, {"type": "Feature", "geometry": {"type": "Point", "coordinates": [80.20415, 13.054402]}, "properties": {"stop_id": "FFlVogkV", "stop_name": "Saligramam"}}, {"type": "Feature", "geometry": {"type": "Point", "coordinates": [80.233653, 13.082293]}, "properties": {"stop_id": "mZseJHmU", "stop_name": "Kilpauk Garden"}}, {"type": "Feature", "geometry": {"type": "Point", "coordinates": [80.154577, 13.047201]}, "properties": {"stop_id": "zTnuBSzA", "stop_name": "Ambedkar Statu Mettukuppam"}}, {"type": "Feature", "geometry": {"type": "Point", "coordinates": [80.122272, 13.430293]}, "properties": {"stop_id": "csuoPXTA", "stop_name": "IRT"}}, {"type": "Feature", "geometry": {"type": "Point", "coordinates": [80.043766, 13.125103]}, "properties": {"stop_id": "qTvRhwtK", "stop_name": "Jaya College"}}, {"type": "Feature", "geometry": {"type": "Point", "coordinates": [79.936283, 12.984014]}, "properties": {"stop_id": "OIitzYwb", "stop_name": "Kiloy Junction Road"}}, {"type": "Feature", "geometry": {"type": "Point", "coordinates": [80.095997, 13.119614]}, "properties": {"stop_id": "WyfCQhSW", "stop_name": "Avadi Check Post"}}, {"type": "Feature", "geometry": {"type": "Point", "coordinates": [80.205109, 12.814765]}, "properties": {"stop_id": "omUHRQFc", "stop_name": "Amman Thottam"}}, {"type": "Feature", "geometry": {"type": "Point", "coordinates": [80.192565, 12.986441]}, "properties": {"stop_id": "CwNQJSvp", "stop_name": "Anjaneyar Temple"}}, {"type": "Feature", "geometry": {"type": "Point", "coordinates": [80.25478, 13.120393]}, "properties": {"stop_id": "ArHpJhVJ", "stop_name": "Sharma Nagar"}}, {"type": "Feature", "geometry": {"type": "Point", "coordinates": [80.124697, 12.933371]}, "properties": {"stop_id": "CKorGRkE", "stop_name": "Kadaperi"}}, {"type": "Feature", "geometry": {"type": "Point", "coordinates": [80.254352, 13.097605]}, "properties": {"stop_id": "GigUVtty", "stop_name": "Dasa Mahan"}}, {"type": "Feature", "geometry": {"type": "Point", "coordinates": [80.207376, 12.998335]}, "properties": {"stop_id": "aFxztqGh", "stop_name": "NGO Colony"}}, {"type": "Feature", "geometry": {"type": "Point", "coordinates": [80.04882, 13.298776]}, "properties": {"stop_id": "cyLrdsLq", "stop_name": "Avadi Road Junction"}}, {"type": "Feature", "geometry": {"type": "Point", "coordinates": [80.264357, 13.054446]}, "properties": {"stop_id": "tSUFrefk", "stop_name": "Royapettah Hospital"}}, {"type": "Feature", "geometry": {"type": "Point", "coordinates": [80.248066, 13.097234]}, "properties": {"stop_id": "aYvzRwqU", "stop_name": "Podi Kadai"}}, {"type": "Feature", "geometry": {"type": "Point", "coordinates": [80.250687, 13.087363]}, "properties": {"stop_id": "REvIjxsO", "stop_name": "Megala Theatre"}}, {"type": "Feature", "geometry": {"type": "Point", "coordinates": [80.204812, 13.144095]}, "properties": {"stop_id": "fdiMUjeA", "stop_name": "Thirumal Srinivas Nagar or Balaji Nagar"}}, {"type": "Feature", "geometry": {"type": "Point", "coordinates": [80.254602, 13.179844]}, "properties": {"stop_id": "DULwephN", "stop_name": "Manali Roed Junction"}}, {"type": "Feature", "geometry": {"type": "Point", "coordinates": [79.945265, 13.132871]}, "properties": {"stop_id": "JKUDRqIp", "stop_name": "Thanneer Kulam Ramapuram"}}, {"type": "Feature", "geometry": {"type": "Point", "coordinates": [80.078159, 13.381102]}, "properties": {"stop_id": "lPyqbuiQ", "stop_name": "Iyerkandigai"}}, {"type": "Feature", "geometry": {"type": "Point", "coordinates": [80.088856, 12.939143]}, "properties": {"stop_id": "saptMzFY", "stop_name": "Samathuva Periyar Nagar"}}, {"type": "Feature", "geometry": {"type": "Point", "coordinates": [80.05785, 13.393298]}, "properties": {"stop_id": "aviECmtd", "stop_name": "Guruvarajakandigai"}}, {"type": "Feature", "geometry": {"type": "Point", "coordinates": [80.268602, 13.053413]}, "properties": {"stop_id": "wdBsZaVr", "stop_name": "Meersahibpet Market"}}, {"type": "Feature", "geometry": {"type": "Point", "coordinates": [80.2244, 13.019674]}, "properties": {"stop_id": "QgKtWMoe", "stop_name": "Saidapet Bridge"}}, {"type": "Feature", "geometry": {"type": "Point", "coordinates": [80.252632, 13.112265]}, "properties": {"stop_id": "IwMXsDOu", "stop_name": "Sree Venkatesa Perumal Koil BB Road"}}, {"type": "Feature", "geometry": {"type": "Point", "coordinates": [80.293277, 13.11857]}, "properties": {"stop_id": "puGbqykF", "stop_name": "Kalaimagal Vidyalaya Or ESSO"}}, {"type": "Feature", "geometry": {"type": "Point", "coordinates": [80.297142, 13.134418]}, "properties": {"stop_id": "DKPrUpnj", "stop_name": "N4 Police Station"}}, {"type": "Feature", "geometry": {"type": "Point", "coordinates": [80.19405, 13.142316]}, "properties": {"stop_id": "WuSgkufa", "stop_name": "Puthagaram"}}, {"type": "Feature", "geometry": {"type": "Point", "coordinates": [79.909701, 13.074568]}, "properties": {"stop_id": "XfmqgVlB", "stop_name": "Athikulam"}}, {"type": "Feature", "geometry": {"type": "Point", "coordinates": [80.15666, 13.095009]}, "properties": {"stop_id": "jnDaJYzf", "stop_name": "Krishna Temple"}}, {"type": "Feature", "geometry": {"type": "Point", "coordinates": [80.182827, 12.979743]}, "properties": {"stop_id": "GVbuUhiB", "stop_name": "Vetrivel Theatre"}}, {"type": "Feature", "geometry": {"type": "Point", "coordinates": [80.191734, 13.031358]}, "properties": {"stop_id": "qaJzTzwj", "stop_name": "Sullaipallam"}}, {"type": "Feature", "geometry": {"type": "Point", "coordinates": [80.151768, 12.922674]}, "properties": {"stop_id": "JpcivbxC", "stop_name": "Rajakilpakkam"}}, {"type": "Feature", "geometry": {"type": "Point", "coordinates": [80.260258, 13.10808]}, "properties": {"stop_id": "XXPGaRGh", "stop_name": "Kannigapuram"}}, {"type": "Feature", "geometry": {"type": "Point", "coordinates": [80.037186, 13.125689]}, "properties": {"stop_id": "rMamJjcH", "stop_name": "Pandi Rice Mill"}}, {"type": "Feature", "geometry": {"type": "Point", "coordinates": [80.152237, 13.106194]}, "properties": {"stop_id": "fGmFhgnx", "stop_name": "Dunlop"}}, {"type": "Feature", "geometry": {"type": "Point", "coordinates": [80.008346, 13.41541]}, "properties": {"stop_id": "OZlUZuJc", "stop_name": "Amarambedu"}}, {"type": "Feature", "geometry": {"type": "Point", "coordinates": [80.258754, 13.041622]}, "properties": {"stop_id": "tkQUdzPW", "stop_name": "Narada Gana Sabha"}}, {"type": "Feature", "geometry": {"type": "Point", "coordinates": [80.252926, 13.105174]}, "properties": {"stop_id": "RkIYOvZu", "stop_name": "Mettupalayam Pearmbur"}}, {"type": "Feature", "geometry": {"type": "Point", "coordinates": [80.146802, 13.000802]}, "properties": {"stop_id": "JGXXNLkS", "stop_name": "Christian Missionaray"}}, {"type": "Feature", "geometry": {"type": "Point", "coordinates": [80.133409, 12.922781]}, "properties": {"stop_id": "tcYerYbk", "stop_name": "Aathi Nagar"}}, {"type": "Feature", "geometry": {"type": "Point", "coordinates": [80.134464, 13.467477]}, "properties": {"stop_id": "Kssiavoh", "stop_name": "Mullai Voyal Medu"}}, {"type": "Feature", "geometry": {"type": "Point", "coordinates": [80.100729, 13.273866]}, "properties": {"stop_id": "oWUXSqrA", "stop_name": "Kannigaipair Church"}}, {"type": "Feature", "geometry": {"type": "Point", "coordinates": [80.28019, 13.105479]}, "properties": {"stop_id": "wihERHzN", "stop_name": "Mint Bus Terminal Or Vallalar Nagar"}}, {"type": "Feature", "geometry": {"type": "Point", "coordinates": [80.304729, 13.156218]}, "properties": {"stop_id": "uPlQduWZ", "stop_name": "Fire Station"}}, {"type": "Feature", "geometry": {"type": "Point", "coordinates": [80.207278, 12.96518]}, "properties": {"stop_id": "kNXaohyL", "stop_name": "Raam Nagar"}}, {"type": "Feature", "geometry": {"type": "Point", "coordinates": [80.28767, 13.104115]}, "properties": {"stop_id": "GXHjZCTL", "stop_name": "Bharathi Arts College"}}, {"type": "Feature", "geometry": {"type": "Point", "coordinates": [80.134217, 13.030449]}, "properties": {"stop_id": "ZOdTENQq", "stop_name": "Dr B R Ambedkar Statue"}}, {"type": "Feature", "geometry": {"type": "Point", "coordinates": [80.268927, 13.067733]}, "properties": {"stop_id": "lctVuVOk", "stop_name": "Shanthi Theatre"}}, {"type": "Feature", "geometry": {"type": "Point", "coordinates": [80.2597, 13.109707]}, "properties": {"stop_id": "jKjAXpVP", "stop_name": "Ganeshapuram"}}, {"type": "Feature", "geometry": {"type": "Point", "coordinates": [80.164771, 13.229639]}, "properties": {"stop_id": "RpAFtJSl", "stop_name": "Sengalamman Koil Or Sholavaram 4"}}, {"type": "Feature", "geometry": {"type": "Point", "coordinates": [80.221385, 12.785718]}, "properties": {"stop_id": "qKwvXMmm", "stop_name": "Kelambakkam School"}}, {"type": "Feature", "geometry": {"type": "Point", "coordinates": [80.06145, 13.054472]}, "properties": {"stop_id": "SPorkGXj", "stop_name": "Thirumazhisai Koil"}}, {"type": "Feature", "geometry": {"type": "Point", "coordinates": [80.090909, 12.966458]}, "properties": {"stop_id": "PpqbXLrX", "stop_name": "Outer Ring Road"}}, {"type": "Feature", "geometry": {"type": "Point", "coordinates": [79.882658, 12.510388]}, "properties": {"stop_id": "lPZtleot", "stop_name": "Maduranthagam Bypass"}}, {"type": "Feature", "geometry": {"type": "Point", "coordinates": [80.28574, 13.091069]}, "properties": {"stop_id": "nprusgCY", "stop_name": "Lone Square"}}, {"type": "Feature", "geometry": {"type": "Point", "coordinates": [80.274568, 13.04669]}, "properties": {"stop_id": "VORIvtHn", "stop_name": "Meccapuram"}}, {"type": "Feature", "geometry": {"type": "Point", "coordinates": [80.238021, 13.168132]}, "properties": {"stop_id": "CGFcscTW", "stop_name": "Kalyani Mahal"}}, {"type": "Feature", "geometry": {"type": "Point", "coordinates": [80.057899, 13.10022]}, "properties": {"stop_id": "zjOknQHK", "stop_name": "Amudurmedu"}}, {"type": "Feature", "geometry": {"type": "Point", "coordinates": [80.053209, 12.917287]}, "properties": {"stop_id": "xqPbgbrZ", "stop_name": "TMG College Manimangalam"}}, {"type": "Feature", "geometry": {"type": "Point", "coordinates": [80.096178, 12.906468]}, "properties": {"stop_id": "qPtpgxic", "stop_name": "Perungalattur"}}, {"type": "Feature", "geometry": {"type": "Point", "coordinates": [80.092722, 12.921565]}, "properties": {"stop_id": "ZUUFaTkv", "stop_name": "Barathi Nagar"}}, {"type": "Feature", "geometry": {"type": "Point", "coordinates": [80.273283, 13.304053]}, "properties": {"stop_id": "QjcDKOzv", "stop_name": "Neidavoyal Government School"}}, {"type": "Feature", "geometry": {"type": "Point", "coordinates": [80.096367, 13.117215]}, "properties": {"stop_id": "waZdIIZY", "stop_name": "Ramarathna Theatre"}}, {"type": "Feature", "geometry": {"type": "Point", "coordinates": [79.93305, 13.134078]}, "properties": {"stop_id": "mxJvcQxS", "stop_name": "Kakkalur Industrial Estate"}}, {"type": "Feature", "geometry": {"type": "Point", "coordinates": [79.958783, 12.976153]}, "properties": {"stop_id": "yscklMzl", "stop_name": "Beeman Thanhal"}}, {"type": "Feature", "geometry": {"type": "Point", "coordinates": [80.188022, 12.724893]}, "properties": {"stop_id": "ZJxogzZw", "stop_name": "Kandhaswami Temple Tank Thiruporur"}}, {"type": "Feature", "geometry": {"type": "Point", "coordinates": [80.163601, 13.11623]}, "properties": {"stop_id": "kSdFeEek", "stop_name": "Gnanamoorthy Nagar"}}, {"type": "Feature", "geometry": {"type": "Point", "coordinates": [80.180256, 13.080462]}, "properties": {"stop_id": "yDdeWpqj", "stop_name": "Apostolic Faith Church"}}, {"type": "Feature", "geometry": {"type": "Point", "coordinates": [80.091818, 13.007692]}, "properties": {"stop_id": "BaMKWhPW", "stop_name": "Kundrathur Lake View Road"}}, {"type": "Feature", "geometry": {"type": "Point", "coordinates": [80.259305, 13.07186]}, "properties": {"stop_id": "DjKGsdyb", "stop_name": "Egmore Womens Hospital"}}, {"type": "Feature", "geometry": {"type": "Point", "coordinates": [80.268296, 13.098139]}, "properties": {"stop_id": "Qsigtmbx", "stop_name": "Power House Basin Bridge"}}, {"type": "Feature", "geometry": {"type": "Point", "coordinates": [80.265948, 13.070162]}, "properties": {"stop_id": "QnkNgkDL", "stop_name": "Pudupet"}}, {"type": "Feature", "geometry": {"type": "Point", "coordinates": [80.17245, 13.20893]}, "properties": {"stop_id": "oaiHprKy", "stop_name": "Padianallur Check Post Or Vijaya Nallur"}}, {"type": "Feature", "geometry": {"type": "Point", "coordinates": [80.297325, 13.134496]}, "properties": {"stop_id": "OxhtFIfA", "stop_name": "N4 Police Station"}}, {"type": "Feature", "geometry": {"type": "Point", "coordinates": [80.182218, 12.897671]}, "properties": {"stop_id": "ZHWKFCEn", "stop_name": "Chitlapakkam Koot Road"}}, {"type": "Feature", "geometry": {"type": "Point", "coordinates": [80.259864, 13.02711]}, "properties": {"stop_id": "nObXmJzU", "stop_name": "Mandaveli Railway Station"}}, {"type": "Feature", "geometry": {"type": "Point", "coordinates": [80.180806, 13.140628]}, "properties": {"stop_id": "kFSxtGUW", "stop_name": "Shanmugapuram"}}, {"type": "Feature", "geometry": {"type": "Point", "coordinates": [80.210862, 13.102006]}, "properties": {"stop_id": "IjwLXBRx", "stop_name": "Kallukkadai"}}, {"type": "Feature", "geometry": {"type": "Point", "coordinates": [79.831512, 12.4295]}, "properties": {"stop_id": "wVKhsyCZ", "stop_name": "Melmaruvathur"}}, {"type": "Feature", "geometry": {"type": "Point", "coordinates": [80.103393, 13.334659]}, "properties": {"stop_id": "EnXcRLvh", "stop_name": "Chinnambedu Lake"}}, {"type": "Feature", "geometry": {"type": "Point", "coordinates": [80.056987, 12.980933]}, "properties": {"stop_id": "YvLuczKe", "stop_name": "Nandambakkam.Kalaignar Nagar"}}, {"type": "Feature", "geometry": {"type": "Point", "coordinates": [80.100763, 13.273801]}, "properties": {"stop_id": "YcVwXeam", "stop_name": "Kannigaipair Church"}}, {"type": "Feature", "geometry": {"type": "Point", "coordinates": [80.264158, 13.039844]}, "properties": {"stop_id": "HUkyeYlq", "stop_name": "Vivekananda College"}}, {"type": "Feature", "geometry": {"type": "Point", "coordinates": [80.147929, 13.008921]}, "properties": {"stop_id": "ujKjPJkx", "stop_name": "Govinda Reddy Street"}}, {"type": "Feature", "geometry": {"type": "Point", "coordinates": [80.160938, 13.196612]}, "properties": {"stop_id": "lyEmHaNr", "stop_name": "Gandhi Nagar West"}}, {"type": "Feature", "geometry": {"type": "Point", "coordinates": [80.035709, 13.405545]}, "properties": {"stop_id": "tVSOiuPz", "stop_name": "Poovalambedu"}}, {"type": "Feature", "geometry": {"type": "Point", "coordinates": [80.151832, 13.08233]}, "properties": {"stop_id": "uxYyJnud", "stop_name": "Velammal VIidyala Ayanambakkam"}}, {"type": "Feature", "geometry": {"type": "Point", "coordinates": [80.135538, 13.171923]}, "properties": {"stop_id": "ttCfyKrF", "stop_name": "Amarithapuram"}}, {"type": "Feature", "geometry": {"type": "Point", "coordinates": [80.163895, 13.042901]}, "properties": {"stop_id": "VWoPhHkb", "stop_name": "Alapakkam"}}, {"type": "Feature", "geometry": {"type": "Point", "coordinates": [80.096888, 13.333592]}, "properties": {"stop_id": "snhIMWCK", "stop_name": "Palavakkam"}}, {"type": "Feature", "geometry": {"type": "Point", "coordinates": [80.133003, 13.395937]}, "properties": {"stop_id": "DBpmioGn", "stop_name": "Ayanallur"}}, {"type": "Feature", "geometry": {"type": "Point", "coordinates": [80.123098, 13.088389]}, "properties": {"stop_id": "CZBrBkrq", "stop_name": "Konimedu Road Junction"}}, {"type": "Feature", "geometry": {"type": "Point", "coordinates": [80.264144, 13.054359]}, "properties": {"stop_id": "eYoPTdNP", "stop_name": "Royapettah Hospital"}}, {"type": "Feature", "geometry": {"type": "Point", "coordinates": [80.124064, 12.933095]}, "properties": {"stop_id": "zjKsBdNQ", "stop_name": "Kadaperi"}}, {"type": "Feature", "geometry": {"type": "Point", "coordinates": [80.236626, 13.028854]}, "properties": {"stop_id": "zjSAMvDn", "stop_name": "Nandanam YMCA"}}, {"type": "Feature", "geometry": {"type": "Point", "coordinates": [80.148661, 12.874587]}, "properties": {"stop_id": "saVSzyYs", "stop_name": "V G K Green City"}}, {"type": "Feature", "geometry": {"type": "Point", "coordinates": [80.26845, 13.098071]}, "properties": {"stop_id": "BYOnvRTX", "stop_name": "Power House Basin Bridge"}}, {"type": "Feature", "geometry": {"type": "Point", "coordinates": [80.086225, 12.835158]}, "properties": {"stop_id": "RBoLoVJp", "stop_name": "Karanai Puducherry Or Periya Arungal"}}, {"type": "Feature", "geometry": {"type": "Point", "coordinates": [79.992575, 12.743773]}, "properties": {"stop_id": "oUlRzwnE", "stop_name": "Mahendira World City Or Chettipunyam"}}, {"type": "Feature", "geometry": {"type": "Point", "coordinates": [80.246511, 13.037121]}, "properties": {"stop_id": "WtPVEKaC", "stop_name": "Teynampet Metro or SIET College"}}, {"type": "Feature", "geometry": {"type": "Point", "coordinates": [80.17209, 12.631299]}, "properties": {"stop_id": "aLhLfQkP", "stop_name": "Koothavakkam School"}}, {"type": "Feature", "geometry": {"type": "Point", "coordinates": [80.319632, 13.220698]}, "properties": {"stop_id": "dwQybScW", "stop_name": "Valluvar Nagar"}}, {"type": "Feature", "geometry": {"type": "Point", "coordinates": [80.165073, 13.031577]}, "properties": {"stop_id": "eusqYKWT", "stop_name": "Porur Shakthi Nagar"}}, {"type": "Feature", "geometry": {"type": "Point", "coordinates": [80.174668, 13.194162]}, "properties": {"stop_id": "SOtvIsgL", "stop_name": "Alamaram Red Hills"}}, {"type": "Feature", "geometry": {"type": "Point", "coordinates": [80.273845, 13.06545]}, "properties": {"stop_id": "BxuxHloR", "stop_name": "Adham Market"}}, {"type": "Feature", "geometry": {"type": "Point", "coordinates": [80.208221, 12.848565]}, "properties": {"stop_id": "rilZLDfI", "stop_name": "Thalambur Road Junction"}}, {"type": "Feature", "geometry": {"type": "Point", "coordinates": [80.292638, 13.115108]}, "properties": {"stop_id": "cfShLPmI", "stop_name": "Kalmandapam Police Station"}}, {"type": "Feature", "geometry": {"type": "Point", "coordinates": [80.184137, 12.946791]}, "properties": {"stop_id": "RxHTaOMh", "stop_name": "Echankadu"}}, {"type": "Feature", "geometry": {"type": "Point", "coordinates": [80.148611, 13.122223]}, "properties": {"stop_id": "Plxavose", "stop_name": "Raaki Theatre"}}, {"type": "Feature", "geometry": {"type": "Point", "coordinates": [80.093292, 12.987346]}, "properties": {"stop_id": "vxTQjZcJ", "stop_name": "Kundrathur Murugan Temple"}}, {"type": "Feature", "geometry": {"type": "Point", "coordinates": [80.155186, 13.161115]}, "properties": {"stop_id": "ABBXwUbo", "stop_name": "Pothur"}}, {"type": "Feature", "geometry": {"type": "Point", "coordinates": [80.124044, 13.184367]}, "properties": {"stop_id": "GEGYzlFG", "stop_name": "Sidco Office"}}, {"type": "Feature", "geometry": {"type": "Point", "coordinates": [80.13731, 13.098268]}, "properties": {"stop_id": "CtbKcCWS", "stop_name": "Kozhi Pannai"}}, {"type": "Feature", "geometry": {"type": "Point", "coordinates": [80.044571, 12.95606]}, "properties": {"stop_id": "uGbUWjny", "stop_name": "Somangalam Road Or Amarambedu Road Junction"}}, {"type": "Feature", "geometry": {"type": "Point", "coordinates": [80.233865, 13.083885]}, "properties": {"stop_id": "ERcEoUXY", "stop_name": "Kilpauk Garden"}}, {"type": "Feature", "geometry": {"type": "Point", "coordinates": [80.186299, 12.808596]}, "properties": {"stop_id": "AOtPxxNt", "stop_name": "Military Camp Mambakkam"}}, {"type": "Feature", "geometry": {"type": "Point", "coordinates": [80.15156, 13.061584]}, "properties": {"stop_id": "swKAFNcH", "stop_name": "Vanagaram Signal"}}, {"type": "Feature", "geometry": {"type": "Point", "coordinates": [80.09513, 12.991361]}, "properties": {"stop_id": "wSzUgpVB", "stop_name": "Sri Ramchandra Mahal"}}, {"type": "Feature", "geometry": {"type": "Point", "coordinates": [80.02101, 12.697862]}, "properties": {"stop_id": "pTibEDEI", "stop_name": "Thiruvadaisoolam Devi Karumariamman Koil"}}, {"type": "Feature", "geometry": {"type": "Point", "coordinates": [80.137091, 12.96102]}, "properties": {"stop_id": "DMAMxgNC", "stop_name": "Nagalkeni"}}, {"type": "Feature", "geometry": {"type": "Point", "coordinates": [80.266806, 13.044431]}, "properties": {"stop_id": "KHrhIPzf", "stop_name": "VMC Street"}}, {"type": "Feature", "geometry": {"type": "Point", "coordinates": [80.276019, 13.083573]}, "properties": {"stop_id": "LJLjKFnn", "stop_name": "Central Wall Tax Road"}}, {"type": "Feature", "geometry": {"type": "Point", "coordinates": [80.225768, 13.074007]}, "properties": {"stop_id": "fkZFUNSd", "stop_name": "Amaindhakarai"}}, {"type": "Feature", "geometry": {"type": "Point", "coordinates": [79.966479, 13.145478]}, "properties": {"stop_id": "sgwCzsMk", "stop_name": "Kilambakkam Junction"}}, {"type": "Feature", "geometry": {"type": "Point", "coordinates": [80.089594, 12.970124]}, "properties": {"stop_id": "VkUBejwv", "stop_name": "Thirumudivakkam SIDCO"}}, {"type": "Feature", "geometry": {"type": "Point", "coordinates": [80.084759, 13.330533]}, "properties": {"stop_id": "oKUAvFAb", "stop_name": "Arani"}}, {"type": "Feature", "geometry": {"type": "Point", "coordinates": [80.044507, 12.956018]}, "properties": {"stop_id": "wfyTeotc", "stop_name": "Somangalam Road Or Amarambedu Road Junction"}}, {"type": "Feature", "geometry": {"type": "Point", "coordinates": [80.106892, 12.870584]}, "properties": {"stop_id": "DgYBMgPg", "stop_name": "Kolapakkam Junction"}}, {"type": "Feature", "geometry": {"type": "Point", "coordinates": [80.271637, 13.17005]}, "properties": {"stop_id": "aWeAvoyP", "stop_name": "MFL Labour Gate"}}, {"type": "Feature", "geometry": {"type": "Point", "coordinates": [80.102602, 12.967823]}, "properties": {"stop_id": "FZfLSowG", "stop_name": "Vazhuthalambedu Road Junction"}}, {"type": "Feature", "geometry": {"type": "Point", "coordinates": [80.057353, 13.089504]}, "properties": {"stop_id": "nfCzcTzh", "stop_name": "Sitharkadu Bypass"}}, {"type": "Feature", "geometry": {"type": "Point", "coordinates": [80.018231, 12.969339]}, "properties": {"stop_id": "hqxwmRzJ", "stop_name": "Kattrambakkam"}}, {"type": "Feature", "geometry": {"type": "Point", "coordinates": [80.135644, 13.386256]}, "properties": {"stop_id": "kaZSJtsS", "stop_name": "Verkadu"}}, {"type": "Feature", "geometry": {"type": "Point", "coordinates": [80.143656, 13.124488]}, "properties": {"stop_id": "xqQnPHkt", "stop_name": "Stedford Hospital"}}, {"type": "Feature", "geometry": {"type": "Point", "coordinates": [80.160866, 13.239588]}, "properties": {"stop_id": "ItWJsmqN", "stop_name": "Sholavaram"}}, {"type": "Feature", "geometry": {"type": "Point", "coordinates": [80.129992, 13.085036]}, "properties": {"stop_id": "DHQonlzC", "stop_name": "Periya Koladi Road"}}, {"type": "Feature", "geometry": {"type": "Point", "coordinates": [80.213335, 13.008223]}, "properties": {"stop_id": "QDIpIlEK", "stop_name": "Guindy Railway Station"}}, {"type": "Feature", "geometry": {"type": "Point", "coordinates": [80.142332, 13.097588]}, "properties": {"stop_id": "vkwWhgCe", "stop_name": "MGR Puram"}}, {"type": "Feature", "geometry": {"type": "Point", "coordinates": [80.016503, 13.021966]}, "properties": {"stop_id": "ixhHdGBo", "stop_name": "Saveetha Medical College"}}, {"type": "Feature", "geometry": {"type": "Point", "coordinates": [80.13888, 13.061402]}, "properties": {"stop_id": "CheNYOmP", "stop_name": "Velappanchavadi"}}, {"type": "Feature", "geometry": {"type": "Point", "coordinates": [80.142668, 13.100517]}, "properties": {"stop_id": "jSFFeqWE", "stop_name": "Erikarai Pillaiyar Koil"}}, {"type": "Feature", "geometry": {"type": "Point", "coordinates": [80.284112, 13.117139]}, "properties": {"stop_id": "OwpcAtJV", "stop_name": "Theagaraya College"}}, {"type": "Feature", "geometry": {"type": "Point", "coordinates": [80.204772, 13.014592]}, "properties": {"stop_id": "plWWPiMc", "stop_name": "CIPET"}}, {"type": "Feature", "geometry": {"type": "Point", "coordinates": [80.149387, 13.113179]}, "properties": {"stop_id": "iGTcFnmF", "stop_name": "Ambathur Post Office"}}, {"type": "Feature", "geometry": {"type": "Point", "coordinates": [80.19808, 12.902015]}, "properties": {"stop_id": "MMyysWzk", "stop_name": "Nesamani Nagar"}}, {"type": "Feature", "geometry": {"type": "Point", "coordinates": [80.045835, 12.851349]}, "properties": {"stop_id": "ncqAMIfe", "stop_name": "Madambakkam"}}, {"type": "Feature", "geometry": {"type": "Point", "coordinates": [80.241517, 13.126525]}, "properties": {"stop_id": "texSWQet", "stop_name": "Simpson Moolakadai"}}, {"type": "Feature", "geometry": {"type": "Point", "coordinates": [79.935828, 13.172584]}, "properties": {"stop_id": "IAqHsGfg", "stop_name": "Ikkadu Kandigai"}}, {"type": "Feature", "geometry": {"type": "Point", "coordinates": [80.252796, 12.938502]}, "properties": {"stop_id": "yTNmoAGc", "stop_name": "Vettuvakeni"}}, {"type": "Feature", "geometry": {"type": "Point", "coordinates": [80.204599, 13.013628]}, "properties": {"stop_id": "JAgpxShP", "stop_name": "CIPET"}}, {"type": "Feature", "geometry": {"type": "Point", "coordinates": [80.057956, 13.393224]}, "properties": {"stop_id": "gzdfrKuT", "stop_name": "Guruvarajakandigai"}}, {"type": "Feature", "geometry": {"type": "Point", "coordinates": [79.931355, 13.0097]}, "properties": {"stop_id": "XgkALHoJ", "stop_name": "Parangusattram"}}, {"type": "Feature", "geometry": {"type": "Point", "coordinates": [80.067677, 12.992511]}, "properties": {"stop_id": "aunBMooM", "stop_name": "Saraswathinagar"}}, {"type": "Feature", "geometry": {"type": "Point", "coordinates": [80.148631, 12.995279]}, "properties": {"stop_id": "eXUkyEOl", "stop_name": "Indira Nagar Junction"}}, {"type": "Feature", "geometry": {"type": "Point", "coordinates": [79.813447, 13.037287]}, "properties": {"stop_id": "oYtcjCTg", "stop_name": "Parambakkam Terminus"}}, {"type": "Feature", "geometry": {"type": "Point", "coordinates": [80.243275, 13.062028]}, "properties": {"stop_id": "RSPZrGBg", "stop_name": "Sterling Road Chetpat"}}, {"type": "Feature", "geometry": {"type": "Point", "coordinates": [80.215257, 13.175335]}, "properties": {"stop_id": "roHCvggS", "stop_name": "Vadaperumbakkam"}}, {"type": "Feature", "geometry": {"type": "Point", "coordinates": [80.182217, 12.896942]}, "properties": {"stop_id": "SXdGhQsI", "stop_name": "Chitlapakkam Koot Road"}}, {"type": "Feature", "geometry": {"type": "Point", "coordinates": [80.1292, 13.0003]}, "properties": {"stop_id": "TGjXCzny", "stop_name": "Mani Medu"}}, {"type": "Feature", "geometry": {"type": "Point", "coordinates": [80.155444, 13.252379]}, "properties": {"stop_id": "dQfoCLXo", "stop_name": "Don Bosco Matriculation School Karanodai"}}, {"type": "Feature", "geometry": {"type": "Point", "coordinates": [80.19473, 13.153759]}, "properties": {"stop_id": "MjMDaXaP", "stop_name": "Chocolate Company"}}, {"type": "Feature", "geometry": {"type": "Point", "coordinates": [79.934171, 13.001547]}, "properties": {"stop_id": "rAUblAml", "stop_name": "Sri Om Nagar"}}, {"type": "Feature", "geometry": {"type": "Point", "coordinates": [80.249111, 13.142647]}, "properties": {"stop_id": "qZGaqIqO", "stop_name": "Gandhi Nagar Or Arumgam Tea Kadai"}}, {"type": "Feature", "geometry": {"type": "Point", "coordinates": [80.244171, 13.077804]}, "properties": {"stop_id": "niqrIlpR", "stop_name": "KMC Hospital"}}, {"type": "Feature", "geometry": {"type": "Point", "coordinates": [80.21942, 13.096458]}, "properties": {"stop_id": "HkSXkIZj", "stop_name": "Gandhi Nagar Hospital"}}, {"type": "Feature", "geometry": {"type": "Point", "coordinates": [80.242435, 13.116483]}, "properties": {"stop_id": "jKMBgxbE", "stop_name": "Lakshmi Amman Koil"}}, {"type": "Feature", "geometry": {"type": "Point", "coordinates": [79.835897, 13.035345]}, "properties": {"stop_id": "JRMVrfdD", "stop_name": "Kondencherri"}}, {"type": "Feature", "geometry": {"type": "Point", "coordinates": [80.139919, 12.839173]}, "properties": {"stop_id": "oLGXsQoC", "stop_name": "T N Police Bus Stop"}}, {"type": "Feature", "geometry": {"type": "Point", "coordinates": [80.224013, 13.455167]}, "properties": {"stop_id": "qgftSein", "stop_name": "Vepathur"}}, {"type": "Feature", "geometry": {"type": "Point", "coordinates": [80.029279, 12.888563]}, "properties": {"stop_id": "POeaLshN", "stop_name": "Kizh Padappai"}}, {"type": "Feature", "geometry": {"type": "Point", "coordinates": [80.223671, 12.705937]}, "properties": {"stop_id": "ZrJSsOtw", "stop_name": "Sulerikadu"}}, {"type": "Feature", "geometry": {"type": "Point", "coordinates": [80.189708, 12.968414]}, "properties": {"stop_id": "LASpLrUw", "stop_name": "Madipakkam Road Junction"}}, {"type": "Feature", "geometry": {"type": "Point", "coordinates": [80.231734, 13.115951]}, "properties": {"stop_id": "OyNIynZV", "stop_name": "Peravallur"}}, {"type": "Feature", "geometry": {"type": "Point", "coordinates": [80.029236, 13.211965]}, "properties": {"stop_id": "cXzNtQka", "stop_name": "Thamaraipakkam"}}, {"type": "Feature", "geometry": {"type": "Point", "coordinates": [80.26638, 13.029003]}, "properties": {"stop_id": "TUpCuZAw", "stop_name": "Mandaveli Market"}}, {"type": "Feature", "geometry": {"type": "Point", "coordinates": [80.177059, 13.108632]}, "properties": {"stop_id": "zAAHYQhY", "stop_name": "Aavin Dairy Ambattur"}}, {"type": "Feature", "geometry": {"type": "Point", "coordinates": [80.281419, 13.087507]}, "properties": {"stop_id": "zVYhNTdK", "stop_name": "Flower Bazzar"}}, {"type": "Feature", "geometry": {"type": "Point", "coordinates": [80.146673, 12.990817]}, "properties": {"stop_id": "vTESpmde", "stop_name": "Anna Street"}}, {"type": "Feature", "geometry": {"type": "Point", "coordinates": [80.19997, 13.158787]}, "properties": {"stop_id": "JCIOAWOU", "stop_name": "Screw Factory"}}, {"type": "Feature", "geometry": {"type": "Point", "coordinates": [80.194513, 13.1011]}, "properties": {"stop_id": "MwLdaJul", "stop_name": "Wheels India Road Junction"}}, {"type": "Feature", "geometry": {"type": "Point", "coordinates": [80.035666, 12.946222]}, "properties": {"stop_id": "NMFCXTQH", "stop_name": "Somangalam Bus Stand"}}, {"type": "Feature", "geometry": {"type": "Point", "coordinates": [80.308563, 13.188338]}, "properties": {"stop_id": "tkhDcqas", "stop_name": "Gandhi Nagar Eranavoor"}}, {"type": "Feature", "geometry": {"type": "Point", "coordinates": [80.209843, 12.879973]}, "properties": {"stop_id": "OQfDwOIF", "stop_name": "Perumbakkam SCB"}}, {"type": "Feature", "geometry": {"type": "Point", "coordinates": [80.215305, 13.175466]}, "properties": {"stop_id": "wzaIlAwh", "stop_name": "Vadaperumbakkam"}}, {"type": "Feature", "geometry": {"type": "Point", "coordinates": [80.216573, 12.997574]}, "properties": {"stop_id": "WCllcJIC", "stop_name": "Vellacherry Check Post"}}, {"type": "Feature", "geometry": {"type": "Point", "coordinates": [80.216495, 13.074972]}, "properties": {"stop_id": "hCxxcqWU", "stop_name": "NSK Nagar Arumbakkam"}}, {"type": "Feature", "geometry": {"type": "Point", "coordinates": [80.2179, 13.228257]}, "properties": {"stop_id": "INegqJKU", "stop_name": "Arumandai Road Junction"}}, {"type": "Feature", "geometry": {"type": "Point", "coordinates": [80.205597, 13.366198]}, "properties": {"stop_id": "BvLvsPYo", "stop_name": "Kavalpatti Police Station"}}, {"type": "Feature", "geometry": {"type": "Point", "coordinates": [80.244882, 13.084716]}, "properties": {"stop_id": "MHYyLhRG", "stop_name": "Kelyys Court Balfur Road"}}, {"type": "Feature", "geometry": {"type": "Point", "coordinates": [80.025417, 12.701106]}, "properties": {"stop_id": "NgxTtWek", "stop_name": "Karpurath Amman Koil"}}, {"type": "Feature", "geometry": {"type": "Point", "coordinates": [80.004745, 13.310736]}, "properties": {"stop_id": "tkjaIDXe", "stop_name": "Thandalam"}}, {"type": "Feature", "geometry": {"type": "Point", "coordinates": [80.153093, 12.785231]}, "properties": {"stop_id": "QeXyWyya", "stop_name": "Kayar Eachangadu"}}, {"type": "Feature", "geometry": {"type": "Point", "coordinates": [80.244852, 13.283493]}, "properties": {"stop_id": "jqOOThyw", "stop_name": "Kesavapuram"}}, {"type": "Feature", "geometry": {"type": "Point", "coordinates": [80.151262, 13.028342]}, "properties": {"stop_id": "aUZoPZMc", "stop_name": "Vigneshwara Nagar Porur"}}, {"type": "Feature", "geometry": {"type": "Point", "coordinates": [80.106667, 12.916637]}, "properties": {"stop_id": "AUmOMGnp", "stop_name": "Irumbuliyur"}}, {"type": "Feature", "geometry": {"type": "Point", "coordinates": [80.248327, 13.139683]}, "properties": {"stop_id": "BWRKkPfG", "stop_name": "Gandhi Statue Kodungaiyur"}}, {"type": "Feature", "geometry": {"type": "Point", "coordinates": [80.097427, 12.923572]}, "properties": {"stop_id": "uQlhjcGr", "stop_name": "Vettri Nagar"}}, {"type": "Feature", "geometry": {"type": "Point", "coordinates": [80.24744, 13.171462]}, "properties": {"stop_id": "BtMnjiaZ", "stop_name": "Mathur Bus Stand"}}, {"type": "Feature", "geometry": {"type": "Point", "coordinates": [80.232445, 13.119903]}, "properties": {"stop_id": "LPBTmxgF", "stop_name": "Thiruvika Nagar Bus Depot"}}, {"type": "Feature", "geometry": {"type": "Point", "coordinates": [80.187049, 12.975586]}, "properties": {"stop_id": "KLViSvpH", "stop_name": "Voltas Colony"}}, {"type": "Feature", "geometry": {"type": "Point", "coordinates": [80.125541, 13.13034]}, "properties": {"stop_id": "VFLsoIHD", "stop_name": "Vaishnavi Nagar"}}, {"type": "Feature", "geometry": {"type": "Point", "coordinates": [80.216019, 13.041988]}, "properties": {"stop_id": "ydQuGMgP", "stop_name": "Pudur High School"}}, {"type": "Feature", "geometry": {"type": "Point", "coordinates": [80.048368, 12.975171]}, "properties": {"stop_id": "hCpAddaw", "stop_name": "Somangalam Road Or N V R D Junction"}}, {"type": "Feature", "geometry": {"type": "Point", "coordinates": [80.206094, 13.108103]}, "properties": {"stop_id": "zSOBHhoP", "stop_name": "South Redhils Road Market"}}, {"type": "Feature", "geometry": {"type": "Point", "coordinates": [80.18302, 13.439489]}, "properties": {"stop_id": "NbdCRqNf", "stop_name": "Seganiyam 2"}}, {"type": "Feature", "geometry": {"type": "Point", "coordinates": [80.311881, 13.196223]}, "properties": {"stop_id": "vTErLEZz", "stop_name": "E B Quarters"}}, {"type": "Feature", "geometry": {"type": "Point", "coordinates": [80.184324, 13.111591]}, "properties": {"stop_id": "JrRIRrmn", "stop_name": "Korattur Bus Terminus"}}, {"type": "Feature", "geometry": {"type": "Point", "coordinates": [80.147295, 12.93618]}, "properties": {"stop_id": "MoOxWMZQ", "stop_name": "Chitlapakkam"}}, {"type": "Feature", "geometry": {"type": "Point", "coordinates": [80.138547, 13.178902]}, "properties": {"stop_id": "aUCLtnsj", "stop_name": "Sidco Estate"}}, {"type": "Feature", "geometry": {"type": "Point", "coordinates": [80.194471, 12.620776]}, "properties": {"stop_id": "HHtnqjHj", "stop_name": "Mandapam Market"}}, {"type": "Feature", "geometry": {"type": "Point", "coordinates": [80.264084, 13.050876]}, "properties": {"stop_id": "yQfeHodw", "stop_name": "Pilot Theatre"}}, {"type": "Feature", "geometry": {"type": "Point", "coordinates": [80.063293, 13.115859]}, "properties": {"stop_id": "alaJPSTW", "stop_name": "Thandurai"}}, {"type": "Feature", "geometry": {"type": "Point", "coordinates": [80.13667, 13.015552]}, "properties": {"stop_id": "YcrsfAeA", "stop_name": "Gerugambakkam"}}, {"type": "Feature", "geometry": {"type": "Point", "coordinates": [80.09526, 12.969024]}, "properties": {"stop_id": "dikxlocD", "stop_name": "Sidco Kunrathur"}}, {"type": "Feature", "geometry": {"type": "Point", "coordinates": [80.1155, 12.8673]}, "properties": {"stop_id": "VEiYdotb", "stop_name": "Ramanujar Engg College Or Balaji Plytechnic"}}, {"type": "Feature", "geometry": {"type": "Point", "coordinates": [80.129764, 13.465602]}, "properties": {"stop_id": "pAoOtqpU", "stop_name": "Thalayaripalaym"}}, {"type": "Feature", "geometry": {"type": "Point", "coordinates": [80.169949, 13.429053]}, "properties": {"stop_id": "vPtmXBsW", "stop_name": "Rettambedu"}}, {"type": "Feature", "geometry": {"type": "Point", "coordinates": [80.267548, 13.038551]}, "properties": {"stop_id": "UwPVTdeZ", "stop_name": "Luz Corner"}}, {"type": "Feature", "geometry": {"type": "Point", "coordinates": [80.239776, 13.047726]}, "properties": {"stop_id": "fRBexIzo", "stop_name": "Kamarajar Illam"}}, {"type": "Feature", "geometry": {"type": "Point", "coordinates": [80.271119, 13.104773]}, "properties": {"stop_id": "PrkhDzLx", "stop_name": "Basin Bridge"}}, {"type": "Feature", "geometry": {"type": "Point", "coordinates": [80.192856, 12.916974]}, "properties": {"stop_id": "dHuMOmqh", "stop_name": "Medavakkam Junction"}}, {"type": "Feature", "geometry": {"type": "Point", "coordinates": [80.139455, 13.363695]}, "properties": {"stop_id": "dQOncjgh", "stop_name": "T J S Engineering College Or Kavarapett"}}, {"type": "Feature", "geometry": {"type": "Point", "coordinates": [80.241807, 13.150179]}, "properties": {"stop_id": "SiflCzMU", "stop_name": "Madhavaram Milk Colony Main Gate"}}, {"type": "Feature", "geometry": {"type": "Point", "coordinates": [80.276587, 13.029689]}, "properties": {"stop_id": "LccdLENM", "stop_name": "Kuil Thoppu"}}, {"type": "Feature", "geometry": {"type": "Point", "coordinates": [80.178649, 13.031718]}, "properties": {"stop_id": "zdgoUaFA", "stop_name": "SRM University"}}, {"type": "Feature", "geometry": {"type": "Point", "coordinates": [80.084848, 13.191853]}, "properties": {"stop_id": "BjxLEaiN", "stop_name": "Bangarampettai"}}, {"type": "Feature", "geometry": {"type": "Point", "coordinates": [80.150909, 13.124257]}, "properties": {"stop_id": "FVYwGhLu", "stop_name": "Oragadam OT"}}, {"type": "Feature", "geometry": {"type": "Point", "coordinates": [79.549709, 11.926472]}, "properties": {"stop_id": "aYZQdfnX", "stop_name": "Koliyanur Cross Road"}}, {"type": "Feature", "geometry": {"type": "Point", "coordinates": [80.192321, 13.053247]}, "properties": {"stop_id": "tkDBwPiV", "stop_name": "Elango Nagar"}}, {"type": "Feature", "geometry": {"type": "Point", "coordinates": [80.23819, 12.981209]}, "properties": {"stop_id": "DJDPVkXF", "stop_name": "Pillaiyar Koil"}}, {"type": "Feature", "geometry": {"type": "Point", "coordinates": [80.256513, 13.074837]}, "properties": {"stop_id": "fUdtRFJM", "stop_name": "Baby Hospital"}}, {"type": "Feature", "geometry": {"type": "Point", "coordinates": [79.932208, 12.894218]}, "properties": {"stop_id": "ixafYOrk", "stop_name": "Vallam"}}, {"type": "Feature", "geometry": {"type": "Point", "coordinates": [80.294564, 13.176537]}, "properties": {"stop_id": "NmilzqZp", "stop_name": "Sathya Moorthy Nagar"}}, {"type": "Feature", "geometry": {"type": "Point", "coordinates": [80.191822, 12.912463]}, "properties": {"stop_id": "ODVCvUnB", "stop_name": "Babu Nagar Medavakkam"}}, {"type": "Feature", "geometry": {"type": "Point", "coordinates": [79.907363, 13.097484]}, "properties": {"stop_id": "VCFHkCli", "stop_name": "Caterpillar"}}, {"type": "Feature", "geometry": {"type": "Point", "coordinates": [80.211267, 13.229811]}, "properties": {"stop_id": "sZMRTtVP", "stop_name": "Marampedu"}}, {"type": "Feature", "geometry": {"type": "Point", "coordinates": [80.003394, 13.444958]}, "properties": {"stop_id": "rAXDXBKw", "stop_name": "Madarapakkam Bus Stand"}}, {"type": "Feature", "geometry": {"type": "Point", "coordinates": [80.242014, 12.937875]}, "properties": {"stop_id": "CVgWcLrS", "stop_name": "Okkiam Thoraipakkam"}}, {"type": "Feature", "geometry": {"type": "Point", "coordinates": [80.029462, 13.121176]}, "properties": {"stop_id": "bkJSkGrT", "stop_name": "Thiruninravur"}}, {"type": "Feature", "geometry": {"type": "Point", "coordinates": [80.260371, 13.046423]}, "properties": {"stop_id": "zZjujLYd", "stop_name": "Music Academy"}}, {"type": "Feature", "geometry": {"type": "Point", "coordinates": [80.293122, 13.118857]}, "properties": {"stop_id": "JBpFxiqb", "stop_name": "Kalaimagal Vidyalaya Or ESSO"}}, {"type": "Feature", "geometry": {"type": "Point", "coordinates": [80.22698, 12.877926]}, "properties": {"stop_id": "GMrJWgHs", "stop_name": "Kumaran Nagar"}}, {"type": "Feature", "geometry": {"type": "Point", "coordinates": [80.197083, 13.098715]}, "properties": {"stop_id": "ouPwTbuD", "stop_name": "Kovarthanagiri"}}, {"type": "Feature", "geometry": {"type": "Point", "coordinates": [80.049345, 13.316465]}, "properties": {"stop_id": "PORiPCGC", "stop_name": "Rallapadi"}}, {"type": "Feature", "geometry": {"type": "Point", "coordinates": [80.256711, 13.05688]}, "properties": {"stop_id": "suszCmcx", "stop_name": "Anand Theatre or Thousand Light"}}, {"type": "Feature", "geometry": {"type": "Point", "coordinates": [80.138251, 12.943349]}, "properties": {"stop_id": "GgMfrgKO", "stop_name": "Indra Cotton Mill"}}, {"type": "Feature", "geometry": {"type": "Point", "coordinates": [80.031201, 12.789299]}, "properties": {"stop_id": "safClnnY", "stop_name": "Pavendar Salai"}}, {"type": "Feature", "geometry": {"type": "Point", "coordinates": [80.254698, 12.949668]}, "properties": {"stop_id": "YpZAWuci", "stop_name": "Nellankarai"}}, {"type": "Feature", "geometry": {"type": "Point", "coordinates": [80.134857, 13.034959]}, "properties": {"stop_id": "dFTlYtXH", "stop_name": "Selvarani Thirumana Mandapam"}}, {"type": "Feature", "geometry": {"type": "Point", "coordinates": [80.251671, 13.438514]}, "properties": {"stop_id": "eebyhqqT", "stop_name": "Pudhucehrimedu"}}, {"type": "Feature", "geometry": {"type": "Point", "coordinates": [80.07427, 13.046509]}, "properties": {"stop_id": "FdBCLyPI", "stop_name": "Jaya Jaya Sankara International School"}}, {"type": "Feature", "geometry": {"type": "Point", "coordinates": [80.24, 12.946932]}, "properties": {"stop_id": "zjGRmLyo", "stop_name": "D B Jain College"}}, {"type": "Feature", "geometry": {"type": "Point", "coordinates": [80.093546, 13.066161]}, "properties": {"stop_id": "uhArLFHO", "stop_name": "Parivakkam"}}, {"type": "Feature", "geometry": {"type": "Point", "coordinates": [80.219904, 12.7854]}, "properties": {"stop_id": "uxBjVsKf", "stop_name": "Kelambakkmm Police Station"}}, {"type": "Feature", "geometry": {"type": "Point", "coordinates": [79.922218, 13.159677]}, "properties": {"stop_id": "WKiVoaSt", "stop_name": "Ekkadu CSI Hospital"}}]}