route_id,direction_id,from_stop,to_stop,volume
572,0,EWPMCuEz,JHNPaXkN,1940.0
572,0,iWoOHVbT,EWPMCuEz,2637.0
662,0,inJVXMtB,vfdAIPGv,981.0
662,0,ubZrQMid,inJVXMtB,981.0
662,0,gBkmsEyR,ubZrQMid,981.0
662,0,cGoHBmgo,gBkmsEyR,879.0
662,0,EkWBPXmr,cGoHBmgo,879.0
662,0,vfdAIPGv,nsjiKPCz,793.0
585,0,wihERHzN,uiYVYPQX,3539.0
585,0,vspNPtqb,wihERHzN,3497.0
585,0,jiaBsTdI,vspNPtqb,3497.0
585,0,iVtHnErr,jiaBsTdI,3491.0
585,0,nsjiKPCz,iVtHnErr,3491.0
585,0,vfdAIPGv,nsjiKPCz,3435.0
585,0,inJVXMtB,vfdAIPGv,2638.0
585,0,ubZrQMid,inJVXMtB,2638.0
585,0,gBkmsEyR,ubZrQMid,2638.0
585,0,cGoHBmgo,gBkmsEyR,1509.0
585,0,EkWBPXmr,cGoHBmgo,1509.0
572,0,jiaBsTdI,jeadfqyj,1927.0
572,0,LIcqcPpV,jiaBsTdI,1923.0
572,0,JHNPaXkN,LIcqcPpV,1942.0
971,0,nsjiKPCz,AtcDBGpE,2189.0
971,0,vfdAIPGv,nsjiKPCz,2189.0
971,0,inJVXMtB,vfdAIPGv,1992.0
971,0,ubZrQMid,inJVXMtB,1992.0
971,0,gBkmsEyR,ubZrQMid,1992.0
971,0,cGoHBmgo,gBkmsEyR,1782.0
971,0,EkWBPXmr,cGoHBmgo,1665.0
971,0,AtcDBGpE,Oslgxmkx,2179.0
585,0,FcOkCcps,MqGZxRIW,1387.0
585,0,uiYVYPQX,FcOkCcps,2533.0
662,0,XVbubuGa,OwpcAtJV,1040.0
662,0,iuOUwLky,XVbubuGa,1040.0
662,0,nZnozRfz,iuOUwLky,1040.0
662,0,jeadfqyj,nZnozRfz,1040.0
662,0,vspNPtqb,jeadfqyj,726.0
662,0,jiaBsTdI,vspNPtqb,726.0
662,0,iVtHnErr,jiaBsTdI,726.0
662,0,nsjiKPCz,iVtHnErr,726.0
647,0,XXPGaRGh,PrdzzRyE,1230.0
647,0,IMtkgxTU,XXPGaRGh,993.0
647,0,MlQcmexA,IMtkgxTU,993.0
647,0,CZmFLtlO,MlQcmexA,2127.0
647,0,SUoxgoEf,CZmFLtlO,2127.0
647,0,eVGAINdZ,SUoxgoEf,2064.0
647,0,zOQhKaAF,eVGAINdZ,2066.0
647,0,PaLbQtln,zOQhKaAF,2016.0
647,0,rqBqDfoZ,PaLbQtln,2016.0
647,0,dkEskUud,rqBqDfoZ,1939.0
647,0,zVYhNTdK,dkEskUud,861.0
647,0,EkWBPXmr,zVYhNTdK,861.0
572,0,CVXQsRBK,NgDeDdfx,972.0
572,0,jBnsfrlR,CVXQsRBK,972.0
572,0,jeadfqyj,jBnsfrlR,972.0
971,0,vwEcxUej,lBopHXdD,1941.0
971,0,JBpFxiqb,vwEcxUej,1941.0
971,0,Oslgxmkx,JBpFxiqb,1941.0
585,0,tBNXSyMW,pZulUpHT,1374.0
585,0,OyJKKata,tBNXSyMW,1376.0
585,0,MqGZxRIW,OyJKKata,1376.0
989,0,twMezfOU,lkujKSJT,9644.0
989,0,OyJKKata,twMezfOU,8990.0
989,0,MqGZxRIW,OyJKKata,5120.0
989,0,FcOkCcps,MqGZxRIW,4332.0
679,0,LRmPOeoe,KHbKaRBy,3.0
679,0,twMezfOU,LRmPOeoe,819.0
679,0,HRURJMPd,twMezfOU,1331.0
679,0,jKjAXpVP,HRURJMPd,1331.0
679,0,XXPGaRGh,jKjAXpVP,1306.0
625,0,lBopHXdD,DKPrUpnj,1868.0
625,0,Oslgxmkx,lBopHXdD,1868.0
625,0,AtcDBGpE,Oslgxmkx,1680.0
625,0,nsjiKPCz,AtcDBGpE,1680.0
625,0,vfdAIPGv,nsjiKPCz,1675.0
625,0,ubZrQMid,vfdAIPGv,1603.0
625,0,gBkmsEyR,ubZrQMid,1603.0
625,0,cGoHBmgo,gBkmsEyR,1469.0
625,0,EkWBPXmr,cGoHBmgo,1405.0
989,0,yaKWBgLg,IvQQZbJW,9479.0
989,0,lkujKSJT,yaKWBgLg,9479.0
662,0,TNbojCJf,issQYORv,1568.0
662,0,tGqVborR,TNbojCJf,1568.0
662,0,vJbDLuoa,tGqVborR,1568.0
662,0,FJLNitGY,vJbDLuoa,1553.0
662,0,peBgOXli,FJLNitGY,1160.0
662,0,KnWWIWQx,peBgOXli,1155.0
662,0,bRAzuzSs,KnWWIWQx,1155.0
662,0,OwpcAtJV,bRAzuzSs,1155.0
1376,0,mTvPylzX,JYcdyiOK,654.0
1376,0,mZseJHmU,mTvPylzX,654.0
1376,0,rClMLArS,mZseJHmU,1105.0
1376,0,MHYyLhRG,rClMLArS,1105.0
1376,0,CcTUkfkl,MHYyLhRG,1631.0
1376,0,tglFZOrp,CcTUkfkl,1631.0
1376,0,SqxhBMol,tglFZOrp,1631.0
1376,0,JvhqCmbT,SqxhBMol,1474.0
1376,0,xkdRvtRu,JvhqCmbT,1474.0
1376,0,SjZGieDS,xkdRvtRu,1438.0
1376,0,gDnuvefz,SjZGieDS,1935.0
1376,0,rqBqDfoZ,gDnuvefz,1935.0
1376,0,yhXmuUeN,rqBqDfoZ,1886.0
1376,0,BqZQArDi,yhXmuUeN,1208.0
1376,0,zVYhNTdK,BqZQArDi,1208.0
1376,0,EkWBPXmr,zVYhNTdK,1208.0
585,0,OeKkfJSz,HTcmpFUD,784.0
585,0,FZjXRNIl,OeKkfJSz,784.0
585,0,nqZDBuxM,FZjXRNIl,818.0
585,0,aAfSzptC,nqZDBuxM,819.0
585,0,pZulUpHT,aAfSzptC,819.0
989,0,IvQQZbJW,ztLkgYlA,9535.0
658,0,HbnURplu,mtKVLjly,2202.0
658,0,IXwVPQjX,HbnURplu,2202.0
658,0,TNbojCJf,IXwVPQjX,2113.0
658,0,tGqVborR,TNbojCJf,2113.0
658,0,vJbDLuoa,tGqVborR,2113.0
658,0,uBBTYLuy,vJbDLuoa,2088.0
658,0,FJLNitGY,uBBTYLuy,2088.0
658,0,peBgOXli,FJLNitGY,1666.0
658,0,KnWWIWQx,peBgOXli,1483.0
658,0,bRAzuzSs,KnWWIWQx,1483.0
658,0,OwpcAtJV,bRAzuzSs,1483.0
658,0,XVbubuGa,OwpcAtJV,1337.0
658,0,iuOUwLky,XVbubuGa,1337.0
658,0,nZnozRfz,iuOUwLky,1337.0
658,0,jeadfqyj,nZnozRfz,1337.0
658,0,vspNPtqb,jeadfqyj,114.0
658,0,jiaBsTdI,vspNPtqb,113.0
658,0,iVtHnErr,jiaBsTdI,113.0
658,0,nsjiKPCz,iVtHnErr,113.0
658,0,vfdAIPGv,nsjiKPCz,103.0
658,0,inJVXMtB,vfdAIPGv,103.0
658,0,ubZrQMid,inJVXMtB,103.0
658,0,gBkmsEyR,ubZrQMid,103.0
658,0,cGoHBmgo,gBkmsEyR,103.0
658,0,EkWBPXmr,cGoHBmgo,103.0
971,0,RkbXqAIs,MTAZIXBL,1563.0
971,0,NLDgVASg,RkbXqAIs,1495.0
971,0,DKPrUpnj,NLDgVASg,1495.0
971,0,CdibamDB,DKPrUpnj,1495.0
971,0,lBopHXdD,CdibamDB,1495.0
971,0,jqriedgy,EkCoFwMY,1590.0
971,0,MTAZIXBL,jqriedgy,1590.0
622,0,gdbAGAQU,JvDZYJph,511.0
622,0,ANpclgWP,gdbAGAQU,511.0
622,0,LWqTSxPr,ANpclgWP,511.0
622,0,tBgOcvQf,LWqTSxPr,511.0
622,0,IvQQZbJW,tBgOcvQf,511.0
622,0,yaKWBgLg,IvQQZbJW,343.0
622,0,lkujKSJT,yaKWBgLg,343.0
622,0,twMezfOU,lkujKSJT,343.0
622,0,OyJKKata,twMezfOU,343.0
622,0,MqGZxRIW,OyJKKata,285.0
622,0,FcOkCcps,MqGZxRIW,285.0
622,0,uiYVYPQX,FcOkCcps,280.0
622,0,wihERHzN,uiYVYPQX,258.0
622,0,jiaBsTdI,wihERHzN,258.0
622,0,iVtHnErr,jiaBsTdI,258.0
622,0,nsjiKPCz,iVtHnErr,258.0
622,0,vfdAIPGv,nsjiKPCz,258.0
622,0,ubZrQMid,vfdAIPGv,217.0
622,0,gBkmsEyR,ubZrQMid,217.0
622,0,cGoHBmgo,gBkmsEyR,154.0
622,0,EkWBPXmr,cGoHBmgo,154.0
971,0,vkSwBwcN,OKtVrzTN,1687.0
971,0,QRSRIbba,vkSwBwcN,1687.0
971,0,EkCoFwMY,QRSRIbba,1685.0
622,0,xYfYRJnz,yXfOYhmg,1033.0
622,0,bvZtLhoP,xYfYRJnz,1033.0
622,0,NoGATiBT,bvZtLhoP,1033.0
622,0,JvDZYJph,NoGATiBT,726.0
625,0,GZZaPhbw,uPlQduWZ,1688.0
625,0,EwdOCOAF,GZZaPhbw,1688.0
625,0,QGNcLOop,EwdOCOAF,1688.0
625,0,NLDgVASg,QGNcLOop,1693.0
625,0,DKPrUpnj,NLDgVASg,1692.0
1194,0,kEQqRNXv,ZCsEtuOb,1117.0
1194,0,NfeOUEsA,kEQqRNXv,1117.0
1194,0,gdbAGAQU,NfeOUEsA,1097.0
1194,0,ANpclgWP,gdbAGAQU,1097.0
1194,0,LWqTSxPr,ANpclgWP,1088.0
1194,0,tBgOcvQf,LWqTSxPr,1088.0
1194,0,IvQQZbJW,tBgOcvQf,827.0
1194,0,yaKWBgLg,IvQQZbJW,804.0
1194,0,lkujKSJT,yaKWBgLg,804.0
1194,0,twMezfOU,lkujKSJT,786.0
1194,0,HRURJMPd,twMezfOU,721.0
1194,0,jKjAXpVP,HRURJMPd,721.0
1194,0,XXPGaRGh,jKjAXpVP,721.0
1194,0,IMtkgxTU,XXPGaRGh,721.0
1194,0,MlQcmexA,IMtkgxTU,721.0
1194,0,tSmiUoPn,MlQcmexA,694.0
1194,0,VuxSFkGj,tSmiUoPn,694.0
1194,0,SQUoXVXU,VuxSFkGj,694.0
1194,0,tZiWmgTn,SQUoXVXU,666.0
1194,0,JpkWIkgn,tZiWmgTn,666.0
1194,0,gDnuvefz,JpkWIkgn,666.0
1194,0,rqBqDfoZ,gDnuvefz,666.0
1194,0,yhXmuUeN,rqBqDfoZ,663.0
1194,0,dkEskUud,yhXmuUeN,660.0
1194,0,xbiDwIOu,dkEskUud,499.0
1194,0,zVYhNTdK,xbiDwIOu,499.0
1194,0,EkWBPXmr,zVYhNTdK,499.0
14,0,leJfirnk,yrRBvFtZ,1852.0
14,0,QRSRIbba,leJfirnk,1852.0
14,0,jqriedgy,QRSRIbba,1852.0
14,0,MTAZIXBL,jqriedgy,1852.0
14,0,RkbXqAIs,MTAZIXBL,1749.0
14,0,NLDgVASg,RkbXqAIs,2058.0
14,0,fcywqNMQ,NLDgVASg,2059.0
14,0,CdibamDB,fcywqNMQ,2602.0
14,0,lBopHXdD,CdibamDB,2602.0
14,0,vwEcxUej,lBopHXdD,2610.0
14,0,JBpFxiqb,vwEcxUej,2610.0
14,0,Oslgxmkx,JBpFxiqb,2610.0
14,0,AtcDBGpE,Oslgxmkx,2777.0
14,0,nsjiKPCz,AtcDBGpE,3065.0
14,0,vfdAIPGv,nsjiKPCz,2989.0
14,0,inJVXMtB,vfdAIPGv,2597.0
14,0,ubZrQMid,inJVXMtB,2597.0
14,0,gBkmsEyR,ubZrQMid,2597.0
14,0,cGoHBmgo,gBkmsEyR,1636.0
1194,0,hTaJTejf,XjSQdTLS,565.0
1194,0,AvILYntX,hTaJTejf,565.0
1194,0,BGAyznqC,AvILYntX,571.0
1194,0,PUIIuxlM,BGAyznqC,571.0
1194,0,bEuFbYIx,PUIIuxlM,680.0
1194,0,ZCsEtuOb,bEuFbYIx,694.0
971,0,RqfbhkOP,sUAChhLU,1663.0
971,0,WRCkhCoY,RqfbhkOP,1663.0
971,0,OKtVrzTN,WRCkhCoY,1679.0
14,0,wuyFtExA,EtvjcvTp,1277.0
14,0,MrybjzSo,wuyFtExA,1277.0
14,0,yrRBvFtZ,MrybjzSo,1277.0
173,0,YoEMZEcq,qCZHeqZn,892.0
1194,0,qkTCgKXX,YoEMZEcq,44.0
1194,0,XjSQdTLS,qkTCgKXX,44.0
625,0,LjPncvCg,ZkIfwknW,1657.0
625,0,cYHkZUeY,LjPncvCg,1661.0
625,0,JjkwBsaR,cYHkZUeY,1661.0
625,0,xWKOjfGB,JjkwBsaR,1661.0
625,0,zrJLwXnk,xWKOjfGB,1661.0
625,0,LUpTnILf,zrJLwXnk,1661.0
625,0,qezgFtTe,LUpTnILf,1357.0
625,0,EtAJJbBW,qezgFtTe,1357.0
625,0,uPlQduWZ,EtAJJbBW,1357.0
625,0,ZkIfwknW,XBhuaxff,1652.0
1052,0,EPmEpfWC,RBwynnQe,550.0
1052,0,xfbmoJHP,EPmEpfWC,550.0
1052,0,WdOwNGhj,xfbmoJHP,163.0
1052,0,kKKRBhFF,WdOwNGhj,163.0
1052,0,NFInfBeu,kKKRBhFF,162.0
1052,0,VCQdmIoF,NFInfBeu,162.0
1052,0,ePrpofUw,VCQdmIoF,162.0
1052,0,KcvPUxQg,ePrpofUw,162.0
1052,0,BlnSxBAr,KcvPUxQg,162.0
1052,0,TCBUGaZf,BlnSxBAr,162.0
1052,0,pzcCDVmZ,TCBUGaZf,143.0
1052,0,AUBTKFbY,pzcCDVmZ,143.0
1052,0,fjevhefZ,AUBTKFbY,143.0
1052,0,vyQyYYqJ,fjevhefZ,143.0
1052,0,ztLkgYlA,vyQyYYqJ,143.0
1052,0,IvQQZbJW,ztLkgYlA,141.0
1052,0,yaKWBgLg,IvQQZbJW,141.0
1052,0,lkujKSJT,yaKWBgLg,141.0
1052,0,twMezfOU,lkujKSJT,141.0
1052,0,OyJKKata,twMezfOU,93.0
1052,0,duRJdiSr,OyJKKata,93.0
1052,0,uiYVYPQX,duRJdiSr,68.0
1052,0,ozAxYCwR,uiYVYPQX,68.0
455,0,BlnSxBAr,KcvPUxQg,6380.0
455,0,WuDSdBCd,BlnSxBAr,6472.0
455,0,icUsjZEb,WuDSdBCd,6392.0
455,0,lhadwkCG,icUsjZEb,6392.0
455,0,awnNVqry,lhadwkCG,6392.0
455,0,ohBbDhvM,awnNVqry,6399.0
455,0,EYCnMsAF,ohBbDhvM,6399.0
455,0,tNDnmkQy,EYCnMsAF,6418.0
455,0,XjEyEHqT,tNDnmkQy,6418.0
455,0,IvqxNjHK,XjEyEHqT,6440.0
455,0,SyrqOGJb,IvqxNjHK,6451.0
455,0,NcLanIdZ,SyrqOGJb,6459.0
455,0,OyNIynZV,NcLanIdZ,6316.0
455,0,FGvzNZYi,OyNIynZV,6315.0
455,0,ydoNqUsu,FGvzNZYi,6338.0
455,0,yYSDLmlm,ydoNqUsu,6031.0
455,0,eOdwAkBF,yYSDLmlm,6806.0
455,0,FDCDnriY,eOdwAkBF,6806.0
455,0,DCdKJxNH,FDCDnriY,6463.0
455,0,DsuTXcIa,DCdKJxNH,4288.0
455,0,bgWfLree,DsuTXcIa,4279.0
455,0,MlQcmexA,bgWfLree,4279.0
455,0,tSmiUoPn,MlQcmexA,3266.0
455,0,VuxSFkGj,tSmiUoPn,3266.0
455,0,SQUoXVXU,VuxSFkGj,3254.0
455,0,tZiWmgTn,SQUoXVXU,3026.0
455,0,JpkWIkgn,tZiWmgTn,3008.0
455,0,gDnuvefz,JpkWIkgn,3008.0
455,0,rqBqDfoZ,gDnuvefz,3008.0
455,0,yhXmuUeN,rqBqDfoZ,2644.0
455,0,BqZQArDi,yhXmuUeN,1900.0
455,0,xbiDwIOu,BqZQArDi,1810.0
455,0,zVYhNTdK,xbiDwIOu,1810.0
455,0,EkWBPXmr,zVYhNTdK,1810.0
985,0,aDaRCcaB,YxUFlvZH,1563.0
985,0,dQYZBhGJ,aDaRCcaB,1293.0
985,0,iFderoVa,dQYZBhGJ,1293.0
985,0,GQmprOhw,iFderoVa,1549.0
985,0,CbblRkaH,GQmprOhw,1567.0
985,0,BldTZUAI,CbblRkaH,1603.0
985,0,nBYHMnkU,BldTZUAI,1405.0
971,0,sUAChhLU,nBYHMnkU,1290.0
455,0,KcvPUxQg,ePrpofUw,4837.0
594,0,OeXJgkRW,grMhZquG,513.0
594,0,GdpNupee,OeXJgkRW,513.0
594,0,EiybrpzE,GdpNupee,504.0
594,0,YiexuWUO,EiybrpzE,504.0
594,0,NQsRzhNW,YiexuWUO,473.0
594,0,xAJVMHqO,NQsRzhNW,481.0
594,0,dycwBUSP,xAJVMHqO,481.0
594,0,igOcnIRX,dycwBUSP,481.0
594,0,dQYZBhGJ,igOcnIRX,230.0
594,0,iFderoVa,dQYZBhGJ,230.0
594,0,GQmprOhw,iFderoVa,230.0
594,0,CbblRkaH,GQmprOhw,226.0
594,0,BldTZUAI,CbblRkaH,226.0
594,0,nBYHMnkU,BldTZUAI,221.0
596,0,YxUFlvZH,vyItOGON,1351.0
596,0,KMLNQwjh,YxUFlvZH,1285.0
596,0,aDaRCcaB,KMLNQwjh,435.0
596,0,dQYZBhGJ,aDaRCcaB,400.0
596,0,iFderoVa,dQYZBhGJ,400.0
596,0,GQmprOhw,iFderoVa,400.0
596,0,CbblRkaH,GQmprOhw,325.0
596,0,BldTZUAI,CbblRkaH,325.0
596,0,nBYHMnkU,BldTZUAI,249.0
625,0,XNHVHmHa,apwTQKga,1259.0
625,0,vGqwislq,XNHVHmHa,1259.0
625,0,AwLiWVdI,vGqwislq,1270.0
625,0,XBhuaxff,AwLiWVdI,1270.0
985,0,ZfNDFPcl,UxPxrYmy,2220.0
985,0,KwXNMHkb,ZfNDFPcl,2220.0
985,0,YxUFlvZH,KwXNMHkb,2220.0
455,0,NFInfBeu,kKKRBhFF,4435.0
455,0,VCQdmIoF,NFInfBeu,4450.0
455,0,ePrpofUw,VCQdmIoF,4450.0
625,0,apwTQKga,lBjlyorh,1014.0
625,0,ZTCNsviV,ODNKqRCQ,555.0
625,0,GBYHqHQO,ZTCNsviV,555.0
625,0,lBjlyorh,GBYHqHQO,555.0
455,0,WdOwNGhj,xfbmoJHP,3260.0
455,0,kKKRBhFF,WdOwNGhj,3272.0
625,0,ODNKqRCQ,iPzquFzR,516.0
596,0,vyItOGON,tTbFYEPP,878.0
1061,0,NCSBLEus,AJLJQqsT,62.0
1061,0,xfbmoJHP,NCSBLEus,69.0
1061,0,WdOwNGhj,xfbmoJHP,69.0
1061,0,kKKRBhFF,WdOwNGhj,69.0
1061,0,NFInfBeu,kKKRBhFF,69.0
1061,0,VCQdmIoF,NFInfBeu,69.0
1061,0,ePrpofUw,VCQdmIoF,69.0
1061,0,KcvPUxQg,ePrpofUw,69.0
1061,0,BlnSxBAr,KcvPUxQg,69.0
1061,0,TCBUGaZf,BlnSxBAr,69.0
1061,0,pzcCDVmZ,TCBUGaZf,69.0
1061,0,AUBTKFbY,pzcCDVmZ,69.0
1061,0,fjevhefZ,AUBTKFbY,69.0
1061,0,vyQyYYqJ,fjevhefZ,69.0
1061,0,ztLkgYlA,vyQyYYqJ,69.0
1061,0,IvQQZbJW,ztLkgYlA,69.0
1061,0,yaKWBgLg,IvQQZbJW,69.0
1061,0,lkujKSJT,yaKWBgLg,69.0
1061,0,twMezfOU,lkujKSJT,69.0
1061,0,OyJKKata,twMezfOU,69.0
1061,0,MqGZxRIW,OyJKKata,69.0
1061,0,FcOkCcps,MqGZxRIW,69.0
1061,0,uiYVYPQX,FcOkCcps,69.0
1061,0,wihERHzN,uiYVYPQX,59.0
1061,0,vspNPtqb,wihERHzN,59.0
1061,0,jiaBsTdI,vspNPtqb,59.0
1061,0,iVtHnErr,jiaBsTdI,59.0
1061,0,nsjiKPCz,iVtHnErr,59.0
1061,0,vfdAIPGv,nsjiKPCz,59.0
1061,0,inJVXMtB,vfdAIPGv,47.0
1061,0,ubZrQMid,inJVXMtB,47.0
1061,0,gBkmsEyR,ubZrQMid,47.0
1061,0,cGoHBmgo,gBkmsEyR,44.0
1061,0,EkWBPXmr,cGoHBmgo,44.0
985,0,hqOmlOIp,RrhmmPMm,1747.0
985,0,qJgsxHch,hqOmlOIp,1747.0
985,0,lxplrluY,qJgsxHch,1747.0
985,0,zTJYYUap,lxplrluY,1747.0
985,0,UxPxrYmy,zTJYYUap,1747.0
924,0,illGQStO,sTaleXyI,3677.0
924,0,AUrIxxcC,illGQStO,3552.0
924,0,zqZasXpA,AUrIxxcC,3586.0
924,0,EYGEAZtD,zqZasXpA,3586.0
924,0,AJLJQqsT,EYGEAZtD,3586.0
924,0,NCSBLEus,AJLJQqsT,3622.0
924,0,xfbmoJHP,NCSBLEus,3524.0
985,0,YxYhlArE,NqSePdAx,1582.0
985,0,sAswhpJr,YxYhlArE,1582.0
985,0,VyHGAkTo,sAswhpJr,1582.0
985,0,RrhmmPMm,VyHGAkTo,1582.0
1061,0,TJDsQDoO,HdBHspFM,28.0
1061,0,yTictHOU,TJDsQDoO,28.0
1061,0,illGQStO,yTictHOU,28.0
1061,0,AUrIxxcC,illGQStO,28.0
1061,0,zqZasXpA,AUrIxxcC,28.0
1061,0,EYGEAZtD,zqZasXpA,28.0
1061,0,AJLJQqsT,EYGEAZtD,28.0
985,0,sceVWPKZ,dvaPHMux,1278.0
985,0,kIKddsaQ,sceVWPKZ,1278.0
985,0,NqSePdAx,kIKddsaQ,1278.0
1047,0,illGQStO,gIrHwcsI,840.0
1047,0,AUrIxxcC,illGQStO,545.0
1047,0,zqZasXpA,AUrIxxcC,545.0
1047,0,EYGEAZtD,zqZasXpA,545.0
1047,0,AJLJQqsT,EYGEAZtD,545.0
1047,0,NCSBLEus,AJLJQqsT,489.0
1047,0,xfbmoJHP,NCSBLEus,488.0
1047,0,WdOwNGhj,xfbmoJHP,225.0
1047,0,kKKRBhFF,WdOwNGhj,209.0
1047,0,NFInfBeu,kKKRBhFF,206.0
1047,0,VCQdmIoF,NFInfBeu,206.0
1047,0,ePrpofUw,VCQdmIoF,206.0
1047,0,KcvPUxQg,ePrpofUw,205.0
1047,0,BlnSxBAr,KcvPUxQg,205.0
1047,0,TCBUGaZf,BlnSxBAr,205.0
1047,0,pzcCDVmZ,TCBUGaZf,156.0
1047,0,AUBTKFbY,pzcCDVmZ,156.0
1047,0,fjevhefZ,AUBTKFbY,145.0
1047,0,vyQyYYqJ,fjevhefZ,145.0
1047,0,ztLkgYlA,vyQyYYqJ,145.0
1047,0,IvQQZbJW,ztLkgYlA,125.0
1047,0,yaKWBgLg,IvQQZbJW,125.0
1047,0,lkujKSJT,yaKWBgLg,125.0
1047,0,twMezfOU,lkujKSJT,122.0
1047,0,OyJKKata,twMezfOU,122.0
1047,0,MqGZxRIW,OyJKKata,122.0
1047,0,FcOkCcps,MqGZxRIW,114.0
1064,0,IWkYeNgA,uiSiNEQq,2241.0
1064,0,AGDZrVfo,IWkYeNgA,2255.0
1064,0,INegqJKU,AGDZrVfo,2475.0
1064,0,xokKvraT,INegqJKU,2457.0
1064,0,HaSZVkzu,xokKvraT,2457.0
1064,0,yjaYbUGq,HaSZVkzu,2457.0
1064,0,LbyQgJih,yjaYbUGq,2457.0
1064,0,FPXdCAOW,LbyQgJih,2457.0
1064,0,ouHKxPGS,FPXdCAOW,2457.0
1064,0,GEijdcGW,ouHKxPGS,2453.0
1064,0,MKKzwAOv,GEijdcGW,2453.0
1064,0,mhDCqtpx,MKKzwAOv,2443.0
1064,0,TJDsQDoO,mhDCqtpx,2443.0
1064,0,yTictHOU,TJDsQDoO,2432.0
1064,0,illGQStO,yTictHOU,2430.0
1064,0,AUrIxxcC,illGQStO,2430.0
1064,0,zqZasXpA,AUrIxxcC,2429.0
1064,0,EYGEAZtD,zqZasXpA,2429.0
1064,0,AJLJQqsT,EYGEAZtD,2429.0
1064,0,NCSBLEus,AJLJQqsT,2429.0
1064,0,xfbmoJHP,NCSBLEus,2253.0
1068,0,aLFpJPgR,jEhGDfoN,1753.0
1068,0,cZLwCFQo,aLFpJPgR,1759.0
1068,0,rxrORjnb,cZLwCFQo,1759.0
1068,0,UVDfwOgc,rxrORjnb,1575.0
1068,0,TJDsQDoO,UVDfwOgc,1570.0
1068,0,illGQStO,TJDsQDoO,1569.0
1068,0,zqZasXpA,illGQStO,1551.0
1068,0,AJLJQqsT,zqZasXpA,1551.0
1068,0,NCSBLEus,AJLJQqsT,1550.0
1068,0,xfbmoJHP,NCSBLEus,1548.0
1068,0,WdOwNGhj,xfbmoJHP,1174.0
1068,0,kKKRBhFF,WdOwNGhj,968.0
1068,0,NFInfBeu,kKKRBhFF,967.0
1068,0,VCQdmIoF,NFInfBeu,967.0
1068,0,ePrpofUw,VCQdmIoF,967.0
1068,0,BlnSxBAr,ePrpofUw,967.0
1068,0,TCBUGaZf,BlnSxBAr,485.0
1068,0,pzcCDVmZ,TCBUGaZf,194.0
1068,0,sNuKvPuW,pzcCDVmZ,185.0
1068,0,fjevhefZ,sNuKvPuW,185.0
1068,0,vyQyYYqJ,fjevhefZ,178.0
1068,0,ztLkgYlA,vyQyYYqJ,169.0
1068,0,yaKWBgLg,ztLkgYlA,93.0
1068,0,lkujKSJT,yaKWBgLg,93.0
1068,0,twMezfOU,lkujKSJT,93.0
1068,0,OyJKKata,twMezfOU,93.0
1068,0,MqGZxRIW,OyJKKata,70.0
1068,0,FcOkCcps,MqGZxRIW,70.0
1068,0,uiYVYPQX,FcOkCcps,70.0
1068,0,wihERHzN,uiYVYPQX,35.0
1068,0,jiaBsTdI,wihERHzN,35.0
1068,0,iVtHnErr,jiaBsTdI,35.0
1068,0,nsjiKPCz,iVtHnErr,35.0
1068,0,vfdAIPGv,nsjiKPCz,35.0
1068,0,inJVXMtB,vfdAIPGv,34.0
1068,0,ubZrQMid,inJVXMtB,34.0
1068,0,gBkmsEyR,ubZrQMid,34.0
1068,0,cGoHBmgo,gBkmsEyR,25.0
1068,0,EkWBPXmr,cGoHBmgo,25.0
924,0,Vtdujofe,VKAAZZOV,3117.0
924,0,edTVGmZc,Vtdujofe,3117.0
924,0,iqwCaPZT,edTVGmZc,3117.0
924,0,qqDoWQdv,iqwCaPZT,3117.0
924,0,eymgjBxV,qqDoWQdv,2954.0
924,0,EonJeQKz,eymgjBxV,3086.0
924,0,vkWqgNph,EonJeQKz,3086.0
924,0,nJRQzVZQ,vkWqgNph,3086.0
924,0,xunvufHj,nJRQzVZQ,3149.0
924,0,rxrORjnb,xunvufHj,3141.0
924,0,UVDfwOgc,rxrORjnb,3040.0
924,0,HdBHspFM,UVDfwOgc,3040.0
924,0,TJDsQDoO,HdBHspFM,3249.0
924,0,yTictHOU,TJDsQDoO,3407.0
924,0,sTaleXyI,yTictHOU,3407.0
924,0,TNTzUMyF,HyvnzuHA,1856.0
924,0,avRuCqLk,TNTzUMyF,1856.0
924,0,wIAALBva,avRuCqLk,1856.0
924,0,nxBXRnVc,wIAALBva,1856.0
924,0,sXWHYDNZ,nxBXRnVc,1932.0
924,0,VKAAZZOV,sXWHYDNZ,1932.0
858,0,spmlaYUs,qIuTLVvj,836.0
858,0,qqDoWQdv,spmlaYUs,836.0
858,0,eymgjBxV,qqDoWQdv,769.0
858,0,EonJeQKz,eymgjBxV,761.0
858,0,vkWqgNph,EonJeQKz,761.0
858,0,nJRQzVZQ,vkWqgNph,761.0
858,0,xunvufHj,nJRQzVZQ,747.0
858,0,rxrORjnb,xunvufHj,747.0
858,0,UVDfwOgc,rxrORjnb,747.0
858,0,TJDsQDoO,UVDfwOgc,733.0
858,0,yTictHOU,TJDsQDoO,733.0
858,0,sTaleXyI,yTictHOU,733.0
858,0,illGQStO,sTaleXyI,732.0
858,0,AUrIxxcC,illGQStO,721.0
858,0,zqZasXpA,AUrIxxcC,721.0
858,0,EYGEAZtD,zqZasXpA,721.0
858,0,AJLJQqsT,EYGEAZtD,721.0
858,0,NCSBLEus,AJLJQqsT,712.0
858,0,xfbmoJHP,NCSBLEus,712.0
912,0,mgDGiHEE,FwvYcAgk,509.0
912,0,dQOncjgh,mgDGiHEE,671.0
912,0,QiaFfhxS,dQOncjgh,709.0
912,0,rilNZKmg,QiaFfhxS,709.0
912,0,MgfOYJbA,rilNZKmg,704.0
912,0,qIuTLVvj,MgfOYJbA,704.0
912,0,spmlaYUs,qIuTLVvj,639.0
912,0,qqDoWQdv,spmlaYUs,639.0
912,0,eymgjBxV,qqDoWQdv,636.0
912,0,EonJeQKz,eymgjBxV,632.0
912,0,vkWqgNph,EonJeQKz,632.0
912,0,nJRQzVZQ,vkWqgNph,632.0
912,0,xunvufHj,nJRQzVZQ,614.0
912,0,rxrORjnb,xunvufHj,614.0
912,0,UVDfwOgc,rxrORjnb,614.0
912,0,TJDsQDoO,UVDfwOgc,600.0
912,0,yTictHOU,TJDsQDoO,600.0
912,0,sTaleXyI,yTictHOU,600.0
912,0,illGQStO,sTaleXyI,595.0
912,0,AUrIxxcC,illGQStO,572.0
912,0,zqZasXpA,AUrIxxcC,572.0
912,0,EYGEAZtD,zqZasXpA,572.0
912,0,AJLJQqsT,EYGEAZtD,572.0
912,0,NCSBLEus,AJLJQqsT,556.0
912,0,xfbmoJHP,NCSBLEus,553.0
750,0,GIlSPhwi,SOtvIsgL,2217.0
750,0,ZPJGdbAJ,GIlSPhwi,2217.0
750,0,xfbmoJHP,ZPJGdbAJ,2214.0
35,0,fwfbiPwk,drmArhka,6256.0
35,0,cGoHBmgo,fwfbiPwk,7359.0
35,0,EkWBPXmr,cGoHBmgo,7359.0
417,0,TShNRujB,hxSTJhOz,9004.0
417,0,zVYhNTdK,TShNRujB,6330.0
417,0,EkWBPXmr,zVYhNTdK,6324.0
35,0,XypZkLUe,gaLZwYvS,6421.0
35,0,drmArhka,XypZkLUe,6421.0
417,0,hxSTJhOz,rDSiGFpR,8991.0
35,0,gaLZwYvS,qFzqwYZZ,6043.0
477,0,NKCxdwhs,mYoRZvtc,1491.0
477,0,eeSdZFhf,NKCxdwhs,1491.0
477,0,UaWwvNMO,eeSdZFhf,1506.0
477,0,gFAsBeQM,UaWwvNMO,1506.0
477,0,rDSiGFpR,gFAsBeQM,1044.0
35,0,qFzqwYZZ,MBTcSIip,6201.0
417,0,LOkvvGyU,FqxCUuHX,7208.0
417,0,DYErCrqd,LOkvvGyU,9163.0
417,0,LbKosGpD,DYErCrqd,9163.0
417,0,rDSiGFpR,LbKosGpD,8491.0
417,0,tSUFrefk,ZMeqpjWv,6337.0
417,0,FqxCUuHX,tSUFrefk,6367.0
35,0,ppabfQGz,rloRqLNl,7319.0
35,0,MBTcSIip,ppabfQGz,6954.0
417,0,AFWGXQGm,BsVmblhs,4256.0
417,0,WTiRZunt,AFWGXQGm,4256.0
417,0,ZMeqpjWv,WTiRZunt,4256.0
465,0,XFLojCJa,cPCRxZjy,7790.0
465,0,mHRdWDIt,XFLojCJa,7790.0
465,0,NBopaFdP,mHRdWDIt,7438.0
465,0,LbKosGpD,NBopaFdP,7438.0
465,0,rDSiGFpR,LbKosGpD,7418.0
465,0,hxSTJhOz,rDSiGFpR,4433.0
465,0,TShNRujB,hxSTJhOz,4363.0
465,0,zVYhNTdK,TShNRujB,1573.0
465,0,EkWBPXmr,zVYhNTdK,1567.0
417,0,yayPNqiY,oQvXmJfL,3763.0
417,0,BsVmblhs,yayPNqiY,3761.0
357,0,cPCRxZjy,LPfgjVyT,4215.0
357,0,qpacHTVx,cPCRxZjy,3962.0
357,0,XFLojCJa,qpacHTVx,3962.0
357,0,mHRdWDIt,XFLojCJa,3962.0
357,0,NBopaFdP,mHRdWDIt,3938.0
357,0,LbKosGpD,NBopaFdP,3938.0
357,0,rDSiGFpR,LbKosGpD,3938.0
357,0,hxSTJhOz,rDSiGFpR,3172.0
357,0,TShNRujB,hxSTJhOz,3170.0
357,0,xbiDwIOu,TShNRujB,912.0
357,0,zVYhNTdK,xbiDwIOu,912.0
357,0,EkWBPXmr,zVYhNTdK,900.0
1139,0,LLvlNCEB,sDgMDbLK,1910.0
1139,0,ZMeqpjWv,LLvlNCEB,1894.0
1139,0,tSUFrefk,ZMeqpjWv,1894.0
1139,0,FqxCUuHX,tSUFrefk,1852.0
1139,0,LOkvvGyU,FqxCUuHX,1697.0
1139,0,DYErCrqd,LOkvvGyU,1697.0
1139,0,rDSiGFpR,DYErCrqd,1697.0
1139,0,hxSTJhOz,rDSiGFpR,1147.0
1139,0,TShNRujB,hxSTJhOz,1147.0
1139,0,xbiDwIOu,TShNRujB,600.0
1139,0,zVYhNTdK,xbiDwIOu,600.0
1139,0,EkWBPXmr,zVYhNTdK,600.0
417,0,oQvXmJfL,HYfXIyFk,3654.0
357,0,LPfgjVyT,cniBuICf,3090.0
357,0,cniBuICf,WtPVEKaC,2630.0
417,0,TUpCuZAw,YmDpkIHQ,3585.0
417,0,HYfXIyFk,TUpCuZAw,3585.0
35,0,TiulEaYs,FliRNcXy,6397.0
35,0,dwUntJQR,TiulEaYs,6408.0
35,0,rloRqLNl,dwUntJQR,6408.0
1139,0,faYOimYm,EZnTnoxs,1469.0
1139,0,cmGUMIAA,faYOimYm,1516.0
1139,0,sDgMDbLK,cmGUMIAA,1516.0
357,0,WtPVEKaC,BYsSDXCP,2469.0
35,0,LfENZYTF,TNZDhyQb,5428.0
35,0,FliRNcXy,LfENZYTF,5428.0
357,0,BYsSDXCP,zjSAMvDn,2244.0
1139,0,aaOdCJPr,ezbmnBKa,1078.0
1139,0,EZnTnoxs,aaOdCJPr,1078.0
35,0,aFlzccOO,DYvQviUy,5092.0
35,0,TNZDhyQb,aFlzccOO,4814.0
1511,0,fubLBmAl,DOGyniWl,11861.0
1511,0,zjSAMvDn,fubLBmAl,11861.0
1511,0,BYsSDXCP,zjSAMvDn,11549.0
1511,0,WtPVEKaC,BYsSDXCP,11418.0
1511,0,cniBuICf,WtPVEKaC,9343.0
1511,0,LPfgjVyT,cniBuICf,9343.0
1511,0,cPCRxZjy,LPfgjVyT,7363.0
1511,0,XFLojCJa,cPCRxZjy,6848.0
1511,0,mHRdWDIt,XFLojCJa,6848.0
1511,0,NBopaFdP,mHRdWDIt,6755.0
1511,0,LbKosGpD,NBopaFdP,6755.0
1511,0,rDSiGFpR,LbKosGpD,6692.0
1511,0,hxSTJhOz,rDSiGFpR,5218.0
1511,0,TShNRujB,hxSTJhOz,5152.0
1511,0,xbiDwIOu,TShNRujB,3943.0
1511,0,zVYhNTdK,xbiDwIOu,3943.0
1511,0,EkWBPXmr,zVYhNTdK,3862.0
1741,0,YmkUpvHU,qKeCDDXI,1612.0
1741,0,GbYxEXTt,YmkUpvHU,1652.0
1741,0,ItndWSiW,GbYxEXTt,1652.0
1741,0,DOGyniWl,ItndWSiW,716.0
1741,0,fubLBmAl,DOGyniWl,716.0
1741,0,zjSAMvDn,fubLBmAl,716.0
1741,0,BYsSDXCP,zjSAMvDn,946.0
1741,0,WtPVEKaC,BYsSDXCP,930.0
1741,0,cniBuICf,WtPVEKaC,877.0
1741,0,LPfgjVyT,cniBuICf,878.0
1741,0,cPCRxZjy,LPfgjVyT,1017.0
1741,0,XFLojCJa,cPCRxZjy,1017.0
1741,0,mHRdWDIt,XFLojCJa,1017.0
1741,0,NBopaFdP,mHRdWDIt,1015.0
1741,0,LbKosGpD,NBopaFdP,1015.0
1245,0,OajDKDnO,jIFrASnh,563.0
1245,0,fQIJDuOA,OajDKDnO,563.0
1245,0,ZBegLuFw,fQIJDuOA,563.0
1245,0,yHDouIXe,ZBegLuFw,632.0
1245,0,aFlzccOO,yHDouIXe,665.0
1245,0,TNZDhyQb,aFlzccOO,828.0
1245,0,LfENZYTF,TNZDhyQb,1106.0
1245,0,FliRNcXy,LfENZYTF,1106.0
1245,0,TiulEaYs,FliRNcXy,1706.0
1245,0,dwUntJQR,TiulEaYs,1713.0
1245,0,ppabfQGz,dwUntJQR,1713.0
1245,0,MBTcSIip,ppabfQGz,2084.0
1245,0,qFzqwYZZ,MBTcSIip,2120.0
1245,0,gaLZwYvS,qFzqwYZZ,2569.0
1245,0,XypZkLUe,gaLZwYvS,2667.0
1245,0,drmArhka,XypZkLUe,2667.0
35,0,DYvQviUy,RfEbENxd,4350.0
1139,0,qGIkRenz,yrWAEsGy,801.0
1139,0,ytUqATXS,qGIkRenz,801.0
1139,0,sHwmfZBx,ytUqATXS,828.0
1139,0,OJyOyFXO,sHwmfZBx,713.0
1139,0,ezbmnBKa,OJyOyFXO,714.0
1511,0,GpnhEWuy,QDIpIlEK,9349.0
1511,0,YmkUpvHU,GpnhEWuy,9238.0
1511,0,GbYxEXTt,YmkUpvHU,11370.0
1511,0,DOGyniWl,GbYxEXTt,10664.0
77,0,jQaLNViL,XJRnAJHc,5785.0
77,0,RfEbENxd,jQaLNViL,5034.0
77,0,DYvQviUy,RfEbENxd,3756.0
77,0,aFlzccOO,DYvQviUy,3404.0
77,0,TNZDhyQb,aFlzccOO,2922.0
77,0,LfENZYTF,TNZDhyQb,2922.0
77,0,FliRNcXy,LfENZYTF,2922.0
77,0,TiulEaYs,FliRNcXy,2624.0
77,0,dwUntJQR,TiulEaYs,2624.0
77,0,rloRqLNl,dwUntJQR,2624.0
77,0,ppabfQGz,rloRqLNl,2397.0
77,0,MBTcSIip,ppabfQGz,2397.0
77,0,qFzqwYZZ,MBTcSIip,2377.0
77,0,gaLZwYvS,qFzqwYZZ,2078.0
77,0,XypZkLUe,gaLZwYvS,2070.0
77,0,drmArhka,XypZkLUe,2070.0
77,0,fwfbiPwk,drmArhka,2049.0
77,0,EkWBPXmr,fwfbiPwk,1567.0
1139,0,hCbDNPhh,kzneBolb,726.0
1139,0,oFLgHrco,hCbDNPhh,726.0
1139,0,yrWAEsGy,oFLgHrco,728.0
35,0,jQaLNViL,WynPMslR,4931.0
35,0,RfEbENxd,jQaLNViL,4568.0
1505,0,WCllcJIC,wxsBzgDc,7954.0
1505,0,OXcUkifL,WCllcJIC,8694.0
1505,0,POsNTwnJ,OXcUkifL,9012.0
1505,0,YmkUpvHU,POsNTwnJ,8996.0
1511,0,GgLRqpEG,uhUmvvRs,11374.0
1511,0,WFZVQzrl,GgLRqpEG,10316.0
1511,0,GiONHkbf,WFZVQzrl,9606.0
1511,0,QDIpIlEK,GiONHkbf,8815.0
233,0,GiONHkbf,aFxztqGh,2269.0
233,0,QDIpIlEK,GiONHkbf,1986.0
1505,0,wxsBzgDc,IfDrXrwx,7258.0
77,0,WUWIxCFc,OdzEGWPG,4085.0
77,0,XJRnAJHc,WUWIxCFc,4085.0
233,0,xwyDeZpB,ckoHNDVp,1686.0
233,0,aFxztqGh,xwyDeZpB,1825.0
1468,0,xwyDeZpB,ZsdtRkBt,399.0
1468,0,aFxztqGh,xwyDeZpB,399.0
1468,0,GiONHkbf,aFxztqGh,438.0
1468,0,QDIpIlEK,GiONHkbf,438.0
1468,0,GpnhEWuy,QDIpIlEK,204.0
35,0,vHkAlmCm,GnOurcjN,4120.0
35,0,WynPMslR,vHkAlmCm,4130.0
1505,0,poajKJhB,zUgDRwiy,7171.0
1505,0,wDKuLbjL,poajKJhB,7176.0
1505,0,IfDrXrwx,wDKuLbjL,7335.0
1468,0,PZviXSbJ,hHvKehYu,10.0
1468,0,liXJvIPl,PZviXSbJ,256.0
1468,0,mwBDLsCe,liXJvIPl,256.0
1468,0,OsteSFoc,mwBDLsCe,256.0
1468,0,rEXMwzJR,OsteSFoc,256.0
1468,0,ZsdtRkBt,rEXMwzJR,256.0
77,0,ruogAkOJ,cQHgTjKq,3776.0
77,0,tndfGrTh,ruogAkOJ,3776.0
77,0,OdzEGWPG,tndfGrTh,3776.0
77,0,cQHgTjKq,wGTdgRcU,3536.0
1484,0,HcKLTTXk,UgdUAhSn,400.0
1484,0,mexFgKBp,HcKLTTXk,400.0
1484,0,KIvXTDlT,mexFgKBp,400.0
1484,0,TgzZcdmy,KIvXTDlT,400.0
1484,0,SEjojzMr,TgzZcdmy,400.0
1484,0,WCllcJIC,SEjojzMr,400.0
1484,0,OXcUkifL,WCllcJIC,400.0
1484,0,POsNTwnJ,OXcUkifL,372.0
1484,0,rRGVruPM,POsNTwnJ,372.0
1484,0,YmkUpvHU,rRGVruPM,372.0
1484,0,GbYxEXTt,YmkUpvHU,372.0
1484,0,DOGyniWl,GbYxEXTt,372.0
1484,0,fubLBmAl,DOGyniWl,372.0
1484,0,zjSAMvDn,fubLBmAl,372.0
1484,0,BYsSDXCP,zjSAMvDn,372.0
1484,0,WtPVEKaC,BYsSDXCP,372.0
1484,0,cniBuICf,WtPVEKaC,151.0
1484,0,LPfgjVyT,cniBuICf,151.0
1484,0,cPCRxZjy,LPfgjVyT,128.0
1484,0,XFLojCJa,cPCRxZjy,128.0
1484,0,mHRdWDIt,XFLojCJa,128.0
1484,0,NBopaFdP,mHRdWDIt,128.0
1484,0,LbKosGpD,NBopaFdP,128.0
1484,0,rDSiGFpR,LbKosGpD,128.0
1484,0,hxSTJhOz,rDSiGFpR,115.0
1484,0,TShNRujB,hxSTJhOz,115.0
1484,0,xbiDwIOu,TShNRujB,63.0
1484,0,zVYhNTdK,xbiDwIOu,63.0
1484,0,EkWBPXmr,zVYhNTdK,63.0
233,0,TdXLhpcB,miDIXkTS,1123.0
233,0,ckoHNDVp,TdXLhpcB,1472.0
362,0,fpBSsIiN,kVypOvQA,159.0
362,0,vDrIQGSM,fpBSsIiN,159.0
362,0,wYGnXViz,vDrIQGSM,159.0
362,0,BCaYhIgf,wYGnXViz,159.0
362,0,jvuOCfJT,BCaYhIgf,174.0
362,0,vGKZybsV,jvuOCfJT,174.0
362,0,lEwLedpG,vGKZybsV,144.0
362,0,GtMUYUwJ,lEwLedpG,142.0
362,0,lQIpGOTn,GtMUYUwJ,142.0
362,0,uhUmvvRs,lQIpGOTn,134.0
362,0,GgLRqpEG,uhUmvvRs,97.0
362,0,WFZVQzrl,GgLRqpEG,97.0
362,0,GiONHkbf,WFZVQzrl,87.0
362,0,QDIpIlEK,GiONHkbf,87.0
362,0,GpnhEWuy,QDIpIlEK,74.0
362,0,YmkUpvHU,GpnhEWuy,74.0
362,0,GbYxEXTt,YmkUpvHU,74.0
362,0,DOGyniWl,GbYxEXTt,64.0
362,0,fubLBmAl,DOGyniWl,64.0
362,0,zjSAMvDn,fubLBmAl,64.0
362,0,BYsSDXCP,zjSAMvDn,61.0
362,0,WtPVEKaC,BYsSDXCP,59.0
362,0,cniBuICf,WtPVEKaC,59.0
362,0,LPfgjVyT,cniBuICf,59.0
362,0,cPCRxZjy,LPfgjVyT,40.0
362,0,qpacHTVx,cPCRxZjy,40.0
362,0,XFLojCJa,qpacHTVx,40.0
362,0,mHRdWDIt,XFLojCJa,40.0
362,0,NBopaFdP,mHRdWDIt,40.0
362,0,LbKosGpD,NBopaFdP,40.0
362,0,rDSiGFpR,LbKosGpD,40.0
362,0,hxSTJhOz,rDSiGFpR,35.0
362,0,TShNRujB,hxSTJhOz,33.0
362,0,xbiDwIOu,TShNRujB,32.0
362,0,zVYhNTdK,xbiDwIOu,32.0
362,0,EkWBPXmr,zVYhNTdK,32.0
1435,0,xgzyCPTg,HAmwZMhM,5857.0
1435,0,XWLETkPz,xgzyCPTg,5857.0
1435,0,RSQixiib,XWLETkPz,5857.0
1435,0,qrzeRBPC,RSQixiib,9593.0
1435,0,phXawcIY,qrzeRBPC,9593.0
1435,0,EXTmTMKf,phXawcIY,7216.0
35,0,yfIoPTHo,EXTmTMKf,3416.0
35,0,GnOurcjN,yfIoPTHo,3422.0
1750,0,nOepWjtB,zfmNZkKD,2729.0
1750,0,kNXaohyL,nOepWjtB,2729.0
1750,0,gJicbLzN,kNXaohyL,2729.0
1750,0,lRwVVbKf,gJicbLzN,2786.0
1750,0,HcKLTTXk,lRwVVbKf,5206.0
1750,0,IvXmMOhB,HcKLTTXk,5233.0
1750,0,KIvXTDlT,IvXmMOhB,5248.0
1750,0,TgzZcdmy,KIvXTDlT,5248.0
1750,0,SEjojzMr,TgzZcdmy,5248.0
1750,0,oBYetVBr,SEjojzMr,4928.0
1750,0,GiONHkbf,oBYetVBr,4652.0
1750,0,QDIpIlEK,GiONHkbf,4541.0
77,0,meZHMfSd,yTNmoAGc,3262.0
77,0,wGTdgRcU,meZHMfSd,3262.0
35,0,zjGRmLyo,JGydtICe,2886.0
35,0,EXTmTMKf,zjGRmLyo,2917.0
36,0,JGydtICe,RtTLxXUv,2448.0
36,0,zjGRmLyo,JGydtICe,2448.0
36,0,EXTmTMKf,zjGRmLyo,2448.0
36,0,yfIoPTHo,EXTmTMKf,2448.0
36,0,GnOurcjN,yfIoPTHo,2448.0
36,0,vHkAlmCm,GnOurcjN,2448.0
36,0,WynPMslR,vHkAlmCm,2448.0
36,0,jQaLNViL,WynPMslR,2448.0
36,0,RfEbENxd,jQaLNViL,1770.0
36,0,DYvQviUy,RfEbENxd,1446.0
36,0,aFlzccOO,DYvQviUy,1438.0
36,0,TNZDhyQb,aFlzccOO,1404.0
36,0,LfENZYTF,TNZDhyQb,1404.0
36,0,FliRNcXy,LfENZYTF,1404.0
36,0,TiulEaYs,FliRNcXy,1351.0
36,0,dwUntJQR,TiulEaYs,1351.0
36,0,rloRqLNl,dwUntJQR,1351.0
36,0,ppabfQGz,rloRqLNl,1124.0
36,0,MBTcSIip,ppabfQGz,1124.0
36,0,qFzqwYZZ,MBTcSIip,1027.0
36,0,gaLZwYvS,qFzqwYZZ,916.0
36,0,XypZkLUe,gaLZwYvS,916.0
36,0,drmArhka,XypZkLUe,916.0
36,0,fwfbiPwk,drmArhka,908.0
36,0,cGoHBmgo,fwfbiPwk,639.0
36,0,EkWBPXmr,cGoHBmgo,639.0
1702,0,KOOURKwq,ALndweLA,2785.0
1702,0,VkuawVVW,KOOURKwq,2765.0
1702,0,iooOeHkN,VkuawVVW,2797.0
1702,0,DgeiAShx,iooOeHkN,2797.0
1511,0,jFRqfnFl,qeXIqBgp,10463.0
1511,0,ysSWNERo,jFRqfnFl,10741.0
1511,0,lEwLedpG,ysSWNERo,10712.0
1511,0,lQIpGOTn,lEwLedpG,11304.0
1511,0,uhUmvvRs,lQIpGOTn,11304.0
35,0,uCftfjda,aBQaRmrC,1448.0
35,0,JGydtICe,uCftfjda,1448.0
77,0,wDEypHfE,QCBPrBCl,2982.0
77,0,yTNmoAGc,wDEypHfE,2956.0
77,0,rGYrQqGa,OUTzwMHI,2934.0
77,0,QCBPrBCl,rGYrQqGa,2934.0
143,0,mexFgKBp,NrNaZyPp,2036.0
143,0,KIvXTDlT,mexFgKBp,1142.0
143,0,TgzZcdmy,KIvXTDlT,1142.0
143,0,SEjojzMr,TgzZcdmy,1142.0
143,0,WCllcJIC,SEjojzMr,755.0
143,0,OXcUkifL,WCllcJIC,755.0
143,0,POsNTwnJ,OXcUkifL,745.0
143,0,rRGVruPM,POsNTwnJ,745.0
143,0,YmkUpvHU,rRGVruPM,344.0
762,0,dHuMOmqh,HqehCtdr,4606.0
762,0,mdiSFJRM,dHuMOmqh,4674.0
762,0,ljNlRbnZ,mdiSFJRM,4674.0
762,0,VbMcfGsr,ljNlRbnZ,4319.0
762,0,MttNRhjN,VbMcfGsr,4319.0
762,0,HeidvHXY,MttNRhjN,4319.0
762,0,CCoJPQpR,HeidvHXY,4319.0
762,0,veAXvdUO,CCoJPQpR,7441.0
762,0,UgdUAhSn,veAXvdUO,7441.0
762,0,HcKLTTXk,UgdUAhSn,5816.0
762,0,zUgDRwiy,HcKLTTXk,5506.0
36,0,HxnLIWQq,tcbhlVZo,1442.0
36,0,wqGWmwVd,HxnLIWQq,1967.0
36,0,ACkvbmee,wqGWmwVd,1967.0
36,0,FtWuEuzF,ACkvbmee,1967.0
36,0,RtTLxXUv,FtWuEuzF,1967.0
852,0,nsbHlbAq,WhHfbZWj,1424.0
852,0,cwgbfpqq,nsbHlbAq,1424.0
852,0,fMrlznIn,cwgbfpqq,1424.0
852,0,uXKxCjNA,fMrlznIn,1424.0
852,0,bOiSLYGO,uXKxCjNA,1424.0
852,0,mhgPTzcZ,bOiSLYGO,1736.0
852,0,WFZVQzrl,mhgPTzcZ,1736.0
852,0,GiONHkbf,WFZVQzrl,1736.0
852,0,QDIpIlEK,GiONHkbf,1736.0
852,0,GpnhEWuy,QDIpIlEK,1736.0
852,0,YmkUpvHU,GpnhEWuy,1736.0
852,0,GbYxEXTt,YmkUpvHU,1736.0
852,0,DOGyniWl,GbYxEXTt,1736.0
852,0,fubLBmAl,DOGyniWl,1736.0
852,0,zjSAMvDn,fubLBmAl,1736.0
852,0,BYsSDXCP,zjSAMvDn,1703.0
852,0,WtPVEKaC,BYsSDXCP,1702.0
852,0,cniBuICf,WtPVEKaC,1635.0
852,0,LPfgjVyT,cniBuICf,1635.0
852,0,cPCRxZjy,LPfgjVyT,1501.0
852,0,XFLojCJa,cPCRxZjy,1500.0
852,0,mHRdWDIt,XFLojCJa,1500.0
852,0,NBopaFdP,mHRdWDIt,1498.0
852,0,LbKosGpD,NBopaFdP,1498.0
852,0,rDSiGFpR,LbKosGpD,1498.0
852,0,hxSTJhOz,rDSiGFpR,1437.0
852,0,TShNRujB,hxSTJhOz,1437.0
852,0,xbiDwIOu,TShNRujB,1164.0
852,0,zVYhNTdK,xbiDwIOu,1164.0
852,0,EkWBPXmr,zVYhNTdK,1164.0
780,0,VEiYdotb,AhWKwjTz,6776.0
780,0,DgYBMgPg,VEiYdotb,6777.0
780,0,vkArqzKY,DgYBMgPg,7062.0
780,0,gzTQJVMW,vkArqzKY,7062.0
780,0,FZsFzszJ,gzTQJVMW,3219.0
1511,0,ALhaazBT,FZsFzszJ,2585.0
1511,0,AUmOMGnp,ALhaazBT,2856.0
1511,0,ejMjPdTH,AUmOMGnp,2913.0
1511,0,eaNsVWDR,ejMjPdTH,3962.0
1511,0,hpACGGyB,eaNsVWDR,5654.0
1511,0,ywuGpANM,hpACGGyB,5852.0
1511,0,BZCtSmhk,ywuGpANM,9528.0
1511,0,qeXIqBgp,BZCtSmhk,10488.0
1441,0,JZbiEaEt,LsuNFzpq,1216.0
1441,0,RchOKnYD,JZbiEaEt,945.0
1441,0,BMDeXhVp,RchOKnYD,945.0
1441,0,ZqBGCTqq,BMDeXhVp,945.0
1441,0,HxnLIWQq,ZqBGCTqq,935.0
1441,0,wqGWmwVd,HxnLIWQq,912.0
1441,0,ACkvbmee,wqGWmwVd,883.0
1441,0,FtWuEuzF,ACkvbmee,883.0
1441,0,RtTLxXUv,FtWuEuzF,880.0
1441,0,JGydtICe,RtTLxXUv,940.0
565,0,PQDqFTyk,qQFDKzdu,849.0
565,0,SOzmnmNW,PQDqFTyk,611.0
565,0,OhBAPvsb,SOzmnmNW,611.0
762,0,HqehCtdr,OhBAPvsb,4794.0
803,0,lhYDMMsV,LNRgsQQF,1243.0
803,0,dHuMOmqh,lhYDMMsV,1248.0
803,0,shEBYolm,dHuMOmqh,924.0
803,0,ljNlRbnZ,shEBYolm,924.0
803,0,MttNRhjN,ljNlRbnZ,908.0
803,0,HeidvHXY,MttNRhjN,908.0
803,0,CCoJPQpR,HeidvHXY,908.0
803,0,veAXvdUO,CCoJPQpR,908.0
803,0,UgdUAhSn,veAXvdUO,908.0
803,0,HcKLTTXk,UgdUAhSn,765.0
803,0,IvXmMOhB,HcKLTTXk,765.0
803,0,KIvXTDlT,IvXmMOhB,606.0
803,0,TgzZcdmy,KIvXTDlT,573.0
803,0,SEjojzMr,TgzZcdmy,573.0
803,0,WCllcJIC,SEjojzMr,526.0
803,0,OXcUkifL,WCllcJIC,447.0
803,0,POsNTwnJ,OXcUkifL,349.0
803,0,rRGVruPM,POsNTwnJ,193.0
803,0,YmkUpvHU,rRGVruPM,193.0
836,0,UGBWqSzR,aImltWBw,3263.0
836,0,ywuGpANM,UGBWqSzR,3287.0
836,0,BZCtSmhk,ywuGpANM,6073.0
77,0,tcHYhVZo,XkkxwlXm,2728.0
77,0,OUTzwMHI,tcHYhVZo,2568.0
1484,0,llFTEWtD,IulxyPoH,57.0
1484,0,SgXyhVwd,llFTEWtD,57.0
1484,0,fPhIOSOj,SgXyhVwd,85.0
1484,0,dHuMOmqh,fPhIOSOj,85.0
1484,0,mdiSFJRM,dHuMOmqh,218.0
1484,0,KSJnwxVm,mdiSFJRM,218.0
1484,0,shEBYolm,KSJnwxVm,218.0
1484,0,ljNlRbnZ,shEBYolm,218.0
1484,0,VbMcfGsr,ljNlRbnZ,224.0
1484,0,MttNRhjN,VbMcfGsr,224.0
1484,0,CCoJPQpR,MttNRhjN,224.0
1484,0,veAXvdUO,CCoJPQpR,260.0
1484,0,UgdUAhSn,veAXvdUO,260.0
36,0,GMrJWgHs,OaJoPLeC,380.0
36,0,tTjpyeuP,GMrJWgHs,380.0
36,0,elxmPCDf,tTjpyeuP,380.0
36,0,tcbhlVZo,elxmPCDf,380.0
36,0,DFiOxLfP,OQfDwOIF,366.0
36,0,OaJoPLeC,DFiOxLfP,366.0
77,0,PQuXHWcA,ZFSCrBEp,2425.0
77,0,XkkxwlXm,PQuXHWcA,2425.0
994,0,KnIeolpt,RyhuDLev,6587.0
994,0,GMrJWgHs,KnIeolpt,6589.0
994,0,tTjpyeuP,GMrJWgHs,6563.0
994,0,elxmPCDf,tTjpyeuP,6563.0
994,0,tcbhlVZo,elxmPCDf,6563.0
994,0,HxnLIWQq,tcbhlVZo,3940.0
994,0,wqGWmwVd,HxnLIWQq,3934.0
994,0,ACkvbmee,wqGWmwVd,3934.0
994,0,FtWuEuzF,ACkvbmee,3934.0
994,0,RtTLxXUv,FtWuEuzF,3933.0
994,0,JGydtICe,RtTLxXUv,3698.0
560,0,IjDfGHsr,hzAARBgX,1612.0
560,0,TFRpjaAo,IjDfGHsr,1612.0
560,0,JhdinCeD,TFRpjaAo,1734.0
560,0,ZIieNEvD,JhdinCeD,1734.0
560,0,jvLymITs,ZIieNEvD,1734.0
560,0,jJVVpGMf,jvLymITs,1578.0
560,0,tcYerYbk,jJVVpGMf,1578.0
560,0,pPKqPUVW,tcYerYbk,1578.0
560,0,iYTiOTOT,pPKqPUVW,1578.0
560,0,dLtneiKf,iYTiOTOT,1578.0
560,0,slfxTuih,dLtneiKf,1578.0
560,0,XFPAZveS,slfxTuih,1376.0
560,0,WjGJosho,XFPAZveS,1126.0
77,0,fXFJjsZH,DKTMYVhM,2301.0
77,0,zKpOsJgw,fXFJjsZH,2301.0
77,0,ZFSCrBEp,zKpOsJgw,2301.0
994,0,fzmnvqlX,SEcoeimf,5275.0
994,0,RyhuDLev,fzmnvqlX,5275.0
77,0,SvkqEtGw,HbaaqMIK,2003.0
77,0,DKTMYVhM,SvkqEtGw,2003.0
994,0,zzxlwhdI,wssOAckJ,3583.0
994,0,SEcoeimf,zzxlwhdI,2891.0
1554,0,kTKiYpVR,EPQxNUoM,3867.0
1554,0,bjpXdchK,kTKiYpVR,2751.0
1554,0,dEgXqWEW,bjpXdchK,2751.0
1554,0,ZWGREbnj,dEgXqWEW,2751.0
1554,0,cgIzawVB,ZWGREbnj,2751.0
1554,0,CbYTLXWK,cgIzawVB,2751.0
1554,0,kWrGTFqC,CbYTLXWK,2751.0
1554,0,ubEwIGdf,kWrGTFqC,2745.0
1554,0,aBKtLgYB,ubEwIGdf,2745.0
1554,0,qduHdsCL,aBKtLgYB,2745.0
1554,0,GYMzAvFw,qduHdsCL,2745.0
1554,0,VXAxIwYs,GYMzAvFw,2745.0
1554,0,ZHWKFCEn,VXAxIwYs,2721.0
1554,0,KbemmdTp,ZHWKFCEn,2704.0
1554,0,wTVyxBBy,KbemmdTp,2704.0
1554,0,LNRgsQQF,wTVyxBBy,2704.0
1554,0,lhYDMMsV,LNRgsQQF,2697.0
1554,0,OhgtKZPi,lhYDMMsV,2697.0
1554,0,dHuMOmqh,OhgtKZPi,2697.0
1554,0,mdiSFJRM,dHuMOmqh,1837.0
1554,0,KSJnwxVm,mdiSFJRM,1731.0
1554,0,shEBYolm,KSJnwxVm,1731.0
1554,0,ljNlRbnZ,shEBYolm,1731.0
1554,0,VbMcfGsr,ljNlRbnZ,1705.0
1554,0,MttNRhjN,VbMcfGsr,1705.0
1554,0,HeidvHXY,MttNRhjN,1705.0
1554,0,CCoJPQpR,HeidvHXY,1705.0
1554,0,veAXvdUO,CCoJPQpR,1284.0
1554,0,UgdUAhSn,veAXvdUO,1284.0
1554,0,HcKLTTXk,UgdUAhSn,1276.0
1554,0,mexFgKBp,HcKLTTXk,1081.0
1554,0,KIvXTDlT,mexFgKBp,711.0
1554,0,TgzZcdmy,KIvXTDlT,711.0
1554,0,SEjojzMr,TgzZcdmy,711.0
1554,0,WCllcJIC,SEjojzMr,678.0
1554,0,OXcUkifL,WCllcJIC,388.0
1554,0,POsNTwnJ,OXcUkifL,386.0
1554,0,rRGVruPM,POsNTwnJ,386.0
1554,0,YmkUpvHU,rRGVruPM,199.0
994,0,wssOAckJ,obGcbWvT,2985.0
77,0,MwUoGUHv,aXWsLpyQ,1925.0
77,0,lndqhzzh,MwUoGUHv,1925.0
77,0,jOvjucEC,lndqhzzh,1925.0
77,0,HbaaqMIK,jOvjucEC,1925.0
941,0,avmqjzBH,aYSNYmnY,3308.0
941,0,jEVQeNyS,avmqjzBH,3552.0
941,0,HeRuYpNs,jEVQeNyS,3552.0
941,0,qRJySzaf,HeRuYpNs,3066.0
941,0,LTfflVxG,qRJySzaf,3066.0
941,0,AhWKwjTz,LTfflVxG,2168.0
941,0,VEiYdotb,AhWKwjTz,1952.0
941,0,DgYBMgPg,VEiYdotb,1951.0
941,0,yjQwxGED,DgYBMgPg,1415.0
941,0,KPcRWbGT,yjQwxGED,1415.0
941,0,uGRyXcfW,KPcRWbGT,1415.0
941,0,HlhFjJtZ,uGRyXcfW,1435.0
941,0,ALhaazBT,HlhFjJtZ,1435.0
1511,0,FZsFzszJ,gzTQJVMW,2495.0
994,0,QyfZGsFT,JgVaSAtG,2348.0
994,0,selTNsQi,QyfZGsFT,2348.0
994,0,SfBAqteg,selTNsQi,2348.0
994,0,obGcbWvT,SfBAqteg,2348.0
1511,0,gzTQJVMW,RVEyrwjR,2267.0
1558,0,KqFhDHZN,yHaTCNJc,332.0
1558,0,bCNvXuax,KqFhDHZN,1690.0
1558,0,HDmoIVra,bCNvXuax,1733.0
1558,0,tfRCwcQZ,HDmoIVra,1733.0
1558,0,ltfHcqwC,tfRCwcQZ,1825.0
1558,0,VUmYNFZt,ltfHcqwC,1825.0
1558,0,pnYEWPBG,VUmYNFZt,1825.0
1558,0,IANlmbvg,pnYEWPBG,2160.0
1558,0,LjfvDYFE,IANlmbvg,2638.0
1558,0,MhGEPaGW,LjfvDYFE,2646.0
1558,0,ZHWKFCEn,MhGEPaGW,2605.0
1558,0,LNRgsQQF,ZHWKFCEn,2574.0
1558,0,lhYDMMsV,LNRgsQQF,2583.0
1558,0,OhgtKZPi,lhYDMMsV,2583.0
1558,0,dHuMOmqh,OhgtKZPi,2583.0
1558,0,mdiSFJRM,dHuMOmqh,2416.0
1558,0,KSJnwxVm,mdiSFJRM,2186.0
1558,0,shEBYolm,KSJnwxVm,2186.0
1558,0,ljNlRbnZ,shEBYolm,2186.0
1558,0,VbMcfGsr,ljNlRbnZ,2184.0
1558,0,MttNRhjN,VbMcfGsr,2184.0
1558,0,CCoJPQpR,MttNRhjN,2184.0
1558,0,veAXvdUO,CCoJPQpR,1922.0
1558,0,UgdUAhSn,veAXvdUO,1922.0
1558,0,HcKLTTXk,UgdUAhSn,1915.0
1558,0,IvXmMOhB,HcKLTTXk,1725.0
1558,0,KIvXTDlT,IvXmMOhB,1587.0
1558,0,TgzZcdmy,KIvXTDlT,1587.0
1558,0,SEjojzMr,TgzZcdmy,1587.0
1558,0,WCllcJIC,SEjojzMr,1581.0
1558,0,OXcUkifL,WCllcJIC,1177.0
1558,0,POsNTwnJ,OXcUkifL,1159.0
1558,0,rRGVruPM,POsNTwnJ,1159.0
1558,0,YmkUpvHU,rRGVruPM,992.0
1511,0,RVEyrwjR,XLVjRryq,498.0
1083,0,jobllKUJ,pqZYMbGr,3626.0
1083,0,cKlxsEIa,jobllKUJ,3626.0
1083,0,POeaLshN,cKlxsEIa,3626.0
1083,0,nvtqczOj,POeaLshN,3626.0
1083,0,FdzHSswJ,nvtqczOj,3317.0
1083,0,qmRscxuH,FdzHSswJ,3483.0
1083,0,zrVEttwl,qmRscxuH,3221.0
1083,0,KhQckqci,zrVEttwl,3221.0
1083,0,NkYJOxxA,KhQckqci,3221.0
1083,0,Phtvjmoj,NkYJOxxA,3225.0
1083,0,iRgZVaoH,Phtvjmoj,4434.0
1083,0,KbKyxild,iRgZVaoH,4434.0
1083,0,WzJZybAt,KbKyxild,4029.0
1083,0,wBZvskGC,WzJZybAt,4001.0
1083,0,pHbSfQWg,wBZvskGC,5352.0
1083,0,hlYcHDiv,pHbSfQWg,5352.0
1083,0,ZUUFaTkv,hlYcHDiv,5352.0
1083,0,jgCiOeaN,ZUUFaTkv,5375.0
1083,0,TikfrWrm,jgCiOeaN,5375.0
1083,0,RabBrvbh,TikfrWrm,6324.0
1083,0,yAsGVYQM,RabBrvbh,6324.0
1083,0,XFPAZveS,yAsGVYQM,16574.0
1083,0,ejMjPdTH,XFPAZveS,16632.0
1083,0,CKorGRkE,ejMjPdTH,8718.0
1083,0,eaNsVWDR,CKorGRkE,5043.0
77,0,TBShKgjD,yOopALph,1805.0
77,0,aXWsLpyQ,TBShKgjD,1805.0
779,0,khOlLZay,CDXhVrrJ,4209.0
736,0,NxbXiMUL,MyGqmywG,6921.0
1511,0,XLVjRryq,NxbXiMUL,229.0
367,0,CgMBzfIg,OXvlrfnG,2382.0
367,0,BCwVkMhO,CgMBzfIg,2382.0
367,0,MpBHVRZl,BCwVkMhO,2139.0
367,0,BWKNZpmt,MpBHVRZl,2141.0
367,0,hMBIVszx,BWKNZpmt,2155.0
367,0,JgVaSAtG,hMBIVszx,2155.0
367,0,QyfZGsFT,JgVaSAtG,2210.0
367,0,selTNsQi,QyfZGsFT,2210.0
367,0,SfBAqteg,selTNsQi,2210.0
367,0,obGcbWvT,SfBAqteg,2210.0
367,0,wssOAckJ,obGcbWvT,2238.0
367,0,zzxlwhdI,wssOAckJ,2853.0
367,0,SEcoeimf,zzxlwhdI,2757.0
367,0,fzmnvqlX,SEcoeimf,3765.0
367,0,RyhuDLev,fzmnvqlX,3765.0
367,0,KnIeolpt,RyhuDLev,4214.0
367,0,GMrJWgHs,KnIeolpt,4215.0
367,0,tTjpyeuP,GMrJWgHs,4395.0
367,0,elxmPCDf,tTjpyeuP,4395.0
367,0,tcbhlVZo,elxmPCDf,4395.0
367,0,HxnLIWQq,tcbhlVZo,5406.0
367,0,wqGWmwVd,HxnLIWQq,5902.0
367,0,ACkvbmee,wqGWmwVd,5911.0
367,0,FtWuEuzF,ACkvbmee,5911.0
367,0,RtTLxXUv,FtWuEuzF,5914.0
367,0,JGydtICe,RtTLxXUv,6751.0
1511,0,vDFCntfg,YvwuVYMF,207.0
1511,0,iEKDTvNf,vDFCntfg,207.0
1511,0,NxbXiMUL,iEKDTvNf,207.0
367,0,OXvlrfnG,iZfXNAue,2331.0
71,0,dEwNKLNy,vaPtcLuK,1424.0
367,0,Uacajbua,wcUGKfLa,1654.0
367,0,ZLCIvgrp,Uacajbua,1661.0
367,0,ucVTqZIB,ZLCIvgrp,1567.0
367,0,FDrhtNjK,ucVTqZIB,1567.0
367,0,YVGWiGkc,FDrhtNjK,1567.0
367,0,CqPWXNIf,YVGWiGkc,1567.0
367,0,iZfXNAue,CqPWXNIf,1538.0
616,0,fElpHioA,TJGhHrvm,906.0
616,0,PaLbQtln,fElpHioA,1044.0
616,0,rqBqDfoZ,PaLbQtln,1044.0
616,0,yhXmuUeN,rqBqDfoZ,1953.0
319,0,zVYhNTdK,yhXmuUeN,1892.0
319,0,EkWBPXmr,zVYhNTdK,1892.0
234,0,xewbkqhz,AHLLTOdf,4737.0
234,0,mklbELhb,xewbkqhz,4656.0
234,0,yhXmuUeN,mklbELhb,4573.0
234,0,BqZQArDi,yhXmuUeN,2638.0
234,0,xbiDwIOu,BqZQArDi,2638.0
234,0,zVYhNTdK,xbiDwIOu,2638.0
234,0,EkWBPXmr,zVYhNTdK,2631.0
234,0,AHLLTOdf,JSZZmOIY,4970.0
319,0,zavSPsgu,YjHuxjDZ,5767.0
319,0,UrQlyWkl,zavSPsgu,4796.0
319,0,mklbELhb,UrQlyWkl,3415.0
319,0,yhXmuUeN,mklbELhb,1848.0
399,0,WPPGaTFA,RupFhEwj,2584.0
399,0,JSZZmOIY,WPPGaTFA,2584.0
399,0,AHLLTOdf,JSZZmOIY,2306.0
399,0,xewbkqhz,AHLLTOdf,1407.0
399,0,mklbELhb,xewbkqhz,1407.0
399,0,yhXmuUeN,mklbELhb,1407.0
399,0,BqZQArDi,yhXmuUeN,746.0
399,0,xbiDwIOu,BqZQArDi,746.0
399,0,zVYhNTdK,xbiDwIOu,746.0
399,0,EkWBPXmr,zVYhNTdK,746.0
234,0,JSZZmOIY,tBJBJfdu,3643.0
591,0,xQpNdvvD,GigUVtty,5007.0
591,0,VuxSFkGj,xQpNdvvD,4999.0
591,0,SQUoXVXU,VuxSFkGj,4999.0
591,0,tZiWmgTn,SQUoXVXU,4982.0
591,0,JpkWIkgn,tZiWmgTn,4982.0
591,0,gDnuvefz,JpkWIkgn,4982.0
591,0,rqBqDfoZ,gDnuvefz,4982.0
591,0,dkEskUud,rqBqDfoZ,4194.0
591,0,BqZQArDi,dkEskUud,1098.0
591,0,zVYhNTdK,BqZQArDi,1097.0
591,0,EkWBPXmr,zVYhNTdK,1091.0
319,0,CZfJWCoJ,xfYjeqNM,5425.0
319,0,IdWZOznf,CZfJWCoJ,5425.0
319,0,XGxJlapP,IdWZOznf,5470.0
319,0,YjHuxjDZ,XGxJlapP,5472.0
647,0,bCOJrgoA,qDeoslSZ,1089.0
647,0,uTcsgvmK,bCOJrgoA,1094.0
647,0,PrdzzRyE,uTcsgvmK,1094.0
1744,0,xfYjeqNM,UWSJuCAz,4528.0
319,0,xfYjeqNM,RSPZrGBg,5680.0
647,0,qDeoslSZ,hLEWSLqw,456.0
399,0,eciAPzhn,zYpZYpOA,1480.0
399,0,tOfkaukv,eciAPzhn,1480.0
399,0,exzjGTVf,tOfkaukv,1480.0
399,0,CcTUkfkl,exzjGTVf,1480.0
399,0,tglFZOrp,CcTUkfkl,2136.0
399,0,SqxhBMol,tglFZOrp,2136.0
399,0,vIqdsoZx,SqxhBMol,2515.0
399,0,RupFhEwj,vIqdsoZx,2515.0
234,0,UECnapuN,bWAbaUPC,4423.0
234,0,uVsOstge,UECnapuN,4646.0
234,0,tBJBJfdu,uVsOstge,4637.0
1197,0,CRZgpQHT,RQiSRtZp,579.0
1197,0,uDuzeUsq,CRZgpQHT,579.0
1197,0,ilYJImqh,uDuzeUsq,582.0
1197,0,gpXWTuwm,ilYJImqh,582.0
1197,0,jKjAXpVP,gpXWTuwm,556.0
1197,0,XXPGaRGh,jKjAXpVP,559.0
1197,0,IMtkgxTU,XXPGaRGh,559.0
1197,0,MlQcmexA,IMtkgxTU,559.0
1197,0,tSmiUoPn,MlQcmexA,512.0
1197,0,VuxSFkGj,tSmiUoPn,512.0
1197,0,SQUoXVXU,VuxSFkGj,512.0
1197,0,tZiWmgTn,SQUoXVXU,468.0
1197,0,JpkWIkgn,tZiWmgTn,336.0
1197,0,gDnuvefz,JpkWIkgn,336.0
1197,0,rqBqDfoZ,gDnuvefz,336.0
1197,0,yhXmuUeN,rqBqDfoZ,333.0
1197,0,BqZQArDi,yhXmuUeN,161.0
1197,0,xbiDwIOu,BqZQArDi,161.0
1197,0,zVYhNTdK,xbiDwIOu,161.0
1197,0,EkWBPXmr,zVYhNTdK,161.0
234,0,bWAbaUPC,cEOIeJTR,4495.0
293,0,cEOIeJTR,CfleTooC,2415.0
293,0,bWAbaUPC,cEOIeJTR,2415.0
293,0,qrSNpKDz,bWAbaUPC,1923.0
293,0,UECnapuN,qrSNpKDz,1891.0
293,0,FZYojuVE,UECnapuN,1891.0
293,0,uVsOstge,FZYojuVE,1868.0
293,0,tBJBJfdu,uVsOstge,1748.0
293,0,JSZZmOIY,tBJBJfdu,1191.0
293,0,AHLLTOdf,JSZZmOIY,1188.0
293,0,xewbkqhz,AHLLTOdf,1132.0
293,0,mklbELhb,xewbkqhz,1132.0
293,0,yhXmuUeN,mklbELhb,1099.0
293,0,BqZQArDi,yhXmuUeN,465.0
293,0,xbiDwIOu,BqZQArDi,465.0
293,0,zVYhNTdK,xbiDwIOu,465.0
293,0,EkWBPXmr,zVYhNTdK,458.0
465,0,nGRNUPgX,ARTSSefO,8018.0
465,0,cPCRxZjy,nGRNUPgX,7100.0
1197,0,jPryMrof,xMTUUeEc,630.0
1197,0,jkJwqjHm,jPryMrof,630.0
1197,0,jKMBgxbE,jkJwqjHm,630.0
1197,0,RQiSRtZp,jKMBgxbE,630.0
95,0,VyegGjWt,kKHgYdYp,5.0
95,0,rLrKZBjw,VyegGjWt,5.0
95,0,eBAbFKqQ,rLrKZBjw,5.0
95,0,cniBuICf,eBAbFKqQ,5.0
95,0,LPfgjVyT,cniBuICf,5.0
95,0,cPCRxZjy,LPfgjVyT,5.0
95,0,qpacHTVx,cPCRxZjy,5.0
95,0,XFLojCJa,qpacHTVx,5.0
95,0,mHRdWDIt,XFLojCJa,5.0
95,0,NBopaFdP,mHRdWDIt,5.0
95,0,LbKosGpD,NBopaFdP,5.0
95,0,rDSiGFpR,LbKosGpD,5.0
95,0,hxSTJhOz,rDSiGFpR,5.0
95,0,TShNRujB,hxSTJhOz,5.0
95,0,xbiDwIOu,TShNRujB,5.0
95,0,zVYhNTdK,xbiDwIOu,5.0
95,0,EkWBPXmr,zVYhNTdK,5.0
399,0,CYSggHNR,IkxLwyxa,992.0
399,0,VhgapMoa,CYSggHNR,993.0
399,0,dKbqWpcD,VhgapMoa,993.0
399,0,zYpZYpOA,dKbqWpcD,993.0
146,0,zAwPDfkg,RWixPrCB,787.0
146,0,eBAbFKqQ,zAwPDfkg,787.0
146,0,cniBuICf,eBAbFKqQ,663.0
146,0,LPfgjVyT,cniBuICf,663.0
146,0,cPCRxZjy,LPfgjVyT,483.0
146,0,qpacHTVx,cPCRxZjy,482.0
146,0,XFLojCJa,qpacHTVx,482.0
146,0,mHRdWDIt,XFLojCJa,482.0
146,0,NBopaFdP,mHRdWDIt,482.0
146,0,LbKosGpD,NBopaFdP,482.0
146,0,rDSiGFpR,LbKosGpD,482.0
146,0,hxSTJhOz,rDSiGFpR,385.0
146,0,TShNRujB,hxSTJhOz,385.0
146,0,zVYhNTdK,TShNRujB,282.0
146,0,EkWBPXmr,zVYhNTdK,282.0
319,0,STSGJiIu,TdfMaTlB,5260.0
319,0,vpctkpYQ,STSGJiIu,5260.0
319,0,EBckcZXF,vpctkpYQ,5281.0
319,0,buAeVenh,EBckcZXF,5431.0
319,0,ARTSSefO,buAeVenh,5431.0
319,0,KMDYeUKg,ARTSSefO,5485.0
319,0,FrlvFFoW,KMDYeUKg,5746.0
319,0,UCIDNTPZ,FrlvFFoW,5725.0
319,0,RSPZrGBg,UCIDNTPZ,5746.0
234,0,hCxxcqWU,IOcMwGKn,4584.0
234,0,pPReLBCT,hCxxcqWU,4583.0
234,0,gUXxyAlR,pPReLBCT,4499.0
234,0,cEOIeJTR,gUXxyAlR,4499.0
234,0,IOcMwGKn,ybjkPLXB,4531.0
399,0,nJRBvlcT,YmbmpLps,416.0
399,0,IkxLwyxa,nJRBvlcT,709.0
293,0,fjbmYxRB,SzEcLYsf,1672.0
293,0,hCxxcqWU,fjbmYxRB,1672.0
293,0,gUXxyAlR,hCxxcqWU,1731.0
293,0,CfleTooC,gUXxyAlR,2333.0
146,0,WweXYmbm,JODrgTwh,1122.0
146,0,RWixPrCB,WweXYmbm,1122.0
399,0,JGbfxLUL,KQSHMGnw,254.0
399,0,IjwLXBRx,JGbfxLUL,254.0
399,0,YmbmpLps,IjwLXBRx,254.0
989,0,fjevhefZ,AUBTKFbY,6938.0
989,0,vyQyYYqJ,fjevhefZ,6824.0
989,0,ztLkgYlA,vyQyYYqJ,6812.0
319,0,OPXtWBVk,gqwqEGtD,4911.0
319,0,SvGtXrYj,OPXtWBVk,4641.0
319,0,TdfMaTlB,SvGtXrYj,4544.0
234,0,OAywdpTB,BpAiVnps,3595.0
234,0,ufvngNip,OAywdpTB,4389.0
234,0,ybjkPLXB,ufvngNip,4390.0
357,0,dlzglDFV,yFEIEiOj,1446.0
357,0,pZATYgJX,dlzglDFV,1446.0
357,0,DkqFSkSd,pZATYgJX,1426.0
357,0,bZroqIhX,DkqFSkSd,1426.0
357,0,zjSAMvDn,bZroqIhX,1422.0
591,0,TqlJzItM,adsviABF,5102.0
591,0,IjwLXBRx,TqlJzItM,5071.0
591,0,nJRBvlcT,IjwLXBRx,5070.0
591,0,IkxLwyxa,nJRBvlcT,4595.0
591,0,CYSggHNR,IkxLwyxa,4585.0
591,0,VhgapMoa,CYSggHNR,4595.0
591,0,dKbqWpcD,VhgapMoa,4595.0
591,0,zYpZYpOA,dKbqWpcD,4595.0
591,0,xbeOVhLE,zYpZYpOA,4672.0
591,0,IpBcScgC,xbeOVhLE,4553.0
591,0,aYvzRwqU,IpBcScgC,4553.0
591,0,mVhkAqwx,aYvzRwqU,4549.0
591,0,GigUVtty,mVhkAqwx,4543.0
679,0,goaumTLR,jXeBpcDF,4290.0
679,0,vNMxowJX,goaumTLR,4268.0
679,0,voZaDctr,vNMxowJX,4118.0
679,0,cttUtMNm,voZaDctr,4118.0
465,0,OPXtWBVk,nPkrzCty,9749.0
465,0,SvGtXrYj,OPXtWBVk,9060.0
465,0,TdfMaTlB,SvGtXrYj,9073.0
465,0,STSGJiIu,TdfMaTlB,8292.0
465,0,buAeVenh,STSGJiIu,8292.0
465,0,ARTSSefO,buAeVenh,8289.0
1567,0,ZIPCqImv,ciAbSxQX,13085.0
1567,0,aWNaUdzp,ZIPCqImv,13085.0
1567,0,FCsbIOBe,aWNaUdzp,15240.0
1567,0,wyEQXfIU,FCsbIOBe,15240.0
1567,0,aRKvwhNi,wyEQXfIU,15240.0
1567,0,eyAJPdep,aRKvwhNi,13922.0
1567,0,RCkelXPh,eyAJPdep,14793.0
465,0,jcExlqwL,RCkelXPh,9033.0
465,0,YctaenCe,jcExlqwL,10008.0
465,0,tzYrVhKO,YctaenCe,10011.0
465,0,UgpyjFML,tzYrVhKO,10012.0
465,0,nPkrzCty,UgpyjFML,8168.0
711,0,ouPwTbuD,qGnNRXVR,2130.0
711,0,LPldZjRa,ouPwTbuD,2356.0
711,0,adsviABF,LPldZjRa,3138.0
711,0,TqlJzItM,adsviABF,3780.0
711,0,IjwLXBRx,TqlJzItM,3071.0
711,0,nJRBvlcT,IjwLXBRx,2433.0
711,0,IkxLwyxa,nJRBvlcT,2044.0
711,0,CYSggHNR,IkxLwyxa,2517.0
321,0,mnAVlSWp,LsQRoNsL,381.0
321,0,aLvvGSoW,mnAVlSWp,381.0
321,0,nPkrzCty,aLvvGSoW,554.0
321,0,OPXtWBVk,nPkrzCty,554.0
321,0,SvGtXrYj,OPXtWBVk,554.0
321,0,TdfMaTlB,SvGtXrYj,554.0
321,0,STSGJiIu,TdfMaTlB,430.0
321,0,vpctkpYQ,STSGJiIu,430.0
321,0,EBckcZXF,vpctkpYQ,430.0
321,0,buAeVenh,EBckcZXF,430.0
321,0,ARTSSefO,buAeVenh,430.0
321,0,KMDYeUKg,ARTSSefO,430.0
321,0,FrlvFFoW,KMDYeUKg,430.0
321,0,UCIDNTPZ,FrlvFFoW,430.0
321,0,RSPZrGBg,UCIDNTPZ,430.0
321,0,xfYjeqNM,RSPZrGBg,318.0
321,0,IdWZOznf,xfYjeqNM,318.0
989,0,AUBTKFbY,pzcCDVmZ,7444.0
319,0,gqwqEGtD,vSdfqYeK,5149.0
319,0,vSdfqYeK,oBjbzljy,1067.0
357,0,zjQVJpHm,ICtDTIBO,788.0
357,0,RBVPcVzH,zjQVJpHm,788.0
357,0,yXKTuRtI,RBVPcVzH,788.0
357,0,yFEIEiOj,yXKTuRtI,1185.0
591,0,LPldZjRa,XMWgellz,5148.0
591,0,adsviABF,LPldZjRa,5148.0
16,0,xGsoSfhX,ozuppJDT,6355.0
16,0,ufvngNip,xGsoSfhX,5881.0
16,0,ybjkPLXB,ufvngNip,5880.0
16,0,IOcMwGKn,ybjkPLXB,5097.0
16,0,hCxxcqWU,IOcMwGKn,5423.0
16,0,gUXxyAlR,hCxxcqWU,5418.0
16,0,cEOIeJTR,gUXxyAlR,5097.0
16,0,bWAbaUPC,cEOIeJTR,5128.0
16,0,UECnapuN,bWAbaUPC,5440.0
16,0,uVsOstge,UECnapuN,5424.0
16,0,tBJBJfdu,uVsOstge,5291.0
16,0,xewbkqhz,tBJBJfdu,6091.0
16,0,mklbELhb,xewbkqhz,6602.0
16,0,yhXmuUeN,mklbELhb,6025.0
465,0,RCkelXPh,eyAJPdep,2786.0
591,0,MpPYcjVn,BYVXItej,1468.0
591,0,DewKhksr,MpPYcjVn,1468.0
591,0,vqGhvZJF,DewKhksr,1468.0
591,0,XMWgellz,vqGhvZJF,2293.0
1376,0,cMUNkugJ,dxlyVRvH,543.0
1376,0,DLdtTvFi,cMUNkugJ,545.0
1376,0,vRWSdFEN,DLdtTvFi,476.0
1376,0,tNTWUPxE,vRWSdFEN,624.0
1376,0,WPBOglHu,tNTWUPxE,624.0
1376,0,ftMGYADA,WPBOglHu,622.0
1376,0,lklhFYFG,ftMGYADA,648.0
1376,0,laWGsLMv,lklhFYFG,648.0
1376,0,JYcdyiOK,laWGsLMv,648.0
1380,0,kueIUJls,XGJiqzLW,544.0
1380,0,LYjhOoFf,kueIUJls,544.0
1380,0,QdWOxWia,LYjhOoFf,766.0
1380,0,gViLrCgA,QdWOxWia,789.0
1380,0,cCSIoIah,gViLrCgA,835.0
1380,0,DLdtTvFi,cCSIoIah,835.0
1380,0,vRWSdFEN,DLdtTvFi,845.0
1380,0,tNTWUPxE,vRWSdFEN,814.0
1380,0,WPBOglHu,tNTWUPxE,814.0
1380,0,ftMGYADA,WPBOglHu,807.0
1380,0,lklhFYFG,ftMGYADA,807.0
1380,0,laWGsLMv,lklhFYFG,787.0
1380,0,tqUAPVAa,laWGsLMv,787.0
1380,0,JYcdyiOK,tqUAPVAa,787.0
1380,0,mTvPylzX,JYcdyiOK,787.0
1380,0,qKDzyFqg,mTvPylzX,787.0
1380,0,mZseJHmU,qKDzyFqg,785.0
1380,0,rClMLArS,mZseJHmU,901.0
1380,0,MHYyLhRG,rClMLArS,901.0
1380,0,CcTUkfkl,MHYyLhRG,804.0
1380,0,tglFZOrp,CcTUkfkl,804.0
1380,0,SqxhBMol,tglFZOrp,592.0
1380,0,vIqdsoZx,SqxhBMol,591.0
1380,0,xkdRvtRu,vIqdsoZx,513.0
1380,0,SjZGieDS,xkdRvtRu,510.0
1380,0,tZiWmgTn,SjZGieDS,405.0
1380,0,gDnuvefz,tZiWmgTn,393.0
1380,0,rqBqDfoZ,gDnuvefz,393.0
1380,0,yhXmuUeN,rqBqDfoZ,330.0
1380,0,BqZQArDi,yhXmuUeN,206.0
1380,0,xbiDwIOu,BqZQArDi,206.0
1380,0,zVYhNTdK,xbiDwIOu,206.0
1380,0,EkWBPXmr,zVYhNTdK,206.0
1255,0,UtwZFZsx,wrsPDGBQ,3581.0
1255,0,QsteKrle,UtwZFZsx,3581.0
1255,0,vqGhvZJF,QsteKrle,3581.0
16,0,xQSKBJml,SwLVnWPq,6356.0
16,0,eXTjiXiW,xQSKBJml,6356.0
16,0,UUCrlfWg,eXTjiXiW,6356.0
16,0,YULSfngF,UUCrlfWg,6356.0
16,0,ozuppJDT,YULSfngF,6352.0
1052,0,TimDJQqX,ouHKxPGS,153.0
1052,0,buoLtkoi,TimDJQqX,153.0
1052,0,NEOaVWFJ,buoLtkoi,184.0
1052,0,RBwynnQe,NEOaVWFJ,184.0
1666,0,uskMapbi,losuIFuX,2798.0
1666,0,yXOuyCwN,uskMapbi,2798.0
1666,0,mSGryPaH,yXOuyCwN,2852.0
1666,0,PITuJYqk,mSGryPaH,2852.0
1666,0,XGJiqzLW,PITuJYqk,2852.0
1255,0,XyHfgUxW,fGmFhgnx,2197.0
1255,0,zjjLSYAp,XyHfgUxW,2207.0
1255,0,wrsPDGBQ,zjjLSYAp,2206.0
1189,0,JxFLnqJu,pkhwWQVf,2192.0
1189,0,GDiQpvtB,JxFLnqJu,2192.0
1189,0,fGmFhgnx,GDiQpvtB,2168.0
1189,0,XyHfgUxW,fGmFhgnx,1237.0
1189,0,zjjLSYAp,XyHfgUxW,1237.0
1189,0,wrsPDGBQ,zjjLSYAp,1237.0
1189,0,UtwZFZsx,wrsPDGBQ,1076.0
1189,0,QsteKrle,UtwZFZsx,1076.0
1189,0,XMWgellz,QsteKrle,1076.0
1180,0,dAjqsFfg,tJbXQuOE,6126.0
1180,0,vizUtPmY,dAjqsFfg,6126.0
1180,0,QewuHWYk,vizUtPmY,6126.0
1180,0,fytASSfG,QewuHWYk,5758.0
1180,0,kFSxtGUW,fytASSfG,5758.0
1180,0,ULMVzkWs,kFSxtGUW,5133.0
1180,0,ZNjvBYak,ULMVzkWs,5133.0
1180,0,wPeqfEci,ZNjvBYak,5256.0
1180,0,MjMDaXaP,wPeqfEci,5256.0
1180,0,hSdNxZqe,MjMDaXaP,5256.0
1303,0,rckblBTM,yQQuLFAg,1034.0
1303,0,fGmFhgnx,rckblBTM,1034.0
1303,0,zjjLSYAp,fGmFhgnx,1123.0
1303,0,wrsPDGBQ,zjjLSYAp,1123.0
1303,0,QsteKrle,wrsPDGBQ,1275.0
1303,0,XMWgellz,QsteKrle,1275.0
1303,0,adsviABF,XMWgellz,1326.0
1303,0,XYiwYIqY,adsviABF,1338.0
1303,0,wvKdtztS,XYiwYIqY,1338.0
1303,0,LBOtcvsG,wvKdtztS,1309.0
1303,0,QncWjmnC,LBOtcvsG,1310.0
1303,0,ERcEoUXY,QncWjmnC,1310.0
1303,0,bWAbaUPC,ERcEoUXY,1035.0
1303,0,niqrIlpR,bWAbaUPC,854.0
1303,0,tBJBJfdu,niqrIlpR,720.0
1303,0,JSZZmOIY,tBJBJfdu,487.0
1303,0,AHLLTOdf,JSZZmOIY,487.0
1303,0,xewbkqhz,AHLLTOdf,417.0
1303,0,mklbELhb,xewbkqhz,417.0
1303,0,yhXmuUeN,mklbELhb,417.0
1303,0,BqZQArDi,yhXmuUeN,257.0
1303,0,xbiDwIOu,BqZQArDi,251.0
1303,0,zVYhNTdK,xbiDwIOu,251.0
1303,0,EkWBPXmr,zVYhNTdK,250.0
465,0,FFGyTMvJ,PkbhOCMh,206.0
465,0,eyAJPdep,FFGyTMvJ,299.0
16,0,rSdxnGDj,otuYkIZd,7242.0
16,0,MkXEUCdM,rSdxnGDj,5481.0
16,0,oiYuCTCe,MkXEUCdM,5481.0
16,0,SwLVnWPq,oiYuCTCe,5536.0
465,0,kjxfKqbD,hSRFRBsa,115.0
465,0,mSXRukCc,kjxfKqbD,142.0
465,0,PkbhOCMh,mSXRukCc,142.0
1262,0,jFRqfnFl,gmsNDepi,12525.0
1262,0,ysSWNERo,jFRqfnFl,11934.0
1262,0,lEwLedpG,ysSWNERo,11807.0
1262,0,GtMUYUwJ,lEwLedpG,11493.0
1262,0,lQIpGOTn,GtMUYUwJ,11387.0
1262,0,uhUmvvRs,lQIpGOTn,10326.0
1262,0,svgtEcQx,uhUmvvRs,10338.0
1262,0,HcPkwFHM,svgtEcQx,9362.0
1262,0,KjuJaNsu,HcPkwFHM,8963.0
1262,0,oNyGHMvy,KjuJaNsu,8383.0
1262,0,QdnKSSsO,oNyGHMvy,8117.0
1262,0,vSdfqYeK,QdnKSSsO,7719.0
1050,0,apXGdFyI,kVWIKiQU,381.0
1050,0,RmlHIOuG,apXGdFyI,341.0
1050,0,lyEmHaNr,RmlHIOuG,341.0
1050,0,wzWDodFe,lyEmHaNr,301.0
1050,0,siPRjksc,wzWDodFe,301.0
1050,0,GIlSPhwi,siPRjksc,301.0
1050,0,ZPJGdbAJ,GIlSPhwi,301.0
1050,0,xfbmoJHP,ZPJGdbAJ,301.0
1497,0,lOYrQfzi,oajqUPaH,1690.0
1497,0,iuewtDUr,lOYrQfzi,1695.0
1497,0,KdEmbmsx,iuewtDUr,1695.0
1497,0,GkYZbgqg,KdEmbmsx,1695.0
1497,0,FlYjxOxQ,GkYZbgqg,1695.0
1497,0,wFSILCzc,FlYjxOxQ,1695.0
1497,0,yQQuLFAg,wFSILCzc,1695.0
1497,0,rUKSlFeh,yQQuLFAg,1695.0
1497,0,rckblBTM,rUKSlFeh,1695.0
1497,0,gKoyUmab,rckblBTM,1695.0
1497,0,fGmFhgnx,gKoyUmab,1642.0
1497,0,XyHfgUxW,fGmFhgnx,1303.0
1497,0,zjjLSYAp,XyHfgUxW,1303.0
1497,0,wrsPDGBQ,zjjLSYAp,1301.0
1497,0,UtwZFZsx,wrsPDGBQ,797.0
1497,0,QsteKrle,UtwZFZsx,797.0
1497,0,vqGhvZJF,QsteKrle,797.0
1318,0,CoFyQOTC,jnDfAorM,4020.0
1318,0,HMiMHaRv,CoFyQOTC,4020.0
1318,0,kLfGGOkq,HMiMHaRv,4020.0
1318,0,ygVaThfM,kLfGGOkq,4020.0
1318,0,otuYkIZd,ygVaThfM,4027.0
1318,0,rSdxnGDj,otuYkIZd,4739.0
835,0,BGChynOq,gKGqSXsa,7244.0
835,0,ffHVhHJj,BGChynOq,7006.0
835,0,itmFNPnQ,ffHVhHJj,7006.0
835,0,mEEGNlDG,itmFNPnQ,7006.0
835,0,njiqgOWt,mEEGNlDG,7001.0
1567,0,TEKQTTfp,YzXnYVPd,3667.0
1567,0,ciAbSxQX,TEKQTTfp,3480.0
1613,0,Buavuklo,OUzlATeX,57.0
1613,0,TGrxyeBm,Buavuklo,57.0
1613,0,lEkTDboF,TGrxyeBm,57.0
1613,0,ZOdTENQq,lEkTDboF,57.0
1613,0,ttqmlghz,ZOdTENQq,57.0
1613,0,dFTlYtXH,ttqmlghz,57.0
1613,0,PZLqDGdx,dFTlYtXH,57.0
1613,0,kjxfKqbD,PZLqDGdx,26.0
1176,0,BdERaXqk,VWFAQayS,2754.0
1176,0,apXGdFyI,BdERaXqk,2754.0
1176,0,RmlHIOuG,apXGdFyI,2737.0
1176,0,gxWRCjNy,RmlHIOuG,2737.0
1176,0,lyEmHaNr,gxWRCjNy,2737.0
1176,0,wzWDodFe,lyEmHaNr,1969.0
1176,0,siPRjksc,wzWDodFe,1969.0
1176,0,SOtvIsgL,siPRjksc,1969.0
1176,0,GIlSPhwi,SOtvIsgL,2127.0
1176,0,ZPJGdbAJ,GIlSPhwi,2127.0
1176,0,IAmXeTgg,ZPJGdbAJ,2127.0
866,0,BgNaSNFf,zKrYjMnL,2471.0
866,0,IsieOPvU,BgNaSNFf,2483.0
866,0,UEPelLBG,IsieOPvU,2494.0
866,0,gpKesHQf,UEPelLBG,2494.0
866,0,lyZkKOPR,gpKesHQf,2494.0
866,0,DorRdqSK,lyZkKOPR,2494.0
866,0,cwgbfpqq,DorRdqSK,2494.0
866,0,fMrlznIn,cwgbfpqq,2494.0
866,0,uXKxCjNA,fMrlznIn,2494.0
866,0,bOiSLYGO,uXKxCjNA,2450.0
866,0,mhgPTzcZ,bOiSLYGO,2370.0
866,0,WFZVQzrl,mhgPTzcZ,2110.0
1255,0,rckblBTM,rUKSlFeh,1645.0
1255,0,gKoyUmab,rckblBTM,1655.0
1255,0,fGmFhgnx,gKoyUmab,1655.0
1303,0,bHagonKv,vacPrbQA,773.0
1303,0,XiLvnZTk,bHagonKv,773.0
1303,0,FlYjxOxQ,XiLvnZTk,776.0
1303,0,yQQuLFAg,FlYjxOxQ,851.0
16,0,CEZTRnUo,qflzswAf,6373.0
16,0,funWfCdm,CEZTRnUo,6373.0
16,0,rnFrOJMw,funWfCdm,6373.0
16,0,MklhhYCQ,rnFrOJMw,6378.0
16,0,MnTeelLR,MklhhYCQ,7992.0
16,0,XnPpfSyF,MnTeelLR,10450.0
16,0,otuYkIZd,XnPpfSyF,10450.0
1221,0,qVxAOUMG,RMvkOcpU,6157.0
1221,0,bYKKzRQT,qVxAOUMG,6157.0
1221,0,CLqSCDPt,bYKKzRQT,6157.0
1221,0,ZzqCYjTC,CLqSCDPt,6151.0
1221,0,UtzkRwuC,ZzqCYjTC,6151.0
1221,0,cvCJiZVm,UtzkRwuC,6117.0
1221,0,MklhhYCQ,cvCJiZVm,6111.0
750,0,CMzYUzyh,SrmEoNnE,2008.0
750,0,CJTVPZbh,CMzYUzyh,2008.0
750,0,DLAIfXxc,CJTVPZbh,2120.0
750,0,lyEmHaNr,DLAIfXxc,2420.0
750,0,wzWDodFe,lyEmHaNr,1641.0
750,0,siPRjksc,wzWDodFe,1641.0
750,0,SOtvIsgL,siPRjksc,1641.0
1030,0,agMXkLfj,PyGiRErs,7391.0
1030,0,qflzswAf,agMXkLfj,7391.0
1255,0,XiLvnZTk,Vlipnutt,866.0
1255,0,FStgRiBS,XiLvnZTk,875.0
1255,0,GkYZbgqg,FStgRiBS,875.0
1255,0,FlYjxOxQ,GkYZbgqg,875.0
1255,0,wFSILCzc,FlYjxOxQ,875.0
1255,0,yQQuLFAg,wFSILCzc,882.0
1255,0,rUKSlFeh,yQQuLFAg,1622.0
1567,0,MhxjGQjy,mhYSfvAq,4343.0
1567,0,EhUxMFuQ,MhxjGQjy,4343.0
1567,0,HZcfHzwe,EhUxMFuQ,4492.0
1567,0,KcDUQTDz,HZcfHzwe,4380.0
1567,0,qoWOoICL,KcDUQTDz,4380.0
1567,0,FwybjYQK,qoWOoICL,4380.0
1567,0,ZuDlysuz,FwybjYQK,4327.0
1567,0,IkwHYYuh,ZuDlysuz,4292.0
1567,0,YzXnYVPd,IkwHYYuh,4109.0
1664,0,JeEnofCX,mvZTxord,1183.0
1664,0,jnDfAorM,JeEnofCX,1276.0
1530,0,ojqTFFWy,kVeKzKrW,288.0
1649,0,OOwDmsWF,TCeiTEZh,285.0
1649,0,RjRljmKl,OOwDmsWF,285.0
1649,0,QRWCUyXY,RjRljmKl,285.0
1649,0,bGxnPBxb,QRWCUyXY,285.0
1649,0,mvgVyONe,bGxnPBxb,285.0
1649,0,YlcUcHmr,mvgVyONe,285.0
1649,0,puuUveiG,YlcUcHmr,285.0
1649,0,CGfCHyje,puuUveiG,285.0
1649,0,qflzswAf,CGfCHyje,270.0
400,0,XeinAhyy,MlYFoaez,1279.0
400,0,pGpZhRvq,XeinAhyy,1279.0
400,0,alaJPSTW,pGpZhRvq,1279.0
400,0,ngNzeSzC,alaJPSTW,1279.0
400,0,PHuvYJrP,ngNzeSzC,1279.0
400,0,FoxIDeQY,PHuvYJrP,1362.0
1303,0,dZoxKDmD,FoxIDeQY,9.0
1303,0,ZOuLYtJj,dZoxKDmD,207.0
1303,0,SGnJOquj,ZOuLYtJj,227.0
1303,0,vacPrbQA,SGnJOquj,227.0
1125,0,SPorkGXj,XsvFZXJo,2704.0
1125,0,IJbUVGLH,SPorkGXj,2729.0
1125,0,ZqOseExI,IJbUVGLH,2729.0
1125,0,FdBCLyPI,ZqOseExI,2713.0
1125,0,XuFnwsQn,FdBCLyPI,2713.0
1125,0,CrOFTJlw,XuFnwsQn,2713.0
1125,0,PyGiRErs,CrOFTJlw,2616.0
1125,0,qflzswAf,PyGiRErs,2140.0
1408,0,dAxtDTje,SUVVzOYC,840.0
1408,0,aunBMooM,dAxtDTje,840.0
1408,0,KGIBfEut,aunBMooM,840.0
1408,0,kiTgZeoH,KGIBfEut,840.0
1408,0,eLmJkuZC,kiTgZeoH,988.0
1408,0,UgzfanVk,eLmJkuZC,988.0
1567,0,mhYSfvAq,UgzfanVk,786.0
1075,0,UvdLYolu,TIlepZYr,1234.0
1075,0,ZFKsyBay,UvdLYolu,1234.0
1075,0,suvDbtPR,ZFKsyBay,1334.0
1075,0,clVXMHJf,suvDbtPR,862.0
1075,0,UXEWVZzP,clVXMHJf,862.0
1075,0,MlYFoaez,UXEWVZzP,768.0
1075,0,XeinAhyy,MlYFoaez,767.0
1075,0,pGpZhRvq,XeinAhyy,767.0
1075,0,alaJPSTW,pGpZhRvq,767.0
1075,0,ngNzeSzC,alaJPSTW,767.0
1075,0,PHuvYJrP,ngNzeSzC,767.0
1075,0,FoxIDeQY,PHuvYJrP,767.0
1075,0,dZoxKDmD,FoxIDeQY,730.0
1075,0,ZOuLYtJj,dZoxKDmD,730.0
1019,0,yKgFraCR,obftSQtS,2914.0
1019,0,LIDMLZkw,yKgFraCR,2921.0
1019,0,JEpPbBSc,LIDMLZkw,2921.0
1019,0,YkNJvTAu,JEpPbBSc,2936.0
1019,0,TIlepZYr,YkNJvTAu,2849.0
1019,0,BmQLYaPd,TIlepZYr,2843.0
1019,0,UvdLYolu,BmQLYaPd,2843.0
1019,0,ZFKsyBay,UvdLYolu,2843.0
1019,0,suvDbtPR,ZFKsyBay,2828.0
1019,0,clVXMHJf,suvDbtPR,861.0
1019,0,UXEWVZzP,clVXMHJf,861.0
1019,0,MlYFoaez,UXEWVZzP,858.0
1019,0,XeinAhyy,MlYFoaez,800.0
1019,0,pGpZhRvq,XeinAhyy,800.0
1019,0,alaJPSTW,pGpZhRvq,800.0
1019,0,ngNzeSzC,alaJPSTW,800.0
1019,0,PHuvYJrP,ngNzeSzC,800.0
1019,0,FoxIDeQY,PHuvYJrP,800.0
1019,0,dZoxKDmD,FoxIDeQY,800.0
1019,0,ZOuLYtJj,dZoxKDmD,800.0
1019,0,SGnJOquj,ZOuLYtJj,800.0
1019,0,vacPrbQA,SGnJOquj,797.0
1030,0,ixhHdGBo,aaeLLxLj,3955.0
1030,0,spVkBMtX,ixhHdGBo,4301.0
1030,0,uuLXjUrY,spVkBMtX,4301.0
1030,0,ekoOPpVq,uuLXjUrY,4301.0
1030,0,rljVoTvk,ekoOPpVq,4395.0
1030,0,gxidCspv,rljVoTvk,4395.0
1030,0,wRTYbalx,gxidCspv,5191.0
1030,0,DHkaGHFf,wRTYbalx,5191.0
1030,0,FdBCLyPI,DHkaGHFf,5045.0
1030,0,CrOFTJlw,FdBCLyPI,5055.0
1030,0,PyGiRErs,CrOFTJlw,4854.0
273,0,peBgOXli,yAqyhWkU,3472.0
273,0,KnWWIWQx,peBgOXli,3559.0
273,0,bRAzuzSs,KnWWIWQx,3559.0
273,0,OwpcAtJV,bRAzuzSs,3593.0
273,0,XVbubuGa,OwpcAtJV,3209.0
273,0,iuOUwLky,XVbubuGa,3211.0
273,0,jeadfqyj,iuOUwLky,3211.0
273,0,RkbXqAIs,MTAZIXBL,3578.0
273,0,TAifzqok,RkbXqAIs,3651.0
273,0,wWcBzuvM,TAifzqok,4018.0
273,0,GcGOdrPa,wWcBzuvM,4083.0
273,0,yAqyhWkU,GcGOdrPa,4083.0
273,0,QRSRIbba,leJfirnk,2120.0
273,0,EkCoFwMY,QRSRIbba,2168.0
273,0,jqriedgy,EkCoFwMY,2262.0
273,0,MTAZIXBL,jqriedgy,2262.0
273,0,wuyFtExA,EtvjcvTp,1133.0
273,0,MrybjzSo,wuyFtExA,1133.0
273,0,leJfirnk,MrybjzSo,1133.0
658,0,iCFxwoUV,XfoHenDx,913.0
658,0,WRCkhCoY,iCFxwoUV,913.0
658,0,gsCFEnid,WRCkhCoY,946.0
658,0,mtKVLjly,gsCFEnid,992.0
573,0,hxSTJhOz,rDSiGFpR,990.0
573,0,TShNRujB,hxSTJhOz,993.0
573,0,xbiDwIOu,TShNRujB,1474.0
573,0,zVYhNTdK,xbiDwIOu,1474.0
573,0,nprusgCY,zVYhNTdK,1474.0
573,0,LTDgdyOW,nprusgCY,1488.0
1593,0,ujKjPJkx,PFRWWlNS,5079.0
1593,0,VOQRbkUl,ujKjPJkx,5079.0
1593,0,ciAbSxQX,VOQRbkUl,6628.0
989,0,WdOwNGhj,xfbmoJHP,4569.0
989,0,kKKRBhFF,WdOwNGhj,4574.0
989,0,NFInfBeu,kKKRBhFF,5010.0
989,0,VCQdmIoF,NFInfBeu,5010.0
989,0,ePrpofUw,VCQdmIoF,5010.0
989,0,KcvPUxQg,ePrpofUw,6258.0
989,0,BlnSxBAr,KcvPUxQg,6351.0
989,0,TCBUGaZf,BlnSxBAr,7317.0
989,0,pzcCDVmZ,TCBUGaZf,7642.0
989,0,duRJdiSr,FcOkCcps,2954.0
989,0,uiYVYPQX,duRJdiSr,2773.0
989,0,ozAxYCwR,uiYVYPQX,1016.0
595,0,zltqyTKX,kBaIvAJI,481.0
595,0,TRZUQkiC,zltqyTKX,481.0
595,0,wCUyFOIX,TRZUQkiC,481.0
595,0,RtYHfABF,wCUyFOIX,480.0
595,0,JKycCNae,RtYHfABF,475.0
595,0,cMdRoPmQ,JKycCNae,475.0
524,0,FcOkCcps,OyJKKata,6015.0
524,0,PrkhDzLx,FcOkCcps,6417.0
524,0,duRJdiSr,PrkhDzLx,6422.0
524,0,uBFbbvHN,duRJdiSr,6745.0
287,0,CrcsXCbZ,BRjWpQtg,5310.0
287,0,fcKeEgEf,CrcsXCbZ,5211.0
287,0,BpAiVnps,fcKeEgEf,5211.0
287,0,OAywdpTB,BpAiVnps,925.0
287,0,ufvngNip,OAywdpTB,925.0
287,0,ybjkPLXB,ufvngNip,925.0
287,0,IOcMwGKn,ybjkPLXB,464.0
287,0,hCxxcqWU,IOcMwGKn,463.0
287,0,gUXxyAlR,hCxxcqWU,463.0
287,0,cEOIeJTR,gUXxyAlR,104.0
287,0,bWAbaUPC,cEOIeJTR,104.0
287,0,UECnapuN,bWAbaUPC,33.0
287,0,uVsOstge,UECnapuN,33.0
287,0,tBJBJfdu,uVsOstge,32.0
287,0,xewbkqhz,tBJBJfdu,32.0
287,0,mklbELhb,xewbkqhz,32.0
287,0,yhXmuUeN,mklbELhb,27.0
287,0,xbiDwIOu,yhXmuUeN,27.0
287,0,zVYhNTdK,xbiDwIOu,27.0
706,0,UtwZFZsx,wrsPDGBQ,1449.0
706,0,QsteKrle,UtwZFZsx,1449.0
706,0,XMWgellz,QsteKrle,1455.0
706,0,LPldZjRa,XMWgellz,1523.0
706,0,adsviABF,LPldZjRa,1523.0
706,0,TqlJzItM,adsviABF,1170.0
706,0,IjwLXBRx,TqlJzItM,1133.0
706,0,nJRBvlcT,IjwLXBRx,1132.0
706,0,IkxLwyxa,nJRBvlcT,1068.0
706,0,CYSggHNR,IkxLwyxa,882.0
706,0,VhgapMoa,CYSggHNR,882.0
706,0,dKbqWpcD,VhgapMoa,882.0
706,0,zYpZYpOA,dKbqWpcD,882.0
706,0,xbeOVhLE,zYpZYpOA,571.0
706,0,IpBcScgC,xbeOVhLE,552.0
706,0,aYvzRwqU,IpBcScgC,552.0
706,0,mVhkAqwx,aYvzRwqU,552.0
706,0,GigUVtty,mVhkAqwx,536.0
706,0,bvSKVAYv,GigUVtty,436.0
706,0,eJHaFiJU,bvSKVAYv,351.0
706,0,uAAdoXdO,eJHaFiJU,351.0
706,0,Qsigtmbx,uAAdoXdO,351.0
706,0,XGiaFBsp,Qsigtmbx,351.0
706,0,duRJdiSr,XGiaFBsp,351.0
706,0,XyHfgUxW,fGmFhgnx,575.0
706,0,zjjLSYAp,XyHfgUxW,591.0
706,0,wrsPDGBQ,zjjLSYAp,591.0
1677,0,lOYrQfzi,oajqUPaH,2183.0
1677,0,iuewtDUr,lOYrQfzi,2186.0
1677,0,KdEmbmsx,iuewtDUr,2186.0
1677,0,GkYZbgqg,KdEmbmsx,2186.0
1677,0,FlYjxOxQ,GkYZbgqg,863.0
1677,0,wFSILCzc,FlYjxOxQ,788.0
1677,0,yQQuLFAg,wFSILCzc,788.0
706,0,iGTcFnmF,yQQuLFAg,358.0
706,0,rckblBTM,iGTcFnmF,360.0
706,0,fGmFhgnx,rckblBTM,367.0
573,0,inRETCYL,LTDgdyOW,1333.0
658,0,nBYHMnkU,BldTZUAI,710.0
658,0,XfoHenDx,nBYHMnkU,710.0
523,0,hxSTJhOz,rDSiGFpR,4638.0
523,0,TShNRujB,hxSTJhOz,4812.0
523,0,JJRlkmgp,TShNRujB,5932.0
523,0,KRQMLlbw,JJRlkmgp,5944.0
523,0,MURlCahD,KRQMLlbw,5944.0
523,0,znFDupZg,MURlCahD,5944.0
573,0,DRkcXziO,ppabfQGz,78.0
573,0,fTOPrrgc,DRkcXziO,78.0
573,0,XPasGtVj,fTOPrrgc,78.0
573,0,VMviwLNE,XPasGtVj,78.0
573,0,BxuxHloR,VMviwLNE,78.0
573,0,gFAsBeQM,BxuxHloR,78.0
573,0,rDSiGFpR,gFAsBeQM,12.0
1180,0,PhjcDdmq,vacPrbQA,6300.0
1180,0,bHagonKv,PhjcDdmq,6206.0
1180,0,Vlipnutt,bHagonKv,6257.0
1180,0,XiLvnZTk,Vlipnutt,6271.0
1180,0,FStgRiBS,XiLvnZTk,6085.0
1180,0,GkYZbgqg,FStgRiBS,6085.0
1180,0,FlYjxOxQ,GkYZbgqg,5593.0
1180,0,wFSILCzc,FlYjxOxQ,5593.0
1180,0,iMjvswBX,wFSILCzc,6245.0
1180,0,CpULuhdq,iMjvswBX,6284.0
1180,0,tJbXQuOE,CpULuhdq,6284.0
584,0,TsaeiIGv,EkWBPXmr,1670.0
584,0,OsBkWRQx,TsaeiIGv,3274.0
584,0,TlwaKrQx,OsBkWRQx,3274.0
584,0,udlIzhJE,TlwaKrQx,3274.0
1244,0,XVbubuGa,OwpcAtJV,2535.0
1244,0,CzqgXocH,XVbubuGa,2535.0
1244,0,nsjiKPCz,CzqgXocH,2535.0
1244,0,vfdAIPGv,nsjiKPCz,2557.0
574,0,iVtHnErr,jiaBsTdI,10.0
574,0,vfdAIPGv,iVtHnErr,10.0
1244,0,peBgOXli,yAqyhWkU,1418.0
1244,0,KnWWIWQx,peBgOXli,1531.0
1244,0,OwpcAtJV,KnWWIWQx,1531.0
711,0,VhgapMoa,CYSggHNR,2516.0
711,0,dKbqWpcD,VhgapMoa,2516.0
711,0,zYpZYpOA,dKbqWpcD,2516.0
711,0,xbeOVhLE,zYpZYpOA,3040.0
711,0,IpBcScgC,xbeOVhLE,3041.0
711,0,aYvzRwqU,IpBcScgC,3041.0
711,0,mVhkAqwx,aYvzRwqU,3041.0
711,0,GigUVtty,mVhkAqwx,3044.0
711,0,xQpNdvvD,GigUVtty,2359.0
711,0,bvSKVAYv,xQpNdvvD,2359.0
711,0,eJHaFiJU,bvSKVAYv,4310.0
711,0,uAAdoXdO,eJHaFiJU,4311.0
711,0,Qsigtmbx,uAAdoXdO,4311.0
711,0,XGiaFBsp,Qsigtmbx,4311.0
711,0,duRJdiSr,XGiaFBsp,4310.0
711,0,uiYVYPQX,duRJdiSr,4310.0
1414,0,FDCDnriY,ydoNqUsu,105.0
1414,0,DCdKJxNH,FDCDnriY,105.0
1414,0,DsuTXcIa,DCdKJxNH,105.0
1414,0,bgWfLree,DsuTXcIa,109.0
1414,0,nUYnioIh,bgWfLree,109.0
1414,0,mVhkAqwx,nUYnioIh,109.0
1414,0,GigUVtty,mVhkAqwx,109.0
1414,0,eJHaFiJU,GigUVtty,111.0
1414,0,uAAdoXdO,eJHaFiJU,111.0
1414,0,XGiaFBsp,uAAdoXdO,111.0
1414,0,uiYVYPQX,XGiaFBsp,111.0
1414,0,wihERHzN,uiYVYPQX,77.0
1414,0,jiaBsTdI,wihERHzN,77.0
1414,0,iVtHnErr,jiaBsTdI,77.0
1414,0,nsjiKPCz,iVtHnErr,77.0
1414,0,vfdAIPGv,nsjiKPCz,77.0
971,0,QeEdlYuU,dKSFzIqs,454.0
971,0,ussSBeXM,QeEdlYuU,454.0
971,0,qVzVrWDp,ussSBeXM,454.0
971,0,IuRRuHdp,qVzVrWDp,457.0
971,0,agmUQnfF,IuRRuHdp,457.0
971,0,CbblRkaH,agmUQnfF,598.0
971,0,BldTZUAI,CbblRkaH,482.0
971,0,nBYHMnkU,BldTZUAI,482.0
177,0,PUIIuxlM,BGAyznqC,596.0
177,0,bEuFbYIx,PUIIuxlM,615.0
177,0,saruwlzc,bEuFbYIx,715.0
177,0,kEQqRNXv,saruwlzc,715.0
177,0,JvDZYJph,kEQqRNXv,885.0
177,0,gdbAGAQU,JvDZYJph,1224.0
177,0,ANpclgWP,gdbAGAQU,1224.0
177,0,LWqTSxPr,ANpclgWP,1224.0
177,0,tBgOcvQf,LWqTSxPr,1224.0
173,0,gcUmxKgT,TUrDxvOa,714.0
1245,0,mgTKojDA,drmArhka,2636.0
1245,0,TsaeiIGv,mgTKojDA,2636.0
1245,0,OsBkWRQx,TsaeiIGv,3267.0
1245,0,udlIzhJE,OsBkWRQx,2987.0
578,0,zAVZRYih,yLSAaTAd,1094.0
578,0,hxSTJhOz,zAVZRYih,1722.0
578,0,TShNRujB,hxSTJhOz,1722.0
578,0,KqLiJxJl,TShNRujB,174.0
578,0,TsaeiIGv,KqLiJxJl,174.0
578,0,OsBkWRQx,TsaeiIGv,156.0
578,0,udlIzhJE,OsBkWRQx,156.0
16,0,KqLiJxJl,TShNRujB,4510.0
16,0,TsaeiIGv,KqLiJxJl,4758.0
16,0,OsBkWRQx,TsaeiIGv,7336.0
16,0,udlIzhJE,OsBkWRQx,7388.0
16,0,TShNRujB,yhXmuUeN,5595.0
1414,0,FGvzNZYi,DYKvrufv,47.0
1414,0,ydoNqUsu,FGvzNZYi,47.0
1665,0,HFKGyjhH,mkJuKiBe,4507.0
1665,0,wdfUFUDc,HFKGyjhH,4507.0
1665,0,MkXEUCdM,wdfUFUDc,2521.0
1665,0,oiYuCTCe,MkXEUCdM,2521.0
1189,0,LPldZjRa,XMWgellz,746.0
584,0,DeduXMzE,udlIzhJE,3612.0
573,0,XEuSRnsw,inRETCYL,1332.0
584,0,GXHjZCTL,DeduXMzE,3564.0
584,0,yolIeCeg,GXHjZCTL,3564.0
584,0,ozAxYCwR,yolIeCeg,3573.0
584,0,qdrjbHYS,ozAxYCwR,3093.0
573,0,yolIeCeg,XEuSRnsw,1314.0
573,0,zGyJMIkT,yolIeCeg,1277.0
990,0,qdrjbHYS,ozAxYCwR,1597.0
482,0,XVbubuGa,OwpcAtJV,5091.0
482,0,iuOUwLky,XVbubuGa,5091.0
482,0,nZnozRfz,iuOUwLky,5092.0
482,0,jeadfqyj,nZnozRfz,5092.0
482,0,qdrjbHYS,jeadfqyj,5092.0
482,0,peBgOXli,yAqyhWkU,3440.0
482,0,KnWWIWQx,peBgOXli,3440.0
482,0,OwpcAtJV,KnWWIWQx,3440.0
482,0,TAifzqok,RkbXqAIs,2252.0
482,0,wWcBzuvM,TAifzqok,2287.0
482,0,GcGOdrPa,wWcBzuvM,2287.0
482,0,yAqyhWkU,GcGOdrPa,2287.0
482,0,RkbXqAIs,MTAZIXBL,2086.0
482,0,jqriedgy,EkCoFwMY,1068.0
482,0,MTAZIXBL,jqriedgy,1068.0
482,0,QRSRIbba,leJfirnk,1049.0
482,0,EkCoFwMY,QRSRIbba,1049.0
178,0,hTaJTejf,ClDeGdta,2181.0
178,0,AvILYntX,hTaJTejf,2181.0
178,0,BGAyznqC,AvILYntX,2181.0
178,0,PUIIuxlM,BGAyznqC,2181.0
178,0,bEuFbYIx,PUIIuxlM,2172.0
178,0,saruwlzc,bEuFbYIx,2151.0
178,0,kEQqRNXv,saruwlzc,2151.0
178,0,NfeOUEsA,kEQqRNXv,2151.0
178,0,gdbAGAQU,NfeOUEsA,1628.0
178,0,ANpclgWP,gdbAGAQU,1628.0
178,0,LWqTSxPr,ANpclgWP,1628.0
178,0,tBgOcvQf,LWqTSxPr,1628.0
482,0,wuyFtExA,EtvjcvTp,571.0
482,0,MrybjzSo,wuyFtExA,571.0
482,0,leJfirnk,MrybjzSo,571.0
177,0,qkTCgKXX,YoEMZEcq,462.0
177,0,XjSQdTLS,qkTCgKXX,462.0
177,0,hTaJTejf,XjSQdTLS,493.0
177,0,AvILYntX,hTaJTejf,493.0
177,0,BGAyznqC,AvILYntX,543.0
965,0,lXZmsBCe,XUEgpuYS,1493.0
965,0,oftwwzSy,lXZmsBCe,1493.0
965,0,CKNrjFUU,oftwwzSy,1493.0
965,0,EtvjcvTp,CKNrjFUU,1486.0
965,0,wuyFtExA,EtvjcvTp,933.0
965,0,MrybjzSo,wuyFtExA,933.0
965,0,leJfirnk,MrybjzSo,921.0
965,0,QRSRIbba,leJfirnk,921.0
965,0,EkCoFwMY,QRSRIbba,921.0
965,0,jqriedgy,EkCoFwMY,921.0
965,0,MTAZIXBL,jqriedgy,921.0
965,0,RkbXqAIs,MTAZIXBL,649.0
965,0,TAifzqok,RkbXqAIs,633.0
965,0,wWcBzuvM,TAifzqok,633.0
965,0,GcGOdrPa,wWcBzuvM,633.0
965,0,yAqyhWkU,GcGOdrPa,633.0
965,0,peBgOXli,yAqyhWkU,388.0
965,0,KnWWIWQx,peBgOXli,388.0
965,0,OwpcAtJV,KnWWIWQx,388.0
965,0,XVbubuGa,OwpcAtJV,297.0
965,0,iuOUwLky,XVbubuGa,297.0
965,0,nZnozRfz,iuOUwLky,297.0
965,0,ozAxYCwR,nZnozRfz,297.0
965,0,LjPncvCg,XBhuaxff,1411.0
965,0,XUEgpuYS,LjPncvCg,1411.0
486,0,PeYVqHeF,DJkAcxlA,235.0
486,0,cRLBVFvQ,PeYVqHeF,235.0
486,0,DacXSoOC,cRLBVFvQ,235.0
486,0,vTErLEZz,DacXSoOC,235.0
486,0,cZBPdCTc,vTErLEZz,235.0
486,0,PYzwbgep,cZBPdCTc,248.0
486,0,wtyUxRkq,PYzwbgep,248.0
486,0,VXthmpcS,wtyUxRkq,248.0
486,0,XUEgpuYS,VXthmpcS,262.0
486,0,lXZmsBCe,XUEgpuYS,262.0
486,0,oftwwzSy,lXZmsBCe,262.0
486,0,CKNrjFUU,oftwwzSy,262.0
486,0,EtvjcvTp,CKNrjFUU,261.0
486,0,wuyFtExA,EtvjcvTp,166.0
486,0,MrybjzSo,wuyFtExA,166.0
486,0,leJfirnk,MrybjzSo,121.0
486,0,QRSRIbba,leJfirnk,121.0
486,0,EkCoFwMY,QRSRIbba,121.0
486,0,jqriedgy,EkCoFwMY,121.0
486,0,MTAZIXBL,jqriedgy,121.0
486,0,RkbXqAIs,MTAZIXBL,86.0
486,0,TAifzqok,RkbXqAIs,85.0
486,0,wWcBzuvM,TAifzqok,85.0
486,0,GcGOdrPa,wWcBzuvM,85.0
486,0,yAqyhWkU,GcGOdrPa,85.0
486,0,peBgOXli,yAqyhWkU,77.0
486,0,KnWWIWQx,peBgOXli,77.0
486,0,bRAzuzSs,KnWWIWQx,77.0
486,0,OwpcAtJV,bRAzuzSs,77.0
486,0,XVbubuGa,OwpcAtJV,66.0
486,0,iuOUwLky,XVbubuGa,66.0
486,0,jeadfqyj,iuOUwLky,66.0
965,0,apwTQKga,lBjlyorh,663.0
965,0,XNHVHmHa,apwTQKga,663.0
965,0,vGqwislq,XNHVHmHa,663.0
965,0,AwLiWVdI,vGqwislq,667.0
965,0,XBhuaxff,AwLiWVdI,667.0
965,0,ZTCNsviV,ODNKqRCQ,266.0
965,0,GBYHqHQO,ZTCNsviV,266.0
965,0,lBjlyorh,GBYHqHQO,266.0
965,0,ODNKqRCQ,iPzquFzR,245.0
1071,0,NCSBLEus,AJLJQqsT,1624.0
1071,0,xfbmoJHP,NCSBLEus,1568.0
1071,0,WdOwNGhj,xfbmoJHP,885.0
1071,0,kKKRBhFF,WdOwNGhj,807.0
1071,0,NFInfBeu,kKKRBhFF,797.0
1071,0,VCQdmIoF,NFInfBeu,797.0
1071,0,ePrpofUw,VCQdmIoF,797.0
1071,0,KcvPUxQg,ePrpofUw,788.0
1071,0,BlnSxBAr,KcvPUxQg,788.0
1071,0,TCBUGaZf,BlnSxBAr,788.0
1071,0,pzcCDVmZ,TCBUGaZf,499.0
1071,0,AUBTKFbY,pzcCDVmZ,497.0
1071,0,fjevhefZ,AUBTKFbY,433.0
1071,0,vyQyYYqJ,fjevhefZ,433.0
1071,0,ztLkgYlA,vyQyYYqJ,433.0
1071,0,IvQQZbJW,ztLkgYlA,292.0
1071,0,yaKWBgLg,IvQQZbJW,292.0
1071,0,lkujKSJT,yaKWBgLg,292.0
1071,0,twMezfOU,lkujKSJT,271.0
1071,0,OyJKKata,twMezfOU,266.0
1071,0,FcOkCcps,OyJKKata,259.0
1071,0,duRJdiSr,FcOkCcps,252.0
1071,0,uiYVYPQX,duRJdiSr,240.0
1047,0,duRJdiSr,FcOkCcps,31.0
1047,0,uiYVYPQX,duRJdiSr,31.0
1071,0,xunvufHj,nJRQzVZQ,1788.0
1071,0,rxrORjnb,xunvufHj,1788.0
1071,0,UVDfwOgc,rxrORjnb,1787.0
1071,0,TJDsQDoO,UVDfwOgc,1719.0
1071,0,yTictHOU,TJDsQDoO,1719.0
1071,0,illGQStO,yTictHOU,1695.0
1071,0,AUrIxxcC,illGQStO,1594.0
1071,0,zqZasXpA,AUrIxxcC,1594.0
1071,0,EYGEAZtD,zqZasXpA,1594.0
1071,0,AJLJQqsT,EYGEAZtD,1594.0
1071,0,nLuZmKFz,UlmLxwtK,2010.0
1071,0,nJRQzVZQ,nLuZmKFz,2010.0
1071,0,PfZAlPvE,NfMyQHAw,2023.0
1071,0,UlmLxwtK,PfZAlPvE,2023.0
1071,0,YcVwXeam,BmBzVYhd,1916.0
1071,0,DDFCohxX,YcVwXeam,1916.0
1071,0,NfMyQHAw,DDFCohxX,1916.0
523,0,osddylgA,znFDupZg,5940.0
523,0,uiYVYPQX,osddylgA,5940.0
523,0,rDSiGFpR,gFAsBeQM,1971.0
523,0,mYoRZvtc,RFaTWaew,1530.0
523,0,NKCxdwhs,mYoRZvtc,1882.0
523,0,eeSdZFhf,NKCxdwhs,1882.0
523,0,UaWwvNMO,eeSdZFhf,1966.0
523,0,gFAsBeQM,UaWwvNMO,1966.0
272,0,BYOnvRTX,oSOvYxXQ,2919.0
272,0,XGiaFBsp,BYOnvRTX,2919.0
272,0,tIegtsMs,XGiaFBsp,2919.0
272,0,VCRIbExe,tIegtsMs,2905.0
272,0,uiYVYPQX,VCRIbExe,2817.0
272,0,oSOvYxXQ,TJGhHrvm,2954.0
483,0,POdtxoZm,MnIYxXyj,663.0
483,0,WqMESkMM,POdtxoZm,663.0
483,0,zAVZRYih,WqMESkMM,663.0
483,0,hxSTJhOz,zAVZRYih,352.0
483,0,TShNRujB,hxSTJhOz,612.0
483,0,BqZQArDi,TShNRujB,921.0
483,0,JJRlkmgp,BqZQArDi,921.0
483,0,KRQMLlbw,JJRlkmgp,921.0
483,0,MURlCahD,KRQMLlbw,921.0
483,0,znFDupZg,MURlCahD,921.0
483,0,osddylgA,znFDupZg,921.0
483,0,uiYVYPQX,osddylgA,921.0
272,0,xkdRvtRu,tBJBJfdu,3005.0
272,0,SjZGieDS,xkdRvtRu,3056.0
272,0,tZiWmgTn,SjZGieDS,2966.0
272,0,TJGhHrvm,tZiWmgTn,2966.0
272,0,FZYojuVE,niqrIlpR,2354.0
272,0,tBJBJfdu,FZYojuVE,2354.0
600,0,vJitwYAE,nrUfCQxz,1234.0
600,0,iBiVOFur,vJitwYAE,1402.0
600,0,niqrIlpR,iBiVOFur,1402.0
600,0,FZYojuVE,niqrIlpR,1100.0
600,0,uVsOstge,FZYojuVE,1100.0
600,0,tBJBJfdu,uVsOstge,1100.0
600,0,FmTbQszJ,tBJBJfdu,854.0
600,0,xkdRvtRu,FmTbQszJ,856.0
600,0,tZiWmgTn,xkdRvtRu,663.0
600,0,TJGhHrvm,tZiWmgTn,663.0
600,0,oSOvYxXQ,TJGhHrvm,422.0
600,0,BYOnvRTX,oSOvYxXQ,178.0
600,0,XGiaFBsp,BYOnvRTX,178.0
600,0,PrkhDzLx,XGiaFBsp,178.0
600,0,hwOMxSYP,PrkhDzLx,171.0
600,0,duRJdiSr,hwOMxSYP,168.0
600,0,uiYVYPQX,duRJdiSr,168.0
272,0,qrSNpKDz,bWAbaUPC,2232.0
272,0,niqrIlpR,qrSNpKDz,2232.0
272,0,cEOIeJTR,CfleTooC,1960.0
272,0,bWAbaUPC,cEOIeJTR,1960.0
272,0,hCxxcqWU,IOcMwGKn,2744.0
272,0,pPReLBCT,hCxxcqWU,2750.0
272,0,gUXxyAlR,pPReLBCT,2789.0
272,0,CfleTooC,gUXxyAlR,2789.0
272,0,IOcMwGKn,ybjkPLXB,2602.0
272,0,OAywdpTB,BpAiVnps,1333.0
272,0,ybjkPLXB,OAywdpTB,1842.0
678,0,KTHxRvtW,GhNbXpjs,3588.0
678,0,gRVxNCAP,KTHxRvtW,3341.0
678,0,nJRBvlcT,gRVxNCAP,3344.0
678,0,IkxLwyxa,nJRBvlcT,3613.0
678,0,CYSggHNR,IkxLwyxa,2879.0
678,0,VhgapMoa,CYSggHNR,2879.0
678,0,dKbqWpcD,VhgapMoa,2879.0
678,0,zYpZYpOA,dKbqWpcD,2879.0
678,0,xbeOVhLE,zYpZYpOA,2370.0
678,0,IpBcScgC,xbeOVhLE,2322.0
678,0,aYvzRwqU,IpBcScgC,2322.0
678,0,GigUVtty,aYvzRwqU,2322.0
678,0,bvSKVAYv,GigUVtty,1910.0
706,0,uiYVYPQX,duRJdiSr,337.0
1105,0,xQSKBJml,SwLVnWPq,1422.0
1105,0,eXTjiXiW,xQSKBJml,1422.0
1105,0,UUCrlfWg,eXTjiXiW,1422.0
1105,0,YULSfngF,UUCrlfWg,1422.0
1105,0,ozuppJDT,YULSfngF,1422.0
1105,0,xGsoSfhX,ozuppJDT,1423.0
1105,0,ybjkPLXB,xGsoSfhX,1425.0
1105,0,IOcMwGKn,ybjkPLXB,1217.0
1105,0,hCxxcqWU,IOcMwGKn,1217.0
1105,0,gUXxyAlR,hCxxcqWU,1217.0
1105,0,CfleTooC,gUXxyAlR,1217.0
1105,0,cEOIeJTR,CfleTooC,357.0
1105,0,bWAbaUPC,cEOIeJTR,334.0
1105,0,qrSNpKDz,bWAbaUPC,299.0
1105,0,niqrIlpR,qrSNpKDz,299.0
1105,0,FZYojuVE,niqrIlpR,292.0
1105,0,tBJBJfdu,FZYojuVE,292.0
1105,0,xkdRvtRu,tBJBJfdu,223.0
1105,0,SjZGieDS,xkdRvtRu,223.0
1105,0,tZiWmgTn,SjZGieDS,217.0
1105,0,TJGhHrvm,tZiWmgTn,217.0
1105,0,oSOvYxXQ,TJGhHrvm,204.0
1105,0,PSZbZwJF,oSOvYxXQ,133.0
1105,0,BYOnvRTX,PSZbZwJF,133.0
1105,0,XGiaFBsp,BYOnvRTX,133.0
1105,0,duRJdiSr,XGiaFBsp,133.0
1105,0,uiYVYPQX,duRJdiSr,133.0
1666,0,kueIUJls,XGJiqzLW,2527.0
1666,0,OVaoEscJ,kueIUJls,2527.0
1666,0,xQqwXgNZ,OVaoEscJ,1310.0
1666,0,BMprcpdo,xQqwXgNZ,1075.0
1532,0,zVMCvpDh,tYiGccLM,913.0
1532,0,tdSVPjpA,zVMCvpDh,913.0
1532,0,nOepWjtB,tdSVPjpA,913.0
1532,0,kNXaohyL,nOepWjtB,913.0
1532,0,gJicbLzN,kNXaohyL,913.0
1532,0,lRwVVbKf,gJicbLzN,960.0
1532,0,HcKLTTXk,lRwVVbKf,1495.0
1532,0,IvXmMOhB,HcKLTTXk,2196.0
1105,0,rSdxnGDj,otuYkIZd,878.0
1105,0,MkXEUCdM,rSdxnGDj,878.0
1105,0,oiYuCTCe,MkXEUCdM,878.0
1105,0,SwLVnWPq,oiYuCTCe,1166.0
1105,0,CoFyQOTC,jnDfAorM,728.0
1105,0,HMiMHaRv,CoFyQOTC,728.0
1105,0,kLfGGOkq,HMiMHaRv,728.0
1105,0,ygVaThfM,kLfGGOkq,728.0
1105,0,otuYkIZd,ygVaThfM,728.0
1065,0,yQXZAhRQ,OfWHUDWP,577.0
1065,0,jfvbdeGs,yQXZAhRQ,577.0
1065,0,cdqhrjBE,jfvbdeGs,578.0
1065,0,MJvZDjlV,cdqhrjBE,588.0
1065,0,rxrORjnb,MJvZDjlV,599.0
1065,0,UVDfwOgc,rxrORjnb,599.0
1065,0,TJDsQDoO,UVDfwOgc,598.0
1065,0,yTictHOU,TJDsQDoO,598.0
1065,0,illGQStO,yTictHOU,597.0
1065,0,AUrIxxcC,illGQStO,534.0
1065,0,zqZasXpA,AUrIxxcC,534.0
1065,0,EYGEAZtD,zqZasXpA,534.0
1065,0,AJLJQqsT,EYGEAZtD,534.0
1065,0,NCSBLEus,AJLJQqsT,532.0
1065,0,xfbmoJHP,NCSBLEus,529.0
1065,0,WdOwNGhj,xfbmoJHP,140.0
1065,0,kKKRBhFF,WdOwNGhj,14.0
1065,0,NFInfBeu,kKKRBhFF,13.0
1065,0,VCQdmIoF,NFInfBeu,13.0
1065,0,ePrpofUw,VCQdmIoF,13.0
1065,0,KcvPUxQg,ePrpofUw,13.0
1065,0,BlnSxBAr,KcvPUxQg,13.0
1065,0,TCBUGaZf,BlnSxBAr,13.0
1065,0,pzcCDVmZ,TCBUGaZf,13.0
1065,0,AUBTKFbY,pzcCDVmZ,13.0
1065,0,fjevhefZ,AUBTKFbY,13.0
1065,0,vyQyYYqJ,fjevhefZ,13.0
1065,0,ztLkgYlA,vyQyYYqJ,13.0
1065,0,IvQQZbJW,ztLkgYlA,13.0
1065,0,yaKWBgLg,IvQQZbJW,13.0
1065,0,lkujKSJT,yaKWBgLg,13.0
1065,0,twMezfOU,lkujKSJT,13.0
1065,0,OyJKKata,twMezfOU,13.0
1065,0,MqGZxRIW,OyJKKata,7.0
1065,0,FcOkCcps,MqGZxRIW,7.0
1065,0,uiYVYPQX,FcOkCcps,1.0
750,0,IxqYybMf,UsVsFgoS,790.0
750,0,ZZxaTLmM,IxqYybMf,790.0
750,0,lgdUBlCD,ZZxaTLmM,785.0
750,0,jlZHvhwS,lgdUBlCD,785.0
750,0,SrmEoNnE,jlZHvhwS,820.0
1071,0,CkiKkxJQ,lGJIVvqE,1692.0
1071,0,AdloNpXg,CkiKkxJQ,1701.0
1071,0,BmBzVYhd,AdloNpXg,1687.0
1071,0,pVHZNTmW,cyLrdsLq,1218.0
1071,0,qLlyWzVq,pVHZNTmW,1218.0
1071,0,lGJIVvqE,qLlyWzVq,1218.0
1071,0,cyLrdsLq,AlpXiRiW,1041.0
272,0,zGyJMIkT,uiYVYPQX,4804.0
600,0,STSGJiIu,TdfMaTlB,1401.0
600,0,buAeVenh,STSGJiIu,1401.0
600,0,ARTSSefO,buAeVenh,1401.0
600,0,KMDYeUKg,ARTSSefO,1404.0
600,0,RSPZrGBg,KMDYeUKg,1430.0
600,0,xfYjeqNM,RSPZrGBg,1370.0
600,0,nrUfCQxz,xfYjeqNM,1310.0
600,0,OPXtWBVk,nPkrzCty,1245.0
600,0,SvGtXrYj,OPXtWBVk,1245.0
600,0,TdfMaTlB,SvGtXrYj,1245.0
973,0,TsaeiIGv,EkWBPXmr,1527.0
973,0,OsBkWRQx,TsaeiIGv,2434.0
973,0,udlIzhJE,OsBkWRQx,2434.0
973,0,srZucbpJ,udlIzhJE,2843.0
1245,0,NrpQUbAl,udlIzhJE,2058.0
16,0,srZucbpJ,udlIzhJE,7350.0
727,0,knCDNjnp,mLBQtksd,1478.0
727,0,nYVfIRsk,knCDNjnp,1479.0
727,0,IHZGJZTs,nYVfIRsk,1479.0
727,0,DYvQviUy,IHZGJZTs,1490.0
727,0,yHDouIXe,DYvQviUy,1292.0
1532,0,PWitnUnB,FUctipSE,2526.0
1532,0,zwmwkNcj,PWitnUnB,2526.0
1532,0,DJDPVkXF,zwmwkNcj,2526.0
1532,0,FrOiWYSP,DJDPVkXF,2346.0
1532,0,mNGfniSu,FrOiWYSP,2476.0
1532,0,qjwSVoCq,mNGfniSu,2856.0
1532,0,WvPJYXMk,qjwSVoCq,2810.0
1505,0,fmQEzQWV,IubGYoNi,20814.0
1505,0,HcPkwFHM,plWWPiMc,17891.0
1505,0,KjuJaNsu,HcPkwFHM,17514.0
1505,0,oNyGHMvy,KjuJaNsu,18033.0
1505,0,QdnKSSsO,oNyGHMvy,18197.0
1505,0,vSdfqYeK,QdnKSSsO,18605.0
835,0,LpQEBEct,UxgUbJZk,6887.0
835,0,uypYDUnA,LpQEBEct,6887.0
835,0,gKGqSXsa,uypYDUnA,7032.0
1221,0,bkPedFyi,dlIiZmBi,5976.0
1221,0,neCsPoxX,bkPedFyi,6090.0
1221,0,RMvkOcpU,neCsPoxX,6090.0
1125,0,nCgrSQNi,HnEviCBr,1012.0
1125,0,KyrNRMTR,nCgrSQNi,1012.0
1125,0,IpOsGrUQ,KyrNRMTR,1322.0
1125,0,exRzHfND,IpOsGrUQ,1141.0
1125,0,bIhgcGjB,exRzHfND,1141.0
1125,0,dMpYNFzw,bIhgcGjB,1141.0
1125,0,slwzdYAd,dMpYNFzw,1141.0
1125,0,phodyDNv,slwzdYAd,1245.0
1125,0,gcvwQKzE,phodyDNv,1266.0
1125,0,RuqLEiFp,gcvwQKzE,1266.0
1125,0,NAwFzVQz,RuqLEiFp,1641.0
1125,0,jEliwrSM,NAwFzVQz,1708.0
1125,0,XsvFZXJo,jEliwrSM,1708.0
1023,0,yyEOaSxi,gjOgguRV,2742.0
1023,0,obftSQtS,yyEOaSxi,2732.0
1023,0,yKgFraCR,obftSQtS,2722.0
1023,0,LIDMLZkw,yKgFraCR,2722.0
1023,0,JEpPbBSc,LIDMLZkw,2722.0
1023,0,YkNJvTAu,JEpPbBSc,2615.0
1023,0,TIlepZYr,YkNJvTAu,2302.0
1023,0,UvdLYolu,TIlepZYr,1972.0
1023,0,ZFKsyBay,UvdLYolu,1972.0
1023,0,suvDbtPR,ZFKsyBay,1941.0
1023,0,clVXMHJf,suvDbtPR,757.0
1023,0,UXEWVZzP,clVXMHJf,757.0
1023,0,MlYFoaez,UXEWVZzP,752.0
1023,0,XeinAhyy,MlYFoaez,720.0
1023,0,pGpZhRvq,XeinAhyy,720.0
1023,0,alaJPSTW,pGpZhRvq,720.0
1023,0,ngNzeSzC,alaJPSTW,720.0
1023,0,PHuvYJrP,ngNzeSzC,720.0
1023,0,FoxIDeQY,PHuvYJrP,720.0
1023,0,dZoxKDmD,FoxIDeQY,720.0
1023,0,ZOuLYtJj,dZoxKDmD,720.0
483,0,zGyJMIkT,uiYVYPQX,859.0
483,0,YbVmHVTt,zGyJMIkT,852.0
483,0,ZlnerNQG,YbVmHVTt,852.0
1198,0,QHFmFyLR,EkWBPXmr,602.0
1198,0,neNWquOh,QHFmFyLR,602.0
1198,0,KwaxxmSs,neNWquOh,602.0
1198,0,PSjGjQXK,KwaxxmSs,602.0
1198,0,FDPmqphv,PSjGjQXK,1337.0
1198,0,aVjdmBcp,FDPmqphv,1339.0
1198,0,nusTHAtB,aVjdmBcp,1339.0
1198,0,isVKhOXG,nusTHAtB,1341.0
1198,0,OWkTamRc,isVKhOXG,1341.0
1198,0,pHNyFRmN,OWkTamRc,1576.0
1198,0,SMriOOgF,pHNyFRmN,2085.0
1198,0,rWiIOjNx,SMriOOgF,2085.0
1198,0,bvSKVAYv,rWiIOjNx,2087.0
1198,0,JZGNdgml,bvSKVAYv,2148.0
1198,0,uHbImzAf,JZGNdgml,2148.0
1198,0,IzsieVnc,uHbImzAf,2115.0
1198,0,xNgkqoUR,IzsieVnc,2114.0
1198,0,lDiqRMWn,xNgkqoUR,2127.0
1198,0,gOJphFVT,lDiqRMWn,2127.0
990,0,awOEKaEj,qdrjbHYS,4866.0
990,0,kZdBhxvo,awOEKaEj,5576.0
990,0,ZBkAAevT,kZdBhxvo,6584.0
990,0,cMinRgYB,ZBkAAevT,6584.0
990,0,LRmPOeoe,cMinRgYB,6660.0
990,0,tBNXSyMW,LRmPOeoe,6612.0
990,0,ArHpJhVJ,tBNXSyMW,7048.0
273,0,FcOkCcps,jeadfqyj,3139.0
750,0,PYFpJmOq,BjpwENcr,728.0
750,0,sWjnuVdS,PYFpJmOq,726.0
750,0,UsVsFgoS,sWjnuVdS,726.0
1076,0,TbetMXoD,zWZbZUaa,1326.0
1076,0,vHItlPPU,TbetMXoD,1318.0
1076,0,LggEHwJM,vHItlPPU,1308.0
1076,0,cXzNtQka,LggEHwJM,1308.0
1076,0,Hjpeultj,cXzNtQka,1308.0
750,0,oQxUwlRM,GrxyFhrL,594.0
750,0,pbsOcZdr,oQxUwlRM,594.0
750,0,eIGUaObZ,pbsOcZdr,645.0
750,0,EvlCTWAM,eIGUaObZ,645.0
750,0,BjpwENcr,EvlCTWAM,645.0
1023,0,SGnJOquj,ZOuLYtJj,716.0
1023,0,ogOCBKAf,SGnJOquj,699.0
626,0,TsaeiIGv,EkWBPXmr,1678.0
626,0,OsBkWRQx,TsaeiIGv,1937.0
626,0,udlIzhJE,OsBkWRQx,2110.0
626,0,cCEhgrAc,udlIzhJE,2193.0
626,0,cfShLPmI,cCEhgrAc,2193.0
16,0,cCEhgrAc,srZucbpJ,5622.0
16,0,cfShLPmI,cCEhgrAc,5622.0
584,0,awOEKaEj,qdrjbHYS,1606.0
584,0,gRuqifBH,awOEKaEj,1598.0
678,0,JZGNdgml,bvSKVAYv,2243.0
678,0,uHbImzAf,JZGNdgml,2243.0
595,0,kBaIvAJI,pobpsCoK,432.0
523,0,qdrjbHYS,uiYVYPQX,4196.0
523,0,TPFTQSyz,qdrjbHYS,2902.0
523,0,awOEKaEj,TPFTQSyz,2993.0
523,0,gRuqifBH,awOEKaEj,3001.0
1744,0,nrUfCQxz,xfYjeqNM,5281.0
1744,0,iBiVOFur,nrUfCQxz,4893.0
1744,0,niqrIlpR,iBiVOFur,4591.0
678,0,hCxxcqWU,IOcMwGKn,4355.0
678,0,qMoZNsgo,hCxxcqWU,4352.0
678,0,udNzSSji,qMoZNsgo,4352.0
678,0,uKKyuZyC,udNzSSji,4352.0
678,0,GhNbXpjs,uKKyuZyC,4394.0
678,0,IOcMwGKn,ybjkPLXB,2617.0
661,0,TsaeiIGv,EkWBPXmr,467.0
661,0,OsBkWRQx,TsaeiIGv,682.0
661,0,TlwaKrQx,OsBkWRQx,682.0
661,0,udlIzhJE,TlwaKrQx,682.0
661,0,DeduXMzE,udlIzhJE,799.0
661,0,GXHjZCTL,DeduXMzE,799.0
661,0,yolIeCeg,GXHjZCTL,799.0
661,0,zGyJMIkT,yolIeCeg,799.0
661,0,YbVmHVTt,zGyJMIkT,1203.0
661,0,ZlnerNQG,YbVmHVTt,1203.0
661,0,FVWAEAei,ZlnerNQG,1203.0
661,0,gVtshwcF,FVWAEAei,1213.0
272,0,YbVmHVTt,zGyJMIkT,4398.0
272,0,ZlnerNQG,YbVmHVTt,4398.0
272,0,FVWAEAei,ZlnerNQG,4398.0
272,0,gVtshwcF,FVWAEAei,4398.0
1245,0,HzfEGNJu,NrpQUbAl,1853.0
1245,0,FVWAEAei,HzfEGNJu,1853.0
1245,0,gVtshwcF,FVWAEAei,1830.0
264,0,ABRKsLIZ,uUBnPWGG,1694.0
264,0,RtBolNHG,ABRKsLIZ,1703.0
264,0,XGgrBziF,RtBolNHG,1815.0
264,0,FJLNitGY,XGgrBziF,1726.0
524,0,aAfSzptC,nqZDBuxM,1441.0
524,0,pZulUpHT,aAfSzptC,1441.0
524,0,tBNXSyMW,pZulUpHT,1994.0
524,0,OyJKKata,tBNXSyMW,2058.0
524,0,nqZDBuxM,FZjXRNIl,1438.0
1244,0,TAifzqok,RkbXqAIs,449.0
1244,0,wWcBzuvM,TAifzqok,449.0
1244,0,GcGOdrPa,wWcBzuvM,449.0
1244,0,yAqyhWkU,GcGOdrPa,449.0
658,0,QeEdlYuU,dKSFzIqs,311.0
658,0,ussSBeXM,QeEdlYuU,311.0
658,0,qVzVrWDp,ussSBeXM,311.0
658,0,IuRRuHdp,qVzVrWDp,316.0
658,0,agmUQnfF,IuRRuHdp,316.0
658,0,CbblRkaH,agmUQnfF,430.0
658,0,BldTZUAI,CbblRkaH,430.0
483,0,FVWAEAei,ZlnerNQG,846.0
483,0,gVtshwcF,FVWAEAei,846.0
1567,0,jcExlqwL,RCkelXPh,7774.0
1567,0,YctaenCe,jcExlqwL,7064.0
1567,0,tzYrVhKO,YctaenCe,7061.0
1305,0,QHFmFyLR,EkWBPXmr,386.0
1305,0,neNWquOh,QHFmFyLR,386.0
1305,0,KwaxxmSs,neNWquOh,390.0
1305,0,PSjGjQXK,KwaxxmSs,399.0
1305,0,GnsXgGJX,PSjGjQXK,908.0
1305,0,VjdckTjW,GnsXgGJX,910.0
1305,0,aUPouXsN,VjdckTjW,1143.0
1305,0,SlfNpref,aUPouXsN,1444.0
1305,0,nrKKniYe,SlfNpref,1444.0
1305,0,AjJCgCBk,nrKKniYe,1594.0
1305,0,izYvwhlO,AjJCgCBk,1761.0
1305,0,DvUXLssj,izYvwhlO,2016.0
1305,0,womqVgRl,DvUXLssj,2016.0
1305,0,HkSXkIZj,womqVgRl,2016.0
1305,0,NlwRCqPo,HkSXkIZj,2082.0
1305,0,ubzklVlS,NlwRCqPo,2082.0
1305,0,yLFlKjKg,ubzklVlS,1997.0
1305,0,isWzWnoW,yLFlKjKg,1773.0
1305,0,YJykDsrc,isWzWnoW,1773.0
1305,0,YpVxAvQG,YJykDsrc,1566.0
1305,0,LhgNVAOU,YpVxAvQG,1566.0
1305,0,SOVcCDqR,LhgNVAOU,1391.0
912,0,WdOwNGhj,xfbmoJHP,272.0
47,0,kKKRBhFF,WdOwNGhj,3653.0
47,0,NFInfBeu,kKKRBhFF,3748.0
47,0,VCQdmIoF,NFInfBeu,3748.0
47,0,ePrpofUw,VCQdmIoF,3748.0
47,0,KcvPUxQg,ePrpofUw,4205.0
47,0,rbVbMNcM,KcvPUxQg,4459.0
47,0,JCIOAWOU,rbVbMNcM,4751.0
47,0,fZcVdMzo,JCIOAWOU,4812.0
47,0,QYwjKQRO,fZcVdMzo,4812.0
47,0,cNuXvIqU,QYwjKQRO,4812.0
47,0,eXTEGQHB,cNuXvIqU,4812.0
47,0,zTUODYgn,eXTEGQHB,5098.0
47,0,eTPMYwkC,zTUODYgn,5098.0
47,0,IMTItMKU,eTPMYwkC,5187.0
47,0,upMsEWKk,IMTItMKU,5730.0
47,0,KCqeuCwW,upMsEWKk,5730.0
47,0,xyBTaHvp,KCqeuCwW,5730.0
47,0,izUAPpdi,xyBTaHvp,7297.0
47,0,cNWTidvb,izUAPpdi,7297.0
47,0,yQQuLFAg,cNWTidvb,7376.0
47,0,rUKSlFeh,yQQuLFAg,6880.0
47,0,rckblBTM,rUKSlFeh,6884.0
635,0,lctVuVOk,gFAsBeQM,743.0
635,0,EocVuyzS,lctVuVOk,743.0
635,0,HUVJunNe,EocVuyzS,833.0
635,0,DvaIywQB,HUVJunNe,833.0
635,0,OCwYbEnq,DvaIywQB,833.0
635,0,rsJSqETv,OCwYbEnq,834.0
635,0,nrUfCQxz,rsJSqETv,834.0
635,0,CpnDMnJS,nrUfCQxz,1504.0
635,0,fSmTHZJS,CpnDMnJS,1506.0
635,0,WSTcrrBn,fSmTHZJS,1559.0
635,0,DyPueDjA,WSTcrrBn,1559.0
635,0,VJibZvbS,DyPueDjA,1515.0
635,0,uSZbdBno,VJibZvbS,1515.0
635,0,GtaXwPrK,uSZbdBno,1515.0
635,0,TcEVvOUM,GtaXwPrK,1515.0
635,0,qGnNRXVR,TcEVvOUM,1449.0
635,0,yLFlKjKg,qGnNRXVR,1410.0
635,0,isWzWnoW,yLFlKjKg,593.0
635,0,YJykDsrc,isWzWnoW,593.0
635,0,YpVxAvQG,YJykDsrc,532.0
635,0,LhgNVAOU,YpVxAvQG,532.0
635,0,SOVcCDqR,LhgNVAOU,487.0
226,0,nrUfCQxz,KMDYeUKg,299.0
226,0,CpnDMnJS,nrUfCQxz,392.0
226,0,fSmTHZJS,CpnDMnJS,392.0
226,0,QsPOuThV,fSmTHZJS,565.0
226,0,WSTcrrBn,QsPOuThV,565.0
226,0,JYrrjUtU,WSTcrrBn,568.0
226,0,DyPueDjA,JYrrjUtU,568.0
226,0,udNzSSji,DyPueDjA,568.0
226,0,VJibZvbS,udNzSSji,568.0
226,0,uSZbdBno,VJibZvbS,568.0
226,0,GtaXwPrK,uSZbdBno,568.0
226,0,PIUpvPaY,GtaXwPrK,568.0
226,0,XCZfXGna,PIUpvPaY,500.0
226,0,FYonLsVT,XCZfXGna,500.0
226,0,voXQjjKh,FYonLsVT,500.0
226,0,pKTlpooZ,voXQjjKh,434.0
226,0,OVaoEscJ,pKTlpooZ,393.0
226,0,BMprcpdo,OVaoEscJ,294.0
226,0,YpVxAvQG,BMprcpdo,235.0
226,0,RinxBkUZ,YpVxAvQG,235.0
226,0,LhgNVAOU,RinxBkUZ,233.0
226,0,SOVcCDqR,LhgNVAOU,207.0
208,0,wSspaAkq,bLzlxnwB,2160.0
208,0,NppIhzQC,wSspaAkq,2160.0
208,0,tTrMaEIS,NppIhzQC,2180.0
208,0,WeXgsZLY,tTrMaEIS,2209.0
208,0,VuPuNOXM,WeXgsZLY,2374.0
208,0,QgwCgjAi,VuPuNOXM,2374.0
208,0,vrgENeuF,QgwCgjAi,4916.0
208,0,xKmRiBBX,vrgENeuF,4916.0
208,0,kkrKJmiC,xKmRiBBX,4916.0
208,0,psXocZQH,kkrKJmiC,4893.0
208,0,yprCGtVa,psXocZQH,4639.0
208,0,pPqywgRl,yprCGtVa,4064.0
208,0,SJHseTdc,pPqywgRl,2941.0
208,0,HGjkimBc,SJHseTdc,2941.0
208,0,IubGYoNi,HGjkimBc,2941.0
208,0,fmQEzQWV,IubGYoNi,2547.0
208,0,BpAiVnps,fmQEzQWV,2208.0
1338,0,AszcEtOu,BpAiVnps,2032.0
1338,0,TCqyxHhF,AszcEtOu,2553.0
1338,0,PIUpvPaY,TCqyxHhF,2553.0
1338,0,XCZfXGna,PIUpvPaY,2662.0
1338,0,FYonLsVT,XCZfXGna,3429.0
1338,0,voXQjjKh,FYonLsVT,3429.0
1338,0,pKTlpooZ,voXQjjKh,3819.0
1338,0,OVaoEscJ,pKTlpooZ,3805.0
1338,0,BMprcpdo,OVaoEscJ,7685.0
1338,0,YpVxAvQG,BMprcpdo,10389.0
1338,0,RinxBkUZ,YpVxAvQG,10400.0
1338,0,LhgNVAOU,RinxBkUZ,10390.0
1338,0,SOVcCDqR,LhgNVAOU,9935.0
208,0,ThGrfpxl,SyufMOPd,581.0
208,0,TUpCuZAw,ThGrfpxl,1218.0
208,0,HYfXIyFk,TUpCuZAw,1249.0
208,0,ILieppKf,HYfXIyFk,1263.0
208,0,uwQliGwX,ILieppKf,1183.0
208,0,HUkyeYlq,uwQliGwX,1719.0
208,0,PYpgWopD,HUkyeYlq,1719.0
208,0,lDeAZniB,PYpgWopD,1719.0
208,0,bLzlxnwB,lDeAZniB,1719.0
356,0,OrbXRiVv,anWZyaGW,2424.0
356,0,nEXpIbiD,OrbXRiVv,1461.0
1141,0,zfdolaES,nEXpIbiD,1020.0
1141,0,jiufRClk,zfdolaES,1021.0
1141,0,GVnbohJg,jiufRClk,1021.0
1141,0,TIKKmaif,GVnbohJg,1021.0
1141,0,nTVsVrjG,TIKKmaif,1171.0
1141,0,GTeEFWtM,nTVsVrjG,1171.0
1141,0,ZtIplJlB,GTeEFWtM,1171.0
1141,0,nmfQPmsh,ZtIplJlB,1171.0
1141,0,QdnKSSsO,nmfQPmsh,1093.0
1505,0,wDpyEsxh,vSdfqYeK,18265.0
1505,0,jIerKxIb,wDpyEsxh,18473.0
1505,0,IubGYoNi,jIerKxIb,20257.0
1505,0,BpAiVnps,fmQEzQWV,19198.0
1505,0,AszcEtOu,BpAiVnps,13166.0
1505,0,TCqyxHhF,AszcEtOu,13505.0
1505,0,PIUpvPaY,TCqyxHhF,13576.0
1505,0,XCZfXGna,PIUpvPaY,9046.0
1505,0,FYonLsVT,XCZfXGna,9222.0
1505,0,voXQjjKh,FYonLsVT,9323.0
1505,0,OVaoEscJ,voXQjjKh,7839.0
1141,0,fubLBmAl,DOGyniWl,839.0
1141,0,nEXpIbiD,fubLBmAl,977.0
1366,0,YmkUpvHU,qKeCDDXI,2115.0
1366,0,WOOyqinT,YmkUpvHU,2115.0
1366,0,mnkgCFDT,WOOyqinT,2115.0
1366,0,svgtEcQx,mnkgCFDT,2114.0
1366,0,HcPkwFHM,svgtEcQx,1973.0
1366,0,KjuJaNsu,HcPkwFHM,1973.0
1366,0,oNyGHMvy,KjuJaNsu,1958.0
1366,0,vSdfqYeK,oNyGHMvy,1834.0
1366,0,wDpyEsxh,vSdfqYeK,1834.0
1366,0,jIerKxIb,wDpyEsxh,1813.0
1366,0,IubGYoNi,jIerKxIb,1719.0
1366,0,fmQEzQWV,IubGYoNi,1643.0
1366,0,BpAiVnps,fmQEzQWV,1477.0
1505,0,plWWPiMc,mnkgCFDT,17112.0
367,0,qjwSVoCq,WynPMslR,8163.0
367,0,oFLgHrco,qjwSVoCq,8801.0
367,0,yrWAEsGy,oFLgHrco,8891.0
367,0,qGIkRenz,yrWAEsGy,8643.0
367,0,ytUqATXS,qGIkRenz,8627.0
367,0,TcsyXYNn,ytUqATXS,8501.0
367,0,qKeCDDXI,TcsyXYNn,7966.0
367,0,YmkUpvHU,qKeCDDXI,5783.0
1505,0,WOOyqinT,YmkUpvHU,8844.0
1505,0,mnkgCFDT,WOOyqinT,7879.0
367,0,vHkAlmCm,GnOurcjN,7437.0
367,0,WynPMslR,vHkAlmCm,7463.0
1419,0,xgzyCPTg,HAmwZMhM,3645.0
1419,0,XWLETkPz,xgzyCPTg,3658.0
1419,0,HLAPntjh,XWLETkPz,3658.0
798,0,veAXvdUO,CCoJPQpR,3159.0
798,0,UgdUAhSn,veAXvdUO,3159.0
798,0,HcKLTTXk,UgdUAhSn,3159.0
798,0,IvXmMOhB,HcKLTTXk,3159.0
798,0,KIvXTDlT,IvXmMOhB,3159.0
798,0,TgzZcdmy,KIvXTDlT,3159.0
798,0,SEjojzMr,TgzZcdmy,3159.0
798,0,oBYetVBr,SEjojzMr,2882.0
798,0,GiONHkbf,oBYetVBr,2714.0
798,0,QDIpIlEK,GiONHkbf,2714.0
287,0,tkDBwPiV,uGNDunGF,4866.0
287,0,mqlWPdpA,tkDBwPiV,4891.0
287,0,lOdrwgOe,mqlWPdpA,4891.0
287,0,BRjWpQtg,lOdrwgOe,4872.0
1418,0,EzNIKkYA,BTtHvEzM,6758.0
367,0,zjGRmLyo,JGydtICe,6514.0
367,0,yfIoPTHo,zjGRmLyo,6448.0
367,0,GnOurcjN,yfIoPTHo,6448.0
528,0,mexFgKBp,NrNaZyPp,1093.0
528,0,KIvXTDlT,mexFgKBp,5654.0
528,0,TgzZcdmy,KIvXTDlT,5688.0
528,0,SEjojzMr,TgzZcdmy,5995.0
528,0,oBYetVBr,SEjojzMr,8010.0
528,0,QDIpIlEK,oBYetVBr,8339.0
798,0,bmqZcfhO,LDSuadxM,988.0
798,0,mdiSFJRM,bmqZcfhO,1283.0
798,0,ljNlRbnZ,mdiSFJRM,1619.0
798,0,VbMcfGsr,ljNlRbnZ,1792.0
798,0,MttNRhjN,VbMcfGsr,1792.0
798,0,HeidvHXY,MttNRhjN,1792.0
798,0,CCoJPQpR,HeidvHXY,1792.0
250,0,eusqYKWT,HezLsNFQ,3722.0
250,0,dCWftKsk,eusqYKWT,3320.0
46,0,ABufINme,ZijVddwt,6635.0
46,0,xQqwXgNZ,ABufINme,6593.0
46,0,BMprcpdo,xQqwXgNZ,6812.0
46,0,YpVxAvQG,BMprcpdo,6133.0
46,0,RinxBkUZ,YpVxAvQG,6133.0
46,0,LhgNVAOU,RinxBkUZ,6166.0
46,0,SOVcCDqR,LhgNVAOU,7396.0
761,0,qehlKNkR,glrALKnP,4209.0
761,0,sZNeRfOC,qehlKNkR,4412.0
761,0,HajxumVd,sZNeRfOC,4412.0
761,0,LhQSpAzy,HajxumVd,4425.0
761,0,pwpCkicC,LhQSpAzy,4425.0
761,0,pPKqPUVW,pwpCkicC,4882.0
761,0,slfxTuih,pPKqPUVW,4882.0
761,0,ejMjPdTH,slfxTuih,5259.0
46,0,ZijVddwt,ojqTFFWy,6570.0
1296,0,VkcYQwTj,BZCtSmhk,7929.0
1296,0,gmsNDepi,VkcYQwTj,8028.0
1296,0,jFRqfnFl,gmsNDepi,8312.0
1296,0,ysSWNERo,jFRqfnFl,8682.0
1296,0,lQIpGOTn,ysSWNERo,8823.0
1296,0,uhUmvvRs,lQIpGOTn,8831.0
1296,0,svgtEcQx,uhUmvvRs,8853.0
1296,0,HcPkwFHM,svgtEcQx,8605.0
1296,0,oNyGHMvy,HcPkwFHM,8605.0
1296,0,QdnKSSsO,oNyGHMvy,8571.0
1296,0,vSdfqYeK,QdnKSSsO,8224.0
1296,0,jIerKxIb,vSdfqYeK,7892.0
1296,0,IubGYoNi,jIerKxIb,7624.0
1296,0,fmQEzQWV,IubGYoNi,7146.0
1296,0,BpAiVnps,fmQEzQWV,5924.0
803,0,KbemmdTp,ZHWKFCEn,712.0
803,0,LNRgsQQF,KbemmdTp,757.0
143,0,OaJoPLeC,osIslFBH,743.0
143,0,GMrJWgHs,OaJoPLeC,758.0
803,0,ubEwIGdf,kWrGTFqC,329.0
803,0,aBKtLgYB,ubEwIGdf,329.0
803,0,qduHdsCL,aBKtLgYB,329.0
803,0,GYMzAvFw,qduHdsCL,329.0
803,0,VXAxIwYs,GYMzAvFw,329.0
803,0,ZHWKFCEn,VXAxIwYs,591.0
564,0,gKNaWgzA,ngHHCDQb,532.0
564,0,mTKelVZs,gKNaWgzA,532.0
564,0,xjlhzjUh,mTKelVZs,532.0
564,0,fGCuvnjJ,xjlhzjUh,690.0
564,0,CsZszdUY,fGCuvnjJ,690.0
564,0,OqBnJDkE,CsZszdUY,690.0
564,0,ajCBPuBp,OqBnJDkE,690.0
564,0,LhQSpAzy,ajCBPuBp,604.0
564,0,pwpCkicC,LhQSpAzy,604.0
564,0,jJVVpGMf,pwpCkicC,588.0
564,0,tcYerYbk,jJVVpGMf,588.0
564,0,pPKqPUVW,tcYerYbk,588.0
564,0,iYTiOTOT,pPKqPUVW,588.0
564,0,dLtneiKf,iYTiOTOT,588.0
564,0,slfxTuih,dLtneiKf,577.0
564,0,XFPAZveS,slfxTuih,395.0
564,0,ojqTFFWy,XFPAZveS,16.0
780,0,wuAzVrCW,fdwLSfsa,4257.0
780,0,mRKfPREJ,wuAzVrCW,4257.0
780,0,HeRuYpNs,mRKfPREJ,4257.0
780,0,qRJySzaf,HeRuYpNs,3912.0
780,0,LTfflVxG,qRJySzaf,3912.0
780,0,AhWKwjTz,LTfflVxG,4817.0
780,0,KgwKZlse,FZsFzszJ,2997.0
780,0,ALhaazBT,KgwKZlse,2978.0
780,0,YqlTLIQa,ALhaazBT,2730.0
780,0,AUmOMGnp,YqlTLIQa,2663.0
780,0,XFPAZveS,AUmOMGnp,2631.0
780,0,ejMjPdTH,XFPAZveS,1333.0
1374,0,pYVbvizw,GvhVJqUj,1319.0
1374,0,bdIbpKdP,pYVbvizw,1319.0
1374,0,VJibZvbS,bdIbpKdP,1319.0
1374,0,uSZbdBno,VJibZvbS,1324.0
1374,0,GtaXwPrK,uSZbdBno,1297.0
1374,0,SfxDAXEq,GtaXwPrK,1297.0
1374,0,PIUpvPaY,SfxDAXEq,1287.0
1374,0,XCZfXGna,PIUpvPaY,1466.0
1666,0,losuIFuX,VXVgVTNc,2193.0
1189,0,LoyIFaGV,hPbxQISN,1450.0
1189,0,iqbCzlPk,LoyIFaGV,1623.0
1189,0,bONecZHY,iqbCzlPk,1718.0
1189,0,JrYMJUzx,bONecZHY,1718.0
1189,0,WoSISRHq,JrYMJUzx,1327.0
1189,0,zAiczBZG,WoSISRHq,1327.0
1189,0,vkwWhgCe,zAiczBZG,1380.0
1189,0,KSSwmuEx,vkwWhgCe,1371.0
1189,0,pkhwWQVf,KSSwmuEx,1371.0
648,0,KwaxxmSs,EkWBPXmr,1044.0
648,0,PSjGjQXK,KwaxxmSs,1044.0
648,0,FDPmqphv,PSjGjQXK,1951.0
648,0,ccqsUPnI,FDPmqphv,2034.0
648,0,oSOvYxXQ,ccqsUPnI,2503.0
648,0,PSZbZwJF,oSOvYxXQ,2320.0
648,0,GWqnIxTG,PSZbZwJF,2323.0
648,0,NjlFoRGi,GWqnIxTG,2398.0
648,0,bvSKVAYv,NjlFoRGi,2398.0
648,0,JZGNdgml,bvSKVAYv,1213.0
648,0,uHbImzAf,JZGNdgml,1213.0
648,0,IzsieVnc,uHbImzAf,1213.0
912,0,kKKRBhFF,WdOwNGhj,211.0
912,0,NFInfBeu,kKKRBhFF,210.0
912,0,VCQdmIoF,NFInfBeu,195.0
912,0,ePrpofUw,VCQdmIoF,195.0
912,0,KcvPUxQg,ePrpofUw,195.0
912,0,BlnSxBAr,KcvPUxQg,195.0
912,0,TCBUGaZf,BlnSxBAr,195.0
615,0,DRkcXziO,IIzQthVA,697.0
615,0,fTOPrrgc,DRkcXziO,697.0
615,0,XPasGtVj,fTOPrrgc,697.0
615,0,VMviwLNE,XPasGtVj,697.0
615,0,BxuxHloR,VMviwLNE,697.0
615,0,gFAsBeQM,BxuxHloR,697.0
615,0,rDSiGFpR,gFAsBeQM,697.0
615,0,hxSTJhOz,rDSiGFpR,1142.0
615,0,TShNRujB,hxSTJhOz,1143.0
615,0,gzZgDndk,TShNRujB,2000.0
615,0,PSjGjQXK,gzZgDndk,2000.0
615,0,FDPmqphv,PSjGjQXK,1987.0
615,0,ccqsUPnI,FDPmqphv,1809.0
1472,0,jQaLNViL,gyQqEnFq,1978.0
1472,0,RfEbENxd,jQaLNViL,2368.0
1472,0,UFoaQvGg,RfEbENxd,3328.0
1472,0,DYvQviUy,UFoaQvGg,3328.0
1472,0,yHDouIXe,DYvQviUy,3659.0
1472,0,aFlzccOO,yHDouIXe,3776.0
1472,0,gpaAUChy,aFlzccOO,3776.0
1472,0,XAxmwtqw,gpaAUChy,4379.0
1472,0,YmDpkIHQ,XAxmwtqw,4379.0
1472,0,TUpCuZAw,YmDpkIHQ,4292.0
1472,0,HYfXIyFk,TUpCuZAw,4259.0
1472,0,yayPNqiY,HYfXIyFk,4259.0
1472,0,BsVmblhs,yayPNqiY,4259.0
1472,0,AFWGXQGm,BsVmblhs,4259.0
1472,0,ZMeqpjWv,AFWGXQGm,4259.0
1472,0,tSUFrefk,ZMeqpjWv,4228.0
1472,0,FqxCUuHX,tSUFrefk,4228.0
1472,0,LOkvvGyU,FqxCUuHX,3634.0
1472,0,DYErCrqd,LOkvvGyU,3634.0
1472,0,LbKosGpD,DYErCrqd,3634.0
1472,0,rDSiGFpR,LbKosGpD,2387.0
1472,0,hxSTJhOz,rDSiGFpR,1880.0
1472,0,TShNRujB,hxSTJhOz,1880.0
1472,0,gzZgDndk,TShNRujB,95.0
678,0,IzsieVnc,uHbImzAf,1688.0
1744,0,uVsOstge,niqrIlpR,4086.0
1744,0,HTKZNJTs,uVsOstge,4372.0
1744,0,qvujbmjR,HTKZNJTs,5347.0
1744,0,REvIjxsO,qvujbmjR,5328.0
1744,0,CylWjYTC,REvIjxsO,5845.0
1744,0,yMiwNCtj,CylWjYTC,5685.0
647,0,yYSDLmlm,ydoNqUsu,280.0
647,0,FDCDnriY,yYSDLmlm,404.0
647,0,hLEWSLqw,FDCDnriY,404.0
647,0,ydoNqUsu,OyNIynZV,129.0
214,0,OyNIynZV,NcLanIdZ,559.0
272,0,LmhVzFNJ,gVtshwcF,3877.0
573,0,jBnsfrlR,zGyJMIkT,1200.0
573,0,sjphZSiX,jBnsfrlR,1200.0
573,0,NgDeDdfx,sjphZSiX,1200.0
578,0,GXHjZCTL,udlIzhJE,7.0
578,0,yolIeCeg,GXHjZCTL,7.0
264,0,twMezfOU,lkujKSJT,1594.0
264,0,EMzKPzug,twMezfOU,1594.0
264,0,KHbKaRBy,EMzKPzug,1695.0
264,0,uUBnPWGG,KHbKaRBy,1696.0
264,0,IvQQZbJW,ztLkgYlA,1311.0
264,0,yaKWBgLg,IvQQZbJW,1492.0
264,0,lkujKSJT,yaKWBgLg,1492.0
273,0,EtvjcvTp,CKNrjFUU,3.0
264,0,KcvPUxQg,ePrpofUw,515.0
264,0,BlnSxBAr,KcvPUxQg,515.0
264,0,TCBUGaZf,BlnSxBAr,919.0
264,0,pzcCDVmZ,TCBUGaZf,1174.0
264,0,AUBTKFbY,pzcCDVmZ,1175.0
264,0,fjevhefZ,AUBTKFbY,1200.0
264,0,vyQyYYqJ,fjevhefZ,1200.0
264,0,ztLkgYlA,vyQyYYqJ,1200.0
264,0,NFInfBeu,kKKRBhFF,457.0
264,0,VCQdmIoF,NFInfBeu,457.0
264,0,ePrpofUw,VCQdmIoF,457.0
264,0,WdOwNGhj,xfbmoJHP,431.0
264,0,kKKRBhFF,WdOwNGhj,431.0
706,0,ozAxYCwR,uiYVYPQX,89.0
711,0,ozAxYCwR,uiYVYPQX,767.0
678,0,HRURJMPd,IzsieVnc,1678.0
678,0,WGGanwZU,HRURJMPd,1678.0
1747,0,HeRWBWAv,gbxdgQQp,4756.0
1747,0,xjaGpszF,HeRWBWAv,4756.0
1747,0,CTdLzzOf,xjaGpszF,3545.0
1747,0,IgEBJNwX,CTdLzzOf,3545.0
1747,0,Yhslgmod,IgEBJNwX,2857.0
1747,0,cTQVugNT,Yhslgmod,2677.0
1747,0,cNypyxpr,cTQVugNT,1135.0
1531,0,WRVBvtIE,aWeSqqrV,2998.0
1531,0,YspLWkZX,WRVBvtIE,3868.0
1531,0,pRBbbEoD,YspLWkZX,3761.0
1531,0,cfVAtKgo,pRBbbEoD,3558.0
1531,0,QMiQTlda,cfVAtKgo,4136.0
1531,0,MaKoROaE,QMiQTlda,4136.0
994,0,zjGRmLyo,JGydtICe,2762.0
994,0,EXTmTMKf,zjGRmLyo,2751.0
994,0,yfIoPTHo,EXTmTMKf,1783.0
994,0,GnOurcjN,yfIoPTHo,1783.0
994,0,vHkAlmCm,GnOurcjN,1396.0
994,0,YspLWkZX,vHkAlmCm,1394.0
994,0,pRBbbEoD,YspLWkZX,1008.0
994,0,cfVAtKgo,pRBbbEoD,1008.0
994,0,QMiQTlda,cfVAtKgo,1008.0
994,0,MaKoROaE,QMiQTlda,1008.0
1015,0,ZJxogzZw,wcUGKfLa,63.0
1015,0,Uacajbua,ZJxogzZw,63.0
1015,0,ZLCIvgrp,Uacajbua,63.0
1015,0,ucVTqZIB,ZLCIvgrp,63.0
1015,0,FDrhtNjK,ucVTqZIB,63.0
1015,0,YVGWiGkc,FDrhtNjK,63.0
1015,0,CqPWXNIf,YVGWiGkc,63.0
1015,0,iZfXNAue,CqPWXNIf,63.0
1015,0,OXvlrfnG,iZfXNAue,66.0
1015,0,CgMBzfIg,OXvlrfnG,70.0
1015,0,BCwVkMhO,CgMBzfIg,70.0
1015,0,MpBHVRZl,BCwVkMhO,70.0
1015,0,BWKNZpmt,MpBHVRZl,70.0
1015,0,hMBIVszx,BWKNZpmt,70.0
1015,0,JgVaSAtG,hMBIVszx,70.0
1015,0,QyfZGsFT,JgVaSAtG,70.0
1015,0,selTNsQi,QyfZGsFT,70.0
1015,0,SfBAqteg,selTNsQi,70.0
1015,0,obGcbWvT,SfBAqteg,70.0
1015,0,wssOAckJ,obGcbWvT,70.0
1015,0,zzxlwhdI,wssOAckJ,70.0
1015,0,SEcoeimf,zzxlwhdI,70.0
1015,0,fzmnvqlX,SEcoeimf,70.0
1015,0,RyhuDLev,fzmnvqlX,70.0
1015,0,KnIeolpt,RyhuDLev,70.0
1015,0,GMrJWgHs,KnIeolpt,70.0
1015,0,tTjpyeuP,GMrJWgHs,70.0
1015,0,iYbcLrkT,tTjpyeuP,70.0
1015,0,elxmPCDf,iYbcLrkT,70.0
1015,0,tcbhlVZo,elxmPCDf,70.0
1015,0,ZqBGCTqq,tcbhlVZo,70.0
1015,0,HxnLIWQq,ZqBGCTqq,67.0
1015,0,wqGWmwVd,HxnLIWQq,67.0
1015,0,ACkvbmee,wqGWmwVd,67.0
1015,0,FtWuEuzF,ACkvbmee,67.0
1015,0,RtTLxXUv,FtWuEuzF,67.0
1015,0,JGydtICe,RtTLxXUv,67.0
1015,0,xbhuXgnr,JGydtICe,67.0
1015,0,zjGRmLyo,xbhuXgnr,67.0
1015,0,EXTmTMKf,zjGRmLyo,67.0
1015,0,yfIoPTHo,EXTmTMKf,67.0
1015,0,GnOurcjN,yfIoPTHo,67.0
1015,0,vHkAlmCm,GnOurcjN,67.0
1015,0,YspLWkZX,vHkAlmCm,67.0
1015,0,pRBbbEoD,YspLWkZX,67.0
1015,0,cfVAtKgo,pRBbbEoD,67.0
1015,0,AUlesEuc,cfVAtKgo,67.0
1015,0,MaKoROaE,AUlesEuc,67.0
973,0,cCEhgrAc,srZucbpJ,2836.0
973,0,cfShLPmI,cCEhgrAc,2836.0
973,0,tWKcfmbS,cfShLPmI,2837.0
973,0,rmNVGWDV,tWKcfmbS,2837.0
16,0,tWKcfmbS,cfShLPmI,5389.0
973,0,OQRQrPoA,rmNVGWDV,2824.0
970,0,inRETCYL,LTDgdyOW,56.0
970,0,XEuSRnsw,inRETCYL,64.0
970,0,nsjiKPCz,XEuSRnsw,64.0
970,0,cCEhgrAc,nsjiKPCz,79.0
970,0,ETEzvRZj,cCEhgrAc,79.0
970,0,NPGSYTMw,ETEzvRZj,79.0
970,0,tHIoZtFE,NPGSYTMw,79.0
970,0,XMbkTLpt,tHIoZtFE,79.0
970,0,SOFDNGxu,XMbkTLpt,79.0
970,0,OQRQrPoA,SOFDNGxu,79.0
272,0,CmbQeSBI,LmhVzFNJ,3817.0
272,0,RVyaKvKa,CmbQeSBI,3817.0
272,0,OQRQrPoA,RVyaKvKa,3817.0
1245,0,LmhVzFNJ,gVtshwcF,744.0
1245,0,CmbQeSBI,LmhVzFNJ,767.0
1245,0,RVyaKvKa,CmbQeSBI,767.0
1245,0,OQRQrPoA,RVyaKvKa,767.0
264,0,rivVbWxD,FJLNitGY,1710.0
985,0,ERIWLSEl,lotPPedu,861.0
985,0,qsoLaWuJ,ERIWLSEl,861.0
985,0,WSBJbplj,qsoLaWuJ,861.0
985,0,THUDGZDu,WSBJbplj,861.0
985,0,XUEgpuYS,THUDGZDu,874.0
985,0,lXZmsBCe,XUEgpuYS,587.0
985,0,oftwwzSy,lXZmsBCe,587.0
985,0,CKNrjFUU,oftwwzSy,587.0
985,0,EtvjcvTp,CKNrjFUU,583.0
985,0,wuyFtExA,EtvjcvTp,246.0
985,0,MrybjzSo,wuyFtExA,246.0
985,0,leJfirnk,MrybjzSo,103.0
985,0,QRSRIbba,leJfirnk,103.0
985,0,EkCoFwMY,QRSRIbba,103.0
985,0,jqriedgy,EkCoFwMY,103.0
985,0,MTAZIXBL,jqriedgy,103.0
985,0,RkbXqAIs,MTAZIXBL,55.0
985,0,TAifzqok,RkbXqAIs,49.0
985,0,wWcBzuvM,TAifzqok,49.0
985,0,GcGOdrPa,wWcBzuvM,49.0
985,0,yAqyhWkU,GcGOdrPa,49.0
483,0,CmbQeSBI,gVtshwcF,244.0
483,0,RVyaKvKa,CmbQeSBI,244.0
483,0,OQRQrPoA,RVyaKvKa,244.0
584,0,kZdBhxvo,gRuqifBH,1091.0
584,0,ZBkAAevT,kZdBhxvo,1036.0
584,0,cMinRgYB,ZBkAAevT,1036.0
523,0,kZdBhxvo,gRuqifBH,2611.0
523,0,ZBkAAevT,kZdBhxvo,2611.0
523,0,cMinRgYB,ZBkAAevT,2611.0
1435,0,yfIoPTHo,EXTmTMKf,6452.0
1435,0,GnOurcjN,yfIoPTHo,6452.0
1435,0,vHkAlmCm,GnOurcjN,5380.0
1435,0,WynPMslR,vHkAlmCm,5331.0
1435,0,qjwSVoCq,WynPMslR,4280.0
1435,0,WvPJYXMk,qjwSVoCq,3644.0
264,0,OQRQrPoA,rivVbWxD,1377.0
1075,0,SGnJOquj,ZOuLYtJj,726.0
1075,0,ogOCBKAf,SGnJOquj,711.0
750,0,kOVxiGFe,qUWcqGRU,223.0
750,0,WeqAZPal,kOVxiGFe,223.0
750,0,mfgtosUp,WeqAZPal,223.0
750,0,rDRMBgEM,mfgtosUp,223.0
750,0,GrxyFhrL,rDRMBgEM,223.0
750,0,euIYYdlw,eViNbjWB,171.0
750,0,xRMPpTGi,euIYYdlw,171.0
750,0,MLYhGOjG,xRMPpTGi,171.0
750,0,lWnrzrzW,MLYhGOjG,171.0
750,0,zrFdTehz,lWnrzrzW,171.0
750,0,xHyAtnfx,zrFdTehz,171.0
750,0,qUWcqGRU,xHyAtnfx,171.0
584,0,LRmPOeoe,cMinRgYB,996.0
523,0,CPPLrzGV,cMinRgYB,2499.0
678,0,EMzKPzug,WGGanwZU,1365.0
524,0,OeKkfJSz,HTcmpFUD,876.0
524,0,FZjXRNIl,OeKkfJSz,876.0
490,0,FFLftRlg,vBGGqNND,2517.0
490,0,HTKZNJTs,FFLftRlg,3470.0
490,0,xkdRvtRu,HTKZNJTs,3305.0
490,0,SjZGieDS,xkdRvtRu,3185.0
490,0,pHNyFRmN,SjZGieDS,2967.0
490,0,vISVJoyz,pHNyFRmN,1734.0
490,0,RHWjHSWx,vISVJoyz,1676.0
452,0,pHNyFRmN,OWkTamRc,4006.0
452,0,SMriOOgF,pHNyFRmN,4554.0
452,0,rWiIOjNx,SMriOOgF,4554.0
452,0,bvSKVAYv,rWiIOjNx,4554.0
678,0,AszcEtOu,BpAiVnps,1933.0
678,0,ybjkPLXB,AszcEtOu,2249.0
1193,0,neNWquOh,EkWBPXmr,517.0
1193,0,KwaxxmSs,neNWquOh,524.0
1193,0,PSjGjQXK,KwaxxmSs,524.0
1193,0,FDPmqphv,PSjGjQXK,816.0
1193,0,aVjdmBcp,FDPmqphv,822.0
1193,0,isVKhOXG,aVjdmBcp,822.0
1193,0,OWkTamRc,isVKhOXG,824.0
1193,0,pHNyFRmN,OWkTamRc,865.0
1193,0,SMriOOgF,pHNyFRmN,1041.0
1193,0,rWiIOjNx,SMriOOgF,1041.0
1193,0,bvSKVAYv,rWiIOjNx,1041.0
1193,0,JZGNdgml,bvSKVAYv,1142.0
1193,0,uHbImzAf,JZGNdgml,1142.0
1193,0,IzsieVnc,uHbImzAf,1377.0
1193,0,aYIMvmGX,IzsieVnc,1377.0
1193,0,WGGanwZU,aYIMvmGX,1444.0
1193,0,ArHpJhVJ,WGGanwZU,1444.0
712,0,MlQcmexA,GRRjUQxz,4282.0
661,0,ymMncFZF,RVyaKvKa,1673.0
661,0,QKdRzNnX,ymMncFZF,1673.0
626,0,tWKcfmbS,cfShLPmI,2175.0
626,0,zXtHnUiq,tWKcfmbS,2175.0
16,0,hEhmxyDr,tWKcfmbS,5381.0
16,0,OxhtFIfA,hEhmxyDr,5381.0
272,0,CEyhPnMH,OQRQrPoA,3632.0
272,0,ogrZorIF,CEyhPnMH,3632.0
264,0,CEyhPnMH,OQRQrPoA,1283.0
264,0,ogrZorIF,CEyhPnMH,1283.0
973,0,CEyhPnMH,OQRQrPoA,2630.0
973,0,ogrZorIF,CEyhPnMH,2630.0
973,0,fumBmOZX,ogrZorIF,2630.0
264,0,fumBmOZX,ogrZorIF,1267.0
1169,0,UmISPPJO,WWVpYMJI,963.0
1169,0,VPUbGzfh,UmISPPJO,962.0
1169,0,MVExtcyL,VPUbGzfh,962.0
1169,0,bciZjPUu,MVExtcyL,962.0
1169,0,ogOCBKAf,bciZjPUu,946.0
1169,0,YbopoHtZ,UUyOnuCZ,255.0
1169,0,LIaalPFl,YbopoHtZ,255.0
1169,0,XBBRJpEo,LIaalPFl,265.0
1169,0,yfDSCLNC,XBBRJpEo,455.0
1169,0,eUWmFhmU,yfDSCLNC,455.0
1169,0,PaIXMFSn,eUWmFhmU,455.0
1169,0,xWjNpCho,PaIXMFSn,579.0
1169,0,drCNaUUd,xWjNpCho,644.0
1169,0,GiLGTLpB,drCNaUUd,644.0
1169,0,uCrZVfKw,GiLGTLpB,644.0
1169,0,ibPVFfKv,uCrZVfKw,644.0
1169,0,MokitPrF,ibPVFfKv,644.0
1169,0,WWVpYMJI,MokitPrF,644.0
1262,0,CKorGRkE,ojqTFFWy,1260.0
1262,0,eaNsVWDR,CKorGRkE,5068.0
1262,0,hpACGGyB,eaNsVWDR,5115.0
1262,0,VgUdLlOW,hpACGGyB,5903.0
1262,0,ywuGpANM,VgUdLlOW,5914.0
1262,0,BZCtSmhk,ywuGpANM,9472.0
1262,0,aojHvPEg,BZCtSmhk,9680.0
1262,0,qeXIqBgp,aojHvPEg,9680.0
1262,0,gmsNDepi,qeXIqBgp,11650.0
1193,0,tWpVdCtj,ArHpJhVJ,1391.0
1193,0,EdJUuxct,tWpVdCtj,1474.0
1255,0,XMWgellz,vqGhvZJF,2675.0
187,0,QUMnpJQp,MwLdaJul,1757.0
187,0,FyIjwLBj,QUMnpJQp,1823.0
187,0,vXPGJwVk,FyIjwLBj,1822.0
187,0,GjiyfRqd,vXPGJwVk,1822.0
187,0,qzuHypgA,GjiyfRqd,2189.0
187,0,KCMgfriT,qzuHypgA,2178.0
187,0,hVMLOzME,KCMgfriT,2467.0
187,0,TDvESTZN,hVMLOzME,2467.0
187,0,sNuKvPuW,TDvESTZN,2447.0
187,0,AUBTKFbY,sNuKvPuW,2447.0
187,0,fjevhefZ,AUBTKFbY,1954.0
187,0,vyQyYYqJ,fjevhefZ,1954.0
187,0,ztLkgYlA,vyQyYYqJ,1933.0
187,0,IvQQZbJW,ztLkgYlA,333.0
1650,0,MlYFoaez,pWUEfFEM,1370.0
1650,0,XeinAhyy,MlYFoaez,876.0
1650,0,pGpZhRvq,XeinAhyy,876.0
1650,0,alaJPSTW,pGpZhRvq,876.0
1650,0,ngNzeSzC,alaJPSTW,876.0
1650,0,FoxIDeQY,ngNzeSzC,876.0
1650,0,dZoxKDmD,FoxIDeQY,876.0
1650,0,ZOuLYtJj,dZoxKDmD,876.0
1650,0,SGnJOquj,ZOuLYtJj,864.0
1650,0,ogOCBKAf,SGnJOquj,864.0
400,0,dZoxKDmD,FoxIDeQY,1342.0
400,0,ZOuLYtJj,dZoxKDmD,2110.0
400,0,dWLNxRJP,ZOuLYtJj,2110.0
1180,0,vacPrbQA,eiOwifcC,4702.0
661,0,CmbQeSBI,gVtshwcF,1319.0
661,0,RVyaKvKa,CmbQeSBI,1319.0
661,0,EQSFTfWT,QKdRzNnX,1715.0
661,0,pHgJPiEB,EQSFTfWT,1715.0
661,0,jLGvGvQf,pHgJPiEB,1715.0
661,0,issQYORv,jLGvGvQf,1715.0
973,0,TurKlwMz,NkWMDpBL,2397.0
973,0,OSkPauJr,TurKlwMz,2397.0
973,0,NdVNfPps,OSkPauJr,2397.0
973,0,cNHGbHfW,NdVNfPps,2418.0
523,0,vMBlttbG,CPPLrzGV,1814.0
523,0,zdEUiAFY,vMBlttbG,1814.0
990,0,tWpVdCtj,ArHpJhVJ,6374.0
990,0,EdJUuxct,tWpVdCtj,6291.0
1379,0,QHFmFyLR,EkWBPXmr,300.0
1379,0,neNWquOh,QHFmFyLR,300.0
1379,0,KwaxxmSs,neNWquOh,303.0
1379,0,PSjGjQXK,KwaxxmSs,304.0
1379,0,FDPmqphv,PSjGjQXK,713.0
1379,0,aVjdmBcp,FDPmqphv,753.0
1379,0,isVKhOXG,aVjdmBcp,753.0
1379,0,mKIQRbrs,isVKhOXG,865.0
1379,0,qvujbmjR,mKIQRbrs,998.0
1379,0,SqxhBMol,qvujbmjR,1004.0
1379,0,MzWshIAL,SqxhBMol,1037.0
1379,0,NZGnRwVn,MzWshIAL,1068.0
1379,0,qVoRAqeW,NZGnRwVn,1220.0
1379,0,pYVbvizw,qVoRAqeW,1221.0
1379,0,IATYolYz,pYVbvizw,1221.0
574,0,ubZrQMid,vfdAIPGv,1352.0
574,0,KwaxxmSs,ubZrQMid,1352.0
712,0,qdrjbHYS,ozAxYCwR,232.0
712,0,awOEKaEj,qdrjbHYS,3376.0
712,0,fFHpEWYG,awOEKaEj,3765.0
712,0,jOxyxYyy,fFHpEWYG,4276.0
712,0,gGlRqksC,jOxyxYyy,4276.0
712,0,GRRjUQxz,gGlRqksC,4276.0
712,0,vISVJoyz,MlQcmexA,2376.0
712,0,RHWjHSWx,vISVJoyz,2376.0
712,0,VpmqCJUB,RHWjHSWx,2883.0
712,0,EvIZgaUF,VpmqCJUB,2871.0
712,0,mGgwEHaG,EvIZgaUF,3028.0
712,0,DWuGRWkF,mGgwEHaG,3028.0
712,0,ryMrZCSE,DWuGRWkF,2982.0
712,0,fRxWIrbs,ryMrZCSE,2523.0
712,0,QrdELzCu,fRxWIrbs,2523.0
712,0,YvwQRHTE,QrdELzCu,2523.0
712,0,HJTsgSzj,YvwQRHTE,2523.0
679,0,IMtkgxTU,XXPGaRGh,1353.0
679,0,MlQcmexA,IMtkgxTU,1353.0
679,0,RHWjHSWx,MlQcmexA,1147.0
679,0,EvIZgaUF,RHWjHSWx,1421.0
679,0,mGgwEHaG,EvIZgaUF,1270.0
679,0,DWuGRWkF,mGgwEHaG,1270.0
679,0,ryMrZCSE,DWuGRWkF,1307.0
679,0,fRxWIrbs,ryMrZCSE,2164.0
679,0,QrdELzCu,fRxWIrbs,2159.0
679,0,YvwQRHTE,QrdELzCu,2159.0
679,0,HJTsgSzj,YvwQRHTE,2159.0
679,0,TcTonWJL,HJTsgSzj,3123.0
679,0,VCDwRKse,TcTonWJL,3395.0
679,0,lZYsrfVZ,VCDwRKse,3395.0
273,0,fFHpEWYG,FcOkCcps,2721.0
108,0,WdOwNGhj,xfbmoJHP,4939.0
108,0,kKKRBhFF,WdOwNGhj,4947.0
108,0,NFInfBeu,kKKRBhFF,5391.0
108,0,VCQdmIoF,NFInfBeu,5391.0
108,0,ePrpofUw,VCQdmIoF,5391.0
108,0,KcvPUxQg,ePrpofUw,6181.0
108,0,BlnSxBAr,KcvPUxQg,6276.0
108,0,TCBUGaZf,BlnSxBAr,6399.0
108,0,pzcCDVmZ,TCBUGaZf,7844.0
108,0,oUmVLfUX,pzcCDVmZ,7844.0
108,0,fJdABIlw,oUmVLfUX,7844.0
108,0,mXwfazRz,fJdABIlw,8374.0
108,0,rBcVngYR,mXwfazRz,8466.0
108,0,NGAodVTg,rBcVngYR,9074.0
108,0,TvGyfQSI,NGAodVTg,9100.0
108,0,HFYkXdPG,TvGyfQSI,9171.0
108,0,KjgVoxgR,HFYkXdPG,9700.0
108,0,xTOrUJFO,KjgVoxgR,9568.0
108,0,EmkugZPX,xTOrUJFO,9347.0
458,0,rmVQyXvM,qGnNRXVR,25.0
458,0,lmdCTtOt,rmVQyXvM,25.0
458,0,ZENVichq,lmdCTtOt,25.0
458,0,ZQjUlkgz,ZENVichq,25.0
458,0,heyKMWAh,ZQjUlkgz,25.0
457,0,suszCmcx,ojYgsDtJ,85.0
457,0,AHQzSmld,suszCmcx,85.0
457,0,lXxeIKQj,AHQzSmld,85.0
457,0,UWSJuCAz,lXxeIKQj,85.0
457,0,xfYjeqNM,UWSJuCAz,85.0
457,0,nrUfCQxz,xfYjeqNM,85.0
457,0,vJitwYAE,nrUfCQxz,51.0
457,0,iBiVOFur,vJitwYAE,51.0
457,0,SWnceHEw,iBiVOFur,51.0
457,0,AjJCgCBk,SWnceHEw,51.0
457,0,jFmPCmzM,AjJCgCBk,51.0
457,0,TrOiZJox,jFmPCmzM,51.0
457,0,fkZFUNSd,TrOiZJox,39.0
457,0,lTemnVVF,fkZFUNSd,39.0
457,0,pYVbvizw,lTemnVVF,39.0
457,0,vUKUaFbz,pYVbvizw,39.0
457,0,DRkcXziO,PbNNbEKu,31.0
457,0,fTOPrrgc,DRkcXziO,31.0
457,0,ErjukRDc,fTOPrrgc,31.0
457,0,ojYgsDtJ,ErjukRDc,31.0
684,0,aIerxCRO,lxSUNwOi,2024.0
684,0,ZHaurlhr,aIerxCRO,2024.0
684,0,KMDYeUKg,ZHaurlhr,2020.0
684,0,FrlvFFoW,KMDYeUKg,1909.0
684,0,buBFkWue,FrlvFFoW,1915.0
684,0,gaeBmadp,buBFkWue,1970.0
684,0,CpnDMnJS,gaeBmadp,1970.0
684,0,fSmTHZJS,CpnDMnJS,1960.0
684,0,WSTcrrBn,fSmTHZJS,1443.0
684,0,mayUcTNe,WSTcrrBn,1440.0
684,0,DyPueDjA,mayUcTNe,1440.0
684,0,qMoZNsgo,DyPueDjA,1439.0
684,0,udNzSSji,qMoZNsgo,1439.0
684,0,uKKyuZyC,udNzSSji,1439.0
684,0,GhNbXpjs,uKKyuZyC,1429.0
480,0,RDRtuZUD,FliRNcXy,462.0
480,0,HRxXRUxZ,RDRtuZUD,462.0
480,0,TiulEaYs,HRxXRUxZ,462.0
480,0,dwUntJQR,TiulEaYs,780.0
480,0,VQMcZIwA,dwUntJQR,780.0
480,0,RyfxjoUl,VQMcZIwA,895.0
480,0,QIQMIQBO,RyfxjoUl,754.0
480,0,hOGVczfj,QIQMIQBO,661.0
1744,0,kXtCwJQx,hOGVczfj,4361.0
1744,0,UZvsWvxC,kXtCwJQx,4386.0
1744,0,Afgbwxue,UZvsWvxC,4369.0
1744,0,yHOAvGcL,Afgbwxue,4191.0
1744,0,AHQzSmld,yHOAvGcL,4631.0
1744,0,UWSJuCAz,AHQzSmld,4497.0
686,0,iBiVOFur,nrUfCQxz,2627.0
686,0,SWnceHEw,iBiVOFur,2406.0
686,0,AjJCgCBk,SWnceHEw,2403.0
686,0,wLUSsEhz,AjJCgCBk,2537.0
686,0,XHTcEfiO,wLUSsEhz,2508.0
686,0,izYvwhlO,XHTcEfiO,1338.0
686,0,DvUXLssj,izYvwhlO,1091.0
686,0,womqVgRl,DvUXLssj,1091.0
1744,0,XAxmwtqw,aFlzccOO,4084.0
1744,0,ThGrfpxl,XAxmwtqw,4084.0
1744,0,TUpCuZAw,ThGrfpxl,3946.0
1744,0,HYfXIyFk,TUpCuZAw,3946.0
1744,0,oQvXmJfL,HYfXIyFk,3959.0
1744,0,yayPNqiY,oQvXmJfL,4145.0
1744,0,pOvHFZPM,yayPNqiY,4145.0
1744,0,hOGVczfj,pOvHFZPM,4356.0
684,0,biJBLznK,UfJDroVz,255.0
684,0,TcsyXYNn,biJBLznK,255.0
684,0,qKeCDDXI,TcsyXYNn,255.0
684,0,YmkUpvHU,qKeCDDXI,909.0
684,0,GbYxEXTt,YmkUpvHU,1320.0
684,0,DOGyniWl,GbYxEXTt,1320.0
684,0,fubLBmAl,DOGyniWl,1440.0
684,0,nEXpIbiD,fubLBmAl,1440.0
684,0,eTJQHplR,nEXpIbiD,1445.0
684,0,vrgENeuF,eTJQHplR,1712.0
684,0,lxSUNwOi,vrgENeuF,1950.0
684,0,QontmjvH,JIllbhjr,120.0
684,0,oBtsEQRM,QontmjvH,120.0
684,0,UFoaQvGg,oBtsEQRM,150.0
684,0,uxsctOEt,UFoaQvGg,150.0
684,0,UfJDroVz,uxsctOEt,152.0
1744,0,DYvQviUy,RfEbENxd,3725.0
1744,0,aFlzccOO,DYvQviUy,3864.0
1744,0,jQaLNViL,gyQqEnFq,1026.0
1744,0,RfEbENxd,jQaLNViL,2314.0
1452,0,RXuaQdiQ,orpkgmYq,7081.0
1452,0,mhTYFecR,RXuaQdiQ,7690.0
365,0,DgYBMgPg,mhsyTQmZ,2934.0
365,0,yjQwxGED,DgYBMgPg,1180.0
365,0,KPcRWbGT,yjQwxGED,1180.0
365,0,uGRyXcfW,KPcRWbGT,1180.0
365,0,HlhFjJtZ,uGRyXcfW,1180.0
365,0,ALhaazBT,HlhFjJtZ,1180.0
365,0,YqlTLIQa,ALhaazBT,1074.0
365,0,AUmOMGnp,YqlTLIQa,1074.0
365,0,SVPLEqNI,AUmOMGnp,1061.0
365,0,ejMjPdTH,SVPLEqNI,330.0
365,0,CKorGRkE,ejMjPdTH,176.0
365,0,eaNsVWDR,CKorGRkE,176.0
365,0,hpACGGyB,eaNsVWDR,176.0
365,0,VgUdLlOW,hpACGGyB,175.0
365,0,ywuGpANM,VgUdLlOW,175.0
365,0,BZCtSmhk,ywuGpANM,139.0
365,0,aojHvPEg,BZCtSmhk,139.0
365,0,qeXIqBgp,aojHvPEg,139.0
365,0,gmsNDepi,qeXIqBgp,139.0
365,0,jFRqfnFl,gmsNDepi,139.0
365,0,ysSWNERo,jFRqfnFl,135.0
1296,0,BLvXEzeq,gzTQJVMW,4793.0
1296,0,AoRkaUmb,BLvXEzeq,4894.0
1296,0,ALhaazBT,AoRkaUmb,4894.0
1296,0,YqlTLIQa,ALhaazBT,5365.0
1296,0,AUmOMGnp,YqlTLIQa,5365.0
1296,0,ejMjPdTH,AUmOMGnp,5422.0
1296,0,eaNsVWDR,ejMjPdTH,5751.0
1296,0,ywuGpANM,eaNsVWDR,7126.0
1296,0,BZCtSmhk,ywuGpANM,7817.0
950,0,HeRuYpNs,UrTDCKsV,43.0
950,0,qRJySzaf,HeRuYpNs,39.0
950,0,LTfflVxG,qRJySzaf,39.0
950,0,AhWKwjTz,LTfflVxG,39.0
950,0,VEiYdotb,AhWKwjTz,38.0
950,0,DgYBMgPg,VEiYdotb,38.0
950,0,vkArqzKY,DgYBMgPg,35.0
950,0,gzTQJVMW,vkArqzKY,35.0
1296,0,gzTQJVMW,RVEyrwjR,4270.0
367,0,GbYxEXTt,YmkUpvHU,2651.0
367,0,DOGyniWl,GbYxEXTt,1398.0
367,0,fubLBmAl,DOGyniWl,1398.0
367,0,nEXpIbiD,fubLBmAl,1276.0
367,0,eTJQHplR,nEXpIbiD,1276.0
1558,0,GbYxEXTt,YmkUpvHU,568.0
1558,0,ItndWSiW,GbYxEXTt,529.0
1558,0,DOGyniWl,ItndWSiW,495.0
1558,0,fubLBmAl,DOGyniWl,495.0
1558,0,nEXpIbiD,fubLBmAl,495.0
1558,0,eTJQHplR,nEXpIbiD,495.0
673,0,bgWfLree,DsuTXcIa,1197.0
673,0,nUYnioIh,bgWfLree,1197.0
673,0,UAkhVpHN,nUYnioIh,1197.0
673,0,EvIZgaUF,UAkhVpHN,1197.0
673,0,mGgwEHaG,EvIZgaUF,1180.0
673,0,DWuGRWkF,mGgwEHaG,1166.0
673,0,ryMrZCSE,DWuGRWkF,1094.0
673,0,fRxWIrbs,ryMrZCSE,658.0
673,0,sKbmdUEJ,fRxWIrbs,658.0
673,0,zWeVnnxO,sKbmdUEJ,658.0
673,0,kXofjcRp,zWeVnnxO,658.0
673,0,mCHzTQKa,kXofjcRp,484.0
673,0,VCDwRKse,mCHzTQKa,484.0
673,0,lZYsrfVZ,VCDwRKse,484.0
673,0,eOdwAkBF,ydoNqUsu,1310.0
673,0,FDCDnriY,eOdwAkBF,1306.0
673,0,DsuTXcIa,FDCDnriY,1452.0
673,0,enOsQere,LPBTmxgF,483.0
673,0,ydoNqUsu,enOsQere,483.0
481,0,JGbfxLUL,KQSHMGnw,1118.0
481,0,IjwLXBRx,JGbfxLUL,1118.0
481,0,YmbmpLps,IjwLXBRx,1118.0
481,0,nJRBvlcT,YmbmpLps,1201.0
481,0,IkxLwyxa,nJRBvlcT,1483.0
523,0,CorDNIJt,zdEUiAFY,1804.0
1198,0,yjunmuoE,IvQQZbJW,633.0
1198,0,ljAgYLSe,yjunmuoE,633.0
1198,0,dTWbWYya,ljAgYLSe,619.0
1198,0,CorDNIJt,dTWbWYya,619.0
584,0,vMBlttbG,LRmPOeoe,787.0
584,0,zdEUiAFY,vMBlttbG,787.0
584,0,CorDNIJt,zdEUiAFY,787.0
584,0,LciqyJfg,CorDNIJt,777.0
584,0,HTcmpFUD,LciqyJfg,777.0
523,0,LciqyJfg,CorDNIJt,1326.0
523,0,HTcmpFUD,LciqyJfg,1326.0
1198,0,LciqyJfg,CorDNIJt,618.0
1198,0,HTcmpFUD,LciqyJfg,618.0
1198,0,IvQQZbJW,lxBswvKX,606.0
178,0,TCMQvOqy,NmilzqZp,1035.0
178,0,JyqrAKLu,TCMQvOqy,1035.0
178,0,XxhwFmzZ,JyqrAKLu,1035.0
178,0,sonNAVmZ,XxhwFmzZ,1034.0
178,0,aWeAvoyP,sonNAVmZ,1130.0
178,0,exnIZrMP,aWeAvoyP,1130.0
178,0,KhRPPFUf,exnIZrMP,1107.0
178,0,zoqWMrrO,KhRPPFUf,1107.0
178,0,WSMobtPt,zoqWMrrO,1107.0
178,0,ClDeGdta,WSMobtPt,1107.0
1198,0,dBTDkDZt,gOJphFVT,2153.0
1198,0,tldUULAx,dBTDkDZt,2879.0
1198,0,lQHWhrGj,tldUULAx,3021.0
1198,0,OOOhsNkv,lQHWhrGj,3021.0
1198,0,CgcphXSb,OOOhsNkv,3021.0
1198,0,texSWQet,CgcphXSb,3021.0
1198,0,lxBswvKX,texSWQet,1536.0
187,0,AszcEtOu,BpAiVnps,1051.0
187,0,TCqyxHhF,AszcEtOu,1355.0
187,0,BHzRSlej,TCqyxHhF,1355.0
187,0,TcEVvOUM,BHzRSlej,1435.0
187,0,qGnNRXVR,TcEVvOUM,1427.0
187,0,ouPwTbuD,qGnNRXVR,1426.0
187,0,MwLdaJul,ouPwTbuD,1427.0
187,0,yjunmuoE,IvQQZbJW,330.0
187,0,ljAgYLSe,yjunmuoE,330.0
187,0,dTWbWYya,ljAgYLSe,330.0
187,0,CorDNIJt,dTWbWYya,330.0
187,0,LciqyJfg,CorDNIJt,330.0
187,0,HTcmpFUD,LciqyJfg,330.0
1662,0,XGJiqzLW,xSynUqPV,392.0
990,0,gmiMCrrb,EdJUuxct,6334.0
186,0,OeKkfJSz,HTcmpFUD,821.0
186,0,FZjXRNIl,OeKkfJSz,821.0
186,0,wHSBMatn,FZjXRNIl,821.0
186,0,pbVrXoGi,wHSBMatn,821.0
186,0,GuhaYkFL,pbVrXoGi,830.0
186,0,EdJUuxct,GuhaYkFL,830.0
186,0,gmiMCrrb,EdJUuxct,641.0
1689,0,oizEKkjz,YyUbakrH,150.0
1689,0,wqmVlyfa,oizEKkjz,146.0
1689,0,JvDZYJph,wqmVlyfa,146.0
1689,0,gdbAGAQU,JvDZYJph,137.0
1689,0,tBgOcvQf,gdbAGAQU,137.0
178,0,PYzwbgep,cZBPdCTc,568.0
178,0,wtyUxRkq,PYzwbgep,569.0
178,0,VXthmpcS,wtyUxRkq,718.0
178,0,xuEvBBdE,VXthmpcS,719.0
178,0,rAizOLWV,xuEvBBdE,719.0
178,0,JdZarNsv,rAizOLWV,719.0
178,0,NmilzqZp,JdZarNsv,719.0
1104,0,ObeVuyMA,roHCvggS,30.0
1104,0,WqRwmxfX,ObeVuyMA,30.0
1104,0,fbgWGcSP,WqRwmxfX,28.0
1104,0,VctBMYxC,fbgWGcSP,28.0
1104,0,yXfOYhmg,VctBMYxC,28.0
1104,0,xYfYRJnz,yXfOYhmg,28.0
1104,0,bvZtLhoP,xYfYRJnz,28.0
1104,0,NoGATiBT,bvZtLhoP,28.0
1104,0,JvDZYJph,NoGATiBT,28.0
1104,0,gdbAGAQU,JvDZYJph,22.0
1104,0,ANpclgWP,gdbAGAQU,22.0
1104,0,LWqTSxPr,ANpclgWP,22.0
1104,0,tBgOcvQf,LWqTSxPr,22.0
295,0,KMLNQwjh,YxUFlvZH,362.0
295,0,aDaRCcaB,KMLNQwjh,362.0
295,0,dQYZBhGJ,aDaRCcaB,362.0
295,0,iFderoVa,dQYZBhGJ,362.0
295,0,GQmprOhw,iFderoVa,362.0
295,0,aWeAvoyP,GQmprOhw,363.0
295,0,exnIZrMP,aWeAvoyP,363.0
295,0,WSMobtPt,exnIZrMP,363.0
295,0,AvILYntX,WSMobtPt,378.0
295,0,BGAyznqC,AvILYntX,387.0
295,0,PUIIuxlM,BGAyznqC,387.0
295,0,bEuFbYIx,PUIIuxlM,387.0
295,0,ZCsEtuOb,bEuFbYIx,393.0
295,0,kEQqRNXv,ZCsEtuOb,481.0
295,0,NfeOUEsA,kEQqRNXv,481.0
295,0,gdbAGAQU,NfeOUEsA,657.0
295,0,ANpclgWP,gdbAGAQU,657.0
295,0,LWqTSxPr,ANpclgWP,605.0
295,0,tBgOcvQf,LWqTSxPr,605.0
178,0,PeYVqHeF,DJkAcxlA,416.0
178,0,cRLBVFvQ,PeYVqHeF,416.0
178,0,DacXSoOC,cRLBVFvQ,477.0
178,0,vTErLEZz,DacXSoOC,477.0
178,0,cZBPdCTc,vTErLEZz,502.0
295,0,KwXNMHkb,UxPxrYmy,313.0
295,0,YxUFlvZH,KwXNMHkb,313.0
178,0,hZxMsAHQ,WgelRheP,362.0
178,0,DJkAcxlA,hZxMsAHQ,362.0
620,0,xkPrOUqs,YJnTPbIZ,3.0
620,0,HAzkMqyk,xkPrOUqs,3.0
620,0,maNgUiZD,HAzkMqyk,1.0
620,0,etntpIwb,maNgUiZD,1.0
620,0,kJlOJSYi,etntpIwb,1.0
620,0,ObeVuyMA,kJlOJSYi,1.0
620,0,WqRwmxfX,ObeVuyMA,1.0
620,0,fbgWGcSP,WqRwmxfX,1.0
620,0,VctBMYxC,fbgWGcSP,1.0
620,0,xYfYRJnz,VctBMYxC,1.0
620,0,bvZtLhoP,xYfYRJnz,1.0
620,0,NoGATiBT,bvZtLhoP,1.0
620,0,JvDZYJph,NoGATiBT,1.0
620,0,gdbAGAQU,JvDZYJph,1.0
620,0,ANpclgWP,gdbAGAQU,1.0
620,0,LWqTSxPr,ANpclgWP,1.0
620,0,tBgOcvQf,LWqTSxPr,1.0
626,0,XCXPEDQh,MBttAlCW,393.0
626,0,FXyPWyvF,XCXPEDQh,393.0
626,0,yLDzmulm,FXyPWyvF,393.0
626,0,JzObVOMG,yLDzmulm,400.0
626,0,dwQybScW,JzObVOMG,400.0
626,0,WgelRheP,dwQybScW,400.0
1052,0,xokKvraT,INegqJKU,126.0
1052,0,HaSZVkzu,xokKvraT,126.0
1052,0,yjaYbUGq,HaSZVkzu,126.0
1052,0,LbyQgJih,yjaYbUGq,126.0
1052,0,FPXdCAOW,LbyQgJih,126.0
1052,0,ouHKxPGS,FPXdCAOW,126.0
295,0,hqOmlOIp,RrhmmPMm,189.0
295,0,qJgsxHch,hqOmlOIp,189.0
295,0,lxplrluY,qJgsxHch,189.0
295,0,zTJYYUap,lxplrluY,189.0
295,0,UxPxrYmy,zTJYYUap,189.0
295,0,YxYhlArE,NqSePdAx,154.0
295,0,sAswhpJr,YxYhlArE,154.0
295,0,VyHGAkTo,sAswhpJr,154.0
295,0,RrhmmPMm,VyHGAkTo,154.0
295,0,sceVWPKZ,dvaPHMux,103.0
295,0,NqSePdAx,sceVWPKZ,103.0
214,0,ydoNqUsu,OyNIynZV,547.0
214,0,yYSDLmlm,ydoNqUsu,776.0
712,0,LVcdwgEp,ubzklVlS,3005.0
712,0,xTOrUJFO,LVcdwgEp,2046.0
1567,0,UgpyjFML,tzYrVhKO,7060.0
46,0,QpprBOSr,SOVcCDqR,7346.0
46,0,Plxavose,QpprBOSr,6937.0
46,0,CpULuhdq,Plxavose,6420.0
46,0,tJbXQuOE,CpULuhdq,6420.0
46,0,dAjqsFfg,tJbXQuOE,4816.0
46,0,vizUtPmY,dAjqsFfg,4816.0
46,0,fytASSfG,vizUtPmY,4726.0
46,0,kFSxtGUW,fytASSfG,4726.0
46,0,ULMVzkWs,kFSxtGUW,4634.0
46,0,ZNjvBYak,ULMVzkWs,4634.0
46,0,wPeqfEci,ZNjvBYak,4501.0
46,0,MjMDaXaP,wPeqfEci,4501.0
46,0,OGoFbxUJ,MjMDaXaP,4501.0
46,0,XNUmFqNT,OGoFbxUJ,4501.0
46,0,hSdNxZqe,XNUmFqNT,4407.0
1180,0,RFLUsFpq,apOzgzFy,5547.0
1180,0,NRaiNGwl,RFLUsFpq,5547.0
1180,0,dgLtpUgu,NRaiNGwl,5583.0
1180,0,GJEXlFdt,dgLtpUgu,5653.0
1180,0,VMzKgUSR,GJEXlFdt,5798.0
1180,0,BJDTCJYP,VMzKgUSR,5798.0
1180,0,gyedwqXM,BJDTCJYP,5798.0
1180,0,LYitljhu,gyedwqXM,5798.0
1180,0,UhAwQaaX,LYitljhu,5798.0
1180,0,LOIXCDqJ,UhAwQaaX,5798.0
1180,0,FldHcjZC,LOIXCDqJ,5639.0
1180,0,qNiTyrkl,FldHcjZC,4729.0
1180,0,waZdIIZY,qNiTyrkl,4729.0
1180,0,eiOwifcC,waZdIIZY,4729.0
1408,0,SUVVzOYC,cThdGxLv,320.0
1318,0,MkXEUCdM,rSdxnGDj,4292.0
1318,0,oiYuCTCe,MkXEUCdM,4292.0
1318,0,SwLVnWPq,oiYuCTCe,4271.0
1318,0,xQSKBJml,SwLVnWPq,5799.0
1318,0,eXTjiXiW,xQSKBJml,5799.0
1318,0,UUCrlfWg,eXTjiXiW,5799.0
1318,0,YULSfngF,UUCrlfWg,5799.0
1318,0,xGsoSfhX,YULSfngF,5799.0
1318,0,RVGhYAxc,xGsoSfhX,5843.0
657,0,TsaeiIGv,EkWBPXmr,3815.0
657,0,OsBkWRQx,TsaeiIGv,3887.0
657,0,udlIzhJE,OsBkWRQx,3887.0
657,0,DeduXMzE,udlIzhJE,3887.0
657,0,GXHjZCTL,DeduXMzE,3887.0
657,0,yolIeCeg,GXHjZCTL,3887.0
657,0,zGyJMIkT,yolIeCeg,3919.0
657,0,YbVmHVTt,zGyJMIkT,5233.0
657,0,ZlnerNQG,YbVmHVTt,5233.0
657,0,FVWAEAei,ZlnerNQG,5233.0
657,0,gVtshwcF,FVWAEAei,5244.0
657,0,LmhVzFNJ,gVtshwcF,5398.0
657,0,CmbQeSBI,LmhVzFNJ,5398.0
657,0,RVyaKvKa,CmbQeSBI,5398.0
657,0,ymMncFZF,RVyaKvKa,5398.0
657,0,OnjVGLlO,ymMncFZF,5398.0
657,0,QKdRzNnX,OnjVGLlO,5398.0
657,0,EQSFTfWT,QKdRzNnX,5504.0
657,0,pHgJPiEB,EQSFTfWT,5504.0
657,0,jLGvGvQf,pHgJPiEB,5504.0
657,0,issQYORv,jLGvGvQf,5504.0
657,0,mgIvIqkL,issQYORv,5583.0
657,0,MdBywaSB,mgIvIqkL,5583.0
678,0,KHbKaRBy,EMzKPzug,1.0
173,0,FXuJEVFo,PspudWCJ,1242.0
173,0,qCZHeqZn,FXuJEVFo,1204.0
658,0,qkTCgKXX,YoEMZEcq,1.0
658,0,XjSQdTLS,qkTCgKXX,1.0
658,0,dKSFzIqs,XjSQdTLS,1.0
1532,0,tYiGccLM,zfmNZkKD,775.0
1532,0,FUctipSE,IvXmMOhB,2060.0
1532,0,ULIlEdjB,XHLHCkqn,605.0
1532,0,zfmNZkKD,ULIlEdjB,605.0
1750,0,GTWLqqnN,JafVjQhg,1088.0
1750,0,wefAcLKj,GTWLqqnN,1102.0
1750,0,XHLHCkqn,wefAcLKj,1102.0
1750,0,ULIlEdjB,XHLHCkqn,857.0
1750,0,zfmNZkKD,ULIlEdjB,834.0
1418,0,SapgsLPr,JPWycazw,4940.0
1418,0,OyAyNkqZ,SapgsLPr,4947.0
736,0,TabXWeiJ,eyUKPfnA,2998.0
736,0,tDhKnafe,TabXWeiJ,2998.0
736,0,iGMYbQYg,tDhKnafe,3039.0
736,0,HeSMGtlu,iGMYbQYg,3039.0
736,0,ZgqhsueA,HeSMGtlu,3039.0
736,0,GYxWnXpv,ZgqhsueA,4251.0
736,0,mkpQpPSv,GYxWnXpv,4251.0
736,0,EIHKZlEa,mkpQpPSv,4251.0
736,0,oYdkYEMp,EIHKZlEa,4251.0
736,0,TkHOmLHQ,oYdkYEMp,4251.0
736,0,SwTowoaO,TkHOmLHQ,4251.0
736,0,YvwuVYMF,SwTowoaO,4610.0
821,0,FgbDpeSh,fvMkSwKl,47.0
821,0,LjhqQBRt,FgbDpeSh,452.0
821,0,HdFJhFPb,LjhqQBRt,483.0
821,0,BUdgWiYp,HdFJhFPb,483.0
821,0,uYhYmSwb,BUdgWiYp,500.0
821,0,wcUGKfLa,uYhYmSwb,500.0
821,0,ZJxogzZw,wcUGKfLa,316.0
821,0,Uacajbua,ZJxogzZw,316.0
821,0,ZLCIvgrp,Uacajbua,316.0
821,0,ucVTqZIB,ZLCIvgrp,316.0
821,0,FDrhtNjK,ucVTqZIB,316.0
821,0,YVGWiGkc,FDrhtNjK,316.0
821,0,CqPWXNIf,YVGWiGkc,316.0
821,0,iZfXNAue,CqPWXNIf,306.0
821,0,OXvlrfnG,iZfXNAue,214.0
821,0,CgMBzfIg,OXvlrfnG,207.0
821,0,BCwVkMhO,CgMBzfIg,207.0
821,0,MpBHVRZl,BCwVkMhO,207.0
821,0,BWKNZpmt,MpBHVRZl,49.0
821,0,hMBIVszx,BWKNZpmt,49.0
821,0,JgVaSAtG,hMBIVszx,49.0
821,0,QyfZGsFT,JgVaSAtG,46.0
821,0,selTNsQi,QyfZGsFT,46.0
821,0,SfBAqteg,selTNsQi,46.0
821,0,obGcbWvT,SfBAqteg,46.0
821,0,wssOAckJ,obGcbWvT,41.0
821,0,zzxlwhdI,wssOAckJ,41.0
821,0,SEcoeimf,zzxlwhdI,24.0
821,0,fzmnvqlX,SEcoeimf,23.0
821,0,RyhuDLev,fzmnvqlX,23.0
821,0,KnIeolpt,RyhuDLev,23.0
821,0,GMrJWgHs,KnIeolpt,23.0
821,0,tTjpyeuP,GMrJWgHs,23.0
821,0,elxmPCDf,tTjpyeuP,23.0
821,0,tcbhlVZo,elxmPCDf,23.0
821,0,ZqBGCTqq,tcbhlVZo,23.0
821,0,HxnLIWQq,ZqBGCTqq,17.0
821,0,wqGWmwVd,HxnLIWQq,17.0
821,0,ACkvbmee,wqGWmwVd,17.0
821,0,FtWuEuzF,ACkvbmee,17.0
821,0,RtTLxXUv,FtWuEuzF,17.0
821,0,JGydtICe,RtTLxXUv,16.0
600,0,wihERHzN,uiYVYPQX,15.0
227,0,jkmSVBKz,QkCkRebE,837.0
227,0,XwcxmOai,jkmSVBKz,837.0
711,0,qGnNRXVR,TcEVvOUM,2181.0
1105,0,ozAxYCwR,uiYVYPQX,2.0
1124,0,wRBXcbqq,WhRBEXGR,81.0
1124,0,XXYtSQEl,wRBXcbqq,93.0
1124,0,MklhhYCQ,XXYtSQEl,93.0
594,0,ZaRNMBdT,nxJXVeix,602.0
594,0,KwyfuOzT,ZaRNMBdT,602.0
594,0,grMhZquG,KwyfuOzT,543.0
1174,0,bciZjPUu,MVExtcyL,2150.0
1174,0,ogOCBKAf,bciZjPUu,2070.0
1125,0,kjmHgYUi,pTTspriv,932.0
1125,0,UHSPJyEW,kjmHgYUi,932.0
1125,0,dOTSUZHl,UHSPJyEW,932.0
1125,0,ITdbUezF,dOTSUZHl,932.0
1125,0,UCTWITih,ITdbUezF,932.0
1125,0,HnEviCBr,UCTWITih,932.0
16,0,GfBReROC,OxhtFIfA,4602.0
16,0,CLjYTiBy,GfBReROC,4602.0
272,0,fumBmOZX,ogrZorIF,3616.0
272,0,CLjYTiBy,fumBmOZX,3616.0
1245,0,CEyhPnMH,OQRQrPoA,417.0
1245,0,ogrZorIF,CEyhPnMH,417.0
1245,0,fumBmOZX,ogrZorIF,417.0
1245,0,CLjYTiBy,fumBmOZX,417.0
264,0,CLjYTiBy,fumBmOZX,938.0
1193,0,QaQvGPmN,yRpreQRc,1233.0
1193,0,HNYicgCh,QaQvGPmN,1153.0
1193,0,RVNzMGgw,HNYicgCh,1124.0
1193,0,PqoYMtMO,RVNzMGgw,1124.0
971,0,dKSFzIqs,XjSQdTLS,21.0
1057,0,tTbFYEPP,eIBTCCCb,82.0
929,0,GrIDUMrH,ymMHSssn,42.0
929,0,XxJaecnl,GrIDUMrH,42.0
929,0,QFazRNUC,XxJaecnl,42.0
929,0,HyvnzuHA,QFazRNUC,40.0
929,0,TNTzUMyF,HyvnzuHA,28.0
929,0,avRuCqLk,TNTzUMyF,28.0
929,0,wIAALBva,avRuCqLk,28.0
929,0,nxBXRnVc,wIAALBva,28.0
929,0,sXWHYDNZ,nxBXRnVc,28.0
929,0,VKAAZZOV,sXWHYDNZ,28.0
929,0,Vtdujofe,VKAAZZOV,28.0
929,0,edTVGmZc,Vtdujofe,28.0
929,0,iqwCaPZT,edTVGmZc,28.0
929,0,qqDoWQdv,iqwCaPZT,28.0
929,0,eymgjBxV,qqDoWQdv,14.0
929,0,EonJeQKz,eymgjBxV,14.0
929,0,vkWqgNph,EonJeQKz,14.0
929,0,nJRQzVZQ,vkWqgNph,14.0
929,0,xunvufHj,nJRQzVZQ,14.0
929,0,rxrORjnb,xunvufHj,14.0
929,0,UVDfwOgc,rxrORjnb,13.0
929,0,TJDsQDoO,UVDfwOgc,13.0
929,0,yTictHOU,TJDsQDoO,13.0
929,0,sTaleXyI,yTictHOU,13.0
929,0,illGQStO,sTaleXyI,13.0
929,0,AUrIxxcC,illGQStO,13.0
929,0,zqZasXpA,AUrIxxcC,13.0
929,0,EYGEAZtD,zqZasXpA,13.0
929,0,AJLJQqsT,EYGEAZtD,13.0
929,0,NCSBLEus,AJLJQqsT,13.0
929,0,xfbmoJHP,NCSBLEus,11.0
1120,0,FvRjKBvU,TJeJnSDd,28.0
1120,0,wuQzPlvL,FvRjKBvU,37.0
1120,0,NacgxEEi,wuQzPlvL,37.0
1120,0,ZbMvdFLw,NacgxEEi,37.0
1120,0,JUGtNdnF,ZbMvdFLw,37.0
1120,0,buTfkkhk,JUGtNdnF,37.0
1120,0,rwLqimtK,buTfkkhk,39.0
1120,0,LpwxWatG,rwLqimtK,41.0
1120,0,FbaONibz,LpwxWatG,41.0
1120,0,QImdosgy,FbaONibz,57.0
1120,0,KmBpjqPf,QImdosgy,60.0
1120,0,BCGYYxEK,KmBpjqPf,44.0
1120,0,Tjttdgfb,BCGYYxEK,44.0
1120,0,kOphzTYx,Tjttdgfb,44.0
1120,0,OqLLMkKT,kOphzTYx,44.0
1120,0,SbpvwGMk,OqLLMkKT,44.0
1120,0,twlXtIzd,SbpvwGMk,44.0
1120,0,dyfuQNKH,twlXtIzd,44.0
1120,0,nJqXilaA,dyfuQNKH,44.0
1120,0,tMAJjHeh,nJqXilaA,44.0
1120,0,LurStVaw,tMAJjHeh,44.0
1120,0,YmJRiEgw,LurStVaw,89.0
1120,0,TmUkjEUt,YmJRiEgw,80.0
1120,0,kIKddsaQ,TmUkjEUt,80.0
1120,0,NqSePdAx,kIKddsaQ,80.0
1120,0,YxYhlArE,NqSePdAx,77.0
1120,0,sAswhpJr,YxYhlArE,77.0
1120,0,VyHGAkTo,sAswhpJr,77.0
1120,0,RrhmmPMm,VyHGAkTo,77.0
1120,0,hqOmlOIp,RrhmmPMm,67.0
1120,0,qJgsxHch,hqOmlOIp,67.0
1120,0,lxplrluY,qJgsxHch,67.0
1120,0,zTJYYUap,lxplrluY,67.0
1120,0,UxPxrYmy,zTJYYUap,67.0
1120,0,ZfNDFPcl,UxPxrYmy,65.0
1120,0,KwXNMHkb,ZfNDFPcl,65.0
1120,0,YxUFlvZH,KwXNMHkb,65.0
1120,0,KMLNQwjh,YxUFlvZH,56.0
1120,0,aDaRCcaB,KMLNQwjh,56.0
1120,0,dQYZBhGJ,aDaRCcaB,56.0
1120,0,iFderoVa,dQYZBhGJ,56.0
1120,0,GQmprOhw,iFderoVa,56.0
1120,0,CbblRkaH,GQmprOhw,25.0
1120,0,BldTZUAI,CbblRkaH,25.0
1120,0,nBYHMnkU,BldTZUAI,24.0
1087,0,ddAfiRml,HHbKiMPc,305.0
1087,0,XfmqgVlB,ddAfiRml,305.0
1087,0,RldYRgxk,XfmqgVlB,305.0
1087,0,NmlfPGxe,RldYRgxk,305.0
1087,0,YlMTFYgN,NmlfPGxe,305.0
1087,0,pugbqfwh,YlMTFYgN,295.0
1087,0,INgMgzPi,pugbqfwh,318.0
1087,0,tKHOTHLP,INgMgzPi,318.0
657,0,UscCtYui,MdBywaSB,619.0
1703,0,zAAHYQhY,uSOMnpdQ,89.0
1703,0,jUhOGaww,zAAHYQhY,81.0
1703,0,CZhqrbpp,jUhOGaww,81.0
1703,0,BYVXItej,CZhqrbpp,81.0
1703,0,eEFiMPzB,BYVXItej,81.0
1703,0,rQuvSvCO,eEFiMPzB,81.0
1703,0,MpPYcjVn,rQuvSvCO,81.0
1703,0,DewKhksr,MpPYcjVn,81.0
1703,0,vqGhvZJF,DewKhksr,81.0
1703,0,XMWgellz,vqGhvZJF,81.0
626,0,GfBReROC,zXtHnUiq,2089.0
626,0,AjXddPle,GfBReROC,2089.0
729,0,yTOnYgGF,EsTStEav,11.0
729,0,mXosqjnx,yTOnYgGF,11.0
729,0,jisQZBDs,mXosqjnx,12.0
729,0,NcoWExwJ,jisQZBDs,5.0
729,0,hygBouPP,NcoWExwJ,5.0
729,0,iPzquFzR,hygBouPP,5.0
729,0,ODNKqRCQ,iPzquFzR,5.0
729,0,ZTCNsviV,ODNKqRCQ,5.0
729,0,GBYHqHQO,ZTCNsviV,5.0
729,0,lBjlyorh,GBYHqHQO,5.0
729,0,apwTQKga,lBjlyorh,5.0
729,0,XNHVHmHa,apwTQKga,5.0
729,0,vGqwislq,XNHVHmHa,5.0
729,0,AwLiWVdI,vGqwislq,5.0
729,0,XBhuaxff,AwLiWVdI,5.0
729,0,ZkIfwknW,XBhuaxff,5.0
729,0,LjPncvCg,ZkIfwknW,5.0
729,0,cYHkZUeY,LjPncvCg,5.0
729,0,JjkwBsaR,cYHkZUeY,5.0
729,0,xWKOjfGB,JjkwBsaR,5.0
729,0,zrJLwXnk,xWKOjfGB,5.0
729,0,LUpTnILf,zrJLwXnk,5.0
729,0,qezgFtTe,LUpTnILf,5.0
729,0,EtAJJbBW,qezgFtTe,5.0
729,0,uPlQduWZ,EtAJJbBW,5.0
729,0,GZZaPhbw,uPlQduWZ,5.0
729,0,EwdOCOAF,GZZaPhbw,5.0
729,0,QGNcLOop,EwdOCOAF,5.0
272,0,NuwmOhpA,CLjYTiBy,3498.0
973,0,CLjYTiBy,fumBmOZX,2583.0
973,0,NuwmOhpA,CLjYTiBy,2643.0
970,0,CEyhPnMH,OQRQrPoA,48.0
970,0,ogrZorIF,CEyhPnMH,48.0
970,0,fumBmOZX,ogrZorIF,48.0
970,0,CLjYTiBy,fumBmOZX,48.0
970,0,NuwmOhpA,CLjYTiBy,48.0
16,0,NuwmOhpA,CLjYTiBy,3750.0
264,0,NuwmOhpA,CLjYTiBy,908.0
14,0,EtvjcvTp,CKNrjFUU,10.0
483,0,CEyhPnMH,OQRQrPoA,83.0
483,0,ogrZorIF,CEyhPnMH,83.0
483,0,fumBmOZX,ogrZorIF,83.0
483,0,CLjYTiBy,fumBmOZX,83.0
483,0,NuwmOhpA,CLjYTiBy,83.0
778,0,kPfQKpcS,wULIWnbW,640.0
778,0,VyooPFNZ,kPfQKpcS,640.0
778,0,JyEnLYHy,VyooPFNZ,640.0
778,0,wcUGKfLa,JyEnLYHy,640.0
778,0,ZJxogzZw,wcUGKfLa,1716.0
778,0,Uacajbua,ZJxogzZw,1716.0
778,0,ZLCIvgrp,Uacajbua,1716.0
778,0,ucVTqZIB,ZLCIvgrp,1678.0
778,0,FDrhtNjK,ucVTqZIB,1678.0
778,0,YVGWiGkc,FDrhtNjK,1678.0
778,0,CqPWXNIf,YVGWiGkc,1678.0
778,0,iZfXNAue,CqPWXNIf,1673.0
778,0,mBrhAdeU,ZKmlngva,600.0
778,0,YBkSbJNR,mBrhAdeU,633.0
778,0,xsVxMJpx,YBkSbJNR,633.0
778,0,wULIWnbW,xsVxMJpx,633.0
973,0,EXHVDpee,NuwmOhpA,2286.0
973,0,NkWMDpBL,EXHVDpee,2332.0
16,0,EXHVDpee,NuwmOhpA,3186.0
16,0,NkWMDpBL,EXHVDpee,3110.0
272,0,EXHVDpee,NuwmOhpA,2244.0
272,0,NkWMDpBL,EXHVDpee,2244.0
264,0,EXHVDpee,NuwmOhpA,632.0
264,0,NkWMDpBL,EXHVDpee,632.0
657,0,cNHGbHfW,UscCtYui,554.0
1193,0,gmiMCrrb,EdJUuxct,1665.0
1193,0,OoNwiPDT,gmiMCrrb,2245.0
1193,0,ftvNhZKM,OoNwiPDT,2245.0
1193,0,KLTxOJqh,ftvNhZKM,2287.0
1193,0,IURTQlCB,KLTxOJqh,2287.0
174,0,AszcEtOu,BpAiVnps,146.0
174,0,TCqyxHhF,AszcEtOu,224.0
174,0,TcEVvOUM,TCqyxHhF,224.0
174,0,qGnNRXVR,TcEVvOUM,224.0
174,0,ouPwTbuD,qGnNRXVR,225.0
174,0,MwLdaJul,ouPwTbuD,226.0
174,0,QUMnpJQp,MwLdaJul,270.0
174,0,FyIjwLBj,QUMnpJQp,283.0
174,0,vXPGJwVk,FyIjwLBj,283.0
174,0,qzuHypgA,vXPGJwVk,283.0
174,0,KCMgfriT,qzuHypgA,295.0
174,0,hVMLOzME,KCMgfriT,333.0
174,0,TDvESTZN,hVMLOzME,333.0
174,0,sNuKvPuW,TDvESTZN,333.0
174,0,AUBTKFbY,sNuKvPuW,333.0
174,0,fjevhefZ,AUBTKFbY,359.0
174,0,vyQyYYqJ,fjevhefZ,359.0
174,0,ztLkgYlA,vyQyYYqJ,359.0
174,0,OoNwiPDT,ztLkgYlA,359.0
174,0,ftvNhZKM,OoNwiPDT,359.0
174,0,KLTxOJqh,ftvNhZKM,359.0
174,0,IURTQlCB,KLTxOJqh,359.0
621,0,DeduXMzE,udlIzhJE,203.0
621,0,GXHjZCTL,DeduXMzE,203.0
621,0,yolIeCeg,GXHjZCTL,203.0
621,0,ozAxYCwR,yolIeCeg,203.0
621,0,qdrjbHYS,ozAxYCwR,203.0
621,0,AKdDiXyV,qdrjbHYS,272.0
621,0,kZdBhxvo,AKdDiXyV,401.0
621,0,ZBkAAevT,kZdBhxvo,401.0
621,0,cMinRgYB,ZBkAAevT,401.0
621,0,LRmPOeoe,cMinRgYB,401.0
621,0,tBNXSyMW,LRmPOeoe,401.0
621,0,ArHpJhVJ,tBNXSyMW,402.0
621,0,tWpVdCtj,ArHpJhVJ,403.0
621,0,EdJUuxct,tWpVdCtj,403.0
621,0,gmiMCrrb,EdJUuxct,403.0
621,0,OoNwiPDT,gmiMCrrb,403.0
621,0,ftvNhZKM,OoNwiPDT,403.0
621,0,KLTxOJqh,ftvNhZKM,403.0
621,0,idAQxYim,KLTxOJqh,403.0
621,0,OsBkWRQx,TsaeiIGv,145.0
621,0,udlIzhJE,OsBkWRQx,149.0
1690,0,RQiSRtZp,bCOJrgoA,86.0
1690,0,lQHWhrGj,RQiSRtZp,94.0
1690,0,OOOhsNkv,lQHWhrGj,94.0
1690,0,CgcphXSb,OOOhsNkv,94.0
1690,0,texSWQet,CgcphXSb,94.0
1690,0,lxBswvKX,texSWQet,94.0
1690,0,KLTxOJqh,lxBswvKX,133.0
1690,0,idAQxYim,KLTxOJqh,133.0
313,0,qqQgwpPP,DYKvrufv,596.0
313,0,ORsEDdLG,qqQgwpPP,597.0
313,0,jsnedRvy,ORsEDdLG,898.0
313,0,PpWfKRbL,jsnedRvy,902.0
313,0,aaSaUDum,PpWfKRbL,919.0
313,0,cmBFyxQG,aaSaUDum,919.0
1255,0,EmkugZPX,XMWgellz,3648.0
621,0,TsaeiIGv,EkWBPXmr,78.0
621,0,ldInPGbn,idAQxYim,700.0
621,0,WGEhEMgb,ldInPGbn,909.0
621,0,WblAIghg,WGEhEMgb,909.0
621,0,yXfOYhmg,WblAIghg,909.0
973,0,RqfbhkOP,cNHGbHfW,2385.0
973,0,sUAChhLU,RqfbhkOP,2385.0
973,0,TCMQvOqy,sUAChhLU,1850.0
973,0,JyqrAKLu,TCMQvOqy,1822.0
973,0,XxhwFmzZ,JyqrAKLu,1828.0
973,0,GQmprOhw,XxhwFmzZ,1261.0
973,0,aWeAvoyP,GQmprOhw,799.0
973,0,exnIZrMP,aWeAvoyP,799.0
973,0,zoqWMrrO,exnIZrMP,812.0
973,0,WSMobtPt,zoqWMrrO,812.0
973,0,ClDeGdta,WSMobtPt,812.0
973,0,PqoYMtMO,ClDeGdta,59.0
170,0,EIcIoHUO,DULwephN,1159.0
170,0,JYRWJgVB,EIcIoHUO,1303.0
170,0,CFztBFJQ,JYRWJgVB,1304.0
679,0,RVGhYAxc,mdGitRQe,2903.0
173,0,TCqyxHhF,AszcEtOu,569.0
173,0,TcEVvOUM,TCqyxHhF,622.0
173,0,qGnNRXVR,TcEVvOUM,622.0
173,0,ouPwTbuD,qGnNRXVR,622.0
173,0,MwLdaJul,ouPwTbuD,623.0
173,0,QUMnpJQp,MwLdaJul,702.0
173,0,FyIjwLBj,QUMnpJQp,730.0
173,0,vXPGJwVk,FyIjwLBj,730.0
173,0,qzuHypgA,vXPGJwVk,730.0
173,0,KCMgfriT,qzuHypgA,852.0
173,0,hVMLOzME,KCMgfriT,908.0
173,0,TDvESTZN,hVMLOzME,908.0
173,0,bDgEiJAh,TDvESTZN,1180.0
1622,0,YstCZidS,qaJzTzwj,1704.0
1622,0,sHyVyxBf,YstCZidS,1704.0
1622,0,OGOfNBpR,sHyVyxBf,1698.0
1622,0,apZtGMSe,OGOfNBpR,1698.0
1622,0,busLwOKM,apZtGMSe,1743.0
1622,0,BRTaWOYs,busLwOKM,1743.0
1622,0,aYSqaQmJ,BRTaWOYs,1667.0
173,0,AszcEtOu,BpAiVnps,454.0
1506,0,cCSIoIah,gViLrCgA,7204.0
1506,0,DLdtTvFi,cCSIoIah,7085.0
1506,0,vRWSdFEN,DLdtTvFi,7171.0
1506,0,tDDddUJb,vRWSdFEN,9108.0
719,0,eusqYKWT,HezLsNFQ,1147.0
719,0,xOHMcnRu,eusqYKWT,602.0
626,0,RjboLjDb,AjXddPle,2086.0
626,0,FyJXToWe,RjboLjDb,2086.0
626,0,rINNylNh,FyJXToWe,2086.0
264,0,TurKlwMz,NkWMDpBL,571.0
272,0,TurKlwMz,NkWMDpBL,2224.0
287,0,EkWBPXmr,zVYhNTdK,25.0
1193,0,ojINhgSe,IURTQlCB,2016.0
1193,0,SiflCzMU,ojINhgSe,2016.0
1317,0,vrgENeuF,eTJQHplR,962.0
1317,0,PlyJazqR,vrgENeuF,1322.0
452,0,jsnedRvy,ORsEDdLG,8036.0
452,0,PpWfKRbL,jsnedRvy,8034.0
452,0,aaSaUDum,PpWfKRbL,7951.0
452,0,zENMipIx,aaSaUDum,7903.0
452,0,cmBFyxQG,zENMipIx,7903.0
174,0,ojINhgSe,IURTQlCB,234.0
452,0,QHFmFyLR,EkWBPXmr,1571.0
452,0,neNWquOh,QHFmFyLR,1571.0
452,0,KwaxxmSs,neNWquOh,1582.0
452,0,PSjGjQXK,KwaxxmSs,1591.0
452,0,FDPmqphv,PSjGjQXK,3495.0
452,0,aVjdmBcp,FDPmqphv,3861.0
452,0,nusTHAtB,aVjdmBcp,3861.0
452,0,isVKhOXG,nusTHAtB,3890.0
452,0,OWkTamRc,isVKhOXG,3935.0
452,0,RkIYOvZu,bvSKVAYv,5768.0
452,0,ygKQkAfU,RkIYOvZu,5768.0
452,0,blwWmPPo,ygKQkAfU,8011.0
452,0,GWhCmjED,blwWmPPo,9064.0
452,0,dYaEdzoO,GWhCmjED,9248.0
452,0,LoxEXWve,dYaEdzoO,9251.0
648,0,SYyDHHKq,IzsieVnc,1086.0
648,0,yzZGrKJL,SYyDHHKq,1086.0
648,0,qDeoslSZ,yzZGrKJL,1084.0
648,0,JovbzjVh,qDeoslSZ,554.0
648,0,dYaEdzoO,JovbzjVh,538.0
648,0,LoxEXWve,dYaEdzoO,535.0
1197,0,xMTUUeEc,gmiMCrrb,279.0
295,0,xMTUUeEc,tBgOcvQf,1294.0
295,0,jPryMrof,xMTUUeEc,1294.0
295,0,jkJwqjHm,jPryMrof,1294.0
295,0,jKMBgxbE,jkJwqjHm,1294.0
295,0,RQiSRtZp,jKMBgxbE,1294.0
295,0,SoCzlzVw,RQiSRtZp,1287.0
295,0,hLEWSLqw,SoCzlzVw,1287.0
615,0,OGJVNXKe,ccqsUPnI,1340.0
615,0,hfsVeMMa,OGJVNXKe,1247.0
615,0,isVKhOXG,hfsVeMMa,973.0
615,0,OWkTamRc,isVKhOXG,973.0
615,0,pHNyFRmN,OWkTamRc,973.0
615,0,SMriOOgF,pHNyFRmN,973.0
615,0,vISVJoyz,SMriOOgF,973.0
615,0,RHWjHSWx,vISVJoyz,973.0
615,0,VpmqCJUB,RHWjHSWx,574.0
615,0,mWygMrMb,VpmqCJUB,574.0
615,0,dulnZXnF,mWygMrMb,574.0
615,0,RkIYOvZu,dulnZXnF,574.0
615,0,ygKQkAfU,RkIYOvZu,574.0
615,0,blwWmPPo,ygKQkAfU,452.0
615,0,GWhCmjED,blwWmPPo,452.0
615,0,dYaEdzoO,GWhCmjED,452.0
615,0,TIoMzhxD,dYaEdzoO,452.0
1744,0,dulnZXnF,yMiwNCtj,5645.0
1744,0,RkIYOvZu,dulnZXnF,5645.0
1744,0,ygKQkAfU,RkIYOvZu,5645.0
670,0,hCxxcqWU,IOcMwGKn,857.0
670,0,qMoZNsgo,hCxxcqWU,857.0
670,0,udNzSSji,qMoZNsgo,857.0
670,0,uKKyuZyC,udNzSSji,857.0
670,0,GhNbXpjs,uKKyuZyC,857.0
670,0,KTHxRvtW,GhNbXpjs,857.0
670,0,gRVxNCAP,KTHxRvtW,994.0
670,0,nJRBvlcT,gRVxNCAP,994.0
670,0,IkxLwyxa,nJRBvlcT,1073.0
670,0,CYSggHNR,IkxLwyxa,1266.0
670,0,VhgapMoa,CYSggHNR,1266.0
670,0,dKbqWpcD,VhgapMoa,1266.0
670,0,zYpZYpOA,dKbqWpcD,1266.0
670,0,xbeOVhLE,zYpZYpOA,1760.0
670,0,IpBcScgC,xbeOVhLE,1865.0
670,0,aYvzRwqU,IpBcScgC,1865.0
670,0,mWygMrMb,aYvzRwqU,1865.0
670,0,dulnZXnF,mWygMrMb,1865.0
670,0,RkIYOvZu,dulnZXnF,1865.0
670,0,ygKQkAfU,RkIYOvZu,1865.0
670,0,ufLmazVu,ygKQkAfU,1154.0
670,0,qDeoslSZ,ufLmazVu,1153.0
670,0,JovbzjVh,qDeoslSZ,691.0
670,0,dYaEdzoO,JovbzjVh,709.0
670,0,TIoMzhxD,dYaEdzoO,711.0
311,0,AszcEtOu,BpAiVnps,1648.0
311,0,TcEVvOUM,AszcEtOu,2276.0
311,0,qGnNRXVR,TcEVvOUM,2276.0
311,0,MwLdaJul,qGnNRXVR,2291.0
311,0,QUMnpJQp,MwLdaJul,1854.0
311,0,FyIjwLBj,QUMnpJQp,1649.0
311,0,vXPGJwVk,FyIjwLBj,1352.0
311,0,EYCnMsAF,vXPGJwVk,1325.0
311,0,XjEyEHqT,EYCnMsAF,1320.0
311,0,IvqxNjHK,XjEyEHqT,1320.0
311,0,SyrqOGJb,IvqxNjHK,1270.0
311,0,NcLanIdZ,SyrqOGJb,1269.0
311,0,pTpnumHG,NcLanIdZ,977.0
600,0,jcExlqwL,RCkelXPh,908.0
600,0,YctaenCe,jcExlqwL,984.0
600,0,tzYrVhKO,YctaenCe,984.0
600,0,UgpyjFML,tzYrVhKO,984.0
600,0,nPkrzCty,UgpyjFML,990.0
984,0,CKNrjFUU,qGgPbtbT,579.0
984,0,VCGhveHG,CKNrjFUU,579.0
984,0,WQdyWhSR,VCGhveHG,579.0
984,0,vCGIyJLJ,WQdyWhSR,579.0
984,0,VXthmpcS,vCGIyJLJ,702.0
984,0,xuEvBBdE,VXthmpcS,675.0
984,0,rAizOLWV,xuEvBBdE,675.0
984,0,JdZarNsv,rAizOLWV,657.0
984,0,NmilzqZp,JdZarNsv,657.0
984,0,TCMQvOqy,NmilzqZp,571.0
984,0,JyqrAKLu,TCMQvOqy,588.0
179,0,QaQvGPmN,yRpreQRc,1577.0
179,0,HNYicgCh,QaQvGPmN,1577.0
179,0,RVNzMGgw,HNYicgCh,1577.0
179,0,dKSFzIqs,RVNzMGgw,1577.0
179,0,QeEdlYuU,dKSFzIqs,640.0
179,0,LXDQjYxM,QeEdlYuU,640.0
179,0,qVzVrWDp,LXDQjYxM,640.0
594,0,nxJXVeix,OHkaqvpq,599.0
179,0,OoNwiPDT,ztLkgYlA,1069.0
179,0,ftvNhZKM,OoNwiPDT,1069.0
179,0,KLTxOJqh,ftvNhZKM,1069.0
179,0,IURTQlCB,KLTxOJqh,1069.0
179,0,ojINhgSe,IURTQlCB,1543.0
179,0,pFAoJEPO,ojINhgSe,1543.0
179,0,fCvqoWrT,pFAoJEPO,1543.0
179,0,yRpreQRc,fCvqoWrT,1561.0
1690,0,bCOJrgoA,tMEROJFH,77.0
1690,0,rfNgKlRc,idAQxYim,133.0
1690,0,BIvEdfHJ,rfNgKlRc,133.0
16,0,TurKlwMz,NkWMDpBL,3098.0
16,0,JvVxAKet,TurKlwMz,3099.0
970,0,EXHVDpee,NuwmOhpA,25.0
970,0,NkWMDpBL,EXHVDpee,25.0
970,0,TurKlwMz,NkWMDpBL,25.0
970,0,oVNIhiyF,TurKlwMz,25.0
272,0,oVNIhiyF,TurKlwMz,2165.0
264,0,oVNIhiyF,TurKlwMz,568.0
594,0,lotPPedu,nBYHMnkU,211.0
594,0,ERIWLSEl,lotPPedu,121.0
594,0,qsoLaWuJ,ERIWLSEl,121.0
594,0,WSBJbplj,qsoLaWuJ,121.0
594,0,THUDGZDu,WSBJbplj,121.0
594,0,XUEgpuYS,THUDGZDu,121.0
594,0,lXZmsBCe,XUEgpuYS,10.0
594,0,oftwwzSy,lXZmsBCe,10.0
594,0,CKNrjFUU,oftwwzSy,10.0
594,0,EtvjcvTp,CKNrjFUU,10.0
594,0,wuyFtExA,EtvjcvTp,4.0
594,0,MrybjzSo,wuyFtExA,4.0
594,0,yrRBvFtZ,MrybjzSo,4.0
985,0,lotPPedu,nBYHMnkU,724.0
596,0,lotPPedu,nBYHMnkU,145.0
596,0,ERIWLSEl,lotPPedu,112.0
596,0,qsoLaWuJ,ERIWLSEl,112.0
596,0,WSBJbplj,qsoLaWuJ,112.0
596,0,THUDGZDu,WSBJbplj,112.0
596,0,XUEgpuYS,THUDGZDu,112.0
596,0,lXZmsBCe,XUEgpuYS,61.0
596,0,oftwwzSy,lXZmsBCe,61.0
596,0,CKNrjFUU,oftwwzSy,61.0
596,0,EtvjcvTp,CKNrjFUU,61.0
596,0,wuyFtExA,EtvjcvTp,26.0
596,0,MrybjzSo,wuyFtExA,26.0
1120,0,lotPPedu,nBYHMnkU,11.0
1120,0,ERIWLSEl,lotPPedu,11.0
1120,0,qsoLaWuJ,ERIWLSEl,11.0
1120,0,WSBJbplj,qsoLaWuJ,11.0
1120,0,THUDGZDu,WSBJbplj,11.0
1120,0,XUEgpuYS,THUDGZDu,11.0
1120,0,lXZmsBCe,XUEgpuYS,8.0
1120,0,oftwwzSy,lXZmsBCe,8.0
1120,0,CKNrjFUU,oftwwzSy,8.0
1120,0,EtvjcvTp,CKNrjFUU,8.0
1120,0,wuyFtExA,EtvjcvTp,2.0
1120,0,MrybjzSo,wuyFtExA,2.0
1120,0,yrRBvFtZ,MrybjzSo,2.0
483,0,EXHVDpee,NuwmOhpA,41.0
483,0,NkWMDpBL,EXHVDpee,41.0
483,0,TurKlwMz,NkWMDpBL,41.0
483,0,oVNIhiyF,TurKlwMz,41.0
1193,0,fCvqoWrT,SiflCzMU,1416.0
1193,0,yRpreQRc,fCvqoWrT,1350.0
657,0,RqfbhkOP,cNHGbHfW,538.0
657,0,sUAChhLU,RqfbhkOP,538.0
657,0,TCMQvOqy,sUAChhLU,318.0
657,0,JyqrAKLu,TCMQvOqy,172.0
657,0,XxhwFmzZ,JyqrAKLu,172.0
657,0,sonNAVmZ,XxhwFmzZ,172.0
657,0,aWeAvoyP,sonNAVmZ,130.0
657,0,exnIZrMP,aWeAvoyP,130.0
657,0,zoqWMrrO,exnIZrMP,130.0
657,0,WSMobtPt,zoqWMrrO,130.0
657,0,ClDeGdta,WSMobtPt,130.0
971,0,qkTCgKXX,YoEMZEcq,18.0
971,0,XjSQdTLS,qkTCgKXX,18.0
179,0,vyQyYYqJ,fjevhefZ,338.0
179,0,ztLkgYlA,vyQyYYqJ,338.0
179,0,fjevhefZ,AUBTKFbY,224.0
179,0,AszcEtOu,BpAiVnps,61.0
179,0,TCqyxHhF,AszcEtOu,65.0
179,0,TcEVvOUM,TCqyxHhF,65.0
179,0,qGnNRXVR,TcEVvOUM,65.0
179,0,ouPwTbuD,qGnNRXVR,65.0
179,0,MwLdaJul,ouPwTbuD,65.0
179,0,QUMnpJQp,MwLdaJul,98.0
179,0,FyIjwLBj,QUMnpJQp,109.0
179,0,vXPGJwVk,FyIjwLBj,109.0
179,0,qzuHypgA,vXPGJwVk,109.0
179,0,KCMgfriT,qzuHypgA,142.0
179,0,hVMLOzME,KCMgfriT,178.0
179,0,TDvESTZN,hVMLOzME,178.0
179,0,sNuKvPuW,TDvESTZN,178.0
179,0,AUBTKFbY,sNuKvPuW,178.0
174,0,pFAoJEPO,ojINhgSe,82.0
174,0,fCvqoWrT,pFAoJEPO,82.0
174,0,yRpreQRc,fCvqoWrT,26.0
174,0,QaQvGPmN,yRpreQRc,26.0
174,0,HNYicgCh,QaQvGPmN,26.0
179,0,IuRRuHdp,qVzVrWDp,615.0
179,0,agmUQnfF,IuRRuHdp,615.0
179,0,CbblRkaH,agmUQnfF,564.0
179,0,BldTZUAI,CbblRkaH,644.0
179,0,nBYHMnkU,BldTZUAI,644.0
179,0,lotPPedu,nBYHMnkU,644.0
16,0,bbaQRYSI,JvVxAKet,2203.0
16,0,lDHqxCQW,bbaQRYSI,2203.0
16,0,qGgPbtbT,lDHqxCQW,2203.0
272,0,bbaQRYSI,oVNIhiyF,1361.0
272,0,lDHqxCQW,bbaQRYSI,1361.0
272,0,qGgPbtbT,lDHqxCQW,1361.0
970,0,bbaQRYSI,oVNIhiyF,23.0
970,0,lDHqxCQW,bbaQRYSI,23.0
970,0,qGgPbtbT,lDHqxCQW,23.0
264,0,bbaQRYSI,oVNIhiyF,357.0
264,0,lDHqxCQW,bbaQRYSI,357.0
264,0,qGgPbtbT,lDHqxCQW,357.0
179,0,ERIWLSEl,lotPPedu,534.0
179,0,qsoLaWuJ,ERIWLSEl,534.0
179,0,WSBJbplj,qsoLaWuJ,534.0
179,0,THUDGZDu,WSBJbplj,534.0
483,0,bbaQRYSI,oVNIhiyF,24.0
483,0,lDHqxCQW,bbaQRYSI,24.0
483,0,qGgPbtbT,lDHqxCQW,24.0
990,0,DzkWADkh,gmiMCrrb,5763.0
990,0,MjMnNBLG,DzkWADkh,5813.0
990,0,XiRzIewe,MjMnNBLG,5813.0
990,0,HEshVETB,XiRzIewe,6417.0
178,0,DzkWADkh,tBgOcvQf,885.0
178,0,MjMnNBLG,DzkWADkh,885.0
178,0,XiRzIewe,MjMnNBLG,885.0
178,0,udKeccMr,XiRzIewe,865.0
178,0,HEshVETB,udKeccMr,865.0
178,0,WKWTpoqQ,HEshVETB,865.0
106,0,AszcEtOu,BpAiVnps,5776.0
106,0,TCqyxHhF,AszcEtOu,6296.0
106,0,TcEVvOUM,TCqyxHhF,6323.0
106,0,qGnNRXVR,TcEVvOUM,6369.0
106,0,ouPwTbuD,qGnNRXVR,6369.0
106,0,MwLdaJul,ouPwTbuD,6664.0
106,0,QUMnpJQp,MwLdaJul,7273.0
106,0,FyIjwLBj,QUMnpJQp,7278.0
106,0,vXPGJwVk,FyIjwLBj,7145.0
106,0,GjiyfRqd,vXPGJwVk,7137.0
106,0,qzuHypgA,GjiyfRqd,6628.0
106,0,KCMgfriT,qzuHypgA,6646.0
106,0,hVMLOzME,KCMgfriT,6238.0
106,0,TDvESTZN,hVMLOzME,6238.0
984,0,bbaQRYSI,oVNIhiyF,101.0
984,0,lDHqxCQW,bbaQRYSI,101.0
984,0,qGgPbtbT,lDHqxCQW,101.0
173,0,JFVlrPHE,gcUmxKgT,432.0
594,0,WdOwNGhj,xfbmoJHP,504.0
594,0,LgyCGIBw,WdOwNGhj,504.0
594,0,OUgQnZLY,LgyCGIBw,596.0
594,0,SmQHomzq,OUgQnZLY,596.0
594,0,OHkaqvpq,SmQHomzq,598.0
919,0,yVpVwFWL,HyvnzuHA,448.0
919,0,UYClvrsH,yVpVwFWL,448.0
919,0,GdIqHDLj,UYClvrsH,448.0
919,0,SclqdZtd,GdIqHDLj,448.0
919,0,LtmbDsIv,SclqdZtd,449.0
919,0,aRwBTLyd,LtmbDsIv,449.0
919,0,BpJuosmx,aRwBTLyd,449.0
919,0,tIHUlMxX,BpJuosmx,442.0
919,0,jucOpUOn,tIHUlMxX,442.0
919,0,qdCMxZSc,jucOpUOn,442.0
919,0,ptvIaUTy,qdCMxZSc,442.0
919,0,dvaPHMux,ptvIaUTy,442.0
272,0,VQfPRvUw,qGgPbtbT,2.0
16,0,VQfPRvUw,qGgPbtbT,33.0
297,0,lQHWhrGj,tldUULAx,170.0
297,0,OOOhsNkv,lQHWhrGj,170.0
297,0,CgcphXSb,OOOhsNkv,170.0
297,0,texSWQet,CgcphXSb,170.0
297,0,lxBswvKX,texSWQet,170.0
297,0,OoNwiPDT,lxBswvKX,219.0
297,0,ftvNhZKM,OoNwiPDT,219.0
297,0,KLTxOJqh,ftvNhZKM,219.0
297,0,IURTQlCB,KLTxOJqh,219.0
297,0,ojINhgSe,IURTQlCB,266.0
297,0,SiflCzMU,ojINhgSe,266.0
297,0,fCvqoWrT,SiflCzMU,295.0
297,0,yRpreQRc,fCvqoWrT,295.0
297,0,QaQvGPmN,yRpreQRc,295.0
297,0,HNYicgCh,QaQvGPmN,295.0
297,0,RVNzMGgw,HNYicgCh,295.0
297,0,QeEdlYuU,RVNzMGgw,295.0
297,0,LXDQjYxM,QeEdlYuU,295.0
297,0,qVzVrWDp,LXDQjYxM,295.0
297,0,IuRRuHdp,qVzVrWDp,295.0
297,0,QZgueNIh,IuRRuHdp,295.0
984,0,XxhwFmzZ,JyqrAKLu,582.0
984,0,QZgueNIh,XxhwFmzZ,1150.0
1690,0,OTfWLQWk,BIvEdfHJ,88.0
1193,0,yGEvOQma,PqoYMtMO,155.0
1193,0,YoEMZEcq,yGEvOQma,155.0
170,0,DULwephN,YoEMZEcq,271.0
173,0,PspudWCJ,bDgEiJAh,1239.0
1366,0,qKeCDDXI,HrrdJKJb,1424.0
973,0,yGEvOQma,PqoYMtMO,28.0
973,0,gcrnRTRu,yGEvOQma,28.0
984,0,zGyJMIkT,yolIeCeg,3.0
984,0,YbVmHVTt,zGyJMIkT,3.0
984,0,ZlnerNQG,YbVmHVTt,3.0
984,0,FVWAEAei,ZlnerNQG,3.0
984,0,gVtshwcF,FVWAEAei,3.0
984,0,LmhVzFNJ,gVtshwcF,3.0
984,0,CmbQeSBI,LmhVzFNJ,3.0
984,0,RVyaKvKa,CmbQeSBI,3.0
984,0,OQRQrPoA,RVyaKvKa,3.0
984,0,CEyhPnMH,OQRQrPoA,5.0
984,0,ogrZorIF,CEyhPnMH,5.0
984,0,fumBmOZX,ogrZorIF,5.0
984,0,CLjYTiBy,fumBmOZX,5.0
984,0,NuwmOhpA,CLjYTiBy,5.0
984,0,EXHVDpee,NuwmOhpA,7.0
984,0,NkWMDpBL,EXHVDpee,37.0
984,0,TurKlwMz,NkWMDpBL,37.0
984,0,oVNIhiyF,TurKlwMz,37.0
173,0,TUrDxvOa,YoEMZEcq,551.0
170,0,qCZHeqZn,CPPeUlfG,579.0
170,0,KMLNQwjh,YxUFlvZH,312.0
170,0,aDaRCcaB,KMLNQwjh,312.0
170,0,dQYZBhGJ,aDaRCcaB,312.0
170,0,iFderoVa,dQYZBhGJ,312.0
170,0,CPPeUlfG,iFderoVa,312.0
170,0,KwXNMHkb,UxPxrYmy,289.0
170,0,YxUFlvZH,KwXNMHkb,289.0
170,0,hqOmlOIp,RrhmmPMm,195.0
170,0,qJgsxHch,hqOmlOIp,195.0
170,0,lxplrluY,qJgsxHch,195.0
170,0,zTJYYUap,lxplrluY,195.0
170,0,UxPxrYmy,zTJYYUap,195.0
170,0,YxYhlArE,NqSePdAx,142.0
170,0,sAswhpJr,YxYhlArE,142.0
170,0,VyHGAkTo,sAswhpJr,142.0
170,0,RrhmmPMm,VyHGAkTo,142.0
170,0,sceVWPKZ,dvaPHMux,115.0
170,0,NqSePdAx,sceVWPKZ,115.0
215,0,JovbzjVh,qDeoslSZ,346.0
215,0,LoxEXWve,JovbzjVh,346.0
215,0,TIoMzhxD,LoxEXWve,346.0
215,0,qqQgwpPP,TIoMzhxD,346.0
215,0,ORsEDdLG,qqQgwpPP,346.0
215,0,jsnedRvy,ORsEDdLG,179.0
215,0,PpWfKRbL,jsnedRvy,179.0
215,0,aaSaUDum,PpWfKRbL,138.0
215,0,cmBFyxQG,aaSaUDum,118.0
170,0,YoEMZEcq,qCZHeqZn,270.0
71,0,tNSMkSfB,ZYCVVmjG,1191.0
71,0,vaPtcLuK,tNSMkSfB,1102.0
487,0,MURlCahD,KRQMLlbw,4.0
487,0,znFDupZg,MURlCahD,4.0
487,0,osddylgA,znFDupZg,4.0
487,0,uiYVYPQX,osddylgA,4.0
487,0,zGyJMIkT,uiYVYPQX,22.0
487,0,YbVmHVTt,zGyJMIkT,22.0
487,0,ZlnerNQG,YbVmHVTt,22.0
487,0,FVWAEAei,ZlnerNQG,22.0
487,0,gVtshwcF,FVWAEAei,22.0
487,0,LmhVzFNJ,gVtshwcF,22.0
487,0,CmbQeSBI,LmhVzFNJ,22.0
487,0,RVyaKvKa,CmbQeSBI,22.0
487,0,OQRQrPoA,RVyaKvKa,22.0
487,0,CEyhPnMH,OQRQrPoA,22.0
487,0,ogrZorIF,CEyhPnMH,22.0
487,0,fumBmOZX,ogrZorIF,22.0
487,0,CLjYTiBy,fumBmOZX,22.0
487,0,NuwmOhpA,CLjYTiBy,22.0
487,0,EXHVDpee,NuwmOhpA,22.0
487,0,NkWMDpBL,EXHVDpee,22.0
487,0,TurKlwMz,NkWMDpBL,22.0
487,0,oVNIhiyF,TurKlwMz,22.0
487,0,bbaQRYSI,oVNIhiyF,22.0
487,0,lDHqxCQW,bbaQRYSI,22.0
487,0,qGgPbtbT,lDHqxCQW,22.0
487,0,CKNrjFUU,qGgPbtbT,22.0
487,0,VCGhveHG,CKNrjFUU,22.0
487,0,WQdyWhSR,VCGhveHG,22.0
487,0,vCGIyJLJ,WQdyWhSR,22.0
487,0,VXthmpcS,vCGIyJLJ,22.0
1096,0,GaUJjHvw,BIoUkdqn,2362.0
1096,0,xqPbgbrZ,GaUJjHvw,2362.0
1096,0,nlMKoEWl,xqPbgbrZ,2362.0
1096,0,KbKyxild,nlMKoEWl,2362.0
1096,0,WzJZybAt,KbKyxild,2275.0
1096,0,wBZvskGC,WzJZybAt,2237.0
1096,0,hlYcHDiv,wBZvskGC,2167.0
1096,0,ZUUFaTkv,hlYcHDiv,2167.0
1096,0,jgCiOeaN,ZUUFaTkv,2167.0
1096,0,TikfrWrm,jgCiOeaN,2167.0
1096,0,RabBrvbh,TikfrWrm,2167.0
1096,0,yAsGVYQM,RabBrvbh,2167.0
1096,0,XFPAZveS,yAsGVYQM,955.0
1096,0,ejMjPdTH,XFPAZveS,899.0
1096,0,CKorGRkE,ejMjPdTH,460.0
1096,0,eaNsVWDR,CKorGRkE,379.0
1096,0,LIgtsZTQ,yfjUYWEe,2197.0
1096,0,BIoUkdqn,LIgtsZTQ,2197.0
1030,0,sklTQuFm,VYHZxBYO,2748.0
1030,0,QhyQakxZ,sklTQuFm,2748.0
1030,0,yscklMzl,QhyQakxZ,2748.0
1030,0,UDUmRzWP,yscklMzl,2724.0
1030,0,pzSSkNJo,UDUmRzWP,2724.0
1030,0,kVWwehGs,pzSSkNJo,2677.0
1030,0,fnQyKclP,kVWwehGs,2805.0
1030,0,oDVZRjmi,fnQyKclP,2805.0
1030,0,aaeLLxLj,oDVZRjmi,2805.0
626,0,tjcxfrSB,rINNylNh,1486.0
626,0,rHyPKpnR,tjcxfrSB,1486.0
626,0,lhvdYjIr,rHyPKpnR,1486.0
626,0,XkyHnVdm,lhvdYjIr,1854.0
626,0,aTKTVXJW,XkyHnVdm,1854.0
626,0,nFbddFoX,aTKTVXJW,1854.0
626,0,GudLituF,nFbddFoX,1854.0
966,0,oVNIhiyF,TurKlwMz,1234.0
966,0,bbaQRYSI,oVNIhiyF,1245.0
966,0,lDHqxCQW,bbaQRYSI,1245.0
966,0,qGgPbtbT,lDHqxCQW,1245.0
966,0,VQfPRvUw,qGgPbtbT,1891.0
966,0,VCGhveHG,VQfPRvUw,1945.0
966,0,WQdyWhSR,VCGhveHG,1945.0
966,0,vCGIyJLJ,WQdyWhSR,1939.0
966,0,ZlnerNQG,ozAxYCwR,496.0
966,0,YbVmHVTt,ZlnerNQG,496.0
966,0,FVWAEAei,YbVmHVTt,496.0
966,0,gVtshwcF,FVWAEAei,496.0
966,0,CmbQeSBI,gVtshwcF,604.0
966,0,RVyaKvKa,CmbQeSBI,604.0
966,0,OQRQrPoA,RVyaKvKa,604.0
966,0,CEyhPnMH,OQRQrPoA,884.0
966,0,ogrZorIF,CEyhPnMH,884.0
966,0,fumBmOZX,ogrZorIF,884.0
966,0,CLjYTiBy,fumBmOZX,884.0
966,0,NuwmOhpA,CLjYTiBy,911.0
966,0,EXHVDpee,NuwmOhpA,1233.0
966,0,NkWMDpBL,EXHVDpee,1233.0
966,0,TurKlwMz,NkWMDpBL,1233.0
179,0,PoshUaCl,THUDGZDu,526.0
626,0,eJrsnsoz,GudLituF,1851.0
626,0,qAUjPEMf,eJrsnsoz,1850.0
626,0,isMwZYXy,qAUjPEMf,1835.0
966,0,eJrsnsoz,vCGIyJLJ,1890.0
966,0,isMwZYXy,eJrsnsoz,1890.0
179,0,tkhDcqas,PoshUaCl,521.0
179,0,jOvtnfLH,tkhDcqas,521.0
620,0,anmiXAus,AGDZrVfo,2.0
620,0,YJnTPbIZ,anmiXAus,4.0
599,0,ijmqRmKp,roHCvggS,5.0
599,0,wQzAWTmt,ijmqRmKp,1.0
599,0,VVXTrukI,wQzAWTmt,1.0
1083,0,krjqWYyL,zBmTBInm,1427.0
1083,0,tSXpsDyV,krjqWYyL,1427.0
1083,0,IbLBdCXD,tSXpsDyV,1427.0
1083,0,JGCJnIWw,IbLBdCXD,1427.0
1083,0,honleovC,JGCJnIWw,1585.0
1083,0,pqZYMbGr,honleovC,1652.0
595,0,JyqrAKLu,TCMQvOqy,56.0
595,0,XxhwFmzZ,JyqrAKLu,56.0
595,0,QZgueNIh,XxhwFmzZ,56.0
595,0,JFVlrPHE,QZgueNIh,57.0
595,0,cpLivUai,JFVlrPHE,57.0
595,0,NTpJpHDd,cpLivUai,57.0
595,0,HQNzQizX,NTpJpHDd,362.0
595,0,WwskMIzD,HQNzQizX,362.0
595,0,rrasSNoc,WwskMIzD,362.0
595,0,bgsGiKIs,rrasSNoc,362.0
595,0,bbaQRYSI,JvVxAKet,2.0
595,0,lDHqxCQW,bbaQRYSI,2.0
595,0,qGgPbtbT,lDHqxCQW,2.0
595,0,CKNrjFUU,qGgPbtbT,7.0
595,0,VCGhveHG,CKNrjFUU,7.0
595,0,WQdyWhSR,VCGhveHG,7.0
595,0,vCGIyJLJ,WQdyWhSR,7.0
595,0,VXthmpcS,vCGIyJLJ,44.0
595,0,xuEvBBdE,VXthmpcS,44.0
595,0,rAizOLWV,xuEvBBdE,44.0
595,0,JdZarNsv,rAizOLWV,44.0
595,0,NmilzqZp,JdZarNsv,44.0
595,0,TCMQvOqy,NmilzqZp,47.0
1178,0,WdOwNGhj,xfbmoJHP,3465.0
1178,0,kKKRBhFF,WdOwNGhj,3465.0
1178,0,NFInfBeu,kKKRBhFF,3525.0
1178,0,VCQdmIoF,NFInfBeu,3525.0
1178,0,ePrpofUw,VCQdmIoF,3525.0
1178,0,KcvPUxQg,ePrpofUw,3917.0
1178,0,rbVbMNcM,KcvPUxQg,3717.0
1178,0,QYwjKQRO,rbVbMNcM,4678.0
1178,0,cNuXvIqU,QYwjKQRO,4678.0
1178,0,eXTEGQHB,cNuXvIqU,4678.0
1178,0,zTUODYgn,eXTEGQHB,4513.0
1178,0,eTPMYwkC,zTUODYgn,4492.0
1505,0,xQqwXgNZ,OVaoEscJ,3975.0
452,0,TIoMzhxD,LoxEXWve,8180.0
452,0,iRpWiLQH,TIoMzhxD,7994.0
452,0,qqQgwpPP,iRpWiLQH,7874.0
452,0,ORsEDdLG,qqQgwpPP,7875.0
452,0,EuWqksqL,cmBFyxQG,7812.0
452,0,XRrjzlpH,EuWqksqL,7819.0
452,0,JVRJClPS,XRrjzlpH,7819.0
452,0,ZZUoaXbF,JVRJClPS,7735.0
452,0,fdiMUjeA,ZZUoaXbF,7726.0
452,0,lbTqXure,fdiMUjeA,7726.0
452,0,MyzUerZz,lbTqXure,7790.0
560,0,AesbwnPs,WywmvGMH,520.0
560,0,hzAARBgX,AesbwnPs,520.0
941,0,YqlTLIQa,ALhaazBT,1198.0
941,0,AUmOMGnp,YqlTLIQa,1196.0
941,0,XFPAZveS,AUmOMGnp,1186.0
941,0,ojqTFFWy,XFPAZveS,320.0
1338,0,QpprBOSr,SOVcCDqR,9050.0
1338,0,Plxavose,QpprBOSr,6001.0
1180,0,LAmktnrq,qflzswAf,2294.0
1180,0,JbCujTci,LAmktnrq,3023.0
1180,0,jSSkauKM,JbCujTci,4710.0
1180,0,qLQHuyIe,jSSkauKM,5537.0
1180,0,apOzgzFy,qLQHuyIe,5552.0
400,0,clVXMHJf,nfCzcTzh,1601.0
400,0,UXEWVZzP,clVXMHJf,1601.0
400,0,MlYFoaez,UXEWVZzP,1274.0
1407,0,lWiTdhQk,vhHLNRbD,1840.0
1407,0,kYxNkIzH,lWiTdhQk,1868.0
1407,0,nUxocPjZ,kYxNkIzH,1814.0
1407,0,WmvRfciC,nUxocPjZ,1801.0
1407,0,saptMzFY,WmvRfciC,1801.0
1407,0,YxAufxIm,saptMzFY,1865.0
1407,0,UFFAxqtN,YxAufxIm,1865.0
1407,0,cOTHHVzh,UFFAxqtN,1865.0
1407,0,sjfoFmFj,cOTHHVzh,1262.0
1407,0,WjGJosho,sjfoFmFj,1262.0
539,0,oZJRchiN,wVKhsyCZ,32.0
539,0,xmGwLlME,oZJRchiN,400.0
539,0,KcBICYpI,xmGwLlME,400.0
539,0,XQiQvefE,KcBICYpI,400.0
539,0,eyUKPfnA,XQiQvefE,400.0
539,0,ZgqhsueA,eyUKPfnA,372.0
539,0,YvwuVYMF,ZgqhsueA,372.0
539,0,FZsFzszJ,YvwuVYMF,372.0
539,0,ALhaazBT,FZsFzszJ,372.0
539,0,ZijVddwt,ALhaazBT,372.0
1107,0,NxZLWDKg,fslmqcXP,636.0
1107,0,ysYPVGOc,NxZLWDKg,636.0
1107,0,GgxxeDsY,ysYPVGOc,636.0
1107,0,OIDfcbwB,GgxxeDsY,636.0
1107,0,PCRBVfUw,OIDfcbwB,636.0
1107,0,uTBXaSDE,PCRBVfUw,636.0
1107,0,hnvEGTpC,uTBXaSDE,636.0
1107,0,sAuLGTlR,hnvEGTpC,636.0
1107,0,ixhHdGBo,sAuLGTlR,628.0
1107,0,spVkBMtX,ixhHdGBo,628.0
1107,0,uuLXjUrY,spVkBMtX,628.0
1107,0,ekoOPpVq,uuLXjUrY,628.0
1107,0,rljVoTvk,ekoOPpVq,628.0
1107,0,gxidCspv,rljVoTvk,628.0
1107,0,wRTYbalx,gxidCspv,625.0
1107,0,ZqOseExI,wRTYbalx,625.0
1107,0,FdBCLyPI,ZqOseExI,625.0
1107,0,CrOFTJlw,FdBCLyPI,625.0
1107,0,PyGiRErs,CrOFTJlw,607.0
1030,0,vDTAjOOR,yQmtaWgt,1462.0
1030,0,VYHZxBYO,vDTAjOOR,1462.0
1124,0,kjmHgYUi,pTTspriv,2.0
1124,0,UHSPJyEW,kjmHgYUi,2.0
1124,0,dOTSUZHl,UHSPJyEW,2.0
1124,0,ITdbUezF,dOTSUZHl,2.0
1124,0,UCTWITih,ITdbUezF,2.0
1124,0,HnEviCBr,UCTWITih,2.0
1124,0,nCgrSQNi,HnEviCBr,2.0
1124,0,KyrNRMTR,nCgrSQNi,2.0
1124,0,exRzHfND,KyrNRMTR,3.0
1124,0,slwzdYAd,exRzHfND,3.0
1124,0,phodyDNv,slwzdYAd,3.0
1124,0,RuqLEiFp,phodyDNv,7.0
1124,0,NAwFzVQz,RuqLEiFp,7.0
1124,0,jEliwrSM,NAwFzVQz,42.0
1124,0,OUlPxErG,jEliwrSM,42.0
1124,0,SPorkGXj,OUlPxErG,50.0
1124,0,IJbUVGLH,SPorkGXj,54.0
1124,0,ZqOseExI,IJbUVGLH,54.0
1124,0,FdBCLyPI,ZqOseExI,54.0
1124,0,CrOFTJlw,FdBCLyPI,55.0
1124,0,PyGiRErs,CrOFTJlw,56.0
1124,0,JbCujTci,PyGiRErs,58.0
1107,0,nEsTDuVQ,SzPBLAwy,814.0
1107,0,TTqWKaTM,nEsTDuVQ,814.0
1107,0,liUSqvwm,TTqWKaTM,814.0
1107,0,icUOEXSt,liUSqvwm,814.0
1107,0,ggnpPWOO,icUOEXSt,814.0
1107,0,nnnLtFmO,ggnpPWOO,814.0
1107,0,OLVfWwhL,nnnLtFmO,814.0
1107,0,wfDLjSSS,OLVfWwhL,591.0
1107,0,fslmqcXP,wfDLjSSS,591.0
1107,0,WMODaVhE,GSOqnCzV,778.0
1107,0,SzPBLAwy,WMODaVhE,778.0
1030,0,ajteUQkz,VpHOqNar,1142.0
1030,0,XmmyKsTm,ajteUQkz,1142.0
1030,0,gNJqbiHM,XmmyKsTm,1142.0
1030,0,NrUUQlkk,gNJqbiHM,1142.0
1030,0,yQmtaWgt,NrUUQlkk,1142.0
1107,0,yhxUltpl,JRMVrfdD,63.0
1107,0,bEntPTsf,yhxUltpl,63.0
1107,0,qIHRQZMb,bEntPTsf,63.0
1107,0,GSOqnCzV,qIHRQZMb,63.0
1107,0,bghpxDOJ,XaVBQtHA,24.0
1107,0,JRMVrfdD,bghpxDOJ,24.0
1103,0,OoNwiPDT,ztLkgYlA,32.0
1103,0,ftvNhZKM,OoNwiPDT,32.0
1103,0,KLTxOJqh,ftvNhZKM,32.0
1103,0,idAQxYim,KLTxOJqh,32.0
1103,0,ldInPGbn,idAQxYim,37.0
1103,0,WGEhEMgb,ldInPGbn,37.0
1103,0,WblAIghg,WGEhEMgb,37.0
1103,0,yXfOYhmg,WblAIghg,37.0
1103,0,cHOtlpNd,yXfOYhmg,37.0
1103,0,bDgEiJAh,cHOtlpNd,37.0
1103,0,HYSXwpsm,bDgEiJAh,37.0
1103,0,MAxpakLW,HYSXwpsm,37.0
1103,0,wzaIlAwh,MAxpakLW,37.0
598,0,wzaIlAwh,kJlOJSYi,8.0
595,0,pjrUunbL,FnMlnlru,417.0
595,0,pobpsCoK,pjrUunbL,417.0
1104,0,TXAdjSyo,SmQHomzq,35.0
1104,0,UIFNotIh,TXAdjSyo,35.0
1104,0,roHCvggS,UIFNotIh,35.0
1104,0,WdOwNGhj,xfbmoJHP,33.0
1104,0,LgyCGIBw,WdOwNGhj,33.0
1104,0,OUgQnZLY,LgyCGIBw,33.0
1104,0,SmQHomzq,OUgQnZLY,33.0
1103,0,AszcEtOu,BpAiVnps,4.0
1103,0,TcEVvOUM,AszcEtOu,5.0
1103,0,qGnNRXVR,TcEVvOUM,5.0
1103,0,MwLdaJul,qGnNRXVR,5.0
1103,0,QUMnpJQp,MwLdaJul,5.0
1103,0,FyIjwLBj,QUMnpJQp,5.0
1103,0,vXPGJwVk,FyIjwLBj,5.0
1103,0,qzuHypgA,vXPGJwVk,5.0
1103,0,KCMgfriT,qzuHypgA,5.0
1103,0,TDvESTZN,KCMgfriT,6.0
1103,0,AUBTKFbY,TDvESTZN,6.0
1103,0,fjevhefZ,AUBTKFbY,6.0
1103,0,vyQyYYqJ,fjevhefZ,6.0
1103,0,ztLkgYlA,vyQyYYqJ,6.0
1622,0,VDSTHuJo,zdgoUaFA,1542.0
1622,0,ImyQzgIv,VDSTHuJo,1541.0
1622,0,BzikVGUK,ImyQzgIv,1541.0
1622,0,lniHSWWA,BzikVGUK,1575.0
1622,0,qaJzTzwj,lniHSWWA,1241.0
1622,0,PjfwSZnl,aYSqaQmJ,44.0
1622,0,vSdfqYeK,PjfwSZnl,9.0
179,0,VrqtMskC,jOvtnfLH,483.0
1054,0,aYIMvmGX,qdrjbHYS,121.0
1054,0,WGGanwZU,aYIMvmGX,122.0
1054,0,ArHpJhVJ,WGGanwZU,171.0
1054,0,tWpVdCtj,ArHpJhVJ,171.0
1054,0,EdJUuxct,tWpVdCtj,171.0
1054,0,gmiMCrrb,EdJUuxct,171.0
1054,0,DzkWADkh,gmiMCrrb,178.0
1054,0,MjMnNBLG,DzkWADkh,178.0
1054,0,XiRzIewe,MjMnNBLG,178.0
1054,0,DalDuuww,XiRzIewe,178.0
1054,0,WlkKexEs,DalDuuww,178.0
1054,0,MyzUerZz,WlkKexEs,178.0
1054,0,hTBkjNzq,MyzUerZz,178.0
1054,0,aCcokpIU,hTBkjNzq,178.0
1054,0,IWuAfYeM,aCcokpIU,179.0
1054,0,AKEMZMhk,IWuAfYeM,179.0
1054,0,oXDhDxhT,AKEMZMhk,179.0
1054,0,twlwLPZj,oXDhDxhT,184.0
1054,0,NjRgIRup,twlwLPZj,184.0
1054,0,rlFkXMBS,NjRgIRup,748.0
1054,0,lxkWqJCv,rlFkXMBS,748.0
457,0,iwdDmytU,vUKUaFbz,4.0
457,0,LYepRrQv,iwdDmytU,4.0
457,0,YuDiQHGe,LYepRrQv,4.0
457,0,EmkugZPX,YuDiQHGe,4.0
105,0,MwLdaJul,qGnNRXVR,4522.0
105,0,QUMnpJQp,MwLdaJul,4528.0
105,0,FyIjwLBj,QUMnpJQp,4534.0
105,0,vXPGJwVk,FyIjwLBj,4534.0
105,0,qzuHypgA,vXPGJwVk,4534.0
105,0,JVRJClPS,qzuHypgA,4534.0
105,0,ZZUoaXbF,JVRJClPS,4522.0
105,0,fdiMUjeA,ZZUoaXbF,4522.0
105,0,lbTqXure,fdiMUjeA,4522.0
105,0,MyzUerZz,lbTqXure,4428.0
105,0,hTBkjNzq,MyzUerZz,2681.0
105,0,aCcokpIU,hTBkjNzq,2511.0
105,0,IWuAfYeM,aCcokpIU,2157.0
105,0,AKEMZMhk,IWuAfYeM,2157.0
105,0,oXDhDxhT,AKEMZMhk,2157.0
105,0,twlwLPZj,oXDhDxhT,1887.0
105,0,NjRgIRup,twlwLPZj,1864.0
106,0,WlkKexEs,TDvESTZN,5314.0
106,0,MyzUerZz,WlkKexEs,3751.0
106,0,hTBkjNzq,MyzUerZz,3750.0
106,0,aCcokpIU,hTBkjNzq,3662.0
106,0,IWuAfYeM,aCcokpIU,3071.0
106,0,AKEMZMhk,IWuAfYeM,3071.0
106,0,oXDhDxhT,AKEMZMhk,3071.0
106,0,twlwLPZj,oXDhDxhT,2674.0
106,0,xfbmoJHP,twlwLPZj,2674.0
452,0,hTBkjNzq,MyzUerZz,7246.0
452,0,aCcokpIU,hTBkjNzq,5692.0
452,0,IWuAfYeM,aCcokpIU,5194.0
452,0,AKEMZMhk,IWuAfYeM,5194.0
452,0,oXDhDxhT,AKEMZMhk,5194.0
452,0,twlwLPZj,oXDhDxhT,3760.0
452,0,xfbmoJHP,twlwLPZj,3744.0
46,0,hTBkjNzq,hSdNxZqe,4129.0
46,0,aCcokpIU,hTBkjNzq,3487.0
46,0,IWuAfYeM,aCcokpIU,3000.0
46,0,AKEMZMhk,IWuAfYeM,3000.0
46,0,oXDhDxhT,AKEMZMhk,2999.0
46,0,twlwLPZj,oXDhDxhT,2931.0
46,0,xfbmoJHP,twlwLPZj,2889.0
105,0,KjuJaNsu,HcPkwFHM,2061.0
105,0,oNyGHMvy,KjuJaNsu,2063.0
105,0,QdnKSSsO,oNyGHMvy,2064.0
105,0,vSdfqYeK,QdnKSSsO,2215.0
105,0,wDpyEsxh,vSdfqYeK,2215.0
105,0,jIerKxIb,wDpyEsxh,2218.0
105,0,IubGYoNi,jIerKxIb,2587.0
105,0,fmQEzQWV,IubGYoNi,2685.0
105,0,BpAiVnps,fmQEzQWV,3279.0
105,0,AszcEtOu,BpAiVnps,3287.0
105,0,TcEVvOUM,AszcEtOu,4516.0
105,0,qGnNRXVR,TcEVvOUM,4516.0
1180,0,hTBkjNzq,hSdNxZqe,4047.0
1180,0,aCcokpIU,hTBkjNzq,3687.0
1180,0,IWuAfYeM,aCcokpIU,3015.0
1180,0,AKEMZMhk,IWuAfYeM,3015.0
1180,0,oXDhDxhT,AKEMZMhk,3015.0
1180,0,twlwLPZj,oXDhDxhT,2974.0
1180,0,xfbmoJHP,twlwLPZj,2974.0
1567,0,nPkrzCty,UgpyjFML,3336.0
1141,0,jIerKxIb,nPkrzCty,973.0
990,0,WKWTpoqQ,HEshVETB,6224.0
990,0,WlkKexEs,WKWTpoqQ,6900.0
990,0,MyzUerZz,WlkKexEs,6884.0
990,0,hTBkjNzq,MyzUerZz,5807.0
105,0,plWWPiMc,mnkgCFDT,1504.0
105,0,HcPkwFHM,plWWPiMc,1526.0
984,0,JFVlrPHE,QZgueNIh,1218.0
984,0,cpLivUai,JFVlrPHE,1218.0
984,0,fKUdbDza,cpLivUai,1218.0
984,0,DATqCMmz,fKUdbDza,1399.0
984,0,BSeIJfkI,DATqCMmz,2249.0
297,0,JFVlrPHE,QZgueNIh,287.0
297,0,cpLivUai,JFVlrPHE,287.0
297,0,fKUdbDza,cpLivUai,287.0
297,0,DATqCMmz,fKUdbDza,287.0
297,0,ILgjTtXh,DATqCMmz,287.0
173,0,cpLivUai,JFVlrPHE,418.0
173,0,fKUdbDza,cpLivUai,418.0
173,0,DATqCMmz,fKUdbDza,418.0
173,0,ILgjTtXh,DATqCMmz,418.0
990,0,aCcokpIU,hTBkjNzq,5789.0
736,0,gzTQJVMW,RVEyrwjR,12688.0
736,0,FZsFzszJ,gzTQJVMW,9468.0
736,0,KgwKZlse,FZsFzszJ,9217.0
736,0,AoRkaUmb,KgwKZlse,9203.0
736,0,ALhaazBT,AoRkaUmb,9203.0
736,0,YqlTLIQa,ALhaazBT,8583.0
736,0,AUmOMGnp,YqlTLIQa,8531.0
736,0,XFPAZveS,AUmOMGnp,8016.0
736,0,ojqTFFWy,XFPAZveS,5932.0
823,0,iHPgoVQd,AlojXgfn,75.0
823,0,LEMCEoBI,iHPgoVQd,83.0
823,0,VbipnzIy,LEMCEoBI,83.0
823,0,vLvetIEj,VbipnzIy,86.0
823,0,veZdNrwJ,vLvetIEj,86.0
823,0,UHrZZaJI,veZdNrwJ,86.0
823,0,XYPsfiKq,UHrZZaJI,86.0
823,0,EZonlaGf,XYPsfiKq,95.0
823,0,ZLCIvgrp,EZonlaGf,96.0
823,0,ucVTqZIB,ZLCIvgrp,96.0
823,0,FDrhtNjK,ucVTqZIB,96.0
823,0,YVGWiGkc,FDrhtNjK,96.0
823,0,CqPWXNIf,YVGWiGkc,96.0
823,0,iZfXNAue,CqPWXNIf,96.0
823,0,OXvlrfnG,iZfXNAue,38.0
823,0,CgMBzfIg,OXvlrfnG,38.0
823,0,BCwVkMhO,CgMBzfIg,38.0
823,0,MpBHVRZl,BCwVkMhO,38.0
823,0,BWKNZpmt,MpBHVRZl,16.0
823,0,hMBIVszx,BWKNZpmt,16.0
823,0,JgVaSAtG,hMBIVszx,16.0
823,0,QyfZGsFT,JgVaSAtG,16.0
823,0,selTNsQi,QyfZGsFT,16.0
823,0,SfBAqteg,selTNsQi,16.0
823,0,obGcbWvT,SfBAqteg,16.0
823,0,wssOAckJ,obGcbWvT,15.0
823,0,zzxlwhdI,wssOAckJ,15.0
823,0,SEcoeimf,zzxlwhdI,15.0
823,0,fzmnvqlX,SEcoeimf,14.0
823,0,RyhuDLev,fzmnvqlX,14.0
823,0,KnIeolpt,RyhuDLev,14.0
823,0,GMrJWgHs,KnIeolpt,14.0
823,0,tTjpyeuP,GMrJWgHs,14.0
823,0,elxmPCDf,tTjpyeuP,14.0
823,0,tcbhlVZo,elxmPCDf,14.0
823,0,ZqBGCTqq,tcbhlVZo,13.0
823,0,HxnLIWQq,ZqBGCTqq,12.0
823,0,wqGWmwVd,HxnLIWQq,12.0
823,0,ACkvbmee,wqGWmwVd,12.0
823,0,FtWuEuzF,ACkvbmee,12.0
823,0,RtTLxXUv,FtWuEuzF,12.0
823,0,JGydtICe,RtTLxXUv,12.0
823,0,xbhuXgnr,JGydtICe,12.0
823,0,zjGRmLyo,xbhuXgnr,12.0
823,0,EXTmTMKf,zjGRmLyo,12.0
823,0,yfIoPTHo,EXTmTMKf,8.0
823,0,GnOurcjN,yfIoPTHo,8.0
823,0,vHkAlmCm,GnOurcjN,8.0
823,0,WynPMslR,vHkAlmCm,8.0
823,0,qjwSVoCq,WynPMslR,8.0
823,0,WvPJYXMk,qjwSVoCq,8.0
463,0,MnTeelLR,uaQvVFAB,6897.0
595,0,oSlWllmq,bgsGiKIs,395.0
595,0,FnMlnlru,oSlWllmq,395.0
858,0,aHGuzSTo,KAhfQHTl,419.0
858,0,ttlZXoMn,aHGuzSTo,419.0
858,0,eYRPTRrW,ttlZXoMn,427.0
858,0,ABXRUWWW,eYRPTRrW,427.0
858,0,RobpRsZS,ABXRUWWW,427.0
858,0,NALyFlzQ,RobpRsZS,868.0
858,0,qIuTLVvj,NALyFlzQ,868.0
966,0,SogEaGxk,isMwZYXy,1138.0
966,0,lCifaItn,SogEaGxk,1138.0
626,0,SogEaGxk,isMwZYXy,1463.0
626,0,lCifaItn,SogEaGxk,1463.0
1071,0,ozAxYCwR,uiYVYPQX,13.0
1075,0,RzNLGwXH,UfaDzlyU,957.0
1075,0,wRYiQgEn,RzNLGwXH,957.0
1075,0,yfISbYOh,wRYiQgEn,978.0
537,0,uzcbLUNR,GOFbtMrp,58.0
537,0,zezeKItL,uzcbLUNR,58.0
537,0,VpHOqNar,zezeKItL,58.0
537,0,vDTAjOOR,VpHOqNar,58.0
537,0,UDUmRzWP,vDTAjOOR,58.0
537,0,kVWwehGs,UDUmRzWP,58.0
537,0,ixhHdGBo,kVWwehGs,58.0
537,0,agMXkLfj,ixhHdGBo,58.0
537,0,SwLVnWPq,agMXkLfj,58.0
537,0,xGsoSfhX,SwLVnWPq,58.0
990,0,IWuAfYeM,aCcokpIU,4518.0
990,0,AKEMZMhk,IWuAfYeM,4518.0
990,0,oXDhDxhT,AKEMZMhk,4518.0
597,0,JyqrAKLu,TCMQvOqy,229.0
597,0,XxhwFmzZ,JyqrAKLu,229.0
597,0,QZgueNIh,XxhwFmzZ,229.0
597,0,JFVlrPHE,QZgueNIh,292.0
597,0,cpLivUai,JFVlrPHE,292.0
597,0,fKUdbDza,cpLivUai,292.0
597,0,DATqCMmz,fKUdbDza,351.0
597,0,ILgjTtXh,DATqCMmz,351.0
597,0,XaFkCXdj,ILgjTtXh,1208.0
597,0,bbaQRYSI,oVNIhiyF,10.0
597,0,lDHqxCQW,bbaQRYSI,10.0
597,0,qGgPbtbT,lDHqxCQW,10.0
597,0,VQfPRvUw,qGgPbtbT,70.0
597,0,VCGhveHG,VQfPRvUw,70.0
597,0,WQdyWhSR,VCGhveHG,70.0
597,0,vCGIyJLJ,WQdyWhSR,70.0
597,0,VXthmpcS,vCGIyJLJ,90.0
597,0,xuEvBBdE,VXthmpcS,90.0
597,0,rAizOLWV,xuEvBBdE,90.0
597,0,JdZarNsv,rAizOLWV,90.0
597,0,NmilzqZp,JdZarNsv,90.0
597,0,TCMQvOqy,NmilzqZp,107.0
297,0,bCOJrgoA,qDeoslSZ,71.0
297,0,IwMXsDOu,bCOJrgoA,71.0
297,0,gOJphFVT,IwMXsDOu,71.0
297,0,dBTDkDZt,gOJphFVT,71.0
297,0,tldUULAx,dBTDkDZt,71.0
598,0,UufKZTKG,VVXTrukI,1.0
598,0,kJlOJSYi,UufKZTKG,1.0
598,0,OOrUJecL,wzaIlAwh,1.0
598,0,VniBJCzY,OOrUJecL,1.0
1103,0,OOrUJecL,wzaIlAwh,47.0
1103,0,VniBJCzY,OOrUJecL,47.0
626,0,dFlAswnV,lCifaItn,1449.0
626,0,pjTBCsVx,dFlAswnV,1449.0
487,0,PoshUaCl,VXthmpcS,18.0
487,0,tkhDcqas,PoshUaCl,18.0
487,0,jOvtnfLH,tkhDcqas,18.0
487,0,VrqtMskC,jOvtnfLH,18.0
487,0,nwGGoSvm,VrqtMskC,18.0
487,0,msGFqCDa,nwGGoSvm,18.0
487,0,AoAbuPJW,msGFqCDa,18.0
487,0,WPcaURVq,AoAbuPJW,18.0
966,0,dFlAswnV,lCifaItn,1072.0
966,0,pjTBCsVx,dFlAswnV,1072.0
179,0,nwGGoSvm,VrqtMskC,457.0
179,0,msGFqCDa,nwGGoSvm,457.0
179,0,AoAbuPJW,msGFqCDa,457.0
179,0,WPcaURVq,AoAbuPJW,457.0
984,0,zLDXwGdB,BSeIJfkI,2017.0
984,0,IWsbluFe,zLDXwGdB,2017.0
984,0,SUgOBtjk,IWsbluFe,2017.0
984,0,gACwumWT,SUgOBtjk,2017.0
984,0,JtZjSNXW,gACwumWT,2017.0
297,0,SUgOBtjk,ILgjTtXh,248.0
297,0,JtZjSNXW,SUgOBtjk,248.0
173,0,SUgOBtjk,ILgjTtXh,401.0
173,0,JtZjSNXW,SUgOBtjk,401.0
919,0,UosQUisT,Jrutayet,93.0
919,0,FQOgjaka,UosQUisT,93.0
919,0,URvEqJxF,FQOgjaka,93.0
919,0,JalqBTeK,URvEqJxF,93.0
919,0,UAwQbGIv,JalqBTeK,93.0
919,0,HyvnzuHA,UAwQbGIv,93.0
179,0,shsbwlrM,WPcaURVq,394.0
179,0,WgelRheP,shsbwlrM,394.0
626,0,XMFZXZdV,pjTBCsVx,1151.0
966,0,XMFZXZdV,pjTBCsVx,893.0
626,0,MBttAlCW,ZAfIffxq,454.0
910,0,EpCFePOD,vOivHtRX,33.0
910,0,KLSPMOeO,EpCFePOD,10.0
910,0,krXgCSzh,KLSPMOeO,11.0
910,0,yDCZcPdO,krXgCSzh,11.0
177,0,DzkWADkh,tBgOcvQf,1761.0
177,0,MjMnNBLG,DzkWADkh,1763.0
177,0,XiRzIewe,MjMnNBLG,1763.0
177,0,udKeccMr,XiRzIewe,2337.0
177,0,HEshVETB,udKeccMr,2337.0
177,0,WKWTpoqQ,HEshVETB,2337.0
501,0,QontmjvH,JIllbhjr,244.0
501,0,flXjJYer,QontmjvH,244.0
501,0,oBtsEQRM,flXjJYer,244.0
501,0,UFoaQvGg,oBtsEQRM,244.0
501,0,yHDouIXe,UFoaQvGg,244.0
501,0,aFlzccOO,yHDouIXe,244.0
501,0,XAxmwtqw,aFlzccOO,244.0
501,0,ThGrfpxl,XAxmwtqw,244.0
501,0,TUpCuZAw,ThGrfpxl,193.0
501,0,HYfXIyFk,TUpCuZAw,193.0
501,0,oQvXmJfL,HYfXIyFk,193.0
501,0,yayPNqiY,oQvXmJfL,193.0
501,0,pOvHFZPM,yayPNqiY,193.0
501,0,hOGVczfj,pOvHFZPM,193.0
501,0,kXtCwJQx,hOGVczfj,193.0
501,0,UZvsWvxC,kXtCwJQx,193.0
501,0,Afgbwxue,UZvsWvxC,193.0
501,0,yHOAvGcL,Afgbwxue,151.0
501,0,AHQzSmld,yHOAvGcL,151.0
501,0,UWSJuCAz,AHQzSmld,151.0
501,0,xfYjeqNM,UWSJuCAz,151.0
501,0,nrUfCQxz,xfYjeqNM,151.0
501,0,iBiVOFur,nrUfCQxz,123.0
501,0,UECnapuN,iBiVOFur,123.0
501,0,uVsOstge,UECnapuN,123.0
501,0,HTKZNJTs,uVsOstge,123.0
501,0,qvujbmjR,HTKZNJTs,123.0
501,0,REvIjxsO,qvujbmjR,123.0
501,0,CylWjYTC,REvIjxsO,123.0
501,0,yMiwNCtj,CylWjYTC,113.0
501,0,dulnZXnF,yMiwNCtj,113.0
501,0,RkIYOvZu,dulnZXnF,113.0
501,0,ygKQkAfU,RkIYOvZu,113.0
1745,0,AHQzSmld,CTeFabzs,1369.0
1745,0,UWSJuCAz,AHQzSmld,1369.0
1745,0,xfYjeqNM,UWSJuCAz,1365.0
1745,0,nrUfCQxz,xfYjeqNM,1365.0
1745,0,iBiVOFur,nrUfCQxz,1147.0
1745,0,niqrIlpR,iBiVOFur,1018.0
1745,0,uVsOstge,niqrIlpR,709.0
1745,0,HTKZNJTs,uVsOstge,677.0
1745,0,qvujbmjR,HTKZNJTs,660.0
1745,0,REvIjxsO,qvujbmjR,660.0
1745,0,CylWjYTC,REvIjxsO,660.0
1745,0,yMiwNCtj,CylWjYTC,575.0
1745,0,dulnZXnF,yMiwNCtj,575.0
1745,0,RkIYOvZu,dulnZXnF,575.0
1745,0,ygKQkAfU,RkIYOvZu,575.0
712,0,TcTonWJL,HJTsgSzj,1865.0
712,0,NJSgWoOc,TcTonWJL,1857.0
712,0,RIpTuvwk,NJSgWoOc,2651.0
712,0,ubzklVlS,RIpTuvwk,3405.0
597,0,HcOWfPMU,XaFkCXdj,760.0
1057,0,eIBTCCCb,gozRELiL,5.0
1057,0,rluMkzbt,rREIWzym,3.0
1057,0,oTXyBJNn,rluMkzbt,3.0
1057,0,AIvMrZbX,oTXyBJNn,3.0
1057,0,DFuWYygu,AIvMrZbX,3.0
1057,0,iKWaHdND,DFuWYygu,3.0
1057,0,sZMRTtVP,iKWaHdND,3.0
1057,0,gozRELiL,sZMRTtVP,3.0
1057,0,rREIWzym,TmbwpUyz,2.0
686,0,HkSXkIZj,womqVgRl,1030.0
686,0,gRVxNCAP,HkSXkIZj,985.0
686,0,FHkpxOov,gRVxNCAP,985.0
686,0,NJSgWoOc,FHkpxOov,298.0
1452,0,orpkgmYq,EPWXwPSq,6914.0
273,0,fkZFUNSd,TrOiZJox,2673.0
273,0,JYrrjUtU,fkZFUNSd,2673.0
273,0,cttUtMNm,JYrrjUtU,2673.0
273,0,wHfmVQMh,cttUtMNm,2641.0
273,0,mdGitRQe,wHfmVQMh,2186.0
273,0,RVGhYAxc,mdGitRQe,1947.0
626,0,DxyTpirl,XMFZXZdV,493.0
626,0,xvojPNrb,DxyTpirl,493.0
626,0,ZAfIffxq,xvojPNrb,493.0
966,0,DxyTpirl,XMFZXZdV,463.0
966,0,xvojPNrb,DxyTpirl,463.0
966,0,ZAfIffxq,xvojPNrb,463.0
625,0,XwjzzvVV,WgelRheP,430.0
625,0,exwEUcIO,XwjzzvVV,430.0
625,0,jisQZBDs,exwEUcIO,430.0
625,0,NcoWExwJ,jisQZBDs,414.0
625,0,hygBouPP,NcoWExwJ,414.0
625,0,iPzquFzR,hygBouPP,414.0
990,0,twlwLPZj,oXDhDxhT,4078.0
990,0,xfbmoJHP,twlwLPZj,4078.0
170,0,FCeDiZsN,CFztBFJQ,1198.0
595,0,twlwLPZj,cMdRoPmQ,413.0
595,0,NjRgIRup,twlwLPZj,204.0
1103,0,RtYHfABF,VniBJCzY,44.0
1103,0,JKycCNae,RtYHfABF,44.0
1103,0,cMdRoPmQ,JKycCNae,44.0
1103,0,twlwLPZj,cMdRoPmQ,44.0
1103,0,NjRgIRup,twlwLPZj,39.0
129,0,huecLIWR,aeqnymTn,1.0
129,0,ttuFHhig,huecLIWR,1.0
129,0,WjngiDTm,ttuFHhig,1.0
129,0,jEhGDfoN,WjngiDTm,1.0
129,0,hPntpWoI,jEhGDfoN,239.0
129,0,aLFpJPgR,hPntpWoI,395.0
129,0,cZLwCFQo,aLFpJPgR,399.0
129,0,rxrORjnb,cZLwCFQo,399.0
129,0,UVDfwOgc,rxrORjnb,396.0
129,0,HdBHspFM,UVDfwOgc,396.0
129,0,TJDsQDoO,HdBHspFM,392.0
129,0,yTictHOU,TJDsQDoO,392.0
129,0,sTaleXyI,yTictHOU,392.0
129,0,illGQStO,sTaleXyI,390.0
129,0,AUrIxxcC,illGQStO,390.0
129,0,zqZasXpA,AUrIxxcC,390.0
129,0,EYGEAZtD,zqZasXpA,390.0
129,0,AJLJQqsT,EYGEAZtD,390.0
129,0,NCSBLEus,AJLJQqsT,390.0
129,0,xfbmoJHP,NCSBLEus,353.0
122,0,MKKzwAOv,GEijdcGW,88.0
122,0,mhDCqtpx,MKKzwAOv,69.0
122,0,TJDsQDoO,mhDCqtpx,69.0
122,0,yTictHOU,TJDsQDoO,47.0
122,0,sTaleXyI,yTictHOU,47.0
122,0,illGQStO,sTaleXyI,43.0
122,0,AUrIxxcC,illGQStO,43.0
122,0,zqZasXpA,AUrIxxcC,41.0
122,0,EYGEAZtD,zqZasXpA,41.0
122,0,AJLJQqsT,EYGEAZtD,41.0
122,0,NCSBLEus,AJLJQqsT,36.0
122,0,xfbmoJHP,NCSBLEus,36.0
1053,0,hkXbXhZN,scqbdPBp,84.0
1053,0,TgpuXBqx,hkXbXhZN,84.0
1053,0,IyPglFnI,TgpuXBqx,105.0
1053,0,atGiINkp,IyPglFnI,105.0
1053,0,tFIeEodn,atGiINkp,105.0
1053,0,yeBNAVLu,tFIeEodn,105.0
1053,0,xokKvraT,yeBNAVLu,76.0
1053,0,HaSZVkzu,xokKvraT,76.0
1053,0,yjaYbUGq,HaSZVkzu,76.0
1053,0,LbyQgJih,yjaYbUGq,76.0
1053,0,FPXdCAOW,LbyQgJih,76.0
1053,0,ouHKxPGS,FPXdCAOW,76.0
1053,0,TimDJQqX,ouHKxPGS,74.0
1053,0,buoLtkoi,TimDJQqX,74.0
1053,0,NEOaVWFJ,buoLtkoi,74.0
1053,0,RBwynnQe,NEOaVWFJ,74.0
1053,0,EPmEpfWC,RBwynnQe,74.0
1053,0,xfbmoJHP,EPmEpfWC,74.0
924,0,HyvnzuHA,SJvhYGxR,1214.0
924,0,SJvhYGxR,HfcobGNa,1188.0
1176,0,PyfNKmSh,IAmXeTgg,167.0
924,0,EmJpSDwd,TExCPNxk,1190.0
924,0,jjHnlXVx,EmJpSDwd,1190.0
924,0,zmlEwfKx,jjHnlXVx,1190.0
924,0,BvLvsPYo,zmlEwfKx,1197.0
924,0,NcoKemSg,BvLvsPYo,1197.0
924,0,HfcobGNa,NcoKemSg,1197.0
924,0,BvinbONJ,FbaONibz,1098.0
924,0,GfvuifIZ,BvinbONJ,1155.0
924,0,TExCPNxk,GfvuifIZ,1155.0
858,0,YjKQPWoa,tUQXHMzJ,183.0
858,0,KAhfQHTl,YjKQPWoa,183.0
924,0,LpwxWatG,rwLqimtK,816.0
924,0,FbaONibz,LpwxWatG,816.0
858,0,tUQXHMzJ,VPnRvCbn,174.0
924,0,wuQzPlvL,FvRjKBvU,603.0
924,0,NacgxEEi,wuQzPlvL,603.0
924,0,ZbMvdFLw,NacgxEEi,603.0
924,0,JUGtNdnF,ZbMvdFLw,603.0
924,0,buTfkkhk,JUGtNdnF,603.0
924,0,rwLqimtK,buTfkkhk,791.0
121,0,MgfOYJbA,UCALextd,9.0
121,0,qIuTLVvj,MgfOYJbA,3.0
121,0,spmlaYUs,qIuTLVvj,3.0
121,0,qqDoWQdv,spmlaYUs,3.0
121,0,eymgjBxV,qqDoWQdv,3.0
121,0,EonJeQKz,eymgjBxV,3.0
121,0,vkWqgNph,EonJeQKz,3.0
121,0,nJRQzVZQ,vkWqgNph,3.0
121,0,xunvufHj,nJRQzVZQ,3.0
121,0,AhlYGwKp,xunvufHj,3.0
121,0,rxrORjnb,AhlYGwKp,3.0
121,0,UVDfwOgc,rxrORjnb,3.0
121,0,HdBHspFM,UVDfwOgc,3.0
121,0,TJDsQDoO,HdBHspFM,3.0
121,0,yTictHOU,TJDsQDoO,3.0
121,0,sTaleXyI,yTictHOU,3.0
121,0,illGQStO,sTaleXyI,2.0
121,0,AUrIxxcC,illGQStO,2.0
121,0,zqZasXpA,AUrIxxcC,2.0
121,0,EYGEAZtD,zqZasXpA,2.0
121,0,AJLJQqsT,EYGEAZtD,2.0
121,0,NCSBLEus,AJLJQqsT,2.0
121,0,xfbmoJHP,NCSBLEus,2.0
924,0,FvRjKBvU,TJeJnSDd,555.0
764,0,mgDGiHEE,pLpkESor,71.0
764,0,dQOncjgh,mgDGiHEE,47.0
764,0,QiaFfhxS,dQOncjgh,47.0
764,0,rilNZKmg,QiaFfhxS,47.0
764,0,MgfOYJbA,rilNZKmg,46.0
764,0,qIuTLVvj,MgfOYJbA,46.0
764,0,spmlaYUs,qIuTLVvj,44.0
764,0,qqDoWQdv,spmlaYUs,44.0
764,0,eymgjBxV,qqDoWQdv,44.0
764,0,EonJeQKz,eymgjBxV,42.0
764,0,vkWqgNph,EonJeQKz,42.0
764,0,nJRQzVZQ,vkWqgNph,42.0
764,0,xunvufHj,nJRQzVZQ,33.0
764,0,rxrORjnb,xunvufHj,33.0
764,0,UVDfwOgc,rxrORjnb,33.0
764,0,TJDsQDoO,UVDfwOgc,33.0
764,0,yTictHOU,TJDsQDoO,33.0
764,0,sTaleXyI,yTictHOU,33.0
764,0,illGQStO,sTaleXyI,33.0
764,0,AUrIxxcC,illGQStO,33.0
764,0,zqZasXpA,AUrIxxcC,33.0
764,0,EYGEAZtD,zqZasXpA,33.0
764,0,AJLJQqsT,EYGEAZtD,33.0
764,0,NCSBLEus,AJLJQqsT,33.0
764,0,xfbmoJHP,NCSBLEus,33.0
912,0,Erqjkxzk,KKHFrKGl,217.0
912,0,ltPLChrK,Erqjkxzk,217.0
912,0,FwvYcAgk,ltPLChrK,217.0
913,0,DXDxufRt,sqkVVOFh,314.0
913,0,rnnOUpAJ,DXDxufRt,323.0
913,0,NKETZQBF,rnnOUpAJ,323.0
913,0,BcAnDlhE,NKETZQBF,323.0
913,0,gOHjFflk,BcAnDlhE,337.0
913,0,SteiLorf,gOHjFflk,341.0
913,0,NbdCRqNf,SteiLorf,342.0
913,0,smhnGuEj,NbdCRqNf,342.0
913,0,yrrrlzqi,smhnGuEj,342.0
913,0,GUgiDKEG,yrrrlzqi,342.0
913,0,IsszqyIy,GUgiDKEG,342.0
913,0,wBOkqIeG,IsszqyIy,359.0
913,0,hnwTnEQV,wBOkqIeG,377.0
913,0,IKquIbHX,hnwTnEQV,377.0
913,0,oGdoEyKI,IKquIbHX,377.0
913,0,ehvgRqdw,oGdoEyKI,377.0
913,0,WoPCDSeI,ehvgRqdw,445.0
913,0,KKHFrKGl,WoPCDSeI,445.0
913,0,ltPLChrK,KKHFrKGl,383.0
913,0,FwvYcAgk,ltPLChrK,383.0
913,0,mgDGiHEE,FwvYcAgk,383.0
913,0,dQOncjgh,mgDGiHEE,379.0
913,0,QiaFfhxS,dQOncjgh,379.0
913,0,rilNZKmg,QiaFfhxS,379.0
913,0,MgfOYJbA,rilNZKmg,379.0
913,0,qIuTLVvj,MgfOYJbA,379.0
913,0,spmlaYUs,qIuTLVvj,362.0
913,0,qqDoWQdv,spmlaYUs,362.0
913,0,eymgjBxV,qqDoWQdv,259.0
913,0,EonJeQKz,eymgjBxV,259.0
913,0,vkWqgNph,EonJeQKz,259.0
913,0,nJRQzVZQ,vkWqgNph,259.0
913,0,xunvufHj,nJRQzVZQ,256.0
913,0,rxrORjnb,xunvufHj,256.0
913,0,UVDfwOgc,rxrORjnb,256.0
913,0,TJDsQDoO,UVDfwOgc,256.0
913,0,yTictHOU,TJDsQDoO,255.0
913,0,sTaleXyI,yTictHOU,255.0
913,0,illGQStO,sTaleXyI,255.0
913,0,AUrIxxcC,illGQStO,255.0
913,0,zqZasXpA,AUrIxxcC,255.0
913,0,EYGEAZtD,zqZasXpA,255.0
913,0,AJLJQqsT,EYGEAZtD,255.0
913,0,NCSBLEus,AJLJQqsT,255.0
913,0,xfbmoJHP,NCSBLEus,236.0
764,0,bSXtWlOz,MbBQjXCf,38.0
764,0,aviECmtd,bSXtWlOz,63.0
764,0,LMgpokYk,aviECmtd,63.0
764,0,vafAyuvT,LMgpokYk,63.0
764,0,lPyqbuiQ,vafAyuvT,63.0
764,0,uAaGlvRh,lPyqbuiQ,63.0
764,0,GWRhXmMO,uAaGlvRh,63.0
764,0,pLpkESor,GWRhXmMO,63.0
1118,0,yMrMMnQF,hUQezMGZ,14.0
1118,0,MrQhdzGM,yMrMMnQF,14.0
1118,0,HsmdKMgN,MrQhdzGM,14.0
1118,0,NJsqxdTd,HsmdKMgN,14.0
1118,0,hfbFGrBz,NJsqxdTd,14.0
1118,0,YtTJoBxm,hfbFGrBz,14.0
1118,0,AlpXiRiW,YtTJoBxm,14.0
1118,0,cyLrdsLq,AlpXiRiW,4.0
1118,0,pVHZNTmW,cyLrdsLq,4.0
1118,0,qLlyWzVq,pVHZNTmW,4.0
1118,0,lGJIVvqE,qLlyWzVq,4.0
1118,0,CkiKkxJQ,lGJIVvqE,4.0
1118,0,BmBzVYhd,CkiKkxJQ,4.0
1118,0,DDFCohxX,BmBzVYhd,4.0
1118,0,NfMyQHAw,DDFCohxX,4.0
1118,0,UlmLxwtK,NfMyQHAw,4.0
1118,0,nLuZmKFz,UlmLxwtK,4.0
1118,0,rxrORjnb,nLuZmKFz,4.0
1118,0,yTictHOU,rxrORjnb,4.0
1118,0,sTaleXyI,yTictHOU,4.0
1118,0,illGQStO,sTaleXyI,4.0
1118,0,zqZasXpA,illGQStO,4.0
1118,0,AJLJQqsT,zqZasXpA,4.0
1118,0,NCSBLEus,AJLJQqsT,3.0
1118,0,xfbmoJHP,NCSBLEus,2.0
994,0,hMBIVszx,BWKNZpmt,1569.0
994,0,JgVaSAtG,hMBIVszx,1569.0
562,0,saVSzyYs,TEuwlied,200.0
562,0,gzkuviLm,saVSzyYs,200.0
562,0,CkzMckPC,gzkuviLm,200.0
562,0,WywmvGMH,CkzMckPC,200.0
562,0,AesbwnPs,WywmvGMH,200.0
562,0,hzAARBgX,AesbwnPs,200.0
562,0,IjDfGHsr,hzAARBgX,200.0
562,0,TFRpjaAo,IjDfGHsr,200.0
562,0,JhdinCeD,TFRpjaAo,200.0
562,0,ZIieNEvD,JhdinCeD,200.0
562,0,jvLymITs,ZIieNEvD,200.0
562,0,jJVVpGMf,jvLymITs,194.0
562,0,tcYerYbk,jJVVpGMf,194.0
562,0,pPKqPUVW,tcYerYbk,194.0
562,0,iYTiOTOT,pPKqPUVW,194.0
562,0,dLtneiKf,iYTiOTOT,194.0
562,0,slfxTuih,dLtneiKf,194.0
562,0,XFPAZveS,slfxTuih,194.0
562,0,ojqTFFWy,XFPAZveS,180.0
1184,0,FkPbDkgy,eoIplMjv,127.0
1184,0,kVWIKiQU,FkPbDkgy,122.0
1184,0,apXGdFyI,kVWIKiQU,1.0
1184,0,RmlHIOuG,apXGdFyI,1.0
1184,0,lyEmHaNr,RmlHIOuG,1.0
1184,0,wzWDodFe,lyEmHaNr,1.0
1184,0,siPRjksc,wzWDodFe,1.0
1184,0,GIlSPhwi,siPRjksc,1.0
1184,0,ZPJGdbAJ,GIlSPhwi,1.0
1184,0,xfbmoJHP,ZPJGdbAJ,1.0
1176,0,tHYrXQBJ,DsTGnVil,949.0
1176,0,cIVzRhGw,tHYrXQBJ,949.0
1176,0,fxlmulxX,cIVzRhGw,949.0
1176,0,NPkfSYbt,fxlmulxX,949.0
1176,0,TCQmGnBb,IzKulrBJ,870.0
1176,0,JJzKKoaf,TCQmGnBb,870.0
1176,0,DsTGnVil,JJzKKoaf,1010.0
1111,0,fwlhPJed,ApUtMocY,387.0
1111,0,KGmhUhiY,fwlhPJed,387.0
1111,0,yMrMMnQF,KGmhUhiY,387.0
1111,0,dlQsfdCi,yMrMMnQF,387.0
1111,0,HsmdKMgN,dlQsfdCi,387.0
1111,0,cWOjTgHp,HsmdKMgN,387.0
1111,0,NJsqxdTd,cWOjTgHp,387.0
1111,0,hfbFGrBz,NJsqxdTd,387.0
1111,0,YtTJoBxm,hfbFGrBz,387.0
1111,0,AlpXiRiW,YtTJoBxm,387.0
1111,0,cyLrdsLq,AlpXiRiW,227.0
1111,0,pVHZNTmW,cyLrdsLq,225.0
1111,0,qLlyWzVq,pVHZNTmW,225.0
1111,0,lGJIVvqE,qLlyWzVq,225.0
1111,0,CkiKkxJQ,lGJIVvqE,212.0
1111,0,AdloNpXg,CkiKkxJQ,210.0
1111,0,BmBzVYhd,AdloNpXg,210.0
1111,0,YcVwXeam,BmBzVYhd,200.0
1111,0,DDFCohxX,YcVwXeam,200.0
1111,0,NfMyQHAw,DDFCohxX,200.0
1111,0,PfZAlPvE,NfMyQHAw,188.0
1111,0,UlmLxwtK,PfZAlPvE,188.0
1111,0,nLuZmKFz,UlmLxwtK,180.0
1111,0,nJRQzVZQ,nLuZmKFz,180.0
1111,0,rxrORjnb,nJRQzVZQ,161.0
1111,0,TJDsQDoO,rxrORjnb,159.0
1111,0,yTictHOU,TJDsQDoO,159.0
1111,0,illGQStO,yTictHOU,158.0
1111,0,zqZasXpA,illGQStO,156.0
1111,0,AJLJQqsT,zqZasXpA,156.0
1111,0,NCSBLEus,AJLJQqsT,152.0
1111,0,xfbmoJHP,NCSBLEus,114.0
1111,0,ApUtMocY,IypCuTzh,408.0
1111,0,IypCuTzh,bqxardHa,371.0
619,0,WGEhEMgb,ldInPGbn,281.0
619,0,WblAIghg,WGEhEMgb,281.0
619,0,yXfOYhmg,WblAIghg,281.0
619,0,cHOtlpNd,yXfOYhmg,281.0
619,0,bDgEiJAh,cHOtlpNd,281.0
619,0,HYSXwpsm,bDgEiJAh,281.0
619,0,MAxpakLW,HYSXwpsm,281.0
619,0,iTmItNpT,MAxpakLW,281.0
619,0,ijmqRmKp,iTmItNpT,283.0
619,0,eDjMEvVD,ijmqRmKp,285.0
619,0,EsrGPUnZ,eDjMEvVD,288.0
619,0,pobpsCoK,EsrGPUnZ,288.0
619,0,FzyHNJLL,pobpsCoK,301.0
619,0,HdLAxGDi,FzyHNJLL,301.0
966,0,MBttAlCW,ZAfIffxq,436.0
616,0,OyNIynZV,DYKvrufv,201.0
616,0,ydoNqUsu,OyNIynZV,201.0
616,0,eOdwAkBF,ydoNqUsu,477.0
616,0,FDCDnriY,eOdwAkBF,477.0
616,0,DCdKJxNH,FDCDnriY,477.0
616,0,DsuTXcIa,DCdKJxNH,421.0
616,0,bgWfLree,DsuTXcIa,725.0
616,0,nUYnioIh,bgWfLree,725.0
616,0,UAkhVpHN,nUYnioIh,725.0
616,0,mVhkAqwx,UAkhVpHN,725.0
1054,0,TjHiuybL,lxkWqJCv,281.0
1054,0,rGxpSglN,TjHiuybL,281.0
1054,0,Rpsmzdru,rGxpSglN,270.0
1054,0,rluMkzbt,Rpsmzdru,270.0
1054,0,oTXyBJNn,rluMkzbt,248.0
1054,0,AIvMrZbX,oTXyBJNn,245.0
1054,0,DFuWYygu,AIvMrZbX,245.0
1054,0,iKWaHdND,DFuWYygu,245.0
1054,0,sZMRTtVP,iKWaHdND,245.0
1054,0,INegqJKU,sZMRTtVP,245.0
619,0,gozRELiL,HdLAxGDi,303.0
123,0,rluMkzbt,rREIWzym,43.0
123,0,oTXyBJNn,rluMkzbt,43.0
123,0,AIvMrZbX,oTXyBJNn,43.0
123,0,DFuWYygu,AIvMrZbX,43.0
123,0,iKWaHdND,DFuWYygu,43.0
123,0,sZMRTtVP,iKWaHdND,43.0
123,0,INegqJKU,sZMRTtVP,43.0
123,0,rREIWzym,TmbwpUyz,54.0
123,0,CxeJhmQn,PcvuCqyL,45.0
123,0,TmbwpUyz,CxeJhmQn,45.0
123,0,CfDISmMN,RqCzrtQl,30.0
123,0,CtzBEXfZ,CfDISmMN,30.0
123,0,RpAFtJSl,CtzBEXfZ,31.0
123,0,PcvuCqyL,RpAFtJSl,31.0
619,0,OoNwiPDT,gmiMCrrb,278.0
619,0,ftvNhZKM,OoNwiPDT,278.0
619,0,KLTxOJqh,ftvNhZKM,278.0
619,0,VLKPcfHc,KLTxOJqh,278.0
619,0,idAQxYim,VLKPcfHc,278.0
619,0,ldInPGbn,idAQxYim,279.0
619,0,eIBTCCCb,gozRELiL,295.0
1058,0,AGDZrVfo,HcOWfPMU,163.0
1063,0,ygaPVVOX,NjRgIRup,2315.0
1063,0,SgmzKmGa,ygaPVVOX,2322.0
1063,0,oaiHprKy,SgmzKmGa,2324.0
1063,0,EKGAgXOm,oaiHprKy,2324.0
1063,0,RqCzrtQl,EKGAgXOm,2324.0
1063,0,CfDISmMN,RqCzrtQl,2327.0
1063,0,RpAFtJSl,CfDISmMN,2327.0
1063,0,PcvuCqyL,RpAFtJSl,2329.0
1063,0,CxeJhmQn,PcvuCqyL,2355.0
1063,0,TmbwpUyz,CxeJhmQn,2355.0
1063,0,rREIWzym,TmbwpUyz,2357.0
1063,0,rluMkzbt,rREIWzym,2357.0
1063,0,oTXyBJNn,rluMkzbt,2359.0
1063,0,AIvMrZbX,oTXyBJNn,2359.0
1063,0,DFuWYygu,AIvMrZbX,2359.0
1063,0,iKWaHdND,DFuWYygu,2359.0
1063,0,sZMRTtVP,iKWaHdND,2359.0
1063,0,gozRELiL,sZMRTtVP,2359.0
1063,0,eIBTCCCb,gozRELiL,2374.0
1063,0,HEshVETB,XiRzIewe,1.0
1063,0,WKWTpoqQ,HEshVETB,1.0
1063,0,WlkKexEs,WKWTpoqQ,1.0
1063,0,MyzUerZz,WlkKexEs,1026.0
1063,0,hTBkjNzq,MyzUerZz,1766.0
1063,0,aCcokpIU,hTBkjNzq,2160.0
1063,0,IWuAfYeM,aCcokpIU,2160.0
1063,0,AKEMZMhk,IWuAfYeM,2160.0
1063,0,oXDhDxhT,AKEMZMhk,2160.0
1063,0,twlwLPZj,oXDhDxhT,2160.0
1063,0,NjRgIRup,twlwLPZj,2160.0
1059,0,TsaeiIGv,EkWBPXmr,17.0
1059,0,OsBkWRQx,TsaeiIGv,204.0
1059,0,udlIzhJE,OsBkWRQx,204.0
1059,0,DeduXMzE,udlIzhJE,333.0
1059,0,GXHjZCTL,DeduXMzE,333.0
1059,0,yolIeCeg,GXHjZCTL,333.0
1059,0,ozAxYCwR,yolIeCeg,333.0
1059,0,qdrjbHYS,ozAxYCwR,333.0
1059,0,AKdDiXyV,qdrjbHYS,360.0
1059,0,gRuqifBH,AKdDiXyV,361.0
1059,0,kZdBhxvo,gRuqifBH,378.0
1059,0,ZBkAAevT,kZdBhxvo,378.0
1059,0,cMinRgYB,ZBkAAevT,378.0
1059,0,LRmPOeoe,cMinRgYB,378.0
1059,0,tBNXSyMW,LRmPOeoe,378.0
1059,0,ArHpJhVJ,tBNXSyMW,378.0
1059,0,tWpVdCtj,ArHpJhVJ,379.0
1059,0,EdJUuxct,tWpVdCtj,379.0
1059,0,gmiMCrrb,EdJUuxct,379.0
1059,0,DzkWADkh,gmiMCrrb,411.0
1059,0,MjMnNBLG,DzkWADkh,411.0
1059,0,XiRzIewe,MjMnNBLG,411.0
1059,0,HEshVETB,XiRzIewe,429.0
1059,0,WKWTpoqQ,HEshVETB,429.0
1059,0,WlkKexEs,WKWTpoqQ,430.0
1059,0,MyzUerZz,WlkKexEs,430.0
1059,0,hTBkjNzq,MyzUerZz,430.0
1059,0,aCcokpIU,hTBkjNzq,430.0
1059,0,IWuAfYeM,aCcokpIU,456.0
1059,0,AKEMZMhk,IWuAfYeM,456.0
1059,0,oXDhDxhT,AKEMZMhk,456.0
1059,0,twlwLPZj,oXDhDxhT,466.0
1059,0,NjRgIRup,twlwLPZj,466.0
1059,0,ygaPVVOX,NjRgIRup,292.0
1059,0,SgmzKmGa,ygaPVVOX,245.0
922,0,ygaPVVOX,NjRgIRup,3274.0
922,0,SgmzKmGa,ygaPVVOX,3276.0
916,0,CyecXZGv,cTiyrkFA,43.0
916,0,czDOARXC,CyecXZGv,221.0
916,0,MjfuEiNR,czDOARXC,221.0
916,0,sdZgyTvj,MjfuEiNR,221.0
916,0,vcrPzYoe,sdZgyTvj,221.0
916,0,umgwnivO,vcrPzYoe,221.0
916,0,TuCFhCoF,umgwnivO,236.0
916,0,NnDAWHCn,TuCFhCoF,236.0
916,0,Kssiavoh,NnDAWHCn,239.0
916,0,pAoOtqpU,Kssiavoh,239.0
916,0,iKWenAnt,pAoOtqpU,239.0
916,0,oSDoGnju,iKWenAnt,238.0
916,0,efsWTgFW,oSDoGnju,243.0
916,0,csuoPXTA,efsWTgFW,243.0
916,0,NOXvlGiG,csuoPXTA,243.0
916,0,WoPCDSeI,NOXvlGiG,243.0
916,0,ZVaoBYIn,WoPCDSeI,243.0
916,0,KKHFrKGl,ZVaoBYIn,243.0
916,0,Erqjkxzk,KKHFrKGl,214.0
916,0,ltPLChrK,Erqjkxzk,214.0
916,0,FwvYcAgk,ltPLChrK,214.0
916,0,mgDGiHEE,FwvYcAgk,214.0
916,0,dQOncjgh,mgDGiHEE,213.0
916,0,QiaFfhxS,dQOncjgh,213.0
916,0,rilNZKmg,QiaFfhxS,213.0
916,0,MgfOYJbA,rilNZKmg,212.0
916,0,qIuTLVvj,MgfOYJbA,212.0
916,0,spmlaYUs,qIuTLVvj,212.0
916,0,qqDoWQdv,spmlaYUs,212.0
916,0,eymgjBxV,qqDoWQdv,199.0
916,0,EonJeQKz,eymgjBxV,199.0
916,0,vkWqgNph,EonJeQKz,199.0
916,0,nJRQzVZQ,vkWqgNph,199.0
916,0,xunvufHj,nJRQzVZQ,198.0
916,0,rxrORjnb,xunvufHj,198.0
916,0,UVDfwOgc,rxrORjnb,198.0
916,0,TJDsQDoO,UVDfwOgc,198.0
916,0,yTictHOU,TJDsQDoO,198.0
916,0,sTaleXyI,yTictHOU,198.0
916,0,illGQStO,sTaleXyI,198.0
916,0,AUrIxxcC,illGQStO,198.0
916,0,zqZasXpA,AUrIxxcC,198.0
916,0,EYGEAZtD,zqZasXpA,198.0
916,0,AJLJQqsT,EYGEAZtD,198.0
235,0,fkZFUNSd,jFmPCmzM,5799.0
235,0,JYrrjUtU,fkZFUNSd,5799.0
235,0,cttUtMNm,JYrrjUtU,5799.0
235,0,wHfmVQMh,cttUtMNm,5839.0
235,0,mdGitRQe,wHfmVQMh,5488.0
235,0,SOBUilCD,mdGitRQe,4400.0
235,0,RVGhYAxc,SOBUilCD,4400.0
619,0,IWkYeNgA,eIBTCCCb,274.0
1063,0,IWkYeNgA,eIBTCCCb,2212.0
729,0,sceVWPKZ,dvaPHMux,1.0
729,0,NqSePdAx,sceVWPKZ,1.0
729,0,YxYhlArE,NqSePdAx,7.0
729,0,sAswhpJr,YxYhlArE,7.0
729,0,VyHGAkTo,sAswhpJr,7.0
729,0,RrhmmPMm,VyHGAkTo,7.0
729,0,XeefDCzo,RrhmmPMm,11.0
729,0,UDPMiWKD,XeefDCzo,11.0
729,0,ypjNmqeK,UDPMiWKD,11.0
729,0,EsTStEav,ypjNmqeK,11.0
750,0,eViNbjWB,MtbBZIqI,151.0
730,0,isMwZYXy,qAUjPEMf,2.0
730,0,SogEaGxk,isMwZYXy,2.0
730,0,lCifaItn,SogEaGxk,2.0
730,0,dFlAswnV,lCifaItn,2.0
730,0,pjTBCsVx,dFlAswnV,2.0
730,0,XMFZXZdV,pjTBCsVx,2.0
730,0,DxyTpirl,XMFZXZdV,2.0
730,0,xvojPNrb,DxyTpirl,2.0
730,0,ZAfIffxq,xvojPNrb,2.0
730,0,MBttAlCW,ZAfIffxq,2.0
730,0,XCXPEDQh,MBttAlCW,2.0
730,0,FXyPWyvF,XCXPEDQh,2.0
730,0,vjmwMJTT,FXyPWyvF,2.0
730,0,IsTbDzyj,vjmwMJTT,18.0
730,0,zyATMMRX,IsTbDzyj,23.0
730,0,XJpVddlh,zyATMMRX,23.0
910,0,zyATMMRX,yDCZcPdO,10.0
910,0,XJpVddlh,zyATMMRX,10.0
984,0,RLMiJrFV,JtZjSNXW,1631.0
984,0,cYArvsJE,RLMiJrFV,1631.0
984,0,EeAWpikH,cYArvsJE,1631.0
984,0,rrYLcPKJ,EeAWpikH,1631.0
984,0,IbNLqAKw,rrYLcPKJ,1631.0
619,0,TsaeiIGv,EkWBPXmr,2.0
619,0,OsBkWRQx,TsaeiIGv,4.0
619,0,udlIzhJE,OsBkWRQx,70.0
619,0,DeduXMzE,udlIzhJE,70.0
619,0,GXHjZCTL,DeduXMzE,70.0
619,0,yolIeCeg,GXHjZCTL,70.0
619,0,ozAxYCwR,yolIeCeg,70.0
619,0,qdrjbHYS,ozAxYCwR,70.0
619,0,AKdDiXyV,qdrjbHYS,269.0
619,0,gRuqifBH,AKdDiXyV,269.0
619,0,kZdBhxvo,gRuqifBH,269.0
619,0,ZBkAAevT,kZdBhxvo,269.0
619,0,cMinRgYB,ZBkAAevT,269.0
619,0,LRmPOeoe,cMinRgYB,269.0
619,0,tBNXSyMW,LRmPOeoe,269.0
619,0,ArHpJhVJ,tBNXSyMW,269.0
619,0,tWpVdCtj,ArHpJhVJ,269.0
619,0,EdJUuxct,tWpVdCtj,269.0
619,0,gmiMCrrb,EdJUuxct,269.0
619,0,dbNaZeWx,IWkYeNgA,271.0
1063,0,dbNaZeWx,IWkYeNgA,2190.0
1048,0,awOEKaEj,qdrjbHYS,26.0
1048,0,gRuqifBH,awOEKaEj,26.0
1048,0,kZdBhxvo,gRuqifBH,34.0
1048,0,ZBkAAevT,kZdBhxvo,89.0
1048,0,cMinRgYB,ZBkAAevT,89.0
1048,0,LRmPOeoe,cMinRgYB,89.0
1048,0,tBNXSyMW,LRmPOeoe,89.0
1048,0,ArHpJhVJ,tBNXSyMW,89.0
1048,0,tWpVdCtj,ArHpJhVJ,91.0
1048,0,EdJUuxct,tWpVdCtj,91.0
1048,0,gmiMCrrb,EdJUuxct,91.0
1048,0,DzkWADkh,gmiMCrrb,119.0
1048,0,MjMnNBLG,DzkWADkh,119.0
1048,0,XiRzIewe,MjMnNBLG,119.0
1048,0,HEshVETB,XiRzIewe,136.0
1048,0,WKWTpoqQ,HEshVETB,136.0
1048,0,WlkKexEs,WKWTpoqQ,136.0
1048,0,MyzUerZz,WlkKexEs,151.0
1048,0,hTBkjNzq,MyzUerZz,210.0
1048,0,aCcokpIU,hTBkjNzq,245.0
1048,0,IWuAfYeM,aCcokpIU,248.0
1048,0,AKEMZMhk,IWuAfYeM,248.0
1048,0,oXDhDxhT,AKEMZMhk,249.0
1048,0,twlwLPZj,oXDhDxhT,257.0
1048,0,NjRgIRup,twlwLPZj,257.0
1048,0,ygaPVVOX,NjRgIRup,464.0
1048,0,SgmzKmGa,ygaPVVOX,466.0
1048,0,oaiHprKy,SgmzKmGa,501.0
1048,0,EKGAgXOm,oaiHprKy,501.0
1048,0,RqCzrtQl,EKGAgXOm,501.0
1048,0,CfDISmMN,RqCzrtQl,501.0
1048,0,hSpdOQMh,CfDISmMN,851.0
297,0,RLMiJrFV,JtZjSNXW,130.0
297,0,cYArvsJE,RLMiJrFV,130.0
297,0,EeAWpikH,cYArvsJE,130.0
297,0,rrYLcPKJ,EeAWpikH,130.0
297,0,IbNLqAKw,rrYLcPKJ,130.0
173,0,RLMiJrFV,JtZjSNXW,284.0
173,0,cYArvsJE,RLMiJrFV,284.0
173,0,EeAWpikH,cYArvsJE,284.0
173,0,rrYLcPKJ,EeAWpikH,284.0
173,0,IbNLqAKw,rrYLcPKJ,284.0
730,0,CkgzgDTz,XJpVddlh,4.0
730,0,AaOxIRuX,CkgzgDTz,11.0
730,0,mOxeJcai,AaOxIRuX,11.0
730,0,IbNLqAKw,mOxeJcai,11.0
684,0,KTHxRvtW,GhNbXpjs,1215.0
684,0,gRVxNCAP,KTHxRvtW,1300.0
684,0,FHkpxOov,gRVxNCAP,1300.0
711,0,AszcEtOu,BpAiVnps,868.0
711,0,TcEVvOUM,AszcEtOu,1643.0
780,0,lhSIyIfw,OeZVKJdr,2620.0
736,0,XLVjRryq,NxbXiMUL,7406.0
736,0,RVEyrwjR,XLVjRryq,7592.0
736,0,vDFCntfg,YvwuVYMF,6035.0
736,0,iEKDTvNf,vDFCntfg,6046.0
736,0,MyGqmywG,iEKDTvNf,6046.0
821,0,xbhuXgnr,JGydtICe,15.0
821,0,zjGRmLyo,xbhuXgnr,15.0
821,0,EXTmTMKf,zjGRmLyo,15.0
821,0,yfIoPTHo,EXTmTMKf,13.0
821,0,GnOurcjN,yfIoPTHo,13.0
821,0,vHkAlmCm,GnOurcjN,12.0
821,0,WynPMslR,vHkAlmCm,12.0
821,0,jQaLNViL,WynPMslR,12.0
821,0,RfEbENxd,jQaLNViL,10.0
821,0,uxsctOEt,RfEbENxd,10.0
1048,0,rluMkzbt,hSpdOQMh,4.0
1059,0,oaiHprKy,SgmzKmGa,163.0
1059,0,EKGAgXOm,oaiHprKy,163.0
1059,0,RqCzrtQl,EKGAgXOm,163.0
1059,0,CfDISmMN,RqCzrtQl,163.0
922,0,oaiHprKy,SgmzKmGa,3218.0
922,0,EKGAgXOm,oaiHprKy,3218.0
922,0,RqCzrtQl,EKGAgXOm,3218.0
922,0,CfDISmMN,RqCzrtQl,3195.0
128,0,ygaPVVOX,NjRgIRup,130.0
128,0,SgmzKmGa,ygaPVVOX,130.0
128,0,oaiHprKy,SgmzKmGa,130.0
128,0,EKGAgXOm,oaiHprKy,130.0
128,0,RqCzrtQl,EKGAgXOm,130.0
128,0,CfDISmMN,RqCzrtQl,130.0
128,0,CtzBEXfZ,CfDISmMN,130.0
128,0,RpAFtJSl,CtzBEXfZ,130.0
128,0,PcvuCqyL,RpAFtJSl,130.0
128,0,ItWJsmqN,PcvuCqyL,130.0
128,0,QOMpmplr,ItWJsmqN,130.0
128,0,HNejbQWJ,QOMpmplr,130.0
128,0,dQfoCLXo,HNejbQWJ,130.0
128,0,TatGKSDD,dQfoCLXo,138.0
128,0,tDDYXOza,TatGKSDD,138.0
128,0,LdNZcaVd,tDDYXOza,2.0
128,0,XgeKmxEU,LdNZcaVd,2.0
128,0,ASAgeGQh,XgeKmxEU,2.0
128,0,vQqKfyzC,ASAgeGQh,2.0
128,0,RgDNNvUZ,vQqKfyzC,2.0
1054,0,gjxAdJvF,INegqJKU,154.0
1054,0,glTmyjXZ,gjxAdJvF,154.0
1054,0,TMphlUsu,glTmyjXZ,154.0
1054,0,xKAfsjzf,TMphlUsu,154.0
922,0,CtzBEXfZ,CfDISmMN,3291.0
1059,0,RpAFtJSl,CfDISmMN,157.0
122,0,xokKvraT,yeBNAVLu,36.0
122,0,HaSZVkzu,xokKvraT,36.0
122,0,yjaYbUGq,HaSZVkzu,36.0
122,0,LbyQgJih,yjaYbUGq,36.0
122,0,FPXdCAOW,LbyQgJih,36.0
122,0,ouHKxPGS,FPXdCAOW,36.0
122,0,GEijdcGW,ouHKxPGS,36.0
984,0,UxEHDofF,IbNLqAKw,1419.0
984,0,KORPbuyR,UxEHDofF,1419.0
984,0,JfIhOMTg,KORPbuyR,1419.0
984,0,JdJprycd,JfIhOMTg,1419.0
297,0,UxEHDofF,IbNLqAKw,100.0
297,0,KORPbuyR,UxEHDofF,100.0
297,0,JfIhOMTg,KORPbuyR,100.0
297,0,JdJprycd,JfIhOMTg,100.0
173,0,UxEHDofF,IbNLqAKw,222.0
173,0,KORPbuyR,UxEHDofF,222.0
173,0,JfIhOMTg,KORPbuyR,222.0
173,0,JdJprycd,JfIhOMTg,222.0
1119,0,LggmrEeo,qrudAScT,181.0
1087,0,JYjcxadu,tKHOTHLP,261.0
1087,0,dIzWcSEA,JYjcxadu,261.0
1087,0,YIEuAZyW,dIzWcSEA,237.0
1087,0,iIARpDWU,YIEuAZyW,237.0
1087,0,BDmybVdG,iIARpDWU,79.0
750,0,rDmQAEpc,BDmybVdG,148.0
750,0,sKXIofXa,rDmQAEpc,148.0
750,0,MtbBZIqI,sKXIofXa,148.0
123,0,ygaPVVOX,NjRgIRup,19.0
123,0,SgmzKmGa,ygaPVVOX,19.0
123,0,oaiHprKy,SgmzKmGa,22.0
123,0,EKGAgXOm,oaiHprKy,22.0
123,0,RqCzrtQl,EKGAgXOm,22.0
122,0,hkXbXhZN,scqbdPBp,1.0
122,0,TgpuXBqx,hkXbXhZN,1.0
122,0,IyPglFnI,TgpuXBqx,2.0
122,0,atGiINkp,IyPglFnI,2.0
122,0,tFIeEodn,atGiINkp,2.0
122,0,yeBNAVLu,tFIeEodn,2.0
123,0,TcEVvOUM,AszcEtOu,2.0
123,0,qGnNRXVR,TcEVvOUM,2.0
123,0,ouPwTbuD,qGnNRXVR,2.0
123,0,MwLdaJul,ouPwTbuD,2.0
123,0,QUMnpJQp,MwLdaJul,3.0
123,0,FyIjwLBj,QUMnpJQp,3.0
123,0,vXPGJwVk,FyIjwLBj,3.0
123,0,qzuHypgA,vXPGJwVk,3.0
123,0,KCMgfriT,qzuHypgA,4.0
123,0,hVMLOzME,KCMgfriT,4.0
123,0,TDvESTZN,hVMLOzME,4.0
123,0,WlkKexEs,TDvESTZN,4.0
123,0,MyzUerZz,WlkKexEs,4.0
123,0,hTBkjNzq,MyzUerZz,4.0
123,0,aCcokpIU,hTBkjNzq,4.0
123,0,IWuAfYeM,aCcokpIU,4.0
123,0,AKEMZMhk,IWuAfYeM,4.0
123,0,oXDhDxhT,AKEMZMhk,4.0
123,0,twlwLPZj,oXDhDxhT,4.0
123,0,NjRgIRup,twlwLPZj,4.0
123,0,AszcEtOu,BpAiVnps,1.0
1058,0,INegqJKU,AGDZrVfo,62.0
1058,0,xokKvraT,INegqJKU,31.0
1058,0,HaSZVkzu,xokKvraT,31.0
1058,0,yjaYbUGq,HaSZVkzu,31.0
1058,0,LbyQgJih,yjaYbUGq,31.0
1058,0,FPXdCAOW,LbyQgJih,31.0
1058,0,ouHKxPGS,FPXdCAOW,31.0
1058,0,GEijdcGW,ouHKxPGS,31.0
1058,0,MKKzwAOv,GEijdcGW,31.0
922,0,RpAFtJSl,CtzBEXfZ,3024.0
922,0,PcvuCqyL,RpAFtJSl,3086.0
1059,0,PcvuCqyL,RpAFtJSl,78.0
1054,0,ngHNiWhD,xKAfsjzf,133.0
1054,0,ZcBdJkwp,ngHNiWhD,133.0
123,0,gjxAdJvF,INegqJKU,3.0
123,0,glTmyjXZ,gjxAdJvF,3.0
123,0,TMphlUsu,glTmyjXZ,3.0
123,0,xKAfsjzf,TMphlUsu,3.0
123,0,ngHNiWhD,xKAfsjzf,1.0
123,0,ZcBdJkwp,ngHNiWhD,1.0
1672,0,frLbpljr,GwjQuetc,31.0
1672,0,FPjpeXlp,frLbpljr,31.0
1672,0,vXwparSo,FPjpeXlp,25.0
1672,0,izsRTGJN,vXwparSo,5.0
1672,0,CAuqyjUy,izsRTGJN,5.0
1672,0,cIVzRhGw,CAuqyjUy,5.0
1672,0,fxlmulxX,cIVzRhGw,5.0
1672,0,NPkfSYbt,fxlmulxX,5.0
1672,0,VWFAQayS,NPkfSYbt,5.0
1659,0,juEdhOMs,vfRjIFnr,191.0
1659,0,ocUywYfN,juEdhOMs,191.0
1659,0,cPMyJryL,ocUywYfN,191.0
1659,0,eiOwifcC,cPMyJryL,191.0
1059,0,ItWJsmqN,PcvuCqyL,76.0
922,0,ItWJsmqN,PcvuCqyL,2962.0
984,0,kIKddsaQ,JdJprycd,1341.0
984,0,eJBRTpyb,kIKddsaQ,1341.0
984,0,dvaPHMux,eJBRTpyb,1341.0
297,0,eJBRTpyb,JdJprycd,81.0
297,0,dvaPHMux,eJBRTpyb,81.0
173,0,eJBRTpyb,JdJprycd,194.0
173,0,dvaPHMux,eJBRTpyb,194.0
730,0,UxEHDofF,IbNLqAKw,9.0
730,0,KORPbuyR,UxEHDofF,9.0
730,0,JfIhOMTg,KORPbuyR,9.0
730,0,JdJprycd,JfIhOMTg,9.0
730,0,eJBRTpyb,JdJprycd,9.0
730,0,dvaPHMux,eJBRTpyb,9.0
919,0,dQfoCLXo,HNejbQWJ,67.0
919,0,NJLhSMnp,dQfoCLXo,67.0
919,0,vitXJVTB,NJLhSMnp,67.0
919,0,DPEjcwqA,vitXJVTB,67.0
919,0,AKFNXFCk,DPEjcwqA,67.0
919,0,HIkBoDID,AKFNXFCk,67.0
919,0,uKNLSXwU,HIkBoDID,68.0
919,0,QpjbbNqd,uKNLSXwU,68.0
919,0,qHHrAclK,QpjbbNqd,68.0
919,0,Jrutayet,qHHrAclK,68.0
916,0,FgmIokcD,VNhVtVFP,30.0
916,0,gcIdZvqz,FgmIokcD,34.0
916,0,PRSWWHtT,gcIdZvqz,34.0
916,0,cTiyrkFA,PRSWWHtT,34.0
1067,0,ygaPVVOX,NjRgIRup,1704.0
1067,0,SgmzKmGa,ygaPVVOX,1704.0
1067,0,EKGAgXOm,SgmzKmGa,1708.0
1067,0,CfDISmMN,EKGAgXOm,1708.0
1067,0,PcvuCqyL,CfDISmMN,1713.0
1067,0,QOMpmplr,PcvuCqyL,1713.0
1067,0,HNejbQWJ,QOMpmplr,1716.0
1067,0,UoWNmGnJ,HNejbQWJ,1839.0
1067,0,TatGKSDD,UoWNmGnJ,1839.0
1067,0,OsBkWRQx,TsaeiIGv,66.0
1067,0,TlwaKrQx,OsBkWRQx,66.0
1067,0,udlIzhJE,TlwaKrQx,66.0
1067,0,DeduXMzE,udlIzhJE,72.0
1067,0,GXHjZCTL,DeduXMzE,72.0
1067,0,yolIeCeg,GXHjZCTL,72.0
1067,0,ozAxYCwR,yolIeCeg,72.0
1067,0,qdrjbHYS,ozAxYCwR,72.0
1067,0,AKdDiXyV,qdrjbHYS,89.0
1067,0,gRuqifBH,AKdDiXyV,293.0
1067,0,kZdBhxvo,gRuqifBH,293.0
1067,0,ZBkAAevT,kZdBhxvo,293.0
1067,0,cMinRgYB,ZBkAAevT,293.0
1067,0,LRmPOeoe,cMinRgYB,293.0
1067,0,tBNXSyMW,LRmPOeoe,293.0
1067,0,ArHpJhVJ,tBNXSyMW,294.0
1067,0,tWpVdCtj,ArHpJhVJ,294.0
1067,0,gmiMCrrb,tWpVdCtj,294.0
1067,0,DzkWADkh,gmiMCrrb,314.0
1067,0,MjMnNBLG,DzkWADkh,323.0
1067,0,udKeccMr,MjMnNBLG,335.0
1067,0,HEshVETB,udKeccMr,335.0
1067,0,WKWTpoqQ,HEshVETB,335.0
1067,0,WlkKexEs,WKWTpoqQ,437.0
1067,0,MyzUerZz,WlkKexEs,541.0
1067,0,aCcokpIU,MyzUerZz,1196.0
1067,0,IWuAfYeM,aCcokpIU,1419.0
1067,0,AKEMZMhk,IWuAfYeM,1419.0
1067,0,oXDhDxhT,AKEMZMhk,1419.0
1067,0,twlwLPZj,oXDhDxhT,1419.0
1067,0,NjRgIRup,twlwLPZj,1626.0
1047,0,gIrHwcsI,ouHKxPGS,6.0
916,0,NCSBLEus,AJLJQqsT,197.0
932,0,qeXIqBgp,DMAMxgNC,1290.0
1317,0,pPqywgRl,yprCGtVa,1987.0
1317,0,SJHseTdc,pPqywgRl,1910.0
1317,0,HGjkimBc,SJHseTdc,1909.0
1317,0,IubGYoNi,HGjkimBc,2314.0
1317,0,fmQEzQWV,IubGYoNi,2551.0
1317,0,BpAiVnps,fmQEzQWV,2821.0
1317,0,AszcEtOu,BpAiVnps,2716.0
1189,0,hPbxQISN,jnDfAorM,1426.0
1349,0,cSSpAgNQ,WUuNWUBH,265.0
1349,0,ChOayZDF,cSSpAgNQ,265.0
1349,0,MCXOFAcE,ChOayZDF,265.0
1349,0,CrEPfbyi,MCXOFAcE,265.0
1349,0,GrmAtQAi,CrEPfbyi,265.0
1349,0,iLbIERty,GrmAtQAi,265.0
1349,0,TPvicaCo,iLbIERty,268.0
1349,0,kzVeZOug,TPvicaCo,268.0
1349,0,mxGSpCzE,kzVeZOug,268.0
1349,0,WlZgmutc,mxGSpCzE,268.0
1349,0,acVCzwtl,WlZgmutc,268.0
1076,0,XDHbYGPc,hPGLMLbU,1299.0
1076,0,qRqIHRjS,XDHbYGPc,1298.0
1076,0,QFkvaGqn,qRqIHRjS,1285.0
1076,0,NxijJQZJ,QFkvaGqn,1285.0
1076,0,zWZbZUaa,NxijJQZJ,1254.0
1128,0,JYjcxadu,tKHOTHLP,416.0
1128,0,dIzWcSEA,JYjcxadu,416.0
1128,0,YIEuAZyW,dIzWcSEA,390.0
1128,0,iIARpDWU,YIEuAZyW,390.0
1128,0,BDmybVdG,iIARpDWU,15.0
1066,0,ygaPVVOX,NjRgIRup,458.0
1066,0,SgmzKmGa,ygaPVVOX,458.0
1066,0,oaiHprKy,SgmzKmGa,466.0
1066,0,EKGAgXOm,oaiHprKy,466.0
1066,0,RqCzrtQl,EKGAgXOm,466.0
1066,0,CfDISmMN,RqCzrtQl,466.0
1066,0,RpAFtJSl,CfDISmMN,509.0
1066,0,PcvuCqyL,RpAFtJSl,511.0
1066,0,QOMpmplr,PcvuCqyL,511.0
1066,0,HNejbQWJ,QOMpmplr,514.0
1066,0,NIAyNhca,HNejbQWJ,517.0
1066,0,hTBkjNzq,MyzUerZz,320.0
1066,0,aCcokpIU,hTBkjNzq,427.0
1066,0,IWuAfYeM,aCcokpIU,427.0
1066,0,AKEMZMhk,IWuAfYeM,427.0
1066,0,oXDhDxhT,AKEMZMhk,427.0
1066,0,twlwLPZj,oXDhDxhT,427.0
1066,0,NjRgIRup,twlwLPZj,427.0
1066,0,MyzUerZz,WlkKexEs,147.0
1067,0,LdNZcaVd,TatGKSDD,1825.0
1067,0,XgeKmxEU,LdNZcaVd,3.0
1066,0,ZBkAAevT,kZdBhxvo,11.0
1066,0,cMinRgYB,ZBkAAevT,11.0
1066,0,LRmPOeoe,cMinRgYB,11.0
1066,0,tBNXSyMW,LRmPOeoe,11.0
1066,0,ArHpJhVJ,tBNXSyMW,11.0
1066,0,tWpVdCtj,ArHpJhVJ,11.0
1066,0,EdJUuxct,tWpVdCtj,11.0
1066,0,gmiMCrrb,EdJUuxct,11.0
1066,0,DzkWADkh,gmiMCrrb,14.0
1066,0,MjMnNBLG,DzkWADkh,14.0
1066,0,XiRzIewe,MjMnNBLG,14.0
1066,0,HEshVETB,XiRzIewe,14.0
1066,0,WKWTpoqQ,HEshVETB,14.0
1066,0,WlkKexEs,WKWTpoqQ,14.0
1066,0,fxsyxfZK,NIAyNhca,498.0
1066,0,OsBkWRQx,TsaeiIGv,1.0
1066,0,udlIzhJE,OsBkWRQx,1.0
1066,0,DeduXMzE,udlIzhJE,3.0
1066,0,GXHjZCTL,DeduXMzE,3.0
1066,0,yolIeCeg,GXHjZCTL,3.0
1066,0,ozAxYCwR,yolIeCeg,3.0
1066,0,qdrjbHYS,ozAxYCwR,3.0
1066,0,AKdDiXyV,qdrjbHYS,10.0
1066,0,kZdBhxvo,AKdDiXyV,10.0
1072,0,DzkWADkh,gmiMCrrb,401.0
1072,0,MjMnNBLG,DzkWADkh,401.0
1072,0,XiRzIewe,MjMnNBLG,401.0
1072,0,HEshVETB,XiRzIewe,439.0
1072,0,WKWTpoqQ,HEshVETB,439.0
1072,0,WlkKexEs,WKWTpoqQ,470.0
1072,0,MyzUerZz,WlkKexEs,743.0
1072,0,hTBkjNzq,MyzUerZz,914.0
1072,0,aCcokpIU,hTBkjNzq,995.0
1072,0,IWuAfYeM,aCcokpIU,998.0
1072,0,AKEMZMhk,IWuAfYeM,998.0
1072,0,oXDhDxhT,AKEMZMhk,998.0
1072,0,twlwLPZj,oXDhDxhT,1002.0
1072,0,NjRgIRup,twlwLPZj,1009.0
1072,0,ygaPVVOX,NjRgIRup,1837.0
1072,0,SgmzKmGa,ygaPVVOX,1837.0
1072,0,oaiHprKy,SgmzKmGa,1874.0
1072,0,EKGAgXOm,oaiHprKy,1874.0
1072,0,RqCzrtQl,EKGAgXOm,1874.0
1072,0,CfDISmMN,RqCzrtQl,1874.0
1072,0,RpAFtJSl,CfDISmMN,1960.0
1072,0,PcvuCqyL,RpAFtJSl,1965.0
1072,0,QOMpmplr,PcvuCqyL,1966.0
1072,0,HNejbQWJ,QOMpmplr,2014.0
1072,0,dQfoCLXo,HNejbQWJ,2019.0
1072,0,NJLhSMnp,dQfoCLXo,2019.0
922,0,QOMpmplr,ItWJsmqN,2779.0
922,0,HNejbQWJ,QOMpmplr,2779.0
922,0,dQfoCLXo,HNejbQWJ,2884.0
922,0,NJLhSMnp,dQfoCLXo,2884.0
1345,0,XiLvnZTk,leVkrEcC,271.0
1119,0,VQfPRvUw,qGgPbtbT,14.0
1119,0,VCGhveHG,VQfPRvUw,14.0
1119,0,WQdyWhSR,VCGhveHG,14.0
1119,0,vCGIyJLJ,WQdyWhSR,14.0
1119,0,xuEvBBdE,vCGIyJLJ,18.0
1119,0,rAizOLWV,xuEvBBdE,18.0
1119,0,JdZarNsv,rAizOLWV,18.0
1119,0,NmilzqZp,JdZarNsv,18.0
1119,0,TCMQvOqy,NmilzqZp,18.0
1119,0,JyqrAKLu,TCMQvOqy,38.0
1119,0,XxhwFmzZ,JyqrAKLu,38.0
1119,0,QZgueNIh,XxhwFmzZ,38.0
1119,0,JFVlrPHE,QZgueNIh,46.0
1119,0,cpLivUai,JFVlrPHE,46.0
1119,0,fKUdbDza,cpLivUai,46.0
1119,0,DATqCMmz,fKUdbDza,57.0
1119,0,ILgjTtXh,DATqCMmz,57.0
1119,0,SUgOBtjk,ILgjTtXh,71.0
1119,0,gACwumWT,SUgOBtjk,71.0
1119,0,JtZjSNXW,gACwumWT,71.0
1119,0,RLMiJrFV,JtZjSNXW,101.0
1119,0,cYArvsJE,RLMiJrFV,101.0
1119,0,EeAWpikH,cYArvsJE,101.0
1119,0,rrYLcPKJ,EeAWpikH,101.0
1119,0,IbNLqAKw,rrYLcPKJ,101.0
1119,0,UxEHDofF,IbNLqAKw,133.0
1119,0,KORPbuyR,UxEHDofF,133.0
1119,0,JfIhOMTg,KORPbuyR,133.0
1119,0,JdJprycd,JfIhOMTg,133.0
1119,0,xjJdOfLG,JdJprycd,154.0
1119,0,QQHZGEng,xjJdOfLG,154.0
1119,0,EFaiAjAK,QQHZGEng,154.0
1119,0,eUBMdtJg,EFaiAjAK,169.0
920,0,jqOOThyw,dvaPHMux,89.0
920,0,aUsRFqQV,jqOOThyw,89.0
920,0,TGiiAnII,aUsRFqQV,89.0
920,0,tIkiTaAn,TGiiAnII,89.0
920,0,WmxXwpoc,tIkiTaAn,89.0
919,0,ygaPVVOX,NjRgIRup,7.0
919,0,SgmzKmGa,ygaPVVOX,7.0
919,0,oaiHprKy,SgmzKmGa,7.0
919,0,EKGAgXOm,oaiHprKy,7.0
919,0,RqCzrtQl,EKGAgXOm,7.0
919,0,CfDISmMN,RqCzrtQl,7.0
919,0,CtzBEXfZ,CfDISmMN,7.0
919,0,RpAFtJSl,CtzBEXfZ,7.0
919,0,PcvuCqyL,RpAFtJSl,7.0
919,0,QOMpmplr,PcvuCqyL,7.0
919,0,HNejbQWJ,QOMpmplr,7.0
1059,0,QOMpmplr,ItWJsmqN,3.0
1059,0,HNejbQWJ,QOMpmplr,3.0
909,0,bCbInHHL,mXosqjnx,37.0
909,0,crypOuMD,bCbInHHL,37.0
909,0,yTOnYgGF,EsTStEav,29.0
909,0,mXosqjnx,yTOnYgGF,29.0
909,0,XeefDCzo,IbNLqAKw,9.0
909,0,UDPMiWKD,XeefDCzo,9.0
909,0,ypjNmqeK,UDPMiWKD,9.0
909,0,EsTStEav,ypjNmqeK,9.0
751,0,dfrJZjmW,NjRgIRup,1642.0
751,0,AFcMAvOI,dfrJZjmW,1933.0
751,0,FltmFbyo,AFcMAvOI,1933.0
751,0,jUExBSiR,FltmFbyo,1323.0
751,0,vPrJwoLq,jUExBSiR,1323.0
751,0,aHDoehBY,vPrJwoLq,1323.0
751,0,WwbQwfXi,aHDoehBY,2131.0
1119,0,KvSvcvIL,LggmrEeo,178.0
1176,0,PNniCxAw,vacPrbQA,843.0
1176,0,aZaGhhAB,PNniCxAw,928.0
1176,0,CVcknAiw,aZaGhhAB,928.0
1176,0,uGkwFELU,CVcknAiw,928.0
1176,0,IzKulrBJ,uGkwFELU,928.0
1087,0,vCtwKmtA,hGRIMrVW,230.0
1087,0,wFiJapOA,vCtwKmtA,230.0
1087,0,HHbKiMPc,wFiJapOA,230.0
1072,0,awOEKaEj,qdrjbHYS,213.0
1072,0,kZdBhxvo,awOEKaEj,213.0
1072,0,ZBkAAevT,kZdBhxvo,244.0
1072,0,cMinRgYB,ZBkAAevT,244.0
1072,0,LRmPOeoe,cMinRgYB,244.0
1072,0,tBNXSyMW,LRmPOeoe,244.0
1072,0,ArHpJhVJ,tBNXSyMW,257.0
1072,0,tWpVdCtj,ArHpJhVJ,264.0
1072,0,EdJUuxct,tWpVdCtj,264.0
1072,0,gmiMCrrb,EdJUuxct,264.0
1072,0,lyEtzViy,NJLhSMnp,2284.0
1072,0,uVrlMgNx,lyEtzViy,2266.0
909,0,uNHtUGfb,crypOuMD,29.0
909,0,JyqrAKLu,TCMQvOqy,6.0
909,0,XxhwFmzZ,JyqrAKLu,6.0
909,0,QZgueNIh,XxhwFmzZ,6.0
909,0,JFVlrPHE,QZgueNIh,6.0
909,0,cpLivUai,JFVlrPHE,6.0
909,0,fKUdbDza,cpLivUai,6.0
909,0,DATqCMmz,fKUdbDza,6.0
909,0,ILgjTtXh,DATqCMmz,6.0
909,0,SUgOBtjk,ILgjTtXh,6.0
909,0,JtZjSNXW,SUgOBtjk,6.0
909,0,RLMiJrFV,JtZjSNXW,6.0
909,0,cYArvsJE,RLMiJrFV,6.0
909,0,EeAWpikH,cYArvsJE,6.0
909,0,rrYLcPKJ,EeAWpikH,6.0
909,0,IbNLqAKw,rrYLcPKJ,6.0
909,0,vOivHtRX,uNHtUGfb,15.0
922,0,vitXJVTB,NJLhSMnp,2837.0
922,0,DPEjcwqA,vitXJVTB,2837.0
922,0,AKFNXFCk,DPEjcwqA,2837.0
858,0,TEpDjcLc,AlpXiRiW,169.0
858,0,PORiPCGC,TEpDjcLc,169.0
858,0,VPnRvCbn,PORiPCGC,169.0
1072,0,ZsNhjIbg,uVrlMgNx,2310.0
1072,0,GhOGJPtU,ZsNhjIbg,2310.0
773,0,AlpXiRiW,ESCCbptK,2.0
773,0,cyLrdsLq,AlpXiRiW,2.0
773,0,pVHZNTmW,cyLrdsLq,2.0
773,0,qLlyWzVq,pVHZNTmW,2.0
773,0,lGJIVvqE,qLlyWzVq,2.0
773,0,CkiKkxJQ,lGJIVvqE,2.0
773,0,AdloNpXg,CkiKkxJQ,2.0
773,0,BmBzVYhd,AdloNpXg,2.0
773,0,YcVwXeam,BmBzVYhd,2.0
773,0,DDFCohxX,YcVwXeam,2.0
773,0,NfMyQHAw,DDFCohxX,2.0
1067,0,TsaeiIGv,EkWBPXmr,28.0
1068,0,ttuFHhig,scqbdPBp,33.0
1068,0,WjngiDTm,ttuFHhig,33.0
1068,0,jEhGDfoN,WjngiDTm,33.0
1226,0,JLvNOQnl,NmRushck,10794.0
1226,0,BGChynOq,JLvNOQnl,11003.0
1226,0,ffHVhHJj,BGChynOq,10556.0
1226,0,itmFNPnQ,ffHVhHJj,10556.0
1226,0,jVOVHrFU,itmFNPnQ,10556.0
1591,0,urhYpysk,TGjXCzny,588.0
1591,0,eYYHcaFH,urhYpysk,603.0
1591,0,aGRhAFxn,eYYHcaFH,603.0
1591,0,YzXnYVPd,aGRhAFxn,161.0
1591,0,TEKQTTfp,YzXnYVPd,141.0
922,0,HIkBoDID,AKFNXFCk,2757.0
922,0,uKNLSXwU,HIkBoDID,2932.0
922,0,QpjbbNqd,uKNLSXwU,2932.0
922,0,qHHrAclK,QpjbbNqd,2932.0
922,0,Jrutayet,qHHrAclK,2932.0
1058,0,mhDCqtpx,MKKzwAOv,25.0
1058,0,TJDsQDoO,mhDCqtpx,25.0
1119,0,QjcDKOzv,eUBMdtJg,151.0
1119,0,RUTwxhGS,QjcDKOzv,151.0
1119,0,uCoCFrtM,RUTwxhGS,151.0
1119,0,QzziCuGD,uCoCFrtM,151.0
1119,0,WmKWqOVN,QzziCuGD,151.0
1119,0,QBspXqKX,WmKWqOVN,151.0
1119,0,qYzIAyEg,QBspXqKX,151.0
1119,0,ZdKqQSZH,qYzIAyEg,151.0
1119,0,mSHqQduu,ZdKqQSZH,151.0
1119,0,MuzbvXqA,mSHqQduu,151.0
1119,0,qrudAScT,MuzbvXqA,167.0
920,0,SkzmPMHG,WmxXwpoc,78.0
920,0,MmDOtEna,SkzmPMHG,78.0
920,0,ZCeMNbFi,MmDOtEna,78.0
920,0,PBIThtAQ,ZCeMNbFi,85.0
920,0,iAuWJytQ,PBIThtAQ,85.0
920,0,RqKQqVrZ,iAuWJytQ,85.0
920,0,HyvnzuHA,RqKQqVrZ,85.0
920,0,TNTzUMyF,HyvnzuHA,7.0
920,0,avRuCqLk,TNTzUMyF,7.0
920,0,wIAALBva,avRuCqLk,7.0
920,0,nxBXRnVc,wIAALBva,7.0
920,0,sXWHYDNZ,nxBXRnVc,7.0
920,0,VKAAZZOV,sXWHYDNZ,7.0
922,0,UosQUisT,Jrutayet,1948.0
922,0,FQOgjaka,UosQUisT,1948.0
725,0,YmkUpvHU,qKeCDDXI,3004.0
725,0,WOOyqinT,YmkUpvHU,2942.0
725,0,mnkgCFDT,WOOyqinT,2357.0
856,0,ygaPVVOX,NjRgIRup,820.0
856,0,SgmzKmGa,ygaPVVOX,820.0
856,0,oaiHprKy,SgmzKmGa,838.0
856,0,EKGAgXOm,oaiHprKy,838.0
856,0,RqCzrtQl,EKGAgXOm,838.0
856,0,CfDISmMN,RqCzrtQl,838.0
856,0,CtzBEXfZ,CfDISmMN,850.0
856,0,RpAFtJSl,CtzBEXfZ,856.0
856,0,PcvuCqyL,RpAFtJSl,856.0
856,0,QOMpmplr,PcvuCqyL,857.0
856,0,HNejbQWJ,QOMpmplr,869.0
856,0,dQfoCLXo,HNejbQWJ,869.0
856,0,NJLhSMnp,dQfoCLXo,869.0
856,0,vitXJVTB,NJLhSMnp,896.0
856,0,DPEjcwqA,vitXJVTB,896.0
856,0,AKFNXFCk,DPEjcwqA,896.0
856,0,HIkBoDID,AKFNXFCk,909.0
856,0,FBcFacnd,HIkBoDID,961.0
856,0,URVlPKPB,FBcFacnd,961.0
856,0,dROKJpRC,URVlPKPB,967.0
856,0,UNRVYnCk,dROKJpRC,967.0
856,0,rvjuJASP,UNRVYnCk,516.0
856,0,BLgEghTV,rvjuJASP,516.0
856,0,EnXcRLvh,BLgEghTV,516.0
856,0,snhIMWCK,EnXcRLvh,437.0
856,0,oKUAvFAb,snhIMWCK,437.0
860,0,DJFnuQGw,KAhfQHTl,2.0
860,0,jkZnMKOY,DJFnuQGw,2.0
1072,0,WOuDNhbw,GhOGJPtU,2245.0
1072,0,oWUXSqrA,WOuDNhbw,2245.0
1072,0,CYkmgDbv,oWUXSqrA,2245.0
128,0,TCqyxHhF,AszcEtOu,5.0
128,0,TcEVvOUM,TCqyxHhF,5.0
128,0,qGnNRXVR,TcEVvOUM,5.0
128,0,ouPwTbuD,qGnNRXVR,5.0
128,0,MwLdaJul,ouPwTbuD,5.0
128,0,QUMnpJQp,MwLdaJul,5.0
128,0,FyIjwLBj,QUMnpJQp,5.0
128,0,vXPGJwVk,FyIjwLBj,5.0
128,0,qzuHypgA,vXPGJwVk,5.0
128,0,KCMgfriT,qzuHypgA,5.0
128,0,hVMLOzME,KCMgfriT,5.0
128,0,TDvESTZN,hVMLOzME,5.0
128,0,WlkKexEs,TDvESTZN,5.0
128,0,MyzUerZz,WlkKexEs,5.0
128,0,hTBkjNzq,MyzUerZz,5.0
128,0,aCcokpIU,hTBkjNzq,42.0
128,0,IWuAfYeM,aCcokpIU,42.0
128,0,AKEMZMhk,IWuAfYeM,42.0
128,0,oXDhDxhT,AKEMZMhk,42.0
128,0,twlwLPZj,oXDhDxhT,42.0
128,0,NjRgIRup,twlwLPZj,42.0
922,0,URvEqJxF,FQOgjaka,1846.0
922,0,JalqBTeK,URvEqJxF,1846.0
922,0,UAwQbGIv,JalqBTeK,1846.0
922,0,HyvnzuHA,UAwQbGIv,1846.0
910,0,CkgzgDTz,XJpVddlh,1.0
910,0,AaOxIRuX,CkgzgDTz,1.0
910,0,mOxeJcai,AaOxIRuX,1.0
910,0,RrhmmPMm,mOxeJcai,1.0
929,0,ymMHSssn,wSxpBpYI,16.0
926,0,jjHnlXVx,UXYZCAgB,11.0
926,0,zmlEwfKx,jjHnlXVx,11.0
926,0,BvLvsPYo,zmlEwfKx,11.0
926,0,NcoKemSg,BvLvsPYo,11.0
926,0,HfcobGNa,NcoKemSg,11.0
926,0,SJvhYGxR,HfcobGNa,11.0
926,0,HyvnzuHA,SJvhYGxR,9.0
926,0,JmVfbKXA,eebyhqqT,6.0
926,0,noGdINij,JmVfbKXA,9.0
926,0,UXYZCAgB,noGdINij,9.0
1226,0,NmRushck,xMwzCIXQ,10605.0
947,0,hyEIkJeA,UvujAAYC,39.0
947,0,jadHWhqA,hyEIkJeA,39.0
947,0,oMurZdLt,jadHWhqA,39.0
947,0,KTeKlEmN,oMurZdLt,39.0
947,0,cRNMfSEx,KTeKlEmN,39.0
947,0,UhRSkRXw,cRNMfSEx,58.0
1681,0,UuoajKVN,fdwfslrS,138.0
1681,0,tmPrLnhA,UuoajKVN,138.0
1681,0,KHybvzQw,tmPrLnhA,138.0
1681,0,WywmvGMH,KHybvzQw,122.0
1681,0,AesbwnPs,WywmvGMH,119.0
1681,0,hzAARBgX,AesbwnPs,119.0
1681,0,IjDfGHsr,hzAARBgX,118.0
1681,0,TFRpjaAo,IjDfGHsr,118.0
1681,0,JhdinCeD,TFRpjaAo,100.0
1681,0,ZIieNEvD,JhdinCeD,100.0
1681,0,jvLymITs,ZIieNEvD,100.0
1681,0,jJVVpGMf,jvLymITs,3.0
1681,0,tcYerYbk,jJVVpGMf,3.0
1681,0,pPKqPUVW,tcYerYbk,3.0
1681,0,iYTiOTOT,pPKqPUVW,3.0
1681,0,dLtneiKf,iYTiOTOT,3.0
1681,0,slfxTuih,dLtneiKf,3.0
1681,0,XFPAZveS,slfxTuih,3.0
1681,0,ojqTFFWy,XFPAZveS,3.0
903,0,eCAYEbtu,moYdstNu,87.0
903,0,ZXZRiXZk,eCAYEbtu,84.0
903,0,lHJswKjJ,ZXZRiXZk,102.0
903,0,mOIvxNWl,lHJswKjJ,102.0
903,0,knEDXVsi,mOIvxNWl,102.0
903,0,fwLjTwPH,knEDXVsi,102.0
903,0,pNPkNoga,fwLjTwPH,102.0
903,0,rhOosuOh,pNPkNoga,89.0
903,0,VKJFREzF,rhOosuOh,89.0
903,0,EvOnizWo,VKJFREzF,89.0
903,0,PjaElYBL,EvOnizWo,89.0
903,0,YvwuVYMF,PjaElYBL,89.0
400,0,PrbXVSIs,MEUYJwAC,3247.0
400,0,BaMKWhPW,PrbXVSIs,3043.0
400,0,UrOuumcZ,BaMKWhPW,3043.0
400,0,ykQYJtnJ,UrOuumcZ,3052.0
400,0,riNnsYaQ,ykQYJtnJ,3052.0
400,0,nfCzcTzh,riNnsYaQ,6370.0
922,0,DJxHBCmY,HyvnzuHA,848.0
930,0,dQfoCLXo,HNejbQWJ,15.0
930,0,NJLhSMnp,dQfoCLXo,15.0
930,0,vitXJVTB,NJLhSMnp,15.0
930,0,DPEjcwqA,vitXJVTB,15.0
930,0,AKFNXFCk,DPEjcwqA,15.0
930,0,HIkBoDID,AKFNXFCk,15.0
930,0,uKNLSXwU,HIkBoDID,22.0
930,0,QpjbbNqd,uKNLSXwU,22.0
930,0,qHHrAclK,QpjbbNqd,22.0
930,0,Jrutayet,qHHrAclK,22.0
930,0,UosQUisT,Jrutayet,22.0
930,0,FQOgjaka,UosQUisT,22.0
930,0,URvEqJxF,FQOgjaka,22.0
930,0,JalqBTeK,URvEqJxF,22.0
930,0,UAwQbGIv,JalqBTeK,22.0
930,0,HyvnzuHA,UAwQbGIv,22.0
930,0,BOfkKWXd,HyvnzuHA,41.0
930,0,ftNxmWZm,BOfkKWXd,54.0
930,0,yFvgNkDl,ftNxmWZm,54.0
930,0,lDGKQeaf,yFvgNkDl,54.0
930,0,wSxpBpYI,lDGKQeaf,19.0
922,0,UUpfieFN,DJxHBCmY,824.0
911,0,ygaPVVOX,NjRgIRup,718.0
911,0,SgmzKmGa,ygaPVVOX,718.0
911,0,oaiHprKy,SgmzKmGa,726.0
911,0,EKGAgXOm,oaiHprKy,726.0
911,0,RqCzrtQl,EKGAgXOm,726.0
911,0,CfDISmMN,RqCzrtQl,726.0
911,0,CtzBEXfZ,CfDISmMN,752.0
911,0,RpAFtJSl,CtzBEXfZ,759.0
911,0,PcvuCqyL,RpAFtJSl,759.0
911,0,QOMpmplr,PcvuCqyL,759.0
911,0,HNejbQWJ,QOMpmplr,774.0
911,0,dQfoCLXo,HNejbQWJ,774.0
911,0,NJLhSMnp,dQfoCLXo,774.0
911,0,vitXJVTB,NJLhSMnp,790.0
911,0,DPEjcwqA,vitXJVTB,790.0
911,0,AKFNXFCk,DPEjcwqA,790.0
911,0,HIkBoDID,AKFNXFCk,800.0
911,0,FBcFacnd,HIkBoDID,811.0
911,0,URVlPKPB,FBcFacnd,811.0
911,0,vpSWiOiP,URVlPKPB,913.0
911,0,BvsSDYgP,vpSWiOiP,919.0
911,0,aCcokpIU,hTBkjNzq,519.0
911,0,IWuAfYeM,aCcokpIU,519.0
911,0,AKEMZMhk,IWuAfYeM,519.0
911,0,oXDhDxhT,AKEMZMhk,519.0
911,0,twlwLPZj,oXDhDxhT,521.0
911,0,NjRgIRup,twlwLPZj,521.0
922,0,XHBoVocK,UUpfieFN,804.0
922,0,arebgYBg,XHBoVocK,804.0
922,0,TWTKfAgl,arebgYBg,804.0
922,0,BhcHYWlb,TWTKfAgl,795.0
922,0,zWmxGpLB,BhcHYWlb,795.0
922,0,JzAcwavY,zWmxGpLB,795.0
922,0,ZjbTkVDH,JzAcwavY,767.0
922,0,RLXxtVaJ,ZjbTkVDH,767.0
922,0,KvSvcvIL,RLXxtVaJ,722.0
911,0,hTBkjNzq,MyzUerZz,370.0
911,0,KVgMjZao,BvsSDYgP,937.0
911,0,rvGAYltM,KVgMjZao,937.0
911,0,kUJgeRIS,rvGAYltM,896.0
911,0,pfeYSjby,kUJgeRIS,633.0
911,0,MyzUerZz,WlkKexEs,27.0
920,0,Vtdujofe,VKAAZZOV,1.0
920,0,edTVGmZc,Vtdujofe,1.0
920,0,iqwCaPZT,edTVGmZc,1.0
920,0,qqDoWQdv,iqwCaPZT,1.0
930,0,ygaPVVOX,NjRgIRup,11.0
930,0,SgmzKmGa,ygaPVVOX,11.0
930,0,oaiHprKy,SgmzKmGa,11.0
930,0,EKGAgXOm,oaiHprKy,11.0
930,0,RqCzrtQl,EKGAgXOm,11.0
930,0,CfDISmMN,RqCzrtQl,11.0
930,0,CtzBEXfZ,CfDISmMN,11.0
930,0,RpAFtJSl,CtzBEXfZ,11.0
930,0,PcvuCqyL,RpAFtJSl,11.0
930,0,QOMpmplr,PcvuCqyL,12.0
930,0,HNejbQWJ,QOMpmplr,12.0
1141,0,UfJDroVz,lsFGVtlq,1237.0
1141,0,biJBLznK,UfJDroVz,1237.0
1141,0,TcsyXYNn,biJBLznK,1231.0
1141,0,qKeCDDXI,TcsyXYNn,1231.0
1141,0,YmkUpvHU,qKeCDDXI,1833.0
1141,0,GbYxEXTt,YmkUpvHU,968.0
1141,0,DOGyniWl,GbYxEXTt,417.0
1099,0,uaUalZjh,HXvpcqcH,649.0
1099,0,tZxKeFkh,uaUalZjh,649.0
1099,0,yOopALph,tZxKeFkh,441.0
1099,0,TBShKgjD,yOopALph,197.0
1099,0,aXWsLpyQ,TBShKgjD,197.0
1099,0,MwUoGUHv,aXWsLpyQ,184.0
1099,0,lndqhzzh,MwUoGUHv,184.0
1099,0,jOvjucEC,lndqhzzh,184.0
1099,0,HbaaqMIK,jOvjucEC,184.0
1099,0,SvkqEtGw,HbaaqMIK,182.0
1099,0,DKTMYVhM,SvkqEtGw,182.0
1099,0,fXFJjsZH,DKTMYVhM,156.0
1099,0,zKpOsJgw,fXFJjsZH,156.0
1099,0,ZFSCrBEp,zKpOsJgw,156.0
1099,0,PQuXHWcA,ZFSCrBEp,146.0
1099,0,XkkxwlXm,PQuXHWcA,146.0
1099,0,tcHYhVZo,XkkxwlXm,139.0
1099,0,OUTzwMHI,tcHYhVZo,139.0
1099,0,rGYrQqGa,OUTzwMHI,125.0
1099,0,QCBPrBCl,rGYrQqGa,125.0
1099,0,wDEypHfE,QCBPrBCl,116.0
1099,0,yTNmoAGc,wDEypHfE,116.0
1099,0,meZHMfSd,yTNmoAGc,107.0
1099,0,wGTdgRcU,meZHMfSd,107.0
1099,0,cQHgTjKq,wGTdgRcU,102.0
1099,0,ruogAkOJ,cQHgTjKq,102.0
1099,0,tndfGrTh,ruogAkOJ,102.0
1099,0,OdzEGWPG,tndfGrTh,102.0
1099,0,WUWIxCFc,OdzEGWPG,93.0
1099,0,gyQqEnFq,WUWIxCFc,93.0
1099,0,DUFShJgp,nsdRxeeS,480.0
1099,0,JgwwvaMP,DUFShJgp,480.0
1099,0,lBxutteT,JgwwvaMP,480.0
1099,0,KfdekYuk,lBxutteT,569.0
1099,0,qErQsNEG,KfdekYuk,569.0
1099,0,avVajdeO,qErQsNEG,569.0
1099,0,HXvpcqcH,avVajdeO,569.0
1099,0,ulxuvpsp,kGQEnBYZ,30.0
1099,0,fOMMjSqm,ulxuvpsp,30.0
1099,0,XnIbYwkm,fOMMjSqm,61.0
1099,0,RnuEqbUH,XnIbYwkm,178.0
1099,0,iiHDFBMi,RnuEqbUH,219.0
1099,0,oERWQcSy,iiHDFBMi,219.0
1099,0,nsdRxeeS,oERWQcSy,219.0
1331,0,GtMUYUwJ,MoCDatJm,978.0
1331,0,lQIpGOTn,GtMUYUwJ,924.0
1331,0,uhUmvvRs,lQIpGOTn,924.0
1331,0,plWWPiMc,uhUmvvRs,840.0
1331,0,HcPkwFHM,plWWPiMc,802.0
1331,0,KjuJaNsu,HcPkwFHM,802.0
1331,0,oNyGHMvy,KjuJaNsu,802.0
1331,0,QdnKSSsO,oNyGHMvy,795.0
1331,0,vSdfqYeK,QdnKSSsO,767.0
1331,0,wDpyEsxh,vSdfqYeK,727.0
1331,0,jIerKxIb,wDpyEsxh,727.0
1331,0,IubGYoNi,jIerKxIb,461.0
1331,0,fmQEzQWV,IubGYoNi,460.0
1331,0,BpAiVnps,fmQEzQWV,429.0
1174,0,QEnOoljA,ARQSeSoV,1654.0
1174,0,louTHuTF,jpQxXiev,804.0
1174,0,oVtKGSMs,louTHuTF,804.0
1174,0,kekwMubZ,oVtKGSMs,804.0
1174,0,xFzHIeRy,kekwMubZ,804.0
1174,0,qnfbEQfU,xFzHIeRy,778.0
1174,0,BGiGDHMe,qnfbEQfU,778.0
1174,0,VycUzKpr,BGiGDHMe,778.0
1174,0,ZzGQqLDR,VycUzKpr,804.0
1174,0,IlgMmocA,ZzGQqLDR,804.0
1174,0,ARQSeSoV,IlgMmocA,804.0
157,0,qGKRSiRy,zLLRyPMt,67.0
157,0,PayqNnwn,qGKRSiRy,67.0
157,0,xFzHIeRy,PayqNnwn,60.0
157,0,qnfbEQfU,xFzHIeRy,60.0
157,0,BGiGDHMe,qnfbEQfU,60.0
157,0,VycUzKpr,BGiGDHMe,60.0
157,0,ZzGQqLDR,VycUzKpr,60.0
157,0,IlgMmocA,ZzGQqLDR,60.0
157,0,ARQSeSoV,IlgMmocA,60.0
157,0,QEnOoljA,ARQSeSoV,49.0
1171,0,qGKRSiRy,nPcSKLPs,202.0
1171,0,PayqNnwn,qGKRSiRy,199.0
1171,0,xFzHIeRy,PayqNnwn,193.0
1171,0,qnfbEQfU,xFzHIeRy,193.0
1171,0,BGiGDHMe,qnfbEQfU,193.0
1171,0,VycUzKpr,BGiGDHMe,193.0
1171,0,ZzGQqLDR,VycUzKpr,193.0
1171,0,IlgMmocA,ZzGQqLDR,193.0
1171,0,ARQSeSoV,IlgMmocA,193.0
1171,0,QEnOoljA,ARQSeSoV,147.0
1171,0,BdHFoOCD,LXkzXiZv,84.0
1171,0,IWPekdjH,BdHFoOCD,109.0
1171,0,nPcSKLPs,IWPekdjH,109.0
860,0,tpbgDvvo,jkZnMKOY,2.0
860,0,qqDoWQdv,tpbgDvvo,2.0
1076,0,YjKQPWoa,tUQXHMzJ,361.0
1076,0,KAhfQHTl,YjKQPWoa,361.0
1076,0,tUQXHMzJ,VPnRvCbn,365.0
952,0,EEOGpCEL,gzTQJVMW,1669.0
952,0,OdbRrJhV,EEOGpCEL,1772.0
952,0,NSvMYbfW,OdbRrJhV,1772.0
952,0,qmRscxuH,NSvMYbfW,1772.0
952,0,zrVEttwl,qmRscxuH,759.0
952,0,KhQckqci,zrVEttwl,759.0
952,0,NkYJOxxA,KhQckqci,759.0
952,0,Phtvjmoj,NkYJOxxA,759.0
952,0,iRgZVaoH,Phtvjmoj,657.0
952,0,KbKyxild,iRgZVaoH,657.0
400,0,WQOJAyxG,KlSqKJQr,2598.0
400,0,ZcOxufIN,WQOJAyxG,2598.0
400,0,TqATzVvV,ZcOxufIN,2529.0
400,0,OTWTQCls,TqATzVvV,2453.0
400,0,MEUYJwAC,OTWTQCls,2592.0
1076,0,ZYiWVpjK,nfCzcTzh,1466.0
1076,0,qTvRhwtK,ZYiWVpjK,1458.0
1076,0,XQBvMmKm,qTvRhwtK,1458.0
1076,0,hPGLMLbU,XQBvMmKm,1021.0
1076,0,rYcBAOGh,Hjpeultj,890.0
1076,0,QHfelpAR,rYcBAOGh,872.0
1076,0,RapSzmXO,QHfelpAR,872.0
1076,0,euDckIMa,RapSzmXO,811.0
1076,0,lodnRGFY,euDckIMa,811.0
1076,0,lCGwWknx,lodnRGFY,811.0
1076,0,tZcBjHOF,lCGwWknx,800.0
1076,0,VfuMcuJJ,tZcBjHOF,800.0
1076,0,lnzZDlDL,VfuMcuJJ,800.0
1076,0,AlpXiRiW,lnzZDlDL,699.0
1076,0,TEpDjcLc,AlpXiRiW,412.0
1076,0,PORiPCGC,TEpDjcLc,412.0
1076,0,VPnRvCbn,PORiPCGC,412.0
541,0,xmGwLlME,oZJRchiN,108.0
541,0,KcBICYpI,xmGwLlME,108.0
541,0,XQiQvefE,KcBICYpI,108.0
541,0,eyUKPfnA,XQiQvefE,108.0
1076,0,WyfCQhSW,ogOCBKAf,676.0
1076,0,erxKyHjj,WyfCQhSW,700.0
1076,0,KjiBWoqR,erxKyHjj,700.0
1076,0,bYNwHuWo,KjiBWoqR,700.0
1076,0,MFfExqBx,bYNwHuWo,796.0
1076,0,qWvzRbGV,MFfExqBx,796.0
1076,0,PRzaSxQc,qWvzRbGV,796.0
1076,0,bfKiOFsS,PRzaSxQc,796.0
1076,0,eGbCulMV,bfKiOFsS,796.0
1076,0,CRVKBFrv,eGbCulMV,796.0
1076,0,zjOknQHK,CRVKBFrv,855.0
1076,0,FrKNovDQ,zjOknQHK,855.0
1076,0,nfCzcTzh,FrKNovDQ,855.0
1072,0,eypuAxqa,ORrZduNE,2086.0
1072,0,DSVnhmbs,eypuAxqa,2072.0
1072,0,hCKRONaA,DSVnhmbs,1625.0
1072,0,TGKbjQzH,hCKRONaA,1625.0
1072,0,RoreEsYU,TGKbjQzH,1625.0
1072,0,AlpXiRiW,RoreEsYU,1417.0
535,0,uzcbLUNR,GOFbtMrp,422.0
535,0,zezeKItL,uzcbLUNR,422.0
535,0,VpHOqNar,zezeKItL,422.0
535,0,vDTAjOOR,VpHOqNar,422.0
535,0,UDUmRzWP,vDTAjOOR,399.0
535,0,kVWwehGs,UDUmRzWP,399.0
535,0,ixhHdGBo,kVWwehGs,399.0
565,0,LDSuadxM,OhBAPvsb,314.0
565,0,LWMiptXI,adAJVrkD,281.0
565,0,IdjjXnkI,LWMiptXI,281.0
565,0,qQFDKzdu,IdjjXnkI,281.0
764,0,COEDLowM,hPReecFP,3.0
764,0,Auhwfubg,COEDLowM,3.0
764,0,MbBQjXCf,Auhwfubg,3.0
856,0,sWtYImJU,oKUAvFAb,209.0
856,0,momDhuqe,sWtYImJU,209.0
1075,0,sWtYImJU,oKUAvFAb,265.0
1075,0,momDhuqe,sWtYImJU,265.0
922,0,FHCcBeVW,KvSvcvIL,611.0
922,0,foRSymXv,FHCcBeVW,611.0
1119,0,FHCcBeVW,KvSvcvIL,56.0
1119,0,foRSymXv,FHCcBeVW,56.0
1119,0,IKnBBuIf,foRSymXv,52.0
922,0,IKnBBuIf,foRSymXv,588.0
913,0,mEqtlIiP,jZLvbydT,204.0
913,0,pNfwvVoI,mEqtlIiP,204.0
913,0,sqkVVOFh,pNfwvVoI,204.0
135,0,ZIzswYos,lyJEgbqI,41.0
135,0,SiNHgyIy,ZIzswYos,52.0
135,0,kUNGxXZI,SiNHgyIy,349.0
135,0,nVkihPOJ,kUNGxXZI,349.0
135,0,YvwuVYMF,nVkihPOJ,349.0
135,0,vDFCntfg,YvwuVYMF,115.0
135,0,iEKDTvNf,vDFCntfg,115.0
135,0,MyGqmywG,iEKDTvNf,115.0
135,0,NxbXiMUL,MyGqmywG,109.0
135,0,XLVjRryq,NxbXiMUL,103.0
135,0,gzTQJVMW,XLVjRryq,103.0
135,0,BLvXEzeq,gzTQJVMW,54.0
135,0,KgwKZlse,BLvXEzeq,54.0
135,0,AoRkaUmb,KgwKZlse,54.0
135,0,ALhaazBT,AoRkaUmb,54.0
135,0,YqlTLIQa,ALhaazBT,50.0
135,0,AUmOMGnp,YqlTLIQa,50.0
135,0,XFPAZveS,AUmOMGnp,49.0
135,0,ojqTFFWy,XFPAZveS,30.0
1072,0,ORrZduNE,CYkmgDbv,2029.0
856,0,zPQeyVVD,momDhuqe,194.0
1075,0,zPQeyVVD,momDhuqe,276.0
1178,0,LLWkkTwA,VFLsoIHD,6021.0
1178,0,ZTMEdEeK,LLWkkTwA,5981.0
1178,0,ogOCBKAf,ZTMEdEeK,6248.0
925,0,DJxHBCmY,HyvnzuHA,22.0
925,0,UUpfieFN,DJxHBCmY,22.0
925,0,XHBoVocK,UUpfieFN,22.0
925,0,TWTKfAgl,XHBoVocK,22.0
925,0,BhcHYWlb,TWTKfAgl,22.0
925,0,xKeFZTyD,BhcHYWlb,22.0
925,0,uKNLSXwU,HIkBoDID,5.0
925,0,QpjbbNqd,uKNLSXwU,5.0
925,0,qHHrAclK,QpjbbNqd,5.0
925,0,Jrutayet,qHHrAclK,5.0
925,0,UosQUisT,Jrutayet,5.0
925,0,FQOgjaka,UosQUisT,5.0
925,0,URvEqJxF,FQOgjaka,5.0
925,0,JalqBTeK,URvEqJxF,5.0
925,0,UAwQbGIv,JalqBTeK,5.0
925,0,HyvnzuHA,UAwQbGIv,5.0
1085,0,zMSEqitx,EllpaOUu,1079.0
1085,0,AnlrdaBb,zMSEqitx,1079.0
1085,0,yQmtaWgt,AnlrdaBb,1074.0
331,0,hqxwmRzJ,MjoEniNM,1012.0
331,0,DKWSfiEo,hqxwmRzJ,435.0
331,0,hCpAddaw,DKWSfiEo,169.0
331,0,cThdGxLv,hCpAddaw,169.0
331,0,dAxtDTje,cThdGxLv,169.0
331,0,aunBMooM,dAxtDTje,169.0
331,0,kiTgZeoH,aunBMooM,169.0
331,0,eLmJkuZC,kiTgZeoH,169.0
331,0,UgzfanVk,eLmJkuZC,169.0
1085,0,ixafYOrk,WneZtuRq,1033.0
1085,0,VWKzFLMH,ixafYOrk,1033.0
1085,0,EllpaOUu,VWKzFLMH,1001.0
331,0,MjoEniNM,UyZpITbv,316.0
1040,0,SRJkWTfK,zAhquueS,827.0
1040,0,krjqWYyL,SRJkWTfK,518.0
1040,0,tSXpsDyV,krjqWYyL,518.0
1040,0,IbLBdCXD,tSXpsDyV,518.0
1040,0,JGCJnIWw,IbLBdCXD,518.0
1040,0,honleovC,JGCJnIWw,470.0
1040,0,pqZYMbGr,honleovC,469.0
1040,0,jobllKUJ,pqZYMbGr,449.0
1040,0,cKlxsEIa,jobllKUJ,449.0
1040,0,POeaLshN,cKlxsEIa,449.0
1040,0,nvtqczOj,POeaLshN,449.0
1040,0,FdzHSswJ,nvtqczOj,395.0
1040,0,qmRscxuH,FdzHSswJ,388.0
1040,0,zrVEttwl,qmRscxuH,362.0
1040,0,KhQckqci,zrVEttwl,362.0
1040,0,NkYJOxxA,KhQckqci,362.0
1040,0,Phtvjmoj,NkYJOxxA,362.0
1040,0,iRgZVaoH,Phtvjmoj,358.0
1040,0,KbKyxild,iRgZVaoH,358.0
1040,0,WzJZybAt,KbKyxild,356.0
1040,0,wBZvskGC,WzJZybAt,332.0
1040,0,pHbSfQWg,wBZvskGC,308.0
1040,0,hlYcHDiv,pHbSfQWg,308.0
1040,0,ZUUFaTkv,hlYcHDiv,308.0
1040,0,jgCiOeaN,ZUUFaTkv,308.0
1040,0,TikfrWrm,jgCiOeaN,308.0
1040,0,RabBrvbh,TikfrWrm,308.0
1040,0,yAsGVYQM,RabBrvbh,308.0
1040,0,XFPAZveS,yAsGVYQM,220.0
1040,0,ejMjPdTH,XFPAZveS,220.0
1040,0,LHNTbQin,TUZfegir,666.0
1040,0,EBDfudXo,LHNTbQin,666.0
1040,0,oVvGCedi,EBDfudXo,729.0
1040,0,zAhquueS,oVvGCedi,729.0
1040,0,XeNLTPEj,MvGjEBBL,578.0
1040,0,PzIXuqgO,XeNLTPEj,578.0
1040,0,ZsxHmovG,PzIXuqgO,578.0
1040,0,KjUtPMMe,ZsxHmovG,621.0
1040,0,JGmgdpWx,KjUtPMMe,621.0
1040,0,WsxoHomq,JGmgdpWx,621.0
1040,0,VgroZBKv,WsxoHomq,587.0
1040,0,TUZfegir,VgroZBKv,587.0
1119,0,qNguppPl,IKnBBuIf,48.0
1119,0,ypDcaLvL,qNguppPl,48.0
1119,0,gLfGMIXr,ypDcaLvL,48.0
1119,0,CPLwMSlA,gLfGMIXr,48.0
1119,0,cefvQkVf,CPLwMSlA,48.0
922,0,qNguppPl,IKnBBuIf,476.0
922,0,ypDcaLvL,qNguppPl,476.0
922,0,gLfGMIXr,ypDcaLvL,476.0
922,0,CPLwMSlA,gLfGMIXr,476.0
922,0,cefvQkVf,CPLwMSlA,476.0
120,0,ygaPVVOX,NjRgIRup,2.0
120,0,SgmzKmGa,ygaPVVOX,2.0
120,0,oaiHprKy,SgmzKmGa,2.0
120,0,EKGAgXOm,oaiHprKy,2.0
120,0,RqCzrtQl,EKGAgXOm,2.0
120,0,CfDISmMN,RqCzrtQl,2.0
120,0,RpAFtJSl,CfDISmMN,2.0
120,0,PcvuCqyL,RpAFtJSl,3.0
120,0,ItWJsmqN,PcvuCqyL,3.0
120,0,QOMpmplr,ItWJsmqN,3.0
120,0,HNejbQWJ,QOMpmplr,3.0
120,0,dQfoCLXo,HNejbQWJ,3.0
120,0,NJLhSMnp,dQfoCLXo,3.0
120,0,vitXJVTB,NJLhSMnp,3.0
120,0,DPEjcwqA,vitXJVTB,3.0
120,0,AKFNXFCk,DPEjcwqA,3.0
120,0,HIkBoDID,AKFNXFCk,3.0
120,0,FBcFacnd,HIkBoDID,3.0
120,0,vpSWiOiP,FBcFacnd,4.0
120,0,vhEQWrWH,vpSWiOiP,4.0
120,0,TCqyxHhF,AszcEtOu,1.0
120,0,TcEVvOUM,TCqyxHhF,1.0
120,0,qGnNRXVR,TcEVvOUM,1.0
120,0,ouPwTbuD,qGnNRXVR,1.0
120,0,MwLdaJul,ouPwTbuD,1.0
120,0,QUMnpJQp,MwLdaJul,1.0
120,0,FyIjwLBj,QUMnpJQp,1.0
120,0,vXPGJwVk,FyIjwLBj,1.0
120,0,qzuHypgA,vXPGJwVk,1.0
120,0,KCMgfriT,qzuHypgA,1.0
120,0,hVMLOzME,KCMgfriT,1.0
120,0,TDvESTZN,hVMLOzME,1.0
120,0,WlkKexEs,TDvESTZN,1.0
120,0,MyzUerZz,WlkKexEs,1.0
120,0,hTBkjNzq,MyzUerZz,1.0
120,0,aCcokpIU,hTBkjNzq,1.0
120,0,IWuAfYeM,aCcokpIU,1.0
120,0,AKEMZMhk,IWuAfYeM,1.0
120,0,oXDhDxhT,AKEMZMhk,1.0
120,0,twlwLPZj,oXDhDxhT,1.0
120,0,NjRgIRup,twlwLPZj,1.0
1119,0,bbaQRYSI,JvVxAKet,11.0
1119,0,lDHqxCQW,bbaQRYSI,11.0
1119,0,qGgPbtbT,lDHqxCQW,11.0
1119,0,TJeJnSDd,cefvQkVf,24.0
922,0,TJeJnSDd,cefvQkVf,421.0
765,0,vitXJVTB,NJLhSMnp,72.0
765,0,DPEjcwqA,vitXJVTB,72.0
765,0,AKFNXFCk,DPEjcwqA,72.0
765,0,HIkBoDID,AKFNXFCk,72.0
765,0,FBcFacnd,HIkBoDID,72.0
765,0,URVlPKPB,FBcFacnd,72.0
765,0,vpSWiOiP,URVlPKPB,75.0
765,0,BvsSDYgP,vpSWiOiP,75.0
765,0,KVgMjZao,BvsSDYgP,75.0
765,0,rvGAYltM,KVgMjZao,75.0
765,0,kUJgeRIS,rvGAYltM,75.0
765,0,JzyLKajw,kUJgeRIS,94.0
925,0,ygaPVVOX,NjRgIRup,1.0
925,0,SgmzKmGa,ygaPVVOX,1.0
925,0,oaiHprKy,SgmzKmGa,1.0
925,0,EKGAgXOm,oaiHprKy,1.0
925,0,RqCzrtQl,EKGAgXOm,1.0
925,0,CfDISmMN,RqCzrtQl,1.0
925,0,CtzBEXfZ,CfDISmMN,1.0
925,0,RpAFtJSl,CtzBEXfZ,2.0
925,0,PcvuCqyL,RpAFtJSl,2.0
925,0,QOMpmplr,PcvuCqyL,2.0
925,0,HNejbQWJ,QOMpmplr,2.0
925,0,dQfoCLXo,HNejbQWJ,2.0
925,0,NJLhSMnp,dQfoCLXo,2.0
925,0,vitXJVTB,NJLhSMnp,2.0
925,0,DPEjcwqA,vitXJVTB,2.0
925,0,AKFNXFCk,DPEjcwqA,2.0
925,0,HIkBoDID,AKFNXFCk,2.0
925,0,ExMxhtei,xKeFZTyD,15.0
925,0,FDJgmOaw,ExMxhtei,15.0
925,0,xzbcUqWQ,FDJgmOaw,1.0
911,0,kaZSJtsS,pfeYSjby,355.0
911,0,DBpmioGn,kaZSJtsS,355.0
911,0,KKHFrKGl,DBpmioGn,355.0
916,0,gcglUzpd,KzAuSOOh,9.0
916,0,VNhVtVFP,gcglUzpd,9.0
932,0,xAcbGwmk,woHRqfeu,86.0
932,0,PpqbXLrX,xAcbGwmk,86.0
932,0,dikxlocD,PpqbXLrX,861.0
932,0,FZfLSowG,dikxlocD,861.0
932,0,nGUGLxPd,FZfLSowG,1095.0
932,0,hZwGajtf,nGUGLxPd,1440.0
932,0,zuhYkREh,hZwGajtf,1440.0
932,0,XFpFKXXh,zuhYkREh,1440.0
932,0,LOVJkcJs,XFpFKXXh,1680.0
932,0,BWOvyAui,LOVJkcJs,1680.0
932,0,jWegLIVv,BWOvyAui,1680.0
932,0,fNriHNfS,jWegLIVv,1678.0
932,0,lzHXrFnu,fNriHNfS,1347.0
932,0,DMAMxgNC,lzHXrFnu,1320.0
914,0,YfFNBzii,KKHFrKGl,456.0
914,0,SAoMIbAp,YfFNBzii,456.0
914,0,BUhYynpm,SAoMIbAp,391.0
914,0,iBcazcLz,BUhYynpm,391.0
914,0,anlBxctW,iBcazcLz,391.0
914,0,vPtmXBsW,anlBxctW,391.0
914,0,JOrMMBVL,vPtmXBsW,381.0
914,0,hTBkjNzq,MyzUerZz,16.0
914,0,aCcokpIU,hTBkjNzq,234.0
914,0,IWuAfYeM,aCcokpIU,234.0
914,0,AKEMZMhk,IWuAfYeM,234.0
914,0,oXDhDxhT,AKEMZMhk,234.0
914,0,twlwLPZj,oXDhDxhT,234.0
914,0,NjRgIRup,twlwLPZj,234.0
914,0,ygaPVVOX,NjRgIRup,270.0
914,0,SgmzKmGa,ygaPVVOX,270.0
914,0,oaiHprKy,SgmzKmGa,271.0
914,0,EKGAgXOm,oaiHprKy,271.0
914,0,RqCzrtQl,EKGAgXOm,271.0
914,0,CfDISmMN,RqCzrtQl,271.0
914,0,CtzBEXfZ,CfDISmMN,273.0
914,0,RpAFtJSl,CtzBEXfZ,273.0
914,0,PcvuCqyL,RpAFtJSl,273.0
914,0,QOMpmplr,PcvuCqyL,273.0
914,0,HNejbQWJ,QOMpmplr,276.0
914,0,dQfoCLXo,HNejbQWJ,277.0
914,0,NJLhSMnp,dQfoCLXo,277.0
914,0,vitXJVTB,NJLhSMnp,278.0
914,0,DPEjcwqA,vitXJVTB,278.0
914,0,AKFNXFCk,DPEjcwqA,278.0
914,0,HIkBoDID,AKFNXFCk,279.0
914,0,FBcFacnd,HIkBoDID,384.0
914,0,URVlPKPB,FBcFacnd,384.0
914,0,vpSWiOiP,URVlPKPB,419.0
914,0,BvsSDYgP,vpSWiOiP,419.0
914,0,KVgMjZao,BvsSDYgP,419.0
914,0,rvGAYltM,KVgMjZao,419.0
914,0,kUJgeRIS,rvGAYltM,419.0
914,0,pfeYSjby,kUJgeRIS,421.0
914,0,kaZSJtsS,pfeYSjby,421.0
914,0,DBpmioGn,kaZSJtsS,421.0
914,0,KKHFrKGl,DBpmioGn,421.0
914,0,vRiXTWTq,JOrMMBVL,381.0
914,0,NUggIFcT,vRiXTWTq,381.0
914,0,ybeqLsHP,NUggIFcT,381.0
914,0,hCunccId,ybeqLsHP,381.0
914,0,bYiZlZfK,hCunccId,381.0
914,0,hGZrWSlb,bYiZlZfK,380.0
914,0,eWFmnMeJ,hGZrWSlb,378.0
914,0,APAIrxcy,eWFmnMeJ,367.0
914,0,kJHtAChU,APAIrxcy,367.0
914,0,WPLDPMYV,kJHtAChU,367.0
914,0,QJqMQbqf,WPLDPMYV,362.0
914,0,qgftSein,QJqMQbqf,243.0
914,0,umyCwwah,qgftSein,242.0
914,0,umudVILy,umyCwwah,242.0
914,0,MyzUerZz,WlkKexEs,2.0
874,0,RuqLEiFp,ZEXMhMxR,99.0
874,0,NAwFzVQz,RuqLEiFp,38.0
874,0,jEliwrSM,NAwFzVQz,38.0
874,0,XsvFZXJo,jEliwrSM,38.0
874,0,SPorkGXj,XsvFZXJo,38.0
874,0,IJbUVGLH,SPorkGXj,38.0
874,0,ZqOseExI,IJbUVGLH,38.0
874,0,FdBCLyPI,ZqOseExI,38.0
874,0,CrOFTJlw,FdBCLyPI,27.0
874,0,PyGiRErs,CrOFTJlw,26.0
874,0,JbCujTci,PyGiRErs,24.0
926,0,TNTzUMyF,HyvnzuHA,2.0
926,0,avRuCqLk,TNTzUMyF,2.0
926,0,wIAALBva,avRuCqLk,2.0
926,0,nxBXRnVc,wIAALBva,2.0
926,0,sXWHYDNZ,nxBXRnVc,2.0
926,0,VKAAZZOV,sXWHYDNZ,2.0
926,0,Vtdujofe,VKAAZZOV,2.0
926,0,edTVGmZc,Vtdujofe,2.0
926,0,iqwCaPZT,edTVGmZc,2.0
926,0,qqDoWQdv,iqwCaPZT,2.0
765,0,iPmhSqDk,JzyLKajw,92.0
765,0,ZVTOmRdq,iPmhSqDk,92.0
765,0,vjFpNILE,ZVTOmRdq,92.0
765,0,QMycpMQA,vjFpNILE,92.0
765,0,goEFDDka,QMycpMQA,92.0
765,0,gzdfrKuT,goEFDDka,92.0
765,0,QpdZiknK,gzdfrKuT,92.0
765,0,ygaPVVOX,NjRgIRup,56.0
765,0,SgmzKmGa,ygaPVVOX,56.0
765,0,oaiHprKy,SgmzKmGa,56.0
765,0,EKGAgXOm,oaiHprKy,56.0
765,0,RqCzrtQl,EKGAgXOm,56.0
765,0,CfDISmMN,RqCzrtQl,56.0
765,0,CtzBEXfZ,CfDISmMN,56.0
765,0,RpAFtJSl,CtzBEXfZ,56.0
765,0,PcvuCqyL,RpAFtJSl,56.0
765,0,QOMpmplr,PcvuCqyL,56.0
765,0,HNejbQWJ,QOMpmplr,56.0
765,0,dQfoCLXo,HNejbQWJ,56.0
765,0,NJLhSMnp,dQfoCLXo,56.0
765,0,tVSOiuPz,QpdZiknK,46.0
1117,0,ygaPVVOX,NjRgIRup,9.0
1117,0,SgmzKmGa,ygaPVVOX,9.0
1117,0,EKGAgXOm,SgmzKmGa,9.0
1117,0,CfDISmMN,EKGAgXOm,9.0
1117,0,PcvuCqyL,CfDISmMN,9.0
1117,0,QOMpmplr,PcvuCqyL,9.0
1117,0,HNejbQWJ,QOMpmplr,9.0
1117,0,lyEtzViy,HNejbQWJ,9.0
1117,0,uVrlMgNx,lyEtzViy,9.0
1117,0,GhOGJPtU,uVrlMgNx,9.0
1117,0,WOuDNhbw,GhOGJPtU,9.0
1117,0,CYkmgDbv,WOuDNhbw,9.0
1117,0,eypuAxqa,CYkmgDbv,9.0
1117,0,DSVnhmbs,eypuAxqa,9.0
1117,0,hCKRONaA,DSVnhmbs,9.0
1117,0,TGKbjQzH,hCKRONaA,9.0
1117,0,RoreEsYU,TGKbjQzH,9.0
1117,0,AlpXiRiW,RoreEsYU,9.0
1117,0,btFKFkYA,AlpXiRiW,40.0
1117,0,jLrhssle,btFKFkYA,40.0
1117,0,FvRFCvLd,jLrhssle,40.0
1117,0,tkjaIDXe,FvRFCvLd,40.0
1117,0,yhVlWvFp,tkjaIDXe,40.0
1117,0,PAhNkZlS,yhVlWvFp,40.0
1117,0,CxiOJZtJ,PAhNkZlS,40.0
856,0,UrJBvWGq,zPQeyVVD,185.0
856,0,thxCXWVL,UrJBvWGq,185.0
856,0,AlpXiRiW,thxCXWVL,185.0
400,0,zZZsLLct,ojqTFFWy,368.0
400,0,nIbIRswk,zZZsLLct,374.0
400,0,YfaruHLV,nIbIRswk,1318.0
400,0,XpaxRhYo,YfaruHLV,1318.0
400,0,qYsYtTjJ,XpaxRhYo,1383.0
400,0,KlSqKJQr,qYsYtTjJ,1497.0
915,0,ygaPVVOX,NjRgIRup,177.0
915,0,SgmzKmGa,ygaPVVOX,192.0
915,0,oaiHprKy,SgmzKmGa,194.0
915,0,EKGAgXOm,oaiHprKy,194.0
915,0,RqCzrtQl,EKGAgXOm,194.0
915,0,CfDISmMN,RqCzrtQl,194.0
915,0,CtzBEXfZ,CfDISmMN,194.0
915,0,RpAFtJSl,CtzBEXfZ,194.0
915,0,PcvuCqyL,RpAFtJSl,194.0
915,0,QOMpmplr,PcvuCqyL,194.0
915,0,HNejbQWJ,QOMpmplr,194.0
915,0,dQfoCLXo,HNejbQWJ,194.0
915,0,NJLhSMnp,dQfoCLXo,194.0
915,0,vitXJVTB,NJLhSMnp,194.0
915,0,DPEjcwqA,vitXJVTB,194.0
915,0,AKFNXFCk,DPEjcwqA,194.0
915,0,HIkBoDID,AKFNXFCk,194.0
915,0,FBcFacnd,HIkBoDID,207.0
915,0,URVlPKPB,FBcFacnd,207.0
915,0,vpSWiOiP,URVlPKPB,209.0
915,0,BvsSDYgP,vpSWiOiP,209.0
915,0,KVgMjZao,BvsSDYgP,209.0
915,0,rvGAYltM,KVgMjZao,209.0
915,0,pfeYSjby,rvGAYltM,209.0
915,0,kaZSJtsS,pfeYSjby,209.0
915,0,DBpmioGn,kaZSJtsS,209.0
915,0,KKHFrKGl,DBpmioGn,209.0
915,0,zHlMZSZh,KKHFrKGl,238.0
915,0,YfFNBzii,zHlMZSZh,238.0
915,0,amcUazui,YfFNBzii,238.0
915,0,XOGHqVzK,amcUazui,238.0
915,0,uPxuFxvo,XOGHqVzK,238.0
915,0,aUXvtKAd,uPxuFxvo,238.0
915,0,bWARUqJw,aUXvtKAd,229.0
915,0,YRAoXeLc,bWARUqJw,226.0
915,0,QBEEvEfk,YRAoXeLc,220.0
915,0,wUNonIvB,QBEEvEfk,220.0
915,0,ADLjcXqa,wUNonIvB,220.0
915,0,TfcuZRGs,ADLjcXqa,220.0
915,0,wCBeePzy,TfcuZRGs,180.0
915,0,xaFIWdbd,wCBeePzy,180.0
915,0,FqqChBVj,xaFIWdbd,180.0
915,0,DdnncojU,FqqChBVj,180.0
915,0,JFAOdLlH,DdnncojU,180.0
915,0,hOuYlHPh,JFAOdLlH,21.0
915,0,LSLEHghp,hOuYlHPh,18.0
915,0,sTCaNKUj,LSLEHghp,18.0
915,0,ZKALZXGO,sTCaNKUj,18.0
915,0,tsbSHhIt,ZKALZXGO,16.0
1341,0,vkwWhgCe,VXiNciom,134.0
1341,0,pkhwWQVf,vkwWhgCe,142.0
1341,0,JxFLnqJu,pkhwWQVf,142.0
1341,0,GDiQpvtB,JxFLnqJu,142.0
1341,0,fGmFhgnx,GDiQpvtB,142.0
915,0,gFnNTJRr,tsbSHhIt,2.0
915,0,rDrqCYRb,gFnNTJRr,2.0
1568,0,vxTQjZcJ,UgzfanVk,249.0
1407,0,rXoVyCYO,KuTZBRNJ,599.0
1407,0,gdHaMUeX,rXoVyCYO,599.0
1407,0,vhHLNRbD,gdHaMUeX,599.0
765,0,CxOOaXfM,tVSOiuPz,6.0
765,0,OZlUZuJc,CxOOaXfM,6.0
765,0,bPGbdmLB,OZlUZuJc,6.0
765,0,YlKnpIom,bPGbdmLB,1.0
765,0,iyqZxomb,YlKnpIom,1.0
765,0,rAXDXBKw,iyqZxomb,1.0
34,0,CKldDLYq,EkWBPXmr,6536.0
34,0,tjYcJLRB,CKldDLYq,6566.0
34,0,iYMJvRAf,tjYcJLRB,6071.0
1244,0,ubZrQMid,vfdAIPGv,3984.0
1244,0,gBkmsEyR,ubZrQMid,3984.0
1244,0,hysxdiTF,gBkmsEyR,3194.0
1244,0,iYMJvRAf,hysxdiTF,3194.0
474,0,LPQBwisp,wOZIcmuB,1654.0
474,0,dpOKQcMh,LPQBwisp,1654.0
474,0,jLJTMrwU,dpOKQcMh,1825.0
474,0,LdWodgsw,jLJTMrwU,1825.0
474,0,iWFLhsvE,LdWodgsw,1132.0
474,0,qFzqwYZZ,iWFLhsvE,545.0
212,0,tSUFrefk,ZMeqpjWv,370.0
212,0,FqxCUuHX,tSUFrefk,450.0
212,0,kGGyYXze,FqxCUuHX,614.0
212,0,aiNWVRbc,kGGyYXze,614.0
212,0,djOWqAVW,aiNWVRbc,614.0
212,0,LdWodgsw,djOWqAVW,614.0
212,0,iWFLhsvE,LdWodgsw,344.0
212,0,qFzqwYZZ,iWFLhsvE,217.0
212,0,gaLZwYvS,qFzqwYZZ,216.0
212,0,XypZkLUe,gaLZwYvS,1.0
212,0,drmArhka,XypZkLUe,1.0
426,0,DUgAaGlT,FJDNPLrp,705.0
426,0,ppabfQGz,DUgAaGlT,262.0
426,0,MBTcSIip,ppabfQGz,249.0
426,0,qFzqwYZZ,MBTcSIip,204.0
426,0,gaLZwYvS,qFzqwYZZ,45.0
426,0,XypZkLUe,gaLZwYvS,33.0
426,0,drmArhka,XypZkLUe,33.0
205,0,HefnspWQ,czFfIymd,399.0
205,0,lDeAZniB,HefnspWQ,349.0
205,0,sDgMDbLK,lDeAZniB,349.0
205,0,MUKiuGPJ,sDgMDbLK,349.0
205,0,BIPxiHLi,MUKiuGPJ,349.0
205,0,yrMfCrKd,BIPxiHLi,349.0
205,0,FJDNPLrp,yrMfCrKd,189.0
205,0,YyXnCqJL,FJDNPLrp,180.0
205,0,FXEtzSuC,YyXnCqJL,180.0
205,0,ppabfQGz,FXEtzSuC,180.0
426,0,faYOimYm,EZnTnoxs,1156.0
426,0,nObXmJzU,faYOimYm,1162.0
426,0,YmDpkIHQ,nObXmJzU,1142.0
426,0,HYfXIyFk,YmDpkIHQ,827.0
426,0,oQvXmJfL,HYfXIyFk,826.0
426,0,yayPNqiY,oQvXmJfL,703.0
426,0,FJDNPLrp,yayPNqiY,703.0
426,0,FBwCHGmG,mLBQtksd,2180.0
426,0,ezbmnBKa,FBwCHGmG,2180.0
426,0,aaOdCJPr,ezbmnBKa,1317.0
426,0,EZnTnoxs,aaOdCJPr,1343.0
426,0,gzTQJVMW,RVEyrwjR,348.0
426,0,FZsFzszJ,gzTQJVMW,396.0
426,0,AoRkaUmb,FZsFzszJ,398.0
426,0,ALhaazBT,AoRkaUmb,398.0
426,0,AUmOMGnp,ALhaazBT,433.0
426,0,XFPAZveS,AUmOMGnp,444.0
426,0,eaNsVWDR,XFPAZveS,911.0
426,0,hpACGGyB,eaNsVWDR,911.0
426,0,ywuGpANM,hpACGGyB,1011.0
426,0,BZCtSmhk,ywuGpANM,1300.0
426,0,VkcYQwTj,BZCtSmhk,1300.0
426,0,jFRqfnFl,VkcYQwTj,1445.0
426,0,ysSWNERo,jFRqfnFl,1450.0
426,0,lQIpGOTn,ysSWNERo,1498.0
426,0,uhUmvvRs,lQIpGOTn,1498.0
426,0,GgLRqpEG,uhUmvvRs,1498.0
426,0,WFZVQzrl,GgLRqpEG,1498.0
426,0,QDIpIlEK,WFZVQzrl,1573.0
426,0,IESGsZGI,QDIpIlEK,2266.0
426,0,mLBQtksd,IESGsZGI,2266.0
460,0,nPkrzCty,UgpyjFML,1614.0
460,0,OPXtWBVk,nPkrzCty,1692.0
460,0,SvGtXrYj,OPXtWBVk,1908.0
460,0,STSGJiIu,SvGtXrYj,1888.0
460,0,buAeVenh,STSGJiIu,1646.0
460,0,ARTSSefO,buAeVenh,1646.0
460,0,nGRNUPgX,ARTSSefO,1690.0
460,0,cPCRxZjy,nGRNUPgX,1625.0
460,0,klenweCZ,cPCRxZjy,2319.0
460,0,wdBsZaVr,klenweCZ,1536.0
460,0,FXEtzSuC,wdBsZaVr,1557.0
460,0,ppabfQGz,FXEtzSuC,1513.0
727,0,WFZVQzrl,bOiSLYGO,260.0
727,0,GiONHkbf,WFZVQzrl,288.0
727,0,QDIpIlEK,GiONHkbf,288.0
727,0,GpnhEWuy,QDIpIlEK,1234.0
727,0,rRGVruPM,GpnhEWuy,1234.0
727,0,mLBQtksd,rRGVruPM,1239.0
460,0,YctaenCe,jcExlqwL,1315.0
460,0,tzYrVhKO,YctaenCe,1315.0
460,0,UgpyjFML,tzYrVhKO,1292.0
685,0,QncWjmnC,LBOtcvsG,1325.0
685,0,ERcEoUXY,QncWjmnC,1325.0
685,0,qKDzyFqg,ERcEoUXY,1346.0
685,0,uKbbRztG,qKDzyFqg,1319.0
685,0,cEOIeJTR,uKbbRztG,2146.0
574,0,fuApzGaS,KwaxxmSs,365.0
574,0,NQaaFyOm,fuApzGaS,194.0
574,0,oeGMQkdJ,NQaaFyOm,194.0
574,0,vkAUVqtk,oeGMQkdJ,189.0
482,0,duRJdiSr,qdrjbHYS,4017.0
482,0,uBFbbvHN,duRJdiSr,4020.0
482,0,YjUiSglA,uBFbbvHN,4020.0
482,0,xPaGbpFW,YjUiSglA,4020.0
482,0,LJLjKFnn,xPaGbpFW,4018.0
482,0,gzZgDndk,LJLjKFnn,4018.0
482,0,NQaaFyOm,gzZgDndk,2399.0
482,0,oeGMQkdJ,NQaaFyOm,578.0
482,0,vkAUVqtk,oeGMQkdJ,347.0
419,0,QHFmFyLR,EkWBPXmr,7699.0
419,0,neNWquOh,QHFmFyLR,7718.0
419,0,KwaxxmSs,neNWquOh,7907.0
419,0,gzZgDndk,KwaxxmSs,8085.0
419,0,NQaaFyOm,gzZgDndk,9826.0
419,0,iPNesxKP,NQaaFyOm,10115.0
572,0,fOfcyQgJ,iWoOHVbT,2465.0
572,0,YXOKWXAw,fOfcyQgJ,2449.0
572,0,gzZgDndk,YXOKWXAw,2449.0
572,0,NQaaFyOm,gzZgDndk,259.0
572,0,iPNesxKP,NQaaFyOm,273.0
523,0,FTwVCxQy,pSVDMeCH,451.0
523,0,RFaTWaew,FTwVCxQy,451.0
477,0,oeGMQkdJ,rDSiGFpR,1279.0
825,0,vlhncUdg,wgnVmusT,17.0
825,0,xGVMKwkH,vlhncUdg,17.0
825,0,DcYEFBXI,xGVMKwkH,17.0
825,0,mSlRsDTZ,DcYEFBXI,43.0
825,0,iHPgoVQd,mSlRsDTZ,43.0
825,0,LEMCEoBI,iHPgoVQd,54.0
825,0,VbipnzIy,LEMCEoBI,60.0
825,0,vLvetIEj,VbipnzIy,67.0
825,0,veZdNrwJ,vLvetIEj,67.0
825,0,UHrZZaJI,veZdNrwJ,67.0
825,0,XYPsfiKq,UHrZZaJI,67.0
825,0,EZonlaGf,XYPsfiKq,86.0
825,0,wcUGKfLa,EZonlaGf,87.0
825,0,ZJxogzZw,wcUGKfLa,47.0
825,0,Uacajbua,ZJxogzZw,47.0
825,0,ZLCIvgrp,Uacajbua,43.0
825,0,ucVTqZIB,ZLCIvgrp,43.0
825,0,FDrhtNjK,ucVTqZIB,43.0
825,0,YVGWiGkc,FDrhtNjK,43.0
825,0,CqPWXNIf,YVGWiGkc,43.0
825,0,iZfXNAue,CqPWXNIf,43.0
825,0,OXvlrfnG,iZfXNAue,42.0
825,0,CgMBzfIg,OXvlrfnG,42.0
825,0,BCwVkMhO,CgMBzfIg,42.0
825,0,MpBHVRZl,BCwVkMhO,42.0
825,0,BWKNZpmt,MpBHVRZl,2.0
825,0,hMBIVszx,BWKNZpmt,2.0
825,0,JgVaSAtG,hMBIVszx,2.0
825,0,QyfZGsFT,JgVaSAtG,2.0
825,0,selTNsQi,QyfZGsFT,2.0
825,0,SfBAqteg,selTNsQi,2.0
825,0,obGcbWvT,SfBAqteg,2.0
825,0,lbFoZTYJ,obGcbWvT,2.0
825,0,wssOAckJ,lbFoZTYJ,2.0
825,0,zzxlwhdI,wssOAckJ,2.0
825,0,SEcoeimf,zzxlwhdI,2.0
825,0,fzmnvqlX,SEcoeimf,2.0
825,0,RyhuDLev,fzmnvqlX,2.0
825,0,KnIeolpt,RyhuDLev,2.0
825,0,GMrJWgHs,KnIeolpt,2.0
825,0,tTjpyeuP,GMrJWgHs,2.0
825,0,iYbcLrkT,tTjpyeuP,2.0
825,0,elxmPCDf,iYbcLrkT,2.0
825,0,tcbhlVZo,elxmPCDf,2.0
825,0,ZqBGCTqq,tcbhlVZo,2.0
825,0,HxnLIWQq,ZqBGCTqq,2.0
825,0,wqGWmwVd,HxnLIWQq,2.0
825,0,ACkvbmee,wqGWmwVd,2.0
825,0,FtWuEuzF,ACkvbmee,2.0
825,0,RtTLxXUv,FtWuEuzF,2.0
825,0,JGydtICe,RtTLxXUv,2.0
825,0,xbhuXgnr,JGydtICe,2.0
825,0,zjGRmLyo,xbhuXgnr,2.0
825,0,EXTmTMKf,zjGRmLyo,2.0
825,0,yfIoPTHo,EXTmTMKf,1.0
825,0,GnOurcjN,yfIoPTHo,1.0
825,0,vHkAlmCm,GnOurcjN,1.0
825,0,WynPMslR,vHkAlmCm,1.0
825,0,qjwSVoCq,WynPMslR,1.0
825,0,WvPJYXMk,qjwSVoCq,1.0
321,0,zavSPsgu,YjHuxjDZ,230.0
321,0,UrQlyWkl,zavSPsgu,223.0
321,0,WqMESkMM,UrQlyWkl,151.0
321,0,TKmnSMXw,WqMESkMM,151.0
321,0,zAVZRYih,TKmnSMXw,151.0
474,0,JgaAcZvO,HrNWphPZ,1075.0
474,0,oFGeBzfg,JgaAcZvO,1075.0
474,0,fUdtRFJM,oFGeBzfg,1075.0
474,0,UrQlyWkl,fUdtRFJM,1074.0
474,0,WqMESkMM,UrQlyWkl,1734.0
474,0,TKmnSMXw,WqMESkMM,1734.0
474,0,zAVZRYih,TKmnSMXw,1734.0
474,0,AszcEtOu,BpAiVnps,490.0
474,0,ufvngNip,AszcEtOu,532.0
474,0,ybjkPLXB,ufvngNip,532.0
474,0,IOcMwGKn,ybjkPLXB,565.0
474,0,hCxxcqWU,IOcMwGKn,731.0
474,0,gUXxyAlR,hCxxcqWU,750.0
474,0,cEOIeJTR,gUXxyAlR,750.0
474,0,bWAbaUPC,cEOIeJTR,1352.0
474,0,HrNWphPZ,bWAbaUPC,1893.0
321,0,XGxJlapP,IdWZOznf,273.0
321,0,YjHuxjDZ,XGxJlapP,273.0
1255,0,lmZJehpq,EmkugZPX,3625.0
1255,0,tDDddUJb,lmZJehpq,3405.0
1255,0,RVGhYAxc,tDDddUJb,1916.0
1340,0,PhjcDdmq,ogOCBKAf,4941.0
1340,0,bHagonKv,PhjcDdmq,4955.0
1340,0,XiLvnZTk,bHagonKv,4965.0
1340,0,FStgRiBS,XiLvnZTk,4979.0
1340,0,GkYZbgqg,FStgRiBS,4979.0
1340,0,wFSILCzc,GkYZbgqg,4979.0
1340,0,yQQuLFAg,wFSILCzc,5198.0
1340,0,rckblBTM,yQQuLFAg,8310.0
1340,0,fGmFhgnx,rckblBTM,8224.0
1340,0,XyHfgUxW,fGmFhgnx,8346.0
1340,0,zjjLSYAp,XyHfgUxW,8429.0
1340,0,nIakFMcq,zjjLSYAp,8398.0
1340,0,yAgyFeHo,nIakFMcq,4479.0
1340,0,QdWOxWia,yAgyFeHo,3787.0
1340,0,gViLrCgA,QdWOxWia,3769.0
1340,0,cCSIoIah,gViLrCgA,3573.0
1340,0,DLdtTvFi,cCSIoIah,3573.0
1340,0,vRWSdFEN,DLdtTvFi,3531.0
1340,0,tDDddUJb,vRWSdFEN,3435.0
1340,0,RVGhYAxc,tDDddUJb,3435.0
34,0,KplKuAnp,iYMJvRAf,4708.0
34,0,pSVDMeCH,KplKuAnp,4708.0
524,0,YjUiSglA,uBFbbvHN,6745.0
524,0,xPaGbpFW,YjUiSglA,6745.0
524,0,LJLjKFnn,xPaGbpFW,6745.0
524,0,fuApzGaS,LJLjKFnn,6745.0
524,0,NQaaFyOm,fuApzGaS,5651.0
524,0,iPNesxKP,NQaaFyOm,2830.0
524,0,wOZIcmuB,iPNesxKP,2360.0
524,0,LPQBwisp,wOZIcmuB,2349.0
524,0,dpOKQcMh,LPQBwisp,2349.0
524,0,jLJTMrwU,dpOKQcMh,2321.0
524,0,LdWodgsw,jLJTMrwU,2321.0
524,0,iWFLhsvE,LdWodgsw,2135.0
524,0,qFzqwYZZ,iWFLhsvE,793.0
524,0,vfDgNrFH,qFzqwYZZ,793.0
524,0,gaLZwYvS,vfDgNrFH,793.0
1244,0,KplKuAnp,iYMJvRAf,4440.0
1244,0,pSVDMeCH,KplKuAnp,4431.0
474,0,gaLZwYvS,qFzqwYZZ,540.0
460,0,MBTcSIip,ppabfQGz,1260.0
460,0,qFzqwYZZ,MBTcSIip,1134.0
460,0,vfDgNrFH,qFzqwYZZ,752.0
460,0,gaLZwYvS,vfDgNrFH,752.0
205,0,MBTcSIip,ppabfQGz,178.0
205,0,gaLZwYvS,MBTcSIip,92.0
205,0,szQKyBKA,eBAbFKqQ,509.0
205,0,czFfIymd,szQKyBKA,509.0
762,0,PXPVuGmP,fQRLOpha,4885.0
762,0,IulxyPoH,PXPVuGmP,4885.0
762,0,llFTEWtD,IulxyPoH,4687.0
762,0,fPhIOSOj,llFTEWtD,4687.0
762,0,PQDqFTyk,fPhIOSOj,4748.0
762,0,OhBAPvsb,PQDqFTyk,4497.0
491,0,YvLYpMPH,POdtxoZm,2803.0
491,0,QnkNgkDL,YvLYpMPH,2803.0
491,0,lctVuVOk,QnkNgkDL,2797.0
491,0,wOZIcmuB,lctVuVOk,2791.0
491,0,LPQBwisp,wOZIcmuB,2680.0
491,0,dpOKQcMh,LPQBwisp,2680.0
491,0,jLJTMrwU,dpOKQcMh,2107.0
491,0,LdWodgsw,jLJTMrwU,2107.0
491,0,iWFLhsvE,LdWodgsw,741.0
491,0,qFzqwYZZ,iWFLhsvE,468.0
491,0,gaLZwYvS,qFzqwYZZ,468.0
474,0,iPNesxKP,zAVZRYih,1694.0
474,0,wOZIcmuB,iPNesxKP,1090.0
491,0,qvujbmjR,mKIQRbrs,1344.0
491,0,SqxhBMol,qvujbmjR,1344.0
491,0,vIqdsoZx,SqxhBMol,1360.0
491,0,WPPGaTFA,vIqdsoZx,1294.0
491,0,zavSPsgu,WPPGaTFA,1355.0
491,0,UrQlyWkl,zavSPsgu,1355.0
491,0,POdtxoZm,UrQlyWkl,925.0
491,0,xQpNdvvD,GigUVtty,1456.0
491,0,SQUoXVXU,xQpNdvvD,1492.0
491,0,mKIQRbrs,SQUoXVXU,1676.0
481,0,tglFZOrp,CcTUkfkl,1696.0
481,0,SqxhBMol,tglFZOrp,1696.0
481,0,vIqdsoZx,SqxhBMol,1641.0
481,0,RupFhEwj,vIqdsoZx,1641.0
481,0,WPPGaTFA,RupFhEwj,1083.0
481,0,zavSPsgu,WPPGaTFA,1010.0
481,0,UrQlyWkl,zavSPsgu,1010.0
491,0,bgWfLree,DsuTXcIa,1551.0
491,0,nUYnioIh,bgWfLree,1551.0
491,0,mVhkAqwx,nUYnioIh,1551.0
491,0,GigUVtty,mVhkAqwx,1604.0
633,0,IdWZOznf,CZfJWCoJ,1163.0
633,0,bFducDIy,IdWZOznf,1163.0
633,0,iFgeXSsz,bFducDIy,1163.0
633,0,NBopaFdP,iFgeXSsz,1005.0
633,0,LbKosGpD,NBopaFdP,1005.0
633,0,wOZIcmuB,LbKosGpD,1005.0
633,0,dpOKQcMh,wOZIcmuB,646.0
633,0,jLJTMrwU,dpOKQcMh,557.0
633,0,LdWodgsw,jLJTMrwU,557.0
633,0,iWFLhsvE,LdWodgsw,184.0
633,0,qFzqwYZZ,iWFLhsvE,89.0
633,0,gaLZwYvS,qFzqwYZZ,89.0
481,0,eciAPzhn,zYpZYpOA,2037.0
481,0,tOfkaukv,eciAPzhn,2037.0
481,0,exzjGTVf,tOfkaukv,2037.0
481,0,CcTUkfkl,exzjGTVf,2037.0
633,0,jkmSVBKz,QkCkRebE,2001.0
633,0,jcbMPQjL,jkmSVBKz,2001.0
633,0,xfYjeqNM,jcbMPQjL,1238.0
633,0,CZfJWCoJ,xfYjeqNM,1002.0
212,0,RZyHoyLx,JmbBeQIE,252.0
212,0,Gzlmcdek,RZyHoyLx,282.0
212,0,cPCRxZjy,Gzlmcdek,368.0
212,0,qpacHTVx,cPCRxZjy,368.0
212,0,jgXkfKmE,qpacHTVx,368.0
212,0,AFWGXQGm,jgXkfKmE,368.0
212,0,WTiRZunt,AFWGXQGm,368.0
212,0,ZMeqpjWv,WTiRZunt,368.0
1318,0,dbPZeeiE,LKVeVUNI,3463.0
1318,0,CsDsDrdU,dbPZeeiE,3410.0
1318,0,OPXtWBVk,CsDsDrdU,3247.0
205,0,WweXYmbm,JODrgTwh,451.0
205,0,RWixPrCB,WweXYmbm,451.0
205,0,zAwPDfkg,RWixPrCB,469.0
205,0,eBAbFKqQ,zAwPDfkg,470.0
481,0,CYSggHNR,IkxLwyxa,1749.0
481,0,VhgapMoa,CYSggHNR,1696.0
481,0,dKbqWpcD,VhgapMoa,1696.0
481,0,zYpZYpOA,dKbqWpcD,1696.0
319,0,cHhWsWUg,UlOflIKh,319.0
319,0,nPkrzCty,cHhWsWUg,319.0
633,0,EmkugZPX,XMWgellz,1803.0
633,0,lmZJehpq,EmkugZPX,1886.0
633,0,WPBOglHu,lmZJehpq,1957.0
633,0,ftMGYADA,WPBOglHu,1966.0
633,0,lklhFYFG,ftMGYADA,1966.0
633,0,rDcmNjNB,lklhFYFG,1943.0
633,0,pPReLBCT,rDcmNjNB,1942.0
633,0,AqgjLYqB,pPReLBCT,2012.0
633,0,QkCkRebE,AqgjLYqB,2012.0
460,0,RCkelXPh,eyAJPdep,1911.0
460,0,jcExlqwL,RCkelXPh,1911.0
1506,0,gViLrCgA,LYjhOoFf,6113.0
1506,0,RVGhYAxc,tDDddUJb,11231.0
633,0,QsteKrle,wrsPDGBQ,702.0
633,0,XMWgellz,QsteKrle,702.0
633,0,zjjLSYAp,fGmFhgnx,637.0
633,0,wrsPDGBQ,zjjLSYAp,637.0
633,0,rckblBTM,yQQuLFAg,587.0
633,0,fGmFhgnx,rckblBTM,591.0
633,0,bHagonKv,vacPrbQA,467.0
633,0,Vlipnutt,bHagonKv,467.0
633,0,CcjcuryA,Vlipnutt,470.0
633,0,yQQuLFAg,CcjcuryA,478.0
460,0,CEZTRnUo,qflzswAf,4939.0
460,0,funWfCdm,CEZTRnUo,4939.0
460,0,rnFrOJMw,funWfCdm,4939.0
460,0,MklhhYCQ,rnFrOJMw,4940.0
460,0,nzTRQfUi,MklhhYCQ,6724.0
460,0,nhSXMXjw,nzTRQfUi,6336.0
460,0,kjxfKqbD,nhSXMXjw,3801.0
460,0,mSXRukCc,kjxfKqbD,3801.0
460,0,FFGyTMvJ,mSXRukCc,3801.0
460,0,eyAJPdep,FFGyTMvJ,2671.0
12,0,AtcDBGpE,Oslgxmkx,687.0
12,0,nsjiKPCz,AtcDBGpE,687.0
12,0,vfdAIPGv,nsjiKPCz,687.0
12,0,inJVXMtB,vfdAIPGv,687.0
12,0,ubZrQMid,inJVXMtB,687.0
12,0,gBkmsEyR,ubZrQMid,687.0
12,0,cGoHBmgo,gBkmsEyR,687.0
12,0,fOfcyQgJ,cGoHBmgo,687.0
12,0,YXOKWXAw,fOfcyQgJ,687.0
12,0,gzZgDndk,YXOKWXAw,687.0
12,0,NQaaFyOm,gzZgDndk,527.0
12,0,iPNesxKP,NQaaFyOm,527.0
12,0,CdibamDB,DKPrUpnj,648.0
12,0,lBopHXdD,CdibamDB,648.0
12,0,vwEcxUej,lBopHXdD,648.0
12,0,JBpFxiqb,vwEcxUej,648.0
12,0,Oslgxmkx,JBpFxiqb,648.0
685,0,bWAbaUPC,cEOIeJTR,2099.0
12,0,leJfirnk,yrRBvFtZ,257.0
12,0,QRSRIbba,leJfirnk,257.0
12,0,EkCoFwMY,QRSRIbba,257.0
12,0,jqriedgy,EkCoFwMY,257.0
12,0,MTAZIXBL,jqriedgy,257.0
12,0,RkbXqAIs,MTAZIXBL,318.0
12,0,NLDgVASg,RkbXqAIs,463.0
12,0,DKPrUpnj,NLDgVASg,463.0
490,0,pSVDMeCH,gaLZwYvS,948.0
490,0,FTwVCxQy,pSVDMeCH,948.0
490,0,RFaTWaew,FTwVCxQy,948.0
490,0,mYoRZvtc,RFaTWaew,1277.0
490,0,NKCxdwhs,mYoRZvtc,2633.0
490,0,eeSdZFhf,NKCxdwhs,2633.0
490,0,UaWwvNMO,eeSdZFhf,3397.0
490,0,gFAsBeQM,UaWwvNMO,3397.0
477,0,mYoRZvtc,RFaTWaew,587.0
616,0,NQaaFyOm,yhXmuUeN,1561.0
616,0,iPNesxKP,NQaaFyOm,349.0
616,0,xQpNdvvD,GigUVtty,671.0
616,0,VuxSFkGj,xQpNdvvD,671.0
616,0,SQUoXVXU,VuxSFkGj,683.0
616,0,tZiWmgTn,SQUoXVXU,683.0
616,0,TJGhHrvm,tZiWmgTn,695.0
616,0,GigUVtty,mVhkAqwx,697.0
572,0,wOZIcmuB,iPNesxKP,38.0
616,0,wOZIcmuB,iPNesxKP,208.0
481,0,POdtxoZm,UrQlyWkl,3388.0
481,0,YvLYpMPH,POdtxoZm,3894.0
481,0,SemNVHvd,YvLYpMPH,3894.0
481,0,QnkNgkDL,SemNVHvd,3898.0
481,0,lctVuVOk,QnkNgkDL,4185.0
1740,0,eciAPzhn,RoAYEvND,482.0
1740,0,tOfkaukv,eciAPzhn,482.0
1740,0,exzjGTVf,tOfkaukv,482.0
1740,0,CcTUkfkl,exzjGTVf,482.0
1740,0,SqxhBMol,CcTUkfkl,572.0
1740,0,vIqdsoZx,SqxhBMol,503.0
1740,0,WPPGaTFA,vIqdsoZx,390.0
1740,0,zavSPsgu,WPPGaTFA,415.0
1740,0,UrQlyWkl,zavSPsgu,415.0
1740,0,POdtxoZm,UrQlyWkl,477.0
1740,0,YvLYpMPH,POdtxoZm,707.0
1740,0,QnkNgkDL,YvLYpMPH,707.0
1740,0,lctVuVOk,QnkNgkDL,708.0
1701,0,gxWBbdrZ,aHsZaffM,612.0
1701,0,mDPYPXHa,gxWBbdrZ,612.0
1701,0,XHLHCkqn,mDPYPXHa,612.0
491,0,JovbzjVh,qDeoslSZ,964.0
491,0,DCdKJxNH,JovbzjVh,980.0
491,0,DsuTXcIa,DCdKJxNH,980.0
477,0,FTwVCxQy,KplKuAnp,6.0
477,0,RFaTWaew,FTwVCxQy,6.0
34,0,FTwVCxQy,pSVDMeCH,3651.0
34,0,xnBCUPNx,FTwVCxQy,4471.0
1244,0,FTwVCxQy,pSVDMeCH,3748.0
1244,0,xnBCUPNx,FTwVCxQy,4354.0
419,0,lctVuVOk,iPNesxKP,8051.0
419,0,iLaGOhZk,lctVuVOk,9164.0
12,0,lctVuVOk,iPNesxKP,512.0
12,0,iLaGOhZk,lctVuVOk,512.0
12,0,wuyFtExA,EtvjcvTp,78.0
12,0,MrybjzSo,wuyFtExA,78.0
12,0,yrRBvFtZ,MrybjzSo,78.0
463,0,pSVDMeCH,gaLZwYvS,1170.0
463,0,FTwVCxQy,pSVDMeCH,1178.0
463,0,xnBCUPNx,FTwVCxQy,1603.0
463,0,PbNNbEKu,xnBCUPNx,1710.0
463,0,fTOPrrgc,PbNNbEKu,1764.0
463,0,ErjukRDc,fTOPrrgc,1764.0
463,0,ojYgsDtJ,ErjukRDc,1815.0
213,0,mYoRZvtc,RFaTWaew,131.0
213,0,WWGVlxtV,mYoRZvtc,410.0
213,0,xAtzquQH,WWGVlxtV,410.0
213,0,GHMmjNDZ,xAtzquQH,410.0
213,0,ZpgoacOO,GHMmjNDZ,410.0
204,0,ZyxFjabk,yQIotbyH,779.0
204,0,RyfxjoUl,ZyxFjabk,779.0
204,0,QIQMIQBO,RyfxjoUl,920.0
204,0,KHrhIPzf,QIQMIQBO,1035.0
204,0,WAnDToyk,KHrhIPzf,1053.0
481,0,EocVuyzS,lctVuVOk,966.0
481,0,lwcIkPvE,EocVuyzS,741.0
1318,0,LKVeVUNI,BpAiVnps,3759.0
1318,0,BpAiVnps,RVGhYAxc,5209.0
419,0,ZpgoacOO,iLaGOhZk,7593.0
12,0,ZpgoacOO,iLaGOhZk,415.0
419,0,eYoPTdNP,ZpgoacOO,6916.0
663,0,zjSAMvDn,DOGyniWl,225.0
663,0,ZaBRaevd,zjSAMvDn,244.0
663,0,EZnTnoxs,ZaBRaevd,241.0
663,0,faYOimYm,EZnTnoxs,159.0
663,0,cmGUMIAA,faYOimYm,159.0
663,0,sDgMDbLK,cmGUMIAA,159.0
663,0,MUKiuGPJ,sDgMDbLK,105.0
663,0,LLvlNCEB,MUKiuGPJ,105.0
663,0,oXfrIVbN,LLvlNCEB,105.0
663,0,AFWGXQGm,oXfrIVbN,105.0
663,0,WTiRZunt,AFWGXQGm,61.0
663,0,RGyQypSn,WTiRZunt,61.0
663,0,jsUuEBbk,RGyQypSn,61.0
227,0,cCSIoIah,gViLrCgA,669.0
227,0,DLdtTvFi,cCSIoIah,669.0
227,0,vRWSdFEN,DLdtTvFi,680.0
227,0,WPBOglHu,vRWSdFEN,841.0
227,0,ftMGYADA,WPBOglHu,841.0
227,0,lklhFYFG,ftMGYADA,841.0
227,0,vNMxowJX,lklhFYFG,841.0
227,0,pPReLBCT,vNMxowJX,991.0
227,0,AqgjLYqB,pPReLBCT,970.0
227,0,QkCkRebE,AqgjLYqB,970.0
227,0,RfzcmazU,XwcxmOai,943.0
227,0,cEwgxjVO,RfzcmazU,939.0
663,0,WCllcJIC,SEjojzMr,106.0
663,0,OXcUkifL,WCllcJIC,106.0
663,0,POsNTwnJ,OXcUkifL,106.0
663,0,rRGVruPM,POsNTwnJ,106.0
663,0,YmkUpvHU,rRGVruPM,106.0
663,0,GbYxEXTt,YmkUpvHU,110.0
663,0,DOGyniWl,GbYxEXTt,110.0
233,0,GpnhEWuy,QDIpIlEK,165.0
233,0,YmkUpvHU,GpnhEWuy,142.0
1623,0,yLtehlsl,iSMSiXHg,1359.0
1623,0,ZfvMwthQ,yLtehlsl,1359.0
1623,0,rWJbJwsc,ZfvMwthQ,1359.0
663,0,KIvXTDlT,IvXmMOhB,41.0
663,0,TgzZcdmy,KIvXTDlT,41.0
663,0,SEjojzMr,TgzZcdmy,41.0
663,0,HcKLTTXk,lRwVVbKf,7.0
663,0,IvXmMOhB,HcKLTTXk,7.0
318,0,XwcxmOai,nrUfCQxz,3314.0
318,0,sCyvkPkr,XwcxmOai,3366.0
318,0,YLjwrcCY,sCyvkPkr,3395.0
318,0,RfzcmazU,YLjwrcCY,3528.0
318,0,ImIhxSnH,RfzcmazU,3577.0
458,0,cEOIeJTR,CfleTooC,73.0
458,0,bWAbaUPC,cEOIeJTR,73.0
458,0,qrSNpKDz,bWAbaUPC,73.0
458,0,HrNWphPZ,qrSNpKDz,73.0
458,0,jcbMPQjL,HrNWphPZ,73.0
458,0,KbyuLDsq,jcbMPQjL,73.0
458,0,rBcsOnfo,KbyuLDsq,73.0
458,0,XAYndOhY,rBcsOnfo,73.0
458,0,cPCRxZjy,XAYndOhY,73.0
458,0,qpacHTVx,cPCRxZjy,73.0
458,0,klenweCZ,qpacHTVx,73.0
458,0,JYcdyiOK,heyKMWAh,64.0
458,0,gDobDJgN,JYcdyiOK,64.0
458,0,gUXxyAlR,gDobDJgN,64.0
458,0,CfleTooC,gUXxyAlR,64.0
401,0,eJfPkird,kgNzHUbI,5529.0
572,0,kWtooBDW,wOZIcmuB,30.0
572,0,jkuUxjyr,kWtooBDW,30.0
572,0,LvbzkrjO,jkuUxjyr,30.0
572,0,FXEtzSuC,LvbzkrjO,30.0
572,0,bpXNEOYE,FXEtzSuC,30.0
572,0,IIzQthVA,bpXNEOYE,30.0
1244,0,MEVzYGii,xnBCUPNx,4655.0
1244,0,byZXHxZy,MEVzYGii,4721.0
616,0,kWtooBDW,wOZIcmuB,206.0
616,0,jkuUxjyr,kWtooBDW,206.0
616,0,LvbzkrjO,jkuUxjyr,206.0
616,0,FXEtzSuC,LvbzkrjO,206.0
616,0,bpXNEOYE,FXEtzSuC,206.0
616,0,IIzQthVA,bpXNEOYE,206.0
1747,0,EfWhclss,DJsuwMnQ,5912.0
1747,0,SqxhBMol,EfWhclss,5633.0
1747,0,HrNWphPZ,nrKKniYe,4661.0
1747,0,jcbMPQjL,HrNWphPZ,4781.0
1747,0,KbyuLDsq,jcbMPQjL,5849.0
1747,0,XAYndOhY,KbyuLDsq,5819.0
458,0,wdBsZaVr,klenweCZ,6.0
458,0,FXEtzSuC,wdBsZaVr,6.0
458,0,bpXNEOYE,FXEtzSuC,6.0
458,0,IIzQthVA,bpXNEOYE,6.0
419,0,rlRRFZPO,eYoPTdNP,6879.0
12,0,eYoPTdNP,ZpgoacOO,359.0
486,0,duRJdiSr,jeadfqyj,38.0
486,0,uBFbbvHN,duRJdiSr,38.0
486,0,YjUiSglA,uBFbbvHN,38.0
486,0,xPaGbpFW,YjUiSglA,38.0
486,0,LJLjKFnn,xPaGbpFW,38.0
486,0,gzZgDndk,LJLjKFnn,38.0
486,0,NQaaFyOm,gzZgDndk,24.0
34,0,MEVzYGii,xnBCUPNx,4961.0
34,0,yQIotbyH,MEVzYGii,5043.0
1244,0,yQIotbyH,byZXHxZy,4680.0
1441,0,LsuNFzpq,kVCEAUTv,1261.0
481,0,WtSrfmmv,msSSSjFI,943.0
481,0,lpqoYdNq,WtSrfmmv,943.0
481,0,BIPxiHLi,lpqoYdNq,943.0
481,0,yrMfCrKd,BIPxiHLi,1210.0
481,0,FJDNPLrp,yrMfCrKd,1249.0
481,0,YyXnCqJL,FJDNPLrp,1251.0
481,0,DUgAaGlT,YyXnCqJL,1251.0
419,0,yQfeHodw,rlRRFZPO,4479.0
419,0,YEqGDaQm,yQfeHodw,4479.0
419,0,QjBtnCad,YEqGDaQm,4523.0
205,0,NPqatCDm,oBjbzljy,260.0
205,0,XiaLQvRI,NPqatCDm,262.0
205,0,gNlImmtJ,XiaLQvRI,262.0
205,0,kdVJdnYB,gNlImmtJ,262.0
205,0,nMidlhrd,kdVJdnYB,262.0
205,0,JODrgTwh,nMidlhrd,262.0
1747,0,msSSSjFI,XAYndOhY,5117.0
1747,0,WtSrfmmv,msSSSjFI,4779.0
1747,0,lpqoYdNq,WtSrfmmv,4939.0
1747,0,BIPxiHLi,lpqoYdNq,4954.0
1747,0,yrMfCrKd,BIPxiHLi,4965.0
1747,0,KHrhIPzf,yrMfCrKd,5086.0
204,0,xnBCUPNx,gaLZwYvS,193.0
204,0,MEVzYGii,xnBCUPNx,245.0
204,0,yQIotbyH,MEVzYGii,245.0
209,0,HefnspWQ,czFfIymd,1110.0
209,0,lDeAZniB,HefnspWQ,1099.0
209,0,sDgMDbLK,lDeAZniB,1099.0
209,0,MUKiuGPJ,sDgMDbLK,1100.0
209,0,BIPxiHLi,MUKiuGPJ,1100.0
209,0,yrMfCrKd,BIPxiHLi,822.0
209,0,KHrhIPzf,yrMfCrKd,822.0
665,0,WtPVEKaC,BYsSDXCP,245.0
665,0,czFfIymd,WtPVEKaC,245.0
665,0,HefnspWQ,czFfIymd,119.0
665,0,lDeAZniB,HefnspWQ,111.0
665,0,sDgMDbLK,lDeAZniB,111.0
665,0,MUKiuGPJ,sDgMDbLK,111.0
665,0,BIPxiHLi,MUKiuGPJ,111.0
665,0,yrMfCrKd,BIPxiHLi,111.0
665,0,fubLBmAl,DOGyniWl,201.0
665,0,zjSAMvDn,fubLBmAl,201.0
665,0,BYsSDXCP,zjSAMvDn,201.0
665,0,GpnhEWuy,QDIpIlEK,135.0
665,0,rRGVruPM,GpnhEWuy,135.0
665,0,YmkUpvHU,rRGVruPM,135.0
665,0,GbYxEXTt,YmkUpvHU,137.0
665,0,DOGyniWl,GbYxEXTt,137.0
464,0,QHFmFyLR,EkWBPXmr,1058.0
464,0,neNWquOh,QHFmFyLR,1058.0
464,0,KwaxxmSs,neNWquOh,1058.0
464,0,gzZgDndk,KwaxxmSs,1110.0
464,0,NQaaFyOm,gzZgDndk,4714.0
464,0,iPNesxKP,NQaaFyOm,5727.0
464,0,lctVuVOk,iPNesxKP,7527.0
464,0,EocVuyzS,lctVuVOk,7809.0
464,0,lwcIkPvE,EocVuyzS,7809.0
464,0,suszCmcx,lwcIkPvE,7949.0
464,0,Fwqgdxfa,suszCmcx,8120.0
916,0,xfbmoJHP,NCSBLEus,186.0
1747,0,DsuTXcIa,DCdKJxNH,4135.0
1747,0,bgWfLree,DsuTXcIa,5856.0
1747,0,nUYnioIh,bgWfLree,5856.0
1747,0,COReTzyE,nUYnioIh,5856.0
1747,0,DJsuwMnQ,COReTzyE,5940.0
1747,0,nrKKniYe,SqxhBMol,5380.0
463,0,suszCmcx,ojYgsDtJ,2340.0
463,0,Fwqgdxfa,suszCmcx,1756.0
481,0,suszCmcx,lwcIkPvE,343.0
481,0,msSSSjFI,suszCmcx,289.0
1747,0,JovbzjVh,qDeoslSZ,2815.0
1747,0,DCdKJxNH,JovbzjVh,2992.0
140,0,rhOosuOh,pNPkNoga,55.0
140,0,VKJFREzF,rhOosuOh,55.0
140,0,EvOnizWo,VKJFREzF,75.0
140,0,PjaElYBL,EvOnizWo,75.0
140,0,YvwuVYMF,PjaElYBL,75.0
419,0,WAnDToyk,QjBtnCad,4000.0
419,0,UwPVTdeZ,WAnDToyk,4206.0
1064,0,WdOwNGhj,xfbmoJHP,1317.0
1064,0,kKKRBhFF,WdOwNGhj,1156.0
1064,0,NFInfBeu,kKKRBhFF,1156.0
1064,0,VCQdmIoF,NFInfBeu,1156.0
1064,0,ePrpofUw,VCQdmIoF,1156.0
1064,0,KcvPUxQg,ePrpofUw,1156.0
1064,0,BlnSxBAr,KcvPUxQg,1156.0
1064,0,TCBUGaZf,BlnSxBAr,1156.0
427,0,xnBCUPNx,FTwVCxQy,282.0
427,0,MEVzYGii,xnBCUPNx,325.0
427,0,ZyxFjabk,MEVzYGii,325.0
427,0,RyfxjoUl,ZyxFjabk,386.0
427,0,WAnDToyk,RyfxjoUl,386.0
427,0,DvHSShZC,WAnDToyk,310.0
1747,0,WAnDToyk,KHrhIPzf,4877.0
1747,0,UwPVTdeZ,WAnDToyk,4877.0
209,0,WAnDToyk,KHrhIPzf,820.0
209,0,UwPVTdeZ,WAnDToyk,780.0
209,0,szQKyBKA,eBAbFKqQ,1444.0
209,0,czFfIymd,szQKyBKA,1444.0
727,0,aFlzccOO,yHDouIXe,1109.0
727,0,gpaAUChy,aFlzccOO,734.0
727,0,XAxmwtqw,gpaAUChy,734.0
727,0,YmDpkIHQ,XAxmwtqw,734.0
209,0,STSGJiIu,TdfMaTlB,1386.0
209,0,vpctkpYQ,STSGJiIu,1386.0
209,0,wegNXhqe,vpctkpYQ,1411.0
209,0,RZyHoyLx,wegNXhqe,1411.0
209,0,kKHgYdYp,RZyHoyLx,1411.0
209,0,eBAbFKqQ,kKHgYdYp,939.0
209,0,dbPZeeiE,LKVeVUNI,683.0
209,0,CsDsDrdU,dbPZeeiE,683.0
209,0,DGTEnFlN,CsDsDrdU,935.0
209,0,OPXtWBVk,DGTEnFlN,935.0
209,0,SvGtXrYj,OPXtWBVk,1198.0
209,0,TdfMaTlB,SvGtXrYj,1198.0
209,0,LKVeVUNI,BpAiVnps,552.0
727,0,nsbHlbAq,WhHfbZWj,147.0
727,0,cwgbfpqq,nsbHlbAq,147.0
727,0,fMrlznIn,cwgbfpqq,147.0
727,0,uXKxCjNA,fMrlznIn,147.0
727,0,bOiSLYGO,uXKxCjNA,147.0
425,0,jFRqfnFl,gmsNDepi,399.0
425,0,ysSWNERo,jFRqfnFl,399.0
425,0,lQIpGOTn,ysSWNERo,399.0
425,0,uhUmvvRs,lQIpGOTn,399.0
425,0,GgLRqpEG,uhUmvvRs,399.0
425,0,WFZVQzrl,GgLRqpEG,399.0
425,0,QDIpIlEK,WFZVQzrl,265.0
425,0,GpnhEWuy,QDIpIlEK,119.0
425,0,mLBQtksd,GpnhEWuy,119.0
425,0,rFvOiVZU,mLBQtksd,41.0
425,0,ezbmnBKa,rFvOiVZU,41.0
425,0,aaOdCJPr,ezbmnBKa,41.0
425,0,EZnTnoxs,aaOdCJPr,41.0
425,0,faYOimYm,EZnTnoxs,41.0
425,0,UGcgYMSg,faYOimYm,41.0
425,0,ThGrfpxl,UGcgYMSg,41.0
425,0,HYfXIyFk,ThGrfpxl,2.0
425,0,oQvXmJfL,HYfXIyFk,2.0
900,0,ZLWEzNmI,fTbQcCcQ,60.0
900,0,QeXyWyya,ZLWEzNmI,62.0
900,0,PifXIFet,QeXyWyya,69.0
900,0,tNmxviwt,PifXIFet,69.0
900,0,yHaTCNJc,tNmxviwt,69.0
356,0,QHFmFyLR,EkWBPXmr,733.0
356,0,neNWquOh,QHFmFyLR,733.0
356,0,KwaxxmSs,neNWquOh,735.0
356,0,gzZgDndk,KwaxxmSs,781.0
356,0,NQaaFyOm,gzZgDndk,3132.0
356,0,iPNesxKP,NQaaFyOm,3298.0
356,0,lctVuVOk,iPNesxKP,3969.0
356,0,EocVuyzS,lctVuVOk,3973.0
356,0,lwcIkPvE,EocVuyzS,3973.0
356,0,suszCmcx,lwcIkPvE,3986.0
356,0,UTBcifAN,suszCmcx,4090.0
227,0,fGmFhgnx,rckblBTM,132.0
227,0,zjjLSYAp,fGmFhgnx,180.0
227,0,nIakFMcq,zjjLSYAp,180.0
227,0,LYjhOoFf,nIakFMcq,321.0
227,0,QdWOxWia,LYjhOoFf,430.0
227,0,gViLrCgA,QdWOxWia,463.0
1740,0,EocVuyzS,lctVuVOk,706.0
1740,0,lwcIkPvE,EocVuyzS,706.0
1740,0,suszCmcx,lwcIkPvE,706.0
1740,0,UTBcifAN,suszCmcx,706.0
682,0,zfZPgPol,jkmSVBKz,896.0
682,0,YLjwrcCY,zfZPgPol,870.0
682,0,RfzcmazU,YLjwrcCY,735.0
682,0,cEwgxjVO,RfzcmazU,587.0
682,0,jkmSVBKz,QkCkRebE,883.0
682,0,JGbfxLUL,KQSHMGnw,328.0
682,0,IjwLXBRx,JGbfxLUL,328.0
682,0,TPsFloRu,IjwLXBRx,328.0
682,0,VCDwRKse,TPsFloRu,612.0
682,0,lZYsrfVZ,VCDwRKse,612.0
682,0,jXeBpcDF,lZYsrfVZ,612.0
682,0,goaumTLR,jXeBpcDF,695.0
682,0,vNMxowJX,goaumTLR,696.0
682,0,voZaDctr,vNMxowJX,696.0
682,0,rDcmNjNB,voZaDctr,696.0
682,0,pPReLBCT,rDcmNjNB,696.0
682,0,AqgjLYqB,pPReLBCT,697.0
682,0,QkCkRebE,AqgjLYqB,697.0
1398,0,ZIPCqImv,ciAbSxQX,1307.0
1398,0,aWNaUdzp,ZIPCqImv,1307.0
1398,0,FCsbIOBe,aWNaUdzp,2203.0
1398,0,wyEQXfIU,FCsbIOBe,2203.0
1398,0,aRKvwhNi,wyEQXfIU,2203.0
1398,0,lsBVGYKC,aRKvwhNi,2207.0
1398,0,WhHfbZWj,lsBVGYKC,1771.0
1398,0,nsbHlbAq,WhHfbZWj,1371.0
1398,0,cwgbfpqq,nsbHlbAq,1355.0
1398,0,fMrlznIn,cwgbfpqq,1355.0
1398,0,uXKxCjNA,fMrlznIn,1355.0
1398,0,bOiSLYGO,uXKxCjNA,1355.0
1398,0,mhgPTzcZ,bOiSLYGO,1203.0
1398,0,WFZVQzrl,mhgPTzcZ,963.0
1398,0,tRncbstl,WFZVQzrl,591.0
1398,0,QDIpIlEK,tRncbstl,489.0
1398,0,GpnhEWuy,QDIpIlEK,333.0
1398,0,YmkUpvHU,GpnhEWuy,292.0
1398,0,GbYxEXTt,YmkUpvHU,287.0
1398,0,DOGyniWl,GbYxEXTt,99.0
1398,0,fubLBmAl,DOGyniWl,99.0
1398,0,zjSAMvDn,fubLBmAl,99.0
1398,0,BYsSDXCP,zjSAMvDn,84.0
1398,0,WtPVEKaC,BYsSDXCP,84.0
1398,0,cniBuICf,WtPVEKaC,84.0
1398,0,LPfgjVyT,cniBuICf,84.0
146,0,NPqatCDm,oBjbzljy,168.0
146,0,XiaLQvRI,NPqatCDm,920.0
146,0,gNlImmtJ,XiaLQvRI,926.0
146,0,kdVJdnYB,gNlImmtJ,926.0
146,0,nMidlhrd,kdVJdnYB,911.0
146,0,JODrgTwh,nMidlhrd,911.0
852,0,WhHfbZWj,lsBVGYKC,53.0
227,0,rckblBTM,QpprBOSr,126.0
1398,0,TEKQTTfp,YzXnYVPd,607.0
1398,0,ciAbSxQX,TEKQTTfp,607.0
1398,0,MhxjGQjy,mhYSfvAq,396.0
1398,0,EhUxMFuQ,MhxjGQjy,396.0
1398,0,HZcfHzwe,EhUxMFuQ,396.0
1398,0,KcDUQTDz,HZcfHzwe,409.0
1398,0,qoWOoICL,KcDUQTDz,409.0
1398,0,FwybjYQK,qoWOoICL,409.0
1398,0,ZuDlysuz,FwybjYQK,471.0
1398,0,IkwHYYuh,ZuDlysuz,471.0
1398,0,YzXnYVPd,IkwHYYuh,471.0
1065,0,OfWHUDWP,TQJSOMwc,517.0
1244,0,taEXnGBL,yQIotbyH,3852.0
1244,0,rZoajhYh,taEXnGBL,3852.0
481,0,taEXnGBL,DUgAaGlT,1116.0
481,0,rZoajhYh,taEXnGBL,1116.0
1140,0,QHFmFyLR,EkWBPXmr,655.0
1140,0,neNWquOh,QHFmFyLR,655.0
1140,0,KwaxxmSs,neNWquOh,655.0
1140,0,gzZgDndk,KwaxxmSs,660.0
1140,0,NQaaFyOm,gzZgDndk,1268.0
1140,0,iPNesxKP,NQaaFyOm,1481.0
1140,0,lctVuVOk,iPNesxKP,1700.0
1140,0,ZpgoacOO,lctVuVOk,1746.0
1140,0,eYoPTdNP,ZpgoacOO,1848.0
1140,0,rlRRFZPO,eYoPTdNP,1855.0
1140,0,JXTJImqP,rlRRFZPO,1855.0
1140,0,zZjujLYd,JXTJImqP,1855.0
1140,0,xaaBiNQT,zZjujLYd,1855.0
1340,0,BpAiVnps,RVGhYAxc,2446.0
205,0,EdqXvVeI,nPkrzCty,106.0
205,0,oBjbzljy,EdqXvVeI,106.0
419,0,gbxdgQQp,UwPVTdeZ,4147.0
209,0,FYNyHfeM,UwPVTdeZ,427.0
209,0,gbxdgQQp,FYNyHfeM,427.0
204,0,HUkyeYlq,WAnDToyk,975.0
204,0,PYpgWopD,HUkyeYlq,1117.0
204,0,lDeAZniB,PYpgWopD,1117.0
204,0,bLzlxnwB,lDeAZniB,1117.0
400,0,ogOCBKAf,dWLNxRJP,1576.0
147,0,QHFmFyLR,EkWBPXmr,249.0
147,0,neNWquOh,QHFmFyLR,249.0
147,0,KwaxxmSs,neNWquOh,249.0
147,0,gzZgDndk,KwaxxmSs,305.0
147,0,NQaaFyOm,gzZgDndk,790.0
147,0,iPNesxKP,NQaaFyOm,863.0
147,0,lctVuVOk,iPNesxKP,1031.0
147,0,EocVuyzS,lctVuVOk,1031.0
147,0,lwcIkPvE,EocVuyzS,1031.0
147,0,suszCmcx,lwcIkPvE,1031.0
147,0,UTBcifAN,suszCmcx,1040.0
147,0,HQVZivsH,UTBcifAN,1354.0
147,0,tTrMaEIS,HQVZivsH,1354.0
147,0,WeXgsZLY,tTrMaEIS,1354.0
685,0,qrSNpKDz,bWAbaUPC,1787.0
685,0,HrNWphPZ,qrSNpKDz,1848.0
685,0,XwcxmOai,HrNWphPZ,1479.0
685,0,RfzcmazU,XwcxmOai,1567.0
685,0,cEwgxjVO,RfzcmazU,1628.0
685,0,fRBexIzo,cEwgxjVO,1729.0
204,0,wSspaAkq,bLzlxnwB,1176.0
204,0,NppIhzQC,wSspaAkq,1176.0
204,0,WtPVEKaC,NppIhzQC,1173.0
204,0,tTrMaEIS,WtPVEKaC,869.0
204,0,WeXgsZLY,tTrMaEIS,869.0
448,0,UfJDroVz,lsFGVtlq,4.0
448,0,biJBLznK,UfJDroVz,4.0
448,0,TcsyXYNn,biJBLznK,4.0
448,0,qKeCDDXI,TcsyXYNn,4.0
448,0,YmkUpvHU,qKeCDDXI,4.0
448,0,GbYxEXTt,YmkUpvHU,4.0
448,0,ItndWSiW,GbYxEXTt,4.0
448,0,DOGyniWl,ItndWSiW,4.0
448,0,fubLBmAl,DOGyniWl,4.0
448,0,zjSAMvDn,fubLBmAl,4.0
448,0,BYsSDXCP,zjSAMvDn,2.0
448,0,WtPVEKaC,BYsSDXCP,2.0
318,0,iEKuRfDT,ImIhxSnH,3501.0
318,0,PlyJazqR,iEKuRfDT,2779.0
318,0,kkrKJmiC,PlyJazqR,2772.0
682,0,fRBexIzo,cEwgxjVO,559.0
227,0,fRBexIzo,cEwgxjVO,948.0
227,0,nDzrviXX,fRBexIzo,948.0
200,0,nPkrzCty,lqMPnIra,69.0
200,0,OPXtWBVk,nPkrzCty,69.0
200,0,SvGtXrYj,OPXtWBVk,69.0
200,0,TdfMaTlB,SvGtXrYj,69.0
200,0,STSGJiIu,TdfMaTlB,69.0
200,0,vpctkpYQ,STSGJiIu,69.0
200,0,wegNXhqe,vpctkpYQ,69.0
200,0,RZyHoyLx,wegNXhqe,69.0
200,0,kKHgYdYp,RZyHoyLx,69.0
200,0,rLrKZBjw,kKHgYdYp,69.0
1255,0,BpAiVnps,RVGhYAxc,1087.0
356,0,HQVZivsH,UTBcifAN,2761.0
356,0,DeiIsjyA,HQVZivsH,2761.0
1741,0,uxsctOEt,RfEbENxd,1152.0
1741,0,UfJDroVz,uxsctOEt,1152.0
1741,0,biJBLznK,UfJDroVz,1152.0
1741,0,TcsyXYNn,biJBLznK,1152.0
1741,0,qKeCDDXI,TcsyXYNn,1152.0
1741,0,jQaLNViL,gyQqEnFq,232.0
1741,0,RfEbENxd,jQaLNViL,288.0
75,0,kTKiYpVR,rilZLDfI,914.0
75,0,bjpXdchK,kTKiYpVR,250.0
75,0,dEgXqWEW,bjpXdchK,250.0
75,0,ZWGREbnj,dEgXqWEW,250.0
75,0,cgIzawVB,ZWGREbnj,250.0
803,0,kWrGTFqC,cgIzawVB,14.0
419,0,HeRWBWAv,gbxdgQQp,4097.0
419,0,YmDpkIHQ,HeRWBWAv,4096.0
427,0,KplKuAnp,iYMJvRAf,27.0
427,0,FTwVCxQy,KplKuAnp,30.0
1244,0,LccdLENM,rZoajhYh,3112.0
1244,0,BaKUDeNn,LccdLENM,3112.0
1244,0,NuyYqrDq,BaKUDeNn,953.0
1747,0,gbxdgQQp,UwPVTdeZ,4743.0
727,0,mSXRukCc,kjxfKqbD,98.0
727,0,FFGyTMvJ,mSXRukCc,98.0
727,0,lsBVGYKC,FFGyTMvJ,98.0
727,0,WhHfbZWj,lsBVGYKC,100.0
1142,0,oBjbzljy,sZwmfbNt,581.0
1142,0,aYSqaQmJ,oBjbzljy,600.0
1142,0,PjfwSZnl,aYSqaQmJ,1734.0
1142,0,mLFZUgfn,PjfwSZnl,1824.0
1142,0,ftrZKujQ,mLFZUgfn,1824.0
1142,0,yXKTuRtI,ftrZKujQ,1824.0
1506,0,EVAUYvVR,JKFFGKvY,11406.0
1506,0,GYfZYaJh,EVAUYvVR,11380.0
1506,0,WFZVQzrl,GYfZYaJh,8814.0
727,0,CEZTRnUo,qflzswAf,85.0
727,0,funWfCdm,CEZTRnUo,85.0
727,0,rnFrOJMw,funWfCdm,85.0
727,0,MklhhYCQ,rnFrOJMw,87.0
727,0,nzTRQfUi,MklhhYCQ,87.0
727,0,nhSXMXjw,nzTRQfUi,87.0
727,0,kjxfKqbD,nhSXMXjw,89.0
481,0,yyqygEVd,rZoajhYh,820.0
481,0,LccdLENM,yyqygEVd,820.0
481,0,BaKUDeNn,LccdLENM,820.0
209,0,SyufMOPd,HeRWBWAv,427.0
209,0,HeRWBWAv,gbxdgQQp,426.0
720,0,QDIpIlEK,WFZVQzrl,1580.0
720,0,IESGsZGI,QDIpIlEK,1639.0
720,0,GpnhEWuy,IESGsZGI,1639.0
720,0,rRGVruPM,GpnhEWuy,1639.0
720,0,mLBQtksd,rRGVruPM,1635.0
720,0,knCDNjnp,mLBQtksd,531.0
720,0,nYVfIRsk,knCDNjnp,531.0
720,0,IHZGJZTs,nYVfIRsk,529.0
720,0,iOuVBZzk,IHZGJZTs,486.0
720,0,kjxfKqbD,hSRFRBsa,226.0
720,0,mSXRukCc,kjxfKqbD,226.0
720,0,PkbhOCMh,mSXRukCc,226.0
720,0,FFGyTMvJ,PkbhOCMh,227.0
720,0,eyAJPdep,FFGyTMvJ,227.0
720,0,lsBVGYKC,eyAJPdep,458.0
720,0,WhHfbZWj,lsBVGYKC,1350.0
720,0,nsbHlbAq,WhHfbZWj,2941.0
720,0,cwgbfpqq,nsbHlbAq,2941.0
720,0,fMrlznIn,cwgbfpqq,2942.0
720,0,YzgNCqsj,fMrlznIn,2942.0
720,0,uXKxCjNA,YzgNCqsj,2942.0
720,0,bOiSLYGO,uXKxCjNA,2986.0
720,0,mhgPTzcZ,bOiSLYGO,3070.0
720,0,WFZVQzrl,mhgPTzcZ,830.0
664,0,JXTJImqP,rlRRFZPO,566.0
664,0,zZjujLYd,JXTJImqP,566.0
664,0,tkQUdzPW,zZjujLYd,591.0
664,0,xaaBiNQT,tkQUdzPW,591.0
664,0,eddhjHaw,xaaBiNQT,742.0
664,0,HzpUPWzy,eddhjHaw,742.0
427,0,gbxdgQQp,DvHSShZC,317.0
427,0,HeRWBWAv,gbxdgQQp,317.0
427,0,nObXmJzU,HeRWBWAv,495.0
427,0,ScxuUYRs,nObXmJzU,519.0
427,0,HzpUPWzy,ScxuUYRs,521.0
227,0,QgwCgjAi,nDzrviXX,909.0
227,0,zAwPDfkg,QgwCgjAi,27.0
664,0,rlRRFZPO,BOjJhphU,107.0
253,0,WhHfbZWj,lsBVGYKC,3886.0
253,0,nsbHlbAq,WhHfbZWj,4713.0
253,0,cwgbfpqq,nsbHlbAq,4779.0
253,0,fMrlznIn,cwgbfpqq,4756.0
253,0,uXKxCjNA,fMrlznIn,4756.0
253,0,bOiSLYGO,uXKxCjNA,4756.0
253,0,WFZVQzrl,bOiSLYGO,4839.0
356,0,anWZyaGW,DeiIsjyA,2704.0
664,0,QJswlIXy,HzpUPWzy,310.0
1506,0,BpAiVnps,RVGhYAxc,11244.0
1506,0,LKVeVUNI,BpAiVnps,13156.0
1506,0,dbPZeeiE,LKVeVUNI,14664.0
1506,0,CsDsDrdU,dbPZeeiE,14042.0
1506,0,rJRvqICk,CsDsDrdU,13130.0
1506,0,AmahvgQB,rJRvqICk,13133.0
1506,0,aYSqaQmJ,AmahvgQB,12368.0
34,0,taEXnGBL,yQIotbyH,4195.0
34,0,rZoajhYh,taEXnGBL,4195.0
34,0,NuyYqrDq,rZoajhYh,4807.0
34,0,gpaAUChy,NuyYqrDq,5406.0
1244,0,FRJCPtXT,NuyYqrDq,948.0
1244,0,lWMzEGsN,FRJCPtXT,948.0
1244,0,IgEBJNwX,lWMzEGsN,948.0
1471,0,iPNesxKP,NQaaFyOm,1939.0
1471,0,lctVuVOk,iPNesxKP,1983.0
1471,0,iLaGOhZk,lctVuVOk,3303.0
1471,0,ZpgoacOO,iLaGOhZk,3303.0
1471,0,eYoPTdNP,ZpgoacOO,3882.0
1471,0,rlRRFZPO,eYoPTdNP,3882.0
1471,0,YEqGDaQm,rlRRFZPO,3907.0
1471,0,QjBtnCad,YEqGDaQm,3907.0
1471,0,WAnDToyk,QjBtnCad,3907.0
1471,0,UwPVTdeZ,WAnDToyk,3907.0
1471,0,gbxdgQQp,UwPVTdeZ,3907.0
1471,0,HeRWBWAv,gbxdgQQp,3907.0
1471,0,xjaGpszF,HeRWBWAv,3907.0
1471,0,ALSylDBQ,xjaGpszF,3907.0
1471,0,CTdLzzOf,ALSylDBQ,4562.0
1471,0,MOTjsakF,CTdLzzOf,4562.0
1142,0,NXLrCKMp,xiTGCYEl,1606.0
1142,0,FyoAuDvn,NXLrCKMp,1606.0
1142,0,GpnhEWuy,FyoAuDvn,1803.0
1142,0,rRGVruPM,GpnhEWuy,1905.0
1142,0,mLBQtksd,rRGVruPM,1809.0
1142,0,knCDNjnp,mLBQtksd,2124.0
1142,0,nYVfIRsk,knCDNjnp,2123.0
1142,0,IHZGJZTs,nYVfIRsk,1811.0
1142,0,EcsZBajf,IHZGJZTs,1811.0
1142,0,iOuVBZzk,EcsZBajf,2015.0
1471,0,NQaaFyOm,gzZgDndk,1373.0
664,0,OrbXRiVv,QJswlIXy,304.0
448,0,QontmjvH,JIllbhjr,2.0
448,0,flXjJYer,QontmjvH,2.0
448,0,oBtsEQRM,flXjJYer,2.0
448,0,uxsctOEt,oBtsEQRM,2.0
448,0,lsFGVtlq,uxsctOEt,2.0
1740,0,HQVZivsH,UTBcifAN,531.0
1740,0,DeiIsjyA,HQVZivsH,531.0
1740,0,anWZyaGW,DeiIsjyA,626.0
1740,0,OrbXRiVv,anWZyaGW,654.0
685,0,XtlnoPeE,fRBexIzo,1694.0
685,0,eTJQHplR,XtlnoPeE,1638.0
685,0,bZroqIhX,eTJQHplR,2127.0
685,0,LBOtcvsG,wvKdtztS,1098.0
852,0,CEZTRnUo,qflzswAf,15.0
852,0,funWfCdm,CEZTRnUo,15.0
852,0,rnFrOJMw,funWfCdm,15.0
852,0,MklhhYCQ,rnFrOJMw,15.0
852,0,nzTRQfUi,MklhhYCQ,15.0
852,0,nhSXMXjw,nzTRQfUi,15.0
852,0,kjxfKqbD,nhSXMXjw,15.0
852,0,mSXRukCc,kjxfKqbD,15.0
852,0,FFGyTMvJ,mSXRukCc,15.0
852,0,eyAJPdep,FFGyTMvJ,15.0
852,0,lsBVGYKC,eyAJPdep,15.0
1140,0,eddhjHaw,xaaBiNQT,1431.0
1140,0,MmtauPfr,eddhjHaw,1431.0
427,0,NmoBNBiw,HzpUPWzy,774.0
427,0,MmtauPfr,NmoBNBiw,774.0
102,0,WdOwNGhj,xfbmoJHP,1306.0
102,0,kKKRBhFF,WdOwNGhj,1306.0
102,0,NFInfBeu,kKKRBhFF,1477.0
102,0,VCQdmIoF,NFInfBeu,1477.0
102,0,ePrpofUw,VCQdmIoF,1477.0
102,0,KcvPUxQg,ePrpofUw,1562.0
102,0,BlnSxBAr,KcvPUxQg,1683.0
102,0,WuDSdBCd,BlnSxBAr,2116.0
102,0,icUsjZEb,WuDSdBCd,2181.0
102,0,lhadwkCG,icUsjZEb,2181.0
102,0,awnNVqry,lhadwkCG,2181.0
102,0,mXwfazRz,awnNVqry,2181.0
102,0,NGAodVTg,mXwfazRz,2181.0
102,0,TvGyfQSI,NGAodVTg,2181.0
102,0,HFYkXdPG,TvGyfQSI,2181.0
102,0,KjgVoxgR,HFYkXdPG,2181.0
102,0,EmkugZPX,KjgVoxgR,2176.0
102,0,lmZJehpq,EmkugZPX,2168.0
102,0,RVGhYAxc,lmZJehpq,2168.0
102,0,BpAiVnps,RVGhYAxc,2153.0
102,0,LKVeVUNI,BpAiVnps,2150.0
102,0,dbPZeeiE,LKVeVUNI,1687.0
102,0,CsDsDrdU,dbPZeeiE,1660.0
102,0,rJRvqICk,CsDsDrdU,1308.0
102,0,AmahvgQB,rJRvqICk,1308.0
102,0,aYSqaQmJ,AmahvgQB,1295.0
1142,0,yFEIEiOj,yXKTuRtI,1432.0
1142,0,dlzglDFV,yFEIEiOj,1439.0
1142,0,pZATYgJX,dlzglDFV,1439.0
1142,0,DkqFSkSd,pZATYgJX,1439.0
1142,0,bZroqIhX,DkqFSkSd,1439.0
1142,0,cNuIRYrx,bZroqIhX,1439.0
34,0,IgEBJNwX,gpaAUChy,4693.0
34,0,NCVzutVL,IgEBJNwX,4951.0
1244,0,DSOJysaP,IgEBJNwX,1251.0
1142,0,yNIUaSyZ,cNuIRYrx,1415.0
1142,0,xiTGCYEl,yNIUaSyZ,1415.0
449,0,anWZyaGW,DeiIsjyA,10.0
449,0,OrbXRiVv,anWZyaGW,10.0
449,0,cNuIRYrx,OrbXRiVv,33.0
449,0,yNIUaSyZ,cNuIRYrx,33.0
449,0,xiTGCYEl,yNIUaSyZ,33.0
449,0,NXLrCKMp,xiTGCYEl,33.0
449,0,FyoAuDvn,NXLrCKMp,33.0
449,0,GpnhEWuy,FyoAuDvn,33.0
449,0,mLBQtksd,GpnhEWuy,33.0
449,0,knCDNjnp,mLBQtksd,33.0
449,0,nYVfIRsk,knCDNjnp,33.0
449,0,IHZGJZTs,nYVfIRsk,33.0
449,0,EcsZBajf,IHZGJZTs,33.0
1471,0,IgEBJNwX,MOTjsakF,4048.0
1471,0,NCVzutVL,IgEBJNwX,3817.0
1140,0,LtGOEkbi,MmtauPfr,1291.0
1140,0,YGTBEvoR,LtGOEkbi,1289.0
1140,0,nYVfIRsk,YGTBEvoR,791.0
1141,0,QontmjvH,JIllbhjr,910.0
1141,0,flXjJYer,QontmjvH,910.0
1141,0,oBtsEQRM,flXjJYer,910.0
1141,0,UFoaQvGg,oBtsEQRM,1181.0
1141,0,uxsctOEt,UFoaQvGg,1181.0
1141,0,lsFGVtlq,uxsctOEt,1191.0
1453,0,NUTqiXnx,RfEbENxd,528.0
1453,0,lsFGVtlq,NUTqiXnx,528.0
1365,0,GpnhEWuy,QDIpIlEK,4637.0
1365,0,rRGVruPM,GpnhEWuy,4634.0
1365,0,mLBQtksd,rRGVruPM,4451.0
1365,0,knCDNjnp,mLBQtksd,3891.0
1365,0,nYVfIRsk,knCDNjnp,3891.0
1365,0,IHZGJZTs,nYVfIRsk,3891.0
1365,0,EcsZBajf,IHZGJZTs,3891.0
1453,0,RfEbENxd,jQaLNViL,466.0
682,0,XtlnoPeE,fRBexIzo,504.0
682,0,eTJQHplR,XtlnoPeE,407.0
682,0,bZroqIhX,eTJQHplR,408.0
682,0,cNuIRYrx,bZroqIhX,408.0
682,0,yNIUaSyZ,cNuIRYrx,408.0
682,0,xiTGCYEl,yNIUaSyZ,408.0
682,0,NXLrCKMp,xiTGCYEl,322.0
682,0,FyoAuDvn,NXLrCKMp,322.0
682,0,GpnhEWuy,FyoAuDvn,321.0
682,0,mLBQtksd,GpnhEWuy,321.0
682,0,knCDNjnp,mLBQtksd,117.0
682,0,nYVfIRsk,knCDNjnp,117.0
682,0,IHZGJZTs,nYVfIRsk,117.0
685,0,cNuIRYrx,bZroqIhX,2116.0
685,0,yNIUaSyZ,cNuIRYrx,2116.0
685,0,xiTGCYEl,yNIUaSyZ,2116.0
685,0,NXLrCKMp,xiTGCYEl,1998.0
685,0,FyoAuDvn,NXLrCKMp,1998.0
685,0,GpnhEWuy,FyoAuDvn,1075.0
685,0,mLBQtksd,GpnhEWuy,1074.0
685,0,knCDNjnp,mLBQtksd,629.0
685,0,nYVfIRsk,knCDNjnp,629.0
685,0,IHZGJZTs,nYVfIRsk,629.0
1318,0,eTJQHplR,XqVVjUzr,5728.0
712,0,RVGhYAxc,lmZJehpq,3163.0
712,0,BpAiVnps,RVGhYAxc,1272.0
1365,0,LKVeVUNI,BpAiVnps,1969.0
1365,0,dbPZeeiE,LKVeVUNI,2508.0
1365,0,CsDsDrdU,dbPZeeiE,2723.0
1365,0,rJRvqICk,CsDsDrdU,2825.0
1365,0,AmahvgQB,rJRvqICk,2881.0
1365,0,zgCGmKZn,AmahvgQB,2881.0
1365,0,JKFFGKvY,zgCGmKZn,3865.0
1365,0,EVAUYvVR,JKFFGKvY,4019.0
1365,0,GYfZYaJh,EVAUYvVR,4019.0
1365,0,WFZVQzrl,GYfZYaJh,4273.0
1365,0,QDIpIlEK,WFZVQzrl,4633.0
1512,0,QHFmFyLR,EkWBPXmr,1917.0
1512,0,neNWquOh,QHFmFyLR,1917.0
1512,0,KwaxxmSs,neNWquOh,1988.0
1512,0,gzZgDndk,KwaxxmSs,2603.0
1512,0,NQaaFyOm,gzZgDndk,3673.0
1512,0,iPNesxKP,NQaaFyOm,5576.0
1512,0,lctVuVOk,iPNesxKP,6414.0
1512,0,EocVuyzS,lctVuVOk,6870.0
1512,0,lwcIkPvE,EocVuyzS,7095.0
1512,0,suszCmcx,lwcIkPvE,7104.0
1512,0,UTBcifAN,suszCmcx,7631.0
1512,0,HQVZivsH,UTBcifAN,9703.0
1512,0,DeiIsjyA,HQVZivsH,9703.0
1512,0,anWZyaGW,DeiIsjyA,11982.0
1512,0,OrbXRiVv,anWZyaGW,12174.0
1512,0,cNuIRYrx,OrbXRiVv,12671.0
1318,0,STSGJiIu,TdfMaTlB,2983.0
1318,0,vpctkpYQ,STSGJiIu,3225.0
1318,0,XqVVjUzr,vpctkpYQ,3275.0
250,0,bZroqIhX,eTJQHplR,1910.0
250,0,cNuIRYrx,bZroqIhX,1915.0
725,0,CTdLzzOf,YmDpkIHQ,1279.0
725,0,MOTjsakF,CTdLzzOf,1279.0
725,0,IgEBJNwX,MOTjsakF,1279.0
725,0,Yhslgmod,IgEBJNwX,2006.0
725,0,UfJDroVz,Yhslgmod,2193.0
12,0,YEqGDaQm,eYoPTdNP,254.0
12,0,QjBtnCad,YEqGDaQm,254.0
12,0,WAnDToyk,QjBtnCad,254.0
12,0,UwPVTdeZ,WAnDToyk,254.0
12,0,gbxdgQQp,UwPVTdeZ,254.0
12,0,HeRWBWAv,gbxdgQQp,254.0
12,0,xjaGpszF,HeRWBWAv,254.0
12,0,CTdLzzOf,xjaGpszF,254.0
12,0,MOTjsakF,CTdLzzOf,254.0
12,0,IgEBJNwX,MOTjsakF,254.0
12,0,Yhslgmod,IgEBJNwX,254.0
1471,0,Yhslgmod,NCVzutVL,3722.0
1512,0,yNIUaSyZ,cNuIRYrx,12606.0
1512,0,xiTGCYEl,yNIUaSyZ,12606.0
1506,0,paIawFeA,nIakFMcq,4800.0
1506,0,LYjhOoFf,paIawFeA,4845.0
664,0,cNuIRYrx,OrbXRiVv,399.0
664,0,yNIUaSyZ,cNuIRYrx,394.0
664,0,xiTGCYEl,yNIUaSyZ,394.0
666,0,WAnDToyk,KHrhIPzf,128.0
666,0,HUkyeYlq,WAnDToyk,128.0
666,0,PYpgWopD,HUkyeYlq,166.0
666,0,lDeAZniB,PYpgWopD,166.0
666,0,bLzlxnwB,lDeAZniB,166.0
666,0,wSspaAkq,bLzlxnwB,268.0
666,0,NppIhzQC,wSspaAkq,268.0
666,0,anWZyaGW,NppIhzQC,268.0
666,0,OrbXRiVv,anWZyaGW,268.0
666,0,cNuIRYrx,OrbXRiVv,268.0
666,0,yNIUaSyZ,cNuIRYrx,268.0
666,0,xiTGCYEl,yNIUaSyZ,268.0
725,0,biJBLznK,UfJDroVz,2184.0
725,0,TcsyXYNn,biJBLznK,2184.0
725,0,qKeCDDXI,TcsyXYNn,2720.0
253,0,GbYxEXTt,YmkUpvHU,3100.0
253,0,YmkUpvHU,GpnhEWuy,1617.0
253,0,GpnhEWuy,QDIpIlEK,1649.0
233,0,GbYxEXTt,YmkUpvHU,102.0
233,0,ItndWSiW,GbYxEXTt,102.0
1468,0,rRGVruPM,GpnhEWuy,183.0
1468,0,YmkUpvHU,rRGVruPM,183.0
1468,0,GbYxEXTt,YmkUpvHU,183.0
528,0,IESGsZGI,QDIpIlEK,658.0
528,0,GpnhEWuy,IESGsZGI,658.0
528,0,rRGVruPM,GpnhEWuy,658.0
528,0,YmkUpvHU,rRGVruPM,735.0
528,0,GbYxEXTt,YmkUpvHU,735.0
528,0,ItndWSiW,GbYxEXTt,735.0
233,0,miDIXkTS,EFeZyZmg,1027.0
1750,0,GpnhEWuy,QDIpIlEK,642.0
1750,0,rRGVruPM,GpnhEWuy,642.0
1750,0,YmkUpvHU,rRGVruPM,486.0
1750,0,GbYxEXTt,YmkUpvHU,486.0
798,0,GpnhEWuy,QDIpIlEK,678.0
798,0,rRGVruPM,GpnhEWuy,678.0
798,0,YmkUpvHU,rRGVruPM,677.0
798,0,GbYxEXTt,YmkUpvHU,677.0
253,0,GiONHkbf,WFZVQzrl,2402.0
253,0,QDIpIlEK,GiONHkbf,1544.0
233,0,WavUqaXE,RxHTaOMh,1052.0
233,0,XHLHCkqn,WavUqaXE,1130.0
233,0,ULIlEdjB,XHLHCkqn,825.0
233,0,zfmNZkKD,ULIlEdjB,821.0
233,0,zVMCvpDh,zfmNZkKD,540.0
233,0,nOepWjtB,zVMCvpDh,540.0
233,0,kNXaohyL,nOepWjtB,540.0
233,0,gJicbLzN,kNXaohyL,540.0
233,0,lRwVVbKf,gJicbLzN,486.0
233,0,kXOxEoFm,lRwVVbKf,1054.0
233,0,EFeZyZmg,kXOxEoFm,1054.0
803,0,GbYxEXTt,YmkUpvHU,121.0
803,0,ItndWSiW,GbYxEXTt,121.0
798,0,llFTEWtD,IulxyPoH,143.0
798,0,fPhIOSOj,llFTEWtD,143.0
798,0,PQDqFTyk,fPhIOSOj,143.0
798,0,lUWTaWkd,PQDqFTyk,161.0
798,0,LDSuadxM,lUWTaWkd,161.0
1554,0,udTxdaUq,YmkUpvHU,12.0
1554,0,ItndWSiW,udTxdaUq,12.0
75,0,rilZLDfI,TzZKgVDl,813.0
1740,0,cNuIRYrx,OrbXRiVv,492.0
1740,0,yNIUaSyZ,cNuIRYrx,491.0
1740,0,xiTGCYEl,yNIUaSyZ,490.0
250,0,yNIUaSyZ,cNuIRYrx,1409.0
250,0,xiTGCYEl,yNIUaSyZ,1409.0
214,0,NcLanIdZ,SyrqOGJb,314.0
214,0,FDCDnriY,yYSDLmlm,906.0
214,0,hLEWSLqw,FDCDnriY,906.0
1142,0,EGZEcfNZ,lqMPnIra,190.0
1142,0,SgGmeaHk,EGZEcfNZ,190.0
1142,0,tpTDqbZI,SgGmeaHk,241.0
1142,0,hhrNEaMZ,tpTDqbZI,241.0
1142,0,BeiMHrtx,hhrNEaMZ,241.0
1142,0,sZwmfbNt,BeiMHrtx,241.0
319,0,EdqXvVeI,nPkrzCty,552.0
319,0,oBjbzljy,EdqXvVeI,550.0
1318,0,SvGtXrYj,OPXtWBVk,3365.0
1318,0,TdfMaTlB,SvGtXrYj,3365.0
866,0,zKrYjMnL,AGvhWyhD,1991.0
866,0,tRncbstl,WFZVQzrl,405.0
866,0,GiONHkbf,tRncbstl,405.0
866,0,QDIpIlEK,GiONHkbf,330.0
866,0,GpnhEWuy,QDIpIlEK,193.0
866,0,rRGVruPM,GpnhEWuy,193.0
866,0,YmkUpvHU,rRGVruPM,139.0
866,0,GbYxEXTt,YmkUpvHU,130.0
866,0,ItndWSiW,GbYxEXTt,130.0
880,0,uFMjBiuq,OUzlATeX,24.0
880,0,yQTYDvhm,uFMjBiuq,24.0
880,0,ySPnpMTg,yQTYDvhm,24.0
880,0,ZIPCqImv,ySPnpMTg,24.0
880,0,aWNaUdzp,ZIPCqImv,24.0
880,0,FCsbIOBe,aWNaUdzp,24.0
880,0,wyEQXfIU,FCsbIOBe,24.0
880,0,WhHfbZWj,wyEQXfIU,24.0
880,0,nsbHlbAq,WhHfbZWj,16.0
880,0,cwgbfpqq,nsbHlbAq,16.0
880,0,fMrlznIn,cwgbfpqq,16.0
880,0,uXKxCjNA,fMrlznIn,16.0
880,0,bOiSLYGO,uXKxCjNA,16.0
880,0,mhgPTzcZ,bOiSLYGO,14.0
880,0,WFZVQzrl,mhgPTzcZ,14.0
880,0,GiONHkbf,WFZVQzrl,14.0
880,0,QDIpIlEK,GiONHkbf,14.0
880,0,OeFzXvJs,QDIpIlEK,5.0
880,0,IESGsZGI,OeFzXvJs,5.0
880,0,GpnhEWuy,IESGsZGI,5.0
880,0,YmkUpvHU,GpnhEWuy,5.0
880,0,udTxdaUq,YmkUpvHU,5.0
880,0,ItndWSiW,udTxdaUq,5.0
253,0,CEZTRnUo,qflzswAf,3461.0
253,0,funWfCdm,CEZTRnUo,3461.0
253,0,rnFrOJMw,funWfCdm,3461.0
253,0,MklhhYCQ,rnFrOJMw,3461.0
253,0,nzTRQfUi,MklhhYCQ,3500.0
253,0,nhSXMXjw,nzTRQfUi,3513.0
253,0,kjxfKqbD,nhSXMXjw,3513.0
253,0,mSXRukCc,kjxfKqbD,3529.0
253,0,FFGyTMvJ,mSXRukCc,3530.0
253,0,lsBVGYKC,FFGyTMvJ,3751.0
1398,0,mhYSfvAq,UgzfanVk,28.0
1124,0,nzTRQfUi,MklhhYCQ,70.0
1124,0,nhSXMXjw,nzTRQfUi,46.0
1124,0,kjxfKqbD,nhSXMXjw,31.0
1124,0,mSXRukCc,kjxfKqbD,31.0
1124,0,FFGyTMvJ,mSXRukCc,31.0
1124,0,lsBVGYKC,FFGyTMvJ,31.0
1124,0,WhHfbZWj,lsBVGYKC,30.0
1124,0,nsbHlbAq,WhHfbZWj,27.0
1124,0,cwgbfpqq,nsbHlbAq,27.0
1124,0,fMrlznIn,cwgbfpqq,27.0
1124,0,uXKxCjNA,fMrlznIn,27.0
1124,0,bOiSLYGO,uXKxCjNA,27.0
1124,0,mhgPTzcZ,bOiSLYGO,25.0
1124,0,WFZVQzrl,mhgPTzcZ,25.0
1124,0,GiONHkbf,WFZVQzrl,25.0
1124,0,QDIpIlEK,GiONHkbf,7.0
1124,0,GpnhEWuy,QDIpIlEK,1.0
1124,0,YmkUpvHU,GpnhEWuy,1.0
1124,0,GbYxEXTt,YmkUpvHU,1.0
1453,0,jQaLNViL,XJRnAJHc,240.0
1453,0,WUWIxCFc,OdzEGWPG,478.0
1453,0,XJRnAJHc,WUWIxCFc,478.0
1453,0,cQHgTjKq,wGTdgRcU,486.0
1453,0,ruogAkOJ,cQHgTjKq,486.0
1453,0,tndfGrTh,ruogAkOJ,486.0
1453,0,OdzEGWPG,tndfGrTh,486.0
1453,0,meZHMfSd,yTNmoAGc,592.0
1453,0,wGTdgRcU,meZHMfSd,592.0
1453,0,wDEypHfE,QCBPrBCl,720.0
1453,0,yTNmoAGc,wDEypHfE,746.0
1453,0,rGYrQqGa,OUTzwMHI,868.0
1453,0,QCBPrBCl,rGYrQqGa,868.0
1453,0,FcnKVDJl,jQytwadI,1655.0
1453,0,mIuUuYnu,FcnKVDJl,1655.0
1453,0,OUTzwMHI,mIuUuYnu,1044.0
1453,0,JZbiEaEt,LsuNFzpq,4931.0
1453,0,RchOKnYD,JZbiEaEt,5393.0
1453,0,BMDeXhVp,RchOKnYD,5393.0
1453,0,jQytwadI,BMDeXhVp,5393.0
1366,0,jQaLNViL,gyQqEnFq,717.0
1366,0,RfEbENxd,jQaLNViL,845.0
1366,0,UFoaQvGg,RfEbENxd,1428.0
1366,0,uxsctOEt,UFoaQvGg,1428.0
1366,0,lsFGVtlq,uxsctOEt,1428.0
1366,0,UfJDroVz,lsFGVtlq,1430.0
1366,0,biJBLznK,UfJDroVz,1430.0
1512,0,NXLrCKMp,xiTGCYEl,11363.0
1512,0,FyoAuDvn,NXLrCKMp,11363.0
1733,0,hCbDNPhh,kzneBolb,247.0
1733,0,oFLgHrco,hCbDNPhh,247.0
1733,0,yrWAEsGy,oFLgHrco,247.0
1733,0,qGIkRenz,yrWAEsGy,247.0
1733,0,ytUqATXS,qGIkRenz,247.0
1733,0,TcsyXYNn,ytUqATXS,247.0
1733,0,qKeCDDXI,TcsyXYNn,247.0
1733,0,YmkUpvHU,qKeCDDXI,247.0
108,0,lmZJehpq,EmkugZPX,9291.0
108,0,tDDddUJb,lmZJehpq,9253.0
108,0,RVGhYAxc,tDDddUJb,8646.0
108,0,BpAiVnps,RVGhYAxc,5168.0
427,0,FBwCHGmG,MmtauPfr,1486.0
427,0,cEsQRYAp,FBwCHGmG,1486.0
427,0,qKeCDDXI,cEsQRYAp,1486.0
1740,0,NXLrCKMp,xiTGCYEl,460.0
1740,0,FyoAuDvn,NXLrCKMp,460.0
1740,0,GpnhEWuy,FyoAuDvn,460.0
1740,0,mLBQtksd,GpnhEWuy,460.0
719,0,uxsctOEt,RfEbENxd,2684.0
719,0,UfJDroVz,uxsctOEt,2684.0
719,0,TcsyXYNn,UfJDroVz,2684.0
719,0,qKeCDDXI,TcsyXYNn,2684.0
719,0,jQaLNViL,gyQqEnFq,730.0
719,0,RfEbENxd,jQaLNViL,1018.0
601,0,qvujbmjR,mKIQRbrs,1255.0
601,0,upZFxFqB,qvujbmjR,1255.0
601,0,SqxhBMol,upZFxFqB,1255.0
601,0,nrKKniYe,SqxhBMol,1323.0
601,0,HrNWphPZ,nrKKniYe,1900.0
601,0,XwcxmOai,HrNWphPZ,1944.0
601,0,RfzcmazU,XwcxmOai,1777.0
369,0,bZroqIhX,eTJQHplR,979.0
369,0,cNuIRYrx,bZroqIhX,979.0
369,0,yNIUaSyZ,cNuIRYrx,1170.0
369,0,xiTGCYEl,yNIUaSyZ,1170.0
369,0,NXLrCKMp,xiTGCYEl,2268.0
369,0,FyoAuDvn,NXLrCKMp,2268.0
369,0,GpnhEWuy,FyoAuDvn,2293.0
369,0,rRGVruPM,GpnhEWuy,2426.0
369,0,mLBQtksd,rRGVruPM,2531.0
1506,0,zgCGmKZn,aYSqaQmJ,11938.0
1506,0,JKFFGKvY,zgCGmKZn,11447.0
1662,0,yLVlVeFN,XGJiqzLW,171.0
1662,0,tPRfRHcU,yLVlVeFN,171.0
1662,0,gOEBySGW,tPRfRHcU,171.0
1662,0,yQTlxjhE,gOEBySGW,171.0
1662,0,OQuuHQtW,yQTlxjhE,173.0
1662,0,BZfkJyvP,OQuuHQtW,173.0
1662,0,pdLPgMHo,BZfkJyvP,173.0
1662,0,YULSfngF,pdLPgMHo,173.0
1662,0,FxdGzEpZ,YULSfngF,173.0
1662,0,xGsoSfhX,FxdGzEpZ,119.0
1662,0,MgruBUee,xGsoSfhX,119.0
1662,0,BpAiVnps,MgruBUee,119.0
1183,0,HACGurUy,ABBXwUbo,135.0
1183,0,IAWSKEHF,HACGurUy,158.0
1183,0,leVkrEcC,IAWSKEHF,158.0
1183,0,XiLvnZTk,leVkrEcC,151.0
1183,0,FStgRiBS,XiLvnZTk,47.0
1183,0,GkYZbgqg,FStgRiBS,47.0
1183,0,FlYjxOxQ,GkYZbgqg,47.0
1183,0,wFSILCzc,FlYjxOxQ,47.0
1183,0,yQQuLFAg,wFSILCzc,47.0
1183,0,rckblBTM,yQQuLFAg,28.0
1183,0,fGmFhgnx,rckblBTM,22.0
1183,0,XyHfgUxW,fGmFhgnx,16.0
1183,0,zjjLSYAp,XyHfgUxW,16.0
1183,0,nIakFMcq,zjjLSYAp,16.0
1326,0,pkhwWQVf,KSSwmuEx,990.0
1326,0,JxFLnqJu,pkhwWQVf,1148.0
1326,0,GDiQpvtB,JxFLnqJu,1148.0
1326,0,fGmFhgnx,GDiQpvtB,1148.0
1326,0,XyHfgUxW,fGmFhgnx,736.0
1326,0,zjjLSYAp,XyHfgUxW,727.0
1326,0,nIakFMcq,zjjLSYAp,727.0
1497,0,XMWgellz,vqGhvZJF,738.0
1497,0,EmkugZPX,XMWgellz,502.0
1497,0,lmZJehpq,EmkugZPX,502.0
1497,0,tDDddUJb,lmZJehpq,502.0
1497,0,RVGhYAxc,tDDddUJb,498.0
1497,0,BpAiVnps,RVGhYAxc,443.0
556,0,VqaowPBW,jclWPsvP,1.0
556,0,aYYzuUOl,VqaowPBW,1.0
556,0,tYpogBTU,aYYzuUOl,1.0
556,0,YrCeLzau,tYpogBTU,1.0
556,0,qcYsEYco,YrCeLzau,1.0
556,0,GOFbtMrp,qcYsEYco,1.0
556,0,uzcbLUNR,GOFbtMrp,1.0
556,0,zezeKItL,uzcbLUNR,1.0
556,0,VpHOqNar,zezeKItL,1.0
556,0,vDTAjOOR,VpHOqNar,1.0
556,0,UDUmRzWP,vDTAjOOR,1.0
556,0,kVWwehGs,UDUmRzWP,1.0
556,0,ixhHdGBo,kVWwehGs,1.0
556,0,agMXkLfj,ixhHdGBo,1.0
1244,0,YQjdQVmS,DSOJysaP,1077.0
1244,0,JIllbhjr,YQjdQVmS,1077.0
449,0,iOuVBZzk,EcsZBajf,29.0
449,0,cTQVugNT,iOuVBZzk,29.0
449,0,iAOahMMx,cTQVugNT,29.0
449,0,LoadLeSC,iAOahMMx,29.0
449,0,MAwbjJfJ,LoadLeSC,29.0
449,0,jIFrASnh,MAwbjJfJ,29.0
1142,0,MvaVVzVx,iOuVBZzk,2028.0
1142,0,cTQVugNT,MvaVVzVx,2028.0
1142,0,iAOahMMx,cTQVugNT,734.0
1142,0,LoadLeSC,iAOahMMx,734.0
1142,0,MAwbjJfJ,LoadLeSC,734.0
1142,0,jIFrASnh,MAwbjJfJ,734.0
1245,0,LoadLeSC,VnwdBPma,1059.0
1245,0,jIFrASnh,LoadLeSC,1059.0
1245,0,jQaLNViL,gyQqEnFq,415.0
1245,0,VnwdBPma,jQaLNViL,462.0
682,0,iOuVBZzk,IHZGJZTs,87.0
682,0,MvaVVzVx,iOuVBZzk,87.0
682,0,VnwdBPma,MvaVVzVx,87.0
682,0,LoadLeSC,VnwdBPma,87.0
682,0,MAwbjJfJ,LoadLeSC,87.0
682,0,jIFrASnh,MAwbjJfJ,87.0
685,0,JGbfxLUL,KQSHMGnw,392.0
685,0,IjwLXBRx,JGbfxLUL,392.0
685,0,TPsFloRu,IjwLXBRx,460.0
685,0,VCDwRKse,TPsFloRu,1092.0
685,0,wvKdtztS,VCDwRKse,1097.0
34,0,cTQVugNT,NCVzutVL,4571.0
1471,0,MvaVVzVx,Yhslgmod,3417.0
1471,0,cTQVugNT,MvaVVzVx,3417.0
1740,0,knCDNjnp,mLBQtksd,301.0
1740,0,nYVfIRsk,knCDNjnp,301.0
1740,0,IHZGJZTs,nYVfIRsk,301.0
1740,0,iOuVBZzk,IHZGJZTs,301.0
1740,0,cTQVugNT,iOuVBZzk,301.0
1244,0,flXjJYer,JIllbhjr,1117.0
1244,0,oBtsEQRM,flXjJYer,1117.0
1365,0,MvaVVzVx,EcsZBajf,3852.0
1365,0,cTQVugNT,MvaVVzVx,3852.0
235,0,SlfNpref,aUPouXsN,5473.0
235,0,nrKKniYe,SlfNpref,5473.0
685,0,iOuVBZzk,IHZGJZTs,540.0
685,0,MvaVVzVx,iOuVBZzk,540.0
685,0,cTQVugNT,MvaVVzVx,540.0
235,0,BpAiVnps,MgruBUee,2928.0
720,0,cTQVugNT,iOuVBZzk,382.0
762,0,hFISFuCO,BxmxkKGC,5410.0
762,0,fQRLOpha,hFISFuCO,5410.0
1435,0,ejMjPdTH,SVPLEqNI,8626.0
1435,0,CKorGRkE,ejMjPdTH,8842.0
1435,0,eaNsVWDR,CKorGRkE,8842.0
1435,0,xzbhGFLT,eaNsVWDR,8786.0
1435,0,hpACGGyB,xzbhGFLT,9454.0
1435,0,VgUdLlOW,hpACGGyB,9442.0
1435,0,ywuGpANM,VgUdLlOW,9411.0
1435,0,BZCtSmhk,ywuGpANM,6343.0
1435,0,NbgxPNNK,BZCtSmhk,6703.0
1435,0,vOKcaAnW,NbgxPNNK,6471.0
1435,0,HOwZAROe,vOKcaAnW,6089.0
1435,0,opPTwucI,HOwZAROe,6318.0
1435,0,htzVSGDL,opPTwucI,6339.0
1435,0,KabAcwBq,htzVSGDL,6337.0
1435,0,HAmwZMhM,KabAcwBq,6074.0
1140,0,ulSrvocN,nYVfIRsk,1097.0
1140,0,CqefHKGq,ulSrvocN,1097.0
369,0,knCDNjnp,mLBQtksd,4518.0
369,0,nYVfIRsk,knCDNjnp,4518.0
369,0,ulSrvocN,nYVfIRsk,4621.0
369,0,CqefHKGq,ulSrvocN,4621.0
1178,0,dJJmWSZi,WyfCQhSW,5397.0
1178,0,JNybvbry,dJJmWSZi,5397.0
1178,0,pKQmWfSR,JNybvbry,5397.0
1178,0,AFMSRepx,pKQmWfSR,5897.0
1178,0,WEgiiGlQ,AFMSRepx,6182.0
1178,0,sLYsFXAH,WEgiiGlQ,6185.0
1178,0,WjKdBsVK,sLYsFXAH,6185.0
1178,0,STKMtPtJ,WjKdBsVK,6185.0
1178,0,MyVorJBj,STKMtPtJ,6185.0
1178,0,AayEawbi,MyVorJBj,6185.0
1178,0,MQIshiHv,AayEawbi,6056.0
1178,0,ZqROcYrU,MQIshiHv,6056.0
1178,0,pKwZMigm,ZqROcYrU,6056.0
1178,0,watqBVeC,pKwZMigm,6056.0
1178,0,PAegbDaK,watqBVeC,6935.0
1178,0,MCZGGmLQ,PAegbDaK,6810.0
1178,0,WIZPpGvl,MCZGGmLQ,6128.0
1178,0,qflzswAf,WIZPpGvl,6100.0
529,0,elmHqfIN,jTofnsvB,864.0
529,0,YhQOzAWJ,elmHqfIN,864.0
529,0,vNuEvleV,YhQOzAWJ,864.0
529,0,FUctipSE,vNuEvleV,864.0
529,0,PWitnUnB,FUctipSE,399.0
529,0,zwmwkNcj,PWitnUnB,399.0
529,0,DJDPVkXF,zwmwkNcj,399.0
529,0,FrOiWYSP,DJDPVkXF,384.0
529,0,mNGfniSu,FrOiWYSP,384.0
529,0,qjwSVoCq,mNGfniSu,236.0
1441,0,xbhuXgnr,JGydtICe,722.0
1441,0,zjGRmLyo,xbhuXgnr,722.0
1441,0,EXTmTMKf,zjGRmLyo,722.0
1441,0,yfIoPTHo,EXTmTMKf,722.0
1441,0,GnOurcjN,yfIoPTHo,722.0
1441,0,vHkAlmCm,GnOurcjN,610.0
1441,0,WynPMslR,vHkAlmCm,610.0
1441,0,qjwSVoCq,WynPMslR,517.0
369,0,rSnWVhOw,CqefHKGq,4873.0
1512,0,WOOyqinT,FyoAuDvn,11251.0
1512,0,mnkgCFDT,WOOyqinT,12518.0
102,0,zgCGmKZn,aYSqaQmJ,1229.0
102,0,JKFFGKvY,zgCGmKZn,1168.0
102,0,EVAUYvVR,JKFFGKvY,1167.0
102,0,GYfZYaJh,EVAUYvVR,1167.0
102,0,hSQYmgMj,GYfZYaJh,466.0
102,0,mnkgCFDT,hSQYmgMj,466.0
666,0,ZyxFjabk,yQIotbyH,73.0
666,0,RyfxjoUl,ZyxFjabk,73.0
666,0,QIQMIQBO,RyfxjoUl,73.0
666,0,KHrhIPzf,QIQMIQBO,73.0
666,0,NXLrCKMp,xiTGCYEl,214.0
666,0,FyoAuDvn,NXLrCKMp,214.0
666,0,WOOyqinT,FyoAuDvn,214.0
666,0,mnkgCFDT,WOOyqinT,214.0
232,0,NXLrCKMp,xiTGCYEl,2315.0
232,0,FyoAuDvn,NXLrCKMp,2315.0
232,0,WOOyqinT,FyoAuDvn,2742.0
232,0,VfTFpfzB,WOOyqinT,2810.0
427,0,YmkUpvHU,qKeCDDXI,1630.0
427,0,WOOyqinT,YmkUpvHU,1630.0
427,0,mnkgCFDT,WOOyqinT,1599.0
719,0,YmkUpvHU,qKeCDDXI,2404.0
719,0,WOOyqinT,YmkUpvHU,2309.0
719,0,mnkgCFDT,WOOyqinT,2214.0
143,0,mnkgCFDT,YmkUpvHU,112.0
528,0,pRBbbEoD,YspLWkZX,542.0
528,0,cfVAtKgo,pRBbbEoD,542.0
528,0,QMiQTlda,cfVAtKgo,542.0
528,0,MaKoROaE,QMiQTlda,542.0
528,0,NrNaZyPp,MaKoROaE,542.0
143,0,vHkAlmCm,GnOurcjN,2410.0
143,0,YspLWkZX,vHkAlmCm,2410.0
143,0,pRBbbEoD,YspLWkZX,2055.0
143,0,cfVAtKgo,pRBbbEoD,2053.0
143,0,QMiQTlda,cfVAtKgo,2058.0
143,0,MaKoROaE,QMiQTlda,2058.0
143,0,NrNaZyPp,MaKoROaE,2058.0
143,0,JGydtICe,RtTLxXUv,2773.0
143,0,zjGRmLyo,JGydtICe,2781.0
143,0,EXTmTMKf,zjGRmLyo,2785.0
143,0,yfIoPTHo,EXTmTMKf,1978.0
143,0,GnOurcjN,yfIoPTHo,2117.0
1452,0,gHieypBQ,IOpdOfiF,6564.0
1452,0,vfoDngvn,gHieypBQ,6564.0
1452,0,EPWXwPSq,vfoDngvn,6564.0
143,0,tTjpyeuP,GMrJWgHs,560.0
143,0,elxmPCDf,tTjpyeuP,560.0
143,0,tcbhlVZo,elxmPCDf,560.0
143,0,HxnLIWQq,tcbhlVZo,1902.0
143,0,wqGWmwVd,HxnLIWQq,1902.0
143,0,ACkvbmee,wqGWmwVd,1902.0
143,0,FtWuEuzF,ACkvbmee,1902.0
143,0,RtTLxXUv,FtWuEuzF,1902.0
994,0,NrNaZyPp,MaKoROaE,1007.0
994,0,mexFgKBp,NrNaZyPp,465.0
72,0,rilZLDfI,TzZKgVDl,45.0
72,0,kTKiYpVR,rilZLDfI,114.0
72,0,bjpXdchK,kTKiYpVR,138.0
72,0,dEgXqWEW,bjpXdchK,138.0
72,0,ZWGREbnj,dEgXqWEW,138.0
72,0,cgIzawVB,ZWGREbnj,138.0
72,0,CbYTLXWK,cgIzawVB,138.0
72,0,kWrGTFqC,CbYTLXWK,138.0
72,0,ubEwIGdf,kWrGTFqC,138.0
72,0,aBKtLgYB,ubEwIGdf,138.0
72,0,qduHdsCL,aBKtLgYB,138.0
72,0,GYMzAvFw,qduHdsCL,138.0
72,0,VXAxIwYs,GYMzAvFw,138.0
72,0,ZHWKFCEn,VXAxIwYs,138.0
72,0,KbemmdTp,ZHWKFCEn,138.0
72,0,wTVyxBBy,KbemmdTp,138.0
72,0,LNRgsQQF,wTVyxBBy,138.0
72,0,lhYDMMsV,LNRgsQQF,136.0
72,0,OhgtKZPi,lhYDMMsV,136.0
72,0,MULNmVBJ,OhgtKZPi,136.0
313,0,NGAodVTg,cmBFyxQG,862.0
313,0,TvGyfQSI,NGAodVTg,861.0
313,0,HFYkXdPG,TvGyfQSI,861.0
313,0,KjgVoxgR,HFYkXdPG,873.0
313,0,EmkugZPX,KjgVoxgR,1029.0
313,0,lmZJehpq,EmkugZPX,970.0
313,0,RVGhYAxc,lmZJehpq,1466.0
313,0,BpAiVnps,RVGhYAxc,1192.0
313,0,LKVeVUNI,BpAiVnps,1172.0
313,0,dbPZeeiE,LKVeVUNI,1014.0
313,0,CsDsDrdU,dbPZeeiE,1053.0
313,0,rJRvqICk,CsDsDrdU,1053.0
313,0,AmahvgQB,rJRvqICk,1053.0
313,0,aYSqaQmJ,AmahvgQB,1039.0
313,0,zgCGmKZn,aYSqaQmJ,1493.0
313,0,JKFFGKvY,zgCGmKZn,1468.0
313,0,EVAUYvVR,JKFFGKvY,1470.0
313,0,GYfZYaJh,EVAUYvVR,1471.0
313,0,hSQYmgMj,GYfZYaJh,1429.0
313,0,mnkgCFDT,hSQYmgMj,1429.0
1748,0,bZroqIhX,eTJQHplR,1756.0
1748,0,yNIUaSyZ,bZroqIhX,1760.0
1748,0,xiTGCYEl,yNIUaSyZ,1761.0
1748,0,NXLrCKMp,xiTGCYEl,3115.0
1748,0,FyoAuDvn,NXLrCKMp,3115.0
1748,0,WOOyqinT,FyoAuDvn,3115.0
1748,0,VfTFpfzB,WOOyqinT,3171.0
1263,0,cdpcgPuX,RufmISTr,5278.0
1263,0,qnxnYECs,cdpcgPuX,5278.0
1263,0,QNScHwgR,qnxnYECs,5278.0
1263,0,dLUoTBAU,QNScHwgR,5205.0
1263,0,NfHwMQdR,dLUoTBAU,3164.0
1263,0,EGZEcfNZ,NfHwMQdR,3164.0
1263,0,SgGmeaHk,EGZEcfNZ,3164.0
1263,0,tpTDqbZI,SgGmeaHk,3216.0
1263,0,hhrNEaMZ,tpTDqbZI,3216.0
1263,0,BeiMHrtx,hhrNEaMZ,3216.0
1263,0,sZwmfbNt,BeiMHrtx,3254.0
1263,0,oBjbzljy,sZwmfbNt,3869.0
1263,0,aYSqaQmJ,oBjbzljy,4661.0
1263,0,zgCGmKZn,aYSqaQmJ,5096.0
1497,0,LKVeVUNI,BpAiVnps,148.0
1497,0,dbPZeeiE,LKVeVUNI,130.0
1497,0,CsDsDrdU,dbPZeeiE,126.0
1497,0,rJRvqICk,CsDsDrdU,125.0
1497,0,AmahvgQB,rJRvqICk,125.0
1497,0,aYSqaQmJ,AmahvgQB,117.0
1497,0,JKFFGKvY,aYSqaQmJ,109.0
1497,0,EVAUYvVR,JKFFGKvY,109.0
1497,0,GYfZYaJh,EVAUYvVR,109.0
1497,0,hSQYmgMj,GYfZYaJh,6.0
1497,0,mnkgCFDT,hSQYmgMj,6.0
1178,0,WyfCQhSW,ogOCBKAf,4978.0
1075,0,THcpliIL,fikrodNW,1352.0
1075,0,HaEOaLMB,THcpliIL,1352.0
1075,0,IkeqCtDY,HaEOaLMB,1352.0
1075,0,wpHpdxFs,IkeqCtDY,1373.0
1075,0,QHulIYnO,wpHpdxFs,1373.0
1075,0,sKtQEUzZ,QHulIYnO,1381.0
1075,0,acVCzwtl,sKtQEUzZ,1383.0
1075,0,TIlepZYr,acVCzwtl,1381.0
1075,0,fikrodNW,TgAaXvqD,1350.0
751,0,AEUmstNW,WKiVoaSt,268.0
751,0,PfGRcOsd,AEUmstNW,265.0
751,0,bLWPtAll,PfGRcOsd,265.0
751,0,BDmybVdG,bLWPtAll,265.0
1125,0,CVPWCvNJ,BDmybVdG,322.0
1125,0,muVREKCV,CVPWCvNJ,478.0
1125,0,BsRMZbGV,muVREKCV,478.0
1125,0,yRjqmRuq,BsRMZbGV,535.0
1125,0,pTTspriv,yRjqmRuq,535.0
80,0,tjYcJLRB,EkWBPXmr,1028.0
80,0,iYMJvRAf,tjYcJLRB,1233.0
80,0,KplKuAnp,iYMJvRAf,1280.0
80,0,FTwVCxQy,KplKuAnp,1280.0
80,0,xnBCUPNx,FTwVCxQy,1648.0
80,0,MEVzYGii,xnBCUPNx,1662.0
80,0,yQIotbyH,MEVzYGii,1662.0
80,0,taEXnGBL,yQIotbyH,2445.0
80,0,rZoajhYh,taEXnGBL,2445.0
80,0,NuyYqrDq,rZoajhYh,2445.0
80,0,gpaAUChy,NuyYqrDq,2655.0
80,0,IgEBJNwX,gpaAUChy,2655.0
80,0,NCVzutVL,IgEBJNwX,2881.0
80,0,cTQVugNT,NCVzutVL,2895.0
80,0,cNypyxpr,cTQVugNT,3824.0
80,0,uRlXNIwL,cNypyxpr,4350.0
12,0,MvaVVzVx,Yhslgmod,234.0
12,0,cTQVugNT,MvaVVzVx,234.0
12,0,cNypyxpr,cTQVugNT,234.0
12,0,gyQqEnFq,cNypyxpr,234.0
1471,0,cNypyxpr,cTQVugNT,3120.0
1471,0,gyQqEnFq,cNypyxpr,3071.0
1747,0,gyQqEnFq,cNypyxpr,804.0
1740,0,cNypyxpr,cTQVugNT,241.0
1740,0,gyQqEnFq,cNypyxpr,191.0
1365,0,WvPJYXMk,cTQVugNT,1665.0
1365,0,gyQqEnFq,WvPJYXMk,1570.0
1244,0,TwyfqMnN,oBtsEQRM,477.0
1244,0,cNypyxpr,TwyfqMnN,477.0
1244,0,gyQqEnFq,cNypyxpr,437.0
1532,0,gyQqEnFq,WvPJYXMk,2342.0
529,0,WvPJYXMk,qjwSVoCq,235.0
529,0,gyQqEnFq,WvPJYXMk,235.0
1435,0,gyQqEnFq,WvPJYXMk,3482.0
1419,0,RSQixiib,HLAPntjh,3864.0
1419,0,qrzeRBPC,RSQixiib,747.0
1419,0,phXawcIY,qrzeRBPC,743.0
1419,0,EXTmTMKf,phXawcIY,733.0
1419,0,yfIoPTHo,EXTmTMKf,733.0
1419,0,GnOurcjN,yfIoPTHo,733.0
1419,0,vHkAlmCm,GnOurcjN,233.0
1419,0,WynPMslR,vHkAlmCm,233.0
1419,0,qjwSVoCq,WynPMslR,159.0
1419,0,WvPJYXMk,qjwSVoCq,159.0
1419,0,gyQqEnFq,WvPJYXMk,159.0
1441,0,gyQqEnFq,qjwSVoCq,504.0
1435,0,AUmOMGnp,YqlTLIQa,10765.0
1435,0,SVPLEqNI,AUmOMGnp,11435.0
1435,0,FZsFzszJ,gzTQJVMW,8386.0
1435,0,KgwKZlse,FZsFzszJ,8937.0
1435,0,ALhaazBT,KgwKZlse,8937.0
1435,0,YqlTLIQa,ALhaazBT,10642.0
1435,0,gzTQJVMW,RVEyrwjR,7042.0
1435,0,XLVjRryq,NxbXiMUL,1810.0
1435,0,RVEyrwjR,XLVjRryq,2227.0
1435,0,vDFCntfg,YvwuVYMF,1024.0
1435,0,NxbXiMUL,vDFCntfg,1036.0
823,0,gyQqEnFq,WvPJYXMk,3.0
685,0,cNypyxpr,cTQVugNT,286.0
685,0,gyQqEnFq,cNypyxpr,285.0
720,0,cNypyxpr,cTQVugNT,284.0
720,0,gyQqEnFq,cNypyxpr,83.0
1701,0,kPoXDVhr,DgeiAShx,2320.0
1701,0,QkhvVJfO,kPoXDVhr,2441.0
1701,0,jBRcoEIn,QkhvVJfO,2429.0
1701,0,pNohcrtk,jBRcoEIn,2429.0
1701,0,aHsZaffM,pNohcrtk,528.0
835,0,cIQOVqQI,njiqgOWt,4644.0
835,0,OyAyNkqZ,cIQOVqQI,4627.0
1366,0,HrrdJKJb,biJBLznK,1422.0
528,0,aWeSqqrV,gyQqEnFq,302.0
528,0,WRVBvtIE,aWeSqqrV,302.0
528,0,YspLWkZX,WRVBvtIE,317.0
736,0,qheIKvdP,bInfxKVp,2591.0
736,0,rBGGtpqI,qheIKvdP,2577.0
736,0,DeWEzUGk,rBGGtpqI,2577.0
736,0,XQiQvefE,DeWEzUGk,2577.0
736,0,OSxOVFcp,XQiQvefE,2577.0
736,0,vjVhbIrq,OSxOVFcp,2577.0
736,0,LeICPOtv,vjVhbIrq,2853.0
736,0,WhCgdKgR,LeICPOtv,2853.0
736,0,eyUKPfnA,WhCgdKgR,2853.0
170,0,oUmVLfUX,FCeDiZsN,1135.0
170,0,fJdABIlw,oUmVLfUX,1135.0
170,0,mXwfazRz,fJdABIlw,1052.0
170,0,NGAodVTg,mXwfazRz,792.0
170,0,TvGyfQSI,NGAodVTg,792.0
170,0,HFYkXdPG,TvGyfQSI,792.0
170,0,KjgVoxgR,HFYkXdPG,765.0
170,0,xTOrUJFO,KjgVoxgR,700.0
170,0,EmkugZPX,xTOrUJFO,699.0
170,0,lmZJehpq,EmkugZPX,694.0
250,0,NXLrCKMp,xiTGCYEl,1221.0
250,0,FyoAuDvn,NXLrCKMp,1225.0
250,0,WOOyqinT,FyoAuDvn,1204.0
250,0,mnkgCFDT,WOOyqinT,1412.0
1537,0,jvuOCfJT,BCaYhIgf,62.0
1537,0,vGKZybsV,jvuOCfJT,62.0
1537,0,lEwLedpG,vGKZybsV,47.0
1537,0,GtMUYUwJ,lEwLedpG,47.0
1537,0,lQIpGOTn,GtMUYUwJ,47.0
1537,0,uhUmvvRs,lQIpGOTn,47.0
1537,0,GgLRqpEG,uhUmvvRs,5.0
1537,0,WFZVQzrl,GgLRqpEG,2.0
1379,0,bdIbpKdP,IATYolYz,1191.0
1379,0,VJibZvbS,bdIbpKdP,1191.0
1379,0,uSZbdBno,VJibZvbS,1218.0
1379,0,GtaXwPrK,uSZbdBno,1218.0
1379,0,SfxDAXEq,GtaXwPrK,1218.0
1379,0,PIUpvPaY,SfxDAXEq,1218.0
1379,0,XCZfXGna,PIUpvPaY,1581.0
1379,0,FYonLsVT,XCZfXGna,1553.0
1379,0,voXQjjKh,FYonLsVT,1553.0
477,0,vkAUVqtk,oeGMQkdJ,1710.0
477,0,ifLglfbO,vkAUVqtk,1710.0
477,0,hgHcWJof,ifLglfbO,1710.0
477,0,vBGGqNND,hgHcWJof,1710.0
477,0,oFGeBzfg,vBGGqNND,1342.0
477,0,ZAvLUFLU,oFGeBzfg,1342.0
477,0,iBiVOFur,ZAvLUFLU,1342.0
477,0,AjJCgCBk,iBiVOFur,1997.0
477,0,jFmPCmzM,AjJCgCBk,1611.0
477,0,fkZFUNSd,jFmPCmzM,1035.0
477,0,cttUtMNm,fkZFUNSd,1035.0
477,0,wHfmVQMh,cttUtMNm,1028.0
477,0,mdGitRQe,wHfmVQMh,789.0
477,0,SOBUilCD,mdGitRQe,714.0
477,0,RVGhYAxc,SOBUilCD,714.0
1258,0,RYTcAdhr,yLFlKjKg,2831.0
1258,0,isWzWnoW,RYTcAdhr,2899.0
1140,0,rSnWVhOw,CqefHKGq,1063.0
1140,0,xfoaGXVJ,rSnWVhOw,1063.0
1140,0,kzneBolb,xfoaGXVJ,1063.0
529,0,ZYYdVixc,VfTFpfzB,628.0
529,0,jWRsQoYS,ZYYdVixc,628.0
529,0,jTofnsvB,jWRsQoYS,628.0
1531,0,aWeSqqrV,gyQqEnFq,2914.0
142,0,tRncbstl,WFZVQzrl,2712.0
142,0,gLCWwgiT,tRncbstl,2939.0
142,0,jTofnsvB,gLCWwgiT,3506.0
142,0,elmHqfIN,jTofnsvB,4909.0
142,0,YhQOzAWJ,elmHqfIN,4909.0
142,0,vNuEvleV,YhQOzAWJ,4602.0
142,0,FUctipSE,vNuEvleV,2882.0
142,0,PWitnUnB,FUctipSE,3495.0
142,0,zwmwkNcj,PWitnUnB,3495.0
142,0,DJDPVkXF,zwmwkNcj,3495.0
34,0,cNypyxpr,cTQVugNT,6267.0
34,0,WRVBvtIE,cNypyxpr,6270.0
34,0,RuAJZyMI,WRVBvtIE,5568.0
232,0,ZYYdVixc,VfTFpfzB,3169.0
1506,0,tRncbstl,WFZVQzrl,8675.0
369,0,RuAJZyMI,rSnWVhOw,4672.0
142,0,FrOiWYSP,DJDPVkXF,3081.0
142,0,mNGfniSu,FrOiWYSP,3142.0
992,0,dbPZeeiE,LKVeVUNI,2574.0
992,0,CsDsDrdU,dbPZeeiE,2739.0
992,0,rJRvqICk,CsDsDrdU,2949.0
992,0,AmahvgQB,rJRvqICk,2949.0
992,0,aYSqaQmJ,AmahvgQB,2950.0
992,0,zgCGmKZn,aYSqaQmJ,3281.0
992,0,JKFFGKvY,zgCGmKZn,3281.0
992,0,GYfZYaJh,JKFFGKvY,3281.0
992,0,WFZVQzrl,GYfZYaJh,3331.0
992,0,tRncbstl,WFZVQzrl,4114.0
992,0,gLCWwgiT,tRncbstl,4114.0
992,0,jTofnsvB,gLCWwgiT,4114.0
992,0,elmHqfIN,jTofnsvB,4170.0
992,0,YhQOzAWJ,elmHqfIN,4170.0
992,0,vNuEvleV,YhQOzAWJ,4170.0
992,0,FUctipSE,vNuEvleV,4331.0
992,0,PWitnUnB,FUctipSE,4098.0
992,0,FrOiWYSP,PWitnUnB,4611.0
992,0,mNGfniSu,FrOiWYSP,4611.0
992,0,LKVeVUNI,BpAiVnps,2345.0
1619,0,rxAHdfLr,NztIaxQU,1228.0
1619,0,dGXuUmCy,rxAHdfLr,1228.0
1619,0,dIJpAwev,dGXuUmCy,1228.0
1619,0,jcExlqwL,dIJpAwev,1241.0
1622,0,TKRrUtKV,jcExlqwL,1501.0
1622,0,JleZjXmc,TKRrUtKV,1501.0
1622,0,fTKGeENK,JleZjXmc,1501.0
1622,0,zdgoUaFA,fTKGeENK,1491.0
142,0,WFZVQzrl,JAgpxShP,174.0
47,0,fGmFhgnx,rckblBTM,7372.0
47,0,XyHfgUxW,fGmFhgnx,6024.0
47,0,zjjLSYAp,XyHfgUxW,5986.0
47,0,nIakFMcq,zjjLSYAp,5985.0
1506,0,gLCWwgiT,tRncbstl,7819.0
1748,0,ZYYdVixc,VfTFpfzB,5813.0
1748,0,gLCWwgiT,ZYYdVixc,6146.0
994,0,KIvXTDlT,mexFgKBp,83.0
994,0,TgzZcdmy,KIvXTDlT,83.0
994,0,SEjojzMr,TgzZcdmy,83.0
1486,0,QHFmFyLR,EkWBPXmr,65.0
1486,0,neNWquOh,QHFmFyLR,65.0
1486,0,KwaxxmSs,neNWquOh,65.0
1486,0,gzZgDndk,KwaxxmSs,69.0
1486,0,NQaaFyOm,gzZgDndk,104.0
1486,0,iPNesxKP,NQaaFyOm,110.0
1486,0,lctVuVOk,iPNesxKP,158.0
1486,0,EocVuyzS,lctVuVOk,159.0
1486,0,lwcIkPvE,EocVuyzS,159.0
1486,0,suszCmcx,lwcIkPvE,159.0
1486,0,UTBcifAN,suszCmcx,159.0
1486,0,HQVZivsH,UTBcifAN,248.0
1486,0,DeiIsjyA,HQVZivsH,248.0
1486,0,anWZyaGW,DeiIsjyA,662.0
1486,0,OrbXRiVv,anWZyaGW,699.0
1486,0,cNuIRYrx,OrbXRiVv,703.0
1486,0,yNIUaSyZ,cNuIRYrx,703.0
1486,0,xiTGCYEl,yNIUaSyZ,703.0
1486,0,NXLrCKMp,xiTGCYEl,703.0
1486,0,FyoAuDvn,NXLrCKMp,703.0
1486,0,WOOyqinT,FyoAuDvn,703.0
1486,0,VfTFpfzB,WOOyqinT,703.0
1486,0,ZYYdVixc,VfTFpfzB,703.0
1486,0,gLCWwgiT,ZYYdVixc,703.0
1486,0,jTofnsvB,gLCWwgiT,703.0
1506,0,jTofnsvB,gLCWwgiT,7723.0
712,0,EmkugZPX,xTOrUJFO,1748.0
712,0,lmZJehpq,EmkugZPX,1770.0
664,0,DRkcXziO,IIzQthVA,4.0
664,0,fTOPrrgc,DRkcXziO,4.0
664,0,ErjukRDc,fTOPrrgc,4.0
664,0,BOjJhphU,ErjukRDc,4.0
664,0,NXLrCKMp,xiTGCYEl,382.0
664,0,FyoAuDvn,NXLrCKMp,378.0
664,0,GpnhEWuy,FyoAuDvn,467.0
664,0,fNoKcjVu,GpnhEWuy,466.0
664,0,ZeFKXxfu,fNoKcjVu,571.0
664,0,wYWONrrr,ZeFKXxfu,233.0
664,0,jTofnsvB,wYWONrrr,233.0
1748,0,jTofnsvB,gLCWwgiT,6329.0
1713,0,HcKLTTXk,EFeZyZmg,39.0
1713,0,IvXmMOhB,HcKLTTXk,39.0
1713,0,KIvXTDlT,IvXmMOhB,39.0
1713,0,TgzZcdmy,KIvXTDlT,39.0
1713,0,SEjojzMr,TgzZcdmy,39.0
1419,0,opPTwucI,HOwZAROe,2173.0
1419,0,htzVSGDL,opPTwucI,2209.0
1419,0,KabAcwBq,htzVSGDL,2209.0
1419,0,HAmwZMhM,KabAcwBq,2261.0
374,0,uuIUswRF,YmeKOmok,9.0
374,0,EBKpcNVh,uuIUswRF,9.0
374,0,jLuliqpT,EBKpcNVh,9.0
374,0,OXvlrfnG,jLuliqpT,9.0
374,0,CgMBzfIg,OXvlrfnG,9.0
374,0,BCwVkMhO,CgMBzfIg,9.0
374,0,MpBHVRZl,BCwVkMhO,9.0
374,0,BWKNZpmt,MpBHVRZl,6.0
374,0,hMBIVszx,BWKNZpmt,6.0
374,0,JgVaSAtG,hMBIVszx,6.0
374,0,QyfZGsFT,JgVaSAtG,5.0
374,0,selTNsQi,QyfZGsFT,5.0
374,0,SfBAqteg,selTNsQi,5.0
374,0,obGcbWvT,SfBAqteg,5.0
374,0,lbFoZTYJ,obGcbWvT,5.0
374,0,wssOAckJ,lbFoZTYJ,5.0
374,0,zzxlwhdI,wssOAckJ,5.0
374,0,SEcoeimf,zzxlwhdI,5.0
374,0,fzmnvqlX,SEcoeimf,3.0
374,0,RyhuDLev,fzmnvqlX,3.0
374,0,KnIeolpt,RyhuDLev,3.0
374,0,GMrJWgHs,KnIeolpt,3.0
1015,0,NrNaZyPp,MaKoROaE,66.0
1015,0,mexFgKBp,NrNaZyPp,6.0
1015,0,KIvXTDlT,mexFgKBp,3.0
1015,0,TgzZcdmy,KIvXTDlT,3.0
1015,0,SEjojzMr,TgzZcdmy,3.0
292,0,fkZFUNSd,TrOiZJox,2861.0
292,0,JYrrjUtU,fkZFUNSd,2206.0
292,0,cttUtMNm,JYrrjUtU,2201.0
292,0,EarJIhnU,cttUtMNm,2167.0
292,0,KZBDkcEB,EarJIhnU,2167.0
798,0,hFISFuCO,BxmxkKGC,18.0
798,0,fQRLOpha,hFISFuCO,18.0
798,0,PXPVuGmP,fQRLOpha,18.0
798,0,IulxyPoH,PXPVuGmP,18.0
318,0,psXocZQH,kkrKJmiC,2697.0
318,0,yprCGtVa,psXocZQH,2697.0
318,0,pPqywgRl,yprCGtVa,2676.0
318,0,SJHseTdc,pPqywgRl,2980.0
318,0,ydQuGMgP,SJHseTdc,2980.0
318,0,AmahvgQB,ydQuGMgP,3012.0
1300,0,aYSqaQmJ,AmahvgQB,8641.0
1300,0,zgCGmKZn,aYSqaQmJ,8834.0
1300,0,EVAUYvVR,zgCGmKZn,8874.0
1300,0,GYfZYaJh,EVAUYvVR,8874.0
1300,0,OpgRCgWV,GYfZYaJh,8992.0
177,0,oUmVLfUX,WKWTpoqQ,3077.0
177,0,fJdABIlw,oUmVLfUX,3077.0
177,0,mXwfazRz,fJdABIlw,2855.0
177,0,NGAodVTg,mXwfazRz,2813.0
177,0,TvGyfQSI,NGAodVTg,2813.0
177,0,HFYkXdPG,TvGyfQSI,2813.0
177,0,KjgVoxgR,HFYkXdPG,2683.0
177,0,xTOrUJFO,KjgVoxgR,2274.0
177,0,EmkugZPX,xTOrUJFO,2270.0
177,0,lmZJehpq,EmkugZPX,2231.0
177,0,tDDddUJb,lmZJehpq,2231.0
177,0,RVGhYAxc,tDDddUJb,2118.0
177,0,BpAiVnps,RVGhYAxc,1333.0
1300,0,LKVeVUNI,BpAiVnps,5253.0
1300,0,dbPZeeiE,LKVeVUNI,6798.0
1300,0,CsDsDrdU,dbPZeeiE,7434.0
1300,0,AmahvgQB,CsDsDrdU,7760.0
1506,0,elmHqfIN,jTofnsvB,5235.0
232,0,wEeBJTuq,ZYYdVixc,4921.0
233,0,zQfdkFQV,JafVjQhg,1029.0
233,0,GTWLqqnN,zQfdkFQV,1029.0
233,0,wefAcLKj,GTWLqqnN,1044.0
233,0,RxHTaOMh,wefAcLKj,1044.0
233,0,JafVjQhg,RZCadHVt,745.0
1467,0,bZroqIhX,eTJQHplR,108.0
1467,0,cNuIRYrx,bZroqIhX,108.0
1467,0,yNIUaSyZ,cNuIRYrx,123.0
1467,0,xiTGCYEl,yNIUaSyZ,123.0
1467,0,NXLrCKMp,xiTGCYEl,229.0
1467,0,FyoAuDvn,NXLrCKMp,229.0
1467,0,WOOyqinT,FyoAuDvn,229.0
1467,0,VfTFpfzB,WOOyqinT,234.0
1467,0,ZYYdVixc,VfTFpfzB,435.0
1467,0,wEeBJTuq,ZYYdVixc,472.0
232,0,TsfVbSCQ,wEeBJTuq,4540.0
232,0,KLViSvpH,fvJrDdyT,3359.0
232,0,YXiYqIfc,KLViSvpH,3192.0
232,0,OBtWrzof,YXiYqIfc,3233.0
232,0,TxpOiGNK,OBtWrzof,2706.0
1107,0,qflzswAf,PyGiRErs,586.0
80,0,QPpuxtew,uRlXNIwL,3849.0
80,0,gHkojtqc,QPpuxtew,3849.0
1452,0,iOuVBZzk,lsFGVtlq,42.0
1452,0,cTQVugNT,iOuVBZzk,42.0
1452,0,cNypyxpr,cTQVugNT,42.0
1452,0,uRlXNIwL,cNypyxpr,42.0
1452,0,QPpuxtew,uRlXNIwL,42.0
1452,0,gHkojtqc,QPpuxtew,42.0
1453,0,kVCEAUTv,dHuMOmqh,4401.0
1453,0,LsuNFzpq,kVCEAUTv,4799.0
1453,0,TQhrUKrf,BxmxkKGC,3265.0
1453,0,hFISFuCO,TQhrUKrf,3265.0
1453,0,IJrmTLNf,hFISFuCO,3265.0
1453,0,byRkdSCW,IJrmTLNf,3265.0
1453,0,fQRLOpha,byRkdSCW,3265.0
1453,0,PXPVuGmP,fQRLOpha,3311.0
1453,0,JpcivbxC,PXPVuGmP,3311.0
1453,0,IulxyPoH,JpcivbxC,3310.0
1453,0,llFTEWtD,IulxyPoH,3678.0
1453,0,TvvslWVF,llFTEWtD,3678.0
1453,0,SgXyhVwd,TvvslWVF,3393.0
1453,0,fPhIOSOj,SgXyhVwd,3393.0
1453,0,PQDqFTyk,fPhIOSOj,3393.0
1453,0,SOzmnmNW,PQDqFTyk,3393.0
1453,0,OhBAPvsb,SOzmnmNW,3393.0
1453,0,dHuMOmqh,OhBAPvsb,3545.0
762,0,BxmxkKGC,ojqTFFWy,6301.0
1566,0,tRncbstl,WFZVQzrl,59.0
1566,0,gLCWwgiT,tRncbstl,59.0
1566,0,mUWkXJQU,gLCWwgiT,59.0
1566,0,dVVBCEuD,mUWkXJQU,59.0
1566,0,WOnIRuRn,dVVBCEuD,59.0
232,0,LArfnWEk,TsfVbSCQ,4402.0
1263,0,JKFFGKvY,zgCGmKZn,4722.0
1263,0,EVAUYvVR,JKFFGKvY,4734.0
1263,0,GYfZYaJh,EVAUYvVR,4736.0
1263,0,OpgRCgWV,GYfZYaJh,7690.0
1467,0,TsfVbSCQ,wEeBJTuq,438.0
1467,0,coyRXGtt,TsfVbSCQ,438.0
1133,0,CNyHgccZ,fJuPdFXq,941.0
1133,0,zSTvyVov,CNyHgccZ,941.0
1133,0,ixyllwBo,zSTvyVov,941.0
1133,0,vUtsOMRz,ixyllwBo,941.0
1133,0,mAuYaRAP,vUtsOMRz,941.0
1133,0,GauoQJWJ,mAuYaRAP,941.0
1133,0,zjuuJEOg,GauoQJWJ,941.0
1133,0,TIygQLDW,zjuuJEOg,941.0
1133,0,QkOFoFkV,TIygQLDW,941.0
1133,0,wmKJhgsh,QkOFoFkV,941.0
1133,0,IpOsGrUQ,wmKJhgsh,941.0
1133,0,exRzHfND,IpOsGrUQ,783.0
1133,0,bIhgcGjB,exRzHfND,783.0
1133,0,dMpYNFzw,bIhgcGjB,783.0
1133,0,phodyDNv,dMpYNFzw,783.0
1133,0,gcvwQKzE,phodyDNv,717.0
1133,0,RuqLEiFp,gcvwQKzE,717.0
1133,0,NAwFzVQz,RuqLEiFp,563.0
1133,0,jEliwrSM,NAwFzVQz,563.0
1133,0,OUlPxErG,jEliwrSM,563.0
1133,0,SPorkGXj,OUlPxErG,455.0
1133,0,IJbUVGLH,SPorkGXj,455.0
1133,0,ZqOseExI,IJbUVGLH,455.0
1133,0,FdBCLyPI,ZqOseExI,365.0
1133,0,CrOFTJlw,FdBCLyPI,365.0
1133,0,PyGiRErs,CrOFTJlw,365.0
1133,0,qflzswAf,PyGiRErs,257.0
1566,0,wdHHIViJ,WOnIRuRn,4.0
34,0,MtINPaKl,RuAJZyMI,4687.0
34,0,SGVPbDEb,MtINPaKl,2863.0
369,0,MtINPaKl,RuAJZyMI,4180.0
369,0,SGVPbDEb,MtINPaKl,3555.0
142,0,MtINPaKl,mNGfniSu,3008.0
142,0,SGVPbDEb,MtINPaKl,3112.0
1418,0,aWeSqqrV,gyQqEnFq,2709.0
1418,0,WRVBvtIE,aWeSqqrV,2860.0
1418,0,RuAJZyMI,WRVBvtIE,2867.0
1418,0,MtINPaKl,RuAJZyMI,3415.0
1418,0,SGVPbDEb,MtINPaKl,4904.0
992,0,MtINPaKl,mNGfniSu,4884.0
992,0,SGVPbDEb,MtINPaKl,5734.0
318,0,QHFmFyLR,EkWBPXmr,1125.0
318,0,neNWquOh,QHFmFyLR,1125.0
318,0,KwaxxmSs,neNWquOh,1134.0
318,0,PSjGjQXK,KwaxxmSs,1170.0
318,0,GnsXgGJX,PSjGjQXK,3606.0
318,0,POdtxoZm,GnsXgGJX,4001.0
318,0,YvLYpMPH,POdtxoZm,3461.0
318,0,DjKGsdyb,YvLYpMPH,3935.0
318,0,ExPvCHrU,DjKGsdyb,3805.0
318,0,OCwYbEnq,ExPvCHrU,3802.0
318,0,rsJSqETv,OCwYbEnq,3773.0
318,0,nrUfCQxz,rsJSqETv,3773.0
1623,0,FqfYfMFg,AmahvgQB,1450.0
1623,0,qBmbuqyA,FqfYfMFg,1484.0
1623,0,DjKOMvif,qBmbuqyA,1484.0
1623,0,kbmudFZh,DjKOMvif,1521.0
1623,0,AHkkayoK,kbmudFZh,1521.0
1623,0,NjUfThdh,AHkkayoK,1530.0
1623,0,yEChtXTr,NjUfThdh,1530.0
1623,0,BspMHRhr,yEChtXTr,1027.0
1623,0,jkxhkeqK,BspMHRhr,1456.0
1623,0,RrdfQruE,jkxhkeqK,1432.0
1623,0,FHknKSNi,RrdfQruE,1432.0
1623,0,GYenbKMg,FHknKSNi,1416.0
250,0,IoxYvxeH,mnkgCFDT,5717.0
250,0,yrlDljAC,IoxYvxeH,6331.0
250,0,rBCwdRqs,yrlDljAC,6331.0
250,0,olAnplnl,rBCwdRqs,6331.0
250,0,hpCuKAjH,olAnplnl,6354.0
250,0,tyeyrnYi,hpCuKAjH,6354.0
464,0,ImIhxSnH,Fwqgdxfa,8840.0
464,0,iEKuRfDT,ImIhxSnH,8814.0
464,0,psXocZQH,iEKuRfDT,9543.0
464,0,yprCGtVa,psXocZQH,9543.0
464,0,pPqywgRl,yprCGtVa,9995.0
464,0,HGjkimBc,pPqywgRl,11064.0
464,0,lqMPnIra,HGjkimBc,11259.0
464,0,eKMWhxRF,lqMPnIra,9341.0
464,0,pRsoSsPh,eKMWhxRF,8889.0
464,0,pUxrqkbR,pRsoSsPh,10431.0
464,0,GmRorurF,pUxrqkbR,10427.0
464,0,rWJbJwsc,GmRorurF,6144.0
719,0,kVhbTVuU,mnkgCFDT,516.0
719,0,IoxYvxeH,kVhbTVuU,1586.0
719,0,yrlDljAC,IoxYvxeH,1543.0
719,0,FCQHCFVm,yrlDljAC,1543.0
719,0,rBCwdRqs,FCQHCFVm,1543.0
719,0,olAnplnl,rBCwdRqs,1543.0
719,0,hpCuKAjH,olAnplnl,1541.0
719,0,tyeyrnYi,hpCuKAjH,1541.0
292,0,jFmPCmzM,AjJCgCBk,2255.0
292,0,TrOiZJox,jFmPCmzM,2255.0
1075,0,AiDSpgcp,yfISbYOh,1339.0
1075,0,rQoGPwMA,AiDSpgcp,1339.0
1075,0,SwPLBeCY,rQoGPwMA,1339.0
1075,0,TgAaXvqD,SwPLBeCY,1341.0
1486,0,YhQOzAWJ,jTofnsvB,584.0
1486,0,zUgDRwiy,YhQOzAWJ,584.0
1531,0,NrNaZyPp,MaKoROaE,4134.0
1531,0,zUgDRwiy,NrNaZyPp,3239.0
1506,0,YhQOzAWJ,elmHqfIN,5039.0
1506,0,zUgDRwiy,YhQOzAWJ,4696.0
679,0,jXeBpcDF,lZYsrfVZ,3506.0
679,0,wHfmVQMh,cttUtMNm,4089.0
679,0,mdGitRQe,wHfmVQMh,2713.0
664,0,elmHqfIN,jTofnsvB,130.0
664,0,YhQOzAWJ,elmHqfIN,130.0
664,0,zUgDRwiy,YhQOzAWJ,130.0
1748,0,elmHqfIN,jTofnsvB,4735.0
1748,0,YhQOzAWJ,elmHqfIN,4735.0
1748,0,zUgDRwiy,YhQOzAWJ,4724.0
1584,0,wWIFrmtv,vbdtPbuh,37.0
1584,0,CTPkMihJ,wWIFrmtv,37.0
1584,0,VesdDWYE,CTPkMihJ,37.0
1584,0,ILlCOmHK,VesdDWYE,37.0
1584,0,uEdtlgzA,ILlCOmHK,37.0
1584,0,HcKLTTXk,uEdtlgzA,37.0
1584,0,IvXmMOhB,HcKLTTXk,37.0
1419,0,BZCtSmhk,ywuGpANM,1826.0
1419,0,NbgxPNNK,BZCtSmhk,1827.0
1419,0,vOKcaAnW,NbgxPNNK,1838.0
1419,0,HOwZAROe,vOKcaAnW,1838.0
1419,0,VgUdLlOW,hpACGGyB,263.0
1419,0,ywuGpANM,VgUdLlOW,263.0
1262,0,AmahvgQB,vSdfqYeK,3676.0
1262,0,lOtREfVG,AmahvgQB,3061.0
1262,0,SMhobJmy,lOtREfVG,3061.0
1262,0,ZdIQslRD,SMhobJmy,2533.0
1331,0,kXOxEoFm,lRwVVbKf,78.0
1331,0,EFeZyZmg,kXOxEoFm,78.0
1331,0,MoCDatJm,EFeZyZmg,151.0
1512,0,OpgRCgWV,mnkgCFDT,13770.0
1512,0,ntDOQspU,OpgRCgWV,12337.0
1512,0,AXkvSZpr,ntDOQspU,12369.0
1263,0,ntDOQspU,OpgRCgWV,11652.0
1263,0,AXkvSZpr,ntDOQspU,11730.0
232,0,KUCrTzrk,LArfnWEk,3892.0
1331,0,ULIlEdjB,XHLHCkqn,5.0
1331,0,zfmNZkKD,ULIlEdjB,5.0
1331,0,zVMCvpDh,zfmNZkKD,5.0
1331,0,nOepWjtB,zVMCvpDh,5.0
1331,0,kNXaohyL,nOepWjtB,5.0
1331,0,gJicbLzN,kNXaohyL,5.0
1331,0,lRwVVbKf,gJicbLzN,5.0
1331,0,GTWLqqnN,JafVjQhg,4.0
1331,0,wefAcLKj,GTWLqqnN,4.0
1331,0,RxHTaOMh,wefAcLKj,4.0
1331,0,XHLHCkqn,RxHTaOMh,4.0
1330,0,dbPZeeiE,LKVeVUNI,2083.0
1330,0,CsDsDrdU,dbPZeeiE,2090.0
1330,0,rJRvqICk,CsDsDrdU,2597.0
1330,0,AmahvgQB,rJRvqICk,2604.0
1330,0,aYSqaQmJ,AmahvgQB,2687.0
1330,0,zgCGmKZn,aYSqaQmJ,2796.0
1330,0,JKFFGKvY,zgCGmKZn,2894.0
1330,0,EVAUYvVR,JKFFGKvY,2894.0
1330,0,GYfZYaJh,EVAUYvVR,2894.0
1330,0,OpgRCgWV,GYfZYaJh,3164.0
1330,0,ntDOQspU,OpgRCgWV,3415.0
1330,0,nEHOxUTI,ntDOQspU,3415.0
1330,0,PUsFNDSD,nEHOxUTI,3584.0
1330,0,LKVeVUNI,BpAiVnps,1855.0
1467,0,eQeMsQqL,coyRXGtt,288.0
1467,0,ckxYXcvo,eQeMsQqL,288.0
1467,0,cyoDDnik,ckxYXcvo,288.0
1467,0,xWbuLRdJ,cyoDDnik,288.0
1467,0,vbdtPbuh,xWbuLRdJ,288.0
1467,0,wWIFrmtv,vbdtPbuh,9.0
1748,0,okaePkJr,zUgDRwiy,1879.0
761,0,okaePkJr,zUgDRwiy,5832.0
34,0,DpeufCiu,SGVPbDEb,2031.0
142,0,DpeufCiu,SGVPbDEb,3059.0
565,0,okgTpqCg,FfkqCuZM,374.0
565,0,IKzXRYHu,okgTpqCg,369.0
565,0,adAJVrkD,IKzXRYHu,369.0
560,0,avbDVyxh,WGPbPoOh,503.0
560,0,gzkuviLm,avbDVyxh,503.0
560,0,CkzMckPC,gzkuviLm,503.0
560,0,WywmvGMH,CkzMckPC,503.0
80,0,jiBUapiv,gHkojtqc,3653.0
80,0,ZsSjTAXN,jiBUapiv,3653.0
80,0,QzSmToFg,ZsSjTAXN,3653.0
232,0,CwNQJSvp,KUCrTzrk,3362.0
232,0,yoveVXvd,CwNQJSvp,3380.0
1330,0,StyZBhjt,PUsFNDSD,2730.0
1714,0,elmHqfIN,jTofnsvB,7.0
1714,0,YhQOzAWJ,elmHqfIN,7.0
1714,0,zUgDRwiy,YhQOzAWJ,7.0
1714,0,okaePkJr,zUgDRwiy,7.0
1714,0,xgGSyRKK,okaePkJr,7.0
761,0,PgJqeYYy,okaePkJr,5820.0
1330,0,HipgKeDY,StyZBhjt,2845.0
80,0,YpZAWuci,QzSmToFg,3360.0
1452,0,jiBUapiv,gHkojtqc,70.0
1452,0,ZsSjTAXN,jiBUapiv,70.0
1452,0,QzSmToFg,ZsSjTAXN,70.0
1452,0,YpZAWuci,QzSmToFg,70.0
1453,0,BxmxkKGC,ojqTFFWy,1931.0
1486,0,okaePkJr,zUgDRwiy,379.0
1486,0,PgJqeYYy,okaePkJr,379.0
1531,0,okaePkJr,zUgDRwiy,1605.0
1531,0,PgJqeYYy,okaePkJr,1318.0
664,0,okaePkJr,zUgDRwiy,11.0
664,0,PgJqeYYy,okaePkJr,11.0
1748,0,PgJqeYYy,okaePkJr,1876.0
232,0,fvJrDdyT,yoveVXvd,3356.0
1326,0,KSSwmuEx,vkwWhgCe,966.0
1748,0,EsFyleAW,PgJqeYYy,299.0
1531,0,EsFyleAW,PgJqeYYy,680.0
1750,0,hFISFuCO,ojqTFFWy,177.0
1750,0,fQRLOpha,hFISFuCO,177.0
1750,0,PXPVuGmP,fQRLOpha,197.0
1750,0,IulxyPoH,PXPVuGmP,197.0
1750,0,llFTEWtD,IulxyPoH,233.0
1750,0,SgXyhVwd,llFTEWtD,233.0
1750,0,fPhIOSOj,SgXyhVwd,250.0
1750,0,HqehCtdr,fPhIOSOj,319.0
1750,0,JafVjQhg,HqehCtdr,319.0
34,0,FaHpkwNs,DpeufCiu,1988.0
34,0,kohCEyKT,FaHpkwNs,1976.0
1183,0,ABBXwUbo,wuDdaesk,111.0
761,0,cQQRUhUD,PgJqeYYy,6505.0
761,0,ZpXtMmnA,cQQRUhUD,6505.0
992,0,DpeufCiu,SGVPbDEb,5899.0
992,0,FaHpkwNs,DpeufCiu,5899.0
992,0,kohCEyKT,FaHpkwNs,5899.0
1205,0,bHagonKv,uGkwFELU,12.0
1205,0,Vlipnutt,bHagonKv,6.0
1205,0,XiLvnZTk,Vlipnutt,6.0
1205,0,FStgRiBS,XiLvnZTk,6.0
1205,0,GkYZbgqg,FStgRiBS,6.0
1205,0,FlYjxOxQ,GkYZbgqg,6.0
1205,0,wFSILCzc,FlYjxOxQ,6.0
1205,0,yQQuLFAg,wFSILCzc,6.0
1205,0,rUKSlFeh,yQQuLFAg,6.0
1205,0,rckblBTM,rUKSlFeh,6.0
1205,0,gKoyUmab,rckblBTM,6.0
1205,0,fGmFhgnx,gKoyUmab,5.0
1205,0,XyHfgUxW,fGmFhgnx,5.0
1205,0,zjjLSYAp,XyHfgUxW,5.0
1205,0,nIakFMcq,zjjLSYAp,5.0
1531,0,oPiGTUNA,EsFyleAW,644.0
1531,0,AsOznvtO,oPiGTUNA,644.0
1531,0,HjcVXSJw,AsOznvtO,644.0
1531,0,UPEwDZeZ,HjcVXSJw,644.0
1531,0,oTQudgUv,UPEwDZeZ,644.0
1531,0,wteskcXn,oTQudgUv,639.0
1538,0,RzpCLtax,ByhOWHwN,37.0
1538,0,GVbuUhiB,RzpCLtax,37.0
1538,0,lBcqwpvX,GVbuUhiB,37.0
1538,0,ByhOWHwN,AXkvSZpr,4.0
1418,0,TvsHOuao,EzNIKkYA,5739.0
1418,0,ezYUwAMR,TvsHOuao,5739.0
1418,0,QhiYKyAt,ezYUwAMR,5739.0
1434,0,SGVPbDEb,MtINPaKl,1247.0
1434,0,DpeufCiu,SGVPbDEb,2064.0
1434,0,FaHpkwNs,DpeufCiu,2097.0
1434,0,wMslsCeS,FaHpkwNs,2097.0
1434,0,BTtHvEzM,wMslsCeS,2097.0
1434,0,EzNIKkYA,BTtHvEzM,2866.0
1434,0,TvsHOuao,EzNIKkYA,3183.0
1434,0,ezYUwAMR,TvsHOuao,3183.0
1434,0,QhiYKyAt,ezYUwAMR,3183.0
1486,0,cQQRUhUD,PgJqeYYy,288.0
1486,0,ZpXtMmnA,cQQRUhUD,288.0
796,0,NXLrCKMp,xiTGCYEl,622.0
796,0,FyoAuDvn,NXLrCKMp,622.0
796,0,WOOyqinT,FyoAuDvn,780.0
796,0,VfTFpfzB,WOOyqinT,780.0
796,0,ZYYdVixc,VfTFpfzB,1032.0
796,0,gLCWwgiT,ZYYdVixc,1225.0
796,0,jTofnsvB,gLCWwgiT,1368.0
796,0,elmHqfIN,jTofnsvB,1683.0
796,0,YhQOzAWJ,elmHqfIN,1683.0
796,0,zUgDRwiy,YhQOzAWJ,1683.0
796,0,okaePkJr,zUgDRwiy,1683.0
796,0,PgJqeYYy,okaePkJr,1683.0
796,0,cQQRUhUD,PgJqeYYy,1683.0
796,0,ZpXtMmnA,cQQRUhUD,1683.0
1434,0,aWeSqqrV,gyQqEnFq,923.0
1434,0,WRVBvtIE,aWeSqqrV,923.0
1434,0,RuAJZyMI,WRVBvtIE,923.0
1434,0,MtINPaKl,RuAJZyMI,1233.0
232,0,NajoDNFv,TxpOiGNK,2699.0
232,0,aQxdJxqw,NajoDNFv,2680.0
232,0,GJDHvjGI,aQxdJxqw,2932.0
796,0,bZroqIhX,eTJQHplR,307.0
796,0,cNuIRYrx,bZroqIhX,307.0
796,0,yNIUaSyZ,cNuIRYrx,307.0
796,0,xiTGCYEl,yNIUaSyZ,307.0
291,0,zijvldJJ,RVGhYAxc,7266.0
291,0,PywYzQHY,zijvldJJ,7498.0
291,0,RufmISTr,PywYzQHY,4635.0
291,0,qnxnYECs,RufmISTr,4665.0
291,0,QNScHwgR,qnxnYECs,4665.0
291,0,dLUoTBAU,QNScHwgR,4658.0
464,0,uuIZngLh,rWJbJwsc,4750.0
464,0,gHWJyJxY,uuIZngLh,4750.0
463,0,UWOHRooW,Fwqgdxfa,1689.0
463,0,ImIhxSnH,UWOHRooW,1779.0
463,0,iEKuRfDT,ImIhxSnH,1777.0
463,0,PlyJazqR,iEKuRfDT,1777.0
463,0,ylfNfbjf,PlyJazqR,1514.0
463,0,psXocZQH,ylfNfbjf,1514.0
463,0,yprCGtVa,psXocZQH,1768.0
463,0,pPqywgRl,yprCGtVa,1960.0
463,0,HGjkimBc,pPqywgRl,1953.0
463,0,lqMPnIra,HGjkimBc,1969.0
463,0,eKMWhxRF,lqMPnIra,2944.0
463,0,pRsoSsPh,eKMWhxRF,3117.0
463,0,pUxrqkbR,pRsoSsPh,3126.0
463,0,GmRorurF,pUxrqkbR,3149.0
463,0,rWJbJwsc,GmRorurF,3149.0
463,0,uuIZngLh,rWJbJwsc,3638.0
463,0,gHWJyJxY,uuIZngLh,3638.0
250,0,HezLsNFQ,tyeyrnYi,6250.0
1395,0,OrbXRiVv,anWZyaGW,554.0
1395,0,cNuIRYrx,OrbXRiVv,608.0
1395,0,yNIUaSyZ,cNuIRYrx,608.0
1395,0,xiTGCYEl,yNIUaSyZ,608.0
1395,0,NXLrCKMp,xiTGCYEl,803.0
1395,0,FyoAuDvn,NXLrCKMp,803.0
1395,0,WOOyqinT,FyoAuDvn,925.0
1395,0,mnkgCFDT,WOOyqinT,925.0
1395,0,kVhbTVuU,mnkgCFDT,1722.0
1395,0,IoxYvxeH,kVhbTVuU,1756.0
1395,0,yrlDljAC,IoxYvxeH,1818.0
1395,0,rBCwdRqs,yrlDljAC,1818.0
1395,0,olAnplnl,rBCwdRqs,1818.0
1395,0,hpCuKAjH,olAnplnl,1818.0
1395,0,tyeyrnYi,hpCuKAjH,1818.0
1395,0,HezLsNFQ,tyeyrnYi,1827.0
1395,0,eusqYKWT,HezLsNFQ,1814.0
1395,0,xOHMcnRu,eusqYKWT,2163.0
1537,0,QzUmfmWq,GnVcDFUF,60.0
1537,0,FozFNjrC,QzUmfmWq,60.0
1537,0,loXKeyiW,FozFNjrC,60.0
1537,0,vDrIQGSM,loXKeyiW,60.0
1537,0,wYGnXViz,vDrIQGSM,60.0
1537,0,vePIvsJu,wYGnXViz,60.0
1537,0,BCaYhIgf,vePIvsJu,60.0
719,0,HezLsNFQ,tyeyrnYi,1540.0
1748,0,oPiGTUNA,EsFyleAW,258.0
1748,0,AsOznvtO,oPiGTUNA,258.0
1748,0,TxpOiGNK,AsOznvtO,258.0
1418,0,FoqpqGcp,QhiYKyAt,5136.0
1330,0,qqkwAIGc,HipgKeDY,2773.0
1330,0,YXiYqIfc,qqkwAIGc,2773.0
1418,0,DpeufCiu,SGVPbDEb,5865.0
1418,0,FaHpkwNs,DpeufCiu,5865.0
1418,0,iMMoIvpS,FaHpkwNs,7929.0
1418,0,wMslsCeS,iMMoIvpS,8034.0
1418,0,BTtHvEzM,wMslsCeS,8035.0
80,0,UWROvtjV,YpZAWuci,3130.0
80,0,aHnvxyXJ,UWROvtjV,3130.0
1452,0,UWROvtjV,YpZAWuci,224.0
1452,0,aHnvxyXJ,UWROvtjV,224.0
369,0,DpeufCiu,SGVPbDEb,2932.0
369,0,kohCEyKT,DpeufCiu,2932.0
369,0,DHQRQBBP,kohCEyKT,3023.0
142,0,FaHpkwNs,DpeufCiu,3010.0
142,0,kohCEyKT,FaHpkwNs,3010.0
142,0,DHQRQBBP,kohCEyKT,3958.0
34,0,ZKEtlMvK,kohCEyKT,2232.0
1681,0,vFcwPIzF,qrkdOgPU,152.0
1681,0,fdwfslrS,vFcwPIzF,135.0
1419,0,CKorGRkE,ejMjPdTH,199.0
1419,0,eaNsVWDR,CKorGRkE,199.0
1419,0,hpACGGyB,eaNsVWDR,199.0
133,0,pcONCDTC,nyQXyVHt,23.0
133,0,fkhDLNVv,pcONCDTC,22.0
133,0,ZgqhsueA,fkhDLNVv,22.0
133,0,GYxWnXpv,ZgqhsueA,8.0
133,0,mkpQpPSv,GYxWnXpv,8.0
133,0,EIHKZlEa,mkpQpPSv,8.0
133,0,oYdkYEMp,EIHKZlEa,8.0
133,0,TkHOmLHQ,oYdkYEMp,8.0
133,0,YvwuVYMF,TkHOmLHQ,8.0
133,0,vDFCntfg,YvwuVYMF,4.0
133,0,iEKDTvNf,vDFCntfg,4.0
133,0,MyGqmywG,iEKDTvNf,4.0
133,0,NxbXiMUL,MyGqmywG,4.0
133,0,XLVjRryq,NxbXiMUL,4.0
133,0,gzTQJVMW,XLVjRryq,4.0
133,0,FZsFzszJ,gzTQJVMW,4.0
133,0,KgwKZlse,FZsFzszJ,4.0
133,0,AoRkaUmb,KgwKZlse,4.0
133,0,ALhaazBT,AoRkaUmb,4.0
133,0,YqlTLIQa,ALhaazBT,4.0
133,0,AUmOMGnp,YqlTLIQa,4.0
133,0,XFPAZveS,AUmOMGnp,2.0
133,0,ojqTFFWy,XFPAZveS,1.0
130,0,fkhDLNVv,pcONCDTC,51.0
130,0,ZgqhsueA,fkhDLNVv,51.0
130,0,GYxWnXpv,ZgqhsueA,37.0
130,0,mkpQpPSv,GYxWnXpv,37.0
130,0,EIHKZlEa,mkpQpPSv,37.0
130,0,oYdkYEMp,EIHKZlEa,37.0
130,0,TkHOmLHQ,oYdkYEMp,37.0
130,0,SwTowoaO,TkHOmLHQ,37.0
130,0,YvwuVYMF,SwTowoaO,37.0
130,0,vDFCntfg,YvwuVYMF,35.0
130,0,iEKDTvNf,vDFCntfg,35.0
130,0,MyGqmywG,iEKDTvNf,35.0
130,0,NxbXiMUL,MyGqmywG,35.0
130,0,XLVjRryq,NxbXiMUL,34.0
130,0,RVEyrwjR,XLVjRryq,34.0
130,0,gzTQJVMW,RVEyrwjR,34.0
130,0,FZsFzszJ,gzTQJVMW,21.0
130,0,KgwKZlse,FZsFzszJ,21.0
130,0,AoRkaUmb,KgwKZlse,21.0
130,0,ALhaazBT,AoRkaUmb,21.0
130,0,YqlTLIQa,ALhaazBT,21.0
130,0,AUmOMGnp,YqlTLIQa,21.0
130,0,XFPAZveS,AUmOMGnp,21.0
130,0,ojqTFFWy,XFPAZveS,14.0
37,0,CKldDLYq,EkWBPXmr,466.0
37,0,tjYcJLRB,CKldDLYq,626.0
37,0,iYMJvRAf,tjYcJLRB,626.0
37,0,KplKuAnp,iYMJvRAf,636.0
37,0,pSVDMeCH,KplKuAnp,636.0
37,0,FTwVCxQy,pSVDMeCH,636.0
37,0,xnBCUPNx,FTwVCxQy,788.0
37,0,MEVzYGii,xnBCUPNx,1005.0
37,0,yQIotbyH,MEVzYGii,1005.0
37,0,taEXnGBL,yQIotbyH,1275.0
37,0,rZoajhYh,taEXnGBL,1275.0
37,0,NuyYqrDq,rZoajhYh,1349.0
37,0,gpaAUChy,NuyYqrDq,1385.0
37,0,IgEBJNwX,gpaAUChy,1385.0
37,0,NCVzutVL,IgEBJNwX,1416.0
37,0,cTQVugNT,NCVzutVL,1437.0
37,0,cNypyxpr,cTQVugNT,2168.0
37,0,WRVBvtIE,cNypyxpr,2168.0
37,0,RuAJZyMI,WRVBvtIE,2168.0
37,0,MtINPaKl,RuAJZyMI,2168.0
37,0,SGVPbDEb,MtINPaKl,2168.0
37,0,DpeufCiu,SGVPbDEb,2168.0
37,0,FaHpkwNs,DpeufCiu,2168.0
37,0,kohCEyKT,FaHpkwNs,2168.0
37,0,ZKEtlMvK,kohCEyKT,2168.0
37,0,pjRBTtLk,ZKEtlMvK,2168.0
369,0,ZKEtlMvK,DHQRQBBP,3007.0
369,0,pjRBTtLk,ZKEtlMvK,3289.0
142,0,ZKEtlMvK,DHQRQBBP,3933.0
142,0,pjRBTtLk,ZKEtlMvK,3934.0
1440,0,WRVBvtIE,gyQqEnFq,452.0
1440,0,RuAJZyMI,WRVBvtIE,452.0
1440,0,MtINPaKl,RuAJZyMI,514.0
1440,0,SGVPbDEb,MtINPaKl,516.0
1440,0,DpeufCiu,SGVPbDEb,646.0
1440,0,FaHpkwNs,DpeufCiu,646.0
1440,0,kohCEyKT,FaHpkwNs,646.0
1440,0,DHQRQBBP,kohCEyKT,646.0
1440,0,ZKEtlMvK,DHQRQBBP,646.0
1440,0,pjRBTtLk,ZKEtlMvK,906.0
1441,0,dHuMOmqh,LDSuadxM,1430.0
1441,0,kVCEAUTv,dHuMOmqh,2431.0
1441,0,llFTEWtD,IulxyPoH,1041.0
1441,0,SgXyhVwd,llFTEWtD,1041.0
1441,0,fPhIOSOj,SgXyhVwd,1041.0
1441,0,SOzmnmNW,fPhIOSOj,1041.0
1441,0,OhBAPvsb,SOzmnmNW,1041.0
1441,0,LDSuadxM,OhBAPvsb,1041.0
1441,0,PXPVuGmP,fQRLOpha,879.0
1441,0,IulxyPoH,PXPVuGmP,879.0
779,0,aNlaxeLS,ZecyfkGE,2682.0
779,0,zBPHjWVd,aNlaxeLS,2682.0
779,0,rPcYYZtd,zBPHjWVd,2694.0
779,0,ngtiheSM,rPcYYZtd,2490.0
994,0,BWKNZpmt,VriUyyDM,1556.0
779,0,pzScocJN,khOlLZay,2826.0
779,0,AOtPxxNt,pzScocJN,2816.0
779,0,pFQacbfu,AOtPxxNt,2810.0
779,0,ZecyfkGE,pFQacbfu,2810.0
992,0,ZKEtlMvK,kohCEyKT,6911.0
992,0,pjRBTtLk,ZKEtlMvK,6911.0
1441,0,hFISFuCO,BxmxkKGC,831.0
1441,0,byRkdSCW,hFISFuCO,831.0
1441,0,fQRLOpha,byRkdSCW,831.0
1702,0,qrLMfnQh,aQxdJxqw,1084.0
1702,0,nAnfzqIp,qrLMfnQh,1084.0
1702,0,BYibysYA,nAnfzqIp,1084.0
1531,0,NajoDNFv,wteskcXn,451.0
1531,0,aQxdJxqw,NajoDNFv,437.0
836,0,aojHvPEg,BZCtSmhk,4921.0
836,0,qeXIqBgp,aojHvPEg,4921.0
679,0,BpAiVnps,RVGhYAxc,2202.0
1330,0,TxpOiGNK,YXiYqIfc,1453.0
1330,0,NajoDNFv,TxpOiGNK,1447.0
1330,0,aQxdJxqw,NajoDNFv,1447.0
1568,0,YcrsfAeA,KCvWJpxq,4212.0
1568,0,cfrRCwNB,YcrsfAeA,4212.0
1568,0,TFSGEQcQ,cfrRCwNB,4578.0
1568,0,fjFZwaYy,TFSGEQcQ,4877.0
1568,0,lSWJJvzr,fjFZwaYy,4911.0
1568,0,nxFmOJAJ,lSWJJvzr,4942.0
1568,0,GznDzxNt,nxFmOJAJ,4942.0
1568,0,jappmlZc,GznDzxNt,4942.0
1568,0,JGAJXRSN,jappmlZc,5021.0
1568,0,SDEQaVyD,JGAJXRSN,4907.0
1226,0,SsTrbdxo,qzYXXYmc,10541.0
1226,0,yYFXObAF,SsTrbdxo,10541.0
1226,0,rmVgnKci,yYFXObAF,10541.0
1226,0,xMwzCIXQ,rmVgnKci,10492.0
1226,0,njiqgOWt,jVOVHrFU,9067.0
1263,0,MlqbsUKu,AXkvSZpr,11922.0
1263,0,jaCrAUFK,MlqbsUKu,12213.0
1263,0,oynLwMrX,jaCrAUFK,12029.0
1263,0,EKYbCcms,oynLwMrX,8944.0
1512,0,EKYbCcms,jaCrAUFK,12497.0
1226,0,CEZTRnUo,qflzswAf,5897.0
1226,0,funWfCdm,CEZTRnUo,5897.0
1226,0,rnFrOJMw,funWfCdm,5897.0
1226,0,iaPnRXpR,rnFrOJMw,5923.0
1226,0,PNUwxzRj,iaPnRXpR,7058.0
1226,0,sxclJLmG,PNUwxzRj,7058.0
1226,0,xMTNzVPt,sxclJLmG,7093.0
1226,0,AudzmzeZ,xMTNzVPt,7093.0
1226,0,QVFxizLc,AudzmzeZ,7134.0
1226,0,BKywSEpu,QVFxizLc,7134.0
1226,0,PrwDPVMa,BKywSEpu,7134.0
1226,0,bjPEDqek,PrwDPVMa,7143.0
1226,0,hNvVhacI,bjPEDqek,7143.0
1226,0,qzYXXYmc,hNvVhacI,6994.0
1707,0,PiHPpcZe,MPxbDKyu,8.0
1707,0,mBlbMFFC,PiHPpcZe,8.0
1707,0,BGChynOq,mBlbMFFC,8.0
1707,0,ffHVhHJj,BGChynOq,3.0
1707,0,itmFNPnQ,ffHVhHJj,3.0
1707,0,mEEGNlDG,itmFNPnQ,3.0
1707,0,jVOVHrFU,mEEGNlDG,3.0
1707,0,njiqgOWt,jVOVHrFU,2.0
1221,0,CKorGRkE,ejMjPdTH,4346.0
1221,0,eaNsVWDR,CKorGRkE,4346.0
1221,0,hpACGGyB,eaNsVWDR,4346.0
1221,0,VgUdLlOW,hpACGGyB,4699.0
1221,0,ywuGpANM,VgUdLlOW,4733.0
1221,0,BZCtSmhk,ywuGpANM,7526.0
1221,0,aojHvPEg,BZCtSmhk,7521.0
1221,0,qeXIqBgp,aojHvPEg,7521.0
1748,0,NajoDNFv,TxpOiGNK,285.0
1748,0,aQxdJxqw,NajoDNFv,349.0
1445,0,gHieypBQ,IOpdOfiF,767.0
1445,0,vfoDngvn,gHieypBQ,767.0
1445,0,EPWXwPSq,vfoDngvn,767.0
1445,0,orpkgmYq,EPWXwPSq,767.0
1445,0,RXuaQdiQ,orpkgmYq,767.0
1445,0,mhTYFecR,RXuaQdiQ,767.0
1445,0,RZCadHVt,mhTYFecR,767.0
1440,0,mhTYFecR,RXuaQdiQ,368.0
1440,0,RZCadHVt,mhTYFecR,338.0
1440,0,orpkgmYq,EPWXwPSq,669.0
1440,0,RXuaQdiQ,orpkgmYq,465.0
1440,0,gHieypBQ,wrFiwNtD,831.0
1440,0,vfoDngvn,gHieypBQ,831.0
1440,0,EPWXwPSq,vfoDngvn,831.0
34,0,aSxVTIYY,ZKEtlMvK,1633.0
34,0,fpInPVFL,aSxVTIYY,1633.0
142,0,JAgpxShP,qufiaPgM,30.0
80,0,aBlpKWpT,aHnvxyXJ,2870.0
1452,0,aBlpKWpT,aHnvxyXJ,425.0
1452,0,YBtfPRlp,aBlpKWpT,425.0
1226,0,cIQOVqQI,njiqgOWt,9059.0
1226,0,OyAyNkqZ,cIQOVqQI,9049.0
1226,0,XiXLaJEL,OyAyNkqZ,9042.0
1226,0,fzSWURzx,XiXLaJEL,4002.0
1226,0,vyojaKRU,fzSWURzx,3913.0
1226,0,puwcRgFs,vyojaKRU,3470.0
1226,0,zjKsBdNQ,puwcRgFs,1080.0
1226,0,ojqTFFWy,zjKsBdNQ,1080.0
232,0,rxopZurY,GJDHvjGI,2407.0
761,0,NnzcSqlk,mhTYFecR,3900.0
900,0,fTbQcCcQ,BSlPgNeK,92.0
1418,0,NNeqXfIi,FoqpqGcp,5233.0
1418,0,wbJSAzcX,NNeqXfIi,5229.0
80,0,RwWmKtXH,aBlpKWpT,2701.0
80,0,iWUiEObr,RwWmKtXH,2796.0
1452,0,RwWmKtXH,YBtfPRlp,627.0
1452,0,iWUiEObr,RwWmKtXH,627.0
796,0,DgJlPOry,ZpXtMmnA,800.0
796,0,inAMLXyk,DgJlPOry,800.0
796,0,nTEapSQO,inAMLXyk,800.0
796,0,AKaXSKPc,nTEapSQO,800.0
1452,0,mkMGVFdU,iWUiEObr,770.0
1452,0,xMYnsmAG,mkMGVFdU,1398.0
1452,0,IOpdOfiF,xMYnsmAG,1399.0
1486,0,inAMLXyk,ZpXtMmnA,257.0
1486,0,nTEapSQO,inAMLXyk,257.0
1486,0,AKaXSKPc,nTEapSQO,257.0
761,0,DgJlPOry,ZpXtMmnA,3662.0
761,0,inAMLXyk,DgJlPOry,3662.0
761,0,nTEapSQO,inAMLXyk,3662.0
761,0,AKaXSKPc,nTEapSQO,3662.0
1263,0,cIQOVqQI,EKYbCcms,9253.0
1263,0,OyAyNkqZ,cIQOVqQI,9254.0
401,0,zjOknQHK,CRVKBFrv,1561.0
401,0,FrKNovDQ,zjOknQHK,1561.0
401,0,kgNzHUbI,FrKNovDQ,1556.0
401,0,cXqKNsgk,eJfPkird,2892.0
401,0,adPAcDLJ,cXqKNsgk,2892.0
401,0,RTRcFCMg,adPAcDLJ,2871.0
401,0,yYShGLTs,RTRcFCMg,2871.0
401,0,VkUBejwv,yYShGLTs,3020.0
401,0,QuhVipGo,VkUBejwv,2429.0
401,0,IUBOlCKA,QuhVipGo,2289.0
401,0,knSDhEIY,IUBOlCKA,2374.0
401,0,bYtHLndm,knSDhEIY,2415.0
401,0,KbKyxild,bYtHLndm,2415.0
401,0,WzJZybAt,KbKyxild,1437.0
401,0,wBZvskGC,WzJZybAt,1403.0
401,0,hlYcHDiv,wBZvskGC,1327.0
401,0,ZUUFaTkv,hlYcHDiv,1327.0
401,0,TikfrWrm,ZUUFaTkv,1327.0
401,0,ojqTFFWy,TikfrWrm,418.0
1349,0,TIlepZYr,acVCzwtl,262.0
1349,0,BmQLYaPd,TIlepZYr,35.0
1349,0,UvdLYolu,BmQLYaPd,35.0
1349,0,ZFKsyBay,UvdLYolu,35.0
1349,0,suvDbtPR,ZFKsyBay,35.0
1096,0,FrCulsqF,VYHZxBYO,1186.0
1096,0,KCAssTym,FrCulsqF,1186.0
1096,0,WhdKokFf,KCAssTym,1229.0
1096,0,QhscbmPA,WhdKokFf,1229.0
1096,0,YVvBKwgW,QhscbmPA,1261.0
1096,0,CcDOWlNm,YVvBKwgW,1320.0
1096,0,yfjUYWEe,CcDOWlNm,1320.0
1019,0,kYVfgfZp,bLNlBUaT,184.0
1019,0,eZiXxBSP,kYVfgfZp,184.0
1019,0,SaZyOqOi,eZiXxBSP,184.0
1019,0,oRpydnwU,SaZyOqOi,247.0
1019,0,yyEOaSxi,oRpydnwU,247.0
1019,0,obftSQtS,yyEOaSxi,219.0
1029,0,rNCpaLXo,dNagXJoD,1195.0
232,0,qXMrbZDt,rxopZurY,2397.0
232,0,qOusBBOu,qXMrbZDt,2397.0
147,0,exgtgIgV,zJsEFgSs,140.0
147,0,CvtLjMFW,exgtgIgV,140.0
147,0,vSdfqYeK,CvtLjMFW,140.0
147,0,AmahvgQB,vSdfqYeK,140.0
1330,0,rxopZurY,aQxdJxqw,1154.0
1330,0,qXMrbZDt,rxopZurY,1154.0
1330,0,qOusBBOu,qXMrbZDt,1154.0
761,0,ECXJHxuC,AKaXSKPc,3853.0
761,0,mhTYFecR,ECXJHxuC,3853.0
541,0,oZJRchiN,wVKhsyCZ,33.0
541,0,ZgqhsueA,eyUKPfnA,33.0
541,0,YvwuVYMF,ZgqhsueA,33.0
541,0,FZsFzszJ,YvwuVYMF,33.0
541,0,ALhaazBT,FZsFzszJ,33.0
541,0,ejMjPdTH,ALhaazBT,33.0
1418,0,wHHoYczm,wbJSAzcX,5211.0
529,0,xiTGCYEl,cNuIRYrx,102.0
529,0,NXLrCKMp,xiTGCYEl,197.0
529,0,FyoAuDvn,NXLrCKMp,197.0
529,0,WOOyqinT,FyoAuDvn,197.0
529,0,VfTFpfzB,WOOyqinT,424.0
529,0,bZroqIhX,eTJQHplR,87.0
529,0,cNuIRYrx,bZroqIhX,87.0
1606,0,BgrWMruP,tNjBpHdR,58.0
1606,0,BlIFmvgd,BgrWMruP,58.0
1606,0,FGqBFXAc,BlIFmvgd,58.0
1606,0,MDGVFhVD,FGqBFXAc,58.0
1606,0,TjIpsyZG,MDGVFhVD,58.0
1606,0,pMhMmUyS,TjIpsyZG,58.0
1606,0,MaWmiWrW,pMhMmUyS,58.0
1606,0,XXnkNquo,MaWmiWrW,58.0
1606,0,GgMfrgKO,XiXLaJEL,22.0
1606,0,egyFOSbs,GgMfrgKO,22.0
1606,0,tNjBpHdR,egyFOSbs,22.0
232,0,ysAqwwWP,qOusBBOu,2348.0
232,0,vCxCuCVD,ysAqwwWP,2348.0
1330,0,vCxCuCVD,qOusBBOu,1147.0
1748,0,qXMrbZDt,aQxdJxqw,538.0
1748,0,qOusBBOu,qXMrbZDt,538.0
1748,0,vCxCuCVD,qOusBBOu,541.0
142,0,vnfcOAch,pjRBTtLk,2831.0
142,0,ryJVAbFB,vnfcOAch,2831.0
142,0,ttVqQknl,ryJVAbFB,2831.0
992,0,vnfcOAch,pjRBTtLk,6861.0
992,0,ryJVAbFB,vnfcOAch,6861.0
992,0,ttVqQknl,ryJVAbFB,6861.0
1512,0,MlqbsUKu,AXkvSZpr,11852.0
1512,0,jaCrAUFK,MlqbsUKu,11825.0
1512,0,OyAyNkqZ,EKYbCcms,11666.0
1300,0,ntDOQspU,OpgRCgWV,8985.0
1300,0,MlqbsUKu,ntDOQspU,9006.0
1300,0,jaCrAUFK,MlqbsUKu,9007.0
1300,0,oynLwMrX,jaCrAUFK,8562.0
1300,0,EKYbCcms,oynLwMrX,8039.0
1300,0,OyAyNkqZ,EKYbCcms,8146.0
37,0,vnfcOAch,pjRBTtLk,1767.0
37,0,ryJVAbFB,vnfcOAch,1767.0
37,0,ttVqQknl,ryJVAbFB,1767.0
37,0,aZtqChJJ,ttVqQknl,1767.0
170,0,tDDddUJb,lmZJehpq,691.0
170,0,RVGhYAxc,tDDddUJb,620.0
170,0,BpAiVnps,RVGhYAxc,496.0
992,0,aZtqChJJ,ttVqQknl,6863.0
232,0,LDSuadxM,vCxCuCVD,2045.0
142,0,aZtqChJJ,ttVqQknl,2831.0
80,0,yGnjFAhM,iWUiEObr,2584.0
796,0,ECXJHxuC,AKaXSKPc,612.0
796,0,mhTYFecR,ECXJHxuC,612.0
796,0,RZCadHVt,mhTYFecR,419.0
1440,0,vnfcOAch,pjRBTtLk,796.0
1440,0,ryJVAbFB,vnfcOAch,796.0
1440,0,ttVqQknl,ryJVAbFB,796.0
1440,0,aZtqChJJ,ttVqQknl,821.0
1440,0,wrFiwNtD,aZtqChJJ,821.0
1606,0,ZHlwRpuy,XXnkNquo,31.0
1606,0,kOgbwYhI,ZHlwRpuy,31.0
1606,0,LXShvwrY,kOgbwYhI,31.0
1606,0,TvvslWVF,LXShvwrY,31.0
1606,0,SgXyhVwd,TvvslWVF,25.0
1606,0,fPhIOSOj,SgXyhVwd,25.0
1606,0,PQDqFTyk,fPhIOSOj,25.0
1606,0,SOzmnmNW,PQDqFTyk,25.0
1606,0,OhBAPvsb,SOzmnmNW,25.0
1462,0,IIbmZtwl,SKQEJtAl,101.0
1462,0,TmzVTgQO,IIbmZtwl,101.0
1462,0,uQwuZjYR,TmzVTgQO,101.0
1462,0,pfDsKqbP,uQwuZjYR,101.0
1462,0,GKBCzMbq,pfDsKqbP,101.0
1462,0,orpkgmYq,GKBCzMbq,101.0
1462,0,RXuaQdiQ,orpkgmYq,101.0
1462,0,bmqZcfhO,RXuaQdiQ,94.0
1462,0,lUWTaWkd,bmqZcfhO,94.0
72,0,NnzcSqlk,MULNmVBJ,19.0
37,0,deapEAbC,aZtqChJJ,1390.0
992,0,deapEAbC,aZtqChJJ,6224.0
369,0,vnfcOAch,pjRBTtLk,2892.0
369,0,ryJVAbFB,vnfcOAch,2892.0
369,0,ttVqQknl,ryJVAbFB,2892.0
369,0,aZtqChJJ,ttVqQknl,2892.0
369,0,deapEAbC,aZtqChJJ,2892.0
142,0,wrFiwNtD,aZtqChJJ,2746.0
142,0,deapEAbC,wrFiwNtD,2762.0
1446,0,dHuMOmqh,LDSuadxM,773.0
1446,0,kVCEAUTv,dHuMOmqh,773.0
1446,0,LsuNFzpq,kVCEAUTv,773.0
1446,0,JZbiEaEt,LsuNFzpq,773.0
1446,0,RchOKnYD,JZbiEaEt,773.0
1446,0,BMDeXhVp,RchOKnYD,773.0
1446,0,jQytwadI,BMDeXhVp,773.0
1459,0,BxmxkKGC,RTafItqF,1256.0
1459,0,lfmzBYXb,BxmxkKGC,1256.0
1459,0,TQhrUKrf,lfmzBYXb,1256.0
1459,0,hFISFuCO,TQhrUKrf,1256.0
1459,0,IJrmTLNf,hFISFuCO,1256.0
1459,0,byRkdSCW,IJrmTLNf,1256.0
1459,0,fQRLOpha,byRkdSCW,1256.0
1459,0,PXPVuGmP,fQRLOpha,1256.0
1459,0,JpcivbxC,PXPVuGmP,1256.0
1459,0,IulxyPoH,JpcivbxC,1256.0
1459,0,llFTEWtD,IulxyPoH,1256.0
1459,0,TvvslWVF,llFTEWtD,1256.0
1459,0,SgXyhVwd,TvvslWVF,1133.0
1459,0,fPhIOSOj,SgXyhVwd,1133.0
1459,0,PQDqFTyk,fPhIOSOj,1133.0
1459,0,SOzmnmNW,PQDqFTyk,1133.0
1459,0,OhBAPvsb,SOzmnmNW,1133.0
1459,0,HqehCtdr,OhBAPvsb,1133.0
1459,0,dHuMOmqh,HqehCtdr,1133.0
1459,0,kVCEAUTv,dHuMOmqh,1133.0
1459,0,LsuNFzpq,kVCEAUTv,856.0
1459,0,JZbiEaEt,LsuNFzpq,856.0
1459,0,RchOKnYD,JZbiEaEt,782.0
1459,0,BMDeXhVp,RchOKnYD,782.0
1459,0,jQytwadI,BMDeXhVp,782.0
1395,0,QHFmFyLR,EkWBPXmr,89.0
1395,0,neNWquOh,QHFmFyLR,89.0
1395,0,KwaxxmSs,neNWquOh,89.0
1395,0,gzZgDndk,KwaxxmSs,142.0
1395,0,NQaaFyOm,gzZgDndk,239.0
1395,0,iPNesxKP,NQaaFyOm,240.0
1395,0,lctVuVOk,iPNesxKP,282.0
1395,0,EocVuyzS,lctVuVOk,282.0
1395,0,lwcIkPvE,EocVuyzS,282.0
1395,0,suszCmcx,lwcIkPvE,282.0
1395,0,UTBcifAN,suszCmcx,283.0
1395,0,HQVZivsH,UTBcifAN,492.0
1395,0,DeiIsjyA,HQVZivsH,492.0
1395,0,anWZyaGW,DeiIsjyA,534.0
47,0,paIawFeA,nIakFMcq,6256.0
47,0,bmUdUOzs,paIawFeA,6313.0
725,0,IoxYvxeH,mnkgCFDT,1169.0
725,0,yrlDljAC,IoxYvxeH,1033.0
725,0,rBCwdRqs,yrlDljAC,1033.0
725,0,olAnplnl,rBCwdRqs,1033.0
725,0,hpCuKAjH,olAnplnl,1033.0
725,0,tyeyrnYi,hpCuKAjH,1033.0
725,0,HezLsNFQ,tyeyrnYi,1033.0
464,0,oXQrzcje,gHWJyJxY,2485.0
464,0,fyqDJAhS,oXQrzcje,1973.0
1486,0,qtbZyrFG,AKaXSKPc,250.0
1486,0,ECXJHxuC,qtbZyrFG,250.0
1486,0,mhTYFecR,ECXJHxuC,250.0
804,0,ZeFKXxfu,fNoKcjVu,189.0
804,0,wYWONrrr,ZeFKXxfu,319.0
804,0,jTofnsvB,wYWONrrr,319.0
804,0,elmHqfIN,jTofnsvB,361.0
804,0,YhQOzAWJ,elmHqfIN,361.0
804,0,zUgDRwiy,YhQOzAWJ,677.0
804,0,okaePkJr,zUgDRwiy,831.0
804,0,PgJqeYYy,okaePkJr,831.0
804,0,cQQRUhUD,PgJqeYYy,1026.0
804,0,ZpXtMmnA,cQQRUhUD,1026.0
804,0,DgJlPOry,ZpXtMmnA,1026.0
804,0,inAMLXyk,DgJlPOry,1026.0
804,0,AKaXSKPc,inAMLXyk,1026.0
804,0,HdtICUKG,AKaXSKPc,1059.0
804,0,mhTYFecR,HdtICUKG,1059.0
1512,0,XiXLaJEL,OyAyNkqZ,11340.0
1512,0,vyojaKRU,XiXLaJEL,8061.0
1512,0,puwcRgFs,vyojaKRU,8426.0
1512,0,ojqTFFWy,puwcRgFs,4733.0
1512,0,SEVBrkvc,ojqTFFWy,3344.0
1512,0,qPtpgxic,SEVBrkvc,3150.0
1512,0,gGkadTNm,qPtpgxic,1589.0
1512,0,CbcrfuAf,gGkadTNm,1514.0
779,0,lOyAoICg,CbcrfuAf,7828.0
779,0,GpOUDfXM,lOyAoICg,7828.0
779,0,UTnQirag,GpOUDfXM,7332.0
779,0,tkWZZFES,UTnQirag,7332.0
779,0,JKUqFAhf,tkWZZFES,7101.0
47,0,ojqTFFWy,bmUdUOzs,6710.0
779,0,SEVBrkvc,ojqTFFWy,393.0
779,0,KzCxlBoL,SEVBrkvc,453.0
779,0,qPtpgxic,KzCxlBoL,453.0
779,0,RyPegcUV,qPtpgxic,740.0
779,0,gGkadTNm,RyPegcUV,740.0
779,0,CbcrfuAf,gGkadTNm,1045.0
1434,0,FoqpqGcp,QhiYKyAt,3056.0
1434,0,NNeqXfIi,FoqpqGcp,3852.0
1434,0,wbJSAzcX,NNeqXfIi,3854.0
1434,0,wHHoYczm,wbJSAzcX,3917.0
1434,0,JPWycazw,wHHoYczm,4160.0
1434,0,SapgsLPr,JPWycazw,4163.0
1434,0,OyAyNkqZ,SapgsLPr,4282.0
1434,0,XiXLaJEL,OyAyNkqZ,5592.0
1434,0,fzSWURzx,XiXLaJEL,6681.0
1434,0,vyojaKRU,fzSWURzx,6742.0
1434,0,puwcRgFs,vyojaKRU,6792.0
1434,0,zjKsBdNQ,puwcRgFs,6809.0
1434,0,ojqTFFWy,zjKsBdNQ,6809.0
1434,0,RTafItqF,ojqTFFWy,6809.0
1434,0,SEVBrkvc,RTafItqF,9861.0
1434,0,KzCxlBoL,SEVBrkvc,8692.0
1434,0,qPtpgxic,KzCxlBoL,8692.0
1434,0,RyPegcUV,qPtpgxic,5894.0
1434,0,gGkadTNm,RyPegcUV,4848.0
1434,0,CbcrfuAf,gGkadTNm,4633.0
1418,0,JPWycazw,wHHoYczm,4780.0
1418,0,XiXLaJEL,OyAyNkqZ,3647.0
1418,0,fzSWURzx,XiXLaJEL,903.0
1418,0,vyojaKRU,fzSWURzx,793.0
1418,0,puwcRgFs,vyojaKRU,213.0
1418,0,zjKsBdNQ,puwcRgFs,213.0
1418,0,ojqTFFWy,zjKsBdNQ,213.0
761,0,lUWTaWkd,NnzcSqlk,4019.0
761,0,glrALKnP,lUWTaWkd,4321.0
1682,0,rIWwRQFx,HkgLsGZV,155.0
1682,0,cfakSbWj,rIWwRQFx,155.0
1682,0,oAtDCozl,cfakSbWj,155.0
1682,0,cbQZDOwf,oAtDCozl,172.0
1682,0,lrlWhBjT,cbQZDOwf,172.0
1682,0,KoIahnfw,lrlWhBjT,172.0
1682,0,TVdcjRlg,KoIahnfw,172.0
1682,0,HDoiyQXO,TVdcjRlg,172.0
1682,0,brwCoXzb,HDoiyQXO,179.0
1682,0,LZThInHz,brwCoXzb,179.0
1682,0,whTcIvgZ,LZThInHz,179.0
1682,0,NKGBUaFm,whTcIvgZ,178.0
1682,0,qrkdOgPU,NKGBUaFm,229.0
140,0,vDFCntfg,YvwuVYMF,23.0
140,0,iEKDTvNf,vDFCntfg,23.0
140,0,MyGqmywG,iEKDTvNf,23.0
140,0,NxbXiMUL,MyGqmywG,21.0
140,0,XLVjRryq,NxbXiMUL,19.0
140,0,RVEyrwjR,XLVjRryq,19.0
140,0,gzTQJVMW,RVEyrwjR,19.0
1300,0,XiXLaJEL,OyAyNkqZ,7960.0
1300,0,puwcRgFs,XiXLaJEL,10734.0
1300,0,ojqTFFWy,puwcRgFs,8193.0
1300,0,SEVBrkvc,ojqTFFWy,8817.0
1300,0,KzCxlBoL,SEVBrkvc,8660.0
1300,0,qPtpgxic,KzCxlBoL,8660.0
1300,0,gGkadTNm,qPtpgxic,9125.0
1300,0,CbcrfuAf,gGkadTNm,9085.0
1258,0,fcSUqaEW,isWzWnoW,2897.0
1258,0,YJykDsrc,fcSUqaEW,2897.0
1263,0,XiXLaJEL,OyAyNkqZ,9100.0
1263,0,fzSWURzx,XiXLaJEL,5362.0
1263,0,vyojaKRU,fzSWURzx,4813.0
1263,0,puwcRgFs,vyojaKRU,4029.0
1263,0,zjKsBdNQ,puwcRgFs,1389.0
1263,0,ojqTFFWy,zjKsBdNQ,1388.0
835,0,XiXLaJEL,OyAyNkqZ,4789.0
835,0,GgMfrgKO,XiXLaJEL,2925.0
835,0,tNjBpHdR,GgMfrgKO,2635.0
780,0,zEOiVqLB,MpBHVRZl,1225.0
780,0,JvovwZNp,zEOiVqLB,2455.0
780,0,XUTqNKWc,JvovwZNp,2455.0
780,0,sPGYwoyj,XUTqNKWc,2595.0
780,0,OeZVKJdr,sPGYwoyj,2595.0
780,0,cgSMZptb,lhSIyIfw,3946.0
780,0,fdwLSfsa,cgSMZptb,3981.0
427,0,sUYaNmKG,mnkgCFDT,1211.0
427,0,ntDOQspU,sUYaNmKG,1211.0
427,0,MlqbsUKu,ntDOQspU,1211.0
427,0,jaCrAUFK,MlqbsUKu,1185.0
427,0,EKYbCcms,jaCrAUFK,1114.0
427,0,OyAyNkqZ,EKYbCcms,923.0
427,0,XiXLaJEL,OyAyNkqZ,923.0
318,0,lOtREfVG,AmahvgQB,2030.0
227,0,eTJQHplR,zAwPDfkg,3.0
204,0,yfzTmEfw,QgwCgjAi,916.0
204,0,mBSaKJib,yfzTmEfw,916.0
204,0,ggaXnTUz,mBSaKJib,872.0
204,0,zJsEFgSs,ggaXnTUz,872.0
204,0,exgtgIgV,zJsEFgSs,890.0
204,0,CvtLjMFW,exgtgIgV,890.0
204,0,vSdfqYeK,CvtLjMFW,883.0
204,0,lOtREfVG,vSdfqYeK,883.0
1275,0,qQrteapK,lqMPnIra,1463.0
1275,0,sZwmfbNt,qQrteapK,1463.0
1275,0,oBjbzljy,sZwmfbNt,1286.0
1275,0,aYSqaQmJ,oBjbzljy,1286.0
1275,0,zgCGmKZn,aYSqaQmJ,1239.0
1275,0,JKFFGKvY,zgCGmKZn,1165.0
1275,0,EVAUYvVR,JKFFGKvY,1165.0
1275,0,GYfZYaJh,EVAUYvVR,1165.0
1275,0,OpgRCgWV,GYfZYaJh,1153.0
1275,0,ntDOQspU,OpgRCgWV,1153.0
1275,0,MlqbsUKu,ntDOQspU,1153.0
1275,0,jaCrAUFK,MlqbsUKu,1147.0
1275,0,EKYbCcms,jaCrAUFK,1147.0
1275,0,OyAyNkqZ,EKYbCcms,1147.0
1275,0,XiXLaJEL,OyAyNkqZ,1147.0
1568,0,qOuhMtTj,xOhGqygU,12040.0
1568,0,KCvWJpxq,qOuhMtTj,11333.0
804,0,NXLrCKMp,xiTGCYEl,131.0
804,0,FyoAuDvn,NXLrCKMp,131.0
804,0,GpnhEWuy,FyoAuDvn,151.0
804,0,fNoKcjVu,GpnhEWuy,151.0
804,0,jPdkntFF,mhTYFecR,1404.0
1606,0,dEaSAGSX,OhBAPvsb,20.0
1607,0,qtwbUNdN,afEeEQRA,58.0
1607,0,sLhwHcwM,qtwbUNdN,58.0
1607,0,gcDZQasu,sLhwHcwM,58.0
1607,0,WrRzSDVz,gcDZQasu,58.0
1607,0,FGqBFXAc,WrRzSDVz,58.0
1607,0,gCZfLTyw,FGqBFXAc,58.0
1607,0,JbEMfubM,gCZfLTyw,58.0
1607,0,aImltWBw,JbEMfubM,58.0
1607,0,lUWTaWkd,RZCadHVt,24.0
1607,0,hApOmpAO,lUWTaWkd,24.0
1607,0,glrALKnP,hApOmpAO,24.0
1607,0,qehlKNkR,glrALKnP,24.0
1607,0,ZFFevgPB,qehlKNkR,24.0
1607,0,YBasMniA,ZFFevgPB,24.0
1607,0,FgFNxkEY,YBasMniA,24.0
1607,0,YFmNKhTV,FgFNxkEY,24.0
1607,0,WtbGlmGs,YFmNKhTV,24.0
1607,0,afEeEQRA,WtbGlmGs,24.0
1083,0,vyojaKRU,eaNsVWDR,841.0
1607,0,RZCadHVt,ERlrnknW,20.0
75,0,CbYTLXWK,cgIzawVB,236.0
75,0,kWrGTFqC,CbYTLXWK,236.0
75,0,ubEwIGdf,kWrGTFqC,227.0
75,0,aBKtLgYB,ubEwIGdf,227.0
75,0,qduHdsCL,aBKtLgYB,227.0
75,0,GYMzAvFw,qduHdsCL,227.0
75,0,VXAxIwYs,GYMzAvFw,227.0
75,0,ZHWKFCEn,VXAxIwYs,228.0
75,0,ljcnUKfU,ZHWKFCEn,219.0
75,0,ngHHCDQb,ljcnUKfU,219.0
75,0,gKNaWgzA,ngHHCDQb,202.0
75,0,mTKelVZs,gKNaWgzA,202.0
75,0,xjlhzjUh,mTKelVZs,201.0
75,0,fGCuvnjJ,xjlhzjUh,201.0
75,0,CsZszdUY,fGCuvnjJ,201.0
75,0,GFWgXvCF,CsZszdUY,201.0
75,0,TFRpjaAo,GFWgXvCF,201.0
75,0,JhdinCeD,TFRpjaAo,200.0
75,0,ZIieNEvD,JhdinCeD,200.0
75,0,jvLymITs,ZIieNEvD,200.0
75,0,jJVVpGMf,jvLymITs,198.0
75,0,tcYerYbk,jJVVpGMf,198.0
75,0,pPKqPUVW,tcYerYbk,198.0
75,0,iYTiOTOT,pPKqPUVW,198.0
75,0,dLtneiKf,iYTiOTOT,198.0
75,0,slfxTuih,dLtneiKf,198.0
75,0,XFPAZveS,slfxTuih,180.0
1330,0,lUWTaWkd,vCxCuCVD,618.0
564,0,hApOmpAO,lUWTaWkd,312.0
564,0,glrALKnP,hApOmpAO,312.0
564,0,FHApcaDQ,glrALKnP,748.0
564,0,lUWTaWkd,RZCadHVt,166.0
796,0,lUWTaWkd,RZCadHVt,317.0
796,0,glrALKnP,lUWTaWkd,317.0
804,0,gQTRJpmv,jPdkntFF,1398.0
1748,0,NnzcSqlk,vCxCuCVD,399.0
1748,0,qehlKNkR,NnzcSqlk,412.0
1748,0,ZFFevgPB,qehlKNkR,412.0
1452,0,lUWTaWkd,mhTYFecR,5999.0
1452,0,hApOmpAO,lUWTaWkd,5998.0
1452,0,qehlKNkR,hApOmpAO,5998.0
1452,0,ZFFevgPB,qehlKNkR,5998.0
1452,0,YBasMniA,ZFFevgPB,5998.0
1452,0,sZNeRfOC,YBasMniA,6325.0
1452,0,HajxumVd,sZNeRfOC,6325.0
903,0,mPXKcTmk,fGauMtcM,54.0
903,0,moYdstNu,mPXKcTmk,52.0
80,0,sAYtjSkX,yGnjFAhM,2712.0
77,0,IGRxApsM,ZNFFlclk,11.0
77,0,yOopALph,IGRxApsM,53.0
779,0,qKwvXMmm,uxBjVsKf,1302.0
779,0,BNQPEsdW,qKwvXMmm,1302.0
779,0,beniIHzL,BNQPEsdW,1287.0
835,0,FGqBFXAc,tNjBpHdR,39.0
1702,0,ALndweLA,BYibysYA,672.0
1486,0,qehlKNkR,mhTYFecR,78.0
1486,0,ZFFevgPB,qehlKNkR,78.0
1486,0,sZNeRfOC,ZFFevgPB,78.0
1486,0,HajxumVd,sZNeRfOC,78.0
796,0,qehlKNkR,glrALKnP,279.0
796,0,sZNeRfOC,qehlKNkR,279.0
796,0,HajxumVd,sZNeRfOC,279.0
1748,0,sZNeRfOC,ZFFevgPB,330.0
1748,0,HajxumVd,sZNeRfOC,330.0
1440,0,lUWTaWkd,RZCadHVt,75.0
1440,0,hApOmpAO,lUWTaWkd,75.0
1440,0,qehlKNkR,hApOmpAO,75.0
1440,0,ZFFevgPB,qehlKNkR,75.0
1440,0,sZNeRfOC,ZFFevgPB,75.0
1440,0,HajxumVd,sZNeRfOC,75.0
1462,0,hApOmpAO,lUWTaWkd,58.0
1462,0,qehlKNkR,hApOmpAO,58.0
1462,0,ZFFevgPB,qehlKNkR,58.0
1462,0,YBasMniA,ZFFevgPB,58.0
1462,0,sZNeRfOC,YBasMniA,58.0
1462,0,HajxumVd,sZNeRfOC,58.0
804,0,BGrlRyyC,gQTRJpmv,757.0
564,0,rydzAjNc,FHApcaDQ,393.0
564,0,cekWZWmD,rydzAjNc,393.0
564,0,ngHHCDQb,cekWZWmD,393.0
142,0,nunLDRbE,deapEAbC,877.0
142,0,oRUBDfuD,nunLDRbE,877.0
142,0,qQJgvOFz,oRUBDfuD,877.0
142,0,qVPPKIYf,qQJgvOFz,806.0
142,0,zvByLoIK,qVPPKIYf,781.0
804,0,WLRLSlmn,BGrlRyyC,711.0
1440,0,LhQSpAzy,HajxumVd,57.0
1440,0,pwpCkicC,LhQSpAzy,57.0
562,0,TEuwlied,dqlcNUVh,38.0
1452,0,tyrVGRMU,HajxumVd,6284.0
1452,0,LhQSpAzy,tyrVGRMU,6302.0
1452,0,pwpCkicC,LhQSpAzy,6302.0
780,0,yGpawgaV,JMPYaKbU,1325.0
804,0,gDjMHgkU,WLRLSlmn,669.0
74,0,DksUClXl,oAtDCozl,177.0
74,0,CJfGjHZT,DksUClXl,177.0
74,0,oAltlCRB,CJfGjHZT,177.0
74,0,FfkqCuZM,oAltlCRB,177.0
74,0,okgTpqCg,FfkqCuZM,177.0
74,0,IKzXRYHu,okgTpqCg,177.0
74,0,adAJVrkD,IKzXRYHu,177.0
74,0,TbPzKyew,adAJVrkD,182.0
74,0,SXdGhQsI,TbPzKyew,182.0
74,0,gDjMHgkU,SXdGhQsI,182.0
365,0,BgwdUHsv,ysSWNERo,4.0
365,0,lEwLedpG,BgwdUHsv,4.0
365,0,lQIpGOTn,lEwLedpG,4.0
365,0,uhUmvvRs,lQIpGOTn,4.0
365,0,GgLRqpEG,uhUmvvRs,4.0
365,0,WFZVQzrl,GgLRqpEG,4.0
365,0,tRncbstl,WFZVQzrl,4.0
365,0,QDIpIlEK,tRncbstl,4.0
365,0,GpnhEWuy,QDIpIlEK,4.0
365,0,rRGVruPM,GpnhEWuy,4.0
37,0,nunLDRbE,deapEAbC,438.0
37,0,oRUBDfuD,nunLDRbE,438.0
37,0,qQJgvOFz,oRUBDfuD,438.0
37,0,qVPPKIYf,qQJgvOFz,438.0
37,0,osIslFBH,qVPPKIYf,431.0
902,0,GeRuyZeo,MzxDaMZj,55.0
902,0,YqAQHxyY,GeRuyZeo,55.0
902,0,qLRAgPvM,YqAQHxyY,53.0
902,0,yVpSHUpe,qLRAgPvM,53.0
902,0,PfzzVLdD,yVpSHUpe,53.0
902,0,yRZHSCWE,PfzzVLdD,52.0
902,0,rCrvifMW,yRZHSCWE,52.0
902,0,aPOYjvXT,rCrvifMW,52.0
565,0,vcCubJJz,ykEzhWPm,500.0
565,0,CJfGjHZT,vcCubJJz,500.0
565,0,oAltlCRB,CJfGjHZT,500.0
565,0,FfkqCuZM,oAltlCRB,500.0
565,0,lfmzBYXb,BxmxkKGC,419.0
565,0,TQhrUKrf,lfmzBYXb,419.0
565,0,hFISFuCO,TQhrUKrf,419.0
565,0,IJrmTLNf,hFISFuCO,419.0
565,0,byRkdSCW,IJrmTLNf,419.0
565,0,fQRLOpha,byRkdSCW,419.0
565,0,PXPVuGmP,fQRLOpha,433.0
565,0,ykEzhWPm,PXPVuGmP,433.0
565,0,BxmxkKGC,ojqTFFWy,265.0
1461,0,BxmxkKGC,RTafItqF,32.0
1461,0,TQhrUKrf,BxmxkKGC,32.0
1461,0,hFISFuCO,TQhrUKrf,32.0
1461,0,IJrmTLNf,hFISFuCO,32.0
1461,0,byRkdSCW,IJrmTLNf,32.0
1461,0,fQRLOpha,byRkdSCW,32.0
1461,0,PXPVuGmP,fQRLOpha,32.0
1461,0,JpcivbxC,PXPVuGmP,32.0
1461,0,IulxyPoH,JpcivbxC,32.0
1461,0,llFTEWtD,IulxyPoH,32.0
1461,0,TvvslWVF,llFTEWtD,32.0
1461,0,SgXyhVwd,TvvslWVF,32.0
1461,0,fPhIOSOj,SgXyhVwd,32.0
1461,0,SOzmnmNW,fPhIOSOj,32.0
1461,0,OhBAPvsb,SOzmnmNW,32.0
1461,0,fgmiKawi,OhBAPvsb,32.0
1461,0,kVCEAUTv,fgmiKawi,32.0
1461,0,LsuNFzpq,kVCEAUTv,32.0
1461,0,aJJPOUlY,LsuNFzpq,32.0
1461,0,MMyysWzk,aJJPOUlY,32.0
1461,0,LrboGrTs,MMyysWzk,32.0
1461,0,HYTJJriR,LrboGrTs,32.0
1461,0,fjkEEKNz,HYTJJriR,32.0
1461,0,vqmUkLVA,fjkEEKNz,32.0
80,0,yhYCDbZJ,sAYtjSkX,2395.0
80,0,ebBIwNsf,yhYCDbZJ,2395.0
992,0,nunLDRbE,deapEAbC,8196.0
992,0,oRUBDfuD,nunLDRbE,8196.0
992,0,qQJgvOFz,oRUBDfuD,8196.0
992,0,kbNsckqG,qQJgvOFz,8213.0
804,0,rpBBoUBR,gDjMHgkU,342.0
804,0,WwOeNuda,rpBBoUBR,342.0
804,0,KFegxKuC,WwOeNuda,342.0
804,0,aVjeFnZb,KFegxKuC,342.0
804,0,fvPlIFug,aVjeFnZb,342.0
75,0,EWgolfjF,HGpTnntY,964.0
75,0,TzZKgVDl,EWgolfjF,688.0
75,0,zzxlwhdI,wssOAckJ,2.0
75,0,HGpTnntY,zzxlwhdI,189.0
779,0,yHCBRtBd,xnXFAboh,4554.0
779,0,YYKDBDRS,yHCBRtBd,4554.0
779,0,CDXhVrrJ,YYKDBDRS,4554.0
561,0,rIWwRQFx,HkgLsGZV,1818.0
561,0,cfakSbWj,rIWwRQFx,1818.0
561,0,oAtDCozl,cfakSbWj,1818.0
561,0,lfmzBYXb,BxmxkKGC,1653.0
561,0,TQhrUKrf,lfmzBYXb,1653.0
561,0,hFISFuCO,TQhrUKrf,1653.0
561,0,IJrmTLNf,hFISFuCO,1653.0
561,0,byRkdSCW,IJrmTLNf,1653.0
561,0,HkgLsGZV,byRkdSCW,1653.0
561,0,BxmxkKGC,ojqTFFWy,1469.0
561,0,cbQZDOwf,oAtDCozl,1641.0
796,0,LhQSpAzy,HajxumVd,35.0
796,0,pwpCkicC,LhQSpAzy,35.0
992,0,VHmQaoRO,kbNsckqG,8209.0
369,0,nunLDRbE,deapEAbC,2560.0
369,0,oRUBDfuD,nunLDRbE,2560.0
369,0,qQJgvOFz,oRUBDfuD,2560.0
369,0,kbNsckqG,qQJgvOFz,2560.0
369,0,VHmQaoRO,kbNsckqG,2560.0
71,0,ZYCVVmjG,YKGBeVKa,1220.0
779,0,NTCwKKsF,JKUqFAhf,5507.0
779,0,xnXFAboh,NTCwKKsF,5507.0
780,0,JMPYaKbU,IGRxApsM,1334.0
780,0,IGRxApsM,ZNFFlclk,2.0
567,0,VMeHkHot,rkDXPoao,57.0
567,0,hpqGMkEd,VMeHkHot,57.0
567,0,ugwdZZUk,hpqGMkEd,57.0
567,0,lfmzBYXb,BxmxkKGC,41.0
567,0,TQhrUKrf,lfmzBYXb,50.0
567,0,hFISFuCO,TQhrUKrf,50.0
567,0,IJrmTLNf,hFISFuCO,50.0
567,0,byRkdSCW,IJrmTLNf,50.0
567,0,HkgLsGZV,byRkdSCW,50.0
567,0,rIWwRQFx,HkgLsGZV,50.0
567,0,cfakSbWj,rIWwRQFx,50.0
567,0,oAtDCozl,cfakSbWj,50.0
567,0,cbQZDOwf,oAtDCozl,50.0
567,0,lrlWhBjT,cbQZDOwf,50.0
567,0,KoIahnfw,lrlWhBjT,54.0
567,0,seSDLBYx,KoIahnfw,54.0
567,0,aBkDdFJm,seSDLBYx,54.0
567,0,UKIbRYBp,aBkDdFJm,54.0
567,0,wdXbjior,UKIbRYBp,54.0
567,0,rkDXPoao,wdXbjior,54.0
567,0,BxmxkKGC,ojqTFFWy,40.0
1557,0,yNIUaSyZ,cNuIRYrx,338.0
1557,0,xiTGCYEl,yNIUaSyZ,338.0
1557,0,NXLrCKMp,xiTGCYEl,408.0
1557,0,FyoAuDvn,NXLrCKMp,408.0
1557,0,GpnhEWuy,FyoAuDvn,555.0
1557,0,fNoKcjVu,GpnhEWuy,558.0
1557,0,ZeFKXxfu,fNoKcjVu,721.0
1557,0,wYWONrrr,ZeFKXxfu,739.0
1557,0,jTofnsvB,wYWONrrr,739.0
1557,0,YhQOzAWJ,jTofnsvB,1524.0
1557,0,mexFgKBp,YhQOzAWJ,1524.0
1557,0,okaePkJr,mexFgKBp,1695.0
1557,0,PgJqeYYy,okaePkJr,1982.0
1557,0,cQQRUhUD,PgJqeYYy,2008.0
1557,0,ZpXtMmnA,cQQRUhUD,2008.0
1557,0,inAMLXyk,ZpXtMmnA,2356.0
1557,0,nTEapSQO,inAMLXyk,2356.0
1557,0,AKaXSKPc,nTEapSQO,2356.0
1557,0,HdtICUKG,AKaXSKPc,2358.0
1557,0,qtbZyrFG,HdtICUKG,2358.0
1557,0,ECXJHxuC,qtbZyrFG,2358.0
1557,0,mhTYFecR,ECXJHxuC,2358.0
1557,0,ODVCvUnB,mhTYFecR,2471.0
1557,0,jPdkntFF,ODVCvUnB,2471.0
1557,0,gQTRJpmv,jPdkntFF,2471.0
1557,0,WLRLSlmn,gQTRJpmv,2477.0
1557,0,ArfZenbk,WLRLSlmn,2481.0
1557,0,ugwdZZUk,ArfZenbk,2513.0
129,0,WdOwNGhj,xfbmoJHP,264.0
129,0,kKKRBhFF,WdOwNGhj,242.0
129,0,NFInfBeu,kKKRBhFF,242.0
129,0,VCQdmIoF,NFInfBeu,242.0
129,0,ePrpofUw,VCQdmIoF,242.0
129,0,KcvPUxQg,ePrpofUw,242.0
129,0,BlnSxBAr,KcvPUxQg,242.0
129,0,TCBUGaZf,BlnSxBAr,242.0
129,0,pzcCDVmZ,TCBUGaZf,242.0
129,0,oUmVLfUX,pzcCDVmZ,242.0
129,0,fJdABIlw,oUmVLfUX,242.0
129,0,mXwfazRz,fJdABIlw,242.0
129,0,NGAodVTg,mXwfazRz,242.0
129,0,TvGyfQSI,NGAodVTg,242.0
129,0,HFYkXdPG,TvGyfQSI,242.0
129,0,KjgVoxgR,HFYkXdPG,242.0
129,0,xTOrUJFO,KjgVoxgR,236.0
129,0,EmkugZPX,xTOrUJFO,236.0
129,0,lmZJehpq,EmkugZPX,236.0
129,0,tDDddUJb,lmZJehpq,235.0
913,0,WdOwNGhj,xfbmoJHP,17.0
913,0,kKKRBhFF,WdOwNGhj,15.0
913,0,NFInfBeu,kKKRBhFF,15.0
913,0,VCQdmIoF,NFInfBeu,15.0
913,0,ePrpofUw,VCQdmIoF,15.0
913,0,KcvPUxQg,ePrpofUw,15.0
913,0,BlnSxBAr,KcvPUxQg,15.0
913,0,TCBUGaZf,BlnSxBAr,15.0
567,0,oTJYLjwC,ugwdZZUk,49.0
1175,0,QEnOoljA,pYAYKpHc,1081.0
1175,0,aLyOqIFS,QEnOoljA,1017.0
1175,0,UmISPPJO,aLyOqIFS,964.0
1175,0,VPUbGzfh,UmISPPJO,964.0
1175,0,MVExtcyL,VPUbGzfh,964.0
1175,0,bciZjPUu,MVExtcyL,964.0
1175,0,ogOCBKAf,bciZjPUu,920.0
1174,0,aLyOqIFS,QEnOoljA,1523.0
1174,0,UmISPPJO,aLyOqIFS,1523.0
1174,0,VPUbGzfh,UmISPPJO,1617.0
1174,0,MVExtcyL,VPUbGzfh,1617.0
401,0,bYNwHuWo,KjiBWoqR,1233.0
401,0,MFfExqBx,bYNwHuWo,1244.0
401,0,qWvzRbGV,MFfExqBx,1183.0
401,0,PRzaSxQc,qWvzRbGV,1183.0
401,0,bfKiOFsS,PRzaSxQc,1183.0
401,0,eGbCulMV,bfKiOFsS,1183.0
401,0,CRVKBFrv,eGbCulMV,1183.0
157,0,aLyOqIFS,QEnOoljA,47.0
157,0,UmISPPJO,aLyOqIFS,47.0
157,0,VPUbGzfh,UmISPPJO,47.0
157,0,MVExtcyL,VPUbGzfh,47.0
157,0,bciZjPUu,MVExtcyL,47.0
157,0,ogOCBKAf,bciZjPUu,39.0
157,0,PhjcDdmq,ogOCBKAf,8.0
157,0,bHagonKv,PhjcDdmq,8.0
157,0,Vlipnutt,bHagonKv,8.0
157,0,CcjcuryA,Vlipnutt,8.0
157,0,FStgRiBS,CcjcuryA,8.0
157,0,GkYZbgqg,FStgRiBS,8.0
157,0,FlYjxOxQ,GkYZbgqg,8.0
157,0,wFSILCzc,FlYjxOxQ,8.0
157,0,yQQuLFAg,wFSILCzc,8.0
157,0,rUKSlFeh,yQQuLFAg,8.0
157,0,rckblBTM,rUKSlFeh,8.0
157,0,gKoyUmab,rckblBTM,8.0
157,0,fGmFhgnx,gKoyUmab,8.0
157,0,XyHfgUxW,fGmFhgnx,8.0
157,0,zjjLSYAp,XyHfgUxW,8.0
157,0,wrsPDGBQ,zjjLSYAp,8.0
1168,0,XBBRJpEo,iqwUvhKg,42.0
1168,0,yfDSCLNC,XBBRJpEo,40.0
1168,0,eUWmFhmU,yfDSCLNC,40.0
1168,0,PaIXMFSn,eUWmFhmU,40.0
1168,0,xWjNpCho,PaIXMFSn,39.0
1168,0,drCNaUUd,xWjNpCho,36.0
1168,0,GiLGTLpB,drCNaUUd,36.0
1168,0,uCrZVfKw,GiLGTLpB,36.0
1168,0,ibPVFfKv,uCrZVfKw,28.0
1168,0,MokitPrF,ibPVFfKv,28.0
1168,0,WWVpYMJI,MokitPrF,28.0
1168,0,UmISPPJO,WWVpYMJI,28.0
1168,0,VPUbGzfh,UmISPPJO,28.0
1168,0,MVExtcyL,VPUbGzfh,28.0
1168,0,bciZjPUu,MVExtcyL,28.0
1168,0,ogOCBKAf,bciZjPUu,28.0
1171,0,aLyOqIFS,QEnOoljA,140.0
1171,0,UmISPPJO,aLyOqIFS,140.0
1171,0,VPUbGzfh,UmISPPJO,140.0
1171,0,MVExtcyL,VPUbGzfh,140.0
1171,0,bciZjPUu,MVExtcyL,140.0
1171,0,ogOCBKAf,bciZjPUu,135.0
561,0,lrlWhBjT,cbQZDOwf,1638.0
47,0,WdOwNGhj,xfbmoJHP,2930.0
427,0,vyojaKRU,XiXLaJEL,834.0
427,0,puwcRgFs,vyojaKRU,803.0
427,0,ojqTFFWy,puwcRgFs,603.0
566,0,LjfvDYFE,IANlmbvg,4.0
566,0,VEafRBFt,LjfvDYFE,7.0
566,0,EPhoDTHz,VEafRBFt,7.0
566,0,WGPbPoOh,EPhoDTHz,7.0
566,0,avbDVyxh,WGPbPoOh,3.0
566,0,gzkuviLm,avbDVyxh,3.0
566,0,CkzMckPC,gzkuviLm,3.0
566,0,WywmvGMH,CkzMckPC,3.0
566,0,AesbwnPs,WywmvGMH,3.0
566,0,hzAARBgX,AesbwnPs,3.0
1748,0,LhQSpAzy,HajxumVd,271.0
1748,0,pwpCkicC,LhQSpAzy,271.0
1612,0,cpfNtAtG,RwPflEyQ,81.0
1612,0,hfvWjeWi,cpfNtAtG,81.0
1612,0,ffCPclBp,hfvWjeWi,81.0
1612,0,aIYUUJGk,ffCPclBp,81.0
1612,0,XNgGrRZp,aIYUUJGk,81.0
1612,0,nbddTMrG,XNgGrRZp,41.0
1612,0,wwRbiLuR,nbddTMrG,41.0
1612,0,zjuQPxhV,wwRbiLuR,41.0
1612,0,GjtgPBZH,zjuQPxhV,41.0
1612,0,AyRaCeuc,GjtgPBZH,41.0
1612,0,tYBUyXXf,AyRaCeuc,41.0
1652,0,tojmCcQB,tUdYLqkf,5.0
1652,0,jwBQsumG,tojmCcQB,5.0
1652,0,FtVXEmao,jwBQsumG,5.0
1652,0,LyncnjMw,FtVXEmao,5.0
1652,0,FoxIDeQY,LyncnjMw,5.0
1557,0,zjSZrmjo,ugwdZZUk,1998.0
567,0,zjSZrmjo,oTJYLjwC,15.0
178,0,oUmVLfUX,WKWTpoqQ,303.0
178,0,fJdABIlw,oUmVLfUX,303.0
178,0,mXwfazRz,fJdABIlw,270.0
178,0,NGAodVTg,mXwfazRz,239.0
178,0,TvGyfQSI,NGAodVTg,239.0
178,0,HFYkXdPG,TvGyfQSI,239.0
178,0,KjgVoxgR,HFYkXdPG,229.0
178,0,xTOrUJFO,KjgVoxgR,213.0
178,0,EmkugZPX,xTOrUJFO,213.0
178,0,lmZJehpq,EmkugZPX,206.0
178,0,tDDddUJb,lmZJehpq,206.0
80,0,BzJNmTUM,ebBIwNsf,2284.0
80,0,qLEwgwyN,BzJNmTUM,2284.0
80,0,WDOOnJlC,qLEwgwyN,2284.0
561,0,KoIahnfw,lrlWhBjT,499.0
561,0,seSDLBYx,KoIahnfw,486.0
561,0,aBkDdFJm,seSDLBYx,480.0
561,0,UKIbRYBp,aBkDdFJm,480.0
561,0,wdXbjior,UKIbRYBp,480.0
561,0,rkDXPoao,wdXbjior,480.0
566,0,pnYEWPBG,VUmYNFZt,1.0
566,0,IANlmbvg,pnYEWPBG,1.0
1557,0,sUKTegUv,zjSZrmjo,1812.0
1557,0,ITgXIjdb,sUKTegUv,1812.0
1557,0,HnrldKFZ,ITgXIjdb,1812.0
1557,0,WkuKuFdE,HnrldKFZ,1730.0
1557,0,NsNpZaFg,WkuKuFdE,1730.0
1557,0,oyvIGXLL,NsNpZaFg,1672.0
1557,0,aDfjbwoX,oyvIGXLL,1660.0
1088,0,XgkALHoJ,RUSqbQft,609.0
1088,0,CLiKvSHW,XgkALHoJ,609.0
1088,0,ZnVCCcBH,CLiKvSHW,609.0
1088,0,OIitzYwb,ZnVCCcBH,609.0
1088,0,pACYXwGf,OIitzYwb,611.0
1088,0,VYHZxBYO,pACYXwGf,612.0
1093,0,JOgPNDzu,VYHZxBYO,473.0
1093,0,KCAssTym,JOgPNDzu,488.0
1093,0,WhdKokFf,KCAssTym,648.0
1093,0,QhscbmPA,WhdKokFf,648.0
1093,0,YVvBKwgW,QhscbmPA,586.0
1093,0,CcDOWlNm,YVvBKwgW,583.0
1093,0,yfjUYWEe,CcDOWlNm,583.0
1093,0,LIgtsZTQ,yfjUYWEe,925.0
1093,0,OLfrsrRj,LIgtsZTQ,886.0
1093,0,nvtqczOj,OLfrsrRj,886.0
1093,0,FdzHSswJ,nvtqczOj,597.0
1093,0,qmRscxuH,FdzHSswJ,567.0
951,0,YGbVmztp,OWTXMrGR,1481.0
951,0,oHyqEJfk,YGbVmztp,1481.0
951,0,bfpcjsiF,oHyqEJfk,1481.0
951,0,CbcrfuAf,bfpcjsiF,1387.0
992,0,MlXQVZuf,VHmQaoRO,6736.0
992,0,QxkHLGuk,MlXQVZuf,6736.0
369,0,MlXQVZuf,VHmQaoRO,2183.0
369,0,QxkHLGuk,MlXQVZuf,2183.0
899,0,QBDSVwgM,PTCqqgjS,38.0
899,0,PfzzVLdD,QBDSVwgM,42.0
899,0,yRZHSCWE,PfzzVLdD,41.0
899,0,rCrvifMW,yRZHSCWE,41.0
899,0,aPOYjvXT,rCrvifMW,41.0
1591,0,ciAbSxQX,TEKQTTfp,125.0
1591,0,ZIPCqImv,ciAbSxQX,87.0
1591,0,aWNaUdzp,ZIPCqImv,87.0
1591,0,FCsbIOBe,aWNaUdzp,70.0
1591,0,wyEQXfIU,FCsbIOBe,70.0
1591,0,gGjwcdJB,wyEQXfIU,70.0
1085,0,zjKsBdNQ,puwcRgFs,13431.0
1085,0,ojqTFFWy,zjKsBdNQ,13431.0
71,0,qcBmUtcB,HqehCtdr,39.0
71,0,ODVCvUnB,qcBmUtcB,98.0
71,0,jPdkntFF,ODVCvUnB,98.0
71,0,gQTRJpmv,jPdkntFF,103.0
71,0,gRoGYEAJ,gQTRJpmv,104.0
71,0,BGrlRyyC,gRoGYEAJ,104.0
71,0,SXdGhQsI,BGrlRyyC,112.0
71,0,gDjMHgkU,SXdGhQsI,112.0
71,0,rpBBoUBR,gDjMHgkU,112.0
71,0,WwOeNuda,rpBBoUBR,112.0
71,0,KFegxKuC,WwOeNuda,112.0
71,0,aVjeFnZb,KFegxKuC,112.0
71,0,fvPlIFug,aVjeFnZb,112.0
71,0,tNQgpOjd,fvPlIFug,113.0
71,0,jbVnaCku,tNQgpOjd,113.0
71,0,RmfxCtxh,jbVnaCku,113.0
71,0,bJQxNaqG,RmfxCtxh,113.0
71,0,JZfQfeRA,bJQxNaqG,113.0
71,0,YKGBeVKa,JZfQfeRA,113.0
74,0,rpBBoUBR,gDjMHgkU,178.0
74,0,WwOeNuda,rpBBoUBR,178.0
74,0,KFegxKuC,WwOeNuda,178.0
74,0,aVjeFnZb,KFegxKuC,178.0
74,0,fvPlIFug,aVjeFnZb,178.0
74,0,tNQgpOjd,fvPlIFug,178.0
74,0,jbVnaCku,tNQgpOjd,178.0
74,0,RmfxCtxh,jbVnaCku,178.0
74,0,bJQxNaqG,RmfxCtxh,178.0
74,0,JZfQfeRA,bJQxNaqG,178.0
74,0,YKGBeVKa,JZfQfeRA,178.0
74,0,ZYCVVmjG,YKGBeVKa,169.0
71,0,llFTEWtD,IulxyPoH,1.0
71,0,TvvslWVF,llFTEWtD,1.0
71,0,SgXyhVwd,TvvslWVF,7.0
71,0,fPhIOSOj,SgXyhVwd,7.0
71,0,PQDqFTyk,fPhIOSOj,7.0
71,0,SOzmnmNW,PQDqFTyk,7.0
71,0,OhBAPvsb,SOzmnmNW,7.0
71,0,HqehCtdr,OhBAPvsb,25.0
74,0,BxmxkKGC,ojqTFFWy,170.0
74,0,lfmzBYXb,BxmxkKGC,170.0
74,0,TQhrUKrf,lfmzBYXb,170.0
74,0,hFISFuCO,TQhrUKrf,170.0
74,0,IJrmTLNf,hFISFuCO,170.0
74,0,byRkdSCW,IJrmTLNf,170.0
74,0,HkgLsGZV,byRkdSCW,170.0
74,0,rIWwRQFx,HkgLsGZV,173.0
74,0,cfakSbWj,rIWwRQFx,173.0
74,0,oAtDCozl,cfakSbWj,173.0
1557,0,bZroqIhX,eTJQHplR,56.0
1557,0,cNuIRYrx,bZroqIhX,56.0
1178,0,upMsEWKk,IMTItMKU,5135.0
1178,0,KCqeuCwW,upMsEWKk,5135.0
1178,0,xyBTaHvp,KCqeuCwW,5135.0
1178,0,izUAPpdi,xyBTaHvp,5237.0
1178,0,FVYwGhLu,izUAPpdi,5237.0
1178,0,cNWTidvb,FVYwGhLu,5193.0
1554,0,zTCljsJK,LWArqXfR,534.0
1554,0,kezsyYDB,zTCljsJK,534.0
1554,0,fyzkVZoU,kezsyYDB,534.0
1554,0,ashRAirR,fyzkVZoU,534.0
1554,0,omUHRQFc,ashRAirR,534.0
1554,0,pHFwnWxB,omUHRQFc,534.0
1554,0,EPQxNUoM,pHFwnWxB,534.0
1695,0,BGChynOq,JLvNOQnl,298.0
1695,0,ffHVhHJj,BGChynOq,492.0
1695,0,itmFNPnQ,ffHVhHJj,492.0
1695,0,mEEGNlDG,itmFNPnQ,492.0
1695,0,jVOVHrFU,mEEGNlDG,492.0
1695,0,qeXIqBgp,jVOVHrFU,492.0
1695,0,gmsNDepi,qeXIqBgp,492.0
1695,0,jFRqfnFl,gmsNDepi,441.0
563,0,rIWwRQFx,HkgLsGZV,166.0
563,0,cfakSbWj,rIWwRQFx,166.0
563,0,oAtDCozl,cfakSbWj,166.0
563,0,cbQZDOwf,oAtDCozl,166.0
563,0,lrlWhBjT,cbQZDOwf,166.0
563,0,KoIahnfw,lrlWhBjT,166.0
563,0,seSDLBYx,KoIahnfw,166.0
563,0,aBkDdFJm,seSDLBYx,166.0
563,0,UKIbRYBp,aBkDdFJm,166.0
563,0,IgyjIxcD,UKIbRYBp,166.0
563,0,fdjgUDEy,IgyjIxcD,166.0
562,0,dqlcNUVh,HeRuYpNs,32.0
943,0,jEVQeNyS,OZSLHXCc,41.0
943,0,HeRuYpNs,jEVQeNyS,35.0
50,0,bmUdUOzs,VTHwomVj,1318.0
563,0,BxmxkKGC,ojqTFFWy,150.0
563,0,lfmzBYXb,BxmxkKGC,150.0
563,0,TQhrUKrf,lfmzBYXb,150.0
563,0,hFISFuCO,TQhrUKrf,150.0
563,0,IJrmTLNf,hFISFuCO,150.0
563,0,byRkdSCW,IJrmTLNf,150.0
563,0,HkgLsGZV,byRkdSCW,150.0
80,0,EjMZgDJt,WDOOnJlC,2028.0
80,0,BDSRgQTg,EjMZgDJt,2028.0
992,0,oLzlCKof,QxkHLGuk,4110.0
1178,0,UckYThSh,eTPMYwkC,5031.0
1178,0,IMTItMKU,UckYThSh,5031.0
369,0,oLzlCKof,QxkHLGuk,2066.0
71,0,sxnLITXs,dEwNKLNy,535.0
71,0,oLzlCKof,sxnLITXs,503.0
1553,0,GpnhEWuy,FyoAuDvn,138.0
1553,0,fNoKcjVu,GpnhEWuy,139.0
1553,0,ZeFKXxfu,fNoKcjVu,276.0
1553,0,wYWONrrr,ZeFKXxfu,276.0
1553,0,jTofnsvB,wYWONrrr,276.0
1553,0,elmHqfIN,jTofnsvB,292.0
1553,0,YhQOzAWJ,elmHqfIN,292.0
1553,0,zUgDRwiy,YhQOzAWJ,628.0
1553,0,okaePkJr,zUgDRwiy,944.0
1553,0,PgJqeYYy,okaePkJr,944.0
1553,0,cQQRUhUD,PgJqeYYy,1161.0
1553,0,ZpXtMmnA,cQQRUhUD,1161.0
1553,0,DgJlPOry,ZpXtMmnA,1567.0
1553,0,inAMLXyk,DgJlPOry,1567.0
1553,0,nTEapSQO,inAMLXyk,1567.0
1553,0,AKaXSKPc,nTEapSQO,1567.0
1553,0,HdtICUKG,AKaXSKPc,1576.0
1553,0,qtbZyrFG,HdtICUKG,1576.0
1553,0,ECXJHxuC,qtbZyrFG,1576.0
1553,0,mhTYFecR,ECXJHxuC,1576.0
1553,0,ODVCvUnB,mhTYFecR,2262.0
1553,0,jPdkntFF,ODVCvUnB,2262.0
1553,0,gQTRJpmv,jPdkntFF,2262.0
1553,0,gRoGYEAJ,gQTRJpmv,2266.0
1553,0,BGrlRyyC,gRoGYEAJ,2266.0
1553,0,SXdGhQsI,BGrlRyyC,2266.0
1553,0,gDjMHgkU,SXdGhQsI,2266.0
1553,0,rpBBoUBR,gDjMHgkU,2279.0
1553,0,WwOeNuda,rpBBoUBR,2279.0
1553,0,KFegxKuC,WwOeNuda,2279.0
1553,0,aVjeFnZb,KFegxKuC,2279.0
1553,0,fvPlIFug,aVjeFnZb,2279.0
1553,0,tNQgpOjd,fvPlIFug,2284.0
1553,0,jbVnaCku,tNQgpOjd,2284.0
1553,0,RmfxCtxh,jbVnaCku,2284.0
1553,0,bJQxNaqG,RmfxCtxh,2284.0
1553,0,JZfQfeRA,bJQxNaqG,2284.0
1553,0,kZvDkitV,JZfQfeRA,2284.0
1553,0,yQpnsdnm,kZvDkitV,2988.0
1553,0,QgKtWMoe,xiTGCYEl,27.0
1553,0,FyoAuDvn,QgKtWMoe,27.0
992,0,AQHsowCO,oLzlCKof,2890.0
992,0,eHBdrFbQ,AQHsowCO,2429.0
992,0,nermFKBU,eHBdrFbQ,2411.0
992,0,syNMMSsu,nermFKBU,2411.0
992,0,aEhaaulL,syNMMSsu,2411.0
992,0,bzkCWXwV,aEhaaulL,1724.0
992,0,rPcYYZtd,bzkCWXwV,1724.0
1554,0,JvovwZNp,zEOiVqLB,324.0
1554,0,XUTqNKWc,JvovwZNp,423.0
1554,0,LWArqXfR,XUTqNKWc,423.0
778,0,CgMBzfIg,OXvlrfnG,1950.0
778,0,BCwVkMhO,CgMBzfIg,1950.0
778,0,MpBHVRZl,BCwVkMhO,1950.0
778,0,zEOiVqLB,MpBHVRZl,1950.0
778,0,JvovwZNp,zEOiVqLB,1702.0
778,0,OXvlrfnG,iZfXNAue,1779.0
931,0,DetNfbBu,qeXIqBgp,1091.0
369,0,AQHsowCO,oLzlCKof,2035.0
1553,0,upwIMaLy,yQpnsdnm,365.0
1553,0,BdMcIGqZ,upwIMaLy,365.0
1553,0,fxKlXZDo,BdMcIGqZ,365.0
1553,0,SEKqfPxp,fxKlXZDo,365.0
1553,0,eyEAULLm,SEKqfPxp,365.0
1553,0,ZWbwKKqI,eyEAULLm,365.0
1553,0,AvRehgJa,ZWbwKKqI,365.0
1553,0,eUifXINV,AvRehgJa,365.0
1553,0,aNlaxeLS,eUifXINV,251.0
1553,0,zBPHjWVd,aNlaxeLS,79.0
1553,0,rPcYYZtd,zBPHjWVd,79.0
1553,0,ngtiheSM,rPcYYZtd,73.0
1553,0,uxBjVsKf,ngtiheSM,73.0
1553,0,VriUyyDM,uxBjVsKf,73.0
427,0,SEVBrkvc,ojqTFFWy,570.0
427,0,qPtpgxic,SEVBrkvc,563.0
427,0,gGkadTNm,qPtpgxic,528.0
427,0,CbcrfuAf,gGkadTNm,528.0
780,0,MpBHVRZl,yGpawgaV,1289.0
778,0,XUTqNKWc,JvovwZNp,1603.0
778,0,sPGYwoyj,XUTqNKWc,1603.0
778,0,OeZVKJdr,sPGYwoyj,1603.0
778,0,lhSIyIfw,OeZVKJdr,1586.0
778,0,cgSMZptb,lhSIyIfw,1586.0
778,0,fdwLSfsa,cgSMZptb,1586.0
778,0,wuAzVrCW,fdwLSfsa,1034.0
778,0,mRKfPREJ,wuAzVrCW,1034.0
778,0,HeRuYpNs,mRKfPREJ,1034.0
778,0,qRJySzaf,HeRuYpNs,925.0
778,0,LTfflVxG,qRJySzaf,925.0
778,0,AhWKwjTz,LTfflVxG,925.0
1682,0,BxmxkKGC,RTafItqF,27.0
1682,0,lfmzBYXb,BxmxkKGC,27.0
1682,0,TQhrUKrf,lfmzBYXb,27.0
1682,0,hFISFuCO,TQhrUKrf,27.0
1682,0,IJrmTLNf,hFISFuCO,27.0
1682,0,byRkdSCW,IJrmTLNf,27.0
1682,0,HkgLsGZV,byRkdSCW,27.0
1696,0,oynLwMrX,IMEhQaQS,294.0
1696,0,EKYbCcms,oynLwMrX,489.0
1696,0,ffjXMuak,EKYbCcms,489.0
1696,0,EDdQplwd,ffjXMuak,489.0
1696,0,XbgiSLmy,EDdQplwd,489.0
1696,0,pXlenLUq,XbgiSLmy,489.0
1696,0,DNyXiZzj,pXlenLUq,489.0
1696,0,gxlaiARP,DNyXiZzj,434.0
1221,0,ffjXMuak,qeXIqBgp,8496.0
1221,0,EDdQplwd,ffjXMuak,8496.0
1221,0,XbgiSLmy,EDdQplwd,8496.0
1221,0,pXlenLUq,XbgiSLmy,8496.0
1221,0,DNyXiZzj,pXlenLUq,8496.0
1221,0,gxlaiARP,DNyXiZzj,8886.0
563,0,nuxwLmjk,fdjgUDEy,12.0
563,0,EZxvwLQu,nuxwLmjk,16.0
940,0,EZxvwLQu,nuxwLmjk,9.0
940,0,qRJySzaf,EZxvwLQu,9.0
940,0,LTfflVxG,qRJySzaf,9.0
940,0,AhWKwjTz,LTfflVxG,9.0
943,0,qRJySzaf,HeRuYpNs,23.0
943,0,LTfflVxG,qRJySzaf,23.0
943,0,AhWKwjTz,LTfflVxG,16.0
900,0,lhSIyIfw,yHaTCNJc,59.0
364,0,RTafItqF,ojqTFFWy,340.0
364,0,SEVBrkvc,RTafItqF,1095.0
364,0,KzCxlBoL,SEVBrkvc,1107.0
364,0,qPtpgxic,KzCxlBoL,1107.0
364,0,dWuojvTd,qPtpgxic,1223.0
364,0,sCEThkda,dWuojvTd,1223.0
364,0,HpZlYWor,sCEThkda,1223.0
364,0,ztmxtqSi,HpZlYWor,1223.0
364,0,GpOUDfXM,ztmxtqSi,1223.0
364,0,nYOFNZtG,GpOUDfXM,3264.0
1053,0,WdOwNGhj,xfbmoJHP,25.0
1053,0,kKKRBhFF,WdOwNGhj,25.0
1053,0,NFInfBeu,kKKRBhFF,25.0
1053,0,KcvPUxQg,NFInfBeu,25.0
1452,0,jJVVpGMf,pwpCkicC,6413.0
1452,0,tcYerYbk,jJVVpGMf,6413.0
1452,0,pPKqPUVW,tcYerYbk,6413.0
1452,0,iYTiOTOT,pPKqPUVW,6413.0
1452,0,slfxTuih,iYTiOTOT,6413.0
1452,0,SVPLEqNI,slfxTuih,4720.0
364,0,OpgRCgWV,mnkgCFDT,8.0
364,0,ntDOQspU,OpgRCgWV,8.0
364,0,IdVewllq,ntDOQspU,8.0
364,0,AXkvSZpr,IdVewllq,8.0
364,0,MlqbsUKu,AXkvSZpr,9.0
364,0,jaCrAUFK,MlqbsUKu,9.0
364,0,oynLwMrX,jaCrAUFK,11.0
364,0,EKYbCcms,oynLwMrX,11.0
364,0,cIQOVqQI,EKYbCcms,11.0
364,0,OyAyNkqZ,cIQOVqQI,37.0
364,0,XiXLaJEL,OyAyNkqZ,37.0
364,0,fzSWURzx,XiXLaJEL,40.0
364,0,vyojaKRU,fzSWURzx,40.0
364,0,puwcRgFs,vyojaKRU,41.0
364,0,zjKsBdNQ,puwcRgFs,41.0
364,0,ojqTFFWy,zjKsBdNQ,41.0
940,0,VEiYdotb,AhWKwjTz,7.0
940,0,DgYBMgPg,VEiYdotb,7.0
943,0,VEiYdotb,AhWKwjTz,15.0
943,0,DgYBMgPg,VEiYdotb,15.0
778,0,VEiYdotb,AhWKwjTz,889.0
778,0,DgYBMgPg,VEiYdotb,889.0
943,0,OZSLHXCc,qdLlCZel,9.0
900,0,cgSMZptb,lhSIyIfw,57.0
900,0,fdwLSfsa,cgSMZptb,57.0
900,0,wuAzVrCW,fdwLSfsa,55.0
900,0,mRKfPREJ,wuAzVrCW,55.0
900,0,HeRuYpNs,mRKfPREJ,55.0
900,0,qRJySzaf,HeRuYpNs,45.0
900,0,LTfflVxG,qRJySzaf,45.0
900,0,AhWKwjTz,LTfflVxG,45.0
900,0,VEiYdotb,AhWKwjTz,45.0
900,0,DgYBMgPg,VEiYdotb,45.0
75,0,ojqTFFWy,XFPAZveS,75.0
742,0,vjVhbIrq,ZEJEKYue,6.0
742,0,LeICPOtv,vjVhbIrq,4.0
742,0,WhCgdKgR,LeICPOtv,4.0
742,0,eyUKPfnA,WhCgdKgR,4.0
742,0,TabXWeiJ,eyUKPfnA,4.0
742,0,tDhKnafe,TabXWeiJ,4.0
742,0,iGMYbQYg,tDhKnafe,4.0
742,0,HeSMGtlu,iGMYbQYg,4.0
742,0,ZgqhsueA,HeSMGtlu,4.0
742,0,GYxWnXpv,ZgqhsueA,4.0
742,0,mkpQpPSv,GYxWnXpv,4.0
742,0,EIHKZlEa,mkpQpPSv,4.0
742,0,oYdkYEMp,EIHKZlEa,4.0
742,0,TkHOmLHQ,oYdkYEMp,4.0
742,0,SwTowoaO,TkHOmLHQ,4.0
742,0,YvwuVYMF,SwTowoaO,4.0
742,0,vDFCntfg,YvwuVYMF,4.0
742,0,iEKDTvNf,vDFCntfg,4.0
742,0,MyGqmywG,iEKDTvNf,4.0
742,0,NxbXiMUL,MyGqmywG,4.0
742,0,XLVjRryq,NxbXiMUL,4.0
742,0,RVEyrwjR,XLVjRryq,4.0
742,0,gzTQJVMW,RVEyrwjR,4.0
364,0,iPNesxKP,NQaaFyOm,2.0
364,0,lctVuVOk,iPNesxKP,2.0
364,0,EocVuyzS,lctVuVOk,2.0
364,0,lwcIkPvE,EocVuyzS,2.0
364,0,suszCmcx,lwcIkPvE,2.0
364,0,UTBcifAN,suszCmcx,2.0
364,0,HQVZivsH,UTBcifAN,2.0
364,0,DeiIsjyA,HQVZivsH,2.0
364,0,anWZyaGW,DeiIsjyA,2.0
364,0,OrbXRiVv,anWZyaGW,2.0
364,0,cNuIRYrx,OrbXRiVv,2.0
364,0,yNIUaSyZ,cNuIRYrx,2.0
364,0,xiTGCYEl,yNIUaSyZ,2.0
364,0,NXLrCKMp,xiTGCYEl,2.0
364,0,FyoAuDvn,NXLrCKMp,2.0
364,0,WOOyqinT,FyoAuDvn,2.0
364,0,mnkgCFDT,WOOyqinT,2.0
1075,0,qNEatmrc,AlpXiRiW,632.0
1075,0,XaMitbnP,qNEatmrc,775.0
1075,0,AWZaYJbg,XaMitbnP,775.0
1075,0,PuHLPXYe,AWZaYJbg,775.0
1075,0,ZafFyFXk,PuHLPXYe,782.0
1075,0,jiQkTSqX,ZafFyFXk,782.0
1075,0,UfaDzlyU,jiQkTSqX,782.0
1212,0,HaEOaLMB,dpFXbFTh,52.0
1212,0,IkeqCtDY,HaEOaLMB,51.0
1212,0,wpHpdxFs,IkeqCtDY,51.0
1212,0,QHulIYnO,wpHpdxFs,51.0
1212,0,sKtQEUzZ,QHulIYnO,51.0
1212,0,QYkjMXrW,sKtQEUzZ,51.0
1212,0,mxGSpCzE,QYkjMXrW,51.0
1212,0,WlZgmutc,mxGSpCzE,49.0
1212,0,acVCzwtl,WlZgmutc,49.0
1212,0,TIlepZYr,acVCzwtl,49.0
1212,0,BmQLYaPd,TIlepZYr,10.0
1212,0,UvdLYolu,BmQLYaPd,10.0
1212,0,ZFKsyBay,UvdLYolu,10.0
1212,0,suvDbtPR,ZFKsyBay,8.0
1023,0,CwhdRXLi,JzVUaFrl,576.0
1023,0,gjOgguRV,CwhdRXLi,576.0
1452,0,ejMjPdTH,SVPLEqNI,1524.0
74,0,tNSMkSfB,ZYCVVmjG,133.0
80,0,cVeADzkw,BDSRgQTg,1966.0
80,0,pySAVSoY,cVeADzkw,1966.0
80,0,kMrSvhcD,pySAVSoY,1966.0
80,0,ImuPiggn,kMrSvhcD,1966.0
992,0,uxBjVsKf,rPcYYZtd,139.0
942,0,sCEThkda,dWuojvTd,1222.0
942,0,HpZlYWor,sCEThkda,1192.0
942,0,ztmxtqSi,HpZlYWor,1192.0
942,0,GpOUDfXM,ztmxtqSi,1192.0
942,0,UTnQirag,GpOUDfXM,1701.0
942,0,tkWZZFES,UTnQirag,1701.0
942,0,JKUqFAhf,tkWZZFES,1766.0
942,0,NTCwKKsF,JKUqFAhf,1766.0
942,0,xnXFAboh,NTCwKKsF,1766.0
942,0,KkzZXaKP,xnXFAboh,3523.0
942,0,pyLfKqPO,KkzZXaKP,3529.0
942,0,vesqHHzA,pyLfKqPO,3243.0
942,0,dWuojvTd,KgwKZlse,994.0
938,0,tNmxviwt,wkWFjOvx,5.0
938,0,yHaTCNJc,tNmxviwt,5.0
938,0,lhSIyIfw,yHaTCNJc,5.0
938,0,cgSMZptb,lhSIyIfw,5.0
938,0,fdwLSfsa,cgSMZptb,5.0
938,0,wuAzVrCW,fdwLSfsa,5.0
938,0,mRKfPREJ,wuAzVrCW,5.0
938,0,HeRuYpNs,mRKfPREJ,5.0
951,0,CRypXqTk,KlSqKJQr,519.0
951,0,PYaiedjY,CRypXqTk,519.0
951,0,EzrJiyuu,PYaiedjY,625.0
951,0,mZAcIEme,EzrJiyuu,625.0
951,0,LPSpTPgJ,mZAcIEme,625.0
951,0,AoIEptMM,LPSpTPgJ,625.0
951,0,OWTXMrGR,AoIEptMM,625.0
1029,0,IZqJbTkm,OCOnFIfy,2643.0
1029,0,wSvecpjF,IZqJbTkm,2744.0
1029,0,oXipkDtF,wSvecpjF,2744.0
1029,0,fRZGgvoY,oXipkDtF,2704.0
1029,0,bAUDGUNb,fRZGgvoY,2704.0
1029,0,VYHZxBYO,bAUDGUNb,2704.0
733,0,SEVBrkvc,ojqTFFWy,4307.0
733,0,KzCxlBoL,SEVBrkvc,5274.0
733,0,qPtpgxic,KzCxlBoL,5274.0
733,0,RyPegcUV,qPtpgxic,4330.0
733,0,gGkadTNm,RyPegcUV,4387.0
733,0,CbcrfuAf,gGkadTNm,4592.0
1445,0,vnfcOAch,pjRBTtLk,7.0
1445,0,ryJVAbFB,vnfcOAch,7.0
1445,0,ttVqQknl,ryJVAbFB,7.0
1445,0,aZtqChJJ,ttVqQknl,7.0
1445,0,IOpdOfiF,aZtqChJJ,30.0
1445,0,lUWTaWkd,RZCadHVt,30.0
1445,0,hApOmpAO,lUWTaWkd,30.0
1445,0,qehlKNkR,hApOmpAO,30.0
1445,0,ZFFevgPB,qehlKNkR,30.0
1445,0,sZNeRfOC,ZFFevgPB,30.0
1445,0,HajxumVd,sZNeRfOC,30.0
1445,0,LhQSpAzy,HajxumVd,30.0
1445,0,pwpCkicC,LhQSpAzy,30.0
1445,0,jJVVpGMf,pwpCkicC,30.0
1445,0,pPKqPUVW,jJVVpGMf,30.0
1445,0,slfxTuih,pPKqPUVW,30.0
1445,0,ejMjPdTH,slfxTuih,30.0
1748,0,pPKqPUVW,pwpCkicC,146.0
1748,0,ejMjPdTH,pPKqPUVW,146.0
836,0,aImltWBw,FGqBFXAc,42.0
778,0,vkArqzKY,DgYBMgPg,739.0
778,0,gzTQJVMW,vkArqzKY,739.0
900,0,vkArqzKY,DgYBMgPg,44.0
900,0,gzTQJVMW,vkArqzKY,44.0
1275,0,vyojaKRU,XiXLaJEL,224.0
1275,0,puwcRgFs,vyojaKRU,221.0
1275,0,ojqTFFWy,puwcRgFs,117.0
1275,0,SEVBrkvc,ojqTFFWy,116.0
1275,0,qPtpgxic,SEVBrkvc,111.0
1275,0,gGkadTNm,qPtpgxic,77.0
1275,0,CbcrfuAf,gGkadTNm,76.0
50,0,RjtzWJgw,xiCfcAgb,330.0
50,0,owFNQNZv,RjtzWJgw,335.0
50,0,nCsqpnJo,owFNQNZv,335.0
50,0,gnmwaIOJ,nCsqpnJo,335.0
50,0,pygvGZaF,gnmwaIOJ,335.0
50,0,bsQVAuyn,pygvGZaF,335.0
50,0,VTHwomVj,bsQVAuyn,335.0
50,0,qPtpgxic,bmUdUOzs,664.0
50,0,gGkadTNm,qPtpgxic,255.0
50,0,CbcrfuAf,gGkadTNm,248.0
401,0,WyfCQhSW,ogOCBKAf,1416.0
401,0,erxKyHjj,WyfCQhSW,1697.0
401,0,KjiBWoqR,erxKyHjj,1697.0
951,0,qYsYtTjJ,XpaxRhYo,50.0
951,0,KlSqKJQr,qYsYtTjJ,50.0
1407,0,vXHOZRfg,vztyQdds,419.0
1407,0,bbltEnah,vXHOZRfg,419.0
1407,0,NMFCXTQH,bbltEnah,419.0
1407,0,wXyAETzh,NMFCXTQH,419.0
1407,0,KuTZBRNJ,wXyAETzh,419.0
1083,0,cGObbHGv,Nzhgxdpc,969.0
1083,0,zBmTBInm,cGObbHGv,969.0
949,0,UTnQirag,GpOUDfXM,89.0
949,0,tkWZZFES,UTnQirag,89.0
949,0,JKUqFAhf,tkWZZFES,89.0
949,0,NTCwKKsF,JKUqFAhf,89.0
949,0,xnXFAboh,NTCwKKsF,89.0
949,0,oLGXsQoC,xnXFAboh,99.0
949,0,lOyAoICg,CbcrfuAf,77.0
949,0,GpOUDfXM,lOyAoICg,77.0
949,0,KzCxlBoL,SEVBrkvc,1.0
949,0,qPtpgxic,KzCxlBoL,1.0
949,0,RyPegcUV,qPtpgxic,5.0
949,0,gGkadTNm,RyPegcUV,5.0
949,0,CbcrfuAf,gGkadTNm,9.0
369,0,eHBdrFbQ,AQHsowCO,2035.0
369,0,nermFKBU,eHBdrFbQ,2035.0
369,0,syNMMSsu,nermFKBU,2035.0
369,0,aEhaaulL,syNMMSsu,2035.0
1300,0,YnUujGmz,CbcrfuAf,7444.0
427,0,YnUujGmz,CbcrfuAf,492.0
147,0,yfzTmEfw,QgwCgjAi,297.0
147,0,mBSaKJib,yfzTmEfw,297.0
147,0,ggaXnTUz,mBSaKJib,131.0
147,0,zJsEFgSs,ggaXnTUz,131.0
54,0,RjtzWJgw,xiCfcAgb,35.0
54,0,owFNQNZv,RjtzWJgw,35.0
54,0,nCsqpnJo,owFNQNZv,35.0
54,0,gnmwaIOJ,nCsqpnJo,35.0
54,0,pygvGZaF,gnmwaIOJ,35.0
54,0,bsQVAuyn,pygvGZaF,35.0
54,0,VTHwomVj,bsQVAuyn,35.0
54,0,bmUdUOzs,VTHwomVj,255.0
54,0,qPtpgxic,bmUdUOzs,255.0
54,0,gGkadTNm,qPtpgxic,255.0
54,0,CbcrfuAf,gGkadTNm,255.0
54,0,YnUujGmz,CbcrfuAf,255.0
1175,0,ttCfyKrF,uDcqHVPS,940.0
1175,0,QdPMJYQQ,ttCfyKrF,940.0
1175,0,TcXrIYig,QdPMJYQQ,940.0
1175,0,pYAYKpHc,TcXrIYig,940.0
951,0,YnUujGmz,CbcrfuAf,530.0
1083,0,puwcRgFs,EAwJtHSB,652.0
546,0,oUbtCHRB,jwtMzuEb,5.0
546,0,kSklWvZO,oUbtCHRB,5.0
546,0,wVKhsyCZ,kSklWvZO,5.0
546,0,oZJRchiN,wVKhsyCZ,5.0
546,0,xmGwLlME,oZJRchiN,5.0
546,0,KcBICYpI,xmGwLlME,5.0
546,0,XQiQvefE,KcBICYpI,5.0
546,0,eyUKPfnA,XQiQvefE,5.0
1088,0,VCFHkCli,pTTspriv,490.0
1088,0,PNxpREZf,VCFHkCli,490.0
1088,0,mHGLRRvz,PNxpREZf,476.0
1088,0,uuMvuwVk,mHGLRRvz,485.0
1088,0,yMEEwloH,uuMvuwVk,485.0
1088,0,mFLzcwSa,yMEEwloH,485.0
1088,0,mSfSOoJb,mFLzcwSa,485.0
1088,0,BSkSmoPQ,mSfSOoJb,485.0
1088,0,HMbsFjDI,BSkSmoPQ,393.0
1088,0,TPYHEEdQ,HMbsFjDI,393.0
1088,0,RUSqbQft,TPYHEEdQ,393.0
1083,0,YkxcSjQG,unXfmkmI,872.0
1083,0,MRbVmsQs,YkxcSjQG,921.0
1083,0,Nzhgxdpc,MRbVmsQs,921.0
1557,0,xOfEMpYZ,aDfjbwoX,347.0
1512,0,TAPXcjBe,CbcrfuAf,688.0
733,0,TAPXcjBe,CbcrfuAf,5173.0
1275,0,TAPXcjBe,CbcrfuAf,57.0
1434,0,TAPXcjBe,CbcrfuAf,1553.0
1085,0,XojRXAAa,ojqTFFWy,17839.0
1085,0,nAqhCgXt,XojRXAAa,6246.0
1085,0,zZZsLLct,nAqhCgXt,6246.0
1085,0,uQlhjcGr,zZZsLLct,6211.0
1085,0,nIbIRswk,uQlhjcGr,6211.0
1085,0,YfaruHLV,nIbIRswk,5249.0
1085,0,PkIPVRtB,YfaruHLV,5249.0
1085,0,XpaxRhYo,PkIPVRtB,5249.0
1085,0,qYsYtTjJ,XpaxRhYo,3857.0
1085,0,KlSqKJQr,qYsYtTjJ,3890.0
1085,0,CRypXqTk,KlSqKJQr,4313.0
1085,0,PYaiedjY,CRypXqTk,4313.0
1085,0,EzrJiyuu,PYaiedjY,3191.0
1085,0,mZAcIEme,EzrJiyuu,3191.0
1085,0,LPSpTPgJ,mZAcIEme,3191.0
1085,0,AoIEptMM,LPSpTPgJ,3191.0
1085,0,imyhTmbO,AoIEptMM,3396.0
1085,0,bTSeOnqx,imyhTmbO,3268.0
1085,0,yCXbqkBs,bTSeOnqx,3486.0
1085,0,wBoWGskO,yCXbqkBs,3486.0
1085,0,FYojKDQC,wBoWGskO,3486.0
1085,0,riqYNvhO,FYojKDQC,3486.0
292,0,SWnceHEw,nrKKniYe,1924.0
292,0,AjJCgCBk,SWnceHEw,1924.0
1568,0,UgzfanVk,SDEQaVyD,661.0
1568,0,aUZoPZMc,CSzsuVOH,14355.0
1568,0,xOhGqygU,aUZoPZMc,14355.0
1083,0,FrCulsqF,VYHZxBYO,694.0
1083,0,KCAssTym,FrCulsqF,684.0
1083,0,AtxuoNjw,KCAssTym,986.0
1083,0,ZmIcXqCD,AtxuoNjw,986.0
1083,0,unXfmkmI,ZmIcXqCD,986.0
80,0,SdEWNrvb,ImuPiggn,1817.0
80,0,ZIvIwqTW,SdEWNrvb,1817.0
779,0,uxBjVsKf,ngtiheSM,1041.0
369,0,bzkCWXwV,aEhaaulL,1995.0
369,0,rPcYYZtd,bzkCWXwV,1995.0
1075,0,UrJBvWGq,zPQeyVVD,311.0
1075,0,thxCXWVL,UrJBvWGq,311.0
1075,0,AlpXiRiW,thxCXWVL,311.0
50,0,xiCfcAgb,AszcEtOu,249.0
50,0,TAPXcjBe,CbcrfuAf,111.0
50,0,XsKXZwOQ,TAPXcjBe,111.0
733,0,XsKXZwOQ,TAPXcjBe,5149.0
1434,0,XsKXZwOQ,TAPXcjBe,1456.0
1512,0,XsKXZwOQ,TAPXcjBe,563.0
948,0,BUWlcDWA,vwlVkOsL,22.0
1088,0,yRjqmRuq,BsRMZbGV,376.0
1088,0,pTTspriv,yRjqmRuq,376.0
1042,0,KjUtPMMe,ZsxHmovG,32.0
1042,0,JGmgdpWx,KjUtPMMe,32.0
1042,0,WsxoHomq,JGmgdpWx,32.0
1042,0,VgroZBKv,WsxoHomq,32.0
1042,0,TUZfegir,VgroZBKv,32.0
1042,0,LHNTbQin,TUZfegir,32.0
1042,0,EBDfudXo,LHNTbQin,32.0
1042,0,oVvGCedi,EBDfudXo,37.0
1042,0,zAhquueS,oVvGCedi,37.0
1042,0,SRJkWTfK,zAhquueS,39.0
1042,0,krjqWYyL,SRJkWTfK,39.0
1042,0,tSXpsDyV,krjqWYyL,39.0
1042,0,IbLBdCXD,tSXpsDyV,39.0
1042,0,JGCJnIWw,IbLBdCXD,39.0
1042,0,honleovC,JGCJnIWw,39.0
1042,0,pqZYMbGr,honleovC,39.0
1042,0,jobllKUJ,pqZYMbGr,39.0
1042,0,cKlxsEIa,jobllKUJ,39.0
1042,0,POeaLshN,cKlxsEIa,39.0
1042,0,nvtqczOj,POeaLshN,39.0
1042,0,FdzHSswJ,nvtqczOj,39.0
1042,0,rfVXpFlV,FdzHSswJ,39.0
1042,0,OWTXMrGR,rfVXpFlV,39.0
1042,0,YGbVmztp,OWTXMrGR,39.0
1042,0,oHyqEJfk,YGbVmztp,39.0
1042,0,bfpcjsiF,oHyqEJfk,39.0
1042,0,XeNLTPEj,MvGjEBBL,26.0
1042,0,PzIXuqgO,XeNLTPEj,26.0
1042,0,ZsxHmovG,PzIXuqgO,26.0
80,0,beniIHzL,ZIvIwqTW,47.0
80,0,uaUalZjh,beniIHzL,6.0
77,0,ZNFFlclk,uaUalZjh,6.0
733,0,hmRIiXJy,XsKXZwOQ,5382.0
947,0,UvujAAYC,pyLfKqPO,34.0
947,0,hmRIiXJy,UhRSkRXw,56.0
1275,0,XsKXZwOQ,TAPXcjBe,44.0
948,0,EzQcJxBW,BUWlcDWA,6.0
948,0,uEbOseyz,EzQcJxBW,6.0
948,0,reWBMWRs,uEbOseyz,6.0
948,0,RBoLoVJp,reWBMWRs,6.0
948,0,SwyyRrmD,RBoLoVJp,6.0
899,0,UTnQirag,GpOUDfXM,28.0
899,0,tkWZZFES,UTnQirag,28.0
899,0,JKUqFAhf,tkWZZFES,28.0
899,0,NTCwKKsF,JKUqFAhf,28.0
899,0,xnXFAboh,NTCwKKsF,28.0
899,0,yHCBRtBd,xnXFAboh,36.0
899,0,YYKDBDRS,yHCBRtBd,36.0
899,0,CDXhVrrJ,YYKDBDRS,36.0
899,0,khOlLZay,CDXhVrrJ,39.0
899,0,pzScocJN,khOlLZay,39.0
899,0,xOfEMpYZ,pzScocJN,43.0
899,0,NcNmxlsD,xOfEMpYZ,47.0
899,0,cYyOAQLx,NcNmxlsD,47.0
899,0,xKpFUSPW,cYyOAQLx,47.0
899,0,CFKdtsYk,xKpFUSPW,43.0
899,0,gGkadTNm,RyPegcUV,12.0
899,0,CbcrfuAf,gGkadTNm,12.0
899,0,lOyAoICg,CbcrfuAf,23.0
899,0,GpOUDfXM,lOyAoICg,23.0
563,0,xnXFAboh,EZxvwLQu,4.0
944,0,KkzZXaKP,xnXFAboh,22.0
944,0,VgMINmpb,KkzZXaKP,22.0
944,0,JKUqFAhf,tkWZZFES,14.0
944,0,NTCwKKsF,JKUqFAhf,14.0
944,0,xnXFAboh,NTCwKKsF,14.0
944,0,UTnQirag,GpOUDfXM,13.0
944,0,tkWZZFES,UTnQirag,13.0
944,0,dWuojvTd,KgwKZlse,4.0
944,0,sCEThkda,dWuojvTd,8.0
944,0,HpZlYWor,sCEThkda,8.0
944,0,ztmxtqSi,HpZlYWor,8.0
944,0,GpOUDfXM,ztmxtqSi,8.0
733,0,tOhgfmkj,hmRIiXJy,4836.0
733,0,FjwhCXAK,tOhgfmkj,4844.0
1512,0,tOhgfmkj,XsKXZwOQ,537.0
1512,0,FjwhCXAK,tOhgfmkj,529.0
1434,0,FjwhCXAK,XsKXZwOQ,1311.0
369,0,ngtiheSM,rPcYYZtd,1993.0
369,0,uxBjVsKf,ngtiheSM,1993.0
369,0,hvwrhWFk,uxBjVsKf,1993.0
369,0,azqUKhQu,hvwrhWFk,1993.0
1018,0,LKVeVUNI,BpAiVnps,36.0
1018,0,dbPZeeiE,LKVeVUNI,42.0
1018,0,CsDsDrdU,dbPZeeiE,47.0
1018,0,rJRvqICk,CsDsDrdU,47.0
1018,0,AmahvgQB,rJRvqICk,47.0
1018,0,aYSqaQmJ,AmahvgQB,47.0
1018,0,zgCGmKZn,aYSqaQmJ,48.0
1018,0,JKFFGKvY,zgCGmKZn,48.0
1018,0,EVAUYvVR,JKFFGKvY,48.0
1018,0,GYfZYaJh,EVAUYvVR,48.0
1018,0,WFZVQzrl,GYfZYaJh,48.0
1018,0,tRncbstl,WFZVQzrl,48.0
1018,0,gLCWwgiT,tRncbstl,48.0
1018,0,jTofnsvB,gLCWwgiT,48.0
1018,0,elmHqfIN,jTofnsvB,53.0
1018,0,YhQOzAWJ,elmHqfIN,53.0
1018,0,mexFgKBp,YhQOzAWJ,53.0
1018,0,FUctipSE,mexFgKBp,68.0
1018,0,PWitnUnB,FUctipSE,68.0
1018,0,FrOiWYSP,PWitnUnB,156.0
1018,0,mNGfniSu,FrOiWYSP,156.0
1018,0,MtINPaKl,mNGfniSu,156.0
1018,0,SGVPbDEb,MtINPaKl,156.0
1018,0,DpeufCiu,SGVPbDEb,156.0
1018,0,FaHpkwNs,DpeufCiu,156.0
1018,0,kohCEyKT,FaHpkwNs,156.0
1018,0,DHQRQBBP,kohCEyKT,156.0
1018,0,ZKEtlMvK,DHQRQBBP,156.0
1018,0,pjRBTtLk,ZKEtlMvK,156.0
1018,0,vnfcOAch,pjRBTtLk,156.0
1018,0,ryJVAbFB,vnfcOAch,156.0
1018,0,ttVqQknl,ryJVAbFB,156.0
1018,0,aZtqChJJ,ttVqQknl,156.0
1018,0,wrFiwNtD,aZtqChJJ,156.0
1018,0,deapEAbC,wrFiwNtD,156.0
1018,0,nunLDRbE,deapEAbC,156.0
1018,0,QbrsudyQ,nunLDRbE,156.0
1018,0,oRUBDfuD,QbrsudyQ,156.0
1018,0,qQJgvOFz,oRUBDfuD,156.0
1018,0,kbNsckqG,qQJgvOFz,156.0
1018,0,VHmQaoRO,kbNsckqG,156.0
1018,0,MlXQVZuf,VHmQaoRO,156.0
1018,0,QxkHLGuk,MlXQVZuf,156.0
1018,0,oLzlCKof,QxkHLGuk,156.0
1018,0,AQHsowCO,oLzlCKof,156.0
1018,0,eHBdrFbQ,AQHsowCO,156.0
1018,0,nermFKBU,eHBdrFbQ,156.0
1018,0,syNMMSsu,nermFKBU,156.0
1018,0,aEhaaulL,syNMMSsu,156.0
1018,0,bzkCWXwV,aEhaaulL,156.0
1018,0,rPcYYZtd,bzkCWXwV,156.0
1018,0,ngtiheSM,rPcYYZtd,156.0
1018,0,uxBjVsKf,ngtiheSM,156.0
1018,0,hvwrhWFk,uxBjVsKf,156.0
1018,0,azqUKhQu,hvwrhWFk,156.0
777,0,zBPHjWVd,aNlaxeLS,1761.0
777,0,rPcYYZtd,zBPHjWVd,1944.0
777,0,ngtiheSM,rPcYYZtd,1944.0
777,0,uxBjVsKf,ngtiheSM,2209.0
777,0,hvwrhWFk,uxBjVsKf,2324.0
777,0,azqUKhQu,hvwrhWFk,2324.0
777,0,JKUqFAhf,tkWZZFES,915.0
777,0,NTCwKKsF,JKUqFAhf,915.0
777,0,xnXFAboh,NTCwKKsF,915.0
777,0,yHCBRtBd,xnXFAboh,1007.0
777,0,YYKDBDRS,yHCBRtBd,1007.0
777,0,CDXhVrrJ,YYKDBDRS,1007.0
777,0,khOlLZay,CDXhVrrJ,1569.0
777,0,pzScocJN,khOlLZay,1569.0
777,0,AOtPxxNt,pzScocJN,1577.0
777,0,pFQacbfu,AOtPxxNt,1589.0
777,0,ZecyfkGE,pFQacbfu,1589.0
777,0,aNlaxeLS,ZecyfkGE,1589.0
777,0,UTnQirag,GpOUDfXM,883.0
777,0,tkWZZFES,UTnQirag,883.0
777,0,lOyAoICg,CbcrfuAf,755.0
777,0,GpOUDfXM,lOyAoICg,755.0
777,0,RyPegcUV,qPtpgxic,65.0
777,0,gGkadTNm,RyPegcUV,65.0
777,0,CbcrfuAf,gGkadTNm,87.0
1512,0,YvwuVYMF,FjwhCXAK,507.0
50,0,FjwhCXAK,XsKXZwOQ,98.0
50,0,YvwuVYMF,FjwhCXAK,98.0
733,0,dScsNKLk,FjwhCXAK,5272.0
1434,0,YvwuVYMF,FjwhCXAK,879.0
947,0,tOhgfmkj,hmRIiXJy,22.0
947,0,FjwhCXAK,tOhgfmkj,22.0
947,0,YvwuVYMF,FjwhCXAK,22.0
133,0,bnvgwXNi,YUgtVNSj,14.0
133,0,nyQXyVHt,bnvgwXNi,14.0
1275,0,FjwhCXAK,XsKXZwOQ,43.0
1275,0,YvwuVYMF,FjwhCXAK,43.0
944,0,qdLlCZel,VgMINmpb,3.0
1102,0,QPpuxtew,gyQqEnFq,73.0
1102,0,gHkojtqc,QPpuxtew,73.0
1102,0,jiBUapiv,gHkojtqc,77.0
1102,0,ZsSjTAXN,jiBUapiv,77.0
1102,0,QzSmToFg,ZsSjTAXN,77.0
1102,0,YpZAWuci,QzSmToFg,77.0
1102,0,UWROvtjV,YpZAWuci,93.0
1102,0,aHnvxyXJ,UWROvtjV,93.0
1102,0,aBlpKWpT,aHnvxyXJ,97.0
1102,0,RwWmKtXH,aBlpKWpT,97.0
1102,0,iWUiEObr,RwWmKtXH,105.0
1102,0,yGnjFAhM,iWUiEObr,136.0
1102,0,sAYtjSkX,yGnjFAhM,136.0
1102,0,yhYCDbZJ,sAYtjSkX,142.0
1102,0,ebBIwNsf,yhYCDbZJ,142.0
1102,0,BzJNmTUM,ebBIwNsf,150.0
1102,0,qLEwgwyN,BzJNmTUM,150.0
1102,0,WDOOnJlC,qLEwgwyN,150.0
1102,0,EjMZgDJt,WDOOnJlC,181.0
1102,0,BDSRgQTg,EjMZgDJt,181.0
1102,0,cVeADzkw,BDSRgQTg,200.0
1102,0,pySAVSoY,cVeADzkw,200.0
1102,0,kMrSvhcD,pySAVSoY,200.0
1102,0,ImuPiggn,kMrSvhcD,200.0
1102,0,SdEWNrvb,ImuPiggn,209.0
1102,0,ZIvIwqTW,SdEWNrvb,209.0
1102,0,beniIHzL,ZIvIwqTW,337.0
1102,0,uaUalZjh,beniIHzL,337.0
1102,0,rwSrBzDN,uaUalZjh,494.0
779,0,uaUalZjh,beniIHzL,157.0
141,0,TAPXcjBe,CbcrfuAf,36.0
141,0,XsKXZwOQ,TAPXcjBe,36.0
141,0,hmRIiXJy,XsKXZwOQ,38.0
141,0,tOhgfmkj,hmRIiXJy,41.0
141,0,FjwhCXAK,tOhgfmkj,41.0
141,0,dScsNKLk,FjwhCXAK,41.0
141,0,mhrRBZGj,dScsNKLk,82.0
141,0,XvoliiTU,mhrRBZGj,82.0
141,0,BjKGijLD,XvoliiTU,82.0
141,0,RyPegcUV,qPtpgxic,19.0
141,0,gGkadTNm,RyPegcUV,19.0
141,0,CbcrfuAf,gGkadTNm,22.0
375,0,MlXQVZuf,VHmQaoRO,10.0
375,0,QxkHLGuk,MlXQVZuf,10.0
375,0,sxnLITXs,QxkHLGuk,10.0
375,0,oLzlCKof,sxnLITXs,10.0
375,0,IyDNJzPw,oLzlCKof,10.0
375,0,AQHsowCO,IyDNJzPw,10.0
375,0,eHBdrFbQ,AQHsowCO,10.0
375,0,nermFKBU,eHBdrFbQ,10.0
375,0,syNMMSsu,nermFKBU,10.0
375,0,aEhaaulL,syNMMSsu,10.0
375,0,bzkCWXwV,aEhaaulL,11.0
375,0,rPcYYZtd,bzkCWXwV,11.0
375,0,ngtiheSM,rPcYYZtd,21.0
375,0,uxBjVsKf,ngtiheSM,21.0
375,0,CgMBzfIg,uxBjVsKf,21.0
375,0,azqUKhQu,CgMBzfIg,21.0
375,0,cNvMQUdA,azqUKhQu,21.0
375,0,YoiymRxk,cNvMQUdA,21.0
375,0,fkorQYac,YoiymRxk,21.0
375,0,NtHXPmMe,fkorQYac,21.0
375,0,rRGVruPM,GpnhEWuy,4.0
375,0,mLBQtksd,rRGVruPM,4.0
375,0,knCDNjnp,mLBQtksd,8.0
375,0,nYVfIRsk,knCDNjnp,8.0
375,0,CqefHKGq,nYVfIRsk,8.0
375,0,rSnWVhOw,CqefHKGq,8.0
375,0,RuAJZyMI,rSnWVhOw,8.0
375,0,MtINPaKl,RuAJZyMI,8.0
375,0,SGVPbDEb,MtINPaKl,8.0
375,0,DpeufCiu,SGVPbDEb,8.0
375,0,FaHpkwNs,DpeufCiu,8.0
375,0,kohCEyKT,FaHpkwNs,8.0
375,0,DHQRQBBP,kohCEyKT,8.0
375,0,ZKEtlMvK,DHQRQBBP,8.0
375,0,pjRBTtLk,ZKEtlMvK,8.0
375,0,vnfcOAch,pjRBTtLk,8.0
375,0,ryJVAbFB,vnfcOAch,8.0
375,0,ttVqQknl,ryJVAbFB,8.0
375,0,aZtqChJJ,ttVqQknl,8.0
375,0,wrFiwNtD,aZtqChJJ,8.0
375,0,deapEAbC,wrFiwNtD,8.0
375,0,nunLDRbE,deapEAbC,9.0
375,0,QbrsudyQ,nunLDRbE,9.0
375,0,oRUBDfuD,QbrsudyQ,9.0
375,0,qQJgvOFz,oRUBDfuD,9.0
375,0,kbNsckqG,qQJgvOFz,9.0
375,0,VHmQaoRO,kbNsckqG,9.0
733,0,JScPHHNr,dScsNKLk,4111.0
1367,0,vfIotKLC,ZJoycWOZ,88.0
1367,0,tSXpsDyV,vfIotKLC,88.0
1367,0,IbLBdCXD,tSXpsDyV,88.0
1367,0,JGCJnIWw,IbLBdCXD,88.0
1367,0,honleovC,JGCJnIWw,72.0
1367,0,pqZYMbGr,honleovC,59.0
1367,0,jobllKUJ,pqZYMbGr,55.0
1367,0,cKlxsEIa,jobllKUJ,55.0
1367,0,POeaLshN,cKlxsEIa,55.0
1367,0,nvtqczOj,POeaLshN,55.0
1367,0,FdzHSswJ,nvtqczOj,38.0
1367,0,rfVXpFlV,FdzHSswJ,38.0
141,0,SEVBrkvc,ojqTFFWy,3.0
141,0,KzCxlBoL,SEVBrkvc,3.0
141,0,qPtpgxic,KzCxlBoL,3.0
141,0,kfbZMUOE,BjKGijLD,64.0
141,0,RaPTCLQp,kfbZMUOE,64.0
903,0,ZJxogzZw,wcUGKfLa,44.0
903,0,aRCjtsfP,ZJxogzZw,44.0
903,0,aPKnTaHY,aRCjtsfP,59.0
903,0,ZxAfSTio,aPKnTaHY,59.0
903,0,PfzzVLdD,ZxAfSTio,59.0
903,0,MNMOMIBL,PfzzVLdD,60.0
903,0,ySoPUuJQ,MNMOMIBL,60.0
903,0,fGauMtcM,ySoPUuJQ,60.0
942,0,KgwKZlse,FZsFzszJ,18.0
942,0,FZsFzszJ,gGkadTNm,1.0
369,0,BsovYeFI,azqUKhQu,1882.0
1018,0,BsovYeFI,azqUKhQu,138.0
777,0,BsovYeFI,azqUKhQu,2282.0
899,0,pMQyFYNH,CFKdtsYk,40.0
931,0,KENvRSom,DetNfbBu,1310.0
931,0,ZMwphzOX,KENvRSom,1310.0
931,0,ePAEtpYE,ZMwphzOX,1706.0
931,0,YnixWiwg,ePAEtpYE,1707.0
931,0,BlXLXEoe,YnixWiwg,1707.0
931,0,QsFYEMLP,BlXLXEoe,1707.0
931,0,vcQVCkqQ,QsFYEMLP,1520.0
931,0,TzBLFSKE,vcQVCkqQ,1455.0
931,0,MmmkWPfy,TzBLFSKE,1455.0
931,0,OoTDKQHC,MmmkWPfy,1095.0
931,0,QZMOUeIv,OoTDKQHC,944.0
931,0,zAjDuGWM,QZMOUeIv,944.0
931,0,JojiQTkQ,zAjDuGWM,67.0
931,0,woHRqfeu,JojiQTkQ,67.0
936,0,yJFAEWOL,UfJzwqHV,2.0
936,0,BJyyGCqV,yJFAEWOL,2.0
936,0,gZsXxpWQ,BJyyGCqV,2.0
936,0,aXBkDCtb,gZsXxpWQ,2.0
936,0,QgJihzqk,aXBkDCtb,2.0
936,0,IojsotKp,QgJihzqk,2.0
936,0,RrjncJTc,IojsotKp,2.0
936,0,pQuyecaE,RrjncJTc,3.0
936,0,cdkVqwDW,pQuyecaE,3.0
936,0,QOEvNTvQ,cdkVqwDW,3.0
936,0,RElITdVd,QOEvNTvQ,3.0
936,0,woHRqfeu,RElITdVd,3.0
1682,0,RTafItqF,ojqTFFWy,1.0
899,0,PTCqqgjS,pMQyFYNH,35.0
900,0,ZJxogzZw,wcUGKfLa,41.0
900,0,aRCjtsfP,ZJxogzZw,41.0
900,0,aPKnTaHY,aRCjtsfP,60.0
900,0,ZxAfSTio,aPKnTaHY,60.0
900,0,oQmOaQyB,ZxAfSTio,60.0
900,0,BSlPgNeK,oQmOaQyB,61.0
899,0,RyPegcUV,qPtpgxic,6.0
1408,0,XfgrRxbI,ejMjPdTH,1268.0
1408,0,UfJzwqHV,XfgrRxbI,1268.0
1408,0,yJFAEWOL,UfJzwqHV,1811.0
1408,0,BJyyGCqV,yJFAEWOL,1811.0
1408,0,gZsXxpWQ,BJyyGCqV,1811.0
1408,0,aXBkDCtb,gZsXxpWQ,1742.0
1408,0,QgJihzqk,aXBkDCtb,1742.0
1408,0,IojsotKp,QgJihzqk,1742.0
1408,0,NNAcmEYB,IojsotKp,1837.0
902,0,mhrRBZGj,dScsNKLk,61.0
902,0,XvoliiTU,mhrRBZGj,61.0
902,0,BjKGijLD,XvoliiTU,61.0
902,0,kfbZMUOE,BjKGijLD,61.0
902,0,RaPTCLQp,kfbZMUOE,61.0
902,0,IZbIkfGA,RaPTCLQp,75.0
902,0,UJfkeWEN,IZbIkfGA,71.0
902,0,MlIkmoKa,UJfkeWEN,71.0
902,0,FIOYHASJ,MlIkmoKa,71.0
902,0,KMHCIdcu,FIOYHASJ,71.0
902,0,GiBhHxRo,KMHCIdcu,57.0
1102,0,MEtvPAvc,rwSrBzDN,445.0
1102,0,GqIywbYh,MEtvPAvc,445.0
1102,0,wRFZkBWU,GqIywbYh,445.0
1102,0,TUmpHOaB,wRFZkBWU,445.0
1099,0,kGQEnBYZ,bGilRaMJ,3.0
134,0,prUQvyGs,dScsNKLk,287.0
134,0,FTnfVqbf,prUQvyGs,287.0
134,0,ncqAMIfe,FTnfVqbf,287.0
134,0,uHruDGLY,ncqAMIfe,287.0
134,0,FOXeQKOT,uHruDGLY,41.0
134,0,FesfYZEN,FOXeQKOT,28.0
134,0,TAPXcjBe,CbcrfuAf,64.0
134,0,XsKXZwOQ,TAPXcjBe,64.0
134,0,hmRIiXJy,XsKXZwOQ,73.0
134,0,tOhgfmkj,hmRIiXJy,76.0
134,0,FjwhCXAK,tOhgfmkj,76.0
134,0,dScsNKLk,FjwhCXAK,96.0
134,0,RyPegcUV,qPtpgxic,27.0
134,0,gGkadTNm,RyPegcUV,27.0
134,0,CbcrfuAf,gGkadTNm,30.0
899,0,SEVBrkvc,ojqTFFWy,5.0
899,0,KzCxlBoL,SEVBrkvc,5.0
899,0,qPtpgxic,KzCxlBoL,5.0
1407,0,hasgHIpb,mZFKHZkN,282.0
1407,0,zttQgzJF,hasgHIpb,165.0
1407,0,fDeHEcoN,zttQgzJF,153.0
1407,0,vztyQdds,fDeHEcoN,153.0
132,0,hmRIiXJy,XsKXZwOQ,8.0
132,0,tOhgfmkj,hmRIiXJy,8.0
132,0,FjwhCXAK,tOhgfmkj,8.0
132,0,dScsNKLk,FjwhCXAK,8.0
132,0,JScPHHNr,dScsNKLk,11.0
132,0,BXAColfX,JScPHHNr,11.0
132,0,TenjteTV,BXAColfX,11.0
132,0,oFbMGQKy,TenjteTV,11.0
132,0,tTpRqbZv,oFbMGQKy,11.0
132,0,uzgDjeSU,tTpRqbZv,11.0
132,0,RvWjyDDD,uzgDjeSU,11.0
132,0,diAYwowt,RvWjyDDD,18.0
132,0,safClnnY,diAYwowt,18.0
132,0,tqLrxYqg,safClnnY,19.0
132,0,OrpTuTll,tqLrxYqg,17.0
132,0,oIfrlpqH,OrpTuTll,16.0
132,0,SEVBrkvc,ojqTFFWy,3.0
132,0,KzCxlBoL,SEVBrkvc,5.0
132,0,qPtpgxic,KzCxlBoL,5.0
132,0,RyPegcUV,qPtpgxic,5.0
132,0,gGkadTNm,RyPegcUV,7.0
132,0,CbcrfuAf,gGkadTNm,7.0
132,0,TAPXcjBe,CbcrfuAf,7.0
132,0,XsKXZwOQ,TAPXcjBe,7.0
902,0,MzxDaMZj,GiBhHxRo,59.0
369,0,oeTroIck,BsovYeFI,1557.0
369,0,LlpMjrks,oeTroIck,1557.0
369,0,tnRCfdJr,LlpMjrks,1557.0
369,0,EWoqQawU,tnRCfdJr,1557.0
369,0,lRwzpFEA,EWoqQawU,1557.0
369,0,HJijptKA,lRwzpFEA,1555.0
369,0,wcUGKfLa,HJijptKA,1537.0
1018,0,oeTroIck,BsovYeFI,131.0
1018,0,LlpMjrks,oeTroIck,131.0
1018,0,tnRCfdJr,LlpMjrks,131.0
1018,0,EWoqQawU,tnRCfdJr,131.0
1018,0,lRwzpFEA,EWoqQawU,131.0
1018,0,HJijptKA,lRwzpFEA,131.0
1018,0,pkAaqtnD,HJijptKA,131.0
1018,0,mAREpQlu,pkAaqtnD,131.0
43,0,NuyYqrDq,BaKUDeNn,7.0
43,0,gpaAUChy,NuyYqrDq,7.0
43,0,IgEBJNwX,gpaAUChy,7.0
43,0,NCVzutVL,IgEBJNwX,7.0
43,0,cTQVugNT,NCVzutVL,7.0
43,0,cNypyxpr,cTQVugNT,7.0
43,0,WRVBvtIE,cNypyxpr,7.0
43,0,RuAJZyMI,WRVBvtIE,7.0
43,0,MtINPaKl,RuAJZyMI,7.0
43,0,SGVPbDEb,MtINPaKl,7.0
43,0,DpeufCiu,SGVPbDEb,7.0
43,0,FaHpkwNs,DpeufCiu,7.0
43,0,kohCEyKT,FaHpkwNs,7.0
43,0,ZKEtlMvK,kohCEyKT,7.0
43,0,pjRBTtLk,ZKEtlMvK,7.0
43,0,vnfcOAch,pjRBTtLk,7.0
43,0,ryJVAbFB,vnfcOAch,7.0
43,0,ttVqQknl,ryJVAbFB,7.0
43,0,aZtqChJJ,ttVqQknl,7.0
43,0,deapEAbC,aZtqChJJ,7.0
43,0,nunLDRbE,deapEAbC,7.0
43,0,oRUBDfuD,nunLDRbE,7.0
43,0,qQJgvOFz,oRUBDfuD,7.0
43,0,kbNsckqG,qQJgvOFz,7.0
43,0,VHmQaoRO,kbNsckqG,7.0
43,0,MlXQVZuf,VHmQaoRO,7.0
43,0,QxkHLGuk,MlXQVZuf,7.0
43,0,oLzlCKof,QxkHLGuk,7.0
43,0,AQHsowCO,oLzlCKof,7.0
43,0,eHBdrFbQ,AQHsowCO,7.0
43,0,nermFKBU,eHBdrFbQ,7.0
43,0,syNMMSsu,nermFKBU,7.0
43,0,aEhaaulL,syNMMSsu,7.0
43,0,bzkCWXwV,aEhaaulL,7.0
43,0,rPcYYZtd,bzkCWXwV,7.0
43,0,ngtiheSM,rPcYYZtd,7.0
43,0,uxBjVsKf,ngtiheSM,7.0
43,0,hvwrhWFk,uxBjVsKf,7.0
43,0,azqUKhQu,hvwrhWFk,7.0
43,0,BsovYeFI,azqUKhQu,7.0
43,0,oeTroIck,BsovYeFI,7.0
43,0,LlpMjrks,oeTroIck,7.0
43,0,tnRCfdJr,LlpMjrks,7.0
43,0,EWoqQawU,tnRCfdJr,7.0
43,0,lRwzpFEA,EWoqQawU,7.0
43,0,HJijptKA,lRwzpFEA,7.0
43,0,pkAaqtnD,HJijptKA,7.0
43,0,mAREpQlu,pkAaqtnD,7.0
777,0,oeTroIck,BsovYeFI,1719.0
777,0,LlpMjrks,oeTroIck,1756.0
777,0,tnRCfdJr,LlpMjrks,1756.0
777,0,EWoqQawU,tnRCfdJr,1756.0
777,0,lRwzpFEA,EWoqQawU,1756.0
777,0,HJijptKA,lRwzpFEA,1756.0
777,0,pkAaqtnD,HJijptKA,1744.0
777,0,mAREpQlu,pkAaqtnD,1744.0
902,0,pkAaqtnD,aPOYjvXT,49.0
902,0,mAREpQlu,pkAaqtnD,49.0
899,0,pkAaqtnD,aPOYjvXT,37.0
899,0,mAREpQlu,pkAaqtnD,37.0
777,0,SEVBrkvc,ojqTFFWy,3.0
777,0,KzCxlBoL,SEVBrkvc,5.0
777,0,qPtpgxic,KzCxlBoL,5.0
131,0,JScPHHNr,dScsNKLk,29.0
131,0,BXAColfX,JScPHHNr,29.0
131,0,TenjteTV,BXAColfX,29.0
131,0,oFbMGQKy,TenjteTV,29.0
131,0,tTpRqbZv,oFbMGQKy,29.0
131,0,uzgDjeSU,tTpRqbZv,29.0
131,0,RvWjyDDD,uzgDjeSU,29.0
131,0,diAYwowt,RvWjyDDD,38.0
131,0,safClnnY,diAYwowt,38.0
131,0,CkSrqRXW,safClnnY,5.0
131,0,RyPegcUV,qPtpgxic,13.0
131,0,gGkadTNm,RyPegcUV,14.0
131,0,CbcrfuAf,gGkadTNm,15.0
131,0,TAPXcjBe,CbcrfuAf,19.0
131,0,XsKXZwOQ,TAPXcjBe,19.0
131,0,hmRIiXJy,XsKXZwOQ,21.0
131,0,tOhgfmkj,hmRIiXJy,23.0
131,0,FjwhCXAK,tOhgfmkj,23.0
131,0,dScsNKLk,FjwhCXAK,23.0
826,0,sxnLITXs,QxkHLGuk,85.0
826,0,oLzlCKof,sxnLITXs,87.0
826,0,IyDNJzPw,oLzlCKof,87.0
826,0,AQHsowCO,IyDNJzPw,90.0
826,0,eHBdrFbQ,AQHsowCO,92.0
826,0,nermFKBU,eHBdrFbQ,110.0
826,0,syNMMSsu,nermFKBU,110.0
826,0,aEhaaulL,syNMMSsu,110.0
826,0,bzkCWXwV,aEhaaulL,124.0
826,0,rPcYYZtd,bzkCWXwV,124.0
826,0,ngtiheSM,rPcYYZtd,204.0
826,0,uxBjVsKf,ngtiheSM,204.0
826,0,hvwrhWFk,uxBjVsKf,204.0
826,0,azqUKhQu,hvwrhWFk,204.0
826,0,BsovYeFI,azqUKhQu,208.0
826,0,oeTroIck,BsovYeFI,208.0
826,0,LlpMjrks,oeTroIck,208.0
826,0,tnRCfdJr,LlpMjrks,208.0
826,0,EWoqQawU,tnRCfdJr,208.0
826,0,lRwzpFEA,EWoqQawU,208.0
826,0,HJijptKA,lRwzpFEA,208.0
826,0,pkAaqtnD,HJijptKA,208.0
826,0,mAREpQlu,pkAaqtnD,208.0
826,0,aFNbJDFF,mAREpQlu,224.0
733,0,BXAColfX,JScPHHNr,3709.0
733,0,TenjteTV,BXAColfX,3709.0
733,0,oFbMGQKy,TenjteTV,3709.0
733,0,tTpRqbZv,oFbMGQKy,3709.0
733,0,uzgDjeSU,tTpRqbZv,3709.0
733,0,RvWjyDDD,uzgDjeSU,3709.0
1102,0,kZbxJItD,TUmpHOaB,386.0
1102,0,WBGMFkPq,kZbxJItD,386.0
1102,0,ZrJSsOtw,WBGMFkPq,386.0
131,0,SEVBrkvc,ojqTFFWy,8.0
131,0,KzCxlBoL,SEVBrkvc,11.0
131,0,qPtpgxic,KzCxlBoL,11.0
826,0,WRVBvtIE,aWeSqqrV,4.0
826,0,RuAJZyMI,WRVBvtIE,4.0
826,0,MtINPaKl,RuAJZyMI,4.0
826,0,SGVPbDEb,MtINPaKl,4.0
826,0,DpeufCiu,SGVPbDEb,4.0
826,0,FaHpkwNs,DpeufCiu,4.0
826,0,kohCEyKT,FaHpkwNs,4.0
826,0,DHQRQBBP,kohCEyKT,4.0
826,0,ZKEtlMvK,DHQRQBBP,4.0
826,0,pjRBTtLk,ZKEtlMvK,4.0
826,0,vnfcOAch,pjRBTtLk,4.0
826,0,ryJVAbFB,vnfcOAch,4.0
826,0,ttVqQknl,ryJVAbFB,4.0
826,0,aZtqChJJ,ttVqQknl,4.0
826,0,wrFiwNtD,aZtqChJJ,4.0
826,0,deapEAbC,wrFiwNtD,4.0
826,0,nunLDRbE,deapEAbC,4.0
826,0,QbrsudyQ,nunLDRbE,4.0
826,0,oRUBDfuD,QbrsudyQ,4.0
826,0,qQJgvOFz,oRUBDfuD,4.0
826,0,kbNsckqG,qQJgvOFz,84.0
826,0,VHmQaoRO,kbNsckqG,84.0
826,0,MlXQVZuf,VHmQaoRO,84.0
826,0,QxkHLGuk,MlXQVZuf,84.0
826,0,JGMtXKXa,aFNbJDFF,222.0
1102,0,gXuuFtgr,ZrJSsOtw,202.0
1102,0,AqLhpCGg,gXuuFtgr,202.0
733,0,NpVJqtjU,RvWjyDDD,2563.0
733,0,SVKOBqwN,NpVJqtjU,2563.0
733,0,jUFdobJP,SVKOBqwN,2563.0
1102,0,oGtLXKlU,AqLhpCGg,181.0
1102,0,fpLsOzrX,oGtLXKlU,99.0
1102,0,qkDUPxQJ,fpLsOzrX,99.0
826,0,DwCsfBrf,JGMtXKXa,206.0
826,0,uiqniiby,DwCsfBrf,206.0
826,0,tWWfaWxU,uiqniiby,206.0
826,0,foYyjDus,tWWfaWxU,206.0
826,0,sqMuVqoE,foYyjDus,198.0
822,0,kbNsckqG,qQJgvOFz,49.0
822,0,VHmQaoRO,kbNsckqG,49.0
822,0,MlXQVZuf,VHmQaoRO,49.0
822,0,QxkHLGuk,MlXQVZuf,49.0
822,0,sxnLITXs,QxkHLGuk,53.0
822,0,oLzlCKof,sxnLITXs,83.0
822,0,AQHsowCO,oLzlCKof,83.0
822,0,eHBdrFbQ,AQHsowCO,93.0
822,0,nermFKBU,eHBdrFbQ,93.0
822,0,syNMMSsu,nermFKBU,93.0
822,0,aEhaaulL,syNMMSsu,93.0
822,0,bzkCWXwV,aEhaaulL,100.0
822,0,rPcYYZtd,bzkCWXwV,100.0
822,0,ngtiheSM,rPcYYZtd,230.0
822,0,uxBjVsKf,ngtiheSM,230.0
822,0,hvwrhWFk,uxBjVsKf,236.0
822,0,azqUKhQu,hvwrhWFk,236.0
822,0,BsovYeFI,azqUKhQu,243.0
822,0,oeTroIck,BsovYeFI,273.0
822,0,LlpMjrks,oeTroIck,283.0
822,0,tnRCfdJr,LlpMjrks,283.0
822,0,EWoqQawU,tnRCfdJr,283.0
822,0,lRwzpFEA,EWoqQawU,283.0
822,0,EZonlaGf,lRwzpFEA,417.0
822,0,LnttpfXJ,EZonlaGf,417.0
822,0,nunLDRbE,deapEAbC,30.0
822,0,oRUBDfuD,nunLDRbE,30.0
822,0,qQJgvOFz,oRUBDfuD,30.0
733,0,stYOAUgx,jUFdobJP,2645.0
733,0,qatuIGdU,stYOAUgx,2645.0
826,0,zqVKryrK,sqMuVqoE,195.0
822,0,pjnGNdLD,LnttpfXJ,393.0
777,0,MZocsETE,mAREpQlu,462.0
777,0,wJsysHnP,MZocsETE,462.0
777,0,qoKVVYVH,wJsysHnP,462.0
777,0,ZbBLjsKS,qoKVVYVH,462.0
1102,0,ywTbPNnN,qkDUPxQJ,77.0
1102,0,XQUhYonT,ywTbPNnN,77.0
1102,0,kGQEnBYZ,XQUhYonT,77.0
733,0,DZhNCgqR,qatuIGdU,2640.0
733,0,XNqNMdqz,DZhNCgqR,2640.0
733,0,oUlRzwnE,XNqNMdqz,2640.0
822,0,DHQRQBBP,kohCEyKT,7.0
822,0,ZKEtlMvK,DHQRQBBP,7.0
822,0,pjRBTtLk,ZKEtlMvK,7.0
822,0,vnfcOAch,pjRBTtLk,7.0
822,0,ryJVAbFB,vnfcOAch,7.0
822,0,ttVqQknl,ryJVAbFB,7.0
822,0,aZtqChJJ,ttVqQknl,7.0
822,0,wrFiwNtD,aZtqChJJ,7.0
822,0,deapEAbC,wrFiwNtD,7.0
822,0,TJYuPZgz,pjnGNdLD,381.0
826,0,AlojXgfn,zqVKryrK,170.0
1345,0,FStgRiBS,XiLvnZTk,82.0
1345,0,GkYZbgqg,FStgRiBS,82.0
1345,0,FlYjxOxQ,GkYZbgqg,82.0
1345,0,wFSILCzc,FlYjxOxQ,82.0
1345,0,yQQuLFAg,wFSILCzc,82.0
1345,0,rUKSlFeh,yQQuLFAg,28.0
1345,0,rckblBTM,rUKSlFeh,28.0
1345,0,gKoyUmab,rckblBTM,28.0
1345,0,fGmFhgnx,gKoyUmab,28.0
1345,0,XyHfgUxW,fGmFhgnx,27.0
1345,0,zjjLSYAp,XyHfgUxW,27.0
1345,0,nIakFMcq,zjjLSYAp,27.0
1345,0,yAgyFeHo,nIakFMcq,16.0
1345,0,QdWOxWia,yAgyFeHo,16.0
1345,0,gViLrCgA,QdWOxWia,16.0
1345,0,cCSIoIah,gViLrCgA,16.0
1345,0,DLdtTvFi,cCSIoIah,16.0
1345,0,vRWSdFEN,DLdtTvFi,16.0
1345,0,tDDddUJb,vRWSdFEN,16.0
1345,0,RVGhYAxc,tDDddUJb,16.0
1345,0,BpAiVnps,RVGhYAxc,16.0
868,0,eYsqUgzf,jQlVbeqW,74.0
868,0,CGfCHyje,eYsqUgzf,74.0
868,0,qflzswAf,CGfCHyje,71.0
777,0,VvfGvRfV,ZbBLjsKS,465.0
777,0,gjjwmxRV,VvfGvRfV,465.0
777,0,sXTxOtpY,gjjwmxRV,465.0
1102,0,TRrMduWd,kGQEnBYZ,27.0
777,0,aLhLfQkP,sXTxOtpY,416.0
777,0,eeUAfDeR,aLhLfQkP,416.0
777,0,sJpWePxb,eeUAfDeR,416.0
777,0,vBjvcVSA,sJpWePxb,6.0
777,0,TFYkWDkw,vBjvcVSA,4.0
777,0,JpVXpSar,TFYkWDkw,4.0
1099,0,foDxbakc,xDEugDFx,4.0
1099,0,bGilRaMJ,foDxbakc,4.0
822,0,RuAJZyMI,cNypyxpr,3.0
822,0,MtINPaKl,RuAJZyMI,4.0
822,0,SGVPbDEb,MtINPaKl,4.0
822,0,DpeufCiu,SGVPbDEb,5.0
822,0,FaHpkwNs,DpeufCiu,5.0
822,0,kohCEyKT,FaHpkwNs,5.0
822,0,fvMkSwKl,TJYuPZgz,33.0
822,0,cNypyxpr,cTQVugNT,1.0
826,0,oahiQKZf,AlojXgfn,36.0
826,0,LJERpsJx,oahiQKZf,14.0
826,0,NgxTtWek,LJERpsJx,14.0
826,0,pTibEDEI,NgxTtWek,14.0
741,0,ZEJEKYue,oUlRzwnE,2.0
1102,0,wdZlcJUN,TRrMduWd,37.0
1102,0,HHtnqjHj,wdZlcJUN,37.0
778,0,QHzfYnaE,wXJrQzdz,37.0
778,0,ZKmlngva,QHzfYnaE,37.0
134,0,SEVBrkvc,ojqTFFWy,26.0
134,0,KzCxlBoL,SEVBrkvc,26.0
134,0,qPtpgxic,KzCxlBoL,26.0
741,0,JScPHHNr,YvwuVYMF,1.0
741,0,BXAColfX,JScPHHNr,1.0
741,0,TenjteTV,BXAColfX,1.0
741,0,oFbMGQKy,TenjteTV,1.0
741,0,tTpRqbZv,oFbMGQKy,1.0
741,0,uzgDjeSU,tTpRqbZv,1.0
741,0,RvWjyDDD,uzgDjeSU,1.0
741,0,NpVJqtjU,RvWjyDDD,1.0
741,0,SVKOBqwN,NpVJqtjU,1.0
741,0,jUFdobJP,SVKOBqwN,1.0
741,0,stYOAUgx,jUFdobJP,1.0
741,0,qatuIGdU,stYOAUgx,1.0
741,0,DZhNCgqR,qatuIGdU,1.0
741,0,XNqNMdqz,DZhNCgqR,1.0
741,0,oUlRzwnE,XNqNMdqz,1.0
733,0,XQGQJTfc,oUlRzwnE,2655.0
733,0,YJlimzmz,XQGQJTfc,2655.0
733,0,GFyDwjlp,YJlimzmz,2655.0
733,0,RhHvrSFQ,GFyDwjlp,2655.0
733,0,cCtcUCYS,RhHvrSFQ,2655.0
733,0,bInfxKVp,cCtcUCYS,2658.0
547,0,xiCfcAgb,AszcEtOu,445.0
547,0,bsQVAuyn,xiCfcAgb,445.0
547,0,bmUdUOzs,bsQVAuyn,448.0
547,0,qPtpgxic,bmUdUOzs,451.0
547,0,gGkadTNm,qPtpgxic,468.0
547,0,dScsNKLk,gGkadTNm,485.0
547,0,RvWjyDDD,dScsNKLk,549.0
547,0,qatuIGdU,RvWjyDDD,549.0
547,0,YJlimzmz,qatuIGdU,549.0
547,0,DdFWFvrk,YJlimzmz,549.0
547,0,KCPTYZEU,DdFWFvrk,549.0
547,0,lPZtleot,KCPTYZEU,549.0
129,0,RVGhYAxc,tDDddUJb,232.0
926,0,eymgjBxV,qqDoWQdv,1.0
926,0,EonJeQKz,eymgjBxV,1.0
926,0,vkWqgNph,EonJeQKz,1.0
926,0,nJRQzVZQ,vkWqgNph,1.0
926,0,xunvufHj,nJRQzVZQ,1.0
926,0,rxrORjnb,xunvufHj,1.0
926,0,UVDfwOgc,rxrORjnb,1.0
926,0,TJDsQDoO,UVDfwOgc,1.0
926,0,yTictHOU,TJDsQDoO,1.0
926,0,sTaleXyI,yTictHOU,1.0
926,0,illGQStO,sTaleXyI,1.0
926,0,AUrIxxcC,illGQStO,1.0
926,0,zqZasXpA,AUrIxxcC,1.0
926,0,EYGEAZtD,zqZasXpA,1.0
926,0,AJLJQqsT,EYGEAZtD,1.0
926,0,NCSBLEus,AJLJQqsT,1.0
926,0,xfbmoJHP,NCSBLEus,1.0
548,0,qPtpgxic,ojqTFFWy,57.0
548,0,gGkadTNm,qPtpgxic,57.0
548,0,dScsNKLk,gGkadTNm,57.0
548,0,RvWjyDDD,dScsNKLk,57.0
548,0,qatuIGdU,RvWjyDDD,57.0
548,0,YJlimzmz,qatuIGdU,57.0
548,0,DdFWFvrk,YJlimzmz,57.0
548,0,KCPTYZEU,DdFWFvrk,57.0
548,0,lPZtleot,KCPTYZEU,57.0
547,0,AszcEtOu,pdQlgkSh,2.0
547,0,jCwFOmxo,lPZtleot,54.0
542,0,RvWjyDDD,dScsNKLk,1.0
542,0,qatuIGdU,RvWjyDDD,1.0
542,0,YJlimzmz,qatuIGdU,1.0
542,0,DdFWFvrk,YJlimzmz,1.0
542,0,KCPTYZEU,DdFWFvrk,1.0
542,0,lPZtleot,KCPTYZEU,1.0
542,0,jCwFOmxo,lPZtleot,1.0
542,0,fVolLZWv,jCwFOmxo,1.0
542,0,vnGoAIWR,fVolLZWv,1.0
542,0,UPoJKlTB,vnGoAIWR,1.0
542,0,mBDHTawz,UPoJKlTB,1.0
542,0,lMdnIgyP,mBDHTawz,1.0
321,0,hxSTJhOz,zAVZRYih,71.0
321,0,TShNRujB,hxSTJhOz,71.0
1664,0,VNhDHTgU,ymtXIyVJ,1098.0
1664,0,mvZTxord,VNhDHTgU,1098.0
1255,0,PhjcDdmq,ogOCBKAf,767.0
1255,0,bHagonKv,PhjcDdmq,767.0
1255,0,Vlipnutt,bHagonKv,768.0
14,0,fOfcyQgJ,cGoHBmgo,1316.0
14,0,YXOKWXAw,fOfcyQgJ,1669.0
14,0,PSjGjQXK,YXOKWXAw,1669.0
374,0,tTjpyeuP,GMrJWgHs,2.0
374,0,iYbcLrkT,tTjpyeuP,2.0
374,0,elxmPCDf,iYbcLrkT,2.0
374,0,tcbhlVZo,elxmPCDf,2.0
374,0,ZqBGCTqq,tcbhlVZo,2.0
374,0,HxnLIWQq,ZqBGCTqq,2.0
374,0,wqGWmwVd,HxnLIWQq,2.0
374,0,ACkvbmee,wqGWmwVd,2.0
374,0,FtWuEuzF,ACkvbmee,2.0
374,0,RtTLxXUv,FtWuEuzF,2.0
374,0,JGydtICe,RtTLxXUv,2.0
480,0,BgYvcKFh,bKKUjGhb,2522.0
480,0,QRrhNfpu,BgYvcKFh,2522.0
480,0,qSowWcvN,QRrhNfpu,2522.0
480,0,vBGGqNND,qSowWcvN,1967.0
1618,0,xIAmzSOf,kltlGPhk,1183.0
1618,0,HFPiIGml,xIAmzSOf,1183.0
1326,0,mZrMXUGc,BZEEPDzF,154.0
1326,0,ovqyecwa,mZrMXUGc,656.0
1326,0,PhEXDKmN,ovqyecwa,656.0
1326,0,vfoMHDCS,PhEXDKmN,656.0
1326,0,LEPzGjdo,vfoMHDCS,656.0
1326,0,VeNIGKmR,LEPzGjdo,589.0
1326,0,vkwWhgCe,VeNIGKmR,589.0
1567,0,UgzfanVk,sHqmRcRD,243.0
1669,0,SrxxnOEl,zjFHHUbS,105.0
1669,0,AXxrYyXG,SrxxnOEl,105.0
1669,0,QexJFwXO,AXxrYyXG,105.0
1669,0,exRzHfND,QexJFwXO,92.0
1669,0,slwzdYAd,exRzHfND,92.0
1669,0,phodyDNv,slwzdYAd,92.0
1669,0,gcvwQKzE,phodyDNv,84.0
1669,0,RuqLEiFp,gcvwQKzE,84.0
1669,0,jEliwrSM,RuqLEiFp,72.0
1669,0,OUlPxErG,jEliwrSM,72.0
1669,0,SPorkGXj,OUlPxErG,63.0
1669,0,ZqOseExI,SPorkGXj,63.0
1669,0,CrOFTJlw,ZqOseExI,63.0
1669,0,PyGiRErs,CrOFTJlw,63.0
1669,0,qflzswAf,PyGiRErs,46.0
874,0,WhRBEXGR,JbCujTci,15.0
874,0,wRBXcbqq,WhRBEXGR,15.0
874,0,XXYtSQEl,wRBXcbqq,15.0
874,0,MklhhYCQ,XXYtSQEl,15.0
1092,0,KrLSLIZd,OjBZWzOO,933.0
1092,0,yQmtaWgt,KrLSLIZd,933.0
1349,0,clVXMHJf,suvDbtPR,3.0
1349,0,UXEWVZzP,clVXMHJf,3.0
1349,0,MlYFoaez,UXEWVZzP,3.0
1349,0,XeinAhyy,MlYFoaez,2.0
1349,0,pGpZhRvq,XeinAhyy,2.0
1349,0,alaJPSTW,pGpZhRvq,2.0
1349,0,ngNzeSzC,alaJPSTW,2.0
1349,0,PHuvYJrP,ngNzeSzC,2.0
1349,0,FoxIDeQY,PHuvYJrP,2.0
1349,0,dZoxKDmD,FoxIDeQY,2.0
1349,0,ZOuLYtJj,dZoxKDmD,2.0
1349,0,SGnJOquj,ZOuLYtJj,2.0
1349,0,ogOCBKAf,SGnJOquj,2.0
331,0,MhxjGQjy,UgzfanVk,128.0
331,0,EhUxMFuQ,MhxjGQjy,128.0
331,0,HZcfHzwe,EhUxMFuQ,92.0
331,0,qoWOoICL,HZcfHzwe,92.0
331,0,FwybjYQK,qoWOoICL,92.0
331,0,ZuDlysuz,FwybjYQK,92.0
331,0,IkwHYYuh,ZuDlysuz,92.0
331,0,YzXnYVPd,IkwHYYuh,92.0
331,0,TEKQTTfp,YzXnYVPd,92.0
331,0,ZIPCqImv,TEKQTTfp,92.0
331,0,aWNaUdzp,ZIPCqImv,92.0
331,0,FCsbIOBe,aWNaUdzp,92.0
331,0,gGjwcdJB,FCsbIOBe,92.0
1040,0,CKorGRkE,ejMjPdTH,162.0
601,0,FcOkCcps,qdrjbHYS,775.0
601,0,fFHpEWYG,FcOkCcps,836.0
601,0,jOxyxYyy,fFHpEWYG,836.0
601,0,zOQhKaAF,jOxyxYyy,836.0
273,0,jOxyxYyy,fFHpEWYG,1978.0
273,0,zOQhKaAF,jOxyxYyy,1978.0
600,0,RCkelXPh,eyAJPdep,136.0
706,0,yQQuLFAg,wFSILCzc,83.0
601,0,hfsVeMMa,zOQhKaAF,858.0
273,0,hfsVeMMa,zOQhKaAF,2196.0
482,0,ifLglfbO,vkAUVqtk,198.0
482,0,hgHcWJof,ifLglfbO,198.0
482,0,qSowWcvN,hgHcWJof,198.0
14,0,GnsXgGJX,PSjGjQXK,2484.0
14,0,VjdckTjW,GnsXgGJX,3217.0
490,0,bKKUjGhb,gFAsBeQM,3389.0
490,0,QRrhNfpu,bKKUjGhb,3403.0
490,0,qSowWcvN,QRrhNfpu,3276.0
480,0,bKKUjGhb,LbKosGpD,2804.0
1741,0,bKKUjGhb,LbKosGpD,729.0
1741,0,QRrhNfpu,bKKUjGhb,728.0
1741,0,qSowWcvN,QRrhNfpu,728.0
480,0,qpacHTVx,cPCRxZjy,425.0
480,0,XFLojCJa,qpacHTVx,425.0
480,0,mHRdWDIt,XFLojCJa,252.0
480,0,NBopaFdP,mHRdWDIt,588.0
480,0,LbKosGpD,NBopaFdP,588.0
490,0,vBGGqNND,qSowWcvN,1210.0
1573,0,SoTLWNOq,kZlpJvjE,1.0
1573,0,eAajskRX,SoTLWNOq,1.0
1573,0,FXulXHgs,eAajskRX,1.0
1573,0,ElqrEMfW,FXulXHgs,1.0
1573,0,hqxwmRzJ,ElqrEMfW,1.0
1573,0,VtPnVtjF,hqxwmRzJ,1.0
1573,0,hCpAddaw,VtPnVtjF,1.0
1573,0,CHKZpApa,hCpAddaw,1.0
1573,0,YvLuczKe,CHKZpApa,1.0
1573,0,cThdGxLv,YvLuczKe,1.0
1573,0,SUVVzOYC,cThdGxLv,1.0
1573,0,dAxtDTje,SUVVzOYC,1.0
1573,0,KGIBfEut,dAxtDTje,1.0
1573,0,kiTgZeoH,KGIBfEut,1.0
1573,0,eLmJkuZC,kiTgZeoH,1.0
1573,0,UgzfanVk,eLmJkuZC,1.0
1573,0,MhxjGQjy,UgzfanVk,1.0
1573,0,EhUxMFuQ,MhxjGQjy,1.0
1573,0,HZcfHzwe,EhUxMFuQ,1.0
1573,0,KcDUQTDz,HZcfHzwe,1.0
1573,0,qoWOoICL,KcDUQTDz,1.0
1573,0,ZuDlysuz,qoWOoICL,1.0
1573,0,IkwHYYuh,ZuDlysuz,1.0
1573,0,YzXnYVPd,IkwHYYuh,1.0
1573,0,TEKQTTfp,YzXnYVPd,1.0
1573,0,ciAbSxQX,TEKQTTfp,1.0
1573,0,ZIPCqImv,ciAbSxQX,1.0
1573,0,aWNaUdzp,ZIPCqImv,1.0
1573,0,FCsbIOBe,aWNaUdzp,1.0
1573,0,wyEQXfIU,FCsbIOBe,1.0
1573,0,gGjwcdJB,wyEQXfIU,1.0
1573,0,eyAJPdep,gGjwcdJB,1.0
235,0,QHFmFyLR,EkWBPXmr,2558.0
235,0,neNWquOh,QHFmFyLR,2558.0
235,0,KwaxxmSs,neNWquOh,2568.0
235,0,PSjGjQXK,KwaxxmSs,2575.0
235,0,GnsXgGJX,PSjGjQXK,6697.0
235,0,VjdckTjW,GnsXgGJX,6899.0
235,0,ohvLIfWG,VjdckTjW,6903.0
1741,0,vBGGqNND,qSowWcvN,434.0
1374,0,QHFmFyLR,EkWBPXmr,1138.0
1374,0,neNWquOh,QHFmFyLR,1138.0
1374,0,KwaxxmSs,neNWquOh,1150.0
1374,0,PSjGjQXK,KwaxxmSs,1151.0
1374,0,FDPmqphv,PSjGjQXK,2314.0
1374,0,aVjdmBcp,FDPmqphv,3047.0
1374,0,mKIQRbrs,aVjdmBcp,3047.0
273,0,isVKhOXG,hfsVeMMa,2467.0
273,0,mKIQRbrs,isVKhOXG,2416.0
480,0,FFLftRlg,vBGGqNND,1429.0
480,0,HTKZNJTs,FFLftRlg,1454.0
480,0,FmTbQszJ,HTKZNJTs,1748.0
480,0,JvhqCmbT,FmTbQszJ,2289.0
480,0,xkdRvtRu,JvhqCmbT,2289.0
320,0,vkAUVqtk,oeGMQkdJ,74.0
320,0,ifLglfbO,vkAUVqtk,74.0
320,0,hgHcWJof,ifLglfbO,74.0
320,0,POdtxoZm,hgHcWJof,74.0
320,0,DjKGsdyb,POdtxoZm,200.0
398,0,QHFmFyLR,EkWBPXmr,208.0
398,0,neNWquOh,QHFmFyLR,208.0
398,0,KwaxxmSs,neNWquOh,208.0
398,0,PSjGjQXK,KwaxxmSs,208.0
398,0,GnsXgGJX,PSjGjQXK,428.0
398,0,VjdckTjW,GnsXgGJX,428.0
398,0,ohvLIfWG,VjdckTjW,428.0
398,0,HTKZNJTs,ohvLIfWG,428.0
398,0,FmTbQszJ,HTKZNJTs,428.0
1741,0,FFLftRlg,vBGGqNND,477.0
1741,0,HTKZNJTs,FFLftRlg,477.0
1358,0,lOYrQfzi,oajqUPaH,104.0
1358,0,iuewtDUr,lOYrQfzi,104.0
1358,0,KdEmbmsx,iuewtDUr,104.0
1358,0,GkYZbgqg,KdEmbmsx,104.0
1358,0,FlYjxOxQ,GkYZbgqg,104.0
1358,0,wFSILCzc,FlYjxOxQ,104.0
1358,0,yQQuLFAg,wFSILCzc,104.0
1358,0,rckblBTM,yQQuLFAg,104.0
1358,0,fGmFhgnx,rckblBTM,104.0
1358,0,XyHfgUxW,fGmFhgnx,104.0
1358,0,zjjLSYAp,XyHfgUxW,104.0
1358,0,nIakFMcq,zjjLSYAp,104.0
1358,0,yAgyFeHo,nIakFMcq,104.0
1358,0,QdWOxWia,yAgyFeHo,12.0
235,0,aUPouXsN,ohvLIfWG,5978.0
14,0,aUPouXsN,VjdckTjW,3111.0
273,0,qvujbmjR,mKIQRbrs,2211.0
273,0,SqxhBMol,qvujbmjR,2211.0
590,0,QHFmFyLR,EkWBPXmr,1542.0
590,0,neNWquOh,QHFmFyLR,1542.0
590,0,BQqYmuyR,neNWquOh,1544.0
590,0,PSjGjQXK,BQqYmuyR,1546.0
590,0,FDPmqphv,PSjGjQXK,4254.0
590,0,aVjdmBcp,FDPmqphv,4560.0
590,0,isVKhOXG,aVjdmBcp,4560.0
590,0,pHNyFRmN,isVKhOXG,4579.0
590,0,SMriOOgF,pHNyFRmN,4606.0
590,0,RHWjHSWx,SMriOOgF,4606.0
214,0,SyrqOGJb,IvqxNjHK,287.0
214,0,IvqxNjHK,XjEyEHqT,270.0
601,0,mKIQRbrs,hfsVeMMa,875.0
480,0,SqxhBMol,xkdRvtRu,2336.0
1374,0,qvujbmjR,mKIQRbrs,2441.0
1374,0,SqxhBMol,qvujbmjR,2546.0
480,0,kXtCwJQx,hOGVczfj,656.0
686,0,fubLBmAl,DOGyniWl,1655.0
686,0,nEXpIbiD,fubLBmAl,1655.0
686,0,eTJQHplR,nEXpIbiD,1656.0
686,0,vrgENeuF,eTJQHplR,1774.0
686,0,lxSUNwOi,vrgENeuF,1842.0
686,0,aIerxCRO,lxSUNwOi,1867.0
686,0,ZHaurlhr,aIerxCRO,1867.0
686,0,KMDYeUKg,ZHaurlhr,2019.0
686,0,RSPZrGBg,KMDYeUKg,2039.0
686,0,nrUfCQxz,RSPZrGBg,2039.0
686,0,YmkUpvHU,qKeCDDXI,344.0
686,0,GbYxEXTt,YmkUpvHU,1557.0
686,0,DOGyniWl,GbYxEXTt,1557.0
292,0,SlfNpref,aUPouXsN,1580.0
292,0,mTbspdLq,SlfNpref,1580.0
1358,0,gViLrCgA,QdWOxWia,7.0
1358,0,cCSIoIah,gViLrCgA,7.0
1358,0,DLdtTvFi,cCSIoIah,7.0
1413,0,DeduXMzE,udlIzhJE,58.0
1413,0,GXHjZCTL,DeduXMzE,58.0
1413,0,yolIeCeg,GXHjZCTL,58.0
1413,0,ozAxYCwR,yolIeCeg,58.0
1413,0,qdrjbHYS,ozAxYCwR,58.0
1413,0,AKdDiXyV,qdrjbHYS,58.0
1413,0,fFHpEWYG,AKdDiXyV,58.0
1413,0,jOxyxYyy,fFHpEWYG,58.0
1413,0,gGlRqksC,jOxyxYyy,58.0
1413,0,GRRjUQxz,gGlRqksC,58.0
1413,0,evYofZgS,GRRjUQxz,58.0
1413,0,RHWjHSWx,evYofZgS,58.0
1413,0,VpmqCJUB,RHWjHSWx,58.0
1413,0,dulnZXnF,VpmqCJUB,58.0
1413,0,RkIYOvZu,dulnZXnF,58.0
1413,0,ygKQkAfU,RkIYOvZu,58.0
295,0,qDeoslSZ,hLEWSLqw,1265.0
490,0,VpmqCJUB,RHWjHSWx,1787.0
490,0,dulnZXnF,VpmqCJUB,1787.0
490,0,RkIYOvZu,dulnZXnF,1787.0
490,0,ygKQkAfU,RkIYOvZu,1787.0
670,0,IOcMwGKn,ybjkPLXB,420.0
670,0,AszcEtOu,BpAiVnps,183.0
670,0,ybjkPLXB,AszcEtOu,241.0
273,0,nrKKniYe,SqxhBMol,2034.0
226,0,aIerxCRO,lxSUNwOi,134.0
226,0,ZHaurlhr,aIerxCRO,134.0
226,0,KMDYeUKg,ZHaurlhr,192.0
253,0,DOGyniWl,GbYxEXTt,1339.0
253,0,nEXpIbiD,DOGyniWl,2072.0
253,0,eTJQHplR,nEXpIbiD,2372.0
226,0,lxSUNwOi,NgBSBxMr,124.0
600,0,CEZTRnUo,qflzswAf,33.0
600,0,funWfCdm,CEZTRnUo,33.0
600,0,rnFrOJMw,funWfCdm,33.0
600,0,MklhhYCQ,rnFrOJMw,33.0
600,0,nzTRQfUi,MklhhYCQ,33.0
600,0,PZLqDGdx,nzTRQfUi,33.0
600,0,kjxfKqbD,PZLqDGdx,33.0
600,0,mSXRukCc,kjxfKqbD,33.0
600,0,FFGyTMvJ,mSXRukCc,33.0
600,0,eyAJPdep,FFGyTMvJ,33.0
1689,0,xMTUUeEc,tBgOcvQf,86.0
1689,0,jPryMrof,xMTUUeEc,86.0
1689,0,jkJwqjHm,jPryMrof,86.0
1689,0,jKMBgxbE,jkJwqjHm,86.0
1689,0,tldUULAx,jKMBgxbE,86.0
1689,0,yzZGrKJL,tldUULAx,66.0
1689,0,qDeoslSZ,yzZGrKJL,66.0
214,0,XjEyEHqT,EYCnMsAF,257.0
214,0,qDeoslSZ,hLEWSLqw,752.0
490,0,blwWmPPo,ygKQkAfU,1183.0
490,0,hLEWSLqw,blwWmPPo,1183.0
490,0,qDeoslSZ,hLEWSLqw,1175.0
1745,0,blwWmPPo,ygKQkAfU,450.0
1745,0,hLEWSLqw,blwWmPPo,450.0
1745,0,tMEROJFH,hLEWSLqw,450.0
1744,0,blwWmPPo,ygKQkAfU,2870.0
1744,0,ufLmazVu,blwWmPPo,2870.0
1744,0,tMEROJFH,ufLmazVu,2830.0
501,0,blwWmPPo,ygKQkAfU,91.0
501,0,ufLmazVu,blwWmPPo,91.0
501,0,qDeoslSZ,ufLmazVu,91.0
647,0,plmttHNh,mBUKTvtr,52.0
647,0,GIAembsg,plmttHNh,52.0
647,0,OyNIynZV,GIAembsg,52.0
214,0,EYCnMsAF,awnNVqry,5.0
218,0,BoBfKnBc,WuSgkufa,22.0
218,0,tjNvNzFb,BoBfKnBc,22.0
218,0,mxxFIxNX,tjNvNzFb,22.0
218,0,mxpYyFEY,mxxFIxNX,22.0
218,0,awnNVqry,mxpYyFEY,22.0
218,0,EYCnMsAF,awnNVqry,22.0
218,0,XjEyEHqT,EYCnMsAF,22.0
218,0,IvqxNjHK,XjEyEHqT,22.0
218,0,SyrqOGJb,IvqxNjHK,22.0
218,0,NcLanIdZ,SyrqOGJb,22.0
218,0,OyNIynZV,NcLanIdZ,18.0
218,0,ydoNqUsu,OyNIynZV,18.0
218,0,yYSDLmlm,ydoNqUsu,10.0
218,0,FDCDnriY,yYSDLmlm,10.0
218,0,hLEWSLqw,FDCDnriY,10.0
218,0,qDeoslSZ,hLEWSLqw,10.0
590,0,VpmqCJUB,RHWjHSWx,4482.0
590,0,EvIZgaUF,VpmqCJUB,4482.0
590,0,mGgwEHaG,EvIZgaUF,4484.0
590,0,DWuGRWkF,mGgwEHaG,4484.0
1741,0,JvhqCmbT,HTKZNJTs,429.0
1741,0,pfHqWMIj,JvhqCmbT,429.0
1741,0,yZEnTGkU,pfHqWMIj,429.0
1741,0,svamcGgQ,yZEnTGkU,475.0
1741,0,OkTOljoV,svamcGgQ,475.0
1741,0,RoAYEvND,OkTOljoV,475.0
480,0,yZEnTGkU,SqxhBMol,1966.0
480,0,svamcGgQ,yZEnTGkU,2461.0
480,0,OkTOljoV,svamcGgQ,2461.0
480,0,ryMrZCSE,OkTOljoV,2461.0
320,0,ExPvCHrU,DjKGsdyb,270.0
320,0,OCwYbEnq,ExPvCHrU,270.0
320,0,nrUfCQxz,OCwYbEnq,299.0
320,0,XwcxmOai,nrUfCQxz,299.0
590,0,ryMrZCSE,DWuGRWkF,4531.0
480,0,UZvsWvxC,kXtCwJQx,631.0
480,0,Afgbwxue,UZvsWvxC,631.0
480,0,yHOAvGcL,Afgbwxue,631.0
480,0,cPCRxZjy,yHOAvGcL,269.0
1505,0,BMprcpdo,xQqwXgNZ,3530.0
1645,0,ASOyxnpu,QewuHWYk,283.0
1645,0,sWFNlbjw,ASOyxnpu,539.0
1645,0,qTqvnQiR,sWFNlbjw,539.0
1645,0,FyIjwLBj,qTqvnQiR,523.0
1645,0,DdAJghjk,FyIjwLBj,384.0
1645,0,IglTFvIG,DdAJghjk,361.0
1645,0,esXmHZAz,IglTFvIG,361.0
1645,0,VUTBmskZ,esXmHZAz,361.0
1645,0,KQSHMGnw,VUTBmskZ,360.0
706,0,izUAPpdi,xyBTaHvp,22.0
706,0,FVYwGhLu,izUAPpdi,22.0
706,0,cNWTidvb,FVYwGhLu,22.0
706,0,wFSILCzc,cNWTidvb,22.0
1745,0,hOGVczfj,pOvHFZPM,445.0
1745,0,kXtCwJQx,hOGVczfj,445.0
1745,0,UZvsWvxC,kXtCwJQx,445.0
1745,0,Afgbwxue,UZvsWvxC,445.0
1745,0,yHOAvGcL,Afgbwxue,445.0
1745,0,CTeFabzs,yHOAvGcL,445.0
1745,0,TUpCuZAw,ThGrfpxl,406.0
1745,0,HYfXIyFk,TUpCuZAw,406.0
1745,0,oQvXmJfL,HYfXIyFk,406.0
1745,0,yayPNqiY,oQvXmJfL,406.0
1745,0,pOvHFZPM,yayPNqiY,406.0
1745,0,XAxmwtqw,aFlzccOO,260.0
1745,0,ThGrfpxl,XAxmwtqw,260.0
1745,0,aFlzccOO,DYvQviUy,190.0
1745,0,DYvQviUy,RfEbENxd,176.0
1745,0,jQaLNViL,gyQqEnFq,87.0
1745,0,RfEbENxd,jQaLNViL,87.0
235,0,AjJCgCBk,nrKKniYe,5497.0
14,0,SlfNpref,aUPouXsN,3530.0
14,0,nrKKniYe,SlfNpref,3530.0
14,0,AjJCgCBk,nrKKniYe,3658.0
1106,0,awOEKaEj,qdrjbHYS,395.0
1106,0,fFHpEWYG,awOEKaEj,404.0
1106,0,jOxyxYyy,fFHpEWYG,404.0
1106,0,eVGAINdZ,jOxyxYyy,404.0
1106,0,zOQhKaAF,eVGAINdZ,404.0
1106,0,hfsVeMMa,zOQhKaAF,444.0
1106,0,isVKhOXG,hfsVeMMa,471.0
1106,0,mKIQRbrs,isVKhOXG,471.0
1106,0,qvujbmjR,mKIQRbrs,474.0
1106,0,SqxhBMol,qvujbmjR,474.0
1106,0,nrKKniYe,SqxhBMol,474.0
1106,0,SWnceHEw,nrKKniYe,522.0
1106,0,AjJCgCBk,SWnceHEw,522.0
273,0,SWnceHEw,nrKKniYe,1962.0
273,0,AjJCgCBk,SWnceHEw,1962.0
287,0,eKMWhxRF,lqMPnIra,253.0
287,0,PKfyrIVb,eKMWhxRF,253.0
287,0,uGNDunGF,PKfyrIVb,253.0
1374,0,MzWshIAL,SqxhBMol,1737.0
1374,0,NZGnRwVn,MzWshIAL,1818.0
235,0,jFmPCmzM,AjJCgCBk,5151.0
273,0,jFmPCmzM,AjJCgCBk,1773.0
539,0,SwLVnWPq,ZijVddwt,11.0
539,0,xGsoSfhX,SwLVnWPq,10.0
1197,0,OeKkfJSz,HTcmpFUD,51.0
1197,0,FZjXRNIl,OeKkfJSz,51.0
1197,0,wHSBMatn,FZjXRNIl,51.0
1197,0,pbVrXoGi,wHSBMatn,51.0
1197,0,GuhaYkFL,pbVrXoGi,51.0
1197,0,EdJUuxct,GuhaYkFL,51.0
1197,0,gmiMCrrb,EdJUuxct,51.0
292,0,QHFmFyLR,EkWBPXmr,470.0
292,0,neNWquOh,QHFmFyLR,470.0
292,0,KwaxxmSs,neNWquOh,470.0
292,0,PSjGjQXK,KwaxxmSs,477.0
292,0,GnsXgGJX,PSjGjQXK,1120.0
292,0,VjdckTjW,GnsXgGJX,1138.0
292,0,ohvLIfWG,VjdckTjW,1190.0
292,0,aUPouXsN,ohvLIfWG,1192.0
292,0,nrKKniYe,mTbspdLq,1566.0
985,0,peBgOXli,yAqyhWkU,1.0
985,0,KnWWIWQx,peBgOXli,1.0
985,0,bRAzuzSs,KnWWIWQx,1.0
985,0,OwpcAtJV,bRAzuzSs,1.0
273,0,TrOiZJox,jFmPCmzM,1468.0
1750,0,DOGyniWl,GbYxEXTt,271.0
1750,0,fubLBmAl,DOGyniWl,271.0
1750,0,nEXpIbiD,fubLBmAl,271.0
1750,0,eTJQHplR,nEXpIbiD,267.0
1106,0,jFmPCmzM,AjJCgCBk,518.0
1106,0,TrOiZJox,jFmPCmzM,474.0
213,0,eYoPTdNP,ZpgoacOO,371.0
213,0,rlRRFZPO,eYoPTdNP,371.0
213,0,JXTJImqP,rlRRFZPO,371.0
213,0,rwHPNAJf,JXTJImqP,371.0
213,0,suszCmcx,rwHPNAJf,371.0
213,0,dfkLIYlO,suszCmcx,371.0
213,0,RiVtboFJ,dfkLIYlO,371.0
686,0,UFoaQvGg,RfEbENxd,100.0
686,0,uxsctOEt,UFoaQvGg,100.0
686,0,UfJDroVz,uxsctOEt,100.0
686,0,biJBLznK,UfJDroVz,100.0
686,0,TcsyXYNn,biJBLznK,100.0
686,0,qKeCDDXI,TcsyXYNn,100.0
686,0,jQaLNViL,gyQqEnFq,37.0
686,0,RfEbENxd,jQaLNViL,37.0
635,0,pSVDMeCH,gaLZwYvS,86.0
635,0,FTwVCxQy,pSVDMeCH,86.0
635,0,RFaTWaew,FTwVCxQy,86.0
635,0,mYoRZvtc,RFaTWaew,203.0
635,0,NKCxdwhs,mYoRZvtc,332.0
635,0,eeSdZFhf,NKCxdwhs,332.0
635,0,gFAsBeQM,eeSdZFhf,453.0
1413,0,blwWmPPo,ygKQkAfU,46.0
1413,0,dYaEdzoO,blwWmPPo,46.0
1413,0,TIoMzhxD,dYaEdzoO,46.0
648,0,TIoMzhxD,LoxEXWve,490.0
590,0,fRxWIrbs,ryMrZCSE,4249.0
590,0,QrdELzCu,fRxWIrbs,4249.0
590,0,YvwQRHTE,QrdELzCu,4249.0
590,0,HJTsgSzj,YvwQRHTE,4239.0
1413,0,iRpWiLQH,TIoMzhxD,20.0
1413,0,LPBTmxgF,iRpWiLQH,20.0
648,0,QdIKKqKN,TIoMzhxD,31.0
670,0,pTpnumHG,TIoMzhxD,500.0
670,0,LPBTmxgF,pTpnumHG,500.0
311,0,LPBTmxgF,pTpnumHG,787.0
615,0,pTpnumHG,TIoMzhxD,338.0
615,0,LPBTmxgF,pTpnumHG,338.0
311,0,plWWPiMc,mnkgCFDT,431.0
311,0,HcPkwFHM,plWWPiMc,496.0
311,0,KjuJaNsu,HcPkwFHM,751.0
311,0,oNyGHMvy,KjuJaNsu,751.0
311,0,QdnKSSsO,oNyGHMvy,769.0
311,0,vSdfqYeK,QdnKSSsO,903.0
311,0,wDpyEsxh,vSdfqYeK,903.0
311,0,jIerKxIb,wDpyEsxh,903.0
311,0,IubGYoNi,jIerKxIb,1100.0
311,0,fmQEzQWV,IubGYoNi,1248.0
311,0,BpAiVnps,fmQEzQWV,1563.0
213,0,RFaTWaew,pSVDMeCH,6.0
213,0,TUeJMYAe,RiVtboFJ,420.0
213,0,nDzrviXX,TUeJMYAe,420.0
648,0,ZIZoBDen,QdIKKqKN,29.0
648,0,DYLgRRdw,ZIZoBDen,29.0
648,0,QvJRXCKm,DYLgRRdw,29.0
480,0,fRxWIrbs,ryMrZCSE,1669.0
480,0,QrdELzCu,fRxWIrbs,1669.0
480,0,YvwQRHTE,QrdELzCu,1669.0
480,0,HJTsgSzj,YvwQRHTE,1747.0
147,0,VuPuNOXM,WeXgsZLY,825.0
147,0,QgwCgjAi,VuPuNOXM,825.0
204,0,VuPuNOXM,WeXgsZLY,923.0
204,0,QgwCgjAi,VuPuNOXM,923.0
213,0,QgwCgjAi,nDzrviXX,373.0
1468,0,DOGyniWl,GbYxEXTt,125.0
1468,0,nEXpIbiD,DOGyniWl,125.0
1468,0,eTJQHplR,nEXpIbiD,125.0
798,0,DOGyniWl,GbYxEXTt,289.0
798,0,fubLBmAl,DOGyniWl,289.0
798,0,nEXpIbiD,fubLBmAl,289.0
798,0,eTJQHplR,nEXpIbiD,283.0
528,0,DOGyniWl,ItndWSiW,108.0
528,0,fubLBmAl,DOGyniWl,108.0
528,0,nEXpIbiD,fubLBmAl,108.0
528,0,eTJQHplR,nEXpIbiD,108.0
549,0,oUbtCHRB,jwtMzuEb,4.0
549,0,kSklWvZO,oUbtCHRB,4.0
549,0,wVKhsyCZ,kSklWvZO,4.0
549,0,oZJRchiN,wVKhsyCZ,4.0
549,0,xmGwLlME,oZJRchiN,4.0
549,0,KcBICYpI,xmGwLlME,4.0
549,0,XQiQvefE,KcBICYpI,4.0
549,0,eyUKPfnA,XQiQvefE,4.0
549,0,ZgqhsueA,eyUKPfnA,4.0
549,0,YvwuVYMF,ZgqhsueA,4.0
549,0,FZsFzszJ,YvwuVYMF,4.0
549,0,ALhaazBT,FZsFzszJ,4.0
549,0,ejMjPdTH,ALhaazBT,3.0
590,0,TcTonWJL,HJTsgSzj,3974.0
1700,0,uxYyJnud,eooROOMz,55.0
1700,0,MyzsDSvl,uxYyJnud,55.0
1700,0,rxlNLBXr,MyzsDSvl,51.0
1700,0,losuIFuX,rxlNLBXr,46.0
1700,0,uskMapbi,losuIFuX,46.0
1700,0,yXOuyCwN,uskMapbi,46.0
1700,0,mSGryPaH,yXOuyCwN,46.0
1700,0,OVaoEscJ,mSGryPaH,46.0
1700,0,xQqwXgNZ,OVaoEscJ,18.0
1700,0,BMprcpdo,xQqwXgNZ,18.0
601,0,ImIhxSnH,RfzcmazU,1526.0
601,0,iEKuRfDT,ImIhxSnH,1526.0
601,0,PlyJazqR,iEKuRfDT,1524.0
601,0,ylfNfbjf,PlyJazqR,1524.0
601,0,psXocZQH,ylfNfbjf,1524.0
601,0,yprCGtVa,psXocZQH,1524.0
1317,0,psXocZQH,PlyJazqR,1442.0
1317,0,yprCGtVa,psXocZQH,1442.0
14,0,jFmPCmzM,AjJCgCBk,3749.0
14,0,fkZFUNSd,jFmPCmzM,3465.0
14,0,cttUtMNm,fkZFUNSd,3862.0
14,0,wHfmVQMh,cttUtMNm,3851.0
1106,0,fkZFUNSd,TrOiZJox,1185.0
1106,0,cttUtMNm,fkZFUNSd,1185.0
1106,0,wHfmVQMh,cttUtMNm,1185.0
673,0,jXeBpcDF,lZYsrfVZ,327.0
673,0,goaumTLR,jXeBpcDF,327.0
673,0,vNMxowJX,goaumTLR,327.0
673,0,voZaDctr,vNMxowJX,327.0
673,0,cttUtMNm,voZaDctr,327.0
673,0,wHfmVQMh,cttUtMNm,327.0
14,0,mdGitRQe,wHfmVQMh,3869.0
1374,0,GvhVJqUj,NZGnRwVn,1318.0
398,0,JvhqCmbT,FmTbQszJ,312.0
398,0,xkdRvtRu,JvhqCmbT,312.0
398,0,upZFxFqB,xkdRvtRu,312.0
398,0,SqxhBMol,upZFxFqB,312.0
398,0,yZEnTGkU,SqxhBMol,312.0
398,0,svamcGgQ,yZEnTGkU,312.0
398,0,OkTOljoV,svamcGgQ,312.0
398,0,ryMrZCSE,OkTOljoV,312.0
398,0,fRxWIrbs,ryMrZCSE,312.0
398,0,QrdELzCu,fRxWIrbs,312.0
398,0,YvwQRHTE,QrdELzCu,312.0
398,0,HJTsgSzj,YvwQRHTE,312.0
398,0,TcTonWJL,HJTsgSzj,312.0
398,0,WtptgYtz,TcTonWJL,312.0
480,0,TcTonWJL,HJTsgSzj,1146.0
480,0,WtptgYtz,TcTonWJL,1208.0
1106,0,mdGitRQe,wHfmVQMh,1110.0
673,0,mdGitRQe,wHfmVQMh,143.0
213,0,zAwPDfkg,QgwCgjAi,4.0
213,0,eTJQHplR,zAwPDfkg,4.0
94,0,VuPuNOXM,WeXgsZLY,1.0
94,0,QgwCgjAi,VuPuNOXM,1.0
94,0,zAwPDfkg,QgwCgjAi,1.0
94,0,NFETpHWK,zAwPDfkg,1.0
94,0,eTJQHplR,NFETpHWK,1.0
1567,0,lqMPnIra,nPkrzCty,2773.0
398,0,NJSgWoOc,WtptgYtz,159.0
398,0,HFKfgJoc,NJSgWoOc,159.0
398,0,KQSHMGnw,HFKfgJoc,159.0
684,0,NJSgWoOc,FHkpxOov,541.0
684,0,HFKfgJoc,NJSgWoOc,540.0
684,0,KQSHMGnw,HFKfgJoc,540.0
480,0,NJSgWoOc,WtptgYtz,1143.0
480,0,HFKfgJoc,NJSgWoOc,1143.0
480,0,KQSHMGnw,HFKfgJoc,1143.0
686,0,HFKfgJoc,NJSgWoOc,297.0
686,0,KQSHMGnw,HFKfgJoc,297.0
590,0,NJSgWoOc,TcTonWJL,3977.0
590,0,RIpTuvwk,NJSgWoOc,3979.0
1189,0,adsviABF,LPldZjRa,55.0
1189,0,TqlJzItM,adsviABF,43.0
1189,0,KQSHMGnw,TqlJzItM,43.0
186,0,DzkWADkh,gmiMCrrb,406.0
186,0,MjMnNBLG,DzkWADkh,406.0
186,0,XiRzIewe,MjMnNBLG,406.0
122,0,WdOwNGhj,xfbmoJHP,5.0
122,0,kKKRBhFF,WdOwNGhj,5.0
122,0,NFInfBeu,kKKRBhFF,5.0
122,0,VCQdmIoF,NFInfBeu,5.0
122,0,ePrpofUw,VCQdmIoF,5.0
122,0,KcvPUxQg,ePrpofUw,5.0
122,0,BlnSxBAr,KcvPUxQg,5.0
122,0,TCBUGaZf,BlnSxBAr,5.0
356,0,zfdolaES,nEXpIbiD,1128.0
356,0,jiufRClk,zfdolaES,1128.0
356,0,GVnbohJg,jiufRClk,1128.0
356,0,TIKKmaif,GVnbohJg,1142.0
356,0,nTVsVrjG,TIKKmaif,882.0
146,0,EdqXvVeI,nPkrzCty,7.0
146,0,oBjbzljy,EdqXvVeI,7.0
235,0,MgruBUee,RVGhYAxc,3931.0
273,0,BpAiVnps,RVGhYAxc,1555.0
186,0,udKeccMr,XiRzIewe,495.0
186,0,HEshVETB,udKeccMr,495.0
186,0,WKWTpoqQ,HEshVETB,495.0
186,0,oUmVLfUX,WKWTpoqQ,516.0
186,0,fJdABIlw,oUmVLfUX,516.0
186,0,mXwfazRz,fJdABIlw,464.0
186,0,rBcVngYR,mXwfazRz,464.0
186,0,NGAodVTg,rBcVngYR,199.0
186,0,TvGyfQSI,NGAodVTg,199.0
186,0,HFYkXdPG,TvGyfQSI,199.0
186,0,KjgVoxgR,HFYkXdPG,226.0
186,0,xTOrUJFO,KjgVoxgR,199.0
186,0,EmkugZPX,xTOrUJFO,199.0
186,0,lmZJehpq,EmkugZPX,195.0
186,0,YtrqvWdf,lmZJehpq,195.0
186,0,tDDddUJb,YtrqvWdf,104.0
186,0,RVGhYAxc,tDDddUJb,104.0
186,0,BpAiVnps,RVGhYAxc,75.0
673,0,RVGhYAxc,mdGitRQe,105.0
673,0,BpAiVnps,RVGhYAxc,105.0
178,0,RVGhYAxc,tDDddUJb,115.0
178,0,BpAiVnps,RVGhYAxc,100.0
1104,0,DzkWADkh,tBgOcvQf,3.0
1104,0,MjMnNBLG,DzkWADkh,3.0
1104,0,XiRzIewe,MjMnNBLG,3.0
1104,0,HEshVETB,XiRzIewe,3.0
1104,0,WKWTpoqQ,HEshVETB,3.0
1104,0,fJdABIlw,WKWTpoqQ,3.0
1104,0,uDcoTtDr,fJdABIlw,3.0
1104,0,NGAodVTg,uDcoTtDr,3.0
1104,0,TvGyfQSI,NGAodVTg,3.0
1104,0,HFYkXdPG,TvGyfQSI,3.0
1104,0,KjgVoxgR,HFYkXdPG,3.0
1104,0,EmkugZPX,KjgVoxgR,2.0
1104,0,lmZJehpq,EmkugZPX,2.0
1104,0,RVGhYAxc,lmZJehpq,2.0
1104,0,BpAiVnps,RVGhYAxc,1.0
122,0,pzcCDVmZ,TCBUGaZf,4.0
122,0,oUmVLfUX,pzcCDVmZ,4.0
122,0,fJdABIlw,oUmVLfUX,4.0
122,0,mXwfazRz,fJdABIlw,4.0
122,0,NGAodVTg,mXwfazRz,3.0
122,0,TvGyfQSI,NGAodVTg,3.0
122,0,HFYkXdPG,TvGyfQSI,3.0
122,0,KjgVoxgR,HFYkXdPG,3.0
122,0,xTOrUJFO,KjgVoxgR,2.0
122,0,EmkugZPX,xTOrUJFO,2.0
122,0,lmZJehpq,EmkugZPX,2.0
122,0,tDDddUJb,lmZJehpq,2.0
122,0,RVGhYAxc,tDDddUJb,2.0
122,0,BpAiVnps,RVGhYAxc,2.0
477,0,BpAiVnps,RVGhYAxc,671.0
539,0,pdQlgkSh,xGsoSfhX,4.0
1272,0,cHhWsWUg,SMhobJmy,1499.0
1272,0,nPkrzCty,cHhWsWUg,1499.0
1272,0,jIerKxIb,nPkrzCty,1474.0
52,0,oiYuCTCe,ZijVddwt,1259.0
52,0,SwLVnWPq,oiYuCTCe,251.0
52,0,xQSKBJml,SwLVnWPq,251.0
52,0,eXTjiXiW,xQSKBJml,251.0
52,0,UUCrlfWg,eXTjiXiW,251.0
52,0,YULSfngF,UUCrlfWg,251.0
52,0,ozuppJDT,YULSfngF,251.0
52,0,xGsoSfhX,ozuppJDT,251.0
52,0,RVGhYAxc,xGsoSfhX,154.0
52,0,BpAiVnps,RVGhYAxc,154.0
1341,0,XyHfgUxW,fGmFhgnx,48.0
1341,0,zjjLSYAp,XyHfgUxW,48.0
1341,0,nIakFMcq,zjjLSYAp,48.0
1341,0,LYjhOoFf,nIakFMcq,30.0
1341,0,QdWOxWia,LYjhOoFf,25.0
1341,0,gViLrCgA,QdWOxWia,25.0
1341,0,cCSIoIah,gViLrCgA,25.0
1341,0,DLdtTvFi,cCSIoIah,25.0
1341,0,vRWSdFEN,DLdtTvFi,25.0
1341,0,tDDddUJb,vRWSdFEN,25.0
1341,0,RVGhYAxc,tDDddUJb,25.0
1341,0,BpAiVnps,RVGhYAxc,22.0
1549,0,tkDBwPiV,uGNDunGF,20.0
1549,0,mqlWPdpA,tkDBwPiV,15.0
1549,0,lOdrwgOe,mqlWPdpA,15.0
1549,0,BRjWpQtg,lOdrwgOe,6.0
1549,0,CrcsXCbZ,BRjWpQtg,6.0
1549,0,fcKeEgEf,CrcsXCbZ,6.0
1549,0,MgruBUee,fcKeEgEf,6.0
729,0,NLDgVASg,QGNcLOop,3.0
729,0,DKPrUpnj,NLDgVASg,3.0
729,0,lBopHXdD,DKPrUpnj,3.0
729,0,Oslgxmkx,lBopHXdD,3.0
729,0,AtcDBGpE,Oslgxmkx,3.0
729,0,nsjiKPCz,AtcDBGpE,3.0
729,0,vfdAIPGv,nsjiKPCz,3.0
729,0,ubZrQMid,vfdAIPGv,3.0
729,0,gBkmsEyR,ubZrQMid,3.0
729,0,cGoHBmgo,gBkmsEyR,3.0
729,0,EkWBPXmr,cGoHBmgo,3.0
590,0,ubzklVlS,RIpTuvwk,3904.0
1262,0,tkDBwPiV,uGNDunGF,2719.0
1262,0,mqlWPdpA,tkDBwPiV,2701.0
1262,0,lOdrwgOe,mqlWPdpA,2701.0
1262,0,BRjWpQtg,lOdrwgOe,206.0
1262,0,CrcsXCbZ,BRjWpQtg,206.0
1262,0,noVetmot,ZdIQslRD,2520.0
1262,0,MGitFLID,noVetmot,2520.0
1262,0,kYpOneyC,MGitFLID,2520.0
1262,0,fQmxveIO,kYpOneyC,2515.0
1262,0,DRTLnTnI,fQmxveIO,2515.0
1262,0,eKMWhxRF,DRTLnTnI,2515.0
1262,0,PKfyrIVb,eKMWhxRF,2132.0
1262,0,uGNDunGF,PKfyrIVb,2132.0
319,0,SNVRXPiu,ZrWksDco,2.0
319,0,NzFpkpXH,SNVRXPiu,2.0
319,0,EVcIyerQ,NzFpkpXH,2.0
319,0,dEEWjOTq,EVcIyerQ,2.0
319,0,UlOflIKh,dEEWjOTq,2.0
601,0,pPqywgRl,yprCGtVa,1411.0
601,0,HGjkimBc,pPqywgRl,1345.0
601,0,lqMPnIra,HGjkimBc,1345.0
1141,0,lqMPnIra,jIerKxIb,2176.0
1272,0,jFRqfnFl,VkcYQwTj,1146.0
1272,0,ysSWNERo,jFRqfnFl,1146.0
1272,0,lQIpGOTn,ysSWNERo,1158.0
1272,0,uhUmvvRs,lQIpGOTn,1158.0
1272,0,svgtEcQx,uhUmvvRs,1158.0
1272,0,HcPkwFHM,svgtEcQx,1158.0
1272,0,KjuJaNsu,HcPkwFHM,1158.0
1272,0,oNyGHMvy,KjuJaNsu,1158.0
1272,0,QdnKSSsO,oNyGHMvy,1158.0
1272,0,vSdfqYeK,QdnKSSsO,1158.0
1272,0,AmahvgQB,vSdfqYeK,1158.0
1272,0,lOtREfVG,AmahvgQB,1158.0
1272,0,SMhobJmy,lOtREfVG,1158.0
1272,0,lqMPnIra,jIerKxIb,1282.0
1272,0,BZCtSmhk,ywuGpANM,1132.0
1272,0,VkcYQwTj,BZCtSmhk,1132.0
1272,0,FZsFzszJ,gzTQJVMW,189.0
1272,0,ALhaazBT,FZsFzszJ,193.0
1272,0,AUmOMGnp,ALhaazBT,218.0
1272,0,ejMjPdTH,AUmOMGnp,220.0
1272,0,NJxrRaUf,ejMjPdTH,375.0
1272,0,hpACGGyB,NJxrRaUf,375.0
1272,0,ywuGpANM,hpACGGyB,376.0
1272,0,gzTQJVMW,RVEyrwjR,173.0
1272,0,RVEyrwjR,XLVjRryq,153.0
1272,0,XLVjRryq,NxbXiMUL,46.0
1272,0,vDFCntfg,YvwuVYMF,38.0
1272,0,NxbXiMUL,vDFCntfg,38.0
320,0,sCyvkPkr,XwcxmOai,482.0
320,0,YLjwrcCY,sCyvkPkr,482.0
320,0,RfzcmazU,YLjwrcCY,482.0
320,0,ImIhxSnH,RfzcmazU,482.0
320,0,iEKuRfDT,ImIhxSnH,482.0
320,0,PlyJazqR,iEKuRfDT,482.0
320,0,kkrKJmiC,PlyJazqR,482.0
320,0,psXocZQH,kkrKJmiC,482.0
320,0,yprCGtVa,psXocZQH,482.0
320,0,pPqywgRl,yprCGtVa,549.0
320,0,SJHseTdc,pPqywgRl,549.0
320,0,lqMPnIra,SJHseTdc,549.0
291,0,SOBUilCD,mdGitRQe,1060.0
291,0,RVGhYAxc,SOBUilCD,1060.0
291,0,NfHwMQdR,dLUoTBAU,559.0
291,0,nPkrzCty,NfHwMQdR,559.0
291,0,lqMPnIra,nPkrzCty,559.0
1619,0,oIlHYibo,EnhcBMcG,1297.0
1619,0,rcxPdVgD,oIlHYibo,1297.0
1619,0,NztIaxQU,rcxPdVgD,1227.0
1619,0,YctaenCe,jcExlqwL,227.0
1619,0,tzYrVhKO,YctaenCe,227.0
1619,0,UgpyjFML,tzYrVhKO,227.0
1619,0,nPkrzCty,UgpyjFML,214.0
1619,0,CuLSONdy,nPkrzCty,213.0
464,0,HpfZbCVA,fyqDJAhS,992.0
464,0,EYgpmtHR,HpfZbCVA,895.0
464,0,glDvUhXc,EYgpmtHR,789.0
464,0,FhKkSAFH,glDvUhXc,789.0
464,0,hSRFRBsa,FhKkSAFH,789.0
601,0,eKMWhxRF,lqMPnIra,590.0
601,0,pRsoSsPh,eKMWhxRF,590.0
601,0,pUxrqkbR,pRsoSsPh,590.0
601,0,GmRorurF,pUxrqkbR,590.0
601,0,rWJbJwsc,GmRorurF,590.0
601,0,uuIZngLh,rWJbJwsc,534.0
601,0,gHWJyJxY,uuIZngLh,534.0
601,0,oXQrzcje,gHWJyJxY,409.0
601,0,fyqDJAhS,oXQrzcje,409.0
601,0,HpfZbCVA,fyqDJAhS,300.0
601,0,glDvUhXc,HpfZbCVA,300.0
601,0,FhKkSAFH,glDvUhXc,300.0
601,0,taPJzyhF,FhKkSAFH,300.0
1568,0,pUxrqkbR,pRsoSsPh,6987.0
1568,0,GmRorurF,pUxrqkbR,7049.0
1568,0,rWJbJwsc,GmRorurF,11332.0
1568,0,uuIZngLh,rWJbJwsc,12713.0
1568,0,gHWJyJxY,uuIZngLh,12713.0
1568,0,oXQrzcje,gHWJyJxY,12713.0
1568,0,fyqDJAhS,oXQrzcje,13298.0
1568,0,CSzsuVOH,fyqDJAhS,14349.0
129,0,zijvldJJ,RVGhYAxc,197.0
129,0,drFxsmcp,zijvldJJ,197.0
129,0,PywYzQHY,drFxsmcp,197.0
1263,0,RufmISTr,PywYzQHY,1762.0
463,0,oXQrzcje,gHWJyJxY,3582.0
463,0,fyqDJAhS,oXQrzcje,3509.0
463,0,HpfZbCVA,fyqDJAhS,3463.0
463,0,glDvUhXc,HpfZbCVA,3635.0
463,0,FhKkSAFH,glDvUhXc,3635.0
463,0,taPJzyhF,FhKkSAFH,3635.0
1395,0,dCWftKsk,xOHMcnRu,2168.0
1395,0,CSzsuVOH,dCWftKsk,2168.0
1395,0,aUZoPZMc,CSzsuVOH,2168.0
1395,0,xOhGqygU,aUZoPZMc,2166.0
1395,0,qOuhMtTj,xOhGqygU,1278.0
1395,0,KCvWJpxq,qOuhMtTj,1278.0
725,0,eusqYKWT,HezLsNFQ,960.0
725,0,dCWftKsk,eusqYKWT,958.0
725,0,HpfZbCVA,dCWftKsk,930.0
725,0,glDvUhXc,HpfZbCVA,930.0
725,0,FhKkSAFH,glDvUhXc,930.0
725,0,taPJzyhF,FhKkSAFH,930.0
719,0,dCWftKsk,xOHMcnRu,381.0
719,0,HpfZbCVA,dCWftKsk,359.0
719,0,EYgpmtHR,HpfZbCVA,256.0
719,0,glDvUhXc,EYgpmtHR,254.0
719,0,FhKkSAFH,glDvUhXc,254.0
719,0,hSRFRBsa,FhKkSAFH,254.0
1221,0,bjEpkupt,gxlaiARP,8712.0
1221,0,FYgdoWMK,bjEpkupt,8691.0
1221,0,zAqZkkQx,FYgdoWMK,8662.0
1221,0,vFpuvjcu,zAqZkkQx,8662.0
1221,0,dlIiZmBi,vFpuvjcu,8662.0
291,0,jFmPCmzM,AjJCgCBk,151.0
291,0,fkZFUNSd,jFmPCmzM,170.0
291,0,cttUtMNm,fkZFUNSd,452.0
291,0,wHfmVQMh,cttUtMNm,452.0
291,0,mdGitRQe,wHfmVQMh,453.0
250,0,HpfZbCVA,dCWftKsk,4540.0
250,0,glDvUhXc,HpfZbCVA,4540.0
250,0,FhKkSAFH,glDvUhXc,4528.0
250,0,taPJzyhF,FhKkSAFH,4528.0
1568,0,eKMWhxRF,lqMPnIra,1712.0
1568,0,pRsoSsPh,eKMWhxRF,2373.0
1263,0,PywYzQHY,zijvldJJ,117.0
1623,0,iSMSiXHg,GYenbKMg,1352.0
14,0,nCsqpnJo,owFNQNZv,4505.0
14,0,gnmwaIOJ,nCsqpnJo,4505.0
14,0,pygvGZaF,gnmwaIOJ,4505.0
14,0,bsQVAuyn,pygvGZaF,4505.0
14,0,VTHwomVj,bsQVAuyn,3750.0
14,0,VbpBVdde,VTHwomVj,4384.0
14,0,ocwJSpah,VbpBVdde,4021.0
14,0,CheNYOmP,ocwJSpah,5776.0
14,0,xYUjBvzT,CheNYOmP,6837.0
14,0,JXJZtHSD,xYUjBvzT,6837.0
14,0,owqgejgM,JXJZtHSD,2978.0
1643,0,OQuuHQtW,yQTlxjhE,398.0
1643,0,BZfkJyvP,OQuuHQtW,398.0
1643,0,pdLPgMHo,BZfkJyvP,398.0
1643,0,nCsqpnJo,pdLPgMHo,398.0
1643,0,gnmwaIOJ,nCsqpnJo,398.0
1643,0,pygvGZaF,gnmwaIOJ,397.0
1643,0,bsQVAuyn,pygvGZaF,397.0
1643,0,VTHwomVj,bsQVAuyn,397.0
1665,0,aTlqsXfd,iezkylgj,3710.0
1665,0,bSoWRArq,aTlqsXfd,3710.0
1665,0,RZSdunHk,bSoWRArq,3710.0
1665,0,wggFpXDl,RZSdunHk,3679.0
1665,0,PFPLEnYs,wggFpXDl,3679.0
1665,0,mkJuKiBe,PFPLEnYs,2227.0
1665,0,NioHjTzW,VcqDmTtv,3572.0
1665,0,iezkylgj,NioHjTzW,3572.0
1665,0,paIawFeA,nIakFMcq,1861.0
1665,0,VcqDmTtv,paIawFeA,1946.0
1178,0,VFLsoIHD,NmJVuAxS,5888.0
1178,0,xqQnPHkt,cNWTidvb,5053.0
1178,0,IfTbUocE,xqQnPHkt,4723.0
1178,0,OgnAStiZ,IfTbUocE,5704.0
1178,0,NmJVuAxS,OgnAStiZ,5704.0
1190,0,bpTBwobH,InEujKOO,1558.0
1190,0,mSsugdoq,bpTBwobH,1559.0
1190,0,GOFcQtxc,mSsugdoq,1568.0
1190,0,CtbKcCWS,GOFcQtxc,1427.0
1190,0,tLfbIJdr,CtbKcCWS,1427.0
1190,0,NosTVaAF,tLfbIJdr,1954.0
1190,0,CZBrBkrq,NosTVaAF,1954.0
1190,0,DZOaDIuU,CZBrBkrq,1867.0
1190,0,djdidyfJ,DZOaDIuU,1675.0
1190,0,jnDfAorM,djdidyfJ,1660.0
1325,0,fgAPkwgD,TPescrDz,2.0
1593,0,uVXvGyfL,ciAbSxQX,5.0
1593,0,CwLKTicL,uVXvGyfL,5.0
320,0,QPoJLiJK,lqMPnIra,184.0
320,0,udvGqqIc,QPoJLiJK,184.0
320,0,FFlVogkV,udvGqqIc,184.0
204,0,zCyzbjXU,lOtREfVG,288.0
204,0,SDiGilLw,zCyzbjXU,288.0
147,0,lOtREfVG,AmahvgQB,81.0
147,0,zCyzbjXU,lOtREfVG,44.0
147,0,SDiGilLw,zCyzbjXU,44.0
1141,0,vSdfqYeK,QdnKSSsO,431.0
1141,0,AmahvgQB,vSdfqYeK,431.0
318,0,zCyzbjXU,lOtREfVG,510.0
318,0,SDiGilLw,zCyzbjXU,510.0
1106,0,xiCfcAgb,mdGitRQe,1305.0
291,0,AjJCgCBk,nrKKniYe,113.0
291,0,QHFmFyLR,EkWBPXmr,54.0
291,0,neNWquOh,QHFmFyLR,54.0
291,0,KwaxxmSs,neNWquOh,54.0
291,0,GnsXgGJX,KwaxxmSs,54.0
291,0,VjdckTjW,GnsXgGJX,59.0
291,0,aUPouXsN,VjdckTjW,59.0
291,0,SlfNpref,aUPouXsN,59.0
291,0,nrKKniYe,SlfNpref,59.0
1549,0,pPqywgRl,yprCGtVa,9.0
1549,0,HGjkimBc,pPqywgRl,9.0
1549,0,lqMPnIra,HGjkimBc,14.0
1549,0,eKMWhxRF,lqMPnIra,14.0
1549,0,PKfyrIVb,eKMWhxRF,14.0
1549,0,uGNDunGF,PKfyrIVb,14.0
1317,0,xiCfcAgb,AszcEtOu,3551.0
52,0,FZsFzszJ,gzTQJVMW,658.0
52,0,ALhaazBT,FZsFzszJ,693.0
52,0,ZijVddwt,ALhaazBT,693.0
52,0,gzTQJVMW,RVEyrwjR,589.0
1618,0,VWoPhHkb,rWJbJwsc,1073.0
1618,0,AVJtqaBS,VWoPhHkb,1073.0
1618,0,xeuxxNBT,AVJtqaBS,1073.0
1618,0,bOMXeuCa,xeuxxNBT,1073.0
1618,0,kltlGPhk,bOMXeuCa,1070.0
51,0,ZijVddwt,ALhaazBT,388.0
51,0,oiYuCTCe,ZijVddwt,388.0
51,0,SwLVnWPq,oiYuCTCe,24.0
51,0,xQSKBJml,SwLVnWPq,24.0
51,0,eXTjiXiW,xQSKBJml,24.0
51,0,UUCrlfWg,eXTjiXiW,24.0
51,0,YULSfngF,UUCrlfWg,24.0
51,0,ozuppJDT,YULSfngF,24.0
51,0,xGsoSfhX,ozuppJDT,24.0
1053,0,BlnSxBAr,KcvPUxQg,4.0
1053,0,TCBUGaZf,BlnSxBAr,4.0
1141,0,lOtREfVG,AmahvgQB,396.0
1141,0,SMhobJmy,lOtREfVG,396.0
318,0,tpTDqbZI,SgGmeaHk,1.0
318,0,hhrNEaMZ,tpTDqbZI,1.0
318,0,BeiMHrtx,hhrNEaMZ,1.0
318,0,sZwmfbNt,BeiMHrtx,1.0
215,0,JVRJClPS,cmBFyxQG,23.0
356,0,PKHBWIBu,nTVsVrjG,872.0
356,0,ICtDTIBO,PKHBWIBu,872.0
590,0,LVcdwgEp,ubzklVlS,3959.0
590,0,yLFlKjKg,LVcdwgEp,4004.0
705,0,qdrjbHYS,ozAxYCwR,126.0
705,0,awOEKaEj,qdrjbHYS,337.0
705,0,fFHpEWYG,awOEKaEj,340.0
705,0,jOxyxYyy,fFHpEWYG,764.0
705,0,gGlRqksC,jOxyxYyy,764.0
705,0,GRRjUQxz,gGlRqksC,764.0
705,0,MlQcmexA,GRRjUQxz,764.0
705,0,RHWjHSWx,MlQcmexA,795.0
705,0,VpmqCJUB,RHWjHSWx,884.0
705,0,EvIZgaUF,VpmqCJUB,884.0
705,0,mGgwEHaG,EvIZgaUF,893.0
705,0,DWuGRWkF,mGgwEHaG,907.0
705,0,ryMrZCSE,DWuGRWkF,910.0
705,0,fRxWIrbs,ryMrZCSE,1260.0
705,0,sKbmdUEJ,fRxWIrbs,1265.0
705,0,zWeVnnxO,sKbmdUEJ,1265.0
705,0,kXofjcRp,zWeVnnxO,1265.0
705,0,mCHzTQKa,kXofjcRp,1472.0
705,0,NJSgWoOc,mCHzTQKa,1513.0
705,0,RIpTuvwk,NJSgWoOc,1513.0
705,0,ubzklVlS,RIpTuvwk,1577.0
705,0,LVcdwgEp,ubzklVlS,1885.0
705,0,yLFlKjKg,LVcdwgEp,1885.0
1258,0,AszcEtOu,BpAiVnps,3269.0
1258,0,TCqyxHhF,AszcEtOu,3413.0
1258,0,TcEVvOUM,TCqyxHhF,3506.0
1258,0,qGnNRXVR,TcEVvOUM,3527.0
1258,0,yLFlKjKg,qGnNRXVR,3676.0
14,0,SOBUilCD,mdGitRQe,4474.0
14,0,xiCfcAgb,SOBUilCD,4474.0
14,0,RjtzWJgw,xiCfcAgb,4472.0
1106,0,RjtzWJgw,xiCfcAgb,1263.0
1374,0,cJinKFJn,XCZfXGna,726.0
463,0,uaQvVFAB,taPJzyhF,6466.0
1618,0,eKMWhxRF,lqMPnIra,223.0
1618,0,pRsoSsPh,eKMWhxRF,224.0
1618,0,pUxrqkbR,pRsoSsPh,224.0
1618,0,GmRorurF,pUxrqkbR,224.0
1618,0,rWJbJwsc,GmRorurF,224.0
14,0,owFNQNZv,RjtzWJgw,4504.0
874,0,nzTRQfUi,MklhhYCQ,2.0
874,0,nhSXMXjw,nzTRQfUi,2.0
874,0,kjxfKqbD,nhSXMXjw,2.0
590,0,RYTcAdhr,yLFlKjKg,1535.0
1644,0,SwLVnWPq,oiYuCTCe,556.0
1644,0,xQSKBJml,SwLVnWPq,556.0
1644,0,eXTjiXiW,xQSKBJml,556.0
1644,0,UUCrlfWg,eXTjiXiW,556.0
1644,0,lTvueOix,UUCrlfWg,556.0
1644,0,KrfyXGJm,lTvueOix,556.0
1644,0,HsdaZYKr,KrfyXGJm,556.0
1644,0,yDdeWpqj,HsdaZYKr,556.0
1644,0,cCSIoIah,yDdeWpqj,399.0
1644,0,ynnETaim,cCSIoIah,417.0
1644,0,EZJUvtOp,ynnETaim,417.0
1644,0,QIvHsQls,EZJUvtOp,417.0
1644,0,KoIfkWfm,QIvHsQls,417.0
1644,0,AoxuCYmM,KoIfkWfm,417.0
764,0,rpRStibJ,rAXDXBKw,1.0
764,0,BSXQVxvJ,rpRStibJ,1.0
764,0,hPReecFP,BSXQVxvJ,1.0
148,0,ggaXnTUz,mBSaKJib,112.0
148,0,zJsEFgSs,ggaXnTUz,112.0
148,0,exgtgIgV,zJsEFgSs,112.0
148,0,CvtLjMFW,exgtgIgV,112.0
148,0,vSdfqYeK,CvtLjMFW,112.0
148,0,AmahvgQB,vSdfqYeK,112.0
148,0,lOtREfVG,AmahvgQB,112.0
148,0,zCyzbjXU,lOtREfVG,112.0
148,0,SDiGilLw,zCyzbjXU,112.0
148,0,qQrteapK,SDiGilLw,112.0
148,0,blTjmaLj,qQrteapK,112.0
148,0,FXLsUIQr,blTjmaLj,112.0
148,0,fQmxveIO,FXLsUIQr,112.0
148,0,DRTLnTnI,fQmxveIO,112.0
148,0,pRsoSsPh,DRTLnTnI,112.0
148,0,pUxrqkbR,pRsoSsPh,112.0
148,0,GmRorurF,pUxrqkbR,52.0
148,0,rWJbJwsc,GmRorurF,52.0
148,0,uuIZngLh,rWJbJwsc,38.0
148,0,gHWJyJxY,uuIZngLh,38.0
1613,0,mSXRukCc,kjxfKqbD,1.0
590,0,VmCBWvEb,RYTcAdhr,1705.0
590,0,XDkzDtUZ,VmCBWvEb,1705.0
590,0,BYVXItej,XDkzDtUZ,1705.0
1644,0,xyEkzzzh,AoxuCYmM,312.0
1644,0,EzivGHuE,xyEkzzzh,312.0
1644,0,MKwfjOZk,EzivGHuE,312.0
1644,0,jUhOGaww,MKwfjOZk,312.0
1644,0,CZhqrbpp,jUhOGaww,312.0
1644,0,PaniFwRg,CZhqrbpp,312.0
1644,0,BYVXItej,PaniFwRg,312.0
1697,0,mWmEvZTH,ijSxrWBJ,38.0
1697,0,kMLkbKUX,mWmEvZTH,38.0
1697,0,REXhdYUf,kMLkbKUX,38.0
1697,0,ynGLeAnq,REXhdYUf,38.0
1697,0,xAsZAVUQ,ynGLeAnq,38.0
1697,0,dJOjnHRJ,xAsZAVUQ,38.0
1697,0,rQPeTBQp,dJOjnHRJ,38.0
1697,0,gheqVjAb,rQPeTBQp,38.0
1697,0,JrRIRrmn,gheqVjAb,38.0
1374,0,lOxXZcFl,cJinKFJn,718.0
1374,0,dxlyVRvH,lOxXZcFl,718.0
1141,0,ZdIQslRD,SMhobJmy,129.0
1141,0,noVetmot,ZdIQslRD,129.0
1141,0,MGitFLID,noVetmot,129.0
1141,0,kYpOneyC,MGitFLID,129.0
1666,0,CdwVKoMQ,swKAFNcH,3504.0
1666,0,VXVgVTNc,CdwVKoMQ,3504.0
1646,0,rFdYeguL,KQSHMGnw,184.0
1646,0,zSOBHhoP,rFdYeguL,184.0
1646,0,qBoqSZqr,zSOBHhoP,184.0
1646,0,yeapPLlD,qBoqSZqr,184.0
1646,0,TvGyfQSI,yeapPLlD,208.0
1646,0,ShCqTXMl,TvGyfQSI,414.0
1646,0,xRJArdDK,ShCqTXMl,434.0
1646,0,zRaNzOkn,xRJArdDK,434.0
215,0,ZZUoaXbF,JVRJClPS,17.0
1593,0,sFyIuMsY,skXWrZzT,18.0
1593,0,JGXXNLkS,sFyIuMsY,18.0
1593,0,PFRWWlNS,JGXXNLkS,18.0
1379,0,pKTlpooZ,voXQjjKh,1481.0
1379,0,VcqDmTtv,pKTlpooZ,1481.0
1379,0,NioHjTzW,VcqDmTtv,740.0
1379,0,XGJiqzLW,NioHjTzW,740.0
1666,0,VbpBVdde,VTHwomVj,727.0
1666,0,swKAFNcH,VbpBVdde,1290.0
705,0,isWzWnoW,yLFlKjKg,1762.0
705,0,fcSUqaEW,isWzWnoW,1762.0
705,0,YJykDsrc,fcSUqaEW,1762.0
1183,0,VcqDmTtv,nIakFMcq,4.0
1183,0,NioHjTzW,VcqDmTtv,4.0
1183,0,XGJiqzLW,NioHjTzW,4.0
463,0,WIZPpGvl,MnTeelLR,8555.0
1700,0,eooROOMz,ukWnzNPU,36.0
1646,0,IMTItMKU,zRaNzOkn,274.0
245,0,wRBXcbqq,WhRBEXGR,6.0
245,0,XXYtSQEl,wRBXcbqq,6.0
245,0,MklhhYCQ,XXYtSQEl,6.0
245,0,MnTeelLR,MklhhYCQ,6.0
245,0,XnPpfSyF,MnTeelLR,6.0
245,0,otuYkIZd,XnPpfSyF,6.0
245,0,rSdxnGDj,otuYkIZd,6.0
96,0,RVGhYAxc,xGsoSfhX,113.0
96,0,BpAiVnps,RVGhYAxc,113.0
96,0,LKVeVUNI,BpAiVnps,113.0
96,0,dbPZeeiE,LKVeVUNI,113.0
96,0,CsDsDrdU,dbPZeeiE,113.0
96,0,rJRvqICk,CsDsDrdU,113.0
96,0,AmahvgQB,rJRvqICk,113.0
96,0,aYSqaQmJ,AmahvgQB,113.0
96,0,zgCGmKZn,aYSqaQmJ,113.0
96,0,JKFFGKvY,zgCGmKZn,113.0
96,0,EVAUYvVR,JKFFGKvY,113.0
96,0,GYfZYaJh,EVAUYvVR,113.0
96,0,OpgRCgWV,GYfZYaJh,113.0
1537,0,GnVcDFUF,LASpLrUw,36.0
1106,0,owFNQNZv,RjtzWJgw,1260.0
1106,0,nCsqpnJo,owFNQNZv,1260.0
1106,0,gnmwaIOJ,nCsqpnJo,1260.0
1106,0,pygvGZaF,gnmwaIOJ,1260.0
1106,0,bsQVAuyn,pygvGZaF,1260.0
1661,0,xiCfcAgb,AszcEtOu,202.0
1661,0,owFNQNZv,xiCfcAgb,242.0
1661,0,lTvueOix,owFNQNZv,242.0
1661,0,KrfyXGJm,lTvueOix,242.0
1661,0,HsdaZYKr,KrfyXGJm,242.0
1661,0,yDdeWpqj,HsdaZYKr,242.0
1661,0,TgYrKMTh,yDdeWpqj,242.0
1661,0,HMMQvpHF,TgYrKMTh,242.0
1661,0,iPwZOomy,HMMQvpHF,242.0
1661,0,ZevQgZaz,iPwZOomy,242.0
1661,0,xSynUqPV,ZevQgZaz,460.0
1661,0,AszcEtOu,BpAiVnps,97.0
1317,0,owFNQNZv,xiCfcAgb,3892.0
1317,0,nCsqpnJo,owFNQNZv,3892.0
1317,0,gnmwaIOJ,nCsqpnJo,3892.0
1317,0,pygvGZaF,gnmwaIOJ,3892.0
1317,0,VTHwomVj,pygvGZaF,3892.0
705,0,YpVxAvQG,YJykDsrc,979.0
705,0,RinxBkUZ,YpVxAvQG,978.0
705,0,LhgNVAOU,RinxBkUZ,964.0
705,0,SOVcCDqR,LhgNVAOU,683.0
705,0,QpprBOSr,SOVcCDqR,683.0
1703,0,KdjrLWjn,QpprBOSr,162.0
1703,0,AkOiWGvq,KdjrLWjn,174.0
1703,0,iykVulcc,AkOiWGvq,174.0
1703,0,VyxPahNP,iykVulcc,174.0
1703,0,LnANnMXh,VyxPahNP,174.0
1703,0,hUPYukZe,LnANnMXh,174.0
1703,0,uSOMnpdQ,hUPYukZe,214.0
1704,0,RYTcAdhr,yLFlKjKg,41.0
1704,0,VmCBWvEb,RYTcAdhr,41.0
1704,0,pfLNjHVV,VmCBWvEb,41.0
1704,0,qzPLXpkx,pfLNjHVV,41.0
1704,0,zhMspDRK,qzPLXpkx,41.0
1704,0,yjLBxira,zhMspDRK,41.0
1704,0,BYVXItej,yjLBxira,41.0
1704,0,vfbdLzPe,BYVXItej,41.0
1704,0,LpqOzfFt,vfbdLzPe,41.0
1704,0,pxIybRUN,LpqOzfFt,41.0
1704,0,jcIgNgIp,pxIybRUN,41.0
1677,0,eTnittuK,yQQuLFAg,16.0
1677,0,KdjrLWjn,eTnittuK,16.0
1677,0,AkOiWGvq,KdjrLWjn,16.0
1677,0,iykVulcc,AkOiWGvq,8.0
1677,0,YwUcqICt,iykVulcc,8.0
1677,0,kSdFeEek,YwUcqICt,8.0
1677,0,FwmrbmrQ,kSdFeEek,3.0
1677,0,uSOMnpdQ,FwmrbmrQ,3.0
1677,0,oajqUPaH,bPMnvhIP,6.0
51,0,XLVjRryq,NxbXiMUL,79.0
51,0,RVEyrwjR,XLVjRryq,79.0
51,0,gzTQJVMW,RVEyrwjR,79.0
51,0,FZsFzszJ,gzTQJVMW,79.0
51,0,ALhaazBT,FZsFzszJ,79.0
51,0,vDFCntfg,YvwuVYMF,10.0
51,0,NxbXiMUL,vDFCntfg,10.0
97,0,ysSWNERo,jFRqfnFl,89.0
97,0,lEwLedpG,ysSWNERo,89.0
97,0,lQIpGOTn,lEwLedpG,122.0
97,0,uhUmvvRs,lQIpGOTn,122.0
97,0,svgtEcQx,uhUmvvRs,123.0
97,0,HcPkwFHM,svgtEcQx,123.0
97,0,KjuJaNsu,HcPkwFHM,123.0
97,0,oNyGHMvy,KjuJaNsu,123.0
97,0,QdnKSSsO,oNyGHMvy,123.0
97,0,vSdfqYeK,QdnKSSsO,123.0
97,0,wDpyEsxh,vSdfqYeK,123.0
97,0,jIerKxIb,wDpyEsxh,123.0
97,0,IubGYoNi,jIerKxIb,123.0
97,0,fmQEzQWV,IubGYoNi,123.0
97,0,BpAiVnps,fmQEzQWV,123.0
97,0,AszcEtOu,BpAiVnps,123.0
97,0,xiCfcAgb,AszcEtOu,123.0
97,0,RjtzWJgw,xiCfcAgb,48.0
97,0,owFNQNZv,RjtzWJgw,48.0
97,0,nCsqpnJo,owFNQNZv,48.0
97,0,gnmwaIOJ,nCsqpnJo,48.0
97,0,pygvGZaF,gnmwaIOJ,48.0
97,0,bsQVAuyn,pygvGZaF,48.0
1664,0,WyfCQhSW,ogOCBKAf,439.0
1664,0,RBBxesxu,WyfCQhSW,442.0
1664,0,dJJmWSZi,RBBxesxu,442.0
1664,0,JNybvbry,dJJmWSZi,442.0
1664,0,pKQmWfSR,JNybvbry,442.0
1664,0,AFMSRepx,pKQmWfSR,802.0
1664,0,WEgiiGlQ,AFMSRepx,849.0
1664,0,sLYsFXAH,WEgiiGlQ,849.0
1664,0,WjKdBsVK,sLYsFXAH,849.0
1664,0,STKMtPtJ,WjKdBsVK,849.0
1664,0,MyVorJBj,STKMtPtJ,849.0
1664,0,AayEawbi,MyVorJBj,849.0
1664,0,ymtXIyVJ,AayEawbi,953.0
1049,0,dfrJZjmW,NjRgIRup,321.0
1049,0,AFcMAvOI,dfrJZjmW,349.0
1049,0,jUExBSiR,AFcMAvOI,349.0
1049,0,vPrJwoLq,jUExBSiR,349.0
1049,0,aHDoehBY,vPrJwoLq,349.0
1049,0,TgdVKieU,aHDoehBY,415.0
1049,0,DexqYjKS,TgdVKieU,415.0
1049,0,wuDdaesk,DexqYjKS,441.0
1184,0,SOVcCDqR,LhgNVAOU,18.0
1184,0,QpprBOSr,SOVcCDqR,18.0
1184,0,Plxavose,QpprBOSr,22.0
1184,0,xqQnPHkt,Plxavose,22.0
1184,0,IfTbUocE,xqQnPHkt,22.0
1184,0,OgnAStiZ,IfTbUocE,22.0
1184,0,NmJVuAxS,OgnAStiZ,22.0
1184,0,GwjQuetc,NmJVuAxS,124.0
1184,0,vXwparSo,GwjQuetc,126.0
1184,0,eoIplMjv,vXwparSo,126.0
1141,0,SNVRXPiu,ZrWksDco,5.0
1141,0,NzFpkpXH,SNVRXPiu,5.0
1141,0,EVcIyerQ,NzFpkpXH,5.0
1141,0,dEEWjOTq,EVcIyerQ,5.0
1141,0,UlOflIKh,dEEWjOTq,5.0
1141,0,cHhWsWUg,UlOflIKh,5.0
1141,0,nPkrzCty,cHhWsWUg,5.0
1325,0,paIawFeA,nIakFMcq,333.0
1325,0,tYTpUUxD,paIawFeA,643.0
1643,0,zciPUDzN,RfgTYnKH,202.0
1643,0,jHHlfIjj,zciPUDzN,202.0
1643,0,FDNEUies,jHHlfIjj,202.0
1643,0,MRNmFwSk,FDNEUies,202.0
1643,0,FYonLsVT,MRNmFwSk,202.0
1643,0,yQTlxjhE,FYonLsVT,202.0
1643,0,xreoFKjO,BYVXItej,118.0
1643,0,vfbdLzPe,xreoFKjO,118.0
1643,0,LpqOzfFt,vfbdLzPe,118.0
1643,0,cmkMoJCe,LpqOzfFt,118.0
1643,0,SgSmBRUr,cmkMoJCe,118.0
1643,0,IQleWbDf,SgSmBRUr,118.0
1643,0,RfgTYnKH,IQleWbDf,118.0
705,0,Plxavose,QpprBOSr,460.0
705,0,iMjvswBX,Plxavose,20.0
1258,0,YpVxAvQG,YJykDsrc,1658.0
1258,0,RinxBkUZ,YpVxAvQG,1658.0
1258,0,LhgNVAOU,RinxBkUZ,1657.0
1258,0,bPdCVhrp,LhgNVAOU,1180.0
1258,0,SOVcCDqR,bPdCVhrp,1180.0
1258,0,FYhykdTj,SOVcCDqR,1180.0
1258,0,QpprBOSr,FYhykdTj,1118.0
1258,0,Plxavose,QpprBOSr,439.0
1206,0,ubFzksan,tYTpUUxD,198.0
1206,0,RinxBkUZ,ubFzksan,198.0
1206,0,LhgNVAOU,RinxBkUZ,198.0
1206,0,bPdCVhrp,LhgNVAOU,201.0
1206,0,SOVcCDqR,bPdCVhrp,201.0
1206,0,FYhykdTj,SOVcCDqR,201.0
1206,0,QpprBOSr,FYhykdTj,199.0
1206,0,Plxavose,QpprBOSr,59.0
1023,0,sgwCzsMk,AwPzPEra,570.0
1023,0,WJvaarbI,sgwCzsMk,572.0
1023,0,JzVUaFrl,WJvaarbI,572.0
1700,0,oPeQOpNY,zKlIayrT,8.0
1700,0,LurFzbrs,oPeQOpNY,8.0
1700,0,ukWnzNPU,LurFzbrs,8.0
1408,0,irunVpff,sPOOXkzZ,421.0
1408,0,NMFCXTQH,irunVpff,420.0
1408,0,wXyAETzh,NMFCXTQH,420.0
1408,0,rmmCKKeS,wXyAETzh,420.0
1408,0,VtPnVtjF,rmmCKKeS,420.0
1408,0,DKWSfiEo,VtPnVtjF,420.0
1408,0,CHKZpApa,DKWSfiEo,177.0
1408,0,YvLuczKe,CHKZpApa,177.0
1408,0,cThdGxLv,YvLuczKe,180.0
1106,0,VTHwomVj,bsQVAuyn,998.0
1106,0,VbpBVdde,VTHwomVj,998.0
546,0,ZgqhsueA,eyUKPfnA,1.0
546,0,YvwuVYMF,ZgqhsueA,1.0
546,0,FZsFzszJ,YvwuVYMF,1.0
546,0,ALhaazBT,FZsFzszJ,1.0
546,0,ZijVddwt,ALhaazBT,1.0
1671,0,ihoYGoHN,IAWSKEHF,1.0
1671,0,kpWRWDUl,ihoYGoHN,2.0
1671,0,leVkrEcC,kpWRWDUl,2.0
1671,0,wgFmWmqT,leVkrEcC,2.0
1671,0,XTnubosJ,wgFmWmqT,2.0
1671,0,CcjcuryA,XTnubosJ,2.0
1671,0,FStgRiBS,CcjcuryA,2.0
1671,0,GkYZbgqg,FStgRiBS,2.0
1671,0,FlYjxOxQ,GkYZbgqg,2.0
1671,0,wFSILCzc,FlYjxOxQ,2.0
1671,0,yQQuLFAg,wFSILCzc,2.0
1671,0,eTnittuK,yQQuLFAg,1.0
1671,0,AkOiWGvq,eTnittuK,1.0
1325,0,cOiBEGlK,tYTpUUxD,896.0
1325,0,RinxBkUZ,cOiBEGlK,896.0
1325,0,LhgNVAOU,RinxBkUZ,869.0
1317,0,buRRNGGe,CheNYOmP,4143.0
1317,0,nChZnrmr,buRRNGGe,4136.0
1317,0,RSRIdzBF,nChZnrmr,4136.0
1317,0,rcsEeYnc,RSRIdzBF,4136.0
1317,0,jnDfAorM,rcsEeYnc,4136.0
50,0,AszcEtOu,BpAiVnps,166.0
1305,0,QpprBOSr,SOVcCDqR,1388.0
1325,0,uijbLdHW,LhgNVAOU,1855.0
1325,0,LjyXiIAT,uijbLdHW,1860.0
1325,0,InEujKOO,LjyXiIAT,1860.0
1190,0,yLFlKjKg,LVcdwgEp,817.0
1190,0,isWzWnoW,yLFlKjKg,1043.0
1190,0,fcSUqaEW,isWzWnoW,1043.0
1190,0,YJykDsrc,fcSUqaEW,1043.0
1190,0,YpVxAvQG,YJykDsrc,1351.0
1190,0,RinxBkUZ,YpVxAvQG,1367.0
1190,0,LhgNVAOU,RinxBkUZ,1367.0
1190,0,uijbLdHW,LhgNVAOU,2388.0
1190,0,LjyXiIAT,uijbLdHW,2437.0
1190,0,InEujKOO,LjyXiIAT,2437.0
705,0,CpULuhdq,iMjvswBX,19.0
705,0,tJbXQuOE,CpULuhdq,19.0
1325,0,DgFFenGX,InEujKOO,805.0
96,0,ntDOQspU,OpgRCgWV,112.0
96,0,AXkvSZpr,ntDOQspU,112.0
96,0,MlqbsUKu,AXkvSZpr,85.0
96,0,jaCrAUFK,MlqbsUKu,85.0
96,0,EKYbCcms,jaCrAUFK,69.0
96,0,OyAyNkqZ,EKYbCcms,69.0
96,0,XiXLaJEL,OyAyNkqZ,69.0
1253,0,rckblBTM,rUKSlFeh,14.0
1253,0,zjjLSYAp,rckblBTM,14.0
1253,0,wrsPDGBQ,zjjLSYAp,14.0
1253,0,UtwZFZsx,wrsPDGBQ,14.0
1253,0,QsteKrle,UtwZFZsx,14.0
1253,0,XMWgellz,QsteKrle,14.0
1253,0,EmkugZPX,XMWgellz,14.0
1253,0,YtrqvWdf,EmkugZPX,14.0
1253,0,RVGhYAxc,YtrqvWdf,14.0
1253,0,BpAiVnps,RVGhYAxc,14.0
1253,0,LKVeVUNI,BpAiVnps,14.0
1253,0,dbPZeeiE,LKVeVUNI,14.0
1253,0,CsDsDrdU,dbPZeeiE,14.0
1253,0,rJRvqICk,CsDsDrdU,14.0
1253,0,AmahvgQB,rJRvqICk,14.0
1253,0,aYSqaQmJ,AmahvgQB,14.0
1253,0,zgCGmKZn,aYSqaQmJ,14.0
1253,0,EVAUYvVR,zgCGmKZn,14.0
1253,0,GYfZYaJh,EVAUYvVR,14.0
1253,0,OpgRCgWV,GYfZYaJh,14.0
1253,0,sUYaNmKG,OpgRCgWV,14.0
1253,0,ntDOQspU,sUYaNmKG,14.0
1253,0,AXkvSZpr,ntDOQspU,14.0
1253,0,MlqbsUKu,AXkvSZpr,14.0
1253,0,jaCrAUFK,MlqbsUKu,14.0
1253,0,oynLwMrX,jaCrAUFK,14.0
1253,0,EKYbCcms,oynLwMrX,14.0
1253,0,cIQOVqQI,EKYbCcms,14.0
1253,0,OyAyNkqZ,cIQOVqQI,14.0
1253,0,XiXLaJEL,OyAyNkqZ,14.0
635,0,QpprBOSr,SOVcCDqR,469.0
226,0,QpprBOSr,SOVcCDqR,204.0
1699,0,paIawFeA,nIakFMcq,19.0
1699,0,VcqDmTtv,paIawFeA,20.0
1699,0,bSoWRArq,VcqDmTtv,26.0
1699,0,RZSdunHk,bSoWRArq,26.0
1699,0,wggFpXDl,RZSdunHk,26.0
1699,0,PFPLEnYs,wggFpXDl,26.0
1699,0,WjJrQPKY,PFPLEnYs,26.0
1699,0,OFDSKCGJ,WjJrQPKY,29.0
1699,0,ZVaTNlgO,OFDSKCGJ,35.0
1699,0,mJMjzUfK,ZVaTNlgO,35.0
96,0,xQSKBJml,SwLVnWPq,43.0
96,0,eXTjiXiW,xQSKBJml,43.0
96,0,UUCrlfWg,eXTjiXiW,43.0
96,0,YULSfngF,UUCrlfWg,43.0
96,0,ozuppJDT,YULSfngF,43.0
96,0,xGsoSfhX,ozuppJDT,43.0
1190,0,ubzklVlS,RIpTuvwk,47.0
1190,0,LVcdwgEp,ubzklVlS,54.0
1325,0,mSsugdoq,DgFFenGX,762.0
1190,0,RIpTuvwk,KQSHMGnw,19.0
1317,0,HhzNhCIb,VTHwomVj,2442.0
1317,0,VbpBVdde,HhzNhCIb,2442.0
1317,0,ocwJSpah,VbpBVdde,2442.0
1317,0,CheNYOmP,ocwJSpah,2653.0
250,0,uaQvVFAB,taPJzyhF,4509.0
250,0,MnTeelLR,uaQvVFAB,4493.0
866,0,YcrsfAeA,qOuhMtTj,1605.0
866,0,PxQNjmHA,YcrsfAeA,1808.0
866,0,AGvhWyhD,PxQNjmHA,1808.0
866,0,CSzsuVOH,gGjwcdJB,889.0
866,0,aUZoPZMc,CSzsuVOH,889.0
866,0,xOhGqygU,aUZoPZMc,889.0
866,0,qOuhMtTj,xOhGqygU,898.0
1699,0,TzOVcXdr,mJMjzUfK,28.0
1700,0,hPbxQISN,jnDfAorM,3.0
1700,0,zKlIayrT,hPbxQISN,3.0
1106,0,ocwJSpah,VbpBVdde,798.0
1106,0,CheNYOmP,ocwJSpah,798.0
725,0,uaQvVFAB,taPJzyhF,821.0
725,0,MnTeelLR,uaQvVFAB,821.0
1498,0,svgtEcQx,mnkgCFDT,227.0
1498,0,HcPkwFHM,svgtEcQx,228.0
1498,0,KjuJaNsu,HcPkwFHM,228.0
1498,0,QdnKSSsO,KjuJaNsu,247.0
1498,0,vSdfqYeK,QdnKSSsO,255.0
1498,0,wDpyEsxh,vSdfqYeK,255.0
1498,0,jIerKxIb,wDpyEsxh,255.0
1498,0,IubGYoNi,jIerKxIb,255.0
1498,0,fmQEzQWV,IubGYoNi,265.0
1498,0,BpAiVnps,fmQEzQWV,292.0
1498,0,AszcEtOu,BpAiVnps,470.0
1498,0,TCqyxHhF,AszcEtOu,575.0
1498,0,TcEVvOUM,TCqyxHhF,575.0
1498,0,qGnNRXVR,TcEVvOUM,575.0
1498,0,yLFlKjKg,qGnNRXVR,600.0
1498,0,RYTcAdhr,yLFlKjKg,976.0
1498,0,EzivGHuE,RYTcAdhr,976.0
1498,0,isWzWnoW,EzivGHuE,976.0
1498,0,fcSUqaEW,isWzWnoW,976.0
1498,0,YJykDsrc,fcSUqaEW,976.0
1498,0,YpVxAvQG,YJykDsrc,1455.0
1498,0,RinxBkUZ,YpVxAvQG,1471.0
1498,0,LhgNVAOU,RinxBkUZ,1479.0
1498,0,bPdCVhrp,LhgNVAOU,1742.0
1498,0,SOVcCDqR,bPdCVhrp,1760.0
1498,0,FYhykdTj,SOVcCDqR,1760.0
1498,0,QpprBOSr,FYhykdTj,1760.0
1498,0,Plxavose,QpprBOSr,2342.0
1498,0,xqQnPHkt,Plxavose,2357.0
1498,0,IfTbUocE,xqQnPHkt,2710.0
1498,0,JcXDDijg,IfTbUocE,3572.0
1498,0,jUsnmWea,JcXDDijg,3572.0
1498,0,EaDTtGYp,jUsnmWea,3572.0
1221,0,MnTeelLR,MklhhYCQ,4481.0
1221,0,WIZPpGvl,MnTeelLR,4481.0
1498,0,BJjcRhiE,EaDTtGYp,3547.0
1695,0,SsTrbdxo,UgzfanVk,162.0
1695,0,wGMdZeqa,SsTrbdxo,162.0
1695,0,yYFXObAF,wGMdZeqa,162.0
1695,0,xMwzCIXQ,yYFXObAF,162.0
1695,0,NmRushck,xMwzCIXQ,284.0
1695,0,JLvNOQnl,NmRushck,293.0
1325,0,jSFFeqWE,mSsugdoq,623.0
1325,0,SPymtbHS,jSFFeqWE,623.0
1325,0,uERHVBdu,SPymtbHS,623.0
1325,0,yWkNHrCP,uERHVBdu,623.0
1325,0,UyunGRcj,yWkNHrCP,595.0
1325,0,FhiUibmP,UyunGRcj,595.0
1184,0,kueIUJls,XGJiqzLW,5.0
1184,0,OVaoEscJ,kueIUJls,5.0
1184,0,BMprcpdo,OVaoEscJ,5.0
1184,0,YpVxAvQG,BMprcpdo,7.0
1184,0,RinxBkUZ,YpVxAvQG,7.0
1184,0,LhgNVAOU,RinxBkUZ,7.0
535,0,agMXkLfj,ixhHdGBo,53.0
1342,0,uijbLdHW,LhgNVAOU,126.0
1342,0,LjyXiIAT,uijbLdHW,126.0
1342,0,InEujKOO,LjyXiIAT,126.0
1342,0,mSsugdoq,InEujKOO,126.0
1342,0,VXiNciom,mSsugdoq,155.0
1342,0,RinxBkUZ,YpVxAvQG,28.0
1342,0,LhgNVAOU,RinxBkUZ,28.0
1342,0,YpVxAvQG,BMprcpdo,26.0
1342,0,BMprcpdo,OVaoEscJ,15.0
1342,0,AszcEtOu,BpAiVnps,6.0
1342,0,TCqyxHhF,AszcEtOu,6.0
1342,0,PIUpvPaY,TCqyxHhF,6.0
1342,0,XCZfXGna,PIUpvPaY,6.0
1342,0,FYonLsVT,XCZfXGna,6.0
1342,0,voXQjjKh,FYonLsVT,6.0
1342,0,pKTlpooZ,voXQjjKh,6.0
1342,0,OVaoEscJ,pKTlpooZ,6.0
97,0,BZCtSmhk,ywuGpANM,74.0
97,0,qeXIqBgp,BZCtSmhk,74.0
97,0,jFRqfnFl,qeXIqBgp,74.0
97,0,ywuGpANM,hpACGGyB,7.0
97,0,hpACGGyB,eaNsVWDR,4.0
1696,0,bjEpkupt,gxlaiARP,431.0
1696,0,FYgdoWMK,bjEpkupt,422.0
1696,0,zAqZkkQx,FYgdoWMK,331.0
1696,0,siiqKFuN,zAqZkkQx,331.0
1696,0,vFpuvjcu,siiqKFuN,331.0
1696,0,UgzfanVk,vFpuvjcu,331.0
1325,0,TPescrDz,FhiUibmP,171.0
1326,0,BZEEPDzF,fgAPkwgD,11.0
1699,0,RsPctvEc,TzOVcXdr,20.0
1699,0,DHQonlzC,RsPctvEc,20.0
1699,0,VMhLZsWx,DHQonlzC,20.0
1106,0,qdrjbHYS,ozAxYCwR,1.0
1106,0,buRRNGGe,CheNYOmP,669.0
1106,0,nChZnrmr,buRRNGGe,669.0
1106,0,RSRIdzBF,nChZnrmr,669.0
1106,0,rcsEeYnc,RSRIdzBF,669.0
1106,0,jnDfAorM,rcsEeYnc,669.0
1357,0,FYonLsVT,XCZfXGna,8.0
1357,0,voXQjjKh,FYonLsVT,8.0
1357,0,pKTlpooZ,voXQjjKh,16.0
1357,0,OVaoEscJ,pKTlpooZ,16.0
1357,0,BMprcpdo,OVaoEscJ,121.0
1357,0,YpVxAvQG,BMprcpdo,141.0
1357,0,RinxBkUZ,YpVxAvQG,141.0
1357,0,LhgNVAOU,RinxBkUZ,141.0
1357,0,SOVcCDqR,LhgNVAOU,144.0
1357,0,QpprBOSr,SOVcCDqR,144.0
1357,0,Plxavose,QpprBOSr,144.0
1357,0,xqQnPHkt,Plxavose,144.0
1357,0,IfTbUocE,xqQnPHkt,144.0
1357,0,JcXDDijg,IfTbUocE,144.0
1357,0,jUsnmWea,JcXDDijg,144.0
1357,0,EaDTtGYp,jUsnmWea,144.0
1357,0,BJjcRhiE,EaDTtGYp,144.0
1305,0,xqQnPHkt,QpprBOSr,1212.0
1678,0,AosTMSAk,uwEtaQlz,6.0
1678,0,gJBgflgH,AosTMSAk,6.0
1678,0,HUSVGpqn,gJBgflgH,32.0
1678,0,DCZZhCfP,HUSVGpqn,32.0
1678,0,WwnuanyA,DCZZhCfP,32.0
1678,0,QpprBOSr,WwnuanyA,32.0
1678,0,Plxavose,QpprBOSr,32.0
1678,0,xqQnPHkt,Plxavose,32.0
1678,0,IfTbUocE,xqQnPHkt,32.0
1678,0,JcXDDijg,IfTbUocE,32.0
1678,0,jUsnmWea,JcXDDijg,32.0
1678,0,EaDTtGYp,jUsnmWea,32.0
1678,0,BJjcRhiE,EaDTtGYp,32.0
250,0,WIZPpGvl,MnTeelLR,4021.0
635,0,kFnjgEzS,QpprBOSr,424.0
1338,0,IfTbUocE,Plxavose,6519.0
1338,0,OgnAStiZ,IfTbUocE,6483.0
1338,0,NmJVuAxS,OgnAStiZ,6483.0
1672,0,Plxavose,QpprBOSr,62.0
1672,0,xqQnPHkt,Plxavose,62.0
1672,0,IfTbUocE,xqQnPHkt,64.0
1672,0,OgnAStiZ,IfTbUocE,71.0
1672,0,kFnjgEzS,OgnAStiZ,71.0
1672,0,KeGqLKVV,kFnjgEzS,220.0
1672,0,NpOlpVEB,KeGqLKVV,220.0
1672,0,GwjQuetc,NpOlpVEB,220.0
1357,0,AszcEtOu,BpAiVnps,4.0
1357,0,TCqyxHhF,AszcEtOu,6.0
1357,0,PIUpvPaY,TCqyxHhF,6.0
1357,0,XCZfXGna,PIUpvPaY,6.0
1357,0,bPMnvhIP,BJjcRhiE,35.0
1672,0,QpprBOSr,WwnuanyA,2.0
1594,0,bgJHPJde,KCvWJpxq,5549.0
1594,0,AyPgzIEO,bgJHPJde,5546.0
1594,0,mcahLsch,AyPgzIEO,5546.0
836,0,ffjXMuak,qeXIqBgp,7970.0
836,0,EDdQplwd,ffjXMuak,7970.0
836,0,XbgiSLmy,EDdQplwd,7991.0
836,0,pXlenLUq,XbgiSLmy,7991.0
836,0,DNyXiZzj,pXlenLUq,7991.0
836,0,rlKLMakt,DNyXiZzj,8666.0
836,0,hVJtIJom,rlKLMakt,8243.0
836,0,jbCYGAcv,hVJtIJom,8120.0
836,0,myLzZQdt,jbCYGAcv,8120.0
1594,0,KCvWJpxq,ySPnpMTg,42.0
514,0,uKbbRztG,NZGnRwVn,19.0
514,0,uOqLwBTJ,uKbbRztG,19.0
514,0,fkZFUNSd,uOqLwBTJ,19.0
514,0,cttUtMNm,fkZFUNSd,19.0
514,0,wHfmVQMh,cttUtMNm,19.0
514,0,mdGitRQe,wHfmVQMh,19.0
514,0,SOBUilCD,mdGitRQe,19.0
514,0,xiCfcAgb,SOBUilCD,19.0
514,0,RjtzWJgw,xiCfcAgb,19.0
514,0,owFNQNZv,RjtzWJgw,19.0
514,0,nCsqpnJo,owFNQNZv,19.0
514,0,gnmwaIOJ,nCsqpnJo,19.0
514,0,pygvGZaF,gnmwaIOJ,19.0
514,0,VTHwomVj,pygvGZaF,19.0
514,0,VbpBVdde,VTHwomVj,19.0
514,0,ocwJSpah,VbpBVdde,19.0
514,0,CheNYOmP,ocwJSpah,19.0
514,0,buRRNGGe,CheNYOmP,19.0
514,0,nChZnrmr,buRRNGGe,19.0
514,0,rcsEeYnc,nChZnrmr,19.0
514,0,jnDfAorM,rcsEeYnc,19.0
1699,0,djdidyfJ,VMhLZsWx,13.0
1699,0,jnDfAorM,djdidyfJ,13.0
97,0,VTHwomVj,bsQVAuyn,11.0
97,0,VbpBVdde,VTHwomVj,11.0
97,0,ocwJSpah,VbpBVdde,11.0
97,0,CheNYOmP,ocwJSpah,11.0
97,0,buRRNGGe,CheNYOmP,11.0
97,0,nChZnrmr,buRRNGGe,11.0
97,0,RSRIdzBF,nChZnrmr,11.0
97,0,rcsEeYnc,RSRIdzBF,11.0
97,0,jnDfAorM,rcsEeYnc,11.0
96,0,SwLVnWPq,oiYuCTCe,12.0
96,0,CoFyQOTC,jnDfAorM,8.0
96,0,HMiMHaRv,CoFyQOTC,8.0
96,0,kLfGGOkq,HMiMHaRv,8.0
96,0,ygVaThfM,kLfGGOkq,8.0
96,0,otuYkIZd,ygVaThfM,8.0
96,0,rSdxnGDj,otuYkIZd,8.0
96,0,MkXEUCdM,rSdxnGDj,8.0
96,0,oiYuCTCe,MkXEUCdM,8.0
1695,0,IMEhQaQS,jFRqfnFl,436.0
1183,0,dfrJZjmW,NjRgIRup,6.0
1183,0,AFcMAvOI,dfrJZjmW,16.0
1183,0,jUExBSiR,AFcMAvOI,16.0
1183,0,vPrJwoLq,jUExBSiR,16.0
1183,0,aHDoehBY,vPrJwoLq,16.0
1183,0,TgdVKieU,aHDoehBY,16.0
1183,0,DexqYjKS,TgdVKieU,16.0
1183,0,wuDdaesk,DexqYjKS,16.0
1175,0,dfrJZjmW,NjRgIRup,1906.0
1175,0,AFcMAvOI,dfrJZjmW,1999.0
1175,0,FltmFbyo,AFcMAvOI,1999.0
1175,0,jUExBSiR,FltmFbyo,1999.0
1175,0,vPrJwoLq,jUExBSiR,1999.0
1175,0,aHDoehBY,vPrJwoLq,1999.0
1175,0,SmfTtMBe,aHDoehBY,2712.0
1175,0,TgdVKieU,SmfTtMBe,2712.0
1175,0,DexqYjKS,TgdVKieU,2712.0
1594,0,EEpOhSPN,mcahLsch,9.0
1594,0,QJzYlSpE,EEpOhSPN,9.0
1594,0,eXUkyEOl,QJzYlSpE,9.0
1395,0,YcrsfAeA,KCvWJpxq,716.0
1395,0,cfrRCwNB,YcrsfAeA,716.0
1612,0,FlZnaZci,HpfZbCVA,21.0
1612,0,glDvUhXc,FlZnaZci,21.0
1612,0,FhKkSAFH,glDvUhXc,33.0
1612,0,taPJzyhF,FhKkSAFH,33.0
1612,0,cnbFkwhH,taPJzyhF,53.0
1612,0,RwPflEyQ,cnbFkwhH,53.0
1613,0,VHoqrdhk,RkUgARot,6.0
1613,0,NKkONliL,VHoqrdhk,6.0
1613,0,zUnCRHoa,NKkONliL,6.0
1613,0,LNbMEmtu,zUnCRHoa,6.0
1613,0,OUzlATeX,LNbMEmtu,6.0
1663,0,YQrIOijs,jnDfAorM,1730.0
1663,0,FSklzHpQ,YQrIOijs,966.0
1663,0,cNArzmnq,FSklzHpQ,899.0
1663,0,UNbrDjxM,cNArzmnq,899.0
1338,0,LLWkkTwA,NmJVuAxS,6476.0
1338,0,ZTMEdEeK,LLWkkTwA,6473.0
467,0,CuIFmOPZ,dlIiZmBi,246.0
467,0,bkPedFyi,CuIFmOPZ,282.0
467,0,neCsPoxX,bkPedFyi,282.0
467,0,RMvkOcpU,neCsPoxX,282.0
467,0,qVxAOUMG,RMvkOcpU,303.0
467,0,bYKKzRQT,qVxAOUMG,303.0
467,0,CLqSCDPt,bYKKzRQT,303.0
467,0,ZzqCYjTC,CLqSCDPt,303.0
467,0,UtzkRwuC,ZzqCYjTC,303.0
467,0,cvCJiZVm,UtzkRwuC,303.0
467,0,XadmKFIl,cvCJiZVm,303.0
467,0,SlEBxfyW,XadmKFIl,303.0
467,0,qLQHuyIe,SlEBxfyW,266.0
467,0,NRaiNGwl,qLQHuyIe,266.0
467,0,dgLtpUgu,NRaiNGwl,230.0
467,0,GJEXlFdt,dgLtpUgu,230.0
467,0,BJDTCJYP,GJEXlFdt,230.0
467,0,UhAwQaaX,BJDTCJYP,230.0
1124,0,WhRBEXGR,JbCujTci,141.0
467,0,eaNsVWDR,ejMjPdTH,18.0
467,0,hpACGGyB,eaNsVWDR,18.0
467,0,ywuGpANM,hpACGGyB,26.0
467,0,BZCtSmhk,ywuGpANM,88.0
467,0,aojHvPEg,BZCtSmhk,88.0
467,0,qeXIqBgp,aojHvPEg,88.0
467,0,ffjXMuak,qeXIqBgp,199.0
467,0,EDdQplwd,ffjXMuak,199.0
467,0,XbgiSLmy,EDdQplwd,199.0
467,0,pXlenLUq,XbgiSLmy,199.0
467,0,DNyXiZzj,pXlenLUq,199.0
467,0,FYgdoWMK,DNyXiZzj,200.0
467,0,ZKBLrnzS,FYgdoWMK,202.0
467,0,zAqZkkQx,ZKBLrnzS,202.0
467,0,sSUdZsSb,zAqZkkQx,202.0
467,0,siiqKFuN,sSUdZsSb,202.0
467,0,dlIiZmBi,siiqKFuN,202.0
1206,0,xqQnPHkt,Plxavose,54.0
1175,0,tZuNjCsn,DexqYjKS,2728.0
1175,0,aUCLtnsj,tZuNjCsn,2728.0
952,0,gzTQJVMW,RVEyrwjR,657.0
1338,0,ogOCBKAf,ZTMEdEeK,6214.0
467,0,LOIXCDqJ,UhAwQaaX,225.0
467,0,waZdIIZY,LOIXCDqJ,221.0
467,0,eiOwifcC,waZdIIZY,221.0
467,0,ogOCBKAf,eiOwifcC,89.0
1663,0,GJEXlFdt,UNbrDjxM,777.0
1592,0,xOhGqygU,aUZoPZMc,107.0
1592,0,qOuhMtTj,xOhGqygU,134.0
1592,0,KCvWJpxq,qOuhMtTj,134.0
1592,0,YcrsfAeA,KCvWJpxq,150.0
1592,0,cfrRCwNB,YcrsfAeA,150.0
1592,0,sKTwWsMk,cfrRCwNB,159.0
1592,0,pmULGxKj,sKTwWsMk,471.0
1592,0,ToEONYdV,pmULGxKj,471.0
1592,0,CSzsuVOH,dCWftKsk,105.0
1592,0,aUZoPZMc,CSzsuVOH,105.0
374,0,xbhuXgnr,JGydtICe,1.0
374,0,zjGRmLyo,xbhuXgnr,1.0
374,0,EXTmTMKf,zjGRmLyo,1.0
374,0,yfIoPTHo,EXTmTMKf,1.0
374,0,GnOurcjN,yfIoPTHo,1.0
374,0,vHkAlmCm,GnOurcjN,1.0
374,0,WynPMslR,vHkAlmCm,1.0
374,0,qjwSVoCq,WynPMslR,1.0
374,0,oFLgHrco,qjwSVoCq,1.0
374,0,yrWAEsGy,oFLgHrco,1.0
374,0,qGIkRenz,yrWAEsGy,1.0
374,0,ytUqATXS,qGIkRenz,1.0
374,0,TcsyXYNn,ytUqATXS,1.0
1592,0,IawIHXne,ToEONYdV,452.0
1663,0,VMzKgUSR,GJEXlFdt,692.0
1663,0,BJDTCJYP,VMzKgUSR,692.0
1663,0,gyedwqXM,BJDTCJYP,692.0
1663,0,LYitljhu,gyedwqXM,692.0
1663,0,UhAwQaaX,LYitljhu,692.0
1663,0,LOIXCDqJ,UhAwQaaX,692.0
865,0,NXLrCKMp,xiTGCYEl,258.0
865,0,FyoAuDvn,NXLrCKMp,258.0
865,0,WOOyqinT,FyoAuDvn,296.0
865,0,mnkgCFDT,WOOyqinT,519.0
865,0,kVhbTVuU,mnkgCFDT,1226.0
865,0,IoxYvxeH,kVhbTVuU,1390.0
865,0,yrlDljAC,IoxYvxeH,1504.0
865,0,rBCwdRqs,yrlDljAC,1504.0
865,0,olAnplnl,rBCwdRqs,1504.0
865,0,lLIyiFPN,olAnplnl,1504.0
865,0,cMNwDvJt,lLIyiFPN,1504.0
865,0,TcKqxHvb,cMNwDvJt,1504.0
865,0,JafKIKES,TcKqxHvb,1504.0
865,0,NxXUMgmK,JafKIKES,1504.0
865,0,AdCBnmxI,NxXUMgmK,1504.0
865,0,ufpbvrtF,AdCBnmxI,1504.0
1594,0,ySPnpMTg,yQTYDvhm,3.0
1663,0,FldHcjZC,LOIXCDqJ,651.0
1395,0,TFSGEQcQ,cfrRCwNB,549.0
1395,0,fjFZwaYy,TFSGEQcQ,549.0
1395,0,lSWJJvzr,fjFZwaYy,549.0
778,0,FZsFzszJ,gzTQJVMW,532.0
778,0,KgwKZlse,FZsFzszJ,521.0
778,0,AoRkaUmb,KgwKZlse,521.0
778,0,ALhaazBT,AoRkaUmb,521.0
778,0,YqlTLIQa,ALhaazBT,472.0
778,0,AUmOMGnp,YqlTLIQa,471.0
778,0,XFPAZveS,AUmOMGnp,464.0
778,0,ojqTFFWy,XFPAZveS,17.0
1305,0,NmJVuAxS,xqQnPHkt,1190.0
1305,0,LLWkkTwA,NmJVuAxS,1182.0
1305,0,ogOCBKAf,LLWkkTwA,1182.0
1258,0,xqQnPHkt,Plxavose,433.0
1258,0,IfTbUocE,xqQnPHkt,433.0
1258,0,OgnAStiZ,IfTbUocE,433.0
1258,0,NmJVuAxS,OgnAStiZ,433.0
1258,0,VFLsoIHD,NmJVuAxS,433.0
1258,0,LLWkkTwA,VFLsoIHD,347.0
1258,0,ZTMEdEeK,LLWkkTwA,347.0
1258,0,ogOCBKAf,ZTMEdEeK,347.0
1206,0,IfTbUocE,xqQnPHkt,51.0
1206,0,OgnAStiZ,IfTbUocE,51.0
1206,0,NmJVuAxS,OgnAStiZ,51.0
1206,0,VFLsoIHD,NmJVuAxS,51.0
1206,0,vIPMUZxJ,VFLsoIHD,50.0
1206,0,UmISPPJO,vIPMUZxJ,50.0
1206,0,VPUbGzfh,UmISPPJO,27.0
1206,0,MVExtcyL,VPUbGzfh,27.0
1173,0,PNniCxAw,ogOCBKAf,1697.0
1173,0,aZaGhhAB,PNniCxAw,1829.0
635,0,VFLsoIHD,kFnjgEzS,412.0
635,0,LLWkkTwA,VFLsoIHD,412.0
635,0,ogOCBKAf,LLWkkTwA,412.0
1529,0,vcQVCkqQ,kDvrGahi,5.0
1529,0,TzBLFSKE,vcQVCkqQ,5.0
1529,0,MmmkWPfy,TzBLFSKE,5.0
1529,0,AWJbGBWg,MmmkWPfy,5.0
1529,0,sHqmRcRD,AWJbGBWg,5.0
1529,0,wSzUgpVB,sHqmRcRD,5.0
1529,0,zrlQGdaK,wSzUgpVB,5.0
1529,0,UgzfanVk,zrlQGdaK,5.0
1529,0,mhYSfvAq,UgzfanVk,5.0
1529,0,CuIFmOPZ,mhYSfvAq,5.0
1529,0,bkPedFyi,CuIFmOPZ,5.0
1529,0,neCsPoxX,bkPedFyi,5.0
1529,0,RMvkOcpU,neCsPoxX,5.0
1529,0,qVxAOUMG,RMvkOcpU,5.0
1529,0,bYKKzRQT,qVxAOUMG,5.0
1529,0,CLqSCDPt,bYKKzRQT,5.0
1529,0,ZzqCYjTC,CLqSCDPt,5.0
1529,0,UtzkRwuC,ZzqCYjTC,5.0
1529,0,cvCJiZVm,UtzkRwuC,5.0
1529,0,MklhhYCQ,cvCJiZVm,5.0
1529,0,MnTeelLR,MklhhYCQ,5.0
1529,0,WIZPpGvl,MnTeelLR,5.0
1663,0,qNiTyrkl,FldHcjZC,404.0
1663,0,pGHnvifU,qNiTyrkl,404.0
1663,0,waZdIIZY,pGHnvifU,404.0
1663,0,eiOwifcC,waZdIIZY,404.0
1663,0,ogOCBKAf,eiOwifcC,401.0
1659,0,ogOCBKAf,eiOwifcC,179.0
1212,0,clVXMHJf,suvDbtPR,4.0
1212,0,UXEWVZzP,clVXMHJf,4.0
1212,0,MlYFoaez,UXEWVZzP,3.0
1212,0,XeinAhyy,MlYFoaez,3.0
1212,0,pGpZhRvq,XeinAhyy,3.0
1212,0,alaJPSTW,pGpZhRvq,3.0
1212,0,ngNzeSzC,alaJPSTW,3.0
1212,0,PHuvYJrP,ngNzeSzC,3.0
1212,0,FoxIDeQY,PHuvYJrP,3.0
1212,0,dZoxKDmD,FoxIDeQY,3.0
1212,0,ZOuLYtJj,dZoxKDmD,3.0
1212,0,SGnJOquj,ZOuLYtJj,3.0
1212,0,ogOCBKAf,SGnJOquj,3.0
1212,0,GHvODCIP,LCJSaMch,18.0
1212,0,MCXOFAcE,GHvODCIP,18.0
1212,0,HcupqiOA,MCXOFAcE,18.0
1212,0,MRtqPpeq,HcupqiOA,18.0
1212,0,CrEPfbyi,MRtqPpeq,18.0
1212,0,dpFXbFTh,CrEPfbyi,19.0
1019,0,mxJvcQxS,PdLgkxcT,210.0
1019,0,tSdKaLnH,mxJvcQxS,210.0
1019,0,HoEIDywv,tSdKaLnH,210.0
1019,0,bLNlBUaT,HoEIDywv,178.0
751,0,lqTAOmVV,WwbQwfXi,1831.0
1206,0,tYTpUUxD,paIawFeA,5.0
1660,0,WyfCQhSW,ogOCBKAf,95.0
1660,0,RBBxesxu,WyfCQhSW,95.0
1660,0,npYXJyuT,RBBxesxu,95.0
1660,0,lFqTDxEu,npYXJyuT,95.0
1660,0,fyczPNat,lFqTDxEu,95.0
1659,0,cBsLzvxc,qflzswAf,42.0
1659,0,MTGLsZPE,cBsLzvxc,54.0
1659,0,bmCACwpU,MTGLsZPE,54.0
1659,0,ndVUpTXG,bmCACwpU,54.0
1659,0,mvSwkBgn,ndVUpTXG,54.0
1659,0,dbBlyJgh,mvSwkBgn,54.0
1659,0,KttMmUZl,dbBlyJgh,50.0
1659,0,kEIvmolg,KttMmUZl,50.0
1659,0,vfRjIFnr,kEIvmolg,50.0
1660,0,LbqeOjDq,fyczPNat,45.0
1660,0,qdBHsTrj,LbqeOjDq,45.0
1660,0,QRWCUyXY,qdBHsTrj,45.0
463,0,qflzswAf,WIZPpGvl,7213.0
725,0,WIZPpGvl,MnTeelLR,819.0
725,0,qflzswAf,WIZPpGvl,752.0
853,0,cNuIRYrx,OrbXRiVv,39.0
853,0,yNIUaSyZ,cNuIRYrx,39.0
853,0,xiTGCYEl,yNIUaSyZ,39.0
853,0,NXLrCKMp,xiTGCYEl,39.0
853,0,FyoAuDvn,NXLrCKMp,39.0
853,0,WOOyqinT,FyoAuDvn,39.0
853,0,mnkgCFDT,WOOyqinT,39.0
853,0,kVhbTVuU,mnkgCFDT,39.0
853,0,IoxYvxeH,kVhbTVuU,40.0
853,0,yrlDljAC,IoxYvxeH,40.0
853,0,rBCwdRqs,yrlDljAC,40.0
853,0,olAnplnl,rBCwdRqs,40.0
853,0,hpCuKAjH,olAnplnl,40.0
853,0,tyeyrnYi,hpCuKAjH,40.0
853,0,HezLsNFQ,tyeyrnYi,40.0
853,0,eusqYKWT,HezLsNFQ,40.0
853,0,xOHMcnRu,eusqYKWT,40.0
853,0,dCWftKsk,xOHMcnRu,40.0
853,0,HpfZbCVA,dCWftKsk,40.0
853,0,glDvUhXc,HpfZbCVA,40.0
853,0,FhKkSAFH,glDvUhXc,40.0
853,0,taPJzyhF,FhKkSAFH,40.0
853,0,uaQvVFAB,taPJzyhF,40.0
853,0,MnTeelLR,uaQvVFAB,40.0
853,0,WIZPpGvl,MnTeelLR,33.0
853,0,qflzswAf,WIZPpGvl,33.0
250,0,qflzswAf,WIZPpGvl,3800.0
1221,0,qflzswAf,WIZPpGvl,4252.0
601,0,uaQvVFAB,taPJzyhF,23.0
601,0,MnTeelLR,uaQvVFAB,23.0
601,0,WIZPpGvl,MnTeelLR,23.0
601,0,qflzswAf,WIZPpGvl,23.0
242,0,xiCfcAgb,AszcEtOu,891.0
242,0,RjtzWJgw,xiCfcAgb,891.0
242,0,owFNQNZv,RjtzWJgw,897.0
242,0,nCsqpnJo,owFNQNZv,897.0
242,0,gnmwaIOJ,nCsqpnJo,897.0
242,0,pygvGZaF,gnmwaIOJ,898.0
242,0,bsQVAuyn,pygvGZaF,898.0
242,0,VTHwomVj,bsQVAuyn,898.0
242,0,VbpBVdde,VTHwomVj,941.0
242,0,ocwJSpah,VbpBVdde,941.0
242,0,CheNYOmP,ocwJSpah,961.0
242,0,xYUjBvzT,CheNYOmP,1051.0
242,0,JXJZtHSD,xYUjBvzT,1051.0
242,0,owqgejgM,JXJZtHSD,1051.0
242,0,WIZPpGvl,owqgejgM,1102.0
242,0,qflzswAf,WIZPpGvl,1101.0
242,0,AszcEtOu,BpAiVnps,207.0
1660,0,bGxnPBxb,QRWCUyXY,43.0
1660,0,mvgVyONe,bGxnPBxb,43.0
1660,0,YlcUcHmr,mvgVyONe,43.0
1660,0,puuUveiG,YlcUcHmr,43.0
1660,0,CGfCHyje,puuUveiG,43.0
1660,0,qflzswAf,CGfCHyje,38.0
843,0,tbsBIgaj,WoCjyXMQ,224.0
843,0,ekoOPpVq,tbsBIgaj,224.0
843,0,rljVoTvk,ekoOPpVq,163.0
843,0,gxidCspv,rljVoTvk,163.0
843,0,wRTYbalx,gxidCspv,160.0
843,0,DHkaGHFf,wRTYbalx,160.0
843,0,FdBCLyPI,DHkaGHFf,160.0
843,0,CrOFTJlw,FdBCLyPI,160.0
843,0,PyGiRErs,CrOFTJlw,160.0
843,0,qflzswAf,PyGiRErs,130.0
1395,0,nxFmOJAJ,lSWJJvzr,511.0
1395,0,GznDzxNt,nxFmOJAJ,511.0
1395,0,jappmlZc,GznDzxNt,511.0
1170,0,PNniCxAw,ogOCBKAf,781.0
1170,0,aZaGhhAB,PNniCxAw,798.0
1170,0,CVcknAiw,aZaGhhAB,798.0
1170,0,uGkwFELU,CVcknAiw,798.0
1170,0,LpjIkIID,uGkwFELU,806.0
751,0,xRIuSSHV,lqTAOmVV,1713.0
751,0,HKxWWoBG,xRIuSSHV,1713.0
1607,0,CyKtNncX,aImltWBw,27.0
1607,0,UGBWqSzR,CyKtNncX,27.0
1607,0,ywuGpANM,UGBWqSzR,27.0
1707,0,cIQOVqQI,njiqgOWt,1.0
1707,0,OyAyNkqZ,cIQOVqQI,1.0
1707,0,XiXLaJEL,OyAyNkqZ,1.0
1708,0,ffjXMuak,qeXIqBgp,11.0
1708,0,EDdQplwd,ffjXMuak,11.0
1708,0,XbgiSLmy,EDdQplwd,11.0
1708,0,pXlenLUq,XbgiSLmy,11.0
1708,0,DNyXiZzj,pXlenLUq,11.0
1708,0,rEicsBoS,DNyXiZzj,17.0
1708,0,obgmJQzi,rEicsBoS,17.0
1708,0,MPxbDKyu,obgmJQzi,17.0
1708,0,aojHvPEg,BZCtSmhk,4.0
1708,0,qeXIqBgp,aojHvPEg,4.0
1708,0,BZCtSmhk,ywuGpANM,2.0
1708,0,hpACGGyB,eaNsVWDR,1.0
1708,0,VgUdLlOW,hpACGGyB,1.0
1708,0,ywuGpANM,VgUdLlOW,1.0
1029,0,tBPmVbcK,qflzswAf,7890.0
242,0,tBPmVbcK,qflzswAf,339.0
1173,0,QESMqsTJ,JJzKKoaf,1551.0
1173,0,CVcknAiw,aZaGhhAB,1488.0
1173,0,uGkwFELU,CVcknAiw,1488.0
1173,0,TCQmGnBb,uGkwFELU,1499.0
1173,0,JJzKKoaf,TCQmGnBb,1499.0
751,0,AjvyZYOZ,HKxWWoBG,704.0
751,0,LroBKvWh,AjvyZYOZ,677.0
751,0,BsiptQCD,LroBKvWh,677.0
751,0,IMzgpfjO,BsiptQCD,677.0
751,0,AmGPOhem,IMzgpfjO,677.0
1355,0,EXDTntZv,AmGPOhem,129.0
1355,0,xFzHIeRy,EXDTntZv,107.0
1355,0,VycUzKpr,xFzHIeRy,83.0
1355,0,ARQSeSoV,VycUzKpr,83.0
1395,0,JGAJXRSN,jappmlZc,504.0
1395,0,SDEQaVyD,JGAJXRSN,504.0
900,0,FZsFzszJ,gzTQJVMW,27.0
900,0,KgwKZlse,FZsFzszJ,27.0
900,0,AoRkaUmb,KgwKZlse,27.0
900,0,ALhaazBT,AoRkaUmb,27.0
900,0,YqlTLIQa,ALhaazBT,27.0
900,0,AUmOMGnp,YqlTLIQa,27.0
900,0,XFPAZveS,AUmOMGnp,27.0
900,0,ojqTFFWy,XFPAZveS,15.0
1408,0,SXdpUnkd,NNAcmEYB,595.0
1408,0,cWGPtAwF,SXdpUnkd,595.0
1408,0,sPOOXkzZ,cWGPtAwF,595.0
1406,0,hqxwmRzJ,FXulXHgs,2.0
1406,0,VtPnVtjF,hqxwmRzJ,2.0
1406,0,hCpAddaw,VtPnVtjF,2.0
1406,0,CHKZpApa,hCpAddaw,2.0
1406,0,YvLuczKe,CHKZpApa,2.0
1406,0,cThdGxLv,YvLuczKe,2.0
1406,0,SUVVzOYC,cThdGxLv,2.0
1406,0,dAxtDTje,SUVVzOYC,1.0
1406,0,KGIBfEut,dAxtDTje,1.0
1406,0,kiTgZeoH,KGIBfEut,1.0
1406,0,eLmJkuZC,kiTgZeoH,1.0
1406,0,UgzfanVk,eLmJkuZC,1.0
1032,0,EiPYisOM,QhscbmPA,470.0
1032,0,ElqrEMfW,EiPYisOM,470.0
1032,0,hqxwmRzJ,ElqrEMfW,470.0
1032,0,bbltEnah,hqxwmRzJ,37.0
1032,0,jJqyLkNG,bbltEnah,37.0
1032,0,NMFCXTQH,jJqyLkNG,37.0
1032,0,wXyAETzh,NMFCXTQH,37.0
1032,0,GxYrbHur,wXyAETzh,37.0
1032,0,uGbUWjny,GxYrbHur,37.0
1032,0,NsShbegC,uGbUWjny,29.0
1032,0,owraUoxF,NsShbegC,29.0
1032,0,oWTTFPnV,owraUoxF,29.0
1032,0,CHKZpApa,oWTTFPnV,29.0
1032,0,YvLuczKe,CHKZpApa,29.0
1032,0,cThdGxLv,YvLuczKe,29.0
1032,0,SUVVzOYC,cThdGxLv,29.0
1032,0,dAxtDTje,SUVVzOYC,15.0
1032,0,aunBMooM,dAxtDTje,15.0
1032,0,KGIBfEut,aunBMooM,15.0
1032,0,kiTgZeoH,KGIBfEut,15.0
1032,0,eLmJkuZC,kiTgZeoH,2.0
1032,0,uDnSXuvA,eLmJkuZC,2.0
1032,0,UgzfanVk,uDnSXuvA,2.0
1029,0,DhBIcFJB,tBPmVbcK,4359.0
242,0,DhBIcFJB,tBPmVbcK,214.0
1170,0,odfRkvUj,LpjIkIID,573.0
1170,0,sCNvhPqY,odfRkvUj,573.0
1170,0,IjFZQfFh,sCNvhPqY,573.0
1170,0,TYAIdqeQ,IjFZQfFh,573.0
1170,0,Zysthhei,TYAIdqeQ,573.0
1170,0,oEaRMYXq,Zysthhei,573.0
867,0,uhArLFHO,cBsLzvxc,41.0
867,0,qZeFqHEu,uhArLFHO,41.0
868,0,nfCzcTzh,FrKNovDQ,24.0
868,0,GyLDNPGc,nfCzcTzh,28.0
868,0,qORtFjQM,GyLDNPGc,28.0
868,0,OZmcxPEb,qORtFjQM,28.0
868,0,qgVdByqj,OZmcxPEb,28.0
868,0,jQlVbeqW,qgVdByqj,28.0
867,0,cBsLzvxc,qflzswAf,15.0
868,0,zjOknQHK,CRVKBFrv,19.0
868,0,FrKNovDQ,zjOknQHK,19.0
1305,0,WyfCQhSW,ogOCBKAf,493.0
1305,0,erxKyHjj,WyfCQhSW,488.0
1305,0,KjiBWoqR,erxKyHjj,488.0
1083,0,EAwJtHSB,vyojaKRU,416.0
1040,0,eaNsVWDR,CKorGRkE,110.0
1040,0,vyojaKRU,eaNsVWDR,1.0
1040,0,EAwJtHSB,vyojaKRU,1.0
1367,0,zrVEttwl,rfVXpFlV,37.0
1367,0,KhQckqci,zrVEttwl,37.0
1367,0,NkYJOxxA,KhQckqci,37.0
1649,0,WyfCQhSW,ogOCBKAf,921.0
1649,0,erxKyHjj,WyfCQhSW,921.0
1649,0,KjiBWoqR,erxKyHjj,921.0
1649,0,bYNwHuWo,KjiBWoqR,921.0
1649,0,qWvzRbGV,bYNwHuWo,921.0
1649,0,PRzaSxQc,qWvzRbGV,921.0
1649,0,bfKiOFsS,PRzaSxQc,921.0
1649,0,eGbCulMV,bfKiOFsS,921.0
1649,0,CRVKBFrv,eGbCulMV,921.0
1649,0,zjOknQHK,CRVKBFrv,939.0
1649,0,TCeiTEZh,zjOknQHK,1383.0
1650,0,cBsLzvxc,qflzswAf,154.0
1650,0,MTGLsZPE,cBsLzvxc,378.0
1650,0,bmCACwpU,MTGLsZPE,378.0
1650,0,ndVUpTXG,bmCACwpU,378.0
1650,0,mvSwkBgn,ndVUpTXG,378.0
1650,0,dbBlyJgh,mvSwkBgn,378.0
1650,0,DyENAaIa,dbBlyJgh,379.0
1650,0,dXsdOXmC,DyENAaIa,379.0
1650,0,pWUEfFEM,dXsdOXmC,379.0
1170,0,FyAVeoLb,oEaRMYXq,532.0
1168,0,iqwUvhKg,isqWGISG,10.0
1355,0,UmISPPJO,ARQSeSoV,11.0
1355,0,VPUbGzfh,UmISPPJO,11.0
1355,0,MVExtcyL,VPUbGzfh,11.0
1355,0,ogOCBKAf,MVExtcyL,11.0
1124,0,CVPWCvNJ,BDmybVdG,1.0
1124,0,muVREKCV,CVPWCvNJ,1.0
1124,0,MpxTTzjt,muVREKCV,1.0
1124,0,BsRMZbGV,MpxTTzjt,1.0
1124,0,yRjqmRuq,BsRMZbGV,1.0
1124,0,pTTspriv,yRjqmRuq,1.0
1173,0,ZtKBYERA,QESMqsTJ,807.0
1173,0,BtOUMROM,ZtKBYERA,807.0
1173,0,cwRIXHps,BtOUMROM,807.0
1173,0,jFhGTpOu,cwRIXHps,771.0
1173,0,btKesaAl,jFhGTpOu,771.0
1173,0,UTtjkhMN,btKesaAl,771.0
1173,0,GbOoEgJY,UTtjkhMN,795.0
1173,0,KvUqhblU,GbOoEgJY,795.0
1173,0,VMlGrjvU,KvUqhblU,794.0
1173,0,WlXbaBoJ,VMlGrjvU,794.0
1530,0,kVeKzKrW,zuhYkREh,134.0
1530,0,FfdGxPiD,vxTQjZcJ,68.0
1530,0,nGUGLxPd,FfdGxPiD,68.0
1530,0,hZwGajtf,nGUGLxPd,68.0
1530,0,zuhYkREh,hZwGajtf,68.0
1529,0,kDvrGahi,ejMjPdTH,174.0
1530,0,PNUwxzRj,iaPnRXpR,18.0
1530,0,sxclJLmG,PNUwxzRj,18.0
1530,0,xMTNzVPt,sxclJLmG,18.0
1530,0,AudzmzeZ,xMTNzVPt,18.0
1530,0,QVFxizLc,AudzmzeZ,18.0
1530,0,BKywSEpu,QVFxizLc,18.0
1530,0,PrwDPVMa,BKywSEpu,18.0
1530,0,bjPEDqek,PrwDPVMa,18.0
1530,0,hNvVhacI,bjPEDqek,18.0
1530,0,RTnwKdcX,hNvVhacI,18.0
1530,0,SDEQaVyD,RTnwKdcX,18.0
1530,0,OMhVSsxv,SDEQaVyD,18.0
1530,0,UgzfanVk,OMhVSsxv,18.0
1530,0,fiwqiJeH,UgzfanVk,18.0
1530,0,JaCojcPE,fiwqiJeH,18.0
1530,0,vxTQjZcJ,JaCojcPE,18.0
1530,0,CEZTRnUo,qflzswAf,1.0
1530,0,funWfCdm,CEZTRnUo,1.0
1530,0,rnFrOJMw,funWfCdm,1.0
1530,0,iaPnRXpR,rnFrOJMw,1.0
867,0,sICvpcEb,qZeFqHEu,17.0
867,0,XwJbeVId,sICvpcEb,17.0
867,0,BuUVquxB,XwJbeVId,17.0
867,0,eLEJvIlJ,BuUVquxB,17.0
867,0,suvDbtPR,eLEJvIlJ,17.0
867,0,clVXMHJf,suvDbtPR,15.0
867,0,UXEWVZzP,clVXMHJf,15.0
1170,0,VjSiMBzK,FyAVeoLb,454.0
1170,0,JoqesOWP,VjSiMBzK,454.0
1170,0,ATKbycui,JoqesOWP,454.0
1128,0,QoKDjrWo,qflzswAf,1404.0
1128,0,tBPmVbcK,QoKDjrWo,1404.0
1128,0,DhBIcFJB,tBPmVbcK,1769.0
1128,0,yzzIynLu,DhBIcFJB,1899.0
1128,0,ByOODIxa,yzzIynLu,1899.0
1128,0,Ngsxsfae,ByOODIxa,1899.0
1128,0,qDNcQeuw,Ngsxsfae,1907.0
1128,0,DpfRSiIE,qDNcQeuw,1907.0
242,0,ByOODIxa,DhBIcFJB,191.0
242,0,Ngsxsfae,ByOODIxa,191.0
242,0,qDNcQeuw,Ngsxsfae,191.0
242,0,DpfRSiIE,qDNcQeuw,191.0
1356,0,BjxLEaiN,UTtjkhMN,37.0
1356,0,UsVsFgoS,BjxLEaiN,50.0
1407,0,rJvLUxkA,UgzfanVk,904.0
1407,0,dYlTtQAF,rJvLUxkA,904.0
1395,0,UgzfanVk,SDEQaVyD,32.0
1032,0,FrCulsqF,VYHZxBYO,210.0
1032,0,KCAssTym,FrCulsqF,210.0
1032,0,WhdKokFf,KCAssTym,436.0
1032,0,QhscbmPA,WhdKokFf,436.0
1128,0,XsvFZXJo,DpfRSiIE,1896.0
1128,0,dJdTBATy,XsvFZXJo,1172.0
1128,0,PzVFlDkT,dJdTBATy,1172.0
1066,0,VxCMIjeX,fxsyxfZK,486.0
1066,0,BOULhmAk,VxCMIjeX,487.0
1066,0,qhfHNtOQ,BOULhmAk,487.0
1170,0,VXqnYnlT,ATKbycui,238.0
1651,0,KiOCmsmI,bYNwHuWo,12.0
1651,0,QRngTwFS,KiOCmsmI,12.0
1651,0,PxKzEfaJ,QRngTwFS,12.0
1651,0,kKaTqilr,PxKzEfaJ,12.0
1651,0,UUyOnuCZ,kKaTqilr,12.0
1651,0,YbopoHtZ,UUyOnuCZ,1.0
1651,0,LIaalPFl,YbopoHtZ,1.0
1121,0,WIZPpGvl,MnTeelLR,431.0
1121,0,qflzswAf,WIZPpGvl,431.0
1121,0,tBPmVbcK,qflzswAf,431.0
1121,0,DhBIcFJB,tBPmVbcK,431.0
1121,0,ByOODIxa,DhBIcFJB,431.0
1121,0,Ngsxsfae,ByOODIxa,431.0
1121,0,qDNcQeuw,Ngsxsfae,431.0
1121,0,DpfRSiIE,qDNcQeuw,431.0
1121,0,XsvFZXJo,DpfRSiIE,431.0
1121,0,NXLrCKMp,xiTGCYEl,9.0
1121,0,FyoAuDvn,NXLrCKMp,9.0
1121,0,WOOyqinT,FyoAuDvn,45.0
1121,0,mnkgCFDT,WOOyqinT,45.0
1121,0,kVhbTVuU,mnkgCFDT,141.0
1121,0,IoxYvxeH,kVhbTVuU,146.0
1121,0,yrlDljAC,IoxYvxeH,148.0
1121,0,rBCwdRqs,yrlDljAC,148.0
1121,0,olAnplnl,rBCwdRqs,148.0
1121,0,hpCuKAjH,olAnplnl,148.0
1121,0,tyeyrnYi,hpCuKAjH,148.0
1121,0,HezLsNFQ,tyeyrnYi,148.0
1121,0,eusqYKWT,HezLsNFQ,164.0
1121,0,dCWftKsk,eusqYKWT,164.0
1121,0,HpfZbCVA,dCWftKsk,216.0
1121,0,glDvUhXc,HpfZbCVA,222.0
1121,0,FhKkSAFH,glDvUhXc,222.0
1121,0,taPJzyhF,FhKkSAFH,222.0
1121,0,uaQvVFAB,taPJzyhF,222.0
1121,0,MnTeelLR,uaQvVFAB,222.0
242,0,XsvFZXJo,DpfRSiIE,190.0
1133,0,fJuPdFXq,tFSvrGay,346.0
1029,0,ByOODIxa,DhBIcFJB,5076.0
1029,0,HxSbXXdZ,ByOODIxa,5076.0
1029,0,zlRPdbBz,HxSbXXdZ,5182.0
1029,0,KQaXxZDT,zlRPdbBz,5182.0
867,0,MlYFoaez,UXEWVZzP,1.0
796,0,pPKqPUVW,pwpCkicC,31.0
796,0,slfxTuih,pPKqPUVW,31.0
1440,0,jJVVpGMf,pwpCkicC,40.0
1440,0,pPKqPUVW,jJVVpGMf,40.0
1440,0,slfxTuih,pPKqPUVW,40.0
1462,0,tyrVGRMU,HajxumVd,53.0
1462,0,LhQSpAzy,tyrVGRMU,53.0
1462,0,pwpCkicC,LhQSpAzy,53.0
1462,0,jJVVpGMf,pwpCkicC,53.0
1462,0,tcYerYbk,jJVVpGMf,53.0
1462,0,pPKqPUVW,tcYerYbk,53.0
1462,0,iYTiOTOT,pPKqPUVW,53.0
1462,0,slfxTuih,iYTiOTOT,53.0
1170,0,MYMMmWkN,VXqnYnlT,199.0
1170,0,tUdYLqkf,MYMMmWkN,199.0
156,0,QHFmFyLR,EkWBPXmr,1.0
156,0,neNWquOh,QHFmFyLR,1.0
156,0,KwaxxmSs,neNWquOh,1.0
156,0,PSjGjQXK,KwaxxmSs,1.0
156,0,GnsXgGJX,PSjGjQXK,1.0
156,0,VjdckTjW,GnsXgGJX,1.0
156,0,ohvLIfWG,VjdckTjW,1.0
156,0,HTKZNJTs,ohvLIfWG,1.0
156,0,FmTbQszJ,HTKZNJTs,1.0
156,0,JvhqCmbT,FmTbQszJ,1.0
156,0,xkdRvtRu,JvhqCmbT,1.0
156,0,jzhhipmd,xkdRvtRu,1.0
156,0,yZEnTGkU,jzhhipmd,1.0
156,0,svamcGgQ,yZEnTGkU,1.0
156,0,OkTOljoV,svamcGgQ,1.0
156,0,ryMrZCSE,OkTOljoV,1.0
156,0,fRxWIrbs,ryMrZCSE,1.0
156,0,QrdELzCu,fRxWIrbs,1.0
156,0,YvwQRHTE,QrdELzCu,1.0
156,0,HJTsgSzj,YvwQRHTE,1.0
156,0,TcTonWJL,HJTsgSzj,1.0
156,0,WtptgYtz,TcTonWJL,1.0
156,0,NJSgWoOc,WtptgYtz,1.0
156,0,RIpTuvwk,NJSgWoOc,1.0
156,0,ubzklVlS,RIpTuvwk,1.0
156,0,LVcdwgEp,ubzklVlS,1.0
156,0,yLFlKjKg,LVcdwgEp,1.0
156,0,RYTcAdhr,yLFlKjKg,1.0
156,0,EzivGHuE,RYTcAdhr,1.0
156,0,isWzWnoW,EzivGHuE,1.0
156,0,fcSUqaEW,isWzWnoW,1.0
156,0,YJykDsrc,fcSUqaEW,1.0
156,0,YpVxAvQG,YJykDsrc,11.0
156,0,RinxBkUZ,YpVxAvQG,11.0
156,0,LhgNVAOU,RinxBkUZ,11.0
156,0,bPdCVhrp,LhgNVAOU,14.0
156,0,SOVcCDqR,bPdCVhrp,14.0
156,0,FYhykdTj,SOVcCDqR,14.0
156,0,QpprBOSr,FYhykdTj,14.0
156,0,Plxavose,QpprBOSr,16.0
156,0,xqQnPHkt,Plxavose,16.0
156,0,IfTbUocE,xqQnPHkt,16.0
156,0,OgnAStiZ,IfTbUocE,17.0
156,0,kFnjgEzS,OgnAStiZ,17.0
156,0,VFLsoIHD,kFnjgEzS,17.0
156,0,LLWkkTwA,VFLsoIHD,17.0
156,0,ZTMEdEeK,LLWkkTwA,17.0
156,0,ogOCBKAf,ZTMEdEeK,17.0
156,0,PNniCxAw,ogOCBKAf,38.0
156,0,aZaGhhAB,PNniCxAw,67.0
156,0,CVcknAiw,aZaGhhAB,67.0
156,0,uGkwFELU,CVcknAiw,67.0
156,0,IzKulrBJ,uGkwFELU,67.0
156,0,TCQmGnBb,IzKulrBJ,67.0
156,0,JJzKKoaf,TCQmGnBb,67.0
156,0,QESMqsTJ,JJzKKoaf,73.0
156,0,ZtKBYERA,QESMqsTJ,77.0
156,0,BtOUMROM,ZtKBYERA,77.0
156,0,cwRIXHps,BtOUMROM,77.0
156,0,jFhGTpOu,cwRIXHps,77.0
156,0,btKesaAl,jFhGTpOu,77.0
156,0,UTtjkhMN,btKesaAl,77.0
156,0,BjxLEaiN,UTtjkhMN,77.0
156,0,joGrBgeB,BjxLEaiN,81.0
156,0,lczxXDao,joGrBgeB,84.0
1356,0,aZaGhhAB,ogOCBKAf,11.0
1356,0,CVcknAiw,aZaGhhAB,11.0
1356,0,uGkwFELU,CVcknAiw,11.0
1356,0,QESMqsTJ,uGkwFELU,11.0
1356,0,cwRIXHps,QESMqsTJ,11.0
1356,0,UTtjkhMN,cwRIXHps,11.0
1085,0,VYHZxBYO,vDTAjOOR,713.0
1087,0,zGXQZTlC,VYHZxBYO,742.0
1087,0,OgfqNfUY,zGXQZTlC,742.0
1087,0,YRiTgQXe,OgfqNfUY,738.0
1087,0,rAUblAml,YRiTgQXe,738.0
1087,0,fSQOYpje,rAUblAml,738.0
1087,0,hGRIMrVW,fSQOYpje,738.0
1132,0,BoavYDPS,RHzXTuOU,651.0
1132,0,yLXUQkCh,BoavYDPS,651.0
1132,0,UgnVLYPx,yLXUQkCh,732.0
1132,0,qgzMfcCH,UgnVLYPx,732.0
1132,0,CSwPNDqz,qgzMfcCH,732.0
1132,0,zIFSdUXT,CSwPNDqz,732.0
1132,0,RQpCZdJL,zIFSdUXT,916.0
1132,0,YkRwsmPU,RQpCZdJL,916.0
1132,0,hFLBtQiP,YkRwsmPU,916.0
1132,0,kXKEwBKv,hFLBtQiP,916.0
1132,0,rAvbFSrB,kXKEwBKv,916.0
1132,0,dONffpoj,rAvbFSrB,916.0
1132,0,ZgirRZil,dONffpoj,916.0
1132,0,OFTTxfUx,ZgirRZil,916.0
1132,0,ZWnHyyqY,OFTTxfUx,916.0
1132,0,TvILSVoy,ZWnHyyqY,916.0
1132,0,bkJSkGrT,TvILSVoy,916.0
1132,0,tFSvrGay,bkJSkGrT,347.0
1167,0,PNniCxAw,ogOCBKAf,26.0
1167,0,aZaGhhAB,PNniCxAw,26.0
1167,0,CVcknAiw,aZaGhhAB,26.0
1167,0,uGkwFELU,CVcknAiw,26.0
1167,0,LpjIkIID,uGkwFELU,26.0
1167,0,odfRkvUj,LpjIkIID,26.0
1167,0,sCNvhPqY,odfRkvUj,26.0
1167,0,IjFZQfFh,sCNvhPqY,26.0
1167,0,TYAIdqeQ,IjFZQfFh,26.0
1167,0,Zysthhei,TYAIdqeQ,26.0
1167,0,oEaRMYXq,Zysthhei,26.0
1167,0,FyAVeoLb,oEaRMYXq,36.0
1167,0,VjSiMBzK,FyAVeoLb,36.0
1167,0,JoqesOWP,VjSiMBzK,36.0
1167,0,ZaTxFLgk,JoqesOWP,36.0
1167,0,idOCTaDY,ZaTxFLgk,43.0
1462,0,SVPLEqNI,slfxTuih,38.0
950,0,FZsFzszJ,gzTQJVMW,24.0
950,0,KgwKZlse,FZsFzszJ,22.0
950,0,AoRkaUmb,KgwKZlse,22.0
950,0,ALhaazBT,AoRkaUmb,22.0
950,0,YqlTLIQa,ALhaazBT,18.0
950,0,AUmOMGnp,YqlTLIQa,18.0
950,0,XFPAZveS,AUmOMGnp,18.0
943,0,yjQwxGED,DgYBMgPg,4.0
943,0,KPcRWbGT,yjQwxGED,4.0
943,0,uGRyXcfW,KPcRWbGT,4.0
943,0,HlhFjJtZ,uGRyXcfW,4.0
943,0,ALhaazBT,HlhFjJtZ,4.0
943,0,YqlTLIQa,ALhaazBT,3.0
943,0,AUmOMGnp,YqlTLIQa,3.0
943,0,XFPAZveS,AUmOMGnp,3.0
938,0,qRJySzaf,HeRuYpNs,1.0
938,0,LTfflVxG,qRJySzaf,1.0
938,0,AhWKwjTz,LTfflVxG,1.0
938,0,VEiYdotb,AhWKwjTz,1.0
938,0,DgYBMgPg,VEiYdotb,1.0
938,0,yjQwxGED,DgYBMgPg,1.0
938,0,KPcRWbGT,yjQwxGED,1.0
938,0,uGRyXcfW,KPcRWbGT,1.0
938,0,HlhFjJtZ,uGRyXcfW,1.0
938,0,ALhaazBT,HlhFjJtZ,1.0
938,0,YqlTLIQa,ALhaazBT,1.0
938,0,AUmOMGnp,YqlTLIQa,1.0
938,0,XFPAZveS,AUmOMGnp,1.0
140,0,FZsFzszJ,gzTQJVMW,8.0
140,0,KgwKZlse,FZsFzszJ,7.0
140,0,AoRkaUmb,KgwKZlse,7.0
140,0,ALhaazBT,AoRkaUmb,7.0
140,0,YqlTLIQa,ALhaazBT,6.0
140,0,AUmOMGnp,YqlTLIQa,6.0
140,0,XFPAZveS,AUmOMGnp,5.0
130,0,pcONCDTC,CkSrqRXW,3.0
742,0,FZsFzszJ,gzTQJVMW,1.0
742,0,KgwKZlse,FZsFzszJ,1.0
742,0,ALhaazBT,KgwKZlse,1.0
742,0,YqlTLIQa,ALhaazBT,1.0
96,0,vyojaKRU,XiXLaJEL,18.0
96,0,puwcRgFs,vyojaKRU,18.0
1407,0,aIrbaHhk,dYlTtQAF,806.0
1407,0,JALpXpKc,aIrbaHhk,806.0
1407,0,WcOcULlY,JALpXpKc,806.0
1407,0,mZFKHZkN,WcOcULlY,806.0
1367,0,Phtvjmoj,NkYJOxxA,33.0
1367,0,iRgZVaoH,Phtvjmoj,33.0
1367,0,KbKyxild,iRgZVaoH,33.0
1367,0,WzJZybAt,KbKyxild,33.0
1367,0,wBZvskGC,WzJZybAt,32.0
1367,0,pHbSfQWg,wBZvskGC,26.0
1367,0,hlYcHDiv,pHbSfQWg,26.0
1367,0,ZUUFaTkv,hlYcHDiv,26.0
1367,0,jgCiOeaN,ZUUFaTkv,26.0
1367,0,TikfrWrm,jgCiOeaN,26.0
1367,0,RabBrvbh,TikfrWrm,26.0
1367,0,yAsGVYQM,RabBrvbh,26.0
1172,0,QESMqsTJ,JJzKKoaf,124.0
1172,0,ZtKBYERA,QESMqsTJ,157.0
1172,0,ZzGQqLDR,ZtKBYERA,157.0
1172,0,cwRIXHps,ZzGQqLDR,157.0
1172,0,jFhGTpOu,cwRIXHps,157.0
1172,0,btKesaAl,jFhGTpOu,157.0
1172,0,UTtjkhMN,btKesaAl,157.0
1172,0,BjxLEaiN,UTtjkhMN,157.0
1172,0,joGrBgeB,BjxLEaiN,175.0
1172,0,dkKDnHnJ,joGrBgeB,175.0
1172,0,PNniCxAw,ogOCBKAf,97.0
1172,0,aZaGhhAB,PNniCxAw,118.0
1172,0,CVcknAiw,aZaGhhAB,118.0
1172,0,uGkwFELU,CVcknAiw,118.0
1172,0,TCQmGnBb,uGkwFELU,118.0
1172,0,JJzKKoaf,TCQmGnBb,118.0
1029,0,thNcyzdj,KQaXxZDT,4324.0
1029,0,gWHAQwVu,thNcyzdj,4324.0
1121,0,dJdTBATy,XsvFZXJo,267.0
1121,0,PzVFlDkT,dJdTBATy,267.0
1121,0,RHzXTuOU,PzVFlDkT,267.0
1128,0,RHzXTuOU,PzVFlDkT,1104.0
242,0,dJdTBATy,XsvFZXJo,94.0
242,0,PzVFlDkT,dJdTBATy,94.0
242,0,RHzXTuOU,PzVFlDkT,94.0
1042,0,AoRkaUmb,bfpcjsiF,4.0
1042,0,ALhaazBT,AoRkaUmb,4.0
1042,0,YqlTLIQa,ALhaazBT,2.0
1042,0,AUmOMGnp,YqlTLIQa,2.0
1172,0,TztxJAVO,dkKDnHnJ,104.0
1172,0,xtcBaTeK,TztxJAVO,104.0
1020,0,WyfCQhSW,ogOCBKAf,963.0
1020,0,erxKyHjj,WyfCQhSW,965.0
1020,0,KjiBWoqR,erxKyHjj,965.0
1020,0,bYNwHuWo,KjiBWoqR,965.0
1020,0,MFfExqBx,bYNwHuWo,965.0
1020,0,qWvzRbGV,MFfExqBx,965.0
1020,0,PRzaSxQc,qWvzRbGV,965.0
1020,0,bfKiOFsS,PRzaSxQc,965.0
1020,0,eGbCulMV,bfKiOFsS,965.0
1020,0,CRVKBFrv,eGbCulMV,965.0
1020,0,zjOknQHK,CRVKBFrv,1032.0
1020,0,FrKNovDQ,zjOknQHK,1032.0
1020,0,nfCzcTzh,FrKNovDQ,1032.0
1020,0,ZYiWVpjK,nfCzcTzh,3729.0
1020,0,qTvRhwtK,ZYiWVpjK,3748.0
1020,0,rMamJjcH,qTvRhwtK,3748.0
1167,0,isqWGISG,idOCTaDY,6.0
1132,0,tBPmVbcK,qflzswAf,276.0
1132,0,DhBIcFJB,tBPmVbcK,276.0
1132,0,ByOODIxa,DhBIcFJB,276.0
1132,0,Ngsxsfae,ByOODIxa,276.0
1132,0,qDNcQeuw,Ngsxsfae,413.0
1132,0,DpfRSiIE,qDNcQeuw,413.0
1132,0,XsvFZXJo,DpfRSiIE,413.0
1132,0,dJdTBATy,XsvFZXJo,515.0
1132,0,PzVFlDkT,dJdTBATy,515.0
1132,0,RHzXTuOU,PzVFlDkT,515.0
751,0,OHOnJQtA,AmGPOhem,588.0
751,0,VwYVTziR,OHOnJQtA,588.0
751,0,MQGhRgQS,VwYVTziR,586.0
751,0,vHRzQkLM,MQGhRgQS,606.0
751,0,oPITKJYe,vHRzQkLM,606.0
751,0,POTYMsFk,oPITKJYe,606.0
751,0,LuAURVPA,POTYMsFk,585.0
751,0,DfYzlKXm,LuAURVPA,585.0
1212,0,LCJSaMch,ChOayZDF,24.0
242,0,yLXUQkCh,RHzXTuOU,73.0
1128,0,BoavYDPS,RHzXTuOU,851.0
1128,0,yLXUQkCh,BoavYDPS,851.0
1121,0,KpBBeKJM,RHzXTuOU,231.0
1128,0,KpBBeKJM,yLXUQkCh,798.0
242,0,KpBBeKJM,yLXUQkCh,72.0
1172,0,cKQpuLql,xtcBaTeK,77.0
168,0,mUBHBHFI,lczxXDao,1.0
168,0,xtcBaTeK,mUBHBHFI,1.0
168,0,cKQpuLql,xtcBaTeK,1.0
845,0,tBPmVbcK,qflzswAf,103.0
845,0,DhBIcFJB,tBPmVbcK,122.0
845,0,ByOODIxa,DhBIcFJB,122.0
845,0,HxSbXXdZ,ByOODIxa,122.0
845,0,zlRPdbBz,HxSbXXdZ,122.0
845,0,KQaXxZDT,zlRPdbBz,122.0
845,0,thNcyzdj,KQaXxZDT,129.0
845,0,gWHAQwVu,thNcyzdj,129.0
845,0,QrnyweDt,gWHAQwVu,144.0
845,0,KTKGWmNj,QrnyweDt,144.0
952,0,WzJZybAt,KbKyxild,50.0
952,0,wBZvskGC,WzJZybAt,50.0
1305,0,bYNwHuWo,KjiBWoqR,4.0
1210,0,ZYiWVpjK,nfCzcTzh,14.0
1210,0,qTvRhwtK,ZYiWVpjK,17.0
1210,0,rMamJjcH,qTvRhwtK,17.0
1210,0,XQBvMmKm,rMamJjcH,17.0
1210,0,hPGLMLbU,XQBvMmKm,47.0
1210,0,RIVMQHVF,hPGLMLbU,47.0
1210,0,TeSdyMFH,RIVMQHVF,47.0
1210,0,XDHbYGPc,TeSdyMFH,49.0
1210,0,qRqIHRjS,XDHbYGPc,49.0
1210,0,QFkvaGqn,qRqIHRjS,49.0
1210,0,OpqnHslm,QFkvaGqn,49.0
1210,0,NxijJQZJ,OpqnHslm,49.0
1210,0,dpFXbFTh,NxijJQZJ,49.0
1210,0,YpVxAvQG,YJykDsrc,6.0
1210,0,RinxBkUZ,YpVxAvQG,6.0
1210,0,LhgNVAOU,RinxBkUZ,6.0
1210,0,SOVcCDqR,LhgNVAOU,6.0
1210,0,QpprBOSr,SOVcCDqR,6.0
1210,0,xqQnPHkt,QpprBOSr,8.0
1210,0,IfTbUocE,xqQnPHkt,8.0
1210,0,OgnAStiZ,IfTbUocE,8.0
1210,0,NmJVuAxS,OgnAStiZ,8.0
1210,0,VFLsoIHD,NmJVuAxS,8.0
1210,0,LLWkkTwA,VFLsoIHD,8.0
1210,0,ZTMEdEeK,LLWkkTwA,8.0
1210,0,ogOCBKAf,ZTMEdEeK,8.0
1210,0,WyfCQhSW,ogOCBKAf,9.0
1210,0,erxKyHjj,WyfCQhSW,9.0
1210,0,KjiBWoqR,erxKyHjj,9.0
1210,0,bYNwHuWo,KjiBWoqR,9.0
1210,0,MFfExqBx,bYNwHuWo,9.0
1210,0,qWvzRbGV,MFfExqBx,9.0
1210,0,PRzaSxQc,qWvzRbGV,9.0
1210,0,bfKiOFsS,PRzaSxQc,9.0
1210,0,eGbCulMV,bfKiOFsS,9.0
1210,0,CRVKBFrv,eGbCulMV,9.0
1210,0,zjOknQHK,CRVKBFrv,9.0
1210,0,FrKNovDQ,zjOknQHK,9.0
1210,0,nfCzcTzh,FrKNovDQ,9.0
1029,0,diQHouff,hEihXJEh,2667.0
1029,0,kynUbZOw,diQHouff,2667.0
1029,0,OCOnFIfy,kynUbZOw,2667.0
1066,0,TQJSOMwc,qhfHNtOQ,415.0
1128,0,UgnVLYPx,KpBBeKJM,742.0
1128,0,qgzMfcCH,UgnVLYPx,742.0
1128,0,CSwPNDqz,qgzMfcCH,742.0
1128,0,zIFSdUXT,CSwPNDqz,742.0
1121,0,qgzMfcCH,KpBBeKJM,220.0
1121,0,CSwPNDqz,qgzMfcCH,220.0
1093,0,zrVEttwl,qmRscxuH,35.0
1093,0,KhQckqci,zrVEttwl,35.0
1093,0,NkYJOxxA,KhQckqci,35.0
1093,0,Phtvjmoj,NkYJOxxA,35.0
1020,0,XQBvMmKm,rMamJjcH,3746.0
1020,0,dtLFJEWb,XQBvMmKm,3846.0
1020,0,bCrrhAWe,dtLFJEWb,3926.0
1020,0,UcqSoUUq,bCrrhAWe,3966.0
1020,0,bDoBjPVm,UcqSoUUq,3966.0
1020,0,ZMonkEer,bDoBjPVm,3955.0
1029,0,EqKjvFoW,gWHAQwVu,4264.0
1029,0,NdHXpyCv,EqKjvFoW,4264.0
1029,0,zjKBXJki,NdHXpyCv,4264.0
1029,0,hEihXJEh,zjKBXJki,3996.0
1092,0,vDTAjOOR,yQmtaWgt,640.0
1092,0,VYHZxBYO,vDTAjOOR,626.0
547,0,fVolLZWv,jCwFOmxo,37.0
547,0,UPoJKlTB,fVolLZWv,37.0
547,0,yeocHgUH,UPoJKlTB,37.0
548,0,jCwFOmxo,lPZtleot,54.0
548,0,fVolLZWv,jCwFOmxo,21.0
548,0,UPoJKlTB,fVolLZWv,21.0
548,0,yeocHgUH,UPoJKlTB,21.0
927,0,nxBXRnVc,ZCeMNbFi,4.0
927,0,VKAAZZOV,nxBXRnVc,4.0
927,0,edTVGmZc,VKAAZZOV,4.0
927,0,eymgjBxV,edTVGmZc,4.0
927,0,nJRQzVZQ,eymgjBxV,4.0
927,0,rxrORjnb,nJRQzVZQ,4.0
927,0,yTictHOU,rxrORjnb,4.0
927,0,sTaleXyI,yTictHOU,4.0
927,0,illGQStO,sTaleXyI,4.0
927,0,zqZasXpA,illGQStO,4.0
927,0,AJLJQqsT,zqZasXpA,4.0
927,0,NCSBLEus,AJLJQqsT,4.0
927,0,xfbmoJHP,NCSBLEus,4.0
927,0,WdOwNGhj,xfbmoJHP,4.0
1095,0,VpjCLGIP,KlSqKJQr,2338.0
1095,0,CHKrEoSO,VpjCLGIP,2338.0
1095,0,yObWvrcA,CHKrEoSO,2338.0
1095,0,YTkOXVzm,yObWvrcA,2338.0
1095,0,ywNJwhFn,YTkOXVzm,2190.0
1095,0,yTlhXKos,ywNJwhFn,2190.0
1092,0,imyhTmbO,tkPbrZUX,795.0
1092,0,bTSeOnqx,imyhTmbO,825.0
1092,0,IjwJTwcG,bTSeOnqx,1205.0
1092,0,ywNJwhFn,IjwJTwcG,1205.0
1092,0,yTlhXKos,ywNJwhFn,1236.0
1095,0,XojRXAAa,ojqTFFWy,1138.0
1095,0,nAqhCgXt,XojRXAAa,2176.0
1095,0,zZZsLLct,nAqhCgXt,2176.0
1095,0,uQlhjcGr,zZZsLLct,2176.0
1095,0,nIbIRswk,uQlhjcGr,2176.0
1095,0,YfaruHLV,nIbIRswk,2176.0
1095,0,XpaxRhYo,YfaruHLV,2176.0
1095,0,qYsYtTjJ,XpaxRhYo,2243.0
1095,0,KlSqKJQr,qYsYtTjJ,2277.0
1095,0,ojqTFFWy,zjKsBdNQ,254.0
1212,0,ChOayZDF,GwQtabhX,22.0
1670,0,tBPmVbcK,qflzswAf,61.0
1670,0,DhBIcFJB,tBPmVbcK,72.0
1670,0,Ngsxsfae,DhBIcFJB,72.0
1670,0,DpfRSiIE,Ngsxsfae,72.0
1670,0,XsvFZXJo,DpfRSiIE,72.0
1670,0,dJdTBATy,XsvFZXJo,80.0
1670,0,RHzXTuOU,dJdTBATy,80.0
1670,0,BoavYDPS,RHzXTuOU,89.0
1670,0,yLXUQkCh,BoavYDPS,89.0
1670,0,KpBBeKJM,yLXUQkCh,95.0
1670,0,qgzMfcCH,KpBBeKJM,95.0
1670,0,SdkcBhFl,qgzMfcCH,95.0
1670,0,nYgtSeyB,SdkcBhFl,98.0
1670,0,gcvrclRe,nYgtSeyB,98.0
1670,0,YzYhtyzO,gcvrclRe,98.0
1121,0,kyzXrTZq,CSwPNDqz,219.0
242,0,CSwPNDqz,KpBBeKJM,69.0
242,0,kyzXrTZq,CSwPNDqz,69.0
1128,0,kyzXrTZq,zIFSdUXT,890.0
873,0,qflzswAf,WIZPpGvl,24.0
873,0,tBPmVbcK,qflzswAf,42.0
873,0,DhBIcFJB,tBPmVbcK,43.0
873,0,ByOODIxa,DhBIcFJB,45.0
873,0,Ngsxsfae,ByOODIxa,45.0
873,0,qDNcQeuw,Ngsxsfae,46.0
873,0,DpfRSiIE,qDNcQeuw,46.0
873,0,XsvFZXJo,DpfRSiIE,46.0
873,0,dJdTBATy,XsvFZXJo,47.0
873,0,PzVFlDkT,dJdTBATy,47.0
873,0,RHzXTuOU,PzVFlDkT,47.0
873,0,ZEXMhMxR,RHzXTuOU,97.0
873,0,kVhbTVuU,mnkgCFDT,1.0
873,0,IoxYvxeH,kVhbTVuU,1.0
873,0,yrlDljAC,IoxYvxeH,1.0
873,0,rBCwdRqs,yrlDljAC,1.0
873,0,olAnplnl,rBCwdRqs,1.0
873,0,hpCuKAjH,olAnplnl,1.0
873,0,tyeyrnYi,hpCuKAjH,1.0
873,0,HezLsNFQ,tyeyrnYi,1.0
873,0,eusqYKWT,HezLsNFQ,1.0
873,0,dCWftKsk,eusqYKWT,1.0
873,0,HpfZbCVA,dCWftKsk,1.0
873,0,glDvUhXc,HpfZbCVA,2.0
873,0,FhKkSAFH,glDvUhXc,2.0
873,0,taPJzyhF,FhKkSAFH,2.0
873,0,uaQvVFAB,taPJzyhF,2.0
873,0,MnTeelLR,uaQvVFAB,2.0
873,0,WIZPpGvl,MnTeelLR,17.0
1085,0,cudxYHxf,eJIFTpTd,1090.0
1085,0,WneZtuRq,cudxYHxf,1090.0
1020,0,BDmybVdG,sYDsxIhh,357.0
1367,0,XFPAZveS,yAsGVYQM,1.0
1367,0,ojqTFFWy,XFPAZveS,1.0
1024,0,WyfCQhSW,ogOCBKAf,808.0
1024,0,erxKyHjj,WyfCQhSW,826.0
1024,0,KjiBWoqR,erxKyHjj,826.0
1024,0,bYNwHuWo,KjiBWoqR,826.0
1024,0,MFfExqBx,bYNwHuWo,826.0
1024,0,qWvzRbGV,MFfExqBx,826.0
1024,0,PRzaSxQc,qWvzRbGV,826.0
1024,0,bfKiOFsS,PRzaSxQc,826.0
1024,0,eGbCulMV,bfKiOFsS,826.0
1024,0,CRVKBFrv,eGbCulMV,826.0
1024,0,zjOknQHK,CRVKBFrv,873.0
1024,0,FrKNovDQ,zjOknQHK,873.0
1024,0,nfCzcTzh,FrKNovDQ,873.0
1024,0,ZYiWVpjK,nfCzcTzh,2036.0
1024,0,qTvRhwtK,ZYiWVpjK,2057.0
1024,0,XQBvMmKm,qTvRhwtK,2057.0
1024,0,dtLFJEWb,XQBvMmKm,2449.0
1024,0,bCrrhAWe,dtLFJEWb,2755.0
1024,0,UcqSoUUq,bCrrhAWe,2840.0
1024,0,bDoBjPVm,UcqSoUUq,2840.0
1024,0,ZMonkEer,bDoBjPVm,2840.0
1024,0,WHGPMVcf,ZMonkEer,2860.0
1024,0,ISsnXLUH,WHGPMVcf,2888.0
1095,0,zjKsBdNQ,puwcRgFs,253.0
1092,0,EzrJiyuu,PYaiedjY,59.0
1092,0,mZAcIEme,EzrJiyuu,59.0
1092,0,LPSpTPgJ,mZAcIEme,59.0
1092,0,tkPbrZUX,LPSpTPgJ,59.0
1405,0,hasgHIpb,mZFKHZkN,2.0
1405,0,zttQgzJF,hasgHIpb,2.0
1405,0,fDeHEcoN,zttQgzJF,2.0
1405,0,SLBRjSUI,fDeHEcoN,2.0
1405,0,vXHOZRfg,SLBRjSUI,2.0
1405,0,vVYNiaQm,vXHOZRfg,2.0
1405,0,PCoLzpeW,vVYNiaQm,2.0
1405,0,ZuMtkZMj,PCoLzpeW,2.0
1019,0,bReIRTiV,CVPWCvNJ,199.0
1019,0,PdLgkxcT,bReIRTiV,199.0
1020,0,WHGPMVcf,ZMonkEer,353.0
1020,0,ZREdtiHO,WHGPMVcf,363.0
1020,0,qwyUufRP,ZREdtiHO,363.0
1121,0,BOpyePJp,kyzXrTZq,193.0
1121,0,NcDEDzEB,BOpyePJp,193.0
242,0,BOpyePJp,kyzXrTZq,57.0
242,0,NcDEDzEB,BOpyePJp,57.0
1128,0,BOpyePJp,kyzXrTZq,703.0
1128,0,NcDEDzEB,BOpyePJp,703.0
1092,0,WIFNytoC,yTlhXKos,756.0
1092,0,PorTAzNX,WIFNytoC,756.0
1092,0,OjBZWzOO,PorTAzNX,782.0
1095,0,WIFNytoC,yTlhXKos,1446.0
1095,0,PorTAzNX,WIFNytoC,1446.0
1095,0,OjBZWzOO,PorTAzNX,1425.0
1095,0,KrLSLIZd,OjBZWzOO,1396.0
1095,0,yQmtaWgt,KrLSLIZd,1396.0
1361,0,AszcEtOu,BpAiVnps,1.0
1361,0,TCqyxHhF,AszcEtOu,1.0
1361,0,PIUpvPaY,TCqyxHhF,1.0
1361,0,XCZfXGna,PIUpvPaY,1.0
1361,0,FYonLsVT,XCZfXGna,1.0
1361,0,voXQjjKh,FYonLsVT,1.0
1361,0,pKTlpooZ,voXQjjKh,1.0
1361,0,OVaoEscJ,pKTlpooZ,1.0
1361,0,xQqwXgNZ,OVaoEscJ,1.0
1361,0,BMprcpdo,xQqwXgNZ,1.0
1361,0,YpVxAvQG,BMprcpdo,1.0
1361,0,RinxBkUZ,YpVxAvQG,1.0
1361,0,LhgNVAOU,RinxBkUZ,1.0
1361,0,bPdCVhrp,LhgNVAOU,1.0
1361,0,SOVcCDqR,bPdCVhrp,1.0
1361,0,FYhykdTj,SOVcCDqR,1.0
1361,0,QpprBOSr,FYhykdTj,1.0
1361,0,Plxavose,QpprBOSr,1.0
1361,0,xqQnPHkt,Plxavose,1.0
1361,0,IfTbUocE,xqQnPHkt,1.0
1361,0,OgnAStiZ,IfTbUocE,1.0
1361,0,NmJVuAxS,OgnAStiZ,1.0
1361,0,VFLsoIHD,NmJVuAxS,1.0
1361,0,LLWkkTwA,VFLsoIHD,1.0
1361,0,ZTMEdEeK,LLWkkTwA,1.0
1361,0,ogOCBKAf,ZTMEdEeK,1.0
1361,0,WyfCQhSW,ogOCBKAf,1.0
1361,0,erxKyHjj,WyfCQhSW,1.0
1361,0,KjiBWoqR,erxKyHjj,1.0
1361,0,bYNwHuWo,KjiBWoqR,1.0
1361,0,MFfExqBx,bYNwHuWo,1.0
1361,0,qWvzRbGV,MFfExqBx,1.0
1361,0,PRzaSxQc,qWvzRbGV,1.0
1361,0,bfKiOFsS,PRzaSxQc,1.0
1361,0,eGbCulMV,bfKiOFsS,1.0
1361,0,CRVKBFrv,eGbCulMV,1.0
1361,0,zjOknQHK,CRVKBFrv,1.0
1361,0,FrKNovDQ,zjOknQHK,1.0
1361,0,nfCzcTzh,FrKNovDQ,1.0
1361,0,ZYiWVpjK,nfCzcTzh,1.0
1361,0,qTvRhwtK,ZYiWVpjK,1.0
1361,0,rMamJjcH,qTvRhwtK,1.0
1361,0,XQBvMmKm,rMamJjcH,1.0
1361,0,dtLFJEWb,XQBvMmKm,1.0
1361,0,bCrrhAWe,dtLFJEWb,1.0
1361,0,UcqSoUUq,bCrrhAWe,1.0
1361,0,bDoBjPVm,UcqSoUUq,1.0
1361,0,ZMonkEer,bDoBjPVm,1.0
1361,0,ISsnXLUH,ZMonkEer,1.0
1361,0,vEvIjqMc,ISsnXLUH,1.0
1361,0,JfDYhvZz,vEvIjqMc,1.0
1361,0,oLFGxTGd,JfDYhvZz,1.0
1024,0,ATfuHlGy,ISsnXLUH,485.0
1024,0,vEvIjqMc,ATfuHlGy,485.0
1024,0,JfDYhvZz,vEvIjqMc,478.0
1024,0,NwMeBpFQ,JfDYhvZz,478.0
1024,0,hNkOvWXQ,NwMeBpFQ,474.0
1574,0,uuIZngLh,rWJbJwsc,1.0
1574,0,gHWJyJxY,uuIZngLh,1.0
1574,0,oXQrzcje,gHWJyJxY,1.0
1574,0,fyqDJAhS,oXQrzcje,1.0
1574,0,CSzsuVOH,fyqDJAhS,1.0
1574,0,aUZoPZMc,CSzsuVOH,1.0
1574,0,xOhGqygU,aUZoPZMc,1.0
1574,0,qOuhMtTj,xOhGqygU,1.0
1574,0,KCvWJpxq,qOuhMtTj,1.0
1574,0,YcrsfAeA,KCvWJpxq,1.0
1574,0,cfrRCwNB,YcrsfAeA,1.0
1574,0,TFSGEQcQ,cfrRCwNB,1.0
1574,0,fjFZwaYy,TFSGEQcQ,1.0
1574,0,nxFmOJAJ,fjFZwaYy,1.0
1574,0,GznDzxNt,nxFmOJAJ,1.0
1574,0,jappmlZc,GznDzxNt,1.0
1574,0,JGAJXRSN,jappmlZc,1.0
1574,0,SDEQaVyD,JGAJXRSN,1.0
1574,0,rJvLUxkA,SDEQaVyD,2.0
1574,0,dYlTtQAF,rJvLUxkA,2.0
1574,0,aIrbaHhk,dYlTtQAF,2.0
1574,0,WcOcULlY,aIrbaHhk,2.0
1574,0,mZFKHZkN,WcOcULlY,2.0
1574,0,hasgHIpb,mZFKHZkN,3.0
1574,0,zttQgzJF,hasgHIpb,3.0
1574,0,fDeHEcoN,zttQgzJF,3.0
1574,0,SLBRjSUI,fDeHEcoN,3.0
1574,0,vXHOZRfg,SLBRjSUI,3.0
1574,0,vVYNiaQm,vXHOZRfg,3.0
1574,0,PCoLzpeW,vVYNiaQm,3.0
1574,0,ZuMtkZMj,PCoLzpeW,3.0
1574,0,BcDUAKxF,ZuMtkZMj,3.0
1574,0,jJqyLkNG,BcDUAKxF,3.0
1574,0,kZlpJvjE,jJqyLkNG,4.0
1037,0,CRypXqTk,KlSqKJQr,417.0
1037,0,PYaiedjY,CRypXqTk,417.0
1037,0,EzrJiyuu,PYaiedjY,423.0
1037,0,mZAcIEme,EzrJiyuu,423.0
1037,0,LPSpTPgJ,mZAcIEme,423.0
1037,0,AoIEptMM,LPSpTPgJ,423.0
1037,0,imyhTmbO,AoIEptMM,435.0
1037,0,bTSeOnqx,imyhTmbO,435.0
1037,0,yCXbqkBs,bTSeOnqx,489.0
1037,0,wBoWGskO,yCXbqkBs,489.0
1037,0,FYojKDQC,wBoWGskO,489.0
1037,0,riqYNvhO,FYojKDQC,489.0
1037,0,nvXuJriv,riqYNvhO,512.0
1037,0,ljAdwZQx,nvXuJriv,520.0
1037,0,MMTihhSZ,ljAdwZQx,562.0
1037,0,njohAsHY,MMTihhSZ,562.0
1037,0,XAYpuJXt,njohAsHY,562.0
1037,0,aJLjpITr,XAYpuJXt,562.0
1037,0,bOLOjiIO,aJLjpITr,873.0
1037,0,wplYsKZY,bOLOjiIO,800.0
1037,0,NIHIRqnZ,wplYsKZY,800.0
1037,0,IkEoBHlk,NIHIRqnZ,781.0
1037,0,TPJRAOrt,IkEoBHlk,781.0
1037,0,wtfdArpr,TPJRAOrt,708.0
1037,0,VTbufxnV,wtfdArpr,708.0
1037,0,UEqgngwR,VTbufxnV,766.0
1037,0,noxZOiRl,UEqgngwR,766.0
1037,0,eLJZyPxv,noxZOiRl,766.0
1037,0,ZsmZvPrK,eLJZyPxv,757.0
1037,0,MMfKYZmE,ZsmZvPrK,757.0
1037,0,MvGjEBBL,MMfKYZmE,757.0
1088,0,CVPWCvNJ,BDmybVdG,144.0
1088,0,muVREKCV,CVPWCvNJ,374.0
1088,0,BsRMZbGV,muVREKCV,374.0
1031,0,PCoLzpeW,vVYNiaQm,599.0
1031,0,jhveKcoA,PCoLzpeW,599.0
1031,0,OjBZWzOO,jhveKcoA,599.0
751,0,oOCTcNdW,DfYzlKXm,270.0
751,0,pGtbhfkH,oOCTcNdW,269.0
751,0,fiQiCtwF,pGtbhfkH,269.0
751,0,bwmOWcVr,fiQiCtwF,269.0
751,0,YZpWLtUD,bwmOWcVr,269.0
1024,0,fAHeYbsJ,hNkOvWXQ,472.0
1024,0,YeMdKIsv,fAHeYbsJ,460.0
1024,0,JKUDRqIp,YeMdKIsv,460.0
1024,0,ixunSlAs,JKUDRqIp,460.0
1024,0,sYDsxIhh,ixunSlAs,460.0
1024,0,gOnMxlos,sYDsxIhh,435.0
1024,0,iIARpDWU,gOnMxlos,435.0
1024,0,BDmybVdG,iIARpDWU,49.0
1108,0,tBPmVbcK,qflzswAf,274.0
1108,0,DhBIcFJB,tBPmVbcK,274.0
1108,0,ByOODIxa,DhBIcFJB,296.0
1108,0,HxSbXXdZ,ByOODIxa,296.0
1108,0,zlRPdbBz,HxSbXXdZ,296.0
1108,0,KQaXxZDT,zlRPdbBz,296.0
1108,0,thNcyzdj,KQaXxZDT,300.0
1108,0,gWHAQwVu,thNcyzdj,300.0
1108,0,laDYeHNU,gWHAQwVu,300.0
1108,0,EqKjvFoW,laDYeHNU,300.0
1108,0,NdHXpyCv,EqKjvFoW,300.0
1108,0,zjKBXJki,NdHXpyCv,300.0
1108,0,hEihXJEh,zjKBXJki,300.0
1108,0,iqMJUHot,hEihXJEh,310.0
1108,0,CSBDiLzN,iqMJUHot,310.0
1108,0,BeRwFfIz,CSBDiLzN,310.0
1108,0,VjDsPPFB,BeRwFfIz,310.0
1108,0,mmqTHjuO,VjDsPPFB,310.0
1108,0,qPaBcVFr,mmqTHjuO,310.0
1108,0,rGzXXKgE,qPaBcVFr,310.0
1108,0,UMTLMNkc,rGzXXKgE,310.0
1350,0,BtOIBpGz,ETbpojBo,211.0
1350,0,zPRLnBWY,BtOIBpGz,211.0
1350,0,ZYiWVpjK,nfCzcTzh,36.0
1350,0,qTvRhwtK,ZYiWVpjK,36.0
1350,0,rMamJjcH,qTvRhwtK,36.0
1350,0,XQBvMmKm,rMamJjcH,36.0
1350,0,hPGLMLbU,XQBvMmKm,156.0
1350,0,RIVMQHVF,hPGLMLbU,217.0
1350,0,KnZwSPch,RIVMQHVF,217.0
1350,0,kzVeZOug,KnZwSPch,218.0
1350,0,SjbStynf,kzVeZOug,218.0
1350,0,ETbpojBo,SjbStynf,218.0
1350,0,JPPpoTSL,zPRLnBWY,210.0
1350,0,nZBlQeCn,JPPpoTSL,210.0
1350,0,uuJJSerx,nZBlQeCn,210.0
1350,0,gQzVJRdQ,uuJJSerx,210.0
1108,0,fwxIzXcp,UMTLMNkc,272.0
1026,0,YczuIoUc,TQpFrPqQ,4.0
774,0,lzmDRtwN,AlpXiRiW,4.0
774,0,mVndxrwG,lzmDRtwN,4.0
774,0,TgetSQHU,mVndxrwG,4.0
1031,0,goRcVeQH,UgzfanVk,1.0
1031,0,rJvLUxkA,goRcVeQH,1.0
1031,0,dYlTtQAF,rJvLUxkA,1.0
1031,0,aIrbaHhk,dYlTtQAF,3.0
1031,0,JALpXpKc,aIrbaHhk,3.0
1031,0,WcOcULlY,JALpXpKc,3.0
1031,0,mZFKHZkN,WcOcULlY,3.0
1031,0,hasgHIpb,mZFKHZkN,14.0
1031,0,zttQgzJF,hasgHIpb,14.0
1031,0,fDeHEcoN,zttQgzJF,14.0
1031,0,SLBRjSUI,fDeHEcoN,14.0
1031,0,MGIiIvBH,SLBRjSUI,14.0
1031,0,LObiCWKO,MGIiIvBH,14.0
1031,0,wfyTeotc,LObiCWKO,14.0
1031,0,hBSPMzNd,wfyTeotc,22.0
1031,0,NMFCXTQH,hBSPMzNd,22.0
1031,0,irunVpff,NMFCXTQH,22.0
1031,0,SoTLWNOq,irunVpff,22.0
1031,0,rmmCKKeS,SoTLWNOq,22.0
1031,0,vVYNiaQm,rmmCKKeS,22.0
1350,0,bYNwHuWo,WyfCQhSW,5.0
1350,0,MFfExqBx,bYNwHuWo,5.0
1350,0,qWvzRbGV,MFfExqBx,5.0
1350,0,PRzaSxQc,qWvzRbGV,5.0
1350,0,bfKiOFsS,PRzaSxQc,5.0
1350,0,eGbCulMV,bfKiOFsS,5.0
1350,0,CRVKBFrv,eGbCulMV,5.0
1350,0,zjOknQHK,CRVKBFrv,8.0
1350,0,FrKNovDQ,zjOknQHK,8.0
1350,0,nfCzcTzh,FrKNovDQ,8.0
1350,0,WyfCQhSW,ogOCBKAf,4.0
751,0,aLRPqQhq,YZpWLtUD,259.0
751,0,mSljWdzX,aLRPqQhq,259.0
751,0,PAsYxpUt,mSljWdzX,259.0
751,0,ILhwWAuu,PAsYxpUt,259.0
751,0,IAqHsGfg,ILhwWAuu,259.0
751,0,JbVeQOiO,IAqHsGfg,259.0
751,0,WKiVoaSt,JbVeQOiO,259.0
1095,0,vDTAjOOR,yQmtaWgt,1335.0
1095,0,VYHZxBYO,vDTAjOOR,1335.0
1085,0,nvXuJriv,riqYNvhO,1590.0
1085,0,ljAdwZQx,nvXuJriv,1553.0
1085,0,MMTihhSZ,ljAdwZQx,1499.0
1085,0,njohAsHY,MMTihhSZ,1499.0
1085,0,XAYpuJXt,njohAsHY,1499.0
1085,0,eJIFTpTd,XAYpuJXt,1499.0
1085,0,vDTAjOOR,yQmtaWgt,705.0
1031,0,KrLSLIZd,OjBZWzOO,567.0
1031,0,yQmtaWgt,KrLSLIZd,567.0
1031,0,vDTAjOOR,yQmtaWgt,271.0
1031,0,VYHZxBYO,vDTAjOOR,271.0
1020,0,JKUDRqIp,YeMdKIsv,364.0
1020,0,ixunSlAs,JKUDRqIp,364.0
1020,0,sYDsxIhh,ixunSlAs,364.0
1020,0,RRRcnUab,qwyUufRP,330.0
1020,0,elkChQHJ,RRRcnUab,330.0
1020,0,fAHeYbsJ,elkChQHJ,330.0
1020,0,YeMdKIsv,fAHeYbsJ,323.0
1128,0,PslqBzpy,NcDEDzEB,687.0
1128,0,FcIwyDhH,PslqBzpy,687.0
1128,0,oFutYOve,FcIwyDhH,687.0
1128,0,TKdEYLTT,oFutYOve,687.0
1128,0,PRqBOnQV,TKdEYLTT,687.0
1128,0,tKHOTHLP,PRqBOnQV,687.0
1029,0,FrCulsqF,VYHZxBYO,1150.0
1029,0,otbIuZHd,FrCulsqF,1150.0
1121,0,PslqBzpy,NcDEDzEB,170.0
1121,0,FcIwyDhH,PslqBzpy,170.0
1121,0,oFutYOve,FcIwyDhH,170.0
1121,0,TKdEYLTT,oFutYOve,170.0
1121,0,PRqBOnQV,TKdEYLTT,170.0
1121,0,tKHOTHLP,PRqBOnQV,170.0
1121,0,JYjcxadu,tKHOTHLP,44.0
1121,0,dIzWcSEA,JYjcxadu,44.0
1121,0,MlpnqsOY,dIzWcSEA,1.0
1121,0,YIEuAZyW,MlpnqsOY,1.0
1121,0,iIARpDWU,YIEuAZyW,1.0
1121,0,BDmybVdG,iIARpDWU,1.0
242,0,PslqBzpy,NcDEDzEB,56.0
242,0,FcIwyDhH,PslqBzpy,56.0
242,0,oFutYOve,FcIwyDhH,56.0
242,0,TKdEYLTT,oFutYOve,56.0
242,0,PRqBOnQV,TKdEYLTT,56.0
242,0,tKHOTHLP,PRqBOnQV,56.0
242,0,JYjcxadu,tKHOTHLP,4.0
242,0,YIEuAZyW,JYjcxadu,4.0
242,0,iIARpDWU,YIEuAZyW,4.0
242,0,BDmybVdG,iIARpDWU,4.0
249,0,PslqBzpy,hfZqYEAo,4.0
249,0,FcIwyDhH,PslqBzpy,4.0
249,0,oFutYOve,FcIwyDhH,4.0
249,0,TKdEYLTT,oFutYOve,4.0
249,0,PRqBOnQV,TKdEYLTT,4.0
249,0,tKHOTHLP,PRqBOnQV,4.0
1029,0,MnOJOxue,otbIuZHd,1204.0
1029,0,xxspkKkA,MnOJOxue,1204.0
1029,0,yRzWvBCa,xxspkKkA,1204.0
1029,0,jaDdFMxy,yRzWvBCa,1204.0
1029,0,dNagXJoD,jaDdFMxy,1204.0
249,0,hfZqYEAo,tpYpVLnP,3.0
249,0,JYjcxadu,tKHOTHLP,3.0
249,0,MlpnqsOY,JYjcxadu,3.0
249,0,YIEuAZyW,MlpnqsOY,3.0
249,0,iIARpDWU,YIEuAZyW,3.0
1023,0,bReIRTiV,CVPWCvNJ,492.0
1023,0,PdLgkxcT,bReIRTiV,492.0
1023,0,mxJvcQxS,PdLgkxcT,560.0
1023,0,tSdKaLnH,mxJvcQxS,560.0
1023,0,HoEIDywv,tSdKaLnH,560.0
1023,0,bLNlBUaT,HoEIDywv,560.0
1023,0,AwPzPEra,bLNlBUaT,569.0
1023,0,CVPWCvNJ,BDmybVdG,155.0
1108,0,WmSrnULk,fwxIzXcp,270.0
1025,0,nwkrSJhR,fjelfjhU,2.0
1368,0,XojRXAAa,ojqTFFWy,12.0
1368,0,nAqhCgXt,XojRXAAa,52.0
1368,0,zZZsLLct,nAqhCgXt,52.0
1368,0,uQlhjcGr,zZZsLLct,52.0
1368,0,nIbIRswk,uQlhjcGr,52.0
1368,0,YfaruHLV,nIbIRswk,52.0
1368,0,PkIPVRtB,YfaruHLV,52.0
1368,0,XpaxRhYo,PkIPVRtB,52.0
1368,0,qYsYtTjJ,XpaxRhYo,53.0
1368,0,KlSqKJQr,qYsYtTjJ,53.0
1368,0,CRypXqTk,KlSqKJQr,53.0
1368,0,PYaiedjY,CRypXqTk,53.0
1368,0,EzrJiyuu,PYaiedjY,54.0
1368,0,mZAcIEme,EzrJiyuu,54.0
1368,0,LPSpTPgJ,mZAcIEme,54.0
1368,0,tkPbrZUX,LPSpTPgJ,54.0
1368,0,imyhTmbO,tkPbrZUX,60.0
1368,0,bTSeOnqx,imyhTmbO,60.0
1368,0,yCXbqkBs,bTSeOnqx,77.0
1368,0,wBoWGskO,yCXbqkBs,77.0
1368,0,FYojKDQC,wBoWGskO,77.0
1368,0,riqYNvhO,FYojKDQC,77.0
1368,0,nvXuJriv,riqYNvhO,87.0
1368,0,ljAdwZQx,nvXuJriv,100.0
1368,0,MMTihhSZ,ljAdwZQx,121.0
1368,0,njohAsHY,MMTihhSZ,121.0
1368,0,vigCHzUD,njohAsHY,121.0
1368,0,MnGOlshE,vigCHzUD,121.0
330,0,aUZoPZMc,dCWftKsk,100.0
330,0,xOhGqygU,aUZoPZMc,100.0
330,0,qOuhMtTj,xOhGqygU,100.0
330,0,YcrsfAeA,qOuhMtTj,100.0
330,0,cfrRCwNB,YcrsfAeA,100.0
330,0,TFSGEQcQ,cfrRCwNB,100.0
330,0,fjFZwaYy,TFSGEQcQ,100.0
330,0,lSWJJvzr,fjFZwaYy,100.0
330,0,nxFmOJAJ,lSWJJvzr,100.0
330,0,jappmlZc,nxFmOJAJ,100.0
330,0,JGAJXRSN,jappmlZc,100.0
330,0,SDEQaVyD,JGAJXRSN,100.0
330,0,rJvLUxkA,SDEQaVyD,144.0
330,0,aIrbaHhk,rJvLUxkA,144.0
330,0,JALpXpKc,aIrbaHhk,144.0
330,0,WcOcULlY,JALpXpKc,144.0
330,0,hasgHIpb,WcOcULlY,144.0
330,0,SLBRjSUI,hasgHIpb,144.0
330,0,vztyQdds,SLBRjSUI,144.0
330,0,vVYNiaQm,vztyQdds,387.0
330,0,hXVJsXkF,vVYNiaQm,820.0
1113,0,ygaPVVOX,NjRgIRup,142.0
1113,0,SgmzKmGa,ygaPVVOX,142.0
1113,0,EKGAgXOm,SgmzKmGa,148.0
1113,0,CfDISmMN,EKGAgXOm,148.0
1113,0,RpAFtJSl,CfDISmMN,160.0
1113,0,PcvuCqyL,RpAFtJSl,165.0
1113,0,HNejbQWJ,PcvuCqyL,165.0
1113,0,lyEtzViy,HNejbQWJ,166.0
1113,0,uVrlMgNx,lyEtzViy,184.0
1113,0,ZsNhjIbg,uVrlMgNx,197.0
1113,0,GhOGJPtU,ZsNhjIbg,197.0
1113,0,WOuDNhbw,GhOGJPtU,208.0
1113,0,oWUXSqrA,WOuDNhbw,208.0
1113,0,CYkmgDbv,oWUXSqrA,208.0
1113,0,ORrZduNE,CYkmgDbv,218.0
1113,0,eypuAxqa,ORrZduNE,218.0
1113,0,DSVnhmbs,eypuAxqa,219.0
1113,0,hCKRONaA,DSVnhmbs,237.0
1113,0,TGKbjQzH,hCKRONaA,237.0
1113,0,RoreEsYU,TGKbjQzH,237.0
1113,0,AlpXiRiW,RoreEsYU,237.0
1113,0,btFKFkYA,AlpXiRiW,382.0
1113,0,jLrhssle,btFKFkYA,382.0
1113,0,FvRFCvLd,jLrhssle,382.0
1113,0,iZvOtZpy,FvRFCvLd,382.0
1113,0,tkjaIDXe,iZvOtZpy,382.0
1113,0,TfgNGDen,tkjaIDXe,382.0
1113,0,PAhNkZlS,TfgNGDen,382.0
1113,0,ppYufOCR,PAhNkZlS,382.0
1113,0,siLHVqvQ,ppYufOCR,382.0
1113,0,jZWnwWbL,siLHVqvQ,382.0
330,0,bnmlnfPt,hXVJsXkF,234.0
1108,0,crCLDvLL,WmSrnULk,785.0
1108,0,gvtVkOCs,crCLDvLL,785.0
1108,0,wmQoUVus,gvtVkOCs,785.0
1108,0,BdLjIrSJ,wmQoUVus,785.0
1108,0,uBeHrtVj,BdLjIrSJ,785.0
1108,0,rpQJKYcp,uBeHrtVj,785.0
1108,0,jYzIDNQM,rpQJKYcp,785.0
1108,0,LGkMSSTO,jYzIDNQM,754.0
1108,0,SZGwgIRz,LGkMSSTO,754.0
1046,0,OdbRrJhV,RVEyrwjR,4.0
1046,0,NSvMYbfW,OdbRrJhV,4.0
1046,0,tkPbrZUX,NSvMYbfW,4.0
1046,0,imyhTmbO,tkPbrZUX,4.0
1046,0,bTSeOnqx,imyhTmbO,4.0
1046,0,yCXbqkBs,bTSeOnqx,4.0
1046,0,wBoWGskO,yCXbqkBs,4.0
1046,0,FYojKDQC,wBoWGskO,4.0
1046,0,riqYNvhO,FYojKDQC,4.0
1046,0,nvXuJriv,riqYNvhO,4.0
1046,0,ljAdwZQx,nvXuJriv,4.0
1046,0,MMTihhSZ,ljAdwZQx,4.0
1046,0,njohAsHY,MMTihhSZ,4.0
1046,0,XAYpuJXt,njohAsHY,4.0
1046,0,aJLjpITr,XAYpuJXt,4.0
1046,0,bOLOjiIO,aJLjpITr,4.0
1044,0,RyPegcUV,qPtpgxic,17.0
1044,0,OdbRrJhV,RyPegcUV,50.0
1044,0,NSvMYbfW,OdbRrJhV,54.0
1044,0,tkPbrZUX,NSvMYbfW,54.0
1044,0,imyhTmbO,tkPbrZUX,54.0
1044,0,bTSeOnqx,imyhTmbO,54.0
1044,0,yCXbqkBs,bTSeOnqx,54.0
1044,0,wBoWGskO,yCXbqkBs,54.0
1044,0,FYojKDQC,wBoWGskO,54.0
1044,0,riqYNvhO,FYojKDQC,54.0
1044,0,nvXuJriv,riqYNvhO,54.0
1044,0,ljAdwZQx,nvXuJriv,54.0
1044,0,MMTihhSZ,ljAdwZQx,54.0
1044,0,njohAsHY,MMTihhSZ,54.0
1044,0,XAYpuJXt,njohAsHY,54.0
1044,0,aJLjpITr,XAYpuJXt,54.0
1044,0,bOLOjiIO,aJLjpITr,54.0
1037,0,XojRXAAa,ojqTFFWy,184.0
1037,0,nAqhCgXt,XojRXAAa,355.0
1037,0,zZZsLLct,nAqhCgXt,355.0
1037,0,uQlhjcGr,zZZsLLct,355.0
1037,0,nIbIRswk,uQlhjcGr,355.0
1037,0,YfaruHLV,nIbIRswk,355.0
1037,0,PkIPVRtB,YfaruHLV,355.0
1037,0,XpaxRhYo,PkIPVRtB,355.0
1037,0,qYsYtTjJ,XpaxRhYo,366.0
1037,0,KlSqKJQr,qYsYtTjJ,392.0
1037,0,zjKsBdNQ,puwcRgFs,80.0
1037,0,ojqTFFWy,zjKsBdNQ,80.0
1113,0,pMUlUuQz,jZWnwWbL,431.0
1108,0,wdwKrYEW,SZGwgIRz,56.0
1108,0,JKvsAaVu,wdwKrYEW,56.0
1108,0,bXxqoWoM,JKvsAaVu,56.0
1108,0,lyukJwbV,bXxqoWoM,56.0
1044,0,wplYsKZY,bOLOjiIO,48.0
1044,0,NIHIRqnZ,wplYsKZY,48.0
1034,0,tBPmVbcK,qflzswAf,1.0
1034,0,DhBIcFJB,tBPmVbcK,1.0
1034,0,ByOODIxa,DhBIcFJB,1.0
1034,0,HxSbXXdZ,ByOODIxa,1.0
1034,0,zlRPdbBz,HxSbXXdZ,1.0
1034,0,KQaXxZDT,zlRPdbBz,1.0
1034,0,thNcyzdj,KQaXxZDT,1.0
1034,0,gWHAQwVu,thNcyzdj,1.0
1034,0,EqKjvFoW,gWHAQwVu,1.0
1034,0,NdHXpyCv,EqKjvFoW,1.0
1034,0,zjKBXJki,NdHXpyCv,1.0
1034,0,hEihXJEh,zjKBXJki,1.0
1034,0,diQHouff,hEihXJEh,1.0
1034,0,kynUbZOw,diQHouff,1.0
1034,0,OCOnFIfy,kynUbZOw,1.0
1034,0,IZqJbTkm,OCOnFIfy,1.0
1034,0,wSvecpjF,IZqJbTkm,1.0
1034,0,oXipkDtF,wSvecpjF,1.0
1034,0,fRZGgvoY,oXipkDtF,1.0
1034,0,bAUDGUNb,fRZGgvoY,1.0
1034,0,VYHZxBYO,bAUDGUNb,1.0
1034,0,FrCulsqF,VYHZxBYO,3.0
1034,0,otbIuZHd,FrCulsqF,3.0
1034,0,MnOJOxue,otbIuZHd,4.0
1034,0,xxspkKkA,MnOJOxue,4.0
1034,0,yRzWvBCa,xxspkKkA,4.0
1034,0,jaDdFMxy,yRzWvBCa,4.0
1034,0,dNagXJoD,jaDdFMxy,4.0
1034,0,rNCpaLXo,dNagXJoD,4.0
1034,0,OKRHcdUy,rNCpaLXo,7.0
1034,0,iPhdYOzt,OKRHcdUy,7.0
1108,0,dimGAuTR,lyukJwbV,33.0
1108,0,FXZSvJoP,dimGAuTR,33.0
1036,0,gldIDkMU,fwlJPxCU,2.0
1036,0,JdPMCVUN,gldIDkMU,2.0
1036,0,VpHOqNar,JdPMCVUN,2.0
1036,0,BAePGsuO,VpHOqNar,2.0
1036,0,ajteUQkz,BAePGsuO,2.0
1036,0,XmmyKsTm,ajteUQkz,2.0
1036,0,gNJqbiHM,XmmyKsTm,2.0
1036,0,NrUUQlkk,gNJqbiHM,2.0
1036,0,yQmtaWgt,NrUUQlkk,2.0
1036,0,vDTAjOOR,yQmtaWgt,1.0
1036,0,VYHZxBYO,vDTAjOOR,1.0
1113,0,IfUoaxeT,pMUlUuQz,421.0
1046,0,wplYsKZY,bOLOjiIO,3.0
1046,0,NIHIRqnZ,wplYsKZY,3.0
1046,0,IkEoBHlk,NIHIRqnZ,3.0
1046,0,TPJRAOrt,IkEoBHlk,3.0
1044,0,IkEoBHlk,NIHIRqnZ,29.0
1044,0,TPJRAOrt,IkEoBHlk,29.0
1044,0,wtfdArpr,TPJRAOrt,28.0
1044,0,VTbufxnV,wtfdArpr,28.0
1044,0,UEqgngwR,VTbufxnV,26.0
1044,0,noxZOiRl,UEqgngwR,26.0
1044,0,eLJZyPxv,noxZOiRl,26.0
1044,0,ZsmZvPrK,eLJZyPxv,20.0
1044,0,MMfKYZmE,ZsmZvPrK,20.0
1044,0,MvGjEBBL,MMfKYZmE,20.0
1044,0,KzCxlBoL,SEVBrkvc,2.0
1044,0,qPtpgxic,KzCxlBoL,2.0
536,0,xiCfcAgb,AszcEtOu,104.0
536,0,bsQVAuyn,xiCfcAgb,104.0
536,0,QoKDjrWo,bsQVAuyn,104.0
536,0,zjKBXJki,QoKDjrWo,154.0
536,0,OCOnFIfy,zjKBXJki,422.0
536,0,wSvecpjF,OCOnFIfy,422.0
536,0,FrCulsqF,wSvecpjF,422.0
536,0,rNCpaLXo,FrCulsqF,446.0
536,0,bfhpfFPJ,rNCpaLXo,446.0
536,0,wnmgNjXN,bfhpfFPJ,446.0
536,0,QIOPMpXz,wnmgNjXN,446.0
