route_id,direction_id,from_stop,to_stop,volume
973,0,EkWBPXmr,udlIzhJE,2124.0
14,0,nCsqpnJo,nsjiKPCz,112.0
14,0,fOfcyQgJ,nCsqpnJo,67.0
585,0,TPFTQSyz,qdrjbHYS,843.0
585,0,awOEKaEj,TPFTQSyz,336.0
585,0,gRuqifBH,awOEKaEj,340.0
585,0,EkWBPXmr,gRuqifBH,926.0
585,0,qdrjbHYS,jeadfqyj,40.0
16,0,cCEhgrAc,srZucbpJ,1455.0
16,0,rnFrOJMw,cCEhgrAc,1367.0
16,0,gUXxyAlR,rnFrOJMw,205.0
293,0,bEuFbYIx,gUXxyAlR,2445.0
293,0,EkWBPXmr,bEuFbYIx,2455.0
273,0,bRAzuzSs,iuOUwLky,5831.0
273,0,OwpcAtJV,bRAzuzSs,215.0
273,0,isVKhOXG,OwpcAtJV,1188.0
273,0,cttUtMNm,isVKhOXG,1648.0
235,0,EkWBPXmr,cttUtMNm,4771.0
1198,0,FDPmqphv,gOJphFVT,858.0
1198,0,bvSKVAYv,FDPmqphv,1930.0
1198,0,zVYhNTdK,bvSKVAYv,1383.0
1198,0,EkWBPXmr,zVYhNTdK,1439.0
727,0,tWKcfmbS,cfShLPmI,256.0
727,0,bOiSLYGO,tWKcfmbS,1071.0
727,0,EkWBPXmr,bOiSLYGO,1008.0
1198,0,XXPGaRGh,jKjAXpVP,29.0
1198,0,EkWBPXmr,XXPGaRGh,29.0
572,0,CVXQsRBK,NgDeDdfx,1007.0
572,0,jBnsfrlR,CVXQsRBK,1007.0
572,0,jeadfqyj,jBnsfrlR,720.0
572,0,jiaBsTdI,jeadfqyj,216.0
572,0,LIcqcPpV,jiaBsTdI,216.0
572,0,JHNPaXkN,LIcqcPpV,220.0
572,0,EWPMCuEz,JHNPaXkN,219.0
572,0,iWoOHVbT,EWPMCuEz,333.0
273,0,OwpcAtJV,yAqyhWkU,2091.0
679,0,jKjAXpVP,KHbKaRBy,299.0
679,0,XXPGaRGh,jKjAXpVP,316.0
679,0,fubLBmAl,XXPGaRGh,52.0
357,0,cPCRxZjy,fubLBmAl,2423.0
357,0,qpacHTVx,cPCRxZjy,3332.0
357,0,XFLojCJa,qpacHTVx,3186.0
357,0,xbiDwIOu,XFLojCJa,5150.0
357,0,EkWBPXmr,xbiDwIOu,5202.0
585,0,tBNXSyMW,pZulUpHT,282.0
585,0,OyJKKata,tBNXSyMW,283.0
585,0,EkWBPXmr,OyJKKata,356.0
616,0,NQaaFyOm,lkujKSJT,1117.0
357,0,XFLojCJa,NQaaFyOm,644.0
727,0,GfBReROC,zXtHnUiq,160.0
727,0,DYvQviUy,GfBReROC,393.0
727,0,yHDouIXe,DYvQviUy,408.0
727,0,EkWBPXmr,yHDouIXe,415.0
273,0,ymMncFZF,ILhcwFfS,283.0
273,0,FJLNitGY,ymMncFZF,283.0
273,0,KnWWIWQx,FJLNitGY,283.0
273,0,zOQhKaAF,KnWWIWQx,468.0
273,0,isVKhOXG,zOQhKaAF,927.0
455,0,DsuTXcIa,vUKUaFbz,189.0
293,0,EkWBPXmr,qDeoslSZ,5511.0
524,0,dpOKQcMh,HTcmpFUD,379.0
524,0,OyJKKata,dpOKQcMh,275.0
293,0,AHLLTOdf,tBgOcvQf,5982.0
293,0,iFderoVa,AHLLTOdf,7098.0
293,0,UECnapuN,iFderoVa,3282.0
293,0,AvILYntX,UECnapuN,1994.0
293,0,EkWBPXmr,AvILYntX,1837.0
973,0,OKtVrzTN,WRCkhCoY,40.0
973,0,udlIzhJE,NdVNfPps,1998.0
973,0,EkWBPXmr,NuwmOhpA,800.0
16,0,MnTeelLR,NkWMDpBL,693.0
16,0,qGgPbtbT,MnTeelLR,503.0
16,0,xQSKBJml,qGgPbtbT,328.0
235,0,EkWBPXmr,xQSKBJml,1126.0
293,0,gdbAGAQU,NfeOUEsA,564.0
293,0,ANpclgWP,gdbAGAQU,369.0
293,0,EkWBPXmr,ANpclgWP,138.0
616,0,UAkhVpHN,VctBMYxC,894.0
616,0,lkujKSJT,UAkhVpHN,727.0
727,0,tjcxfrSB,rINNylNh,175.0
727,0,rHyPKpnR,tjcxfrSB,175.0
727,0,lhvdYjIr,rHyPKpnR,79.0
727,0,mLBQtksd,lhvdYjIr,197.0
727,0,tWKcfmbS,mLBQtksd,600.0
293,0,bWAbaUPC,ZCsEtuOb,985.0
293,0,dQYZBhGJ,bWAbaUPC,2726.0
293,0,CfleTooC,dQYZBhGJ,794.0
293,0,aDaRCcaB,CfleTooC,2326.0
293,0,gUXxyAlR,aDaRCcaB,2552.0
16,0,CEZTRnUo,JvVxAKet,2086.0
16,0,IOcMwGKn,CEZTRnUo,1568.0
16,0,qGgPbtbT,IOcMwGKn,1757.0
973,0,NdVNfPps,ClDeGdta,1518.0
973,0,tWKcfmbS,sUAChhLU,454.0
171,0,gcUmxKgT,TUrDxvOa,1014.0
171,0,JFVlrPHE,gcUmxKgT,1014.0
293,0,bEuFbYIx,PUIIuxlM,27.0
273,0,CKNrjFUU,jOvtnfLH,1556.0
273,0,yAqyhWkU,CKNrjFUU,2708.0
1194,0,dmAPiPeK,VVXTrukI,54.0
1194,0,EIcIoHUO,dmAPiPeK,54.0
1194,0,NcjHcLny,EIcIoHUO,54.0
1194,0,ZpEHfPul,NcjHcLny,54.0
1194,0,geoeexsQ,ZpEHfPul,54.0
1194,0,bEuFbYIx,geoeexsQ,54.0
108,0,TjHiuybL,lxkWqJCv,1592.0
108,0,rGxpSglN,TjHiuybL,1592.0
108,0,Rpsmzdru,rGxpSglN,1637.0
108,0,rluMkzbt,Rpsmzdru,1637.0
108,0,oTXyBJNn,rluMkzbt,931.0
108,0,AIvMrZbX,oTXyBJNn,932.0
108,0,DFuWYygu,AIvMrZbX,932.0
108,0,iKWaHdND,DFuWYygu,932.0
108,0,sZMRTtVP,iKWaHdND,932.0
108,0,INegqJKU,sZMRTtVP,932.0
616,0,YJnTPbIZ,anmiXAus,2698.0
616,0,xkPrOUqs,YJnTPbIZ,2700.0
616,0,HAzkMqyk,xkPrOUqs,2696.0
616,0,maNgUiZD,HAzkMqyk,2730.0
616,0,etntpIwb,maNgUiZD,2730.0
616,0,DYKvrufv,etntpIwb,1408.0
616,0,obiqEfHb,DYKvrufv,414.0
585,0,EkWBPXmr,obiqEfHb,350.0
1180,0,hSdNxZqe,hTBkjNzq,2194.0
1180,0,kKKRBhFF,hSdNxZqe,2845.0
1180,0,VMzKgUSR,kKKRBhFF,12252.0
1180,0,rbVbMNcM,VMzKgUSR,15158.0
1180,0,qflzswAf,rbVbMNcM,15291.0
14,0,pygvGZaF,qflzswAf,3342.0
235,0,EkWBPXmr,pygvGZaF,2375.0
293,0,gUXxyAlR,YxUFlvZH,185.0
1180,0,IWuAfYeM,ePrpofUw,1127.0
1180,0,VMzKgUSR,IWuAfYeM,4341.0
596,0,YxUFlvZH,vyItOGON,71.0
273,0,shsbwlrM,WPcaURVq,523.0
273,0,WgelRheP,shsbwlrM,399.0
273,0,jqriedgy,WgelRheP,1355.0
273,0,jeadfqyj,jqriedgy,906.0
273,0,XVbubuGa,jeadfqyj,378.0
273,0,KnWWIWQx,XVbubuGa,307.0
293,0,CfleTooC,UxPxrYmy,3121.0
966,0,dlQGbJav,ODNKqRCQ,494.0
966,0,GBYHqHQO,dlQGbJav,427.0
966,0,qGgPbtbT,GBYHqHQO,77.0
966,0,LjPncvCg,qGgPbtbT,6.0
727,0,yHDouIXe,eJrsnsoz,9.0
1180,0,qLQHuyIe,xfbmoJHP,23899.0
1180,0,kKKRBhFF,qLQHuyIe,11109.0
966,0,bbaQRYSI,iPzquFzR,122.0
16,0,oiYuCTCe,bbaQRYSI,396.0
16,0,KqLiJxJl,oiYuCTCe,229.0
597,0,sonNAVmZ,HcOWfPMU,668.0
293,0,yhXmuUeN,GQmprOhw,265.0
293,0,AvILYntX,yhXmuUeN,70.0
762,0,CCoJPQpR,SgmzKmGa,61.0
762,0,QpdZiknK,CCoJPQpR,208.0
762,0,fPhIOSOj,QpdZiknK,162.0
762,0,PQDqFTyk,fPhIOSOj,219.0
762,0,iPmhSqDk,PQDqFTyk,2195.0
762,0,ojqTFFWy,iPmhSqDk,2996.0
465,0,zVYhNTdK,ojqTFFWy,6034.0
465,0,EkWBPXmr,zVYhNTdK,2469.0
727,0,mLBQtksd,RrhmmPMm,302.0
762,0,illGQStO,sTaleXyI,420.0
762,0,AUrIxxcC,illGQStO,692.0
762,0,zqZasXpA,AUrIxxcC,851.0
762,0,ojqTFFWy,zqZasXpA,1155.0
293,0,cEOIeJTR,NqSePdAx,1016.0
293,0,bWAbaUPC,cEOIeJTR,2159.0
122,0,hkXbXhZN,scqbdPBp,1108.0
122,0,TgpuXBqx,hkXbXhZN,1108.0
122,0,IyPglFnI,TgpuXBqx,1131.0
122,0,atGiINkp,IyPglFnI,1131.0
122,0,tFIeEodn,atGiINkp,1131.0
122,0,yeBNAVLu,tFIeEodn,1131.0
924,0,TJDsQDoO,HdBHspFM,390.0
924,0,SgmzKmGa,TJDsQDoO,178.0
924,0,NacgxEEi,SgmzKmGa,84.0
924,0,jjHnlXVx,NacgxEEi,67.0
924,0,uKNLSXwU,jjHnlXVx,762.0
924,0,JUGtNdnF,uKNLSXwU,762.0
924,0,BpAiVnps,JUGtNdnF,750.0
235,0,XnPpfSyF,BpAiVnps,3065.0
235,0,JYrrjUtU,XnPpfSyF,2796.0
235,0,cttUtMNm,JYrrjUtU,1753.0
293,0,sceVWPKZ,dvaPHMux,140.0
293,0,gUXxyAlR,sceVWPKZ,278.0
1047,0,illGQStO,gIrHwcsI,951.0
1180,0,UhAwQaaX,ZPJGdbAJ,2368.0
1180,0,wFSILCzc,UhAwQaaX,3229.0
1180,0,FVYwGhLu,wFSILCzc,2532.0
1180,0,VMzKgUSR,FVYwGhLu,2006.0
1066,0,XgeKmxEU,LdNZcaVd,881.0
1066,0,ASAgeGQh,XgeKmxEU,881.0
1066,0,ZcBdJkwp,ASAgeGQh,881.0
924,0,jjHnlXVx,VKAAZZOV,646.0
924,0,TExCPNxk,HyvnzuHA,742.0
924,0,illGQStO,TExCPNxk,782.0
924,0,BpAiVnps,illGQStO,551.0
1068,0,cZLwCFQo,aLFpJPgR,1085.0
1068,0,rxrORjnb,cZLwCFQo,1085.0
853,0,glDvUhXc,HNejbQWJ,440.0
853,0,FhKkSAFH,glDvUhXc,251.0
853,0,WhHfbZWj,FhKkSAFH,181.0
419,0,eusqYKWT,HezLsNFQ,3936.0
419,0,EkWBPXmr,eusqYKWT,4254.0
912,0,mgDGiHEE,FwvYcAgk,347.0
762,0,HqehCtdr,mgDGiHEE,8850.0
762,0,vafAyuvT,HqehCtdr,2273.0
762,0,ojqTFFWy,vafAyuvT,2273.0
1180,0,ZPJGdbAJ,GIlSPhwi,1714.0
616,0,lwnNYJcg,uiSiNEQq,1637.0
616,0,AGDZrVfo,lwnNYJcg,1671.0
616,0,anmiXAus,AGDZrVfo,1961.0
912,0,vyQyYYqJ,KKHFrKGl,329.0
912,0,ztLkgYlA,vyQyYYqJ,2.0
419,0,mgTKojDA,drmArhka,87.0
419,0,fwfbiPwk,mgTKojDA,87.0
419,0,cGoHBmgo,fwfbiPwk,765.0
419,0,EkWBPXmr,cGoHBmgo,1414.0
357,0,mHRdWDIt,iPNesxKP,3077.0
357,0,EkWBPXmr,mHRdWDIt,6163.0
460,0,nGRNUPgX,gaLZwYvS,1863.0
465,0,njiqgOWt,nGRNUPgX,785.0
465,0,EkWBPXmr,njiqgOWt,709.0
419,0,HeRWBWAv,qFzqwYZZ,2604.0
419,0,YmDpkIHQ,HeRWBWAv,5182.0
419,0,HezLsNFQ,YmDpkIHQ,2951.0
477,0,NKCxdwhs,mYoRZvtc,793.0
477,0,cPCRxZjy,NKCxdwhs,1179.0
77,0,EkWBPXmr,MBTcSIip,3195.0
419,0,eYoPTdNP,ZpgoacOO,912.0
419,0,YEqGDaQm,eYoPTdNP,4693.0
419,0,QjBtnCad,YEqGDaQm,7885.0
419,0,EkWBPXmr,QjBtnCad,5004.0
419,0,yQfeHodw,rlRRFZPO,2131.0
419,0,YEqGDaQm,yQfeHodw,2098.0
77,0,ppabfQGz,rloRqLNl,1424.0
77,0,MBTcSIip,ppabfQGz,1036.0
419,0,gzZgDndk,UwPVTdeZ,2746.0
357,0,EkWBPXmr,gzZgDndk,6623.0
357,0,xbiDwIOu,UTBcifAN,2691.0
1472,0,IoZdiBbG,HefnspWQ,571.0
1472,0,oKXhXfzg,IoZdiBbG,571.0
1472,0,yayPNqiY,oKXhXfzg,539.0
1472,0,BsVmblhs,yayPNqiY,196.0
1472,0,HefnspWQ,czFfIymd,693.0
357,0,EkWBPXmr,WtPVEKaC,1245.0
419,0,iLaGOhZk,FliRNcXy,1275.0
419,0,NCVzutVL,iLaGOhZk,3086.0
419,0,iOuVBZzk,NCVzutVL,2604.0
419,0,eYoPTdNP,iOuVBZzk,7742.0
357,0,cniBuICf,HvQMjFdy,650.0
357,0,QHFmFyLR,cniBuICf,4587.0
357,0,EkWBPXmr,QHFmFyLR,1335.0
357,0,WtPVEKaC,BYsSDXCP,664.0
419,0,iLaGOhZk,IgEBJNwX,914.0
357,0,mHRdWDIt,zjSAMvDn,2724.0
357,0,DOGyniWl,ItndWSiW,1732.0
357,0,fubLBmAl,DOGyniWl,1732.0
419,0,EkWBPXmr,EcsZBajf,341.0
1245,0,NuyYqrDq,jIFrASnh,655.0
77,0,MBTcSIip,LfENZYTF,2502.0
419,0,QjBtnCad,MvaVVzVx,1023.0
367,0,qGIkRenz,yrWAEsGy,159.0
367,0,ytUqATXS,qGIkRenz,103.0
367,0,TcsyXYNn,ytUqATXS,11.0
419,0,EkWBPXmr,TcsyXYNn,14.0
357,0,GpnhEWuy,QDIpIlEK,496.0
357,0,WtPVEKaC,GpnhEWuy,494.0
77,0,jQaLNViL,XJRnAJHc,2682.0
77,0,LfENZYTF,jQaLNViL,4080.0
853,0,xbiDwIOu,mnkgCFDT,70.0
853,0,zVYhNTdK,xbiDwIOu,273.0
853,0,EkWBPXmr,zVYhNTdK,261.0
1340,0,BpAiVnps,gViLrCgA,570.0
143,0,JGydtICe,pRBbbEoD,1940.0
143,0,rRGVruPM,JGydtICe,2949.0
357,0,cniBuICf,rRGVruPM,2277.0
419,0,YmDpkIHQ,RuAJZyMI,1849.0
1506,0,zgCGmKZn,jTofnsvB,2661.0
1506,0,BpAiVnps,zgCGmKZn,4086.0
357,0,DkqFSkSd,aFxztqGh,1242.0
357,0,TShNRujB,DkqFSkSd,1318.0
357,0,xbiDwIOu,TShNRujB,844.0
77,0,DKTMYVhM,gHkojtqc,141.0
77,0,LfENZYTF,DKTMYVhM,325.0
836,0,EmOAXDjE,ckoHNDVp,1739.0
836,0,xwyDeZpB,EmOAXDjE,1739.0
836,0,aFxztqGh,xwyDeZpB,1737.0
1472,0,DYErCrqd,SGVPbDEb,739.0
1472,0,LbKosGpD,DYErCrqd,1533.0
1472,0,RfEbENxd,LbKosGpD,2313.0
1472,0,UFoaQvGg,RfEbENxd,2546.0
1506,0,POsNTwnJ,zUgDRwiy,1430.0
1506,0,rRGVruPM,POsNTwnJ,1959.0
1468,0,cNuIRYrx,hHvKehYu,93.0
77,0,jQaLNViL,cQHgTjKq,1957.0
77,0,cQHgTjKq,wGTdgRcU,444.0
762,0,tVSOiuPz,UgdUAhSn,2027.0
762,0,HqehCtdr,tVSOiuPz,1983.0
357,0,KLViSvpH,fvJrDdyT,346.0
357,0,RBVPcVzH,KLViSvpH,317.0
357,0,LbKosGpD,RBVPcVzH,1257.0
357,0,cniBuICf,LbKosGpD,1244.0
357,0,lDAJUywo,GVbuUhiB,93.0
357,0,sXdfcDSs,lDAJUywo,93.0
357,0,OBtWrzof,sXdfcDSs,93.0
357,0,TxpOiGNK,OBtWrzof,3484.0
357,0,dlzglDFV,TxpOiGNK,2216.0
357,0,hxSTJhOz,dlzglDFV,3042.0
357,0,EkWBPXmr,hxSTJhOz,2469.0
1419,0,ejMjPdTH,HAmwZMhM,1149.0
1419,0,EXTmTMKf,RSQixiib,4823.0
1419,0,vHkAlmCm,EXTmTMKf,3602.0
1419,0,gyQqEnFq,vHkAlmCm,3192.0
1419,0,HAmwZMhM,gyQqEnFq,1619.0
77,0,PQuXHWcA,aHnvxyXJ,234.0
77,0,OUTzwMHI,PQuXHWcA,1260.0
77,0,drmArhka,OUTzwMHI,1853.0
77,0,ZNFFlclk,drmArhka,1625.0
77,0,cQHgTjKq,ZNFFlclk,1507.0
143,0,JGydtICe,RtTLxXUv,999.0
1701,0,gxWBbdrZ,aHsZaffM,811.0
1701,0,mDPYPXHa,gxWBbdrZ,811.0
1701,0,XHLHCkqn,mDPYPXHa,811.0
357,0,zjSAMvDn,aQxdJxqw,3250.0
419,0,uCftfjda,aBQaRmrC,1050.0
419,0,JGydtICe,uCftfjda,1050.0
357,0,zjSAMvDn,GiONHkbf,254.0
77,0,wDEypHfE,QCBPrBCl,66.0
77,0,EkWBPXmr,wDEypHfE,365.0
1532,0,ojqTFFWy,FUctipSE,3231.0
37,0,nunLDRbE,deapEAbC,899.0
37,0,FaHpkwNs,nunLDRbE,863.0
37,0,kohCEyKT,FaHpkwNs,874.0
37,0,cTQVugNT,kohCEyKT,881.0
37,0,cGoHBmgo,cTQVugNT,945.0
37,0,EkWBPXmr,cGoHBmgo,818.0
780,0,XFPAZveS,JKUqFAhf,4471.0
780,0,ejMjPdTH,XFPAZveS,6082.0
1452,0,RXuaQdiQ,orpkgmYq,674.0
1452,0,mhTYFecR,RXuaQdiQ,694.0
798,0,fubLBmAl,mhTYFecR,384.0
1226,0,vyojaKRU,fzSWURzx,69.0
1226,0,pXlenLUq,vyojaKRU,609.0
1226,0,njiqgOWt,pXlenLUq,489.0
565,0,PQDqFTyk,qQFDKzdu,838.0
803,0,lhYDMMsV,LNRgsQQF,1123.0
803,0,dHuMOmqh,lhYDMMsV,1123.0
836,0,EkWBPXmr,aImltWBw,147.0
77,0,wDEypHfE,sAYtjSkX,150.0
1435,0,llFTEWtD,IulxyPoH,318.0
1435,0,qjwSVoCq,llFTEWtD,319.0
1435,0,JPWycazw,qjwSVoCq,172.0
1435,0,ejMjPdTH,JPWycazw,200.0
37,0,osIslFBH,qVPPKIYf,43.0
37,0,DFiOxLfP,osIslFBH,329.0
37,0,EkWBPXmr,DFiOxLfP,567.0
77,0,BzJNmTUM,ebBIwNsf,148.0
77,0,qLEwgwyN,BzJNmTUM,116.0
77,0,cQHgTjKq,qLEwgwyN,267.0
803,0,ubEwIGdf,kWrGTFqC,330.0
803,0,aBKtLgYB,ubEwIGdf,330.0
803,0,qduHdsCL,aBKtLgYB,330.0
803,0,GYMzAvFw,qduHdsCL,330.0
803,0,VXAxIwYs,GYMzAvFw,330.0
803,0,ZHWKFCEn,VXAxIwYs,687.0
803,0,KbemmdTp,ZHWKFCEn,807.0
803,0,LNRgsQQF,KbemmdTp,842.0
37,0,oRUBDfuD,RyhuDLev,110.0
37,0,ZKEtlMvK,oRUBDfuD,183.0
37,0,cNypyxpr,ZKEtlMvK,345.0
37,0,taEXnGBL,cNypyxpr,760.0
37,0,EkWBPXmr,taEXnGBL,452.0
561,0,KoIahnfw,lrlWhBjT,1014.0
561,0,seSDLBYx,KoIahnfw,1035.0
561,0,aBkDdFJm,seSDLBYx,1261.0
561,0,UKIbRYBp,aBkDdFJm,1261.0
561,0,wdXbjior,UKIbRYBp,1265.0
561,0,HeRuYpNs,wdXbjior,2133.0
762,0,ojqTFFWy,HeRuYpNs,4119.0
77,0,tndfGrTh,WDOOnJlC,548.0
77,0,wDEypHfE,tndfGrTh,222.0
37,0,deapEAbC,QxkHLGuk,299.0
19,0,EkWBPXmr,wssOAckJ,61.0
1554,0,kTKiYpVR,EPQxNUoM,233.0
1554,0,bjpXdchK,kTKiYpVR,228.0
1554,0,dEgXqWEW,bjpXdchK,228.0
1554,0,ZWGREbnj,dEgXqWEW,228.0
1554,0,cgIzawVB,ZWGREbnj,228.0
1554,0,CbYTLXWK,cgIzawVB,228.0
1554,0,kWrGTFqC,CbYTLXWK,228.0
1554,0,ubEwIGdf,kWrGTFqC,228.0
1554,0,aBKtLgYB,ubEwIGdf,228.0
1554,0,qduHdsCL,aBKtLgYB,228.0
1554,0,GYMzAvFw,qduHdsCL,228.0
1554,0,VXAxIwYs,GYMzAvFw,228.0
1554,0,ZHWKFCEn,VXAxIwYs,226.0
1554,0,KbemmdTp,ZHWKFCEn,226.0
1554,0,wTVyxBBy,KbemmdTp,226.0
1554,0,LNRgsQQF,wTVyxBBy,226.0
1554,0,lhYDMMsV,LNRgsQQF,226.0
1554,0,OhgtKZPi,lhYDMMsV,226.0
1554,0,dHuMOmqh,OhgtKZPi,226.0
37,0,oRUBDfuD,AQHsowCO,73.0
77,0,SvkqEtGw,aXWsLpyQ,1560.0
77,0,PQuXHWcA,SvkqEtGw,1021.0
941,0,avmqjzBH,aYSNYmnY,3323.0
941,0,jEVQeNyS,avmqjzBH,3641.0
941,0,HeRuYpNs,jEVQeNyS,3641.0
736,0,bAkINhTV,gzTQJVMW,2251.0
736,0,AoRkaUmb,bAkINhTV,1381.0
736,0,GYxWnXpv,AoRkaUmb,511.0
736,0,rBGGtpqI,GYxWnXpv,929.0
736,0,ojqTFFWy,rBGGtpqI,1975.0
37,0,DFiOxLfP,aEhaaulL,239.0
1512,0,UTBcifAN,RVEyrwjR,1722.0
1558,0,KqFhDHZN,yHaTCNJc,282.0
780,0,MpBHVRZl,pzScocJN,575.0
780,0,yHCBRtBd,MpBHVRZl,345.0
780,0,uaUalZjh,yHCBRtBd,277.0
780,0,UTnQirag,uaUalZjh,1626.0
780,0,ALhaazBT,UTnQirag,1870.0
780,0,ojqTFFWy,ALhaazBT,1043.0
1512,0,cniBuICf,TAPXcjBe,228.0
1083,0,jobllKUJ,pqZYMbGr,1016.0
1083,0,VYHZxBYO,jobllKUJ,1785.0
1083,0,eaNsVWDR,VYHZxBYO,2365.0
1083,0,krjqWYyL,eaNsVWDR,1478.0
1083,0,ejMjPdTH,krjqWYyL,1466.0
77,0,EkWBPXmr,yOopALph,1331.0
780,0,khOlLZay,CDXhVrrJ,1779.0
780,0,uaUalZjh,khOlLZay,1264.0
736,0,XLVjRryq,MyGqmywG,3158.0
736,0,ZgqhsueA,XLVjRryq,873.0
736,0,YJlimzmz,ZgqhsueA,504.0
736,0,rBGGtpqI,YJlimzmz,1066.0
780,0,LTfflVxG,azqUKhQu,1659.0
780,0,SEVBrkvc,LTfflVxG,1782.0
780,0,AUmOMGnp,SEVBrkvc,1507.0
780,0,JKUqFAhf,AUmOMGnp,1840.0
736,0,bInfxKVp,dScsNKLk,2273.0
736,0,BXAColfX,bInfxKVp,132.0
736,0,rBGGtpqI,BXAColfX,132.0
37,0,cNypyxpr,iZfXNAue,600.0
780,0,qRJySzaf,mAREpQlu,4176.0
780,0,ojqTFFWy,qRJySzaf,3753.0
273,0,isVKhOXG,hfsVeMMa,87.0
235,0,aUPouXsN,ohvLIfWG,523.0
235,0,funWfCdm,aUPouXsN,1205.0
235,0,cttUtMNm,funWfCdm,1161.0
273,0,isVKhOXG,mKIQRbrs,866.0
321,0,zavSPsgu,YjHuxjDZ,247.0
321,0,UrQlyWkl,zavSPsgu,246.0
321,0,OCwYbEnq,UrQlyWkl,456.0
321,0,zVYhNTdK,OCwYbEnq,301.0
321,0,EkWBPXmr,zVYhNTdK,709.0
1198,0,tSmiUoPn,GigUVtty,495.0
1198,0,KwaxxmSs,tSmiUoPn,496.0
1198,0,pHNyFRmN,KwaxxmSs,777.0
1198,0,SMriOOgF,pHNyFRmN,734.0
1198,0,gOJphFVT,SMriOOgF,614.0
477,0,tglFZOrp,CcTUkfkl,1102.0
477,0,SqxhBMol,tglFZOrp,1181.0
477,0,AjJCgCBk,SqxhBMol,1373.0
235,0,qrSNpKDz,bWAbaUPC,1073.0
235,0,cttUtMNm,qrSNpKDz,618.0
321,0,WqMESkMM,nrUfCQxz,571.0
321,0,ifLglfbO,WqMESkMM,571.0
321,0,xfYjeqNM,ifLglfbO,549.0
321,0,QHFmFyLR,xfYjeqNM,550.0
321,0,EkWBPXmr,RSPZrGBg,83.0
293,0,zVYhNTdK,hLEWSLqw,785.0
293,0,EkWBPXmr,zVYhNTdK,1366.0
477,0,cttUtMNm,ryMrZCSE,561.0
1300,0,uKbbRztG,ERcEoUXY,554.0
1300,0,cEOIeJTR,uKbbRztG,1094.0
1300,0,bWAbaUPC,cEOIeJTR,1104.0
1300,0,niqrIlpR,bWAbaUPC,225.0
1300,0,MlqbsUKu,niqrIlpR,369.0
1300,0,zVYhNTdK,MlqbsUKu,858.0
1300,0,EkWBPXmr,zVYhNTdK,868.0
293,0,SoCzlzVw,RQiSRtZp,222.0
293,0,hLEWSLqw,SoCzlzVw,113.0
673,0,voZaDctr,ydoNqUsu,491.0
673,0,cttUtMNm,voZaDctr,491.0
293,0,xewbkqhz,xMTUUeEc,1589.0
293,0,ZCsEtuOb,xewbkqhz,435.0
313,0,aaSaUDum,DYKvrufv,913.0
313,0,AszcEtOu,aaSaUDum,266.0
235,0,BpAiVnps,AszcEtOu,265.0
1472,0,QgwCgjAi,nDzrviXX,579.0
1472,0,zAwPDfkg,QgwCgjAi,2186.0
1472,0,zqCmVtrb,zAwPDfkg,2184.0
1472,0,bZroqIhX,zqCmVtrb,2187.0
357,0,BqZQArDi,bZroqIhX,721.0
357,0,xbiDwIOu,BqZQArDi,414.0
477,0,gFAsBeQM,IkxLwyxa,1391.0
477,0,mHRdWDIt,gFAsBeQM,858.0
1318,0,eXTjiXiW,XqVVjUzr,3770.0
235,0,pygvGZaF,gnmwaIOJ,534.0
455,0,jFmPCmzM,NcLanIdZ,95.0
235,0,bWAbaUPC,cEOIeJTR,937.0
321,0,EkWBPXmr,TdfMaTlB,399.0
477,0,BpAiVnps,WtptgYtz,845.0
235,0,neNWquOh,mdGitRQe,2479.0
357,0,xbiDwIOu,neNWquOh,1975.0
455,0,SWnceHEw,IvqxNjHK,4.0
293,0,UxPxrYmy,SzEcLYsf,1515.0
205,0,eBAbFKqQ,JODrgTwh,525.0
205,0,FJDNPLrp,eBAbFKqQ,514.0
205,0,MBTcSIip,FJDNPLrp,484.0
477,0,JGbfxLUL,KQSHMGnw,1797.0
477,0,IjwLXBRx,JGbfxLUL,741.0
477,0,NKCxdwhs,IjwLXBRx,988.0
1198,0,xNgkqoUR,XiRzIewe,225.0
1198,0,texSWQet,xNgkqoUR,1264.0
1198,0,SMriOOgF,texSWQet,714.0
648,0,BEIrHceU,xjhYbLYm,26.0
648,0,tUuhPwYa,BEIrHceU,26.0
648,0,XjEyEHqT,tUuhPwYa,26.0
455,0,IvqxNjHK,XjEyEHqT,5.0
319,0,OPXtWBVk,gqwqEGtD,70.0
460,0,funWfCdm,OPXtWBVk,36.0
357,0,dlzglDFV,yFEIEiOj,1138.0
235,0,BpAiVnps,MgruBUee,1330.0
712,0,DWuGRWkF,ubzklVlS,2250.0
712,0,EvIZgaUF,DWuGRWkF,586.0
712,0,BpAiVnps,EvIZgaUF,3229.0
679,0,goaumTLR,jXeBpcDF,4.0
679,0,vNMxowJX,goaumTLR,4.0
679,0,voZaDctr,vNMxowJX,4.0
679,0,cttUtMNm,voZaDctr,4.0
321,0,QPoJLiJK,lqMPnIra,396.0
321,0,udvGqqIc,QPoJLiJK,396.0
321,0,FFlVogkV,udvGqqIc,396.0
321,0,ssCuUaaJ,FFlVogkV,551.0
321,0,SvGtXrYj,ssCuUaaJ,551.0
321,0,TdfMaTlB,SvGtXrYj,579.0
1398,0,cwgbfpqq,ciAbSxQX,2717.0
1398,0,rRGVruPM,cwgbfpqq,1960.0
1398,0,YmkUpvHU,rRGVruPM,1260.0
1398,0,cPCRxZjy,YmkUpvHU,1211.0
1398,0,EkWBPXmr,cPCRxZjy,2018.0
465,0,yYFXObAF,nPkrzCty,1172.0
465,0,mHRdWDIt,yYFXObAF,1172.0
1198,0,dBTDkDZt,WKWTpoqQ,130.0
1198,0,bvSKVAYv,dBTDkDZt,240.0
357,0,yXKTuRtI,ZsdtRkBt,717.0
357,0,yFEIEiOj,yXKTuRtI,231.0
455,0,ohBbDhvM,awnNVqry,40.0
455,0,xfYjeqNM,ohBbDhvM,24.0
455,0,nrUfCQxz,xfYjeqNM,48.0
455,0,iBiVOFur,nrUfCQxz,366.0
455,0,SWnceHEw,iBiVOFur,4.0
1263,0,ojqTFFWy,SMhobJmy,1214.0
357,0,zjQVJpHm,ICtDTIBO,1093.0
357,0,RBVPcVzH,zjQVJpHm,889.0
1300,0,isWzWnoW,yLFlKjKg,466.0
1300,0,fcSUqaEW,isWzWnoW,466.0
1300,0,MlqbsUKu,fcSUqaEW,466.0
235,0,xGsoSfhX,ozuppJDT,1.0
235,0,ohvLIfWG,xGsoSfhX,759.0
591,0,MpPYcjVn,BYVXItej,1178.0
591,0,DewKhksr,MpPYcjVn,1178.0
591,0,vqGhvZJF,DewKhksr,1178.0
591,0,XMWgellz,vqGhvZJF,1076.0
1376,0,cMUNkugJ,dxlyVRvH,559.0
1376,0,DLdtTvFi,cMUNkugJ,559.0
1506,0,BpAiVnps,DLdtTvFi,814.0
455,0,icUsjZEb,WuDSdBCd,98.0
455,0,AHQzSmld,icUsjZEb,62.0
1180,0,XiLvnZTk,XGJiqzLW,965.0
1180,0,VMzKgUSR,XiLvnZTk,4080.0
1506,0,BpAiVnps,LYjhOoFf,956.0
712,0,BpAiVnps,YJykDsrc,9927.0
419,0,yrlDljAC,IoxYvxeH,563.0
419,0,YEqGDaQm,yrlDljAC,595.0
235,0,xQSKBJml,SwLVnWPq,520.0
460,0,YctaenCe,jcExlqwL,2772.0
460,0,vfDgNrFH,YctaenCe,4426.0
460,0,gaLZwYvS,vfDgNrFH,4539.0
712,0,jOxyxYyy,lmZJehpq,2041.0
712,0,MlQcmexA,jOxyxYyy,7262.0
712,0,VpmqCJUB,MlQcmexA,10536.0
712,0,NJSgWoOc,VpmqCJUB,8200.0
712,0,YJykDsrc,NJSgWoOc,6769.0
1318,0,mkJuKiBe,rxlNLBXr,3512.0
1318,0,CsDsDrdU,mkJuKiBe,2904.0
1318,0,eTJQHplR,CsDsDrdU,2827.0
1318,0,bZroqIhX,eTJQHplR,2767.0
1300,0,bPdCVhrp,LhgNVAOU,109.0
1300,0,SOVcCDqR,bPdCVhrp,111.0
1300,0,oynLwMrX,SOVcCDqR,805.0
1300,0,EKYbCcms,oynLwMrX,2285.0
1300,0,xbiDwIOu,EKYbCcms,1153.0
1300,0,zVYhNTdK,xbiDwIOu,508.0
1318,0,MfyCNvnP,InEujKOO,780.0
1318,0,xGsoSfhX,MfyCNvnP,372.0
712,0,BpAiVnps,tJbXQuOE,2605.0
1318,0,xeLrICeT,FgBYTWzD,459.0
1318,0,RVGhYAxc,xeLrICeT,425.0
836,0,gzZgDndk,ywuGpANM,1533.0
1318,0,xQSKBJml,yQQuLFAg,342.0
419,0,NQaaFyOm,EYgpmtHR,28.0
235,0,aUPouXsN,CheNYOmP,311.0
465,0,kjxfKqbD,hSRFRBsa,76.0
465,0,XXYtSQEl,kjxfKqbD,172.0
465,0,UgpyjFML,XXYtSQEl,226.0
465,0,SDEQaVyD,UgpyjFML,419.0
465,0,ARTSSefO,SDEQaVyD,363.0
465,0,nGRNUPgX,ARTSSefO,324.0
1180,0,jSSkauKM,kVWIKiQU,546.0
1180,0,KCqeuCwW,jSSkauKM,4404.0
1180,0,NRaiNGwl,KCqeuCwW,3751.0
1180,0,FVYwGhLu,NRaiNGwl,2691.0
1180,0,qflzswAf,GwjQuetc,1048.0
727,0,GiONHkbf,rcsEeYnc,449.0
727,0,GfBReROC,GiONHkbf,261.0
1300,0,JSZZmOIY,jaCrAUFK,1925.0
293,0,AHLLTOdf,JSZZmOIY,1328.0
465,0,LbKosGpD,xMwzCIXQ,726.0
1395,0,TFSGEQcQ,cfrRCwNB,1250.0
1395,0,WOOyqinT,TFSGEQcQ,483.0
1395,0,EkWBPXmr,WOOyqinT,341.0
836,0,HQVZivsH,myLzZQdt,747.0
1398,0,cniBuICf,aWNaUdzp,3020.0
1398,0,GpnhEWuy,cniBuICf,1269.0
1398,0,KcDUQTDz,GpnhEWuy,771.0
1398,0,gGjwcdJB,KcDUQTDz,807.0
1398,0,cPCRxZjy,gGjwcdJB,807.0
1176,0,izUAPpdi,VWFAQayS,1978.0
1180,0,hSdNxZqe,CpULuhdq,1106.0
1180,0,WdOwNGhj,GJEXlFdt,1048.0
1180,0,jSSkauKM,WdOwNGhj,1022.0
1102,0,UIFNotIh,TXAdjSyo,14.0
1102,0,kGQEnBYZ,UIFNotIh,148.0
1102,0,gdbAGAQU,kGQEnBYZ,171.0
1592,0,ciAbSxQX,VOQRbkUl,14227.0
47,0,ojqTFFWy,ogOCBKAf,3169.0
465,0,ffHVhHJj,BGChynOq,254.0
465,0,itmFNPnQ,ffHVhHJj,14.0
465,0,mEEGNlDG,itmFNPnQ,32.0
465,0,jVOVHrFU,mEEGNlDG,32.0
465,0,njiqgOWt,jVOVHrFU,8.0
1226,0,zjKsBdNQ,bjEpkupt,1115.0
1226,0,aImltWBw,zjKsBdNQ,83.0
465,0,SvGtXrYj,PrwDPVMa,179.0
465,0,xMwzCIXQ,SvGtXrYj,677.0
751,0,DLAIfXxc,HKxWWoBG,348.0
751,0,lyEmHaNr,DLAIfXxc,348.0
1180,0,VMzKgUSR,lyEmHaNr,1535.0
253,0,nzTRQfUi,PyGiRErs,413.0
253,0,hpCuKAjH,nzTRQfUi,363.0
253,0,GbYxEXTt,hpCuKAjH,209.0
253,0,fMrlznIn,GbYxEXTt,191.0
253,0,owqgejgM,fMrlznIn,217.0
235,0,UVIVXUaJ,owqgejgM,16.0
235,0,JYrrjUtU,UVIVXUaJ,16.0
1180,0,iMjvswBX,VFLsoIHD,431.0
1180,0,cNWTidvb,iMjvswBX,2613.0
1180,0,dgLtpUgu,cNWTidvb,19237.0
1180,0,xfbmoJHP,dgLtpUgu,18173.0
1174,0,QEnOoljA,ARQSeSoV,1375.0
1174,0,aLyOqIFS,QEnOoljA,1375.0
1174,0,UmISPPJO,aLyOqIFS,1375.0
1174,0,VPUbGzfh,UmISPPJO,1375.0
1174,0,MVExtcyL,VPUbGzfh,1375.0
1174,0,bciZjPUu,MVExtcyL,1375.0
1174,0,ogOCBKAf,bciZjPUu,1277.0
1180,0,upMsEWKk,apOzgzFy,1018.0
1180,0,XiLvnZTk,upMsEWKk,1641.0
1650,0,MlYFoaez,pWUEfFEM,898.0
401,0,YnUujGmz,CRVKBFrv,499.0
401,0,ojqTFFWy,YnUujGmz,643.0
253,0,SPorkGXj,OUlPxErG,79.0
253,0,funWfCdm,SPorkGXj,65.0
761,0,ejMjPdTH,slfxTuih,1873.0
253,0,XXYtSQEl,wRBXcbqq,11.0
253,0,lsBVGYKC,XXYtSQEl,12.0
736,0,ojqTFFWy,AUmOMGnp,11.0
1076,0,ogOCBKAf,XQBvMmKm,5867.0
932,0,XFpFKXXh,zuhYkREh,145.0
932,0,LOVJkcJs,XFpFKXXh,511.0
932,0,BWOvyAui,LOVJkcJs,511.0
932,0,jWegLIVv,BWOvyAui,511.0
932,0,fNriHNfS,jWegLIVv,511.0
932,0,lzHXrFnu,fNriHNfS,511.0
932,0,DMAMxgNC,lzHXrFnu,511.0
932,0,qeXIqBgp,DMAMxgNC,353.0
401,0,PRzaSxQc,KjiBWoqR,295.0
401,0,KlSqKJQr,PRzaSxQc,2745.0
401,0,ogOCBKAf,KlSqKJQr,1067.0
401,0,ojqTFFWy,ogOCBKAf,1438.0
736,0,ZgqhsueA,FZsFzszJ,3924.0
1019,0,yKgFraCR,obftSQtS,1928.0
1019,0,LIDMLZkw,yKgFraCR,1935.0
1019,0,JEpPbBSc,LIDMLZkw,1935.0
1019,0,YkNJvTAu,JEpPbBSc,2270.0
1019,0,TIlepZYr,YkNJvTAu,2242.0
1106,0,ixhHdGBo,sAuLGTlR,81.0
1106,0,spVkBMtX,ixhHdGBo,81.0
1106,0,pygvGZaF,spVkBMtX,59.0
1180,0,vacPrbQA,XyHfgUxW,340.0
1180,0,cNuXvIqU,vacPrbQA,11466.0
1180,0,qflzswAf,cNuXvIqU,9473.0
1076,0,TbetMXoD,AlpXiRiW,2729.0
1076,0,PRzaSxQc,TbetMXoD,2696.0
578,0,wihERHzN,uiYVYPQX,165.0
578,0,jiaBsTdI,wihERHzN,165.0
578,0,LIcqcPpV,jiaBsTdI,165.0
578,0,JHNPaXkN,LIcqcPpV,165.0
578,0,EWPMCuEz,JHNPaXkN,161.0
1245,0,KnWWIWQx,yAqyhWkU,376.0
1245,0,TsaeiIGv,KnWWIWQx,667.0
578,0,GXHjZCTL,HTcmpFUD,152.0
16,0,XnPpfSyF,qGgPbtbT,1855.0
16,0,TsaeiIGv,XnPpfSyF,2180.0
14,0,qflzswAf,EtvjcvTp,560.0
14,0,owFNQNZv,qflzswAf,348.0
14,0,cGoHBmgo,owFNQNZv,282.0
573,0,xbiDwIOu,TShNRujB,352.0
573,0,zVYhNTdK,xbiDwIOu,352.0
573,0,nprusgCY,zVYhNTdK,416.0
573,0,LTDgdyOW,nprusgCY,418.0
1592,0,ujKjPJkx,PFRWWlNS,6271.0
1592,0,VOQRbkUl,ujKjPJkx,6271.0
1318,0,vpctkpYQ,LKVeVUNI,2956.0
1318,0,oiYuCTCe,vpctkpYQ,3523.0
14,0,fOfcyQgJ,VTHwomVj,96.0
1300,0,VCDwRKse,dbPZeeiE,100.0
1300,0,GYfZYaJh,VCDwRKse,196.0
1300,0,niqrIlpR,GYfZYaJh,179.0
1263,0,cdpcgPuX,RufmISTr,2422.0
1263,0,ojqTFFWy,cdpcgPuX,1618.0
1623,0,AmahvgQB,QdnKSSsO,106.0
1623,0,VTHwomVj,AmahvgQB,108.0
578,0,nprusgCY,EkWBPXmr,2.0
578,0,LTDgdyOW,nprusgCY,2.0
578,0,inRETCYL,LTDgdyOW,149.0
1245,0,OsBkWRQx,OwpcAtJV,24.0
273,0,jeadfqyj,OwpcAtJV,2108.0
273,0,zGyJMIkT,leJfirnk,25.0
573,0,inRETCYL,LTDgdyOW,515.0
37,0,ZJxogzZw,wcUGKfLa,884.0
37,0,NuyYqrDq,ZJxogzZw,525.0
37,0,udBTjIHv,NuyYqrDq,165.0
524,0,uBFbbvHN,gaLZwYvS,3.0
712,0,YvwQRHTE,yLFlKjKg,3631.0
712,0,VCRIbExe,YvwQRHTE,250.0
712,0,uiYVYPQX,VCRIbExe,43.0
712,0,ozAxYCwR,uiYVYPQX,38.0
712,0,mGgwEHaG,BpAiVnps,3204.0
712,0,ubzklVlS,mGgwEHaG,782.0
712,0,xTOrUJFO,ubzklVlS,2276.0
712,0,uiYVYPQX,xTOrUJFO,2184.0
712,0,EmkugZPX,LhgNVAOU,670.0
712,0,fFHpEWYG,EmkugZPX,2923.0
712,0,uiYVYPQX,fFHpEWYG,1287.0
1180,0,FlYjxOxQ,QpprBOSr,2802.0
1180,0,NmJVuAxS,FlYjxOxQ,2157.0
1180,0,vizUtPmY,NmJVuAxS,2867.0
712,0,lmZJehpq,upMsEWKk,2371.0
712,0,ozAxYCwR,MlQcmexA,51.0
1180,0,dgLtpUgu,leVkrEcC,3781.0
1180,0,xyBTaHvp,dgLtpUgu,1937.0
1180,0,apOzgzFy,xyBTaHvp,661.0
1180,0,IMTItMKU,vacPrbQA,1628.0
1180,0,upMsEWKk,IMTItMKU,1340.0
973,0,vfdAIPGv,EkWBPXmr,1192.0
585,0,udlIzhJE,uiYVYPQX,659.0
585,0,uiYVYPQX,VCRIbExe,2.0
16,0,MklhhYCQ,cfShLPmI,1519.0
16,0,JvVxAKet,MklhhYCQ,1456.0
16,0,udlIzhJE,CEZTRnUo,1654.0
585,0,FcOkCcps,yYpbeRpJ,158.0
585,0,uiYVYPQX,FcOkCcps,139.0
1245,0,XVbubuGa,OwpcAtJV,206.0
1245,0,udlIzhJE,XVbubuGa,265.0
16,0,CEZTRnUo,tWKcfmbS,422.0
578,0,vMBlttbG,LRmPOeoe,92.0
578,0,zdEUiAFY,vMBlttbG,56.0
578,0,CorDNIJt,zdEUiAFY,56.0
578,0,udlIzhJE,CorDNIJt,116.0
616,0,QRSRIbba,NQaaFyOm,570.0
16,0,JvVxAKet,TurKlwMz,32.0
16,0,GfBReROC,OxhtFIfA,323.0
16,0,otuYkIZd,GfBReROC,885.0
16,0,udlIzhJE,otuYkIZd,466.0
662,0,TNbojCJf,issQYORv,1217.0
662,0,tGqVborR,TNbojCJf,1217.0
662,0,vJbDLuoa,tGqVborR,1217.0
662,0,FJLNitGY,vJbDLuoa,1208.0
662,0,peBgOXli,FJLNitGY,863.0
1245,0,KnWWIWQx,peBgOXli,248.0
1245,0,OwpcAtJV,TsaeiIGv,1215.0
679,0,mdGitRQe,GhNbXpjs,181.0
16,0,CEZTRnUo,ybjkPLXB,455.0
293,0,cEOIeJTR,iFderoVa,1049.0
16,0,EXHVDpee,cEOIeJTR,113.0
16,0,rnFrOJMw,EXHVDpee,162.0
16,0,GfBReROC,rnFrOJMw,1222.0
16,0,MklhhYCQ,CLjYTiBy,3159.0
16,0,UECnapuN,NkWMDpBL,892.0
16,0,JvVxAKet,UECnapuN,266.0
293,0,tBJBJfdu,gdbAGAQU,772.0
16,0,otuYkIZd,tBJBJfdu,128.0
616,0,IIzQthVA,cHOtlpNd,231.0
616,0,wihERHzN,IIzQthVA,26.0
616,0,jiaBsTdI,wihERHzN,19.0
616,0,iVtHnErr,jiaBsTdI,19.0
616,0,nsjiKPCz,iVtHnErr,19.0
616,0,vfdAIPGv,nsjiKPCz,19.0
616,0,udlIzhJE,OyNIynZV,1147.0
16,0,VQfPRvUw,qGgPbtbT,1482.0
16,0,rnFrOJMw,VQfPRvUw,970.0
170,0,YoEMZEcq,qCZHeqZn,249.0
973,0,XVbubuGa,YoEMZEcq,40.0
16,0,CEZTRnUo,qflzswAf,872.0
597,0,TCMQvOqy,XaFkCXdj,433.0
597,0,JyqrAKLu,TCMQvOqy,593.0
597,0,XxhwFmzZ,JyqrAKLu,612.0
597,0,QZgueNIh,XxhwFmzZ,361.0
597,0,VQfPRvUw,QZgueNIh,49.0
273,0,FVWAEAei,jqriedgy,53.0
293,0,xTmZZczv,UxPxrYmy,62.0
293,0,WSMobtPt,xTmZZczv,1860.0
293,0,cEOIeJTR,WSMobtPt,954.0
966,0,ODNKqRCQ,iPzquFzR,458.0
966,0,lDHqxCQW,dlQGbJav,67.0
16,0,otuYkIZd,lDHqxCQW,379.0
973,0,EkWBPXmr,agmUQnfF,23.0
762,0,HcKLTTXk,CtzBEXfZ,114.0
1506,0,IvXmMOhB,HcKLTTXk,341.0
1506,0,WFZVQzrl,IvXmMOhB,1965.0
727,0,GiONHkbf,WFZVQzrl,1374.0
727,0,QDIpIlEK,GiONHkbf,19.0
727,0,udlIzhJE,QDIpIlEK,983.0
616,0,kJlOJSYi,etntpIwb,1335.0
616,0,OyNIynZV,kJlOJSYi,1260.0
727,0,sceVWPKZ,dvaPHMux,166.0
727,0,WFZVQzrl,sceVWPKZ,97.0
235,0,mklbELhb,BpAiVnps,2045.0
16,0,rnFrOJMw,mklbELhb,189.0
1245,0,mgTKojDA,drmArhka,17.0
1245,0,TsaeiIGv,mgTKojDA,17.0
16,0,OsBkWRQx,TsaeiIGv,2700.0
16,0,udlIzhJE,OsBkWRQx,57.0
477,0,VhgapMoa,vkAUVqtk,161.0
477,0,mdGitRQe,QrdELzCu,738.0
460,0,YctaenCe,qFzqwYZZ,910.0
460,0,STSGJiIu,YctaenCe,3002.0
460,0,MklhhYCQ,STSGJiIu,2386.0
419,0,ppabfQGz,rloRqLNl,1012.0
419,0,WAnDToyk,ppabfQGz,2816.0
419,0,KwaxxmSs,WAnDToyk,1928.0
235,0,UUCrlfWg,KwaxxmSs,154.0
16,0,udlIzhJE,UUCrlfWg,124.0
727,0,GnsXgGJX,YmDpkIHQ,876.0
37,0,xnBCUPNx,FliRNcXy,218.0
37,0,MEVzYGii,xnBCUPNx,412.0
37,0,cTQVugNT,MEVzYGii,412.0
14,0,nCsqpnJo,cGoHBmgo,121.0
14,0,vfdAIPGv,nCsqpnJo,140.0
727,0,XAxmwtqw,gpaAUChy,321.0
727,0,PSjGjQXK,XAxmwtqw,616.0
16,0,MklhhYCQ,yhXmuUeN,12.0
727,0,TsaeiIGv,EkWBPXmr,397.0
727,0,OsBkWRQx,TsaeiIGv,64.0
727,0,udlIzhJE,OsBkWRQx,5.0
682,0,jpIJprWb,jIFrASnh,742.0
682,0,nYVfIRsk,jpIJprWb,742.0
727,0,IHZGJZTs,nYVfIRsk,162.0
727,0,zXtHnUiq,IHZGJZTs,171.0
727,0,QDIpIlEK,GfBReROC,211.0
720,0,qflzswAf,cTQVugNT,758.0
16,0,oiYuCTCe,TShNRujB,1782.0
16,0,lDHqxCQW,oiYuCTCe,2374.0
235,0,CEZTRnUo,ohvLIfWG,885.0
712,0,ubzklVlS,NJSgWoOc,3489.0
293,0,exnIZrMP,EkWBPXmr,1362.0
293,0,mklbELhb,exnIZrMP,1387.0
16,0,NkWMDpBL,bWAbaUPC,80.0
235,0,fkZFUNSd,CfleTooC,1202.0
235,0,CEZTRnUo,fkZFUNSd,1674.0
616,0,OyNIynZV,DYKvrufv,8.0
235,0,MnTeelLR,MgruBUee,1671.0
235,0,fkZFUNSd,MnTeelLR,981.0
1506,0,AszcEtOu,aYSqaQmJ,1700.0
1506,0,tRncbstl,AszcEtOu,469.0
727,0,nsbHlbAq,VTHwomVj,95.0
727,0,udlIzhJE,nsbHlbAq,137.0
1318,0,UUCrlfWg,eTJQHplR,1828.0
16,0,cfShLPmI,xGsoSfhX,87.0
1226,0,vFpuvjcu,zjKsBdNQ,3986.0
1226,0,qflzswAf,vFpuvjcu,3919.0
1395,0,qOuhMtTj,xOhGqygU,1608.0
1395,0,KCvWJpxq,qOuhMtTj,4009.0
1395,0,cNuIRYrx,KCvWJpxq,2373.0
1395,0,yNIUaSyZ,cNuIRYrx,1823.0
1395,0,nsbHlbAq,yNIUaSyZ,1616.0
1530,0,ojqTFFWy,kVeKzKrW,251.0
14,0,YXOKWXAw,fOfcyQgJ,133.0
14,0,gnmwaIOJ,YXOKWXAw,177.0
14,0,qflzswAf,gnmwaIOJ,221.0
14,0,nsjiKPCz,owFNQNZv,76.0
14,0,owFNQNZv,gBkmsEyR,40.0
585,0,wihERHzN,uiYVYPQX,24.0
585,0,DeduXMzE,wihERHzN,24.0
14,0,SOBUilCD,lBopHXdD,30.0
14,0,nsjiKPCz,SOBUilCD,37.0
14,0,SOBUilCD,mdGitRQe,10.0
14,0,fkZFUNSd,RkbXqAIs,126.0
14,0,lBopHXdD,fkZFUNSd,17.0
14,0,RkbXqAIs,MTAZIXBL,158.0
14,0,VjdckTjW,yrRBvFtZ,155.0
14,0,CKNrjFUU,VjdckTjW,42.0
14,0,EtvjcvTp,CKNrjFUU,326.0
419,0,CKldDLYq,EkWBPXmr,1321.0
419,0,tjYcJLRB,CKldDLYq,611.0
585,0,TsaeiIGv,EkWBPXmr,393.0
585,0,OsBkWRQx,TsaeiIGv,1111.0
585,0,TlwaKrQx,OsBkWRQx,1111.0
585,0,uiYVYPQX,TlwaKrQx,1111.0
578,0,XEuSRnsw,inRETCYL,147.0
578,0,yolIeCeg,XEuSRnsw,147.0
578,0,ozAxYCwR,yolIeCeg,274.0
578,0,qdrjbHYS,ozAxYCwR,262.0
585,0,qdrjbHYS,vfdAIPGv,554.0
585,0,vfdAIPGv,nsjiKPCz,3.0
273,0,leJfirnk,OwpcAtJV,1833.0
273,0,XVbubuGa,leJfirnk,1892.0
273,0,qdrjbHYS,XVbubuGa,2611.0
273,0,TAifzqok,yAqyhWkU,3930.0
273,0,MTAZIXBL,TAifzqok,1579.0
273,0,qdrjbHYS,MTAZIXBL,1623.0
616,0,tBNXSyMW,LRmPOeoe,184.0
616,0,TJGhHrvm,tBNXSyMW,184.0
616,0,uiYVYPQX,TJGhHrvm,268.0
989,0,twMezfOU,lkujKSJT,292.0
989,0,OyJKKata,twMezfOU,292.0
989,0,MqGZxRIW,OyJKKata,292.0
989,0,FcOkCcps,MqGZxRIW,292.0
989,0,duRJdiSr,FcOkCcps,292.0
989,0,uiYVYPQX,duRJdiSr,292.0
264,0,xfbmoJHP,aHiLErMV,100.0
1180,0,UckYThSh,qLQHuyIe,8636.0
712,0,EmkugZPX,UckYThSh,1939.0
273,0,XVbubuGa,peBgOXli,1098.0
616,0,DCdKJxNH,wHSBMatn,16.0
616,0,qdrjbHYS,DCdKJxNH,11.0
455,0,iwdDmytU,vUKUaFbz,404.0
455,0,MlQcmexA,iwdDmytU,404.0
712,0,qdrjbHYS,VpmqCJUB,4163.0
578,0,yolIeCeg,GXHjZCTL,149.0
187,0,ouPwTbuD,ztLkgYlA,1501.0
273,0,OwpcAtJV,CLjYTiBy,337.0
273,0,jqriedgy,EkCoFwMY,158.0
616,0,gdbAGAQU,JvDZYJph,26.0
616,0,ANpclgWP,gdbAGAQU,26.0
616,0,TJGhHrvm,ANpclgWP,118.0
648,0,VpmqCJUB,ZIZoBDen,1551.0
273,0,peBgOXli,EtvjcvTp,622.0
483,0,TCMQvOqy,NmilzqZp,563.0
483,0,JyqrAKLu,TCMQvOqy,563.0
483,0,XxhwFmzZ,JyqrAKLu,563.0
483,0,QZgueNIh,XxhwFmzZ,563.0
483,0,JFVlrPHE,QZgueNIh,134.0
483,0,cpLivUai,JFVlrPHE,126.0
483,0,WqMESkMM,cpLivUai,119.0
483,0,TKmnSMXw,WqMESkMM,153.0
483,0,osddylgA,TKmnSMXw,153.0
483,0,uiYVYPQX,osddylgA,153.0
973,0,hCUvXluM,vWnHMbTe,4.0
973,0,HVHFFpAB,hCUvXluM,4.0
973,0,YoEMZEcq,HVHFFpAB,4.0
483,0,MURlCahD,eYiyBone,149.0
483,0,POdtxoZm,MURlCahD,46.0
483,0,WqMESkMM,POdtxoZm,46.0
1180,0,UhAwQaaX,ePrpofUw,1963.0
1180,0,Vlipnutt,FVYwGhLu,2146.0
1180,0,RinxBkUZ,Vlipnutt,648.0
712,0,xTOrUJFO,RinxBkUZ,463.0
273,0,zOQhKaAF,fkZFUNSd,1174.0
273,0,XVbubuGa,isVKhOXG,725.0
1180,0,kFSxtGUW,oXDhDxhT,25.0
1180,0,RinxBkUZ,kFSxtGUW,46.0
597,0,aWeAvoyP,sonNAVmZ,65.0
597,0,ozAxYCwR,aWeAvoyP,52.0
990,0,qdrjbHYS,ozAxYCwR,31.0
966,0,CEyhPnMH,iPzquFzR,266.0
273,0,yAqyhWkU,CEyhPnMH,237.0
924,0,jjHnlXVx,AJLJQqsT,253.0
712,0,VpmqCJUB,mGgwEHaG,1222.0
293,0,tBJBJfdu,VyHGAkTo,73.0
293,0,aDaRCcaB,tBJBJfdu,251.0
924,0,illGQStO,sTaleXyI,16.0
924,0,GfvuifIZ,TJDsQDoO,323.0
924,0,UAwQbGIv,GfvuifIZ,314.0
924,0,HyvnzuHA,UAwQbGIv,314.0
924,0,ExMxhtei,HyvnzuHA,1205.0
924,0,FvRjKBvU,ExMxhtei,1300.0
924,0,EmkugZPX,FvRjKBvU,300.0
293,0,hCxxcqWU,dvaPHMux,758.0
273,0,wHfmVQMh,cttUtMNm,237.0
273,0,mKIQRbrs,wHfmVQMh,2905.0
924,0,UVDfwOgc,rxrORjnb,88.0
924,0,ygaPVVOX,UVDfwOgc,15.0
924,0,FvRjKBvU,ygaPVVOX,11.0
924,0,TNTzUMyF,nJRQzVZQ,226.0
924,0,avRuCqLk,TNTzUMyF,215.0
924,0,GfvuifIZ,avRuCqLk,86.0
1072,0,tZcBjHOF,uVrlMgNx,3.0
1076,0,WyfCQhSW,tZcBjHOF,64.0
1178,0,vizUtPmY,WyfCQhSW,208.0
1072,0,lnzZDlDL,GhOGJPtU,63.0
1076,0,YjKQPWoa,qNEatmrc,446.0
1076,0,KAhfQHTl,YjKQPWoa,1454.0
1076,0,nfCzcTzh,KAhfQHTl,1294.0
1076,0,MlYFoaez,nfCzcTzh,664.0
1072,0,qdrjbHYS,CRVKBFrv,28.0
616,0,ObeVuyMA,kJlOJSYi,103.0
616,0,eOdwAkBF,ObeVuyMA,84.0
616,0,FDCDnriY,eOdwAkBF,82.0
616,0,DCdKJxNH,FDCDnriY,77.0
1072,0,PORiPCGC,CYkmgDbv,198.0
1076,0,vHItlPPU,PORiPCGC,739.0
1076,0,CRVKBFrv,vHItlPPU,669.0
1245,0,yAqyhWkU,drmArhka,309.0
712,0,jOxyxYyy,VhgapMoa,96.0
477,0,vkAUVqtk,oeGMQkdJ,177.0
477,0,CYSggHNR,rDSiGFpR,563.0
712,0,fFHpEWYG,CYSggHNR,421.0
477,0,rDSiGFpR,mHRdWDIt,358.0
235,0,PSjGjQXK,KwaxxmSs,825.0
235,0,RVGhYAxc,PSjGjQXK,3482.0
712,0,RHWjHSWx,RVGhYAxc,1923.0
712,0,VpmqCJUB,RHWjHSWx,1526.0
1506,0,BpAiVnps,mnkgCFDT,8239.0
524,0,aAfSzptC,fuApzGaS,684.0
524,0,qFzqwYZZ,aAfSzptC,819.0
524,0,vfDgNrFH,qFzqwYZZ,921.0
524,0,duRJdiSr,vfDgNrFH,782.0
273,0,OwpcAtJV,hfsVeMMa,696.0
235,0,xewbkqhz,AHLLTOdf,2145.0
235,0,BpAiVnps,xewbkqhz,3063.0
235,0,RVGhYAxc,BpAiVnps,3103.0
235,0,SOBUilCD,tBJBJfdu,1082.0
235,0,RVGhYAxc,SOBUilCD,729.0
712,0,mGgwEHaG,GigUVtty,762.0
273,0,qvujbmjR,SqxhBMol,1459.0
273,0,mKIQRbrs,qvujbmjR,587.0
648,0,bgWfLree,DsuTXcIa,374.0
648,0,nUYnioIh,bgWfLree,374.0
648,0,mVhkAqwx,nUYnioIh,374.0
601,0,ozAxYCwR,nrKKniYe,732.0
601,0,qdrjbHYS,ozAxYCwR,420.0
601,0,qvujbmjR,nrUfCQxz,326.0
601,0,SqxhBMol,qvujbmjR,545.0
601,0,nrKKniYe,SqxhBMol,82.0
712,0,fRxWIrbs,DWuGRWkF,1825.0
712,0,fFHpEWYG,fRxWIrbs,1205.0
601,0,iBiVOFur,vJitwYAE,131.0
601,0,niqrIlpR,iBiVOFur,52.0
601,0,nrKKniYe,niqrIlpR,29.0
712,0,MlQcmexA,zYpZYpOA,3116.0
273,0,fFHpEWYG,AjJCgCBk,1189.0
273,0,yAqyhWkU,fFHpEWYG,946.0
273,0,fkZFUNSd,TrOiZJox,685.0
648,0,QdIKKqKN,TIoMzhxD,1256.0
648,0,ZIZoBDen,QdIKKqKN,1248.0
313,0,GYfZYaJh,DYKvrufv,825.0
313,0,aYSqaQmJ,GYfZYaJh,809.0
313,0,EmkugZPX,aYSqaQmJ,552.0
712,0,NJSgWoOc,HJTsgSzj,1881.0
601,0,pPqywgRl,yprCGtVa,316.0
601,0,duRJdiSr,pPqywgRl,40.0
601,0,uiYVYPQX,duRJdiSr,40.0
273,0,wHfmVQMh,mdGitRQe,419.0
187,0,FyIjwLBj,AUBTKFbY,502.0
187,0,TcEVvOUM,FyIjwLBj,788.0
601,0,udvGqqIc,lqMPnIra,1119.0
601,0,nrKKniYe,udvGqqIc,1032.0
419,0,lctVuVOk,hSRFRBsa,2842.0
477,0,cttUtMNm,lctVuVOk,856.0
477,0,fRxWIrbs,cttUtMNm,140.0
235,0,KwaxxmSs,VTHwomVj,3054.0
1318,0,HFKGyjhH,mkJuKiBe,995.0
1318,0,OPXtWBVk,HFKGyjhH,123.0
601,0,qdrjbHYS,OPXtWBVk,88.0
1318,0,FgBYTWzD,MfyCNvnP,428.0
187,0,KCMgfriT,ywuGpANM,845.0
187,0,BpAiVnps,KCMgfriT,874.0
1180,0,gyedwqXM,yQQuLFAg,2619.0
1180,0,VCQdmIoF,gyedwqXM,3371.0
1180,0,NRaiNGwl,VCQdmIoF,2850.0
235,0,mdGitRQe,otuYkIZd,2872.0
1300,0,MlqbsUKu,xbiDwIOu,619.0
1300,0,YJykDsrc,MlqbsUKu,476.0
1395,0,suszCmcx,ciAbSxQX,4302.0
477,0,RVGhYAxc,suszCmcx,1241.0
727,0,QDIpIlEK,jnDfAorM,2028.0
1395,0,aUZoPZMc,aWNaUdzp,1567.0
1395,0,anWZyaGW,aUZoPZMc,1606.0
1395,0,lsBVGYKC,anWZyaGW,1198.0
1395,0,cfrRCwNB,lsBVGYKC,900.0
1395,0,mHRdWDIt,TFSGEQcQ,805.0
712,0,FVYwGhLu,izUAPpdi,529.0
712,0,BpAiVnps,FVYwGhLu,1755.0
1180,0,vizUtPmY,qflzswAf,17684.0
1076,0,WyfCQhSW,TIlepZYr,1271.0
1072,0,YjKQPWoa,DSVnhmbs,786.0
1072,0,qdrjbHYS,alaJPSTW,571.0
235,0,wHfmVQMh,EkWBPXmr,3913.0
273,0,iuOUwLky,mKIQRbrs,3299.0
273,0,EkCoFwMY,iuOUwLky,623.0
573,0,XEuSRnsw,inRETCYL,519.0
573,0,yolIeCeg,XEuSRnsw,519.0
573,0,zGyJMIkT,yolIeCeg,519.0
616,0,wihERHzN,uiYVYPQX,10.0
483,0,fKUdbDza,cpLivUai,8.0
483,0,zAVZRYih,fKUdbDza,8.0
483,0,zGyJMIkT,zAVZRYih,170.0
273,0,hfsVeMMa,zOQhKaAF,434.0
14,0,jqriedgy,aUPouXsN,88.0
1176,0,FVYwGhLu,izUAPpdi,94.0
712,0,RVGhYAxc,iMjvswBX,142.0
712,0,MlQcmexA,RHWjHSWx,754.0
712,0,ryMrZCSE,bvSKVAYv,1099.0
712,0,QrdELzCu,ryMrZCSE,2397.0
712,0,jOxyxYyy,QrdELzCu,2741.0
712,0,TPFTQSyz,jOxyxYyy,187.0
273,0,wuyFtExA,KnWWIWQx,27.0
273,0,hwOMxSYP,wuyFtExA,35.0
585,0,inJVXMtB,vfdAIPGv,41.0
585,0,TPFTQSyz,inJVXMtB,4.0
14,0,wuyFtExA,aUPouXsN,13.0
601,0,TPFTQSyz,qdrjbHYS,10.0
601,0,nGkhhpkU,TPFTQSyz,10.0
601,0,RfzcmazU,XwcxmOai,49.0
601,0,fFHpEWYG,RfzcmazU,32.0
16,0,hCxxcqWU,IOcMwGKn,661.0
16,0,funWfCdm,hCxxcqWU,2358.0
16,0,srZucbpJ,funWfCdm,3652.0
973,0,cCEhgrAc,cNHGbHfW,1002.0
1245,0,srZucbpJ,udlIzhJE,5.0
419,0,UwPVTdeZ,WAnDToyk,2536.0
16,0,funWfCdm,lDHqxCQW,5544.0
357,0,KwaxxmSs,LPfgjVyT,763.0
357,0,zVYhNTdK,KwaxxmSs,836.0
357,0,QHFmFyLR,zVYhNTdK,3722.0
357,0,TShNRujB,QHFmFyLR,12197.0
419,0,qFzqwYZZ,gbxdgQQp,704.0
1245,0,RkbXqAIs,qFzqwYZZ,843.0
16,0,funWfCdm,CLjYTiBy,462.0
16,0,NkWMDpBL,rnFrOJMw,871.0
16,0,XnPpfSyF,UECnapuN,835.0
16,0,VQfPRvUw,XnPpfSyF,530.0
16,0,hCxxcqWU,VQfPRvUw,1314.0
419,0,lctVuVOk,LfENZYTF,748.0
16,0,MkXEUCdM,yhXmuUeN,1210.0
16,0,TurKlwMz,MkXEUCdM,1515.0
16,0,XnPpfSyF,TurKlwMz,417.0
357,0,zVYhNTdK,zjSAMvDn,1436.0
1140,0,LtGOEkbi,MmtauPfr,148.0
1140,0,YGTBEvoR,LtGOEkbi,148.0
1140,0,nYVfIRsk,YGTBEvoR,148.0
720,0,qflzswAf,nYVfIRsk,307.0
16,0,tBJBJfdu,qflzswAf,4428.0
16,0,lDHqxCQW,tBJBJfdu,6186.0
253,0,nEXpIbiD,ItndWSiW,345.0
253,0,eTJQHplR,nEXpIbiD,65.0
253,0,funWfCdm,eTJQHplR,157.0
16,0,hEhmxyDr,tWKcfmbS,46.0
16,0,funWfCdm,hEhmxyDr,40.0
16,0,srZucbpJ,udlIzhJE,218.0
77,0,MwUoGUHv,XJRnAJHc,2469.0
77,0,DKTMYVhM,MwUoGUHv,2255.0
77,0,XkkxwlXm,DKTMYVhM,1696.0
77,0,QCBPrBCl,XkkxwlXm,1809.0
77,0,fwfbiPwk,QCBPrBCl,597.0
16,0,qflzswAf,OsBkWRQx,2675.0
250,0,MnTeelLR,mnkgCFDT,114.0
16,0,XnPpfSyF,MnTeelLR,3.0
1472,0,ZMeqpjWv,RuAJZyMI,645.0
1472,0,tSUFrefk,ZMeqpjWv,1368.0
1472,0,GpnhEWuy,tSUFrefk,89.0
727,0,cCEhgrAc,GpnhEWuy,54.0
1419,0,VgUdLlOW,RSQixiib,423.0
1419,0,CKorGRkE,VgUdLlOW,224.0
143,0,POsNTwnJ,RtTLxXUv,37.0
1142,0,nNuUCqPb,cRXLwRHY,28.0
1142,0,tpTDqbZI,nNuUCqPb,84.0
1142,0,hhrNEaMZ,tpTDqbZI,83.0
1142,0,BeiMHrtx,hhrNEaMZ,83.0
720,0,PkbhOCMh,ZdIQslRD,82.0
720,0,funWfCdm,PkbhOCMh,258.0
1506,0,AszcEtOu,WFZVQzrl,201.0
37,0,vpgWwDZB,tcbhlVZo,183.0
37,0,tjYcJLRB,vpgWwDZB,258.0
1446,0,RXuaQdiQ,orpkgmYq,45.0
1446,0,mhTYFecR,RXuaQdiQ,80.0
1446,0,zjGRmLyo,mhTYFecR,80.0
1472,0,TShNRujB,kohCEyKT,564.0
1226,0,ffjXMuak,XiXLaJEL,3331.0
1226,0,itmFNPnQ,ffjXMuak,2365.0
1226,0,UgzfanVk,itmFNPnQ,2379.0
1226,0,funWfCdm,UgzfanVk,839.0
419,0,KwaxxmSs,qKeCDDXI,2015.0
419,0,gzZgDndk,KwaxxmSs,4100.0
19,0,hCxxcqWU,RyhuDLev,19.0
992,0,fzmnvqlX,SEcoeimf,313.0
992,0,VHmQaoRO,fzmnvqlX,1770.0
992,0,BWKNZpmt,VHmQaoRO,2002.0
992,0,kohCEyKT,BWKNZpmt,629.0
1553,0,upwIMaLy,yQpnsdnm,1611.0
1553,0,BdMcIGqZ,upwIMaLy,1611.0
1553,0,fxKlXZDo,BdMcIGqZ,1611.0
1553,0,SEKqfPxp,fxKlXZDo,1611.0
1553,0,eyEAULLm,SEKqfPxp,1611.0
1553,0,ZWbwKKqI,eyEAULLm,1611.0
1553,0,AvRehgJa,ZWbwKKqI,1610.0
1553,0,eUifXINV,AvRehgJa,1610.0
762,0,ljNlRbnZ,XUTqNKWc,470.0
762,0,NjRgIRup,ljNlRbnZ,2879.0
19,0,UUCrlfWg,obGcbWvT,1.0
16,0,YULSfngF,UUCrlfWg,44.0
16,0,srZucbpJ,YULSfngF,37.0
401,0,zjOknQHK,YnUujGmz,466.0
401,0,VkUBejwv,zjOknQHK,316.0
401,0,JbCujTci,VkUBejwv,1784.0
16,0,qflzswAf,WIZPpGvl,122.0
780,0,ZNFFlclk,CDXhVrrJ,1311.0
77,0,IGRxApsM,ZNFFlclk,65.0
77,0,fwfbiPwk,IGRxApsM,199.0
293,0,AvILYntX,zVYhNTdK,1440.0
293,0,hCxxcqWU,AvILYntX,630.0
1744,0,iBiVOFur,nrUfCQxz,120.0
1744,0,niqrIlpR,iBiVOFur,120.0
16,0,OsBkWRQx,eXTjiXiW,1422.0
1318,0,XqVVjUzr,dbPZeeiE,1871.0
460,0,nPkrzCty,cPCRxZjy,2256.0
460,0,qflzswAf,nPkrzCty,2585.0
357,0,pZATYgJX,dlzglDFV,312.0
357,0,DkqFSkSd,pZATYgJX,61.0
720,0,ZdIQslRD,SMhobJmy,71.0
253,0,kVhbTVuU,GYfZYaJh,36.0
253,0,IoxYvxeH,kVhbTVuU,4.0
253,0,funWfCdm,IoxYvxeH,200.0
253,0,eTJQHplR,HezLsNFQ,512.0
1300,0,tBJBJfdu,MlqbsUKu,236.0
235,0,MgruBUee,JSZZmOIY,1282.0
235,0,MkXEUCdM,MgruBUee,1046.0
1398,0,TShNRujB,cniBuICf,1751.0
1395,0,gGjwcdJB,KCvWJpxq,1820.0
460,0,funWfCdm,FFGyTMvJ,548.0
1226,0,vFpuvjcu,BGChynOq,279.0
1180,0,QYwjKQRO,LAmktnrq,1225.0
1180,0,xfbmoJHP,QYwjKQRO,3315.0
1085,0,nAqhCgXt,XojRXAAa,14897.0
1085,0,zZZsLLct,nAqhCgXt,14463.0
1085,0,yCXbqkBs,zZZsLLct,1919.0
1085,0,zjKsBdNQ,yCXbqkBs,2183.0
1022,0,yyEOaSxi,gjOgguRV,4100.0
1022,0,obftSQtS,yyEOaSxi,4090.0
1022,0,yKgFraCR,obftSQtS,4083.0
1022,0,LIDMLZkw,yKgFraCR,4083.0
1022,0,JEpPbBSc,LIDMLZkw,4083.0
1022,0,YkNJvTAu,JEpPbBSc,3963.0
1022,0,TIlepZYr,YkNJvTAu,3898.0
1506,0,LYjhOoFf,IfDrXrwx,157.0
273,0,SWnceHEw,BpAiVnps,3006.0
273,0,AjJCgCBk,SWnceHEw,3059.0
273,0,eVGAINdZ,fFHpEWYG,271.0
273,0,KnWWIWQx,eVGAINdZ,250.0
273,0,iuOUwLky,KnWWIWQx,275.0
235,0,EkWBPXmr,zVYhNTdK,670.0
47,0,nIakFMcq,RVEyrwjR,6210.0
273,0,iuOUwLky,qdrjbHYS,2366.0
1085,0,puwcRgFs,zZZsLLct,6245.0
465,0,TShNRujB,puwcRgFs,1257.0
483,0,ZlnerNQG,TShNRujB,1.0
293,0,BGAyznqC,EkWBPXmr,3913.0
293,0,PUIIuxlM,BGAyznqC,1874.0
293,0,xbiDwIOu,PUIIuxlM,858.0
293,0,zVYhNTdK,xbiDwIOu,5932.0
293,0,qDeoslSZ,zVYhNTdK,5684.0
293,0,bCOJrgoA,qDeoslSZ,8.0
293,0,IwMXsDOu,bCOJrgoA,8.0
293,0,gOJphFVT,IwMXsDOu,8.0
14,0,xiCfcAgb,vfdAIPGv,943.0
14,0,WIZPpGvl,xiCfcAgb,1212.0
14,0,CKNrjFUU,WIZPpGvl,530.0
14,0,PSjGjQXK,EtvjcvTp,512.0
1198,0,gOJphFVT,PSjGjQXK,162.0
616,0,fElpHioA,uiYVYPQX,1081.0
616,0,ArHpJhVJ,fElpHioA,857.0
616,0,yhXmuUeN,YbVmHVTt,48.0
616,0,yaKWBgLg,yhXmuUeN,68.0
616,0,lkujKSJT,yaKWBgLg,70.0
616,0,CEyhPnMH,OQRQrPoA,161.0
616,0,ogrZorIF,CEyhPnMH,161.0
616,0,FXEtzSuC,ogrZorIF,160.0
616,0,bpXNEOYE,FXEtzSuC,415.0
616,0,uiYVYPQX,bpXNEOYE,81.0
616,0,FXEtzSuC,wWcBzuvM,103.0
1198,0,gOJphFVT,lxBswvKX,399.0
293,0,BqZQArDi,WSMobtPt,1444.0
293,0,xbiDwIOu,BqZQArDi,1363.0
293,0,GQmprOhw,iFderoVa,1193.0
293,0,uVsOstge,GQmprOhw,3005.0
293,0,gdbAGAQU,uVsOstge,3665.0
293,0,xbiDwIOu,gdbAGAQU,3889.0
1180,0,NFInfBeu,xfbmoJHP,325.0
264,0,ArHpJhVJ,NFInfBeu,444.0
14,0,pygvGZaF,gBkmsEyR,107.0
14,0,PSjGjQXK,pygvGZaF,1667.0
853,0,KwaxxmSs,QDIpIlEK,312.0
465,0,itmFNPnQ,ARTSSefO,25.0
465,0,zVYhNTdK,jVOVHrFU,16.0
1180,0,FStgRiBS,KCqeuCwW,1304.0
1180,0,BJDTCJYP,FStgRiBS,1116.0
1180,0,NFInfBeu,BJDTCJYP,9.0
1180,0,NFInfBeu,apOzgzFy,9.0
751,0,IxqYybMf,UsVsFgoS,430.0
751,0,NjRgIRup,IxqYybMf,430.0
751,0,PYFpJmOq,BjpwENcr,177.0
751,0,sWjnuVdS,PYFpJmOq,207.0
751,0,UsVsFgoS,sWjnuVdS,207.0
108,0,LuAURVPA,POTYMsFk,98.0
108,0,BpAiVnps,oQxUwlRM,306.0
108,0,KCMgfriT,BpAiVnps,640.0
108,0,TDvESTZN,KCMgfriT,35.0
1198,0,gOJphFVT,HEshVETB,5.0
1072,0,aCcokpIU,zWZbZUaa,613.0
264,0,IWuAfYeM,aCcokpIU,120.0
264,0,lkujKSJT,IWuAfYeM,121.0
751,0,mSljWdzX,qUWcqGRU,63.0
751,0,rDmQAEpc,mSljWdzX,63.0
751,0,LuAURVPA,rDmQAEpc,124.0
751,0,AEUmstNW,WKiVoaSt,141.0
751,0,rDmQAEpc,AEUmstNW,61.0
1072,0,MjMnNBLG,XQBvMmKm,345.0
1198,0,uHbImzAf,MjMnNBLG,322.0
1198,0,CgcphXSb,uHbImzAf,1212.0
1198,0,OWkTamRc,CgcphXSb,788.0
1198,0,xNgkqoUR,OWkTamRc,1069.0
727,0,neNWquOh,EkWBPXmr,651.0
727,0,aFlzccOO,neNWquOh,699.0
727,0,FyJXToWe,aFlzccOO,250.0
727,0,rRGVruPM,FyJXToWe,261.0
727,0,cfShLPmI,rRGVruPM,243.0
16,0,cfShLPmI,cCEhgrAc,801.0
16,0,rnFrOJMw,OxhtFIfA,388.0
16,0,cfShLPmI,rnFrOJMw,365.0
14,0,NLDgVASg,RkbXqAIs,22.0
14,0,cttUtMNm,NLDgVASg,200.0
14,0,Oslgxmkx,cttUtMNm,468.0
16,0,EXHVDpee,NuwmOhpA,1853.0
16,0,NkWMDpBL,EXHVDpee,1157.0
16,0,MkXEUCdM,NkWMDpBL,241.0
16,0,cfShLPmI,MkXEUCdM,518.0
14,0,leJfirnk,yrRBvFtZ,202.0
14,0,nrKKniYe,leJfirnk,443.0
14,0,NLDgVASg,nrKKniYe,207.0
273,0,wrQYrTaC,yAqyhWkU,10.0
273,0,mLTeVSqe,wrQYrTaC,10.0
273,0,lBopHXdD,mLTeVSqe,10.0
273,0,vwEcxUej,lBopHXdD,5.0
273,0,JBpFxiqb,vwEcxUej,5.0
273,0,Oslgxmkx,JBpFxiqb,5.0
273,0,EkCoFwMY,shsbwlrM,124.0
966,0,MBttAlCW,ZAfIffxq,11.0
966,0,leJfirnk,MBttAlCW,131.0
16,0,otuYkIZd,OsBkWRQx,826.0
16,0,qGgPbtbT,otuYkIZd,924.0
1472,0,rRGVruPM,FqxCUuHX,3906.0
727,0,lhvdYjIr,YmDpkIHQ,288.0
1472,0,FqxCUuHX,gyQqEnFq,6024.0
1506,0,RVGhYAxc,oNyGHMvy,457.0
235,0,MgruBUee,RVGhYAxc,2784.0
585,0,MqGZxRIW,EkWBPXmr,694.0
585,0,ubZrQMid,inJVXMtB,37.0
585,0,gBkmsEyR,ubZrQMid,546.0
585,0,cGoHBmgo,gBkmsEyR,194.0
585,0,gRuqifBH,cGoHBmgo,84.0
584,0,awOEKaEj,qdrjbHYS,151.0
584,0,gRuqifBH,awOEKaEj,151.0
273,0,LmhVzFNJ,gVtshwcF,119.0
273,0,CmbQeSBI,LmhVzFNJ,119.0
273,0,TAifzqok,CmbQeSBI,131.0
273,0,FcOkCcps,TAifzqok,2321.0
585,0,MqGZxRIW,OyJKKata,138.0
616,0,mVhkAqwx,lkujKSJT,41.0
616,0,gRuqifBH,mVhkAqwx,58.0
585,0,ZfrzMWnY,KHbKaRBy,1.0
585,0,UyiYQRlM,ZfrzMWnY,1.0
585,0,yYpbeRpJ,UyiYQRlM,1.0
616,0,bgWfLree,DsuTXcIa,391.0
616,0,nUYnioIh,bgWfLree,391.0
616,0,UAkhVpHN,nUYnioIh,81.0
616,0,mVhkAqwx,UAkhVpHN,264.0
616,0,kWtooBDW,MTAZIXBL,12.0
616,0,MqGZxRIW,kWtooBDW,2.0
616,0,ldInPGbn,idAQxYim,10.0
616,0,jkuUxjyr,ldInPGbn,10.0
616,0,FcOkCcps,jkuUxjyr,10.0
973,0,qkTCgKXX,YoEMZEcq,56.0
973,0,XjSQdTLS,qkTCgKXX,56.0
973,0,iuOUwLky,XjSQdTLS,51.0
273,0,yAqyhWkU,bRAzuzSs,4772.0
1180,0,vizUtPmY,aCcokpIU,520.0
712,0,DWuGRWkF,VpmqCJUB,1401.0
712,0,awOEKaEj,DWuGRWkF,1634.0
1180,0,rbVbMNcM,oXDhDxhT,208.0
712,0,GRRjUQxz,fFHpEWYG,1769.0
712,0,MlQcmexA,GRRjUQxz,578.0
712,0,DWuGRWkF,mGgwEHaG,1962.0
1072,0,kZdBhxvo,nfCzcTzh,1.0
524,0,pZulUpHT,udBTjIHv,1367.0
524,0,tBNXSyMW,pZulUpHT,486.0
524,0,OyJKKata,tBNXSyMW,114.0
578,0,awOEKaEj,zAVZRYih,56.0
578,0,gRuqifBH,awOEKaEj,56.0
524,0,FcOkCcps,LdWodgsw,115.0
601,0,FFlVogkV,udvGqqIc,87.0
601,0,ssCuUaaJ,FFlVogkV,121.0
601,0,HrNWphPZ,ssCuUaaJ,121.0
601,0,XwcxmOai,HrNWphPZ,162.0
601,0,FcOkCcps,XwcxmOai,78.0
712,0,jOxyxYyy,uiYVYPQX,2271.0
1076,0,bYNwHuWo,AlpXiRiW,125.0
1072,0,kZdBhxvo,FoxIDeQY,29.0
1245,0,gVtshwcF,ubZrQMid,205.0
1245,0,ubZrQMid,vfdAIPGv,204.0
273,0,MrybjzSo,uiYVYPQX,2262.0
273,0,OwpcAtJV,MrybjzSo,2091.0
616,0,gVtshwcF,NQaaFyOm,209.0
264,0,ABRKsLIZ,uUBnPWGG,108.0
264,0,RtBolNHG,ABRKsLIZ,76.0
264,0,XGgrBziF,RtBolNHG,36.0
264,0,FJLNitGY,XGgrBziF,36.0
264,0,rivVbWxD,FJLNitGY,36.0
264,0,OQRQrPoA,rivVbWxD,2.0
662,0,KnWWIWQx,peBgOXli,295.0
662,0,bRAzuzSs,KnWWIWQx,295.0
662,0,OwpcAtJV,bRAzuzSs,295.0
616,0,GuhaYkFL,pbVrXoGi,2.0
616,0,yaKWBgLg,GuhaYkFL,2.0
273,0,gVtshwcF,MTAZIXBL,368.0
273,0,MTAZIXBL,jqriedgy,169.0
273,0,CKNrjFUU,qGgPbtbT,831.0
483,0,AHLLTOdf,QZgueNIh,409.0
483,0,MnIYxXyj,AHLLTOdf,341.0
483,0,MURlCahD,MnIYxXyj,200.0
483,0,CmbQeSBI,MURlCahD,232.0
1244,0,OwpcAtJV,KnWWIWQx,16.0
597,0,exnIZrMP,aWeAvoyP,13.0
597,0,KhRPPFUf,exnIZrMP,13.0
597,0,zoqWMrrO,KhRPPFUf,13.0
597,0,WSMobtPt,zoqWMrrO,13.0
597,0,gVtshwcF,WSMobtPt,10.0
966,0,CLjYTiBy,GBYHqHQO,371.0
966,0,WgelRheP,CLjYTiBy,368.0
966,0,gVtshwcF,WgelRheP,5.0
419,0,hxSTJhOz,rDSiGFpR,16.0
1245,0,CLjYTiBy,pSVDMeCH,968.0
419,0,iOuVBZzk,ZpgoacOO,2602.0
419,0,neNWquOh,iOuVBZzk,3390.0
419,0,KwaxxmSs,neNWquOh,2810.0
483,0,FVWAEAei,KwaxxmSs,112.0
483,0,NuwmOhpA,FVWAEAei,112.0
483,0,gVtshwcF,NuwmOhpA,216.0
616,0,yAqyhWkU,IIzQthVA,203.0
616,0,peBgOXli,yAqyhWkU,7.0
616,0,KnWWIWQx,peBgOXli,7.0
616,0,OwpcAtJV,KnWWIWQx,7.0
77,0,fwfbiPwk,ppabfQGz,332.0
77,0,IGRxApsM,NuyYqrDq,213.0
1472,0,hxSTJhOz,DYvQviUy,713.0
483,0,BqZQArDi,TShNRujB,183.0
483,0,JJRlkmgp,BqZQArDi,183.0
483,0,gVtshwcF,JJRlkmgp,135.0
477,0,YvLYpMPH,POdtxoZm,592.0
477,0,fkZFUNSd,YvLYpMPH,380.0
16,0,CEZTRnUo,tBJBJfdu,180.0
16,0,bbaQRYSI,CEZTRnUo,953.0
273,0,BpAiVnps,MgruBUee,456.0
16,0,ybjkPLXB,lDHqxCQW,1006.0
465,0,BGChynOq,xMwzCIXQ,126.0
465,0,hxSTJhOz,BGChynOq,539.0
235,0,QHFmFyLR,EkWBPXmr,2193.0
235,0,eXTjiXiW,QHFmFyLR,13.0
1318,0,iGTcFnmF,eXTjiXiW,1065.0
762,0,ZVTOmRdq,HqehCtdr,264.0
762,0,ljNlRbnZ,uAaGlvRh,2038.0
1180,0,qNiTyrkl,rbVbMNcM,995.0
1180,0,rckblBTM,qNiTyrkl,418.0
712,0,TcTonWJL,YvwQRHTE,502.0
712,0,RIpTuvwk,TcTonWJL,558.0
712,0,LVcdwgEp,RIpTuvwk,1668.0
712,0,EmkugZPX,LVcdwgEp,1133.0
712,0,SOVcCDqR,EmkugZPX,317.0
419,0,IoxYvxeH,eYoPTdNP,669.0
853,0,NjRgIRup,IoxYvxeH,1480.0
205,0,FXEtzSuC,sDgMDbLK,373.0
205,0,hSRFRBsa,FXEtzSuC,313.0
465,0,STKMtPtJ,hSRFRBsa,1802.0
1180,0,oXDhDxhT,BJDTCJYP,17.0
1512,0,FZsFzszJ,anWZyaGW,1619.0
47,0,KgwKZlse,FZsFzszJ,32.0
47,0,VCQdmIoF,KgwKZlse,134.0
47,0,rckblBTM,VCQdmIoF,33.0
253,0,agMXkLfj,DOGyniWl,573.0
1180,0,dAjqsFfg,vizUtPmY,19215.0
1180,0,QewuHWYk,dAjqsFfg,20489.0
1180,0,IWuAfYeM,QewuHWYk,3244.0
1532,0,KgwKZlse,mNGfniSu,72.0
47,0,rckblBTM,RyPegcUV,111.0
1506,0,elmHqfIN,jTofnsvB,45.0
1506,0,BMprcpdo,elmHqfIN,1104.0
1180,0,PhjcDdmq,BMprcpdo,2497.0
1180,0,xyBTaHvp,PhjcDdmq,637.0
1180,0,SOVcCDqR,XiLvnZTk,585.0
357,0,bZroqIhX,DkqFSkSd,1200.0
1300,0,EKYbCcms,BqZQArDi,1661.0
1300,0,QpprBOSr,EKYbCcms,2837.0
143,0,KIvXTDlT,GnOurcjN,1582.0
143,0,TgzZcdmy,KIvXTDlT,95.0
1506,0,poajKJhB,IvXmMOhB,1103.0
1506,0,nIakFMcq,poajKJhB,1569.0
1180,0,vacPrbQA,nIakFMcq,4748.0
798,0,TgzZcdmy,PgJqeYYy,787.0
465,0,RCkelXPh,eyAJPdep,2.0
465,0,PAegbDaK,RCkelXPh,20.0
1435,0,RVEyrwjR,BTtHvEzM,2613.0
47,0,fGmFhgnx,RVEyrwjR,1619.0
1180,0,SOVcCDqR,LhgNVAOU,32.0
1506,0,LYjhOoFf,POsNTwnJ,248.0
1180,0,Vlipnutt,VcqDmTtv,2265.0
1180,0,cNWTidvb,Vlipnutt,1555.0
1142,0,SgGmeaHk,cRXLwRHY,475.0
720,0,NzFpkpXH,SNVRXPiu,440.0
720,0,knCDNjnp,NzFpkpXH,782.0
720,0,WIZPpGvl,knCDNjnp,2611.0
1180,0,ULMVzkWs,JbCujTci,364.0
1180,0,ZNjvBYak,ULMVzkWs,451.0
1180,0,SOVcCDqR,ZNjvBYak,22.0
1506,0,paIawFeA,OXcUkifL,231.0
1506,0,RVGhYAxc,paIawFeA,897.0
1506,0,aYSqaQmJ,RVGhYAxc,351.0
1506,0,tDDddUJb,AszcEtOu,1634.0
1340,0,rckblBTM,tDDddUJb,40.0
992,0,VriUyyDM,deapEAbC,779.0
992,0,KIvXTDlT,VriUyyDM,1769.0
992,0,TgzZcdmy,KIvXTDlT,1673.0
253,0,hSRFRBsa,WhHfbZWj,617.0
253,0,kjxfKqbD,hSRFRBsa,1097.0
253,0,JbCujTci,kjxfKqbD,651.0
762,0,BxmxkKGC,ojqTFFWy,6173.0
762,0,uAaGlvRh,BxmxkKGC,1806.0
762,0,mdiSFJRM,dHuMOmqh,4244.0
762,0,ljNlRbnZ,mdiSFJRM,367.0
736,0,FZsFzszJ,MoOxWMZQ,3271.0
736,0,XQiQvefE,ZgqhsueA,800.0
736,0,oYdkYEMp,XQiQvefE,37.0
736,0,KgwKZlse,oYdkYEMp,510.0
762,0,DgYBMgPg,IulxyPoH,903.0
780,0,RyPegcUV,DgYBMgPg,117.0
1506,0,YmkUpvHU,rRGVruPM,9.0
1506,0,tDDddUJb,YmkUpvHU,1016.0
143,0,YspLWkZX,OaJoPLeC,453.0
143,0,WCllcJIC,YspLWkZX,502.0
1506,0,elmHqfIN,WCllcJIC,284.0
143,0,vHkAlmCm,OQfDwOIF,1711.0
143,0,SEjojzMr,vHkAlmCm,1600.0
143,0,IvXmMOhB,SEjojzMr,1955.0
992,0,MlXQVZuf,RyhuDLev,933.0
992,0,QyfZGsFT,MlXQVZuf,798.0
992,0,aZtqChJJ,QyfZGsFT,2646.0
992,0,tcbhlVZo,aZtqChJJ,3044.0
992,0,uxBjVsKf,tcbhlVZo,5475.0
992,0,VriUyyDM,uxBjVsKf,2169.0
561,0,dqlcNUVh,rkDXPoao,693.0
561,0,xnXFAboh,EZxvwLQu,380.0
561,0,hFISFuCO,xnXFAboh,228.0
762,0,NCSBLEus,hFISFuCO,554.0
762,0,xfbmoJHP,NCSBLEus,612.0
992,0,tcbhlVZo,QxkHLGuk,3011.0
565,0,PXPVuGmP,VUmYNFZt,91.0
762,0,goEFDDka,PXPVuGmP,183.0
762,0,MttNRhjN,goEFDDka,153.0
762,0,ygaPVVOX,MttNRhjN,411.0
992,0,aZtqChJJ,wssOAckJ,1071.0
780,0,LlpMjrks,lhSIyIfw,5.0
780,0,DgYBMgPg,LlpMjrks,4.0
1083,0,KCAssTym,pqZYMbGr,268.0
1083,0,AtxuoNjw,KCAssTym,1794.0
1083,0,XFPAZveS,AtxuoNjw,92.0
736,0,rBGGtpqI,XFPAZveS,5265.0
736,0,mkpQpPSv,rBGGtpqI,1.0
736,0,oYdkYEMp,mkpQpPSv,1.0
780,0,wuAzVrCW,fdwLSfsa,1689.0
780,0,EWoqQawU,wuAzVrCW,1625.0
780,0,vkArqzKY,EWoqQawU,202.0
780,0,RyPegcUV,vkArqzKY,10.0
273,0,jFmPCmzM,TrOiZJox,1089.0
273,0,jOxyxYyy,jFmPCmzM,25.0
712,0,EmkugZPX,TPFTQSyz,159.0
1318,0,XqVVjUzr,eTJQHplR,1738.0
1506,0,elmHqfIN,zgCGmKZn,189.0
1506,0,HcPkwFHM,svgtEcQx,63.0
1506,0,tDDddUJb,HcPkwFHM,404.0
1318,0,CoFyQOTC,jnDfAorM,979.0
1318,0,HMiMHaRv,CoFyQOTC,1021.0
1318,0,PhjcDdmq,HMiMHaRv,977.0
1180,0,qNiTyrkl,ZTMEdEeK,175.0
1592,0,EEpOhSPN,mcahLsch,2082.0
1592,0,QJzYlSpE,EEpOhSPN,2082.0
1592,0,eXUkyEOl,QJzYlSpE,2082.0
1592,0,aFLknQpO,eXUkyEOl,2078.0
1592,0,QfdhBuuV,aFLknQpO,1945.0
1592,0,rajlOAiB,QfdhBuuV,1945.0
1592,0,UxgUbJZk,rajlOAiB,1945.0
1592,0,LpQEBEct,UxgUbJZk,1078.0
1592,0,uypYDUnA,LpQEBEct,1078.0
1592,0,gKGqSXsa,uypYDUnA,1048.0
1592,0,BGChynOq,gKGqSXsa,897.0
1198,0,nusTHAtB,EkWBPXmr,1485.0
1198,0,isVKhOXG,nusTHAtB,388.0
1198,0,IzsieVnc,isVKhOXG,303.0
1198,0,yjunmuoE,OruIKgrE,64.0
1198,0,tldUULAx,yjunmuoE,65.0
1198,0,lQHWhrGj,tldUULAx,93.0
1198,0,isVKhOXG,lQHWhrGj,479.0
762,0,fQRLOpha,kUJgeRIS,219.0
762,0,CqPWXNIf,fQRLOpha,599.0
367,0,qKeCDDXI,CqPWXNIf,270.0
679,0,KHbKaRBy,qKeCDDXI,273.0
1198,0,PSjGjQXK,gzZgDndk,1477.0
1198,0,rWiIOjNx,PSjGjQXK,899.0
1198,0,dBTDkDZt,rWiIOjNx,101.0
1198,0,aVjdmBcp,dBTDkDZt,379.0
1198,0,JZGNdgml,aVjdmBcp,380.0
1198,0,lQHWhrGj,JZGNdgml,380.0
648,0,JZGNdgml,bvSKVAYv,55.0
648,0,uHbImzAf,JZGNdgml,55.0
648,0,IzsieVnc,uHbImzAf,55.0
647,0,bCOJrgoA,qDeoslSZ,39.0
647,0,uTcsgvmK,bCOJrgoA,39.0
647,0,PrdzzRyE,uTcsgvmK,39.0
647,0,yYSDLmlm,ydoNqUsu,328.0
647,0,FDCDnriY,yYSDLmlm,575.0
647,0,hLEWSLqw,FDCDnriY,575.0
647,0,qDeoslSZ,hLEWSLqw,328.0
648,0,RkIYOvZu,PnlUHDyC,456.0
1198,0,ygKQkAfU,RkIYOvZu,10.0
1198,0,EkWBPXmr,ygKQkAfU,163.0
419,0,glDvUhXc,EYgpmtHR,2.0
250,0,yNIUaSyZ,glDvUhXc,2.0
679,0,jKjAXpVP,DOGyniWl,12.0
273,0,QRSRIbba,zGyJMIkT,96.0
273,0,iuOUwLky,QRSRIbba,256.0
273,0,GcGOdrPa,OQRQrPoA,23.0
273,0,bRAzuzSs,GcGOdrPa,1.0
273,0,bRAzuzSs,zOQhKaAF,393.0
273,0,TrOiZJox,AjJCgCBk,1586.0
573,0,jBnsfrlR,zGyJMIkT,1042.0
573,0,sjphZSiX,jBnsfrlR,1144.0
573,0,NgDeDdfx,sjphZSiX,1144.0
585,0,wihERHzN,udlIzhJE,3.0
658,0,JsvRApZJ,qdrjbHYS,86.0
658,0,phKFBThj,JsvRApZJ,86.0
658,0,WEHfnUXC,phKFBThj,86.0
658,0,QeZkdZgA,WEHfnUXC,86.0
264,0,KHbKaRBy,EMzKPzug,85.0
264,0,uUBnPWGG,KHbKaRBy,10.0
616,0,PaLbQtln,tBgOcvQf,30.0
616,0,rqBqDfoZ,PaLbQtln,49.0
616,0,YbVmHVTt,rqBqDfoZ,31.0
273,0,wWcBzuvM,MTAZIXBL,706.0
273,0,peBgOXli,wWcBzuvM,251.0
273,0,QRSRIbba,XVbubuGa,603.0
273,0,YbVmHVTt,QRSRIbba,66.0
973,0,nZnozRfz,dKSFzIqs,293.0
973,0,dKSFzIqs,XjSQdTLS,3.0
264,0,uUBnPWGG,NjRgIRup,103.0
357,0,zVYhNTdK,EkWBPXmr,942.0
47,0,xfbmoJHP,gzTQJVMW,1574.0
1568,0,lqMPnIra,KCvWJpxq,1095.0
1398,0,MhxjGQjy,mhYSfvAq,2432.0
1398,0,ciAbSxQX,MhxjGQjy,3741.0
679,0,twMezfOU,YmkUpvHU,212.0
1472,0,GiONHkbf,yayPNqiY,17.0
143,0,MaKoROaE,tRncbstl,124.0
1532,0,PWitnUnB,RVEyrwjR,2057.0
992,0,ttVqQknl,obGcbWvT,179.0
992,0,JgVaSAtG,ttVqQknl,76.0
992,0,PWitnUnB,JgVaSAtG,36.0
1532,0,PWitnUnB,ojqTFFWy,2327.0
16,0,tWKcfmbS,qflzswAf,273.0
1245,0,hysxdiTF,gBkmsEyR,414.0
1245,0,OQRQrPoA,hysxdiTF,414.0
14,0,vfdAIPGv,nsjiKPCz,58.0
273,0,wWcBzuvM,FcOkCcps,142.0
273,0,OQRQrPoA,wWcBzuvM,552.0
273,0,RkbXqAIs,gVtshwcF,1241.0
273,0,GcGOdrPa,RkbXqAIs,561.0
273,0,CKNrjFUU,GcGOdrPa,619.0
616,0,IIzQthVA,uiYVYPQX,378.0
616,0,twMezfOU,lkujKSJT,65.0
616,0,iPNesxKP,twMezfOU,190.0
616,0,wOZIcmuB,iPNesxKP,159.0
616,0,kWtooBDW,wOZIcmuB,83.0
616,0,OQRQrPoA,kWtooBDW,43.0
1198,0,lQHWhrGj,ljAgYLSe,6.0
273,0,mKIQRbrs,isVKhOXG,1.0
524,0,LdWodgsw,FZjXRNIl,40.0
293,0,YxUFlvZH,UECnapuN,254.0
273,0,SqxhBMol,jeadfqyj,1805.0
273,0,QRSRIbba,vkSwBwcN,88.0
455,0,fkZFUNSd,FGvzNZYi,232.0
293,0,GQmprOhw,mklbELhb,902.0
293,0,qrSNpKDz,GQmprOhw,136.0
273,0,iuOUwLky,XVbubuGa,546.0
973,0,TCMQvOqy,sUAChhLU,78.0
973,0,OQRQrPoA,TCMQvOqy,71.0
273,0,lXZmsBCe,XUEgpuYS,110.0
273,0,oftwwzSy,lXZmsBCe,110.0
273,0,CKNrjFUU,oftwwzSy,110.0
483,0,znFDupZg,MURlCahD,51.0
483,0,OQRQrPoA,znFDupZg,101.0
597,0,ZlnerNQG,ozAxYCwR,10.0
966,0,ogrZorIF,ODNKqRCQ,67.0
966,0,OQRQrPoA,NcoWExwJ,8.0
1068,0,aLFpJPgR,jEhGDfoN,1072.0
924,0,LpwxWatG,HNejbQWJ,235.0
924,0,xunvufHj,LpwxWatG,673.0
924,0,wIAALBva,xunvufHj,227.0
924,0,TExCPNxk,wIAALBva,57.0
1245,0,gaLZwYvS,qFzqwYZZ,96.0
1245,0,XypZkLUe,gaLZwYvS,96.0
1245,0,drmArhka,XypZkLUe,96.0
37,0,iYMJvRAf,BaKUDeNn,65.0
77,0,aXWsLpyQ,NCVzutVL,101.0
77,0,uaUalZjh,LfENZYTF,1714.0
77,0,aXWsLpyQ,uaUalZjh,3844.0
16,0,tWKcfmbS,oiYuCTCe,117.0
273,0,mKIQRbrs,hfsVeMMa,667.0
483,0,POdtxoZm,MnIYxXyj,50.0
483,0,znFDupZg,POdtxoZm,50.0
187,0,HTcmpFUD,AUBTKFbY,435.0
187,0,lEwLedpG,HTcmpFUD,537.0
187,0,BpAiVnps,lEwLedpG,684.0
1318,0,wdfUFUDc,HFKGyjhH,872.0
1318,0,TdfMaTlB,wdfUFUDc,872.0
1318,0,BpAiVnps,TdfMaTlB,2416.0
1340,0,JxFLnqJu,pkhwWQVf,963.0
1340,0,gViLrCgA,JxFLnqJu,419.0
235,0,CoFyQOTC,jnDfAorM,2454.0
235,0,HMiMHaRv,CoFyQOTC,2454.0
235,0,kLfGGOkq,HMiMHaRv,2454.0
235,0,ygVaThfM,kLfGGOkq,2454.0
235,0,otuYkIZd,ygVaThfM,2454.0
585,0,kZdBhxvo,EkWBPXmr,250.0
585,0,ZBkAAevT,kZdBhxvo,259.0
585,0,KHbKaRBy,ZBkAAevT,259.0
524,0,udBTjIHv,vfDgNrFH,633.0
585,0,EMzKPzug,pZulUpHT,6.0
585,0,KHbKaRBy,EMzKPzug,6.0
578,0,ZBkAAevT,TShNRujB,4.0
578,0,cMinRgYB,ZBkAAevT,4.0
419,0,qKeCDDXI,neNWquOh,2488.0
419,0,iOuVBZzk,EcsZBajf,555.0
419,0,QHFmFyLR,EkWBPXmr,8161.0
419,0,neNWquOh,QHFmFyLR,3241.0
1472,0,LOkvvGyU,FqxCUuHX,1727.0
1472,0,YmkUpvHU,LOkvvGyU,186.0
679,0,HRURJMPd,twMezfOU,2.0
679,0,KHbKaRBy,HRURJMPd,2.0
419,0,xOHMcnRu,eusqYKWT,1190.0
419,0,QHFmFyLR,xOHMcnRu,934.0
1472,0,GbYxEXTt,LbKosGpD,121.0
679,0,DOGyniWl,GbYxEXTt,7.0
679,0,KHbKaRBy,IzsieVnc,15.0
47,0,FStgRiBS,nIakFMcq,1237.0
47,0,xfbmoJHP,FStgRiBS,154.0
16,0,qflzswAf,TurKlwMz,3610.0
1506,0,CsDsDrdU,vRWSdFEN,2252.0
1506,0,vSdfqYeK,CsDsDrdU,3878.0
1506,0,BpAiVnps,vSdfqYeK,2555.0
1076,0,QFkvaGqn,qRqIHRjS,2235.0
1076,0,WyfCQhSW,QFkvaGqn,308.0
1180,0,QYwjKQRO,eiOwifcC,1674.0
1206,0,HaEOaLMB,dpFXbFTh,27.0
1072,0,MyzUerZz,NxijJQZJ,6.0
1072,0,oXDhDxhT,TbetMXoD,37.0
585,0,LRmPOeoe,KHbKaRBy,233.0
585,0,CPPLrzGV,LRmPOeoe,233.0
585,0,EkWBPXmr,cGoHBmgo,115.0
578,0,LciqyJfg,udlIzhJE,356.0
578,0,HTcmpFUD,LciqyJfg,356.0
578,0,OeKkfJSz,HTcmpFUD,79.0
578,0,FZjXRNIl,OeKkfJSz,79.0
578,0,nqZDBuxM,FZjXRNIl,78.0
578,0,aAfSzptC,nqZDBuxM,78.0
578,0,pZulUpHT,aAfSzptC,78.0
524,0,vfDgNrFH,PrkhDzLx,390.0
990,0,awOEKaEj,qdrjbHYS,17.0
990,0,kZdBhxvo,awOEKaEj,17.0
990,0,ZBkAAevT,kZdBhxvo,17.0
990,0,cMinRgYB,ZBkAAevT,17.0
990,0,LRmPOeoe,cMinRgYB,17.0
523,0,kZdBhxvo,gRuqifBH,79.0
523,0,ZBkAAevT,kZdBhxvo,79.0
523,0,cMinRgYB,ZBkAAevT,79.0
523,0,CPPLrzGV,cMinRgYB,79.0
264,0,SIMdrVTZ,HiAGzRks,90.0
264,0,AxDsVbsl,SIMdrVTZ,90.0
264,0,aHiLErMV,AxDsVbsl,117.0
264,0,KHbKaRBy,aHiLErMV,16.0
264,0,LRmPOeoe,KHbKaRBy,16.0
524,0,PrkhDzLx,FcOkCcps,296.0
679,0,JZGNdgml,bvSKVAYv,119.0
679,0,IzsieVnc,JZGNdgml,119.0
679,0,HRURJMPd,IzsieVnc,121.0
679,0,LRmPOeoe,HRURJMPd,283.0
585,0,OeKkfJSz,HTcmpFUD,101.0
585,0,FZjXRNIl,OeKkfJSz,101.0
585,0,nqZDBuxM,FZjXRNIl,101.0
585,0,aAfSzptC,nqZDBuxM,101.0
585,0,pZulUpHT,aAfSzptC,101.0
616,0,OoNwiPDT,gmiMCrrb,44.0
616,0,ftvNhZKM,OoNwiPDT,44.0
616,0,KLTxOJqh,ftvNhZKM,47.0
616,0,wOZIcmuB,KLTxOJqh,44.0
616,0,OyJKKata,wOZIcmuB,230.0
616,0,SQUoXVXU,OyJKKata,224.0
616,0,LRmPOeoe,SQUoXVXU,210.0
16,0,CEZTRnUo,GfBReROC,844.0
578,0,LRmPOeoe,KqLiJxJl,136.0
16,0,bbaQRYSI,JvVxAKet,399.0
616,0,wOZIcmuB,CmbQeSBI,114.0
1180,0,GJEXlFdt,aCcokpIU,1124.0
264,0,LRmPOeoe,WdOwNGhj,67.0
264,0,WdOwNGhj,xfbmoJHP,54.0
524,0,qFzqwYZZ,iWFLhsvE,107.0
679,0,LRmPOeoe,KHbKaRBy,80.0
357,0,GpnhEWuy,BYsSDXCP,57.0
357,0,YmkUpvHU,GpnhEWuy,29.0
679,0,EMzKPzug,twMezfOU,197.0
524,0,NQaaFyOm,fuApzGaS,610.0
524,0,pZulUpHT,NQaaFyOm,347.0
491,0,gaLZwYvS,POdtxoZm,1700.0
321,0,NQaaFyOm,zavSPsgu,1.0
679,0,bvSKVAYv,GigUVtty,7.0
321,0,hxSTJhOz,sCyvkPkr,213.0
235,0,QHFmFyLR,wHfmVQMh,1488.0
1506,0,AmahvgQB,BpAiVnps,11871.0
1506,0,jIerKxIb,AmahvgQB,6295.0
1506,0,LYjhOoFf,jIerKxIb,6423.0
1506,0,YmkUpvHU,LYjhOoFf,2910.0
1263,0,AoRkaUmb,RufmISTr,3643.0
1263,0,OyAyNkqZ,AoRkaUmb,698.0
836,0,NQaaFyOm,BZCtSmhk,1.0
1340,0,QdWOxWia,pkhwWQVf,1088.0
264,0,EMzKPzug,oXDhDxhT,64.0
293,0,LWqTSxPr,EkWBPXmr,5610.0
616,0,fElpHioA,LWqTSxPr,147.0
616,0,fElpHioA,CKNrjFUU,70.0
601,0,WGGanwZU,gRuqifBH,126.0
601,0,ArHpJhVJ,WGGanwZU,126.0
616,0,CmbQeSBI,gVtshwcF,6.0
616,0,uiYVYPQX,OyJKKata,6.0
264,0,tBNXSyMW,LRmPOeoe,1.0
264,0,ArHpJhVJ,tBNXSyMW,1.0
601,0,yaKWBgLg,pbVrXoGi,4.0
601,0,lkujKSJT,yaKWBgLg,4.0
601,0,wHSBMatn,FZjXRNIl,3.0
601,0,pbVrXoGi,wHSBMatn,3.0
989,0,IvQQZbJW,ztLkgYlA,233.0
989,0,yaKWBgLg,IvQQZbJW,233.0
989,0,lkujKSJT,yaKWBgLg,233.0
616,0,RkbXqAIs,MTAZIXBL,38.0
616,0,TAifzqok,RkbXqAIs,40.0
616,0,wWcBzuvM,TAifzqok,40.0
616,0,LWqTSxPr,ANpclgWP,17.0
293,0,JSZZmOIY,dQYZBhGJ,1942.0
293,0,tBgOcvQf,JSZZmOIY,2504.0
616,0,yhXmuUeN,MrybjzSo,54.0
264,0,NFInfBeu,kKKRBhFF,7.0
762,0,NCSBLEus,AJLJQqsT,147.0
762,0,RpAFtJSl,CtzBEXfZ,242.0
762,0,zUgDRwiy,RpAFtJSl,660.0
1506,0,YmkUpvHU,POsNTwnJ,172.0
990,0,ArHpJhVJ,tBNXSyMW,11.0
616,0,WqRwmxfX,ObeVuyMA,7.0
616,0,fbgWGcSP,WqRwmxfX,49.0
616,0,VctBMYxC,fbgWGcSP,49.0
924,0,aUsRFqQV,TJDsQDoO,647.0
924,0,xfbmoJHP,aUsRFqQV,647.0
1047,0,AUrIxxcC,illGQStO,376.0
1047,0,zqZasXpA,AUrIxxcC,376.0
1047,0,EYGEAZtD,zqZasXpA,376.0
1047,0,AJLJQqsT,EYGEAZtD,375.0
1047,0,NCSBLEus,AJLJQqsT,340.0
1047,0,xfbmoJHP,NCSBLEus,338.0
1072,0,ArHpJhVJ,SGnJOquj,18.0
924,0,UosQUisT,Jrutayet,370.0
924,0,LpwxWatG,UosQUisT,453.0
924,0,NjRgIRup,xunvufHj,345.0
616,0,TJGhHrvm,tZiWmgTn,17.0
616,0,fElpHioA,TJGhHrvm,54.0
989,0,fjevhefZ,AUBTKFbY,34.0
989,0,vyQyYYqJ,fjevhefZ,34.0
989,0,ztLkgYlA,vyQyYYqJ,34.0
1340,0,XiLvnZTk,QdWOxWia,1091.0
1180,0,AKEMZMhk,VMzKgUSR,134.0
1180,0,RFLUsFpq,izUAPpdi,424.0
1180,0,VCQdmIoF,RFLUsFpq,188.0
751,0,wzWDodFe,AjvyZYOZ,125.0
1180,0,BJDTCJYP,wzWDodFe,16.0
1072,0,dZoxKDmD,FoxIDeQY,17.0
1072,0,ZOuLYtJj,dZoxKDmD,17.0
1072,0,SGnJOquj,ZOuLYtJj,17.0
585,0,kZdBhxvo,gRuqifBH,9.0
264,0,yAqyhWkU,GcGOdrPa,3.0
264,0,ymMncFZF,yAqyhWkU,5.0
264,0,vJbDLuoa,ymMncFZF,5.0
264,0,HiAGzRks,vJbDLuoa,5.0
264,0,twMezfOU,lkujKSJT,7.0
264,0,EMzKPzug,twMezfOU,4.0
264,0,IvQQZbJW,ztLkgYlA,528.0
264,0,yaKWBgLg,IvQQZbJW,1.0
264,0,lkujKSJT,yaKWBgLg,1.0
16,0,uVsOstge,JvVxAKet,1156.0
16,0,qflzswAf,uVsOstge,363.0
1180,0,cNWTidvb,VMzKgUSR,6105.0
16,0,OxhtFIfA,hCxxcqWU,391.0
16,0,funWfCdm,udlIzhJE,1788.0
16,0,OxhtFIfA,funWfCdm,2591.0
16,0,oiYuCTCe,cfShLPmI,90.0
14,0,fcywqNMQ,NLDgVASg,17.0
14,0,fcywqNMQ,cttUtMNm,207.0
16,0,lDHqxCQW,bbaQRYSI,580.0
16,0,SwLVnWPq,KqLiJxJl,1017.0
16,0,xQSKBJml,SwLVnWPq,277.0
16,0,VQfPRvUw,xQSKBJml,341.0
727,0,XkyHnVdm,lhvdYjIr,142.0
727,0,aTKTVXJW,XkyHnVdm,142.0
727,0,nYVfIRsk,aTKTVXJW,141.0
727,0,SogEaGxk,gpaAUChy,101.0
727,0,lCifaItn,SogEaGxk,88.0
727,0,YmDpkIHQ,lCifaItn,229.0
14,0,cttUtMNm,MnTeelLR,169.0
235,0,XnPpfSyF,fkZFUNSd,12.0
14,0,fcywqNMQ,AjJCgCBk,44.0
16,0,CLjYTiBy,UUCrlfWg,637.0
16,0,CLjYTiBy,otuYkIZd,303.0
565,0,LjfvDYFE,IANlmbvg,537.0
565,0,VEafRBFt,LjfvDYFE,532.0
565,0,EPhoDTHz,VEafRBFt,525.0
565,0,WGPbPoOh,EPhoDTHz,525.0
565,0,avbDVyxh,WGPbPoOh,767.0
16,0,GfBReROC,qflzswAf,4982.0
1198,0,UmISPPJO,WWVpYMJI,448.0
1198,0,VPUbGzfh,UmISPPJO,448.0
1198,0,MVExtcyL,VPUbGzfh,448.0
1198,0,bciZjPUu,MVExtcyL,448.0
1198,0,ogOCBKAf,bciZjPUu,444.0
1258,0,BpAiVnps,ogOCBKAf,1637.0
1198,0,drCNaUUd,xWjNpCho,222.0
1198,0,GiLGTLpB,drCNaUUd,222.0
1198,0,uCrZVfKw,GiLGTLpB,222.0
1198,0,ibPVFfKv,uCrZVfKw,222.0
1198,0,MokitPrF,ibPVFfKv,222.0
1198,0,WWVpYMJI,MokitPrF,222.0
1169,0,YbopoHtZ,UUyOnuCZ,196.0
1169,0,LIaalPFl,YbopoHtZ,196.0
1169,0,XBBRJpEo,LIaalPFl,196.0
1169,0,yfDSCLNC,XBBRJpEo,196.0
1169,0,eUWmFhmU,yfDSCLNC,196.0
1169,0,PaIXMFSn,eUWmFhmU,196.0
1169,0,xWjNpCho,PaIXMFSn,320.0
1169,0,drCNaUUd,xWjNpCho,320.0
1169,0,GiLGTLpB,drCNaUUd,320.0
1169,0,uCrZVfKw,GiLGTLpB,320.0
1169,0,ibPVFfKv,uCrZVfKw,320.0
1169,0,MokitPrF,ibPVFfKv,320.0
1169,0,WWVpYMJI,MokitPrF,320.0
1169,0,UmISPPJO,WWVpYMJI,318.0
1169,0,VPUbGzfh,UmISPPJO,318.0
1169,0,MVExtcyL,VPUbGzfh,318.0
1169,0,bciZjPUu,MVExtcyL,318.0
1169,0,ogOCBKAf,bciZjPUu,318.0
187,0,hVMLOzME,BpAiVnps,810.0
187,0,yjunmuoE,hVMLOzME,5.0
1180,0,ePrpofUw,dgLtpUgu,3624.0
264,0,tWpVdCtj,VCQdmIoF,8.0
264,0,EdJUuxct,tWpVdCtj,121.0
1649,0,OOwDmsWF,TCeiTEZh,888.0
1649,0,RjRljmKl,OOwDmsWF,888.0
1649,0,QRWCUyXY,RjRljmKl,888.0
1649,0,bGxnPBxb,QRWCUyXY,887.0
1649,0,mvgVyONe,bGxnPBxb,887.0
1649,0,YlcUcHmr,mvgVyONe,887.0
1649,0,puuUveiG,YlcUcHmr,880.0
1649,0,CGfCHyje,puuUveiG,880.0
1198,0,yjunmuoE,dBTDkDZt,35.0
1198,0,IvQQZbJW,gOJphFVT,7.0
273,0,RkbXqAIs,qdrjbHYS,1726.0
273,0,DnuSZFVZ,RkbXqAIs,626.0
273,0,ILhcwFfS,DnuSZFVZ,626.0
661,0,CmbQeSBI,gVtshwcF,406.0
661,0,RVyaKvKa,CmbQeSBI,635.0
661,0,ymMncFZF,RVyaKvKa,1047.0
661,0,QKdRzNnX,ymMncFZF,1047.0
661,0,EQSFTfWT,QKdRzNnX,1047.0
661,0,pHgJPiEB,EQSFTfWT,1047.0
661,0,jLGvGvQf,pHgJPiEB,1047.0
661,0,issQYORv,jLGvGvQf,1047.0
616,0,RVyaKvKa,wOZIcmuB,5.0
658,0,RtBolNHG,QeZkdZgA,9.0
658,0,BQxCqpoT,RtBolNHG,9.0
658,0,QKdRzNnX,BQxCqpoT,9.0
658,0,pHgJPiEB,QKdRzNnX,9.0
658,0,jLGvGvQf,pHgJPiEB,9.0
658,0,issQYORv,jLGvGvQf,9.0
273,0,TAifzqok,jqriedgy,327.0
273,0,RVyaKvKa,TAifzqok,33.0
661,0,ZlnerNQG,YbVmHVTt,64.0
661,0,FVWAEAei,ZlnerNQG,64.0
661,0,gVtshwcF,FVWAEAei,64.0
973,0,cNHGbHfW,gcrnRTRu,63.0
658,0,gsCFEnid,WRCkhCoY,16.0
658,0,mtKVLjly,gsCFEnid,16.0
658,0,HbnURplu,mtKVLjly,144.0
658,0,IXwVPQjX,HbnURplu,144.0
1245,0,peBgOXli,yAqyhWkU,10.0
1245,0,LmhVzFNJ,gBkmsEyR,229.0
1245,0,CmbQeSBI,LmhVzFNJ,229.0
616,0,DsuTXcIa,qdrjbHYS,363.0
616,0,GuhaYkFL,DsuTXcIa,11.0
524,0,jLJTMrwU,OyJKKata,2.0
524,0,LdWodgsw,jLJTMrwU,3.0
524,0,nqZDBuxM,LdWodgsw,407.0
273,0,RkbXqAIs,MTAZIXBL,81.0
273,0,EkCoFwMY,RkbXqAIs,830.0
616,0,DCdKJxNH,ozAxYCwR,33.0
616,0,pbVrXoGi,DCdKJxNH,2.0
1198,0,FDPmqphv,PSjGjQXK,769.0
1198,0,tldUULAx,bvSKVAYv,127.0
1198,0,ljAgYLSe,tldUULAx,1.0
1198,0,blwWmPPo,EkWBPXmr,90.0
455,0,vUKUaFbz,DCdKJxNH,260.0
455,0,lTemnVVF,fkZFUNSd,28.0
455,0,pYVbvizw,lTemnVVF,28.0
455,0,vUKUaFbz,pYVbvizw,45.0
616,0,GXHjZCTL,DeduXMzE,26.0
616,0,yolIeCeg,GXHjZCTL,26.0
616,0,ozAxYCwR,yolIeCeg,26.0
712,0,HJTsgSzj,uiYVYPQX,504.0
712,0,IkxLwyxa,awOEKaEj,642.0
524,0,LPQBwisp,tBNXSyMW,372.0
491,0,SqxhBMol,LPQBwisp,124.0
491,0,DCdKJxNH,SqxhBMol,2058.0
679,0,GhNbXpjs,wHfmVQMh,118.0
455,0,FDCDnriY,eOdwAkBF,29.0
455,0,DCdKJxNH,FDCDnriY,29.0
419,0,KplKuAnp,iYMJvRAf,58.0
419,0,pSVDMeCH,KplKuAnp,56.0
491,0,SqxhBMol,pSVDMeCH,2470.0
16,0,gUXxyAlR,GfBReROC,4330.0
293,0,hLEWSLqw,xbiDwIOu,401.0
682,0,knCDNjnp,jIFrASnh,472.0
682,0,bZroqIhX,knCDNjnp,460.0
682,0,zfZPgPol,bZroqIhX,75.0
682,0,goaumTLR,zfZPgPol,51.0
679,0,GhNbXpjs,uKKyuZyC,51.0
419,0,WAnDToyk,cTQVugNT,1340.0
1564,0,BpAiVnps,gyQqEnFq,959.0
1300,0,LPldZjRa,BpAiVnps,361.0
1300,0,aYSqaQmJ,LPldZjRa,648.0
1300,0,womqVgRl,aYSqaQmJ,313.0
798,0,elmHqfIN,UgdUAhSn,321.0
1506,0,AmahvgQB,BMprcpdo,937.0
1506,0,RVGhYAxc,AmahvgQB,6505.0
1506,0,QdnKSSsO,RVGhYAxc,4425.0
37,0,vnfcOAch,obGcbWvT,9.0
37,0,RuAJZyMI,vnfcOAch,9.0
419,0,gaLZwYvS,YmDpkIHQ,2797.0
491,0,pSVDMeCH,gaLZwYvS,2468.0
363,0,EkWBPXmr,nYOFNZtG,3216.0
780,0,qPtpgxic,DgYBMgPg,2234.0
1263,0,qnxnYECs,qPtpgxic,989.0
1263,0,ALhaazBT,qnxnYECs,2661.0
1263,0,GYfZYaJh,ALhaazBT,1439.0
1300,0,LBOtcvsG,GYfZYaJh,19.0
1263,0,GYfZYaJh,gzTQJVMW,1033.0
1263,0,sZwmfbNt,YnUujGmz,1170.0
1263,0,oBjbzljy,sZwmfbNt,735.0
1263,0,aYSqaQmJ,oBjbzljy,687.0
712,0,HJTsgSzj,MlQcmexA,1553.0
1300,0,OpgRCgWV,tBJBJfdu,29.0
1300,0,QncWjmnC,OpgRCgWV,6.0
1300,0,AmahvgQB,QncWjmnC,18.0
1300,0,aYSqaQmJ,AmahvgQB,6.0
491,0,POdtxoZm,GigUVtty,479.0
455,0,bgWfLree,DsuTXcIa,130.0
455,0,iwdDmytU,bgWfLree,39.0
679,0,gaeBmadp,buBFkWue,122.0
679,0,CpnDMnJS,gaeBmadp,108.0
679,0,fSmTHZJS,CpnDMnJS,62.0
679,0,VCDwRKse,fSmTHZJS,322.0
679,0,lZYsrfVZ,VCDwRKse,96.0
679,0,KMDYeUKg,ZHaurlhr,42.0
679,0,FrlvFFoW,KMDYeUKg,36.0
679,0,buBFkWue,FrlvFFoW,73.0
455,0,yYSDLmlm,ydoNqUsu,28.0
455,0,eOdwAkBF,yYSDLmlm,28.0
455,0,ydoNqUsu,FGvzNZYi,8.0
1318,0,CsDsDrdU,XqVVjUzr,4133.0
1300,0,LBOtcvsG,CsDsDrdU,57.0
679,0,KTHxRvtW,mdGitRQe,26.0
1506,0,jIerKxIb,LKVeVUNI,1443.0
1506,0,aYSqaQmJ,jIerKxIb,623.0
477,0,YmbmpLps,IjwLXBRx,248.0
477,0,nJRBvlcT,YmbmpLps,274.0
477,0,IkxLwyxa,nJRBvlcT,279.0
1263,0,CKorGRkE,ojqTFFWy,367.0
1263,0,aYSqaQmJ,CKorGRkE,550.0
1263,0,QdnKSSsO,puwcRgFs,353.0
1263,0,puwcRgFs,AUmOMGnp,11.0
1263,0,zgCGmKZn,gGkadTNm,135.0
601,0,tWpVdCtj,ArHpJhVJ,1.0
601,0,ljAgYLSe,tWpVdCtj,1.0
601,0,dTWbWYya,ljAgYLSe,1.0
601,0,CorDNIJt,dTWbWYya,1.0
1198,0,uHbImzAf,nusTHAtB,1180.0
1198,0,CorDNIJt,CgcphXSb,535.0
1198,0,LciqyJfg,CorDNIJt,534.0
1198,0,HTcmpFUD,LciqyJfg,534.0
578,0,iWoOHVbT,EWPMCuEz,13.0
578,0,EkWBPXmr,iWoOHVbT,13.0
578,0,TsaeiIGv,EkWBPXmr,13.0
578,0,OsBkWRQx,TsaeiIGv,141.0
578,0,udlIzhJE,OsBkWRQx,141.0
524,0,uBFbbvHN,duRJdiSr,157.0
524,0,YjUiSglA,uBFbbvHN,157.0
524,0,HTcmpFUD,YjUiSglA,177.0
585,0,qZGaqIqO,EkWBPXmr,457.0
585,0,TSYQkUsQ,qZGaqIqO,457.0
585,0,OeKkfJSz,TSYQkUsQ,105.0
524,0,HTcmpFUD,LPQBwisp,693.0
616,0,FZjXRNIl,eOdwAkBF,1.0
524,0,LPQBwisp,wOZIcmuB,402.0
1512,0,jaCrAUFK,FZsFzszJ,1323.0
1512,0,qeXIqBgp,jaCrAUFK,185.0
187,0,AUBTKFbY,qeXIqBgp,93.0
1506,0,JKFFGKvY,elmHqfIN,483.0
1506,0,TCqyxHhF,JKFFGKvY,31.0
187,0,AUBTKFbY,TCqyxHhF,87.0
565,0,IANlmbvg,pnYEWPBG,545.0
187,0,QUMnpJQp,ojqTFFWy,172.0
187,0,LciqyJfg,QUMnpJQp,1160.0
187,0,HTcmpFUD,LciqyJfg,311.0
1512,0,ojqTFFWy,RVEyrwjR,2359.0
1512,0,lQIpGOTn,ojqTFFWy,444.0
187,0,AszcEtOu,lQIpGOTn,12.0
187,0,wDpyEsxh,AszcEtOu,964.0
187,0,QUMnpJQp,wDpyEsxh,949.0
524,0,iPNesxKP,NQaaFyOm,272.0
524,0,wOZIcmuB,iPNesxKP,741.0
1198,0,KwaxxmSs,qDeoslSZ,250.0
1198,0,nusTHAtB,tldUULAx,83.0
187,0,ouPwTbuD,fmQEzQWV,575.0
187,0,qzuHypgA,ouPwTbuD,1818.0
187,0,MwLdaJul,qzuHypgA,1474.0
187,0,BpAiVnps,MwLdaJul,1374.0
187,0,AszcEtOu,BpAiVnps,626.0
187,0,TCqyxHhF,jIerKxIb,71.0
187,0,hVMLOzME,KCMgfriT,151.0
187,0,TDvESTZN,hVMLOzME,1070.0
187,0,QUMnpJQp,TDvESTZN,531.0
187,0,qzuHypgA,GjiyfRqd,1728.0
1398,0,ZIPCqImv,ciAbSxQX,4157.0
1398,0,WtPVEKaC,ZIPCqImv,2940.0
1398,0,hxSTJhOz,WtPVEKaC,2025.0
187,0,GjiyfRqd,hpACGGyB,390.0
293,0,tBgOcvQf,LWqTSxPr,4319.0
616,0,tBgOcvQf,fElpHioA,508.0
990,0,tWpVdCtj,ArHpJhVJ,206.0
990,0,EdJUuxct,tWpVdCtj,206.0
990,0,gmiMCrrb,EdJUuxct,206.0
616,0,gmiMCrrb,yhXmuUeN,62.0
187,0,fjevhefZ,HTcmpFUD,514.0
187,0,vXPGJwVk,fjevhefZ,890.0
187,0,qGnNRXVR,vXPGJwVk,481.0
187,0,vyQyYYqJ,qGnNRXVR,327.0
187,0,ztLkgYlA,vyQyYYqJ,301.0
16,0,bWAbaUPC,EXHVDpee,614.0
1198,0,lxBswvKX,BwSmHTNv,35.0
293,0,LWqTSxPr,ANpclgWP,233.0
293,0,JSZZmOIY,bEuFbYIx,52.0
293,0,aWeAvoyP,hCxxcqWU,186.0
293,0,JSZZmOIY,aWeAvoyP,200.0
616,0,OoNwiPDT,NQaaFyOm,39.0
273,0,nrKKniYe,FcOkCcps,2461.0
273,0,AjJCgCBk,nrKKniYe,211.0
1102,0,ANpclgWP,gdbAGAQU,110.0
1102,0,LWqTSxPr,ANpclgWP,111.0
1102,0,tBgOcvQf,LWqTSxPr,95.0
293,0,FZYojuVE,YxUFlvZH,15.0
293,0,aWeAvoyP,FZYojuVE,14.0
264,0,gmiMCrrb,ePrpofUw,907.0
616,0,ydoNqUsu,OyNIynZV,149.0
616,0,KdMLRLHG,ydoNqUsu,23.0
616,0,fNFVnryG,KdMLRLHG,23.0
293,0,WSMobtPt,yhXmuUeN,1238.0
235,0,JSZZmOIY,RVGhYAxc,3707.0
293,0,JSZZmOIY,RrhmmPMm,294.0
924,0,xzbcUqWQ,TJDsQDoO,42.0
924,0,edTVGmZc,xzbcUqWQ,62.0
924,0,AUrIxxcC,edTVGmZc,41.0
924,0,zqZasXpA,AUrIxxcC,605.0
924,0,eJBRTpyb,zqZasXpA,592.0
293,0,dQYZBhGJ,gUXxyAlR,83.0
1180,0,iMjvswBX,wFSILCzc,5.0
924,0,xunvufHj,nJRQzVZQ,62.0
924,0,eJBRTpyb,xunvufHj,292.0
1071,0,nLuZmKFz,UlmLxwtK,96.0
1071,0,nJRQzVZQ,nLuZmKFz,96.0
1076,0,erxKyHjj,lnzZDlDL,467.0
1076,0,UvdLYolu,erxKyHjj,322.0
1076,0,ZFKsyBay,UvdLYolu,93.0
1072,0,gmiMCrrb,ZYiWVpjK,91.0
1072,0,KAhfQHTl,YjKQPWoa,89.0
1076,0,lnzZDlDL,oKUAvFAb,166.0
727,0,NqSePdAx,QDIpIlEK,443.0
143,0,itazcziQ,HxnLIWQq,503.0
143,0,GnOurcjN,itazcziQ,505.0
143,0,WOnIRuRn,KIvXTDlT,265.0
1506,0,paIawFeA,wDKuLbjL,706.0
736,0,XLVjRryq,RVEyrwjR,1138.0
736,0,eaNsVWDR,XLVjRryq,3908.0
187,0,FyIjwLBj,eaNsVWDR,474.0
187,0,IubGYoNi,TcEVvOUM,1009.0
187,0,GjiyfRqd,IubGYoNi,905.0
187,0,ztLkgYlA,qzuHypgA,620.0
1198,0,neNWquOh,MlQcmexA,1045.0
1198,0,OWkTamRc,neNWquOh,751.0
1198,0,NOvwuYxD,texSWQet,453.0
1198,0,lDiqRMWn,pHNyFRmN,50.0
1198,0,lxBswvKX,lDiqRMWn,27.0
293,0,lQHWhrGj,tldUULAx,179.0
293,0,OOOhsNkv,lQHWhrGj,179.0
293,0,CgcphXSb,OOOhsNkv,179.0
293,0,texSWQet,CgcphXSb,179.0
293,0,lxBswvKX,texSWQet,179.0
477,0,RVGhYAxc,HJTsgSzj,425.0
1300,0,OpgRCgWV,ubzklVlS,21.0
1300,0,JSZZmOIY,OpgRCgWV,25.0
601,0,FZYojuVE,nrKKniYe,138.0
108,0,BpAiVnps,fJdABIlw,1291.0
108,0,qzuHypgA,BpAiVnps,200.0
187,0,AUBTKFbY,LciqyJfg,859.0
1300,0,BpAiVnps,XMWgellz,1276.0
1300,0,aUPouXsN,BpAiVnps,1167.0
293,0,JSZZmOIY,tBJBJfdu,4.0
187,0,TcEVvOUM,svgtEcQx,11.0
1180,0,LhgNVAOU,ULMVzkWs,355.0
1180,0,XiLvnZTk,LhgNVAOU,1515.0
1180,0,dgLtpUgu,NRaiNGwl,26.0
187,0,ztLkgYlA,jFRqfnFl,362.0
1178,0,aCcokpIU,watqBVeC,4.0
1030,0,zttQgzJF,hasgHIpb,1797.0
1030,0,XmmyKsTm,zttQgzJF,1798.0
1030,0,agMXkLfj,XmmyKsTm,1799.0
235,0,ohvLIfWG,agMXkLfj,37.0
736,0,KgwKZlse,ALhaazBT,316.0
736,0,AoRkaUmb,KgwKZlse,351.0
736,0,vyojaKRU,AoRkaUmb,341.0
973,0,udlIzhJE,cGoHBmgo,644.0
973,0,srZucbpJ,udlIzhJE,1748.0
973,0,cNHGbHfW,srZucbpJ,3728.0
1180,0,FStgRiBS,SOVcCDqR,65.0
1180,0,IfTbUocE,FStgRiBS,21.0
1180,0,VMzKgUSR,IfTbUocE,21.0
16,0,IOcMwGKn,ybjkPLXB,284.0
973,0,OSkPauJr,TurKlwMz,446.0
973,0,NdVNfPps,OSkPauJr,602.0
657,0,ymMncFZF,RVyaKvKa,2.0
657,0,OnjVGLlO,ymMncFZF,2.0
657,0,QKdRzNnX,OnjVGLlO,2.0
657,0,EQSFTfWT,QKdRzNnX,2.0
657,0,pHgJPiEB,EQSFTfWT,2.0
657,0,jLGvGvQf,pHgJPiEB,2.0
657,0,issQYORv,jLGvGvQf,2.0
657,0,mgIvIqkL,issQYORv,2.0
657,0,MdBywaSB,mgIvIqkL,2.0
973,0,ubZrQMid,vfdAIPGv,515.0
973,0,gBkmsEyR,ubZrQMid,423.0
973,0,OsBkWRQx,gBkmsEyR,423.0
973,0,OSkPauJr,OsBkWRQx,929.0
419,0,EcsZBajf,nYVfIRsk,66.0
37,0,CKldDLYq,RfEbENxd,119.0
973,0,OsBkWRQx,TsaeiIGv,298.0
836,0,GiONHkbf,aFxztqGh,851.0
727,0,OsBkWRQx,GiONHkbf,342.0
253,0,lQIpGOTn,vGKZybsV,103.0
253,0,qflzswAf,lQIpGOTn,124.0
798,0,cQQRUhUD,PgJqeYYy,232.0
798,0,ZpXtMmnA,cQQRUhUD,232.0
798,0,GiONHkbf,ZpXtMmnA,80.0
37,0,WRVBvtIE,pjRBTtLk,157.0
37,0,rZoajhYh,WRVBvtIE,145.0
37,0,CKldDLYq,rZoajhYh,71.0
1750,0,wefAcLKj,GTWLqqnN,511.0
1750,0,ejMjPdTH,wefAcLKj,511.0
1750,0,GTWLqqnN,JafVjQhg,465.0
1435,0,WRVBvtIE,vOKcaAnW,14.0
762,0,hFISFuCO,LTfflVxG,38.0
762,0,YVGWiGkc,hFISFuCO,2.0
37,0,cTQVugNT,YVGWiGkc,20.0
1226,0,BGChynOq,aImltWBw,141.0
762,0,gzdfrKuT,IulxyPoH,336.0
762,0,HeidvHXY,gzdfrKuT,146.0
798,0,QDIpIlEK,DgJlPOry,185.0
37,0,CKldDLYq,EkWBPXmr,1532.0
780,0,VEiYdotb,qPtpgxic,4676.0
780,0,LlpMjrks,VEiYdotb,3392.0
1221,0,bjEpkupt,eaNsVWDR,185.0
1221,0,bYKKzRQT,bjEpkupt,114.0
1221,0,qflzswAf,bYKKzRQT,114.0
1512,0,QDIpIlEK,YvwuVYMF,1567.0
293,0,xTmZZczv,iFderoVa,1772.0
973,0,ClDeGdta,WSMobtPt,271.0
477,0,ZAvLUFLU,CcTUkfkl,244.0
477,0,HTKZNJTs,ZAvLUFLU,206.0
679,0,YvwQRHTE,buBFkWue,37.0
477,0,SOBUilCD,YvwQRHTE,780.0
16,0,qflzswAf,ufvngNip,62.0
293,0,WSMobtPt,CfleTooC,557.0
273,0,QsPOuThV,fSmTHZJS,59.0
273,0,WSTcrrBn,QsPOuThV,59.0
273,0,mayUcTNe,WSTcrrBn,59.0
273,0,JYrrjUtU,mayUcTNe,59.0
273,0,cttUtMNm,JYrrjUtU,59.0
477,0,WtptgYtz,TcTonWJL,749.0
712,0,qdrjbHYS,TqlJzItM,422.0
1395,0,eusqYKWT,YzXnYVPd,372.0
465,0,nbddTMrG,XNgGrRZp,155.0
465,0,zjuQPxhV,nbddTMrG,155.0
465,0,GjtgPBZH,zjuQPxhV,155.0
465,0,AyRaCeuc,GjtgPBZH,155.0
465,0,CLqSCDPt,AyRaCeuc,155.0
465,0,ZzqCYjTC,CLqSCDPt,49.0
1226,0,UGBWqSzR,xMTNzVPt,26.0
1226,0,itmFNPnQ,UGBWqSzR,14.0
1318,0,eXTjiXiW,rUKSlFeh,115.0
1030,0,ajteUQkz,CrOFTJlw,1497.0
1030,0,uDnSXuvA,ajteUQkz,2057.0
1030,0,agMXkLfj,uDnSXuvA,2057.0
1030,0,qflzswAf,agMXkLfj,4084.0
1180,0,ULMVzkWs,ZTMEdEeK,347.0
1226,0,DNyXiZzj,pXlenLUq,565.0
1226,0,SsTrbdxo,DNyXiZzj,1007.0
1226,0,gCZfLTyw,SsTrbdxo,1019.0
1226,0,zjKsBdNQ,gCZfLTyw,939.0
253,0,jEliwrSM,RuqLEiFp,787.0
253,0,OUlPxErG,jEliwrSM,787.0
253,0,qflzswAf,OUlPxErG,1961.0
1512,0,GiONHkbf,SEVBrkvc,2011.0
245,0,gvtVkOCs,slwzdYAd,12.0
245,0,YULSfngF,gvtVkOCs,12.0
47,0,cNWTidvb,qPtpgxic,667.0
1512,0,AUmOMGnp,gGkadTNm,17.0
1512,0,OyAyNkqZ,AUmOMGnp,334.0
1512,0,YvwuVYMF,OyAyNkqZ,913.0
1106,0,owFNQNZv,sAuLGTlR,222.0
16,0,NuwmOhpA,funWfCdm,2755.0
12,0,vfdAIPGv,nsjiKPCz,5.0
12,0,CLjYTiBy,vfdAIPGv,5.0
273,0,RkbXqAIs,QRSRIbba,28.0
273,0,CLjYTiBy,bRAzuzSs,340.0
273,0,wWcBzuvM,TAifzqok,404.0
273,0,RkbXqAIs,wWcBzuvM,472.0
616,0,CLjYTiBy,IIzQthVA,60.0
524,0,OeKkfJSz,HTcmpFUD,476.0
524,0,FZjXRNIl,OeKkfJSz,476.0
16,0,CLjYTiBy,gUXxyAlR,22.0
16,0,CLjYTiBy,CEZTRnUo,506.0
973,0,CLjYTiBy,sonNAVmZ,13.0
966,0,lXZmsBCe,XUEgpuYS,11.0
966,0,WQdyWhSR,lXZmsBCe,2.0
966,0,oftwwzSy,WQdyWhSR,2.0
966,0,XMFZXZdV,oftwwzSy,2.0
966,0,RkbXqAIs,XMFZXZdV,2.0
1102,0,ObeVuyMA,roHCvggS,429.0
1102,0,fpLsOzrX,ObeVuyMA,428.0
1102,0,xfbmoJHP,fpLsOzrX,553.0
483,0,TurKlwMz,CmbQeSBI,36.0
594,0,EiybrpzE,GdpNupee,12.0
594,0,YiexuWUO,EiybrpzE,12.0
594,0,NQsRzhNW,YiexuWUO,12.0
594,0,xAJVMHqO,NQsRzhNW,12.0
594,0,dycwBUSP,xAJVMHqO,12.0
594,0,igOcnIRX,dycwBUSP,12.0
973,0,sonNAVmZ,XxhwFmzZ,8.0
14,0,MTAZIXBL,jFmPCmzM,86.0
293,0,xTmZZczv,dvaPHMux,470.0
108,0,lyEmHaNr,DLAIfXxc,1152.0
1119,0,LggmrEeo,qrudAScT,72.0
1119,0,KvSvcvIL,LggmrEeo,72.0
924,0,HyvnzuHA,FbaONibz,1027.0
924,0,FvRjKBvU,TJeJnSDd,385.0
1245,0,KplKuAnp,iYMJvRAf,101.0
1245,0,pSVDMeCH,KplKuAnp,101.0
419,0,gbxdgQQp,gzZgDndk,4874.0
235,0,otuYkIZd,wHfmVQMh,442.0
1245,0,gyQqEnFq,yQIotbyH,1357.0
1245,0,ppabfQGz,gyQqEnFq,437.0
1245,0,MBTcSIip,ppabfQGz,419.0
1245,0,qFzqwYZZ,MBTcSIip,419.0
77,0,qFzqwYZZ,FliRNcXy,3014.0
37,0,pSVDMeCH,IgEBJNwX,127.0
357,0,cniBuICf,WtPVEKaC,134.0
727,0,AjXddPle,yHDouIXe,24.0
1245,0,flXjJYer,JIllbhjr,73.0
1245,0,oBtsEQRM,flXjJYer,25.0
1245,0,cNypyxpr,oBtsEQRM,25.0
1245,0,gyQqEnFq,cNypyxpr,25.0
14,0,wuyFtExA,PSjGjQXK,18.0
14,0,SlfNpref,wuyFtExA,188.0
14,0,MTAZIXBL,SlfNpref,32.0
16,0,NuwmOhpA,MklhhYCQ,32.0
14,0,jFmPCmzM,fcywqNMQ,139.0
616,0,RkbXqAIs,kWtooBDW,2.0
77,0,FliRNcXy,RfEbENxd,1778.0
293,0,WSMobtPt,xewbkqhz,759.0
727,0,YmDpkIHQ,mXosqjnx,31.0
727,0,nFbddFoX,aTKTVXJW,1.0
727,0,GudLituF,nFbddFoX,3.0
727,0,eJrsnsoz,GudLituF,1.0
37,0,NCVzutVL,drmArhka,34.0
419,0,iOuVBZzk,QHFmFyLR,7144.0
14,0,inJVXMtB,vfdAIPGv,46.0
14,0,ubZrQMid,inJVXMtB,42.0
14,0,gnmwaIOJ,ubZrQMid,42.0
14,0,wuyFtExA,qflzswAf,378.0
273,0,MTAZIXBL,jeadfqyj,1036.0
616,0,GigUVtty,gRuqifBH,59.0
616,0,twMezfOU,GigUVtty,128.0
616,0,MTAZIXBL,wOZIcmuB,97.0
616,0,NuwmOhpA,CLjYTiBy,41.0
973,0,EXHVDpee,EkWBPXmr,243.0
973,0,NuwmOhpA,CLjYTiBy,41.0
273,0,MTAZIXBL,FVWAEAei,20.0
966,0,pjTBCsVx,lXZmsBCe,9.0
966,0,MTAZIXBL,pjTBCsVx,9.0
293,0,fjbmYxRB,UxPxrYmy,506.0
293,0,hCxxcqWU,fjbmYxRB,196.0
966,0,lBjlyorh,GBYHqHQO,9.0
966,0,NuwmOhpA,lBjlyorh,9.0
966,0,XCXPEDQh,MBttAlCW,140.0
966,0,FXyPWyvF,XCXPEDQh,140.0
966,0,yLDzmulm,FXyPWyvF,52.0
966,0,JzObVOMG,yLDzmulm,27.0
966,0,dwQybScW,JzObVOMG,27.0
966,0,MTAZIXBL,dwQybScW,27.0
477,0,SOBUilCD,lwcIkPvE,141.0
14,0,MnTeelLR,SOBUilCD,62.0
419,0,iPNesxKP,ALSylDBQ,1889.0
16,0,mklbELhb,xewbkqhz,111.0
14,0,jFmPCmzM,AjJCgCBk,9.0
1198,0,PSjGjQXK,SMriOOgF,64.0
720,0,funWfCdm,hSRFRBsa,5.0
16,0,NuwmOhpA,YULSfngF,43.0
16,0,NuwmOhpA,CLjYTiBy,2.0
727,0,AjXddPle,QDIpIlEK,236.0
1198,0,QHFmFyLR,isVKhOXG,354.0
1198,0,MlQcmexA,QHFmFyLR,50.0
1198,0,tSmiUoPn,MlQcmexA,1.0
1198,0,BWRKkPfG,lxBswvKX,14.0
585,0,BWRKkPfG,CorDNIJt,1.0
1198,0,pHNyFRmN,OWkTamRc,13.0
1263,0,szgsvNJG,SgGmeaHk,211.0
1263,0,RufmISTr,szgsvNJG,437.0
1395,0,mnkgCFDT,lSWJJvzr,81.0
1395,0,neNWquOh,mnkgCFDT,67.0
1198,0,KwaxxmSs,neNWquOh,12.0
973,0,NkWMDpBL,EXHVDpee,99.0
616,0,EkCoFwMY,QRSRIbba,15.0
273,0,EkCoFwMY,YbVmHVTt,9.0
491,0,qvujbmjR,qDeoslSZ,1089.0
491,0,gaLZwYvS,qvujbmjR,870.0
293,0,BqZQArDi,SoCzlzVw,109.0
524,0,qImkSNIh,KwaxxmSs,3.0
524,0,NQaaFyOm,qImkSNIh,3.0
293,0,FZYojuVE,UECnapuN,812.0
293,0,NfeOUEsA,FZYojuVE,976.0
293,0,FZYojuVE,AvILYntX,1115.0
616,0,GigUVtty,mVhkAqwx,58.0
616,0,idAQxYim,kWtooBDW,39.0
992,0,oLzlCKof,HxnLIWQq,971.0
992,0,fzmnvqlX,oLzlCKof,1369.0
1472,0,BqZQArDi,TShNRujB,48.0
293,0,NfeOUEsA,yhXmuUeN,13.0
235,0,AHLLTOdf,MgruBUee,1812.0
1398,0,SUVVzOYC,cThdGxLv,40.0
1398,0,nsbHlbAq,SUVVzOYC,133.0
1398,0,GpnhEWuy,nsbHlbAq,128.0
1398,0,LPfgjVyT,GpnhEWuy,96.0
1398,0,xbiDwIOu,LPfgjVyT,36.0
1102,0,WqRwmxfX,ObeVuyMA,1.0
1102,0,fbgWGcSP,WqRwmxfX,600.0
1102,0,VctBMYxC,fbgWGcSP,600.0
1102,0,yXfOYhmg,VctBMYxC,10.0
1102,0,xYfYRJnz,yXfOYhmg,159.0
1102,0,bvZtLhoP,xYfYRJnz,159.0
1102,0,NoGATiBT,bvZtLhoP,529.0
1102,0,JvDZYJph,NoGATiBT,494.0
293,0,AvILYntX,fjbmYxRB,15.0
293,0,zTJYYUap,hCxxcqWU,151.0
293,0,xbiDwIOu,zTJYYUap,151.0
616,0,JvDZYJph,SQUoXVXU,3.0
648,0,fOfcyQgJ,bvSKVAYv,36.0
293,0,fjbmYxRB,SzEcLYsf,5.0
1102,0,HEshVETB,XiRzIewe,4.0
1102,0,pjLoLNOl,HEshVETB,47.0
1102,0,bvZtLhoP,pjLoLNOl,370.0
1102,0,TRrMduWd,tBgOcvQf,105.0
1102,0,WqRwmxfX,TRrMduWd,89.0
616,0,VctBMYxC,nUYnioIh,310.0
616,0,yXfOYhmg,bpXNEOYE,249.0
616,0,jqriedgy,EkCoFwMY,11.0
616,0,MTAZIXBL,jqriedgy,11.0
273,0,ogrZorIF,yAqyhWkU,49.0
973,0,QeEdlYuU,dKSFzIqs,301.0
973,0,jeadfqyj,QeEdlYuU,295.0
616,0,qdrjbHYS,jeadfqyj,291.0
973,0,JyqrAKLu,TCMQvOqy,11.0
973,0,ogrZorIF,JyqrAKLu,11.0
170,0,EIcIoHUO,DULwephN,168.0
170,0,JYRWJgVB,EIcIoHUO,168.0
170,0,CFztBFJQ,JYRWJgVB,168.0
585,0,FcOkCcps,TsaeiIGv,159.0
616,0,LvbzkrjO,FcOkCcps,67.0
616,0,FXEtzSuC,LvbzkrjO,67.0
419,0,rloRqLNl,QjBtnCad,2327.0
616,0,bDgEiJAh,IIzQthVA,561.0
1102,0,qkDUPxQJ,xfbmoJHP,580.0
1102,0,WqRwmxfX,qkDUPxQJ,571.0
1180,0,wPeqfEci,ogOCBKAf,6985.0
1180,0,MjMDaXaP,wPeqfEci,3243.0
1180,0,xfbmoJHP,MjMDaXaP,3320.0
1198,0,yfDSCLNC,XBBRJpEo,172.0
1198,0,PaIXMFSn,yfDSCLNC,172.0
1198,0,xWjNpCho,PaIXMFSn,172.0
727,0,KwaxxmSs,neNWquOh,53.0
727,0,gpaAUChy,KwaxxmSs,245.0
727,0,rINNylNh,gpaAUChy,243.0
357,0,rRGVruPM,WtPVEKaC,765.0
727,0,rINNylNh,rRGVruPM,456.0
727,0,GpnhEWuy,QDIpIlEK,281.0
727,0,rRGVruPM,GpnhEWuy,224.0
1468,0,GpnhEWuy,TsfVbSCQ,28.0
1468,0,rRGVruPM,GpnhEWuy,123.0
762,0,HcKLTTXk,UgdUAhSn,148.0
762,0,zUgDRwiy,HcKLTTXk,962.0
357,0,neNWquOh,EkWBPXmr,5811.0
16,0,MnTeelLR,bWAbaUPC,1214.0
16,0,TurKlwMz,MnTeelLR,4019.0
321,0,XwcxmOai,nrUfCQxz,390.0
321,0,zAVZRYih,XwcxmOai,246.0
321,0,POdtxoZm,zAVZRYih,471.0
321,0,XGxJlapP,POdtxoZm,149.0
321,0,KwaxxmSs,XGxJlapP,149.0
16,0,MnTeelLR,lDHqxCQW,1165.0
1506,0,DLdtTvFi,fmQEzQWV,321.0
1506,0,POsNTwnJ,DLdtTvFi,460.0
1506,0,DLdtTvFi,dbPZeeiE,680.0
16,0,TurKlwMz,xGsoSfhX,286.0
1506,0,wDKuLbjL,tRncbstl,413.0
1506,0,POsNTwnJ,paIawFeA,543.0
143,0,pRBbbEoD,JAgpxShP,582.0
465,0,rDSiGFpR,vyojaKRU,370.0
357,0,LPfgjVyT,rDSiGFpR,433.0
293,0,ZCsEtuOb,cEOIeJTR,794.0
273,0,fFHpEWYG,GcGOdrPa,47.0
273,0,jFmPCmzM,fFHpEWYG,127.0
293,0,ojINhgSe,IURTQlCB,42.0
293,0,SiflCzMU,ojINhgSe,42.0
293,0,tBJBJfdu,PUIIuxlM,766.0
293,0,cEOIeJTR,aDaRCcaB,25.0
1194,0,ZCsEtuOb,bEuFbYIx,4.0
293,0,dvaPHMux,eJBRTpyb,109.0
235,0,VjdckTjW,BpAiVnps,3599.0
19,0,xewbkqhz,HxnLIWQq,11.0
273,0,jOxyxYyy,yAqyhWkU,907.0
273,0,fFHpEWYG,jOxyxYyy,81.0
1198,0,yhXmuUeN,OWkTamRc,77.0
293,0,KwXNMHkb,hCxxcqWU,261.0
293,0,qrSNpKDz,KwXNMHkb,216.0
293,0,kEQqRNXv,qrSNpKDz,133.0
293,0,yhXmuUeN,kEQqRNXv,134.0
293,0,gUXxyAlR,PUIIuxlM,278.0
455,0,ydoNqUsu,fkZFUNSd,1733.0
616,0,ydoNqUsu,udlIzhJE,241.0
712,0,EvIZgaUF,qdrjbHYS,3644.0
712,0,RHWjHSWx,EvIZgaUF,178.0
648,0,ZIZoBDen,RHWjHSWx,476.0
648,0,dYaEdzoO,isVKhOXG,353.0
648,0,LoxEXWve,dYaEdzoO,979.0
483,0,POdtxoZm,JFVlrPHE,7.0
293,0,fjbmYxRB,GQmprOhw,841.0
293,0,YxUFlvZH,fjbmYxRB,27.0
966,0,MrybjzSo,ZAfIffxq,18.0
712,0,RHWjHSWx,ozAxYCwR,167.0
455,0,fkZFUNSd,jFmPCmzM,67.0
616,0,OsBkWRQx,TsaeiIGv,355.0
616,0,udlIzhJE,OsBkWRQx,202.0
712,0,RHWjHSWx,GRRjUQxz,1058.0
477,0,suszCmcx,lwcIkPvE,77.0
1198,0,RHWjHSWx,rWiIOjNx,988.0
648,0,isVKhOXG,hfsVeMMa,116.0
455,0,jFmPCmzM,AjJCgCBk,48.0
455,0,fkZFUNSd,TrOiZJox,26.0
235,0,agMXkLfj,VjdckTjW,2609.0
235,0,fkZFUNSd,agMXkLfj,233.0
235,0,SOBUilCD,KwaxxmSs,3592.0
235,0,BpAiVnps,SOBUilCD,7082.0
679,0,RHWjHSWx,eTJQHplR,75.0
1398,0,fMrlznIn,aWNaUdzp,738.0
235,0,fkZFUNSd,owqgejgM,113.0
973,0,ussSBeXM,QeEdlYuU,6.0
973,0,qVzVrWDp,ussSBeXM,6.0
16,0,xewbkqhz,VQfPRvUw,79.0
293,0,exnIZrMP,xewbkqhz,20.0
293,0,xewbkqhz,AHLLTOdf,174.0
273,0,TrOiZJox,jOxyxYyy,578.0
293,0,exnIZrMP,gUXxyAlR,46.0
924,0,TNTzUMyF,HyvnzuHA,180.0
924,0,xunvufHj,avRuCqLk,128.0
293,0,gdbAGAQU,BqZQArDi,732.0
16,0,JvVxAKet,XnPpfSyF,658.0
16,0,JvVxAKet,qflzswAf,1416.0
16,0,qGgPbtbT,funWfCdm,896.0
14,0,MrybjzSo,wuyFtExA,17.0
14,0,yrRBvFtZ,MrybjzSo,130.0
578,0,OsBkWRQx,vMBlttbG,36.0
616,0,tWpVdCtj,ArHpJhVJ,14.0
616,0,rqBqDfoZ,tWpVdCtj,14.0
616,0,MrybjzSo,rqBqDfoZ,14.0
16,0,qflzswAf,OxhtFIfA,1924.0
1198,0,OWkTamRc,isVKhOXG,5.0
483,0,RVyaKvKa,CmbQeSBI,73.0
483,0,oVNIhiyF,RVyaKvKa,73.0
966,0,vGqwislq,vCGIyJLJ,83.0
966,0,AwLiWVdI,vGqwislq,52.0
966,0,oVNIhiyF,AwLiWVdI,62.0
16,0,eXTjiXiW,VQfPRvUw,20.0
273,0,leJfirnk,AoAbuPJW,39.0
293,0,iFderoVa,CfleTooC,415.0
273,0,MrybjzSo,bRAzuzSs,80.0
293,0,mklbELhb,ZCsEtuOb,265.0
14,0,MrybjzSo,GnsXgGJX,101.0
929,0,GrIDUMrH,ymMHSssn,88.0
929,0,XxJaecnl,GrIDUMrH,88.0
929,0,QFazRNUC,XxJaecnl,88.0
924,0,EmJpSDwd,DJxHBCmY,184.0
924,0,zqZasXpA,EmJpSDwd,469.0
924,0,AszcEtOu,zqZasXpA,155.0
924,0,HfcobGNa,rwLqimtK,76.0
924,0,eymgjBxV,HfcobGNa,989.0
924,0,xfbmoJHP,eymgjBxV,969.0
924,0,iqwCaPZT,FvRjKBvU,996.0
924,0,BhcHYWlb,iqwCaPZT,976.0
924,0,HfcobGNa,BhcHYWlb,976.0
357,0,QHFmFyLR,EkWBPXmr,5748.0
16,0,qGgPbtbT,SwLVnWPq,694.0
14,0,bsQVAuyn,cGoHBmgo,119.0
14,0,GnsXgGJX,bsQVAuyn,122.0
720,0,EdqXvVeI,iOuVBZzk,251.0
720,0,nYVfIRsk,EdqXvVeI,251.0
16,0,KqLiJxJl,TShNRujB,1963.0
14,0,leJfirnk,VjdckTjW,238.0
14,0,SlfNpref,aUPouXsN,8.0
14,0,MrybjzSo,SlfNpref,14.0
14,0,jqriedgy,AjJCgCBk,6.0
14,0,SlfNpref,jqriedgy,6.0
973,0,ClDeGdta,OSkPauJr,773.0
973,0,dKSFzIqs,iuOUwLky,443.0
585,0,OsBkWRQx,FcOkCcps,19.0
973,0,XVbubuGa,OwpcAtJV,369.0
973,0,iuOUwLky,XVbubuGa,369.0
973,0,peBgOXli,yAqyhWkU,286.0
973,0,KnWWIWQx,peBgOXli,352.0
973,0,OwpcAtJV,KnWWIWQx,352.0
1198,0,FfzahqTm,BWRKkPfG,416.0
1198,0,IvQQZbJW,FfzahqTm,423.0
1198,0,dBTDkDZt,IvQQZbJW,423.0
293,0,GQmprOhw,FZYojuVE,297.0
973,0,TurKlwMz,NkWMDpBL,49.0
973,0,PqoYMtMO,NdVNfPps,182.0
293,0,uVsOstge,NfeOUEsA,271.0
293,0,KMLNQwjh,uVsOstge,436.0
293,0,CfleTooC,KMLNQwjh,486.0
973,0,zoqWMrrO,exnIZrMP,3.0
973,0,WSMobtPt,zoqWMrrO,3.0
966,0,TurKlwMz,vGqwislq,75.0
597,0,TurKlwMz,VVXTrukI,114.0
293,0,zTJYYUap,BqZQArDi,3.0
293,0,xTmZZczv,zTJYYUap,3.0
1180,0,LLWkkTwA,CpULuhdq,670.0
1180,0,kFSxtGUW,LLWkkTwA,18.0
1180,0,JbCujTci,kFSxtGUW,385.0
14,0,RjtzWJgw,WIZPpGvl,442.0
14,0,ubZrQMid,RjtzWJgw,64.0
293,0,bEuFbYIx,tBJBJfdu,11.0
293,0,bEuFbYIx,zVYhNTdK,8.0
616,0,ftvNhZKM,iPNesxKP,5.0
616,0,DsuTXcIa,WqRwmxfX,19.0
973,0,CbblRkaH,EkWBPXmr,845.0
973,0,BldTZUAI,CbblRkaH,520.0
973,0,nBYHMnkU,BldTZUAI,520.0
973,0,XfoHenDx,nBYHMnkU,520.0
973,0,TCMQvOqy,rmNVGWDV,111.0
973,0,RqfbhkOP,cfShLPmI,24.0
973,0,sUAChhLU,RqfbhkOP,24.0
273,0,EtvjcvTp,yAqyhWkU,1937.0
14,0,xiCfcAgb,Oslgxmkx,289.0
273,0,EtvjcvTp,CKNrjFUU,487.0
616,0,EtvjcvTp,fElpHioA,6.0
483,0,ERIWLSEl,lotPPedu,211.0
483,0,qsoLaWuJ,ERIWLSEl,211.0
483,0,WSBJbplj,qsoLaWuJ,211.0
483,0,XUEgpuYS,WSBJbplj,211.0
483,0,lXZmsBCe,XUEgpuYS,101.0
483,0,oftwwzSy,lXZmsBCe,101.0
483,0,CKNrjFUU,oftwwzSy,101.0
483,0,EtvjcvTp,CKNrjFUU,101.0
293,0,tBJBJfdu,uVsOstge,600.0
966,0,eJrsnsoz,vCGIyJLJ,16.0
966,0,EtvjcvTp,eJrsnsoz,17.0
483,0,ogrZorIF,uiYVYPQX,29.0
483,0,qGgPbtbT,ogrZorIF,29.0
16,0,bWAbaUPC,cEOIeJTR,19.0
1102,0,JKycCNae,RtYHfABF,9.0
1102,0,TUmpHOaB,JKycCNae,1.0
1102,0,WdOwNGhj,TUmpHOaB,85.0
1178,0,WIZPpGvl,twlwLPZj,21.0
1120,0,YmJRiEgw,LurStVaw,43.0
1120,0,TmUkjEUt,YmJRiEgw,43.0
924,0,ZbMvdFLw,eymgjBxV,147.0
924,0,MgruBUee,ZbMvdFLw,93.0
12,0,EtvjcvTp,hxSTJhOz,39.0
12,0,hxSTJhOz,rDSiGFpR,21.0
419,0,NQaaFyOm,TNZDhyQb,1096.0
727,0,eJrsnsoz,DYvQviUy,3.0
77,0,ruogAkOJ,cQHgTjKq,294.0
77,0,QCBPrBCl,ruogAkOJ,155.0
1198,0,WKWTpoqQ,gOJphFVT,291.0
1102,0,ZrJSsOtw,NjRgIRup,535.0
1102,0,TXAdjSyo,ZrJSsOtw,395.0
1102,0,ywTbPNnN,TXAdjSyo,324.0
1102,0,xYfYRJnz,ywTbPNnN,273.0
1102,0,pjLoLNOl,xYfYRJnz,266.0
1102,0,WKWTpoqQ,pjLoLNOl,45.0
1435,0,YvwuVYMF,SGVPbDEb,1369.0
1435,0,ywuGpANM,YvwuVYMF,1349.0
1435,0,BZCtSmhk,ywuGpANM,650.0
187,0,hVMLOzME,BZCtSmhk,114.0
1512,0,BZCtSmhk,YvwuVYMF,5.0
187,0,TcEVvOUM,BHzRSlej,4.0
419,0,iLaGOhZk,lctVuVOk,185.0
712,0,QrdELzCu,YvwQRHTE,2514.0
187,0,sNuKvPuW,QUMnpJQp,78.0
1591,0,eYYHcaFH,urhYpysk,529.0
1591,0,aGRhAFxn,eYYHcaFH,529.0
973,0,iWoOHVbT,EWPMCuEz,18.0
973,0,EkWBPXmr,iWoOHVbT,18.0
483,0,zGyJMIkT,uiYVYPQX,122.0
483,0,fumBmOZX,zGyJMIkT,209.0
483,0,VQfPRvUw,fumBmOZX,209.0
483,0,VCGhveHG,VQfPRvUw,374.0
483,0,WQdyWhSR,VCGhveHG,374.0
483,0,vCGIyJLJ,WQdyWhSR,374.0
483,0,xuEvBBdE,vCGIyJLJ,458.0
483,0,rAizOLWV,xuEvBBdE,458.0
483,0,JdZarNsv,rAizOLWV,458.0
483,0,NmilzqZp,JdZarNsv,458.0
966,0,XwjzzvVV,gVtshwcF,18.0
966,0,EXHVDpee,XwjzzvVV,84.0
966,0,XNHVHmHa,EXHVDpee,219.0
966,0,vCGIyJLJ,XNHVHmHa,170.0
483,0,lotPPedu,nBYHMnkU,312.0
524,0,iPNesxKP,pZulUpHT,1350.0
578,0,zGyJMIkT,yolIeCeg,22.0
483,0,GQmprOhw,iFderoVa,61.0
483,0,CbblRkaH,GQmprOhw,216.0
483,0,BldTZUAI,CbblRkaH,215.0
483,0,nBYHMnkU,BldTZUAI,215.0
483,0,bbaQRYSI,oVNIhiyF,63.0
483,0,lDHqxCQW,bbaQRYSI,36.0
483,0,qGgPbtbT,lDHqxCQW,36.0
483,0,VQfPRvUw,qGgPbtbT,165.0
973,0,cfShLPmI,cCEhgrAc,2.0
273,0,PYzwbgep,cZBPdCTc,61.0
273,0,wtyUxRkq,PYzwbgep,56.0
273,0,VXthmpcS,wtyUxRkq,56.0
984,0,xuEvBBdE,VXthmpcS,50.0
984,0,rAizOLWV,xuEvBBdE,50.0
984,0,JdZarNsv,rAizOLWV,50.0
984,0,NmilzqZp,JdZarNsv,50.0
483,0,zAVZRYih,WqMESkMM,12.0
597,0,JKycCNae,RtYHfABF,1.0
597,0,cMdRoPmQ,JKycCNae,1.0
597,0,NmilzqZp,cMdRoPmQ,75.0
966,0,XwjzzvVV,WgelRheP,66.0
973,0,rmNVGWDV,tWKcfmbS,36.0
293,0,SzEcLYsf,xTmZZczv,432.0
293,0,GQmprOhw,SzEcLYsf,78.0
143,0,yfIoPTHo,HxnLIWQq,23.0
1472,0,rDSiGFpR,DpeufCiu,76.0
108,0,BpAiVnps,GjiyfRqd,672.0
108,0,lmZJehpq,QUMnpJQp,194.0
973,0,CEyhPnMH,OQRQrPoA,26.0
973,0,JyqrAKLu,CEyhPnMH,26.0
973,0,XxhwFmzZ,JyqrAKLu,7.0
293,0,GQmprOhw,bWAbaUPC,1033.0
293,0,mklbELhb,xewbkqhz,260.0
293,0,mklbELhb,WSMobtPt,41.0
293,0,PUIIuxlM,uVsOstge,31.0
293,0,PUIIuxlM,BqZQArDi,28.0
648,0,EkWBPXmr,NjlFoRGi,9.0
1102,0,gdbAGAQU,JvDZYJph,3.0
616,0,WqRwmxfX,DCdKJxNH,29.0
616,0,bgWfLree,GuhaYkFL,2.0
616,0,fbgWGcSP,bgWfLree,2.0
973,0,gwWvCSbX,cNHGbHfW,24.0
973,0,joVKVRda,gwWvCSbX,13.0
973,0,BjLmJezx,joVKVRda,13.0
293,0,BGAyznqC,FZYojuVE,22.0
616,0,DeduXMzE,udlIzhJE,16.0
821,0,FgbDpeSh,fvMkSwKl,23.0
821,0,LjhqQBRt,FgbDpeSh,370.0
821,0,HdFJhFPb,LjhqQBRt,389.0
821,0,BUdgWiYp,HdFJhFPb,389.0
821,0,uYhYmSwb,BUdgWiYp,396.0
821,0,wcUGKfLa,uYhYmSwb,396.0
821,0,ZJxogzZw,wcUGKfLa,20.0
780,0,gzTQJVMW,pkAaqtnD,2123.0
170,0,CPPeUlfG,iFderoVa,833.0
170,0,qCZHeqZn,CPPeUlfG,834.0
170,0,DULwephN,YoEMZEcq,117.0
973,0,YoEMZEcq,OwpcAtJV,64.0
973,0,yGEvOQma,PqoYMtMO,35.0
973,0,gcrnRTRu,yGEvOQma,35.0
171,0,PspudWCJ,bDgEiJAh,54.0
171,0,FXuJEVFo,PspudWCJ,54.0
171,0,qCZHeqZn,FXuJEVFo,54.0
597,0,JFVlrPHE,QZgueNIh,7.0
273,0,SWnceHEw,nrKKniYe,1.0
293,0,iFderoVa,qrSNpKDz,225.0
597,0,ClDeGdta,WSMobtPt,3.0
597,0,hTaJTejf,ClDeGdta,3.0
597,0,AvILYntX,hTaJTejf,3.0
597,0,BGAyznqC,AvILYntX,3.0
597,0,PUIIuxlM,BGAyznqC,3.0
597,0,CEyhPnMH,PUIIuxlM,3.0
597,0,UnubcmDK,CEyhPnMH,3.0
597,0,LuFdSicn,UnubcmDK,3.0
597,0,CGFcscTW,LuFdSicn,3.0
597,0,EIcIoHUO,CGFcscTW,3.0
293,0,BGAyznqC,hCxxcqWU,372.0
273,0,GcGOdrPa,KnWWIWQx,83.0
273,0,VCGhveHG,CKNrjFUU,133.0
273,0,WQdyWhSR,VCGhveHG,133.0
273,0,vCGIyJLJ,WQdyWhSR,133.0
273,0,VXthmpcS,vCGIyJLJ,79.0
14,0,CKNrjFUU,YXOKWXAw,9.0
798,0,SEjojzMr,TgzZcdmy,423.0
1180,0,twlwLPZj,xfbmoJHP,758.0
1180,0,ULMVzkWs,twlwLPZj,694.0
1180,0,kFSxtGUW,ULMVzkWs,624.0
992,0,SEjojzMr,TgzZcdmy,875.0
75,0,ZFSCrBEp,rilZLDfI,46.0
77,0,SvkqEtGw,ZFSCrBEp,105.0
77,0,aFlzccOO,SvkqEtGw,597.0
727,0,isMwZYXy,aFlzccOO,346.0
1366,0,mnkgCFDT,riqYNvhO,487.0
736,0,RVEyrwjR,GjpldjkU,1333.0
401,0,qWvzRbGV,XpaxRhYo,322.0
401,0,VkUBejwv,qWvzRbGV,269.0
1030,0,sklTQuFm,VYHZxBYO,2237.0
1030,0,QhyQakxZ,sklTQuFm,2237.0
1030,0,rmmCKKeS,QhyQakxZ,1724.0
1030,0,agMXkLfj,rmmCKKeS,1724.0
597,0,mwdAyONm,NuwmOhpA,1.0
966,0,WgelRheP,RkbXqAIs,1.0
966,0,EXHVDpee,NuwmOhpA,77.0
966,0,QRSRIbba,leJfirnk,26.0
966,0,lCifaItn,QRSRIbba,31.0
966,0,XUEgpuYS,lCifaItn,27.0
966,0,VQfPRvUw,qGgPbtbT,45.0
966,0,XUEgpuYS,VQfPRvUw,55.0
597,0,EXHVDpee,mwdAyONm,1.0
597,0,OOrUJecL,wzaIlAwh,5.0
597,0,vCGIyJLJ,OOrUJecL,5.0
727,0,XeefDCzo,RrhmmPMm,2.0
727,0,UDPMiWKD,XeefDCzo,2.0
727,0,IHZGJZTs,UDPMiWKD,2.0
727,0,nFbddFoX,IHZGJZTs,2.0
727,0,WFZVQzrl,TsaeiIGv,1070.0
273,0,VrqtMskC,EtvjcvTp,951.0
273,0,cZBPdCTc,vTErLEZz,134.0
966,0,hygBouPP,OQRQrPoA,118.0
966,0,iPzquFzR,hygBouPP,118.0
966,0,XBhuaxff,bbaQRYSI,331.0
727,0,qAUjPEMf,yHDouIXe,4.0
727,0,ubZrQMid,vfdAIPGv,4.0
727,0,gBkmsEyR,ubZrQMid,4.0
727,0,cGoHBmgo,gBkmsEyR,4.0
727,0,EkWBPXmr,cGoHBmgo,4.0
727,0,AjXddPle,GfBReROC,7.0
727,0,RjboLjDb,AjXddPle,283.0
727,0,aFlzccOO,RjboLjDb,276.0
966,0,DxyTpirl,RkbXqAIs,37.0
966,0,wuyFtExA,DxyTpirl,34.0
966,0,isMwZYXy,wuyFtExA,34.0
966,0,bbaQRYSI,oVNIhiyF,298.0
483,0,bbaQRYSI,OQRQrPoA,22.0
597,0,cpLivUai,JFVlrPHE,6.0
597,0,WQdyWhSR,cpLivUai,6.0
597,0,vCGIyJLJ,WQdyWhSR,16.0
273,0,PeYVqHeF,DJkAcxlA,129.0
273,0,cRLBVFvQ,PeYVqHeF,129.0
273,0,DacXSoOC,cRLBVFvQ,129.0
273,0,vTErLEZz,DacXSoOC,129.0
273,0,hZxMsAHQ,WgelRheP,110.0
273,0,DJkAcxlA,hZxMsAHQ,110.0
727,0,TsaeiIGv,WhHfbZWj,575.0
727,0,QDIpIlEK,OsBkWRQx,64.0
924,0,JUGtNdnF,ZbMvdFLw,3.0
1472,0,gzZgDndk,TShNRujB,1537.0
1472,0,aFlzccOO,gzZgDndk,712.0
37,0,DpeufCiu,aZtqChJJ,29.0
37,0,NCVzutVL,DpeufCiu,29.0
727,0,aFlzccOO,yHDouIXe,14.0
419,0,aFlzccOO,gzZgDndk,2439.0
727,0,YmDpkIHQ,PSjGjQXK,527.0
419,0,IgEBJNwX,lctVuVOk,171.0
273,0,EtvjcvTp,BYOnvRTX,2.0
924,0,rxrORjnb,FbaONibz,173.0
924,0,nxBXRnVc,UVDfwOgc,64.0
924,0,EmJpSDwd,nxBXRnVc,55.0
924,0,wuQzPlvL,FvRjKBvU,375.0
924,0,AKFNXFCk,wuQzPlvL,316.0
924,0,EmJpSDwd,AKFNXFCk,230.0
616,0,TsaeiIGv,EkWBPXmr,113.0
616,0,DYKvrufv,OsBkWRQx,1020.0
616,0,kJlOJSYi,DYKvrufv,1290.0
597,0,NkWMDpBL,EXHVDpee,1.0
597,0,VVXTrukI,NkWMDpBL,43.0
37,0,fwfbiPwk,NCVzutVL,24.0
313,0,BpAiVnps,fmQEzQWV,146.0
313,0,NGAodVTg,BpAiVnps,1079.0
313,0,PpWfKRbL,NGAodVTg,1212.0
313,0,DYKvrufv,PpWfKRbL,866.0
16,0,NkWMDpBL,ozuppJDT,3.0
313,0,NGAodVTg,HFYkXdPG,231.0
313,0,HFYkXdPG,KjgVoxgR,238.0
1083,0,XFPAZveS,zBmTBInm,180.0
1083,0,ejMjPdTH,XFPAZveS,742.0
16,0,MnTeelLR,tWKcfmbS,126.0
1180,0,BMprcpdo,QewuHWYk,4216.0
1180,0,eTPMYwkC,PhjcDdmq,529.0
460,0,buAeVenh,MBTcSIip,1055.0
460,0,UgpyjFML,buAeVenh,764.0
460,0,mSXRukCc,UgpyjFML,3046.0
460,0,qflzswAf,mSXRukCc,3476.0
712,0,cNWTidvb,BpAiVnps,9005.0
1030,0,wRTYbalx,gxidCspv,762.0
1030,0,hBSPMzNd,wRTYbalx,1753.0
1030,0,yQmtaWgt,hBSPMzNd,2098.0
1030,0,uuLXjUrY,yQmtaWgt,1677.0
1030,0,hasgHIpb,uuLXjUrY,2064.0
401,0,CRVKBFrv,kgNzHUbI,1218.0
401,0,IUBOlCKA,CRVKBFrv,592.0
401,0,VkUBejwv,IUBOlCKA,563.0
1030,0,NMFCXTQH,aaeLLxLj,1132.0
1030,0,irunVpff,NMFCXTQH,1082.0
1030,0,CrOFTJlw,irunVpff,2128.0
1030,0,fnQyKclP,kVWwehGs,928.0
1030,0,UgzfanVk,fnQyKclP,792.0
1030,0,qflzswAf,UgzfanVk,2132.0
529,0,oZJRchiN,wVKhsyCZ,99.0
529,0,xmGwLlME,oZJRchiN,634.0
529,0,KcBICYpI,xmGwLlME,634.0
529,0,XQiQvefE,KcBICYpI,634.0
736,0,oYdkYEMp,YJlimzmz,60.0
401,0,VMzKgUSR,KgwKZlse,1696.0
1180,0,eTPMYwkC,qNiTyrkl,298.0
1030,0,kVWwehGs,pzSSkNJo,722.0
1029,0,fRZGgvoY,oXipkDtF,650.0
1030,0,SoTLWNOq,VYHZxBYO,1219.0
1030,0,PyGiRErs,SoTLWNOq,862.0
1030,0,PyGiRErs,KCAssTym,100.0
1030,0,vDTAjOOR,QhscbmPA,5906.0
1030,0,irunVpff,vDTAjOOR,1357.0
1106,0,SqxhBMol,GSOqnCzV,295.0
1106,0,wfDLjSSS,SqxhBMol,208.0
1106,0,VbpBVdde,wfDLjSSS,208.0
1030,0,dAxtDTje,VpHOqNar,2499.0
1030,0,wRTYbalx,dAxtDTje,1215.0
616,0,HYSXwpsm,bDgEiJAh,506.0
616,0,MAxpakLW,HYSXwpsm,533.0
616,0,iTmItNpT,MAxpakLW,533.0
616,0,FcOkCcps,MqGZxRIW,1.0
616,0,uiYVYPQX,FcOkCcps,1.0
1102,0,kGQEnBYZ,JvDZYJph,552.0
1102,0,roHCvggS,kGQEnBYZ,518.0
293,0,JSZZmOIY,exnIZrMP,11.0
966,0,NcoWExwJ,TurKlwMz,2.0
966,0,CEyhPnMH,OQRQrPoA,2.0
616,0,IIzQthVA,GcGOdrPa,5.0
597,0,UufKZTKG,VVXTrukI,3.0
597,0,kJlOJSYi,UufKZTKG,3.0
597,0,wzaIlAwh,kJlOJSYi,4.0
1102,0,gXuuFtgr,ZrJSsOtw,220.0
1102,0,AqLhpCGg,gXuuFtgr,91.0
1102,0,roHCvggS,AqLhpCGg,23.0
1178,0,xfbmoJHP,JbCujTci,2056.0
477,0,BpAiVnps,msSSSjFI,1649.0
853,0,kVhbTVuU,EkWBPXmr,1610.0
853,0,IoxYvxeH,kVhbTVuU,1657.0
108,0,aPCwoaUD,NjRgIRup,1714.0
108,0,rlFkXMBS,aPCwoaUD,1721.0
108,0,lxkWqJCv,rlFkXMBS,1721.0
264,0,NjRgIRup,KHbKaRBy,83.0
477,0,IjwLXBRx,mYoRZvtc,163.0
1512,0,RVEyrwjR,HQVZivsH,4740.0
419,0,FhKkSAFH,iPNesxKP,917.0
853,0,xbiDwIOu,TShNRujB,203.0
712,0,EvIZgaUF,mVhkAqwx,648.0
1296,0,RVEyrwjR,XiXLaJEL,524.0
1221,0,qeXIqBgp,dlIiZmBi,145.0
1221,0,ffjXMuak,qeXIqBgp,66.0
1221,0,WIZPpGvl,ffjXMuak,66.0
1030,0,SoTLWNOq,irunVpff,31.0
616,0,ijmqRmKp,iTmItNpT,543.0
1300,0,OyAyNkqZ,EkWBPXmr,684.0
1300,0,tJbXQuOE,OyAyNkqZ,748.0
1180,0,hTBkjNzq,tJbXQuOE,762.0
648,0,PSjGjQXK,IzsieVnc,51.0
1180,0,aCcokpIU,dAjqsFfg,952.0
1180,0,KcvPUxQg,GJEXlFdt,192.0
1180,0,hTBkjNzq,kKKRBhFF,669.0
47,0,KcvPUxQg,ALhaazBT,103.0
47,0,fGmFhgnx,ojqTFFWy,590.0
47,0,KcvPUxQg,fGmFhgnx,141.0
1180,0,hTBkjNzq,NRaiNGwl,177.0
264,0,hTBkjNzq,ztLkgYlA,1371.0
313,0,BpAiVnps,ORsEDdLG,531.0
1506,0,rJRvqICk,fmQEzQWV,711.0
1506,0,BMprcpdo,rJRvqICk,1262.0
1180,0,fytASSfG,BMprcpdo,1063.0
1180,0,QewuHWYk,fytASSfG,2662.0
1180,0,ogOCBKAf,QewuHWYk,15822.0
1180,0,jSSkauKM,wPeqfEci,3765.0
1506,0,voXQjjKh,dbPZeeiE,853.0
1506,0,OVaoEscJ,voXQjjKh,102.0
1180,0,gyedwqXM,BJDTCJYP,416.0
108,0,NGAodVTg,rBcVngYR,418.0
108,0,RoAYEvND,NGAodVTg,1127.0
108,0,xfbmoJHP,RoAYEvND,1119.0
1263,0,qnxnYECs,cdpcgPuX,690.0
1506,0,nIakFMcq,tDDddUJb,1264.0
1180,0,bHagonKv,nIakFMcq,62.0
1180,0,izUAPpdi,bHagonKv,62.0
1180,0,NRaiNGwl,RFLUsFpq,407.0
712,0,KCqeuCwW,lmZJehpq,516.0
712,0,LhgNVAOU,xTOrUJFO,1169.0
1180,0,ZNjvBYak,LhgNVAOU,906.0
1180,0,xfbmoJHP,ZNjvBYak,2751.0
452,0,MyzUerZz,lbTqXure,156.0
452,0,hTBkjNzq,MyzUerZz,38.0
1506,0,LKVeVUNI,svgtEcQx,1048.0
712,0,eXTEGQHB,FRtXItgR,41.0
483,0,KRQMLlbw,gVtshwcF,271.0
483,0,eYiyBone,KRQMLlbw,178.0
483,0,YbVmHVTt,zGyJMIkT,8.0
483,0,TShNRujB,YbVmHVTt,288.0
483,0,KRQMLlbw,JJRlkmgp,48.0
483,0,NuwmOhpA,CLjYTiBy,4.0
483,0,fumBmOZX,qGgPbtbT,36.0
483,0,YbVmHVTt,fumBmOZX,36.0
984,0,TCMQvOqy,NmilzqZp,11.0
984,0,JyqrAKLu,TCMQvOqy,11.0
984,0,XxhwFmzZ,JyqrAKLu,11.0
984,0,QZgueNIh,XxhwFmzZ,11.0
984,0,JFVlrPHE,QZgueNIh,11.0
984,0,cpLivUai,JFVlrPHE,11.0
984,0,fKUdbDza,cpLivUai,11.0
984,0,DATqCMmz,fKUdbDza,11.0
984,0,BSeIJfkI,DATqCMmz,11.0
171,0,cpLivUai,JFVlrPHE,3.0
171,0,fKUdbDza,cpLivUai,3.0
171,0,DATqCMmz,fKUdbDza,3.0
171,0,ILgjTtXh,DATqCMmz,3.0
419,0,WAnDToyk,QjBtnCad,215.0
1180,0,CpULuhdq,tJbXQuOE,937.0
1180,0,iMjvswBX,CpULuhdq,506.0
712,0,ryMrZCSE,awOEKaEj,716.0
264,0,kKKRBhFF,LRmPOeoe,94.0
264,0,tWpVdCtj,ArHpJhVJ,113.0
264,0,ePrpofUw,EdJUuxct,116.0
264,0,aCcokpIU,IvQQZbJW,539.0
16,0,TurKlwMz,NkWMDpBL,244.0
1180,0,dgLtpUgu,hTBkjNzq,1209.0
1180,0,gyedwqXM,oXDhDxhT,1541.0
1180,0,aCcokpIU,VCQdmIoF,317.0
966,0,QRSRIbba,FXyPWyvF,88.0
762,0,CxOOaXfM,zUgDRwiy,266.0
762,0,ljNlRbnZ,CxOOaXfM,139.0
924,0,BvinbONJ,TNTzUMyF,225.0
924,0,TJDsQDoO,BvinbONJ,253.0
1512,0,CbcrfuAf,BYsSDXCP,268.0
47,0,zjjLSYAp,CbcrfuAf,79.0
47,0,ogOCBKAf,zjjLSYAp,35.0
47,0,ePrpofUw,ogOCBKAf,350.0
1506,0,IfDrXrwx,wDKuLbjL,121.0
992,0,QxkHLGuk,zzxlwhdI,3156.0
47,0,LLWkkTwA,fGmFhgnx,1443.0
47,0,kKKRBhFF,LLWkkTwA,1172.0
47,0,wFSILCzc,kKKRBhFF,1081.0
47,0,yQQuLFAg,wFSILCzc,1511.0
47,0,ogOCBKAf,yQQuLFAg,2415.0
780,0,ZecyfkGE,lhSIyIfw,1755.0
1085,0,cudxYHxf,riqYNvhO,168.0
1085,0,yCXbqkBs,cudxYHxf,202.0
762,0,OhBAPvsb,zEOiVqLB,1605.0
762,0,wjdxsRuk,OhBAPvsb,466.0
1180,0,iMjvswBX,QpprBOSr,1765.0
293,0,uVsOstge,BGAyznqC,131.0
264,0,fjevhefZ,AUBTKFbY,215.0
264,0,vyQyYYqJ,fjevhefZ,200.0
264,0,ztLkgYlA,vyQyYYqJ,200.0
47,0,ePrpofUw,AoRkaUmb,131.0
452,0,aCcokpIU,hTBkjNzq,31.0
357,0,NajoDNFv,TxpOiGNK,1292.0
357,0,DkqFSkSd,NajoDNFv,1215.0
357,0,cPCRxZjy,TShNRujB,2541.0
465,0,qLQHuyIe,SlEBxfyW,211.0
460,0,qflzswAf,uaQvVFAB,243.0
1340,0,yAgyFeHo,vkwWhgCe,300.0
1180,0,ZTMEdEeK,FldHcjZC,668.0
1180,0,dAjqsFfg,ZTMEdEeK,565.0
16,0,eXTjiXiW,OxhtFIfA,268.0
12,0,OsBkWRQx,MTAZIXBL,3.0
16,0,OxhtFIfA,hEhmxyDr,6.0
966,0,CKNrjFUU,vCGIyJLJ,1.0
14,0,AtcDBGpE,RjtzWJgw,19.0
727,0,rRGVruPM,cCEhgrAc,350.0
727,0,XAxmwtqw,rINNylNh,338.0
727,0,lCifaItn,XAxmwtqw,40.0
1076,0,zjOknQHK,tUQXHMzJ,54.0
1076,0,PORiPCGC,zPQeyVVD,106.0
1076,0,qWvzRbGV,PORiPCGC,141.0
727,0,dFlAswnV,YmDpkIHQ,25.0
273,0,msGFqCDa,MrybjzSo,15.0
616,0,NQaaFyOm,gmiMCrrb,4.0
1318,0,jnDfAorM,ogOCBKAf,3304.0
727,0,FyJXToWe,GpnhEWuy,63.0
727,0,gpaAUChy,FyJXToWe,63.0
1076,0,XQBvMmKm,RapSzmXO,637.0
529,0,uzcbLUNR,GOFbtMrp,691.0
529,0,zezeKItL,uzcbLUNR,691.0
529,0,VpHOqNar,zezeKItL,691.0
1398,0,cwgbfpqq,dAxtDTje,66.0
293,0,OoNwiPDT,lxBswvKX,17.0
293,0,ftvNhZKM,OoNwiPDT,17.0
616,0,eDjMEvVD,ijmqRmKp,1779.0
594,0,LgyCGIBw,WdOwNGhj,48.0
594,0,OUgQnZLY,LgyCGIBw,48.0
594,0,SmQHomzq,OUgQnZLY,48.0
594,0,OHkaqvpq,SmQHomzq,48.0
594,0,nxJXVeix,OHkaqvpq,48.0
594,0,ZaRNMBdT,nxJXVeix,48.0
594,0,KwyfuOzT,ZaRNMBdT,48.0
594,0,grMhZquG,KwyfuOzT,48.0
594,0,OeXJgkRW,grMhZquG,50.0
594,0,GdpNupee,OeXJgkRW,50.0
595,0,HQNzQizX,NTpJpHDd,3.0
595,0,WwskMIzD,HQNzQizX,3.0
595,0,rrasSNoc,WwskMIzD,3.0
595,0,bgsGiKIs,rrasSNoc,3.0
595,0,oSlWllmq,bgsGiKIs,3.0
595,0,FnMlnlru,oSlWllmq,3.0
594,0,WdOwNGhj,xfbmoJHP,36.0
597,0,XaFkCXdj,NmilzqZp,90.0
597,0,DATqCMmz,vCGIyJLJ,34.0
597,0,ILgjTtXh,DATqCMmz,279.0
597,0,XaFkCXdj,ILgjTtXh,408.0
483,0,CEyhPnMH,OQRQrPoA,52.0
483,0,ogrZorIF,CEyhPnMH,5.0
483,0,zGyJMIkT,ogrZorIF,5.0
483,0,hxSTJhOz,zGyJMIkT,11.0
483,0,ILgjTtXh,hxSTJhOz,6.0
1180,0,fytASSfG,vizUtPmY,450.0
1180,0,oXDhDxhT,fytASSfG,11.0
597,0,VQfPRvUw,qGgPbtbT,10.0
597,0,VCGhveHG,VQfPRvUw,10.0
597,0,WQdyWhSR,VCGhveHG,10.0
597,0,xuEvBBdE,VXthmpcS,5.0
597,0,rAizOLWV,xuEvBBdE,5.0
597,0,JdZarNsv,rAizOLWV,5.0
597,0,NmilzqZp,JdZarNsv,5.0
596,0,vyItOGON,tTbFYEPP,58.0
293,0,KMLNQwjh,hCxxcqWU,425.0
293,0,KMLNQwjh,gUXxyAlR,86.0
924,0,xfbmoJHP,HNejbQWJ,829.0
924,0,URvEqJxF,SJvhYGxR,91.0
924,0,BvinbONJ,URvEqJxF,91.0
483,0,hxSTJhOz,zAVZRYih,1.0
1180,0,hSdNxZqe,apOzgzFy,78.0
47,0,fGmFhgnx,ePrpofUw,196.0
1180,0,gyedwqXM,NmJVuAxS,22.0
1180,0,QYwjKQRO,gyedwqXM,1155.0
1102,0,qkDUPxQJ,fpLsOzrX,27.0
1102,0,WdOwNGhj,qkDUPxQJ,40.0
1102,0,LgyCGIBw,WdOwNGhj,44.0
1102,0,OUgQnZLY,LgyCGIBw,30.0
1102,0,SmQHomzq,OUgQnZLY,42.0
1102,0,TXAdjSyo,SmQHomzq,2.0
597,0,twlwLPZj,NmilzqZp,18.0
1102,0,NjRgIRup,twlwLPZj,9.0
1102,0,OOrUJecL,wzaIlAwh,7.0
1102,0,VniBJCzY,OOrUJecL,7.0
1102,0,wzaIlAwh,MAxpakLW,5.0
273,0,WPcaURVq,QRSRIbba,627.0
1245,0,FVWAEAei,vfdAIPGv,19.0
273,0,zGyJMIkT,uiYVYPQX,12.0
14,0,wHfmVQMh,Oslgxmkx,130.0
273,0,QRSRIbba,leJfirnk,77.0
491,0,qvujbmjR,wOZIcmuB,391.0
16,0,MnTeelLR,KqLiJxJl,1485.0
273,0,peBgOXli,jOxyxYyy,3.0
1102,0,WBGMFkPq,twlwLPZj,12.0
1102,0,OUgQnZLY,WBGMFkPq,12.0
1102,0,WdOwNGhj,xfbmoJHP,18.0
924,0,WdOwNGhj,xfbmoJHP,8.0
293,0,UxPxrYmy,EkWBPXmr,2089.0
293,0,SzEcLYsf,WSMobtPt,1044.0
293,0,UxPxrYmy,gUXxyAlR,118.0
293,0,hqOmlOIp,xewbkqhz,75.0
293,0,SzEcLYsf,hqOmlOIp,75.0
924,0,xzbcUqWQ,rwLqimtK,24.0
37,0,deapEAbC,aZtqChJJ,63.0
264,0,oXDhDxhT,twMezfOU,3.0
1180,0,xfbmoJHP,UhAwQaaX,1332.0
47,0,fGmFhgnx,gGkadTNm,112.0
264,0,WlkKexEs,fjevhefZ,15.0
264,0,MyzUerZz,WlkKexEs,15.0
1180,0,MjMDaXaP,jSSkauKM,1234.0
401,0,eiOwifcC,TikfrWrm,1464.0
727,0,aFlzccOO,EsTStEav,31.0
966,0,lDHqxCQW,XBhuaxff,30.0
966,0,GBYHqHQO,lDHqxCQW,30.0
908,0,EpCFePOD,vOivHtRX,54.0
908,0,KLSPMOeO,EpCFePOD,54.0
908,0,krXgCSzh,KLSPMOeO,54.0
908,0,yDCZcPdO,krXgCSzh,54.0
727,0,pjTBCsVx,dFlAswnV,8.0
727,0,XMFZXZdV,pjTBCsVx,8.0
616,0,GcGOdrPa,wWcBzuvM,2.0
616,0,EsrGPUnZ,eDjMEvVD,1774.0
616,0,pobpsCoK,EsrGPUnZ,1774.0
1102,0,roHCvggS,UIFNotIh,1.0
273,0,WgelRheP,EkCoFwMY,1331.0
273,0,YbVmHVTt,zGyJMIkT,2.0
16,0,MkXEUCdM,cCEhgrAc,105.0
1102,0,TUmpHOaB,xfbmoJHP,118.0
1102,0,cMdRoPmQ,TUmpHOaB,1.0
293,0,BGAyznqC,AvILYntX,6.0
293,0,BqZQArDi,BGAyznqC,2271.0
762,0,YnUujGmz,HqehCtdr,9131.0
460,0,tzYrVhKO,gaLZwYvS,2520.0
460,0,UgpyjFML,tzYrVhKO,2307.0
460,0,WIZPpGvl,MklhhYCQ,1248.0
1512,0,HQVZivsH,UTBcifAN,116.0
419,0,NQaaFyOm,gbxdgQQp,94.0
419,0,glDvUhXc,NQaaFyOm,632.0
853,0,suszCmcx,zjSAMvDn,11.0
853,0,EkWBPXmr,suszCmcx,15.0
1512,0,ALhaazBT,xiTGCYEl,1758.0
720,0,knCDNjnp,mLBQtksd,402.0
1532,0,RyPegcUV,gyQqEnFq,178.0
47,0,gGkadTNm,RyPegcUV,5.0
1300,0,BpAiVnps,ohvLIfWG,170.0
1300,0,zjjLSYAp,BpAiVnps,160.0
1180,0,waZdIIZY,zjjLSYAp,24.0
1180,0,eiOwifcC,waZdIIZY,304.0
273,0,RVGhYAxc,SqxhBMol,137.0
712,0,CpULuhdq,RVGhYAxc,33.0
635,0,GtaXwPrK,nrUfCQxz,55.0
635,0,YpVxAvQG,GtaXwPrK,53.0
635,0,kFnjgEzS,YpVxAvQG,39.0
635,0,qGnNRXVR,fSmTHZJS,131.0
635,0,LhgNVAOU,qGnNRXVR,127.0
720,0,ggaXnTUz,mBSaKJib,27.0
720,0,zJsEFgSs,ggaXnTUz,27.0
720,0,exgtgIgV,zJsEFgSs,28.0
720,0,CvtLjMFW,exgtgIgV,28.0
720,0,vSdfqYeK,CvtLjMFW,75.0
720,0,hSRFRBsa,vSdfqYeK,375.0
720,0,qflzswAf,hSRFRBsa,73.0
712,0,NJSgWoOc,RIpTuvwk,343.0
1255,0,wFSILCzc,XMWgellz,1704.0
1180,0,CpULuhdq,wFSILCzc,486.0
1180,0,UhAwQaaX,cNuXvIqU,1809.0
401,0,qPtpgxic,KjiBWoqR,465.0
401,0,wBZvskGC,qPtpgxic,260.0
401,0,UhAwQaaX,wBZvskGC,326.0
597,0,TCMQvOqy,xfbmoJHP,162.0
597,0,HcOWfPMU,XxhwFmzZ,652.0
973,0,XxhwFmzZ,ogrZorIF,14.0
597,0,TCMQvOqy,NmilzqZp,12.0
616,0,FzyHNJLL,pobpsCoK,1721.0
597,0,mwdAyONm,EIcIoHUO,2.0
597,0,VVXTrukI,mwdAyONm,2.0
1102,0,RtYHfABF,VniBJCzY,3.0
293,0,dQYZBhGJ,aDaRCcaB,9.0
1300,0,UtwZFZsx,wrsPDGBQ,19.0
1300,0,dbPZeeiE,UtwZFZsx,19.0
1300,0,AjJCgCBk,dbPZeeiE,98.0
1340,0,RVGhYAxc,fGmFhgnx,336.0
1340,0,RVGhYAxc,ogOCBKAf,705.0
1512,0,gzTQJVMW,DeiIsjyA,2641.0
762,0,SgmzKmGa,HeidvHXY,257.0
235,0,agMXkLfj,jFmPCmzM,83.0
952,0,gzTQJVMW,XojRXAAa,4719.0
235,0,rnFrOJMw,wHfmVQMh,671.0
966,0,ODNKqRCQ,bbaQRYSI,47.0
16,0,ufvngNip,cfShLPmI,69.0
16,0,bbaQRYSI,ufvngNip,76.0
966,0,vGqwislq,XNHVHmHa,49.0
966,0,RkbXqAIs,MTAZIXBL,3.0
966,0,xvojPNrb,DxyTpirl,3.0
966,0,ZAfIffxq,xvojPNrb,20.0
966,0,wuyFtExA,EtvjcvTp,54.0
966,0,xvojPNrb,wuyFtExA,17.0
625,0,XwjzzvVV,WgelRheP,443.0
625,0,exwEUcIO,XwjzzvVV,443.0
625,0,jisQZBDs,exwEUcIO,443.0
625,0,NcoWExwJ,jisQZBDs,443.0
625,0,hygBouPP,NcoWExwJ,443.0
625,0,iPzquFzR,hygBouPP,443.0
625,0,ODNKqRCQ,iPzquFzR,12.0
264,0,AKEMZMhk,lkujKSJT,428.0
1180,0,xfbmoJHP,AKEMZMhk,280.0
14,0,vwEcxUej,lBopHXdD,13.0
14,0,JBpFxiqb,vwEcxUej,13.0
14,0,Oslgxmkx,JBpFxiqb,13.0
990,0,WlkKexEs,WKWTpoqQ,175.0
990,0,MyzUerZz,WlkKexEs,175.0
1180,0,xfbmoJHP,kKKRBhFF,169.0
597,0,xfbmoJHP,twlwLPZj,17.0
273,0,jOvtnfLH,tkhDcqas,133.0
16,0,TurKlwMz,UECnapuN,234.0
595,0,pjrUunbL,FnMlnlru,27.0
595,0,pobpsCoK,pjrUunbL,27.0
595,0,kBaIvAJI,pobpsCoK,27.0
595,0,zltqyTKX,kBaIvAJI,27.0
595,0,TRZUQkiC,zltqyTKX,27.0
595,0,wCUyFOIX,TRZUQkiC,27.0
595,0,RtYHfABF,wCUyFOIX,27.0
595,0,JKycCNae,RtYHfABF,27.0
595,0,cMdRoPmQ,JKycCNae,27.0
595,0,twlwLPZj,cMdRoPmQ,27.0
595,0,NjRgIRup,twlwLPZj,24.0
1102,0,wRFZkBWU,VniBJCzY,36.0
1102,0,xfbmoJHP,wRFZkBWU,81.0
1102,0,cMdRoPmQ,JKycCNae,8.0
1102,0,twlwLPZj,cMdRoPmQ,8.0
1052,0,NEOaVWFJ,buoLtkoi,16.0
1052,0,RBwynnQe,NEOaVWFJ,16.0
1052,0,EPmEpfWC,RBwynnQe,107.0
1052,0,xfbmoJHP,EPmEpfWC,107.0
1061,0,rluMkzbt,rREIWzym,345.0
1061,0,oTXyBJNn,rluMkzbt,266.0
1061,0,AIvMrZbX,oTXyBJNn,266.0
1061,0,DFuWYygu,AIvMrZbX,266.0
1061,0,iKWaHdND,DFuWYygu,266.0
1061,0,sZMRTtVP,iKWaHdND,266.0
1061,0,gozRELiL,sZMRTtVP,266.0
122,0,xokKvraT,yeBNAVLu,781.0
122,0,HaSZVkzu,xokKvraT,781.0
122,0,yjaYbUGq,HaSZVkzu,781.0
122,0,LbyQgJih,yjaYbUGq,781.0
122,0,FPXdCAOW,LbyQgJih,781.0
122,0,ouHKxPGS,FPXdCAOW,781.0
122,0,GEijdcGW,ouHKxPGS,767.0
122,0,MKKzwAOv,GEijdcGW,803.0
122,0,mhDCqtpx,MKKzwAOv,788.0
122,0,TJDsQDoO,mhDCqtpx,788.0
1065,0,rxrORjnb,MJvZDjlV,438.0
401,0,qWvzRbGV,erxKyHjj,65.0
924,0,sXWHYDNZ,nxBXRnVc,43.0
924,0,TJDsQDoO,sXWHYDNZ,347.0
858,0,tpbgDvvo,jkZnMKOY,1.0
858,0,xfbmoJHP,tpbgDvvo,1.0
129,0,aLFpJPgR,hPntpWoI,269.0
129,0,cZLwCFQo,aLFpJPgR,272.0
129,0,rxrORjnb,cZLwCFQo,272.0
762,0,CCoJPQpR,qIuTLVvj,143.0
1076,0,euDckIMa,UNRVYnCk,791.0
1076,0,XDHbYGPc,euDckIMa,791.0
1076,0,ogOCBKAf,XDHbYGPc,792.0
762,0,ljNlRbnZ,rilNZKmg,13.0
1076,0,snhIMWCK,EnXcRLvh,82.0
1076,0,tZcBjHOF,snhIMWCK,66.0
121,0,MgfOYJbA,UCALextd,9.0
762,0,MttNRhjN,MgfOYJbA,6.0
762,0,iPmhSqDk,JzyLKajw,13.0
912,0,hnwTnEQV,vyQyYYqJ,322.0
912,0,BlnSxBAr,hnwTnEQV,300.0
912,0,gOHjFflk,BlnSxBAr,252.0
912,0,xfbmoJHP,gOHjFflk,232.0
912,0,zqZasXpA,jZLvbydT,180.0
912,0,rnnOUpAJ,zqZasXpA,164.0
912,0,ePrpofUw,rnnOUpAJ,164.0
912,0,NFInfBeu,sqkVVOFh,98.0
1180,0,gyedwqXM,NFInfBeu,15.0
1118,0,yMrMMnQF,hUQezMGZ,20.0
1118,0,MrQhdzGM,yMrMMnQF,20.0
1118,0,HsmdKMgN,MrQhdzGM,20.0
1118,0,NJsqxdTd,HsmdKMgN,20.0
1118,0,hfbFGrBz,NJsqxdTd,20.0
1118,0,YtTJoBxm,hfbFGrBz,20.0
1118,0,AlpXiRiW,YtTJoBxm,20.0
401,0,RTRcFCMg,KlSqKJQr,1413.0
401,0,WyfCQhSW,RTRcFCMg,1574.0
401,0,KgwKZlse,WyfCQhSW,1331.0
929,0,ymMHSssn,wSxpBpYI,38.0
916,0,efsWTgFW,oSDoGnju,214.0
916,0,csuoPXTA,efsWTgFW,214.0
916,0,NOXvlGiG,csuoPXTA,214.0
916,0,WoPCDSeI,NOXvlGiG,214.0
916,0,ZVaoBYIn,WoPCDSeI,214.0
916,0,KKHFrKGl,ZVaoBYIn,214.0
916,0,Erqjkxzk,KKHFrKGl,197.0
916,0,ltPLChrK,Erqjkxzk,197.0
916,0,FwvYcAgk,ltPLChrK,197.0
916,0,mgDGiHEE,FwvYcAgk,197.0
419,0,MBTcSIip,UwPVTdeZ,1234.0
798,0,yNIUaSyZ,cNuIRYrx,438.0
798,0,xiTGCYEl,yNIUaSyZ,246.0
798,0,NXLrCKMp,xiTGCYEl,42.0
798,0,FyoAuDvn,NXLrCKMp,42.0
798,0,ljNlRbnZ,FyoAuDvn,59.0
1435,0,BxmxkKGC,phXawcIY,694.0
1435,0,phXawcIY,qrzeRBPC,285.0
762,0,PQDqFTyk,BCwVkMhO,1637.0
780,0,lhSIyIfw,azqUKhQu,484.0
561,0,ojqTFFWy,nuxwLmjk,759.0
825,0,iHPgoVQd,mSlRsDTZ,67.0
825,0,LEMCEoBI,iHPgoVQd,68.0
825,0,VbipnzIy,LEMCEoBI,69.0
825,0,vLvetIEj,VbipnzIy,75.0
825,0,veZdNrwJ,vLvetIEj,75.0
825,0,UHrZZaJI,veZdNrwJ,75.0
825,0,XYPsfiKq,UHrZZaJI,75.0
825,0,EZonlaGf,XYPsfiKq,95.0
825,0,wcUGKfLa,EZonlaGf,101.0
825,0,ZJxogzZw,wcUGKfLa,4.0
736,0,iGMYbQYg,rBGGtpqI,5182.0
736,0,XQGQJTfc,iGMYbQYg,2236.0
736,0,GYxWnXpv,XQGQJTfc,2213.0
736,0,gzTQJVMW,GYxWnXpv,2402.0
187,0,fjevhefZ,AUBTKFbY,429.0
108,0,NGAodVTg,AszcEtOu,514.0
108,0,mXwfazRz,fJdABIlw,148.0
108,0,AszcEtOu,mXwfazRz,378.0
1340,0,nIakFMcq,vRWSdFEN,428.0
1340,0,bHagonKv,nIakFMcq,22.0
1180,0,LOIXCDqJ,LLWkkTwA,1172.0
1180,0,xfbmoJHP,LOIXCDqJ,530.0
1263,0,EVAUYvVR,AoRkaUmb,2500.0
1263,0,CbcrfuAf,EVAUYvVR,569.0
47,0,QYwjKQRO,ABufINme,215.0
1189,0,bONecZHY,iqbCzlPk,314.0
1189,0,JrYMJUzx,bONecZHY,314.0
1189,0,WoSISRHq,JrYMJUzx,258.0
1189,0,zAiczBZG,WoSISRHq,258.0
1189,0,vkwWhgCe,zAiczBZG,252.0
1189,0,KSSwmuEx,vkwWhgCe,251.0
1189,0,pkhwWQVf,KSSwmuEx,251.0
1189,0,JxFLnqJu,pkhwWQVf,251.0
1189,0,GDiQpvtB,JxFLnqJu,251.0
1189,0,fGmFhgnx,GDiQpvtB,251.0
1180,0,LOIXCDqJ,fGmFhgnx,1285.0
1180,0,qflzswAf,DexqYjKS,11.0
460,0,YctaenCe,nzTRQfUi,4129.0
1176,0,MCZGGmLQ,DsTGnVil,88.0
1176,0,xfbmoJHP,IzKulrBJ,139.0
1030,0,PyGiRErs,CrOFTJlw,62.0
751,0,aHDoehBY,jlZHvhwS,36.0
1065,0,yQXZAhRQ,OfWHUDWP,412.0
1065,0,jfvbdeGs,yQXZAhRQ,412.0
1065,0,cdqhrjBE,jfvbdeGs,412.0
1065,0,MJvZDjlV,cdqhrjBE,422.0
1318,0,wFSILCzc,SwLVnWPq,478.0
1180,0,LOIXCDqJ,wFSILCzc,76.0
736,0,qheIKvdP,AUmOMGnp,1181.0
736,0,TenjteTV,qheIKvdP,332.0
736,0,DeWEzUGk,TenjteTV,317.0
736,0,HeSMGtlu,DeWEzUGk,902.0
736,0,tDhKnafe,HeSMGtlu,2924.0
736,0,gzTQJVMW,tDhKnafe,2520.0
47,0,XyHfgUxW,KcvPUxQg,355.0
47,0,gzTQJVMW,XyHfgUxW,1150.0
108,0,mXwfazRz,BpAiVnps,499.0
47,0,XyHfgUxW,fGmFhgnx,91.0
1180,0,LhgNVAOU,RinxBkUZ,131.0
1072,0,tUQXHMzJ,eypuAxqa,26.0
1111,0,fwlhPJed,ApUtMocY,547.0
1111,0,KGmhUhiY,fwlhPJed,547.0
1111,0,yMrMMnQF,KGmhUhiY,547.0
1111,0,dlQsfdCi,yMrMMnQF,547.0
1111,0,HsmdKMgN,dlQsfdCi,547.0
1111,0,cWOjTgHp,HsmdKMgN,547.0
1111,0,NJsqxdTd,cWOjTgHp,547.0
1111,0,hfbFGrBz,NJsqxdTd,547.0
1111,0,YtTJoBxm,hfbFGrBz,547.0
1111,0,AlpXiRiW,YtTJoBxm,547.0
1111,0,ApUtMocY,IypCuTzh,556.0
1111,0,IypCuTzh,bqxardHa,533.0
1030,0,aunBMooM,dAxtDTje,1263.0
1030,0,DHkaGHFf,aunBMooM,1392.0
1030,0,VYHZxBYO,DHkaGHFf,1683.0
1244,0,ubZrQMid,vfdAIPGv,16.0
616,0,HdLAxGDi,FzyHNJLL,1720.0
460,0,cPCRxZjy,nhSXMXjw,211.0
460,0,eyAJPdep,nPkrzCty,1015.0
460,0,ppabfQGz,eyAJPdep,316.0
966,0,MrybjzSo,isMwZYXy,89.0
966,0,MBttAlCW,MrybjzSo,480.0
966,0,iPzquFzR,oVNIhiyF,206.0
966,0,XCXPEDQh,leJfirnk,60.0
16,0,bbaQRYSI,uVsOstge,8.0
966,0,MrybjzSo,wuyFtExA,43.0
966,0,TurKlwMz,NkWMDpBL,26.0
966,0,oVNIhiyF,TurKlwMz,117.0
77,0,TNZDhyQb,XJRnAJHc,3499.0
253,0,CEZTRnUo,jdMuVkrY,21.0
601,0,uVsOstge,FZYojuVE,11.0
14,0,VjdckTjW,VTHwomVj,25.0
1221,0,MnTeelLR,ywuGpANM,475.0
1435,0,HOwZAROe,RTafItqF,2152.0
1435,0,RuAJZyMI,HOwZAROe,1595.0
727,0,DxyTpirl,XMFZXZdV,2.0
727,0,xvojPNrb,DxyTpirl,2.0
727,0,ZAfIffxq,xvojPNrb,2.0
727,0,MBttAlCW,ZAfIffxq,2.0
1512,0,GpnhEWuy,qPtpgxic,14.0
973,0,CbblRkaH,agmUQnfF,62.0
973,0,IuRRuHdp,XjSQdTLS,2.0
973,0,agmUQnfF,IuRRuHdp,2.0
727,0,gpaAUChy,aFlzccOO,1.0
616,0,gozRELiL,HdLAxGDi,1717.0
108,0,twlwLPZj,oXDhDxhT,5.0
108,0,NjRgIRup,twlwLPZj,10.0
293,0,ANpclgWP,tBJBJfdu,88.0
1061,0,rREIWzym,TmbwpUyz,350.0
1061,0,CxeJhmQn,PcvuCqyL,331.0
1061,0,TmbwpUyz,CxeJhmQn,331.0
215,0,ccqsUPnI,FDPmqphv,182.0
215,0,hfsVeMMa,ccqsUPnI,182.0
1061,0,CfDISmMN,RqCzrtQl,4.0
1061,0,RpAFtJSl,CfDISmMN,11.0
1061,0,PcvuCqyL,RpAFtJSl,15.0
1052,0,xokKvraT,INegqJKU,38.0
1052,0,HaSZVkzu,xokKvraT,38.0
1052,0,yjaYbUGq,HaSZVkzu,38.0
1052,0,LbyQgJih,yjaYbUGq,38.0
1052,0,FPXdCAOW,LbyQgJih,38.0
1052,0,ouHKxPGS,FPXdCAOW,38.0
1052,0,TimDJQqX,ouHKxPGS,33.0
1052,0,buoLtkoi,TimDJQqX,33.0
115,0,hkXbXhZN,scqbdPBp,1.0
115,0,TgpuXBqx,hkXbXhZN,1.0
115,0,IyPglFnI,TgpuXBqx,1.0
115,0,atGiINkp,IyPglFnI,1.0
115,0,tFIeEodn,atGiINkp,1.0
115,0,yeBNAVLu,tFIeEodn,1.0
115,0,xokKvraT,yeBNAVLu,1.0
115,0,HaSZVkzu,xokKvraT,1.0
115,0,yjaYbUGq,HaSZVkzu,1.0
115,0,LbyQgJih,yjaYbUGq,1.0
115,0,FPXdCAOW,LbyQgJih,1.0
115,0,ouHKxPGS,FPXdCAOW,1.0
115,0,TimDJQqX,ouHKxPGS,1.0
115,0,buoLtkoi,TimDJQqX,1.0
616,0,eIBTCCCb,gozRELiL,1939.0
924,0,PcvuCqyL,AJLJQqsT,138.0
1061,0,eIBTCCCb,gozRELiL,188.0
924,0,UUpfieFN,jjHnlXVx,195.0
924,0,sXWHYDNZ,UUpfieFN,172.0
780,0,wuAzVrCW,azqUKhQu,217.0
780,0,LlpMjrks,wuAzVrCW,64.0
780,0,cgSMZptb,LlpMjrks,1671.0
762,0,zUgDRwiy,cgSMZptb,2011.0
762,0,PcvuCqyL,zUgDRwiy,728.0
853,0,rBCwdRqs,rnFrOJMw,6.0
853,0,SgmzKmGa,rBCwdRqs,8.0
762,0,fQRLOpha,xfbmoJHP,3853.0
762,0,pLpkESor,fQRLOpha,1056.0
762,0,HeidvHXY,pLpkESor,943.0
712,0,LVcdwgEp,ryMrZCSE,13.0
924,0,wuQzPlvL,EmkugZPX,26.0
924,0,SgmzKmGa,wuQzPlvL,73.0
187,0,ojqTFFWy,MwLdaJul,427.0
762,0,EYGEAZtD,BxmxkKGC,1024.0
762,0,AJLJQqsT,EYGEAZtD,67.0
273,0,BpAiVnps,nrKKniYe,3053.0
924,0,AUrIxxcC,BpAiVnps,1197.0
924,0,EmJpSDwd,AUrIxxcC,614.0
924,0,sXWHYDNZ,EmJpSDwd,614.0
924,0,RpAFtJSl,CtzBEXfZ,20.0
924,0,AJLJQqsT,RpAFtJSl,15.0
762,0,SgmzKmGa,ygaPVVOX,7.0
924,0,zmlEwfKx,xfbmoJHP,220.0
924,0,BvLvsPYo,zmlEwfKx,320.0
924,0,qqDoWQdv,BvLvsPYo,43.0
924,0,AJLJQqsT,qqDoWQdv,75.0
924,0,NacgxEEi,AKFNXFCk,14.0
924,0,qqDoWQdv,NacgxEEi,31.0
1071,0,PfZAlPvE,NfMyQHAw,72.0
1071,0,UlmLxwtK,PfZAlPvE,72.0
762,0,oaiHprKy,CCoJPQpR,10.0
798,0,DgJlPOry,GiONHkbf,2.0
762,0,lPyqbuiQ,mdiSFJRM,4227.0
762,0,BxmxkKGC,lPyqbuiQ,3841.0
780,0,OeZVKJdr,ZecyfkGE,73.0
762,0,HeidvHXY,OeZVKJdr,6.0
924,0,EmkugZPX,KjgVoxgR,1.0
357,0,GiONHkbf,bZroqIhX,222.0
720,0,nzTRQfUi,WhHfbZWj,550.0
720,0,eyAJPdep,nzTRQfUi,550.0
720,0,fMrlznIn,eyAJPdep,2.0
1076,0,LggEHwJM,zjOknQHK,13.0
1072,0,ygaPVVOX,LggEHwJM,2.0
1072,0,SgmzKmGa,ygaPVVOX,2.0
616,0,IWkYeNgA,eIBTCCCb,1661.0
1061,0,IWkYeNgA,eIBTCCCb,154.0
966,0,eJrsnsoz,AwLiWVdI,3.0
727,0,EsTStEav,yHDouIXe,4.0
908,0,zyATMMRX,yDCZcPdO,27.0
908,0,XJpVddlh,zyATMMRX,27.0
616,0,dbNaZeWx,IWkYeNgA,1629.0
293,0,RrhmmPMm,tBJBJfdu,723.0
727,0,cCEhgrAc,udlIzhJE,2.0
727,0,sAswhpJr,rRGVruPM,66.0
727,0,VyHGAkTo,sAswhpJr,21.0
727,0,RrhmmPMm,VyHGAkTo,23.0
293,0,tBJBJfdu,KMLNQwjh,216.0
14,0,aUPouXsN,EtvjcvTp,100.0
727,0,aFlzccOO,qAUjPEMf,21.0
143,0,mexFgKBp,tcbhlVZo,5727.0
1506,0,GYfZYaJh,zUgDRwiy,4086.0
1506,0,BpAiVnps,GYfZYaJh,3010.0
477,0,NJSgWoOc,BpAiVnps,1742.0
1446,0,JGydtICe,orpkgmYq,405.0
1506,0,vRWSdFEN,rRGVruPM,2271.0
1506,0,AmahvgQB,gLCWwgiT,182.0
477,0,TcTonWJL,RVGhYAxc,670.0
992,0,ryJVAbFB,BWKNZpmt,899.0
992,0,tTjpyeuP,ryJVAbFB,729.0
992,0,bzkCWXwV,tTjpyeuP,436.0
992,0,mexFgKBp,bzkCWXwV,479.0
992,0,wssOAckJ,AQHsowCO,43.0
780,0,IGRxApsM,tkWZZFES,479.0
77,0,MBTcSIip,fwfbiPwk,74.0
477,0,mYoRZvtc,RFaTWaew,449.0
477,0,YmbmpLps,NKCxdwhs,277.0
648,0,bvSKVAYv,EkWBPXmr,939.0
712,0,lmZJehpq,SOVcCDqR,238.0
465,0,njiqgOWt,zVYhNTdK,771.0
465,0,cPCRxZjy,njiqgOWt,807.0
477,0,qpacHTVx,cPCRxZjy,1402.0
477,0,eeSdZFhf,qpacHTVx,1337.0
477,0,nJRBvlcT,eeSdZFhf,732.0
1512,0,HQVZivsH,gzTQJVMW,2793.0
1512,0,GgLRqpEG,ojqTFFWy,329.0
1512,0,FjwhCXAK,GgLRqpEG,198.0
1512,0,XFLojCJa,FjwhCXAK,187.0
37,0,rZoajhYh,EkWBPXmr,2125.0
37,0,ppabfQGz,rZoajhYh,208.0
37,0,MBTcSIip,ppabfQGz,49.0
77,0,qFzqwYZZ,EkWBPXmr,2679.0
477,0,RFaTWaew,FTwVCxQy,420.0
367,0,eTJQHplR,OXvlrfnG,161.0
777,0,vBjvcVSA,sJpWePxb,463.0
777,0,TFYkWDkw,vBjvcVSA,463.0
777,0,JpVXpSar,TFYkWDkw,463.0
777,0,pjLoLNOl,JpVXpSar,364.0
1102,0,fJdABIlw,WKWTpoqQ,10.0
1395,0,tyeyrnYi,FwybjYQK,802.0
1395,0,suszCmcx,tyeyrnYi,995.0
1096,0,LIgtsZTQ,yfjUYWEe,2092.0
1096,0,BIoUkdqn,LIgtsZTQ,2092.0
1096,0,GaUJjHvw,BIoUkdqn,2319.0
1096,0,xqPbgbrZ,GaUJjHvw,2319.0
1096,0,nlMKoEWl,xqPbgbrZ,2319.0
1096,0,KbKyxild,nlMKoEWl,2319.0
401,0,gyedwqXM,KbKyxild,229.0
127,0,QOMpmplr,ItWJsmqN,4.0
127,0,HNejbQWJ,QOMpmplr,4.0
127,0,dQfoCLXo,HNejbQWJ,4.0
127,0,TatGKSDD,dQfoCLXo,211.0
127,0,tDDYXOza,TatGKSDD,212.0
127,0,LdNZcaVd,tDDYXOza,7.0
127,0,XgeKmxEU,LdNZcaVd,4.0
127,0,ASAgeGQh,XgeKmxEU,4.0
127,0,vQqKfyzC,ASAgeGQh,4.0
127,0,RgDNNvUZ,vQqKfyzC,2.0
108,0,gjxAdJvF,INegqJKU,281.0
108,0,glTmyjXZ,gjxAdJvF,281.0
108,0,TMphlUsu,glTmyjXZ,281.0
108,0,xKAfsjzf,TMphlUsu,281.0
736,0,iGMYbQYg,MyGqmywG,415.0
736,0,HeSMGtlu,bInfxKVp,2207.0
727,0,lsBVGYKC,EkWBPXmr,947.0
853,0,CtzBEXfZ,eusqYKWT,182.0
924,0,CtzBEXfZ,zqZasXpA,54.0
419,0,iPNesxKP,NQaaFyOm,983.0
853,0,eusqYKWT,kjxfKqbD,8.0
187,0,fmQEzQWV,qzuHypgA,457.0
1506,0,GYfZYaJh,fmQEzQWV,1376.0
1506,0,HcKLTTXk,GYfZYaJh,583.0
762,0,RpAFtJSl,HcKLTTXk,104.0
762,0,CCoJPQpR,HeidvHXY,513.0
762,0,veAXvdUO,CCoJPQpR,775.0
762,0,UgdUAhSn,veAXvdUO,787.0
762,0,CtzBEXfZ,UgdUAhSn,205.0
924,0,twlwLPZj,oXDhDxhT,13.0
924,0,NjRgIRup,twlwLPZj,16.0
924,0,rxrORjnb,NjRgIRup,548.0
924,0,CtzBEXfZ,JUGtNdnF,15.0
762,0,yTictHOU,TJDsQDoO,360.0
762,0,sTaleXyI,yTictHOU,359.0
762,0,CtzBEXfZ,CfDISmMN,29.0
924,0,yTictHOU,GfvuifIZ,2.0
924,0,sTaleXyI,yTictHOU,52.0
924,0,oaiHprKy,NacgxEEi,11.0
924,0,yTictHOU,oaiHprKy,20.0
924,0,yTictHOU,VKAAZZOV,87.0
924,0,NacgxEEi,wuQzPlvL,11.0
924,0,XHBoVocK,UUpfieFN,41.0
924,0,VKAAZZOV,XHBoVocK,41.0
762,0,MpBHVRZl,BCwVkMhO,909.0
762,0,zEOiVqLB,MpBHVRZl,959.0
762,0,tVSOiuPz,OhBAPvsb,1084.0
762,0,HcKLTTXk,tVSOiuPz,1109.0
1532,0,zVMCvpDh,tYiGccLM,280.0
1532,0,tdSVPjpA,zVMCvpDh,280.0
1532,0,nOepWjtB,tdSVPjpA,280.0
1532,0,kNXaohyL,nOepWjtB,280.0
1532,0,gJicbLzN,kNXaohyL,280.0
1532,0,lRwVVbKf,gJicbLzN,291.0
1076,0,rYcBAOGh,KAhfQHTl,355.0
1072,0,RpAFtJSl,rYcBAOGh,19.0
1076,0,qNEatmrc,AlpXiRiW,451.0
293,0,NqSePdAx,CfleTooC,257.0
16,0,uVsOstge,XnPpfSyF,8.0
293,0,CfleTooC,bEuFbYIx,3.0
293,0,UxEHDofF,IbNLqAKw,10.0
293,0,KORPbuyR,UxEHDofF,10.0
293,0,JfIhOMTg,KORPbuyR,10.0
293,0,JdJprycd,JfIhOMTg,10.0
293,0,NqSePdAx,sceVWPKZ,2.0
143,0,wqGWmwVd,KIvXTDlT,1341.0
143,0,OQfDwOIF,wqGWmwVd,1547.0
143,0,mnkgCFDT,vHkAlmCm,2123.0
1398,0,QDIpIlEK,WtPVEKaC,875.0
1085,0,ddAfiRml,HHbKiMPc,76.0
1085,0,XfmqgVlB,ddAfiRml,76.0
1085,0,RldYRgxk,XfmqgVlB,76.0
1085,0,NmlfPGxe,RldYRgxk,76.0
1085,0,YlMTFYgN,NmlfPGxe,76.0
1085,0,pugbqfwh,YlMTFYgN,46.0
1085,0,INgMgzPi,pugbqfwh,84.0
1085,0,tKHOTHLP,INgMgzPi,84.0
245,0,owFNQNZv,pTTspriv,140.0
235,0,GnsXgGJX,YULSfngF,181.0
293,0,lxplrluY,yhXmuUeN,87.0
293,0,hCxxcqWU,lxplrluY,87.0
293,0,sceVWPKZ,hCxxcqWU,377.0
924,0,EYGEAZtD,eJBRTpyb,286.0
924,0,AJLJQqsT,EYGEAZtD,97.0
1180,0,nIakFMcq,PhjcDdmq,5265.0
1506,0,OXcUkifL,nIakFMcq,4521.0
1506,0,zUgDRwiy,OXcUkifL,4147.0
108,0,ngHNiWhD,xKAfsjzf,224.0
108,0,ZcBdJkwp,ngHNiWhD,224.0
924,0,dQfoCLXo,xfbmoJHP,1031.0
465,0,XXYtSQEl,WhRBEXGR,26.0
465,0,mSXRukCc,XXYtSQEl,4.0
853,0,xOHMcnRu,mSXRukCc,5.0
853,0,dCWftKsk,xOHMcnRu,62.0
853,0,PcvuCqyL,dCWftKsk,31.0
853,0,nhSXMXjw,nzTRQfUi,1.0
853,0,kjxfKqbD,nhSXMXjw,1.0
853,0,mSXRukCc,kjxfKqbD,1.0
1506,0,CsDsDrdU,OVaoEscJ,137.0
1506,0,nIakFMcq,vSdfqYeK,1319.0
1180,0,FldHcjZC,xfbmoJHP,1893.0
1180,0,zTUODYgn,FldHcjZC,3113.0
1180,0,PhjcDdmq,zTUODYgn,3149.0
1659,0,juEdhOMs,vfRjIFnr,241.0
1659,0,ocUywYfN,juEdhOMs,241.0
1659,0,cPMyJryL,ocUywYfN,241.0
1659,0,eiOwifcC,cPMyJryL,241.0
1180,0,nIakFMcq,eiOwifcC,416.0
1180,0,PhjcDdmq,KCqeuCwW,102.0
924,0,FbaONibz,SJvhYGxR,23.0
1066,0,UoWNmGnJ,HNejbQWJ,1928.0
1066,0,TatGKSDD,UoWNmGnJ,1928.0
419,0,dCWftKsk,neNWquOh,2839.0
924,0,ygaPVVOX,NjRgIRup,188.0
924,0,HdBHspFM,ygaPVVOX,393.0
924,0,DPEjcwqA,GfvuifIZ,142.0
924,0,TJeJnSDd,DPEjcwqA,142.0
924,0,ygaPVVOX,TJeJnSDd,203.0
924,0,rxrORjnb,eJBRTpyb,838.0
924,0,HdBHspFM,UVDfwOgc,10.0
313,0,TvGyfQSI,aaSaUDum,471.0
313,0,KjgVoxgR,TvGyfQSI,565.0
924,0,TJeJnSDd,KjgVoxgR,117.0
762,0,PcvuCqyL,RpAFtJSl,7.0
129,0,UVDfwOgc,rxrORjnb,4.0
129,0,HdBHspFM,UVDfwOgc,4.0
924,0,edTVGmZc,illGQStO,341.0
924,0,TJeJnSDd,edTVGmZc,365.0
1065,0,UVDfwOgc,rxrORjnb,78.0
1071,0,xunvufHj,nJRQzVZQ,12.0
1071,0,rxrORjnb,xunvufHj,12.0
1071,0,UVDfwOgc,rxrORjnb,12.0
924,0,xKeFZTyD,eymgjBxV,43.0
924,0,TJeJnSDd,xKeFZTyD,29.0
1068,0,UVDfwOgc,rxrORjnb,7.0
924,0,NcoKemSg,Jrutayet,5.0
924,0,rwLqimtK,NcoKemSg,4.0
924,0,FbaONibz,FQOgjaka,223.0
1071,0,YcVwXeam,BmBzVYhd,50.0
1071,0,DDFCohxX,YcVwXeam,50.0
1071,0,NfMyQHAw,DDFCohxX,50.0
924,0,xKeFZTyD,SJvhYGxR,16.0
1072,0,QHfelpAR,rYcBAOGh,4.0
1072,0,PcvuCqyL,QHfelpAR,4.0
762,0,PXPVuGmP,fQRLOpha,882.0
992,0,vNuEvleV,VriUyyDM,473.0
780,0,HeRuYpNs,ojqTFFWy,4054.0
780,0,LlpMjrks,HeRuYpNs,2496.0
1300,0,EVAUYvVR,bWAbaUPC,768.0
1506,0,zUgDRwiy,EVAUYvVR,1318.0
924,0,JUGtNdnF,MgruBUee,136.0
924,0,EonJeQKz,JUGtNdnF,47.0
924,0,SJvhYGxR,EonJeQKz,67.0
924,0,illGQStO,RqCzrtQl,12.0
235,0,VTHwomVj,bsQVAuyn,132.0
770,0,rxrORjnb,AlpXiRiW,33.0
770,0,UVDfwOgc,rxrORjnb,33.0
293,0,dvaPHMux,fjbmYxRB,1291.0
293,0,fjbmYxRB,KwXNMHkb,45.0
727,0,dvaPHMux,bOiSLYGO,284.0
924,0,AJLJQqsT,WmxXwpoc,6.0
293,0,qJgsxHch,mklbELhb,132.0
293,0,fjbmYxRB,qJgsxHch,132.0
924,0,rwLqimtK,PcvuCqyL,96.0
924,0,FQOgjaka,HfcobGNa,186.0
1066,0,HNejbQWJ,QOMpmplr,804.0
1066,0,PcvuCqyL,CfDISmMN,45.0
1066,0,QOMpmplr,PcvuCqyL,429.0
924,0,FQOgjaka,Jrutayet,13.0
1047,0,gIrHwcsI,ouHKxPGS,815.0
1065,0,TJDsQDoO,UVDfwOgc,77.0
1071,0,TJDsQDoO,UVDfwOgc,4.0
924,0,avRuCqLk,BvinbONJ,9.0
924,0,ExMxhtei,TJeJnSDd,351.0
924,0,TNTzUMyF,ExMxhtei,41.0
1512,0,RVEyrwjR,AXkvSZpr,7.0
853,0,yrlDljAC,IoxYvxeH,235.0
853,0,ygaPVVOX,yrlDljAC,748.0
1180,0,oXDhDxhT,xfbmoJHP,1359.0
1180,0,LYitljhu,gyedwqXM,715.0
1180,0,GIlSPhwi,LYitljhu,1521.0
1180,0,LAmktnrq,qflzswAf,1074.0
1180,0,LYitljhu,QYwjKQRO,891.0
712,0,RVGhYAxc,MlQcmexA,179.0
712,0,izUAPpdi,RVGhYAxc,57.0
1180,0,LYitljhu,VCQdmIoF,187.0
853,0,yrlDljAC,funWfCdm,392.0
916,0,czDOARXC,CyecXZGv,167.0
916,0,MjfuEiNR,czDOARXC,167.0
916,0,sdZgyTvj,MjfuEiNR,167.0
916,0,vcrPzYoe,sdZgyTvj,167.0
916,0,umgwnivO,vcrPzYoe,167.0
916,0,TuCFhCoF,umgwnivO,206.0
916,0,NnDAWHCn,TuCFhCoF,206.0
916,0,Kssiavoh,NnDAWHCn,206.0
916,0,pAoOtqpU,Kssiavoh,206.0
916,0,iKWenAnt,pAoOtqpU,204.0
916,0,oSDoGnju,iKWenAnt,202.0
419,0,rlRRFZPO,eYoPTdNP,2070.0
419,0,yrlDljAC,yQfeHodw,33.0
798,0,inAMLXyk,QDIpIlEK,268.0
1180,0,LAmktnrq,QewuHWYk,526.0
798,0,QDIpIlEK,GiONHkbf,1.0
762,0,VbMcfGsr,ljNlRbnZ,419.0
762,0,MttNRhjN,VbMcfGsr,28.0
762,0,uAaGlvRh,lPyqbuiQ,386.0
762,0,hFISFuCO,uAaGlvRh,386.0
367,0,wcUGKfLa,SEcoeimf,869.0
367,0,oFLgHrco,wcUGKfLa,678.0
367,0,yrWAEsGy,oFLgHrco,984.0
367,0,KnIeolpt,yrWAEsGy,657.0
367,0,FDrhtNjK,KnIeolpt,1194.0
762,0,hFISFuCO,FDrhtNjK,204.0
1435,0,xzbhGFLT,XiXLaJEL,894.0
1435,0,FjwhCXAK,xzbhGFLT,1117.0
1435,0,yfIoPTHo,FjwhCXAK,1212.0
1435,0,hFISFuCO,yfIoPTHo,116.0
762,0,HqehCtdr,wjdxsRuk,1261.0
762,0,hFISFuCO,ZVTOmRdq,32.0
762,0,dHuMOmqh,YnUujGmz,1509.0
736,0,iEKDTvNf,NxbXiMUL,2687.0
736,0,XFPAZveS,iEKDTvNf,2836.0
736,0,ojqTFFWy,XFPAZveS,460.0
762,0,hFISFuCO,BxmxkKGC,268.0
235,0,KDdzRmow,cttUtMNm,19.0
235,0,JYrrjUtU,bWAbaUPC,683.0
235,0,funWfCdm,JYrrjUtU,1742.0
1300,0,zgCGmKZn,ERcEoUXY,730.0
1300,0,adsviABF,zgCGmKZn,593.0
235,0,cEOIeJTR,CfleTooC,895.0
1318,0,rckblBTM,iGTcFnmF,1031.0
1180,0,waZdIIZY,rckblBTM,219.0
1318,0,MkXEUCdM,TdfMaTlB,206.0
1318,0,GkYZbgqg,MkXEUCdM,344.0
1180,0,gyedwqXM,GkYZbgqg,153.0
235,0,pbzudprk,mdGitRQe,1501.0
853,0,funWfCdm,CEZTRnUo,32.0
1506,0,CsDsDrdU,IubGYoNi,575.0
1506,0,vRWSdFEN,plWWPiMc,435.0
924,0,NCSBLEus,BHzRSlej,3.0
1662,0,XGJiqzLW,xSynUqPV,87.0
1180,0,xqQnPHkt,XiLvnZTk,237.0
1180,0,GJEXlFdt,xqQnPHkt,137.0
1180,0,izUAPpdi,GJEXlFdt,24.0
1180,0,RFLUsFpq,hSdNxZqe,507.0
1318,0,uijbLdHW,UUCrlfWg,520.0
1180,0,yQQuLFAg,LOIXCDqJ,5038.0
47,0,xfbmoJHP,ZijVddwt,21.0
1398,0,uXKxCjNA,fMrlznIn,290.0
1030,0,DHkaGHFf,wRTYbalx,224.0
780,0,KzCxlBoL,XFPAZveS,2312.0
780,0,DgYBMgPg,KzCxlBoL,2203.0
780,0,tnRCfdJr,DgYBMgPg,315.0
245,0,qflzswAf,slwzdYAd,291.0
762,0,PXPVuGmP,VEiYdotb,667.0
1085,0,EllpaOUu,PYaiedjY,656.0
1085,0,zjKsBdNQ,EllpaOUu,500.0
1085,0,nIbIRswk,zjKsBdNQ,731.0
1085,0,wBoWGskO,nIbIRswk,574.0
1085,0,ojqTFFWy,wBoWGskO,188.0
780,0,lOyAoICg,FZsFzszJ,151.0
780,0,ALhaazBT,lOyAoICg,151.0
780,0,LTfflVxG,ojqTFFWy,1085.0
245,0,MklhhYCQ,KyrNRMTR,333.0
1349,0,cSSpAgNQ,WUuNWUBH,273.0
1349,0,ChOayZDF,cSSpAgNQ,273.0
1349,0,MCXOFAcE,ChOayZDF,273.0
1349,0,CrEPfbyi,MCXOFAcE,273.0
1349,0,GrmAtQAi,CrEPfbyi,273.0
1349,0,iLbIERty,GrmAtQAi,273.0
1349,0,TPvicaCo,iLbIERty,291.0
1349,0,kzVeZOug,TPvicaCo,291.0
1349,0,mxGSpCzE,kzVeZOug,291.0
1349,0,WlZgmutc,mxGSpCzE,107.0
1349,0,acVCzwtl,WlZgmutc,106.0
1349,0,TIlepZYr,acVCzwtl,106.0
245,0,kjmHgYUi,pTTspriv,1093.0
245,0,NdHXpyCv,kjmHgYUi,926.0
245,0,JbCujTci,NdHXpyCv,855.0
1061,0,dbNaZeWx,IWkYeNgA,151.0
1066,0,NIAyNhca,HNejbQWJ,328.0
1066,0,fxsyxfZK,NIAyNhca,318.0
853,0,HpfZbCVA,dCWftKsk,167.0
853,0,QOMpmplr,HpfZbCVA,360.0
924,0,buTfkkhk,BpAiVnps,188.0
924,0,rwLqimtK,buTfkkhk,13.0
924,0,nJRQzVZQ,rwLqimtK,57.0
924,0,NJLhSMnp,dQfoCLXo,109.0
924,0,PcvuCqyL,RpAFtJSl,1.0
924,0,nJRQzVZQ,HyvnzuHA,102.0
924,0,AUrIxxcC,CfDISmMN,80.0
762,0,EonJeQKz,eymgjBxV,10.0
762,0,vkWqgNph,EonJeQKz,10.0
762,0,nJRQzVZQ,vkWqgNph,10.0
762,0,dQfoCLXo,HNejbQWJ,8.0
762,0,NJLhSMnp,dQfoCLXo,8.0
924,0,NJLhSMnp,FbaONibz,6.0
924,0,AKFNXFCk,TExCPNxk,5.0
924,0,GfvuifIZ,BvinbONJ,87.0
924,0,vkWqgNph,ExMxhtei,320.0
924,0,nJRQzVZQ,vkWqgNph,10.0
727,0,WhHfbZWj,lsBVGYKC,235.0
853,0,taPJzyhF,WhHfbZWj,8.0
853,0,NJLhSMnp,taPJzyhF,10.0
235,0,MnTeelLR,jFmPCmzM,525.0
235,0,BpAiVnps,MnTeelLR,1887.0
1395,0,HezLsNFQ,suszCmcx,171.0
770,0,hCKRONaA,DSVnhmbs,15.0
770,0,TGKbjQzH,hCKRONaA,15.0
770,0,nJRQzVZQ,TGKbjQzH,15.0
770,0,NJLhSMnp,cyLrdsLq,81.0
770,0,cyLrdsLq,AlpXiRiW,96.0
853,0,olAnplnl,SgmzKmGa,107.0
853,0,nzTRQfUi,olAnplnl,3.0
460,0,ppabfQGz,STSGJiIu,455.0
313,0,jsnedRvy,mnkgCFDT,369.0
313,0,PpWfKRbL,jsnedRvy,309.0
1660,0,bGxnPBxb,QRWCUyXY,12.0
1660,0,mvgVyONe,bGxnPBxb,12.0
1660,0,YlcUcHmr,mvgVyONe,12.0
1660,0,puuUveiG,YlcUcHmr,12.0
1660,0,CGfCHyje,puuUveiG,12.0
245,0,nCsqpnJo,kjmHgYUi,167.0
14,0,WIZPpGvl,nCsqpnJo,9.0
1119,0,EFaiAjAK,QQHZGEng,33.0
1119,0,eUBMdtJg,EFaiAjAK,33.0
1119,0,UxEHDofF,IbNLqAKw,4.0
1119,0,KORPbuyR,UxEHDofF,4.0
1119,0,JfIhOMTg,KORPbuyR,4.0
1119,0,JdJprycd,JfIhOMTg,4.0
1119,0,xjJdOfLG,JdJprycd,4.0
1119,0,QQHZGEng,xjJdOfLG,4.0
924,0,WmxXwpoc,EYGEAZtD,24.0
924,0,BpJuosmx,SclqdZtd,1.0
924,0,EYGEAZtD,iqwCaPZT,20.0
908,0,yTOnYgGF,EsTStEav,32.0
908,0,mXosqjnx,yTOnYgGF,34.0
908,0,bCbInHHL,mXosqjnx,39.0
908,0,crypOuMD,bCbInHHL,39.0
727,0,yTOnYgGF,gpaAUChy,2.0
1180,0,wzWDodFe,VMzKgUSR,2020.0
108,0,aHDoehBY,vPrJwoLq,588.0
108,0,WwbQwfXi,aHDoehBY,617.0
1119,0,FHCcBeVW,KvSvcvIL,19.0
477,0,hgHcWJof,LbKosGpD,869.0
477,0,zYpZYpOA,hgHcWJof,981.0
1180,0,lyEmHaNr,LAmktnrq,29.0
245,0,dimGAuTR,lyukJwbV,5.0
245,0,JbCujTci,dimGAuTR,5.0
1180,0,siPRjksc,JbCujTci,376.0
108,0,vPrJwoLq,jUExBSiR,6.0
1106,0,fFHpEWYG,XaVBQtHA,39.0
293,0,hqOmlOIp,xTmZZczv,15.0
293,0,mklbELhb,hqOmlOIp,15.0
235,0,MgruBUee,GnsXgGJX,1799.0
1180,0,dAjqsFfg,hTBkjNzq,16.0
1076,0,qRqIHRjS,ogOCBKAf,2344.0
1076,0,lCGwWknx,qRqIHRjS,107.0
1072,0,uVrlMgNx,lCGwWknx,13.0
1180,0,OgnAStiZ,VMzKgUSR,1378.0
1180,0,dAjqsFfg,OgnAStiZ,1539.0
1180,0,vacPrbQA,UckYThSh,8472.0
1072,0,RpAFtJSl,CfDISmMN,1.0
1072,0,PcvuCqyL,RpAFtJSl,1.0
1072,0,QOMpmplr,PcvuCqyL,1.0
1072,0,HNejbQWJ,QOMpmplr,11.0
1072,0,dQfoCLXo,HNejbQWJ,11.0
1072,0,euDckIMa,dQfoCLXo,11.0
1072,0,lodnRGFY,euDckIMa,11.0
1072,0,lCGwWknx,lodnRGFY,11.0
1072,0,lyEtzViy,NJLhSMnp,147.0
1072,0,uVrlMgNx,lyEtzViy,144.0
770,0,UlmLxwtK,DSVnhmbs,2.0
770,0,pVHZNTmW,cyLrdsLq,18.0
770,0,qLlyWzVq,pVHZNTmW,18.0
770,0,lyEtzViy,qLlyWzVq,18.0
770,0,uVrlMgNx,lyEtzViy,34.0
1111,0,cyLrdsLq,AlpXiRiW,14.0
1111,0,pVHZNTmW,cyLrdsLq,7.0
1111,0,qLlyWzVq,pVHZNTmW,7.0
1111,0,lGJIVvqE,qLlyWzVq,7.0
1111,0,CkiKkxJQ,lGJIVvqE,4.0
1111,0,AdloNpXg,CkiKkxJQ,2.0
1111,0,BmBzVYhd,AdloNpXg,2.0
1111,0,YcVwXeam,BmBzVYhd,2.0
1111,0,DDFCohxX,YcVwXeam,2.0
1111,0,NfMyQHAw,DDFCohxX,2.0
1111,0,PfZAlPvE,NfMyQHAw,2.0
1111,0,UlmLxwtK,PfZAlPvE,2.0
966,0,SogEaGxk,LjPncvCg,1.0
727,0,XAxmwtqw,SogEaGxk,5.0
727,0,mXosqjnx,XAxmwtqw,5.0
908,0,uNHtUGfb,crypOuMD,33.0
273,0,nwGGoSvm,wuyFtExA,4.0
908,0,vOivHtRX,uNHtUGfb,24.0
924,0,EonJeQKz,xfbmoJHP,226.0
924,0,ExMxhtei,EonJeQKz,105.0
762,0,eymgjBxV,zUgDRwiy,50.0
762,0,vitXJVTB,NJLhSMnp,18.0
762,0,DPEjcwqA,vitXJVTB,17.0
762,0,AKFNXFCk,DPEjcwqA,17.0
122,0,yTictHOU,TJDsQDoO,348.0
924,0,iqwCaPZT,zqZasXpA,10.0
924,0,wuQzPlvL,iqwCaPZT,2.0
762,0,spmlaYUs,qIuTLVvj,1.0
762,0,qqDoWQdv,spmlaYUs,1.0
762,0,eymgjBxV,qqDoWQdv,1.0
762,0,MbBQjXCf,PXPVuGmP,68.0
357,0,cniBuICf,EkWBPXmr,5145.0
357,0,YmkUpvHU,cniBuICf,2034.0
143,0,NrNaZyPp,YmkUpvHU,1349.0
143,0,mexFgKBp,NrNaZyPp,1186.0
401,0,cXqKNsgk,alaJPSTW,105.0
401,0,ALhaazBT,cXqKNsgk,1021.0
712,0,dAjqsFfg,BpAiVnps,359.0
1178,0,WyfCQhSW,dAjqsFfg,355.0
1076,0,VfuMcuJJ,WyfCQhSW,416.0
1072,0,GhOGJPtU,VfuMcuJJ,73.0
712,0,YpVxAvQG,ubzklVlS,144.0
1072,0,ZsNhjIbg,uVrlMgNx,206.0
1072,0,GhOGJPtU,ZsNhjIbg,206.0
1072,0,tZcBjHOF,lCGwWknx,10.0
1072,0,VfuMcuJJ,tZcBjHOF,10.0
401,0,WyfCQhSW,ojqTFFWy,1718.0
1076,0,XaMitbnP,qNEatmrc,23.0
1066,0,LdNZcaVd,TatGKSDD,1893.0
293,0,hCxxcqWU,YxUFlvZH,41.0
1066,0,PcvuCqyL,RpAFtJSl,7.0
293,0,eJBRTpyb,JdJprycd,29.0
762,0,xunvufHj,nJRQzVZQ,4.0
762,0,rxrORjnb,xunvufHj,8.0
924,0,edTVGmZc,TWTKfAgl,3.0
1506,0,WFZVQzrl,BpAiVnps,7944.0
1506,0,FYonLsVT,WFZVQzrl,6362.0
1506,0,zUgDRwiy,FYonLsVT,7552.0
143,0,tcbhlVZo,zjGRmLyo,4537.0
924,0,QOMpmplr,NCSBLEus,1.0
1506,0,FYonLsVT,LKVeVUNI,1239.0
853,0,dQfoCLXo,FhKkSAFH,21.0
1263,0,hpACGGyB,jaCrAUFK,107.0
1263,0,EVAUYvVR,hpACGGyB,101.0
853,0,xOHMcnRu,eusqYKWT,7.0
1567,0,FCsbIOBe,aWNaUdzp,25.0
1567,0,wyEQXfIU,FCsbIOBe,25.0
1567,0,aRKvwhNi,wyEQXfIU,25.0
853,0,HpfZbCVA,FFGyTMvJ,193.0
1221,0,qVxAOUMG,RMvkOcpU,325.0
1221,0,WIZPpGvl,qVxAOUMG,21.0
1591,0,urhYpysk,TGjXCzny,507.0
1591,0,YzXnYVPd,aGRhAFxn,111.0
1591,0,TEKQTTfp,YzXnYVPd,49.0
1591,0,ciAbSxQX,TEKQTTfp,37.0
1591,0,ZIPCqImv,ciAbSxQX,26.0
1591,0,aWNaUdzp,ZIPCqImv,26.0
1591,0,FCsbIOBe,aWNaUdzp,8.0
1591,0,wyEQXfIU,FCsbIOBe,8.0
1591,0,gGjwcdJB,wyEQXfIU,8.0
1568,0,fyqDJAhS,UgzfanVk,323.0
736,0,ALhaazBT,vyojaKRU,1450.0
780,0,qPtpgxic,ejMjPdTH,5955.0
924,0,zmlEwfKx,JUGtNdnF,90.0
924,0,Jrutayet,BvLvsPYo,265.0
924,0,VKAAZZOV,sXWHYDNZ,482.0
293,0,xewbkqhz,iFderoVa,704.0
924,0,xfbmoJHP,qGnNRXVR,3.0
924,0,Vtdujofe,sTaleXyI,2.0
924,0,TWTKfAgl,Vtdujofe,2.0
924,0,zmlEwfKx,TWTKfAgl,1.0
924,0,VKAAZZOV,TJDsQDoO,131.0
992,0,VriUyyDM,kbNsckqG,1.0
1505,0,BpAiVnps,fmQEzQWV,31.0
924,0,KjgVoxgR,HFYkXdPG,16.0
924,0,TExCPNxk,sTaleXyI,3.0
924,0,nxBXRnVc,TExCPNxk,1.0
924,0,FDJgmOaw,nJRQzVZQ,14.0
924,0,nxBXRnVc,FDJgmOaw,2.0
924,0,FQOgjaka,LpwxWatG,1.0
924,0,RpAFtJSl,EYGEAZtD,436.0
924,0,buTfkkhk,RpAFtJSl,436.0
924,0,NcoKemSg,buTfkkhk,204.0
924,0,HfcobGNa,NcoKemSg,9.0
1180,0,UhAwQaaX,rckblBTM,211.0
924,0,FbaONibz,dQfoCLXo,873.0
762,0,EKGAgXOm,veAXvdUO,97.0
858,0,jkZnMKOY,zqZasXpA,2.0
858,0,yTictHOU,TJDsQDoO,1.0
858,0,sTaleXyI,yTictHOU,1.0
858,0,illGQStO,sTaleXyI,1.0
858,0,AUrIxxcC,illGQStO,1.0
858,0,zqZasXpA,AUrIxxcC,1.0
858,0,DJFnuQGw,KAhfQHTl,2.0
858,0,jkZnMKOY,DJFnuQGw,2.0
1076,0,tZcBjHOF,ogOCBKAf,1355.0
1076,0,zWZbZUaa,tZcBjHOF,1361.0
1076,0,bYNwHuWo,zWZbZUaa,750.0
1076,0,TEpDjcLc,bYNwHuWo,172.0
1072,0,CYkmgDbv,TEpDjcLc,170.0
1180,0,fytASSfG,AKEMZMhk,150.0
1072,0,qTvRhwtK,gmiMCrrb,168.0
1076,0,bYNwHuWo,ZFKsyBay,97.0
1072,0,cXzNtQka,SgmzKmGa,64.0
1076,0,tUQXHMzJ,cXzNtQka,1158.0
1076,0,AlpXiRiW,tUQXHMzJ,1348.0
1072,0,TEpDjcLc,AlpXiRiW,90.0
401,0,bYNwHuWo,WyfCQhSW,19.0
1072,0,lnzZDlDL,VfuMcuJJ,7.0
1072,0,AlpXiRiW,lnzZDlDL,7.0
1072,0,WOuDNhbw,GhOGJPtU,192.0
1072,0,oWUXSqrA,WOuDNhbw,37.0
1072,0,CYkmgDbv,oWUXSqrA,37.0
1180,0,VFLsoIHD,wFSILCzc,846.0
1180,0,fytASSfG,VFLsoIHD,828.0
108,0,tDDddUJb,FyIjwLBj,410.0
108,0,GrxyFhrL,tDDddUJb,159.0
1076,0,YjKQPWoa,Hjpeultj,212.0
1076,0,cXzNtQka,nfCzcTzh,1257.0
1180,0,NmJVuAxS,BJDTCJYP,783.0
1340,0,GDiQpvtB,JxFLnqJu,544.0
1340,0,fGmFhgnx,GDiQpvtB,635.0
1340,0,ogOCBKAf,fGmFhgnx,368.0
1071,0,CkiKkxJQ,lGJIVvqE,10.0
1071,0,AdloNpXg,CkiKkxJQ,8.0
1071,0,BmBzVYhd,AdloNpXg,15.0
1072,0,AlpXiRiW,RoreEsYU,45.0
924,0,LpwxWatG,nJRQzVZQ,1.0
924,0,dQfoCLXo,LpwxWatG,25.0
720,0,taPJzyhF,QDIpIlEK,328.0
720,0,mhgPTzcZ,taPJzyhF,1.0
720,0,RCkelXPh,mhgPTzcZ,3.0
720,0,uXKxCjNA,RCkelXPh,3.0
720,0,FhKkSAFH,uXKxCjNA,16.0
565,0,vcCubJJz,VEafRBFt,7.0
1472,0,ajCBPuBp,OqBnJDkE,98.0
1472,0,IulxyPoH,ajCBPuBp,98.0
127,0,CtzBEXfZ,SgmzKmGa,2.0
127,0,RpAFtJSl,CtzBEXfZ,2.0
127,0,PcvuCqyL,RpAFtJSl,2.0
127,0,ItWJsmqN,PcvuCqyL,2.0
465,0,TdfMaTlB,xMwzCIXQ,2579.0
465,0,bjPEDqek,TdfMaTlB,896.0
465,0,YctaenCe,bjPEDqek,907.0
465,0,WhRBEXGR,YctaenCe,216.0
465,0,hSRFRBsa,WhRBEXGR,163.0
720,0,kjxfKqbD,qflzswAf,1542.0
924,0,vkWqgNph,buTfkkhk,553.0
924,0,HyvnzuHA,vkWqgNph,837.0
924,0,EYGEAZtD,AszcEtOu,87.0
924,0,HyvnzuHA,xKeFZTyD,31.0
924,0,dQfoCLXo,HNejbQWJ,140.0
924,0,HyvnzuHA,SJvhYGxR,12.0
929,0,HyvnzuHA,QFazRNUC,31.0
924,0,buTfkkhk,BvLvsPYo,11.0
924,0,xunvufHj,FDJgmOaw,10.0
924,0,FbaONibz,xunvufHj,9.0
912,0,AUrIxxcC,sqkVVOFh,224.0
916,0,FgmIokcD,VNhVtVFP,27.0
916,0,gcIdZvqz,FgmIokcD,37.0
916,0,PRSWWHtT,gcIdZvqz,37.0
916,0,cTiyrkFA,PRSWWHtT,37.0
916,0,CyecXZGv,cTiyrkFA,46.0
762,0,qIuTLVvj,HeidvHXY,121.0
762,0,mgDGiHEE,zUgDRwiy,9413.0
762,0,HeidvHXY,ygaPVVOX,10.0
762,0,UgdUAhSn,CfDISmMN,797.0
762,0,IulxyPoH,MbBQjXCf,66.0
762,0,HIkBoDID,AKFNXFCk,12.0
762,0,FBcFacnd,HIkBoDID,4.0
762,0,URVlPKPB,FBcFacnd,4.0
924,0,NCSBLEus,jjHnlXVx,3.0
121,0,qIuTLVvj,MgfOYJbA,1.0
762,0,HcKLTTXk,rAXDXBKw,3.0
853,0,QHFmFyLR,EkWBPXmr,2.0
853,0,GiONHkbf,QHFmFyLR,3.0
853,0,qflzswAf,GiONHkbf,12.0
853,0,FBcFacnd,qflzswAf,2.0
853,0,URVlPKPB,FBcFacnd,15.0
762,0,fQRLOpha,YVGWiGkc,94.0
597,0,wzaIlAwh,VQfPRvUw,1.0
924,0,BvinbONJ,FbaONibz,13.0
477,0,RFaTWaew,UZvsWvxC,101.0
419,0,MEVzYGii,xnBCUPNx,199.0
1512,0,WFZVQzrl,FjwhCXAK,181.0
1512,0,SEVBrkvc,QDIpIlEK,2230.0
139,0,VKJFREzF,rhOosuOh,47.0
139,0,EvOnizWo,VKJFREzF,54.0
139,0,PjaElYBL,EvOnizWo,54.0
139,0,YvwuVYMF,PjaElYBL,54.0
1682,0,qrkdOgPU,NKGBUaFm,39.0
899,0,QBDSVwgM,PTCqqgjS,54.0
899,0,PfzzVLdD,QBDSVwgM,99.0
899,0,yRZHSCWE,PfzzVLdD,97.0
899,0,rCrvifMW,yRZHSCWE,97.0
899,0,aPOYjvXT,rCrvifMW,97.0
780,0,VEiYdotb,HJijptKA,4.0
903,0,ZXZRiXZk,eCAYEbtu,84.0
903,0,lHJswKjJ,ZXZRiXZk,93.0
903,0,mOIvxNWl,lHJswKjJ,93.0
903,0,knEDXVsi,mOIvxNWl,93.0
903,0,fwLjTwPH,knEDXVsi,93.0
903,0,pNPkNoga,fwLjTwPH,95.0
903,0,rhOosuOh,pNPkNoga,91.0
903,0,VKJFREzF,rhOosuOh,91.0
903,0,EvOnizWo,VKJFREzF,91.0
903,0,PjaElYBL,EvOnizWo,91.0
903,0,YvwuVYMF,PjaElYBL,91.0
924,0,JUGtNdnF,CfDISmMN,1.0
924,0,wIAALBva,GfvuifIZ,37.0
924,0,DJxHBCmY,wIAALBva,217.0
924,0,DJxHBCmY,HyvnzuHA,19.0
924,0,NcoKemSg,BvLvsPYo,1.0
924,0,UosQUisT,NcoKemSg,196.0
924,0,wIAALBva,avRuCqLk,10.0
930,0,ftNxmWZm,BOfkKWXd,85.0
930,0,yFvgNkDl,ftNxmWZm,85.0
930,0,lDGKQeaf,yFvgNkDl,85.0
930,0,BOfkKWXd,HyvnzuHA,22.0
930,0,wSxpBpYI,lDGKQeaf,52.0
762,0,VbMcfGsr,NjRgIRup,1677.0
762,0,MgfOYJbA,VbMcfGsr,5.0
120,0,vhEQWrWH,vpSWiOiP,3.0
1076,0,hPGLMLbU,ogOCBKAf,1470.0
1076,0,euDckIMa,hPGLMLbU,205.0
1076,0,rvjuJASP,euDckIMa,205.0
762,0,veAXvdUO,oaiHprKy,13.0
762,0,spmlaYUs,veAXvdUO,13.0
853,0,dROKJpRC,URVlPKPB,20.0
853,0,UNRVYnCk,dROKJpRC,20.0
1076,0,UNRVYnCk,KAhfQHTl,60.0
1076,0,LggEHwJM,vHItlPPU,41.0
1076,0,FrKNovDQ,LggEHwJM,41.0
1076,0,YjKQPWoa,FrKNovDQ,78.0
912,0,DXDxufRt,sqkVVOFh,3.0
912,0,zqZasXpA,DXDxufRt,3.0
762,0,vpSWiOiP,URVlPKPB,2.0
762,0,BvsSDYgP,vpSWiOiP,4.0
762,0,dQOncjgh,mgDGiHEE,1088.0
762,0,QiaFfhxS,dQOncjgh,982.0
762,0,rilNZKmg,QiaFfhxS,3.0
762,0,vjFpNILE,hFISFuCO,376.0
762,0,mdiSFJRM,vjFpNILE,376.0
762,0,rilNZKmg,mdiSFJRM,3.0
924,0,zmlEwfKx,iqwCaPZT,8.0
1119,0,QjcDKOzv,eUBMdtJg,23.0
1119,0,RUTwxhGS,QjcDKOzv,23.0
1119,0,uCoCFrtM,RUTwxhGS,23.0
1119,0,QzziCuGD,uCoCFrtM,23.0
1119,0,WmKWqOVN,QzziCuGD,23.0
1119,0,QBspXqKX,WmKWqOVN,23.0
1119,0,qYzIAyEg,QBspXqKX,23.0
1119,0,ZdKqQSZH,qYzIAyEg,23.0
1119,0,mSHqQduu,ZdKqQSZH,23.0
1119,0,MuzbvXqA,mSHqQduu,23.0
1119,0,qrudAScT,MuzbvXqA,23.0
37,0,vpgWwDZB,CKldDLYq,760.0
37,0,rPcYYZtd,vpgWwDZB,67.0
762,0,mgDGiHEE,OhBAPvsb,217.0
911,0,pfeYSjby,kUJgeRIS,288.0
798,0,nEXpIbiD,fubLBmAl,285.0
798,0,eTJQHplR,nEXpIbiD,57.0
798,0,lUWTaWkd,eTJQHplR,327.0
762,0,GWRhXmMO,VbMcfGsr,969.0
762,0,OhBAPvsb,iPmhSqDk,176.0
37,0,rZoajhYh,rloRqLNl,88.0
762,0,dQOncjgh,HqehCtdr,145.0
911,0,kUJgeRIS,rvGAYltM,60.0
465,0,ojqTFFWy,TShNRujB,1176.0
762,0,rvGAYltM,hFISFuCO,180.0
1198,0,DzkWADkh,bvSKVAYv,269.0
912,0,ltPLChrK,vyQyYYqJ,76.0
912,0,FwvYcAgk,ltPLChrK,105.0
635,0,uSZbdBno,rsJSqETv,37.0
635,0,YJykDsrc,uSZbdBno,37.0
313,0,fmQEzQWV,qqQgwpPP,256.0
235,0,SOBUilCD,mdGitRQe,1159.0
751,0,ZPJGdbAJ,BsiptQCD,14.0
751,0,xfbmoJHP,ZPJGdbAJ,1.0
401,0,eGbCulMV,bYNwHuWo,97.0
401,0,CbcrfuAf,eGbCulMV,113.0
1085,0,PkIPVRtB,yQmtaWgt,305.0
1085,0,ojqTFFWy,PkIPVRtB,284.0
1076,0,EnXcRLvh,lCGwWknx,92.0
1076,0,QHfelpAR,rYcBAOGh,456.0
1076,0,RapSzmXO,QHfelpAR,415.0
47,0,ogOCBKAf,VCQdmIoF,1.0
930,0,HyvnzuHA,UAwQbGIv,7.0
401,0,qYsYtTjJ,qWvzRbGV,690.0
401,0,waZdIIZY,qYsYtTjJ,40.0
1180,0,dfrJZjmW,NjRgIRup,44.0
1180,0,AFcMAvOI,dfrJZjmW,44.0
401,0,knSDhEIY,nfCzcTzh,431.0
401,0,NRaiNGwl,knSDhEIY,706.0
1180,0,GIlSPhwi,siPRjksc,26.0
853,0,cPCRxZjy,DeiIsjyA,1.0
853,0,QHFmFyLR,cPCRxZjy,1.0
1102,0,AszcEtOu,yGnjFAhM,4.0
1452,0,orpkgmYq,EPWXwPSq,626.0
77,0,MBTcSIip,XkkxwlXm,24.0
80,0,tjYcJLRB,ZFSCrBEp,17.0
77,0,cVeADzkw,BDSRgQTg,130.0
77,0,XJRnAJHc,cVeADzkw,130.0
77,0,cTQVugNT,MwUoGUHv,905.0
47,0,QYwjKQRO,nIakFMcq,96.0
77,0,beniIHzL,ZIvIwqTW,917.0
77,0,LfENZYTF,beniIHzL,129.0
1102,0,MEtvPAvc,rwSrBzDN,54.0
1102,0,GqIywbYh,MEtvPAvc,51.0
1102,0,wRFZkBWU,GqIywbYh,50.0
1102,0,oGtLXKlU,AqLhpCGg,92.0
1102,0,fpLsOzrX,oGtLXKlU,152.0
780,0,oeTroIck,BsovYeFI,521.0
780,0,lhSIyIfw,oeTroIck,611.0
1076,0,bfKiOFsS,PRzaSxQc,100.0
401,0,KbKyxild,pGpZhRvq,99.0
912,0,AUBTKFbY,ehvgRqdw,65.0
912,0,fjevhefZ,AUBTKFbY,509.0
912,0,wBOkqIeG,fjevhefZ,67.0
912,0,KcvPUxQg,wBOkqIeG,67.0
912,0,BcAnDlhE,KcvPUxQg,9.0
912,0,NCSBLEus,BcAnDlhE,3.0
912,0,mEqtlIiP,NCSBLEus,3.0
912,0,TJDsQDoO,mEqtlIiP,3.0
205,0,HefnspWQ,czFfIymd,401.0
205,0,lDeAZniB,HefnspWQ,386.0
205,0,sDgMDbLK,lDeAZniB,386.0
616,0,IIzQthVA,bpXNEOYE,85.0
460,0,FXEtzSuC,SvGtXrYj,276.0
313,0,DYKvrufv,IubGYoNi,47.0
313,0,DYKvrufv,AszcEtOu,416.0
14,0,RjtzWJgw,xiCfcAgb,9.0
836,0,ckoHNDVp,TdXLhpcB,562.0
1174,0,louTHuTF,jpQxXiev,533.0
1174,0,oVtKGSMs,louTHuTF,533.0
1174,0,kekwMubZ,oVtKGSMs,532.0
1174,0,xFzHIeRy,kekwMubZ,532.0
1174,0,qnfbEQfU,xFzHIeRy,532.0
1174,0,BGiGDHMe,qnfbEQfU,532.0
1174,0,VycUzKpr,BGiGDHMe,532.0
1174,0,ZzGQqLDR,VycUzKpr,543.0
1174,0,IlgMmocA,ZzGQqLDR,543.0
1174,0,ARQSeSoV,IlgMmocA,543.0
108,0,CMzYUzyh,SrmEoNnE,720.0
108,0,CJTVPZbh,CMzYUzyh,720.0
108,0,DLAIfXxc,CJTVPZbh,819.0
155,0,qGKRSiRy,zLLRyPMt,75.0
155,0,PayqNnwn,qGKRSiRy,72.0
155,0,xFzHIeRy,PayqNnwn,72.0
155,0,qnfbEQfU,xFzHIeRy,72.0
155,0,BGiGDHMe,qnfbEQfU,72.0
155,0,VycUzKpr,BGiGDHMe,72.0
155,0,ZzGQqLDR,VycUzKpr,72.0
155,0,IlgMmocA,ZzGQqLDR,72.0
155,0,ARQSeSoV,IlgMmocA,72.0
155,0,QEnOoljA,ARQSeSoV,51.0
155,0,aLyOqIFS,QEnOoljA,30.0
1176,0,WdOwNGhj,TCQmGnBb,5.0
1170,0,qGKRSiRy,nPcSKLPs,197.0
1170,0,PayqNnwn,qGKRSiRy,195.0
1170,0,xFzHIeRy,PayqNnwn,195.0
1170,0,qnfbEQfU,xFzHIeRy,195.0
1170,0,BGiGDHMe,qnfbEQfU,195.0
1170,0,VycUzKpr,BGiGDHMe,195.0
1170,0,ZzGQqLDR,VycUzKpr,195.0
1170,0,IlgMmocA,ZzGQqLDR,195.0
1170,0,ARQSeSoV,IlgMmocA,195.0
1170,0,QEnOoljA,ARQSeSoV,134.0
1170,0,aLyOqIFS,QEnOoljA,134.0
1170,0,UmISPPJO,aLyOqIFS,134.0
1170,0,VPUbGzfh,UmISPPJO,134.0
1170,0,MVExtcyL,VPUbGzfh,134.0
1170,0,bciZjPUu,MVExtcyL,134.0
1170,0,ogOCBKAf,bciZjPUu,127.0
1170,0,BdHFoOCD,LXkzXiZv,104.0
1170,0,IWPekdjH,BdHFoOCD,112.0
1170,0,nPcSKLPs,IWPekdjH,112.0
736,0,TabXWeiJ,XLVjRryq,113.0
736,0,XNqNMdqz,TabXWeiJ,666.0
736,0,HeSMGtlu,XNqNMdqz,176.0
401,0,kgNzHUbI,ZcOxufIN,7.0
401,0,RVEyrwjR,IUBOlCKA,515.0
401,0,gzTQJVMW,RVEyrwjR,68.0
727,0,VjdckTjW,GnsXgGJX,199.0
727,0,aUPouXsN,VjdckTjW,149.0
727,0,SlfNpref,aUPouXsN,149.0
727,0,qflzswAf,SlfNpref,149.0
1076,0,oKUAvFAb,VfuMcuJJ,362.0
1072,0,lCGwWknx,lyEtzViy,3.0
1076,0,QFkvaGqn,lCGwWknx,45.0
1076,0,rvjuJASP,UNRVYnCk,41.0
1076,0,BLgEghTV,rvjuJASP,41.0
1076,0,lCGwWknx,BLgEghTV,41.0
853,0,snhIMWCK,EnXcRLvh,34.0
853,0,oKUAvFAb,snhIMWCK,34.0
1076,0,YjKQPWoa,tUQXHMzJ,21.0
1076,0,zjOknQHK,CRVKBFrv,47.0
1076,0,FrKNovDQ,zjOknQHK,19.0
1076,0,zjOknQHK,suvDbtPR,12.0
1076,0,MFfExqBx,bYNwHuWo,646.0
1076,0,PORiPCGC,MFfExqBx,663.0
1076,0,VfuMcuJJ,zWZbZUaa,255.0
1072,0,eypuAxqa,ORrZduNE,16.0
1072,0,DSVnhmbs,eypuAxqa,16.0
762,0,aviECmtd,bSXtWlOz,22.0
762,0,PQDqFTyk,aviECmtd,143.0
762,0,OhBAPvsb,PQDqFTyk,230.0
762,0,kUJgeRIS,rvGAYltM,107.0
798,0,fubLBmAl,DOGyniWl,234.0
565,0,SOzmnmNW,PQDqFTyk,534.0
565,0,OhBAPvsb,SOzmnmNW,474.0
736,0,iGMYbQYg,ZgqhsueA,3099.0
565,0,LWMiptXI,adAJVrkD,200.0
565,0,IdjjXnkI,LWMiptXI,200.0
565,0,qQFDKzdu,IdjjXnkI,200.0
912,0,jZLvbydT,AUrIxxcC,202.0
912,0,nJRQzVZQ,jZLvbydT,10.0
762,0,hFISFuCO,AJLJQqsT,76.0
762,0,HcKLTTXk,qqDoWQdv,8.0
912,0,ltPLChrK,KKHFrKGl,29.0
762,0,HeidvHXY,bPGbdmLB,2.0
762,0,pLpkESor,MttNRhjN,13.0
912,0,illGQStO,pNfwvVoI,1.0
1085,0,JYjcxadu,tKHOTHLP,64.0
245,0,AszcEtOu,yRjqmRuq,66.0
1076,0,tUQXHMzJ,CRVKBFrv,826.0
1076,0,nfCzcTzh,UXEWVZzP,610.0
401,0,cXqKNsgk,ojqTFFWy,683.0
401,0,KjiBWoqR,ALhaazBT,925.0
1076,0,AlpXiRiW,KjiBWoqR,3167.0
1076,0,momDhuqe,AlpXiRiW,124.0
853,0,sWtYImJU,oKUAvFAb,1.0
853,0,momDhuqe,sWtYImJU,1.0
1076,0,UvdLYolu,TIlepZYr,252.0
1076,0,KjiBWoqR,UvdLYolu,372.0
401,0,yYShGLTs,PyGiRErs,903.0
401,0,eGbCulMV,yYShGLTs,731.0
1076,0,CRVKBFrv,eGbCulMV,194.0
924,0,SJvhYGxR,LpwxWatG,9.0
924,0,rwLqimtK,vkWqgNph,22.0
924,0,vkWqgNph,SJvhYGxR,1.0
924,0,buTfkkhk,EonJeQKz,99.0
1076,0,Hjpeultj,cXzNtQka,162.0
108,0,RVGhYAxc,GrxyFhrL,90.0
1076,0,Hjpeultj,tUQXHMzJ,264.0
924,0,EYGEAZtD,zqZasXpA,1.0
1076,0,qTvRhwtK,ZYiWVpjK,97.0
1076,0,SGnJOquj,qTvRhwtK,22.0
1072,0,NjRgIRup,vHItlPPU,11.0
1072,0,HNejbQWJ,RapSzmXO,5.0
1076,0,ogOCBKAf,QYkjMXrW,276.0
235,0,SOBUilCD,QoKDjrWo,1728.0
1076,0,VPnRvCbn,LggEHwJM,11.0
1076,0,zPQeyVVD,TEpDjcLc,67.0
401,0,bYtHLndm,VMzKgUSR,883.0
401,0,XeinAhyy,bYtHLndm,1.0
401,0,pGpZhRvq,XeinAhyy,16.0
1076,0,VPnRvCbn,bfKiOFsS,17.0
1072,0,VPnRvCbn,ORrZduNE,85.0
401,0,bYNwHuWo,yYShGLTs,29.0
401,0,erxKyHjj,gzTQJVMW,154.0
1076,0,qTvRhwtK,ZOuLYtJj,375.0
1076,0,RapSzmXO,qTvRhwtK,422.0
1076,0,UNRVYnCk,RapSzmXO,265.0
736,0,cCtcUCYS,SwTowoaO,114.0
736,0,YvwuVYMF,cCtcUCYS,139.0
401,0,ZOuLYtJj,YvwuVYMF,235.0
1178,0,ogOCBKAf,tJbXQuOE,195.0
736,0,ZnZTVhpc,GjpldjkU,28.0
736,0,gzTQJVMW,ZnZTVhpc,52.0
1226,0,zjKsBdNQ,puwcRgFs,112.0
401,0,ZOuLYtJj,TikfrWrm,219.0
401,0,qYsYtTjJ,XpaxRhYo,3.0
401,0,TikfrWrm,waZdIIZY,31.0
401,0,RyPegcUV,ZUUFaTkv,171.0
401,0,MFfExqBx,RyPegcUV,194.0
401,0,erxKyHjj,MFfExqBx,344.0
401,0,TikfrWrm,gGkadTNm,2.0
47,0,yQQuLFAg,cNWTidvb,363.0
1085,0,EzrJiyuu,imyhTmbO,65.0
1085,0,mZAcIEme,EzrJiyuu,49.0
1085,0,nIbIRswk,mZAcIEme,8.0
401,0,ogOCBKAf,KbKyxild,2182.0
1085,0,zZZsLLct,riqYNvhO,783.0
1085,0,qYsYtTjJ,ljAdwZQx,9233.0
1085,0,eJIFTpTd,WneZtuRq,2031.0
1085,0,qYsYtTjJ,eJIFTpTd,1639.0
1083,0,TikfrWrm,zBmTBInm,563.0
1037,0,aJLjpITr,bOLOjiIO,729.0
1037,0,IkEoBHlk,TPJRAOrt,653.0
1037,0,NIHIRqnZ,IkEoBHlk,653.0
1037,0,bOLOjiIO,NIHIRqnZ,691.0
1037,0,puwcRgFs,MvGjEBBL,408.0
1037,0,zjKsBdNQ,puwcRgFs,110.0
1037,0,nAqhCgXt,zjKsBdNQ,51.0
1037,0,zZZsLLct,nAqhCgXt,2.0
16,0,YULSfngF,CLjYTiBy,43.0
924,0,TJeJnSDd,NjRgIRup,74.0
762,0,MgfOYJbA,rilNZKmg,1.0
762,0,fPhIOSOj,bSXtWlOz,8.0
762,0,JzyLKajw,fPhIOSOj,12.0
762,0,bSXtWlOz,MbBQjXCf,6.0
561,0,hFISFuCO,TQhrUKrf,1.0
762,0,fQRLOpha,hFISFuCO,3.0
780,0,hvwrhWFk,HeRuYpNs,19.0
762,0,fPhIOSOj,CgMBzfIg,6.0
924,0,Vtdujofe,jjHnlXVx,6.0
924,0,xzbcUqWQ,Vtdujofe,3.0
924,0,eebyhqqT,sTaleXyI,3.0
762,0,dHuMOmqh,HqehCtdr,997.0
762,0,KVgMjZao,BxmxkKGC,5.0
401,0,RVEyrwjR,WyfCQhSW,1316.0
924,0,JmVfbKXA,AJLJQqsT,5.0
924,0,BhcHYWlb,NcoKemSg,1.0
924,0,qqDoWQdv,BhcHYWlb,1.0
912,0,IsszqyIy,VCQdmIoF,394.0
912,0,AUBTKFbY,IsszqyIy,395.0
912,0,WoPCDSeI,fjevhefZ,455.0
912,0,KKHFrKGl,WoPCDSeI,456.0
990,0,DzkWADkh,gmiMCrrb,123.0
990,0,MjMnNBLG,DzkWADkh,123.0
912,0,NCSBLEus,AJLJQqsT,10.0
912,0,xfbmoJHP,NCSBLEus,10.0
912,0,WdOwNGhj,xfbmoJHP,18.0
912,0,kKKRBhFF,WdOwNGhj,10.0
912,0,smhnGuEj,kKKRBhFF,102.0
912,0,pzcCDVmZ,smhnGuEj,114.0
912,0,AUBTKFbY,pzcCDVmZ,49.0
1198,0,JZGNdgml,tldUULAx,8.0
1198,0,MjMnNBLG,JZGNdgml,9.0
912,0,pNfwvVoI,sTaleXyI,15.0
912,0,kKKRBhFF,pNfwvVoI,20.0
912,0,yTictHOU,TJDsQDoO,14.0
912,0,sTaleXyI,yTictHOU,14.0
912,0,sqkVVOFh,illGQStO,156.0
912,0,VCQdmIoF,NFInfBeu,90.0
924,0,CfDISmMN,ZbMvdFLw,54.0
762,0,RqCzrtQl,EKGAgXOm,871.0
762,0,CfDISmMN,RqCzrtQl,850.0
911,0,kaZSJtsS,pfeYSjby,85.0
911,0,DBpmioGn,kaZSJtsS,85.0
911,0,KKHFrKGl,DBpmioGn,85.0
912,0,hnwTnEQV,wBOkqIeG,7.0
912,0,IKquIbHX,hnwTnEQV,18.0
912,0,oGdoEyKI,IKquIbHX,15.0
912,0,pzcCDVmZ,oGdoEyKI,15.0
912,0,NbdCRqNf,SteiLorf,16.0
912,0,smhnGuEj,NbdCRqNf,13.0
912,0,mEqtlIiP,jZLvbydT,1.0
912,0,pNfwvVoI,mEqtlIiP,1.0
912,0,gOHjFflk,BcAnDlhE,9.0
912,0,SteiLorf,gOHjFflk,8.0
916,0,gcglUzpd,KzAuSOOh,16.0
916,0,VNhVtVFP,gcglUzpd,16.0
1198,0,aVjdmBcp,FDPmqphv,1.0
235,0,QoKDjrWo,pbzudprk,1124.0
1180,0,gyedwqXM,siPRjksc,273.0
912,0,WKWTpoqQ,pzcCDVmZ,80.0
912,0,yrrrlzqi,WKWTpoqQ,8.0
912,0,GUgiDKEG,yrrrlzqi,9.0
912,0,IsszqyIy,GUgiDKEG,2.0
912,0,yrrrlzqi,smhnGuEj,1.0
912,0,ehvgRqdw,WKWTpoqQ,74.0
931,0,QZMOUeIv,OoTDKQHC,1263.0
931,0,zAjDuGWM,QZMOUeIv,1263.0
912,0,wBOkqIeG,ePrpofUw,2.0
912,0,SteiLorf,WdOwNGhj,2.0
762,0,oaiHprKy,SgmzKmGa,2.0
762,0,EKGAgXOm,oaiHprKy,753.0
912,0,jZLvbydT,vkWqgNph,6.0
912,0,TCBUGaZf,IKquIbHX,3.0
912,0,SteiLorf,TCBUGaZf,3.0
912,0,kKKRBhFF,NbdCRqNf,3.0
912,0,sqkVVOFh,kKKRBhFF,187.0
912,0,sqkVVOFh,pNfwvVoI,1.0
1020,0,BDmybVdG,sYDsxIhh,46.0
245,0,CVPWCvNJ,BDmybVdG,114.0
245,0,muVREKCV,CVPWCvNJ,11.0
245,0,BpAiVnps,muVREKCV,23.0
912,0,pNfwvVoI,WdOwNGhj,6.0
1180,0,LOIXCDqJ,xfbmoJHP,3468.0
1180,0,KcvPUxQg,LOIXCDqJ,24.0
912,0,BcAnDlhE,AJLJQqsT,5.0
912,0,AJLJQqsT,EYGEAZtD,4.0
912,0,EYGEAZtD,zqZasXpA,1.0
1180,0,KcvPUxQg,AKEMZMhk,7.0
912,0,illGQStO,sTaleXyI,3.0
912,0,AUrIxxcC,illGQStO,1.0
912,0,DXDxufRt,AUrIxxcC,1.0
912,0,VCQdmIoF,GUgiDKEG,7.0
912,0,DXDxufRt,VCQdmIoF,7.0
924,0,ZbMvdFLw,FDJgmOaw,3.0
924,0,illGQStO,Vtdujofe,3.0
912,0,gOHjFflk,NCSBLEus,9.0
1435,0,EzNIKkYA,gzTQJVMW,373.0
762,0,QMycpMQA,mdiSFJRM,56.0
762,0,fQRLOpha,QMycpMQA,56.0
931,0,OoTDKQHC,MmmkWPfy,1078.0
401,0,eGbCulMV,QuhVipGo,168.0
401,0,WQOJAyxG,eGbCulMV,348.0
401,0,zjOknQHK,WQOJAyxG,1317.0
1435,0,gzTQJVMW,RTafItqF,386.0
1083,0,iRgZVaoH,Phtvjmoj,89.0
1083,0,MRbVmsQs,iRgZVaoH,133.0
1083,0,XFPAZveS,MRbVmsQs,134.0
762,0,llFTEWtD,DgYBMgPg,16.0
762,0,QpdZiknK,llFTEWtD,131.0
1076,0,NxijJQZJ,QFkvaGqn,1972.0
1076,0,erxKyHjj,NxijJQZJ,1956.0
1076,0,KjiBWoqR,erxKyHjj,2354.0
1117,0,btFKFkYA,AlpXiRiW,20.0
1117,0,jLrhssle,btFKFkYA,20.0
1117,0,FvRFCvLd,jLrhssle,20.0
1117,0,tkjaIDXe,FvRFCvLd,20.0
1117,0,yhVlWvFp,tkjaIDXe,20.0
1117,0,PAhNkZlS,yhVlWvFp,20.0
1117,0,CxiOJZtJ,PAhNkZlS,20.0
924,0,DJxHBCmY,TExCPNxk,1.0
1318,0,BpAiVnps,WNBbnPOh,4.0
915,0,pfeYSjby,rvGAYltM,198.0
915,0,kaZSJtsS,pfeYSjby,198.0
915,0,DBpmioGn,kaZSJtsS,198.0
915,0,KKHFrKGl,DBpmioGn,198.0
915,0,zHlMZSZh,KKHFrKGl,238.0
915,0,YfFNBzii,zHlMZSZh,238.0
915,0,amcUazui,YfFNBzii,238.0
915,0,XOGHqVzK,amcUazui,238.0
915,0,uPxuFxvo,XOGHqVzK,238.0
915,0,aUXvtKAd,uPxuFxvo,238.0
1076,0,XeinAhyy,MlYFoaez,7.0
187,0,TCqyxHhF,QUMnpJQp,133.0
1506,0,EVAUYvVR,TCqyxHhF,4.0
762,0,goEFDDka,VbMcfGsr,837.0
762,0,HqehCtdr,LMgpokYk,178.0
915,0,bWARUqJw,aUXvtKAd,220.0
915,0,YRAoXeLc,bWARUqJw,225.0
915,0,QBEEvEfk,YRAoXeLc,227.0
915,0,wUNonIvB,QBEEvEfk,227.0
1318,0,fsWDhqJj,jnDaJYzf,14.0
1318,0,LKVeVUNI,fsWDhqJj,21.0
798,0,mdiSFJRM,yNIUaSyZ,213.0
915,0,ADLjcXqa,wUNonIvB,224.0
915,0,TfcuZRGs,ADLjcXqa,224.0
915,0,wCBeePzy,TfcuZRGs,187.0
915,0,xaFIWdbd,wCBeePzy,187.0
915,0,FqqChBVj,xaFIWdbd,187.0
915,0,DdnncojU,FqqChBVj,187.0
915,0,JFAOdLlH,DdnncojU,187.0
915,0,hOuYlHPh,JFAOdLlH,79.0
915,0,LSLEHghp,hOuYlHPh,48.0
915,0,sTCaNKUj,LSLEHghp,48.0
915,0,ZKALZXGO,sTCaNKUj,48.0
915,0,tsbSHhIt,ZKALZXGO,38.0
1226,0,ojqTFFWy,UgzfanVk,5853.0
1512,0,GtMUYUwJ,lEwLedpG,200.0
1512,0,ojqTFFWy,GtMUYUwJ,94.0
1512,0,gzTQJVMW,ojqTFFWy,986.0
915,0,gFnNTJRr,tsbSHhIt,24.0
915,0,rDrqCYRb,gFnNTJRr,24.0
143,0,SEjojzMr,TgzZcdmy,15.0
1072,0,DSVnhmbs,tUQXHMzJ,464.0
932,0,uIRjoCtU,eKrqNQMY,7.0
932,0,PdHnEZMy,uIRjoCtU,7.0
932,0,CfvRaDOA,PdHnEZMy,7.0
932,0,VctvucUM,CfvRaDOA,7.0
932,0,xZaKbzqQ,VctvucUM,12.0
932,0,woHRqfeu,xZaKbzqQ,12.0
932,0,xAcbGwmk,woHRqfeu,136.0
932,0,ojqTFFWy,xAcbGwmk,315.0
1085,0,yCXbqkBs,VYHZxBYO,462.0
401,0,CRVKBFrv,MFfExqBx,37.0
1072,0,Hjpeultj,cXzNtQka,1.0
1072,0,EKGAgXOm,Hjpeultj,1.0
762,0,rAXDXBKw,UgdUAhSn,3.0
762,0,bPGbdmLB,MttNRhjN,2.0
798,0,ZYYdVixc,VfTFpfzB,12.0
798,0,gLCWwgiT,ZYYdVixc,71.0
798,0,jTofnsvB,gLCWwgiT,84.0
798,0,UgdUAhSn,jTofnsvB,320.0
770,0,HNejbQWJ,QOMpmplr,57.0
770,0,dQfoCLXo,HNejbQWJ,6.0
770,0,NJLhSMnp,dQfoCLXo,6.0
770,0,lyEtzViy,NJLhSMnp,16.0
770,0,lGJIVvqE,uVrlMgNx,14.0
1512,0,YvwuVYMF,GiONHkbf,2090.0
401,0,RTRcFCMg,ZOuLYtJj,218.0
401,0,CbcrfuAf,RTRcFCMg,1.0
401,0,CRVKBFrv,CbcrfuAf,16.0
235,0,mdGitRQe,QHFmFyLR,1166.0
1506,0,HcPkwFHM,LKVeVUNI,377.0
401,0,KbKyxild,BJDTCJYP,38.0
401,0,WQOJAyxG,ogOCBKAf,1027.0
401,0,CRVKBFrv,WQOJAyxG,58.0
108,0,EmkugZPX,KjgVoxgR,26.0
108,0,lmZJehpq,EmkugZPX,84.0
108,0,FyIjwLBj,lmZJehpq,355.0
108,0,FyIjwLBj,QUMnpJQp,20.0
1263,0,YnUujGmz,GYfZYaJh,1177.0
401,0,QuhVipGo,JbCujTci,112.0
401,0,kgNzHUbI,QuhVipGo,210.0
1395,0,DeiIsjyA,gGjwcdJB,1446.0
401,0,KlSqKJQr,eiOwifcC,286.0
401,0,bfKiOFsS,KlSqKJQr,187.0
401,0,QuhVipGo,bfKiOFsS,226.0
419,0,hysxdiTF,tjYcJLRB,194.0
419,0,iYMJvRAf,hysxdiTF,194.0
1244,0,gBkmsEyR,ubZrQMid,4.0
1244,0,hysxdiTF,gBkmsEyR,4.0
1244,0,iYMJvRAf,hysxdiTF,4.0
1245,0,drmArhka,GcGOdrPa,38.0
1245,0,CmbQeSBI,gVtshwcF,172.0
1245,0,RVyaKvKa,CmbQeSBI,172.0
1245,0,OQRQrPoA,RVyaKvKa,193.0
1245,0,iYMJvRAf,OQRQrPoA,550.0
658,0,TNbojCJf,IXwVPQjX,128.0
658,0,tGqVborR,TNbojCJf,128.0
658,0,vJbDLuoa,tGqVborR,128.0
658,0,uBBTYLuy,vJbDLuoa,128.0
658,0,FJLNitGY,uBBTYLuy,128.0
658,0,peBgOXli,FJLNitGY,128.0
1245,0,TAifzqok,RkbXqAIs,3.0
1245,0,wWcBzuvM,TAifzqok,13.0
1245,0,GcGOdrPa,wWcBzuvM,13.0
37,0,XypZkLUe,IgEBJNwX,24.0
37,0,drmArhka,XypZkLUe,24.0
1245,0,gVtshwcF,FVWAEAei,1.0
419,0,XypZkLUe,gaLZwYvS,137.0
419,0,drmArhka,XypZkLUe,137.0
419,0,gaLZwYvS,qFzqwYZZ,23.0
1472,0,iWFLhsvE,LdWodgsw,1.0
1472,0,qFzqwYZZ,iWFLhsvE,1.0
1472,0,vfDgNrFH,qFzqwYZZ,1.0
1472,0,gaLZwYvS,vfDgNrFH,2.0
1472,0,XypZkLUe,gaLZwYvS,2.0
1472,0,drmArhka,XypZkLUe,2.0
77,0,LfENZYTF,ppabfQGz,111.0
1472,0,NXLrCKMp,xiTGCYEl,1117.0
1472,0,jQaLNViL,NXLrCKMp,10.0
419,0,HeRWBWAv,gbxdgQQp,3995.0
37,0,DYvQviUy,RfEbENxd,85.0
37,0,iYMJvRAf,DYvQviUy,109.0
1472,0,AFWGXQGm,QDIpIlEK,1646.0
1472,0,RuAJZyMI,AFWGXQGm,508.0
1472,0,DYvQviUy,mnkgCFDT,841.0
37,0,gpaAUChy,SGVPbDEb,63.0
37,0,IgEBJNwX,gpaAUChy,1245.0
1435,0,RTafItqF,RVEyrwjR,5069.0
37,0,tjYcJLRB,CKldDLYq,957.0
37,0,iYMJvRAf,tjYcJLRB,139.0
143,0,tcbhlVZo,NrNaZyPp,2366.0
77,0,tjYcJLRB,EkWBPXmr,1.0
77,0,iYMJvRAf,tjYcJLRB,1.0
367,0,WynPMslR,SEcoeimf,250.0
419,0,zVYhNTdK,TShNRujB,524.0
419,0,EkWBPXmr,zVYhNTdK,1211.0
1472,0,LPQBwisp,wOZIcmuB,1.0
1472,0,vfDgNrFH,LPQBwisp,1.0
720,0,mSXRukCc,SMhobJmy,493.0
720,0,eKMWhxRF,mSXRukCc,394.0
720,0,lsBVGYKC,eKMWhxRF,692.0
419,0,tyeyrnYi,hpCuKAjH,199.0
419,0,YmDpkIHQ,tyeyrnYi,346.0
1419,0,NbgxPNNK,hpACGGyB,500.0
1419,0,opPTwucI,NbgxPNNK,620.0
1419,0,htzVSGDL,opPTwucI,322.0
1419,0,WynPMslR,htzVSGDL,172.0
780,0,GpOUDfXM,ALhaazBT,753.0
780,0,uaUalZjh,GpOUDfXM,187.0
585,0,ubZrQMid,TPFTQSyz,509.0
585,0,TsaeiIGv,MqGZxRIW,105.0
1245,0,gBkmsEyR,gVtshwcF,447.0
578,0,TsaeiIGv,LRmPOeoe,110.0
973,0,TsaeiIGv,ubZrQMid,92.0
762,0,AhWKwjTz,hFISFuCO,52.0
853,0,HNejbQWJ,QOMpmplr,9.0
853,0,HezLsNFQ,CfDISmMN,45.0
37,0,NCVzutVL,FTwVCxQy,127.0
77,0,DKTMYVhM,TNZDhyQb,122.0
578,0,yLSAaTAd,qdrjbHYS,166.0
483,0,uiYVYPQX,CEyhPnMH,74.0
483,0,zAVZRYih,uiYVYPQX,112.0
419,0,NQaaFyOm,gzZgDndk,674.0
319,0,NQaaFyOm,gzZgDndk,1465.0
319,0,oeGMQkdJ,NQaaFyOm,1465.0
319,0,vkAUVqtk,oeGMQkdJ,1172.0
319,0,gzZgDndk,KwaxxmSs,19.0
357,0,rDSiGFpR,cniBuICf,3846.0
616,0,iPNesxKP,gVtshwcF,244.0
973,0,vkSwBwcN,OKtVrzTN,1.0
973,0,QRSRIbba,vkSwBwcN,1.0
616,0,iPNesxKP,EkCoFwMY,9.0
483,0,CEyhPnMH,bbaQRYSI,27.0
12,0,CKNrjFUU,qGgPbtbT,30.0
12,0,NQaaFyOm,CKNrjFUU,30.0
12,0,iPNesxKP,NQaaFyOm,27.0
477,0,eeSdZFhf,NKCxdwhs,346.0
477,0,UaWwvNMO,eeSdZFhf,1104.0
477,0,gFAsBeQM,UaWwvNMO,171.0
477,0,rDSiGFpR,gFAsBeQM,213.0
477,0,oeGMQkdJ,rDSiGFpR,174.0
1512,0,iPNesxKP,YvwuVYMF,324.0
357,0,rDSiGFpR,yXKTuRtI,423.0
1512,0,ywuGpANM,ojqTFFWy,726.0
1512,0,YvwuVYMF,ywuGpANM,1270.0
474,0,WqMESkMM,UrQlyWkl,803.0
474,0,TKmnSMXw,WqMESkMM,803.0
474,0,zAVZRYih,TKmnSMXw,803.0
321,0,oeGMQkdJ,UrQlyWkl,155.0
465,0,rDSiGFpR,LbKosGpD,199.0
477,0,YvwQRHTE,mdGitRQe,31.0
477,0,oeGMQkdJ,CYSggHNR,44.0
321,0,xfYjeqNM,EkWBPXmr,115.0
321,0,hgHcWJof,xfYjeqNM,115.0
321,0,zAVZRYih,hgHcWJof,103.0
1395,0,nxFmOJAJ,nsbHlbAq,1259.0
1395,0,rDSiGFpR,nxFmOJAJ,1259.0
1083,0,FrCulsqF,RabBrvbh,197.0
1083,0,vyojaKRU,FrCulsqF,155.0
712,0,YvwQRHTE,fRxWIrbs,468.0
77,0,udBTjIHv,qFzqwYZZ,167.0
524,0,duRJdiSr,PrkhDzLx,47.0
524,0,gaLZwYvS,duRJdiSr,70.0
524,0,nqZDBuxM,FZjXRNIl,438.0
524,0,aAfSzptC,nqZDBuxM,145.0
460,0,nzTRQfUi,qflzswAf,5587.0
37,0,NuyYqrDq,iYMJvRAf,300.0
474,0,iWFLhsvE,LdWodgsw,300.0
474,0,qFzqwYZZ,iWFLhsvE,73.0
474,0,gaLZwYvS,qFzqwYZZ,73.0
419,0,dwUntJQR,eYoPTdNP,125.0
477,0,VQMcZIwA,dwUntJQR,71.0
477,0,gaLZwYvS,VQMcZIwA,102.0
1472,0,AFWGXQGm,BsVmblhs,56.0
419,0,gbxdgQQp,UwPVTdeZ,156.0
460,0,kjxfKqbD,cPCRxZjy,576.0
460,0,UgpyjFML,kjxfKqbD,435.0
460,0,ARTSSefO,UgpyjFML,635.0
460,0,nzTRQfUi,ARTSSefO,450.0
205,0,gaLZwYvS,MBTcSIip,165.0
357,0,gzZgDndk,zVYhNTdK,25.0
253,0,tyeyrnYi,GbYxEXTt,14.0
1472,0,CTdLzzOf,DYvQviUy,29.0
419,0,YmDpkIHQ,XAxmwtqw,39.0
77,0,fXFJjsZH,QzSmToFg,1.0
77,0,tcHYhVZo,fXFJjsZH,1.0
77,0,udBTjIHv,tcHYhVZo,1.0
465,0,NBopaFdP,XiXLaJEL,2813.0
465,0,xMwzCIXQ,NBopaFdP,2728.0
762,0,ZLCIvgrp,ojqTFFWy,685.0
37,0,gpaAUChy,ZLCIvgrp,848.0
491,0,POdtxoZm,UrQlyWkl,12.0
491,0,gaLZwYvS,SjZGieDS,289.0
491,0,JvhqCmbT,FmTbQszJ,38.0
491,0,xkdRvtRu,JvhqCmbT,280.0
491,0,SjZGieDS,xkdRvtRu,268.0
460,0,SvGtXrYj,funWfCdm,2956.0
460,0,jcExlqwL,SvGtXrYj,2991.0
491,0,FiMPvgnV,SqxhBMol,186.0
491,0,xkdRvtRu,HTKZNJTs,1.0
318,0,XwcxmOai,nrUfCQxz,293.0
318,0,sCyvkPkr,XwcxmOai,301.0
318,0,YLjwrcCY,sCyvkPkr,301.0
318,0,RfzcmazU,YLjwrcCY,301.0
318,0,ImIhxSnH,RfzcmazU,186.0
712,0,ryMrZCSE,DWuGRWkF,1327.0
712,0,XGiaFBsp,QrdELzCu,21.0
712,0,duRJdiSr,XGiaFBsp,21.0
635,0,gFAsBeQM,fSmTHZJS,78.0
635,0,WSTcrrBn,gFAsBeQM,59.0
635,0,EocVuyzS,WSTcrrBn,59.0
635,0,HUVJunNe,EocVuyzS,59.0
635,0,DvaIywQB,HUVJunNe,23.0
635,0,gaLZwYvS,DvaIywQB,23.0
648,0,RHWjHSWx,QdIKKqKN,300.0
1318,0,eTJQHplR,XqVVjUzr,2606.0
1318,0,OPXtWBVk,eTJQHplR,1919.0
460,0,SvGtXrYj,OPXtWBVk,111.0
455,0,AjJCgCBk,SyrqOGJb,12.0
1318,0,eTJQHplR,vpctkpYQ,1648.0
477,0,mYoRZvtc,JGbfxLUL,1246.0
205,0,FFGyTMvJ,SMhobJmy,134.0
205,0,gaLZwYvS,FFGyTMvJ,134.0
635,0,DyPueDjA,yLFlKjKg,75.0
635,0,OCwYbEnq,DyPueDjA,111.0
635,0,gaLZwYvS,OCwYbEnq,75.0
419,0,dCWftKsk,xOHMcnRu,541.0
419,0,KwaxxmSs,dCWftKsk,516.0
1180,0,UckYThSh,Vlipnutt,1393.0
1180,0,FldHcjZC,yQQuLFAg,1954.0
1180,0,rbVbMNcM,FldHcjZC,959.0
1300,0,BqZQArDi,oynLwMrX,801.0
1512,0,OyAyNkqZ,jFRqfnFl,168.0
1512,0,LbKosGpD,YvwuVYMF,342.0
1472,0,HeRWBWAv,RfEbENxd,287.0
1649,0,qflzswAf,CGfCHyje,597.0
401,0,WyfCQhSW,KjiBWoqR,223.0
658,0,KnWWIWQx,peBgOXli,69.0
16,0,TShNRujB,MklhhYCQ,9739.0
616,0,QRSRIbba,leJfirnk,8.0
616,0,wOZIcmuB,jqriedgy,3.0
419,0,gbxdgQQp,MBTcSIip,395.0
419,0,ALSylDBQ,gbxdgQQp,436.0
419,0,LOkvvGyU,FqxCUuHX,180.0
419,0,DYErCrqd,LOkvvGyU,296.0
419,0,scMjdKXM,DYErCrqd,262.0
419,0,LbKosGpD,scMjdKXM,262.0
419,0,rDSiGFpR,LbKosGpD,180.0
477,0,vzxcaINQ,qpacHTVx,65.0
477,0,gFAsBeQM,vzxcaINQ,65.0
419,0,yHDouIXe,DYvQviUy,12.0
419,0,aFlzccOO,yHDouIXe,12.0
419,0,TNZDhyQb,aFlzccOO,55.0
1472,0,rDSiGFpR,DOGyniWl,545.0
1472,0,rDSiGFpR,UFoaQvGg,950.0
1512,0,AUmOMGnp,mnkgCFDT,642.0
143,0,ACkvbmee,SEjojzMr,2219.0
143,0,vHkAlmCm,ACkvbmee,2021.0
143,0,yfIoPTHo,mnkgCFDT,298.0
357,0,YXiYqIfc,KLViSvpH,64.0
357,0,yXKTuRtI,YXiYqIfc,9.0
798,0,eTJQHplR,RZCadHVt,2072.0
798,0,bZroqIhX,eTJQHplR,1334.0
465,0,vyojaKRU,XiXLaJEL,76.0
736,0,CyKtNncX,aImltWBw,16.0
736,0,UGBWqSzR,CyKtNncX,16.0
736,0,vyojaKRU,UGBWqSzR,405.0
736,0,bInfxKVp,iGMYbQYg,3165.0
736,0,YvwuVYMF,bInfxKVp,2780.0
780,0,LTfflVxG,tnRCfdJr,156.0
736,0,vyojaKRU,bAkINhTV,861.0
780,0,azqUKhQu,fdwLSfsa,1583.0
491,0,lctVuVOk,mKIQRbrs,27.0
491,0,wOZIcmuB,lctVuVOk,67.0
491,0,YvLYpMPH,POdtxoZm,184.0
491,0,gFAsBeQM,YvLYpMPH,135.0
474,0,iPNesxKP,zAVZRYih,378.0
491,0,xQpNdvvD,GigUVtty,70.0
491,0,YvLYpMPH,xQpNdvvD,70.0
491,0,YvLYpMPH,gaLZwYvS,281.0
648,0,SMriOOgF,TIoMzhxD,327.0
491,0,SQUoXVXU,VuxSFkGj,11.0
491,0,mKIQRbrs,SQUoXVXU,11.0
313,0,RVGhYAxc,aaSaUDum,194.0
235,0,neNWquOh,eXTjiXiW,1042.0
465,0,SvGtXrYj,OPXtWBVk,153.0
419,0,iPNesxKP,glDvUhXc,116.0
357,0,yXKTuRtI,RBVPcVzH,197.0
1506,0,WOOyqinT,tDDddUJb,1166.0
1472,0,RfEbENxd,WOOyqinT,1306.0
419,0,MvaVVzVx,YEqGDaQm,10.0
1398,0,YctaenCe,jcExlqwL,9.0
1398,0,rDSiGFpR,YctaenCe,563.0
1263,0,BZCtSmhk,oynLwMrX,556.0
1263,0,vyojaKRU,BZCtSmhk,139.0
1395,0,EocVuyzS,YzXnYVPd,19.0
1395,0,lwcIkPvE,EocVuyzS,1691.0
1395,0,hpCuKAjH,lwcIkPvE,12.0
1395,0,FwybjYQK,hpCuKAjH,42.0
1395,0,iPNesxKP,FwybjYQK,49.0
1318,0,HuqqdbXr,jnDfAorM,1130.0
1318,0,fubLBmAl,HuqqdbXr,1100.0
853,0,QDIpIlEK,qflzswAf,803.0
853,0,mHRdWDIt,KwaxxmSs,58.0
1395,0,MhxjGQjy,mhYSfvAq,595.0
1395,0,IoxYvxeH,MhxjGQjy,523.0
1395,0,yrlDljAC,IoxYvxeH,50.0
1395,0,iPNesxKP,yrlDljAC,44.0
401,0,YvwuVYMF,dZoxKDmD,116.0
1512,0,WOOyqinT,ALhaazBT,711.0
1512,0,YvwuVYMF,WOOyqinT,361.0
1030,0,vDTAjOOR,NMFCXTQH,78.0
477,0,LbKosGpD,ifLglfbO,144.0
633,0,LbKosGpD,CcjcuryA,3.0
633,0,wOZIcmuB,LbKosGpD,3.0
477,0,jFmPCmzM,AjJCgCBk,238.0
477,0,UrQlyWkl,jFmPCmzM,293.0
474,0,wOZIcmuB,iPNesxKP,11.0
460,0,qFzqwYZZ,jcExlqwL,450.0
1245,0,FTwVCxQy,CLjYTiBy,1190.0
77,0,EkWBPXmr,fwfbiPwk,133.0
419,0,MBTcSIip,ppabfQGz,322.0
419,0,qFzqwYZZ,MBTcSIip,217.0
77,0,uaUalZjh,rZoajhYh,63.0
77,0,FliRNcXy,uaUalZjh,304.0
427,0,FBwCHGmG,MmtauPfr,118.0
427,0,cEsQRYAp,FBwCHGmG,118.0
427,0,qKeCDDXI,cEsQRYAp,118.0
1245,0,FliRNcXy,flXjJYer,48.0
77,0,tndfGrTh,QCBPrBCl,1375.0
77,0,RfEbENxd,tndfGrTh,1466.0
720,0,UgpyjFML,QDIpIlEK,23.0
460,0,qFzqwYZZ,ARTSSefO,165.0
419,0,iLaGOhZk,mnkgCFDT,1397.0
77,0,WUWIxCFc,OdzEGWPG,72.0
77,0,meZHMfSd,WUWIxCFc,71.0
77,0,uaUalZjh,meZHMfSd,291.0
77,0,tndfGrTh,ruogAkOJ,100.0
1421,0,aWeSqqrV,RSQixiib,324.0
419,0,gbxdgQQp,cNypyxpr,115.0
77,0,meZHMfSd,yTNmoAGc,479.0
37,0,qFzqwYZZ,MBTcSIip,35.0
720,0,rRGVruPM,SNVRXPiu,39.0
720,0,UgpyjFML,rRGVruPM,64.0
77,0,rGYrQqGa,OUTzwMHI,112.0
77,0,QCBPrBCl,rGYrQqGa,109.0
143,0,WCllcJIC,FUctipSE,749.0
143,0,FtWuEuzF,WCllcJIC,789.0
143,0,YspLWkZX,FtWuEuzF,121.0
1446,0,JZbiEaEt,LsuNFzpq,310.0
1446,0,RchOKnYD,JZbiEaEt,325.0
1446,0,vnfcOAch,RchOKnYD,269.0
1446,0,WynPMslR,vnfcOAch,275.0
77,0,WDOOnJlC,qLEwgwyN,16.0
37,0,ryJVAbFB,VHmQaoRO,39.0
37,0,MtINPaKl,ryJVAbFB,43.0
37,0,NuyYqrDq,MtINPaKl,43.0
37,0,ryJVAbFB,wssOAckJ,9.0
780,0,pFQacbfu,XUTqNKWc,528.0
780,0,MpBHVRZl,pFQacbfu,542.0
1512,0,WtPVEKaC,CbcrfuAf,499.0
1512,0,TAPXcjBe,WtPVEKaC,361.0
1512,0,cPCRxZjy,TAPXcjBe,402.0
491,0,GLwjULTT,UrQlyWkl,16.0
720,0,WweXYmbm,JODrgTwh,69.0
720,0,cNypyxpr,WweXYmbm,66.0
460,0,CEZTRnUo,MnTeelLR,61.0
460,0,funWfCdm,CEZTRnUo,603.0
712,0,IjwLXBRx,qdrjbHYS,67.0
477,0,eeSdZFhf,YmbmpLps,22.0
460,0,kjxfKqbD,nhSXMXjw,3.0
1395,0,cPCRxZjy,KCvWJpxq,330.0
465,0,buAeVenh,ffHVhHJj,229.0
460,0,ARTSSefO,buAeVenh,381.0
465,0,hxSTJhOz,rDSiGFpR,301.0
465,0,ffHVhHJj,hxSTJhOz,140.0
474,0,LPQBwisp,wOZIcmuB,256.0
474,0,dpOKQcMh,LPQBwisp,256.0
1532,0,WvPJYXMk,qPtpgxic,17.0
419,0,UwPVTdeZ,KwaxxmSs,4246.0
357,0,kXOxEoFm,lRwVVbKf,457.0
357,0,heuaCWro,kXOxEoFm,422.0
357,0,RBVPcVzH,heuaCWro,251.0
491,0,dpOKQcMh,qSowWcvN,203.0
491,0,dpOKQcMh,SqxhBMol,909.0
491,0,qFzqwYZZ,FmTbQszJ,58.0
491,0,UrQlyWkl,qFzqwYZZ,305.0
491,0,eeSdZFhf,UrQlyWkl,115.0
491,0,FmTbQszJ,HTKZNJTs,106.0
491,0,vIqdsoZx,DsuTXcIa,976.0
491,0,WPPGaTFA,vIqdsoZx,583.0
491,0,nUYnioIh,WPPGaTFA,336.0
491,0,mVhkAqwx,nUYnioIh,137.0
491,0,UrQlyWkl,mVhkAqwx,82.0
635,0,mYoRZvtc,nrUfCQxz,111.0
635,0,NKCxdwhs,mYoRZvtc,38.0
635,0,eeSdZFhf,NKCxdwhs,38.0
491,0,SqxhBMol,qvujbmjR,651.0
235,0,aUPouXsN,CEZTRnUo,581.0
635,0,eeSdZFhf,CpnDMnJS,4.0
477,0,HFKfgJoc,NJSgWoOc,1645.0
477,0,KQSHMGnw,HFKfgJoc,1645.0
460,0,nhSXMXjw,nzTRQfUi,1699.0
712,0,RIpTuvwk,YJykDsrc,985.0
1472,0,KplKuAnp,iYMJvRAf,2.0
1472,0,pSVDMeCH,KplKuAnp,2.0
1472,0,FTwVCxQy,pSVDMeCH,55.0
1472,0,RFaTWaew,FTwVCxQy,55.0
1472,0,mYoRZvtc,RFaTWaew,55.0
474,0,jLJTMrwU,dpOKQcMh,412.0
474,0,LdWodgsw,jLJTMrwU,412.0
491,0,FFLftRlg,vBGGqNND,688.0
491,0,LdWodgsw,FFLftRlg,722.0
491,0,DsuTXcIa,DCdKJxNH,1330.0
491,0,LdWodgsw,WPPGaTFA,291.0
491,0,WPPGaTFA,RupFhEwj,22.0
712,0,RIpTuvwk,EvIZgaUF,325.0
477,0,zavSPsgu,AjJCgCBk,34.0
477,0,mYoRZvtc,Afgbwxue,38.0
477,0,NJSgWoOc,WtptgYtz,93.0
491,0,yYSDLmlm,ydoNqUsu,7.0
491,0,eOdwAkBF,yYSDLmlm,22.0
491,0,FDCDnriY,eOdwAkBF,22.0
491,0,DCdKJxNH,FDCDnriY,22.0
682,0,pPReLBCT,fRBexIzo,9.0
682,0,JGbfxLUL,pPReLBCT,9.0
1318,0,SvGtXrYj,OPXtWBVk,1880.0
1318,0,TdfMaTlB,SvGtXrYj,1761.0
477,0,mdGitRQe,wHfmVQMh,298.0
477,0,SOBUilCD,mdGitRQe,534.0
477,0,RVGhYAxc,SOBUilCD,47.0
477,0,BpAiVnps,RVGhYAxc,42.0
712,0,EvIZgaUF,VpmqCJUB,607.0
635,0,isWzWnoW,QpprBOSr,67.0
635,0,VJibZvbS,isWzWnoW,67.0
635,0,uSZbdBno,VJibZvbS,67.0
635,0,nrUfCQxz,uSZbdBno,103.0
460,0,CEZTRnUo,qflzswAf,712.0
460,0,OPXtWBVk,CEZTRnUo,140.0
460,0,RCkelXPh,OPXtWBVk,228.0
460,0,MBTcSIip,RCkelXPh,228.0
524,0,iWFLhsvE,FcOkCcps,140.0
524,0,FcOkCcps,OyJKKata,48.0
524,0,iWFLhsvE,nqZDBuxM,60.0
460,0,pSVDMeCH,gaLZwYvS,21.0
460,0,FTwVCxQy,pSVDMeCH,21.0
460,0,xnBCUPNx,FTwVCxQy,17.0
477,0,kXtCwJQx,hOGVczfj,84.0
477,0,UZvsWvxC,kXtCwJQx,84.0
205,0,MUKiuGPJ,sDgMDbLK,65.0
205,0,BIPxiHLi,MUKiuGPJ,65.0
205,0,yrMfCrKd,BIPxiHLi,13.0
205,0,FJDNPLrp,yrMfCrKd,13.0
1472,0,gyQqEnFq,xiTGCYEl,4345.0
1472,0,WAnDToyk,gyQqEnFq,90.0
491,0,vIqdsoZx,dpOKQcMh,59.0
491,0,RFaTWaew,vIqdsoZx,321.0
712,0,ryMrZCSE,EvIZgaUF,1946.0
477,0,EocVuyzS,mdGitRQe,1831.0
477,0,lwcIkPvE,EocVuyzS,760.0
273,0,mdGitRQe,qvujbmjR,1346.0
679,0,HRURJMPd,EMzKPzug,224.0
679,0,GbYxEXTt,HRURJMPd,114.0
853,0,lwcIkPvE,TShNRujB,12.0
14,0,jFmPCmzM,jqriedgy,77.0
14,0,owqgejgM,jFmPCmzM,57.0
14,0,MklhhYCQ,owqgejgM,70.0
14,0,mdGitRQe,MklhhYCQ,40.0
455,0,ojYgsDtJ,BlnSxBAr,25.0
419,0,ZpgoacOO,iPNesxKP,554.0
77,0,TiulEaYs,gaLZwYvS,772.0
419,0,ZpgoacOO,TiulEaYs,939.0
460,0,klenweCZ,mSXRukCc,122.0
1245,0,yQIotbyH,byZXHxZy,705.0
419,0,cNypyxpr,UwPVTdeZ,2904.0
1472,0,gyQqEnFq,cNypyxpr,2857.0
357,0,mHRdWDIt,zVYhNTdK,831.0
273,0,mdGitRQe,cttUtMNm,274.0
477,0,SemNVHvd,YvLYpMPH,270.0
477,0,QnkNgkDL,SemNVHvd,694.0
477,0,lctVuVOk,QnkNgkDL,827.0
477,0,EocVuyzS,lctVuVOk,96.0
235,0,wHfmVQMh,niqrIlpR,1283.0
235,0,SlfNpref,funWfCdm,503.0
235,0,ybjkPLXB,SlfNpref,510.0
357,0,lwcIkPvE,LbKosGpD,39.0
1506,0,mnkgCFDT,RVGhYAxc,2970.0
720,0,QDIpIlEK,jcExlqwL,317.0
1472,0,GpnhEWuy,QDIpIlEK,4.0
1472,0,FqxCUuHX,GpnhEWuy,19.0
1472,0,bZroqIhX,eTJQHplR,9.0
1472,0,cNuIRYrx,bZroqIhX,2125.0
1472,0,yNIUaSyZ,cNuIRYrx,2157.0
1472,0,xiTGCYEl,yNIUaSyZ,2157.0
1512,0,vDFCntfg,XiXLaJEL,693.0
1512,0,lwcIkPvE,vDFCntfg,843.0
465,0,mHRdWDIt,OyAyNkqZ,667.0
1300,0,OyAyNkqZ,CpULuhdq,53.0
727,0,GpnhEWuy,udlIzhJE,33.0
1472,0,gpaAUChy,aFlzccOO,84.0
1472,0,NCVzutVL,gpaAUChy,84.0
419,0,ZpgoacOO,NCVzutVL,19.0
727,0,WFZVQzrl,zXtHnUiq,378.0
1472,0,yayPNqiY,WFZVQzrl,2261.0
1472,0,cNypyxpr,yayPNqiY,2569.0
455,0,ErjukRDc,KcvPUxQg,22.0
455,0,BOjJhphU,ErjukRDc,22.0
209,0,WWGVlxtV,wkQpmSIi,71.0
209,0,xAtzquQH,WWGVlxtV,71.0
209,0,GHMmjNDZ,xAtzquQH,71.0
209,0,ZpgoacOO,GHMmjNDZ,71.0
417,0,tSUFrefk,ZMeqpjWv,18.0
417,0,FqxCUuHX,tSUFrefk,18.0
1472,0,yayPNqiY,HYfXIyFk,13.0
1139,0,faYOimYm,EZnTnoxs,55.0
1139,0,cmGUMIAA,faYOimYm,55.0
1139,0,sDgMDbLK,cmGUMIAA,55.0
1139,0,LLvlNCEB,sDgMDbLK,42.0
1139,0,ZMeqpjWv,LLvlNCEB,42.0
1139,0,tSUFrefk,ZMeqpjWv,42.0
1139,0,FqxCUuHX,tSUFrefk,42.0
419,0,ZpgoacOO,iLaGOhZk,499.0
1139,0,aaOdCJPr,ezbmnBKa,71.0
1139,0,EZnTnoxs,aaOdCJPr,71.0
1472,0,cNypyxpr,cTQVugNT,495.0
367,0,Uacajbua,yrWAEsGy,215.0
367,0,qjwSVoCq,Uacajbua,145.0
367,0,wcUGKfLa,qjwSVoCq,239.0
367,0,WynPMslR,wcUGKfLa,212.0
1472,0,MtINPaKl,RuAJZyMI,106.0
1472,0,FqxCUuHX,MtINPaKl,94.0
143,0,WFZVQzrl,cfVAtKgo,578.0
143,0,cfVAtKgo,JGydtICe,370.0
235,0,wHfmVQMh,cttUtMNm,565.0
357,0,BYsSDXCP,EkWBPXmr,2239.0
1506,0,cCSIoIah,gViLrCgA,94.0
1506,0,mnkgCFDT,cCSIoIah,644.0
1180,0,fGmFhgnx,rckblBTM,8.0
273,0,wuyFtExA,VrqtMskC,16.0
273,0,bRAzuzSs,wuyFtExA,19.0
1472,0,ZMeqpjWv,AFWGXQGm,685.0
1472,0,oBYetVBr,SEjojzMr,9.0
1472,0,GiONHkbf,oBYetVBr,9.0
1472,0,QDIpIlEK,GiONHkbf,9.0
419,0,HezLsNFQ,tyeyrnYi,9.0
143,0,mnkgCFDT,mexFgKBp,2881.0
235,0,niqrIlpR,qrSNpKDz,488.0
460,0,eyAJPdep,FXEtzSuC,211.0
460,0,klenweCZ,nPkrzCty,43.0
313,0,RVGhYAxc,EmkugZPX,328.0
313,0,hSQYmgMj,RVGhYAxc,601.0
313,0,mnkgCFDT,hSQYmgMj,171.0
720,0,WhHfbZWj,rWJbJwsc,20.0
1226,0,UGBWqSzR,XiXLaJEL,41.0
836,0,QHFmFyLR,UGBWqSzR,90.0
1180,0,fGmFhgnx,eiOwifcC,572.0
1245,0,xnBCUPNx,FTwVCxQy,722.0
1245,0,MEVzYGii,xnBCUPNx,722.0
1245,0,byZXHxZy,MEVzYGii,691.0
616,0,fumBmOZX,ogrZorIF,1.0
616,0,IIzQthVA,fumBmOZX,1.0
762,0,iZfXNAue,PXPVuGmP,359.0
37,0,rloRqLNl,taEXnGBL,273.0
1472,0,TUpCuZAw,ThGrfpxl,196.0
1472,0,MvaVVzVx,TUpCuZAw,203.0
77,0,ppabfQGz,TNZDhyQb,1445.0
460,0,STSGJiIu,rnFrOJMw,152.0
235,0,UVIVXUaJ,fkZFUNSd,22.0
1244,0,MEVzYGii,xnBCUPNx,70.0
1244,0,byZXHxZy,MEVzYGii,70.0
601,0,XwcxmOai,nrUfCQxz,71.0
601,0,STSGJiIu,FcOkCcps,64.0
673,0,eOdwAkBF,ydoNqUsu,220.0
673,0,wHfmVQMh,eOdwAkBF,191.0
1318,0,STSGJiIu,BpAiVnps,5.0
16,0,uVsOstge,UECnapuN,6.0
357,0,zVYhNTdK,xbiDwIOu,1333.0
419,0,rlRRFZPO,IoxYvxeH,22.0
1180,0,LOIXCDqJ,UhAwQaaX,1083.0
77,0,XypZkLUe,udBTjIHv,1.0
77,0,dwUntJQR,XypZkLUe,11.0
419,0,rlRRFZPO,dwUntJQR,29.0
419,0,RuAJZyMI,HeRWBWAv,1461.0
77,0,XypZkLUe,uaUalZjh,2.0
460,0,wdBsZaVr,OPXtWBVk,115.0
77,0,rloRqLNl,drmArhka,521.0
853,0,yrlDljAC,NjRgIRup,5.0
419,0,yQIotbyH,MEVzYGii,354.0
77,0,uaUalZjh,gaLZwYvS,1060.0
77,0,rloRqLNl,aFlzccOO,624.0
419,0,xnBCUPNx,FTwVCxQy,165.0
679,0,QontmjvH,JIllbhjr,63.0
679,0,oBtsEQRM,QontmjvH,63.0
679,0,UFoaQvGg,oBtsEQRM,63.0
77,0,aFlzccOO,WUWIxCFc,230.0
1472,0,BsVmblhs,GiONHkbf,7.0
77,0,rloRqLNl,PQuXHWcA,118.0
77,0,tcHYhVZo,qFzqwYZZ,1619.0
77,0,yTNmoAGc,tcHYhVZo,544.0
77,0,WUWIxCFc,yTNmoAGc,209.0
992,0,bzkCWXwV,NrNaZyPp,481.0
992,0,zjGRmLyo,bzkCWXwV,34.0
37,0,yQIotbyH,cTQVugNT,168.0
1446,0,ZKEtlMvK,kVCEAUTv,142.0
1446,0,orpkgmYq,EPWXwPSq,180.0
37,0,cNypyxpr,EkWBPXmr,521.0
77,0,PQuXHWcA,ZFSCrBEp,65.0
37,0,AQHsowCO,oLzlCKof,1.0
736,0,GgMfrgKO,bAkINhTV,220.0
419,0,eYoPTdNP,kVhbTVuU,78.0
77,0,uaUalZjh,beniIHzL,788.0
477,0,fRxWIrbs,ryMrZCSE,318.0
477,0,wHfmVQMh,fRxWIrbs,578.0
1472,0,WWGVlxtV,mYoRZvtc,25.0
1472,0,LvbzkrjO,WWGVlxtV,25.0
1472,0,FXEtzSuC,LvbzkrjO,25.0
1472,0,bpXNEOYE,FXEtzSuC,25.0
1472,0,IIzQthVA,bpXNEOYE,25.0
1472,0,byZXHxZy,IIzQthVA,25.0
1472,0,yQIotbyH,byZXHxZy,25.0
720,0,nsbHlbAq,mSXRukCc,319.0
720,0,oXQrzcje,nsbHlbAq,104.0
720,0,uXKxCjNA,oXQrzcje,44.0
1398,0,HZcfHzwe,QDIpIlEK,46.0
1398,0,wyEQXfIU,HZcfHzwe,140.0
1398,0,uXKxCjNA,wyEQXfIU,222.0
1453,0,TQhrUKrf,BxmxkKGC,109.0
1453,0,uxsctOEt,TQhrUKrf,109.0
780,0,NTCwKKsF,ejMjPdTH,313.0
780,0,uaUalZjh,NTCwKKsF,313.0
780,0,NTCwKKsF,JKUqFAhf,6.0
477,0,KplKuAnp,gaLZwYvS,43.0
477,0,QIQMIQBO,KplKuAnp,45.0
1472,0,ZyxFjabk,yQIotbyH,8.0
1472,0,RyfxjoUl,ZyxFjabk,8.0
1472,0,QIQMIQBO,RyfxjoUl,8.0
419,0,yayPNqiY,oQvXmJfL,1.0
419,0,BsVmblhs,yayPNqiY,1.0
477,0,WtSrfmmv,BpAiVnps,247.0
477,0,lpqoYdNq,WtSrfmmv,315.0
477,0,BIPxiHLi,lpqoYdNq,187.0
477,0,yrMfCrKd,BIPxiHLi,187.0
477,0,FJDNPLrp,yrMfCrKd,187.0
477,0,WtSrfmmv,msSSSjFI,68.0
477,0,TcTonWJL,HJTsgSzj,78.0
477,0,yHOAvGcL,mYoRZvtc,622.0
460,0,OPXtWBVk,nPkrzCty,18.0
1472,0,BsVmblhs,cNypyxpr,316.0
419,0,WAnDToyk,neNWquOh,16.0
727,0,fMrlznIn,cCEhgrAc,50.0
419,0,WAnDToyk,rBCwdRqs,103.0
1744,0,oQvXmJfL,HYfXIyFk,20.0
1744,0,yayPNqiY,oQvXmJfL,20.0
1744,0,pOvHFZPM,yayPNqiY,20.0
1472,0,FJDNPLrp,yayPNqiY,32.0
1472,0,OrbXRiVv,anWZyaGW,20.0
1472,0,cNuIRYrx,OrbXRiVv,22.0
1398,0,aWNaUdzp,ZIPCqImv,1666.0
273,0,nwGGoSvm,VrqtMskC,1.0
273,0,MrybjzSo,nwGGoSvm,1.0
477,0,msSSSjFI,RVGhYAxc,119.0
455,0,ojYgsDtJ,BOjJhphU,27.0
455,0,wartKFZO,ojYgsDtJ,34.0
455,0,CTeFabzs,wartKFZO,43.0
460,0,nGRNUPgX,nzTRQfUi,68.0
108,0,KQSHMGnw,EmkugZPX,148.0
1226,0,jVOVHrFU,ywuGpANM,1047.0
465,0,nGRNUPgX,jVOVHrFU,28.0
1395,0,LPfgjVyT,xOhGqygU,7.0
1512,0,mnkgCFDT,YvwuVYMF,1161.0
37,0,KplKuAnp,NuyYqrDq,58.0
477,0,FTwVCxQy,KplKuAnp,58.0
477,0,UZvsWvxC,FTwVCxQy,58.0
357,0,BqZQArDi,TShNRujB,140.0
419,0,HYfXIyFk,YmDpkIHQ,12.0
419,0,oQvXmJfL,HYfXIyFk,52.0
1472,0,UwPVTdeZ,WAnDToyk,72.0
1472,0,gyQqEnFq,tSUFrefk,1881.0
460,0,STSGJiIu,SvGtXrYj,220.0
720,0,gyQqEnFq,cNypyxpr,798.0
235,0,yhXmuUeN,mklbELhb,1147.0
235,0,BqZQArDi,yhXmuUeN,67.0
720,0,fMrlznIn,mSXRukCc,28.0
1532,0,gyQqEnFq,ALhaazBT,1408.0
762,0,ojqTFFWy,Uacajbua,63.0
902,0,GeRuyZeo,MzxDaMZj,62.0
902,0,YqAQHxyY,GeRuyZeo,62.0
902,0,qLRAgPvM,YqAQHxyY,62.0
902,0,yVpSHUpe,qLRAgPvM,62.0
902,0,PfzzVLdD,yVpSHUpe,62.0
902,0,yRZHSCWE,PfzzVLdD,62.0
902,0,rCrvifMW,yRZHSCWE,62.0
902,0,aPOYjvXT,rCrvifMW,62.0
825,0,mSlRsDTZ,DcYEFBXI,37.0
357,0,LPfgjVyT,neNWquOh,4816.0
357,0,UTBcifAN,TShNRujB,1033.0
477,0,vzxcaINQ,UaWwvNMO,522.0
449,0,UTBcifAN,jIFrASnh,64.0
1512,0,vDFCntfg,mnkgCFDT,219.0
1512,0,NxbXiMUL,lwcIkPvE,717.0
1512,0,UTBcifAN,NxbXiMUL,677.0
357,0,LPfgjVyT,YmkUpvHU,436.0
1419,0,htzVSGDL,HAmwZMhM,1539.0
1419,0,vOKcaAnW,htzVSGDL,1637.0
1419,0,ywuGpANM,vOKcaAnW,1558.0
1419,0,eaNsVWDR,ywuGpANM,1462.0
1512,0,XsKXZwOQ,eaNsVWDR,1737.0
1512,0,LPfgjVyT,XsKXZwOQ,2179.0
992,0,yfIoPTHo,VriUyyDM,402.0
1395,0,eusqYKWT,HezLsNFQ,80.0
1395,0,UTBcifAN,eusqYKWT,887.0
736,0,NxbXiMUL,iGMYbQYg,3898.0
1435,0,WvPJYXMk,qjwSVoCq,28.0
1435,0,SapgsLPr,WvPJYXMk,26.0
1435,0,CKorGRkE,SapgsLPr,38.0
1435,0,XsKXZwOQ,CKorGRkE,349.0
1512,0,XsKXZwOQ,TAPXcjBe,318.0
736,0,MyGqmywG,YvwuVYMF,1502.0
235,0,mdGitRQe,FZYojuVE,665.0
149,0,zAwPDfkg,JODrgTwh,46.0
149,0,LPfgjVyT,zAwPDfkg,46.0
1395,0,ZIPCqImv,ciAbSxQX,525.0
1395,0,aWNaUdzp,ZIPCqImv,1730.0
1395,0,UTBcifAN,aWNaUdzp,140.0
477,0,suszCmcx,SOBUilCD,1172.0
1506,0,YmkUpvHU,vRWSdFEN,480.0
1512,0,gGkadTNm,jFRqfnFl,246.0
1512,0,zjSAMvDn,gGkadTNm,377.0
1512,0,CbcrfuAf,zjSAMvDn,290.0
1512,0,cniBuICf,WtPVEKaC,9.0
1512,0,LPfgjVyT,cniBuICf,9.0
16,0,MklhhYCQ,gUXxyAlR,3401.0
1398,0,GpnhEWuy,SDEQaVyD,22.0
1512,0,ojqTFFWy,hpACGGyB,361.0
1512,0,eaNsVWDR,puwcRgFs,1667.0
736,0,YqlTLIQa,AUmOMGnp,1082.0
736,0,puwcRgFs,YqlTLIQa,644.0
736,0,AUmOMGnp,ALhaazBT,2009.0
1085,0,eJIFTpTd,vDTAjOOR,129.0
1085,0,puwcRgFs,eJIFTpTd,1680.0
419,0,TiulEaYs,iLaGOhZk,182.0
419,0,TiulEaYs,FliRNcXy,25.0
1506,0,cCSIoIah,LKVeVUNI,483.0
1472,0,HvQMjFdy,BYsSDXCP,826.0
1472,0,szQKyBKA,HvQMjFdy,575.0
1472,0,czFfIymd,szQKyBKA,575.0
1472,0,BYsSDXCP,gzZgDndk,1102.0
1472,0,hxSTJhOz,rDSiGFpR,116.0
1472,0,TShNRujB,hxSTJhOz,115.0
1140,0,eYoPTdNP,ZpgoacOO,21.0
1140,0,rlRRFZPO,eYoPTdNP,27.0
1140,0,JXTJImqP,rlRRFZPO,27.0
1140,0,zZjujLYd,JXTJImqP,27.0
1140,0,xaaBiNQT,zZjujLYd,27.0
1472,0,gzZgDndk,BqZQArDi,199.0
1472,0,fubLBmAl,DOGyniWl,46.0
1472,0,zjSAMvDn,fubLBmAl,28.0
1472,0,BYsSDXCP,zjSAMvDn,24.0
1472,0,DYvQviUy,UFoaQvGg,92.0
1472,0,yHDouIXe,DYvQviUy,484.0
1472,0,TShNRujB,yHDouIXe,1280.0
367,0,qKeCDDXI,FDrhtNjK,1260.0
205,0,YyXnCqJL,MBTcSIip,179.0
205,0,czFfIymd,YyXnCqJL,200.0
1506,0,IubGYoNi,gViLrCgA,680.0
205,0,RWixPrCB,NPqatCDm,109.0
205,0,czFfIymd,RWixPrCB,181.0
143,0,QMiQTlda,rRGVruPM,4302.0
143,0,zjGRmLyo,QMiQTlda,5045.0
992,0,BWKNZpmt,vNuEvleV,86.0
357,0,ICtDTIBO,kXOxEoFm,35.0
357,0,NBopaFdP,zjQVJpHm,144.0
357,0,HvQMjFdy,NBopaFdP,72.0
836,0,DeiIsjyA,HQVZivsH,138.0
1472,0,jQaLNViL,LOkvvGyU,4.0
1472,0,gbxdgQQp,jQaLNViL,9.0
1472,0,HYfXIyFk,cTQVugNT,153.0
477,0,RyfxjoUl,gaLZwYvS,21.0
1472,0,HUkyeYlq,QIQMIQBO,16.0
1472,0,PYpgWopD,HUkyeYlq,16.0
1472,0,lDeAZniB,PYpgWopD,16.0
1472,0,utwkusWF,lDeAZniB,18.0
208,0,HUkyeYlq,uwQliGwX,69.0
208,0,PYpgWopD,HUkyeYlq,69.0
208,0,lDeAZniB,PYpgWopD,69.0
208,0,bLzlxnwB,lDeAZniB,69.0
208,0,TUpCuZAw,ThGrfpxl,42.0
208,0,HYfXIyFk,TUpCuZAw,44.0
208,0,ILieppKf,HYfXIyFk,44.0
208,0,uwQliGwX,ILieppKf,44.0
208,0,ThGrfpxl,SyufMOPd,41.0
357,0,BYsSDXCP,QDIpIlEK,338.0
205,0,MUKiuGPJ,FXEtzSuC,40.0
205,0,EdqXvVeI,nPkrzCty,100.0
205,0,oBjbzljy,EdqXvVeI,100.0
205,0,NPqatCDm,oBjbzljy,100.0
205,0,WweXYmbm,sZwmfbNt,28.0
205,0,RWixPrCB,WweXYmbm,28.0
1472,0,TUpCuZAw,bOiSLYGO,2.0
205,0,YctaenCe,jcExlqwL,2.0
205,0,tzYrVhKO,YctaenCe,2.0
205,0,UgpyjFML,tzYrVhKO,2.0
205,0,EGZEcfNZ,UgpyjFML,8.0
205,0,NPqatCDm,EGZEcfNZ,8.0
1180,0,kVWIKiQU,FkPbDkgy,3.0
465,0,kjxfKqbD,STKMtPtJ,1178.0
1512,0,DeiIsjyA,RVEyrwjR,333.0
357,0,HQVZivsH,EkWBPXmr,3871.0
208,0,wSspaAkq,bLzlxnwB,53.0
208,0,NppIhzQC,wSspaAkq,53.0
208,0,tTrMaEIS,NppIhzQC,79.0
208,0,WeXgsZLY,tTrMaEIS,344.0
357,0,gzZgDndk,KwaxxmSs,780.0
1512,0,ysSWNERo,XiXLaJEL,107.0
1512,0,CbcrfuAf,ysSWNERo,136.0
357,0,EkWBPXmr,zVYhNTdK,68.0
1472,0,RfzcmazU,zfZPgPol,106.0
1472,0,cEwgxjVO,RfzcmazU,181.0
1472,0,fRBexIzo,cEwgxjVO,601.0
1472,0,nDzrviXX,fRBexIzo,601.0
1472,0,zfZPgPol,QkCkRebE,53.0
477,0,UaWwvNMO,nJRBvlcT,154.0
187,0,vXPGJwVk,FyIjwLBj,37.0
187,0,hpACGGyB,vXPGJwVk,150.0
319,0,ZdIQslRD,SMhobJmy,124.0
205,0,nMidlhrd,BeiMHrtx,123.0
205,0,JODrgTwh,nMidlhrd,178.0
14,0,GnsXgGJX,wuyFtExA,200.0
14,0,VTHwomVj,GnsXgGJX,157.0
357,0,hxSTJhOz,LPfgjVyT,2097.0
1506,0,paIawFeA,nIakFMcq,165.0
465,0,bjPEDqek,jcExlqwL,736.0
465,0,STSGJiIu,bjPEDqek,363.0
465,0,BGChynOq,STSGJiIu,658.0
426,0,aaOdCJPr,ezbmnBKa,49.0
426,0,EZnTnoxs,aaOdCJPr,49.0
426,0,faYOimYm,EZnTnoxs,39.0
426,0,nObXmJzU,faYOimYm,39.0
1472,0,iOuVBZzk,IHZGJZTs,6.0
1472,0,YmDpkIHQ,iOuVBZzk,951.0
357,0,HvQMjFdy,BYsSDXCP,1411.0
798,0,GpnhEWuy,nTEapSQO,82.0
1506,0,vRWSdFEN,BpAiVnps,1493.0
1506,0,tRncbstl,CsDsDrdU,1300.0
357,0,QDIpIlEK,tRncbstl,38.0
1435,0,EXTmTMKf,QhiYKyAt,379.0
1472,0,kohCEyKT,FaHpkwNs,60.0
1532,0,RVEyrwjR,FUctipSE,127.0
1512,0,DeiIsjyA,HQVZivsH,1144.0
77,0,OUTzwMHI,yGnjFAhM,424.0
992,0,HxnLIWQq,deapEAbC,850.0
561,0,TEuwlied,dqlcNUVh,774.0
357,0,lRwVVbKf,gJicbLzN,46.0
477,0,NBopaFdP,vkAUVqtk,99.0
1512,0,CbcrfuAf,AUmOMGnp,73.0
1512,0,GbYxEXTt,qPtpgxic,73.0
1512,0,gGkadTNm,GbYxEXTt,109.0
727,0,YmDpkIHQ,rHyPKpnR,127.0
727,0,uXKxCjNA,cfShLPmI,2.0
1472,0,YmDpkIHQ,uXKxCjNA,16.0
727,0,nsbHlbAq,OsBkWRQx,24.0
16,0,yhXmuUeN,rnFrOJMw,75.0
77,0,TNZDhyQb,rloRqLNl,959.0
419,0,ALSylDBQ,NQaaFyOm,841.0
1472,0,xjaGpszF,UFoaQvGg,612.0
1472,0,ALSylDBQ,xjaGpszF,612.0
357,0,NQaaFyOm,qpacHTVx,146.0
426,0,YmDpkIHQ,nObXmJzU,35.0
1472,0,FyoAuDvn,NXLrCKMp,1107.0
1472,0,WOOyqinT,FyoAuDvn,1746.0
1245,0,fQIJDuOA,jIFrASnh,154.0
1245,0,lWMzEGsN,fQIJDuOA,138.0
1532,0,FZsFzszJ,gzTQJVMW,17.0
1532,0,mNGfniSu,FZsFzszJ,119.0
234,0,AHLLTOdf,JSZZmOIY,372.0
234,0,xewbkqhz,AHLLTOdf,370.0
234,0,mklbELhb,xewbkqhz,370.0
234,0,yhXmuUeN,mklbELhb,361.0
491,0,FTwVCxQy,FiMPvgnV,148.0
491,0,zavSPsgu,nUYnioIh,199.0
491,0,qFzqwYZZ,zavSPsgu,87.0
321,0,sCyvkPkr,XwcxmOai,212.0
419,0,RuAJZyMI,cNypyxpr,21.0
477,0,ifLglfbO,VhgapMoa,145.0
1472,0,yrlDljAC,IoxYvxeH,4.0
1472,0,XAxmwtqw,yrlDljAC,4.0
1472,0,ThGrfpxl,XAxmwtqw,4.0
250,0,hpCuKAjH,qflzswAf,123.0
250,0,tyeyrnYi,hpCuKAjH,89.0
419,0,NQaaFyOm,FyoAuDvn,124.0
419,0,nsbHlbAq,WhHfbZWj,6.0
1395,0,FyoAuDvn,cfrRCwNB,58.0
1512,0,NXLrCKMp,ALhaazBT,16.0
1512,0,FyoAuDvn,NXLrCKMp,10.0
37,0,BaKUDeNn,tjYcJLRB,1000.0
477,0,SemNVHvd,fkZFUNSd,410.0
419,0,FliRNcXy,lctVuVOk,1479.0
419,0,lctVuVOk,iPNesxKP,339.0
77,0,FliRNcXy,MBTcSIip,48.0
1245,0,gaLZwYvS,RkbXqAIs,126.0
1180,0,BJDTCJYP,VMzKgUSR,107.0
419,0,hSRFRBsa,FhKkSAFH,772.0
465,0,hSRFRBsa,WEgiiGlQ,72.0
77,0,NuyYqrDq,ZNFFlclk,39.0
37,0,FliRNcXy,FTwVCxQy,531.0
419,0,cTQVugNT,QjBtnCad,1788.0
419,0,taEXnGBL,yQIotbyH,213.0
419,0,rZoajhYh,taEXnGBL,222.0
419,0,BaKUDeNn,rZoajhYh,267.0
419,0,CTdLzzOf,ALSylDBQ,738.0
419,0,lctVuVOk,CTdLzzOf,637.0
419,0,LfENZYTF,TNZDhyQb,108.0
419,0,FliRNcXy,LfENZYTF,59.0
77,0,WUWIxCFc,DYvQviUy,42.0
77,0,ZNFFlclk,wGTdgRcU,71.0
77,0,RfEbENxd,jQaLNViL,34.0
37,0,BaKUDeNn,rZoajhYh,30.0
419,0,FyoAuDvn,qKeCDDXI,137.0
77,0,wGTdgRcU,BzJNmTUM,34.0
477,0,WPPGaTFA,RupFhEwj,290.0
477,0,zavSPsgu,WPPGaTFA,285.0
477,0,UrQlyWkl,zavSPsgu,285.0
477,0,POdtxoZm,UrQlyWkl,225.0
477,0,svamcGgQ,yZEnTGkU,264.0
477,0,fkZFUNSd,svamcGgQ,107.0
477,0,vBGGqNND,zYpZYpOA,758.0
477,0,BgYvcKFh,vBGGqNND,63.0
1619,0,FhKkSAFH,nPkrzCty,169.0
720,0,kjxfKqbD,lOtREfVG,31.0
751,0,AjvyZYOZ,HKxWWoBG,124.0
427,0,nObXmJzU,HeRWBWAv,24.0
427,0,ScxuUYRs,nObXmJzU,26.0
427,0,HzpUPWzy,ScxuUYRs,27.0
664,0,rlRRFZPO,BOjJhphU,7.0
664,0,JXTJImqP,rlRRFZPO,7.0
664,0,zZjujLYd,JXTJImqP,7.0
664,0,tkQUdzPW,zZjujLYd,7.0
664,0,xaaBiNQT,tkQUdzPW,7.0
664,0,eddhjHaw,xaaBiNQT,21.0
664,0,HzpUPWzy,eddhjHaw,21.0
1472,0,CTdLzzOf,ALSylDBQ,815.0
1472,0,yHDouIXe,CTdLzzOf,815.0
1139,0,sHwmfZBx,ytUqATXS,178.0
1139,0,OJyOyFXO,sHwmfZBx,178.0
1139,0,ezbmnBKa,OJyOyFXO,178.0
426,0,FBwCHGmG,mLBQtksd,93.0
426,0,ezbmnBKa,FBwCHGmG,93.0
1139,0,qGIkRenz,yrWAEsGy,163.0
1139,0,ytUqATXS,qGIkRenz,163.0
1139,0,hCbDNPhh,kzneBolb,129.0
1139,0,oFLgHrco,hCbDNPhh,129.0
1139,0,yrWAEsGy,oFLgHrco,129.0
232,0,KUCrTzrk,LArfnWEk,938.0
232,0,CwNQJSvp,KUCrTzrk,21.0
357,0,yoveVXvd,CwNQJSvp,77.0
357,0,fvJrDdyT,yoveVXvd,358.0
357,0,ICtDTIBO,fvJrDdyT,49.0
1512,0,anWZyaGW,gzTQJVMW,921.0
1065,0,OfWHUDWP,TQJSOMwc,367.0
1472,0,oxTBBssU,utwkusWF,26.0
1472,0,NppIhzQC,oxTBBssU,26.0
1472,0,anWZyaGW,NppIhzQC,26.0
1506,0,LKVeVUNI,gViLrCgA,1056.0
1506,0,tRncbstl,FYonLsVT,52.0
1512,0,GtMUYUwJ,TAPXcjBe,978.0
836,0,anWZyaGW,DeiIsjyA,23.0
1512,0,BYsSDXCP,CbcrfuAf,56.0
1512,0,BYsSDXCP,zjSAMvDn,18.0
1472,0,hxSTJhOz,fubLBmAl,25.0
1472,0,yHDouIXe,hxSTJhOz,19.0
1472,0,MOTjsakF,yHDouIXe,35.0
419,0,aFlzccOO,iOuVBZzk,92.0
419,0,IgEBJNwX,CTdLzzOf,115.0
419,0,NuyYqrDq,BaKUDeNn,102.0
419,0,lWMzEGsN,NuyYqrDq,102.0
419,0,IgEBJNwX,lWMzEGsN,81.0
1245,0,aFlzccOO,DSOJysaP,3.0
1245,0,gpaAUChy,NuyYqrDq,176.0
80,0,cQHgTjKq,wGTdgRcU,37.0
80,0,IgEBJNwX,cQHgTjKq,37.0
143,0,tTjpyeuP,RtTLxXUv,680.0
143,0,QMiQTlda,tTjpyeuP,681.0
419,0,zjGRmLyo,JGydtICe,522.0
77,0,yOopALph,tndfGrTh,415.0
77,0,gpaAUChy,yOopALph,76.0
143,0,RtTLxXUv,YspLWkZX,896.0
37,0,aFlzccOO,iYMJvRAf,5.0
37,0,CgMBzfIg,OXvlrfnG,3.0
37,0,SGVPbDEb,CgMBzfIg,31.0
37,0,Uacajbua,ZJxogzZw,326.0
37,0,ZLCIvgrp,Uacajbua,351.0
477,0,yZEnTGkU,SqxhBMol,54.0
1198,0,GigUVtty,mVhkAqwx,1.0
235,0,FZYojuVE,niqrIlpR,460.0
321,0,neNWquOh,QHFmFyLR,161.0
1472,0,gpaAUChy,IoxYvxeH,2.0
1506,0,BpAiVnps,PIUpvPaY,1004.0
1472,0,gpaAUChy,fMrlznIn,26.0
357,0,zjSAMvDn,xbiDwIOu,4576.0
47,0,FZsFzszJ,kKKRBhFF,91.0
357,0,zjSAMvDn,bZroqIhX,239.0
1472,0,zjSAMvDn,hxSTJhOz,77.0
357,0,neNWquOh,QHFmFyLR,596.0
1512,0,OrbXRiVv,anWZyaGW,19.0
1512,0,gzTQJVMW,RVEyrwjR,375.0
1512,0,BZCtSmhk,ywuGpANM,591.0
1512,0,SEVBrkvc,BZCtSmhk,1017.0
1512,0,FZsFzszJ,SEVBrkvc,1584.0
1512,0,OrbXRiVv,FZsFzszJ,58.0
1395,0,OrbXRiVv,anWZyaGW,230.0
1395,0,xOHMcnRu,eusqYKWT,43.0
1395,0,zjSAMvDn,xOHMcnRu,6.0
1395,0,olAnplnl,UgzfanVk,35.0
1395,0,EocVuyzS,olAnplnl,1678.0
1395,0,TEKQTTfp,lwcIkPvE,1679.0
1395,0,xOHMcnRu,TEKQTTfp,5.0
1030,0,aIrbaHhk,aaeLLxLj,101.0
1398,0,DOGyniWl,aIrbaHhk,112.0
1398,0,bOiSLYGO,DOGyniWl,98.0
1398,0,fubLBmAl,bOiSLYGO,218.0
1398,0,zjSAMvDn,fubLBmAl,1.0
720,0,IHZGJZTs,qflzswAf,417.0
572,0,fOfcyQgJ,iWoOHVbT,328.0
572,0,YXOKWXAw,fOfcyQgJ,328.0
47,0,KcvPUxQg,ePrpofUw,199.0
1198,0,rWiIOjNx,NOvwuYxD,188.0
1198,0,xbiDwIOu,rWiIOjNx,2.0
688,0,MmtauPfr,TPsFloRu,16.0
1140,0,eddhjHaw,xaaBiNQT,17.0
1140,0,MmtauPfr,eddhjHaw,17.0
427,0,NmoBNBiw,HzpUPWzy,3.0
427,0,MmtauPfr,NmoBNBiw,3.0
293,0,FZYojuVE,sAswhpJr,45.0
1472,0,DYvQviUy,rDSiGFpR,94.0
77,0,DYvQviUy,TiulEaYs,22.0
1245,0,IgEBJNwX,gpaAUChy,24.0
1245,0,ZBegLuFw,IgEBJNwX,24.0
1245,0,ZBegLuFw,fQIJDuOA,16.0
77,0,jOvjucEC,uRlXNIwL,240.0
77,0,HbaaqMIK,jOvjucEC,207.0
77,0,DYvQviUy,HbaaqMIK,164.0
1472,0,rDSiGFpR,LbKosGpD,19.0
682,0,goaumTLR,jXeBpcDF,43.0
682,0,vNMxowJX,goaumTLR,41.0
682,0,RfzcmazU,vNMxowJX,41.0
682,0,xiTGCYEl,RfzcmazU,103.0
682,0,IHZGJZTs,xiTGCYEl,24.0
1472,0,DYvQviUy,ALSylDBQ,309.0
419,0,knCDNjnp,mLBQtksd,35.0
419,0,nYVfIRsk,knCDNjnp,35.0
1141,0,QontmjvH,JIllbhjr,99.0
1141,0,flXjJYer,QontmjvH,99.0
1141,0,oBtsEQRM,flXjJYer,99.0
1141,0,UFoaQvGg,oBtsEQRM,99.0
1141,0,uxsctOEt,UFoaQvGg,99.0
1141,0,lsFGVtlq,uxsctOEt,99.0
1142,0,UFoaQvGg,RfEbENxd,37.0
1142,0,lsFGVtlq,UFoaQvGg,37.0
419,0,Yhslgmod,NCVzutVL,562.0
419,0,lsFGVtlq,Yhslgmod,595.0
1453,0,lsFGVtlq,uxsctOEt,75.0
682,0,YLjwrcCY,zfZPgPol,69.0
682,0,RfzcmazU,YLjwrcCY,69.0
682,0,jkmSVBKz,QkCkRebE,133.0
682,0,zfZPgPol,jkmSVBKz,13.0
1472,0,rDSiGFpR,gFAsBeQM,7.0
1472,0,iOuVBZzk,NCVzutVL,40.0
1318,0,STSGJiIu,TdfMaTlB,631.0
1318,0,vpctkpYQ,STSGJiIu,3391.0
1318,0,HuqqdbXr,bZroqIhX,47.0
1318,0,LKVeVUNI,BpAiVnps,2646.0
720,0,IESGsZGI,QDIpIlEK,219.0
720,0,MnTeelLR,IESGsZGI,534.0
720,0,knCDNjnp,MnTeelLR,1625.0
720,0,nYVfIRsk,knCDNjnp,101.0
679,0,uxsctOEt,UFoaQvGg,49.0
419,0,UFoaQvGg,RfEbENxd,19.0
419,0,DYvQviUy,UFoaQvGg,19.0
1472,0,DpeufCiu,SGVPbDEb,18.0
1419,0,vOKcaAnW,VgUdLlOW,58.0
1419,0,yfIoPTHo,vOKcaAnW,68.0
37,0,DYvQviUy,tjYcJLRB,17.0
720,0,NzFpkpXH,rRGVruPM,342.0
720,0,nPkrzCty,knCDNjnp,117.0
720,0,iOuVBZzk,nPkrzCty,1.0
1472,0,Yhslgmod,NCVzutVL,42.0
357,0,GbYxEXTt,LPfgjVyT,2007.0
357,0,ItndWSiW,GbYxEXTt,2336.0
357,0,neNWquOh,TShNRujB,473.0
250,0,xiTGCYEl,FhKkSAFH,343.0
1748,0,xiTGCYEl,rRGVruPM,905.0
762,0,dHuMOmqh,QiaFfhxS,979.0
798,0,xiTGCYEl,mdiSFJRM,401.0
460,0,kjxfKqbD,tzYrVhKO,183.0
419,0,tyeyrnYi,HeRWBWAv,150.0
253,0,DOGyniWl,tyeyrnYi,57.0
1472,0,NXLrCKMp,gyQqEnFq,327.0
205,0,kjxfKqbD,hSRFRBsa,15.0
357,0,LPfgjVyT,cniBuICf,33.0
1512,0,cNuIRYrx,FZsFzszJ,1700.0
1512,0,yNIUaSyZ,cNuIRYrx,2007.0
1512,0,xiTGCYEl,yNIUaSyZ,2002.0
679,0,HRURJMPd,KHbKaRBy,47.0
682,0,xiTGCYEl,nYVfIRsk,685.0
1472,0,fubLBmAl,rDSiGFpR,673.0
367,0,iZfXNAue,qKeCDDXI,326.0
367,0,DOGyniWl,iZfXNAue,221.0
1748,0,rRGVruPM,GpnhEWuy,2.0
1472,0,DYErCrqd,jQaLNViL,81.0
1512,0,SEVBrkvc,WFZVQzrl,435.0
357,0,GbYxEXTt,YmkUpvHU,495.0
1512,0,hpACGGyB,AXkvSZpr,789.0
1468,0,liXJvIPl,PZviXSbJ,79.0
1468,0,xiTGCYEl,liXJvIPl,19.0
1468,0,PZviXSbJ,hHvKehYu,3.0
357,0,ZsdtRkBt,heuaCWro,210.0
1435,0,xgzyCPTg,HAmwZMhM,119.0
1435,0,gGkadTNm,xgzyCPTg,72.0
1512,0,DOGyniWl,gGkadTNm,111.0
1472,0,NywKsdyg,CVgWcLrS,4.0
1472,0,xbhuXgnr,NywKsdyg,7.0
143,0,YmkUpvHU,xbhuXgnr,422.0
143,0,GMrJWgHs,FtWuEuzF,1122.0
143,0,pRBbbEoD,GMrJWgHs,1190.0
1750,0,pPKqPUVW,JafVjQhg,167.0
1419,0,BZCtSmhk,HOwZAROe,78.0
798,0,cNuIRYrx,bZroqIhX,248.0
367,0,GbYxEXTt,tcbhlVZo,60.0
253,0,fMrlznIn,kjxfKqbD,363.0
253,0,DOGyniWl,fMrlznIn,404.0
798,0,mdiSFJRM,bmqZcfhO,221.0
565,0,LDSuadxM,OhBAPvsb,196.0
762,0,OXvlrfnG,IulxyPoH,198.0
367,0,GbYxEXTt,OXvlrfnG,202.0
367,0,KnIeolpt,RyhuDLev,339.0
798,0,YmkUpvHU,AKaXSKPc,54.0
798,0,GbYxEXTt,YmkUpvHU,7.0
992,0,SGVPbDEb,wssOAckJ,328.0
1554,0,mdiSFJRM,dHuMOmqh,23.0
780,0,BsovYeFI,cgSMZptb,2.0
75,0,zKpOsJgw,TzZKgVDl,205.0
80,0,EkWBPXmr,zKpOsJgw,161.0
1512,0,tOhgfmkj,cPCRxZjy,300.0
1512,0,FjwhCXAK,tOhgfmkj,283.0
736,0,RhHvrSFQ,XQiQvefE,85.0
736,0,EIHKZlEa,RhHvrSFQ,85.0
736,0,FZsFzszJ,EIHKZlEa,1082.0
736,0,vjVhbIrq,qatuIGdU,319.0
736,0,EIHKZlEa,vjVhbIrq,821.0
736,0,vjVhbIrq,bInfxKVp,1404.0
449,0,eciAPzhn,RoAYEvND,17.0
449,0,cNuIRYrx,eciAPzhn,17.0
449,0,tOfkaukv,cNuIRYrx,17.0
449,0,xiTGCYEl,tOfkaukv,17.0
720,0,kjxfKqbD,nsbHlbAq,222.0
253,0,eTJQHplR,bOiSLYGO,284.0
253,0,bZroqIhX,eTJQHplR,138.0
253,0,xiTGCYEl,bZroqIhX,138.0
1318,0,rxlNLBXr,MyzsDSvl,3511.0
1512,0,FZsFzszJ,MlqbsUKu,31.0
1395,0,xiTGCYEl,yNIUaSyZ,207.0
1395,0,fjFZwaYy,TFSGEQcQ,52.0
1395,0,lSWJJvzr,fjFZwaYy,112.0
1395,0,nsbHlbAq,lSWJJvzr,405.0
1395,0,xiTGCYEl,nsbHlbAq,405.0
465,0,nPkrzCty,xMTNzVPt,25.0
1226,0,OyAyNkqZ,bjEpkupt,12.0
853,0,gzZgDndk,KwaxxmSs,243.0
853,0,NBopaFdP,gzZgDndk,184.0
853,0,yNIUaSyZ,NBopaFdP,184.0
853,0,xiTGCYEl,yNIUaSyZ,184.0
1395,0,fMrlznIn,jappmlZc,18.0
1395,0,WOOyqinT,fMrlznIn,18.0
1395,0,fjFZwaYy,WOOyqinT,29.0
1395,0,NQaaFyOm,IoxYvxeH,563.0
1395,0,FwybjYQK,NQaaFyOm,823.0
1395,0,GbYxEXTt,tyeyrnYi,87.0
736,0,FZsFzszJ,AoRkaUmb,342.0
1318,0,ogOCBKAf,ZTMEdEeK,1.0
1398,0,GbYxEXTt,dYlTtQAF,29.0
253,0,ZqOseExI,SPorkGXj,15.0
253,0,rnFrOJMw,ZqOseExI,15.0
253,0,rBCwdRqs,rnFrOJMw,15.0
253,0,GpnhEWuy,rBCwdRqs,19.0
253,0,nsbHlbAq,GpnhEWuy,37.0
253,0,nzTRQfUi,nsbHlbAq,48.0
401,0,gGkadTNm,qWvzRbGV,748.0
245,0,qPaBcVFr,HnEviCBr,3.0
245,0,otuYkIZd,qPaBcVFr,3.0
245,0,gnmwaIOJ,nCsqpnJo,12.0
293,0,VyHGAkTo,uVsOstge,2.0
992,0,nermFKBU,tcbhlVZo,1.0
992,0,GMrJWgHs,nermFKBU,1.0
367,0,TcsyXYNn,GMrJWgHs,1.0
187,0,vSdfqYeK,BpAiVnps,209.0
720,0,iOuVBZzk,NPqatCDm,45.0
720,0,cHhWsWUg,nYVfIRsk,432.0
720,0,mLBQtksd,cHhWsWUg,432.0
77,0,DYvQviUy,OdzEGWPG,24.0
1472,0,uxsctOEt,RfEbENxd,27.0
77,0,zKpOsJgw,YpZAWuci,17.0
77,0,TiulEaYs,zKpOsJgw,44.0
1453,0,BxmxkKGC,ojqTFFWy,21.0
1142,0,sZwmfbNt,BeiMHrtx,66.0
1142,0,oBjbzljy,sZwmfbNt,52.0
720,0,IHZGJZTs,oBjbzljy,16.0
1446,0,DpeufCiu,JGydtICe,273.0
77,0,OdzEGWPG,wDEypHfE,48.0
367,0,qGIkRenz,KnIeolpt,56.0
37,0,aZtqChJJ,SEcoeimf,9.0
77,0,TBShKgjD,yOopALph,105.0
77,0,HbaaqMIK,TBShKgjD,1868.0
367,0,ZLCIvgrp,qjwSVoCq,39.0
367,0,ytUqATXS,ZLCIvgrp,39.0
419,0,FyoAuDvn,gzZgDndk,58.0
1472,0,LOkvvGyU,rRGVruPM,140.0
1472,0,FyoAuDvn,jQaLNViL,632.0
367,0,YVGWiGkc,ytUqATXS,59.0
367,0,YmkUpvHU,YVGWiGkc,61.0
143,0,xbhuXgnr,cfVAtKgo,263.0
419,0,rBCwdRqs,yrlDljAC,27.0
727,0,cfShLPmI,cCEhgrAc,182.0
727,0,mLBQtksd,cfShLPmI,185.0
1180,0,JbCujTci,wzWDodFe,440.0
720,0,nYVfIRsk,WIZPpGvl,383.0
235,0,otuYkIZd,XnPpfSyF,2.0
682,0,mLBQtksd,MAwbjJfJ,211.0
720,0,GpnhEWuy,IESGsZGI,40.0
720,0,SNVRXPiu,GpnhEWuy,248.0
720,0,mLBQtksd,SNVRXPiu,205.0
720,0,tzYrVhKO,WFZVQzrl,160.0
720,0,GpnhEWuy,tzYrVhKO,201.0
727,0,mLBQtksd,rRGVruPM,2.0
367,0,CqPWXNIf,YmkUpvHU,244.0
992,0,KnIeolpt,VriUyyDM,1611.0
367,0,zzxlwhdI,wssOAckJ,108.0
367,0,SEcoeimf,zzxlwhdI,108.0
780,0,mAREpQlu,gzTQJVMW,3816.0
780,0,tnRCfdJr,qRJySzaf,12.0
780,0,tnRCfdJr,fdwLSfsa,261.0
720,0,GpnhEWuy,MnTeelLR,190.0
235,0,SlfNpref,aUPouXsN,17.0
235,0,rnFrOJMw,SlfNpref,10.0
235,0,mdGitRQe,rnFrOJMw,114.0
321,0,RSPZrGBg,UCIDNTPZ,1.0
321,0,xfYjeqNM,RSPZrGBg,1.0
682,0,eTJQHplR,jkmSVBKz,573.0
682,0,mLBQtksd,eTJQHplR,956.0
682,0,eTJQHplR,XtlnoPeE,12.0
1506,0,WFZVQzrl,XCZfXGna,288.0
1506,0,IubGYoNi,JKFFGKvY,492.0
1506,0,cCSIoIah,IubGYoNi,126.0
1506,0,WCllcJIC,gViLrCgA,261.0
1506,0,XCZfXGna,elmHqfIN,312.0
1180,0,JbCujTci,eTPMYwkC,115.0
1180,0,JbCujTci,wuDdaesk,3.0
1318,0,rUKSlFeh,yQQuLFAg,111.0
1180,0,JbCujTci,cNuXvIqU,184.0
720,0,iOuVBZzk,IHZGJZTs,56.0
253,0,PyGiRErs,CrOFTJlw,203.0
727,0,cfShLPmI,fMrlznIn,3.0
1366,0,qKeCDDXI,yCXbqkBs,33.0
720,0,WFZVQzrl,glDvUhXc,12.0
1245,0,LfENZYTF,TNZDhyQb,140.0
1245,0,JIllbhjr,LfENZYTF,2385.0
682,0,jIFrASnh,mLBQtksd,1176.0
419,0,LfENZYTF,iPNesxKP,1717.0
682,0,jkmSVBKz,lZYsrfVZ,397.0
1245,0,taEXnGBL,MEVzYGii,31.0
1245,0,rZoajhYh,taEXnGBL,83.0
1245,0,BaKUDeNn,rZoajhYh,88.0
1245,0,jIFrASnh,BaKUDeNn,226.0
37,0,NuyYqrDq,qFzqwYZZ,186.0
1245,0,taEXnGBL,yQIotbyH,52.0
1472,0,TShNRujB,zjSAMvDn,117.0
1245,0,TNZDhyQb,aFlzccOO,84.0
1244,0,YQjdQVmS,DSOJysaP,25.0
1244,0,JIllbhjr,YQjdQVmS,25.0
1142,0,iOuVBZzk,EcsZBajf,73.0
1142,0,MvaVVzVx,iOuVBZzk,73.0
1142,0,cTQVugNT,MvaVVzVx,73.0
1142,0,iAOahMMx,cTQVugNT,496.0
1142,0,LoadLeSC,iAOahMMx,496.0
1142,0,MAwbjJfJ,LoadLeSC,496.0
1142,0,jIFrASnh,MAwbjJfJ,496.0
1245,0,LoadLeSC,VnwdBPma,928.0
1245,0,jIFrASnh,LoadLeSC,928.0
1300,0,dbPZeeiE,nrKKniYe,387.0
682,0,lZYsrfVZ,VCDwRKse,331.0
273,0,CpnDMnJS,nrUfCQxz,111.0
682,0,VCDwRKse,TPsFloRu,246.0
357,0,iPNesxKP,XFLojCJa,46.0
682,0,fRBexIzo,cEwgxjVO,11.0
682,0,XtlnoPeE,fRBexIzo,11.0
682,0,JGbfxLUL,KQSHMGnw,190.0
682,0,IjwLXBRx,JGbfxLUL,190.0
682,0,TPsFloRu,IjwLXBRx,199.0
720,0,cTQVugNT,WIZPpGvl,2742.0
679,0,YmkUpvHU,LRmPOeoe,201.0
1472,0,DYErCrqd,YmkUpvHU,719.0
1472,0,TUpCuZAw,rBCwdRqs,7.0
1472,0,cTQVugNT,MvaVVzVx,150.0
14,0,JXJZtHSD,fkZFUNSd,1.0
37,0,cTQVugNT,fwfbiPwk,34.0
77,0,rGYrQqGa,drmArhka,8.0
37,0,xnBCUPNx,FTwVCxQy,207.0
77,0,XkkxwlXm,ppabfQGz,242.0
1472,0,RfEbENxd,gbxdgQQp,300.0
357,0,LbKosGpD,HvQMjFdy,937.0
1245,0,oBtsEQRM,FliRNcXy,76.0
77,0,XJRnAJHc,aFlzccOO,1888.0
1472,0,cTQVugNT,iOuVBZzk,25.0
720,0,oBjbzljy,nYVfIRsk,1.0
720,0,cTQVugNT,oBjbzljy,246.0
1472,0,YmkUpvHU,qKeCDDXI,293.0
1244,0,flXjJYer,JIllbhjr,1712.0
1244,0,oBtsEQRM,flXjJYer,1712.0
419,0,jQaLNViL,WynPMslR,175.0
419,0,RfEbENxd,jQaLNViL,342.0
80,0,cTQVugNT,OdzEGWPG,83.0
1453,0,RfEbENxd,ojqTFFWy,210.0
77,0,XJRnAJHc,meZHMfSd,255.0
1472,0,zjGRmLyo,xbhuXgnr,4.0
1472,0,YmkUpvHU,rRGVruPM,93.0
1446,0,GnOurcjN,ZKEtlMvK,92.0
1446,0,pjRBTtLk,JZbiEaEt,179.0
1446,0,vHkAlmCm,pjRBTtLk,103.0
1472,0,SGVPbDEb,MtINPaKl,15.0
37,0,RfEbENxd,EkWBPXmr,122.0
465,0,LbKosGpD,NBopaFdP,80.0
77,0,MwUoGUHv,SvkqEtGw,23.0
992,0,wssOAckJ,MlXQVZuf,858.0
780,0,IGRxApsM,yHCBRtBd,796.0
77,0,tndfGrTh,IGRxApsM,107.0
736,0,GYxWnXpv,RVEyrwjR,2422.0
77,0,RfEbENxd,LfENZYTF,90.0
373,0,uuIUswRF,YmeKOmok,6.0
373,0,EBKpcNVh,uuIUswRF,6.0
373,0,jLuliqpT,EBKpcNVh,6.0
373,0,OXvlrfnG,jLuliqpT,6.0
75,0,fXFJjsZH,EWgolfjF,198.0
1741,0,gyQqEnFq,RoAYEvND,47.0
1741,0,RfEbENxd,gyQqEnFq,40.0
477,0,VhgapMoa,CYSggHNR,156.0
1506,0,tDDddUJb,CsDsDrdU,111.0
720,0,EdqXvVeI,nPkrzCty,105.0
720,0,oBjbzljy,EdqXvVeI,105.0
720,0,IESGsZGI,taPJzyhF,321.0
1263,0,ojqTFFWy,gmsNDepi,285.0
720,0,cTQVugNT,iOuVBZzk,255.0
401,0,ogOCBKAf,erxKyHjj,516.0
1472,0,jQaLNViL,gyQqEnFq,698.0
1472,0,RfEbENxd,jQaLNViL,10.0
1140,0,ulSrvocN,nYVfIRsk,104.0
1140,0,CqefHKGq,ulSrvocN,104.0
369,0,knCDNjnp,mLBQtksd,34.0
369,0,nYVfIRsk,knCDNjnp,34.0
369,0,ulSrvocN,nYVfIRsk,67.0
369,0,CqefHKGq,ulSrvocN,67.0
367,0,qjwSVoCq,WynPMslR,150.0
367,0,oFLgHrco,qjwSVoCq,23.0
367,0,vHkAlmCm,GnOurcjN,198.0
367,0,wcUGKfLa,vHkAlmCm,306.0
992,0,VHmQaoRO,JGydtICe,33.0
367,0,oFLgHrco,RyhuDLev,125.0
992,0,KnIeolpt,pjRBTtLk,189.0
367,0,ZLCIvgrp,qGIkRenz,458.0
367,0,oFLgHrco,ZLCIvgrp,200.0
992,0,RyhuDLev,bzkCWXwV,337.0
992,0,SEcoeimf,deapEAbC,730.0
367,0,YVGWiGkc,qKeCDDXI,267.0
367,0,TcsyXYNn,YVGWiGkc,249.0
367,0,ucVTqZIB,TcsyXYNn,270.0
367,0,FDrhtNjK,ucVTqZIB,274.0
367,0,qGIkRenz,FDrhtNjK,345.0
780,0,aNlaxeLS,XUTqNKWc,231.0
780,0,zBPHjWVd,aNlaxeLS,335.0
780,0,mRKfPREJ,zBPHjWVd,468.0
780,0,lRwzpFEA,mRKfPREJ,449.0
367,0,wssOAckJ,obGcbWvT,92.0
992,0,bzkCWXwV,aEhaaulL,59.0
1245,0,TwyfqMnN,TiulEaYs,8.0
720,0,MnTeelLR,mLBQtksd,146.0
1506,0,wDpyEsxh,BpAiVnps,1514.0
1506,0,paIawFeA,wDpyEsxh,369.0
143,0,POsNTwnJ,cfVAtKgo,1.0
736,0,ALhaazBT,FZsFzszJ,1611.0
1532,0,qjwSVoCq,mNGfniSu,90.0
1419,0,qjwSVoCq,GnOurcjN,5.0
1532,0,FUctipSE,IvXmMOhB,828.0
1435,0,vOKcaAnW,ojqTFFWy,75.0
1421,0,WRVBvtIE,aWeSqqrV,9.0
780,0,JKUqFAhf,IGRxApsM,1363.0
1532,0,qjwSVoCq,KzCxlBoL,3.0
1244,0,cNypyxpr,TwyfqMnN,658.0
1244,0,gyQqEnFq,cNypyxpr,658.0
369,0,rSnWVhOw,CqefHKGq,37.0
357,0,QDIpIlEK,zjSAMvDn,3368.0
419,0,mnkgCFDT,lctVuVOk,1878.0
1472,0,QDIpIlEK,BsVmblhs,430.0
460,0,nhSXMXjw,nGRNUPgX,568.0
853,0,XFLojCJa,anWZyaGW,56.0
853,0,neNWquOh,XFLojCJa,56.0
853,0,QDIpIlEK,neNWquOh,56.0
720,0,uaQvVFAB,GpnhEWuy,4.0
720,0,WFZVQzrl,uaQvVFAB,4.0
720,0,QDIpIlEK,WFZVQzrl,4.0
1472,0,mnkgCFDT,UFoaQvGg,773.0
1472,0,VfTFpfzB,WOOyqinT,614.0
143,0,MtINPaKl,mNGfniSu,159.0
143,0,mnkgCFDT,MtINPaKl,215.0
1468,0,VfTFpfzB,aFxztqGh,366.0
1468,0,aFxztqGh,xwyDeZpB,80.0
836,0,QDIpIlEK,GiONHkbf,58.0
1512,0,ywuGpANM,hpACGGyB,257.0
836,0,miDIXkTS,BdeNhZep,175.0
836,0,TdXLhpcB,miDIXkTS,175.0
798,0,DgJlPOry,ZpXtMmnA,153.0
1532,0,HcKLTTXk,lRwVVbKf,292.0
1532,0,IvXmMOhB,HcKLTTXk,292.0
1419,0,xgzyCPTg,HAmwZMhM,783.0
1419,0,RSQixiib,xgzyCPTg,1438.0
1748,0,GTWLqqnN,JafVjQhg,635.0
1748,0,wefAcLKj,GTWLqqnN,635.0
1748,0,XHLHCkqn,wefAcLKj,635.0
1748,0,QDIpIlEK,eTJQHplR,203.0
253,0,QDIpIlEK,WhHfbZWj,540.0
565,0,jvLymITs,SOzmnmNW,60.0
1701,0,pNohcrtk,jBRcoEIn,229.0
1701,0,aHsZaffM,pNohcrtk,30.0
143,0,qufiaPgM,YspLWkZX,406.0
992,0,vHkAlmCm,oLzlCKof,50.0
1512,0,SEVBrkvc,gzTQJVMW,42.0
1512,0,QDIpIlEK,GiONHkbf,67.0
235,0,AHLLTOdf,JSZZmOIY,236.0
313,0,mnkgCFDT,ORsEDdLG,112.0
313,0,LKVeVUNI,CBYTSJWX,19.0
313,0,CsDsDrdU,LKVeVUNI,83.0
313,0,zgCGmKZn,CsDsDrdU,84.0
313,0,JKFFGKvY,zgCGmKZn,2.0
313,0,mnkgCFDT,JKFFGKvY,4.0
1506,0,RVGhYAxc,TCqyxHhF,4.0
108,0,AszcEtOu,rBcVngYR,180.0
1506,0,zgCGmKZn,aYSqaQmJ,1258.0
313,0,XjEyEHqT,KjgVoxgR,72.0
313,0,RVGhYAxc,XjEyEHqT,83.0
720,0,QDIpIlEK,FhKkSAFH,15.0
1300,0,AmahvgQB,XMWgellz,228.0
253,0,yrlDljAC,IoxYvxeH,223.0
253,0,QDIpIlEK,yrlDljAC,175.0
1512,0,ywuGpANM,MlqbsUKu,93.0
253,0,WhHfbZWj,MklhhYCQ,1026.0
235,0,jnDfAorM,mvZTxord,414.0
1435,0,EXTmTMKf,BxmxkKGC,1505.0
143,0,mnkgCFDT,EXTmTMKf,146.0
1085,0,riqYNvhO,nAqhCgXt,434.0
108,0,vHRzQkLM,MQGhRgQS,14.0
108,0,oPITKJYe,vHRzQkLM,14.0
108,0,POTYMsFk,oPITKJYe,14.0
253,0,FhKkSAFH,glDvUhXc,70.0
253,0,WhHfbZWj,FhKkSAFH,94.0
77,0,TBShKgjD,EkWBPXmr,1584.0
77,0,aXWsLpyQ,HbaaqMIK,1406.0
77,0,XJRnAJHc,aXWsLpyQ,3040.0
720,0,kdVJdnYB,cTQVugNT,3848.0
720,0,gyQqEnFq,kdVJdnYB,3670.0
14,0,JXJZtHSD,nrKKniYe,84.0
720,0,cNypyxpr,qflzswAf,656.0
1245,0,XypZkLUe,TAifzqok,8.0
77,0,aFlzccOO,dwUntJQR,8.0
77,0,gaLZwYvS,qFzqwYZZ,753.0
357,0,bZroqIhX,TShNRujB,4074.0
77,0,aFlzccOO,DYvQviUy,83.0
1244,0,TwyfqMnN,oBtsEQRM,657.0
77,0,TBShKgjD,OdzEGWPG,151.0
1419,0,vHkAlmCm,GnOurcjN,518.0
1435,0,SapgsLPr,ejMjPdTH,1635.0
1435,0,gyQqEnFq,SapgsLPr,1547.0
1421,0,gyQqEnFq,HLAPntjh,132.0
1419,0,opPTwucI,KabAcwBq,183.0
1419,0,vHkAlmCm,opPTwucI,311.0
1421,0,gyQqEnFq,wHHoYczm,228.0
143,0,EXTmTMKf,tcbhlVZo,2239.0
1446,0,gyQqEnFq,jQytwadI,350.0
1446,0,BMDeXhVp,RchOKnYD,56.0
1446,0,jQytwadI,BMDeXhVp,56.0
736,0,BgrWMruP,tNjBpHdR,168.0
736,0,BlIFmvgd,BgrWMruP,161.0
736,0,FZsFzszJ,BlIFmvgd,264.0
1435,0,gyQqEnFq,qjwSVoCq,152.0
992,0,zjGRmLyo,VHmQaoRO,11.0
992,0,EXTmTMKf,zjGRmLyo,11.0
780,0,ejMjPdTH,xnXFAboh,807.0
736,0,ALhaazBT,GYxWnXpv,1333.0
736,0,HeSMGtlu,NxbXiMUL,262.0
736,0,FZsFzszJ,HeSMGtlu,264.0
762,0,llFTEWtD,OXvlrfnG,50.0
1435,0,gyQqEnFq,BZCtSmhk,639.0
1099,0,uaUalZjh,HXvpcqcH,122.0
780,0,DgYBMgPg,mAREpQlu,1820.0
1102,0,XQUhYonT,ywTbPNnN,54.0
1102,0,JvDZYJph,XQUhYonT,51.0
293,0,BqZQArDi,NfeOUEsA,82.0
899,0,pkAaqtnD,aPOYjvXT,40.0
780,0,mAREpQlu,pkAaqtnD,1582.0
491,0,GigUVtty,mVhkAqwx,31.0
1198,0,BqZQArDi,SMriOOgF,1027.0
1564,0,WvPJYXMk,fmQEzQWV,244.0
1564,0,gyQqEnFq,WvPJYXMk,192.0
1506,0,WFZVQzrl,dbPZeeiE,88.0
720,0,XiaLQvRI,NPqatCDm,103.0
720,0,gNlImmtJ,XiaLQvRI,103.0
720,0,kdVJdnYB,gNlImmtJ,103.0
1619,0,rxAHdfLr,NztIaxQU,110.0
1619,0,dGXuUmCy,rxAHdfLr,110.0
1619,0,VTHwomVj,dGXuUmCy,110.0
1506,0,WFZVQzrl,GYfZYaJh,12.0
1506,0,wDpyEsxh,nIakFMcq,1444.0
1506,0,rJRvqICk,wDpyEsxh,1245.0
1506,0,BpAiVnps,rJRvqICk,381.0
47,0,ALhaazBT,ePrpofUw,180.0
1263,0,qnxnYECs,ojqTFFWy,976.0
401,0,cXqKNsgk,ogOCBKAf,217.0
1435,0,ejMjPdTH,SVPLEqNI,1778.0
736,0,ALhaazBT,YqlTLIQa,201.0
1435,0,BZCtSmhk,puwcRgFs,2.0
460,0,cPCRxZjy,nGRNUPgX,511.0
1506,0,gLCWwgiT,IfDrXrwx,17.0
992,0,MtINPaKl,obGcbWvT,17.0
762,0,PXPVuGmP,CqPWXNIf,6.0
798,0,VfTFpfzB,MttNRhjN,4.0
780,0,LTfflVxG,qRJySzaf,103.0
253,0,funWfCdm,CEZTRnUo,15.0
253,0,yrlDljAC,funWfCdm,26.0
1398,0,TEKQTTfp,YzXnYVPd,378.0
1398,0,ZIPCqImv,TEKQTTfp,4.0
1398,0,cwgbfpqq,GpnhEWuy,1151.0
1398,0,ZIPCqImv,cwgbfpqq,902.0
253,0,hSRFRBsa,nzTRQfUi,54.0
253,0,HezLsNFQ,kjxfKqbD,143.0
1512,0,qPtpgxic,qeXIqBgp,67.0
1398,0,ZuDlysuz,GbYxEXTt,25.0
1398,0,WhHfbZWj,ZuDlysuz,26.0
1398,0,tRncbstl,WhHfbZWj,298.0
1398,0,QDIpIlEK,tRncbstl,1.0
253,0,GiONHkbf,lsBVGYKC,370.0
253,0,QDIpIlEK,GiONHkbf,5.0
727,0,gnmwaIOJ,nCsqpnJo,12.0
727,0,WhHfbZWj,gnmwaIOJ,162.0
16,0,rSdxnGDj,srZucbpJ,179.0
235,0,RVGhYAxc,rSdxnGDj,276.0
1472,0,UFoaQvGg,HeRWBWAv,119.0
1472,0,gbxdgQQp,UwPVTdeZ,12.0
1472,0,HeRWBWAv,gbxdgQQp,12.0
1512,0,BZCtSmhk,jaCrAUFK,519.0
1512,0,mnkgCFDT,WOOyqinT,105.0
419,0,mnkgCFDT,FyoAuDvn,73.0
1512,0,XFLojCJa,XsKXZwOQ,351.0
1512,0,mHRdWDIt,XFLojCJa,217.0
1512,0,YvwuVYMF,mHRdWDIt,308.0
853,0,mnkgCFDT,TShNRujB,54.0
235,0,jFmPCmzM,AjJCgCBk,650.0
1398,0,EhUxMFuQ,ZIPCqImv,181.0
1398,0,mnkgCFDT,EhUxMFuQ,181.0
253,0,CEZTRnUo,qflzswAf,1255.0
253,0,uhUmvvRs,CEZTRnUo,289.0
253,0,mnkgCFDT,uhUmvvRs,167.0
1395,0,JGAJXRSN,jappmlZc,2.0
1395,0,uXKxCjNA,JGAJXRSN,2.0
1395,0,mnkgCFDT,uXKxCjNA,2.0
1395,0,EhUxMFuQ,MhxjGQjy,56.0
1395,0,QHFmFyLR,EhUxMFuQ,56.0
1395,0,mnkgCFDT,QHFmFyLR,58.0
736,0,TkHOmLHQ,AoRkaUmb,881.0
736,0,bInfxKVp,TkHOmLHQ,881.0
1030,0,dAxtDTje,gxidCspv,11.0
253,0,WFZVQzrl,QoKDjrWo,1015.0
1340,0,fGmFhgnx,rckblBTM,21.0
1340,0,QdWOxWia,RVGhYAxc,88.0
1340,0,gViLrCgA,QdWOxWia,28.0
1506,0,WOOyqinT,YmkUpvHU,766.0
1506,0,gViLrCgA,WOOyqinT,726.0
1506,0,voXQjjKh,tRncbstl,222.0
1506,0,gViLrCgA,BpAiVnps,449.0
1506,0,gViLrCgA,wxsBzgDc,420.0
357,0,GiONHkbf,aFxztqGh,75.0
1468,0,WOOyqinT,ZsdtRkBt,19.0
1506,0,voXQjjKh,zUgDRwiy,249.0
1263,0,ALhaazBT,AXkvSZpr,155.0
1506,0,dbPZeeiE,GYfZYaJh,3362.0
1468,0,mwBDLsCe,liXJvIPl,60.0
1468,0,OsteSFoc,mwBDLsCe,60.0
1468,0,rEXMwzJR,OsteSFoc,60.0
1468,0,ZsdtRkBt,rEXMwzJR,60.0
1435,0,KgwKZlse,QhiYKyAt,152.0
1435,0,qPtpgxic,KgwKZlse,127.0
232,0,LDSuadxM,vCxCuCVD,639.0
712,0,isWzWnoW,yLFlKjKg,16.0
143,0,FrOiWYSP,rRGVruPM,585.0
1140,0,rSnWVhOw,CqefHKGq,116.0
1140,0,xfoaGXVJ,rSnWVhOw,116.0
1140,0,kzneBolb,xfoaGXVJ,116.0
1564,0,pRBbbEoD,BpAiVnps,229.0
720,0,rRGVruPM,GpnhEWuy,98.0
143,0,YspLWkZX,sOCYSPUW,764.0
1531,0,pRBbbEoD,YspLWkZX,27.0
143,0,OaJoPLeC,ACkvbmee,475.0
992,0,zzxlwhdI,SGVPbDEb,916.0
992,0,selTNsQi,QxkHLGuk,497.0
992,0,FrOiWYSP,selTNsQi,21.0
143,0,FUctipSE,IvXmMOhB,365.0
1532,0,PWitnUnB,FUctipSE,331.0
1532,0,zwmwkNcj,PWitnUnB,359.0
1532,0,DJDPVkXF,zwmwkNcj,76.0
1421,0,DpeufCiu,HAmwZMhM,346.0
992,0,VriUyyDM,DpeufCiu,33.0
992,0,nermFKBU,KnIeolpt,1544.0
992,0,cfVAtKgo,nermFKBU,75.0
1435,0,gzTQJVMW,RVEyrwjR,501.0
1532,0,DJDPVkXF,gzTQJVMW,54.0
1435,0,RTafItqF,vOKcaAnW,2507.0
143,0,cfVAtKgo,OXcUkifL,128.0
1531,0,aWeSqqrV,gyQqEnFq,27.0
1531,0,WRVBvtIE,aWeSqqrV,27.0
1531,0,YspLWkZX,WRVBvtIE,8.0
143,0,ACkvbmee,GnOurcjN,106.0
992,0,SEcoeimf,nermFKBU,1547.0
992,0,nunLDRbE,SEcoeimf,114.0
992,0,SfBAqteg,nunLDRbE,915.0
992,0,mNGfniSu,SfBAqteg,250.0
992,0,nunLDRbE,deapEAbC,120.0
1506,0,tRncbstl,poajKJhB,6.0
37,0,RuAJZyMI,rZoajhYh,689.0
143,0,mNGfniSu,YmkUpvHU,345.0
1419,0,WynPMslR,gyQqEnFq,733.0
34,0,RuAJZyMI,WRVBvtIE,8.0
143,0,sOCYSPUW,mnkgCFDT,764.0
419,0,vHkAlmCm,GnOurcjN,81.0
419,0,WynPMslR,vHkAlmCm,81.0
1419,0,HAmwZMhM,HLAPntjh,293.0
143,0,xbhuXgnr,JGydtICe,119.0
1421,0,vHkAlmCm,FoqpqGcp,28.0
1421,0,WynPMslR,vHkAlmCm,26.0
1435,0,WynPMslR,wbJSAzcX,12.0
1446,0,LsuNFzpq,kVCEAUTv,131.0
1446,0,RuAJZyMI,IulxyPoH,1.0
992,0,AQHsowCO,tTjpyeuP,313.0
992,0,YspLWkZX,AQHsowCO,90.0
992,0,nunLDRbE,VriUyyDM,729.0
992,0,tTjpyeuP,aEhaaulL,45.0
780,0,gGkadTNm,vkArqzKY,235.0
37,0,RuAJZyMI,OXvlrfnG,33.0
1435,0,GnOurcjN,YvwuVYMF,449.0
1435,0,vHkAlmCm,GnOurcjN,130.0
1435,0,WynPMslR,vHkAlmCm,125.0
77,0,FliRNcXy,fXFJjsZH,31.0
1506,0,gLCWwgiT,voXQjjKh,200.0
1506,0,jTofnsvB,aYSqaQmJ,215.0
1506,0,WCllcJIC,jTofnsvB,127.0
419,0,HeRWBWAv,hpCuKAjH,38.0
143,0,cfVAtKgo,pRBbbEoD,33.0
798,0,PXPVuGmP,slfxTuih,417.0
1435,0,WynPMslR,PXPVuGmP,219.0
1180,0,bHagonKv,eTPMYwkC,318.0
1180,0,VcqDmTtv,bHagonKv,936.0
1506,0,wxsBzgDc,LYjhOoFf,1978.0
143,0,mUWkXJQU,mexFgKBp,1742.0
1506,0,gLCWwgiT,rJRvqICk,1046.0
245,0,muVREKCV,KQaXxZDT,12.0
401,0,qWvzRbGV,CRVKBFrv,1457.0
1263,0,zgCGmKZn,eaNsVWDR,564.0
1030,0,WhdKokFf,KCAssTym,137.0
1030,0,agMXkLfj,WhdKokFf,201.0
1506,0,rJRvqICk,tDDddUJb,644.0
1506,0,wxsBzgDc,gLCWwgiT,380.0
1435,0,vHkAlmCm,fQRLOpha,155.0
1472,0,MtINPaKl,tSUFrefk,28.0
1419,0,WvPJYXMk,qjwSVoCq,99.0
1419,0,vHkAlmCm,WvPJYXMk,64.0
1506,0,gLCWwgiT,tRncbstl,11.0
419,0,MtINPaKl,YmDpkIHQ,185.0
1506,0,POsNTwnJ,OXcUkifL,68.0
1750,0,fQRLOpha,vCxCuCVD,120.0
1419,0,GnOurcjN,HOwZAROe,293.0
1506,0,poajKJhB,WFZVQzrl,473.0
762,0,llFTEWtD,IulxyPoH,69.0
762,0,veAXvdUO,QpdZiknK,122.0
798,0,jTofnsvB,veAXvdUO,13.0
1446,0,kohCEyKT,dHuMOmqh,16.0
143,0,POsNTwnJ,DJDPVkXF,21.0
143,0,rRGVruPM,POsNTwnJ,21.0
992,0,QyfZGsFT,JgVaSAtG,137.0
780,0,pzScocJN,ZNFFlclk,499.0
367,0,fubLBmAl,DOGyniWl,81.0
367,0,wqGWmwVd,fubLBmAl,7.0
1506,0,LYjhOoFf,RVGhYAxc,128.0
1506,0,PIUpvPaY,EVAUYvVR,137.0
1506,0,jTofnsvB,PIUpvPaY,218.0
1296,0,jIerKxIb,OpgRCgWV,7.0
143,0,NrNaZyPp,EXTmTMKf,3608.0
1419,0,hpACGGyB,ejMjPdTH,3017.0
1435,0,MtINPaKl,RuAJZyMI,170.0
1263,0,zijvldJJ,SEVBrkvc,562.0
1263,0,zjKsBdNQ,zijvldJJ,597.0
1263,0,vSdfqYeK,zjKsBdNQ,183.0
1263,0,AmahvgQB,vSdfqYeK,106.0
455,0,lTemnVVF,ydoNqUsu,1.0
187,0,AszcEtOu,TDvESTZN,91.0
187,0,uhUmvvRs,AszcEtOu,13.0
1506,0,YhQOzAWJ,BMprcpdo,1159.0
47,0,paIawFeA,QYwjKQRO,98.0
1506,0,elmHqfIN,xQqwXgNZ,3.0
1506,0,zgCGmKZn,AszcEtOu,396.0
357,0,pZATYgJX,hxSTJhOz,1037.0
357,0,aFxztqGh,pZATYgJX,1269.0
357,0,hxSTJhOz,rDSiGFpR,15.0
1468,0,wEeBJTuq,QDIpIlEK,313.0
357,0,aFxztqGh,ZsdtRkBt,92.0
1512,0,eaNsVWDR,AXkvSZpr,28.0
1468,0,xwyDeZpB,ZsdtRkBt,23.0
357,0,hxSTJhOz,suszCmcx,105.0
1468,0,TsfVbSCQ,wEeBJTuq,40.0
1506,0,IfDrXrwx,paIawFeA,29.0
1180,0,waZdIIZY,eTPMYwkC,78.0
1506,0,wDKuLbjL,nIakFMcq,20.0
1106,0,NxZLWDKg,fslmqcXP,82.0
1106,0,ocwJSpah,NxZLWDKg,67.0
77,0,SvkqEtGw,HbaaqMIK,180.0
77,0,gHkojtqc,SvkqEtGw,215.0
77,0,TBShKgjD,IgEBJNwX,39.0
77,0,rZoajhYh,taEXnGBL,8.0
77,0,OdzEGWPG,RfEbENxd,103.0
762,0,JvovwZNp,HqehCtdr,58.0
780,0,YYKDBDRS,JvovwZNp,41.0
780,0,CDXhVrrJ,YYKDBDRS,1432.0
77,0,wDEypHfE,fwfbiPwk,44.0
736,0,ZgqhsueA,GYxWnXpv,711.0
780,0,GpOUDfXM,KgwKZlse,210.0
77,0,OdzEGWPG,yOopALph,39.0
1102,0,uaUalZjh,idAQxYim,47.0
232,0,TsfVbSCQ,wEeBJTuq,2060.0
232,0,LArfnWEk,TsfVbSCQ,2122.0
357,0,NBopaFdP,BYsSDXCP,247.0
357,0,RBVPcVzH,NBopaFdP,98.0
357,0,ZsdtRkBt,RBVPcVzH,92.0
1468,0,NXLrCKMp,xiTGCYEl,98.0
1468,0,FyoAuDvn,NXLrCKMp,98.0
1468,0,WOOyqinT,FyoAuDvn,56.0
1468,0,xwyDeZpB,WOOyqinT,63.0
232,0,ZYYdVixc,VfTFpfzB,197.0
232,0,wEeBJTuq,ZYYdVixc,1206.0
233,0,miDIXkTS,EFeZyZmg,96.0
233,0,TdXLhpcB,miDIXkTS,47.0
233,0,ckoHNDVp,TdXLhpcB,46.0
233,0,kXOxEoFm,lRwVVbKf,96.0
233,0,EFeZyZmg,kXOxEoFm,96.0
836,0,jVrpqaRi,BCaYhIgf,7.0
836,0,BdeNhZep,jVrpqaRi,7.0
836,0,fpBSsIiN,kVypOvQA,8.0
836,0,vDrIQGSM,fpBSsIiN,8.0
836,0,wYGnXViz,vDrIQGSM,8.0
836,0,BCaYhIgf,wYGnXViz,8.0
1300,0,ntDOQspU,JSZZmOIY,3203.0
187,0,lQIpGOTn,BpAiVnps,2.0
253,0,jdMuVkrY,qflzswAf,23.0
1263,0,AXkvSZpr,AoRkaUmb,159.0
1263,0,BLvXEzeq,aYSqaQmJ,264.0
1263,0,ntDOQspU,BLvXEzeq,33.0
1506,0,QdnKSSsO,oNyGHMvy,92.0
1506,0,CsDsDrdU,QdnKSSsO,761.0
1506,0,FYonLsVT,XCZfXGna,3.0
1506,0,ytZuvhKm,YhQOzAWJ,72.0
1506,0,FYonLsVT,ytZuvhKm,40.0
235,0,neNWquOh,bsQVAuyn,129.0
1263,0,OpgRCgWV,BZCtSmhk,10.0
1512,0,lEwLedpG,puwcRgFs,103.0
1468,0,coyRXGtt,rRGVruPM,46.0
1296,0,ntDOQspU,jIerKxIb,2.0
1468,0,ZsdtRkBt,FyoAuDvn,53.0
357,0,coyRXGtt,wEeBJTuq,16.0
1512,0,TAPXcjBe,lEwLedpG,46.0
1472,0,FqxCUuHX,tSUFrefk,183.0
1472,0,SGVPbDEb,LOkvvGyU,1594.0
37,0,SGVPbDEb,NuyYqrDq,667.0
419,0,SGVPbDEb,MtINPaKl,134.0
37,0,NuyYqrDq,BaKUDeNn,49.0
367,0,RyhuDLev,ZLCIvgrp,352.0
369,0,RuAJZyMI,rSnWVhOw,1.0
369,0,MtINPaKl,RuAJZyMI,1.0
369,0,SGVPbDEb,MtINPaKl,1.0
34,0,MtINPaKl,RuAJZyMI,4.0
34,0,SGVPbDEb,MtINPaKl,4.0
143,0,SGVPbDEb,mnkgCFDT,515.0
419,0,MtINPaKl,RuAJZyMI,80.0
143,0,dVVBCEuD,mUWkXJQU,62.0
143,0,KIvXTDlT,dVVBCEuD,62.0
143,0,GnOurcjN,wqGWmwVd,226.0
143,0,ZqBGCTqq,mexFgKBp,684.0
143,0,HxnLIWQq,ZqBGCTqq,773.0
1419,0,qrzeRBPC,RSQixiib,180.0
1419,0,GnOurcjN,qrzeRBPC,276.0
1472,0,EXTmTMKf,zjGRmLyo,1.0
1472,0,yfIoPTHo,EXTmTMKf,1.0
1472,0,GnOurcjN,yfIoPTHo,1.0
1419,0,qrzeRBPC,HLAPntjh,110.0
992,0,VriUyyDM,pjRBTtLk,142.0
992,0,GnOurcjN,yfIoPTHo,391.0
1421,0,GnOurcjN,DpeufCiu,276.0
419,0,yfIoPTHo,zjGRmLyo,107.0
419,0,GnOurcjN,yfIoPTHo,120.0
1435,0,GnOurcjN,FoqpqGcp,58.0
1435,0,htzVSGDL,opPTwucI,524.0
1435,0,SGVPbDEb,htzVSGDL,497.0
1446,0,lUWTaWkd,RZCadHVt,49.0
1446,0,hApOmpAO,lUWTaWkd,49.0
1446,0,yfIoPTHo,hApOmpAO,49.0
1446,0,GnOurcjN,yfIoPTHo,49.0
1435,0,GnOurcjN,hFISFuCO,45.0
1435,0,OyAyNkqZ,gyQqEnFq,9.0
1435,0,XiXLaJEL,OyAyNkqZ,25.0
1435,0,YvwuVYMF,XiXLaJEL,481.0
143,0,MaKoROaE,QMiQTlda,127.0
143,0,EXTmTMKf,MaKoROaE,222.0
143,0,ZqBGCTqq,EXTmTMKf,175.0
992,0,yfIoPTHo,QxkHLGuk,996.0
780,0,hvwrhWFk,OeZVKJdr,65.0
1435,0,SEVBrkvc,gzTQJVMW,84.0
1435,0,opPTwucI,SEVBrkvc,540.0
992,0,MlXQVZuf,JgVaSAtG,20.0
1435,0,eaNsVWDR,XsKXZwOQ,191.0
1435,0,XiXLaJEL,eaNsVWDR,1048.0
367,0,GbYxEXTt,CqPWXNIf,168.0
367,0,HxnLIWQq,GbYxEXTt,242.0
465,0,XiXLaJEL,mHRdWDIt,2926.0
1419,0,vOKcaAnW,NbgxPNNK,40.0
1419,0,HOwZAROe,vOKcaAnW,11.0
1435,0,hpACGGyB,xzbhGFLT,338.0
1435,0,VgUdLlOW,hpACGGyB,339.0
1435,0,YvwuVYMF,VgUdLlOW,59.0
1435,0,hFISFuCO,BxmxkKGC,42.0
1435,0,SEVBrkvc,RTafItqF,456.0
401,0,adPAcDLJ,erxKyHjj,81.0
401,0,dZoxKDmD,adPAcDLJ,94.0
253,0,tyeyrnYi,hpCuKAjH,128.0
253,0,GbYxEXTt,YmkUpvHU,8.0
1468,0,GbYxEXTt,xWbuLRdJ,6.0
712,0,upMsEWKk,EmkugZPX,244.0
253,0,IoxYvxeH,uhUmvvRs,141.0
253,0,rBCwdRqs,yrlDljAC,74.0
313,0,FyIjwLBj,HFYkXdPG,200.0
313,0,EmkugZPX,FyIjwLBj,449.0
143,0,NrNaZyPp,MaKoROaE,16.0
1468,0,eQeMsQqL,coyRXGtt,79.0
1468,0,YmkUpvHU,eQeMsQqL,20.0
761,0,NnzcSqlk,mhTYFecR,828.0
761,0,lUWTaWkd,NnzcSqlk,174.0
780,0,cgSMZptb,ZecyfkGE,63.0
762,0,khOlLZay,CDXhVrrJ,99.0
1506,0,EVAUYvVR,IubGYoNi,276.0
357,0,GgLRqpEG,uhUmvvRs,21.0
357,0,WFZVQzrl,GgLRqpEG,21.0
727,0,nChZnrmr,buRRNGGe,5.0
727,0,WFZVQzrl,nChZnrmr,5.0
1263,0,plWWPiMc,XiXLaJEL,355.0
780,0,VEiYdotb,SEVBrkvc,54.0
1065,0,yTictHOU,TJDsQDoO,21.0
529,0,oUbtCHRB,jwtMzuEb,10.0
529,0,kSklWvZO,oUbtCHRB,10.0
529,0,wVKhsyCZ,kSklWvZO,10.0
1506,0,CsDsDrdU,WFZVQzrl,785.0
720,0,fQmxveIO,hSRFRBsa,54.0
720,0,FFGyTMvJ,fQmxveIO,66.0
720,0,rnFrOJMw,FFGyTMvJ,91.0
720,0,mSXRukCc,rnFrOJMw,128.0
720,0,ZdIQslRD,mSXRukCc,130.0
1263,0,ejMjPdTH,AXkvSZpr,69.0
1263,0,BeiMHrtx,ejMjPdTH,370.0
143,0,NrNaZyPp,gLCWwgiT,710.0
1512,0,AUmOMGnp,WOOyqinT,41.0
1512,0,ysSWNERo,OyAyNkqZ,61.0
1512,0,vyojaKRU,ysSWNERo,46.0
1512,0,lEwLedpG,vyojaKRU,44.0
1512,0,ejMjPdTH,mnkgCFDT,232.0
1512,0,AXkvSZpr,ejMjPdTH,206.0
1263,0,AoRkaUmb,JKFFGKvY,20.0
1512,0,XLVjRryq,UTBcifAN,334.0
1512,0,AXkvSZpr,XLVjRryq,826.0
1263,0,lEwLedpG,ojqTFFWy,336.0
1468,0,DOGyniWl,wWIFrmtv,42.0
1468,0,zjSAMvDn,DOGyniWl,4.0
1512,0,ejMjPdTH,CbcrfuAf,233.0
1512,0,XsKXZwOQ,cPCRxZjy,337.0
1512,0,TAPXcjBe,LPfgjVyT,653.0
1512,0,vyojaKRU,ejMjPdTH,48.0
1263,0,ywuGpANM,GYfZYaJh,206.0
1263,0,oynLwMrX,ywuGpANM,740.0
1263,0,lEwLedpG,oynLwMrX,57.0
1263,0,puwcRgFs,oNyGHMvy,382.0
1263,0,qeXIqBgp,puwcRgFs,53.0
1263,0,AXkvSZpr,qeXIqBgp,12.0
1506,0,GYfZYaJh,PIUpvPaY,157.0
1468,0,vbdtPbuh,GbYxEXTt,147.0
1468,0,GpnhEWuy,QDIpIlEK,96.0
1468,0,YmkUpvHU,rRGVruPM,96.0
1468,0,GbYxEXTt,YmkUpvHU,120.0
1468,0,coyRXGtt,TsfVbSCQ,14.0
1468,0,ckxYXcvo,eQeMsQqL,59.0
1468,0,cyoDDnik,ckxYXcvo,59.0
1468,0,xWbuLRdJ,cyoDDnik,59.0
1468,0,vbdtPbuh,xWbuLRdJ,59.0
1468,0,PZviXSbJ,yNIUaSyZ,76.0
1468,0,yNIUaSyZ,cNuIRYrx,71.0
1468,0,wWIFrmtv,vbdtPbuh,11.0
1506,0,PIUpvPaY,RVGhYAxc,310.0
1506,0,fmQEzQWV,CsDsDrdU,2234.0
187,0,qzuHypgA,vyQyYYqJ,12.0
253,0,bOiSLYGO,nEXpIbiD,265.0
253,0,GYfZYaJh,bOiSLYGO,138.0
1263,0,EVAUYvVR,RVEyrwjR,63.0
253,0,mhgPTzcZ,eTJQHplR,347.0
253,0,svgtEcQx,mhgPTzcZ,21.0
565,0,IKzXRYHu,okgTpqCg,115.0
565,0,gzkuviLm,IKzXRYHu,4.0
565,0,avbDVyxh,FfkqCuZM,362.0
565,0,WywmvGMH,adAJVrkD,232.0
143,0,qufiaPgM,sOCYSPUW,143.0
77,0,jiBUapiv,DKTMYVhM,12.0
77,0,ZsSjTAXN,jiBUapiv,12.0
77,0,QzSmToFg,ZsSjTAXN,12.0
77,0,ZNFFlclk,MwUoGUHv,33.0
836,0,TsfVbSCQ,wEeBJTuq,359.0
836,0,LArfnWEk,TsfVbSCQ,362.0
836,0,KUCrTzrk,LArfnWEk,498.0
836,0,jBqXNfJa,KUCrTzrk,503.0
836,0,ZYYdVixc,VfTFpfzB,28.0
836,0,wEeBJTuq,ZYYdVixc,278.0
1435,0,FjwhCXAK,EXTmTMKf,40.0
1512,0,GiONHkbf,WFZVQzrl,169.0
1512,0,WFZVQzrl,GgLRqpEG,77.0
798,0,ZYYdVixc,HeidvHXY,200.0
357,0,ICtDTIBO,mHRdWDIt,991.0
357,0,heuaCWro,zjQVJpHm,2.0
1512,0,GgLRqpEG,uhUmvvRs,24.0
77,0,wGTdgRcU,OUTzwMHI,382.0
77,0,wGTdgRcU,XJRnAJHc,228.0
77,0,PQuXHWcA,dwUntJQR,40.0
77,0,lndqhzzh,cTQVugNT,322.0
77,0,fXFJjsZH,lndqhzzh,123.0
77,0,YpZAWuci,fXFJjsZH,96.0
77,0,SvkqEtGw,DYvQviUy,11.0
77,0,XkkxwlXm,aBlpKWpT,25.0
77,0,fXFJjsZH,XkkxwlXm,20.0
1453,0,FcnKVDJl,jQytwadI,181.0
1453,0,mIuUuYnu,FcnKVDJl,181.0
780,0,ALhaazBT,ojqTFFWy,45.0
1484,0,VbMcfGsr,EkWBPXmr,35.0
1484,0,lctVuVOk,VbMcfGsr,35.0
1484,0,UgdUAhSn,lctVuVOk,56.0
1506,0,JKFFGKvY,BpAiVnps,1080.0
1506,0,YhQOzAWJ,JKFFGKvY,1016.0
798,0,PgJqeYYy,KIvXTDlT,1008.0
1484,0,lctVuVOk,iPNesxKP,21.0
143,0,KIvXTDlT,mnkgCFDT,502.0
1484,0,PgJqeYYy,LPfgjVyT,211.0
1484,0,cniBuICf,WtPVEKaC,12.0
1484,0,LPfgjVyT,cniBuICf,200.0
1484,0,OrbXRiVv,anWZyaGW,8.0
1484,0,KIvXTDlT,OrbXRiVv,10.0
1484,0,TgzZcdmy,KIvXTDlT,10.0
1484,0,UTBcifAN,TgzZcdmy,10.0
1484,0,UgdUAhSn,UTBcifAN,10.0
1484,0,NXLrCKMp,xiTGCYEl,175.0
1484,0,GbYxEXTt,NXLrCKMp,175.0
1484,0,gLCWwgiT,GbYxEXTt,175.0
1484,0,cniBuICf,gLCWwgiT,175.0
761,0,PgJqeYYy,okaePkJr,755.0
1506,0,YhQOzAWJ,elmHqfIN,228.0
1531,0,QMiQTlda,cfVAtKgo,51.0
1531,0,MaKoROaE,QMiQTlda,51.0
1531,0,NrNaZyPp,MaKoROaE,58.0
1531,0,zUgDRwiy,NrNaZyPp,62.0
1531,0,okaePkJr,zUgDRwiy,76.0
1531,0,PgJqeYYy,okaePkJr,135.0
761,0,okaePkJr,zUgDRwiy,159.0
1484,0,PgJqeYYy,NBopaFdP,3.0
1532,0,tYiGccLM,zfmNZkKD,276.0
1532,0,ULIlEdjB,XHLHCkqn,125.0
1532,0,zfmNZkKD,ULIlEdjB,125.0
1419,0,HLAPntjh,KabAcwBq,997.0
1419,0,KabAcwBq,HOwZAROe,577.0
853,0,eusqYKWT,HezLsNFQ,40.0
762,0,HeidvHXY,MttNRhjN,17.0
762,0,IulxyPoH,PXPVuGmP,552.0
1484,0,xbiDwIOu,TShNRujB,5.0
1484,0,zVYhNTdK,xbiDwIOu,5.0
1484,0,EkWBPXmr,zVYhNTdK,5.0
1506,0,GYfZYaJh,EVAUYvVR,517.0
1506,0,fmQEzQWV,IubGYoNi,1.0
780,0,XFPAZveS,qPtpgxic,3249.0
780,0,gzTQJVMW,gGkadTNm,58.0
780,0,azqUKhQu,qRJySzaf,735.0
1468,0,mwBDLsCe,xiTGCYEl,3.0
357,0,EFeZyZmg,BncETfin,3.0
357,0,CwNQJSvp,EFeZyZmg,3.0
232,0,yoveVXvd,CwNQJSvp,15.0
232,0,fvJrDdyT,yoveVXvd,124.0
357,0,GnVcDFUF,LASpLrUw,23.0
357,0,QzUmfmWq,GnVcDFUF,23.0
357,0,loXKeyiW,QzUmfmWq,23.0
357,0,vDrIQGSM,loXKeyiW,18.0
357,0,wYGnXViz,vDrIQGSM,18.0
357,0,BCaYhIgf,wYGnXViz,18.0
357,0,ULIlEdjB,XHLHCkqn,126.0
357,0,zfmNZkKD,ULIlEdjB,126.0
357,0,LASpLrUw,zfmNZkKD,128.0
357,0,yFEIEiOj,rDSiGFpR,1614.0
357,0,TxpOiGNK,yFEIEiOj,913.0
253,0,OpgRCgWV,bOiSLYGO,70.0
253,0,ntDOQspU,OpgRCgWV,67.0
253,0,ByhOWHwN,ntDOQspU,67.0
253,0,SLTvTFdQ,ByhOWHwN,75.0
253,0,RzpCLtax,SLTvTFdQ,22.0
1512,0,XLVjRryq,puwcRgFs,170.0
357,0,SLTvTFdQ,AXkvSZpr,239.0
357,0,RzpCLtax,SLTvTFdQ,53.0
357,0,YXiYqIfc,RBVPcVzH,9.0
1300,0,QncWjmnC,LBOtcvsG,12.0
1506,0,aYSqaQmJ,AmahvgQB,83.0
477,0,IkxLwyxa,UaWwvNMO,629.0
367,0,YmkUpvHU,qKeCDDXI,49.0
367,0,OXvlrfnG,YmkUpvHU,56.0
1421,0,EzNIKkYA,gyQqEnFq,104.0
561,0,IjDfGHsr,hzAARBgX,20.0
561,0,TFRpjaAo,IjDfGHsr,20.0
561,0,JhdinCeD,TFRpjaAo,114.0
561,0,ZIieNEvD,JhdinCeD,114.0
561,0,jvLymITs,ZIieNEvD,114.0
1747,0,XAYndOhY,KbyuLDsq,4.0
1747,0,msSSSjFI,XAYndOhY,4.0
679,0,HJTsgSzj,gaeBmadp,14.0
853,0,hpCuKAjH,nzTRQfUi,19.0
853,0,tyeyrnYi,hpCuKAjH,23.0
853,0,EKGAgXOm,tyeyrnYi,19.0
1506,0,YhQOzAWJ,XCZfXGna,4.0
1506,0,jTofnsvB,OVaoEscJ,12.0
1531,0,EsFyleAW,PgJqeYYy,84.0
1748,0,ULIlEdjB,XHLHCkqn,3.0
1748,0,zfmNZkKD,ULIlEdjB,3.0
1748,0,nOepWjtB,zfmNZkKD,3.0
1748,0,kNXaohyL,nOepWjtB,3.0
1748,0,gJicbLzN,kNXaohyL,3.0
1532,0,ojqTFFWy,XFPAZveS,1218.0
357,0,KLViSvpH,zjQVJpHm,58.0
37,0,FaHpkwNs,NCVzutVL,17.0
1421,0,phXawcIY,EzNIKkYA,89.0
1435,0,CKorGRkE,ejMjPdTH,311.0
1435,0,phXawcIY,XsKXZwOQ,372.0
1446,0,FaHpkwNs,LDSuadxM,8.0
143,0,QMiQTlda,WFZVQzrl,270.0
1435,0,ezYUwAMR,FZsFzszJ,87.0
1435,0,phXawcIY,ezYUwAMR,47.0
1419,0,BZCtSmhk,ywuGpANM,365.0
1419,0,phXawcIY,BZCtSmhk,8.0
1435,0,TAPXcjBe,ejMjPdTH,64.0
1435,0,qrzeRBPC,TAPXcjBe,47.0
1300,0,XiXLaJEL,tJbXQuOE,318.0
1419,0,qrzeRBPC,ywuGpANM,98.0
1300,0,tJbXQuOE,CpULuhdq,97.0
357,0,OpgRCgWV,mnkgCFDT,30.0
357,0,ntDOQspU,OpgRCgWV,30.0
357,0,AXkvSZpr,ntDOQspU,41.0
357,0,GVbuUhiB,RzpCLtax,52.0
836,0,UeYRldOg,jBqXNfJa,13.0
836,0,fvJrDdyT,UeYRldOg,13.0
836,0,GVbuUhiB,fvJrDdyT,18.0
836,0,eifpduwu,GVbuUhiB,18.0
836,0,NWHVZGmo,eifpduwu,18.0
253,0,GVbuUhiB,RzpCLtax,19.0
253,0,lBcqwpvX,GVbuUhiB,19.0
253,0,NWHVZGmo,lBcqwpvX,19.0
1263,0,ywuGpANM,XiXLaJEL,535.0
357,0,tRncbstl,WFZVQzrl,7.0
1512,0,anWZyaGW,DeiIsjyA,72.0
1435,0,QhiYKyAt,ezYUwAMR,83.0
1435,0,FoqpqGcp,yfIoPTHo,2689.0
1435,0,ALhaazBT,FoqpqGcp,2325.0
1435,0,RyPegcUV,ALhaazBT,903.0
1435,0,HAmwZMhM,RyPegcUV,911.0
143,0,yfIoPTHo,mexFgKBp,990.0
1532,0,FZsFzszJ,FrOiWYSP,51.0
1419,0,qjwSVoCq,WynPMslR,35.0
1419,0,gyQqEnFq,WvPJYXMk,42.0
1419,0,HAmwZMhM,opPTwucI,368.0
1472,0,FaHpkwNs,hxSTJhOz,306.0
1435,0,HAmwZMhM,FaHpkwNs,69.0
1419,0,opPTwucI,HOwZAROe,177.0
1435,0,QhiYKyAt,phXawcIY,406.0
1435,0,FZsFzszJ,gzTQJVMW,11.0
1226,0,UgzfanVk,CEZTRnUo,4111.0
1435,0,yfIoPTHo,EXTmTMKf,182.0
736,0,oYdkYEMp,AUmOMGnp,73.0
1180,0,wPeqfEci,SOVcCDqR,23.0
465,0,eyAJPdep,ZqROcYrU,31.0
419,0,xOHMcnRu,EkWBPXmr,216.0
253,0,lsBVGYKC,WFZVQzrl,1114.0
853,0,xOHMcnRu,RpAFtJSl,98.0
253,0,eusqYKWT,eTJQHplR,211.0
1395,0,xOHMcnRu,UTBcifAN,14.0
357,0,yXKTuRtI,LbKosGpD,1695.0
357,0,OBtWrzof,yXKTuRtI,1977.0
273,0,qvujbmjR,iuOUwLky,505.0
357,0,LbKosGpD,EocVuyzS,1117.0
357,0,OBtWrzof,YXiYqIfc,55.0
233,0,zQfdkFQV,JafVjQhg,239.0
233,0,GTWLqqnN,zQfdkFQV,239.0
233,0,wefAcLKj,GTWLqqnN,237.0
233,0,RxHTaOMh,wefAcLKj,237.0
233,0,WavUqaXE,RxHTaOMh,237.0
233,0,XHLHCkqn,WavUqaXE,237.0
233,0,ULIlEdjB,XHLHCkqn,237.0
233,0,zfmNZkKD,ULIlEdjB,237.0
1142,0,mLFZUgfn,PjfwSZnl,46.0
1142,0,ftrZKujQ,mLFZUgfn,46.0
1142,0,yXKTuRtI,ftrZKujQ,46.0
1421,0,BTtHvEzM,WvPJYXMk,602.0
1221,0,hpACGGyB,MklhhYCQ,151.0
1419,0,RSQixiib,hpACGGyB,3077.0
1435,0,wbJSAzcX,vHkAlmCm,118.0
1435,0,AUmOMGnp,wbJSAzcX,82.0
1435,0,CbcrfuAf,AUmOMGnp,56.0
1435,0,RSQixiib,CbcrfuAf,48.0
1419,0,yfIoPTHo,WynPMslR,416.0
1419,0,GnOurcjN,yfIoPTHo,440.0
1419,0,phXawcIY,GnOurcjN,1091.0
1419,0,RSQixiib,phXawcIY,1661.0
1421,0,RSQixiib,gyQqEnFq,1339.0
465,0,vyojaKRU,LbKosGpD,330.0
1421,0,WvPJYXMk,qjwSVoCq,35.0
143,0,vHkAlmCm,TgzZcdmy,8.0
1419,0,htzVSGDL,vHkAlmCm,691.0
1419,0,xgzyCPTg,htzVSGDL,703.0
1419,0,RSQixiib,HLAPntjh,305.0
1419,0,HAmwZMhM,KabAcwBq,557.0
367,0,GnOurcjN,wssOAckJ,68.0
780,0,xnXFAboh,uaUalZjh,618.0
37,0,FaHpkwNs,JgVaSAtG,21.0
1435,0,BTtHvEzM,XLVjRryq,242.0
1435,0,XLVjRryq,NxbXiMUL,72.0
780,0,VEiYdotb,oeTroIck,276.0
780,0,KzCxlBoL,VEiYdotb,4.0
780,0,ejMjPdTH,KzCxlBoL,4.0
1506,0,KjuJaNsu,dbPZeeiE,765.0
1263,0,hpACGGyB,JKFFGKvY,77.0
235,0,ohvLIfWG,VjdckTjW,424.0
1263,0,zjKsBdNQ,QdnKSSsO,4366.0
1263,0,ejMjPdTH,zjKsBdNQ,375.0
1263,0,HcPkwFHM,svgtEcQx,66.0
1263,0,vyojaKRU,HcPkwFHM,106.0
47,0,ojqTFFWy,rckblBTM,385.0
1419,0,hpACGGyB,BZCtSmhk,397.0
1083,0,XFPAZveS,yAsGVYQM,740.0
1435,0,XWLETkPz,gGkadTNm,3.0
1435,0,BTtHvEzM,XWLETkPz,50.0
77,0,yTNmoAGc,EkWBPXmr,238.0
77,0,ZFSCrBEp,TiulEaYs,58.0
77,0,UWROvtjV,ZFSCrBEp,51.0
77,0,aHnvxyXJ,UWROvtjV,61.0
77,0,ZFSCrBEp,HbaaqMIK,285.0
77,0,yTNmoAGc,OdzEGWPG,8.0
77,0,UWROvtjV,YpZAWuci,10.0
80,0,UWROvtjV,ZIvIwqTW,48.0
80,0,aHnvxyXJ,UWROvtjV,48.0
1180,0,kKKRBhFF,twlwLPZj,71.0
1102,0,UIFNotIh,gXuuFtgr,130.0
1435,0,gyQqEnFq,SgXyhVwd,410.0
1472,0,DHQRQBBP,gzZgDndk,138.0
1472,0,BpeSOGyT,DHQRQBBP,27.0
367,0,GMrJWgHs,ytUqATXS,13.0
1472,0,FaHpkwNs,DpeufCiu,15.0
1472,0,DHQRQBBP,kohCEyKT,7.0
235,0,KwaxxmSs,neNWquOh,1039.0
1472,0,NyGRVwEw,BpeSOGyT,10.0
1419,0,KabAcwBq,WynPMslR,176.0
1419,0,EXTmTMKf,phXawcIY,122.0
1419,0,NbgxPNNK,EXTmTMKf,287.0
1419,0,VgUdLlOW,NbgxPNNK,118.0
1419,0,HLAPntjh,CKorGRkE,214.0
761,0,cQQRUhUD,PgJqeYYy,4.0
761,0,ZpXtMmnA,cQQRUhUD,4.0
1435,0,EzNIKkYA,RSQixiib,245.0
1419,0,XWLETkPz,xgzyCPTg,48.0
1419,0,HLAPntjh,XWLETkPz,28.0
1419,0,KabAcwBq,htzVSGDL,40.0
762,0,fQRLOpha,AhWKwjTz,37.0
736,0,CKorGRkE,NxbXiMUL,334.0
736,0,vDFCntfg,bInfxKVp,972.0
736,0,NxbXiMUL,vDFCntfg,945.0
1419,0,HOwZAROe,ywuGpANM,747.0
1419,0,VgUdLlOW,hpACGGyB,84.0
736,0,mkpQpPSv,ALhaazBT,730.0
736,0,GYxWnXpv,mkpQpPSv,628.0
1512,0,suszCmcx,NxbXiMUL,317.0
357,0,NajoDNFv,pZATYgJX,19.0
37,0,pjRBTtLk,cNypyxpr,767.0
143,0,RtTLxXUv,OXcUkifL,592.0
37,0,cNypyxpr,yQIotbyH,91.0
143,0,OXcUkifL,pRBbbEoD,569.0
37,0,cNypyxpr,cTQVugNT,177.0
37,0,DpeufCiu,IgEBJNwX,1358.0
37,0,deapEAbC,DpeufCiu,1338.0
992,0,RtTLxXUv,VriUyyDM,183.0
143,0,ZKEtlMvK,DHQRQBBP,3.0
143,0,pjRBTtLk,ZKEtlMvK,3.0
992,0,kbNsckqG,zzxlwhdI,407.0
992,0,RtTLxXUv,kbNsckqG,434.0
992,0,RtTLxXUv,nermFKBU,18.0
992,0,MlXQVZuf,EXTmTMKf,702.0
992,0,pjRBTtLk,QyfZGsFT,288.0
1446,0,pjRBTtLk,GnOurcjN,26.0
1446,0,RtTLxXUv,EPWXwPSq,53.0
1446,0,llFTEWtD,IulxyPoH,117.0
1446,0,SgXyhVwd,llFTEWtD,99.0
1446,0,fPhIOSOj,SgXyhVwd,99.0
1446,0,SGVPbDEb,fPhIOSOj,103.0
1446,0,RtTLxXUv,SGVPbDEb,203.0
143,0,OaJoPLeC,UHrXpouo,1.0
143,0,FtWuEuzF,vHkAlmCm,489.0
992,0,kbNsckqG,selTNsQi,27.0
992,0,zzxlwhdI,wssOAckJ,34.0
992,0,elxmPCDf,ttVqQknl,118.0
992,0,QxkHLGuk,elxmPCDf,205.0
1532,0,FrOiWYSP,DJDPVkXF,31.0
367,0,RtTLxXUv,JgVaSAtG,12.0
143,0,OXcUkifL,PWitnUnB,1048.0
367,0,BWKNZpmt,eTJQHplR,56.0
367,0,hMBIVszx,BWKNZpmt,56.0
367,0,JgVaSAtG,hMBIVszx,56.0
1300,0,GYfZYaJh,EVAUYvVR,155.0
1506,0,OXcUkifL,cCSIoIah,59.0
357,0,aQxdJxqw,bZroqIhX,4320.0
1702,0,qrLMfnQh,aQxdJxqw,1068.0
1702,0,nAnfzqIp,qrLMfnQh,1068.0
1702,0,BYibysYA,nAnfzqIp,1068.0
16,0,MklhhYCQ,TurKlwMz,2349.0
357,0,rRGVruPM,GpnhEWuy,87.0
1263,0,TVbCTcEE,lEwLedpG,363.0
1263,0,EKYbCcms,TVbCTcEE,419.0
1701,0,kPoXDVhr,DgeiAShx,202.0
1701,0,QkhvVJfO,kPoXDVhr,202.0
1701,0,jBRcoEIn,QkhvVJfO,199.0
1263,0,CKorGRkE,oBjbzljy,48.0
1263,0,EKYbCcms,CKorGRkE,11.0
1318,0,nEXpIbiD,fubLBmAl,523.0
465,0,TShNRujB,ffHVhHJj,228.0
1707,0,PiHPpcZe,MPxbDKyu,4.0
1707,0,mBlbMFFC,PiHPpcZe,4.0
1707,0,BGChynOq,mBlbMFFC,4.0
1707,0,ffHVhHJj,BGChynOq,1.0
1707,0,itmFNPnQ,ffHVhHJj,1.0
1707,0,mEEGNlDG,itmFNPnQ,1.0
1707,0,jVOVHrFU,mEEGNlDG,1.0
1707,0,njiqgOWt,jVOVHrFU,1.0
1512,0,EKYbCcms,ALhaazBT,59.0
1750,0,XHLHCkqn,ejMjPdTH,139.0
357,0,aQxdJxqw,NajoDNFv,92.0
1421,0,yfIoPTHo,SGVPbDEb,12.0
1421,0,QhiYKyAt,yfIoPTHo,12.0
1435,0,vDFCntfg,YvwuVYMF,18.0
1435,0,FaHpkwNs,vDFCntfg,18.0
1435,0,FZsFzszJ,SEVBrkvc,25.0
992,0,RyhuDLev,kohCEyKT,187.0
1142,0,nNuUCqPb,SgGmeaHk,120.0
1142,0,jGceibqP,nNuUCqPb,633.0
37,0,fwfbiPwk,drmArhka,6.0
37,0,ZKEtlMvK,cTQVugNT,78.0
419,0,aSxVTIYY,ZKEtlMvK,23.0
419,0,fpInPVFL,aSxVTIYY,23.0
419,0,ZKEtlMvK,kohCEyKT,4.0
205,0,bFakMEeO,gaLZwYvS,71.0
205,0,MGitFLID,bFakMEeO,71.0
205,0,kYpOneyC,MGitFLID,71.0
720,0,EGZEcfNZ,UgpyjFML,29.0
1142,0,cRXLwRHY,EGZEcfNZ,99.0
419,0,hpCuKAjH,gbxdgQQp,1.0
720,0,FFGyTMvJ,nsbHlbAq,1.0
720,0,DRTLnTnI,FFGyTMvJ,178.0
1142,0,jpIJprWb,jIFrASnh,569.0
1142,0,nNuUCqPb,jpIJprWb,569.0
1472,0,aFlzccOO,IgEBJNwX,37.0
1472,0,fMrlznIn,aFlzccOO,94.0
720,0,YzgNCqsj,fMrlznIn,32.0
720,0,FFGyTMvJ,YzgNCqsj,29.0
992,0,FUctipSE,vNuEvleV,18.0
992,0,JgVaSAtG,FUctipSE,38.0
992,0,ZKEtlMvK,JgVaSAtG,20.0
1142,0,kohCEyKT,FaHpkwNs,430.0
1142,0,DHQRQBBP,kohCEyKT,430.0
1142,0,ZKEtlMvK,DHQRQBBP,439.0
1142,0,aSxVTIYY,ZKEtlMvK,439.0
1142,0,cRXLwRHY,aSxVTIYY,439.0
1263,0,EGZEcfNZ,SEVBrkvc,41.0
205,0,XiaLQvRI,RWixPrCB,49.0
205,0,SgGmeaHk,XiaLQvRI,49.0
720,0,WhHfbZWj,kjxfKqbD,1167.0
720,0,MklhhYCQ,eyAJPdep,66.0
720,0,FFGyTMvJ,MklhhYCQ,34.0
1263,0,EGZEcfNZ,gGkadTNm,16.0
143,0,JAgpxShP,qufiaPgM,295.0
1506,0,OXcUkifL,YhQOzAWJ,252.0
143,0,pRBbbEoD,RtTLxXUv,334.0
1435,0,NbgxPNNK,gyQqEnFq,671.0
1435,0,ojqTFFWy,NbgxPNNK,665.0
736,0,RVEyrwjR,ZgqhsueA,692.0
803,0,shEBYolm,dHuMOmqh,39.0
803,0,ljNlRbnZ,shEBYolm,39.0
762,0,HcKLTTXk,lhSIyIfw,40.0
1750,0,FyoAuDvn,eTJQHplR,2.0
1750,0,GpnhEWuy,FyoAuDvn,2.0
1750,0,fNoKcjVu,GpnhEWuy,2.0
1750,0,ZeFKXxfu,fNoKcjVu,2.0
47,0,nIakFMcq,ogOCBKAf,397.0
80,0,uaUalZjh,EkWBPXmr,1253.0
80,0,aBlpKWpT,uaUalZjh,28.0
80,0,YBtfPRlp,aBlpKWpT,28.0
80,0,QCBPrBCl,taEXnGBL,1.0
77,0,IGRxApsM,lndqhzzh,265.0
77,0,aBlpKWpT,aHnvxyXJ,22.0
77,0,ruogAkOJ,jQaLNViL,133.0
77,0,MwUoGUHv,aXWsLpyQ,701.0
736,0,gzTQJVMW,RVEyrwjR,906.0
1532,0,WvPJYXMk,AoRkaUmb,16.0
616,0,yXfOYhmg,WblAIghg,3.0
616,0,cHOtlpNd,yXfOYhmg,3.0
780,0,xnXFAboh,XFPAZveS,2368.0
780,0,ZNFFlclk,xnXFAboh,68.0
1419,0,xgzyCPTg,ejMjPdTH,7.0
1435,0,KabAcwBq,SGVPbDEb,117.0
1419,0,XWLETkPz,RSQixiib,134.0
1419,0,KabAcwBq,XWLETkPz,154.0
1421,0,MtINPaKl,phXawcIY,79.0
1421,0,KabAcwBq,MtINPaKl,79.0
1435,0,KabAcwBq,htzVSGDL,27.0
1435,0,KabAcwBq,KzCxlBoL,71.0
1435,0,KzCxlBoL,FZsFzszJ,57.0
780,0,YqlTLIQa,GpOUDfXM,120.0
736,0,EIHKZlEa,GYxWnXpv,685.0
1435,0,FjwhCXAK,XsKXZwOQ,67.0
736,0,vDFCntfg,MyGqmywG,6.0
1083,0,KCAssTym,yAsGVYQM,1413.0
1083,0,EAwJtHSB,AtxuoNjw,933.0
1435,0,KzCxlBoL,SEVBrkvc,3.0
736,0,EIHKZlEa,YJlimzmz,12.0
780,0,YqlTLIQa,ojqTFFWy,414.0
1435,0,NNeqXfIi,YqlTLIQa,3.0
1435,0,opPTwucI,MtINPaKl,13.0
736,0,ejMjPdTH,XFPAZveS,12.0
77,0,iWUiEObr,tcHYhVZo,585.0
1453,0,OUTzwMHI,mIuUuYnu,10.0
1453,0,RchOKnYD,JZbiEaEt,629.0
1453,0,BMDeXhVp,RchOKnYD,629.0
1453,0,jQytwadI,BMDeXhVp,629.0
761,0,inAMLXyk,DgJlPOry,3.0
761,0,nTEapSQO,inAMLXyk,3.0
761,0,AKaXSKPc,nTEapSQO,269.0
798,0,AKaXSKPc,rRGVruPM,100.0
798,0,rRGVruPM,GpnhEWuy,108.0
253,0,GpnhEWuy,QDIpIlEK,12.0
1226,0,ojqTFFWy,ffjXMuak,1405.0
727,0,bOiSLYGO,CheNYOmP,152.0
245,0,JXJZtHSD,HnEviCBr,133.0
1019,0,kYVfgfZp,bLNlBUaT,223.0
1019,0,eZiXxBSP,kYVfgfZp,223.0
1019,0,SaZyOqOi,eZiXxBSP,223.0
1019,0,oRpydnwU,SaZyOqOi,262.0
1019,0,yyEOaSxi,oRpydnwU,262.0
1019,0,obftSQtS,yyEOaSxi,262.0
1029,0,rNCpaLXo,dNagXJoD,36.0
232,0,TxpOiGNK,OBtWrzof,355.0
232,0,NajoDNFv,TxpOiGNK,355.0
232,0,aQxdJxqw,NajoDNFv,355.0
232,0,GJDHvjGI,aQxdJxqw,1214.0
232,0,rxopZurY,GJDHvjGI,1214.0
232,0,qXMrbZDt,rxopZurY,1214.0
232,0,qOusBBOu,qXMrbZDt,1214.0
233,0,JafVjQhg,RZCadHVt,303.0
1750,0,qXMrbZDt,ojqTFFWy,21.0
1750,0,qOusBBOu,qXMrbZDt,25.0
1180,0,ZNjvBYak,kFSxtGUW,562.0
762,0,sPGYwoyj,VbMcfGsr,36.0
253,0,nhSXMXjw,cwgbfpqq,60.0
1366,0,EzrJiyuu,PYaiedjY,22.0
1366,0,mZAcIEme,EzrJiyuu,22.0
1366,0,LPSpTPgJ,mZAcIEme,22.0
1366,0,jQaLNViL,LPSpTPgJ,22.0
1106,0,SWnceHEw,fslmqcXP,16.0
460,0,buAeVenh,MklhhYCQ,4.0
235,0,gnmwaIOJ,nCsqpnJo,51.0
1030,0,rNCpaLXo,dNagXJoD,26.0
1030,0,OKRHcdUy,rNCpaLXo,26.0
1030,0,PyGiRErs,hhgkeGsa,109.0
1030,0,agMXkLfj,PyGiRErs,26.0
1106,0,TrOiZJox,SzPBLAwy,35.0
1106,0,zOQhKaAF,JRMVrfdD,31.0
1106,0,OLVfWwhL,zOQhKaAF,79.0
1106,0,gnmwaIOJ,OLVfWwhL,31.0
1106,0,bghpxDOJ,XaVBQtHA,12.0
1106,0,JRMVrfdD,bghpxDOJ,12.0
1421,0,HOwZAROe,gyQqEnFq,54.0
1419,0,HOwZAROe,yfIoPTHo,300.0
1419,0,WynPMslR,vHkAlmCm,18.0
1435,0,RTafItqF,ojqTFFWy,3.0
736,0,RVEyrwjR,gzTQJVMW,169.0
736,0,RVEyrwjR,NxbXiMUL,2925.0
736,0,TabXWeiJ,YvwuVYMF,531.0
736,0,RVEyrwjR,TabXWeiJ,1069.0
1435,0,vOKcaAnW,NbgxPNNK,160.0
1435,0,HOwZAROe,vOKcaAnW,4.0
1419,0,ywuGpANM,VgUdLlOW,341.0
143,0,YmkUpvHU,rRGVruPM,205.0
143,0,PWitnUnB,WCllcJIC,255.0
37,0,BWKNZpmt,DpeufCiu,23.0
992,0,hMBIVszx,BWKNZpmt,609.0
992,0,FUctipSE,hMBIVszx,609.0
367,0,elxmPCDf,qKeCDDXI,24.0
143,0,NrNaZyPp,elxmPCDf,58.0
992,0,oLzlCKof,GnOurcjN,356.0
992,0,syNMMSsu,RtTLxXUv,132.0
992,0,fzmnvqlX,syNMMSsu,185.0
1446,0,xbhuXgnr,RXuaQdiQ,35.0
143,0,elxmPCDf,JGydtICe,37.0
780,0,qRJySzaf,lRwzpFEA,391.0
992,0,NrNaZyPp,aEhaaulL,26.0
367,0,elxmPCDf,iZfXNAue,1.0
1750,0,hFISFuCO,ojqTFFWy,211.0
1750,0,vCxCuCVD,hFISFuCO,379.0
232,0,ysAqwwWP,qOusBBOu,1199.0
232,0,vCxCuCVD,ysAqwwWP,1199.0
798,0,RZCadHVt,nEXpIbiD,1268.0
1748,0,JafVjQhg,HqehCtdr,320.0
232,0,KLViSvpH,fvJrDdyT,109.0
232,0,YXiYqIfc,KLViSvpH,109.0
232,0,OBtWrzof,YXiYqIfc,109.0
1453,0,hFISFuCO,lsFGVtlq,47.0
1440,0,mhTYFecR,RXuaQdiQ,316.0
1440,0,RZCadHVt,mhTYFecR,316.0
1750,0,LhQSpAzy,HajxumVd,139.0
1750,0,pwpCkicC,LhQSpAzy,9.0
1750,0,JafVjQhg,pwpCkicC,9.0
187,0,MwLdaJul,oNyGHMvy,35.0
798,0,LDSuadxM,lUWTaWkd,236.0
1446,0,PXPVuGmP,fQRLOpha,3.0
1446,0,WRVBvtIE,PXPVuGmP,3.0
1446,0,wqGWmwVd,WRVBvtIE,3.0
367,0,wqGWmwVd,CgMBzfIg,8.0
780,0,lRwzpFEA,AhWKwjTz,94.0
1750,0,ojqTFFWy,aQxdJxqw,471.0
1435,0,vOKcaAnW,aWeSqqrV,2330.0
187,0,ywuGpANM,qzuHypgA,1043.0
465,0,XNgGrRZp,cVdFBbsW,144.0
1226,0,ywuGpANM,AudzmzeZ,52.0
1419,0,ywuGpANM,CKorGRkE,28.0
47,0,FZsFzszJ,nIakFMcq,322.0
37,0,aZtqChJJ,SGVPbDEb,524.0
37,0,HxnLIWQq,vpgWwDZB,227.0
727,0,YxYhlArE,NqSePdAx,4.0
727,0,GpnhEWuy,YxYhlArE,4.0
143,0,tRncbstl,WFZVQzrl,46.0
992,0,QyfZGsFT,PWitnUnB,2268.0
143,0,aZtqChJJ,ttVqQknl,1.0
1506,0,gLCWwgiT,TCqyxHhF,66.0
992,0,VriUyyDM,YhQOzAWJ,1727.0
992,0,HxnLIWQq,VriUyyDM,3.0
1453,0,LsuNFzpq,kVCEAUTv,285.0
1453,0,JZbiEaEt,LsuNFzpq,358.0
780,0,tkWZZFES,AUmOMGnp,13.0
273,0,PoshUaCl,VXthmpcS,129.0
273,0,tkhDcqas,PoshUaCl,129.0
1435,0,fPhIOSOj,gyQqEnFq,955.0
1435,0,SOzmnmNW,fPhIOSOj,884.0
1435,0,OhBAPvsb,SOzmnmNW,695.0
1435,0,LDSuadxM,OhBAPvsb,695.0
1748,0,ZYYdVixc,VfTFpfzB,18.0
1748,0,eTJQHplR,ZYYdVixc,200.0
992,0,eHBdrFbQ,YspLWkZX,203.0
992,0,elxmPCDf,eHBdrFbQ,26.0
992,0,rPcYYZtd,elxmPCDf,74.0
762,0,HqehCtdr,OhBAPvsb,1441.0
780,0,yHCBRtBd,ZNFFlclk,874.0
780,0,zEOiVqLB,yHCBRtBd,917.0
1446,0,RZCadHVt,EXTmTMKf,4.0
1446,0,JGydtICe,RtTLxXUv,176.0
1446,0,OhBAPvsb,DpeufCiu,202.0
1446,0,LDSuadxM,OhBAPvsb,32.0
1435,0,SapgsLPr,JPWycazw,36.0
1440,0,orpkgmYq,EPWXwPSq,117.0
1440,0,RXuaQdiQ,orpkgmYq,117.0
1435,0,fPhIOSOj,SgXyhVwd,20.0
1750,0,HqehCtdr,LhQSpAzy,130.0
565,0,okgTpqCg,FfkqCuZM,113.0
565,0,adAJVrkD,IKzXRYHu,111.0
992,0,eHBdrFbQ,wssOAckJ,16.0
762,0,JWCrkssf,RVEyrwjR,256.0
108,0,juEhgeLi,yeapPLlD,417.0
108,0,RVGhYAxc,juEhgeLi,341.0
762,0,ZVTOmRdq,BxmxkKGC,1887.0
762,0,dHuMOmqh,ZVTOmRdq,1887.0
1180,0,jSSkauKM,ZPJGdbAJ,692.0
37,0,KplKuAnp,iYMJvRAf,4.0
37,0,gpaAUChy,KplKuAnp,5.0
37,0,udBTjIHv,qFzqwYZZ,62.0
37,0,gpaAUChy,udBTjIHv,62.0
37,0,gpaAUChy,NuyYqrDq,19.0
37,0,aFlzccOO,DYvQviUy,1.0
37,0,KplKuAnp,aFlzccOO,1.0
367,0,iZfXNAue,GbYxEXTt,288.0
367,0,YmkUpvHU,iZfXNAue,278.0
367,0,tcbhlVZo,YmkUpvHU,278.0
1472,0,WFZVQzrl,HYfXIyFk,152.0
992,0,zzxlwhdI,eHBdrFbQ,193.0
992,0,deapEAbC,zzxlwhdI,283.0
992,0,selTNsQi,pjRBTtLk,97.0
992,0,deapEAbC,selTNsQi,548.0
1452,0,xMYnsmAG,mkMGVFdU,170.0
1452,0,IOpdOfiF,xMYnsmAG,170.0
37,0,tcbhlVZo,DFiOxLfP,1.0
1553,0,aNlaxeLS,eUifXINV,522.0
1553,0,zBPHjWVd,aNlaxeLS,522.0
1553,0,rPcYYZtd,zBPHjWVd,522.0
992,0,tcbhlVZo,rPcYYZtd,478.0
780,0,mRKfPREJ,LlpMjrks,4260.0
780,0,rPcYYZtd,mRKfPREJ,328.0
780,0,rPcYYZtd,zBPHjWVd,1.0
1435,0,EXTmTMKf,phXawcIY,7.0
1398,0,aWNaUdzp,WtPVEKaC,1032.0
1398,0,HezLsNFQ,aWNaUdzp,276.0
1395,0,WhHfbZWj,OrbXRiVv,117.0
253,0,HezLsNFQ,nEXpIbiD,221.0
253,0,rBCwdRqs,QDIpIlEK,936.0
253,0,MklhhYCQ,rBCwdRqs,1072.0
253,0,GiONHkbf,WFZVQzrl,251.0
253,0,WhHfbZWj,GiONHkbf,465.0
1421,0,WynPMslR,iMMoIvpS,5.0
253,0,uXKxCjNA,UVIVXUaJ,6.0
253,0,nEXpIbiD,uXKxCjNA,25.0
253,0,rnFrOJMw,funWfCdm,13.0
253,0,MklhhYCQ,rnFrOJMw,13.0
720,0,lOtREfVG,vSdfqYeK,57.0
853,0,EKGAgXOm,oaiHprKy,29.0
853,0,RqCzrtQl,EKGAgXOm,29.0
853,0,CfDISmMN,RqCzrtQl,29.0
762,0,vafAyuvT,LMgpokYk,57.0
762,0,dHuMOmqh,vafAyuvT,57.0
1435,0,kVCEAUTv,dHuMOmqh,2111.0
798,0,bmqZcfhO,bZroqIhX,197.0
1446,0,RXuaQdiQ,JGydtICe,242.0
1435,0,dHuMOmqh,LDSuadxM,855.0
1446,0,MtINPaKl,RuAJZyMI,22.0
1446,0,SGVPbDEb,MtINPaKl,35.0
1435,0,gyQqEnFq,WvPJYXMk,83.0
1446,0,kohCEyKT,EXTmTMKf,65.0
1446,0,DHQRQBBP,kohCEyKT,65.0
1446,0,kVCEAUTv,DHQRQBBP,138.0
1452,0,gHieypBQ,IOpdOfiF,656.0
1452,0,vfoDngvn,gHieypBQ,656.0
1452,0,EPWXwPSq,vfoDngvn,656.0
143,0,xbhuXgnr,rRGVruPM,1.0
992,0,syNMMSsu,SEcoeimf,2.0
992,0,JGydtICe,syNMMSsu,2.0
762,0,YnUujGmz,wjdxsRuk,44.0
736,0,TabXWeiJ,qheIKvdP,1044.0
780,0,AUmOMGnp,UTnQirag,229.0
1512,0,lctVuVOk,iPNesxKP,78.0
1512,0,YvwuVYMF,lctVuVOk,123.0
1512,0,gzTQJVMW,UTBcifAN,203.0
77,0,IGRxApsM,ruogAkOJ,183.0
1702,0,KOOURKwq,ALndweLA,611.0
1702,0,VkuawVVW,KOOURKwq,585.0
1702,0,iooOeHkN,VkuawVVW,587.0
1702,0,DgeiAShx,iooOeHkN,587.0
1226,0,ffjXMuak,qeXIqBgp,504.0
1435,0,JPWycazw,wHHoYczm,19.0
736,0,KgwKZlse,Rfsklmcd,30.0
780,0,ojqTFFWy,KgwKZlse,18.0
736,0,AUmOMGnp,bInfxKVp,173.0
736,0,SwTowoaO,YvwuVYMF,58.0
736,0,AUmOMGnp,SwTowoaO,178.0
736,0,LeICPOtv,RvWjyDDD,656.0
736,0,oYdkYEMp,LeICPOtv,358.0
736,0,rBGGtpqI,tDhKnafe,14.0
736,0,SwTowoaO,vjVhbIrq,50.0
762,0,fdwLSfsa,zUgDRwiy,1619.0
1263,0,AUmOMGnp,vyojaKRU,92.0
762,0,qRJySzaf,BxmxkKGC,160.0
762,0,LTfflVxG,qRJySzaf,148.0
1226,0,ffHVhHJj,BGChynOq,44.0
1226,0,ffjXMuak,ffHVhHJj,74.0
1226,0,ffHVhHJj,vFpuvjcu,267.0
1446,0,RchOKnYD,pjRBTtLk,29.0
1472,0,DpeufCiu,LbKosGpD,27.0
1446,0,ZKEtlMvK,yfIoPTHo,127.0
1446,0,LsuNFzpq,ZKEtlMvK,213.0
1435,0,LsuNFzpq,kVCEAUTv,715.0
1435,0,JZbiEaEt,LsuNFzpq,546.0
1446,0,FtWuEuzF,MtINPaKl,33.0
1446,0,vfoDngvn,FtWuEuzF,53.0
1446,0,EPWXwPSq,vfoDngvn,53.0
1446,0,orpkgmYq,RtTLxXUv,73.0
1452,0,mkMGVFdU,iWUiEObr,1.0
1446,0,MtINPaKl,llFTEWtD,18.0
1446,0,ZKEtlMvK,DHQRQBBP,34.0
1484,0,mhTYFecR,EkWBPXmr,50.0
1068,0,TJDsQDoO,UVDfwOgc,1.0
1068,0,illGQStO,TJDsQDoO,1.0
992,0,ZKEtlMvK,RyhuDLev,5.0
367,0,yfIoPTHo,obGcbWvT,8.0
363,0,QHFmFyLR,EkWBPXmr,6.0
363,0,neNWquOh,QHFmFyLR,6.0
363,0,KwaxxmSs,neNWquOh,6.0
363,0,gzZgDndk,KwaxxmSs,6.0
762,0,CgMBzfIg,OXvlrfnG,4.0
1435,0,DpeufCiu,YvwuVYMF,10.0
780,0,wuAzVrCW,oeTroIck,50.0
780,0,aNlaxeLS,wuAzVrCW,106.0
762,0,dHuMOmqh,JvovwZNp,66.0
762,0,ZJxogzZw,wcUGKfLa,100.0
762,0,Uacajbua,ZJxogzZw,100.0
762,0,ZLCIvgrp,Uacajbua,108.0
762,0,BxmxkKGC,ZLCIvgrp,36.0
836,0,UGBWqSzR,EkWBPXmr,324.0
465,0,puwcRgFs,hxSTJhOz,4371.0
736,0,bAkINhTV,KgwKZlse,101.0
736,0,egyFOSbs,GgMfrgKO,166.0
736,0,tNjBpHdR,egyFOSbs,186.0
1263,0,OyAyNkqZ,uhUmvvRs,325.0
1226,0,aImltWBw,OyAyNkqZ,37.0
1226,0,SsTrbdxo,qzYXXYmc,12.0
1226,0,aImltWBw,gCZfLTyw,118.0
836,0,neNWquOh,EkWBPXmr,1368.0
836,0,KwaxxmSs,neNWquOh,1601.0
836,0,ywuGpANM,KwaxxmSs,2041.0
1226,0,EDdQplwd,ojqTFFWy,3693.0
1226,0,fzSWURzx,EDdQplwd,1861.0
1226,0,CEZTRnUo,qflzswAf,2362.0
465,0,itmFNPnQ,TShNRujB,153.0
1226,0,EDdQplwd,itmFNPnQ,280.0
1512,0,XiXLaJEL,YvwuVYMF,1780.0
1263,0,VgUdLlOW,EVAUYvVR,1.0
321,0,TShNRujB,DjKGsdyb,273.0
205,0,sZwmfbNt,JODrgTwh,135.0
1263,0,YqlTLIQa,ALhaazBT,318.0
1263,0,fzSWURzx,YqlTLIQa,255.0
318,0,AmahvgQB,ydQuGMgP,290.0
1263,0,lOtREfVG,AmahvgQB,147.0
1263,0,SMhobJmy,lOtREfVG,147.0
1263,0,gmsNDepi,zjKsBdNQ,1399.0
1263,0,XiXLaJEL,gmsNDepi,772.0
1263,0,fzSWURzx,XiXLaJEL,98.0
253,0,MklhhYCQ,lsBVGYKC,682.0
1221,0,VgUdLlOW,hpACGGyB,6.0
465,0,YctaenCe,jcExlqwL,31.0
465,0,hNvVhacI,YctaenCe,11.0
1226,0,qeXIqBgp,hNvVhacI,405.0
1226,0,EDdQplwd,ffjXMuak,136.0
1435,0,hpACGGyB,FjwhCXAK,17.0
1435,0,fzSWURzx,YvwuVYMF,132.0
736,0,FGqBFXAc,FZsFzszJ,11.0
736,0,gCZfLTyw,FGqBFXAc,1.0
736,0,JbEMfubM,gCZfLTyw,1.0
736,0,aImltWBw,JbEMfubM,1.0
1419,0,BZCtSmhk,qrzeRBPC,126.0
1226,0,DNyXiZzj,njiqgOWt,1031.0
736,0,DeWEzUGk,ojqTFFWy,550.0
1226,0,PNUwxzRj,iaPnRXpR,400.0
1226,0,sxclJLmG,PNUwxzRj,21.0
1226,0,aImltWBw,sxclJLmG,21.0
736,0,bAkINhTV,Rfsklmcd,119.0
736,0,tDhKnafe,iEKDTvNf,192.0
736,0,tDhKnafe,oUlRzwnE,182.0
835,0,LpQEBEct,UxgUbJZk,169.0
835,0,uypYDUnA,LpQEBEct,169.0
835,0,gKGqSXsa,uypYDUnA,166.0
835,0,BGChynOq,gKGqSXsa,166.0
1592,0,AyPgzIEO,bgJHPJde,5526.0
1592,0,mcahLsch,AyPgzIEO,5526.0
1226,0,zjKsBdNQ,aojHvPEg,298.0
835,0,GgMfrgKO,XiXLaJEL,354.0
835,0,tNjBpHdR,GgMfrgKO,354.0
762,0,PQDqFTyk,JzyLKajw,74.0
564,0,FHApcaDQ,glrALKnP,780.0
564,0,lUWTaWkd,RZCadHVt,363.0
564,0,hApOmpAO,lUWTaWkd,377.0
564,0,glrALKnP,hApOmpAO,566.0
798,0,glrALKnP,lUWTaWkd,71.0
253,0,bOiSLYGO,EVAUYvVR,459.0
761,0,glrALKnP,lUWTaWkd,67.0
561,0,rIWwRQFx,HkgLsGZV,1170.0
561,0,cfakSbWj,rIWwRQFx,1170.0
561,0,oAtDCozl,cfakSbWj,1170.0
561,0,cbQZDOwf,oAtDCozl,1066.0
565,0,qQFDKzdu,IjDfGHsr,27.0
565,0,pnYEWPBG,VUmYNFZt,8.0
565,0,gzkuviLm,avbDVyxh,250.0
565,0,CkzMckPC,gzkuviLm,250.0
565,0,WywmvGMH,CkzMckPC,31.0
565,0,AesbwnPs,WywmvGMH,31.0
565,0,hzAARBgX,AesbwnPs,31.0
565,0,IjDfGHsr,hzAARBgX,31.0
75,0,PQuXHWcA,kTKiYpVR,39.0
561,0,rkDXPoao,HeRuYpNs,1271.0
762,0,BCwVkMhO,CgMBzfIg,3.0
1318,0,bHagonKv,ygVaThfM,10.0
47,0,RVEyrwjR,rckblBTM,585.0
798,0,mhTYFecR,DOGyniWl,130.0
1748,0,bZroqIhX,QDIpIlEK,6.0
143,0,POsNTwnJ,OXcUkifL,42.0
143,0,JGydtICe,POsNTwnJ,42.0
804,0,HdtICUKG,AKaXSKPc,39.0
804,0,mhTYFecR,HdtICUKG,39.0
804,0,jPdkntFF,mhTYFecR,958.0
804,0,gQTRJpmv,jPdkntFF,958.0
1558,0,ltfHcqwC,tfRCwcQZ,5.0
1558,0,VUmYNFZt,ltfHcqwC,5.0
1558,0,pnYEWPBG,VUmYNFZt,5.0
1558,0,IANlmbvg,pnYEWPBG,5.0
1558,0,LjfvDYFE,IANlmbvg,5.0
1558,0,MhGEPaGW,LjfvDYFE,6.0
1558,0,ZHWKFCEn,MhGEPaGW,2.0
1558,0,LNRgsQQF,ZHWKFCEn,2.0
762,0,gzdfrKuT,MttNRhjN,3.0
762,0,llFTEWtD,gzdfrKuT,3.0
1748,0,qehlKNkR,NnzcSqlk,72.0
1748,0,ZFFevgPB,qehlKNkR,72.0
1435,0,SgXyhVwd,WvPJYXMk,370.0
1440,0,lUWTaWkd,RZCadHVt,18.0
1440,0,hApOmpAO,lUWTaWkd,18.0
1440,0,qehlKNkR,hApOmpAO,18.0
1440,0,ZFFevgPB,qehlKNkR,18.0
1435,0,JPWycazw,SVPLEqNI,338.0
1435,0,WvPJYXMk,JPWycazw,338.0
1750,0,llFTEWtD,IulxyPoH,34.0
1750,0,ZFFevgPB,llFTEWtD,34.0
1435,0,SVPLEqNI,CbcrfuAf,10.0
798,0,qehlKNkR,glrALKnP,2.0
1435,0,SVPLEqNI,AUmOMGnp,6.0
1435,0,CbcrfuAf,gGkadTNm,1.0
736,0,ZnZTVhpc,RVEyrwjR,1720.0
736,0,MoOxWMZQ,ZnZTVhpc,1629.0
1226,0,iaPnRXpR,rnFrOJMw,14.0
1226,0,FGqBFXAc,PNUwxzRj,450.0
1226,0,gCZfLTyw,FGqBFXAc,73.0
736,0,GjpldjkU,eaNsVWDR,1619.0
736,0,MoOxWMZQ,gzTQJVMW,1038.0
1506,0,EVAUYvVR,LKVeVUNI,74.0
143,0,zwmwkNcj,OXcUkifL,593.0
1532,0,gzTQJVMW,zwmwkNcj,934.0
1435,0,RVEyrwjR,ojqTFFWy,449.0
235,0,owqgejgM,jFmPCmzM,56.0
712,0,RinxBkUZ,LVcdwgEp,325.0
80,0,iYMJvRAf,tjYcJLRB,1.0
80,0,XkkxwlXm,iYMJvRAf,1.0
77,0,sAYtjSkX,QCBPrBCl,26.0
77,0,rGYrQqGa,cQHgTjKq,25.0
77,0,XkkxwlXm,rGYrQqGa,35.0
235,0,AszcEtOu,MgruBUee,139.0
1102,0,sAYtjSkX,AszcEtOu,6.0
1263,0,JKFFGKvY,zgCGmKZn,129.0
1263,0,RVEyrwjR,JKFFGKvY,375.0
1263,0,RVEyrwjR,jaCrAUFK,179.0
1702,0,ALndweLA,BYibysYA,26.0
736,0,Rfsklmcd,MoOxWMZQ,2.0
736,0,EIHKZlEa,YqlTLIQa,62.0
736,0,Rfsklmcd,FZsFzszJ,26.0
1512,0,NxbXiMUL,suszCmcx,19.0
187,0,eaNsVWDR,QUMnpJQp,337.0
1453,0,IJrmTLNf,hFISFuCO,1.0
1453,0,byRkdSCW,IJrmTLNf,1.0
1453,0,fQRLOpha,byRkdSCW,1.0
1453,0,PXPVuGmP,fQRLOpha,1.0
1453,0,JpcivbxC,PXPVuGmP,1.0
762,0,IulxyPoH,goEFDDka,701.0
1435,0,IulxyPoH,WynPMslR,276.0
762,0,IulxyPoH,iZfXNAue,80.0
37,0,CqPWXNIf,cTQVugNT,46.0
762,0,iZfXNAue,CqPWXNIf,5.0
1750,0,HajxumVd,fPhIOSOj,82.0
762,0,OZlUZuJc,CxOOaXfM,127.0
762,0,VbMcfGsr,OZlUZuJc,127.0
780,0,khOlLZay,ZNFFlclk,14.0
1446,0,vnfcOAch,pjRBTtLk,6.0
1446,0,HajxumVd,WynPMslR,73.0
1750,0,NnzcSqlk,vCxCuCVD,7.0
1750,0,PXPVuGmP,NnzcSqlk,125.0
1750,0,IulxyPoH,PXPVuGmP,125.0
80,0,FTwVCxQy,tcHYhVZo,13.0
1446,0,HxnLIWQq,jQytwadI,175.0
1446,0,WRVBvtIE,HxnLIWQq,175.0
1446,0,IulxyPoH,WRVBvtIE,175.0
1750,0,fPhIOSOj,SgXyhVwd,40.0
564,0,gKNaWgzA,ngHHCDQb,104.0
564,0,mTKelVZs,gKNaWgzA,104.0
564,0,xjlhzjUh,mTKelVZs,104.0
564,0,fGCuvnjJ,xjlhzjUh,24.0
564,0,CsZszdUY,fGCuvnjJ,24.0
564,0,OqBnJDkE,CsZszdUY,24.0
564,0,ajCBPuBp,OqBnJDkE,24.0
1472,0,OqBnJDkE,CsZszdUY,91.0
853,0,kVhbTVuU,CEZTRnUo,47.0
798,0,sZNeRfOC,qehlKNkR,1.0
798,0,HajxumVd,sZNeRfOC,1.0
108,0,GjiyfRqd,juEhgeLi,76.0
798,0,IulxyPoH,PXPVuGmP,402.0
780,0,HJijptKA,LTfflVxG,62.0
804,0,BGrlRyyC,gQTRJpmv,964.0
564,0,rydzAjNc,FHApcaDQ,168.0
564,0,cekWZWmD,rydzAjNc,168.0
564,0,ngHHCDQb,cekWZWmD,168.0
143,0,UHrXpouo,vHkAlmCm,95.0
804,0,WLRLSlmn,BGrlRyyC,945.0
762,0,JvovwZNp,zEOiVqLB,63.0
1446,0,qjwSVoCq,ttVqQknl,5.0
1446,0,LhQSpAzy,qjwSVoCq,5.0
1446,0,pwpCkicC,LhQSpAzy,5.0
564,0,LhQSpAzy,ajCBPuBp,4.0
564,0,pwpCkicC,LhQSpAzy,4.0
565,0,TFRpjaAo,IjDfGHsr,6.0
565,0,JhdinCeD,TFRpjaAo,7.0
565,0,ZIieNEvD,JhdinCeD,7.0
565,0,jvLymITs,ZIieNEvD,7.0
561,0,IJrmTLNf,hFISFuCO,223.0
561,0,byRkdSCW,IJrmTLNf,223.0
561,0,HkgLsGZV,byRkdSCW,246.0
561,0,AesbwnPs,WywmvGMH,1.0
561,0,hzAARBgX,AesbwnPs,1.0
762,0,fQRLOpha,GWRhXmMO,5.0
1435,0,byRkdSCW,GnOurcjN,48.0
1435,0,fQRLOpha,byRkdSCW,7.0
780,0,xnXFAboh,JMPYaKbU,35.0
798,0,pwpCkicC,BxmxkKGC,365.0
804,0,gDjMHgkU,WLRLSlmn,855.0
565,0,adAJVrkD,CkzMckPC,222.0
798,0,DOGyniWl,GbYxEXTt,32.0
1030,0,VYHZxBYO,irunVpff,271.0
1106,0,WMODaVhE,GSOqnCzV,302.0
1106,0,nrKKniYe,WMODaVhE,297.0
1318,0,eTJQHplR,eXTjiXiW,536.0
992,0,qQJgvOFz,wssOAckJ,60.0
992,0,oRUBDfuD,obGcbWvT,14.0
143,0,JGydtICe,tTjpyeuP,36.0
720,0,glDvUhXc,YzgNCqsj,3.0
37,0,oRUBDfuD,kohCEyKT,11.0
37,0,qQJgvOFz,oRUBDfuD,11.0
37,0,qVPPKIYf,qQJgvOFz,47.0
37,0,qQJgvOFz,ZKEtlMvK,36.0
143,0,HxnLIWQq,tcbhlVZo,4.0
14,0,owFNQNZv,AtcDBGpE,1.0
37,0,cGoHBmgo,fwfbiPwk,5.0
143,0,wqGWmwVd,yfIoPTHo,454.0
143,0,zvByLoIK,qVPPKIYf,19.0
143,0,vpgWwDZB,zvByLoIK,19.0
565,0,vcCubJJz,ykEzhWPm,37.0
565,0,CJfGjHZT,vcCubJJz,37.0
565,0,oAltlCRB,CJfGjHZT,37.0
565,0,FfkqCuZM,oAltlCRB,379.0
561,0,lfmzBYXb,BxmxkKGC,316.0
561,0,EZxvwLQu,lfmzBYXb,316.0
565,0,okgTpqCg,avbDVyxh,7.0
762,0,PXPVuGmP,pLpkESor,14.0
565,0,ykEzhWPm,PXPVuGmP,514.0
77,0,ZFSCrBEp,zKpOsJgw,7.0
77,0,ebBIwNsf,meZHMfSd,4.0
77,0,OdzEGWPG,tndfGrTh,27.0
565,0,oAltlCRB,WGPbPoOh,342.0
1472,0,vcCubJJz,ykEzhWPm,51.0
1472,0,CzpmKAbC,vcCubJJz,51.0
565,0,PXPVuGmP,fQRLOpha,20.0
561,0,jJVVpGMf,jvLymITs,78.0
561,0,tcYerYbk,jJVVpGMf,78.0
561,0,pPKqPUVW,tcYerYbk,78.0
561,0,iYTiOTOT,pPKqPUVW,76.0
804,0,rpBBoUBR,gDjMHgkU,338.0
804,0,WwOeNuda,rpBBoUBR,338.0
804,0,KFegxKuC,WwOeNuda,338.0
804,0,aVjeFnZb,KFegxKuC,338.0
804,0,fvPlIFug,aVjeFnZb,338.0
804,0,AKaXSKPc,inAMLXyk,1.0
798,0,slfxTuih,fQRLOpha,226.0
75,0,kTKiYpVR,rilZLDfI,18.0
75,0,bjpXdchK,kTKiYpVR,4.0
75,0,dEgXqWEW,bjpXdchK,4.0
75,0,ZWGREbnj,dEgXqWEW,4.0
75,0,cgIzawVB,ZWGREbnj,4.0
75,0,CbYTLXWK,cgIzawVB,4.0
75,0,kWrGTFqC,CbYTLXWK,4.0
37,0,WRVBvtIE,cNypyxpr,211.0
37,0,vnfcOAch,WRVBvtIE,214.0
37,0,VHmQaoRO,vnfcOAch,135.0
992,0,syNMMSsu,QMiQTlda,53.0
37,0,RyhuDLev,nunLDRbE,33.0
37,0,taEXnGBL,yQIotbyH,13.0
37,0,WRVBvtIE,taEXnGBL,22.0
367,0,RyhuDLev,qjwSVoCq,26.0
992,0,kohCEyKT,FaHpkwNs,130.0
992,0,QMiQTlda,cfVAtKgo,37.0
992,0,obGcbWvT,mNGfniSu,94.0
992,0,AQHsowCO,obGcbWvT,68.0
992,0,RyhuDLev,AQHsowCO,240.0
992,0,elmHqfIN,jTofnsvB,80.0
992,0,YhQOzAWJ,elmHqfIN,137.0
992,0,VHmQaoRO,VriUyyDM,297.0
992,0,AQHsowCO,vHkAlmCm,191.0
992,0,SfBAqteg,vnfcOAch,8.0
992,0,VHmQaoRO,SfBAqteg,8.0
77,0,dwUntJQR,DYvQviUy,2.0
367,0,Uacajbua,wcUGKfLa,34.0
367,0,ZLCIvgrp,Uacajbua,34.0
1102,0,NjRgIRup,WBGMFkPq,34.0
1435,0,PXPVuGmP,vHkAlmCm,21.0
565,0,pnYEWPBG,ykEzhWPm,495.0
762,0,sPGYwoyj,XUTqNKWc,2.0
762,0,MttNRhjN,sPGYwoyj,2.0
912,0,WoPCDSeI,ehvgRqdw,1.0
1435,0,XsKXZwOQ,qrzeRBPC,106.0
565,0,TQhrUKrf,lfmzBYXb,13.0
565,0,hFISFuCO,TQhrUKrf,13.0
565,0,IJrmTLNf,hFISFuCO,20.0
565,0,byRkdSCW,IJrmTLNf,20.0
565,0,fQRLOpha,byRkdSCW,38.0
1198,0,XBBRJpEo,LIaalPFl,6.0
1176,0,NFInfBeu,JJzKKoaf,7.0
1168,0,XBBRJpEo,iqwUvhKg,35.0
1168,0,yfDSCLNC,XBBRJpEo,31.0
1168,0,eUWmFhmU,yfDSCLNC,31.0
1168,0,PaIXMFSn,eUWmFhmU,31.0
1168,0,xWjNpCho,PaIXMFSn,31.0
1168,0,drCNaUUd,xWjNpCho,30.0
1168,0,GiLGTLpB,drCNaUUd,30.0
1168,0,uCrZVfKw,GiLGTLpB,30.0
1168,0,ibPVFfKv,uCrZVfKw,30.0
1168,0,MokitPrF,ibPVFfKv,30.0
1168,0,WWVpYMJI,MokitPrF,30.0
1168,0,UmISPPJO,WWVpYMJI,30.0
1168,0,VPUbGzfh,UmISPPJO,30.0
1168,0,MVExtcyL,VPUbGzfh,30.0
1168,0,bciZjPUu,MVExtcyL,30.0
1168,0,ogOCBKAf,bciZjPUu,30.0
1076,0,tZcBjHOF,NxijJQZJ,1.0
561,0,lrlWhBjT,cbQZDOwf,1064.0
1446,0,fQRLOpha,gyQqEnFq,5.0
561,0,BxmxkKGC,ojqTFFWy,237.0
455,0,EYCnMsAF,nrUfCQxz,23.0
108,0,RoAYEvND,zYpZYpOA,6.0
1340,0,GDiQpvtB,gViLrCgA,79.0
37,0,FDrhtNjK,NCVzutVL,35.0
1435,0,VgUdLlOW,vyojaKRU,7.0
77,0,yOopALph,fwfbiPwk,309.0
77,0,WDOOnJlC,ruogAkOJ,93.0
77,0,DKTMYVhM,PQuXHWcA,21.0
77,0,ruogAkOJ,rGYrQqGa,104.0
37,0,ttVqQknl,ryJVAbFB,5.0
37,0,SGVPbDEb,ttVqQknl,14.0
762,0,VEiYdotb,fQRLOpha,633.0
780,0,ZNFFlclk,UTnQirag,3.0
77,0,TNZDhyQb,aFlzccOO,105.0
560,0,avbDVyxh,WGPbPoOh,10.0
560,0,gzkuviLm,avbDVyxh,10.0
560,0,CkzMckPC,gzkuviLm,10.0
560,0,WywmvGMH,CkzMckPC,10.0
560,0,AesbwnPs,WywmvGMH,5.0
780,0,EWoqQawU,tnRCfdJr,127.0
780,0,HeRuYpNs,EWoqQawU,168.0
780,0,HeRuYpNs,oeTroIck,242.0
561,0,rkDXPoao,wdXbjior,4.0
780,0,oeTroIck,fdwLSfsa,274.0
780,0,qRJySzaf,HeRuYpNs,27.0
762,0,XUTqNKWc,mdiSFJRM,64.0
37,0,MtINPaKl,RuAJZyMI,195.0
37,0,ttVqQknl,MtINPaKl,195.0
37,0,SEcoeimf,ttVqQknl,195.0
16,0,xGsoSfhX,cCEhgrAc,52.0
19,0,SEcoeimf,xGsoSfhX,41.0
37,0,QxkHLGuk,aZtqChJJ,477.0
992,0,SEcoeimf,DpeufCiu,35.0
992,0,rPcYYZtd,mexFgKBp,42.0
992,0,FtWuEuzF,rPcYYZtd,794.0
992,0,qQJgvOFz,FtWuEuzF,797.0
992,0,zzxlwhdI,qQJgvOFz,816.0
992,0,rPcYYZtd,EXTmTMKf,163.0
992,0,QyfZGsFT,ZKEtlMvK,3.0
992,0,QxkHLGuk,QyfZGsFT,272.0
992,0,elxmPCDf,bzkCWXwV,126.0
762,0,zBPHjWVd,aNlaxeLS,11.0
762,0,rPcYYZtd,zBPHjWVd,11.0
762,0,MpBHVRZl,PQDqFTyk,43.0
367,0,SEcoeimf,vHkAlmCm,6.0
992,0,nermFKBU,pRBbbEoD,96.0
992,0,qQJgvOFz,RyhuDLev,19.0
780,0,uxBjVsKf,sPGYwoyj,31.0
74,0,tNSMkSfB,ZYCVVmjG,54.0
74,0,vaPtcLuK,tNSMkSfB,53.0
74,0,dEwNKLNy,vaPtcLuK,62.0
74,0,ZYCVVmjG,YKGBeVKa,17.0
780,0,LlpMjrks,oeTroIck,72.0
1568,0,eKMWhxRF,TFSGEQcQ,74.0
1568,0,pRsoSsPh,eKMWhxRF,76.0
1085,0,AnlrdaBb,imyhTmbO,42.0
1085,0,yQmtaWgt,AnlrdaBb,31.0
1096,0,CcDOWlNm,YVvBKwgW,337.0
1096,0,yfjUYWEe,CcDOWlNm,337.0
1030,0,VYHZxBYO,vDTAjOOR,2995.0
77,0,zKpOsJgw,tcHYhVZo,37.0
75,0,rilZLDfI,zKpOsJgw,77.0
77,0,uRlXNIwL,cNypyxpr,37.0
77,0,zKpOsJgw,jOvjucEC,40.0
74,0,tNQgpOjd,fvPlIFug,7.0
74,0,jbVnaCku,tNQgpOjd,7.0
74,0,RmfxCtxh,jbVnaCku,7.0
74,0,bJQxNaqG,RmfxCtxh,7.0
74,0,JZfQfeRA,bJQxNaqG,7.0
74,0,YKGBeVKa,JZfQfeRA,7.0
798,0,VbMcfGsr,ljNlRbnZ,17.0
798,0,WOOyqinT,VbMcfGsr,17.0
77,0,jOvjucEC,RfEbENxd,7.0
75,0,EWgolfjF,HGpTnntY,230.0
75,0,TzZKgVDl,EWgolfjF,49.0
75,0,rilZLDfI,TzZKgVDl,49.0
75,0,zzxlwhdI,wssOAckJ,1.0
75,0,HGpTnntY,zzxlwhdI,10.0
565,0,VUmYNFZt,fQRLOpha,101.0
1557,0,WLRLSlmn,gQTRJpmv,2.0
1557,0,ArfZenbk,WLRLSlmn,2.0
1557,0,ugwdZZUk,ArfZenbk,2.0
1557,0,zjSZrmjo,ugwdZZUk,4.0
1557,0,sUKTegUv,zjSZrmjo,4.0
1557,0,ITgXIjdb,sUKTegUv,4.0
1557,0,HnrldKFZ,ITgXIjdb,4.0
1750,0,aQxdJxqw,NajoDNFv,5.0
1750,0,qXMrbZDt,aQxdJxqw,4.0
1750,0,hFISFuCO,qOusBBOu,4.0
1558,0,HDmoIVra,bCNvXuax,8.0
1558,0,tfRCwcQZ,HDmoIVra,8.0
1558,0,bCNvXuax,KqFhDHZN,6.0
565,0,lfmzBYXb,BxmxkKGC,2.0
1748,0,fQRLOpha,ejMjPdTH,17.0
992,0,zzxlwhdI,aZtqChJJ,994.0
736,0,NxbXiMUL,MyGqmywG,29.0
367,0,zzxlwhdI,GnOurcjN,36.0
37,0,ryJVAbFB,RuAJZyMI,264.0
37,0,zzxlwhdI,ryJVAbFB,262.0
47,0,fZcVdMzo,JCIOAWOU,30.0
47,0,nIakFMcq,fZcVdMzo,30.0
1180,0,zTUODYgn,eXTEGQHB,46.0
1532,0,mNGfniSu,SEVBrkvc,2.0
1180,0,FldHcjZC,XyHfgUxW,346.0
1435,0,PXPVuGmP,fQRLOpha,192.0
75,0,kTKiYpVR,ZFSCrBEp,26.0
74,0,IKzXRYHu,okgTpqCg,3.0
74,0,adAJVrkD,IKzXRYHu,3.0
74,0,TbPzKyew,adAJVrkD,3.0
74,0,SXdGhQsI,TbPzKyew,3.0
74,0,gDjMHgkU,SXdGhQsI,3.0
74,0,rpBBoUBR,gDjMHgkU,3.0
74,0,WwOeNuda,rpBBoUBR,3.0
74,0,KFegxKuC,WwOeNuda,3.0
74,0,aVjeFnZb,KFegxKuC,3.0
74,0,fvPlIFug,aVjeFnZb,3.0
762,0,lhSIyIfw,UgdUAhSn,65.0
77,0,TiulEaYs,FliRNcXy,4.0
1300,0,jaCrAUFK,EkWBPXmr,1451.0
1180,0,zjjLSYAp,qNiTyrkl,75.0
1300,0,jaCrAUFK,YpVxAvQG,310.0
1226,0,gCZfLTyw,JLvNOQnl,130.0
1226,0,itmFNPnQ,ffHVhHJj,222.0
1263,0,jFRqfnFl,fzSWURzx,92.0
780,0,JKUqFAhf,tkWZZFES,131.0
1263,0,jFRqfnFl,ojqTFFWy,143.0
762,0,wuAzVrCW,fdwLSfsa,23.0
762,0,mRKfPREJ,wuAzVrCW,23.0
762,0,HeRuYpNs,mRKfPREJ,23.0
561,0,dqlcNUVh,HeRuYpNs,183.0
943,0,jEVQeNyS,OZSLHXCc,16.0
943,0,HeRuYpNs,jEVQeNyS,16.0
77,0,BDSRgQTg,WUWIxCFc,22.0
80,0,gyQqEnFq,XJRnAJHc,93.0
80,0,BDSRgQTg,gyQqEnFq,93.0
77,0,HbaaqMIK,zKpOsJgw,15.0
77,0,DYvQviUy,ImuPiggn,5.0
37,0,wssOAckJ,vnfcOAch,79.0
992,0,oLzlCKof,SfBAqteg,665.0
992,0,wssOAckJ,MtINPaKl,84.0
992,0,MtINPaKl,mNGfniSu,17.0
1446,0,FaHpkwNs,zjGRmLyo,2.0
992,0,oLzlCKof,SEcoeimf,24.0
77,0,dwUntJQR,ZFSCrBEp,2.0
37,0,oLzlCKof,nunLDRbE,3.0
367,0,fzmnvqlX,wcUGKfLa,140.0
1106,0,buRRNGGe,gxidCspv,58.0
1106,0,nChZnrmr,buRRNGGe,58.0
1106,0,OIDfcbwB,nChZnrmr,58.0
1106,0,cttUtMNm,OIDfcbwB,55.0
19,0,wssOAckJ,YULSfngF,38.0
1029,0,bAUDGUNb,fRZGgvoY,364.0
1029,0,VYHZxBYO,bAUDGUNb,364.0
37,0,wcUGKfLa,rZoajhYh,1311.0
1554,0,zTCljsJK,LWArqXfR,1565.0
1554,0,kezsyYDB,zTCljsJK,1565.0
1554,0,fyzkVZoU,kezsyYDB,1565.0
1554,0,ashRAirR,fyzkVZoU,1565.0
1554,0,omUHRQFc,ashRAirR,1565.0
1554,0,pHFwnWxB,omUHRQFc,1565.0
1554,0,EPQxNUoM,pHFwnWxB,1565.0
1554,0,LWArqXfR,XUTqNKWc,63.0
37,0,NCVzutVL,IgEBJNwX,1.0
1532,0,qPtpgxic,qjwSVoCq,34.0
780,0,pkAaqtnD,VEiYdotb,1094.0
780,0,JvovwZNp,zEOiVqLB,25.0
780,0,ZecyfkGE,JvovwZNp,25.0
780,0,SEVBrkvc,AUmOMGnp,267.0
780,0,AhWKwjTz,SEVBrkvc,309.0
780,0,lhSIyIfw,uxBjVsKf,811.0
780,0,uxBjVsKf,ngtiheSM,13.0
1554,0,XUTqNKWc,JvovwZNp,5.0
780,0,ZecyfkGE,sPGYwoyj,3.0
383,0,kTKiYpVR,rilZLDfI,4.0
383,0,yQpnsdnm,kTKiYpVR,4.0
1553,0,yQpnsdnm,kZvDkitV,2.0
383,0,rilZLDfI,TzZKgVDl,1.0
1263,0,gGkadTNm,aYSqaQmJ,57.0
762,0,cgSMZptb,HcKLTTXk,12.0
780,0,XUTqNKWc,khOlLZay,2.0
1180,0,LLWkkTwA,UhAwQaaX,35.0
1180,0,tJbXQuOE,LLWkkTwA,247.0
1226,0,BGChynOq,JLvNOQnl,17.0
1226,0,qeXIqBgp,BGChynOq,742.0
1226,0,XiXLaJEL,qeXIqBgp,951.0
1263,0,XiXLaJEL,ALhaazBT,1553.0
37,0,obGcbWvT,pjRBTtLk,47.0
19,0,obGcbWvT,TShNRujB,6.0
992,0,BWKNZpmt,FaHpkwNs,14.0
992,0,aEhaaulL,MaKoROaE,123.0
992,0,uxBjVsKf,rPcYYZtd,4.0
992,0,BWKNZpmt,VriUyyDM,32.0
19,0,obGcbWvT,eXTjiXiW,18.0
780,0,AhWKwjTz,LTfflVxG,91.0
780,0,AhWKwjTz,EWoqQawU,1440.0
941,0,qRJySzaf,HeRuYpNs,40.0
941,0,LTfflVxG,qRJySzaf,40.0
941,0,AhWKwjTz,LTfflVxG,40.0
950,0,HeRuYpNs,UrTDCKsV,68.0
950,0,qRJySzaf,HeRuYpNs,1.0
950,0,LTfflVxG,qRJySzaf,1.0
950,0,AhWKwjTz,LTfflVxG,1.0
780,0,tkWZZFES,ZNFFlclk,142.0
1263,0,vyojaKRU,jFRqfnFl,66.0
1263,0,aojHvPEg,vyojaKRU,3.0
1226,0,JLvNOQnl,aojHvPEg,55.0
1221,0,pXlenLUq,ejMjPdTH,117.0
1221,0,DNyXiZzj,pXlenLUq,881.0
1221,0,RMvkOcpU,DNyXiZzj,673.0
1221,0,gxlaiARP,RMvkOcpU,3.0
1226,0,BZCtSmhk,ywuGpANM,272.0
1226,0,NmRushck,BZCtSmhk,569.0
780,0,AUmOMGnp,tkWZZFES,131.0
1226,0,gxlaiARP,puwcRgFs,754.0
1226,0,puwcRgFs,FGqBFXAc,1752.0
943,0,OZSLHXCc,qdLlCZel,5.0
1263,0,hhrNEaMZ,CbcrfuAf,120.0
1263,0,ejMjPdTH,hhrNEaMZ,3.0
992,0,aZtqChJJ,ttVqQknl,1.0
780,0,HeRuYpNs,uxBjVsKf,23.0
561,0,ojqTFFWy,XFPAZveS,8.0
367,0,nEXpIbiD,wqGWmwVd,7.0
367,0,OXvlrfnG,nEXpIbiD,39.0
762,0,qRJySzaf,HeRuYpNs,6.0
762,0,AhWKwjTz,LTfflVxG,6.0
780,0,yGpawgaV,xnXFAboh,59.0
780,0,pzScocJN,yGpawgaV,60.0
1300,0,OpgRCgWV,LBOtcvsG,83.0
1263,0,AUmOMGnp,OpgRCgWV,18.0
363,0,nYOFNZtG,GpOUDfXM,2838.0
122,0,sTaleXyI,yTictHOU,7.0
401,0,ALhaazBT,erxKyHjj,12.0
780,0,MpBHVRZl,yGpawgaV,14.0
780,0,pkAaqtnD,HeRuYpNs,1085.0
780,0,pkAaqtnD,AhWKwjTz,1431.0
780,0,pFQacbfu,AOtPxxNt,12.0
736,0,RvWjyDDD,vjVhbIrq,15.0
778,0,kPfQKpcS,wULIWnbW,22.0
778,0,VyooPFNZ,kPfQKpcS,22.0
778,0,JyEnLYHy,VyooPFNZ,22.0
778,0,wcUGKfLa,JyEnLYHy,22.0
778,0,YBkSbJNR,mBrhAdeU,23.0
778,0,xsVxMJpx,YBkSbJNR,23.0
778,0,wULIWnbW,xsVxMJpx,23.0
780,0,KgwKZlse,FZsFzszJ,89.0
401,0,ZUUFaTkv,FoxIDeQY,18.0
1435,0,qPtpgxic,KabAcwBq,103.0
1512,0,ALhaazBT,FyoAuDvn,25.0
1557,0,WkuKuFdE,HnrldKFZ,9.0
1557,0,NsNpZaFg,WkuKuFdE,9.0
1557,0,oyvIGXLL,NsNpZaFg,9.0
780,0,BsovYeFI,mRKfPREJ,4111.0
780,0,fdwLSfsa,BsovYeFI,3441.0
780,0,YYKDBDRS,uaUalZjh,635.0
932,0,pQuyecaE,RrjncJTc,240.0
932,0,cdkVqwDW,pQuyecaE,240.0
932,0,QOEvNTvQ,cdkVqwDW,240.0
932,0,RElITdVd,QOEvNTvQ,240.0
932,0,woHRqfeu,RElITdVd,240.0
736,0,tDhKnafe,qatuIGdU,322.0
736,0,bInfxKVp,oUlRzwnE,899.0
780,0,BsovYeFI,AhWKwjTz,149.0
77,0,qLEwgwyN,wGTdgRcU,168.0
75,0,TzZKgVDl,fXFJjsZH,232.0
77,0,lndqhzzh,ZNFFlclk,34.0
77,0,ImuPiggn,RfEbENxd,11.0
1102,0,AUBTKFbY,TDvESTZN,5.0
1102,0,ImuPiggn,AUBTKFbY,9.0
1102,0,wdZlcJUN,VctBMYxC,342.0
1102,0,XiRzIewe,wdZlcJUN,342.0
942,0,KkzZXaKP,xnXFAboh,3256.0
942,0,pyLfKqPO,KkzZXaKP,3256.0
942,0,vesqHHzA,pyLfKqPO,2926.0
1512,0,ojqTFFWy,uhUmvvRs,118.0
942,0,xnXFAboh,NTCwKKsF,45.0
780,0,JMPYaKbU,pzScocJN,29.0
942,0,JKUqFAhf,tkWZZFES,30.0
942,0,NTCwKKsF,JKUqFAhf,30.0
900,0,PifXIFet,QeXyWyya,2.0
900,0,tNmxviwt,PifXIFet,2.0
900,0,yHaTCNJc,tNmxviwt,2.0
900,0,lhSIyIfw,yHaTCNJc,2.0
947,0,jEVQeNyS,OZSLHXCc,2.0
947,0,pyLfKqPO,jEVQeNyS,2.0
938,0,tNmxviwt,wkWFjOvx,1.0
938,0,yHaTCNJc,tNmxviwt,1.0
938,0,lhSIyIfw,yHaTCNJc,1.0
736,0,iEKDTvNf,vDFCntfg,779.0
780,0,HeRuYpNs,HJijptKA,17.0
135,0,ZIzswYos,lyJEgbqI,43.0
135,0,SiNHgyIy,ZIzswYos,49.0
135,0,kUNGxXZI,SiNHgyIy,282.0
135,0,nVkihPOJ,kUNGxXZI,282.0
135,0,YvwuVYMF,nVkihPOJ,282.0
1030,0,KCAssTym,CrOFTJlw,850.0
712,0,RIpTuvwk,NJSgWoOc,201.0
924,0,EKGAgXOm,sTaleXyI,26.0
37,0,Uacajbua,NuyYqrDq,66.0
780,0,pkAaqtnD,HJijptKA,28.0
1435,0,aWeSqqrV,gyQqEnFq,1808.0
1532,0,AoRkaUmb,qjwSVoCq,69.0
253,0,OpgRCgWV,mhgPTzcZ,326.0
1452,0,lUWTaWkd,mhTYFecR,16.0
941,0,HlhFjJtZ,uGRyXcfW,21.0
941,0,ALhaazBT,HlhFjJtZ,21.0
1407,0,kYxNkIzH,lWiTdhQk,761.0
401,0,IUBOlCKA,knSDhEIY,59.0
131,0,RvWjyDDD,safClnnY,39.0
131,0,uzgDjeSU,RvWjyDDD,11.0
1512,0,NxbXiMUL,ntDOQspU,47.0
477,0,AjJCgCBk,iBiVOFur,1.0
1300,0,EVAUYvVR,gRVxNCAP,44.0
264,0,KcvPUxQg,gmiMCrrb,10.0
1263,0,PywYzQHY,zjKsBdNQ,2917.0
1263,0,RufmISTr,PywYzQHY,201.0
47,0,fGmFhgnx,rckblBTM,11.0
313,0,EVAUYvVR,mnkgCFDT,7.0
313,0,wLgNQRvA,IvqxNjHK,517.0
313,0,lmZJehpq,wLgNQRvA,4.0
313,0,JKFFGKvY,lmZJehpq,4.0
1263,0,EVAUYvVR,JKFFGKvY,25.0
1512,0,lwcIkPvE,EocVuyzS,6.0
1340,0,cCSIoIah,BpAiVnps,466.0
1340,0,XyHfgUxW,cCSIoIah,466.0
1142,0,DHQRQBBP,lqMPnIra,29.0
143,0,QMiQTlda,xbhuXgnr,29.0
47,0,GkYZbgqg,FStgRiBS,49.0
47,0,WdOwNGhj,GkYZbgqg,49.0
47,0,LLWkkTwA,WdOwNGhj,53.0
47,0,XyHfgUxW,LLWkkTwA,53.0
1180,0,AKEMZMhk,IWuAfYeM,1.0
47,0,WdOwNGhj,xfbmoJHP,4.0
1296,0,gzTQJVMW,RVEyrwjR,155.0
1263,0,erTTuCGB,oynLwMrX,4.0
1263,0,cIQOVqQI,erTTuCGB,4.0
1263,0,AoRkaUmb,cIQOVqQI,4.0
1512,0,zjSAMvDn,fubLBmAl,3.0
1398,0,GbYxEXTt,FwybjYQK,16.0
736,0,AUmOMGnp,zjKsBdNQ,632.0
1226,0,aojHvPEg,PrwDPVMa,347.0
401,0,yYShGLTs,VkUBejwv,87.0
1650,0,XeinAhyy,MlYFoaez,7.0
401,0,UrOuumcZ,wBZvskGC,25.0
401,0,bYNwHuWo,UrOuumcZ,11.0
1085,0,cudxYHxf,EzrJiyuu,54.0
401,0,eGbCulMV,bfKiOFsS,10.0
245,0,laDYeHNU,yRjqmRuq,12.0
245,0,CrOFTJlw,laDYeHNU,12.0
245,0,PyGiRErs,CrOFTJlw,2.0
1083,0,iRgZVaoH,Nzhgxdpc,44.0
949,0,oLGXsQoC,xnXFAboh,70.0
143,0,zjGRmLyo,YmkUpvHU,70.0
143,0,MaKoROaE,zjGRmLyo,70.0
19,0,JgVaSAtG,MkXEUCdM,8.0
37,0,hMBIVszx,BWKNZpmt,20.0
37,0,JgVaSAtG,hMBIVszx,20.0
367,0,nEXpIbiD,fubLBmAl,26.0
367,0,eTJQHplR,nEXpIbiD,15.0
37,0,aEhaaulL,osIslFBH,36.0
992,0,oLzlCKof,GMrJWgHs,5.0
992,0,aEhaaulL,fzmnvqlX,277.0
992,0,fzmnvqlX,nunLDRbE,48.0
992,0,hMBIVszx,kohCEyKT,20.0
992,0,JgVaSAtG,hMBIVszx,20.0
992,0,JGydtICe,RtTLxXUv,1.0
992,0,aEhaaulL,JGydtICe,3.0
992,0,MaKoROaE,QMiQTlda,33.0
992,0,obGcbWvT,VHmQaoRO,15.0
373,0,CgMBzfIg,OXvlrfnG,1.0
373,0,BCwVkMhO,CgMBzfIg,1.0
373,0,MpBHVRZl,BCwVkMhO,1.0
373,0,BWKNZpmt,MpBHVRZl,1.0
373,0,hMBIVszx,BWKNZpmt,1.0
373,0,JgVaSAtG,hMBIVszx,1.0
367,0,OXvlrfnG,iZfXNAue,1.0
1398,0,BYsSDXCP,TEKQTTfp,50.0
1398,0,tRncbstl,BYsSDXCP,535.0
47,0,RVEyrwjR,zjjLSYAp,290.0
736,0,SwTowoaO,ojqTFFWy,736.0
736,0,vDFCntfg,SwTowoaO,498.0
401,0,FZsFzszJ,GJEXlFdt,8.0
401,0,WyfCQhSW,FZsFzszJ,87.0
401,0,IUBOlCKA,jSSkauKM,475.0
762,0,LMgpokYk,aviECmtd,69.0
37,0,BCwVkMhO,SGVPbDEb,12.0
1512,0,XLVjRryq,suszCmcx,575.0
1512,0,RVEyrwjR,XLVjRryq,125.0
736,0,WhCgdKgR,TkHOmLHQ,164.0
736,0,vDFCntfg,WhCgdKgR,82.0
1435,0,XWLETkPz,xgzyCPTg,47.0
1435,0,DpeufCiu,KabAcwBq,52.0
1435,0,vDFCntfg,DpeufCiu,53.0
1435,0,qjwSVoCq,wHHoYczm,17.0
736,0,bInfxKVp,YqlTLIQa,405.0
736,0,qheIKvdP,JScPHHNr,66.0
1512,0,vDFCntfg,EocVuyzS,13.0
1272,0,GYfZYaJh,lqMPnIra,184.0
1263,0,YnUujGmz,BeiMHrtx,294.0
1263,0,RVEyrwjR,SgGmeaHk,31.0
47,0,zjjLSYAp,XyHfgUxW,19.0
47,0,rckblBTM,yQQuLFAg,76.0
1263,0,jaCrAUFK,MlqbsUKu,22.0
1395,0,HQVZivsH,xOHMcnRu,42.0
1395,0,wyEQXfIU,xOhGqygU,395.0
1395,0,HQVZivsH,wyEQXfIU,395.0
1340,0,pkhwWQVf,vkwWhgCe,1212.0
47,0,rUKSlFeh,NmJVuAxS,1.0
47,0,rckblBTM,rUKSlFeh,15.0
1512,0,vDFCntfg,lctVuVOk,83.0
1180,0,qNiTyrkl,FldHcjZC,7.0
401,0,cXqKNsgk,CrOFTJlw,153.0
401,0,WyfCQhSW,cXqKNsgk,101.0
401,0,PRzaSxQc,VkUBejwv,227.0
401,0,KjiBWoqR,qWvzRbGV,114.0
47,0,zjjLSYAp,rbVbMNcM,75.0
1085,0,zjKsBdNQ,ljAdwZQx,404.0
1083,0,VYHZxBYO,honleovC,23.0
992,0,uxBjVsKf,FtWuEuzF,2.0
780,0,OeZVKJdr,uxBjVsKf,2.0
762,0,OeZVKJdr,MttNRhjN,6.0
780,0,JMPYaKbU,NTCwKKsF,6.0
780,0,AOtPxxNt,JMPYaKbU,3.0
780,0,ZNFFlclk,uaUalZjh,67.0
1557,0,xOfEMpYZ,aDfjbwoX,251.0
1226,0,ojqTFFWy,UGBWqSzR,22.0
1512,0,WtPVEKaC,BYsSDXCP,1.0
1512,0,iEKDTvNf,vDFCntfg,63.0
1512,0,suszCmcx,iEKDTvNf,63.0
736,0,bInfxKVp,FjwhCXAK,4.0
1272,0,YvwuVYMF,GYfZYaJh,162.0
401,0,XLVjRryq,ogOCBKAf,331.0
736,0,YvwuVYMF,AUmOMGnp,686.0
736,0,XLVjRryq,HeSMGtlu,80.0
736,0,MyGqmywG,XFPAZveS,1065.0
736,0,qheIKvdP,ZgqhsueA,240.0
762,0,VEiYdotb,AhWKwjTz,1.0
1435,0,XsKXZwOQ,TAPXcjBe,1.0
947,0,hyEIkJeA,UvujAAYC,8.0
947,0,jadHWhqA,hyEIkJeA,8.0
947,0,oMurZdLt,jadHWhqA,8.0
947,0,KTeKlEmN,oMurZdLt,8.0
947,0,cRNMfSEx,KTeKlEmN,8.0
947,0,UhRSkRXw,cRNMfSEx,18.0
947,0,hmRIiXJy,UhRSkRXw,18.0
947,0,tOhgfmkj,hmRIiXJy,14.0
947,0,FjwhCXAK,tOhgfmkj,14.0
1435,0,YvwuVYMF,FjwhCXAK,1.0
736,0,NxbXiMUL,XLVjRryq,147.0
235,0,neNWquOh,QHFmFyLR,628.0
1366,0,pqZYMbGr,BpAiVnps,4135.0
1366,0,WOOyqinT,YmkUpvHU,2.0
1366,0,riqYNvhO,WOOyqinT,6.0
1180,0,tJbXQuOE,hSdNxZqe,139.0
1180,0,xyBTaHvp,qLQHuyIe,3820.0
1085,0,imyhTmbO,ojqTFFWy,11519.0
1085,0,FYojKDQC,imyhTmbO,12124.0
1085,0,MMTihhSZ,FYojKDQC,196.0
1085,0,ixafYOrk,MMTihhSZ,4126.0
1085,0,riqYNvhO,ixafYOrk,1616.0
1366,0,UFoaQvGg,RfEbENxd,31.0
1366,0,uxsctOEt,UFoaQvGg,31.0
1366,0,imyhTmbO,uxsctOEt,34.0
1506,0,DLdtTvFi,OXcUkifL,525.0
1102,0,BpAiVnps,iWUiEObr,67.0
1085,0,MMTihhSZ,zjKsBdNQ,1195.0
673,0,bgWfLree,DsuTXcIa,105.0
673,0,nUYnioIh,bgWfLree,105.0
673,0,UAkhVpHN,nUYnioIh,99.0
673,0,EvIZgaUF,UAkhVpHN,99.0
673,0,BpAiVnps,EvIZgaUF,99.0
313,0,IvqxNjHK,EmkugZPX,518.0
313,0,BpAiVnps,wLgNQRvA,520.0
1366,0,BpAiVnps,fmQEzQWV,979.0
1366,0,fmQEzQWV,IubGYoNi,34.0
1221,0,ZzqCYjTC,CLqSCDPt,76.0
1221,0,CKorGRkE,ZzqCYjTC,76.0
1085,0,AoIEptMM,puwcRgFs,1698.0
1085,0,MMTihhSZ,AoIEptMM,1889.0
712,0,zTUODYgn,eXTEGQHB,26.0
712,0,eTPMYwkC,zTUODYgn,26.0
712,0,UckYThSh,eTPMYwkC,26.0
1085,0,riqYNvhO,KlSqKJQr,767.0
1085,0,MMTihhSZ,VYHZxBYO,782.0
77,0,ZIvIwqTW,TNZDhyQb,2155.0
1102,0,ZIvIwqTW,OoNwiPDT,131.0
77,0,yOopALph,IGRxApsM,180.0
80,0,ZIvIwqTW,YpZAWuci,35.0
780,0,tkWZZFES,UTnQirag,11.0
780,0,tkWZZFES,YqlTLIQa,369.0
780,0,yHCBRtBd,xnXFAboh,97.0
780,0,IGRxApsM,khOlLZay,536.0
779,0,beniIHzL,BNQPEsdW,4.0
1099,0,tZxKeFkh,uaUalZjh,46.0
1099,0,yOopALph,tZxKeFkh,46.0
1102,0,ObeVuyMA,oGtLXKlU,23.0
1102,0,TRrMduWd,ObeVuyMA,24.0
1102,0,DzkWADkh,TRrMduWd,23.0
1102,0,ztLkgYlA,vyQyYYqJ,22.0
1102,0,OoNwiPDT,ztLkgYlA,22.0
780,0,yHCBRtBd,ejMjPdTH,674.0
780,0,pzScocJN,IGRxApsM,60.0
780,0,zEOiVqLB,MpBHVRZl,63.0
401,0,NxbXiMUL,ogOCBKAf,78.0
1532,0,YqlTLIQa,gyQqEnFq,586.0
1435,0,qjwSVoCq,WynPMslR,13.0
1435,0,puwcRgFs,ywuGpANM,928.0
1435,0,NxbXiMUL,puwcRgFs,3.0
1435,0,qrzeRBPC,RSQixiib,261.0
1435,0,TvsHOuao,EzNIKkYA,88.0
1435,0,qrzeRBPC,TvsHOuao,67.0
1435,0,NxbXiMUL,FaHpkwNs,13.0
992,0,FaHpkwNs,fzmnvqlX,2.0
992,0,FaHpkwNs,VriUyyDM,9.0
736,0,iGMYbQYg,gzTQJVMW,56.0
401,0,KbKyxild,knSDhEIY,52.0
131,0,oFbMGQKy,uzgDjeSU,6.0
131,0,BXAColfX,oFbMGQKy,6.0
131,0,JScPHHNr,BXAColfX,6.0
131,0,FjwhCXAK,JScPHHNr,6.0
131,0,XsKXZwOQ,FjwhCXAK,6.0
736,0,vjVhbIrq,jUFdobJP,156.0
736,0,WhCgdKgR,vjVhbIrq,9.0
736,0,iGMYbQYg,qatuIGdU,547.0
1512,0,XsKXZwOQ,cniBuICf,1.0
1226,0,JLvNOQnl,NmRushck,7.0
736,0,ZgqhsueA,XNqNMdqz,490.0
948,0,BUWlcDWA,vwlVkOsL,11.0
947,0,UvujAAYC,pyLfKqPO,2.0
1506,0,EVAUYvVR,YhQOzAWJ,17.0
1300,0,zgCGmKZn,womqVgRl,131.0
780,0,YYKDBDRS,IGRxApsM,756.0
77,0,jQaLNViL,TNZDhyQb,6.0
77,0,uaUalZjh,TBShKgjD,8.0
780,0,AhWKwjTz,HJijptKA,36.0
780,0,cgSMZptb,hvwrhWFk,36.0
780,0,fdwLSfsa,cgSMZptb,35.0
780,0,BsovYeFI,azqUKhQu,28.0
1398,0,lsBVGYKC,FwybjYQK,22.0
1398,0,WFZVQzrl,lsBVGYKC,69.0
736,0,zjKsBdNQ,puwcRgFs,52.0
1366,0,vfIotKLC,ZJoycWOZ,85.0
1366,0,oNyGHMvy,vfIotKLC,75.0
1366,0,MMTihhSZ,oNyGHMvy,69.0
1085,0,ojqTFFWy,MMTihhSZ,72.0
1083,0,zrVEttwl,unXfmkmI,1.0
1083,0,MRbVmsQs,zrVEttwl,1.0
1037,0,eLJZyPxv,MvGjEBBL,479.0
1037,0,noxZOiRl,eLJZyPxv,571.0
1037,0,UEqgngwR,noxZOiRl,571.0
1037,0,wtfdArpr,UEqgngwR,571.0
1037,0,VTbufxnV,wtfdArpr,1632.0
1037,0,TPJRAOrt,VTbufxnV,563.0
780,0,JMPYaKbU,IGRxApsM,30.0
80,0,ZNFFlclk,uaUalZjh,4.0
736,0,tDhKnafe,RVEyrwjR,42.0
736,0,MyGqmywG,tDhKnafe,110.0
733,0,hmRIiXJy,XsKXZwOQ,6.0
1435,0,YvwuVYMF,yfIoPTHo,80.0
736,0,MyGqmywG,iEKDTvNf,17.0
736,0,eyUKPfnA,LeICPOtv,70.0
736,0,MyGqmywG,eyUKPfnA,494.0
736,0,eyUKPfnA,oUlRzwnE,261.0
1512,0,gzZgDndk,KwaxxmSs,72.0
1512,0,NQaaFyOm,gzZgDndk,106.0
1512,0,YvwuVYMF,NQaaFyOm,110.0
1512,0,tOhgfmkj,mHRdWDIt,1.0
948,0,EzQcJxBW,BUWlcDWA,3.0
948,0,uEbOseyz,EzQcJxBW,3.0
948,0,reWBMWRs,uEbOseyz,3.0
948,0,RBoLoVJp,reWBMWRs,3.0
948,0,SwyyRrmD,RBoLoVJp,3.0
899,0,xOfEMpYZ,pzScocJN,34.0
899,0,NcNmxlsD,xOfEMpYZ,34.0
899,0,cYyOAQLx,NcNmxlsD,34.0
899,0,xKpFUSPW,cYyOAQLx,34.0
899,0,CFKdtsYk,xKpFUSPW,34.0
944,0,KkzZXaKP,xnXFAboh,21.0
944,0,VgMINmpb,KkzZXaKP,21.0
948,0,KkzZXaKP,avmqjzBH,4.0
948,0,VgMINmpb,KkzZXaKP,4.0
736,0,vDFCntfg,TabXWeiJ,7.0
736,0,SVKOBqwN,rBGGtpqI,51.0
736,0,WhCgdKgR,SVKOBqwN,6.0
937,0,xOfEMpYZ,pzScocJN,1.0
937,0,NcNmxlsD,xOfEMpYZ,1.0
937,0,cYyOAQLx,NcNmxlsD,1.0
37,0,OXvlrfnG,WRVBvtIE,27.0
367,0,OXvlrfnG,tcbhlVZo,136.0
367,0,GMrJWgHs,KnIeolpt,2.0
367,0,YVGWiGkc,GMrJWgHs,2.0
37,0,eHBdrFbQ,AQHsowCO,3.0
37,0,qQJgvOFz,eHBdrFbQ,3.0
37,0,pjRBTtLk,qQJgvOFz,3.0
780,0,azqUKhQu,hvwrhWFk,1.0
401,0,LOIXCDqJ,UhAwQaaX,92.0
401,0,hlYcHDiv,LOIXCDqJ,869.0
401,0,ZUUFaTkv,hlYcHDiv,35.0
401,0,dZoxKDmD,ZUUFaTkv,20.0
477,0,Afgbwxue,UZvsWvxC,27.0
477,0,yHOAvGcL,Afgbwxue,27.0
477,0,cPCRxZjy,yHOAvGcL,27.0
1512,0,XFLojCJa,cPCRxZjy,4.0
1435,0,SGVPbDEb,MtINPaKl,75.0
736,0,TkHOmLHQ,EIHKZlEa,536.0
1435,0,opPTwucI,HOwZAROe,15.0
736,0,YqlTLIQa,KgwKZlse,12.0
143,0,tRncbstl,QMiQTlda,3.0
736,0,YvwuVYMF,iEKDTvNf,383.0
947,0,YvwuVYMF,FjwhCXAK,13.0
401,0,kgNzHUbI,knSDhEIY,1221.0
131,0,ojqTFFWy,oIfrlpqH,17.0
903,0,eCAYEbtu,moYdstNu,112.0
736,0,YvwuVYMF,LeICPOtv,276.0
736,0,DZhNCgqR,tDhKnafe,48.0
736,0,LeICPOtv,DZhNCgqR,48.0
1263,0,QdnKSSsO,oNyGHMvy,480.0
1512,0,YvwuVYMF,NBopaFdP,10.0
1435,0,OyAyNkqZ,SapgsLPr,20.0
944,0,qdLlCZel,VgMINmpb,4.0
1102,0,rwSrBzDN,uaUalZjh,70.0
1102,0,beniIHzL,ZIvIwqTW,98.0
1102,0,uaUalZjh,beniIHzL,99.0
1102,0,fjevhefZ,ImuPiggn,5.0
1102,0,wdZlcJUN,MjMnNBLG,3.0
1102,0,yXfOYhmg,wdZlcJUN,5.0
1102,0,cHOtlpNd,yXfOYhmg,18.0
1102,0,bDgEiJAh,cHOtlpNd,18.0
1102,0,rwSrBzDN,bDgEiJAh,18.0
1099,0,KfdekYuk,lBxutteT,2.0
1099,0,qErQsNEG,KfdekYuk,2.0
1099,0,avVajdeO,qErQsNEG,2.0
1099,0,HXvpcqcH,avVajdeO,2.0
1102,0,yXfOYhmg,WblAIghg,246.0
1102,0,TRrMduWd,kGQEnBYZ,2.0
1102,0,wdZlcJUN,TRrMduWd,14.0
780,0,XUTqNKWc,ZecyfkGE,31.0
141,0,mhrRBZGj,dScsNKLk,69.0
141,0,XvoliiTU,mhrRBZGj,69.0
141,0,BjKGijLD,XvoliiTU,69.0
143,0,TgzZcdmy,WOnIRuRn,3.0
373,0,uxBjVsKf,rPcYYZtd,3.0
373,0,VriUyyDM,uxBjVsKf,4.0
373,0,YmeKOmok,VriUyyDM,19.0
373,0,bzkCWXwV,aEhaaulL,1.0
373,0,rPcYYZtd,bzkCWXwV,1.0
1395,0,WhHfbZWj,TFSGEQcQ,47.0
1395,0,cNuIRYrx,WhHfbZWj,1.0
367,0,BCwVkMhO,nEXpIbiD,1.0
736,0,qatuIGdU,tDhKnafe,724.0
736,0,SwTowoaO,YqlTLIQa,45.0
736,0,JScPHHNr,qheIKvdP,13.0
1037,0,XAYpuJXt,aJLjpITr,58.0
141,0,kfbZMUOE,BjKGijLD,61.0
141,0,RaPTCLQp,kfbZMUOE,61.0
141,0,FjwhCXAK,tOhgfmkj,1.0
141,0,dScsNKLk,FjwhCXAK,1.0
736,0,ALhaazBT,TkHOmLHQ,377.0
363,0,dWuojvTd,qPtpgxic,32.0
363,0,sCEThkda,dWuojvTd,32.0
363,0,SEVBrkvc,RTafItqF,14.0
363,0,KzCxlBoL,SEVBrkvc,14.0
363,0,qPtpgxic,KzCxlBoL,16.0
367,0,CqPWXNIf,TcsyXYNn,1.0
367,0,CqPWXNIf,tTjpyeuP,2.0
37,0,QyfZGsFT,JgVaSAtG,2.0
37,0,kohCEyKT,QyfZGsFT,2.0
762,0,BsovYeFI,azqUKhQu,14.0
1263,0,YqlTLIQa,GYfZYaJh,48.0
1030,0,gNJqbiHM,qflzswAf,47.0
1030,0,LObiCWKO,gNJqbiHM,310.0
932,0,QepDUjLI,NsShbegC,74.0
932,0,eKrqNQMY,QepDUjLI,11.0
1085,0,YfaruHLV,ixafYOrk,2510.0
1085,0,yQmtaWgt,YfaruHLV,4360.0
1030,0,NsShbegC,uuLXjUrY,10.0
1682,0,rIWwRQFx,HkgLsGZV,3.0
1682,0,cfakSbWj,rIWwRQFx,3.0
1682,0,oAtDCozl,cfakSbWj,3.0
1682,0,cbQZDOwf,oAtDCozl,3.0
1682,0,lrlWhBjT,cbQZDOwf,3.0
1682,0,KoIahnfw,lrlWhBjT,3.0
1682,0,TVdcjRlg,KoIahnfw,3.0
1682,0,HDoiyQXO,TVdcjRlg,3.0
1682,0,brwCoXzb,HDoiyQXO,3.0
1682,0,LZThInHz,brwCoXzb,3.0
1682,0,whTcIvgZ,LZThInHz,3.0
1681,0,vFcwPIzF,qrkdOgPU,37.0
899,0,pMQyFYNH,CFKdtsYk,30.0
899,0,PTCqqgjS,pMQyFYNH,30.0
401,0,knSDhEIY,gzTQJVMW,400.0
932,0,RrjncJTc,IojsotKp,1024.0
401,0,ogOCBKAf,NxbXiMUL,78.0
401,0,KjiBWoqR,ogOCBKAf,558.0
401,0,bYtHLndm,wBZvskGC,142.0
401,0,knSDhEIY,bYtHLndm,1120.0
131,0,OrpTuTll,tqLrxYqg,30.0
131,0,oIfrlpqH,OrpTuTll,29.0
932,0,XfgrRxbI,ojqTFFWy,178.0
932,0,UfJzwqHV,XfgrRxbI,1.0
932,0,yJFAEWOL,UfJzwqHV,104.0
932,0,BJyyGCqV,yJFAEWOL,104.0
932,0,gZsXxpWQ,BJyyGCqV,104.0
932,0,aXBkDCtb,gZsXxpWQ,104.0
932,0,QgJihzqk,aXBkDCtb,104.0
932,0,IojsotKp,QgJihzqk,104.0
401,0,KgwKZlse,FZsFzszJ,21.0
77,0,fXFJjsZH,LfENZYTF,17.0
75,0,EWgolfjF,DKTMYVhM,2.0
77,0,lndqhzzh,jQaLNViL,12.0
990,0,wssOAckJ,obGcbWvT,5.0
990,0,zzxlwhdI,wssOAckJ,5.0
777,0,aLhLfQkP,sXTxOtpY,170.0
777,0,eeUAfDeR,aLhLfQkP,170.0
777,0,sJpWePxb,eeUAfDeR,170.0
1102,0,yGnjFAhM,BpAiVnps,5.0
902,0,mhrRBZGj,dScsNKLk,70.0
902,0,XvoliiTU,mhrRBZGj,70.0
902,0,BjKGijLD,XvoliiTU,70.0
902,0,kfbZMUOE,BjKGijLD,70.0
902,0,RaPTCLQp,kfbZMUOE,70.0
902,0,IZbIkfGA,RaPTCLQp,74.0
902,0,UJfkeWEN,IZbIkfGA,74.0
902,0,MlIkmoKa,UJfkeWEN,74.0
902,0,FIOYHASJ,MlIkmoKa,74.0
902,0,KMHCIdcu,FIOYHASJ,74.0
903,0,ZJxogzZw,wcUGKfLa,64.0
903,0,aRCjtsfP,ZJxogzZw,64.0
903,0,aPKnTaHY,aRCjtsfP,84.0
903,0,ZxAfSTio,aPKnTaHY,84.0
903,0,PfzzVLdD,ZxAfSTio,84.0
903,0,MNMOMIBL,PfzzVLdD,86.0
903,0,ySoPUuJQ,MNMOMIBL,86.0
903,0,fGauMtcM,ySoPUuJQ,86.0
903,0,mPXKcTmk,fGauMtcM,86.0
903,0,moYdstNu,mPXKcTmk,84.0
902,0,GiBhHxRo,KMHCIdcu,66.0
720,0,WIZPpGvl,iOuVBZzk,3.0
1102,0,XiRzIewe,MjMnNBLG,2.0
1102,0,ldInPGbn,uaUalZjh,242.0
1102,0,WGEhEMgb,ldInPGbn,242.0
1102,0,WblAIghg,WGEhEMgb,242.0
134,0,prUQvyGs,dScsNKLk,64.0
134,0,FTnfVqbf,prUQvyGs,64.0
134,0,ncqAMIfe,FTnfVqbf,64.0
134,0,uHruDGLY,ncqAMIfe,64.0
134,0,FOXeQKOT,uHruDGLY,53.0
134,0,FesfYZEN,FOXeQKOT,44.0
401,0,wBZvskGC,WyfCQhSW,184.0
401,0,adPAcDLJ,UrOuumcZ,10.0
401,0,dZoxKDmD,FoxIDeQY,12.0
1030,0,dYlTtQAF,VpHOqNar,249.0
1030,0,aaeLLxLj,dYlTtQAF,1214.0
1085,0,qYsYtTjJ,vDTAjOOR,34.0
1085,0,AoIEptMM,qYsYtTjJ,208.0
1085,0,yCXbqkBs,AoIEptMM,44.0
900,0,ZJxogzZw,wcUGKfLa,4.0
900,0,aRCjtsfP,ZJxogzZw,4.0
900,0,aPKnTaHY,aRCjtsfP,61.0
900,0,ZxAfSTio,aPKnTaHY,61.0
900,0,oQmOaQyB,ZxAfSTio,61.0
900,0,BSlPgNeK,oQmOaQyB,61.0
1030,0,CrOFTJlw,kiTgZeoH,177.0
736,0,uzgDjeSU,bInfxKVp,13.0
131,0,diAYwowt,uzgDjeSU,17.0
131,0,safClnnY,diAYwowt,30.0
131,0,tqLrxYqg,safClnnY,30.0
131,0,diAYwowt,RvWjyDDD,13.0
736,0,DeWEzUGk,mkpQpPSv,37.0
736,0,uzgDjeSU,DeWEzUGk,2.0
37,0,NuyYqrDq,rZoajhYh,6.0
902,0,MzxDaMZj,GiBhHxRo,103.0
973,0,EWPMCuEz,JHNPaXkN,2.0
762,0,pkAaqtnD,HJijptKA,1.0
762,0,mAREpQlu,pkAaqtnD,1.0
780,0,qPtpgxic,KzCxlBoL,368.0
1263,0,CbcrfuAf,tpTDqbZI,14.0
1435,0,wbJSAzcX,NNeqXfIi,6.0
780,0,qRJySzaf,hvwrhWFk,6.0
899,0,mAREpQlu,pkAaqtnD,30.0
902,0,pkAaqtnD,aPOYjvXT,58.0
902,0,mAREpQlu,pkAaqtnD,58.0
1564,0,qjwSVoCq,IubGYoNi,2.0
1263,0,tpTDqbZI,SgGmeaHk,13.0
1395,0,rBCwdRqs,iPNesxKP,19.0
1395,0,UgzfanVk,rBCwdRqs,422.0
1395,0,mhYSfvAq,UgzfanVk,1447.0
1395,0,EkWBPXmr,MhxjGQjy,16.0
736,0,tTpRqbZv,rBGGtpqI,200.0
131,0,RvWjyDDD,tTpRqbZv,13.0
131,0,CkSrqRXW,RvWjyDDD,23.0
131,0,JScPHHNr,dScsNKLk,1.0
131,0,TenjteTV,JScPHHNr,5.0
131,0,tTpRqbZv,TenjteTV,7.0
131,0,JScPHHNr,tOhgfmkj,4.0
131,0,uzgDjeSU,tTpRqbZv,2.0
133,0,bnvgwXNi,YUgtVNSj,1.0
133,0,nyQXyVHt,bnvgwXNi,2.0
1408,0,NMFCXTQH,NNAcmEYB,20.0
736,0,GYxWnXpv,HeSMGtlu,279.0
736,0,TabXWeiJ,tDhKnafe,54.0
1472,0,IoxYvxeH,aFlzccOO,365.0
1102,0,TUmpHOaB,wRFZkBWU,5.0
1102,0,kZbxJItD,TUmpHOaB,32.0
1102,0,WBGMFkPq,kZbxJItD,32.0
1102,0,ZrJSsOtw,WBGMFkPq,17.0
1099,0,iiHDFBMi,RnuEqbUH,2.0
1099,0,oERWQcSy,iiHDFBMi,2.0
1099,0,nsdRxeeS,oERWQcSy,2.0
1102,0,ZrJSsOtw,SmQHomzq,3.0
1102,0,HHtnqjHj,wdZlcJUN,12.0
1102,0,pjLoLNOl,HHtnqjHj,12.0
77,0,NCVzutVL,TBShKgjD,3.0
826,0,aFNbJDFF,mAREpQlu,121.0
826,0,JGMtXKXa,aFNbJDFF,121.0
1102,0,XQUhYonT,NoGATiBT,35.0
1102,0,UIFNotIh,XQUhYonT,35.0
1102,0,AqLhpCGg,UIFNotIh,36.0
1102,0,OOrUJecL,GqIywbYh,1.0
736,0,jUFdobJP,WhCgdKgR,97.0
736,0,GYxWnXpv,ZEJEKYue,2.0
736,0,jUFdobJP,SVKOBqwN,45.0
1102,0,oGtLXKlU,roHCvggS,114.0
1102,0,MAxpakLW,MEtvPAvc,3.0
899,0,khOlLZay,CDXhVrrJ,2.0
899,0,pzScocJN,khOlLZay,2.0
826,0,DwCsfBrf,JGMtXKXa,107.0
826,0,uiqniiby,DwCsfBrf,107.0
826,0,tWWfaWxU,uiqniiby,107.0
826,0,foYyjDus,tWWfaWxU,107.0
826,0,sqMuVqoE,foYyjDus,86.0
822,0,EZonlaGf,lRwzpFEA,371.0
822,0,LnttpfXJ,EZonlaGf,371.0
992,0,elxmPCDf,MlXQVZuf,5.0
736,0,OSxOVFcp,tTpRqbZv,193.0
736,0,qatuIGdU,OSxOVFcp,193.0
736,0,eyUKPfnA,jUFdobJP,65.0
736,0,eyUKPfnA,iEKDTvNf,38.0
822,0,pjnGNdLD,LnttpfXJ,354.0
37,0,wssOAckJ,obGcbWvT,2.0
780,0,mRKfPREJ,wuAzVrCW,161.0
777,0,MZocsETE,mAREpQlu,204.0
777,0,wJsysHnP,MZocsETE,204.0
777,0,qoKVVYVH,wJsysHnP,204.0
777,0,ZbBLjsKS,qoKVVYVH,204.0
778,0,mBrhAdeU,ZKmlngva,19.0
1102,0,ywTbPNnN,qkDUPxQJ,3.0
1102,0,kGQEnBYZ,XQUhYonT,3.0
826,0,zqVKryrK,sqMuVqoE,85.0
736,0,oUlRzwnE,ZgqhsueA,98.0
736,0,vjVhbIrq,mkpQpPSv,9.0
822,0,TJYuPZgz,pjnGNdLD,349.0
826,0,AlojXgfn,zqVKryrK,78.0
826,0,HJijptKA,lRwzpFEA,2.0
826,0,pkAaqtnD,HJijptKA,2.0
826,0,mAREpQlu,pkAaqtnD,2.0
868,0,eYsqUgzf,jQlVbeqW,17.0
868,0,CGfCHyje,eYsqUgzf,17.0
777,0,VvfGvRfV,ZbBLjsKS,190.0
777,0,gjjwmxRV,VvfGvRfV,190.0
777,0,sXTxOtpY,gjjwmxRV,190.0
1102,0,HHtnqjHj,yXfOYhmg,84.0
778,0,QHzfYnaE,wXJrQzdz,358.0
778,0,ZKmlngva,QHzfYnaE,358.0
778,0,wXJrQzdz,pjLoLNOl,274.0
1102,0,ftvNhZKM,ZIvIwqTW,1.0
822,0,fvMkSwKl,TJYuPZgz,33.0
1398,0,UgzfanVk,TEKQTTfp,381.0
780,0,lRwzpFEA,HeRuYpNs,19.0
778,0,ZJxogzZw,wcUGKfLa,2.0
778,0,Uacajbua,ZJxogzZw,2.0
778,0,ZLCIvgrp,Uacajbua,2.0
826,0,oahiQKZf,AlojXgfn,28.0
826,0,LJERpsJx,oahiQKZf,1.0
826,0,NgxTtWek,LJERpsJx,1.0
826,0,pTibEDEI,NgxTtWek,1.0
736,0,ZEJEKYue,ZgqhsueA,12.0
37,0,iZfXNAue,CqPWXNIf,24.0
1102,0,WBGMFkPq,LgyCGIBw,14.0
137,0,ncqAMIfe,gQAjQszT,226.0
137,0,uHruDGLY,ncqAMIfe,226.0
134,0,tOhgfmkj,hmRIiXJy,2.0
134,0,FjwhCXAK,tOhgfmkj,2.0
134,0,dScsNKLk,FjwhCXAK,2.0
1198,0,HEshVETB,lDiqRMWn,23.0
736,0,qheIKvdP,XQGQJTfc,23.0
736,0,qheIKvdP,dScsNKLk,3.0
736,0,bInfxKVp,YvwuVYMF,74.0
733,0,bInfxKVp,cCtcUCYS,26.0
1037,0,ojqTFFWy,zjKsBdNQ,58.0
47,0,GkYZbgqg,xfbmoJHP,335.0
47,0,paIawFeA,GkYZbgqg,207.0
47,0,AoRkaUmb,paIawFeA,255.0
529,0,DdFWFvrk,YJlimzmz,746.0
529,0,KCPTYZEU,DdFWFvrk,746.0
529,0,lPZtleot,KCPTYZEU,746.0
762,0,ojqTFFWy,BvsSDYgP,9.0
47,0,JCIOAWOU,rbVbMNcM,23.0
1512,0,gGkadTNm,fubLBmAl,6.0
992,0,selTNsQi,aZtqChJJ,2.0
47,0,nIakFMcq,XiLvnZTk,1.0
736,0,YJlimzmz,mkpQpPSv,55.0
357,0,KwaxxmSs,neNWquOh,23.0
572,0,gzZgDndk,YXOKWXAw,268.0
578,0,kZdBhxvo,gRuqifBH,160.0
578,0,TShNRujB,kZdBhxvo,160.0
419,0,TShNRujB,hxSTJhOz,581.0
524,0,fuApzGaS,nqZDBuxM,530.0
1198,0,gzZgDndk,BqZQArDi,1024.0
16,0,MklhhYCQ,rnFrOJMw,474.0
524,0,jLJTMrwU,dpOKQcMh,1.0
727,0,KwaxxmSs,aFlzccOO,199.0
19,0,BqZQArDi,obGcbWvT,5.0
1085,0,njohAsHY,riqYNvhO,1518.0
1085,0,eJIFTpTd,njohAsHY,2272.0
367,0,HxnLIWQq,OXvlrfnG,1.0
367,0,DOGyniWl,HxnLIWQq,42.0
16,0,TShNRujB,MkXEUCdM,521.0
321,0,gzZgDndk,KwaxxmSs,133.0
321,0,YLjwrcCY,sCyvkPkr,3.0
321,0,RfzcmazU,YLjwrcCY,3.0
321,0,ImIhxSnH,RfzcmazU,3.0
321,0,TShNRujB,ImIhxSnH,3.0
465,0,STSGJiIu,TdfMaTlB,286.0
455,0,SyrqOGJb,IvqxNjHK,4.0
321,0,STSGJiIu,TdfMaTlB,254.0
321,0,EBckcZXF,STSGJiIu,51.0
321,0,buAeVenh,EBckcZXF,51.0
321,0,gzZgDndk,buAeVenh,62.0
460,0,rnFrOJMw,eyAJPdep,597.0
1398,0,UgpyjFML,tzYrVhKO,3.0
1398,0,TShNRujB,UgpyjFML,12.0
465,0,bjPEDqek,PrwDPVMa,1.0
1226,0,pXlenLUq,qzYXXYmc,522.0
465,0,puwcRgFs,vyojaKRU,6.0
1106,0,nCsqpnJo,owFNQNZv,103.0
616,0,zGyJMIkT,uiYVYPQX,3.0
616,0,PaLbQtln,zGyJMIkT,9.0
16,0,xewbkqhz,funWfCdm,583.0
14,0,VbpBVdde,VjdckTjW,2.0
14,0,PSjGjQXK,VbpBVdde,2.0
616,0,wuyFtExA,EtvjcvTp,33.0
616,0,rqBqDfoZ,wuyFtExA,33.0
1198,0,rqBqDfoZ,isVKhOXG,592.0
293,0,qrSNpKDz,dQYZBhGJ,5.0
1198,0,JZGNdgml,DzkWADkh,1.0
455,0,tZiWmgTn,EmkugZPX,289.0
455,0,JpkWIkgn,tZiWmgTn,287.0
455,0,gDnuvefz,JpkWIkgn,287.0
455,0,rqBqDfoZ,gDnuvefz,287.0
477,0,ifLglfbO,vkAUVqtk,46.0
648,0,FDPmqphv,PSjGjQXK,47.0
836,0,neNWquOh,QHFmFyLR,6.0
836,0,PSjGjQXK,KwaxxmSs,4.0
1512,0,NBopaFdP,YvwuVYMF,31.0
477,0,ifLglfbO,NBopaFdP,84.0
1376,0,CcTUkfkl,MHYyLhRG,7.0
1376,0,tglFZOrp,CcTUkfkl,7.0
1376,0,SqxhBMol,tglFZOrp,7.0
1376,0,JvhqCmbT,SqxhBMol,7.0
1376,0,xkdRvtRu,JvhqCmbT,7.0
1376,0,SjZGieDS,xkdRvtRu,7.0
1376,0,gDnuvefz,SjZGieDS,7.0
1376,0,rqBqDfoZ,gDnuvefz,7.0
235,0,MklhhYCQ,nrKKniYe,370.0
235,0,SOBUilCD,MklhhYCQ,1318.0
235,0,PSjGjQXK,SOBUilCD,605.0
1623,0,GYenbKMg,FHknKSNi,290.0
1623,0,iSMSiXHg,GYenbKMg,244.0
1623,0,fyqDJAhS,iSMSiXHg,27.0
321,0,ifLglfbO,RSPZrGBg,5.0
293,0,cEOIeJTR,CfleTooC,55.0
679,0,RVGhYAxc,gRVxNCAP,91.0
235,0,GnsXgGJX,RVGhYAxc,80.0
235,0,PSjGjQXK,UUCrlfWg,99.0
108,0,TqlJzItM,KQSHMGnw,76.0
108,0,EmkugZPX,TqlJzItM,79.0
712,0,bvSKVAYv,DWuGRWkF,348.0
601,0,xkdRvtRu,HrNWphPZ,20.0
601,0,tZiWmgTn,xkdRvtRu,20.0
601,0,JpkWIkgn,tZiWmgTn,20.0
601,0,gDnuvefz,JpkWIkgn,20.0
601,0,rqBqDfoZ,gDnuvefz,20.0
727,0,SOBUilCD,nhSXMXjw,16.0
235,0,RVGhYAxc,xGsoSfhX,58.0
712,0,HJTsgSzj,isWzWnoW,6.0
253,0,vGKZybsV,rJovpGIG,135.0
866,0,UEPelLBG,IsieOPvU,11.0
866,0,gpKesHQf,UEPelLBG,11.0
866,0,lyZkKOPR,gpKesHQf,11.0
866,0,DorRdqSK,lyZkKOPR,11.0
866,0,cwgbfpqq,DorRdqSK,11.0
727,0,cCEhgrAc,cwgbfpqq,1.0
648,0,PSjGjQXK,KwaxxmSs,44.0
1326,0,mZrMXUGc,BZEEPDzF,143.0
1326,0,ovqyecwa,mZrMXUGc,593.0
1326,0,PhEXDKmN,ovqyecwa,593.0
1326,0,vfoMHDCS,PhEXDKmN,593.0
1326,0,LEPzGjdo,vfoMHDCS,593.0
1326,0,VeNIGKmR,LEPzGjdo,539.0
1326,0,vkwWhgCe,VeNIGKmR,539.0
1326,0,KSSwmuEx,vkwWhgCe,528.0
1190,0,djdidyfJ,DZOaDIuU,325.0
1190,0,jnDfAorM,djdidyfJ,325.0
1190,0,DZOaDIuU,CZBrBkrq,197.0
1398,0,fubLBmAl,YzEQqMkN,12.0
1398,0,NBopaFdP,fubLBmAl,143.0
1395,0,gzZgDndk,HZcfHzwe,34.0
1221,0,MnTeelLR,dlIiZmBi,399.0
1106,0,liUSqvwm,cttUtMNm,20.0
1106,0,ozAxYCwR,liUSqvwm,20.0
1030,0,ajteUQkz,mZFKHZkN,857.0
1106,0,ocwJSpah,ekoOPpVq,2.0
1198,0,isVKhOXG,uHbImzAf,290.0
245,0,wmQoUVus,phodyDNv,30.0
245,0,RVGhYAxc,wmQoUVus,30.0
401,0,adPAcDLJ,FoxIDeQY,12.0
401,0,XpaxRhYo,adPAcDLJ,27.0
932,0,LObiCWKO,NkxXRBvj,98.0
1030,0,NrUUQlkk,LObiCWKO,54.0
1030,0,WhdKokFf,NrUUQlkk,54.0
1030,0,uuLXjUrY,uGbUWjny,113.0
1030,0,spVkBMtX,GxYrbHur,100.0
1030,0,WcOcULlY,spVkBMtX,142.0
1030,0,mZFKHZkN,WcOcULlY,140.0
1669,0,SrxxnOEl,zjFHHUbS,83.0
1669,0,AXxrYyXG,SrxxnOEl,83.0
1669,0,QexJFwXO,AXxrYyXG,83.0
1669,0,exRzHfND,QexJFwXO,60.0
245,0,WmSrnULk,exRzHfND,1.0
245,0,eXTjiXiW,WmSrnULk,1.0
235,0,UUCrlfWg,eXTjiXiW,1.0
874,0,RuqLEiFp,ZEXMhMxR,132.0
1366,0,lsFGVtlq,imyhTmbO,1.0
1095,0,OjBZWzOO,PorTAzNX,93.0
1095,0,KrLSLIZd,OjBZWzOO,89.0
751,0,GrxyFhrL,AEUmstNW,79.0
1083,0,puwcRgFs,JGCJnIWw,66.0
1366,0,fmQEzQWV,honleovC,356.0
1085,0,bTSeOnqx,VWKzFLMH,249.0
1085,0,LPSpTPgJ,bTSeOnqx,1.0
1085,0,PkIPVRtB,LPSpTPgJ,1.0
273,0,hfsVeMMa,bRAzuzSs,844.0
273,0,zOQhKaAF,hfsVeMMa,129.0
273,0,zOQhKaAF,eVGAINdZ,8.0
648,0,SYyDHHKq,FDPmqphv,309.0
648,0,yzZGrKJL,SYyDHHKq,344.0
648,0,OGJVNXKe,yzZGrKJL,96.0
601,0,ImIhxSnH,fFHpEWYG,55.0
601,0,iEKuRfDT,ImIhxSnH,55.0
601,0,oSOvYxXQ,iEKuRfDT,76.0
16,0,GfBReROC,eXTjiXiW,28.0
601,0,STSGJiIu,TdfMaTlB,24.0
601,0,fFHpEWYG,STSGJiIu,24.0
460,0,tzYrVhKO,nhSXMXjw,20.0
460,0,buAeVenh,tzYrVhKO,4.0
273,0,zOQhKaAF,jOxyxYyy,4.0
1318,0,PlyJazqR,eTJQHplR,112.0
1106,0,uTBXaSDE,jnDfAorM,232.0
1106,0,xiCfcAgb,uTBXaSDE,232.0
1106,0,RjtzWJgw,xiCfcAgb,37.0
1106,0,nnnLtFmO,RjtzWJgw,53.0
1106,0,jOxyxYyy,nnnLtFmO,53.0
1106,0,eVGAINdZ,jOxyxYyy,104.0
1106,0,zOQhKaAF,eVGAINdZ,78.0
615,0,gzZgDndk,TShNRujB,4.0
615,0,PSjGjQXK,gzZgDndk,4.0
615,0,FDPmqphv,PSjGjQXK,4.0
615,0,ccqsUPnI,FDPmqphv,4.0
615,0,OGJVNXKe,ccqsUPnI,4.0
273,0,uiYVYPQX,hwOMxSYP,3.0
273,0,hfsVeMMa,isVKhOXG,81.0
648,0,SYyDHHKq,IzsieVnc,37.0
648,0,QxiLEgzR,OGJVNXKe,53.0
648,0,hfsVeMMa,QxiLEgzR,53.0
648,0,hfsVeMMa,JovbzjVh,112.0
616,0,tZiWmgTn,SQUoXVXU,14.0
215,0,PSjGjQXK,KwaxxmSs,13.0
215,0,FDPmqphv,PSjGjQXK,179.0
273,0,xkdRvtRu,tBJBJfdu,23.0
273,0,SjZGieDS,xkdRvtRu,23.0
273,0,tZiWmgTn,SjZGieDS,22.0
273,0,TJGhHrvm,tZiWmgTn,22.0
648,0,xQpNdvvD,GigUVtty,32.0
648,0,VuxSFkGj,xQpNdvvD,32.0
648,0,SQUoXVXU,VuxSFkGj,32.0
648,0,tZiWmgTn,SQUoXVXU,32.0
648,0,nusTHAtB,tZiWmgTn,32.0
648,0,TJGhHrvm,nusTHAtB,32.0
648,0,JovbzjVh,qDeoslSZ,607.0
601,0,TJGhHrvm,RfzcmazU,31.0
273,0,fkZFUNSd,jFmPCmzM,5.0
601,0,FcOkCcps,TdfMaTlB,14.0
601,0,sCyvkPkr,FcOkCcps,15.0
601,0,RfzcmazU,sCyvkPkr,14.0
108,0,GjiyfRqd,vXPGJwVk,18.0
601,0,hfsVeMMa,psXocZQH,33.0
1106,0,OLVfWwhL,nCsqpnJo,287.0
1106,0,hfsVeMMa,OLVfWwhL,164.0
235,0,wHfmVQMh,KDdzRmow,8.0
483,0,AHLLTOdf,KRQMLlbw,143.0
491,0,vBGGqNND,dpOKQcMh,968.0
477,0,bKKUjGhb,LbKosGpD,366.0
477,0,vBGGqNND,bKKUjGhb,296.0
491,0,zavSPsgu,mYoRZvtc,954.0
491,0,vBGGqNND,zavSPsgu,1140.0
491,0,zavSPsgu,iWFLhsvE,118.0
321,0,IdWZOznf,neNWquOh,456.0
321,0,POdtxoZm,IdWZOznf,160.0
853,0,LbKosGpD,xiTGCYEl,90.0
477,0,LbKosGpD,NBopaFdP,21.0
319,0,zavSPsgu,YjHuxjDZ,73.0
319,0,UrQlyWkl,zavSPsgu,73.0
234,0,JSZZmOIY,tBJBJfdu,2.0
313,0,RVGhYAxc,LKVeVUNI,6.0
679,0,KTHxRvtW,GhNbXpjs,20.0
679,0,gRVxNCAP,KTHxRvtW,114.0
321,0,vpctkpYQ,STSGJiIu,253.0
321,0,neNWquOh,vpctkpYQ,253.0
460,0,MnTeelLR,qflzswAf,647.0
712,0,GRRjUQxz,YvwQRHTE,525.0
712,0,zYpZYpOA,GRRjUQxz,587.0
1300,0,AHLLTOdf,JSZZmOIY,48.0
491,0,NKCxdwhs,mYoRZvtc,147.0
491,0,UrQlyWkl,NKCxdwhs,42.0
235,0,MklhhYCQ,mdGitRQe,606.0
235,0,AjJCgCBk,MklhhYCQ,730.0
477,0,hgHcWJof,ifLglfbO,91.0
477,0,bKKUjGhb,hgHcWJof,88.0
491,0,QnkNgkDL,YvLYpMPH,399.0
477,0,mHRdWDIt,vzxcaINQ,2.0
477,0,NBopaFdP,mHRdWDIt,3.0
1395,0,LbKosGpD,lSWJJvzr,2.0
712,0,TPFTQSyz,uiYVYPQX,73.0
712,0,gGlRqksC,TPFTQSyz,15.0
712,0,dKbqWpcD,gGlRqksC,14.0
477,0,hgHcWJof,dKbqWpcD,14.0
1083,0,cGObbHGv,KbKyxild,28.0
1083,0,vyojaKRU,cGObbHGv,28.0
1030,0,fnQyKclP,hqxwmRzJ,1.0
1030,0,XmmyKsTm,UgzfanVk,8.0
293,0,JSZZmOIY,LWqTSxPr,1245.0
16,0,rSdxnGDj,EXHVDpee,85.0
455,0,AjJCgCBk,iBiVOFur,351.0
1300,0,jaCrAUFK,MlqbsUKu,13.0
273,0,mKIQRbrs,XVbubuGa,56.0
1198,0,OWkTamRc,IzsieVnc,1.0
293,0,jPryMrof,mklbELhb,10.0
16,0,ybjkPLXB,qflzswAf,1508.0
491,0,mKIQRbrs,QnkNgkDL,437.0
491,0,UaWwvNMO,eeSdZFhf,28.0
491,0,gFAsBeQM,UaWwvNMO,28.0
491,0,QnkNgkDL,gFAsBeQM,40.0
491,0,JvhqCmbT,qFzqwYZZ,242.0
585,0,CcTUkfkl,MHYyLhRG,218.0
585,0,tglFZOrp,CcTUkfkl,177.0
585,0,SqxhBMol,tglFZOrp,177.0
585,0,vIqdsoZx,SqxhBMol,177.0
585,0,SjZGieDS,vIqdsoZx,177.0
601,0,mKIQRbrs,xfYjeqNM,17.0
1198,0,QHFmFyLR,GWhCmjED,11.0
1198,0,neNWquOh,QHFmFyLR,4.0
585,0,rClMLArS,mZseJHmU,195.0
585,0,MHYyLhRG,rClMLArS,195.0
601,0,pPqywgRl,hwOMxSYP,226.0
601,0,mKIQRbrs,pPqywgRl,484.0
679,0,IMtkgxTU,XXPGaRGh,264.0
679,0,MlQcmexA,IMtkgxTU,264.0
679,0,KHbKaRBy,EMzKPzug,107.0
616,0,xQpNdvvD,twMezfOU,3.0
187,0,TcEVvOUM,fjevhefZ,78.0
616,0,qZGaqIqO,OyNIynZV,7.0
648,0,EkWBPXmr,zVYhNTdK,35.0
477,0,OkTOljoV,fkZFUNSd,416.0
477,0,ryMrZCSE,OkTOljoV,573.0
455,0,MlQcmexA,bgWfLree,91.0
313,0,jsnedRvy,ORsEDdLG,9.0
313,0,TcEVvOUM,jsnedRvy,9.0
477,0,QrdELzCu,wHfmVQMh,460.0
679,0,nEXpIbiD,fubLBmAl,160.0
679,0,MlQcmexA,nEXpIbiD,160.0
321,0,QHFmFyLR,EkWBPXmr,181.0
321,0,XGxJlapP,IdWZOznf,296.0
321,0,DjKGsdyb,XGxJlapP,296.0
321,0,hxSTJhOz,zAVZRYih,18.0
321,0,DjKGsdyb,hxSTJhOz,18.0
321,0,YjHuxjDZ,gzZgDndk,270.0
318,0,YvLYpMPH,POdtxoZm,123.0
318,0,DjKGsdyb,YvLYpMPH,123.0
319,0,CZfJWCoJ,xfYjeqNM,30.0
319,0,IdWZOznf,CZfJWCoJ,30.0
319,0,XGxJlapP,IdWZOznf,30.0
319,0,YjHuxjDZ,XGxJlapP,30.0
455,0,xfYjeqNM,UWSJuCAz,25.0
319,0,xfYjeqNM,RSPZrGBg,51.0
318,0,POdtxoZm,GnsXgGJX,40.0
720,0,MklhhYCQ,PkbhOCMh,32.0
491,0,RupFhEwj,vIqdsoZx,114.0
491,0,iWFLhsvE,LdWodgsw,140.0
491,0,HTKZNJTs,iWFLhsvE,140.0
491,0,vIqdsoZx,FTwVCxQy,10.0
235,0,uVsOstge,mdGitRQe,412.0
235,0,tBJBJfdu,uVsOstge,355.0
477,0,FFLftRlg,vBGGqNND,461.0
477,0,HTKZNJTs,FFLftRlg,382.0
477,0,FmTbQszJ,HTKZNJTs,298.0
477,0,vIqdsoZx,SqxhBMol,7.0
477,0,RupFhEwj,vIqdsoZx,9.0
601,0,tBJBJfdu,uVsOstge,10.0
601,0,FmTbQszJ,tBJBJfdu,2.0
16,0,tBJBJfdu,bbaQRYSI,227.0
14,0,aUPouXsN,QRSRIbba,18.0
601,0,hwOMxSYP,tIegtsMs,6.0
601,0,qvujbmjR,mKIQRbrs,217.0
601,0,vIqdsoZx,SqxhBMol,5.0
601,0,tBJBJfdu,vIqdsoZx,5.0
14,0,nrKKniYe,RkbXqAIs,29.0
14,0,QRSRIbba,nrKKniYe,6.0
648,0,qDeoslSZ,OGJVNXKe,85.0
235,0,uVsOstge,FZYojuVE,7.0
601,0,SqxhBMol,iBiVOFur,79.0
1300,0,tBJBJfdu,niqrIlpR,35.0
235,0,mdGitRQe,wHfmVQMh,173.0
491,0,WPPGaTFA,jLJTMrwU,65.0
1300,0,XMWgellz,CsDsDrdU,745.0
679,0,RHWjHSWx,MlQcmexA,10.0
648,0,GigUVtty,mVhkAqwx,164.0
491,0,pHNyFRmN,gaLZwYvS,60.0
491,0,vISVJoyz,pHNyFRmN,40.0
491,0,RHWjHSWx,vISVJoyz,40.0
712,0,RHWjHSWx,TcTonWJL,21.0
491,0,GigUVtty,UrQlyWkl,146.0
648,0,pHNyFRmN,isVKhOXG,157.0
648,0,SMriOOgF,pHNyFRmN,37.0
648,0,RHWjHSWx,SMriOOgF,37.0
490,0,pHNyFRmN,SjZGieDS,46.0
490,0,vISVJoyz,pHNyFRmN,46.0
490,0,RHWjHSWx,vISVJoyz,46.0
1198,0,bCOJrgoA,qDeoslSZ,312.0
1198,0,IwMXsDOu,bCOJrgoA,312.0
1198,0,PSjGjQXK,IwMXsDOu,312.0
648,0,OyNIynZV,NcLanIdZ,25.0
648,0,IvqxNjHK,XjEyEHqT,21.0
648,0,SyrqOGJb,IvqxNjHK,21.0
648,0,NcLanIdZ,SyrqOGJb,21.0
1198,0,rWiIOjNx,gOJphFVT,2.0
679,0,eTJQHplR,nEXpIbiD,47.0
273,0,SqxhBMol,mKIQRbrs,41.0
477,0,ZAvLUFLU,FFLftRlg,79.0
477,0,tglFZOrp,ZAvLUFLU,79.0
1747,0,EfWhclss,DJsuwMnQ,59.0
1747,0,SqxhBMol,EfWhclss,59.0
491,0,mVhkAqwx,zavSPsgu,44.0
1198,0,rWiIOjNx,BqZQArDi,2.0
1198,0,VpmqCJUB,RHWjHSWx,13.0
1747,0,bgWfLree,DsuTXcIa,283.0
1747,0,nUYnioIh,bgWfLree,283.0
1747,0,COReTzyE,nUYnioIh,283.0
1747,0,DJsuwMnQ,COReTzyE,283.0
1744,0,uVsOstge,niqrIlpR,108.0
1744,0,HTKZNJTs,uVsOstge,108.0
1744,0,qvujbmjR,HTKZNJTs,108.0
1744,0,REvIjxsO,qvujbmjR,173.0
1744,0,CylWjYTC,REvIjxsO,173.0
1747,0,JovbzjVh,qDeoslSZ,205.0
1747,0,DCdKJxNH,JovbzjVh,205.0
1747,0,DsuTXcIa,DCdKJxNH,205.0
321,0,psXocZQH,EkWBPXmr,597.0
321,0,yprCGtVa,psXocZQH,597.0
321,0,pPqywgRl,yprCGtVa,208.0
321,0,SJHseTdc,pPqywgRl,208.0
235,0,nrKKniYe,rnFrOJMw,832.0
16,0,UECnapuN,TurKlwMz,47.0
727,0,nrKKniYe,qflzswAf,184.0
477,0,oFGeBzfg,vBGGqNND,232.0
477,0,CcTUkfkl,oFGeBzfg,245.0
491,0,gaLZwYvS,qFzqwYZZ,108.0
449,0,NXLrCKMp,xiTGCYEl,31.0
449,0,CcTUkfkl,NXLrCKMp,31.0
477,0,vBGGqNND,hgHcWJof,14.0
477,0,JvhqCmbT,FmTbQszJ,26.0
477,0,xkdRvtRu,JvhqCmbT,26.0
477,0,SqxhBMol,xkdRvtRu,26.0
477,0,eciAPzhn,zYpZYpOA,569.0
477,0,tOfkaukv,eciAPzhn,569.0
477,0,exzjGTVf,tOfkaukv,569.0
477,0,CcTUkfkl,exzjGTVf,569.0
477,0,yZEnTGkU,jFmPCmzM,12.0
477,0,CYSggHNR,IkxLwyxa,136.0
477,0,dKbqWpcD,VhgapMoa,136.0
477,0,zYpZYpOA,dKbqWpcD,136.0
235,0,IOcMwGKn,ybjkPLXB,181.0
235,0,nrKKniYe,IOcMwGKn,375.0
273,0,nrKKniYe,SWnceHEw,1072.0
1376,0,vRWSdFEN,DLdtTvFi,22.0
1376,0,tNTWUPxE,vRWSdFEN,22.0
1376,0,WPBOglHu,tNTWUPxE,22.0
1376,0,ftMGYADA,WPBOglHu,22.0
1376,0,lklhFYFG,ftMGYADA,22.0
1376,0,laWGsLMv,lklhFYFG,22.0
1376,0,JYcdyiOK,laWGsLMv,22.0
1376,0,mTvPylzX,JYcdyiOK,22.0
1376,0,mZseJHmU,mTvPylzX,22.0
1376,0,rClMLArS,mZseJHmU,22.0
1376,0,MHYyLhRG,rClMLArS,22.0
1300,0,XHTcEfiO,CsDsDrdU,702.0
273,0,nrKKniYe,RVGhYAxc,2.0
727,0,qflzswAf,jnDfAorM,594.0
1198,0,mWygMrMb,VpmqCJUB,8.0
1198,0,RkIYOvZu,mWygMrMb,8.0
673,0,DsuTXcIa,mdGitRQe,430.0
491,0,LPQBwisp,wOZIcmuB,100.0
491,0,POdtxoZm,eeSdZFhf,390.0
491,0,eeSdZFhf,NKCxdwhs,105.0
1198,0,bCOJrgoA,KwaxxmSs,176.0
419,0,XAxmwtqw,aFlzccOO,22.0
1198,0,qDeoslSZ,neNWquOh,384.0
648,0,VpmqCJUB,RHWjHSWx,190.0
648,0,dulnZXnF,VpmqCJUB,336.0
648,0,RkIYOvZu,dulnZXnF,333.0
648,0,ygKQkAfU,RkIYOvZu,787.0
452,0,RkIYOvZu,bvSKVAYv,127.0
452,0,ygKQkAfU,RkIYOvZu,127.0
491,0,bgWfLree,RupFhEwj,95.0
293,0,aWeAvoyP,tBJBJfdu,196.0
293,0,uVsOstge,aWeAvoyP,196.0
1744,0,yMiwNCtj,CylWjYTC,344.0
1744,0,dulnZXnF,yMiwNCtj,344.0
1744,0,RkIYOvZu,dulnZXnF,344.0
1744,0,ygKQkAfU,RkIYOvZu,344.0
601,0,upZFxFqB,vJitwYAE,5.0
491,0,SqxhBMol,upZFxFqB,5.0
585,0,qVoRAqeW,NZGnRwVn,17.0
585,0,pYVbvizw,qVoRAqeW,17.0
648,0,yYSDLmlm,ydoNqUsu,97.0
648,0,FDCDnriY,yYSDLmlm,97.0
648,0,DCdKJxNH,FDCDnriY,96.0
648,0,DsuTXcIa,DCdKJxNH,94.0
648,0,DYLgRRdw,ZIZoBDen,265.0
648,0,QvJRXCKm,DYLgRRdw,265.0
648,0,PnlUHDyC,QvJRXCKm,278.0
215,0,vNgPBJZx,GnQdXosz,26.0
215,0,SyrqOGJb,vNgPBJZx,26.0
215,0,NcLanIdZ,SyrqOGJb,26.0
215,0,OyNIynZV,NcLanIdZ,23.0
215,0,ydoNqUsu,OyNIynZV,23.0
215,0,yYSDLmlm,ydoNqUsu,9.0
215,0,FDCDnriY,yYSDLmlm,9.0
215,0,DCdKJxNH,FDCDnriY,9.0
215,0,DsuTXcIa,DCdKJxNH,4.0
673,0,mdGitRQe,wHfmVQMh,54.0
648,0,ydoNqUsu,OyNIynZV,13.0
455,0,lhadwkCG,icUsjZEb,36.0
455,0,awnNVqry,lhadwkCG,36.0
866,0,fMrlznIn,cwgbfpqq,9.0
273,0,FcOkCcps,TPFTQSyz,1.0
460,0,RCkelXPh,ppabfQGz,158.0
460,0,SvGtXrYj,RCkelXPh,264.0
460,0,rnFrOJMw,SvGtXrYj,32.0
14,0,VjdckTjW,GnsXgGJX,124.0
1747,0,nrKKniYe,SqxhBMol,38.0
235,0,niqrIlpR,cttUtMNm,41.0
460,0,nhSXMXjw,YctaenCe,84.0
727,0,VbpBVdde,cwgbfpqq,490.0
235,0,zVYhNTdK,xbiDwIOu,36.0
321,0,nrUfCQxz,EkWBPXmr,1405.0
455,0,AHQzSmld,CTeFabzs,44.0
455,0,UWSJuCAz,AHQzSmld,54.0
635,0,pSVDMeCH,gaLZwYvS,26.0
635,0,FTwVCxQy,pSVDMeCH,26.0
635,0,nrUfCQxz,FTwVCxQy,32.0
319,0,DjKGsdyb,POdtxoZm,104.0
319,0,ExPvCHrU,DjKGsdyb,147.0
319,0,OCwYbEnq,ExPvCHrU,147.0
319,0,nrUfCQxz,OCwYbEnq,147.0
635,0,nrUfCQxz,RFaTWaew,13.0
601,0,nrUfCQxz,mKIQRbrs,263.0
321,0,UrQlyWkl,NQaaFyOm,44.0
321,0,nrUfCQxz,OCwYbEnq,155.0
682,0,cNuIRYrx,bZroqIhX,83.0
682,0,YLjwrcCY,cNuIRYrx,28.0
319,0,UCIDNTPZ,FrlvFFoW,43.0
319,0,RSPZrGBg,UCIDNTPZ,43.0
321,0,zVYhNTdK,TShNRujB,270.0
477,0,iBiVOFur,SqxhBMol,32.0
474,0,HrNWphPZ,bWAbaUPC,35.0
319,0,KMDYeUKg,ARTSSefO,15.0
319,0,FrlvFFoW,KMDYeUKg,15.0
635,0,DyPueDjA,HUVJunNe,36.0
635,0,uSZbdBno,OCwYbEnq,36.0
321,0,zVYhNTdK,PlyJazqR,79.0
712,0,fRxWIrbs,LVcdwgEp,111.0
1744,0,AHQzSmld,yHOAvGcL,27.0
1744,0,UWSJuCAz,AHQzSmld,27.0
1744,0,xfYjeqNM,UWSJuCAz,29.0
1744,0,nrUfCQxz,xfYjeqNM,29.0
319,0,SvGtXrYj,OPXtWBVk,23.0
712,0,jOxyxYyy,GRRjUQxz,71.0
321,0,OPXtWBVk,nPkrzCty,28.0
321,0,SvGtXrYj,OPXtWBVk,28.0
187,0,ouPwTbuD,KjuJaNsu,3.0
455,0,vJitwYAE,EYCnMsAF,9.0
633,0,jcbMPQjL,vacPrbQA,34.0
633,0,xfYjeqNM,jcbMPQjL,25.0
648,0,qDeoslSZ,yzZGrKJL,220.0
616,0,wHSBMatn,FZjXRNIl,13.0
616,0,tZiWmgTn,LRmPOeoe,2.0
616,0,gdbAGAQU,tZiWmgTn,2.0
491,0,qDeoslSZ,mKIQRbrs,125.0
1744,0,blwWmPPo,ygKQkAfU,273.0
1744,0,ufLmazVu,blwWmPPo,273.0
1744,0,tMEROJFH,ufLmazVu,273.0
293,0,uVsOstge,FZYojuVE,267.0
601,0,xfYjeqNM,jcbMPQjL,18.0
647,0,ydoNqUsu,OyNIynZV,67.0
477,0,eciAPzhn,vBGGqNND,81.0
477,0,OkTOljoV,svamcGgQ,157.0
712,0,ubzklVlS,RIpTuvwk,24.0
319,0,buAeVenh,EBckcZXF,7.0
319,0,ARTSSefO,buAeVenh,10.0
1623,0,FqfYfMFg,AmahvgQB,729.0
1623,0,qBmbuqyA,FqfYfMFg,772.0
1623,0,DjKOMvif,qBmbuqyA,794.0
1623,0,kbmudFZh,DjKOMvif,831.0
1623,0,AHkkayoK,kbmudFZh,831.0
1623,0,NjUfThdh,AHkkayoK,835.0
1623,0,yEChtXTr,NjUfThdh,649.0
1623,0,BspMHRhr,yEChtXTr,57.0
1623,0,jkxhkeqK,BspMHRhr,256.0
1623,0,RrdfQruE,jkxhkeqK,232.0
1623,0,FHknKSNi,RrdfQruE,232.0
1623,0,HhzNhCIb,VTHwomVj,56.0
1623,0,jqKZnhob,HhzNhCIb,26.0
1623,0,HcTtvFSJ,jqKZnhob,26.0
1623,0,zTnuBSzA,HcTtvFSJ,2.0
1623,0,zXooHlbq,zTnuBSzA,18.0
1623,0,jkxhkeqK,zXooHlbq,2.0
47,0,bmUdUOzs,yQQuLFAg,25.0
465,0,jcExlqwL,PAegbDaK,200.0
1622,0,TKRrUtKV,jcExlqwL,244.0
1622,0,JleZjXmc,TKRrUtKV,244.0
1622,0,fTKGeENK,JleZjXmc,244.0
1622,0,zdgoUaFA,fTKGeENK,244.0
1622,0,VDSTHuJo,zdgoUaFA,244.0
321,0,sCyvkPkr,zAVZRYih,14.0
321,0,hxSTJhOz,POdtxoZm,6.0
321,0,YLjwrcCY,hxSTJhOz,6.0
679,0,FrlvFFoW,QrdELzCu,37.0
318,0,ExPvCHrU,DjKGsdyb,38.0
318,0,OCwYbEnq,ExPvCHrU,38.0
318,0,rsJSqETv,OCwYbEnq,38.0
318,0,nrUfCQxz,rsJSqETv,38.0
1747,0,HrNWphPZ,nrKKniYe,29.0
1747,0,jcbMPQjL,HrNWphPZ,29.0
1747,0,KbyuLDsq,jcbMPQjL,3.0
682,0,YLjwrcCY,goaumTLR,2.0
601,0,HrNWphPZ,qdrjbHYS,61.0
601,0,vJitwYAE,qvujbmjR,77.0
321,0,vkAUVqtk,oeGMQkdJ,199.0
321,0,RSPZrGBg,vkAUVqtk,199.0
460,0,MBTcSIip,ppabfQGz,44.0
321,0,ExPvCHrU,TShNRujB,61.0
321,0,UrQlyWkl,ExPvCHrU,61.0
601,0,UCIDNTPZ,zOQhKaAF,42.0
601,0,jcbMPQjL,UCIDNTPZ,42.0
601,0,RSPZrGBg,hfsVeMMa,35.0
601,0,JvhqCmbT,HTKZNJTs,125.0
601,0,qvujbmjR,JvhqCmbT,125.0
1198,0,GWhCmjED,blwWmPPo,25.0
214,0,OyNIynZV,NcLanIdZ,3.0
214,0,ydoNqUsu,OyNIynZV,3.0
214,0,yYSDLmlm,ydoNqUsu,3.0
214,0,FDCDnriY,yYSDLmlm,3.0
214,0,hLEWSLqw,FDCDnriY,3.0
108,0,oQxUwlRM,GrxyFhrL,173.0
108,0,ryMrZCSE,RoAYEvND,8.0
37,0,ttVqQknl,zzxlwhdI,1.0
712,0,bvSKVAYv,GigUVtty,275.0
670,0,bgWfLree,DsuTXcIa,48.0
670,0,nUYnioIh,bgWfLree,48.0
670,0,UAkhVpHN,nUYnioIh,48.0
670,0,EvIZgaUF,UAkhVpHN,48.0
670,0,mGgwEHaG,EvIZgaUF,48.0
670,0,DWuGRWkF,mGgwEHaG,48.0
670,0,ryMrZCSE,DWuGRWkF,48.0
712,0,EvIZgaUF,NJSgWoOc,191.0
1300,0,adsviABF,LKVeVUNI,44.0
477,0,iBiVOFur,FmTbQszJ,2.0
455,0,vJitwYAE,nrUfCQxz,3.0
460,0,vfDgNrFH,qFzqwYZZ,276.0
357,0,cPCRxZjy,gzZgDndk,3.0
491,0,jLJTMrwU,vIqdsoZx,86.0
273,0,SWnceHEw,jFmPCmzM,1118.0
14,0,AjJCgCBk,NLDgVASg,1.0
235,0,pPReLBCT,hCxxcqWU,103.0
235,0,AjJCgCBk,pPReLBCT,154.0
14,0,QRSRIbba,leJfirnk,1.0
14,0,AjJCgCBk,QRSRIbba,2.0
853,0,rBCwdRqs,ygaPVVOX,159.0
853,0,MklhhYCQ,rBCwdRqs,159.0
477,0,AjJCgCBk,WPPGaTFA,161.0
235,0,AjJCgCBk,JXJZtHSD,10.0
235,0,cEOIeJTR,fkZFUNSd,31.0
235,0,hCxxcqWU,IOcMwGKn,86.0
1300,0,dbPZeeiE,LKVeVUNI,157.0
682,0,pPReLBCT,KQSHMGnw,196.0
1300,0,dbPZeeiE,adsviABF,134.0
235,0,AjJCgCBk,nrKKniYe,17.0
1300,0,LPldZjRa,XMWgellz,198.0
1300,0,zgCGmKZn,aYSqaQmJ,25.0
1300,0,uKbbRztG,zgCGmKZn,63.0
1300,0,ERcEoUXY,ntDOQspU,1063.0
1512,0,OpgRCgWV,ejMjPdTH,43.0
1512,0,ntDOQspU,OpgRCgWV,1.0
853,0,cPCRxZjy,EkWBPXmr,4.0
1300,0,ERcEoUXY,aYSqaQmJ,327.0
1300,0,ohvLIfWG,VjdckTjW,2.0
585,0,qvujbmjR,mKIQRbrs,123.0
585,0,SqxhBMol,qvujbmjR,123.0
585,0,MzWshIAL,SqxhBMol,123.0
585,0,NZGnRwVn,MzWshIAL,134.0
1300,0,JSZZmOIY,tBJBJfdu,65.0
1300,0,jFmPCmzM,AjJCgCBk,149.0
1300,0,XHTcEfiO,jFmPCmzM,87.0
1300,0,izYvwhlO,XHTcEfiO,174.0
1300,0,LVcdwgEp,ubzklVlS,31.0
1300,0,ntDOQspU,LVcdwgEp,31.0
1506,0,LKVeVUNI,XCZfXGna,296.0
1300,0,YpVxAvQG,YJykDsrc,58.0
1300,0,XyHfgUxW,fGmFhgnx,23.0
1300,0,BpAiVnps,XyHfgUxW,29.0
1318,0,WNBbnPOh,xeLrICeT,3.0
1180,0,YpVxAvQG,fytASSfG,77.0
1180,0,bHagonKv,xyBTaHvp,599.0
1180,0,YpVxAvQG,bHagonKv,41.0
1180,0,fytASSfG,ogOCBKAf,430.0
1180,0,zjjLSYAp,vacPrbQA,41.0
401,0,bYtHLndm,MlYFoaez,104.0
853,0,vitXJVTB,NJLhSMnp,1.0
853,0,DPEjcwqA,vitXJVTB,1.0
853,0,MnTeelLR,DPEjcwqA,1.0
293,0,yhXmuUeN,mklbELhb,194.0
293,0,jKMBgxbE,yhXmuUeN,305.0
293,0,RQiSRtZp,jKMBgxbE,439.0
1198,0,texSWQet,CorDNIJt,36.0
293,0,xMTUUeEc,AHLLTOdf,1076.0
293,0,jPryMrof,xMTUUeEc,163.0
293,0,jkJwqjHm,jPryMrof,163.0
293,0,jKMBgxbE,jkJwqjHm,134.0
293,0,kEQqRNXv,ZCsEtuOb,1.0
682,0,zfZPgPol,jXeBpcDF,19.0
1472,0,aIerxCRO,lxSUNwOi,184.0
1472,0,ZHaurlhr,aIerxCRO,184.0
1472,0,KMDYeUKg,ZHaurlhr,56.0
1472,0,buBFkWue,KMDYeUKg,56.0
321,0,FrlvFFoW,NQaaFyOm,3.0
321,0,UCIDNTPZ,FrlvFFoW,3.0
682,0,knCDNjnp,mLBQtksd,10.0
682,0,LoadLeSC,VnwdBPma,3.0
682,0,MAwbjJfJ,LoadLeSC,3.0
682,0,jIFrASnh,MAwbjJfJ,3.0
1472,0,lxSUNwOi,RZyHoyLx,181.0
712,0,awOEKaEj,nJRBvlcT,18.0
712,0,QrdELzCu,fFHpEWYG,1199.0
16,0,cEOIeJTR,NuwmOhpA,19.0
1300,0,VCDwRKse,EVAUYvVR,449.0
1300,0,CsDsDrdU,VCDwRKse,285.0
1748,0,ojqTFFWy,pwpCkicC,110.0
1263,0,ntDOQspU,AUmOMGnp,26.0
235,0,TrOiZJox,jFmPCmzM,287.0
273,0,peBgOXli,OwpcAtJV,21.0
273,0,eVGAINdZ,peBgOXli,91.0
273,0,jOxyxYyy,eVGAINdZ,91.0
235,0,CfleTooC,gUXxyAlR,299.0
293,0,exnIZrMP,tBJBJfdu,179.0
293,0,CfleTooC,exnIZrMP,179.0
455,0,TrOiZJox,jFmPCmzM,17.0
293,0,CfleTooC,gUXxyAlR,3.0
679,0,ZHaurlhr,fRxWIrbs,64.0
682,0,cEwgxjVO,xiTGCYEl,159.0
682,0,yNIUaSyZ,cNuIRYrx,16.0
682,0,RfzcmazU,yNIUaSyZ,16.0
321,0,ARTSSefO,gzZgDndk,5.0
1318,0,vrgENeuF,XqVVjUzr,1.0
1472,0,RZyHoyLx,vrgENeuF,1.0
1340,0,FStgRiBS,gViLrCgA,71.0
1180,0,BJDTCJYP,cNWTidvb,12.0
1180,0,izUAPpdi,FlYjxOxQ,261.0
1180,0,KCqeuCwW,RFLUsFpq,350.0
679,0,TcTonWJL,HJTsgSzj,71.0
679,0,fSmTHZJS,TcTonWJL,431.0
712,0,TcTonWJL,NJSgWoOc,182.0
635,0,fSmTHZJS,eeSdZFhf,37.0
682,0,GpnhEWuy,iOuVBZzk,39.0
682,0,XtlnoPeE,GpnhEWuy,127.0
682,0,AqgjLYqB,XtlnoPeE,178.0
682,0,QkCkRebE,AqgjLYqB,178.0
682,0,NXLrCKMp,xiTGCYEl,2.0
682,0,FyoAuDvn,NXLrCKMp,2.0
682,0,GpnhEWuy,FyoAuDvn,6.0
682,0,IHZGJZTs,nYVfIRsk,35.0
682,0,iOuVBZzk,IHZGJZTs,35.0
679,0,HJTsgSzj,YvwQRHTE,35.0
273,0,fSmTHZJS,CpnDMnJS,15.0
1472,0,fSmTHZJS,buBFkWue,41.0
688,0,QsPOuThV,eTJQHplR,3.0
682,0,QkCkRebE,TPsFloRu,39.0
1340,0,RVGhYAxc,LYjhOoFf,37.0
648,0,TIoMzhxD,pHNyFRmN,255.0
673,0,goaumTLR,jXeBpcDF,15.0
673,0,vNMxowJX,goaumTLR,15.0
673,0,ydoNqUsu,vNMxowJX,15.0
1198,0,SQUoXVXU,PSjGjQXK,111.0
452,0,blwWmPPo,ygKQkAfU,110.0
452,0,GWhCmjED,blwWmPPo,110.0
452,0,dYaEdzoO,GWhCmjED,110.0
452,0,LoxEXWve,dYaEdzoO,110.0
452,0,TIoMzhxD,LoxEXWve,110.0
648,0,blwWmPPo,ygKQkAfU,95.0
648,0,dYaEdzoO,blwWmPPo,95.0
648,0,TIoMzhxD,LoxEXWve,626.0
648,0,dYaEdzoO,JovbzjVh,531.0
477,0,QRrhNfpu,BgYvcKFh,38.0
647,0,plmttHNh,mBUKTvtr,10.0
647,0,GIAembsg,plmttHNh,10.0
647,0,OyNIynZV,GIAembsg,10.0
673,0,mCHzTQKa,kXofjcRp,23.0
673,0,PnlUHDyC,mCHzTQKa,24.0
673,0,mBUKTvtr,PnlUHDyC,23.0
673,0,plmttHNh,mBUKTvtr,23.0
673,0,GIAembsg,plmttHNh,23.0
673,0,OyNIynZV,GIAembsg,46.0
673,0,ydoNqUsu,OyNIynZV,23.0
14,0,owqgejgM,wHfmVQMh,30.0
14,0,fkZFUNSd,MklhhYCQ,30.0
313,0,aaSaUDum,PpWfKRbL,22.0
313,0,qqQgwpPP,aaSaUDum,1.0
369,0,mLBQtksd,rRGVruPM,23.0
1512,0,vDFCntfg,YvwuVYMF,39.0
477,0,HJTsgSzj,SOBUilCD,618.0
682,0,VCDwRKse,QkCkRebE,13.0
1300,0,gRVxNCAP,zgCGmKZn,33.0
1395,0,dCWftKsk,HQVZivsH,376.0
1395,0,ciAbSxQX,dCWftKsk,377.0
1263,0,HcPkwFHM,fzSWURzx,85.0
1198,0,CgcphXSb,dTWbWYya,108.0
234,0,IOcMwGKn,ybjkPLXB,14.0
234,0,hCxxcqWU,IOcMwGKn,14.0
235,0,hCxxcqWU,nrKKniYe,13.0
1198,0,texSWQet,pHNyFRmN,6.0
673,0,GIAembsg,jXeBpcDF,23.0
648,0,qqQgwpPP,TIoMzhxD,229.0
615,0,blwWmPPo,ygKQkAfU,88.0
615,0,GWhCmjED,blwWmPPo,88.0
615,0,dYaEdzoO,GWhCmjED,88.0
615,0,TIoMzhxD,dYaEdzoO,88.0
615,0,pTpnumHG,TIoMzhxD,88.0
615,0,LPBTmxgF,pTpnumHG,88.0
670,0,JovbzjVh,qDeoslSZ,204.0
670,0,dYaEdzoO,JovbzjVh,204.0
670,0,TIoMzhxD,dYaEdzoO,204.0
670,0,pTpnumHG,TIoMzhxD,204.0
670,0,LPBTmxgF,pTpnumHG,204.0
313,0,lmZJehpq,zgCGmKZn,45.0
313,0,GnQdXosz,lmZJehpq,2.0
313,0,vNgPBJZx,GnQdXosz,16.0
313,0,PpWfKRbL,vNgPBJZx,16.0
477,0,fkZFUNSd,jFmPCmzM,1.0
679,0,lxSUNwOi,ryMrZCSE,1.0
1318,0,oiYuCTCe,FlYjxOxQ,793.0
1318,0,SwLVnWPq,oiYuCTCe,2589.0
1318,0,XqVVjUzr,SwLVnWPq,3280.0
720,0,RWixPrCB,gyQqEnFq,4397.0
720,0,zAwPDfkg,RWixPrCB,1.0
720,0,eTJQHplR,zAwPDfkg,1.0
720,0,JmbBeQIE,eTJQHplR,1.0
720,0,NgBSBxMr,JmbBeQIE,1.0
319,0,yprCGtVa,psXocZQH,59.0
319,0,pPqywgRl,yprCGtVa,1058.0
319,0,SJHseTdc,pPqywgRl,1059.0
477,0,hOGVczfj,QIQMIQBO,59.0
491,0,LPQBwisp,qvujbmjR,5.0
235,0,bsQVAuyn,QHFmFyLR,845.0
16,0,SwLVnWPq,lDHqxCQW,1096.0
1180,0,xqQnPHkt,CpULuhdq,167.0
1180,0,FlYjxOxQ,LYitljhu,48.0
235,0,oiYuCTCe,BpAiVnps,820.0
313,0,dbPZeeiE,TvGyfQSI,353.0
147,0,HQVZivsH,UTBcifAN,71.0
147,0,tTrMaEIS,HQVZivsH,71.0
147,0,WeXgsZLY,tTrMaEIS,71.0
147,0,VuPuNOXM,WeXgsZLY,71.0
147,0,QgwCgjAi,VuPuNOXM,71.0
208,0,VuPuNOXM,WeXgsZLY,384.0
208,0,QgwCgjAi,VuPuNOXM,384.0
1506,0,dbPZeeiE,jIerKxIb,799.0
1506,0,PIUpvPaY,gLCWwgiT,268.0
235,0,VTHwomVj,neNWquOh,1387.0
1296,0,CsDsDrdU,lQIpGOTn,33.0
1296,0,IubGYoNi,CsDsDrdU,33.0
1468,0,nEXpIbiD,DOGyniWl,38.0
1468,0,eTJQHplR,nEXpIbiD,38.0
1180,0,FlYjxOxQ,xyBTaHvp,102.0
720,0,bOiSLYGO,eyAJPdep,468.0
720,0,taPJzyhF,bOiSLYGO,319.0
798,0,RZCadHVt,mhTYFecR,109.0
1435,0,IulxyPoH,PXPVuGmP,8.0
1318,0,FlYjxOxQ,GkYZbgqg,120.0
1318,0,MkXEUCdM,FStgRiBS,1640.0
1318,0,STSGJiIu,MkXEUCdM,2630.0
14,0,bsQVAuyn,PSjGjQXK,68.0
601,0,psXocZQH,zOQhKaAF,16.0
209,0,TUeJMYAe,RiVtboFJ,77.0
209,0,nDzrviXX,TUeJMYAe,77.0
209,0,QgwCgjAi,nDzrviXX,77.0
720,0,RWixPrCB,WweXYmbm,3.0
682,0,XtlnoPeE,pPReLBCT,145.0
313,0,dbPZeeiE,RVGhYAxc,31.0
720,0,WhHfbZWj,lsBVGYKC,110.0
720,0,YctaenCe,jcExlqwL,81.0
720,0,IESGsZGI,YctaenCe,34.0
204,0,tTrMaEIS,WtPVEKaC,73.0
204,0,WeXgsZLY,tTrMaEIS,73.0
204,0,VuPuNOXM,WeXgsZLY,93.0
204,0,QgwCgjAi,VuPuNOXM,93.0
1318,0,wSRHKxQJ,nEXpIbiD,449.0
1318,0,vrgENeuF,wSRHKxQJ,449.0
1318,0,eTJQHplR,vrgENeuF,452.0
1568,0,TFSGEQcQ,cfrRCwNB,66.0
1221,0,gxlaiARP,CKorGRkE,6.0
1221,0,qVxAOUMG,gxlaiARP,6.0
1180,0,QpprBOSr,MjMDaXaP,1157.0
1568,0,rWJbJwsc,jappmlZc,77.0
1180,0,FlYjxOxQ,OgnAStiZ,2.0
245,0,fwxIzXcp,KyrNRMTR,4.0
245,0,oiYuCTCe,fwxIzXcp,4.0
455,0,NcLanIdZ,AjJCgCBk,42.0
648,0,ORsEDdLG,qqQgwpPP,221.0
313,0,ORsEDdLG,hSQYmgMj,503.0
1180,0,fGmFhgnx,UhAwQaaX,1188.0
313,0,NGAodVTg,jsnedRvy,56.0
313,0,LKVeVUNI,NGAodVTg,124.0
313,0,hSQYmgMj,zgCGmKZn,59.0
1506,0,fmQEzQWV,EVAUYvVR,346.0
313,0,ORsEDdLG,fmQEzQWV,69.0
313,0,GYfZYaJh,EVAUYvVR,4.0
648,0,PnlUHDyC,dulnZXnF,3.0
313,0,HFYkXdPG,dbPZeeiE,67.0
313,0,LKVeVUNI,BpAiVnps,80.0
313,0,ORsEDdLG,cmBFyxQG,32.0
16,0,hEhmxyDr,CEZTRnUo,7.0
16,0,hCxxcqWU,hEhmxyDr,7.0
1030,0,gxidCspv,VpHOqNar,18.0
679,0,nJRBvlcT,gRVxNCAP,13.0
449,0,nJRBvlcT,UTBcifAN,22.0
679,0,TcTonWJL,CpnDMnJS,86.0
313,0,CBYTSJWX,BpAiVnps,36.0
313,0,zgCGmKZn,aYSqaQmJ,61.0
313,0,CBYTSJWX,lmZJehpq,16.0
313,0,BpAiVnps,mnkgCFDT,8.0
215,0,JovbzjVh,qDeoslSZ,24.0
215,0,LoxEXWve,JovbzjVh,24.0
215,0,TIoMzhxD,LoxEXWve,25.0
215,0,qqQgwpPP,TIoMzhxD,35.0
215,0,ORsEDdLG,qqQgwpPP,35.0
215,0,jsnedRvy,ORsEDdLG,35.0
215,0,wLgNQRvA,jsnedRvy,35.0
215,0,CBYTSJWX,wLgNQRvA,35.0
313,0,BpAiVnps,dbPZeeiE,2.0
313,0,lmZJehpq,vXPGJwVk,2.0
313,0,zgCGmKZn,EmkugZPX,36.0
601,0,SvGtXrYj,qdrjbHYS,132.0
601,0,TdfMaTlB,SvGtXrYj,101.0
460,0,FFGyTMvJ,mSXRukCc,351.0
465,0,NBopaFdP,mHRdWDIt,116.0
460,0,SvGtXrYj,wdBsZaVr,127.0
460,0,wdBsZaVr,klenweCZ,40.0
465,0,XFLojCJa,cPCRxZjy,294.0
465,0,mHRdWDIt,XFLojCJa,1414.0
205,0,ppabfQGz,BIPxiHLi,52.0
208,0,vrgENeuF,QgwCgjAi,53.0
208,0,xKmRiBBX,vrgENeuF,53.0
208,0,kkrKJmiC,xKmRiBBX,53.0
208,0,psXocZQH,kkrKJmiC,53.0
208,0,yprCGtVa,psXocZQH,53.0
460,0,RCkelXPh,MklhhYCQ,204.0
601,0,hfsVeMMa,zOQhKaAF,73.0
601,0,yprCGtVa,hfsVeMMa,169.0
318,0,iEKuRfDT,ImIhxSnH,153.0
318,0,PlyJazqR,iEKuRfDT,107.0
318,0,kkrKJmiC,PlyJazqR,107.0
318,0,psXocZQH,kkrKJmiC,103.0
318,0,yprCGtVa,psXocZQH,103.0
601,0,hfsVeMMa,UCIDNTPZ,7.0
319,0,TdfMaTlB,SvGtXrYj,10.0
321,0,pPqywgRl,LsQRoNsL,77.0
465,0,OPXtWBVk,nPkrzCty,89.0
465,0,TdfMaTlB,SvGtXrYj,86.0
253,0,IoxYvxeH,GiONHkbf,143.0
465,0,QVFxizLc,AudzmzeZ,19.0
465,0,BKywSEpu,QVFxizLc,1.0
465,0,PrwDPVMa,BKywSEpu,705.0
1395,0,fjFZwaYy,WhHfbZWj,108.0
1395,0,NBopaFdP,fjFZwaYy,130.0
313,0,BpAiVnps,lmZJehpq,1.0
313,0,jsnedRvy,BpAiVnps,1.0
14,0,CdibamDB,fcywqNMQ,2.0
14,0,wHfmVQMh,CdibamDB,18.0
14,0,CdibamDB,jFmPCmzM,16.0
293,0,yhXmuUeN,jkJwqjHm,29.0
673,0,enOsQere,LPBTmxgF,42.0
673,0,ydoNqUsu,enOsQere,42.0
477,0,wHfmVQMh,cttUtMNm,217.0
477,0,QrdELzCu,fRxWIrbs,167.0
712,0,YvwQRHTE,HJTsgSzj,313.0
234,0,ufvngNip,OAywdpTB,10.0
234,0,ybjkPLXB,ufvngNip,10.0
357,0,suszCmcx,rDSiGFpR,89.0
673,0,FDCDnriY,eOdwAkBF,29.0
673,0,mdGitRQe,FDCDnriY,29.0
474,0,ufvngNip,AszcEtOu,13.0
474,0,ybjkPLXB,ufvngNip,13.0
1022,0,CwhdRXLi,JzVUaFrl,5.0
1022,0,gjOgguRV,CwhdRXLi,5.0
1750,0,NXLrCKMp,xiTGCYEl,1.0
1750,0,eTJQHplR,NXLrCKMp,1.0
679,0,eTJQHplR,MlQcmexA,48.0
367,0,eTJQHplR,ACkvbmee,5.0
367,0,eTJQHplR,MpBHVRZl,1.0
321,0,vpctkpYQ,QHFmFyLR,103.0
215,0,blwWmPPo,ygKQkAfU,1.0
215,0,dYaEdzoO,blwWmPPo,1.0
215,0,LoxEXWve,dYaEdzoO,1.0
313,0,qqQgwpPP,DYKvrufv,247.0
1506,0,LKVeVUNI,BpAiVnps,95.0
1318,0,LKVeVUNI,STSGJiIu,464.0
187,0,fmQEzQWV,qGnNRXVR,175.0
1506,0,LKVeVUNI,wDpyEsxh,961.0
1300,0,LKVeVUNI,aUPouXsN,205.0
419,0,kVhbTVuU,ZpgoacOO,20.0
253,0,WFZVQzrl,kVhbTVuU,52.0
1506,0,svgtEcQx,mnkgCFDT,490.0
1318,0,STSGJiIu,SvGtXrYj,145.0
1506,0,XCZfXGna,GYfZYaJh,13.0
1366,0,nvXuJriv,riqYNvhO,120.0
1366,0,svgtEcQx,nvXuJriv,135.0
47,0,paIawFeA,KgwKZlse,32.0
1300,0,aUPouXsN,ohvLIfWG,1.0
1505,0,fmQEzQWV,IubGYoNi,159.0
187,0,LKVeVUNI,BpAiVnps,117.0
1318,0,RVGhYAxc,xGsoSfhX,32.0
1318,0,BpAiVnps,RVGhYAxc,32.0
1300,0,LKVeVUNI,LPldZjRa,147.0
1263,0,dLUoTBAU,QNScHwgR,11.0
1263,0,NfHwMQdR,dLUoTBAU,7.0
1263,0,gGkadTNm,NfHwMQdR,7.0
591,0,LPldZjRa,XMWgellz,107.0
1180,0,kueIUJls,XGJiqzLW,123.0
1180,0,OVaoEscJ,kueIUJls,123.0
727,0,cwgbfpqq,udlIzhJE,503.0
253,0,uXKxCjNA,DOGyniWl,24.0
253,0,EVAUYvVR,uXKxCjNA,24.0
292,0,EarJIhnU,cttUtMNm,6.0
292,0,KZBDkcEB,EarJIhnU,6.0
1085,0,uQlhjcGr,zZZsLLct,360.0
1085,0,EzrJiyuu,uQlhjcGr,361.0
1085,0,nvXuJriv,EzrJiyuu,409.0
720,0,nMidlhrd,kdVJdnYB,289.0
720,0,JODrgTwh,nMidlhrd,421.0
720,0,nMidlhrd,gyQqEnFq,132.0
149,0,NPqatCDm,LPfgjVyT,46.0
149,0,nMidlhrd,NPqatCDm,46.0
149,0,JODrgTwh,nMidlhrd,46.0
205,0,zAwPDfkg,sDgMDbLK,54.0
205,0,kdVJdnYB,zAwPDfkg,55.0
205,0,nMidlhrd,kdVJdnYB,55.0
204,0,yfzTmEfw,QgwCgjAi,20.0
204,0,mBSaKJib,yfzTmEfw,20.0
1318,0,OPXtWBVk,CsDsDrdU,4.0
720,0,yfzTmEfw,QgwCgjAi,10.0
720,0,mBSaKJib,yfzTmEfw,10.0
1398,0,rRGVruPM,GpnhEWuy,63.0
460,0,yprCGtVa,psXocZQH,7.0
460,0,pPqywgRl,yprCGtVa,7.0
460,0,HGjkimBc,pPqywgRl,7.0
932,0,hZwGajtf,nGUGLxPd,212.0
932,0,zuhYkREh,hZwGajtf,212.0
1106,0,qdrjbHYS,ozAxYCwR,16.0
601,0,HGjkimBc,uiYVYPQX,16.0
401,0,knSDhEIY,QuhVipGo,222.0
1366,0,jIerKxIb,IbLBdCXD,199.0
1085,0,imyhTmbO,PYaiedjY,640.0
1506,0,HcPkwFHM,vRWSdFEN,193.0
1506,0,dbPZeeiE,HcPkwFHM,100.0
1506,0,dbPZeeiE,FYonLsVT,36.0
1564,0,IubGYoNi,mNGfniSu,7.0
313,0,qGnNRXVR,PpWfKRbL,651.0
313,0,TvGyfQSI,qGnNRXVR,741.0
1318,0,dbPZeeiE,vpctkpYQ,1283.0
187,0,dbPZeeiE,LKVeVUNI,1.0
1300,0,adsviABF,LPldZjRa,7.0
591,0,adsviABF,LPldZjRa,94.0
143,0,TgzZcdmy,wqGWmwVd,1.0
477,0,KQSHMGnw,RFaTWaew,686.0
679,0,FHkpxOov,gRVxNCAP,138.0
679,0,NJSgWoOc,FHkpxOov,138.0
679,0,HFKfgJoc,NJSgWoOc,138.0
679,0,KQSHMGnw,HFKfgJoc,138.0
682,0,voZaDctr,cEwgxjVO,153.0
682,0,rDcmNjNB,voZaDctr,153.0
682,0,KQSHMGnw,rDcmNjNB,153.0
635,0,RFaTWaew,nrUfCQxz,27.0
682,0,cEwgxjVO,RfzcmazU,31.0
108,0,esXmHZAz,DdAJghjk,209.0
108,0,VUTBmskZ,esXmHZAz,209.0
108,0,KQSHMGnw,VUTBmskZ,209.0
1645,0,sWFNlbjw,ASOyxnpu,192.0
1645,0,qTqvnQiR,sWFNlbjw,192.0
1645,0,FyIjwLBj,qTqvnQiR,192.0
1645,0,DdAJghjk,FyIjwLBj,81.0
1645,0,IglTFvIG,DdAJghjk,70.0
1645,0,esXmHZAz,IglTFvIG,70.0
1645,0,VUTBmskZ,esXmHZAz,70.0
1645,0,KQSHMGnw,VUTBmskZ,70.0
1198,0,XiRzIewe,IzsieVnc,207.0
990,0,XiRzIewe,MjMnNBLG,120.0
1198,0,IzsieVnc,CgcphXSb,7.0
264,0,KcvPUxQg,ePrpofUw,159.0
264,0,BlnSxBAr,KcvPUxQg,159.0
264,0,TCBUGaZf,BlnSxBAr,174.0
264,0,XiRzIewe,TCBUGaZf,174.0
1296,0,jIerKxIb,dbPZeeiE,2.0
836,0,qeXIqBgp,lctVuVOk,33.0
187,0,vSdfqYeK,QdnKSSsO,2.0
187,0,wDpyEsxh,vSdfqYeK,2.0
187,0,BZCtSmhk,ywuGpANM,16.0
235,0,SWnceHEw,nrKKniYe,6.0
455,0,SyrqOGJb,SWnceHEw,6.0
648,0,PpWfKRbL,jsnedRvy,71.0
648,0,aaSaUDum,PpWfKRbL,71.0
648,0,ZikMDjVp,aaSaUDum,74.0
648,0,lqYeKJIu,ZikMDjVp,74.0
648,0,xjhYbLYm,lqYeKJIu,74.0
108,0,yeapPLlD,tDDddUJb,452.0
712,0,lmZJehpq,fFHpEWYG,306.0
648,0,jsnedRvy,ORsEDdLG,64.0
720,0,kdVJdnYB,cNypyxpr,3.0
318,0,ydQuGMgP,SJHseTdc,142.0
1263,0,BZCtSmhk,fzSWURzx,544.0
1263,0,EKYbCcms,BZCtSmhk,534.0
1263,0,BLvXEzeq,EKYbCcms,509.0
1263,0,zijvldJJ,BLvXEzeq,1073.0
319,0,gqwqEGtD,vSdfqYeK,288.0
318,0,pPqywgRl,yprCGtVa,81.0
318,0,SJHseTdc,pPqywgRl,81.0
319,0,EdqXvVeI,nPkrzCty,207.0
319,0,oBjbzljy,EdqXvVeI,207.0
319,0,vSdfqYeK,oBjbzljy,252.0
477,0,msSSSjFI,suszCmcx,965.0
235,0,BpAiVnps,RVGhYAxc,116.0
357,0,KwaxxmSs,xbiDwIOu,13.0
1564,0,BpAiVnps,YspLWkZX,71.0
1506,0,rJRvqICk,tRncbstl,134.0
712,0,ubzklVlS,LVcdwgEp,4.0
108,0,oUmVLfUX,pzcCDVmZ,485.0
108,0,fJdABIlw,oUmVLfUX,485.0
1549,0,dLUoTBAU,QNScHwgR,76.0
1549,0,NfHwMQdR,dLUoTBAU,76.0
1549,0,BpAiVnps,NfHwMQdR,76.0
1318,0,dbPZeeiE,ZMxatUqW,10.0
1340,0,XyHfgUxW,fGmFhgnx,159.0
1340,0,BpAiVnps,XyHfgUxW,388.0
1623,0,sBpTKxuw,zIStuEkQ,169.0
1623,0,oiYuCTCe,sBpTKxuw,169.0
1296,0,BpAiVnps,ysSWNERo,1.0
1263,0,zijvldJJ,puwcRgFs,796.0
108,0,MQGhRgQS,VwYVTziR,15.0
235,0,BpAiVnps,MkXEUCdM,4.0
357,0,rDSiGFpR,lwcIkPvE,81.0
1142,0,PjfwSZnl,aYSqaQmJ,37.0
1142,0,yFEIEiOj,yXKTuRtI,37.0
1142,0,aYSqaQmJ,oBjbzljy,36.0
357,0,lwcIkPvE,EocVuyzS,36.0
1102,0,MwLdaJul,ebBIwNsf,4.0
16,0,YULSfngF,udlIzhJE,63.0
273,0,SOBUilCD,mdGitRQe,27.0
273,0,MgruBUee,SOBUilCD,27.0
727,0,GpnhEWuy,RjboLjDb,7.0
727,0,ocwJSpah,fMrlznIn,5.0
1472,0,EmkugZPX,XMWgellz,38.0
1472,0,lmZJehpq,EmkugZPX,38.0
1472,0,WPBOglHu,lmZJehpq,29.0
1300,0,ubzklVlS,GYfZYaJh,16.0
1506,0,AszcEtOu,vRWSdFEN,74.0
235,0,JSZZmOIY,tBJBJfdu,10.0
273,0,OAywdpTB,BpAiVnps,40.0
1506,0,oNyGHMvy,KjuJaNsu,141.0
1549,0,eKMWhxRF,lqMPnIra,87.0
1549,0,PKfyrIVb,eKMWhxRF,87.0
1549,0,uGNDunGF,PKfyrIVb,90.0
1549,0,drFxsmcp,uGNDunGF,87.0
1263,0,fzSWURzx,plWWPiMc,507.0
235,0,rSdxnGDj,otuYkIZd,2.0
1263,0,EKYbCcms,oynLwMrX,157.0
235,0,GnsXgGJX,VbpBVdde,15.0
1263,0,SEVBrkvc,NfHwMQdR,335.0
712,0,vISVJoyz,gGlRqksC,1.0
712,0,TcTonWJL,vISVJoyz,1.0
679,0,VCDwRKse,TcTonWJL,1.0
679,0,jXeBpcDF,lZYsrfVZ,1.0
679,0,wHfmVQMh,cttUtMNm,9.0
679,0,WSTcrrBn,fSmTHZJS,1.0
679,0,jXeBpcDF,WSTcrrBn,1.0
1255,0,tDDddUJb,fGmFhgnx,3.0
1340,0,tDDddUJb,nIakFMcq,39.0
108,0,GMWYHdsi,NGAodVTg,72.0
108,0,DdAJghjk,GMWYHdsi,72.0
108,0,lmZJehpq,KQSHMGnw,250.0
1258,0,TCqyxHhF,BpAiVnps,91.0
1622,0,YstCZidS,qaJzTzwj,482.0
1622,0,sHyVyxBf,YstCZidS,482.0
1622,0,OGOfNBpR,sHyVyxBf,482.0
1622,0,apZtGMSe,OGOfNBpR,482.0
1622,0,busLwOKM,apZtGMSe,450.0
1622,0,BRTaWOYs,busLwOKM,450.0
1622,0,aYSqaQmJ,BRTaWOYs,387.0
1622,0,lniHSWWA,BzikVGUK,282.0
1622,0,qaJzTzwj,lniHSWWA,59.0
720,0,WFZVQzrl,YctaenCe,48.0
321,0,HGjkimBc,SJHseTdc,146.0
321,0,lqMPnIra,HGjkimBc,146.0
601,0,zGyJMIkT,uiYVYPQX,131.0
601,0,lqMPnIra,zGyJMIkT,131.0
601,0,lqMPnIra,SqxhBMol,759.0
1619,0,taPJzyhF,FhKkSAFH,714.0
1619,0,CuLSONdy,taPJzyhF,1466.0
313,0,CsDsDrdU,aYSqaQmJ,225.0
460,0,FFGyTMvJ,wdBsZaVr,145.0
460,0,nPkrzCty,FFGyTMvJ,133.0
319,0,lqMPnIra,SJHseTdc,1000.0
1619,0,nPkrzCty,glDvUhXc,796.0
1619,0,CuLSONdy,nPkrzCty,796.0
250,0,taPJzyhF,xiTGCYEl,104.0
720,0,nPkrzCty,IHZGJZTs,335.0
465,0,ytpyzEDk,cPCRxZjy,416.0
465,0,nPkrzCty,ytpyzEDk,416.0
1272,0,lqMPnIra,EVAUYvVR,43.0
1272,0,svgtEcQx,YvwuVYMF,73.0
1272,0,HcPkwFHM,svgtEcQx,73.0
1272,0,KjuJaNsu,HcPkwFHM,73.0
1272,0,lqMPnIra,KjuJaNsu,182.0
601,0,vBGGqNND,rqBqDfoZ,24.0
601,0,FFLftRlg,vBGGqNND,103.0
601,0,HTKZNJTs,FFLftRlg,103.0
601,0,ExPvCHrU,DjKGsdyb,72.0
601,0,OCwYbEnq,ExPvCHrU,72.0
601,0,nrUfCQxz,OCwYbEnq,72.0
601,0,FFlVogkV,nrKKniYe,38.0
601,0,nrUfCQxz,xfYjeqNM,4.0
1300,0,CsDsDrdU,jFmPCmzM,76.0
273,0,qvujbmjR,isVKhOXG,110.0
273,0,SqxhBMol,mdGitRQe,169.0
1141,0,lqMPnIra,jIerKxIb,745.0
1142,0,cHhWsWUg,SMhobJmy,92.0
1142,0,nPkrzCty,cHhWsWUg,92.0
1142,0,jIerKxIb,nPkrzCty,92.0
1142,0,lqMPnIra,jIerKxIb,92.0
601,0,uiYVYPQX,VCRIbExe,69.0
1567,0,nPkrzCty,UgpyjFML,81.0
1567,0,lqMPnIra,nPkrzCty,81.0
253,0,glDvUhXc,lsBVGYKC,460.0
1263,0,KjuJaNsu,vyojaKRU,112.0
250,0,glDvUhXc,cNuIRYrx,105.0
1263,0,ysSWNERo,jaCrAUFK,304.0
1263,0,zjKsBdNQ,ysSWNERo,304.0
1263,0,jIerKxIb,vSdfqYeK,1.0
1567,0,TEKQTTfp,YzXnYVPd,117.0
1567,0,ciAbSxQX,TEKQTTfp,433.0
1568,0,qOuhMtTj,xOhGqygU,231.0
1568,0,KCvWJpxq,qOuhMtTj,231.0
1398,0,KcDUQTDz,HZcfHzwe,36.0
1398,0,nPkrzCty,EkWBPXmr,123.0
1398,0,jIerKxIb,nPkrzCty,123.0
1398,0,lqMPnIra,jIerKxIb,123.0
1176,0,STKMtPtJ,uGkwFELU,16.0
1568,0,CSzsuVOH,fyqDJAhS,242.0
1568,0,aUZoPZMc,CSzsuVOH,145.0
1568,0,xOhGqygU,aUZoPZMc,147.0
1398,0,xOhGqygU,WhHfbZWj,525.0
1398,0,SUVVzOYC,ofAUVmoy,131.0
1198,0,pzcCDVmZ,WKWTpoqQ,4.0
106,0,oUmVLfUX,pzcCDVmZ,1.0
106,0,fJdABIlw,oUmVLfUX,1.0
187,0,KCMgfriT,fmQEzQWV,133.0
187,0,KCMgfriT,ztLkgYlA,230.0
170,0,FCeDiZsN,CFztBFJQ,112.0
170,0,oUmVLfUX,FCeDiZsN,112.0
170,0,fJdABIlw,oUmVLfUX,112.0
1296,0,ywuGpANM,YnUujGmz,820.0
187,0,fmQEzQWV,IubGYoNi,1.0
187,0,KCMgfriT,MwLdaJul,52.0
108,0,vXPGJwVk,FyIjwLBj,16.0
187,0,HcPkwFHM,svgtEcQx,1.0
187,0,qGnNRXVR,HcPkwFHM,1.0
465,0,CSzsuVOH,fyqDJAhS,324.0
465,0,aUZoPZMc,CSzsuVOH,324.0
465,0,xOhGqygU,aUZoPZMc,324.0
465,0,qOuhMtTj,xOhGqygU,800.0
465,0,uVXvGyfL,qOuhMtTj,1305.0
465,0,CwLKTicL,uVXvGyfL,1482.0
460,0,tzYrVhKO,STSGJiIu,9.0
524,0,NQaaFyOm,aAfSzptC,10.0
727,0,nhSXMXjw,mdGitRQe,139.0
853,0,oaiHprKy,SgmzKmGa,4.0
853,0,hpCuKAjH,oaiHprKy,4.0
853,0,nhSXMXjw,tyeyrnYi,4.0
1395,0,FCsbIOBe,UTBcifAN,834.0
1395,0,wyEQXfIU,FCsbIOBe,268.0
1395,0,qOuhMtTj,wyEQXfIU,268.0
853,0,RpAFtJSl,CtzBEXfZ,3.0
853,0,HpfZbCVA,PcvuCqyL,10.0
727,0,wHfmVQMh,cttUtMNm,4.0
727,0,mdGitRQe,wHfmVQMh,4.0
853,0,kjxfKqbD,HezLsNFQ,7.0
853,0,uaQvVFAB,NJLhSMnp,6.0
853,0,cwgbfpqq,uaQvVFAB,6.0
853,0,taPJzyhF,dQfoCLXo,36.0
853,0,dQfoCLXo,HNejbQWJ,12.0
401,0,AoRkaUmb,bYtHLndm,8.0
401,0,BJDTCJYP,AoRkaUmb,6.0
1395,0,ZIPCqImv,suszCmcx,1763.0
460,0,qFzqwYZZ,MBTcSIip,1.0
1395,0,qOuhMtTj,LPfgjVyT,2211.0
1398,0,ZIPCqImv,BYsSDXCP,240.0
1398,0,HZcfHzwe,mnkgCFDT,306.0
1398,0,GpnhEWuy,HZcfHzwe,310.0
1395,0,hpCuKAjH,YmkUpvHU,199.0
1395,0,tyeyrnYi,hpCuKAjH,257.0
1398,0,WhHfbZWj,WFZVQzrl,602.0
1398,0,BYsSDXCP,LbKosGpD,857.0
1395,0,eusqYKWT,fubLBmAl,317.0
727,0,kjxfKqbD,SOBUilCD,1.0
1300,0,DvUXLssj,izYvwhlO,172.0
1300,0,AmahvgQB,DvUXLssj,172.0
720,0,hSRFRBsa,CEZTRnUo,11.0
460,0,nGRNUPgX,ARTSSefO,16.0
143,0,YmkUpvHU,MaKoROaE,2.0
250,0,HpfZbCVA,eTJQHplR,2.0
1398,0,MhxjGQjy,WOOyqinT,1495.0
253,0,FFGyTMvJ,bOiSLYGO,249.0
108,0,YvwQRHTE,HFYkXdPG,28.0
591,0,TqlJzItM,adsviABF,60.0
591,0,IjwLXBRx,TqlJzItM,60.0
1326,0,pkhwWQVf,KSSwmuEx,521.0
1326,0,JxFLnqJu,pkhwWQVf,521.0
1326,0,GDiQpvtB,JxFLnqJu,521.0
1326,0,fGmFhgnx,GDiQpvtB,521.0
1592,0,uVXvGyfL,ciAbSxQX,106.0
1592,0,CwLKTicL,uVXvGyfL,5.0
401,0,wBZvskGC,ngNzeSzC,44.0
1398,0,mhYSfvAq,UgzfanVk,1913.0
1030,0,FdBCLyPI,VYHZxBYO,635.0
1030,0,kiTgZeoH,FdBCLyPI,148.0
253,0,nEXpIbiD,DOGyniWl,22.0
1340,0,vRWSdFEN,yQQuLFAg,503.0
1506,0,TCqyxHhF,tRncbstl,4.0
108,0,TCqyxHhF,AszcEtOu,10.0
1180,0,yQQuLFAg,BJDTCJYP,689.0
321,0,LsQRoNsL,yprCGtVa,137.0
319,0,QPoJLiJK,lqMPnIra,168.0
319,0,udvGqqIc,QPoJLiJK,168.0
319,0,FFlVogkV,udvGqqIc,168.0
321,0,FFlVogkV,OPXtWBVk,41.0
108,0,rBcVngYR,AszcEtOu,665.0
313,0,DYKvrufv,YoEMZEcq,76.0
273,0,AszcEtOu,BpAiVnps,10.0
712,0,RVGhYAxc,xyBTaHvp,7.0
483,0,IWsbluFe,eYiyBone,2.0
483,0,KRQMLlbw,IWsbluFe,2.0
187,0,GjiyfRqd,qGnNRXVR,176.0
924,0,AszcEtOu,BpAiVnps,2.0
108,0,GjiyfRqd,RVGhYAxc,23.0
313,0,cmBFyxQG,qqQgwpPP,25.0
108,0,rBcVngYR,mXwfazRz,271.0
106,0,mXwfazRz,fJdABIlw,18.0
106,0,rBcVngYR,mXwfazRz,18.0
712,0,RVGhYAxc,isWzWnoW,14.0
455,0,EYCnMsAF,ohBbDhvM,16.0
1226,0,vyojaKRU,ywuGpANM,150.0
419,0,EYgpmtHR,gzZgDndk,283.0
465,0,FFGyTMvJ,PkbhOCMh,18.0
465,0,xMTNzVPt,FFGyTMvJ,18.0
601,0,nPkrzCty,lqMPnIra,110.0
318,0,lOtREfVG,AmahvgQB,235.0
318,0,zCyzbjXU,lOtREfVG,118.0
318,0,SDiGilLw,zCyzbjXU,118.0
319,0,cHhWsWUg,UlOflIKh,142.0
319,0,nPkrzCty,cHhWsWUg,142.0
1226,0,njiqgOWt,jVOVHrFU,1037.0
836,0,lctVuVOk,iPNesxKP,8.0
1263,0,zjKsBdNQ,qeXIqBgp,157.0
1263,0,BLvXEzeq,OpgRCgWV,243.0
1263,0,PywYzQHY,zijvldJJ,1070.0
235,0,xGsoSfhX,VjdckTjW,697.0
16,0,xGsoSfhX,NkWMDpBL,141.0
966,0,EkCoFwMY,yLDzmulm,25.0
924,0,eymgjBxV,NCSBLEus,19.0
924,0,HfcobGNa,UosQUisT,113.0
1263,0,OpgRCgWV,YnUujGmz,216.0
1263,0,cIQOVqQI,lQIpGOTn,44.0
1263,0,qeXIqBgp,cIQOVqQI,44.0
1532,0,SEVBrkvc,FrOiWYSP,37.0
1263,0,BLvXEzeq,gzTQJVMW,31.0
780,0,IGRxApsM,pzScocJN,9.0
1263,0,zjKsBdNQ,puwcRgFs,263.0
1318,0,YULSfngF,UUCrlfWg,553.0
1318,0,xGsoSfhX,YULSfngF,175.0
1263,0,oNyGHMvy,KjuJaNsu,250.0
1549,0,PywYzQHY,drFxsmcp,165.0
727,0,mSXRukCc,kjxfKqbD,94.0
727,0,xiCfcAgb,mSXRukCc,94.0
187,0,qeXIqBgp,sNuKvPuW,39.0
187,0,QdnKSSsO,MwLdaJul,225.0
720,0,pRsoSsPh,lsBVGYKC,139.0
720,0,FFGyTMvJ,pRsoSsPh,139.0
1263,0,SgGmeaHk,EGZEcfNZ,197.0
1623,0,yEChtXTr,HcTtvFSJ,15.0
1568,0,eKMWhxRF,lqMPnIra,134.0
1085,0,bTSeOnqx,yQmtaWgt,5128.0
1085,0,XAYpuJXt,bTSeOnqx,5.0
1085,0,EllpaOUu,XAYpuJXt,5.0
1263,0,EGZEcfNZ,AUmOMGnp,32.0
1180,0,wzWDodFe,lyEmHaNr,1.0
245,0,ozuppJDT,YULSfngF,49.0
245,0,xGsoSfhX,ozuppJDT,66.0
401,0,FZsFzszJ,ogOCBKAf,15.0
1198,0,xNgkqoUR,IzsieVnc,1.0
187,0,TCqyxHhF,uhUmvvRs,8.0
1296,0,BZCtSmhk,ywuGpANM,22.0
19,0,ozuppJDT,zzxlwhdI,150.0
19,0,xGsoSfhX,ozuppJDT,16.0
1318,0,AszcEtOu,BpAiVnps,4.0
1318,0,xiCfcAgb,AszcEtOu,4.0
1263,0,EGZEcfNZ,NfHwMQdR,1.0
1395,0,tRncbstl,yrlDljAC,6.0
1398,0,dAxtDTje,SUVVzOYC,38.0
720,0,NPqatCDm,cTQVugNT,69.0
1506,0,RVGhYAxc,WOOyqinT,2.0
1564,0,QdnKSSsO,FUctipSE,11.0
1263,0,oNyGHMvy,HcPkwFHM,70.0
1263,0,oynLwMrX,gzTQJVMW,36.0
1263,0,CKorGRkE,oynLwMrX,256.0
825,0,vlhncUdg,wgnVmusT,5.0
825,0,xGVMKwkH,vlhncUdg,5.0
825,0,DcYEFBXI,xGVMKwkH,5.0
1141,0,nTVsVrjG,TIKKmaif,4.0
1141,0,GTeEFWtM,nTVsVrjG,4.0
1141,0,ZtIplJlB,GTeEFWtM,4.0
1141,0,nmfQPmsh,ZtIplJlB,4.0
1141,0,QdnKSSsO,nmfQPmsh,4.0
1296,0,QdnKSSsO,EVAUYvVR,1.0
313,0,gdbAGAQU,NfeOUEsA,16.0
313,0,ANpclgWP,gdbAGAQU,16.0
313,0,LWqTSxPr,ANpclgWP,16.0
313,0,tBgOcvQf,LWqTSxPr,16.0
313,0,xMTUUeEc,tBgOcvQf,16.0
313,0,XHnwRtIY,xMTUUeEc,16.0
313,0,DYKvrufv,XHnwRtIY,16.0
313,0,QUMnpJQp,TvGyfQSI,262.0
313,0,yGEvOQma,PqoYMtMO,4.0
313,0,YoEMZEcq,yGEvOQma,4.0
108,0,HFYkXdPG,QrdELzCu,20.0
313,0,hSQYmgMj,qqQgwpPP,9.0
313,0,JKFFGKvY,hSQYmgMj,108.0
313,0,rJRvqICk,JKFFGKvY,97.0
313,0,KjgVoxgR,rJRvqICk,90.0
313,0,QUMnpJQp,KjgVoxgR,136.0
108,0,QUMnpJQp,EmkugZPX,135.0
712,0,TqlJzItM,ozAxYCwR,3.0
924,0,NCSBLEus,AJLJQqsT,3.0
924,0,qGnNRXVR,NCSBLEus,3.0
924,0,MwLdaJul,xfbmoJHP,537.0
924,0,QUMnpJQp,MwLdaJul,31.0
313,0,TvGyfQSI,LKVeVUNI,62.0
187,0,CorDNIJt,sNuKvPuW,20.0
187,0,QUMnpJQp,CorDNIJt,20.0
106,0,NGAodVTg,rBcVngYR,12.0
106,0,TvGyfQSI,NGAodVTg,12.0
106,0,HFYkXdPG,TvGyfQSI,12.0
313,0,KjgVoxgR,lmZJehpq,23.0
679,0,fRxWIrbs,aIerxCRO,1.0
108,0,zYpZYpOA,dKbqWpcD,1.0
108,0,TvGyfQSI,ryMrZCSE,1.0
455,0,awnNVqry,UWSJuCAz,30.0
313,0,EYCnMsAF,lmZJehpq,1.0
452,0,EuWqksqL,cmBFyxQG,12.0
452,0,XRrjzlpH,EuWqksqL,17.0
452,0,JVRJClPS,XRrjzlpH,17.0
313,0,cmBFyxQG,RVGhYAxc,188.0
313,0,MwLdaJul,cmBFyxQG,211.0
712,0,yLFlKjKg,lmZJehpq,1388.0
712,0,yLFlKjKg,QrdELzCu,3265.0
108,0,TcTonWJL,HJTsgSzj,32.0
108,0,KjgVoxgR,TcTonWJL,32.0
313,0,MwLdaJul,HFYkXdPG,82.0
313,0,KjgVoxgR,EYCnMsAF,74.0
313,0,qqQgwpPP,GYfZYaJh,15.0
720,0,SMhobJmy,kjxfKqbD,958.0
720,0,kjxfKqbD,funWfCdm,250.0
205,0,WweXYmbm,eBAbFKqQ,113.0
205,0,oBjbzljy,WweXYmbm,113.0
1263,0,GYfZYaJh,VgUdLlOW,235.0
720,0,mSXRukCc,CEZTRnUo,18.0
720,0,nTVsVrjG,TIKKmaif,47.0
720,0,CvtLjMFW,nTVsVrjG,47.0
720,0,SMhobJmy,lOtREfVG,47.0
1275,0,qQrteapK,lqMPnIra,122.0
1275,0,sZwmfbNt,qQrteapK,122.0
1263,0,sZwmfbNt,BeiMHrtx,112.0
720,0,nhSXMXjw,lsBVGYKC,23.0
720,0,kjxfKqbD,nhSXMXjw,22.0
318,0,tpTDqbZI,SgGmeaHk,2.0
318,0,hhrNEaMZ,tpTDqbZI,2.0
318,0,BeiMHrtx,hhrNEaMZ,2.0
318,0,sZwmfbNt,BeiMHrtx,2.0
720,0,cwgbfpqq,rWJbJwsc,309.0
720,0,mSXRukCc,cwgbfpqq,314.0
720,0,kjxfKqbD,DRTLnTnI,1.0
1263,0,VgUdLlOW,hpACGGyB,70.0
1263,0,BeiMHrtx,qPtpgxic,64.0
187,0,oNyGHMvy,ouPwTbuD,21.0
1506,0,AszcEtOu,BpAiVnps,112.0
1263,0,eaNsVWDR,EKYbCcms,613.0
1506,0,KjuJaNsu,tDDddUJb,20.0
1263,0,zgCGmKZn,BLvXEzeq,73.0
1272,0,oNyGHMvy,lqMPnIra,37.0
187,0,ouPwTbuD,GjiyfRqd,20.0
1263,0,eaNsVWDR,MlqbsUKu,198.0
1263,0,OpgRCgWV,YqlTLIQa,19.0
313,0,ORsEDdLG,qqQgwpPP,2.0
1300,0,yLFlKjKg,ntDOQspU,2197.0
712,0,QrdELzCu,Qsigtmbx,75.0
712,0,qdrjbHYS,ozAxYCwR,1.0
712,0,uiYVYPQX,duRJdiSr,63.0
688,0,VCDwRKse,MmtauPfr,9.0
679,0,fubLBmAl,DOGyniWl,151.0
679,0,EvIZgaUF,RHWjHSWx,2.0
1263,0,vyojaKRU,fzSWURzx,7.0
712,0,LVcdwgEp,YpVxAvQG,24.0
1512,0,lQIpGOTn,XsKXZwOQ,14.0
679,0,QrdELzCu,KMDYeUKg,6.0
1300,0,CsDsDrdU,dbPZeeiE,114.0
477,0,dKbqWpcD,ifLglfbO,64.0
712,0,QrdELzCu,fRxWIrbs,64.0
108,0,TcEVvOUM,HFYkXdPG,2.0
1703,0,zAAHYQhY,uSOMnpdQ,35.0
1703,0,jUhOGaww,zAAHYQhY,35.0
1703,0,CZhqrbpp,jUhOGaww,35.0
1703,0,BYVXItej,CZhqrbpp,35.0
1703,0,eEFiMPzB,BYVXItej,35.0
1703,0,rQuvSvCO,eEFiMPzB,35.0
1703,0,MpPYcjVn,rQuvSvCO,35.0
1703,0,DewKhksr,MpPYcjVn,35.0
1703,0,vqGhvZJF,DewKhksr,35.0
1703,0,XMWgellz,vqGhvZJF,35.0
1263,0,aojHvPEg,EKYbCcms,2.0
1263,0,ntDOQspU,aojHvPEg,2.0
1512,0,jaCrAUFK,ywuGpANM,200.0
1189,0,iqbCzlPk,LoyIFaGV,347.0
1255,0,EmkugZPX,rUKSlFeh,1.0
1255,0,lmZJehpq,EmkugZPX,1.0
235,0,YULSfngF,PSjGjQXK,132.0
727,0,RjtzWJgw,xiCfcAgb,16.0
460,0,jcExlqwL,MBTcSIip,72.0
1618,0,VWoPhHkb,rWJbJwsc,1.0
1618,0,AVJtqaBS,VWoPhHkb,1.0
1618,0,xeuxxNBT,AVJtqaBS,1.0
1618,0,bOMXeuCa,xeuxxNBT,1.0
1619,0,bFakMEeO,FcGSHAFP,8.0
1619,0,vrVQpbtY,bFakMEeO,6.0
1619,0,rcxPdVgD,vrVQpbtY,6.0
1619,0,oIlHYibo,EnhcBMcG,124.0
1619,0,rcxPdVgD,oIlHYibo,124.0
1619,0,FcGSHAFP,FFGyTMvJ,5.0
14,0,qflzswAf,WIZPpGvl,12.0
1623,0,FqfYfMFg,HhzNhCIb,45.0
235,0,HhzNhCIb,VTHwomVj,15.0
1506,0,svgtEcQx,BpAiVnps,305.0
1263,0,QNScHwgR,YqlTLIQa,60.0
1506,0,plWWPiMc,DLdtTvFi,121.0
1263,0,YqlTLIQa,XiXLaJEL,5.0
1398,0,lsBVGYKC,aUZoPZMc,2.0
1398,0,BYsSDXCP,WFZVQzrl,348.0
1398,0,rDSiGFpR,BYsSDXCP,2.0
1398,0,tzYrVhKO,rDSiGFpR,2.0
1398,0,IkwHYYuh,YzEQqMkN,14.0
1398,0,zjSAMvDn,IkwHYYuh,31.0
1398,0,WFZVQzrl,zjSAMvDn,14.0
1506,0,AmahvgQB,rJRvqICk,429.0
727,0,wHfmVQMh,nzTRQfUi,10.0
108,0,TcEVvOUM,TCqyxHhF,17.0
108,0,HFYkXdPG,TcEVvOUM,17.0
1549,0,PKfyrIVb,BpAiVnps,3.0
1549,0,drFxsmcp,BpAiVnps,143.0
1549,0,tkDBwPiV,PywYzQHY,143.0
460,0,eKMWhxRF,lqMPnIra,1224.0
460,0,pRsoSsPh,eKMWhxRF,722.0
1398,0,UgpyjFML,hxSTJhOz,10.0
1395,0,aUZoPZMc,WtPVEKaC,38.0
648,0,PSZbZwJF,oSOvYxXQ,8.0
648,0,GWqnIxTG,PSZbZwJF,8.0
648,0,NjlFoRGi,GWqnIxTG,8.0
720,0,lsBVGYKC,GmRorurF,370.0
727,0,owFNQNZv,RjtzWJgw,14.0
727,0,nCsqpnJo,owFNQNZv,33.0
727,0,lsBVGYKC,nCsqpnJo,33.0
465,0,eyAJPdep,xMTNzVPt,5.0
1398,0,xOHMcnRu,wyEQXfIU,7.0
1395,0,rBCwdRqs,SDEQaVyD,236.0
1395,0,lctVuVOk,rBCwdRqs,299.0
1395,0,IkwHYYuh,lctVuVOk,309.0
1395,0,YzXnYVPd,IkwHYYuh,344.0
1398,0,wyEQXfIU,LPfgjVyT,89.0
318,0,qQrteapK,SDiGilLw,1.0
318,0,blTjmaLj,qQrteapK,1.0
318,0,FXLsUIQr,blTjmaLj,1.0
318,0,fQmxveIO,FXLsUIQr,1.0
318,0,SgGmeaHk,fQmxveIO,1.0
319,0,noVetmot,ZdIQslRD,1.0
319,0,MGitFLID,noVetmot,2.0
319,0,kYpOneyC,MGitFLID,2.0
319,0,ZrWksDco,kYpOneyC,1.0
205,0,ZrWksDco,kYpOneyC,1.0
590,0,RYTcAdhr,yLFlKjKg,1041.0
590,0,VmCBWvEb,RYTcAdhr,1139.0
590,0,XDkzDtUZ,VmCBWvEb,1139.0
590,0,BYVXItej,XDkzDtUZ,1139.0
1300,0,xbiDwIOu,BqZQArDi,232.0
1300,0,LVcdwgEp,OpgRCgWV,9.0
590,0,yLFlKjKg,LVcdwgEp,59.0
590,0,LVcdwgEp,ubzklVlS,50.0
1398,0,fjFZwaYy,TcOgoqIO,10.0
1398,0,lSWJJvzr,fjFZwaYy,10.0
1398,0,uXKxCjNA,lSWJJvzr,11.0
1398,0,DOGyniWl,uXKxCjNA,167.0
1398,0,mHRdWDIt,DOGyniWl,97.0
1374,0,cJinKFJn,XCZfXGna,595.0
1374,0,lOxXZcFl,cJinKFJn,595.0
1374,0,dxlyVRvH,lOxXZcFl,595.0
14,0,RjtzWJgw,inJVXMtB,4.0
1506,0,XCZfXGna,BpAiVnps,48.0
1374,0,SfxDAXEq,GtaXwPrK,2.0
1374,0,PIUpvPaY,SfxDAXEq,2.0
1374,0,XCZfXGna,PIUpvPaY,8.0
1506,0,DLdtTvFi,mnkgCFDT,179.0
455,0,XjEyEHqT,iBiVOFur,11.0
455,0,WuDSdBCd,suszCmcx,83.0
455,0,BlnSxBAr,KcvPUxQg,24.0
455,0,WuDSdBCd,BlnSxBAr,126.0
455,0,KcvPUxQg,ePrpofUw,19.0
853,0,suszCmcx,zVYhNTdK,1.0
452,0,iRpWiLQH,TIoMzhxD,9.0
452,0,qqQgwpPP,iRpWiLQH,9.0
452,0,ORsEDdLG,qqQgwpPP,9.0
452,0,jsnedRvy,ORsEDdLG,11.0
452,0,PpWfKRbL,jsnedRvy,11.0
452,0,aaSaUDum,PpWfKRbL,11.0
452,0,zENMipIx,aaSaUDum,11.0
452,0,cmBFyxQG,zENMipIx,11.0
452,0,ZZUoaXbF,JVRJClPS,16.0
452,0,fdiMUjeA,ZZUoaXbF,16.0
452,0,lbTqXure,fdiMUjeA,16.0
1180,0,apOzgzFy,IMTItMKU,87.0
108,0,NJSgWoOc,KjgVoxgR,3.0
1263,0,tpTDqbZI,RVEyrwjR,2.0
1180,0,apOzgzFy,kKKRBhFF,13.0
1340,0,gViLrCgA,XiLvnZTk,48.0
250,0,WOOyqinT,uaQvVFAB,11.0
1506,0,voXQjjKh,FYonLsVT,4.0
1398,0,mhgPTzcZ,fubLBmAl,10.0
1398,0,UgzfanVk,mhgPTzcZ,79.0
1398,0,WOOyqinT,mhYSfvAq,10.0
465,0,hNvVhacI,STSGJiIu,2.0
465,0,tzYrVhKO,hNvVhacI,2.0
460,0,pUxrqkbR,pRsoSsPh,464.0
1646,0,rFdYeguL,KQSHMGnw,68.0
1646,0,zSOBHhoP,rFdYeguL,68.0
1646,0,qBoqSZqr,zSOBHhoP,68.0
1646,0,yeapPLlD,qBoqSZqr,68.0
1646,0,TvGyfQSI,yeapPLlD,81.0
1646,0,ShCqTXMl,TvGyfQSI,137.0
1646,0,xRJArdDK,ShCqTXMl,137.0
1646,0,zRaNzOkn,xRJArdDK,137.0
1645,0,QewuHWYk,dAjqsFfg,4.0
1645,0,ASOyxnpu,QewuHWYk,119.0
1180,0,IMTItMKU,UckYThSh,420.0
1180,0,FldHcjZC,KcvPUxQg,142.0
1505,0,plWWPiMc,mnkgCFDT,160.0
1263,0,OyAyNkqZ,qeXIqBgp,47.0
1263,0,ALhaazBT,OyAyNkqZ,50.0
1263,0,gzTQJVMW,RVEyrwjR,205.0
313,0,svgtEcQx,mnkgCFDT,10.0
313,0,AmahvgQB,KjgVoxgR,26.0
313,0,GYfZYaJh,AmahvgQB,26.0
1506,0,EVAUYvVR,JKFFGKvY,6.0
253,0,UVIVXUaJ,owqgejgM,1.0
1180,0,eXTEGQHB,LOIXCDqJ,678.0
712,0,WuSgkufa,ZNjvBYak,49.0
1180,0,eXTEGQHB,LAmktnrq,599.0
1622,0,ImyQzgIv,VDSTHuJo,223.0
1622,0,BzikVGUK,ImyQzgIv,223.0
727,0,pygvGZaF,WhHfbZWj,15.0
1623,0,VTHwomVj,pygvGZaF,3.0
712,0,wFSILCzc,cNWTidvb,62.0
1180,0,NioHjTzW,Vlipnutt,919.0
1180,0,XGJiqzLW,NioHjTzW,1084.0
720,0,cwgbfpqq,kjxfKqbD,1.0
1395,0,UgzfanVk,EkWBPXmr,918.0
253,0,cwgbfpqq,nzTRQfUi,13.0
250,0,olAnplnl,WIZPpGvl,14.0
1180,0,NioHjTzW,VcqDmTtv,165.0
250,0,qflzswAf,olAnplnl,657.0
1180,0,ogOCBKAf,eiOwifcC,84.0
47,0,JCIOAWOU,zjjLSYAp,22.0
1180,0,wFSILCzc,iMjvswBX,66.0
1180,0,Vlipnutt,YpVxAvQG,72.0
1180,0,UhAwQaaX,twlwLPZj,64.0
1180,0,KCqeuCwW,XiLvnZTk,294.0
47,0,eXTEGQHB,tYTpUUxD,4.0
1180,0,eXTEGQHB,JbCujTci,152.0
47,0,tYTpUUxD,paIawFeA,4.0
1506,0,OVaoEscJ,gLCWwgiT,55.0
1180,0,bHagonKv,PhjcDdmq,22.0
633,0,IdWZOznf,CZfJWCoJ,10.0
633,0,bHagonKv,IdWZOznf,10.0
635,0,LLWkkTwA,LhgNVAOU,70.0
1180,0,VcqDmTtv,nIakFMcq,239.0
836,0,myLzZQdt,jbCYGAcv,795.0
47,0,RVEyrwjR,CbcrfuAf,26.0
1300,0,wrsPDGBQ,LKVeVUNI,139.0
1300,0,LPldZjRa,AmahvgQB,93.0
712,0,NJSgWoOc,mCHzTQKa,19.0
1646,0,IMTItMKU,zRaNzOkn,73.0
1180,0,dAjqsFfg,tJbXQuOE,19.0
1700,0,uxYyJnud,eooROOMz,8.0
1700,0,MyzsDSvl,uxYyJnud,8.0
1700,0,rxlNLBXr,MyzsDSvl,4.0
1700,0,losuIFuX,rxlNLBXr,2.0
1700,0,uskMapbi,losuIFuX,2.0
1700,0,yXOuyCwN,uskMapbi,2.0
1700,0,mSGryPaH,yXOuyCwN,2.0
1700,0,OVaoEscJ,mSGryPaH,2.0
1700,0,xQqwXgNZ,OVaoEscJ,2.0
1700,0,BMprcpdo,xQqwXgNZ,2.0
1340,0,PhjcDdmq,BpAiVnps,793.0
1340,0,nIakFMcq,PhjcDdmq,803.0
1326,0,XyHfgUxW,fGmFhgnx,324.0
1340,0,XyHfgUxW,VXiNciom,88.0
836,0,UTBcifAN,hVJtIJom,266.0
1180,0,FldHcjZC,LOIXCDqJ,8.0
1472,0,bOiSLYGO,YmDpkIHQ,13.0
1398,0,bOiSLYGO,uXKxCjNA,229.0
1395,0,IoxYvxeH,jappmlZc,4.0
253,0,nEXpIbiD,agMXkLfj,55.0
1296,0,uhUmvvRs,CsDsDrdU,23.0
1512,0,iEKDTvNf,lwcIkPvE,20.0
1512,0,OpgRCgWV,iEKDTvNf,20.0
1512,0,ejMjPdTH,XiXLaJEL,42.0
1661,0,xSynUqPV,ZevQgZaz,83.0
1255,0,yQQuLFAg,wFSILCzc,1045.0
1703,0,KdjrLWjn,QpprBOSr,163.0
1703,0,AkOiWGvq,KdjrLWjn,166.0
1703,0,iykVulcc,AkOiWGvq,166.0
1703,0,VyxPahNP,iykVulcc,166.0
1703,0,LnANnMXh,VyxPahNP,166.0
1703,0,hUPYukZe,LnANnMXh,166.0
1703,0,uSOMnpdQ,hUPYukZe,166.0
155,0,UmISPPJO,aLyOqIFS,25.0
155,0,VPUbGzfh,UmISPPJO,25.0
155,0,MVExtcyL,VPUbGzfh,25.0
155,0,bciZjPUu,MVExtcyL,25.0
155,0,ogOCBKAf,bciZjPUu,14.0
16,0,cCEhgrAc,ozuppJDT,87.0
1619,0,EnhcBMcG,bFakMEeO,2.0
47,0,OgnAStiZ,cNWTidvb,275.0
1180,0,ABBXwUbo,JbCujTci,10.0
465,0,OyAyNkqZ,EkWBPXmr,45.0
465,0,rmVgnKci,mHRdWDIt,725.0
465,0,OPXtWBVk,rmVgnKci,625.0
465,0,BKywSEpu,OPXtWBVk,633.0
465,0,jcExlqwL,PrwDPVMa,579.0
460,0,jcExlqwL,RCkelXPh,31.0
460,0,klenweCZ,cPCRxZjy,35.0
720,0,bOiSLYGO,FhKkSAFH,4.0
720,0,jcExlqwL,bOiSLYGO,5.0
1226,0,zAqZkkQx,fzSWURzx,22.0
1226,0,xMwzCIXQ,zAqZkkQx,63.0
1226,0,BZCtSmhk,xMwzCIXQ,117.0
1226,0,PrwDPVMa,BZCtSmhk,85.0
720,0,jcExlqwL,WFZVQzrl,80.0
460,0,GmRorurF,pUxrqkbR,462.0
460,0,rWJbJwsc,GmRorurF,462.0
720,0,rWJbJwsc,lsBVGYKC,237.0
1623,0,yLtehlsl,iSMSiXHg,217.0
1623,0,ZfvMwthQ,yLtehlsl,217.0
1623,0,rWJbJwsc,ZfvMwthQ,217.0
1619,0,jcExlqwL,oiYuCTCe,195.0
1568,0,fjFZwaYy,TFSGEQcQ,46.0
1568,0,lSWJJvzr,fjFZwaYy,49.0
1568,0,nxFmOJAJ,lSWJJvzr,46.0
1568,0,GznDzxNt,nxFmOJAJ,61.0
1568,0,jappmlZc,GznDzxNt,61.0
1398,0,jcExlqwL,NBopaFdP,141.0
720,0,YctaenCe,QDIpIlEK,2.0
1398,0,aIrbaHhk,dYlTtQAF,11.0
720,0,mhgPTzcZ,jcExlqwL,27.0
720,0,uaQvVFAB,mhgPTzcZ,27.0
720,0,rRGVruPM,uaQvVFAB,27.0
1180,0,fytASSfG,LAmktnrq,234.0
712,0,upMsEWKk,UckYThSh,16.0
47,0,cNuXvIqU,QYwjKQRO,61.0
47,0,tYTpUUxD,cNuXvIqU,61.0
1255,0,FlYjxOxQ,vqGhvZJF,106.0
1340,0,XyHfgUxW,RVGhYAxc,7.0
1180,0,XyHfgUxW,LOIXCDqJ,19.0
1318,0,jnDaJYzf,BpAiVnps,13.0
47,0,tYTpUUxD,bmUdUOzs,1.0
1076,0,XQBvMmKm,qTvRhwtK,73.0
1318,0,ZMxatUqW,LKVeVUNI,15.0
253,0,cwgbfpqq,YmkUpvHU,56.0
253,0,kjxfKqbD,nhSXMXjw,56.0
720,0,PkbhOCMh,eKMWhxRF,4.0
253,0,uhUmvvRs,jdMuVkrY,1.0
253,0,UtzkRwuC,ZzqCYjTC,11.0
253,0,cvCJiZVm,UtzkRwuC,11.0
253,0,MklhhYCQ,cvCJiZVm,11.0
1398,0,WFZVQzrl,jappmlZc,2.0
1398,0,WFZVQzrl,UgzfanVk,244.0
1568,0,aUZoPZMc,vxTQjZcJ,9.0
1398,0,WtPVEKaC,hasgHIpb,279.0
1472,0,nEXpIbiD,fubLBmAl,4.0
1472,0,eTJQHplR,nEXpIbiD,4.0
1318,0,MyzsDSvl,dbPZeeiE,3489.0
1318,0,dbPZeeiE,LKVeVUNI,987.0
313,0,dbPZeeiE,rJRvqICk,7.0
1506,0,jIerKxIb,paIawFeA,6.0
235,0,VbpBVdde,PSjGjQXK,404.0
1300,0,nrKKniYe,aUPouXsN,91.0
673,0,RVGhYAxc,nUYnioIh,6.0
1318,0,HFKGyjhH,CsDsDrdU,120.0
1318,0,VXVgVTNc,CdwVKoMQ,202.0
1318,0,WjJrQPKY,VXVgVTNc,202.0
1318,0,VbpBVdde,VTHwomVj,82.0
1318,0,swKAFNcH,VbpBVdde,82.0
1318,0,CdwVKoMQ,swKAFNcH,82.0
1318,0,MyzsDSvl,ZMxatUqW,15.0
1623,0,fqxuGExF,hdtyTxrU,2.0
1623,0,zIStuEkQ,fqxuGExF,2.0
1318,0,rSdxnGDj,otuYkIZd,41.0
1318,0,MkXEUCdM,rSdxnGDj,41.0
1512,0,puwcRgFs,GtMUYUwJ,1314.0
1102,0,HEshVETB,HHtnqjHj,99.0
1180,0,ZTMEdEeK,tJbXQuOE,183.0
1300,0,RinxBkUZ,jaCrAUFK,207.0
1300,0,LhgNVAOU,RinxBkUZ,194.0
16,0,UUCrlfWg,GfBReROC,81.0
633,0,fGmFhgnx,gaLZwYvS,63.0
1180,0,UhAwQaaX,FlYjxOxQ,231.0
1300,0,jaCrAUFK,tBJBJfdu,186.0
1180,0,waZdIIZY,qNiTyrkl,29.0
1180,0,ULMVzkWs,ZNjvBYak,17.0
1318,0,PsGHxMMo,EztAMInv,7.0
1318,0,bpTBwobH,PsGHxMMo,7.0
1318,0,pkhwWQVf,bpTBwobH,7.0
1318,0,JxFLnqJu,pkhwWQVf,7.0
1318,0,GDiQpvtB,JxFLnqJu,7.0
1180,0,UhAwQaaX,VFLsoIHD,3.0
1531,0,oPiGTUNA,EsFyleAW,2.0
1531,0,AsOznvtO,oPiGTUNA,2.0
1531,0,HjcVXSJw,AsOznvtO,2.0
1531,0,UPEwDZeZ,HjcVXSJw,2.0
1531,0,oTQudgUv,UPEwDZeZ,2.0
108,0,fRxWIrbs,TvGyfQSI,88.0
455,0,suszCmcx,ojYgsDtJ,9.0
1180,0,jSSkauKM,HACGurUy,49.0
720,0,cwgbfpqq,fyqDJAhS,3.0
253,0,jvuOCfJT,BCaYhIgf,45.0
253,0,rJovpGIG,jvuOCfJT,45.0
253,0,vDrIQGSM,kVypOvQA,32.0
253,0,wYGnXViz,vDrIQGSM,32.0
253,0,BCaYhIgf,wYGnXViz,32.0
1623,0,zTnuBSzA,BspMHRhr,16.0
1623,0,FcGSHAFP,FFGyTMvJ,1.0
1623,0,bFakMEeO,FcGSHAFP,1.0
1623,0,BRQsqqCr,bFakMEeO,1.0
1623,0,hdtyTxrU,BRQsqqCr,1.0
1318,0,LjyXiIAT,YULSfngF,562.0
1318,0,InEujKOO,LjyXiIAT,564.0
1340,0,yAgyFeHo,nIakFMcq,1019.0
1340,0,pkhwWQVf,yAgyFeHo,1524.0
924,0,BHzRSlej,AJLJQqsT,20.0
1340,0,JxFLnqJu,QdWOxWia,29.0
1318,0,LjyXiIAT,uijbLdHW,11.0
1318,0,FgBYTWzD,xGsoSfhX,46.0
187,0,jIerKxIb,QUMnpJQp,27.0
712,0,tJbXQuOE,CpULuhdq,12.0
1263,0,BeiMHrtx,gzTQJVMW,2.0
1623,0,HcTtvFSJ,NjUfThdh,186.0
16,0,ufvngNip,xGsoSfhX,7.0
1340,0,vkwWhgCe,nIakFMcq,1524.0
465,0,MQIshiHv,AayEawbi,9.0
465,0,FFGyTMvJ,MQIshiHv,215.0
129,0,TJDsQDoO,HdBHspFM,1.0
129,0,yTictHOU,TJDsQDoO,1.0
1512,0,WOOyqinT,FyoAuDvn,15.0
1512,0,XiXLaJEL,OyAyNkqZ,185.0
1198,0,OWkTamRc,rqBqDfoZ,10.0
1198,0,KwaxxmSs,OWkTamRc,20.0
1300,0,XiXLaJEL,OyAyNkqZ,63.0
1226,0,XiXLaJEL,FYgdoWMK,471.0
1263,0,ALhaazBT,EVAUYvVR,1.0
1263,0,XiXLaJEL,OyAyNkqZ,19.0
1226,0,hNvVhacI,bjPEDqek,394.0
1623,0,IoymLetX,zXooHlbq,1.0
1623,0,oXQrzcje,IoymLetX,1.0
1623,0,fyqDJAhS,oXQrzcje,1.0
1226,0,FYgdoWMK,bjEpkupt,276.0
1030,0,UgzfanVk,agMXkLfj,2988.0
1567,0,UgzfanVk,sHqmRcRD,98.0
1435,0,fzSWURzx,xzbhGFLT,130.0
1083,0,VYHZxBYO,TikfrWrm,1097.0
1221,0,ywuGpANM,VgUdLlOW,2.0
1180,0,LLWkkTwA,fytASSfG,419.0
633,0,jLJTMrwU,dpOKQcMh,16.0
633,0,LdWodgsw,jLJTMrwU,16.0
633,0,yQQuLFAg,LdWodgsw,26.0
1340,0,wFSILCzc,DLdtTvFi,49.0
1340,0,yQQuLFAg,wFSILCzc,49.0
47,0,wFSILCzc,paIawFeA,71.0
1300,0,xewbkqhz,AHLLTOdf,5.0
1300,0,mklbELhb,xewbkqhz,5.0
1300,0,yhXmuUeN,mklbELhb,330.0
1300,0,BqZQArDi,yhXmuUeN,5.0
1318,0,yQQuLFAg,wFSILCzc,188.0
635,0,QpprBOSr,LLWkkTwA,39.0
227,0,zAwPDfkg,QgwCgjAi,70.0
227,0,QpprBOSr,zAwPDfkg,70.0
1263,0,qPtpgxic,cdpcgPuX,114.0
1180,0,BJDTCJYP,rbVbMNcM,112.0
1699,0,paIawFeA,nIakFMcq,2.0
1699,0,VcqDmTtv,paIawFeA,2.0
1699,0,bSoWRArq,VcqDmTtv,11.0
1699,0,RZSdunHk,bSoWRArq,11.0
1699,0,wggFpXDl,RZSdunHk,11.0
1699,0,PFPLEnYs,wggFpXDl,11.0
1699,0,WjJrQPKY,PFPLEnYs,11.0
1699,0,OFDSKCGJ,WjJrQPKY,13.0
1699,0,ZVaTNlgO,OFDSKCGJ,14.0
1699,0,mJMjzUfK,ZVaTNlgO,14.0
401,0,MFfExqBx,eGbCulMV,193.0
253,0,bOiSLYGO,KDdzRmow,49.0
1340,0,QdWOxWia,LYjhOoFf,2.0
47,0,xQqwXgNZ,ABufINme,12.0
47,0,BMprcpdo,xQqwXgNZ,12.0
720,0,eyAJPdep,uXKxCjNA,2.0
720,0,eKMWhxRF,eyAJPdep,2.0
1318,0,kLfGGOkq,PhjcDdmq,1.0
1318,0,ygVaThfM,kLfGGOkq,4.0
235,0,CheNYOmP,ohvLIfWG,444.0
235,0,buRRNGGe,CheNYOmP,671.0
1318,0,CoFyQOTC,HuqqdbXr,105.0
1318,0,kLfGGOkq,HMiMHaRv,3.0
727,0,buRRNGGe,bOiSLYGO,3.0
1592,0,CSzsuVOH,dCWftKsk,3960.0
1592,0,aUZoPZMc,CSzsuVOH,3960.0
1592,0,xOhGqygU,aUZoPZMc,3966.0
1592,0,qOuhMtTj,xOhGqygU,4139.0
1592,0,KCvWJpxq,qOuhMtTj,4735.0
1592,0,bgJHPJde,KCvWJpxq,13001.0
253,0,mSXRukCc,JbCujTci,727.0
253,0,dCWftKsk,mSXRukCc,721.0
14,0,CheNYOmP,nrKKniYe,24.0
1300,0,nrKKniYe,LKVeVUNI,52.0
1318,0,JOCbKjUm,HMiMHaRv,41.0
1318,0,GRJKPEAE,JOCbKjUm,41.0
1318,0,meGizMiD,GRJKPEAE,41.0
1318,0,otuYkIZd,meGizMiD,41.0
16,0,cEOIeJTR,MklhhYCQ,2.0
14,0,VTHwomVj,bsQVAuyn,1.0
14,0,CheNYOmP,VjdckTjW,1.0
1512,0,MlqbsUKu,gzTQJVMW,109.0
1512,0,MlqbsUKu,ywuGpANM,35.0
1263,0,MlqbsUKu,CKorGRkE,41.0
1512,0,MlqbsUKu,hpACGGyB,50.0
1296,0,BpAiVnps,QdnKSSsO,8.0
1296,0,MlqbsUKu,BpAiVnps,151.0
1296,0,QdnKSSsO,oNyGHMvy,2.0
1263,0,MlqbsUKu,YqlTLIQa,3.0
1512,0,ysSWNERo,gGkadTNm,1.0
1340,0,DLdtTvFi,XyHfgUxW,7.0
1180,0,leVkrEcC,NRaiNGwl,4592.0
1300,0,oynLwMrX,yhXmuUeN,1697.0
1263,0,OyAyNkqZ,hpACGGyB,135.0
1263,0,gmsNDepi,OyAyNkqZ,566.0
1263,0,gmsNDepi,AXkvSZpr,47.0
616,0,PaLbQtln,fElpHioA,10.0
616,0,yhXmuUeN,rqBqDfoZ,85.0
293,0,qrSNpKDz,bWAbaUPC,8.0
47,0,rUKSlFeh,bmUdUOzs,10.0
465,0,OyAyNkqZ,XFLojCJa,5.0
1180,0,rckblBTM,LYitljhu,31.0
1325,0,jSFFeqWE,mSsugdoq,517.0
1325,0,SPymtbHS,jSFFeqWE,517.0
1325,0,uERHVBdu,SPymtbHS,517.0
1325,0,yWkNHrCP,uERHVBdu,517.0
1325,0,UyunGRcj,yWkNHrCP,517.0
1325,0,FhiUibmP,UyunGRcj,517.0
1325,0,cOiBEGlK,tYTpUUxD,37.0
1325,0,RinxBkUZ,cOiBEGlK,37.0
1325,0,LhgNVAOU,RinxBkUZ,37.0
1325,0,uijbLdHW,LhgNVAOU,233.0
1325,0,LjyXiIAT,uijbLdHW,233.0
1325,0,InEujKOO,LjyXiIAT,242.0
1325,0,DgFFenGX,InEujKOO,243.0
1325,0,mSsugdoq,DgFFenGX,243.0
1180,0,RmlHIOuG,dgLtpUgu,506.0
1180,0,LAmktnrq,RmlHIOuG,506.0
1180,0,wuDdaesk,LAmktnrq,530.0
712,0,UckYThSh,xTOrUJFO,54.0
1180,0,wuDdaesk,DexqYjKS,8.0
1340,0,VXiNciom,fGmFhgnx,95.0
1340,0,rckblBTM,yQQuLFAg,5.0
235,0,xiCfcAgb,SOBUilCD,23.0
235,0,xiCfcAgb,BpAiVnps,76.0
1395,0,WFZVQzrl,IoxYvxeH,2.0
14,0,nCsqpnJo,owFNQNZv,19.0
1395,0,ciAbSxQX,TEKQTTfp,1673.0
1398,0,WtPVEKaC,rDSiGFpR,750.0
1398,0,nsbHlbAq,QDIpIlEK,270.0
1398,0,ciAbSxQX,nsbHlbAq,275.0
1395,0,xOhGqygU,OrbXRiVv,1548.0
1395,0,YcrsfAeA,xiTGCYEl,269.0
1395,0,lsBVGYKC,YcrsfAeA,288.0
1395,0,OrbXRiVv,lsBVGYKC,288.0
1395,0,KcDUQTDz,gzZgDndk,1644.0
1395,0,olAnplnl,KcDUQTDz,1644.0
1568,0,YcrsfAeA,lqMPnIra,470.0
1398,0,mhgPTzcZ,bOiSLYGO,70.0
1398,0,LbKosGpD,jcExlqwL,294.0
1506,0,tDDddUJb,vRWSdFEN,17.0
1395,0,gzZgDndk,KwaxxmSs,20.0
1592,0,uFMjBiuq,OUzlATeX,7.0
1592,0,yQTYDvhm,uFMjBiuq,7.0
1592,0,ySPnpMTg,yQTYDvhm,11.0
1226,0,UgzfanVk,vFpuvjcu,79.0
1398,0,uXKxCjNA,GbYxEXTt,1.0
1398,0,eLmJkuZC,uXKxCjNA,1.0
1398,0,uDnSXuvA,eLmJkuZC,1.0
1398,0,MhxjGQjy,uDnSXuvA,1.0
1325,0,TPescrDz,FhiUibmP,149.0
727,0,jnDfAorM,GiONHkbf,1620.0
1189,0,hPbxQISN,jnDfAorM,422.0
1189,0,LoyIFaGV,hPbxQISN,422.0
1255,0,rUKSlFeh,yQQuLFAg,443.0
1255,0,ogOCBKAf,rUKSlFeh,443.0
1190,0,uijbLdHW,LhgNVAOU,56.0
1190,0,LjyXiIAT,uijbLdHW,56.0
1190,0,InEujKOO,LjyXiIAT,56.0
1190,0,DgFFenGX,InEujKOO,56.0
1190,0,mSsugdoq,DgFFenGX,56.0
1190,0,GOFcQtxc,mSsugdoq,58.0
1190,0,CtbKcCWS,GOFcQtxc,65.0
1190,0,tLfbIJdr,CtbKcCWS,65.0
1190,0,NosTVaAF,tLfbIJdr,120.0
1190,0,CZBrBkrq,NosTVaAF,120.0
1318,0,jnDfAorM,bZroqIhX,2620.0
712,0,lmZJehpq,EmkugZPX,10.0
235,0,ufvngNip,aUPouXsN,18.0
1180,0,GkYZbgqg,FStgRiBS,7.0
1180,0,NmJVuAxS,dAjqsFfg,16.0
1221,0,pXlenLUq,qflzswAf,772.0
1592,0,hVJtIJom,DNyXiZzj,2491.0
1592,0,jbCYGAcv,hVJtIJom,2513.0
1592,0,myLzZQdt,jbCYGAcv,2833.0
1592,0,fPpTYnhk,myLzZQdt,3445.0
1592,0,vTESpmde,fPpTYnhk,3445.0
1592,0,qxdEqclb,vTESpmde,3445.0
1592,0,skXWrZzT,qxdEqclb,3537.0
1592,0,sFyIuMsY,skXWrZzT,3537.0
1592,0,JGXXNLkS,sFyIuMsY,3537.0
1592,0,PFRWWlNS,JGXXNLkS,3537.0
465,0,BGChynOq,rDSiGFpR,1120.0
1395,0,YcrsfAeA,cPCRxZjy,19.0
1398,0,ciAbSxQX,tyeyrnYi,139.0
836,0,jbCYGAcv,UTBcifAN,1141.0
460,0,FFGyTMvJ,CEZTRnUo,110.0
205,0,FFGyTMvJ,MBTcSIip,74.0
720,0,fyqDJAhS,oXQrzcje,60.0
1592,0,ffjXMuak,qZEGKKCp,31.0
1592,0,EDdQplwd,ffjXMuak,31.0
1592,0,XbgiSLmy,EDdQplwd,39.0
1592,0,pXlenLUq,XbgiSLmy,39.0
1592,0,DNyXiZzj,pXlenLUq,39.0
235,0,nChZnrmr,buRRNGGe,660.0
235,0,RSRIdzBF,nChZnrmr,660.0
235,0,rcsEeYnc,RSRIdzBF,660.0
235,0,jnDfAorM,rcsEeYnc,660.0
1106,0,wHfmVQMh,cttUtMNm,320.0
1106,0,PCRBVfUw,wHfmVQMh,485.0
1106,0,jnDfAorM,PCRBVfUw,487.0
1106,0,fkZFUNSd,TrOiZJox,276.0
1106,0,cttUtMNm,fkZFUNSd,276.0
1318,0,CsDsDrdU,dbPZeeiE,26.0
1318,0,eXTjiXiW,SwLVnWPq,520.0
235,0,VNhDHTgU,ymtXIyVJ,365.0
235,0,mvZTxord,VNhDHTgU,365.0
235,0,ymtXIyVJ,AayEawbi,78.0
1085,0,WneZtuRq,zZZsLLct,5888.0
1085,0,VYHZxBYO,WneZtuRq,3739.0
1085,0,KlSqKJQr,VYHZxBYO,2996.0
1512,0,FZsFzszJ,OrbXRiVv,6.0
1512,0,jFRqfnFl,EKYbCcms,96.0
1263,0,jaCrAUFK,eaNsVWDR,29.0
367,0,ucVTqZIB,yrWAEsGy,51.0
187,0,jFRqfnFl,vyQyYYqJ,16.0
1296,0,BpAiVnps,fmQEzQWV,16.0
1296,0,jaCrAUFK,MlqbsUKu,143.0
187,0,qGnNRXVR,IubGYoNi,10.0
1263,0,eaNsVWDR,aYSqaQmJ,44.0
1512,0,jaCrAUFK,BZCtSmhk,193.0
1226,0,BZCtSmhk,njiqgOWt,390.0
1263,0,jaCrAUFK,AUmOMGnp,41.0
1190,0,LhgNVAOU,RinxBkUZ,1.0
1221,0,bYKKzRQT,WIZPpGvl,128.0
1221,0,FYgdoWMK,bYKKzRQT,128.0
1226,0,bjEpkupt,gxlaiARP,587.0
465,0,BKywSEpu,RCkelXPh,71.0
1221,0,bjEpkupt,qVxAOUMG,310.0
836,0,rlKLMakt,suszCmcx,146.0
417,0,LOkvvGyU,FqxCUuHX,2.0
417,0,DYErCrqd,LOkvvGyU,2.0
1435,0,eaNsVWDR,OyAyNkqZ,3.0
1180,0,eoIplMjv,LAmktnrq,37.0
1180,0,HACGurUy,ABBXwUbo,5.0
1180,0,apOzgzFy,qLQHuyIe,172.0
1180,0,apXGdFyI,apOzgzFy,18.0
836,0,jbCYGAcv,hVJtIJom,139.0
836,0,XbgiSLmy,EDdQplwd,5.0
836,0,pXlenLUq,XbgiSLmy,5.0
836,0,DNyXiZzj,pXlenLUq,6.0
836,0,rlKLMakt,DNyXiZzj,138.0
836,0,hVJtIJom,rlKLMakt,196.0
1395,0,EhUxMFuQ,EkWBPXmr,17.0
1395,0,rBCwdRqs,EhUxMFuQ,17.0
1398,0,cniBuICf,hxSTJhOz,2.0
1398,0,cfrRCwNB,cwgbfpqq,427.0
1398,0,IkwHYYuh,WhHfbZWj,101.0
1398,0,YzXnYVPd,IkwHYYuh,91.0
1395,0,lctVuVOk,iPNesxKP,10.0
1398,0,IkwHYYuh,fubLBmAl,89.0
1395,0,NXLrCKMp,xiTGCYEl,506.0
1395,0,cfrRCwNB,NXLrCKMp,400.0
1395,0,rBCwdRqs,QDIpIlEK,449.0
1398,0,LPfgjVyT,TShNRujB,98.0
1568,0,cfrRCwNB,YcrsfAeA,117.0
1395,0,cfrRCwNB,XFLojCJa,312.0
1398,0,EhUxMFuQ,tRncbstl,1152.0
1398,0,aWNaUdzp,EhUxMFuQ,1398.0
1395,0,IkwHYYuh,HezLsNFQ,36.0
1395,0,lSWJJvzr,NBopaFdP,411.0
1395,0,SDEQaVyD,xbiDwIOu,145.0
1395,0,HezLsNFQ,DOGyniWl,2.0
465,0,cVdFBbsW,CwLKTicL,51.0
465,0,AayEawbi,PkbhOCMh,1.0
235,0,FSklzHpQ,jnDfAorM,230.0
235,0,cNArzmnq,FSklzHpQ,204.0
235,0,UNbrDjxM,cNArzmnq,204.0
836,0,UTBcifAN,suszCmcx,1.0
1180,0,WdOwNGhj,oXDhDxhT,1.0
465,0,WhRBEXGR,PAegbDaK,163.0
253,0,WhRBEXGR,FFGyTMvJ,31.0
1221,0,neCsPoxX,pXlenLUq,8.0
253,0,FFGyTMvJ,dCWftKsk,2.0
253,0,mSXRukCc,hSRFRBsa,13.0
253,0,zvLqJZxI,mSXRukCc,19.0
253,0,uXKxCjNA,zvLqJZxI,19.0
1226,0,aojHvPEg,puwcRgFs,3.0
1226,0,bjPEDqek,aojHvPEg,3.0
1226,0,FYgdoWMK,zjKsBdNQ,5.0
460,0,MklhhYCQ,rnFrOJMw,3.0
1178,0,xyBTaHvp,vacPrbQA,235.0
1398,0,YzgNCqsj,fMrlznIn,12.0
1398,0,FCsbIOBe,YzgNCqsj,12.0
1398,0,HZcfHzwe,FCsbIOBe,15.0
1398,0,tRncbstl,WFZVQzrl,79.0
16,0,ufvngNip,JvVxAKet,30.0
853,0,SgmzKmGa,ygaPVVOX,104.0
1395,0,suszCmcx,lwcIkPvE,1.0
1395,0,xOhGqygU,FCsbIOBe,566.0
1398,0,UgzfanVk,FyoAuDvn,5.0
1398,0,EhUxMFuQ,UgzfanVk,57.0
1398,0,GpnhEWuy,QDIpIlEK,287.0
1398,0,EhUxMFuQ,MhxjGQjy,187.0
1226,0,XbgiSLmy,fzSWURzx,1013.0
1226,0,qzYXXYmc,XbgiSLmy,3575.0
1395,0,CSzsuVOH,DeiIsjyA,21.0
1395,0,aWNaUdzp,CSzsuVOH,24.0
1395,0,NQaaFyOm,gzZgDndk,257.0
1395,0,CSzsuVOH,dCWftKsk,3.0
1567,0,ZIPCqImv,ciAbSxQX,101.0
1567,0,aWNaUdzp,ZIPCqImv,101.0
1398,0,lsBVGYKC,mhgPTzcZ,1.0
1398,0,ZuDlysuz,lsBVGYKC,1.0
1398,0,LbKosGpD,NBopaFdP,257.0
465,0,tzYrVhKO,WhRBEXGR,2.0
465,0,RTnwKdcX,tzYrVhKO,2.0
836,0,suszCmcx,DNyXiZzj,5.0
1030,0,hasgHIpb,ajteUQkz,179.0
1030,0,ajteUQkz,FdBCLyPI,68.0
245,0,EqKjvFoW,pTTspriv,162.0
1398,0,YzEQqMkN,DOGyniWl,130.0
1398,0,XFLojCJa,cPCRxZjy,30.0
1398,0,DOGyniWl,XFLojCJa,59.0
235,0,SwLVnWPq,oiYuCTCe,29.0
1398,0,XFLojCJa,EkWBPXmr,29.0
1176,0,VWFAQayS,xyBTaHvp,1552.0
1176,0,fxlmulxX,qflzswAf,433.0
1176,0,NPkfSYbt,fxlmulxX,433.0
1176,0,NPkfSYbt,eXTEGQHB,37.0
1176,0,xyBTaHvp,KCqeuCwW,62.0
1180,0,GkYZbgqg,BJDTCJYP,21.0
1180,0,xyBTaHvp,GkYZbgqg,21.0
460,0,nzTRQfUi,jcExlqwL,5.0
460,0,qflzswAf,WIZPpGvl,980.0
235,0,GJEXlFdt,UNbrDjxM,89.0
1395,0,FyoAuDvn,cwgbfpqq,4.0
1395,0,TFSGEQcQ,FyoAuDvn,6.0
1592,0,pmULGxKj,sKTwWsMk,571.0
1592,0,ToEONYdV,pmULGxKj,571.0
1592,0,sKTwWsMk,cfrRCwNB,465.0
1395,0,QHFmFyLR,EkWBPXmr,2.0
1395,0,nxFmOJAJ,mnkgCFDT,2.0
1395,0,cwgbfpqq,nxFmOJAJ,3.0
465,0,mSXRukCc,kjxfKqbD,17.0
465,0,PNUwxzRj,mSXRukCc,85.0
465,0,PNUwxzRj,UgpyjFML,8.0
1340,0,XyHfgUxW,ogOCBKAf,195.0
853,0,QOMpmplr,PcvuCqyL,1.0
465,0,WEgiiGlQ,AFMSRepx,46.0
250,0,yNIUaSyZ,cNuIRYrx,25.0
250,0,xiTGCYEl,yNIUaSyZ,25.0
1660,0,qflzswAf,CGfCHyje,6.0
1318,0,Vlipnutt,otuYkIZd,32.0
250,0,WIZPpGvl,rBCwdRqs,20.0
1592,0,IawIHXne,ToEONYdV,562.0
835,0,ffHVhHJj,BGChynOq,2.0
835,0,itmFNPnQ,ffHVhHJj,2.0
835,0,mEEGNlDG,itmFNPnQ,2.0
1592,0,ffHVhHJj,BGChynOq,3.0
1592,0,itmFNPnQ,ffHVhHJj,3.0
1592,0,mEEGNlDG,itmFNPnQ,3.0
401,0,dgLtpUgu,NRaiNGwl,180.0
1592,0,KCvWJpxq,ySPnpMTg,4.0
1318,0,xQSKBJml,SwLVnWPq,3.0
1318,0,rUKSlFeh,xQSKBJml,5.0
727,0,WFZVQzrl,bOiSLYGO,7.0
465,0,RCkelXPh,QVFxizLc,18.0
253,0,wRBXcbqq,WhRBEXGR,3.0
1180,0,FldHcjZC,eXTEGQHB,524.0
401,0,RBBxesxu,WyfCQhSW,9.0
401,0,JNybvbry,RBBxesxu,1.0
401,0,pKQmWfSR,JNybvbry,1.0
1395,0,hxSTJhOz,rDSiGFpR,5.0
1395,0,jappmlZc,hxSTJhOz,5.0
1395,0,EkWBPXmr,zVYhNTdK,33.0
1512,0,NBopaFdP,FjwhCXAK,16.0
1395,0,kVhbTVuU,gzZgDndk,77.0
1395,0,jappmlZc,kVhbTVuU,51.0
1568,0,fjFZwaYy,pRsoSsPh,3.0
1085,0,FYojKDQC,qYsYtTjJ,11011.0
1366,0,WOOyqinT,FYojKDQC,11.0
1180,0,UckYThSh,JbCujTci,604.0
401,0,RVEyrwjR,XLVjRryq,1.0
633,0,jkmSVBKz,QkCkRebE,26.0
633,0,vacPrbQA,jkmSVBKz,26.0
1076,0,TEpDjcLc,momDhuqe,5.0
1076,0,MFfExqBx,TEpDjcLc,5.0
1076,0,eGbCulMV,VPnRvCbn,26.0
401,0,ykQYJtnJ,RTRcFCMg,56.0
401,0,PRzaSxQc,ykQYJtnJ,64.0
401,0,erxKyHjj,AoRkaUmb,169.0
1180,0,XyHfgUxW,fGmFhgnx,7.0
1180,0,FVYwGhLu,izUAPpdi,174.0
1659,0,ogOCBKAf,eiOwifcC,192.0
401,0,XeinAhyy,MlYFoaez,8.0
401,0,eJfPkird,nfCzcTzh,26.0
401,0,KbKyxild,eJfPkird,23.0
1076,0,QYkjMXrW,QHulIYnO,80.0
1076,0,wpHpdxFs,IkeqCtDY,30.0
1076,0,QHulIYnO,wpHpdxFs,72.0
401,0,erxKyHjj,wBZvskGC,34.0
401,0,ogOCBKAf,adPAcDLJ,11.0
1212,0,LCJSaMch,ChOayZDF,20.0
1212,0,GHvODCIP,LCJSaMch,17.0
1212,0,MCXOFAcE,GHvODCIP,17.0
1212,0,HcupqiOA,MCXOFAcE,17.0
1212,0,MRtqPpeq,HcupqiOA,17.0
1212,0,CrEPfbyi,MRtqPpeq,17.0
1212,0,dpFXbFTh,CrEPfbyi,17.0
1212,0,HaEOaLMB,dpFXbFTh,17.0
1212,0,IkeqCtDY,HaEOaLMB,16.0
1212,0,wpHpdxFs,IkeqCtDY,16.0
1212,0,QHulIYnO,wpHpdxFs,16.0
1212,0,sKtQEUzZ,QHulIYnO,16.0
108,0,lqTAOmVV,WwbQwfXi,112.0
1434,0,JPWycazw,wHHoYczm,1.0
1434,0,SapgsLPr,JPWycazw,1.0
1435,0,zjKsBdNQ,NxbXiMUL,9.0
1435,0,NbgxPNNK,zjKsBdNQ,9.0
1435,0,NbgxPNNK,BZCtSmhk,30.0
1176,0,DsTGnVil,ePrpofUw,89.0
1175,0,ttCfyKrF,uDcqHVPS,4.0
1175,0,QdPMJYQQ,ttCfyKrF,4.0
1175,0,TcXrIYig,QdPMJYQQ,4.0
1175,0,pYAYKpHc,TcXrIYig,4.0
1176,0,TCQmGnBb,IzKulrBJ,5.0
1176,0,JJzKKoaf,TCQmGnBb,5.0
1176,0,DsTGnVil,JJzKKoaf,5.0
836,0,lwcIkPvE,EocVuyzS,1.0
836,0,pXlenLUq,lwcIkPvE,1.0
736,0,XLVjRryq,NxbXiMUL,22.0
1226,0,gxlaiARP,DNyXiZzj,5.0
1568,0,uuIZngLh,rWJbJwsc,107.0
1226,0,BZCtSmhk,vyojaKRU,58.0
1176,0,IzKulrBJ,MyVorJBj,148.0
1226,0,zAqZkkQx,ojqTFFWy,41.0
465,0,FYgdoWMK,DNyXiZzj,7.0
1659,0,KttMmUZl,dbBlyJgh,2.0
1659,0,kEIvmolg,KttMmUZl,2.0
1659,0,vfRjIFnr,kEIvmolg,2.0
1660,0,npYXJyuT,RBBxesxu,164.0
1660,0,lFqTDxEu,npYXJyuT,164.0
1660,0,fyczPNat,lFqTDxEu,164.0
1660,0,WyfCQhSW,ogOCBKAf,105.0
1660,0,RBBxesxu,WyfCQhSW,105.0
465,0,BZCtSmhk,ywuGpANM,3.0
1660,0,LbqeOjDq,fyczPNat,5.0
1660,0,qdBHsTrj,LbqeOjDq,5.0
1660,0,QRWCUyXY,qdBHsTrj,5.0
1659,0,cBsLzvxc,qflzswAf,2.0
1659,0,MTGLsZPE,cBsLzvxc,2.0
1659,0,bmCACwpU,MTGLsZPE,2.0
1659,0,ndVUpTXG,bmCACwpU,2.0
1659,0,mvSwkBgn,ndVUpTXG,2.0
1659,0,dbBlyJgh,mvSwkBgn,2.0
460,0,mSXRukCc,kjxfKqbD,187.0
460,0,OPXtWBVk,klenweCZ,144.0
853,0,qflzswAf,mnkgCFDT,541.0
253,0,QoKDjrWo,bOiSLYGO,333.0
1180,0,qflzswAf,dAjqsFfg,242.0
253,0,mSXRukCc,HezLsNFQ,307.0
868,0,qflzswAf,CGfCHyje,11.0
1178,0,qflzswAf,xfbmoJHP,357.0
1030,0,DDlHEQCa,ekoOPpVq,280.0
1030,0,uuLXjUrY,DDlHEQCa,279.0
845,0,tbsBIgaj,WoCjyXMQ,301.0
845,0,ekoOPpVq,tbsBIgaj,301.0
245,0,slwzdYAd,exRzHfND,14.0
1669,0,slwzdYAd,exRzHfND,59.0
235,0,VjdckTjW,ocwJSpah,43.0
1106,0,nEsTDuVQ,SzPBLAwy,6.0
1106,0,fkZFUNSd,nEsTDuVQ,4.0
1395,0,KwaxxmSs,neNWquOh,1.0
1395,0,HZcfHzwe,KwaxxmSs,12.0
1568,0,pUxrqkbR,pRsoSsPh,15.0
1568,0,nxFmOJAJ,pUxrqkbR,15.0
1398,0,FCsbIOBe,eusqYKWT,3.0
1395,0,mhgPTzcZ,bOiSLYGO,4.0
1395,0,kVhbTVuU,mhgPTzcZ,4.0
1568,0,jappmlZc,GmRorurF,87.0
1398,0,eusqYKWT,HezLsNFQ,2.0
1398,0,TFSGEQcQ,cfrRCwNB,124.0
1398,0,fMrlznIn,TFSGEQcQ,342.0
1567,0,MhxjGQjy,mhYSfvAq,10.0
1567,0,EhUxMFuQ,MhxjGQjy,10.0
1567,0,HZcfHzwe,EhUxMFuQ,10.0
1398,0,GznDzxNt,mhgPTzcZ,1.0
1398,0,jappmlZc,GznDzxNt,1.0
1198,0,PNniCxAw,ogOCBKAf,533.0
1198,0,aZaGhhAB,PNniCxAw,534.0
1198,0,CVcknAiw,aZaGhhAB,534.0
1198,0,uGkwFELU,CVcknAiw,534.0
1198,0,LpjIkIID,uGkwFELU,534.0
1226,0,jVOVHrFU,UgzfanVk,6.0
932,0,nGUGLxPd,FZfLSowG,1236.0
1263,0,qPtpgxic,hhrNEaMZ,116.0
751,0,aHDoehBY,vPrJwoLq,1142.0
751,0,WwbQwfXi,aHDoehBY,1156.0
751,0,SrmEoNnE,WwbQwfXi,1156.0
751,0,vPrJwoLq,jUExBSiR,73.0
1226,0,ywuGpANM,ojqTFFWy,1129.0
1226,0,XiXLaJEL,aImltWBw,355.0
1512,0,ywuGpANM,FjwhCXAK,130.0
1272,0,ywuGpANM,YvwuVYMF,71.0
1180,0,tJbXQuOE,xqQnPHkt,5.0
1300,0,Plxavose,QpprBOSr,2.0
1300,0,CpULuhdq,Plxavose,2.0
1226,0,bjPEDqek,PrwDPVMa,20.0
1435,0,ywuGpANM,VgUdLlOW,286.0
1296,0,YnUujGmz,BLvXEzeq,11.0
1708,0,rEicsBoS,DNyXiZzj,7.0
1708,0,obgmJQzi,rEicsBoS,7.0
1708,0,MPxbDKyu,obgmJQzi,7.0
16,0,tBPmVbcK,qflzswAf,409.0
253,0,CrOFTJlw,MklhhYCQ,185.0
1030,0,tBPmVbcK,qflzswAf,33.0
1398,0,KGIBfEut,fMrlznIn,657.0
1030,0,FdBCLyPI,KGIBfEut,584.0
1030,0,PyGiRErs,ajteUQkz,80.0
253,0,tBPmVbcK,qflzswAf,391.0
1030,0,rljVoTvk,ekoOPpVq,1120.0
1030,0,hhgkeGsa,rljVoTvk,83.0
931,0,TzBLFSKE,vcQVCkqQ,165.0
931,0,MmmkWPfy,TzBLFSKE,165.0
401,0,PyGiRErs,ykQYJtnJ,22.0
245,0,tBPmVbcK,phodyDNv,75.0
245,0,phodyDNv,slwzdYAd,85.0
401,0,TikfrWrm,dZoxKDmD,7.0
401,0,ykQYJtnJ,TikfrWrm,17.0
1669,0,phodyDNv,slwzdYAd,25.0
401,0,ykQYJtnJ,qWvzRbGV,13.0
1395,0,nxFmOJAJ,LbKosGpD,1.0
1592,0,cfrRCwNB,YcrsfAeA,56.0
1592,0,YcrsfAeA,KCvWJpxq,55.0
1180,0,VFLsoIHD,LYitljhu,193.0
1180,0,VFLsoIHD,QewuHWYk,113.0
1178,0,VFLsoIHD,GkYZbgqg,8.0
1083,0,Nzhgxdpc,Phtvjmoj,357.0
1083,0,wBZvskGC,Nzhgxdpc,323.0
1076,0,ZYiWVpjK,QHfelpAR,41.0
1173,0,PNniCxAw,ogOCBKAf,782.0
1173,0,aZaGhhAB,PNniCxAw,847.0
1173,0,CVcknAiw,aZaGhhAB,847.0
1173,0,uGkwFELU,CVcknAiw,847.0
1173,0,TCQmGnBb,uGkwFELU,847.0
1173,0,JJzKKoaf,TCQmGnBb,847.0
1173,0,QESMqsTJ,JJzKKoaf,1028.0
1176,0,JJzKKoaf,kKKRBhFF,215.0
401,0,XpaxRhYo,qNiTyrkl,357.0
1568,0,ZIPCqImv,ciAbSxQX,70.0
1568,0,aWNaUdzp,ZIPCqImv,70.0
1568,0,FCsbIOBe,aWNaUdzp,70.0
1568,0,wyEQXfIU,FCsbIOBe,70.0
1568,0,aRKvwhNi,wyEQXfIU,70.0
1568,0,vxTQjZcJ,aRKvwhNi,73.0
1226,0,XbgiSLmy,EDdQplwd,2247.0
465,0,SDEQaVyD,buAeVenh,223.0
1398,0,TEKQTTfp,zjSAMvDn,8.0
1395,0,cwgbfpqq,NXLrCKMp,112.0
1395,0,GznDzxNt,cwgbfpqq,112.0
1395,0,kVhbTVuU,GznDzxNt,112.0
1395,0,UgzfanVk,kVhbTVuU,142.0
1395,0,bOiSLYGO,mnkgCFDT,23.0
1395,0,UgzfanVk,bOiSLYGO,53.0
1226,0,UGBWqSzR,aImltWBw,6.0
1226,0,fzSWURzx,UGBWqSzR,40.0
836,0,EocVuyzS,lctVuVOk,223.0
836,0,XbgiSLmy,EocVuyzS,223.0
1568,0,gHWJyJxY,uuIZngLh,103.0
1568,0,SDEQaVyD,gHWJyJxY,103.0
1398,0,JGAJXRSN,tRncbstl,61.0
1398,0,UgzfanVk,JGAJXRSN,61.0
1398,0,SDEQaVyD,QDIpIlEK,562.0
1221,0,vFpuvjcu,MklhhYCQ,5.0
1221,0,dlIiZmBi,vFpuvjcu,5.0
1226,0,ojqTFFWy,FYgdoWMK,61.0
1224,0,qflzswAf,PrwDPVMa,12.0
1224,0,itmFNPnQ,qflzswAf,12.0
1224,0,qzYXXYmc,itmFNPnQ,12.0
1226,0,fzSWURzx,XiXLaJEL,380.0
1567,0,mhYSfvAq,UgzfanVk,12.0
931,0,JojiQTkQ,zAjDuGWM,179.0
16,0,DhBIcFJB,tBPmVbcK,129.0
1030,0,QhscbmPA,qflzswAf,6190.0
253,0,WFZVQzrl,bOiSLYGO,17.0
1085,0,XpaxRhYo,ojqTFFWy,237.0
1085,0,vDTAjOOR,XpaxRhYo,125.0
401,0,eJfPkird,gzTQJVMW,2.0
401,0,yYShGLTs,YnUujGmz,6.0
401,0,riNnsYaQ,yYShGLTs,41.0
1083,0,FrCulsqF,eaNsVWDR,5465.0
1030,0,CrOFTJlw,FrCulsqF,249.0
253,0,DhBIcFJB,tBPmVbcK,9.0
1030,0,FdBCLyPI,DHkaGHFf,51.0
1030,0,CrOFTJlw,FdBCLyPI,47.0
401,0,FrKNovDQ,zjOknQHK,4.0
401,0,riNnsYaQ,FrKNovDQ,4.0
245,0,NAwFzVQz,RuqLEiFp,123.0
245,0,DhBIcFJB,NAwFzVQz,24.0
245,0,RuqLEiFp,phodyDNv,7.0
1083,0,eaNsVWDR,Nzhgxdpc,229.0
247,0,PslqBzpy,hfZqYEAo,1.0
245,0,mmqTHjuO,UCTWITih,1.0
245,0,XnPpfSyF,mmqTHjuO,1.0
1106,0,ysYPVGOc,NxZLWDKg,2.0
1106,0,GgxxeDsY,ysYPVGOc,2.0
1106,0,OIDfcbwB,GgxxeDsY,2.0
1106,0,PCRBVfUw,OIDfcbwB,2.0
1106,0,FdBCLyPI,jnDfAorM,651.0
1106,0,CrOFTJlw,FdBCLyPI,2.0
1030,0,fRZGgvoY,oXipkDtF,189.0
1030,0,bAUDGUNb,fRZGgvoY,189.0
1030,0,VYHZxBYO,bAUDGUNb,189.0
1030,0,FrCulsqF,VYHZxBYO,114.0
1030,0,vDTAjOOR,yQmtaWgt,29.0
1030,0,vDTAjOOR,uuLXjUrY,177.0
245,0,CrOFTJlw,SZGwgIRz,153.0
1106,0,spVkBMtX,gnmwaIOJ,3.0
1030,0,CrOFTJlw,ajteUQkz,51.0
1198,0,odfRkvUj,LpjIkIID,306.0
1198,0,sCNvhPqY,odfRkvUj,306.0
1198,0,IjFZQfFh,sCNvhPqY,306.0
1198,0,TYAIdqeQ,IjFZQfFh,306.0
1198,0,Zysthhei,TYAIdqeQ,306.0
1198,0,oEaRMYXq,Zysthhei,306.0
401,0,adPAcDLJ,RyPegcUV,18.0
867,0,uhArLFHO,cBsLzvxc,18.0
867,0,qZeFqHEu,uhArLFHO,25.0
867,0,cBsLzvxc,qflzswAf,14.0
868,0,GyLDNPGc,nfCzcTzh,4.0
868,0,qORtFjQM,GyLDNPGc,4.0
868,0,OZmcxPEb,qORtFjQM,4.0
868,0,qgVdByqj,OZmcxPEb,4.0
868,0,jQlVbeqW,qgVdByqj,4.0
264,0,VCQdmIoF,ArHpJhVJ,6.0
751,0,jlZHvhwS,vPrJwoLq,39.0
108,0,IxqYybMf,UsVsFgoS,1.0
108,0,ZZxaTLmM,IxqYybMf,1.0
108,0,lgdUBlCD,ZZxaTLmM,1.0
108,0,jlZHvhwS,lgdUBlCD,1.0
1180,0,lyEmHaNr,GJEXlFdt,23.0
751,0,AjvyZYOZ,lyEmHaNr,9.0
401,0,LYitljhu,gyedwqXM,61.0
401,0,ALhaazBT,LYitljhu,61.0
736,0,EAwJtHSB,vyojaKRU,977.0
47,0,AoRkaUmb,VCQdmIoF,23.0
1419,0,qrzeRBPC,yfIoPTHo,18.0
1512,0,ejMjPdTH,ntDOQspU,5.0
1435,0,hpACGGyB,fzSWURzx,55.0
1435,0,xzbhGFLT,eaNsVWDR,45.0
1226,0,ffHVhHJj,qeXIqBgp,72.0
1226,0,UGBWqSzR,ffHVhHJj,87.0
1226,0,vyojaKRU,XbgiSLmy,10.0
1272,0,OpgRCgWV,GYfZYaJh,3.0
1272,0,vDFCntfg,OpgRCgWV,3.0
1272,0,vyojaKRU,vDFCntfg,3.0
1263,0,zgCGmKZn,aYSqaQmJ,39.0
1221,0,FYgdoWMK,bjEpkupt,64.0
1221,0,hpACGGyB,FYgdoWMK,64.0
1398,0,LbKosGpD,zjSAMvDn,17.0
736,0,EAwJtHSB,HccMzLPZ,11.0
1083,0,vyojaKRU,krjqWYyL,2.0
1083,0,EAwJtHSB,vyojaKRU,2.0
931,0,DetNfbBu,qeXIqBgp,291.0
931,0,KENvRSom,DetNfbBu,470.0
931,0,ZMwphzOX,KENvRSom,470.0
931,0,ePAEtpYE,ZMwphzOX,470.0
931,0,YnixWiwg,ePAEtpYE,470.0
931,0,BlXLXEoe,YnixWiwg,470.0
931,0,QsFYEMLP,BlXLXEoe,470.0
932,0,PpqbXLrX,ojqTFFWy,1415.0
932,0,dikxlocD,PpqbXLrX,1480.0
932,0,FZfLSowG,dikxlocD,1480.0
932,0,ojqTFFWy,sjfoFmFj,211.0
401,0,yYShGLTs,KjiBWoqR,82.0
616,0,NQaaFyOm,yhXmuUeN,75.0
1221,0,eaNsVWDR,gxlaiARP,1.0
1085,0,eJIFTpTd,XpaxRhYo,183.0
1083,0,KCAssTym,qmRscxuH,4.0
1083,0,VYHZxBYO,FdzHSswJ,49.0
1083,0,jgCiOeaN,unXfmkmI,611.0
1083,0,TikfrWrm,jgCiOeaN,524.0
401,0,zjOknQHK,qWvzRbGV,186.0
1649,0,TCeiTEZh,zjOknQHK,1648.0
931,0,vcQVCkqQ,QsFYEMLP,163.0
401,0,MEUYJwAC,IUBOlCKA,5.0
1085,0,qYsYtTjJ,XpaxRhYo,1030.0
1198,0,FyAVeoLb,oEaRMYXq,266.0
1066,0,VxCMIjeX,fxsyxfZK,304.0
1178,0,apOzgzFy,VCQdmIoF,14.0
1178,0,VCQdmIoF,aCcokpIU,10.0
1568,0,vxTQjZcJ,CSzsuVOH,97.0
1568,0,TEKQTTfp,YzXnYVPd,20.0
1568,0,ciAbSxQX,TEKQTTfp,20.0
1568,0,UgzfanVk,SDEQaVyD,18.0
401,0,yYShGLTs,bfKiOFsS,4.0
401,0,PrbXVSIs,knSDhEIY,1.0
1173,0,ZtKBYERA,QESMqsTJ,454.0
1173,0,BtOUMROM,ZtKBYERA,454.0
1173,0,cwRIXHps,BtOUMROM,454.0
1173,0,jFhGTpOu,cwRIXHps,454.0
1173,0,btKesaAl,jFhGTpOu,454.0
1173,0,UTtjkhMN,btKesaAl,454.0
1173,0,GbOoEgJY,UTtjkhMN,454.0
1173,0,KvUqhblU,GbOoEgJY,454.0
1173,0,VMlGrjvU,KvUqhblU,450.0
1173,0,WlXbaBoJ,VMlGrjvU,450.0
1300,0,puwcRgFs,XiXLaJEL,37.0
1030,0,hBSPMzNd,wfyTeotc,514.0
1030,0,DHkaGHFf,hBSPMzNd,114.0
1085,0,puwcRgFs,VWKzFLMH,8.0
1530,0,fiwqiJeH,UgzfanVk,149.0
1530,0,JaCojcPE,fiwqiJeH,149.0
1530,0,vxTQjZcJ,JaCojcPE,149.0
1530,0,FfdGxPiD,vxTQjZcJ,181.0
1530,0,nGUGLxPd,FfdGxPiD,181.0
1530,0,hZwGajtf,nGUGLxPd,181.0
1530,0,zuhYkREh,hZwGajtf,181.0
1530,0,kVeKzKrW,zuhYkREh,245.0
235,0,VjdckTjW,GnsXgGJX,85.0
1530,0,OMhVSsxv,SDEQaVyD,35.0
1530,0,UgzfanVk,OMhVSsxv,35.0
401,0,zjOknQHK,IUBOlCKA,66.0
867,0,sICvpcEb,qZeFqHEu,5.0
867,0,XwJbeVId,sICvpcEb,5.0
867,0,BuUVquxB,XwJbeVId,5.0
867,0,eLEJvIlJ,BuUVquxB,5.0
867,0,suvDbtPR,eLEJvIlJ,5.0
867,0,clVXMHJf,suvDbtPR,5.0
867,0,UXEWVZzP,clVXMHJf,5.0
1649,0,zjOknQHK,CRVKBFrv,16.0
401,0,zjOknQHK,CRVKBFrv,126.0
1076,0,ZOuLYtJj,ZYiWVpjK,9.0
1198,0,JoqesOWP,FyAVeoLb,192.0
1198,0,ATKbycui,JoqesOWP,192.0
253,0,jdMuVkrY,lQIpGOTn,14.0
253,0,SPorkGXj,CEZTRnUo,1253.0
253,0,qflzswAf,WIZPpGvl,9.0
1180,0,VMzKgUSR,KcvPUxQg,2.0
1180,0,siPRjksc,BJDTCJYP,2.0
1176,0,pKwZMigm,JJzKKoaf,14.0
1398,0,kiTgZeoH,KGIBfEut,69.0
1030,0,VpHOqNar,SUVVzOYC,314.0
1030,0,DDlHEQCa,spVkBMtX,107.0
1030,0,rljVoTvk,DDlHEQCa,107.0
1030,0,VpHOqNar,rljVoTvk,1245.0
1076,0,zPQeyVVD,momDhuqe,3.0
1076,0,suvDbtPR,CRVKBFrv,46.0
401,0,kgNzHUbI,eGbCulMV,159.0
1019,0,BmQLYaPd,TIlepZYr,35.0
1019,0,UvdLYolu,BmQLYaPd,35.0
1019,0,ZFKsyBay,UvdLYolu,22.0
1019,0,suvDbtPR,ZFKsyBay,12.0
1022,0,UvdLYolu,TIlepZYr,23.0
1022,0,ZFKsyBay,UvdLYolu,23.0
1022,0,suvDbtPR,ZFKsyBay,14.0
245,0,tBPmVbcK,qflzswAf,394.0
245,0,RuqLEiFp,tBPmVbcK,539.0
245,0,qflzswAf,WIZPpGvl,18.0
401,0,FrKNovDQ,VkUBejwv,44.0
401,0,bfKiOFsS,FrKNovDQ,40.0
1076,0,yfISbYOh,wRYiQgEn,2.0
1066,0,BOULhmAk,VxCMIjeX,304.0
1066,0,qhfHNtOQ,BOULhmAk,304.0
1198,0,VXqnYnlT,ATKbycui,2.0
253,0,ZqOseExI,funWfCdm,81.0
16,0,qDNcQeuw,Ngsxsfae,197.0
16,0,DpfRSiIE,qDNcQeuw,197.0
16,0,XsvFZXJo,DpfRSiIE,197.0
16,0,yzzIynLu,DhBIcFJB,132.0
16,0,Ngsxsfae,yzzIynLu,132.0
1128,0,gcvwQKzE,phodyDNv,67.0
1128,0,RuqLEiFp,gcvwQKzE,67.0
1128,0,NAwFzVQz,RuqLEiFp,1.0
1128,0,jEliwrSM,NAwFzVQz,1.0
1128,0,XsvFZXJo,jEliwrSM,1.0
1124,0,phodyDNv,slwzdYAd,34.0
1124,0,RuqLEiFp,phodyDNv,37.0
1124,0,NAwFzVQz,RuqLEiFp,12.0
1124,0,jEliwrSM,NAwFzVQz,12.0
1124,0,OUlPxErG,jEliwrSM,12.0
1669,0,gcvwQKzE,phodyDNv,20.0
1669,0,RuqLEiFp,gcvwQKzE,20.0
1669,0,jEliwrSM,RuqLEiFp,2.0
1669,0,OUlPxErG,jEliwrSM,2.0
1030,0,hhgkeGsa,CrOFTJlw,652.0
1030,0,gxidCspv,hhgkeGsa,652.0
321,0,nPkrzCty,HGjkimBc,4.0
1030,0,kiTgZeoH,KGIBfEut,9.0
932,0,OoTDKQHC,MmmkWPfy,17.0
932,0,fbatEtfg,OoTDKQHC,17.0
932,0,zAjDuGWM,fbatEtfg,17.0
932,0,JojiQTkQ,zAjDuGWM,17.0
932,0,qABWMceE,JojiQTkQ,17.0
932,0,EzyVKgOu,qABWMceE,17.0
932,0,fzkszzUr,EzyVKgOu,17.0
932,0,hpTqguAr,fzkszzUr,17.0
932,0,EaEcGMLT,hpTqguAr,17.0
932,0,PRsEBWMd,EaEcGMLT,17.0
932,0,XSKxqPZm,PRsEBWMd,17.0
932,0,NkxXRBvj,XSKxqPZm,17.0
1030,0,gxidCspv,LObiCWKO,276.0
1030,0,gNJqbiHM,VYHZxBYO,263.0
1030,0,gxidCspv,rljVoTvk,3.0
845,0,rljVoTvk,ekoOPpVq,7.0
845,0,gxidCspv,rljVoTvk,7.0
401,0,QuhVipGo,yYShGLTs,257.0
1398,0,aunBMooM,cwgbfpqq,136.0
401,0,bfKiOFsS,PRzaSxQc,13.0
1453,0,BxmxkKGC,RfEbENxd,335.0
1453,0,jQaLNViL,XJRnAJHc,85.0
1453,0,RfEbENxd,jQaLNViL,150.0
1435,0,wHHoYczm,WynPMslR,1013.0
1435,0,SVPLEqNI,wHHoYczm,1683.0
798,0,ECXJHxuC,GbYxEXTt,41.0
798,0,LhQSpAzy,HajxumVd,667.0
798,0,BxmxkKGC,LhQSpAzy,671.0
561,0,dLtneiKf,iYTiOTOT,71.0
561,0,slfxTuih,dLtneiKf,71.0
762,0,OZlUZuJc,ljNlRbnZ,12.0
762,0,BxmxkKGC,COEDLowM,12.0
762,0,JKUqFAhf,tkWZZFES,18.0
108,0,qzuHypgA,RVGhYAxc,73.0
1170,0,PNniCxAw,ogOCBKAf,137.0
1170,0,aZaGhhAB,PNniCxAw,137.0
1170,0,CVcknAiw,aZaGhhAB,137.0
1170,0,uGkwFELU,CVcknAiw,137.0
1170,0,LpjIkIID,uGkwFELU,137.0
1170,0,odfRkvUj,LpjIkIID,139.0
1170,0,sCNvhPqY,odfRkvUj,139.0
1170,0,IjFZQfFh,sCNvhPqY,139.0
1170,0,TYAIdqeQ,IjFZQfFh,139.0
1170,0,Zysthhei,TYAIdqeQ,139.0
1170,0,oEaRMYXq,Zysthhei,139.0
1170,0,FyAVeoLb,oEaRMYXq,139.0
1170,0,VjSiMBzK,FyAVeoLb,139.0
1170,0,JoqesOWP,VjSiMBzK,139.0
1170,0,ATKbycui,JoqesOWP,139.0
1170,0,VXqnYnlT,ATKbycui,139.0
1170,0,MYMMmWkN,VXqnYnlT,139.0
1170,0,tUdYLqkf,MYMMmWkN,139.0
616,0,ozAxYCwR,FDCDnriY,5.0
155,0,ogOCBKAf,YJykDsrc,7.0
155,0,PNniCxAw,ogOCBKAf,26.0
155,0,aZaGhhAB,PNniCxAw,47.0
155,0,CVcknAiw,aZaGhhAB,47.0
155,0,uGkwFELU,CVcknAiw,47.0
155,0,IzKulrBJ,uGkwFELU,47.0
155,0,TCQmGnBb,IzKulrBJ,47.0
155,0,JJzKKoaf,TCQmGnBb,47.0
155,0,QESMqsTJ,JJzKKoaf,62.0
155,0,ZtKBYERA,QESMqsTJ,94.0
155,0,BtOUMROM,ZtKBYERA,94.0
155,0,cwRIXHps,BtOUMROM,94.0
155,0,jFhGTpOu,cwRIXHps,94.0
155,0,btKesaAl,jFhGTpOu,94.0
155,0,UTtjkhMN,btKesaAl,94.0
155,0,BjxLEaiN,UTtjkhMN,94.0
155,0,joGrBgeB,BjxLEaiN,94.0
155,0,lczxXDao,joGrBgeB,96.0
751,0,IMzgpfjO,xfbmoJHP,316.0
751,0,AmGPOhem,IMzgpfjO,318.0
108,0,pbsOcZdr,BpAiVnps,108.0
108,0,eIGUaObZ,pbsOcZdr,133.0
108,0,EvlCTWAM,eIGUaObZ,133.0
108,0,BjpwENcr,EvlCTWAM,133.0
108,0,PYFpJmOq,BjpwENcr,33.0
108,0,sWjnuVdS,PYFpJmOq,20.0
108,0,UsVsFgoS,sWjnuVdS,20.0
108,0,LroBKvWh,AjvyZYOZ,2.0
108,0,BsiptQCD,LroBKvWh,2.0
108,0,IMzgpfjO,BsiptQCD,2.0
108,0,AmGPOhem,IMzgpfjO,2.0
751,0,kOVxiGFe,qUWcqGRU,88.0
751,0,PAsYxpUt,kOVxiGFe,85.0
751,0,ILhwWAuu,PAsYxpUt,3.0
751,0,MtbBZIqI,ILhwWAuu,3.0
751,0,BDmybVdG,MtbBZIqI,16.0
751,0,pbsOcZdr,BDmybVdG,8.0
751,0,eIGUaObZ,pbsOcZdr,8.0
751,0,EvlCTWAM,eIGUaObZ,8.0
751,0,BjpwENcr,EvlCTWAM,8.0
751,0,BDmybVdG,WKiVoaSt,5.0
1072,0,tWpVdCtj,ogOCBKAf,25.0
1072,0,EdJUuxct,tWpVdCtj,52.0
1072,0,ZYiWVpjK,EdJUuxct,31.0
1076,0,ZYiWVpjK,dZoxKDmD,31.0
616,0,EdJUuxct,rqBqDfoZ,6.0
1030,0,eLmJkuZC,kiTgZeoH,1.0
1030,0,PyGiRErs,eLmJkuZC,1.0
1076,0,lnzZDlDL,VfuMcuJJ,266.0
1019,0,mxJvcQxS,PdLgkxcT,214.0
1019,0,tSdKaLnH,mxJvcQxS,214.0
1019,0,HoEIDywv,tSdKaLnH,214.0
1019,0,bLNlBUaT,HoEIDywv,90.0
401,0,TqATzVvV,VkUBejwv,40.0
401,0,ngNzeSzC,cXqKNsgk,36.0
401,0,CRVKBFrv,eGbCulMV,22.0
727,0,bsQVAuyn,pygvGZaF,10.0
1076,0,NxijJQZJ,WyfCQhSW,2.0
1168,0,iqwUvhKg,isqWGISG,1.0
1167,0,PNniCxAw,ogOCBKAf,26.0
1167,0,aZaGhhAB,PNniCxAw,26.0
1167,0,CVcknAiw,aZaGhhAB,26.0
1167,0,uGkwFELU,CVcknAiw,26.0
1167,0,LpjIkIID,uGkwFELU,26.0
1167,0,odfRkvUj,LpjIkIID,26.0
1167,0,sCNvhPqY,odfRkvUj,26.0
1167,0,IjFZQfFh,sCNvhPqY,26.0
1167,0,TYAIdqeQ,IjFZQfFh,26.0
1167,0,Zysthhei,TYAIdqeQ,26.0
1167,0,oEaRMYXq,Zysthhei,26.0
1167,0,FyAVeoLb,oEaRMYXq,26.0
1167,0,VjSiMBzK,FyAVeoLb,26.0
1167,0,JoqesOWP,VjSiMBzK,26.0
1167,0,ZaTxFLgk,JoqesOWP,26.0
1167,0,idOCTaDY,ZaTxFLgk,26.0
1085,0,ljAdwZQx,puwcRgFs,9400.0
1085,0,XojRXAAa,FYojKDQC,25582.0
1083,0,yAsGVYQM,FrCulsqF,8914.0
1366,0,jobllKUJ,pqZYMbGr,2654.0
1085,0,XojRXAAa,bTSeOnqx,4079.0
1085,0,XojRXAAa,KlSqKJQr,1965.0
1366,0,wBoWGskO,qKeCDDXI,63.0
1085,0,YfaruHLV,wBoWGskO,63.0
1366,0,nvXuJriv,mnkgCFDT,444.0
1085,0,YfaruHLV,nvXuJriv,1080.0
77,0,lndqhzzh,DKTMYVhM,20.0
1366,0,ljAdwZQx,HcPkwFHM,223.0
1083,0,KCAssTym,vyojaKRU,753.0
1083,0,jobllKUJ,AtxuoNjw,769.0
1083,0,FrCulsqF,VYHZxBYO,675.0
1419,0,eaNsVWDR,HLAPntjh,946.0
952,0,nAqhCgXt,gzTQJVMW,1487.0
1435,0,wHHoYczm,wbJSAzcX,70.0
561,0,XFPAZveS,slfxTuih,15.0
1263,0,MlqbsUKu,jFRqfnFl,38.0
1226,0,siiqKFuN,JLvNOQnl,129.0
1226,0,puwcRgFs,siiqKFuN,129.0
932,0,cOTHHVzh,woHRqfeu,116.0
736,0,rBGGtpqI,ZEJEKYue,3.0
1512,0,puwcRgFs,NxbXiMUL,74.0
1366,0,JGCJnIWw,jIerKxIb,370.0
1366,0,honleovC,IubGYoNi,619.0
1178,0,eiOwifcC,IMTItMKU,183.0
357,0,lEwLedpG,rJovpGIG,128.0
1030,0,FrCulsqF,FdBCLyPI,1201.0
47,0,cNWTidvb,izUAPpdi,4.0
1226,0,FGqBFXAc,NmRushck,355.0
1226,0,FGqBFXAc,qzYXXYmc,1011.0
401,0,PRzaSxQc,zjOknQHK,251.0
762,0,UVDfwOgc,rxrORjnb,68.0
762,0,TJDsQDoO,UVDfwOgc,68.0
1085,0,KlSqKJQr,AoIEptMM,65.0
1407,0,YxAufxIm,saptMzFY,5.0
1407,0,UFFAxqtN,YxAufxIm,5.0
1407,0,cOTHHVzh,UFFAxqtN,5.0
1085,0,MMTihhSZ,EllpaOUu,119.0
1037,0,XojRXAAa,puwcRgFs,93.0
1172,0,PNniCxAw,ogOCBKAf,115.0
1172,0,aZaGhhAB,PNniCxAw,135.0
1172,0,CVcknAiw,aZaGhhAB,135.0
1172,0,uGkwFELU,CVcknAiw,135.0
1172,0,TCQmGnBb,uGkwFELU,135.0
1172,0,JJzKKoaf,TCQmGnBb,135.0
1172,0,QESMqsTJ,JJzKKoaf,154.0
1172,0,ZtKBYERA,QESMqsTJ,210.0
1172,0,ZzGQqLDR,ZtKBYERA,210.0
1172,0,cwRIXHps,ZzGQqLDR,210.0
1172,0,jFhGTpOu,cwRIXHps,210.0
1172,0,btKesaAl,jFhGTpOu,210.0
1172,0,UTtjkhMN,btKesaAl,210.0
1172,0,BjxLEaiN,UTtjkhMN,210.0
1172,0,joGrBgeB,BjxLEaiN,210.0
1172,0,dkKDnHnJ,joGrBgeB,213.0
1408,0,mZFKHZkN,ejMjPdTH,261.0
1398,0,mZFKHZkN,BYsSDXCP,497.0
1398,0,dXLcEwOQ,mZFKHZkN,411.0
1398,0,YmkUpvHU,LPfgjVyT,56.0
1398,0,FwybjYQK,YmkUpvHU,11.0
1085,0,MMTihhSZ,KlSqKJQr,167.0
1398,0,kVzIlbFD,WhHfbZWj,9.0
1030,0,WhdKokFf,PyGiRErs,3.0
1030,0,yQmtaWgt,WhdKokFf,3.0
1398,0,fkcnfYxM,dXLcEwOQ,3.0
1030,0,ekoOPpVq,VYHZxBYO,1314.0
1030,0,XmmyKsTm,PyGiRErs,58.0
1030,0,fDeHEcoN,XmmyKsTm,65.0
1030,0,SLBRjSUI,fDeHEcoN,65.0
1030,0,ekoOPpVq,SLBRjSUI,65.0
1029,0,thNcyzdj,KQaXxZDT,1.0
1029,0,gWHAQwVu,thNcyzdj,1.0
1398,0,hasgHIpb,mZFKHZkN,2.0
1398,0,zttQgzJF,WtPVEKaC,56.0
235,0,ozuppJDT,GnsXgGJX,115.0
245,0,wmQoUVus,xGsoSfhX,82.0
245,0,RuqLEiFp,wmQoUVus,82.0
245,0,YULSfngF,UUCrlfWg,6.0
253,0,Ngsxsfae,DhBIcFJB,22.0
253,0,DpfRSiIE,Ngsxsfae,22.0
253,0,XsvFZXJo,DpfRSiIE,22.0
253,0,dJdTBATy,XsvFZXJo,59.0
253,0,RHzXTuOU,dJdTBATy,59.0
1128,0,CNyHgccZ,fJuPdFXq,65.0
1128,0,zSTvyVov,CNyHgccZ,65.0
1128,0,ixyllwBo,zSTvyVov,65.0
1128,0,vUtsOMRz,ixyllwBo,65.0
1128,0,mAuYaRAP,vUtsOMRz,65.0
1128,0,GauoQJWJ,mAuYaRAP,65.0
1128,0,zjuuJEOg,GauoQJWJ,65.0
1128,0,TIygQLDW,zjuuJEOg,65.0
1128,0,QkOFoFkV,TIygQLDW,65.0
1128,0,wmKJhgsh,QkOFoFkV,65.0
1128,0,IpOsGrUQ,wmKJhgsh,66.0
1128,0,exRzHfND,IpOsGrUQ,66.0
1128,0,bIhgcGjB,exRzHfND,66.0
1128,0,dMpYNFzw,bIhgcGjB,66.0
1128,0,phodyDNv,dMpYNFzw,66.0
1124,0,exRzHfND,KyrNRMTR,21.0
1124,0,slwzdYAd,exRzHfND,21.0
1124,0,nCgrSQNi,HnEviCBr,115.0
1124,0,KyrNRMTR,nCgrSQNi,115.0
1532,0,AUmOMGnp,YqlTLIQa,8.0
1512,0,cPCRxZjy,LPfgjVyT,1.0
1512,0,AUmOMGnp,EKYbCcms,19.0
1435,0,AUmOMGnp,gGkadTNm,1.0
1435,0,SEVBrkvc,HOwZAROe,11.0
1435,0,WRVBvtIE,aWeSqqrV,3.0
1435,0,HOwZAROe,WRVBvtIE,3.0
736,0,AUmOMGnp,EIHKZlEa,66.0
1263,0,AUmOMGnp,MlqbsUKu,4.0
1221,0,CLqSCDPt,qflzswAf,41.0
1172,0,TztxJAVO,dkKDnHnJ,138.0
1172,0,xtcBaTeK,TztxJAVO,138.0
1030,0,CHKZpApa,ekoOPpVq,7.0
1030,0,YvLuczKe,CHKZpApa,9.0
1076,0,TeSdyMFH,hPGLMLbU,6.0
1340,0,ogOCBKAf,tDDddUJb,94.0
1206,0,IkeqCtDY,HaEOaLMB,17.0
1206,0,wpHpdxFs,IkeqCtDY,17.0
1206,0,QHulIYnO,wpHpdxFs,17.0
1206,0,sKtQEUzZ,QHulIYnO,17.0
1206,0,QYkjMXrW,sKtQEUzZ,17.0
1212,0,QYkjMXrW,sKtQEUzZ,15.0
1212,0,mxGSpCzE,QYkjMXrW,14.0
1076,0,hPGLMLbU,XQBvMmKm,1.0
1532,0,ALhaazBT,WvPJYXMk,1041.0
1407,0,lWiTdhQk,vhHLNRbD,3.0
1106,0,rljVoTvk,ocwJSpah,21.0
245,0,wdwKrYEW,SZGwgIRz,6.0
245,0,JKvsAaVu,wdwKrYEW,6.0
245,0,PyGiRErs,JKvsAaVu,2.0
1076,0,HaEOaLMB,fikrodNW,47.0
1076,0,wpHpdxFs,HaEOaLMB,42.0
1072,0,hPGLMLbU,XiRzIewe,15.0
1072,0,gmiMCrrb,EdJUuxct,34.0
1072,0,DzkWADkh,gmiMCrrb,57.0
1072,0,XQBvMmKm,DzkWADkh,325.0
1076,0,XQBvMmKm,SGnJOquj,992.0
1076,0,dZoxKDmD,FoxIDeQY,107.0
1076,0,ZOuLYtJj,dZoxKDmD,138.0
1076,0,SGnJOquj,ZOuLYtJj,107.0
1206,0,WlZgmutc,QYkjMXrW,14.0
1206,0,acVCzwtl,WlZgmutc,14.0
1206,0,TIlepZYr,acVCzwtl,14.0
1212,0,WlZgmutc,mxGSpCzE,12.0
1212,0,acVCzwtl,WlZgmutc,12.0
1212,0,TIlepZYr,acVCzwtl,12.0
1037,0,XpaxRhYo,nAqhCgXt,49.0
1037,0,qYsYtTjJ,XpaxRhYo,19.0
401,0,WyfCQhSW,WzJZybAt,19.0
750,0,GrxyFhrL,rDRMBgEM,2.0
1076,0,rYcBAOGh,Hjpeultj,122.0
1076,0,acVCzwtl,ogOCBKAf,5373.0
1076,0,TIlepZYr,acVCzwtl,5373.0
245,0,phodyDNv,qflzswAf,169.0
1128,0,dJdTBATy,XsvFZXJo,7.0
1128,0,PzVFlDkT,dJdTBATy,7.0
1128,0,RHzXTuOU,PzVFlDkT,7.0
1128,0,BoavYDPS,RHzXTuOU,24.0
1128,0,yLXUQkCh,BoavYDPS,24.0
751,0,dfrJZjmW,NjRgIRup,1.0
751,0,ZZxaTLmM,dfrJZjmW,1.0
751,0,BsiptQCD,GIlSPhwi,1.0
751,0,OHOnJQtA,AmGPOhem,148.0
751,0,VwYVTziR,OHOnJQtA,148.0
751,0,MQGhRgQS,VwYVTziR,137.0
108,0,OHOnJQtA,AmGPOhem,15.0
108,0,VwYVTziR,OHOnJQtA,15.0
108,0,pbsOcZdr,oQxUwlRM,69.0
1076,0,vHItlPPU,TbetMXoD,2.0
1472,0,gyQqEnFq,QjBtnCad,6.0
401,0,gyedwqXM,BJDTCJYP,34.0
227,0,QgwCgjAi,nDzrviXX,3.0
245,0,slwzdYAd,WIZPpGvl,143.0
245,0,crCLDvLL,UUCrlfWg,29.0
245,0,slwzdYAd,crCLDvLL,29.0
1180,0,kFSxtGUW,YpVxAvQG,3.0
1128,0,KpBBeKJM,yLXUQkCh,19.0
1172,0,cKQpuLql,xtcBaTeK,132.0
845,0,QrnyweDt,gWHAQwVu,280.0
845,0,KTKGWmNj,QrnyweDt,280.0
845,0,thNcyzdj,KQaXxZDT,5.0
845,0,gWHAQwVu,thNcyzdj,5.0
1512,0,qPtpgxic,YmkUpvHU,1084.0
1512,0,cNuIRYrx,OrbXRiVv,4.0
419,0,cNypyxpr,cTQVugNT,7.0
1512,0,qPtpgxic,QDIpIlEK,117.0
1435,0,ezYUwAMR,TvsHOuao,21.0
736,0,TkHOmLHQ,cCtcUCYS,5.0
47,0,qPtpgxic,izUAPpdi,1.0
47,0,ePrpofUw,rckblBTM,29.0
1272,0,BZCtSmhk,ywuGpANM,35.0
1272,0,qPtpgxic,BZCtSmhk,35.0
1263,0,ojqTFFWy,zjKsBdNQ,103.0
1083,0,IbLBdCXD,puwcRgFs,1.0
1083,0,vyojaKRU,IbLBdCXD,1.0
1083,0,Nzhgxdpc,CKorGRkE,158.0
1623,0,oXQrzcje,GYenbKMg,46.0
1568,0,UgzfanVk,oXQrzcje,46.0
1083,0,ZmIcXqCD,puwcRgFs,201.0
1083,0,CKorGRkE,ZmIcXqCD,65.0
1085,0,XpaxRhYo,PkIPVRtB,22.0
1083,0,cGObbHGv,ZUUFaTkv,8.0
1083,0,WzJZybAt,cGObbHGv,9.0
1083,0,wBZvskGC,WzJZybAt,8.0
1096,0,WzJZybAt,KbKyxild,76.0
1096,0,wBZvskGC,WzJZybAt,40.0
401,0,FoxIDeQY,hlYcHDiv,21.0
401,0,ogOCBKAf,eiOwifcC,2.0
1076,0,fikrodNW,TgAaXvqD,15.0
1076,0,zWZbZUaa,NxijJQZJ,3.0
401,0,WzJZybAt,ALhaazBT,8.0
1210,0,XDHbYGPc,TeSdyMFH,25.0
1210,0,qRqIHRjS,XDHbYGPc,25.0
1210,0,QFkvaGqn,qRqIHRjS,25.0
1210,0,OpqnHslm,QFkvaGqn,25.0
1210,0,NxijJQZJ,OpqnHslm,25.0
1210,0,dpFXbFTh,NxijJQZJ,30.0
1210,0,hPGLMLbU,XQBvMmKm,20.0
1210,0,RIVMQHVF,hPGLMLbU,20.0
1210,0,TeSdyMFH,RIVMQHVF,21.0
1030,0,uuLXjUrY,mZFKHZkN,21.0
1030,0,NsShbegC,uGbUWjny,7.0
1030,0,NrUUQlkk,KCAssTym,644.0
1030,0,wfyTeotc,NrUUQlkk,644.0
1083,0,ZmIcXqCD,ejMjPdTH,87.0
1083,0,cKlxsEIa,ZmIcXqCD,51.0
1083,0,KCAssTym,cKlxsEIa,51.0
1030,0,spVkBMtX,JALpXpKc,2.0
1030,0,uGbUWjny,spVkBMtX,2.0
1030,0,gxidCspv,SUVVzOYC,1.0
1030,0,wfyTeotc,gxidCspv,1.0
1030,0,KCAssTym,FrCulsqF,21.0
1066,0,TQJSOMwc,qhfHNtOQ,244.0
245,0,exRzHfND,MnTeelLR,9.0
1128,0,UgnVLYPx,KpBBeKJM,21.0
1128,0,qgzMfcCH,UgnVLYPx,21.0
1128,0,CSwPNDqz,qgzMfcCH,21.0
1128,0,zIFSdUXT,CSwPNDqz,21.0
1085,0,PYaiedjY,zZZsLLct,730.0
1085,0,njohAsHY,ojqTFFWy,1564.0
1085,0,PYaiedjY,njohAsHY,814.0
1083,0,NkYJOxxA,ZmIcXqCD,136.0
1083,0,Phtvjmoj,NkYJOxxA,137.0
1083,0,RabBrvbh,VYHZxBYO,1.0
1083,0,YkxcSjQG,RabBrvbh,1.0
1083,0,NkYJOxxA,YkxcSjQG,1.0
1085,0,AoIEptMM,WneZtuRq,70.0
1030,0,yQmtaWgt,spVkBMtX,1.0
1037,0,njohAsHY,XAYpuJXt,42.0
1020,0,dtLFJEWb,XQBvMmKm,2900.0
1020,0,bCrrhAWe,dtLFJEWb,2926.0
1020,0,UcqSoUUq,bCrrhAWe,2539.0
1020,0,bDoBjPVm,UcqSoUUq,2539.0
1532,0,gGkadTNm,RyPegcUV,12.0
1435,0,YqlTLIQa,ALhaazBT,2.0
1435,0,gGkadTNm,YqlTLIQa,2.0
780,0,EWoqQawU,LTfflVxG,11.0
762,0,vkArqzKY,llFTEWtD,4.0
780,0,vkArqzKY,qPtpgxic,25.0
780,0,vkArqzKY,DgYBMgPg,14.0
780,0,tnRCfdJr,mRKfPREJ,1.0
736,0,EIHKZlEa,oYdkYEMp,19.0
601,0,eKMWhxRF,lqMPnIra,2.0
187,0,BZCtSmhk,KCMgfriT,2.0
47,0,gGkadTNm,rckblBTM,2.0
1020,0,ZMonkEer,bDoBjPVm,2531.0
321,0,iEKuRfDT,TShNRujB,35.0
1180,0,OgnAStiZ,GkYZbgqg,198.0
321,0,mnAVlSWp,LsQRoNsL,125.0
321,0,aLvvGSoW,mnAVlSWp,125.0
321,0,nPkrzCty,aLvvGSoW,125.0
1020,0,ZYiWVpjK,nfCzcTzh,2.0
1020,0,qTvRhwtK,ZYiWVpjK,10.0
1020,0,rMamJjcH,qTvRhwtK,10.0
1020,0,XQBvMmKm,rMamJjcH,10.0
1030,0,goRcVeQH,UgzfanVk,2487.0
1030,0,rJvLUxkA,goRcVeQH,2487.0
1030,0,dYlTtQAF,rJvLUxkA,781.0
1106,0,hnvEGTpC,RjtzWJgw,87.0
1106,0,sAuLGTlR,hnvEGTpC,87.0
1030,0,rljVoTvk,YvLuczKe,57.0
1398,0,dYlTtQAF,YmkUpvHU,94.0
1398,0,BYsSDXCP,zjSAMvDn,13.0
19,0,zzxlwhdI,wssOAckJ,47.0
1106,0,ggnpPWOO,awOEKaEj,8.0
1106,0,RjtzWJgw,ggnpPWOO,10.0
1030,0,SoTLWNOq,CrOFTJlw,23.0
1030,0,aaeLLxLj,jJqyLkNG,389.0
1085,0,EzrJiyuu,PYaiedjY,86.0
1085,0,WneZtuRq,nvXuJriv,55.0
1030,0,oDVZRjmi,fnQyKclP,117.0
1030,0,aaeLLxLj,oDVZRjmi,117.0
1030,0,NMFCXTQH,yQmtaWgt,30.0
1030,0,wXyAETzh,NMFCXTQH,30.0
1030,0,GxYrbHur,wXyAETzh,30.0
1106,0,TTqWKaTM,nEsTDuVQ,2.0
1106,0,liUSqvwm,TTqWKaTM,3.0
1106,0,icUOEXSt,liUSqvwm,2.0
1106,0,ggnpPWOO,icUOEXSt,2.0
245,0,bXxqoWoM,JKvsAaVu,4.0
245,0,lyukJwbV,bXxqoWoM,4.0
245,0,zjKBXJki,JbCujTci,4.0
245,0,hEihXJEh,zjKBXJki,4.0
529,0,jCwFOmxo,lPZtleot,120.0
529,0,fVolLZWv,jCwFOmxo,15.0
529,0,UPoJKlTB,fVolLZWv,15.0
529,0,yeocHgUH,UPoJKlTB,15.0
401,0,ngNzeSzC,WzJZybAt,9.0
401,0,PHuvYJrP,wBZvskGC,20.0
401,0,WzJZybAt,ogOCBKAf,3.0
1076,0,zWZbZUaa,KjiBWoqR,67.0
108,0,DfYzlKXm,LuAURVPA,20.0
751,0,sKXIofXa,PAsYxpUt,82.0
751,0,DfYzlKXm,sKXIofXa,82.0
1095,0,VpjCLGIP,KlSqKJQr,657.0
1095,0,CHKrEoSO,VpjCLGIP,657.0
1095,0,yObWvrcA,CHKrEoSO,657.0
1095,0,YTkOXVzm,yObWvrcA,657.0
1095,0,ywNJwhFn,YTkOXVzm,477.0
1095,0,yTlhXKos,ywNJwhFn,477.0
1096,0,YVvBKwgW,QhscbmPA,367.0
1030,0,OjBZWzOO,aaeLLxLj,31.0
1092,0,IjwJTwcG,bTSeOnqx,1375.0
1092,0,ywNJwhFn,IjwJTwcG,1375.0
1092,0,yTlhXKos,ywNJwhFn,1369.0
1030,0,wfyTeotc,LObiCWKO,21.0
1030,0,QhscbmPA,yQmtaWgt,24.0
1125,0,dMpYNFzw,bIhgcGjB,1.0
1125,0,slwzdYAd,dMpYNFzw,1.0
1212,0,ChOayZDF,GwQtabhX,22.0
887,0,SdkcBhFl,CSwPNDqz,1.0
887,0,nYgtSeyB,SdkcBhFl,1.0
887,0,gcvrclRe,nYgtSeyB,1.0
887,0,YzYhtyzO,gcvrclRe,1.0
1670,0,qgzMfcCH,KpBBeKJM,57.0
1670,0,SdkcBhFl,qgzMfcCH,57.0
1670,0,nYgtSeyB,SdkcBhFl,62.0
1670,0,gcvrclRe,nYgtSeyB,62.0
1670,0,YzYhtyzO,gcvrclRe,62.0
1670,0,KpBBeKJM,yLXUQkCh,55.0
1670,0,BoavYDPS,RHzXTuOU,18.0
1670,0,yLXUQkCh,BoavYDPS,18.0
1670,0,dJdTBATy,XsvFZXJo,1.0
1670,0,RHzXTuOU,dJdTBATy,1.0
1398,0,bbltEnah,NBopaFdP,5.0
1408,0,NNAcmEYB,bbltEnah,7.0
1407,0,KuTZBRNJ,wXyAETzh,9.0
1407,0,rXoVyCYO,KuTZBRNJ,9.0
1407,0,gdHaMUeX,rXoVyCYO,9.0
1407,0,vhHLNRbD,gdHaMUeX,9.0
1030,0,rmmCKKeS,PyGiRErs,94.0
245,0,KyrNRMTR,owqgejgM,337.0
1221,0,UtzkRwuC,eaNsVWDR,5.0
1221,0,cvCJiZVm,UtzkRwuC,5.0
1221,0,MklhhYCQ,cvCJiZVm,5.0
245,0,owqgejgM,JXJZtHSD,3.0
1128,0,kyzXrTZq,zIFSdUXT,18.0
1124,0,kjmHgYUi,pTTspriv,233.0
1124,0,UHSPJyEW,kjmHgYUi,233.0
1124,0,dOTSUZHl,UHSPJyEW,233.0
1124,0,ITdbUezF,dOTSUZHl,233.0
1124,0,UCTWITih,ITdbUezF,233.0
1124,0,HnEviCBr,UCTWITih,233.0
873,0,XsvFZXJo,DpfRSiIE,91.0
873,0,dJdTBATy,XsvFZXJo,91.0
873,0,PzVFlDkT,dJdTBATy,91.0
873,0,RHzXTuOU,PzVFlDkT,91.0
873,0,ZEXMhMxR,RHzXTuOU,108.0
873,0,qDNcQeuw,Ngsxsfae,1.0
873,0,DpfRSiIE,qDNcQeuw,1.0
245,0,KQaXxZDT,CVPWCvNJ,2.0
245,0,SPorkGXj,KQaXxZDT,2.0
1085,0,YfaruHLV,AnlrdaBb,13.0
1085,0,LPSpTPgJ,YfaruHLV,138.0
1085,0,ljAdwZQx,LPSpTPgJ,138.0
1083,0,cGObbHGv,eaNsVWDR,1.0
1085,0,KlSqKJQr,VWKzFLMH,2.0
1085,0,eJIFTpTd,wBoWGskO,386.0
401,0,FrKNovDQ,PRzaSxQc,14.0
1072,0,zjOknQHK,qdrjbHYS,566.0
1072,0,ORrZduNE,CYkmgDbv,8.0
1071,0,cyLrdsLq,AlpXiRiW,48.0
1071,0,pVHZNTmW,cyLrdsLq,50.0
1071,0,qLlyWzVq,pVHZNTmW,50.0
1071,0,lGJIVvqE,qLlyWzVq,50.0
401,0,eiOwifcC,waZdIIZY,4.0
1095,0,qYsYtTjJ,XpaxRhYo,60.0
1095,0,KlSqKJQr,qYsYtTjJ,86.0
1092,0,bTSeOnqx,imyhTmbO,38.0
1030,0,vVYNiaQm,qflzswAf,409.0
14,0,xiCfcAgb,MnTeelLR,2.0
1020,0,WHGPMVcf,ZMonkEer,31.0
1020,0,ZREdtiHO,WHGPMVcf,41.0
1020,0,qwyUufRP,ZREdtiHO,41.0
245,0,jEliwrSM,NAwFzVQz,53.0
245,0,ByOODIxa,jEliwrSM,15.0
245,0,HxSbXXdZ,ByOODIxa,104.0
245,0,zlRPdbBz,HxSbXXdZ,104.0
245,0,BDmybVdG,zlRPdbBz,104.0
1019,0,bReIRTiV,CVPWCvNJ,155.0
1019,0,PdLgkxcT,bReIRTiV,155.0
1072,0,vHItlPPU,twlwLPZj,6.0
1178,0,twlwLPZj,rbVbMNcM,2.0
1076,0,vHItlPPU,eGbCulMV,10.0
1083,0,unXfmkmI,puwcRgFs,62.0
1083,0,FdzHSswJ,unXfmkmI,23.0
1085,0,imyhTmbO,eJIFTpTd,29.0
1085,0,uQlhjcGr,yCXbqkBs,401.0
1085,0,zMSEqitx,uQlhjcGr,401.0
1085,0,imyhTmbO,zMSEqitx,13.0
1085,0,EllpaOUu,ljAdwZQx,25.0
1085,0,yCXbqkBs,EllpaOUu,1.0
14,0,xYUjBvzT,SlfNpref,156.0
245,0,HnEviCBr,xYUjBvzT,170.0
245,0,mmqTHjuO,MnTeelLR,13.0
245,0,HnEviCBr,mmqTHjuO,13.0
1128,0,BOpyePJp,kyzXrTZq,129.0
1128,0,NcDEDzEB,BOpyePJp,129.0
1030,0,PCoLzpeW,vVYNiaQm,408.0
1030,0,pzSSkNJo,PCoLzpeW,408.0
1029,0,diQHouff,hEihXJEh,102.0
1029,0,kynUbZOw,diQHouff,102.0
1029,0,OCOnFIfy,kynUbZOw,102.0
1030,0,UDUmRzWP,yscklMzl,481.0
1030,0,pzSSkNJo,UDUmRzWP,481.0
1030,0,yscklMzl,QhyQakxZ,799.0
1085,0,VWKzFLMH,cudxYHxf,93.0
1083,0,nvtqczOj,ZmIcXqCD,36.0
247,0,mmqTHjuO,VjDsPPFB,3.0
247,0,qPaBcVFr,mmqTHjuO,3.0
247,0,rGzXXKgE,qPaBcVFr,4.0
247,0,MuwhurCb,rGzXXKgE,8.0
247,0,tpYpVLnP,MuwhurCb,8.0
1106,0,fslmqcXP,VbpBVdde,59.0
247,0,hfZqYEAo,tpYpVLnP,5.0
1106,0,ysYPVGOc,jFmPCmzM,1.0
736,0,XQiQvefE,TenjteTV,13.0
736,0,XLVjRryq,CKorGRkE,34.0
1072,0,hCKRONaA,KAhfQHTl,1.0
1072,0,TGKbjQzH,hCKRONaA,40.0
1072,0,RoreEsYU,TGKbjQzH,40.0
1072,0,PORiPCGC,TEpDjcLc,25.0
1072,0,ORrZduNE,PORiPCGC,66.0
924,0,QOMpmplr,rwLqimtK,4.0
1072,0,RapSzmXO,QOMpmplr,4.0
1072,0,hCKRONaA,DSVnhmbs,39.0
1096,0,WhdKokFf,KCAssTym,82.0
1096,0,QhscbmPA,WhdKokFf,82.0
736,0,bAkINhTV,ZnZTVhpc,2.0
1095,0,WIFNytoC,yTlhXKos,13.0
1095,0,PorTAzNX,WIFNytoC,13.0
1096,0,FrCulsqF,VYHZxBYO,45.0
1096,0,KCAssTym,FrCulsqF,45.0
1574,0,kZlpJvjE,jJqyLkNG,2.0
1029,0,IZqJbTkm,OCOnFIfy,1.0
1037,0,wplYsKZY,aJLjpITr,1295.0
1037,0,IkEoBHlk,wplYsKZY,925.0
1037,0,wtfdArpr,IkEoBHlk,959.0
1037,0,noxZOiRl,VTbufxnV,1102.0
1037,0,ZsmZvPrK,noxZOiRl,1102.0
1037,0,MMfKYZmE,ZsmZvPrK,1147.0
1037,0,MvGjEBBL,MMfKYZmE,1147.0
874,0,NAwFzVQz,RuqLEiFp,1.0
874,0,jEliwrSM,NAwFzVQz,1.0
874,0,XsvFZXJo,jEliwrSM,1.0
874,0,SPorkGXj,XsvFZXJo,1.0
874,0,IJbUVGLH,SPorkGXj,1.0
874,0,ZqOseExI,IJbUVGLH,1.0
874,0,FdBCLyPI,ZqOseExI,1.0
1030,0,NMFCXTQH,FdBCLyPI,8.0
1072,0,nfCzcTzh,awOEKaEj,94.0
770,0,AlpXiRiW,HNejbQWJ,58.0
1072,0,AlpXiRiW,WOuDNhbw,155.0
853,0,thxCXWVL,UrJBvWGq,43.0
853,0,AlpXiRiW,thxCXWVL,43.0
1076,0,oKUAvFAb,snhIMWCK,16.0
1076,0,sWtYImJU,oKUAvFAb,16.0
1076,0,AlpXiRiW,sWtYImJU,16.0
1076,0,erxKyHjj,WyfCQhSW,341.0
1076,0,AlpXiRiW,lnzZDlDL,8.0
1366,0,lsFGVtlq,uxsctOEt,1.0
1366,0,UfJDroVz,lsFGVtlq,1.0
1366,0,bTSeOnqx,UfJDroVz,1.0
401,0,KjiBWoqR,erxKyHjj,16.0
401,0,PRzaSxQc,gGkadTNm,15.0
1085,0,cudxYHxf,ojqTFFWy,75.0
1085,0,bTSeOnqx,mZAcIEme,41.0
1085,0,VWKzFLMH,qYsYtTjJ,177.0
1037,0,uQlhjcGr,ojqTFFWy,47.0
1037,0,KlSqKJQr,uQlhjcGr,47.0
108,0,oQxUwlRM,RVGhYAxc,54.0
751,0,bLWPtAll,oQxUwlRM,154.0
751,0,zrFdTehz,bLWPtAll,139.0
751,0,YZpWLtUD,zrFdTehz,139.0
751,0,oQxUwlRM,GrxyFhrL,100.0
751,0,LroBKvWh,AjvyZYOZ,2.0
751,0,BsiptQCD,LroBKvWh,2.0
751,0,IMzgpfjO,BsiptQCD,2.0
751,0,vHRzQkLM,MQGhRgQS,52.0
751,0,oPITKJYe,vHRzQkLM,52.0
751,0,POTYMsFk,oPITKJYe,52.0
751,0,LuAURVPA,POTYMsFk,2.0
751,0,sKXIofXa,LuAURVPA,2.0
751,0,bLWPtAll,sKXIofXa,2.0
751,0,PfGRcOsd,AEUmstNW,1.0
751,0,bLWPtAll,PfGRcOsd,1.0
1180,0,jSSkauKM,eTPMYwkC,2.0
1106,0,fslmqcXP,nrKKniYe,29.0
1106,0,VTHwomVj,uuLXjUrY,23.0
1106,0,VbpBVdde,VTHwomVj,23.0
1106,0,uuLXjUrY,spVkBMtX,22.0
1106,0,LGkMSSTO,jYzIDNQM,8.0
1106,0,yhxUltpl,JRMVrfdD,10.0
1106,0,bEntPTsf,yhxUltpl,10.0
1106,0,qIHRQZMb,bEntPTsf,10.0
1106,0,GSOqnCzV,qIHRQZMb,10.0
772,0,lzmDRtwN,AlpXiRiW,4.0
401,0,ZcOxufIN,yYShGLTs,18.0
401,0,ZcOxufIN,kgNzHUbI,36.0
477,0,vIqdsoZx,iBiVOFur,2.0
401,0,ZcOxufIN,ojqTFFWy,12.0
1408,0,yJFAEWOL,UfJzwqHV,4.0
1408,0,BJyyGCqV,yJFAEWOL,4.0
1408,0,gZsXxpWQ,BJyyGCqV,4.0
1072,0,eypuAxqa,VPnRvCbn,52.0
770,0,ZsNhjIbg,uVrlMgNx,3.0
770,0,CkiKkxJQ,ZsNhjIbg,3.0
1072,0,VPnRvCbn,PORiPCGC,3.0
1350,0,hPGLMLbU,XQBvMmKm,91.0
1350,0,RIVMQHVF,hPGLMLbU,310.0
1350,0,KnZwSPch,RIVMQHVF,310.0
1350,0,kzVeZOug,KnZwSPch,310.0
1350,0,SjbStynf,kzVeZOug,310.0
1350,0,ETbpojBo,SjbStynf,310.0
1350,0,BtOIBpGz,ETbpojBo,301.0
1350,0,zPRLnBWY,BtOIBpGz,301.0
1350,0,JPPpoTSL,zPRLnBWY,301.0
1350,0,nZBlQeCn,JPPpoTSL,301.0
1350,0,uuJJSerx,nZBlQeCn,301.0
1350,0,gQzVJRdQ,uuJJSerx,301.0
1030,0,yscklMzl,rmmCKKeS,112.0
1030,0,EiPYisOM,QhscbmPA,97.0
1030,0,yscklMzl,EiPYisOM,117.0
1030,0,rmmCKKeS,SoTLWNOq,20.0
1030,0,jhveKcoA,fnQyKclP,20.0
1029,0,wSvecpjF,IZqJbTkm,189.0
1029,0,oXipkDtF,wSvecpjF,189.0
736,0,mkpQpPSv,gzTQJVMW,3.0
736,0,YqlTLIQa,mkpQpPSv,3.0
1366,0,IubGYoNi,rlqCduIq,16.0
1085,0,riqYNvhO,bTSeOnqx,4.0
772,0,mVndxrwG,lzmDRtwN,2.0
772,0,TgetSQHU,mVndxrwG,2.0
1072,0,TbetMXoD,AKEMZMhk,32.0
1076,0,TbetMXoD,zWZbZUaa,17.0
1085,0,VYHZxBYO,qYsYtTjJ,195.0
1085,0,VYHZxBYO,eJIFTpTd,486.0
1085,0,VYHZxBYO,ljAdwZQx,463.0
1083,0,VYHZxBYO,CKorGRkE,10.0
1095,0,yQmtaWgt,KrLSLIZd,79.0
1095,0,vDTAjOOR,yQmtaWgt,79.0
1095,0,VYHZxBYO,vDTAjOOR,79.0
1106,0,wHfmVQMh,liUSqvwm,1.0
751,0,MtbBZIqI,DfYzlKXm,67.0
1019,0,CVPWCvNJ,BDmybVdG,24.0
751,0,BDmybVdG,POTYMsFk,53.0
751,0,BDmybVdG,bLWPtAll,18.0
1020,0,RRRcnUab,qwyUufRP,4.0
1020,0,elkChQHJ,RRRcnUab,4.0
1020,0,fAHeYbsJ,elkChQHJ,4.0
1020,0,YeMdKIsv,fAHeYbsJ,4.0
1020,0,JKUDRqIp,YeMdKIsv,37.0
1020,0,ixunSlAs,JKUDRqIp,37.0
1020,0,sYDsxIhh,ixunSlAs,37.0
1024,0,ATfuHlGy,ISsnXLUH,69.0
1024,0,vEvIjqMc,ATfuHlGy,69.0
1024,0,JfDYhvZz,vEvIjqMc,69.0
1024,0,NwMeBpFQ,JfDYhvZz,69.0
1024,0,hNkOvWXQ,NwMeBpFQ,69.0
1024,0,fAHeYbsJ,hNkOvWXQ,69.0
1024,0,YeMdKIsv,fAHeYbsJ,40.0
1024,0,JKUDRqIp,YeMdKIsv,40.0
1024,0,ixunSlAs,JKUDRqIp,40.0
1024,0,sYDsxIhh,ixunSlAs,40.0
1085,0,zGXQZTlC,VYHZxBYO,12.0
1085,0,OgfqNfUY,zGXQZTlC,12.0
1360,0,dtLFJEWb,XQBvMmKm,3942.0
1360,0,bCrrhAWe,dtLFJEWb,4037.0
1360,0,UcqSoUUq,bCrrhAWe,4132.0
1360,0,bDoBjPVm,UcqSoUUq,4132.0
1360,0,ZMonkEer,bDoBjPVm,4132.0
1360,0,ISsnXLUH,ZMonkEer,4266.0
1360,0,vEvIjqMc,ISsnXLUH,10.0
1360,0,rMamJjcH,qTvRhwtK,281.0
1360,0,XQBvMmKm,rMamJjcH,281.0
751,0,eViNbjWB,BDmybVdG,63.0
751,0,eViNbjWB,MtbBZIqI,54.0
245,0,yzzIynLu,DhBIcFJB,3.0
245,0,ByOODIxa,yzzIynLu,3.0
751,0,WeqAZPal,kOVxiGFe,3.0
751,0,IAqHsGfg,WeqAZPal,3.0
751,0,eViNbjWB,IAqHsGfg,3.0
1085,0,ljAdwZQx,XpaxRhYo,65.0
1085,0,ljAdwZQx,vDTAjOOR,36.0
1083,0,JGCJnIWw,EAwJtHSB,33.0
1366,0,tSXpsDyV,vfIotKLC,10.0
1366,0,IbLBdCXD,tSXpsDyV,10.0
1366,0,JGCJnIWw,IbLBdCXD,10.0
1085,0,ljAdwZQx,WneZtuRq,17.0
1037,0,ljAdwZQx,njohAsHY,38.0
751,0,oOCTcNdW,DfYzlKXm,6.0
1085,0,vCtwKmtA,hGRIMrVW,181.0
1085,0,wFiJapOA,vCtwKmtA,181.0
1085,0,HHbKiMPc,wFiJapOA,181.0
616,0,DeduXMzE,ydoNqUsu,62.0
235,0,xiCfcAgb,AszcEtOu,1.0
1106,0,owFNQNZv,RjtzWJgw,1.0
648,0,ccqsUPnI,SYyDHHKq,2.0
648,0,oSOvYxXQ,ccqsUPnI,2.0
108,0,RVGhYAxc,vXPGJwVk,2.0
245,0,exRzHfND,KyrNRMTR,4.0
1085,0,dIzWcSEA,JYjcxadu,30.0
1085,0,YIEuAZyW,dIzWcSEA,30.0
1085,0,iIARpDWU,YIEuAZyW,30.0
16,0,ozuppJDT,srZucbpJ,405.0
245,0,pTTspriv,RjtzWJgw,1091.0
245,0,xiCfcAgb,AszcEtOu,503.0
245,0,RjtzWJgw,xiCfcAgb,517.0
245,0,AszcEtOu,BpAiVnps,69.0
245,0,laDYeHNU,FdBCLyPI,320.0
245,0,pTTspriv,laDYeHNU,320.0
1318,0,ozuppJDT,YULSfngF,19.0
245,0,FdBCLyPI,ZqOseExI,83.0
1029,0,DhBIcFJB,tBPmVbcK,98.0
1029,0,ByOODIxa,DhBIcFJB,125.0
245,0,SPorkGXj,OUlPxErG,72.0
245,0,IJbUVGLH,SPorkGXj,72.0
245,0,ZqOseExI,IJbUVGLH,72.0
245,0,OUlPxErG,jEliwrSM,38.0
245,0,BpAiVnps,RVGhYAxc,26.0
1128,0,PslqBzpy,NcDEDzEB,313.0
1128,0,FcIwyDhH,PslqBzpy,313.0
1128,0,oFutYOve,FcIwyDhH,313.0
1128,0,TKdEYLTT,oFutYOve,313.0
1128,0,PRqBOnQV,TKdEYLTT,313.0
1128,0,tKHOTHLP,PRqBOnQV,313.0
1124,0,CVPWCvNJ,BDmybVdG,33.0
1124,0,muVREKCV,CVPWCvNJ,33.0
1124,0,MpxTTzjt,muVREKCV,33.0
1124,0,BsRMZbGV,MpxTTzjt,33.0
1124,0,yRjqmRuq,BsRMZbGV,33.0
1124,0,pTTspriv,yRjqmRuq,33.0
1030,0,KGIBfEut,aunBMooM,5.0
1350,0,rMamJjcH,qTvRhwtK,1.0
1350,0,XQBvMmKm,rMamJjcH,1.0
245,0,yRjqmRuq,BpAiVnps,15.0
245,0,yRjqmRuq,gWHAQwVu,3.0
1029,0,dNagXJoD,jaDdFMxy,55.0
1085,0,YRiTgQXe,OgfqNfUY,10.0
1085,0,rAUblAml,YRiTgQXe,10.0
1085,0,fSQOYpje,rAUblAml,10.0
1085,0,hGRIMrVW,fSQOYpje,10.0
1089,0,VCFHkCli,pTTspriv,1.0
1089,0,PNxpREZf,VCFHkCli,1.0
1072,0,tWpVdCtj,ArHpJhVJ,27.0
1360,0,ZYiWVpjK,nfCzcTzh,7.0
1360,0,qTvRhwtK,ZYiWVpjK,37.0
1085,0,AnlrdaBb,cudxYHxf,2.0
1366,0,HcPkwFHM,svgtEcQx,21.0
1366,0,bAcgCDGp,HcPkwFHM,30.0
1263,0,fzSWURzx,ywuGpANM,1.0
1366,0,vigCHzUD,jIerKxIb,106.0
1366,0,MnGOlshE,vigCHzUD,106.0
1366,0,KjuJaNsu,ljAdwZQx,23.0
1366,0,vfIotKLC,KjuJaNsu,23.0
1085,0,EllpaOUu,zMSEqitx,388.0
1085,0,EllpaOUu,WneZtuRq,31.0
1085,0,EllpaOUu,puwcRgFs,137.0
1072,0,CRVKBFrv,ozAxYCwR,1.0
1083,0,honleovC,puwcRgFs,7.0
1085,0,nvXuJriv,nIbIRswk,8.0
1085,0,nvXuJriv,VWKzFLMH,26.0
1085,0,nvXuJriv,yCXbqkBs,11.0
1085,0,uQlhjcGr,WneZtuRq,1.0
1037,0,MMTihhSZ,ljAdwZQx,46.0
1037,0,nvXuJriv,MMTihhSZ,1.0
1085,0,WneZtuRq,vDTAjOOR,109.0
1113,0,btFKFkYA,AlpXiRiW,565.0
1113,0,jLrhssle,btFKFkYA,565.0
1113,0,FvRFCvLd,jLrhssle,565.0
1113,0,iZvOtZpy,FvRFCvLd,565.0
1113,0,tkjaIDXe,iZvOtZpy,565.0
1113,0,TfgNGDen,tkjaIDXe,565.0
1113,0,PAhNkZlS,TfgNGDen,565.0
1113,0,ppYufOCR,PAhNkZlS,565.0
1113,0,siLHVqvQ,ppYufOCR,565.0
1113,0,jZWnwWbL,siLHVqvQ,565.0
1106,0,SzPBLAwy,jFmPCmzM,28.0
1106,0,AjJCgCBk,NxZLWDKg,9.0
1106,0,jFmPCmzM,AjJCgCBk,2.0
1106,0,SzPBLAwy,WMODaVhE,6.0
1083,0,zBmTBInm,jgCiOeaN,87.0
1085,0,vDTAjOOR,bTSeOnqx,29.0
1318,0,UUCrlfWg,rckblBTM,3.0
1106,0,isVKhOXG,hfsVeMMa,89.0
1106,0,mKIQRbrs,isVKhOXG,88.0
1106,0,qvujbmjR,mKIQRbrs,337.0
1106,0,GSOqnCzV,qvujbmjR,426.0
367,0,ACkvbmee,wqGWmwVd,4.0
565,0,OhBAPvsb,jvLymITs,1.0
491,0,lctVuVOk,QnkNgkDL,1.0
245,0,wdwKrYEW,CrOFTJlw,2.0
245,0,SZGwgIRz,FdBCLyPI,250.0
1106,0,SZGwgIRz,LGkMSSTO,7.0
1037,0,bOLOjiIO,aJLjpITr,30.0
1037,0,bOLOjiIO,XAYpuJXt,86.0
1085,0,XAYpuJXt,zZZsLLct,20.0
1037,0,XAYpuJXt,MMTihhSZ,40.0
1037,0,ljAdwZQx,riqYNvhO,13.0
1037,0,ljAdwZQx,nvXuJriv,3.0
1030,0,VpHOqNar,rJvLUxkA,1706.0
235,0,VjdckTjW,ozuppJDT,6.0
1398,0,fDeHEcoN,cniBuICf,2.0
1030,0,ixhHdGBo,aaeLLxLj,36.0
1030,0,spVkBMtX,ixhHdGBo,36.0
1030,0,KrLSLIZd,OjBZWzOO,40.0
1030,0,spVkBMtX,KrLSLIZd,40.0
1036,0,gldIDkMU,fwlJPxCU,6.0
1036,0,JdPMCVUN,gldIDkMU,6.0
1036,0,VpHOqNar,JdPMCVUN,6.0
1113,0,pMUlUuQz,jZWnwWbL,596.0
1113,0,hCKRONaA,DSVnhmbs,18.0
1113,0,TGKbjQzH,hCKRONaA,18.0
1113,0,RoreEsYU,TGKbjQzH,18.0
1113,0,AlpXiRiW,RoreEsYU,19.0
1113,0,DSVnhmbs,eypuAxqa,9.0
1085,0,vDTAjOOR,yQmtaWgt,3.0
1106,0,JRMVrfdD,eVGAINdZ,39.0
1106,0,bEntPTsf,isVKhOXG,1.0
1106,0,bXxqoWoM,JKvsAaVu,7.0
1106,0,lyukJwbV,bXxqoWoM,7.0
1106,0,wdwKrYEW,SZGwgIRz,6.0
1106,0,JKvsAaVu,wdwKrYEW,6.0
1037,0,NIHIRqnZ,wplYsKZY,445.0
1037,0,njohAsHY,nvXuJriv,24.0
1037,0,aJLjpITr,njohAsHY,49.0
1037,0,wplYsKZY,bOLOjiIO,75.0
1106,0,XaVBQtHA,awOEKaEj,31.0
1106,0,PCRBVfUw,rcsEeYnc,9.0
1106,0,mdGitRQe,PCRBVfUw,9.0
1106,0,icUOEXSt,mdGitRQe,20.0
1106,0,awOEKaEj,icUOEXSt,20.0
1030,0,wRTYbalx,wfyTeotc,2.0
1106,0,ZqOseExI,wRTYbalx,2.0
1106,0,rcsEeYnc,ZqOseExI,2.0
1106,0,dimGAuTR,lyukJwbV,2.0
1106,0,FXZSvJoP,dimGAuTR,2.0
1113,0,IfUoaxeT,pMUlUuQz,580.0
1113,0,ORrZduNE,CYkmgDbv,4.0
1113,0,eypuAxqa,ORrZduNE,4.0
1037,0,TPJRAOrt,NIHIRqnZ,380.0
1037,0,njohAsHY,MMTihhSZ,25.0
1035,0,ZXFFSBfD,rNCpaLXo,3.0
1035,0,QwmUxgDJ,ZXFFSBfD,3.0
1035,0,tBftinFM,QwmUxgDJ,3.0
1035,0,agXODOsJ,tBftinFM,3.0
1037,0,IkEoBHlk,NIHIRqnZ,34.0
1037,0,wtfdArpr,TPJRAOrt,102.0
1037,0,UEqgngwR,TPJRAOrt,115.0
1037,0,eLJZyPxv,UEqgngwR,117.0
1037,0,UEqgngwR,VTbufxnV,2.0
1037,0,wBoWGskO,imyhTmbO,1.0
1037,0,nvXuJriv,wBoWGskO,1.0
1037,0,ZsmZvPrK,eLJZyPxv,45.0
529,0,bfhpfFPJ,rNCpaLXo,657.0
529,0,wnmgNjXN,bfhpfFPJ,657.0
529,0,QIOPMpXz,wnmgNjXN,657.0
