route_id,direction_id,from_stop,to_stop,volume
662,0,inJVXMtB,vfdAIPGv,1100.0
662,0,ubZrQMid,inJVXMtB,1100.0
662,0,gBkmsEyR,ubZrQMid,1100.0
662,0,cGoHBmgo,gBkmsEyR,960.0
662,0,EkWBPXmr,cGoHBmgo,960.0
662,0,vfdAIPGv,nsjiKPCz,900.0
585,0,wihERHzN,uiYVYPQX,3408.0
585,0,vspNPtqb,wihERHzN,3371.0
585,0,jiaBsTdI,vspNPtqb,3371.0
585,0,iVtHnErr,jiaBsTdI,3367.0
585,0,nsjiKPCz,iVtHnErr,3367.0
585,0,vfdAIPGv,nsjiKPCz,3311.0
585,0,inJVXMtB,vfdAIPGv,2530.0
585,0,ubZrQMid,inJVXMtB,2530.0
585,0,gBkmsEyR,ubZrQMid,2530.0
585,0,cGoHBmgo,gBkmsEyR,1484.0
585,0,EkWBPXmr,cGoHBmgo,1484.0
572,0,jiaBsTdI,jeadfqyj,1860.0
572,0,LIcqcPpV,jiaBsTdI,1860.0
572,0,JHNPaXkN,LIcqcPpV,1875.0
572,0,EWPMCuEz,JHNPaXkN,1871.0
572,0,iWoOHVbT,EWPMCuEz,2586.0
971,0,nsjiKPCz,AtcDBGpE,2132.0
971,0,vfdAIPGv,nsjiKPCz,2132.0
971,0,inJVXMtB,vfdAIPGv,1940.0
971,0,ubZrQMid,inJVXMtB,1940.0
971,0,gBkmsEyR,ubZrQMid,1940.0
971,0,cGoHBmgo,gBkmsEyR,1749.0
971,0,EkWBPXmr,cGoHBmgo,1637.0
662,0,nZnozRfz,iuOUwLky,1098.0
662,0,jeadfqyj,nZnozRfz,1098.0
662,0,vspNPtqb,jeadfqyj,820.0
662,0,jiaBsTdI,vspNPtqb,820.0
662,0,iVtHnErr,jiaBsTdI,820.0
662,0,nsjiKPCz,iVtHnErr,820.0
971,0,AtcDBGpE,Oslgxmkx,2129.0
585,0,FcOkCcps,MqGZxRIW,1276.0
585,0,uiYVYPQX,FcOkCcps,2398.0
662,0,XVbubuGa,OwpcAtJV,1097.0
662,0,iuOUwLky,XVbubuGa,1097.0
1255,0,gKoyUmab,rckblBTM,1610.0
1255,0,fGmFhgnx,gKoyUmab,1610.0
1255,0,XyHfgUxW,fGmFhgnx,2153.0
1255,0,zjjLSYAp,XyHfgUxW,2164.0
1255,0,wrsPDGBQ,zjjLSYAp,2164.0
1255,0,UtwZFZsx,wrsPDGBQ,3593.0
1255,0,QsteKrle,UtwZFZsx,3593.0
1255,0,vqGhvZJF,QsteKrle,3593.0
591,0,XMWgellz,vqGhvZJF,2380.0
591,0,LPldZjRa,XMWgellz,5210.0
591,0,adsviABF,LPldZjRa,5210.0
591,0,TqlJzItM,adsviABF,5143.0
591,0,IjwLXBRx,TqlJzItM,5101.0
591,0,nJRBvlcT,IjwLXBRx,5097.0
591,0,IkxLwyxa,nJRBvlcT,4655.0
591,0,CYSggHNR,IkxLwyxa,4614.0
591,0,VhgapMoa,CYSggHNR,4621.0
591,0,dKbqWpcD,VhgapMoa,4621.0
591,0,zYpZYpOA,dKbqWpcD,4621.0
591,0,xbeOVhLE,zYpZYpOA,4689.0
591,0,IpBcScgC,xbeOVhLE,4611.0
591,0,aYvzRwqU,IpBcScgC,4611.0
591,0,mVhkAqwx,aYvzRwqU,4610.0
591,0,GigUVtty,mVhkAqwx,4606.0
591,0,xQpNdvvD,GigUVtty,5141.0
591,0,VuxSFkGj,xQpNdvvD,5126.0
591,0,SQUoXVXU,VuxSFkGj,5126.0
591,0,tZiWmgTn,SQUoXVXU,5109.0
591,0,JpkWIkgn,tZiWmgTn,5109.0
591,0,gDnuvefz,JpkWIkgn,5109.0
591,0,rqBqDfoZ,gDnuvefz,5109.0
591,0,dkEskUud,rqBqDfoZ,4224.0
591,0,BqZQArDi,dkEskUud,1172.0
591,0,zVYhNTdK,BqZQArDi,1171.0
591,0,EkWBPXmr,zVYhNTdK,1161.0
647,0,XXPGaRGh,PrdzzRyE,1233.0
647,0,IMtkgxTU,XXPGaRGh,945.0
647,0,MlQcmexA,IMtkgxTU,945.0
647,0,CZmFLtlO,MlQcmexA,2162.0
647,0,SUoxgoEf,CZmFLtlO,2162.0
647,0,eVGAINdZ,SUoxgoEf,2118.0
647,0,zOQhKaAF,eVGAINdZ,2123.0
647,0,PaLbQtln,zOQhKaAF,2063.0
647,0,rqBqDfoZ,PaLbQtln,2063.0
647,0,dkEskUud,rqBqDfoZ,1894.0
647,0,zVYhNTdK,dkEskUud,781.0
647,0,EkWBPXmr,zVYhNTdK,781.0
572,0,CVXQsRBK,NgDeDdfx,966.0
572,0,jBnsfrlR,CVXQsRBK,966.0
572,0,jeadfqyj,jBnsfrlR,966.0
971,0,vwEcxUej,lBopHXdD,1936.0
971,0,JBpFxiqb,vwEcxUej,1936.0
971,0,Oslgxmkx,JBpFxiqb,1936.0
585,0,tBNXSyMW,pZulUpHT,1234.0
585,0,OyJKKata,tBNXSyMW,1238.0
585,0,MqGZxRIW,OyJKKata,1238.0
989,0,twMezfOU,lkujKSJT,9987.0
989,0,OyJKKata,twMezfOU,9372.0
989,0,MqGZxRIW,OyJKKata,5304.0
989,0,FcOkCcps,MqGZxRIW,4453.0
679,0,LRmPOeoe,KHbKaRBy,5.0
679,0,twMezfOU,LRmPOeoe,811.0
679,0,HRURJMPd,twMezfOU,1313.0
679,0,jKjAXpVP,HRURJMPd,1313.0
679,0,XXPGaRGh,jKjAXpVP,1264.0
625,0,lBopHXdD,DKPrUpnj,1838.0
625,0,Oslgxmkx,lBopHXdD,1838.0
625,0,AtcDBGpE,Oslgxmkx,1690.0
625,0,nsjiKPCz,AtcDBGpE,1690.0
625,0,vfdAIPGv,nsjiKPCz,1683.0
625,0,ubZrQMid,vfdAIPGv,1615.0
625,0,gBkmsEyR,ubZrQMid,1615.0
625,0,cGoHBmgo,gBkmsEyR,1501.0
625,0,EkWBPXmr,cGoHBmgo,1431.0
662,0,TNbojCJf,issQYORv,1551.0
662,0,tGqVborR,TNbojCJf,1551.0
662,0,vJbDLuoa,tGqVborR,1551.0
662,0,FJLNitGY,vJbDLuoa,1519.0
662,0,peBgOXli,FJLNitGY,1182.0
662,0,KnWWIWQx,peBgOXli,1182.0
662,0,bRAzuzSs,KnWWIWQx,1182.0
662,0,OwpcAtJV,bRAzuzSs,1182.0
1376,0,mTvPylzX,JYcdyiOK,647.0
1376,0,mZseJHmU,mTvPylzX,647.0
1376,0,rClMLArS,mZseJHmU,1073.0
1376,0,MHYyLhRG,rClMLArS,1073.0
1376,0,CcTUkfkl,MHYyLhRG,1574.0
1376,0,tglFZOrp,CcTUkfkl,1574.0
1376,0,SqxhBMol,tglFZOrp,1574.0
1376,0,JvhqCmbT,SqxhBMol,1405.0
1376,0,xkdRvtRu,JvhqCmbT,1405.0
1376,0,SjZGieDS,xkdRvtRu,1358.0
1376,0,gDnuvefz,SjZGieDS,1833.0
1376,0,rqBqDfoZ,gDnuvefz,1833.0
1376,0,yhXmuUeN,rqBqDfoZ,1784.0
1376,0,BqZQArDi,yhXmuUeN,1141.0
1376,0,zVYhNTdK,BqZQArDi,1141.0
1376,0,EkWBPXmr,zVYhNTdK,1139.0
585,0,OeKkfJSz,HTcmpFUD,736.0
585,0,FZjXRNIl,OeKkfJSz,736.0
585,0,nqZDBuxM,FZjXRNIl,753.0
585,0,aAfSzptC,nqZDBuxM,759.0
585,0,pZulUpHT,aAfSzptC,759.0
989,0,IvQQZbJW,ztLkgYlA,9779.0
989,0,yaKWBgLg,IvQQZbJW,9744.0
989,0,lkujKSJT,yaKWBgLg,9744.0
658,0,HbnURplu,mtKVLjly,2297.0
658,0,IXwVPQjX,HbnURplu,2297.0
658,0,TNbojCJf,IXwVPQjX,2157.0
658,0,tGqVborR,TNbojCJf,2157.0
658,0,vJbDLuoa,tGqVborR,2157.0
658,0,uBBTYLuy,vJbDLuoa,2118.0
658,0,FJLNitGY,uBBTYLuy,2118.0
658,0,peBgOXli,FJLNitGY,1616.0
658,0,KnWWIWQx,peBgOXli,1478.0
658,0,bRAzuzSs,KnWWIWQx,1478.0
658,0,OwpcAtJV,bRAzuzSs,1478.0
658,0,XVbubuGa,OwpcAtJV,1338.0
658,0,iuOUwLky,XVbubuGa,1338.0
658,0,nZnozRfz,iuOUwLky,1338.0
658,0,jeadfqyj,nZnozRfz,1338.0
658,0,vspNPtqb,jeadfqyj,123.0
658,0,jiaBsTdI,vspNPtqb,122.0
658,0,iVtHnErr,jiaBsTdI,122.0
658,0,nsjiKPCz,iVtHnErr,122.0
658,0,vfdAIPGv,nsjiKPCz,122.0
658,0,inJVXMtB,vfdAIPGv,122.0
658,0,ubZrQMid,inJVXMtB,122.0
658,0,gBkmsEyR,ubZrQMid,122.0
658,0,cGoHBmgo,gBkmsEyR,121.0
658,0,EkWBPXmr,cGoHBmgo,121.0
625,0,NLDgVASg,QGNcLOop,1658.0
625,0,DKPrUpnj,NLDgVASg,1655.0
971,0,RkbXqAIs,MTAZIXBL,1667.0
971,0,NLDgVASg,RkbXqAIs,1527.0
971,0,DKPrUpnj,NLDgVASg,1527.0
971,0,CdibamDB,DKPrUpnj,1527.0
971,0,lBopHXdD,CdibamDB,1527.0
971,0,jqriedgy,EkCoFwMY,1691.0
971,0,MTAZIXBL,jqriedgy,1691.0
971,0,vkSwBwcN,OKtVrzTN,1784.0
971,0,QRSRIbba,vkSwBwcN,1784.0
971,0,EkCoFwMY,QRSRIbba,1784.0
622,0,gdbAGAQU,JvDZYJph,421.0
622,0,ANpclgWP,gdbAGAQU,421.0
622,0,LWqTSxPr,ANpclgWP,421.0
622,0,tBgOcvQf,LWqTSxPr,421.0
622,0,IvQQZbJW,tBgOcvQf,421.0
622,0,yaKWBgLg,IvQQZbJW,263.0
622,0,lkujKSJT,yaKWBgLg,263.0
622,0,twMezfOU,lkujKSJT,263.0
622,0,OyJKKata,twMezfOU,263.0
622,0,MqGZxRIW,OyJKKata,202.0
622,0,FcOkCcps,MqGZxRIW,202.0
622,0,uiYVYPQX,FcOkCcps,201.0
622,0,wihERHzN,uiYVYPQX,190.0
622,0,jiaBsTdI,wihERHzN,190.0
622,0,iVtHnErr,jiaBsTdI,190.0
622,0,nsjiKPCz,iVtHnErr,190.0
622,0,vfdAIPGv,nsjiKPCz,190.0
622,0,ubZrQMid,vfdAIPGv,151.0
622,0,gBkmsEyR,ubZrQMid,151.0
622,0,cGoHBmgo,gBkmsEyR,116.0
622,0,EkWBPXmr,cGoHBmgo,116.0
622,0,xYfYRJnz,yXfOYhmg,923.0
622,0,bvZtLhoP,xYfYRJnz,923.0
622,0,NoGATiBT,bvZtLhoP,923.0
622,0,JvDZYJph,NoGATiBT,629.0
625,0,GZZaPhbw,uPlQduWZ,1647.0
625,0,EwdOCOAF,GZZaPhbw,1647.0
625,0,QGNcLOop,EwdOCOAF,1647.0
1194,0,kEQqRNXv,ZCsEtuOb,998.0
1194,0,NfeOUEsA,kEQqRNXv,998.0
1194,0,gdbAGAQU,NfeOUEsA,996.0
1194,0,ANpclgWP,gdbAGAQU,996.0
1194,0,LWqTSxPr,ANpclgWP,977.0
1194,0,tBgOcvQf,LWqTSxPr,977.0
1194,0,IvQQZbJW,tBgOcvQf,757.0
1194,0,yaKWBgLg,IvQQZbJW,738.0
1194,0,lkujKSJT,yaKWBgLg,738.0
1194,0,twMezfOU,lkujKSJT,722.0
1194,0,HRURJMPd,twMezfOU,640.0
1194,0,jKjAXpVP,HRURJMPd,640.0
1194,0,XXPGaRGh,jKjAXpVP,640.0
1194,0,IMtkgxTU,XXPGaRGh,640.0
1194,0,MlQcmexA,IMtkgxTU,640.0
1194,0,tSmiUoPn,MlQcmexA,608.0
1194,0,VuxSFkGj,tSmiUoPn,608.0
1194,0,SQUoXVXU,VuxSFkGj,608.0
1194,0,tZiWmgTn,SQUoXVXU,600.0
1194,0,JpkWIkgn,tZiWmgTn,600.0
1194,0,gDnuvefz,JpkWIkgn,600.0
1194,0,rqBqDfoZ,gDnuvefz,600.0
1194,0,yhXmuUeN,rqBqDfoZ,589.0
1194,0,dkEskUud,yhXmuUeN,587.0
1194,0,xbiDwIOu,dkEskUud,466.0
1194,0,zVYhNTdK,xbiDwIOu,466.0
1194,0,EkWBPXmr,zVYhNTdK,466.0
14,0,leJfirnk,yrRBvFtZ,1918.0
14,0,QRSRIbba,leJfirnk,1918.0
14,0,jqriedgy,QRSRIbba,1918.0
14,0,MTAZIXBL,jqriedgy,1918.0
14,0,RkbXqAIs,MTAZIXBL,1810.0
14,0,NLDgVASg,RkbXqAIs,2175.0
14,0,fcywqNMQ,NLDgVASg,2178.0
14,0,CdibamDB,fcywqNMQ,2709.0
14,0,lBopHXdD,CdibamDB,2709.0
14,0,vwEcxUej,lBopHXdD,2728.0
14,0,JBpFxiqb,vwEcxUej,2728.0
14,0,Oslgxmkx,JBpFxiqb,2728.0
14,0,AtcDBGpE,Oslgxmkx,2910.0
14,0,nsjiKPCz,AtcDBGpE,3174.0
14,0,vfdAIPGv,nsjiKPCz,3077.0
14,0,inJVXMtB,vfdAIPGv,2656.0
14,0,ubZrQMid,inJVXMtB,2656.0
14,0,gBkmsEyR,ubZrQMid,2656.0
14,0,cGoHBmgo,gBkmsEyR,1584.0
1194,0,hTaJTejf,XjSQdTLS,838.0
1194,0,AvILYntX,hTaJTejf,838.0
1194,0,BGAyznqC,AvILYntX,846.0
1194,0,PUIIuxlM,BGAyznqC,846.0
1194,0,bEuFbYIx,PUIIuxlM,935.0
1194,0,ZCsEtuOb,bEuFbYIx,949.0
971,0,RqfbhkOP,sUAChhLU,1736.0
971,0,WRCkhCoY,RqfbhkOP,1736.0
971,0,OKtVrzTN,WRCkhCoY,1760.0
14,0,wuyFtExA,EtvjcvTp,1335.0
14,0,MrybjzSo,wuyFtExA,1335.0
14,0,yrRBvFtZ,MrybjzSo,1335.0
173,0,YoEMZEcq,qCZHeqZn,1315.0
1194,0,qkTCgKXX,YoEMZEcq,173.0
1194,0,XjSQdTLS,qkTCgKXX,173.0
625,0,LjPncvCg,ZkIfwknW,1593.0
625,0,cYHkZUeY,LjPncvCg,1595.0
625,0,JjkwBsaR,cYHkZUeY,1595.0
625,0,xWKOjfGB,JjkwBsaR,1595.0
625,0,zrJLwXnk,xWKOjfGB,1595.0
625,0,LUpTnILf,zrJLwXnk,1595.0
625,0,qezgFtTe,LUpTnILf,1333.0
625,0,EtAJJbBW,qezgFtTe,1333.0
625,0,uPlQduWZ,EtAJJbBW,1333.0
625,0,ZkIfwknW,XBhuaxff,1582.0
1052,0,EPmEpfWC,RBwynnQe,498.0
1052,0,xfbmoJHP,EPmEpfWC,498.0
1052,0,WdOwNGhj,xfbmoJHP,143.0
1052,0,kKKRBhFF,WdOwNGhj,138.0
1052,0,NFInfBeu,kKKRBhFF,135.0
1052,0,VCQdmIoF,NFInfBeu,135.0
1052,0,ePrpofUw,VCQdmIoF,135.0
1052,0,KcvPUxQg,ePrpofUw,135.0
1052,0,BlnSxBAr,KcvPUxQg,135.0
1052,0,TCBUGaZf,BlnSxBAr,135.0
1052,0,pzcCDVmZ,TCBUGaZf,124.0
1052,0,AUBTKFbY,pzcCDVmZ,124.0
1052,0,fjevhefZ,AUBTKFbY,122.0
1052,0,vyQyYYqJ,fjevhefZ,122.0
1052,0,ztLkgYlA,vyQyYYqJ,122.0
1052,0,IvQQZbJW,ztLkgYlA,121.0
1052,0,yaKWBgLg,IvQQZbJW,121.0
1052,0,lkujKSJT,yaKWBgLg,121.0
1052,0,twMezfOU,lkujKSJT,121.0
1052,0,OyJKKata,twMezfOU,74.0
1052,0,duRJdiSr,OyJKKata,74.0
1052,0,uiYVYPQX,duRJdiSr,38.0
1052,0,ozAxYCwR,uiYVYPQX,38.0
455,0,BlnSxBAr,KcvPUxQg,6144.0
455,0,WuDSdBCd,BlnSxBAr,6221.0
455,0,icUsjZEb,WuDSdBCd,6173.0
455,0,lhadwkCG,icUsjZEb,6173.0
455,0,awnNVqry,lhadwkCG,6173.0
455,0,ohBbDhvM,awnNVqry,6178.0
455,0,EYCnMsAF,ohBbDhvM,6178.0
455,0,tNDnmkQy,EYCnMsAF,6185.0
455,0,XjEyEHqT,tNDnmkQy,6185.0
455,0,IvqxNjHK,XjEyEHqT,6198.0
455,0,SyrqOGJb,IvqxNjHK,6212.0
455,0,NcLanIdZ,SyrqOGJb,6219.0
455,0,OyNIynZV,NcLanIdZ,6095.0
455,0,FGvzNZYi,OyNIynZV,6094.0
455,0,ydoNqUsu,FGvzNZYi,6148.0
455,0,yYSDLmlm,ydoNqUsu,5957.0
455,0,eOdwAkBF,yYSDLmlm,6779.0
455,0,FDCDnriY,eOdwAkBF,6779.0
455,0,DCdKJxNH,FDCDnriY,6470.0
455,0,DsuTXcIa,DCdKJxNH,4388.0
455,0,bgWfLree,DsuTXcIa,4455.0
455,0,MlQcmexA,bgWfLree,4455.0
455,0,tSmiUoPn,MlQcmexA,3326.0
455,0,VuxSFkGj,tSmiUoPn,3326.0
455,0,SQUoXVXU,VuxSFkGj,3315.0
455,0,tZiWmgTn,SQUoXVXU,3041.0
455,0,JpkWIkgn,tZiWmgTn,3019.0
455,0,gDnuvefz,JpkWIkgn,3019.0
455,0,rqBqDfoZ,gDnuvefz,3019.0
455,0,yhXmuUeN,rqBqDfoZ,2686.0
455,0,BqZQArDi,yhXmuUeN,1930.0
455,0,xbiDwIOu,BqZQArDi,1810.0
455,0,zVYhNTdK,xbiDwIOu,1810.0
455,0,EkWBPXmr,zVYhNTdK,1810.0
985,0,aDaRCcaB,YxUFlvZH,1792.0
985,0,dQYZBhGJ,aDaRCcaB,1539.0
985,0,iFderoVa,dQYZBhGJ,1539.0
985,0,GQmprOhw,iFderoVa,1867.0
985,0,CbblRkaH,GQmprOhw,1880.0
985,0,BldTZUAI,CbblRkaH,1955.0
985,0,nBYHMnkU,BldTZUAI,1671.0
971,0,sUAChhLU,nBYHMnkU,1381.0
455,0,KcvPUxQg,ePrpofUw,4596.0
596,0,YxUFlvZH,vyItOGON,1373.0
596,0,KMLNQwjh,YxUFlvZH,1278.0
596,0,aDaRCcaB,KMLNQwjh,383.0
596,0,dQYZBhGJ,aDaRCcaB,350.0
596,0,iFderoVa,dQYZBhGJ,350.0
596,0,GQmprOhw,iFderoVa,350.0
596,0,CbblRkaH,GQmprOhw,280.0
596,0,BldTZUAI,CbblRkaH,280.0
596,0,nBYHMnkU,BldTZUAI,225.0
625,0,XNHVHmHa,apwTQKga,1225.0
625,0,vGqwislq,XNHVHmHa,1225.0
625,0,AwLiWVdI,vGqwislq,1239.0
625,0,XBhuaxff,AwLiWVdI,1239.0
985,0,ZfNDFPcl,UxPxrYmy,2545.0
985,0,KwXNMHkb,ZfNDFPcl,2545.0
985,0,YxUFlvZH,KwXNMHkb,2545.0
455,0,NFInfBeu,kKKRBhFF,4251.0
455,0,VCQdmIoF,NFInfBeu,4266.0
455,0,ePrpofUw,VCQdmIoF,4266.0
625,0,apwTQKga,lBjlyorh,970.0
594,0,NQsRzhNW,YiexuWUO,481.0
594,0,xAJVMHqO,NQsRzhNW,484.0
594,0,dycwBUSP,xAJVMHqO,484.0
594,0,igOcnIRX,dycwBUSP,484.0
594,0,dQYZBhGJ,igOcnIRX,261.0
594,0,iFderoVa,dQYZBhGJ,261.0
594,0,GQmprOhw,iFderoVa,261.0
594,0,CbblRkaH,GQmprOhw,255.0
594,0,BldTZUAI,CbblRkaH,255.0
594,0,nBYHMnkU,BldTZUAI,253.0
625,0,ZTCNsviV,ODNKqRCQ,566.0
625,0,GBYHqHQO,ZTCNsviV,566.0
625,0,lBjlyorh,GBYHqHQO,566.0
455,0,WdOwNGhj,xfbmoJHP,3091.0
455,0,kKKRBhFF,WdOwNGhj,3106.0
625,0,ODNKqRCQ,iPzquFzR,529.0
596,0,vyItOGON,tTbFYEPP,800.0
1061,0,NCSBLEus,AJLJQqsT,66.0
1061,0,xfbmoJHP,NCSBLEus,74.0
1061,0,WdOwNGhj,xfbmoJHP,74.0
1061,0,kKKRBhFF,WdOwNGhj,74.0
1061,0,NFInfBeu,kKKRBhFF,74.0
1061,0,VCQdmIoF,NFInfBeu,74.0
1061,0,ePrpofUw,VCQdmIoF,74.0
1061,0,KcvPUxQg,ePrpofUw,74.0
1061,0,BlnSxBAr,KcvPUxQg,74.0
1061,0,TCBUGaZf,BlnSxBAr,74.0
1061,0,pzcCDVmZ,TCBUGaZf,74.0
1061,0,AUBTKFbY,pzcCDVmZ,74.0
1061,0,fjevhefZ,AUBTKFbY,74.0
1061,0,vyQyYYqJ,fjevhefZ,74.0
1061,0,ztLkgYlA,vyQyYYqJ,74.0
1061,0,IvQQZbJW,ztLkgYlA,74.0
1061,0,yaKWBgLg,IvQQZbJW,74.0
1061,0,lkujKSJT,yaKWBgLg,74.0
1061,0,twMezfOU,lkujKSJT,74.0
1061,0,OyJKKata,twMezfOU,74.0
1061,0,MqGZxRIW,OyJKKata,74.0
1061,0,FcOkCcps,MqGZxRIW,74.0
1061,0,uiYVYPQX,FcOkCcps,74.0
1061,0,wihERHzN,uiYVYPQX,65.0
1061,0,vspNPtqb,wihERHzN,65.0
1061,0,jiaBsTdI,vspNPtqb,65.0
1061,0,iVtHnErr,jiaBsTdI,65.0
1061,0,nsjiKPCz,iVtHnErr,65.0
1061,0,vfdAIPGv,nsjiKPCz,62.0
1061,0,inJVXMtB,vfdAIPGv,48.0
1061,0,ubZrQMid,inJVXMtB,48.0
1061,0,gBkmsEyR,ubZrQMid,48.0
1061,0,cGoHBmgo,gBkmsEyR,45.0
1061,0,EkWBPXmr,cGoHBmgo,45.0
985,0,hqOmlOIp,RrhmmPMm,2011.0
985,0,qJgsxHch,hqOmlOIp,2011.0
985,0,lxplrluY,qJgsxHch,2011.0
985,0,zTJYYUap,lxplrluY,2011.0
985,0,UxPxrYmy,zTJYYUap,2011.0
924,0,illGQStO,sTaleXyI,3979.0
924,0,AUrIxxcC,illGQStO,3877.0
924,0,zqZasXpA,AUrIxxcC,3916.0
924,0,EYGEAZtD,zqZasXpA,3916.0
924,0,AJLJQqsT,EYGEAZtD,3916.0
924,0,NCSBLEus,AJLJQqsT,3998.0
924,0,xfbmoJHP,NCSBLEus,3834.0
985,0,YxYhlArE,NqSePdAx,1718.0
985,0,sAswhpJr,YxYhlArE,1718.0
985,0,VyHGAkTo,sAswhpJr,1718.0
985,0,RrhmmPMm,VyHGAkTo,1718.0
1061,0,TJDsQDoO,HdBHspFM,21.0
1061,0,yTictHOU,TJDsQDoO,21.0
1061,0,illGQStO,yTictHOU,21.0
1061,0,AUrIxxcC,illGQStO,21.0
1061,0,zqZasXpA,AUrIxxcC,21.0
1061,0,EYGEAZtD,zqZasXpA,21.0
1061,0,AJLJQqsT,EYGEAZtD,21.0
985,0,sceVWPKZ,dvaPHMux,1452.0
985,0,kIKddsaQ,sceVWPKZ,1452.0
985,0,NqSePdAx,kIKddsaQ,1452.0
1047,0,illGQStO,gIrHwcsI,826.0
1047,0,AUrIxxcC,illGQStO,537.0
1047,0,zqZasXpA,AUrIxxcC,537.0
1047,0,EYGEAZtD,zqZasXpA,537.0
1047,0,AJLJQqsT,EYGEAZtD,537.0
1047,0,NCSBLEus,AJLJQqsT,484.0
1047,0,xfbmoJHP,NCSBLEus,482.0
1047,0,WdOwNGhj,xfbmoJHP,225.0
1047,0,kKKRBhFF,WdOwNGhj,210.0
1047,0,NFInfBeu,kKKRBhFF,204.0
1047,0,VCQdmIoF,NFInfBeu,204.0
1047,0,ePrpofUw,VCQdmIoF,204.0
1047,0,KcvPUxQg,ePrpofUw,199.0
1047,0,BlnSxBAr,KcvPUxQg,199.0
1047,0,TCBUGaZf,BlnSxBAr,198.0
1047,0,pzcCDVmZ,TCBUGaZf,149.0
1047,0,AUBTKFbY,pzcCDVmZ,149.0
1047,0,fjevhefZ,AUBTKFbY,132.0
1047,0,vyQyYYqJ,fjevhefZ,132.0
1047,0,ztLkgYlA,vyQyYYqJ,132.0
1047,0,IvQQZbJW,ztLkgYlA,121.0
1047,0,yaKWBgLg,IvQQZbJW,121.0
1047,0,lkujKSJT,yaKWBgLg,121.0
1047,0,twMezfOU,lkujKSJT,120.0
1047,0,OyJKKata,twMezfOU,120.0
1047,0,MqGZxRIW,OyJKKata,120.0
1047,0,FcOkCcps,MqGZxRIW,115.0
1068,0,aLFpJPgR,jEhGDfoN,1795.0
1068,0,cZLwCFQo,aLFpJPgR,1809.0
1068,0,rxrORjnb,cZLwCFQo,1809.0
1068,0,UVDfwOgc,rxrORjnb,1564.0
1068,0,TJDsQDoO,UVDfwOgc,1562.0
1068,0,illGQStO,TJDsQDoO,1557.0
1068,0,zqZasXpA,illGQStO,1547.0
1068,0,AJLJQqsT,zqZasXpA,1547.0
1068,0,NCSBLEus,AJLJQqsT,1540.0
1068,0,xfbmoJHP,NCSBLEus,1539.0
1068,0,WdOwNGhj,xfbmoJHP,1171.0
1068,0,kKKRBhFF,WdOwNGhj,975.0
1068,0,NFInfBeu,kKKRBhFF,973.0
1068,0,VCQdmIoF,NFInfBeu,973.0
1068,0,ePrpofUw,VCQdmIoF,973.0
1068,0,BlnSxBAr,ePrpofUw,973.0
1068,0,TCBUGaZf,BlnSxBAr,495.0
1068,0,pzcCDVmZ,TCBUGaZf,216.0
1068,0,sNuKvPuW,pzcCDVmZ,153.0
1068,0,fjevhefZ,sNuKvPuW,153.0
1068,0,vyQyYYqJ,fjevhefZ,151.0
1068,0,ztLkgYlA,vyQyYYqJ,144.0
1068,0,yaKWBgLg,ztLkgYlA,74.0
1068,0,lkujKSJT,yaKWBgLg,74.0
1068,0,twMezfOU,lkujKSJT,73.0
1068,0,OyJKKata,twMezfOU,73.0
1068,0,MqGZxRIW,OyJKKata,55.0
1068,0,FcOkCcps,MqGZxRIW,55.0
1068,0,uiYVYPQX,FcOkCcps,55.0
1068,0,wihERHzN,uiYVYPQX,30.0
1068,0,jiaBsTdI,wihERHzN,30.0
1068,0,iVtHnErr,jiaBsTdI,30.0
1068,0,nsjiKPCz,iVtHnErr,30.0
1068,0,vfdAIPGv,nsjiKPCz,28.0
1068,0,inJVXMtB,vfdAIPGv,27.0
1068,0,ubZrQMid,inJVXMtB,27.0
1068,0,gBkmsEyR,ubZrQMid,27.0
1068,0,cGoHBmgo,gBkmsEyR,23.0
1068,0,EkWBPXmr,cGoHBmgo,23.0
924,0,Vtdujofe,VKAAZZOV,3385.0
924,0,edTVGmZc,Vtdujofe,3385.0
924,0,iqwCaPZT,edTVGmZc,3385.0
924,0,qqDoWQdv,iqwCaPZT,3385.0
924,0,eymgjBxV,qqDoWQdv,3231.0
924,0,EonJeQKz,eymgjBxV,3346.0
924,0,vkWqgNph,EonJeQKz,3347.0
924,0,nJRQzVZQ,vkWqgNph,3347.0
924,0,xunvufHj,nJRQzVZQ,3365.0
924,0,rxrORjnb,xunvufHj,3363.0
924,0,UVDfwOgc,rxrORjnb,3299.0
924,0,HdBHspFM,UVDfwOgc,3299.0
924,0,TJDsQDoO,HdBHspFM,3565.0
924,0,yTictHOU,TJDsQDoO,3691.0
924,0,sTaleXyI,yTictHOU,3691.0
924,0,TNTzUMyF,HyvnzuHA,2050.0
924,0,avRuCqLk,TNTzUMyF,2050.0
924,0,wIAALBva,avRuCqLk,2050.0
924,0,nxBXRnVc,wIAALBva,2050.0
924,0,sXWHYDNZ,nxBXRnVc,2113.0
924,0,VKAAZZOV,sXWHYDNZ,2113.0
912,0,mgDGiHEE,FwvYcAgk,453.0
912,0,dQOncjgh,mgDGiHEE,648.0
912,0,QiaFfhxS,dQOncjgh,701.0
912,0,rilNZKmg,QiaFfhxS,701.0
912,0,MgfOYJbA,rilNZKmg,697.0
912,0,qIuTLVvj,MgfOYJbA,695.0
912,0,spmlaYUs,qIuTLVvj,609.0
912,0,qqDoWQdv,spmlaYUs,609.0
912,0,eymgjBxV,qqDoWQdv,603.0
912,0,EonJeQKz,eymgjBxV,597.0
912,0,vkWqgNph,EonJeQKz,597.0
912,0,nJRQzVZQ,vkWqgNph,597.0
912,0,xunvufHj,nJRQzVZQ,566.0
912,0,rxrORjnb,xunvufHj,566.0
912,0,UVDfwOgc,rxrORjnb,564.0
912,0,TJDsQDoO,UVDfwOgc,547.0
912,0,yTictHOU,TJDsQDoO,545.0
912,0,sTaleXyI,yTictHOU,545.0
912,0,illGQStO,sTaleXyI,543.0
912,0,AUrIxxcC,illGQStO,533.0
912,0,zqZasXpA,AUrIxxcC,533.0
912,0,EYGEAZtD,zqZasXpA,533.0
912,0,AJLJQqsT,EYGEAZtD,533.0
912,0,NCSBLEus,AJLJQqsT,517.0
912,0,xfbmoJHP,NCSBLEus,509.0
750,0,GIlSPhwi,SOtvIsgL,2111.0
750,0,ZPJGdbAJ,GIlSPhwi,2111.0
750,0,xfbmoJHP,ZPJGdbAJ,2109.0
35,0,fwfbiPwk,drmArhka,6247.0
35,0,cGoHBmgo,fwfbiPwk,7132.0
35,0,EkWBPXmr,cGoHBmgo,7132.0
417,0,TShNRujB,hxSTJhOz,8767.0
417,0,zVYhNTdK,TShNRujB,6193.0
417,0,EkWBPXmr,zVYhNTdK,6182.0
35,0,XypZkLUe,gaLZwYvS,6446.0
35,0,drmArhka,XypZkLUe,6446.0
417,0,hxSTJhOz,rDSiGFpR,8726.0
35,0,gaLZwYvS,qFzqwYZZ,6117.0
477,0,NKCxdwhs,mYoRZvtc,1552.0
477,0,eeSdZFhf,NKCxdwhs,1552.0
477,0,UaWwvNMO,eeSdZFhf,1487.0
477,0,gFAsBeQM,UaWwvNMO,1487.0
477,0,rDSiGFpR,gFAsBeQM,1118.0
35,0,qFzqwYZZ,MBTcSIip,6274.0
417,0,LOkvvGyU,FqxCUuHX,7294.0
417,0,DYErCrqd,LOkvvGyU,9167.0
417,0,LbKosGpD,DYErCrqd,9167.0
417,0,rDSiGFpR,LbKosGpD,8345.0
417,0,tSUFrefk,ZMeqpjWv,6465.0
417,0,FqxCUuHX,tSUFrefk,6506.0
35,0,ppabfQGz,rloRqLNl,7518.0
35,0,MBTcSIip,ppabfQGz,7123.0
417,0,AFWGXQGm,BsVmblhs,4452.0
417,0,WTiRZunt,AFWGXQGm,4452.0
417,0,ZMeqpjWv,WTiRZunt,4452.0
465,0,XFLojCJa,cPCRxZjy,7565.0
465,0,mHRdWDIt,XFLojCJa,7565.0
465,0,NBopaFdP,mHRdWDIt,7247.0
465,0,LbKosGpD,NBopaFdP,7247.0
465,0,rDSiGFpR,LbKosGpD,7198.0
465,0,hxSTJhOz,rDSiGFpR,4240.0
465,0,TShNRujB,hxSTJhOz,4159.0
465,0,zVYhNTdK,TShNRujB,1462.0
465,0,EkWBPXmr,zVYhNTdK,1459.0
417,0,yayPNqiY,oQvXmJfL,3965.0
417,0,BsVmblhs,yayPNqiY,3936.0
357,0,cPCRxZjy,LPfgjVyT,4187.0
357,0,qpacHTVx,cPCRxZjy,3912.0
357,0,XFLojCJa,qpacHTVx,3912.0
357,0,mHRdWDIt,XFLojCJa,3912.0
357,0,NBopaFdP,mHRdWDIt,3905.0
357,0,LbKosGpD,NBopaFdP,3905.0
357,0,rDSiGFpR,LbKosGpD,3904.0
357,0,hxSTJhOz,rDSiGFpR,3150.0
357,0,TShNRujB,hxSTJhOz,3148.0
357,0,xbiDwIOu,TShNRujB,1005.0
357,0,zVYhNTdK,xbiDwIOu,1005.0
357,0,EkWBPXmr,zVYhNTdK,974.0
1139,0,LLvlNCEB,sDgMDbLK,1925.0
1139,0,ZMeqpjWv,LLvlNCEB,1903.0
1139,0,tSUFrefk,ZMeqpjWv,1903.0
1139,0,FqxCUuHX,tSUFrefk,1877.0
1139,0,LOkvvGyU,FqxCUuHX,1713.0
1139,0,DYErCrqd,LOkvvGyU,1713.0
1139,0,rDSiGFpR,DYErCrqd,1713.0
1139,0,hxSTJhOz,rDSiGFpR,1144.0
1139,0,TShNRujB,hxSTJhOz,1144.0
1139,0,xbiDwIOu,TShNRujB,620.0
1139,0,zVYhNTdK,xbiDwIOu,620.0
1139,0,EkWBPXmr,zVYhNTdK,620.0
417,0,oQvXmJfL,HYfXIyFk,3884.0
357,0,LPfgjVyT,cniBuICf,3055.0
357,0,cniBuICf,WtPVEKaC,2554.0
417,0,TUpCuZAw,YmDpkIHQ,3784.0
417,0,HYfXIyFk,TUpCuZAw,3784.0
35,0,TiulEaYs,FliRNcXy,6206.0
35,0,dwUntJQR,TiulEaYs,6221.0
35,0,rloRqLNl,dwUntJQR,6221.0
1139,0,faYOimYm,EZnTnoxs,1438.0
1139,0,cmGUMIAA,faYOimYm,1490.0
1139,0,sDgMDbLK,cmGUMIAA,1490.0
357,0,WtPVEKaC,BYsSDXCP,2437.0
35,0,LfENZYTF,TNZDhyQb,5165.0
35,0,FliRNcXy,LfENZYTF,5165.0
357,0,BYsSDXCP,zjSAMvDn,2149.0
1139,0,aaOdCJPr,ezbmnBKa,1112.0
1139,0,EZnTnoxs,aaOdCJPr,1108.0
35,0,aFlzccOO,DYvQviUy,4853.0
35,0,TNZDhyQb,aFlzccOO,4539.0
1511,0,fubLBmAl,DOGyniWl,12278.0
1511,0,zjSAMvDn,fubLBmAl,12278.0
1511,0,BYsSDXCP,zjSAMvDn,11959.0
1511,0,WtPVEKaC,BYsSDXCP,11829.0
1511,0,cniBuICf,WtPVEKaC,9358.0
1511,0,LPfgjVyT,cniBuICf,9358.0
1511,0,cPCRxZjy,LPfgjVyT,7459.0
1511,0,XFLojCJa,cPCRxZjy,6930.0
1511,0,mHRdWDIt,XFLojCJa,6930.0
1511,0,NBopaFdP,mHRdWDIt,6844.0
1511,0,LbKosGpD,NBopaFdP,6844.0
1511,0,rDSiGFpR,LbKosGpD,6779.0
1511,0,hxSTJhOz,rDSiGFpR,5226.0
1511,0,TShNRujB,hxSTJhOz,5187.0
1511,0,xbiDwIOu,TShNRujB,3876.0
1511,0,zVYhNTdK,xbiDwIOu,3876.0
1511,0,EkWBPXmr,zVYhNTdK,3807.0
1741,0,YmkUpvHU,qKeCDDXI,1566.0
1741,0,GbYxEXTt,YmkUpvHU,1602.0
1741,0,ItndWSiW,GbYxEXTt,1602.0
1741,0,DOGyniWl,ItndWSiW,728.0
1741,0,fubLBmAl,DOGyniWl,728.0
1741,0,zjSAMvDn,fubLBmAl,728.0
1741,0,BYsSDXCP,zjSAMvDn,882.0
1741,0,WtPVEKaC,BYsSDXCP,855.0
1741,0,cniBuICf,WtPVEKaC,788.0
1741,0,LPfgjVyT,cniBuICf,789.0
1741,0,cPCRxZjy,LPfgjVyT,912.0
1741,0,XFLojCJa,cPCRxZjy,912.0
1741,0,mHRdWDIt,XFLojCJa,912.0
1741,0,NBopaFdP,mHRdWDIt,912.0
1741,0,LbKosGpD,NBopaFdP,912.0
1245,0,OajDKDnO,jIFrASnh,555.0
1245,0,fQIJDuOA,OajDKDnO,555.0
1245,0,ZBegLuFw,fQIJDuOA,555.0
1245,0,yHDouIXe,ZBegLuFw,624.0
1245,0,aFlzccOO,yHDouIXe,563.0
1245,0,TNZDhyQb,aFlzccOO,732.0
1245,0,LfENZYTF,TNZDhyQb,1030.0
1245,0,FliRNcXy,LfENZYTF,1030.0
1245,0,TiulEaYs,FliRNcXy,1597.0
1245,0,dwUntJQR,TiulEaYs,1621.0
1245,0,ppabfQGz,dwUntJQR,1621.0
1245,0,MBTcSIip,ppabfQGz,2017.0
1245,0,qFzqwYZZ,MBTcSIip,2083.0
1245,0,gaLZwYvS,qFzqwYZZ,2474.0
1245,0,XypZkLUe,gaLZwYvS,2591.0
1245,0,drmArhka,XypZkLUe,2591.0
35,0,DYvQviUy,RfEbENxd,4142.0
1139,0,qGIkRenz,yrWAEsGy,818.0
1139,0,ytUqATXS,qGIkRenz,818.0
1139,0,sHwmfZBx,ytUqATXS,863.0
1139,0,OJyOyFXO,sHwmfZBx,721.0
1139,0,ezbmnBKa,OJyOyFXO,730.0
1511,0,GpnhEWuy,QDIpIlEK,9600.0
1511,0,YmkUpvHU,GpnhEWuy,9467.0
1511,0,GbYxEXTt,YmkUpvHU,11724.0
1511,0,DOGyniWl,GbYxEXTt,11063.0
77,0,jQaLNViL,XJRnAJHc,5746.0
77,0,RfEbENxd,jQaLNViL,5070.0
77,0,DYvQviUy,RfEbENxd,3700.0
77,0,aFlzccOO,DYvQviUy,3377.0
77,0,TNZDhyQb,aFlzccOO,2890.0
77,0,LfENZYTF,TNZDhyQb,2890.0
77,0,FliRNcXy,LfENZYTF,2890.0
77,0,TiulEaYs,FliRNcXy,2577.0
77,0,dwUntJQR,TiulEaYs,2577.0
77,0,rloRqLNl,dwUntJQR,2577.0
77,0,ppabfQGz,rloRqLNl,2302.0
77,0,MBTcSIip,ppabfQGz,2302.0
77,0,qFzqwYZZ,MBTcSIip,2278.0
77,0,gaLZwYvS,qFzqwYZZ,1957.0
77,0,XypZkLUe,gaLZwYvS,1956.0
77,0,drmArhka,XypZkLUe,1956.0
77,0,fwfbiPwk,drmArhka,1936.0
77,0,EkWBPXmr,fwfbiPwk,1461.0
1139,0,hCbDNPhh,kzneBolb,749.0
1139,0,oFLgHrco,hCbDNPhh,749.0
1139,0,yrWAEsGy,oFLgHrco,749.0
35,0,jQaLNViL,WynPMslR,4851.0
35,0,RfEbENxd,jQaLNViL,4481.0
1505,0,WCllcJIC,wxsBzgDc,8651.0
1505,0,OXcUkifL,WCllcJIC,9317.0
1505,0,POsNTwnJ,OXcUkifL,9723.0
1505,0,YmkUpvHU,POsNTwnJ,9704.0
1511,0,GgLRqpEG,uhUmvvRs,11475.0
1511,0,WFZVQzrl,GgLRqpEG,10361.0
1511,0,GiONHkbf,WFZVQzrl,9725.0
1511,0,QDIpIlEK,GiONHkbf,8931.0
233,0,GiONHkbf,aFxztqGh,1940.0
233,0,QDIpIlEK,GiONHkbf,1815.0
77,0,WUWIxCFc,OdzEGWPG,4107.0
77,0,XJRnAJHc,WUWIxCFc,4107.0
233,0,xwyDeZpB,ckoHNDVp,1667.0
233,0,aFxztqGh,xwyDeZpB,1711.0
35,0,vHkAlmCm,GnOurcjN,4132.0
35,0,WynPMslR,vHkAlmCm,4126.0
1505,0,poajKJhB,zUgDRwiy,7379.0
1505,0,wDKuLbjL,poajKJhB,7393.0
1505,0,IfDrXrwx,wDKuLbjL,7662.0
1505,0,wxsBzgDc,IfDrXrwx,7677.0
1468,0,PZviXSbJ,hHvKehYu,8.0
1468,0,liXJvIPl,PZviXSbJ,210.0
1468,0,mwBDLsCe,liXJvIPl,210.0
1468,0,OsteSFoc,mwBDLsCe,210.0
1468,0,rEXMwzJR,OsteSFoc,210.0
1468,0,ZsdtRkBt,rEXMwzJR,210.0
1468,0,xwyDeZpB,ZsdtRkBt,341.0
1468,0,aFxztqGh,xwyDeZpB,341.0
1468,0,GiONHkbf,aFxztqGh,379.0
1468,0,QDIpIlEK,GiONHkbf,379.0
1468,0,GpnhEWuy,QDIpIlEK,177.0
77,0,ruogAkOJ,cQHgTjKq,3798.0
77,0,tndfGrTh,ruogAkOJ,3798.0
77,0,OdzEGWPG,tndfGrTh,3798.0
233,0,TdXLhpcB,miDIXkTS,1555.0
233,0,ckoHNDVp,TdXLhpcB,1889.0
233,0,miDIXkTS,EFeZyZmg,1395.0
77,0,cQHgTjKq,wGTdgRcU,3519.0
1484,0,HcKLTTXk,UgdUAhSn,445.0
1484,0,mexFgKBp,HcKLTTXk,450.0
1484,0,KIvXTDlT,mexFgKBp,450.0
1484,0,TgzZcdmy,KIvXTDlT,450.0
1484,0,SEjojzMr,TgzZcdmy,450.0
1484,0,WCllcJIC,SEjojzMr,450.0
1484,0,OXcUkifL,WCllcJIC,450.0
1484,0,POsNTwnJ,OXcUkifL,420.0
1484,0,rRGVruPM,POsNTwnJ,420.0
1484,0,YmkUpvHU,rRGVruPM,420.0
1484,0,GbYxEXTt,YmkUpvHU,420.0
1484,0,DOGyniWl,GbYxEXTt,420.0
1484,0,fubLBmAl,DOGyniWl,420.0
1484,0,zjSAMvDn,fubLBmAl,420.0
1484,0,BYsSDXCP,zjSAMvDn,418.0
1484,0,WtPVEKaC,BYsSDXCP,418.0
1484,0,cniBuICf,WtPVEKaC,141.0
1484,0,LPfgjVyT,cniBuICf,141.0
1484,0,cPCRxZjy,LPfgjVyT,127.0
1484,0,XFLojCJa,cPCRxZjy,127.0
1484,0,mHRdWDIt,XFLojCJa,127.0
1484,0,NBopaFdP,mHRdWDIt,127.0
1484,0,LbKosGpD,NBopaFdP,127.0
1484,0,rDSiGFpR,LbKosGpD,127.0
1484,0,hxSTJhOz,rDSiGFpR,106.0
1484,0,TShNRujB,hxSTJhOz,106.0
1484,0,xbiDwIOu,TShNRujB,59.0
1484,0,zVYhNTdK,xbiDwIOu,59.0
1484,0,EkWBPXmr,zVYhNTdK,59.0
362,0,jvuOCfJT,BCaYhIgf,181.0
362,0,vGKZybsV,jvuOCfJT,181.0
362,0,lEwLedpG,vGKZybsV,144.0
362,0,GtMUYUwJ,lEwLedpG,144.0
362,0,lQIpGOTn,GtMUYUwJ,144.0
362,0,uhUmvvRs,lQIpGOTn,137.0
362,0,GgLRqpEG,uhUmvvRs,127.0
362,0,WFZVQzrl,GgLRqpEG,126.0
362,0,GiONHkbf,WFZVQzrl,121.0
362,0,QDIpIlEK,GiONHkbf,121.0
362,0,GpnhEWuy,QDIpIlEK,99.0
362,0,YmkUpvHU,GpnhEWuy,99.0
362,0,GbYxEXTt,YmkUpvHU,99.0
362,0,DOGyniWl,GbYxEXTt,93.0
362,0,fubLBmAl,DOGyniWl,93.0
362,0,zjSAMvDn,fubLBmAl,93.0
362,0,BYsSDXCP,zjSAMvDn,88.0
362,0,WtPVEKaC,BYsSDXCP,87.0
362,0,cniBuICf,WtPVEKaC,87.0
362,0,LPfgjVyT,cniBuICf,87.0
362,0,cPCRxZjy,LPfgjVyT,65.0
362,0,qpacHTVx,cPCRxZjy,65.0
362,0,XFLojCJa,qpacHTVx,65.0
362,0,mHRdWDIt,XFLojCJa,65.0
362,0,NBopaFdP,mHRdWDIt,65.0
362,0,LbKosGpD,NBopaFdP,65.0
362,0,rDSiGFpR,LbKosGpD,65.0
362,0,hxSTJhOz,rDSiGFpR,61.0
362,0,TShNRujB,hxSTJhOz,56.0
362,0,xbiDwIOu,TShNRujB,54.0
362,0,zVYhNTdK,xbiDwIOu,54.0
362,0,EkWBPXmr,zVYhNTdK,54.0
362,0,fpBSsIiN,kVypOvQA,155.0
362,0,vDrIQGSM,fpBSsIiN,155.0
362,0,wYGnXViz,vDrIQGSM,155.0
362,0,BCaYhIgf,wYGnXViz,155.0
1435,0,xgzyCPTg,HAmwZMhM,6201.0
1435,0,XWLETkPz,xgzyCPTg,6201.0
1435,0,RSQixiib,XWLETkPz,6201.0
1435,0,qrzeRBPC,RSQixiib,9685.0
1435,0,phXawcIY,qrzeRBPC,9685.0
1435,0,EXTmTMKf,phXawcIY,7114.0
35,0,yfIoPTHo,EXTmTMKf,3369.0
35,0,GnOurcjN,yfIoPTHo,3385.0
1750,0,nOepWjtB,zfmNZkKD,3187.0
1750,0,kNXaohyL,nOepWjtB,3187.0
1750,0,gJicbLzN,kNXaohyL,3187.0
1750,0,lRwVVbKf,gJicbLzN,3237.0
1750,0,HcKLTTXk,lRwVVbKf,5418.0
1750,0,IvXmMOhB,HcKLTTXk,5441.0
1750,0,KIvXTDlT,IvXmMOhB,5397.0
1750,0,TgzZcdmy,KIvXTDlT,5397.0
1750,0,SEjojzMr,TgzZcdmy,5397.0
1750,0,oBYetVBr,SEjojzMr,5024.0
1750,0,GiONHkbf,oBYetVBr,4696.0
1750,0,QDIpIlEK,GiONHkbf,4638.0
77,0,meZHMfSd,yTNmoAGc,3253.0
77,0,wGTdgRcU,meZHMfSd,3253.0
35,0,zjGRmLyo,JGydtICe,2921.0
35,0,EXTmTMKf,zjGRmLyo,2959.0
36,0,JGydtICe,RtTLxXUv,2499.0
36,0,zjGRmLyo,JGydtICe,2499.0
36,0,EXTmTMKf,zjGRmLyo,2499.0
36,0,yfIoPTHo,EXTmTMKf,2499.0
36,0,GnOurcjN,yfIoPTHo,2499.0
36,0,vHkAlmCm,GnOurcjN,2499.0
36,0,WynPMslR,vHkAlmCm,2499.0
36,0,jQaLNViL,WynPMslR,2499.0
36,0,RfEbENxd,jQaLNViL,1778.0
36,0,DYvQviUy,RfEbENxd,1433.0
36,0,aFlzccOO,DYvQviUy,1432.0
36,0,TNZDhyQb,aFlzccOO,1407.0
36,0,LfENZYTF,TNZDhyQb,1407.0
36,0,FliRNcXy,LfENZYTF,1407.0
36,0,TiulEaYs,FliRNcXy,1352.0
36,0,dwUntJQR,TiulEaYs,1352.0
36,0,rloRqLNl,dwUntJQR,1352.0
36,0,ppabfQGz,rloRqLNl,1145.0
36,0,MBTcSIip,ppabfQGz,1145.0
36,0,qFzqwYZZ,MBTcSIip,1063.0
36,0,gaLZwYvS,qFzqwYZZ,978.0
36,0,XypZkLUe,gaLZwYvS,978.0
36,0,drmArhka,XypZkLUe,978.0
36,0,fwfbiPwk,drmArhka,964.0
36,0,cGoHBmgo,fwfbiPwk,645.0
36,0,EkWBPXmr,cGoHBmgo,645.0
1702,0,KOOURKwq,ALndweLA,2627.0
1702,0,VkuawVVW,KOOURKwq,2619.0
1702,0,iooOeHkN,VkuawVVW,2628.0
1702,0,DgeiAShx,iooOeHkN,2628.0
1511,0,jFRqfnFl,qeXIqBgp,10767.0
1511,0,ysSWNERo,jFRqfnFl,11052.0
1511,0,lEwLedpG,ysSWNERo,11027.0
1511,0,lQIpGOTn,lEwLedpG,11431.0
1511,0,uhUmvvRs,lQIpGOTn,11431.0
1532,0,ULIlEdjB,XHLHCkqn,1014.0
1532,0,zfmNZkKD,ULIlEdjB,1014.0
1532,0,tYiGccLM,zfmNZkKD,1303.0
1532,0,zVMCvpDh,tYiGccLM,1430.0
1532,0,tdSVPjpA,zVMCvpDh,1430.0
1532,0,nOepWjtB,tdSVPjpA,1430.0
1532,0,kNXaohyL,nOepWjtB,1430.0
1532,0,gJicbLzN,kNXaohyL,1430.0
1532,0,lRwVVbKf,gJicbLzN,1452.0
1532,0,HcKLTTXk,lRwVVbKf,1770.0
1532,0,IvXmMOhB,HcKLTTXk,2508.0
35,0,uCftfjda,aBQaRmrC,1489.0
35,0,JGydtICe,uCftfjda,1489.0
77,0,wDEypHfE,QCBPrBCl,2986.0
77,0,yTNmoAGc,wDEypHfE,2960.0
77,0,rGYrQqGa,OUTzwMHI,2910.0
77,0,QCBPrBCl,rGYrQqGa,2910.0
143,0,mexFgKBp,NrNaZyPp,2153.0
143,0,KIvXTDlT,mexFgKBp,1110.0
143,0,TgzZcdmy,KIvXTDlT,1117.0
143,0,SEjojzMr,TgzZcdmy,1117.0
143,0,WCllcJIC,SEjojzMr,750.0
143,0,OXcUkifL,WCllcJIC,750.0
143,0,POsNTwnJ,OXcUkifL,734.0
143,0,rRGVruPM,POsNTwnJ,734.0
143,0,YmkUpvHU,rRGVruPM,388.0
762,0,dHuMOmqh,HqehCtdr,4903.0
762,0,mdiSFJRM,dHuMOmqh,5044.0
762,0,ljNlRbnZ,mdiSFJRM,5044.0
762,0,VbMcfGsr,ljNlRbnZ,4676.0
762,0,MttNRhjN,VbMcfGsr,4676.0
762,0,HeidvHXY,MttNRhjN,4676.0
762,0,CCoJPQpR,HeidvHXY,4676.0
762,0,veAXvdUO,CCoJPQpR,7647.0
762,0,UgdUAhSn,veAXvdUO,7647.0
762,0,HcKLTTXk,UgdUAhSn,6052.0
762,0,zUgDRwiy,HcKLTTXk,5746.0
36,0,HxnLIWQq,tcbhlVZo,1516.0
36,0,wqGWmwVd,HxnLIWQq,2051.0
36,0,ACkvbmee,wqGWmwVd,2051.0
36,0,FtWuEuzF,ACkvbmee,2051.0
36,0,RtTLxXUv,FtWuEuzF,2051.0
852,0,nsbHlbAq,WhHfbZWj,1394.0
852,0,cwgbfpqq,nsbHlbAq,1394.0
852,0,fMrlznIn,cwgbfpqq,1394.0
852,0,uXKxCjNA,fMrlznIn,1394.0
852,0,bOiSLYGO,uXKxCjNA,1394.0
852,0,mhgPTzcZ,bOiSLYGO,1725.0
852,0,WFZVQzrl,mhgPTzcZ,1725.0
852,0,GiONHkbf,WFZVQzrl,1725.0
852,0,QDIpIlEK,GiONHkbf,1725.0
852,0,GpnhEWuy,QDIpIlEK,1725.0
852,0,YmkUpvHU,GpnhEWuy,1725.0
852,0,GbYxEXTt,YmkUpvHU,1725.0
852,0,DOGyniWl,GbYxEXTt,1725.0
852,0,fubLBmAl,DOGyniWl,1725.0
852,0,zjSAMvDn,fubLBmAl,1725.0
852,0,BYsSDXCP,zjSAMvDn,1697.0
852,0,WtPVEKaC,BYsSDXCP,1695.0
852,0,cniBuICf,WtPVEKaC,1629.0
852,0,LPfgjVyT,cniBuICf,1629.0
852,0,cPCRxZjy,LPfgjVyT,1523.0
852,0,XFLojCJa,cPCRxZjy,1521.0
852,0,mHRdWDIt,XFLojCJa,1521.0
852,0,NBopaFdP,mHRdWDIt,1521.0
852,0,LbKosGpD,NBopaFdP,1521.0
852,0,rDSiGFpR,LbKosGpD,1521.0
852,0,hxSTJhOz,rDSiGFpR,1448.0
852,0,TShNRujB,hxSTJhOz,1448.0
852,0,xbiDwIOu,TShNRujB,1128.0
852,0,zVYhNTdK,xbiDwIOu,1128.0
852,0,EkWBPXmr,zVYhNTdK,1128.0
780,0,VEiYdotb,AhWKwjTz,6599.0
780,0,DgYBMgPg,VEiYdotb,6599.0
780,0,vkArqzKY,DgYBMgPg,7101.0
780,0,gzTQJVMW,vkArqzKY,7101.0
780,0,FZsFzszJ,gzTQJVMW,3338.0
1511,0,ALhaazBT,FZsFzszJ,2271.0
1511,0,AUmOMGnp,ALhaazBT,2562.0
1511,0,ejMjPdTH,AUmOMGnp,2627.0
1511,0,eaNsVWDR,ejMjPdTH,3977.0
1511,0,hpACGGyB,eaNsVWDR,5861.0
1511,0,ywuGpANM,hpACGGyB,6046.0
1511,0,BZCtSmhk,ywuGpANM,10060.0
1511,0,qeXIqBgp,BZCtSmhk,10893.0
1441,0,JZbiEaEt,LsuNFzpq,1241.0
1441,0,RchOKnYD,JZbiEaEt,954.0
1441,0,BMDeXhVp,RchOKnYD,954.0
1441,0,ZqBGCTqq,BMDeXhVp,954.0
1441,0,HxnLIWQq,ZqBGCTqq,914.0
1441,0,wqGWmwVd,HxnLIWQq,901.0
1441,0,ACkvbmee,wqGWmwVd,867.0
1441,0,FtWuEuzF,ACkvbmee,867.0
1441,0,RtTLxXUv,FtWuEuzF,864.0
1441,0,JGydtICe,RtTLxXUv,916.0
836,0,UGBWqSzR,aImltWBw,3194.0
836,0,ywuGpANM,UGBWqSzR,3206.0
836,0,BZCtSmhk,ywuGpANM,6129.0
565,0,PQDqFTyk,qQFDKzdu,831.0
565,0,SOzmnmNW,PQDqFTyk,572.0
565,0,OhBAPvsb,SOzmnmNW,572.0
762,0,HqehCtdr,OhBAPvsb,5204.0
803,0,lhYDMMsV,LNRgsQQF,1162.0
803,0,dHuMOmqh,lhYDMMsV,1165.0
803,0,shEBYolm,dHuMOmqh,784.0
803,0,ljNlRbnZ,shEBYolm,784.0
803,0,MttNRhjN,ljNlRbnZ,763.0
803,0,HeidvHXY,MttNRhjN,763.0
803,0,CCoJPQpR,HeidvHXY,763.0
803,0,veAXvdUO,CCoJPQpR,763.0
803,0,UgdUAhSn,veAXvdUO,763.0
803,0,HcKLTTXk,UgdUAhSn,656.0
803,0,IvXmMOhB,HcKLTTXk,656.0
803,0,KIvXTDlT,IvXmMOhB,516.0
803,0,TgzZcdmy,KIvXTDlT,493.0
803,0,SEjojzMr,TgzZcdmy,493.0
803,0,WCllcJIC,SEjojzMr,457.0
803,0,OXcUkifL,WCllcJIC,376.0
803,0,POsNTwnJ,OXcUkifL,299.0
803,0,rRGVruPM,POsNTwnJ,160.0
803,0,YmkUpvHU,rRGVruPM,160.0
77,0,tcHYhVZo,XkkxwlXm,2714.0
77,0,OUTzwMHI,tcHYhVZo,2608.0
1484,0,llFTEWtD,IulxyPoH,91.0
1484,0,SgXyhVwd,llFTEWtD,91.0
1484,0,fPhIOSOj,SgXyhVwd,121.0
1484,0,dHuMOmqh,fPhIOSOj,121.0
1484,0,mdiSFJRM,dHuMOmqh,225.0
1484,0,KSJnwxVm,mdiSFJRM,225.0
1484,0,shEBYolm,KSJnwxVm,225.0
1484,0,ljNlRbnZ,shEBYolm,225.0
1484,0,VbMcfGsr,ljNlRbnZ,239.0
1484,0,MttNRhjN,VbMcfGsr,239.0
1484,0,CCoJPQpR,MttNRhjN,239.0
1484,0,veAXvdUO,CCoJPQpR,290.0
1484,0,UgdUAhSn,veAXvdUO,290.0
36,0,DFiOxLfP,OQfDwOIF,378.0
36,0,OaJoPLeC,DFiOxLfP,378.0
36,0,GMrJWgHs,OaJoPLeC,383.0
36,0,tTjpyeuP,GMrJWgHs,383.0
36,0,elxmPCDf,tTjpyeuP,383.0
36,0,tcbhlVZo,elxmPCDf,383.0
77,0,PQuXHWcA,ZFSCrBEp,2388.0
77,0,XkkxwlXm,PQuXHWcA,2388.0
803,0,ubEwIGdf,kWrGTFqC,350.0
803,0,aBKtLgYB,ubEwIGdf,350.0
803,0,qduHdsCL,aBKtLgYB,350.0
803,0,GYMzAvFw,qduHdsCL,350.0
803,0,VXAxIwYs,GYMzAvFw,350.0
803,0,ZHWKFCEn,VXAxIwYs,562.0
803,0,KbemmdTp,ZHWKFCEn,703.0
803,0,LNRgsQQF,KbemmdTp,745.0
994,0,KnIeolpt,RyhuDLev,6712.0
994,0,GMrJWgHs,KnIeolpt,6712.0
994,0,tTjpyeuP,GMrJWgHs,6686.0
994,0,elxmPCDf,tTjpyeuP,6686.0
994,0,tcbhlVZo,elxmPCDf,6686.0
994,0,HxnLIWQq,tcbhlVZo,3837.0
994,0,wqGWmwVd,HxnLIWQq,3836.0
994,0,ACkvbmee,wqGWmwVd,3836.0
994,0,FtWuEuzF,ACkvbmee,3836.0
994,0,RtTLxXUv,FtWuEuzF,3833.0
994,0,JGydtICe,RtTLxXUv,3638.0
560,0,IjDfGHsr,hzAARBgX,1894.0
560,0,TFRpjaAo,IjDfGHsr,1899.0
560,0,JhdinCeD,TFRpjaAo,1991.0
560,0,ZIieNEvD,JhdinCeD,1991.0
560,0,jvLymITs,ZIieNEvD,1991.0
560,0,jJVVpGMf,jvLymITs,1801.0
560,0,tcYerYbk,jJVVpGMf,1801.0
560,0,pPKqPUVW,tcYerYbk,1801.0
560,0,iYTiOTOT,pPKqPUVW,1801.0
560,0,dLtneiKf,iYTiOTOT,1801.0
560,0,slfxTuih,dLtneiKf,1801.0
560,0,XFPAZveS,slfxTuih,1629.0
560,0,WjGJosho,XFPAZveS,1373.0
77,0,fXFJjsZH,DKTMYVhM,2224.0
77,0,zKpOsJgw,fXFJjsZH,2224.0
77,0,ZFSCrBEp,zKpOsJgw,2224.0
994,0,fzmnvqlX,SEcoeimf,5269.0
994,0,RyhuDLev,fzmnvqlX,5269.0
77,0,SvkqEtGw,HbaaqMIK,1966.0
77,0,DKTMYVhM,SvkqEtGw,1966.0
994,0,zzxlwhdI,wssOAckJ,3280.0
994,0,SEcoeimf,zzxlwhdI,2482.0
1554,0,kTKiYpVR,EPQxNUoM,3922.0
1554,0,bjpXdchK,kTKiYpVR,2675.0
1554,0,dEgXqWEW,bjpXdchK,2675.0
1554,0,ZWGREbnj,dEgXqWEW,2675.0
1554,0,cgIzawVB,ZWGREbnj,2675.0
1554,0,CbYTLXWK,cgIzawVB,2675.0
1554,0,kWrGTFqC,CbYTLXWK,2675.0
1554,0,ubEwIGdf,kWrGTFqC,2673.0
1554,0,aBKtLgYB,ubEwIGdf,2673.0
1554,0,qduHdsCL,aBKtLgYB,2673.0
1554,0,GYMzAvFw,qduHdsCL,2673.0
1554,0,VXAxIwYs,GYMzAvFw,2673.0
1554,0,ZHWKFCEn,VXAxIwYs,2657.0
1554,0,KbemmdTp,ZHWKFCEn,2652.0
1554,0,wTVyxBBy,KbemmdTp,2652.0
1554,0,LNRgsQQF,wTVyxBBy,2652.0
1554,0,lhYDMMsV,LNRgsQQF,2650.0
1554,0,OhgtKZPi,lhYDMMsV,2650.0
1554,0,dHuMOmqh,OhgtKZPi,2650.0
1554,0,mdiSFJRM,dHuMOmqh,1842.0
1554,0,KSJnwxVm,mdiSFJRM,1766.0
1554,0,shEBYolm,KSJnwxVm,1766.0
1554,0,ljNlRbnZ,shEBYolm,1766.0
1554,0,VbMcfGsr,ljNlRbnZ,1753.0
1554,0,MttNRhjN,VbMcfGsr,1753.0
1554,0,HeidvHXY,MttNRhjN,1753.0
1554,0,CCoJPQpR,HeidvHXY,1753.0
1554,0,veAXvdUO,CCoJPQpR,1262.0
1554,0,UgdUAhSn,veAXvdUO,1262.0
1554,0,HcKLTTXk,UgdUAhSn,1257.0
1554,0,mexFgKBp,HcKLTTXk,1060.0
1554,0,KIvXTDlT,mexFgKBp,668.0
1554,0,TgzZcdmy,KIvXTDlT,668.0
1554,0,SEjojzMr,TgzZcdmy,668.0
1554,0,WCllcJIC,SEjojzMr,635.0
1554,0,OXcUkifL,WCllcJIC,369.0
1554,0,POsNTwnJ,OXcUkifL,369.0
1554,0,rRGVruPM,POsNTwnJ,369.0
1554,0,YmkUpvHU,rRGVruPM,191.0
994,0,wssOAckJ,obGcbWvT,2582.0
77,0,MwUoGUHv,aXWsLpyQ,1906.0
77,0,lndqhzzh,MwUoGUHv,1906.0
77,0,jOvjucEC,lndqhzzh,1906.0
77,0,HbaaqMIK,jOvjucEC,1906.0
1511,0,FZsFzszJ,gzTQJVMW,2209.0
994,0,QyfZGsFT,JgVaSAtG,2197.0
994,0,selTNsQi,QyfZGsFT,2197.0
994,0,SfBAqteg,selTNsQi,2197.0
994,0,obGcbWvT,SfBAqteg,2197.0
1511,0,gzTQJVMW,RVEyrwjR,2026.0
1558,0,KqFhDHZN,yHaTCNJc,274.0
1558,0,bCNvXuax,KqFhDHZN,1640.0
1558,0,HDmoIVra,bCNvXuax,1675.0
1558,0,tfRCwcQZ,HDmoIVra,1675.0
1558,0,ltfHcqwC,tfRCwcQZ,1774.0
1558,0,VUmYNFZt,ltfHcqwC,1774.0
1558,0,pnYEWPBG,VUmYNFZt,1774.0
1558,0,IANlmbvg,pnYEWPBG,2066.0
1558,0,LjfvDYFE,IANlmbvg,2433.0
1558,0,MhGEPaGW,LjfvDYFE,2439.0
1558,0,ZHWKFCEn,MhGEPaGW,2407.0
1558,0,LNRgsQQF,ZHWKFCEn,2381.0
1558,0,lhYDMMsV,LNRgsQQF,2380.0
1558,0,OhgtKZPi,lhYDMMsV,2380.0
1558,0,dHuMOmqh,OhgtKZPi,2380.0
1558,0,mdiSFJRM,dHuMOmqh,2261.0
1558,0,KSJnwxVm,mdiSFJRM,2070.0
1558,0,shEBYolm,KSJnwxVm,2070.0
1558,0,ljNlRbnZ,shEBYolm,2070.0
1558,0,VbMcfGsr,ljNlRbnZ,2068.0
1558,0,MttNRhjN,VbMcfGsr,2068.0
1558,0,CCoJPQpR,MttNRhjN,2068.0
1558,0,veAXvdUO,CCoJPQpR,1745.0
1558,0,UgdUAhSn,veAXvdUO,1745.0
1558,0,HcKLTTXk,UgdUAhSn,1734.0
1558,0,IvXmMOhB,HcKLTTXk,1500.0
1558,0,KIvXTDlT,IvXmMOhB,1344.0
1558,0,TgzZcdmy,KIvXTDlT,1342.0
1558,0,SEjojzMr,TgzZcdmy,1342.0
1558,0,WCllcJIC,SEjojzMr,1331.0
1558,0,OXcUkifL,WCllcJIC,996.0
1558,0,POsNTwnJ,OXcUkifL,971.0
1558,0,rRGVruPM,POsNTwnJ,971.0
1558,0,YmkUpvHU,rRGVruPM,791.0
1511,0,RVEyrwjR,XLVjRryq,445.0
1083,0,jobllKUJ,pqZYMbGr,3605.0
1083,0,cKlxsEIa,jobllKUJ,3605.0
1083,0,POeaLshN,cKlxsEIa,3605.0
1083,0,nvtqczOj,POeaLshN,3605.0
1083,0,FdzHSswJ,nvtqczOj,3362.0
1083,0,qmRscxuH,FdzHSswJ,3484.0
1083,0,zrVEttwl,qmRscxuH,3271.0
1083,0,KhQckqci,zrVEttwl,3271.0
1083,0,NkYJOxxA,KhQckqci,3271.0
1083,0,Phtvjmoj,NkYJOxxA,3273.0
1083,0,iRgZVaoH,Phtvjmoj,4450.0
1083,0,KbKyxild,iRgZVaoH,4450.0
1083,0,WzJZybAt,KbKyxild,3999.0
1083,0,wBZvskGC,WzJZybAt,3964.0
1083,0,pHbSfQWg,wBZvskGC,5217.0
1083,0,hlYcHDiv,pHbSfQWg,5217.0
1083,0,ZUUFaTkv,hlYcHDiv,5215.0
1083,0,jgCiOeaN,ZUUFaTkv,5247.0
1083,0,TikfrWrm,jgCiOeaN,5247.0
1083,0,RabBrvbh,TikfrWrm,6233.0
1083,0,yAsGVYQM,RabBrvbh,6233.0
1083,0,XFPAZveS,yAsGVYQM,17480.0
1083,0,ejMjPdTH,XFPAZveS,17526.0
1083,0,CKorGRkE,ejMjPdTH,9497.0
1083,0,eaNsVWDR,CKorGRkE,5565.0
77,0,TBShKgjD,yOopALph,1794.0
77,0,aXWsLpyQ,TBShKgjD,1794.0
779,0,khOlLZay,CDXhVrrJ,4257.0
77,0,IGRxApsM,ZNFFlclk,5.0
77,0,yOopALph,IGRxApsM,28.0
736,0,NxbXiMUL,MyGqmywG,6648.0
1511,0,XLVjRryq,NxbXiMUL,174.0
367,0,CgMBzfIg,OXvlrfnG,2197.0
367,0,BCwVkMhO,CgMBzfIg,2197.0
367,0,MpBHVRZl,BCwVkMhO,2039.0
367,0,BWKNZpmt,MpBHVRZl,2039.0
367,0,hMBIVszx,BWKNZpmt,2054.0
367,0,JgVaSAtG,hMBIVszx,2054.0
367,0,QyfZGsFT,JgVaSAtG,2074.0
367,0,selTNsQi,QyfZGsFT,2074.0
367,0,SfBAqteg,selTNsQi,2074.0
367,0,obGcbWvT,SfBAqteg,2074.0
367,0,wssOAckJ,obGcbWvT,2116.0
367,0,zzxlwhdI,wssOAckJ,2856.0
367,0,SEcoeimf,zzxlwhdI,2760.0
367,0,fzmnvqlX,SEcoeimf,3677.0
367,0,RyhuDLev,fzmnvqlX,3677.0
367,0,KnIeolpt,RyhuDLev,4132.0
367,0,GMrJWgHs,KnIeolpt,4132.0
367,0,tTjpyeuP,GMrJWgHs,4330.0
367,0,elxmPCDf,tTjpyeuP,4330.0
367,0,tcbhlVZo,elxmPCDf,4330.0
367,0,HxnLIWQq,tcbhlVZo,5270.0
367,0,wqGWmwVd,HxnLIWQq,5813.0
367,0,ACkvbmee,wqGWmwVd,5817.0
367,0,FtWuEuzF,ACkvbmee,5817.0
367,0,RtTLxXUv,FtWuEuzF,5823.0
367,0,JGydtICe,RtTLxXUv,6556.0
1511,0,vDFCntfg,YvwuVYMF,144.0
1511,0,iEKDTvNf,vDFCntfg,144.0
1511,0,NxbXiMUL,iEKDTvNf,144.0
71,0,dEwNKLNy,vaPtcLuK,1542.0
367,0,Uacajbua,wcUGKfLa,1605.0
367,0,ZLCIvgrp,Uacajbua,1617.0
367,0,ucVTqZIB,ZLCIvgrp,1552.0
367,0,FDrhtNjK,ucVTqZIB,1552.0
367,0,YVGWiGkc,FDrhtNjK,1552.0
367,0,CqPWXNIf,YVGWiGkc,1552.0
367,0,iZfXNAue,CqPWXNIf,1526.0
367,0,OXvlrfnG,iZfXNAue,2117.0
821,0,FgbDpeSh,fvMkSwKl,34.0
821,0,LjhqQBRt,FgbDpeSh,397.0
821,0,HdFJhFPb,LjhqQBRt,411.0
821,0,BUdgWiYp,HdFJhFPb,411.0
821,0,uYhYmSwb,BUdgWiYp,416.0
821,0,wcUGKfLa,uYhYmSwb,416.0
821,0,ZJxogzZw,wcUGKfLa,266.0
821,0,Uacajbua,ZJxogzZw,266.0
821,0,ZLCIvgrp,Uacajbua,266.0
821,0,ucVTqZIB,ZLCIvgrp,266.0
821,0,FDrhtNjK,ucVTqZIB,266.0
821,0,YVGWiGkc,FDrhtNjK,266.0
821,0,CqPWXNIf,YVGWiGkc,266.0
821,0,iZfXNAue,CqPWXNIf,261.0
821,0,OXvlrfnG,iZfXNAue,176.0
821,0,CgMBzfIg,OXvlrfnG,175.0
821,0,BCwVkMhO,CgMBzfIg,175.0
821,0,MpBHVRZl,BCwVkMhO,175.0
821,0,BWKNZpmt,MpBHVRZl,36.0
821,0,hMBIVszx,BWKNZpmt,36.0
821,0,JgVaSAtG,hMBIVszx,36.0
821,0,QyfZGsFT,JgVaSAtG,36.0
821,0,selTNsQi,QyfZGsFT,36.0
821,0,SfBAqteg,selTNsQi,36.0
821,0,obGcbWvT,SfBAqteg,36.0
821,0,wssOAckJ,obGcbWvT,31.0
821,0,zzxlwhdI,wssOAckJ,31.0
821,0,SEcoeimf,zzxlwhdI,17.0
821,0,fzmnvqlX,SEcoeimf,15.0
821,0,RyhuDLev,fzmnvqlX,15.0
821,0,KnIeolpt,RyhuDLev,15.0
821,0,GMrJWgHs,KnIeolpt,15.0
821,0,tTjpyeuP,GMrJWgHs,14.0
821,0,elxmPCDf,tTjpyeuP,14.0
821,0,tcbhlVZo,elxmPCDf,14.0
821,0,ZqBGCTqq,tcbhlVZo,14.0
821,0,HxnLIWQq,ZqBGCTqq,11.0
821,0,wqGWmwVd,HxnLIWQq,11.0
821,0,ACkvbmee,wqGWmwVd,11.0
821,0,FtWuEuzF,ACkvbmee,11.0
821,0,RtTLxXUv,FtWuEuzF,11.0
821,0,JGydtICe,RtTLxXUv,11.0
616,0,fElpHioA,TJGhHrvm,829.0
616,0,PaLbQtln,fElpHioA,999.0
616,0,rqBqDfoZ,PaLbQtln,999.0
616,0,yhXmuUeN,rqBqDfoZ,1875.0
319,0,zVYhNTdK,yhXmuUeN,1909.0
319,0,EkWBPXmr,zVYhNTdK,1896.0
234,0,xewbkqhz,AHLLTOdf,4742.0
234,0,mklbELhb,xewbkqhz,4629.0
234,0,yhXmuUeN,mklbELhb,4527.0
234,0,BqZQArDi,yhXmuUeN,2636.0
234,0,xbiDwIOu,BqZQArDi,2636.0
234,0,zVYhNTdK,xbiDwIOu,2636.0
234,0,EkWBPXmr,zVYhNTdK,2628.0
234,0,AHLLTOdf,JSZZmOIY,4972.0
319,0,zavSPsgu,YjHuxjDZ,5960.0
319,0,UrQlyWkl,zavSPsgu,5061.0
319,0,mklbELhb,UrQlyWkl,3508.0
319,0,yhXmuUeN,mklbELhb,1922.0
399,0,WPPGaTFA,RupFhEwj,2524.0
399,0,JSZZmOIY,WPPGaTFA,2524.0
399,0,AHLLTOdf,JSZZmOIY,2224.0
399,0,xewbkqhz,AHLLTOdf,1352.0
399,0,mklbELhb,xewbkqhz,1350.0
399,0,yhXmuUeN,mklbELhb,1350.0
399,0,BqZQArDi,yhXmuUeN,716.0
399,0,xbiDwIOu,BqZQArDi,716.0
399,0,zVYhNTdK,xbiDwIOu,716.0
399,0,EkWBPXmr,zVYhNTdK,716.0
234,0,JSZZmOIY,tBJBJfdu,3558.0
319,0,CZfJWCoJ,xfYjeqNM,5607.0
319,0,IdWZOznf,CZfJWCoJ,5607.0
319,0,XGxJlapP,IdWZOznf,5656.0
319,0,YjHuxjDZ,XGxJlapP,5656.0
647,0,bCOJrgoA,qDeoslSZ,1129.0
647,0,uTcsgvmK,bCOJrgoA,1138.0
647,0,PrdzzRyE,uTcsgvmK,1138.0
1744,0,xfYjeqNM,UWSJuCAz,4623.0
319,0,xfYjeqNM,RSPZrGBg,5928.0
647,0,qDeoslSZ,hLEWSLqw,449.0
399,0,eciAPzhn,zYpZYpOA,1399.0
399,0,tOfkaukv,eciAPzhn,1399.0
399,0,exzjGTVf,tOfkaukv,1399.0
399,0,CcTUkfkl,exzjGTVf,1399.0
399,0,tglFZOrp,CcTUkfkl,2080.0
399,0,SqxhBMol,tglFZOrp,2080.0
399,0,vIqdsoZx,SqxhBMol,2466.0
399,0,RupFhEwj,vIqdsoZx,2466.0
234,0,UECnapuN,bWAbaUPC,4316.0
234,0,uVsOstge,UECnapuN,4557.0
234,0,tBJBJfdu,uVsOstge,4538.0
234,0,bWAbaUPC,cEOIeJTR,4425.0
1197,0,CRZgpQHT,RQiSRtZp,634.0
1197,0,uDuzeUsq,CRZgpQHT,634.0
1197,0,ilYJImqh,uDuzeUsq,634.0
1197,0,gpXWTuwm,ilYJImqh,634.0
1197,0,jKjAXpVP,gpXWTuwm,612.0
1197,0,XXPGaRGh,jKjAXpVP,613.0
1197,0,IMtkgxTU,XXPGaRGh,613.0
1197,0,MlQcmexA,IMtkgxTU,613.0
1197,0,tSmiUoPn,MlQcmexA,560.0
1197,0,VuxSFkGj,tSmiUoPn,560.0
1197,0,SQUoXVXU,VuxSFkGj,560.0
1197,0,tZiWmgTn,SQUoXVXU,509.0
1197,0,JpkWIkgn,tZiWmgTn,386.0
1197,0,gDnuvefz,JpkWIkgn,386.0
1197,0,rqBqDfoZ,gDnuvefz,386.0
1197,0,yhXmuUeN,rqBqDfoZ,383.0
1197,0,BqZQArDi,yhXmuUeN,166.0
1197,0,xbiDwIOu,BqZQArDi,166.0
1197,0,zVYhNTdK,xbiDwIOu,166.0
1197,0,EkWBPXmr,zVYhNTdK,166.0
293,0,cEOIeJTR,CfleTooC,2419.0
293,0,bWAbaUPC,cEOIeJTR,2419.0
293,0,qrSNpKDz,bWAbaUPC,1904.0
293,0,UECnapuN,qrSNpKDz,1877.0
293,0,FZYojuVE,UECnapuN,1877.0
293,0,uVsOstge,FZYojuVE,1852.0
293,0,tBJBJfdu,uVsOstge,1708.0
293,0,JSZZmOIY,tBJBJfdu,1171.0
293,0,AHLLTOdf,JSZZmOIY,1171.0
293,0,xewbkqhz,AHLLTOdf,1104.0
293,0,mklbELhb,xewbkqhz,1104.0
293,0,yhXmuUeN,mklbELhb,1070.0
293,0,BqZQArDi,yhXmuUeN,481.0
293,0,xbiDwIOu,BqZQArDi,481.0
293,0,zVYhNTdK,xbiDwIOu,481.0
293,0,EkWBPXmr,zVYhNTdK,479.0
465,0,nGRNUPgX,ARTSSefO,7745.0
465,0,cPCRxZjy,nGRNUPgX,6831.0
1197,0,jPryMrof,xMTUUeEc,614.0
1197,0,jkJwqjHm,jPryMrof,614.0
1197,0,jKMBgxbE,jkJwqjHm,614.0
1197,0,RQiSRtZp,jKMBgxbE,614.0
95,0,VyegGjWt,kKHgYdYp,4.0
95,0,rLrKZBjw,VyegGjWt,4.0
95,0,eBAbFKqQ,rLrKZBjw,4.0
95,0,cniBuICf,eBAbFKqQ,4.0
95,0,LPfgjVyT,cniBuICf,4.0
95,0,cPCRxZjy,LPfgjVyT,4.0
95,0,qpacHTVx,cPCRxZjy,4.0
95,0,XFLojCJa,qpacHTVx,4.0
95,0,mHRdWDIt,XFLojCJa,4.0
95,0,NBopaFdP,mHRdWDIt,4.0
95,0,LbKosGpD,NBopaFdP,4.0
95,0,rDSiGFpR,LbKosGpD,4.0
95,0,hxSTJhOz,rDSiGFpR,4.0
95,0,TShNRujB,hxSTJhOz,4.0
95,0,xbiDwIOu,TShNRujB,4.0
95,0,zVYhNTdK,xbiDwIOu,4.0
95,0,EkWBPXmr,zVYhNTdK,4.0
399,0,CYSggHNR,IkxLwyxa,982.0
399,0,VhgapMoa,CYSggHNR,984.0
399,0,dKbqWpcD,VhgapMoa,984.0
399,0,zYpZYpOA,dKbqWpcD,984.0
146,0,zAwPDfkg,RWixPrCB,745.0
146,0,eBAbFKqQ,zAwPDfkg,745.0
146,0,cniBuICf,eBAbFKqQ,595.0
146,0,LPfgjVyT,cniBuICf,595.0
146,0,cPCRxZjy,LPfgjVyT,414.0
146,0,qpacHTVx,cPCRxZjy,414.0
146,0,XFLojCJa,qpacHTVx,414.0
146,0,mHRdWDIt,XFLojCJa,414.0
146,0,NBopaFdP,mHRdWDIt,414.0
146,0,LbKosGpD,NBopaFdP,414.0
146,0,rDSiGFpR,LbKosGpD,414.0
146,0,hxSTJhOz,rDSiGFpR,326.0
146,0,TShNRujB,hxSTJhOz,326.0
146,0,zVYhNTdK,TShNRujB,214.0
146,0,EkWBPXmr,zVYhNTdK,214.0
319,0,STSGJiIu,TdfMaTlB,5587.0
319,0,vpctkpYQ,STSGJiIu,5587.0
319,0,EBckcZXF,vpctkpYQ,5604.0
319,0,buAeVenh,EBckcZXF,5734.0
319,0,ARTSSefO,buAeVenh,5734.0
319,0,KMDYeUKg,ARTSSefO,5823.0
319,0,FrlvFFoW,KMDYeUKg,6018.0
319,0,UCIDNTPZ,FrlvFFoW,6008.0
319,0,RSPZrGBg,UCIDNTPZ,6027.0
234,0,hCxxcqWU,IOcMwGKn,4537.0
234,0,pPReLBCT,hCxxcqWU,4547.0
234,0,gUXxyAlR,pPReLBCT,4443.0
234,0,cEOIeJTR,gUXxyAlR,4443.0
234,0,IOcMwGKn,ybjkPLXB,4486.0
399,0,nJRBvlcT,YmbmpLps,395.0
399,0,IkxLwyxa,nJRBvlcT,690.0
293,0,fjbmYxRB,SzEcLYsf,1744.0
293,0,hCxxcqWU,fjbmYxRB,1744.0
293,0,gUXxyAlR,hCxxcqWU,1811.0
293,0,CfleTooC,gUXxyAlR,2450.0
146,0,WweXYmbm,JODrgTwh,1171.0
146,0,RWixPrCB,WweXYmbm,1171.0
399,0,JGbfxLUL,KQSHMGnw,252.0
399,0,IjwLXBRx,JGbfxLUL,252.0
399,0,YmbmpLps,IjwLXBRx,252.0
989,0,fjevhefZ,AUBTKFbY,6908.0
989,0,vyQyYYqJ,fjevhefZ,6849.0
989,0,ztLkgYlA,vyQyYYqJ,6830.0
319,0,OPXtWBVk,gqwqEGtD,5245.0
319,0,SvGtXrYj,OPXtWBVk,4995.0
319,0,TdfMaTlB,SvGtXrYj,4878.0
234,0,OAywdpTB,BpAiVnps,3533.0
234,0,ufvngNip,OAywdpTB,4323.0
234,0,ybjkPLXB,ufvngNip,4323.0
357,0,dlzglDFV,yFEIEiOj,1332.0
357,0,pZATYgJX,dlzglDFV,1332.0
357,0,DkqFSkSd,pZATYgJX,1311.0
357,0,bZroqIhX,DkqFSkSd,1311.0
357,0,zjSAMvDn,bZroqIhX,1306.0
679,0,goaumTLR,jXeBpcDF,4245.0
679,0,vNMxowJX,goaumTLR,4245.0
679,0,voZaDctr,vNMxowJX,4128.0
679,0,cttUtMNm,voZaDctr,4128.0
465,0,OPXtWBVk,nPkrzCty,9313.0
465,0,SvGtXrYj,OPXtWBVk,8882.0
465,0,TdfMaTlB,SvGtXrYj,8897.0
465,0,STSGJiIu,TdfMaTlB,8095.0
465,0,buAeVenh,STSGJiIu,8095.0
465,0,ARTSSefO,buAeVenh,8089.0
1567,0,ZIPCqImv,ciAbSxQX,13147.0
1567,0,aWNaUdzp,ZIPCqImv,13147.0
1567,0,FCsbIOBe,aWNaUdzp,15241.0
1567,0,wyEQXfIU,FCsbIOBe,15241.0
1567,0,aRKvwhNi,wyEQXfIU,15241.0
1567,0,eyAJPdep,aRKvwhNi,13873.0
1567,0,RCkelXPh,eyAJPdep,14784.0
465,0,jcExlqwL,RCkelXPh,8840.0
465,0,YctaenCe,jcExlqwL,9641.0
465,0,tzYrVhKO,YctaenCe,9647.0
465,0,UgpyjFML,tzYrVhKO,9647.0
465,0,nPkrzCty,UgpyjFML,7809.0
711,0,ouPwTbuD,qGnNRXVR,2023.0
711,0,LPldZjRa,ouPwTbuD,2245.0
711,0,adsviABF,LPldZjRa,3056.0
711,0,TqlJzItM,adsviABF,3760.0
711,0,IjwLXBRx,TqlJzItM,3100.0
711,0,nJRBvlcT,IjwLXBRx,2518.0
711,0,IkxLwyxa,nJRBvlcT,2126.0
711,0,CYSggHNR,IkxLwyxa,2631.0
321,0,mnAVlSWp,LsQRoNsL,369.0
321,0,aLvvGSoW,mnAVlSWp,369.0
321,0,nPkrzCty,aLvvGSoW,551.0
321,0,OPXtWBVk,nPkrzCty,551.0
321,0,SvGtXrYj,OPXtWBVk,551.0
321,0,TdfMaTlB,SvGtXrYj,551.0
321,0,STSGJiIu,TdfMaTlB,420.0
321,0,vpctkpYQ,STSGJiIu,420.0
321,0,EBckcZXF,vpctkpYQ,420.0
321,0,buAeVenh,EBckcZXF,420.0
321,0,ARTSSefO,buAeVenh,420.0
321,0,KMDYeUKg,ARTSSefO,420.0
321,0,FrlvFFoW,KMDYeUKg,420.0
321,0,UCIDNTPZ,FrlvFFoW,420.0
321,0,RSPZrGBg,UCIDNTPZ,420.0
321,0,xfYjeqNM,RSPZrGBg,289.0
321,0,IdWZOznf,xfYjeqNM,289.0
989,0,AUBTKFbY,pzcCDVmZ,7381.0
319,0,gqwqEGtD,vSdfqYeK,5394.0
319,0,vSdfqYeK,oBjbzljy,1150.0
357,0,zjQVJpHm,ICtDTIBO,693.0
357,0,RBVPcVzH,zjQVJpHm,693.0
357,0,yXKTuRtI,RBVPcVzH,693.0
357,0,yFEIEiOj,yXKTuRtI,1047.0
16,0,xGsoSfhX,ozuppJDT,6159.0
16,0,ufvngNip,xGsoSfhX,5746.0
16,0,ybjkPLXB,ufvngNip,5746.0
16,0,IOcMwGKn,ybjkPLXB,4821.0
16,0,hCxxcqWU,IOcMwGKn,5146.0
16,0,gUXxyAlR,hCxxcqWU,5143.0
16,0,cEOIeJTR,gUXxyAlR,4798.0
16,0,bWAbaUPC,cEOIeJTR,4821.0
16,0,UECnapuN,bWAbaUPC,5105.0
16,0,uVsOstge,UECnapuN,5081.0
16,0,tBJBJfdu,uVsOstge,4969.0
16,0,xewbkqhz,tBJBJfdu,5748.0
16,0,mklbELhb,xewbkqhz,6257.0
16,0,yhXmuUeN,mklbELhb,5702.0
465,0,RCkelXPh,eyAJPdep,2819.0
591,0,MpPYcjVn,BYVXItej,1451.0
591,0,DewKhksr,MpPYcjVn,1451.0
591,0,vqGhvZJF,DewKhksr,1451.0
1376,0,cMUNkugJ,dxlyVRvH,578.0
1376,0,DLdtTvFi,cMUNkugJ,580.0
1376,0,vRWSdFEN,DLdtTvFi,502.0
1376,0,tNTWUPxE,vRWSdFEN,614.0
1376,0,WPBOglHu,tNTWUPxE,615.0
1376,0,ftMGYADA,WPBOglHu,614.0
1376,0,lklhFYFG,ftMGYADA,643.0
1376,0,laWGsLMv,lklhFYFG,643.0
1376,0,JYcdyiOK,laWGsLMv,643.0
1380,0,kueIUJls,XGJiqzLW,565.0
1380,0,LYjhOoFf,kueIUJls,565.0
1380,0,QdWOxWia,LYjhOoFf,830.0
1380,0,gViLrCgA,QdWOxWia,855.0
1380,0,cCSIoIah,gViLrCgA,901.0
1380,0,DLdtTvFi,cCSIoIah,901.0
1380,0,vRWSdFEN,DLdtTvFi,915.0
1380,0,tNTWUPxE,vRWSdFEN,893.0
1380,0,WPBOglHu,tNTWUPxE,893.0
1380,0,ftMGYADA,WPBOglHu,886.0
1380,0,lklhFYFG,ftMGYADA,886.0
1380,0,laWGsLMv,lklhFYFG,878.0
1380,0,tqUAPVAa,laWGsLMv,878.0
1380,0,JYcdyiOK,tqUAPVAa,878.0
1380,0,mTvPylzX,JYcdyiOK,878.0
1380,0,qKDzyFqg,mTvPylzX,878.0
1380,0,mZseJHmU,qKDzyFqg,877.0
1380,0,rClMLArS,mZseJHmU,994.0
1380,0,MHYyLhRG,rClMLArS,994.0
1380,0,CcTUkfkl,MHYyLhRG,904.0
1380,0,tglFZOrp,CcTUkfkl,904.0
1380,0,SqxhBMol,tglFZOrp,711.0
1380,0,vIqdsoZx,SqxhBMol,707.0
1380,0,xkdRvtRu,vIqdsoZx,616.0
1380,0,SjZGieDS,xkdRvtRu,610.0
1380,0,tZiWmgTn,SjZGieDS,494.0
1380,0,gDnuvefz,tZiWmgTn,478.0
1380,0,rqBqDfoZ,gDnuvefz,478.0
1380,0,yhXmuUeN,rqBqDfoZ,397.0
1380,0,BqZQArDi,yhXmuUeN,245.0
1380,0,xbiDwIOu,BqZQArDi,245.0
1380,0,zVYhNTdK,xbiDwIOu,245.0
1380,0,EkWBPXmr,zVYhNTdK,245.0
16,0,xQSKBJml,SwLVnWPq,6158.0
16,0,eXTjiXiW,xQSKBJml,6158.0
16,0,UUCrlfWg,eXTjiXiW,6158.0
16,0,YULSfngF,UUCrlfWg,6158.0
16,0,ozuppJDT,YULSfngF,6156.0
1666,0,uskMapbi,losuIFuX,2842.0
1666,0,yXOuyCwN,uskMapbi,2842.0
1666,0,mSGryPaH,yXOuyCwN,2900.0
1666,0,PITuJYqk,mSGryPaH,2900.0
1666,0,XGJiqzLW,PITuJYqk,2900.0
1189,0,JxFLnqJu,pkhwWQVf,2260.0
1189,0,GDiQpvtB,JxFLnqJu,2260.0
1189,0,fGmFhgnx,GDiQpvtB,2237.0
1189,0,XyHfgUxW,fGmFhgnx,1266.0
1189,0,zjjLSYAp,XyHfgUxW,1266.0
1189,0,wrsPDGBQ,zjjLSYAp,1266.0
1189,0,UtwZFZsx,wrsPDGBQ,1100.0
1189,0,QsteKrle,UtwZFZsx,1100.0
1189,0,XMWgellz,QsteKrle,1100.0
1180,0,dAjqsFfg,tJbXQuOE,6074.0
1180,0,vizUtPmY,dAjqsFfg,6074.0
1180,0,QewuHWYk,vizUtPmY,6074.0
1180,0,fytASSfG,QewuHWYk,5688.0
1180,0,kFSxtGUW,fytASSfG,5688.0
1180,0,ULMVzkWs,kFSxtGUW,5112.0
1180,0,ZNjvBYak,ULMVzkWs,5112.0
1180,0,wPeqfEci,ZNjvBYak,5185.0
1180,0,MjMDaXaP,wPeqfEci,5185.0
1180,0,hSdNxZqe,MjMDaXaP,5185.0
1189,0,pkhwWQVf,KSSwmuEx,1428.0
1303,0,rckblBTM,yQQuLFAg,973.0
1303,0,fGmFhgnx,rckblBTM,973.0
1303,0,zjjLSYAp,fGmFhgnx,1074.0
1303,0,wrsPDGBQ,zjjLSYAp,1074.0
1303,0,QsteKrle,wrsPDGBQ,1210.0
1303,0,XMWgellz,QsteKrle,1210.0
1303,0,adsviABF,XMWgellz,1292.0
1303,0,XYiwYIqY,adsviABF,1305.0
1303,0,wvKdtztS,XYiwYIqY,1305.0
1303,0,LBOtcvsG,wvKdtztS,1279.0
1303,0,QncWjmnC,LBOtcvsG,1280.0
1303,0,ERcEoUXY,QncWjmnC,1280.0
1303,0,bWAbaUPC,ERcEoUXY,965.0
1303,0,niqrIlpR,bWAbaUPC,793.0
1303,0,tBJBJfdu,niqrIlpR,659.0
1303,0,JSZZmOIY,tBJBJfdu,442.0
1303,0,AHLLTOdf,JSZZmOIY,442.0
1303,0,xewbkqhz,AHLLTOdf,375.0
1303,0,mklbELhb,xewbkqhz,375.0
1303,0,yhXmuUeN,mklbELhb,372.0
1303,0,BqZQArDi,yhXmuUeN,225.0
1303,0,xbiDwIOu,BqZQArDi,219.0
1303,0,zVYhNTdK,xbiDwIOu,219.0
1303,0,EkWBPXmr,zVYhNTdK,219.0
465,0,FFGyTMvJ,PkbhOCMh,200.0
465,0,eyAJPdep,FFGyTMvJ,302.0
16,0,rSdxnGDj,otuYkIZd,6941.0
16,0,MkXEUCdM,rSdxnGDj,5198.0
16,0,oiYuCTCe,MkXEUCdM,5198.0
16,0,SwLVnWPq,oiYuCTCe,5309.0
465,0,kjxfKqbD,hSRFRBsa,120.0
465,0,mSXRukCc,kjxfKqbD,145.0
465,0,PkbhOCMh,mSXRukCc,145.0
1262,0,jFRqfnFl,gmsNDepi,12600.0
1262,0,ysSWNERo,jFRqfnFl,11983.0
1262,0,lEwLedpG,ysSWNERo,11837.0
1262,0,GtMUYUwJ,lEwLedpG,11428.0
1262,0,lQIpGOTn,GtMUYUwJ,11362.0
1262,0,uhUmvvRs,lQIpGOTn,10428.0
1262,0,svgtEcQx,uhUmvvRs,10493.0
1262,0,HcPkwFHM,svgtEcQx,9583.0
1262,0,KjuJaNsu,HcPkwFHM,9168.0
1262,0,oNyGHMvy,KjuJaNsu,8612.0
1262,0,QdnKSSsO,oNyGHMvy,8308.0
1262,0,vSdfqYeK,QdnKSSsO,7864.0
1050,0,apXGdFyI,kVWIKiQU,377.0
1050,0,RmlHIOuG,apXGdFyI,345.0
1050,0,lyEmHaNr,RmlHIOuG,345.0
1050,0,wzWDodFe,lyEmHaNr,300.0
1050,0,siPRjksc,wzWDodFe,300.0
1050,0,GIlSPhwi,siPRjksc,300.0
1050,0,ZPJGdbAJ,GIlSPhwi,300.0
1050,0,xfbmoJHP,ZPJGdbAJ,300.0
1497,0,lOYrQfzi,oajqUPaH,1592.0
1497,0,iuewtDUr,lOYrQfzi,1593.0
1497,0,KdEmbmsx,iuewtDUr,1593.0
1497,0,GkYZbgqg,KdEmbmsx,1593.0
1497,0,FlYjxOxQ,GkYZbgqg,1593.0
1497,0,wFSILCzc,FlYjxOxQ,1593.0
1497,0,yQQuLFAg,wFSILCzc,1593.0
1497,0,rUKSlFeh,yQQuLFAg,1593.0
1497,0,rckblBTM,rUKSlFeh,1593.0
1497,0,gKoyUmab,rckblBTM,1593.0
1497,0,fGmFhgnx,gKoyUmab,1560.0
1497,0,XyHfgUxW,fGmFhgnx,1208.0
1497,0,zjjLSYAp,XyHfgUxW,1208.0
1497,0,wrsPDGBQ,zjjLSYAp,1206.0
1497,0,UtwZFZsx,wrsPDGBQ,741.0
1497,0,QsteKrle,UtwZFZsx,741.0
1497,0,vqGhvZJF,QsteKrle,741.0
1345,0,XiLvnZTk,leVkrEcC,195.0
1345,0,FStgRiBS,XiLvnZTk,64.0
1345,0,GkYZbgqg,FStgRiBS,64.0
1345,0,FlYjxOxQ,GkYZbgqg,64.0
1345,0,wFSILCzc,FlYjxOxQ,64.0
1345,0,yQQuLFAg,wFSILCzc,64.0
1345,0,rUKSlFeh,yQQuLFAg,29.0
1345,0,rckblBTM,rUKSlFeh,29.0
1345,0,gKoyUmab,rckblBTM,29.0
1345,0,fGmFhgnx,gKoyUmab,29.0
1345,0,XyHfgUxW,fGmFhgnx,26.0
1345,0,zjjLSYAp,XyHfgUxW,26.0
1345,0,nIakFMcq,zjjLSYAp,26.0
1345,0,yAgyFeHo,nIakFMcq,18.0
1345,0,QdWOxWia,yAgyFeHo,14.0
1345,0,gViLrCgA,QdWOxWia,14.0
1345,0,cCSIoIah,gViLrCgA,14.0
1345,0,DLdtTvFi,cCSIoIah,14.0
1593,0,ujKjPJkx,PFRWWlNS,4883.0
1593,0,VOQRbkUl,ujKjPJkx,4883.0
1593,0,ciAbSxQX,VOQRbkUl,6524.0
1318,0,CoFyQOTC,jnDfAorM,3988.0
1318,0,HMiMHaRv,CoFyQOTC,3988.0
1318,0,kLfGGOkq,HMiMHaRv,3988.0
1318,0,ygVaThfM,kLfGGOkq,3988.0
1318,0,otuYkIZd,ygVaThfM,4011.0
1318,0,rSdxnGDj,otuYkIZd,4716.0
835,0,BGChynOq,gKGqSXsa,7199.0
835,0,ffHVhHJj,BGChynOq,6987.0
835,0,itmFNPnQ,ffHVhHJj,6987.0
835,0,mEEGNlDG,itmFNPnQ,6987.0
835,0,njiqgOWt,mEEGNlDG,6972.0
1567,0,TEKQTTfp,YzXnYVPd,3848.0
1567,0,ciAbSxQX,TEKQTTfp,3587.0
1176,0,BdERaXqk,VWFAQayS,2775.0
1176,0,apXGdFyI,BdERaXqk,2775.0
1176,0,RmlHIOuG,apXGdFyI,2737.0
1176,0,gxWRCjNy,RmlHIOuG,2737.0
1176,0,lyEmHaNr,gxWRCjNy,2737.0
1176,0,wzWDodFe,lyEmHaNr,1958.0
1176,0,siPRjksc,wzWDodFe,1958.0
1176,0,SOtvIsgL,siPRjksc,1958.0
1176,0,GIlSPhwi,SOtvIsgL,2071.0
1176,0,ZPJGdbAJ,GIlSPhwi,2071.0
1176,0,IAmXeTgg,ZPJGdbAJ,2071.0
866,0,BgNaSNFf,zKrYjMnL,2585.0
866,0,IsieOPvU,BgNaSNFf,2590.0
866,0,UEPelLBG,IsieOPvU,2608.0
866,0,gpKesHQf,UEPelLBG,2608.0
866,0,lyZkKOPR,gpKesHQf,2608.0
866,0,DorRdqSK,lyZkKOPR,2608.0
866,0,cwgbfpqq,DorRdqSK,2608.0
866,0,fMrlznIn,cwgbfpqq,2608.0
866,0,uXKxCjNA,fMrlznIn,2608.0
866,0,bOiSLYGO,uXKxCjNA,2579.0
866,0,mhgPTzcZ,bOiSLYGO,2498.0
866,0,WFZVQzrl,mhgPTzcZ,2237.0
1255,0,rckblBTM,rUKSlFeh,1598.0
1567,0,ZuDlysuz,FwybjYQK,4342.0
1567,0,IkwHYYuh,ZuDlysuz,4312.0
1567,0,YzXnYVPd,IkwHYYuh,4211.0
1303,0,bHagonKv,vacPrbQA,752.0
1303,0,XiLvnZTk,bHagonKv,752.0
1303,0,FlYjxOxQ,XiLvnZTk,756.0
1303,0,yQQuLFAg,FlYjxOxQ,814.0
1226,0,JLvNOQnl,NmRushck,10543.0
1226,0,BGChynOq,JLvNOQnl,10747.0
1226,0,ffHVhHJj,BGChynOq,10370.0
1226,0,itmFNPnQ,ffHVhHJj,10370.0
1226,0,jVOVHrFU,itmFNPnQ,10370.0
16,0,CEZTRnUo,qflzswAf,6310.0
16,0,funWfCdm,CEZTRnUo,6310.0
16,0,rnFrOJMw,funWfCdm,6310.0
16,0,MklhhYCQ,rnFrOJMw,6311.0
16,0,MnTeelLR,MklhhYCQ,7858.0
16,0,XnPpfSyF,MnTeelLR,10383.0
16,0,otuYkIZd,XnPpfSyF,10383.0
750,0,CMzYUzyh,SrmEoNnE,1931.0
750,0,CJTVPZbh,CMzYUzyh,1931.0
750,0,DLAIfXxc,CJTVPZbh,2004.0
750,0,lyEmHaNr,DLAIfXxc,2309.0
750,0,wzWDodFe,lyEmHaNr,1549.0
750,0,siPRjksc,wzWDodFe,1549.0
750,0,SOtvIsgL,siPRjksc,1549.0
1030,0,agMXkLfj,PyGiRErs,7503.0
1030,0,qflzswAf,agMXkLfj,7503.0
1567,0,MhxjGQjy,mhYSfvAq,4407.0
1567,0,EhUxMFuQ,MhxjGQjy,4407.0
1567,0,HZcfHzwe,EhUxMFuQ,4564.0
1567,0,KcDUQTDz,HZcfHzwe,4404.0
1567,0,qoWOoICL,KcDUQTDz,4404.0
1567,0,FwybjYQK,qoWOoICL,4404.0
1664,0,JeEnofCX,mvZTxord,1253.0
1664,0,jnDfAorM,JeEnofCX,1393.0
1530,0,ojqTFFWy,kVeKzKrW,336.0
1649,0,OOwDmsWF,TCeiTEZh,258.0
1649,0,RjRljmKl,OOwDmsWF,258.0
1649,0,QRWCUyXY,RjRljmKl,258.0
1649,0,bGxnPBxb,QRWCUyXY,258.0
1649,0,mvgVyONe,bGxnPBxb,258.0
1649,0,YlcUcHmr,mvgVyONe,258.0
1649,0,puuUveiG,YlcUcHmr,258.0
1649,0,CGfCHyje,puuUveiG,258.0
1649,0,qflzswAf,CGfCHyje,249.0
400,0,XeinAhyy,MlYFoaez,1402.0
400,0,pGpZhRvq,XeinAhyy,1402.0
400,0,alaJPSTW,pGpZhRvq,1402.0
400,0,ngNzeSzC,alaJPSTW,1402.0
400,0,PHuvYJrP,ngNzeSzC,1402.0
400,0,FoxIDeQY,PHuvYJrP,1483.0
1303,0,dZoxKDmD,FoxIDeQY,6.0
1303,0,ZOuLYtJj,dZoxKDmD,196.0
1303,0,SGnJOquj,ZOuLYtJj,222.0
1303,0,vacPrbQA,SGnJOquj,222.0
1125,0,SPorkGXj,XsvFZXJo,2601.0
1125,0,IJbUVGLH,SPorkGXj,2616.0
1125,0,ZqOseExI,IJbUVGLH,2616.0
1125,0,FdBCLyPI,ZqOseExI,2587.0
1125,0,XuFnwsQn,FdBCLyPI,2587.0
1125,0,CrOFTJlw,XuFnwsQn,2587.0
1125,0,PyGiRErs,CrOFTJlw,2487.0
1125,0,qflzswAf,PyGiRErs,2078.0
1075,0,UvdLYolu,TIlepZYr,1248.0
1075,0,ZFKsyBay,UvdLYolu,1248.0
1075,0,suvDbtPR,ZFKsyBay,1329.0
1075,0,clVXMHJf,suvDbtPR,810.0
1075,0,UXEWVZzP,clVXMHJf,810.0
1075,0,MlYFoaez,UXEWVZzP,739.0
1075,0,XeinAhyy,MlYFoaez,738.0
1075,0,pGpZhRvq,XeinAhyy,738.0
1075,0,alaJPSTW,pGpZhRvq,738.0
1075,0,ngNzeSzC,alaJPSTW,738.0
1075,0,PHuvYJrP,ngNzeSzC,738.0
1075,0,FoxIDeQY,PHuvYJrP,738.0
1075,0,dZoxKDmD,FoxIDeQY,692.0
1075,0,ZOuLYtJj,dZoxKDmD,692.0
1019,0,yKgFraCR,obftSQtS,3029.0
1019,0,LIDMLZkw,yKgFraCR,3035.0
1019,0,JEpPbBSc,LIDMLZkw,3035.0
1019,0,YkNJvTAu,JEpPbBSc,3025.0
1019,0,TIlepZYr,YkNJvTAu,2939.0
1019,0,BmQLYaPd,TIlepZYr,2922.0
1019,0,UvdLYolu,BmQLYaPd,2922.0
1019,0,ZFKsyBay,UvdLYolu,2922.0
1019,0,suvDbtPR,ZFKsyBay,2904.0
1019,0,clVXMHJf,suvDbtPR,789.0
1019,0,UXEWVZzP,clVXMHJf,789.0
1019,0,MlYFoaez,UXEWVZzP,785.0
1019,0,XeinAhyy,MlYFoaez,743.0
1019,0,pGpZhRvq,XeinAhyy,743.0
1019,0,alaJPSTW,pGpZhRvq,743.0
1019,0,ngNzeSzC,alaJPSTW,743.0
1019,0,PHuvYJrP,ngNzeSzC,743.0
1019,0,FoxIDeQY,PHuvYJrP,743.0
1019,0,dZoxKDmD,FoxIDeQY,743.0
1019,0,ZOuLYtJj,dZoxKDmD,743.0
1019,0,SGnJOquj,ZOuLYtJj,743.0
1019,0,vacPrbQA,SGnJOquj,739.0
1030,0,ixhHdGBo,aaeLLxLj,4043.0
1030,0,spVkBMtX,ixhHdGBo,4393.0
1030,0,uuLXjUrY,spVkBMtX,4393.0
1030,0,ekoOPpVq,uuLXjUrY,4393.0
1030,0,rljVoTvk,ekoOPpVq,4469.0
1030,0,gxidCspv,rljVoTvk,4469.0
1030,0,wRTYbalx,gxidCspv,5251.0
1030,0,DHkaGHFf,wRTYbalx,5251.0
1030,0,FdBCLyPI,DHkaGHFf,5082.0
1030,0,CrOFTJlw,FdBCLyPI,5088.0
1030,0,PyGiRErs,CrOFTJlw,4748.0
750,0,eViNbjWB,MtbBZIqI,158.0
750,0,euIYYdlw,eViNbjWB,146.0
750,0,xRMPpTGi,euIYYdlw,146.0
750,0,MLYhGOjG,xRMPpTGi,146.0
750,0,lWnrzrzW,MLYhGOjG,146.0
750,0,zrFdTehz,lWnrzrzW,146.0
750,0,xHyAtnfx,zrFdTehz,146.0
750,0,qUWcqGRU,xHyAtnfx,146.0
750,0,kOVxiGFe,qUWcqGRU,178.0
750,0,WeqAZPal,kOVxiGFe,178.0
750,0,mfgtosUp,WeqAZPal,178.0
750,0,rDRMBgEM,mfgtosUp,178.0
750,0,GrxyFhrL,rDRMBgEM,178.0
750,0,oQxUwlRM,GrxyFhrL,636.0
750,0,pbsOcZdr,oQxUwlRM,636.0
750,0,eIGUaObZ,pbsOcZdr,679.0
750,0,EvlCTWAM,eIGUaObZ,679.0
750,0,BjpwENcr,EvlCTWAM,679.0
750,0,PYFpJmOq,BjpwENcr,712.0
750,0,sWjnuVdS,PYFpJmOq,714.0
750,0,UsVsFgoS,sWjnuVdS,714.0
750,0,IxqYybMf,UsVsFgoS,757.0
750,0,ZZxaTLmM,IxqYybMf,757.0
750,0,lgdUBlCD,ZZxaTLmM,756.0
750,0,jlZHvhwS,lgdUBlCD,756.0
750,0,SrmEoNnE,jlZHvhwS,784.0
273,0,peBgOXli,yAqyhWkU,3199.0
273,0,KnWWIWQx,peBgOXli,3294.0
273,0,bRAzuzSs,KnWWIWQx,3294.0
273,0,OwpcAtJV,bRAzuzSs,3315.0
273,0,XVbubuGa,OwpcAtJV,2888.0
273,0,iuOUwLky,XVbubuGa,2888.0
273,0,jeadfqyj,iuOUwLky,2888.0
273,0,RkbXqAIs,MTAZIXBL,3562.0
273,0,TAifzqok,RkbXqAIs,3640.0
273,0,wWcBzuvM,TAifzqok,3870.0
273,0,GcGOdrPa,wWcBzuvM,3908.0
273,0,yAqyhWkU,GcGOdrPa,3908.0
273,0,QRSRIbba,leJfirnk,2152.0
273,0,EkCoFwMY,QRSRIbba,2188.0
273,0,jqriedgy,EkCoFwMY,2281.0
273,0,MTAZIXBL,jqriedgy,2281.0
273,0,wuyFtExA,EtvjcvTp,1216.0
273,0,MrybjzSo,wuyFtExA,1216.0
273,0,leJfirnk,MrybjzSo,1216.0
658,0,iCFxwoUV,XfoHenDx,1013.0
658,0,WRCkhCoY,iCFxwoUV,1013.0
658,0,gsCFEnid,WRCkhCoY,1054.0
658,0,mtKVLjly,gsCFEnid,1119.0
573,0,hxSTJhOz,rDSiGFpR,949.0
573,0,TShNRujB,hxSTJhOz,950.0
573,0,xbiDwIOu,TShNRujB,1346.0
573,0,zVYhNTdK,xbiDwIOu,1346.0
573,0,nprusgCY,zVYhNTdK,1348.0
573,0,LTDgdyOW,nprusgCY,1363.0
989,0,WdOwNGhj,xfbmoJHP,4723.0
989,0,kKKRBhFF,WdOwNGhj,4723.0
989,0,NFInfBeu,kKKRBhFF,5206.0
989,0,VCQdmIoF,NFInfBeu,5206.0
989,0,ePrpofUw,VCQdmIoF,5206.0
989,0,KcvPUxQg,ePrpofUw,6367.0
989,0,BlnSxBAr,KcvPUxQg,6462.0
989,0,TCBUGaZf,BlnSxBAr,7289.0
989,0,pzcCDVmZ,TCBUGaZf,7623.0
989,0,duRJdiSr,FcOkCcps,3107.0
989,0,uiYVYPQX,duRJdiSr,2921.0
989,0,ozAxYCwR,uiYVYPQX,982.0
595,0,zltqyTKX,kBaIvAJI,550.0
595,0,TRZUQkiC,zltqyTKX,550.0
595,0,wCUyFOIX,TRZUQkiC,550.0
595,0,RtYHfABF,wCUyFOIX,549.0
595,0,JKycCNae,RtYHfABF,543.0
595,0,cMdRoPmQ,JKycCNae,543.0
524,0,FcOkCcps,OyJKKata,6151.0
524,0,PrkhDzLx,FcOkCcps,6483.0
524,0,duRJdiSr,PrkhDzLx,6485.0
524,0,uBFbbvHN,duRJdiSr,6824.0
287,0,CrcsXCbZ,BRjWpQtg,5483.0
287,0,fcKeEgEf,CrcsXCbZ,5391.0
287,0,BpAiVnps,fcKeEgEf,5391.0
287,0,OAywdpTB,BpAiVnps,980.0
287,0,ufvngNip,OAywdpTB,980.0
287,0,ybjkPLXB,ufvngNip,980.0
287,0,IOcMwGKn,ybjkPLXB,497.0
287,0,hCxxcqWU,IOcMwGKn,496.0
287,0,gUXxyAlR,hCxxcqWU,496.0
287,0,cEOIeJTR,gUXxyAlR,139.0
287,0,bWAbaUPC,cEOIeJTR,139.0
287,0,UECnapuN,bWAbaUPC,45.0
287,0,uVsOstge,UECnapuN,45.0
287,0,tBJBJfdu,uVsOstge,43.0
287,0,xewbkqhz,tBJBJfdu,43.0
287,0,mklbELhb,xewbkqhz,43.0
287,0,yhXmuUeN,mklbELhb,36.0
287,0,xbiDwIOu,yhXmuUeN,36.0
287,0,zVYhNTdK,xbiDwIOu,36.0
706,0,UtwZFZsx,wrsPDGBQ,1327.0
706,0,QsteKrle,UtwZFZsx,1327.0
706,0,XMWgellz,QsteKrle,1332.0
706,0,LPldZjRa,XMWgellz,1447.0
706,0,adsviABF,LPldZjRa,1447.0
706,0,TqlJzItM,adsviABF,1158.0
706,0,IjwLXBRx,TqlJzItM,1115.0
706,0,nJRBvlcT,IjwLXBRx,1114.0
706,0,IkxLwyxa,nJRBvlcT,1064.0
706,0,CYSggHNR,IkxLwyxa,883.0
706,0,VhgapMoa,CYSggHNR,883.0
706,0,dKbqWpcD,VhgapMoa,883.0
706,0,zYpZYpOA,dKbqWpcD,883.0
706,0,xbeOVhLE,zYpZYpOA,615.0
706,0,IpBcScgC,xbeOVhLE,600.0
706,0,aYvzRwqU,IpBcScgC,600.0
706,0,mVhkAqwx,aYvzRwqU,600.0
706,0,GigUVtty,mVhkAqwx,586.0
706,0,bvSKVAYv,GigUVtty,491.0
706,0,eJHaFiJU,bvSKVAYv,405.0
706,0,uAAdoXdO,eJHaFiJU,405.0
706,0,Qsigtmbx,uAAdoXdO,405.0
706,0,XGiaFBsp,Qsigtmbx,405.0
706,0,duRJdiSr,XGiaFBsp,405.0
573,0,inRETCYL,LTDgdyOW,1178.0
658,0,nBYHMnkU,BldTZUAI,843.0
658,0,XfoHenDx,nBYHMnkU,843.0
523,0,hxSTJhOz,rDSiGFpR,4699.0
523,0,TShNRujB,hxSTJhOz,4891.0
523,0,JJRlkmgp,TShNRujB,6051.0
523,0,KRQMLlbw,JJRlkmgp,6059.0
523,0,MURlCahD,KRQMLlbw,6059.0
523,0,znFDupZg,MURlCahD,6059.0
941,0,avmqjzBH,aYSNYmnY,2804.0
941,0,jEVQeNyS,avmqjzBH,3009.0
941,0,HeRuYpNs,jEVQeNyS,3008.0
941,0,qRJySzaf,HeRuYpNs,2525.0
941,0,LTfflVxG,qRJySzaf,2525.0
941,0,AhWKwjTz,LTfflVxG,1760.0
941,0,VEiYdotb,AhWKwjTz,1570.0
941,0,DgYBMgPg,VEiYdotb,1570.0
941,0,yjQwxGED,DgYBMgPg,1125.0
941,0,KPcRWbGT,yjQwxGED,1125.0
941,0,uGRyXcfW,KPcRWbGT,1125.0
941,0,HlhFjJtZ,uGRyXcfW,1143.0
941,0,ALhaazBT,HlhFjJtZ,1143.0
900,0,fTbQcCcQ,BSlPgNeK,70.0
900,0,ZLWEzNmI,fTbQcCcQ,69.0
900,0,QeXyWyya,ZLWEzNmI,69.0
900,0,PifXIFet,QeXyWyya,72.0
900,0,tNmxviwt,PifXIFet,72.0
900,0,yHaTCNJc,tNmxviwt,72.0
573,0,DRkcXziO,ppabfQGz,116.0
573,0,fTOPrrgc,DRkcXziO,116.0
573,0,XPasGtVj,fTOPrrgc,116.0
573,0,VMviwLNE,XPasGtVj,116.0
573,0,BxuxHloR,VMviwLNE,116.0
573,0,gFAsBeQM,BxuxHloR,116.0
573,0,rDSiGFpR,gFAsBeQM,28.0
706,0,iGTcFnmF,yQQuLFAg,330.0
706,0,rckblBTM,iGTcFnmF,335.0
706,0,fGmFhgnx,rckblBTM,347.0
706,0,XyHfgUxW,fGmFhgnx,535.0
706,0,zjjLSYAp,XyHfgUxW,543.0
706,0,wrsPDGBQ,zjjLSYAp,543.0
1677,0,lOYrQfzi,oajqUPaH,2163.0
1677,0,iuewtDUr,lOYrQfzi,2172.0
1677,0,KdEmbmsx,iuewtDUr,2172.0
1677,0,GkYZbgqg,KdEmbmsx,2172.0
1677,0,FlYjxOxQ,GkYZbgqg,832.0
1677,0,wFSILCzc,FlYjxOxQ,774.0
1677,0,yQQuLFAg,wFSILCzc,774.0
1180,0,PhjcDdmq,vacPrbQA,6237.0
1180,0,bHagonKv,PhjcDdmq,6171.0
1180,0,Vlipnutt,bHagonKv,6220.0
1180,0,XiLvnZTk,Vlipnutt,6161.0
1180,0,FStgRiBS,XiLvnZTk,6004.0
1180,0,GkYZbgqg,FStgRiBS,6004.0
1180,0,FlYjxOxQ,GkYZbgqg,5539.0
1180,0,wFSILCzc,FlYjxOxQ,5539.0
1180,0,iMjvswBX,wFSILCzc,6202.0
1180,0,CpULuhdq,iMjvswBX,6216.0
1180,0,tJbXQuOE,CpULuhdq,6216.0
584,0,TsaeiIGv,EkWBPXmr,1572.0
584,0,OsBkWRQx,TsaeiIGv,3165.0
584,0,TlwaKrQx,OsBkWRQx,3165.0
584,0,udlIzhJE,TlwaKrQx,3165.0
1244,0,XVbubuGa,OwpcAtJV,2473.0
1244,0,CzqgXocH,XVbubuGa,2473.0
1244,0,nsjiKPCz,CzqgXocH,2473.0
1244,0,vfdAIPGv,nsjiKPCz,2496.0
574,0,iVtHnErr,jiaBsTdI,4.0
574,0,vfdAIPGv,iVtHnErr,4.0
1244,0,peBgOXli,yAqyhWkU,1435.0
1244,0,KnWWIWQx,peBgOXli,1482.0
1244,0,OwpcAtJV,KnWWIWQx,1482.0
711,0,VhgapMoa,CYSggHNR,2629.0
711,0,dKbqWpcD,VhgapMoa,2629.0
711,0,zYpZYpOA,dKbqWpcD,2629.0
711,0,xbeOVhLE,zYpZYpOA,3078.0
711,0,IpBcScgC,xbeOVhLE,3103.0
711,0,aYvzRwqU,IpBcScgC,3103.0
711,0,mVhkAqwx,aYvzRwqU,3103.0
711,0,GigUVtty,mVhkAqwx,3102.0
711,0,xQpNdvvD,GigUVtty,2424.0
711,0,bvSKVAYv,xQpNdvvD,2426.0
711,0,eJHaFiJU,bvSKVAYv,4484.0
711,0,uAAdoXdO,eJHaFiJU,4483.0
711,0,Qsigtmbx,uAAdoXdO,4483.0
711,0,XGiaFBsp,Qsigtmbx,4483.0
711,0,duRJdiSr,XGiaFBsp,4483.0
711,0,uiYVYPQX,duRJdiSr,4483.0
1414,0,FDCDnriY,ydoNqUsu,103.0
1414,0,DCdKJxNH,FDCDnriY,103.0
1414,0,DsuTXcIa,DCdKJxNH,103.0
1414,0,bgWfLree,DsuTXcIa,108.0
1414,0,nUYnioIh,bgWfLree,108.0
1414,0,mVhkAqwx,nUYnioIh,108.0
1414,0,GigUVtty,mVhkAqwx,108.0
1414,0,eJHaFiJU,GigUVtty,109.0
1414,0,uAAdoXdO,eJHaFiJU,109.0
1414,0,XGiaFBsp,uAAdoXdO,109.0
1414,0,uiYVYPQX,XGiaFBsp,109.0
1414,0,wihERHzN,uiYVYPQX,78.0
1414,0,jiaBsTdI,wihERHzN,78.0
1414,0,iVtHnErr,jiaBsTdI,78.0
1414,0,nsjiKPCz,iVtHnErr,78.0
1414,0,vfdAIPGv,nsjiKPCz,78.0
971,0,QeEdlYuU,dKSFzIqs,455.0
971,0,ussSBeXM,QeEdlYuU,455.0
971,0,qVzVrWDp,ussSBeXM,455.0
971,0,IuRRuHdp,qVzVrWDp,443.0
971,0,agmUQnfF,IuRRuHdp,443.0
971,0,CbblRkaH,agmUQnfF,573.0
971,0,BldTZUAI,CbblRkaH,451.0
971,0,nBYHMnkU,BldTZUAI,451.0
177,0,bEuFbYIx,PUIIuxlM,859.0
177,0,saruwlzc,bEuFbYIx,907.0
177,0,kEQqRNXv,saruwlzc,907.0
177,0,JvDZYJph,kEQqRNXv,1036.0
177,0,gdbAGAQU,JvDZYJph,1186.0
177,0,ANpclgWP,gdbAGAQU,1186.0
177,0,LWqTSxPr,ANpclgWP,1186.0
177,0,tBgOcvQf,LWqTSxPr,1186.0
177,0,PUIIuxlM,BGAyznqC,845.0
173,0,gcUmxKgT,TUrDxvOa,1167.0
1245,0,mgTKojDA,drmArhka,2552.0
1245,0,TsaeiIGv,mgTKojDA,2552.0
1245,0,OsBkWRQx,TsaeiIGv,3167.0
1245,0,udlIzhJE,OsBkWRQx,2930.0
578,0,zAVZRYih,yLSAaTAd,1134.0
578,0,hxSTJhOz,zAVZRYih,1707.0
578,0,TShNRujB,hxSTJhOz,1707.0
578,0,KqLiJxJl,TShNRujB,165.0
578,0,TsaeiIGv,KqLiJxJl,165.0
578,0,OsBkWRQx,TsaeiIGv,149.0
578,0,udlIzhJE,OsBkWRQx,149.0
16,0,KqLiJxJl,TShNRujB,4738.0
16,0,TsaeiIGv,KqLiJxJl,5005.0
16,0,OsBkWRQx,TsaeiIGv,7674.0
16,0,udlIzhJE,OsBkWRQx,7733.0
16,0,TShNRujB,yhXmuUeN,5255.0
1414,0,FGvzNZYi,DYKvrufv,56.0
1414,0,ydoNqUsu,FGvzNZYi,56.0
1665,0,HFKGyjhH,mkJuKiBe,4435.0
1665,0,wdfUFUDc,HFKGyjhH,4435.0
1665,0,MkXEUCdM,wdfUFUDc,2499.0
1665,0,oiYuCTCe,MkXEUCdM,2499.0
1189,0,LPldZjRa,XMWgellz,754.0
584,0,DeduXMzE,udlIzhJE,3588.0
573,0,XEuSRnsw,inRETCYL,1172.0
584,0,GXHjZCTL,DeduXMzE,3564.0
584,0,yolIeCeg,GXHjZCTL,3564.0
584,0,ozAxYCwR,yolIeCeg,3573.0
584,0,qdrjbHYS,ozAxYCwR,3050.0
573,0,yolIeCeg,XEuSRnsw,1153.0
573,0,zGyJMIkT,yolIeCeg,1135.0
990,0,qdrjbHYS,ozAxYCwR,1486.0
482,0,XVbubuGa,OwpcAtJV,5072.0
482,0,iuOUwLky,XVbubuGa,5072.0
482,0,nZnozRfz,iuOUwLky,5082.0
482,0,jeadfqyj,nZnozRfz,5082.0
482,0,qdrjbHYS,jeadfqyj,5082.0
482,0,peBgOXli,yAqyhWkU,3466.0
482,0,KnWWIWQx,peBgOXli,3469.0
482,0,OwpcAtJV,KnWWIWQx,3469.0
482,0,TAifzqok,RkbXqAIs,2286.0
482,0,wWcBzuvM,TAifzqok,2316.0
482,0,GcGOdrPa,wWcBzuvM,2316.0
482,0,yAqyhWkU,GcGOdrPa,2316.0
482,0,RkbXqAIs,MTAZIXBL,2138.0
482,0,jqriedgy,EkCoFwMY,1119.0
482,0,MTAZIXBL,jqriedgy,1119.0
482,0,QRSRIbba,leJfirnk,1101.0
482,0,EkCoFwMY,QRSRIbba,1101.0
178,0,hTaJTejf,ClDeGdta,2164.0
178,0,AvILYntX,hTaJTejf,2164.0
178,0,BGAyznqC,AvILYntX,2156.0
178,0,PUIIuxlM,BGAyznqC,2156.0
178,0,bEuFbYIx,PUIIuxlM,2127.0
178,0,saruwlzc,bEuFbYIx,2091.0
178,0,kEQqRNXv,saruwlzc,2091.0
178,0,NfeOUEsA,kEQqRNXv,2091.0
178,0,gdbAGAQU,NfeOUEsA,1636.0
178,0,ANpclgWP,gdbAGAQU,1636.0
178,0,LWqTSxPr,ANpclgWP,1636.0
178,0,tBgOcvQf,LWqTSxPr,1636.0
482,0,wuyFtExA,EtvjcvTp,635.0
482,0,MrybjzSo,wuyFtExA,635.0
482,0,leJfirnk,MrybjzSo,635.0
177,0,qkTCgKXX,YoEMZEcq,735.0
177,0,XjSQdTLS,qkTCgKXX,735.0
177,0,hTaJTejf,XjSQdTLS,775.0
177,0,AvILYntX,hTaJTejf,775.0
177,0,BGAyznqC,AvILYntX,820.0
965,0,LjPncvCg,XBhuaxff,1173.0
965,0,XUEgpuYS,LjPncvCg,1173.0
965,0,lXZmsBCe,XUEgpuYS,1258.0
965,0,oftwwzSy,lXZmsBCe,1258.0
965,0,CKNrjFUU,oftwwzSy,1258.0
965,0,EtvjcvTp,CKNrjFUU,1254.0
965,0,wuyFtExA,EtvjcvTp,795.0
965,0,MrybjzSo,wuyFtExA,795.0
965,0,leJfirnk,MrybjzSo,787.0
965,0,QRSRIbba,leJfirnk,787.0
965,0,EkCoFwMY,QRSRIbba,787.0
965,0,jqriedgy,EkCoFwMY,787.0
965,0,MTAZIXBL,jqriedgy,787.0
965,0,RkbXqAIs,MTAZIXBL,562.0
965,0,TAifzqok,RkbXqAIs,544.0
965,0,wWcBzuvM,TAifzqok,544.0
965,0,GcGOdrPa,wWcBzuvM,544.0
965,0,yAqyhWkU,GcGOdrPa,544.0
965,0,peBgOXli,yAqyhWkU,328.0
965,0,KnWWIWQx,peBgOXli,328.0
965,0,OwpcAtJV,KnWWIWQx,328.0
965,0,XVbubuGa,OwpcAtJV,243.0
965,0,iuOUwLky,XVbubuGa,243.0
965,0,nZnozRfz,iuOUwLky,243.0
965,0,ozAxYCwR,nZnozRfz,243.0
486,0,PeYVqHeF,DJkAcxlA,206.0
486,0,cRLBVFvQ,PeYVqHeF,206.0
486,0,DacXSoOC,cRLBVFvQ,206.0
486,0,vTErLEZz,DacXSoOC,206.0
486,0,cZBPdCTc,vTErLEZz,206.0
486,0,PYzwbgep,cZBPdCTc,211.0
486,0,wtyUxRkq,PYzwbgep,211.0
486,0,VXthmpcS,wtyUxRkq,211.0
486,0,XUEgpuYS,VXthmpcS,303.0
486,0,lXZmsBCe,XUEgpuYS,303.0
486,0,oftwwzSy,lXZmsBCe,303.0
486,0,CKNrjFUU,oftwwzSy,303.0
486,0,EtvjcvTp,CKNrjFUU,303.0
486,0,wuyFtExA,EtvjcvTp,206.0
486,0,MrybjzSo,wuyFtExA,206.0
486,0,leJfirnk,MrybjzSo,163.0
486,0,QRSRIbba,leJfirnk,163.0
486,0,EkCoFwMY,QRSRIbba,163.0
486,0,jqriedgy,EkCoFwMY,163.0
486,0,MTAZIXBL,jqriedgy,163.0
486,0,RkbXqAIs,MTAZIXBL,135.0
486,0,TAifzqok,RkbXqAIs,134.0
486,0,wWcBzuvM,TAifzqok,134.0
486,0,GcGOdrPa,wWcBzuvM,134.0
486,0,yAqyhWkU,GcGOdrPa,134.0
486,0,peBgOXli,yAqyhWkU,128.0
486,0,KnWWIWQx,peBgOXli,128.0
486,0,bRAzuzSs,KnWWIWQx,128.0
486,0,OwpcAtJV,bRAzuzSs,128.0
486,0,XVbubuGa,OwpcAtJV,125.0
486,0,iuOUwLky,XVbubuGa,125.0
486,0,jeadfqyj,iuOUwLky,125.0
965,0,apwTQKga,lBjlyorh,565.0
965,0,XNHVHmHa,apwTQKga,565.0
965,0,vGqwislq,XNHVHmHa,565.0
965,0,AwLiWVdI,vGqwislq,567.0
965,0,XBhuaxff,AwLiWVdI,567.0
965,0,ZTCNsviV,ODNKqRCQ,213.0
965,0,GBYHqHQO,ZTCNsviV,213.0
965,0,lBjlyorh,GBYHqHQO,213.0
965,0,ODNKqRCQ,iPzquFzR,182.0
1071,0,NCSBLEus,AJLJQqsT,1378.0
1071,0,xfbmoJHP,NCSBLEus,1334.0
1071,0,WdOwNGhj,xfbmoJHP,777.0
1071,0,kKKRBhFF,WdOwNGhj,710.0
1071,0,NFInfBeu,kKKRBhFF,700.0
1071,0,VCQdmIoF,NFInfBeu,700.0
1071,0,ePrpofUw,VCQdmIoF,700.0
1071,0,KcvPUxQg,ePrpofUw,695.0
1071,0,BlnSxBAr,KcvPUxQg,695.0
1071,0,TCBUGaZf,BlnSxBAr,695.0
1071,0,pzcCDVmZ,TCBUGaZf,492.0
1071,0,AUBTKFbY,pzcCDVmZ,491.0
1071,0,fjevhefZ,AUBTKFbY,396.0
1071,0,vyQyYYqJ,fjevhefZ,396.0
1071,0,ztLkgYlA,vyQyYYqJ,396.0
1071,0,IvQQZbJW,ztLkgYlA,266.0
1071,0,yaKWBgLg,IvQQZbJW,266.0
1071,0,lkujKSJT,yaKWBgLg,266.0
1071,0,twMezfOU,lkujKSJT,253.0
1071,0,OyJKKata,twMezfOU,246.0
1071,0,FcOkCcps,OyJKKata,227.0
1071,0,duRJdiSr,FcOkCcps,226.0
1071,0,uiYVYPQX,duRJdiSr,206.0
1047,0,duRJdiSr,FcOkCcps,43.0
1047,0,uiYVYPQX,duRJdiSr,43.0
1071,0,xunvufHj,nJRQzVZQ,1504.0
1071,0,rxrORjnb,xunvufHj,1504.0
1071,0,UVDfwOgc,rxrORjnb,1502.0
1071,0,TJDsQDoO,UVDfwOgc,1446.0
1071,0,yTictHOU,TJDsQDoO,1441.0
1071,0,illGQStO,yTictHOU,1420.0
1071,0,AUrIxxcC,illGQStO,1346.0
1071,0,zqZasXpA,AUrIxxcC,1346.0
1071,0,EYGEAZtD,zqZasXpA,1346.0
1071,0,AJLJQqsT,EYGEAZtD,1346.0
1071,0,nLuZmKFz,UlmLxwtK,1735.0
1071,0,nJRQzVZQ,nLuZmKFz,1735.0
1071,0,PfZAlPvE,NfMyQHAw,1739.0
1071,0,UlmLxwtK,PfZAlPvE,1739.0
1071,0,YcVwXeam,BmBzVYhd,1612.0
1071,0,DDFCohxX,YcVwXeam,1612.0
1071,0,NfMyQHAw,DDFCohxX,1612.0
523,0,osddylgA,znFDupZg,6059.0
523,0,uiYVYPQX,osddylgA,6059.0
523,0,rDSiGFpR,gFAsBeQM,1950.0
523,0,mYoRZvtc,RFaTWaew,1558.0
523,0,NKCxdwhs,mYoRZvtc,1877.0
523,0,eeSdZFhf,NKCxdwhs,1877.0
523,0,UaWwvNMO,eeSdZFhf,1929.0
523,0,gFAsBeQM,UaWwvNMO,1929.0
539,0,xmGwLlME,oZJRchiN,370.0
539,0,KcBICYpI,xmGwLlME,370.0
539,0,XQiQvefE,KcBICYpI,370.0
539,0,eyUKPfnA,XQiQvefE,370.0
539,0,ZgqhsueA,eyUKPfnA,344.0
539,0,YvwuVYMF,ZgqhsueA,344.0
539,0,FZsFzszJ,YvwuVYMF,344.0
272,0,BYOnvRTX,oSOvYxXQ,2967.0
272,0,XGiaFBsp,BYOnvRTX,2967.0
272,0,tIegtsMs,XGiaFBsp,2967.0
272,0,VCRIbExe,tIegtsMs,2961.0
272,0,uiYVYPQX,VCRIbExe,2878.0
272,0,oSOvYxXQ,TJGhHrvm,2952.0
483,0,POdtxoZm,MnIYxXyj,679.0
483,0,WqMESkMM,POdtxoZm,679.0
483,0,zAVZRYih,WqMESkMM,679.0
483,0,hxSTJhOz,zAVZRYih,387.0
483,0,TShNRujB,hxSTJhOz,603.0
483,0,BqZQArDi,TShNRujB,927.0
483,0,JJRlkmgp,BqZQArDi,927.0
483,0,KRQMLlbw,JJRlkmgp,927.0
483,0,MURlCahD,KRQMLlbw,927.0
483,0,znFDupZg,MURlCahD,927.0
483,0,osddylgA,znFDupZg,927.0
483,0,uiYVYPQX,osddylgA,927.0
272,0,xkdRvtRu,tBJBJfdu,3002.0
272,0,SjZGieDS,xkdRvtRu,3061.0
272,0,tZiWmgTn,SjZGieDS,2984.0
272,0,TJGhHrvm,tZiWmgTn,2984.0
272,0,FZYojuVE,niqrIlpR,2352.0
272,0,tBJBJfdu,FZYojuVE,2352.0
600,0,vJitwYAE,nrUfCQxz,1309.0
600,0,iBiVOFur,vJitwYAE,1481.0
600,0,niqrIlpR,iBiVOFur,1481.0
600,0,FZYojuVE,niqrIlpR,1153.0
600,0,uVsOstge,FZYojuVE,1153.0
600,0,tBJBJfdu,uVsOstge,1153.0
600,0,FmTbQszJ,tBJBJfdu,901.0
600,0,xkdRvtRu,FmTbQszJ,900.0
600,0,tZiWmgTn,xkdRvtRu,684.0
600,0,TJGhHrvm,tZiWmgTn,684.0
600,0,oSOvYxXQ,TJGhHrvm,402.0
600,0,BYOnvRTX,oSOvYxXQ,160.0
600,0,XGiaFBsp,BYOnvRTX,160.0
600,0,PrkhDzLx,XGiaFBsp,160.0
600,0,hwOMxSYP,PrkhDzLx,157.0
600,0,duRJdiSr,hwOMxSYP,154.0
600,0,uiYVYPQX,duRJdiSr,154.0
272,0,qrSNpKDz,bWAbaUPC,2253.0
272,0,niqrIlpR,qrSNpKDz,2253.0
272,0,cEOIeJTR,CfleTooC,2003.0
272,0,bWAbaUPC,cEOIeJTR,2003.0
272,0,hCxxcqWU,IOcMwGKn,2739.0
272,0,pPReLBCT,hCxxcqWU,2745.0
272,0,gUXxyAlR,pPReLBCT,2801.0
272,0,CfleTooC,gUXxyAlR,2801.0
272,0,IOcMwGKn,ybjkPLXB,2595.0
272,0,OAywdpTB,BpAiVnps,1329.0
272,0,ybjkPLXB,OAywdpTB,1804.0
678,0,KTHxRvtW,GhNbXpjs,3583.0
678,0,gRVxNCAP,KTHxRvtW,3349.0
678,0,nJRBvlcT,gRVxNCAP,3353.0
678,0,IkxLwyxa,nJRBvlcT,3656.0
678,0,CYSggHNR,IkxLwyxa,2882.0
678,0,VhgapMoa,CYSggHNR,2882.0
678,0,dKbqWpcD,VhgapMoa,2882.0
678,0,zYpZYpOA,dKbqWpcD,2882.0
678,0,xbeOVhLE,zYpZYpOA,2392.0
678,0,IpBcScgC,xbeOVhLE,2321.0
678,0,aYvzRwqU,IpBcScgC,2321.0
678,0,GigUVtty,aYvzRwqU,2321.0
678,0,bvSKVAYv,GigUVtty,1902.0
706,0,uiYVYPQX,duRJdiSr,399.0
1505,0,xQqwXgNZ,OVaoEscJ,3762.0
1505,0,BMprcpdo,xQqwXgNZ,3319.0
1105,0,xQSKBJml,SwLVnWPq,1500.0
1105,0,eXTjiXiW,xQSKBJml,1500.0
1105,0,UUCrlfWg,eXTjiXiW,1500.0
1105,0,YULSfngF,UUCrlfWg,1500.0
1105,0,ozuppJDT,YULSfngF,1500.0
1105,0,xGsoSfhX,ozuppJDT,1502.0
1105,0,ybjkPLXB,xGsoSfhX,1502.0
1105,0,IOcMwGKn,ybjkPLXB,1314.0
1105,0,hCxxcqWU,IOcMwGKn,1314.0
1105,0,gUXxyAlR,hCxxcqWU,1314.0
1105,0,CfleTooC,gUXxyAlR,1314.0
1105,0,cEOIeJTR,CfleTooC,332.0
1105,0,bWAbaUPC,cEOIeJTR,305.0
1105,0,qrSNpKDz,bWAbaUPC,268.0
1105,0,niqrIlpR,qrSNpKDz,268.0
1105,0,FZYojuVE,niqrIlpR,259.0
1105,0,tBJBJfdu,FZYojuVE,259.0
1105,0,xkdRvtRu,tBJBJfdu,206.0
1105,0,SjZGieDS,xkdRvtRu,206.0
1105,0,tZiWmgTn,SjZGieDS,202.0
1105,0,TJGhHrvm,tZiWmgTn,202.0
1105,0,oSOvYxXQ,TJGhHrvm,182.0
1105,0,PSZbZwJF,oSOvYxXQ,137.0
1105,0,BYOnvRTX,PSZbZwJF,137.0
1105,0,XGiaFBsp,BYOnvRTX,137.0
1105,0,duRJdiSr,XGiaFBsp,137.0
1105,0,uiYVYPQX,duRJdiSr,137.0
1666,0,kueIUJls,XGJiqzLW,2585.0
1666,0,OVaoEscJ,kueIUJls,2585.0
1666,0,xQqwXgNZ,OVaoEscJ,1181.0
1666,0,BMprcpdo,xQqwXgNZ,955.0
1105,0,rSdxnGDj,otuYkIZd,864.0
1105,0,MkXEUCdM,rSdxnGDj,864.0
1105,0,oiYuCTCe,MkXEUCdM,864.0
1105,0,SwLVnWPq,oiYuCTCe,1199.0
1105,0,CoFyQOTC,jnDfAorM,668.0
1105,0,HMiMHaRv,CoFyQOTC,668.0
1105,0,kLfGGOkq,HMiMHaRv,668.0
1105,0,ygVaThfM,kLfGGOkq,668.0
1105,0,otuYkIZd,ygVaThfM,668.0
1065,0,yQXZAhRQ,OfWHUDWP,353.0
1065,0,jfvbdeGs,yQXZAhRQ,353.0
1065,0,cdqhrjBE,jfvbdeGs,358.0
1065,0,MJvZDjlV,cdqhrjBE,378.0
1065,0,rxrORjnb,MJvZDjlV,396.0
1065,0,UVDfwOgc,rxrORjnb,396.0
1065,0,TJDsQDoO,UVDfwOgc,393.0
1065,0,yTictHOU,TJDsQDoO,393.0
1065,0,illGQStO,yTictHOU,393.0
1065,0,AUrIxxcC,illGQStO,302.0
1065,0,zqZasXpA,AUrIxxcC,302.0
1065,0,EYGEAZtD,zqZasXpA,302.0
1065,0,AJLJQqsT,EYGEAZtD,302.0
1065,0,NCSBLEus,AJLJQqsT,299.0
1065,0,xfbmoJHP,NCSBLEus,299.0
1065,0,WdOwNGhj,xfbmoJHP,51.0
1065,0,kKKRBhFF,WdOwNGhj,18.0
1065,0,NFInfBeu,kKKRBhFF,18.0
1065,0,VCQdmIoF,NFInfBeu,18.0
1065,0,ePrpofUw,VCQdmIoF,18.0
1065,0,KcvPUxQg,ePrpofUw,18.0
1065,0,BlnSxBAr,KcvPUxQg,18.0
1065,0,TCBUGaZf,BlnSxBAr,18.0
1065,0,pzcCDVmZ,TCBUGaZf,18.0
1065,0,AUBTKFbY,pzcCDVmZ,18.0
1065,0,fjevhefZ,AUBTKFbY,18.0
1065,0,vyQyYYqJ,fjevhefZ,18.0
1065,0,ztLkgYlA,vyQyYYqJ,18.0
1065,0,IvQQZbJW,ztLkgYlA,18.0
1065,0,yaKWBgLg,IvQQZbJW,18.0
1065,0,lkujKSJT,yaKWBgLg,18.0
1065,0,twMezfOU,lkujKSJT,18.0
1065,0,OyJKKata,twMezfOU,18.0
1065,0,MqGZxRIW,OyJKKata,9.0
1065,0,FcOkCcps,MqGZxRIW,9.0
1065,0,uiYVYPQX,FcOkCcps,3.0
1071,0,CkiKkxJQ,lGJIVvqE,1484.0
1071,0,AdloNpXg,CkiKkxJQ,1491.0
1071,0,BmBzVYhd,AdloNpXg,1460.0
1071,0,pVHZNTmW,cyLrdsLq,1028.0
1071,0,qLlyWzVq,pVHZNTmW,1028.0
1071,0,lGJIVvqE,qLlyWzVq,1028.0
1071,0,cyLrdsLq,AlpXiRiW,863.0
272,0,zGyJMIkT,uiYVYPQX,4852.0
600,0,STSGJiIu,TdfMaTlB,1488.0
600,0,buAeVenh,STSGJiIu,1488.0
600,0,ARTSSefO,buAeVenh,1488.0
600,0,KMDYeUKg,ARTSSefO,1488.0
600,0,RSPZrGBg,KMDYeUKg,1527.0
600,0,xfYjeqNM,RSPZrGBg,1445.0
600,0,nrUfCQxz,xfYjeqNM,1367.0
600,0,OPXtWBVk,nPkrzCty,1322.0
600,0,SvGtXrYj,OPXtWBVk,1322.0
600,0,TdfMaTlB,SvGtXrYj,1322.0
973,0,TsaeiIGv,EkWBPXmr,1467.0
973,0,OsBkWRQx,TsaeiIGv,2365.0
973,0,udlIzhJE,OsBkWRQx,2365.0
973,0,srZucbpJ,udlIzhJE,2754.0
1245,0,NrpQUbAl,udlIzhJE,2096.0
16,0,srZucbpJ,udlIzhJE,7774.0
727,0,knCDNjnp,mLBQtksd,1458.0
727,0,nYVfIRsk,knCDNjnp,1465.0
727,0,IHZGJZTs,nYVfIRsk,1465.0
727,0,DYvQviUy,IHZGJZTs,1474.0
727,0,yHDouIXe,DYvQviUy,1217.0
1532,0,PWitnUnB,FUctipSE,2552.0
1532,0,zwmwkNcj,PWitnUnB,2552.0
1532,0,DJDPVkXF,zwmwkNcj,2552.0
1532,0,FrOiWYSP,DJDPVkXF,2358.0
1532,0,mNGfniSu,FrOiWYSP,2460.0
1532,0,qjwSVoCq,mNGfniSu,2745.0
1532,0,WvPJYXMk,qjwSVoCq,2687.0
1505,0,fmQEzQWV,IubGYoNi,21149.0
1505,0,HcPkwFHM,plWWPiMc,17917.0
1505,0,KjuJaNsu,HcPkwFHM,17509.0
1505,0,oNyGHMvy,KjuJaNsu,18049.0
1505,0,QdnKSSsO,oNyGHMvy,18248.0
1505,0,vSdfqYeK,QdnKSSsO,18558.0
1221,0,bkPedFyi,dlIiZmBi,5957.0
1221,0,neCsPoxX,bkPedFyi,6051.0
1221,0,RMvkOcpU,neCsPoxX,6051.0
1221,0,qVxAOUMG,RMvkOcpU,6111.0
1221,0,bYKKzRQT,qVxAOUMG,6111.0
1221,0,CLqSCDPt,bYKKzRQT,6111.0
1221,0,ZzqCYjTC,CLqSCDPt,6087.0
1221,0,UtzkRwuC,ZzqCYjTC,6087.0
1221,0,cvCJiZVm,UtzkRwuC,6061.0
1221,0,MklhhYCQ,cvCJiZVm,6051.0
483,0,zGyJMIkT,uiYVYPQX,848.0
483,0,YbVmHVTt,zGyJMIkT,837.0
483,0,ZlnerNQG,YbVmHVTt,837.0
1198,0,QHFmFyLR,EkWBPXmr,545.0
1198,0,neNWquOh,QHFmFyLR,545.0
1198,0,KwaxxmSs,neNWquOh,545.0
1198,0,PSjGjQXK,KwaxxmSs,545.0
1198,0,FDPmqphv,PSjGjQXK,1266.0
1198,0,aVjdmBcp,FDPmqphv,1269.0
1198,0,nusTHAtB,aVjdmBcp,1269.0
1198,0,isVKhOXG,nusTHAtB,1269.0
1198,0,OWkTamRc,isVKhOXG,1269.0
1198,0,pHNyFRmN,OWkTamRc,1490.0
1198,0,SMriOOgF,pHNyFRmN,1967.0
1198,0,rWiIOjNx,SMriOOgF,1967.0
1198,0,bvSKVAYv,rWiIOjNx,1969.0
1198,0,JZGNdgml,bvSKVAYv,2063.0
1198,0,uHbImzAf,JZGNdgml,2063.0
1198,0,IzsieVnc,uHbImzAf,2033.0
1198,0,xNgkqoUR,IzsieVnc,2032.0
1198,0,lDiqRMWn,xNgkqoUR,2057.0
1198,0,gOJphFVT,lDiqRMWn,2057.0
990,0,awOEKaEj,qdrjbHYS,4733.0
990,0,kZdBhxvo,awOEKaEj,5424.0
990,0,ZBkAAevT,kZdBhxvo,6469.0
990,0,cMinRgYB,ZBkAAevT,6469.0
990,0,LRmPOeoe,cMinRgYB,6541.0
990,0,tBNXSyMW,LRmPOeoe,6583.0
990,0,ArHpJhVJ,tBNXSyMW,7033.0
273,0,FcOkCcps,jeadfqyj,2814.0
1689,0,oizEKkjz,YyUbakrH,121.0
1689,0,wqmVlyfa,oizEKkjz,110.0
1689,0,JvDZYJph,wqmVlyfa,110.0
1689,0,gdbAGAQU,JvDZYJph,102.0
1689,0,tBgOcvQf,gdbAGAQU,102.0
490,0,HTKZNJTs,FFLftRlg,3421.0
490,0,xkdRvtRu,HTKZNJTs,3273.0
490,0,SjZGieDS,xkdRvtRu,3118.0
490,0,pHNyFRmN,SjZGieDS,2964.0
1076,0,TbetMXoD,zWZbZUaa,1495.0
1076,0,vHItlPPU,TbetMXoD,1468.0
1076,0,LggEHwJM,vHItlPPU,1455.0
1076,0,cXzNtQka,LggEHwJM,1455.0
1076,0,Hjpeultj,cXzNtQka,1455.0
1023,0,yyEOaSxi,gjOgguRV,3200.0
1023,0,obftSQtS,yyEOaSxi,3187.0
1023,0,yKgFraCR,obftSQtS,3176.0
1023,0,LIDMLZkw,yKgFraCR,3176.0
1023,0,JEpPbBSc,LIDMLZkw,3176.0
1023,0,YkNJvTAu,JEpPbBSc,3081.0
1023,0,TIlepZYr,YkNJvTAu,2727.0
1023,0,UvdLYolu,TIlepZYr,2337.0
1023,0,ZFKsyBay,UvdLYolu,2337.0
1023,0,suvDbtPR,ZFKsyBay,2307.0
1023,0,clVXMHJf,suvDbtPR,1032.0
1023,0,UXEWVZzP,clVXMHJf,1032.0
1023,0,MlYFoaez,UXEWVZzP,1011.0
1023,0,XeinAhyy,MlYFoaez,984.0
1023,0,pGpZhRvq,XeinAhyy,984.0
1023,0,alaJPSTW,pGpZhRvq,984.0
1023,0,ngNzeSzC,alaJPSTW,984.0
1023,0,PHuvYJrP,ngNzeSzC,984.0
1023,0,FoxIDeQY,PHuvYJrP,984.0
1023,0,dZoxKDmD,FoxIDeQY,984.0
1023,0,ZOuLYtJj,dZoxKDmD,984.0
1023,0,SGnJOquj,ZOuLYtJj,984.0
1023,0,ogOCBKAf,SGnJOquj,942.0
626,0,TsaeiIGv,EkWBPXmr,1664.0
626,0,OsBkWRQx,TsaeiIGv,1913.0
626,0,udlIzhJE,OsBkWRQx,2024.0
626,0,cCEhgrAc,udlIzhJE,2113.0
626,0,cfShLPmI,cCEhgrAc,2113.0
16,0,cCEhgrAc,srZucbpJ,5957.0
16,0,cfShLPmI,cCEhgrAc,5957.0
584,0,awOEKaEj,qdrjbHYS,1664.0
584,0,gRuqifBH,awOEKaEj,1652.0
678,0,JZGNdgml,bvSKVAYv,2272.0
678,0,uHbImzAf,JZGNdgml,2272.0
1104,0,ObeVuyMA,roHCvggS,50.0
1104,0,WqRwmxfX,ObeVuyMA,50.0
1104,0,fbgWGcSP,WqRwmxfX,50.0
1104,0,VctBMYxC,fbgWGcSP,50.0
1104,0,yXfOYhmg,VctBMYxC,50.0
1104,0,xYfYRJnz,yXfOYhmg,50.0
1104,0,bvZtLhoP,xYfYRJnz,50.0
1104,0,NoGATiBT,bvZtLhoP,50.0
1104,0,JvDZYJph,NoGATiBT,50.0
1104,0,gdbAGAQU,JvDZYJph,41.0
1104,0,ANpclgWP,gdbAGAQU,41.0
1104,0,LWqTSxPr,ANpclgWP,41.0
1104,0,tBgOcvQf,LWqTSxPr,41.0
523,0,qdrjbHYS,uiYVYPQX,4205.0
523,0,TPFTQSyz,qdrjbHYS,3082.0
523,0,awOEKaEj,TPFTQSyz,3168.0
523,0,gRuqifBH,awOEKaEj,3180.0
678,0,hCxxcqWU,IOcMwGKn,4302.0
678,0,qMoZNsgo,hCxxcqWU,4278.0
678,0,udNzSSji,qMoZNsgo,4278.0
678,0,uKKyuZyC,udNzSSji,4278.0
678,0,GhNbXpjs,uKKyuZyC,4288.0
678,0,IOcMwGKn,ybjkPLXB,2467.0
661,0,TsaeiIGv,EkWBPXmr,500.0
661,0,OsBkWRQx,TsaeiIGv,720.0
661,0,TlwaKrQx,OsBkWRQx,720.0
661,0,udlIzhJE,TlwaKrQx,720.0
661,0,DeduXMzE,udlIzhJE,812.0
661,0,GXHjZCTL,DeduXMzE,812.0
661,0,yolIeCeg,GXHjZCTL,812.0
661,0,zGyJMIkT,yolIeCeg,812.0
661,0,YbVmHVTt,zGyJMIkT,1183.0
661,0,ZlnerNQG,YbVmHVTt,1183.0
661,0,FVWAEAei,ZlnerNQG,1183.0
661,0,gVtshwcF,FVWAEAei,1190.0
1245,0,HzfEGNJu,NrpQUbAl,1900.0
1245,0,FVWAEAei,HzfEGNJu,1900.0
1245,0,gVtshwcF,FVWAEAei,1882.0
272,0,YbVmHVTt,zGyJMIkT,4408.0
272,0,ZlnerNQG,YbVmHVTt,4408.0
272,0,FVWAEAei,ZlnerNQG,4408.0
272,0,gVtshwcF,FVWAEAei,4408.0
264,0,ABRKsLIZ,uUBnPWGG,1585.0
264,0,RtBolNHG,ABRKsLIZ,1591.0
264,0,XGgrBziF,RtBolNHG,1668.0
264,0,FJLNitGY,XGgrBziF,1571.0
524,0,aAfSzptC,nqZDBuxM,1375.0
524,0,pZulUpHT,aAfSzptC,1375.0
524,0,tBNXSyMW,pZulUpHT,1901.0
524,0,OyJKKata,tBNXSyMW,1995.0
524,0,nqZDBuxM,FZjXRNIl,1372.0
1244,0,TAifzqok,RkbXqAIs,488.0
1244,0,wWcBzuvM,TAifzqok,488.0
1244,0,GcGOdrPa,wWcBzuvM,488.0
1244,0,yAqyhWkU,GcGOdrPa,488.0
658,0,QeEdlYuU,dKSFzIqs,349.0
658,0,ussSBeXM,QeEdlYuU,349.0
658,0,qVzVrWDp,ussSBeXM,349.0
658,0,IuRRuHdp,qVzVrWDp,352.0
658,0,agmUQnfF,IuRRuHdp,352.0
658,0,CbblRkaH,agmUQnfF,501.0
658,0,BldTZUAI,CbblRkaH,501.0
483,0,FVWAEAei,ZlnerNQG,832.0
483,0,gVtshwcF,FVWAEAei,832.0
268,0,CoFyQOTC,jnDfAorM,1.0
268,0,HMiMHaRv,CoFyQOTC,1.0
268,0,kLfGGOkq,HMiMHaRv,1.0
268,0,ygVaThfM,kLfGGOkq,1.0
268,0,otuYkIZd,ygVaThfM,1.0
268,0,rSdxnGDj,otuYkIZd,1.0
268,0,MkXEUCdM,rSdxnGDj,1.0
268,0,oiYuCTCe,MkXEUCdM,1.0
268,0,SwLVnWPq,oiYuCTCe,1.0
268,0,xQSKBJml,SwLVnWPq,1.0
268,0,eXTjiXiW,xQSKBJml,1.0
268,0,UUCrlfWg,eXTjiXiW,1.0
268,0,YULSfngF,UUCrlfWg,1.0
268,0,ozuppJDT,YULSfngF,1.0
268,0,xGsoSfhX,ozuppJDT,1.0
268,0,ybjkPLXB,xGsoSfhX,1.0
268,0,IOcMwGKn,ybjkPLXB,1.0
268,0,hCxxcqWU,IOcMwGKn,1.0
268,0,gUXxyAlR,hCxxcqWU,1.0
268,0,CfleTooC,gUXxyAlR,1.0
268,0,cEOIeJTR,CfleTooC,1.0
268,0,bWAbaUPC,cEOIeJTR,1.0
268,0,qrSNpKDz,bWAbaUPC,1.0
268,0,niqrIlpR,qrSNpKDz,1.0
268,0,FZYojuVE,niqrIlpR,1.0
268,0,tBJBJfdu,FZYojuVE,1.0
268,0,xkdRvtRu,tBJBJfdu,1.0
268,0,tZiWmgTn,xkdRvtRu,1.0
268,0,TJGhHrvm,tZiWmgTn,1.0
268,0,oSOvYxXQ,TJGhHrvm,1.0
268,0,PSZbZwJF,oSOvYxXQ,1.0
268,0,BYOnvRTX,PSZbZwJF,1.0
268,0,XGiaFBsp,BYOnvRTX,1.0
268,0,uiYVYPQX,XGiaFBsp,1.0
268,0,zGyJMIkT,uiYVYPQX,1.0
268,0,YbVmHVTt,zGyJMIkT,1.0
268,0,ZlnerNQG,YbVmHVTt,1.0
268,0,FVWAEAei,ZlnerNQG,1.0
268,0,gVtshwcF,FVWAEAei,1.0
912,0,WdOwNGhj,xfbmoJHP,255.0
47,0,kKKRBhFF,WdOwNGhj,3642.0
47,0,NFInfBeu,kKKRBhFF,3744.0
47,0,VCQdmIoF,NFInfBeu,3744.0
47,0,ePrpofUw,VCQdmIoF,3744.0
47,0,KcvPUxQg,ePrpofUw,4255.0
47,0,rbVbMNcM,KcvPUxQg,4512.0
47,0,JCIOAWOU,rbVbMNcM,4826.0
47,0,fZcVdMzo,JCIOAWOU,4871.0
47,0,QYwjKQRO,fZcVdMzo,4871.0
47,0,cNuXvIqU,QYwjKQRO,4871.0
47,0,eXTEGQHB,cNuXvIqU,4871.0
47,0,zTUODYgn,eXTEGQHB,5159.0
47,0,eTPMYwkC,zTUODYgn,5159.0
47,0,IMTItMKU,eTPMYwkC,5239.0
47,0,upMsEWKk,IMTItMKU,5753.0
47,0,KCqeuCwW,upMsEWKk,5753.0
47,0,xyBTaHvp,KCqeuCwW,5753.0
47,0,izUAPpdi,xyBTaHvp,7079.0
47,0,cNWTidvb,izUAPpdi,7079.0
47,0,yQQuLFAg,cNWTidvb,7127.0
47,0,rUKSlFeh,yQQuLFAg,6762.0
47,0,rckblBTM,rUKSlFeh,6764.0
635,0,HUVJunNe,EocVuyzS,961.0
635,0,DvaIywQB,HUVJunNe,961.0
635,0,OCwYbEnq,DvaIywQB,961.0
635,0,rsJSqETv,OCwYbEnq,962.0
635,0,nrUfCQxz,rsJSqETv,962.0
635,0,CpnDMnJS,nrUfCQxz,1654.0
635,0,fSmTHZJS,CpnDMnJS,1673.0
635,0,WSTcrrBn,fSmTHZJS,1679.0
635,0,DyPueDjA,WSTcrrBn,1679.0
635,0,VJibZvbS,DyPueDjA,1629.0
635,0,uSZbdBno,VJibZvbS,1629.0
635,0,GtaXwPrK,uSZbdBno,1629.0
635,0,TcEVvOUM,GtaXwPrK,1629.0
635,0,qGnNRXVR,TcEVvOUM,1577.0
635,0,yLFlKjKg,qGnNRXVR,1526.0
635,0,isWzWnoW,yLFlKjKg,636.0
635,0,YJykDsrc,isWzWnoW,636.0
635,0,YpVxAvQG,YJykDsrc,538.0
635,0,LhgNVAOU,YpVxAvQG,538.0
635,0,SOVcCDqR,LhgNVAOU,462.0
208,0,wSspaAkq,bLzlxnwB,2269.0
208,0,NppIhzQC,wSspaAkq,2269.0
208,0,tTrMaEIS,NppIhzQC,2274.0
208,0,WeXgsZLY,tTrMaEIS,2314.0
208,0,VuPuNOXM,WeXgsZLY,2475.0
208,0,QgwCgjAi,VuPuNOXM,2475.0
208,0,vrgENeuF,QgwCgjAi,4841.0
208,0,xKmRiBBX,vrgENeuF,4841.0
208,0,kkrKJmiC,xKmRiBBX,4841.0
208,0,psXocZQH,kkrKJmiC,4824.0
208,0,yprCGtVa,psXocZQH,4581.0
208,0,pPqywgRl,yprCGtVa,3990.0
208,0,SJHseTdc,pPqywgRl,2949.0
208,0,HGjkimBc,SJHseTdc,2949.0
208,0,IubGYoNi,HGjkimBc,2949.0
208,0,fmQEzQWV,IubGYoNi,2527.0
208,0,BpAiVnps,fmQEzQWV,2188.0
1338,0,AszcEtOu,BpAiVnps,2052.0
1338,0,TCqyxHhF,AszcEtOu,2468.0
1338,0,PIUpvPaY,TCqyxHhF,2468.0
1338,0,XCZfXGna,PIUpvPaY,2598.0
1338,0,FYonLsVT,XCZfXGna,3332.0
1338,0,voXQjjKh,FYonLsVT,3332.0
1338,0,pKTlpooZ,voXQjjKh,3678.0
1338,0,OVaoEscJ,pKTlpooZ,3672.0
1338,0,BMprcpdo,OVaoEscJ,7629.0
1338,0,YpVxAvQG,BMprcpdo,10089.0
1338,0,RinxBkUZ,YpVxAvQG,10078.0
1338,0,LhgNVAOU,RinxBkUZ,10071.0
1338,0,SOVcCDqR,LhgNVAOU,9525.0
356,0,OrbXRiVv,anWZyaGW,2354.0
356,0,nEXpIbiD,OrbXRiVv,1367.0
1141,0,zfdolaES,nEXpIbiD,982.0
1141,0,jiufRClk,zfdolaES,984.0
1141,0,GVnbohJg,jiufRClk,984.0
1141,0,TIKKmaif,GVnbohJg,984.0
1141,0,nTVsVrjG,TIKKmaif,1109.0
1141,0,GTeEFWtM,nTVsVrjG,1109.0
1141,0,ZtIplJlB,GTeEFWtM,1109.0
1141,0,nmfQPmsh,ZtIplJlB,1109.0
1141,0,QdnKSSsO,nmfQPmsh,1035.0
1505,0,wDpyEsxh,vSdfqYeK,18143.0
1505,0,jIerKxIb,wDpyEsxh,18761.0
1505,0,IubGYoNi,jIerKxIb,20601.0
1505,0,BpAiVnps,fmQEzQWV,19563.0
1505,0,AszcEtOu,BpAiVnps,13526.0
1505,0,TCqyxHhF,AszcEtOu,13814.0
1505,0,PIUpvPaY,TCqyxHhF,13859.0
1505,0,XCZfXGna,PIUpvPaY,9274.0
1505,0,FYonLsVT,XCZfXGna,9456.0
1505,0,voXQjjKh,FYonLsVT,9583.0
1505,0,OVaoEscJ,voXQjjKh,8124.0
1141,0,fubLBmAl,DOGyniWl,873.0
1141,0,nEXpIbiD,fubLBmAl,952.0
1366,0,UFoaQvGg,RfEbENxd,1506.0
1366,0,uxsctOEt,UFoaQvGg,1506.0
1366,0,lsFGVtlq,uxsctOEt,1506.0
1366,0,UfJDroVz,lsFGVtlq,1509.0
1366,0,biJBLznK,UfJDroVz,1509.0
1366,0,HrrdJKJb,biJBLznK,1509.0
1366,0,qKeCDDXI,HrrdJKJb,1511.0
1366,0,YmkUpvHU,qKeCDDXI,2248.0
1366,0,WOOyqinT,YmkUpvHU,2248.0
1366,0,mnkgCFDT,WOOyqinT,2245.0
1366,0,svgtEcQx,mnkgCFDT,2245.0
1366,0,HcPkwFHM,svgtEcQx,2106.0
1366,0,KjuJaNsu,HcPkwFHM,2106.0
1366,0,oNyGHMvy,KjuJaNsu,2086.0
1366,0,vSdfqYeK,oNyGHMvy,1967.0
1366,0,wDpyEsxh,vSdfqYeK,1967.0
1366,0,jIerKxIb,wDpyEsxh,1945.0
1366,0,IubGYoNi,jIerKxIb,1861.0
1366,0,fmQEzQWV,IubGYoNi,1781.0
1366,0,BpAiVnps,fmQEzQWV,1617.0
1505,0,plWWPiMc,mnkgCFDT,17258.0
367,0,qjwSVoCq,WynPMslR,7953.0
367,0,oFLgHrco,qjwSVoCq,8519.0
367,0,yrWAEsGy,oFLgHrco,8602.0
367,0,qGIkRenz,yrWAEsGy,8494.0
367,0,ytUqATXS,qGIkRenz,8467.0
367,0,TcsyXYNn,ytUqATXS,8324.0
367,0,qKeCDDXI,TcsyXYNn,7701.0
367,0,YmkUpvHU,qKeCDDXI,5599.0
1505,0,WOOyqinT,YmkUpvHU,9325.0
1505,0,mnkgCFDT,WOOyqinT,8188.0
367,0,vHkAlmCm,GnOurcjN,7243.0
367,0,WynPMslR,vHkAlmCm,7272.0
1419,0,xgzyCPTg,HAmwZMhM,3765.0
1419,0,XWLETkPz,xgzyCPTg,3939.0
1419,0,HLAPntjh,XWLETkPz,3939.0
798,0,veAXvdUO,CCoJPQpR,3468.0
798,0,UgdUAhSn,veAXvdUO,3468.0
798,0,HcKLTTXk,UgdUAhSn,3468.0
798,0,IvXmMOhB,HcKLTTXk,3468.0
798,0,KIvXTDlT,IvXmMOhB,3468.0
798,0,TgzZcdmy,KIvXTDlT,3468.0
798,0,SEjojzMr,TgzZcdmy,3468.0
798,0,oBYetVBr,SEjojzMr,3070.0
798,0,GiONHkbf,oBYetVBr,2821.0
798,0,QDIpIlEK,GiONHkbf,2821.0
287,0,tkDBwPiV,uGNDunGF,4995.0
287,0,mqlWPdpA,tkDBwPiV,5069.0
287,0,lOdrwgOe,mqlWPdpA,5069.0
287,0,BRjWpQtg,lOdrwgOe,5043.0
1418,0,EzNIKkYA,BTtHvEzM,6751.0
367,0,zjGRmLyo,JGydtICe,6386.0
367,0,yfIoPTHo,zjGRmLyo,6281.0
367,0,GnOurcjN,yfIoPTHo,6275.0
528,0,mexFgKBp,NrNaZyPp,1121.0
528,0,KIvXTDlT,mexFgKBp,5558.0
528,0,TgzZcdmy,KIvXTDlT,5581.0
528,0,SEjojzMr,TgzZcdmy,5657.0
528,0,oBYetVBr,SEjojzMr,8079.0
528,0,QDIpIlEK,oBYetVBr,8348.0
798,0,bmqZcfhO,LDSuadxM,1094.0
798,0,mdiSFJRM,bmqZcfhO,1367.0
798,0,ljNlRbnZ,mdiSFJRM,1634.0
798,0,VbMcfGsr,ljNlRbnZ,1805.0
798,0,MttNRhjN,VbMcfGsr,1805.0
798,0,HeidvHXY,MttNRhjN,1805.0
798,0,CCoJPQpR,HeidvHXY,1805.0
250,0,eusqYKWT,HezLsNFQ,3609.0
250,0,dCWftKsk,eusqYKWT,3401.0
46,0,ABufINme,ZijVddwt,6537.0
46,0,xQqwXgNZ,ABufINme,6494.0
46,0,BMprcpdo,xQqwXgNZ,6743.0
46,0,YpVxAvQG,BMprcpdo,6083.0
46,0,RinxBkUZ,YpVxAvQG,6083.0
46,0,LhgNVAOU,RinxBkUZ,6141.0
46,0,SOVcCDqR,LhgNVAOU,7461.0
761,0,qehlKNkR,glrALKnP,4356.0
761,0,sZNeRfOC,qehlKNkR,4240.0
761,0,HajxumVd,sZNeRfOC,4240.0
761,0,LhQSpAzy,HajxumVd,4225.0
761,0,pwpCkicC,LhQSpAzy,4225.0
761,0,pPKqPUVW,pwpCkicC,4623.0
761,0,slfxTuih,pPKqPUVW,4623.0
761,0,ejMjPdTH,slfxTuih,5371.0
46,0,ZijVddwt,ojqTFFWy,6231.0
1296,0,VkcYQwTj,BZCtSmhk,8018.0
1296,0,gmsNDepi,VkcYQwTj,8137.0
1296,0,jFRqfnFl,gmsNDepi,8408.0
1296,0,ysSWNERo,jFRqfnFl,8833.0
1296,0,lQIpGOTn,ysSWNERo,8953.0
1296,0,uhUmvvRs,lQIpGOTn,8961.0
1296,0,svgtEcQx,uhUmvvRs,8990.0
1296,0,HcPkwFHM,svgtEcQx,8780.0
1296,0,oNyGHMvy,HcPkwFHM,8780.0
1296,0,QdnKSSsO,oNyGHMvy,8748.0
1296,0,vSdfqYeK,QdnKSSsO,8398.0
1296,0,jIerKxIb,vSdfqYeK,8102.0
1296,0,IubGYoNi,jIerKxIb,7871.0
1296,0,fmQEzQWV,IubGYoNi,7362.0
1296,0,BpAiVnps,fmQEzQWV,5965.0
143,0,OaJoPLeC,osIslFBH,891.0
143,0,GMrJWgHs,OaJoPLeC,890.0
780,0,fdwLSfsa,cgSMZptb,4017.0
780,0,wuAzVrCW,fdwLSfsa,4063.0
780,0,mRKfPREJ,wuAzVrCW,4063.0
780,0,HeRuYpNs,mRKfPREJ,4063.0
780,0,qRJySzaf,HeRuYpNs,3702.0
780,0,LTfflVxG,qRJySzaf,3702.0
780,0,AhWKwjTz,LTfflVxG,4468.0
780,0,KgwKZlse,FZsFzszJ,3135.0
780,0,ALhaazBT,KgwKZlse,3103.0
780,0,YqlTLIQa,ALhaazBT,2815.0
780,0,AUmOMGnp,YqlTLIQa,2745.0
780,0,XFPAZveS,AUmOMGnp,2703.0
780,0,ejMjPdTH,XFPAZveS,1455.0
1374,0,pYVbvizw,GvhVJqUj,1318.0
1374,0,bdIbpKdP,pYVbvizw,1318.0
1374,0,VJibZvbS,bdIbpKdP,1318.0
1374,0,uSZbdBno,VJibZvbS,1324.0
1374,0,GtaXwPrK,uSZbdBno,1317.0
1374,0,SfxDAXEq,GtaXwPrK,1317.0
1374,0,PIUpvPaY,SfxDAXEq,1316.0
1374,0,XCZfXGna,PIUpvPaY,1461.0
1666,0,losuIFuX,VXVgVTNc,2208.0
1189,0,LoyIFaGV,hPbxQISN,1666.0
1189,0,iqbCzlPk,LoyIFaGV,1811.0
1189,0,bONecZHY,iqbCzlPk,1935.0
1189,0,JrYMJUzx,bONecZHY,1935.0
1189,0,WoSISRHq,JrYMJUzx,1375.0
1189,0,zAiczBZG,WoSISRHq,1375.0
1189,0,vkwWhgCe,zAiczBZG,1432.0
1189,0,KSSwmuEx,vkwWhgCe,1420.0
47,0,WdOwNGhj,xfbmoJHP,2991.0
648,0,KwaxxmSs,EkWBPXmr,1077.0
648,0,PSjGjQXK,KwaxxmSs,1077.0
648,0,FDPmqphv,PSjGjQXK,1903.0
648,0,ccqsUPnI,FDPmqphv,1944.0
648,0,oSOvYxXQ,ccqsUPnI,2406.0
648,0,PSZbZwJF,oSOvYxXQ,2247.0
648,0,GWqnIxTG,PSZbZwJF,2244.0
648,0,NjlFoRGi,GWqnIxTG,2300.0
648,0,bvSKVAYv,NjlFoRGi,2294.0
648,0,JZGNdgml,bvSKVAYv,1249.0
648,0,uHbImzAf,JZGNdgml,1249.0
648,0,IzsieVnc,uHbImzAf,1249.0
912,0,kKKRBhFF,WdOwNGhj,158.0
912,0,NFInfBeu,kKKRBhFF,155.0
912,0,VCQdmIoF,NFInfBeu,140.0
912,0,ePrpofUw,VCQdmIoF,140.0
912,0,KcvPUxQg,ePrpofUw,140.0
912,0,BlnSxBAr,KcvPUxQg,140.0
912,0,TCBUGaZf,BlnSxBAr,140.0
1472,0,jQaLNViL,gyQqEnFq,2113.0
1472,0,RfEbENxd,jQaLNViL,2463.0
1472,0,UFoaQvGg,RfEbENxd,3350.0
1472,0,DYvQviUy,UFoaQvGg,3350.0
1472,0,yHDouIXe,DYvQviUy,3665.0
1472,0,aFlzccOO,yHDouIXe,3778.0
1472,0,gpaAUChy,aFlzccOO,3778.0
1472,0,XAxmwtqw,gpaAUChy,4347.0
1472,0,YmDpkIHQ,XAxmwtqw,4347.0
1472,0,TUpCuZAw,YmDpkIHQ,4273.0
1472,0,HYfXIyFk,TUpCuZAw,4251.0
1472,0,yayPNqiY,HYfXIyFk,4250.0
1472,0,BsVmblhs,yayPNqiY,4250.0
1472,0,AFWGXQGm,BsVmblhs,4250.0
1472,0,ZMeqpjWv,AFWGXQGm,4250.0
1472,0,tSUFrefk,ZMeqpjWv,4210.0
1472,0,FqxCUuHX,tSUFrefk,4210.0
1472,0,LOkvvGyU,FqxCUuHX,3614.0
1472,0,DYErCrqd,LOkvvGyU,3614.0
1472,0,LbKosGpD,DYErCrqd,3614.0
1472,0,rDSiGFpR,LbKosGpD,2433.0
1472,0,hxSTJhOz,rDSiGFpR,1939.0
1472,0,TShNRujB,hxSTJhOz,1939.0
1472,0,gzZgDndk,TShNRujB,110.0
1262,0,eaNsVWDR,CKorGRkE,5259.0
1262,0,hpACGGyB,eaNsVWDR,5328.0
1262,0,VgUdLlOW,hpACGGyB,6089.0
1262,0,ywuGpANM,VgUdLlOW,6107.0
1262,0,BZCtSmhk,ywuGpANM,9621.0
1262,0,aojHvPEg,BZCtSmhk,9886.0
1262,0,qeXIqBgp,aojHvPEg,9886.0
1262,0,gmsNDepi,qeXIqBgp,11708.0
678,0,IzsieVnc,uHbImzAf,1688.0
647,0,yYSDLmlm,ydoNqUsu,255.0
647,0,FDCDnriY,yYSDLmlm,380.0
647,0,hLEWSLqw,FDCDnriY,380.0
647,0,ydoNqUsu,OyNIynZV,111.0
214,0,OyNIynZV,NcLanIdZ,689.0
272,0,LmhVzFNJ,gVtshwcF,3847.0
573,0,jBnsfrlR,zGyJMIkT,1068.0
573,0,sjphZSiX,jBnsfrlR,1068.0
573,0,NgDeDdfx,sjphZSiX,1068.0
578,0,GXHjZCTL,udlIzhJE,10.0
578,0,yolIeCeg,GXHjZCTL,10.0
264,0,twMezfOU,lkujKSJT,1485.0
264,0,EMzKPzug,twMezfOU,1485.0
264,0,KHbKaRBy,EMzKPzug,1587.0
264,0,uUBnPWGG,KHbKaRBy,1587.0
264,0,IvQQZbJW,ztLkgYlA,1173.0
264,0,yaKWBgLg,IvQQZbJW,1344.0
264,0,lkujKSJT,yaKWBgLg,1344.0
273,0,EtvjcvTp,CKNrjFUU,8.0
264,0,KcvPUxQg,ePrpofUw,556.0
264,0,BlnSxBAr,KcvPUxQg,556.0
264,0,TCBUGaZf,BlnSxBAr,790.0
264,0,pzcCDVmZ,TCBUGaZf,1033.0
264,0,AUBTKFbY,pzcCDVmZ,1034.0
264,0,fjevhefZ,AUBTKFbY,1054.0
264,0,vyQyYYqJ,fjevhefZ,1054.0
264,0,ztLkgYlA,vyQyYYqJ,1054.0
264,0,NFInfBeu,kKKRBhFF,489.0
264,0,VCQdmIoF,NFInfBeu,489.0
264,0,ePrpofUw,VCQdmIoF,489.0
264,0,WdOwNGhj,xfbmoJHP,461.0
264,0,kKKRBhFF,WdOwNGhj,461.0
706,0,ozAxYCwR,uiYVYPQX,141.0
711,0,ozAxYCwR,uiYVYPQX,772.0
1567,0,jcExlqwL,RCkelXPh,7932.0
490,0,vISVJoyz,pHNyFRmN,1758.0
490,0,RHWjHSWx,vISVJoyz,1693.0
678,0,HRURJMPd,IzsieVnc,1689.0
678,0,WGGanwZU,HRURJMPd,1689.0
1408,0,eLmJkuZC,kiTgZeoH,1046.0
1408,0,UgzfanVk,eLmJkuZC,1046.0
1747,0,HeRWBWAv,gbxdgQQp,4677.0
1747,0,xjaGpszF,HeRWBWAv,4677.0
1747,0,CTdLzzOf,xjaGpszF,3369.0
1747,0,IgEBJNwX,CTdLzzOf,3369.0
1747,0,Yhslgmod,IgEBJNwX,2720.0
1747,0,cTQVugNT,Yhslgmod,2527.0
1747,0,cNypyxpr,cTQVugNT,999.0
1531,0,WRVBvtIE,aWeSqqrV,3075.0
1531,0,YspLWkZX,WRVBvtIE,3857.0
1531,0,pRBbbEoD,YspLWkZX,3675.0
1531,0,cfVAtKgo,pRBbbEoD,3508.0
1531,0,QMiQTlda,cfVAtKgo,4077.0
1531,0,MaKoROaE,QMiQTlda,4077.0
994,0,zjGRmLyo,JGydtICe,2635.0
994,0,EXTmTMKf,zjGRmLyo,2620.0
994,0,yfIoPTHo,EXTmTMKf,1708.0
994,0,GnOurcjN,yfIoPTHo,1708.0
994,0,vHkAlmCm,GnOurcjN,1353.0
994,0,YspLWkZX,vHkAlmCm,1353.0
994,0,pRBbbEoD,YspLWkZX,968.0
994,0,cfVAtKgo,pRBbbEoD,968.0
994,0,QMiQTlda,cfVAtKgo,968.0
994,0,MaKoROaE,QMiQTlda,968.0
1015,0,ZJxogzZw,wcUGKfLa,76.0
1015,0,Uacajbua,ZJxogzZw,76.0
1015,0,ZLCIvgrp,Uacajbua,76.0
1015,0,ucVTqZIB,ZLCIvgrp,76.0
1015,0,FDrhtNjK,ucVTqZIB,76.0
1015,0,YVGWiGkc,FDrhtNjK,76.0
1015,0,CqPWXNIf,YVGWiGkc,76.0
1015,0,iZfXNAue,CqPWXNIf,76.0
1015,0,OXvlrfnG,iZfXNAue,81.0
1015,0,CgMBzfIg,OXvlrfnG,92.0
1015,0,BCwVkMhO,CgMBzfIg,92.0
1015,0,MpBHVRZl,BCwVkMhO,92.0
1015,0,BWKNZpmt,MpBHVRZl,92.0
1015,0,hMBIVszx,BWKNZpmt,92.0
1015,0,JgVaSAtG,hMBIVszx,92.0
1015,0,QyfZGsFT,JgVaSAtG,92.0
1015,0,selTNsQi,QyfZGsFT,92.0
1015,0,SfBAqteg,selTNsQi,92.0
1015,0,obGcbWvT,SfBAqteg,92.0
1015,0,wssOAckJ,obGcbWvT,92.0
1015,0,zzxlwhdI,wssOAckJ,92.0
1015,0,SEcoeimf,zzxlwhdI,92.0
1015,0,fzmnvqlX,SEcoeimf,92.0
1015,0,RyhuDLev,fzmnvqlX,92.0
1015,0,KnIeolpt,RyhuDLev,92.0
1015,0,GMrJWgHs,KnIeolpt,92.0
1015,0,tTjpyeuP,GMrJWgHs,92.0
1015,0,iYbcLrkT,tTjpyeuP,92.0
1015,0,elxmPCDf,iYbcLrkT,92.0
1015,0,tcbhlVZo,elxmPCDf,92.0
1015,0,ZqBGCTqq,tcbhlVZo,92.0
1015,0,HxnLIWQq,ZqBGCTqq,90.0
1015,0,wqGWmwVd,HxnLIWQq,90.0
1015,0,ACkvbmee,wqGWmwVd,90.0
1015,0,FtWuEuzF,ACkvbmee,90.0
1015,0,RtTLxXUv,FtWuEuzF,90.0
1015,0,JGydtICe,RtTLxXUv,90.0
1015,0,xbhuXgnr,JGydtICe,90.0
1015,0,zjGRmLyo,xbhuXgnr,90.0
1015,0,EXTmTMKf,zjGRmLyo,90.0
1015,0,yfIoPTHo,EXTmTMKf,90.0
1015,0,GnOurcjN,yfIoPTHo,90.0
1015,0,vHkAlmCm,GnOurcjN,90.0
1015,0,YspLWkZX,vHkAlmCm,90.0
1015,0,pRBbbEoD,YspLWkZX,90.0
1015,0,cfVAtKgo,pRBbbEoD,90.0
1015,0,AUlesEuc,cfVAtKgo,90.0
1015,0,MaKoROaE,AUlesEuc,90.0
823,0,vLvetIEj,VbipnzIy,97.0
823,0,veZdNrwJ,vLvetIEj,97.0
823,0,UHrZZaJI,veZdNrwJ,97.0
823,0,XYPsfiKq,UHrZZaJI,97.0
823,0,EZonlaGf,XYPsfiKq,97.0
823,0,ZLCIvgrp,EZonlaGf,99.0
823,0,ucVTqZIB,ZLCIvgrp,99.0
823,0,FDrhtNjK,ucVTqZIB,99.0
823,0,YVGWiGkc,FDrhtNjK,99.0
823,0,CqPWXNIf,YVGWiGkc,99.0
823,0,iZfXNAue,CqPWXNIf,99.0
823,0,OXvlrfnG,iZfXNAue,42.0
823,0,CgMBzfIg,OXvlrfnG,42.0
823,0,BCwVkMhO,CgMBzfIg,42.0
823,0,MpBHVRZl,BCwVkMhO,42.0
823,0,BWKNZpmt,MpBHVRZl,18.0
823,0,hMBIVszx,BWKNZpmt,18.0
823,0,JgVaSAtG,hMBIVszx,18.0
823,0,QyfZGsFT,JgVaSAtG,13.0
823,0,selTNsQi,QyfZGsFT,13.0
823,0,SfBAqteg,selTNsQi,13.0
823,0,obGcbWvT,SfBAqteg,13.0
823,0,wssOAckJ,obGcbWvT,13.0
823,0,zzxlwhdI,wssOAckJ,12.0
823,0,SEcoeimf,zzxlwhdI,12.0
823,0,fzmnvqlX,SEcoeimf,12.0
823,0,RyhuDLev,fzmnvqlX,12.0
823,0,KnIeolpt,RyhuDLev,12.0
823,0,GMrJWgHs,KnIeolpt,12.0
143,0,tTjpyeuP,GMrJWgHs,670.0
143,0,elxmPCDf,tTjpyeuP,670.0
143,0,tcbhlVZo,elxmPCDf,670.0
143,0,HxnLIWQq,tcbhlVZo,2031.0
143,0,wqGWmwVd,HxnLIWQq,2032.0
143,0,ACkvbmee,wqGWmwVd,2032.0
143,0,FtWuEuzF,ACkvbmee,2032.0
143,0,RtTLxXUv,FtWuEuzF,2027.0
143,0,JGydtICe,RtTLxXUv,2931.0
143,0,zjGRmLyo,JGydtICe,2938.0
143,0,EXTmTMKf,zjGRmLyo,2945.0
143,0,yfIoPTHo,EXTmTMKf,2065.0
143,0,GnOurcjN,yfIoPTHo,2257.0
143,0,vHkAlmCm,GnOurcjN,2504.0
143,0,YspLWkZX,vHkAlmCm,2504.0
143,0,pRBbbEoD,YspLWkZX,2187.0
143,0,cfVAtKgo,pRBbbEoD,2185.0
143,0,QMiQTlda,cfVAtKgo,2185.0
143,0,MaKoROaE,QMiQTlda,2185.0
264,0,rivVbWxD,FJLNitGY,1564.0
973,0,cCEhgrAc,srZucbpJ,2749.0
973,0,cfShLPmI,cCEhgrAc,2749.0
973,0,tWKcfmbS,cfShLPmI,2749.0
973,0,rmNVGWDV,tWKcfmbS,2749.0
16,0,tWKcfmbS,cfShLPmI,5666.0
973,0,OQRQrPoA,rmNVGWDV,2742.0
970,0,inRETCYL,LTDgdyOW,52.0
970,0,XEuSRnsw,inRETCYL,55.0
970,0,nsjiKPCz,XEuSRnsw,55.0
970,0,cCEhgrAc,nsjiKPCz,67.0
970,0,ETEzvRZj,cCEhgrAc,67.0
970,0,NPGSYTMw,ETEzvRZj,67.0
970,0,tHIoZtFE,NPGSYTMw,67.0
970,0,XMbkTLpt,tHIoZtFE,67.0
970,0,SOFDNGxu,XMbkTLpt,67.0
970,0,OQRQrPoA,SOFDNGxu,67.0
272,0,CmbQeSBI,LmhVzFNJ,3809.0
272,0,RVyaKvKa,CmbQeSBI,3809.0
272,0,OQRQrPoA,RVyaKvKa,3809.0
1245,0,LmhVzFNJ,gVtshwcF,773.0
1245,0,CmbQeSBI,LmhVzFNJ,785.0
1245,0,RVyaKvKa,CmbQeSBI,785.0
1245,0,OQRQrPoA,RVyaKvKa,785.0
985,0,ERIWLSEl,lotPPedu,939.0
985,0,qsoLaWuJ,ERIWLSEl,939.0
985,0,WSBJbplj,qsoLaWuJ,940.0
985,0,THUDGZDu,WSBJbplj,940.0
985,0,XUEgpuYS,THUDGZDu,1001.0
985,0,lXZmsBCe,XUEgpuYS,684.0
985,0,oftwwzSy,lXZmsBCe,684.0
985,0,CKNrjFUU,oftwwzSy,684.0
985,0,EtvjcvTp,CKNrjFUU,684.0
985,0,wuyFtExA,EtvjcvTp,304.0
985,0,MrybjzSo,wuyFtExA,304.0
985,0,leJfirnk,MrybjzSo,148.0
985,0,QRSRIbba,leJfirnk,148.0
985,0,EkCoFwMY,QRSRIbba,148.0
985,0,jqriedgy,EkCoFwMY,148.0
985,0,MTAZIXBL,jqriedgy,148.0
985,0,RkbXqAIs,MTAZIXBL,110.0
985,0,TAifzqok,RkbXqAIs,101.0
985,0,wWcBzuvM,TAifzqok,101.0
985,0,GcGOdrPa,wWcBzuvM,101.0
985,0,yAqyhWkU,GcGOdrPa,101.0
483,0,CmbQeSBI,gVtshwcF,280.0
483,0,RVyaKvKa,CmbQeSBI,280.0
483,0,OQRQrPoA,RVyaKvKa,280.0
584,0,kZdBhxvo,gRuqifBH,1034.0
584,0,ZBkAAevT,kZdBhxvo,981.0
584,0,cMinRgYB,ZBkAAevT,981.0
523,0,kZdBhxvo,gRuqifBH,2754.0
523,0,ZBkAAevT,kZdBhxvo,2754.0
523,0,cMinRgYB,ZBkAAevT,2754.0
1435,0,yfIoPTHo,EXTmTMKf,6395.0
1435,0,GnOurcjN,yfIoPTHo,6395.0
1435,0,vHkAlmCm,GnOurcjN,5194.0
1435,0,WynPMslR,vHkAlmCm,5149.0
1435,0,qjwSVoCq,WynPMslR,4221.0
1435,0,WvPJYXMk,qjwSVoCq,3647.0
264,0,OQRQrPoA,rivVbWxD,1205.0
1075,0,SGnJOquj,ZOuLYtJj,683.0
1075,0,ogOCBKAf,SGnJOquj,660.0
1212,0,HaEOaLMB,dpFXbFTh,51.0
1212,0,IkeqCtDY,HaEOaLMB,46.0
1212,0,wpHpdxFs,IkeqCtDY,46.0
1212,0,QHulIYnO,wpHpdxFs,46.0
1212,0,sKtQEUzZ,QHulIYnO,46.0
1212,0,QYkjMXrW,sKtQEUzZ,46.0
1212,0,mxGSpCzE,QYkjMXrW,46.0
1212,0,WlZgmutc,mxGSpCzE,43.0
1212,0,acVCzwtl,WlZgmutc,43.0
1212,0,TIlepZYr,acVCzwtl,43.0
1212,0,BmQLYaPd,TIlepZYr,5.0
1212,0,UvdLYolu,BmQLYaPd,5.0
1212,0,ZFKsyBay,UvdLYolu,5.0
1212,0,suvDbtPR,ZFKsyBay,3.0
1212,0,clVXMHJf,suvDbtPR,3.0
1212,0,UXEWVZzP,clVXMHJf,3.0
1212,0,MlYFoaez,UXEWVZzP,3.0
1212,0,XeinAhyy,MlYFoaez,3.0
1212,0,pGpZhRvq,XeinAhyy,3.0
1212,0,alaJPSTW,pGpZhRvq,3.0
1212,0,ngNzeSzC,alaJPSTW,3.0
1212,0,PHuvYJrP,ngNzeSzC,3.0
1212,0,FoxIDeQY,PHuvYJrP,3.0
1212,0,dZoxKDmD,FoxIDeQY,3.0
1212,0,ZOuLYtJj,dZoxKDmD,3.0
1212,0,SGnJOquj,ZOuLYtJj,3.0
1212,0,ogOCBKAf,SGnJOquj,3.0
584,0,LRmPOeoe,cMinRgYB,932.0
523,0,CPPLrzGV,cMinRgYB,2657.0
678,0,EMzKPzug,WGGanwZU,1344.0
524,0,OeKkfJSz,HTcmpFUD,864.0
524,0,FZjXRNIl,OeKkfJSz,864.0
490,0,FFLftRlg,vBGGqNND,2554.0
452,0,pHNyFRmN,OWkTamRc,4045.0
452,0,SMriOOgF,pHNyFRmN,4627.0
452,0,rWiIOjNx,SMriOOgF,4627.0
452,0,bvSKVAYv,rWiIOjNx,4627.0
1744,0,nrUfCQxz,xfYjeqNM,5379.0
1744,0,iBiVOFur,nrUfCQxz,4937.0
1744,0,niqrIlpR,iBiVOFur,4503.0
1744,0,uVsOstge,niqrIlpR,4069.0
1744,0,HTKZNJTs,uVsOstge,4372.0
1744,0,qvujbmjR,HTKZNJTs,5474.0
1744,0,REvIjxsO,qvujbmjR,5469.0
1744,0,CylWjYTC,REvIjxsO,5939.0
1744,0,yMiwNCtj,CylWjYTC,5752.0
678,0,AszcEtOu,BpAiVnps,1870.0
678,0,ybjkPLXB,AszcEtOu,2158.0
1193,0,neNWquOh,EkWBPXmr,518.0
1193,0,KwaxxmSs,neNWquOh,522.0
1193,0,PSjGjQXK,KwaxxmSs,522.0
1193,0,FDPmqphv,PSjGjQXK,839.0
1193,0,aVjdmBcp,FDPmqphv,842.0
1193,0,isVKhOXG,aVjdmBcp,842.0
1193,0,OWkTamRc,isVKhOXG,846.0
1193,0,pHNyFRmN,OWkTamRc,864.0
1193,0,SMriOOgF,pHNyFRmN,1011.0
1193,0,rWiIOjNx,SMriOOgF,1011.0
1193,0,bvSKVAYv,rWiIOjNx,1011.0
1193,0,JZGNdgml,bvSKVAYv,1119.0
1193,0,uHbImzAf,JZGNdgml,1119.0
1193,0,IzsieVnc,uHbImzAf,1403.0
1193,0,aYIMvmGX,IzsieVnc,1403.0
1193,0,WGGanwZU,aYIMvmGX,1479.0
1193,0,ArHpJhVJ,WGGanwZU,1479.0
912,0,Erqjkxzk,KKHFrKGl,236.0
912,0,ltPLChrK,Erqjkxzk,236.0
912,0,FwvYcAgk,ltPLChrK,236.0
712,0,MlQcmexA,GRRjUQxz,4138.0
1318,0,MkXEUCdM,rSdxnGDj,4261.0
1318,0,oiYuCTCe,MkXEUCdM,4261.0
1318,0,SwLVnWPq,oiYuCTCe,4124.0
1318,0,xQSKBJml,SwLVnWPq,5331.0
1318,0,eXTjiXiW,xQSKBJml,5331.0
1318,0,UUCrlfWg,eXTjiXiW,5331.0
1318,0,YULSfngF,UUCrlfWg,5331.0
1318,0,xGsoSfhX,YULSfngF,5331.0
1318,0,RVGhYAxc,xGsoSfhX,5407.0
661,0,ymMncFZF,RVyaKvKa,1598.0
661,0,QKdRzNnX,ymMncFZF,1598.0
626,0,tWKcfmbS,cfShLPmI,2058.0
626,0,zXtHnUiq,tWKcfmbS,2058.0
16,0,hEhmxyDr,tWKcfmbS,5663.0
16,0,OxhtFIfA,hEhmxyDr,5663.0
272,0,CEyhPnMH,OQRQrPoA,3603.0
272,0,ogrZorIF,CEyhPnMH,3603.0
264,0,CEyhPnMH,OQRQrPoA,1115.0
264,0,ogrZorIF,CEyhPnMH,1115.0
973,0,CEyhPnMH,OQRQrPoA,2649.0
973,0,ogrZorIF,CEyhPnMH,2649.0
973,0,fumBmOZX,ogrZorIF,2649.0
264,0,fumBmOZX,ogrZorIF,1103.0
1169,0,UmISPPJO,WWVpYMJI,813.0
1169,0,VPUbGzfh,UmISPPJO,808.0
1169,0,MVExtcyL,VPUbGzfh,808.0
1169,0,bciZjPUu,MVExtcyL,808.0
1169,0,ogOCBKAf,bciZjPUu,787.0
1169,0,YbopoHtZ,UUyOnuCZ,141.0
1169,0,LIaalPFl,YbopoHtZ,141.0
1169,0,XBBRJpEo,LIaalPFl,156.0
1169,0,yfDSCLNC,XBBRJpEo,333.0
1169,0,eUWmFhmU,yfDSCLNC,333.0
1169,0,PaIXMFSn,eUWmFhmU,333.0
1169,0,xWjNpCho,PaIXMFSn,434.0
1169,0,drCNaUUd,xWjNpCho,476.0
1169,0,GiLGTLpB,drCNaUUd,476.0
1169,0,uCrZVfKw,GiLGTLpB,476.0
1169,0,ibPVFfKv,uCrZVfKw,476.0
1169,0,MokitPrF,ibPVFfKv,476.0
1169,0,WWVpYMJI,MokitPrF,476.0
1262,0,CKorGRkE,ojqTFFWy,1220.0
1193,0,tWpVdCtj,ArHpJhVJ,1403.0
1193,0,EdJUuxct,tWpVdCtj,1478.0
1255,0,XMWgellz,vqGhvZJF,2592.0
187,0,QUMnpJQp,MwLdaJul,1772.0
187,0,FyIjwLBj,QUMnpJQp,1805.0
187,0,vXPGJwVk,FyIjwLBj,1800.0
187,0,GjiyfRqd,vXPGJwVk,1800.0
187,0,qzuHypgA,GjiyfRqd,2168.0
187,0,KCMgfriT,qzuHypgA,2164.0
187,0,hVMLOzME,KCMgfriT,2442.0
187,0,TDvESTZN,hVMLOzME,2442.0
187,0,sNuKvPuW,TDvESTZN,2422.0
187,0,AUBTKFbY,sNuKvPuW,2422.0
187,0,fjevhefZ,AUBTKFbY,1830.0
187,0,vyQyYYqJ,fjevhefZ,1830.0
187,0,ztLkgYlA,vyQyYYqJ,1821.0
187,0,IvQQZbJW,ztLkgYlA,375.0
1650,0,MlYFoaez,pWUEfFEM,1386.0
1650,0,XeinAhyy,MlYFoaez,891.0
1650,0,pGpZhRvq,XeinAhyy,891.0
1650,0,alaJPSTW,pGpZhRvq,891.0
1650,0,ngNzeSzC,alaJPSTW,891.0
1650,0,FoxIDeQY,ngNzeSzC,891.0
1650,0,dZoxKDmD,FoxIDeQY,891.0
1650,0,ZOuLYtJj,dZoxKDmD,891.0
1650,0,SGnJOquj,ZOuLYtJj,874.0
1650,0,ogOCBKAf,SGnJOquj,874.0
661,0,CmbQeSBI,gVtshwcF,1298.0
661,0,RVyaKvKa,CmbQeSBI,1298.0
661,0,EQSFTfWT,QKdRzNnX,1657.0
661,0,pHgJPiEB,EQSFTfWT,1657.0
661,0,jLGvGvQf,pHgJPiEB,1657.0
661,0,issQYORv,jLGvGvQf,1657.0
973,0,TurKlwMz,NkWMDpBL,2401.0
973,0,OSkPauJr,TurKlwMz,2401.0
973,0,NdVNfPps,OSkPauJr,2402.0
973,0,cNHGbHfW,NdVNfPps,2409.0
523,0,vMBlttbG,CPPLrzGV,1981.0
523,0,zdEUiAFY,vMBlttbG,1981.0
990,0,tWpVdCtj,ArHpJhVJ,6338.0
990,0,EdJUuxct,tWpVdCtj,6263.0
1379,0,QHFmFyLR,EkWBPXmr,299.0
1379,0,neNWquOh,QHFmFyLR,299.0
1379,0,KwaxxmSs,neNWquOh,302.0
1379,0,PSjGjQXK,KwaxxmSs,312.0
1379,0,FDPmqphv,PSjGjQXK,721.0
1379,0,aVjdmBcp,FDPmqphv,769.0
1379,0,isVKhOXG,aVjdmBcp,769.0
1379,0,mKIQRbrs,isVKhOXG,907.0
1379,0,qvujbmjR,mKIQRbrs,1031.0
1379,0,SqxhBMol,qvujbmjR,1040.0
1379,0,MzWshIAL,SqxhBMol,1060.0
1379,0,NZGnRwVn,MzWshIAL,1085.0
1379,0,qVoRAqeW,NZGnRwVn,1224.0
1379,0,pYVbvizw,qVoRAqeW,1226.0
1379,0,IATYolYz,pYVbvizw,1226.0
574,0,ubZrQMid,vfdAIPGv,1529.0
574,0,KwaxxmSs,ubZrQMid,1529.0
712,0,qdrjbHYS,ozAxYCwR,233.0
712,0,awOEKaEj,qdrjbHYS,3295.0
712,0,fFHpEWYG,awOEKaEj,3661.0
712,0,jOxyxYyy,fFHpEWYG,4135.0
712,0,gGlRqksC,jOxyxYyy,4135.0
712,0,GRRjUQxz,gGlRqksC,4135.0
712,0,vISVJoyz,MlQcmexA,2291.0
712,0,RHWjHSWx,vISVJoyz,2291.0
712,0,VpmqCJUB,RHWjHSWx,2763.0
712,0,EvIZgaUF,VpmqCJUB,2751.0
712,0,mGgwEHaG,EvIZgaUF,2900.0
712,0,DWuGRWkF,mGgwEHaG,2900.0
712,0,ryMrZCSE,DWuGRWkF,2866.0
712,0,fRxWIrbs,ryMrZCSE,2416.0
712,0,QrdELzCu,fRxWIrbs,2416.0
712,0,YvwQRHTE,QrdELzCu,2416.0
712,0,HJTsgSzj,YvwQRHTE,2416.0
679,0,IMtkgxTU,XXPGaRGh,1311.0
679,0,MlQcmexA,IMtkgxTU,1311.0
679,0,RHWjHSWx,MlQcmexA,1135.0
679,0,EvIZgaUF,RHWjHSWx,1419.0
679,0,mGgwEHaG,EvIZgaUF,1271.0
679,0,DWuGRWkF,mGgwEHaG,1271.0
679,0,ryMrZCSE,DWuGRWkF,1294.0
679,0,fRxWIrbs,ryMrZCSE,2135.0
679,0,QrdELzCu,fRxWIrbs,2131.0
679,0,YvwQRHTE,QrdELzCu,2131.0
679,0,HJTsgSzj,YvwQRHTE,2131.0
679,0,TcTonWJL,HJTsgSzj,3039.0
679,0,VCDwRKse,TcTonWJL,3329.0
679,0,lZYsrfVZ,VCDwRKse,3329.0
273,0,fFHpEWYG,FcOkCcps,2406.0
477,0,oeGMQkdJ,rDSiGFpR,1395.0
477,0,vkAUVqtk,oeGMQkdJ,1775.0
477,0,ifLglfbO,vkAUVqtk,1775.0
477,0,hgHcWJof,ifLglfbO,1775.0
477,0,vBGGqNND,hgHcWJof,1775.0
477,0,oFGeBzfg,vBGGqNND,1456.0
477,0,ZAvLUFLU,oFGeBzfg,1456.0
477,0,iBiVOFur,ZAvLUFLU,1456.0
477,0,AjJCgCBk,iBiVOFur,2256.0
1305,0,izYvwhlO,AjJCgCBk,1788.0
1305,0,DvUXLssj,izYvwhlO,2061.0
1305,0,womqVgRl,DvUXLssj,2061.0
457,0,suszCmcx,ojYgsDtJ,82.0
457,0,AHQzSmld,suszCmcx,82.0
457,0,lXxeIKQj,AHQzSmld,82.0
457,0,UWSJuCAz,lXxeIKQj,82.0
457,0,xfYjeqNM,UWSJuCAz,82.0
457,0,nrUfCQxz,xfYjeqNM,82.0
457,0,vJitwYAE,nrUfCQxz,47.0
457,0,iBiVOFur,vJitwYAE,47.0
457,0,SWnceHEw,iBiVOFur,47.0
457,0,AjJCgCBk,SWnceHEw,47.0
457,0,jFmPCmzM,AjJCgCBk,47.0
457,0,TrOiZJox,jFmPCmzM,47.0
457,0,fkZFUNSd,TrOiZJox,29.0
457,0,lTemnVVF,fkZFUNSd,29.0
457,0,pYVbvizw,lTemnVVF,29.0
457,0,vUKUaFbz,pYVbvizw,29.0
457,0,DRkcXziO,PbNNbEKu,37.0
457,0,fTOPrrgc,DRkcXziO,37.0
457,0,ErjukRDc,fTOPrrgc,37.0
457,0,ojYgsDtJ,ErjukRDc,37.0
684,0,aIerxCRO,lxSUNwOi,2022.0
684,0,ZHaurlhr,aIerxCRO,2022.0
684,0,KMDYeUKg,ZHaurlhr,1979.0
684,0,FrlvFFoW,KMDYeUKg,1851.0
684,0,buBFkWue,FrlvFFoW,1867.0
684,0,gaeBmadp,buBFkWue,1980.0
684,0,CpnDMnJS,gaeBmadp,1980.0
684,0,fSmTHZJS,CpnDMnJS,1935.0
684,0,WSTcrrBn,fSmTHZJS,1459.0
684,0,mayUcTNe,WSTcrrBn,1448.0
684,0,DyPueDjA,mayUcTNe,1448.0
684,0,qMoZNsgo,DyPueDjA,1448.0
684,0,udNzSSji,qMoZNsgo,1448.0
684,0,uKKyuZyC,udNzSSji,1448.0
684,0,GhNbXpjs,uKKyuZyC,1433.0
480,0,RDRtuZUD,FliRNcXy,615.0
480,0,HRxXRUxZ,RDRtuZUD,615.0
480,0,TiulEaYs,HRxXRUxZ,615.0
480,0,dwUntJQR,TiulEaYs,935.0
480,0,VQMcZIwA,dwUntJQR,935.0
480,0,RyfxjoUl,VQMcZIwA,1094.0
480,0,QIQMIQBO,RyfxjoUl,937.0
480,0,hOGVczfj,QIQMIQBO,829.0
1744,0,kXtCwJQx,hOGVczfj,4417.0
1744,0,UZvsWvxC,kXtCwJQx,4433.0
1744,0,Afgbwxue,UZvsWvxC,4425.0
1744,0,yHOAvGcL,Afgbwxue,4290.0
1744,0,AHQzSmld,yHOAvGcL,4714.0
1744,0,UWSJuCAz,AHQzSmld,4589.0
686,0,iBiVOFur,nrUfCQxz,2692.0
686,0,SWnceHEw,iBiVOFur,2490.0
686,0,AjJCgCBk,SWnceHEw,2486.0
686,0,wLUSsEhz,AjJCgCBk,2652.0
686,0,XHTcEfiO,wLUSsEhz,2627.0
686,0,izYvwhlO,XHTcEfiO,1467.0
686,0,DvUXLssj,izYvwhlO,1096.0
686,0,womqVgRl,DvUXLssj,1096.0
1744,0,XAxmwtqw,aFlzccOO,4014.0
1744,0,ThGrfpxl,XAxmwtqw,4014.0
1744,0,TUpCuZAw,ThGrfpxl,3984.0
1744,0,HYfXIyFk,TUpCuZAw,3984.0
1744,0,oQvXmJfL,HYfXIyFk,3990.0
1744,0,yayPNqiY,oQvXmJfL,4157.0
1744,0,pOvHFZPM,yayPNqiY,4157.0
1744,0,hOGVczfj,pOvHFZPM,4410.0
684,0,biJBLznK,UfJDroVz,365.0
684,0,TcsyXYNn,biJBLznK,365.0
684,0,qKeCDDXI,TcsyXYNn,365.0
684,0,YmkUpvHU,qKeCDDXI,1063.0
684,0,GbYxEXTt,YmkUpvHU,1476.0
684,0,DOGyniWl,GbYxEXTt,1476.0
684,0,fubLBmAl,DOGyniWl,1605.0
684,0,nEXpIbiD,fubLBmAl,1605.0
684,0,eTJQHplR,nEXpIbiD,1611.0
684,0,vrgENeuF,eTJQHplR,1864.0
684,0,lxSUNwOi,vrgENeuF,1964.0
684,0,QontmjvH,JIllbhjr,175.0
684,0,oBtsEQRM,QontmjvH,175.0
684,0,UFoaQvGg,oBtsEQRM,221.0
684,0,uxsctOEt,UFoaQvGg,221.0
684,0,UfJDroVz,uxsctOEt,221.0
1744,0,DYvQviUy,RfEbENxd,3628.0
1744,0,aFlzccOO,DYvQviUy,3787.0
1744,0,jQaLNViL,gyQqEnFq,877.0
1744,0,RfEbENxd,jQaLNViL,2299.0
1452,0,RXuaQdiQ,orpkgmYq,7051.0
1452,0,mhTYFecR,RXuaQdiQ,7697.0
1296,0,eaNsVWDR,ejMjPdTH,5674.0
1296,0,ywuGpANM,eaNsVWDR,7200.0
1296,0,BZCtSmhk,ywuGpANM,7918.0
1296,0,BLvXEzeq,gzTQJVMW,4733.0
1296,0,AoRkaUmb,BLvXEzeq,4815.0
1296,0,ALhaazBT,AoRkaUmb,4815.0
1296,0,YqlTLIQa,ALhaazBT,5257.0
1296,0,AUmOMGnp,YqlTLIQa,5257.0
1296,0,ejMjPdTH,AUmOMGnp,5314.0
365,0,DgYBMgPg,mhsyTQmZ,2678.0
365,0,yjQwxGED,DgYBMgPg,1063.0
365,0,KPcRWbGT,yjQwxGED,1063.0
365,0,uGRyXcfW,KPcRWbGT,1063.0
365,0,HlhFjJtZ,uGRyXcfW,1063.0
365,0,ALhaazBT,HlhFjJtZ,1063.0
365,0,YqlTLIQa,ALhaazBT,944.0
365,0,AUmOMGnp,YqlTLIQa,944.0
365,0,SVPLEqNI,AUmOMGnp,934.0
365,0,ejMjPdTH,SVPLEqNI,328.0
365,0,CKorGRkE,ejMjPdTH,204.0
365,0,eaNsVWDR,CKorGRkE,204.0
365,0,hpACGGyB,eaNsVWDR,204.0
365,0,VgUdLlOW,hpACGGyB,204.0
365,0,ywuGpANM,VgUdLlOW,204.0
365,0,BZCtSmhk,ywuGpANM,121.0
365,0,aojHvPEg,BZCtSmhk,121.0
365,0,qeXIqBgp,aojHvPEg,121.0
365,0,gmsNDepi,qeXIqBgp,121.0
365,0,jFRqfnFl,gmsNDepi,121.0
365,0,ysSWNERo,jFRqfnFl,117.0
1296,0,gzTQJVMW,RVEyrwjR,4225.0
780,0,lhSIyIfw,OeZVKJdr,2620.0
1558,0,GbYxEXTt,YmkUpvHU,446.0
1558,0,ItndWSiW,GbYxEXTt,430.0
1558,0,DOGyniWl,ItndWSiW,399.0
1558,0,fubLBmAl,DOGyniWl,399.0
1558,0,nEXpIbiD,fubLBmAl,399.0
1558,0,eTJQHplR,nEXpIbiD,399.0
367,0,GbYxEXTt,YmkUpvHU,2427.0
367,0,DOGyniWl,GbYxEXTt,1269.0
367,0,fubLBmAl,DOGyniWl,1260.0
367,0,nEXpIbiD,fubLBmAl,1195.0
367,0,eTJQHplR,nEXpIbiD,1195.0
736,0,XLVjRryq,NxbXiMUL,7065.0
736,0,RVEyrwjR,XLVjRryq,7215.0
1305,0,SlfNpref,aUPouXsN,1492.0
1305,0,nrKKniYe,SlfNpref,1492.0
1305,0,AjJCgCBk,nrKKniYe,1622.0
673,0,bgWfLree,DsuTXcIa,1265.0
673,0,nUYnioIh,bgWfLree,1265.0
673,0,UAkhVpHN,nUYnioIh,1265.0
673,0,EvIZgaUF,UAkhVpHN,1265.0
673,0,mGgwEHaG,EvIZgaUF,1251.0
673,0,DWuGRWkF,mGgwEHaG,1242.0
673,0,ryMrZCSE,DWuGRWkF,1173.0
673,0,fRxWIrbs,ryMrZCSE,752.0
673,0,sKbmdUEJ,fRxWIrbs,752.0
673,0,zWeVnnxO,sKbmdUEJ,752.0
673,0,kXofjcRp,zWeVnnxO,752.0
673,0,mCHzTQKa,kXofjcRp,558.0
673,0,VCDwRKse,mCHzTQKa,558.0
673,0,lZYsrfVZ,VCDwRKse,558.0
673,0,eOdwAkBF,ydoNqUsu,1456.0
673,0,FDCDnriY,eOdwAkBF,1451.0
673,0,DsuTXcIa,FDCDnriY,1608.0
673,0,enOsQere,LPBTmxgF,538.0
673,0,ydoNqUsu,enOsQere,538.0
481,0,JGbfxLUL,KQSHMGnw,1187.0
481,0,IjwLXBRx,JGbfxLUL,1187.0
481,0,YmbmpLps,IjwLXBRx,1187.0
481,0,nJRBvlcT,YmbmpLps,1271.0
481,0,IkxLwyxa,nJRBvlcT,1501.0
523,0,CorDNIJt,zdEUiAFY,1962.0
1198,0,yjunmuoE,IvQQZbJW,631.0
1198,0,ljAgYLSe,yjunmuoE,631.0
1198,0,dTWbWYya,ljAgYLSe,605.0
1198,0,CorDNIJt,dTWbWYya,605.0
584,0,vMBlttbG,LRmPOeoe,709.0
584,0,zdEUiAFY,vMBlttbG,709.0
584,0,CorDNIJt,zdEUiAFY,709.0
584,0,LciqyJfg,CorDNIJt,696.0
584,0,HTcmpFUD,LciqyJfg,696.0
523,0,LciqyJfg,CorDNIJt,1423.0
523,0,HTcmpFUD,LciqyJfg,1423.0
1198,0,LciqyJfg,CorDNIJt,603.0
1198,0,HTcmpFUD,LciqyJfg,603.0
1198,0,IvQQZbJW,lxBswvKX,612.0
178,0,TCMQvOqy,NmilzqZp,1020.0
178,0,JyqrAKLu,TCMQvOqy,1020.0
178,0,XxhwFmzZ,JyqrAKLu,1020.0
178,0,sonNAVmZ,XxhwFmzZ,1020.0
178,0,aWeAvoyP,sonNAVmZ,973.0
178,0,exnIZrMP,aWeAvoyP,973.0
178,0,KhRPPFUf,exnIZrMP,956.0
178,0,zoqWMrrO,KhRPPFUf,956.0
178,0,WSMobtPt,zoqWMrrO,956.0
178,0,ClDeGdta,WSMobtPt,956.0
1198,0,dBTDkDZt,gOJphFVT,2049.0
1198,0,tldUULAx,dBTDkDZt,2672.0
1198,0,lQHWhrGj,tldUULAx,2763.0
1198,0,OOOhsNkv,lQHWhrGj,2763.0
1198,0,CgcphXSb,OOOhsNkv,2763.0
1198,0,texSWQet,CgcphXSb,2763.0
1198,0,lxBswvKX,texSWQet,1340.0
187,0,AszcEtOu,BpAiVnps,1075.0
187,0,TCqyxHhF,AszcEtOu,1343.0
187,0,BHzRSlej,TCqyxHhF,1343.0
187,0,TcEVvOUM,BHzRSlej,1418.0
187,0,qGnNRXVR,TcEVvOUM,1422.0
187,0,ouPwTbuD,qGnNRXVR,1421.0
187,0,MwLdaJul,ouPwTbuD,1422.0
187,0,yjunmuoE,IvQQZbJW,373.0
187,0,ljAgYLSe,yjunmuoE,373.0
187,0,dTWbWYya,ljAgYLSe,373.0
187,0,CorDNIJt,dTWbWYya,373.0
187,0,LciqyJfg,CorDNIJt,373.0
187,0,HTcmpFUD,LciqyJfg,373.0
1662,0,XGJiqzLW,xSynUqPV,333.0
990,0,gmiMCrrb,EdJUuxct,6285.0
186,0,OeKkfJSz,HTcmpFUD,829.0
186,0,FZjXRNIl,OeKkfJSz,829.0
186,0,wHSBMatn,FZjXRNIl,829.0
186,0,pbVrXoGi,wHSBMatn,829.0
186,0,GuhaYkFL,pbVrXoGi,835.0
186,0,EdJUuxct,GuhaYkFL,835.0
186,0,gmiMCrrb,EdJUuxct,626.0
178,0,PYzwbgep,cZBPdCTc,713.0
178,0,wtyUxRkq,PYzwbgep,713.0
178,0,VXthmpcS,wtyUxRkq,813.0
178,0,xuEvBBdE,VXthmpcS,813.0
178,0,rAizOLWV,xuEvBBdE,813.0
178,0,JdZarNsv,rAizOLWV,813.0
178,0,NmilzqZp,JdZarNsv,813.0
295,0,KMLNQwjh,YxUFlvZH,428.0
295,0,aDaRCcaB,KMLNQwjh,428.0
295,0,dQYZBhGJ,aDaRCcaB,428.0
295,0,iFderoVa,dQYZBhGJ,428.0
295,0,GQmprOhw,iFderoVa,428.0
295,0,aWeAvoyP,GQmprOhw,429.0
295,0,exnIZrMP,aWeAvoyP,429.0
295,0,WSMobtPt,exnIZrMP,429.0
295,0,AvILYntX,WSMobtPt,442.0
295,0,BGAyznqC,AvILYntX,450.0
295,0,PUIIuxlM,BGAyznqC,450.0
295,0,bEuFbYIx,PUIIuxlM,450.0
295,0,ZCsEtuOb,bEuFbYIx,461.0
295,0,kEQqRNXv,ZCsEtuOb,567.0
295,0,NfeOUEsA,kEQqRNXv,567.0
295,0,gdbAGAQU,NfeOUEsA,662.0
295,0,ANpclgWP,gdbAGAQU,662.0
295,0,LWqTSxPr,ANpclgWP,625.0
295,0,tBgOcvQf,LWqTSxPr,625.0
178,0,PeYVqHeF,DJkAcxlA,527.0
178,0,cRLBVFvQ,PeYVqHeF,527.0
178,0,DacXSoOC,cRLBVFvQ,591.0
178,0,vTErLEZz,DacXSoOC,591.0
178,0,cZBPdCTc,vTErLEZz,598.0
295,0,KwXNMHkb,UxPxrYmy,392.0
295,0,YxUFlvZH,KwXNMHkb,392.0
178,0,hZxMsAHQ,WgelRheP,462.0
178,0,DJkAcxlA,hZxMsAHQ,462.0
595,0,kBaIvAJI,pobpsCoK,482.0
626,0,XCXPEDQh,MBttAlCW,450.0
626,0,FXyPWyvF,XCXPEDQh,450.0
626,0,yLDzmulm,FXyPWyvF,450.0
626,0,JzObVOMG,yLDzmulm,485.0
626,0,dwQybScW,JzObVOMG,485.0
626,0,WgelRheP,dwQybScW,485.0
1052,0,xokKvraT,INegqJKU,141.0
1052,0,HaSZVkzu,xokKvraT,141.0
1052,0,yjaYbUGq,HaSZVkzu,141.0
1052,0,LbyQgJih,yjaYbUGq,141.0
1052,0,FPXdCAOW,LbyQgJih,141.0
1052,0,ouHKxPGS,FPXdCAOW,141.0
1052,0,TimDJQqX,ouHKxPGS,166.0
1052,0,buoLtkoi,TimDJQqX,166.0
1052,0,NEOaVWFJ,buoLtkoi,210.0
1052,0,RBwynnQe,NEOaVWFJ,210.0
1064,0,IWkYeNgA,uiSiNEQq,2140.0
1064,0,AGDZrVfo,IWkYeNgA,2158.0
1064,0,INegqJKU,AGDZrVfo,2432.0
1064,0,xokKvraT,INegqJKU,2411.0
1064,0,HaSZVkzu,xokKvraT,2411.0
1064,0,yjaYbUGq,HaSZVkzu,2411.0
1064,0,LbyQgJih,yjaYbUGq,2411.0
1064,0,FPXdCAOW,LbyQgJih,2411.0
1064,0,ouHKxPGS,FPXdCAOW,2411.0
1064,0,GEijdcGW,ouHKxPGS,2406.0
1064,0,MKKzwAOv,GEijdcGW,2404.0
1064,0,mhDCqtpx,MKKzwAOv,2398.0
1064,0,TJDsQDoO,mhDCqtpx,2398.0
1064,0,yTictHOU,TJDsQDoO,2387.0
1064,0,illGQStO,yTictHOU,2387.0
1064,0,AUrIxxcC,illGQStO,2387.0
1064,0,zqZasXpA,AUrIxxcC,2387.0
1064,0,EYGEAZtD,zqZasXpA,2387.0
1064,0,AJLJQqsT,EYGEAZtD,2387.0
1064,0,NCSBLEus,AJLJQqsT,2386.0
1064,0,xfbmoJHP,NCSBLEus,2170.0
1064,0,WdOwNGhj,xfbmoJHP,1276.0
1064,0,kKKRBhFF,WdOwNGhj,1098.0
1064,0,NFInfBeu,kKKRBhFF,1098.0
1064,0,VCQdmIoF,NFInfBeu,1098.0
1064,0,ePrpofUw,VCQdmIoF,1098.0
1064,0,KcvPUxQg,ePrpofUw,1098.0
1064,0,BlnSxBAr,KcvPUxQg,1098.0
1064,0,TCBUGaZf,BlnSxBAr,1098.0
1064,0,pzcCDVmZ,TCBUGaZf,1.0
1064,0,AUBTKFbY,pzcCDVmZ,1.0
1064,0,fjevhefZ,AUBTKFbY,1.0
1064,0,vyQyYYqJ,fjevhefZ,1.0
1064,0,lxBswvKX,vyQyYYqJ,1.0
295,0,hqOmlOIp,RrhmmPMm,167.0
295,0,qJgsxHch,hqOmlOIp,167.0
295,0,lxplrluY,qJgsxHch,167.0
295,0,zTJYYUap,lxplrluY,167.0
295,0,UxPxrYmy,zTJYYUap,167.0
295,0,YxYhlArE,NqSePdAx,137.0
295,0,sAswhpJr,YxYhlArE,137.0
295,0,VyHGAkTo,sAswhpJr,137.0
295,0,RrhmmPMm,VyHGAkTo,137.0
295,0,sceVWPKZ,dvaPHMux,98.0
295,0,NqSePdAx,sceVWPKZ,98.0
214,0,ydoNqUsu,OyNIynZV,686.0
214,0,yYSDLmlm,ydoNqUsu,930.0
712,0,LVcdwgEp,ubzklVlS,3028.0
712,0,xTOrUJFO,LVcdwgEp,2156.0
1567,0,YctaenCe,jcExlqwL,7291.0
1567,0,tzYrVhKO,YctaenCe,7285.0
1567,0,UgpyjFML,tzYrVhKO,7284.0
46,0,QpprBOSr,SOVcCDqR,7408.0
46,0,Plxavose,QpprBOSr,6904.0
46,0,CpULuhdq,Plxavose,6396.0
46,0,tJbXQuOE,CpULuhdq,6396.0
46,0,dAjqsFfg,tJbXQuOE,5014.0
46,0,vizUtPmY,dAjqsFfg,5014.0
46,0,fytASSfG,vizUtPmY,4934.0
46,0,kFSxtGUW,fytASSfG,4934.0
46,0,ULMVzkWs,kFSxtGUW,4826.0
46,0,ZNjvBYak,ULMVzkWs,4826.0
46,0,wPeqfEci,ZNjvBYak,4677.0
46,0,MjMDaXaP,wPeqfEci,4677.0
46,0,OGoFbxUJ,MjMDaXaP,4677.0
46,0,XNUmFqNT,OGoFbxUJ,4677.0
46,0,hSdNxZqe,XNUmFqNT,4568.0
1180,0,RFLUsFpq,apOzgzFy,5744.0
1180,0,NRaiNGwl,RFLUsFpq,5744.0
1180,0,dgLtpUgu,NRaiNGwl,5760.0
1180,0,GJEXlFdt,dgLtpUgu,5822.0
1180,0,VMzKgUSR,GJEXlFdt,5983.0
1180,0,BJDTCJYP,VMzKgUSR,5983.0
1180,0,gyedwqXM,BJDTCJYP,5983.0
1180,0,LYitljhu,gyedwqXM,5983.0
1180,0,UhAwQaaX,LYitljhu,5983.0
1180,0,LOIXCDqJ,UhAwQaaX,5983.0
1180,0,FldHcjZC,LOIXCDqJ,5722.0
1180,0,qNiTyrkl,FldHcjZC,4791.0
1180,0,waZdIIZY,qNiTyrkl,4791.0
1180,0,eiOwifcC,waZdIIZY,4791.0
1180,0,vacPrbQA,eiOwifcC,4639.0
1408,0,SUVVzOYC,cThdGxLv,264.0
1408,0,dAxtDTje,SUVVzOYC,906.0
1408,0,aunBMooM,dAxtDTje,906.0
1408,0,KGIBfEut,aunBMooM,906.0
1408,0,kiTgZeoH,KGIBfEut,906.0
657,0,TsaeiIGv,EkWBPXmr,3858.0
657,0,OsBkWRQx,TsaeiIGv,3938.0
657,0,udlIzhJE,OsBkWRQx,3938.0
657,0,DeduXMzE,udlIzhJE,3938.0
657,0,GXHjZCTL,DeduXMzE,3938.0
657,0,yolIeCeg,GXHjZCTL,3938.0
657,0,zGyJMIkT,yolIeCeg,3957.0
657,0,YbVmHVTt,zGyJMIkT,5315.0
657,0,ZlnerNQG,YbVmHVTt,5315.0
657,0,FVWAEAei,ZlnerNQG,5316.0
657,0,gVtshwcF,FVWAEAei,5327.0
657,0,LmhVzFNJ,gVtshwcF,5483.0
657,0,CmbQeSBI,LmhVzFNJ,5483.0
657,0,RVyaKvKa,CmbQeSBI,5483.0
657,0,ymMncFZF,RVyaKvKa,5483.0
657,0,OnjVGLlO,ymMncFZF,5483.0
657,0,QKdRzNnX,OnjVGLlO,5483.0
657,0,EQSFTfWT,QKdRzNnX,5590.0
657,0,pHgJPiEB,EQSFTfWT,5590.0
657,0,jLGvGvQf,pHgJPiEB,5590.0
657,0,issQYORv,jLGvGvQf,5590.0
657,0,mgIvIqkL,issQYORv,5718.0
657,0,MdBywaSB,mgIvIqkL,5718.0
173,0,FXuJEVFo,PspudWCJ,1834.0
173,0,qCZHeqZn,FXuJEVFo,1780.0
658,0,qkTCgKXX,YoEMZEcq,3.0
658,0,XjSQdTLS,qkTCgKXX,3.0
658,0,dKSFzIqs,XjSQdTLS,3.0
129,0,aLFpJPgR,hPntpWoI,392.0
129,0,cZLwCFQo,aLFpJPgR,396.0
129,0,rxrORjnb,cZLwCFQo,396.0
129,0,UVDfwOgc,rxrORjnb,393.0
129,0,HdBHspFM,UVDfwOgc,393.0
129,0,TJDsQDoO,HdBHspFM,390.0
129,0,yTictHOU,TJDsQDoO,390.0
129,0,sTaleXyI,yTictHOU,390.0
129,0,illGQStO,sTaleXyI,384.0
129,0,AUrIxxcC,illGQStO,384.0
129,0,zqZasXpA,AUrIxxcC,384.0
129,0,EYGEAZtD,zqZasXpA,384.0
129,0,AJLJQqsT,EYGEAZtD,384.0
129,0,NCSBLEus,AJLJQqsT,384.0
129,0,xfbmoJHP,NCSBLEus,336.0
129,0,WdOwNGhj,xfbmoJHP,234.0
129,0,kKKRBhFF,WdOwNGhj,233.0
129,0,NFInfBeu,kKKRBhFF,233.0
129,0,VCQdmIoF,NFInfBeu,233.0
129,0,ePrpofUw,VCQdmIoF,233.0
129,0,KcvPUxQg,ePrpofUw,233.0
129,0,BlnSxBAr,KcvPUxQg,233.0
129,0,TCBUGaZf,BlnSxBAr,233.0
916,0,czDOARXC,CyecXZGv,197.0
916,0,MjfuEiNR,czDOARXC,197.0
916,0,sdZgyTvj,MjfuEiNR,197.0
916,0,vcrPzYoe,sdZgyTvj,197.0
916,0,umgwnivO,vcrPzYoe,197.0
916,0,TuCFhCoF,umgwnivO,216.0
916,0,NnDAWHCn,TuCFhCoF,216.0
916,0,Kssiavoh,NnDAWHCn,223.0
916,0,pAoOtqpU,Kssiavoh,223.0
916,0,iKWenAnt,pAoOtqpU,226.0
916,0,oSDoGnju,iKWenAnt,235.0
916,0,efsWTgFW,oSDoGnju,245.0
916,0,csuoPXTA,efsWTgFW,245.0
916,0,NOXvlGiG,csuoPXTA,245.0
916,0,WoPCDSeI,NOXvlGiG,245.0
916,0,ZVaoBYIn,WoPCDSeI,245.0
916,0,KKHFrKGl,ZVaoBYIn,245.0
916,0,Erqjkxzk,KKHFrKGl,204.0
916,0,ltPLChrK,Erqjkxzk,204.0
916,0,FwvYcAgk,ltPLChrK,204.0
916,0,mgDGiHEE,FwvYcAgk,204.0
916,0,dQOncjgh,mgDGiHEE,203.0
916,0,QiaFfhxS,dQOncjgh,203.0
916,0,rilNZKmg,QiaFfhxS,203.0
916,0,MgfOYJbA,rilNZKmg,202.0
916,0,qIuTLVvj,MgfOYJbA,202.0
916,0,spmlaYUs,qIuTLVvj,201.0
916,0,qqDoWQdv,spmlaYUs,201.0
916,0,eymgjBxV,qqDoWQdv,184.0
916,0,EonJeQKz,eymgjBxV,184.0
916,0,vkWqgNph,EonJeQKz,184.0
916,0,nJRQzVZQ,vkWqgNph,184.0
916,0,xunvufHj,nJRQzVZQ,182.0
916,0,rxrORjnb,xunvufHj,182.0
916,0,UVDfwOgc,rxrORjnb,182.0
916,0,TJDsQDoO,UVDfwOgc,182.0
916,0,yTictHOU,TJDsQDoO,182.0
916,0,sTaleXyI,yTictHOU,182.0
916,0,illGQStO,sTaleXyI,182.0
916,0,AUrIxxcC,illGQStO,181.0
916,0,zqZasXpA,AUrIxxcC,181.0
916,0,EYGEAZtD,zqZasXpA,181.0
916,0,AJLJQqsT,EYGEAZtD,181.0
916,0,NCSBLEus,AJLJQqsT,181.0
916,0,xfbmoJHP,NCSBLEus,177.0
1532,0,FUctipSE,IvXmMOhB,2103.0
1750,0,GTWLqqnN,JafVjQhg,1402.0
1750,0,wefAcLKj,GTWLqqnN,1402.0
1750,0,XHLHCkqn,wefAcLKj,1390.0
1750,0,ULIlEdjB,XHLHCkqn,1139.0
1750,0,zfmNZkKD,ULIlEdjB,1120.0
1418,0,SapgsLPr,JPWycazw,5110.0
1418,0,OyAyNkqZ,SapgsLPr,5118.0
825,0,vlhncUdg,wgnVmusT,30.0
825,0,xGVMKwkH,vlhncUdg,30.0
825,0,DcYEFBXI,xGVMKwkH,30.0
825,0,mSlRsDTZ,DcYEFBXI,70.0
825,0,iHPgoVQd,mSlRsDTZ,70.0
825,0,LEMCEoBI,iHPgoVQd,71.0
825,0,VbipnzIy,LEMCEoBI,81.0
825,0,vLvetIEj,VbipnzIy,89.0
825,0,veZdNrwJ,vLvetIEj,89.0
825,0,UHrZZaJI,veZdNrwJ,89.0
825,0,XYPsfiKq,UHrZZaJI,89.0
825,0,EZonlaGf,XYPsfiKq,109.0
825,0,wcUGKfLa,EZonlaGf,111.0
825,0,ZJxogzZw,wcUGKfLa,74.0
825,0,Uacajbua,ZJxogzZw,74.0
825,0,ZLCIvgrp,Uacajbua,70.0
825,0,ucVTqZIB,ZLCIvgrp,70.0
825,0,FDrhtNjK,ucVTqZIB,70.0
825,0,YVGWiGkc,FDrhtNjK,70.0
825,0,CqPWXNIf,YVGWiGkc,70.0
825,0,iZfXNAue,CqPWXNIf,70.0
825,0,OXvlrfnG,iZfXNAue,68.0
825,0,CgMBzfIg,OXvlrfnG,68.0
825,0,BCwVkMhO,CgMBzfIg,68.0
825,0,MpBHVRZl,BCwVkMhO,68.0
825,0,BWKNZpmt,MpBHVRZl,9.0
825,0,hMBIVszx,BWKNZpmt,9.0
825,0,JgVaSAtG,hMBIVszx,9.0
825,0,QyfZGsFT,JgVaSAtG,9.0
825,0,selTNsQi,QyfZGsFT,9.0
825,0,SfBAqteg,selTNsQi,9.0
825,0,obGcbWvT,SfBAqteg,9.0
825,0,lbFoZTYJ,obGcbWvT,9.0
825,0,wssOAckJ,lbFoZTYJ,9.0
825,0,zzxlwhdI,wssOAckJ,9.0
825,0,SEcoeimf,zzxlwhdI,9.0
825,0,fzmnvqlX,SEcoeimf,9.0
825,0,RyhuDLev,fzmnvqlX,9.0
825,0,KnIeolpt,RyhuDLev,9.0
825,0,GMrJWgHs,KnIeolpt,9.0
825,0,tTjpyeuP,GMrJWgHs,9.0
825,0,iYbcLrkT,tTjpyeuP,9.0
825,0,elxmPCDf,iYbcLrkT,9.0
825,0,tcbhlVZo,elxmPCDf,9.0
825,0,ZqBGCTqq,tcbhlVZo,9.0
825,0,HxnLIWQq,ZqBGCTqq,5.0
825,0,wqGWmwVd,HxnLIWQq,5.0
825,0,ACkvbmee,wqGWmwVd,5.0
825,0,FtWuEuzF,ACkvbmee,5.0
825,0,RtTLxXUv,FtWuEuzF,5.0
825,0,JGydtICe,RtTLxXUv,5.0
736,0,qheIKvdP,bInfxKVp,2303.0
736,0,rBGGtpqI,qheIKvdP,2266.0
736,0,DeWEzUGk,rBGGtpqI,2266.0
736,0,XQiQvefE,DeWEzUGk,2266.0
736,0,OSxOVFcp,XQiQvefE,2266.0
736,0,vjVhbIrq,OSxOVFcp,2266.0
736,0,LeICPOtv,vjVhbIrq,2602.0
736,0,WhCgdKgR,LeICPOtv,2602.0
736,0,eyUKPfnA,WhCgdKgR,2602.0
736,0,TabXWeiJ,eyUKPfnA,2787.0
736,0,tDhKnafe,TabXWeiJ,2787.0
736,0,iGMYbQYg,tDhKnafe,2790.0
736,0,HeSMGtlu,iGMYbQYg,2790.0
736,0,ZgqhsueA,HeSMGtlu,2790.0
736,0,GYxWnXpv,ZgqhsueA,3903.0
736,0,mkpQpPSv,GYxWnXpv,3903.0
736,0,EIHKZlEa,mkpQpPSv,3903.0
736,0,oYdkYEMp,EIHKZlEa,3903.0
736,0,TkHOmLHQ,oYdkYEMp,3903.0
736,0,SwTowoaO,TkHOmLHQ,3903.0
736,0,YvwuVYMF,SwTowoaO,4267.0
600,0,wihERHzN,uiYVYPQX,15.0
227,0,jkmSVBKz,QkCkRebE,852.0
227,0,XwcxmOai,jkmSVBKz,852.0
711,0,qGnNRXVR,TcEVvOUM,2069.0
1613,0,Buavuklo,OUzlATeX,55.0
1613,0,TGrxyeBm,Buavuklo,55.0
1613,0,lEkTDboF,TGrxyeBm,55.0
1613,0,ZOdTENQq,lEkTDboF,55.0
1613,0,ttqmlghz,ZOdTENQq,55.0
1613,0,dFTlYtXH,ttqmlghz,55.0
1613,0,PZLqDGdx,dFTlYtXH,55.0
1613,0,kjxfKqbD,PZLqDGdx,25.0
1174,0,bciZjPUu,MVExtcyL,2188.0
1174,0,ogOCBKAf,bciZjPUu,2106.0
1567,0,mhYSfvAq,UgzfanVk,994.0
1125,0,NAwFzVQz,RuqLEiFp,1641.0
1125,0,jEliwrSM,NAwFzVQz,1696.0
1125,0,XsvFZXJo,jEliwrSM,1696.0
1407,0,rXoVyCYO,KuTZBRNJ,692.0
1407,0,gdHaMUeX,rXoVyCYO,692.0
1407,0,vhHLNRbD,gdHaMUeX,692.0
1407,0,lWiTdhQk,vhHLNRbD,1942.0
1407,0,kYxNkIzH,lWiTdhQk,1821.0
1407,0,nUxocPjZ,kYxNkIzH,1735.0
1407,0,WmvRfciC,nUxocPjZ,1727.0
1407,0,saptMzFY,WmvRfciC,1727.0
1407,0,YxAufxIm,saptMzFY,1789.0
1407,0,UFFAxqtN,YxAufxIm,1789.0
1407,0,cOTHHVzh,UFFAxqtN,1789.0
1407,0,sjfoFmFj,cOTHHVzh,1133.0
1407,0,WjGJosho,sjfoFmFj,1133.0
400,0,dZoxKDmD,FoxIDeQY,1463.0
400,0,ZOuLYtJj,dZoxKDmD,2107.0
400,0,dWLNxRJP,ZOuLYtJj,2107.0
1125,0,kjmHgYUi,pTTspriv,925.0
1125,0,UHSPJyEW,kjmHgYUi,925.0
1125,0,dOTSUZHl,UHSPJyEW,925.0
1125,0,ITdbUezF,dOTSUZHl,925.0
1125,0,UCTWITih,ITdbUezF,925.0
1125,0,HnEviCBr,UCTWITih,925.0
1125,0,nCgrSQNi,HnEviCBr,992.0
1125,0,KyrNRMTR,nCgrSQNi,992.0
1125,0,IpOsGrUQ,KyrNRMTR,1263.0
1125,0,exRzHfND,IpOsGrUQ,1092.0
1125,0,bIhgcGjB,exRzHfND,1092.0
1125,0,dMpYNFzw,bIhgcGjB,1092.0
1125,0,slwzdYAd,dMpYNFzw,1092.0
1125,0,phodyDNv,slwzdYAd,1194.0
1125,0,gcvwQKzE,phodyDNv,1216.0
1125,0,RuqLEiFp,gcvwQKzE,1216.0
16,0,GfBReROC,OxhtFIfA,4894.0
16,0,CLjYTiBy,GfBReROC,4894.0
272,0,fumBmOZX,ogrZorIF,3586.0
272,0,CLjYTiBy,fumBmOZX,3586.0
1245,0,CEyhPnMH,OQRQrPoA,366.0
1245,0,ogrZorIF,CEyhPnMH,366.0
1245,0,fumBmOZX,ogrZorIF,366.0
1245,0,CLjYTiBy,fumBmOZX,366.0
264,0,CLjYTiBy,fumBmOZX,943.0
594,0,OeXJgkRW,grMhZquG,512.0
594,0,GdpNupee,OeXJgkRW,512.0
594,0,EiybrpzE,GdpNupee,499.0
594,0,YiexuWUO,EiybrpzE,499.0
1119,0,LggmrEeo,qrudAScT,239.0
1120,0,KmBpjqPf,QImdosgy,144.0
1120,0,BCGYYxEK,KmBpjqPf,138.0
1120,0,Tjttdgfb,BCGYYxEK,138.0
1120,0,kOphzTYx,Tjttdgfb,138.0
1120,0,OqLLMkKT,kOphzTYx,138.0
1120,0,SbpvwGMk,OqLLMkKT,138.0
1120,0,twlXtIzd,SbpvwGMk,138.0
1120,0,dyfuQNKH,twlXtIzd,138.0
1120,0,nJqXilaA,dyfuQNKH,138.0
1120,0,tMAJjHeh,nJqXilaA,138.0
1120,0,LurStVaw,tMAJjHeh,126.0
1120,0,YmJRiEgw,LurStVaw,165.0
1120,0,TmUkjEUt,YmJRiEgw,154.0
1120,0,kIKddsaQ,TmUkjEUt,154.0
1120,0,NqSePdAx,kIKddsaQ,154.0
1120,0,YxYhlArE,NqSePdAx,149.0
1120,0,sAswhpJr,YxYhlArE,149.0
1120,0,VyHGAkTo,sAswhpJr,149.0
1120,0,RrhmmPMm,VyHGAkTo,149.0
1120,0,hqOmlOIp,RrhmmPMm,111.0
1120,0,qJgsxHch,hqOmlOIp,111.0
1120,0,lxplrluY,qJgsxHch,111.0
1120,0,zTJYYUap,lxplrluY,111.0
1120,0,UxPxrYmy,zTJYYUap,111.0
1120,0,ZfNDFPcl,UxPxrYmy,108.0
1120,0,KwXNMHkb,ZfNDFPcl,108.0
1120,0,YxUFlvZH,KwXNMHkb,108.0
1120,0,KMLNQwjh,YxUFlvZH,91.0
1120,0,aDaRCcaB,KMLNQwjh,91.0
1120,0,dQYZBhGJ,aDaRCcaB,91.0
1120,0,iFderoVa,dQYZBhGJ,91.0
1120,0,GQmprOhw,iFderoVa,91.0
1120,0,CbblRkaH,GQmprOhw,69.0
1120,0,BldTZUAI,CbblRkaH,69.0
1120,0,nBYHMnkU,BldTZUAI,68.0
1120,0,LpwxWatG,rwLqimtK,122.0
1120,0,FbaONibz,LpwxWatG,122.0
1120,0,QImdosgy,FbaONibz,139.0
1120,0,FvRjKBvU,TJeJnSDd,76.0
1120,0,wuQzPlvL,FvRjKBvU,92.0
1120,0,NacgxEEi,wuQzPlvL,92.0
1120,0,ZbMvdFLw,NacgxEEi,92.0
1120,0,JUGtNdnF,ZbMvdFLw,92.0
1120,0,buTfkkhk,JUGtNdnF,92.0
1120,0,rwLqimtK,buTfkkhk,95.0
657,0,UscCtYui,MdBywaSB,653.0
1703,0,zAAHYQhY,uSOMnpdQ,80.0
1703,0,jUhOGaww,zAAHYQhY,69.0
1703,0,CZhqrbpp,jUhOGaww,69.0
1703,0,BYVXItej,CZhqrbpp,69.0
1703,0,eEFiMPzB,BYVXItej,69.0
1703,0,rQuvSvCO,eEFiMPzB,69.0
1703,0,MpPYcjVn,rQuvSvCO,69.0
1703,0,DewKhksr,MpPYcjVn,69.0
1703,0,vqGhvZJF,DewKhksr,69.0
1703,0,XMWgellz,vqGhvZJF,69.0
626,0,GfBReROC,zXtHnUiq,1964.0
626,0,AjXddPle,GfBReROC,1964.0
272,0,NuwmOhpA,CLjYTiBy,3480.0
973,0,CLjYTiBy,fumBmOZX,2632.0
973,0,NuwmOhpA,CLjYTiBy,2699.0
970,0,CEyhPnMH,OQRQrPoA,39.0
970,0,ogrZorIF,CEyhPnMH,39.0
970,0,fumBmOZX,ogrZorIF,39.0
970,0,CLjYTiBy,fumBmOZX,39.0
970,0,NuwmOhpA,CLjYTiBy,39.0
16,0,NuwmOhpA,CLjYTiBy,3900.0
264,0,NuwmOhpA,CLjYTiBy,923.0
1193,0,QaQvGPmN,yRpreQRc,1631.0
1193,0,HNYicgCh,QaQvGPmN,1601.0
1193,0,RVNzMGgw,HNYicgCh,1565.0
1193,0,PqoYMtMO,RVNzMGgw,1565.0
971,0,dKSFzIqs,XjSQdTLS,42.0
14,0,EtvjcvTp,CKNrjFUU,3.0
483,0,CEyhPnMH,OQRQrPoA,93.0
483,0,ogrZorIF,CEyhPnMH,93.0
483,0,fumBmOZX,ogrZorIF,93.0
483,0,CLjYTiBy,fumBmOZX,93.0
483,0,NuwmOhpA,CLjYTiBy,93.0
994,0,hMBIVszx,BWKNZpmt,1692.0
994,0,JgVaSAtG,hMBIVszx,1692.0
778,0,YBkSbJNR,mBrhAdeU,482.0
778,0,xsVxMJpx,YBkSbJNR,482.0
778,0,wULIWnbW,xsVxMJpx,482.0
778,0,kPfQKpcS,wULIWnbW,483.0
778,0,VyooPFNZ,kPfQKpcS,483.0
778,0,JyEnLYHy,VyooPFNZ,483.0
778,0,wcUGKfLa,JyEnLYHy,483.0
778,0,ZJxogzZw,wcUGKfLa,1834.0
778,0,Uacajbua,ZJxogzZw,1834.0
778,0,ZLCIvgrp,Uacajbua,1834.0
778,0,ucVTqZIB,ZLCIvgrp,1798.0
778,0,FDrhtNjK,ucVTqZIB,1798.0
778,0,YVGWiGkc,FDrhtNjK,1798.0
778,0,CqPWXNIf,YVGWiGkc,1798.0
778,0,iZfXNAue,CqPWXNIf,1788.0
319,0,ZrWksDco,kYpOneyC,1.0
319,0,SNVRXPiu,ZrWksDco,7.0
319,0,NzFpkpXH,SNVRXPiu,7.0
319,0,EVcIyerQ,NzFpkpXH,7.0
319,0,dEEWjOTq,EVcIyerQ,7.0
319,0,UlOflIKh,dEEWjOTq,7.0
319,0,cHhWsWUg,UlOflIKh,320.0
319,0,nPkrzCty,cHhWsWUg,320.0
973,0,EXHVDpee,NuwmOhpA,2287.0
973,0,NkWMDpBL,EXHVDpee,2327.0
16,0,EXHVDpee,NuwmOhpA,3352.0
16,0,NkWMDpBL,EXHVDpee,3210.0
272,0,EXHVDpee,NuwmOhpA,2226.0
272,0,NkWMDpBL,EXHVDpee,2226.0
264,0,EXHVDpee,NuwmOhpA,658.0
264,0,NkWMDpBL,EXHVDpee,658.0
657,0,cNHGbHfW,UscCtYui,553.0
1193,0,OoNwiPDT,gmiMCrrb,2186.0
1193,0,ftvNhZKM,OoNwiPDT,2186.0
1193,0,KLTxOJqh,ftvNhZKM,2221.0
1193,0,IURTQlCB,KLTxOJqh,2221.0
1193,0,gmiMCrrb,EdJUuxct,1685.0
174,0,AszcEtOu,BpAiVnps,142.0
174,0,TCqyxHhF,AszcEtOu,186.0
174,0,TcEVvOUM,TCqyxHhF,186.0
174,0,qGnNRXVR,TcEVvOUM,186.0
174,0,ouPwTbuD,qGnNRXVR,188.0
174,0,MwLdaJul,ouPwTbuD,188.0
174,0,QUMnpJQp,MwLdaJul,230.0
174,0,FyIjwLBj,QUMnpJQp,240.0
174,0,vXPGJwVk,FyIjwLBj,240.0
174,0,qzuHypgA,vXPGJwVk,240.0
174,0,KCMgfriT,qzuHypgA,253.0
174,0,hVMLOzME,KCMgfriT,281.0
174,0,TDvESTZN,hVMLOzME,281.0
174,0,sNuKvPuW,TDvESTZN,281.0
174,0,AUBTKFbY,sNuKvPuW,281.0
174,0,fjevhefZ,AUBTKFbY,301.0
174,0,vyQyYYqJ,fjevhefZ,301.0
174,0,ztLkgYlA,vyQyYYqJ,301.0
174,0,OoNwiPDT,ztLkgYlA,301.0
174,0,ftvNhZKM,OoNwiPDT,301.0
174,0,KLTxOJqh,ftvNhZKM,301.0
174,0,IURTQlCB,KLTxOJqh,301.0
621,0,DeduXMzE,udlIzhJE,176.0
621,0,GXHjZCTL,DeduXMzE,176.0
621,0,yolIeCeg,GXHjZCTL,176.0
621,0,ozAxYCwR,yolIeCeg,176.0
621,0,qdrjbHYS,ozAxYCwR,176.0
621,0,AKdDiXyV,qdrjbHYS,231.0
621,0,kZdBhxvo,AKdDiXyV,315.0
621,0,ZBkAAevT,kZdBhxvo,315.0
621,0,cMinRgYB,ZBkAAevT,315.0
621,0,LRmPOeoe,cMinRgYB,315.0
621,0,tBNXSyMW,LRmPOeoe,315.0
621,0,ArHpJhVJ,tBNXSyMW,316.0
621,0,tWpVdCtj,ArHpJhVJ,316.0
621,0,EdJUuxct,tWpVdCtj,316.0
621,0,gmiMCrrb,EdJUuxct,316.0
621,0,OoNwiPDT,gmiMCrrb,316.0
621,0,ftvNhZKM,OoNwiPDT,316.0
621,0,KLTxOJqh,ftvNhZKM,316.0
621,0,idAQxYim,KLTxOJqh,316.0
621,0,OsBkWRQx,TsaeiIGv,134.0
621,0,udlIzhJE,OsBkWRQx,136.0
1255,0,EmkugZPX,XMWgellz,3658.0
621,0,TsaeiIGv,EkWBPXmr,65.0
621,0,ldInPGbn,idAQxYim,575.0
621,0,WGEhEMgb,ldInPGbn,774.0
621,0,WblAIghg,WGEhEMgb,774.0
621,0,yXfOYhmg,WblAIghg,774.0
973,0,RqfbhkOP,cNHGbHfW,2368.0
973,0,sUAChhLU,RqfbhkOP,2368.0
973,0,TCMQvOqy,sUAChhLU,1861.0
973,0,JyqrAKLu,TCMQvOqy,1862.0
973,0,XxhwFmzZ,JyqrAKLu,1868.0
973,0,GQmprOhw,XxhwFmzZ,1274.0
973,0,aWeAvoyP,GQmprOhw,835.0
973,0,exnIZrMP,aWeAvoyP,835.0
973,0,zoqWMrrO,exnIZrMP,836.0
973,0,WSMobtPt,zoqWMrrO,836.0
973,0,ClDeGdta,WSMobtPt,836.0
973,0,PqoYMtMO,ClDeGdta,85.0
170,0,EIcIoHUO,DULwephN,1452.0
170,0,JYRWJgVB,EIcIoHUO,1610.0
170,0,CFztBFJQ,JYRWJgVB,1618.0
679,0,RVGhYAxc,mdGitRQe,2834.0
173,0,TCqyxHhF,AszcEtOu,607.0
173,0,TcEVvOUM,TCqyxHhF,652.0
173,0,qGnNRXVR,TcEVvOUM,652.0
173,0,ouPwTbuD,qGnNRXVR,652.0
173,0,MwLdaJul,ouPwTbuD,652.0
173,0,QUMnpJQp,MwLdaJul,754.0
173,0,FyIjwLBj,QUMnpJQp,786.0
173,0,vXPGJwVk,FyIjwLBj,786.0
173,0,qzuHypgA,vXPGJwVk,786.0
173,0,KCMgfriT,qzuHypgA,1072.0
173,0,hVMLOzME,KCMgfriT,1141.0
173,0,TDvESTZN,hVMLOzME,1141.0
173,0,bDgEiJAh,TDvESTZN,1796.0
1622,0,YstCZidS,qaJzTzwj,1699.0
1622,0,sHyVyxBf,YstCZidS,1699.0
1622,0,OGOfNBpR,sHyVyxBf,1694.0
1622,0,apZtGMSe,OGOfNBpR,1694.0
1622,0,busLwOKM,apZtGMSe,1733.0
1622,0,BRTaWOYs,busLwOKM,1733.0
1622,0,aYSqaQmJ,BRTaWOYs,1700.0
173,0,AszcEtOu,BpAiVnps,527.0
1506,0,cCSIoIah,gViLrCgA,7187.0
1506,0,DLdtTvFi,cCSIoIah,7099.0
1506,0,vRWSdFEN,DLdtTvFi,7188.0
1506,0,tDDddUJb,vRWSdFEN,9386.0
626,0,RjboLjDb,AjXddPle,1958.0
626,0,FyJXToWe,RjboLjDb,1958.0
626,0,rINNylNh,FyJXToWe,1958.0
264,0,TurKlwMz,NkWMDpBL,622.0
474,0,iWFLhsvE,LdWodgsw,1093.0
474,0,qFzqwYZZ,iWFLhsvE,561.0
272,0,TurKlwMz,NkWMDpBL,2204.0
287,0,EkWBPXmr,zVYhNTdK,31.0
1193,0,ojINhgSe,IURTQlCB,2053.0
1193,0,SiflCzMU,ojINhgSe,2053.0
174,0,ojINhgSe,IURTQlCB,184.0
452,0,QHFmFyLR,EkWBPXmr,1659.0
452,0,neNWquOh,QHFmFyLR,1659.0
452,0,KwaxxmSs,neNWquOh,1666.0
452,0,PSjGjQXK,KwaxxmSs,1671.0
452,0,FDPmqphv,PSjGjQXK,3616.0
452,0,aVjdmBcp,FDPmqphv,3891.0
452,0,nusTHAtB,aVjdmBcp,3891.0
452,0,isVKhOXG,nusTHAtB,3914.0
452,0,OWkTamRc,isVKhOXG,3945.0
452,0,RkIYOvZu,bvSKVAYv,5919.0
452,0,ygKQkAfU,RkIYOvZu,5919.0
452,0,blwWmPPo,ygKQkAfU,7972.0
452,0,GWhCmjED,blwWmPPo,9060.0
452,0,dYaEdzoO,GWhCmjED,9227.0
452,0,LoxEXWve,dYaEdzoO,9235.0
648,0,SYyDHHKq,IzsieVnc,1200.0
648,0,yzZGrKJL,SYyDHHKq,1200.0
648,0,qDeoslSZ,yzZGrKJL,1200.0
648,0,JovbzjVh,qDeoslSZ,671.0
648,0,dYaEdzoO,JovbzjVh,586.0
648,0,LoxEXWve,dYaEdzoO,578.0
1197,0,xMTUUeEc,gmiMCrrb,267.0
295,0,xMTUUeEc,tBgOcvQf,1178.0
295,0,jPryMrof,xMTUUeEc,1178.0
295,0,jkJwqjHm,jPryMrof,1178.0
295,0,jKMBgxbE,jkJwqjHm,1178.0
295,0,RQiSRtZp,jKMBgxbE,1178.0
295,0,SoCzlzVw,RQiSRtZp,1172.0
295,0,hLEWSLqw,SoCzlzVw,1172.0
615,0,TShNRujB,hxSTJhOz,1109.0
615,0,gzZgDndk,TShNRujB,1982.0
615,0,PSjGjQXK,gzZgDndk,1982.0
615,0,FDPmqphv,PSjGjQXK,1966.0
615,0,ccqsUPnI,FDPmqphv,1819.0
615,0,OGJVNXKe,ccqsUPnI,1357.0
615,0,hfsVeMMa,OGJVNXKe,1239.0
615,0,isVKhOXG,hfsVeMMa,961.0
615,0,OWkTamRc,isVKhOXG,961.0
615,0,pHNyFRmN,OWkTamRc,960.0
615,0,SMriOOgF,pHNyFRmN,960.0
615,0,vISVJoyz,SMriOOgF,960.0
615,0,RHWjHSWx,vISVJoyz,960.0
615,0,VpmqCJUB,RHWjHSWx,535.0
615,0,mWygMrMb,VpmqCJUB,535.0
615,0,dulnZXnF,mWygMrMb,535.0
615,0,RkIYOvZu,dulnZXnF,535.0
615,0,ygKQkAfU,RkIYOvZu,535.0
615,0,blwWmPPo,ygKQkAfU,490.0
615,0,GWhCmjED,blwWmPPo,490.0
615,0,dYaEdzoO,GWhCmjED,487.0
615,0,TIoMzhxD,dYaEdzoO,487.0
1744,0,dulnZXnF,yMiwNCtj,5724.0
1744,0,RkIYOvZu,dulnZXnF,5724.0
1744,0,ygKQkAfU,RkIYOvZu,5724.0
670,0,hCxxcqWU,IOcMwGKn,970.0
670,0,qMoZNsgo,hCxxcqWU,970.0
670,0,udNzSSji,qMoZNsgo,970.0
670,0,uKKyuZyC,udNzSSji,970.0
670,0,GhNbXpjs,uKKyuZyC,970.0
670,0,KTHxRvtW,GhNbXpjs,970.0
670,0,gRVxNCAP,KTHxRvtW,1093.0
670,0,nJRBvlcT,gRVxNCAP,1093.0
670,0,IkxLwyxa,nJRBvlcT,1163.0
670,0,CYSggHNR,IkxLwyxa,1365.0
670,0,VhgapMoa,CYSggHNR,1365.0
670,0,dKbqWpcD,VhgapMoa,1365.0
670,0,zYpZYpOA,dKbqWpcD,1365.0
670,0,xbeOVhLE,zYpZYpOA,1784.0
670,0,IpBcScgC,xbeOVhLE,1880.0
670,0,aYvzRwqU,IpBcScgC,1880.0
670,0,mWygMrMb,aYvzRwqU,1880.0
670,0,dulnZXnF,mWygMrMb,1880.0
670,0,RkIYOvZu,dulnZXnF,1880.0
670,0,ygKQkAfU,RkIYOvZu,1880.0
670,0,ufLmazVu,ygKQkAfU,1191.0
670,0,qDeoslSZ,ufLmazVu,1185.0
670,0,JovbzjVh,qDeoslSZ,669.0
670,0,dYaEdzoO,JovbzjVh,683.0
670,0,TIoMzhxD,dYaEdzoO,684.0
311,0,AszcEtOu,BpAiVnps,1699.0
311,0,TcEVvOUM,AszcEtOu,2325.0
311,0,qGnNRXVR,TcEVvOUM,2325.0
311,0,MwLdaJul,qGnNRXVR,2340.0
311,0,QUMnpJQp,MwLdaJul,1903.0
311,0,FyIjwLBj,QUMnpJQp,1690.0
311,0,vXPGJwVk,FyIjwLBj,1384.0
311,0,EYCnMsAF,vXPGJwVk,1357.0
311,0,XjEyEHqT,EYCnMsAF,1355.0
311,0,IvqxNjHK,XjEyEHqT,1355.0
311,0,SyrqOGJb,IvqxNjHK,1314.0
311,0,NcLanIdZ,SyrqOGJb,1310.0
311,0,pTpnumHG,NcLanIdZ,987.0
600,0,jcExlqwL,RCkelXPh,979.0
600,0,YctaenCe,jcExlqwL,1057.0
600,0,tzYrVhKO,YctaenCe,1057.0
600,0,UgpyjFML,tzYrVhKO,1057.0
600,0,nPkrzCty,UgpyjFML,1059.0
984,0,CKNrjFUU,qGgPbtbT,748.0
984,0,VCGhveHG,CKNrjFUU,748.0
984,0,WQdyWhSR,VCGhveHG,748.0
984,0,vCGIyJLJ,WQdyWhSR,748.0
984,0,VXthmpcS,vCGIyJLJ,920.0
984,0,xuEvBBdE,VXthmpcS,818.0
984,0,rAizOLWV,xuEvBBdE,818.0
984,0,JdZarNsv,rAizOLWV,801.0
984,0,NmilzqZp,JdZarNsv,801.0
984,0,TCMQvOqy,NmilzqZp,755.0
984,0,JyqrAKLu,TCMQvOqy,744.0
179,0,QaQvGPmN,yRpreQRc,1458.0
179,0,HNYicgCh,QaQvGPmN,1458.0
179,0,RVNzMGgw,HNYicgCh,1458.0
179,0,dKSFzIqs,RVNzMGgw,1458.0
179,0,QeEdlYuU,dKSFzIqs,632.0
179,0,LXDQjYxM,QeEdlYuU,632.0
179,0,qVzVrWDp,LXDQjYxM,632.0
594,0,OHkaqvpq,SmQHomzq,593.0
594,0,nxJXVeix,OHkaqvpq,593.0
594,0,ZaRNMBdT,nxJXVeix,593.0
594,0,KwyfuOzT,ZaRNMBdT,593.0
594,0,grMhZquG,KwyfuOzT,528.0
179,0,OoNwiPDT,ztLkgYlA,903.0
179,0,ftvNhZKM,OoNwiPDT,903.0
179,0,KLTxOJqh,ftvNhZKM,903.0
179,0,IURTQlCB,KLTxOJqh,903.0
179,0,ojINhgSe,IURTQlCB,1376.0
179,0,pFAoJEPO,ojINhgSe,1376.0
179,0,fCvqoWrT,pFAoJEPO,1376.0
179,0,yRpreQRc,fCvqoWrT,1413.0
1690,0,bCOJrgoA,tMEROJFH,58.0
1690,0,RQiSRtZp,bCOJrgoA,58.0
1690,0,lQHWhrGj,RQiSRtZp,65.0
1690,0,OOOhsNkv,lQHWhrGj,65.0
1690,0,CgcphXSb,OOOhsNkv,65.0
1690,0,texSWQet,CgcphXSb,65.0
1690,0,lxBswvKX,texSWQet,65.0
1690,0,KLTxOJqh,lxBswvKX,84.0
1690,0,idAQxYim,KLTxOJqh,84.0
1690,0,rfNgKlRc,idAQxYim,87.0
1690,0,BIvEdfHJ,rfNgKlRc,87.0
16,0,TurKlwMz,NkWMDpBL,3179.0
16,0,JvVxAKet,TurKlwMz,3171.0
970,0,EXHVDpee,NuwmOhpA,19.0
970,0,NkWMDpBL,EXHVDpee,19.0
970,0,TurKlwMz,NkWMDpBL,19.0
970,0,oVNIhiyF,TurKlwMz,19.0
272,0,oVNIhiyF,TurKlwMz,2134.0
264,0,oVNIhiyF,TurKlwMz,617.0
594,0,lotPPedu,nBYHMnkU,237.0
594,0,ERIWLSEl,lotPPedu,138.0
594,0,qsoLaWuJ,ERIWLSEl,138.0
594,0,WSBJbplj,qsoLaWuJ,138.0
594,0,THUDGZDu,WSBJbplj,138.0
594,0,XUEgpuYS,THUDGZDu,138.0
594,0,lXZmsBCe,XUEgpuYS,11.0
594,0,oftwwzSy,lXZmsBCe,11.0
594,0,CKNrjFUU,oftwwzSy,11.0
594,0,EtvjcvTp,CKNrjFUU,11.0
594,0,wuyFtExA,EtvjcvTp,8.0
594,0,MrybjzSo,wuyFtExA,8.0
594,0,yrRBvFtZ,MrybjzSo,8.0
985,0,lotPPedu,nBYHMnkU,902.0
596,0,lotPPedu,nBYHMnkU,132.0
596,0,ERIWLSEl,lotPPedu,108.0
596,0,qsoLaWuJ,ERIWLSEl,108.0
596,0,WSBJbplj,qsoLaWuJ,108.0
596,0,THUDGZDu,WSBJbplj,108.0
596,0,XUEgpuYS,THUDGZDu,108.0
596,0,lXZmsBCe,XUEgpuYS,59.0
596,0,oftwwzSy,lXZmsBCe,59.0
596,0,CKNrjFUU,oftwwzSy,59.0
596,0,EtvjcvTp,CKNrjFUU,59.0
596,0,wuyFtExA,EtvjcvTp,20.0
596,0,MrybjzSo,wuyFtExA,20.0
1120,0,lotPPedu,nBYHMnkU,16.0
1120,0,ERIWLSEl,lotPPedu,13.0
1120,0,qsoLaWuJ,ERIWLSEl,13.0
1120,0,WSBJbplj,qsoLaWuJ,13.0
1120,0,THUDGZDu,WSBJbplj,13.0
1120,0,XUEgpuYS,THUDGZDu,13.0
1120,0,lXZmsBCe,XUEgpuYS,8.0
1120,0,oftwwzSy,lXZmsBCe,8.0
1120,0,CKNrjFUU,oftwwzSy,8.0
1120,0,EtvjcvTp,CKNrjFUU,8.0
1120,0,wuyFtExA,EtvjcvTp,6.0
1120,0,MrybjzSo,wuyFtExA,6.0
1120,0,yrRBvFtZ,MrybjzSo,6.0
929,0,GrIDUMrH,ymMHSssn,65.0
929,0,XxJaecnl,GrIDUMrH,65.0
929,0,QFazRNUC,XxJaecnl,65.0
929,0,HyvnzuHA,QFazRNUC,55.0
929,0,TNTzUMyF,HyvnzuHA,43.0
929,0,avRuCqLk,TNTzUMyF,43.0
929,0,wIAALBva,avRuCqLk,43.0
929,0,nxBXRnVc,wIAALBva,43.0
929,0,sXWHYDNZ,nxBXRnVc,43.0
929,0,VKAAZZOV,sXWHYDNZ,43.0
929,0,Vtdujofe,VKAAZZOV,43.0
929,0,edTVGmZc,Vtdujofe,43.0
929,0,iqwCaPZT,edTVGmZc,43.0
929,0,qqDoWQdv,iqwCaPZT,43.0
929,0,eymgjBxV,qqDoWQdv,23.0
929,0,EonJeQKz,eymgjBxV,23.0
929,0,vkWqgNph,EonJeQKz,23.0
929,0,nJRQzVZQ,vkWqgNph,23.0
929,0,xunvufHj,nJRQzVZQ,23.0
929,0,rxrORjnb,xunvufHj,23.0
929,0,UVDfwOgc,rxrORjnb,22.0
929,0,TJDsQDoO,UVDfwOgc,22.0
929,0,yTictHOU,TJDsQDoO,21.0
929,0,sTaleXyI,yTictHOU,21.0
929,0,illGQStO,sTaleXyI,21.0
929,0,AUrIxxcC,illGQStO,21.0
929,0,zqZasXpA,AUrIxxcC,21.0
929,0,EYGEAZtD,zqZasXpA,21.0
929,0,AJLJQqsT,EYGEAZtD,21.0
929,0,NCSBLEus,AJLJQqsT,21.0
929,0,xfbmoJHP,NCSBLEus,11.0
483,0,EXHVDpee,NuwmOhpA,48.0
483,0,NkWMDpBL,EXHVDpee,48.0
483,0,TurKlwMz,NkWMDpBL,48.0
483,0,oVNIhiyF,TurKlwMz,48.0
1193,0,fCvqoWrT,SiflCzMU,1765.0
1193,0,yRpreQRc,fCvqoWrT,1738.0
657,0,RqfbhkOP,cNHGbHfW,529.0
657,0,sUAChhLU,RqfbhkOP,529.0
657,0,TCMQvOqy,sUAChhLU,352.0
657,0,JyqrAKLu,TCMQvOqy,221.0
657,0,XxhwFmzZ,JyqrAKLu,221.0
657,0,sonNAVmZ,XxhwFmzZ,221.0
657,0,aWeAvoyP,sonNAVmZ,157.0
657,0,exnIZrMP,aWeAvoyP,157.0
657,0,zoqWMrrO,exnIZrMP,157.0
657,0,WSMobtPt,zoqWMrrO,157.0
657,0,ClDeGdta,WSMobtPt,157.0
971,0,qkTCgKXX,YoEMZEcq,32.0
971,0,XjSQdTLS,qkTCgKXX,32.0
179,0,vyQyYYqJ,fjevhefZ,389.0
179,0,ztLkgYlA,vyQyYYqJ,389.0
179,0,fjevhefZ,AUBTKFbY,330.0
179,0,AszcEtOu,BpAiVnps,112.0
179,0,TCqyxHhF,AszcEtOu,120.0
179,0,TcEVvOUM,TCqyxHhF,120.0
179,0,qGnNRXVR,TcEVvOUM,120.0
179,0,ouPwTbuD,qGnNRXVR,120.0
179,0,MwLdaJul,ouPwTbuD,120.0
179,0,QUMnpJQp,MwLdaJul,172.0
179,0,FyIjwLBj,QUMnpJQp,192.0
179,0,vXPGJwVk,FyIjwLBj,192.0
179,0,qzuHypgA,vXPGJwVk,192.0
179,0,KCMgfriT,qzuHypgA,247.0
179,0,hVMLOzME,KCMgfriT,296.0
179,0,TDvESTZN,hVMLOzME,296.0
179,0,sNuKvPuW,TDvESTZN,296.0
179,0,AUBTKFbY,sNuKvPuW,296.0
1317,0,vrgENeuF,eTJQHplR,882.0
1317,0,PlyJazqR,vrgENeuF,1241.0
313,0,qqQgwpPP,DYKvrufv,705.0
313,0,ORsEDdLG,qqQgwpPP,706.0
313,0,jsnedRvy,ORsEDdLG,1007.0
313,0,PpWfKRbL,jsnedRvy,1008.0
313,0,aaSaUDum,PpWfKRbL,1024.0
313,0,cmBFyxQG,aaSaUDum,1024.0
452,0,jsnedRvy,ORsEDdLG,7883.0
452,0,PpWfKRbL,jsnedRvy,7883.0
452,0,aaSaUDum,PpWfKRbL,7822.0
452,0,zENMipIx,aaSaUDum,7795.0
452,0,cmBFyxQG,zENMipIx,7795.0
174,0,pFAoJEPO,ojINhgSe,102.0
174,0,fCvqoWrT,pFAoJEPO,102.0
174,0,yRpreQRc,fCvqoWrT,11.0
174,0,QaQvGPmN,yRpreQRc,10.0
174,0,HNYicgCh,QaQvGPmN,10.0
179,0,IuRRuHdp,qVzVrWDp,602.0
179,0,agmUQnfF,IuRRuHdp,602.0
179,0,CbblRkaH,agmUQnfF,629.0
179,0,BldTZUAI,CbblRkaH,676.0
179,0,nBYHMnkU,BldTZUAI,676.0
179,0,lotPPedu,nBYHMnkU,676.0
16,0,bbaQRYSI,JvVxAKet,2419.0
16,0,lDHqxCQW,bbaQRYSI,2419.0
16,0,qGgPbtbT,lDHqxCQW,2419.0
729,0,jisQZBDs,mXosqjnx,36.0
729,0,NcoWExwJ,jisQZBDs,1.0
729,0,hygBouPP,NcoWExwJ,1.0
729,0,iPzquFzR,hygBouPP,1.0
729,0,ODNKqRCQ,iPzquFzR,1.0
729,0,ZTCNsviV,ODNKqRCQ,1.0
729,0,GBYHqHQO,ZTCNsviV,1.0
729,0,lBjlyorh,GBYHqHQO,1.0
729,0,apwTQKga,lBjlyorh,1.0
729,0,XNHVHmHa,apwTQKga,1.0
729,0,vGqwislq,XNHVHmHa,1.0
729,0,AwLiWVdI,vGqwislq,1.0
729,0,XBhuaxff,AwLiWVdI,1.0
729,0,ZkIfwknW,XBhuaxff,1.0
729,0,LjPncvCg,ZkIfwknW,1.0
729,0,cYHkZUeY,LjPncvCg,1.0
729,0,JjkwBsaR,cYHkZUeY,1.0
729,0,xWKOjfGB,JjkwBsaR,1.0
272,0,bbaQRYSI,oVNIhiyF,1303.0
272,0,lDHqxCQW,bbaQRYSI,1303.0
272,0,qGgPbtbT,lDHqxCQW,1303.0
970,0,bbaQRYSI,oVNIhiyF,18.0
970,0,lDHqxCQW,bbaQRYSI,18.0
970,0,qGgPbtbT,lDHqxCQW,18.0
264,0,bbaQRYSI,oVNIhiyF,383.0
264,0,lDHqxCQW,bbaQRYSI,383.0
264,0,qGgPbtbT,lDHqxCQW,383.0
179,0,ERIWLSEl,lotPPedu,551.0
179,0,qsoLaWuJ,ERIWLSEl,551.0
179,0,WSBJbplj,qsoLaWuJ,551.0
179,0,THUDGZDu,WSBJbplj,551.0
483,0,bbaQRYSI,oVNIhiyF,23.0
483,0,lDHqxCQW,bbaQRYSI,23.0
483,0,qGgPbtbT,lDHqxCQW,23.0
178,0,DzkWADkh,tBgOcvQf,897.0
178,0,MjMnNBLG,DzkWADkh,897.0
178,0,XiRzIewe,MjMnNBLG,897.0
178,0,udKeccMr,XiRzIewe,868.0
178,0,HEshVETB,udKeccMr,868.0
178,0,WKWTpoqQ,HEshVETB,868.0
170,0,FCeDiZsN,CFztBFJQ,1529.0
990,0,DzkWADkh,gmiMCrrb,6057.0
990,0,MjMnNBLG,DzkWADkh,6104.0
990,0,XiRzIewe,MjMnNBLG,6104.0
990,0,HEshVETB,XiRzIewe,6728.0
736,0,vDFCntfg,YvwuVYMF,5718.0
736,0,iEKDTvNf,vDFCntfg,5723.0
736,0,MyGqmywG,iEKDTvNf,5723.0
106,0,AszcEtOu,BpAiVnps,5514.0
106,0,TCqyxHhF,AszcEtOu,5976.0
106,0,TcEVvOUM,TCqyxHhF,6022.0
106,0,qGnNRXVR,TcEVvOUM,6053.0
106,0,ouPwTbuD,qGnNRXVR,6053.0
106,0,MwLdaJul,ouPwTbuD,6360.0
106,0,QUMnpJQp,MwLdaJul,6920.0
106,0,FyIjwLBj,QUMnpJQp,6877.0
106,0,vXPGJwVk,FyIjwLBj,6715.0
106,0,GjiyfRqd,vXPGJwVk,6709.0
106,0,qzuHypgA,GjiyfRqd,6074.0
106,0,KCMgfriT,qzuHypgA,6087.0
106,0,hVMLOzME,KCMgfriT,5613.0
106,0,TDvESTZN,hVMLOzME,5613.0
984,0,bbaQRYSI,oVNIhiyF,183.0
984,0,lDHqxCQW,bbaQRYSI,183.0
984,0,qGgPbtbT,lDHqxCQW,183.0
173,0,JFVlrPHE,gcUmxKgT,758.0
594,0,WdOwNGhj,xfbmoJHP,494.0
594,0,LgyCGIBw,WdOwNGhj,494.0
594,0,OUgQnZLY,LgyCGIBw,588.0
594,0,SmQHomzq,OUgQnZLY,588.0
919,0,yVpVwFWL,HyvnzuHA,469.0
919,0,UYClvrsH,yVpVwFWL,469.0
919,0,GdIqHDLj,UYClvrsH,469.0
919,0,SclqdZtd,GdIqHDLj,469.0
919,0,LtmbDsIv,SclqdZtd,474.0
919,0,aRwBTLyd,LtmbDsIv,474.0
919,0,BpJuosmx,aRwBTLyd,474.0
919,0,tIHUlMxX,BpJuosmx,474.0
919,0,jucOpUOn,tIHUlMxX,474.0
919,0,qdCMxZSc,jucOpUOn,474.0
919,0,ptvIaUTy,qdCMxZSc,474.0
919,0,dvaPHMux,ptvIaUTy,474.0
272,0,VQfPRvUw,qGgPbtbT,5.0
16,0,VQfPRvUw,qGgPbtbT,22.0
297,0,lQHWhrGj,tldUULAx,188.0
297,0,OOOhsNkv,lQHWhrGj,188.0
297,0,CgcphXSb,OOOhsNkv,188.0
297,0,texSWQet,CgcphXSb,188.0
297,0,lxBswvKX,texSWQet,188.0
297,0,OoNwiPDT,lxBswvKX,295.0
297,0,ftvNhZKM,OoNwiPDT,295.0
297,0,KLTxOJqh,ftvNhZKM,295.0
297,0,IURTQlCB,KLTxOJqh,295.0
297,0,ojINhgSe,IURTQlCB,353.0
297,0,SiflCzMU,ojINhgSe,353.0
297,0,fCvqoWrT,SiflCzMU,406.0
297,0,yRpreQRc,fCvqoWrT,406.0
297,0,QaQvGPmN,yRpreQRc,406.0
297,0,HNYicgCh,QaQvGPmN,406.0
297,0,RVNzMGgw,HNYicgCh,406.0
297,0,QeEdlYuU,RVNzMGgw,406.0
297,0,LXDQjYxM,QeEdlYuU,406.0
297,0,qVzVrWDp,LXDQjYxM,406.0
297,0,IuRRuHdp,qVzVrWDp,406.0
297,0,QZgueNIh,IuRRuHdp,406.0
984,0,XxhwFmzZ,JyqrAKLu,738.0
984,0,QZgueNIh,XxhwFmzZ,1332.0
1690,0,OTfWLQWk,BIvEdfHJ,54.0
973,0,yGEvOQma,PqoYMtMO,45.0
973,0,gcrnRTRu,yGEvOQma,45.0
170,0,DULwephN,YoEMZEcq,277.0
173,0,PspudWCJ,bDgEiJAh,1828.0
253,0,nEXpIbiD,DOGyniWl,2023.0
253,0,eTJQHplR,nEXpIbiD,2313.0
1317,0,psXocZQH,PlyJazqR,1448.0
1317,0,yprCGtVa,psXocZQH,1448.0
1317,0,pPqywgRl,yprCGtVa,2012.0
1317,0,SJHseTdc,pPqywgRl,1952.0
1317,0,HGjkimBc,SJHseTdc,1951.0
1317,0,IubGYoNi,HGjkimBc,2199.0
1317,0,fmQEzQWV,IubGYoNi,2503.0
1317,0,BpAiVnps,fmQEzQWV,2820.0
984,0,CEyhPnMH,OQRQrPoA,1.0
984,0,ogrZorIF,CEyhPnMH,1.0
984,0,fumBmOZX,ogrZorIF,1.0
984,0,CLjYTiBy,fumBmOZX,1.0
984,0,NuwmOhpA,CLjYTiBy,1.0
984,0,EXHVDpee,NuwmOhpA,2.0
984,0,NkWMDpBL,EXHVDpee,104.0
984,0,TurKlwMz,NkWMDpBL,104.0
984,0,oVNIhiyF,TurKlwMz,104.0
1193,0,yGEvOQma,PqoYMtMO,444.0
1193,0,YoEMZEcq,yGEvOQma,444.0
173,0,TUrDxvOa,YoEMZEcq,861.0
170,0,qCZHeqZn,CPPeUlfG,1079.0
984,0,JFVlrPHE,QZgueNIh,1382.0
170,0,CPPeUlfG,iFderoVa,699.0
170,0,KMLNQwjh,YxUFlvZH,588.0
170,0,aDaRCcaB,KMLNQwjh,588.0
170,0,dQYZBhGJ,aDaRCcaB,588.0
170,0,iFderoVa,dQYZBhGJ,588.0
170,0,KwXNMHkb,UxPxrYmy,502.0
170,0,YxUFlvZH,KwXNMHkb,502.0
170,0,hqOmlOIp,RrhmmPMm,290.0
170,0,qJgsxHch,hqOmlOIp,290.0
170,0,lxplrluY,qJgsxHch,290.0
170,0,zTJYYUap,lxplrluY,290.0
170,0,UxPxrYmy,zTJYYUap,290.0
170,0,YxYhlArE,NqSePdAx,185.0
170,0,sAswhpJr,YxYhlArE,185.0
170,0,VyHGAkTo,sAswhpJr,185.0
170,0,RrhmmPMm,VyHGAkTo,185.0
170,0,sceVWPKZ,dvaPHMux,151.0
170,0,NqSePdAx,sceVWPKZ,151.0
215,0,JovbzjVh,qDeoslSZ,627.0
215,0,LoxEXWve,JovbzjVh,628.0
215,0,TIoMzhxD,LoxEXWve,628.0
215,0,qqQgwpPP,TIoMzhxD,628.0
215,0,ORsEDdLG,qqQgwpPP,628.0
215,0,jsnedRvy,ORsEDdLG,332.0
215,0,PpWfKRbL,jsnedRvy,332.0
215,0,aaSaUDum,PpWfKRbL,284.0
215,0,cmBFyxQG,aaSaUDum,273.0
966,0,VQfPRvUw,qGgPbtbT,1902.0
966,0,VCGhveHG,VQfPRvUw,1963.0
966,0,WQdyWhSR,VCGhveHG,1963.0
170,0,YoEMZEcq,qCZHeqZn,276.0
620,0,xkPrOUqs,YJnTPbIZ,7.0
620,0,HAzkMqyk,xkPrOUqs,7.0
620,0,maNgUiZD,HAzkMqyk,6.0
620,0,etntpIwb,maNgUiZD,6.0
620,0,kJlOJSYi,etntpIwb,6.0
71,0,tNSMkSfB,ZYCVVmjG,1372.0
71,0,vaPtcLuK,tNSMkSfB,1284.0
487,0,MURlCahD,KRQMLlbw,6.0
487,0,znFDupZg,MURlCahD,6.0
487,0,osddylgA,znFDupZg,6.0
487,0,uiYVYPQX,osddylgA,6.0
487,0,zGyJMIkT,uiYVYPQX,17.0
487,0,YbVmHVTt,zGyJMIkT,17.0
487,0,ZlnerNQG,YbVmHVTt,17.0
487,0,FVWAEAei,ZlnerNQG,17.0
487,0,gVtshwcF,FVWAEAei,17.0
487,0,LmhVzFNJ,gVtshwcF,17.0
487,0,CmbQeSBI,LmhVzFNJ,17.0
487,0,RVyaKvKa,CmbQeSBI,17.0
487,0,OQRQrPoA,RVyaKvKa,17.0
487,0,CEyhPnMH,OQRQrPoA,17.0
487,0,ogrZorIF,CEyhPnMH,17.0
487,0,fumBmOZX,ogrZorIF,17.0
487,0,CLjYTiBy,fumBmOZX,17.0
487,0,NuwmOhpA,CLjYTiBy,17.0
487,0,EXHVDpee,NuwmOhpA,17.0
487,0,NkWMDpBL,EXHVDpee,17.0
487,0,TurKlwMz,NkWMDpBL,17.0
487,0,oVNIhiyF,TurKlwMz,17.0
487,0,bbaQRYSI,oVNIhiyF,17.0
487,0,lDHqxCQW,bbaQRYSI,17.0
487,0,qGgPbtbT,lDHqxCQW,17.0
487,0,CKNrjFUU,qGgPbtbT,17.0
487,0,VCGhveHG,CKNrjFUU,17.0
487,0,WQdyWhSR,VCGhveHG,17.0
487,0,vCGIyJLJ,WQdyWhSR,17.0
487,0,VXthmpcS,vCGIyJLJ,17.0
1096,0,GaUJjHvw,BIoUkdqn,2548.0
1096,0,xqPbgbrZ,GaUJjHvw,2548.0
1096,0,nlMKoEWl,xqPbgbrZ,2548.0
1096,0,KbKyxild,nlMKoEWl,2548.0
1096,0,WzJZybAt,KbKyxild,2463.0
1096,0,wBZvskGC,WzJZybAt,2419.0
1096,0,hlYcHDiv,wBZvskGC,2341.0
1096,0,ZUUFaTkv,hlYcHDiv,2341.0
1096,0,jgCiOeaN,ZUUFaTkv,2341.0
1096,0,TikfrWrm,jgCiOeaN,2341.0
1096,0,RabBrvbh,TikfrWrm,2341.0
1096,0,yAsGVYQM,RabBrvbh,2341.0
1096,0,XFPAZveS,yAsGVYQM,986.0
1096,0,ejMjPdTH,XFPAZveS,936.0
1096,0,CKorGRkE,ejMjPdTH,581.0
1096,0,eaNsVWDR,CKorGRkE,509.0
1096,0,CcDOWlNm,YVvBKwgW,1504.0
1096,0,yfjUYWEe,CcDOWlNm,1504.0
1096,0,LIgtsZTQ,yfjUYWEe,2289.0
1096,0,BIoUkdqn,LIgtsZTQ,2289.0
1030,0,sklTQuFm,VYHZxBYO,2979.0
1030,0,QhyQakxZ,sklTQuFm,2979.0
1030,0,yscklMzl,QhyQakxZ,2979.0
1030,0,UDUmRzWP,yscklMzl,3048.0
1030,0,pzSSkNJo,UDUmRzWP,3048.0
1030,0,kVWwehGs,pzSSkNJo,2967.0
1030,0,fnQyKclP,kVWwehGs,3049.0
1030,0,oDVZRjmi,fnQyKclP,3049.0
1030,0,aaeLLxLj,oDVZRjmi,3049.0
626,0,tjcxfrSB,rINNylNh,1422.0
626,0,rHyPKpnR,tjcxfrSB,1422.0
626,0,lhvdYjIr,rHyPKpnR,1422.0
626,0,XkyHnVdm,lhvdYjIr,1820.0
626,0,aTKTVXJW,XkyHnVdm,1820.0
626,0,nFbddFoX,aTKTVXJW,1820.0
626,0,GudLituF,nFbddFoX,1820.0
966,0,oVNIhiyF,TurKlwMz,1270.0
966,0,bbaQRYSI,oVNIhiyF,1285.0
966,0,lDHqxCQW,bbaQRYSI,1285.0
966,0,qGgPbtbT,lDHqxCQW,1285.0
966,0,vCGIyJLJ,WQdyWhSR,1962.0
966,0,ZlnerNQG,ozAxYCwR,526.0
966,0,YbVmHVTt,ZlnerNQG,526.0
966,0,FVWAEAei,YbVmHVTt,526.0
966,0,gVtshwcF,FVWAEAei,526.0
966,0,CmbQeSBI,gVtshwcF,632.0
966,0,RVyaKvKa,CmbQeSBI,632.0
966,0,OQRQrPoA,RVyaKvKa,632.0
966,0,CEyhPnMH,OQRQrPoA,925.0
966,0,ogrZorIF,CEyhPnMH,925.0
966,0,fumBmOZX,ogrZorIF,925.0
966,0,CLjYTiBy,fumBmOZX,925.0
966,0,NuwmOhpA,CLjYTiBy,973.0
966,0,EXHVDpee,NuwmOhpA,1262.0
966,0,NkWMDpBL,EXHVDpee,1262.0
966,0,TurKlwMz,NkWMDpBL,1262.0
179,0,PoshUaCl,THUDGZDu,548.0
626,0,eJrsnsoz,GudLituF,1818.0
626,0,qAUjPEMf,eJrsnsoz,1817.0
626,0,isMwZYXy,qAUjPEMf,1810.0
966,0,eJrsnsoz,vCGIyJLJ,1910.0
966,0,isMwZYXy,eJrsnsoz,1910.0
179,0,tkhDcqas,PoshUaCl,540.0
179,0,jOvtnfLH,tkhDcqas,540.0
1057,0,tTbFYEPP,eIBTCCCb,73.0
620,0,anmiXAus,AGDZrVfo,3.0
620,0,YJnTPbIZ,anmiXAus,3.0
599,0,ijmqRmKp,roHCvggS,1.0
599,0,wQzAWTmt,ijmqRmKp,1.0
599,0,VVXTrukI,wQzAWTmt,1.0
595,0,JyqrAKLu,TCMQvOqy,78.0
595,0,XxhwFmzZ,JyqrAKLu,78.0
595,0,QZgueNIh,XxhwFmzZ,78.0
595,0,JFVlrPHE,QZgueNIh,81.0
595,0,cpLivUai,JFVlrPHE,81.0
595,0,NTpJpHDd,cpLivUai,81.0
595,0,HQNzQizX,NTpJpHDd,367.0
595,0,WwskMIzD,HQNzQizX,367.0
595,0,rrasSNoc,WwskMIzD,367.0
595,0,bgsGiKIs,rrasSNoc,367.0
595,0,bbaQRYSI,JvVxAKet,5.0
595,0,lDHqxCQW,bbaQRYSI,5.0
595,0,qGgPbtbT,lDHqxCQW,5.0
595,0,CKNrjFUU,qGgPbtbT,14.0
595,0,VCGhveHG,CKNrjFUU,14.0
595,0,WQdyWhSR,VCGhveHG,14.0
595,0,vCGIyJLJ,WQdyWhSR,14.0
595,0,VXthmpcS,vCGIyJLJ,66.0
595,0,xuEvBBdE,VXthmpcS,66.0
595,0,rAizOLWV,xuEvBBdE,66.0
595,0,JdZarNsv,rAizOLWV,66.0
595,0,NmilzqZp,JdZarNsv,66.0
595,0,TCMQvOqy,NmilzqZp,70.0
990,0,WKWTpoqQ,HEshVETB,6314.0
990,0,WlkKexEs,WKWTpoqQ,7009.0
990,0,MyzUerZz,WlkKexEs,6995.0
1178,0,QYwjKQRO,rbVbMNcM,4570.0
1178,0,cNuXvIqU,QYwjKQRO,4570.0
1178,0,eXTEGQHB,cNuXvIqU,4570.0
1178,0,zTUODYgn,eXTEGQHB,4468.0
1178,0,eTPMYwkC,zTUODYgn,4449.0
452,0,TIoMzhxD,LoxEXWve,8192.0
452,0,iRpWiLQH,TIoMzhxD,7965.0
452,0,qqQgwpPP,iRpWiLQH,7840.0
452,0,ORsEDdLG,qqQgwpPP,7844.0
452,0,EuWqksqL,cmBFyxQG,7721.0
452,0,XRrjzlpH,EuWqksqL,7730.0
452,0,JVRJClPS,XRrjzlpH,7730.0
452,0,ZZUoaXbF,JVRJClPS,7637.0
452,0,fdiMUjeA,ZZUoaXbF,7616.0
452,0,lbTqXure,fdiMUjeA,7616.0
452,0,MyzUerZz,lbTqXure,7656.0
560,0,AesbwnPs,WywmvGMH,540.0
560,0,hzAARBgX,AesbwnPs,540.0
941,0,YqlTLIQa,ALhaazBT,949.0
941,0,AUmOMGnp,YqlTLIQa,942.0
941,0,XFPAZveS,AUmOMGnp,926.0
941,0,ojqTFFWy,XFPAZveS,251.0
562,0,saVSzyYs,TEuwlied,224.0
562,0,gzkuviLm,saVSzyYs,224.0
562,0,CkzMckPC,gzkuviLm,224.0
562,0,WywmvGMH,CkzMckPC,224.0
562,0,AesbwnPs,WywmvGMH,224.0
562,0,hzAARBgX,AesbwnPs,224.0
562,0,IjDfGHsr,hzAARBgX,224.0
562,0,TFRpjaAo,IjDfGHsr,224.0
562,0,JhdinCeD,TFRpjaAo,224.0
562,0,ZIieNEvD,JhdinCeD,224.0
562,0,jvLymITs,ZIieNEvD,224.0
562,0,jJVVpGMf,jvLymITs,220.0
562,0,tcYerYbk,jJVVpGMf,220.0
562,0,pPKqPUVW,tcYerYbk,220.0
562,0,iYTiOTOT,pPKqPUVW,220.0
562,0,dLtneiKf,iYTiOTOT,220.0
562,0,slfxTuih,dLtneiKf,220.0
562,0,XFPAZveS,slfxTuih,220.0
562,0,ojqTFFWy,XFPAZveS,216.0
1338,0,QpprBOSr,SOVcCDqR,8613.0
1338,0,Plxavose,QpprBOSr,5798.0
463,0,uaQvVFAB,taPJzyhF,6421.0
463,0,MnTeelLR,uaQvVFAB,6958.0
463,0,WIZPpGvl,MnTeelLR,8452.0
1180,0,jSSkauKM,JbCujTci,4713.0
1180,0,qLQHuyIe,jSSkauKM,5804.0
1180,0,apOzgzFy,qLQHuyIe,5818.0
1666,0,CdwVKoMQ,swKAFNcH,3385.0
1666,0,VXVgVTNc,CdwVKoMQ,3385.0
1180,0,LAmktnrq,qflzswAf,2256.0
1180,0,JbCujTci,LAmktnrq,2927.0
400,0,clVXMHJf,nfCzcTzh,1745.0
400,0,UXEWVZzP,clVXMHJf,1745.0
400,0,MlYFoaez,UXEWVZzP,1421.0
1107,0,NxZLWDKg,fslmqcXP,609.0
1107,0,ysYPVGOc,NxZLWDKg,609.0
1107,0,GgxxeDsY,ysYPVGOc,609.0
1107,0,OIDfcbwB,GgxxeDsY,609.0
1107,0,PCRBVfUw,OIDfcbwB,609.0
1107,0,uTBXaSDE,PCRBVfUw,609.0
1107,0,hnvEGTpC,uTBXaSDE,609.0
1107,0,sAuLGTlR,hnvEGTpC,609.0
1107,0,ixhHdGBo,sAuLGTlR,591.0
1107,0,spVkBMtX,ixhHdGBo,591.0
1107,0,uuLXjUrY,spVkBMtX,591.0
1107,0,ekoOPpVq,uuLXjUrY,591.0
1107,0,rljVoTvk,ekoOPpVq,591.0
1107,0,gxidCspv,rljVoTvk,591.0
1107,0,wRTYbalx,gxidCspv,587.0
1107,0,ZqOseExI,wRTYbalx,587.0
1107,0,FdBCLyPI,ZqOseExI,587.0
1107,0,CrOFTJlw,FdBCLyPI,587.0
1107,0,PyGiRErs,CrOFTJlw,568.0
1030,0,vDTAjOOR,yQmtaWgt,1640.0
1030,0,VYHZxBYO,vDTAjOOR,1640.0
1092,0,KrLSLIZd,OjBZWzOO,901.0
1092,0,yQmtaWgt,KrLSLIZd,901.0
1107,0,nEsTDuVQ,SzPBLAwy,741.0
1107,0,TTqWKaTM,nEsTDuVQ,741.0
1107,0,liUSqvwm,TTqWKaTM,741.0
1107,0,icUOEXSt,liUSqvwm,741.0
1107,0,ggnpPWOO,icUOEXSt,741.0
1107,0,nnnLtFmO,ggnpPWOO,741.0
1107,0,OLVfWwhL,nnnLtFmO,741.0
1107,0,wfDLjSSS,OLVfWwhL,557.0
1107,0,fslmqcXP,wfDLjSSS,558.0
1107,0,WMODaVhE,GSOqnCzV,719.0
1107,0,SzPBLAwy,WMODaVhE,719.0
1030,0,ajteUQkz,VpHOqNar,1311.0
1030,0,XmmyKsTm,ajteUQkz,1311.0
1030,0,gNJqbiHM,XmmyKsTm,1311.0
1030,0,NrUUQlkk,gNJqbiHM,1311.0
1030,0,yQmtaWgt,NrUUQlkk,1311.0
1107,0,bghpxDOJ,XaVBQtHA,47.0
1107,0,JRMVrfdD,bghpxDOJ,47.0
1107,0,yhxUltpl,JRMVrfdD,81.0
1107,0,bEntPTsf,yhxUltpl,81.0
1107,0,qIHRQZMb,bEntPTsf,81.0
1107,0,GSOqnCzV,qIHRQZMb,81.0
1103,0,OoNwiPDT,ztLkgYlA,33.0
1103,0,ftvNhZKM,OoNwiPDT,33.0
1103,0,KLTxOJqh,ftvNhZKM,33.0
1103,0,idAQxYim,KLTxOJqh,33.0
1103,0,ldInPGbn,idAQxYim,46.0
1103,0,WGEhEMgb,ldInPGbn,46.0
1103,0,WblAIghg,WGEhEMgb,46.0
1103,0,yXfOYhmg,WblAIghg,46.0
1103,0,cHOtlpNd,yXfOYhmg,46.0
1103,0,bDgEiJAh,cHOtlpNd,46.0
1103,0,HYSXwpsm,bDgEiJAh,46.0
1103,0,MAxpakLW,HYSXwpsm,47.0
1103,0,wzaIlAwh,MAxpakLW,47.0
598,0,mwdAyONm,EIcIoHUO,1.0
598,0,VVXTrukI,mwdAyONm,1.0
598,0,UufKZTKG,VVXTrukI,3.0
598,0,kJlOJSYi,UufKZTKG,3.0
598,0,wzaIlAwh,kJlOJSYi,6.0
595,0,pjrUunbL,FnMlnlru,474.0
595,0,pobpsCoK,pjrUunbL,474.0
1104,0,TXAdjSyo,SmQHomzq,25.0
1104,0,UIFNotIh,TXAdjSyo,25.0
1104,0,roHCvggS,UIFNotIh,25.0
1104,0,WdOwNGhj,xfbmoJHP,21.0
1104,0,LgyCGIBw,WdOwNGhj,21.0
1104,0,OUgQnZLY,LgyCGIBw,21.0
1104,0,SmQHomzq,OUgQnZLY,21.0
620,0,ObeVuyMA,kJlOJSYi,4.0
1103,0,AszcEtOu,BpAiVnps,6.0
1103,0,TcEVvOUM,AszcEtOu,6.0
1103,0,qGnNRXVR,TcEVvOUM,6.0
1103,0,MwLdaJul,qGnNRXVR,6.0
1103,0,QUMnpJQp,MwLdaJul,6.0
1103,0,FyIjwLBj,QUMnpJQp,6.0
1103,0,vXPGJwVk,FyIjwLBj,6.0
1103,0,qzuHypgA,vXPGJwVk,6.0
1103,0,KCMgfriT,qzuHypgA,6.0
1103,0,TDvESTZN,KCMgfriT,6.0
1103,0,AUBTKFbY,TDvESTZN,6.0
1103,0,fjevhefZ,AUBTKFbY,6.0
1103,0,vyQyYYqJ,fjevhefZ,6.0
1103,0,ztLkgYlA,vyQyYYqJ,6.0
1622,0,VDSTHuJo,zdgoUaFA,1650.0
1622,0,ImyQzgIv,VDSTHuJo,1656.0
1622,0,BzikVGUK,ImyQzgIv,1656.0
1622,0,lniHSWWA,BzikVGUK,1702.0
1622,0,qaJzTzwj,lniHSWWA,1258.0
1622,0,PjfwSZnl,aYSqaQmJ,40.0
1622,0,vSdfqYeK,PjfwSZnl,20.0
1054,0,aYIMvmGX,qdrjbHYS,98.0
1054,0,WGGanwZU,aYIMvmGX,100.0
1054,0,ArHpJhVJ,WGGanwZU,133.0
1054,0,tWpVdCtj,ArHpJhVJ,133.0
1054,0,EdJUuxct,tWpVdCtj,133.0
1054,0,gmiMCrrb,EdJUuxct,133.0
1054,0,DzkWADkh,gmiMCrrb,142.0
1054,0,MjMnNBLG,DzkWADkh,142.0
1054,0,XiRzIewe,MjMnNBLG,142.0
1054,0,DalDuuww,XiRzIewe,144.0
1054,0,WlkKexEs,DalDuuww,144.0
1054,0,MyzUerZz,WlkKexEs,144.0
1054,0,hTBkjNzq,MyzUerZz,144.0
1054,0,aCcokpIU,hTBkjNzq,144.0
1054,0,IWuAfYeM,aCcokpIU,146.0
1054,0,AKEMZMhk,IWuAfYeM,146.0
1054,0,oXDhDxhT,AKEMZMhk,146.0
1054,0,twlwLPZj,oXDhDxhT,146.0
1054,0,NjRgIRup,twlwLPZj,146.0
1054,0,rlFkXMBS,NjRgIRup,655.0
1054,0,lxkWqJCv,rlFkXMBS,655.0
106,0,WlkKexEs,TDvESTZN,4877.0
106,0,MyzUerZz,WlkKexEs,3589.0
106,0,hTBkjNzq,MyzUerZz,3581.0
106,0,aCcokpIU,hTBkjNzq,3508.0
106,0,IWuAfYeM,aCcokpIU,2956.0
106,0,AKEMZMhk,IWuAfYeM,2956.0
106,0,oXDhDxhT,AKEMZMhk,2956.0
106,0,twlwLPZj,oXDhDxhT,2573.0
106,0,xfbmoJHP,twlwLPZj,2573.0
452,0,hTBkjNzq,MyzUerZz,7248.0
452,0,aCcokpIU,hTBkjNzq,5702.0
452,0,IWuAfYeM,aCcokpIU,5173.0
452,0,AKEMZMhk,IWuAfYeM,5173.0
452,0,oXDhDxhT,AKEMZMhk,5173.0
452,0,twlwLPZj,oXDhDxhT,3653.0
452,0,xfbmoJHP,twlwLPZj,3634.0
1745,0,AHQzSmld,CTeFabzs,1488.0
1745,0,UWSJuCAz,AHQzSmld,1488.0
1745,0,xfYjeqNM,UWSJuCAz,1487.0
1745,0,nrUfCQxz,xfYjeqNM,1487.0
1745,0,iBiVOFur,nrUfCQxz,1265.0
1745,0,niqrIlpR,iBiVOFur,1102.0
1745,0,uVsOstge,niqrIlpR,780.0
1745,0,HTKZNJTs,uVsOstge,754.0
1745,0,qvujbmjR,HTKZNJTs,736.0
1745,0,REvIjxsO,qvujbmjR,735.0
1745,0,CylWjYTC,REvIjxsO,735.0
1745,0,yMiwNCtj,CylWjYTC,656.0
1745,0,dulnZXnF,yMiwNCtj,656.0
1745,0,RkIYOvZu,dulnZXnF,656.0
1745,0,ygKQkAfU,RkIYOvZu,656.0
105,0,IubGYoNi,jIerKxIb,2494.0
105,0,fmQEzQWV,IubGYoNi,2588.0
105,0,BpAiVnps,fmQEzQWV,3308.0
105,0,AszcEtOu,BpAiVnps,3313.0
105,0,TcEVvOUM,AszcEtOu,4413.0
105,0,qGnNRXVR,TcEVvOUM,4413.0
105,0,MwLdaJul,qGnNRXVR,4416.0
105,0,QUMnpJQp,MwLdaJul,4422.0
105,0,FyIjwLBj,QUMnpJQp,4427.0
105,0,vXPGJwVk,FyIjwLBj,4427.0
105,0,qzuHypgA,vXPGJwVk,4427.0
105,0,JVRJClPS,qzuHypgA,4427.0
105,0,ZZUoaXbF,JVRJClPS,4425.0
105,0,fdiMUjeA,ZZUoaXbF,4425.0
105,0,lbTqXure,fdiMUjeA,4425.0
105,0,MyzUerZz,lbTqXure,4348.0
105,0,hTBkjNzq,MyzUerZz,2625.0
105,0,aCcokpIU,hTBkjNzq,2506.0
105,0,IWuAfYeM,aCcokpIU,2124.0
105,0,AKEMZMhk,IWuAfYeM,2124.0
105,0,oXDhDxhT,AKEMZMhk,2124.0
105,0,twlwLPZj,oXDhDxhT,1898.0
105,0,NjRgIRup,twlwLPZj,1876.0
46,0,hTBkjNzq,hSdNxZqe,4278.0
46,0,aCcokpIU,hTBkjNzq,3718.0
46,0,IWuAfYeM,aCcokpIU,3186.0
46,0,AKEMZMhk,IWuAfYeM,3186.0
46,0,oXDhDxhT,AKEMZMhk,3185.0
46,0,twlwLPZj,oXDhDxhT,3094.0
46,0,xfbmoJHP,twlwLPZj,3037.0
105,0,KjuJaNsu,HcPkwFHM,1970.0
105,0,oNyGHMvy,KjuJaNsu,1972.0
105,0,QdnKSSsO,oNyGHMvy,1975.0
105,0,vSdfqYeK,QdnKSSsO,2148.0
105,0,wDpyEsxh,vSdfqYeK,2148.0
105,0,jIerKxIb,wDpyEsxh,2152.0
1567,0,nPkrzCty,UgpyjFML,3362.0
1141,0,jIerKxIb,nPkrzCty,984.0
595,0,oSlWllmq,bgsGiKIs,450.0
595,0,FnMlnlru,oSlWllmq,450.0
990,0,hTBkjNzq,MyzUerZz,6002.0
1178,0,KcvPUxQg,ePrpofUw,4005.0
1178,0,NFInfBeu,kKKRBhFF,3598.0
1178,0,VCQdmIoF,NFInfBeu,3598.0
1178,0,ePrpofUw,VCQdmIoF,3598.0
1178,0,WdOwNGhj,xfbmoJHP,3589.0
1178,0,kKKRBhFF,WdOwNGhj,3589.0
105,0,plWWPiMc,mnkgCFDT,1351.0
105,0,HcPkwFHM,plWWPiMc,1369.0
1180,0,hTBkjNzq,hSdNxZqe,4310.0
984,0,cpLivUai,JFVlrPHE,1271.0
984,0,fKUdbDza,cpLivUai,1271.0
984,0,DATqCMmz,fKUdbDza,1448.0
984,0,BSeIJfkI,DATqCMmz,2343.0
297,0,JFVlrPHE,QZgueNIh,396.0
297,0,cpLivUai,JFVlrPHE,396.0
297,0,fKUdbDza,cpLivUai,396.0
297,0,DATqCMmz,fKUdbDza,396.0
297,0,ILgjTtXh,DATqCMmz,396.0
173,0,cpLivUai,JFVlrPHE,688.0
173,0,fKUdbDza,cpLivUai,688.0
173,0,DATqCMmz,fKUdbDza,688.0
173,0,ILgjTtXh,DATqCMmz,688.0
990,0,aCcokpIU,hTBkjNzq,5990.0
1180,0,aCcokpIU,hTBkjNzq,4025.0
736,0,FZsFzszJ,gzTQJVMW,8532.0
736,0,KgwKZlse,FZsFzszJ,8617.0
736,0,AoRkaUmb,KgwKZlse,8595.0
736,0,ALhaazBT,AoRkaUmb,8595.0
736,0,YqlTLIQa,ALhaazBT,8247.0
736,0,AUmOMGnp,YqlTLIQa,8194.0
736,0,XFPAZveS,AUmOMGnp,7802.0
736,0,ojqTFFWy,XFPAZveS,5736.0
736,0,gzTQJVMW,RVEyrwjR,11925.0
990,0,IWuAfYeM,aCcokpIU,4674.0
990,0,AKEMZMhk,IWuAfYeM,4674.0
990,0,oXDhDxhT,AKEMZMhk,4674.0
858,0,aHGuzSTo,KAhfQHTl,345.0
858,0,ttlZXoMn,aHGuzSTo,345.0
858,0,eYRPTRrW,ttlZXoMn,356.0
858,0,ABXRUWWW,eYRPTRrW,356.0
858,0,RobpRsZS,ABXRUWWW,356.0
858,0,NALyFlzQ,RobpRsZS,844.0
858,0,qIuTLVvj,NALyFlzQ,844.0
858,0,spmlaYUs,qIuTLVvj,827.0
858,0,qqDoWQdv,spmlaYUs,827.0
858,0,eymgjBxV,qqDoWQdv,762.0
858,0,EonJeQKz,eymgjBxV,753.0
858,0,vkWqgNph,EonJeQKz,753.0
858,0,nJRQzVZQ,vkWqgNph,753.0
858,0,xunvufHj,nJRQzVZQ,745.0
858,0,rxrORjnb,xunvufHj,745.0
858,0,UVDfwOgc,rxrORjnb,745.0
858,0,TJDsQDoO,UVDfwOgc,735.0
858,0,yTictHOU,TJDsQDoO,729.0
858,0,sTaleXyI,yTictHOU,729.0
858,0,illGQStO,sTaleXyI,729.0
858,0,AUrIxxcC,illGQStO,713.0
858,0,zqZasXpA,AUrIxxcC,713.0
858,0,EYGEAZtD,zqZasXpA,713.0
858,0,AJLJQqsT,EYGEAZtD,713.0
858,0,NCSBLEus,AJLJQqsT,711.0
858,0,xfbmoJHP,NCSBLEus,711.0
966,0,SogEaGxk,isMwZYXy,1122.0
966,0,lCifaItn,SogEaGxk,1122.0
626,0,SogEaGxk,isMwZYXy,1467.0
626,0,lCifaItn,SogEaGxk,1467.0
1071,0,ozAxYCwR,uiYVYPQX,11.0
1075,0,RzNLGwXH,UfaDzlyU,923.0
1075,0,wRYiQgEn,RzNLGwXH,923.0
1075,0,yfISbYOh,wRYiQgEn,943.0
537,0,uzcbLUNR,GOFbtMrp,57.0
537,0,zezeKItL,uzcbLUNR,57.0
537,0,VpHOqNar,zezeKItL,57.0
537,0,vDTAjOOR,VpHOqNar,57.0
537,0,UDUmRzWP,vDTAjOOR,57.0
537,0,kVWwehGs,UDUmRzWP,57.0
537,0,ixhHdGBo,kVWwehGs,57.0
537,0,agMXkLfj,ixhHdGBo,57.0
537,0,SwLVnWPq,agMXkLfj,57.0
537,0,xGsoSfhX,SwLVnWPq,57.0
1103,0,OOrUJecL,wzaIlAwh,56.0
1103,0,VniBJCzY,OOrUJecL,56.0
1103,0,RtYHfABF,VniBJCzY,49.0
597,0,JyqrAKLu,TCMQvOqy,224.0
597,0,XxhwFmzZ,JyqrAKLu,224.0
597,0,QZgueNIh,XxhwFmzZ,224.0
597,0,JFVlrPHE,QZgueNIh,297.0
597,0,cpLivUai,JFVlrPHE,297.0
597,0,fKUdbDza,cpLivUai,297.0
597,0,DATqCMmz,fKUdbDza,335.0
597,0,ILgjTtXh,DATqCMmz,335.0
597,0,XaFkCXdj,ILgjTtXh,1399.0
597,0,bbaQRYSI,oVNIhiyF,12.0
597,0,lDHqxCQW,bbaQRYSI,12.0
597,0,qGgPbtbT,lDHqxCQW,12.0
597,0,VQfPRvUw,qGgPbtbT,74.0
597,0,VCGhveHG,VQfPRvUw,74.0
597,0,WQdyWhSR,VCGhveHG,74.0
597,0,vCGIyJLJ,WQdyWhSR,74.0
597,0,VXthmpcS,vCGIyJLJ,91.0
597,0,xuEvBBdE,VXthmpcS,91.0
597,0,rAizOLWV,xuEvBBdE,91.0
597,0,JdZarNsv,rAizOLWV,91.0
597,0,NmilzqZp,JdZarNsv,91.0
597,0,TCMQvOqy,NmilzqZp,115.0
297,0,bCOJrgoA,qDeoslSZ,96.0
297,0,IwMXsDOu,bCOJrgoA,96.0
297,0,gOJphFVT,IwMXsDOu,96.0
297,0,dBTDkDZt,gOJphFVT,96.0
297,0,tldUULAx,dBTDkDZt,96.0
598,0,OOrUJecL,wzaIlAwh,2.0
598,0,VniBJCzY,OOrUJecL,2.0
626,0,dFlAswnV,lCifaItn,1455.0
626,0,pjTBCsVx,dFlAswnV,1455.0
487,0,PoshUaCl,VXthmpcS,11.0
487,0,tkhDcqas,PoshUaCl,11.0
487,0,jOvtnfLH,tkhDcqas,11.0
487,0,VrqtMskC,jOvtnfLH,11.0
487,0,nwGGoSvm,VrqtMskC,11.0
487,0,msGFqCDa,nwGGoSvm,11.0
487,0,AoAbuPJW,msGFqCDa,11.0
487,0,WPcaURVq,AoAbuPJW,11.0
966,0,dFlAswnV,lCifaItn,1052.0
966,0,pjTBCsVx,dFlAswnV,1052.0
179,0,VrqtMskC,jOvtnfLH,458.0
179,0,nwGGoSvm,VrqtMskC,458.0
179,0,msGFqCDa,nwGGoSvm,458.0
179,0,AoAbuPJW,msGFqCDa,458.0
179,0,WPcaURVq,AoAbuPJW,458.0
984,0,zLDXwGdB,BSeIJfkI,2192.0
984,0,IWsbluFe,zLDXwGdB,2192.0
984,0,SUgOBtjk,IWsbluFe,2192.0
984,0,gACwumWT,SUgOBtjk,2192.0
984,0,JtZjSNXW,gACwumWT,2192.0
297,0,SUgOBtjk,ILgjTtXh,362.0
297,0,JtZjSNXW,SUgOBtjk,362.0
173,0,SUgOBtjk,ILgjTtXh,610.0
173,0,JtZjSNXW,SUgOBtjk,610.0
919,0,UosQUisT,Jrutayet,99.0
919,0,FQOgjaka,UosQUisT,99.0
919,0,URvEqJxF,FQOgjaka,99.0
919,0,JalqBTeK,URvEqJxF,99.0
919,0,UAwQbGIv,JalqBTeK,99.0
919,0,HyvnzuHA,UAwQbGIv,99.0
1180,0,IWuAfYeM,aCcokpIU,3377.0
1180,0,AKEMZMhk,IWuAfYeM,3377.0
1180,0,oXDhDxhT,AKEMZMhk,3377.0
910,0,KLSPMOeO,EpCFePOD,15.0
910,0,krXgCSzh,KLSPMOeO,42.0
910,0,yDCZcPdO,krXgCSzh,42.0
626,0,XMFZXZdV,pjTBCsVx,1133.0
966,0,XMFZXZdV,pjTBCsVx,875.0
179,0,shsbwlrM,WPcaURVq,380.0
179,0,WgelRheP,shsbwlrM,380.0
626,0,MBttAlCW,ZAfIffxq,463.0
729,0,yTOnYgGF,EsTStEav,8.0
729,0,mXosqjnx,yTOnYgGF,8.0
501,0,QontmjvH,JIllbhjr,218.0
501,0,flXjJYer,QontmjvH,218.0
501,0,oBtsEQRM,flXjJYer,218.0
501,0,UFoaQvGg,oBtsEQRM,218.0
501,0,yHDouIXe,UFoaQvGg,218.0
501,0,aFlzccOO,yHDouIXe,218.0
501,0,XAxmwtqw,aFlzccOO,218.0
501,0,ThGrfpxl,XAxmwtqw,218.0
501,0,TUpCuZAw,ThGrfpxl,169.0
501,0,HYfXIyFk,TUpCuZAw,169.0
501,0,oQvXmJfL,HYfXIyFk,169.0
501,0,yayPNqiY,oQvXmJfL,169.0
501,0,pOvHFZPM,yayPNqiY,169.0
501,0,hOGVczfj,pOvHFZPM,169.0
501,0,kXtCwJQx,hOGVczfj,169.0
501,0,UZvsWvxC,kXtCwJQx,169.0
501,0,Afgbwxue,UZvsWvxC,169.0
501,0,yHOAvGcL,Afgbwxue,152.0
501,0,AHQzSmld,yHOAvGcL,152.0
501,0,UWSJuCAz,AHQzSmld,152.0
501,0,xfYjeqNM,UWSJuCAz,152.0
501,0,nrUfCQxz,xfYjeqNM,152.0
501,0,iBiVOFur,nrUfCQxz,129.0
501,0,UECnapuN,iBiVOFur,129.0
501,0,uVsOstge,UECnapuN,129.0
501,0,HTKZNJTs,uVsOstge,129.0
501,0,qvujbmjR,HTKZNJTs,127.0
501,0,REvIjxsO,qvujbmjR,127.0
501,0,CylWjYTC,REvIjxsO,127.0
501,0,yMiwNCtj,CylWjYTC,115.0
501,0,dulnZXnF,yMiwNCtj,115.0
501,0,RkIYOvZu,dulnZXnF,115.0
501,0,ygKQkAfU,RkIYOvZu,115.0
712,0,TcTonWJL,HJTsgSzj,1783.0
712,0,NJSgWoOc,TcTonWJL,1782.0
712,0,RIpTuvwk,NJSgWoOc,2590.0
712,0,ubzklVlS,RIpTuvwk,3466.0
597,0,HcOWfPMU,XaFkCXdj,684.0
1057,0,eIBTCCCb,gozRELiL,7.0
1057,0,rREIWzym,TmbwpUyz,4.0
1057,0,rluMkzbt,rREIWzym,4.0
1057,0,oTXyBJNn,rluMkzbt,4.0
1057,0,AIvMrZbX,oTXyBJNn,4.0
1057,0,DFuWYygu,AIvMrZbX,4.0
1057,0,iKWaHdND,DFuWYygu,4.0
1057,0,sZMRTtVP,iKWaHdND,4.0
1057,0,gozRELiL,sZMRTtVP,4.0
235,0,jFmPCmzM,AjJCgCBk,4964.0
235,0,fkZFUNSd,jFmPCmzM,5617.0
235,0,JYrrjUtU,fkZFUNSd,5617.0
235,0,cttUtMNm,JYrrjUtU,5617.0
235,0,wHfmVQMh,cttUtMNm,5670.0
235,0,mdGitRQe,wHfmVQMh,5320.0
235,0,SOBUilCD,mdGitRQe,4239.0
235,0,RVGhYAxc,SOBUilCD,4239.0
273,0,fkZFUNSd,TrOiZJox,2555.0
273,0,JYrrjUtU,fkZFUNSd,2555.0
273,0,cttUtMNm,JYrrjUtU,2555.0
273,0,wHfmVQMh,cttUtMNm,2499.0
273,0,mdGitRQe,wHfmVQMh,2101.0
273,0,RVGhYAxc,mdGitRQe,1855.0
626,0,DxyTpirl,XMFZXZdV,514.0
626,0,xvojPNrb,DxyTpirl,514.0
626,0,ZAfIffxq,xvojPNrb,514.0
966,0,DxyTpirl,XMFZXZdV,487.0
966,0,xvojPNrb,DxyTpirl,487.0
966,0,ZAfIffxq,xvojPNrb,487.0
625,0,XwjzzvVV,WgelRheP,472.0
625,0,exwEUcIO,XwjzzvVV,472.0
625,0,jisQZBDs,exwEUcIO,472.0
625,0,NcoWExwJ,jisQZBDs,442.0
625,0,hygBouPP,NcoWExwJ,442.0
625,0,iPzquFzR,hygBouPP,442.0
990,0,twlwLPZj,oXDhDxhT,4250.0
990,0,xfbmoJHP,twlwLPZj,4250.0
595,0,twlwLPZj,cMdRoPmQ,458.0
595,0,NjRgIRup,twlwLPZj,243.0
1103,0,JKycCNae,RtYHfABF,46.0
1103,0,cMdRoPmQ,JKycCNae,46.0
1103,0,twlwLPZj,cMdRoPmQ,46.0
1103,0,NjRgIRup,twlwLPZj,37.0
1180,0,twlwLPZj,oXDhDxhT,3340.0
1180,0,xfbmoJHP,twlwLPZj,3340.0
129,0,huecLIWR,aeqnymTn,1.0
129,0,ttuFHhig,huecLIWR,2.0
129,0,WjngiDTm,ttuFHhig,2.0
129,0,jEhGDfoN,WjngiDTm,2.0
129,0,hPntpWoI,jEhGDfoN,231.0
122,0,MKKzwAOv,GEijdcGW,86.0
122,0,mhDCqtpx,MKKzwAOv,69.0
122,0,TJDsQDoO,mhDCqtpx,69.0
122,0,yTictHOU,TJDsQDoO,40.0
122,0,sTaleXyI,yTictHOU,40.0
122,0,illGQStO,sTaleXyI,39.0
122,0,AUrIxxcC,illGQStO,39.0
122,0,zqZasXpA,AUrIxxcC,36.0
122,0,EYGEAZtD,zqZasXpA,36.0
122,0,AJLJQqsT,EYGEAZtD,36.0
122,0,NCSBLEus,AJLJQqsT,28.0
122,0,xfbmoJHP,NCSBLEus,28.0
1053,0,hkXbXhZN,scqbdPBp,84.0
1053,0,TgpuXBqx,hkXbXhZN,84.0
1053,0,IyPglFnI,TgpuXBqx,112.0
1053,0,atGiINkp,IyPglFnI,112.0
1053,0,tFIeEodn,atGiINkp,112.0
1053,0,yeBNAVLu,tFIeEodn,112.0
1053,0,xokKvraT,yeBNAVLu,91.0
1053,0,HaSZVkzu,xokKvraT,91.0
1053,0,yjaYbUGq,HaSZVkzu,91.0
1053,0,LbyQgJih,yjaYbUGq,91.0
1053,0,FPXdCAOW,LbyQgJih,91.0
1053,0,ouHKxPGS,FPXdCAOW,91.0
1053,0,TimDJQqX,ouHKxPGS,89.0
1053,0,buoLtkoi,TimDJQqX,89.0
1053,0,NEOaVWFJ,buoLtkoi,89.0
1053,0,RBwynnQe,NEOaVWFJ,89.0
1053,0,EPmEpfWC,RBwynnQe,89.0
1053,0,xfbmoJHP,EPmEpfWC,89.0
924,0,HyvnzuHA,SJvhYGxR,1291.0
924,0,SJvhYGxR,HfcobGNa,1294.0
924,0,BvLvsPYo,zmlEwfKx,1283.0
924,0,NcoKemSg,BvLvsPYo,1283.0
924,0,HfcobGNa,NcoKemSg,1283.0
1176,0,PyfNKmSh,IAmXeTgg,173.0
924,0,EmJpSDwd,TExCPNxk,1266.0
924,0,jjHnlXVx,EmJpSDwd,1266.0
924,0,zmlEwfKx,jjHnlXVx,1252.0
924,0,BvinbONJ,FbaONibz,1186.0
924,0,GfvuifIZ,BvinbONJ,1253.0
924,0,TExCPNxk,GfvuifIZ,1253.0
858,0,YjKQPWoa,tUQXHMzJ,146.0
858,0,KAhfQHTl,YjKQPWoa,146.0
924,0,LpwxWatG,rwLqimtK,793.0
924,0,FbaONibz,LpwxWatG,793.0
858,0,tUQXHMzJ,VPnRvCbn,134.0
121,0,MgfOYJbA,UCALextd,8.0
121,0,qIuTLVvj,MgfOYJbA,6.0
121,0,spmlaYUs,qIuTLVvj,6.0
121,0,qqDoWQdv,spmlaYUs,6.0
121,0,eymgjBxV,qqDoWQdv,6.0
121,0,EonJeQKz,eymgjBxV,6.0
121,0,vkWqgNph,EonJeQKz,6.0
121,0,nJRQzVZQ,vkWqgNph,6.0
121,0,xunvufHj,nJRQzVZQ,6.0
121,0,AhlYGwKp,xunvufHj,6.0
121,0,rxrORjnb,AhlYGwKp,6.0
121,0,UVDfwOgc,rxrORjnb,6.0
121,0,HdBHspFM,UVDfwOgc,6.0
121,0,TJDsQDoO,HdBHspFM,5.0
121,0,yTictHOU,TJDsQDoO,5.0
121,0,sTaleXyI,yTictHOU,5.0
121,0,illGQStO,sTaleXyI,5.0
121,0,AUrIxxcC,illGQStO,5.0
121,0,zqZasXpA,AUrIxxcC,5.0
121,0,EYGEAZtD,zqZasXpA,5.0
121,0,AJLJQqsT,EYGEAZtD,5.0
121,0,NCSBLEus,AJLJQqsT,5.0
121,0,xfbmoJHP,NCSBLEus,5.0
924,0,FvRjKBvU,TJeJnSDd,511.0
924,0,wuQzPlvL,FvRjKBvU,558.0
924,0,NacgxEEi,wuQzPlvL,558.0
924,0,ZbMvdFLw,NacgxEEi,558.0
924,0,JUGtNdnF,ZbMvdFLw,558.0
924,0,buTfkkhk,JUGtNdnF,558.0
924,0,rwLqimtK,buTfkkhk,765.0
913,0,gOHjFflk,BcAnDlhE,314.0
913,0,SteiLorf,gOHjFflk,320.0
913,0,NbdCRqNf,SteiLorf,322.0
913,0,smhnGuEj,NbdCRqNf,322.0
913,0,yrrrlzqi,smhnGuEj,322.0
913,0,GUgiDKEG,yrrrlzqi,322.0
913,0,IsszqyIy,GUgiDKEG,322.0
913,0,wBOkqIeG,IsszqyIy,329.0
913,0,hnwTnEQV,wBOkqIeG,355.0
913,0,IKquIbHX,hnwTnEQV,355.0
913,0,oGdoEyKI,IKquIbHX,355.0
913,0,ehvgRqdw,oGdoEyKI,355.0
913,0,WoPCDSeI,ehvgRqdw,413.0
913,0,KKHFrKGl,WoPCDSeI,413.0
913,0,ltPLChrK,KKHFrKGl,367.0
913,0,FwvYcAgk,ltPLChrK,367.0
913,0,mgDGiHEE,FwvYcAgk,367.0
913,0,dQOncjgh,mgDGiHEE,362.0
913,0,QiaFfhxS,dQOncjgh,362.0
913,0,rilNZKmg,QiaFfhxS,362.0
913,0,MgfOYJbA,rilNZKmg,362.0
913,0,qIuTLVvj,MgfOYJbA,362.0
913,0,spmlaYUs,qIuTLVvj,347.0
913,0,qqDoWQdv,spmlaYUs,347.0
913,0,eymgjBxV,qqDoWQdv,266.0
913,0,EonJeQKz,eymgjBxV,266.0
913,0,vkWqgNph,EonJeQKz,266.0
913,0,nJRQzVZQ,vkWqgNph,266.0
913,0,xunvufHj,nJRQzVZQ,266.0
913,0,rxrORjnb,xunvufHj,266.0
913,0,UVDfwOgc,rxrORjnb,265.0
913,0,TJDsQDoO,UVDfwOgc,263.0
913,0,yTictHOU,TJDsQDoO,262.0
913,0,sTaleXyI,yTictHOU,262.0
913,0,illGQStO,sTaleXyI,261.0
913,0,AUrIxxcC,illGQStO,261.0
913,0,zqZasXpA,AUrIxxcC,261.0
913,0,EYGEAZtD,zqZasXpA,261.0
913,0,AJLJQqsT,EYGEAZtD,261.0
913,0,NCSBLEus,AJLJQqsT,260.0
913,0,xfbmoJHP,NCSBLEus,241.0
913,0,DXDxufRt,sqkVVOFh,303.0
913,0,rnnOUpAJ,DXDxufRt,308.0
913,0,NKETZQBF,rnnOUpAJ,308.0
913,0,BcAnDlhE,NKETZQBF,308.0
764,0,bSXtWlOz,MbBQjXCf,44.0
764,0,aviECmtd,bSXtWlOz,66.0
764,0,LMgpokYk,aviECmtd,66.0
764,0,vafAyuvT,LMgpokYk,66.0
764,0,lPyqbuiQ,vafAyuvT,66.0
764,0,uAaGlvRh,lPyqbuiQ,66.0
764,0,GWRhXmMO,uAaGlvRh,66.0
764,0,pLpkESor,GWRhXmMO,66.0
764,0,mgDGiHEE,pLpkESor,72.0
764,0,dQOncjgh,mgDGiHEE,35.0
764,0,QiaFfhxS,dQOncjgh,35.0
764,0,rilNZKmg,QiaFfhxS,35.0
764,0,MgfOYJbA,rilNZKmg,34.0
764,0,qIuTLVvj,MgfOYJbA,34.0
764,0,spmlaYUs,qIuTLVvj,34.0
764,0,qqDoWQdv,spmlaYUs,34.0
764,0,eymgjBxV,qqDoWQdv,34.0
764,0,EonJeQKz,eymgjBxV,34.0
764,0,vkWqgNph,EonJeQKz,34.0
764,0,nJRQzVZQ,vkWqgNph,34.0
764,0,xunvufHj,nJRQzVZQ,26.0
764,0,rxrORjnb,xunvufHj,26.0
764,0,UVDfwOgc,rxrORjnb,26.0
764,0,TJDsQDoO,UVDfwOgc,26.0
764,0,yTictHOU,TJDsQDoO,26.0
764,0,sTaleXyI,yTictHOU,26.0
764,0,illGQStO,sTaleXyI,26.0
764,0,AUrIxxcC,illGQStO,26.0
764,0,zqZasXpA,AUrIxxcC,26.0
764,0,EYGEAZtD,zqZasXpA,26.0
764,0,AJLJQqsT,EYGEAZtD,26.0
764,0,NCSBLEus,AJLJQqsT,26.0
764,0,xfbmoJHP,NCSBLEus,25.0
1118,0,yMrMMnQF,hUQezMGZ,26.0
1118,0,MrQhdzGM,yMrMMnQF,26.0
1118,0,HsmdKMgN,MrQhdzGM,26.0
1118,0,NJsqxdTd,HsmdKMgN,26.0
1118,0,hfbFGrBz,NJsqxdTd,26.0
1118,0,YtTJoBxm,hfbFGrBz,26.0
1118,0,AlpXiRiW,YtTJoBxm,26.0
1118,0,cyLrdsLq,AlpXiRiW,4.0
1118,0,pVHZNTmW,cyLrdsLq,4.0
1118,0,qLlyWzVq,pVHZNTmW,4.0
1118,0,lGJIVvqE,qLlyWzVq,4.0
1118,0,CkiKkxJQ,lGJIVvqE,4.0
1118,0,BmBzVYhd,CkiKkxJQ,4.0
1118,0,DDFCohxX,BmBzVYhd,4.0
1118,0,NfMyQHAw,DDFCohxX,4.0
1118,0,UlmLxwtK,NfMyQHAw,4.0
1118,0,nLuZmKFz,UlmLxwtK,4.0
1118,0,rxrORjnb,nLuZmKFz,4.0
1118,0,yTictHOU,rxrORjnb,4.0
1118,0,sTaleXyI,yTictHOU,4.0
1118,0,illGQStO,sTaleXyI,4.0
1118,0,zqZasXpA,illGQStO,4.0
1118,0,AJLJQqsT,zqZasXpA,4.0
1118,0,NCSBLEus,AJLJQqsT,4.0
1118,0,xfbmoJHP,NCSBLEus,4.0
823,0,iHPgoVQd,AlojXgfn,80.0
823,0,LEMCEoBI,iHPgoVQd,83.0
823,0,VbipnzIy,LEMCEoBI,91.0
823,0,tTjpyeuP,GMrJWgHs,8.0
823,0,elxmPCDf,tTjpyeuP,8.0
823,0,tcbhlVZo,elxmPCDf,8.0
823,0,ZqBGCTqq,tcbhlVZo,7.0
823,0,HxnLIWQq,ZqBGCTqq,7.0
823,0,wqGWmwVd,HxnLIWQq,7.0
823,0,ACkvbmee,wqGWmwVd,7.0
823,0,FtWuEuzF,ACkvbmee,7.0
823,0,RtTLxXUv,FtWuEuzF,7.0
823,0,JGydtICe,RtTLxXUv,7.0
823,0,xbhuXgnr,JGydtICe,7.0
823,0,zjGRmLyo,xbhuXgnr,7.0
823,0,EXTmTMKf,zjGRmLyo,7.0
823,0,yfIoPTHo,EXTmTMKf,6.0
823,0,GnOurcjN,yfIoPTHo,6.0
823,0,vHkAlmCm,GnOurcjN,6.0
823,0,WynPMslR,vHkAlmCm,6.0
823,0,qjwSVoCq,WynPMslR,6.0
823,0,WvPJYXMk,qjwSVoCq,6.0
539,0,ALhaazBT,FZsFzszJ,341.0
539,0,ZijVddwt,ALhaazBT,341.0
543,0,ocvrxaqr,FhTsxOaf,6.0
543,0,aYZQdfnX,ocvrxaqr,6.0
543,0,oUbtCHRB,aYZQdfnX,6.0
543,0,mNfpWfKJ,oUbtCHRB,6.0
543,0,kSklWvZO,mNfpWfKJ,6.0
543,0,wVKhsyCZ,kSklWvZO,6.0
543,0,oZJRchiN,wVKhsyCZ,6.0
543,0,xmGwLlME,oZJRchiN,6.0
543,0,KcBICYpI,xmGwLlME,6.0
543,0,XQiQvefE,KcBICYpI,6.0
543,0,eyUKPfnA,XQiQvefE,6.0
543,0,ZgqhsueA,eyUKPfnA,5.0
543,0,YvwuVYMF,ZgqhsueA,5.0
543,0,FZsFzszJ,YvwuVYMF,5.0
543,0,ALhaazBT,FZsFzszJ,5.0
543,0,ZijVddwt,ALhaazBT,5.0
719,0,eusqYKWT,HezLsNFQ,1139.0
719,0,xOHMcnRu,eusqYKWT,529.0
1184,0,FkPbDkgy,eoIplMjv,133.0
1184,0,kVWIKiQU,FkPbDkgy,119.0
1184,0,apXGdFyI,kVWIKiQU,6.0
1184,0,RmlHIOuG,apXGdFyI,6.0
1184,0,lyEmHaNr,RmlHIOuG,6.0
1184,0,wzWDodFe,lyEmHaNr,6.0
1184,0,siPRjksc,wzWDodFe,6.0
1184,0,GIlSPhwi,siPRjksc,6.0
1184,0,ZPJGdbAJ,GIlSPhwi,6.0
1184,0,xfbmoJHP,ZPJGdbAJ,6.0
1176,0,tHYrXQBJ,DsTGnVil,1009.0
1176,0,cIVzRhGw,tHYrXQBJ,1009.0
1176,0,fxlmulxX,cIVzRhGw,1009.0
1176,0,NPkfSYbt,fxlmulxX,1009.0
1176,0,TCQmGnBb,IzKulrBJ,969.0
1176,0,JJzKKoaf,TCQmGnBb,969.0
1176,0,DsTGnVil,JJzKKoaf,1116.0
1111,0,fwlhPJed,ApUtMocY,417.0
1111,0,KGmhUhiY,fwlhPJed,417.0
1111,0,yMrMMnQF,KGmhUhiY,417.0
1111,0,dlQsfdCi,yMrMMnQF,417.0
1111,0,HsmdKMgN,dlQsfdCi,417.0
1111,0,cWOjTgHp,HsmdKMgN,417.0
1111,0,NJsqxdTd,cWOjTgHp,417.0
1111,0,hfbFGrBz,NJsqxdTd,417.0
1111,0,YtTJoBxm,hfbFGrBz,417.0
1111,0,AlpXiRiW,YtTJoBxm,417.0
1111,0,cyLrdsLq,AlpXiRiW,274.0
1111,0,pVHZNTmW,cyLrdsLq,268.0
1111,0,qLlyWzVq,pVHZNTmW,268.0
1111,0,lGJIVvqE,qLlyWzVq,268.0
1111,0,CkiKkxJQ,lGJIVvqE,260.0
1111,0,AdloNpXg,CkiKkxJQ,258.0
1111,0,BmBzVYhd,AdloNpXg,258.0
1111,0,YcVwXeam,BmBzVYhd,252.0
1111,0,DDFCohxX,YcVwXeam,252.0
1111,0,NfMyQHAw,DDFCohxX,252.0
1111,0,PfZAlPvE,NfMyQHAw,238.0
1111,0,UlmLxwtK,PfZAlPvE,238.0
1111,0,nLuZmKFz,UlmLxwtK,208.0
1111,0,nJRQzVZQ,nLuZmKFz,208.0
1111,0,rxrORjnb,nJRQzVZQ,189.0
1111,0,TJDsQDoO,rxrORjnb,186.0
1111,0,yTictHOU,TJDsQDoO,186.0
1111,0,illGQStO,yTictHOU,185.0
1111,0,zqZasXpA,illGQStO,178.0
1111,0,AJLJQqsT,zqZasXpA,178.0
1111,0,NCSBLEus,AJLJQqsT,168.0
1111,0,xfbmoJHP,NCSBLEus,141.0
1111,0,ApUtMocY,IypCuTzh,424.0
1111,0,IypCuTzh,bqxardHa,391.0
619,0,OoNwiPDT,gmiMCrrb,258.0
619,0,ftvNhZKM,OoNwiPDT,258.0
619,0,KLTxOJqh,ftvNhZKM,258.0
619,0,VLKPcfHc,KLTxOJqh,258.0
619,0,idAQxYim,VLKPcfHc,258.0
619,0,ldInPGbn,idAQxYim,258.0
619,0,WGEhEMgb,ldInPGbn,263.0
619,0,WblAIghg,WGEhEMgb,263.0
619,0,yXfOYhmg,WblAIghg,263.0
619,0,cHOtlpNd,yXfOYhmg,263.0
619,0,bDgEiJAh,cHOtlpNd,263.0
619,0,HYSXwpsm,bDgEiJAh,263.0
619,0,MAxpakLW,HYSXwpsm,263.0
619,0,iTmItNpT,MAxpakLW,263.0
619,0,ijmqRmKp,iTmItNpT,265.0
619,0,eDjMEvVD,ijmqRmKp,266.0
619,0,EsrGPUnZ,eDjMEvVD,269.0
619,0,pobpsCoK,EsrGPUnZ,269.0
619,0,FzyHNJLL,pobpsCoK,275.0
619,0,HdLAxGDi,FzyHNJLL,277.0
966,0,MBttAlCW,ZAfIffxq,463.0
616,0,OyNIynZV,DYKvrufv,222.0
616,0,ydoNqUsu,OyNIynZV,222.0
616,0,eOdwAkBF,ydoNqUsu,503.0
616,0,FDCDnriY,eOdwAkBF,503.0
616,0,DCdKJxNH,FDCDnriY,503.0
616,0,DsuTXcIa,DCdKJxNH,431.0
616,0,bgWfLree,DsuTXcIa,692.0
616,0,nUYnioIh,bgWfLree,692.0
616,0,UAkhVpHN,nUYnioIh,692.0
616,0,mVhkAqwx,UAkhVpHN,692.0
1087,0,ddAfiRml,HHbKiMPc,296.0
1087,0,XfmqgVlB,ddAfiRml,296.0
1087,0,RldYRgxk,XfmqgVlB,296.0
1087,0,NmlfPGxe,RldYRgxk,296.0
1087,0,YlMTFYgN,NmlfPGxe,296.0
1087,0,pugbqfwh,YlMTFYgN,288.0
1087,0,INgMgzPi,pugbqfwh,308.0
1087,0,tKHOTHLP,INgMgzPi,308.0
1087,0,JYjcxadu,tKHOTHLP,225.0
1087,0,dIzWcSEA,JYjcxadu,225.0
1087,0,YIEuAZyW,dIzWcSEA,181.0
1087,0,iIARpDWU,YIEuAZyW,181.0
1087,0,BDmybVdG,iIARpDWU,36.0
750,0,rDmQAEpc,BDmybVdG,152.0
750,0,sKXIofXa,rDmQAEpc,152.0
750,0,MtbBZIqI,sKXIofXa,152.0
1054,0,TjHiuybL,lxkWqJCv,268.0
1054,0,rGxpSglN,TjHiuybL,268.0
1054,0,Rpsmzdru,rGxpSglN,247.0
1054,0,rluMkzbt,Rpsmzdru,247.0
1054,0,oTXyBJNn,rluMkzbt,235.0
1054,0,AIvMrZbX,oTXyBJNn,231.0
1054,0,DFuWYygu,AIvMrZbX,231.0
1054,0,iKWaHdND,DFuWYygu,231.0
1054,0,sZMRTtVP,iKWaHdND,231.0
1054,0,INegqJKU,sZMRTtVP,231.0
619,0,gozRELiL,HdLAxGDi,272.0
1058,0,AGDZrVfo,HcOWfPMU,153.0
1058,0,INegqJKU,AGDZrVfo,56.0
123,0,RpAFtJSl,CtzBEXfZ,45.0
123,0,PcvuCqyL,RpAFtJSl,45.0
123,0,CxeJhmQn,PcvuCqyL,72.0
123,0,TmbwpUyz,CxeJhmQn,72.0
123,0,rREIWzym,TmbwpUyz,87.0
123,0,rluMkzbt,rREIWzym,48.0
123,0,oTXyBJNn,rluMkzbt,48.0
123,0,AIvMrZbX,oTXyBJNn,48.0
123,0,DFuWYygu,AIvMrZbX,48.0
123,0,iKWaHdND,DFuWYygu,48.0
123,0,sZMRTtVP,iKWaHdND,48.0
123,0,INegqJKU,sZMRTtVP,48.0
123,0,CfDISmMN,RqCzrtQl,44.0
123,0,CtzBEXfZ,CfDISmMN,44.0
619,0,eIBTCCCb,gozRELiL,266.0
1063,0,ygaPVVOX,NjRgIRup,2154.0
1063,0,SgmzKmGa,ygaPVVOX,2173.0
1063,0,oaiHprKy,SgmzKmGa,2175.0
1063,0,EKGAgXOm,oaiHprKy,2175.0
1063,0,RqCzrtQl,EKGAgXOm,2175.0
1063,0,CfDISmMN,RqCzrtQl,2177.0
1063,0,RpAFtJSl,CfDISmMN,2177.0
1063,0,PcvuCqyL,RpAFtJSl,2178.0
1063,0,CxeJhmQn,PcvuCqyL,2224.0
1063,0,TmbwpUyz,CxeJhmQn,2224.0
1063,0,rREIWzym,TmbwpUyz,2228.0
1063,0,rluMkzbt,rREIWzym,2229.0
1063,0,oTXyBJNn,rluMkzbt,2234.0
1063,0,AIvMrZbX,oTXyBJNn,2234.0
1063,0,DFuWYygu,AIvMrZbX,2234.0
1063,0,iKWaHdND,DFuWYygu,2234.0
1063,0,sZMRTtVP,iKWaHdND,2234.0
1063,0,gozRELiL,sZMRTtVP,2234.0
1063,0,eIBTCCCb,gozRELiL,2246.0
619,0,OsBkWRQx,TsaeiIGv,5.0
619,0,udlIzhJE,OsBkWRQx,88.0
619,0,DeduXMzE,udlIzhJE,89.0
619,0,GXHjZCTL,DeduXMzE,89.0
619,0,yolIeCeg,GXHjZCTL,89.0
619,0,ozAxYCwR,yolIeCeg,89.0
619,0,qdrjbHYS,ozAxYCwR,89.0
619,0,AKdDiXyV,qdrjbHYS,248.0
619,0,gRuqifBH,AKdDiXyV,248.0
619,0,kZdBhxvo,gRuqifBH,248.0
619,0,ZBkAAevT,kZdBhxvo,248.0
619,0,cMinRgYB,ZBkAAevT,248.0
619,0,LRmPOeoe,cMinRgYB,248.0
619,0,tBNXSyMW,LRmPOeoe,248.0
619,0,ArHpJhVJ,tBNXSyMW,248.0
619,0,tWpVdCtj,ArHpJhVJ,248.0
619,0,EdJUuxct,tWpVdCtj,248.0
619,0,gmiMCrrb,EdJUuxct,248.0
1063,0,hTBkjNzq,MyzUerZz,1538.0
1063,0,aCcokpIU,hTBkjNzq,1959.0
1063,0,IWuAfYeM,aCcokpIU,1959.0
1063,0,AKEMZMhk,IWuAfYeM,1959.0
1063,0,oXDhDxhT,AKEMZMhk,1959.0
1063,0,twlwLPZj,oXDhDxhT,1959.0
1063,0,NjRgIRup,twlwLPZj,1959.0
1059,0,TsaeiIGv,EkWBPXmr,25.0
1059,0,OsBkWRQx,TsaeiIGv,186.0
1059,0,udlIzhJE,OsBkWRQx,186.0
1059,0,DeduXMzE,udlIzhJE,314.0
1059,0,GXHjZCTL,DeduXMzE,315.0
1059,0,yolIeCeg,GXHjZCTL,315.0
1059,0,ozAxYCwR,yolIeCeg,315.0
1059,0,qdrjbHYS,ozAxYCwR,315.0
1059,0,AKdDiXyV,qdrjbHYS,352.0
1059,0,gRuqifBH,AKdDiXyV,352.0
1059,0,kZdBhxvo,gRuqifBH,373.0
1059,0,ZBkAAevT,kZdBhxvo,373.0
1059,0,cMinRgYB,ZBkAAevT,373.0
1059,0,LRmPOeoe,cMinRgYB,373.0
1059,0,tBNXSyMW,LRmPOeoe,373.0
1059,0,ArHpJhVJ,tBNXSyMW,373.0
1059,0,tWpVdCtj,ArHpJhVJ,381.0
1059,0,EdJUuxct,tWpVdCtj,381.0
1059,0,gmiMCrrb,EdJUuxct,381.0
1059,0,DzkWADkh,gmiMCrrb,405.0
1059,0,MjMnNBLG,DzkWADkh,405.0
1059,0,XiRzIewe,MjMnNBLG,405.0
1059,0,HEshVETB,XiRzIewe,419.0
1059,0,WKWTpoqQ,HEshVETB,419.0
1059,0,WlkKexEs,WKWTpoqQ,419.0
1059,0,MyzUerZz,WlkKexEs,419.0
1059,0,hTBkjNzq,MyzUerZz,419.0
1059,0,aCcokpIU,hTBkjNzq,419.0
1059,0,IWuAfYeM,aCcokpIU,430.0
1059,0,AKEMZMhk,IWuAfYeM,430.0
1059,0,oXDhDxhT,AKEMZMhk,430.0
1059,0,twlwLPZj,oXDhDxhT,442.0
1059,0,NjRgIRup,twlwLPZj,442.0
1059,0,ygaPVVOX,NjRgIRup,269.0
1059,0,SgmzKmGa,ygaPVVOX,243.0
922,0,ygaPVVOX,NjRgIRup,3318.0
922,0,SgmzKmGa,ygaPVVOX,3322.0
122,0,hkXbXhZN,scqbdPBp,8.0
122,0,TgpuXBqx,hkXbXhZN,8.0
122,0,IyPglFnI,TgpuXBqx,14.0
122,0,atGiINkp,IyPglFnI,14.0
122,0,tFIeEodn,atGiINkp,14.0
122,0,yeBNAVLu,tFIeEodn,14.0
122,0,xokKvraT,yeBNAVLu,52.0
122,0,HaSZVkzu,xokKvraT,52.0
122,0,yjaYbUGq,HaSZVkzu,52.0
122,0,LbyQgJih,yjaYbUGq,52.0
122,0,FPXdCAOW,LbyQgJih,52.0
122,0,ouHKxPGS,FPXdCAOW,52.0
122,0,GEijdcGW,ouHKxPGS,52.0
619,0,IWkYeNgA,eIBTCCCb,249.0
1063,0,IWkYeNgA,eIBTCCCb,2018.0
730,0,IsTbDzyj,vjmwMJTT,30.0
729,0,sceVWPKZ,dvaPHMux,2.0
729,0,NqSePdAx,sceVWPKZ,2.0
729,0,YxYhlArE,NqSePdAx,3.0
729,0,sAswhpJr,YxYhlArE,3.0
729,0,VyHGAkTo,sAswhpJr,3.0
729,0,RrhmmPMm,VyHGAkTo,3.0
729,0,XeefDCzo,RrhmmPMm,5.0
729,0,UDPMiWKD,XeefDCzo,5.0
729,0,ypjNmqeK,UDPMiWKD,5.0
730,0,zyATMMRX,IsTbDzyj,17.0
730,0,XJpVddlh,zyATMMRX,17.0
729,0,EsTStEav,ypjNmqeK,4.0
910,0,zyATMMRX,yDCZcPdO,14.0
910,0,XJpVddlh,zyATMMRX,14.0
910,0,EpCFePOD,vOivHtRX,11.0
984,0,RLMiJrFV,JtZjSNXW,1540.0
984,0,cYArvsJE,RLMiJrFV,1540.0
984,0,EeAWpikH,cYArvsJE,1540.0
984,0,rrYLcPKJ,EeAWpikH,1540.0
984,0,IbNLqAKw,rrYLcPKJ,1540.0
619,0,dbNaZeWx,IWkYeNgA,248.0
1063,0,dbNaZeWx,IWkYeNgA,1989.0
1048,0,twlwLPZj,oXDhDxhT,273.0
1048,0,NjRgIRup,twlwLPZj,273.0
1048,0,ygaPVVOX,NjRgIRup,480.0
1048,0,SgmzKmGa,ygaPVVOX,481.0
1048,0,oaiHprKy,SgmzKmGa,522.0
1048,0,EKGAgXOm,oaiHprKy,522.0
1048,0,RqCzrtQl,EKGAgXOm,522.0
1048,0,CfDISmMN,RqCzrtQl,522.0
1048,0,hSpdOQMh,CfDISmMN,845.0
1048,0,oXDhDxhT,AKEMZMhk,266.0
297,0,RLMiJrFV,JtZjSNXW,128.0
297,0,cYArvsJE,RLMiJrFV,128.0
297,0,EeAWpikH,cYArvsJE,128.0
297,0,rrYLcPKJ,EeAWpikH,128.0
297,0,IbNLqAKw,rrYLcPKJ,128.0
173,0,RLMiJrFV,JtZjSNXW,347.0
173,0,cYArvsJE,RLMiJrFV,347.0
173,0,EeAWpikH,cYArvsJE,347.0
173,0,rrYLcPKJ,EeAWpikH,347.0
173,0,IbNLqAKw,rrYLcPKJ,347.0
730,0,CkgzgDTz,XJpVddlh,4.0
730,0,AaOxIRuX,CkgzgDTz,6.0
730,0,mOxeJcai,AaOxIRuX,6.0
730,0,IbNLqAKw,mOxeJcai,6.0
108,0,WdOwNGhj,xfbmoJHP,5144.0
108,0,kKKRBhFF,WdOwNGhj,5155.0
108,0,NFInfBeu,kKKRBhFF,5559.0
108,0,VCQdmIoF,NFInfBeu,5559.0
108,0,ePrpofUw,VCQdmIoF,5559.0
108,0,KcvPUxQg,ePrpofUw,6401.0
108,0,BlnSxBAr,KcvPUxQg,6525.0
108,0,TCBUGaZf,BlnSxBAr,6631.0
108,0,pzcCDVmZ,TCBUGaZf,7857.0
108,0,oUmVLfUX,pzcCDVmZ,7857.0
108,0,fJdABIlw,oUmVLfUX,7857.0
108,0,mXwfazRz,fJdABIlw,8330.0
108,0,rBcVngYR,mXwfazRz,8414.0
108,0,NGAodVTg,rBcVngYR,9071.0
108,0,TvGyfQSI,NGAodVTg,9099.0
108,0,HFYkXdPG,TvGyfQSI,9199.0
108,0,KjgVoxgR,HFYkXdPG,9764.0
108,0,xTOrUJFO,KjgVoxgR,9577.0
684,0,KTHxRvtW,GhNbXpjs,1123.0
684,0,gRVxNCAP,KTHxRvtW,1216.0
684,0,FHkpxOov,gRVxNCAP,1216.0
711,0,AszcEtOu,BpAiVnps,827.0
711,0,TcEVvOUM,AszcEtOu,1572.0
686,0,HkSXkIZj,womqVgRl,1043.0
686,0,gRVxNCAP,HkSXkIZj,1001.0
686,0,FHkpxOov,gRVxNCAP,1001.0
778,0,mBrhAdeU,ZKmlngva,440.0
546,0,oUbtCHRB,jwtMzuEb,16.0
546,0,kSklWvZO,oUbtCHRB,16.0
546,0,wVKhsyCZ,kSklWvZO,16.0
546,0,oZJRchiN,wVKhsyCZ,16.0
546,0,xmGwLlME,oZJRchiN,16.0
546,0,KcBICYpI,xmGwLlME,16.0
546,0,XQiQvefE,KcBICYpI,16.0
546,0,eyUKPfnA,XQiQvefE,16.0
546,0,ZgqhsueA,eyUKPfnA,7.0
546,0,YvwuVYMF,ZgqhsueA,7.0
546,0,FZsFzszJ,YvwuVYMF,7.0
546,0,ALhaazBT,FZsFzszJ,7.0
546,0,ZijVddwt,ALhaazBT,7.0
546,0,SwLVnWPq,ZijVddwt,1.0
546,0,xGsoSfhX,SwLVnWPq,1.0
1048,0,rluMkzbt,hSpdOQMh,6.0
1059,0,oaiHprKy,SgmzKmGa,171.0
1059,0,EKGAgXOm,oaiHprKy,171.0
1059,0,RqCzrtQl,EKGAgXOm,171.0
1059,0,CfDISmMN,RqCzrtQl,171.0
922,0,oaiHprKy,SgmzKmGa,3263.0
922,0,EKGAgXOm,oaiHprKy,3263.0
922,0,RqCzrtQl,EKGAgXOm,3263.0
922,0,CfDISmMN,RqCzrtQl,3234.0
128,0,oaiHprKy,SgmzKmGa,125.0
128,0,EKGAgXOm,oaiHprKy,125.0
128,0,RqCzrtQl,EKGAgXOm,125.0
128,0,CfDISmMN,RqCzrtQl,125.0
128,0,CtzBEXfZ,CfDISmMN,125.0
128,0,RpAFtJSl,CtzBEXfZ,125.0
128,0,PcvuCqyL,RpAFtJSl,125.0
128,0,ItWJsmqN,PcvuCqyL,125.0
128,0,QOMpmplr,ItWJsmqN,125.0
128,0,HNejbQWJ,QOMpmplr,125.0
128,0,dQfoCLXo,HNejbQWJ,125.0
128,0,TatGKSDD,dQfoCLXo,127.0
128,0,tDDYXOza,TatGKSDD,127.0
128,0,LdNZcaVd,tDDYXOza,1.0
128,0,XgeKmxEU,LdNZcaVd,1.0
128,0,ASAgeGQh,XgeKmxEU,1.0
128,0,vQqKfyzC,ASAgeGQh,1.0
128,0,RgDNNvUZ,vQqKfyzC,1.0
1054,0,gjxAdJvF,INegqJKU,142.0
1054,0,glTmyjXZ,gjxAdJvF,142.0
1054,0,TMphlUsu,glTmyjXZ,142.0
1054,0,xKAfsjzf,TMphlUsu,142.0
943,0,OZSLHXCc,qdLlCZel,9.0
943,0,jEVQeNyS,OZSLHXCc,21.0
943,0,HeRuYpNs,jEVQeNyS,20.0
943,0,qRJySzaf,HeRuYpNs,12.0
943,0,LTfflVxG,qRJySzaf,12.0
943,0,AhWKwjTz,LTfflVxG,11.0
943,0,VEiYdotb,AhWKwjTz,10.0
943,0,DgYBMgPg,VEiYdotb,10.0
943,0,yjQwxGED,DgYBMgPg,5.0
943,0,KPcRWbGT,yjQwxGED,5.0
943,0,uGRyXcfW,KPcRWbGT,5.0
943,0,HlhFjJtZ,uGRyXcfW,5.0
943,0,ALhaazBT,HlhFjJtZ,5.0
943,0,YqlTLIQa,ALhaazBT,5.0
943,0,AUmOMGnp,YqlTLIQa,5.0
943,0,XFPAZveS,AUmOMGnp,4.0
943,0,ojqTFFWy,XFPAZveS,4.0
922,0,CtzBEXfZ,CfDISmMN,3338.0
1059,0,RpAFtJSl,CfDISmMN,169.0
984,0,UxEHDofF,IbNLqAKw,1329.0
984,0,KORPbuyR,UxEHDofF,1329.0
984,0,JfIhOMTg,KORPbuyR,1329.0
984,0,JdJprycd,JfIhOMTg,1329.0
297,0,UxEHDofF,IbNLqAKw,100.0
297,0,KORPbuyR,UxEHDofF,100.0
297,0,JfIhOMTg,KORPbuyR,100.0
297,0,JdJprycd,JfIhOMTg,100.0
173,0,UxEHDofF,IbNLqAKw,267.0
173,0,KORPbuyR,UxEHDofF,267.0
173,0,JfIhOMTg,KORPbuyR,267.0
173,0,JdJprycd,JfIhOMTg,267.0
730,0,UxEHDofF,IbNLqAKw,4.0
730,0,KORPbuyR,UxEHDofF,4.0
730,0,JfIhOMTg,KORPbuyR,4.0
730,0,JdJprycd,JfIhOMTg,4.0
123,0,ygaPVVOX,NjRgIRup,39.0
123,0,SgmzKmGa,ygaPVVOX,39.0
123,0,oaiHprKy,SgmzKmGa,42.0
123,0,EKGAgXOm,oaiHprKy,42.0
123,0,RqCzrtQl,EKGAgXOm,42.0
123,0,KCMgfriT,qzuHypgA,9.0
123,0,hVMLOzME,KCMgfriT,9.0
123,0,TDvESTZN,hVMLOzME,9.0
123,0,WlkKexEs,TDvESTZN,9.0
123,0,MyzUerZz,WlkKexEs,9.0
123,0,hTBkjNzq,MyzUerZz,9.0
123,0,aCcokpIU,hTBkjNzq,9.0
123,0,IWuAfYeM,aCcokpIU,9.0
123,0,AKEMZMhk,IWuAfYeM,9.0
123,0,oXDhDxhT,AKEMZMhk,9.0
123,0,twlwLPZj,oXDhDxhT,9.0
123,0,NjRgIRup,twlwLPZj,9.0
123,0,TcEVvOUM,AszcEtOu,8.0
123,0,qGnNRXVR,TcEVvOUM,8.0
123,0,ouPwTbuD,qGnNRXVR,8.0
123,0,MwLdaJul,ouPwTbuD,8.0
123,0,QUMnpJQp,MwLdaJul,8.0
123,0,FyIjwLBj,QUMnpJQp,8.0
123,0,vXPGJwVk,FyIjwLBj,8.0
123,0,qzuHypgA,vXPGJwVk,8.0
123,0,AszcEtOu,BpAiVnps,7.0
1058,0,xokKvraT,INegqJKU,23.0
1058,0,HaSZVkzu,xokKvraT,23.0
1058,0,yjaYbUGq,HaSZVkzu,23.0
1058,0,LbyQgJih,yjaYbUGq,23.0
1058,0,FPXdCAOW,LbyQgJih,23.0
1058,0,ouHKxPGS,FPXdCAOW,23.0
1058,0,GEijdcGW,ouHKxPGS,23.0
1058,0,MKKzwAOv,GEijdcGW,23.0
922,0,RpAFtJSl,CtzBEXfZ,3055.0
922,0,PcvuCqyL,RpAFtJSl,3124.0
1054,0,ngHNiWhD,xKAfsjzf,116.0
1054,0,ZcBdJkwp,ngHNiWhD,116.0
123,0,gjxAdJvF,INegqJKU,7.0
123,0,glTmyjXZ,gjxAdJvF,7.0
123,0,TMphlUsu,glTmyjXZ,7.0
123,0,xKAfsjzf,TMphlUsu,7.0
123,0,ngHNiWhD,xKAfsjzf,6.0
123,0,ZcBdJkwp,ngHNiWhD,6.0
1672,0,frLbpljr,GwjQuetc,57.0
1672,0,FPjpeXlp,frLbpljr,57.0
1672,0,vXwparSo,FPjpeXlp,45.0
1672,0,izsRTGJN,vXwparSo,5.0
1672,0,CAuqyjUy,izsRTGJN,5.0
1672,0,cIVzRhGw,CAuqyjUy,5.0
1672,0,fxlmulxX,cIVzRhGw,5.0
1672,0,NPkfSYbt,fxlmulxX,5.0
1672,0,VWFAQayS,NPkfSYbt,5.0
1659,0,juEdhOMs,vfRjIFnr,186.0
1659,0,ocUywYfN,juEdhOMs,186.0
1659,0,cPMyJryL,ocUywYfN,186.0
1659,0,eiOwifcC,cPMyJryL,186.0
929,0,ymMHSssn,wSxpBpYI,26.0
1067,0,UoWNmGnJ,HNejbQWJ,2009.0
1067,0,TatGKSDD,UoWNmGnJ,2009.0
1059,0,PcvuCqyL,RpAFtJSl,87.0
1059,0,ItWJsmqN,PcvuCqyL,87.0
922,0,ItWJsmqN,PcvuCqyL,3028.0
984,0,kIKddsaQ,JdJprycd,1266.0
984,0,eJBRTpyb,kIKddsaQ,1266.0
984,0,dvaPHMux,eJBRTpyb,1266.0
297,0,eJBRTpyb,JdJprycd,84.0
297,0,dvaPHMux,eJBRTpyb,84.0
173,0,eJBRTpyb,JdJprycd,217.0
173,0,dvaPHMux,eJBRTpyb,217.0
730,0,eJBRTpyb,JdJprycd,3.0
730,0,dvaPHMux,eJBRTpyb,3.0
919,0,dQfoCLXo,HNejbQWJ,76.0
919,0,NJLhSMnp,dQfoCLXo,76.0
919,0,vitXJVTB,NJLhSMnp,76.0
919,0,DPEjcwqA,vitXJVTB,76.0
919,0,AKFNXFCk,DPEjcwqA,76.0
919,0,HIkBoDID,AKFNXFCk,76.0
919,0,uKNLSXwU,HIkBoDID,76.0
919,0,QpjbbNqd,uKNLSXwU,76.0
919,0,qHHrAclK,QpjbbNqd,76.0
919,0,Jrutayet,qHHrAclK,76.0
1067,0,ygaPVVOX,NjRgIRup,1867.0
1067,0,SgmzKmGa,ygaPVVOX,1867.0
1067,0,EKGAgXOm,SgmzKmGa,1872.0
1067,0,CfDISmMN,EKGAgXOm,1872.0
1067,0,PcvuCqyL,CfDISmMN,1878.0
1067,0,QOMpmplr,PcvuCqyL,1878.0
1067,0,HNejbQWJ,QOMpmplr,1893.0
1067,0,aCcokpIU,MyzUerZz,1347.0
1067,0,IWuAfYeM,aCcokpIU,1601.0
1067,0,AKEMZMhk,IWuAfYeM,1601.0
1067,0,oXDhDxhT,AKEMZMhk,1601.0
1067,0,twlwLPZj,oXDhDxhT,1602.0
1067,0,NjRgIRup,twlwLPZj,1816.0
1067,0,MyzUerZz,WlkKexEs,555.0
1048,0,hTBkjNzq,MyzUerZz,218.0
1048,0,aCcokpIU,hTBkjNzq,259.0
1048,0,IWuAfYeM,aCcokpIU,265.0
1048,0,AKEMZMhk,IWuAfYeM,265.0
1048,0,ZBkAAevT,kZdBhxvo,96.0
1048,0,cMinRgYB,ZBkAAevT,96.0
1048,0,LRmPOeoe,cMinRgYB,96.0
1048,0,tBNXSyMW,LRmPOeoe,96.0
1048,0,ArHpJhVJ,tBNXSyMW,96.0
1048,0,tWpVdCtj,ArHpJhVJ,99.0
1048,0,EdJUuxct,tWpVdCtj,99.0
1048,0,gmiMCrrb,EdJUuxct,99.0
1048,0,DzkWADkh,gmiMCrrb,120.0
1048,0,MjMnNBLG,DzkWADkh,120.0
1048,0,XiRzIewe,MjMnNBLG,120.0
1048,0,HEshVETB,XiRzIewe,142.0
1048,0,WKWTpoqQ,HEshVETB,142.0
1048,0,WlkKexEs,WKWTpoqQ,142.0
1048,0,MyzUerZz,WlkKexEs,160.0
1048,0,awOEKaEj,qdrjbHYS,33.0
1048,0,gRuqifBH,awOEKaEj,33.0
1048,0,kZdBhxvo,gRuqifBH,43.0
1047,0,gIrHwcsI,ouHKxPGS,8.0
457,0,iwdDmytU,vUKUaFbz,1.0
457,0,LYepRrQv,iwdDmytU,1.0
457,0,YuDiQHGe,LYepRrQv,1.0
457,0,EmkugZPX,YuDiQHGe,1.0
932,0,qeXIqBgp,DMAMxgNC,1416.0
1317,0,AszcEtOu,BpAiVnps,2694.0
1189,0,hPbxQISN,jnDfAorM,1646.0
1124,0,SPorkGXj,OUlPxErG,59.0
1124,0,IJbUVGLH,SPorkGXj,75.0
1124,0,ZqOseExI,IJbUVGLH,75.0
1124,0,FdBCLyPI,ZqOseExI,75.0
1124,0,CrOFTJlw,FdBCLyPI,78.0
1124,0,PyGiRErs,CrOFTJlw,79.0
1124,0,JbCujTci,PyGiRErs,80.0
1124,0,exRzHfND,KyrNRMTR,6.0
1124,0,slwzdYAd,exRzHfND,6.0
1124,0,phodyDNv,slwzdYAd,6.0
1124,0,RuqLEiFp,phodyDNv,9.0
1124,0,NAwFzVQz,RuqLEiFp,10.0
1124,0,jEliwrSM,NAwFzVQz,46.0
1124,0,OUlPxErG,jEliwrSM,46.0
1128,0,JYjcxadu,tKHOTHLP,436.0
1128,0,dIzWcSEA,JYjcxadu,436.0
1128,0,YIEuAZyW,dIzWcSEA,393.0
1128,0,iIARpDWU,YIEuAZyW,393.0
1128,0,BDmybVdG,iIARpDWU,8.0
619,0,TsaeiIGv,EkWBPXmr,1.0
1066,0,ygaPVVOX,NjRgIRup,239.0
1066,0,SgmzKmGa,ygaPVVOX,239.0
1066,0,oaiHprKy,SgmzKmGa,245.0
1066,0,EKGAgXOm,oaiHprKy,245.0
1066,0,RqCzrtQl,EKGAgXOm,245.0
1066,0,CfDISmMN,RqCzrtQl,245.0
1066,0,RpAFtJSl,CfDISmMN,292.0
1066,0,PcvuCqyL,RpAFtJSl,293.0
1066,0,QOMpmplr,PcvuCqyL,293.0
1066,0,HNejbQWJ,QOMpmplr,299.0
1066,0,NIAyNhca,HNejbQWJ,299.0
1066,0,MyzUerZz,WlkKexEs,104.0
1066,0,hTBkjNzq,MyzUerZz,164.0
1066,0,aCcokpIU,hTBkjNzq,201.0
1066,0,IWuAfYeM,aCcokpIU,201.0
1066,0,AKEMZMhk,IWuAfYeM,201.0
1066,0,oXDhDxhT,AKEMZMhk,201.0
1066,0,twlwLPZj,oXDhDxhT,201.0
1066,0,NjRgIRup,twlwLPZj,201.0
1067,0,LdNZcaVd,TatGKSDD,1993.0
1067,0,XgeKmxEU,LdNZcaVd,4.0
1066,0,ZBkAAevT,kZdBhxvo,16.0
1066,0,cMinRgYB,ZBkAAevT,16.0
1066,0,LRmPOeoe,cMinRgYB,16.0
1066,0,tBNXSyMW,LRmPOeoe,16.0
1066,0,ArHpJhVJ,tBNXSyMW,16.0
1066,0,tWpVdCtj,ArHpJhVJ,16.0
1066,0,EdJUuxct,tWpVdCtj,16.0
1066,0,gmiMCrrb,EdJUuxct,16.0
1066,0,DzkWADkh,gmiMCrrb,17.0
1066,0,MjMnNBLG,DzkWADkh,17.0
1066,0,XiRzIewe,MjMnNBLG,17.0
1066,0,HEshVETB,XiRzIewe,17.0
1066,0,WKWTpoqQ,HEshVETB,17.0
1066,0,WlkKexEs,WKWTpoqQ,17.0
1066,0,fxsyxfZK,NIAyNhca,285.0
1072,0,awOEKaEj,qdrjbHYS,188.0
1072,0,kZdBhxvo,awOEKaEj,188.0
1072,0,ZBkAAevT,kZdBhxvo,210.0
1072,0,cMinRgYB,ZBkAAevT,210.0
1072,0,LRmPOeoe,cMinRgYB,210.0
1072,0,tBNXSyMW,LRmPOeoe,210.0
1072,0,ArHpJhVJ,tBNXSyMW,215.0
1072,0,tWpVdCtj,ArHpJhVJ,224.0
1072,0,EdJUuxct,tWpVdCtj,224.0
1072,0,gmiMCrrb,EdJUuxct,224.0
1072,0,DzkWADkh,gmiMCrrb,409.0
1072,0,MjMnNBLG,DzkWADkh,409.0
1072,0,XiRzIewe,MjMnNBLG,409.0
1072,0,HEshVETB,XiRzIewe,459.0
1072,0,WKWTpoqQ,HEshVETB,459.0
1072,0,WlkKexEs,WKWTpoqQ,491.0
1072,0,MyzUerZz,WlkKexEs,709.0
1072,0,hTBkjNzq,MyzUerZz,852.0
1072,0,aCcokpIU,hTBkjNzq,922.0
1072,0,IWuAfYeM,aCcokpIU,929.0
1072,0,AKEMZMhk,IWuAfYeM,929.0
1072,0,oXDhDxhT,AKEMZMhk,929.0
1072,0,twlwLPZj,oXDhDxhT,933.0
1072,0,NjRgIRup,twlwLPZj,943.0
1072,0,ygaPVVOX,NjRgIRup,1565.0
1072,0,SgmzKmGa,ygaPVVOX,1565.0
1072,0,oaiHprKy,SgmzKmGa,1608.0
1072,0,EKGAgXOm,oaiHprKy,1608.0
1072,0,RqCzrtQl,EKGAgXOm,1608.0
1072,0,CfDISmMN,RqCzrtQl,1608.0
1072,0,RpAFtJSl,CfDISmMN,1674.0
1072,0,PcvuCqyL,RpAFtJSl,1684.0
1072,0,QOMpmplr,PcvuCqyL,1684.0
1072,0,HNejbQWJ,QOMpmplr,1728.0
1072,0,dQfoCLXo,HNejbQWJ,1729.0
1072,0,NJLhSMnp,dQfoCLXo,1729.0
922,0,QOMpmplr,ItWJsmqN,2824.0
922,0,HNejbQWJ,QOMpmplr,2815.0
922,0,dQfoCLXo,HNejbQWJ,2935.0
922,0,NJLhSMnp,dQfoCLXo,2935.0
1068,0,jEhGDfoN,WjngiDTm,35.0
1119,0,JyqrAKLu,TCMQvOqy,35.0
1119,0,XxhwFmzZ,JyqrAKLu,35.0
1119,0,QZgueNIh,XxhwFmzZ,35.0
1119,0,JFVlrPHE,QZgueNIh,43.0
1119,0,cpLivUai,JFVlrPHE,43.0
1119,0,fKUdbDza,cpLivUai,43.0
1119,0,DATqCMmz,fKUdbDza,50.0
1119,0,ILgjTtXh,DATqCMmz,50.0
1119,0,SUgOBtjk,ILgjTtXh,70.0
1119,0,gACwumWT,SUgOBtjk,70.0
1119,0,JtZjSNXW,gACwumWT,70.0
1119,0,RLMiJrFV,JtZjSNXW,147.0
1119,0,cYArvsJE,RLMiJrFV,147.0
1119,0,EeAWpikH,cYArvsJE,147.0
1119,0,rrYLcPKJ,EeAWpikH,147.0
1119,0,IbNLqAKw,rrYLcPKJ,147.0
1119,0,UxEHDofF,IbNLqAKw,176.0
1119,0,KORPbuyR,UxEHDofF,176.0
1119,0,JfIhOMTg,KORPbuyR,176.0
1119,0,JdJprycd,JfIhOMTg,176.0
1119,0,xjJdOfLG,JdJprycd,199.0
1119,0,QQHZGEng,xjJdOfLG,199.0
1119,0,EFaiAjAK,QQHZGEng,199.0
1119,0,eUBMdtJg,EFaiAjAK,223.0
922,0,DJxHBCmY,HyvnzuHA,864.0
922,0,UUpfieFN,DJxHBCmY,842.0
922,0,XHBoVocK,UUpfieFN,830.0
922,0,arebgYBg,XHBoVocK,830.0
922,0,TWTKfAgl,arebgYBg,830.0
922,0,BhcHYWlb,TWTKfAgl,818.0
922,0,zWmxGpLB,BhcHYWlb,818.0
922,0,JzAcwavY,zWmxGpLB,818.0
922,0,ZjbTkVDH,JzAcwavY,799.0
922,0,RLXxtVaJ,ZjbTkVDH,799.0
922,0,KvSvcvIL,RLXxtVaJ,757.0
920,0,jqOOThyw,dvaPHMux,98.0
920,0,aUsRFqQV,jqOOThyw,98.0
920,0,TGiiAnII,aUsRFqQV,98.0
920,0,tIkiTaAn,TGiiAnII,98.0
920,0,WmxXwpoc,tIkiTaAn,98.0
919,0,ygaPVVOX,NjRgIRup,1.0
919,0,SgmzKmGa,ygaPVVOX,1.0
919,0,oaiHprKy,SgmzKmGa,1.0
919,0,EKGAgXOm,oaiHprKy,1.0
919,0,RqCzrtQl,EKGAgXOm,1.0
919,0,CfDISmMN,RqCzrtQl,1.0
919,0,CtzBEXfZ,CfDISmMN,1.0
919,0,RpAFtJSl,CtzBEXfZ,1.0
919,0,PcvuCqyL,RpAFtJSl,1.0
919,0,QOMpmplr,PcvuCqyL,1.0
919,0,HNejbQWJ,QOMpmplr,1.0
1059,0,QOMpmplr,ItWJsmqN,1.0
1059,0,HNejbQWJ,QOMpmplr,1.0
909,0,bCbInHHL,mXosqjnx,62.0
909,0,crypOuMD,bCbInHHL,62.0
909,0,yTOnYgGF,EsTStEav,43.0
909,0,mXosqjnx,yTOnYgGF,43.0
909,0,XeefDCzo,IbNLqAKw,9.0
909,0,UDPMiWKD,XeefDCzo,9.0
909,0,ypjNmqeK,UDPMiWKD,9.0
909,0,EsTStEav,ypjNmqeK,9.0
751,0,dfrJZjmW,NjRgIRup,1751.0
751,0,AFcMAvOI,dfrJZjmW,2148.0
751,0,FltmFbyo,AFcMAvOI,2148.0
751,0,jUExBSiR,FltmFbyo,1594.0
751,0,vPrJwoLq,jUExBSiR,1594.0
751,0,aHDoehBY,vPrJwoLq,1594.0
751,0,WwbQwfXi,aHDoehBY,2418.0
1119,0,KvSvcvIL,LggmrEeo,234.0
1176,0,PNniCxAw,vacPrbQA,872.0
1176,0,aZaGhhAB,PNniCxAw,1005.0
1176,0,CVcknAiw,aZaGhhAB,1005.0
1176,0,uGkwFELU,CVcknAiw,1005.0
1176,0,IzKulrBJ,uGkwFELU,1006.0
1087,0,vCtwKmtA,hGRIMrVW,269.0
1087,0,wFiJapOA,vCtwKmtA,269.0
1087,0,HHbKiMPc,wFiJapOA,269.0
1072,0,lyEtzViy,NJLhSMnp,1992.0
1072,0,uVrlMgNx,lyEtzViy,1971.0
909,0,uNHtUGfb,crypOuMD,46.0
920,0,SkzmPMHG,WmxXwpoc,120.0
920,0,MmDOtEna,SkzmPMHG,120.0
920,0,ZCeMNbFi,MmDOtEna,120.0
909,0,vOivHtRX,uNHtUGfb,61.0
909,0,DATqCMmz,fKUdbDza,1.0
909,0,ILgjTtXh,DATqCMmz,1.0
909,0,SUgOBtjk,ILgjTtXh,1.0
909,0,JtZjSNXW,SUgOBtjk,1.0
909,0,RLMiJrFV,JtZjSNXW,1.0
909,0,cYArvsJE,RLMiJrFV,1.0
909,0,EeAWpikH,cYArvsJE,1.0
909,0,rrYLcPKJ,EeAWpikH,1.0
909,0,IbNLqAKw,rrYLcPKJ,1.0
922,0,vitXJVTB,NJLhSMnp,2900.0
922,0,DPEjcwqA,vitXJVTB,2900.0
922,0,AKFNXFCk,DPEjcwqA,2900.0
858,0,TEpDjcLc,AlpXiRiW,129.0
858,0,PORiPCGC,TEpDjcLc,129.0
858,0,VPnRvCbn,PORiPCGC,129.0
1072,0,ZsNhjIbg,uVrlMgNx,1975.0
1072,0,GhOGJPtU,ZsNhjIbg,1975.0
1067,0,TsaeiIGv,EkWBPXmr,16.0
1067,0,OsBkWRQx,TsaeiIGv,52.0
1067,0,TlwaKrQx,OsBkWRQx,52.0
1067,0,udlIzhJE,TlwaKrQx,52.0
1067,0,DeduXMzE,udlIzhJE,55.0
1067,0,GXHjZCTL,DeduXMzE,55.0
1067,0,yolIeCeg,GXHjZCTL,55.0
1067,0,ozAxYCwR,yolIeCeg,55.0
1067,0,qdrjbHYS,ozAxYCwR,55.0
1067,0,AKdDiXyV,qdrjbHYS,68.0
1067,0,gRuqifBH,AKdDiXyV,271.0
1067,0,kZdBhxvo,gRuqifBH,271.0
1067,0,ZBkAAevT,kZdBhxvo,271.0
1067,0,cMinRgYB,ZBkAAevT,271.0
1067,0,LRmPOeoe,cMinRgYB,271.0
1067,0,tBNXSyMW,LRmPOeoe,271.0
1067,0,ArHpJhVJ,tBNXSyMW,271.0
1067,0,tWpVdCtj,ArHpJhVJ,271.0
1067,0,gmiMCrrb,tWpVdCtj,271.0
1067,0,DzkWADkh,gmiMCrrb,291.0
1067,0,MjMnNBLG,DzkWADkh,300.0
1067,0,udKeccMr,MjMnNBLG,306.0
1067,0,HEshVETB,udKeccMr,306.0
1067,0,WKWTpoqQ,HEshVETB,306.0
1067,0,WlkKexEs,WKWTpoqQ,462.0
1068,0,ttuFHhig,scqbdPBp,32.0
1068,0,WjngiDTm,ttuFHhig,32.0
926,0,JmVfbKXA,eebyhqqT,5.0
926,0,noGdINij,JmVfbKXA,7.0
926,0,UXYZCAgB,noGdINij,7.0
926,0,jjHnlXVx,UXYZCAgB,10.0
926,0,zmlEwfKx,jjHnlXVx,10.0
926,0,BvLvsPYo,zmlEwfKx,10.0
926,0,NcoKemSg,BvLvsPYo,10.0
926,0,HfcobGNa,NcoKemSg,10.0
926,0,SJvhYGxR,HfcobGNa,10.0
926,0,HyvnzuHA,SJvhYGxR,10.0
926,0,TNTzUMyF,HyvnzuHA,3.0
926,0,avRuCqLk,TNTzUMyF,3.0
926,0,wIAALBva,avRuCqLk,3.0
926,0,nxBXRnVc,wIAALBva,3.0
926,0,sXWHYDNZ,nxBXRnVc,3.0
926,0,VKAAZZOV,sXWHYDNZ,3.0
926,0,Vtdujofe,VKAAZZOV,3.0
926,0,edTVGmZc,Vtdujofe,3.0
926,0,iqwCaPZT,edTVGmZc,3.0
926,0,qqDoWQdv,iqwCaPZT,3.0
926,0,eymgjBxV,qqDoWQdv,1.0
926,0,EonJeQKz,eymgjBxV,1.0
926,0,vkWqgNph,EonJeQKz,1.0
926,0,nJRQzVZQ,vkWqgNph,1.0
926,0,xunvufHj,nJRQzVZQ,1.0
926,0,rxrORjnb,xunvufHj,1.0
1591,0,urhYpysk,TGjXCzny,422.0
1591,0,eYYHcaFH,urhYpysk,433.0
1591,0,aGRhAFxn,eYYHcaFH,433.0
1591,0,YzXnYVPd,aGRhAFxn,115.0
1591,0,TEKQTTfp,YzXnYVPd,100.0
922,0,HIkBoDID,AKFNXFCk,2858.0
922,0,uKNLSXwU,HIkBoDID,3008.0
922,0,QpjbbNqd,uKNLSXwU,3008.0
922,0,qHHrAclK,QpjbbNqd,3008.0
922,0,Jrutayet,qHHrAclK,3008.0
177,0,DzkWADkh,tBgOcvQf,1493.0
177,0,MjMnNBLG,DzkWADkh,1493.0
177,0,XiRzIewe,MjMnNBLG,1493.0
177,0,udKeccMr,XiRzIewe,2024.0
177,0,HEshVETB,udKeccMr,2024.0
177,0,WKWTpoqQ,HEshVETB,2024.0
1058,0,mhDCqtpx,MKKzwAOv,22.0
1058,0,TJDsQDoO,mhDCqtpx,22.0
1119,0,QjcDKOzv,eUBMdtJg,203.0
1119,0,RUTwxhGS,QjcDKOzv,203.0
1119,0,uCoCFrtM,RUTwxhGS,203.0
1119,0,QzziCuGD,uCoCFrtM,203.0
1119,0,WmKWqOVN,QzziCuGD,203.0
1119,0,QBspXqKX,WmKWqOVN,203.0
1119,0,qYzIAyEg,QBspXqKX,203.0
1119,0,ZdKqQSZH,qYzIAyEg,203.0
1119,0,mSHqQduu,ZdKqQSZH,203.0
1119,0,MuzbvXqA,mSHqQduu,203.0
1119,0,qrudAScT,MuzbvXqA,209.0
920,0,PBIThtAQ,ZCeMNbFi,123.0
920,0,iAuWJytQ,PBIThtAQ,123.0
920,0,RqKQqVrZ,iAuWJytQ,123.0
920,0,HyvnzuHA,RqKQqVrZ,123.0
920,0,TNTzUMyF,HyvnzuHA,15.0
920,0,avRuCqLk,TNTzUMyF,15.0
920,0,wIAALBva,avRuCqLk,15.0
920,0,nxBXRnVc,wIAALBva,15.0
920,0,sXWHYDNZ,nxBXRnVc,15.0
920,0,VKAAZZOV,sXWHYDNZ,15.0
922,0,UosQUisT,Jrutayet,2051.0
922,0,FQOgjaka,UosQUisT,2051.0
725,0,YmkUpvHU,qKeCDDXI,3081.0
725,0,WOOyqinT,YmkUpvHU,3009.0
725,0,mnkgCFDT,WOOyqinT,2417.0
856,0,ygaPVVOX,NjRgIRup,683.0
856,0,SgmzKmGa,ygaPVVOX,683.0
856,0,oaiHprKy,SgmzKmGa,697.0
856,0,EKGAgXOm,oaiHprKy,697.0
856,0,RqCzrtQl,EKGAgXOm,697.0
856,0,CfDISmMN,RqCzrtQl,697.0
856,0,CtzBEXfZ,CfDISmMN,711.0
856,0,RpAFtJSl,CtzBEXfZ,715.0
856,0,PcvuCqyL,RpAFtJSl,715.0
856,0,QOMpmplr,PcvuCqyL,715.0
856,0,HNejbQWJ,QOMpmplr,722.0
856,0,dQfoCLXo,HNejbQWJ,722.0
856,0,NJLhSMnp,dQfoCLXo,722.0
856,0,vitXJVTB,NJLhSMnp,734.0
856,0,DPEjcwqA,vitXJVTB,734.0
856,0,AKFNXFCk,DPEjcwqA,734.0
856,0,HIkBoDID,AKFNXFCk,750.0
856,0,FBcFacnd,HIkBoDID,809.0
856,0,URVlPKPB,FBcFacnd,809.0
856,0,dROKJpRC,URVlPKPB,845.0
856,0,UNRVYnCk,dROKJpRC,845.0
856,0,rvjuJASP,UNRVYnCk,476.0
856,0,BLgEghTV,rvjuJASP,476.0
856,0,EnXcRLvh,BLgEghTV,476.0
856,0,snhIMWCK,EnXcRLvh,396.0
856,0,oKUAvFAb,snhIMWCK,396.0
860,0,DJFnuQGw,KAhfQHTl,3.0
860,0,jkZnMKOY,DJFnuQGw,1.0
1072,0,WOuDNhbw,GhOGJPtU,1912.0
1072,0,oWUXSqrA,WOuDNhbw,1912.0
1072,0,CYkmgDbv,oWUXSqrA,1912.0
128,0,ygaPVVOX,NjRgIRup,124.0
128,0,SgmzKmGa,ygaPVVOX,124.0
128,0,TCqyxHhF,AszcEtOu,2.0
128,0,TcEVvOUM,TCqyxHhF,2.0
128,0,qGnNRXVR,TcEVvOUM,2.0
128,0,ouPwTbuD,qGnNRXVR,2.0
128,0,MwLdaJul,ouPwTbuD,2.0
128,0,QUMnpJQp,MwLdaJul,2.0
128,0,FyIjwLBj,QUMnpJQp,2.0
128,0,vXPGJwVk,FyIjwLBj,2.0
128,0,qzuHypgA,vXPGJwVk,2.0
128,0,KCMgfriT,qzuHypgA,2.0
128,0,hVMLOzME,KCMgfriT,2.0
128,0,TDvESTZN,hVMLOzME,2.0
128,0,WlkKexEs,TDvESTZN,2.0
128,0,MyzUerZz,WlkKexEs,2.0
128,0,hTBkjNzq,MyzUerZz,2.0
128,0,aCcokpIU,hTBkjNzq,41.0
128,0,IWuAfYeM,aCcokpIU,41.0
128,0,AKEMZMhk,IWuAfYeM,41.0
128,0,oXDhDxhT,AKEMZMhk,41.0
128,0,twlwLPZj,oXDhDxhT,41.0
128,0,NjRgIRup,twlwLPZj,41.0
922,0,URvEqJxF,FQOgjaka,1946.0
922,0,JalqBTeK,URvEqJxF,1946.0
922,0,UAwQbGIv,JalqBTeK,1946.0
922,0,HyvnzuHA,UAwQbGIv,1946.0
916,0,FgmIokcD,VNhVtVFP,30.0
916,0,gcIdZvqz,FgmIokcD,34.0
916,0,PRSWWHtT,gcIdZvqz,34.0
916,0,cTiyrkFA,PRSWWHtT,34.0
916,0,CyecXZGv,cTiyrkFA,46.0
1226,0,NmRushck,xMwzCIXQ,10421.0
539,0,oZJRchiN,wVKhsyCZ,30.0
140,0,rhOosuOh,pNPkNoga,80.0
140,0,VKJFREzF,rhOosuOh,80.0
140,0,EvOnizWo,VKJFREzF,104.0
140,0,PjaElYBL,EvOnizWo,104.0
140,0,YvwuVYMF,PjaElYBL,104.0
140,0,vDFCntfg,YvwuVYMF,25.0
140,0,iEKDTvNf,vDFCntfg,25.0
140,0,MyGqmywG,iEKDTvNf,25.0
140,0,NxbXiMUL,MyGqmywG,16.0
140,0,XLVjRryq,NxbXiMUL,15.0
140,0,RVEyrwjR,XLVjRryq,15.0
140,0,gzTQJVMW,RVEyrwjR,15.0
140,0,FZsFzszJ,gzTQJVMW,10.0
140,0,KgwKZlse,FZsFzszJ,9.0
140,0,AoRkaUmb,KgwKZlse,9.0
140,0,ALhaazBT,AoRkaUmb,9.0
140,0,YqlTLIQa,ALhaazBT,7.0
140,0,AUmOMGnp,YqlTLIQa,7.0
140,0,XFPAZveS,AUmOMGnp,7.0
140,0,ojqTFFWy,XFPAZveS,1.0
1681,0,UuoajKVN,fdwfslrS,121.0
1681,0,tmPrLnhA,UuoajKVN,121.0
1681,0,KHybvzQw,tmPrLnhA,121.0
1681,0,WywmvGMH,KHybvzQw,116.0
1681,0,AesbwnPs,WywmvGMH,115.0
1681,0,hzAARBgX,AesbwnPs,115.0
1681,0,IjDfGHsr,hzAARBgX,115.0
1681,0,TFRpjaAo,IjDfGHsr,115.0
1681,0,JhdinCeD,TFRpjaAo,104.0
1681,0,ZIieNEvD,JhdinCeD,104.0
1681,0,jvLymITs,ZIieNEvD,104.0
1681,0,jJVVpGMf,jvLymITs,1.0
1681,0,tcYerYbk,jJVVpGMf,1.0
1681,0,pPKqPUVW,tcYerYbk,1.0
1681,0,iYTiOTOT,pPKqPUVW,1.0
1681,0,dLtneiKf,iYTiOTOT,1.0
1681,0,slfxTuih,dLtneiKf,1.0
1681,0,XFPAZveS,slfxTuih,1.0
1681,0,ojqTFFWy,XFPAZveS,1.0
903,0,lHJswKjJ,ZXZRiXZk,114.0
903,0,mOIvxNWl,lHJswKjJ,114.0
903,0,knEDXVsi,mOIvxNWl,114.0
903,0,fwLjTwPH,knEDXVsi,114.0
903,0,pNPkNoga,fwLjTwPH,114.0
903,0,rhOosuOh,pNPkNoga,105.0
903,0,VKJFREzF,rhOosuOh,105.0
903,0,EvOnizWo,VKJFREzF,105.0
903,0,PjaElYBL,EvOnizWo,105.0
903,0,YvwuVYMF,PjaElYBL,105.0
903,0,eCAYEbtu,moYdstNu,94.0
903,0,ZXZRiXZk,eCAYEbtu,94.0
1063,0,MyzUerZz,WlkKexEs,867.0
400,0,PrbXVSIs,MEUYJwAC,3485.0
400,0,BaMKWhPW,PrbXVSIs,3230.0
400,0,UrOuumcZ,BaMKWhPW,3230.0
400,0,ykQYJtnJ,UrOuumcZ,3237.0
400,0,riNnsYaQ,ykQYJtnJ,3237.0
400,0,nfCzcTzh,riNnsYaQ,6544.0
930,0,ygaPVVOX,NjRgIRup,6.0
930,0,SgmzKmGa,ygaPVVOX,6.0
930,0,oaiHprKy,SgmzKmGa,7.0
930,0,EKGAgXOm,oaiHprKy,7.0
930,0,RqCzrtQl,EKGAgXOm,7.0
930,0,CfDISmMN,RqCzrtQl,7.0
930,0,CtzBEXfZ,CfDISmMN,7.0
930,0,RpAFtJSl,CtzBEXfZ,7.0
930,0,PcvuCqyL,RpAFtJSl,7.0
930,0,QOMpmplr,PcvuCqyL,7.0
930,0,HNejbQWJ,QOMpmplr,7.0
930,0,dQfoCLXo,HNejbQWJ,7.0
930,0,NJLhSMnp,dQfoCLXo,7.0
930,0,vitXJVTB,NJLhSMnp,7.0
930,0,DPEjcwqA,vitXJVTB,7.0
930,0,AKFNXFCk,DPEjcwqA,7.0
930,0,HIkBoDID,AKFNXFCk,7.0
930,0,uKNLSXwU,HIkBoDID,24.0
930,0,QpjbbNqd,uKNLSXwU,24.0
930,0,qHHrAclK,QpjbbNqd,24.0
930,0,Jrutayet,qHHrAclK,24.0
930,0,UosQUisT,Jrutayet,25.0
930,0,FQOgjaka,UosQUisT,25.0
930,0,URvEqJxF,FQOgjaka,25.0
930,0,JalqBTeK,URvEqJxF,25.0
930,0,UAwQbGIv,JalqBTeK,25.0
930,0,HyvnzuHA,UAwQbGIv,25.0
930,0,BOfkKWXd,HyvnzuHA,50.0
930,0,ftNxmWZm,BOfkKWXd,59.0
930,0,yFvgNkDl,ftNxmWZm,59.0
930,0,lDGKQeaf,yFvgNkDl,59.0
930,0,wSxpBpYI,lDGKQeaf,25.0
911,0,vitXJVTB,NJLhSMnp,667.0
911,0,DPEjcwqA,vitXJVTB,667.0
911,0,AKFNXFCk,DPEjcwqA,667.0
911,0,HIkBoDID,AKFNXFCk,671.0
911,0,FBcFacnd,HIkBoDID,679.0
911,0,URVlPKPB,FBcFacnd,679.0
911,0,vpSWiOiP,URVlPKPB,745.0
911,0,BvsSDYgP,vpSWiOiP,747.0
911,0,aCcokpIU,hTBkjNzq,390.0
911,0,IWuAfYeM,aCcokpIU,390.0
911,0,AKEMZMhk,IWuAfYeM,390.0
911,0,oXDhDxhT,AKEMZMhk,390.0
911,0,twlwLPZj,oXDhDxhT,390.0
911,0,NjRgIRup,twlwLPZj,390.0
911,0,ygaPVVOX,NjRgIRup,572.0
911,0,SgmzKmGa,ygaPVVOX,572.0
911,0,oaiHprKy,SgmzKmGa,594.0
911,0,EKGAgXOm,oaiHprKy,594.0
911,0,RqCzrtQl,EKGAgXOm,594.0
911,0,CfDISmMN,RqCzrtQl,594.0
911,0,CtzBEXfZ,CfDISmMN,622.0
911,0,RpAFtJSl,CtzBEXfZ,624.0
911,0,PcvuCqyL,RpAFtJSl,624.0
911,0,QOMpmplr,PcvuCqyL,624.0
911,0,HNejbQWJ,QOMpmplr,639.0
911,0,dQfoCLXo,HNejbQWJ,639.0
911,0,NJLhSMnp,dQfoCLXo,639.0
911,0,MyzUerZz,WlkKexEs,19.0
911,0,hTBkjNzq,MyzUerZz,305.0
911,0,KVgMjZao,BvsSDYgP,747.0
911,0,rvGAYltM,KVgMjZao,747.0
911,0,kUJgeRIS,rvGAYltM,712.0
911,0,pfeYSjby,kUJgeRIS,513.0
920,0,Vtdujofe,VKAAZZOV,2.0
920,0,edTVGmZc,Vtdujofe,2.0
920,0,iqwCaPZT,edTVGmZc,2.0
920,0,qqDoWQdv,iqwCaPZT,2.0
764,0,COEDLowM,hPReecFP,2.0
764,0,Auhwfubg,COEDLowM,2.0
764,0,MbBQjXCf,Auhwfubg,2.0
1141,0,UfJDroVz,lsFGVtlq,1307.0
1141,0,biJBLznK,UfJDroVz,1307.0
1141,0,TcsyXYNn,biJBLznK,1293.0
1141,0,qKeCDDXI,TcsyXYNn,1293.0
1141,0,YmkUpvHU,qKeCDDXI,1825.0
1141,0,GbYxEXTt,YmkUpvHU,989.0
1141,0,DOGyniWl,GbYxEXTt,458.0
1452,0,orpkgmYq,EPWXwPSq,6954.0
1099,0,KfdekYuk,lBxutteT,490.0
1099,0,qErQsNEG,KfdekYuk,490.0
1099,0,avVajdeO,qErQsNEG,490.0
1099,0,HXvpcqcH,avVajdeO,490.0
1099,0,uaUalZjh,HXvpcqcH,540.0
1099,0,tZxKeFkh,uaUalZjh,540.0
1099,0,yOopALph,tZxKeFkh,370.0
1099,0,TBShKgjD,yOopALph,197.0
1099,0,aXWsLpyQ,TBShKgjD,197.0
1099,0,MwUoGUHv,aXWsLpyQ,187.0
1099,0,lndqhzzh,MwUoGUHv,187.0
1099,0,jOvjucEC,lndqhzzh,187.0
1099,0,HbaaqMIK,jOvjucEC,187.0
1099,0,SvkqEtGw,HbaaqMIK,184.0
1099,0,DKTMYVhM,SvkqEtGw,184.0
1099,0,fXFJjsZH,DKTMYVhM,155.0
1099,0,zKpOsJgw,fXFJjsZH,155.0
1099,0,ZFSCrBEp,zKpOsJgw,155.0
1099,0,PQuXHWcA,ZFSCrBEp,151.0
1099,0,XkkxwlXm,PQuXHWcA,151.0
1099,0,tcHYhVZo,XkkxwlXm,140.0
1099,0,OUTzwMHI,tcHYhVZo,140.0
1099,0,rGYrQqGa,OUTzwMHI,128.0
1099,0,QCBPrBCl,rGYrQqGa,128.0
1099,0,wDEypHfE,QCBPrBCl,120.0
1099,0,yTNmoAGc,wDEypHfE,120.0
1099,0,meZHMfSd,yTNmoAGc,106.0
1099,0,wGTdgRcU,meZHMfSd,106.0
1099,0,cQHgTjKq,wGTdgRcU,102.0
1099,0,ruogAkOJ,cQHgTjKq,102.0
1099,0,tndfGrTh,ruogAkOJ,102.0
1099,0,OdzEGWPG,tndfGrTh,102.0
1099,0,WUWIxCFc,OdzEGWPG,98.0
1099,0,gyQqEnFq,WUWIxCFc,98.0
1099,0,DUFShJgp,nsdRxeeS,377.0
1099,0,JgwwvaMP,DUFShJgp,377.0
1099,0,lBxutteT,JgwwvaMP,377.0
1099,0,RnuEqbUH,XnIbYwkm,164.0
1099,0,iiHDFBMi,RnuEqbUH,189.0
1099,0,oERWQcSy,iiHDFBMi,189.0
1099,0,nsdRxeeS,oERWQcSy,189.0
1331,0,GtMUYUwJ,MoCDatJm,934.0
1331,0,lQIpGOTn,GtMUYUwJ,903.0
1331,0,uhUmvvRs,lQIpGOTn,903.0
1331,0,plWWPiMc,uhUmvvRs,877.0
1331,0,HcPkwFHM,plWWPiMc,825.0
1331,0,KjuJaNsu,HcPkwFHM,825.0
1331,0,oNyGHMvy,KjuJaNsu,825.0
1331,0,QdnKSSsO,oNyGHMvy,821.0
1331,0,vSdfqYeK,QdnKSSsO,786.0
1331,0,wDpyEsxh,vSdfqYeK,751.0
1331,0,jIerKxIb,wDpyEsxh,751.0
1331,0,IubGYoNi,jIerKxIb,480.0
1331,0,fmQEzQWV,IubGYoNi,479.0
1331,0,BpAiVnps,fmQEzQWV,437.0
1174,0,QEnOoljA,ARQSeSoV,1509.0
1174,0,louTHuTF,jpQxXiev,560.0
1174,0,oVtKGSMs,louTHuTF,560.0
1174,0,kekwMubZ,oVtKGSMs,558.0
1174,0,xFzHIeRy,kekwMubZ,558.0
1174,0,qnfbEQfU,xFzHIeRy,532.0
1174,0,BGiGDHMe,qnfbEQfU,570.0
1174,0,VycUzKpr,BGiGDHMe,570.0
1174,0,ZzGQqLDR,VycUzKpr,594.0
1174,0,IlgMmocA,ZzGQqLDR,594.0
1174,0,ARQSeSoV,IlgMmocA,594.0
157,0,qGKRSiRy,zLLRyPMt,59.0
157,0,PayqNnwn,qGKRSiRy,58.0
157,0,xFzHIeRy,PayqNnwn,52.0
157,0,qnfbEQfU,xFzHIeRy,52.0
157,0,BGiGDHMe,qnfbEQfU,52.0
157,0,VycUzKpr,BGiGDHMe,52.0
157,0,ZzGQqLDR,VycUzKpr,52.0
157,0,IlgMmocA,ZzGQqLDR,52.0
157,0,ARQSeSoV,IlgMmocA,52.0
157,0,QEnOoljA,ARQSeSoV,46.0
1171,0,qGKRSiRy,nPcSKLPs,212.0
1171,0,PayqNnwn,qGKRSiRy,211.0
1171,0,xFzHIeRy,PayqNnwn,198.0
1171,0,qnfbEQfU,xFzHIeRy,198.0
1171,0,BGiGDHMe,qnfbEQfU,198.0
1171,0,VycUzKpr,BGiGDHMe,198.0
1171,0,ZzGQqLDR,VycUzKpr,196.0
1171,0,IlgMmocA,ZzGQqLDR,196.0
1171,0,ARQSeSoV,IlgMmocA,196.0
1171,0,QEnOoljA,ARQSeSoV,156.0
1171,0,BdHFoOCD,LXkzXiZv,86.0
1171,0,IWPekdjH,BdHFoOCD,118.0
1171,0,nPcSKLPs,IWPekdjH,118.0
1076,0,YjKQPWoa,tUQXHMzJ,298.0
1076,0,KAhfQHTl,YjKQPWoa,298.0
1076,0,tUQXHMzJ,VPnRvCbn,335.0
541,0,xmGwLlME,oZJRchiN,98.0
541,0,KcBICYpI,xmGwLlME,98.0
541,0,XQiQvefE,KcBICYpI,98.0
541,0,eyUKPfnA,XQiQvefE,98.0
952,0,EEOGpCEL,gzTQJVMW,1625.0
952,0,OdbRrJhV,EEOGpCEL,1701.0
952,0,NSvMYbfW,OdbRrJhV,1701.0
952,0,qmRscxuH,NSvMYbfW,1701.0
952,0,zrVEttwl,qmRscxuH,766.0
952,0,KhQckqci,zrVEttwl,766.0
952,0,NkYJOxxA,KhQckqci,766.0
952,0,Phtvjmoj,NkYJOxxA,766.0
952,0,iRgZVaoH,Phtvjmoj,672.0
952,0,KbKyxild,iRgZVaoH,672.0
400,0,WQOJAyxG,KlSqKJQr,2681.0
400,0,ZcOxufIN,WQOJAyxG,2681.0
400,0,TqATzVvV,ZcOxufIN,2594.0
400,0,OTWTQCls,TqATzVvV,2528.0
400,0,MEUYJwAC,OTWTQCls,2743.0
1076,0,ZYiWVpjK,nfCzcTzh,1532.0
1076,0,qTvRhwtK,ZYiWVpjK,1520.0
1076,0,XQBvMmKm,qTvRhwtK,1520.0
1076,0,hPGLMLbU,XQBvMmKm,1099.0
1076,0,XDHbYGPc,hPGLMLbU,1375.0
1076,0,qRqIHRjS,XDHbYGPc,1375.0
1076,0,QFkvaGqn,qRqIHRjS,1368.0
1076,0,NxijJQZJ,QFkvaGqn,1368.0
1076,0,zWZbZUaa,NxijJQZJ,1347.0
1076,0,rYcBAOGh,Hjpeultj,932.0
1076,0,QHfelpAR,rYcBAOGh,906.0
1076,0,RapSzmXO,QHfelpAR,906.0
1076,0,euDckIMa,RapSzmXO,725.0
1076,0,lodnRGFY,euDckIMa,725.0
1076,0,lCGwWknx,lodnRGFY,725.0
1076,0,tZcBjHOF,lCGwWknx,725.0
1076,0,VfuMcuJJ,tZcBjHOF,725.0
1076,0,lnzZDlDL,VfuMcuJJ,725.0
1076,0,AlpXiRiW,lnzZDlDL,611.0
1076,0,TEpDjcLc,AlpXiRiW,382.0
1076,0,PORiPCGC,TEpDjcLc,382.0
1076,0,VPnRvCbn,PORiPCGC,382.0
463,0,qflzswAf,WIZPpGvl,7127.0
1029,0,tBPmVbcK,qflzswAf,7565.0
1076,0,WyfCQhSW,ogOCBKAf,705.0
1076,0,erxKyHjj,WyfCQhSW,742.0
1076,0,KjiBWoqR,erxKyHjj,742.0
1076,0,bYNwHuWo,KjiBWoqR,742.0
1076,0,MFfExqBx,bYNwHuWo,846.0
1076,0,qWvzRbGV,MFfExqBx,846.0
1076,0,PRzaSxQc,qWvzRbGV,846.0
1076,0,bfKiOFsS,PRzaSxQc,846.0
1076,0,eGbCulMV,bfKiOFsS,846.0
1076,0,CRVKBFrv,eGbCulMV,846.0
1076,0,zjOknQHK,CRVKBFrv,911.0
1076,0,FrKNovDQ,zjOknQHK,911.0
1076,0,nfCzcTzh,FrKNovDQ,911.0
1072,0,eypuAxqa,ORrZduNE,1708.0
1072,0,DSVnhmbs,eypuAxqa,1709.0
1072,0,hCKRONaA,DSVnhmbs,1309.0
1072,0,TGKbjQzH,hCKRONaA,1309.0
1072,0,RoreEsYU,TGKbjQzH,1309.0
1072,0,AlpXiRiW,RoreEsYU,1078.0
535,0,uzcbLUNR,GOFbtMrp,438.0
535,0,zezeKItL,uzcbLUNR,438.0
535,0,VpHOqNar,zezeKItL,438.0
535,0,vDTAjOOR,VpHOqNar,438.0
535,0,UDUmRzWP,vDTAjOOR,418.0
535,0,kVWwehGs,UDUmRzWP,418.0
535,0,ixhHdGBo,kVWwehGs,418.0
565,0,LDSuadxM,OhBAPvsb,294.0
1119,0,xuEvBBdE,vCGIyJLJ,11.0
1119,0,rAizOLWV,xuEvBBdE,11.0
1119,0,JdZarNsv,rAizOLWV,11.0
1119,0,NmilzqZp,JdZarNsv,11.0
1119,0,TCMQvOqy,NmilzqZp,11.0
856,0,sWtYImJU,oKUAvFAb,159.0
856,0,momDhuqe,sWtYImJU,159.0
1075,0,sWtYImJU,oKUAvFAb,248.0
1075,0,momDhuqe,sWtYImJU,248.0
1119,0,FHCcBeVW,KvSvcvIL,56.0
1119,0,foRSymXv,FHCcBeVW,56.0
922,0,FHCcBeVW,KvSvcvIL,596.0
922,0,foRSymXv,FHCcBeVW,596.0
1119,0,IKnBBuIf,foRSymXv,32.0
922,0,IKnBBuIf,foRSymXv,573.0
135,0,ZIzswYos,lyJEgbqI,25.0
135,0,SiNHgyIy,ZIzswYos,37.0
135,0,kUNGxXZI,SiNHgyIy,360.0
135,0,nVkihPOJ,kUNGxXZI,360.0
135,0,YvwuVYMF,nVkihPOJ,360.0
135,0,vDFCntfg,YvwuVYMF,109.0
135,0,iEKDTvNf,vDFCntfg,109.0
135,0,MyGqmywG,iEKDTvNf,109.0
135,0,NxbXiMUL,MyGqmywG,108.0
135,0,XLVjRryq,NxbXiMUL,101.0
135,0,gzTQJVMW,XLVjRryq,101.0
135,0,BLvXEzeq,gzTQJVMW,70.0
135,0,KgwKZlse,BLvXEzeq,69.0
135,0,AoRkaUmb,KgwKZlse,69.0
135,0,ALhaazBT,AoRkaUmb,69.0
135,0,YqlTLIQa,ALhaazBT,56.0
135,0,AUmOMGnp,YqlTLIQa,56.0
135,0,XFPAZveS,AUmOMGnp,55.0
135,0,ojqTFFWy,XFPAZveS,40.0
856,0,zPQeyVVD,momDhuqe,147.0
1075,0,zPQeyVVD,momDhuqe,265.0
925,0,DJxHBCmY,HyvnzuHA,20.0
925,0,UUpfieFN,DJxHBCmY,20.0
925,0,XHBoVocK,UUpfieFN,20.0
925,0,TWTKfAgl,XHBoVocK,20.0
925,0,BhcHYWlb,TWTKfAgl,23.0
925,0,xKeFZTyD,BhcHYWlb,37.0
925,0,uKNLSXwU,HIkBoDID,5.0
925,0,QpjbbNqd,uKNLSXwU,5.0
925,0,qHHrAclK,QpjbbNqd,5.0
925,0,Jrutayet,qHHrAclK,5.0
925,0,UosQUisT,Jrutayet,5.0
925,0,FQOgjaka,UosQUisT,5.0
925,0,URvEqJxF,FQOgjaka,5.0
925,0,JalqBTeK,URvEqJxF,5.0
925,0,UAwQbGIv,JalqBTeK,5.0
925,0,HyvnzuHA,UAwQbGIv,5.0
1083,0,honleovC,JGCJnIWw,1503.0
1083,0,pqZYMbGr,honleovC,1544.0
1085,0,zMSEqitx,EllpaOUu,958.0
1085,0,AnlrdaBb,zMSEqitx,958.0
1085,0,yQmtaWgt,AnlrdaBb,950.0
331,0,MjoEniNM,UyZpITbv,250.0
331,0,hqxwmRzJ,MjoEniNM,987.0
331,0,DKWSfiEo,hqxwmRzJ,466.0
331,0,hCpAddaw,DKWSfiEo,166.0
331,0,cThdGxLv,hCpAddaw,166.0
331,0,dAxtDTje,cThdGxLv,166.0
331,0,aunBMooM,dAxtDTje,166.0
331,0,kiTgZeoH,aunBMooM,166.0
331,0,eLmJkuZC,kiTgZeoH,166.0
331,0,UgzfanVk,eLmJkuZC,166.0
1083,0,krjqWYyL,zBmTBInm,1426.0
1083,0,tSXpsDyV,krjqWYyL,1426.0
1083,0,IbLBdCXD,tSXpsDyV,1426.0
1083,0,JGCJnIWw,IbLBdCXD,1426.0
1040,0,SRJkWTfK,zAhquueS,784.0
1040,0,krjqWYyL,SRJkWTfK,453.0
1040,0,tSXpsDyV,krjqWYyL,453.0
1040,0,IbLBdCXD,tSXpsDyV,453.0
1040,0,JGCJnIWw,IbLBdCXD,453.0
1040,0,honleovC,JGCJnIWw,399.0
1040,0,pqZYMbGr,honleovC,399.0
1040,0,jobllKUJ,pqZYMbGr,378.0
1040,0,cKlxsEIa,jobllKUJ,378.0
1040,0,POeaLshN,cKlxsEIa,378.0
1040,0,nvtqczOj,POeaLshN,378.0
1040,0,FdzHSswJ,nvtqczOj,333.0
1040,0,qmRscxuH,FdzHSswJ,329.0
1040,0,zrVEttwl,qmRscxuH,322.0
1040,0,KhQckqci,zrVEttwl,322.0
1040,0,NkYJOxxA,KhQckqci,322.0
1040,0,Phtvjmoj,NkYJOxxA,322.0
1040,0,iRgZVaoH,Phtvjmoj,316.0
1040,0,KbKyxild,iRgZVaoH,316.0
1040,0,WzJZybAt,KbKyxild,312.0
1040,0,wBZvskGC,WzJZybAt,283.0
1040,0,pHbSfQWg,wBZvskGC,252.0
1040,0,hlYcHDiv,pHbSfQWg,252.0
1040,0,ZUUFaTkv,hlYcHDiv,252.0
1040,0,jgCiOeaN,ZUUFaTkv,252.0
1040,0,TikfrWrm,jgCiOeaN,252.0
1040,0,RabBrvbh,TikfrWrm,252.0
1040,0,yAsGVYQM,RabBrvbh,252.0
1040,0,XFPAZveS,yAsGVYQM,167.0
1040,0,ejMjPdTH,XFPAZveS,167.0
1040,0,oVvGCedi,EBDfudXo,709.0
1040,0,zAhquueS,oVvGCedi,709.0
1040,0,LHNTbQin,TUZfegir,672.0
1040,0,EBDfudXo,LHNTbQin,672.0
1040,0,KjUtPMMe,ZsxHmovG,605.0
1040,0,JGmgdpWx,KjUtPMMe,605.0
1040,0,WsxoHomq,JGmgdpWx,605.0
1040,0,VgroZBKv,WsxoHomq,580.0
1040,0,TUZfegir,VgroZBKv,580.0
1040,0,XeNLTPEj,MvGjEBBL,564.0
1040,0,PzIXuqgO,XeNLTPEj,564.0
1040,0,ZsxHmovG,PzIXuqgO,564.0
922,0,qNguppPl,IKnBBuIf,453.0
922,0,ypDcaLvL,qNguppPl,453.0
922,0,gLfGMIXr,ypDcaLvL,453.0
922,0,CPLwMSlA,gLfGMIXr,453.0
922,0,cefvQkVf,CPLwMSlA,453.0
120,0,ygaPVVOX,NjRgIRup,3.0
120,0,SgmzKmGa,ygaPVVOX,3.0
120,0,oaiHprKy,SgmzKmGa,3.0
120,0,EKGAgXOm,oaiHprKy,3.0
120,0,RqCzrtQl,EKGAgXOm,3.0
120,0,CfDISmMN,RqCzrtQl,3.0
120,0,RpAFtJSl,CfDISmMN,3.0
120,0,PcvuCqyL,RpAFtJSl,3.0
120,0,ItWJsmqN,PcvuCqyL,3.0
120,0,QOMpmplr,ItWJsmqN,3.0
120,0,HNejbQWJ,QOMpmplr,3.0
120,0,dQfoCLXo,HNejbQWJ,3.0
120,0,NJLhSMnp,dQfoCLXo,3.0
120,0,vitXJVTB,NJLhSMnp,3.0
120,0,DPEjcwqA,vitXJVTB,3.0
120,0,AKFNXFCk,DPEjcwqA,3.0
120,0,HIkBoDID,AKFNXFCk,3.0
120,0,FBcFacnd,HIkBoDID,3.0
120,0,vpSWiOiP,FBcFacnd,3.0
120,0,vhEQWrWH,vpSWiOiP,5.0
539,0,SwLVnWPq,ZijVddwt,12.0
539,0,xGsoSfhX,SwLVnWPq,11.0
120,0,TCqyxHhF,AszcEtOu,1.0
120,0,TcEVvOUM,TCqyxHhF,1.0
120,0,qGnNRXVR,TcEVvOUM,1.0
120,0,ouPwTbuD,qGnNRXVR,1.0
120,0,MwLdaJul,ouPwTbuD,1.0
120,0,QUMnpJQp,MwLdaJul,1.0
120,0,FyIjwLBj,QUMnpJQp,1.0
120,0,vXPGJwVk,FyIjwLBj,1.0
120,0,qzuHypgA,vXPGJwVk,1.0
120,0,KCMgfriT,qzuHypgA,1.0
120,0,hVMLOzME,KCMgfriT,1.0
120,0,TDvESTZN,hVMLOzME,1.0
120,0,WlkKexEs,TDvESTZN,1.0
120,0,MyzUerZz,WlkKexEs,1.0
120,0,hTBkjNzq,MyzUerZz,1.0
120,0,aCcokpIU,hTBkjNzq,1.0
120,0,IWuAfYeM,aCcokpIU,1.0
120,0,AKEMZMhk,IWuAfYeM,1.0
120,0,oXDhDxhT,AKEMZMhk,1.0
120,0,twlwLPZj,oXDhDxhT,1.0
120,0,NjRgIRup,twlwLPZj,1.0
1119,0,qNguppPl,IKnBBuIf,30.0
1119,0,ypDcaLvL,qNguppPl,30.0
1119,0,gLfGMIXr,ypDcaLvL,30.0
1119,0,CPLwMSlA,gLfGMIXr,30.0
1119,0,cefvQkVf,CPLwMSlA,30.0
1119,0,TJeJnSDd,cefvQkVf,30.0
1119,0,bbaQRYSI,JvVxAKet,5.0
1119,0,lDHqxCQW,bbaQRYSI,5.0
1119,0,qGgPbtbT,lDHqxCQW,5.0
1119,0,VQfPRvUw,qGgPbtbT,5.0
1119,0,VCGhveHG,VQfPRvUw,5.0
1119,0,WQdyWhSR,VCGhveHG,5.0
1119,0,vCGIyJLJ,WQdyWhSR,5.0
922,0,TJeJnSDd,cefvQkVf,442.0
765,0,ygaPVVOX,NjRgIRup,53.0
765,0,SgmzKmGa,ygaPVVOX,53.0
765,0,oaiHprKy,SgmzKmGa,53.0
765,0,EKGAgXOm,oaiHprKy,53.0
765,0,RqCzrtQl,EKGAgXOm,53.0
765,0,CfDISmMN,RqCzrtQl,53.0
765,0,CtzBEXfZ,CfDISmMN,53.0
765,0,RpAFtJSl,CtzBEXfZ,53.0
765,0,PcvuCqyL,RpAFtJSl,53.0
765,0,QOMpmplr,PcvuCqyL,53.0
765,0,HNejbQWJ,QOMpmplr,53.0
765,0,dQfoCLXo,HNejbQWJ,53.0
765,0,NJLhSMnp,dQfoCLXo,53.0
765,0,vitXJVTB,NJLhSMnp,58.0
765,0,DPEjcwqA,vitXJVTB,58.0
765,0,AKFNXFCk,DPEjcwqA,58.0
765,0,HIkBoDID,AKFNXFCk,60.0
765,0,FBcFacnd,HIkBoDID,60.0
765,0,URVlPKPB,FBcFacnd,60.0
765,0,vpSWiOiP,URVlPKPB,71.0
765,0,BvsSDYgP,vpSWiOiP,71.0
765,0,KVgMjZao,BvsSDYgP,71.0
765,0,rvGAYltM,KVgMjZao,71.0
765,0,kUJgeRIS,rvGAYltM,71.0
765,0,JzyLKajw,kUJgeRIS,93.0
925,0,ExMxhtei,xKeFZTyD,32.0
925,0,FDJgmOaw,ExMxhtei,32.0
925,0,xzbcUqWQ,FDJgmOaw,23.0
925,0,ygaPVVOX,NjRgIRup,2.0
925,0,SgmzKmGa,ygaPVVOX,2.0
925,0,oaiHprKy,SgmzKmGa,2.0
925,0,EKGAgXOm,oaiHprKy,2.0
925,0,RqCzrtQl,EKGAgXOm,2.0
925,0,CfDISmMN,RqCzrtQl,2.0
925,0,CtzBEXfZ,CfDISmMN,2.0
925,0,RpAFtJSl,CtzBEXfZ,2.0
925,0,PcvuCqyL,RpAFtJSl,2.0
925,0,QOMpmplr,PcvuCqyL,2.0
925,0,HNejbQWJ,QOMpmplr,2.0
925,0,dQfoCLXo,HNejbQWJ,3.0
925,0,NJLhSMnp,dQfoCLXo,3.0
925,0,vitXJVTB,NJLhSMnp,3.0
925,0,DPEjcwqA,vitXJVTB,3.0
925,0,AKFNXFCk,DPEjcwqA,3.0
925,0,HIkBoDID,AKFNXFCk,3.0
911,0,kaZSJtsS,pfeYSjby,282.0
911,0,DBpmioGn,kaZSJtsS,282.0
911,0,KKHFrKGl,DBpmioGn,282.0
913,0,mEqtlIiP,jZLvbydT,210.0
913,0,pNfwvVoI,mEqtlIiP,210.0
913,0,sqkVVOFh,pNfwvVoI,210.0
916,0,gcglUzpd,KzAuSOOh,13.0
916,0,VNhVtVFP,gcglUzpd,13.0
914,0,YfFNBzii,KKHFrKGl,381.0
914,0,SAoMIbAp,YfFNBzii,381.0
914,0,BUhYynpm,SAoMIbAp,306.0
914,0,iBcazcLz,BUhYynpm,306.0
914,0,anlBxctW,iBcazcLz,306.0
914,0,vPtmXBsW,anlBxctW,306.0
914,0,JOrMMBVL,vPtmXBsW,301.0
914,0,QOMpmplr,PcvuCqyL,233.0
914,0,HNejbQWJ,QOMpmplr,233.0
914,0,dQfoCLXo,HNejbQWJ,233.0
914,0,NJLhSMnp,dQfoCLXo,233.0
914,0,vitXJVTB,NJLhSMnp,233.0
914,0,DPEjcwqA,vitXJVTB,233.0
914,0,AKFNXFCk,DPEjcwqA,233.0
914,0,HIkBoDID,AKFNXFCk,233.0
914,0,FBcFacnd,HIkBoDID,326.0
914,0,URVlPKPB,FBcFacnd,326.0
914,0,vpSWiOiP,URVlPKPB,356.0
914,0,BvsSDYgP,vpSWiOiP,356.0
914,0,KVgMjZao,BvsSDYgP,356.0
914,0,rvGAYltM,KVgMjZao,356.0
914,0,kUJgeRIS,rvGAYltM,356.0
914,0,pfeYSjby,kUJgeRIS,363.0
914,0,kaZSJtsS,pfeYSjby,363.0
914,0,DBpmioGn,kaZSJtsS,363.0
914,0,KKHFrKGl,DBpmioGn,363.0
914,0,hTBkjNzq,MyzUerZz,7.0
914,0,aCcokpIU,hTBkjNzq,194.0
914,0,IWuAfYeM,aCcokpIU,194.0
914,0,AKEMZMhk,IWuAfYeM,194.0
914,0,oXDhDxhT,AKEMZMhk,194.0
914,0,twlwLPZj,oXDhDxhT,194.0
914,0,NjRgIRup,twlwLPZj,194.0
914,0,ygaPVVOX,NjRgIRup,230.0
914,0,SgmzKmGa,ygaPVVOX,230.0
914,0,oaiHprKy,SgmzKmGa,230.0
914,0,EKGAgXOm,oaiHprKy,230.0
914,0,RqCzrtQl,EKGAgXOm,230.0
914,0,CfDISmMN,RqCzrtQl,230.0
914,0,CtzBEXfZ,CfDISmMN,231.0
914,0,RpAFtJSl,CtzBEXfZ,231.0
914,0,PcvuCqyL,RpAFtJSl,231.0
932,0,nGUGLxPd,FZfLSowG,1143.0
932,0,hZwGajtf,nGUGLxPd,1525.0
932,0,zuhYkREh,hZwGajtf,1525.0
932,0,XFpFKXXh,zuhYkREh,1523.0
932,0,LOVJkcJs,XFpFKXXh,1839.0
932,0,BWOvyAui,LOVJkcJs,1839.0
932,0,jWegLIVv,BWOvyAui,1839.0
932,0,fNriHNfS,jWegLIVv,1838.0
932,0,lzHXrFnu,fNriHNfS,1531.0
932,0,DMAMxgNC,lzHXrFnu,1509.0
914,0,vRiXTWTq,JOrMMBVL,300.0
914,0,NUggIFcT,vRiXTWTq,300.0
914,0,ybeqLsHP,NUggIFcT,300.0
914,0,hCunccId,ybeqLsHP,300.0
914,0,bYiZlZfK,hCunccId,300.0
914,0,hGZrWSlb,bYiZlZfK,294.0
914,0,eWFmnMeJ,hGZrWSlb,285.0
914,0,APAIrxcy,eWFmnMeJ,279.0
914,0,kJHtAChU,APAIrxcy,279.0
914,0,WPLDPMYV,kJHtAChU,279.0
914,0,QJqMQbqf,WPLDPMYV,275.0
914,0,qgftSein,QJqMQbqf,186.0
914,0,umyCwwah,qgftSein,184.0
914,0,umudVILy,umyCwwah,184.0
765,0,iPmhSqDk,JzyLKajw,85.0
765,0,ZVTOmRdq,iPmhSqDk,85.0
765,0,vjFpNILE,ZVTOmRdq,85.0
765,0,QMycpMQA,vjFpNILE,85.0
765,0,goEFDDka,QMycpMQA,85.0
765,0,gzdfrKuT,goEFDDka,85.0
765,0,QpdZiknK,gzdfrKuT,85.0
765,0,tVSOiuPz,QpdZiknK,41.0
1117,0,ygaPVVOX,NjRgIRup,13.0
1117,0,SgmzKmGa,ygaPVVOX,13.0
1117,0,EKGAgXOm,SgmzKmGa,13.0
1117,0,CfDISmMN,EKGAgXOm,13.0
1117,0,PcvuCqyL,CfDISmMN,15.0
1117,0,QOMpmplr,PcvuCqyL,15.0
1117,0,HNejbQWJ,QOMpmplr,15.0
1117,0,lyEtzViy,HNejbQWJ,15.0
1117,0,uVrlMgNx,lyEtzViy,15.0
1117,0,GhOGJPtU,uVrlMgNx,18.0
1117,0,WOuDNhbw,GhOGJPtU,18.0
1117,0,CYkmgDbv,WOuDNhbw,18.0
1117,0,eypuAxqa,CYkmgDbv,18.0
1117,0,DSVnhmbs,eypuAxqa,18.0
1117,0,hCKRONaA,DSVnhmbs,19.0
1117,0,TGKbjQzH,hCKRONaA,19.0
1117,0,RoreEsYU,TGKbjQzH,19.0
1117,0,AlpXiRiW,RoreEsYU,19.0
1117,0,btFKFkYA,AlpXiRiW,32.0
1117,0,jLrhssle,btFKFkYA,32.0
1117,0,FvRFCvLd,jLrhssle,32.0
1117,0,tkjaIDXe,FvRFCvLd,32.0
1117,0,yhVlWvFp,tkjaIDXe,32.0
1117,0,PAhNkZlS,yhVlWvFp,32.0
1117,0,CxiOJZtJ,PAhNkZlS,32.0
856,0,UrJBvWGq,zPQeyVVD,137.0
856,0,thxCXWVL,UrJBvWGq,137.0
856,0,AlpXiRiW,thxCXWVL,137.0
400,0,zZZsLLct,ojqTFFWy,326.0
400,0,nIbIRswk,zZZsLLct,328.0
400,0,YfaruHLV,nIbIRswk,1371.0
400,0,XpaxRhYo,YfaruHLV,1371.0
400,0,qYsYtTjJ,XpaxRhYo,1440.0
400,0,KlSqKJQr,qYsYtTjJ,1527.0
915,0,zHlMZSZh,KKHFrKGl,158.0
915,0,YfFNBzii,zHlMZSZh,158.0
915,0,amcUazui,YfFNBzii,158.0
915,0,XOGHqVzK,amcUazui,158.0
915,0,uPxuFxvo,XOGHqVzK,158.0
915,0,aUXvtKAd,uPxuFxvo,158.0
915,0,vitXJVTB,NJLhSMnp,121.0
915,0,DPEjcwqA,vitXJVTB,121.0
915,0,AKFNXFCk,DPEjcwqA,121.0
915,0,HIkBoDID,AKFNXFCk,121.0
915,0,FBcFacnd,HIkBoDID,139.0
915,0,URVlPKPB,FBcFacnd,139.0
915,0,vpSWiOiP,URVlPKPB,139.0
915,0,BvsSDYgP,vpSWiOiP,139.0
915,0,KVgMjZao,BvsSDYgP,139.0
915,0,rvGAYltM,KVgMjZao,139.0
915,0,pfeYSjby,rvGAYltM,139.0
915,0,kaZSJtsS,pfeYSjby,139.0
915,0,DBpmioGn,kaZSJtsS,139.0
915,0,KKHFrKGl,DBpmioGn,139.0
915,0,ygaPVVOX,NjRgIRup,104.0
915,0,SgmzKmGa,ygaPVVOX,118.0
915,0,oaiHprKy,SgmzKmGa,118.0
915,0,EKGAgXOm,oaiHprKy,118.0
915,0,RqCzrtQl,EKGAgXOm,118.0
915,0,CfDISmMN,RqCzrtQl,118.0
915,0,CtzBEXfZ,CfDISmMN,118.0
915,0,RpAFtJSl,CtzBEXfZ,118.0
915,0,PcvuCqyL,RpAFtJSl,118.0
915,0,QOMpmplr,PcvuCqyL,118.0
915,0,HNejbQWJ,QOMpmplr,118.0
915,0,dQfoCLXo,HNejbQWJ,118.0
915,0,NJLhSMnp,dQfoCLXo,118.0
915,0,bWARUqJw,aUXvtKAd,150.0
915,0,YRAoXeLc,bWARUqJw,142.0
915,0,QBEEvEfk,YRAoXeLc,140.0
915,0,wUNonIvB,QBEEvEfk,140.0
915,0,ADLjcXqa,wUNonIvB,141.0
915,0,TfcuZRGs,ADLjcXqa,141.0
915,0,wCBeePzy,TfcuZRGs,134.0
915,0,xaFIWdbd,wCBeePzy,134.0
915,0,FqqChBVj,xaFIWdbd,134.0
915,0,DdnncojU,FqqChBVj,134.0
915,0,JFAOdLlH,DdnncojU,134.0
915,0,hOuYlHPh,JFAOdLlH,44.0
915,0,LSLEHghp,hOuYlHPh,35.0
915,0,sTCaNKUj,LSLEHghp,35.0
915,0,ZKALZXGO,sTCaNKUj,35.0
915,0,tsbSHhIt,ZKALZXGO,31.0
1341,0,vkwWhgCe,VXiNciom,114.0
1341,0,pkhwWQVf,vkwWhgCe,145.0
1341,0,JxFLnqJu,pkhwWQVf,145.0
1341,0,GDiQpvtB,JxFLnqJu,145.0
1341,0,fGmFhgnx,GDiQpvtB,145.0
915,0,gFnNTJRr,tsbSHhIt,16.0
915,0,rDrqCYRb,gFnNTJRr,16.0
1072,0,ORrZduNE,CYkmgDbv,1655.0
1568,0,vxTQjZcJ,UgzfanVk,300.0
932,0,xAcbGwmk,woHRqfeu,70.0
932,0,PpqbXLrX,xAcbGwmk,70.0
765,0,CxOOaXfM,tVSOiuPz,7.0
765,0,OZlUZuJc,CxOOaXfM,7.0
765,0,bPGbdmLB,OZlUZuJc,7.0
765,0,YlKnpIom,bPGbdmLB,3.0
765,0,iyqZxomb,YlKnpIom,3.0
765,0,rAXDXBKw,iyqZxomb,3.0
952,0,gzTQJVMW,RVEyrwjR,718.0
34,0,CKldDLYq,EkWBPXmr,6477.0
34,0,tjYcJLRB,CKldDLYq,6536.0
34,0,iYMJvRAf,tjYcJLRB,6124.0
1244,0,ubZrQMid,vfdAIPGv,3934.0
1244,0,gBkmsEyR,ubZrQMid,3934.0
1244,0,hysxdiTF,gBkmsEyR,3134.0
1244,0,iYMJvRAf,hysxdiTF,3134.0
474,0,LPQBwisp,wOZIcmuB,1619.0
474,0,dpOKQcMh,LPQBwisp,1619.0
474,0,jLJTMrwU,dpOKQcMh,1732.0
474,0,LdWodgsw,jLJTMrwU,1732.0
212,0,tSUFrefk,ZMeqpjWv,390.0
212,0,FqxCUuHX,tSUFrefk,423.0
212,0,kGGyYXze,FqxCUuHX,698.0
212,0,aiNWVRbc,kGGyYXze,698.0
212,0,djOWqAVW,aiNWVRbc,698.0
212,0,LdWodgsw,djOWqAVW,698.0
212,0,iWFLhsvE,LdWodgsw,409.0
212,0,qFzqwYZZ,iWFLhsvE,234.0
212,0,gaLZwYvS,qFzqwYZZ,232.0
212,0,XypZkLUe,gaLZwYvS,5.0
212,0,drmArhka,XypZkLUe,5.0
426,0,DUgAaGlT,FJDNPLrp,753.0
426,0,ppabfQGz,DUgAaGlT,310.0
426,0,MBTcSIip,ppabfQGz,290.0
426,0,qFzqwYZZ,MBTcSIip,247.0
426,0,gaLZwYvS,qFzqwYZZ,66.0
426,0,XypZkLUe,gaLZwYvS,58.0
426,0,drmArhka,XypZkLUe,58.0
426,0,HYfXIyFk,YmDpkIHQ,858.0
426,0,oQvXmJfL,HYfXIyFk,849.0
426,0,yayPNqiY,oQvXmJfL,752.0
426,0,FJDNPLrp,yayPNqiY,752.0
426,0,faYOimYm,EZnTnoxs,1107.0
426,0,nObXmJzU,faYOimYm,1111.0
426,0,YmDpkIHQ,nObXmJzU,1093.0
426,0,aaOdCJPr,ezbmnBKa,1246.0
426,0,EZnTnoxs,aaOdCJPr,1258.0
426,0,FBwCHGmG,mLBQtksd,2069.0
426,0,ezbmnBKa,FBwCHGmG,2069.0
426,0,gzTQJVMW,RVEyrwjR,338.0
426,0,FZsFzszJ,gzTQJVMW,357.0
426,0,AoRkaUmb,FZsFzszJ,361.0
426,0,ALhaazBT,AoRkaUmb,361.0
426,0,AUmOMGnp,ALhaazBT,382.0
426,0,XFPAZveS,AUmOMGnp,392.0
426,0,eaNsVWDR,XFPAZveS,829.0
426,0,hpACGGyB,eaNsVWDR,829.0
426,0,ywuGpANM,hpACGGyB,884.0
426,0,BZCtSmhk,ywuGpANM,1177.0
426,0,VkcYQwTj,BZCtSmhk,1177.0
426,0,jFRqfnFl,VkcYQwTj,1307.0
426,0,ysSWNERo,jFRqfnFl,1308.0
426,0,lQIpGOTn,ysSWNERo,1345.0
426,0,uhUmvvRs,lQIpGOTn,1345.0
426,0,GgLRqpEG,uhUmvvRs,1345.0
426,0,WFZVQzrl,GgLRqpEG,1345.0
426,0,QDIpIlEK,WFZVQzrl,1414.0
426,0,IESGsZGI,QDIpIlEK,2165.0
426,0,mLBQtksd,IESGsZGI,2165.0
460,0,nPkrzCty,UgpyjFML,1555.0
460,0,OPXtWBVk,nPkrzCty,1631.0
460,0,SvGtXrYj,OPXtWBVk,1784.0
460,0,STSGJiIu,SvGtXrYj,1724.0
460,0,buAeVenh,STSGJiIu,1477.0
460,0,ARTSSefO,buAeVenh,1477.0
460,0,nGRNUPgX,ARTSSefO,1517.0
460,0,cPCRxZjy,nGRNUPgX,1457.0
460,0,klenweCZ,cPCRxZjy,2124.0
460,0,wdBsZaVr,klenweCZ,1440.0
460,0,FXEtzSuC,wdBsZaVr,1460.0
460,0,ppabfQGz,FXEtzSuC,1405.0
727,0,WFZVQzrl,bOiSLYGO,297.0
727,0,GiONHkbf,WFZVQzrl,333.0
727,0,QDIpIlEK,GiONHkbf,333.0
727,0,GpnhEWuy,QDIpIlEK,1257.0
727,0,rRGVruPM,GpnhEWuy,1257.0
727,0,mLBQtksd,rRGVruPM,1265.0
460,0,YctaenCe,jcExlqwL,1234.0
460,0,tzYrVhKO,YctaenCe,1234.0
460,0,UgpyjFML,tzYrVhKO,1211.0
685,0,QncWjmnC,LBOtcvsG,1238.0
685,0,ERcEoUXY,QncWjmnC,1238.0
685,0,qKDzyFqg,ERcEoUXY,1302.0
685,0,uKbbRztG,qKDzyFqg,1281.0
685,0,cEOIeJTR,uKbbRztG,2094.0
574,0,fuApzGaS,KwaxxmSs,362.0
574,0,NQaaFyOm,fuApzGaS,181.0
574,0,oeGMQkdJ,NQaaFyOm,181.0
574,0,vkAUVqtk,oeGMQkdJ,172.0
482,0,duRJdiSr,qdrjbHYS,4136.0
482,0,uBFbbvHN,duRJdiSr,4136.0
482,0,YjUiSglA,uBFbbvHN,4136.0
482,0,xPaGbpFW,YjUiSglA,4136.0
482,0,LJLjKFnn,xPaGbpFW,4133.0
482,0,gzZgDndk,LJLjKFnn,4133.0
482,0,NQaaFyOm,gzZgDndk,2503.0
482,0,oeGMQkdJ,NQaaFyOm,549.0
482,0,vkAUVqtk,oeGMQkdJ,328.0
419,0,QHFmFyLR,EkWBPXmr,7821.0
419,0,neNWquOh,QHFmFyLR,7839.0
419,0,KwaxxmSs,neNWquOh,7927.0
419,0,gzZgDndk,KwaxxmSs,8133.0
419,0,NQaaFyOm,gzZgDndk,10062.0
419,0,iPNesxKP,NQaaFyOm,10224.0
572,0,fOfcyQgJ,iWoOHVbT,2480.0
572,0,YXOKWXAw,fOfcyQgJ,2475.0
572,0,gzZgDndk,YXOKWXAw,2475.0
572,0,NQaaFyOm,gzZgDndk,237.0
572,0,iPNesxKP,NQaaFyOm,249.0
616,0,GigUVtty,mVhkAqwx,676.0
616,0,xQpNdvvD,GigUVtty,664.0
616,0,VuxSFkGj,xQpNdvvD,664.0
616,0,SQUoXVXU,VuxSFkGj,675.0
616,0,tZiWmgTn,SQUoXVXU,675.0
616,0,TJGhHrvm,tZiWmgTn,691.0
616,0,NQaaFyOm,yhXmuUeN,1501.0
616,0,iPNesxKP,NQaaFyOm,297.0
321,0,zavSPsgu,YjHuxjDZ,198.0
321,0,UrQlyWkl,zavSPsgu,196.0
321,0,WqMESkMM,UrQlyWkl,117.0
321,0,TKmnSMXw,WqMESkMM,117.0
321,0,zAVZRYih,TKmnSMXw,117.0
474,0,JgaAcZvO,HrNWphPZ,1020.0
474,0,oFGeBzfg,JgaAcZvO,1020.0
474,0,fUdtRFJM,oFGeBzfg,1020.0
474,0,UrQlyWkl,fUdtRFJM,1015.0
474,0,WqMESkMM,UrQlyWkl,1674.0
474,0,TKmnSMXw,WqMESkMM,1674.0
474,0,zAVZRYih,TKmnSMXw,1674.0
474,0,AszcEtOu,BpAiVnps,464.0
474,0,ufvngNip,AszcEtOu,512.0
474,0,ybjkPLXB,ufvngNip,512.0
474,0,IOcMwGKn,ybjkPLXB,553.0
474,0,hCxxcqWU,IOcMwGKn,711.0
474,0,gUXxyAlR,hCxxcqWU,725.0
474,0,cEOIeJTR,gUXxyAlR,725.0
474,0,bWAbaUPC,cEOIeJTR,1386.0
474,0,HrNWphPZ,bWAbaUPC,1943.0
321,0,XGxJlapP,IdWZOznf,240.0
321,0,YjHuxjDZ,XGxJlapP,240.0
1255,0,lmZJehpq,EmkugZPX,3636.0
1255,0,tDDddUJb,lmZJehpq,3369.0
1255,0,RVGhYAxc,tDDddUJb,1957.0
1340,0,PhjcDdmq,ogOCBKAf,5085.0
1340,0,bHagonKv,PhjcDdmq,5096.0
1340,0,XiLvnZTk,bHagonKv,5103.0
1340,0,FStgRiBS,XiLvnZTk,5122.0
1340,0,GkYZbgqg,FStgRiBS,5122.0
1340,0,wFSILCzc,GkYZbgqg,5122.0
1340,0,yQQuLFAg,wFSILCzc,5313.0
1340,0,rckblBTM,yQQuLFAg,8364.0
1340,0,fGmFhgnx,rckblBTM,8159.0
1340,0,XyHfgUxW,fGmFhgnx,8354.0
1340,0,zjjLSYAp,XyHfgUxW,8430.0
1340,0,nIakFMcq,zjjLSYAp,8395.0
1340,0,yAgyFeHo,nIakFMcq,4661.0
1340,0,QdWOxWia,yAgyFeHo,4004.0
1340,0,gViLrCgA,QdWOxWia,3983.0
1340,0,cCSIoIah,gViLrCgA,3715.0
1340,0,DLdtTvFi,cCSIoIah,3715.0
1340,0,vRWSdFEN,DLdtTvFi,3672.0
1340,0,tDDddUJb,vRWSdFEN,3568.0
1340,0,RVGhYAxc,tDDddUJb,3568.0
34,0,KplKuAnp,iYMJvRAf,4733.0
34,0,pSVDMeCH,KplKuAnp,4733.0
524,0,YjUiSglA,uBFbbvHN,6823.0
524,0,xPaGbpFW,YjUiSglA,6823.0
524,0,LJLjKFnn,xPaGbpFW,6823.0
524,0,fuApzGaS,LJLjKFnn,6823.0
524,0,NQaaFyOm,fuApzGaS,5704.0
524,0,iPNesxKP,NQaaFyOm,2845.0
524,0,wOZIcmuB,iPNesxKP,2417.0
524,0,LPQBwisp,wOZIcmuB,2400.0
524,0,dpOKQcMh,LPQBwisp,2400.0
524,0,jLJTMrwU,dpOKQcMh,2357.0
524,0,LdWodgsw,jLJTMrwU,2357.0
524,0,iWFLhsvE,LdWodgsw,2141.0
524,0,qFzqwYZZ,iWFLhsvE,692.0
524,0,vfDgNrFH,qFzqwYZZ,692.0
524,0,gaLZwYvS,vfDgNrFH,692.0
1244,0,KplKuAnp,iYMJvRAf,4399.0
1244,0,pSVDMeCH,KplKuAnp,4391.0
474,0,gaLZwYvS,qFzqwYZZ,553.0
460,0,MBTcSIip,ppabfQGz,1200.0
460,0,qFzqwYZZ,MBTcSIip,1088.0
460,0,vfDgNrFH,qFzqwYZZ,688.0
460,0,gaLZwYvS,vfDgNrFH,688.0
205,0,YyXnCqJL,FJDNPLrp,160.0
205,0,FXEtzSuC,YyXnCqJL,160.0
205,0,ppabfQGz,FXEtzSuC,160.0
205,0,MBTcSIip,ppabfQGz,160.0
205,0,gaLZwYvS,MBTcSIip,75.0
205,0,HefnspWQ,czFfIymd,386.0
205,0,lDeAZniB,HefnspWQ,370.0
205,0,sDgMDbLK,lDeAZniB,370.0
205,0,MUKiuGPJ,sDgMDbLK,370.0
205,0,BIPxiHLi,MUKiuGPJ,370.0
205,0,yrMfCrKd,BIPxiHLi,370.0
205,0,FJDNPLrp,yrMfCrKd,179.0
205,0,szQKyBKA,eBAbFKqQ,506.0
205,0,czFfIymd,szQKyBKA,506.0
762,0,PXPVuGmP,fQRLOpha,5348.0
762,0,IulxyPoH,PXPVuGmP,5348.0
762,0,llFTEWtD,IulxyPoH,5253.0
762,0,fPhIOSOj,llFTEWtD,5253.0
762,0,PQDqFTyk,fPhIOSOj,5281.0
762,0,OhBAPvsb,PQDqFTyk,4935.0
491,0,YvLYpMPH,POdtxoZm,2855.0
491,0,QnkNgkDL,YvLYpMPH,2855.0
491,0,lctVuVOk,QnkNgkDL,2844.0
491,0,wOZIcmuB,lctVuVOk,2839.0
491,0,LPQBwisp,wOZIcmuB,2757.0
491,0,dpOKQcMh,LPQBwisp,2757.0
491,0,jLJTMrwU,dpOKQcMh,2186.0
491,0,LdWodgsw,jLJTMrwU,2186.0
491,0,iWFLhsvE,LdWodgsw,803.0
491,0,qFzqwYZZ,iWFLhsvE,505.0
491,0,gaLZwYvS,qFzqwYZZ,505.0
474,0,iPNesxKP,zAVZRYih,1645.0
474,0,wOZIcmuB,iPNesxKP,1059.0
491,0,qvujbmjR,mKIQRbrs,1302.0
491,0,SqxhBMol,qvujbmjR,1302.0
491,0,vIqdsoZx,SqxhBMol,1361.0
491,0,WPPGaTFA,vIqdsoZx,1295.0
491,0,zavSPsgu,WPPGaTFA,1327.0
491,0,UrQlyWkl,zavSPsgu,1327.0
491,0,POdtxoZm,UrQlyWkl,947.0
491,0,xQpNdvvD,GigUVtty,1366.0
491,0,SQUoXVXU,xQpNdvvD,1407.0
491,0,mKIQRbrs,SQUoXVXU,1612.0
491,0,bgWfLree,DsuTXcIa,1509.0
491,0,nUYnioIh,bgWfLree,1509.0
491,0,mVhkAqwx,nUYnioIh,1509.0
491,0,GigUVtty,mVhkAqwx,1548.0
633,0,IdWZOznf,CZfJWCoJ,1421.0
633,0,bFducDIy,IdWZOznf,1421.0
633,0,iFgeXSsz,bFducDIy,1421.0
633,0,NBopaFdP,iFgeXSsz,1201.0
633,0,LbKosGpD,NBopaFdP,1201.0
633,0,wOZIcmuB,LbKosGpD,1201.0
633,0,dpOKQcMh,wOZIcmuB,830.0
633,0,jLJTMrwU,dpOKQcMh,675.0
633,0,LdWodgsw,jLJTMrwU,675.0
633,0,iWFLhsvE,LdWodgsw,263.0
633,0,qFzqwYZZ,iWFLhsvE,132.0
633,0,gaLZwYvS,qFzqwYZZ,132.0
481,0,eciAPzhn,zYpZYpOA,2110.0
481,0,tOfkaukv,eciAPzhn,2110.0
481,0,exzjGTVf,tOfkaukv,2110.0
481,0,CcTUkfkl,exzjGTVf,2110.0
481,0,tglFZOrp,CcTUkfkl,1754.0
481,0,SqxhBMol,tglFZOrp,1754.0
481,0,vIqdsoZx,SqxhBMol,1734.0
481,0,RupFhEwj,vIqdsoZx,1734.0
481,0,WPPGaTFA,RupFhEwj,1118.0
481,0,zavSPsgu,WPPGaTFA,1144.0
481,0,UrQlyWkl,zavSPsgu,1144.0
633,0,jkmSVBKz,QkCkRebE,2270.0
633,0,jcbMPQjL,jkmSVBKz,2270.0
633,0,xfYjeqNM,jcbMPQjL,1514.0
633,0,CZfJWCoJ,xfYjeqNM,1231.0
212,0,RZyHoyLx,JmbBeQIE,261.0
212,0,Gzlmcdek,RZyHoyLx,297.0
212,0,cPCRxZjy,Gzlmcdek,380.0
212,0,qpacHTVx,cPCRxZjy,380.0
212,0,jgXkfKmE,qpacHTVx,380.0
212,0,AFWGXQGm,jgXkfKmE,380.0
212,0,WTiRZunt,AFWGXQGm,380.0
212,0,ZMeqpjWv,WTiRZunt,380.0
205,0,WweXYmbm,JODrgTwh,421.0
205,0,RWixPrCB,WweXYmbm,421.0
205,0,zAwPDfkg,RWixPrCB,451.0
205,0,eBAbFKqQ,zAwPDfkg,451.0
481,0,CYSggHNR,IkxLwyxa,1772.0
481,0,VhgapMoa,CYSggHNR,1720.0
481,0,dKbqWpcD,VhgapMoa,1720.0
481,0,zYpZYpOA,dKbqWpcD,1720.0
633,0,EmkugZPX,XMWgellz,1985.0
633,0,lmZJehpq,EmkugZPX,2045.0
633,0,WPBOglHu,lmZJehpq,2112.0
633,0,ftMGYADA,WPBOglHu,2116.0
633,0,lklhFYFG,ftMGYADA,2116.0
633,0,rDcmNjNB,lklhFYFG,2107.0
633,0,pPReLBCT,rDcmNjNB,2107.0
633,0,AqgjLYqB,pPReLBCT,2194.0
633,0,QkCkRebE,AqgjLYqB,2194.0
460,0,RCkelXPh,eyAJPdep,1853.0
460,0,jcExlqwL,RCkelXPh,1853.0
1506,0,gViLrCgA,LYjhOoFf,6074.0
1506,0,RVGhYAxc,tDDddUJb,11367.0
633,0,QsteKrle,wrsPDGBQ,802.0
633,0,XMWgellz,QsteKrle,802.0
633,0,zjjLSYAp,fGmFhgnx,716.0
633,0,wrsPDGBQ,zjjLSYAp,716.0
633,0,rckblBTM,yQQuLFAg,672.0
633,0,fGmFhgnx,rckblBTM,679.0
633,0,bHagonKv,vacPrbQA,517.0
633,0,Vlipnutt,bHagonKv,517.0
633,0,CcjcuryA,Vlipnutt,521.0
633,0,yQQuLFAg,CcjcuryA,524.0
460,0,CEZTRnUo,qflzswAf,5072.0
460,0,funWfCdm,CEZTRnUo,5072.0
460,0,rnFrOJMw,funWfCdm,5072.0
460,0,MklhhYCQ,rnFrOJMw,5073.0
460,0,nzTRQfUi,MklhhYCQ,6821.0
460,0,nhSXMXjw,nzTRQfUi,6205.0
460,0,kjxfKqbD,nhSXMXjw,3770.0
460,0,mSXRukCc,kjxfKqbD,3770.0
460,0,FFGyTMvJ,mSXRukCc,3770.0
460,0,eyAJPdep,FFGyTMvJ,2702.0
12,0,AtcDBGpE,Oslgxmkx,779.0
12,0,nsjiKPCz,AtcDBGpE,782.0
12,0,vfdAIPGv,nsjiKPCz,782.0
12,0,inJVXMtB,vfdAIPGv,782.0
12,0,ubZrQMid,inJVXMtB,782.0
12,0,gBkmsEyR,ubZrQMid,782.0
12,0,cGoHBmgo,gBkmsEyR,782.0
12,0,fOfcyQgJ,cGoHBmgo,782.0
12,0,YXOKWXAw,fOfcyQgJ,782.0
12,0,gzZgDndk,YXOKWXAw,782.0
12,0,NQaaFyOm,gzZgDndk,595.0
12,0,iPNesxKP,NQaaFyOm,595.0
12,0,leJfirnk,yrRBvFtZ,289.0
12,0,QRSRIbba,leJfirnk,289.0
12,0,EkCoFwMY,QRSRIbba,289.0
12,0,jqriedgy,EkCoFwMY,289.0
12,0,MTAZIXBL,jqriedgy,289.0
12,0,RkbXqAIs,MTAZIXBL,349.0
12,0,NLDgVASg,RkbXqAIs,509.0
12,0,DKPrUpnj,NLDgVASg,509.0
12,0,CdibamDB,DKPrUpnj,730.0
12,0,lBopHXdD,CdibamDB,730.0
12,0,vwEcxUej,lBopHXdD,730.0
12,0,JBpFxiqb,vwEcxUej,730.0
12,0,Oslgxmkx,JBpFxiqb,730.0
490,0,pSVDMeCH,gaLZwYvS,937.0
490,0,FTwVCxQy,pSVDMeCH,937.0
490,0,RFaTWaew,FTwVCxQy,937.0
490,0,mYoRZvtc,RFaTWaew,1303.0
490,0,NKCxdwhs,mYoRZvtc,2740.0
490,0,eeSdZFhf,NKCxdwhs,2740.0
490,0,UaWwvNMO,eeSdZFhf,3450.0
490,0,gFAsBeQM,UaWwvNMO,3450.0
477,0,mYoRZvtc,RFaTWaew,584.0
1484,0,PXPVuGmP,fQRLOpha,1.0
1484,0,IulxyPoH,PXPVuGmP,1.0
572,0,wOZIcmuB,iPNesxKP,28.0
481,0,POdtxoZm,UrQlyWkl,3525.0
481,0,YvLYpMPH,POdtxoZm,3978.0
481,0,SemNVHvd,YvLYpMPH,3978.0
481,0,QnkNgkDL,SemNVHvd,3982.0
481,0,lctVuVOk,QnkNgkDL,4265.0
1740,0,eciAPzhn,RoAYEvND,449.0
1740,0,tOfkaukv,eciAPzhn,449.0
1740,0,exzjGTVf,tOfkaukv,449.0
1740,0,CcTUkfkl,exzjGTVf,449.0
1740,0,SqxhBMol,CcTUkfkl,565.0
1740,0,vIqdsoZx,SqxhBMol,509.0
1740,0,WPPGaTFA,vIqdsoZx,412.0
1740,0,zavSPsgu,WPPGaTFA,442.0
1740,0,UrQlyWkl,zavSPsgu,442.0
1740,0,POdtxoZm,UrQlyWkl,476.0
1740,0,YvLYpMPH,POdtxoZm,679.0
1740,0,QnkNgkDL,YvLYpMPH,679.0
1740,0,lctVuVOk,QnkNgkDL,680.0
685,0,bWAbaUPC,cEOIeJTR,2047.0
1701,0,gxWBbdrZ,aHsZaffM,600.0
1701,0,mDPYPXHa,gxWBbdrZ,600.0
1701,0,XHLHCkqn,mDPYPXHa,600.0
491,0,JovbzjVh,qDeoslSZ,958.0
491,0,DCdKJxNH,JovbzjVh,983.0
491,0,DsuTXcIa,DCdKJxNH,983.0
477,0,FTwVCxQy,KplKuAnp,2.0
477,0,RFaTWaew,FTwVCxQy,2.0
34,0,FTwVCxQy,pSVDMeCH,3670.0
34,0,xnBCUPNx,FTwVCxQy,4496.0
1244,0,FTwVCxQy,pSVDMeCH,3714.0
1244,0,xnBCUPNx,FTwVCxQy,4298.0
419,0,lctVuVOk,iPNesxKP,8231.0
419,0,iLaGOhZk,lctVuVOk,9432.0
12,0,lctVuVOk,iPNesxKP,588.0
12,0,iLaGOhZk,lctVuVOk,588.0
12,0,wuyFtExA,EtvjcvTp,109.0
12,0,MrybjzSo,wuyFtExA,109.0
12,0,yrRBvFtZ,MrybjzSo,109.0
463,0,pSVDMeCH,gaLZwYvS,1182.0
463,0,FTwVCxQy,pSVDMeCH,1189.0
463,0,xnBCUPNx,FTwVCxQy,1561.0
463,0,PbNNbEKu,xnBCUPNx,1663.0
463,0,fTOPrrgc,PbNNbEKu,1736.0
463,0,ErjukRDc,fTOPrrgc,1732.0
463,0,ojYgsDtJ,ErjukRDc,1753.0
213,0,mYoRZvtc,RFaTWaew,121.0
213,0,WWGVlxtV,mYoRZvtc,386.0
213,0,xAtzquQH,WWGVlxtV,386.0
213,0,GHMmjNDZ,xAtzquQH,386.0
213,0,ZpgoacOO,GHMmjNDZ,386.0
204,0,ZyxFjabk,yQIotbyH,738.0
204,0,RyfxjoUl,ZyxFjabk,738.0
204,0,QIQMIQBO,RyfxjoUl,895.0
204,0,KHrhIPzf,QIQMIQBO,1010.0
204,0,WAnDToyk,KHrhIPzf,1022.0
481,0,EocVuyzS,lctVuVOk,974.0
481,0,lwcIkPvE,EocVuyzS,767.0
1318,0,LKVeVUNI,BpAiVnps,3397.0
1318,0,dbPZeeiE,LKVeVUNI,3071.0
1318,0,CsDsDrdU,dbPZeeiE,3005.0
1318,0,OPXtWBVk,CsDsDrdU,3013.0
1318,0,BpAiVnps,RVGhYAxc,4890.0
419,0,ZpgoacOO,iLaGOhZk,7835.0
12,0,ZpgoacOO,iLaGOhZk,471.0
419,0,eYoPTdNP,ZpgoacOO,7089.0
663,0,zjSAMvDn,DOGyniWl,124.0
663,0,ZaBRaevd,zjSAMvDn,144.0
663,0,EZnTnoxs,ZaBRaevd,143.0
663,0,faYOimYm,EZnTnoxs,88.0
663,0,cmGUMIAA,faYOimYm,88.0
663,0,sDgMDbLK,cmGUMIAA,88.0
663,0,MUKiuGPJ,sDgMDbLK,69.0
663,0,LLvlNCEB,MUKiuGPJ,69.0
663,0,oXfrIVbN,LLvlNCEB,69.0
663,0,AFWGXQGm,oXfrIVbN,69.0
663,0,WTiRZunt,AFWGXQGm,39.0
663,0,RGyQypSn,WTiRZunt,39.0
663,0,jsUuEBbk,RGyQypSn,39.0
663,0,WCllcJIC,SEjojzMr,36.0
663,0,OXcUkifL,WCllcJIC,36.0
663,0,POsNTwnJ,OXcUkifL,36.0
663,0,rRGVruPM,POsNTwnJ,36.0
663,0,YmkUpvHU,rRGVruPM,36.0
663,0,GbYxEXTt,YmkUpvHU,40.0
663,0,DOGyniWl,GbYxEXTt,40.0
1623,0,yLtehlsl,iSMSiXHg,1380.0
1623,0,ZfvMwthQ,yLtehlsl,1380.0
1623,0,rWJbJwsc,ZfvMwthQ,1380.0
663,0,KIvXTDlT,IvXmMOhB,19.0
663,0,TgzZcdmy,KIvXTDlT,19.0
663,0,SEjojzMr,TgzZcdmy,19.0
663,0,HcKLTTXk,lRwVVbKf,5.0
663,0,IvXmMOhB,HcKLTTXk,5.0
318,0,XwcxmOai,nrUfCQxz,3241.0
318,0,sCyvkPkr,XwcxmOai,3257.0
318,0,YLjwrcCY,sCyvkPkr,3282.0
318,0,RfzcmazU,YLjwrcCY,3405.0
318,0,ImIhxSnH,RfzcmazU,3437.0
458,0,cEOIeJTR,CfleTooC,74.0
458,0,bWAbaUPC,cEOIeJTR,74.0
458,0,qrSNpKDz,bWAbaUPC,74.0
458,0,HrNWphPZ,qrSNpKDz,74.0
458,0,jcbMPQjL,HrNWphPZ,74.0
458,0,KbyuLDsq,jcbMPQjL,74.0
458,0,rBcsOnfo,KbyuLDsq,74.0
458,0,XAYndOhY,rBcsOnfo,74.0
458,0,cPCRxZjy,XAYndOhY,74.0
458,0,qpacHTVx,cPCRxZjy,74.0
458,0,klenweCZ,qpacHTVx,74.0
458,0,rmVQyXvM,qGnNRXVR,34.0
458,0,lmdCTtOt,rmVQyXvM,34.0
458,0,ZENVichq,lmdCTtOt,34.0
458,0,ZQjUlkgz,ZENVichq,34.0
458,0,heyKMWAh,ZQjUlkgz,34.0
458,0,JYcdyiOK,heyKMWAh,70.0
458,0,gDobDJgN,JYcdyiOK,70.0
458,0,gUXxyAlR,gDobDJgN,70.0
458,0,CfleTooC,gUXxyAlR,70.0
401,0,eJfPkird,kgNzHUbI,5805.0
572,0,kWtooBDW,wOZIcmuB,19.0
572,0,jkuUxjyr,kWtooBDW,19.0
572,0,LvbzkrjO,jkuUxjyr,19.0
572,0,FXEtzSuC,LvbzkrjO,19.0
572,0,bpXNEOYE,FXEtzSuC,19.0
572,0,IIzQthVA,bpXNEOYE,19.0
1244,0,MEVzYGii,xnBCUPNx,4669.0
1244,0,byZXHxZy,MEVzYGii,4732.0
616,0,wOZIcmuB,iPNesxKP,158.0
616,0,kWtooBDW,wOZIcmuB,158.0
616,0,jkuUxjyr,kWtooBDW,158.0
616,0,LvbzkrjO,jkuUxjyr,158.0
616,0,FXEtzSuC,LvbzkrjO,158.0
616,0,bpXNEOYE,FXEtzSuC,158.0
616,0,IIzQthVA,bpXNEOYE,158.0
1747,0,EfWhclss,DJsuwMnQ,5843.0
1747,0,SqxhBMol,EfWhclss,5533.0
1747,0,HrNWphPZ,nrKKniYe,4479.0
1747,0,jcbMPQjL,HrNWphPZ,4631.0
1747,0,KbyuLDsq,jcbMPQjL,5672.0
1747,0,XAYndOhY,KbyuLDsq,5655.0
458,0,wdBsZaVr,klenweCZ,8.0
458,0,FXEtzSuC,wdBsZaVr,8.0
458,0,bpXNEOYE,FXEtzSuC,8.0
458,0,IIzQthVA,bpXNEOYE,8.0
419,0,rlRRFZPO,eYoPTdNP,7067.0
12,0,eYoPTdNP,ZpgoacOO,414.0
486,0,duRJdiSr,jeadfqyj,104.0
486,0,uBFbbvHN,duRJdiSr,104.0
486,0,YjUiSglA,uBFbbvHN,104.0
486,0,xPaGbpFW,YjUiSglA,104.0
486,0,LJLjKFnn,xPaGbpFW,104.0
486,0,gzZgDndk,LJLjKFnn,104.0
486,0,NQaaFyOm,gzZgDndk,97.0
34,0,MEVzYGii,xnBCUPNx,5010.0
34,0,yQIotbyH,MEVzYGii,5061.0
1244,0,yQIotbyH,byZXHxZy,4718.0
1441,0,LsuNFzpq,kVCEAUTv,1307.0
481,0,WtSrfmmv,msSSSjFI,1053.0
481,0,lpqoYdNq,WtSrfmmv,1053.0
481,0,BIPxiHLi,lpqoYdNq,1053.0
481,0,yrMfCrKd,BIPxiHLi,1288.0
481,0,FJDNPLrp,yrMfCrKd,1313.0
481,0,YyXnCqJL,FJDNPLrp,1346.0
481,0,DUgAaGlT,YyXnCqJL,1346.0
419,0,yQfeHodw,rlRRFZPO,4738.0
419,0,YEqGDaQm,yQfeHodw,4738.0
419,0,QjBtnCad,YEqGDaQm,4768.0
205,0,NPqatCDm,oBjbzljy,217.0
205,0,XiaLQvRI,NPqatCDm,219.0
205,0,gNlImmtJ,XiaLQvRI,219.0
205,0,kdVJdnYB,gNlImmtJ,219.0
205,0,nMidlhrd,kdVJdnYB,219.0
205,0,JODrgTwh,nMidlhrd,219.0
1747,0,msSSSjFI,XAYndOhY,4949.0
1747,0,WtSrfmmv,msSSSjFI,4648.0
1747,0,lpqoYdNq,WtSrfmmv,4820.0
1747,0,BIPxiHLi,lpqoYdNq,4828.0
1747,0,yrMfCrKd,BIPxiHLi,4833.0
1747,0,KHrhIPzf,yrMfCrKd,4999.0
204,0,MEVzYGii,xnBCUPNx,234.0
204,0,yQIotbyH,MEVzYGii,234.0
204,0,xnBCUPNx,gaLZwYvS,191.0
209,0,HefnspWQ,czFfIymd,1139.0
209,0,lDeAZniB,HefnspWQ,1135.0
209,0,sDgMDbLK,lDeAZniB,1135.0
209,0,MUKiuGPJ,sDgMDbLK,1136.0
209,0,BIPxiHLi,MUKiuGPJ,1136.0
209,0,yrMfCrKd,BIPxiHLi,896.0
209,0,KHrhIPzf,yrMfCrKd,896.0
665,0,WtPVEKaC,BYsSDXCP,208.0
665,0,czFfIymd,WtPVEKaC,208.0
665,0,HefnspWQ,czFfIymd,79.0
665,0,lDeAZniB,HefnspWQ,74.0
665,0,sDgMDbLK,lDeAZniB,74.0
665,0,MUKiuGPJ,sDgMDbLK,74.0
665,0,BIPxiHLi,MUKiuGPJ,74.0
665,0,yrMfCrKd,BIPxiHLi,74.0
665,0,fubLBmAl,DOGyniWl,181.0
665,0,zjSAMvDn,fubLBmAl,181.0
665,0,BYsSDXCP,zjSAMvDn,181.0
665,0,GpnhEWuy,QDIpIlEK,115.0
665,0,rRGVruPM,GpnhEWuy,115.0
665,0,YmkUpvHU,rRGVruPM,115.0
665,0,GbYxEXTt,YmkUpvHU,117.0
665,0,DOGyniWl,GbYxEXTt,117.0
464,0,QHFmFyLR,EkWBPXmr,1044.0
464,0,neNWquOh,QHFmFyLR,1044.0
464,0,KwaxxmSs,neNWquOh,1044.0
464,0,gzZgDndk,KwaxxmSs,1113.0
464,0,NQaaFyOm,gzZgDndk,4651.0
464,0,iPNesxKP,NQaaFyOm,5693.0
464,0,lctVuVOk,iPNesxKP,7506.0
464,0,EocVuyzS,lctVuVOk,7809.0
464,0,lwcIkPvE,EocVuyzS,7809.0
464,0,suszCmcx,lwcIkPvE,7982.0
464,0,Fwqgdxfa,suszCmcx,8140.0
1747,0,DsuTXcIa,DCdKJxNH,4227.0
1747,0,bgWfLree,DsuTXcIa,5880.0
1747,0,nUYnioIh,bgWfLree,5880.0
1747,0,COReTzyE,nUYnioIh,5880.0
1747,0,DJsuwMnQ,COReTzyE,5955.0
1747,0,nrKKniYe,SqxhBMol,5098.0
463,0,suszCmcx,ojYgsDtJ,2334.0
463,0,Fwqgdxfa,suszCmcx,1784.0
1747,0,JovbzjVh,qDeoslSZ,2972.0
1747,0,DCdKJxNH,JovbzjVh,3138.0
419,0,WAnDToyk,QjBtnCad,4168.0
419,0,UwPVTdeZ,WAnDToyk,4408.0
427,0,xnBCUPNx,FTwVCxQy,237.0
427,0,MEVzYGii,xnBCUPNx,275.0
427,0,ZyxFjabk,MEVzYGii,275.0
427,0,RyfxjoUl,ZyxFjabk,336.0
427,0,WAnDToyk,RyfxjoUl,336.0
427,0,DvHSShZC,WAnDToyk,256.0
209,0,WAnDToyk,KHrhIPzf,894.0
209,0,UwPVTdeZ,WAnDToyk,842.0
209,0,szQKyBKA,eBAbFKqQ,1528.0
209,0,czFfIymd,szQKyBKA,1528.0
208,0,ThGrfpxl,SyufMOPd,574.0
208,0,TUpCuZAw,ThGrfpxl,1239.0
208,0,HYfXIyFk,TUpCuZAw,1261.0
208,0,ILieppKf,HYfXIyFk,1277.0
232,0,KLViSvpH,fvJrDdyT,4107.0
232,0,YXiYqIfc,KLViSvpH,3967.0
232,0,OBtWrzof,YXiYqIfc,4083.0
232,0,TxpOiGNK,OBtWrzof,3801.0
209,0,STSGJiIu,TdfMaTlB,1480.0
209,0,vpctkpYQ,STSGJiIu,1480.0
209,0,wegNXhqe,vpctkpYQ,1492.0
209,0,RZyHoyLx,wegNXhqe,1492.0
209,0,kKHgYdYp,RZyHoyLx,1492.0
209,0,eBAbFKqQ,kKHgYdYp,1042.0
209,0,dbPZeeiE,LKVeVUNI,730.0
209,0,CsDsDrdU,dbPZeeiE,730.0
209,0,DGTEnFlN,CsDsDrdU,1002.0
209,0,OPXtWBVk,DGTEnFlN,1002.0
209,0,SvGtXrYj,OPXtWBVk,1253.0
209,0,TdfMaTlB,SvGtXrYj,1253.0
1747,0,WAnDToyk,KHrhIPzf,4834.0
1747,0,UwPVTdeZ,WAnDToyk,4834.0
209,0,LKVeVUNI,BpAiVnps,571.0
425,0,jFRqfnFl,gmsNDepi,463.0
425,0,ysSWNERo,jFRqfnFl,463.0
425,0,lQIpGOTn,ysSWNERo,463.0
425,0,uhUmvvRs,lQIpGOTn,463.0
425,0,GgLRqpEG,uhUmvvRs,463.0
425,0,WFZVQzrl,GgLRqpEG,463.0
425,0,QDIpIlEK,WFZVQzrl,280.0
425,0,GpnhEWuy,QDIpIlEK,117.0
425,0,mLBQtksd,GpnhEWuy,117.0
425,0,rFvOiVZU,mLBQtksd,40.0
425,0,ezbmnBKa,rFvOiVZU,40.0
425,0,aaOdCJPr,ezbmnBKa,40.0
425,0,EZnTnoxs,aaOdCJPr,40.0
425,0,faYOimYm,EZnTnoxs,40.0
425,0,UGcgYMSg,faYOimYm,40.0
425,0,ThGrfpxl,UGcgYMSg,40.0
425,0,HYfXIyFk,ThGrfpxl,3.0
425,0,oQvXmJfL,HYfXIyFk,3.0
835,0,LpQEBEct,UxgUbJZk,6827.0
835,0,uypYDUnA,LpQEBEct,6827.0
835,0,gKGqSXsa,uypYDUnA,6943.0
903,0,moYdstNu,mPXKcTmk,46.0
356,0,QHFmFyLR,EkWBPXmr,796.0
356,0,neNWquOh,QHFmFyLR,796.0
356,0,KwaxxmSs,neNWquOh,799.0
356,0,gzZgDndk,KwaxxmSs,849.0
356,0,NQaaFyOm,gzZgDndk,3067.0
356,0,iPNesxKP,NQaaFyOm,3277.0
356,0,lctVuVOk,iPNesxKP,3930.0
356,0,EocVuyzS,lctVuVOk,3930.0
356,0,lwcIkPvE,EocVuyzS,3930.0
356,0,suszCmcx,lwcIkPvE,3946.0
356,0,UTBcifAN,suszCmcx,4028.0
227,0,fGmFhgnx,rckblBTM,170.0
227,0,zjjLSYAp,fGmFhgnx,230.0
227,0,nIakFMcq,zjjLSYAp,230.0
227,0,LYjhOoFf,nIakFMcq,356.0
227,0,QdWOxWia,LYjhOoFf,472.0
227,0,gViLrCgA,QdWOxWia,517.0
227,0,cCSIoIah,gViLrCgA,739.0
227,0,DLdtTvFi,cCSIoIah,739.0
227,0,vRWSdFEN,DLdtTvFi,755.0
227,0,WPBOglHu,vRWSdFEN,913.0
227,0,ftMGYADA,WPBOglHu,917.0
227,0,lklhFYFG,ftMGYADA,917.0
227,0,vNMxowJX,lklhFYFG,917.0
227,0,pPReLBCT,vNMxowJX,1034.0
227,0,AqgjLYqB,pPReLBCT,995.0
227,0,QkCkRebE,AqgjLYqB,995.0
227,0,RfzcmazU,XwcxmOai,942.0
227,0,cEwgxjVO,RfzcmazU,924.0
1740,0,EocVuyzS,lctVuVOk,679.0
1740,0,lwcIkPvE,EocVuyzS,679.0
1740,0,suszCmcx,lwcIkPvE,679.0
1740,0,UTBcifAN,suszCmcx,679.0
481,0,suszCmcx,lwcIkPvE,357.0
682,0,zfZPgPol,jkmSVBKz,847.0
682,0,YLjwrcCY,zfZPgPol,832.0
682,0,RfzcmazU,YLjwrcCY,705.0
682,0,cEwgxjVO,RfzcmazU,546.0
682,0,jkmSVBKz,QkCkRebE,831.0
682,0,JGbfxLUL,KQSHMGnw,307.0
682,0,IjwLXBRx,JGbfxLUL,307.0
682,0,TPsFloRu,IjwLXBRx,307.0
682,0,VCDwRKse,TPsFloRu,564.0
682,0,lZYsrfVZ,VCDwRKse,564.0
682,0,jXeBpcDF,lZYsrfVZ,564.0
682,0,goaumTLR,jXeBpcDF,645.0
682,0,vNMxowJX,goaumTLR,652.0
682,0,voZaDctr,vNMxowJX,652.0
682,0,rDcmNjNB,voZaDctr,652.0
682,0,pPReLBCT,rDcmNjNB,652.0
682,0,AqgjLYqB,pPReLBCT,652.0
682,0,QkCkRebE,AqgjLYqB,652.0
1398,0,ZIPCqImv,ciAbSxQX,1199.0
1398,0,aWNaUdzp,ZIPCqImv,1199.0
1398,0,FCsbIOBe,aWNaUdzp,2154.0
1398,0,wyEQXfIU,FCsbIOBe,2154.0
1398,0,aRKvwhNi,wyEQXfIU,2154.0
1398,0,lsBVGYKC,aRKvwhNi,2162.0
1398,0,WhHfbZWj,lsBVGYKC,1778.0
1398,0,nsbHlbAq,WhHfbZWj,1387.0
1398,0,cwgbfpqq,nsbHlbAq,1374.0
1398,0,fMrlznIn,cwgbfpqq,1374.0
1398,0,uXKxCjNA,fMrlznIn,1374.0
1398,0,bOiSLYGO,uXKxCjNA,1374.0
1398,0,mhgPTzcZ,bOiSLYGO,1222.0
1398,0,WFZVQzrl,mhgPTzcZ,956.0
1398,0,tRncbstl,WFZVQzrl,553.0
1398,0,QDIpIlEK,tRncbstl,461.0
1398,0,GpnhEWuy,QDIpIlEK,312.0
1398,0,YmkUpvHU,GpnhEWuy,271.0
1398,0,GbYxEXTt,YmkUpvHU,266.0
1398,0,DOGyniWl,GbYxEXTt,103.0
1398,0,fubLBmAl,DOGyniWl,103.0
1398,0,zjSAMvDn,fubLBmAl,103.0
1398,0,BYsSDXCP,zjSAMvDn,93.0
1398,0,WtPVEKaC,BYsSDXCP,93.0
1398,0,cniBuICf,WtPVEKaC,93.0
1398,0,LPfgjVyT,cniBuICf,93.0
146,0,NPqatCDm,oBjbzljy,172.0
146,0,XiaLQvRI,NPqatCDm,979.0
146,0,gNlImmtJ,XiaLQvRI,987.0
146,0,kdVJdnYB,gNlImmtJ,987.0
146,0,nMidlhrd,kdVJdnYB,975.0
146,0,JODrgTwh,nMidlhrd,975.0
852,0,WhHfbZWj,lsBVGYKC,43.0
227,0,rckblBTM,QpprBOSr,161.0
1398,0,TEKQTTfp,YzXnYVPd,504.0
1398,0,ciAbSxQX,TEKQTTfp,504.0
1398,0,MhxjGQjy,mhYSfvAq,342.0
1398,0,EhUxMFuQ,MhxjGQjy,342.0
1398,0,HZcfHzwe,EhUxMFuQ,342.0
1398,0,KcDUQTDz,HZcfHzwe,353.0
1398,0,qoWOoICL,KcDUQTDz,353.0
1398,0,FwybjYQK,qoWOoICL,353.0
1398,0,ZuDlysuz,FwybjYQK,409.0
1398,0,IkwHYYuh,ZuDlysuz,409.0
1398,0,YzXnYVPd,IkwHYYuh,409.0
1065,0,OfWHUDWP,TQJSOMwc,280.0
1244,0,taEXnGBL,yQIotbyH,3998.0
1244,0,rZoajhYh,taEXnGBL,3998.0
481,0,taEXnGBL,DUgAaGlT,1181.0
481,0,rZoajhYh,taEXnGBL,1181.0
1140,0,QHFmFyLR,EkWBPXmr,670.0
1140,0,neNWquOh,QHFmFyLR,670.0
1140,0,KwaxxmSs,neNWquOh,670.0
1140,0,gzZgDndk,KwaxxmSs,678.0
1140,0,NQaaFyOm,gzZgDndk,1298.0
1140,0,iPNesxKP,NQaaFyOm,1552.0
1140,0,lctVuVOk,iPNesxKP,1770.0
1140,0,ZpgoacOO,lctVuVOk,1815.0
1140,0,eYoPTdNP,ZpgoacOO,1911.0
1140,0,rlRRFZPO,eYoPTdNP,1913.0
1140,0,JXTJImqP,rlRRFZPO,1913.0
1140,0,zZjujLYd,JXTJImqP,1913.0
1140,0,xaaBiNQT,zZjujLYd,1913.0
205,0,EdqXvVeI,nPkrzCty,56.0
205,0,oBjbzljy,EdqXvVeI,56.0
12,0,YEqGDaQm,eYoPTdNP,296.0
12,0,QjBtnCad,YEqGDaQm,296.0
12,0,WAnDToyk,QjBtnCad,296.0
12,0,UwPVTdeZ,WAnDToyk,296.0
12,0,gbxdgQQp,UwPVTdeZ,296.0
419,0,gbxdgQQp,UwPVTdeZ,4369.0
204,0,HUkyeYlq,WAnDToyk,963.0
204,0,PYpgWopD,HUkyeYlq,1124.0
204,0,lDeAZniB,PYpgWopD,1124.0
204,0,bLzlxnwB,lDeAZniB,1124.0
208,0,HUkyeYlq,uwQliGwX,1797.0
208,0,PYpgWopD,HUkyeYlq,1797.0
208,0,lDeAZniB,PYpgWopD,1797.0
208,0,bLzlxnwB,lDeAZniB,1797.0
208,0,uwQliGwX,ILieppKf,1218.0
253,0,nsbHlbAq,WhHfbZWj,4526.0
253,0,cwgbfpqq,nsbHlbAq,4549.0
253,0,fMrlznIn,cwgbfpqq,4530.0
253,0,uXKxCjNA,fMrlznIn,4530.0
253,0,bOiSLYGO,uXKxCjNA,4530.0
253,0,WFZVQzrl,bOiSLYGO,4652.0
253,0,GiONHkbf,WFZVQzrl,2331.0
253,0,QDIpIlEK,GiONHkbf,1615.0
253,0,GpnhEWuy,QDIpIlEK,1664.0
253,0,YmkUpvHU,GpnhEWuy,1623.0
400,0,ogOCBKAf,dWLNxRJP,1625.0
1340,0,BpAiVnps,RVGhYAxc,2618.0
147,0,QHFmFyLR,EkWBPXmr,224.0
147,0,neNWquOh,QHFmFyLR,224.0
147,0,KwaxxmSs,neNWquOh,224.0
147,0,gzZgDndk,KwaxxmSs,307.0
147,0,NQaaFyOm,gzZgDndk,807.0
147,0,iPNesxKP,NQaaFyOm,888.0
147,0,lctVuVOk,iPNesxKP,1041.0
147,0,EocVuyzS,lctVuVOk,1041.0
147,0,lwcIkPvE,EocVuyzS,1041.0
147,0,suszCmcx,lwcIkPvE,1041.0
147,0,UTBcifAN,suszCmcx,1042.0
147,0,HQVZivsH,UTBcifAN,1355.0
147,0,tTrMaEIS,HQVZivsH,1355.0
147,0,WeXgsZLY,tTrMaEIS,1355.0
685,0,qrSNpKDz,bWAbaUPC,1780.0
685,0,HrNWphPZ,qrSNpKDz,1836.0
685,0,XwcxmOai,HrNWphPZ,1467.0
685,0,RfzcmazU,XwcxmOai,1596.0
685,0,cEwgxjVO,RfzcmazU,1644.0
685,0,fRBexIzo,cEwgxjVO,1736.0
204,0,wSspaAkq,bLzlxnwB,1161.0
204,0,NppIhzQC,wSspaAkq,1161.0
204,0,WtPVEKaC,NppIhzQC,1160.0
204,0,tTrMaEIS,WtPVEKaC,845.0
204,0,WeXgsZLY,tTrMaEIS,845.0
1740,0,HQVZivsH,UTBcifAN,501.0
318,0,iEKuRfDT,ImIhxSnH,3357.0
318,0,PlyJazqR,iEKuRfDT,2714.0
318,0,kkrKJmiC,PlyJazqR,2710.0
682,0,fRBexIzo,cEwgxjVO,519.0
227,0,fRBexIzo,cEwgxjVO,947.0
227,0,nDzrviXX,fRBexIzo,947.0
200,0,nPkrzCty,lqMPnIra,65.0
200,0,OPXtWBVk,nPkrzCty,65.0
200,0,SvGtXrYj,OPXtWBVk,65.0
200,0,TdfMaTlB,SvGtXrYj,65.0
200,0,STSGJiIu,TdfMaTlB,65.0
200,0,vpctkpYQ,STSGJiIu,65.0
200,0,wegNXhqe,vpctkpYQ,65.0
200,0,RZyHoyLx,wegNXhqe,65.0
200,0,kKHgYdYp,RZyHoyLx,65.0
200,0,rLrKZBjw,kKHgYdYp,65.0
1255,0,BpAiVnps,RVGhYAxc,1085.0
727,0,aFlzccOO,yHDouIXe,1112.0
727,0,gpaAUChy,aFlzccOO,683.0
727,0,XAxmwtqw,gpaAUChy,683.0
727,0,YmDpkIHQ,XAxmwtqw,683.0
356,0,HQVZivsH,UTBcifAN,2728.0
356,0,DeiIsjyA,HQVZivsH,2728.0
1741,0,uxsctOEt,RfEbENxd,1084.0
1741,0,UfJDroVz,uxsctOEt,1084.0
1741,0,biJBLznK,UfJDroVz,1084.0
1741,0,TcsyXYNn,biJBLznK,1084.0
1741,0,qKeCDDXI,TcsyXYNn,1084.0
1741,0,jQaLNViL,gyQqEnFq,214.0
1741,0,RfEbENxd,jQaLNViL,281.0
1506,0,BpAiVnps,RVGhYAxc,11422.0
1506,0,LKVeVUNI,BpAiVnps,13250.0
419,0,HeRWBWAv,gbxdgQQp,4288.0
419,0,YmDpkIHQ,HeRWBWAv,4285.0
427,0,KplKuAnp,iYMJvRAf,29.0
427,0,FTwVCxQy,KplKuAnp,35.0
1244,0,LccdLENM,rZoajhYh,3217.0
1244,0,BaKUDeNn,LccdLENM,3217.0
1244,0,NuyYqrDq,BaKUDeNn,870.0
1747,0,gbxdgQQp,UwPVTdeZ,4653.0
214,0,FDCDnriY,yYSDLmlm,1053.0
214,0,hLEWSLqw,FDCDnriY,1053.0
727,0,mSXRukCc,kjxfKqbD,124.0
727,0,FFGyTMvJ,mSXRukCc,124.0
727,0,lsBVGYKC,FFGyTMvJ,124.0
727,0,WhHfbZWj,lsBVGYKC,129.0
727,0,nsbHlbAq,WhHfbZWj,169.0
727,0,cwgbfpqq,nsbHlbAq,169.0
727,0,fMrlznIn,cwgbfpqq,169.0
727,0,uXKxCjNA,fMrlznIn,169.0
727,0,bOiSLYGO,uXKxCjNA,169.0
1142,0,oBjbzljy,sZwmfbNt,534.0
1142,0,aYSqaQmJ,oBjbzljy,553.0
1142,0,PjfwSZnl,aYSqaQmJ,1632.0
1142,0,mLFZUgfn,PjfwSZnl,1724.0
1142,0,ftrZKujQ,mLFZUgfn,1724.0
1142,0,yXKTuRtI,ftrZKujQ,1724.0
1506,0,EVAUYvVR,JKFFGKvY,11482.0
1506,0,GYfZYaJh,EVAUYvVR,11447.0
1506,0,WFZVQzrl,GYfZYaJh,9057.0
727,0,CEZTRnUo,qflzswAf,116.0
727,0,funWfCdm,CEZTRnUo,116.0
727,0,rnFrOJMw,funWfCdm,116.0
727,0,MklhhYCQ,rnFrOJMw,120.0
727,0,nzTRQfUi,MklhhYCQ,120.0
727,0,nhSXMXjw,nzTRQfUi,120.0
727,0,kjxfKqbD,nhSXMXjw,121.0
209,0,SyufMOPd,HeRWBWAv,436.0
481,0,yyqygEVd,rZoajhYh,909.0
481,0,LccdLENM,yyqygEVd,909.0
481,0,BaKUDeNn,LccdLENM,909.0
209,0,FYNyHfeM,UwPVTdeZ,433.0
209,0,gbxdgQQp,FYNyHfeM,433.0
209,0,HeRWBWAv,gbxdgQQp,433.0
1468,0,rRGVruPM,GpnhEWuy,160.0
481,0,msSSSjFI,suszCmcx,313.0
720,0,kjxfKqbD,hSRFRBsa,213.0
720,0,mSXRukCc,kjxfKqbD,213.0
720,0,PkbhOCMh,mSXRukCc,213.0
720,0,FFGyTMvJ,PkbhOCMh,214.0
720,0,eyAJPdep,FFGyTMvJ,214.0
720,0,lsBVGYKC,eyAJPdep,463.0
720,0,WhHfbZWj,lsBVGYKC,1378.0
720,0,nsbHlbAq,WhHfbZWj,2881.0
720,0,cwgbfpqq,nsbHlbAq,2881.0
720,0,fMrlznIn,cwgbfpqq,2881.0
720,0,YzgNCqsj,fMrlznIn,2881.0
720,0,uXKxCjNA,YzgNCqsj,2881.0
720,0,bOiSLYGO,uXKxCjNA,2910.0
720,0,mhgPTzcZ,bOiSLYGO,3012.0
720,0,WFZVQzrl,mhgPTzcZ,839.0
720,0,QDIpIlEK,WFZVQzrl,1564.0
720,0,IESGsZGI,QDIpIlEK,1664.0
720,0,GpnhEWuy,IESGsZGI,1664.0
720,0,rRGVruPM,GpnhEWuy,1664.0
720,0,mLBQtksd,rRGVruPM,1662.0
720,0,knCDNjnp,mLBQtksd,544.0
720,0,nYVfIRsk,knCDNjnp,536.0
720,0,IHZGJZTs,nYVfIRsk,536.0
720,0,iOuVBZzk,IHZGJZTs,491.0
664,0,JXTJImqP,rlRRFZPO,540.0
664,0,zZjujLYd,JXTJImqP,540.0
664,0,tkQUdzPW,zZjujLYd,567.0
664,0,xaaBiNQT,tkQUdzPW,567.0
664,0,eddhjHaw,xaaBiNQT,694.0
664,0,HzpUPWzy,eddhjHaw,694.0
427,0,gbxdgQQp,DvHSShZC,274.0
427,0,HeRWBWAv,gbxdgQQp,274.0
427,0,nObXmJzU,HeRWBWAv,448.0
427,0,ScxuUYRs,nObXmJzU,461.0
427,0,HzpUPWzy,ScxuUYRs,468.0
227,0,QgwCgjAi,nDzrviXX,907.0
227,0,zAwPDfkg,QgwCgjAi,28.0
664,0,rlRRFZPO,BOjJhphU,85.0
233,0,GpnhEWuy,QDIpIlEK,189.0
233,0,YmkUpvHU,GpnhEWuy,148.0
253,0,WhHfbZWj,lsBVGYKC,3678.0
356,0,anWZyaGW,DeiIsjyA,2663.0
664,0,QJswlIXy,HzpUPWzy,264.0
1506,0,dbPZeeiE,LKVeVUNI,14683.0
1506,0,CsDsDrdU,dbPZeeiE,14247.0
1506,0,rJRvqICk,CsDsDrdU,13223.0
1506,0,AmahvgQB,rJRvqICk,12758.0
1506,0,aYSqaQmJ,AmahvgQB,12162.0
932,0,dikxlocD,PpqbXLrX,882.0
932,0,FZfLSowG,dikxlocD,882.0
34,0,taEXnGBL,yQIotbyH,4023.0
34,0,rZoajhYh,taEXnGBL,4023.0
34,0,NuyYqrDq,rZoajhYh,4669.0
34,0,gpaAUChy,NuyYqrDq,5302.0
1244,0,FRJCPtXT,NuyYqrDq,859.0
1244,0,lWMzEGsN,FRJCPtXT,859.0
1244,0,IgEBJNwX,lWMzEGsN,859.0
1471,0,iPNesxKP,NQaaFyOm,2052.0
1471,0,lctVuVOk,iPNesxKP,2104.0
1471,0,iLaGOhZk,lctVuVOk,3411.0
1471,0,ZpgoacOO,iLaGOhZk,3411.0
1471,0,eYoPTdNP,ZpgoacOO,4013.0
1471,0,rlRRFZPO,eYoPTdNP,4013.0
1471,0,YEqGDaQm,rlRRFZPO,4051.0
1471,0,QjBtnCad,YEqGDaQm,4051.0
1471,0,WAnDToyk,QjBtnCad,4051.0
1471,0,UwPVTdeZ,WAnDToyk,4051.0
1471,0,gbxdgQQp,UwPVTdeZ,4051.0
1471,0,HeRWBWAv,gbxdgQQp,4055.0
1471,0,xjaGpszF,HeRWBWAv,4055.0
1471,0,ALSylDBQ,xjaGpszF,4055.0
1471,0,CTdLzzOf,ALSylDBQ,4698.0
1471,0,MOTjsakF,CTdLzzOf,4698.0
1142,0,NXLrCKMp,xiTGCYEl,1521.0
1142,0,FyoAuDvn,NXLrCKMp,1521.0
1142,0,GpnhEWuy,FyoAuDvn,1752.0
1142,0,rRGVruPM,GpnhEWuy,1893.0
1142,0,mLBQtksd,rRGVruPM,1798.0
1142,0,knCDNjnp,mLBQtksd,2104.0
1142,0,nYVfIRsk,knCDNjnp,2101.0
1142,0,IHZGJZTs,nYVfIRsk,1783.0
1142,0,EcsZBajf,IHZGJZTs,1783.0
1142,0,iOuVBZzk,EcsZBajf,1957.0
1471,0,NQaaFyOm,gzZgDndk,1488.0
664,0,OrbXRiVv,QJswlIXy,263.0
448,0,QontmjvH,JIllbhjr,2.0
448,0,flXjJYer,QontmjvH,2.0
448,0,oBtsEQRM,flXjJYer,2.0
448,0,uxsctOEt,oBtsEQRM,2.0
448,0,lsFGVtlq,uxsctOEt,2.0
448,0,UfJDroVz,lsFGVtlq,2.0
448,0,biJBLznK,UfJDroVz,2.0
448,0,TcsyXYNn,biJBLznK,2.0
448,0,qKeCDDXI,TcsyXYNn,2.0
448,0,YmkUpvHU,qKeCDDXI,2.0
448,0,GbYxEXTt,YmkUpvHU,2.0
448,0,ItndWSiW,GbYxEXTt,2.0
448,0,DOGyniWl,ItndWSiW,2.0
448,0,fubLBmAl,DOGyniWl,2.0
448,0,zjSAMvDn,fubLBmAl,2.0
1740,0,DeiIsjyA,HQVZivsH,500.0
1740,0,anWZyaGW,DeiIsjyA,640.0
1740,0,OrbXRiVv,anWZyaGW,677.0
852,0,CEZTRnUo,qflzswAf,6.0
852,0,funWfCdm,CEZTRnUo,6.0
852,0,rnFrOJMw,funWfCdm,6.0
852,0,MklhhYCQ,rnFrOJMw,6.0
852,0,nzTRQfUi,MklhhYCQ,6.0
852,0,nhSXMXjw,nzTRQfUi,6.0
852,0,kjxfKqbD,nhSXMXjw,6.0
852,0,mSXRukCc,kjxfKqbD,6.0
852,0,FFGyTMvJ,mSXRukCc,6.0
852,0,eyAJPdep,FFGyTMvJ,6.0
852,0,lsBVGYKC,eyAJPdep,6.0
1140,0,eddhjHaw,xaaBiNQT,1457.0
1140,0,MmtauPfr,eddhjHaw,1457.0
427,0,NmoBNBiw,HzpUPWzy,675.0
427,0,MmtauPfr,NmoBNBiw,675.0
102,0,WdOwNGhj,xfbmoJHP,1289.0
102,0,kKKRBhFF,WdOwNGhj,1289.0
102,0,NFInfBeu,kKKRBhFF,1472.0
102,0,VCQdmIoF,NFInfBeu,1472.0
102,0,ePrpofUw,VCQdmIoF,1472.0
102,0,KcvPUxQg,ePrpofUw,1573.0
102,0,BlnSxBAr,KcvPUxQg,1723.0
102,0,WuDSdBCd,BlnSxBAr,2168.0
102,0,icUsjZEb,WuDSdBCd,2224.0
102,0,lhadwkCG,icUsjZEb,2224.0
102,0,awnNVqry,lhadwkCG,2224.0
102,0,mXwfazRz,awnNVqry,2225.0
102,0,NGAodVTg,mXwfazRz,2225.0
102,0,TvGyfQSI,NGAodVTg,2225.0
102,0,HFYkXdPG,TvGyfQSI,2225.0
102,0,KjgVoxgR,HFYkXdPG,2225.0
102,0,EmkugZPX,KjgVoxgR,2218.0
102,0,lmZJehpq,EmkugZPX,2214.0
102,0,RVGhYAxc,lmZJehpq,2214.0
102,0,BpAiVnps,RVGhYAxc,2204.0
102,0,LKVeVUNI,BpAiVnps,2204.0
102,0,dbPZeeiE,LKVeVUNI,1680.0
102,0,CsDsDrdU,dbPZeeiE,1662.0
102,0,rJRvqICk,CsDsDrdU,1335.0
102,0,AmahvgQB,rJRvqICk,1335.0
102,0,aYSqaQmJ,AmahvgQB,1305.0
1142,0,yFEIEiOj,yXKTuRtI,1370.0
1142,0,dlzglDFV,yFEIEiOj,1345.0
1142,0,pZATYgJX,dlzglDFV,1345.0
1142,0,DkqFSkSd,pZATYgJX,1345.0
1142,0,bZroqIhX,DkqFSkSd,1345.0
1142,0,cNuIRYrx,bZroqIhX,1345.0
1506,0,paIawFeA,nIakFMcq,4848.0
1506,0,LYjhOoFf,paIawFeA,4917.0
34,0,IgEBJNwX,gpaAUChy,4556.0
34,0,NCVzutVL,IgEBJNwX,4820.0
1244,0,DSOJysaP,IgEBJNwX,1114.0
1471,0,IgEBJNwX,MOTjsakF,4211.0
1471,0,NCVzutVL,IgEBJNwX,4036.0
1142,0,yNIUaSyZ,cNuIRYrx,1328.0
1142,0,xiTGCYEl,yNIUaSyZ,1328.0
449,0,anWZyaGW,DeiIsjyA,19.0
449,0,OrbXRiVv,anWZyaGW,19.0
449,0,cNuIRYrx,OrbXRiVv,52.0
449,0,yNIUaSyZ,cNuIRYrx,52.0
449,0,xiTGCYEl,yNIUaSyZ,52.0
449,0,NXLrCKMp,xiTGCYEl,52.0
449,0,FyoAuDvn,NXLrCKMp,52.0
449,0,GpnhEWuy,FyoAuDvn,52.0
449,0,mLBQtksd,GpnhEWuy,52.0
449,0,knCDNjnp,mLBQtksd,52.0
449,0,nYVfIRsk,knCDNjnp,52.0
449,0,IHZGJZTs,nYVfIRsk,52.0
449,0,EcsZBajf,IHZGJZTs,52.0
427,0,FBwCHGmG,MmtauPfr,1453.0
427,0,cEsQRYAp,FBwCHGmG,1453.0
1140,0,LtGOEkbi,MmtauPfr,1313.0
1140,0,YGTBEvoR,LtGOEkbi,1304.0
1140,0,nYVfIRsk,YGTBEvoR,764.0
1141,0,QontmjvH,JIllbhjr,888.0
1141,0,flXjJYer,QontmjvH,888.0
1141,0,oBtsEQRM,flXjJYer,888.0
1141,0,UFoaQvGg,oBtsEQRM,1189.0
1141,0,uxsctOEt,UFoaQvGg,1189.0
1141,0,lsFGVtlq,uxsctOEt,1201.0
1453,0,NUTqiXnx,RfEbENxd,522.0
1453,0,lsFGVtlq,NUTqiXnx,522.0
1365,0,GpnhEWuy,QDIpIlEK,4952.0
1365,0,rRGVruPM,GpnhEWuy,4951.0
1365,0,mLBQtksd,rRGVruPM,4763.0
1365,0,knCDNjnp,mLBQtksd,4134.0
1365,0,nYVfIRsk,knCDNjnp,4134.0
1365,0,IHZGJZTs,nYVfIRsk,4138.0
1365,0,EcsZBajf,IHZGJZTs,4138.0
1453,0,RfEbENxd,jQaLNViL,460.0
682,0,XtlnoPeE,fRBexIzo,467.0
682,0,eTJQHplR,XtlnoPeE,406.0
682,0,bZroqIhX,eTJQHplR,439.0
682,0,cNuIRYrx,bZroqIhX,439.0
682,0,yNIUaSyZ,cNuIRYrx,436.0
682,0,xiTGCYEl,yNIUaSyZ,436.0
682,0,NXLrCKMp,xiTGCYEl,349.0
682,0,FyoAuDvn,NXLrCKMp,349.0
682,0,GpnhEWuy,FyoAuDvn,349.0
682,0,mLBQtksd,GpnhEWuy,348.0
682,0,knCDNjnp,mLBQtksd,171.0
682,0,nYVfIRsk,knCDNjnp,171.0
682,0,IHZGJZTs,nYVfIRsk,171.0
685,0,XtlnoPeE,fRBexIzo,1702.0
685,0,eTJQHplR,XtlnoPeE,1661.0
685,0,bZroqIhX,eTJQHplR,2210.0
685,0,cNuIRYrx,bZroqIhX,2203.0
685,0,yNIUaSyZ,cNuIRYrx,2203.0
685,0,xiTGCYEl,yNIUaSyZ,2203.0
685,0,NXLrCKMp,xiTGCYEl,2084.0
685,0,FyoAuDvn,NXLrCKMp,2084.0
685,0,GpnhEWuy,FyoAuDvn,1157.0
685,0,mLBQtksd,GpnhEWuy,1156.0
685,0,knCDNjnp,mLBQtksd,691.0
685,0,nYVfIRsk,knCDNjnp,691.0
685,0,IHZGJZTs,nYVfIRsk,691.0
1318,0,eTJQHplR,XqVVjUzr,5982.0
712,0,RVGhYAxc,lmZJehpq,3053.0
712,0,BpAiVnps,RVGhYAxc,1245.0
1365,0,LKVeVUNI,BpAiVnps,2157.0
1365,0,dbPZeeiE,LKVeVUNI,2670.0
1365,0,CsDsDrdU,dbPZeeiE,2903.0
1365,0,rJRvqICk,CsDsDrdU,2999.0
1365,0,AmahvgQB,rJRvqICk,3048.0
1365,0,zgCGmKZn,AmahvgQB,3048.0
1365,0,JKFFGKvY,zgCGmKZn,4007.0
1365,0,EVAUYvVR,JKFFGKvY,4148.0
1365,0,GYfZYaJh,EVAUYvVR,4150.0
1365,0,WFZVQzrl,GYfZYaJh,4437.0
1365,0,QDIpIlEK,WFZVQzrl,4795.0
1512,0,QHFmFyLR,EkWBPXmr,1707.0
1512,0,neNWquOh,QHFmFyLR,1707.0
1512,0,KwaxxmSs,neNWquOh,1782.0
1512,0,gzZgDndk,KwaxxmSs,2523.0
1512,0,NQaaFyOm,gzZgDndk,3628.0
1512,0,iPNesxKP,NQaaFyOm,5609.0
1512,0,lctVuVOk,iPNesxKP,6402.0
1512,0,EocVuyzS,lctVuVOk,6854.0
1512,0,lwcIkPvE,EocVuyzS,7061.0
1512,0,suszCmcx,lwcIkPvE,7065.0
1512,0,UTBcifAN,suszCmcx,7577.0
1512,0,HQVZivsH,UTBcifAN,9661.0
1512,0,DeiIsjyA,HQVZivsH,9661.0
1512,0,anWZyaGW,DeiIsjyA,12286.0
1512,0,OrbXRiVv,anWZyaGW,12457.0
1512,0,cNuIRYrx,OrbXRiVv,12975.0
1318,0,STSGJiIu,TdfMaTlB,2687.0
1318,0,vpctkpYQ,STSGJiIu,2934.0
1318,0,XqVVjUzr,vpctkpYQ,2968.0
250,0,bZroqIhX,eTJQHplR,2020.0
250,0,cNuIRYrx,bZroqIhX,2020.0
725,0,CTdLzzOf,YmDpkIHQ,1278.0
725,0,MOTjsakF,CTdLzzOf,1278.0
725,0,IgEBJNwX,MOTjsakF,1278.0
725,0,Yhslgmod,IgEBJNwX,2056.0
725,0,UfJDroVz,Yhslgmod,2219.0
12,0,HeRWBWAv,gbxdgQQp,293.0
12,0,xjaGpszF,HeRWBWAv,293.0
12,0,CTdLzzOf,xjaGpszF,293.0
12,0,MOTjsakF,CTdLzzOf,293.0
12,0,IgEBJNwX,MOTjsakF,293.0
12,0,Yhslgmod,IgEBJNwX,293.0
1471,0,Yhslgmod,NCVzutVL,3933.0
1506,0,zgCGmKZn,aYSqaQmJ,11936.0
1506,0,JKFFGKvY,zgCGmKZn,11534.0
1512,0,yNIUaSyZ,cNuIRYrx,12879.0
1512,0,xiTGCYEl,yNIUaSyZ,12879.0
664,0,cNuIRYrx,OrbXRiVv,370.0
664,0,yNIUaSyZ,cNuIRYrx,360.0
664,0,xiTGCYEl,yNIUaSyZ,360.0
666,0,WAnDToyk,KHrhIPzf,143.0
666,0,HUkyeYlq,WAnDToyk,143.0
666,0,PYpgWopD,HUkyeYlq,176.0
666,0,lDeAZniB,PYpgWopD,176.0
666,0,bLzlxnwB,lDeAZniB,176.0
666,0,wSspaAkq,bLzlxnwB,268.0
666,0,NppIhzQC,wSspaAkq,268.0
666,0,anWZyaGW,NppIhzQC,268.0
666,0,OrbXRiVv,anWZyaGW,268.0
666,0,cNuIRYrx,OrbXRiVv,268.0
666,0,yNIUaSyZ,cNuIRYrx,268.0
666,0,xiTGCYEl,yNIUaSyZ,268.0
725,0,biJBLznK,UfJDroVz,2202.0
725,0,TcsyXYNn,biJBLznK,2202.0
725,0,qKeCDDXI,TcsyXYNn,2825.0
253,0,GbYxEXTt,YmkUpvHU,3147.0
233,0,GbYxEXTt,YmkUpvHU,106.0
233,0,ItndWSiW,GbYxEXTt,106.0
1468,0,YmkUpvHU,rRGVruPM,158.0
1468,0,GbYxEXTt,YmkUpvHU,158.0
528,0,IESGsZGI,QDIpIlEK,696.0
528,0,GpnhEWuy,IESGsZGI,696.0
528,0,rRGVruPM,GpnhEWuy,696.0
528,0,YmkUpvHU,rRGVruPM,766.0
528,0,GbYxEXTt,YmkUpvHU,766.0
528,0,ItndWSiW,GbYxEXTt,766.0
1750,0,GpnhEWuy,QDIpIlEK,680.0
1750,0,rRGVruPM,GpnhEWuy,680.0
1750,0,YmkUpvHU,rRGVruPM,541.0
1750,0,GbYxEXTt,YmkUpvHU,541.0
798,0,GpnhEWuy,QDIpIlEK,815.0
798,0,rRGVruPM,GpnhEWuy,815.0
798,0,YmkUpvHU,rRGVruPM,815.0
798,0,GbYxEXTt,YmkUpvHU,815.0
803,0,GbYxEXTt,YmkUpvHU,112.0
803,0,ItndWSiW,GbYxEXTt,112.0
798,0,llFTEWtD,IulxyPoH,195.0
798,0,fPhIOSOj,llFTEWtD,195.0
798,0,PQDqFTyk,fPhIOSOj,195.0
798,0,lUWTaWkd,PQDqFTyk,195.0
798,0,LDSuadxM,lUWTaWkd,195.0
1554,0,udTxdaUq,YmkUpvHU,25.0
1554,0,ItndWSiW,udTxdaUq,25.0
75,0,rilZLDfI,TzZKgVDl,1011.0
75,0,kTKiYpVR,rilZLDfI,971.0
75,0,bjpXdchK,kTKiYpVR,239.0
75,0,dEgXqWEW,bjpXdchK,239.0
75,0,ZWGREbnj,dEgXqWEW,239.0
75,0,cgIzawVB,ZWGREbnj,239.0
803,0,kWrGTFqC,cgIzawVB,4.0
1740,0,cNuIRYrx,OrbXRiVv,520.0
1740,0,yNIUaSyZ,cNuIRYrx,519.0
1740,0,xiTGCYEl,yNIUaSyZ,517.0
250,0,yNIUaSyZ,cNuIRYrx,1559.0
250,0,xiTGCYEl,yNIUaSyZ,1559.0
1142,0,EGZEcfNZ,lqMPnIra,162.0
1142,0,SgGmeaHk,EGZEcfNZ,162.0
1142,0,tpTDqbZI,SgGmeaHk,186.0
1142,0,hhrNEaMZ,tpTDqbZI,186.0
1142,0,BeiMHrtx,hhrNEaMZ,186.0
1142,0,sZwmfbNt,BeiMHrtx,186.0
319,0,EdqXvVeI,nPkrzCty,550.0
319,0,oBjbzljy,EdqXvVeI,544.0
866,0,zKrYjMnL,AGvhWyhD,1973.0
866,0,tRncbstl,WFZVQzrl,382.0
866,0,GiONHkbf,tRncbstl,382.0
866,0,QDIpIlEK,GiONHkbf,274.0
866,0,GpnhEWuy,QDIpIlEK,165.0
866,0,rRGVruPM,GpnhEWuy,165.0
866,0,YmkUpvHU,rRGVruPM,130.0
866,0,GbYxEXTt,YmkUpvHU,110.0
866,0,ItndWSiW,GbYxEXTt,110.0
880,0,uFMjBiuq,OUzlATeX,23.0
880,0,yQTYDvhm,uFMjBiuq,23.0
880,0,ySPnpMTg,yQTYDvhm,23.0
880,0,ZIPCqImv,ySPnpMTg,23.0
880,0,aWNaUdzp,ZIPCqImv,23.0
880,0,FCsbIOBe,aWNaUdzp,23.0
880,0,wyEQXfIU,FCsbIOBe,23.0
880,0,WhHfbZWj,wyEQXfIU,23.0
880,0,nsbHlbAq,WhHfbZWj,6.0
880,0,cwgbfpqq,nsbHlbAq,6.0
880,0,fMrlznIn,cwgbfpqq,6.0
880,0,uXKxCjNA,fMrlznIn,6.0
880,0,bOiSLYGO,uXKxCjNA,6.0
880,0,mhgPTzcZ,bOiSLYGO,5.0
880,0,WFZVQzrl,mhgPTzcZ,5.0
880,0,GiONHkbf,WFZVQzrl,5.0
880,0,QDIpIlEK,GiONHkbf,5.0
880,0,OeFzXvJs,QDIpIlEK,4.0
880,0,IESGsZGI,OeFzXvJs,4.0
880,0,GpnhEWuy,IESGsZGI,4.0
880,0,YmkUpvHU,GpnhEWuy,4.0
880,0,udTxdaUq,YmkUpvHU,4.0
880,0,ItndWSiW,udTxdaUq,4.0
1318,0,SvGtXrYj,OPXtWBVk,3069.0
1318,0,TdfMaTlB,SvGtXrYj,3069.0
253,0,CEZTRnUo,qflzswAf,3553.0
253,0,funWfCdm,CEZTRnUo,3553.0
253,0,rnFrOJMw,funWfCdm,3553.0
253,0,MklhhYCQ,rnFrOJMw,3553.0
253,0,nzTRQfUi,MklhhYCQ,3594.0
253,0,nhSXMXjw,nzTRQfUi,3607.0
253,0,kjxfKqbD,nhSXMXjw,3607.0
253,0,mSXRukCc,kjxfKqbD,3622.0
253,0,FFGyTMvJ,mSXRukCc,3622.0
253,0,lsBVGYKC,FFGyTMvJ,3839.0
1398,0,mhYSfvAq,UgzfanVk,23.0
556,0,VqaowPBW,jclWPsvP,1.0
556,0,aYYzuUOl,VqaowPBW,1.0
556,0,tYpogBTU,aYYzuUOl,1.0
556,0,YrCeLzau,tYpogBTU,1.0
556,0,qcYsEYco,YrCeLzau,1.0
556,0,GOFbtMrp,qcYsEYco,1.0
556,0,uzcbLUNR,GOFbtMrp,1.0
556,0,zezeKItL,uzcbLUNR,1.0
556,0,VpHOqNar,zezeKItL,1.0
556,0,vDTAjOOR,VpHOqNar,1.0
556,0,UDUmRzWP,vDTAjOOR,1.0
556,0,kVWwehGs,UDUmRzWP,1.0
556,0,ixhHdGBo,kVWwehGs,1.0
556,0,agMXkLfj,ixhHdGBo,1.0
1453,0,jQaLNViL,XJRnAJHc,243.0
1453,0,WUWIxCFc,OdzEGWPG,497.0
1453,0,XJRnAJHc,WUWIxCFc,497.0
1453,0,cQHgTjKq,wGTdgRcU,511.0
1453,0,ruogAkOJ,cQHgTjKq,511.0
1453,0,tndfGrTh,ruogAkOJ,511.0
1453,0,OdzEGWPG,tndfGrTh,511.0
1453,0,meZHMfSd,yTNmoAGc,646.0
1453,0,wGTdgRcU,meZHMfSd,646.0
1453,0,wDEypHfE,QCBPrBCl,786.0
1453,0,yTNmoAGc,wDEypHfE,812.0
1453,0,rGYrQqGa,OUTzwMHI,941.0
1453,0,QCBPrBCl,rGYrQqGa,941.0
1453,0,FcnKVDJl,jQytwadI,1651.0
1453,0,mIuUuYnu,FcnKVDJl,1651.0
1453,0,OUTzwMHI,mIuUuYnu,1079.0
1453,0,JZbiEaEt,LsuNFzpq,5071.0
1453,0,RchOKnYD,JZbiEaEt,5587.0
1453,0,BMDeXhVp,RchOKnYD,5587.0
1453,0,jQytwadI,BMDeXhVp,5587.0
235,0,SlfNpref,aUPouXsN,5464.0
235,0,nrKKniYe,SlfNpref,5464.0
235,0,BpAiVnps,MgruBUee,2797.0
108,0,EmkugZPX,xTOrUJFO,9357.0
108,0,lmZJehpq,EmkugZPX,9336.0
108,0,tDDddUJb,lmZJehpq,9282.0
108,0,RVGhYAxc,tDDddUJb,8765.0
108,0,BpAiVnps,RVGhYAxc,5322.0
1733,0,hCbDNPhh,kzneBolb,256.0
1733,0,oFLgHrco,hCbDNPhh,256.0
1733,0,yrWAEsGy,oFLgHrco,256.0
1733,0,qGIkRenz,yrWAEsGy,256.0
1733,0,ytUqATXS,qGIkRenz,256.0
1733,0,TcsyXYNn,ytUqATXS,256.0
1733,0,qKeCDDXI,TcsyXYNn,256.0
1733,0,YmkUpvHU,qKeCDDXI,256.0
427,0,qKeCDDXI,cEsQRYAp,1452.0
1740,0,NXLrCKMp,xiTGCYEl,468.0
1740,0,FyoAuDvn,NXLrCKMp,468.0
1740,0,GpnhEWuy,FyoAuDvn,468.0
1740,0,mLBQtksd,GpnhEWuy,468.0
719,0,uxsctOEt,RfEbENxd,2650.0
719,0,UfJDroVz,uxsctOEt,2650.0
719,0,TcsyXYNn,UfJDroVz,2650.0
719,0,qKeCDDXI,TcsyXYNn,2650.0
719,0,jQaLNViL,gyQqEnFq,705.0
719,0,RfEbENxd,jQaLNViL,929.0
601,0,qvujbmjR,mKIQRbrs,1305.0
601,0,upZFxFqB,qvujbmjR,1305.0
601,0,SqxhBMol,upZFxFqB,1305.0
601,0,nrKKniYe,SqxhBMol,1379.0
601,0,HrNWphPZ,nrKKniYe,2003.0
601,0,XwcxmOai,HrNWphPZ,2059.0
601,0,RfzcmazU,XwcxmOai,1854.0
369,0,bZroqIhX,eTJQHplR,955.0
369,0,cNuIRYrx,bZroqIhX,955.0
369,0,yNIUaSyZ,cNuIRYrx,1161.0
369,0,xiTGCYEl,yNIUaSyZ,1161.0
369,0,NXLrCKMp,xiTGCYEl,2199.0
369,0,FyoAuDvn,NXLrCKMp,2199.0
369,0,GpnhEWuy,FyoAuDvn,2234.0
369,0,rRGVruPM,GpnhEWuy,2367.0
369,0,mLBQtksd,rRGVruPM,2426.0
712,0,lmZJehpq,EmkugZPX,1860.0
1183,0,HACGurUy,ABBXwUbo,150.0
1183,0,IAWSKEHF,HACGurUy,172.0
1183,0,leVkrEcC,IAWSKEHF,174.0
1183,0,XiLvnZTk,leVkrEcC,172.0
1183,0,FStgRiBS,XiLvnZTk,49.0
1183,0,GkYZbgqg,FStgRiBS,49.0
1183,0,FlYjxOxQ,GkYZbgqg,49.0
1183,0,wFSILCzc,FlYjxOxQ,49.0
1183,0,yQQuLFAg,wFSILCzc,49.0
1183,0,rckblBTM,yQQuLFAg,30.0
1183,0,fGmFhgnx,rckblBTM,24.0
1183,0,XyHfgUxW,fGmFhgnx,15.0
1183,0,zjjLSYAp,XyHfgUxW,15.0
1183,0,nIakFMcq,zjjLSYAp,15.0
1326,0,pkhwWQVf,KSSwmuEx,1103.0
1326,0,JxFLnqJu,pkhwWQVf,1239.0
1326,0,GDiQpvtB,JxFLnqJu,1239.0
1326,0,fGmFhgnx,GDiQpvtB,1239.0
1326,0,XyHfgUxW,fGmFhgnx,770.0
1326,0,zjjLSYAp,XyHfgUxW,763.0
1326,0,nIakFMcq,zjjLSYAp,763.0
1497,0,XMWgellz,vqGhvZJF,659.0
1497,0,EmkugZPX,XMWgellz,472.0
1497,0,lmZJehpq,EmkugZPX,472.0
1497,0,tDDddUJb,lmZJehpq,472.0
1497,0,RVGhYAxc,tDDddUJb,470.0
1497,0,BpAiVnps,RVGhYAxc,408.0
1255,0,XiLvnZTk,Vlipnutt,930.0
1255,0,FStgRiBS,XiLvnZTk,936.0
1255,0,GkYZbgqg,FStgRiBS,936.0
1255,0,FlYjxOxQ,GkYZbgqg,936.0
1255,0,wFSILCzc,FlYjxOxQ,936.0
1255,0,yQQuLFAg,wFSILCzc,938.0
1255,0,rUKSlFeh,yQQuLFAg,1582.0
1124,0,XXYtSQEl,wRBXcbqq,136.0
1124,0,MklhhYCQ,XXYtSQEl,136.0
1124,0,nzTRQfUi,MklhhYCQ,99.0
1124,0,nhSXMXjw,nzTRQfUi,66.0
1124,0,kjxfKqbD,nhSXMXjw,55.0
1124,0,mSXRukCc,kjxfKqbD,55.0
1124,0,FFGyTMvJ,mSXRukCc,55.0
1124,0,lsBVGYKC,FFGyTMvJ,54.0
1124,0,WhHfbZWj,lsBVGYKC,54.0
1244,0,YQjdQVmS,DSOJysaP,953.0
1244,0,JIllbhjr,YQjdQVmS,953.0
449,0,iOuVBZzk,EcsZBajf,41.0
449,0,cTQVugNT,iOuVBZzk,41.0
449,0,iAOahMMx,cTQVugNT,41.0
449,0,LoadLeSC,iAOahMMx,41.0
449,0,MAwbjJfJ,LoadLeSC,41.0
449,0,jIFrASnh,MAwbjJfJ,41.0
1142,0,MvaVVzVx,iOuVBZzk,1961.0
1142,0,cTQVugNT,MvaVVzVx,1972.0
1142,0,iAOahMMx,cTQVugNT,676.0
1142,0,LoadLeSC,iAOahMMx,676.0
1142,0,MAwbjJfJ,LoadLeSC,676.0
1142,0,jIFrASnh,MAwbjJfJ,676.0
1245,0,LoadLeSC,VnwdBPma,1094.0
1245,0,jIFrASnh,LoadLeSC,1094.0
1245,0,jQaLNViL,gyQqEnFq,430.0
1245,0,VnwdBPma,jQaLNViL,445.0
682,0,iOuVBZzk,IHZGJZTs,110.0
682,0,MvaVVzVx,iOuVBZzk,110.0
682,0,VnwdBPma,MvaVVzVx,110.0
682,0,LoadLeSC,VnwdBPma,110.0
682,0,MAwbjJfJ,LoadLeSC,110.0
682,0,jIFrASnh,MAwbjJfJ,110.0
1365,0,MvaVVzVx,EcsZBajf,4057.0
685,0,JGbfxLUL,KQSHMGnw,399.0
685,0,IjwLXBRx,JGbfxLUL,399.0
685,0,TPsFloRu,IjwLXBRx,449.0
685,0,VCDwRKse,TPsFloRu,1007.0
685,0,wvKdtztS,VCDwRKse,1010.0
685,0,LBOtcvsG,wvKdtztS,1010.0
34,0,cTQVugNT,NCVzutVL,4438.0
1471,0,MvaVVzVx,Yhslgmod,3702.0
1471,0,cTQVugNT,MvaVVzVx,3702.0
1740,0,knCDNjnp,mLBQtksd,313.0
1740,0,nYVfIRsk,knCDNjnp,313.0
1740,0,IHZGJZTs,nYVfIRsk,313.0
1740,0,iOuVBZzk,IHZGJZTs,313.0
1740,0,cTQVugNT,iOuVBZzk,313.0
1244,0,flXjJYer,JIllbhjr,1207.0
1244,0,oBtsEQRM,flXjJYer,1207.0
1365,0,cTQVugNT,MvaVVzVx,4046.0
821,0,xbhuXgnr,JGydtICe,8.0
821,0,zjGRmLyo,xbhuXgnr,8.0
821,0,EXTmTMKf,zjGRmLyo,8.0
821,0,yfIoPTHo,EXTmTMKf,8.0
821,0,GnOurcjN,yfIoPTHo,8.0
821,0,vHkAlmCm,GnOurcjN,8.0
821,0,WynPMslR,vHkAlmCm,8.0
821,0,jQaLNViL,WynPMslR,8.0
821,0,RfEbENxd,jQaLNViL,7.0
685,0,iOuVBZzk,IHZGJZTs,603.0
685,0,MvaVVzVx,iOuVBZzk,603.0
685,0,cTQVugNT,MvaVVzVx,603.0
720,0,cTQVugNT,iOuVBZzk,411.0
762,0,hFISFuCO,BxmxkKGC,5850.0
762,0,fQRLOpha,hFISFuCO,5850.0
1435,0,ejMjPdTH,SVPLEqNI,9083.0
1435,0,CKorGRkE,ejMjPdTH,9377.0
1435,0,eaNsVWDR,CKorGRkE,9377.0
1435,0,xzbhGFLT,eaNsVWDR,9313.0
1435,0,hpACGGyB,xzbhGFLT,10079.0
1435,0,VgUdLlOW,hpACGGyB,10062.0
1435,0,ywuGpANM,VgUdLlOW,10031.0
1435,0,BZCtSmhk,ywuGpANM,7033.0
1435,0,NbgxPNNK,BZCtSmhk,7440.0
1435,0,vOKcaAnW,NbgxPNNK,7186.0
1435,0,HOwZAROe,vOKcaAnW,6755.0
1435,0,opPTwucI,HOwZAROe,7023.0
1435,0,htzVSGDL,opPTwucI,7064.0
1435,0,KabAcwBq,htzVSGDL,7072.0
1435,0,HAmwZMhM,KabAcwBq,6854.0
1140,0,ulSrvocN,nYVfIRsk,1072.0
1140,0,CqefHKGq,ulSrvocN,1072.0
369,0,knCDNjnp,mLBQtksd,4389.0
369,0,nYVfIRsk,knCDNjnp,4389.0
369,0,ulSrvocN,nYVfIRsk,4531.0
369,0,CqefHKGq,ulSrvocN,4531.0
1178,0,dJJmWSZi,WyfCQhSW,5466.0
1178,0,JNybvbry,dJJmWSZi,5466.0
1178,0,pKQmWfSR,JNybvbry,5466.0
1178,0,AFMSRepx,pKQmWfSR,6135.0
1178,0,WEgiiGlQ,AFMSRepx,6394.0
1178,0,sLYsFXAH,WEgiiGlQ,6395.0
1178,0,WjKdBsVK,sLYsFXAH,6395.0
1178,0,STKMtPtJ,WjKdBsVK,6395.0
1178,0,MyVorJBj,STKMtPtJ,6395.0
1178,0,AayEawbi,MyVorJBj,6395.0
1178,0,MQIshiHv,AayEawbi,6256.0
1178,0,ZqROcYrU,MQIshiHv,6256.0
1178,0,pKwZMigm,ZqROcYrU,6256.0
1178,0,watqBVeC,pKwZMigm,6256.0
1178,0,PAegbDaK,watqBVeC,7146.0
1178,0,MCZGGmLQ,PAegbDaK,7001.0
1178,0,WIZPpGvl,MCZGGmLQ,6001.0
1178,0,qflzswAf,WIZPpGvl,5982.0
250,0,NXLrCKMp,xiTGCYEl,1421.0
250,0,FyoAuDvn,NXLrCKMp,1426.0
250,0,WOOyqinT,FyoAuDvn,1364.0
1178,0,WyfCQhSW,ogOCBKAf,5037.0
1441,0,xbhuXgnr,JGydtICe,732.0
1441,0,zjGRmLyo,xbhuXgnr,732.0
1441,0,EXTmTMKf,zjGRmLyo,732.0
1441,0,yfIoPTHo,EXTmTMKf,732.0
1441,0,GnOurcjN,yfIoPTHo,732.0
1441,0,vHkAlmCm,GnOurcjN,605.0
1441,0,WynPMslR,vHkAlmCm,605.0
1441,0,qjwSVoCq,WynPMslR,526.0
369,0,rSnWVhOw,CqefHKGq,4674.0
1365,0,WvPJYXMk,cTQVugNT,1740.0
1365,0,gyQqEnFq,WvPJYXMk,1654.0
1244,0,cNypyxpr,TwyfqMnN,531.0
1244,0,gyQqEnFq,cNypyxpr,491.0
1512,0,NXLrCKMp,xiTGCYEl,11533.0
1512,0,FyoAuDvn,NXLrCKMp,11533.0
1512,0,WOOyqinT,FyoAuDvn,11430.0
1512,0,mnkgCFDT,WOOyqinT,12737.0
178,0,oUmVLfUX,WKWTpoqQ,383.0
178,0,fJdABIlw,oUmVLfUX,383.0
178,0,mXwfazRz,fJdABIlw,316.0
178,0,NGAodVTg,mXwfazRz,288.0
178,0,TvGyfQSI,NGAodVTg,288.0
178,0,HFYkXdPG,TvGyfQSI,288.0
178,0,KjgVoxgR,HFYkXdPG,264.0
178,0,xTOrUJFO,KjgVoxgR,235.0
178,0,EmkugZPX,xTOrUJFO,235.0
178,0,lmZJehpq,EmkugZPX,228.0
178,0,tDDddUJb,lmZJehpq,228.0
178,0,RVGhYAxc,tDDddUJb,137.0
178,0,BpAiVnps,RVGhYAxc,108.0
102,0,zgCGmKZn,aYSqaQmJ,1215.0
102,0,JKFFGKvY,zgCGmKZn,1142.0
102,0,EVAUYvVR,JKFFGKvY,1141.0
102,0,GYfZYaJh,EVAUYvVR,1141.0
102,0,hSQYmgMj,GYfZYaJh,445.0
102,0,mnkgCFDT,hSQYmgMj,445.0
666,0,ZyxFjabk,yQIotbyH,83.0
666,0,RyfxjoUl,ZyxFjabk,83.0
666,0,QIQMIQBO,RyfxjoUl,83.0
666,0,KHrhIPzf,QIQMIQBO,83.0
666,0,NXLrCKMp,xiTGCYEl,221.0
666,0,FyoAuDvn,NXLrCKMp,221.0
666,0,WOOyqinT,FyoAuDvn,221.0
666,0,mnkgCFDT,WOOyqinT,221.0
232,0,NXLrCKMp,xiTGCYEl,2444.0
232,0,FyoAuDvn,NXLrCKMp,2444.0
232,0,WOOyqinT,FyoAuDvn,2889.0
232,0,VfTFpfzB,WOOyqinT,2974.0
427,0,YmkUpvHU,qKeCDDXI,1690.0
427,0,WOOyqinT,YmkUpvHU,1689.0
427,0,mnkgCFDT,WOOyqinT,1609.0
719,0,YmkUpvHU,qKeCDDXI,2335.0
719,0,WOOyqinT,YmkUpvHU,2255.0
719,0,mnkgCFDT,WOOyqinT,2154.0
528,0,pRBbbEoD,YspLWkZX,566.0
528,0,cfVAtKgo,pRBbbEoD,566.0
528,0,QMiQTlda,cfVAtKgo,566.0
528,0,MaKoROaE,QMiQTlda,566.0
528,0,NrNaZyPp,MaKoROaE,566.0
143,0,NrNaZyPp,MaKoROaE,2181.0
1452,0,gHieypBQ,IOpdOfiF,6638.0
1452,0,vfoDngvn,gHieypBQ,6638.0
1452,0,EPWXwPSq,vfoDngvn,6638.0
143,0,mnkgCFDT,YmkUpvHU,120.0
994,0,NrNaZyPp,MaKoROaE,963.0
994,0,mexFgKBp,NrNaZyPp,483.0
72,0,rilZLDfI,TzZKgVDl,34.0
72,0,kTKiYpVR,rilZLDfI,51.0
72,0,bjpXdchK,kTKiYpVR,61.0
72,0,dEgXqWEW,bjpXdchK,61.0
72,0,ZWGREbnj,dEgXqWEW,61.0
72,0,cgIzawVB,ZWGREbnj,61.0
72,0,CbYTLXWK,cgIzawVB,61.0
72,0,kWrGTFqC,CbYTLXWK,61.0
72,0,ubEwIGdf,kWrGTFqC,61.0
72,0,aBKtLgYB,ubEwIGdf,61.0
72,0,qduHdsCL,aBKtLgYB,61.0
72,0,GYMzAvFw,qduHdsCL,61.0
72,0,VXAxIwYs,GYMzAvFw,61.0
72,0,ZHWKFCEn,VXAxIwYs,61.0
72,0,KbemmdTp,ZHWKFCEn,61.0
72,0,wTVyxBBy,KbemmdTp,61.0
72,0,LNRgsQQF,wTVyxBBy,61.0
72,0,lhYDMMsV,LNRgsQQF,61.0
72,0,OhgtKZPi,lhYDMMsV,61.0
72,0,MULNmVBJ,OhgtKZPi,61.0
313,0,NGAodVTg,cmBFyxQG,960.0
313,0,TvGyfQSI,NGAodVTg,959.0
313,0,HFYkXdPG,TvGyfQSI,958.0
313,0,KjgVoxgR,HFYkXdPG,964.0
313,0,EmkugZPX,KjgVoxgR,1142.0
313,0,lmZJehpq,EmkugZPX,1080.0
313,0,RVGhYAxc,lmZJehpq,1600.0
313,0,BpAiVnps,RVGhYAxc,1334.0
313,0,LKVeVUNI,BpAiVnps,1297.0
313,0,dbPZeeiE,LKVeVUNI,1127.0
313,0,CsDsDrdU,dbPZeeiE,1169.0
313,0,rJRvqICk,CsDsDrdU,1186.0
313,0,AmahvgQB,rJRvqICk,1186.0
313,0,aYSqaQmJ,AmahvgQB,1175.0
313,0,zgCGmKZn,aYSqaQmJ,1609.0
313,0,JKFFGKvY,zgCGmKZn,1572.0
313,0,EVAUYvVR,JKFFGKvY,1572.0
313,0,GYfZYaJh,EVAUYvVR,1583.0
313,0,hSQYmgMj,GYfZYaJh,1524.0
313,0,mnkgCFDT,hSQYmgMj,1524.0
1748,0,bZroqIhX,eTJQHplR,1741.0
1748,0,yNIUaSyZ,bZroqIhX,1741.0
1748,0,xiTGCYEl,yNIUaSyZ,1743.0
1748,0,NXLrCKMp,xiTGCYEl,3101.0
1748,0,FyoAuDvn,NXLrCKMp,3101.0
1748,0,WOOyqinT,FyoAuDvn,3101.0
1748,0,VfTFpfzB,WOOyqinT,3181.0
1263,0,cdpcgPuX,RufmISTr,5330.0
1263,0,qnxnYECs,cdpcgPuX,5330.0
1263,0,QNScHwgR,qnxnYECs,5330.0
1263,0,dLUoTBAU,QNScHwgR,5234.0
1263,0,NfHwMQdR,dLUoTBAU,3214.0
1263,0,EGZEcfNZ,NfHwMQdR,3214.0
1263,0,SgGmeaHk,EGZEcfNZ,3214.0
1263,0,tpTDqbZI,SgGmeaHk,3251.0
1263,0,hhrNEaMZ,tpTDqbZI,3251.0
1263,0,BeiMHrtx,hhrNEaMZ,3251.0
1263,0,sZwmfbNt,BeiMHrtx,3264.0
1263,0,oBjbzljy,sZwmfbNt,3970.0
1263,0,aYSqaQmJ,oBjbzljy,4752.0
1263,0,zgCGmKZn,aYSqaQmJ,5165.0
1497,0,LKVeVUNI,BpAiVnps,169.0
1497,0,dbPZeeiE,LKVeVUNI,147.0
1497,0,CsDsDrdU,dbPZeeiE,133.0
1497,0,rJRvqICk,CsDsDrdU,133.0
1497,0,AmahvgQB,rJRvqICk,133.0
1497,0,aYSqaQmJ,AmahvgQB,120.0
1497,0,JKFFGKvY,aYSqaQmJ,113.0
1497,0,EVAUYvVR,JKFFGKvY,113.0
1497,0,GYfZYaJh,EVAUYvVR,113.0
1497,0,hSQYmgMj,GYfZYaJh,1.0
1497,0,mnkgCFDT,hSQYmgMj,1.0
1075,0,THcpliIL,fikrodNW,1401.0
1075,0,HaEOaLMB,THcpliIL,1401.0
1075,0,IkeqCtDY,HaEOaLMB,1398.0
1075,0,wpHpdxFs,IkeqCtDY,1433.0
1075,0,QHulIYnO,wpHpdxFs,1433.0
1075,0,sKtQEUzZ,QHulIYnO,1446.0
1075,0,acVCzwtl,sKtQEUzZ,1447.0
1075,0,TIlepZYr,acVCzwtl,1444.0
80,0,tjYcJLRB,EkWBPXmr,998.0
80,0,iYMJvRAf,tjYcJLRB,1201.0
80,0,KplKuAnp,iYMJvRAf,1253.0
80,0,FTwVCxQy,KplKuAnp,1253.0
80,0,xnBCUPNx,FTwVCxQy,1635.0
80,0,MEVzYGii,xnBCUPNx,1652.0
80,0,yQIotbyH,MEVzYGii,1652.0
80,0,taEXnGBL,yQIotbyH,2334.0
80,0,rZoajhYh,taEXnGBL,2334.0
80,0,NuyYqrDq,rZoajhYh,2334.0
80,0,gpaAUChy,NuyYqrDq,2554.0
80,0,IgEBJNwX,gpaAUChy,2554.0
80,0,NCVzutVL,IgEBJNwX,2833.0
80,0,cTQVugNT,NCVzutVL,2841.0
80,0,cNypyxpr,cTQVugNT,3817.0
80,0,uRlXNIwL,cNypyxpr,4334.0
12,0,MvaVVzVx,Yhslgmod,274.0
12,0,cTQVugNT,MvaVVzVx,274.0
12,0,cNypyxpr,cTQVugNT,274.0
12,0,gyQqEnFq,cNypyxpr,274.0
1471,0,cNypyxpr,cTQVugNT,3339.0
1471,0,gyQqEnFq,cNypyxpr,3278.0
1747,0,gyQqEnFq,cNypyxpr,694.0
1740,0,cNypyxpr,cTQVugNT,258.0
1740,0,gyQqEnFq,cNypyxpr,164.0
1244,0,TwyfqMnN,oBtsEQRM,530.0
1532,0,gyQqEnFq,WvPJYXMk,2203.0
529,0,elmHqfIN,jTofnsvB,847.0
529,0,YhQOzAWJ,elmHqfIN,847.0
529,0,vNuEvleV,YhQOzAWJ,847.0
529,0,FUctipSE,vNuEvleV,847.0
529,0,PWitnUnB,FUctipSE,374.0
529,0,zwmwkNcj,PWitnUnB,374.0
529,0,DJDPVkXF,zwmwkNcj,374.0
529,0,FrOiWYSP,DJDPVkXF,374.0
529,0,mNGfniSu,FrOiWYSP,374.0
529,0,qjwSVoCq,mNGfniSu,230.0
529,0,WvPJYXMk,qjwSVoCq,230.0
529,0,gyQqEnFq,WvPJYXMk,230.0
1435,0,gyQqEnFq,WvPJYXMk,3468.0
1419,0,RSQixiib,HLAPntjh,4148.0
1419,0,qrzeRBPC,RSQixiib,733.0
1419,0,phXawcIY,qrzeRBPC,724.0
1419,0,EXTmTMKf,phXawcIY,719.0
1419,0,yfIoPTHo,EXTmTMKf,719.0
1419,0,GnOurcjN,yfIoPTHo,719.0
1419,0,vHkAlmCm,GnOurcjN,234.0
1419,0,WynPMslR,vHkAlmCm,234.0
1419,0,qjwSVoCq,WynPMslR,177.0
1419,0,WvPJYXMk,qjwSVoCq,177.0
1419,0,gyQqEnFq,WvPJYXMk,177.0
1441,0,gyQqEnFq,qjwSVoCq,496.0
1435,0,AUmOMGnp,YqlTLIQa,10641.0
1435,0,SVPLEqNI,AUmOMGnp,11361.0
1435,0,FZsFzszJ,gzTQJVMW,8250.0
1435,0,KgwKZlse,FZsFzszJ,8774.0
1435,0,ALhaazBT,KgwKZlse,8774.0
1435,0,YqlTLIQa,ALhaazBT,10510.0
1435,0,gzTQJVMW,RVEyrwjR,7312.0
1435,0,XLVjRryq,NxbXiMUL,1842.0
1435,0,RVEyrwjR,XLVjRryq,2389.0
1435,0,vDFCntfg,YvwuVYMF,1033.0
1435,0,NxbXiMUL,vDFCntfg,1048.0
1099,0,XnIbYwkm,fOMMjSqm,72.0
1099,0,ulxuvpsp,kGQEnBYZ,46.0
1099,0,fOMMjSqm,ulxuvpsp,46.0
685,0,cNypyxpr,cTQVugNT,300.0
685,0,gyQqEnFq,cNypyxpr,297.0
720,0,cNypyxpr,cTQVugNT,254.0
720,0,gyQqEnFq,cNypyxpr,89.0
1701,0,kPoXDVhr,DgeiAShx,2257.0
1701,0,QkhvVJfO,kPoXDVhr,2394.0
1701,0,jBRcoEIn,QkhvVJfO,2378.0
1701,0,pNohcrtk,jBRcoEIn,2378.0
1701,0,aHsZaffM,pNohcrtk,525.0
835,0,cIQOVqQI,njiqgOWt,4568.0
835,0,OyAyNkqZ,cIQOVqQI,4527.0
129,0,pzcCDVmZ,TCBUGaZf,232.0
129,0,oUmVLfUX,pzcCDVmZ,232.0
129,0,fJdABIlw,oUmVLfUX,232.0
129,0,mXwfazRz,fJdABIlw,232.0
129,0,NGAodVTg,mXwfazRz,232.0
129,0,TvGyfQSI,NGAodVTg,232.0
129,0,HFYkXdPG,TvGyfQSI,232.0
129,0,KjgVoxgR,HFYkXdPG,232.0
129,0,xTOrUJFO,KjgVoxgR,227.0
129,0,EmkugZPX,xTOrUJFO,227.0
129,0,lmZJehpq,EmkugZPX,227.0
129,0,tDDddUJb,lmZJehpq,226.0
129,0,RVGhYAxc,tDDddUJb,221.0
528,0,aWeSqqrV,gyQqEnFq,319.0
528,0,WRVBvtIE,aWeSqqrV,319.0
528,0,YspLWkZX,WRVBvtIE,322.0
825,0,xbhuXgnr,JGydtICe,3.0
825,0,zjGRmLyo,xbhuXgnr,3.0
825,0,EXTmTMKf,zjGRmLyo,3.0
825,0,yfIoPTHo,EXTmTMKf,2.0
825,0,GnOurcjN,yfIoPTHo,2.0
825,0,vHkAlmCm,GnOurcjN,2.0
825,0,WynPMslR,vHkAlmCm,2.0
1124,0,wRBXcbqq,WhRBEXGR,125.0
1124,0,nsbHlbAq,WhHfbZWj,49.0
1124,0,cwgbfpqq,nsbHlbAq,49.0
1124,0,fMrlznIn,cwgbfpqq,49.0
1124,0,uXKxCjNA,fMrlznIn,49.0
1124,0,bOiSLYGO,uXKxCjNA,49.0
1124,0,mhgPTzcZ,bOiSLYGO,45.0
1124,0,WFZVQzrl,mhgPTzcZ,42.0
1124,0,GiONHkbf,WFZVQzrl,40.0
1124,0,QDIpIlEK,GiONHkbf,3.0
1707,0,PiHPpcZe,MPxbDKyu,4.0
1707,0,mBlbMFFC,PiHPpcZe,4.0
1707,0,BGChynOq,mBlbMFFC,4.0
1707,0,ffHVhHJj,BGChynOq,3.0
1707,0,itmFNPnQ,ffHVhHJj,3.0
1707,0,mEEGNlDG,itmFNPnQ,3.0
1707,0,jVOVHrFU,mEEGNlDG,3.0
170,0,oUmVLfUX,FCeDiZsN,1303.0
170,0,fJdABIlw,oUmVLfUX,1303.0
170,0,mXwfazRz,fJdABIlw,1253.0
170,0,NGAodVTg,mXwfazRz,894.0
170,0,TvGyfQSI,NGAodVTg,894.0
170,0,HFYkXdPG,TvGyfQSI,894.0
170,0,KjgVoxgR,HFYkXdPG,850.0
170,0,xTOrUJFO,KjgVoxgR,739.0
170,0,EmkugZPX,xTOrUJFO,739.0
170,0,lmZJehpq,EmkugZPX,728.0
250,0,mnkgCFDT,WOOyqinT,1589.0
1537,0,jvuOCfJT,BCaYhIgf,53.0
1537,0,vGKZybsV,jvuOCfJT,53.0
1537,0,lEwLedpG,vGKZybsV,27.0
1537,0,GtMUYUwJ,lEwLedpG,27.0
1537,0,lQIpGOTn,GtMUYUwJ,27.0
1537,0,uhUmvvRs,lQIpGOTn,27.0
1537,0,GgLRqpEG,uhUmvvRs,2.0
1537,0,WFZVQzrl,GgLRqpEG,1.0
477,0,jFmPCmzM,AjJCgCBk,1850.0
477,0,fkZFUNSd,jFmPCmzM,1130.0
477,0,cttUtMNm,fkZFUNSd,1130.0
477,0,wHfmVQMh,cttUtMNm,1130.0
477,0,mdGitRQe,wHfmVQMh,842.0
477,0,SOBUilCD,mdGitRQe,757.0
477,0,RVGhYAxc,SOBUilCD,757.0
463,0,UWOHRooW,Fwqgdxfa,1722.0
463,0,ImIhxSnH,UWOHRooW,1799.0
463,0,iEKuRfDT,ImIhxSnH,1795.0
463,0,PlyJazqR,iEKuRfDT,1795.0
1379,0,bdIbpKdP,IATYolYz,1170.0
1379,0,VJibZvbS,bdIbpKdP,1170.0
1379,0,uSZbdBno,VJibZvbS,1179.0
1379,0,GtaXwPrK,uSZbdBno,1179.0
1379,0,SfxDAXEq,GtaXwPrK,1179.0
1379,0,PIUpvPaY,SfxDAXEq,1179.0
1379,0,XCZfXGna,PIUpvPaY,1521.0
1379,0,FYonLsVT,XCZfXGna,1493.0
1379,0,voXQjjKh,FYonLsVT,1493.0
1258,0,RYTcAdhr,yLFlKjKg,2712.0
1258,0,isWzWnoW,RYTcAdhr,2785.0
1140,0,rSnWVhOw,CqefHKGq,1028.0
1140,0,xfoaGXVJ,rSnWVhOw,1028.0
1140,0,kzneBolb,xfoaGXVJ,1028.0
1531,0,aWeSqqrV,gyQqEnFq,3006.0
142,0,FUctipSE,vNuEvleV,3083.0
142,0,PWitnUnB,FUctipSE,3672.0
142,0,zwmwkNcj,PWitnUnB,3672.0
142,0,DJDPVkXF,zwmwkNcj,3672.0
142,0,mNGfniSu,FrOiWYSP,3293.0
142,0,FrOiWYSP,DJDPVkXF,3250.0
232,0,ZYYdVixc,VfTFpfzB,3362.0
1506,0,tRncbstl,WFZVQzrl,8914.0
34,0,cNypyxpr,cTQVugNT,6279.0
34,0,WRVBvtIE,cNypyxpr,6291.0
34,0,RuAJZyMI,WRVBvtIE,5639.0
369,0,RuAJZyMI,rSnWVhOw,4472.0
529,0,ZYYdVixc,VfTFpfzB,617.0
529,0,jWRsQoYS,ZYYdVixc,617.0
529,0,jTofnsvB,jWRsQoYS,617.0
142,0,tRncbstl,WFZVQzrl,2796.0
142,0,gLCWwgiT,tRncbstl,2893.0
142,0,jTofnsvB,gLCWwgiT,3464.0
142,0,elmHqfIN,jTofnsvB,4812.0
142,0,YhQOzAWJ,elmHqfIN,4812.0
142,0,vNuEvleV,YhQOzAWJ,4531.0
992,0,dbPZeeiE,LKVeVUNI,2749.0
992,0,CsDsDrdU,dbPZeeiE,2919.0
992,0,rJRvqICk,CsDsDrdU,3110.0
992,0,AmahvgQB,rJRvqICk,3110.0
992,0,aYSqaQmJ,AmahvgQB,3111.0
992,0,zgCGmKZn,aYSqaQmJ,3408.0
992,0,JKFFGKvY,zgCGmKZn,3408.0
992,0,GYfZYaJh,JKFFGKvY,3408.0
992,0,WFZVQzrl,GYfZYaJh,3448.0
992,0,tRncbstl,WFZVQzrl,4218.0
992,0,gLCWwgiT,tRncbstl,4218.0
992,0,jTofnsvB,gLCWwgiT,4218.0
992,0,elmHqfIN,jTofnsvB,4271.0
992,0,YhQOzAWJ,elmHqfIN,4271.0
992,0,vNuEvleV,YhQOzAWJ,4271.0
992,0,FUctipSE,vNuEvleV,4425.0
992,0,PWitnUnB,FUctipSE,4153.0
992,0,FrOiWYSP,PWitnUnB,4655.0
992,0,mNGfniSu,FrOiWYSP,4655.0
992,0,LKVeVUNI,BpAiVnps,2499.0
1619,0,rxAHdfLr,NztIaxQU,871.0
1619,0,dGXuUmCy,rxAHdfLr,871.0
1619,0,dIJpAwev,dGXuUmCy,871.0
1619,0,jcExlqwL,dIJpAwev,888.0
1622,0,TKRrUtKV,jcExlqwL,1607.0
1622,0,JleZjXmc,TKRrUtKV,1607.0
1622,0,fTKGeENK,JleZjXmc,1607.0
1622,0,zdgoUaFA,fTKGeENK,1596.0
142,0,WFZVQzrl,JAgpxShP,278.0
47,0,fGmFhgnx,rckblBTM,7319.0
47,0,XyHfgUxW,fGmFhgnx,5879.0
47,0,zjjLSYAp,XyHfgUxW,5818.0
47,0,nIakFMcq,zjjLSYAp,5818.0
1506,0,gLCWwgiT,tRncbstl,8073.0
1748,0,ZYYdVixc,VfTFpfzB,5747.0
1748,0,gLCWwgiT,ZYYdVixc,5920.0
994,0,KIvXTDlT,mexFgKBp,105.0
994,0,TgzZcdmy,KIvXTDlT,105.0
994,0,SEjojzMr,TgzZcdmy,105.0
1486,0,QHFmFyLR,EkWBPXmr,47.0
1486,0,neNWquOh,QHFmFyLR,47.0
1486,0,KwaxxmSs,neNWquOh,47.0
1486,0,gzZgDndk,KwaxxmSs,48.0
1486,0,NQaaFyOm,gzZgDndk,71.0
1486,0,iPNesxKP,NQaaFyOm,80.0
1486,0,lctVuVOk,iPNesxKP,117.0
1486,0,EocVuyzS,lctVuVOk,118.0
1486,0,lwcIkPvE,EocVuyzS,118.0
1486,0,suszCmcx,lwcIkPvE,118.0
1486,0,UTBcifAN,suszCmcx,118.0
1486,0,HQVZivsH,UTBcifAN,187.0
1486,0,DeiIsjyA,HQVZivsH,187.0
1486,0,anWZyaGW,DeiIsjyA,688.0
1486,0,OrbXRiVv,anWZyaGW,707.0
1486,0,cNuIRYrx,OrbXRiVv,709.0
1486,0,yNIUaSyZ,cNuIRYrx,709.0
1486,0,xiTGCYEl,yNIUaSyZ,709.0
1486,0,NXLrCKMp,xiTGCYEl,709.0
1486,0,FyoAuDvn,NXLrCKMp,709.0
1486,0,WOOyqinT,FyoAuDvn,709.0
1486,0,VfTFpfzB,WOOyqinT,709.0
1486,0,ZYYdVixc,VfTFpfzB,709.0
1486,0,gLCWwgiT,ZYYdVixc,709.0
1486,0,jTofnsvB,gLCWwgiT,709.0
1506,0,jTofnsvB,gLCWwgiT,8035.0
712,0,EmkugZPX,xTOrUJFO,1848.0
664,0,DRkcXziO,IIzQthVA,1.0
664,0,fTOPrrgc,DRkcXziO,1.0
664,0,ErjukRDc,fTOPrrgc,5.0
664,0,BOjJhphU,ErjukRDc,5.0
664,0,NXLrCKMp,xiTGCYEl,432.0
664,0,FyoAuDvn,NXLrCKMp,427.0
664,0,GpnhEWuy,FyoAuDvn,516.0
664,0,fNoKcjVu,GpnhEWuy,513.0
664,0,ZeFKXxfu,fNoKcjVu,618.0
664,0,wYWONrrr,ZeFKXxfu,203.0
664,0,jTofnsvB,wYWONrrr,203.0
1748,0,jTofnsvB,gLCWwgiT,6163.0
1713,0,HcKLTTXk,EFeZyZmg,12.0
1713,0,IvXmMOhB,HcKLTTXk,12.0
1713,0,KIvXTDlT,IvXmMOhB,12.0
1713,0,TgzZcdmy,KIvXTDlT,12.0
1713,0,SEjojzMr,TgzZcdmy,12.0
1419,0,opPTwucI,HOwZAROe,2242.0
1419,0,htzVSGDL,opPTwucI,2281.0
1419,0,KabAcwBq,htzVSGDL,2281.0
1419,0,HAmwZMhM,KabAcwBq,2349.0
1015,0,NrNaZyPp,MaKoROaE,88.0
1015,0,mexFgKBp,NrNaZyPp,20.0
1015,0,KIvXTDlT,mexFgKBp,6.0
1015,0,TgzZcdmy,KIvXTDlT,6.0
1015,0,SEjojzMr,TgzZcdmy,6.0
318,0,YvLYpMPH,POdtxoZm,3319.0
318,0,DjKGsdyb,YvLYpMPH,3787.0
318,0,ExPvCHrU,DjKGsdyb,3676.0
318,0,OCwYbEnq,ExPvCHrU,3676.0
318,0,rsJSqETv,OCwYbEnq,3633.0
318,0,nrUfCQxz,rsJSqETv,3633.0
318,0,psXocZQH,kkrKJmiC,2664.0
318,0,yprCGtVa,psXocZQH,2664.0
318,0,pPqywgRl,yprCGtVa,2577.0
318,0,SJHseTdc,pPqywgRl,2876.0
318,0,ydQuGMgP,SJHseTdc,2880.0
318,0,AmahvgQB,ydQuGMgP,2952.0
292,0,fkZFUNSd,TrOiZJox,3010.0
292,0,JYrrjUtU,fkZFUNSd,2337.0
292,0,cttUtMNm,JYrrjUtU,2337.0
292,0,EarJIhnU,cttUtMNm,2359.0
292,0,KZBDkcEB,EarJIhnU,2359.0
798,0,hFISFuCO,BxmxkKGC,30.0
798,0,fQRLOpha,hFISFuCO,30.0
798,0,PXPVuGmP,fQRLOpha,30.0
798,0,IulxyPoH,PXPVuGmP,30.0
1512,0,OpgRCgWV,mnkgCFDT,14136.0
1300,0,aYSqaQmJ,AmahvgQB,8826.0
1300,0,zgCGmKZn,aYSqaQmJ,8961.0
1300,0,EVAUYvVR,zgCGmKZn,8998.0
1300,0,GYfZYaJh,EVAUYvVR,8998.0
1300,0,OpgRCgWV,GYfZYaJh,9104.0
1263,0,OpgRCgWV,GYfZYaJh,7837.0
177,0,oUmVLfUX,WKWTpoqQ,2658.0
177,0,fJdABIlw,oUmVLfUX,2658.0
177,0,mXwfazRz,fJdABIlw,2473.0
177,0,NGAodVTg,mXwfazRz,2433.0
177,0,TvGyfQSI,NGAodVTg,2433.0
177,0,HFYkXdPG,TvGyfQSI,2433.0
177,0,KjgVoxgR,HFYkXdPG,2309.0
177,0,xTOrUJFO,KjgVoxgR,1931.0
177,0,EmkugZPX,xTOrUJFO,1929.0
177,0,lmZJehpq,EmkugZPX,1891.0
177,0,tDDddUJb,lmZJehpq,1891.0
177,0,RVGhYAxc,tDDddUJb,1791.0
177,0,BpAiVnps,RVGhYAxc,1152.0
1300,0,LKVeVUNI,BpAiVnps,5505.0
1300,0,dbPZeeiE,LKVeVUNI,7094.0
1300,0,CsDsDrdU,dbPZeeiE,7651.0
1300,0,AmahvgQB,CsDsDrdU,8019.0
1506,0,elmHqfIN,jTofnsvB,5479.0
232,0,wEeBJTuq,ZYYdVixc,4962.0
233,0,kXOxEoFm,lRwVVbKf,1415.0
233,0,EFeZyZmg,kXOxEoFm,1415.0
233,0,zVMCvpDh,zfmNZkKD,851.0
233,0,nOepWjtB,zVMCvpDh,851.0
233,0,kNXaohyL,nOepWjtB,851.0
233,0,gJicbLzN,kNXaohyL,851.0
233,0,lRwVVbKf,gJicbLzN,796.0
233,0,ULIlEdjB,XHLHCkqn,1473.0
233,0,zfmNZkKD,ULIlEdjB,1467.0
233,0,wefAcLKj,GTWLqqnN,1750.0
233,0,RxHTaOMh,wefAcLKj,1750.0
233,0,WavUqaXE,RxHTaOMh,1756.0
233,0,XHLHCkqn,WavUqaXE,1821.0
233,0,zQfdkFQV,JafVjQhg,1733.0
233,0,GTWLqqnN,zQfdkFQV,1733.0
233,0,JafVjQhg,RZCadHVt,1212.0
1467,0,bZroqIhX,eTJQHplR,107.0
1467,0,cNuIRYrx,bZroqIhX,107.0
1467,0,yNIUaSyZ,cNuIRYrx,121.0
1467,0,xiTGCYEl,yNIUaSyZ,121.0
1467,0,NXLrCKMp,xiTGCYEl,209.0
1467,0,FyoAuDvn,NXLrCKMp,209.0
1467,0,WOOyqinT,FyoAuDvn,209.0
1467,0,VfTFpfzB,WOOyqinT,217.0
1467,0,ZYYdVixc,VfTFpfzB,466.0
1467,0,wEeBJTuq,ZYYdVixc,511.0
232,0,TsfVbSCQ,wEeBJTuq,4820.0
1531,0,NrNaZyPp,MaKoROaE,4076.0
1531,0,zUgDRwiy,NrNaZyPp,3241.0
1107,0,qflzswAf,PyGiRErs,559.0
80,0,QPpuxtew,uRlXNIwL,4020.0
80,0,gHkojtqc,QPpuxtew,4020.0
1452,0,iOuVBZzk,lsFGVtlq,33.0
1452,0,cTQVugNT,iOuVBZzk,33.0
1452,0,cNypyxpr,cTQVugNT,33.0
1452,0,uRlXNIwL,cNypyxpr,33.0
1452,0,QPpuxtew,uRlXNIwL,33.0
1452,0,gHkojtqc,QPpuxtew,33.0
1453,0,kVCEAUTv,dHuMOmqh,4569.0
1453,0,LsuNFzpq,kVCEAUTv,4931.0
1453,0,llFTEWtD,IulxyPoH,3767.0
1453,0,TvvslWVF,llFTEWtD,3767.0
1453,0,SgXyhVwd,TvvslWVF,3524.0
1453,0,fPhIOSOj,SgXyhVwd,3524.0
1453,0,PQDqFTyk,fPhIOSOj,3524.0
1453,0,SOzmnmNW,PQDqFTyk,3524.0
1453,0,OhBAPvsb,SOzmnmNW,3524.0
1453,0,dHuMOmqh,OhBAPvsb,3663.0
1453,0,TQhrUKrf,BxmxkKGC,3341.0
1453,0,hFISFuCO,TQhrUKrf,3341.0
1453,0,IJrmTLNf,hFISFuCO,3341.0
1453,0,byRkdSCW,IJrmTLNf,3341.0
1453,0,fQRLOpha,byRkdSCW,3341.0
1453,0,PXPVuGmP,fQRLOpha,3416.0
1453,0,JpcivbxC,PXPVuGmP,3416.0
1453,0,IulxyPoH,JpcivbxC,3414.0
762,0,BxmxkKGC,ojqTFFWy,6750.0
1566,0,tRncbstl,WFZVQzrl,185.0
1566,0,gLCWwgiT,tRncbstl,185.0
1566,0,mUWkXJQU,gLCWwgiT,185.0
1566,0,dVVBCEuD,mUWkXJQU,185.0
1566,0,WOnIRuRn,dVVBCEuD,185.0
232,0,LArfnWEk,TsfVbSCQ,4787.0
1263,0,JKFFGKvY,zgCGmKZn,4868.0
1263,0,EVAUYvVR,JKFFGKvY,4888.0
1263,0,GYfZYaJh,EVAUYvVR,4891.0
14,0,xYUjBvzT,CheNYOmP,6547.0
14,0,JXJZtHSD,xYUjBvzT,6547.0
14,0,owqgejgM,JXJZtHSD,2831.0
1467,0,TsfVbSCQ,wEeBJTuq,495.0
1467,0,coyRXGtt,TsfVbSCQ,495.0
1133,0,CNyHgccZ,fJuPdFXq,944.0
1133,0,zSTvyVov,CNyHgccZ,944.0
1133,0,ixyllwBo,zSTvyVov,944.0
1133,0,vUtsOMRz,ixyllwBo,944.0
1133,0,mAuYaRAP,vUtsOMRz,944.0
1133,0,GauoQJWJ,mAuYaRAP,944.0
1133,0,zjuuJEOg,GauoQJWJ,944.0
1133,0,TIygQLDW,zjuuJEOg,944.0
1133,0,QkOFoFkV,TIygQLDW,944.0
1133,0,wmKJhgsh,QkOFoFkV,944.0
1133,0,IpOsGrUQ,wmKJhgsh,944.0
1133,0,exRzHfND,IpOsGrUQ,815.0
1133,0,bIhgcGjB,exRzHfND,815.0
1133,0,dMpYNFzw,bIhgcGjB,815.0
1133,0,phodyDNv,dMpYNFzw,815.0
1133,0,gcvwQKzE,phodyDNv,733.0
1133,0,RuqLEiFp,gcvwQKzE,733.0
1133,0,NAwFzVQz,RuqLEiFp,581.0
1133,0,jEliwrSM,NAwFzVQz,581.0
1133,0,OUlPxErG,jEliwrSM,581.0
1133,0,SPorkGXj,OUlPxErG,459.0
1133,0,IJbUVGLH,SPorkGXj,459.0
1133,0,ZqOseExI,IJbUVGLH,459.0
1133,0,FdBCLyPI,ZqOseExI,356.0
1133,0,CrOFTJlw,FdBCLyPI,356.0
1133,0,PyGiRErs,CrOFTJlw,356.0
1133,0,qflzswAf,PyGiRErs,269.0
1566,0,wdHHIViJ,WOnIRuRn,10.0
34,0,MtINPaKl,RuAJZyMI,4792.0
34,0,SGVPbDEb,MtINPaKl,3006.0
369,0,MtINPaKl,RuAJZyMI,4032.0
369,0,SGVPbDEb,MtINPaKl,3358.0
142,0,MtINPaKl,mNGfniSu,3159.0
142,0,SGVPbDEb,MtINPaKl,3292.0
1418,0,aWeSqqrV,gyQqEnFq,2595.0
1418,0,WRVBvtIE,aWeSqqrV,2751.0
1418,0,RuAJZyMI,WRVBvtIE,2757.0
1418,0,MtINPaKl,RuAJZyMI,3264.0
1418,0,SGVPbDEb,MtINPaKl,4779.0
992,0,MtINPaKl,mNGfniSu,4954.0
992,0,SGVPbDEb,MtINPaKl,5758.0
1623,0,FqfYfMFg,AmahvgQB,1227.0
1623,0,qBmbuqyA,FqfYfMFg,1267.0
1623,0,DjKOMvif,qBmbuqyA,1267.0
1623,0,kbmudFZh,DjKOMvif,1227.0
1623,0,AHkkayoK,kbmudFZh,1227.0
1623,0,NjUfThdh,AHkkayoK,1236.0
1623,0,yEChtXTr,NjUfThdh,1236.0
1623,0,BspMHRhr,yEChtXTr,957.0
1623,0,jkxhkeqK,BspMHRhr,1489.0
1623,0,RrdfQruE,jkxhkeqK,1471.0
1623,0,FHknKSNi,RrdfQruE,1471.0
1623,0,GYenbKMg,FHknKSNi,1465.0
250,0,IoxYvxeH,mnkgCFDT,5730.0
250,0,yrlDljAC,IoxYvxeH,6111.0
250,0,rBCwdRqs,yrlDljAC,6111.0
250,0,olAnplnl,rBCwdRqs,6111.0
250,0,hpCuKAjH,olAnplnl,6119.0
250,0,tyeyrnYi,hpCuKAjH,6119.0
464,0,ImIhxSnH,Fwqgdxfa,8744.0
464,0,iEKuRfDT,ImIhxSnH,8689.0
464,0,psXocZQH,iEKuRfDT,9336.0
464,0,yprCGtVa,psXocZQH,9336.0
464,0,pPqywgRl,yprCGtVa,9832.0
464,0,HGjkimBc,pPqywgRl,10781.0
464,0,lqMPnIra,HGjkimBc,10677.0
464,0,eKMWhxRF,lqMPnIra,8734.0
464,0,pRsoSsPh,eKMWhxRF,8277.0
464,0,pUxrqkbR,pRsoSsPh,9854.0
464,0,GmRorurF,pUxrqkbR,9841.0
464,0,rWJbJwsc,GmRorurF,5694.0
725,0,IoxYvxeH,mnkgCFDT,1210.0
725,0,yrlDljAC,IoxYvxeH,1084.0
725,0,rBCwdRqs,yrlDljAC,1084.0
725,0,olAnplnl,rBCwdRqs,1084.0
725,0,hpCuKAjH,olAnplnl,1084.0
725,0,tyeyrnYi,hpCuKAjH,1084.0
719,0,kVhbTVuU,mnkgCFDT,477.0
719,0,IoxYvxeH,kVhbTVuU,1608.0
719,0,yrlDljAC,IoxYvxeH,1553.0
719,0,FCQHCFVm,yrlDljAC,1553.0
719,0,rBCwdRqs,FCQHCFVm,1553.0
719,0,olAnplnl,rBCwdRqs,1553.0
719,0,hpCuKAjH,olAnplnl,1548.0
719,0,tyeyrnYi,hpCuKAjH,1548.0
292,0,jFmPCmzM,AjJCgCBk,2209.0
292,0,TrOiZJox,jFmPCmzM,2209.0
1486,0,YhQOzAWJ,jTofnsvB,603.0
1486,0,zUgDRwiy,YhQOzAWJ,603.0
1506,0,YhQOzAWJ,elmHqfIN,5394.0
1506,0,zUgDRwiy,YhQOzAWJ,5026.0
664,0,elmHqfIN,jTofnsvB,115.0
664,0,YhQOzAWJ,elmHqfIN,115.0
664,0,zUgDRwiy,YhQOzAWJ,115.0
1748,0,elmHqfIN,jTofnsvB,4481.0
1748,0,YhQOzAWJ,elmHqfIN,4481.0
1748,0,zUgDRwiy,YhQOzAWJ,4463.0
142,0,JAgpxShP,qufiaPgM,37.0
1584,0,wWIFrmtv,vbdtPbuh,26.0
1584,0,CTPkMihJ,wWIFrmtv,26.0
1584,0,VesdDWYE,CTPkMihJ,26.0
1584,0,ILlCOmHK,VesdDWYE,26.0
1584,0,uEdtlgzA,ILlCOmHK,26.0
1584,0,HcKLTTXk,uEdtlgzA,26.0
1584,0,IvXmMOhB,HcKLTTXk,25.0
1419,0,BZCtSmhk,ywuGpANM,1860.0
1419,0,NbgxPNNK,BZCtSmhk,1861.0
1419,0,vOKcaAnW,NbgxPNNK,1873.0
1419,0,HOwZAROe,vOKcaAnW,1873.0
560,0,avbDVyxh,WGPbPoOh,515.0
560,0,gzkuviLm,avbDVyxh,515.0
560,0,CkzMckPC,gzkuviLm,515.0
560,0,WywmvGMH,CkzMckPC,515.0
292,0,SlfNpref,aUPouXsN,1540.0
292,0,mTbspdLq,SlfNpref,1540.0
292,0,nrKKniYe,mTbspdLq,1525.0
292,0,SWnceHEw,nrKKniYe,1890.0
292,0,AjJCgCBk,SWnceHEw,1890.0
679,0,jXeBpcDF,lZYsrfVZ,3464.0
679,0,wHfmVQMh,cttUtMNm,4085.0
679,0,mdGitRQe,wHfmVQMh,2658.0
1419,0,VgUdLlOW,hpACGGyB,251.0
1419,0,ywuGpANM,VgUdLlOW,251.0
1262,0,AmahvgQB,vSdfqYeK,3671.0
1262,0,lOtREfVG,AmahvgQB,3156.0
1262,0,SMhobJmy,lOtREfVG,3156.0
1262,0,ZdIQslRD,SMhobJmy,2576.0
1331,0,kXOxEoFm,lRwVVbKf,45.0
1331,0,EFeZyZmg,kXOxEoFm,45.0
1331,0,MoCDatJm,EFeZyZmg,61.0
1512,0,ntDOQspU,OpgRCgWV,12567.0
1512,0,AXkvSZpr,ntDOQspU,12583.0
1263,0,ntDOQspU,OpgRCgWV,11928.0
1263,0,AXkvSZpr,ntDOQspU,11990.0
232,0,KUCrTzrk,LArfnWEk,4610.0
1331,0,ULIlEdjB,XHLHCkqn,2.0
1331,0,zfmNZkKD,ULIlEdjB,2.0
1331,0,zVMCvpDh,zfmNZkKD,2.0
1331,0,nOepWjtB,zVMCvpDh,2.0
1331,0,kNXaohyL,nOepWjtB,2.0
1331,0,gJicbLzN,kNXaohyL,2.0
1331,0,lRwVVbKf,gJicbLzN,2.0
1331,0,GTWLqqnN,JafVjQhg,1.0
1331,0,wefAcLKj,GTWLqqnN,1.0
1331,0,RxHTaOMh,wefAcLKj,1.0
1331,0,XHLHCkqn,RxHTaOMh,1.0
1330,0,dbPZeeiE,LKVeVUNI,2304.0
1330,0,CsDsDrdU,dbPZeeiE,2312.0
1330,0,rJRvqICk,CsDsDrdU,2713.0
1330,0,AmahvgQB,rJRvqICk,2716.0
1330,0,aYSqaQmJ,AmahvgQB,2764.0
1330,0,zgCGmKZn,aYSqaQmJ,2895.0
1330,0,JKFFGKvY,zgCGmKZn,3017.0
1330,0,EVAUYvVR,JKFFGKvY,3017.0
1330,0,GYfZYaJh,EVAUYvVR,3017.0
1330,0,OpgRCgWV,GYfZYaJh,3396.0
1330,0,ntDOQspU,OpgRCgWV,3539.0
1330,0,nEHOxUTI,ntDOQspU,3539.0
1330,0,PUsFNDSD,nEHOxUTI,3680.0
1330,0,LKVeVUNI,BpAiVnps,2027.0
1467,0,eQeMsQqL,coyRXGtt,322.0
1467,0,ckxYXcvo,eQeMsQqL,322.0
1467,0,cyoDDnik,ckxYXcvo,322.0
1467,0,xWbuLRdJ,cyoDDnik,322.0
1467,0,vbdtPbuh,xWbuLRdJ,322.0
1467,0,wWIFrmtv,vbdtPbuh,40.0
1748,0,okaePkJr,zUgDRwiy,1817.0
761,0,okaePkJr,zUgDRwiy,6139.0
34,0,DpeufCiu,SGVPbDEb,2133.0
142,0,DpeufCiu,SGVPbDEb,3207.0
565,0,IKzXRYHu,okgTpqCg,349.0
565,0,adAJVrkD,IKzXRYHu,349.0
565,0,LWMiptXI,adAJVrkD,300.0
565,0,IdjjXnkI,LWMiptXI,300.0
565,0,qQFDKzdu,IdjjXnkI,300.0
565,0,okgTpqCg,FfkqCuZM,354.0
80,0,jiBUapiv,gHkojtqc,3787.0
80,0,ZsSjTAXN,jiBUapiv,3787.0
80,0,QzSmToFg,ZsSjTAXN,3787.0
232,0,CwNQJSvp,KUCrTzrk,4118.0
232,0,yoveVXvd,CwNQJSvp,4140.0
1330,0,StyZBhjt,PUsFNDSD,2764.0
1714,0,elmHqfIN,jTofnsvB,8.0
1714,0,YhQOzAWJ,elmHqfIN,8.0
1714,0,zUgDRwiy,YhQOzAWJ,8.0
1714,0,okaePkJr,zUgDRwiy,8.0
1714,0,xgGSyRKK,okaePkJr,8.0
761,0,PgJqeYYy,okaePkJr,6122.0
1330,0,HipgKeDY,StyZBhjt,2836.0
80,0,YpZAWuci,QzSmToFg,3510.0
1452,0,jiBUapiv,gHkojtqc,81.0
1452,0,ZsSjTAXN,jiBUapiv,81.0
1452,0,QzSmToFg,ZsSjTAXN,81.0
1452,0,YpZAWuci,QzSmToFg,81.0
1453,0,BxmxkKGC,ojqTFFWy,1881.0
1486,0,okaePkJr,zUgDRwiy,380.0
1486,0,PgJqeYYy,okaePkJr,380.0
1531,0,okaePkJr,zUgDRwiy,1784.0
1531,0,PgJqeYYy,okaePkJr,1457.0
664,0,okaePkJr,zUgDRwiy,16.0
664,0,PgJqeYYy,okaePkJr,16.0
1748,0,PgJqeYYy,okaePkJr,1816.0
1330,0,qqkwAIGc,HipgKeDY,2834.0
1330,0,YXiYqIfc,qqkwAIGc,2834.0
1330,0,TxpOiGNK,YXiYqIfc,1339.0
1452,0,IOpdOfiF,xMYnsmAG,1309.0
232,0,fvJrDdyT,yoveVXvd,4084.0
1537,0,ULIlEdjB,XHLHCkqn,42.0
1537,0,zfmNZkKD,ULIlEdjB,42.0
1537,0,LASpLrUw,zfmNZkKD,42.0
1537,0,GnVcDFUF,LASpLrUw,67.0
1537,0,QzUmfmWq,GnVcDFUF,84.0
1537,0,FozFNjrC,QzUmfmWq,84.0
1537,0,loXKeyiW,FozFNjrC,84.0
1537,0,vDrIQGSM,loXKeyiW,84.0
1537,0,wYGnXViz,vDrIQGSM,84.0
1537,0,vePIvsJu,wYGnXViz,84.0
1537,0,BCaYhIgf,vePIvsJu,84.0
1418,0,FoqpqGcp,QhiYKyAt,5310.0
1748,0,EsFyleAW,PgJqeYYy,433.0
1531,0,EsFyleAW,PgJqeYYy,1099.0
1750,0,llFTEWtD,IulxyPoH,389.0
1750,0,SgXyhVwd,llFTEWtD,389.0
1750,0,fPhIOSOj,SgXyhVwd,415.0
1750,0,HqehCtdr,fPhIOSOj,545.0
1750,0,JafVjQhg,HqehCtdr,543.0
1750,0,hFISFuCO,ojqTFFWy,254.0
1750,0,fQRLOpha,hFISFuCO,254.0
1750,0,PXPVuGmP,fQRLOpha,274.0
1750,0,IulxyPoH,PXPVuGmP,274.0
1440,0,gHieypBQ,wrFiwNtD,772.0
1440,0,vfoDngvn,gHieypBQ,772.0
1440,0,EPWXwPSq,vfoDngvn,772.0
1440,0,orpkgmYq,EPWXwPSq,649.0
1440,0,RXuaQdiQ,orpkgmYq,478.0
1440,0,mhTYFecR,RXuaQdiQ,359.0
1440,0,RZCadHVt,mhTYFecR,321.0
34,0,FaHpkwNs,DpeufCiu,2085.0
142,0,FaHpkwNs,DpeufCiu,3156.0
34,0,kohCEyKT,FaHpkwNs,2074.0
761,0,cQQRUhUD,PgJqeYYy,6553.0
761,0,ZpXtMmnA,cQQRUhUD,6553.0
992,0,DpeufCiu,SGVPbDEb,5887.0
992,0,FaHpkwNs,DpeufCiu,5887.0
992,0,kohCEyKT,FaHpkwNs,5887.0
1205,0,bHagonKv,uGkwFELU,14.0
1205,0,Vlipnutt,bHagonKv,9.0
1205,0,XiLvnZTk,Vlipnutt,9.0
1205,0,FStgRiBS,XiLvnZTk,9.0
1205,0,GkYZbgqg,FStgRiBS,9.0
1205,0,FlYjxOxQ,GkYZbgqg,9.0
1205,0,wFSILCzc,FlYjxOxQ,9.0
1205,0,yQQuLFAg,wFSILCzc,9.0
1205,0,rUKSlFeh,yQQuLFAg,9.0
1205,0,rckblBTM,rUKSlFeh,9.0
1205,0,gKoyUmab,rckblBTM,9.0
1205,0,fGmFhgnx,gKoyUmab,9.0
1205,0,XyHfgUxW,fGmFhgnx,9.0
1205,0,zjjLSYAp,XyHfgUxW,9.0
1205,0,nIakFMcq,zjjLSYAp,9.0
1531,0,oPiGTUNA,EsFyleAW,1070.0
1531,0,AsOznvtO,oPiGTUNA,1070.0
1531,0,HjcVXSJw,AsOznvtO,1070.0
1531,0,UPEwDZeZ,HjcVXSJw,1070.0
1531,0,oTQudgUv,UPEwDZeZ,1070.0
1531,0,wteskcXn,oTQudgUv,1066.0
1538,0,RzpCLtax,ByhOWHwN,34.0
1538,0,GVbuUhiB,RzpCLtax,34.0
1538,0,lBcqwpvX,GVbuUhiB,34.0
1538,0,ByhOWHwN,AXkvSZpr,2.0
1418,0,TvsHOuao,EzNIKkYA,5911.0
1418,0,ezYUwAMR,TvsHOuao,5911.0
1418,0,QhiYKyAt,ezYUwAMR,5911.0
1486,0,cQQRUhUD,PgJqeYYy,268.0
1486,0,ZpXtMmnA,cQQRUhUD,268.0
1434,0,SGVPbDEb,MtINPaKl,1172.0
1434,0,DpeufCiu,SGVPbDEb,1922.0
1434,0,FaHpkwNs,DpeufCiu,1948.0
1434,0,wMslsCeS,FaHpkwNs,1948.0
1434,0,BTtHvEzM,wMslsCeS,1948.0
1434,0,EzNIKkYA,BTtHvEzM,2684.0
1434,0,TvsHOuao,EzNIKkYA,3040.0
1434,0,ezYUwAMR,TvsHOuao,3040.0
1434,0,QhiYKyAt,ezYUwAMR,3040.0
796,0,NXLrCKMp,xiTGCYEl,827.0
796,0,FyoAuDvn,NXLrCKMp,827.0
796,0,WOOyqinT,FyoAuDvn,991.0
796,0,VfTFpfzB,WOOyqinT,991.0
796,0,ZYYdVixc,VfTFpfzB,1352.0
796,0,gLCWwgiT,ZYYdVixc,1547.0
796,0,jTofnsvB,gLCWwgiT,1674.0
796,0,elmHqfIN,jTofnsvB,2115.0
796,0,YhQOzAWJ,elmHqfIN,2115.0
796,0,zUgDRwiy,YhQOzAWJ,2115.0
796,0,okaePkJr,zUgDRwiy,2115.0
796,0,PgJqeYYy,okaePkJr,2115.0
796,0,cQQRUhUD,PgJqeYYy,2115.0
796,0,ZpXtMmnA,cQQRUhUD,2115.0
1434,0,aWeSqqrV,gyQqEnFq,878.0
1434,0,WRVBvtIE,aWeSqqrV,878.0
1434,0,RuAJZyMI,WRVBvtIE,878.0
1434,0,MtINPaKl,RuAJZyMI,1149.0
232,0,NajoDNFv,TxpOiGNK,3781.0
232,0,aQxdJxqw,NajoDNFv,3780.0
232,0,GJDHvjGI,aQxdJxqw,3818.0
796,0,bZroqIhX,eTJQHplR,426.0
796,0,cNuIRYrx,bZroqIhX,426.0
796,0,yNIUaSyZ,cNuIRYrx,426.0
796,0,xiTGCYEl,yNIUaSyZ,426.0
291,0,zijvldJJ,RVGhYAxc,7196.0
291,0,PywYzQHY,zijvldJJ,7368.0
291,0,RufmISTr,PywYzQHY,4583.0
291,0,qnxnYECs,RufmISTr,4622.0
291,0,QNScHwgR,qnxnYECs,4622.0
291,0,dLUoTBAU,QNScHwgR,4628.0
464,0,uuIZngLh,rWJbJwsc,4633.0
464,0,gHWJyJxY,uuIZngLh,4633.0
463,0,ylfNfbjf,PlyJazqR,1462.0
463,0,psXocZQH,ylfNfbjf,1462.0
463,0,yprCGtVa,psXocZQH,1705.0
463,0,pPqywgRl,yprCGtVa,1849.0
463,0,HGjkimBc,pPqywgRl,1892.0
463,0,lqMPnIra,HGjkimBc,1948.0
463,0,eKMWhxRF,lqMPnIra,2905.0
463,0,pRsoSsPh,eKMWhxRF,3046.0
463,0,pUxrqkbR,pRsoSsPh,3056.0
463,0,GmRorurF,pUxrqkbR,3072.0
463,0,rWJbJwsc,GmRorurF,3072.0
463,0,uuIZngLh,rWJbJwsc,3605.0
463,0,gHWJyJxY,uuIZngLh,3605.0
250,0,HezLsNFQ,tyeyrnYi,6100.0
1395,0,OrbXRiVv,anWZyaGW,551.0
1395,0,cNuIRYrx,OrbXRiVv,593.0
1395,0,yNIUaSyZ,cNuIRYrx,593.0
1395,0,xiTGCYEl,yNIUaSyZ,593.0
1395,0,NXLrCKMp,xiTGCYEl,845.0
1395,0,FyoAuDvn,NXLrCKMp,845.0
1395,0,WOOyqinT,FyoAuDvn,965.0
1395,0,mnkgCFDT,WOOyqinT,965.0
1395,0,kVhbTVuU,mnkgCFDT,1759.0
1395,0,IoxYvxeH,kVhbTVuU,1788.0
1395,0,yrlDljAC,IoxYvxeH,1814.0
1395,0,rBCwdRqs,yrlDljAC,1814.0
1395,0,olAnplnl,rBCwdRqs,1814.0
1395,0,hpCuKAjH,olAnplnl,1814.0
1395,0,tyeyrnYi,hpCuKAjH,1814.0
1395,0,HezLsNFQ,tyeyrnYi,1832.0
1395,0,eusqYKWT,HezLsNFQ,1837.0
1395,0,xOHMcnRu,eusqYKWT,2185.0
719,0,HezLsNFQ,tyeyrnYi,1547.0
1748,0,oPiGTUNA,EsFyleAW,386.0
1748,0,AsOznvtO,oPiGTUNA,386.0
1748,0,TxpOiGNK,AsOznvtO,386.0
1418,0,DpeufCiu,SGVPbDEb,5747.0
1418,0,FaHpkwNs,DpeufCiu,5747.0
1418,0,iMMoIvpS,FaHpkwNs,7877.0
1418,0,wMslsCeS,iMMoIvpS,8022.0
1418,0,BTtHvEzM,wMslsCeS,8023.0
80,0,UWROvtjV,YpZAWuci,3207.0
80,0,aHnvxyXJ,UWROvtjV,3207.0
1452,0,UWROvtjV,YpZAWuci,222.0
1452,0,aHnvxyXJ,UWROvtjV,222.0
369,0,DpeufCiu,SGVPbDEb,2798.0
369,0,kohCEyKT,DpeufCiu,2798.0
369,0,DHQRQBBP,kohCEyKT,2961.0
1440,0,WRVBvtIE,gyQqEnFq,494.0
1440,0,RuAJZyMI,WRVBvtIE,494.0
1440,0,MtINPaKl,RuAJZyMI,544.0
1440,0,SGVPbDEb,MtINPaKl,546.0
1440,0,DpeufCiu,SGVPbDEb,658.0
1440,0,FaHpkwNs,DpeufCiu,658.0
1440,0,kohCEyKT,FaHpkwNs,658.0
1440,0,DHQRQBBP,kohCEyKT,658.0
142,0,kohCEyKT,FaHpkwNs,3154.0
142,0,DHQRQBBP,kohCEyKT,4194.0
34,0,ZKEtlMvK,kohCEyKT,2348.0
1681,0,vFcwPIzF,qrkdOgPU,165.0
1681,0,fdwfslrS,vFcwPIzF,120.0
1419,0,CKorGRkE,ejMjPdTH,182.0
1419,0,eaNsVWDR,CKorGRkE,182.0
1419,0,hpACGGyB,eaNsVWDR,182.0
37,0,CKldDLYq,EkWBPXmr,479.0
37,0,tjYcJLRB,CKldDLYq,616.0
37,0,iYMJvRAf,tjYcJLRB,616.0
37,0,KplKuAnp,iYMJvRAf,621.0
37,0,pSVDMeCH,KplKuAnp,621.0
37,0,FTwVCxQy,pSVDMeCH,621.0
37,0,xnBCUPNx,FTwVCxQy,724.0
37,0,MEVzYGii,xnBCUPNx,914.0
37,0,yQIotbyH,MEVzYGii,914.0
37,0,taEXnGBL,yQIotbyH,1156.0
37,0,rZoajhYh,taEXnGBL,1156.0
37,0,NuyYqrDq,rZoajhYh,1223.0
37,0,gpaAUChy,NuyYqrDq,1273.0
37,0,IgEBJNwX,gpaAUChy,1273.0
37,0,NCVzutVL,IgEBJNwX,1295.0
37,0,cTQVugNT,NCVzutVL,1317.0
37,0,cNypyxpr,cTQVugNT,2153.0
37,0,WRVBvtIE,cNypyxpr,2153.0
37,0,RuAJZyMI,WRVBvtIE,2153.0
37,0,MtINPaKl,RuAJZyMI,2153.0
37,0,SGVPbDEb,MtINPaKl,2153.0
37,0,DpeufCiu,SGVPbDEb,2153.0
37,0,FaHpkwNs,DpeufCiu,2153.0
37,0,kohCEyKT,FaHpkwNs,2153.0
37,0,ZKEtlMvK,kohCEyKT,2153.0
37,0,pjRBTtLk,ZKEtlMvK,2153.0
369,0,ZKEtlMvK,DHQRQBBP,2954.0
369,0,pjRBTtLk,ZKEtlMvK,3270.0
142,0,ZKEtlMvK,DHQRQBBP,4160.0
142,0,pjRBTtLk,ZKEtlMvK,4162.0
1440,0,ZKEtlMvK,DHQRQBBP,655.0
1440,0,pjRBTtLk,ZKEtlMvK,879.0
1441,0,dHuMOmqh,LDSuadxM,1488.0
1441,0,kVCEAUTv,dHuMOmqh,2420.0
1441,0,llFTEWtD,IulxyPoH,1020.0
1441,0,SgXyhVwd,llFTEWtD,1020.0
1441,0,fPhIOSOj,SgXyhVwd,1020.0
1441,0,SOzmnmNW,fPhIOSOj,1020.0
1441,0,OhBAPvsb,SOzmnmNW,1020.0
1441,0,LDSuadxM,OhBAPvsb,1020.0
1441,0,PXPVuGmP,fQRLOpha,835.0
1441,0,IulxyPoH,PXPVuGmP,835.0
779,0,pzScocJN,khOlLZay,2886.0
779,0,AOtPxxNt,pzScocJN,2874.0
779,0,pFQacbfu,AOtPxxNt,2855.0
779,0,ZecyfkGE,pFQacbfu,2855.0
779,0,aNlaxeLS,ZecyfkGE,2721.0
779,0,zBPHjWVd,aNlaxeLS,2721.0
779,0,rPcYYZtd,zBPHjWVd,2714.0
779,0,ngtiheSM,rPcYYZtd,2553.0
994,0,BWKNZpmt,VriUyyDM,1679.0
992,0,ZKEtlMvK,kohCEyKT,6820.0
992,0,pjRBTtLk,ZKEtlMvK,6821.0
1441,0,hFISFuCO,BxmxkKGC,800.0
1441,0,byRkdSCW,hFISFuCO,800.0
1441,0,fQRLOpha,byRkdSCW,800.0
1702,0,qrLMfnQh,aQxdJxqw,1086.0
1702,0,nAnfzqIp,qrLMfnQh,1086.0
1702,0,BYibysYA,nAnfzqIp,1086.0
1531,0,NajoDNFv,wteskcXn,695.0
1531,0,aQxdJxqw,NajoDNFv,685.0
1221,0,CKorGRkE,ejMjPdTH,4430.0
1221,0,eaNsVWDR,CKorGRkE,4430.0
1221,0,hpACGGyB,eaNsVWDR,4434.0
1221,0,VgUdLlOW,hpACGGyB,4763.0
1221,0,ywuGpANM,VgUdLlOW,4772.0
1221,0,BZCtSmhk,ywuGpANM,7493.0
1221,0,aojHvPEg,BZCtSmhk,7517.0
1221,0,qeXIqBgp,aojHvPEg,7517.0
836,0,aojHvPEg,BZCtSmhk,5050.0
836,0,qeXIqBgp,aojHvPEg,5050.0
679,0,BpAiVnps,RVGhYAxc,2097.0
1330,0,NajoDNFv,TxpOiGNK,1335.0
1330,0,aQxdJxqw,NajoDNFv,1334.0
1568,0,YcrsfAeA,KCvWJpxq,4111.0
1568,0,cfrRCwNB,YcrsfAeA,4111.0
1568,0,TFSGEQcQ,cfrRCwNB,4530.0
1568,0,fjFZwaYy,TFSGEQcQ,4681.0
1568,0,lSWJJvzr,fjFZwaYy,4707.0
1568,0,nxFmOJAJ,lSWJJvzr,4742.0
1568,0,GznDzxNt,nxFmOJAJ,4742.0
1568,0,jappmlZc,GznDzxNt,4742.0
1568,0,JGAJXRSN,jappmlZc,4856.0
1568,0,SDEQaVyD,JGAJXRSN,4762.0
1226,0,SsTrbdxo,qzYXXYmc,10369.0
1226,0,yYFXObAF,SsTrbdxo,10369.0
1226,0,rmVgnKci,yYFXObAF,10369.0
1226,0,xMwzCIXQ,rmVgnKci,10322.0
1226,0,njiqgOWt,jVOVHrFU,9032.0
1263,0,MlqbsUKu,AXkvSZpr,12313.0
1263,0,jaCrAUFK,MlqbsUKu,12677.0
1263,0,oynLwMrX,jaCrAUFK,12511.0
1263,0,EKYbCcms,oynLwMrX,9499.0
1512,0,EKYbCcms,jaCrAUFK,12674.0
1226,0,CEZTRnUo,qflzswAf,5953.0
1226,0,funWfCdm,CEZTRnUo,5953.0
1226,0,rnFrOJMw,funWfCdm,5953.0
1226,0,iaPnRXpR,rnFrOJMw,5963.0
1226,0,PNUwxzRj,iaPnRXpR,7011.0
1226,0,sxclJLmG,PNUwxzRj,7011.0
1226,0,xMTNzVPt,sxclJLmG,7041.0
1226,0,AudzmzeZ,xMTNzVPt,7041.0
1226,0,QVFxizLc,AudzmzeZ,7111.0
1226,0,BKywSEpu,QVFxizLc,7111.0
1226,0,PrwDPVMa,BKywSEpu,7111.0
1226,0,bjPEDqek,PrwDPVMa,7056.0
1226,0,hNvVhacI,bjPEDqek,7056.0
1226,0,qzYXXYmc,hNvVhacI,6899.0
1707,0,njiqgOWt,jVOVHrFU,2.0
1748,0,NajoDNFv,TxpOiGNK,426.0
1748,0,aQxdJxqw,NajoDNFv,477.0
761,0,NnzcSqlk,mhTYFecR,3951.0
34,0,aSxVTIYY,ZKEtlMvK,1754.0
34,0,fpInPVFL,aSxVTIYY,1754.0
80,0,aBlpKWpT,aHnvxyXJ,2885.0
1452,0,aBlpKWpT,aHnvxyXJ,406.0
1452,0,YBtfPRlp,aBlpKWpT,406.0
1099,0,kGQEnBYZ,bGilRaMJ,7.0
1226,0,cIQOVqQI,njiqgOWt,9024.0
1226,0,OyAyNkqZ,cIQOVqQI,9014.0
1226,0,XiXLaJEL,OyAyNkqZ,9005.0
1226,0,fzSWURzx,XiXLaJEL,3856.0
1226,0,vyojaKRU,fzSWURzx,3757.0
1226,0,puwcRgFs,vyojaKRU,3303.0
1226,0,zjKsBdNQ,puwcRgFs,1095.0
1226,0,ojqTFFWy,zjKsBdNQ,1095.0
232,0,rxopZurY,GJDHvjGI,3311.0
1418,0,NNeqXfIi,FoqpqGcp,5389.0
1418,0,wbJSAzcX,NNeqXfIi,5386.0
80,0,RwWmKtXH,aBlpKWpT,2720.0
80,0,iWUiEObr,RwWmKtXH,2799.0
1452,0,RwWmKtXH,YBtfPRlp,593.0
1452,0,iWUiEObr,RwWmKtXH,593.0
796,0,DgJlPOry,ZpXtMmnA,912.0
796,0,inAMLXyk,DgJlPOry,912.0
796,0,nTEapSQO,inAMLXyk,912.0
796,0,AKaXSKPc,nTEapSQO,912.0
1452,0,mkMGVFdU,iWUiEObr,736.0
1452,0,xMYnsmAG,mkMGVFdU,1305.0
1486,0,inAMLXyk,ZpXtMmnA,222.0
1486,0,nTEapSQO,inAMLXyk,222.0
1486,0,AKaXSKPc,nTEapSQO,222.0
761,0,DgJlPOry,ZpXtMmnA,3795.0
761,0,inAMLXyk,DgJlPOry,3795.0
761,0,nTEapSQO,inAMLXyk,3795.0
761,0,AKaXSKPc,nTEapSQO,3795.0
1263,0,cIQOVqQI,EKYbCcms,9737.0
1263,0,OyAyNkqZ,cIQOVqQI,9756.0
401,0,zjOknQHK,CRVKBFrv,1579.0
401,0,FrKNovDQ,zjOknQHK,1579.0
401,0,kgNzHUbI,FrKNovDQ,1579.0
401,0,cXqKNsgk,eJfPkird,2888.0
401,0,adPAcDLJ,cXqKNsgk,2888.0
401,0,RTRcFCMg,adPAcDLJ,2867.0
401,0,yYShGLTs,RTRcFCMg,2867.0
401,0,VkUBejwv,yYShGLTs,3062.0
401,0,QuhVipGo,VkUBejwv,2476.0
401,0,IUBOlCKA,QuhVipGo,2261.0
401,0,knSDhEIY,IUBOlCKA,2350.0
401,0,bYtHLndm,knSDhEIY,2427.0
401,0,KbKyxild,bYtHLndm,2427.0
401,0,WzJZybAt,KbKyxild,1444.0
401,0,wBZvskGC,WzJZybAt,1404.0
401,0,hlYcHDiv,wBZvskGC,1337.0
401,0,ZUUFaTkv,hlYcHDiv,1337.0
401,0,TikfrWrm,ZUUFaTkv,1337.0
401,0,ojqTFFWy,TikfrWrm,396.0
1349,0,cSSpAgNQ,WUuNWUBH,250.0
1349,0,ChOayZDF,cSSpAgNQ,250.0
1349,0,MCXOFAcE,ChOayZDF,250.0
1349,0,CrEPfbyi,MCXOFAcE,250.0
1349,0,GrmAtQAi,CrEPfbyi,250.0
1349,0,iLbIERty,GrmAtQAi,250.0
1349,0,TPvicaCo,iLbIERty,257.0
1349,0,kzVeZOug,TPvicaCo,257.0
1349,0,mxGSpCzE,kzVeZOug,257.0
1349,0,WlZgmutc,mxGSpCzE,257.0
1349,0,acVCzwtl,WlZgmutc,257.0
1349,0,TIlepZYr,acVCzwtl,254.0
1349,0,BmQLYaPd,TIlepZYr,34.0
1349,0,UvdLYolu,BmQLYaPd,34.0
1349,0,ZFKsyBay,UvdLYolu,34.0
1349,0,suvDbtPR,ZFKsyBay,33.0
1096,0,FrCulsqF,VYHZxBYO,1363.0
1096,0,KCAssTym,FrCulsqF,1363.0
1096,0,WhdKokFf,KCAssTym,1406.0
1096,0,QhscbmPA,WhdKokFf,1406.0
1096,0,YVvBKwgW,QhscbmPA,1428.0
1019,0,kYVfgfZp,bLNlBUaT,177.0
1019,0,eZiXxBSP,kYVfgfZp,177.0
1019,0,SaZyOqOi,eZiXxBSP,177.0
1019,0,oRpydnwU,SaZyOqOi,234.0
1019,0,yyEOaSxi,oRpydnwU,234.0
1019,0,obftSQtS,yyEOaSxi,215.0
1029,0,rNCpaLXo,dNagXJoD,1331.0
232,0,qXMrbZDt,rxopZurY,3304.0
232,0,qOusBBOu,qXMrbZDt,3304.0
147,0,exgtgIgV,zJsEFgSs,153.0
147,0,CvtLjMFW,exgtgIgV,153.0
147,0,vSdfqYeK,CvtLjMFW,153.0
147,0,AmahvgQB,vSdfqYeK,153.0
1330,0,rxopZurY,aQxdJxqw,864.0
1330,0,qXMrbZDt,rxopZurY,864.0
1330,0,qOusBBOu,qXMrbZDt,864.0
761,0,ECXJHxuC,AKaXSKPc,4011.0
761,0,mhTYFecR,ECXJHxuC,4011.0
541,0,oZJRchiN,wVKhsyCZ,26.0
541,0,ZgqhsueA,eyUKPfnA,32.0
541,0,YvwuVYMF,ZgqhsueA,32.0
541,0,FZsFzszJ,YvwuVYMF,32.0
541,0,ALhaazBT,FZsFzszJ,32.0
541,0,ejMjPdTH,ALhaazBT,32.0
1418,0,wHHoYczm,wbJSAzcX,5319.0
529,0,xiTGCYEl,cNuIRYrx,100.0
529,0,NXLrCKMp,xiTGCYEl,194.0
529,0,FyoAuDvn,NXLrCKMp,194.0
529,0,WOOyqinT,FyoAuDvn,194.0
529,0,VfTFpfzB,WOOyqinT,413.0
529,0,bZroqIhX,eTJQHplR,85.0
529,0,cNuIRYrx,bZroqIhX,85.0
1591,0,ciAbSxQX,TEKQTTfp,81.0
1591,0,ZIPCqImv,ciAbSxQX,67.0
1591,0,aWNaUdzp,ZIPCqImv,67.0
1591,0,FCsbIOBe,aWNaUdzp,41.0
1591,0,wyEQXfIU,FCsbIOBe,41.0
1591,0,gGjwcdJB,wyEQXfIU,41.0
1606,0,BgrWMruP,tNjBpHdR,91.0
1606,0,BlIFmvgd,BgrWMruP,91.0
1606,0,FGqBFXAc,BlIFmvgd,91.0
1606,0,MDGVFhVD,FGqBFXAc,91.0
1606,0,TjIpsyZG,MDGVFhVD,91.0
1606,0,pMhMmUyS,TjIpsyZG,91.0
1606,0,MaWmiWrW,pMhMmUyS,91.0
1606,0,XXnkNquo,MaWmiWrW,91.0
1606,0,GgMfrgKO,XiXLaJEL,23.0
1606,0,egyFOSbs,GgMfrgKO,23.0
1606,0,tNjBpHdR,egyFOSbs,23.0
232,0,ysAqwwWP,qOusBBOu,3296.0
232,0,vCxCuCVD,ysAqwwWP,3296.0
1330,0,vCxCuCVD,qOusBBOu,862.0
1748,0,qXMrbZDt,aQxdJxqw,657.0
1748,0,qOusBBOu,qXMrbZDt,657.0
1748,0,vCxCuCVD,qOusBBOu,680.0
142,0,vnfcOAch,pjRBTtLk,2945.0
142,0,ryJVAbFB,vnfcOAch,2945.0
142,0,ttVqQknl,ryJVAbFB,2945.0
1512,0,MlqbsUKu,AXkvSZpr,12124.0
1512,0,jaCrAUFK,MlqbsUKu,12118.0
1512,0,OyAyNkqZ,EKYbCcms,11957.0
1300,0,ntDOQspU,OpgRCgWV,9089.0
1300,0,MlqbsUKu,ntDOQspU,9107.0
1300,0,jaCrAUFK,MlqbsUKu,9115.0
1300,0,oynLwMrX,jaCrAUFK,8677.0
1300,0,EKYbCcms,oynLwMrX,8157.0
1300,0,OyAyNkqZ,EKYbCcms,8256.0
37,0,vnfcOAch,pjRBTtLk,1727.0
37,0,ryJVAbFB,vnfcOAch,1727.0
37,0,ttVqQknl,ryJVAbFB,1727.0
37,0,aZtqChJJ,ttVqQknl,1727.0
170,0,tDDddUJb,lmZJehpq,726.0
170,0,RVGhYAxc,tDDddUJb,678.0
170,0,BpAiVnps,RVGhYAxc,536.0
992,0,vnfcOAch,pjRBTtLk,6776.0
992,0,ryJVAbFB,vnfcOAch,6776.0
992,0,ttVqQknl,ryJVAbFB,6776.0
992,0,aZtqChJJ,ttVqQknl,6777.0
122,0,WdOwNGhj,xfbmoJHP,7.0
122,0,kKKRBhFF,WdOwNGhj,6.0
122,0,NFInfBeu,kKKRBhFF,6.0
122,0,VCQdmIoF,NFInfBeu,6.0
122,0,ePrpofUw,VCQdmIoF,6.0
122,0,KcvPUxQg,ePrpofUw,6.0
122,0,BlnSxBAr,KcvPUxQg,6.0
122,0,TCBUGaZf,BlnSxBAr,6.0
122,0,pzcCDVmZ,TCBUGaZf,6.0
122,0,oUmVLfUX,pzcCDVmZ,6.0
122,0,fJdABIlw,oUmVLfUX,6.0
122,0,mXwfazRz,fJdABIlw,6.0
122,0,NGAodVTg,mXwfazRz,6.0
122,0,TvGyfQSI,NGAodVTg,6.0
122,0,HFYkXdPG,TvGyfQSI,6.0
122,0,KjgVoxgR,HFYkXdPG,6.0
122,0,xTOrUJFO,KjgVoxgR,6.0
122,0,EmkugZPX,xTOrUJFO,6.0
122,0,lmZJehpq,EmkugZPX,6.0
122,0,tDDddUJb,lmZJehpq,6.0
122,0,RVGhYAxc,tDDddUJb,6.0
122,0,BpAiVnps,RVGhYAxc,5.0
142,0,aZtqChJJ,ttVqQknl,2942.0
1662,0,yLVlVeFN,XGJiqzLW,141.0
1662,0,tPRfRHcU,yLVlVeFN,141.0
1662,0,gOEBySGW,tPRfRHcU,141.0
1662,0,yQTlxjhE,gOEBySGW,141.0
1662,0,OQuuHQtW,yQTlxjhE,141.0
1662,0,BZfkJyvP,OQuuHQtW,141.0
1662,0,pdLPgMHo,BZfkJyvP,141.0
1662,0,YULSfngF,pdLPgMHo,141.0
1662,0,FxdGzEpZ,YULSfngF,141.0
1662,0,xGsoSfhX,FxdGzEpZ,114.0
1662,0,MgruBUee,xGsoSfhX,114.0
1662,0,BpAiVnps,MgruBUee,114.0
232,0,LDSuadxM,vCxCuCVD,2570.0
80,0,yGnjFAhM,iWUiEObr,2565.0
796,0,ECXJHxuC,AKaXSKPc,721.0
796,0,mhTYFecR,ECXJHxuC,721.0
796,0,RZCadHVt,mhTYFecR,518.0
1440,0,vnfcOAch,pjRBTtLk,744.0
1440,0,ryJVAbFB,vnfcOAch,744.0
1440,0,ttVqQknl,ryJVAbFB,744.0
1440,0,aZtqChJJ,ttVqQknl,763.0
1440,0,wrFiwNtD,aZtqChJJ,763.0
1445,0,gHieypBQ,IOpdOfiF,841.0
1445,0,vfoDngvn,gHieypBQ,841.0
1445,0,EPWXwPSq,vfoDngvn,841.0
1445,0,orpkgmYq,EPWXwPSq,841.0
1445,0,RXuaQdiQ,orpkgmYq,841.0
1445,0,mhTYFecR,RXuaQdiQ,841.0
1445,0,RZCadHVt,mhTYFecR,841.0
1606,0,ZHlwRpuy,XXnkNquo,47.0
1606,0,kOgbwYhI,ZHlwRpuy,47.0
1606,0,LXShvwrY,kOgbwYhI,47.0
1606,0,TvvslWVF,LXShvwrY,47.0
1606,0,SgXyhVwd,TvvslWVF,32.0
1606,0,fPhIOSOj,SgXyhVwd,32.0
1606,0,PQDqFTyk,fPhIOSOj,32.0
1606,0,SOzmnmNW,PQDqFTyk,32.0
1606,0,OhBAPvsb,SOzmnmNW,32.0
1462,0,IIbmZtwl,SKQEJtAl,127.0
1462,0,TmzVTgQO,IIbmZtwl,127.0
1462,0,uQwuZjYR,TmzVTgQO,127.0
1462,0,pfDsKqbP,uQwuZjYR,127.0
1462,0,GKBCzMbq,pfDsKqbP,123.0
1462,0,orpkgmYq,GKBCzMbq,123.0
1462,0,RXuaQdiQ,orpkgmYq,123.0
1462,0,bmqZcfhO,RXuaQdiQ,116.0
1462,0,lUWTaWkd,bmqZcfhO,116.0
72,0,NnzcSqlk,MULNmVBJ,7.0
37,0,deapEAbC,aZtqChJJ,1400.0
992,0,deapEAbC,aZtqChJJ,6044.0
369,0,vnfcOAch,pjRBTtLk,2872.0
369,0,ryJVAbFB,vnfcOAch,2872.0
369,0,ttVqQknl,ryJVAbFB,2872.0
369,0,aZtqChJJ,ttVqQknl,2872.0
369,0,deapEAbC,aZtqChJJ,2872.0
142,0,wrFiwNtD,aZtqChJJ,2856.0
142,0,deapEAbC,wrFiwNtD,2905.0
1446,0,dHuMOmqh,LDSuadxM,808.0
1446,0,kVCEAUTv,dHuMOmqh,808.0
1446,0,LsuNFzpq,kVCEAUTv,808.0
1446,0,JZbiEaEt,LsuNFzpq,808.0
1446,0,RchOKnYD,JZbiEaEt,808.0
1446,0,BMDeXhVp,RchOKnYD,808.0
1446,0,jQytwadI,BMDeXhVp,808.0
374,0,uuIUswRF,YmeKOmok,3.0
374,0,EBKpcNVh,uuIUswRF,3.0
374,0,jLuliqpT,EBKpcNVh,3.0
374,0,OXvlrfnG,jLuliqpT,3.0
374,0,CgMBzfIg,OXvlrfnG,3.0
374,0,BCwVkMhO,CgMBzfIg,3.0
374,0,MpBHVRZl,BCwVkMhO,3.0
374,0,BWKNZpmt,MpBHVRZl,2.0
374,0,hMBIVszx,BWKNZpmt,2.0
374,0,JgVaSAtG,hMBIVszx,2.0
374,0,QyfZGsFT,JgVaSAtG,1.0
374,0,selTNsQi,QyfZGsFT,1.0
374,0,SfBAqteg,selTNsQi,1.0
374,0,obGcbWvT,SfBAqteg,1.0
374,0,lbFoZTYJ,obGcbWvT,1.0
374,0,wssOAckJ,lbFoZTYJ,1.0
374,0,zzxlwhdI,wssOAckJ,1.0
374,0,SEcoeimf,zzxlwhdI,1.0
374,0,fzmnvqlX,SEcoeimf,1.0
374,0,RyhuDLev,fzmnvqlX,1.0
374,0,KnIeolpt,RyhuDLev,1.0
374,0,GMrJWgHs,KnIeolpt,1.0
374,0,tTjpyeuP,GMrJWgHs,1.0
374,0,iYbcLrkT,tTjpyeuP,1.0
374,0,elxmPCDf,iYbcLrkT,1.0
374,0,tcbhlVZo,elxmPCDf,1.0
1459,0,BxmxkKGC,RTafItqF,1351.0
1459,0,lfmzBYXb,BxmxkKGC,1351.0
1459,0,TQhrUKrf,lfmzBYXb,1351.0
1459,0,hFISFuCO,TQhrUKrf,1351.0
1459,0,IJrmTLNf,hFISFuCO,1351.0
1459,0,byRkdSCW,IJrmTLNf,1351.0
1459,0,fQRLOpha,byRkdSCW,1351.0
1459,0,PXPVuGmP,fQRLOpha,1351.0
1459,0,JpcivbxC,PXPVuGmP,1351.0
1459,0,IulxyPoH,JpcivbxC,1351.0
1459,0,llFTEWtD,IulxyPoH,1351.0
1459,0,TvvslWVF,llFTEWtD,1351.0
1459,0,SgXyhVwd,TvvslWVF,1184.0
1459,0,fPhIOSOj,SgXyhVwd,1184.0
1459,0,PQDqFTyk,fPhIOSOj,1184.0
1459,0,SOzmnmNW,PQDqFTyk,1184.0
1459,0,OhBAPvsb,SOzmnmNW,1184.0
1459,0,HqehCtdr,OhBAPvsb,1184.0
1459,0,dHuMOmqh,HqehCtdr,1184.0
1459,0,kVCEAUTv,dHuMOmqh,1184.0
1459,0,LsuNFzpq,kVCEAUTv,923.0
1459,0,JZbiEaEt,LsuNFzpq,923.0
1459,0,RchOKnYD,JZbiEaEt,853.0
1459,0,BMDeXhVp,RchOKnYD,853.0
1459,0,jQytwadI,BMDeXhVp,853.0
549,0,oUbtCHRB,jwtMzuEb,3.0
549,0,kSklWvZO,oUbtCHRB,3.0
549,0,wVKhsyCZ,kSklWvZO,3.0
549,0,oZJRchiN,wVKhsyCZ,3.0
549,0,xmGwLlME,oZJRchiN,3.0
549,0,KcBICYpI,xmGwLlME,3.0
549,0,XQiQvefE,KcBICYpI,3.0
549,0,eyUKPfnA,XQiQvefE,3.0
549,0,ZgqhsueA,eyUKPfnA,3.0
549,0,YvwuVYMF,ZgqhsueA,3.0
549,0,FZsFzszJ,YvwuVYMF,3.0
549,0,ALhaazBT,FZsFzszJ,3.0
549,0,ejMjPdTH,ALhaazBT,3.0
1395,0,QHFmFyLR,EkWBPXmr,81.0
1395,0,neNWquOh,QHFmFyLR,81.0
1395,0,KwaxxmSs,neNWquOh,81.0
1395,0,gzZgDndk,KwaxxmSs,137.0
1395,0,NQaaFyOm,gzZgDndk,275.0
1395,0,iPNesxKP,NQaaFyOm,275.0
1395,0,lctVuVOk,iPNesxKP,322.0
1395,0,EocVuyzS,lctVuVOk,322.0
1395,0,lwcIkPvE,EocVuyzS,322.0
1395,0,suszCmcx,lwcIkPvE,322.0
1395,0,UTBcifAN,suszCmcx,324.0
1395,0,HQVZivsH,UTBcifAN,489.0
1395,0,DeiIsjyA,HQVZivsH,489.0
1395,0,anWZyaGW,DeiIsjyA,540.0
47,0,paIawFeA,nIakFMcq,6155.0
47,0,bmUdUOzs,paIawFeA,6201.0
463,0,oXQrzcje,gHWJyJxY,3554.0
463,0,fyqDJAhS,oXQrzcje,3482.0
725,0,HezLsNFQ,tyeyrnYi,1083.0
464,0,oXQrzcje,gHWJyJxY,2329.0
464,0,fyqDJAhS,oXQrzcje,1835.0
1567,0,UgzfanVk,sHqmRcRD,309.0
1486,0,qtbZyrFG,AKaXSKPc,214.0
1486,0,ECXJHxuC,qtbZyrFG,214.0
1486,0,mhTYFecR,ECXJHxuC,214.0
1512,0,XiXLaJEL,OyAyNkqZ,11422.0
1512,0,vyojaKRU,XiXLaJEL,7883.0
1512,0,puwcRgFs,vyojaKRU,8221.0
1512,0,ojqTFFWy,puwcRgFs,4726.0
1512,0,SEVBrkvc,ojqTFFWy,3139.0
1512,0,qPtpgxic,SEVBrkvc,2989.0
1512,0,gGkadTNm,qPtpgxic,1445.0
1512,0,CbcrfuAf,gGkadTNm,1389.0
779,0,lOyAoICg,CbcrfuAf,7756.0
779,0,GpOUDfXM,lOyAoICg,7756.0
779,0,UTnQirag,GpOUDfXM,7185.0
779,0,tkWZZFES,UTnQirag,7185.0
779,0,JKUqFAhf,tkWZZFES,6884.0
47,0,ojqTFFWy,bmUdUOzs,6667.0
779,0,SEVBrkvc,ojqTFFWy,386.0
779,0,KzCxlBoL,SEVBrkvc,421.0
779,0,qPtpgxic,KzCxlBoL,421.0
779,0,RyPegcUV,qPtpgxic,685.0
779,0,gGkadTNm,RyPegcUV,685.0
779,0,CbcrfuAf,gGkadTNm,913.0
1434,0,FoqpqGcp,QhiYKyAt,3047.0
1434,0,NNeqXfIi,FoqpqGcp,3833.0
1434,0,wbJSAzcX,NNeqXfIi,3833.0
1434,0,wHHoYczm,wbJSAzcX,3875.0
1434,0,JPWycazw,wHHoYczm,4139.0
1434,0,SapgsLPr,JPWycazw,4142.0
1434,0,OyAyNkqZ,SapgsLPr,4269.0
1434,0,XiXLaJEL,OyAyNkqZ,5626.0
1434,0,fzSWURzx,XiXLaJEL,6714.0
1434,0,vyojaKRU,fzSWURzx,6755.0
1434,0,puwcRgFs,vyojaKRU,6797.0
1434,0,zjKsBdNQ,puwcRgFs,6799.0
1434,0,ojqTFFWy,zjKsBdNQ,6799.0
1434,0,RTafItqF,ojqTFFWy,6799.0
1434,0,SEVBrkvc,RTafItqF,9061.0
1434,0,KzCxlBoL,SEVBrkvc,7900.0
1434,0,qPtpgxic,KzCxlBoL,7900.0
1434,0,RyPegcUV,qPtpgxic,5155.0
1434,0,gGkadTNm,RyPegcUV,4369.0
1434,0,CbcrfuAf,gGkadTNm,4193.0
1418,0,JPWycazw,wHHoYczm,4929.0
1418,0,XiXLaJEL,OyAyNkqZ,3784.0
1418,0,fzSWURzx,XiXLaJEL,1028.0
1418,0,vyojaKRU,fzSWURzx,913.0
1418,0,puwcRgFs,vyojaKRU,312.0
1418,0,zjKsBdNQ,puwcRgFs,312.0
1418,0,ojqTFFWy,zjKsBdNQ,312.0
761,0,lUWTaWkd,NnzcSqlk,4152.0
761,0,glrALKnP,lUWTaWkd,4254.0
1682,0,rIWwRQFx,HkgLsGZV,158.0
1682,0,cfakSbWj,rIWwRQFx,158.0
1682,0,oAtDCozl,cfakSbWj,158.0
1682,0,cbQZDOwf,oAtDCozl,174.0
1682,0,lrlWhBjT,cbQZDOwf,174.0
1682,0,KoIahnfw,lrlWhBjT,174.0
1682,0,TVdcjRlg,KoIahnfw,174.0
1682,0,HDoiyQXO,TVdcjRlg,175.0
1682,0,brwCoXzb,HDoiyQXO,178.0
1682,0,LZThInHz,brwCoXzb,178.0
1682,0,whTcIvgZ,LZThInHz,178.0
1682,0,NKGBUaFm,whTcIvgZ,175.0
1682,0,qrkdOgPU,NKGBUaFm,235.0
1300,0,XiXLaJEL,OyAyNkqZ,8072.0
1300,0,puwcRgFs,XiXLaJEL,10576.0
1300,0,ojqTFFWy,puwcRgFs,7974.0
1300,0,SEVBrkvc,ojqTFFWy,8440.0
1300,0,KzCxlBoL,SEVBrkvc,8310.0
1300,0,qPtpgxic,KzCxlBoL,8310.0
1300,0,gGkadTNm,qPtpgxic,8569.0
1300,0,CbcrfuAf,gGkadTNm,8460.0
1263,0,XiXLaJEL,OyAyNkqZ,9575.0
1263,0,fzSWURzx,XiXLaJEL,5541.0
1263,0,vyojaKRU,fzSWURzx,5024.0
1263,0,puwcRgFs,vyojaKRU,4350.0
1263,0,zjKsBdNQ,puwcRgFs,1507.0
1263,0,ojqTFFWy,zjKsBdNQ,1505.0
1258,0,fcSUqaEW,isWzWnoW,2784.0
1258,0,YJykDsrc,fcSUqaEW,2784.0
835,0,XiXLaJEL,OyAyNkqZ,4831.0
804,0,ZeFKXxfu,fNoKcjVu,164.0
804,0,wYWONrrr,ZeFKXxfu,263.0
804,0,jTofnsvB,wYWONrrr,263.0
804,0,elmHqfIN,jTofnsvB,297.0
804,0,YhQOzAWJ,elmHqfIN,297.0
804,0,zUgDRwiy,YhQOzAWJ,574.0
804,0,okaePkJr,zUgDRwiy,716.0
804,0,PgJqeYYy,okaePkJr,716.0
804,0,cQQRUhUD,PgJqeYYy,843.0
804,0,ZpXtMmnA,cQQRUhUD,843.0
804,0,DgJlPOry,ZpXtMmnA,843.0
804,0,inAMLXyk,DgJlPOry,843.0
804,0,AKaXSKPc,inAMLXyk,843.0
804,0,HdtICUKG,AKaXSKPc,873.0
804,0,mhTYFecR,HdtICUKG,873.0
835,0,GgMfrgKO,XiXLaJEL,3234.0
835,0,tNjBpHdR,GgMfrgKO,2913.0
780,0,zEOiVqLB,MpBHVRZl,1233.0
780,0,JvovwZNp,zEOiVqLB,2428.0
780,0,XUTqNKWc,JvovwZNp,2428.0
780,0,sPGYwoyj,XUTqNKWc,2594.0
780,0,OeZVKJdr,sPGYwoyj,2594.0
780,0,cgSMZptb,lhSIyIfw,3986.0
427,0,sUYaNmKG,mnkgCFDT,1147.0
427,0,ntDOQspU,sUYaNmKG,1147.0
427,0,MlqbsUKu,ntDOQspU,1147.0
427,0,jaCrAUFK,MlqbsUKu,1116.0
427,0,EKYbCcms,jaCrAUFK,1045.0
427,0,OyAyNkqZ,EKYbCcms,852.0
427,0,XiXLaJEL,OyAyNkqZ,852.0
318,0,lOtREfVG,AmahvgQB,2067.0
204,0,yfzTmEfw,QgwCgjAi,893.0
204,0,mBSaKJib,yfzTmEfw,893.0
204,0,ggaXnTUz,mBSaKJib,867.0
204,0,zJsEFgSs,ggaXnTUz,867.0
204,0,exgtgIgV,zJsEFgSs,873.0
204,0,CvtLjMFW,exgtgIgV,873.0
204,0,vSdfqYeK,CvtLjMFW,866.0
204,0,lOtREfVG,vSdfqYeK,866.0
1275,0,qQrteapK,lqMPnIra,1358.0
1275,0,sZwmfbNt,qQrteapK,1358.0
1275,0,oBjbzljy,sZwmfbNt,1199.0
1275,0,aYSqaQmJ,oBjbzljy,1199.0
1275,0,zgCGmKZn,aYSqaQmJ,1163.0
1275,0,JKFFGKvY,zgCGmKZn,1078.0
1275,0,EVAUYvVR,JKFFGKvY,1078.0
1275,0,GYfZYaJh,EVAUYvVR,1078.0
1275,0,OpgRCgWV,GYfZYaJh,1076.0
1275,0,ntDOQspU,OpgRCgWV,1076.0
1275,0,MlqbsUKu,ntDOQspU,1076.0
1275,0,jaCrAUFK,MlqbsUKu,1075.0
1275,0,EKYbCcms,jaCrAUFK,1075.0
1275,0,OyAyNkqZ,EKYbCcms,1075.0
1275,0,XiXLaJEL,OyAyNkqZ,1075.0
1568,0,qOuhMtTj,xOhGqygU,11627.0
1568,0,KCvWJpxq,qOuhMtTj,10861.0
804,0,NXLrCKMp,xiTGCYEl,125.0
804,0,FyoAuDvn,NXLrCKMp,125.0
804,0,GpnhEWuy,FyoAuDvn,144.0
804,0,fNoKcjVu,GpnhEWuy,144.0
804,0,jPdkntFF,mhTYFecR,1192.0
1606,0,dEaSAGSX,OhBAPvsb,30.0
1607,0,qtwbUNdN,afEeEQRA,116.0
1607,0,sLhwHcwM,qtwbUNdN,116.0
1607,0,gcDZQasu,sLhwHcwM,116.0
1607,0,WrRzSDVz,gcDZQasu,116.0
1607,0,FGqBFXAc,WrRzSDVz,116.0
1607,0,gCZfLTyw,FGqBFXAc,116.0
1607,0,JbEMfubM,gCZfLTyw,116.0
1607,0,aImltWBw,JbEMfubM,116.0
1607,0,lUWTaWkd,RZCadHVt,32.0
1607,0,hApOmpAO,lUWTaWkd,32.0
1607,0,glrALKnP,hApOmpAO,32.0
1607,0,qehlKNkR,glrALKnP,32.0
1607,0,ZFFevgPB,qehlKNkR,32.0
1607,0,YBasMniA,ZFFevgPB,32.0
1607,0,FgFNxkEY,YBasMniA,32.0
1607,0,YFmNKhTV,FgFNxkEY,32.0
1607,0,WtbGlmGs,YFmNKhTV,32.0
1607,0,afEeEQRA,WtbGlmGs,32.0
1083,0,vyojaKRU,eaNsVWDR,1033.0
1607,0,RZCadHVt,ERlrnknW,29.0
75,0,CbYTLXWK,cgIzawVB,235.0
75,0,kWrGTFqC,CbYTLXWK,235.0
75,0,ubEwIGdf,kWrGTFqC,224.0
75,0,aBKtLgYB,ubEwIGdf,224.0
75,0,qduHdsCL,aBKtLgYB,224.0
75,0,GYMzAvFw,qduHdsCL,224.0
75,0,VXAxIwYs,GYMzAvFw,224.0
75,0,ZHWKFCEn,VXAxIwYs,224.0
75,0,ljcnUKfU,ZHWKFCEn,216.0
75,0,ngHHCDQb,ljcnUKfU,216.0
75,0,gKNaWgzA,ngHHCDQb,213.0
75,0,mTKelVZs,gKNaWgzA,213.0
75,0,xjlhzjUh,mTKelVZs,209.0
75,0,fGCuvnjJ,xjlhzjUh,202.0
75,0,CsZszdUY,fGCuvnjJ,202.0
75,0,GFWgXvCF,CsZszdUY,202.0
75,0,TFRpjaAo,GFWgXvCF,202.0
75,0,JhdinCeD,TFRpjaAo,202.0
75,0,ZIieNEvD,JhdinCeD,202.0
75,0,jvLymITs,ZIieNEvD,202.0
75,0,jJVVpGMf,jvLymITs,196.0
75,0,tcYerYbk,jJVVpGMf,196.0
75,0,pPKqPUVW,tcYerYbk,196.0
75,0,iYTiOTOT,pPKqPUVW,196.0
75,0,dLtneiKf,iYTiOTOT,196.0
75,0,slfxTuih,dLtneiKf,196.0
75,0,XFPAZveS,slfxTuih,188.0
1330,0,lUWTaWkd,vCxCuCVD,387.0
564,0,hApOmpAO,lUWTaWkd,336.0
564,0,glrALKnP,hApOmpAO,336.0
564,0,FHApcaDQ,glrALKnP,870.0
564,0,lUWTaWkd,RZCadHVt,179.0
796,0,lUWTaWkd,RZCadHVt,361.0
796,0,glrALKnP,lUWTaWkd,361.0
1452,0,lUWTaWkd,mhTYFecR,5996.0
804,0,gQTRJpmv,jPdkntFF,1191.0
1748,0,NnzcSqlk,vCxCuCVD,488.0
1748,0,qehlKNkR,NnzcSqlk,510.0
1748,0,ZFFevgPB,qehlKNkR,510.0
1452,0,hApOmpAO,lUWTaWkd,5979.0
1452,0,qehlKNkR,hApOmpAO,5979.0
1452,0,ZFFevgPB,qehlKNkR,5979.0
1452,0,YBasMniA,ZFFevgPB,5979.0
1452,0,sZNeRfOC,YBasMniA,6400.0
1452,0,HajxumVd,sZNeRfOC,6400.0
564,0,gKNaWgzA,ngHHCDQb,474.0
564,0,mTKelVZs,gKNaWgzA,474.0
564,0,xjlhzjUh,mTKelVZs,468.0
564,0,fGCuvnjJ,xjlhzjUh,651.0
564,0,CsZszdUY,fGCuvnjJ,651.0
564,0,OqBnJDkE,CsZszdUY,651.0
564,0,ajCBPuBp,OqBnJDkE,651.0
80,0,sAYtjSkX,yGnjFAhM,2655.0
779,0,qKwvXMmm,uxBjVsKf,1108.0
779,0,BNQPEsdW,qKwvXMmm,1108.0
779,0,beniIHzL,BNQPEsdW,1103.0
835,0,FGqBFXAc,tNjBpHdR,107.0
1702,0,ALndweLA,BYibysYA,622.0
1486,0,qehlKNkR,mhTYFecR,66.0
1486,0,ZFFevgPB,qehlKNkR,66.0
1486,0,sZNeRfOC,ZFFevgPB,66.0
1486,0,HajxumVd,sZNeRfOC,66.0
796,0,qehlKNkR,glrALKnP,330.0
796,0,sZNeRfOC,qehlKNkR,330.0
796,0,HajxumVd,sZNeRfOC,330.0
1452,0,tyrVGRMU,HajxumVd,6345.0
1748,0,sZNeRfOC,ZFFevgPB,430.0
1748,0,HajxumVd,sZNeRfOC,430.0
1440,0,lUWTaWkd,RZCadHVt,71.0
1440,0,hApOmpAO,lUWTaWkd,71.0
1440,0,qehlKNkR,hApOmpAO,71.0
1440,0,ZFFevgPB,qehlKNkR,71.0
1440,0,sZNeRfOC,ZFFevgPB,71.0
1440,0,HajxumVd,sZNeRfOC,71.0
1462,0,hApOmpAO,lUWTaWkd,83.0
1462,0,qehlKNkR,hApOmpAO,83.0
1462,0,ZFFevgPB,qehlKNkR,83.0
1462,0,YBasMniA,ZFFevgPB,83.0
1462,0,sZNeRfOC,YBasMniA,83.0
1462,0,HajxumVd,sZNeRfOC,83.0
804,0,BGrlRyyC,gQTRJpmv,737.0
564,0,rydzAjNc,FHApcaDQ,371.0
564,0,cekWZWmD,rydzAjNc,371.0
564,0,ngHHCDQb,cekWZWmD,371.0
142,0,nunLDRbE,deapEAbC,1053.0
142,0,oRUBDfuD,nunLDRbE,1053.0
142,0,qQJgvOFz,oRUBDfuD,1053.0
142,0,qVPPKIYf,qQJgvOFz,963.0
142,0,zvByLoIK,qVPPKIYf,938.0
804,0,WLRLSlmn,BGrlRyyC,685.0
75,0,EWgolfjF,HGpTnntY,1111.0
75,0,TzZKgVDl,EWgolfjF,849.0
75,0,zzxlwhdI,wssOAckJ,10.0
75,0,HGpTnntY,zzxlwhdI,167.0
1440,0,LhQSpAzy,HajxumVd,60.0
1440,0,pwpCkicC,LhQSpAzy,60.0
564,0,LhQSpAzy,ajCBPuBp,543.0
564,0,pwpCkicC,LhQSpAzy,543.0
1452,0,LhQSpAzy,tyrVGRMU,6359.0
1452,0,pwpCkicC,LhQSpAzy,6359.0
562,0,TEuwlied,dqlcNUVh,40.0
804,0,gDjMHgkU,WLRLSlmn,634.0
74,0,DksUClXl,oAtDCozl,263.0
74,0,CJfGjHZT,DksUClXl,263.0
74,0,oAltlCRB,CJfGjHZT,263.0
74,0,FfkqCuZM,oAltlCRB,263.0
74,0,okgTpqCg,FfkqCuZM,265.0
74,0,IKzXRYHu,okgTpqCg,271.0
74,0,adAJVrkD,IKzXRYHu,271.0
74,0,TbPzKyew,adAJVrkD,272.0
74,0,SXdGhQsI,TbPzKyew,272.0
74,0,gDjMHgkU,SXdGhQsI,272.0
365,0,BgwdUHsv,ysSWNERo,10.0
365,0,lEwLedpG,BgwdUHsv,9.0
365,0,lQIpGOTn,lEwLedpG,8.0
365,0,uhUmvvRs,lQIpGOTn,8.0
365,0,GgLRqpEG,uhUmvvRs,7.0
365,0,WFZVQzrl,GgLRqpEG,7.0
365,0,tRncbstl,WFZVQzrl,7.0
365,0,QDIpIlEK,tRncbstl,7.0
365,0,GpnhEWuy,QDIpIlEK,7.0
365,0,rRGVruPM,GpnhEWuy,7.0
37,0,nunLDRbE,deapEAbC,454.0
37,0,oRUBDfuD,nunLDRbE,454.0
37,0,qQJgvOFz,oRUBDfuD,454.0
37,0,qVPPKIYf,qQJgvOFz,454.0
37,0,osIslFBH,qVPPKIYf,443.0
565,0,vcCubJJz,ykEzhWPm,470.0
565,0,CJfGjHZT,vcCubJJz,470.0
565,0,oAltlCRB,CJfGjHZT,470.0
565,0,FfkqCuZM,oAltlCRB,470.0
565,0,lfmzBYXb,BxmxkKGC,390.0
565,0,TQhrUKrf,lfmzBYXb,390.0
565,0,hFISFuCO,TQhrUKrf,390.0
565,0,IJrmTLNf,hFISFuCO,390.0
565,0,byRkdSCW,IJrmTLNf,390.0
565,0,fQRLOpha,byRkdSCW,390.0
565,0,PXPVuGmP,fQRLOpha,409.0
565,0,ykEzhWPm,PXPVuGmP,409.0
565,0,BxmxkKGC,ojqTFFWy,238.0
1461,0,LrboGrTs,MMyysWzk,42.0
1461,0,HYTJJriR,LrboGrTs,42.0
1461,0,fjkEEKNz,HYTJJriR,42.0
1461,0,vqmUkLVA,fjkEEKNz,42.0
1461,0,BxmxkKGC,RTafItqF,40.0
1461,0,TQhrUKrf,BxmxkKGC,40.0
1461,0,hFISFuCO,TQhrUKrf,40.0
1461,0,IJrmTLNf,hFISFuCO,40.0
1461,0,byRkdSCW,IJrmTLNf,40.0
1461,0,fQRLOpha,byRkdSCW,40.0
1461,0,PXPVuGmP,fQRLOpha,40.0
1461,0,JpcivbxC,PXPVuGmP,40.0
1461,0,IulxyPoH,JpcivbxC,40.0
1461,0,llFTEWtD,IulxyPoH,40.0
1461,0,TvvslWVF,llFTEWtD,40.0
1461,0,SgXyhVwd,TvvslWVF,40.0
1461,0,fPhIOSOj,SgXyhVwd,40.0
1461,0,SOzmnmNW,fPhIOSOj,40.0
1461,0,OhBAPvsb,SOzmnmNW,40.0
1461,0,fgmiKawi,OhBAPvsb,40.0
1461,0,kVCEAUTv,fgmiKawi,40.0
1461,0,LsuNFzpq,kVCEAUTv,40.0
1461,0,aJJPOUlY,LsuNFzpq,40.0
1461,0,MMyysWzk,aJJPOUlY,40.0
80,0,yhYCDbZJ,sAYtjSkX,2323.0
80,0,ebBIwNsf,yhYCDbZJ,2323.0
992,0,nunLDRbE,deapEAbC,8215.0
992,0,oRUBDfuD,nunLDRbE,8215.0
992,0,qQJgvOFz,oRUBDfuD,8215.0
992,0,kbNsckqG,qQJgvOFz,8241.0
561,0,BxmxkKGC,ojqTFFWy,1912.0
561,0,lfmzBYXb,BxmxkKGC,2074.0
561,0,TQhrUKrf,lfmzBYXb,2074.0
804,0,rpBBoUBR,gDjMHgkU,363.0
804,0,WwOeNuda,rpBBoUBR,363.0
804,0,KFegxKuC,WwOeNuda,363.0
804,0,aVjeFnZb,KFegxKuC,363.0
804,0,fvPlIFug,aVjeFnZb,363.0
779,0,yHCBRtBd,xnXFAboh,4669.0
779,0,YYKDBDRS,yHCBRtBd,4669.0
779,0,CDXhVrrJ,YYKDBDRS,4669.0
561,0,rIWwRQFx,HkgLsGZV,2298.0
561,0,cfakSbWj,rIWwRQFx,2298.0
561,0,oAtDCozl,cfakSbWj,2298.0
561,0,hFISFuCO,TQhrUKrf,2071.0
561,0,IJrmTLNf,hFISFuCO,2071.0
561,0,byRkdSCW,IJrmTLNf,2071.0
561,0,HkgLsGZV,byRkdSCW,2071.0
561,0,cbQZDOwf,oAtDCozl,2162.0
992,0,VHmQaoRO,kbNsckqG,8234.0
369,0,nunLDRbE,deapEAbC,2524.0
369,0,oRUBDfuD,nunLDRbE,2524.0
369,0,qQJgvOFz,oRUBDfuD,2524.0
369,0,kbNsckqG,qQJgvOFz,2524.0
369,0,VHmQaoRO,kbNsckqG,2524.0
71,0,ZYCVVmjG,YKGBeVKa,1341.0
780,0,JMPYaKbU,IGRxApsM,1268.0
780,0,yGpawgaV,JMPYaKbU,1265.0
1557,0,YhQOzAWJ,jTofnsvB,1338.0
1557,0,mexFgKBp,YhQOzAWJ,1340.0
1557,0,okaePkJr,mexFgKBp,1496.0
1557,0,PgJqeYYy,okaePkJr,1823.0
1557,0,cQQRUhUD,PgJqeYYy,1857.0
1557,0,ZpXtMmnA,cQQRUhUD,1857.0
1557,0,inAMLXyk,ZpXtMmnA,2229.0
1557,0,nTEapSQO,inAMLXyk,2229.0
1557,0,AKaXSKPc,nTEapSQO,2229.0
1557,0,HdtICUKG,AKaXSKPc,2231.0
1557,0,qtbZyrFG,HdtICUKG,2231.0
1557,0,ECXJHxuC,qtbZyrFG,2231.0
1557,0,mhTYFecR,ECXJHxuC,2231.0
1557,0,ODVCvUnB,mhTYFecR,2344.0
1557,0,jPdkntFF,ODVCvUnB,2344.0
1557,0,gQTRJpmv,jPdkntFF,2344.0
1557,0,WLRLSlmn,gQTRJpmv,2350.0
1557,0,ArfZenbk,WLRLSlmn,2361.0
1557,0,ugwdZZUk,ArfZenbk,2399.0
567,0,rIWwRQFx,HkgLsGZV,23.0
567,0,cfakSbWj,rIWwRQFx,23.0
567,0,oAtDCozl,cfakSbWj,23.0
567,0,cbQZDOwf,oAtDCozl,23.0
567,0,lrlWhBjT,cbQZDOwf,23.0
567,0,KoIahnfw,lrlWhBjT,25.0
567,0,seSDLBYx,KoIahnfw,25.0
567,0,aBkDdFJm,seSDLBYx,25.0
567,0,UKIbRYBp,aBkDdFJm,25.0
567,0,wdXbjior,UKIbRYBp,25.0
567,0,rkDXPoao,wdXbjior,25.0
567,0,VMeHkHot,rkDXPoao,27.0
567,0,hpqGMkEd,VMeHkHot,27.0
567,0,ugwdZZUk,hpqGMkEd,27.0
567,0,lfmzBYXb,BxmxkKGC,16.0
567,0,TQhrUKrf,lfmzBYXb,21.0
567,0,hFISFuCO,TQhrUKrf,21.0
567,0,IJrmTLNf,hFISFuCO,21.0
567,0,byRkdSCW,IJrmTLNf,21.0
567,0,HkgLsGZV,byRkdSCW,21.0
567,0,BxmxkKGC,ojqTFFWy,14.0
1557,0,yNIUaSyZ,cNuIRYrx,324.0
1557,0,xiTGCYEl,yNIUaSyZ,324.0
1557,0,NXLrCKMp,xiTGCYEl,368.0
1557,0,FyoAuDvn,NXLrCKMp,368.0
1557,0,GpnhEWuy,FyoAuDvn,457.0
1557,0,fNoKcjVu,GpnhEWuy,463.0
1557,0,ZeFKXxfu,fNoKcjVu,651.0
1557,0,wYWONrrr,ZeFKXxfu,673.0
1557,0,jTofnsvB,wYWONrrr,673.0
913,0,WdOwNGhj,xfbmoJHP,11.0
913,0,kKKRBhFF,WdOwNGhj,9.0
913,0,NFInfBeu,kKKRBhFF,9.0
913,0,VCQdmIoF,NFInfBeu,9.0
913,0,ePrpofUw,VCQdmIoF,9.0
913,0,KcvPUxQg,ePrpofUw,9.0
913,0,BlnSxBAr,KcvPUxQg,9.0
913,0,TCBUGaZf,BlnSxBAr,9.0
567,0,oTJYLjwC,ugwdZZUk,22.0
1183,0,ABBXwUbo,wuDdaesk,130.0
1175,0,QEnOoljA,pYAYKpHc,1080.0
1175,0,aLyOqIFS,QEnOoljA,1028.0
1175,0,UmISPPJO,aLyOqIFS,974.0
1175,0,VPUbGzfh,UmISPPJO,974.0
1175,0,MVExtcyL,VPUbGzfh,974.0
1175,0,bciZjPUu,MVExtcyL,974.0
1175,0,ogOCBKAf,bciZjPUu,898.0
1174,0,aLyOqIFS,QEnOoljA,1373.0
1174,0,UmISPPJO,aLyOqIFS,1373.0
1174,0,VPUbGzfh,UmISPPJO,1509.0
1174,0,MVExtcyL,VPUbGzfh,1509.0
401,0,bYNwHuWo,KjiBWoqR,1270.0
401,0,MFfExqBx,bYNwHuWo,1278.0
401,0,qWvzRbGV,MFfExqBx,1198.0
401,0,PRzaSxQc,qWvzRbGV,1198.0
401,0,bfKiOFsS,PRzaSxQc,1198.0
401,0,eGbCulMV,bfKiOFsS,1198.0
401,0,CRVKBFrv,eGbCulMV,1198.0
157,0,aLyOqIFS,QEnOoljA,43.0
157,0,UmISPPJO,aLyOqIFS,43.0
157,0,VPUbGzfh,UmISPPJO,43.0
157,0,MVExtcyL,VPUbGzfh,43.0
157,0,bciZjPUu,MVExtcyL,43.0
157,0,ogOCBKAf,bciZjPUu,22.0
157,0,PhjcDdmq,ogOCBKAf,3.0
157,0,bHagonKv,PhjcDdmq,3.0
157,0,Vlipnutt,bHagonKv,3.0
157,0,CcjcuryA,Vlipnutt,3.0
157,0,FStgRiBS,CcjcuryA,3.0
157,0,GkYZbgqg,FStgRiBS,3.0
157,0,FlYjxOxQ,GkYZbgqg,3.0
157,0,wFSILCzc,FlYjxOxQ,3.0
157,0,yQQuLFAg,wFSILCzc,3.0
157,0,rUKSlFeh,yQQuLFAg,3.0
157,0,rckblBTM,rUKSlFeh,3.0
157,0,gKoyUmab,rckblBTM,3.0
157,0,fGmFhgnx,gKoyUmab,3.0
157,0,XyHfgUxW,fGmFhgnx,3.0
157,0,zjjLSYAp,XyHfgUxW,3.0
157,0,wrsPDGBQ,zjjLSYAp,3.0
1168,0,XBBRJpEo,iqwUvhKg,43.0
1168,0,yfDSCLNC,XBBRJpEo,40.0
1168,0,eUWmFhmU,yfDSCLNC,40.0
1168,0,PaIXMFSn,eUWmFhmU,40.0
1168,0,xWjNpCho,PaIXMFSn,38.0
1168,0,drCNaUUd,xWjNpCho,31.0
1168,0,GiLGTLpB,drCNaUUd,31.0
1168,0,uCrZVfKw,GiLGTLpB,31.0
1168,0,ibPVFfKv,uCrZVfKw,29.0
1168,0,MokitPrF,ibPVFfKv,29.0
1168,0,WWVpYMJI,MokitPrF,29.0
1168,0,UmISPPJO,WWVpYMJI,28.0
1168,0,VPUbGzfh,UmISPPJO,28.0
1168,0,MVExtcyL,VPUbGzfh,28.0
1168,0,bciZjPUu,MVExtcyL,28.0
1168,0,ogOCBKAf,bciZjPUu,28.0
1171,0,aLyOqIFS,QEnOoljA,148.0
1171,0,UmISPPJO,aLyOqIFS,148.0
1171,0,VPUbGzfh,UmISPPJO,148.0
1171,0,MVExtcyL,VPUbGzfh,148.0
1171,0,bciZjPUu,MVExtcyL,148.0
1171,0,ogOCBKAf,bciZjPUu,140.0
1075,0,AiDSpgcp,yfISbYOh,1359.0
1075,0,rQoGPwMA,AiDSpgcp,1359.0
1075,0,SwPLBeCY,rQoGPwMA,1359.0
1075,0,TgAaXvqD,SwPLBeCY,1373.0
1075,0,fikrodNW,TgAaXvqD,1393.0
561,0,lrlWhBjT,cbQZDOwf,2158.0
427,0,vyojaKRU,XiXLaJEL,750.0
427,0,puwcRgFs,vyojaKRU,733.0
427,0,ojqTFFWy,puwcRgFs,549.0
566,0,LjfvDYFE,IANlmbvg,2.0
566,0,VEafRBFt,LjfvDYFE,3.0
566,0,EPhoDTHz,VEafRBFt,3.0
566,0,WGPbPoOh,EPhoDTHz,3.0
566,0,avbDVyxh,WGPbPoOh,3.0
566,0,gzkuviLm,avbDVyxh,3.0
566,0,CkzMckPC,gzkuviLm,3.0
566,0,WywmvGMH,CkzMckPC,3.0
566,0,AesbwnPs,WywmvGMH,2.0
566,0,hzAARBgX,AesbwnPs,2.0
50,0,bmUdUOzs,VTHwomVj,1354.0
1748,0,LhQSpAzy,HajxumVd,317.0
1748,0,pwpCkicC,LhQSpAzy,317.0
1612,0,cpfNtAtG,RwPflEyQ,97.0
1612,0,hfvWjeWi,cpfNtAtG,97.0
1612,0,ffCPclBp,hfvWjeWi,97.0
1612,0,aIYUUJGk,ffCPclBp,97.0
1612,0,XNgGrRZp,aIYUUJGk,97.0
1612,0,nbddTMrG,XNgGrRZp,70.0
1612,0,wwRbiLuR,nbddTMrG,70.0
1612,0,zjuQPxhV,wwRbiLuR,70.0
1612,0,GjtgPBZH,zjuQPxhV,70.0
1612,0,AyRaCeuc,GjtgPBZH,70.0
1612,0,tYBUyXXf,AyRaCeuc,70.0
564,0,jJVVpGMf,pwpCkicC,525.0
564,0,tcYerYbk,jJVVpGMf,525.0
564,0,pPKqPUVW,tcYerYbk,525.0
564,0,iYTiOTOT,pPKqPUVW,525.0
564,0,dLtneiKf,iYTiOTOT,525.0
1652,0,tojmCcQB,tUdYLqkf,4.0
1652,0,jwBQsumG,tojmCcQB,4.0
1652,0,FtVXEmao,jwBQsumG,4.0
1652,0,LyncnjMw,FtVXEmao,4.0
1652,0,FoxIDeQY,LyncnjMw,4.0
1557,0,zjSZrmjo,ugwdZZUk,2002.0
567,0,zjSZrmjo,oTJYLjwC,6.0
80,0,BzJNmTUM,ebBIwNsf,2187.0
80,0,qLEwgwyN,BzJNmTUM,2187.0
80,0,WDOOnJlC,qLEwgwyN,2187.0
561,0,KoIahnfw,lrlWhBjT,586.0
561,0,seSDLBYx,KoIahnfw,564.0
561,0,aBkDdFJm,seSDLBYx,550.0
561,0,UKIbRYBp,aBkDdFJm,550.0
561,0,wdXbjior,UKIbRYBp,550.0
561,0,rkDXPoao,wdXbjior,550.0
796,0,LhQSpAzy,HajxumVd,44.0
796,0,pwpCkicC,LhQSpAzy,44.0
369,0,MlXQVZuf,VHmQaoRO,2209.0
369,0,QxkHLGuk,MlXQVZuf,2209.0
369,0,oLzlCKof,QxkHLGuk,2110.0
369,0,AQHsowCO,oLzlCKof,2085.0
369,0,eHBdrFbQ,AQHsowCO,2111.0
369,0,nermFKBU,eHBdrFbQ,2111.0
369,0,syNMMSsu,nermFKBU,2111.0
369,0,aEhaaulL,syNMMSsu,2111.0
369,0,bzkCWXwV,aEhaaulL,2123.0
369,0,rPcYYZtd,bzkCWXwV,2123.0
1557,0,sUKTegUv,zjSZrmjo,1806.0
1557,0,ITgXIjdb,sUKTegUv,1806.0
1557,0,HnrldKFZ,ITgXIjdb,1806.0
1557,0,WkuKuFdE,HnrldKFZ,1703.0
1557,0,NsNpZaFg,WkuKuFdE,1703.0
1557,0,oyvIGXLL,NsNpZaFg,1641.0
1557,0,aDfjbwoX,oyvIGXLL,1632.0
779,0,NTCwKKsF,JKUqFAhf,5286.0
779,0,xnXFAboh,NTCwKKsF,5286.0
992,0,MlXQVZuf,VHmQaoRO,6781.0
992,0,QxkHLGuk,MlXQVZuf,6781.0
992,0,oLzlCKof,QxkHLGuk,3766.0
992,0,AQHsowCO,oLzlCKof,2509.0
992,0,eHBdrFbQ,AQHsowCO,2311.0
992,0,nermFKBU,eHBdrFbQ,2293.0
992,0,syNMMSsu,nermFKBU,2293.0
992,0,aEhaaulL,syNMMSsu,2293.0
992,0,bzkCWXwV,aEhaaulL,1734.0
992,0,rPcYYZtd,bzkCWXwV,1734.0
1088,0,XgkALHoJ,RUSqbQft,517.0
1088,0,CLiKvSHW,XgkALHoJ,517.0
1088,0,ZnVCCcBH,CLiKvSHW,517.0
1088,0,OIitzYwb,ZnVCCcBH,517.0
1088,0,pACYXwGf,OIitzYwb,519.0
1088,0,VYHZxBYO,pACYXwGf,519.0
1093,0,JOgPNDzu,VYHZxBYO,518.0
1093,0,KCAssTym,JOgPNDzu,530.0
1093,0,WhdKokFf,KCAssTym,657.0
1093,0,QhscbmPA,WhdKokFf,657.0
1093,0,YVvBKwgW,QhscbmPA,558.0
1093,0,CcDOWlNm,YVvBKwgW,542.0
1093,0,yfjUYWEe,CcDOWlNm,542.0
1093,0,LIgtsZTQ,yfjUYWEe,887.0
1093,0,OLfrsrRj,LIgtsZTQ,852.0
1093,0,nvtqczOj,OLfrsrRj,852.0
1093,0,FdzHSswJ,nvtqczOj,573.0
1093,0,qmRscxuH,FdzHSswJ,549.0
951,0,YGbVmztp,OWTXMrGR,1317.0
951,0,oHyqEJfk,YGbVmztp,1317.0
951,0,bfpcjsiF,oHyqEJfk,1317.0
951,0,CbcrfuAf,bfpcjsiF,1236.0
74,0,rpBBoUBR,gDjMHgkU,265.0
74,0,WwOeNuda,rpBBoUBR,265.0
74,0,KFegxKuC,WwOeNuda,265.0
74,0,aVjeFnZb,KFegxKuC,265.0
74,0,fvPlIFug,aVjeFnZb,265.0
74,0,tNQgpOjd,fvPlIFug,265.0
74,0,jbVnaCku,tNQgpOjd,265.0
74,0,RmfxCtxh,jbVnaCku,265.0
74,0,bJQxNaqG,RmfxCtxh,265.0
74,0,JZfQfeRA,bJQxNaqG,265.0
74,0,YKGBeVKa,JZfQfeRA,265.0
74,0,ZYCVVmjG,YKGBeVKa,223.0
74,0,tNSMkSfB,ZYCVVmjG,190.0
74,0,vaPtcLuK,tNSMkSfB,4.0
74,0,dEwNKLNy,vaPtcLuK,4.0
71,0,tNQgpOjd,fvPlIFug,116.0
71,0,jbVnaCku,tNQgpOjd,116.0
71,0,RmfxCtxh,jbVnaCku,116.0
71,0,bJQxNaqG,RmfxCtxh,116.0
71,0,JZfQfeRA,bJQxNaqG,116.0
71,0,YKGBeVKa,JZfQfeRA,116.0
899,0,QBDSVwgM,PTCqqgjS,58.0
899,0,PfzzVLdD,QBDSVwgM,50.0
899,0,yRZHSCWE,PfzzVLdD,50.0
899,0,rCrvifMW,yRZHSCWE,50.0
899,0,aPOYjvXT,rCrvifMW,50.0
1085,0,zjKsBdNQ,puwcRgFs,13276.0
1085,0,ojqTFFWy,zjKsBdNQ,13276.0
1178,0,izUAPpdi,xyBTaHvp,5128.0
1178,0,FVYwGhLu,izUAPpdi,5128.0
1178,0,cNWTidvb,FVYwGhLu,5104.0
71,0,SXdGhQsI,BGrlRyyC,105.0
71,0,gDjMHgkU,SXdGhQsI,105.0
71,0,rpBBoUBR,gDjMHgkU,105.0
71,0,WwOeNuda,rpBBoUBR,105.0
71,0,KFegxKuC,WwOeNuda,105.0
71,0,aVjeFnZb,KFegxKuC,105.0
71,0,fvPlIFug,aVjeFnZb,105.0
71,0,qcBmUtcB,HqehCtdr,43.0
71,0,ODVCvUnB,qcBmUtcB,96.0
71,0,jPdkntFF,ODVCvUnB,96.0
71,0,gQTRJpmv,jPdkntFF,98.0
71,0,gRoGYEAJ,gQTRJpmv,99.0
71,0,BGrlRyyC,gRoGYEAJ,99.0
74,0,lfmzBYXb,BxmxkKGC,253.0
74,0,TQhrUKrf,lfmzBYXb,253.0
74,0,hFISFuCO,TQhrUKrf,253.0
74,0,IJrmTLNf,hFISFuCO,253.0
74,0,byRkdSCW,IJrmTLNf,253.0
74,0,HkgLsGZV,byRkdSCW,253.0
74,0,rIWwRQFx,HkgLsGZV,256.0
74,0,cfakSbWj,rIWwRQFx,256.0
74,0,oAtDCozl,cfakSbWj,256.0
74,0,BxmxkKGC,ojqTFFWy,245.0
567,0,sUKTegUv,zjSZrmjo,1.0
1557,0,bZroqIhX,eTJQHplR,43.0
1557,0,cNuIRYrx,bZroqIhX,43.0
1178,0,upMsEWKk,IMTItMKU,5034.0
1178,0,KCqeuCwW,upMsEWKk,5034.0
1178,0,xyBTaHvp,KCqeuCwW,5034.0
1554,0,zTCljsJK,LWArqXfR,608.0
1554,0,kezsyYDB,zTCljsJK,608.0
1554,0,fyzkVZoU,kezsyYDB,608.0
1554,0,ashRAirR,fyzkVZoU,608.0
1554,0,omUHRQFc,ashRAirR,608.0
1554,0,pHFwnWxB,omUHRQFc,608.0
1554,0,EPQxNUoM,pHFwnWxB,608.0
1695,0,BGChynOq,JLvNOQnl,311.0
1695,0,ffHVhHJj,BGChynOq,526.0
1695,0,itmFNPnQ,ffHVhHJj,526.0
1695,0,mEEGNlDG,itmFNPnQ,526.0
1695,0,jVOVHrFU,mEEGNlDG,526.0
1695,0,qeXIqBgp,jVOVHrFU,526.0
1695,0,gmsNDepi,qeXIqBgp,526.0
1695,0,jFRqfnFl,gmsNDepi,479.0
900,0,lhSIyIfw,yHaTCNJc,61.0
900,0,cgSMZptb,lhSIyIfw,56.0
900,0,fdwLSfsa,cgSMZptb,56.0
900,0,wuAzVrCW,fdwLSfsa,54.0
900,0,mRKfPREJ,wuAzVrCW,54.0
900,0,HeRuYpNs,mRKfPREJ,54.0
900,0,qRJySzaf,HeRuYpNs,41.0
900,0,LTfflVxG,qRJySzaf,41.0
900,0,AhWKwjTz,LTfflVxG,41.0
900,0,VEiYdotb,AhWKwjTz,41.0
900,0,DgYBMgPg,VEiYdotb,41.0
900,0,vkArqzKY,DgYBMgPg,39.0
900,0,gzTQJVMW,vkArqzKY,39.0
900,0,FZsFzszJ,gzTQJVMW,21.0
900,0,KgwKZlse,FZsFzszJ,20.0
900,0,AoRkaUmb,KgwKZlse,20.0
900,0,ALhaazBT,AoRkaUmb,20.0
900,0,YqlTLIQa,ALhaazBT,20.0
900,0,AUmOMGnp,YqlTLIQa,20.0
900,0,XFPAZveS,AUmOMGnp,20.0
900,0,ojqTFFWy,XFPAZveS,13.0
563,0,rIWwRQFx,HkgLsGZV,203.0
563,0,cfakSbWj,rIWwRQFx,203.0
563,0,oAtDCozl,cfakSbWj,203.0
563,0,cbQZDOwf,oAtDCozl,203.0
563,0,lrlWhBjT,cbQZDOwf,203.0
563,0,KoIahnfw,lrlWhBjT,203.0
563,0,seSDLBYx,KoIahnfw,203.0
563,0,aBkDdFJm,seSDLBYx,203.0
563,0,UKIbRYBp,aBkDdFJm,203.0
563,0,IgyjIxcD,UKIbRYBp,203.0
563,0,fdjgUDEy,IgyjIxcD,203.0
562,0,dqlcNUVh,HeRuYpNs,37.0
563,0,BxmxkKGC,ojqTFFWy,188.0
563,0,lfmzBYXb,BxmxkKGC,188.0
563,0,TQhrUKrf,lfmzBYXb,188.0
563,0,hFISFuCO,TQhrUKrf,188.0
563,0,IJrmTLNf,hFISFuCO,188.0
563,0,byRkdSCW,IJrmTLNf,188.0
563,0,HkgLsGZV,byRkdSCW,188.0
80,0,EjMZgDJt,WDOOnJlC,1877.0
80,0,BDSRgQTg,EjMZgDJt,1877.0
1178,0,UckYThSh,eTPMYwkC,4957.0
1178,0,IMTItMKU,UckYThSh,4957.0
74,0,sxnLITXs,dEwNKLNy,2.0
74,0,oLzlCKof,sxnLITXs,2.0
71,0,sxnLITXs,dEwNKLNy,454.0
71,0,oLzlCKof,sxnLITXs,432.0
902,0,GeRuyZeo,MzxDaMZj,62.0
902,0,YqAQHxyY,GeRuyZeo,62.0
902,0,qLRAgPvM,YqAQHxyY,61.0
902,0,yVpSHUpe,qLRAgPvM,61.0
902,0,PfzzVLdD,yVpSHUpe,61.0
902,0,yRZHSCWE,PfzzVLdD,61.0
902,0,rCrvifMW,yRZHSCWE,61.0
902,0,aPOYjvXT,rCrvifMW,61.0
1553,0,GpnhEWuy,FyoAuDvn,149.0
1553,0,fNoKcjVu,GpnhEWuy,150.0
1553,0,ZeFKXxfu,fNoKcjVu,296.0
1553,0,wYWONrrr,ZeFKXxfu,296.0
1553,0,jTofnsvB,wYWONrrr,296.0
1553,0,elmHqfIN,jTofnsvB,319.0
1553,0,YhQOzAWJ,elmHqfIN,319.0
1553,0,zUgDRwiy,YhQOzAWJ,703.0
1553,0,okaePkJr,zUgDRwiy,1042.0
1553,0,PgJqeYYy,okaePkJr,1042.0
1553,0,cQQRUhUD,PgJqeYYy,1236.0
1553,0,ZpXtMmnA,cQQRUhUD,1236.0
1553,0,DgJlPOry,ZpXtMmnA,1654.0
1553,0,inAMLXyk,DgJlPOry,1654.0
1553,0,nTEapSQO,inAMLXyk,1654.0
1553,0,AKaXSKPc,nTEapSQO,1654.0
1553,0,HdtICUKG,AKaXSKPc,1661.0
1553,0,qtbZyrFG,HdtICUKG,1661.0
1553,0,ECXJHxuC,qtbZyrFG,1661.0
1553,0,mhTYFecR,ECXJHxuC,1661.0
1553,0,ODVCvUnB,mhTYFecR,2340.0
1553,0,jPdkntFF,ODVCvUnB,2340.0
1553,0,gQTRJpmv,jPdkntFF,2340.0
1553,0,gRoGYEAJ,gQTRJpmv,2343.0
1553,0,BGrlRyyC,gRoGYEAJ,2343.0
1553,0,SXdGhQsI,BGrlRyyC,2343.0
1553,0,gDjMHgkU,SXdGhQsI,2343.0
1553,0,rpBBoUBR,gDjMHgkU,2360.0
1553,0,WwOeNuda,rpBBoUBR,2360.0
1553,0,KFegxKuC,WwOeNuda,2360.0
1553,0,aVjeFnZb,KFegxKuC,2360.0
1553,0,fvPlIFug,aVjeFnZb,2360.0
1553,0,tNQgpOjd,fvPlIFug,2364.0
1553,0,jbVnaCku,tNQgpOjd,2364.0
1553,0,RmfxCtxh,jbVnaCku,2364.0
1553,0,bJQxNaqG,RmfxCtxh,2364.0
1553,0,JZfQfeRA,bJQxNaqG,2364.0
1553,0,kZvDkitV,JZfQfeRA,2364.0
1553,0,yQpnsdnm,kZvDkitV,3126.0
1553,0,QgKtWMoe,xiTGCYEl,19.0
1553,0,FyoAuDvn,QgKtWMoe,19.0
1554,0,JvovwZNp,zEOiVqLB,345.0
1554,0,XUTqNKWc,JvovwZNp,495.0
1554,0,LWArqXfR,XUTqNKWc,495.0
778,0,CgMBzfIg,OXvlrfnG,2048.0
778,0,BCwVkMhO,CgMBzfIg,2048.0
778,0,MpBHVRZl,BCwVkMhO,2048.0
778,0,zEOiVqLB,MpBHVRZl,2048.0
778,0,JvovwZNp,zEOiVqLB,1785.0
778,0,OXvlrfnG,iZfXNAue,1915.0
1553,0,upwIMaLy,yQpnsdnm,385.0
1553,0,BdMcIGqZ,upwIMaLy,385.0
1553,0,fxKlXZDo,BdMcIGqZ,385.0
1553,0,SEKqfPxp,fxKlXZDo,385.0
1553,0,eyEAULLm,SEKqfPxp,385.0
1553,0,ZWbwKKqI,eyEAULLm,385.0
1553,0,AvRehgJa,ZWbwKKqI,384.0
1553,0,eUifXINV,AvRehgJa,384.0
1553,0,aNlaxeLS,eUifXINV,232.0
1553,0,zBPHjWVd,aNlaxeLS,45.0
1553,0,rPcYYZtd,zBPHjWVd,45.0
1553,0,ngtiheSM,rPcYYZtd,45.0
1553,0,uxBjVsKf,ngtiheSM,45.0
1553,0,VriUyyDM,uxBjVsKf,45.0
427,0,SEVBrkvc,ojqTFFWy,513.0
427,0,qPtpgxic,SEVBrkvc,510.0
427,0,gGkadTNm,qPtpgxic,475.0
427,0,CbcrfuAf,gGkadTNm,471.0
950,0,HeRuYpNs,UrTDCKsV,56.0
950,0,qRJySzaf,HeRuYpNs,51.0
950,0,LTfflVxG,qRJySzaf,51.0
950,0,AhWKwjTz,LTfflVxG,51.0
780,0,MpBHVRZl,yGpawgaV,1241.0
778,0,XUTqNKWc,JvovwZNp,1635.0
778,0,sPGYwoyj,XUTqNKWc,1635.0
778,0,OeZVKJdr,sPGYwoyj,1635.0
778,0,lhSIyIfw,OeZVKJdr,1621.0
778,0,cgSMZptb,lhSIyIfw,1621.0
778,0,fdwLSfsa,cgSMZptb,1621.0
778,0,wuAzVrCW,fdwLSfsa,1081.0
778,0,mRKfPREJ,wuAzVrCW,1081.0
778,0,HeRuYpNs,mRKfPREJ,1081.0
778,0,qRJySzaf,HeRuYpNs,993.0
778,0,LTfflVxG,qRJySzaf,993.0
778,0,AhWKwjTz,LTfflVxG,993.0
1682,0,BxmxkKGC,RTafItqF,34.0
1682,0,lfmzBYXb,BxmxkKGC,34.0
1682,0,TQhrUKrf,lfmzBYXb,34.0
1682,0,hFISFuCO,TQhrUKrf,34.0
1682,0,IJrmTLNf,hFISFuCO,34.0
1682,0,byRkdSCW,IJrmTLNf,34.0
1682,0,HkgLsGZV,byRkdSCW,34.0
1696,0,oynLwMrX,IMEhQaQS,243.0
1696,0,EKYbCcms,oynLwMrX,446.0
1696,0,ffjXMuak,EKYbCcms,446.0
1696,0,EDdQplwd,ffjXMuak,446.0
1696,0,XbgiSLmy,EDdQplwd,446.0
1696,0,pXlenLUq,XbgiSLmy,446.0
1696,0,DNyXiZzj,pXlenLUq,446.0
1696,0,gxlaiARP,DNyXiZzj,403.0
1221,0,ffjXMuak,qeXIqBgp,8455.0
1221,0,EDdQplwd,ffjXMuak,8455.0
1221,0,XbgiSLmy,EDdQplwd,8455.0
1221,0,pXlenLUq,XbgiSLmy,8455.0
1221,0,DNyXiZzj,pXlenLUq,8455.0
1221,0,gxlaiARP,DNyXiZzj,8748.0
563,0,nuxwLmjk,fdjgUDEy,10.0
563,0,EZxvwLQu,nuxwLmjk,11.0
364,0,iPNesxKP,NQaaFyOm,2.0
364,0,lctVuVOk,iPNesxKP,2.0
364,0,EocVuyzS,lctVuVOk,2.0
364,0,lwcIkPvE,EocVuyzS,2.0
364,0,suszCmcx,lwcIkPvE,2.0
364,0,UTBcifAN,suszCmcx,2.0
364,0,HQVZivsH,UTBcifAN,2.0
364,0,DeiIsjyA,HQVZivsH,2.0
364,0,anWZyaGW,DeiIsjyA,2.0
364,0,OrbXRiVv,anWZyaGW,2.0
364,0,cNuIRYrx,OrbXRiVv,2.0
364,0,yNIUaSyZ,cNuIRYrx,2.0
364,0,xiTGCYEl,yNIUaSyZ,2.0
364,0,NXLrCKMp,xiTGCYEl,2.0
364,0,FyoAuDvn,NXLrCKMp,2.0
364,0,WOOyqinT,FyoAuDvn,2.0
364,0,mnkgCFDT,WOOyqinT,2.0
364,0,OpgRCgWV,mnkgCFDT,7.0
364,0,ntDOQspU,OpgRCgWV,7.0
364,0,IdVewllq,ntDOQspU,7.0
364,0,AXkvSZpr,IdVewllq,7.0
364,0,MlqbsUKu,AXkvSZpr,12.0
364,0,jaCrAUFK,MlqbsUKu,12.0
364,0,oynLwMrX,jaCrAUFK,14.0
364,0,EKYbCcms,oynLwMrX,14.0
364,0,cIQOVqQI,EKYbCcms,14.0
364,0,OyAyNkqZ,cIQOVqQI,46.0
364,0,XiXLaJEL,OyAyNkqZ,47.0
364,0,fzSWURzx,XiXLaJEL,55.0
364,0,vyojaKRU,fzSWURzx,55.0
364,0,puwcRgFs,vyojaKRU,55.0
364,0,zjKsBdNQ,puwcRgFs,55.0
364,0,ojqTFFWy,zjKsBdNQ,55.0
364,0,RTafItqF,ojqTFFWy,323.0
364,0,SEVBrkvc,RTafItqF,993.0
364,0,KzCxlBoL,SEVBrkvc,1006.0
364,0,qPtpgxic,KzCxlBoL,1006.0
364,0,dWuojvTd,qPtpgxic,1122.0
364,0,sCEThkda,dWuojvTd,1122.0
364,0,HpZlYWor,sCEThkda,1122.0
364,0,ztmxtqSi,HpZlYWor,1122.0
364,0,GpOUDfXM,ztmxtqSi,1122.0
364,0,nYOFNZtG,GpOUDfXM,2847.0
1053,0,WdOwNGhj,xfbmoJHP,37.0
1053,0,kKKRBhFF,WdOwNGhj,37.0
1053,0,NFInfBeu,kKKRBhFF,37.0
1053,0,KcvPUxQg,NFInfBeu,37.0
1452,0,jJVVpGMf,pwpCkicC,6459.0
1452,0,tcYerYbk,jJVVpGMf,6459.0
1452,0,pPKqPUVW,tcYerYbk,6459.0
1452,0,iYTiOTOT,pPKqPUVW,6459.0
1452,0,slfxTuih,iYTiOTOT,6459.0
1452,0,SVPLEqNI,slfxTuih,4564.0
940,0,EZxvwLQu,nuxwLmjk,7.0
940,0,qRJySzaf,EZxvwLQu,7.0
940,0,LTfflVxG,qRJySzaf,7.0
940,0,AhWKwjTz,LTfflVxG,7.0
940,0,VEiYdotb,AhWKwjTz,7.0
940,0,DgYBMgPg,VEiYdotb,7.0
950,0,VEiYdotb,AhWKwjTz,50.0
950,0,DgYBMgPg,VEiYdotb,50.0
947,0,hyEIkJeA,UvujAAYC,47.0
947,0,jadHWhqA,hyEIkJeA,47.0
947,0,oMurZdLt,jadHWhqA,47.0
947,0,KTeKlEmN,oMurZdLt,47.0
947,0,cRNMfSEx,KTeKlEmN,47.0
947,0,UhRSkRXw,cRNMfSEx,63.0
778,0,VEiYdotb,AhWKwjTz,955.0
778,0,DgYBMgPg,VEiYdotb,955.0
75,0,ojqTFFWy,XFPAZveS,77.0
1023,0,CwhdRXLi,JzVUaFrl,545.0
1023,0,gjOgguRV,CwhdRXLi,545.0
1075,0,qNEatmrc,AlpXiRiW,563.0
1075,0,XaMitbnP,qNEatmrc,715.0
1075,0,AWZaYJbg,XaMitbnP,715.0
1075,0,PuHLPXYe,AWZaYJbg,715.0
1075,0,ZafFyFXk,PuHLPXYe,718.0
1075,0,jiQkTSqX,ZafFyFXk,718.0
1075,0,UfaDzlyU,jiQkTSqX,719.0
1452,0,ejMjPdTH,SVPLEqNI,1506.0
1088,0,yRjqmRuq,BsRMZbGV,388.0
1088,0,pTTspriv,yRjqmRuq,388.0
1088,0,VCFHkCli,pTTspriv,466.0
1088,0,PNxpREZf,VCFHkCli,466.0
1088,0,mHGLRRvz,PNxpREZf,454.0
1088,0,uuMvuwVk,mHGLRRvz,461.0
1088,0,yMEEwloH,uuMvuwVk,461.0
1088,0,mFLzcwSa,yMEEwloH,461.0
1088,0,mSfSOoJb,mFLzcwSa,461.0
1088,0,BSkSmoPQ,mSfSOoJb,461.0
1088,0,HMbsFjDI,BSkSmoPQ,337.0
1088,0,TPYHEEdQ,HMbsFjDI,337.0
1088,0,RUSqbQft,TPYHEEdQ,337.0
71,0,HqehCtdr,OhBAPvsb,29.0
71,0,SgXyhVwd,TvvslWVF,15.0
71,0,fPhIOSOj,SgXyhVwd,15.0
71,0,PQDqFTyk,fPhIOSOj,15.0
71,0,SOzmnmNW,PQDqFTyk,15.0
71,0,OhBAPvsb,SOzmnmNW,15.0
80,0,cVeADzkw,BDSRgQTg,1807.0
80,0,pySAVSoY,cVeADzkw,1807.0
80,0,kMrSvhcD,pySAVSoY,1807.0
80,0,ImuPiggn,kMrSvhcD,1807.0
942,0,sCEThkda,dWuojvTd,965.0
942,0,HpZlYWor,sCEThkda,928.0
942,0,ztmxtqSi,HpZlYWor,928.0
942,0,GpOUDfXM,ztmxtqSi,928.0
942,0,UTnQirag,GpOUDfXM,1359.0
942,0,tkWZZFES,UTnQirag,1359.0
942,0,JKUqFAhf,tkWZZFES,1432.0
942,0,NTCwKKsF,JKUqFAhf,1432.0
942,0,xnXFAboh,NTCwKKsF,1432.0
942,0,KkzZXaKP,xnXFAboh,2842.0
942,0,pyLfKqPO,KkzZXaKP,2843.0
942,0,vesqHHzA,pyLfKqPO,2592.0
942,0,dWuojvTd,KgwKZlse,760.0
938,0,tNmxviwt,wkWFjOvx,1.0
938,0,yHaTCNJc,tNmxviwt,1.0
938,0,lhSIyIfw,yHaTCNJc,1.0
938,0,cgSMZptb,lhSIyIfw,1.0
938,0,fdwLSfsa,cgSMZptb,1.0
938,0,wuAzVrCW,fdwLSfsa,1.0
938,0,mRKfPREJ,wuAzVrCW,1.0
938,0,HeRuYpNs,mRKfPREJ,1.0
951,0,CRypXqTk,KlSqKJQr,450.0
951,0,PYaiedjY,CRypXqTk,450.0
951,0,EzrJiyuu,PYaiedjY,547.0
951,0,mZAcIEme,EzrJiyuu,547.0
951,0,LPSpTPgJ,mZAcIEme,547.0
951,0,AoIEptMM,LPSpTPgJ,547.0
951,0,OWTXMrGR,AoIEptMM,547.0
1029,0,IZqJbTkm,OCOnFIfy,2537.0
1029,0,wSvecpjF,IZqJbTkm,2647.0
1029,0,oXipkDtF,wSvecpjF,2647.0
1029,0,fRZGgvoY,oXipkDtF,2605.0
1029,0,bAUDGUNb,fRZGgvoY,2605.0
1029,0,VYHZxBYO,bAUDGUNb,2605.0
733,0,SEVBrkvc,ojqTFFWy,4116.0
733,0,KzCxlBoL,SEVBrkvc,4912.0
733,0,qPtpgxic,KzCxlBoL,4912.0
733,0,RyPegcUV,qPtpgxic,3874.0
733,0,gGkadTNm,RyPegcUV,3918.0
733,0,CbcrfuAf,gGkadTNm,4091.0
1445,0,IOpdOfiF,aZtqChJJ,23.0
1445,0,lUWTaWkd,RZCadHVt,23.0
1445,0,hApOmpAO,lUWTaWkd,23.0
1445,0,qehlKNkR,hApOmpAO,23.0
1445,0,ZFFevgPB,qehlKNkR,23.0
1445,0,sZNeRfOC,ZFFevgPB,23.0
1445,0,HajxumVd,sZNeRfOC,23.0
1445,0,LhQSpAzy,HajxumVd,23.0
1445,0,pwpCkicC,LhQSpAzy,23.0
1445,0,jJVVpGMf,pwpCkicC,23.0
1445,0,pPKqPUVW,jJVVpGMf,23.0
1445,0,slfxTuih,pPKqPUVW,23.0
1445,0,ejMjPdTH,slfxTuih,23.0
1748,0,pPKqPUVW,pwpCkicC,165.0
1748,0,ejMjPdTH,pPKqPUVW,165.0
950,0,vkArqzKY,DgYBMgPg,43.0
950,0,gzTQJVMW,vkArqzKY,43.0
778,0,vkArqzKY,DgYBMgPg,835.0
778,0,gzTQJVMW,vkArqzKY,835.0
133,0,bnvgwXNi,YUgtVNSj,17.0
133,0,nyQXyVHt,bnvgwXNi,17.0
133,0,pcONCDTC,nyQXyVHt,22.0
133,0,fkhDLNVv,pcONCDTC,21.0
133,0,ZgqhsueA,fkhDLNVv,21.0
133,0,GYxWnXpv,ZgqhsueA,7.0
133,0,mkpQpPSv,GYxWnXpv,7.0
133,0,EIHKZlEa,mkpQpPSv,7.0
133,0,oYdkYEMp,EIHKZlEa,7.0
133,0,TkHOmLHQ,oYdkYEMp,7.0
133,0,YvwuVYMF,TkHOmLHQ,7.0
133,0,vDFCntfg,YvwuVYMF,5.0
133,0,iEKDTvNf,vDFCntfg,5.0
133,0,MyGqmywG,iEKDTvNf,5.0
133,0,NxbXiMUL,MyGqmywG,5.0
133,0,XLVjRryq,NxbXiMUL,5.0
133,0,gzTQJVMW,XLVjRryq,5.0
130,0,fkhDLNVv,pcONCDTC,42.0
130,0,ZgqhsueA,fkhDLNVv,42.0
130,0,GYxWnXpv,ZgqhsueA,29.0
130,0,mkpQpPSv,GYxWnXpv,29.0
130,0,EIHKZlEa,mkpQpPSv,29.0
130,0,oYdkYEMp,EIHKZlEa,29.0
130,0,TkHOmLHQ,oYdkYEMp,29.0
130,0,SwTowoaO,TkHOmLHQ,29.0
130,0,YvwuVYMF,SwTowoaO,29.0
130,0,vDFCntfg,YvwuVYMF,28.0
130,0,iEKDTvNf,vDFCntfg,28.0
130,0,MyGqmywG,iEKDTvNf,28.0
130,0,NxbXiMUL,MyGqmywG,28.0
130,0,XLVjRryq,NxbXiMUL,26.0
130,0,RVEyrwjR,XLVjRryq,26.0
130,0,gzTQJVMW,RVEyrwjR,26.0
1275,0,vyojaKRU,XiXLaJEL,171.0
1275,0,puwcRgFs,vyojaKRU,171.0
1275,0,ojqTFFWy,puwcRgFs,85.0
1275,0,SEVBrkvc,ojqTFFWy,80.0
1275,0,qPtpgxic,SEVBrkvc,79.0
1275,0,gGkadTNm,qPtpgxic,67.0
1275,0,CbcrfuAf,gGkadTNm,64.0
50,0,RjtzWJgw,xiCfcAgb,320.0
50,0,owFNQNZv,RjtzWJgw,326.0
50,0,nCsqpnJo,owFNQNZv,326.0
50,0,gnmwaIOJ,nCsqpnJo,326.0
50,0,pygvGZaF,gnmwaIOJ,326.0
50,0,bsQVAuyn,pygvGZaF,326.0
50,0,VTHwomVj,bsQVAuyn,326.0
50,0,qPtpgxic,bmUdUOzs,647.0
50,0,gGkadTNm,qPtpgxic,220.0
50,0,CbcrfuAf,gGkadTNm,213.0
401,0,WyfCQhSW,ogOCBKAf,1424.0
401,0,erxKyHjj,WyfCQhSW,1761.0
401,0,KjiBWoqR,erxKyHjj,1761.0
951,0,qYsYtTjJ,XpaxRhYo,43.0
951,0,KlSqKJQr,qYsYtTjJ,43.0
1083,0,cGObbHGv,Nzhgxdpc,971.0
1083,0,zBmTBInm,cGObbHGv,971.0
364,0,QHFmFyLR,EkWBPXmr,1.0
364,0,neNWquOh,QHFmFyLR,1.0
364,0,KwaxxmSs,neNWquOh,1.0
364,0,gzZgDndk,KwaxxmSs,1.0
364,0,NQaaFyOm,gzZgDndk,1.0
949,0,JKUqFAhf,tkWZZFES,76.0
949,0,NTCwKKsF,JKUqFAhf,76.0
949,0,xnXFAboh,NTCwKKsF,76.0
949,0,oLGXsQoC,xnXFAboh,82.0
949,0,UTnQirag,GpOUDfXM,75.0
949,0,tkWZZFES,UTnQirag,75.0
949,0,lOyAoICg,CbcrfuAf,69.0
949,0,GpOUDfXM,lOyAoICg,69.0
949,0,KzCxlBoL,SEVBrkvc,3.0
949,0,qPtpgxic,KzCxlBoL,3.0
949,0,RyPegcUV,qPtpgxic,3.0
949,0,gGkadTNm,RyPegcUV,3.0
949,0,CbcrfuAf,gGkadTNm,4.0
1300,0,YnUujGmz,CbcrfuAf,6931.0
427,0,YnUujGmz,CbcrfuAf,431.0
1445,0,vnfcOAch,pjRBTtLk,9.0
1445,0,ryJVAbFB,vnfcOAch,9.0
1445,0,ttVqQknl,ryJVAbFB,9.0
1445,0,aZtqChJJ,ttVqQknl,9.0
318,0,POdtxoZm,GnsXgGJX,3932.0
147,0,yfzTmEfw,QgwCgjAi,307.0
147,0,mBSaKJib,yfzTmEfw,307.0
147,0,ggaXnTUz,mBSaKJib,151.0
147,0,zJsEFgSs,ggaXnTUz,151.0
54,0,RjtzWJgw,xiCfcAgb,38.0
54,0,owFNQNZv,RjtzWJgw,38.0
54,0,nCsqpnJo,owFNQNZv,38.0
54,0,gnmwaIOJ,nCsqpnJo,38.0
54,0,pygvGZaF,gnmwaIOJ,38.0
54,0,bsQVAuyn,pygvGZaF,38.0
54,0,VTHwomVj,bsQVAuyn,38.0
54,0,bmUdUOzs,VTHwomVj,233.0
54,0,qPtpgxic,bmUdUOzs,233.0
54,0,gGkadTNm,qPtpgxic,233.0
54,0,CbcrfuAf,gGkadTNm,233.0
54,0,YnUujGmz,CbcrfuAf,233.0
951,0,YnUujGmz,CbcrfuAf,513.0
1083,0,puwcRgFs,EAwJtHSB,704.0
1083,0,YkxcSjQG,unXfmkmI,859.0
1083,0,MRbVmsQs,YkxcSjQG,904.0
1083,0,Nzhgxdpc,MRbVmsQs,904.0
1407,0,vXHOZRfg,vztyQdds,448.0
1407,0,bbltEnah,vXHOZRfg,448.0
1407,0,NMFCXTQH,bbltEnah,448.0
1407,0,wXyAETzh,NMFCXTQH,448.0
1407,0,KuTZBRNJ,wXyAETzh,448.0
1557,0,xOfEMpYZ,aDfjbwoX,277.0
1512,0,TAPXcjBe,CbcrfuAf,622.0
733,0,TAPXcjBe,CbcrfuAf,4794.0
1275,0,TAPXcjBe,CbcrfuAf,52.0
1434,0,TAPXcjBe,CbcrfuAf,1506.0
1085,0,XojRXAAa,ojqTFFWy,17605.0
1085,0,nAqhCgXt,XojRXAAa,6277.0
1085,0,zZZsLLct,nAqhCgXt,6277.0
1085,0,uQlhjcGr,zZZsLLct,6225.0
1085,0,nIbIRswk,uQlhjcGr,6225.0
1085,0,YfaruHLV,nIbIRswk,5151.0
1085,0,PkIPVRtB,YfaruHLV,5151.0
1085,0,XpaxRhYo,PkIPVRtB,5151.0
1085,0,qYsYtTjJ,XpaxRhYo,3798.0
1085,0,KlSqKJQr,qYsYtTjJ,3827.0
1085,0,CRypXqTk,KlSqKJQr,4310.0
1085,0,PYaiedjY,CRypXqTk,4310.0
1085,0,EzrJiyuu,PYaiedjY,3194.0
1085,0,mZAcIEme,EzrJiyuu,3194.0
1085,0,LPSpTPgJ,mZAcIEme,3194.0
1085,0,AoIEptMM,LPSpTPgJ,3194.0
1085,0,imyhTmbO,AoIEptMM,3354.0
1085,0,bTSeOnqx,imyhTmbO,3238.0
1085,0,yCXbqkBs,bTSeOnqx,3455.0
1085,0,wBoWGskO,yCXbqkBs,3455.0
1085,0,FYojKDQC,wBoWGskO,3455.0
1085,0,riqYNvhO,FYojKDQC,3455.0
601,0,ImIhxSnH,RfzcmazU,1624.0
601,0,iEKuRfDT,ImIhxSnH,1624.0
601,0,PlyJazqR,iEKuRfDT,1621.0
601,0,ylfNfbjf,PlyJazqR,1621.0
601,0,psXocZQH,ylfNfbjf,1621.0
601,0,yprCGtVa,psXocZQH,1621.0
601,0,pPqywgRl,yprCGtVa,1430.0
1568,0,UgzfanVk,SDEQaVyD,640.0
1568,0,aUZoPZMc,CSzsuVOH,13859.0
1568,0,xOhGqygU,aUZoPZMc,13859.0
1083,0,FrCulsqF,VYHZxBYO,647.0
1083,0,KCAssTym,FrCulsqF,639.0
1083,0,AtxuoNjw,KCAssTym,921.0
1083,0,ZmIcXqCD,AtxuoNjw,921.0
1083,0,unXfmkmI,ZmIcXqCD,921.0
80,0,SdEWNrvb,ImuPiggn,1690.0
80,0,ZIvIwqTW,SdEWNrvb,1690.0
992,0,uxBjVsKf,rPcYYZtd,93.0
779,0,uxBjVsKf,ngtiheSM,943.0
1125,0,yRjqmRuq,BsRMZbGV,519.0
1125,0,pTTspriv,yRjqmRuq,519.0
1075,0,UrJBvWGq,zPQeyVVD,285.0
1075,0,thxCXWVL,UrJBvWGq,285.0
1075,0,AlpXiRiW,thxCXWVL,285.0
564,0,slfxTuih,dLtneiKf,520.0
564,0,XFPAZveS,slfxTuih,360.0
564,0,ojqTFFWy,XFPAZveS,6.0
50,0,xiCfcAgb,AszcEtOu,240.0
50,0,TAPXcjBe,CbcrfuAf,109.0
50,0,XsKXZwOQ,TAPXcjBe,109.0
733,0,XsKXZwOQ,TAPXcjBe,4818.0
1434,0,XsKXZwOQ,TAPXcjBe,1404.0
1512,0,XsKXZwOQ,TAPXcjBe,507.0
948,0,BUWlcDWA,vwlVkOsL,25.0
1042,0,oVvGCedi,EBDfudXo,35.0
1042,0,zAhquueS,oVvGCedi,35.0
1042,0,SRJkWTfK,zAhquueS,35.0
1042,0,krjqWYyL,SRJkWTfK,35.0
1042,0,tSXpsDyV,krjqWYyL,35.0
1042,0,IbLBdCXD,tSXpsDyV,35.0
1042,0,JGCJnIWw,IbLBdCXD,35.0
1042,0,honleovC,JGCJnIWw,35.0
1042,0,pqZYMbGr,honleovC,35.0
1042,0,jobllKUJ,pqZYMbGr,35.0
1042,0,cKlxsEIa,jobllKUJ,35.0
1042,0,POeaLshN,cKlxsEIa,35.0
1042,0,nvtqczOj,POeaLshN,35.0
1042,0,FdzHSswJ,nvtqczOj,35.0
1042,0,rfVXpFlV,FdzHSswJ,35.0
1042,0,OWTXMrGR,rfVXpFlV,35.0
1042,0,YGbVmztp,OWTXMrGR,35.0
1042,0,oHyqEJfk,YGbVmztp,35.0
1042,0,bfpcjsiF,oHyqEJfk,35.0
1042,0,LHNTbQin,TUZfegir,31.0
1042,0,EBDfudXo,LHNTbQin,31.0
1042,0,VgroZBKv,WsxoHomq,24.0
1042,0,TUZfegir,VgroZBKv,24.0
1042,0,KjUtPMMe,ZsxHmovG,21.0
1042,0,JGmgdpWx,KjUtPMMe,21.0
1042,0,WsxoHomq,JGmgdpWx,21.0
1042,0,XeNLTPEj,MvGjEBBL,19.0
1042,0,PzIXuqgO,XeNLTPEj,19.0
1042,0,ZsxHmovG,PzIXuqgO,19.0
80,0,beniIHzL,ZIvIwqTW,41.0
80,0,uaUalZjh,beniIHzL,4.0
77,0,ZNFFlclk,uaUalZjh,4.0
733,0,hmRIiXJy,XsKXZwOQ,5093.0
947,0,UvujAAYC,pyLfKqPO,41.0
947,0,hmRIiXJy,UhRSkRXw,59.0
948,0,EzQcJxBW,BUWlcDWA,18.0
948,0,uEbOseyz,EzQcJxBW,18.0
948,0,reWBMWRs,uEbOseyz,18.0
948,0,RBoLoVJp,reWBMWRs,18.0
948,0,SwyyRrmD,RBoLoVJp,18.0
899,0,yHCBRtBd,xnXFAboh,60.0
899,0,YYKDBDRS,yHCBRtBd,60.0
899,0,CDXhVrrJ,YYKDBDRS,60.0
899,0,khOlLZay,CDXhVrrJ,64.0
899,0,pzScocJN,khOlLZay,64.0
899,0,xOfEMpYZ,pzScocJN,69.0
899,0,NcNmxlsD,xOfEMpYZ,76.0
899,0,cYyOAQLx,NcNmxlsD,76.0
899,0,xKpFUSPW,cYyOAQLx,76.0
899,0,CFKdtsYk,xKpFUSPW,73.0
899,0,gGkadTNm,RyPegcUV,25.0
899,0,CbcrfuAf,gGkadTNm,25.0
899,0,lOyAoICg,CbcrfuAf,32.0
899,0,GpOUDfXM,lOyAoICg,32.0
899,0,UTnQirag,GpOUDfXM,46.0
899,0,tkWZZFES,UTnQirag,46.0
899,0,JKUqFAhf,tkWZZFES,46.0
899,0,NTCwKKsF,JKUqFAhf,46.0
899,0,xnXFAboh,NTCwKKsF,46.0
899,0,RyPegcUV,qPtpgxic,17.0
563,0,xnXFAboh,EZxvwLQu,1.0
944,0,KkzZXaKP,xnXFAboh,18.0
944,0,VgMINmpb,KkzZXaKP,19.0
944,0,UTnQirag,GpOUDfXM,12.0
944,0,tkWZZFES,UTnQirag,12.0
944,0,JKUqFAhf,tkWZZFES,12.0
944,0,NTCwKKsF,JKUqFAhf,12.0
944,0,xnXFAboh,NTCwKKsF,12.0
733,0,tOhgfmkj,hmRIiXJy,4525.0
733,0,FjwhCXAK,tOhgfmkj,4536.0
1707,0,cIQOVqQI,njiqgOWt,1.0
1707,0,OyAyNkqZ,cIQOVqQI,1.0
1512,0,tOhgfmkj,XsKXZwOQ,493.0
1512,0,FjwhCXAK,tOhgfmkj,482.0
1434,0,FjwhCXAK,XsKXZwOQ,1250.0
369,0,ngtiheSM,rPcYYZtd,2121.0
369,0,uxBjVsKf,ngtiheSM,2121.0
369,0,hvwrhWFk,uxBjVsKf,2121.0
369,0,azqUKhQu,hvwrhWFk,2121.0
1018,0,LKVeVUNI,BpAiVnps,49.0
1018,0,dbPZeeiE,LKVeVUNI,55.0
1018,0,CsDsDrdU,dbPZeeiE,60.0
1018,0,rJRvqICk,CsDsDrdU,60.0
1018,0,AmahvgQB,rJRvqICk,60.0
1018,0,aYSqaQmJ,AmahvgQB,60.0
1018,0,zgCGmKZn,aYSqaQmJ,64.0
1018,0,JKFFGKvY,zgCGmKZn,64.0
1018,0,EVAUYvVR,JKFFGKvY,64.0
1018,0,GYfZYaJh,EVAUYvVR,64.0
1018,0,WFZVQzrl,GYfZYaJh,65.0
1018,0,tRncbstl,WFZVQzrl,65.0
1018,0,gLCWwgiT,tRncbstl,65.0
1018,0,jTofnsvB,gLCWwgiT,65.0
1018,0,elmHqfIN,jTofnsvB,70.0
1018,0,YhQOzAWJ,elmHqfIN,70.0
1018,0,mexFgKBp,YhQOzAWJ,70.0
1018,0,FUctipSE,mexFgKBp,82.0
1018,0,PWitnUnB,FUctipSE,82.0
1018,0,FrOiWYSP,PWitnUnB,167.0
1018,0,mNGfniSu,FrOiWYSP,167.0
1018,0,MtINPaKl,mNGfniSu,167.0
1018,0,SGVPbDEb,MtINPaKl,167.0
1018,0,DpeufCiu,SGVPbDEb,167.0
1018,0,FaHpkwNs,DpeufCiu,167.0
1018,0,kohCEyKT,FaHpkwNs,167.0
1018,0,DHQRQBBP,kohCEyKT,167.0
1018,0,ZKEtlMvK,DHQRQBBP,167.0
1018,0,pjRBTtLk,ZKEtlMvK,167.0
1018,0,vnfcOAch,pjRBTtLk,167.0
1018,0,ryJVAbFB,vnfcOAch,167.0
1018,0,ttVqQknl,ryJVAbFB,167.0
1018,0,aZtqChJJ,ttVqQknl,167.0
1018,0,wrFiwNtD,aZtqChJJ,167.0
1018,0,deapEAbC,wrFiwNtD,167.0
1018,0,nunLDRbE,deapEAbC,167.0
1018,0,QbrsudyQ,nunLDRbE,167.0
1018,0,oRUBDfuD,QbrsudyQ,167.0
1018,0,qQJgvOFz,oRUBDfuD,167.0
1018,0,kbNsckqG,qQJgvOFz,167.0
1018,0,VHmQaoRO,kbNsckqG,167.0
1018,0,MlXQVZuf,VHmQaoRO,167.0
1018,0,QxkHLGuk,MlXQVZuf,167.0
1018,0,oLzlCKof,QxkHLGuk,167.0
1018,0,AQHsowCO,oLzlCKof,167.0
1018,0,eHBdrFbQ,AQHsowCO,167.0
1018,0,nermFKBU,eHBdrFbQ,167.0
1018,0,syNMMSsu,nermFKBU,167.0
1018,0,aEhaaulL,syNMMSsu,167.0
1018,0,bzkCWXwV,aEhaaulL,167.0
1018,0,rPcYYZtd,bzkCWXwV,167.0
1018,0,ngtiheSM,rPcYYZtd,167.0
1018,0,uxBjVsKf,ngtiheSM,167.0
1018,0,hvwrhWFk,uxBjVsKf,167.0
1018,0,azqUKhQu,hvwrhWFk,167.0
777,0,zBPHjWVd,aNlaxeLS,1764.0
777,0,rPcYYZtd,zBPHjWVd,1976.0
777,0,ngtiheSM,rPcYYZtd,1976.0
777,0,uxBjVsKf,ngtiheSM,2191.0
777,0,hvwrhWFk,uxBjVsKf,2272.0
777,0,azqUKhQu,hvwrhWFk,2272.0
777,0,UTnQirag,GpOUDfXM,934.0
777,0,tkWZZFES,UTnQirag,934.0
777,0,JKUqFAhf,tkWZZFES,966.0
777,0,NTCwKKsF,JKUqFAhf,966.0
777,0,xnXFAboh,NTCwKKsF,966.0
777,0,yHCBRtBd,xnXFAboh,1059.0
777,0,YYKDBDRS,yHCBRtBd,1059.0
777,0,CDXhVrrJ,YYKDBDRS,1059.0
777,0,khOlLZay,CDXhVrrJ,1565.0
777,0,pzScocJN,khOlLZay,1565.0
777,0,AOtPxxNt,pzScocJN,1566.0
777,0,pFQacbfu,AOtPxxNt,1577.0
777,0,ZecyfkGE,pFQacbfu,1577.0
777,0,aNlaxeLS,ZecyfkGE,1577.0
777,0,lOyAoICg,CbcrfuAf,832.0
777,0,GpOUDfXM,lOyAoICg,832.0
777,0,RyPegcUV,qPtpgxic,55.0
777,0,gGkadTNm,RyPegcUV,55.0
777,0,CbcrfuAf,gGkadTNm,80.0
1512,0,YvwuVYMF,FjwhCXAK,461.0
50,0,FjwhCXAK,XsKXZwOQ,93.0
50,0,YvwuVYMF,FjwhCXAK,93.0
733,0,dScsNKLk,FjwhCXAK,4925.0
1434,0,YvwuVYMF,FjwhCXAK,840.0
947,0,tOhgfmkj,hmRIiXJy,21.0
947,0,FjwhCXAK,tOhgfmkj,21.0
947,0,YvwuVYMF,FjwhCXAK,21.0
1275,0,XsKXZwOQ,TAPXcjBe,40.0
1275,0,FjwhCXAK,XsKXZwOQ,40.0
1275,0,YvwuVYMF,FjwhCXAK,40.0
944,0,qdLlCZel,VgMINmpb,9.0
1102,0,QPpuxtew,gyQqEnFq,81.0
1102,0,gHkojtqc,QPpuxtew,81.0
1102,0,jiBUapiv,gHkojtqc,83.0
1102,0,ZsSjTAXN,jiBUapiv,83.0
1102,0,QzSmToFg,ZsSjTAXN,83.0
1102,0,YpZAWuci,QzSmToFg,83.0
1102,0,UWROvtjV,YpZAWuci,89.0
1102,0,aHnvxyXJ,UWROvtjV,89.0
1102,0,aBlpKWpT,aHnvxyXJ,94.0
1102,0,RwWmKtXH,aBlpKWpT,94.0
1102,0,iWUiEObr,RwWmKtXH,106.0
1102,0,yGnjFAhM,iWUiEObr,123.0
1102,0,sAYtjSkX,yGnjFAhM,123.0
1102,0,yhYCDbZJ,sAYtjSkX,126.0
1102,0,ebBIwNsf,yhYCDbZJ,126.0
1102,0,BzJNmTUM,ebBIwNsf,128.0
1102,0,qLEwgwyN,BzJNmTUM,128.0
1102,0,WDOOnJlC,qLEwgwyN,128.0
1102,0,EjMZgDJt,WDOOnJlC,153.0
1102,0,BDSRgQTg,EjMZgDJt,153.0
1102,0,cVeADzkw,BDSRgQTg,157.0
1102,0,pySAVSoY,cVeADzkw,157.0
1102,0,kMrSvhcD,pySAVSoY,157.0
1102,0,ImuPiggn,kMrSvhcD,157.0
1102,0,SdEWNrvb,ImuPiggn,162.0
1102,0,ZIvIwqTW,SdEWNrvb,162.0
1102,0,beniIHzL,ZIvIwqTW,307.0
1102,0,uaUalZjh,beniIHzL,307.0
1102,0,rwSrBzDN,uaUalZjh,429.0
779,0,uaUalZjh,beniIHzL,122.0
141,0,hmRIiXJy,XsKXZwOQ,25.0
141,0,tOhgfmkj,hmRIiXJy,28.0
141,0,FjwhCXAK,tOhgfmkj,28.0
141,0,dScsNKLk,FjwhCXAK,28.0
141,0,mhrRBZGj,dScsNKLk,59.0
141,0,XvoliiTU,mhrRBZGj,59.0
141,0,BjKGijLD,XvoliiTU,59.0
141,0,TAPXcjBe,CbcrfuAf,20.0
141,0,XsKXZwOQ,TAPXcjBe,20.0
141,0,RyPegcUV,qPtpgxic,9.0
141,0,gGkadTNm,RyPegcUV,9.0
141,0,CbcrfuAf,gGkadTNm,10.0
375,0,DpeufCiu,SGVPbDEb,1.0
375,0,FaHpkwNs,DpeufCiu,1.0
375,0,kohCEyKT,FaHpkwNs,1.0
375,0,DHQRQBBP,kohCEyKT,2.0
375,0,ZKEtlMvK,DHQRQBBP,2.0
375,0,pjRBTtLk,ZKEtlMvK,3.0
375,0,vnfcOAch,pjRBTtLk,3.0
375,0,ryJVAbFB,vnfcOAch,3.0
375,0,ttVqQknl,ryJVAbFB,3.0
375,0,aZtqChJJ,ttVqQknl,3.0
375,0,wrFiwNtD,aZtqChJJ,3.0
375,0,deapEAbC,wrFiwNtD,3.0
375,0,nunLDRbE,deapEAbC,3.0
375,0,QbrsudyQ,nunLDRbE,3.0
375,0,oRUBDfuD,QbrsudyQ,3.0
375,0,qQJgvOFz,oRUBDfuD,3.0
375,0,kbNsckqG,qQJgvOFz,3.0
375,0,VHmQaoRO,kbNsckqG,3.0
375,0,MlXQVZuf,VHmQaoRO,5.0
375,0,QxkHLGuk,MlXQVZuf,5.0
375,0,sxnLITXs,QxkHLGuk,5.0
375,0,oLzlCKof,sxnLITXs,5.0
375,0,IyDNJzPw,oLzlCKof,5.0
375,0,AQHsowCO,IyDNJzPw,5.0
375,0,eHBdrFbQ,AQHsowCO,5.0
375,0,nermFKBU,eHBdrFbQ,5.0
375,0,syNMMSsu,nermFKBU,5.0
375,0,aEhaaulL,syNMMSsu,5.0
375,0,bzkCWXwV,aEhaaulL,8.0
375,0,rPcYYZtd,bzkCWXwV,8.0
375,0,ngtiheSM,rPcYYZtd,12.0
375,0,uxBjVsKf,ngtiheSM,12.0
375,0,CgMBzfIg,uxBjVsKf,12.0
375,0,azqUKhQu,CgMBzfIg,12.0
375,0,cNvMQUdA,azqUKhQu,12.0
375,0,YoiymRxk,cNvMQUdA,12.0
375,0,fkorQYac,YoiymRxk,12.0
375,0,NtHXPmMe,fkorQYac,12.0
733,0,JScPHHNr,dScsNKLk,3722.0
141,0,kfbZMUOE,BjKGijLD,46.0
141,0,RaPTCLQp,kfbZMUOE,46.0
903,0,ZJxogzZw,wcUGKfLa,36.0
903,0,aRCjtsfP,ZJxogzZw,36.0
903,0,aPKnTaHY,aRCjtsfP,48.0
903,0,ZxAfSTio,aPKnTaHY,48.0
903,0,PfzzVLdD,ZxAfSTio,48.0
903,0,MNMOMIBL,PfzzVLdD,48.0
903,0,ySoPUuJQ,MNMOMIBL,48.0
903,0,fGauMtcM,ySoPUuJQ,48.0
903,0,mPXKcTmk,fGauMtcM,48.0
942,0,KgwKZlse,FZsFzszJ,27.0
369,0,BsovYeFI,azqUKhQu,2005.0
1018,0,BsovYeFI,azqUKhQu,154.0
777,0,BsovYeFI,azqUKhQu,2245.0
777,0,KzCxlBoL,SEVBrkvc,7.0
777,0,qPtpgxic,KzCxlBoL,7.0
931,0,DetNfbBu,qeXIqBgp,1281.0
931,0,KENvRSom,DetNfbBu,1502.0
931,0,ZMwphzOX,KENvRSom,1502.0
931,0,ePAEtpYE,ZMwphzOX,1949.0
931,0,YnixWiwg,ePAEtpYE,1950.0
931,0,BlXLXEoe,YnixWiwg,1950.0
931,0,QsFYEMLP,BlXLXEoe,1950.0
931,0,vcQVCkqQ,QsFYEMLP,1671.0
931,0,TzBLFSKE,vcQVCkqQ,1616.0
931,0,MmmkWPfy,TzBLFSKE,1616.0
931,0,OoTDKQHC,MmmkWPfy,1243.0
931,0,QZMOUeIv,OoTDKQHC,1018.0
931,0,zAjDuGWM,QZMOUeIv,1018.0
931,0,JojiQTkQ,zAjDuGWM,44.0
931,0,woHRqfeu,JojiQTkQ,44.0
1682,0,RTafItqF,ojqTFFWy,3.0
899,0,pMQyFYNH,CFKdtsYk,68.0
899,0,PTCqqgjS,pMQyFYNH,68.0
900,0,ZJxogzZw,wcUGKfLa,28.0
900,0,aRCjtsfP,ZJxogzZw,28.0
900,0,aPKnTaHY,aRCjtsfP,43.0
900,0,ZxAfSTio,aPKnTaHY,43.0
900,0,oQmOaQyB,ZxAfSTio,43.0
900,0,BSlPgNeK,oQmOaQyB,43.0
1408,0,XfgrRxbI,ejMjPdTH,1271.0
1408,0,UfJzwqHV,XfgrRxbI,1271.0
1408,0,yJFAEWOL,UfJzwqHV,1911.0
1408,0,BJyyGCqV,yJFAEWOL,1911.0
1408,0,gZsXxpWQ,BJyyGCqV,1911.0
1408,0,aXBkDCtb,gZsXxpWQ,1819.0
1408,0,QgJihzqk,aXBkDCtb,1819.0
1408,0,IojsotKp,QgJihzqk,1819.0
1408,0,NNAcmEYB,IojsotKp,1923.0
133,0,FZsFzszJ,gzTQJVMW,3.0
133,0,KgwKZlse,FZsFzszJ,3.0
133,0,AoRkaUmb,KgwKZlse,3.0
133,0,ALhaazBT,AoRkaUmb,3.0
133,0,YqlTLIQa,ALhaazBT,3.0
133,0,AUmOMGnp,YqlTLIQa,3.0
133,0,XFPAZveS,AUmOMGnp,2.0
133,0,ojqTFFWy,XFPAZveS,1.0
130,0,FZsFzszJ,gzTQJVMW,18.0
130,0,KgwKZlse,FZsFzszJ,18.0
130,0,AoRkaUmb,KgwKZlse,18.0
130,0,ALhaazBT,AoRkaUmb,18.0
130,0,YqlTLIQa,ALhaazBT,15.0
130,0,AUmOMGnp,YqlTLIQa,15.0
130,0,XFPAZveS,AUmOMGnp,13.0
130,0,ojqTFFWy,XFPAZveS,6.0
130,0,pcONCDTC,CkSrqRXW,5.0
902,0,mhrRBZGj,dScsNKLk,55.0
902,0,XvoliiTU,mhrRBZGj,55.0
902,0,BjKGijLD,XvoliiTU,55.0
902,0,kfbZMUOE,BjKGijLD,55.0
902,0,RaPTCLQp,kfbZMUOE,55.0
902,0,IZbIkfGA,RaPTCLQp,62.0
902,0,UJfkeWEN,IZbIkfGA,62.0
902,0,MlIkmoKa,UJfkeWEN,62.0
902,0,FIOYHASJ,MlIkmoKa,62.0
902,0,KMHCIdcu,FIOYHASJ,62.0
902,0,GiBhHxRo,KMHCIdcu,57.0
1102,0,MEtvPAvc,rwSrBzDN,391.0
1102,0,GqIywbYh,MEtvPAvc,391.0
1102,0,wRFZkBWU,GqIywbYh,391.0
1102,0,TUmpHOaB,wRFZkBWU,391.0
134,0,SEVBrkvc,ojqTFFWy,28.0
134,0,KzCxlBoL,SEVBrkvc,28.0
134,0,qPtpgxic,KzCxlBoL,28.0
134,0,RyPegcUV,qPtpgxic,33.0
134,0,gGkadTNm,RyPegcUV,33.0
134,0,CbcrfuAf,gGkadTNm,36.0
134,0,TAPXcjBe,CbcrfuAf,74.0
134,0,XsKXZwOQ,TAPXcjBe,74.0
134,0,hmRIiXJy,XsKXZwOQ,82.0
134,0,tOhgfmkj,hmRIiXJy,86.0
134,0,FjwhCXAK,tOhgfmkj,86.0
134,0,dScsNKLk,FjwhCXAK,106.0
134,0,prUQvyGs,dScsNKLk,313.0
134,0,FTnfVqbf,prUQvyGs,313.0
134,0,ncqAMIfe,FTnfVqbf,313.0
134,0,uHruDGLY,ncqAMIfe,313.0
134,0,FOXeQKOT,uHruDGLY,53.0
134,0,FesfYZEN,FOXeQKOT,40.0
899,0,SEVBrkvc,ojqTFFWy,12.0
899,0,KzCxlBoL,SEVBrkvc,12.0
899,0,qPtpgxic,KzCxlBoL,12.0
1407,0,hasgHIpb,mZFKHZkN,248.0
1407,0,zttQgzJF,hasgHIpb,157.0
1407,0,fDeHEcoN,zttQgzJF,148.0
1407,0,vztyQdds,fDeHEcoN,148.0
132,0,TAPXcjBe,CbcrfuAf,10.0
132,0,XsKXZwOQ,TAPXcjBe,10.0
132,0,hmRIiXJy,XsKXZwOQ,10.0
132,0,tOhgfmkj,hmRIiXJy,10.0
132,0,FjwhCXAK,tOhgfmkj,10.0
132,0,dScsNKLk,FjwhCXAK,10.0
132,0,JScPHHNr,dScsNKLk,14.0
132,0,BXAColfX,JScPHHNr,14.0
132,0,TenjteTV,BXAColfX,14.0
132,0,oFbMGQKy,TenjteTV,14.0
132,0,tTpRqbZv,oFbMGQKy,14.0
132,0,uzgDjeSU,tTpRqbZv,14.0
132,0,RvWjyDDD,uzgDjeSU,14.0
132,0,diAYwowt,RvWjyDDD,22.0
132,0,safClnnY,diAYwowt,22.0
132,0,tqLrxYqg,safClnnY,23.0
132,0,OrpTuTll,tqLrxYqg,13.0
132,0,oIfrlpqH,OrpTuTll,13.0
132,0,SEVBrkvc,ojqTFFWy,4.0
132,0,KzCxlBoL,SEVBrkvc,6.0
132,0,qPtpgxic,KzCxlBoL,6.0
132,0,RyPegcUV,qPtpgxic,6.0
132,0,gGkadTNm,RyPegcUV,7.0
132,0,CbcrfuAf,gGkadTNm,7.0
902,0,MzxDaMZj,GiBhHxRo,85.0
369,0,oeTroIck,BsovYeFI,1706.0
369,0,LlpMjrks,oeTroIck,1706.0
369,0,tnRCfdJr,LlpMjrks,1706.0
369,0,EWoqQawU,tnRCfdJr,1706.0
369,0,lRwzpFEA,EWoqQawU,1706.0
369,0,HJijptKA,lRwzpFEA,1700.0
369,0,wcUGKfLa,HJijptKA,1684.0
1018,0,oeTroIck,BsovYeFI,139.0
1018,0,LlpMjrks,oeTroIck,139.0
1018,0,tnRCfdJr,LlpMjrks,139.0
1018,0,EWoqQawU,tnRCfdJr,139.0
1018,0,lRwzpFEA,EWoqQawU,139.0
1018,0,HJijptKA,lRwzpFEA,139.0
1018,0,pkAaqtnD,HJijptKA,139.0
1018,0,mAREpQlu,pkAaqtnD,139.0
43,0,NuyYqrDq,BaKUDeNn,3.0
43,0,gpaAUChy,NuyYqrDq,3.0
43,0,IgEBJNwX,gpaAUChy,3.0
43,0,NCVzutVL,IgEBJNwX,3.0
43,0,cTQVugNT,NCVzutVL,3.0
43,0,cNypyxpr,cTQVugNT,3.0
43,0,WRVBvtIE,cNypyxpr,3.0
43,0,RuAJZyMI,WRVBvtIE,3.0
43,0,MtINPaKl,RuAJZyMI,3.0
43,0,SGVPbDEb,MtINPaKl,3.0
43,0,DpeufCiu,SGVPbDEb,3.0
43,0,FaHpkwNs,DpeufCiu,3.0
43,0,kohCEyKT,FaHpkwNs,3.0
43,0,ZKEtlMvK,kohCEyKT,3.0
43,0,pjRBTtLk,ZKEtlMvK,3.0
43,0,vnfcOAch,pjRBTtLk,3.0
43,0,ryJVAbFB,vnfcOAch,3.0
43,0,ttVqQknl,ryJVAbFB,3.0
43,0,aZtqChJJ,ttVqQknl,3.0
43,0,deapEAbC,aZtqChJJ,3.0
43,0,nunLDRbE,deapEAbC,3.0
43,0,oRUBDfuD,nunLDRbE,3.0
43,0,qQJgvOFz,oRUBDfuD,3.0
43,0,kbNsckqG,qQJgvOFz,3.0
43,0,VHmQaoRO,kbNsckqG,3.0
43,0,MlXQVZuf,VHmQaoRO,3.0
43,0,QxkHLGuk,MlXQVZuf,3.0
43,0,oLzlCKof,QxkHLGuk,3.0
43,0,AQHsowCO,oLzlCKof,3.0
43,0,eHBdrFbQ,AQHsowCO,3.0
43,0,nermFKBU,eHBdrFbQ,3.0
43,0,syNMMSsu,nermFKBU,3.0
43,0,aEhaaulL,syNMMSsu,3.0
43,0,bzkCWXwV,aEhaaulL,3.0
43,0,rPcYYZtd,bzkCWXwV,3.0
43,0,ngtiheSM,rPcYYZtd,3.0
43,0,uxBjVsKf,ngtiheSM,3.0
43,0,hvwrhWFk,uxBjVsKf,3.0
43,0,azqUKhQu,hvwrhWFk,3.0
43,0,BsovYeFI,azqUKhQu,3.0
43,0,oeTroIck,BsovYeFI,3.0
43,0,LlpMjrks,oeTroIck,3.0
43,0,tnRCfdJr,LlpMjrks,3.0
43,0,EWoqQawU,tnRCfdJr,3.0
43,0,lRwzpFEA,EWoqQawU,3.0
43,0,HJijptKA,lRwzpFEA,3.0
43,0,pkAaqtnD,HJijptKA,3.0
43,0,mAREpQlu,pkAaqtnD,3.0
777,0,oeTroIck,BsovYeFI,1771.0
777,0,LlpMjrks,oeTroIck,1813.0
777,0,tnRCfdJr,LlpMjrks,1813.0
777,0,EWoqQawU,tnRCfdJr,1813.0
777,0,lRwzpFEA,EWoqQawU,1813.0
777,0,HJijptKA,lRwzpFEA,1813.0
777,0,pkAaqtnD,HJijptKA,1806.0
777,0,mAREpQlu,pkAaqtnD,1806.0
902,0,pkAaqtnD,aPOYjvXT,59.0
902,0,mAREpQlu,pkAaqtnD,59.0
899,0,pkAaqtnD,aPOYjvXT,40.0
899,0,mAREpQlu,pkAaqtnD,40.0
777,0,SEVBrkvc,ojqTFFWy,1.0
131,0,TAPXcjBe,CbcrfuAf,30.0
131,0,XsKXZwOQ,TAPXcjBe,30.0
131,0,hmRIiXJy,XsKXZwOQ,34.0
131,0,tOhgfmkj,hmRIiXJy,35.0
131,0,FjwhCXAK,tOhgfmkj,35.0
131,0,dScsNKLk,FjwhCXAK,35.0
131,0,JScPHHNr,dScsNKLk,53.0
131,0,BXAColfX,JScPHHNr,53.0
131,0,TenjteTV,BXAColfX,53.0
131,0,oFbMGQKy,TenjteTV,53.0
131,0,tTpRqbZv,oFbMGQKy,53.0
131,0,uzgDjeSU,tTpRqbZv,53.0
131,0,RvWjyDDD,uzgDjeSU,53.0
131,0,diAYwowt,RvWjyDDD,55.0
131,0,safClnnY,diAYwowt,55.0
131,0,CkSrqRXW,safClnnY,9.0
131,0,RyPegcUV,qPtpgxic,22.0
131,0,gGkadTNm,RyPegcUV,22.0
131,0,CbcrfuAf,gGkadTNm,24.0
826,0,ngtiheSM,rPcYYZtd,230.0
826,0,uxBjVsKf,ngtiheSM,230.0
826,0,hvwrhWFk,uxBjVsKf,230.0
826,0,azqUKhQu,hvwrhWFk,230.0
826,0,BsovYeFI,azqUKhQu,235.0
826,0,oeTroIck,BsovYeFI,235.0
826,0,LlpMjrks,oeTroIck,238.0
826,0,tnRCfdJr,LlpMjrks,238.0
826,0,EWoqQawU,tnRCfdJr,238.0
826,0,lRwzpFEA,EWoqQawU,238.0
826,0,HJijptKA,lRwzpFEA,238.0
826,0,pkAaqtnD,HJijptKA,238.0
826,0,mAREpQlu,pkAaqtnD,238.0
826,0,aFNbJDFF,mAREpQlu,261.0
733,0,BXAColfX,JScPHHNr,3380.0
733,0,TenjteTV,BXAColfX,3380.0
733,0,oFbMGQKy,TenjteTV,3380.0
733,0,tTpRqbZv,oFbMGQKy,3380.0
733,0,uzgDjeSU,tTpRqbZv,3380.0
733,0,RvWjyDDD,uzgDjeSU,3380.0
1102,0,kZbxJItD,TUmpHOaB,325.0
1102,0,WBGMFkPq,kZbxJItD,325.0
1102,0,ZrJSsOtw,WBGMFkPq,325.0
131,0,SEVBrkvc,ojqTFFWy,6.0
131,0,KzCxlBoL,SEVBrkvc,16.0
131,0,qPtpgxic,KzCxlBoL,16.0
826,0,DHQRQBBP,kohCEyKT,10.0
826,0,ZKEtlMvK,DHQRQBBP,10.0
826,0,pjRBTtLk,ZKEtlMvK,10.0
826,0,vnfcOAch,pjRBTtLk,10.0
826,0,ryJVAbFB,vnfcOAch,10.0
826,0,ttVqQknl,ryJVAbFB,10.0
826,0,aZtqChJJ,ttVqQknl,10.0
826,0,wrFiwNtD,aZtqChJJ,10.0
826,0,deapEAbC,wrFiwNtD,10.0
826,0,nunLDRbE,deapEAbC,14.0
826,0,QbrsudyQ,nunLDRbE,14.0
826,0,oRUBDfuD,QbrsudyQ,14.0
826,0,qQJgvOFz,oRUBDfuD,14.0
826,0,kbNsckqG,qQJgvOFz,117.0
826,0,VHmQaoRO,kbNsckqG,117.0
826,0,MlXQVZuf,VHmQaoRO,117.0
826,0,QxkHLGuk,MlXQVZuf,117.0
826,0,sxnLITXs,QxkHLGuk,122.0
826,0,oLzlCKof,sxnLITXs,124.0
826,0,IyDNJzPw,oLzlCKof,124.0
826,0,AQHsowCO,IyDNJzPw,126.0
826,0,eHBdrFbQ,AQHsowCO,129.0
826,0,nermFKBU,eHBdrFbQ,147.0
826,0,syNMMSsu,nermFKBU,147.0
826,0,aEhaaulL,syNMMSsu,147.0
826,0,bzkCWXwV,aEhaaulL,160.0
826,0,rPcYYZtd,bzkCWXwV,160.0
826,0,JGMtXKXa,aFNbJDFF,259.0
1102,0,gXuuFtgr,ZrJSsOtw,180.0
1102,0,AqLhpCGg,gXuuFtgr,180.0
733,0,NpVJqtjU,RvWjyDDD,2358.0
733,0,SVKOBqwN,NpVJqtjU,2358.0
733,0,jUFdobJP,SVKOBqwN,2358.0
1102,0,oGtLXKlU,AqLhpCGg,150.0
1102,0,fpLsOzrX,oGtLXKlU,90.0
1102,0,qkDUPxQJ,fpLsOzrX,90.0
826,0,DwCsfBrf,JGMtXKXa,251.0
826,0,uiqniiby,DwCsfBrf,251.0
826,0,tWWfaWxU,uiqniiby,251.0
826,0,foYyjDus,tWWfaWxU,251.0
826,0,sqMuVqoE,foYyjDus,231.0
822,0,cNypyxpr,cTQVugNT,6.0
822,0,RuAJZyMI,cNypyxpr,13.0
822,0,MtINPaKl,RuAJZyMI,14.0
822,0,SGVPbDEb,MtINPaKl,14.0
822,0,DpeufCiu,SGVPbDEb,15.0
822,0,FaHpkwNs,DpeufCiu,15.0
822,0,kohCEyKT,FaHpkwNs,15.0
822,0,DHQRQBBP,kohCEyKT,17.0
822,0,ZKEtlMvK,DHQRQBBP,17.0
822,0,pjRBTtLk,ZKEtlMvK,17.0
822,0,vnfcOAch,pjRBTtLk,19.0
822,0,ryJVAbFB,vnfcOAch,19.0
822,0,ttVqQknl,ryJVAbFB,19.0
822,0,aZtqChJJ,ttVqQknl,19.0
822,0,wrFiwNtD,aZtqChJJ,19.0
822,0,deapEAbC,wrFiwNtD,19.0
822,0,nunLDRbE,deapEAbC,47.0
822,0,oRUBDfuD,nunLDRbE,47.0
822,0,qQJgvOFz,oRUBDfuD,47.0
822,0,kbNsckqG,qQJgvOFz,61.0
822,0,VHmQaoRO,kbNsckqG,61.0
822,0,MlXQVZuf,VHmQaoRO,61.0
822,0,QxkHLGuk,MlXQVZuf,61.0
822,0,sxnLITXs,QxkHLGuk,62.0
822,0,oLzlCKof,sxnLITXs,82.0
822,0,AQHsowCO,oLzlCKof,82.0
822,0,eHBdrFbQ,AQHsowCO,93.0
822,0,nermFKBU,eHBdrFbQ,93.0
822,0,syNMMSsu,nermFKBU,93.0
822,0,aEhaaulL,syNMMSsu,93.0
822,0,bzkCWXwV,aEhaaulL,107.0
822,0,rPcYYZtd,bzkCWXwV,107.0
822,0,ngtiheSM,rPcYYZtd,207.0
822,0,uxBjVsKf,ngtiheSM,207.0
822,0,hvwrhWFk,uxBjVsKf,212.0
822,0,azqUKhQu,hvwrhWFk,212.0
822,0,BsovYeFI,azqUKhQu,218.0
822,0,oeTroIck,BsovYeFI,241.0
822,0,LlpMjrks,oeTroIck,254.0
822,0,tnRCfdJr,LlpMjrks,254.0
822,0,EWoqQawU,tnRCfdJr,254.0
822,0,lRwzpFEA,EWoqQawU,254.0
822,0,EZonlaGf,lRwzpFEA,361.0
822,0,LnttpfXJ,EZonlaGf,361.0
826,0,WRVBvtIE,aWeSqqrV,9.0
826,0,RuAJZyMI,WRVBvtIE,9.0
826,0,MtINPaKl,RuAJZyMI,9.0
826,0,SGVPbDEb,MtINPaKl,9.0
826,0,DpeufCiu,SGVPbDEb,9.0
826,0,FaHpkwNs,DpeufCiu,9.0
826,0,kohCEyKT,FaHpkwNs,9.0
826,0,aWeSqqrV,gyQqEnFq,2.0
733,0,stYOAUgx,jUFdobJP,2439.0
733,0,qatuIGdU,stYOAUgx,2439.0
826,0,zqVKryrK,sqMuVqoE,228.0
822,0,pjnGNdLD,LnttpfXJ,330.0
777,0,MZocsETE,mAREpQlu,453.0
777,0,wJsysHnP,MZocsETE,453.0
777,0,qoKVVYVH,wJsysHnP,453.0
777,0,ZbBLjsKS,qoKVVYVH,453.0
1102,0,ywTbPNnN,qkDUPxQJ,56.0
1102,0,XQUhYonT,ywTbPNnN,56.0
1102,0,kGQEnBYZ,XQUhYonT,56.0
733,0,DZhNCgqR,qatuIGdU,2446.0
733,0,XNqNMdqz,DZhNCgqR,2446.0
733,0,oUlRzwnE,XNqNMdqz,2446.0
742,0,vjVhbIrq,ZEJEKYue,1.0
822,0,TJYuPZgz,pjnGNdLD,318.0
826,0,AlojXgfn,zqVKryrK,191.0
1345,0,vRWSdFEN,DLdtTvFi,13.0
1345,0,tDDddUJb,vRWSdFEN,13.0
1345,0,RVGhYAxc,tDDddUJb,13.0
1345,0,BpAiVnps,RVGhYAxc,13.0
868,0,eYsqUgzf,jQlVbeqW,66.0
868,0,CGfCHyje,eYsqUgzf,66.0
868,0,qflzswAf,CGfCHyje,65.0
777,0,VvfGvRfV,ZbBLjsKS,452.0
777,0,gjjwmxRV,VvfGvRfV,452.0
777,0,sXTxOtpY,gjjwmxRV,452.0
1102,0,TRrMduWd,kGQEnBYZ,23.0
777,0,aLhLfQkP,sXTxOtpY,412.0
777,0,eeUAfDeR,aLhLfQkP,412.0
777,0,sJpWePxb,eeUAfDeR,412.0
777,0,vBjvcVSA,sJpWePxb,7.0
777,0,TFYkWDkw,vBjvcVSA,6.0
777,0,JpVXpSar,TFYkWDkw,6.0
1099,0,foDxbakc,xDEugDFx,6.0
1099,0,bGilRaMJ,foDxbakc,6.0
822,0,fvMkSwKl,TJYuPZgz,38.0
826,0,oahiQKZf,AlojXgfn,61.0
826,0,LJERpsJx,oahiQKZf,33.0
826,0,NgxTtWek,LJERpsJx,33.0
826,0,pTibEDEI,NgxTtWek,33.0
741,0,TAPXcjBe,CbcrfuAf,1.0
741,0,XsKXZwOQ,TAPXcjBe,1.0
741,0,hmRIiXJy,XsKXZwOQ,1.0
741,0,tOhgfmkj,hmRIiXJy,1.0
741,0,FjwhCXAK,tOhgfmkj,1.0
741,0,YvwuVYMF,FjwhCXAK,1.0
741,0,JScPHHNr,YvwuVYMF,4.0
741,0,BXAColfX,JScPHHNr,4.0
741,0,TenjteTV,BXAColfX,4.0
741,0,oFbMGQKy,TenjteTV,4.0
741,0,tTpRqbZv,oFbMGQKy,4.0
741,0,uzgDjeSU,tTpRqbZv,4.0
741,0,RvWjyDDD,uzgDjeSU,4.0
741,0,NpVJqtjU,RvWjyDDD,5.0
741,0,SVKOBqwN,NpVJqtjU,5.0
741,0,jUFdobJP,SVKOBqwN,5.0
741,0,stYOAUgx,jUFdobJP,5.0
741,0,qatuIGdU,stYOAUgx,5.0
741,0,DZhNCgqR,qatuIGdU,5.0
741,0,XNqNMdqz,DZhNCgqR,5.0
741,0,oUlRzwnE,XNqNMdqz,5.0
741,0,ZEJEKYue,oUlRzwnE,5.0
1102,0,wdZlcJUN,TRrMduWd,29.0
1102,0,HHtnqjHj,wdZlcJUN,29.0
778,0,QHzfYnaE,wXJrQzdz,29.0
778,0,ZKmlngva,QHzfYnaE,29.0
733,0,XQGQJTfc,oUlRzwnE,2437.0
733,0,YJlimzmz,XQGQJTfc,2437.0
733,0,GFyDwjlp,YJlimzmz,2437.0
733,0,RhHvrSFQ,GFyDwjlp,2437.0
733,0,cCtcUCYS,RhHvrSFQ,2437.0
733,0,bInfxKVp,cCtcUCYS,2423.0
547,0,xiCfcAgb,AszcEtOu,461.0
547,0,bsQVAuyn,xiCfcAgb,461.0
547,0,bmUdUOzs,bsQVAuyn,461.0
547,0,qPtpgxic,bmUdUOzs,464.0
547,0,gGkadTNm,qPtpgxic,465.0
547,0,dScsNKLk,gGkadTNm,467.0
547,0,RvWjyDDD,dScsNKLk,545.0
547,0,qatuIGdU,RvWjyDDD,545.0
547,0,YJlimzmz,qatuIGdU,545.0
547,0,DdFWFvrk,YJlimzmz,545.0
547,0,KCPTYZEU,DdFWFvrk,545.0
547,0,lPZtleot,KCPTYZEU,545.0
548,0,qPtpgxic,ojqTFFWy,41.0
548,0,gGkadTNm,qPtpgxic,41.0
548,0,dScsNKLk,gGkadTNm,41.0
548,0,RvWjyDDD,dScsNKLk,41.0
548,0,qatuIGdU,RvWjyDDD,41.0
548,0,YJlimzmz,qatuIGdU,41.0
548,0,DdFWFvrk,YJlimzmz,41.0
548,0,KCPTYZEU,DdFWFvrk,41.0
548,0,lPZtleot,KCPTYZEU,41.0
547,0,AszcEtOu,pdQlgkSh,9.0
542,0,RvWjyDDD,dScsNKLk,1.0
542,0,qatuIGdU,RvWjyDDD,1.0
542,0,YJlimzmz,qatuIGdU,1.0
542,0,DdFWFvrk,YJlimzmz,1.0
542,0,KCPTYZEU,DdFWFvrk,1.0
542,0,lPZtleot,KCPTYZEU,1.0
542,0,jCwFOmxo,lPZtleot,1.0
542,0,fVolLZWv,jCwFOmxo,1.0
542,0,vnGoAIWR,fVolLZWv,1.0
542,0,UPoJKlTB,vnGoAIWR,1.0
542,0,mBDHTawz,UPoJKlTB,1.0
542,0,lMdnIgyP,mBDHTawz,1.0
523,0,FTwVCxQy,pSVDMeCH,451.0
523,0,RFaTWaew,FTwVCxQy,451.0
321,0,hxSTJhOz,zAVZRYih,53.0
321,0,TShNRujB,hxSTJhOz,53.0
1255,0,PhjcDdmq,ogOCBKAf,806.0
1255,0,bHagonKv,PhjcDdmq,806.0
1255,0,Vlipnutt,bHagonKv,806.0
14,0,fOfcyQgJ,cGoHBmgo,1302.0
14,0,YXOKWXAw,fOfcyQgJ,1610.0
14,0,PSjGjQXK,YXOKWXAw,1610.0
615,0,hxSTJhOz,rDSiGFpR,1106.0
615,0,DRkcXziO,IIzQthVA,663.0
615,0,fTOPrrgc,DRkcXziO,663.0
615,0,XPasGtVj,fTOPrrgc,663.0
615,0,VMviwLNE,XPasGtVj,663.0
615,0,BxuxHloR,VMviwLNE,663.0
615,0,gFAsBeQM,BxuxHloR,663.0
615,0,rDSiGFpR,gFAsBeQM,663.0
365,0,YmkUpvHU,rRGVruPM,1.0
365,0,GbYxEXTt,YmkUpvHU,1.0
365,0,DOGyniWl,GbYxEXTt,1.0
365,0,fubLBmAl,DOGyniWl,1.0
365,0,zjSAMvDn,fubLBmAl,1.0
365,0,BYsSDXCP,zjSAMvDn,1.0
365,0,HvQMjFdy,BYsSDXCP,1.0
365,0,cniBuICf,HvQMjFdy,1.0
365,0,LPfgjVyT,cniBuICf,1.0
365,0,cPCRxZjy,LPfgjVyT,1.0
365,0,qpacHTVx,cPCRxZjy,1.0
365,0,XFLojCJa,qpacHTVx,1.0
365,0,mHRdWDIt,XFLojCJa,1.0
365,0,NBopaFdP,mHRdWDIt,1.0
365,0,LbKosGpD,NBopaFdP,1.0
365,0,rDSiGFpR,LbKosGpD,1.0
480,0,BgYvcKFh,bKKUjGhb,2611.0
480,0,QRrhNfpu,BgYvcKFh,2611.0
480,0,qSowWcvN,QRrhNfpu,2611.0
480,0,vBGGqNND,qSowWcvN,2123.0
1618,0,xIAmzSOf,kltlGPhk,826.0
1618,0,HFPiIGml,xIAmzSOf,826.0
1326,0,mZrMXUGc,BZEEPDzF,151.0
1326,0,ovqyecwa,mZrMXUGc,685.0
1326,0,PhEXDKmN,ovqyecwa,685.0
1326,0,vfoMHDCS,PhEXDKmN,685.0
1326,0,LEPzGjdo,vfoMHDCS,685.0
1326,0,VeNIGKmR,LEPzGjdo,628.0
1326,0,vkwWhgCe,VeNIGKmR,628.0
1326,0,KSSwmuEx,vkwWhgCe,1058.0
1669,0,SrxxnOEl,zjFHHUbS,77.0
1669,0,AXxrYyXG,SrxxnOEl,77.0
1669,0,QexJFwXO,AXxrYyXG,77.0
1669,0,exRzHfND,QexJFwXO,74.0
1669,0,slwzdYAd,exRzHfND,74.0
1669,0,phodyDNv,slwzdYAd,74.0
1669,0,gcvwQKzE,phodyDNv,70.0
1669,0,RuqLEiFp,gcvwQKzE,70.0
1669,0,jEliwrSM,RuqLEiFp,58.0
1669,0,OUlPxErG,jEliwrSM,58.0
1669,0,SPorkGXj,OUlPxErG,54.0
1669,0,ZqOseExI,SPorkGXj,54.0
1669,0,CrOFTJlw,ZqOseExI,54.0
1669,0,PyGiRErs,CrOFTJlw,54.0
1669,0,qflzswAf,PyGiRErs,42.0
874,0,RuqLEiFp,ZEXMhMxR,114.0
874,0,NAwFzVQz,RuqLEiFp,33.0
874,0,jEliwrSM,NAwFzVQz,33.0
874,0,XsvFZXJo,jEliwrSM,33.0
874,0,SPorkGXj,XsvFZXJo,32.0
874,0,IJbUVGLH,SPorkGXj,32.0
874,0,ZqOseExI,IJbUVGLH,32.0
874,0,FdBCLyPI,ZqOseExI,32.0
874,0,CrOFTJlw,FdBCLyPI,23.0
874,0,PyGiRErs,CrOFTJlw,20.0
874,0,JbCujTci,PyGiRErs,16.0
874,0,WhRBEXGR,JbCujTci,5.0
874,0,wRBXcbqq,WhRBEXGR,5.0
874,0,XXYtSQEl,wRBXcbqq,5.0
874,0,MklhhYCQ,XXYtSQEl,5.0
331,0,MhxjGQjy,UgzfanVk,118.0
331,0,EhUxMFuQ,MhxjGQjy,118.0
331,0,HZcfHzwe,EhUxMFuQ,102.0
331,0,qoWOoICL,HZcfHzwe,102.0
331,0,FwybjYQK,qoWOoICL,102.0
331,0,ZuDlysuz,FwybjYQK,102.0
331,0,IkwHYYuh,ZuDlysuz,102.0
331,0,YzXnYVPd,IkwHYYuh,102.0
331,0,TEKQTTfp,YzXnYVPd,102.0
331,0,ZIPCqImv,TEKQTTfp,102.0
331,0,aWNaUdzp,ZIPCqImv,102.0
331,0,FCsbIOBe,aWNaUdzp,102.0
331,0,gGjwcdJB,FCsbIOBe,102.0
1085,0,ixafYOrk,WneZtuRq,901.0
1085,0,VWKzFLMH,ixafYOrk,901.0
1085,0,EllpaOUu,VWKzFLMH,874.0
1040,0,CKorGRkE,ejMjPdTH,136.0
601,0,FcOkCcps,qdrjbHYS,841.0
601,0,fFHpEWYG,FcOkCcps,888.0
601,0,jOxyxYyy,fFHpEWYG,889.0
601,0,zOQhKaAF,jOxyxYyy,889.0
273,0,jOxyxYyy,fFHpEWYG,1832.0
273,0,zOQhKaAF,jOxyxYyy,1832.0
600,0,RCkelXPh,eyAJPdep,148.0
706,0,yQQuLFAg,wFSILCzc,79.0
601,0,hfsVeMMa,zOQhKaAF,911.0
273,0,hfsVeMMa,zOQhKaAF,2105.0
318,0,QHFmFyLR,EkWBPXmr,1167.0
318,0,neNWquOh,QHFmFyLR,1167.0
318,0,KwaxxmSs,neNWquOh,1177.0
318,0,PSjGjQXK,KwaxxmSs,1209.0
318,0,GnsXgGJX,PSjGjQXK,3605.0
482,0,ifLglfbO,vkAUVqtk,185.0
482,0,hgHcWJof,ifLglfbO,185.0
482,0,qSowWcvN,hgHcWJof,185.0
14,0,GnsXgGJX,PSjGjQXK,2631.0
14,0,VjdckTjW,GnsXgGJX,3239.0
490,0,bKKUjGhb,gFAsBeQM,3438.0
490,0,QRrhNfpu,bKKUjGhb,3441.0
490,0,qSowWcvN,QRrhNfpu,3298.0
480,0,bKKUjGhb,LbKosGpD,2853.0
1741,0,bKKUjGhb,LbKosGpD,595.0
1741,0,QRrhNfpu,bKKUjGhb,594.0
1741,0,qSowWcvN,QRrhNfpu,594.0
480,0,qpacHTVx,cPCRxZjy,419.0
480,0,XFLojCJa,qpacHTVx,419.0
480,0,mHRdWDIt,XFLojCJa,260.0
480,0,NBopaFdP,mHRdWDIt,527.0
480,0,LbKosGpD,NBopaFdP,527.0
235,0,QHFmFyLR,EkWBPXmr,2577.0
235,0,neNWquOh,QHFmFyLR,2577.0
235,0,KwaxxmSs,neNWquOh,2591.0
235,0,PSjGjQXK,KwaxxmSs,2595.0
235,0,GnsXgGJX,PSjGjQXK,6850.0
235,0,VjdckTjW,GnsXgGJX,7037.0
235,0,ohvLIfWG,VjdckTjW,7045.0
490,0,vBGGqNND,qSowWcvN,1142.0
1741,0,vBGGqNND,qSowWcvN,374.0
1374,0,QHFmFyLR,EkWBPXmr,1186.0
1374,0,neNWquOh,QHFmFyLR,1186.0
1374,0,KwaxxmSs,neNWquOh,1205.0
1374,0,PSjGjQXK,KwaxxmSs,1206.0
1374,0,FDPmqphv,PSjGjQXK,2250.0
1374,0,aVjdmBcp,FDPmqphv,2951.0
1374,0,mKIQRbrs,aVjdmBcp,2951.0
273,0,isVKhOXG,hfsVeMMa,2392.0
273,0,mKIQRbrs,isVKhOXG,2326.0
480,0,FFLftRlg,vBGGqNND,1586.0
480,0,HTKZNJTs,FFLftRlg,1620.0
480,0,FmTbQszJ,HTKZNJTs,1842.0
480,0,JvhqCmbT,FmTbQszJ,2385.0
480,0,xkdRvtRu,JvhqCmbT,2385.0
398,0,HTKZNJTs,ohvLIfWG,344.0
398,0,FmTbQszJ,HTKZNJTs,344.0
398,0,JvhqCmbT,FmTbQszJ,258.0
398,0,xkdRvtRu,JvhqCmbT,258.0
320,0,vkAUVqtk,oeGMQkdJ,78.0
320,0,ifLglfbO,vkAUVqtk,78.0
320,0,hgHcWJof,ifLglfbO,78.0
320,0,POdtxoZm,hgHcWJof,78.0
320,0,DjKGsdyb,POdtxoZm,189.0
398,0,QHFmFyLR,EkWBPXmr,193.0
398,0,neNWquOh,QHFmFyLR,193.0
398,0,KwaxxmSs,neNWquOh,193.0
398,0,PSjGjQXK,KwaxxmSs,193.0
398,0,GnsXgGJX,PSjGjQXK,343.0
398,0,VjdckTjW,GnsXgGJX,343.0
398,0,ohvLIfWG,VjdckTjW,343.0
1741,0,FFLftRlg,vBGGqNND,403.0
1741,0,HTKZNJTs,FFLftRlg,403.0
1358,0,lOYrQfzi,oajqUPaH,98.0
1358,0,iuewtDUr,lOYrQfzi,98.0
1358,0,KdEmbmsx,iuewtDUr,98.0
1358,0,GkYZbgqg,KdEmbmsx,98.0
1358,0,FlYjxOxQ,GkYZbgqg,98.0
1358,0,wFSILCzc,FlYjxOxQ,98.0
1358,0,yQQuLFAg,wFSILCzc,98.0
1358,0,rckblBTM,yQQuLFAg,98.0
1358,0,fGmFhgnx,rckblBTM,98.0
1358,0,XyHfgUxW,fGmFhgnx,98.0
1358,0,zjjLSYAp,XyHfgUxW,98.0
1358,0,nIakFMcq,zjjLSYAp,98.0
1358,0,yAgyFeHo,nIakFMcq,96.0
1358,0,QdWOxWia,yAgyFeHo,10.0
235,0,aUPouXsN,ohvLIfWG,6021.0
14,0,aUPouXsN,VjdckTjW,3142.0
273,0,qvujbmjR,mKIQRbrs,2127.0
273,0,SqxhBMol,qvujbmjR,2127.0
590,0,QHFmFyLR,EkWBPXmr,1566.0
590,0,neNWquOh,QHFmFyLR,1566.0
590,0,BQqYmuyR,neNWquOh,1570.0
590,0,PSjGjQXK,BQqYmuyR,1571.0
590,0,FDPmqphv,PSjGjQXK,4417.0
590,0,aVjdmBcp,FDPmqphv,4741.0
590,0,isVKhOXG,aVjdmBcp,4741.0
590,0,pHNyFRmN,isVKhOXG,4799.0
590,0,SMriOOgF,pHNyFRmN,4810.0
590,0,RHWjHSWx,SMriOOgF,4810.0
214,0,NcLanIdZ,SyrqOGJb,384.0
214,0,SyrqOGJb,IvqxNjHK,366.0
214,0,IvqxNjHK,XjEyEHqT,347.0
601,0,mKIQRbrs,hfsVeMMa,958.0
480,0,SqxhBMol,xkdRvtRu,2461.0
1374,0,qvujbmjR,mKIQRbrs,2388.0
1374,0,SqxhBMol,qvujbmjR,2519.0
480,0,kXtCwJQx,hOGVczfj,822.0
686,0,fubLBmAl,DOGyniWl,1688.0
686,0,nEXpIbiD,fubLBmAl,1688.0
686,0,eTJQHplR,nEXpIbiD,1689.0
686,0,vrgENeuF,eTJQHplR,1792.0
686,0,lxSUNwOi,vrgENeuF,1829.0
686,0,aIerxCRO,lxSUNwOi,1851.0
686,0,ZHaurlhr,aIerxCRO,1851.0
686,0,KMDYeUKg,ZHaurlhr,2094.0
686,0,RSPZrGBg,KMDYeUKg,2148.0
686,0,nrUfCQxz,RSPZrGBg,2146.0
686,0,YmkUpvHU,qKeCDDXI,367.0
686,0,GbYxEXTt,YmkUpvHU,1613.0
686,0,DOGyniWl,GbYxEXTt,1613.0
1358,0,gViLrCgA,QdWOxWia,8.0
1358,0,cCSIoIah,gViLrCgA,3.0
1358,0,DLdtTvFi,cCSIoIah,3.0
1413,0,DeduXMzE,udlIzhJE,68.0
1413,0,GXHjZCTL,DeduXMzE,68.0
1413,0,yolIeCeg,GXHjZCTL,68.0
1413,0,ozAxYCwR,yolIeCeg,68.0
1413,0,qdrjbHYS,ozAxYCwR,68.0
1413,0,AKdDiXyV,qdrjbHYS,68.0
1413,0,fFHpEWYG,AKdDiXyV,68.0
1413,0,jOxyxYyy,fFHpEWYG,68.0
1413,0,gGlRqksC,jOxyxYyy,68.0
1413,0,GRRjUQxz,gGlRqksC,68.0
1413,0,evYofZgS,GRRjUQxz,68.0
1413,0,RHWjHSWx,evYofZgS,68.0
1413,0,VpmqCJUB,RHWjHSWx,68.0
1413,0,dulnZXnF,VpmqCJUB,68.0
1413,0,RkIYOvZu,dulnZXnF,68.0
1413,0,ygKQkAfU,RkIYOvZu,68.0
295,0,qDeoslSZ,hLEWSLqw,1147.0
490,0,VpmqCJUB,RHWjHSWx,1878.0
490,0,dulnZXnF,VpmqCJUB,1878.0
490,0,RkIYOvZu,dulnZXnF,1878.0
490,0,ygKQkAfU,RkIYOvZu,1878.0
670,0,IOcMwGKn,ybjkPLXB,432.0
670,0,AszcEtOu,BpAiVnps,246.0
670,0,ybjkPLXB,AszcEtOu,295.0
273,0,nrKKniYe,SqxhBMol,1949.0
226,0,aIerxCRO,lxSUNwOi,162.0
226,0,ZHaurlhr,aIerxCRO,162.0
226,0,KMDYeUKg,ZHaurlhr,222.0
226,0,nrUfCQxz,KMDYeUKg,318.0
226,0,lxSUNwOi,NgBSBxMr,150.0
600,0,CEZTRnUo,qflzswAf,23.0
600,0,funWfCdm,CEZTRnUo,23.0
600,0,rnFrOJMw,funWfCdm,23.0
600,0,MklhhYCQ,rnFrOJMw,23.0
600,0,nzTRQfUi,MklhhYCQ,23.0
600,0,PZLqDGdx,nzTRQfUi,23.0
600,0,kjxfKqbD,PZLqDGdx,23.0
600,0,mSXRukCc,kjxfKqbD,23.0
600,0,FFGyTMvJ,mSXRukCc,23.0
600,0,eyAJPdep,FFGyTMvJ,23.0
1689,0,xMTUUeEc,tBgOcvQf,56.0
1689,0,jPryMrof,xMTUUeEc,56.0
1689,0,jkJwqjHm,jPryMrof,56.0
1689,0,jKMBgxbE,jkJwqjHm,56.0
1689,0,tldUULAx,jKMBgxbE,56.0
1689,0,yzZGrKJL,tldUULAx,44.0
1689,0,qDeoslSZ,yzZGrKJL,44.0
214,0,XjEyEHqT,EYCnMsAF,340.0
214,0,qDeoslSZ,hLEWSLqw,899.0
490,0,blwWmPPo,ygKQkAfU,1306.0
490,0,hLEWSLqw,blwWmPPo,1306.0
490,0,qDeoslSZ,hLEWSLqw,1304.0
1745,0,blwWmPPo,ygKQkAfU,496.0
1745,0,hLEWSLqw,blwWmPPo,496.0
1745,0,tMEROJFH,hLEWSLqw,496.0
1744,0,blwWmPPo,ygKQkAfU,3032.0
1744,0,ufLmazVu,blwWmPPo,3032.0
1744,0,tMEROJFH,ufLmazVu,3004.0
501,0,blwWmPPo,ygKQkAfU,102.0
501,0,ufLmazVu,blwWmPPo,102.0
501,0,qDeoslSZ,ufLmazVu,102.0
647,0,plmttHNh,mBUKTvtr,39.0
647,0,GIAembsg,plmttHNh,39.0
647,0,OyNIynZV,GIAembsg,39.0
214,0,EYCnMsAF,awnNVqry,4.0
218,0,BoBfKnBc,WuSgkufa,56.0
218,0,tjNvNzFb,BoBfKnBc,56.0
218,0,mxxFIxNX,tjNvNzFb,56.0
218,0,mxpYyFEY,mxxFIxNX,56.0
218,0,awnNVqry,mxpYyFEY,56.0
218,0,EYCnMsAF,awnNVqry,56.0
218,0,XjEyEHqT,EYCnMsAF,56.0
218,0,IvqxNjHK,XjEyEHqT,56.0
218,0,SyrqOGJb,IvqxNjHK,56.0
218,0,NcLanIdZ,SyrqOGJb,56.0
218,0,OyNIynZV,NcLanIdZ,47.0
218,0,ydoNqUsu,OyNIynZV,47.0
218,0,yYSDLmlm,ydoNqUsu,40.0
218,0,FDCDnriY,yYSDLmlm,40.0
218,0,hLEWSLqw,FDCDnriY,40.0
218,0,qDeoslSZ,hLEWSLqw,40.0
590,0,VpmqCJUB,RHWjHSWx,4698.0
590,0,EvIZgaUF,VpmqCJUB,4698.0
590,0,mGgwEHaG,EvIZgaUF,4701.0
590,0,DWuGRWkF,mGgwEHaG,4701.0
1741,0,JvhqCmbT,HTKZNJTs,347.0
1741,0,pfHqWMIj,JvhqCmbT,347.0
1741,0,yZEnTGkU,pfHqWMIj,347.0
1741,0,svamcGgQ,yZEnTGkU,392.0
1741,0,OkTOljoV,svamcGgQ,392.0
1741,0,RoAYEvND,OkTOljoV,392.0
480,0,yZEnTGkU,SqxhBMol,2004.0
480,0,svamcGgQ,yZEnTGkU,2560.0
480,0,OkTOljoV,svamcGgQ,2560.0
480,0,ryMrZCSE,OkTOljoV,2560.0
320,0,ExPvCHrU,DjKGsdyb,282.0
320,0,OCwYbEnq,ExPvCHrU,282.0
320,0,nrUfCQxz,OCwYbEnq,325.0
320,0,XwcxmOai,nrUfCQxz,325.0
590,0,ryMrZCSE,DWuGRWkF,4754.0
480,0,UZvsWvxC,kXtCwJQx,806.0
480,0,Afgbwxue,UZvsWvxC,806.0
480,0,yHOAvGcL,Afgbwxue,806.0
480,0,cPCRxZjy,yHOAvGcL,263.0
706,0,izUAPpdi,xyBTaHvp,11.0
706,0,FVYwGhLu,izUAPpdi,11.0
706,0,cNWTidvb,FVYwGhLu,11.0
706,0,wFSILCzc,cNWTidvb,11.0
1745,0,hOGVczfj,pOvHFZPM,435.0
1745,0,kXtCwJQx,hOGVczfj,435.0
1745,0,UZvsWvxC,kXtCwJQx,435.0
1745,0,Afgbwxue,UZvsWvxC,435.0
1745,0,yHOAvGcL,Afgbwxue,435.0
1745,0,CTeFabzs,yHOAvGcL,435.0
1745,0,TUpCuZAw,ThGrfpxl,378.0
1745,0,HYfXIyFk,TUpCuZAw,378.0
1745,0,oQvXmJfL,HYfXIyFk,378.0
1745,0,yayPNqiY,oQvXmJfL,378.0
1745,0,pOvHFZPM,yayPNqiY,378.0
1745,0,XAxmwtqw,aFlzccOO,241.0
1745,0,ThGrfpxl,XAxmwtqw,241.0
1745,0,aFlzccOO,DYvQviUy,171.0
1745,0,DYvQviUy,RfEbENxd,157.0
1745,0,jQaLNViL,gyQqEnFq,76.0
1745,0,RfEbENxd,jQaLNViL,76.0
235,0,AjJCgCBk,nrKKniYe,5437.0
1106,0,awOEKaEj,qdrjbHYS,452.0
1106,0,fFHpEWYG,awOEKaEj,456.0
1106,0,jOxyxYyy,fFHpEWYG,456.0
1106,0,eVGAINdZ,jOxyxYyy,456.0
1106,0,zOQhKaAF,eVGAINdZ,456.0
1106,0,hfsVeMMa,zOQhKaAF,501.0
1106,0,isVKhOXG,hfsVeMMa,524.0
1106,0,mKIQRbrs,isVKhOXG,524.0
1106,0,qvujbmjR,mKIQRbrs,529.0
1106,0,SqxhBMol,qvujbmjR,529.0
1106,0,nrKKniYe,SqxhBMol,529.0
1106,0,SWnceHEw,nrKKniYe,579.0
1106,0,AjJCgCBk,SWnceHEw,579.0
273,0,SWnceHEw,nrKKniYe,1892.0
273,0,AjJCgCBk,SWnceHEw,1892.0
14,0,SlfNpref,aUPouXsN,3473.0
14,0,nrKKniYe,SlfNpref,3473.0
14,0,AjJCgCBk,nrKKniYe,3586.0
287,0,eKMWhxRF,lqMPnIra,256.0
287,0,PKfyrIVb,eKMWhxRF,256.0
287,0,uGNDunGF,PKfyrIVb,256.0
836,0,aImltWBw,FGqBFXAc,86.0
1374,0,MzWshIAL,SqxhBMol,1764.0
1374,0,NZGnRwVn,MzWshIAL,1873.0
273,0,jFmPCmzM,AjJCgCBk,1703.0
1197,0,OeKkfJSz,HTcmpFUD,58.0
1197,0,FZjXRNIl,OeKkfJSz,58.0
1197,0,wHSBMatn,FZjXRNIl,58.0
1197,0,pbVrXoGi,wHSBMatn,58.0
1197,0,GuhaYkFL,pbVrXoGi,58.0
1197,0,EdJUuxct,GuhaYkFL,58.0
1197,0,gmiMCrrb,EdJUuxct,58.0
292,0,QHFmFyLR,EkWBPXmr,506.0
292,0,neNWquOh,QHFmFyLR,506.0
292,0,KwaxxmSs,neNWquOh,506.0
292,0,PSjGjQXK,KwaxxmSs,509.0
292,0,GnsXgGJX,PSjGjQXK,1093.0
292,0,VjdckTjW,GnsXgGJX,1112.0
292,0,ohvLIfWG,VjdckTjW,1165.0
292,0,aUPouXsN,ohvLIfWG,1165.0
985,0,peBgOXli,yAqyhWkU,3.0
985,0,KnWWIWQx,peBgOXli,3.0
985,0,bRAzuzSs,KnWWIWQx,3.0
985,0,OwpcAtJV,bRAzuzSs,3.0
273,0,TrOiZJox,jFmPCmzM,1414.0
253,0,DOGyniWl,GbYxEXTt,1316.0
1750,0,DOGyniWl,GbYxEXTt,301.0
1750,0,fubLBmAl,DOGyniWl,301.0
1750,0,nEXpIbiD,fubLBmAl,301.0
1750,0,eTJQHplR,nEXpIbiD,301.0
1106,0,jFmPCmzM,AjJCgCBk,585.0
1106,0,TrOiZJox,jFmPCmzM,538.0
213,0,eYoPTdNP,ZpgoacOO,359.0
213,0,rlRRFZPO,eYoPTdNP,359.0
213,0,JXTJImqP,rlRRFZPO,359.0
213,0,rwHPNAJf,JXTJImqP,359.0
213,0,suszCmcx,rwHPNAJf,359.0
213,0,dfkLIYlO,suszCmcx,359.0
213,0,RiVtboFJ,dfkLIYlO,359.0
686,0,UFoaQvGg,RfEbENxd,80.0
686,0,uxsctOEt,UFoaQvGg,80.0
686,0,UfJDroVz,uxsctOEt,80.0
686,0,biJBLznK,UfJDroVz,80.0
686,0,TcsyXYNn,biJBLznK,80.0
686,0,qKeCDDXI,TcsyXYNn,80.0
686,0,jQaLNViL,gyQqEnFq,32.0
686,0,RfEbENxd,jQaLNViL,32.0
226,0,CpnDMnJS,nrUfCQxz,468.0
226,0,fSmTHZJS,CpnDMnJS,468.0
635,0,pSVDMeCH,gaLZwYvS,116.0
635,0,FTwVCxQy,pSVDMeCH,116.0
635,0,RFaTWaew,FTwVCxQy,116.0
635,0,mYoRZvtc,RFaTWaew,239.0
635,0,NKCxdwhs,mYoRZvtc,357.0
635,0,eeSdZFhf,NKCxdwhs,357.0
635,0,gFAsBeQM,eeSdZFhf,564.0
635,0,lctVuVOk,gFAsBeQM,864.0
635,0,EocVuyzS,lctVuVOk,864.0
1413,0,blwWmPPo,ygKQkAfU,56.0
1413,0,dYaEdzoO,blwWmPPo,56.0
1413,0,TIoMzhxD,dYaEdzoO,56.0
648,0,TIoMzhxD,LoxEXWve,532.0
590,0,fRxWIrbs,ryMrZCSE,4390.0
590,0,QrdELzCu,fRxWIrbs,4390.0
590,0,YvwQRHTE,QrdELzCu,4390.0
590,0,HJTsgSzj,YvwQRHTE,4382.0
1413,0,iRpWiLQH,TIoMzhxD,29.0
1413,0,LPBTmxgF,iRpWiLQH,29.0
670,0,pTpnumHG,TIoMzhxD,484.0
670,0,LPBTmxgF,pTpnumHG,484.0
615,0,pTpnumHG,TIoMzhxD,361.0
615,0,LPBTmxgF,pTpnumHG,361.0
311,0,plWWPiMc,mnkgCFDT,456.0
311,0,HcPkwFHM,plWWPiMc,503.0
311,0,KjuJaNsu,HcPkwFHM,753.0
311,0,oNyGHMvy,KjuJaNsu,753.0
311,0,QdnKSSsO,oNyGHMvy,780.0
311,0,vSdfqYeK,QdnKSSsO,899.0
311,0,wDpyEsxh,vSdfqYeK,899.0
311,0,jIerKxIb,wDpyEsxh,899.0
311,0,IubGYoNi,jIerKxIb,1080.0
311,0,fmQEzQWV,IubGYoNi,1238.0
311,0,BpAiVnps,fmQEzQWV,1599.0
311,0,LPBTmxgF,pTpnumHG,783.0
213,0,RFaTWaew,pSVDMeCH,5.0
213,0,TUeJMYAe,RiVtboFJ,406.0
213,0,nDzrviXX,TUeJMYAe,406.0
648,0,QdIKKqKN,TIoMzhxD,40.0
648,0,ZIZoBDen,QdIKKqKN,39.0
648,0,DYLgRRdw,ZIZoBDen,39.0
648,0,QvJRXCKm,DYLgRRdw,39.0
480,0,fRxWIrbs,ryMrZCSE,1770.0
480,0,QrdELzCu,fRxWIrbs,1770.0
480,0,YvwQRHTE,QrdELzCu,1770.0
480,0,HJTsgSzj,YvwQRHTE,1848.0
147,0,VuPuNOXM,WeXgsZLY,861.0
147,0,QgwCgjAi,VuPuNOXM,861.0
213,0,KplKuAnp,iYMJvRAf,4.0
213,0,pSVDMeCH,KplKuAnp,4.0
213,0,QgwCgjAi,nDzrviXX,376.0
204,0,VuPuNOXM,WeXgsZLY,860.0
204,0,QgwCgjAi,VuPuNOXM,860.0
1468,0,DOGyniWl,GbYxEXTt,110.0
1468,0,nEXpIbiD,DOGyniWl,110.0
1468,0,eTJQHplR,nEXpIbiD,110.0
798,0,DOGyniWl,GbYxEXTt,421.0
798,0,fubLBmAl,DOGyniWl,421.0
798,0,nEXpIbiD,fubLBmAl,421.0
798,0,eTJQHplR,nEXpIbiD,420.0
528,0,DOGyniWl,ItndWSiW,90.0
528,0,fubLBmAl,DOGyniWl,90.0
528,0,nEXpIbiD,fubLBmAl,90.0
528,0,eTJQHplR,nEXpIbiD,90.0
590,0,TcTonWJL,HJTsgSzj,4181.0
480,0,TcTonWJL,HJTsgSzj,1294.0
14,0,jFmPCmzM,AjJCgCBk,3688.0
14,0,fkZFUNSd,jFmPCmzM,3382.0
14,0,cttUtMNm,fkZFUNSd,3784.0
14,0,wHfmVQMh,cttUtMNm,3760.0
1106,0,fkZFUNSd,TrOiZJox,1314.0
1106,0,cttUtMNm,fkZFUNSd,1314.0
1106,0,wHfmVQMh,cttUtMNm,1314.0
673,0,jXeBpcDF,lZYsrfVZ,414.0
673,0,goaumTLR,jXeBpcDF,414.0
673,0,vNMxowJX,goaumTLR,414.0
673,0,voZaDctr,vNMxowJX,414.0
673,0,cttUtMNm,voZaDctr,414.0
673,0,wHfmVQMh,cttUtMNm,414.0
14,0,mdGitRQe,wHfmVQMh,3769.0
1374,0,GvhVJqUj,NZGnRwVn,1317.0
398,0,upZFxFqB,xkdRvtRu,257.0
398,0,SqxhBMol,upZFxFqB,257.0
398,0,yZEnTGkU,SqxhBMol,257.0
398,0,svamcGgQ,yZEnTGkU,257.0
398,0,OkTOljoV,svamcGgQ,257.0
398,0,ryMrZCSE,OkTOljoV,257.0
398,0,fRxWIrbs,ryMrZCSE,257.0
398,0,QrdELzCu,fRxWIrbs,257.0
398,0,YvwQRHTE,QrdELzCu,257.0
398,0,HJTsgSzj,YvwQRHTE,257.0
398,0,TcTonWJL,HJTsgSzj,257.0
398,0,WtptgYtz,TcTonWJL,257.0
480,0,WtptgYtz,TcTonWJL,1341.0
1106,0,mdGitRQe,wHfmVQMh,1201.0
673,0,mdGitRQe,wHfmVQMh,139.0
213,0,zAwPDfkg,QgwCgjAi,6.0
213,0,eTJQHplR,zAwPDfkg,6.0
1366,0,jQaLNViL,gyQqEnFq,734.0
1366,0,RfEbENxd,jQaLNViL,856.0
1567,0,lqMPnIra,nPkrzCty,2801.0
398,0,NJSgWoOc,WtptgYtz,150.0
398,0,HFKfgJoc,NJSgWoOc,150.0
398,0,KQSHMGnw,HFKfgJoc,150.0
684,0,NJSgWoOc,FHkpxOov,494.0
684,0,HFKfgJoc,NJSgWoOc,494.0
684,0,KQSHMGnw,HFKfgJoc,494.0
480,0,NJSgWoOc,WtptgYtz,1265.0
480,0,HFKfgJoc,NJSgWoOc,1265.0
480,0,KQSHMGnw,HFKfgJoc,1265.0
686,0,NJSgWoOc,FHkpxOov,342.0
686,0,HFKfgJoc,NJSgWoOc,341.0
686,0,KQSHMGnw,HFKfgJoc,341.0
590,0,NJSgWoOc,TcTonWJL,4177.0
590,0,RIpTuvwk,NJSgWoOc,4179.0
1645,0,DdAJghjk,FyIjwLBj,445.0
1645,0,IglTFvIG,DdAJghjk,394.0
1645,0,esXmHZAz,IglTFvIG,394.0
1645,0,VUTBmskZ,esXmHZAz,394.0
1645,0,KQSHMGnw,VUTBmskZ,393.0
1645,0,sWFNlbjw,ASOyxnpu,574.0
1645,0,qTqvnQiR,sWFNlbjw,574.0
1645,0,FyIjwLBj,qTqvnQiR,567.0
1645,0,ASOyxnpu,QewuHWYk,326.0
1189,0,adsviABF,LPldZjRa,50.0
1189,0,TqlJzItM,adsviABF,33.0
1189,0,KQSHMGnw,TqlJzItM,33.0
186,0,DzkWADkh,gmiMCrrb,395.0
186,0,MjMnNBLG,DzkWADkh,395.0
186,0,XiRzIewe,MjMnNBLG,395.0
356,0,zfdolaES,nEXpIbiD,1053.0
356,0,jiufRClk,zfdolaES,1053.0
356,0,GVnbohJg,jiufRClk,1053.0
356,0,TIKKmaif,GVnbohJg,1072.0
356,0,nTVsVrjG,TIKKmaif,803.0
235,0,MgruBUee,RVGhYAxc,3776.0
273,0,BpAiVnps,RVGhYAxc,1483.0
186,0,udKeccMr,XiRzIewe,477.0
186,0,HEshVETB,udKeccMr,477.0
186,0,WKWTpoqQ,HEshVETB,477.0
186,0,oUmVLfUX,WKWTpoqQ,479.0
186,0,fJdABIlw,oUmVLfUX,479.0
186,0,mXwfazRz,fJdABIlw,431.0
186,0,rBcVngYR,mXwfazRz,431.0
186,0,NGAodVTg,rBcVngYR,202.0
186,0,TvGyfQSI,NGAodVTg,202.0
186,0,HFYkXdPG,TvGyfQSI,202.0
186,0,KjgVoxgR,HFYkXdPG,217.0
186,0,xTOrUJFO,KjgVoxgR,192.0
186,0,EmkugZPX,xTOrUJFO,192.0
186,0,lmZJehpq,EmkugZPX,195.0
186,0,YtrqvWdf,lmZJehpq,195.0
186,0,tDDddUJb,YtrqvWdf,114.0
186,0,RVGhYAxc,tDDddUJb,114.0
186,0,BpAiVnps,RVGhYAxc,92.0
673,0,RVGhYAxc,mdGitRQe,115.0
673,0,BpAiVnps,RVGhYAxc,115.0
620,0,WqRwmxfX,ObeVuyMA,3.0
620,0,fbgWGcSP,WqRwmxfX,3.0
620,0,VctBMYxC,fbgWGcSP,3.0
620,0,xYfYRJnz,VctBMYxC,3.0
620,0,bvZtLhoP,xYfYRJnz,3.0
620,0,NoGATiBT,bvZtLhoP,3.0
121,0,WdOwNGhj,xfbmoJHP,3.0
121,0,kKKRBhFF,WdOwNGhj,3.0
121,0,NFInfBeu,kKKRBhFF,3.0
121,0,VCQdmIoF,NFInfBeu,3.0
121,0,ePrpofUw,VCQdmIoF,3.0
121,0,KcvPUxQg,ePrpofUw,3.0
121,0,BlnSxBAr,KcvPUxQg,3.0
121,0,TCBUGaZf,BlnSxBAr,3.0
121,0,pzcCDVmZ,TCBUGaZf,3.0
121,0,oUmVLfUX,pzcCDVmZ,3.0
121,0,fJdABIlw,oUmVLfUX,3.0
121,0,mXwfazRz,fJdABIlw,3.0
121,0,NGAodVTg,mXwfazRz,3.0
121,0,TvGyfQSI,NGAodVTg,3.0
121,0,HFYkXdPG,TvGyfQSI,3.0
121,0,KjgVoxgR,HFYkXdPG,3.0
121,0,xTOrUJFO,KjgVoxgR,3.0
121,0,EmkugZPX,xTOrUJFO,3.0
121,0,lmZJehpq,EmkugZPX,3.0
121,0,tDDddUJb,lmZJehpq,3.0
121,0,RVGhYAxc,tDDddUJb,3.0
121,0,BpAiVnps,RVGhYAxc,3.0
477,0,BpAiVnps,RVGhYAxc,711.0
539,0,pdQlgkSh,xGsoSfhX,2.0
1272,0,cHhWsWUg,SMhobJmy,1522.0
1272,0,nPkrzCty,cHhWsWUg,1522.0
1272,0,jIerKxIb,nPkrzCty,1492.0
52,0,oiYuCTCe,ZijVddwt,1017.0
52,0,SwLVnWPq,oiYuCTCe,319.0
52,0,xQSKBJml,SwLVnWPq,319.0
52,0,eXTjiXiW,xQSKBJml,319.0
52,0,UUCrlfWg,eXTjiXiW,319.0
52,0,YULSfngF,UUCrlfWg,319.0
52,0,ozuppJDT,YULSfngF,319.0
52,0,xGsoSfhX,ozuppJDT,319.0
52,0,RVGhYAxc,xGsoSfhX,224.0
52,0,BpAiVnps,RVGhYAxc,224.0
1341,0,XyHfgUxW,fGmFhgnx,80.0
1341,0,zjjLSYAp,XyHfgUxW,80.0
1341,0,nIakFMcq,zjjLSYAp,80.0
1341,0,LYjhOoFf,nIakFMcq,57.0
1341,0,QdWOxWia,LYjhOoFf,43.0
1341,0,gViLrCgA,QdWOxWia,43.0
1341,0,cCSIoIah,gViLrCgA,43.0
1341,0,DLdtTvFi,cCSIoIah,43.0
1341,0,vRWSdFEN,DLdtTvFi,43.0
1341,0,tDDddUJb,vRWSdFEN,43.0
1341,0,RVGhYAxc,tDDddUJb,43.0
1341,0,BpAiVnps,RVGhYAxc,39.0
1549,0,tkDBwPiV,uGNDunGF,13.0
1549,0,mqlWPdpA,tkDBwPiV,4.0
1549,0,lOdrwgOe,mqlWPdpA,4.0
1549,0,BRjWpQtg,lOdrwgOe,2.0
1549,0,CrcsXCbZ,BRjWpQtg,2.0
1549,0,fcKeEgEf,CrcsXCbZ,2.0
1549,0,MgruBUee,fcKeEgEf,2.0
590,0,ubzklVlS,RIpTuvwk,4103.0
1305,0,HkSXkIZj,womqVgRl,2058.0
1305,0,NlwRCqPo,HkSXkIZj,2146.0
1305,0,ubzklVlS,NlwRCqPo,2146.0
1262,0,tkDBwPiV,uGNDunGF,2885.0
1262,0,mqlWPdpA,tkDBwPiV,2866.0
1262,0,lOdrwgOe,mqlWPdpA,2866.0
1262,0,BRjWpQtg,lOdrwgOe,184.0
1262,0,CrcsXCbZ,BRjWpQtg,184.0
1262,0,noVetmot,ZdIQslRD,2572.0
1262,0,MGitFLID,noVetmot,2572.0
1262,0,kYpOneyC,MGitFLID,2572.0
1262,0,fQmxveIO,kYpOneyC,2565.0
1262,0,DRTLnTnI,fQmxveIO,2565.0
1262,0,eKMWhxRF,DRTLnTnI,2565.0
1262,0,PKfyrIVb,eKMWhxRF,2238.0
1262,0,uGNDunGF,PKfyrIVb,2238.0
601,0,HGjkimBc,pPqywgRl,1357.0
601,0,lqMPnIra,HGjkimBc,1357.0
1141,0,lqMPnIra,jIerKxIb,2305.0
1272,0,jFRqfnFl,VkcYQwTj,1149.0
1272,0,ysSWNERo,jFRqfnFl,1149.0
1272,0,lQIpGOTn,ysSWNERo,1159.0
1272,0,uhUmvvRs,lQIpGOTn,1159.0
1272,0,svgtEcQx,uhUmvvRs,1159.0
1272,0,HcPkwFHM,svgtEcQx,1159.0
1272,0,KjuJaNsu,HcPkwFHM,1159.0
1272,0,oNyGHMvy,KjuJaNsu,1159.0
1272,0,QdnKSSsO,oNyGHMvy,1159.0
1272,0,vSdfqYeK,QdnKSSsO,1159.0
1272,0,AmahvgQB,vSdfqYeK,1159.0
1272,0,lOtREfVG,AmahvgQB,1159.0
1272,0,SMhobJmy,lOtREfVG,1159.0
1272,0,lqMPnIra,jIerKxIb,1253.0
1272,0,BZCtSmhk,ywuGpANM,1132.0
1272,0,VkcYQwTj,BZCtSmhk,1132.0
1272,0,FZsFzszJ,gzTQJVMW,155.0
1272,0,ALhaazBT,FZsFzszJ,159.0
1272,0,AUmOMGnp,ALhaazBT,176.0
1272,0,ejMjPdTH,AUmOMGnp,177.0
1272,0,NJxrRaUf,ejMjPdTH,346.0
1272,0,hpACGGyB,NJxrRaUf,346.0
1272,0,ywuGpANM,hpACGGyB,349.0
1272,0,RVEyrwjR,XLVjRryq,134.0
1272,0,gzTQJVMW,RVEyrwjR,143.0
1272,0,vDFCntfg,YvwuVYMF,47.0
1272,0,NxbXiMUL,vDFCntfg,47.0
1272,0,XLVjRryq,NxbXiMUL,47.0
320,0,sCyvkPkr,XwcxmOai,499.0
320,0,YLjwrcCY,sCyvkPkr,499.0
320,0,RfzcmazU,YLjwrcCY,499.0
320,0,ImIhxSnH,RfzcmazU,499.0
320,0,iEKuRfDT,ImIhxSnH,499.0
320,0,PlyJazqR,iEKuRfDT,499.0
320,0,kkrKJmiC,PlyJazqR,499.0
320,0,psXocZQH,kkrKJmiC,499.0
320,0,yprCGtVa,psXocZQH,499.0
320,0,pPqywgRl,yprCGtVa,586.0
320,0,SJHseTdc,pPqywgRl,586.0
320,0,lqMPnIra,SJHseTdc,586.0
291,0,SOBUilCD,mdGitRQe,1071.0
291,0,RVGhYAxc,SOBUilCD,1071.0
291,0,NfHwMQdR,dLUoTBAU,483.0
291,0,nPkrzCty,NfHwMQdR,483.0
291,0,lqMPnIra,nPkrzCty,483.0
1619,0,oIlHYibo,EnhcBMcG,980.0
1619,0,rcxPdVgD,oIlHYibo,980.0
1619,0,NztIaxQU,rcxPdVgD,870.0
1619,0,YctaenCe,jcExlqwL,250.0
1619,0,tzYrVhKO,YctaenCe,250.0
1619,0,UgpyjFML,tzYrVhKO,250.0
1619,0,nPkrzCty,UgpyjFML,233.0
1619,0,CuLSONdy,nPkrzCty,233.0
464,0,HpfZbCVA,fyqDJAhS,961.0
464,0,EYgpmtHR,HpfZbCVA,831.0
464,0,glDvUhXc,EYgpmtHR,754.0
464,0,FhKkSAFH,glDvUhXc,754.0
464,0,hSRFRBsa,FhKkSAFH,754.0
1568,0,pUxrqkbR,pRsoSsPh,6870.0
1568,0,GmRorurF,pUxrqkbR,6903.0
1568,0,rWJbJwsc,GmRorurF,11050.0
1568,0,uuIZngLh,rWJbJwsc,12250.0
1568,0,gHWJyJxY,uuIZngLh,12250.0
1568,0,oXQrzcje,gHWJyJxY,12250.0
1568,0,fyqDJAhS,oXQrzcje,12816.0
1568,0,CSzsuVOH,fyqDJAhS,13855.0
1178,0,xqQnPHkt,cNWTidvb,5006.0
1178,0,IfTbUocE,xqQnPHkt,4619.0
1178,0,OgnAStiZ,IfTbUocE,5581.0
1178,0,NmJVuAxS,OgnAStiZ,5581.0
1178,0,VFLsoIHD,NmJVuAxS,5754.0
1178,0,LLWkkTwA,VFLsoIHD,5881.0
1178,0,ZTMEdEeK,LLWkkTwA,5843.0
1178,0,ogOCBKAf,ZTMEdEeK,6154.0
1104,0,DzkWADkh,tBgOcvQf,10.0
1104,0,MjMnNBLG,DzkWADkh,10.0
1104,0,XiRzIewe,MjMnNBLG,10.0
1104,0,HEshVETB,XiRzIewe,10.0
1104,0,WKWTpoqQ,HEshVETB,10.0
1104,0,fJdABIlw,WKWTpoqQ,10.0
1104,0,uDcoTtDr,fJdABIlw,9.0
1104,0,NGAodVTg,uDcoTtDr,9.0
1104,0,TvGyfQSI,NGAodVTg,9.0
1104,0,HFYkXdPG,TvGyfQSI,9.0
1104,0,KjgVoxgR,HFYkXdPG,9.0
1104,0,EmkugZPX,KjgVoxgR,9.0
1104,0,lmZJehpq,EmkugZPX,9.0
1104,0,RVGhYAxc,lmZJehpq,9.0
463,0,HpfZbCVA,fyqDJAhS,3417.0
463,0,glDvUhXc,HpfZbCVA,3596.0
463,0,FhKkSAFH,glDvUhXc,3596.0
463,0,taPJzyhF,FhKkSAFH,3596.0
1395,0,dCWftKsk,xOHMcnRu,2180.0
1395,0,CSzsuVOH,dCWftKsk,2180.0
1395,0,aUZoPZMc,CSzsuVOH,2180.0
1395,0,xOhGqygU,aUZoPZMc,2180.0
1395,0,qOuhMtTj,xOhGqygU,1216.0
1395,0,KCvWJpxq,qOuhMtTj,1216.0
725,0,eusqYKWT,HezLsNFQ,1026.0
725,0,dCWftKsk,eusqYKWT,1022.0
725,0,HpfZbCVA,dCWftKsk,979.0
725,0,glDvUhXc,HpfZbCVA,979.0
725,0,FhKkSAFH,glDvUhXc,979.0
725,0,taPJzyhF,FhKkSAFH,979.0
719,0,dCWftKsk,xOHMcnRu,288.0
719,0,HpfZbCVA,dCWftKsk,270.0
719,0,EYgpmtHR,HpfZbCVA,179.0
719,0,glDvUhXc,EYgpmtHR,179.0
719,0,FhKkSAFH,glDvUhXc,179.0
719,0,hSRFRBsa,FhKkSAFH,179.0
1221,0,bjEpkupt,gxlaiARP,8551.0
1221,0,FYgdoWMK,bjEpkupt,8690.0
1221,0,zAqZkkQx,FYgdoWMK,8703.0
1221,0,vFpuvjcu,zAqZkkQx,8703.0
1221,0,dlIiZmBi,vFpuvjcu,8703.0
601,0,eKMWhxRF,lqMPnIra,616.0
601,0,pRsoSsPh,eKMWhxRF,616.0
601,0,pUxrqkbR,pRsoSsPh,616.0
601,0,GmRorurF,pUxrqkbR,616.0
601,0,rWJbJwsc,GmRorurF,616.0
601,0,uuIZngLh,rWJbJwsc,554.0
601,0,gHWJyJxY,uuIZngLh,554.0
601,0,oXQrzcje,gHWJyJxY,417.0
601,0,fyqDJAhS,oXQrzcje,417.0
601,0,HpfZbCVA,fyqDJAhS,291.0
601,0,glDvUhXc,HpfZbCVA,291.0
601,0,FhKkSAFH,glDvUhXc,291.0
601,0,taPJzyhF,FhKkSAFH,291.0
291,0,jFmPCmzM,AjJCgCBk,149.0
291,0,fkZFUNSd,jFmPCmzM,173.0
291,0,cttUtMNm,fkZFUNSd,456.0
291,0,wHfmVQMh,cttUtMNm,456.0
291,0,mdGitRQe,wHfmVQMh,458.0
250,0,HpfZbCVA,dCWftKsk,4668.0
250,0,glDvUhXc,HpfZbCVA,4668.0
250,0,FhKkSAFH,glDvUhXc,4645.0
250,0,taPJzyhF,FhKkSAFH,4645.0
1568,0,eKMWhxRF,lqMPnIra,1624.0
1568,0,pRsoSsPh,eKMWhxRF,2267.0
1263,0,RufmISTr,PywYzQHY,1722.0
1263,0,PywYzQHY,zijvldJJ,169.0
14,0,nCsqpnJo,owFNQNZv,4432.0
14,0,gnmwaIOJ,nCsqpnJo,4432.0
14,0,pygvGZaF,gnmwaIOJ,4432.0
14,0,bsQVAuyn,pygvGZaF,4432.0
14,0,VTHwomVj,bsQVAuyn,3608.0
14,0,VbpBVdde,VTHwomVj,4165.0
14,0,ocwJSpah,VbpBVdde,3856.0
14,0,CheNYOmP,ocwJSpah,5522.0
1643,0,OQuuHQtW,yQTlxjhE,356.0
1643,0,BZfkJyvP,OQuuHQtW,356.0
1643,0,pdLPgMHo,BZfkJyvP,356.0
1643,0,nCsqpnJo,pdLPgMHo,356.0
1643,0,gnmwaIOJ,nCsqpnJo,356.0
1643,0,pygvGZaF,gnmwaIOJ,355.0
1643,0,bsQVAuyn,pygvGZaF,355.0
1643,0,VTHwomVj,bsQVAuyn,355.0
1623,0,iSMSiXHg,GYenbKMg,1367.0
1665,0,aTlqsXfd,iezkylgj,3711.0
1665,0,bSoWRArq,aTlqsXfd,3711.0
1665,0,RZSdunHk,bSoWRArq,3711.0
1665,0,wggFpXDl,RZSdunHk,3673.0
1665,0,PFPLEnYs,wggFpXDl,3673.0
1665,0,mkJuKiBe,PFPLEnYs,2173.0
1665,0,NioHjTzW,VcqDmTtv,3570.0
1665,0,iezkylgj,NioHjTzW,3570.0
1665,0,paIawFeA,nIakFMcq,1749.0
1665,0,VcqDmTtv,paIawFeA,1811.0
1190,0,bpTBwobH,InEujKOO,1556.0
1190,0,mSsugdoq,bpTBwobH,1559.0
1190,0,GOFcQtxc,mSsugdoq,1563.0
1190,0,CtbKcCWS,GOFcQtxc,1404.0
1190,0,tLfbIJdr,CtbKcCWS,1404.0
1190,0,NosTVaAF,tLfbIJdr,1895.0
1190,0,CZBrBkrq,NosTVaAF,1895.0
1190,0,DZOaDIuU,CZBrBkrq,1811.0
1190,0,djdidyfJ,DZOaDIuU,1620.0
1190,0,jnDfAorM,djdidyfJ,1604.0
1593,0,uVXvGyfL,ciAbSxQX,3.0
1593,0,CwLKTicL,uVXvGyfL,3.0
1325,0,fgAPkwgD,TPescrDz,5.0
1175,0,ttCfyKrF,uDcqHVPS,979.0
1175,0,QdPMJYQQ,ttCfyKrF,979.0
1175,0,TcXrIYig,QdPMJYQQ,979.0
1175,0,pYAYKpHc,TcXrIYig,979.0
320,0,QPoJLiJK,lqMPnIra,229.0
320,0,udvGqqIc,QPoJLiJK,229.0
320,0,FFlVogkV,udvGqqIc,229.0
860,0,tpbgDvvo,jkZnMKOY,1.0
860,0,qqDoWQdv,tpbgDvvo,1.0
860,0,eymgjBxV,qqDoWQdv,1.0
860,0,EonJeQKz,eymgjBxV,1.0
860,0,vkWqgNph,EonJeQKz,1.0
860,0,nJRQzVZQ,vkWqgNph,1.0
860,0,xunvufHj,nJRQzVZQ,1.0
860,0,rxrORjnb,xunvufHj,1.0
860,0,UVDfwOgc,rxrORjnb,1.0
860,0,TJDsQDoO,UVDfwOgc,1.0
860,0,yTictHOU,TJDsQDoO,1.0
860,0,sTaleXyI,yTictHOU,1.0
860,0,illGQStO,sTaleXyI,1.0
860,0,AUrIxxcC,illGQStO,1.0
860,0,zqZasXpA,AUrIxxcC,1.0
860,0,EYGEAZtD,zqZasXpA,1.0
860,0,AJLJQqsT,EYGEAZtD,1.0
860,0,NCSBLEus,AJLJQqsT,1.0
860,0,xfbmoJHP,NCSBLEus,1.0
860,0,WdOwNGhj,xfbmoJHP,1.0
860,0,kKKRBhFF,WdOwNGhj,1.0
860,0,NFInfBeu,kKKRBhFF,1.0
860,0,VCQdmIoF,NFInfBeu,1.0
860,0,ePrpofUw,VCQdmIoF,1.0
860,0,KcvPUxQg,ePrpofUw,1.0
860,0,BlnSxBAr,KcvPUxQg,1.0
860,0,TCBUGaZf,BlnSxBAr,1.0
204,0,zCyzbjXU,lOtREfVG,299.0
204,0,SDiGilLw,zCyzbjXU,299.0
147,0,lOtREfVG,AmahvgQB,95.0
147,0,zCyzbjXU,lOtREfVG,52.0
147,0,SDiGilLw,zCyzbjXU,52.0
1141,0,vSdfqYeK,QdnKSSsO,408.0
1141,0,AmahvgQB,vSdfqYeK,408.0
318,0,zCyzbjXU,lOtREfVG,509.0
318,0,SDiGilLw,zCyzbjXU,509.0
291,0,QHFmFyLR,EkWBPXmr,67.0
291,0,neNWquOh,QHFmFyLR,67.0
291,0,KwaxxmSs,neNWquOh,67.0
291,0,GnsXgGJX,KwaxxmSs,67.0
291,0,VjdckTjW,GnsXgGJX,72.0
291,0,aUPouXsN,VjdckTjW,72.0
291,0,SlfNpref,aUPouXsN,72.0
291,0,nrKKniYe,SlfNpref,72.0
291,0,AjJCgCBk,nrKKniYe,110.0
1106,0,xiCfcAgb,mdGitRQe,1415.0
1053,0,BlnSxBAr,KcvPUxQg,9.0
1053,0,TCBUGaZf,BlnSxBAr,9.0
129,0,zijvldJJ,RVGhYAxc,180.0
129,0,drFxsmcp,zijvldJJ,180.0
129,0,PywYzQHY,drFxsmcp,180.0
1549,0,pPqywgRl,yprCGtVa,2.0
1549,0,HGjkimBc,pPqywgRl,2.0
1549,0,lqMPnIra,HGjkimBc,11.0
1549,0,eKMWhxRF,lqMPnIra,11.0
1549,0,PKfyrIVb,eKMWhxRF,11.0
1549,0,uGNDunGF,PKfyrIVb,11.0
1317,0,xiCfcAgb,AszcEtOu,3546.0
52,0,FZsFzszJ,gzTQJVMW,643.0
52,0,ALhaazBT,FZsFzszJ,680.0
52,0,ZijVddwt,ALhaazBT,680.0
52,0,gzTQJVMW,RVEyrwjR,580.0
51,0,ZijVddwt,ALhaazBT,439.0
51,0,oiYuCTCe,ZijVddwt,439.0
51,0,SwLVnWPq,oiYuCTCe,27.0
51,0,xQSKBJml,SwLVnWPq,27.0
51,0,eXTjiXiW,xQSKBJml,27.0
51,0,UUCrlfWg,eXTjiXiW,27.0
51,0,YULSfngF,UUCrlfWg,27.0
51,0,ozuppJDT,YULSfngF,27.0
51,0,xGsoSfhX,ozuppJDT,27.0
1141,0,lOtREfVG,AmahvgQB,375.0
1141,0,SMhobJmy,lOtREfVG,375.0
215,0,JVRJClPS,cmBFyxQG,32.0
356,0,PKHBWIBu,nTVsVrjG,802.0
356,0,ICtDTIBO,PKHBWIBu,802.0
590,0,LVcdwgEp,ubzklVlS,4153.0
590,0,yLFlKjKg,LVcdwgEp,4201.0
705,0,awOEKaEj,qdrjbHYS,337.0
705,0,fFHpEWYG,awOEKaEj,341.0
705,0,jOxyxYyy,fFHpEWYG,628.0
705,0,gGlRqksC,jOxyxYyy,628.0
705,0,GRRjUQxz,gGlRqksC,628.0
705,0,MlQcmexA,GRRjUQxz,628.0
705,0,RHWjHSWx,MlQcmexA,660.0
705,0,VpmqCJUB,RHWjHSWx,732.0
705,0,EvIZgaUF,VpmqCJUB,732.0
705,0,mGgwEHaG,EvIZgaUF,742.0
705,0,DWuGRWkF,mGgwEHaG,751.0
705,0,ryMrZCSE,DWuGRWkF,753.0
705,0,fRxWIrbs,ryMrZCSE,1059.0
705,0,sKbmdUEJ,fRxWIrbs,1063.0
705,0,zWeVnnxO,sKbmdUEJ,1063.0
705,0,kXofjcRp,zWeVnnxO,1063.0
705,0,mCHzTQKa,kXofjcRp,1284.0
705,0,NJSgWoOc,mCHzTQKa,1309.0
705,0,RIpTuvwk,NJSgWoOc,1310.0
705,0,ubzklVlS,RIpTuvwk,1400.0
705,0,LVcdwgEp,ubzklVlS,1659.0
705,0,yLFlKjKg,LVcdwgEp,1659.0
705,0,qdrjbHYS,ozAxYCwR,160.0
1305,0,yLFlKjKg,ubzklVlS,2078.0
1258,0,AszcEtOu,BpAiVnps,3392.0
1258,0,TCqyxHhF,AszcEtOu,3543.0
1258,0,TcEVvOUM,TCqyxHhF,3617.0
1258,0,qGnNRXVR,TcEVvOUM,3630.0
1258,0,yLFlKjKg,qGnNRXVR,3766.0
1305,0,aUPouXsN,VjdckTjW,1161.0
14,0,SOBUilCD,mdGitRQe,4388.0
14,0,xiCfcAgb,SOBUilCD,4388.0
14,0,RjtzWJgw,xiCfcAgb,4405.0
1106,0,RjtzWJgw,xiCfcAgb,1368.0
1374,0,cJinKFJn,XCZfXGna,696.0
1618,0,VWoPhHkb,rWJbJwsc,720.0
1618,0,AVJtqaBS,VWoPhHkb,720.0
1618,0,xeuxxNBT,AVJtqaBS,720.0
1618,0,bOMXeuCa,xeuxxNBT,720.0
1618,0,eKMWhxRF,lqMPnIra,259.0
1618,0,pRsoSsPh,eKMWhxRF,259.0
1618,0,pUxrqkbR,pRsoSsPh,259.0
1618,0,GmRorurF,pUxrqkbR,259.0
1618,0,rWJbJwsc,GmRorurF,259.0
14,0,owFNQNZv,RjtzWJgw,4431.0
1664,0,RBBxesxu,WyfCQhSW,498.0
1664,0,dJJmWSZi,RBBxesxu,498.0
1664,0,JNybvbry,dJJmWSZi,498.0
1664,0,pKQmWfSR,JNybvbry,498.0
1664,0,AFMSRepx,pKQmWfSR,845.0
1664,0,WEgiiGlQ,AFMSRepx,922.0
1664,0,sLYsFXAH,WEgiiGlQ,922.0
1664,0,WjKdBsVK,sLYsFXAH,922.0
1664,0,STKMtPtJ,WjKdBsVK,922.0
1664,0,MyVorJBj,STKMtPtJ,922.0
1664,0,AayEawbi,MyVorJBj,922.0
1664,0,ymtXIyVJ,AayEawbi,1026.0
1664,0,VNhDHTgU,ymtXIyVJ,1212.0
1664,0,mvZTxord,VNhDHTgU,1212.0
1664,0,WyfCQhSW,ogOCBKAf,492.0
590,0,RYTcAdhr,yLFlKjKg,1395.0
1644,0,SwLVnWPq,oiYuCTCe,596.0
1644,0,xQSKBJml,SwLVnWPq,596.0
1644,0,eXTjiXiW,xQSKBJml,596.0
1644,0,UUCrlfWg,eXTjiXiW,596.0
1644,0,lTvueOix,UUCrlfWg,596.0
1644,0,KrfyXGJm,lTvueOix,596.0
1644,0,HsdaZYKr,KrfyXGJm,596.0
1644,0,yDdeWpqj,HsdaZYKr,596.0
1644,0,cCSIoIah,yDdeWpqj,426.0
1644,0,ynnETaim,cCSIoIah,389.0
1644,0,EZJUvtOp,ynnETaim,389.0
1644,0,QIvHsQls,EZJUvtOp,389.0
1644,0,KoIfkWfm,QIvHsQls,389.0
1644,0,AoxuCYmM,KoIfkWfm,389.0
1618,0,kltlGPhk,bOMXeuCa,712.0
148,0,ggaXnTUz,mBSaKJib,67.0
148,0,zJsEFgSs,ggaXnTUz,67.0
148,0,exgtgIgV,zJsEFgSs,67.0
148,0,CvtLjMFW,exgtgIgV,67.0
148,0,vSdfqYeK,CvtLjMFW,67.0
148,0,AmahvgQB,vSdfqYeK,67.0
148,0,lOtREfVG,AmahvgQB,67.0
148,0,zCyzbjXU,lOtREfVG,67.0
148,0,SDiGilLw,zCyzbjXU,67.0
148,0,qQrteapK,SDiGilLw,67.0
148,0,blTjmaLj,qQrteapK,67.0
148,0,FXLsUIQr,blTjmaLj,67.0
148,0,fQmxveIO,FXLsUIQr,67.0
148,0,DRTLnTnI,fQmxveIO,67.0
148,0,pRsoSsPh,DRTLnTnI,67.0
148,0,pUxrqkbR,pRsoSsPh,67.0
148,0,GmRorurF,pUxrqkbR,38.0
148,0,rWJbJwsc,GmRorurF,38.0
148,0,uuIZngLh,rWJbJwsc,21.0
148,0,gHWJyJxY,uuIZngLh,21.0
590,0,VmCBWvEb,RYTcAdhr,1594.0
590,0,XDkzDtUZ,VmCBWvEb,1594.0
590,0,BYVXItej,XDkzDtUZ,1594.0
1644,0,xyEkzzzh,AoxuCYmM,273.0
1644,0,EzivGHuE,xyEkzzzh,273.0
1644,0,MKwfjOZk,EzivGHuE,273.0
1644,0,jUhOGaww,MKwfjOZk,273.0
1644,0,CZhqrbpp,jUhOGaww,273.0
1644,0,PaniFwRg,CZhqrbpp,273.0
1644,0,BYVXItej,PaniFwRg,273.0
1697,0,mWmEvZTH,ijSxrWBJ,35.0
1697,0,kMLkbKUX,mWmEvZTH,35.0
1697,0,REXhdYUf,kMLkbKUX,35.0
1697,0,ynGLeAnq,REXhdYUf,35.0
1697,0,xAsZAVUQ,ynGLeAnq,35.0
1697,0,dJOjnHRJ,xAsZAVUQ,35.0
1697,0,rQPeTBQp,dJOjnHRJ,35.0
1697,0,gheqVjAb,rQPeTBQp,35.0
1697,0,JrRIRrmn,gheqVjAb,35.0
1374,0,lOxXZcFl,cJinKFJn,690.0
1374,0,dxlyVRvH,lOxXZcFl,690.0
226,0,QsPOuThV,fSmTHZJS,624.0
226,0,WSTcrrBn,QsPOuThV,624.0
226,0,JYrrjUtU,WSTcrrBn,635.0
226,0,DyPueDjA,JYrrjUtU,635.0
226,0,udNzSSji,DyPueDjA,635.0
226,0,VJibZvbS,udNzSSji,635.0
226,0,uSZbdBno,VJibZvbS,635.0
226,0,GtaXwPrK,uSZbdBno,635.0
226,0,PIUpvPaY,GtaXwPrK,635.0
1141,0,ZdIQslRD,SMhobJmy,71.0
1141,0,noVetmot,ZdIQslRD,71.0
1141,0,MGitFLID,noVetmot,71.0
1141,0,kYpOneyC,MGitFLID,71.0
821,0,uxsctOEt,RfEbENxd,6.0
226,0,XCZfXGna,PIUpvPaY,559.0
226,0,FYonLsVT,XCZfXGna,559.0
226,0,voXQjjKh,FYonLsVT,559.0
1646,0,rFdYeguL,KQSHMGnw,219.0
1646,0,zSOBHhoP,rFdYeguL,219.0
1646,0,qBoqSZqr,zSOBHhoP,219.0
1646,0,yeapPLlD,qBoqSZqr,219.0
1646,0,TvGyfQSI,yeapPLlD,237.0
1646,0,ShCqTXMl,TvGyfQSI,464.0
1646,0,xRJArdDK,ShCqTXMl,485.0
1646,0,zRaNzOkn,xRJArdDK,485.0
1645,0,dAjqsFfg,tJbXQuOE,1.0
1645,0,QewuHWYk,dAjqsFfg,1.0
1124,0,WhRBEXGR,JbCujTci,166.0
1178,0,rbVbMNcM,KcvPUxQg,3742.0
215,0,ZZUoaXbF,JVRJClPS,27.0
1593,0,sFyIuMsY,skXWrZzT,21.0
1593,0,JGXXNLkS,sFyIuMsY,21.0
1593,0,PFRWWlNS,JGXXNLkS,21.0
1379,0,pKTlpooZ,voXQjjKh,1435.0
1379,0,VcqDmTtv,pKTlpooZ,1435.0
1379,0,NioHjTzW,VcqDmTtv,715.0
1379,0,XGJiqzLW,NioHjTzW,715.0
226,0,pKTlpooZ,voXQjjKh,486.0
1183,0,VcqDmTtv,nIakFMcq,4.0
1183,0,NioHjTzW,VcqDmTtv,4.0
1183,0,XGJiqzLW,NioHjTzW,4.0
1666,0,VbpBVdde,VTHwomVj,638.0
1666,0,swKAFNcH,VbpBVdde,1181.0
226,0,OVaoEscJ,pKTlpooZ,453.0
705,0,isWzWnoW,yLFlKjKg,1529.0
705,0,fcSUqaEW,isWzWnoW,1529.0
705,0,YJykDsrc,fcSUqaEW,1529.0
1700,0,eooROOMz,ukWnzNPU,36.0
1700,0,uxYyJnud,eooROOMz,45.0
1700,0,MyzsDSvl,uxYyJnud,45.0
1700,0,rxlNLBXr,MyzsDSvl,42.0
1700,0,losuIFuX,rxlNLBXr,40.0
1700,0,uskMapbi,losuIFuX,39.0
1700,0,yXOuyCwN,uskMapbi,39.0
1700,0,mSGryPaH,yXOuyCwN,39.0
1700,0,OVaoEscJ,mSGryPaH,39.0
1305,0,QHFmFyLR,EkWBPXmr,432.0
1305,0,neNWquOh,QHFmFyLR,432.0
1305,0,KwaxxmSs,neNWquOh,432.0
1305,0,PSjGjQXK,KwaxxmSs,447.0
1305,0,GnsXgGJX,PSjGjQXK,915.0
1305,0,VjdckTjW,GnsXgGJX,915.0
1305,0,isWzWnoW,yLFlKjKg,1813.0
1305,0,YJykDsrc,isWzWnoW,1813.0
226,0,BMprcpdo,OVaoEscJ,331.0
1646,0,IMTItMKU,zRaNzOkn,311.0
1700,0,xQqwXgNZ,OVaoEscJ,27.0
1700,0,BMprcpdo,xQqwXgNZ,27.0
245,0,wRBXcbqq,WhRBEXGR,6.0
245,0,XXYtSQEl,wRBXcbqq,6.0
245,0,MklhhYCQ,XXYtSQEl,6.0
245,0,MnTeelLR,MklhhYCQ,6.0
245,0,XnPpfSyF,MnTeelLR,6.0
245,0,otuYkIZd,XnPpfSyF,6.0
245,0,rSdxnGDj,otuYkIZd,6.0
1106,0,owFNQNZv,RjtzWJgw,1363.0
1106,0,nCsqpnJo,owFNQNZv,1363.0
1106,0,gnmwaIOJ,nCsqpnJo,1363.0
1106,0,pygvGZaF,gnmwaIOJ,1363.0
1106,0,bsQVAuyn,pygvGZaF,1363.0
1661,0,xiCfcAgb,AszcEtOu,203.0
1661,0,owFNQNZv,xiCfcAgb,245.0
1661,0,lTvueOix,owFNQNZv,245.0
1661,0,KrfyXGJm,lTvueOix,245.0
1661,0,HsdaZYKr,KrfyXGJm,245.0
1661,0,yDdeWpqj,HsdaZYKr,245.0
1661,0,TgYrKMTh,yDdeWpqj,246.0
1661,0,HMMQvpHF,TgYrKMTh,246.0
1661,0,iPwZOomy,HMMQvpHF,246.0
1661,0,ZevQgZaz,iPwZOomy,246.0
1661,0,xSynUqPV,ZevQgZaz,443.0
1661,0,AszcEtOu,BpAiVnps,101.0
1317,0,owFNQNZv,xiCfcAgb,3943.0
1317,0,nCsqpnJo,owFNQNZv,3943.0
1317,0,gnmwaIOJ,nCsqpnJo,3943.0
1317,0,pygvGZaF,gnmwaIOJ,3943.0
1317,0,VTHwomVj,pygvGZaF,3943.0
705,0,YpVxAvQG,YJykDsrc,798.0
705,0,RinxBkUZ,YpVxAvQG,797.0
705,0,LhgNVAOU,RinxBkUZ,789.0
705,0,SOVcCDqR,LhgNVAOU,540.0
705,0,QpprBOSr,SOVcCDqR,540.0
1703,0,KdjrLWjn,QpprBOSr,119.0
1703,0,AkOiWGvq,KdjrLWjn,130.0
1703,0,iykVulcc,AkOiWGvq,130.0
1703,0,VyxPahNP,iykVulcc,130.0
1703,0,LnANnMXh,VyxPahNP,130.0
1703,0,hUPYukZe,LnANnMXh,130.0
1703,0,uSOMnpdQ,hUPYukZe,161.0
1704,0,RYTcAdhr,yLFlKjKg,33.0
1704,0,VmCBWvEb,RYTcAdhr,33.0
1704,0,pfLNjHVV,VmCBWvEb,33.0
1704,0,qzPLXpkx,pfLNjHVV,33.0
1704,0,zhMspDRK,qzPLXpkx,33.0
1704,0,yjLBxira,zhMspDRK,33.0
1704,0,BYVXItej,yjLBxira,33.0
1704,0,vfbdLzPe,BYVXItej,33.0
1704,0,LpqOzfFt,vfbdLzPe,33.0
1704,0,pxIybRUN,LpqOzfFt,33.0
1704,0,jcIgNgIp,pxIybRUN,33.0
1677,0,eTnittuK,yQQuLFAg,34.0
1677,0,KdjrLWjn,eTnittuK,34.0
1677,0,AkOiWGvq,KdjrLWjn,34.0
1677,0,iykVulcc,AkOiWGvq,32.0
1677,0,YwUcqICt,iykVulcc,32.0
1677,0,kSdFeEek,YwUcqICt,32.0
1677,0,FwmrbmrQ,kSdFeEek,6.0
1677,0,uSOMnpdQ,FwmrbmrQ,6.0
51,0,XLVjRryq,NxbXiMUL,70.0
51,0,RVEyrwjR,XLVjRryq,70.0
51,0,gzTQJVMW,RVEyrwjR,70.0
51,0,FZsFzszJ,gzTQJVMW,70.0
51,0,ALhaazBT,FZsFzszJ,70.0
51,0,vDFCntfg,YvwuVYMF,16.0
51,0,NxbXiMUL,vDFCntfg,16.0
97,0,ysSWNERo,jFRqfnFl,53.0
97,0,lEwLedpG,ysSWNERo,53.0
97,0,lQIpGOTn,lEwLedpG,98.0
97,0,uhUmvvRs,lQIpGOTn,98.0
97,0,svgtEcQx,uhUmvvRs,98.0
97,0,HcPkwFHM,svgtEcQx,98.0
97,0,KjuJaNsu,HcPkwFHM,98.0
97,0,oNyGHMvy,KjuJaNsu,98.0
97,0,QdnKSSsO,oNyGHMvy,98.0
97,0,vSdfqYeK,QdnKSSsO,98.0
97,0,wDpyEsxh,vSdfqYeK,98.0
97,0,jIerKxIb,wDpyEsxh,98.0
97,0,IubGYoNi,jIerKxIb,98.0
97,0,fmQEzQWV,IubGYoNi,98.0
97,0,BpAiVnps,fmQEzQWV,98.0
97,0,AszcEtOu,BpAiVnps,98.0
97,0,xiCfcAgb,AszcEtOu,98.0
97,0,RjtzWJgw,xiCfcAgb,53.0
97,0,owFNQNZv,RjtzWJgw,53.0
97,0,nCsqpnJo,owFNQNZv,53.0
97,0,gnmwaIOJ,nCsqpnJo,53.0
97,0,pygvGZaF,gnmwaIOJ,53.0
97,0,bsQVAuyn,pygvGZaF,53.0
1049,0,dfrJZjmW,NjRgIRup,309.0
1049,0,AFcMAvOI,dfrJZjmW,345.0
1049,0,jUExBSiR,AFcMAvOI,345.0
1049,0,vPrJwoLq,jUExBSiR,345.0
1049,0,aHDoehBY,vPrJwoLq,345.0
1049,0,TgdVKieU,aHDoehBY,393.0
1049,0,DexqYjKS,TgdVKieU,393.0
1049,0,wuDdaesk,DexqYjKS,442.0
1184,0,SOVcCDqR,LhgNVAOU,13.0
1184,0,QpprBOSr,SOVcCDqR,13.0
1184,0,Plxavose,QpprBOSr,25.0
1184,0,xqQnPHkt,Plxavose,25.0
1184,0,IfTbUocE,xqQnPHkt,25.0
1184,0,OgnAStiZ,IfTbUocE,25.0
1184,0,NmJVuAxS,OgnAStiZ,25.0
1184,0,GwjQuetc,NmJVuAxS,124.0
1184,0,vXwparSo,GwjQuetc,126.0
1184,0,eoIplMjv,vXwparSo,127.0
1141,0,SNVRXPiu,ZrWksDco,5.0
1141,0,NzFpkpXH,SNVRXPiu,5.0
1141,0,EVcIyerQ,NzFpkpXH,5.0
1141,0,dEEWjOTq,EVcIyerQ,5.0
1141,0,UlOflIKh,dEEWjOTq,5.0
1141,0,cHhWsWUg,UlOflIKh,5.0
1141,0,nPkrzCty,cHhWsWUg,5.0
1349,0,clVXMHJf,suvDbtPR,4.0
1349,0,UXEWVZzP,clVXMHJf,4.0
1349,0,MlYFoaez,UXEWVZzP,4.0
1349,0,XeinAhyy,MlYFoaez,3.0
1349,0,pGpZhRvq,XeinAhyy,3.0
1349,0,alaJPSTW,pGpZhRvq,3.0
1349,0,ngNzeSzC,alaJPSTW,3.0
1349,0,PHuvYJrP,ngNzeSzC,3.0
1349,0,FoxIDeQY,PHuvYJrP,3.0
1349,0,dZoxKDmD,FoxIDeQY,3.0
1349,0,ZOuLYtJj,dZoxKDmD,3.0
1349,0,SGnJOquj,ZOuLYtJj,3.0
1349,0,ogOCBKAf,SGnJOquj,3.0
1019,0,mxJvcQxS,PdLgkxcT,208.0
1019,0,tSdKaLnH,mxJvcQxS,208.0
1019,0,HoEIDywv,tSdKaLnH,208.0
1019,0,bLNlBUaT,HoEIDywv,171.0
1325,0,paIawFeA,nIakFMcq,317.0
1325,0,tYTpUUxD,paIawFeA,623.0
1643,0,zciPUDzN,RfgTYnKH,203.0
1643,0,jHHlfIjj,zciPUDzN,203.0
1643,0,FDNEUies,jHHlfIjj,203.0
1643,0,MRNmFwSk,FDNEUies,203.0
1643,0,FYonLsVT,MRNmFwSk,203.0
1643,0,yQTlxjhE,FYonLsVT,203.0
1643,0,xreoFKjO,BYVXItej,116.0
1643,0,vfbdLzPe,xreoFKjO,116.0
1643,0,LpqOzfFt,vfbdLzPe,116.0
1643,0,cmkMoJCe,LpqOzfFt,116.0
1643,0,SgSmBRUr,cmkMoJCe,116.0
1643,0,IQleWbDf,SgSmBRUr,116.0
1643,0,RfgTYnKH,IQleWbDf,116.0
1258,0,YpVxAvQG,YJykDsrc,1562.0
1258,0,RinxBkUZ,YpVxAvQG,1562.0
1258,0,LhgNVAOU,RinxBkUZ,1558.0
1258,0,bPdCVhrp,LhgNVAOU,1127.0
1258,0,SOVcCDqR,bPdCVhrp,1127.0
1258,0,FYhykdTj,SOVcCDqR,1127.0
1258,0,QpprBOSr,FYhykdTj,1047.0
1258,0,Plxavose,QpprBOSr,481.0
1206,0,ubFzksan,tYTpUUxD,178.0
1206,0,RinxBkUZ,ubFzksan,178.0
1206,0,LhgNVAOU,RinxBkUZ,178.0
1206,0,bPdCVhrp,LhgNVAOU,183.0
1206,0,SOVcCDqR,bPdCVhrp,183.0
1206,0,FYhykdTj,SOVcCDqR,183.0
1206,0,QpprBOSr,FYhykdTj,182.0
1206,0,Plxavose,QpprBOSr,61.0
1700,0,oPeQOpNY,zKlIayrT,8.0
1700,0,LurFzbrs,oPeQOpNY,8.0
1700,0,ukWnzNPU,LurFzbrs,8.0
1106,0,VTHwomVj,bsQVAuyn,1051.0
1106,0,VbpBVdde,VTHwomVj,1051.0
1124,0,yRjqmRuq,BsRMZbGV,2.0
1124,0,pTTspriv,yRjqmRuq,2.0
1124,0,kjmHgYUi,pTTspriv,2.0
1124,0,UHSPJyEW,kjmHgYUi,2.0
1124,0,dOTSUZHl,UHSPJyEW,2.0
1124,0,ITdbUezF,dOTSUZHl,2.0
1124,0,UCTWITih,ITdbUezF,2.0
1124,0,HnEviCBr,UCTWITih,2.0
1124,0,nCgrSQNi,HnEviCBr,2.0
1124,0,KyrNRMTR,nCgrSQNi,2.0
1677,0,oajqUPaH,bPMnvhIP,2.0
1671,0,ihoYGoHN,IAWSKEHF,3.0
1671,0,kpWRWDUl,ihoYGoHN,4.0
1671,0,leVkrEcC,kpWRWDUl,4.0
1671,0,wgFmWmqT,leVkrEcC,4.0
1671,0,XTnubosJ,wgFmWmqT,4.0
1671,0,CcjcuryA,XTnubosJ,4.0
1671,0,FStgRiBS,CcjcuryA,3.0
1671,0,GkYZbgqg,FStgRiBS,3.0
1671,0,FlYjxOxQ,GkYZbgqg,3.0
1671,0,wFSILCzc,FlYjxOxQ,3.0
1671,0,yQQuLFAg,wFSILCzc,3.0
1671,0,eTnittuK,yQQuLFAg,3.0
1671,0,AkOiWGvq,eTnittuK,3.0
1305,0,YpVxAvQG,YJykDsrc,1626.0
1305,0,LhgNVAOU,YpVxAvQG,1626.0
226,0,YpVxAvQG,BMprcpdo,289.0
226,0,RinxBkUZ,YpVxAvQG,289.0
226,0,LhgNVAOU,RinxBkUZ,288.0
1325,0,cOiBEGlK,tYTpUUxD,912.0
1325,0,RinxBkUZ,cOiBEGlK,912.0
1325,0,LhgNVAOU,RinxBkUZ,880.0
1317,0,buRRNGGe,CheNYOmP,4485.0
1317,0,nChZnrmr,buRRNGGe,4472.0
1317,0,RSRIdzBF,nChZnrmr,4472.0
1317,0,rcsEeYnc,RSRIdzBF,4472.0
1317,0,jnDfAorM,rcsEeYnc,4472.0
50,0,AszcEtOu,BpAiVnps,184.0
1305,0,SOVcCDqR,LhgNVAOU,1444.0
1305,0,QpprBOSr,SOVcCDqR,1444.0
1325,0,uijbLdHW,LhgNVAOU,1959.0
1325,0,LjyXiIAT,uijbLdHW,1970.0
1325,0,InEujKOO,LjyXiIAT,1970.0
1190,0,yLFlKjKg,LVcdwgEp,762.0
1190,0,isWzWnoW,yLFlKjKg,1002.0
1190,0,fcSUqaEW,isWzWnoW,1002.0
1190,0,YJykDsrc,fcSUqaEW,1002.0
1190,0,YpVxAvQG,YJykDsrc,1334.0
1190,0,RinxBkUZ,YpVxAvQG,1367.0
1190,0,LhgNVAOU,RinxBkUZ,1367.0
1190,0,uijbLdHW,LhgNVAOU,2321.0
1190,0,LjyXiIAT,uijbLdHW,2344.0
1190,0,InEujKOO,LjyXiIAT,2344.0
250,0,uaQvVFAB,taPJzyhF,4625.0
250,0,MnTeelLR,uaQvVFAB,4616.0
705,0,Plxavose,QpprBOSr,333.0
705,0,iMjvswBX,Plxavose,30.0
705,0,CpULuhdq,iMjvswBX,30.0
705,0,tJbXQuOE,CpULuhdq,30.0
1325,0,DgFFenGX,InEujKOO,836.0
96,0,RVGhYAxc,xGsoSfhX,138.0
96,0,BpAiVnps,RVGhYAxc,138.0
96,0,LKVeVUNI,BpAiVnps,138.0
96,0,dbPZeeiE,LKVeVUNI,138.0
96,0,CsDsDrdU,dbPZeeiE,138.0
96,0,rJRvqICk,CsDsDrdU,138.0
96,0,AmahvgQB,rJRvqICk,138.0
96,0,aYSqaQmJ,AmahvgQB,138.0
96,0,zgCGmKZn,aYSqaQmJ,138.0
96,0,JKFFGKvY,zgCGmKZn,138.0
96,0,EVAUYvVR,JKFFGKvY,138.0
96,0,GYfZYaJh,EVAUYvVR,138.0
96,0,OpgRCgWV,GYfZYaJh,138.0
96,0,ntDOQspU,OpgRCgWV,138.0
96,0,AXkvSZpr,ntDOQspU,138.0
96,0,MlqbsUKu,AXkvSZpr,99.0
96,0,jaCrAUFK,MlqbsUKu,99.0
96,0,EKYbCcms,jaCrAUFK,87.0
96,0,OyAyNkqZ,EKYbCcms,87.0
96,0,XiXLaJEL,OyAyNkqZ,87.0
1253,0,rckblBTM,rUKSlFeh,11.0
1253,0,zjjLSYAp,rckblBTM,11.0
1253,0,wrsPDGBQ,zjjLSYAp,11.0
1253,0,UtwZFZsx,wrsPDGBQ,11.0
1253,0,QsteKrle,UtwZFZsx,11.0
1253,0,XMWgellz,QsteKrle,11.0
1253,0,EmkugZPX,XMWgellz,11.0
1253,0,YtrqvWdf,EmkugZPX,11.0
1253,0,RVGhYAxc,YtrqvWdf,11.0
1253,0,BpAiVnps,RVGhYAxc,11.0
1253,0,LKVeVUNI,BpAiVnps,11.0
1253,0,dbPZeeiE,LKVeVUNI,11.0
1253,0,CsDsDrdU,dbPZeeiE,11.0
1253,0,rJRvqICk,CsDsDrdU,11.0
1253,0,AmahvgQB,rJRvqICk,11.0
1253,0,aYSqaQmJ,AmahvgQB,11.0
1253,0,zgCGmKZn,aYSqaQmJ,11.0
1253,0,EVAUYvVR,zgCGmKZn,11.0
1253,0,GYfZYaJh,EVAUYvVR,11.0
1253,0,OpgRCgWV,GYfZYaJh,11.0
1253,0,sUYaNmKG,OpgRCgWV,11.0
1253,0,ntDOQspU,sUYaNmKG,11.0
1253,0,AXkvSZpr,ntDOQspU,11.0
1253,0,MlqbsUKu,AXkvSZpr,11.0
1253,0,jaCrAUFK,MlqbsUKu,11.0
1253,0,oynLwMrX,jaCrAUFK,11.0
1253,0,EKYbCcms,oynLwMrX,11.0
1253,0,cIQOVqQI,EKYbCcms,11.0
1253,0,OyAyNkqZ,cIQOVqQI,11.0
1253,0,XiXLaJEL,OyAyNkqZ,11.0
1408,0,cThdGxLv,YvLuczKe,173.0
635,0,QpprBOSr,SOVcCDqR,446.0
226,0,SOVcCDqR,LhgNVAOU,257.0
226,0,QpprBOSr,SOVcCDqR,257.0
1699,0,paIawFeA,nIakFMcq,19.0
1699,0,VcqDmTtv,paIawFeA,19.0
1699,0,bSoWRArq,VcqDmTtv,38.0
1699,0,RZSdunHk,bSoWRArq,38.0
1699,0,wggFpXDl,RZSdunHk,38.0
1699,0,PFPLEnYs,wggFpXDl,38.0
1699,0,WjJrQPKY,PFPLEnYs,38.0
1699,0,OFDSKCGJ,WjJrQPKY,39.0
1699,0,ZVaTNlgO,OFDSKCGJ,44.0
1699,0,mJMjzUfK,ZVaTNlgO,44.0
96,0,xQSKBJml,SwLVnWPq,51.0
96,0,eXTjiXiW,xQSKBJml,51.0
96,0,UUCrlfWg,eXTjiXiW,51.0
96,0,YULSfngF,UUCrlfWg,51.0
96,0,ozuppJDT,YULSfngF,51.0
96,0,xGsoSfhX,ozuppJDT,51.0
1190,0,ubzklVlS,RIpTuvwk,66.0
1190,0,LVcdwgEp,ubzklVlS,76.0
1325,0,mSsugdoq,DgFFenGX,807.0
1190,0,RIpTuvwk,KQSHMGnw,29.0
1317,0,HhzNhCIb,VTHwomVj,2746.0
1317,0,VbpBVdde,HhzNhCIb,2746.0
1317,0,ocwJSpah,VbpBVdde,2746.0
1317,0,CheNYOmP,ocwJSpah,2999.0
866,0,CSzsuVOH,gGjwcdJB,848.0
866,0,aUZoPZMc,CSzsuVOH,848.0
866,0,xOhGqygU,aUZoPZMc,848.0
866,0,qOuhMtTj,xOhGqygU,857.0
866,0,YcrsfAeA,qOuhMtTj,1623.0
866,0,PxQNjmHA,YcrsfAeA,1903.0
866,0,AGvhWyhD,PxQNjmHA,1904.0
836,0,ffjXMuak,qeXIqBgp,8023.0
836,0,EDdQplwd,ffjXMuak,8023.0
836,0,XbgiSLmy,EDdQplwd,8035.0
836,0,pXlenLUq,XbgiSLmy,8035.0
836,0,DNyXiZzj,pXlenLUq,8035.0
836,0,rlKLMakt,DNyXiZzj,8733.0
836,0,hVJtIJom,rlKLMakt,8276.0
836,0,jbCYGAcv,hVJtIJom,8173.0
836,0,myLzZQdt,jbCYGAcv,8173.0
1699,0,TzOVcXdr,mJMjzUfK,43.0
1700,0,hPbxQISN,jnDfAorM,6.0
1700,0,zKlIayrT,hPbxQISN,6.0
1106,0,ocwJSpah,VbpBVdde,817.0
1106,0,CheNYOmP,ocwJSpah,817.0
725,0,uaQvVFAB,taPJzyhF,904.0
725,0,MnTeelLR,uaQvVFAB,903.0
1498,0,svgtEcQx,mnkgCFDT,220.0
1498,0,HcPkwFHM,svgtEcQx,226.0
1498,0,KjuJaNsu,HcPkwFHM,226.0
1498,0,QdnKSSsO,KjuJaNsu,234.0
1498,0,vSdfqYeK,QdnKSSsO,240.0
1498,0,wDpyEsxh,vSdfqYeK,240.0
1498,0,jIerKxIb,wDpyEsxh,240.0
1498,0,IubGYoNi,jIerKxIb,240.0
1498,0,fmQEzQWV,IubGYoNi,250.0
1498,0,BpAiVnps,fmQEzQWV,281.0
1498,0,AszcEtOu,BpAiVnps,401.0
1498,0,TCqyxHhF,AszcEtOu,486.0
1498,0,TcEVvOUM,TCqyxHhF,486.0
1498,0,qGnNRXVR,TcEVvOUM,486.0
1498,0,yLFlKjKg,qGnNRXVR,527.0
1498,0,RYTcAdhr,yLFlKjKg,843.0
1498,0,EzivGHuE,RYTcAdhr,843.0
1498,0,isWzWnoW,EzivGHuE,843.0
1498,0,fcSUqaEW,isWzWnoW,843.0
1498,0,YJykDsrc,fcSUqaEW,843.0
1498,0,YpVxAvQG,YJykDsrc,1313.0
1498,0,RinxBkUZ,YpVxAvQG,1336.0
1498,0,LhgNVAOU,RinxBkUZ,1339.0
1498,0,bPdCVhrp,LhgNVAOU,1617.0
1498,0,SOVcCDqR,bPdCVhrp,1637.0
1498,0,FYhykdTj,SOVcCDqR,1637.0
1498,0,QpprBOSr,FYhykdTj,1637.0
1498,0,Plxavose,QpprBOSr,2206.0
1498,0,xqQnPHkt,Plxavose,2230.0
1498,0,IfTbUocE,xqQnPHkt,2638.0
1498,0,JcXDDijg,IfTbUocE,3500.0
1498,0,jUsnmWea,JcXDDijg,3500.0
1498,0,EaDTtGYp,jUsnmWea,3500.0
1221,0,MnTeelLR,MklhhYCQ,4483.0
1221,0,WIZPpGvl,MnTeelLR,4483.0
1498,0,BJjcRhiE,EaDTtGYp,3477.0
1695,0,SsTrbdxo,UgzfanVk,167.0
1695,0,wGMdZeqa,SsTrbdxo,167.0
1695,0,yYFXObAF,wGMdZeqa,167.0
1695,0,xMwzCIXQ,yYFXObAF,167.0
1695,0,NmRushck,xMwzCIXQ,290.0
1695,0,JLvNOQnl,NmRushck,308.0
1325,0,jSFFeqWE,mSsugdoq,671.0
1325,0,SPymtbHS,jSFFeqWE,671.0
1325,0,uERHVBdu,SPymtbHS,671.0
1325,0,yWkNHrCP,uERHVBdu,671.0
1325,0,UyunGRcj,yWkNHrCP,638.0
1325,0,FhiUibmP,UyunGRcj,638.0
1184,0,kueIUJls,XGJiqzLW,2.0
1184,0,OVaoEscJ,kueIUJls,2.0
1184,0,BMprcpdo,OVaoEscJ,2.0
1184,0,YpVxAvQG,BMprcpdo,3.0
1184,0,RinxBkUZ,YpVxAvQG,3.0
1184,0,LhgNVAOU,RinxBkUZ,3.0
1342,0,uijbLdHW,LhgNVAOU,100.0
1342,0,LjyXiIAT,uijbLdHW,100.0
1342,0,InEujKOO,LjyXiIAT,100.0
1342,0,mSsugdoq,InEujKOO,100.0
1342,0,VXiNciom,mSsugdoq,137.0
1342,0,RinxBkUZ,YpVxAvQG,29.0
1342,0,LhgNVAOU,RinxBkUZ,29.0
1342,0,YpVxAvQG,BMprcpdo,24.0
1342,0,BMprcpdo,OVaoEscJ,12.0
1342,0,AszcEtOu,BpAiVnps,5.0
1342,0,TCqyxHhF,AszcEtOu,5.0
1342,0,PIUpvPaY,TCqyxHhF,5.0
1342,0,XCZfXGna,PIUpvPaY,5.0
1342,0,FYonLsVT,XCZfXGna,5.0
1342,0,voXQjjKh,FYonLsVT,5.0
1342,0,pKTlpooZ,voXQjjKh,5.0
1342,0,OVaoEscJ,pKTlpooZ,5.0
97,0,BZCtSmhk,ywuGpANM,45.0
97,0,qeXIqBgp,BZCtSmhk,45.0
97,0,jFRqfnFl,qeXIqBgp,45.0
97,0,ywuGpANM,hpACGGyB,17.0
97,0,hpACGGyB,eaNsVWDR,12.0
1696,0,bjEpkupt,gxlaiARP,400.0
1696,0,FYgdoWMK,bjEpkupt,391.0
1696,0,zAqZkkQx,FYgdoWMK,348.0
1696,0,siiqKFuN,zAqZkkQx,348.0
1696,0,vFpuvjcu,siiqKFuN,348.0
1696,0,UgzfanVk,vFpuvjcu,348.0
1408,0,irunVpff,sPOOXkzZ,439.0
1408,0,NMFCXTQH,irunVpff,439.0
1408,0,wXyAETzh,NMFCXTQH,439.0
1408,0,rmmCKKeS,wXyAETzh,439.0
1408,0,VtPnVtjF,rmmCKKeS,439.0
1408,0,DKWSfiEo,VtPnVtjF,439.0
1408,0,CHKZpApa,DKWSfiEo,167.0
1408,0,YvLuczKe,CHKZpApa,167.0
1325,0,TPescrDz,FhiUibmP,180.0
1326,0,BZEEPDzF,fgAPkwgD,12.0
1699,0,RsPctvEc,TzOVcXdr,21.0
1699,0,DHQonlzC,RsPctvEc,21.0
1699,0,VMhLZsWx,DHQonlzC,21.0
1106,0,qdrjbHYS,ozAxYCwR,3.0
1106,0,buRRNGGe,CheNYOmP,706.0
1106,0,nChZnrmr,buRRNGGe,706.0
1106,0,RSRIdzBF,nChZnrmr,706.0
1106,0,rcsEeYnc,RSRIdzBF,706.0
1106,0,jnDfAorM,rcsEeYnc,706.0
1357,0,FYonLsVT,XCZfXGna,13.0
1357,0,voXQjjKh,FYonLsVT,13.0
1357,0,pKTlpooZ,voXQjjKh,26.0
1357,0,OVaoEscJ,pKTlpooZ,26.0
1357,0,BMprcpdo,OVaoEscJ,89.0
1357,0,YpVxAvQG,BMprcpdo,101.0
1357,0,RinxBkUZ,YpVxAvQG,101.0
1357,0,LhgNVAOU,RinxBkUZ,101.0
1357,0,SOVcCDqR,LhgNVAOU,108.0
1357,0,QpprBOSr,SOVcCDqR,108.0
1357,0,Plxavose,QpprBOSr,108.0
1357,0,xqQnPHkt,Plxavose,108.0
1357,0,IfTbUocE,xqQnPHkt,108.0
1357,0,JcXDDijg,IfTbUocE,108.0
1357,0,jUsnmWea,JcXDDijg,108.0
1357,0,EaDTtGYp,jUsnmWea,108.0
1357,0,BJjcRhiE,EaDTtGYp,108.0
1305,0,xqQnPHkt,QpprBOSr,1225.0
1678,0,AosTMSAk,uwEtaQlz,6.0
1678,0,gJBgflgH,AosTMSAk,6.0
1678,0,HUSVGpqn,gJBgflgH,34.0
1678,0,DCZZhCfP,HUSVGpqn,34.0
1678,0,WwnuanyA,DCZZhCfP,34.0
1678,0,QpprBOSr,WwnuanyA,34.0
1678,0,Plxavose,QpprBOSr,34.0
1678,0,xqQnPHkt,Plxavose,34.0
1678,0,IfTbUocE,xqQnPHkt,34.0
1678,0,JcXDDijg,IfTbUocE,34.0
1678,0,jUsnmWea,JcXDDijg,34.0
1678,0,EaDTtGYp,jUsnmWea,34.0
1678,0,BJjcRhiE,EaDTtGYp,34.0
250,0,WIZPpGvl,MnTeelLR,4086.0
635,0,kFnjgEzS,QpprBOSr,394.0
1183,0,AFcMAvOI,dfrJZjmW,15.0
1183,0,jUExBSiR,AFcMAvOI,15.0
1183,0,vPrJwoLq,jUExBSiR,15.0
1183,0,aHDoehBY,vPrJwoLq,15.0
1183,0,TgdVKieU,aHDoehBY,15.0
1183,0,DexqYjKS,TgdVKieU,15.0
1183,0,wuDdaesk,DexqYjKS,15.0
1357,0,TCqyxHhF,AszcEtOu,10.0
1357,0,PIUpvPaY,TCqyxHhF,10.0
1357,0,XCZfXGna,PIUpvPaY,10.0
1357,0,bPMnvhIP,BJjcRhiE,37.0
1357,0,AszcEtOu,BpAiVnps,4.0
1672,0,KeGqLKVV,kFnjgEzS,188.0
1672,0,NpOlpVEB,KeGqLKVV,188.0
1672,0,GwjQuetc,NpOlpVEB,188.0
1672,0,QpprBOSr,WwnuanyA,8.0
1672,0,Plxavose,QpprBOSr,73.0
1672,0,xqQnPHkt,Plxavose,73.0
1672,0,IfTbUocE,xqQnPHkt,77.0
1672,0,OgnAStiZ,IfTbUocE,90.0
1672,0,kFnjgEzS,OgnAStiZ,90.0
1594,0,bgJHPJde,KCvWJpxq,5231.0
1594,0,AyPgzIEO,bgJHPJde,5223.0
1594,0,mcahLsch,AyPgzIEO,5223.0
1594,0,KCvWJpxq,ySPnpMTg,47.0
514,0,uKbbRztG,NZGnRwVn,34.0
514,0,uOqLwBTJ,uKbbRztG,34.0
514,0,fkZFUNSd,uOqLwBTJ,34.0
514,0,cttUtMNm,fkZFUNSd,34.0
514,0,wHfmVQMh,cttUtMNm,34.0
514,0,mdGitRQe,wHfmVQMh,34.0
514,0,SOBUilCD,mdGitRQe,34.0
514,0,xiCfcAgb,SOBUilCD,34.0
514,0,RjtzWJgw,xiCfcAgb,34.0
514,0,owFNQNZv,RjtzWJgw,34.0
514,0,nCsqpnJo,owFNQNZv,34.0
514,0,gnmwaIOJ,nCsqpnJo,34.0
514,0,pygvGZaF,gnmwaIOJ,34.0
514,0,VTHwomVj,pygvGZaF,34.0
514,0,VbpBVdde,VTHwomVj,34.0
514,0,ocwJSpah,VbpBVdde,34.0
514,0,CheNYOmP,ocwJSpah,34.0
514,0,buRRNGGe,CheNYOmP,34.0
514,0,nChZnrmr,buRRNGGe,34.0
514,0,rcsEeYnc,nChZnrmr,34.0
514,0,jnDfAorM,rcsEeYnc,34.0
1699,0,djdidyfJ,VMhLZsWx,14.0
1699,0,jnDfAorM,djdidyfJ,14.0
97,0,VTHwomVj,bsQVAuyn,6.0
97,0,VbpBVdde,VTHwomVj,6.0
97,0,ocwJSpah,VbpBVdde,6.0
97,0,CheNYOmP,ocwJSpah,6.0
97,0,buRRNGGe,CheNYOmP,6.0
97,0,nChZnrmr,buRRNGGe,6.0
97,0,RSRIdzBF,nChZnrmr,6.0
97,0,rcsEeYnc,RSRIdzBF,6.0
97,0,jnDfAorM,rcsEeYnc,6.0
96,0,SwLVnWPq,oiYuCTCe,11.0
96,0,CoFyQOTC,jnDfAorM,6.0
96,0,HMiMHaRv,CoFyQOTC,6.0
96,0,kLfGGOkq,HMiMHaRv,6.0
96,0,ygVaThfM,kLfGGOkq,6.0
96,0,otuYkIZd,ygVaThfM,6.0
96,0,rSdxnGDj,otuYkIZd,6.0
96,0,MkXEUCdM,rSdxnGDj,6.0
96,0,oiYuCTCe,MkXEUCdM,6.0
1695,0,IMEhQaQS,jFRqfnFl,476.0
1183,0,dfrJZjmW,NjRgIRup,4.0
1338,0,IfTbUocE,Plxavose,6220.0
1175,0,dfrJZjmW,NjRgIRup,1896.0
1175,0,AFcMAvOI,dfrJZjmW,1971.0
1175,0,FltmFbyo,AFcMAvOI,1971.0
1175,0,jUExBSiR,FltmFbyo,1971.0
1175,0,vPrJwoLq,jUExBSiR,1971.0
1175,0,aHDoehBY,vPrJwoLq,1971.0
1175,0,SmfTtMBe,aHDoehBY,2683.0
1175,0,TgdVKieU,SmfTtMBe,2683.0
1175,0,DexqYjKS,TgdVKieU,2683.0
1206,0,UmISPPJO,vIPMUZxJ,51.0
1594,0,EEpOhSPN,mcahLsch,21.0
1594,0,QJzYlSpE,EEpOhSPN,21.0
1594,0,eXUkyEOl,QJzYlSpE,21.0
1395,0,YcrsfAeA,KCvWJpxq,629.0
1395,0,cfrRCwNB,YcrsfAeA,629.0
1612,0,FlZnaZci,HpfZbCVA,14.0
1612,0,glDvUhXc,FlZnaZci,14.0
1612,0,FhKkSAFH,glDvUhXc,37.0
1612,0,taPJzyhF,FhKkSAFH,37.0
1612,0,cnbFkwhH,taPJzyhF,58.0
1612,0,RwPflEyQ,cnbFkwhH,58.0
1613,0,VHoqrdhk,RkUgARot,24.0
1613,0,NKkONliL,VHoqrdhk,24.0
1613,0,zUnCRHoa,NKkONliL,24.0
1613,0,LNbMEmtu,zUnCRHoa,24.0
1613,0,OUzlATeX,LNbMEmtu,24.0
1663,0,YQrIOijs,jnDfAorM,1926.0
1663,0,FSklzHpQ,YQrIOijs,1095.0
1663,0,cNArzmnq,FSklzHpQ,1032.0
1663,0,UNbrDjxM,cNArzmnq,1032.0
1338,0,OgnAStiZ,IfTbUocE,6188.0
1338,0,NmJVuAxS,OgnAStiZ,6188.0
1338,0,LLWkkTwA,NmJVuAxS,6188.0
1338,0,ZTMEdEeK,LLWkkTwA,6184.0
467,0,eaNsVWDR,ejMjPdTH,23.0
467,0,hpACGGyB,eaNsVWDR,23.0
467,0,ywuGpANM,hpACGGyB,38.0
467,0,BZCtSmhk,ywuGpANM,95.0
467,0,aojHvPEg,BZCtSmhk,95.0
467,0,qeXIqBgp,aojHvPEg,95.0
467,0,ffjXMuak,qeXIqBgp,207.0
467,0,EDdQplwd,ffjXMuak,207.0
467,0,XbgiSLmy,EDdQplwd,207.0
467,0,pXlenLUq,XbgiSLmy,207.0
467,0,DNyXiZzj,pXlenLUq,207.0
467,0,FYgdoWMK,DNyXiZzj,210.0
467,0,ZKBLrnzS,FYgdoWMK,211.0
467,0,zAqZkkQx,ZKBLrnzS,211.0
467,0,sSUdZsSb,zAqZkkQx,211.0
467,0,siiqKFuN,sSUdZsSb,211.0
467,0,dlIiZmBi,siiqKFuN,211.0
467,0,CuIFmOPZ,dlIiZmBi,259.0
467,0,bkPedFyi,CuIFmOPZ,275.0
467,0,neCsPoxX,bkPedFyi,275.0
467,0,RMvkOcpU,neCsPoxX,275.0
467,0,qVxAOUMG,RMvkOcpU,297.0
467,0,bYKKzRQT,qVxAOUMG,297.0
467,0,CLqSCDPt,bYKKzRQT,297.0
467,0,ZzqCYjTC,CLqSCDPt,297.0
467,0,UtzkRwuC,ZzqCYjTC,297.0
467,0,cvCJiZVm,UtzkRwuC,297.0
467,0,XadmKFIl,cvCJiZVm,297.0
467,0,SlEBxfyW,XadmKFIl,297.0
853,0,IoxYvxeH,kVhbTVuU,33.0
853,0,yrlDljAC,IoxYvxeH,33.0
853,0,rBCwdRqs,yrlDljAC,33.0
853,0,olAnplnl,rBCwdRqs,33.0
853,0,hpCuKAjH,olAnplnl,33.0
853,0,tyeyrnYi,hpCuKAjH,33.0
853,0,HezLsNFQ,tyeyrnYi,33.0
853,0,eusqYKWT,HezLsNFQ,33.0
853,0,xOHMcnRu,eusqYKWT,33.0
853,0,dCWftKsk,xOHMcnRu,33.0
853,0,HpfZbCVA,dCWftKsk,33.0
853,0,glDvUhXc,HpfZbCVA,33.0
853,0,FhKkSAFH,glDvUhXc,33.0
853,0,taPJzyhF,FhKkSAFH,33.0
853,0,uaQvVFAB,taPJzyhF,33.0
853,0,MnTeelLR,uaQvVFAB,33.0
1175,0,tZuNjCsn,DexqYjKS,2689.0
1175,0,aUCLtnsj,tZuNjCsn,2689.0
1338,0,ogOCBKAf,ZTMEdEeK,5879.0
1663,0,GJEXlFdt,UNbrDjxM,864.0
1663,0,VMzKgUSR,GJEXlFdt,756.0
1663,0,BJDTCJYP,VMzKgUSR,756.0
1663,0,gyedwqXM,BJDTCJYP,756.0
1663,0,LYitljhu,gyedwqXM,756.0
1663,0,UhAwQaaX,LYitljhu,756.0
1663,0,LOIXCDqJ,UhAwQaaX,756.0
1663,0,FldHcjZC,LOIXCDqJ,700.0
1663,0,qNiTyrkl,FldHcjZC,415.0
1592,0,CSzsuVOH,dCWftKsk,63.0
1592,0,aUZoPZMc,CSzsuVOH,63.0
1592,0,xOhGqygU,aUZoPZMc,63.0
1592,0,qOuhMtTj,xOhGqygU,85.0
1592,0,KCvWJpxq,qOuhMtTj,85.0
1592,0,YcrsfAeA,KCvWJpxq,105.0
1592,0,cfrRCwNB,YcrsfAeA,105.0
1592,0,sKTwWsMk,cfrRCwNB,110.0
1592,0,pmULGxKj,sKTwWsMk,365.0
1592,0,ToEONYdV,pmULGxKj,365.0
1592,0,IawIHXne,ToEONYdV,350.0
467,0,qLQHuyIe,SlEBxfyW,234.0
467,0,NRaiNGwl,qLQHuyIe,234.0
467,0,dgLtpUgu,NRaiNGwl,218.0
467,0,GJEXlFdt,dgLtpUgu,218.0
467,0,BJDTCJYP,GJEXlFdt,218.0
467,0,UhAwQaaX,BJDTCJYP,218.0
467,0,LOIXCDqJ,UhAwQaaX,218.0
725,0,WIZPpGvl,MnTeelLR,900.0
1206,0,xqQnPHkt,Plxavose,54.0
865,0,NXLrCKMp,xiTGCYEl,209.0
865,0,FyoAuDvn,NXLrCKMp,209.0
865,0,WOOyqinT,FyoAuDvn,231.0
865,0,mnkgCFDT,WOOyqinT,570.0
865,0,kVhbTVuU,mnkgCFDT,1184.0
865,0,IoxYvxeH,kVhbTVuU,1373.0
865,0,yrlDljAC,IoxYvxeH,1473.0
865,0,rBCwdRqs,yrlDljAC,1473.0
865,0,olAnplnl,rBCwdRqs,1473.0
865,0,lLIyiFPN,olAnplnl,1473.0
865,0,cMNwDvJt,lLIyiFPN,1473.0
865,0,TcKqxHvb,cMNwDvJt,1473.0
865,0,JafKIKES,TcKqxHvb,1473.0
865,0,NxXUMgmK,JafKIKES,1473.0
865,0,AdCBnmxI,NxXUMgmK,1473.0
865,0,ufpbvrtF,AdCBnmxI,1473.0
1594,0,ySPnpMTg,yQTYDvhm,8.0
1395,0,TFSGEQcQ,cfrRCwNB,514.0
1395,0,fjFZwaYy,TFSGEQcQ,514.0
1395,0,lSWJJvzr,fjFZwaYy,514.0
778,0,FZsFzszJ,gzTQJVMW,601.0
778,0,KgwKZlse,FZsFzszJ,594.0
778,0,AoRkaUmb,KgwKZlse,594.0
778,0,ALhaazBT,AoRkaUmb,594.0
778,0,YqlTLIQa,ALhaazBT,550.0
778,0,AUmOMGnp,YqlTLIQa,549.0
778,0,XFPAZveS,AUmOMGnp,538.0
778,0,ojqTFFWy,XFPAZveS,15.0
1305,0,NmJVuAxS,xqQnPHkt,1204.0
1305,0,LLWkkTwA,NmJVuAxS,1190.0
1305,0,ogOCBKAf,LLWkkTwA,1190.0
1258,0,xqQnPHkt,Plxavose,476.0
1258,0,IfTbUocE,xqQnPHkt,476.0
1258,0,OgnAStiZ,IfTbUocE,476.0
1258,0,NmJVuAxS,OgnAStiZ,476.0
1258,0,VFLsoIHD,NmJVuAxS,476.0
1258,0,LLWkkTwA,VFLsoIHD,385.0
1258,0,ZTMEdEeK,LLWkkTwA,385.0
1258,0,ogOCBKAf,ZTMEdEeK,385.0
1206,0,IfTbUocE,xqQnPHkt,50.0
1206,0,OgnAStiZ,IfTbUocE,50.0
1206,0,NmJVuAxS,OgnAStiZ,50.0
1206,0,VFLsoIHD,NmJVuAxS,50.0
1206,0,vIPMUZxJ,VFLsoIHD,50.0
1206,0,VPUbGzfh,UmISPPJO,29.0
1206,0,MVExtcyL,VPUbGzfh,29.0
1173,0,PNniCxAw,ogOCBKAf,1814.0
1173,0,aZaGhhAB,PNniCxAw,1970.0
635,0,VFLsoIHD,kFnjgEzS,385.0
635,0,LLWkkTwA,VFLsoIHD,383.0
635,0,ogOCBKAf,LLWkkTwA,383.0
467,0,waZdIIZY,LOIXCDqJ,212.0
467,0,eiOwifcC,waZdIIZY,212.0
467,0,ogOCBKAf,eiOwifcC,103.0
1663,0,pGHnvifU,qNiTyrkl,413.0
1663,0,waZdIIZY,pGHnvifU,413.0
1663,0,eiOwifcC,waZdIIZY,413.0
1663,0,ogOCBKAf,eiOwifcC,412.0
1659,0,ogOCBKAf,eiOwifcC,183.0
1659,0,KttMmUZl,dbBlyJgh,28.0
1659,0,kEIvmolg,KttMmUZl,28.0
1659,0,vfRjIFnr,kEIvmolg,28.0
1212,0,LCJSaMch,ChOayZDF,26.0
1212,0,GHvODCIP,LCJSaMch,22.0
1212,0,MCXOFAcE,GHvODCIP,22.0
1212,0,HcupqiOA,MCXOFAcE,22.0
1212,0,MRtqPpeq,HcupqiOA,22.0
1212,0,CrEPfbyi,MRtqPpeq,22.0
1212,0,dpFXbFTh,CrEPfbyi,23.0
535,0,agMXkLfj,ixhHdGBo,68.0
751,0,lqTAOmVV,WwbQwfXi,1922.0
1206,0,tYTpUUxD,paIawFeA,2.0
1660,0,WyfCQhSW,ogOCBKAf,105.0
1660,0,RBBxesxu,WyfCQhSW,105.0
1660,0,npYXJyuT,RBBxesxu,105.0
1660,0,lFqTDxEu,npYXJyuT,105.0
1660,0,fyczPNat,lFqTDxEu,105.0
1659,0,cBsLzvxc,qflzswAf,16.0
1659,0,MTGLsZPE,cBsLzvxc,26.0
1659,0,bmCACwpU,MTGLsZPE,26.0
1659,0,ndVUpTXG,bmCACwpU,26.0
1659,0,mvSwkBgn,ndVUpTXG,26.0
1659,0,dbBlyJgh,mvSwkBgn,26.0
1660,0,LbqeOjDq,fyczPNat,36.0
1660,0,qdBHsTrj,LbqeOjDq,36.0
1660,0,QRWCUyXY,qdBHsTrj,36.0
725,0,qflzswAf,WIZPpGvl,837.0
853,0,cNuIRYrx,OrbXRiVv,31.0
853,0,yNIUaSyZ,cNuIRYrx,31.0
853,0,xiTGCYEl,yNIUaSyZ,31.0
853,0,NXLrCKMp,xiTGCYEl,31.0
853,0,FyoAuDvn,NXLrCKMp,31.0
853,0,WOOyqinT,FyoAuDvn,31.0
853,0,mnkgCFDT,WOOyqinT,31.0
853,0,kVhbTVuU,mnkgCFDT,31.0
853,0,WIZPpGvl,MnTeelLR,23.0
853,0,qflzswAf,WIZPpGvl,23.0
250,0,qflzswAf,WIZPpGvl,3766.0
1221,0,qflzswAf,WIZPpGvl,4239.0
601,0,uaQvVFAB,taPJzyhF,33.0
601,0,MnTeelLR,uaQvVFAB,33.0
601,0,WIZPpGvl,MnTeelLR,33.0
601,0,qflzswAf,WIZPpGvl,33.0
242,0,xiCfcAgb,AszcEtOu,829.0
242,0,RjtzWJgw,xiCfcAgb,829.0
242,0,owFNQNZv,RjtzWJgw,844.0
242,0,nCsqpnJo,owFNQNZv,844.0
242,0,gnmwaIOJ,nCsqpnJo,844.0
242,0,pygvGZaF,gnmwaIOJ,845.0
242,0,bsQVAuyn,pygvGZaF,845.0
242,0,VTHwomVj,bsQVAuyn,845.0
242,0,VbpBVdde,VTHwomVj,904.0
242,0,ocwJSpah,VbpBVdde,904.0
242,0,CheNYOmP,ocwJSpah,921.0
242,0,xYUjBvzT,CheNYOmP,1040.0
242,0,JXJZtHSD,xYUjBvzT,1040.0
242,0,owqgejgM,JXJZtHSD,1040.0
242,0,WIZPpGvl,owqgejgM,1095.0
242,0,qflzswAf,WIZPpGvl,1094.0
242,0,AszcEtOu,BpAiVnps,225.0
1660,0,bGxnPBxb,QRWCUyXY,32.0
1660,0,mvgVyONe,bGxnPBxb,32.0
1660,0,YlcUcHmr,mvgVyONe,32.0
1660,0,puuUveiG,YlcUcHmr,32.0
1660,0,CGfCHyje,puuUveiG,32.0
1660,0,qflzswAf,CGfCHyje,28.0
843,0,tbsBIgaj,WoCjyXMQ,204.0
843,0,ekoOPpVq,tbsBIgaj,204.0
843,0,rljVoTvk,ekoOPpVq,167.0
843,0,gxidCspv,rljVoTvk,167.0
843,0,wRTYbalx,gxidCspv,158.0
843,0,DHkaGHFf,wRTYbalx,158.0
843,0,FdBCLyPI,DHkaGHFf,158.0
843,0,CrOFTJlw,FdBCLyPI,158.0
843,0,PyGiRErs,CrOFTJlw,158.0
843,0,qflzswAf,PyGiRErs,137.0
1395,0,nxFmOJAJ,lSWJJvzr,493.0
1395,0,GznDzxNt,nxFmOJAJ,493.0
1395,0,jappmlZc,GznDzxNt,493.0
1170,0,PNniCxAw,ogOCBKAf,704.0
1170,0,aZaGhhAB,PNniCxAw,709.0
1170,0,CVcknAiw,aZaGhhAB,709.0
1170,0,uGkwFELU,CVcknAiw,709.0
1170,0,LpjIkIID,uGkwFELU,720.0
751,0,xRIuSSHV,lqTAOmVV,1817.0
751,0,HKxWWoBG,xRIuSSHV,1817.0
1607,0,CyKtNncX,aImltWBw,70.0
1607,0,UGBWqSzR,CyKtNncX,70.0
1607,0,ywuGpANM,UGBWqSzR,70.0
1708,0,ffjXMuak,qeXIqBgp,9.0
1708,0,EDdQplwd,ffjXMuak,9.0
1708,0,XbgiSLmy,EDdQplwd,9.0
1708,0,pXlenLUq,XbgiSLmy,9.0
1708,0,DNyXiZzj,pXlenLUq,9.0
1708,0,rEicsBoS,DNyXiZzj,16.0
1708,0,obgmJQzi,rEicsBoS,16.0
1708,0,MPxbDKyu,obgmJQzi,16.0
1708,0,aojHvPEg,BZCtSmhk,4.0
1708,0,qeXIqBgp,aojHvPEg,4.0
1708,0,BZCtSmhk,ywuGpANM,2.0
242,0,tBPmVbcK,qflzswAf,384.0
1362,0,WJvaarbI,CdAgvpNU,1.0
1362,0,JzVUaFrl,WJvaarbI,1.0
1362,0,gjOgguRV,JzVUaFrl,1.0
1362,0,obftSQtS,gjOgguRV,1.0
1362,0,yKgFraCR,obftSQtS,1.0
1362,0,LIDMLZkw,yKgFraCR,1.0
1362,0,JEpPbBSc,LIDMLZkw,1.0
1362,0,YkNJvTAu,JEpPbBSc,1.0
1362,0,TIlepZYr,YkNJvTAu,1.0
1362,0,BmQLYaPd,TIlepZYr,1.0
1362,0,UvdLYolu,BmQLYaPd,1.0
1362,0,ZFKsyBay,UvdLYolu,1.0
1362,0,suvDbtPR,ZFKsyBay,1.0
1362,0,clVXMHJf,suvDbtPR,1.0
1362,0,UXEWVZzP,clVXMHJf,1.0
1362,0,MlYFoaez,UXEWVZzP,1.0
1362,0,XeinAhyy,MlYFoaez,1.0
1362,0,pGpZhRvq,XeinAhyy,1.0
1362,0,alaJPSTW,pGpZhRvq,1.0
1362,0,ngNzeSzC,alaJPSTW,1.0
1362,0,PHuvYJrP,ngNzeSzC,1.0
1362,0,FoxIDeQY,PHuvYJrP,1.0
1362,0,dZoxKDmD,FoxIDeQY,1.0
1362,0,ZOuLYtJj,dZoxKDmD,1.0
1362,0,SGnJOquj,ZOuLYtJj,1.0
1362,0,vacPrbQA,SGnJOquj,1.0
1362,0,PhjcDdmq,vacPrbQA,1.0
1362,0,bHagonKv,PhjcDdmq,1.0
1362,0,Vlipnutt,bHagonKv,1.0
1173,0,QESMqsTJ,JJzKKoaf,1613.0
1173,0,CVcknAiw,aZaGhhAB,1556.0
1173,0,uGkwFELU,CVcknAiw,1556.0
1173,0,TCQmGnBb,uGkwFELU,1571.0
1173,0,JJzKKoaf,TCQmGnBb,1571.0
751,0,AjvyZYOZ,HKxWWoBG,789.0
751,0,LroBKvWh,AjvyZYOZ,762.0
751,0,BsiptQCD,LroBKvWh,762.0
751,0,IMzgpfjO,BsiptQCD,767.0
751,0,AmGPOhem,IMzgpfjO,767.0
1355,0,EXDTntZv,AmGPOhem,122.0
1355,0,xFzHIeRy,EXDTntZv,117.0
1355,0,VycUzKpr,xFzHIeRy,99.0
1355,0,ARQSeSoV,VycUzKpr,99.0
1395,0,JGAJXRSN,jappmlZc,478.0
1395,0,SDEQaVyD,JGAJXRSN,478.0
1408,0,SXdpUnkd,NNAcmEYB,672.0
1408,0,cWGPtAwF,SXdpUnkd,672.0
1408,0,sPOOXkzZ,cWGPtAwF,672.0
1406,0,hqxwmRzJ,FXulXHgs,7.0
1406,0,VtPnVtjF,hqxwmRzJ,7.0
1406,0,hCpAddaw,VtPnVtjF,7.0
1406,0,CHKZpApa,hCpAddaw,7.0
1406,0,YvLuczKe,CHKZpApa,7.0
1406,0,cThdGxLv,YvLuczKe,7.0
1406,0,SUVVzOYC,cThdGxLv,7.0
1406,0,dAxtDTje,SUVVzOYC,4.0
1406,0,KGIBfEut,dAxtDTje,4.0
1406,0,kiTgZeoH,KGIBfEut,4.0
1406,0,eLmJkuZC,kiTgZeoH,4.0
1406,0,UgzfanVk,eLmJkuZC,4.0
1032,0,EiPYisOM,QhscbmPA,476.0
1032,0,ElqrEMfW,EiPYisOM,476.0
1032,0,hqxwmRzJ,ElqrEMfW,476.0
1032,0,bbltEnah,hqxwmRzJ,29.0
1032,0,jJqyLkNG,bbltEnah,29.0
1032,0,NMFCXTQH,jJqyLkNG,29.0
1032,0,wXyAETzh,NMFCXTQH,29.0
1032,0,GxYrbHur,wXyAETzh,29.0
1032,0,uGbUWjny,GxYrbHur,29.0
1032,0,NsShbegC,uGbUWjny,18.0
1032,0,owraUoxF,NsShbegC,18.0
1032,0,oWTTFPnV,owraUoxF,18.0
1032,0,CHKZpApa,oWTTFPnV,18.0
1032,0,YvLuczKe,CHKZpApa,18.0
1032,0,cThdGxLv,YvLuczKe,18.0
1032,0,SUVVzOYC,cThdGxLv,18.0
1032,0,dAxtDTje,SUVVzOYC,7.0
1032,0,aunBMooM,dAxtDTje,7.0
1032,0,KGIBfEut,aunBMooM,7.0
1032,0,kiTgZeoH,KGIBfEut,7.0
1032,0,eLmJkuZC,kiTgZeoH,4.0
1032,0,uDnSXuvA,eLmJkuZC,4.0
1032,0,UgzfanVk,uDnSXuvA,4.0
1029,0,DhBIcFJB,tBPmVbcK,4100.0
242,0,DhBIcFJB,tBPmVbcK,268.0
751,0,vHRzQkLM,MQGhRgQS,673.0
751,0,oPITKJYe,vHRzQkLM,673.0
751,0,POTYMsFk,oPITKJYe,673.0
751,0,LuAURVPA,POTYMsFk,634.0
751,0,DfYzlKXm,LuAURVPA,634.0
751,0,AEUmstNW,WKiVoaSt,282.0
751,0,PfGRcOsd,AEUmstNW,273.0
751,0,bLWPtAll,PfGRcOsd,273.0
751,0,BDmybVdG,bLWPtAll,273.0
1125,0,CVPWCvNJ,BDmybVdG,311.0
1125,0,muVREKCV,CVPWCvNJ,451.0
1125,0,BsRMZbGV,muVREKCV,451.0
1170,0,odfRkvUj,LpjIkIID,437.0
1170,0,sCNvhPqY,odfRkvUj,437.0
1170,0,IjFZQfFh,sCNvhPqY,437.0
1170,0,TYAIdqeQ,IjFZQfFh,437.0
1170,0,Zysthhei,TYAIdqeQ,437.0
1170,0,oEaRMYXq,Zysthhei,437.0
1168,0,iqwUvhKg,isqWGISG,9.0
867,0,uhArLFHO,cBsLzvxc,39.0
867,0,qZeFqHEu,uhArLFHO,39.0
867,0,cBsLzvxc,qflzswAf,22.0
868,0,zjOknQHK,CRVKBFrv,31.0
868,0,FrKNovDQ,zjOknQHK,31.0
868,0,nfCzcTzh,FrKNovDQ,31.0
868,0,GyLDNPGc,nfCzcTzh,31.0
868,0,qORtFjQM,GyLDNPGc,31.0
868,0,OZmcxPEb,qORtFjQM,31.0
868,0,qgVdByqj,OZmcxPEb,31.0
868,0,jQlVbeqW,qgVdByqj,31.0
1305,0,WyfCQhSW,ogOCBKAf,489.0
1305,0,erxKyHjj,WyfCQhSW,475.0
1305,0,KjiBWoqR,erxKyHjj,475.0
1083,0,EAwJtHSB,vyojaKRU,494.0
96,0,vyojaKRU,XiXLaJEL,26.0
1096,0,hpACGGyB,eaNsVWDR,1.0
1096,0,EAwJtHSB,hpACGGyB,1.0
1367,0,vfIotKLC,ZJoycWOZ,85.0
1367,0,tSXpsDyV,vfIotKLC,85.0
1367,0,IbLBdCXD,tSXpsDyV,85.0
1367,0,JGCJnIWw,IbLBdCXD,85.0
1367,0,honleovC,JGCJnIWw,74.0
1367,0,pqZYMbGr,honleovC,65.0
1367,0,jobllKUJ,pqZYMbGr,56.0
1367,0,cKlxsEIa,jobllKUJ,56.0
1367,0,POeaLshN,cKlxsEIa,56.0
1367,0,nvtqczOj,POeaLshN,56.0
1367,0,FdzHSswJ,nvtqczOj,40.0
1367,0,rfVXpFlV,FdzHSswJ,40.0
1367,0,zrVEttwl,rfVXpFlV,40.0
1367,0,KhQckqci,zrVEttwl,40.0
1367,0,NkYJOxxA,KhQckqci,40.0
1040,0,eaNsVWDR,CKorGRkE,101.0
1649,0,WyfCQhSW,ogOCBKAf,764.0
1649,0,erxKyHjj,WyfCQhSW,764.0
1649,0,KjiBWoqR,erxKyHjj,764.0
1649,0,bYNwHuWo,KjiBWoqR,764.0
1649,0,qWvzRbGV,bYNwHuWo,764.0
1649,0,PRzaSxQc,qWvzRbGV,764.0
1649,0,bfKiOFsS,PRzaSxQc,764.0
1649,0,eGbCulMV,bfKiOFsS,764.0
1649,0,CRVKBFrv,eGbCulMV,764.0
1649,0,zjOknQHK,CRVKBFrv,780.0
1649,0,TCeiTEZh,zjOknQHK,1212.0
1650,0,DyENAaIa,dbBlyJgh,357.0
1650,0,dXsdOXmC,DyENAaIa,357.0
1650,0,pWUEfFEM,dXsdOXmC,357.0
1650,0,cBsLzvxc,qflzswAf,129.0
1650,0,MTGLsZPE,cBsLzvxc,354.0
1650,0,bmCACwpU,MTGLsZPE,354.0
1650,0,ndVUpTXG,bmCACwpU,354.0
1650,0,mvSwkBgn,ndVUpTXG,354.0
1650,0,dbBlyJgh,mvSwkBgn,354.0
1170,0,FyAVeoLb,oEaRMYXq,401.0
1066,0,DeduXMzE,udlIzhJE,5.0
1066,0,GXHjZCTL,DeduXMzE,5.0
1066,0,yolIeCeg,GXHjZCTL,5.0
1066,0,ozAxYCwR,yolIeCeg,5.0
1066,0,qdrjbHYS,ozAxYCwR,5.0
1066,0,AKdDiXyV,qdrjbHYS,14.0
1066,0,kZdBhxvo,AKdDiXyV,14.0
1066,0,VxCMIjeX,fxsyxfZK,275.0
1355,0,UmISPPJO,ARQSeSoV,23.0
1355,0,VPUbGzfh,UmISPPJO,23.0
1355,0,MVExtcyL,VPUbGzfh,23.0
1355,0,ogOCBKAf,MVExtcyL,23.0
1173,0,ZtKBYERA,QESMqsTJ,931.0
1173,0,BtOUMROM,ZtKBYERA,931.0
1173,0,cwRIXHps,BtOUMROM,931.0
1173,0,jFhGTpOu,cwRIXHps,909.0
1173,0,btKesaAl,jFhGTpOu,909.0
1173,0,UTtjkhMN,btKesaAl,883.0
1173,0,GbOoEgJY,UTtjkhMN,901.0
1173,0,KvUqhblU,GbOoEgJY,899.0
1173,0,VMlGrjvU,KvUqhblU,897.0
1173,0,WlXbaBoJ,VMlGrjvU,897.0
1530,0,kVeKzKrW,zuhYkREh,138.0
1530,0,FfdGxPiD,vxTQjZcJ,84.0
1530,0,nGUGLxPd,FfdGxPiD,84.0
1530,0,hZwGajtf,nGUGLxPd,84.0
1530,0,zuhYkREh,hZwGajtf,84.0
1529,0,kDvrGahi,ejMjPdTH,136.0
1530,0,PNUwxzRj,iaPnRXpR,24.0
1530,0,sxclJLmG,PNUwxzRj,24.0
1530,0,xMTNzVPt,sxclJLmG,24.0
1530,0,AudzmzeZ,xMTNzVPt,24.0
1530,0,QVFxizLc,AudzmzeZ,24.0
1530,0,BKywSEpu,QVFxizLc,24.0
1530,0,PrwDPVMa,BKywSEpu,24.0
1530,0,bjPEDqek,PrwDPVMa,24.0
1530,0,hNvVhacI,bjPEDqek,24.0
1530,0,RTnwKdcX,hNvVhacI,24.0
1530,0,SDEQaVyD,RTnwKdcX,24.0
1530,0,OMhVSsxv,SDEQaVyD,24.0
1530,0,UgzfanVk,OMhVSsxv,24.0
1530,0,fiwqiJeH,UgzfanVk,24.0
1530,0,JaCojcPE,fiwqiJeH,24.0
1530,0,vxTQjZcJ,JaCojcPE,24.0
1530,0,CEZTRnUo,qflzswAf,3.0
1530,0,funWfCdm,CEZTRnUo,3.0
1530,0,rnFrOJMw,funWfCdm,3.0
1530,0,iaPnRXpR,rnFrOJMw,3.0
867,0,sICvpcEb,qZeFqHEu,15.0
867,0,XwJbeVId,sICvpcEb,15.0
867,0,BuUVquxB,XwJbeVId,15.0
867,0,eLEJvIlJ,BuUVquxB,15.0
867,0,suvDbtPR,eLEJvIlJ,15.0
867,0,clVXMHJf,suvDbtPR,13.0
867,0,UXEWVZzP,clVXMHJf,13.0
1170,0,VjSiMBzK,FyAVeoLb,337.0
1170,0,JoqesOWP,VjSiMBzK,337.0
1170,0,ATKbycui,JoqesOWP,337.0
1128,0,yzzIynLu,DhBIcFJB,1822.0
1128,0,ByOODIxa,yzzIynLu,1822.0
1128,0,Ngsxsfae,ByOODIxa,1822.0
1128,0,qDNcQeuw,Ngsxsfae,1855.0
1128,0,DpfRSiIE,qDNcQeuw,1855.0
1128,0,QoKDjrWo,qflzswAf,1345.0
1128,0,tBPmVbcK,QoKDjrWo,1345.0
1128,0,DhBIcFJB,tBPmVbcK,1694.0
1356,0,BjxLEaiN,UTtjkhMN,35.0
1356,0,UsVsFgoS,BjxLEaiN,54.0
1407,0,rJvLUxkA,UgzfanVk,810.0
1407,0,dYlTtQAF,rJvLUxkA,810.0
1395,0,UgzfanVk,SDEQaVyD,36.0
1573,0,SoTLWNOq,kZlpJvjE,1.0
1573,0,eAajskRX,SoTLWNOq,1.0
1573,0,FXulXHgs,eAajskRX,1.0
1573,0,ElqrEMfW,FXulXHgs,1.0
1573,0,hqxwmRzJ,ElqrEMfW,1.0
1573,0,VtPnVtjF,hqxwmRzJ,1.0
1573,0,hCpAddaw,VtPnVtjF,1.0
1573,0,CHKZpApa,hCpAddaw,1.0
1573,0,YvLuczKe,CHKZpApa,1.0
1573,0,cThdGxLv,YvLuczKe,1.0
1573,0,SUVVzOYC,cThdGxLv,1.0
1573,0,dAxtDTje,SUVVzOYC,1.0
1573,0,KGIBfEut,dAxtDTje,1.0
1573,0,kiTgZeoH,KGIBfEut,1.0
1032,0,FrCulsqF,VYHZxBYO,202.0
1032,0,KCAssTym,FrCulsqF,202.0
1032,0,WhdKokFf,KCAssTym,446.0
1032,0,QhscbmPA,WhdKokFf,446.0
1128,0,XsvFZXJo,DpfRSiIE,1838.0
1128,0,dJdTBATy,XsvFZXJo,1196.0
1128,0,PzVFlDkT,dJdTBATy,1196.0
1121,0,WIZPpGvl,MnTeelLR,474.0
1121,0,qflzswAf,WIZPpGvl,474.0
1121,0,tBPmVbcK,qflzswAf,474.0
1121,0,DhBIcFJB,tBPmVbcK,474.0
1121,0,ByOODIxa,DhBIcFJB,474.0
1121,0,Ngsxsfae,ByOODIxa,474.0
1121,0,qDNcQeuw,Ngsxsfae,474.0
1121,0,DpfRSiIE,qDNcQeuw,474.0
1121,0,XsvFZXJo,DpfRSiIE,474.0
1121,0,dJdTBATy,XsvFZXJo,287.0
1121,0,PzVFlDkT,dJdTBATy,287.0
242,0,ByOODIxa,DhBIcFJB,227.0
242,0,Ngsxsfae,ByOODIxa,227.0
242,0,qDNcQeuw,Ngsxsfae,227.0
242,0,DpfRSiIE,qDNcQeuw,227.0
242,0,XsvFZXJo,DpfRSiIE,227.0
242,0,dJdTBATy,XsvFZXJo,107.0
242,0,PzVFlDkT,dJdTBATy,107.0
1066,0,TsaeiIGv,EkWBPXmr,1.0
1066,0,OsBkWRQx,TsaeiIGv,2.0
1066,0,udlIzhJE,OsBkWRQx,2.0
1066,0,BOULhmAk,VxCMIjeX,269.0
1066,0,qhfHNtOQ,BOULhmAk,269.0
1170,0,VXqnYnlT,ATKbycui,142.0
1651,0,KiOCmsmI,bYNwHuWo,5.0
1651,0,QRngTwFS,KiOCmsmI,5.0
1651,0,PxKzEfaJ,QRngTwFS,5.0
1651,0,kKaTqilr,PxKzEfaJ,5.0
1651,0,UUyOnuCZ,kKaTqilr,5.0
1651,0,YbopoHtZ,UUyOnuCZ,2.0
1651,0,LIaalPFl,YbopoHtZ,2.0
1121,0,glDvUhXc,HpfZbCVA,245.0
1121,0,FhKkSAFH,glDvUhXc,245.0
1121,0,taPJzyhF,FhKkSAFH,245.0
1121,0,uaQvVFAB,taPJzyhF,245.0
1121,0,MnTeelLR,uaQvVFAB,245.0
1121,0,NXLrCKMp,xiTGCYEl,7.0
1121,0,FyoAuDvn,NXLrCKMp,7.0
1121,0,WOOyqinT,FyoAuDvn,41.0
1121,0,mnkgCFDT,WOOyqinT,41.0
1121,0,kVhbTVuU,mnkgCFDT,129.0
1121,0,IoxYvxeH,kVhbTVuU,137.0
1121,0,yrlDljAC,IoxYvxeH,142.0
1121,0,rBCwdRqs,yrlDljAC,142.0
1121,0,olAnplnl,rBCwdRqs,142.0
1121,0,hpCuKAjH,olAnplnl,142.0
1121,0,tyeyrnYi,hpCuKAjH,142.0
1121,0,HezLsNFQ,tyeyrnYi,142.0
1121,0,eusqYKWT,HezLsNFQ,157.0
1121,0,dCWftKsk,eusqYKWT,157.0
1121,0,HpfZbCVA,dCWftKsk,219.0
1133,0,fJuPdFXq,tFSvrGay,344.0
1029,0,ByOODIxa,DhBIcFJB,4795.0
1029,0,HxSbXXdZ,ByOODIxa,4795.0
1029,0,zlRPdbBz,HxSbXXdZ,4927.0
1029,0,KQaXxZDT,zlRPdbBz,4927.0
867,0,MlYFoaez,UXEWVZzP,1.0
796,0,pPKqPUVW,pwpCkicC,41.0
796,0,slfxTuih,pPKqPUVW,41.0
1440,0,jJVVpGMf,pwpCkicC,45.0
1440,0,pPKqPUVW,jJVVpGMf,45.0
1440,0,slfxTuih,pPKqPUVW,45.0
1462,0,tyrVGRMU,HajxumVd,77.0
1462,0,LhQSpAzy,tyrVGRMU,77.0
1462,0,pwpCkicC,LhQSpAzy,77.0
1462,0,jJVVpGMf,pwpCkicC,77.0
1462,0,tcYerYbk,jJVVpGMf,77.0
1462,0,pPKqPUVW,tcYerYbk,77.0
1462,0,iYTiOTOT,pPKqPUVW,77.0
1462,0,slfxTuih,iYTiOTOT,77.0
1170,0,MYMMmWkN,VXqnYnlT,120.0
1170,0,tUdYLqkf,MYMMmWkN,120.0
156,0,QESMqsTJ,JJzKKoaf,57.0
156,0,ZtKBYERA,QESMqsTJ,73.0
156,0,BtOUMROM,ZtKBYERA,73.0
156,0,cwRIXHps,BtOUMROM,73.0
156,0,jFhGTpOu,cwRIXHps,73.0
156,0,btKesaAl,jFhGTpOu,73.0
156,0,UTtjkhMN,btKesaAl,73.0
156,0,BjxLEaiN,UTtjkhMN,73.0
156,0,joGrBgeB,BjxLEaiN,74.0
156,0,lczxXDao,joGrBgeB,75.0
156,0,YpVxAvQG,YJykDsrc,13.0
156,0,RinxBkUZ,YpVxAvQG,13.0
156,0,LhgNVAOU,RinxBkUZ,13.0
156,0,bPdCVhrp,LhgNVAOU,15.0
156,0,SOVcCDqR,bPdCVhrp,15.0
156,0,FYhykdTj,SOVcCDqR,15.0
156,0,QpprBOSr,FYhykdTj,15.0
156,0,Plxavose,QpprBOSr,17.0
156,0,xqQnPHkt,Plxavose,17.0
156,0,IfTbUocE,xqQnPHkt,17.0
156,0,OgnAStiZ,IfTbUocE,17.0
156,0,kFnjgEzS,OgnAStiZ,17.0
156,0,VFLsoIHD,kFnjgEzS,17.0
156,0,LLWkkTwA,VFLsoIHD,17.0
156,0,ZTMEdEeK,LLWkkTwA,17.0
156,0,ogOCBKAf,ZTMEdEeK,17.0
156,0,PNniCxAw,ogOCBKAf,25.0
156,0,aZaGhhAB,PNniCxAw,55.0
156,0,CVcknAiw,aZaGhhAB,55.0
156,0,uGkwFELU,CVcknAiw,55.0
156,0,IzKulrBJ,uGkwFELU,56.0
156,0,TCQmGnBb,IzKulrBJ,56.0
156,0,JJzKKoaf,TCQmGnBb,56.0
1356,0,aZaGhhAB,ogOCBKAf,9.0
1356,0,CVcknAiw,aZaGhhAB,9.0
1356,0,uGkwFELU,CVcknAiw,9.0
1356,0,QESMqsTJ,uGkwFELU,9.0
1356,0,cwRIXHps,QESMqsTJ,9.0
1356,0,UTtjkhMN,cwRIXHps,9.0
1085,0,VYHZxBYO,vDTAjOOR,621.0
1087,0,zGXQZTlC,VYHZxBYO,761.0
1087,0,OgfqNfUY,zGXQZTlC,761.0
1087,0,YRiTgQXe,OgfqNfUY,748.0
1087,0,rAUblAml,YRiTgQXe,748.0
1087,0,fSQOYpje,rAUblAml,748.0
1087,0,hGRIMrVW,fSQOYpje,748.0
1132,0,BoavYDPS,RHzXTuOU,685.0
1132,0,yLXUQkCh,BoavYDPS,685.0
1132,0,UgnVLYPx,yLXUQkCh,776.0
1132,0,qgzMfcCH,UgnVLYPx,776.0
1132,0,CSwPNDqz,qgzMfcCH,776.0
1132,0,zIFSdUXT,CSwPNDqz,776.0
1132,0,RQpCZdJL,zIFSdUXT,958.0
1132,0,YkRwsmPU,RQpCZdJL,958.0
1132,0,hFLBtQiP,YkRwsmPU,958.0
1132,0,kXKEwBKv,hFLBtQiP,958.0
1132,0,rAvbFSrB,kXKEwBKv,958.0
1132,0,dONffpoj,rAvbFSrB,958.0
1132,0,ZgirRZil,dONffpoj,958.0
1132,0,OFTTxfUx,ZgirRZil,958.0
1132,0,ZWnHyyqY,OFTTxfUx,958.0
1132,0,TvILSVoy,ZWnHyyqY,958.0
1132,0,bkJSkGrT,TvILSVoy,958.0
1132,0,tFSvrGay,bkJSkGrT,373.0
1167,0,PNniCxAw,ogOCBKAf,21.0
1167,0,aZaGhhAB,PNniCxAw,21.0
1167,0,CVcknAiw,aZaGhhAB,21.0
1167,0,uGkwFELU,CVcknAiw,21.0
1167,0,LpjIkIID,uGkwFELU,21.0
1167,0,odfRkvUj,LpjIkIID,22.0
1167,0,sCNvhPqY,odfRkvUj,22.0
1167,0,IjFZQfFh,sCNvhPqY,22.0
1167,0,TYAIdqeQ,IjFZQfFh,22.0
1167,0,Zysthhei,TYAIdqeQ,22.0
1167,0,oEaRMYXq,Zysthhei,22.0
1167,0,FyAVeoLb,oEaRMYXq,25.0
1167,0,VjSiMBzK,FyAVeoLb,26.0
1167,0,JoqesOWP,VjSiMBzK,26.0
1167,0,ZaTxFLgk,JoqesOWP,26.0
1167,0,idOCTaDY,ZaTxFLgk,29.0
1462,0,SVPLEqNI,slfxTuih,69.0
950,0,FZsFzszJ,gzTQJVMW,36.0
950,0,KgwKZlse,FZsFzszJ,34.0
950,0,AoRkaUmb,KgwKZlse,34.0
950,0,ALhaazBT,AoRkaUmb,34.0
950,0,YqlTLIQa,ALhaazBT,33.0
950,0,AUmOMGnp,YqlTLIQa,33.0
950,0,XFPAZveS,AUmOMGnp,33.0
96,0,puwcRgFs,vyojaKRU,24.0
1407,0,aIrbaHhk,dYlTtQAF,681.0
1407,0,JALpXpKc,aIrbaHhk,681.0
1407,0,WcOcULlY,JALpXpKc,681.0
1407,0,mZFKHZkN,WcOcULlY,681.0
1367,0,Phtvjmoj,NkYJOxxA,38.0
1367,0,iRgZVaoH,Phtvjmoj,34.0
1367,0,KbKyxild,iRgZVaoH,34.0
1367,0,WzJZybAt,KbKyxild,34.0
1367,0,wBZvskGC,WzJZybAt,34.0
1367,0,pHbSfQWg,wBZvskGC,34.0
1367,0,hlYcHDiv,pHbSfQWg,34.0
1367,0,ZUUFaTkv,hlYcHDiv,34.0
1367,0,jgCiOeaN,ZUUFaTkv,34.0
1367,0,TikfrWrm,jgCiOeaN,34.0
1367,0,RabBrvbh,TikfrWrm,34.0
1367,0,yAsGVYQM,RabBrvbh,34.0
1172,0,QESMqsTJ,JJzKKoaf,136.0
1172,0,ZtKBYERA,QESMqsTJ,164.0
1172,0,ZzGQqLDR,ZtKBYERA,164.0
1172,0,cwRIXHps,ZzGQqLDR,164.0
1172,0,jFhGTpOu,cwRIXHps,164.0
1172,0,btKesaAl,jFhGTpOu,164.0
1172,0,UTtjkhMN,btKesaAl,164.0
1172,0,BjxLEaiN,UTtjkhMN,164.0
1172,0,joGrBgeB,BjxLEaiN,168.0
1172,0,dkKDnHnJ,joGrBgeB,169.0
1172,0,PNniCxAw,ogOCBKAf,88.0
1172,0,aZaGhhAB,PNniCxAw,127.0
1172,0,CVcknAiw,aZaGhhAB,127.0
1172,0,uGkwFELU,CVcknAiw,127.0
1172,0,TCQmGnBb,uGkwFELU,127.0
1172,0,JJzKKoaf,TCQmGnBb,127.0
1029,0,thNcyzdj,KQaXxZDT,4044.0
1029,0,gWHAQwVu,thNcyzdj,4044.0
1121,0,RHzXTuOU,PzVFlDkT,282.0
1128,0,RHzXTuOU,PzVFlDkT,1125.0
242,0,RHzXTuOU,PzVFlDkT,106.0
1172,0,TztxJAVO,dkKDnHnJ,98.0
1172,0,xtcBaTeK,TztxJAVO,98.0
1020,0,WyfCQhSW,ogOCBKAf,936.0
1020,0,erxKyHjj,WyfCQhSW,936.0
1020,0,KjiBWoqR,erxKyHjj,936.0
1020,0,bYNwHuWo,KjiBWoqR,936.0
1020,0,MFfExqBx,bYNwHuWo,936.0
1020,0,qWvzRbGV,MFfExqBx,936.0
1020,0,PRzaSxQc,qWvzRbGV,936.0
1020,0,bfKiOFsS,PRzaSxQc,936.0
1020,0,eGbCulMV,bfKiOFsS,936.0
1020,0,CRVKBFrv,eGbCulMV,936.0
1020,0,zjOknQHK,CRVKBFrv,994.0
1020,0,FrKNovDQ,zjOknQHK,994.0
1020,0,nfCzcTzh,FrKNovDQ,994.0
1020,0,ZYiWVpjK,nfCzcTzh,3776.0
1020,0,qTvRhwtK,ZYiWVpjK,3782.0
1020,0,rMamJjcH,qTvRhwtK,3782.0
1167,0,isqWGISG,idOCTaDY,3.0
1132,0,tBPmVbcK,qflzswAf,290.0
1132,0,DhBIcFJB,tBPmVbcK,290.0
1132,0,ByOODIxa,DhBIcFJB,290.0
1132,0,Ngsxsfae,ByOODIxa,290.0
1132,0,qDNcQeuw,Ngsxsfae,422.0
1132,0,DpfRSiIE,qDNcQeuw,422.0
1132,0,XsvFZXJo,DpfRSiIE,422.0
1132,0,dJdTBATy,XsvFZXJo,512.0
1132,0,PzVFlDkT,dJdTBATy,512.0
1132,0,RHzXTuOU,PzVFlDkT,512.0
751,0,OHOnJQtA,AmGPOhem,690.0
751,0,VwYVTziR,OHOnJQtA,690.0
751,0,MQGhRgQS,VwYVTziR,689.0
1128,0,BoavYDPS,RHzXTuOU,838.0
1128,0,yLXUQkCh,BoavYDPS,838.0
242,0,yLXUQkCh,RHzXTuOU,91.0
1121,0,KpBBeKJM,RHzXTuOU,252.0
242,0,KpBBeKJM,yLXUQkCh,90.0
1128,0,KpBBeKJM,yLXUQkCh,780.0
1022,0,BDmybVdG,gOnMxlos,2.0
1172,0,cKQpuLql,xtcBaTeK,74.0
845,0,tBPmVbcK,qflzswAf,119.0
845,0,DhBIcFJB,tBPmVbcK,145.0
845,0,ByOODIxa,DhBIcFJB,145.0
845,0,HxSbXXdZ,ByOODIxa,145.0
845,0,zlRPdbBz,HxSbXXdZ,145.0
845,0,KQaXxZDT,zlRPdbBz,145.0
845,0,thNcyzdj,KQaXxZDT,157.0
845,0,gWHAQwVu,thNcyzdj,157.0
845,0,QrnyweDt,gWHAQwVu,181.0
845,0,KTKGWmNj,QrnyweDt,181.0
940,0,yjQwxGED,DgYBMgPg,4.0
940,0,KPcRWbGT,yjQwxGED,4.0
940,0,uGRyXcfW,KPcRWbGT,4.0
940,0,HlhFjJtZ,uGRyXcfW,4.0
940,0,ALhaazBT,HlhFjJtZ,4.0
1042,0,AoRkaUmb,bfpcjsiF,5.0
1042,0,ALhaazBT,AoRkaUmb,5.0
952,0,WzJZybAt,KbKyxild,58.0
952,0,wBZvskGC,WzJZybAt,58.0
1210,0,RinxBkUZ,YpVxAvQG,1.0
1210,0,LhgNVAOU,RinxBkUZ,1.0
1210,0,SOVcCDqR,LhgNVAOU,1.0
1210,0,QpprBOSr,SOVcCDqR,1.0
1210,0,xqQnPHkt,QpprBOSr,1.0
1210,0,IfTbUocE,xqQnPHkt,1.0
1210,0,OgnAStiZ,IfTbUocE,1.0
1210,0,NmJVuAxS,OgnAStiZ,1.0
1210,0,VFLsoIHD,NmJVuAxS,1.0
1210,0,LLWkkTwA,VFLsoIHD,1.0
1210,0,ZTMEdEeK,LLWkkTwA,1.0
1210,0,ogOCBKAf,ZTMEdEeK,1.0
1210,0,WyfCQhSW,ogOCBKAf,1.0
1210,0,erxKyHjj,WyfCQhSW,1.0
1210,0,KjiBWoqR,erxKyHjj,1.0
1210,0,bYNwHuWo,KjiBWoqR,1.0
1210,0,MFfExqBx,bYNwHuWo,1.0
1210,0,qWvzRbGV,MFfExqBx,1.0
1210,0,PRzaSxQc,qWvzRbGV,1.0
1210,0,bfKiOFsS,PRzaSxQc,1.0
1210,0,eGbCulMV,bfKiOFsS,1.0
1210,0,CRVKBFrv,eGbCulMV,1.0
1210,0,zjOknQHK,CRVKBFrv,1.0
1210,0,FrKNovDQ,zjOknQHK,1.0
1210,0,nfCzcTzh,FrKNovDQ,1.0
1210,0,ZYiWVpjK,nfCzcTzh,2.0
1210,0,qTvRhwtK,ZYiWVpjK,2.0
1210,0,rMamJjcH,qTvRhwtK,2.0
1210,0,XQBvMmKm,rMamJjcH,2.0
1210,0,hPGLMLbU,XQBvMmKm,29.0
1210,0,RIVMQHVF,hPGLMLbU,29.0
1210,0,TeSdyMFH,RIVMQHVF,29.0
1210,0,XDHbYGPc,TeSdyMFH,32.0
1210,0,qRqIHRjS,XDHbYGPc,32.0
1210,0,QFkvaGqn,qRqIHRjS,33.0
1210,0,OpqnHslm,QFkvaGqn,33.0
1210,0,NxijJQZJ,OpqnHslm,33.0
1210,0,dpFXbFTh,NxijJQZJ,36.0
1029,0,diQHouff,hEihXJEh,2542.0
1029,0,kynUbZOw,diQHouff,2542.0
1029,0,OCOnFIfy,kynUbZOw,2542.0
1066,0,TQJSOMwc,qhfHNtOQ,192.0
1128,0,UgnVLYPx,KpBBeKJM,737.0
1128,0,qgzMfcCH,UgnVLYPx,737.0
1128,0,CSwPNDqz,qgzMfcCH,737.0
1128,0,zIFSdUXT,CSwPNDqz,737.0
1093,0,zrVEttwl,qmRscxuH,47.0
1093,0,KhQckqci,zrVEttwl,47.0
1093,0,NkYJOxxA,KhQckqci,47.0
1093,0,Phtvjmoj,NkYJOxxA,47.0
1020,0,XQBvMmKm,rMamJjcH,3777.0
1020,0,dtLFJEWb,XQBvMmKm,3873.0
1020,0,bCrrhAWe,dtLFJEWb,3950.0
1020,0,UcqSoUUq,bCrrhAWe,4009.0
1020,0,bDoBjPVm,UcqSoUUq,4009.0
1020,0,ZMonkEer,bDoBjPVm,4004.0
1029,0,EqKjvFoW,gWHAQwVu,3974.0
1029,0,NdHXpyCv,EqKjvFoW,3974.0
1029,0,zjKBXJki,NdHXpyCv,3974.0
1029,0,hEihXJEh,zjKBXJki,3689.0
1092,0,vDTAjOOR,yQmtaWgt,623.0
1092,0,VYHZxBYO,vDTAjOOR,619.0
548,0,jCwFOmxo,lPZtleot,38.0
548,0,fVolLZWv,jCwFOmxo,4.0
548,0,UPoJKlTB,fVolLZWv,4.0
548,0,yeocHgUH,UPoJKlTB,4.0
547,0,jCwFOmxo,lPZtleot,25.0
547,0,fVolLZWv,jCwFOmxo,5.0
547,0,UPoJKlTB,fVolLZWv,5.0
547,0,yeocHgUH,UPoJKlTB,5.0
1305,0,bYNwHuWo,KjiBWoqR,2.0
1095,0,VpjCLGIP,KlSqKJQr,2433.0
1095,0,CHKrEoSO,VpjCLGIP,2433.0
1095,0,yObWvrcA,CHKrEoSO,2433.0
1095,0,YTkOXVzm,yObWvrcA,2433.0
1095,0,ywNJwhFn,YTkOXVzm,2244.0
1095,0,yTlhXKos,ywNJwhFn,2244.0
1092,0,imyhTmbO,tkPbrZUX,794.0
1092,0,bTSeOnqx,imyhTmbO,829.0
1092,0,IjwJTwcG,bTSeOnqx,1133.0
1092,0,ywNJwhFn,IjwJTwcG,1133.0
1092,0,yTlhXKos,ywNJwhFn,1177.0
1095,0,XojRXAAa,ojqTFFWy,1142.0
1095,0,nAqhCgXt,XojRXAAa,2246.0
1095,0,zZZsLLct,nAqhCgXt,2246.0
1095,0,uQlhjcGr,zZZsLLct,2246.0
1095,0,nIbIRswk,uQlhjcGr,2246.0
1095,0,YfaruHLV,nIbIRswk,2246.0
1095,0,XpaxRhYo,YfaruHLV,2246.0
1095,0,qYsYtTjJ,XpaxRhYo,2318.0
1095,0,KlSqKJQr,qYsYtTjJ,2353.0
1095,0,ojqTFFWy,zjKsBdNQ,359.0
96,0,ojqTFFWy,puwcRgFs,1.0
1212,0,ChOayZDF,GwQtabhX,25.0
1670,0,tBPmVbcK,qflzswAf,63.0
1670,0,DhBIcFJB,tBPmVbcK,71.0
1670,0,Ngsxsfae,DhBIcFJB,71.0
1670,0,DpfRSiIE,Ngsxsfae,71.0
1670,0,XsvFZXJo,DpfRSiIE,71.0
1670,0,dJdTBATy,XsvFZXJo,76.0
1670,0,RHzXTuOU,dJdTBATy,76.0
1670,0,BoavYDPS,RHzXTuOU,90.0
1670,0,yLXUQkCh,BoavYDPS,90.0
1670,0,KpBBeKJM,yLXUQkCh,93.0
1670,0,qgzMfcCH,KpBBeKJM,93.0
1670,0,SdkcBhFl,qgzMfcCH,93.0
1670,0,nYgtSeyB,SdkcBhFl,99.0
1670,0,gcvrclRe,nYgtSeyB,99.0
1670,0,YzYhtyzO,gcvrclRe,99.0
1128,0,kyzXrTZq,zIFSdUXT,851.0
1121,0,qgzMfcCH,KpBBeKJM,235.0
1121,0,CSwPNDqz,qgzMfcCH,235.0
1121,0,kyzXrTZq,CSwPNDqz,235.0
242,0,CSwPNDqz,KpBBeKJM,85.0
242,0,kyzXrTZq,CSwPNDqz,85.0
873,0,qflzswAf,WIZPpGvl,16.0
873,0,tBPmVbcK,qflzswAf,28.0
873,0,DhBIcFJB,tBPmVbcK,31.0
873,0,ByOODIxa,DhBIcFJB,33.0
873,0,Ngsxsfae,ByOODIxa,33.0
873,0,qDNcQeuw,Ngsxsfae,37.0
873,0,DpfRSiIE,qDNcQeuw,37.0
873,0,XsvFZXJo,DpfRSiIE,37.0
873,0,dJdTBATy,XsvFZXJo,38.0
873,0,PzVFlDkT,dJdTBATy,38.0
873,0,RHzXTuOU,PzVFlDkT,38.0
873,0,ZEXMhMxR,RHzXTuOU,103.0
873,0,WIZPpGvl,MnTeelLR,11.0
873,0,glDvUhXc,HpfZbCVA,2.0
873,0,FhKkSAFH,glDvUhXc,2.0
873,0,taPJzyhF,FhKkSAFH,2.0
873,0,uaQvVFAB,taPJzyhF,2.0
873,0,MnTeelLR,uaQvVFAB,2.0
1085,0,cudxYHxf,eJIFTpTd,1004.0
1085,0,WneZtuRq,cudxYHxf,1004.0
1020,0,BDmybVdG,sYDsxIhh,340.0
1367,0,XFPAZveS,yAsGVYQM,3.0
1367,0,ojqTFFWy,XFPAZveS,3.0
1095,0,zjKsBdNQ,puwcRgFs,357.0
1019,0,bReIRTiV,CVPWCvNJ,198.0
1019,0,PdLgkxcT,bReIRTiV,197.0
1020,0,WHGPMVcf,ZMonkEer,352.0
1020,0,ZREdtiHO,WHGPMVcf,365.0
1020,0,qwyUufRP,ZREdtiHO,365.0
1085,0,vDTAjOOR,yQmtaWgt,613.0
1128,0,BOpyePJp,kyzXrTZq,717.0
1128,0,NcDEDzEB,BOpyePJp,717.0
1121,0,BOpyePJp,kyzXrTZq,218.0
1121,0,NcDEDzEB,BOpyePJp,218.0
242,0,BOpyePJp,kyzXrTZq,76.0
242,0,NcDEDzEB,BOpyePJp,76.0
1092,0,WIFNytoC,yTlhXKos,727.0
1092,0,PorTAzNX,WIFNytoC,727.0
1092,0,OjBZWzOO,PorTAzNX,752.0
1095,0,WIFNytoC,yTlhXKos,1481.0
1095,0,PorTAzNX,WIFNytoC,1481.0
1095,0,OjBZWzOO,PorTAzNX,1434.0
1095,0,KrLSLIZd,OjBZWzOO,1396.0
1095,0,yQmtaWgt,KrLSLIZd,1396.0
249,0,WIZPpGvl,MnTeelLR,2.0
249,0,qflzswAf,WIZPpGvl,3.0
249,0,tBPmVbcK,qflzswAf,3.0
249,0,DhBIcFJB,tBPmVbcK,3.0
249,0,ByOODIxa,DhBIcFJB,3.0
249,0,HxSbXXdZ,ByOODIxa,3.0
249,0,zlRPdbBz,HxSbXXdZ,3.0
249,0,KQaXxZDT,zlRPdbBz,3.0
249,0,thNcyzdj,KQaXxZDT,3.0
249,0,gWHAQwVu,thNcyzdj,3.0
249,0,EqKjvFoW,gWHAQwVu,3.0
249,0,NdHXpyCv,EqKjvFoW,3.0
249,0,zjKBXJki,NdHXpyCv,3.0
249,0,hEihXJEh,zjKBXJki,3.0
249,0,iqMJUHot,hEihXJEh,3.0
249,0,CSBDiLzN,iqMJUHot,3.0
249,0,BeRwFfIz,CSBDiLzN,3.0
249,0,VjDsPPFB,BeRwFfIz,3.0
249,0,mmqTHjuO,VjDsPPFB,3.0
249,0,qPaBcVFr,mmqTHjuO,3.0
249,0,rGzXXKgE,qPaBcVFr,3.0
249,0,MuwhurCb,rGzXXKgE,3.0
249,0,tpYpVLnP,MuwhurCb,3.0
249,0,hfZqYEAo,tpYpVLnP,1.0
1024,0,ZYiWVpjK,nfCzcTzh,2050.0
1024,0,qTvRhwtK,ZYiWVpjK,2084.0
1024,0,XQBvMmKm,qTvRhwtK,2084.0
1024,0,dtLFJEWb,XQBvMmKm,2510.0
1024,0,bCrrhAWe,dtLFJEWb,2842.0
1024,0,UcqSoUUq,bCrrhAWe,2935.0
1024,0,bDoBjPVm,UcqSoUUq,2935.0
1024,0,ZMonkEer,bDoBjPVm,2935.0
1024,0,WHGPMVcf,ZMonkEer,2948.0
1024,0,ISsnXLUH,WHGPMVcf,2967.0
1024,0,ATfuHlGy,ISsnXLUH,516.0
1024,0,vEvIjqMc,ATfuHlGy,516.0
1024,0,JfDYhvZz,vEvIjqMc,509.0
1024,0,NwMeBpFQ,JfDYhvZz,509.0
1024,0,hNkOvWXQ,NwMeBpFQ,509.0
1024,0,WyfCQhSW,ogOCBKAf,860.0
1024,0,erxKyHjj,WyfCQhSW,880.0
1024,0,KjiBWoqR,erxKyHjj,880.0
1024,0,bYNwHuWo,KjiBWoqR,880.0
1024,0,MFfExqBx,bYNwHuWo,880.0
1024,0,qWvzRbGV,MFfExqBx,880.0
1024,0,PRzaSxQc,qWvzRbGV,880.0
1024,0,bfKiOFsS,PRzaSxQc,880.0
1024,0,eGbCulMV,bfKiOFsS,880.0
1024,0,CRVKBFrv,eGbCulMV,880.0
1024,0,zjOknQHK,CRVKBFrv,922.0
1024,0,FrKNovDQ,zjOknQHK,922.0
1024,0,nfCzcTzh,FrKNovDQ,922.0
1037,0,bOLOjiIO,aJLjpITr,836.0
1037,0,wplYsKZY,bOLOjiIO,793.0
1037,0,NIHIRqnZ,wplYsKZY,793.0
1037,0,IkEoBHlk,NIHIRqnZ,775.0
1037,0,TPJRAOrt,IkEoBHlk,775.0
1037,0,wtfdArpr,TPJRAOrt,671.0
1037,0,VTbufxnV,wtfdArpr,671.0
1037,0,UEqgngwR,VTbufxnV,741.0
1037,0,noxZOiRl,UEqgngwR,741.0
1037,0,eLJZyPxv,noxZOiRl,741.0
1037,0,ZsmZvPrK,eLJZyPxv,730.0
1037,0,MMfKYZmE,ZsmZvPrK,730.0
1037,0,MvGjEBBL,MMfKYZmE,730.0
1020,0,RRRcnUab,qwyUufRP,328.0
1020,0,elkChQHJ,RRRcnUab,328.0
1020,0,fAHeYbsJ,elkChQHJ,328.0
1020,0,YeMdKIsv,fAHeYbsJ,318.0
1020,0,JKUDRqIp,YeMdKIsv,357.0
1020,0,ixunSlAs,JKUDRqIp,357.0
1020,0,sYDsxIhh,ixunSlAs,357.0
1088,0,CVPWCvNJ,BDmybVdG,159.0
1088,0,muVREKCV,CVPWCvNJ,378.0
1088,0,BsRMZbGV,muVREKCV,378.0
1037,0,CRypXqTk,KlSqKJQr,418.0
1037,0,PYaiedjY,CRypXqTk,418.0
1037,0,EzrJiyuu,PYaiedjY,435.0
1037,0,mZAcIEme,EzrJiyuu,435.0
1037,0,LPSpTPgJ,mZAcIEme,435.0
1037,0,AoIEptMM,LPSpTPgJ,435.0
1037,0,imyhTmbO,AoIEptMM,438.0
1037,0,bTSeOnqx,imyhTmbO,442.0
1037,0,yCXbqkBs,bTSeOnqx,477.0
1037,0,wBoWGskO,yCXbqkBs,477.0
1037,0,FYojKDQC,wBoWGskO,477.0
1037,0,riqYNvhO,FYojKDQC,477.0
1037,0,nvXuJriv,riqYNvhO,489.0
1037,0,ljAdwZQx,nvXuJriv,499.0
1037,0,MMTihhSZ,ljAdwZQx,549.0
1037,0,njohAsHY,MMTihhSZ,549.0
1037,0,XAYpuJXt,njohAsHY,549.0
1037,0,aJLjpITr,XAYpuJXt,549.0
773,0,NRqyalPm,ZpPhVVpM,1.0
773,0,ESCCbptK,NRqyalPm,1.0
773,0,AlpXiRiW,ESCCbptK,1.0
1092,0,EzrJiyuu,PYaiedjY,60.0
1092,0,mZAcIEme,EzrJiyuu,60.0
1092,0,LPSpTPgJ,mZAcIEme,60.0
1092,0,tkPbrZUX,LPSpTPgJ,60.0
1031,0,PCoLzpeW,vVYNiaQm,540.0
1031,0,jhveKcoA,PCoLzpeW,540.0
1031,0,OjBZWzOO,jhveKcoA,540.0
751,0,oOCTcNdW,DfYzlKXm,283.0
751,0,pGtbhfkH,oOCTcNdW,280.0
751,0,fiQiCtwF,pGtbhfkH,280.0
751,0,bwmOWcVr,fiQiCtwF,280.0
751,0,YZpWLtUD,bwmOWcVr,280.0
1024,0,fAHeYbsJ,hNkOvWXQ,506.0
1024,0,YeMdKIsv,fAHeYbsJ,493.0
1024,0,JKUDRqIp,YeMdKIsv,493.0
1024,0,ixunSlAs,JKUDRqIp,493.0
1024,0,sYDsxIhh,ixunSlAs,493.0
1024,0,gOnMxlos,sYDsxIhh,459.0
1024,0,iIARpDWU,gOnMxlos,458.0
1024,0,BDmybVdG,iIARpDWU,99.0
1108,0,tBPmVbcK,qflzswAf,218.0
1108,0,DhBIcFJB,tBPmVbcK,218.0
1108,0,ByOODIxa,DhBIcFJB,242.0
1108,0,HxSbXXdZ,ByOODIxa,242.0
1108,0,zlRPdbBz,HxSbXXdZ,242.0
1108,0,KQaXxZDT,zlRPdbBz,242.0
1108,0,thNcyzdj,KQaXxZDT,243.0
1108,0,gWHAQwVu,thNcyzdj,243.0
1108,0,laDYeHNU,gWHAQwVu,243.0
1108,0,EqKjvFoW,laDYeHNU,243.0
1108,0,NdHXpyCv,EqKjvFoW,243.0
1108,0,zjKBXJki,NdHXpyCv,243.0
1108,0,hEihXJEh,zjKBXJki,243.0
1108,0,iqMJUHot,hEihXJEh,257.0
1108,0,CSBDiLzN,iqMJUHot,257.0
1108,0,BeRwFfIz,CSBDiLzN,257.0
1108,0,VjDsPPFB,BeRwFfIz,257.0
1108,0,mmqTHjuO,VjDsPPFB,257.0
1108,0,qPaBcVFr,mmqTHjuO,257.0
1108,0,rGzXXKgE,qPaBcVFr,257.0
1108,0,UMTLMNkc,rGzXXKgE,257.0
774,0,lzmDRtwN,AlpXiRiW,2.0
774,0,mVndxrwG,lzmDRtwN,2.0
1350,0,BtOIBpGz,ETbpojBo,245.0
1350,0,zPRLnBWY,BtOIBpGz,245.0
1350,0,WyfCQhSW,ogOCBKAf,7.0
1350,0,bYNwHuWo,WyfCQhSW,8.0
1350,0,MFfExqBx,bYNwHuWo,8.0
1350,0,qWvzRbGV,MFfExqBx,8.0
1350,0,PRzaSxQc,qWvzRbGV,8.0
1350,0,bfKiOFsS,PRzaSxQc,8.0
1350,0,eGbCulMV,bfKiOFsS,8.0
1350,0,CRVKBFrv,eGbCulMV,8.0
1350,0,zjOknQHK,CRVKBFrv,11.0
1350,0,FrKNovDQ,zjOknQHK,11.0
1350,0,nfCzcTzh,FrKNovDQ,11.0
1350,0,ZYiWVpjK,nfCzcTzh,44.0
1350,0,qTvRhwtK,ZYiWVpjK,45.0
1350,0,rMamJjcH,qTvRhwtK,45.0
1350,0,XQBvMmKm,rMamJjcH,45.0
1350,0,hPGLMLbU,XQBvMmKm,176.0
1350,0,RIVMQHVF,hPGLMLbU,251.0
1350,0,KnZwSPch,RIVMQHVF,251.0
1350,0,kzVeZOug,KnZwSPch,252.0
1350,0,SjbStynf,kzVeZOug,252.0
1350,0,ETbpojBo,SjbStynf,252.0
1350,0,JPPpoTSL,zPRLnBWY,244.0
1350,0,nZBlQeCn,JPPpoTSL,244.0
1350,0,uuJJSerx,nZBlQeCn,244.0
1350,0,gQzVJRdQ,uuJJSerx,244.0
774,0,TgetSQHU,mVndxrwG,1.0
751,0,aLRPqQhq,YZpWLtUD,255.0
751,0,mSljWdzX,aLRPqQhq,255.0
751,0,PAsYxpUt,mSljWdzX,255.0
751,0,ILhwWAuu,PAsYxpUt,255.0
751,0,IAqHsGfg,ILhwWAuu,255.0
751,0,JbVeQOiO,IAqHsGfg,255.0
751,0,WKiVoaSt,JbVeQOiO,255.0
1031,0,goRcVeQH,UgzfanVk,1.0
1031,0,rJvLUxkA,goRcVeQH,1.0
1031,0,dYlTtQAF,rJvLUxkA,1.0
1031,0,aIrbaHhk,dYlTtQAF,5.0
1031,0,JALpXpKc,aIrbaHhk,5.0
1031,0,WcOcULlY,JALpXpKc,5.0
1031,0,mZFKHZkN,WcOcULlY,5.0
1031,0,hasgHIpb,mZFKHZkN,15.0
1031,0,zttQgzJF,hasgHIpb,15.0
1031,0,fDeHEcoN,zttQgzJF,15.0
1031,0,SLBRjSUI,fDeHEcoN,15.0
1031,0,MGIiIvBH,SLBRjSUI,15.0
1031,0,LObiCWKO,MGIiIvBH,15.0
1031,0,wfyTeotc,LObiCWKO,15.0
1031,0,hBSPMzNd,wfyTeotc,19.0
1031,0,NMFCXTQH,hBSPMzNd,19.0
1031,0,irunVpff,NMFCXTQH,19.0
1031,0,SoTLWNOq,irunVpff,19.0
1031,0,rmmCKKeS,SoTLWNOq,19.0
1031,0,vVYNiaQm,rmmCKKeS,19.0
1095,0,vDTAjOOR,yQmtaWgt,1334.0
1095,0,VYHZxBYO,vDTAjOOR,1334.0
1085,0,nvXuJriv,riqYNvhO,1512.0
1085,0,ljAdwZQx,nvXuJriv,1505.0
1085,0,MMTihhSZ,ljAdwZQx,1403.0
1085,0,njohAsHY,MMTihhSZ,1403.0
1085,0,XAYpuJXt,njohAsHY,1403.0
1085,0,eJIFTpTd,XAYpuJXt,1403.0
1031,0,KrLSLIZd,OjBZWzOO,513.0
1031,0,yQmtaWgt,KrLSLIZd,513.0
1031,0,vDTAjOOR,yQmtaWgt,220.0
1031,0,VYHZxBYO,vDTAjOOR,220.0
1019,0,CVPWCvNJ,BDmybVdG,1.0
1128,0,PslqBzpy,NcDEDzEB,661.0
1128,0,FcIwyDhH,PslqBzpy,661.0
1128,0,oFutYOve,FcIwyDhH,661.0
1128,0,TKdEYLTT,oFutYOve,661.0
1128,0,PRqBOnQV,TKdEYLTT,661.0
1128,0,tKHOTHLP,PRqBOnQV,661.0
1029,0,FrCulsqF,VYHZxBYO,1269.0
1029,0,otbIuZHd,FrCulsqF,1269.0
1121,0,PslqBzpy,NcDEDzEB,182.0
1121,0,FcIwyDhH,PslqBzpy,182.0
1121,0,oFutYOve,FcIwyDhH,182.0
1121,0,TKdEYLTT,oFutYOve,182.0
1121,0,PRqBOnQV,TKdEYLTT,182.0
1121,0,tKHOTHLP,PRqBOnQV,182.0
1121,0,JYjcxadu,tKHOTHLP,50.0
1121,0,dIzWcSEA,JYjcxadu,50.0
1121,0,MlpnqsOY,dIzWcSEA,1.0
1121,0,YIEuAZyW,MlpnqsOY,1.0
1121,0,iIARpDWU,YIEuAZyW,1.0
1121,0,BDmybVdG,iIARpDWU,1.0
242,0,PslqBzpy,NcDEDzEB,70.0
242,0,FcIwyDhH,PslqBzpy,70.0
242,0,oFutYOve,FcIwyDhH,70.0
242,0,TKdEYLTT,oFutYOve,70.0
242,0,PRqBOnQV,TKdEYLTT,70.0
242,0,tKHOTHLP,PRqBOnQV,70.0
242,0,JYjcxadu,tKHOTHLP,8.0
242,0,YIEuAZyW,JYjcxadu,8.0
242,0,iIARpDWU,YIEuAZyW,8.0
242,0,BDmybVdG,iIARpDWU,8.0
1529,0,vcQVCkqQ,kDvrGahi,1.0
1529,0,TzBLFSKE,vcQVCkqQ,1.0
1529,0,MmmkWPfy,TzBLFSKE,1.0
1529,0,AWJbGBWg,MmmkWPfy,1.0
1529,0,sHqmRcRD,AWJbGBWg,1.0
1529,0,wSzUgpVB,sHqmRcRD,1.0
1529,0,zrlQGdaK,wSzUgpVB,1.0
1529,0,UgzfanVk,zrlQGdaK,1.0
1529,0,mhYSfvAq,UgzfanVk,1.0
1529,0,CuIFmOPZ,mhYSfvAq,1.0
1529,0,bkPedFyi,CuIFmOPZ,1.0
1529,0,neCsPoxX,bkPedFyi,1.0
1529,0,RMvkOcpU,neCsPoxX,1.0
1529,0,qVxAOUMG,RMvkOcpU,1.0
1529,0,bYKKzRQT,qVxAOUMG,1.0
1529,0,CLqSCDPt,bYKKzRQT,1.0
1529,0,ZzqCYjTC,CLqSCDPt,1.0
1529,0,UtzkRwuC,ZzqCYjTC,1.0
1529,0,cvCJiZVm,UtzkRwuC,1.0
1529,0,MklhhYCQ,cvCJiZVm,1.0
1029,0,MnOJOxue,otbIuZHd,1326.0
1029,0,xxspkKkA,MnOJOxue,1326.0
1029,0,yRzWvBCa,xxspkKkA,1326.0
1029,0,jaDdFMxy,yRzWvBCa,1326.0
1029,0,dNagXJoD,jaDdFMxy,1326.0
1023,0,bReIRTiV,CVPWCvNJ,477.0
1023,0,PdLgkxcT,bReIRTiV,481.0
1023,0,mxJvcQxS,PdLgkxcT,526.0
1023,0,tSdKaLnH,mxJvcQxS,526.0
1023,0,HoEIDywv,tSdKaLnH,526.0
1023,0,bLNlBUaT,HoEIDywv,526.0
1023,0,AwPzPEra,bLNlBUaT,533.0
1023,0,sgwCzsMk,AwPzPEra,533.0
1023,0,WJvaarbI,sgwCzsMk,536.0
1023,0,JzVUaFrl,WJvaarbI,536.0
1023,0,CVPWCvNJ,BDmybVdG,144.0
1108,0,fwxIzXcp,UMTLMNkc,214.0
1108,0,WmSrnULk,fwxIzXcp,214.0
1025,0,nwkrSJhR,fjelfjhU,3.0
1368,0,imyhTmbO,tkPbrZUX,56.0
1368,0,bTSeOnqx,imyhTmbO,57.0
1368,0,yCXbqkBs,bTSeOnqx,84.0
1368,0,wBoWGskO,yCXbqkBs,84.0
1368,0,FYojKDQC,wBoWGskO,84.0
1368,0,riqYNvhO,FYojKDQC,84.0
1368,0,nvXuJriv,riqYNvhO,96.0
1368,0,ljAdwZQx,nvXuJriv,107.0
1368,0,MMTihhSZ,ljAdwZQx,132.0
1368,0,njohAsHY,MMTihhSZ,132.0
1368,0,vigCHzUD,njohAsHY,132.0
1368,0,MnGOlshE,vigCHzUD,132.0
1368,0,XojRXAAa,ojqTFFWy,12.0
1368,0,nAqhCgXt,XojRXAAa,51.0
1368,0,zZZsLLct,nAqhCgXt,51.0
1368,0,uQlhjcGr,zZZsLLct,51.0
1368,0,nIbIRswk,uQlhjcGr,51.0
1368,0,YfaruHLV,nIbIRswk,51.0
1368,0,PkIPVRtB,YfaruHLV,51.0
1368,0,XpaxRhYo,PkIPVRtB,51.0
1368,0,qYsYtTjJ,XpaxRhYo,52.0
1368,0,KlSqKJQr,qYsYtTjJ,52.0
1368,0,CRypXqTk,KlSqKJQr,52.0
1368,0,PYaiedjY,CRypXqTk,52.0
1368,0,EzrJiyuu,PYaiedjY,54.0
1368,0,mZAcIEme,EzrJiyuu,54.0
1368,0,LPSpTPgJ,mZAcIEme,54.0
1368,0,tkPbrZUX,LPSpTPgJ,54.0
330,0,aUZoPZMc,dCWftKsk,77.0
330,0,xOhGqygU,aUZoPZMc,77.0
330,0,qOuhMtTj,xOhGqygU,77.0
330,0,YcrsfAeA,qOuhMtTj,77.0
330,0,cfrRCwNB,YcrsfAeA,77.0
330,0,TFSGEQcQ,cfrRCwNB,77.0
330,0,fjFZwaYy,TFSGEQcQ,77.0
330,0,lSWJJvzr,fjFZwaYy,77.0
330,0,nxFmOJAJ,lSWJJvzr,77.0
330,0,jappmlZc,nxFmOJAJ,77.0
330,0,JGAJXRSN,jappmlZc,77.0
330,0,SDEQaVyD,JGAJXRSN,77.0
330,0,rJvLUxkA,SDEQaVyD,134.0
330,0,aIrbaHhk,rJvLUxkA,134.0
330,0,JALpXpKc,aIrbaHhk,134.0
330,0,WcOcULlY,JALpXpKc,134.0
330,0,hasgHIpb,WcOcULlY,134.0
330,0,SLBRjSUI,hasgHIpb,134.0
330,0,vztyQdds,SLBRjSUI,134.0
330,0,vVYNiaQm,vztyQdds,406.0
330,0,hXVJsXkF,vVYNiaQm,853.0
1113,0,EKGAgXOm,SgmzKmGa,123.0
1113,0,CfDISmMN,EKGAgXOm,123.0
1113,0,RpAFtJSl,CfDISmMN,130.0
1113,0,PcvuCqyL,RpAFtJSl,132.0
1113,0,HNejbQWJ,PcvuCqyL,132.0
1113,0,lyEtzViy,HNejbQWJ,134.0
1113,0,uVrlMgNx,lyEtzViy,155.0
1113,0,ZsNhjIbg,uVrlMgNx,170.0
1113,0,GhOGJPtU,ZsNhjIbg,170.0
1113,0,WOuDNhbw,GhOGJPtU,173.0
1113,0,oWUXSqrA,WOuDNhbw,173.0
1113,0,CYkmgDbv,oWUXSqrA,173.0
1113,0,ORrZduNE,CYkmgDbv,189.0
1113,0,eypuAxqa,ORrZduNE,189.0
1113,0,DSVnhmbs,eypuAxqa,190.0
1113,0,hCKRONaA,DSVnhmbs,204.0
1113,0,TGKbjQzH,hCKRONaA,204.0
1113,0,RoreEsYU,TGKbjQzH,204.0
1113,0,AlpXiRiW,RoreEsYU,208.0
1113,0,btFKFkYA,AlpXiRiW,339.0
1113,0,jLrhssle,btFKFkYA,339.0
1113,0,FvRFCvLd,jLrhssle,339.0
1113,0,iZvOtZpy,FvRFCvLd,339.0
1113,0,tkjaIDXe,iZvOtZpy,339.0
1113,0,TfgNGDen,tkjaIDXe,339.0
1113,0,PAhNkZlS,TfgNGDen,339.0
1113,0,ppYufOCR,PAhNkZlS,339.0
1113,0,siLHVqvQ,ppYufOCR,339.0
1113,0,jZWnwWbL,siLHVqvQ,339.0
330,0,bnmlnfPt,hXVJsXkF,275.0
1108,0,crCLDvLL,WmSrnULk,697.0
1108,0,gvtVkOCs,crCLDvLL,697.0
1108,0,wmQoUVus,gvtVkOCs,697.0
1108,0,BdLjIrSJ,wmQoUVus,697.0
1108,0,uBeHrtVj,BdLjIrSJ,697.0
1108,0,rpQJKYcp,uBeHrtVj,697.0
1108,0,jYzIDNQM,rpQJKYcp,697.0
1108,0,LGkMSSTO,jYzIDNQM,670.0
1108,0,SZGwgIRz,LGkMSSTO,670.0
1037,0,XojRXAAa,ojqTFFWy,170.0
1037,0,nAqhCgXt,XojRXAAa,378.0
1037,0,zZZsLLct,nAqhCgXt,378.0
1037,0,uQlhjcGr,zZZsLLct,378.0
1037,0,nIbIRswk,uQlhjcGr,378.0
1037,0,YfaruHLV,nIbIRswk,378.0
1037,0,PkIPVRtB,YfaruHLV,378.0
1037,0,XpaxRhYo,PkIPVRtB,378.0
1037,0,qYsYtTjJ,XpaxRhYo,392.0
1037,0,KlSqKJQr,qYsYtTjJ,405.0
1046,0,OdbRrJhV,RVEyrwjR,15.0
1046,0,NSvMYbfW,OdbRrJhV,15.0
1046,0,tkPbrZUX,NSvMYbfW,15.0
1046,0,imyhTmbO,tkPbrZUX,15.0
1046,0,bTSeOnqx,imyhTmbO,15.0
1046,0,yCXbqkBs,bTSeOnqx,15.0
1046,0,wBoWGskO,yCXbqkBs,15.0
1046,0,FYojKDQC,wBoWGskO,15.0
1046,0,riqYNvhO,FYojKDQC,15.0
1046,0,nvXuJriv,riqYNvhO,15.0
1046,0,ljAdwZQx,nvXuJriv,15.0
1046,0,MMTihhSZ,ljAdwZQx,15.0
1046,0,njohAsHY,MMTihhSZ,15.0
1046,0,XAYpuJXt,njohAsHY,15.0
1046,0,aJLjpITr,XAYpuJXt,15.0
1046,0,bOLOjiIO,aJLjpITr,15.0
1044,0,RyPegcUV,qPtpgxic,13.0
1044,0,OdbRrJhV,RyPegcUV,67.0
1044,0,NSvMYbfW,OdbRrJhV,71.0
1044,0,tkPbrZUX,NSvMYbfW,71.0
1044,0,imyhTmbO,tkPbrZUX,71.0
1044,0,bTSeOnqx,imyhTmbO,71.0
1044,0,yCXbqkBs,bTSeOnqx,71.0
1044,0,wBoWGskO,yCXbqkBs,71.0
1044,0,FYojKDQC,wBoWGskO,71.0
1044,0,riqYNvhO,FYojKDQC,71.0
1044,0,nvXuJriv,riqYNvhO,71.0
1044,0,ljAdwZQx,nvXuJriv,71.0
1044,0,MMTihhSZ,ljAdwZQx,71.0
1044,0,njohAsHY,MMTihhSZ,71.0
1044,0,XAYpuJXt,njohAsHY,71.0
1044,0,aJLjpITr,XAYpuJXt,71.0
1044,0,bOLOjiIO,aJLjpITr,71.0
1037,0,zjKsBdNQ,puwcRgFs,77.0
1037,0,ojqTFFWy,zjKsBdNQ,77.0
1113,0,ygaPVVOX,NjRgIRup,110.0
1113,0,SgmzKmGa,ygaPVVOX,110.0
1113,0,pMUlUuQz,jZWnwWbL,381.0
1036,0,gldIDkMU,fwlJPxCU,15.0
1036,0,JdPMCVUN,gldIDkMU,15.0
1036,0,VpHOqNar,JdPMCVUN,15.0
1036,0,BAePGsuO,VpHOqNar,15.0
1036,0,ajteUQkz,BAePGsuO,15.0
1036,0,XmmyKsTm,ajteUQkz,15.0
1036,0,gNJqbiHM,XmmyKsTm,15.0
1036,0,NrUUQlkk,gNJqbiHM,15.0
1036,0,yQmtaWgt,NrUUQlkk,15.0
1108,0,wdwKrYEW,SZGwgIRz,39.0
1108,0,JKvsAaVu,wdwKrYEW,39.0
1108,0,bXxqoWoM,JKvsAaVu,39.0
1108,0,lyukJwbV,bXxqoWoM,39.0
1044,0,wplYsKZY,bOLOjiIO,63.0
1044,0,NIHIRqnZ,wplYsKZY,63.0
1034,0,tBPmVbcK,qflzswAf,1.0
1034,0,DhBIcFJB,tBPmVbcK,1.0
1034,0,ByOODIxa,DhBIcFJB,1.0
1034,0,HxSbXXdZ,ByOODIxa,1.0
1034,0,zlRPdbBz,HxSbXXdZ,1.0
1034,0,KQaXxZDT,zlRPdbBz,1.0
1034,0,thNcyzdj,KQaXxZDT,1.0
1034,0,gWHAQwVu,thNcyzdj,1.0
1034,0,EqKjvFoW,gWHAQwVu,1.0
1034,0,NdHXpyCv,EqKjvFoW,1.0
1034,0,zjKBXJki,NdHXpyCv,1.0
1034,0,hEihXJEh,zjKBXJki,1.0
1034,0,diQHouff,hEihXJEh,1.0
1034,0,kynUbZOw,diQHouff,1.0
1034,0,OCOnFIfy,kynUbZOw,1.0
1034,0,IZqJbTkm,OCOnFIfy,1.0
1034,0,wSvecpjF,IZqJbTkm,1.0
1034,0,oXipkDtF,wSvecpjF,1.0
1034,0,fRZGgvoY,oXipkDtF,2.0
1034,0,bAUDGUNb,fRZGgvoY,2.0
1034,0,VYHZxBYO,bAUDGUNb,2.0
1034,0,FrCulsqF,VYHZxBYO,2.0
1034,0,otbIuZHd,FrCulsqF,2.0
1034,0,MnOJOxue,otbIuZHd,2.0
1034,0,xxspkKkA,MnOJOxue,2.0
1034,0,yRzWvBCa,xxspkKkA,2.0
1034,0,jaDdFMxy,yRzWvBCa,2.0
1034,0,dNagXJoD,jaDdFMxy,2.0
1034,0,rNCpaLXo,dNagXJoD,2.0
1034,0,OKRHcdUy,rNCpaLXo,2.0
1034,0,iPhdYOzt,OKRHcdUy,2.0
1108,0,dimGAuTR,lyukJwbV,24.0
1108,0,FXZSvJoP,dimGAuTR,24.0
1036,0,vDTAjOOR,yQmtaWgt,4.0
1036,0,VYHZxBYO,vDTAjOOR,4.0
1113,0,IfUoaxeT,pMUlUuQz,358.0
1046,0,wplYsKZY,bOLOjiIO,13.0
1046,0,NIHIRqnZ,wplYsKZY,13.0
1046,0,IkEoBHlk,NIHIRqnZ,13.0
1046,0,TPJRAOrt,IkEoBHlk,13.0
1044,0,IkEoBHlk,NIHIRqnZ,54.0
1044,0,TPJRAOrt,IkEoBHlk,54.0
1035,0,ZXFFSBfD,rNCpaLXo,1.0
1035,0,QwmUxgDJ,ZXFFSBfD,1.0
1035,0,tBftinFM,QwmUxgDJ,1.0
1035,0,agXODOsJ,tBftinFM,1.0
1044,0,wtfdArpr,TPJRAOrt,46.0
1044,0,VTbufxnV,wtfdArpr,46.0
1044,0,UEqgngwR,VTbufxnV,43.0
1044,0,noxZOiRl,UEqgngwR,43.0
1044,0,eLJZyPxv,noxZOiRl,43.0
1046,0,wtfdArpr,TPJRAOrt,10.0
1046,0,VTbufxnV,wtfdArpr,10.0
1046,0,UEqgngwR,VTbufxnV,10.0
1046,0,noxZOiRl,UEqgngwR,10.0
1046,0,eLJZyPxv,noxZOiRl,10.0
1046,0,ZsmZvPrK,eLJZyPxv,10.0
1046,0,MMfKYZmE,ZsmZvPrK,10.0
1046,0,MvGjEBBL,MMfKYZmE,10.0
1044,0,ZsmZvPrK,eLJZyPxv,31.0
1044,0,MMfKYZmE,ZsmZvPrK,31.0
1044,0,MvGjEBBL,MMfKYZmE,31.0
536,0,xiCfcAgb,AszcEtOu,91.0
536,0,bsQVAuyn,xiCfcAgb,91.0
536,0,QoKDjrWo,bsQVAuyn,91.0
536,0,zjKBXJki,QoKDjrWo,156.0
536,0,OCOnFIfy,zjKBXJki,441.0
536,0,wSvecpjF,OCOnFIfy,441.0
536,0,FrCulsqF,wSvecpjF,441.0
536,0,rNCpaLXo,FrCulsqF,453.0
536,0,bfhpfFPJ,rNCpaLXo,453.0
536,0,wnmgNjXN,bfhpfFPJ,453.0
536,0,QIOPMpXz,wnmgNjXN,453.0
554,0,zjKBXJki,QoKDjrWo,1.0
554,0,OCOnFIfy,zjKBXJki,1.0
554,0,wSvecpjF,OCOnFIfy,1.0
554,0,FrCulsqF,wSvecpjF,1.0
554,0,rNCpaLXo,FrCulsqF,1.0
554,0,bfhpfFPJ,rNCpaLXo,1.0
554,0,wnmgNjXN,bfhpfFPJ,1.0
554,0,QIOPMpXz,wnmgNjXN,1.0
554,0,pMAPWHDR,QIOPMpXz,1.0
554,0,DloyTqLq,pMAPWHDR,1.0
554,0,tYpogBTU,DloyTqLq,1.0
554,0,QMuQosCI,tYpogBTU,1.0
554,0,EtVMSKdU,QMuQosCI,1.0
554,0,LqWmEOho,EtVMSKdU,1.0
