route_id,direction_id,from_stop,to_stop,volume
662,0,inJVXMtB,vfdAIPGv,1071.0
662,0,ubZrQMid,inJVXMtB,1071.0
662,0,gBkmsEyR,ubZrQMid,1071.0
662,0,cGoHBmgo,gBkmsEyR,948.0
662,0,EkWBPXmr,cGoHBmgo,948.0
662,0,vfdAIPGv,nsjiKPCz,868.0
585,0,wihERHzN,uiYVYPQX,3470.0
585,0,vspNPtqb,wihERHzN,3427.0
585,0,jiaBsTdI,vspNPtqb,3427.0
585,0,iVtHnErr,jiaBsTdI,3425.0
585,0,nsjiKPCz,iVtHnErr,3425.0
585,0,vfdAIPGv,nsjiKPCz,3383.0
585,0,inJVXMtB,vfdAIPGv,2566.0
585,0,ubZrQMid,inJVXMtB,2566.0
585,0,gBkmsEyR,ubZrQMid,2566.0
585,0,cGoHBmgo,gBkmsEyR,1472.0
585,0,EkWBPXmr,cGoHBmgo,1472.0
572,0,jiaBsTdI,jeadfqyj,2067.0
572,0,LIcqcPpV,jiaBsTdI,2062.0
572,0,JHNPaXkN,LIcqcPpV,2072.0
572,0,EWPMCuEz,JHNPaXkN,2072.0
572,0,iWoOHVbT,EWPMCuEz,2668.0
971,0,nsjiKPCz,AtcDBGpE,1998.0
971,0,vfdAIPGv,nsjiKPCz,1998.0
971,0,inJVXMtB,vfdAIPGv,1797.0
971,0,ubZrQMid,inJVXMtB,1797.0
971,0,gBkmsEyR,ubZrQMid,1797.0
971,0,cGoHBmgo,gBkmsEyR,1611.0
971,0,EkWBPXmr,cGoHBmgo,1504.0
1197,0,ilYJImqh,uDuzeUsq,576.0
1197,0,gpXWTuwm,ilYJImqh,576.0
1197,0,jKjAXpVP,gpXWTuwm,554.0
1197,0,XXPGaRGh,jKjAXpVP,561.0
1197,0,IMtkgxTU,XXPGaRGh,561.0
1197,0,MlQcmexA,IMtkgxTU,561.0
1197,0,tSmiUoPn,MlQcmexA,508.0
1197,0,VuxSFkGj,tSmiUoPn,508.0
1197,0,SQUoXVXU,VuxSFkGj,508.0
1197,0,tZiWmgTn,SQUoXVXU,461.0
1197,0,JpkWIkgn,tZiWmgTn,336.0
1197,0,gDnuvefz,JpkWIkgn,336.0
1197,0,rqBqDfoZ,gDnuvefz,336.0
1197,0,yhXmuUeN,rqBqDfoZ,334.0
1197,0,BqZQArDi,yhXmuUeN,153.0
1197,0,xbiDwIOu,BqZQArDi,153.0
1197,0,zVYhNTdK,xbiDwIOu,153.0
1197,0,EkWBPXmr,zVYhNTdK,153.0
971,0,AtcDBGpE,Oslgxmkx,1992.0
585,0,FcOkCcps,MqGZxRIW,1390.0
585,0,uiYVYPQX,FcOkCcps,2485.0
662,0,XVbubuGa,OwpcAtJV,1101.0
662,0,iuOUwLky,XVbubuGa,1101.0
662,0,nZnozRfz,iuOUwLky,1101.0
662,0,jeadfqyj,nZnozRfz,1101.0
662,0,vspNPtqb,jeadfqyj,804.0
662,0,jiaBsTdI,vspNPtqb,804.0
662,0,iVtHnErr,jiaBsTdI,804.0
662,0,nsjiKPCz,iVtHnErr,804.0
1255,0,gKoyUmab,rckblBTM,1750.0
1255,0,fGmFhgnx,gKoyUmab,1750.0
1255,0,XyHfgUxW,fGmFhgnx,2291.0
1255,0,zjjLSYAp,XyHfgUxW,2300.0
1255,0,wrsPDGBQ,zjjLSYAp,2300.0
1255,0,UtwZFZsx,wrsPDGBQ,3824.0
1255,0,QsteKrle,UtwZFZsx,3824.0
1255,0,vqGhvZJF,QsteKrle,3824.0
591,0,XMWgellz,vqGhvZJF,2388.0
591,0,LPldZjRa,XMWgellz,5088.0
591,0,adsviABF,LPldZjRa,5088.0
591,0,TqlJzItM,adsviABF,4953.0
591,0,IjwLXBRx,TqlJzItM,4890.0
591,0,nJRBvlcT,IjwLXBRx,4890.0
591,0,IkxLwyxa,nJRBvlcT,4508.0
591,0,CYSggHNR,IkxLwyxa,4486.0
591,0,VhgapMoa,CYSggHNR,4495.0
591,0,dKbqWpcD,VhgapMoa,4489.0
591,0,zYpZYpOA,dKbqWpcD,4489.0
591,0,xbeOVhLE,zYpZYpOA,4581.0
591,0,IpBcScgC,xbeOVhLE,4483.0
591,0,aYvzRwqU,IpBcScgC,4483.0
591,0,mVhkAqwx,aYvzRwqU,4481.0
591,0,GigUVtty,mVhkAqwx,4472.0
591,0,xQpNdvvD,GigUVtty,4835.0
591,0,VuxSFkGj,xQpNdvvD,4824.0
591,0,SQUoXVXU,VuxSFkGj,4824.0
591,0,tZiWmgTn,SQUoXVXU,4809.0
591,0,JpkWIkgn,tZiWmgTn,4809.0
591,0,gDnuvefz,JpkWIkgn,4809.0
591,0,rqBqDfoZ,gDnuvefz,4809.0
591,0,dkEskUud,rqBqDfoZ,3948.0
591,0,BqZQArDi,dkEskUud,1039.0
591,0,zVYhNTdK,BqZQArDi,1038.0
591,0,EkWBPXmr,zVYhNTdK,1028.0
647,0,XXPGaRGh,PrdzzRyE,1147.0
647,0,IMtkgxTU,XXPGaRGh,894.0
647,0,MlQcmexA,IMtkgxTU,894.0
647,0,CZmFLtlO,MlQcmexA,1992.0
647,0,SUoxgoEf,CZmFLtlO,1992.0
647,0,eVGAINdZ,SUoxgoEf,1945.0
647,0,zOQhKaAF,eVGAINdZ,1945.0
647,0,PaLbQtln,zOQhKaAF,1902.0
647,0,rqBqDfoZ,PaLbQtln,1901.0
647,0,dkEskUud,rqBqDfoZ,1817.0
647,0,zVYhNTdK,dkEskUud,773.0
647,0,EkWBPXmr,zVYhNTdK,773.0
572,0,CVXQsRBK,NgDeDdfx,1100.0
572,0,jBnsfrlR,CVXQsRBK,1100.0
572,0,jeadfqyj,jBnsfrlR,1100.0
971,0,vwEcxUej,lBopHXdD,1797.0
971,0,JBpFxiqb,vwEcxUej,1797.0
971,0,Oslgxmkx,JBpFxiqb,1797.0
585,0,tBNXSyMW,pZulUpHT,1341.0
585,0,OyJKKata,tBNXSyMW,1341.0
585,0,MqGZxRIW,OyJKKata,1341.0
989,0,twMezfOU,lkujKSJT,9626.0
989,0,OyJKKata,twMezfOU,9037.0
989,0,MqGZxRIW,OyJKKata,5024.0
989,0,FcOkCcps,MqGZxRIW,4251.0
679,0,LRmPOeoe,KHbKaRBy,13.0
679,0,twMezfOU,LRmPOeoe,747.0
679,0,HRURJMPd,twMezfOU,1281.0
679,0,jKjAXpVP,HRURJMPd,1281.0
679,0,XXPGaRGh,jKjAXpVP,1231.0
625,0,lBopHXdD,DKPrUpnj,1821.0
625,0,Oslgxmkx,lBopHXdD,1821.0
625,0,AtcDBGpE,Oslgxmkx,1653.0
625,0,nsjiKPCz,AtcDBGpE,1653.0
625,0,vfdAIPGv,nsjiKPCz,1647.0
625,0,ubZrQMid,vfdAIPGv,1588.0
625,0,gBkmsEyR,ubZrQMid,1588.0
625,0,cGoHBmgo,gBkmsEyR,1470.0
625,0,EkWBPXmr,cGoHBmgo,1395.0
662,0,TNbojCJf,issQYORv,1564.0
662,0,tGqVborR,TNbojCJf,1564.0
662,0,vJbDLuoa,tGqVborR,1564.0
662,0,FJLNitGY,vJbDLuoa,1550.0
662,0,peBgOXli,FJLNitGY,1185.0
662,0,KnWWIWQx,peBgOXli,1185.0
662,0,bRAzuzSs,KnWWIWQx,1185.0
662,0,OwpcAtJV,bRAzuzSs,1185.0
1376,0,mTvPylzX,JYcdyiOK,602.0
1376,0,mZseJHmU,mTvPylzX,602.0
1376,0,rClMLArS,mZseJHmU,1009.0
1376,0,MHYyLhRG,rClMLArS,1009.0
1376,0,CcTUkfkl,MHYyLhRG,1530.0
1376,0,tglFZOrp,CcTUkfkl,1530.0
1376,0,SqxhBMol,tglFZOrp,1530.0
1376,0,JvhqCmbT,SqxhBMol,1346.0
1376,0,xkdRvtRu,JvhqCmbT,1346.0
1376,0,SjZGieDS,xkdRvtRu,1310.0
1376,0,gDnuvefz,SjZGieDS,1776.0
1376,0,rqBqDfoZ,gDnuvefz,1776.0
1376,0,yhXmuUeN,rqBqDfoZ,1726.0
1376,0,BqZQArDi,yhXmuUeN,1103.0
1376,0,zVYhNTdK,BqZQArDi,1103.0
1376,0,EkWBPXmr,zVYhNTdK,1103.0
585,0,OeKkfJSz,HTcmpFUD,729.0
585,0,FZjXRNIl,OeKkfJSz,729.0
585,0,nqZDBuxM,FZjXRNIl,773.0
585,0,aAfSzptC,nqZDBuxM,776.0
585,0,pZulUpHT,aAfSzptC,776.0
989,0,IvQQZbJW,ztLkgYlA,9511.0
989,0,yaKWBgLg,IvQQZbJW,9472.0
989,0,lkujKSJT,yaKWBgLg,9472.0
658,0,HbnURplu,mtKVLjly,2277.0
658,0,IXwVPQjX,HbnURplu,2277.0
658,0,TNbojCJf,IXwVPQjX,2169.0
658,0,tGqVborR,TNbojCJf,2169.0
658,0,vJbDLuoa,tGqVborR,2169.0
658,0,uBBTYLuy,vJbDLuoa,2147.0
658,0,FJLNitGY,uBBTYLuy,2147.0
658,0,peBgOXli,FJLNitGY,1669.0
658,0,KnWWIWQx,peBgOXli,1507.0
658,0,bRAzuzSs,KnWWIWQx,1507.0
658,0,OwpcAtJV,bRAzuzSs,1507.0
658,0,XVbubuGa,OwpcAtJV,1390.0
658,0,iuOUwLky,XVbubuGa,1390.0
658,0,nZnozRfz,iuOUwLky,1390.0
658,0,jeadfqyj,nZnozRfz,1390.0
658,0,vspNPtqb,jeadfqyj,132.0
658,0,jiaBsTdI,vspNPtqb,129.0
658,0,iVtHnErr,jiaBsTdI,129.0
658,0,nsjiKPCz,iVtHnErr,129.0
658,0,vfdAIPGv,nsjiKPCz,123.0
658,0,inJVXMtB,vfdAIPGv,123.0
658,0,ubZrQMid,inJVXMtB,123.0
658,0,gBkmsEyR,ubZrQMid,123.0
658,0,cGoHBmgo,gBkmsEyR,123.0
658,0,EkWBPXmr,cGoHBmgo,123.0
625,0,NLDgVASg,QGNcLOop,1638.0
625,0,DKPrUpnj,NLDgVASg,1632.0
971,0,RkbXqAIs,MTAZIXBL,1583.0
971,0,NLDgVASg,RkbXqAIs,1417.0
971,0,DKPrUpnj,NLDgVASg,1417.0
971,0,CdibamDB,DKPrUpnj,1417.0
971,0,lBopHXdD,CdibamDB,1417.0
971,0,jqriedgy,EkCoFwMY,1620.0
971,0,MTAZIXBL,jqriedgy,1620.0
622,0,gdbAGAQU,JvDZYJph,484.0
622,0,ANpclgWP,gdbAGAQU,484.0
622,0,LWqTSxPr,ANpclgWP,484.0
622,0,tBgOcvQf,LWqTSxPr,484.0
622,0,IvQQZbJW,tBgOcvQf,484.0
622,0,yaKWBgLg,IvQQZbJW,299.0
622,0,lkujKSJT,yaKWBgLg,299.0
622,0,twMezfOU,lkujKSJT,299.0
622,0,OyJKKata,twMezfOU,299.0
622,0,MqGZxRIW,OyJKKata,241.0
622,0,FcOkCcps,MqGZxRIW,241.0
622,0,uiYVYPQX,FcOkCcps,237.0
622,0,wihERHzN,uiYVYPQX,215.0
622,0,jiaBsTdI,wihERHzN,215.0
622,0,iVtHnErr,jiaBsTdI,215.0
622,0,nsjiKPCz,iVtHnErr,215.0
622,0,vfdAIPGv,nsjiKPCz,215.0
622,0,ubZrQMid,vfdAIPGv,181.0
622,0,gBkmsEyR,ubZrQMid,181.0
622,0,cGoHBmgo,gBkmsEyR,130.0
622,0,EkWBPXmr,cGoHBmgo,130.0
971,0,vkSwBwcN,OKtVrzTN,1706.0
971,0,QRSRIbba,vkSwBwcN,1706.0
971,0,EkCoFwMY,QRSRIbba,1702.0
622,0,xYfYRJnz,yXfOYhmg,1060.0
622,0,bvZtLhoP,xYfYRJnz,1060.0
622,0,NoGATiBT,bvZtLhoP,1060.0
622,0,JvDZYJph,NoGATiBT,727.0
625,0,GZZaPhbw,uPlQduWZ,1627.0
625,0,EwdOCOAF,GZZaPhbw,1627.0
625,0,QGNcLOop,EwdOCOAF,1627.0
1194,0,kEQqRNXv,ZCsEtuOb,1096.0
1194,0,NfeOUEsA,kEQqRNXv,1096.0
1194,0,gdbAGAQU,NfeOUEsA,1046.0
1194,0,ANpclgWP,gdbAGAQU,1046.0
1194,0,LWqTSxPr,ANpclgWP,1043.0
1194,0,tBgOcvQf,LWqTSxPr,1043.0
1194,0,IvQQZbJW,tBgOcvQf,798.0
1194,0,yaKWBgLg,IvQQZbJW,768.0
1194,0,lkujKSJT,yaKWBgLg,768.0
1194,0,twMezfOU,lkujKSJT,755.0
1194,0,HRURJMPd,twMezfOU,694.0
1194,0,jKjAXpVP,HRURJMPd,694.0
1194,0,XXPGaRGh,jKjAXpVP,694.0
1194,0,IMtkgxTU,XXPGaRGh,694.0
1194,0,MlQcmexA,IMtkgxTU,694.0
1194,0,tSmiUoPn,MlQcmexA,671.0
1194,0,VuxSFkGj,tSmiUoPn,671.0
1194,0,SQUoXVXU,VuxSFkGj,671.0
1194,0,tZiWmgTn,SQUoXVXU,649.0
1194,0,JpkWIkgn,tZiWmgTn,649.0
1194,0,gDnuvefz,JpkWIkgn,649.0
1194,0,rqBqDfoZ,gDnuvefz,649.0
1194,0,yhXmuUeN,rqBqDfoZ,648.0
1194,0,dkEskUud,yhXmuUeN,646.0
1194,0,xbiDwIOu,dkEskUud,538.0
1194,0,zVYhNTdK,xbiDwIOu,538.0
1194,0,EkWBPXmr,zVYhNTdK,538.0
14,0,leJfirnk,yrRBvFtZ,1928.0
14,0,QRSRIbba,leJfirnk,1928.0
14,0,jqriedgy,QRSRIbba,1928.0
14,0,MTAZIXBL,jqriedgy,1928.0
14,0,RkbXqAIs,MTAZIXBL,1857.0
14,0,NLDgVASg,RkbXqAIs,2206.0
14,0,fcywqNMQ,NLDgVASg,2212.0
14,0,CdibamDB,fcywqNMQ,2752.0
14,0,lBopHXdD,CdibamDB,2752.0
14,0,vwEcxUej,lBopHXdD,2765.0
14,0,JBpFxiqb,vwEcxUej,2765.0
14,0,Oslgxmkx,JBpFxiqb,2765.0
14,0,AtcDBGpE,Oslgxmkx,2943.0
14,0,nsjiKPCz,AtcDBGpE,3223.0
14,0,vfdAIPGv,nsjiKPCz,3136.0
14,0,inJVXMtB,vfdAIPGv,2730.0
14,0,ubZrQMid,inJVXMtB,2730.0
14,0,gBkmsEyR,ubZrQMid,2730.0
14,0,cGoHBmgo,gBkmsEyR,1619.0
1194,0,hTaJTejf,XjSQdTLS,790.0
1194,0,AvILYntX,hTaJTejf,790.0
1194,0,BGAyznqC,AvILYntX,796.0
1194,0,PUIIuxlM,BGAyznqC,796.0
1194,0,bEuFbYIx,PUIIuxlM,890.0
1194,0,ZCsEtuOb,bEuFbYIx,893.0
971,0,RqfbhkOP,sUAChhLU,1696.0
971,0,WRCkhCoY,RqfbhkOP,1696.0
971,0,OKtVrzTN,WRCkhCoY,1712.0
14,0,wuyFtExA,EtvjcvTp,1317.0
14,0,MrybjzSo,wuyFtExA,1317.0
14,0,yrRBvFtZ,MrybjzSo,1317.0
173,0,YoEMZEcq,qCZHeqZn,1184.0
1194,0,qkTCgKXX,YoEMZEcq,165.0
1194,0,XjSQdTLS,qkTCgKXX,165.0
625,0,LjPncvCg,ZkIfwknW,1599.0
625,0,cYHkZUeY,LjPncvCg,1600.0
625,0,JjkwBsaR,cYHkZUeY,1600.0
625,0,xWKOjfGB,JjkwBsaR,1600.0
625,0,zrJLwXnk,xWKOjfGB,1600.0
625,0,LUpTnILf,zrJLwXnk,1600.0
625,0,qezgFtTe,LUpTnILf,1331.0
625,0,EtAJJbBW,qezgFtTe,1331.0
625,0,uPlQduWZ,EtAJJbBW,1331.0
625,0,ZkIfwknW,XBhuaxff,1594.0
1052,0,EPmEpfWC,RBwynnQe,548.0
1052,0,xfbmoJHP,EPmEpfWC,548.0
1052,0,WdOwNGhj,xfbmoJHP,136.0
1052,0,kKKRBhFF,WdOwNGhj,135.0
1052,0,NFInfBeu,kKKRBhFF,134.0
1052,0,VCQdmIoF,NFInfBeu,134.0
1052,0,ePrpofUw,VCQdmIoF,134.0
1052,0,KcvPUxQg,ePrpofUw,134.0
1052,0,BlnSxBAr,KcvPUxQg,134.0
1052,0,TCBUGaZf,BlnSxBAr,134.0
1052,0,pzcCDVmZ,TCBUGaZf,123.0
1052,0,AUBTKFbY,pzcCDVmZ,123.0
1052,0,fjevhefZ,AUBTKFbY,123.0
1052,0,vyQyYYqJ,fjevhefZ,123.0
1052,0,ztLkgYlA,vyQyYYqJ,123.0
1052,0,IvQQZbJW,ztLkgYlA,122.0
1052,0,yaKWBgLg,IvQQZbJW,122.0
1052,0,lkujKSJT,yaKWBgLg,122.0
1052,0,twMezfOU,lkujKSJT,122.0
1052,0,OyJKKata,twMezfOU,71.0
1052,0,duRJdiSr,OyJKKata,71.0
1052,0,uiYVYPQX,duRJdiSr,41.0
1052,0,ozAxYCwR,uiYVYPQX,40.0
455,0,BlnSxBAr,KcvPUxQg,6032.0
455,0,WuDSdBCd,BlnSxBAr,6101.0
455,0,icUsjZEb,WuDSdBCd,6047.0
455,0,lhadwkCG,icUsjZEb,6047.0
455,0,awnNVqry,lhadwkCG,6047.0
455,0,ohBbDhvM,awnNVqry,6049.0
455,0,EYCnMsAF,ohBbDhvM,6049.0
455,0,tNDnmkQy,EYCnMsAF,6046.0
455,0,XjEyEHqT,tNDnmkQy,6046.0
455,0,IvqxNjHK,XjEyEHqT,6061.0
455,0,SyrqOGJb,IvqxNjHK,6078.0
455,0,NcLanIdZ,SyrqOGJb,6087.0
455,0,OyNIynZV,NcLanIdZ,5946.0
455,0,FGvzNZYi,OyNIynZV,5946.0
455,0,ydoNqUsu,FGvzNZYi,5995.0
455,0,yYSDLmlm,ydoNqUsu,5750.0
455,0,eOdwAkBF,yYSDLmlm,6644.0
455,0,FDCDnriY,eOdwAkBF,6644.0
455,0,DCdKJxNH,FDCDnriY,6315.0
455,0,DsuTXcIa,DCdKJxNH,4266.0
455,0,bgWfLree,DsuTXcIa,4267.0
455,0,MlQcmexA,bgWfLree,4267.0
455,0,tSmiUoPn,MlQcmexA,3077.0
455,0,VuxSFkGj,tSmiUoPn,3077.0
455,0,SQUoXVXU,VuxSFkGj,3066.0
455,0,tZiWmgTn,SQUoXVXU,2820.0
455,0,JpkWIkgn,tZiWmgTn,2792.0
455,0,gDnuvefz,JpkWIkgn,2792.0
455,0,rqBqDfoZ,gDnuvefz,2792.0
455,0,yhXmuUeN,rqBqDfoZ,2517.0
455,0,BqZQArDi,yhXmuUeN,1853.0
455,0,xbiDwIOu,BqZQArDi,1768.0
455,0,zVYhNTdK,xbiDwIOu,1768.0
455,0,EkWBPXmr,zVYhNTdK,1768.0
985,0,aDaRCcaB,YxUFlvZH,1663.0
985,0,dQYZBhGJ,aDaRCcaB,1391.0
985,0,iFderoVa,dQYZBhGJ,1391.0
985,0,GQmprOhw,iFderoVa,1618.0
985,0,CbblRkaH,GQmprOhw,1630.0
985,0,BldTZUAI,CbblRkaH,1679.0
985,0,nBYHMnkU,BldTZUAI,1468.0
971,0,sUAChhLU,nBYHMnkU,1334.0
455,0,KcvPUxQg,ePrpofUw,4652.0
594,0,OeXJgkRW,grMhZquG,473.0
594,0,GdpNupee,OeXJgkRW,473.0
594,0,EiybrpzE,GdpNupee,455.0
594,0,YiexuWUO,EiybrpzE,455.0
594,0,NQsRzhNW,YiexuWUO,444.0
594,0,xAJVMHqO,NQsRzhNW,448.0
594,0,dycwBUSP,xAJVMHqO,448.0
594,0,igOcnIRX,dycwBUSP,448.0
594,0,dQYZBhGJ,igOcnIRX,250.0
594,0,iFderoVa,dQYZBhGJ,250.0
594,0,GQmprOhw,iFderoVa,250.0
594,0,CbblRkaH,GQmprOhw,240.0
594,0,BldTZUAI,CbblRkaH,240.0
594,0,nBYHMnkU,BldTZUAI,234.0
596,0,YxUFlvZH,vyItOGON,1203.0
596,0,KMLNQwjh,YxUFlvZH,1135.0
596,0,aDaRCcaB,KMLNQwjh,371.0
596,0,dQYZBhGJ,aDaRCcaB,351.0
596,0,iFderoVa,dQYZBhGJ,351.0
596,0,GQmprOhw,iFderoVa,351.0
596,0,CbblRkaH,GQmprOhw,260.0
596,0,BldTZUAI,CbblRkaH,260.0
596,0,nBYHMnkU,BldTZUAI,213.0
625,0,XNHVHmHa,apwTQKga,1288.0
625,0,vGqwislq,XNHVHmHa,1288.0
625,0,AwLiWVdI,vGqwislq,1305.0
625,0,XBhuaxff,AwLiWVdI,1305.0
985,0,ZfNDFPcl,UxPxrYmy,2294.0
985,0,KwXNMHkb,ZfNDFPcl,2294.0
985,0,YxUFlvZH,KwXNMHkb,2294.0
455,0,NFInfBeu,kKKRBhFF,4292.0
455,0,VCQdmIoF,NFInfBeu,4316.0
455,0,ePrpofUw,VCQdmIoF,4316.0
625,0,apwTQKga,lBjlyorh,1018.0
625,0,ZTCNsviV,ODNKqRCQ,558.0
625,0,GBYHqHQO,ZTCNsviV,558.0
625,0,lBjlyorh,GBYHqHQO,558.0
455,0,WdOwNGhj,xfbmoJHP,3161.0
455,0,kKKRBhFF,WdOwNGhj,3173.0
625,0,ODNKqRCQ,iPzquFzR,524.0
596,0,vyItOGON,tTbFYEPP,783.0
1061,0,NCSBLEus,AJLJQqsT,75.0
1061,0,xfbmoJHP,NCSBLEus,82.0
1061,0,WdOwNGhj,xfbmoJHP,82.0
1061,0,kKKRBhFF,WdOwNGhj,82.0
1061,0,NFInfBeu,kKKRBhFF,82.0
1061,0,VCQdmIoF,NFInfBeu,82.0
1061,0,ePrpofUw,VCQdmIoF,82.0
1061,0,KcvPUxQg,ePrpofUw,82.0
1061,0,BlnSxBAr,KcvPUxQg,82.0
1061,0,TCBUGaZf,BlnSxBAr,82.0
1061,0,pzcCDVmZ,TCBUGaZf,82.0
1061,0,AUBTKFbY,pzcCDVmZ,82.0
1061,0,fjevhefZ,AUBTKFbY,82.0
1061,0,vyQyYYqJ,fjevhefZ,82.0
1061,0,ztLkgYlA,vyQyYYqJ,82.0
1061,0,IvQQZbJW,ztLkgYlA,82.0
1061,0,yaKWBgLg,IvQQZbJW,82.0
1061,0,lkujKSJT,yaKWBgLg,82.0
1061,0,twMezfOU,lkujKSJT,82.0
1061,0,OyJKKata,twMezfOU,82.0
1061,0,MqGZxRIW,OyJKKata,82.0
1061,0,FcOkCcps,MqGZxRIW,82.0
1061,0,uiYVYPQX,FcOkCcps,82.0
1061,0,wihERHzN,uiYVYPQX,71.0
1061,0,vspNPtqb,wihERHzN,71.0
1061,0,jiaBsTdI,vspNPtqb,71.0
1061,0,iVtHnErr,jiaBsTdI,71.0
1061,0,nsjiKPCz,iVtHnErr,71.0
1061,0,vfdAIPGv,nsjiKPCz,71.0
1061,0,inJVXMtB,vfdAIPGv,60.0
1061,0,ubZrQMid,inJVXMtB,60.0
1061,0,gBkmsEyR,ubZrQMid,60.0
1061,0,cGoHBmgo,gBkmsEyR,50.0
1061,0,EkWBPXmr,cGoHBmgo,50.0
729,0,yTOnYgGF,EsTStEav,6.0
729,0,mXosqjnx,yTOnYgGF,6.0
729,0,jisQZBDs,mXosqjnx,11.0
729,0,NcoWExwJ,jisQZBDs,4.0
729,0,hygBouPP,NcoWExwJ,4.0
729,0,iPzquFzR,hygBouPP,4.0
729,0,ODNKqRCQ,iPzquFzR,4.0
729,0,ZTCNsviV,ODNKqRCQ,4.0
729,0,GBYHqHQO,ZTCNsviV,4.0
729,0,lBjlyorh,GBYHqHQO,4.0
729,0,apwTQKga,lBjlyorh,4.0
729,0,XNHVHmHa,apwTQKga,4.0
729,0,vGqwislq,XNHVHmHa,4.0
729,0,AwLiWVdI,vGqwislq,4.0
729,0,XBhuaxff,AwLiWVdI,4.0
729,0,ZkIfwknW,XBhuaxff,4.0
729,0,LjPncvCg,ZkIfwknW,4.0
729,0,cYHkZUeY,LjPncvCg,4.0
729,0,JjkwBsaR,cYHkZUeY,4.0
729,0,xWKOjfGB,JjkwBsaR,4.0
729,0,zrJLwXnk,xWKOjfGB,4.0
729,0,LUpTnILf,zrJLwXnk,4.0
729,0,qezgFtTe,LUpTnILf,4.0
729,0,EtAJJbBW,qezgFtTe,4.0
729,0,uPlQduWZ,EtAJJbBW,4.0
729,0,GZZaPhbw,uPlQduWZ,4.0
729,0,EwdOCOAF,GZZaPhbw,4.0
729,0,QGNcLOop,EwdOCOAF,4.0
729,0,NLDgVASg,QGNcLOop,4.0
729,0,DKPrUpnj,NLDgVASg,4.0
729,0,lBopHXdD,DKPrUpnj,4.0
729,0,Oslgxmkx,lBopHXdD,4.0
729,0,AtcDBGpE,Oslgxmkx,4.0
729,0,nsjiKPCz,AtcDBGpE,4.0
729,0,vfdAIPGv,nsjiKPCz,4.0
729,0,ubZrQMid,vfdAIPGv,4.0
729,0,gBkmsEyR,ubZrQMid,4.0
729,0,cGoHBmgo,gBkmsEyR,4.0
729,0,EkWBPXmr,cGoHBmgo,4.0
985,0,hqOmlOIp,RrhmmPMm,1962.0
985,0,qJgsxHch,hqOmlOIp,1962.0
985,0,lxplrluY,qJgsxHch,1962.0
985,0,zTJYYUap,lxplrluY,1962.0
985,0,UxPxrYmy,zTJYYUap,1962.0
924,0,illGQStO,sTaleXyI,3733.0
924,0,AUrIxxcC,illGQStO,3612.0
924,0,zqZasXpA,AUrIxxcC,3631.0
924,0,EYGEAZtD,zqZasXpA,3631.0
924,0,AJLJQqsT,EYGEAZtD,3631.0
924,0,NCSBLEus,AJLJQqsT,3715.0
924,0,xfbmoJHP,NCSBLEus,3584.0
985,0,YxYhlArE,NqSePdAx,1710.0
985,0,sAswhpJr,YxYhlArE,1710.0
985,0,VyHGAkTo,sAswhpJr,1710.0
985,0,RrhmmPMm,VyHGAkTo,1710.0
1061,0,TJDsQDoO,HdBHspFM,45.0
1061,0,yTictHOU,TJDsQDoO,45.0
1061,0,illGQStO,yTictHOU,45.0
1061,0,AUrIxxcC,illGQStO,45.0
1061,0,zqZasXpA,AUrIxxcC,45.0
1061,0,EYGEAZtD,zqZasXpA,45.0
1061,0,AJLJQqsT,EYGEAZtD,45.0
985,0,sceVWPKZ,dvaPHMux,1460.0
985,0,kIKddsaQ,sceVWPKZ,1460.0
985,0,NqSePdAx,kIKddsaQ,1460.0
1047,0,illGQStO,gIrHwcsI,916.0
1047,0,AUrIxxcC,illGQStO,561.0
1047,0,zqZasXpA,AUrIxxcC,561.0
1047,0,EYGEAZtD,zqZasXpA,561.0
1047,0,AJLJQqsT,EYGEAZtD,561.0
1047,0,NCSBLEus,AJLJQqsT,521.0
1047,0,xfbmoJHP,NCSBLEus,520.0
1047,0,WdOwNGhj,xfbmoJHP,210.0
1047,0,kKKRBhFF,WdOwNGhj,194.0
1047,0,NFInfBeu,kKKRBhFF,191.0
1047,0,VCQdmIoF,NFInfBeu,191.0
1047,0,ePrpofUw,VCQdmIoF,191.0
1047,0,KcvPUxQg,ePrpofUw,185.0
1047,0,BlnSxBAr,KcvPUxQg,185.0
1047,0,TCBUGaZf,BlnSxBAr,184.0
1047,0,pzcCDVmZ,TCBUGaZf,133.0
1047,0,AUBTKFbY,pzcCDVmZ,133.0
1047,0,fjevhefZ,AUBTKFbY,122.0
1047,0,vyQyYYqJ,fjevhefZ,122.0
1047,0,ztLkgYlA,vyQyYYqJ,122.0
1047,0,IvQQZbJW,ztLkgYlA,103.0
1047,0,yaKWBgLg,IvQQZbJW,103.0
1047,0,lkujKSJT,yaKWBgLg,103.0
1047,0,twMezfOU,lkujKSJT,99.0
1047,0,OyJKKata,twMezfOU,99.0
1047,0,MqGZxRIW,OyJKKata,97.0
1047,0,FcOkCcps,MqGZxRIW,90.0
1068,0,aLFpJPgR,jEhGDfoN,1812.0
1068,0,cZLwCFQo,aLFpJPgR,1819.0
1068,0,rxrORjnb,cZLwCFQo,1818.0
1068,0,UVDfwOgc,rxrORjnb,1579.0
1068,0,TJDsQDoO,UVDfwOgc,1577.0
1068,0,illGQStO,TJDsQDoO,1573.0
1068,0,zqZasXpA,illGQStO,1564.0
1068,0,AJLJQqsT,zqZasXpA,1564.0
1068,0,NCSBLEus,AJLJQqsT,1564.0
1068,0,xfbmoJHP,NCSBLEus,1562.0
1068,0,WdOwNGhj,xfbmoJHP,1209.0
1068,0,kKKRBhFF,WdOwNGhj,904.0
1068,0,NFInfBeu,kKKRBhFF,904.0
1068,0,VCQdmIoF,NFInfBeu,904.0
1068,0,ePrpofUw,VCQdmIoF,904.0
1068,0,BlnSxBAr,ePrpofUw,904.0
1068,0,TCBUGaZf,BlnSxBAr,437.0
1068,0,pzcCDVmZ,TCBUGaZf,188.0
1068,0,sNuKvPuW,pzcCDVmZ,159.0
1068,0,fjevhefZ,sNuKvPuW,159.0
1068,0,vyQyYYqJ,fjevhefZ,155.0
1068,0,ztLkgYlA,vyQyYYqJ,151.0
1068,0,yaKWBgLg,ztLkgYlA,80.0
1068,0,lkujKSJT,yaKWBgLg,80.0
1068,0,twMezfOU,lkujKSJT,80.0
1068,0,OyJKKata,twMezfOU,80.0
1068,0,MqGZxRIW,OyJKKata,51.0
1068,0,FcOkCcps,MqGZxRIW,51.0
1068,0,uiYVYPQX,FcOkCcps,50.0
1068,0,wihERHzN,uiYVYPQX,28.0
1068,0,jiaBsTdI,wihERHzN,27.0
1068,0,iVtHnErr,jiaBsTdI,27.0
1068,0,nsjiKPCz,iVtHnErr,27.0
1068,0,vfdAIPGv,nsjiKPCz,25.0
1068,0,inJVXMtB,vfdAIPGv,25.0
1068,0,ubZrQMid,inJVXMtB,25.0
1068,0,gBkmsEyR,ubZrQMid,25.0
1068,0,cGoHBmgo,gBkmsEyR,15.0
1068,0,EkWBPXmr,cGoHBmgo,15.0
924,0,Vtdujofe,VKAAZZOV,3206.0
924,0,edTVGmZc,Vtdujofe,3206.0
924,0,iqwCaPZT,edTVGmZc,3206.0
924,0,qqDoWQdv,iqwCaPZT,3206.0
924,0,eymgjBxV,qqDoWQdv,3035.0
924,0,EonJeQKz,eymgjBxV,3125.0
924,0,vkWqgNph,EonJeQKz,3128.0
924,0,nJRQzVZQ,vkWqgNph,3128.0
924,0,xunvufHj,nJRQzVZQ,3150.0
924,0,rxrORjnb,xunvufHj,3142.0
924,0,UVDfwOgc,rxrORjnb,3067.0
924,0,HdBHspFM,UVDfwOgc,3067.0
924,0,TJDsQDoO,HdBHspFM,3350.0
924,0,yTictHOU,TJDsQDoO,3446.0
924,0,sTaleXyI,yTictHOU,3446.0
924,0,TNTzUMyF,HyvnzuHA,2029.0
924,0,avRuCqLk,TNTzUMyF,2029.0
924,0,wIAALBva,avRuCqLk,2029.0
924,0,nxBXRnVc,wIAALBva,2029.0
924,0,sXWHYDNZ,nxBXRnVc,2060.0
924,0,VKAAZZOV,sXWHYDNZ,2060.0
912,0,mgDGiHEE,FwvYcAgk,579.0
912,0,dQOncjgh,mgDGiHEE,739.0
912,0,QiaFfhxS,dQOncjgh,778.0
912,0,rilNZKmg,QiaFfhxS,778.0
912,0,MgfOYJbA,rilNZKmg,772.0
912,0,qIuTLVvj,MgfOYJbA,771.0
912,0,spmlaYUs,qIuTLVvj,688.0
912,0,qqDoWQdv,spmlaYUs,688.0
912,0,eymgjBxV,qqDoWQdv,687.0
912,0,EonJeQKz,eymgjBxV,685.0
912,0,vkWqgNph,EonJeQKz,685.0
912,0,nJRQzVZQ,vkWqgNph,685.0
912,0,xunvufHj,nJRQzVZQ,660.0
912,0,rxrORjnb,xunvufHj,660.0
912,0,UVDfwOgc,rxrORjnb,660.0
912,0,TJDsQDoO,UVDfwOgc,647.0
912,0,yTictHOU,TJDsQDoO,647.0
912,0,sTaleXyI,yTictHOU,647.0
912,0,illGQStO,sTaleXyI,640.0
912,0,AUrIxxcC,illGQStO,616.0
912,0,zqZasXpA,AUrIxxcC,616.0
912,0,EYGEAZtD,zqZasXpA,616.0
912,0,AJLJQqsT,EYGEAZtD,616.0
912,0,NCSBLEus,AJLJQqsT,609.0
912,0,xfbmoJHP,NCSBLEus,601.0
750,0,GIlSPhwi,SOtvIsgL,2148.0
750,0,ZPJGdbAJ,GIlSPhwi,2148.0
750,0,xfbmoJHP,ZPJGdbAJ,2145.0
912,0,Erqjkxzk,KKHFrKGl,241.0
912,0,ltPLChrK,Erqjkxzk,241.0
912,0,FwvYcAgk,ltPLChrK,241.0
35,0,fwfbiPwk,drmArhka,6432.0
35,0,cGoHBmgo,fwfbiPwk,7432.0
35,0,EkWBPXmr,cGoHBmgo,7432.0
417,0,TShNRujB,hxSTJhOz,9019.0
417,0,zVYhNTdK,TShNRujB,6329.0
417,0,EkWBPXmr,zVYhNTdK,6324.0
35,0,XypZkLUe,gaLZwYvS,6542.0
35,0,drmArhka,XypZkLUe,6542.0
417,0,hxSTJhOz,rDSiGFpR,9002.0
35,0,gaLZwYvS,qFzqwYZZ,6222.0
477,0,NKCxdwhs,mYoRZvtc,1640.0
477,0,eeSdZFhf,NKCxdwhs,1640.0
477,0,UaWwvNMO,eeSdZFhf,1638.0
477,0,gFAsBeQM,UaWwvNMO,1638.0
477,0,rDSiGFpR,gFAsBeQM,1174.0
35,0,qFzqwYZZ,MBTcSIip,6227.0
417,0,LOkvvGyU,FqxCUuHX,7282.0
417,0,DYErCrqd,LOkvvGyU,9120.0
417,0,LbKosGpD,DYErCrqd,9120.0
417,0,rDSiGFpR,LbKosGpD,8362.0
417,0,tSUFrefk,ZMeqpjWv,6526.0
417,0,FqxCUuHX,tSUFrefk,6559.0
35,0,ppabfQGz,rloRqLNl,7402.0
35,0,MBTcSIip,ppabfQGz,7046.0
417,0,AFWGXQGm,BsVmblhs,4439.0
417,0,WTiRZunt,AFWGXQGm,4439.0
417,0,ZMeqpjWv,WTiRZunt,4439.0
465,0,XFLojCJa,cPCRxZjy,7675.0
465,0,mHRdWDIt,XFLojCJa,7675.0
465,0,NBopaFdP,mHRdWDIt,7303.0
465,0,LbKosGpD,NBopaFdP,7303.0
465,0,rDSiGFpR,LbKosGpD,7266.0
465,0,hxSTJhOz,rDSiGFpR,4186.0
465,0,TShNRujB,hxSTJhOz,4124.0
465,0,zVYhNTdK,TShNRujB,1504.0
465,0,EkWBPXmr,zVYhNTdK,1504.0
357,0,cPCRxZjy,LPfgjVyT,4173.0
357,0,qpacHTVx,cPCRxZjy,3932.0
357,0,XFLojCJa,qpacHTVx,3932.0
357,0,mHRdWDIt,XFLojCJa,3932.0
357,0,NBopaFdP,mHRdWDIt,3905.0
357,0,LbKosGpD,NBopaFdP,3905.0
357,0,rDSiGFpR,LbKosGpD,3903.0
357,0,hxSTJhOz,rDSiGFpR,3090.0
357,0,TShNRujB,hxSTJhOz,3087.0
357,0,xbiDwIOu,TShNRujB,1014.0
357,0,zVYhNTdK,xbiDwIOu,1014.0
357,0,EkWBPXmr,zVYhNTdK,979.0
1139,0,LLvlNCEB,sDgMDbLK,1731.0
1139,0,ZMeqpjWv,LLvlNCEB,1714.0
1139,0,tSUFrefk,ZMeqpjWv,1714.0
1139,0,FqxCUuHX,tSUFrefk,1683.0
1139,0,LOkvvGyU,FqxCUuHX,1536.0
1139,0,DYErCrqd,LOkvvGyU,1536.0
1139,0,rDSiGFpR,DYErCrqd,1536.0
1139,0,hxSTJhOz,rDSiGFpR,1028.0
1139,0,TShNRujB,hxSTJhOz,1028.0
1139,0,xbiDwIOu,TShNRujB,576.0
1139,0,zVYhNTdK,xbiDwIOu,576.0
1139,0,EkWBPXmr,zVYhNTdK,576.0
417,0,oQvXmJfL,HYfXIyFk,3843.0
417,0,yayPNqiY,oQvXmJfL,3930.0
417,0,BsVmblhs,yayPNqiY,3907.0
357,0,LPfgjVyT,cniBuICf,2972.0
357,0,cniBuICf,WtPVEKaC,2467.0
417,0,TUpCuZAw,YmDpkIHQ,3768.0
417,0,HYfXIyFk,TUpCuZAw,3768.0
35,0,TiulEaYs,FliRNcXy,6396.0
35,0,dwUntJQR,TiulEaYs,6409.0
35,0,rloRqLNl,dwUntJQR,6409.0
1139,0,faYOimYm,EZnTnoxs,1318.0
1139,0,cmGUMIAA,faYOimYm,1350.0
1139,0,sDgMDbLK,cmGUMIAA,1350.0
357,0,WtPVEKaC,BYsSDXCP,2392.0
35,0,LfENZYTF,TNZDhyQb,5498.0
35,0,FliRNcXy,LfENZYTF,5498.0
357,0,BYsSDXCP,zjSAMvDn,2174.0
1139,0,aaOdCJPr,ezbmnBKa,1035.0
1139,0,EZnTnoxs,aaOdCJPr,1035.0
35,0,aFlzccOO,DYvQviUy,5170.0
35,0,TNZDhyQb,aFlzccOO,4880.0
1511,0,fubLBmAl,DOGyniWl,12276.0
1511,0,zjSAMvDn,fubLBmAl,12276.0
1511,0,BYsSDXCP,zjSAMvDn,12049.0
1511,0,WtPVEKaC,BYsSDXCP,11868.0
1511,0,cniBuICf,WtPVEKaC,9629.0
1511,0,LPfgjVyT,cniBuICf,9629.0
1511,0,cPCRxZjy,LPfgjVyT,7578.0
1511,0,XFLojCJa,cPCRxZjy,7079.0
1511,0,mHRdWDIt,XFLojCJa,7079.0
1511,0,NBopaFdP,mHRdWDIt,6986.0
1511,0,LbKosGpD,NBopaFdP,6986.0
1511,0,rDSiGFpR,LbKosGpD,6910.0
1511,0,hxSTJhOz,rDSiGFpR,5123.0
1511,0,TShNRujB,hxSTJhOz,5077.0
1511,0,xbiDwIOu,TShNRujB,3932.0
1511,0,zVYhNTdK,xbiDwIOu,3932.0
1511,0,EkWBPXmr,zVYhNTdK,3878.0
1139,0,OJyOyFXO,sHwmfZBx,678.0
1139,0,ezbmnBKa,OJyOyFXO,701.0
1741,0,YmkUpvHU,qKeCDDXI,1803.0
1741,0,GbYxEXTt,YmkUpvHU,1839.0
1741,0,ItndWSiW,GbYxEXTt,1839.0
1741,0,DOGyniWl,ItndWSiW,769.0
1741,0,fubLBmAl,DOGyniWl,769.0
1741,0,zjSAMvDn,fubLBmAl,769.0
1741,0,BYsSDXCP,zjSAMvDn,964.0
1741,0,WtPVEKaC,BYsSDXCP,933.0
1741,0,cniBuICf,WtPVEKaC,852.0
1741,0,LPfgjVyT,cniBuICf,858.0
1741,0,cPCRxZjy,LPfgjVyT,1023.0
1741,0,XFLojCJa,cPCRxZjy,1023.0
1741,0,mHRdWDIt,XFLojCJa,1023.0
1741,0,NBopaFdP,mHRdWDIt,1023.0
1741,0,LbKosGpD,NBopaFdP,1023.0
1245,0,OajDKDnO,jIFrASnh,578.0
1245,0,fQIJDuOA,OajDKDnO,578.0
1245,0,ZBegLuFw,fQIJDuOA,578.0
1245,0,yHDouIXe,ZBegLuFw,652.0
1245,0,aFlzccOO,yHDouIXe,607.0
1245,0,TNZDhyQb,aFlzccOO,833.0
1245,0,LfENZYTF,TNZDhyQb,1118.0
1245,0,FliRNcXy,LfENZYTF,1118.0
1245,0,TiulEaYs,FliRNcXy,1659.0
1245,0,dwUntJQR,TiulEaYs,1663.0
1245,0,ppabfQGz,dwUntJQR,1663.0
1245,0,MBTcSIip,ppabfQGz,2018.0
1245,0,qFzqwYZZ,MBTcSIip,2080.0
1245,0,gaLZwYvS,qFzqwYZZ,2509.0
1245,0,XypZkLUe,gaLZwYvS,2610.0
1245,0,drmArhka,XypZkLUe,2610.0
35,0,DYvQviUy,RfEbENxd,4392.0
1139,0,qGIkRenz,yrWAEsGy,732.0
1139,0,ytUqATXS,qGIkRenz,732.0
1139,0,sHwmfZBx,ytUqATXS,773.0
1511,0,GpnhEWuy,QDIpIlEK,9723.0
1511,0,YmkUpvHU,GpnhEWuy,9578.0
1511,0,GbYxEXTt,YmkUpvHU,11748.0
1511,0,DOGyniWl,GbYxEXTt,11021.0
77,0,jQaLNViL,XJRnAJHc,6642.0
77,0,RfEbENxd,jQaLNViL,5907.0
77,0,DYvQviUy,RfEbENxd,4416.0
77,0,aFlzccOO,DYvQviUy,4050.0
77,0,TNZDhyQb,aFlzccOO,3425.0
77,0,LfENZYTF,TNZDhyQb,3425.0
77,0,FliRNcXy,LfENZYTF,3425.0
77,0,TiulEaYs,FliRNcXy,3142.0
77,0,dwUntJQR,TiulEaYs,3142.0
77,0,rloRqLNl,dwUntJQR,3142.0
77,0,ppabfQGz,rloRqLNl,2849.0
77,0,MBTcSIip,ppabfQGz,2849.0
77,0,qFzqwYZZ,MBTcSIip,2827.0
77,0,gaLZwYvS,qFzqwYZZ,2496.0
77,0,XypZkLUe,gaLZwYvS,2493.0
77,0,drmArhka,XypZkLUe,2493.0
77,0,fwfbiPwk,drmArhka,2453.0
77,0,EkWBPXmr,fwfbiPwk,1854.0
1139,0,hCbDNPhh,kzneBolb,715.0
1139,0,oFLgHrco,hCbDNPhh,715.0
1139,0,yrWAEsGy,oFLgHrco,720.0
35,0,jQaLNViL,WynPMslR,4856.0
35,0,RfEbENxd,jQaLNViL,4527.0
1505,0,WCllcJIC,wxsBzgDc,8658.0
1505,0,OXcUkifL,WCllcJIC,9385.0
1505,0,POsNTwnJ,OXcUkifL,9913.0
1505,0,YmkUpvHU,POsNTwnJ,9900.0
1511,0,GgLRqpEG,uhUmvvRs,11838.0
1511,0,WFZVQzrl,GgLRqpEG,10706.0
1511,0,GiONHkbf,WFZVQzrl,10182.0
1511,0,QDIpIlEK,GiONHkbf,9250.0
233,0,GiONHkbf,aFxztqGh,2108.0
233,0,QDIpIlEK,GiONHkbf,1896.0
77,0,WUWIxCFc,OdzEGWPG,4660.0
77,0,XJRnAJHc,WUWIxCFc,4660.0
233,0,xwyDeZpB,ckoHNDVp,1826.0
233,0,aFxztqGh,xwyDeZpB,1911.0
1468,0,xwyDeZpB,ZsdtRkBt,331.0
1468,0,aFxztqGh,xwyDeZpB,331.0
1468,0,GiONHkbf,aFxztqGh,364.0
1468,0,QDIpIlEK,GiONHkbf,364.0
1468,0,GpnhEWuy,QDIpIlEK,184.0
35,0,vHkAlmCm,GnOurcjN,4035.0
35,0,WynPMslR,vHkAlmCm,4044.0
1505,0,poajKJhB,zUgDRwiy,7668.0
1505,0,wDKuLbjL,poajKJhB,7669.0
1505,0,IfDrXrwx,wDKuLbjL,7860.0
1505,0,wxsBzgDc,IfDrXrwx,7800.0
77,0,ruogAkOJ,cQHgTjKq,4342.0
77,0,tndfGrTh,ruogAkOJ,4342.0
77,0,OdzEGWPG,tndfGrTh,4342.0
233,0,TdXLhpcB,miDIXkTS,1757.0
233,0,ckoHNDVp,TdXLhpcB,2094.0
233,0,miDIXkTS,EFeZyZmg,1612.0
77,0,cQHgTjKq,wGTdgRcU,4095.0
1484,0,HcKLTTXk,UgdUAhSn,469.0
1484,0,mexFgKBp,HcKLTTXk,469.0
1484,0,KIvXTDlT,mexFgKBp,469.0
1484,0,TgzZcdmy,KIvXTDlT,469.0
1484,0,SEjojzMr,TgzZcdmy,469.0
1484,0,WCllcJIC,SEjojzMr,469.0
1484,0,OXcUkifL,WCllcJIC,469.0
1484,0,POsNTwnJ,OXcUkifL,433.0
1484,0,rRGVruPM,POsNTwnJ,433.0
1484,0,YmkUpvHU,rRGVruPM,433.0
1484,0,GbYxEXTt,YmkUpvHU,433.0
1484,0,DOGyniWl,GbYxEXTt,433.0
1484,0,fubLBmAl,DOGyniWl,433.0
1484,0,zjSAMvDn,fubLBmAl,433.0
1484,0,BYsSDXCP,zjSAMvDn,433.0
1484,0,WtPVEKaC,BYsSDXCP,433.0
1484,0,cniBuICf,WtPVEKaC,152.0
1484,0,LPfgjVyT,cniBuICf,152.0
1484,0,cPCRxZjy,LPfgjVyT,126.0
1484,0,XFLojCJa,cPCRxZjy,126.0
1484,0,mHRdWDIt,XFLojCJa,126.0
1484,0,NBopaFdP,mHRdWDIt,126.0
1484,0,LbKosGpD,NBopaFdP,126.0
1484,0,rDSiGFpR,LbKosGpD,126.0
1484,0,hxSTJhOz,rDSiGFpR,108.0
1484,0,TShNRujB,hxSTJhOz,108.0
1484,0,xbiDwIOu,TShNRujB,73.0
1484,0,zVYhNTdK,xbiDwIOu,73.0
1484,0,EkWBPXmr,zVYhNTdK,73.0
362,0,jvuOCfJT,BCaYhIgf,195.0
362,0,vGKZybsV,jvuOCfJT,195.0
362,0,lEwLedpG,vGKZybsV,142.0
362,0,GtMUYUwJ,lEwLedpG,141.0
362,0,lQIpGOTn,GtMUYUwJ,141.0
362,0,uhUmvvRs,lQIpGOTn,135.0
362,0,GgLRqpEG,uhUmvvRs,115.0
362,0,WFZVQzrl,GgLRqpEG,115.0
362,0,GiONHkbf,WFZVQzrl,107.0
362,0,QDIpIlEK,GiONHkbf,107.0
362,0,GpnhEWuy,QDIpIlEK,87.0
362,0,YmkUpvHU,GpnhEWuy,87.0
362,0,GbYxEXTt,YmkUpvHU,87.0
362,0,DOGyniWl,GbYxEXTt,75.0
362,0,fubLBmAl,DOGyniWl,75.0
362,0,zjSAMvDn,fubLBmAl,75.0
362,0,BYsSDXCP,zjSAMvDn,73.0
362,0,WtPVEKaC,BYsSDXCP,73.0
362,0,cniBuICf,WtPVEKaC,73.0
362,0,LPfgjVyT,cniBuICf,73.0
362,0,cPCRxZjy,LPfgjVyT,56.0
362,0,qpacHTVx,cPCRxZjy,56.0
362,0,XFLojCJa,qpacHTVx,56.0
362,0,mHRdWDIt,XFLojCJa,56.0
362,0,NBopaFdP,mHRdWDIt,56.0
362,0,LbKosGpD,NBopaFdP,56.0
362,0,rDSiGFpR,LbKosGpD,56.0
362,0,hxSTJhOz,rDSiGFpR,54.0
362,0,TShNRujB,hxSTJhOz,53.0
362,0,xbiDwIOu,TShNRujB,51.0
362,0,zVYhNTdK,xbiDwIOu,51.0
362,0,EkWBPXmr,zVYhNTdK,51.0
362,0,fpBSsIiN,kVypOvQA,177.0
362,0,vDrIQGSM,fpBSsIiN,177.0
362,0,wYGnXViz,vDrIQGSM,177.0
362,0,BCaYhIgf,wYGnXViz,177.0
1435,0,xgzyCPTg,HAmwZMhM,6499.0
1435,0,XWLETkPz,xgzyCPTg,6499.0
1435,0,RSQixiib,XWLETkPz,6499.0
1435,0,qrzeRBPC,RSQixiib,9687.0
1435,0,phXawcIY,qrzeRBPC,9687.0
1435,0,EXTmTMKf,phXawcIY,7245.0
35,0,yfIoPTHo,EXTmTMKf,3274.0
35,0,GnOurcjN,yfIoPTHo,3284.0
1750,0,nOepWjtB,zfmNZkKD,3212.0
1750,0,kNXaohyL,nOepWjtB,3212.0
1750,0,gJicbLzN,kNXaohyL,3212.0
1750,0,lRwVVbKf,gJicbLzN,3257.0
1750,0,HcKLTTXk,lRwVVbKf,5545.0
1750,0,IvXmMOhB,HcKLTTXk,5568.0
1750,0,KIvXTDlT,IvXmMOhB,5553.0
1750,0,TgzZcdmy,KIvXTDlT,5553.0
1750,0,SEjojzMr,TgzZcdmy,5553.0
1750,0,oBYetVBr,SEjojzMr,5142.0
1750,0,GiONHkbf,oBYetVBr,4883.0
1750,0,QDIpIlEK,GiONHkbf,4793.0
77,0,meZHMfSd,yTNmoAGc,3832.0
77,0,wGTdgRcU,meZHMfSd,3832.0
35,0,zjGRmLyo,JGydtICe,2880.0
35,0,EXTmTMKf,zjGRmLyo,2947.0
36,0,JGydtICe,RtTLxXUv,2660.0
36,0,zjGRmLyo,JGydtICe,2660.0
36,0,EXTmTMKf,zjGRmLyo,2660.0
36,0,yfIoPTHo,EXTmTMKf,2660.0
36,0,GnOurcjN,yfIoPTHo,2660.0
36,0,vHkAlmCm,GnOurcjN,2660.0
36,0,WynPMslR,vHkAlmCm,2660.0
36,0,jQaLNViL,WynPMslR,2660.0
36,0,RfEbENxd,jQaLNViL,1947.0
36,0,DYvQviUy,RfEbENxd,1590.0
36,0,aFlzccOO,DYvQviUy,1583.0
36,0,TNZDhyQb,aFlzccOO,1546.0
36,0,LfENZYTF,TNZDhyQb,1546.0
36,0,FliRNcXy,LfENZYTF,1546.0
36,0,TiulEaYs,FliRNcXy,1483.0
36,0,dwUntJQR,TiulEaYs,1483.0
36,0,rloRqLNl,dwUntJQR,1483.0
36,0,ppabfQGz,rloRqLNl,1232.0
36,0,MBTcSIip,ppabfQGz,1232.0
36,0,qFzqwYZZ,MBTcSIip,1133.0
36,0,gaLZwYvS,qFzqwYZZ,1048.0
36,0,XypZkLUe,gaLZwYvS,1048.0
36,0,drmArhka,XypZkLUe,1048.0
36,0,fwfbiPwk,drmArhka,1043.0
36,0,cGoHBmgo,fwfbiPwk,640.0
36,0,EkWBPXmr,cGoHBmgo,640.0
1702,0,KOOURKwq,ALndweLA,3241.0
1702,0,VkuawVVW,KOOURKwq,3210.0
1702,0,iooOeHkN,VkuawVVW,3237.0
1702,0,DgeiAShx,iooOeHkN,3237.0
1511,0,jFRqfnFl,qeXIqBgp,10960.0
1511,0,ysSWNERo,jFRqfnFl,11237.0
1511,0,lEwLedpG,ysSWNERo,11184.0
1511,0,lQIpGOTn,lEwLedpG,11765.0
1511,0,uhUmvvRs,lQIpGOTn,11765.0
1532,0,ULIlEdjB,XHLHCkqn,1098.0
1532,0,zfmNZkKD,ULIlEdjB,1098.0
1532,0,tYiGccLM,zfmNZkKD,1445.0
1532,0,zVMCvpDh,tYiGccLM,1594.0
1532,0,tdSVPjpA,zVMCvpDh,1594.0
1532,0,nOepWjtB,tdSVPjpA,1594.0
1532,0,kNXaohyL,nOepWjtB,1594.0
1532,0,gJicbLzN,kNXaohyL,1594.0
1532,0,lRwVVbKf,gJicbLzN,1613.0
1532,0,HcKLTTXk,lRwVVbKf,2019.0
1532,0,IvXmMOhB,HcKLTTXk,2702.0
35,0,uCftfjda,aBQaRmrC,1485.0
35,0,JGydtICe,uCftfjda,1485.0
77,0,wDEypHfE,QCBPrBCl,3449.0
77,0,yTNmoAGc,wDEypHfE,3416.0
77,0,rGYrQqGa,OUTzwMHI,3379.0
77,0,QCBPrBCl,rGYrQqGa,3379.0
143,0,mexFgKBp,NrNaZyPp,1987.0
143,0,KIvXTDlT,mexFgKBp,1043.0
143,0,TgzZcdmy,KIvXTDlT,1044.0
143,0,SEjojzMr,TgzZcdmy,1044.0
143,0,WCllcJIC,SEjojzMr,683.0
143,0,OXcUkifL,WCllcJIC,683.0
143,0,POsNTwnJ,OXcUkifL,672.0
143,0,rRGVruPM,POsNTwnJ,672.0
143,0,YmkUpvHU,rRGVruPM,326.0
762,0,dHuMOmqh,HqehCtdr,4646.0
762,0,mdiSFJRM,dHuMOmqh,4768.0
762,0,ljNlRbnZ,mdiSFJRM,4768.0
762,0,VbMcfGsr,ljNlRbnZ,4453.0
762,0,MttNRhjN,VbMcfGsr,4453.0
762,0,HeidvHXY,MttNRhjN,4453.0
762,0,CCoJPQpR,HeidvHXY,4453.0
762,0,veAXvdUO,CCoJPQpR,7356.0
762,0,UgdUAhSn,veAXvdUO,7356.0
762,0,HcKLTTXk,UgdUAhSn,5857.0
762,0,zUgDRwiy,HcKLTTXk,5564.0
36,0,HxnLIWQq,tcbhlVZo,1458.0
36,0,wqGWmwVd,HxnLIWQq,2185.0
36,0,ACkvbmee,wqGWmwVd,2185.0
36,0,FtWuEuzF,ACkvbmee,2185.0
36,0,RtTLxXUv,FtWuEuzF,2185.0
852,0,nsbHlbAq,WhHfbZWj,1408.0
852,0,cwgbfpqq,nsbHlbAq,1408.0
852,0,fMrlznIn,cwgbfpqq,1408.0
852,0,uXKxCjNA,fMrlznIn,1408.0
852,0,bOiSLYGO,uXKxCjNA,1408.0
852,0,mhgPTzcZ,bOiSLYGO,1716.0
852,0,WFZVQzrl,mhgPTzcZ,1716.0
852,0,GiONHkbf,WFZVQzrl,1716.0
852,0,QDIpIlEK,GiONHkbf,1716.0
852,0,GpnhEWuy,QDIpIlEK,1716.0
852,0,YmkUpvHU,GpnhEWuy,1716.0
852,0,GbYxEXTt,YmkUpvHU,1716.0
852,0,DOGyniWl,GbYxEXTt,1716.0
852,0,fubLBmAl,DOGyniWl,1716.0
852,0,zjSAMvDn,fubLBmAl,1716.0
852,0,BYsSDXCP,zjSAMvDn,1701.0
852,0,WtPVEKaC,BYsSDXCP,1697.0
852,0,cniBuICf,WtPVEKaC,1632.0
852,0,LPfgjVyT,cniBuICf,1632.0
852,0,cPCRxZjy,LPfgjVyT,1513.0
852,0,XFLojCJa,cPCRxZjy,1510.0
852,0,mHRdWDIt,XFLojCJa,1510.0
852,0,NBopaFdP,mHRdWDIt,1508.0
852,0,LbKosGpD,NBopaFdP,1508.0
852,0,rDSiGFpR,LbKosGpD,1508.0
852,0,hxSTJhOz,rDSiGFpR,1448.0
852,0,TShNRujB,hxSTJhOz,1448.0
852,0,xbiDwIOu,TShNRujB,1204.0
852,0,zVYhNTdK,xbiDwIOu,1204.0
852,0,EkWBPXmr,zVYhNTdK,1204.0
780,0,VEiYdotb,AhWKwjTz,7294.0
780,0,DgYBMgPg,VEiYdotb,7294.0
780,0,vkArqzKY,DgYBMgPg,7739.0
780,0,gzTQJVMW,vkArqzKY,7739.0
780,0,FZsFzszJ,gzTQJVMW,3504.0
1511,0,ALhaazBT,FZsFzszJ,2753.0
1511,0,AUmOMGnp,ALhaazBT,3025.0
1511,0,ejMjPdTH,AUmOMGnp,3077.0
1511,0,eaNsVWDR,ejMjPdTH,4276.0
1511,0,hpACGGyB,eaNsVWDR,6177.0
1511,0,ywuGpANM,hpACGGyB,6356.0
1511,0,BZCtSmhk,ywuGpANM,10150.0
1511,0,qeXIqBgp,BZCtSmhk,11022.0
1441,0,JZbiEaEt,LsuNFzpq,1208.0
1441,0,RchOKnYD,JZbiEaEt,906.0
1441,0,BMDeXhVp,RchOKnYD,906.0
1441,0,ZqBGCTqq,BMDeXhVp,906.0
1441,0,HxnLIWQq,ZqBGCTqq,895.0
1441,0,wqGWmwVd,HxnLIWQq,883.0
1441,0,ACkvbmee,wqGWmwVd,846.0
1441,0,FtWuEuzF,ACkvbmee,846.0
1441,0,RtTLxXUv,FtWuEuzF,846.0
1441,0,JGydtICe,RtTLxXUv,907.0
565,0,PQDqFTyk,qQFDKzdu,846.0
565,0,SOzmnmNW,PQDqFTyk,563.0
565,0,OhBAPvsb,SOzmnmNW,563.0
762,0,HqehCtdr,OhBAPvsb,5039.0
803,0,lhYDMMsV,LNRgsQQF,1149.0
803,0,dHuMOmqh,lhYDMMsV,1149.0
803,0,shEBYolm,dHuMOmqh,817.0
803,0,ljNlRbnZ,shEBYolm,817.0
803,0,MttNRhjN,ljNlRbnZ,788.0
803,0,HeidvHXY,MttNRhjN,788.0
803,0,CCoJPQpR,HeidvHXY,788.0
803,0,veAXvdUO,CCoJPQpR,788.0
803,0,UgdUAhSn,veAXvdUO,788.0
803,0,HcKLTTXk,UgdUAhSn,684.0
803,0,IvXmMOhB,HcKLTTXk,684.0
803,0,KIvXTDlT,IvXmMOhB,557.0
803,0,TgzZcdmy,KIvXTDlT,515.0
803,0,SEjojzMr,TgzZcdmy,515.0
803,0,WCllcJIC,SEjojzMr,460.0
803,0,OXcUkifL,WCllcJIC,395.0
803,0,POsNTwnJ,OXcUkifL,318.0
803,0,rRGVruPM,POsNTwnJ,122.0
803,0,YmkUpvHU,rRGVruPM,122.0
836,0,UGBWqSzR,aImltWBw,3186.0
836,0,ywuGpANM,UGBWqSzR,3221.0
836,0,BZCtSmhk,ywuGpANM,6533.0
77,0,tcHYhVZo,XkkxwlXm,3128.0
77,0,OUTzwMHI,tcHYhVZo,2970.0
1484,0,llFTEWtD,IulxyPoH,85.0
1484,0,SgXyhVwd,llFTEWtD,85.0
1484,0,fPhIOSOj,SgXyhVwd,121.0
1484,0,dHuMOmqh,fPhIOSOj,121.0
1484,0,mdiSFJRM,dHuMOmqh,223.0
1484,0,KSJnwxVm,mdiSFJRM,223.0
1484,0,shEBYolm,KSJnwxVm,223.0
1484,0,ljNlRbnZ,shEBYolm,223.0
1484,0,VbMcfGsr,ljNlRbnZ,237.0
1484,0,MttNRhjN,VbMcfGsr,237.0
1484,0,CCoJPQpR,MttNRhjN,237.0
1484,0,veAXvdUO,CCoJPQpR,292.0
1484,0,UgdUAhSn,veAXvdUO,292.0
36,0,GMrJWgHs,OaJoPLeC,364.0
36,0,tTjpyeuP,GMrJWgHs,364.0
36,0,elxmPCDf,tTjpyeuP,364.0
36,0,tcbhlVZo,elxmPCDf,364.0
36,0,DFiOxLfP,OQfDwOIF,356.0
36,0,OaJoPLeC,DFiOxLfP,356.0
77,0,PQuXHWcA,ZFSCrBEp,2811.0
77,0,XkkxwlXm,PQuXHWcA,2811.0
994,0,KnIeolpt,RyhuDLev,6402.0
994,0,GMrJWgHs,KnIeolpt,6404.0
994,0,tTjpyeuP,GMrJWgHs,6386.0
994,0,elxmPCDf,tTjpyeuP,6386.0
994,0,tcbhlVZo,elxmPCDf,6386.0
994,0,HxnLIWQq,tcbhlVZo,3529.0
994,0,wqGWmwVd,HxnLIWQq,3528.0
994,0,ACkvbmee,wqGWmwVd,3527.0
994,0,FtWuEuzF,ACkvbmee,3527.0
994,0,RtTLxXUv,FtWuEuzF,3524.0
994,0,JGydtICe,RtTLxXUv,3352.0
560,0,IjDfGHsr,hzAARBgX,2096.0
560,0,TFRpjaAo,IjDfGHsr,2096.0
560,0,JhdinCeD,TFRpjaAo,2164.0
560,0,ZIieNEvD,JhdinCeD,2164.0
560,0,jvLymITs,ZIieNEvD,2164.0
560,0,jJVVpGMf,jvLymITs,2007.0
560,0,tcYerYbk,jJVVpGMf,2007.0
560,0,pPKqPUVW,tcYerYbk,2007.0
560,0,iYTiOTOT,pPKqPUVW,2007.0
560,0,dLtneiKf,iYTiOTOT,2008.0
560,0,slfxTuih,dLtneiKf,2008.0
560,0,XFPAZveS,slfxTuih,1813.0
560,0,WjGJosho,XFPAZveS,1558.0
77,0,fXFJjsZH,DKTMYVhM,2648.0
77,0,zKpOsJgw,fXFJjsZH,2648.0
77,0,ZFSCrBEp,zKpOsJgw,2648.0
994,0,fzmnvqlX,SEcoeimf,5229.0
994,0,RyhuDLev,fzmnvqlX,5229.0
994,0,zzxlwhdI,wssOAckJ,3445.0
994,0,SEcoeimf,zzxlwhdI,2522.0
1554,0,kTKiYpVR,EPQxNUoM,3745.0
1554,0,bjpXdchK,kTKiYpVR,2542.0
1554,0,dEgXqWEW,bjpXdchK,2542.0
1554,0,ZWGREbnj,dEgXqWEW,2542.0
1554,0,cgIzawVB,ZWGREbnj,2542.0
1554,0,CbYTLXWK,cgIzawVB,2542.0
1554,0,kWrGTFqC,CbYTLXWK,2542.0
1554,0,ubEwIGdf,kWrGTFqC,2538.0
1554,0,aBKtLgYB,ubEwIGdf,2538.0
1554,0,qduHdsCL,aBKtLgYB,2538.0
1554,0,GYMzAvFw,qduHdsCL,2538.0
1554,0,VXAxIwYs,GYMzAvFw,2538.0
1554,0,ZHWKFCEn,VXAxIwYs,2526.0
1554,0,KbemmdTp,ZHWKFCEn,2519.0
1554,0,wTVyxBBy,KbemmdTp,2519.0
1554,0,LNRgsQQF,wTVyxBBy,2519.0
1554,0,lhYDMMsV,LNRgsQQF,2519.0
1554,0,OhgtKZPi,lhYDMMsV,2519.0
1554,0,dHuMOmqh,OhgtKZPi,2519.0
1554,0,mdiSFJRM,dHuMOmqh,1742.0
1554,0,KSJnwxVm,mdiSFJRM,1638.0
1554,0,shEBYolm,KSJnwxVm,1638.0
1554,0,ljNlRbnZ,shEBYolm,1638.0
1554,0,VbMcfGsr,ljNlRbnZ,1632.0
1554,0,MttNRhjN,VbMcfGsr,1632.0
1554,0,HeidvHXY,MttNRhjN,1632.0
1554,0,CCoJPQpR,HeidvHXY,1632.0
1554,0,veAXvdUO,CCoJPQpR,1249.0
1554,0,UgdUAhSn,veAXvdUO,1249.0
1554,0,HcKLTTXk,UgdUAhSn,1242.0
1554,0,mexFgKBp,HcKLTTXk,1061.0
1554,0,KIvXTDlT,mexFgKBp,686.0
1554,0,TgzZcdmy,KIvXTDlT,686.0
1554,0,SEjojzMr,TgzZcdmy,686.0
1554,0,WCllcJIC,SEjojzMr,651.0
1554,0,OXcUkifL,WCllcJIC,349.0
1554,0,POsNTwnJ,OXcUkifL,349.0
1554,0,rRGVruPM,POsNTwnJ,349.0
1554,0,YmkUpvHU,rRGVruPM,185.0
994,0,wssOAckJ,obGcbWvT,2803.0
71,0,vaPtcLuK,tNSMkSfB,1213.0
71,0,dEwNKLNy,vaPtcLuK,1485.0
77,0,MwUoGUHv,aXWsLpyQ,2236.0
77,0,lndqhzzh,MwUoGUHv,2236.0
77,0,jOvjucEC,lndqhzzh,2236.0
77,0,HbaaqMIK,jOvjucEC,2236.0
77,0,SvkqEtGw,HbaaqMIK,2296.0
77,0,DKTMYVhM,SvkqEtGw,2296.0
941,0,avmqjzBH,aYSNYmnY,3267.0
941,0,jEVQeNyS,avmqjzBH,3521.0
941,0,HeRuYpNs,jEVQeNyS,3521.0
941,0,qRJySzaf,HeRuYpNs,3013.0
941,0,LTfflVxG,qRJySzaf,3013.0
941,0,AhWKwjTz,LTfflVxG,2044.0
941,0,VEiYdotb,AhWKwjTz,1795.0
941,0,DgYBMgPg,VEiYdotb,1795.0
941,0,yjQwxGED,DgYBMgPg,1304.0
941,0,KPcRWbGT,yjQwxGED,1304.0
941,0,uGRyXcfW,KPcRWbGT,1304.0
941,0,HlhFjJtZ,uGRyXcfW,1319.0
941,0,ALhaazBT,HlhFjJtZ,1319.0
1511,0,FZsFzszJ,gzTQJVMW,2677.0
994,0,QyfZGsFT,JgVaSAtG,2568.0
994,0,selTNsQi,QyfZGsFT,2568.0
994,0,SfBAqteg,selTNsQi,2568.0
994,0,obGcbWvT,SfBAqteg,2568.0
1511,0,gzTQJVMW,RVEyrwjR,2495.0
1558,0,KqFhDHZN,yHaTCNJc,273.0
1558,0,bCNvXuax,KqFhDHZN,1560.0
1558,0,HDmoIVra,bCNvXuax,1605.0
1558,0,tfRCwcQZ,HDmoIVra,1605.0
1558,0,ltfHcqwC,tfRCwcQZ,1716.0
1558,0,VUmYNFZt,ltfHcqwC,1716.0
1558,0,pnYEWPBG,VUmYNFZt,1716.0
1558,0,IANlmbvg,pnYEWPBG,2003.0
1558,0,LjfvDYFE,IANlmbvg,2428.0
1558,0,MhGEPaGW,LjfvDYFE,2434.0
1558,0,ZHWKFCEn,MhGEPaGW,2403.0
1558,0,LNRgsQQF,ZHWKFCEn,2388.0
1558,0,lhYDMMsV,LNRgsQQF,2372.0
1558,0,OhgtKZPi,lhYDMMsV,2372.0
1558,0,dHuMOmqh,OhgtKZPi,2372.0
1558,0,mdiSFJRM,dHuMOmqh,2259.0
1558,0,KSJnwxVm,mdiSFJRM,2030.0
1558,0,shEBYolm,KSJnwxVm,2030.0
1558,0,ljNlRbnZ,shEBYolm,2030.0
1558,0,VbMcfGsr,ljNlRbnZ,2027.0
1558,0,MttNRhjN,VbMcfGsr,2027.0
1558,0,CCoJPQpR,MttNRhjN,2027.0
1558,0,veAXvdUO,CCoJPQpR,1716.0
1558,0,UgdUAhSn,veAXvdUO,1716.0
1558,0,HcKLTTXk,UgdUAhSn,1712.0
1558,0,IvXmMOhB,HcKLTTXk,1507.0
1558,0,KIvXTDlT,IvXmMOhB,1393.0
1558,0,TgzZcdmy,KIvXTDlT,1393.0
1558,0,SEjojzMr,TgzZcdmy,1393.0
1558,0,WCllcJIC,SEjojzMr,1380.0
1558,0,OXcUkifL,WCllcJIC,980.0
1558,0,POsNTwnJ,OXcUkifL,950.0
1558,0,rRGVruPM,POsNTwnJ,949.0
1558,0,YmkUpvHU,rRGVruPM,792.0
1511,0,RVEyrwjR,XLVjRryq,558.0
1083,0,jobllKUJ,pqZYMbGr,3505.0
1083,0,cKlxsEIa,jobllKUJ,3505.0
1083,0,POeaLshN,cKlxsEIa,3505.0
1083,0,nvtqczOj,POeaLshN,3505.0
1083,0,FdzHSswJ,nvtqczOj,3228.0
1083,0,qmRscxuH,FdzHSswJ,3336.0
1083,0,zrVEttwl,qmRscxuH,3138.0
1083,0,KhQckqci,zrVEttwl,3138.0
1083,0,NkYJOxxA,KhQckqci,3138.0
1083,0,Phtvjmoj,NkYJOxxA,3138.0
1083,0,iRgZVaoH,Phtvjmoj,4393.0
1083,0,KbKyxild,iRgZVaoH,4393.0
1083,0,WzJZybAt,KbKyxild,3949.0
1083,0,wBZvskGC,WzJZybAt,3917.0
1083,0,pHbSfQWg,wBZvskGC,5341.0
1083,0,hlYcHDiv,pHbSfQWg,5341.0
1083,0,ZUUFaTkv,hlYcHDiv,5341.0
1083,0,jgCiOeaN,ZUUFaTkv,5383.0
1083,0,TikfrWrm,jgCiOeaN,5383.0
1083,0,RabBrvbh,TikfrWrm,6603.0
1083,0,yAsGVYQM,RabBrvbh,6603.0
1083,0,XFPAZveS,yAsGVYQM,18431.0
1083,0,ejMjPdTH,XFPAZveS,18474.0
1083,0,CKorGRkE,ejMjPdTH,9496.0
1083,0,eaNsVWDR,CKorGRkE,5677.0
77,0,TBShKgjD,yOopALph,2098.0
77,0,aXWsLpyQ,TBShKgjD,2098.0
779,0,khOlLZay,CDXhVrrJ,4554.0
77,0,IGRxApsM,ZNFFlclk,15.0
77,0,yOopALph,IGRxApsM,51.0
736,0,NxbXiMUL,MyGqmywG,7356.0
1511,0,XLVjRryq,NxbXiMUL,174.0
367,0,CgMBzfIg,OXvlrfnG,2561.0
367,0,BCwVkMhO,CgMBzfIg,2561.0
367,0,MpBHVRZl,BCwVkMhO,2374.0
367,0,BWKNZpmt,MpBHVRZl,2378.0
367,0,hMBIVszx,BWKNZpmt,2389.0
367,0,JgVaSAtG,hMBIVszx,2389.0
367,0,QyfZGsFT,JgVaSAtG,2411.0
367,0,selTNsQi,QyfZGsFT,2411.0
367,0,SfBAqteg,selTNsQi,2411.0
367,0,obGcbWvT,SfBAqteg,2411.0
367,0,wssOAckJ,obGcbWvT,2425.0
367,0,zzxlwhdI,wssOAckJ,3147.0
367,0,SEcoeimf,zzxlwhdI,3062.0
367,0,fzmnvqlX,SEcoeimf,4147.0
367,0,RyhuDLev,fzmnvqlX,4147.0
367,0,KnIeolpt,RyhuDLev,4612.0
367,0,GMrJWgHs,KnIeolpt,4613.0
367,0,tTjpyeuP,GMrJWgHs,4799.0
367,0,elxmPCDf,tTjpyeuP,4799.0
367,0,tcbhlVZo,elxmPCDf,4799.0
367,0,HxnLIWQq,tcbhlVZo,5720.0
367,0,wqGWmwVd,HxnLIWQq,6296.0
367,0,ACkvbmee,wqGWmwVd,6297.0
367,0,FtWuEuzF,ACkvbmee,6297.0
367,0,RtTLxXUv,FtWuEuzF,6301.0
367,0,JGydtICe,RtTLxXUv,7223.0
1511,0,vDFCntfg,YvwuVYMF,138.0
1511,0,iEKDTvNf,vDFCntfg,138.0
1511,0,NxbXiMUL,iEKDTvNf,138.0
367,0,OXvlrfnG,iZfXNAue,2515.0
367,0,Uacajbua,wcUGKfLa,1997.0
367,0,ZLCIvgrp,Uacajbua,1999.0
367,0,ucVTqZIB,ZLCIvgrp,1883.0
367,0,FDrhtNjK,ucVTqZIB,1883.0
367,0,YVGWiGkc,FDrhtNjK,1883.0
367,0,CqPWXNIf,YVGWiGkc,1883.0
367,0,iZfXNAue,CqPWXNIf,1834.0
616,0,fElpHioA,TJGhHrvm,782.0
616,0,PaLbQtln,fElpHioA,938.0
616,0,rqBqDfoZ,PaLbQtln,939.0
616,0,yhXmuUeN,rqBqDfoZ,1923.0
319,0,zVYhNTdK,yhXmuUeN,1869.0
319,0,EkWBPXmr,zVYhNTdK,1868.0
234,0,xewbkqhz,AHLLTOdf,5200.0
234,0,mklbELhb,xewbkqhz,5089.0
234,0,yhXmuUeN,mklbELhb,4986.0
234,0,BqZQArDi,yhXmuUeN,2833.0
234,0,xbiDwIOu,BqZQArDi,2833.0
234,0,zVYhNTdK,xbiDwIOu,2833.0
234,0,EkWBPXmr,zVYhNTdK,2828.0
234,0,AHLLTOdf,JSZZmOIY,5360.0
319,0,zavSPsgu,YjHuxjDZ,5740.0
319,0,UrQlyWkl,zavSPsgu,4857.0
319,0,mklbELhb,UrQlyWkl,3380.0
319,0,yhXmuUeN,mklbELhb,1763.0
399,0,WPPGaTFA,RupFhEwj,2520.0
399,0,JSZZmOIY,WPPGaTFA,2520.0
399,0,AHLLTOdf,JSZZmOIY,2152.0
399,0,xewbkqhz,AHLLTOdf,1396.0
399,0,mklbELhb,xewbkqhz,1395.0
399,0,yhXmuUeN,mklbELhb,1395.0
399,0,BqZQArDi,yhXmuUeN,682.0
399,0,xbiDwIOu,BqZQArDi,682.0
399,0,zVYhNTdK,xbiDwIOu,682.0
399,0,EkWBPXmr,zVYhNTdK,682.0
234,0,JSZZmOIY,tBJBJfdu,3868.0
319,0,CZfJWCoJ,xfYjeqNM,5461.0
319,0,IdWZOznf,CZfJWCoJ,5461.0
319,0,XGxJlapP,IdWZOznf,5509.0
319,0,YjHuxjDZ,XGxJlapP,5510.0
647,0,bCOJrgoA,qDeoslSZ,1006.0
647,0,uTcsgvmK,bCOJrgoA,1009.0
647,0,PrdzzRyE,uTcsgvmK,1009.0
1744,0,xfYjeqNM,UWSJuCAz,5034.0
319,0,xfYjeqNM,RSPZrGBg,5578.0
647,0,qDeoslSZ,hLEWSLqw,448.0
399,0,eciAPzhn,zYpZYpOA,1359.0
399,0,tOfkaukv,eciAPzhn,1359.0
399,0,exzjGTVf,tOfkaukv,1359.0
399,0,CcTUkfkl,exzjGTVf,1359.0
399,0,tglFZOrp,CcTUkfkl,2030.0
399,0,SqxhBMol,tglFZOrp,2030.0
399,0,vIqdsoZx,SqxhBMol,2465.0
399,0,RupFhEwj,vIqdsoZx,2465.0
234,0,UECnapuN,bWAbaUPC,4613.0
234,0,uVsOstge,UECnapuN,4868.0
234,0,tBJBJfdu,uVsOstge,4829.0
1197,0,CRZgpQHT,RQiSRtZp,573.0
1197,0,uDuzeUsq,CRZgpQHT,573.0
234,0,bWAbaUPC,cEOIeJTR,4762.0
293,0,cEOIeJTR,CfleTooC,2324.0
293,0,bWAbaUPC,cEOIeJTR,2324.0
293,0,qrSNpKDz,bWAbaUPC,1866.0
293,0,UECnapuN,qrSNpKDz,1832.0
293,0,FZYojuVE,UECnapuN,1832.0
293,0,uVsOstge,FZYojuVE,1810.0
293,0,tBJBJfdu,uVsOstge,1702.0
293,0,JSZZmOIY,tBJBJfdu,1131.0
293,0,AHLLTOdf,JSZZmOIY,1126.0
293,0,xewbkqhz,AHLLTOdf,1079.0
293,0,mklbELhb,xewbkqhz,1079.0
293,0,yhXmuUeN,mklbELhb,1060.0
293,0,BqZQArDi,yhXmuUeN,421.0
293,0,xbiDwIOu,BqZQArDi,421.0
293,0,zVYhNTdK,xbiDwIOu,421.0
293,0,EkWBPXmr,zVYhNTdK,421.0
465,0,nGRNUPgX,ARTSSefO,8011.0
465,0,cPCRxZjy,nGRNUPgX,7064.0
1197,0,jPryMrof,xMTUUeEc,562.0
1197,0,jkJwqjHm,jPryMrof,562.0
1197,0,jKMBgxbE,jkJwqjHm,562.0
1197,0,RQiSRtZp,jKMBgxbE,562.0
95,0,VyegGjWt,kKHgYdYp,8.0
95,0,rLrKZBjw,VyegGjWt,8.0
95,0,eBAbFKqQ,rLrKZBjw,8.0
95,0,cniBuICf,eBAbFKqQ,8.0
95,0,LPfgjVyT,cniBuICf,8.0
95,0,cPCRxZjy,LPfgjVyT,8.0
95,0,qpacHTVx,cPCRxZjy,8.0
95,0,XFLojCJa,qpacHTVx,8.0
95,0,mHRdWDIt,XFLojCJa,8.0
95,0,NBopaFdP,mHRdWDIt,8.0
95,0,LbKosGpD,NBopaFdP,8.0
95,0,rDSiGFpR,LbKosGpD,8.0
95,0,hxSTJhOz,rDSiGFpR,8.0
95,0,TShNRujB,hxSTJhOz,8.0
95,0,xbiDwIOu,TShNRujB,8.0
95,0,zVYhNTdK,xbiDwIOu,8.0
95,0,EkWBPXmr,zVYhNTdK,8.0
399,0,CYSggHNR,IkxLwyxa,951.0
399,0,VhgapMoa,CYSggHNR,951.0
399,0,dKbqWpcD,VhgapMoa,951.0
399,0,zYpZYpOA,dKbqWpcD,951.0
146,0,zAwPDfkg,RWixPrCB,663.0
146,0,eBAbFKqQ,zAwPDfkg,663.0
146,0,cniBuICf,eBAbFKqQ,508.0
146,0,LPfgjVyT,cniBuICf,508.0
146,0,cPCRxZjy,LPfgjVyT,349.0
146,0,qpacHTVx,cPCRxZjy,349.0
146,0,XFLojCJa,qpacHTVx,349.0
146,0,mHRdWDIt,XFLojCJa,349.0
146,0,NBopaFdP,mHRdWDIt,348.0
146,0,LbKosGpD,NBopaFdP,348.0
146,0,rDSiGFpR,LbKosGpD,348.0
146,0,hxSTJhOz,rDSiGFpR,248.0
146,0,TShNRujB,hxSTJhOz,248.0
146,0,zVYhNTdK,TShNRujB,175.0
146,0,EkWBPXmr,zVYhNTdK,175.0
319,0,STSGJiIu,TdfMaTlB,5252.0
319,0,vpctkpYQ,STSGJiIu,5252.0
319,0,EBckcZXF,vpctkpYQ,5270.0
319,0,buAeVenh,EBckcZXF,5353.0
319,0,ARTSSefO,buAeVenh,5353.0
319,0,KMDYeUKg,ARTSSefO,5419.0
319,0,FrlvFFoW,KMDYeUKg,5634.0
319,0,UCIDNTPZ,FrlvFFoW,5614.0
319,0,RSPZrGBg,UCIDNTPZ,5634.0
234,0,hCxxcqWU,IOcMwGKn,4869.0
234,0,pPReLBCT,hCxxcqWU,4872.0
234,0,gUXxyAlR,pPReLBCT,4758.0
234,0,cEOIeJTR,gUXxyAlR,4758.0
234,0,IOcMwGKn,ybjkPLXB,4772.0
399,0,nJRBvlcT,YmbmpLps,471.0
399,0,IkxLwyxa,nJRBvlcT,678.0
293,0,fjbmYxRB,SzEcLYsf,1758.0
293,0,hCxxcqWU,fjbmYxRB,1758.0
293,0,gUXxyAlR,hCxxcqWU,1830.0
293,0,CfleTooC,gUXxyAlR,2456.0
146,0,WweXYmbm,JODrgTwh,1244.0
146,0,RWixPrCB,WweXYmbm,1244.0
399,0,JGbfxLUL,KQSHMGnw,302.0
399,0,IjwLXBRx,JGbfxLUL,302.0
399,0,YmbmpLps,IjwLXBRx,302.0
989,0,fjevhefZ,AUBTKFbY,6666.0
989,0,vyQyYYqJ,fjevhefZ,6560.0
989,0,ztLkgYlA,vyQyYYqJ,6551.0
319,0,OPXtWBVk,gqwqEGtD,5054.0
319,0,SvGtXrYj,OPXtWBVk,4813.0
319,0,TdfMaTlB,SvGtXrYj,4712.0
234,0,OAywdpTB,BpAiVnps,3635.0
234,0,ufvngNip,OAywdpTB,4459.0
234,0,ybjkPLXB,ufvngNip,4459.0
357,0,dlzglDFV,yFEIEiOj,1435.0
357,0,pZATYgJX,dlzglDFV,1435.0
357,0,DkqFSkSd,pZATYgJX,1407.0
357,0,bZroqIhX,DkqFSkSd,1407.0
357,0,zjSAMvDn,bZroqIhX,1400.0
679,0,goaumTLR,jXeBpcDF,4223.0
679,0,vNMxowJX,goaumTLR,4217.0
679,0,voZaDctr,vNMxowJX,4087.0
679,0,cttUtMNm,voZaDctr,4087.0
465,0,OPXtWBVk,nPkrzCty,9697.0
465,0,SvGtXrYj,OPXtWBVk,9099.0
465,0,TdfMaTlB,SvGtXrYj,9107.0
465,0,STSGJiIu,TdfMaTlB,8266.0
465,0,buAeVenh,STSGJiIu,8266.0
465,0,ARTSSefO,buAeVenh,8265.0
1567,0,ZIPCqImv,ciAbSxQX,13502.0
1567,0,aWNaUdzp,ZIPCqImv,13502.0
1567,0,FCsbIOBe,aWNaUdzp,15724.0
1567,0,wyEQXfIU,FCsbIOBe,15724.0
1567,0,aRKvwhNi,wyEQXfIU,15724.0
1567,0,eyAJPdep,aRKvwhNi,14351.0
1567,0,RCkelXPh,eyAJPdep,15240.0
465,0,jcExlqwL,RCkelXPh,8889.0
465,0,YctaenCe,jcExlqwL,9882.0
465,0,tzYrVhKO,YctaenCe,9883.0
465,0,UgpyjFML,tzYrVhKO,9885.0
465,0,nPkrzCty,UgpyjFML,8266.0
321,0,mnAVlSWp,LsQRoNsL,344.0
321,0,aLvvGSoW,mnAVlSWp,344.0
321,0,nPkrzCty,aLvvGSoW,518.0
321,0,OPXtWBVk,nPkrzCty,518.0
321,0,SvGtXrYj,OPXtWBVk,518.0
321,0,TdfMaTlB,SvGtXrYj,518.0
321,0,STSGJiIu,TdfMaTlB,396.0
321,0,vpctkpYQ,STSGJiIu,396.0
321,0,EBckcZXF,vpctkpYQ,396.0
321,0,buAeVenh,EBckcZXF,396.0
321,0,ARTSSefO,buAeVenh,396.0
321,0,KMDYeUKg,ARTSSefO,396.0
321,0,FrlvFFoW,KMDYeUKg,396.0
321,0,UCIDNTPZ,FrlvFFoW,396.0
321,0,RSPZrGBg,UCIDNTPZ,396.0
321,0,xfYjeqNM,RSPZrGBg,273.0
321,0,IdWZOznf,xfYjeqNM,273.0
989,0,AUBTKFbY,pzcCDVmZ,7247.0
319,0,gqwqEGtD,vSdfqYeK,5203.0
319,0,vSdfqYeK,oBjbzljy,1055.0
357,0,zjQVJpHm,ICtDTIBO,753.0
357,0,RBVPcVzH,zjQVJpHm,753.0
357,0,yXKTuRtI,RBVPcVzH,753.0
357,0,yFEIEiOj,yXKTuRtI,1119.0
16,0,xGsoSfhX,ozuppJDT,6593.0
16,0,ufvngNip,xGsoSfhX,6114.0
16,0,ybjkPLXB,ufvngNip,6114.0
16,0,IOcMwGKn,ybjkPLXB,5213.0
16,0,hCxxcqWU,IOcMwGKn,5537.0
16,0,gUXxyAlR,hCxxcqWU,5540.0
16,0,cEOIeJTR,gUXxyAlR,5194.0
16,0,bWAbaUPC,cEOIeJTR,5214.0
16,0,UECnapuN,bWAbaUPC,5502.0
16,0,uVsOstge,UECnapuN,5476.0
16,0,tBJBJfdu,uVsOstge,5359.0
16,0,xewbkqhz,tBJBJfdu,6289.0
16,0,mklbELhb,xewbkqhz,6804.0
16,0,yhXmuUeN,mklbELhb,6132.0
465,0,RCkelXPh,eyAJPdep,2661.0
1505,0,KjuJaNsu,HcPkwFHM,18624.0
1505,0,oNyGHMvy,KjuJaNsu,19225.0
1505,0,QdnKSSsO,oNyGHMvy,19446.0
1505,0,vSdfqYeK,QdnKSSsO,19855.0
591,0,MpPYcjVn,BYVXItej,1482.0
591,0,DewKhksr,MpPYcjVn,1482.0
591,0,vqGhvZJF,DewKhksr,1482.0
1376,0,cMUNkugJ,dxlyVRvH,535.0
1376,0,DLdtTvFi,cMUNkugJ,536.0
1376,0,vRWSdFEN,DLdtTvFi,472.0
1376,0,tNTWUPxE,vRWSdFEN,577.0
1376,0,WPBOglHu,tNTWUPxE,573.0
1376,0,ftMGYADA,WPBOglHu,569.0
1376,0,lklhFYFG,ftMGYADA,598.0
1376,0,laWGsLMv,lklhFYFG,598.0
1376,0,JYcdyiOK,laWGsLMv,598.0
1380,0,kueIUJls,XGJiqzLW,611.0
1380,0,LYjhOoFf,kueIUJls,611.0
1380,0,QdWOxWia,LYjhOoFf,946.0
1380,0,gViLrCgA,QdWOxWia,971.0
1380,0,cCSIoIah,gViLrCgA,1017.0
1380,0,DLdtTvFi,cCSIoIah,1017.0
1380,0,vRWSdFEN,DLdtTvFi,1020.0
1380,0,tNTWUPxE,vRWSdFEN,994.0
1380,0,WPBOglHu,tNTWUPxE,994.0
1380,0,ftMGYADA,WPBOglHu,986.0
1380,0,lklhFYFG,ftMGYADA,986.0
1380,0,laWGsLMv,lklhFYFG,966.0
1380,0,tqUAPVAa,laWGsLMv,966.0
1380,0,JYcdyiOK,tqUAPVAa,966.0
1380,0,mTvPylzX,JYcdyiOK,966.0
1380,0,qKDzyFqg,mTvPylzX,966.0
1380,0,mZseJHmU,qKDzyFqg,966.0
1380,0,rClMLArS,mZseJHmU,1037.0
1380,0,MHYyLhRG,rClMLArS,1037.0
1380,0,CcTUkfkl,MHYyLhRG,924.0
1380,0,tglFZOrp,CcTUkfkl,924.0
1380,0,SqxhBMol,tglFZOrp,727.0
1380,0,vIqdsoZx,SqxhBMol,727.0
1380,0,xkdRvtRu,vIqdsoZx,645.0
1380,0,SjZGieDS,xkdRvtRu,637.0
1380,0,tZiWmgTn,SjZGieDS,493.0
1380,0,gDnuvefz,tZiWmgTn,485.0
1380,0,rqBqDfoZ,gDnuvefz,485.0
1380,0,yhXmuUeN,rqBqDfoZ,394.0
1380,0,BqZQArDi,yhXmuUeN,242.0
1380,0,xbiDwIOu,BqZQArDi,242.0
1380,0,zVYhNTdK,xbiDwIOu,242.0
1380,0,EkWBPXmr,zVYhNTdK,242.0
16,0,xQSKBJml,SwLVnWPq,6592.0
16,0,eXTjiXiW,xQSKBJml,6592.0
16,0,UUCrlfWg,eXTjiXiW,6592.0
16,0,YULSfngF,UUCrlfWg,6592.0
16,0,ozuppJDT,YULSfngF,6586.0
1666,0,uskMapbi,losuIFuX,2987.0
1666,0,yXOuyCwN,uskMapbi,2987.0
1666,0,mSGryPaH,yXOuyCwN,3057.0
1666,0,PITuJYqk,mSGryPaH,3057.0
1666,0,XGJiqzLW,PITuJYqk,3057.0
1303,0,rckblBTM,yQQuLFAg,1038.0
1303,0,fGmFhgnx,rckblBTM,1038.0
1303,0,zjjLSYAp,fGmFhgnx,1135.0
1303,0,wrsPDGBQ,zjjLSYAp,1135.0
1303,0,QsteKrle,wrsPDGBQ,1301.0
1303,0,XMWgellz,QsteKrle,1301.0
1303,0,adsviABF,XMWgellz,1407.0
1303,0,XYiwYIqY,adsviABF,1432.0
1303,0,wvKdtztS,XYiwYIqY,1432.0
1303,0,LBOtcvsG,wvKdtztS,1399.0
1303,0,QncWjmnC,LBOtcvsG,1401.0
1303,0,ERcEoUXY,QncWjmnC,1401.0
1303,0,bWAbaUPC,ERcEoUXY,1120.0
1303,0,niqrIlpR,bWAbaUPC,909.0
1303,0,tBJBJfdu,niqrIlpR,780.0
1303,0,JSZZmOIY,tBJBJfdu,499.0
1303,0,AHLLTOdf,JSZZmOIY,499.0
1303,0,xewbkqhz,AHLLTOdf,433.0
1303,0,mklbELhb,xewbkqhz,433.0
1303,0,yhXmuUeN,mklbELhb,432.0
1303,0,BqZQArDi,yhXmuUeN,276.0
1303,0,xbiDwIOu,BqZQArDi,273.0
1303,0,zVYhNTdK,xbiDwIOu,273.0
1303,0,EkWBPXmr,zVYhNTdK,273.0
1189,0,JxFLnqJu,pkhwWQVf,2333.0
1189,0,GDiQpvtB,JxFLnqJu,2333.0
1189,0,fGmFhgnx,GDiQpvtB,2299.0
1189,0,XyHfgUxW,fGmFhgnx,1220.0
1189,0,zjjLSYAp,XyHfgUxW,1220.0
1189,0,wrsPDGBQ,zjjLSYAp,1220.0
1189,0,UtwZFZsx,wrsPDGBQ,1059.0
1189,0,QsteKrle,UtwZFZsx,1059.0
1189,0,XMWgellz,QsteKrle,1059.0
1180,0,dAjqsFfg,tJbXQuOE,6504.0
1180,0,vizUtPmY,dAjqsFfg,6504.0
1180,0,QewuHWYk,vizUtPmY,6504.0
1180,0,fytASSfG,QewuHWYk,6172.0
1180,0,kFSxtGUW,fytASSfG,6172.0
1180,0,ULMVzkWs,kFSxtGUW,5562.0
1180,0,ZNjvBYak,ULMVzkWs,5564.0
1180,0,wPeqfEci,ZNjvBYak,5607.0
1180,0,MjMDaXaP,wPeqfEci,5607.0
1180,0,hSdNxZqe,MjMDaXaP,5607.0
465,0,FFGyTMvJ,PkbhOCMh,209.0
465,0,eyAJPdep,FFGyTMvJ,300.0
16,0,rSdxnGDj,otuYkIZd,7497.0
16,0,MkXEUCdM,rSdxnGDj,5647.0
16,0,oiYuCTCe,MkXEUCdM,5647.0
16,0,SwLVnWPq,oiYuCTCe,5793.0
465,0,kjxfKqbD,hSRFRBsa,139.0
465,0,mSXRukCc,kjxfKqbD,154.0
465,0,PkbhOCMh,mSXRukCc,154.0
1262,0,jFRqfnFl,gmsNDepi,12857.0
1262,0,ysSWNERo,jFRqfnFl,12238.0
1262,0,lEwLedpG,ysSWNERo,12090.0
1262,0,GtMUYUwJ,lEwLedpG,11774.0
1262,0,lQIpGOTn,GtMUYUwJ,11600.0
1262,0,uhUmvvRs,lQIpGOTn,10588.0
1262,0,svgtEcQx,uhUmvvRs,10636.0
1262,0,HcPkwFHM,svgtEcQx,9602.0
1262,0,KjuJaNsu,HcPkwFHM,9296.0
1262,0,oNyGHMvy,KjuJaNsu,8640.0
1262,0,QdnKSSsO,oNyGHMvy,8292.0
1262,0,vSdfqYeK,QdnKSSsO,7766.0
1050,0,apXGdFyI,kVWIKiQU,386.0
1050,0,RmlHIOuG,apXGdFyI,341.0
1050,0,lyEmHaNr,RmlHIOuG,341.0
1050,0,wzWDodFe,lyEmHaNr,306.0
1050,0,siPRjksc,wzWDodFe,306.0
1050,0,GIlSPhwi,siPRjksc,306.0
1050,0,ZPJGdbAJ,GIlSPhwi,306.0
1050,0,xfbmoJHP,ZPJGdbAJ,306.0
1497,0,lOYrQfzi,oajqUPaH,1726.0
1497,0,iuewtDUr,lOYrQfzi,1728.0
1497,0,KdEmbmsx,iuewtDUr,1728.0
1497,0,GkYZbgqg,KdEmbmsx,1728.0
1497,0,FlYjxOxQ,GkYZbgqg,1728.0
1497,0,wFSILCzc,FlYjxOxQ,1728.0
1497,0,yQQuLFAg,wFSILCzc,1728.0
1497,0,rUKSlFeh,yQQuLFAg,1728.0
1497,0,rckblBTM,rUKSlFeh,1728.0
1497,0,gKoyUmab,rckblBTM,1728.0
1497,0,fGmFhgnx,gKoyUmab,1692.0
1497,0,XyHfgUxW,fGmFhgnx,1359.0
1497,0,zjjLSYAp,XyHfgUxW,1359.0
1497,0,wrsPDGBQ,zjjLSYAp,1357.0
1497,0,UtwZFZsx,wrsPDGBQ,806.0
1497,0,QsteKrle,UtwZFZsx,806.0
1497,0,vqGhvZJF,QsteKrle,806.0
1318,0,CoFyQOTC,jnDfAorM,4189.0
1318,0,HMiMHaRv,CoFyQOTC,4189.0
1318,0,kLfGGOkq,HMiMHaRv,4189.0
1318,0,ygVaThfM,kLfGGOkq,4189.0
1318,0,otuYkIZd,ygVaThfM,4233.0
1318,0,rSdxnGDj,otuYkIZd,5076.0
835,0,BGChynOq,gKGqSXsa,8382.0
835,0,ffHVhHJj,BGChynOq,8089.0
835,0,itmFNPnQ,ffHVhHJj,8089.0
835,0,mEEGNlDG,itmFNPnQ,8089.0
835,0,njiqgOWt,mEEGNlDG,8080.0
1567,0,TEKQTTfp,YzXnYVPd,3763.0
1567,0,ciAbSxQX,TEKQTTfp,3532.0
1613,0,Buavuklo,OUzlATeX,33.0
1613,0,TGrxyeBm,Buavuklo,33.0
1613,0,lEkTDboF,TGrxyeBm,33.0
1613,0,ZOdTENQq,lEkTDboF,33.0
1613,0,ttqmlghz,ZOdTENQq,33.0
1613,0,dFTlYtXH,ttqmlghz,33.0
1613,0,PZLqDGdx,dFTlYtXH,33.0
1613,0,kjxfKqbD,PZLqDGdx,13.0
1176,0,BdERaXqk,VWFAQayS,2927.0
1176,0,apXGdFyI,BdERaXqk,2927.0
1176,0,RmlHIOuG,apXGdFyI,2893.0
1176,0,gxWRCjNy,RmlHIOuG,2893.0
1176,0,lyEmHaNr,gxWRCjNy,2893.0
1176,0,wzWDodFe,lyEmHaNr,1998.0
1176,0,siPRjksc,wzWDodFe,1998.0
1176,0,SOtvIsgL,siPRjksc,1998.0
1176,0,GIlSPhwi,SOtvIsgL,2162.0
1176,0,ZPJGdbAJ,GIlSPhwi,2162.0
1176,0,IAmXeTgg,ZPJGdbAJ,2162.0
866,0,BgNaSNFf,zKrYjMnL,2728.0
866,0,IsieOPvU,BgNaSNFf,2733.0
866,0,UEPelLBG,IsieOPvU,2733.0
866,0,gpKesHQf,UEPelLBG,2733.0
866,0,lyZkKOPR,gpKesHQf,2733.0
866,0,DorRdqSK,lyZkKOPR,2733.0
866,0,cwgbfpqq,DorRdqSK,2733.0
866,0,fMrlznIn,cwgbfpqq,2733.0
866,0,uXKxCjNA,fMrlznIn,2733.0
866,0,bOiSLYGO,uXKxCjNA,2698.0
866,0,mhgPTzcZ,bOiSLYGO,2609.0
866,0,WFZVQzrl,mhgPTzcZ,2384.0
1303,0,bHagonKv,vacPrbQA,748.0
1303,0,XiLvnZTk,bHagonKv,748.0
1303,0,FlYjxOxQ,XiLvnZTk,751.0
1303,0,yQQuLFAg,FlYjxOxQ,822.0
1226,0,JLvNOQnl,NmRushck,11082.0
1226,0,BGChynOq,JLvNOQnl,11305.0
1226,0,ffHVhHJj,BGChynOq,10803.0
1226,0,itmFNPnQ,ffHVhHJj,10803.0
1226,0,jVOVHrFU,itmFNPnQ,10803.0
16,0,CEZTRnUo,qflzswAf,7065.0
16,0,funWfCdm,CEZTRnUo,7065.0
16,0,rnFrOJMw,funWfCdm,7065.0
16,0,MklhhYCQ,rnFrOJMw,7065.0
16,0,MnTeelLR,MklhhYCQ,8811.0
16,0,XnPpfSyF,MnTeelLR,11327.0
16,0,otuYkIZd,XnPpfSyF,11327.0
1221,0,qVxAOUMG,RMvkOcpU,6935.0
1221,0,bYKKzRQT,qVxAOUMG,6935.0
1221,0,CLqSCDPt,bYKKzRQT,6935.0
1221,0,ZzqCYjTC,CLqSCDPt,6924.0
1221,0,UtzkRwuC,ZzqCYjTC,6924.0
1221,0,cvCJiZVm,UtzkRwuC,6893.0
1221,0,MklhhYCQ,cvCJiZVm,6888.0
750,0,CMzYUzyh,SrmEoNnE,2033.0
750,0,CJTVPZbh,CMzYUzyh,2033.0
750,0,DLAIfXxc,CJTVPZbh,2120.0
750,0,lyEmHaNr,DLAIfXxc,2429.0
750,0,wzWDodFe,lyEmHaNr,1618.0
750,0,siPRjksc,wzWDodFe,1618.0
750,0,SOtvIsgL,siPRjksc,1618.0
1030,0,agMXkLfj,PyGiRErs,8021.0
1030,0,qflzswAf,agMXkLfj,8021.0
1567,0,MhxjGQjy,mhYSfvAq,4525.0
1567,0,EhUxMFuQ,MhxjGQjy,4525.0
1567,0,HZcfHzwe,EhUxMFuQ,4689.0
1567,0,KcDUQTDz,HZcfHzwe,4564.0
1567,0,qoWOoICL,KcDUQTDz,4564.0
1567,0,FwybjYQK,qoWOoICL,4564.0
1567,0,ZuDlysuz,FwybjYQK,4481.0
1567,0,IkwHYYuh,ZuDlysuz,4454.0
1567,0,YzXnYVPd,IkwHYYuh,4131.0
1664,0,JeEnofCX,mvZTxord,1229.0
1664,0,jnDfAorM,JeEnofCX,1346.0
1649,0,OOwDmsWF,TCeiTEZh,319.0
1649,0,RjRljmKl,OOwDmsWF,319.0
1649,0,QRWCUyXY,RjRljmKl,319.0
1649,0,bGxnPBxb,QRWCUyXY,316.0
1649,0,mvgVyONe,bGxnPBxb,316.0
1649,0,YlcUcHmr,mvgVyONe,316.0
1649,0,puuUveiG,YlcUcHmr,316.0
1649,0,CGfCHyje,puuUveiG,316.0
1649,0,qflzswAf,CGfCHyje,300.0
400,0,XeinAhyy,MlYFoaez,1586.0
400,0,pGpZhRvq,XeinAhyy,1586.0
400,0,alaJPSTW,pGpZhRvq,1586.0
400,0,ngNzeSzC,alaJPSTW,1586.0
400,0,PHuvYJrP,ngNzeSzC,1586.0
400,0,FoxIDeQY,PHuvYJrP,1658.0
1303,0,dZoxKDmD,FoxIDeQY,6.0
1303,0,ZOuLYtJj,dZoxKDmD,166.0
1303,0,SGnJOquj,ZOuLYtJj,176.0
1303,0,vacPrbQA,SGnJOquj,176.0
1125,0,SPorkGXj,XsvFZXJo,2818.0
1125,0,IJbUVGLH,SPorkGXj,2838.0
1125,0,ZqOseExI,IJbUVGLH,2838.0
1125,0,FdBCLyPI,ZqOseExI,2821.0
1125,0,XuFnwsQn,FdBCLyPI,2821.0
1125,0,CrOFTJlw,XuFnwsQn,2821.0
1125,0,PyGiRErs,CrOFTJlw,2723.0
1125,0,qflzswAf,PyGiRErs,2240.0
761,0,ejMjPdTH,slfxTuih,5708.0
1408,0,dAxtDTje,SUVVzOYC,937.0
1408,0,aunBMooM,dAxtDTje,937.0
1408,0,KGIBfEut,aunBMooM,937.0
1408,0,kiTgZeoH,KGIBfEut,937.0
1408,0,eLmJkuZC,kiTgZeoH,1084.0
1408,0,UgzfanVk,eLmJkuZC,1084.0
1567,0,mhYSfvAq,UgzfanVk,958.0
1019,0,yKgFraCR,obftSQtS,3076.0
1019,0,LIDMLZkw,yKgFraCR,3082.0
1019,0,JEpPbBSc,LIDMLZkw,3082.0
1019,0,YkNJvTAu,JEpPbBSc,3092.0
1019,0,TIlepZYr,YkNJvTAu,3024.0
1019,0,BmQLYaPd,TIlepZYr,3009.0
1019,0,UvdLYolu,BmQLYaPd,3009.0
1019,0,ZFKsyBay,UvdLYolu,3009.0
1019,0,suvDbtPR,ZFKsyBay,2996.0
1019,0,clVXMHJf,suvDbtPR,860.0
1019,0,UXEWVZzP,clVXMHJf,860.0
1019,0,MlYFoaez,UXEWVZzP,854.0
1019,0,XeinAhyy,MlYFoaez,802.0
1019,0,pGpZhRvq,XeinAhyy,802.0
1019,0,alaJPSTW,pGpZhRvq,802.0
1019,0,ngNzeSzC,alaJPSTW,802.0
1019,0,PHuvYJrP,ngNzeSzC,802.0
1019,0,FoxIDeQY,PHuvYJrP,802.0
1019,0,dZoxKDmD,FoxIDeQY,802.0
1019,0,ZOuLYtJj,dZoxKDmD,802.0
1019,0,SGnJOquj,ZOuLYtJj,802.0
1019,0,vacPrbQA,SGnJOquj,798.0
1030,0,ixhHdGBo,aaeLLxLj,4487.0
1030,0,spVkBMtX,ixhHdGBo,4851.0
1030,0,uuLXjUrY,spVkBMtX,4851.0
1030,0,ekoOPpVq,uuLXjUrY,4851.0
1030,0,rljVoTvk,ekoOPpVq,4914.0
1030,0,gxidCspv,rljVoTvk,4914.0
1030,0,wRTYbalx,gxidCspv,5680.0
1030,0,DHkaGHFf,wRTYbalx,5680.0
1030,0,FdBCLyPI,DHkaGHFf,5535.0
1030,0,CrOFTJlw,FdBCLyPI,5545.0
1030,0,PyGiRErs,CrOFTJlw,5297.0
273,0,peBgOXli,yAqyhWkU,3290.0
273,0,KnWWIWQx,peBgOXli,3376.0
273,0,bRAzuzSs,KnWWIWQx,3376.0
273,0,OwpcAtJV,bRAzuzSs,3389.0
273,0,XVbubuGa,OwpcAtJV,3068.0
273,0,iuOUwLky,XVbubuGa,3073.0
273,0,jeadfqyj,iuOUwLky,3073.0
273,0,RkbXqAIs,MTAZIXBL,3429.0
273,0,TAifzqok,RkbXqAIs,3509.0
273,0,wWcBzuvM,TAifzqok,3845.0
273,0,GcGOdrPa,wWcBzuvM,3886.0
273,0,yAqyhWkU,GcGOdrPa,3886.0
273,0,QRSRIbba,leJfirnk,2009.0
273,0,EkCoFwMY,QRSRIbba,2029.0
273,0,jqriedgy,EkCoFwMY,2133.0
273,0,MTAZIXBL,jqriedgy,2133.0
273,0,wuyFtExA,EtvjcvTp,1150.0
273,0,MrybjzSo,wuyFtExA,1150.0
273,0,leJfirnk,MrybjzSo,1150.0
658,0,iCFxwoUV,XfoHenDx,969.0
658,0,WRCkhCoY,iCFxwoUV,969.0
658,0,gsCFEnid,WRCkhCoY,1000.0
658,0,mtKVLjly,gsCFEnid,1058.0
573,0,hxSTJhOz,rDSiGFpR,1044.0
573,0,TShNRujB,hxSTJhOz,1045.0
573,0,xbiDwIOu,TShNRujB,1493.0
573,0,zVYhNTdK,xbiDwIOu,1493.0
573,0,nprusgCY,zVYhNTdK,1493.0
573,0,LTDgdyOW,nprusgCY,1501.0
1593,0,ujKjPJkx,PFRWWlNS,5080.0
1593,0,VOQRbkUl,ujKjPJkx,5080.0
1593,0,ciAbSxQX,VOQRbkUl,6785.0
989,0,WdOwNGhj,xfbmoJHP,4425.0
989,0,kKKRBhFF,WdOwNGhj,4429.0
989,0,NFInfBeu,kKKRBhFF,4888.0
989,0,VCQdmIoF,NFInfBeu,4888.0
989,0,ePrpofUw,VCQdmIoF,4888.0
989,0,KcvPUxQg,ePrpofUw,6072.0
989,0,BlnSxBAr,KcvPUxQg,6161.0
989,0,TCBUGaZf,BlnSxBAr,7141.0
989,0,pzcCDVmZ,TCBUGaZf,7478.0
989,0,duRJdiSr,FcOkCcps,2942.0
989,0,uiYVYPQX,duRJdiSr,2745.0
989,0,ozAxYCwR,uiYVYPQX,995.0
595,0,zltqyTKX,kBaIvAJI,540.0
595,0,TRZUQkiC,zltqyTKX,540.0
595,0,wCUyFOIX,TRZUQkiC,540.0
595,0,RtYHfABF,wCUyFOIX,540.0
595,0,JKycCNae,RtYHfABF,525.0
595,0,cMdRoPmQ,JKycCNae,525.0
524,0,FcOkCcps,OyJKKata,6685.0
524,0,PrkhDzLx,FcOkCcps,6992.0
524,0,duRJdiSr,PrkhDzLx,6986.0
524,0,uBFbbvHN,duRJdiSr,7325.0
658,0,nBYHMnkU,BldTZUAI,755.0
658,0,XfoHenDx,nBYHMnkU,755.0
523,0,hxSTJhOz,rDSiGFpR,4838.0
523,0,TShNRujB,hxSTJhOz,5014.0
523,0,JJRlkmgp,TShNRujB,6093.0
523,0,KRQMLlbw,JJRlkmgp,6108.0
523,0,MURlCahD,KRQMLlbw,6108.0
523,0,znFDupZg,MURlCahD,6108.0
706,0,UtwZFZsx,wrsPDGBQ,1486.0
706,0,QsteKrle,UtwZFZsx,1486.0
706,0,XMWgellz,QsteKrle,1494.0
706,0,LPldZjRa,XMWgellz,1591.0
706,0,adsviABF,LPldZjRa,1591.0
706,0,TqlJzItM,adsviABF,1231.0
706,0,IjwLXBRx,TqlJzItM,1170.0
706,0,nJRBvlcT,IjwLXBRx,1170.0
706,0,IkxLwyxa,nJRBvlcT,1133.0
706,0,CYSggHNR,IkxLwyxa,914.0
706,0,VhgapMoa,CYSggHNR,914.0
706,0,dKbqWpcD,VhgapMoa,914.0
706,0,zYpZYpOA,dKbqWpcD,914.0
706,0,xbeOVhLE,zYpZYpOA,625.0
706,0,IpBcScgC,xbeOVhLE,603.0
706,0,aYvzRwqU,IpBcScgC,603.0
706,0,mVhkAqwx,aYvzRwqU,603.0
706,0,GigUVtty,mVhkAqwx,584.0
706,0,bvSKVAYv,GigUVtty,482.0
706,0,eJHaFiJU,bvSKVAYv,404.0
706,0,uAAdoXdO,eJHaFiJU,404.0
706,0,Qsigtmbx,uAAdoXdO,404.0
706,0,XGiaFBsp,Qsigtmbx,404.0
706,0,duRJdiSr,XGiaFBsp,404.0
706,0,iGTcFnmF,yQQuLFAg,323.0
706,0,rckblBTM,iGTcFnmF,330.0
706,0,fGmFhgnx,rckblBTM,334.0
706,0,XyHfgUxW,fGmFhgnx,523.0
706,0,zjjLSYAp,XyHfgUxW,534.0
706,0,wrsPDGBQ,zjjLSYAp,534.0
1180,0,PhjcDdmq,vacPrbQA,6604.0
1180,0,bHagonKv,PhjcDdmq,6546.0
1180,0,Vlipnutt,bHagonKv,6578.0
1180,0,XiLvnZTk,Vlipnutt,6536.0
1180,0,FStgRiBS,XiLvnZTk,6385.0
1180,0,GkYZbgqg,FStgRiBS,6385.0
1180,0,FlYjxOxQ,GkYZbgqg,5876.0
1180,0,wFSILCzc,FlYjxOxQ,5876.0
1180,0,iMjvswBX,wFSILCzc,6631.0
1180,0,CpULuhdq,iMjvswBX,6662.0
1180,0,tJbXQuOE,CpULuhdq,6662.0
584,0,TsaeiIGv,EkWBPXmr,1445.0
584,0,OsBkWRQx,TsaeiIGv,3025.0
584,0,TlwaKrQx,OsBkWRQx,3025.0
584,0,udlIzhJE,TlwaKrQx,3025.0
1244,0,XVbubuGa,OwpcAtJV,2565.0
1244,0,CzqgXocH,XVbubuGa,2565.0
1244,0,nsjiKPCz,CzqgXocH,2565.0
1244,0,vfdAIPGv,nsjiKPCz,2603.0
574,0,iVtHnErr,jiaBsTdI,7.0
574,0,vfdAIPGv,iVtHnErr,7.0
1244,0,peBgOXli,yAqyhWkU,1422.0
1244,0,KnWWIWQx,peBgOXli,1498.0
1244,0,OwpcAtJV,KnWWIWQx,1498.0
264,0,ABRKsLIZ,uUBnPWGG,1681.0
264,0,RtBolNHG,ABRKsLIZ,1682.0
264,0,XGgrBziF,RtBolNHG,1736.0
264,0,FJLNitGY,XGgrBziF,1640.0
711,0,CYSggHNR,IkxLwyxa,2656.0
711,0,VhgapMoa,CYSggHNR,2656.0
711,0,dKbqWpcD,VhgapMoa,2656.0
711,0,zYpZYpOA,dKbqWpcD,2656.0
711,0,xbeOVhLE,zYpZYpOA,3167.0
711,0,IpBcScgC,xbeOVhLE,3173.0
711,0,aYvzRwqU,IpBcScgC,3173.0
711,0,mVhkAqwx,aYvzRwqU,3173.0
711,0,GigUVtty,mVhkAqwx,3175.0
711,0,xQpNdvvD,GigUVtty,2473.0
711,0,bvSKVAYv,xQpNdvvD,2473.0
711,0,eJHaFiJU,bvSKVAYv,4605.0
711,0,uAAdoXdO,eJHaFiJU,4606.0
711,0,Qsigtmbx,uAAdoXdO,4606.0
711,0,XGiaFBsp,Qsigtmbx,4606.0
711,0,duRJdiSr,XGiaFBsp,4606.0
711,0,uiYVYPQX,duRJdiSr,4606.0
1414,0,FDCDnriY,ydoNqUsu,110.0
1414,0,DCdKJxNH,FDCDnriY,110.0
1414,0,DsuTXcIa,DCdKJxNH,110.0
1414,0,bgWfLree,DsuTXcIa,111.0
1414,0,nUYnioIh,bgWfLree,111.0
1414,0,mVhkAqwx,nUYnioIh,111.0
1414,0,GigUVtty,mVhkAqwx,111.0
1414,0,eJHaFiJU,GigUVtty,116.0
1414,0,uAAdoXdO,eJHaFiJU,116.0
1414,0,XGiaFBsp,uAAdoXdO,116.0
1414,0,uiYVYPQX,XGiaFBsp,116.0
1414,0,wihERHzN,uiYVYPQX,80.0
1414,0,jiaBsTdI,wihERHzN,80.0
1414,0,iVtHnErr,jiaBsTdI,80.0
1414,0,nsjiKPCz,iVtHnErr,80.0
1414,0,vfdAIPGv,nsjiKPCz,80.0
971,0,QeEdlYuU,dKSFzIqs,516.0
971,0,ussSBeXM,QeEdlYuU,516.0
971,0,qVzVrWDp,ussSBeXM,516.0
971,0,IuRRuHdp,qVzVrWDp,498.0
971,0,agmUQnfF,IuRRuHdp,498.0
971,0,CbblRkaH,agmUQnfF,631.0
971,0,BldTZUAI,CbblRkaH,495.0
971,0,nBYHMnkU,BldTZUAI,495.0
177,0,PUIIuxlM,BGAyznqC,702.0
177,0,bEuFbYIx,PUIIuxlM,737.0
177,0,saruwlzc,bEuFbYIx,785.0
177,0,kEQqRNXv,saruwlzc,785.0
177,0,JvDZYJph,kEQqRNXv,919.0
177,0,gdbAGAQU,JvDZYJph,1268.0
177,0,ANpclgWP,gdbAGAQU,1268.0
177,0,LWqTSxPr,ANpclgWP,1268.0
177,0,tBgOcvQf,LWqTSxPr,1268.0
173,0,gcUmxKgT,TUrDxvOa,773.0
1245,0,mgTKojDA,drmArhka,2581.0
1245,0,TsaeiIGv,mgTKojDA,2581.0
1245,0,OsBkWRQx,TsaeiIGv,3126.0
1245,0,udlIzhJE,OsBkWRQx,2870.0
578,0,zAVZRYih,yLSAaTAd,1196.0
578,0,hxSTJhOz,zAVZRYih,1743.0
578,0,TShNRujB,hxSTJhOz,1743.0
578,0,KqLiJxJl,TShNRujB,218.0
578,0,TsaeiIGv,KqLiJxJl,218.0
578,0,OsBkWRQx,TsaeiIGv,203.0
578,0,udlIzhJE,OsBkWRQx,203.0
16,0,KqLiJxJl,TShNRujB,4465.0
16,0,TsaeiIGv,KqLiJxJl,4683.0
16,0,OsBkWRQx,TsaeiIGv,7571.0
16,0,udlIzhJE,OsBkWRQx,7633.0
16,0,TShNRujB,yhXmuUeN,5602.0
1414,0,FGvzNZYi,DYKvrufv,55.0
1414,0,ydoNqUsu,FGvzNZYi,55.0
1665,0,HFKGyjhH,mkJuKiBe,4776.0
1665,0,wdfUFUDc,HFKGyjhH,4776.0
1665,0,MkXEUCdM,wdfUFUDc,2731.0
1665,0,oiYuCTCe,MkXEUCdM,2731.0
1189,0,LPldZjRa,XMWgellz,746.0
711,0,adsviABF,LPldZjRa,3463.0
711,0,TqlJzItM,adsviABF,4075.0
711,0,IjwLXBRx,TqlJzItM,3286.0
711,0,nJRBvlcT,IjwLXBRx,2562.0
711,0,IkxLwyxa,nJRBvlcT,2180.0
1530,0,ojqTFFWy,kVeKzKrW,330.0
584,0,DeduXMzE,udlIzhJE,3313.0
573,0,inRETCYL,LTDgdyOW,1268.0
573,0,XEuSRnsw,inRETCYL,1268.0
584,0,GXHjZCTL,DeduXMzE,3297.0
584,0,yolIeCeg,GXHjZCTL,3297.0
584,0,ozAxYCwR,yolIeCeg,3304.0
584,0,qdrjbHYS,ozAxYCwR,2903.0
573,0,yolIeCeg,XEuSRnsw,1248.0
573,0,zGyJMIkT,yolIeCeg,1223.0
990,0,qdrjbHYS,ozAxYCwR,1505.0
482,0,XVbubuGa,OwpcAtJV,4848.0
482,0,iuOUwLky,XVbubuGa,4848.0
482,0,nZnozRfz,iuOUwLky,4855.0
482,0,jeadfqyj,nZnozRfz,4855.0
482,0,qdrjbHYS,jeadfqyj,4855.0
482,0,peBgOXli,yAqyhWkU,3381.0
482,0,KnWWIWQx,peBgOXli,3383.0
482,0,OwpcAtJV,KnWWIWQx,3383.0
482,0,TAifzqok,RkbXqAIs,2188.0
482,0,wWcBzuvM,TAifzqok,2213.0
482,0,GcGOdrPa,wWcBzuvM,2213.0
482,0,yAqyhWkU,GcGOdrPa,2213.0
482,0,RkbXqAIs,MTAZIXBL,2031.0
482,0,jqriedgy,EkCoFwMY,1025.0
482,0,MTAZIXBL,jqriedgy,1025.0
482,0,QRSRIbba,leJfirnk,1003.0
482,0,EkCoFwMY,QRSRIbba,1003.0
178,0,hTaJTejf,ClDeGdta,2602.0
178,0,AvILYntX,hTaJTejf,2602.0
178,0,BGAyznqC,AvILYntX,2595.0
178,0,PUIIuxlM,BGAyznqC,2595.0
178,0,bEuFbYIx,PUIIuxlM,2584.0
178,0,saruwlzc,bEuFbYIx,2574.0
178,0,kEQqRNXv,saruwlzc,2574.0
178,0,NfeOUEsA,kEQqRNXv,2574.0
178,0,gdbAGAQU,NfeOUEsA,2017.0
178,0,ANpclgWP,gdbAGAQU,2017.0
178,0,LWqTSxPr,ANpclgWP,2017.0
178,0,tBgOcvQf,LWqTSxPr,2017.0
482,0,wuyFtExA,EtvjcvTp,575.0
482,0,MrybjzSo,wuyFtExA,575.0
482,0,leJfirnk,MrybjzSo,575.0
177,0,qkTCgKXX,YoEMZEcq,580.0
177,0,XjSQdTLS,qkTCgKXX,580.0
177,0,hTaJTejf,XjSQdTLS,627.0
177,0,AvILYntX,hTaJTejf,627.0
177,0,BGAyznqC,AvILYntX,673.0
965,0,LjPncvCg,XBhuaxff,1169.0
965,0,XUEgpuYS,LjPncvCg,1169.0
965,0,lXZmsBCe,XUEgpuYS,1258.0
965,0,oftwwzSy,lXZmsBCe,1260.0
965,0,CKNrjFUU,oftwwzSy,1260.0
965,0,EtvjcvTp,CKNrjFUU,1253.0
965,0,wuyFtExA,EtvjcvTp,764.0
965,0,MrybjzSo,wuyFtExA,764.0
965,0,leJfirnk,MrybjzSo,745.0
965,0,QRSRIbba,leJfirnk,745.0
965,0,EkCoFwMY,QRSRIbba,745.0
965,0,jqriedgy,EkCoFwMY,745.0
965,0,MTAZIXBL,jqriedgy,745.0
965,0,RkbXqAIs,MTAZIXBL,512.0
965,0,TAifzqok,RkbXqAIs,490.0
965,0,wWcBzuvM,TAifzqok,490.0
965,0,GcGOdrPa,wWcBzuvM,490.0
965,0,yAqyhWkU,GcGOdrPa,490.0
965,0,peBgOXli,yAqyhWkU,327.0
965,0,KnWWIWQx,peBgOXli,327.0
965,0,OwpcAtJV,KnWWIWQx,327.0
965,0,XVbubuGa,OwpcAtJV,256.0
965,0,iuOUwLky,XVbubuGa,256.0
965,0,nZnozRfz,iuOUwLky,256.0
965,0,ozAxYCwR,nZnozRfz,256.0
486,0,PeYVqHeF,DJkAcxlA,214.0
486,0,cRLBVFvQ,PeYVqHeF,214.0
486,0,DacXSoOC,cRLBVFvQ,214.0
486,0,vTErLEZz,DacXSoOC,214.0
486,0,cZBPdCTc,vTErLEZz,214.0
486,0,PYzwbgep,cZBPdCTc,221.0
486,0,wtyUxRkq,PYzwbgep,221.0
486,0,VXthmpcS,wtyUxRkq,221.0
486,0,XUEgpuYS,VXthmpcS,253.0
486,0,lXZmsBCe,XUEgpuYS,253.0
486,0,oftwwzSy,lXZmsBCe,253.0
486,0,CKNrjFUU,oftwwzSy,253.0
486,0,EtvjcvTp,CKNrjFUU,252.0
486,0,wuyFtExA,EtvjcvTp,167.0
486,0,MrybjzSo,wuyFtExA,167.0
486,0,leJfirnk,MrybjzSo,111.0
486,0,QRSRIbba,leJfirnk,111.0
486,0,EkCoFwMY,QRSRIbba,111.0
486,0,jqriedgy,EkCoFwMY,111.0
486,0,MTAZIXBL,jqriedgy,111.0
486,0,RkbXqAIs,MTAZIXBL,72.0
486,0,TAifzqok,RkbXqAIs,72.0
486,0,wWcBzuvM,TAifzqok,72.0
486,0,GcGOdrPa,wWcBzuvM,72.0
486,0,yAqyhWkU,GcGOdrPa,72.0
486,0,peBgOXli,yAqyhWkU,66.0
486,0,KnWWIWQx,peBgOXli,66.0
486,0,bRAzuzSs,KnWWIWQx,66.0
486,0,OwpcAtJV,bRAzuzSs,66.0
486,0,XVbubuGa,OwpcAtJV,53.0
486,0,iuOUwLky,XVbubuGa,53.0
486,0,jeadfqyj,iuOUwLky,53.0
965,0,apwTQKga,lBjlyorh,627.0
965,0,XNHVHmHa,apwTQKga,627.0
965,0,vGqwislq,XNHVHmHa,627.0
965,0,AwLiWVdI,vGqwislq,631.0
965,0,XBhuaxff,AwLiWVdI,631.0
965,0,ZTCNsviV,ODNKqRCQ,254.0
965,0,GBYHqHQO,ZTCNsviV,254.0
965,0,lBjlyorh,GBYHqHQO,254.0
965,0,ODNKqRCQ,iPzquFzR,207.0
1052,0,xokKvraT,INegqJKU,151.0
1052,0,HaSZVkzu,xokKvraT,151.0
1052,0,yjaYbUGq,HaSZVkzu,151.0
1052,0,LbyQgJih,yjaYbUGq,151.0
1052,0,FPXdCAOW,LbyQgJih,151.0
1052,0,ouHKxPGS,FPXdCAOW,151.0
1052,0,TimDJQqX,ouHKxPGS,193.0
1052,0,buoLtkoi,TimDJQqX,193.0
1052,0,NEOaVWFJ,buoLtkoi,227.0
1052,0,RBwynnQe,NEOaVWFJ,227.0
1071,0,NCSBLEus,AJLJQqsT,1616.0
1071,0,xfbmoJHP,NCSBLEus,1573.0
1071,0,WdOwNGhj,xfbmoJHP,908.0
1071,0,kKKRBhFF,WdOwNGhj,829.0
1071,0,NFInfBeu,kKKRBhFF,824.0
1071,0,VCQdmIoF,NFInfBeu,824.0
1071,0,ePrpofUw,VCQdmIoF,824.0
1071,0,KcvPUxQg,ePrpofUw,806.0
1071,0,BlnSxBAr,KcvPUxQg,806.0
1071,0,TCBUGaZf,BlnSxBAr,806.0
1071,0,pzcCDVmZ,TCBUGaZf,543.0
1071,0,AUBTKFbY,pzcCDVmZ,542.0
1071,0,fjevhefZ,AUBTKFbY,475.0
1071,0,vyQyYYqJ,fjevhefZ,475.0
1071,0,ztLkgYlA,vyQyYYqJ,475.0
1071,0,IvQQZbJW,ztLkgYlA,294.0
1071,0,yaKWBgLg,IvQQZbJW,294.0
1071,0,lkujKSJT,yaKWBgLg,294.0
1071,0,twMezfOU,lkujKSJT,282.0
1071,0,OyJKKata,twMezfOU,276.0
1071,0,FcOkCcps,OyJKKata,249.0
1071,0,duRJdiSr,FcOkCcps,244.0
1071,0,uiYVYPQX,duRJdiSr,220.0
1047,0,duRJdiSr,FcOkCcps,26.0
1047,0,uiYVYPQX,duRJdiSr,26.0
1071,0,xunvufHj,nJRQzVZQ,1720.0
1071,0,rxrORjnb,xunvufHj,1720.0
1071,0,UVDfwOgc,rxrORjnb,1718.0
1071,0,TJDsQDoO,UVDfwOgc,1676.0
1071,0,yTictHOU,TJDsQDoO,1675.0
1071,0,illGQStO,yTictHOU,1650.0
1071,0,AUrIxxcC,illGQStO,1568.0
1071,0,zqZasXpA,AUrIxxcC,1568.0
1071,0,EYGEAZtD,zqZasXpA,1568.0
1071,0,AJLJQqsT,EYGEAZtD,1568.0
1071,0,nLuZmKFz,UlmLxwtK,1936.0
1071,0,nJRQzVZQ,nLuZmKFz,1936.0
1071,0,PfZAlPvE,NfMyQHAw,1928.0
1071,0,UlmLxwtK,PfZAlPvE,1928.0
1071,0,YcVwXeam,BmBzVYhd,1813.0
1071,0,DDFCohxX,YcVwXeam,1813.0
1071,0,NfMyQHAw,DDFCohxX,1813.0
858,0,aHGuzSTo,KAhfQHTl,468.0
858,0,ttlZXoMn,aHGuzSTo,468.0
858,0,eYRPTRrW,ttlZXoMn,459.0
858,0,ABXRUWWW,eYRPTRrW,459.0
858,0,RobpRsZS,ABXRUWWW,459.0
858,0,NALyFlzQ,RobpRsZS,1026.0
858,0,qIuTLVvj,NALyFlzQ,1026.0
858,0,spmlaYUs,qIuTLVvj,999.0
858,0,qqDoWQdv,spmlaYUs,999.0
858,0,eymgjBxV,qqDoWQdv,904.0
858,0,EonJeQKz,eymgjBxV,891.0
858,0,vkWqgNph,EonJeQKz,891.0
858,0,nJRQzVZQ,vkWqgNph,891.0
858,0,xunvufHj,nJRQzVZQ,881.0
858,0,rxrORjnb,xunvufHj,881.0
858,0,UVDfwOgc,rxrORjnb,881.0
858,0,TJDsQDoO,UVDfwOgc,868.0
858,0,yTictHOU,TJDsQDoO,868.0
858,0,sTaleXyI,yTictHOU,868.0
858,0,illGQStO,sTaleXyI,864.0
858,0,AUrIxxcC,illGQStO,842.0
858,0,zqZasXpA,AUrIxxcC,842.0
858,0,EYGEAZtD,zqZasXpA,842.0
858,0,AJLJQqsT,EYGEAZtD,842.0
858,0,NCSBLEus,AJLJQqsT,837.0
858,0,xfbmoJHP,NCSBLEus,832.0
523,0,osddylgA,znFDupZg,6104.0
523,0,uiYVYPQX,osddylgA,6104.0
573,0,DRkcXziO,ppabfQGz,57.0
573,0,fTOPrrgc,DRkcXziO,57.0
573,0,XPasGtVj,fTOPrrgc,57.0
573,0,VMviwLNE,XPasGtVj,57.0
573,0,BxuxHloR,VMviwLNE,57.0
573,0,gFAsBeQM,BxuxHloR,57.0
523,0,rDSiGFpR,gFAsBeQM,1921.0
523,0,mYoRZvtc,RFaTWaew,1594.0
523,0,NKCxdwhs,mYoRZvtc,1862.0
523,0,eeSdZFhf,NKCxdwhs,1862.0
523,0,UaWwvNMO,eeSdZFhf,1918.0
523,0,gFAsBeQM,UaWwvNMO,1918.0
272,0,BYOnvRTX,oSOvYxXQ,3088.0
272,0,XGiaFBsp,BYOnvRTX,3088.0
272,0,tIegtsMs,XGiaFBsp,3088.0
272,0,VCRIbExe,tIegtsMs,3088.0
272,0,uiYVYPQX,VCRIbExe,2970.0
272,0,oSOvYxXQ,TJGhHrvm,3079.0
483,0,POdtxoZm,MnIYxXyj,792.0
483,0,WqMESkMM,POdtxoZm,792.0
483,0,zAVZRYih,WqMESkMM,792.0
483,0,hxSTJhOz,zAVZRYih,357.0
483,0,TShNRujB,hxSTJhOz,569.0
483,0,BqZQArDi,TShNRujB,860.0
483,0,JJRlkmgp,BqZQArDi,860.0
483,0,KRQMLlbw,JJRlkmgp,860.0
483,0,MURlCahD,KRQMLlbw,860.0
483,0,znFDupZg,MURlCahD,860.0
483,0,osddylgA,znFDupZg,860.0
483,0,uiYVYPQX,osddylgA,860.0
272,0,xkdRvtRu,tBJBJfdu,3117.0
272,0,SjZGieDS,xkdRvtRu,3167.0
272,0,tZiWmgTn,SjZGieDS,3091.0
272,0,TJGhHrvm,tZiWmgTn,3091.0
272,0,FZYojuVE,niqrIlpR,2450.0
272,0,tBJBJfdu,FZYojuVE,2450.0
600,0,vJitwYAE,nrUfCQxz,1101.0
600,0,iBiVOFur,vJitwYAE,1241.0
600,0,niqrIlpR,iBiVOFur,1241.0
600,0,FZYojuVE,niqrIlpR,993.0
600,0,uVsOstge,FZYojuVE,993.0
600,0,tBJBJfdu,uVsOstge,993.0
600,0,FmTbQszJ,tBJBJfdu,787.0
600,0,xkdRvtRu,FmTbQszJ,787.0
600,0,tZiWmgTn,xkdRvtRu,611.0
600,0,TJGhHrvm,tZiWmgTn,611.0
600,0,oSOvYxXQ,TJGhHrvm,385.0
600,0,BYOnvRTX,oSOvYxXQ,140.0
600,0,XGiaFBsp,BYOnvRTX,140.0
600,0,PrkhDzLx,XGiaFBsp,140.0
600,0,hwOMxSYP,PrkhDzLx,136.0
600,0,duRJdiSr,hwOMxSYP,130.0
600,0,uiYVYPQX,duRJdiSr,130.0
272,0,qrSNpKDz,bWAbaUPC,2355.0
272,0,niqrIlpR,qrSNpKDz,2355.0
272,0,cEOIeJTR,CfleTooC,2120.0
272,0,bWAbaUPC,cEOIeJTR,2120.0
272,0,hCxxcqWU,IOcMwGKn,2994.0
272,0,pPReLBCT,hCxxcqWU,2997.0
272,0,gUXxyAlR,pPReLBCT,3060.0
272,0,CfleTooC,gUXxyAlR,3060.0
272,0,IOcMwGKn,ybjkPLXB,2825.0
272,0,OAywdpTB,BpAiVnps,1511.0
272,0,ybjkPLXB,OAywdpTB,2027.0
678,0,KTHxRvtW,GhNbXpjs,3650.0
678,0,gRVxNCAP,KTHxRvtW,3341.0
678,0,nJRBvlcT,gRVxNCAP,3345.0
678,0,IkxLwyxa,nJRBvlcT,3628.0
678,0,CYSggHNR,IkxLwyxa,2828.0
678,0,VhgapMoa,CYSggHNR,2828.0
678,0,dKbqWpcD,VhgapMoa,2828.0
678,0,zYpZYpOA,dKbqWpcD,2828.0
678,0,xbeOVhLE,zYpZYpOA,2401.0
678,0,IpBcScgC,xbeOVhLE,2366.0
678,0,aYvzRwqU,IpBcScgC,2366.0
678,0,GigUVtty,aYvzRwqU,2366.0
678,0,bvSKVAYv,GigUVtty,1915.0
706,0,uiYVYPQX,duRJdiSr,390.0
1105,0,xQSKBJml,SwLVnWPq,1479.0
1105,0,eXTjiXiW,xQSKBJml,1479.0
1105,0,UUCrlfWg,eXTjiXiW,1479.0
1105,0,YULSfngF,UUCrlfWg,1479.0
1105,0,ozuppJDT,YULSfngF,1479.0
1105,0,xGsoSfhX,ozuppJDT,1481.0
1105,0,ybjkPLXB,xGsoSfhX,1486.0
1105,0,IOcMwGKn,ybjkPLXB,1303.0
1105,0,hCxxcqWU,IOcMwGKn,1303.0
1105,0,gUXxyAlR,hCxxcqWU,1303.0
1105,0,CfleTooC,gUXxyAlR,1303.0
1105,0,cEOIeJTR,CfleTooC,372.0
1105,0,bWAbaUPC,cEOIeJTR,340.0
1105,0,qrSNpKDz,bWAbaUPC,309.0
1105,0,niqrIlpR,qrSNpKDz,309.0
1105,0,FZYojuVE,niqrIlpR,299.0
1105,0,tBJBJfdu,FZYojuVE,299.0
1105,0,xkdRvtRu,tBJBJfdu,233.0
1105,0,SjZGieDS,xkdRvtRu,233.0
1105,0,tZiWmgTn,SjZGieDS,229.0
1105,0,TJGhHrvm,tZiWmgTn,229.0
1105,0,oSOvYxXQ,TJGhHrvm,225.0
1105,0,PSZbZwJF,oSOvYxXQ,152.0
1105,0,BYOnvRTX,PSZbZwJF,152.0
1105,0,XGiaFBsp,BYOnvRTX,152.0
1105,0,duRJdiSr,XGiaFBsp,152.0
1105,0,uiYVYPQX,duRJdiSr,152.0
1666,0,kueIUJls,XGJiqzLW,2703.0
1666,0,OVaoEscJ,kueIUJls,2703.0
1666,0,xQqwXgNZ,OVaoEscJ,1390.0
1666,0,BMprcpdo,xQqwXgNZ,1093.0
1105,0,rSdxnGDj,otuYkIZd,918.0
1105,0,MkXEUCdM,rSdxnGDj,918.0
1105,0,oiYuCTCe,MkXEUCdM,918.0
1105,0,SwLVnWPq,oiYuCTCe,1205.0
1105,0,CoFyQOTC,jnDfAorM,714.0
1105,0,HMiMHaRv,CoFyQOTC,714.0
1105,0,kLfGGOkq,HMiMHaRv,714.0
1105,0,ygVaThfM,kLfGGOkq,714.0
1105,0,otuYkIZd,ygVaThfM,714.0
750,0,SrmEoNnE,jlZHvhwS,854.0
1065,0,yQXZAhRQ,OfWHUDWP,497.0
1065,0,jfvbdeGs,yQXZAhRQ,497.0
1065,0,cdqhrjBE,jfvbdeGs,497.0
1065,0,MJvZDjlV,cdqhrjBE,517.0
1065,0,rxrORjnb,MJvZDjlV,538.0
1065,0,UVDfwOgc,rxrORjnb,538.0
1065,0,TJDsQDoO,UVDfwOgc,538.0
1065,0,yTictHOU,TJDsQDoO,538.0
1065,0,illGQStO,yTictHOU,535.0
1065,0,AUrIxxcC,illGQStO,451.0
1065,0,zqZasXpA,AUrIxxcC,451.0
1065,0,EYGEAZtD,zqZasXpA,451.0
1065,0,AJLJQqsT,EYGEAZtD,451.0
1065,0,NCSBLEus,AJLJQqsT,450.0
1065,0,xfbmoJHP,NCSBLEus,450.0
1065,0,WdOwNGhj,xfbmoJHP,114.0
1065,0,kKKRBhFF,WdOwNGhj,10.0
1065,0,NFInfBeu,kKKRBhFF,10.0
1065,0,VCQdmIoF,NFInfBeu,10.0
1065,0,ePrpofUw,VCQdmIoF,10.0
1065,0,KcvPUxQg,ePrpofUw,10.0
1065,0,BlnSxBAr,KcvPUxQg,10.0
1065,0,TCBUGaZf,BlnSxBAr,10.0
1065,0,pzcCDVmZ,TCBUGaZf,10.0
1065,0,AUBTKFbY,pzcCDVmZ,10.0
1065,0,fjevhefZ,AUBTKFbY,10.0
1065,0,vyQyYYqJ,fjevhefZ,10.0
1065,0,ztLkgYlA,vyQyYYqJ,10.0
1065,0,IvQQZbJW,ztLkgYlA,10.0
1065,0,yaKWBgLg,IvQQZbJW,10.0
1065,0,lkujKSJT,yaKWBgLg,10.0
1065,0,twMezfOU,lkujKSJT,10.0
1065,0,OyJKKata,twMezfOU,10.0
1065,0,MqGZxRIW,OyJKKata,4.0
1065,0,FcOkCcps,MqGZxRIW,4.0
1065,0,uiYVYPQX,FcOkCcps,2.0
1071,0,CkiKkxJQ,lGJIVvqE,1630.0
1071,0,AdloNpXg,CkiKkxJQ,1641.0
1071,0,BmBzVYhd,AdloNpXg,1618.0
1071,0,pVHZNTmW,cyLrdsLq,1101.0
1071,0,qLlyWzVq,pVHZNTmW,1101.0
1071,0,lGJIVvqE,qLlyWzVq,1101.0
1071,0,cyLrdsLq,AlpXiRiW,942.0
272,0,zGyJMIkT,uiYVYPQX,4819.0
600,0,STSGJiIu,TdfMaTlB,1312.0
600,0,buAeVenh,STSGJiIu,1312.0
600,0,ARTSSefO,buAeVenh,1312.0
600,0,KMDYeUKg,ARTSSefO,1317.0
600,0,RSPZrGBg,KMDYeUKg,1369.0
600,0,xfYjeqNM,RSPZrGBg,1307.0
600,0,nrUfCQxz,xfYjeqNM,1232.0
973,0,TsaeiIGv,EkWBPXmr,1503.0
973,0,OsBkWRQx,TsaeiIGv,2547.0
973,0,udlIzhJE,OsBkWRQx,2547.0
973,0,srZucbpJ,udlIzhJE,2927.0
1245,0,NrpQUbAl,udlIzhJE,1923.0
16,0,srZucbpJ,udlIzhJE,7630.0
727,0,knCDNjnp,mLBQtksd,1493.0
727,0,nYVfIRsk,knCDNjnp,1493.0
727,0,IHZGJZTs,nYVfIRsk,1493.0
727,0,DYvQviUy,IHZGJZTs,1506.0
727,0,yHDouIXe,DYvQviUy,1282.0
1532,0,PWitnUnB,FUctipSE,2620.0
1532,0,zwmwkNcj,PWitnUnB,2620.0
1532,0,DJDPVkXF,zwmwkNcj,2620.0
1532,0,FrOiWYSP,DJDPVkXF,2423.0
1532,0,mNGfniSu,FrOiWYSP,2544.0
1532,0,qjwSVoCq,mNGfniSu,2931.0
1532,0,WvPJYXMk,qjwSVoCq,2870.0
1505,0,fmQEzQWV,IubGYoNi,21992.0
1505,0,HcPkwFHM,plWWPiMc,19083.0
835,0,LpQEBEct,UxgUbJZk,7939.0
835,0,uypYDUnA,LpQEBEct,7939.0
835,0,gKGqSXsa,uypYDUnA,8110.0
1221,0,bkPedFyi,dlIiZmBi,6667.0
1221,0,neCsPoxX,bkPedFyi,6827.0
1221,0,RMvkOcpU,neCsPoxX,6827.0
1023,0,yyEOaSxi,gjOgguRV,2738.0
1023,0,obftSQtS,yyEOaSxi,2731.0
1023,0,yKgFraCR,obftSQtS,2726.0
1023,0,LIDMLZkw,yKgFraCR,2726.0
1023,0,JEpPbBSc,LIDMLZkw,2726.0
1023,0,YkNJvTAu,JEpPbBSc,2628.0
1023,0,TIlepZYr,YkNJvTAu,2324.0
1023,0,UvdLYolu,TIlepZYr,2028.0
1023,0,ZFKsyBay,UvdLYolu,2028.0
1023,0,suvDbtPR,ZFKsyBay,2011.0
1023,0,clVXMHJf,suvDbtPR,812.0
1023,0,UXEWVZzP,clVXMHJf,812.0
1023,0,MlYFoaez,UXEWVZzP,804.0
1023,0,XeinAhyy,MlYFoaez,766.0
1023,0,pGpZhRvq,XeinAhyy,766.0
1023,0,alaJPSTW,pGpZhRvq,766.0
1023,0,ngNzeSzC,alaJPSTW,766.0
1023,0,PHuvYJrP,ngNzeSzC,766.0
1023,0,FoxIDeQY,PHuvYJrP,766.0
1023,0,dZoxKDmD,FoxIDeQY,766.0
1023,0,ZOuLYtJj,dZoxKDmD,766.0
483,0,zGyJMIkT,uiYVYPQX,793.0
483,0,YbVmHVTt,zGyJMIkT,760.0
483,0,ZlnerNQG,YbVmHVTt,760.0
1198,0,QHFmFyLR,EkWBPXmr,540.0
1198,0,neNWquOh,QHFmFyLR,540.0
1198,0,KwaxxmSs,neNWquOh,540.0
1198,0,PSjGjQXK,KwaxxmSs,540.0
1198,0,FDPmqphv,PSjGjQXK,1242.0
1198,0,aVjdmBcp,FDPmqphv,1242.0
1198,0,nusTHAtB,aVjdmBcp,1242.0
1198,0,isVKhOXG,nusTHAtB,1242.0
1198,0,OWkTamRc,isVKhOXG,1242.0
1198,0,pHNyFRmN,OWkTamRc,1421.0
1198,0,SMriOOgF,pHNyFRmN,1945.0
1198,0,rWiIOjNx,SMriOOgF,1945.0
1198,0,bvSKVAYv,rWiIOjNx,1946.0
1198,0,JZGNdgml,bvSKVAYv,2027.0
1198,0,uHbImzAf,JZGNdgml,2027.0
1198,0,IzsieVnc,uHbImzAf,2001.0
1198,0,xNgkqoUR,IzsieVnc,2002.0
1198,0,lDiqRMWn,xNgkqoUR,2005.0
1198,0,gOJphFVT,lDiqRMWn,2005.0
990,0,awOEKaEj,qdrjbHYS,4453.0
990,0,kZdBhxvo,awOEKaEj,5104.0
990,0,ZBkAAevT,kZdBhxvo,6076.0
990,0,cMinRgYB,ZBkAAevT,6076.0
990,0,LRmPOeoe,cMinRgYB,6160.0
990,0,tBNXSyMW,LRmPOeoe,6156.0
990,0,ArHpJhVJ,tBNXSyMW,6605.0
273,0,FcOkCcps,jeadfqyj,2977.0
1472,0,RfEbENxd,jQaLNViL,2636.0
1472,0,UFoaQvGg,RfEbENxd,3561.0
1472,0,DYvQviUy,UFoaQvGg,3561.0
1472,0,yHDouIXe,DYvQviUy,3867.0
1472,0,aFlzccOO,yHDouIXe,3983.0
1472,0,gpaAUChy,aFlzccOO,3983.0
1472,0,XAxmwtqw,gpaAUChy,4540.0
1472,0,YmDpkIHQ,XAxmwtqw,4540.0
1472,0,TUpCuZAw,YmDpkIHQ,4460.0
1472,0,HYfXIyFk,TUpCuZAw,4427.0
1472,0,yayPNqiY,HYfXIyFk,4426.0
1472,0,BsVmblhs,yayPNqiY,4426.0
1472,0,AFWGXQGm,BsVmblhs,4426.0
1472,0,ZMeqpjWv,AFWGXQGm,4426.0
1472,0,tSUFrefk,ZMeqpjWv,4402.0
1472,0,FqxCUuHX,tSUFrefk,4402.0
1472,0,LOkvvGyU,FqxCUuHX,3788.0
1472,0,DYErCrqd,LOkvvGyU,3788.0
1472,0,LbKosGpD,DYErCrqd,3788.0
1472,0,rDSiGFpR,LbKosGpD,2559.0
1472,0,hxSTJhOz,rDSiGFpR,2095.0
1472,0,TShNRujB,hxSTJhOz,2095.0
1472,0,gzZgDndk,TShNRujB,118.0
135,0,ZIzswYos,lyJEgbqI,42.0
135,0,SiNHgyIy,ZIzswYos,54.0
135,0,kUNGxXZI,SiNHgyIy,372.0
135,0,nVkihPOJ,kUNGxXZI,372.0
135,0,YvwuVYMF,nVkihPOJ,372.0
135,0,vDFCntfg,YvwuVYMF,116.0
135,0,iEKDTvNf,vDFCntfg,116.0
135,0,MyGqmywG,iEKDTvNf,116.0
135,0,NxbXiMUL,MyGqmywG,113.0
135,0,XLVjRryq,NxbXiMUL,110.0
135,0,gzTQJVMW,XLVjRryq,110.0
135,0,BLvXEzeq,gzTQJVMW,55.0
135,0,KgwKZlse,BLvXEzeq,52.0
135,0,AoRkaUmb,KgwKZlse,52.0
135,0,ALhaazBT,AoRkaUmb,52.0
135,0,YqlTLIQa,ALhaazBT,46.0
135,0,AUmOMGnp,YqlTLIQa,46.0
135,0,XFPAZveS,AUmOMGnp,46.0
135,0,ojqTFFWy,XFPAZveS,31.0
1262,0,CKorGRkE,ojqTFFWy,1460.0
1262,0,eaNsVWDR,CKorGRkE,5368.0
1262,0,hpACGGyB,eaNsVWDR,5436.0
1262,0,VgUdLlOW,hpACGGyB,6235.0
1262,0,ywuGpANM,VgUdLlOW,6246.0
1262,0,BZCtSmhk,ywuGpANM,9792.0
1262,0,aojHvPEg,BZCtSmhk,10032.0
1262,0,qeXIqBgp,aojHvPEg,10039.0
1262,0,gmsNDepi,qeXIqBgp,12030.0
490,0,HTKZNJTs,FFLftRlg,3325.0
490,0,xkdRvtRu,HTKZNJTs,3182.0
490,0,SjZGieDS,xkdRvtRu,3081.0
490,0,pHNyFRmN,SjZGieDS,3017.0
187,0,hVMLOzME,KCMgfriT,2534.0
187,0,TDvESTZN,hVMLOzME,2534.0
187,0,sNuKvPuW,TDvESTZN,2522.0
187,0,AUBTKFbY,sNuKvPuW,2522.0
750,0,IxqYybMf,UsVsFgoS,840.0
750,0,ZZxaTLmM,IxqYybMf,840.0
750,0,lgdUBlCD,ZZxaTLmM,826.0
750,0,jlZHvhwS,lgdUBlCD,826.0
750,0,eIGUaObZ,pbsOcZdr,686.0
750,0,EvlCTWAM,eIGUaObZ,686.0
750,0,BjpwENcr,EvlCTWAM,686.0
750,0,PYFpJmOq,BjpwENcr,765.0
750,0,sWjnuVdS,PYFpJmOq,768.0
750,0,UsVsFgoS,sWjnuVdS,768.0
1076,0,TbetMXoD,zWZbZUaa,1512.0
1076,0,vHItlPPU,TbetMXoD,1512.0
1076,0,LggEHwJM,vHItlPPU,1501.0
1076,0,cXzNtQka,LggEHwJM,1501.0
1076,0,Hjpeultj,cXzNtQka,1501.0
750,0,oQxUwlRM,GrxyFhrL,647.0
750,0,pbsOcZdr,oQxUwlRM,647.0
1023,0,SGnJOquj,ZOuLYtJj,765.0
1023,0,ogOCBKAf,SGnJOquj,750.0
626,0,TsaeiIGv,EkWBPXmr,1647.0
626,0,OsBkWRQx,TsaeiIGv,1928.0
626,0,udlIzhJE,OsBkWRQx,2053.0
626,0,cCEhgrAc,udlIzhJE,2121.0
626,0,cfShLPmI,cCEhgrAc,2122.0
16,0,cCEhgrAc,srZucbpJ,5878.0
16,0,cfShLPmI,cCEhgrAc,5878.0
584,0,awOEKaEj,qdrjbHYS,1533.0
584,0,gRuqifBH,awOEKaEj,1522.0
678,0,JZGNdgml,bvSKVAYv,2248.0
678,0,uHbImzAf,JZGNdgml,2248.0
1104,0,ObeVuyMA,roHCvggS,27.0
1104,0,WqRwmxfX,ObeVuyMA,27.0
1104,0,fbgWGcSP,WqRwmxfX,26.0
1104,0,VctBMYxC,fbgWGcSP,26.0
1104,0,yXfOYhmg,VctBMYxC,26.0
1104,0,xYfYRJnz,yXfOYhmg,26.0
1104,0,bvZtLhoP,xYfYRJnz,26.0
1104,0,NoGATiBT,bvZtLhoP,26.0
1104,0,JvDZYJph,NoGATiBT,26.0
1104,0,gdbAGAQU,JvDZYJph,22.0
1104,0,ANpclgWP,gdbAGAQU,22.0
1104,0,LWqTSxPr,ANpclgWP,22.0
1104,0,tBgOcvQf,LWqTSxPr,22.0
595,0,kBaIvAJI,pobpsCoK,473.0
523,0,qdrjbHYS,uiYVYPQX,4281.0
523,0,TPFTQSyz,qdrjbHYS,3219.0
523,0,awOEKaEj,TPFTQSyz,3343.0
523,0,gRuqifBH,awOEKaEj,3352.0
678,0,hCxxcqWU,IOcMwGKn,4462.0
678,0,qMoZNsgo,hCxxcqWU,4432.0
678,0,udNzSSji,qMoZNsgo,4432.0
678,0,uKKyuZyC,udNzSSji,4432.0
678,0,GhNbXpjs,uKKyuZyC,4464.0
678,0,IOcMwGKn,ybjkPLXB,2719.0
661,0,TsaeiIGv,EkWBPXmr,470.0
661,0,OsBkWRQx,TsaeiIGv,709.0
661,0,TlwaKrQx,OsBkWRQx,709.0
661,0,udlIzhJE,TlwaKrQx,709.0
661,0,DeduXMzE,udlIzhJE,836.0
661,0,GXHjZCTL,DeduXMzE,836.0
661,0,yolIeCeg,GXHjZCTL,836.0
661,0,zGyJMIkT,yolIeCeg,836.0
661,0,YbVmHVTt,zGyJMIkT,1233.0
661,0,ZlnerNQG,YbVmHVTt,1233.0
661,0,FVWAEAei,ZlnerNQG,1233.0
661,0,gVtshwcF,FVWAEAei,1238.0
1245,0,HzfEGNJu,NrpQUbAl,1728.0
1245,0,FVWAEAei,HzfEGNJu,1728.0
1245,0,gVtshwcF,FVWAEAei,1713.0
272,0,YbVmHVTt,zGyJMIkT,4344.0
272,0,ZlnerNQG,YbVmHVTt,4344.0
272,0,FVWAEAei,ZlnerNQG,4344.0
272,0,gVtshwcF,FVWAEAei,4344.0
524,0,aAfSzptC,nqZDBuxM,1961.0
524,0,pZulUpHT,aAfSzptC,1961.0
524,0,tBNXSyMW,pZulUpHT,2524.0
524,0,OyJKKata,tBNXSyMW,2577.0
1244,0,TAifzqok,RkbXqAIs,454.0
1244,0,wWcBzuvM,TAifzqok,454.0
1244,0,GcGOdrPa,wWcBzuvM,454.0
1244,0,yAqyhWkU,GcGOdrPa,454.0
524,0,nqZDBuxM,FZjXRNIl,1957.0
658,0,QeEdlYuU,dKSFzIqs,350.0
658,0,ussSBeXM,QeEdlYuU,350.0
658,0,qVzVrWDp,ussSBeXM,350.0
658,0,IuRRuHdp,qVzVrWDp,352.0
658,0,agmUQnfF,IuRRuHdp,352.0
658,0,CbblRkaH,agmUQnfF,490.0
658,0,BldTZUAI,CbblRkaH,490.0
483,0,FVWAEAei,ZlnerNQG,747.0
483,0,gVtshwcF,FVWAEAei,747.0
912,0,WdOwNGhj,xfbmoJHP,275.0
47,0,kKKRBhFF,WdOwNGhj,4236.0
47,0,NFInfBeu,kKKRBhFF,4343.0
47,0,VCQdmIoF,NFInfBeu,4343.0
47,0,ePrpofUw,VCQdmIoF,4343.0
47,0,KcvPUxQg,ePrpofUw,4852.0
47,0,rbVbMNcM,KcvPUxQg,5063.0
47,0,JCIOAWOU,rbVbMNcM,5382.0
47,0,fZcVdMzo,JCIOAWOU,5431.0
47,0,QYwjKQRO,fZcVdMzo,5431.0
47,0,cNuXvIqU,QYwjKQRO,5431.0
47,0,eXTEGQHB,cNuXvIqU,5431.0
47,0,zTUODYgn,eXTEGQHB,5711.0
47,0,eTPMYwkC,zTUODYgn,5711.0
47,0,IMTItMKU,eTPMYwkC,5813.0
47,0,upMsEWKk,IMTItMKU,6390.0
47,0,KCqeuCwW,upMsEWKk,6390.0
47,0,xyBTaHvp,KCqeuCwW,6390.0
47,0,izUAPpdi,xyBTaHvp,7899.0
47,0,cNWTidvb,izUAPpdi,7899.0
47,0,yQQuLFAg,cNWTidvb,7932.0
47,0,rUKSlFeh,yQQuLFAg,7584.0
47,0,rckblBTM,rUKSlFeh,7593.0
635,0,HUVJunNe,EocVuyzS,1081.0
635,0,DvaIywQB,HUVJunNe,1081.0
635,0,OCwYbEnq,DvaIywQB,1081.0
635,0,rsJSqETv,OCwYbEnq,1083.0
635,0,nrUfCQxz,rsJSqETv,1083.0
635,0,CpnDMnJS,nrUfCQxz,1801.0
635,0,fSmTHZJS,CpnDMnJS,1814.0
635,0,WSTcrrBn,fSmTHZJS,1824.0
635,0,DyPueDjA,WSTcrrBn,1824.0
635,0,VJibZvbS,DyPueDjA,1771.0
635,0,uSZbdBno,VJibZvbS,1771.0
635,0,GtaXwPrK,uSZbdBno,1771.0
635,0,TcEVvOUM,GtaXwPrK,1771.0
635,0,qGnNRXVR,TcEVvOUM,1711.0
635,0,yLFlKjKg,qGnNRXVR,1650.0
635,0,isWzWnoW,yLFlKjKg,738.0
635,0,YJykDsrc,isWzWnoW,738.0
635,0,YpVxAvQG,YJykDsrc,644.0
635,0,LhgNVAOU,YpVxAvQG,644.0
635,0,SOVcCDqR,LhgNVAOU,573.0
208,0,wSspaAkq,bLzlxnwB,2286.0
208,0,NppIhzQC,wSspaAkq,2286.0
208,0,tTrMaEIS,NppIhzQC,2284.0
208,0,WeXgsZLY,tTrMaEIS,2331.0
208,0,VuPuNOXM,WeXgsZLY,2379.0
208,0,QgwCgjAi,VuPuNOXM,2379.0
208,0,vrgENeuF,QgwCgjAi,5058.0
208,0,xKmRiBBX,vrgENeuF,5058.0
208,0,kkrKJmiC,xKmRiBBX,5058.0
208,0,psXocZQH,kkrKJmiC,5040.0
208,0,yprCGtVa,psXocZQH,4732.0
208,0,pPqywgRl,yprCGtVa,4181.0
208,0,SJHseTdc,pPqywgRl,3099.0
208,0,HGjkimBc,SJHseTdc,3099.0
208,0,IubGYoNi,HGjkimBc,3099.0
208,0,fmQEzQWV,IubGYoNi,2718.0
208,0,BpAiVnps,fmQEzQWV,2363.0
1338,0,AszcEtOu,BpAiVnps,2329.0
1338,0,TCqyxHhF,AszcEtOu,2788.0
1338,0,PIUpvPaY,TCqyxHhF,2790.0
1338,0,XCZfXGna,PIUpvPaY,2909.0
1338,0,FYonLsVT,XCZfXGna,3616.0
1338,0,voXQjjKh,FYonLsVT,3616.0
1338,0,pKTlpooZ,voXQjjKh,3999.0
1338,0,OVaoEscJ,pKTlpooZ,3994.0
1338,0,BMprcpdo,OVaoEscJ,7872.0
1338,0,YpVxAvQG,BMprcpdo,10603.0
1338,0,RinxBkUZ,YpVxAvQG,10608.0
1338,0,LhgNVAOU,RinxBkUZ,10591.0
1338,0,SOVcCDqR,LhgNVAOU,10137.0
356,0,OrbXRiVv,anWZyaGW,2448.0
356,0,nEXpIbiD,OrbXRiVv,1516.0
1141,0,zfdolaES,nEXpIbiD,1033.0
1141,0,jiufRClk,zfdolaES,1039.0
1141,0,GVnbohJg,jiufRClk,1039.0
1141,0,TIKKmaif,GVnbohJg,1039.0
1141,0,nTVsVrjG,TIKKmaif,1171.0
1141,0,GTeEFWtM,nTVsVrjG,1171.0
1141,0,ZtIplJlB,GTeEFWtM,1171.0
1141,0,nmfQPmsh,ZtIplJlB,1171.0
1141,0,QdnKSSsO,nmfQPmsh,1110.0
1505,0,wDpyEsxh,vSdfqYeK,19463.0
1505,0,jIerKxIb,wDpyEsxh,19716.0
1505,0,IubGYoNi,jIerKxIb,21596.0
1505,0,BpAiVnps,fmQEzQWV,20436.0
1505,0,AszcEtOu,BpAiVnps,14153.0
1505,0,TCqyxHhF,AszcEtOu,14561.0
1505,0,PIUpvPaY,TCqyxHhF,14631.0
1505,0,XCZfXGna,PIUpvPaY,9916.0
1505,0,FYonLsVT,XCZfXGna,10107.0
1505,0,voXQjjKh,FYonLsVT,10224.0
1505,0,OVaoEscJ,voXQjjKh,8670.0
1141,0,fubLBmAl,DOGyniWl,922.0
1141,0,nEXpIbiD,fubLBmAl,1002.0
1505,0,plWWPiMc,mnkgCFDT,18283.0
367,0,qjwSVoCq,WynPMslR,8510.0
367,0,oFLgHrco,qjwSVoCq,9075.0
367,0,yrWAEsGy,oFLgHrco,9198.0
367,0,qGIkRenz,yrWAEsGy,9049.0
367,0,ytUqATXS,qGIkRenz,9029.0
367,0,TcsyXYNn,ytUqATXS,8883.0
367,0,qKeCDDXI,TcsyXYNn,8266.0
367,0,YmkUpvHU,qKeCDDXI,6075.0
1505,0,WOOyqinT,YmkUpvHU,9966.0
1505,0,mnkgCFDT,WOOyqinT,8791.0
367,0,vHkAlmCm,GnOurcjN,7805.0
367,0,WynPMslR,vHkAlmCm,7825.0
1419,0,xgzyCPTg,HAmwZMhM,3744.0
1419,0,XWLETkPz,xgzyCPTg,3859.0
1419,0,HLAPntjh,XWLETkPz,3859.0
798,0,veAXvdUO,CCoJPQpR,3508.0
798,0,UgdUAhSn,veAXvdUO,3508.0
798,0,HcKLTTXk,UgdUAhSn,3508.0
798,0,IvXmMOhB,HcKLTTXk,3508.0
798,0,KIvXTDlT,IvXmMOhB,3508.0
798,0,TgzZcdmy,KIvXTDlT,3508.0
798,0,SEjojzMr,TgzZcdmy,3508.0
798,0,oBYetVBr,SEjojzMr,3173.0
798,0,GiONHkbf,oBYetVBr,2991.0
798,0,QDIpIlEK,GiONHkbf,2991.0
287,0,tkDBwPiV,uGNDunGF,5075.0
287,0,mqlWPdpA,tkDBwPiV,5135.0
287,0,lOdrwgOe,mqlWPdpA,5135.0
287,0,BRjWpQtg,lOdrwgOe,5107.0
287,0,CrcsXCbZ,BRjWpQtg,5554.0
287,0,fcKeEgEf,CrcsXCbZ,5465.0
287,0,BpAiVnps,fcKeEgEf,5465.0
1418,0,EzNIKkYA,BTtHvEzM,6968.0
367,0,zjGRmLyo,JGydtICe,6963.0
367,0,yfIoPTHo,zjGRmLyo,6827.0
367,0,GnOurcjN,yfIoPTHo,6822.0
528,0,mexFgKBp,NrNaZyPp,1133.0
528,0,KIvXTDlT,mexFgKBp,5847.0
528,0,TgzZcdmy,KIvXTDlT,5896.0
528,0,SEjojzMr,TgzZcdmy,6012.0
528,0,oBYetVBr,SEjojzMr,8455.0
528,0,QDIpIlEK,oBYetVBr,8713.0
798,0,bmqZcfhO,LDSuadxM,1006.0
798,0,mdiSFJRM,bmqZcfhO,1292.0
798,0,ljNlRbnZ,mdiSFJRM,1625.0
798,0,VbMcfGsr,ljNlRbnZ,1821.0
798,0,MttNRhjN,VbMcfGsr,1821.0
798,0,HeidvHXY,MttNRhjN,1821.0
798,0,CCoJPQpR,HeidvHXY,1821.0
250,0,eusqYKWT,HezLsNFQ,3752.0
250,0,dCWftKsk,eusqYKWT,3577.0
46,0,ABufINme,ZijVddwt,7568.0
46,0,xQqwXgNZ,ABufINme,7539.0
46,0,BMprcpdo,xQqwXgNZ,7792.0
46,0,YpVxAvQG,BMprcpdo,6951.0
46,0,RinxBkUZ,YpVxAvQG,6951.0
46,0,LhgNVAOU,RinxBkUZ,7007.0
46,0,SOVcCDqR,LhgNVAOU,8407.0
761,0,qehlKNkR,glrALKnP,4756.0
761,0,sZNeRfOC,qehlKNkR,4861.0
761,0,HajxumVd,sZNeRfOC,4861.0
761,0,LhQSpAzy,HajxumVd,4801.0
761,0,pwpCkicC,LhQSpAzy,4801.0
761,0,pPKqPUVW,pwpCkicC,5332.0
761,0,slfxTuih,pPKqPUVW,5332.0
46,0,ZijVddwt,ojqTFFWy,7376.0
1296,0,VkcYQwTj,BZCtSmhk,9668.0
1296,0,gmsNDepi,VkcYQwTj,9786.0
1296,0,jFRqfnFl,gmsNDepi,10048.0
1296,0,ysSWNERo,jFRqfnFl,10439.0
1296,0,lQIpGOTn,ysSWNERo,10578.0
1296,0,uhUmvvRs,lQIpGOTn,10586.0
1296,0,svgtEcQx,uhUmvvRs,10612.0
1296,0,HcPkwFHM,svgtEcQx,10379.0
1296,0,oNyGHMvy,HcPkwFHM,10379.0
1296,0,QdnKSSsO,oNyGHMvy,10318.0
1296,0,vSdfqYeK,QdnKSSsO,9877.0
1296,0,jIerKxIb,vSdfqYeK,9475.0
1296,0,IubGYoNi,jIerKxIb,9215.0
1296,0,fmQEzQWV,IubGYoNi,8587.0
1296,0,BpAiVnps,fmQEzQWV,7071.0
803,0,KbemmdTp,ZHWKFCEn,706.0
803,0,LNRgsQQF,KbemmdTp,740.0
803,0,ubEwIGdf,kWrGTFqC,285.0
803,0,aBKtLgYB,ubEwIGdf,285.0
803,0,qduHdsCL,aBKtLgYB,285.0
803,0,GYMzAvFw,qduHdsCL,285.0
803,0,VXAxIwYs,GYMzAvFw,285.0
803,0,ZHWKFCEn,VXAxIwYs,578.0
564,0,gKNaWgzA,ngHHCDQb,468.0
564,0,mTKelVZs,gKNaWgzA,468.0
564,0,xjlhzjUh,mTKelVZs,468.0
564,0,fGCuvnjJ,xjlhzjUh,730.0
564,0,CsZszdUY,fGCuvnjJ,730.0
564,0,OqBnJDkE,CsZszdUY,730.0
564,0,ajCBPuBp,OqBnJDkE,730.0
564,0,LhQSpAzy,ajCBPuBp,635.0
564,0,pwpCkicC,LhQSpAzy,635.0
564,0,jJVVpGMf,pwpCkicC,618.0
564,0,tcYerYbk,jJVVpGMf,618.0
564,0,pPKqPUVW,tcYerYbk,618.0
564,0,iYTiOTOT,pPKqPUVW,618.0
564,0,dLtneiKf,iYTiOTOT,618.0
564,0,slfxTuih,dLtneiKf,613.0
564,0,XFPAZveS,slfxTuih,388.0
564,0,ojqTFFWy,XFPAZveS,19.0
780,0,fdwLSfsa,cgSMZptb,4360.0
780,0,wuAzVrCW,fdwLSfsa,4580.0
780,0,mRKfPREJ,wuAzVrCW,4580.0
780,0,HeRuYpNs,mRKfPREJ,4580.0
780,0,qRJySzaf,HeRuYpNs,4198.0
780,0,LTfflVxG,qRJySzaf,4198.0
780,0,AhWKwjTz,LTfflVxG,5170.0
780,0,KgwKZlse,FZsFzszJ,3263.0
780,0,ALhaazBT,KgwKZlse,3252.0
780,0,YqlTLIQa,ALhaazBT,2951.0
780,0,AUmOMGnp,YqlTLIQa,2878.0
780,0,XFPAZveS,AUmOMGnp,2840.0
780,0,ejMjPdTH,XFPAZveS,1409.0
1374,0,pYVbvizw,GvhVJqUj,1263.0
1374,0,bdIbpKdP,pYVbvizw,1263.0
1374,0,VJibZvbS,bdIbpKdP,1263.0
1374,0,uSZbdBno,VJibZvbS,1266.0
1374,0,GtaXwPrK,uSZbdBno,1249.0
1374,0,SfxDAXEq,GtaXwPrK,1249.0
1374,0,PIUpvPaY,SfxDAXEq,1245.0
1374,0,XCZfXGna,PIUpvPaY,1395.0
1317,0,vrgENeuF,eTJQHplR,964.0
1317,0,PlyJazqR,vrgENeuF,1272.0
1317,0,psXocZQH,PlyJazqR,1591.0
1317,0,yprCGtVa,psXocZQH,1591.0
1317,0,pPqywgRl,yprCGtVa,2164.0
1317,0,SJHseTdc,pPqywgRl,2083.0
1317,0,HGjkimBc,SJHseTdc,2083.0
1317,0,IubGYoNi,HGjkimBc,2367.0
1317,0,fmQEzQWV,IubGYoNi,2632.0
1317,0,BpAiVnps,fmQEzQWV,2935.0
1317,0,AszcEtOu,BpAiVnps,2842.0
463,0,uaQvVFAB,taPJzyhF,6772.0
463,0,MnTeelLR,uaQvVFAB,7303.0
1666,0,CdwVKoMQ,swKAFNcH,3647.0
1666,0,VXVgVTNc,CdwVKoMQ,3647.0
1666,0,losuIFuX,VXVgVTNc,2247.0
1189,0,LoyIFaGV,hPbxQISN,1585.0
1189,0,iqbCzlPk,LoyIFaGV,1765.0
1189,0,bONecZHY,iqbCzlPk,1876.0
1189,0,JrYMJUzx,bONecZHY,1876.0
1189,0,WoSISRHq,JrYMJUzx,1467.0
1189,0,zAiczBZG,WoSISRHq,1467.0
1189,0,vkwWhgCe,zAiczBZG,1511.0
1189,0,KSSwmuEx,vkwWhgCe,1506.0
1189,0,pkhwWQVf,KSSwmuEx,1507.0
47,0,WdOwNGhj,xfbmoJHP,3424.0
648,0,KwaxxmSs,EkWBPXmr,1018.0
648,0,PSjGjQXK,KwaxxmSs,1018.0
648,0,FDPmqphv,PSjGjQXK,1838.0
648,0,ccqsUPnI,FDPmqphv,1854.0
648,0,oSOvYxXQ,ccqsUPnI,2319.0
648,0,PSZbZwJF,oSOvYxXQ,2159.0
648,0,GWqnIxTG,PSZbZwJF,2159.0
648,0,NjlFoRGi,GWqnIxTG,2250.0
648,0,bvSKVAYv,NjlFoRGi,2250.0
648,0,JZGNdgml,bvSKVAYv,1106.0
648,0,uHbImzAf,JZGNdgml,1106.0
648,0,IzsieVnc,uHbImzAf,1106.0
912,0,kKKRBhFF,WdOwNGhj,204.0
912,0,NFInfBeu,kKKRBhFF,202.0
912,0,VCQdmIoF,NFInfBeu,178.0
912,0,ePrpofUw,VCQdmIoF,178.0
912,0,KcvPUxQg,ePrpofUw,178.0
912,0,BlnSxBAr,KcvPUxQg,178.0
912,0,TCBUGaZf,BlnSxBAr,178.0
615,0,DRkcXziO,IIzQthVA,660.0
615,0,fTOPrrgc,DRkcXziO,660.0
615,0,XPasGtVj,fTOPrrgc,660.0
615,0,VMviwLNE,XPasGtVj,660.0
615,0,BxuxHloR,VMviwLNE,660.0
615,0,gFAsBeQM,BxuxHloR,660.0
615,0,rDSiGFpR,gFAsBeQM,660.0
615,0,hxSTJhOz,rDSiGFpR,1098.0
615,0,TShNRujB,hxSTJhOz,1101.0
615,0,gzZgDndk,TShNRujB,1867.0
615,0,PSjGjQXK,gzZgDndk,1867.0
615,0,FDPmqphv,PSjGjQXK,1849.0
615,0,ccqsUPnI,FDPmqphv,1717.0
678,0,IzsieVnc,uHbImzAf,1680.0
490,0,vISVJoyz,pHNyFRmN,1862.0
490,0,RHWjHSWx,vISVJoyz,1804.0
1744,0,uVsOstge,niqrIlpR,4134.0
1744,0,HTKZNJTs,uVsOstge,4413.0
1744,0,qvujbmjR,HTKZNJTs,5556.0
1744,0,REvIjxsO,qvujbmjR,5543.0
1744,0,CylWjYTC,REvIjxsO,6020.0
1744,0,yMiwNCtj,CylWjYTC,5882.0
647,0,yYSDLmlm,ydoNqUsu,257.0
647,0,FDCDnriY,yYSDLmlm,392.0
647,0,hLEWSLqw,FDCDnriY,392.0
647,0,ydoNqUsu,OyNIynZV,88.0
214,0,OyNIynZV,NcLanIdZ,543.0
272,0,LmhVzFNJ,gVtshwcF,3823.0
573,0,jBnsfrlR,zGyJMIkT,1127.0
573,0,sjphZSiX,jBnsfrlR,1127.0
573,0,NgDeDdfx,sjphZSiX,1127.0
578,0,GXHjZCTL,udlIzhJE,9.0
578,0,yolIeCeg,GXHjZCTL,9.0
264,0,twMezfOU,lkujKSJT,1594.0
264,0,EMzKPzug,twMezfOU,1594.0
264,0,KHbKaRBy,EMzKPzug,1677.0
264,0,uUBnPWGG,KHbKaRBy,1678.0
264,0,IvQQZbJW,ztLkgYlA,1282.0
264,0,yaKWBgLg,IvQQZbJW,1475.0
264,0,lkujKSJT,yaKWBgLg,1475.0
264,0,KcvPUxQg,ePrpofUw,545.0
264,0,BlnSxBAr,KcvPUxQg,545.0
264,0,TCBUGaZf,BlnSxBAr,924.0
264,0,pzcCDVmZ,TCBUGaZf,1130.0
264,0,AUBTKFbY,pzcCDVmZ,1131.0
264,0,fjevhefZ,AUBTKFbY,1153.0
264,0,vyQyYYqJ,fjevhefZ,1153.0
264,0,ztLkgYlA,vyQyYYqJ,1153.0
264,0,NFInfBeu,kKKRBhFF,477.0
264,0,VCQdmIoF,NFInfBeu,477.0
264,0,ePrpofUw,VCQdmIoF,477.0
264,0,WdOwNGhj,xfbmoJHP,443.0
264,0,kKKRBhFF,WdOwNGhj,443.0
706,0,ozAxYCwR,uiYVYPQX,147.0
711,0,ozAxYCwR,uiYVYPQX,791.0
1567,0,jcExlqwL,RCkelXPh,8239.0
994,0,zjGRmLyo,JGydtICe,2464.0
994,0,EXTmTMKf,zjGRmLyo,2455.0
994,0,yfIoPTHo,EXTmTMKf,1595.0
994,0,GnOurcjN,yfIoPTHo,1595.0
994,0,vHkAlmCm,GnOurcjN,1237.0
994,0,YspLWkZX,vHkAlmCm,1237.0
994,0,pRBbbEoD,YspLWkZX,903.0
994,0,cfVAtKgo,pRBbbEoD,903.0
994,0,QMiQTlda,cfVAtKgo,903.0
994,0,MaKoROaE,QMiQTlda,903.0
1015,0,ZJxogzZw,wcUGKfLa,83.0
1015,0,Uacajbua,ZJxogzZw,83.0
1015,0,ZLCIvgrp,Uacajbua,83.0
1015,0,ucVTqZIB,ZLCIvgrp,83.0
1015,0,FDrhtNjK,ucVTqZIB,83.0
1015,0,YVGWiGkc,FDrhtNjK,83.0
1015,0,CqPWXNIf,YVGWiGkc,83.0
1015,0,iZfXNAue,CqPWXNIf,83.0
1015,0,OXvlrfnG,iZfXNAue,87.0
1015,0,CgMBzfIg,OXvlrfnG,91.0
1015,0,BCwVkMhO,CgMBzfIg,91.0
1015,0,MpBHVRZl,BCwVkMhO,91.0
1015,0,BWKNZpmt,MpBHVRZl,91.0
1015,0,hMBIVszx,BWKNZpmt,91.0
1015,0,JgVaSAtG,hMBIVszx,91.0
1015,0,QyfZGsFT,JgVaSAtG,91.0
1015,0,selTNsQi,QyfZGsFT,91.0
1015,0,SfBAqteg,selTNsQi,91.0
1015,0,obGcbWvT,SfBAqteg,91.0
1015,0,wssOAckJ,obGcbWvT,91.0
1015,0,zzxlwhdI,wssOAckJ,91.0
1015,0,SEcoeimf,zzxlwhdI,91.0
1015,0,fzmnvqlX,SEcoeimf,91.0
1015,0,RyhuDLev,fzmnvqlX,91.0
1015,0,KnIeolpt,RyhuDLev,91.0
1015,0,GMrJWgHs,KnIeolpt,91.0
1015,0,tTjpyeuP,GMrJWgHs,91.0
1015,0,iYbcLrkT,tTjpyeuP,91.0
1015,0,elxmPCDf,iYbcLrkT,91.0
1015,0,tcbhlVZo,elxmPCDf,91.0
1015,0,ZqBGCTqq,tcbhlVZo,91.0
1015,0,HxnLIWQq,ZqBGCTqq,86.0
1015,0,wqGWmwVd,HxnLIWQq,86.0
1015,0,ACkvbmee,wqGWmwVd,86.0
1015,0,FtWuEuzF,ACkvbmee,86.0
1015,0,RtTLxXUv,FtWuEuzF,86.0
1015,0,JGydtICe,RtTLxXUv,86.0
1015,0,xbhuXgnr,JGydtICe,86.0
1015,0,zjGRmLyo,xbhuXgnr,86.0
1015,0,EXTmTMKf,zjGRmLyo,86.0
1015,0,yfIoPTHo,EXTmTMKf,86.0
1015,0,GnOurcjN,yfIoPTHo,86.0
1015,0,vHkAlmCm,GnOurcjN,86.0
1015,0,YspLWkZX,vHkAlmCm,86.0
1015,0,pRBbbEoD,YspLWkZX,86.0
1015,0,cfVAtKgo,pRBbbEoD,86.0
1015,0,AUlesEuc,cfVAtKgo,86.0
1015,0,MaKoROaE,AUlesEuc,86.0
973,0,cCEhgrAc,srZucbpJ,2914.0
973,0,cfShLPmI,cCEhgrAc,2914.0
973,0,tWKcfmbS,cfShLPmI,2917.0
973,0,rmNVGWDV,tWKcfmbS,2917.0
1096,0,LIgtsZTQ,yfjUYWEe,2654.0
1096,0,BIoUkdqn,LIgtsZTQ,2654.0
1096,0,GaUJjHvw,BIoUkdqn,2897.0
1096,0,xqPbgbrZ,GaUJjHvw,2897.0
1096,0,nlMKoEWl,xqPbgbrZ,2897.0
1096,0,KbKyxild,nlMKoEWl,2897.0
1096,0,WzJZybAt,KbKyxild,2819.0
1096,0,wBZvskGC,WzJZybAt,2787.0
1096,0,hlYcHDiv,wBZvskGC,2703.0
1096,0,ZUUFaTkv,hlYcHDiv,2703.0
1096,0,jgCiOeaN,ZUUFaTkv,2703.0
1096,0,TikfrWrm,jgCiOeaN,2703.0
1096,0,RabBrvbh,TikfrWrm,2703.0
1096,0,yAsGVYQM,RabBrvbh,2703.0
1096,0,XFPAZveS,yAsGVYQM,1052.0
1096,0,ejMjPdTH,XFPAZveS,1005.0
1096,0,CKorGRkE,ejMjPdTH,548.0
1096,0,eaNsVWDR,CKorGRkE,494.0
973,0,OQRQrPoA,rmNVGWDV,2907.0
970,0,inRETCYL,LTDgdyOW,61.0
970,0,XEuSRnsw,inRETCYL,61.0
970,0,nsjiKPCz,XEuSRnsw,61.0
970,0,cCEhgrAc,nsjiKPCz,81.0
970,0,ETEzvRZj,cCEhgrAc,81.0
970,0,NPGSYTMw,ETEzvRZj,81.0
970,0,tHIoZtFE,NPGSYTMw,81.0
970,0,XMbkTLpt,tHIoZtFE,81.0
970,0,SOFDNGxu,XMbkTLpt,81.0
970,0,OQRQrPoA,SOFDNGxu,81.0
272,0,CmbQeSBI,LmhVzFNJ,3770.0
272,0,RVyaKvKa,CmbQeSBI,3770.0
272,0,OQRQrPoA,RVyaKvKa,3770.0
1245,0,LmhVzFNJ,gVtshwcF,706.0
1245,0,CmbQeSBI,LmhVzFNJ,729.0
1245,0,RVyaKvKa,CmbQeSBI,729.0
1245,0,OQRQrPoA,RVyaKvKa,729.0
264,0,rivVbWxD,FJLNitGY,1635.0
985,0,ERIWLSEl,lotPPedu,941.0
985,0,qsoLaWuJ,ERIWLSEl,941.0
985,0,WSBJbplj,qsoLaWuJ,941.0
985,0,THUDGZDu,WSBJbplj,941.0
985,0,XUEgpuYS,THUDGZDu,1006.0
985,0,lXZmsBCe,XUEgpuYS,694.0
985,0,oftwwzSy,lXZmsBCe,694.0
985,0,CKNrjFUU,oftwwzSy,694.0
985,0,EtvjcvTp,CKNrjFUU,692.0
985,0,wuyFtExA,EtvjcvTp,295.0
985,0,MrybjzSo,wuyFtExA,295.0
985,0,leJfirnk,MrybjzSo,160.0
985,0,QRSRIbba,leJfirnk,160.0
985,0,EkCoFwMY,QRSRIbba,160.0
985,0,jqriedgy,EkCoFwMY,160.0
985,0,MTAZIXBL,jqriedgy,160.0
985,0,RkbXqAIs,MTAZIXBL,115.0
985,0,TAifzqok,RkbXqAIs,109.0
985,0,wWcBzuvM,TAifzqok,109.0
985,0,GcGOdrPa,wWcBzuvM,109.0
985,0,yAqyhWkU,GcGOdrPa,109.0
273,0,EtvjcvTp,CKNrjFUU,12.0
483,0,CmbQeSBI,gVtshwcF,232.0
483,0,RVyaKvKa,CmbQeSBI,232.0
483,0,OQRQrPoA,RVyaKvKa,232.0
584,0,kZdBhxvo,gRuqifBH,1061.0
584,0,ZBkAAevT,kZdBhxvo,1016.0
584,0,cMinRgYB,ZBkAAevT,1016.0
523,0,kZdBhxvo,gRuqifBH,2890.0
523,0,ZBkAAevT,kZdBhxvo,2890.0
523,0,cMinRgYB,ZBkAAevT,2890.0
1472,0,jQaLNViL,gyQqEnFq,2288.0
1435,0,yfIoPTHo,EXTmTMKf,6583.0
1435,0,GnOurcjN,yfIoPTHo,6583.0
1435,0,vHkAlmCm,GnOurcjN,5325.0
1435,0,WynPMslR,vHkAlmCm,5273.0
1435,0,qjwSVoCq,WynPMslR,4373.0
1435,0,WvPJYXMk,qjwSVoCq,3809.0
264,0,OQRQrPoA,rivVbWxD,1257.0
16,0,tWKcfmbS,cfShLPmI,5600.0
1075,0,UvdLYolu,TIlepZYr,1267.0
1075,0,ZFKsyBay,UvdLYolu,1267.0
1075,0,suvDbtPR,ZFKsyBay,1312.0
1075,0,clVXMHJf,suvDbtPR,828.0
1075,0,UXEWVZzP,clVXMHJf,828.0
1075,0,MlYFoaez,UXEWVZzP,756.0
1075,0,XeinAhyy,MlYFoaez,752.0
1075,0,pGpZhRvq,XeinAhyy,752.0
1075,0,alaJPSTW,pGpZhRvq,752.0
1075,0,ngNzeSzC,alaJPSTW,752.0
1075,0,PHuvYJrP,ngNzeSzC,752.0
1075,0,FoxIDeQY,PHuvYJrP,752.0
1075,0,dZoxKDmD,FoxIDeQY,706.0
1075,0,ZOuLYtJj,dZoxKDmD,706.0
1075,0,SGnJOquj,ZOuLYtJj,705.0
1075,0,ogOCBKAf,SGnJOquj,679.0
750,0,kOVxiGFe,qUWcqGRU,180.0
750,0,WeqAZPal,kOVxiGFe,180.0
750,0,mfgtosUp,WeqAZPal,180.0
750,0,rDRMBgEM,mfgtosUp,180.0
750,0,GrxyFhrL,rDRMBgEM,183.0
750,0,euIYYdlw,eViNbjWB,140.0
750,0,xRMPpTGi,euIYYdlw,140.0
750,0,MLYhGOjG,xRMPpTGi,140.0
750,0,lWnrzrzW,MLYhGOjG,140.0
750,0,zrFdTehz,lWnrzrzW,140.0
750,0,xHyAtnfx,zrFdTehz,140.0
750,0,qUWcqGRU,xHyAtnfx,140.0
584,0,LRmPOeoe,cMinRgYB,984.0
523,0,CPPLrzGV,cMinRgYB,2814.0
678,0,HRURJMPd,IzsieVnc,1660.0
678,0,WGGanwZU,HRURJMPd,1660.0
678,0,EMzKPzug,WGGanwZU,1310.0
524,0,OeKkfJSz,HTcmpFUD,890.0
524,0,FZjXRNIl,OeKkfJSz,890.0
490,0,FFLftRlg,vBGGqNND,2493.0
452,0,pHNyFRmN,OWkTamRc,4010.0
452,0,SMriOOgF,pHNyFRmN,4528.0
452,0,rWiIOjNx,SMriOOgF,4528.0
452,0,bvSKVAYv,rWiIOjNx,4528.0
1744,0,nrUfCQxz,xfYjeqNM,5652.0
1744,0,iBiVOFur,nrUfCQxz,5024.0
1744,0,niqrIlpR,iBiVOFur,4677.0
678,0,AszcEtOu,BpAiVnps,2087.0
678,0,ybjkPLXB,AszcEtOu,2401.0
1193,0,neNWquOh,EkWBPXmr,602.0
1193,0,KwaxxmSs,neNWquOh,604.0
1193,0,PSjGjQXK,KwaxxmSs,604.0
1193,0,FDPmqphv,PSjGjQXK,963.0
1193,0,aVjdmBcp,FDPmqphv,963.0
1193,0,isVKhOXG,aVjdmBcp,963.0
1193,0,OWkTamRc,isVKhOXG,964.0
1193,0,pHNyFRmN,OWkTamRc,983.0
1193,0,SMriOOgF,pHNyFRmN,1096.0
1193,0,rWiIOjNx,SMriOOgF,1096.0
1193,0,bvSKVAYv,rWiIOjNx,1096.0
1193,0,JZGNdgml,bvSKVAYv,1204.0
1193,0,uHbImzAf,JZGNdgml,1204.0
1193,0,IzsieVnc,uHbImzAf,1453.0
1193,0,aYIMvmGX,IzsieVnc,1453.0
1193,0,WGGanwZU,aYIMvmGX,1502.0
1193,0,ArHpJhVJ,WGGanwZU,1502.0
712,0,MlQcmexA,GRRjUQxz,4320.0
1318,0,MkXEUCdM,rSdxnGDj,4619.0
1318,0,oiYuCTCe,MkXEUCdM,4619.0
1318,0,SwLVnWPq,oiYuCTCe,4570.0
1318,0,xQSKBJml,SwLVnWPq,5900.0
1318,0,eXTjiXiW,xQSKBJml,5900.0
1318,0,UUCrlfWg,eXTjiXiW,5900.0
1318,0,YULSfngF,UUCrlfWg,5900.0
1318,0,xGsoSfhX,YULSfngF,5900.0
1318,0,RVGhYAxc,xGsoSfhX,5979.0
661,0,ymMncFZF,RVyaKvKa,1624.0
661,0,QKdRzNnX,ymMncFZF,1624.0
626,0,tWKcfmbS,cfShLPmI,2094.0
626,0,zXtHnUiq,tWKcfmbS,2094.0
16,0,hEhmxyDr,tWKcfmbS,5597.0
16,0,OxhtFIfA,hEhmxyDr,5597.0
272,0,CEyhPnMH,OQRQrPoA,3581.0
272,0,ogrZorIF,CEyhPnMH,3581.0
264,0,CEyhPnMH,OQRQrPoA,1176.0
264,0,ogrZorIF,CEyhPnMH,1176.0
973,0,CEyhPnMH,OQRQrPoA,2610.0
973,0,ogrZorIF,CEyhPnMH,2610.0
973,0,fumBmOZX,ogrZorIF,2610.0
264,0,fumBmOZX,ogrZorIF,1172.0
1169,0,UmISPPJO,WWVpYMJI,1027.0
1169,0,VPUbGzfh,UmISPPJO,1027.0
1169,0,MVExtcyL,VPUbGzfh,1027.0
1169,0,bciZjPUu,MVExtcyL,1027.0
1169,0,ogOCBKAf,bciZjPUu,1020.0
1169,0,drCNaUUd,xWjNpCho,647.0
1169,0,GiLGTLpB,drCNaUUd,647.0
1169,0,uCrZVfKw,GiLGTLpB,647.0
1169,0,ibPVFfKv,uCrZVfKw,647.0
1169,0,MokitPrF,ibPVFfKv,647.0
1169,0,WWVpYMJI,MokitPrF,647.0
1169,0,YbopoHtZ,UUyOnuCZ,290.0
1169,0,LIaalPFl,YbopoHtZ,290.0
1169,0,XBBRJpEo,LIaalPFl,300.0
1169,0,yfDSCLNC,XBBRJpEo,503.0
1169,0,eUWmFhmU,yfDSCLNC,503.0
1169,0,PaIXMFSn,eUWmFhmU,503.0
1169,0,xWjNpCho,PaIXMFSn,609.0
1255,0,XMWgellz,vqGhvZJF,2858.0
187,0,QUMnpJQp,MwLdaJul,1849.0
187,0,FyIjwLBj,QUMnpJQp,1904.0
187,0,vXPGJwVk,FyIjwLBj,1900.0
187,0,GjiyfRqd,vXPGJwVk,1900.0
187,0,qzuHypgA,GjiyfRqd,2247.0
187,0,KCMgfriT,qzuHypgA,2246.0
187,0,fjevhefZ,AUBTKFbY,1985.0
187,0,vyQyYYqJ,fjevhefZ,1985.0
187,0,ztLkgYlA,vyQyYYqJ,1972.0
187,0,IvQQZbJW,ztLkgYlA,360.0
1677,0,lOYrQfzi,oajqUPaH,2198.0
1677,0,iuewtDUr,lOYrQfzi,2203.0
1677,0,KdEmbmsx,iuewtDUr,2203.0
1677,0,GkYZbgqg,KdEmbmsx,2203.0
1650,0,MlYFoaez,pWUEfFEM,1466.0
1650,0,XeinAhyy,MlYFoaez,884.0
1650,0,pGpZhRvq,XeinAhyy,884.0
1650,0,alaJPSTW,pGpZhRvq,884.0
1650,0,ngNzeSzC,alaJPSTW,884.0
1650,0,FoxIDeQY,ngNzeSzC,884.0
1650,0,dZoxKDmD,FoxIDeQY,884.0
1650,0,ZOuLYtJj,dZoxKDmD,884.0
1650,0,SGnJOquj,ZOuLYtJj,876.0
1650,0,ogOCBKAf,SGnJOquj,876.0
400,0,dZoxKDmD,FoxIDeQY,1626.0
400,0,ZOuLYtJj,dZoxKDmD,2411.0
400,0,dWLNxRJP,ZOuLYtJj,2411.0
1180,0,vacPrbQA,eiOwifcC,5208.0
661,0,CmbQeSBI,gVtshwcF,1356.0
661,0,RVyaKvKa,CmbQeSBI,1356.0
661,0,EQSFTfWT,QKdRzNnX,1679.0
661,0,pHgJPiEB,EQSFTfWT,1679.0
661,0,jLGvGvQf,pHgJPiEB,1679.0
661,0,issQYORv,jLGvGvQf,1679.0
973,0,TurKlwMz,NkWMDpBL,2431.0
973,0,OSkPauJr,TurKlwMz,2431.0
973,0,NdVNfPps,OSkPauJr,2433.0
973,0,cNHGbHfW,NdVNfPps,2419.0
523,0,vMBlttbG,CPPLrzGV,2097.0
523,0,zdEUiAFY,vMBlttbG,2097.0
990,0,tWpVdCtj,ArHpJhVJ,6050.0
990,0,EdJUuxct,tWpVdCtj,5990.0
1379,0,QHFmFyLR,EkWBPXmr,349.0
1379,0,neNWquOh,QHFmFyLR,349.0
1379,0,KwaxxmSs,neNWquOh,352.0
1379,0,PSjGjQXK,KwaxxmSs,359.0
1379,0,FDPmqphv,PSjGjQXK,851.0
1379,0,aVjdmBcp,FDPmqphv,903.0
1379,0,isVKhOXG,aVjdmBcp,903.0
1379,0,mKIQRbrs,isVKhOXG,989.0
1379,0,qvujbmjR,mKIQRbrs,1151.0
1379,0,SqxhBMol,qvujbmjR,1158.0
1379,0,MzWshIAL,SqxhBMol,1185.0
1379,0,NZGnRwVn,MzWshIAL,1234.0
1379,0,qVoRAqeW,NZGnRwVn,1432.0
1379,0,pYVbvizw,qVoRAqeW,1435.0
1379,0,IATYolYz,pYVbvizw,1435.0
574,0,ubZrQMid,vfdAIPGv,1380.0
574,0,KwaxxmSs,ubZrQMid,1380.0
712,0,qdrjbHYS,ozAxYCwR,234.0
712,0,awOEKaEj,qdrjbHYS,3422.0
712,0,fFHpEWYG,awOEKaEj,3827.0
712,0,jOxyxYyy,fFHpEWYG,4317.0
712,0,gGlRqksC,jOxyxYyy,4317.0
712,0,GRRjUQxz,gGlRqksC,4317.0
712,0,vISVJoyz,MlQcmexA,2370.0
712,0,RHWjHSWx,vISVJoyz,2370.0
712,0,VpmqCJUB,RHWjHSWx,2885.0
712,0,EvIZgaUF,VpmqCJUB,2876.0
712,0,mGgwEHaG,EvIZgaUF,3018.0
712,0,DWuGRWkF,mGgwEHaG,3018.0
712,0,ryMrZCSE,DWuGRWkF,2956.0
712,0,fRxWIrbs,ryMrZCSE,2519.0
712,0,QrdELzCu,fRxWIrbs,2519.0
712,0,YvwQRHTE,QrdELzCu,2519.0
712,0,HJTsgSzj,YvwQRHTE,2519.0
679,0,IMtkgxTU,XXPGaRGh,1265.0
679,0,MlQcmexA,IMtkgxTU,1265.0
679,0,RHWjHSWx,MlQcmexA,994.0
679,0,EvIZgaUF,RHWjHSWx,1305.0
679,0,mGgwEHaG,EvIZgaUF,1162.0
679,0,DWuGRWkF,mGgwEHaG,1162.0
679,0,ryMrZCSE,DWuGRWkF,1188.0
679,0,fRxWIrbs,ryMrZCSE,2070.0
679,0,QrdELzCu,fRxWIrbs,2069.0
679,0,YvwQRHTE,QrdELzCu,2069.0
679,0,HJTsgSzj,YvwQRHTE,2069.0
679,0,TcTonWJL,HJTsgSzj,3004.0
679,0,VCDwRKse,TcTonWJL,3268.0
679,0,lZYsrfVZ,VCDwRKse,3268.0
273,0,fFHpEWYG,FcOkCcps,2560.0
108,0,pzcCDVmZ,TCBUGaZf,8178.0
108,0,oUmVLfUX,pzcCDVmZ,8178.0
108,0,fJdABIlw,oUmVLfUX,8178.0
108,0,mXwfazRz,fJdABIlw,8788.0
108,0,rBcVngYR,mXwfazRz,8834.0
108,0,NGAodVTg,rBcVngYR,9495.0
108,0,TvGyfQSI,NGAodVTg,9517.0
108,0,HFYkXdPG,TvGyfQSI,9673.0
108,0,KjgVoxgR,HFYkXdPG,10166.0
108,0,xTOrUJFO,KjgVoxgR,10154.0
108,0,EmkugZPX,xTOrUJFO,9899.0
458,0,rmVQyXvM,qGnNRXVR,30.0
458,0,lmdCTtOt,rmVQyXvM,30.0
458,0,ZENVichq,lmdCTtOt,30.0
458,0,ZQjUlkgz,ZENVichq,30.0
458,0,heyKMWAh,ZQjUlkgz,30.0
477,0,oeGMQkdJ,rDSiGFpR,1371.0
477,0,vkAUVqtk,oeGMQkdJ,1719.0
477,0,ifLglfbO,vkAUVqtk,1719.0
477,0,hgHcWJof,ifLglfbO,1719.0
477,0,vBGGqNND,hgHcWJof,1719.0
477,0,oFGeBzfg,vBGGqNND,1467.0
477,0,ZAvLUFLU,oFGeBzfg,1467.0
477,0,iBiVOFur,ZAvLUFLU,1467.0
477,0,AjJCgCBk,iBiVOFur,2135.0
1305,0,izYvwhlO,AjJCgCBk,1855.0
1305,0,DvUXLssj,izYvwhlO,2174.0
1305,0,womqVgRl,DvUXLssj,2174.0
457,0,suszCmcx,ojYgsDtJ,70.0
457,0,AHQzSmld,suszCmcx,70.0
457,0,lXxeIKQj,AHQzSmld,70.0
457,0,UWSJuCAz,lXxeIKQj,70.0
457,0,xfYjeqNM,UWSJuCAz,70.0
457,0,nrUfCQxz,xfYjeqNM,70.0
457,0,vJitwYAE,nrUfCQxz,43.0
457,0,iBiVOFur,vJitwYAE,43.0
457,0,SWnceHEw,iBiVOFur,43.0
457,0,AjJCgCBk,SWnceHEw,43.0
457,0,jFmPCmzM,AjJCgCBk,43.0
457,0,TrOiZJox,jFmPCmzM,43.0
457,0,fkZFUNSd,TrOiZJox,31.0
457,0,lTemnVVF,fkZFUNSd,31.0
457,0,pYVbvizw,lTemnVVF,31.0
457,0,vUKUaFbz,pYVbvizw,31.0
684,0,KMDYeUKg,ZHaurlhr,2114.0
684,0,FrlvFFoW,KMDYeUKg,1997.0
684,0,buBFkWue,FrlvFFoW,2012.0
684,0,gaeBmadp,buBFkWue,2092.0
684,0,CpnDMnJS,gaeBmadp,2092.0
684,0,fSmTHZJS,CpnDMnJS,2057.0
684,0,WSTcrrBn,fSmTHZJS,1567.0
684,0,mayUcTNe,WSTcrrBn,1553.0
684,0,DyPueDjA,mayUcTNe,1553.0
684,0,qMoZNsgo,DyPueDjA,1547.0
684,0,udNzSSji,qMoZNsgo,1547.0
684,0,uKKyuZyC,udNzSSji,1547.0
684,0,GhNbXpjs,uKKyuZyC,1541.0
684,0,aIerxCRO,lxSUNwOi,2097.0
684,0,ZHaurlhr,aIerxCRO,2097.0
480,0,RDRtuZUD,FliRNcXy,590.0
480,0,HRxXRUxZ,RDRtuZUD,590.0
480,0,TiulEaYs,HRxXRUxZ,590.0
480,0,dwUntJQR,TiulEaYs,880.0
480,0,VQMcZIwA,dwUntJQR,880.0
480,0,RyfxjoUl,VQMcZIwA,1025.0
480,0,QIQMIQBO,RyfxjoUl,891.0
480,0,hOGVczfj,QIQMIQBO,791.0
1744,0,kXtCwJQx,hOGVczfj,4775.0
1744,0,UZvsWvxC,kXtCwJQx,4815.0
1744,0,Afgbwxue,UZvsWvxC,4794.0
1744,0,yHOAvGcL,Afgbwxue,4665.0
1744,0,AHQzSmld,yHOAvGcL,5100.0
1744,0,UWSJuCAz,AHQzSmld,4990.0
686,0,iBiVOFur,nrUfCQxz,2750.0
686,0,SWnceHEw,iBiVOFur,2561.0
686,0,AjJCgCBk,SWnceHEw,2561.0
686,0,wLUSsEhz,AjJCgCBk,2730.0
686,0,XHTcEfiO,wLUSsEhz,2706.0
686,0,izYvwhlO,XHTcEfiO,1503.0
686,0,DvUXLssj,izYvwhlO,1256.0
686,0,womqVgRl,DvUXLssj,1256.0
684,0,biJBLznK,UfJDroVz,338.0
684,0,TcsyXYNn,biJBLznK,338.0
684,0,qKeCDDXI,TcsyXYNn,338.0
684,0,YmkUpvHU,qKeCDDXI,981.0
684,0,GbYxEXTt,YmkUpvHU,1460.0
684,0,DOGyniWl,GbYxEXTt,1460.0
684,0,fubLBmAl,DOGyniWl,1578.0
684,0,nEXpIbiD,fubLBmAl,1578.0
684,0,eTJQHplR,nEXpIbiD,1580.0
684,0,vrgENeuF,eTJQHplR,1847.0
684,0,lxSUNwOi,vrgENeuF,2024.0
684,0,QontmjvH,JIllbhjr,157.0
684,0,oBtsEQRM,QontmjvH,157.0
684,0,UFoaQvGg,oBtsEQRM,200.0
684,0,uxsctOEt,UFoaQvGg,200.0
684,0,UfJDroVz,uxsctOEt,201.0
1744,0,DYvQviUy,RfEbENxd,3942.0
1744,0,aFlzccOO,DYvQviUy,4123.0
1744,0,XAxmwtqw,aFlzccOO,4354.0
1744,0,ThGrfpxl,XAxmwtqw,4354.0
1744,0,TUpCuZAw,ThGrfpxl,4316.0
1744,0,HYfXIyFk,TUpCuZAw,4314.0
1744,0,oQvXmJfL,HYfXIyFk,4324.0
1744,0,yayPNqiY,oQvXmJfL,4497.0
1744,0,pOvHFZPM,yayPNqiY,4497.0
1744,0,hOGVczfj,pOvHFZPM,4772.0
1744,0,RfEbENxd,jQaLNViL,2492.0
1296,0,eaNsVWDR,ejMjPdTH,7237.0
1296,0,ywuGpANM,eaNsVWDR,8853.0
1296,0,BZCtSmhk,ywuGpANM,9530.0
1296,0,BLvXEzeq,gzTQJVMW,6187.0
1296,0,AoRkaUmb,BLvXEzeq,6293.0
1296,0,ALhaazBT,AoRkaUmb,6293.0
1296,0,YqlTLIQa,ALhaazBT,6798.0
1296,0,AUmOMGnp,YqlTLIQa,6798.0
1296,0,ejMjPdTH,AUmOMGnp,6859.0
365,0,DgYBMgPg,mhsyTQmZ,3142.0
365,0,yjQwxGED,DgYBMgPg,1248.0
365,0,KPcRWbGT,yjQwxGED,1248.0
365,0,uGRyXcfW,KPcRWbGT,1248.0
365,0,HlhFjJtZ,uGRyXcfW,1248.0
365,0,ALhaazBT,HlhFjJtZ,1248.0
365,0,YqlTLIQa,ALhaazBT,1108.0
365,0,AUmOMGnp,YqlTLIQa,1108.0
365,0,SVPLEqNI,AUmOMGnp,1102.0
365,0,ejMjPdTH,SVPLEqNI,395.0
365,0,CKorGRkE,ejMjPdTH,245.0
365,0,eaNsVWDR,CKorGRkE,245.0
365,0,hpACGGyB,eaNsVWDR,245.0
365,0,VgUdLlOW,hpACGGyB,245.0
365,0,ywuGpANM,VgUdLlOW,245.0
365,0,BZCtSmhk,ywuGpANM,142.0
365,0,aojHvPEg,BZCtSmhk,142.0
365,0,qeXIqBgp,aojHvPEg,142.0
365,0,gmsNDepi,qeXIqBgp,142.0
365,0,jFRqfnFl,gmsNDepi,142.0
365,0,ysSWNERo,jFRqfnFl,141.0
367,0,GbYxEXTt,YmkUpvHU,2522.0
367,0,DOGyniWl,GbYxEXTt,1300.0
367,0,fubLBmAl,DOGyniWl,1299.0
367,0,nEXpIbiD,fubLBmAl,1224.0
367,0,eTJQHplR,nEXpIbiD,1224.0
1296,0,gzTQJVMW,RVEyrwjR,5660.0
780,0,lhSIyIfw,OeZVKJdr,2888.0
1558,0,GbYxEXTt,YmkUpvHU,414.0
1558,0,ItndWSiW,GbYxEXTt,398.0
1558,0,DOGyniWl,ItndWSiW,369.0
1558,0,fubLBmAl,DOGyniWl,369.0
1558,0,nEXpIbiD,fubLBmAl,369.0
1558,0,eTJQHplR,nEXpIbiD,369.0
736,0,XLVjRryq,NxbXiMUL,7932.0
736,0,RVEyrwjR,XLVjRryq,8148.0
778,0,mBrhAdeU,ZKmlngva,540.0
778,0,YBkSbJNR,mBrhAdeU,569.0
778,0,xsVxMJpx,YBkSbJNR,569.0
778,0,wULIWnbW,xsVxMJpx,569.0
778,0,kPfQKpcS,wULIWnbW,547.0
778,0,VyooPFNZ,kPfQKpcS,547.0
778,0,JyEnLYHy,VyooPFNZ,547.0
778,0,wcUGKfLa,JyEnLYHy,547.0
778,0,ZJxogzZw,wcUGKfLa,1864.0
778,0,Uacajbua,ZJxogzZw,1864.0
778,0,ZLCIvgrp,Uacajbua,1865.0
778,0,ucVTqZIB,ZLCIvgrp,1834.0
778,0,FDrhtNjK,ucVTqZIB,1834.0
778,0,YVGWiGkc,FDrhtNjK,1834.0
778,0,CqPWXNIf,YVGWiGkc,1834.0
778,0,iZfXNAue,CqPWXNIf,1825.0
1305,0,SlfNpref,aUPouXsN,1526.0
1305,0,nrKKniYe,SlfNpref,1526.0
1305,0,AjJCgCBk,nrKKniYe,1670.0
673,0,bgWfLree,DsuTXcIa,1157.0
673,0,nUYnioIh,bgWfLree,1157.0
673,0,UAkhVpHN,nUYnioIh,1157.0
673,0,EvIZgaUF,UAkhVpHN,1157.0
673,0,mGgwEHaG,EvIZgaUF,1134.0
673,0,DWuGRWkF,mGgwEHaG,1123.0
673,0,ryMrZCSE,DWuGRWkF,1061.0
673,0,fRxWIrbs,ryMrZCSE,673.0
673,0,sKbmdUEJ,fRxWIrbs,673.0
673,0,zWeVnnxO,sKbmdUEJ,673.0
673,0,kXofjcRp,zWeVnnxO,673.0
673,0,mCHzTQKa,kXofjcRp,499.0
673,0,VCDwRKse,mCHzTQKa,499.0
673,0,lZYsrfVZ,VCDwRKse,499.0
673,0,eOdwAkBF,ydoNqUsu,1317.0
673,0,FDCDnriY,eOdwAkBF,1310.0
673,0,DsuTXcIa,FDCDnriY,1459.0
673,0,enOsQere,LPBTmxgF,505.0
673,0,ydoNqUsu,enOsQere,506.0
481,0,JGbfxLUL,KQSHMGnw,1212.0
481,0,IjwLXBRx,JGbfxLUL,1212.0
481,0,YmbmpLps,IjwLXBRx,1212.0
481,0,nJRBvlcT,YmbmpLps,1296.0
481,0,IkxLwyxa,nJRBvlcT,1588.0
523,0,CorDNIJt,zdEUiAFY,2076.0
1198,0,yjunmuoE,IvQQZbJW,559.0
1198,0,ljAgYLSe,yjunmuoE,559.0
1198,0,dTWbWYya,ljAgYLSe,548.0
1198,0,CorDNIJt,dTWbWYya,548.0
584,0,vMBlttbG,LRmPOeoe,731.0
584,0,zdEUiAFY,vMBlttbG,731.0
584,0,CorDNIJt,zdEUiAFY,731.0
584,0,LciqyJfg,CorDNIJt,717.0
584,0,HTcmpFUD,LciqyJfg,717.0
523,0,LciqyJfg,CorDNIJt,1324.0
523,0,HTcmpFUD,LciqyJfg,1324.0
1198,0,LciqyJfg,CorDNIJt,546.0
1198,0,HTcmpFUD,LciqyJfg,546.0
1198,0,IvQQZbJW,lxBswvKX,536.0
178,0,TCMQvOqy,NmilzqZp,1071.0
178,0,JyqrAKLu,TCMQvOqy,1071.0
178,0,XxhwFmzZ,JyqrAKLu,1071.0
178,0,sonNAVmZ,XxhwFmzZ,1070.0
178,0,aWeAvoyP,sonNAVmZ,1161.0
178,0,exnIZrMP,aWeAvoyP,1161.0
178,0,KhRPPFUf,exnIZrMP,1112.0
178,0,zoqWMrrO,KhRPPFUf,1112.0
178,0,WSMobtPt,zoqWMrrO,1112.0
178,0,ClDeGdta,WSMobtPt,1112.0
1198,0,dBTDkDZt,gOJphFVT,2007.0
1198,0,tldUULAx,dBTDkDZt,2666.0
1198,0,lQHWhrGj,tldUULAx,2734.0
1198,0,OOOhsNkv,lQHWhrGj,2734.0
1198,0,CgcphXSb,OOOhsNkv,2734.0
1198,0,texSWQet,CgcphXSb,2734.0
1198,0,lxBswvKX,texSWQet,1334.0
187,0,AszcEtOu,BpAiVnps,1132.0
187,0,TCqyxHhF,AszcEtOu,1423.0
187,0,BHzRSlej,TCqyxHhF,1423.0
187,0,TcEVvOUM,BHzRSlej,1484.0
187,0,qGnNRXVR,TcEVvOUM,1485.0
187,0,ouPwTbuD,qGnNRXVR,1483.0
187,0,MwLdaJul,ouPwTbuD,1486.0
187,0,yjunmuoE,IvQQZbJW,358.0
187,0,ljAgYLSe,yjunmuoE,358.0
187,0,dTWbWYya,ljAgYLSe,358.0
187,0,CorDNIJt,dTWbWYya,358.0
187,0,LciqyJfg,CorDNIJt,358.0
187,0,HTcmpFUD,LciqyJfg,358.0
1662,0,XGJiqzLW,xSynUqPV,356.0
990,0,gmiMCrrb,EdJUuxct,6012.0
186,0,OeKkfJSz,HTcmpFUD,811.0
186,0,FZjXRNIl,OeKkfJSz,811.0
186,0,wHSBMatn,FZjXRNIl,811.0
186,0,pbVrXoGi,wHSBMatn,811.0
186,0,GuhaYkFL,pbVrXoGi,831.0
186,0,EdJUuxct,GuhaYkFL,831.0
186,0,gmiMCrrb,EdJUuxct,719.0
1689,0,oizEKkjz,YyUbakrH,119.0
1689,0,wqmVlyfa,oizEKkjz,117.0
1689,0,JvDZYJph,wqmVlyfa,117.0
1689,0,gdbAGAQU,JvDZYJph,112.0
1689,0,tBgOcvQf,gdbAGAQU,112.0
178,0,PYzwbgep,cZBPdCTc,652.0
178,0,wtyUxRkq,PYzwbgep,654.0
178,0,VXthmpcS,wtyUxRkq,791.0
178,0,xuEvBBdE,VXthmpcS,791.0
178,0,rAizOLWV,xuEvBBdE,791.0
178,0,JdZarNsv,rAizOLWV,791.0
178,0,NmilzqZp,JdZarNsv,791.0
295,0,KMLNQwjh,YxUFlvZH,274.0
295,0,aDaRCcaB,KMLNQwjh,274.0
295,0,dQYZBhGJ,aDaRCcaB,274.0
295,0,iFderoVa,dQYZBhGJ,274.0
295,0,GQmprOhw,iFderoVa,274.0
295,0,aWeAvoyP,GQmprOhw,276.0
295,0,exnIZrMP,aWeAvoyP,276.0
295,0,WSMobtPt,exnIZrMP,276.0
295,0,AvILYntX,WSMobtPt,299.0
295,0,BGAyznqC,AvILYntX,304.0
295,0,PUIIuxlM,BGAyznqC,304.0
295,0,bEuFbYIx,PUIIuxlM,304.0
295,0,ZCsEtuOb,bEuFbYIx,311.0
295,0,kEQqRNXv,ZCsEtuOb,446.0
295,0,NfeOUEsA,kEQqRNXv,446.0
295,0,gdbAGAQU,NfeOUEsA,564.0
295,0,ANpclgWP,gdbAGAQU,564.0
295,0,LWqTSxPr,ANpclgWP,521.0
295,0,tBgOcvQf,LWqTSxPr,521.0
178,0,PeYVqHeF,DJkAcxlA,441.0
178,0,cRLBVFvQ,PeYVqHeF,441.0
178,0,DacXSoOC,cRLBVFvQ,544.0
178,0,vTErLEZz,DacXSoOC,544.0
178,0,cZBPdCTc,vTErLEZz,585.0
295,0,KwXNMHkb,UxPxrYmy,242.0
295,0,YxUFlvZH,KwXNMHkb,242.0
178,0,hZxMsAHQ,WgelRheP,401.0
178,0,DJkAcxlA,hZxMsAHQ,401.0
626,0,XCXPEDQh,MBttAlCW,431.0
626,0,FXyPWyvF,XCXPEDQh,431.0
626,0,yLDzmulm,FXyPWyvF,431.0
626,0,JzObVOMG,yLDzmulm,438.0
626,0,dwQybScW,JzObVOMG,438.0
626,0,WgelRheP,dwQybScW,438.0
295,0,hqOmlOIp,RrhmmPMm,161.0
295,0,qJgsxHch,hqOmlOIp,161.0
295,0,lxplrluY,qJgsxHch,161.0
295,0,zTJYYUap,lxplrluY,161.0
295,0,UxPxrYmy,zTJYYUap,161.0
295,0,YxYhlArE,NqSePdAx,126.0
295,0,sAswhpJr,YxYhlArE,126.0
295,0,VyHGAkTo,sAswhpJr,126.0
295,0,RrhmmPMm,VyHGAkTo,126.0
295,0,sceVWPKZ,dvaPHMux,88.0
295,0,NqSePdAx,sceVWPKZ,88.0
573,0,rDSiGFpR,gFAsBeQM,14.0
214,0,ydoNqUsu,OyNIynZV,535.0
214,0,yYSDLmlm,ydoNqUsu,736.0
712,0,LVcdwgEp,ubzklVlS,3222.0
712,0,xTOrUJFO,LVcdwgEp,2256.0
1567,0,YctaenCe,jcExlqwL,7557.0
1567,0,tzYrVhKO,YctaenCe,7556.0
1567,0,UgpyjFML,tzYrVhKO,7556.0
46,0,QpprBOSr,SOVcCDqR,8345.0
46,0,Plxavose,QpprBOSr,7765.0
46,0,CpULuhdq,Plxavose,7169.0
46,0,tJbXQuOE,CpULuhdq,7169.0
46,0,dAjqsFfg,tJbXQuOE,5596.0
46,0,vizUtPmY,dAjqsFfg,5596.0
46,0,fytASSfG,vizUtPmY,5494.0
46,0,kFSxtGUW,fytASSfG,5494.0
46,0,ULMVzkWs,kFSxtGUW,5379.0
46,0,ZNjvBYak,ULMVzkWs,5379.0
46,0,wPeqfEci,ZNjvBYak,5216.0
46,0,MjMDaXaP,wPeqfEci,5216.0
46,0,OGoFbxUJ,MjMDaXaP,5216.0
46,0,XNUmFqNT,OGoFbxUJ,5216.0
46,0,hSdNxZqe,XNUmFqNT,5097.0
1408,0,SUVVzOYC,cThdGxLv,309.0
657,0,gVtshwcF,FVWAEAei,5541.0
657,0,LmhVzFNJ,gVtshwcF,5660.0
657,0,CmbQeSBI,LmhVzFNJ,5660.0
657,0,RVyaKvKa,CmbQeSBI,5660.0
657,0,ymMncFZF,RVyaKvKa,5660.0
657,0,OnjVGLlO,ymMncFZF,5660.0
657,0,QKdRzNnX,OnjVGLlO,5660.0
657,0,EQSFTfWT,QKdRzNnX,5762.0
657,0,pHgJPiEB,EQSFTfWT,5762.0
657,0,jLGvGvQf,pHgJPiEB,5762.0
657,0,issQYORv,jLGvGvQf,5762.0
657,0,mgIvIqkL,issQYORv,5843.0
657,0,MdBywaSB,mgIvIqkL,5843.0
657,0,YbVmHVTt,zGyJMIkT,5536.0
657,0,ZlnerNQG,YbVmHVTt,5536.0
657,0,FVWAEAei,ZlnerNQG,5536.0
678,0,KHbKaRBy,EMzKPzug,1.0
173,0,FXuJEVFo,PspudWCJ,1408.0
173,0,qCZHeqZn,FXuJEVFo,1340.0
658,0,qkTCgKXX,YoEMZEcq,1.0
658,0,XjSQdTLS,qkTCgKXX,1.0
658,0,dKSFzIqs,XjSQdTLS,1.0
916,0,czDOARXC,CyecXZGv,157.0
916,0,MjfuEiNR,czDOARXC,157.0
916,0,sdZgyTvj,MjfuEiNR,157.0
916,0,vcrPzYoe,sdZgyTvj,157.0
916,0,umgwnivO,vcrPzYoe,157.0
916,0,TuCFhCoF,umgwnivO,173.0
916,0,NnDAWHCn,TuCFhCoF,173.0
916,0,Kssiavoh,NnDAWHCn,180.0
916,0,pAoOtqpU,Kssiavoh,180.0
916,0,iKWenAnt,pAoOtqpU,181.0
916,0,oSDoGnju,iKWenAnt,188.0
916,0,efsWTgFW,oSDoGnju,196.0
916,0,csuoPXTA,efsWTgFW,196.0
916,0,NOXvlGiG,csuoPXTA,196.0
916,0,WoPCDSeI,NOXvlGiG,196.0
916,0,ZVaoBYIn,WoPCDSeI,196.0
916,0,KKHFrKGl,ZVaoBYIn,196.0
916,0,Erqjkxzk,KKHFrKGl,161.0
916,0,ltPLChrK,Erqjkxzk,161.0
916,0,FwvYcAgk,ltPLChrK,161.0
916,0,mgDGiHEE,FwvYcAgk,161.0
916,0,dQOncjgh,mgDGiHEE,159.0
916,0,QiaFfhxS,dQOncjgh,159.0
916,0,rilNZKmg,QiaFfhxS,159.0
916,0,MgfOYJbA,rilNZKmg,158.0
916,0,qIuTLVvj,MgfOYJbA,158.0
916,0,spmlaYUs,qIuTLVvj,156.0
916,0,qqDoWQdv,spmlaYUs,156.0
916,0,eymgjBxV,qqDoWQdv,140.0
916,0,EonJeQKz,eymgjBxV,140.0
916,0,vkWqgNph,EonJeQKz,140.0
916,0,nJRQzVZQ,vkWqgNph,140.0
916,0,xunvufHj,nJRQzVZQ,136.0
916,0,rxrORjnb,xunvufHj,136.0
916,0,UVDfwOgc,rxrORjnb,136.0
916,0,TJDsQDoO,UVDfwOgc,136.0
916,0,yTictHOU,TJDsQDoO,136.0
916,0,sTaleXyI,yTictHOU,136.0
916,0,illGQStO,sTaleXyI,136.0
916,0,AUrIxxcC,illGQStO,136.0
916,0,zqZasXpA,AUrIxxcC,136.0
916,0,EYGEAZtD,zqZasXpA,136.0
916,0,AJLJQqsT,EYGEAZtD,136.0
916,0,NCSBLEus,AJLJQqsT,136.0
916,0,xfbmoJHP,NCSBLEus,133.0
657,0,zGyJMIkT,yolIeCeg,4067.0
657,0,OsBkWRQx,TsaeiIGv,4040.0
657,0,udlIzhJE,OsBkWRQx,4040.0
657,0,DeduXMzE,udlIzhJE,4040.0
657,0,GXHjZCTL,DeduXMzE,4040.0
657,0,yolIeCeg,GXHjZCTL,4040.0
657,0,TsaeiIGv,EkWBPXmr,3963.0
1622,0,VDSTHuJo,zdgoUaFA,1665.0
1622,0,ImyQzgIv,VDSTHuJo,1678.0
1622,0,BzikVGUK,ImyQzgIv,1678.0
1622,0,lniHSWWA,BzikVGUK,1678.0
1622,0,qaJzTzwj,lniHSWWA,1238.0
1622,0,YstCZidS,qaJzTzwj,1781.0
1622,0,sHyVyxBf,YstCZidS,1781.0
1622,0,OGOfNBpR,sHyVyxBf,1777.0
1622,0,apZtGMSe,OGOfNBpR,1777.0
1622,0,busLwOKM,apZtGMSe,1760.0
1622,0,BRTaWOYs,busLwOKM,1760.0
1622,0,aYSqaQmJ,BRTaWOYs,1679.0
1622,0,PjfwSZnl,aYSqaQmJ,44.0
1622,0,vSdfqYeK,PjfwSZnl,17.0
1468,0,liXJvIPl,PZviXSbJ,198.0
1468,0,mwBDLsCe,liXJvIPl,198.0
1468,0,OsteSFoc,mwBDLsCe,198.0
1468,0,rEXMwzJR,OsteSFoc,198.0
1468,0,ZsdtRkBt,rEXMwzJR,198.0
1532,0,FUctipSE,IvXmMOhB,2144.0
1750,0,wefAcLKj,GTWLqqnN,1428.0
1750,0,XHLHCkqn,wefAcLKj,1422.0
1750,0,ULIlEdjB,XHLHCkqn,1137.0
1750,0,zfmNZkKD,ULIlEdjB,1124.0
1750,0,GTWLqqnN,JafVjQhg,1415.0
1418,0,SapgsLPr,JPWycazw,5338.0
1418,0,OyAyNkqZ,SapgsLPr,5326.0
821,0,FgbDpeSh,fvMkSwKl,22.0
821,0,LjhqQBRt,FgbDpeSh,446.0
821,0,HdFJhFPb,LjhqQBRt,468.0
821,0,BUdgWiYp,HdFJhFPb,468.0
821,0,uYhYmSwb,BUdgWiYp,469.0
821,0,wcUGKfLa,uYhYmSwb,469.0
821,0,ZJxogzZw,wcUGKfLa,275.0
821,0,Uacajbua,ZJxogzZw,275.0
821,0,ZLCIvgrp,Uacajbua,275.0
821,0,ucVTqZIB,ZLCIvgrp,275.0
821,0,FDrhtNjK,ucVTqZIB,275.0
821,0,YVGWiGkc,FDrhtNjK,275.0
821,0,CqPWXNIf,YVGWiGkc,275.0
821,0,iZfXNAue,CqPWXNIf,272.0
821,0,OXvlrfnG,iZfXNAue,182.0
821,0,CgMBzfIg,OXvlrfnG,181.0
821,0,BCwVkMhO,CgMBzfIg,181.0
821,0,MpBHVRZl,BCwVkMhO,181.0
821,0,BWKNZpmt,MpBHVRZl,27.0
821,0,hMBIVszx,BWKNZpmt,27.0
821,0,JgVaSAtG,hMBIVszx,27.0
821,0,QyfZGsFT,JgVaSAtG,25.0
821,0,selTNsQi,QyfZGsFT,25.0
821,0,SfBAqteg,selTNsQi,25.0
821,0,obGcbWvT,SfBAqteg,25.0
821,0,wssOAckJ,obGcbWvT,22.0
821,0,zzxlwhdI,wssOAckJ,22.0
821,0,SEcoeimf,zzxlwhdI,10.0
821,0,fzmnvqlX,SEcoeimf,8.0
821,0,RyhuDLev,fzmnvqlX,8.0
821,0,KnIeolpt,RyhuDLev,8.0
821,0,GMrJWgHs,KnIeolpt,8.0
821,0,tTjpyeuP,GMrJWgHs,8.0
821,0,elxmPCDf,tTjpyeuP,8.0
821,0,tcbhlVZo,elxmPCDf,8.0
821,0,ZqBGCTqq,tcbhlVZo,8.0
821,0,HxnLIWQq,ZqBGCTqq,7.0
821,0,wqGWmwVd,HxnLIWQq,7.0
821,0,ACkvbmee,wqGWmwVd,7.0
821,0,FtWuEuzF,ACkvbmee,7.0
821,0,RtTLxXUv,FtWuEuzF,7.0
821,0,JGydtICe,RtTLxXUv,7.0
491,0,lctVuVOk,QnkNgkDL,2921.0
491,0,wOZIcmuB,lctVuVOk,2920.0
600,0,wihERHzN,uiYVYPQX,13.0
227,0,jkmSVBKz,QkCkRebE,821.0
227,0,XwcxmOai,jkmSVBKz,821.0
711,0,qGnNRXVR,TcEVvOUM,2399.0
711,0,ouPwTbuD,qGnNRXVR,2361.0
711,0,LPldZjRa,ouPwTbuD,2618.0
1105,0,ozAxYCwR,uiYVYPQX,5.0
1174,0,bciZjPUu,MVExtcyL,2319.0
1174,0,ogOCBKAf,bciZjPUu,2244.0
1125,0,NAwFzVQz,RuqLEiFp,1682.0
1125,0,jEliwrSM,NAwFzVQz,1750.0
1125,0,XsvFZXJo,jEliwrSM,1750.0
1125,0,nCgrSQNi,HnEviCBr,1067.0
1125,0,KyrNRMTR,nCgrSQNi,1067.0
1125,0,IpOsGrUQ,KyrNRMTR,1343.0
1125,0,exRzHfND,IpOsGrUQ,1160.0
1125,0,bIhgcGjB,exRzHfND,1160.0
1125,0,dMpYNFzw,bIhgcGjB,1160.0
1125,0,slwzdYAd,dMpYNFzw,1160.0
1125,0,phodyDNv,slwzdYAd,1282.0
1125,0,gcvwQKzE,phodyDNv,1301.0
1125,0,RuqLEiFp,gcvwQKzE,1301.0
1125,0,kjmHgYUi,pTTspriv,1030.0
1125,0,UHSPJyEW,kjmHgYUi,1030.0
1125,0,dOTSUZHl,UHSPJyEW,1030.0
1125,0,ITdbUezF,dOTSUZHl,1030.0
1125,0,UCTWITih,ITdbUezF,1030.0
1125,0,HnEviCBr,UCTWITih,1031.0
16,0,GfBReROC,OxhtFIfA,4732.0
16,0,CLjYTiBy,GfBReROC,4732.0
272,0,fumBmOZX,ogrZorIF,3556.0
272,0,CLjYTiBy,fumBmOZX,3556.0
1245,0,CEyhPnMH,OQRQrPoA,317.0
1245,0,ogrZorIF,CEyhPnMH,317.0
1245,0,fumBmOZX,ogrZorIF,317.0
1245,0,CLjYTiBy,fumBmOZX,317.0
264,0,CLjYTiBy,fumBmOZX,868.0
1193,0,QaQvGPmN,yRpreQRc,1397.0
1193,0,HNYicgCh,QaQvGPmN,1358.0
1193,0,RVNzMGgw,HNYicgCh,1288.0
1193,0,PqoYMtMO,RVNzMGgw,1288.0
971,0,dKSFzIqs,XjSQdTLS,48.0
594,0,grMhZquG,KwyfuOzT,490.0
1057,0,tTbFYEPP,eIBTCCCb,61.0
1120,0,QImdosgy,FbaONibz,173.0
1120,0,KmBpjqPf,QImdosgy,173.0
1120,0,BCGYYxEK,KmBpjqPf,168.0
1120,0,Tjttdgfb,BCGYYxEK,168.0
1120,0,kOphzTYx,Tjttdgfb,168.0
1120,0,OqLLMkKT,kOphzTYx,168.0
1120,0,SbpvwGMk,OqLLMkKT,168.0
1120,0,twlXtIzd,SbpvwGMk,168.0
1120,0,dyfuQNKH,twlXtIzd,168.0
1120,0,nJqXilaA,dyfuQNKH,168.0
1120,0,tMAJjHeh,nJqXilaA,168.0
1120,0,LurStVaw,tMAJjHeh,165.0
1120,0,YmJRiEgw,LurStVaw,214.0
1120,0,TmUkjEUt,YmJRiEgw,212.0
1120,0,kIKddsaQ,TmUkjEUt,212.0
1120,0,NqSePdAx,kIKddsaQ,212.0
1120,0,YxYhlArE,NqSePdAx,201.0
1120,0,sAswhpJr,YxYhlArE,201.0
1120,0,VyHGAkTo,sAswhpJr,201.0
1120,0,RrhmmPMm,VyHGAkTo,201.0
1120,0,hqOmlOIp,RrhmmPMm,162.0
1120,0,qJgsxHch,hqOmlOIp,162.0
1120,0,lxplrluY,qJgsxHch,162.0
1120,0,zTJYYUap,lxplrluY,162.0
1120,0,UxPxrYmy,zTJYYUap,162.0
1120,0,ZfNDFPcl,UxPxrYmy,159.0
1120,0,KwXNMHkb,ZfNDFPcl,159.0
1120,0,YxUFlvZH,KwXNMHkb,159.0
1120,0,KMLNQwjh,YxUFlvZH,141.0
1120,0,aDaRCcaB,KMLNQwjh,141.0
1120,0,dQYZBhGJ,aDaRCcaB,141.0
1120,0,iFderoVa,dQYZBhGJ,141.0
1120,0,GQmprOhw,iFderoVa,141.0
1120,0,CbblRkaH,GQmprOhw,124.0
1120,0,BldTZUAI,CbblRkaH,124.0
1120,0,nBYHMnkU,BldTZUAI,123.0
1120,0,LpwxWatG,rwLqimtK,156.0
1120,0,FbaONibz,LpwxWatG,156.0
1120,0,FvRjKBvU,TJeJnSDd,100.0
1120,0,wuQzPlvL,FvRjKBvU,145.0
1120,0,NacgxEEi,wuQzPlvL,145.0
1120,0,ZbMvdFLw,NacgxEEi,145.0
1120,0,JUGtNdnF,ZbMvdFLw,145.0
1120,0,buTfkkhk,JUGtNdnF,145.0
1120,0,rwLqimtK,buTfkkhk,148.0
657,0,UscCtYui,MdBywaSB,570.0
1703,0,zAAHYQhY,uSOMnpdQ,70.0
1703,0,jUhOGaww,zAAHYQhY,65.0
1703,0,CZhqrbpp,jUhOGaww,65.0
1703,0,BYVXItej,CZhqrbpp,65.0
1703,0,eEFiMPzB,BYVXItej,65.0
1703,0,rQuvSvCO,eEFiMPzB,65.0
1703,0,MpPYcjVn,rQuvSvCO,65.0
1703,0,DewKhksr,MpPYcjVn,65.0
1703,0,vqGhvZJF,DewKhksr,65.0
1703,0,XMWgellz,vqGhvZJF,65.0
626,0,GfBReROC,zXtHnUiq,1995.0
626,0,AjXddPle,GfBReROC,1995.0
272,0,NuwmOhpA,CLjYTiBy,3478.0
973,0,CLjYTiBy,fumBmOZX,2585.0
973,0,NuwmOhpA,CLjYTiBy,2681.0
970,0,CEyhPnMH,OQRQrPoA,43.0
970,0,ogrZorIF,CEyhPnMH,43.0
970,0,fumBmOZX,ogrZorIF,43.0
970,0,CLjYTiBy,fumBmOZX,43.0
970,0,NuwmOhpA,CLjYTiBy,43.0
16,0,NuwmOhpA,CLjYTiBy,3824.0
264,0,NuwmOhpA,CLjYTiBy,847.0
14,0,EtvjcvTp,CKNrjFUU,8.0
483,0,CEyhPnMH,OQRQrPoA,75.0
483,0,ogrZorIF,CEyhPnMH,75.0
483,0,fumBmOZX,ogrZorIF,75.0
483,0,CLjYTiBy,fumBmOZX,75.0
483,0,NuwmOhpA,CLjYTiBy,75.0
994,0,hMBIVszx,BWKNZpmt,1932.0
994,0,JgVaSAtG,hMBIVszx,1932.0
821,0,xbhuXgnr,JGydtICe,6.0
821,0,zjGRmLyo,xbhuXgnr,6.0
821,0,EXTmTMKf,zjGRmLyo,6.0
821,0,yfIoPTHo,EXTmTMKf,6.0
821,0,GnOurcjN,yfIoPTHo,6.0
821,0,vHkAlmCm,GnOurcjN,6.0
821,0,WynPMslR,vHkAlmCm,6.0
821,0,jQaLNViL,WynPMslR,6.0
973,0,EXHVDpee,NuwmOhpA,2321.0
973,0,NkWMDpBL,EXHVDpee,2363.0
16,0,EXHVDpee,NuwmOhpA,3292.0
16,0,NkWMDpBL,EXHVDpee,3195.0
272,0,EXHVDpee,NuwmOhpA,2220.0
272,0,NkWMDpBL,EXHVDpee,2220.0
264,0,EXHVDpee,NuwmOhpA,563.0
264,0,NkWMDpBL,EXHVDpee,563.0
657,0,cNHGbHfW,UscCtYui,463.0
1193,0,OoNwiPDT,gmiMCrrb,2149.0
1193,0,ftvNhZKM,OoNwiPDT,2148.0
1193,0,KLTxOJqh,ftvNhZKM,2174.0
1193,0,IURTQlCB,KLTxOJqh,2174.0
1193,0,tWpVdCtj,ArHpJhVJ,1416.0
1193,0,EdJUuxct,tWpVdCtj,1476.0
1193,0,gmiMCrrb,EdJUuxct,1588.0
1690,0,RQiSRtZp,bCOJrgoA,90.0
1690,0,lQHWhrGj,RQiSRtZp,97.0
1690,0,OOOhsNkv,lQHWhrGj,97.0
1690,0,CgcphXSb,OOOhsNkv,97.0
1690,0,texSWQet,CgcphXSb,97.0
1690,0,lxBswvKX,texSWQet,97.0
1690,0,KLTxOJqh,lxBswvKX,133.0
1690,0,idAQxYim,KLTxOJqh,133.0
174,0,AszcEtOu,BpAiVnps,117.0
174,0,TCqyxHhF,AszcEtOu,176.0
174,0,TcEVvOUM,TCqyxHhF,176.0
174,0,qGnNRXVR,TcEVvOUM,176.0
174,0,ouPwTbuD,qGnNRXVR,176.0
174,0,MwLdaJul,ouPwTbuD,176.0
174,0,QUMnpJQp,MwLdaJul,213.0
174,0,FyIjwLBj,QUMnpJQp,226.0
174,0,vXPGJwVk,FyIjwLBj,226.0
174,0,qzuHypgA,vXPGJwVk,226.0
174,0,KCMgfriT,qzuHypgA,237.0
174,0,hVMLOzME,KCMgfriT,261.0
174,0,TDvESTZN,hVMLOzME,261.0
174,0,sNuKvPuW,TDvESTZN,261.0
174,0,AUBTKFbY,sNuKvPuW,261.0
174,0,fjevhefZ,AUBTKFbY,281.0
174,0,vyQyYYqJ,fjevhefZ,281.0
174,0,ztLkgYlA,vyQyYYqJ,281.0
174,0,OoNwiPDT,ztLkgYlA,281.0
174,0,ftvNhZKM,OoNwiPDT,281.0
174,0,KLTxOJqh,ftvNhZKM,281.0
174,0,IURTQlCB,KLTxOJqh,281.0
621,0,DeduXMzE,udlIzhJE,197.0
621,0,GXHjZCTL,DeduXMzE,197.0
621,0,yolIeCeg,GXHjZCTL,197.0
621,0,ozAxYCwR,yolIeCeg,197.0
621,0,qdrjbHYS,ozAxYCwR,197.0
621,0,AKdDiXyV,qdrjbHYS,257.0
621,0,kZdBhxvo,AKdDiXyV,366.0
621,0,ZBkAAevT,kZdBhxvo,366.0
621,0,cMinRgYB,ZBkAAevT,366.0
621,0,LRmPOeoe,cMinRgYB,366.0
621,0,tBNXSyMW,LRmPOeoe,366.0
621,0,ArHpJhVJ,tBNXSyMW,366.0
621,0,tWpVdCtj,ArHpJhVJ,366.0
621,0,EdJUuxct,tWpVdCtj,366.0
621,0,gmiMCrrb,EdJUuxct,366.0
621,0,OoNwiPDT,gmiMCrrb,366.0
621,0,ftvNhZKM,OoNwiPDT,366.0
621,0,KLTxOJqh,ftvNhZKM,366.0
621,0,idAQxYim,KLTxOJqh,366.0
621,0,OsBkWRQx,TsaeiIGv,157.0
621,0,udlIzhJE,OsBkWRQx,159.0
313,0,qqQgwpPP,DYKvrufv,618.0
313,0,ORsEDdLG,qqQgwpPP,618.0
313,0,jsnedRvy,ORsEDdLG,865.0
313,0,PpWfKRbL,jsnedRvy,868.0
313,0,aaSaUDum,PpWfKRbL,879.0
313,0,cmBFyxQG,aaSaUDum,879.0
621,0,TsaeiIGv,EkWBPXmr,82.0
621,0,ldInPGbn,idAQxYim,688.0
621,0,WGEhEMgb,ldInPGbn,935.0
621,0,WblAIghg,WGEhEMgb,935.0
621,0,yXfOYhmg,WblAIghg,935.0
973,0,RqfbhkOP,cNHGbHfW,2388.0
973,0,sUAChhLU,RqfbhkOP,2388.0
973,0,TCMQvOqy,sUAChhLU,1884.0
973,0,JyqrAKLu,TCMQvOqy,1816.0
973,0,XxhwFmzZ,JyqrAKLu,1829.0
973,0,GQmprOhw,XxhwFmzZ,1286.0
973,0,aWeAvoyP,GQmprOhw,810.0
973,0,exnIZrMP,aWeAvoyP,810.0
973,0,zoqWMrrO,exnIZrMP,832.0
973,0,WSMobtPt,zoqWMrrO,832.0
973,0,ClDeGdta,WSMobtPt,832.0
973,0,PqoYMtMO,ClDeGdta,100.0
170,0,EIcIoHUO,DULwephN,1120.0
170,0,JYRWJgVB,EIcIoHUO,1304.0
170,0,CFztBFJQ,JYRWJgVB,1305.0
173,0,AszcEtOu,BpAiVnps,471.0
173,0,TCqyxHhF,AszcEtOu,537.0
173,0,TcEVvOUM,TCqyxHhF,585.0
173,0,qGnNRXVR,TcEVvOUM,585.0
173,0,ouPwTbuD,qGnNRXVR,585.0
173,0,MwLdaJul,ouPwTbuD,586.0
173,0,QUMnpJQp,MwLdaJul,689.0
173,0,FyIjwLBj,QUMnpJQp,728.0
173,0,vXPGJwVk,FyIjwLBj,728.0
173,0,qzuHypgA,vXPGJwVk,728.0
173,0,KCMgfriT,qzuHypgA,841.0
173,0,hVMLOzME,KCMgfriT,918.0
173,0,TDvESTZN,hVMLOzME,918.0
173,0,bDgEiJAh,TDvESTZN,1348.0
1506,0,cCSIoIah,gViLrCgA,7600.0
1506,0,DLdtTvFi,cCSIoIah,7517.0
1506,0,vRWSdFEN,DLdtTvFi,7600.0
1506,0,tDDddUJb,vRWSdFEN,9832.0
719,0,eusqYKWT,HezLsNFQ,1147.0
719,0,xOHMcnRu,eusqYKWT,549.0
626,0,RjboLjDb,AjXddPle,1988.0
626,0,FyJXToWe,RjboLjDb,1988.0
626,0,rINNylNh,FyJXToWe,1988.0
264,0,TurKlwMz,NkWMDpBL,524.0
272,0,TurKlwMz,NkWMDpBL,2208.0
287,0,OAywdpTB,BpAiVnps,919.0
287,0,ufvngNip,OAywdpTB,919.0
287,0,ybjkPLXB,ufvngNip,919.0
287,0,IOcMwGKn,ybjkPLXB,458.0
287,0,hCxxcqWU,IOcMwGKn,454.0
287,0,gUXxyAlR,hCxxcqWU,454.0
287,0,cEOIeJTR,gUXxyAlR,128.0
287,0,bWAbaUPC,cEOIeJTR,128.0
287,0,UECnapuN,bWAbaUPC,68.0
287,0,uVsOstge,UECnapuN,68.0
287,0,tBJBJfdu,uVsOstge,65.0
287,0,xewbkqhz,tBJBJfdu,65.0
287,0,mklbELhb,xewbkqhz,65.0
287,0,yhXmuUeN,mklbELhb,59.0
287,0,xbiDwIOu,yhXmuUeN,59.0
287,0,zVYhNTdK,xbiDwIOu,59.0
287,0,EkWBPXmr,zVYhNTdK,59.0
1193,0,ojINhgSe,IURTQlCB,1952.0
1193,0,SiflCzMU,ojINhgSe,1952.0
174,0,ojINhgSe,IURTQlCB,171.0
452,0,QHFmFyLR,EkWBPXmr,1561.0
452,0,neNWquOh,QHFmFyLR,1561.0
452,0,KwaxxmSs,neNWquOh,1567.0
452,0,PSjGjQXK,KwaxxmSs,1572.0
452,0,FDPmqphv,PSjGjQXK,3537.0
452,0,aVjdmBcp,FDPmqphv,3857.0
452,0,nusTHAtB,aVjdmBcp,3857.0
452,0,isVKhOXG,nusTHAtB,3891.0
452,0,OWkTamRc,isVKhOXG,3929.0
452,0,RkIYOvZu,bvSKVAYv,5794.0
452,0,ygKQkAfU,RkIYOvZu,5794.0
452,0,blwWmPPo,ygKQkAfU,8147.0
452,0,GWhCmjED,blwWmPPo,9145.0
452,0,dYaEdzoO,GWhCmjED,9365.0
452,0,LoxEXWve,dYaEdzoO,9370.0
648,0,SYyDHHKq,IzsieVnc,1042.0
648,0,yzZGrKJL,SYyDHHKq,1042.0
648,0,qDeoslSZ,yzZGrKJL,1042.0
648,0,JovbzjVh,qDeoslSZ,507.0
648,0,dYaEdzoO,JovbzjVh,478.0
648,0,LoxEXWve,dYaEdzoO,473.0
1197,0,xMTUUeEc,gmiMCrrb,265.0
295,0,xMTUUeEc,tBgOcvQf,1116.0
295,0,jPryMrof,xMTUUeEc,1116.0
295,0,jkJwqjHm,jPryMrof,1116.0
295,0,jKMBgxbE,jkJwqjHm,1116.0
295,0,RQiSRtZp,jKMBgxbE,1116.0
295,0,SoCzlzVw,RQiSRtZp,1107.0
295,0,hLEWSLqw,SoCzlzVw,1107.0
615,0,OGJVNXKe,ccqsUPnI,1252.0
615,0,hfsVeMMa,OGJVNXKe,1144.0
615,0,isVKhOXG,hfsVeMMa,885.0
615,0,OWkTamRc,isVKhOXG,885.0
615,0,pHNyFRmN,OWkTamRc,884.0
615,0,SMriOOgF,pHNyFRmN,884.0
615,0,vISVJoyz,SMriOOgF,884.0
615,0,RHWjHSWx,vISVJoyz,884.0
615,0,VpmqCJUB,RHWjHSWx,577.0
615,0,mWygMrMb,VpmqCJUB,577.0
615,0,dulnZXnF,mWygMrMb,577.0
615,0,RkIYOvZu,dulnZXnF,577.0
615,0,ygKQkAfU,RkIYOvZu,577.0
615,0,blwWmPPo,ygKQkAfU,517.0
615,0,GWhCmjED,blwWmPPo,517.0
615,0,dYaEdzoO,GWhCmjED,517.0
615,0,TIoMzhxD,dYaEdzoO,517.0
1744,0,dulnZXnF,yMiwNCtj,5855.0
1744,0,RkIYOvZu,dulnZXnF,5855.0
1744,0,ygKQkAfU,RkIYOvZu,5855.0
670,0,hCxxcqWU,IOcMwGKn,951.0
670,0,qMoZNsgo,hCxxcqWU,951.0
670,0,udNzSSji,qMoZNsgo,951.0
670,0,uKKyuZyC,udNzSSji,951.0
670,0,GhNbXpjs,uKKyuZyC,951.0
670,0,KTHxRvtW,GhNbXpjs,951.0
670,0,gRVxNCAP,KTHxRvtW,1066.0
670,0,nJRBvlcT,gRVxNCAP,1066.0
670,0,IkxLwyxa,nJRBvlcT,1134.0
670,0,CYSggHNR,IkxLwyxa,1343.0
670,0,VhgapMoa,CYSggHNR,1343.0
670,0,dKbqWpcD,VhgapMoa,1343.0
670,0,zYpZYpOA,dKbqWpcD,1343.0
670,0,xbeOVhLE,zYpZYpOA,1792.0
670,0,IpBcScgC,xbeOVhLE,1889.0
670,0,aYvzRwqU,IpBcScgC,1889.0
670,0,mWygMrMb,aYvzRwqU,1889.0
670,0,dulnZXnF,mWygMrMb,1889.0
670,0,RkIYOvZu,dulnZXnF,1889.0
670,0,ygKQkAfU,RkIYOvZu,1889.0
670,0,ufLmazVu,ygKQkAfU,1197.0
670,0,qDeoslSZ,ufLmazVu,1196.0
670,0,JovbzjVh,qDeoslSZ,693.0
670,0,dYaEdzoO,JovbzjVh,708.0
670,0,TIoMzhxD,dYaEdzoO,708.0
670,0,IOcMwGKn,ybjkPLXB,441.0
311,0,AszcEtOu,BpAiVnps,1655.0
311,0,TcEVvOUM,AszcEtOu,2318.0
311,0,qGnNRXVR,TcEVvOUM,2318.0
311,0,MwLdaJul,qGnNRXVR,2333.0
311,0,QUMnpJQp,MwLdaJul,1931.0
311,0,FyIjwLBj,QUMnpJQp,1720.0
311,0,vXPGJwVk,FyIjwLBj,1365.0
311,0,EYCnMsAF,vXPGJwVk,1324.0
311,0,XjEyEHqT,EYCnMsAF,1345.0
311,0,IvqxNjHK,XjEyEHqT,1345.0
311,0,SyrqOGJb,IvqxNjHK,1301.0
311,0,NcLanIdZ,SyrqOGJb,1299.0
311,0,pTpnumHG,NcLanIdZ,1011.0
1255,0,EmkugZPX,XMWgellz,3638.0
600,0,jcExlqwL,RCkelXPh,888.0
600,0,YctaenCe,jcExlqwL,963.0
600,0,tzYrVhKO,YctaenCe,963.0
600,0,UgpyjFML,tzYrVhKO,963.0
600,0,nPkrzCty,UgpyjFML,964.0
600,0,OPXtWBVk,nPkrzCty,1191.0
600,0,SvGtXrYj,OPXtWBVk,1191.0
600,0,TdfMaTlB,SvGtXrYj,1191.0
984,0,CKNrjFUU,qGgPbtbT,607.0
984,0,VCGhveHG,CKNrjFUU,607.0
984,0,WQdyWhSR,VCGhveHG,607.0
984,0,vCGIyJLJ,WQdyWhSR,607.0
984,0,VXthmpcS,vCGIyJLJ,719.0
984,0,xuEvBBdE,VXthmpcS,664.0
984,0,rAizOLWV,xuEvBBdE,664.0
984,0,JdZarNsv,rAizOLWV,659.0
984,0,NmilzqZp,JdZarNsv,659.0
984,0,TCMQvOqy,NmilzqZp,537.0
984,0,JyqrAKLu,TCMQvOqy,519.0
179,0,OoNwiPDT,ztLkgYlA,1099.0
179,0,ftvNhZKM,OoNwiPDT,1099.0
179,0,KLTxOJqh,ftvNhZKM,1099.0
179,0,IURTQlCB,KLTxOJqh,1099.0
179,0,ojINhgSe,IURTQlCB,1583.0
179,0,pFAoJEPO,ojINhgSe,1583.0
179,0,fCvqoWrT,pFAoJEPO,1583.0
179,0,yRpreQRc,fCvqoWrT,1606.0
179,0,QaQvGPmN,yRpreQRc,1615.0
179,0,HNYicgCh,QaQvGPmN,1615.0
179,0,RVNzMGgw,HNYicgCh,1615.0
179,0,dKSFzIqs,RVNzMGgw,1615.0
179,0,QeEdlYuU,dKSFzIqs,544.0
179,0,LXDQjYxM,QeEdlYuU,544.0
179,0,qVzVrWDp,LXDQjYxM,544.0
1690,0,bCOJrgoA,tMEROJFH,88.0
1690,0,rfNgKlRc,idAQxYim,134.0
1690,0,BIvEdfHJ,rfNgKlRc,134.0
16,0,TurKlwMz,NkWMDpBL,3180.0
16,0,JvVxAKet,TurKlwMz,3184.0
272,0,oVNIhiyF,TurKlwMz,2170.0
264,0,oVNIhiyF,TurKlwMz,518.0
594,0,lotPPedu,nBYHMnkU,220.0
594,0,ERIWLSEl,lotPPedu,124.0
594,0,qsoLaWuJ,ERIWLSEl,124.0
594,0,WSBJbplj,qsoLaWuJ,124.0
594,0,THUDGZDu,WSBJbplj,124.0
594,0,XUEgpuYS,THUDGZDu,122.0
594,0,lXZmsBCe,XUEgpuYS,10.0
594,0,oftwwzSy,lXZmsBCe,10.0
594,0,CKNrjFUU,oftwwzSy,10.0
594,0,EtvjcvTp,CKNrjFUU,10.0
594,0,wuyFtExA,EtvjcvTp,7.0
594,0,MrybjzSo,wuyFtExA,7.0
594,0,yrRBvFtZ,MrybjzSo,7.0
985,0,lotPPedu,nBYHMnkU,813.0
596,0,lotPPedu,nBYHMnkU,145.0
596,0,ERIWLSEl,lotPPedu,117.0
596,0,qsoLaWuJ,ERIWLSEl,117.0
596,0,WSBJbplj,qsoLaWuJ,117.0
596,0,THUDGZDu,WSBJbplj,117.0
596,0,XUEgpuYS,THUDGZDu,117.0
596,0,lXZmsBCe,XUEgpuYS,63.0
596,0,oftwwzSy,lXZmsBCe,63.0
596,0,CKNrjFUU,oftwwzSy,63.0
596,0,EtvjcvTp,CKNrjFUU,63.0
596,0,wuyFtExA,EtvjcvTp,22.0
596,0,MrybjzSo,wuyFtExA,22.0
1120,0,lotPPedu,nBYHMnkU,21.0
1120,0,ERIWLSEl,lotPPedu,16.0
1120,0,qsoLaWuJ,ERIWLSEl,16.0
1120,0,WSBJbplj,qsoLaWuJ,16.0
1120,0,THUDGZDu,WSBJbplj,16.0
1120,0,XUEgpuYS,THUDGZDu,16.0
1120,0,lXZmsBCe,XUEgpuYS,9.0
1120,0,oftwwzSy,lXZmsBCe,9.0
1120,0,CKNrjFUU,oftwwzSy,9.0
1120,0,EtvjcvTp,CKNrjFUU,9.0
1120,0,wuyFtExA,EtvjcvTp,3.0
1120,0,MrybjzSo,wuyFtExA,3.0
1120,0,yrRBvFtZ,MrybjzSo,3.0
483,0,EXHVDpee,NuwmOhpA,39.0
483,0,NkWMDpBL,EXHVDpee,39.0
483,0,TurKlwMz,NkWMDpBL,39.0
483,0,oVNIhiyF,TurKlwMz,39.0
1193,0,fCvqoWrT,SiflCzMU,1575.0
1193,0,yRpreQRc,fCvqoWrT,1491.0
657,0,RqfbhkOP,cNHGbHfW,447.0
657,0,sUAChhLU,RqfbhkOP,447.0
657,0,TCMQvOqy,sUAChhLU,254.0
657,0,JyqrAKLu,TCMQvOqy,157.0
657,0,XxhwFmzZ,JyqrAKLu,157.0
657,0,sonNAVmZ,XxhwFmzZ,157.0
657,0,aWeAvoyP,sonNAVmZ,122.0
657,0,exnIZrMP,aWeAvoyP,122.0
657,0,zoqWMrrO,exnIZrMP,122.0
657,0,WSMobtPt,zoqWMrrO,122.0
657,0,ClDeGdta,WSMobtPt,122.0
971,0,qkTCgKXX,YoEMZEcq,37.0
971,0,XjSQdTLS,qkTCgKXX,37.0
179,0,vyQyYYqJ,fjevhefZ,443.0
179,0,ztLkgYlA,vyQyYYqJ,443.0
179,0,fjevhefZ,AUBTKFbY,337.0
179,0,AszcEtOu,BpAiVnps,148.0
179,0,TCqyxHhF,AszcEtOu,151.0
179,0,TcEVvOUM,TCqyxHhF,151.0
179,0,qGnNRXVR,TcEVvOUM,151.0
179,0,ouPwTbuD,qGnNRXVR,151.0
179,0,MwLdaJul,ouPwTbuD,151.0
179,0,QUMnpJQp,MwLdaJul,184.0
179,0,FyIjwLBj,QUMnpJQp,201.0
179,0,vXPGJwVk,FyIjwLBj,201.0
179,0,qzuHypgA,vXPGJwVk,201.0
179,0,KCMgfriT,qzuHypgA,256.0
179,0,hVMLOzME,KCMgfriT,325.0
179,0,TDvESTZN,hVMLOzME,325.0
179,0,sNuKvPuW,TDvESTZN,325.0
179,0,AUBTKFbY,sNuKvPuW,325.0
452,0,jsnedRvy,ORsEDdLG,7879.0
452,0,PpWfKRbL,jsnedRvy,7876.0
452,0,aaSaUDum,PpWfKRbL,7790.0
452,0,zENMipIx,aaSaUDum,7744.0
452,0,cmBFyxQG,zENMipIx,7744.0
174,0,pFAoJEPO,ojINhgSe,78.0
174,0,fCvqoWrT,pFAoJEPO,78.0
174,0,yRpreQRc,fCvqoWrT,25.0
174,0,QaQvGPmN,yRpreQRc,25.0
174,0,HNYicgCh,QaQvGPmN,25.0
179,0,IuRRuHdp,qVzVrWDp,505.0
179,0,agmUQnfF,IuRRuHdp,505.0
179,0,CbblRkaH,agmUQnfF,472.0
179,0,BldTZUAI,CbblRkaH,559.0
179,0,nBYHMnkU,BldTZUAI,559.0
179,0,lotPPedu,nBYHMnkU,559.0
16,0,bbaQRYSI,JvVxAKet,2362.0
16,0,lDHqxCQW,bbaQRYSI,2362.0
16,0,qGgPbtbT,lDHqxCQW,2362.0
272,0,bbaQRYSI,oVNIhiyF,1368.0
272,0,lDHqxCQW,bbaQRYSI,1368.0
272,0,qGgPbtbT,lDHqxCQW,1368.0
970,0,EXHVDpee,NuwmOhpA,18.0
970,0,NkWMDpBL,EXHVDpee,18.0
970,0,TurKlwMz,NkWMDpBL,18.0
970,0,oVNIhiyF,TurKlwMz,18.0
970,0,bbaQRYSI,oVNIhiyF,18.0
970,0,lDHqxCQW,bbaQRYSI,18.0
970,0,qGgPbtbT,lDHqxCQW,18.0
264,0,bbaQRYSI,oVNIhiyF,344.0
264,0,lDHqxCQW,bbaQRYSI,344.0
264,0,qGgPbtbT,lDHqxCQW,344.0
179,0,ERIWLSEl,lotPPedu,509.0
179,0,qsoLaWuJ,ERIWLSEl,509.0
179,0,WSBJbplj,qsoLaWuJ,509.0
179,0,THUDGZDu,WSBJbplj,509.0
483,0,bbaQRYSI,oVNIhiyF,21.0
483,0,lDHqxCQW,bbaQRYSI,21.0
483,0,qGgPbtbT,lDHqxCQW,21.0
178,0,DzkWADkh,tBgOcvQf,1103.0
178,0,MjMnNBLG,DzkWADkh,1103.0
178,0,XiRzIewe,MjMnNBLG,1103.0
178,0,udKeccMr,XiRzIewe,1080.0
178,0,HEshVETB,udKeccMr,1080.0
178,0,WKWTpoqQ,HEshVETB,1080.0
990,0,DzkWADkh,gmiMCrrb,5590.0
990,0,MjMnNBLG,DzkWADkh,5634.0
990,0,XiRzIewe,MjMnNBLG,5634.0
990,0,HEshVETB,XiRzIewe,6301.0
106,0,AszcEtOu,BpAiVnps,6265.0
106,0,TCqyxHhF,AszcEtOu,6837.0
106,0,TcEVvOUM,TCqyxHhF,6882.0
106,0,qGnNRXVR,TcEVvOUM,6913.0
106,0,ouPwTbuD,qGnNRXVR,6914.0
106,0,MwLdaJul,ouPwTbuD,7242.0
106,0,QUMnpJQp,MwLdaJul,7794.0
106,0,FyIjwLBj,QUMnpJQp,7799.0
106,0,vXPGJwVk,FyIjwLBj,7672.0
106,0,GjiyfRqd,vXPGJwVk,7668.0
106,0,qzuHypgA,GjiyfRqd,7129.0
106,0,KCMgfriT,qzuHypgA,7143.0
106,0,hVMLOzME,KCMgfriT,6591.0
106,0,TDvESTZN,hVMLOzME,6591.0
736,0,vDFCntfg,YvwuVYMF,6244.0
736,0,iEKDTvNf,vDFCntfg,6250.0
736,0,MyGqmywG,iEKDTvNf,6250.0
984,0,bbaQRYSI,oVNIhiyF,101.0
984,0,lDHqxCQW,bbaQRYSI,101.0
984,0,qGgPbtbT,lDHqxCQW,101.0
173,0,JFVlrPHE,gcUmxKgT,469.0
594,0,WdOwNGhj,xfbmoJHP,452.0
594,0,LgyCGIBw,WdOwNGhj,452.0
594,0,OUgQnZLY,LgyCGIBw,552.0
594,0,SmQHomzq,OUgQnZLY,552.0
594,0,OHkaqvpq,SmQHomzq,555.0
594,0,nxJXVeix,OHkaqvpq,555.0
594,0,ZaRNMBdT,nxJXVeix,555.0
594,0,KwyfuOzT,ZaRNMBdT,555.0
919,0,yVpVwFWL,HyvnzuHA,621.0
919,0,UYClvrsH,yVpVwFWL,621.0
919,0,GdIqHDLj,UYClvrsH,621.0
919,0,SclqdZtd,GdIqHDLj,621.0
919,0,LtmbDsIv,SclqdZtd,611.0
919,0,aRwBTLyd,LtmbDsIv,611.0
919,0,BpJuosmx,aRwBTLyd,611.0
919,0,tIHUlMxX,BpJuosmx,608.0
919,0,jucOpUOn,tIHUlMxX,608.0
919,0,qdCMxZSc,jucOpUOn,608.0
919,0,ptvIaUTy,qdCMxZSc,608.0
919,0,dvaPHMux,ptvIaUTy,608.0
272,0,VQfPRvUw,qGgPbtbT,4.0
264,0,VQfPRvUw,qGgPbtbT,3.0
16,0,VQfPRvUw,qGgPbtbT,31.0
297,0,lQHWhrGj,tldUULAx,159.0
297,0,OOOhsNkv,lQHWhrGj,159.0
297,0,CgcphXSb,OOOhsNkv,159.0
297,0,texSWQet,CgcphXSb,159.0
297,0,lxBswvKX,texSWQet,159.0
297,0,OoNwiPDT,lxBswvKX,218.0
297,0,ftvNhZKM,OoNwiPDT,218.0
297,0,KLTxOJqh,ftvNhZKM,218.0
297,0,IURTQlCB,KLTxOJqh,218.0
297,0,ojINhgSe,IURTQlCB,245.0
297,0,SiflCzMU,ojINhgSe,245.0
297,0,fCvqoWrT,SiflCzMU,283.0
297,0,yRpreQRc,fCvqoWrT,283.0
297,0,QaQvGPmN,yRpreQRc,283.0
297,0,HNYicgCh,QaQvGPmN,283.0
297,0,RVNzMGgw,HNYicgCh,283.0
297,0,QeEdlYuU,RVNzMGgw,283.0
297,0,LXDQjYxM,QeEdlYuU,283.0
297,0,qVzVrWDp,LXDQjYxM,283.0
297,0,IuRRuHdp,qVzVrWDp,283.0
297,0,QZgueNIh,IuRRuHdp,283.0
984,0,XxhwFmzZ,JyqrAKLu,506.0
984,0,QZgueNIh,XxhwFmzZ,1050.0
1690,0,OTfWLQWk,BIvEdfHJ,82.0
1193,0,yGEvOQma,PqoYMtMO,258.0
1193,0,YoEMZEcq,yGEvOQma,258.0
170,0,DULwephN,YoEMZEcq,354.0
173,0,PspudWCJ,bDgEiJAh,1404.0
253,0,nEXpIbiD,DOGyniWl,2155.0
253,0,eTJQHplR,nEXpIbiD,2447.0
173,0,TUrDxvOa,YoEMZEcq,713.0
170,0,qCZHeqZn,CPPeUlfG,748.0
973,0,yGEvOQma,PqoYMtMO,53.0
973,0,gcrnRTRu,yGEvOQma,53.0
984,0,JFVlrPHE,QZgueNIh,1118.0
170,0,CPPeUlfG,iFderoVa,467.0
170,0,KMLNQwjh,YxUFlvZH,454.0
170,0,aDaRCcaB,KMLNQwjh,454.0
170,0,dQYZBhGJ,aDaRCcaB,454.0
170,0,iFderoVa,dQYZBhGJ,454.0
170,0,KwXNMHkb,UxPxrYmy,414.0
170,0,YxUFlvZH,KwXNMHkb,414.0
170,0,hqOmlOIp,RrhmmPMm,287.0
170,0,qJgsxHch,hqOmlOIp,287.0
170,0,lxplrluY,qJgsxHch,287.0
170,0,zTJYYUap,lxplrluY,287.0
170,0,UxPxrYmy,zTJYYUap,287.0
170,0,YxYhlArE,NqSePdAx,197.0
170,0,sAswhpJr,YxYhlArE,197.0
170,0,VyHGAkTo,sAswhpJr,197.0
170,0,RrhmmPMm,VyHGAkTo,197.0
170,0,sceVWPKZ,dvaPHMux,163.0
170,0,NqSePdAx,sceVWPKZ,163.0
215,0,JovbzjVh,qDeoslSZ,384.0
215,0,LoxEXWve,JovbzjVh,384.0
215,0,TIoMzhxD,LoxEXWve,384.0
215,0,qqQgwpPP,TIoMzhxD,384.0
215,0,ORsEDdLG,qqQgwpPP,384.0
215,0,jsnedRvy,ORsEDdLG,156.0
215,0,PpWfKRbL,jsnedRvy,156.0
215,0,aaSaUDum,PpWfKRbL,88.0
215,0,cmBFyxQG,aaSaUDum,70.0
599,0,ijmqRmKp,roHCvggS,2.0
599,0,wQzAWTmt,ijmqRmKp,2.0
599,0,VVXTrukI,wQzAWTmt,2.0
599,0,dmAPiPeK,VVXTrukI,1.0
599,0,FXuJEVFo,dmAPiPeK,1.0
170,0,YoEMZEcq,qCZHeqZn,353.0
620,0,xkPrOUqs,YJnTPbIZ,4.0
620,0,HAzkMqyk,xkPrOUqs,4.0
620,0,maNgUiZD,HAzkMqyk,3.0
620,0,etntpIwb,maNgUiZD,3.0
620,0,kJlOJSYi,etntpIwb,2.0
984,0,NkWMDpBL,EXHVDpee,55.0
984,0,TurKlwMz,NkWMDpBL,55.0
984,0,oVNIhiyF,TurKlwMz,55.0
71,0,tNSMkSfB,ZYCVVmjG,1292.0
487,0,MURlCahD,KRQMLlbw,4.0
487,0,znFDupZg,MURlCahD,4.0
487,0,osddylgA,znFDupZg,4.0
487,0,uiYVYPQX,osddylgA,4.0
487,0,zGyJMIkT,uiYVYPQX,9.0
487,0,YbVmHVTt,zGyJMIkT,9.0
487,0,ZlnerNQG,YbVmHVTt,9.0
487,0,FVWAEAei,ZlnerNQG,9.0
487,0,gVtshwcF,FVWAEAei,9.0
487,0,LmhVzFNJ,gVtshwcF,9.0
487,0,CmbQeSBI,LmhVzFNJ,9.0
487,0,RVyaKvKa,CmbQeSBI,9.0
487,0,OQRQrPoA,RVyaKvKa,9.0
487,0,CEyhPnMH,OQRQrPoA,9.0
487,0,ogrZorIF,CEyhPnMH,9.0
487,0,fumBmOZX,ogrZorIF,9.0
487,0,CLjYTiBy,fumBmOZX,9.0
487,0,NuwmOhpA,CLjYTiBy,9.0
487,0,EXHVDpee,NuwmOhpA,9.0
487,0,NkWMDpBL,EXHVDpee,9.0
487,0,TurKlwMz,NkWMDpBL,9.0
487,0,oVNIhiyF,TurKlwMz,9.0
487,0,bbaQRYSI,oVNIhiyF,9.0
487,0,lDHqxCQW,bbaQRYSI,9.0
487,0,qGgPbtbT,lDHqxCQW,9.0
487,0,CKNrjFUU,qGgPbtbT,9.0
487,0,VCGhveHG,CKNrjFUU,9.0
487,0,WQdyWhSR,VCGhveHG,9.0
487,0,vCGIyJLJ,WQdyWhSR,9.0
487,0,VXthmpcS,vCGIyJLJ,9.0
1030,0,sklTQuFm,VYHZxBYO,3271.0
1030,0,QhyQakxZ,sklTQuFm,3271.0
1030,0,yscklMzl,QhyQakxZ,3271.0
1030,0,UDUmRzWP,yscklMzl,3322.0
1030,0,pzSSkNJo,UDUmRzWP,3322.0
1030,0,kVWwehGs,pzSSkNJo,3260.0
1030,0,fnQyKclP,kVWwehGs,3370.0
1030,0,oDVZRjmi,fnQyKclP,3370.0
1030,0,aaeLLxLj,oDVZRjmi,3370.0
626,0,tjcxfrSB,rINNylNh,1528.0
626,0,rHyPKpnR,tjcxfrSB,1528.0
626,0,lhvdYjIr,rHyPKpnR,1528.0
626,0,XkyHnVdm,lhvdYjIr,1874.0
626,0,aTKTVXJW,XkyHnVdm,1874.0
626,0,nFbddFoX,aTKTVXJW,1874.0
626,0,GudLituF,nFbddFoX,1874.0
966,0,ZlnerNQG,ozAxYCwR,509.0
966,0,YbVmHVTt,ZlnerNQG,509.0
966,0,FVWAEAei,YbVmHVTt,509.0
966,0,gVtshwcF,FVWAEAei,509.0
966,0,CmbQeSBI,gVtshwcF,606.0
966,0,RVyaKvKa,CmbQeSBI,606.0
966,0,OQRQrPoA,RVyaKvKa,606.0
966,0,CEyhPnMH,OQRQrPoA,840.0
966,0,ogrZorIF,CEyhPnMH,840.0
966,0,fumBmOZX,ogrZorIF,840.0
966,0,CLjYTiBy,fumBmOZX,840.0
966,0,NuwmOhpA,CLjYTiBy,877.0
966,0,EXHVDpee,NuwmOhpA,1180.0
966,0,NkWMDpBL,EXHVDpee,1180.0
966,0,TurKlwMz,NkWMDpBL,1180.0
966,0,oVNIhiyF,TurKlwMz,1180.0
966,0,bbaQRYSI,oVNIhiyF,1198.0
966,0,lDHqxCQW,bbaQRYSI,1198.0
966,0,qGgPbtbT,lDHqxCQW,1198.0
966,0,VQfPRvUw,qGgPbtbT,1773.0
966,0,VCGhveHG,VQfPRvUw,1855.0
966,0,WQdyWhSR,VCGhveHG,1855.0
966,0,vCGIyJLJ,WQdyWhSR,1855.0
179,0,PoshUaCl,THUDGZDu,508.0
129,0,huecLIWR,aeqnymTn,1.0
129,0,ttuFHhig,huecLIWR,1.0
129,0,WjngiDTm,ttuFHhig,1.0
129,0,jEhGDfoN,WjngiDTm,1.0
129,0,hPntpWoI,jEhGDfoN,203.0
129,0,aLFpJPgR,hPntpWoI,350.0
129,0,cZLwCFQo,aLFpJPgR,354.0
129,0,rxrORjnb,cZLwCFQo,354.0
129,0,UVDfwOgc,rxrORjnb,350.0
129,0,HdBHspFM,UVDfwOgc,350.0
129,0,TJDsQDoO,HdBHspFM,346.0
129,0,yTictHOU,TJDsQDoO,346.0
129,0,sTaleXyI,yTictHOU,346.0
129,0,illGQStO,sTaleXyI,341.0
129,0,AUrIxxcC,illGQStO,341.0
129,0,zqZasXpA,AUrIxxcC,341.0
129,0,EYGEAZtD,zqZasXpA,341.0
129,0,AJLJQqsT,EYGEAZtD,341.0
129,0,NCSBLEus,AJLJQqsT,341.0
129,0,xfbmoJHP,NCSBLEus,296.0
626,0,eJrsnsoz,GudLituF,1868.0
626,0,qAUjPEMf,eJrsnsoz,1867.0
626,0,isMwZYXy,qAUjPEMf,1848.0
966,0,eJrsnsoz,vCGIyJLJ,1807.0
966,0,isMwZYXy,eJrsnsoz,1807.0
179,0,tkhDcqas,PoshUaCl,505.0
179,0,jOvtnfLH,tkhDcqas,505.0
620,0,anmiXAus,AGDZrVfo,2.0
620,0,YJnTPbIZ,anmiXAus,2.0
599,0,UIFNotIh,TXAdjSyo,1.0
599,0,roHCvggS,UIFNotIh,1.0
1083,0,pqZYMbGr,honleovC,1730.0
595,0,bbaQRYSI,JvVxAKet,1.0
595,0,lDHqxCQW,bbaQRYSI,1.0
595,0,qGgPbtbT,lDHqxCQW,1.0
595,0,CKNrjFUU,qGgPbtbT,6.0
595,0,VCGhveHG,CKNrjFUU,6.0
595,0,WQdyWhSR,VCGhveHG,6.0
595,0,vCGIyJLJ,WQdyWhSR,6.0
595,0,VXthmpcS,vCGIyJLJ,39.0
595,0,xuEvBBdE,VXthmpcS,39.0
595,0,rAizOLWV,xuEvBBdE,39.0
595,0,JdZarNsv,rAizOLWV,39.0
595,0,NmilzqZp,JdZarNsv,39.0
595,0,TCMQvOqy,NmilzqZp,42.0
595,0,JyqrAKLu,TCMQvOqy,45.0
595,0,XxhwFmzZ,JyqrAKLu,45.0
595,0,QZgueNIh,XxhwFmzZ,45.0
595,0,JFVlrPHE,QZgueNIh,48.0
595,0,cpLivUai,JFVlrPHE,48.0
595,0,NTpJpHDd,cpLivUai,48.0
595,0,HQNzQizX,NTpJpHDd,342.0
595,0,WwskMIzD,HQNzQizX,342.0
595,0,rrasSNoc,WwskMIzD,342.0
595,0,bgsGiKIs,rrasSNoc,342.0
1505,0,xQqwXgNZ,OVaoEscJ,4292.0
452,0,TIoMzhxD,LoxEXWve,8270.0
452,0,iRpWiLQH,TIoMzhxD,7982.0
452,0,qqQgwpPP,iRpWiLQH,7846.0
452,0,ORsEDdLG,qqQgwpPP,7846.0
452,0,EuWqksqL,cmBFyxQG,7666.0
452,0,XRrjzlpH,EuWqksqL,7669.0
452,0,JVRJClPS,XRrjzlpH,7669.0
452,0,ZZUoaXbF,JVRJClPS,7614.0
452,0,fdiMUjeA,ZZUoaXbF,7604.0
452,0,lbTqXure,fdiMUjeA,7604.0
452,0,MyzUerZz,lbTqXure,7644.0
1178,0,QYwjKQRO,rbVbMNcM,4800.0
1178,0,cNuXvIqU,QYwjKQRO,4800.0
1178,0,eXTEGQHB,cNuXvIqU,4800.0
1178,0,zTUODYgn,eXTEGQHB,4721.0
1178,0,eTPMYwkC,zTUODYgn,4721.0
560,0,AesbwnPs,WywmvGMH,573.0
560,0,hzAARBgX,AesbwnPs,573.0
941,0,YqlTLIQa,ALhaazBT,1082.0
941,0,AUmOMGnp,YqlTLIQa,1078.0
941,0,XFPAZveS,AUmOMGnp,1067.0
941,0,ojqTFFWy,XFPAZveS,283.0
1338,0,QpprBOSr,SOVcCDqR,9265.0
1338,0,Plxavose,QpprBOSr,6159.0
463,0,WIZPpGvl,MnTeelLR,9412.0
1180,0,jSSkauKM,JbCujTci,5252.0
1180,0,qLQHuyIe,jSSkauKM,6331.0
1180,0,apOzgzFy,qLQHuyIe,6345.0
1180,0,RFLUsFpq,apOzgzFy,6322.0
1180,0,NRaiNGwl,RFLUsFpq,6322.0
1180,0,dgLtpUgu,NRaiNGwl,6342.0
1180,0,GJEXlFdt,dgLtpUgu,6399.0
1180,0,VMzKgUSR,GJEXlFdt,6534.0
1180,0,BJDTCJYP,VMzKgUSR,6534.0
1180,0,gyedwqXM,BJDTCJYP,6534.0
1180,0,LYitljhu,gyedwqXM,6534.0
1180,0,UhAwQaaX,LYitljhu,6534.0
1180,0,LOIXCDqJ,UhAwQaaX,6534.0
1180,0,FldHcjZC,LOIXCDqJ,6439.0
1180,0,qNiTyrkl,FldHcjZC,5319.0
1180,0,waZdIIZY,qNiTyrkl,5319.0
1180,0,eiOwifcC,waZdIIZY,5319.0
1263,0,vyojaKRU,fzSWURzx,5585.0
1263,0,puwcRgFs,vyojaKRU,4916.0
1263,0,zjKsBdNQ,puwcRgFs,1685.0
1263,0,ojqTFFWy,zjKsBdNQ,1684.0
1180,0,LAmktnrq,qflzswAf,2695.0
1180,0,JbCujTci,LAmktnrq,3422.0
400,0,clVXMHJf,nfCzcTzh,1972.0
400,0,UXEWVZzP,clVXMHJf,1972.0
400,0,MlYFoaez,UXEWVZzP,1593.0
1407,0,lWiTdhQk,vhHLNRbD,2089.0
1407,0,kYxNkIzH,lWiTdhQk,2039.0
1407,0,nUxocPjZ,kYxNkIzH,1930.0
1407,0,WmvRfciC,nUxocPjZ,1897.0
1407,0,saptMzFY,WmvRfciC,1897.0
1407,0,YxAufxIm,saptMzFY,1954.0
1407,0,UFFAxqtN,YxAufxIm,1954.0
1407,0,cOTHHVzh,UFFAxqtN,1954.0
1407,0,sjfoFmFj,cOTHHVzh,1313.0
1407,0,WjGJosho,sjfoFmFj,1313.0
539,0,oZJRchiN,wVKhsyCZ,35.0
539,0,xmGwLlME,oZJRchiN,432.0
539,0,KcBICYpI,xmGwLlME,432.0
539,0,XQiQvefE,KcBICYpI,432.0
539,0,eyUKPfnA,XQiQvefE,432.0
539,0,ZgqhsueA,eyUKPfnA,403.0
539,0,YvwuVYMF,ZgqhsueA,403.0
539,0,FZsFzszJ,YvwuVYMF,403.0
539,0,ALhaazBT,FZsFzszJ,403.0
539,0,ZijVddwt,ALhaazBT,403.0
1107,0,NxZLWDKg,fslmqcXP,686.0
1107,0,ysYPVGOc,NxZLWDKg,686.0
1107,0,GgxxeDsY,ysYPVGOc,686.0
1107,0,OIDfcbwB,GgxxeDsY,686.0
1107,0,PCRBVfUw,OIDfcbwB,686.0
1107,0,uTBXaSDE,PCRBVfUw,686.0
1107,0,hnvEGTpC,uTBXaSDE,686.0
1107,0,sAuLGTlR,hnvEGTpC,686.0
1107,0,ixhHdGBo,sAuLGTlR,643.0
1107,0,spVkBMtX,ixhHdGBo,643.0
1107,0,uuLXjUrY,spVkBMtX,643.0
1107,0,ekoOPpVq,uuLXjUrY,643.0
1107,0,rljVoTvk,ekoOPpVq,643.0
1107,0,gxidCspv,rljVoTvk,643.0
1107,0,wRTYbalx,gxidCspv,641.0
1107,0,ZqOseExI,wRTYbalx,641.0
1107,0,FdBCLyPI,ZqOseExI,641.0
1107,0,CrOFTJlw,FdBCLyPI,641.0
1107,0,PyGiRErs,CrOFTJlw,618.0
1030,0,vDTAjOOR,yQmtaWgt,1741.0
1030,0,VYHZxBYO,vDTAjOOR,1741.0
1107,0,nEsTDuVQ,SzPBLAwy,821.0
1107,0,TTqWKaTM,nEsTDuVQ,821.0
1107,0,liUSqvwm,TTqWKaTM,821.0
1107,0,icUOEXSt,liUSqvwm,821.0
1107,0,ggnpPWOO,icUOEXSt,821.0
1107,0,nnnLtFmO,ggnpPWOO,821.0
1107,0,OLVfWwhL,nnnLtFmO,821.0
1107,0,wfDLjSSS,OLVfWwhL,610.0
1107,0,fslmqcXP,wfDLjSSS,610.0
1107,0,WMODaVhE,GSOqnCzV,781.0
1107,0,SzPBLAwy,WMODaVhE,781.0
1030,0,ajteUQkz,VpHOqNar,1455.0
1030,0,XmmyKsTm,ajteUQkz,1455.0
1030,0,gNJqbiHM,XmmyKsTm,1455.0
1030,0,NrUUQlkk,gNJqbiHM,1455.0
1030,0,yQmtaWgt,NrUUQlkk,1455.0
1107,0,yhxUltpl,JRMVrfdD,69.0
1107,0,bEntPTsf,yhxUltpl,69.0
1107,0,qIHRQZMb,bEntPTsf,69.0
1107,0,GSOqnCzV,qIHRQZMb,69.0
1107,0,bghpxDOJ,XaVBQtHA,36.0
1107,0,JRMVrfdD,bghpxDOJ,36.0
1103,0,ftvNhZKM,OoNwiPDT,36.0
1103,0,KLTxOJqh,ftvNhZKM,36.0
1103,0,idAQxYim,KLTxOJqh,36.0
1103,0,ldInPGbn,idAQxYim,43.0
1103,0,WGEhEMgb,ldInPGbn,43.0
1103,0,WblAIghg,WGEhEMgb,43.0
1103,0,yXfOYhmg,WblAIghg,43.0
1103,0,cHOtlpNd,yXfOYhmg,43.0
1103,0,bDgEiJAh,cHOtlpNd,43.0
1103,0,HYSXwpsm,bDgEiJAh,43.0
1103,0,MAxpakLW,HYSXwpsm,43.0
1103,0,wzaIlAwh,MAxpakLW,43.0
1103,0,OoNwiPDT,ztLkgYlA,35.0
598,0,wzaIlAwh,kJlOJSYi,8.0
595,0,pjrUunbL,FnMlnlru,450.0
595,0,pobpsCoK,pjrUunbL,450.0
1104,0,TXAdjSyo,SmQHomzq,25.0
1104,0,UIFNotIh,TXAdjSyo,25.0
1104,0,roHCvggS,UIFNotIh,25.0
1104,0,WdOwNGhj,xfbmoJHP,24.0
1104,0,LgyCGIBw,WdOwNGhj,24.0
1104,0,OUgQnZLY,LgyCGIBw,24.0
1104,0,SmQHomzq,OUgQnZLY,24.0
1103,0,AszcEtOu,BpAiVnps,8.0
1103,0,TcEVvOUM,AszcEtOu,8.0
1103,0,qGnNRXVR,TcEVvOUM,8.0
1103,0,MwLdaJul,qGnNRXVR,8.0
1103,0,QUMnpJQp,MwLdaJul,8.0
1103,0,FyIjwLBj,QUMnpJQp,8.0
1103,0,vXPGJwVk,FyIjwLBj,8.0
1103,0,qzuHypgA,vXPGJwVk,8.0
1103,0,KCMgfriT,qzuHypgA,8.0
1103,0,TDvESTZN,KCMgfriT,13.0
1103,0,AUBTKFbY,TDvESTZN,13.0
1103,0,fjevhefZ,AUBTKFbY,13.0
1103,0,vyQyYYqJ,fjevhefZ,13.0
1103,0,ztLkgYlA,vyQyYYqJ,13.0
1054,0,aYIMvmGX,qdrjbHYS,81.0
1054,0,WGGanwZU,aYIMvmGX,81.0
1054,0,ArHpJhVJ,WGGanwZU,115.0
1054,0,tWpVdCtj,ArHpJhVJ,115.0
1054,0,EdJUuxct,tWpVdCtj,115.0
1054,0,gmiMCrrb,EdJUuxct,115.0
1054,0,DzkWADkh,gmiMCrrb,122.0
1054,0,MjMnNBLG,DzkWADkh,122.0
1054,0,XiRzIewe,MjMnNBLG,122.0
1054,0,DalDuuww,XiRzIewe,125.0
1054,0,WlkKexEs,DalDuuww,125.0
1054,0,MyzUerZz,WlkKexEs,125.0
1054,0,hTBkjNzq,MyzUerZz,125.0
1054,0,aCcokpIU,hTBkjNzq,125.0
1054,0,IWuAfYeM,aCcokpIU,127.0
1054,0,AKEMZMhk,IWuAfYeM,127.0
1054,0,oXDhDxhT,AKEMZMhk,127.0
1054,0,twlwLPZj,oXDhDxhT,128.0
1054,0,NjRgIRup,twlwLPZj,128.0
1054,0,rlFkXMBS,NjRgIRup,637.0
1054,0,lxkWqJCv,rlFkXMBS,637.0
106,0,WlkKexEs,TDvESTZN,5582.0
106,0,MyzUerZz,WlkKexEs,4165.0
106,0,hTBkjNzq,MyzUerZz,4159.0
106,0,aCcokpIU,hTBkjNzq,4066.0
106,0,IWuAfYeM,aCcokpIU,3490.0
106,0,AKEMZMhk,IWuAfYeM,3490.0
106,0,oXDhDxhT,AKEMZMhk,3490.0
106,0,twlwLPZj,oXDhDxhT,3051.0
106,0,xfbmoJHP,twlwLPZj,3051.0
452,0,hTBkjNzq,MyzUerZz,7124.0
452,0,aCcokpIU,hTBkjNzq,5856.0
452,0,IWuAfYeM,aCcokpIU,5345.0
452,0,AKEMZMhk,IWuAfYeM,5345.0
452,0,oXDhDxhT,AKEMZMhk,5345.0
452,0,twlwLPZj,oXDhDxhT,3991.0
452,0,xfbmoJHP,twlwLPZj,3977.0
1745,0,AHQzSmld,CTeFabzs,1449.0
1745,0,UWSJuCAz,AHQzSmld,1449.0
1745,0,xfYjeqNM,UWSJuCAz,1447.0
1745,0,nrUfCQxz,xfYjeqNM,1447.0
1745,0,iBiVOFur,nrUfCQxz,1175.0
1745,0,niqrIlpR,iBiVOFur,1044.0
1745,0,uVsOstge,niqrIlpR,750.0
1745,0,HTKZNJTs,uVsOstge,733.0
1745,0,qvujbmjR,HTKZNJTs,704.0
1745,0,REvIjxsO,qvujbmjR,702.0
1745,0,CylWjYTC,REvIjxsO,702.0
1745,0,yMiwNCtj,CylWjYTC,615.0
1745,0,dulnZXnF,yMiwNCtj,615.0
1745,0,RkIYOvZu,dulnZXnF,615.0
1745,0,ygKQkAfU,RkIYOvZu,615.0
712,0,TcTonWJL,HJTsgSzj,1932.0
712,0,NJSgWoOc,TcTonWJL,1928.0
712,0,RIpTuvwk,NJSgWoOc,2738.0
712,0,ubzklVlS,RIpTuvwk,3637.0
46,0,hTBkjNzq,hSdNxZqe,4757.0
46,0,aCcokpIU,hTBkjNzq,4117.0
46,0,IWuAfYeM,aCcokpIU,3481.0
46,0,AKEMZMhk,IWuAfYeM,3481.0
46,0,oXDhDxhT,AKEMZMhk,3480.0
46,0,twlwLPZj,oXDhDxhT,3390.0
46,0,xfbmoJHP,twlwLPZj,3342.0
105,0,KjuJaNsu,HcPkwFHM,2128.0
105,0,oNyGHMvy,KjuJaNsu,2130.0
105,0,QdnKSSsO,oNyGHMvy,2130.0
105,0,vSdfqYeK,QdnKSSsO,2317.0
105,0,wDpyEsxh,vSdfqYeK,2317.0
105,0,jIerKxIb,wDpyEsxh,2325.0
105,0,IubGYoNi,jIerKxIb,2712.0
105,0,fmQEzQWV,IubGYoNi,2821.0
105,0,BpAiVnps,fmQEzQWV,3431.0
105,0,AszcEtOu,BpAiVnps,3432.0
105,0,TcEVvOUM,AszcEtOu,4591.0
105,0,qGnNRXVR,TcEVvOUM,4591.0
105,0,MwLdaJul,qGnNRXVR,4596.0
105,0,QUMnpJQp,MwLdaJul,4598.0
105,0,FyIjwLBj,QUMnpJQp,4601.0
105,0,vXPGJwVk,FyIjwLBj,4601.0
105,0,qzuHypgA,vXPGJwVk,4601.0
105,0,JVRJClPS,qzuHypgA,4601.0
105,0,ZZUoaXbF,JVRJClPS,4598.0
105,0,fdiMUjeA,ZZUoaXbF,4598.0
105,0,lbTqXure,fdiMUjeA,4598.0
105,0,MyzUerZz,lbTqXure,4547.0
105,0,hTBkjNzq,MyzUerZz,2624.0
105,0,aCcokpIU,hTBkjNzq,2473.0
105,0,IWuAfYeM,aCcokpIU,2122.0
105,0,AKEMZMhk,IWuAfYeM,2122.0
105,0,oXDhDxhT,AKEMZMhk,2122.0
105,0,twlwLPZj,oXDhDxhT,1923.0
105,0,NjRgIRup,twlwLPZj,1903.0
1180,0,hTBkjNzq,hSdNxZqe,4525.0
1180,0,aCcokpIU,hTBkjNzq,4179.0
1180,0,IWuAfYeM,aCcokpIU,3364.0
1180,0,AKEMZMhk,IWuAfYeM,3364.0
1180,0,oXDhDxhT,AKEMZMhk,3364.0
1180,0,twlwLPZj,oXDhDxhT,3326.0
1180,0,xfbmoJHP,twlwLPZj,3326.0
1567,0,nPkrzCty,UgpyjFML,3360.0
1141,0,jIerKxIb,nPkrzCty,1035.0
990,0,WKWTpoqQ,HEshVETB,5983.0
990,0,WlkKexEs,WKWTpoqQ,6782.0
990,0,MyzUerZz,WlkKexEs,6765.0
990,0,hTBkjNzq,MyzUerZz,5677.0
1178,0,KcvPUxQg,ePrpofUw,4105.0
1178,0,NFInfBeu,kKKRBhFF,3684.0
1178,0,VCQdmIoF,NFInfBeu,3684.0
1178,0,ePrpofUw,VCQdmIoF,3684.0
1178,0,WdOwNGhj,xfbmoJHP,3626.0
1178,0,kKKRBhFF,WdOwNGhj,3626.0
105,0,plWWPiMc,mnkgCFDT,1577.0
105,0,HcPkwFHM,plWWPiMc,1601.0
984,0,cpLivUai,JFVlrPHE,1105.0
984,0,fKUdbDza,cpLivUai,1105.0
984,0,DATqCMmz,fKUdbDza,1250.0
984,0,BSeIJfkI,DATqCMmz,2014.0
297,0,JFVlrPHE,QZgueNIh,275.0
297,0,cpLivUai,JFVlrPHE,275.0
297,0,fKUdbDza,cpLivUai,275.0
297,0,DATqCMmz,fKUdbDza,275.0
297,0,ILgjTtXh,DATqCMmz,275.0
990,0,aCcokpIU,hTBkjNzq,5672.0
736,0,YqlTLIQa,ALhaazBT,9496.0
736,0,AUmOMGnp,YqlTLIQa,9429.0
736,0,XFPAZveS,AUmOMGnp,8983.0
736,0,ojqTFFWy,XFPAZveS,6608.0
990,0,IWuAfYeM,aCcokpIU,4405.0
990,0,AKEMZMhk,IWuAfYeM,4405.0
990,0,oXDhDxhT,AKEMZMhk,4405.0
595,0,oSlWllmq,bgsGiKIs,420.0
595,0,FnMlnlru,oSlWllmq,420.0
620,0,lwnNYJcg,uiSiNEQq,1.0
620,0,AGDZrVfo,lwnNYJcg,1.0
966,0,SogEaGxk,isMwZYXy,1112.0
966,0,lCifaItn,SogEaGxk,1112.0
858,0,tUQXHMzJ,VPnRvCbn,222.0
858,0,YjKQPWoa,tUQXHMzJ,233.0
858,0,KAhfQHTl,YjKQPWoa,233.0
626,0,SogEaGxk,isMwZYXy,1529.0
626,0,lCifaItn,SogEaGxk,1529.0
1071,0,ozAxYCwR,uiYVYPQX,20.0
1075,0,RzNLGwXH,UfaDzlyU,953.0
1075,0,wRYiQgEn,RzNLGwXH,953.0
1075,0,yfISbYOh,wRYiQgEn,986.0
537,0,uzcbLUNR,GOFbtMrp,50.0
537,0,zezeKItL,uzcbLUNR,50.0
537,0,VpHOqNar,zezeKItL,50.0
537,0,vDTAjOOR,VpHOqNar,50.0
537,0,UDUmRzWP,vDTAjOOR,50.0
537,0,kVWwehGs,UDUmRzWP,50.0
537,0,ixhHdGBo,kVWwehGs,50.0
537,0,agMXkLfj,ixhHdGBo,50.0
537,0,SwLVnWPq,agMXkLfj,50.0
537,0,xGsoSfhX,SwLVnWPq,50.0
1103,0,OOrUJecL,wzaIlAwh,45.0
1103,0,VniBJCzY,OOrUJecL,45.0
1103,0,RtYHfABF,VniBJCzY,40.0
597,0,JyqrAKLu,TCMQvOqy,213.0
597,0,XxhwFmzZ,JyqrAKLu,213.0
597,0,QZgueNIh,XxhwFmzZ,213.0
597,0,JFVlrPHE,QZgueNIh,274.0
597,0,cpLivUai,JFVlrPHE,274.0
597,0,fKUdbDza,cpLivUai,274.0
597,0,DATqCMmz,fKUdbDza,315.0
597,0,ILgjTtXh,DATqCMmz,315.0
597,0,XaFkCXdj,ILgjTtXh,1187.0
597,0,bbaQRYSI,oVNIhiyF,14.0
597,0,lDHqxCQW,bbaQRYSI,14.0
597,0,qGgPbtbT,lDHqxCQW,14.0
597,0,VQfPRvUw,qGgPbtbT,60.0
597,0,VCGhveHG,VQfPRvUw,60.0
597,0,WQdyWhSR,VCGhveHG,60.0
597,0,vCGIyJLJ,WQdyWhSR,60.0
597,0,VXthmpcS,vCGIyJLJ,83.0
597,0,xuEvBBdE,VXthmpcS,83.0
597,0,rAizOLWV,xuEvBBdE,83.0
597,0,JdZarNsv,rAizOLWV,83.0
597,0,NmilzqZp,JdZarNsv,83.0
597,0,TCMQvOqy,NmilzqZp,101.0
173,0,cpLivUai,JFVlrPHE,460.0
173,0,fKUdbDza,cpLivUai,460.0
173,0,DATqCMmz,fKUdbDza,460.0
173,0,ILgjTtXh,DATqCMmz,460.0
929,0,GrIDUMrH,ymMHSssn,42.0
929,0,XxJaecnl,GrIDUMrH,42.0
929,0,QFazRNUC,XxJaecnl,42.0
929,0,HyvnzuHA,QFazRNUC,31.0
297,0,bCOJrgoA,qDeoslSZ,70.0
297,0,IwMXsDOu,bCOJrgoA,71.0
297,0,gOJphFVT,IwMXsDOu,71.0
297,0,dBTDkDZt,gOJphFVT,71.0
297,0,tldUULAx,dBTDkDZt,71.0
598,0,UufKZTKG,VVXTrukI,2.0
598,0,kJlOJSYi,UufKZTKG,2.0
598,0,OOrUJecL,wzaIlAwh,2.0
598,0,VniBJCzY,OOrUJecL,2.0
626,0,dFlAswnV,lCifaItn,1519.0
626,0,pjTBCsVx,dFlAswnV,1519.0
487,0,PoshUaCl,VXthmpcS,5.0
487,0,tkhDcqas,PoshUaCl,5.0
487,0,jOvtnfLH,tkhDcqas,5.0
487,0,VrqtMskC,jOvtnfLH,5.0
487,0,nwGGoSvm,VrqtMskC,5.0
487,0,msGFqCDa,nwGGoSvm,5.0
487,0,AoAbuPJW,msGFqCDa,5.0
487,0,WPcaURVq,AoAbuPJW,5.0
966,0,dFlAswnV,lCifaItn,1029.0
966,0,pjTBCsVx,dFlAswnV,1029.0
179,0,VrqtMskC,jOvtnfLH,457.0
179,0,nwGGoSvm,VrqtMskC,457.0
179,0,msGFqCDa,nwGGoSvm,457.0
179,0,AoAbuPJW,msGFqCDa,457.0
179,0,WPcaURVq,AoAbuPJW,457.0
984,0,zLDXwGdB,BSeIJfkI,1819.0
984,0,IWsbluFe,zLDXwGdB,1819.0
984,0,SUgOBtjk,IWsbluFe,1819.0
984,0,gACwumWT,SUgOBtjk,1819.0
984,0,JtZjSNXW,gACwumWT,1819.0
297,0,SUgOBtjk,ILgjTtXh,248.0
297,0,JtZjSNXW,SUgOBtjk,248.0
173,0,SUgOBtjk,ILgjTtXh,448.0
173,0,JtZjSNXW,SUgOBtjk,448.0
919,0,UosQUisT,Jrutayet,112.0
919,0,FQOgjaka,UosQUisT,112.0
919,0,URvEqJxF,FQOgjaka,112.0
919,0,JalqBTeK,URvEqJxF,112.0
919,0,UAwQbGIv,JalqBTeK,112.0
919,0,HyvnzuHA,UAwQbGIv,112.0
1053,0,hkXbXhZN,scqbdPBp,142.0
1053,0,TgpuXBqx,hkXbXhZN,142.0
1053,0,IyPglFnI,TgpuXBqx,161.0
1053,0,atGiINkp,IyPglFnI,161.0
1053,0,tFIeEodn,atGiINkp,161.0
1053,0,yeBNAVLu,tFIeEodn,161.0
1053,0,xokKvraT,yeBNAVLu,128.0
1053,0,HaSZVkzu,xokKvraT,128.0
1053,0,yjaYbUGq,HaSZVkzu,128.0
1053,0,LbyQgJih,yjaYbUGq,128.0
1053,0,FPXdCAOW,LbyQgJih,128.0
1053,0,ouHKxPGS,FPXdCAOW,128.0
1053,0,TimDJQqX,ouHKxPGS,119.0
1053,0,buoLtkoi,TimDJQqX,119.0
1053,0,NEOaVWFJ,buoLtkoi,116.0
1053,0,RBwynnQe,NEOaVWFJ,116.0
1053,0,EPmEpfWC,RBwynnQe,116.0
1053,0,xfbmoJHP,EPmEpfWC,116.0
1053,0,WdOwNGhj,xfbmoJHP,27.0
1053,0,kKKRBhFF,WdOwNGhj,27.0
736,0,FZsFzszJ,gzTQJVMW,10493.0
736,0,KgwKZlse,FZsFzszJ,10235.0
736,0,AoRkaUmb,KgwKZlse,10228.0
736,0,ALhaazBT,AoRkaUmb,10228.0
736,0,gzTQJVMW,RVEyrwjR,14486.0
910,0,krXgCSzh,KLSPMOeO,17.0
910,0,yDCZcPdO,krXgCSzh,17.0
626,0,XMFZXZdV,pjTBCsVx,1192.0
966,0,XMFZXZdV,pjTBCsVx,871.0
179,0,shsbwlrM,WPcaURVq,400.0
179,0,WgelRheP,shsbwlrM,400.0
626,0,MBttAlCW,ZAfIffxq,505.0
910,0,EpCFePOD,vOivHtRX,14.0
910,0,KLSPMOeO,EpCFePOD,13.0
1366,0,YmkUpvHU,qKeCDDXI,2420.0
1366,0,WOOyqinT,YmkUpvHU,2420.0
1366,0,mnkgCFDT,WOOyqinT,2413.0
1366,0,svgtEcQx,mnkgCFDT,2413.0
1366,0,HcPkwFHM,svgtEcQx,2257.0
1366,0,KjuJaNsu,HcPkwFHM,2257.0
1366,0,oNyGHMvy,KjuJaNsu,2252.0
1366,0,vSdfqYeK,oNyGHMvy,2100.0
1366,0,wDpyEsxh,vSdfqYeK,2099.0
1366,0,jIerKxIb,wDpyEsxh,2084.0
1366,0,IubGYoNi,jIerKxIb,1994.0
1366,0,fmQEzQWV,IubGYoNi,1906.0
1366,0,BpAiVnps,fmQEzQWV,1728.0
501,0,QontmjvH,JIllbhjr,226.0
501,0,flXjJYer,QontmjvH,226.0
501,0,oBtsEQRM,flXjJYer,226.0
501,0,UFoaQvGg,oBtsEQRM,226.0
501,0,yHDouIXe,UFoaQvGg,226.0
501,0,aFlzccOO,yHDouIXe,226.0
501,0,XAxmwtqw,aFlzccOO,226.0
501,0,ThGrfpxl,XAxmwtqw,226.0
501,0,TUpCuZAw,ThGrfpxl,177.0
501,0,HYfXIyFk,TUpCuZAw,177.0
501,0,oQvXmJfL,HYfXIyFk,177.0
501,0,yayPNqiY,oQvXmJfL,177.0
501,0,pOvHFZPM,yayPNqiY,177.0
501,0,hOGVczfj,pOvHFZPM,177.0
501,0,kXtCwJQx,hOGVczfj,177.0
501,0,UZvsWvxC,kXtCwJQx,177.0
501,0,Afgbwxue,UZvsWvxC,177.0
501,0,yHOAvGcL,Afgbwxue,157.0
501,0,AHQzSmld,yHOAvGcL,157.0
501,0,UWSJuCAz,AHQzSmld,157.0
501,0,xfYjeqNM,UWSJuCAz,157.0
501,0,nrUfCQxz,xfYjeqNM,157.0
501,0,iBiVOFur,nrUfCQxz,125.0
501,0,UECnapuN,iBiVOFur,125.0
501,0,uVsOstge,UECnapuN,125.0
501,0,HTKZNJTs,uVsOstge,125.0
501,0,qvujbmjR,HTKZNJTs,123.0
501,0,REvIjxsO,qvujbmjR,123.0
501,0,CylWjYTC,REvIjxsO,123.0
501,0,yMiwNCtj,CylWjYTC,111.0
501,0,dulnZXnF,yMiwNCtj,111.0
501,0,RkIYOvZu,dulnZXnF,111.0
501,0,ygKQkAfU,RkIYOvZu,111.0
1744,0,jQaLNViL,gyQqEnFq,1098.0
273,0,fkZFUNSd,TrOiZJox,2847.0
273,0,JYrrjUtU,fkZFUNSd,2847.0
273,0,cttUtMNm,JYrrjUtU,2847.0
273,0,wHfmVQMh,cttUtMNm,2797.0
273,0,mdGitRQe,wHfmVQMh,2377.0
273,0,RVGhYAxc,mdGitRQe,2113.0
597,0,HcOWfPMU,XaFkCXdj,681.0
1057,0,eIBTCCCb,gozRELiL,4.0
686,0,HkSXkIZj,womqVgRl,1206.0
686,0,gRVxNCAP,HkSXkIZj,1147.0
686,0,FHkpxOov,gRVxNCAP,1147.0
686,0,NJSgWoOc,FHkpxOov,368.0
626,0,DxyTpirl,XMFZXZdV,553.0
626,0,xvojPNrb,DxyTpirl,553.0
626,0,ZAfIffxq,xvojPNrb,553.0
966,0,DxyTpirl,XMFZXZdV,455.0
966,0,xvojPNrb,DxyTpirl,455.0
966,0,ZAfIffxq,xvojPNrb,455.0
625,0,XwjzzvVV,WgelRheP,434.0
625,0,exwEUcIO,XwjzzvVV,434.0
625,0,jisQZBDs,exwEUcIO,434.0
625,0,NcoWExwJ,jisQZBDs,417.0
625,0,hygBouPP,NcoWExwJ,417.0
625,0,iPzquFzR,hygBouPP,417.0
990,0,twlwLPZj,oXDhDxhT,4024.0
990,0,xfbmoJHP,twlwLPZj,4024.0
170,0,FCeDiZsN,CFztBFJQ,1216.0
595,0,twlwLPZj,cMdRoPmQ,440.0
595,0,NjRgIRup,twlwLPZj,215.0
1103,0,JKycCNae,RtYHfABF,37.0
1103,0,cMdRoPmQ,JKycCNae,37.0
1103,0,twlwLPZj,cMdRoPmQ,37.0
1103,0,NjRgIRup,twlwLPZj,25.0
1064,0,INegqJKU,AGDZrVfo,2575.0
1064,0,xokKvraT,INegqJKU,2555.0
1064,0,HaSZVkzu,xokKvraT,2555.0
1064,0,yjaYbUGq,HaSZVkzu,2555.0
1064,0,LbyQgJih,yjaYbUGq,2555.0
1064,0,FPXdCAOW,LbyQgJih,2555.0
1064,0,ouHKxPGS,FPXdCAOW,2555.0
1064,0,GEijdcGW,ouHKxPGS,2555.0
1064,0,MKKzwAOv,GEijdcGW,2554.0
1064,0,mhDCqtpx,MKKzwAOv,2551.0
1064,0,TJDsQDoO,mhDCqtpx,2551.0
1064,0,yTictHOU,TJDsQDoO,2537.0
1064,0,illGQStO,yTictHOU,2537.0
1064,0,AUrIxxcC,illGQStO,2537.0
1064,0,zqZasXpA,AUrIxxcC,2535.0
1064,0,EYGEAZtD,zqZasXpA,2535.0
1064,0,AJLJQqsT,EYGEAZtD,2535.0
1064,0,NCSBLEus,AJLJQqsT,2535.0
1064,0,xfbmoJHP,NCSBLEus,2325.0
1064,0,AGDZrVfo,IWkYeNgA,2337.0
122,0,MKKzwAOv,GEijdcGW,72.0
122,0,mhDCqtpx,MKKzwAOv,53.0
122,0,TJDsQDoO,mhDCqtpx,53.0
122,0,yTictHOU,TJDsQDoO,29.0
122,0,sTaleXyI,yTictHOU,29.0
122,0,illGQStO,sTaleXyI,29.0
122,0,AUrIxxcC,illGQStO,29.0
122,0,zqZasXpA,AUrIxxcC,27.0
122,0,EYGEAZtD,zqZasXpA,27.0
122,0,AJLJQqsT,EYGEAZtD,27.0
122,0,NCSBLEus,AJLJQqsT,25.0
122,0,xfbmoJHP,NCSBLEus,25.0
1064,0,IWkYeNgA,uiSiNEQq,2321.0
924,0,HyvnzuHA,SJvhYGxR,1201.0
924,0,BvLvsPYo,zmlEwfKx,1167.0
924,0,NcoKemSg,BvLvsPYo,1167.0
924,0,HfcobGNa,NcoKemSg,1167.0
924,0,SJvhYGxR,HfcobGNa,1189.0
1176,0,PyfNKmSh,IAmXeTgg,214.0
924,0,EmJpSDwd,TExCPNxk,1151.0
924,0,jjHnlXVx,EmJpSDwd,1151.0
924,0,zmlEwfKx,jjHnlXVx,1151.0
924,0,BvinbONJ,FbaONibz,1069.0
924,0,GfvuifIZ,BvinbONJ,1126.0
924,0,TExCPNxk,GfvuifIZ,1126.0
924,0,LpwxWatG,rwLqimtK,776.0
924,0,FbaONibz,LpwxWatG,776.0
121,0,MgfOYJbA,UCALextd,12.0
121,0,qIuTLVvj,MgfOYJbA,7.0
121,0,spmlaYUs,qIuTLVvj,6.0
121,0,qqDoWQdv,spmlaYUs,6.0
121,0,eymgjBxV,qqDoWQdv,6.0
121,0,EonJeQKz,eymgjBxV,6.0
121,0,vkWqgNph,EonJeQKz,6.0
121,0,nJRQzVZQ,vkWqgNph,6.0
121,0,xunvufHj,nJRQzVZQ,6.0
121,0,AhlYGwKp,xunvufHj,6.0
121,0,rxrORjnb,AhlYGwKp,6.0
121,0,UVDfwOgc,rxrORjnb,6.0
121,0,HdBHspFM,UVDfwOgc,6.0
121,0,TJDsQDoO,HdBHspFM,6.0
121,0,yTictHOU,TJDsQDoO,6.0
121,0,sTaleXyI,yTictHOU,6.0
121,0,illGQStO,sTaleXyI,6.0
121,0,AUrIxxcC,illGQStO,6.0
121,0,zqZasXpA,AUrIxxcC,6.0
121,0,EYGEAZtD,zqZasXpA,6.0
121,0,AJLJQqsT,EYGEAZtD,6.0
121,0,NCSBLEus,AJLJQqsT,6.0
121,0,xfbmoJHP,NCSBLEus,6.0
924,0,FvRjKBvU,TJeJnSDd,479.0
924,0,wuQzPlvL,FvRjKBvU,571.0
924,0,NacgxEEi,wuQzPlvL,571.0
924,0,ZbMvdFLw,NacgxEEi,571.0
924,0,JUGtNdnF,ZbMvdFLw,571.0
924,0,buTfkkhk,JUGtNdnF,571.0
924,0,rwLqimtK,buTfkkhk,739.0
913,0,mEqtlIiP,jZLvbydT,161.0
913,0,pNfwvVoI,mEqtlIiP,161.0
913,0,sqkVVOFh,pNfwvVoI,161.0
913,0,DXDxufRt,sqkVVOFh,244.0
913,0,rnnOUpAJ,DXDxufRt,247.0
913,0,NKETZQBF,rnnOUpAJ,247.0
913,0,BcAnDlhE,NKETZQBF,247.0
913,0,gOHjFflk,BcAnDlhE,260.0
913,0,SteiLorf,gOHjFflk,266.0
913,0,NbdCRqNf,SteiLorf,268.0
913,0,smhnGuEj,NbdCRqNf,268.0
913,0,yrrrlzqi,smhnGuEj,268.0
913,0,GUgiDKEG,yrrrlzqi,268.0
913,0,IsszqyIy,GUgiDKEG,268.0
913,0,wBOkqIeG,IsszqyIy,273.0
913,0,hnwTnEQV,wBOkqIeG,294.0
913,0,IKquIbHX,hnwTnEQV,294.0
913,0,oGdoEyKI,IKquIbHX,294.0
913,0,ehvgRqdw,oGdoEyKI,294.0
913,0,WoPCDSeI,ehvgRqdw,371.0
913,0,KKHFrKGl,WoPCDSeI,371.0
913,0,ltPLChrK,KKHFrKGl,327.0
913,0,FwvYcAgk,ltPLChrK,327.0
913,0,mgDGiHEE,FwvYcAgk,327.0
913,0,dQOncjgh,mgDGiHEE,323.0
913,0,QiaFfhxS,dQOncjgh,323.0
913,0,rilNZKmg,QiaFfhxS,323.0
913,0,MgfOYJbA,rilNZKmg,323.0
913,0,qIuTLVvj,MgfOYJbA,323.0
913,0,spmlaYUs,qIuTLVvj,313.0
913,0,qqDoWQdv,spmlaYUs,313.0
913,0,eymgjBxV,qqDoWQdv,239.0
913,0,EonJeQKz,eymgjBxV,239.0
913,0,vkWqgNph,EonJeQKz,239.0
913,0,nJRQzVZQ,vkWqgNph,239.0
913,0,xunvufHj,nJRQzVZQ,239.0
913,0,rxrORjnb,xunvufHj,239.0
913,0,UVDfwOgc,rxrORjnb,238.0
913,0,TJDsQDoO,UVDfwOgc,238.0
913,0,yTictHOU,TJDsQDoO,237.0
913,0,sTaleXyI,yTictHOU,237.0
913,0,illGQStO,sTaleXyI,236.0
913,0,AUrIxxcC,illGQStO,236.0
913,0,zqZasXpA,AUrIxxcC,236.0
913,0,EYGEAZtD,zqZasXpA,236.0
913,0,AJLJQqsT,EYGEAZtD,236.0
913,0,NCSBLEus,AJLJQqsT,236.0
913,0,xfbmoJHP,NCSBLEus,200.0
764,0,bSXtWlOz,MbBQjXCf,68.0
764,0,aviECmtd,bSXtWlOz,86.0
764,0,LMgpokYk,aviECmtd,86.0
764,0,vafAyuvT,LMgpokYk,86.0
764,0,lPyqbuiQ,vafAyuvT,86.0
764,0,uAaGlvRh,lPyqbuiQ,86.0
764,0,GWRhXmMO,uAaGlvRh,86.0
764,0,pLpkESor,GWRhXmMO,86.0
764,0,mgDGiHEE,pLpkESor,89.0
764,0,dQOncjgh,mgDGiHEE,54.0
764,0,QiaFfhxS,dQOncjgh,54.0
764,0,rilNZKmg,QiaFfhxS,54.0
764,0,MgfOYJbA,rilNZKmg,53.0
764,0,qIuTLVvj,MgfOYJbA,53.0
764,0,spmlaYUs,qIuTLVvj,52.0
764,0,qqDoWQdv,spmlaYUs,52.0
764,0,eymgjBxV,qqDoWQdv,52.0
764,0,EonJeQKz,eymgjBxV,51.0
764,0,vkWqgNph,EonJeQKz,51.0
764,0,nJRQzVZQ,vkWqgNph,51.0
764,0,xunvufHj,nJRQzVZQ,32.0
764,0,rxrORjnb,xunvufHj,32.0
764,0,UVDfwOgc,rxrORjnb,32.0
764,0,TJDsQDoO,UVDfwOgc,32.0
764,0,yTictHOU,TJDsQDoO,32.0
764,0,sTaleXyI,yTictHOU,32.0
764,0,illGQStO,sTaleXyI,32.0
764,0,AUrIxxcC,illGQStO,32.0
764,0,zqZasXpA,AUrIxxcC,32.0
764,0,EYGEAZtD,zqZasXpA,32.0
764,0,AJLJQqsT,EYGEAZtD,32.0
764,0,NCSBLEus,AJLJQqsT,32.0
764,0,xfbmoJHP,NCSBLEus,32.0
1118,0,yMrMMnQF,hUQezMGZ,27.0
1118,0,MrQhdzGM,yMrMMnQF,27.0
1118,0,HsmdKMgN,MrQhdzGM,27.0
1118,0,NJsqxdTd,HsmdKMgN,27.0
1118,0,hfbFGrBz,NJsqxdTd,27.0
1118,0,YtTJoBxm,hfbFGrBz,27.0
1118,0,AlpXiRiW,YtTJoBxm,27.0
1118,0,cyLrdsLq,AlpXiRiW,5.0
1118,0,pVHZNTmW,cyLrdsLq,5.0
1118,0,qLlyWzVq,pVHZNTmW,5.0
1118,0,lGJIVvqE,qLlyWzVq,5.0
1118,0,CkiKkxJQ,lGJIVvqE,5.0
1118,0,BmBzVYhd,CkiKkxJQ,5.0
1118,0,DDFCohxX,BmBzVYhd,5.0
1118,0,NfMyQHAw,DDFCohxX,5.0
1118,0,UlmLxwtK,NfMyQHAw,5.0
1118,0,nLuZmKFz,UlmLxwtK,5.0
1118,0,rxrORjnb,nLuZmKFz,5.0
1118,0,yTictHOU,rxrORjnb,5.0
1118,0,sTaleXyI,yTictHOU,5.0
1118,0,illGQStO,sTaleXyI,5.0
1118,0,zqZasXpA,illGQStO,5.0
1118,0,AJLJQqsT,zqZasXpA,5.0
1118,0,NCSBLEus,AJLJQqsT,5.0
1118,0,xfbmoJHP,NCSBLEus,5.0
562,0,saVSzyYs,TEuwlied,250.0
562,0,gzkuviLm,saVSzyYs,250.0
562,0,CkzMckPC,gzkuviLm,250.0
562,0,WywmvGMH,CkzMckPC,250.0
562,0,AesbwnPs,WywmvGMH,250.0
562,0,hzAARBgX,AesbwnPs,250.0
562,0,IjDfGHsr,hzAARBgX,250.0
562,0,TFRpjaAo,IjDfGHsr,250.0
562,0,JhdinCeD,TFRpjaAo,250.0
562,0,ZIieNEvD,JhdinCeD,250.0
562,0,jvLymITs,ZIieNEvD,250.0
562,0,jJVVpGMf,jvLymITs,242.0
562,0,tcYerYbk,jJVVpGMf,242.0
562,0,pPKqPUVW,tcYerYbk,242.0
562,0,iYTiOTOT,pPKqPUVW,242.0
562,0,dLtneiKf,iYTiOTOT,242.0
562,0,slfxTuih,dLtneiKf,242.0
562,0,XFPAZveS,slfxTuih,242.0
562,0,ojqTFFWy,XFPAZveS,234.0
823,0,iHPgoVQd,AlojXgfn,88.0
823,0,LEMCEoBI,iHPgoVQd,89.0
823,0,VbipnzIy,LEMCEoBI,90.0
823,0,vLvetIEj,VbipnzIy,94.0
823,0,veZdNrwJ,vLvetIEj,94.0
823,0,UHrZZaJI,veZdNrwJ,94.0
823,0,XYPsfiKq,UHrZZaJI,94.0
823,0,EZonlaGf,XYPsfiKq,100.0
823,0,ZLCIvgrp,EZonlaGf,103.0
823,0,ucVTqZIB,ZLCIvgrp,103.0
823,0,FDrhtNjK,ucVTqZIB,103.0
823,0,YVGWiGkc,FDrhtNjK,103.0
823,0,CqPWXNIf,YVGWiGkc,103.0
823,0,iZfXNAue,CqPWXNIf,103.0
823,0,OXvlrfnG,iZfXNAue,38.0
823,0,CgMBzfIg,OXvlrfnG,38.0
823,0,BCwVkMhO,CgMBzfIg,38.0
823,0,MpBHVRZl,BCwVkMhO,38.0
823,0,BWKNZpmt,MpBHVRZl,11.0
823,0,hMBIVszx,BWKNZpmt,11.0
823,0,JgVaSAtG,hMBIVszx,11.0
823,0,QyfZGsFT,JgVaSAtG,9.0
823,0,selTNsQi,QyfZGsFT,9.0
823,0,SfBAqteg,selTNsQi,9.0
823,0,obGcbWvT,SfBAqteg,9.0
823,0,wssOAckJ,obGcbWvT,9.0
823,0,zzxlwhdI,wssOAckJ,8.0
823,0,SEcoeimf,zzxlwhdI,8.0
823,0,fzmnvqlX,SEcoeimf,5.0
823,0,RyhuDLev,fzmnvqlX,5.0
823,0,KnIeolpt,RyhuDLev,5.0
823,0,GMrJWgHs,KnIeolpt,5.0
823,0,tTjpyeuP,GMrJWgHs,5.0
823,0,elxmPCDf,tTjpyeuP,5.0
823,0,tcbhlVZo,elxmPCDf,5.0
823,0,ZqBGCTqq,tcbhlVZo,5.0
823,0,HxnLIWQq,ZqBGCTqq,5.0
823,0,wqGWmwVd,HxnLIWQq,5.0
823,0,ACkvbmee,wqGWmwVd,5.0
823,0,FtWuEuzF,ACkvbmee,5.0
823,0,RtTLxXUv,FtWuEuzF,5.0
823,0,JGydtICe,RtTLxXUv,5.0
823,0,xbhuXgnr,JGydtICe,4.0
823,0,zjGRmLyo,xbhuXgnr,4.0
823,0,EXTmTMKf,zjGRmLyo,4.0
823,0,yfIoPTHo,EXTmTMKf,4.0
823,0,GnOurcjN,yfIoPTHo,4.0
823,0,vHkAlmCm,GnOurcjN,4.0
823,0,WynPMslR,vHkAlmCm,4.0
823,0,qjwSVoCq,WynPMslR,4.0
823,0,WvPJYXMk,qjwSVoCq,4.0
1176,0,tHYrXQBJ,DsTGnVil,1131.0
1176,0,cIVzRhGw,tHYrXQBJ,1131.0
1176,0,fxlmulxX,cIVzRhGw,1131.0
1176,0,NPkfSYbt,fxlmulxX,1131.0
1176,0,TCQmGnBb,IzKulrBJ,1079.0
1176,0,JJzKKoaf,TCQmGnBb,1079.0
1176,0,DsTGnVil,JJzKKoaf,1247.0
1076,0,QFkvaGqn,qRqIHRjS,1381.0
1076,0,NxijJQZJ,QFkvaGqn,1381.0
1076,0,zWZbZUaa,NxijJQZJ,1341.0
1076,0,XDHbYGPc,hPGLMLbU,1391.0
1076,0,qRqIHRjS,XDHbYGPc,1389.0
1111,0,ApUtMocY,IypCuTzh,555.0
1111,0,fwlhPJed,ApUtMocY,528.0
1111,0,KGmhUhiY,fwlhPJed,528.0
1111,0,yMrMMnQF,KGmhUhiY,528.0
1111,0,dlQsfdCi,yMrMMnQF,528.0
1111,0,HsmdKMgN,dlQsfdCi,528.0
1111,0,cWOjTgHp,HsmdKMgN,528.0
1111,0,NJsqxdTd,cWOjTgHp,528.0
1111,0,hfbFGrBz,NJsqxdTd,528.0
1111,0,YtTJoBxm,hfbFGrBz,528.0
1111,0,AlpXiRiW,YtTJoBxm,528.0
1111,0,cyLrdsLq,AlpXiRiW,342.0
1111,0,pVHZNTmW,cyLrdsLq,338.0
1111,0,qLlyWzVq,pVHZNTmW,338.0
1111,0,lGJIVvqE,qLlyWzVq,338.0
1111,0,CkiKkxJQ,lGJIVvqE,313.0
1111,0,AdloNpXg,CkiKkxJQ,310.0
1111,0,BmBzVYhd,AdloNpXg,310.0
1111,0,YcVwXeam,BmBzVYhd,303.0
1111,0,DDFCohxX,YcVwXeam,303.0
1111,0,NfMyQHAw,DDFCohxX,303.0
1111,0,PfZAlPvE,NfMyQHAw,291.0
1111,0,UlmLxwtK,PfZAlPvE,291.0
1111,0,nLuZmKFz,UlmLxwtK,277.0
1111,0,nJRQzVZQ,nLuZmKFz,277.0
1111,0,rxrORjnb,nJRQzVZQ,247.0
1111,0,TJDsQDoO,rxrORjnb,241.0
1111,0,yTictHOU,TJDsQDoO,241.0
1111,0,illGQStO,yTictHOU,233.0
1111,0,zqZasXpA,illGQStO,220.0
1111,0,AJLJQqsT,zqZasXpA,220.0
1111,0,NCSBLEus,AJLJQqsT,218.0
1111,0,xfbmoJHP,NCSBLEus,192.0
1111,0,IypCuTzh,bqxardHa,505.0
619,0,ldInPGbn,idAQxYim,270.0
619,0,WGEhEMgb,ldInPGbn,270.0
619,0,WblAIghg,WGEhEMgb,270.0
619,0,yXfOYhmg,WblAIghg,270.0
619,0,cHOtlpNd,yXfOYhmg,270.0
619,0,bDgEiJAh,cHOtlpNd,270.0
619,0,HYSXwpsm,bDgEiJAh,270.0
619,0,MAxpakLW,HYSXwpsm,270.0
619,0,iTmItNpT,MAxpakLW,270.0
619,0,ijmqRmKp,iTmItNpT,272.0
619,0,eDjMEvVD,ijmqRmKp,273.0
619,0,EsrGPUnZ,eDjMEvVD,275.0
619,0,pobpsCoK,EsrGPUnZ,275.0
619,0,FzyHNJLL,pobpsCoK,280.0
619,0,HdLAxGDi,FzyHNJLL,280.0
966,0,MBttAlCW,ZAfIffxq,428.0
616,0,OyNIynZV,DYKvrufv,208.0
616,0,ydoNqUsu,OyNIynZV,208.0
616,0,eOdwAkBF,ydoNqUsu,425.0
616,0,FDCDnriY,eOdwAkBF,425.0
616,0,DCdKJxNH,FDCDnriY,425.0
616,0,DsuTXcIa,DCdKJxNH,356.0
616,0,bgWfLree,DsuTXcIa,629.0
616,0,nUYnioIh,bgWfLree,629.0
616,0,UAkhVpHN,nUYnioIh,629.0
616,0,mVhkAqwx,UAkhVpHN,629.0
1054,0,TjHiuybL,lxkWqJCv,239.0
1054,0,rGxpSglN,TjHiuybL,239.0
1054,0,Rpsmzdru,rGxpSglN,231.0
1054,0,rluMkzbt,Rpsmzdru,231.0
1054,0,oTXyBJNn,rluMkzbt,213.0
1054,0,AIvMrZbX,oTXyBJNn,209.0
1054,0,DFuWYygu,AIvMrZbX,209.0
1054,0,iKWaHdND,DFuWYygu,209.0
1054,0,sZMRTtVP,iKWaHdND,209.0
1054,0,INegqJKU,sZMRTtVP,209.0
619,0,gozRELiL,HdLAxGDi,280.0
1058,0,AGDZrVfo,HcOWfPMU,167.0
1058,0,INegqJKU,AGDZrVfo,54.0
123,0,RpAFtJSl,CtzBEXfZ,32.0
123,0,PcvuCqyL,RpAFtJSl,32.0
123,0,CxeJhmQn,PcvuCqyL,47.0
123,0,TmbwpUyz,CxeJhmQn,47.0
123,0,rREIWzym,TmbwpUyz,53.0
123,0,rluMkzbt,rREIWzym,41.0
123,0,oTXyBJNn,rluMkzbt,41.0
123,0,AIvMrZbX,oTXyBJNn,41.0
123,0,DFuWYygu,AIvMrZbX,41.0
123,0,iKWaHdND,DFuWYygu,41.0
123,0,sZMRTtVP,iKWaHdND,41.0
123,0,INegqJKU,sZMRTtVP,41.0
123,0,CfDISmMN,RqCzrtQl,31.0
123,0,CtzBEXfZ,CfDISmMN,31.0
619,0,OoNwiPDT,gmiMCrrb,269.0
619,0,ftvNhZKM,OoNwiPDT,269.0
619,0,KLTxOJqh,ftvNhZKM,269.0
619,0,VLKPcfHc,KLTxOJqh,269.0
619,0,idAQxYim,VLKPcfHc,269.0
619,0,eIBTCCCb,gozRELiL,277.0
1063,0,ygaPVVOX,NjRgIRup,2366.0
1063,0,SgmzKmGa,ygaPVVOX,2384.0
1063,0,oaiHprKy,SgmzKmGa,2385.0
1063,0,EKGAgXOm,oaiHprKy,2385.0
1063,0,RqCzrtQl,EKGAgXOm,2385.0
1063,0,CfDISmMN,RqCzrtQl,2387.0
1063,0,RpAFtJSl,CfDISmMN,2387.0
1063,0,PcvuCqyL,RpAFtJSl,2387.0
1063,0,CxeJhmQn,PcvuCqyL,2418.0
1063,0,TmbwpUyz,CxeJhmQn,2418.0
1063,0,rREIWzym,TmbwpUyz,2418.0
1063,0,rluMkzbt,rREIWzym,2420.0
1063,0,oTXyBJNn,rluMkzbt,2421.0
1063,0,AIvMrZbX,oTXyBJNn,2421.0
1063,0,DFuWYygu,AIvMrZbX,2421.0
1063,0,iKWaHdND,DFuWYygu,2421.0
1063,0,sZMRTtVP,iKWaHdND,2421.0
1063,0,gozRELiL,sZMRTtVP,2421.0
1063,0,eIBTCCCb,gozRELiL,2438.0
1063,0,MyzUerZz,WlkKexEs,953.0
1063,0,hTBkjNzq,MyzUerZz,1705.0
1063,0,aCcokpIU,hTBkjNzq,2184.0
1063,0,IWuAfYeM,aCcokpIU,2184.0
1063,0,AKEMZMhk,IWuAfYeM,2184.0
1063,0,oXDhDxhT,AKEMZMhk,2184.0
1063,0,twlwLPZj,oXDhDxhT,2185.0
1063,0,NjRgIRup,twlwLPZj,2185.0
1059,0,TsaeiIGv,EkWBPXmr,26.0
1059,0,OsBkWRQx,TsaeiIGv,231.0
1059,0,udlIzhJE,OsBkWRQx,231.0
1059,0,DeduXMzE,udlIzhJE,369.0
1059,0,GXHjZCTL,DeduXMzE,369.0
1059,0,yolIeCeg,GXHjZCTL,369.0
1059,0,ozAxYCwR,yolIeCeg,369.0
1059,0,qdrjbHYS,ozAxYCwR,369.0
1059,0,AKdDiXyV,qdrjbHYS,392.0
1059,0,gRuqifBH,AKdDiXyV,392.0
1059,0,kZdBhxvo,gRuqifBH,408.0
1059,0,ZBkAAevT,kZdBhxvo,408.0
1059,0,cMinRgYB,ZBkAAevT,408.0
1059,0,LRmPOeoe,cMinRgYB,408.0
1059,0,tBNXSyMW,LRmPOeoe,408.0
1059,0,ArHpJhVJ,tBNXSyMW,408.0
1059,0,tWpVdCtj,ArHpJhVJ,414.0
1059,0,EdJUuxct,tWpVdCtj,414.0
1059,0,gmiMCrrb,EdJUuxct,414.0
1059,0,DzkWADkh,gmiMCrrb,442.0
1059,0,MjMnNBLG,DzkWADkh,442.0
1059,0,XiRzIewe,MjMnNBLG,442.0
1059,0,HEshVETB,XiRzIewe,455.0
1059,0,WKWTpoqQ,HEshVETB,455.0
1059,0,WlkKexEs,WKWTpoqQ,457.0
1059,0,MyzUerZz,WlkKexEs,457.0
1059,0,hTBkjNzq,MyzUerZz,457.0
1059,0,aCcokpIU,hTBkjNzq,457.0
1059,0,IWuAfYeM,aCcokpIU,468.0
1059,0,AKEMZMhk,IWuAfYeM,468.0
1059,0,oXDhDxhT,AKEMZMhk,468.0
1059,0,twlwLPZj,oXDhDxhT,478.0
1059,0,NjRgIRup,twlwLPZj,478.0
1059,0,ygaPVVOX,NjRgIRup,298.0
1059,0,SgmzKmGa,ygaPVVOX,242.0
922,0,ygaPVVOX,NjRgIRup,3573.0
922,0,SgmzKmGa,ygaPVVOX,3575.0
773,0,AlpXiRiW,ESCCbptK,7.0
773,0,cyLrdsLq,AlpXiRiW,5.0
773,0,pVHZNTmW,cyLrdsLq,5.0
773,0,qLlyWzVq,pVHZNTmW,5.0
773,0,lGJIVvqE,qLlyWzVq,5.0
773,0,CkiKkxJQ,lGJIVvqE,5.0
773,0,AdloNpXg,CkiKkxJQ,5.0
773,0,BmBzVYhd,AdloNpXg,5.0
773,0,YcVwXeam,BmBzVYhd,5.0
773,0,DDFCohxX,YcVwXeam,5.0
773,0,NfMyQHAw,DDFCohxX,5.0
773,0,PfZAlPvE,NfMyQHAw,5.0
773,0,UlmLxwtK,PfZAlPvE,5.0
773,0,nLuZmKFz,UlmLxwtK,5.0
773,0,nJRQzVZQ,nLuZmKFz,5.0
773,0,xunvufHj,nJRQzVZQ,5.0
773,0,rxrORjnb,xunvufHj,5.0
773,0,UVDfwOgc,rxrORjnb,5.0
773,0,TJDsQDoO,UVDfwOgc,5.0
773,0,yTictHOU,TJDsQDoO,5.0
773,0,sTaleXyI,yTictHOU,5.0
773,0,illGQStO,sTaleXyI,5.0
773,0,AUrIxxcC,illGQStO,5.0
773,0,zqZasXpA,AUrIxxcC,5.0
773,0,EYGEAZtD,zqZasXpA,5.0
773,0,AJLJQqsT,EYGEAZtD,5.0
619,0,IWkYeNgA,eIBTCCCb,257.0
1063,0,IWkYeNgA,eIBTCCCb,2261.0
730,0,IsTbDzyj,vjmwMJTT,23.0
729,0,sceVWPKZ,dvaPHMux,6.0
729,0,NqSePdAx,sceVWPKZ,6.0
729,0,YxYhlArE,NqSePdAx,6.0
729,0,sAswhpJr,YxYhlArE,6.0
729,0,VyHGAkTo,sAswhpJr,6.0
729,0,RrhmmPMm,VyHGAkTo,6.0
729,0,XeefDCzo,RrhmmPMm,10.0
729,0,UDPMiWKD,XeefDCzo,10.0
729,0,ypjNmqeK,UDPMiWKD,10.0
729,0,EsTStEav,ypjNmqeK,8.0
750,0,eViNbjWB,MtbBZIqI,148.0
730,0,isMwZYXy,qAUjPEMf,6.0
730,0,SogEaGxk,isMwZYXy,6.0
730,0,lCifaItn,SogEaGxk,6.0
730,0,dFlAswnV,lCifaItn,6.0
730,0,pjTBCsVx,dFlAswnV,6.0
730,0,XMFZXZdV,pjTBCsVx,6.0
730,0,DxyTpirl,XMFZXZdV,6.0
730,0,xvojPNrb,DxyTpirl,6.0
730,0,ZAfIffxq,xvojPNrb,6.0
730,0,MBttAlCW,ZAfIffxq,6.0
730,0,XCXPEDQh,MBttAlCW,6.0
730,0,FXyPWyvF,XCXPEDQh,6.0
730,0,vjmwMJTT,FXyPWyvF,6.0
730,0,CkgzgDTz,XJpVddlh,9.0
730,0,TsaeiIGv,EkWBPXmr,3.0
730,0,OsBkWRQx,TsaeiIGv,3.0
730,0,udlIzhJE,OsBkWRQx,3.0
730,0,cCEhgrAc,udlIzhJE,3.0
730,0,cfShLPmI,cCEhgrAc,3.0
730,0,tWKcfmbS,cfShLPmI,3.0
730,0,zXtHnUiq,tWKcfmbS,3.0
730,0,GfBReROC,zXtHnUiq,3.0
730,0,AjXddPle,GfBReROC,3.0
730,0,RjboLjDb,AjXddPle,3.0
730,0,FyJXToWe,RjboLjDb,3.0
730,0,rINNylNh,FyJXToWe,3.0
730,0,tjcxfrSB,rINNylNh,3.0
730,0,rHyPKpnR,tjcxfrSB,3.0
730,0,lhvdYjIr,rHyPKpnR,3.0
730,0,XkyHnVdm,lhvdYjIr,3.0
730,0,aTKTVXJW,XkyHnVdm,3.0
730,0,nFbddFoX,aTKTVXJW,3.0
730,0,GudLituF,nFbddFoX,3.0
730,0,eJrsnsoz,GudLituF,3.0
730,0,qAUjPEMf,eJrsnsoz,3.0
730,0,zyATMMRX,IsTbDzyj,19.0
730,0,XJpVddlh,zyATMMRX,19.0
910,0,zyATMMRX,yDCZcPdO,13.0
910,0,XJpVddlh,zyATMMRX,13.0
984,0,RLMiJrFV,JtZjSNXW,1403.0
984,0,cYArvsJE,RLMiJrFV,1403.0
984,0,EeAWpikH,cYArvsJE,1403.0
984,0,rrYLcPKJ,EeAWpikH,1403.0
984,0,IbNLqAKw,rrYLcPKJ,1403.0
619,0,dbNaZeWx,IWkYeNgA,254.0
1063,0,dbNaZeWx,IWkYeNgA,2242.0
1048,0,ygaPVVOX,NjRgIRup,504.0
1048,0,SgmzKmGa,ygaPVVOX,507.0
1048,0,oaiHprKy,SgmzKmGa,543.0
1048,0,EKGAgXOm,oaiHprKy,543.0
1048,0,RqCzrtQl,EKGAgXOm,543.0
1048,0,CfDISmMN,RqCzrtQl,543.0
1048,0,hSpdOQMh,CfDISmMN,907.0
1048,0,oXDhDxhT,AKEMZMhk,286.0
1048,0,twlwLPZj,oXDhDxhT,289.0
1048,0,NjRgIRup,twlwLPZj,289.0
297,0,RLMiJrFV,JtZjSNXW,126.0
297,0,cYArvsJE,RLMiJrFV,126.0
297,0,EeAWpikH,cYArvsJE,126.0
297,0,rrYLcPKJ,EeAWpikH,126.0
297,0,IbNLqAKw,rrYLcPKJ,126.0
173,0,RLMiJrFV,JtZjSNXW,315.0
173,0,cYArvsJE,RLMiJrFV,315.0
173,0,EeAWpikH,cYArvsJE,315.0
173,0,rrYLcPKJ,EeAWpikH,315.0
173,0,IbNLqAKw,rrYLcPKJ,315.0
730,0,AaOxIRuX,CkgzgDTz,9.0
730,0,mOxeJcai,AaOxIRuX,9.0
730,0,IbNLqAKw,mOxeJcai,9.0
910,0,CkgzgDTz,XJpVddlh,3.0
910,0,AaOxIRuX,CkgzgDTz,3.0
910,0,mOxeJcai,AaOxIRuX,3.0
910,0,RrhmmPMm,mOxeJcai,3.0
108,0,WdOwNGhj,xfbmoJHP,5236.0
108,0,kKKRBhFF,WdOwNGhj,5246.0
108,0,NFInfBeu,kKKRBhFF,5681.0
108,0,VCQdmIoF,NFInfBeu,5681.0
108,0,ePrpofUw,VCQdmIoF,5681.0
108,0,KcvPUxQg,ePrpofUw,6578.0
108,0,BlnSxBAr,KcvPUxQg,6683.0
108,0,TCBUGaZf,BlnSxBAr,6767.0
684,0,KTHxRvtW,GhNbXpjs,1267.0
684,0,gRVxNCAP,KTHxRvtW,1359.0
684,0,FHkpxOov,gRVxNCAP,1359.0
711,0,AszcEtOu,BpAiVnps,960.0
711,0,TcEVvOUM,AszcEtOu,1820.0
374,0,uuIUswRF,YmeKOmok,11.0
374,0,EBKpcNVh,uuIUswRF,11.0
374,0,jLuliqpT,EBKpcNVh,11.0
374,0,OXvlrfnG,jLuliqpT,11.0
374,0,CgMBzfIg,OXvlrfnG,11.0
374,0,BCwVkMhO,CgMBzfIg,11.0
374,0,MpBHVRZl,BCwVkMhO,11.0
374,0,BWKNZpmt,MpBHVRZl,4.0
374,0,hMBIVszx,BWKNZpmt,4.0
374,0,JgVaSAtG,hMBIVszx,4.0
374,0,QyfZGsFT,JgVaSAtG,4.0
374,0,selTNsQi,QyfZGsFT,4.0
374,0,SfBAqteg,selTNsQi,4.0
374,0,obGcbWvT,SfBAqteg,4.0
374,0,lbFoZTYJ,obGcbWvT,4.0
374,0,wssOAckJ,lbFoZTYJ,4.0
374,0,zzxlwhdI,wssOAckJ,4.0
374,0,SEcoeimf,zzxlwhdI,4.0
374,0,fzmnvqlX,SEcoeimf,3.0
374,0,RyhuDLev,fzmnvqlX,3.0
374,0,KnIeolpt,RyhuDLev,3.0
374,0,GMrJWgHs,KnIeolpt,3.0
374,0,tTjpyeuP,GMrJWgHs,3.0
374,0,iYbcLrkT,tTjpyeuP,3.0
374,0,elxmPCDf,iYbcLrkT,3.0
374,0,tcbhlVZo,elxmPCDf,3.0
374,0,ZqBGCTqq,tcbhlVZo,3.0
374,0,HxnLIWQq,ZqBGCTqq,2.0
374,0,wqGWmwVd,HxnLIWQq,2.0
374,0,ACkvbmee,wqGWmwVd,2.0
374,0,FtWuEuzF,ACkvbmee,2.0
374,0,RtTLxXUv,FtWuEuzF,2.0
374,0,JGydtICe,RtTLxXUv,2.0
374,0,xbhuXgnr,JGydtICe,2.0
374,0,zjGRmLyo,xbhuXgnr,2.0
374,0,EXTmTMKf,zjGRmLyo,2.0
374,0,yfIoPTHo,EXTmTMKf,2.0
374,0,GnOurcjN,yfIoPTHo,2.0
374,0,vHkAlmCm,GnOurcjN,2.0
374,0,WynPMslR,vHkAlmCm,2.0
374,0,qjwSVoCq,WynPMslR,1.0
374,0,oFLgHrco,qjwSVoCq,1.0
374,0,yrWAEsGy,oFLgHrco,1.0
374,0,qGIkRenz,yrWAEsGy,1.0
374,0,ytUqATXS,qGIkRenz,1.0
374,0,TcsyXYNn,ytUqATXS,1.0
374,0,qKeCDDXI,TcsyXYNn,1.0
374,0,YmkUpvHU,qKeCDDXI,1.0
374,0,GbYxEXTt,YmkUpvHU,1.0
374,0,ItndWSiW,GbYxEXTt,1.0
374,0,DOGyniWl,ItndWSiW,1.0
374,0,fubLBmAl,DOGyniWl,1.0
374,0,nEXpIbiD,fubLBmAl,1.0
374,0,eTJQHplR,nEXpIbiD,1.0
821,0,RfEbENxd,jQaLNViL,5.0
821,0,uxsctOEt,RfEbENxd,5.0
1059,0,oaiHprKy,SgmzKmGa,173.0
1059,0,EKGAgXOm,oaiHprKy,173.0
1059,0,RqCzrtQl,EKGAgXOm,173.0
1059,0,CfDISmMN,RqCzrtQl,173.0
922,0,oaiHprKy,SgmzKmGa,3542.0
922,0,EKGAgXOm,oaiHprKy,3542.0
922,0,RqCzrtQl,EKGAgXOm,3542.0
922,0,CfDISmMN,RqCzrtQl,3502.0
128,0,ygaPVVOX,NjRgIRup,111.0
128,0,SgmzKmGa,ygaPVVOX,111.0
128,0,oaiHprKy,SgmzKmGa,111.0
128,0,EKGAgXOm,oaiHprKy,111.0
128,0,RqCzrtQl,EKGAgXOm,111.0
128,0,CfDISmMN,RqCzrtQl,111.0
128,0,CtzBEXfZ,CfDISmMN,111.0
128,0,RpAFtJSl,CtzBEXfZ,111.0
128,0,PcvuCqyL,RpAFtJSl,111.0
128,0,ItWJsmqN,PcvuCqyL,111.0
128,0,QOMpmplr,ItWJsmqN,112.0
128,0,HNejbQWJ,QOMpmplr,112.0
128,0,dQfoCLXo,HNejbQWJ,112.0
128,0,TatGKSDD,dQfoCLXo,125.0
128,0,tDDYXOza,TatGKSDD,125.0
128,0,LdNZcaVd,tDDYXOza,5.0
128,0,XgeKmxEU,LdNZcaVd,5.0
128,0,ASAgeGQh,XgeKmxEU,5.0
128,0,vQqKfyzC,ASAgeGQh,5.0
128,0,RgDNNvUZ,vQqKfyzC,4.0
1054,0,gjxAdJvF,INegqJKU,109.0
1054,0,glTmyjXZ,gjxAdJvF,109.0
1054,0,TMphlUsu,glTmyjXZ,109.0
1054,0,xKAfsjzf,TMphlUsu,109.0
922,0,CtzBEXfZ,CfDISmMN,3623.0
1059,0,RpAFtJSl,CfDISmMN,170.0
984,0,UxEHDofF,IbNLqAKw,1154.0
984,0,KORPbuyR,UxEHDofF,1154.0
984,0,JfIhOMTg,KORPbuyR,1154.0
984,0,JdJprycd,JfIhOMTg,1154.0
297,0,UxEHDofF,IbNLqAKw,87.0
297,0,KORPbuyR,UxEHDofF,87.0
297,0,JfIhOMTg,KORPbuyR,87.0
297,0,JdJprycd,JfIhOMTg,87.0
173,0,UxEHDofF,IbNLqAKw,255.0
173,0,KORPbuyR,UxEHDofF,255.0
173,0,JfIhOMTg,KORPbuyR,255.0
173,0,JdJprycd,JfIhOMTg,255.0
1087,0,ddAfiRml,HHbKiMPc,326.0
1087,0,XfmqgVlB,ddAfiRml,326.0
1087,0,RldYRgxk,XfmqgVlB,326.0
1087,0,NmlfPGxe,RldYRgxk,326.0
1087,0,YlMTFYgN,NmlfPGxe,326.0
1087,0,pugbqfwh,YlMTFYgN,305.0
1087,0,INgMgzPi,pugbqfwh,330.0
1087,0,tKHOTHLP,INgMgzPi,330.0
1087,0,JYjcxadu,tKHOTHLP,252.0
1087,0,dIzWcSEA,JYjcxadu,252.0
1087,0,YIEuAZyW,dIzWcSEA,219.0
1087,0,iIARpDWU,YIEuAZyW,219.0
1087,0,BDmybVdG,iIARpDWU,57.0
750,0,rDmQAEpc,BDmybVdG,141.0
750,0,sKXIofXa,rDmQAEpc,141.0
750,0,MtbBZIqI,sKXIofXa,141.0
123,0,ygaPVVOX,NjRgIRup,24.0
123,0,SgmzKmGa,ygaPVVOX,24.0
123,0,oaiHprKy,SgmzKmGa,27.0
123,0,EKGAgXOm,oaiHprKy,27.0
123,0,RqCzrtQl,EKGAgXOm,27.0
122,0,xokKvraT,yeBNAVLu,40.0
122,0,HaSZVkzu,xokKvraT,40.0
122,0,yjaYbUGq,HaSZVkzu,40.0
122,0,LbyQgJih,yjaYbUGq,40.0
122,0,FPXdCAOW,LbyQgJih,40.0
122,0,ouHKxPGS,FPXdCAOW,40.0
122,0,GEijdcGW,ouHKxPGS,40.0
123,0,TcEVvOUM,AszcEtOu,2.0
123,0,qGnNRXVR,TcEVvOUM,2.0
123,0,ouPwTbuD,qGnNRXVR,2.0
123,0,MwLdaJul,ouPwTbuD,2.0
123,0,QUMnpJQp,MwLdaJul,2.0
123,0,FyIjwLBj,QUMnpJQp,2.0
123,0,vXPGJwVk,FyIjwLBj,2.0
123,0,qzuHypgA,vXPGJwVk,2.0
123,0,KCMgfriT,qzuHypgA,2.0
123,0,hVMLOzME,KCMgfriT,2.0
123,0,TDvESTZN,hVMLOzME,2.0
123,0,WlkKexEs,TDvESTZN,2.0
123,0,MyzUerZz,WlkKexEs,2.0
123,0,hTBkjNzq,MyzUerZz,2.0
123,0,aCcokpIU,hTBkjNzq,3.0
123,0,IWuAfYeM,aCcokpIU,3.0
123,0,AKEMZMhk,IWuAfYeM,3.0
123,0,oXDhDxhT,AKEMZMhk,3.0
123,0,twlwLPZj,oXDhDxhT,3.0
123,0,NjRgIRup,twlwLPZj,3.0
922,0,RpAFtJSl,CtzBEXfZ,3307.0
922,0,PcvuCqyL,RpAFtJSl,3375.0
1059,0,PcvuCqyL,RpAFtJSl,92.0
122,0,hkXbXhZN,scqbdPBp,4.0
122,0,TgpuXBqx,hkXbXhZN,4.0
122,0,IyPglFnI,TgpuXBqx,9.0
122,0,atGiINkp,IyPglFnI,9.0
122,0,tFIeEodn,atGiINkp,9.0
122,0,yeBNAVLu,tFIeEodn,9.0
1054,0,ngHNiWhD,xKAfsjzf,86.0
1054,0,ZcBdJkwp,ngHNiWhD,86.0
123,0,gjxAdJvF,INegqJKU,1.0
123,0,glTmyjXZ,gjxAdJvF,1.0
123,0,TMphlUsu,glTmyjXZ,1.0
123,0,xKAfsjzf,TMphlUsu,1.0
123,0,ngHNiWhD,xKAfsjzf,1.0
123,0,ZcBdJkwp,ngHNiWhD,1.0
128,0,IWuAfYeM,aCcokpIU,50.0
128,0,AKEMZMhk,IWuAfYeM,50.0
128,0,oXDhDxhT,AKEMZMhk,50.0
128,0,twlwLPZj,oXDhDxhT,50.0
128,0,NjRgIRup,twlwLPZj,50.0
1672,0,frLbpljr,GwjQuetc,37.0
1672,0,FPjpeXlp,frLbpljr,37.0
1672,0,vXwparSo,FPjpeXlp,34.0
1672,0,izsRTGJN,vXwparSo,13.0
1672,0,CAuqyjUy,izsRTGJN,13.0
1672,0,cIVzRhGw,CAuqyjUy,13.0
1672,0,fxlmulxX,cIVzRhGw,13.0
1672,0,NPkfSYbt,fxlmulxX,13.0
1672,0,VWFAQayS,NPkfSYbt,13.0
1659,0,juEdhOMs,vfRjIFnr,157.0
1659,0,ocUywYfN,juEdhOMs,157.0
1659,0,cPMyJryL,ocUywYfN,157.0
1659,0,eiOwifcC,cPMyJryL,157.0
1059,0,ItWJsmqN,PcvuCqyL,90.0
922,0,ItWJsmqN,PcvuCqyL,3292.0
984,0,kIKddsaQ,JdJprycd,1105.0
984,0,eJBRTpyb,kIKddsaQ,1105.0
984,0,dvaPHMux,eJBRTpyb,1105.0
297,0,eJBRTpyb,JdJprycd,75.0
297,0,dvaPHMux,eJBRTpyb,75.0
173,0,eJBRTpyb,JdJprycd,195.0
173,0,dvaPHMux,eJBRTpyb,195.0
730,0,UxEHDofF,IbNLqAKw,5.0
730,0,KORPbuyR,UxEHDofF,5.0
730,0,JfIhOMTg,KORPbuyR,5.0
730,0,JdJprycd,JfIhOMTg,5.0
730,0,eJBRTpyb,JdJprycd,5.0
730,0,dvaPHMux,eJBRTpyb,5.0
919,0,dQfoCLXo,HNejbQWJ,80.0
919,0,NJLhSMnp,dQfoCLXo,80.0
919,0,vitXJVTB,NJLhSMnp,80.0
919,0,DPEjcwqA,vitXJVTB,80.0
919,0,AKFNXFCk,DPEjcwqA,80.0
919,0,HIkBoDID,AKFNXFCk,80.0
919,0,uKNLSXwU,HIkBoDID,80.0
919,0,QpjbbNqd,uKNLSXwU,80.0
919,0,qHHrAclK,QpjbbNqd,80.0
919,0,Jrutayet,qHHrAclK,80.0
922,0,KvSvcvIL,RLXxtVaJ,877.0
1067,0,DeduXMzE,udlIzhJE,70.0
1067,0,GXHjZCTL,DeduXMzE,70.0
1067,0,yolIeCeg,GXHjZCTL,70.0
1067,0,ozAxYCwR,yolIeCeg,70.0
1067,0,qdrjbHYS,ozAxYCwR,70.0
1067,0,AKdDiXyV,qdrjbHYS,92.0
1067,0,gRuqifBH,AKdDiXyV,323.0
1067,0,kZdBhxvo,gRuqifBH,323.0
1067,0,ZBkAAevT,kZdBhxvo,323.0
1067,0,cMinRgYB,ZBkAAevT,323.0
1067,0,LRmPOeoe,cMinRgYB,323.0
1067,0,tBNXSyMW,LRmPOeoe,323.0
1067,0,ArHpJhVJ,tBNXSyMW,323.0
1067,0,tWpVdCtj,ArHpJhVJ,323.0
1067,0,gmiMCrrb,tWpVdCtj,323.0
1067,0,DzkWADkh,gmiMCrrb,342.0
1067,0,MjMnNBLG,DzkWADkh,343.0
1067,0,udKeccMr,MjMnNBLG,345.0
1067,0,HEshVETB,udKeccMr,345.0
1067,0,WKWTpoqQ,HEshVETB,345.0
1067,0,WlkKexEs,WKWTpoqQ,435.0
1067,0,MyzUerZz,WlkKexEs,523.0
1067,0,aCcokpIU,MyzUerZz,1245.0
1067,0,IWuAfYeM,aCcokpIU,1595.0
1067,0,AKEMZMhk,IWuAfYeM,1595.0
1067,0,oXDhDxhT,AKEMZMhk,1595.0
1067,0,twlwLPZj,oXDhDxhT,1596.0
1067,0,NjRgIRup,twlwLPZj,1820.0
1067,0,ygaPVVOX,NjRgIRup,1887.0
1067,0,SgmzKmGa,ygaPVVOX,1887.0
1067,0,EKGAgXOm,SgmzKmGa,1892.0
1067,0,CfDISmMN,EKGAgXOm,1892.0
1067,0,PcvuCqyL,CfDISmMN,1903.0
1067,0,QOMpmplr,PcvuCqyL,1903.0
1067,0,HNejbQWJ,QOMpmplr,1916.0
1067,0,UoWNmGnJ,HNejbQWJ,2034.0
1067,0,TatGKSDD,UoWNmGnJ,2035.0
1048,0,hTBkjNzq,MyzUerZz,242.0
1048,0,aCcokpIU,hTBkjNzq,272.0
1048,0,IWuAfYeM,aCcokpIU,285.0
1048,0,AKEMZMhk,IWuAfYeM,285.0
1048,0,ZBkAAevT,kZdBhxvo,99.0
1048,0,cMinRgYB,ZBkAAevT,99.0
1048,0,LRmPOeoe,cMinRgYB,99.0
1048,0,tBNXSyMW,LRmPOeoe,99.0
1048,0,ArHpJhVJ,tBNXSyMW,99.0
1048,0,tWpVdCtj,ArHpJhVJ,102.0
1048,0,EdJUuxct,tWpVdCtj,102.0
1048,0,gmiMCrrb,EdJUuxct,102.0
1048,0,DzkWADkh,gmiMCrrb,130.0
1048,0,MjMnNBLG,DzkWADkh,130.0
1048,0,XiRzIewe,MjMnNBLG,130.0
1048,0,HEshVETB,XiRzIewe,159.0
1048,0,WKWTpoqQ,HEshVETB,159.0
1048,0,WlkKexEs,WKWTpoqQ,159.0
1048,0,MyzUerZz,WlkKexEs,179.0
1048,0,awOEKaEj,qdrjbHYS,46.0
1048,0,gRuqifBH,awOEKaEj,46.0
1048,0,kZdBhxvo,gRuqifBH,54.0
1047,0,gIrHwcsI,ouHKxPGS,4.0
932,0,qeXIqBgp,DMAMxgNC,1453.0
679,0,RVGhYAxc,mdGitRQe,2982.0
1189,0,hPbxQISN,jnDfAorM,1573.0
1124,0,SPorkGXj,OUlPxErG,58.0
1124,0,IJbUVGLH,SPorkGXj,71.0
1124,0,ZqOseExI,IJbUVGLH,71.0
1124,0,FdBCLyPI,ZqOseExI,71.0
1124,0,CrOFTJlw,FdBCLyPI,71.0
1124,0,PyGiRErs,CrOFTJlw,71.0
1124,0,JbCujTci,PyGiRErs,71.0
1124,0,NAwFzVQz,RuqLEiFp,14.0
1124,0,jEliwrSM,NAwFzVQz,49.0
1124,0,OUlPxErG,jEliwrSM,49.0
1128,0,JYjcxadu,tKHOTHLP,412.0
1128,0,dIzWcSEA,JYjcxadu,412.0
1128,0,YIEuAZyW,dIzWcSEA,391.0
1128,0,iIARpDWU,YIEuAZyW,391.0
1128,0,BDmybVdG,iIARpDWU,3.0
1066,0,twlwLPZj,oXDhDxhT,433.0
1066,0,NjRgIRup,twlwLPZj,433.0
1066,0,ygaPVVOX,NjRgIRup,466.0
1066,0,SgmzKmGa,ygaPVVOX,466.0
1066,0,oaiHprKy,SgmzKmGa,473.0
1066,0,EKGAgXOm,oaiHprKy,473.0
1066,0,RqCzrtQl,EKGAgXOm,473.0
1066,0,CfDISmMN,RqCzrtQl,473.0
1066,0,RpAFtJSl,CfDISmMN,529.0
1066,0,PcvuCqyL,RpAFtJSl,529.0
1066,0,QOMpmplr,PcvuCqyL,529.0
1066,0,HNejbQWJ,QOMpmplr,533.0
1066,0,NIAyNhca,HNejbQWJ,533.0
1066,0,hTBkjNzq,MyzUerZz,344.0
1066,0,aCcokpIU,hTBkjNzq,432.0
1066,0,IWuAfYeM,aCcokpIU,432.0
1066,0,AKEMZMhk,IWuAfYeM,432.0
1066,0,oXDhDxhT,AKEMZMhk,432.0
1067,0,LdNZcaVd,TatGKSDD,2019.0
1067,0,XgeKmxEU,LdNZcaVd,3.0
1066,0,fxsyxfZK,NIAyNhca,515.0
1072,0,ZBkAAevT,kZdBhxvo,183.0
1072,0,cMinRgYB,ZBkAAevT,183.0
1072,0,LRmPOeoe,cMinRgYB,183.0
1072,0,tBNXSyMW,LRmPOeoe,183.0
1072,0,ArHpJhVJ,tBNXSyMW,187.0
1072,0,tWpVdCtj,ArHpJhVJ,194.0
1072,0,EdJUuxct,tWpVdCtj,194.0
1072,0,gmiMCrrb,EdJUuxct,194.0
1072,0,DzkWADkh,gmiMCrrb,349.0
1072,0,MjMnNBLG,DzkWADkh,349.0
1072,0,XiRzIewe,MjMnNBLG,349.0
1072,0,HEshVETB,XiRzIewe,412.0
1072,0,WKWTpoqQ,HEshVETB,412.0
1072,0,WlkKexEs,WKWTpoqQ,443.0
1072,0,MyzUerZz,WlkKexEs,661.0
1072,0,hTBkjNzq,MyzUerZz,873.0
1072,0,aCcokpIU,hTBkjNzq,952.0
1072,0,IWuAfYeM,aCcokpIU,958.0
1072,0,AKEMZMhk,IWuAfYeM,958.0
1072,0,oXDhDxhT,AKEMZMhk,958.0
1072,0,twlwLPZj,oXDhDxhT,964.0
1072,0,NjRgIRup,twlwLPZj,976.0
1072,0,ygaPVVOX,NjRgIRup,1590.0
1072,0,SgmzKmGa,ygaPVVOX,1590.0
1072,0,oaiHprKy,SgmzKmGa,1634.0
1072,0,EKGAgXOm,oaiHprKy,1634.0
1072,0,RqCzrtQl,EKGAgXOm,1634.0
1072,0,CfDISmMN,RqCzrtQl,1634.0
1072,0,RpAFtJSl,CfDISmMN,1708.0
1072,0,PcvuCqyL,RpAFtJSl,1723.0
1072,0,QOMpmplr,PcvuCqyL,1723.0
1072,0,HNejbQWJ,QOMpmplr,1758.0
1072,0,dQfoCLXo,HNejbQWJ,1769.0
1072,0,NJLhSMnp,dQfoCLXo,1769.0
922,0,QOMpmplr,ItWJsmqN,3107.0
922,0,HNejbQWJ,QOMpmplr,3098.0
922,0,dQfoCLXo,HNejbQWJ,3217.0
922,0,NJLhSMnp,dQfoCLXo,3217.0
1072,0,awOEKaEj,qdrjbHYS,145.0
1072,0,kZdBhxvo,awOEKaEj,145.0
235,0,fkZFUNSd,jFmPCmzM,5968.0
235,0,JYrrjUtU,fkZFUNSd,5968.0
235,0,cttUtMNm,JYrrjUtU,5968.0
235,0,wHfmVQMh,cttUtMNm,5995.0
235,0,mdGitRQe,wHfmVQMh,5672.0
235,0,SOBUilCD,mdGitRQe,4503.0
235,0,RVGhYAxc,SOBUilCD,4503.0
1119,0,TCMQvOqy,NmilzqZp,43.0
1119,0,JyqrAKLu,TCMQvOqy,111.0
1119,0,XxhwFmzZ,JyqrAKLu,111.0
1119,0,QZgueNIh,XxhwFmzZ,111.0
1119,0,JFVlrPHE,QZgueNIh,115.0
1119,0,cpLivUai,JFVlrPHE,115.0
1119,0,fKUdbDza,cpLivUai,115.0
1119,0,DATqCMmz,fKUdbDza,124.0
1119,0,ILgjTtXh,DATqCMmz,124.0
1119,0,SUgOBtjk,ILgjTtXh,136.0
1119,0,gACwumWT,SUgOBtjk,136.0
1119,0,JtZjSNXW,gACwumWT,136.0
1119,0,RLMiJrFV,JtZjSNXW,173.0
1119,0,cYArvsJE,RLMiJrFV,173.0
1119,0,EeAWpikH,cYArvsJE,173.0
1119,0,rrYLcPKJ,EeAWpikH,173.0
1119,0,IbNLqAKw,rrYLcPKJ,173.0
1119,0,UxEHDofF,IbNLqAKw,211.0
1119,0,KORPbuyR,UxEHDofF,211.0
1119,0,JfIhOMTg,KORPbuyR,211.0
1119,0,JdJprycd,JfIhOMTg,211.0
1119,0,xjJdOfLG,JdJprycd,234.0
1119,0,QQHZGEng,xjJdOfLG,234.0
1119,0,EFaiAjAK,QQHZGEng,234.0
1119,0,eUBMdtJg,EFaiAjAK,252.0
1119,0,xuEvBBdE,vCGIyJLJ,41.0
1119,0,rAizOLWV,xuEvBBdE,41.0
1119,0,JdZarNsv,rAizOLWV,41.0
1119,0,NmilzqZp,JdZarNsv,41.0
922,0,DJxHBCmY,HyvnzuHA,1033.0
922,0,UUpfieFN,DJxHBCmY,1006.0
922,0,XHBoVocK,UUpfieFN,980.0
922,0,arebgYBg,XHBoVocK,980.0
922,0,TWTKfAgl,arebgYBg,980.0
922,0,BhcHYWlb,TWTKfAgl,958.0
922,0,zWmxGpLB,BhcHYWlb,959.0
922,0,JzAcwavY,zWmxGpLB,959.0
922,0,ZjbTkVDH,JzAcwavY,913.0
922,0,RLXxtVaJ,ZjbTkVDH,913.0
920,0,jqOOThyw,dvaPHMux,86.0
920,0,aUsRFqQV,jqOOThyw,86.0
920,0,TGiiAnII,aUsRFqQV,86.0
920,0,tIkiTaAn,TGiiAnII,86.0
920,0,WmxXwpoc,tIkiTaAn,86.0
909,0,bCbInHHL,mXosqjnx,48.0
909,0,crypOuMD,bCbInHHL,48.0
909,0,yTOnYgGF,EsTStEav,46.0
909,0,mXosqjnx,yTOnYgGF,46.0
909,0,DATqCMmz,fKUdbDza,3.0
909,0,ILgjTtXh,DATqCMmz,3.0
909,0,SUgOBtjk,ILgjTtXh,3.0
909,0,JtZjSNXW,SUgOBtjk,3.0
909,0,RLMiJrFV,JtZjSNXW,3.0
909,0,cYArvsJE,RLMiJrFV,3.0
909,0,EeAWpikH,cYArvsJE,3.0
909,0,rrYLcPKJ,EeAWpikH,3.0
909,0,IbNLqAKw,rrYLcPKJ,3.0
909,0,XeefDCzo,IbNLqAKw,6.0
909,0,UDPMiWKD,XeefDCzo,6.0
909,0,ypjNmqeK,UDPMiWKD,6.0
909,0,EsTStEav,ypjNmqeK,6.0
751,0,dfrJZjmW,NjRgIRup,1756.0
751,0,AFcMAvOI,dfrJZjmW,2102.0
751,0,FltmFbyo,AFcMAvOI,2102.0
751,0,jUExBSiR,FltmFbyo,1488.0
751,0,vPrJwoLq,jUExBSiR,1488.0
751,0,aHDoehBY,vPrJwoLq,1488.0
751,0,WwbQwfXi,aHDoehBY,2418.0
1119,0,LggmrEeo,qrudAScT,264.0
1119,0,KvSvcvIL,LggmrEeo,264.0
929,0,TNTzUMyF,HyvnzuHA,23.0
929,0,avRuCqLk,TNTzUMyF,23.0
929,0,wIAALBva,avRuCqLk,23.0
929,0,nxBXRnVc,wIAALBva,23.0
929,0,sXWHYDNZ,nxBXRnVc,23.0
929,0,VKAAZZOV,sXWHYDNZ,23.0
929,0,Vtdujofe,VKAAZZOV,23.0
929,0,edTVGmZc,Vtdujofe,23.0
929,0,iqwCaPZT,edTVGmZc,23.0
929,0,qqDoWQdv,iqwCaPZT,23.0
929,0,eymgjBxV,qqDoWQdv,17.0
929,0,EonJeQKz,eymgjBxV,17.0
929,0,vkWqgNph,EonJeQKz,17.0
929,0,nJRQzVZQ,vkWqgNph,17.0
929,0,xunvufHj,nJRQzVZQ,17.0
929,0,rxrORjnb,xunvufHj,12.0
929,0,UVDfwOgc,rxrORjnb,12.0
929,0,TJDsQDoO,UVDfwOgc,12.0
929,0,yTictHOU,TJDsQDoO,12.0
929,0,sTaleXyI,yTictHOU,12.0
929,0,illGQStO,sTaleXyI,12.0
929,0,AUrIxxcC,illGQStO,12.0
929,0,zqZasXpA,AUrIxxcC,12.0
929,0,EYGEAZtD,zqZasXpA,12.0
929,0,AJLJQqsT,EYGEAZtD,12.0
929,0,NCSBLEus,AJLJQqsT,12.0
1176,0,PNniCxAw,vacPrbQA,1003.0
1176,0,aZaGhhAB,PNniCxAw,1116.0
1176,0,CVcknAiw,aZaGhhAB,1116.0
1176,0,uGkwFELU,CVcknAiw,1116.0
1176,0,IzKulrBJ,uGkwFELU,1118.0
1087,0,vCtwKmtA,hGRIMrVW,290.0
1087,0,wFiJapOA,vCtwKmtA,290.0
1087,0,HHbKiMPc,wFiJapOA,290.0
922,0,vitXJVTB,NJLhSMnp,3152.0
922,0,DPEjcwqA,vitXJVTB,3152.0
910,0,hqOmlOIp,RrhmmPMm,2.0
910,0,qJgsxHch,hqOmlOIp,2.0
910,0,lxplrluY,qJgsxHch,2.0
910,0,zTJYYUap,lxplrluY,2.0
910,0,UxPxrYmy,zTJYYUap,2.0
910,0,KwXNMHkb,UxPxrYmy,2.0
910,0,YxUFlvZH,KwXNMHkb,2.0
910,0,KMLNQwjh,YxUFlvZH,2.0
910,0,aDaRCcaB,KMLNQwjh,2.0
1072,0,lyEtzViy,NJLhSMnp,2004.0
1072,0,uVrlMgNx,lyEtzViy,1979.0
909,0,uNHtUGfb,crypOuMD,44.0
919,0,ygaPVVOX,NjRgIRup,3.0
919,0,SgmzKmGa,ygaPVVOX,3.0
919,0,oaiHprKy,SgmzKmGa,3.0
919,0,EKGAgXOm,oaiHprKy,3.0
919,0,RqCzrtQl,EKGAgXOm,3.0
919,0,CfDISmMN,RqCzrtQl,3.0
919,0,CtzBEXfZ,CfDISmMN,3.0
919,0,RpAFtJSl,CtzBEXfZ,3.0
919,0,PcvuCqyL,RpAFtJSl,3.0
919,0,QOMpmplr,PcvuCqyL,3.0
919,0,HNejbQWJ,QOMpmplr,3.0
920,0,SkzmPMHG,WmxXwpoc,103.0
920,0,MmDOtEna,SkzmPMHG,103.0
920,0,ZCeMNbFi,MmDOtEna,103.0
909,0,vOivHtRX,uNHtUGfb,40.0
922,0,AKFNXFCk,DPEjcwqA,3148.0
858,0,TEpDjcLc,AlpXiRiW,207.0
858,0,PORiPCGC,TEpDjcLc,207.0
858,0,VPnRvCbn,PORiPCGC,207.0
1072,0,ZsNhjIbg,uVrlMgNx,2010.0
1072,0,GhOGJPtU,ZsNhjIbg,2010.0
1067,0,TsaeiIGv,EkWBPXmr,18.0
1067,0,OsBkWRQx,TsaeiIGv,64.0
1067,0,TlwaKrQx,OsBkWRQx,64.0
1067,0,udlIzhJE,TlwaKrQx,64.0
1068,0,ttuFHhig,scqbdPBp,31.0
1068,0,WjngiDTm,ttuFHhig,31.0
1068,0,jEhGDfoN,WjngiDTm,31.0
1591,0,urhYpysk,TGjXCzny,572.0
1591,0,eYYHcaFH,urhYpysk,582.0
1591,0,aGRhAFxn,eYYHcaFH,582.0
1591,0,YzXnYVPd,aGRhAFxn,130.0
1591,0,TEKQTTfp,YzXnYVPd,93.0
922,0,HIkBoDID,AKFNXFCk,3048.0
922,0,uKNLSXwU,HIkBoDID,3216.0
922,0,QpjbbNqd,uKNLSXwU,3216.0
922,0,qHHrAclK,QpjbbNqd,3216.0
922,0,Jrutayet,qHHrAclK,3216.0
177,0,DzkWADkh,tBgOcvQf,1685.0
177,0,MjMnNBLG,DzkWADkh,1686.0
177,0,XiRzIewe,MjMnNBLG,1686.0
177,0,udKeccMr,XiRzIewe,2332.0
177,0,HEshVETB,udKeccMr,2332.0
177,0,WKWTpoqQ,HEshVETB,2332.0
1058,0,xokKvraT,INegqJKU,21.0
1058,0,HaSZVkzu,xokKvraT,21.0
1058,0,yjaYbUGq,HaSZVkzu,21.0
1058,0,LbyQgJih,yjaYbUGq,21.0
1058,0,FPXdCAOW,LbyQgJih,21.0
1058,0,ouHKxPGS,FPXdCAOW,21.0
1058,0,GEijdcGW,ouHKxPGS,21.0
1058,0,MKKzwAOv,GEijdcGW,21.0
1058,0,mhDCqtpx,MKKzwAOv,21.0
1058,0,TJDsQDoO,mhDCqtpx,21.0
1119,0,QjcDKOzv,eUBMdtJg,247.0
1119,0,RUTwxhGS,QjcDKOzv,247.0
1119,0,uCoCFrtM,RUTwxhGS,247.0
1119,0,QzziCuGD,uCoCFrtM,247.0
1119,0,WmKWqOVN,QzziCuGD,247.0
1119,0,QBspXqKX,WmKWqOVN,247.0
1119,0,qYzIAyEg,QBspXqKX,247.0
1119,0,ZdKqQSZH,qYzIAyEg,247.0
1119,0,mSHqQduu,ZdKqQSZH,247.0
1119,0,MuzbvXqA,mSHqQduu,247.0
1119,0,qrudAScT,MuzbvXqA,252.0
920,0,PBIThtAQ,ZCeMNbFi,101.0
920,0,iAuWJytQ,PBIThtAQ,101.0
920,0,RqKQqVrZ,iAuWJytQ,101.0
920,0,HyvnzuHA,RqKQqVrZ,101.0
920,0,TNTzUMyF,HyvnzuHA,11.0
920,0,avRuCqLk,TNTzUMyF,11.0
920,0,wIAALBva,avRuCqLk,11.0
920,0,nxBXRnVc,wIAALBva,11.0
920,0,sXWHYDNZ,nxBXRnVc,11.0
920,0,VKAAZZOV,sXWHYDNZ,11.0
922,0,UosQUisT,Jrutayet,2156.0
922,0,FQOgjaka,UosQUisT,2156.0
725,0,YmkUpvHU,qKeCDDXI,3293.0
725,0,WOOyqinT,YmkUpvHU,3235.0
725,0,mnkgCFDT,WOOyqinT,2622.0
856,0,ygaPVVOX,NjRgIRup,891.0
856,0,SgmzKmGa,ygaPVVOX,891.0
856,0,oaiHprKy,SgmzKmGa,898.0
856,0,EKGAgXOm,oaiHprKy,898.0
856,0,RqCzrtQl,EKGAgXOm,898.0
856,0,CfDISmMN,RqCzrtQl,898.0
856,0,CtzBEXfZ,CfDISmMN,920.0
856,0,RpAFtJSl,CtzBEXfZ,924.0
856,0,PcvuCqyL,RpAFtJSl,924.0
856,0,QOMpmplr,PcvuCqyL,924.0
856,0,HNejbQWJ,QOMpmplr,938.0
856,0,dQfoCLXo,HNejbQWJ,938.0
856,0,NJLhSMnp,dQfoCLXo,938.0
856,0,vitXJVTB,NJLhSMnp,951.0
856,0,DPEjcwqA,vitXJVTB,951.0
856,0,AKFNXFCk,DPEjcwqA,951.0
856,0,HIkBoDID,AKFNXFCk,971.0
856,0,FBcFacnd,HIkBoDID,1037.0
856,0,URVlPKPB,FBcFacnd,1037.0
856,0,dROKJpRC,URVlPKPB,1036.0
856,0,UNRVYnCk,dROKJpRC,1036.0
856,0,rvjuJASP,UNRVYnCk,449.0
856,0,BLgEghTV,rvjuJASP,449.0
856,0,EnXcRLvh,BLgEghTV,449.0
856,0,snhIMWCK,EnXcRLvh,445.0
856,0,oKUAvFAb,snhIMWCK,445.0
860,0,DJFnuQGw,KAhfQHTl,7.0
860,0,jkZnMKOY,DJFnuQGw,4.0
1072,0,WOuDNhbw,GhOGJPtU,1945.0
1072,0,oWUXSqrA,WOuDNhbw,1945.0
1072,0,CYkmgDbv,oWUXSqrA,1945.0
1072,0,ORrZduNE,CYkmgDbv,1764.0
1072,0,eypuAxqa,ORrZduNE,1823.0
1072,0,DSVnhmbs,eypuAxqa,1820.0
1072,0,hCKRONaA,DSVnhmbs,1350.0
1072,0,TGKbjQzH,hCKRONaA,1350.0
1072,0,RoreEsYU,TGKbjQzH,1350.0
1072,0,AlpXiRiW,RoreEsYU,1158.0
860,0,TEpDjcLc,AlpXiRiW,3.0
860,0,PORiPCGC,TEpDjcLc,3.0
860,0,VPnRvCbn,PORiPCGC,3.0
860,0,tUQXHMzJ,VPnRvCbn,3.0
860,0,YjKQPWoa,tUQXHMzJ,3.0
860,0,KAhfQHTl,YjKQPWoa,3.0
543,0,ocvrxaqr,FhTsxOaf,3.0
543,0,aYZQdfnX,ocvrxaqr,3.0
543,0,oUbtCHRB,aYZQdfnX,3.0
543,0,mNfpWfKJ,oUbtCHRB,3.0
543,0,kSklWvZO,mNfpWfKJ,3.0
543,0,wVKhsyCZ,kSklWvZO,3.0
543,0,oZJRchiN,wVKhsyCZ,3.0
543,0,xmGwLlME,oZJRchiN,3.0
543,0,KcBICYpI,xmGwLlME,3.0
543,0,XQiQvefE,KcBICYpI,3.0
543,0,eyUKPfnA,XQiQvefE,3.0
543,0,ZgqhsueA,eyUKPfnA,1.0
543,0,YvwuVYMF,ZgqhsueA,1.0
543,0,FZsFzszJ,YvwuVYMF,1.0
543,0,ALhaazBT,FZsFzszJ,1.0
543,0,ZijVddwt,ALhaazBT,1.0
1076,0,euDckIMa,RapSzmXO,836.0
1076,0,lodnRGFY,euDckIMa,836.0
1076,0,lCGwWknx,lodnRGFY,836.0
1076,0,tZcBjHOF,lCGwWknx,836.0
1076,0,VfuMcuJJ,tZcBjHOF,836.0
1076,0,lnzZDlDL,VfuMcuJJ,836.0
929,0,ymMHSssn,wSxpBpYI,17.0
128,0,TCqyxHhF,AszcEtOu,11.0
128,0,TcEVvOUM,TCqyxHhF,11.0
128,0,qGnNRXVR,TcEVvOUM,11.0
128,0,ouPwTbuD,qGnNRXVR,11.0
128,0,MwLdaJul,ouPwTbuD,11.0
128,0,QUMnpJQp,MwLdaJul,11.0
128,0,FyIjwLBj,QUMnpJQp,11.0
128,0,vXPGJwVk,FyIjwLBj,11.0
128,0,qzuHypgA,vXPGJwVk,11.0
128,0,KCMgfriT,qzuHypgA,11.0
128,0,hVMLOzME,KCMgfriT,11.0
128,0,TDvESTZN,hVMLOzME,11.0
128,0,WlkKexEs,TDvESTZN,11.0
128,0,MyzUerZz,WlkKexEs,11.0
128,0,hTBkjNzq,MyzUerZz,11.0
128,0,aCcokpIU,hTBkjNzq,49.0
1262,0,tkDBwPiV,uGNDunGF,2917.0
1262,0,mqlWPdpA,tkDBwPiV,2904.0
1262,0,lOdrwgOe,mqlWPdpA,2904.0
1262,0,BRjWpQtg,lOdrwgOe,158.0
128,0,CrcsXCbZ,BRjWpQtg,3.0
128,0,fcKeEgEf,CrcsXCbZ,3.0
128,0,AszcEtOu,fcKeEgEf,3.0
1226,0,NmRushck,xMwzCIXQ,10905.0
922,0,URvEqJxF,FQOgjaka,2017.0
922,0,JalqBTeK,URvEqJxF,2017.0
922,0,UAwQbGIv,JalqBTeK,2017.0
922,0,HyvnzuHA,UAwQbGIv,2017.0
926,0,JmVfbKXA,eebyhqqT,30.0
926,0,noGdINij,JmVfbKXA,34.0
926,0,UXYZCAgB,noGdINij,34.0
926,0,jjHnlXVx,UXYZCAgB,34.0
926,0,zmlEwfKx,jjHnlXVx,33.0
926,0,BvLvsPYo,zmlEwfKx,33.0
926,0,NcoKemSg,BvLvsPYo,33.0
926,0,HfcobGNa,NcoKemSg,33.0
926,0,SJvhYGxR,HfcobGNa,31.0
926,0,HyvnzuHA,SJvhYGxR,29.0
916,0,FgmIokcD,VNhVtVFP,19.0
916,0,gcIdZvqz,FgmIokcD,24.0
916,0,PRSWWHtT,gcIdZvqz,24.0
916,0,cTiyrkFA,PRSWWHtT,24.0
916,0,CyecXZGv,cTiyrkFA,37.0
947,0,UhRSkRXw,cRNMfSEx,61.0
140,0,rhOosuOh,pNPkNoga,56.0
140,0,VKJFREzF,rhOosuOh,56.0
140,0,EvOnizWo,VKJFREzF,75.0
140,0,PjaElYBL,EvOnizWo,75.0
140,0,YvwuVYMF,PjaElYBL,75.0
140,0,vDFCntfg,YvwuVYMF,18.0
140,0,iEKDTvNf,vDFCntfg,18.0
140,0,MyGqmywG,iEKDTvNf,18.0
140,0,NxbXiMUL,MyGqmywG,18.0
140,0,XLVjRryq,NxbXiMUL,15.0
140,0,RVEyrwjR,XLVjRryq,15.0
140,0,gzTQJVMW,RVEyrwjR,15.0
140,0,FZsFzszJ,gzTQJVMW,10.0
140,0,KgwKZlse,FZsFzszJ,10.0
140,0,AoRkaUmb,KgwKZlse,10.0
140,0,ALhaazBT,AoRkaUmb,10.0
140,0,YqlTLIQa,ALhaazBT,9.0
140,0,AUmOMGnp,YqlTLIQa,9.0
140,0,XFPAZveS,AUmOMGnp,9.0
140,0,ojqTFFWy,XFPAZveS,5.0
1681,0,UuoajKVN,fdwfslrS,131.0
1681,0,tmPrLnhA,UuoajKVN,131.0
1681,0,KHybvzQw,tmPrLnhA,131.0
1681,0,WywmvGMH,KHybvzQw,128.0
1681,0,AesbwnPs,WywmvGMH,128.0
1681,0,hzAARBgX,AesbwnPs,128.0
1681,0,IjDfGHsr,hzAARBgX,128.0
1681,0,TFRpjaAo,IjDfGHsr,128.0
1681,0,JhdinCeD,TFRpjaAo,120.0
1681,0,ZIieNEvD,JhdinCeD,120.0
1681,0,jvLymITs,ZIieNEvD,120.0
1681,0,jJVVpGMf,jvLymITs,1.0
1681,0,tcYerYbk,jJVVpGMf,1.0
1681,0,pPKqPUVW,tcYerYbk,1.0
1681,0,iYTiOTOT,pPKqPUVW,1.0
1681,0,dLtneiKf,iYTiOTOT,1.0
1681,0,slfxTuih,dLtneiKf,1.0
1681,0,XFPAZveS,slfxTuih,1.0
1681,0,ojqTFFWy,XFPAZveS,1.0
903,0,eCAYEbtu,moYdstNu,93.0
903,0,ZXZRiXZk,eCAYEbtu,87.0
903,0,lHJswKjJ,ZXZRiXZk,101.0
903,0,mOIvxNWl,lHJswKjJ,101.0
903,0,knEDXVsi,mOIvxNWl,101.0
903,0,fwLjTwPH,knEDXVsi,101.0
903,0,pNPkNoga,fwLjTwPH,101.0
903,0,rhOosuOh,pNPkNoga,91.0
903,0,VKJFREzF,rhOosuOh,91.0
903,0,EvOnizWo,VKJFREzF,91.0
903,0,PjaElYBL,EvOnizWo,91.0
903,0,YvwuVYMF,PjaElYBL,91.0
619,0,OsBkWRQx,TsaeiIGv,9.0
619,0,udlIzhJE,OsBkWRQx,88.0
619,0,DeduXMzE,udlIzhJE,88.0
619,0,GXHjZCTL,DeduXMzE,88.0
619,0,yolIeCeg,GXHjZCTL,88.0
619,0,ozAxYCwR,yolIeCeg,88.0
619,0,qdrjbHYS,ozAxYCwR,88.0
619,0,AKdDiXyV,qdrjbHYS,261.0
619,0,gRuqifBH,AKdDiXyV,261.0
619,0,kZdBhxvo,gRuqifBH,261.0
619,0,ZBkAAevT,kZdBhxvo,261.0
619,0,cMinRgYB,ZBkAAevT,261.0
619,0,LRmPOeoe,cMinRgYB,261.0
619,0,tBNXSyMW,LRmPOeoe,261.0
619,0,ArHpJhVJ,tBNXSyMW,261.0
619,0,tWpVdCtj,ArHpJhVJ,261.0
619,0,EdJUuxct,tWpVdCtj,261.0
619,0,gmiMCrrb,EdJUuxct,261.0
400,0,PrbXVSIs,MEUYJwAC,3811.0
400,0,BaMKWhPW,PrbXVSIs,3589.0
400,0,UrOuumcZ,BaMKWhPW,3589.0
400,0,ykQYJtnJ,UrOuumcZ,3601.0
400,0,riNnsYaQ,ykQYJtnJ,3601.0
400,0,nfCzcTzh,riNnsYaQ,7193.0
930,0,ygaPVVOX,NjRgIRup,8.0
930,0,SgmzKmGa,ygaPVVOX,8.0
930,0,oaiHprKy,SgmzKmGa,8.0
930,0,EKGAgXOm,oaiHprKy,8.0
930,0,RqCzrtQl,EKGAgXOm,8.0
930,0,CfDISmMN,RqCzrtQl,8.0
930,0,CtzBEXfZ,CfDISmMN,8.0
930,0,RpAFtJSl,CtzBEXfZ,8.0
930,0,PcvuCqyL,RpAFtJSl,8.0
930,0,QOMpmplr,PcvuCqyL,11.0
930,0,HNejbQWJ,QOMpmplr,11.0
930,0,dQfoCLXo,HNejbQWJ,11.0
930,0,NJLhSMnp,dQfoCLXo,11.0
930,0,vitXJVTB,NJLhSMnp,11.0
930,0,DPEjcwqA,vitXJVTB,11.0
930,0,AKFNXFCk,DPEjcwqA,11.0
930,0,HIkBoDID,AKFNXFCk,11.0
930,0,uKNLSXwU,HIkBoDID,29.0
930,0,QpjbbNqd,uKNLSXwU,29.0
930,0,qHHrAclK,QpjbbNqd,29.0
930,0,Jrutayet,qHHrAclK,29.0
930,0,UosQUisT,Jrutayet,30.0
930,0,FQOgjaka,UosQUisT,30.0
930,0,URvEqJxF,FQOgjaka,31.0
930,0,JalqBTeK,URvEqJxF,31.0
930,0,UAwQbGIv,JalqBTeK,31.0
930,0,HyvnzuHA,UAwQbGIv,31.0
930,0,BOfkKWXd,HyvnzuHA,66.0
930,0,ftNxmWZm,BOfkKWXd,77.0
930,0,yFvgNkDl,ftNxmWZm,77.0
930,0,lDGKQeaf,yFvgNkDl,77.0
930,0,wSxpBpYI,lDGKQeaf,49.0
911,0,ygaPVVOX,NjRgIRup,687.0
911,0,SgmzKmGa,ygaPVVOX,687.0
911,0,oaiHprKy,SgmzKmGa,694.0
911,0,EKGAgXOm,oaiHprKy,694.0
911,0,RqCzrtQl,EKGAgXOm,694.0
911,0,CfDISmMN,RqCzrtQl,694.0
911,0,CtzBEXfZ,CfDISmMN,723.0
911,0,RpAFtJSl,CtzBEXfZ,736.0
911,0,PcvuCqyL,RpAFtJSl,736.0
911,0,QOMpmplr,PcvuCqyL,736.0
911,0,HNejbQWJ,QOMpmplr,751.0
911,0,dQfoCLXo,HNejbQWJ,751.0
911,0,NJLhSMnp,dQfoCLXo,751.0
911,0,vitXJVTB,NJLhSMnp,783.0
911,0,DPEjcwqA,vitXJVTB,783.0
911,0,AKFNXFCk,DPEjcwqA,783.0
911,0,HIkBoDID,AKFNXFCk,785.0
911,0,FBcFacnd,HIkBoDID,787.0
911,0,URVlPKPB,FBcFacnd,787.0
911,0,vpSWiOiP,URVlPKPB,916.0
911,0,BvsSDYgP,vpSWiOiP,920.0
911,0,aCcokpIU,hTBkjNzq,467.0
911,0,IWuAfYeM,aCcokpIU,467.0
911,0,AKEMZMhk,IWuAfYeM,467.0
911,0,oXDhDxhT,AKEMZMhk,467.0
911,0,twlwLPZj,oXDhDxhT,470.0
911,0,NjRgIRup,twlwLPZj,470.0
911,0,MyzUerZz,WlkKexEs,24.0
911,0,hTBkjNzq,MyzUerZz,350.0
911,0,KVgMjZao,BvsSDYgP,919.0
911,0,rvGAYltM,KVgMjZao,919.0
911,0,kUJgeRIS,rvGAYltM,873.0
911,0,pfeYSjby,kUJgeRIS,655.0
457,0,iwdDmytU,vUKUaFbz,1.0
457,0,LYepRrQv,iwdDmytU,1.0
457,0,YuDiQHGe,LYepRrQv,1.0
457,0,EmkugZPX,YuDiQHGe,1.0
1141,0,UfJDroVz,lsFGVtlq,1192.0
1141,0,biJBLznK,UfJDroVz,1192.0
1141,0,TcsyXYNn,biJBLznK,1189.0
1141,0,qKeCDDXI,TcsyXYNn,1189.0
1141,0,YmkUpvHU,qKeCDDXI,1835.0
1141,0,GbYxEXTt,YmkUpvHU,946.0
1141,0,DOGyniWl,GbYxEXTt,450.0
1452,0,orpkgmYq,EPWXwPSq,7467.0
1452,0,RXuaQdiQ,orpkgmYq,7617.0
1452,0,mhTYFecR,RXuaQdiQ,8321.0
1099,0,uaUalZjh,HXvpcqcH,579.0
1099,0,tZxKeFkh,uaUalZjh,579.0
1099,0,yOopALph,tZxKeFkh,410.0
1099,0,TBShKgjD,yOopALph,215.0
1099,0,aXWsLpyQ,TBShKgjD,215.0
1099,0,MwUoGUHv,aXWsLpyQ,209.0
1099,0,lndqhzzh,MwUoGUHv,209.0
1099,0,jOvjucEC,lndqhzzh,209.0
1099,0,HbaaqMIK,jOvjucEC,209.0
1099,0,SvkqEtGw,HbaaqMIK,204.0
1099,0,DKTMYVhM,SvkqEtGw,204.0
1099,0,fXFJjsZH,DKTMYVhM,176.0
1099,0,zKpOsJgw,fXFJjsZH,176.0
1099,0,ZFSCrBEp,zKpOsJgw,176.0
1099,0,PQuXHWcA,ZFSCrBEp,173.0
1099,0,XkkxwlXm,PQuXHWcA,173.0
1099,0,tcHYhVZo,XkkxwlXm,157.0
1099,0,OUTzwMHI,tcHYhVZo,153.0
1099,0,rGYrQqGa,OUTzwMHI,140.0
1099,0,QCBPrBCl,rGYrQqGa,140.0
1099,0,wDEypHfE,QCBPrBCl,130.0
1099,0,yTNmoAGc,wDEypHfE,130.0
1099,0,meZHMfSd,yTNmoAGc,118.0
1099,0,wGTdgRcU,meZHMfSd,118.0
1099,0,cQHgTjKq,wGTdgRcU,110.0
1099,0,ruogAkOJ,cQHgTjKq,110.0
1099,0,tndfGrTh,ruogAkOJ,110.0
1099,0,OdzEGWPG,tndfGrTh,110.0
1099,0,WUWIxCFc,OdzEGWPG,96.0
1099,0,gyQqEnFq,WUWIxCFc,96.0
1099,0,KfdekYuk,lBxutteT,503.0
1099,0,qErQsNEG,KfdekYuk,503.0
1099,0,avVajdeO,qErQsNEG,503.0
1099,0,HXvpcqcH,avVajdeO,503.0
1099,0,DUFShJgp,nsdRxeeS,424.0
1099,0,JgwwvaMP,DUFShJgp,424.0
1099,0,lBxutteT,JgwwvaMP,424.0
1099,0,RnuEqbUH,XnIbYwkm,187.0
1099,0,iiHDFBMi,RnuEqbUH,232.0
1099,0,oERWQcSy,iiHDFBMi,232.0
1099,0,nsdRxeeS,oERWQcSy,232.0
1331,0,GtMUYUwJ,MoCDatJm,1028.0
1331,0,lQIpGOTn,GtMUYUwJ,990.0
1331,0,uhUmvvRs,lQIpGOTn,990.0
1331,0,plWWPiMc,uhUmvvRs,911.0
1331,0,HcPkwFHM,plWWPiMc,869.0
1331,0,KjuJaNsu,HcPkwFHM,869.0
1331,0,oNyGHMvy,KjuJaNsu,869.0
1331,0,QdnKSSsO,oNyGHMvy,857.0
1331,0,vSdfqYeK,QdnKSSsO,824.0
1331,0,wDpyEsxh,vSdfqYeK,767.0
1331,0,jIerKxIb,wDpyEsxh,767.0
1331,0,IubGYoNi,jIerKxIb,497.0
1331,0,fmQEzQWV,IubGYoNi,497.0
1331,0,BpAiVnps,fmQEzQWV,470.0
1174,0,QEnOoljA,ARQSeSoV,1754.0
1174,0,louTHuTF,jpQxXiev,890.0
1174,0,oVtKGSMs,louTHuTF,890.0
1174,0,kekwMubZ,oVtKGSMs,893.0
1174,0,xFzHIeRy,kekwMubZ,893.0
1174,0,qnfbEQfU,xFzHIeRy,858.0
1174,0,BGiGDHMe,qnfbEQfU,858.0
1174,0,VycUzKpr,BGiGDHMe,858.0
1174,0,ZzGQqLDR,VycUzKpr,866.0
1174,0,IlgMmocA,ZzGQqLDR,866.0
1174,0,ARQSeSoV,IlgMmocA,866.0
157,0,qGKRSiRy,zLLRyPMt,62.0
157,0,PayqNnwn,qGKRSiRy,62.0
157,0,xFzHIeRy,PayqNnwn,57.0
157,0,qnfbEQfU,xFzHIeRy,57.0
157,0,BGiGDHMe,qnfbEQfU,57.0
157,0,VycUzKpr,BGiGDHMe,57.0
157,0,ZzGQqLDR,VycUzKpr,57.0
157,0,IlgMmocA,ZzGQqLDR,57.0
157,0,ARQSeSoV,IlgMmocA,57.0
157,0,QEnOoljA,ARQSeSoV,45.0
1171,0,qGKRSiRy,nPcSKLPs,196.0
1171,0,PayqNnwn,qGKRSiRy,194.0
1171,0,xFzHIeRy,PayqNnwn,184.0
1171,0,qnfbEQfU,xFzHIeRy,184.0
1171,0,BGiGDHMe,qnfbEQfU,184.0
1171,0,VycUzKpr,BGiGDHMe,184.0
1171,0,ZzGQqLDR,VycUzKpr,183.0
1171,0,IlgMmocA,ZzGQqLDR,183.0
1171,0,ARQSeSoV,IlgMmocA,183.0
1171,0,QEnOoljA,ARQSeSoV,143.0
1171,0,BdHFoOCD,LXkzXiZv,89.0
1171,0,IWPekdjH,BdHFoOCD,116.0
1171,0,nPcSKLPs,IWPekdjH,116.0
1076,0,YjKQPWoa,tUQXHMzJ,400.0
1076,0,KAhfQHTl,YjKQPWoa,400.0
1076,0,tUQXHMzJ,VPnRvCbn,393.0
541,0,xmGwLlME,oZJRchiN,113.0
541,0,KcBICYpI,xmGwLlME,113.0
541,0,XQiQvefE,KcBICYpI,113.0
541,0,eyUKPfnA,XQiQvefE,113.0
736,0,TabXWeiJ,eyUKPfnA,3155.0
736,0,tDhKnafe,TabXWeiJ,3155.0
736,0,iGMYbQYg,tDhKnafe,3128.0
736,0,HeSMGtlu,iGMYbQYg,3128.0
736,0,ZgqhsueA,HeSMGtlu,3128.0
736,0,GYxWnXpv,ZgqhsueA,4455.0
736,0,mkpQpPSv,GYxWnXpv,4455.0
736,0,EIHKZlEa,mkpQpPSv,4455.0
736,0,oYdkYEMp,EIHKZlEa,4455.0
736,0,TkHOmLHQ,oYdkYEMp,4455.0
736,0,SwTowoaO,TkHOmLHQ,4455.0
736,0,YvwuVYMF,SwTowoaO,4791.0
952,0,EEOGpCEL,gzTQJVMW,1871.0
952,0,OdbRrJhV,EEOGpCEL,1966.0
952,0,NSvMYbfW,OdbRrJhV,1966.0
952,0,qmRscxuH,NSvMYbfW,1966.0
952,0,zrVEttwl,qmRscxuH,852.0
952,0,KhQckqci,zrVEttwl,852.0
952,0,NkYJOxxA,KhQckqci,852.0
952,0,Phtvjmoj,NkYJOxxA,852.0
952,0,iRgZVaoH,Phtvjmoj,731.0
952,0,KbKyxild,iRgZVaoH,731.0
400,0,WQOJAyxG,KlSqKJQr,2887.0
400,0,ZcOxufIN,WQOJAyxG,2887.0
400,0,TqATzVvV,ZcOxufIN,2827.0
400,0,OTWTQCls,TqATzVvV,2767.0
400,0,MEUYJwAC,OTWTQCls,2979.0
1076,0,ZYiWVpjK,nfCzcTzh,1644.0
1076,0,qTvRhwtK,ZYiWVpjK,1614.0
1076,0,XQBvMmKm,qTvRhwtK,1614.0
1076,0,hPGLMLbU,XQBvMmKm,1094.0
1076,0,rYcBAOGh,Hjpeultj,985.0
1076,0,QHfelpAR,rYcBAOGh,963.0
1076,0,RapSzmXO,QHfelpAR,963.0
1076,0,AlpXiRiW,lnzZDlDL,742.0
1076,0,TEpDjcLc,AlpXiRiW,447.0
1076,0,PORiPCGC,TEpDjcLc,447.0
1076,0,VPnRvCbn,PORiPCGC,447.0
463,0,qflzswAf,WIZPpGvl,7940.0
1029,0,tBPmVbcK,qflzswAf,8597.0
1076,0,WyfCQhSW,ogOCBKAf,739.0
1076,0,erxKyHjj,WyfCQhSW,771.0
1076,0,KjiBWoqR,erxKyHjj,771.0
1076,0,bYNwHuWo,KjiBWoqR,771.0
1076,0,MFfExqBx,bYNwHuWo,863.0
1076,0,qWvzRbGV,MFfExqBx,863.0
1076,0,PRzaSxQc,qWvzRbGV,863.0
1076,0,bfKiOFsS,PRzaSxQc,863.0
1076,0,eGbCulMV,bfKiOFsS,863.0
1076,0,CRVKBFrv,eGbCulMV,863.0
1076,0,zjOknQHK,CRVKBFrv,933.0
1076,0,FrKNovDQ,zjOknQHK,933.0
1076,0,nfCzcTzh,FrKNovDQ,933.0
535,0,uzcbLUNR,GOFbtMrp,453.0
535,0,zezeKItL,uzcbLUNR,453.0
535,0,VpHOqNar,zezeKItL,453.0
535,0,vDTAjOOR,VpHOqNar,453.0
535,0,UDUmRzWP,vDTAjOOR,429.0
535,0,kVWwehGs,UDUmRzWP,429.0
535,0,ixhHdGBo,kVWwehGs,429.0
565,0,LDSuadxM,OhBAPvsb,317.0
764,0,COEDLowM,hPReecFP,23.0
764,0,Auhwfubg,COEDLowM,23.0
764,0,MbBQjXCf,Auhwfubg,23.0
856,0,sWtYImJU,oKUAvFAb,193.0
856,0,momDhuqe,sWtYImJU,193.0
1075,0,sWtYImJU,oKUAvFAb,353.0
1075,0,momDhuqe,sWtYImJU,353.0
1119,0,FHCcBeVW,KvSvcvIL,149.0
1119,0,foRSymXv,FHCcBeVW,149.0
922,0,FHCcBeVW,KvSvcvIL,729.0
922,0,foRSymXv,FHCcBeVW,729.0
1119,0,IKnBBuIf,foRSymXv,116.0
922,0,IKnBBuIf,foRSymXv,715.0
856,0,zPQeyVVD,momDhuqe,181.0
1075,0,zPQeyVVD,momDhuqe,361.0
1178,0,LLWkkTwA,VFLsoIHD,6277.0
1178,0,ZTMEdEeK,LLWkkTwA,6245.0
1178,0,ogOCBKAf,ZTMEdEeK,6563.0
925,0,DJxHBCmY,HyvnzuHA,7.0
925,0,UUpfieFN,DJxHBCmY,8.0
925,0,XHBoVocK,UUpfieFN,8.0
925,0,TWTKfAgl,XHBoVocK,8.0
925,0,BhcHYWlb,TWTKfAgl,8.0
925,0,xKeFZTyD,BhcHYWlb,8.0
1083,0,honleovC,JGCJnIWw,1688.0
1367,0,vfIotKLC,ZJoycWOZ,61.0
1367,0,tSXpsDyV,vfIotKLC,61.0
1367,0,IbLBdCXD,tSXpsDyV,61.0
1367,0,JGCJnIWw,IbLBdCXD,61.0
1367,0,honleovC,JGCJnIWw,52.0
1367,0,pqZYMbGr,honleovC,42.0
1367,0,jobllKUJ,pqZYMbGr,41.0
1367,0,cKlxsEIa,jobllKUJ,41.0
1367,0,POeaLshN,cKlxsEIa,41.0
1367,0,nvtqczOj,POeaLshN,41.0
1367,0,FdzHSswJ,nvtqczOj,26.0
1367,0,rfVXpFlV,FdzHSswJ,26.0
1367,0,zrVEttwl,rfVXpFlV,21.0
1367,0,KhQckqci,zrVEttwl,21.0
1367,0,NkYJOxxA,KhQckqci,21.0
1367,0,Phtvjmoj,NkYJOxxA,21.0
1367,0,iRgZVaoH,Phtvjmoj,20.0
1367,0,KbKyxild,iRgZVaoH,20.0
1367,0,WzJZybAt,KbKyxild,20.0
1367,0,wBZvskGC,WzJZybAt,20.0
1367,0,pHbSfQWg,wBZvskGC,20.0
1367,0,hlYcHDiv,pHbSfQWg,20.0
1367,0,ZUUFaTkv,hlYcHDiv,20.0
1367,0,jgCiOeaN,ZUUFaTkv,20.0
1367,0,TikfrWrm,jgCiOeaN,20.0
1367,0,RabBrvbh,TikfrWrm,20.0
1367,0,yAsGVYQM,RabBrvbh,20.0
1367,0,XFPAZveS,yAsGVYQM,2.0
1367,0,ojqTFFWy,XFPAZveS,2.0
1085,0,zMSEqitx,EllpaOUu,1438.0
1085,0,AnlrdaBb,zMSEqitx,1438.0
1085,0,yQmtaWgt,AnlrdaBb,1430.0
331,0,hqxwmRzJ,MjoEniNM,1081.0
331,0,DKWSfiEo,hqxwmRzJ,468.0
331,0,hCpAddaw,DKWSfiEo,170.0
331,0,cThdGxLv,hCpAddaw,170.0
331,0,dAxtDTje,cThdGxLv,170.0
331,0,aunBMooM,dAxtDTje,170.0
331,0,kiTgZeoH,aunBMooM,170.0
331,0,eLmJkuZC,kiTgZeoH,170.0
331,0,UgzfanVk,eLmJkuZC,170.0
1083,0,krjqWYyL,zBmTBInm,1664.0
1083,0,tSXpsDyV,krjqWYyL,1664.0
1083,0,IbLBdCXD,tSXpsDyV,1664.0
1083,0,JGCJnIWw,IbLBdCXD,1664.0
1040,0,LHNTbQin,TUZfegir,721.0
1040,0,EBDfudXo,LHNTbQin,721.0
1040,0,oVvGCedi,EBDfudXo,758.0
1040,0,zAhquueS,oVvGCedi,758.0
1040,0,SRJkWTfK,zAhquueS,775.0
1040,0,krjqWYyL,SRJkWTfK,438.0
1040,0,tSXpsDyV,krjqWYyL,438.0
1040,0,IbLBdCXD,tSXpsDyV,438.0
1040,0,JGCJnIWw,IbLBdCXD,438.0
1040,0,honleovC,JGCJnIWw,403.0
1040,0,pqZYMbGr,honleovC,403.0
1040,0,jobllKUJ,pqZYMbGr,379.0
1040,0,cKlxsEIa,jobllKUJ,379.0
1040,0,POeaLshN,cKlxsEIa,379.0
1040,0,nvtqczOj,POeaLshN,379.0
1040,0,FdzHSswJ,nvtqczOj,327.0
1040,0,qmRscxuH,FdzHSswJ,325.0
1040,0,zrVEttwl,qmRscxuH,310.0
1040,0,KhQckqci,zrVEttwl,310.0
1040,0,NkYJOxxA,KhQckqci,310.0
1040,0,Phtvjmoj,NkYJOxxA,310.0
1040,0,iRgZVaoH,Phtvjmoj,304.0
1040,0,KbKyxild,iRgZVaoH,304.0
1040,0,WzJZybAt,KbKyxild,302.0
1040,0,wBZvskGC,WzJZybAt,281.0
1040,0,pHbSfQWg,wBZvskGC,268.0
1040,0,hlYcHDiv,pHbSfQWg,268.0
1040,0,ZUUFaTkv,hlYcHDiv,268.0
1040,0,jgCiOeaN,ZUUFaTkv,268.0
1040,0,TikfrWrm,jgCiOeaN,268.0
1040,0,RabBrvbh,TikfrWrm,268.0
1040,0,yAsGVYQM,RabBrvbh,268.0
1040,0,XFPAZveS,yAsGVYQM,195.0
1040,0,ejMjPdTH,XFPAZveS,195.0
1040,0,XeNLTPEj,MvGjEBBL,636.0
1040,0,PzIXuqgO,XeNLTPEj,636.0
1040,0,ZsxHmovG,PzIXuqgO,636.0
1040,0,KjUtPMMe,ZsxHmovG,644.0
1040,0,JGmgdpWx,KjUtPMMe,644.0
1040,0,WsxoHomq,JGmgdpWx,644.0
1040,0,VgroZBKv,WsxoHomq,649.0
1040,0,TUZfegir,VgroZBKv,649.0
1119,0,VQfPRvUw,qGgPbtbT,30.0
1119,0,VCGhveHG,VQfPRvUw,30.0
1119,0,WQdyWhSR,VCGhveHG,30.0
1119,0,vCGIyJLJ,WQdyWhSR,30.0
1119,0,qNguppPl,IKnBBuIf,112.0
1119,0,ypDcaLvL,qNguppPl,112.0
1119,0,gLfGMIXr,ypDcaLvL,112.0
1119,0,CPLwMSlA,gLfGMIXr,112.0
1119,0,cefvQkVf,CPLwMSlA,112.0
922,0,qNguppPl,IKnBBuIf,599.0
922,0,ypDcaLvL,qNguppPl,599.0
922,0,gLfGMIXr,ypDcaLvL,599.0
922,0,CPLwMSlA,gLfGMIXr,599.0
922,0,cefvQkVf,CPLwMSlA,599.0
120,0,vhEQWrWH,vpSWiOiP,1.0
1119,0,TJeJnSDd,cefvQkVf,93.0
1119,0,bbaQRYSI,JvVxAKet,16.0
1119,0,lDHqxCQW,bbaQRYSI,16.0
1119,0,qGgPbtbT,lDHqxCQW,16.0
922,0,TJeJnSDd,cefvQkVf,559.0
765,0,KVgMjZao,BvsSDYgP,90.0
765,0,rvGAYltM,KVgMjZao,90.0
765,0,kUJgeRIS,rvGAYltM,90.0
765,0,JzyLKajw,kUJgeRIS,105.0
765,0,ygaPVVOX,NjRgIRup,69.0
765,0,SgmzKmGa,ygaPVVOX,69.0
765,0,oaiHprKy,SgmzKmGa,69.0
765,0,EKGAgXOm,oaiHprKy,69.0
765,0,RqCzrtQl,EKGAgXOm,69.0
765,0,CfDISmMN,RqCzrtQl,69.0
765,0,CtzBEXfZ,CfDISmMN,69.0
765,0,RpAFtJSl,CtzBEXfZ,69.0
765,0,PcvuCqyL,RpAFtJSl,69.0
765,0,QOMpmplr,PcvuCqyL,69.0
765,0,HNejbQWJ,QOMpmplr,69.0
765,0,dQfoCLXo,HNejbQWJ,69.0
765,0,NJLhSMnp,dQfoCLXo,69.0
765,0,vitXJVTB,NJLhSMnp,77.0
765,0,DPEjcwqA,vitXJVTB,77.0
765,0,AKFNXFCk,DPEjcwqA,77.0
765,0,HIkBoDID,AKFNXFCk,78.0
765,0,FBcFacnd,HIkBoDID,78.0
765,0,URVlPKPB,FBcFacnd,78.0
765,0,vpSWiOiP,URVlPKPB,89.0
765,0,BvsSDYgP,vpSWiOiP,89.0
925,0,ygaPVVOX,NjRgIRup,2.0
925,0,SgmzKmGa,ygaPVVOX,2.0
925,0,oaiHprKy,SgmzKmGa,2.0
925,0,EKGAgXOm,oaiHprKy,2.0
925,0,RqCzrtQl,EKGAgXOm,2.0
925,0,CfDISmMN,RqCzrtQl,2.0
925,0,CtzBEXfZ,CfDISmMN,2.0
925,0,RpAFtJSl,CtzBEXfZ,2.0
925,0,PcvuCqyL,RpAFtJSl,2.0
925,0,QOMpmplr,PcvuCqyL,2.0
925,0,HNejbQWJ,QOMpmplr,2.0
925,0,dQfoCLXo,HNejbQWJ,2.0
925,0,NJLhSMnp,dQfoCLXo,2.0
925,0,vitXJVTB,NJLhSMnp,2.0
925,0,DPEjcwqA,vitXJVTB,2.0
925,0,AKFNXFCk,DPEjcwqA,2.0
925,0,HIkBoDID,AKFNXFCk,2.0
925,0,uKNLSXwU,HIkBoDID,2.0
925,0,QpjbbNqd,uKNLSXwU,2.0
925,0,qHHrAclK,QpjbbNqd,2.0
925,0,Jrutayet,qHHrAclK,2.0
925,0,UosQUisT,Jrutayet,3.0
925,0,FQOgjaka,UosQUisT,3.0
925,0,URvEqJxF,FQOgjaka,3.0
925,0,JalqBTeK,URvEqJxF,3.0
925,0,UAwQbGIv,JalqBTeK,3.0
925,0,HyvnzuHA,UAwQbGIv,3.0
925,0,ExMxhtei,xKeFZTyD,7.0
925,0,FDJgmOaw,ExMxhtei,7.0
925,0,xzbcUqWQ,FDJgmOaw,6.0
911,0,kaZSJtsS,pfeYSjby,395.0
911,0,DBpmioGn,kaZSJtsS,395.0
911,0,KKHFrKGl,DBpmioGn,395.0
916,0,gcglUzpd,KzAuSOOh,6.0
916,0,VNhVtVFP,gcglUzpd,6.0
932,0,xAcbGwmk,woHRqfeu,54.0
932,0,PpqbXLrX,xAcbGwmk,54.0
932,0,dikxlocD,PpqbXLrX,952.0
932,0,FZfLSowG,dikxlocD,952.0
932,0,nGUGLxPd,FZfLSowG,1127.0
932,0,hZwGajtf,nGUGLxPd,1589.0
932,0,zuhYkREh,hZwGajtf,1589.0
932,0,XFpFKXXh,zuhYkREh,1589.0
932,0,LOVJkcJs,XFpFKXXh,1881.0
932,0,BWOvyAui,LOVJkcJs,1881.0
932,0,jWegLIVv,BWOvyAui,1881.0
932,0,fNriHNfS,jWegLIVv,1880.0
932,0,lzHXrFnu,fNriHNfS,1531.0
932,0,DMAMxgNC,lzHXrFnu,1525.0
914,0,QOMpmplr,PcvuCqyL,287.0
914,0,HNejbQWJ,QOMpmplr,287.0
914,0,dQfoCLXo,HNejbQWJ,288.0
914,0,NJLhSMnp,dQfoCLXo,288.0
914,0,vitXJVTB,NJLhSMnp,289.0
914,0,DPEjcwqA,vitXJVTB,289.0
914,0,AKFNXFCk,DPEjcwqA,289.0
914,0,HIkBoDID,AKFNXFCk,289.0
914,0,FBcFacnd,HIkBoDID,390.0
914,0,URVlPKPB,FBcFacnd,390.0
914,0,vpSWiOiP,URVlPKPB,414.0
914,0,BvsSDYgP,vpSWiOiP,414.0
914,0,KVgMjZao,BvsSDYgP,414.0
914,0,rvGAYltM,KVgMjZao,414.0
914,0,kUJgeRIS,rvGAYltM,414.0
914,0,pfeYSjby,kUJgeRIS,418.0
914,0,kaZSJtsS,pfeYSjby,418.0
914,0,DBpmioGn,kaZSJtsS,418.0
914,0,KKHFrKGl,DBpmioGn,418.0
914,0,YfFNBzii,KKHFrKGl,439.0
914,0,SAoMIbAp,YfFNBzii,439.0
914,0,hTBkjNzq,MyzUerZz,12.0
914,0,aCcokpIU,hTBkjNzq,240.0
914,0,IWuAfYeM,aCcokpIU,240.0
914,0,AKEMZMhk,IWuAfYeM,240.0
914,0,oXDhDxhT,AKEMZMhk,240.0
914,0,twlwLPZj,oXDhDxhT,240.0
914,0,NjRgIRup,twlwLPZj,241.0
914,0,ygaPVVOX,NjRgIRup,286.0
914,0,SgmzKmGa,ygaPVVOX,286.0
914,0,oaiHprKy,SgmzKmGa,286.0
914,0,EKGAgXOm,oaiHprKy,286.0
914,0,RqCzrtQl,EKGAgXOm,286.0
914,0,CfDISmMN,RqCzrtQl,286.0
914,0,CtzBEXfZ,CfDISmMN,286.0
914,0,RpAFtJSl,CtzBEXfZ,286.0
914,0,PcvuCqyL,RpAFtJSl,286.0
914,0,BUhYynpm,SAoMIbAp,353.0
914,0,iBcazcLz,BUhYynpm,353.0
914,0,anlBxctW,iBcazcLz,353.0
914,0,vPtmXBsW,anlBxctW,353.0
914,0,JOrMMBVL,vPtmXBsW,344.0
914,0,vRiXTWTq,JOrMMBVL,344.0
914,0,NUggIFcT,vRiXTWTq,344.0
914,0,ybeqLsHP,NUggIFcT,344.0
914,0,hCunccId,ybeqLsHP,344.0
914,0,bYiZlZfK,hCunccId,344.0
914,0,hGZrWSlb,bYiZlZfK,343.0
914,0,eWFmnMeJ,hGZrWSlb,337.0
914,0,APAIrxcy,eWFmnMeJ,326.0
914,0,kJHtAChU,APAIrxcy,326.0
914,0,WPLDPMYV,kJHtAChU,326.0
914,0,QJqMQbqf,WPLDPMYV,323.0
914,0,qgftSein,QJqMQbqf,210.0
914,0,umyCwwah,qgftSein,207.0
914,0,umudVILy,umyCwwah,207.0
874,0,RuqLEiFp,ZEXMhMxR,99.0
874,0,NAwFzVQz,RuqLEiFp,31.0
874,0,jEliwrSM,NAwFzVQz,31.0
874,0,XsvFZXJo,jEliwrSM,31.0
874,0,SPorkGXj,XsvFZXJo,30.0
874,0,IJbUVGLH,SPorkGXj,30.0
874,0,ZqOseExI,IJbUVGLH,30.0
874,0,FdBCLyPI,ZqOseExI,29.0
874,0,CrOFTJlw,FdBCLyPI,19.0
874,0,PyGiRErs,CrOFTJlw,15.0
874,0,JbCujTci,PyGiRErs,13.0
1020,0,BDmybVdG,sYDsxIhh,366.0
926,0,TNTzUMyF,HyvnzuHA,2.0
926,0,avRuCqLk,TNTzUMyF,2.0
926,0,wIAALBva,avRuCqLk,2.0
926,0,nxBXRnVc,wIAALBva,2.0
926,0,sXWHYDNZ,nxBXRnVc,2.0
926,0,VKAAZZOV,sXWHYDNZ,2.0
926,0,Vtdujofe,VKAAZZOV,2.0
926,0,edTVGmZc,Vtdujofe,2.0
926,0,iqwCaPZT,edTVGmZc,2.0
926,0,qqDoWQdv,iqwCaPZT,2.0
765,0,iPmhSqDk,JzyLKajw,97.0
765,0,ZVTOmRdq,iPmhSqDk,97.0
765,0,vjFpNILE,ZVTOmRdq,97.0
765,0,QMycpMQA,vjFpNILE,97.0
765,0,goEFDDka,QMycpMQA,97.0
765,0,gzdfrKuT,goEFDDka,97.0
765,0,QpdZiknK,gzdfrKuT,97.0
765,0,tVSOiuPz,QpdZiknK,58.0
1117,0,ygaPVVOX,NjRgIRup,13.0
1117,0,SgmzKmGa,ygaPVVOX,13.0
1117,0,EKGAgXOm,SgmzKmGa,13.0
1117,0,CfDISmMN,EKGAgXOm,13.0
1117,0,PcvuCqyL,CfDISmMN,14.0
1117,0,QOMpmplr,PcvuCqyL,14.0
1117,0,HNejbQWJ,QOMpmplr,14.0
1117,0,lyEtzViy,HNejbQWJ,14.0
1117,0,uVrlMgNx,lyEtzViy,14.0
1117,0,GhOGJPtU,uVrlMgNx,14.0
1117,0,WOuDNhbw,GhOGJPtU,14.0
1117,0,CYkmgDbv,WOuDNhbw,14.0
1117,0,eypuAxqa,CYkmgDbv,14.0
1117,0,DSVnhmbs,eypuAxqa,14.0
1117,0,hCKRONaA,DSVnhmbs,15.0
1117,0,TGKbjQzH,hCKRONaA,15.0
1117,0,RoreEsYU,TGKbjQzH,15.0
1117,0,AlpXiRiW,RoreEsYU,15.0
1117,0,btFKFkYA,AlpXiRiW,36.0
1117,0,jLrhssle,btFKFkYA,36.0
1117,0,FvRFCvLd,jLrhssle,36.0
1117,0,tkjaIDXe,FvRFCvLd,36.0
1117,0,yhVlWvFp,tkjaIDXe,36.0
1117,0,PAhNkZlS,yhVlWvFp,36.0
1117,0,CxiOJZtJ,PAhNkZlS,36.0
856,0,UrJBvWGq,zPQeyVVD,171.0
856,0,thxCXWVL,UrJBvWGq,171.0
856,0,AlpXiRiW,thxCXWVL,171.0
400,0,zZZsLLct,ojqTFFWy,355.0
400,0,nIbIRswk,zZZsLLct,356.0
400,0,YfaruHLV,nIbIRswk,1498.0
400,0,XpaxRhYo,YfaruHLV,1498.0
400,0,qYsYtTjJ,XpaxRhYo,1558.0
400,0,KlSqKJQr,qYsYtTjJ,1679.0
915,0,zHlMZSZh,KKHFrKGl,166.0
915,0,YfFNBzii,zHlMZSZh,166.0
915,0,amcUazui,YfFNBzii,166.0
915,0,XOGHqVzK,amcUazui,166.0
915,0,uPxuFxvo,XOGHqVzK,166.0
915,0,aUXvtKAd,uPxuFxvo,166.0
915,0,ygaPVVOX,NjRgIRup,114.0
915,0,SgmzKmGa,ygaPVVOX,123.0
915,0,oaiHprKy,SgmzKmGa,124.0
915,0,EKGAgXOm,oaiHprKy,124.0
915,0,RqCzrtQl,EKGAgXOm,124.0
915,0,CfDISmMN,RqCzrtQl,124.0
915,0,CtzBEXfZ,CfDISmMN,124.0
915,0,RpAFtJSl,CtzBEXfZ,124.0
915,0,PcvuCqyL,RpAFtJSl,124.0
915,0,QOMpmplr,PcvuCqyL,124.0
915,0,HNejbQWJ,QOMpmplr,126.0
915,0,dQfoCLXo,HNejbQWJ,126.0
915,0,NJLhSMnp,dQfoCLXo,126.0
915,0,vitXJVTB,NJLhSMnp,127.0
915,0,DPEjcwqA,vitXJVTB,127.0
915,0,AKFNXFCk,DPEjcwqA,127.0
915,0,HIkBoDID,AKFNXFCk,127.0
915,0,FBcFacnd,HIkBoDID,138.0
915,0,URVlPKPB,FBcFacnd,138.0
915,0,vpSWiOiP,URVlPKPB,139.0
915,0,BvsSDYgP,vpSWiOiP,139.0
915,0,KVgMjZao,BvsSDYgP,139.0
915,0,rvGAYltM,KVgMjZao,139.0
915,0,pfeYSjby,rvGAYltM,139.0
915,0,kaZSJtsS,pfeYSjby,139.0
915,0,DBpmioGn,kaZSJtsS,139.0
915,0,KKHFrKGl,DBpmioGn,139.0
915,0,bWARUqJw,aUXvtKAd,149.0
915,0,YRAoXeLc,bWARUqJw,157.0
915,0,QBEEvEfk,YRAoXeLc,157.0
915,0,wUNonIvB,QBEEvEfk,157.0
915,0,ADLjcXqa,wUNonIvB,154.0
915,0,TfcuZRGs,ADLjcXqa,154.0
915,0,wCBeePzy,TfcuZRGs,146.0
915,0,xaFIWdbd,wCBeePzy,146.0
915,0,FqqChBVj,xaFIWdbd,146.0
915,0,DdnncojU,FqqChBVj,146.0
915,0,JFAOdLlH,DdnncojU,146.0
915,0,hOuYlHPh,JFAOdLlH,45.0
915,0,LSLEHghp,hOuYlHPh,44.0
915,0,sTCaNKUj,LSLEHghp,44.0
915,0,ZKALZXGO,sTCaNKUj,44.0
915,0,tsbSHhIt,ZKALZXGO,33.0
920,0,Vtdujofe,VKAAZZOV,1.0
920,0,edTVGmZc,Vtdujofe,1.0
920,0,iqwCaPZT,edTVGmZc,1.0
920,0,qqDoWQdv,iqwCaPZT,1.0
915,0,gFnNTJRr,tsbSHhIt,14.0
915,0,rDrqCYRb,gFnNTJRr,14.0
1059,0,QOMpmplr,ItWJsmqN,2.0
1568,0,vxTQjZcJ,UgzfanVk,277.0
765,0,CxOOaXfM,tVSOiuPz,27.0
765,0,OZlUZuJc,CxOOaXfM,27.0
765,0,bPGbdmLB,OZlUZuJc,27.0
765,0,YlKnpIom,bPGbdmLB,23.0
765,0,iyqZxomb,YlKnpIom,23.0
765,0,rAXDXBKw,iyqZxomb,23.0
764,0,rpRStibJ,rAXDXBKw,17.0
764,0,BSXQVxvJ,rpRStibJ,17.0
764,0,hPReecFP,BSXQVxvJ,17.0
34,0,CKldDLYq,EkWBPXmr,6376.0
34,0,tjYcJLRB,CKldDLYq,6410.0
34,0,iYMJvRAf,tjYcJLRB,5914.0
1244,0,ubZrQMid,vfdAIPGv,4015.0
1244,0,gBkmsEyR,ubZrQMid,4015.0
1244,0,hysxdiTF,gBkmsEyR,3250.0
1244,0,iYMJvRAf,hysxdiTF,3250.0
474,0,LPQBwisp,wOZIcmuB,1775.0
474,0,dpOKQcMh,LPQBwisp,1775.0
474,0,jLJTMrwU,dpOKQcMh,1965.0
474,0,LdWodgsw,jLJTMrwU,1965.0
474,0,iWFLhsvE,LdWodgsw,1197.0
474,0,qFzqwYZZ,iWFLhsvE,619.0
212,0,tSUFrefk,ZMeqpjWv,356.0
212,0,FqxCUuHX,tSUFrefk,437.0
212,0,kGGyYXze,FqxCUuHX,623.0
212,0,aiNWVRbc,kGGyYXze,623.0
212,0,djOWqAVW,aiNWVRbc,623.0
212,0,LdWodgsw,djOWqAVW,623.0
212,0,iWFLhsvE,LdWodgsw,364.0
212,0,qFzqwYZZ,iWFLhsvE,213.0
212,0,gaLZwYvS,qFzqwYZZ,212.0
212,0,XypZkLUe,gaLZwYvS,8.0
212,0,drmArhka,XypZkLUe,8.0
426,0,DUgAaGlT,FJDNPLrp,776.0
426,0,ppabfQGz,DUgAaGlT,343.0
426,0,MBTcSIip,ppabfQGz,321.0
426,0,qFzqwYZZ,MBTcSIip,277.0
426,0,gaLZwYvS,qFzqwYZZ,87.0
426,0,XypZkLUe,gaLZwYvS,52.0
426,0,drmArhka,XypZkLUe,52.0
205,0,HefnspWQ,czFfIymd,402.0
205,0,lDeAZniB,HefnspWQ,358.0
205,0,sDgMDbLK,lDeAZniB,358.0
205,0,MUKiuGPJ,sDgMDbLK,358.0
205,0,BIPxiHLi,MUKiuGPJ,358.0
205,0,yrMfCrKd,BIPxiHLi,358.0
205,0,FJDNPLrp,yrMfCrKd,203.0
205,0,YyXnCqJL,FJDNPLrp,202.0
205,0,FXEtzSuC,YyXnCqJL,202.0
205,0,ppabfQGz,FXEtzSuC,202.0
426,0,HYfXIyFk,YmDpkIHQ,960.0
426,0,oQvXmJfL,HYfXIyFk,954.0
426,0,yayPNqiY,oQvXmJfL,778.0
426,0,FJDNPLrp,yayPNqiY,778.0
426,0,faYOimYm,EZnTnoxs,1309.0
426,0,nObXmJzU,faYOimYm,1315.0
426,0,YmDpkIHQ,nObXmJzU,1301.0
426,0,FBwCHGmG,mLBQtksd,2389.0
426,0,ezbmnBKa,FBwCHGmG,2389.0
426,0,aaOdCJPr,ezbmnBKa,1483.0
426,0,EZnTnoxs,aaOdCJPr,1506.0
426,0,gzTQJVMW,RVEyrwjR,423.0
426,0,FZsFzszJ,gzTQJVMW,453.0
426,0,AoRkaUmb,FZsFzszJ,461.0
426,0,ALhaazBT,AoRkaUmb,461.0
426,0,AUmOMGnp,ALhaazBT,496.0
426,0,XFPAZveS,AUmOMGnp,504.0
426,0,eaNsVWDR,XFPAZveS,1007.0
426,0,hpACGGyB,eaNsVWDR,1007.0
426,0,ywuGpANM,hpACGGyB,1089.0
426,0,BZCtSmhk,ywuGpANM,1401.0
426,0,VkcYQwTj,BZCtSmhk,1401.0
426,0,jFRqfnFl,VkcYQwTj,1577.0
426,0,ysSWNERo,jFRqfnFl,1579.0
426,0,lQIpGOTn,ysSWNERo,1616.0
426,0,uhUmvvRs,lQIpGOTn,1616.0
426,0,GgLRqpEG,uhUmvvRs,1616.0
426,0,WFZVQzrl,GgLRqpEG,1616.0
426,0,QDIpIlEK,WFZVQzrl,1688.0
426,0,IESGsZGI,QDIpIlEK,2461.0
426,0,mLBQtksd,IESGsZGI,2461.0
460,0,OPXtWBVk,nPkrzCty,1793.0
460,0,SvGtXrYj,OPXtWBVk,2006.0
460,0,STSGJiIu,SvGtXrYj,1963.0
460,0,buAeVenh,STSGJiIu,1722.0
460,0,ARTSSefO,buAeVenh,1722.0
460,0,nGRNUPgX,ARTSSefO,1771.0
460,0,cPCRxZjy,nGRNUPgX,1673.0
460,0,klenweCZ,cPCRxZjy,2329.0
460,0,wdBsZaVr,klenweCZ,1527.0
460,0,FXEtzSuC,wdBsZaVr,1544.0
460,0,ppabfQGz,FXEtzSuC,1504.0
727,0,WFZVQzrl,bOiSLYGO,330.0
727,0,GiONHkbf,WFZVQzrl,366.0
727,0,QDIpIlEK,GiONHkbf,366.0
727,0,GpnhEWuy,QDIpIlEK,1298.0
727,0,rRGVruPM,GpnhEWuy,1298.0
727,0,mLBQtksd,rRGVruPM,1301.0
460,0,YctaenCe,jcExlqwL,1377.0
460,0,tzYrVhKO,YctaenCe,1377.0
460,0,UgpyjFML,tzYrVhKO,1355.0
460,0,nPkrzCty,UgpyjFML,1693.0
685,0,QncWjmnC,LBOtcvsG,1349.0
685,0,ERcEoUXY,QncWjmnC,1349.0
685,0,qKDzyFqg,ERcEoUXY,1430.0
685,0,uKbbRztG,qKDzyFqg,1404.0
685,0,cEOIeJTR,uKbbRztG,2243.0
574,0,fuApzGaS,KwaxxmSs,320.0
574,0,NQaaFyOm,fuApzGaS,154.0
574,0,oeGMQkdJ,NQaaFyOm,154.0
574,0,vkAUVqtk,oeGMQkdJ,150.0
482,0,duRJdiSr,qdrjbHYS,4141.0
482,0,uBFbbvHN,duRJdiSr,4145.0
482,0,YjUiSglA,uBFbbvHN,4145.0
482,0,xPaGbpFW,YjUiSglA,4145.0
482,0,LJLjKFnn,xPaGbpFW,4145.0
482,0,gzZgDndk,LJLjKFnn,4145.0
482,0,NQaaFyOm,gzZgDndk,2549.0
482,0,oeGMQkdJ,NQaaFyOm,552.0
482,0,vkAUVqtk,oeGMQkdJ,376.0
419,0,QHFmFyLR,EkWBPXmr,7936.0
419,0,neNWquOh,QHFmFyLR,7936.0
419,0,KwaxxmSs,neNWquOh,8020.0
419,0,gzZgDndk,KwaxxmSs,8193.0
419,0,NQaaFyOm,gzZgDndk,10110.0
419,0,iPNesxKP,NQaaFyOm,10009.0
572,0,fOfcyQgJ,iWoOHVbT,2563.0
572,0,YXOKWXAw,fOfcyQgJ,2565.0
572,0,gzZgDndk,YXOKWXAw,2565.0
572,0,NQaaFyOm,gzZgDndk,272.0
572,0,iPNesxKP,NQaaFyOm,298.0
321,0,zavSPsgu,YjHuxjDZ,192.0
321,0,UrQlyWkl,zavSPsgu,191.0
321,0,WqMESkMM,UrQlyWkl,132.0
321,0,TKmnSMXw,WqMESkMM,132.0
321,0,zAVZRYih,TKmnSMXw,132.0
474,0,JgaAcZvO,HrNWphPZ,1133.0
474,0,oFGeBzfg,JgaAcZvO,1133.0
474,0,fUdtRFJM,oFGeBzfg,1133.0
474,0,UrQlyWkl,fUdtRFJM,1132.0
474,0,WqMESkMM,UrQlyWkl,1835.0
474,0,TKmnSMXw,WqMESkMM,1835.0
474,0,zAVZRYih,TKmnSMXw,1835.0
474,0,HrNWphPZ,bWAbaUPC,1946.0
474,0,AszcEtOu,BpAiVnps,607.0
474,0,ufvngNip,AszcEtOu,663.0
474,0,ybjkPLXB,ufvngNip,663.0
474,0,IOcMwGKn,ybjkPLXB,693.0
474,0,hCxxcqWU,IOcMwGKn,842.0
474,0,gUXxyAlR,hCxxcqWU,867.0
474,0,cEOIeJTR,gUXxyAlR,867.0
474,0,bWAbaUPC,cEOIeJTR,1433.0
321,0,XGxJlapP,IdWZOznf,225.0
321,0,YjHuxjDZ,XGxJlapP,225.0
1255,0,lmZJehpq,EmkugZPX,3617.0
1255,0,tDDddUJb,lmZJehpq,3377.0
1255,0,RVGhYAxc,tDDddUJb,1953.0
1340,0,PhjcDdmq,ogOCBKAf,5407.0
1340,0,bHagonKv,PhjcDdmq,5418.0
1340,0,XiLvnZTk,bHagonKv,5428.0
1340,0,FStgRiBS,XiLvnZTk,5443.0
1340,0,GkYZbgqg,FStgRiBS,5443.0
1340,0,wFSILCzc,GkYZbgqg,5443.0
1340,0,yQQuLFAg,wFSILCzc,5625.0
1340,0,rckblBTM,yQQuLFAg,9090.0
1340,0,fGmFhgnx,rckblBTM,8916.0
1340,0,XyHfgUxW,fGmFhgnx,9043.0
1340,0,zjjLSYAp,XyHfgUxW,9136.0
1340,0,nIakFMcq,zjjLSYAp,9090.0
1340,0,yAgyFeHo,nIakFMcq,4909.0
1340,0,QdWOxWia,yAgyFeHo,4265.0
1340,0,gViLrCgA,QdWOxWia,4247.0
1340,0,cCSIoIah,gViLrCgA,3943.0
1340,0,DLdtTvFi,cCSIoIah,3943.0
1340,0,vRWSdFEN,DLdtTvFi,3907.0
1340,0,tDDddUJb,vRWSdFEN,3827.0
1340,0,RVGhYAxc,tDDddUJb,3826.0
34,0,KplKuAnp,iYMJvRAf,4628.0
34,0,pSVDMeCH,KplKuAnp,4628.0
524,0,YjUiSglA,uBFbbvHN,7332.0
524,0,xPaGbpFW,YjUiSglA,7332.0
524,0,LJLjKFnn,xPaGbpFW,7332.0
524,0,fuApzGaS,LJLjKFnn,7332.0
524,0,NQaaFyOm,fuApzGaS,6456.0
524,0,iPNesxKP,NQaaFyOm,2977.0
524,0,wOZIcmuB,iPNesxKP,2540.0
524,0,LPQBwisp,wOZIcmuB,2519.0
524,0,dpOKQcMh,LPQBwisp,2519.0
524,0,jLJTMrwU,dpOKQcMh,2482.0
524,0,LdWodgsw,jLJTMrwU,2482.0
524,0,iWFLhsvE,LdWodgsw,2317.0
524,0,qFzqwYZZ,iWFLhsvE,907.0
524,0,vfDgNrFH,qFzqwYZZ,907.0
524,0,gaLZwYvS,vfDgNrFH,907.0
1244,0,KplKuAnp,iYMJvRAf,4494.0
1244,0,pSVDMeCH,KplKuAnp,4482.0
474,0,iPNesxKP,zAVZRYih,1783.0
474,0,wOZIcmuB,iPNesxKP,1185.0
474,0,gaLZwYvS,qFzqwYZZ,615.0
460,0,MBTcSIip,ppabfQGz,1242.0
460,0,qFzqwYZZ,MBTcSIip,1135.0
460,0,vfDgNrFH,qFzqwYZZ,787.0
460,0,gaLZwYvS,vfDgNrFH,787.0
205,0,MBTcSIip,ppabfQGz,201.0
205,0,gaLZwYvS,MBTcSIip,99.0
205,0,szQKyBKA,eBAbFKqQ,529.0
205,0,czFfIymd,szQKyBKA,529.0
762,0,PXPVuGmP,fQRLOpha,5405.0
762,0,IulxyPoH,PXPVuGmP,5405.0
762,0,llFTEWtD,IulxyPoH,5116.0
762,0,fPhIOSOj,llFTEWtD,5116.0
762,0,PQDqFTyk,fPhIOSOj,5124.0
762,0,OhBAPvsb,PQDqFTyk,4803.0
491,0,YvLYpMPH,POdtxoZm,2920.0
491,0,QnkNgkDL,YvLYpMPH,2920.0
491,0,LPQBwisp,wOZIcmuB,2849.0
491,0,dpOKQcMh,LPQBwisp,2849.0
491,0,jLJTMrwU,dpOKQcMh,2250.0
491,0,LdWodgsw,jLJTMrwU,2250.0
491,0,iWFLhsvE,LdWodgsw,861.0
491,0,qFzqwYZZ,iWFLhsvE,597.0
491,0,gaLZwYvS,qFzqwYZZ,597.0
491,0,qvujbmjR,mKIQRbrs,1310.0
491,0,SqxhBMol,qvujbmjR,1310.0
491,0,vIqdsoZx,SqxhBMol,1366.0
491,0,WPPGaTFA,vIqdsoZx,1274.0
491,0,zavSPsgu,WPPGaTFA,1350.0
491,0,UrQlyWkl,zavSPsgu,1350.0
491,0,POdtxoZm,UrQlyWkl,904.0
491,0,xQpNdvvD,GigUVtty,1375.0
491,0,SQUoXVXU,xQpNdvvD,1421.0
491,0,mKIQRbrs,SQUoXVXU,1610.0
481,0,tglFZOrp,CcTUkfkl,1912.0
481,0,SqxhBMol,tglFZOrp,1912.0
481,0,vIqdsoZx,SqxhBMol,1824.0
481,0,RupFhEwj,vIqdsoZx,1824.0
481,0,WPPGaTFA,RupFhEwj,1290.0
481,0,zavSPsgu,WPPGaTFA,1175.0
481,0,UrQlyWkl,zavSPsgu,1172.0
491,0,bgWfLree,DsuTXcIa,1552.0
491,0,nUYnioIh,bgWfLree,1552.0
491,0,mVhkAqwx,nUYnioIh,1552.0
491,0,GigUVtty,mVhkAqwx,1600.0
633,0,IdWZOznf,CZfJWCoJ,1407.0
633,0,bFducDIy,IdWZOznf,1407.0
633,0,iFgeXSsz,bFducDIy,1407.0
633,0,NBopaFdP,iFgeXSsz,1211.0
633,0,LbKosGpD,NBopaFdP,1211.0
633,0,wOZIcmuB,LbKosGpD,1211.0
633,0,dpOKQcMh,wOZIcmuB,837.0
633,0,jLJTMrwU,dpOKQcMh,696.0
633,0,LdWodgsw,jLJTMrwU,696.0
633,0,iWFLhsvE,LdWodgsw,308.0
633,0,qFzqwYZZ,iWFLhsvE,191.0
633,0,gaLZwYvS,qFzqwYZZ,191.0
633,0,jkmSVBKz,QkCkRebE,2264.0
633,0,jcbMPQjL,jkmSVBKz,2267.0
633,0,xfYjeqNM,jcbMPQjL,1521.0
633,0,CZfJWCoJ,xfYjeqNM,1234.0
481,0,CYSggHNR,IkxLwyxa,1924.0
481,0,VhgapMoa,CYSggHNR,1877.0
481,0,dKbqWpcD,VhgapMoa,1883.0
481,0,zYpZYpOA,dKbqWpcD,1883.0
481,0,eciAPzhn,zYpZYpOA,2304.0
481,0,tOfkaukv,eciAPzhn,2304.0
481,0,exzjGTVf,tOfkaukv,2304.0
481,0,CcTUkfkl,exzjGTVf,2304.0
212,0,RZyHoyLx,JmbBeQIE,233.0
212,0,Gzlmcdek,RZyHoyLx,258.0
212,0,cPCRxZjy,Gzlmcdek,347.0
212,0,qpacHTVx,cPCRxZjy,347.0
212,0,jgXkfKmE,qpacHTVx,347.0
212,0,AFWGXQGm,jgXkfKmE,347.0
212,0,WTiRZunt,AFWGXQGm,347.0
212,0,ZMeqpjWv,WTiRZunt,347.0
205,0,WweXYmbm,JODrgTwh,472.0
205,0,RWixPrCB,WweXYmbm,472.0
205,0,zAwPDfkg,RWixPrCB,494.0
205,0,eBAbFKqQ,zAwPDfkg,494.0
319,0,cHhWsWUg,UlOflIKh,362.0
319,0,nPkrzCty,cHhWsWUg,362.0
633,0,EmkugZPX,XMWgellz,2023.0
633,0,lmZJehpq,EmkugZPX,2088.0
633,0,WPBOglHu,lmZJehpq,2157.0
633,0,ftMGYADA,WPBOglHu,2169.0
633,0,lklhFYFG,ftMGYADA,2169.0
633,0,rDcmNjNB,lklhFYFG,2152.0
633,0,pPReLBCT,rDcmNjNB,2151.0
633,0,AqgjLYqB,pPReLBCT,2239.0
633,0,QkCkRebE,AqgjLYqB,2239.0
460,0,RCkelXPh,eyAJPdep,2016.0
460,0,jcExlqwL,RCkelXPh,2016.0
1506,0,gViLrCgA,LYjhOoFf,6482.0
1506,0,RVGhYAxc,tDDddUJb,11863.0
633,0,QsteKrle,wrsPDGBQ,845.0
633,0,XMWgellz,QsteKrle,845.0
633,0,zjjLSYAp,fGmFhgnx,737.0
633,0,wrsPDGBQ,zjjLSYAp,737.0
633,0,rckblBTM,yQQuLFAg,688.0
633,0,fGmFhgnx,rckblBTM,689.0
1677,0,FlYjxOxQ,GkYZbgqg,853.0
1677,0,wFSILCzc,FlYjxOxQ,782.0
1677,0,yQQuLFAg,wFSILCzc,782.0
633,0,bHagonKv,vacPrbQA,520.0
633,0,Vlipnutt,bHagonKv,520.0
633,0,CcjcuryA,Vlipnutt,529.0
633,0,yQQuLFAg,CcjcuryA,537.0
460,0,CEZTRnUo,qflzswAf,5365.0
460,0,funWfCdm,CEZTRnUo,5365.0
460,0,rnFrOJMw,funWfCdm,5365.0
460,0,MklhhYCQ,rnFrOJMw,5365.0
460,0,nzTRQfUi,MklhhYCQ,7199.0
460,0,nhSXMXjw,nzTRQfUi,6549.0
460,0,kjxfKqbD,nhSXMXjw,3907.0
460,0,mSXRukCc,kjxfKqbD,3907.0
460,0,FFGyTMvJ,mSXRukCc,3907.0
460,0,eyAJPdep,FFGyTMvJ,2795.0
12,0,AtcDBGpE,Oslgxmkx,711.0
12,0,nsjiKPCz,AtcDBGpE,711.0
12,0,vfdAIPGv,nsjiKPCz,711.0
12,0,inJVXMtB,vfdAIPGv,711.0
12,0,ubZrQMid,inJVXMtB,711.0
12,0,gBkmsEyR,ubZrQMid,711.0
12,0,cGoHBmgo,gBkmsEyR,711.0
12,0,fOfcyQgJ,cGoHBmgo,711.0
12,0,YXOKWXAw,fOfcyQgJ,711.0
12,0,gzZgDndk,YXOKWXAw,711.0
12,0,NQaaFyOm,gzZgDndk,553.0
12,0,iPNesxKP,NQaaFyOm,553.0
685,0,bWAbaUPC,cEOIeJTR,2204.0
12,0,leJfirnk,yrRBvFtZ,242.0
12,0,QRSRIbba,leJfirnk,242.0
12,0,EkCoFwMY,QRSRIbba,242.0
12,0,jqriedgy,EkCoFwMY,242.0
12,0,MTAZIXBL,jqriedgy,242.0
12,0,RkbXqAIs,MTAZIXBL,308.0
12,0,NLDgVASg,RkbXqAIs,487.0
12,0,DKPrUpnj,NLDgVASg,487.0
12,0,CdibamDB,DKPrUpnj,687.0
12,0,lBopHXdD,CdibamDB,687.0
12,0,vwEcxUej,lBopHXdD,687.0
12,0,JBpFxiqb,vwEcxUej,687.0
12,0,Oslgxmkx,JBpFxiqb,687.0
490,0,pSVDMeCH,gaLZwYvS,881.0
490,0,FTwVCxQy,pSVDMeCH,881.0
490,0,RFaTWaew,FTwVCxQy,881.0
490,0,mYoRZvtc,RFaTWaew,1203.0
490,0,NKCxdwhs,mYoRZvtc,2460.0
490,0,eeSdZFhf,NKCxdwhs,2460.0
490,0,UaWwvNMO,eeSdZFhf,3163.0
490,0,gFAsBeQM,UaWwvNMO,3163.0
477,0,mYoRZvtc,RFaTWaew,696.0
616,0,NQaaFyOm,yhXmuUeN,1564.0
616,0,iPNesxKP,NQaaFyOm,249.0
616,0,xQpNdvvD,GigUVtty,590.0
616,0,VuxSFkGj,xQpNdvvD,590.0
616,0,SQUoXVXU,VuxSFkGj,601.0
616,0,tZiWmgTn,SQUoXVXU,601.0
616,0,TJGhHrvm,tZiWmgTn,608.0
616,0,GigUVtty,mVhkAqwx,611.0
572,0,wOZIcmuB,iPNesxKP,53.0
929,0,xfbmoJHP,NCSBLEus,10.0
616,0,wOZIcmuB,iPNesxKP,140.0
477,0,FTwVCxQy,KplKuAnp,7.0
477,0,RFaTWaew,FTwVCxQy,7.0
481,0,POdtxoZm,UrQlyWkl,3520.0
481,0,YvLYpMPH,POdtxoZm,4034.0
481,0,SemNVHvd,YvLYpMPH,4034.0
481,0,QnkNgkDL,SemNVHvd,4040.0
481,0,lctVuVOk,QnkNgkDL,4353.0
1255,0,rckblBTM,rUKSlFeh,1742.0
1701,0,gxWBbdrZ,aHsZaffM,864.0
1701,0,mDPYPXHa,gxWBbdrZ,864.0
1701,0,XHLHCkqn,mDPYPXHa,864.0
491,0,JovbzjVh,qDeoslSZ,1001.0
491,0,DCdKJxNH,JovbzjVh,1029.0
491,0,DsuTXcIa,DCdKJxNH,1029.0
34,0,FTwVCxQy,pSVDMeCH,3527.0
34,0,xnBCUPNx,FTwVCxQy,4311.0
1244,0,FTwVCxQy,pSVDMeCH,3781.0
1244,0,xnBCUPNx,FTwVCxQy,4407.0
419,0,lctVuVOk,iPNesxKP,8184.0
419,0,iLaGOhZk,lctVuVOk,9402.0
12,0,lctVuVOk,iPNesxKP,545.0
12,0,iLaGOhZk,lctVuVOk,545.0
12,0,wuyFtExA,EtvjcvTp,68.0
12,0,MrybjzSo,wuyFtExA,68.0
12,0,yrRBvFtZ,MrybjzSo,68.0
463,0,pSVDMeCH,gaLZwYvS,1335.0
463,0,FTwVCxQy,pSVDMeCH,1343.0
463,0,xnBCUPNx,FTwVCxQy,1732.0
463,0,PbNNbEKu,xnBCUPNx,1840.0
463,0,fTOPrrgc,PbNNbEKu,1898.0
463,0,ErjukRDc,fTOPrrgc,1897.0
463,0,ojYgsDtJ,ErjukRDc,1898.0
213,0,mYoRZvtc,RFaTWaew,133.0
213,0,WWGVlxtV,mYoRZvtc,381.0
213,0,xAtzquQH,WWGVlxtV,381.0
213,0,GHMmjNDZ,xAtzquQH,381.0
213,0,ZpgoacOO,GHMmjNDZ,381.0
204,0,ZyxFjabk,yQIotbyH,822.0
204,0,RyfxjoUl,ZyxFjabk,822.0
204,0,QIQMIQBO,RyfxjoUl,956.0
204,0,KHrhIPzf,QIQMIQBO,1048.0
204,0,WAnDToyk,KHrhIPzf,1065.0
481,0,EocVuyzS,lctVuVOk,996.0
481,0,lwcIkPvE,EocVuyzS,818.0
1318,0,LKVeVUNI,BpAiVnps,3758.0
1318,0,dbPZeeiE,LKVeVUNI,3486.0
1318,0,CsDsDrdU,dbPZeeiE,3406.0
1318,0,OPXtWBVk,CsDsDrdU,3190.0
1318,0,BpAiVnps,RVGhYAxc,5174.0
419,0,ZpgoacOO,iLaGOhZk,7903.0
12,0,ZpgoacOO,iLaGOhZk,444.0
419,0,eYoPTdNP,ZpgoacOO,7129.0
663,0,zjSAMvDn,DOGyniWl,240.0
663,0,ZaBRaevd,zjSAMvDn,249.0
663,0,EZnTnoxs,ZaBRaevd,239.0
663,0,faYOimYm,EZnTnoxs,169.0
663,0,cmGUMIAA,faYOimYm,169.0
663,0,sDgMDbLK,cmGUMIAA,169.0
663,0,MUKiuGPJ,sDgMDbLK,121.0
663,0,LLvlNCEB,MUKiuGPJ,121.0
663,0,oXfrIVbN,LLvlNCEB,121.0
663,0,AFWGXQGm,oXfrIVbN,121.0
663,0,WTiRZunt,AFWGXQGm,67.0
663,0,RGyQypSn,WTiRZunt,67.0
663,0,jsUuEBbk,RGyQypSn,67.0
663,0,WCllcJIC,SEjojzMr,94.0
663,0,OXcUkifL,WCllcJIC,94.0
663,0,POsNTwnJ,OXcUkifL,94.0
663,0,rRGVruPM,POsNTwnJ,94.0
663,0,YmkUpvHU,rRGVruPM,94.0
663,0,GbYxEXTt,YmkUpvHU,96.0
663,0,DOGyniWl,GbYxEXTt,96.0
1623,0,yLtehlsl,iSMSiXHg,1506.0
1623,0,ZfvMwthQ,yLtehlsl,1506.0
1623,0,rWJbJwsc,ZfvMwthQ,1506.0
663,0,KIvXTDlT,IvXmMOhB,45.0
663,0,TgzZcdmy,KIvXTDlT,45.0
663,0,SEjojzMr,TgzZcdmy,45.0
663,0,HcKLTTXk,lRwVVbKf,6.0
663,0,IvXmMOhB,HcKLTTXk,6.0
318,0,XwcxmOai,nrUfCQxz,3323.0
318,0,sCyvkPkr,XwcxmOai,3315.0
318,0,YLjwrcCY,sCyvkPkr,3350.0
318,0,RfzcmazU,YLjwrcCY,3478.0
318,0,ImIhxSnH,RfzcmazU,3514.0
458,0,cEOIeJTR,CfleTooC,81.0
458,0,bWAbaUPC,cEOIeJTR,81.0
458,0,qrSNpKDz,bWAbaUPC,81.0
458,0,HrNWphPZ,qrSNpKDz,81.0
458,0,jcbMPQjL,HrNWphPZ,81.0
458,0,KbyuLDsq,jcbMPQjL,81.0
458,0,rBcsOnfo,KbyuLDsq,81.0
458,0,XAYndOhY,rBcsOnfo,81.0
458,0,cPCRxZjy,XAYndOhY,81.0
458,0,qpacHTVx,cPCRxZjy,81.0
458,0,klenweCZ,qpacHTVx,81.0
458,0,JYcdyiOK,heyKMWAh,60.0
458,0,gDobDJgN,JYcdyiOK,60.0
458,0,gUXxyAlR,gDobDJgN,60.0
458,0,CfleTooC,gUXxyAlR,60.0
401,0,eJfPkird,kgNzHUbI,6109.0
572,0,kWtooBDW,wOZIcmuB,41.0
572,0,jkuUxjyr,kWtooBDW,41.0
572,0,LvbzkrjO,jkuUxjyr,41.0
572,0,FXEtzSuC,LvbzkrjO,41.0
572,0,bpXNEOYE,FXEtzSuC,41.0
572,0,IIzQthVA,bpXNEOYE,41.0
1244,0,MEVzYGii,xnBCUPNx,4705.0
1244,0,byZXHxZy,MEVzYGii,4784.0
616,0,kWtooBDW,wOZIcmuB,138.0
616,0,jkuUxjyr,kWtooBDW,138.0
616,0,LvbzkrjO,jkuUxjyr,138.0
616,0,FXEtzSuC,LvbzkrjO,138.0
616,0,bpXNEOYE,FXEtzSuC,138.0
616,0,IIzQthVA,bpXNEOYE,138.0
1747,0,EfWhclss,DJsuwMnQ,5784.0
1747,0,SqxhBMol,EfWhclss,5512.0
1747,0,HrNWphPZ,nrKKniYe,4570.0
1747,0,jcbMPQjL,HrNWphPZ,4677.0
1747,0,KbyuLDsq,jcbMPQjL,5868.0
1747,0,XAYndOhY,KbyuLDsq,5840.0
458,0,wdBsZaVr,klenweCZ,7.0
458,0,FXEtzSuC,wdBsZaVr,7.0
458,0,bpXNEOYE,FXEtzSuC,7.0
458,0,IIzQthVA,bpXNEOYE,7.0
419,0,rlRRFZPO,eYoPTdNP,7100.0
12,0,eYoPTdNP,ZpgoacOO,399.0
486,0,duRJdiSr,jeadfqyj,43.0
486,0,uBFbbvHN,duRJdiSr,43.0
486,0,YjUiSglA,uBFbbvHN,43.0
486,0,xPaGbpFW,YjUiSglA,43.0
486,0,LJLjKFnn,xPaGbpFW,43.0
486,0,gzZgDndk,LJLjKFnn,43.0
486,0,NQaaFyOm,gzZgDndk,35.0
208,0,ThGrfpxl,SyufMOPd,627.0
208,0,TUpCuZAw,ThGrfpxl,1251.0
208,0,HYfXIyFk,TUpCuZAw,1284.0
235,0,BpAiVnps,MgruBUee,2971.0
34,0,MEVzYGii,xnBCUPNx,4806.0
34,0,yQIotbyH,MEVzYGii,4869.0
1244,0,yQIotbyH,byZXHxZy,4772.0
1441,0,LsuNFzpq,kVCEAUTv,1295.0
481,0,WtSrfmmv,msSSSjFI,993.0
481,0,lpqoYdNq,WtSrfmmv,993.0
481,0,BIPxiHLi,lpqoYdNq,993.0
481,0,yrMfCrKd,BIPxiHLi,1239.0
481,0,FJDNPLrp,yrMfCrKd,1286.0
481,0,YyXnCqJL,FJDNPLrp,1313.0
481,0,DUgAaGlT,YyXnCqJL,1313.0
419,0,yQfeHodw,rlRRFZPO,4809.0
419,0,YEqGDaQm,yQfeHodw,4809.0
419,0,QjBtnCad,YEqGDaQm,4863.0
205,0,NPqatCDm,oBjbzljy,263.0
205,0,XiaLQvRI,NPqatCDm,265.0
205,0,gNlImmtJ,XiaLQvRI,265.0
205,0,kdVJdnYB,gNlImmtJ,265.0
205,0,nMidlhrd,kdVJdnYB,265.0
205,0,JODrgTwh,nMidlhrd,265.0
1747,0,msSSSjFI,XAYndOhY,5142.0
1747,0,WtSrfmmv,msSSSjFI,4851.0
1747,0,lpqoYdNq,WtSrfmmv,5017.0
1747,0,BIPxiHLi,lpqoYdNq,5034.0
1747,0,yrMfCrKd,BIPxiHLi,5039.0
1747,0,KHrhIPzf,yrMfCrKd,5147.0
204,0,xnBCUPNx,gaLZwYvS,221.0
204,0,MEVzYGii,xnBCUPNx,282.0
204,0,yQIotbyH,MEVzYGii,282.0
209,0,HefnspWQ,czFfIymd,1125.0
209,0,lDeAZniB,HefnspWQ,1114.0
209,0,sDgMDbLK,lDeAZniB,1114.0
209,0,MUKiuGPJ,sDgMDbLK,1114.0
209,0,BIPxiHLi,MUKiuGPJ,1114.0
209,0,yrMfCrKd,BIPxiHLi,863.0
209,0,KHrhIPzf,yrMfCrKd,863.0
665,0,WtPVEKaC,BYsSDXCP,241.0
665,0,czFfIymd,WtPVEKaC,241.0
665,0,HefnspWQ,czFfIymd,75.0
665,0,lDeAZniB,HefnspWQ,71.0
665,0,sDgMDbLK,lDeAZniB,71.0
665,0,MUKiuGPJ,sDgMDbLK,71.0
665,0,BIPxiHLi,MUKiuGPJ,71.0
665,0,yrMfCrKd,BIPxiHLi,71.0
665,0,fubLBmAl,DOGyniWl,209.0
665,0,zjSAMvDn,fubLBmAl,209.0
665,0,BYsSDXCP,zjSAMvDn,209.0
665,0,GpnhEWuy,QDIpIlEK,131.0
665,0,rRGVruPM,GpnhEWuy,131.0
665,0,YmkUpvHU,rRGVruPM,131.0
665,0,GbYxEXTt,YmkUpvHU,134.0
665,0,DOGyniWl,GbYxEXTt,134.0
232,0,KLViSvpH,fvJrDdyT,4459.0
232,0,YXiYqIfc,KLViSvpH,4320.0
232,0,OBtWrzof,YXiYqIfc,4435.0
232,0,TxpOiGNK,OBtWrzof,4260.0
464,0,QHFmFyLR,EkWBPXmr,1043.0
464,0,neNWquOh,QHFmFyLR,1043.0
464,0,KwaxxmSs,neNWquOh,1043.0
464,0,gzZgDndk,KwaxxmSs,1080.0
464,0,NQaaFyOm,gzZgDndk,4900.0
464,0,iPNesxKP,NQaaFyOm,6366.0
464,0,lctVuVOk,iPNesxKP,8188.0
464,0,EocVuyzS,lctVuVOk,8509.0
464,0,lwcIkPvE,EocVuyzS,8509.0
464,0,suszCmcx,lwcIkPvE,8647.0
464,0,Fwqgdxfa,suszCmcx,8805.0
1747,0,DsuTXcIa,DCdKJxNH,4088.0
1747,0,bgWfLree,DsuTXcIa,5767.0
1747,0,nUYnioIh,bgWfLree,5767.0
1747,0,COReTzyE,nUYnioIh,5767.0
1747,0,DJsuwMnQ,COReTzyE,5850.0
1747,0,nrKKniYe,SqxhBMol,5195.0
463,0,suszCmcx,ojYgsDtJ,2487.0
463,0,Fwqgdxfa,suszCmcx,1886.0
1747,0,JovbzjVh,qDeoslSZ,2765.0
1747,0,DCdKJxNH,JovbzjVh,2958.0
419,0,WAnDToyk,QjBtnCad,4234.0
419,0,UwPVTdeZ,WAnDToyk,4440.0
1064,0,WdOwNGhj,xfbmoJHP,1352.0
1064,0,kKKRBhFF,WdOwNGhj,1174.0
1064,0,NFInfBeu,kKKRBhFF,1174.0
1064,0,VCQdmIoF,NFInfBeu,1174.0
1064,0,ePrpofUw,VCQdmIoF,1174.0
1064,0,KcvPUxQg,ePrpofUw,1174.0
1064,0,BlnSxBAr,KcvPUxQg,1174.0
1064,0,TCBUGaZf,BlnSxBAr,1174.0
427,0,MEVzYGii,xnBCUPNx,302.0
427,0,ZyxFjabk,MEVzYGii,302.0
427,0,RyfxjoUl,ZyxFjabk,360.0
427,0,WAnDToyk,RyfxjoUl,360.0
427,0,DvHSShZC,WAnDToyk,288.0
209,0,WAnDToyk,KHrhIPzf,857.0
209,0,UwPVTdeZ,WAnDToyk,817.0
209,0,szQKyBKA,eBAbFKqQ,1461.0
209,0,czFfIymd,szQKyBKA,1461.0
208,0,ILieppKf,HYfXIyFk,1294.0
209,0,STSGJiIu,TdfMaTlB,1449.0
209,0,vpctkpYQ,STSGJiIu,1449.0
209,0,wegNXhqe,vpctkpYQ,1462.0
209,0,RZyHoyLx,wegNXhqe,1462.0
209,0,kKHgYdYp,RZyHoyLx,1462.0
209,0,eBAbFKqQ,kKHgYdYp,1007.0
209,0,dbPZeeiE,LKVeVUNI,713.0
209,0,CsDsDrdU,dbPZeeiE,713.0
209,0,DGTEnFlN,CsDsDrdU,1001.0
209,0,OPXtWBVk,DGTEnFlN,1001.0
209,0,SvGtXrYj,OPXtWBVk,1254.0
209,0,TdfMaTlB,SvGtXrYj,1254.0
1747,0,WAnDToyk,KHrhIPzf,4958.0
1747,0,UwPVTdeZ,WAnDToyk,4958.0
209,0,LKVeVUNI,BpAiVnps,596.0
727,0,aFlzccOO,yHDouIXe,1160.0
727,0,gpaAUChy,aFlzccOO,697.0
727,0,XAxmwtqw,gpaAUChy,697.0
727,0,YmDpkIHQ,XAxmwtqw,697.0
425,0,jFRqfnFl,gmsNDepi,373.0
425,0,ysSWNERo,jFRqfnFl,373.0
425,0,lQIpGOTn,ysSWNERo,373.0
425,0,uhUmvvRs,lQIpGOTn,373.0
425,0,GgLRqpEG,uhUmvvRs,373.0
425,0,WFZVQzrl,GgLRqpEG,373.0
425,0,QDIpIlEK,WFZVQzrl,203.0
425,0,GpnhEWuy,QDIpIlEK,78.0
425,0,mLBQtksd,GpnhEWuy,78.0
425,0,rFvOiVZU,mLBQtksd,23.0
425,0,ezbmnBKa,rFvOiVZU,23.0
425,0,aaOdCJPr,ezbmnBKa,23.0
425,0,EZnTnoxs,aaOdCJPr,23.0
425,0,faYOimYm,EZnTnoxs,23.0
425,0,UGcgYMSg,faYOimYm,23.0
425,0,ThGrfpxl,UGcgYMSg,23.0
425,0,HYfXIyFk,ThGrfpxl,2.0
425,0,oQvXmJfL,HYfXIyFk,2.0
900,0,ZLWEzNmI,fTbQcCcQ,60.0
900,0,QeXyWyya,ZLWEzNmI,60.0
900,0,PifXIFet,QeXyWyya,61.0
900,0,tNmxviwt,PifXIFet,61.0
900,0,yHaTCNJc,tNmxviwt,61.0
356,0,QHFmFyLR,EkWBPXmr,836.0
356,0,neNWquOh,QHFmFyLR,836.0
356,0,KwaxxmSs,neNWquOh,839.0
356,0,gzZgDndk,KwaxxmSs,881.0
356,0,NQaaFyOm,gzZgDndk,3219.0
356,0,iPNesxKP,NQaaFyOm,3433.0
356,0,lctVuVOk,iPNesxKP,4110.0
356,0,EocVuyzS,lctVuVOk,4110.0
356,0,lwcIkPvE,EocVuyzS,4110.0
356,0,suszCmcx,lwcIkPvE,4127.0
356,0,UTBcifAN,suszCmcx,4231.0
227,0,fGmFhgnx,rckblBTM,177.0
227,0,zjjLSYAp,fGmFhgnx,223.0
227,0,nIakFMcq,zjjLSYAp,223.0
227,0,LYjhOoFf,nIakFMcq,371.0
227,0,QdWOxWia,LYjhOoFf,483.0
227,0,gViLrCgA,QdWOxWia,535.0
227,0,cCSIoIah,gViLrCgA,753.0
227,0,DLdtTvFi,cCSIoIah,753.0
227,0,vRWSdFEN,DLdtTvFi,766.0
227,0,WPBOglHu,vRWSdFEN,929.0
227,0,ftMGYADA,WPBOglHu,929.0
227,0,lklhFYFG,ftMGYADA,929.0
227,0,vNMxowJX,lklhFYFG,929.0
227,0,pPReLBCT,vNMxowJX,1059.0
227,0,AqgjLYqB,pPReLBCT,1027.0
227,0,QkCkRebE,AqgjLYqB,1027.0
227,0,RfzcmazU,XwcxmOai,918.0
227,0,cEwgxjVO,RfzcmazU,908.0
1740,0,YvLYpMPH,POdtxoZm,728.0
1740,0,QnkNgkDL,YvLYpMPH,728.0
1740,0,lctVuVOk,QnkNgkDL,728.0
1740,0,EocVuyzS,lctVuVOk,728.0
1740,0,lwcIkPvE,EocVuyzS,728.0
1740,0,suszCmcx,lwcIkPvE,728.0
1740,0,UTBcifAN,suszCmcx,728.0
481,0,suszCmcx,lwcIkPvE,413.0
1740,0,SqxhBMol,CcTUkfkl,570.0
1740,0,vIqdsoZx,SqxhBMol,525.0
1740,0,WPPGaTFA,vIqdsoZx,418.0
1740,0,zavSPsgu,WPPGaTFA,444.0
1740,0,UrQlyWkl,zavSPsgu,444.0
1740,0,POdtxoZm,UrQlyWkl,463.0
1740,0,eciAPzhn,RoAYEvND,451.0
1740,0,tOfkaukv,eciAPzhn,451.0
1740,0,exzjGTVf,tOfkaukv,451.0
1740,0,CcTUkfkl,exzjGTVf,451.0
682,0,zfZPgPol,jkmSVBKz,920.0
682,0,YLjwrcCY,zfZPgPol,900.0
682,0,RfzcmazU,YLjwrcCY,767.0
682,0,cEwgxjVO,RfzcmazU,592.0
682,0,jkmSVBKz,QkCkRebE,902.0
214,0,FDCDnriY,yYSDLmlm,876.0
214,0,hLEWSLqw,FDCDnriY,876.0
682,0,JGbfxLUL,KQSHMGnw,303.0
682,0,IjwLXBRx,JGbfxLUL,303.0
682,0,TPsFloRu,IjwLXBRx,303.0
682,0,VCDwRKse,TPsFloRu,628.0
682,0,lZYsrfVZ,VCDwRKse,628.0
682,0,jXeBpcDF,lZYsrfVZ,628.0
682,0,goaumTLR,jXeBpcDF,713.0
682,0,vNMxowJX,goaumTLR,718.0
682,0,voZaDctr,vNMxowJX,718.0
682,0,rDcmNjNB,voZaDctr,718.0
682,0,pPReLBCT,rDcmNjNB,718.0
682,0,AqgjLYqB,pPReLBCT,718.0
682,0,QkCkRebE,AqgjLYqB,718.0
1398,0,ZIPCqImv,ciAbSxQX,1283.0
1398,0,aWNaUdzp,ZIPCqImv,1283.0
1398,0,FCsbIOBe,aWNaUdzp,2226.0
1398,0,wyEQXfIU,FCsbIOBe,2226.0
1398,0,aRKvwhNi,wyEQXfIU,2226.0
1398,0,lsBVGYKC,aRKvwhNi,2241.0
1398,0,WhHfbZWj,lsBVGYKC,1871.0
1398,0,nsbHlbAq,WhHfbZWj,1444.0
1398,0,cwgbfpqq,nsbHlbAq,1439.0
1398,0,fMrlznIn,cwgbfpqq,1439.0
1398,0,uXKxCjNA,fMrlznIn,1439.0
1398,0,bOiSLYGO,uXKxCjNA,1439.0
1398,0,mhgPTzcZ,bOiSLYGO,1277.0
1398,0,WFZVQzrl,mhgPTzcZ,1011.0
1398,0,tRncbstl,WFZVQzrl,565.0
1398,0,QDIpIlEK,tRncbstl,475.0
1398,0,GpnhEWuy,QDIpIlEK,324.0
1398,0,YmkUpvHU,GpnhEWuy,283.0
1398,0,GbYxEXTt,YmkUpvHU,280.0
1398,0,DOGyniWl,GbYxEXTt,131.0
1398,0,fubLBmAl,DOGyniWl,131.0
1398,0,zjSAMvDn,fubLBmAl,131.0
1398,0,BYsSDXCP,zjSAMvDn,116.0
1398,0,WtPVEKaC,BYsSDXCP,116.0
1398,0,cniBuICf,WtPVEKaC,115.0
1398,0,LPfgjVyT,cniBuICf,115.0
146,0,NPqatCDm,oBjbzljy,180.0
146,0,XiaLQvRI,NPqatCDm,1036.0
146,0,gNlImmtJ,XiaLQvRI,1047.0
146,0,kdVJdnYB,gNlImmtJ,1047.0
146,0,nMidlhrd,kdVJdnYB,1041.0
146,0,JODrgTwh,nMidlhrd,1041.0
852,0,WhHfbZWj,lsBVGYKC,34.0
227,0,rckblBTM,QpprBOSr,174.0
1398,0,TEKQTTfp,YzXnYVPd,572.0
1398,0,ciAbSxQX,TEKQTTfp,573.0
1398,0,MhxjGQjy,mhYSfvAq,393.0
1398,0,EhUxMFuQ,MhxjGQjy,393.0
1398,0,HZcfHzwe,EhUxMFuQ,393.0
1398,0,KcDUQTDz,HZcfHzwe,411.0
1398,0,qoWOoICL,KcDUQTDz,411.0
1398,0,FwybjYQK,qoWOoICL,411.0
1398,0,ZuDlysuz,FwybjYQK,465.0
1398,0,IkwHYYuh,ZuDlysuz,465.0
1398,0,YzXnYVPd,IkwHYYuh,465.0
1065,0,OfWHUDWP,TQJSOMwc,430.0
34,0,taEXnGBL,yQIotbyH,4089.0
34,0,rZoajhYh,taEXnGBL,4089.0
1244,0,taEXnGBL,yQIotbyH,3980.0
1244,0,rZoajhYh,taEXnGBL,3980.0
481,0,taEXnGBL,DUgAaGlT,1182.0
481,0,rZoajhYh,taEXnGBL,1182.0
1140,0,QHFmFyLR,EkWBPXmr,609.0
1140,0,neNWquOh,QHFmFyLR,609.0
1140,0,KwaxxmSs,neNWquOh,609.0
1140,0,gzZgDndk,KwaxxmSs,629.0
1140,0,NQaaFyOm,gzZgDndk,1202.0
1140,0,iPNesxKP,NQaaFyOm,1457.0
1140,0,lctVuVOk,iPNesxKP,1679.0
1140,0,ZpgoacOO,lctVuVOk,1721.0
1140,0,eYoPTdNP,ZpgoacOO,1818.0
1140,0,rlRRFZPO,eYoPTdNP,1827.0
1140,0,JXTJImqP,rlRRFZPO,1827.0
1140,0,zZjujLYd,JXTJImqP,1827.0
1140,0,xaaBiNQT,zZjujLYd,1827.0
1506,0,BpAiVnps,RVGhYAxc,12031.0
205,0,EdqXvVeI,nPkrzCty,102.0
205,0,oBjbzljy,EdqXvVeI,102.0
419,0,gbxdgQQp,UwPVTdeZ,4385.0
209,0,FYNyHfeM,UwPVTdeZ,454.0
209,0,gbxdgQQp,FYNyHfeM,454.0
204,0,HUkyeYlq,WAnDToyk,1010.0
204,0,PYpgWopD,HUkyeYlq,1170.0
204,0,lDeAZniB,PYpgWopD,1170.0
204,0,bLzlxnwB,lDeAZniB,1170.0
208,0,HUkyeYlq,uwQliGwX,1762.0
208,0,PYpgWopD,HUkyeYlq,1762.0
208,0,lDeAZniB,PYpgWopD,1762.0
208,0,bLzlxnwB,lDeAZniB,1762.0
208,0,uwQliGwX,ILieppKf,1217.0
253,0,WFZVQzrl,bOiSLYGO,5018.0
253,0,GiONHkbf,WFZVQzrl,2413.0
253,0,QDIpIlEK,GiONHkbf,1714.0
253,0,GpnhEWuy,QDIpIlEK,1746.0
253,0,YmkUpvHU,GpnhEWuy,1699.0
253,0,nsbHlbAq,WhHfbZWj,4902.0
253,0,cwgbfpqq,nsbHlbAq,4978.0
253,0,fMrlznIn,cwgbfpqq,4944.0
253,0,uXKxCjNA,fMrlznIn,4944.0
253,0,bOiSLYGO,uXKxCjNA,4944.0
400,0,ogOCBKAf,dWLNxRJP,1823.0
1340,0,BpAiVnps,RVGhYAxc,2815.0
147,0,QHFmFyLR,EkWBPXmr,197.0
147,0,neNWquOh,QHFmFyLR,197.0
147,0,KwaxxmSs,neNWquOh,197.0
147,0,gzZgDndk,KwaxxmSs,268.0
147,0,NQaaFyOm,gzZgDndk,747.0
147,0,iPNesxKP,NQaaFyOm,837.0
147,0,lctVuVOk,iPNesxKP,999.0
147,0,EocVuyzS,lctVuVOk,999.0
147,0,lwcIkPvE,EocVuyzS,999.0
147,0,suszCmcx,lwcIkPvE,999.0
147,0,UTBcifAN,suszCmcx,1004.0
147,0,HQVZivsH,UTBcifAN,1322.0
147,0,tTrMaEIS,HQVZivsH,1322.0
147,0,WeXgsZLY,tTrMaEIS,1322.0
685,0,qrSNpKDz,bWAbaUPC,1885.0
685,0,HrNWphPZ,qrSNpKDz,1944.0
685,0,XwcxmOai,HrNWphPZ,1506.0
685,0,RfzcmazU,XwcxmOai,1592.0
685,0,cEwgxjVO,RfzcmazU,1622.0
685,0,fRBexIzo,cEwgxjVO,1717.0
204,0,wSspaAkq,bLzlxnwB,1238.0
204,0,NppIhzQC,wSspaAkq,1238.0
204,0,WtPVEKaC,NppIhzQC,1235.0
204,0,tTrMaEIS,WtPVEKaC,906.0
204,0,WeXgsZLY,tTrMaEIS,906.0
448,0,UfJDroVz,lsFGVtlq,2.0
448,0,biJBLznK,UfJDroVz,2.0
448,0,TcsyXYNn,biJBLznK,2.0
448,0,qKeCDDXI,TcsyXYNn,2.0
448,0,YmkUpvHU,qKeCDDXI,2.0
448,0,GbYxEXTt,YmkUpvHU,2.0
448,0,ItndWSiW,GbYxEXTt,2.0
448,0,DOGyniWl,ItndWSiW,2.0
448,0,fubLBmAl,DOGyniWl,2.0
448,0,zjSAMvDn,fubLBmAl,2.0
448,0,BYsSDXCP,zjSAMvDn,1.0
448,0,WtPVEKaC,BYsSDXCP,1.0
1740,0,HQVZivsH,UTBcifAN,535.0
318,0,iEKuRfDT,ImIhxSnH,3409.0
318,0,PlyJazqR,iEKuRfDT,2731.0
318,0,kkrKJmiC,PlyJazqR,2729.0
682,0,fRBexIzo,cEwgxjVO,570.0
227,0,fRBexIzo,cEwgxjVO,907.0
227,0,nDzrviXX,fRBexIzo,907.0
200,0,nPkrzCty,lqMPnIra,59.0
200,0,OPXtWBVk,nPkrzCty,59.0
200,0,SvGtXrYj,OPXtWBVk,59.0
200,0,TdfMaTlB,SvGtXrYj,59.0
200,0,STSGJiIu,TdfMaTlB,59.0
200,0,vpctkpYQ,STSGJiIu,59.0
200,0,wegNXhqe,vpctkpYQ,59.0
200,0,RZyHoyLx,wegNXhqe,59.0
200,0,kKHgYdYp,RZyHoyLx,59.0
200,0,rLrKZBjw,kKHgYdYp,59.0
1255,0,BpAiVnps,RVGhYAxc,1113.0
356,0,HQVZivsH,UTBcifAN,2817.0
356,0,DeiIsjyA,HQVZivsH,2817.0
1741,0,uxsctOEt,RfEbENxd,1306.0
1741,0,UfJDroVz,uxsctOEt,1306.0
1741,0,biJBLznK,UfJDroVz,1306.0
1741,0,TcsyXYNn,biJBLznK,1306.0
1741,0,qKeCDDXI,TcsyXYNn,1306.0
1741,0,jQaLNViL,gyQqEnFq,280.0
1741,0,RfEbENxd,jQaLNViL,369.0
143,0,OaJoPLeC,osIslFBH,947.0
143,0,GMrJWgHs,OaJoPLeC,929.0
419,0,HeRWBWAv,gbxdgQQp,4299.0
419,0,YmDpkIHQ,HeRWBWAv,4297.0
427,0,KplKuAnp,iYMJvRAf,24.0
427,0,FTwVCxQy,KplKuAnp,29.0
427,0,xnBCUPNx,FTwVCxQy,270.0
1244,0,LccdLENM,rZoajhYh,3190.0
1244,0,BaKUDeNn,LccdLENM,3190.0
1244,0,NuyYqrDq,BaKUDeNn,982.0
1747,0,gbxdgQQp,UwPVTdeZ,4833.0
1747,0,HeRWBWAv,gbxdgQQp,4851.0
1747,0,xjaGpszF,HeRWBWAv,4851.0
727,0,mSXRukCc,kjxfKqbD,134.0
727,0,FFGyTMvJ,mSXRukCc,134.0
727,0,lsBVGYKC,FFGyTMvJ,134.0
727,0,WhHfbZWj,lsBVGYKC,136.0
727,0,nsbHlbAq,WhHfbZWj,195.0
727,0,cwgbfpqq,nsbHlbAq,195.0
727,0,fMrlznIn,cwgbfpqq,195.0
727,0,uXKxCjNA,fMrlznIn,195.0
727,0,bOiSLYGO,uXKxCjNA,195.0
1142,0,oBjbzljy,sZwmfbNt,532.0
1142,0,aYSqaQmJ,oBjbzljy,560.0
1142,0,PjfwSZnl,aYSqaQmJ,1612.0
1142,0,mLFZUgfn,PjfwSZnl,1702.0
1142,0,ftrZKujQ,mLFZUgfn,1702.0
1142,0,yXKTuRtI,ftrZKujQ,1702.0
1506,0,EVAUYvVR,JKFFGKvY,12046.0
1506,0,GYfZYaJh,EVAUYvVR,12003.0
1506,0,WFZVQzrl,GYfZYaJh,9396.0
727,0,CEZTRnUo,qflzswAf,128.0
727,0,funWfCdm,CEZTRnUo,128.0
727,0,rnFrOJMw,funWfCdm,128.0
727,0,MklhhYCQ,rnFrOJMw,129.0
727,0,nzTRQfUi,MklhhYCQ,129.0
727,0,nhSXMXjw,nzTRQfUi,129.0
727,0,kjxfKqbD,nhSXMXjw,131.0
209,0,SyufMOPd,HeRWBWAv,455.0
481,0,yyqygEVd,rZoajhYh,897.0
481,0,LccdLENM,yyqygEVd,897.0
481,0,BaKUDeNn,LccdLENM,897.0
209,0,HeRWBWAv,gbxdgQQp,453.0
1468,0,rRGVruPM,GpnhEWuy,172.0
481,0,msSSSjFI,suszCmcx,346.0
720,0,kjxfKqbD,hSRFRBsa,188.0
720,0,mSXRukCc,kjxfKqbD,188.0
720,0,PkbhOCMh,mSXRukCc,188.0
720,0,FFGyTMvJ,PkbhOCMh,191.0
720,0,eyAJPdep,FFGyTMvJ,191.0
720,0,lsBVGYKC,eyAJPdep,437.0
720,0,WhHfbZWj,lsBVGYKC,1294.0
720,0,nsbHlbAq,WhHfbZWj,2952.0
720,0,cwgbfpqq,nsbHlbAq,2952.0
720,0,fMrlznIn,cwgbfpqq,2952.0
720,0,YzgNCqsj,fMrlznIn,2952.0
720,0,uXKxCjNA,YzgNCqsj,2952.0
720,0,bOiSLYGO,uXKxCjNA,2987.0
720,0,mhgPTzcZ,bOiSLYGO,3080.0
720,0,WFZVQzrl,mhgPTzcZ,829.0
720,0,QDIpIlEK,WFZVQzrl,1624.0
720,0,IESGsZGI,QDIpIlEK,1738.0
720,0,GpnhEWuy,IESGsZGI,1738.0
720,0,rRGVruPM,GpnhEWuy,1738.0
720,0,mLBQtksd,rRGVruPM,1735.0
720,0,knCDNjnp,mLBQtksd,586.0
720,0,nYVfIRsk,knCDNjnp,568.0
720,0,IHZGJZTs,nYVfIRsk,555.0
720,0,iOuVBZzk,IHZGJZTs,517.0
664,0,JXTJImqP,rlRRFZPO,527.0
664,0,zZjujLYd,JXTJImqP,527.0
664,0,tkQUdzPW,zZjujLYd,549.0
664,0,xaaBiNQT,tkQUdzPW,549.0
664,0,eddhjHaw,xaaBiNQT,718.0
664,0,HzpUPWzy,eddhjHaw,718.0
427,0,gbxdgQQp,DvHSShZC,296.0
427,0,HeRWBWAv,gbxdgQQp,296.0
427,0,nObXmJzU,HeRWBWAv,481.0
427,0,ScxuUYRs,nObXmJzU,489.0
427,0,HzpUPWzy,ScxuUYRs,495.0
664,0,rlRRFZPO,BOjJhphU,114.0
233,0,GpnhEWuy,QDIpIlEK,147.0
233,0,YmkUpvHU,GpnhEWuy,133.0
253,0,WhHfbZWj,lsBVGYKC,4171.0
227,0,QgwCgjAi,nDzrviXX,861.0
227,0,zAwPDfkg,QgwCgjAi,18.0
356,0,anWZyaGW,DeiIsjyA,2773.0
664,0,QJswlIXy,HzpUPWzy,333.0
1506,0,LKVeVUNI,BpAiVnps,14015.0
1506,0,dbPZeeiE,LKVeVUNI,15666.0
1506,0,CsDsDrdU,dbPZeeiE,15100.0
1506,0,rJRvqICk,CsDsDrdU,14034.0
1506,0,AmahvgQB,rJRvqICk,13871.0
1506,0,aYSqaQmJ,AmahvgQB,13069.0
34,0,NuyYqrDq,rZoajhYh,4720.0
34,0,gpaAUChy,NuyYqrDq,5379.0
1244,0,FRJCPtXT,NuyYqrDq,969.0
1244,0,lWMzEGsN,FRJCPtXT,969.0
1244,0,IgEBJNwX,lWMzEGsN,969.0
1471,0,iPNesxKP,NQaaFyOm,2122.0
1471,0,lctVuVOk,iPNesxKP,2177.0
1471,0,iLaGOhZk,lctVuVOk,3524.0
1471,0,ZpgoacOO,iLaGOhZk,3524.0
1471,0,eYoPTdNP,ZpgoacOO,4106.0
1471,0,rlRRFZPO,eYoPTdNP,4106.0
1471,0,YEqGDaQm,rlRRFZPO,4145.0
1471,0,QjBtnCad,YEqGDaQm,4145.0
1471,0,WAnDToyk,QjBtnCad,4145.0
1471,0,UwPVTdeZ,WAnDToyk,4145.0
1471,0,gbxdgQQp,UwPVTdeZ,4145.0
1471,0,HeRWBWAv,gbxdgQQp,4145.0
1471,0,xjaGpszF,HeRWBWAv,4145.0
1471,0,ALSylDBQ,xjaGpszF,4145.0
1471,0,CTdLzzOf,ALSylDBQ,4815.0
1471,0,MOTjsakF,CTdLzzOf,4815.0
1747,0,CTdLzzOf,xjaGpszF,3517.0
1747,0,IgEBJNwX,CTdLzzOf,3517.0
1142,0,NXLrCKMp,xiTGCYEl,1500.0
1142,0,FyoAuDvn,NXLrCKMp,1500.0
1142,0,GpnhEWuy,FyoAuDvn,1794.0
1142,0,rRGVruPM,GpnhEWuy,1900.0
1142,0,mLBQtksd,rRGVruPM,1843.0
1142,0,knCDNjnp,mLBQtksd,2121.0
1142,0,nYVfIRsk,knCDNjnp,2121.0
1142,0,IHZGJZTs,nYVfIRsk,1774.0
1142,0,EcsZBajf,IHZGJZTs,1774.0
1142,0,iOuVBZzk,EcsZBajf,1970.0
1471,0,NQaaFyOm,gzZgDndk,1539.0
664,0,OrbXRiVv,QJswlIXy,326.0
448,0,QontmjvH,JIllbhjr,1.0
448,0,flXjJYer,QontmjvH,1.0
448,0,oBtsEQRM,flXjJYer,1.0
448,0,uxsctOEt,oBtsEQRM,1.0
448,0,lsFGVtlq,uxsctOEt,1.0
1740,0,DeiIsjyA,HQVZivsH,534.0
1740,0,anWZyaGW,DeiIsjyA,652.0
1740,0,OrbXRiVv,anWZyaGW,680.0
852,0,CEZTRnUo,qflzswAf,6.0
852,0,funWfCdm,CEZTRnUo,6.0
852,0,rnFrOJMw,funWfCdm,6.0
852,0,MklhhYCQ,rnFrOJMw,6.0
852,0,nzTRQfUi,MklhhYCQ,6.0
852,0,nhSXMXjw,nzTRQfUi,6.0
852,0,kjxfKqbD,nhSXMXjw,6.0
852,0,mSXRukCc,kjxfKqbD,6.0
852,0,FFGyTMvJ,mSXRukCc,6.0
852,0,eyAJPdep,FFGyTMvJ,6.0
852,0,lsBVGYKC,eyAJPdep,6.0
1140,0,eddhjHaw,xaaBiNQT,1370.0
1140,0,MmtauPfr,eddhjHaw,1370.0
482,0,EtvjcvTp,CKNrjFUU,2.0
427,0,NmoBNBiw,HzpUPWzy,773.0
427,0,MmtauPfr,NmoBNBiw,773.0
1506,0,paIawFeA,nIakFMcq,5117.0
1506,0,LYjhOoFf,paIawFeA,5214.0
1142,0,yFEIEiOj,yXKTuRtI,1340.0
1142,0,dlzglDFV,yFEIEiOj,1314.0
1142,0,pZATYgJX,dlzglDFV,1314.0
1142,0,DkqFSkSd,pZATYgJX,1314.0
1142,0,bZroqIhX,DkqFSkSd,1314.0
1142,0,cNuIRYrx,bZroqIhX,1314.0
34,0,IgEBJNwX,gpaAUChy,4656.0
34,0,NCVzutVL,IgEBJNwX,4903.0
1244,0,DSOJysaP,IgEBJNwX,1149.0
1142,0,yNIUaSyZ,cNuIRYrx,1309.0
1142,0,xiTGCYEl,yNIUaSyZ,1309.0
1747,0,Yhslgmod,IgEBJNwX,2911.0
449,0,anWZyaGW,DeiIsjyA,14.0
449,0,OrbXRiVv,anWZyaGW,14.0
449,0,cNuIRYrx,OrbXRiVv,30.0
449,0,yNIUaSyZ,cNuIRYrx,30.0
449,0,xiTGCYEl,yNIUaSyZ,30.0
449,0,NXLrCKMp,xiTGCYEl,30.0
449,0,FyoAuDvn,NXLrCKMp,30.0
449,0,GpnhEWuy,FyoAuDvn,30.0
449,0,mLBQtksd,GpnhEWuy,30.0
449,0,knCDNjnp,mLBQtksd,30.0
449,0,nYVfIRsk,knCDNjnp,30.0
449,0,IHZGJZTs,nYVfIRsk,30.0
449,0,EcsZBajf,IHZGJZTs,30.0
1471,0,IgEBJNwX,MOTjsakF,4285.0
1471,0,NCVzutVL,IgEBJNwX,4105.0
427,0,FBwCHGmG,MmtauPfr,1535.0
427,0,cEsQRYAp,FBwCHGmG,1535.0
1140,0,LtGOEkbi,MmtauPfr,1312.0
1140,0,YGTBEvoR,LtGOEkbi,1290.0
1140,0,nYVfIRsk,YGTBEvoR,783.0
1141,0,QontmjvH,JIllbhjr,844.0
1141,0,flXjJYer,QontmjvH,844.0
1141,0,oBtsEQRM,flXjJYer,844.0
1141,0,UFoaQvGg,oBtsEQRM,1150.0
1141,0,uxsctOEt,UFoaQvGg,1150.0
1141,0,lsFGVtlq,uxsctOEt,1158.0
1453,0,NUTqiXnx,RfEbENxd,609.0
1453,0,lsFGVtlq,NUTqiXnx,609.0
1365,0,GpnhEWuy,QDIpIlEK,4943.0
1365,0,rRGVruPM,GpnhEWuy,4942.0
1365,0,mLBQtksd,rRGVruPM,4706.0
1365,0,knCDNjnp,mLBQtksd,4055.0
1365,0,nYVfIRsk,knCDNjnp,4055.0
1365,0,IHZGJZTs,nYVfIRsk,4055.0
1365,0,EcsZBajf,IHZGJZTs,4055.0
1453,0,RfEbENxd,jQaLNViL,558.0
682,0,XtlnoPeE,fRBexIzo,517.0
682,0,eTJQHplR,XtlnoPeE,437.0
682,0,bZroqIhX,eTJQHplR,441.0
682,0,cNuIRYrx,bZroqIhX,441.0
682,0,yNIUaSyZ,cNuIRYrx,439.0
682,0,xiTGCYEl,yNIUaSyZ,439.0
682,0,NXLrCKMp,xiTGCYEl,338.0
682,0,FyoAuDvn,NXLrCKMp,338.0
682,0,GpnhEWuy,FyoAuDvn,338.0
682,0,mLBQtksd,GpnhEWuy,338.0
682,0,knCDNjnp,mLBQtksd,149.0
682,0,nYVfIRsk,knCDNjnp,149.0
682,0,IHZGJZTs,nYVfIRsk,149.0
685,0,XtlnoPeE,fRBexIzo,1672.0
685,0,eTJQHplR,XtlnoPeE,1608.0
685,0,bZroqIhX,eTJQHplR,2176.0
685,0,cNuIRYrx,bZroqIhX,2173.0
685,0,yNIUaSyZ,cNuIRYrx,2173.0
685,0,xiTGCYEl,yNIUaSyZ,2173.0
685,0,NXLrCKMp,xiTGCYEl,2070.0
685,0,FyoAuDvn,NXLrCKMp,2070.0
685,0,GpnhEWuy,FyoAuDvn,1162.0
685,0,mLBQtksd,GpnhEWuy,1161.0
685,0,knCDNjnp,mLBQtksd,732.0
685,0,nYVfIRsk,knCDNjnp,732.0
685,0,IHZGJZTs,nYVfIRsk,732.0
1318,0,eTJQHplR,XqVVjUzr,5967.0
712,0,RVGhYAxc,lmZJehpq,3366.0
712,0,BpAiVnps,RVGhYAxc,1294.0
1365,0,LKVeVUNI,BpAiVnps,2215.0
1365,0,dbPZeeiE,LKVeVUNI,2683.0
1365,0,CsDsDrdU,dbPZeeiE,2888.0
1365,0,rJRvqICk,CsDsDrdU,2981.0
1365,0,AmahvgQB,rJRvqICk,3038.0
1365,0,zgCGmKZn,AmahvgQB,3038.0
1365,0,JKFFGKvY,zgCGmKZn,3980.0
1365,0,EVAUYvVR,JKFFGKvY,4108.0
1365,0,GYfZYaJh,EVAUYvVR,4108.0
1365,0,WFZVQzrl,GYfZYaJh,4378.0
1365,0,QDIpIlEK,WFZVQzrl,4745.0
1512,0,QHFmFyLR,EkWBPXmr,1819.0
1512,0,neNWquOh,QHFmFyLR,1819.0
1512,0,KwaxxmSs,neNWquOh,1897.0
1512,0,gzZgDndk,KwaxxmSs,2602.0
1512,0,NQaaFyOm,gzZgDndk,3752.0
1512,0,iPNesxKP,NQaaFyOm,5969.0
1512,0,lctVuVOk,iPNesxKP,6763.0
1512,0,EocVuyzS,lctVuVOk,7226.0
1512,0,lwcIkPvE,EocVuyzS,7404.0
1512,0,suszCmcx,lwcIkPvE,7415.0
1512,0,UTBcifAN,suszCmcx,7974.0
1512,0,HQVZivsH,UTBcifAN,10159.0
1512,0,DeiIsjyA,HQVZivsH,10159.0
1512,0,anWZyaGW,DeiIsjyA,12738.0
1512,0,OrbXRiVv,anWZyaGW,12943.0
1512,0,cNuIRYrx,OrbXRiVv,13418.0
725,0,CTdLzzOf,YmDpkIHQ,1362.0
725,0,MOTjsakF,CTdLzzOf,1362.0
725,0,IgEBJNwX,MOTjsakF,1362.0
725,0,Yhslgmod,IgEBJNwX,2274.0
725,0,UfJDroVz,Yhslgmod,2487.0
12,0,YEqGDaQm,eYoPTdNP,302.0
12,0,QjBtnCad,YEqGDaQm,302.0
12,0,WAnDToyk,QjBtnCad,302.0
12,0,UwPVTdeZ,WAnDToyk,302.0
12,0,gbxdgQQp,UwPVTdeZ,302.0
12,0,HeRWBWAv,gbxdgQQp,302.0
12,0,xjaGpszF,HeRWBWAv,302.0
12,0,CTdLzzOf,xjaGpszF,302.0
12,0,MOTjsakF,CTdLzzOf,302.0
12,0,IgEBJNwX,MOTjsakF,302.0
12,0,Yhslgmod,IgEBJNwX,302.0
1471,0,Yhslgmod,NCVzutVL,4023.0
1512,0,yNIUaSyZ,cNuIRYrx,13289.0
1512,0,xiTGCYEl,yNIUaSyZ,13289.0
102,0,WdOwNGhj,xfbmoJHP,1288.0
102,0,kKKRBhFF,WdOwNGhj,1288.0
102,0,NFInfBeu,kKKRBhFF,1434.0
102,0,VCQdmIoF,NFInfBeu,1434.0
102,0,ePrpofUw,VCQdmIoF,1434.0
102,0,KcvPUxQg,ePrpofUw,1512.0
102,0,BlnSxBAr,KcvPUxQg,1666.0
102,0,WuDSdBCd,BlnSxBAr,2099.0
102,0,icUsjZEb,WuDSdBCd,2155.0
102,0,lhadwkCG,icUsjZEb,2155.0
102,0,awnNVqry,lhadwkCG,2155.0
102,0,mXwfazRz,awnNVqry,2155.0
102,0,NGAodVTg,mXwfazRz,2155.0
102,0,TvGyfQSI,NGAodVTg,2155.0
102,0,HFYkXdPG,TvGyfQSI,2155.0
102,0,KjgVoxgR,HFYkXdPG,2155.0
102,0,EmkugZPX,KjgVoxgR,2152.0
102,0,lmZJehpq,EmkugZPX,2148.0
102,0,RVGhYAxc,lmZJehpq,2148.0
102,0,BpAiVnps,RVGhYAxc,2132.0
102,0,LKVeVUNI,BpAiVnps,2130.0
102,0,dbPZeeiE,LKVeVUNI,1606.0
102,0,CsDsDrdU,dbPZeeiE,1595.0
102,0,rJRvqICk,CsDsDrdU,1261.0
102,0,AmahvgQB,rJRvqICk,1261.0
102,0,aYSqaQmJ,AmahvgQB,1249.0
664,0,cNuIRYrx,OrbXRiVv,410.0
664,0,yNIUaSyZ,cNuIRYrx,403.0
664,0,xiTGCYEl,yNIUaSyZ,403.0
666,0,WAnDToyk,KHrhIPzf,182.0
666,0,HUkyeYlq,WAnDToyk,182.0
666,0,PYpgWopD,HUkyeYlq,225.0
666,0,lDeAZniB,PYpgWopD,225.0
666,0,bLzlxnwB,lDeAZniB,225.0
666,0,wSspaAkq,bLzlxnwB,333.0
666,0,NppIhzQC,wSspaAkq,333.0
666,0,anWZyaGW,NppIhzQC,333.0
666,0,OrbXRiVv,anWZyaGW,333.0
666,0,cNuIRYrx,OrbXRiVv,333.0
666,0,yNIUaSyZ,cNuIRYrx,333.0
666,0,xiTGCYEl,yNIUaSyZ,333.0
725,0,biJBLznK,UfJDroVz,2476.0
725,0,TcsyXYNn,biJBLznK,2476.0
725,0,qKeCDDXI,TcsyXYNn,3093.0
253,0,GbYxEXTt,YmkUpvHU,3197.0
233,0,GbYxEXTt,YmkUpvHU,93.0
233,0,ItndWSiW,GbYxEXTt,93.0
1468,0,YmkUpvHU,rRGVruPM,169.0
1468,0,GbYxEXTt,YmkUpvHU,169.0
528,0,IESGsZGI,QDIpIlEK,718.0
528,0,GpnhEWuy,IESGsZGI,718.0
528,0,rRGVruPM,GpnhEWuy,718.0
528,0,YmkUpvHU,rRGVruPM,782.0
528,0,GbYxEXTt,YmkUpvHU,782.0
528,0,ItndWSiW,GbYxEXTt,782.0
1468,0,PZviXSbJ,hHvKehYu,4.0
1750,0,GpnhEWuy,QDIpIlEK,660.0
1750,0,rRGVruPM,GpnhEWuy,660.0
1750,0,YmkUpvHU,rRGVruPM,512.0
1750,0,GbYxEXTt,YmkUpvHU,512.0
798,0,GpnhEWuy,QDIpIlEK,801.0
798,0,rRGVruPM,GpnhEWuy,801.0
798,0,YmkUpvHU,rRGVruPM,801.0
798,0,GbYxEXTt,YmkUpvHU,801.0
803,0,GbYxEXTt,YmkUpvHU,79.0
803,0,ItndWSiW,GbYxEXTt,79.0
798,0,llFTEWtD,IulxyPoH,159.0
798,0,fPhIOSOj,llFTEWtD,159.0
798,0,PQDqFTyk,fPhIOSOj,159.0
798,0,lUWTaWkd,PQDqFTyk,168.0
798,0,LDSuadxM,lUWTaWkd,168.0
143,0,tTjpyeuP,GMrJWgHs,722.0
143,0,elxmPCDf,tTjpyeuP,722.0
143,0,tcbhlVZo,elxmPCDf,722.0
143,0,HxnLIWQq,tcbhlVZo,2066.0
143,0,wqGWmwVd,HxnLIWQq,2066.0
143,0,ACkvbmee,wqGWmwVd,2066.0
143,0,FtWuEuzF,ACkvbmee,2066.0
143,0,RtTLxXUv,FtWuEuzF,2058.0
143,0,JGydtICe,RtTLxXUv,2982.0
143,0,zjGRmLyo,JGydtICe,2991.0
143,0,EXTmTMKf,zjGRmLyo,2994.0
143,0,yfIoPTHo,EXTmTMKf,2005.0
143,0,GnOurcjN,yfIoPTHo,2126.0
1554,0,udTxdaUq,YmkUpvHU,32.0
1554,0,ItndWSiW,udTxdaUq,32.0
825,0,vlhncUdg,wgnVmusT,20.0
825,0,xGVMKwkH,vlhncUdg,20.0
825,0,DcYEFBXI,xGVMKwkH,20.0
825,0,mSlRsDTZ,DcYEFBXI,45.0
825,0,iHPgoVQd,mSlRsDTZ,45.0
825,0,LEMCEoBI,iHPgoVQd,46.0
825,0,VbipnzIy,LEMCEoBI,46.0
825,0,vLvetIEj,VbipnzIy,56.0
825,0,veZdNrwJ,vLvetIEj,56.0
825,0,UHrZZaJI,veZdNrwJ,56.0
825,0,XYPsfiKq,UHrZZaJI,56.0
825,0,EZonlaGf,XYPsfiKq,72.0
825,0,wcUGKfLa,EZonlaGf,76.0
825,0,ZJxogzZw,wcUGKfLa,46.0
825,0,Uacajbua,ZJxogzZw,46.0
825,0,ZLCIvgrp,Uacajbua,44.0
825,0,ucVTqZIB,ZLCIvgrp,44.0
825,0,FDrhtNjK,ucVTqZIB,44.0
825,0,YVGWiGkc,FDrhtNjK,44.0
825,0,CqPWXNIf,YVGWiGkc,44.0
825,0,iZfXNAue,CqPWXNIf,44.0
736,0,qheIKvdP,bInfxKVp,2701.0
736,0,rBGGtpqI,qheIKvdP,2688.0
736,0,DeWEzUGk,rBGGtpqI,2688.0
736,0,XQiQvefE,DeWEzUGk,2688.0
736,0,OSxOVFcp,XQiQvefE,2688.0
736,0,vjVhbIrq,OSxOVFcp,2688.0
736,0,LeICPOtv,vjVhbIrq,2899.0
736,0,WhCgdKgR,LeICPOtv,2899.0
736,0,eyUKPfnA,WhCgdKgR,2899.0
1740,0,cNuIRYrx,OrbXRiVv,510.0
1740,0,yNIUaSyZ,cNuIRYrx,510.0
1740,0,xiTGCYEl,yNIUaSyZ,505.0
250,0,bZroqIhX,eTJQHplR,2036.0
250,0,cNuIRYrx,bZroqIhX,2039.0
250,0,yNIUaSyZ,cNuIRYrx,1535.0
250,0,xiTGCYEl,yNIUaSyZ,1535.0
1142,0,EGZEcfNZ,lqMPnIra,153.0
1142,0,SgGmeaHk,EGZEcfNZ,153.0
1142,0,tpTDqbZI,SgGmeaHk,170.0
1142,0,hhrNEaMZ,tpTDqbZI,170.0
1142,0,BeiMHrtx,hhrNEaMZ,170.0
1142,0,sZwmfbNt,BeiMHrtx,170.0
319,0,EdqXvVeI,nPkrzCty,532.0
319,0,oBjbzljy,EdqXvVeI,532.0
1318,0,SvGtXrYj,OPXtWBVk,3309.0
1318,0,TdfMaTlB,SvGtXrYj,3309.0
1318,0,STSGJiIu,TdfMaTlB,2951.0
1318,0,vpctkpYQ,STSGJiIu,3192.0
1318,0,XqVVjUzr,vpctkpYQ,3245.0
866,0,zKrYjMnL,AGvhWyhD,2536.0
866,0,tRncbstl,WFZVQzrl,413.0
866,0,GiONHkbf,tRncbstl,413.0
866,0,QDIpIlEK,GiONHkbf,291.0
866,0,GpnhEWuy,QDIpIlEK,161.0
866,0,rRGVruPM,GpnhEWuy,161.0
866,0,YmkUpvHU,rRGVruPM,133.0
866,0,GbYxEXTt,YmkUpvHU,133.0
866,0,ItndWSiW,GbYxEXTt,133.0
880,0,uFMjBiuq,OUzlATeX,15.0
880,0,yQTYDvhm,uFMjBiuq,15.0
880,0,ySPnpMTg,yQTYDvhm,15.0
880,0,ZIPCqImv,ySPnpMTg,15.0
880,0,aWNaUdzp,ZIPCqImv,15.0
880,0,FCsbIOBe,aWNaUdzp,15.0
880,0,wyEQXfIU,FCsbIOBe,15.0
880,0,WhHfbZWj,wyEQXfIU,15.0
880,0,nsbHlbAq,WhHfbZWj,6.0
880,0,cwgbfpqq,nsbHlbAq,6.0
880,0,fMrlznIn,cwgbfpqq,6.0
880,0,uXKxCjNA,fMrlznIn,6.0
880,0,bOiSLYGO,uXKxCjNA,6.0
880,0,mhgPTzcZ,bOiSLYGO,6.0
880,0,WFZVQzrl,mhgPTzcZ,6.0
880,0,GiONHkbf,WFZVQzrl,6.0
880,0,QDIpIlEK,GiONHkbf,6.0
880,0,OeFzXvJs,QDIpIlEK,3.0
880,0,IESGsZGI,OeFzXvJs,3.0
880,0,GpnhEWuy,IESGsZGI,3.0
880,0,YmkUpvHU,GpnhEWuy,3.0
880,0,udTxdaUq,YmkUpvHU,3.0
880,0,ItndWSiW,udTxdaUq,3.0
253,0,CEZTRnUo,qflzswAf,3897.0
253,0,funWfCdm,CEZTRnUo,3897.0
253,0,rnFrOJMw,funWfCdm,3897.0
253,0,MklhhYCQ,rnFrOJMw,3897.0
253,0,nzTRQfUi,MklhhYCQ,3931.0
253,0,nhSXMXjw,nzTRQfUi,3946.0
253,0,kjxfKqbD,nhSXMXjw,3947.0
253,0,mSXRukCc,kjxfKqbD,3964.0
253,0,FFGyTMvJ,mSXRukCc,3964.0
253,0,lsBVGYKC,FFGyTMvJ,4176.0
1398,0,mhYSfvAq,UgzfanVk,28.0
1453,0,jQaLNViL,XJRnAJHc,293.0
1453,0,WUWIxCFc,OdzEGWPG,492.0
1453,0,XJRnAJHc,WUWIxCFc,492.0
1453,0,cQHgTjKq,wGTdgRcU,508.0
1453,0,ruogAkOJ,cQHgTjKq,508.0
1453,0,tndfGrTh,ruogAkOJ,508.0
1453,0,OdzEGWPG,tndfGrTh,508.0
1453,0,meZHMfSd,yTNmoAGc,617.0
1453,0,wGTdgRcU,meZHMfSd,617.0
1453,0,wDEypHfE,QCBPrBCl,762.0
1453,0,yTNmoAGc,wDEypHfE,795.0
1453,0,rGYrQqGa,OUTzwMHI,924.0
1453,0,QCBPrBCl,rGYrQqGa,924.0
1453,0,FcnKVDJl,jQytwadI,1700.0
1453,0,mIuUuYnu,FcnKVDJl,1700.0
1453,0,OUTzwMHI,mIuUuYnu,1076.0
1453,0,JZbiEaEt,LsuNFzpq,5395.0
1453,0,RchOKnYD,JZbiEaEt,5956.0
1453,0,BMDeXhVp,RchOKnYD,5956.0
1453,0,jQytwadI,BMDeXhVp,5956.0
1366,0,jQaLNViL,gyQqEnFq,913.0
1366,0,RfEbENxd,jQaLNViL,1013.0
1366,0,UFoaQvGg,RfEbENxd,1676.0
1366,0,uxsctOEt,UFoaQvGg,1676.0
1366,0,lsFGVtlq,uxsctOEt,1677.0
1366,0,UfJDroVz,lsFGVtlq,1684.0
1366,0,biJBLznK,UfJDroVz,1684.0
1512,0,NXLrCKMp,xiTGCYEl,11880.0
1512,0,FyoAuDvn,NXLrCKMp,11879.0
1733,0,hCbDNPhh,kzneBolb,236.0
1733,0,oFLgHrco,hCbDNPhh,236.0
1733,0,yrWAEsGy,oFLgHrco,236.0
1733,0,qGIkRenz,yrWAEsGy,236.0
1733,0,ytUqATXS,qGIkRenz,236.0
1733,0,TcsyXYNn,ytUqATXS,236.0
1733,0,qKeCDDXI,TcsyXYNn,236.0
1733,0,YmkUpvHU,qKeCDDXI,236.0
108,0,lmZJehpq,EmkugZPX,9852.0
108,0,tDDddUJb,lmZJehpq,9809.0
108,0,RVGhYAxc,tDDddUJb,9271.0
108,0,BpAiVnps,RVGhYAxc,5650.0
427,0,qKeCDDXI,cEsQRYAp,1534.0
1740,0,NXLrCKMp,xiTGCYEl,462.0
1740,0,FyoAuDvn,NXLrCKMp,462.0
1740,0,GpnhEWuy,FyoAuDvn,457.0
1740,0,mLBQtksd,GpnhEWuy,457.0
719,0,uxsctOEt,RfEbENxd,2782.0
719,0,UfJDroVz,uxsctOEt,2782.0
719,0,TcsyXYNn,UfJDroVz,2782.0
719,0,qKeCDDXI,TcsyXYNn,2782.0
719,0,jQaLNViL,gyQqEnFq,726.0
719,0,RfEbENxd,jQaLNViL,970.0
601,0,qvujbmjR,mKIQRbrs,1251.0
601,0,upZFxFqB,qvujbmjR,1251.0
601,0,SqxhBMol,upZFxFqB,1251.0
601,0,nrKKniYe,SqxhBMol,1268.0
601,0,HrNWphPZ,nrKKniYe,1920.0
601,0,XwcxmOai,HrNWphPZ,1963.0
601,0,RfzcmazU,XwcxmOai,1779.0
369,0,bZroqIhX,eTJQHplR,1018.0
369,0,cNuIRYrx,bZroqIhX,1019.0
369,0,yNIUaSyZ,cNuIRYrx,1265.0
369,0,xiTGCYEl,yNIUaSyZ,1265.0
369,0,NXLrCKMp,xiTGCYEl,2276.0
369,0,FyoAuDvn,NXLrCKMp,2276.0
369,0,GpnhEWuy,FyoAuDvn,2336.0
369,0,rRGVruPM,GpnhEWuy,2493.0
369,0,mLBQtksd,rRGVruPM,2539.0
1506,0,zgCGmKZn,aYSqaQmJ,12587.0
1506,0,JKFFGKvY,zgCGmKZn,12082.0
1183,0,HACGurUy,ABBXwUbo,130.0
1183,0,IAWSKEHF,HACGurUy,158.0
1183,0,leVkrEcC,IAWSKEHF,158.0
1183,0,XiLvnZTk,leVkrEcC,153.0
1183,0,FStgRiBS,XiLvnZTk,50.0
1183,0,GkYZbgqg,FStgRiBS,50.0
1183,0,FlYjxOxQ,GkYZbgqg,50.0
1183,0,wFSILCzc,FlYjxOxQ,50.0
1183,0,yQQuLFAg,wFSILCzc,50.0
1183,0,rckblBTM,yQQuLFAg,33.0
1183,0,fGmFhgnx,rckblBTM,27.0
1183,0,XyHfgUxW,fGmFhgnx,18.0
1183,0,zjjLSYAp,XyHfgUxW,18.0
1183,0,nIakFMcq,zjjLSYAp,18.0
1497,0,XMWgellz,vqGhvZJF,737.0
1497,0,EmkugZPX,XMWgellz,514.0
1497,0,lmZJehpq,EmkugZPX,514.0
1497,0,tDDddUJb,lmZJehpq,514.0
1497,0,RVGhYAxc,tDDddUJb,511.0
1497,0,BpAiVnps,RVGhYAxc,456.0
1255,0,XiLvnZTk,Vlipnutt,987.0
1255,0,FStgRiBS,XiLvnZTk,994.0
1255,0,GkYZbgqg,FStgRiBS,994.0
1255,0,FlYjxOxQ,GkYZbgqg,994.0
1255,0,wFSILCzc,FlYjxOxQ,994.0
1255,0,yQQuLFAg,wFSILCzc,1002.0
1255,0,rUKSlFeh,yQQuLFAg,1719.0
1124,0,XXYtSQEl,wRBXcbqq,113.0
1124,0,MklhhYCQ,XXYtSQEl,113.0
1124,0,nzTRQfUi,MklhhYCQ,87.0
1124,0,nhSXMXjw,nzTRQfUi,62.0
1124,0,kjxfKqbD,nhSXMXjw,52.0
1124,0,mSXRukCc,kjxfKqbD,52.0
1124,0,FFGyTMvJ,mSXRukCc,52.0
1124,0,lsBVGYKC,FFGyTMvJ,51.0
1124,0,WhHfbZWj,lsBVGYKC,51.0
1244,0,YQjdQVmS,DSOJysaP,966.0
1244,0,JIllbhjr,YQjdQVmS,966.0
449,0,iOuVBZzk,EcsZBajf,25.0
449,0,cTQVugNT,iOuVBZzk,25.0
449,0,iAOahMMx,cTQVugNT,25.0
449,0,LoadLeSC,iAOahMMx,25.0
449,0,MAwbjJfJ,LoadLeSC,25.0
449,0,jIFrASnh,MAwbjJfJ,25.0
1142,0,MvaVVzVx,iOuVBZzk,1972.0
1142,0,cTQVugNT,MvaVVzVx,1972.0
1142,0,iAOahMMx,cTQVugNT,664.0
1142,0,LoadLeSC,iAOahMMx,664.0
1142,0,MAwbjJfJ,LoadLeSC,664.0
1142,0,jIFrASnh,MAwbjJfJ,664.0
1245,0,LoadLeSC,VnwdBPma,1181.0
1245,0,jIFrASnh,LoadLeSC,1181.0
1245,0,jQaLNViL,gyQqEnFq,455.0
1245,0,VnwdBPma,jQaLNViL,479.0
682,0,iOuVBZzk,IHZGJZTs,94.0
682,0,MvaVVzVx,iOuVBZzk,94.0
682,0,VnwdBPma,MvaVVzVx,94.0
682,0,LoadLeSC,VnwdBPma,94.0
682,0,MAwbjJfJ,LoadLeSC,94.0
682,0,jIFrASnh,MAwbjJfJ,94.0
685,0,JGbfxLUL,KQSHMGnw,383.0
685,0,IjwLXBRx,JGbfxLUL,383.0
685,0,TPsFloRu,IjwLXBRx,450.0
685,0,VCDwRKse,TPsFloRu,1125.0
685,0,wvKdtztS,VCDwRKse,1128.0
685,0,LBOtcvsG,wvKdtztS,1128.0
34,0,cTQVugNT,NCVzutVL,4530.0
1471,0,MvaVVzVx,Yhslgmod,3716.0
1471,0,cTQVugNT,MvaVVzVx,3716.0
1747,0,cTQVugNT,Yhslgmod,2732.0
1740,0,knCDNjnp,mLBQtksd,313.0
1740,0,nYVfIRsk,knCDNjnp,313.0
1740,0,IHZGJZTs,nYVfIRsk,313.0
1740,0,iOuVBZzk,IHZGJZTs,313.0
1740,0,cTQVugNT,iOuVBZzk,313.0
1244,0,flXjJYer,JIllbhjr,1163.0
1244,0,oBtsEQRM,flXjJYer,1163.0
1365,0,MvaVVzVx,EcsZBajf,4031.0
1365,0,cTQVugNT,MvaVVzVx,4031.0
685,0,iOuVBZzk,IHZGJZTs,608.0
685,0,MvaVVzVx,iOuVBZzk,608.0
685,0,cTQVugNT,MvaVVzVx,608.0
720,0,cTQVugNT,iOuVBZzk,401.0
762,0,hFISFuCO,BxmxkKGC,5991.0
762,0,fQRLOpha,hFISFuCO,5991.0
1435,0,ejMjPdTH,SVPLEqNI,10047.0
1435,0,CKorGRkE,ejMjPdTH,10312.0
1435,0,eaNsVWDR,CKorGRkE,10312.0
1435,0,xzbhGFLT,eaNsVWDR,10249.0
1435,0,hpACGGyB,xzbhGFLT,10947.0
1435,0,VgUdLlOW,hpACGGyB,10938.0
1435,0,ywuGpANM,VgUdLlOW,10913.0
1435,0,BZCtSmhk,ywuGpANM,7571.0
1435,0,NbgxPNNK,BZCtSmhk,7922.0
1435,0,vOKcaAnW,NbgxPNNK,7695.0
1435,0,HOwZAROe,vOKcaAnW,7321.0
1435,0,opPTwucI,HOwZAROe,7476.0
1435,0,htzVSGDL,opPTwucI,7529.0
1435,0,KabAcwBq,htzVSGDL,7532.0
1435,0,HAmwZMhM,KabAcwBq,7187.0
1140,0,ulSrvocN,nYVfIRsk,1120.0
1140,0,CqefHKGq,ulSrvocN,1120.0
369,0,knCDNjnp,mLBQtksd,4602.0
369,0,nYVfIRsk,knCDNjnp,4602.0
369,0,ulSrvocN,nYVfIRsk,4728.0
369,0,CqefHKGq,ulSrvocN,4728.0
1178,0,dJJmWSZi,WyfCQhSW,6100.0
1178,0,JNybvbry,dJJmWSZi,6100.0
1178,0,pKQmWfSR,JNybvbry,6100.0
1178,0,AFMSRepx,pKQmWfSR,6832.0
1178,0,WEgiiGlQ,AFMSRepx,7073.0
1178,0,sLYsFXAH,WEgiiGlQ,7073.0
1178,0,WjKdBsVK,sLYsFXAH,7073.0
1178,0,STKMtPtJ,WjKdBsVK,7073.0
1178,0,MyVorJBj,STKMtPtJ,7073.0
1178,0,AayEawbi,MyVorJBj,7073.0
1178,0,MQIshiHv,AayEawbi,6892.0
1178,0,ZqROcYrU,MQIshiHv,6892.0
1178,0,pKwZMigm,ZqROcYrU,6892.0
1178,0,watqBVeC,pKwZMigm,6892.0
1178,0,PAegbDaK,watqBVeC,7809.0
1178,0,MCZGGmLQ,PAegbDaK,7683.0
1178,0,WIZPpGvl,MCZGGmLQ,6911.0
1178,0,qflzswAf,WIZPpGvl,6901.0
250,0,NXLrCKMp,xiTGCYEl,1324.0
250,0,FyoAuDvn,NXLrCKMp,1330.0
250,0,WOOyqinT,FyoAuDvn,1265.0
369,0,rSnWVhOw,CqefHKGq,4871.0
529,0,elmHqfIN,jTofnsvB,880.0
529,0,YhQOzAWJ,elmHqfIN,880.0
529,0,vNuEvleV,YhQOzAWJ,880.0
529,0,FUctipSE,vNuEvleV,880.0
529,0,PWitnUnB,FUctipSE,402.0
529,0,zwmwkNcj,PWitnUnB,402.0
529,0,DJDPVkXF,zwmwkNcj,402.0
529,0,FrOiWYSP,DJDPVkXF,373.0
529,0,mNGfniSu,FrOiWYSP,373.0
529,0,qjwSVoCq,mNGfniSu,234.0
1441,0,xbhuXgnr,JGydtICe,717.0
1441,0,zjGRmLyo,xbhuXgnr,717.0
1441,0,EXTmTMKf,zjGRmLyo,717.0
1441,0,yfIoPTHo,EXTmTMKf,717.0
1441,0,GnOurcjN,yfIoPTHo,717.0
1441,0,vHkAlmCm,GnOurcjN,629.0
1441,0,WynPMslR,vHkAlmCm,629.0
1441,0,qjwSVoCq,WynPMslR,557.0
1512,0,WOOyqinT,FyoAuDvn,11822.0
1512,0,mnkgCFDT,WOOyqinT,13303.0
102,0,zgCGmKZn,aYSqaQmJ,1183.0
102,0,JKFFGKvY,zgCGmKZn,1102.0
102,0,EVAUYvVR,JKFFGKvY,1102.0
102,0,GYfZYaJh,EVAUYvVR,1102.0
102,0,hSQYmgMj,GYfZYaJh,454.0
102,0,mnkgCFDT,hSQYmgMj,454.0
666,0,ZyxFjabk,yQIotbyH,94.0
666,0,RyfxjoUl,ZyxFjabk,94.0
666,0,QIQMIQBO,RyfxjoUl,94.0
666,0,KHrhIPzf,QIQMIQBO,94.0
666,0,NXLrCKMp,xiTGCYEl,250.0
666,0,FyoAuDvn,NXLrCKMp,250.0
666,0,WOOyqinT,FyoAuDvn,250.0
666,0,mnkgCFDT,WOOyqinT,250.0
232,0,NXLrCKMp,xiTGCYEl,2706.0
232,0,FyoAuDvn,NXLrCKMp,2711.0
232,0,WOOyqinT,FyoAuDvn,3137.0
232,0,VfTFpfzB,WOOyqinT,3227.0
427,0,YmkUpvHU,qKeCDDXI,1689.0
427,0,WOOyqinT,YmkUpvHU,1689.0
427,0,mnkgCFDT,WOOyqinT,1658.0
719,0,YmkUpvHU,qKeCDDXI,2449.0
719,0,WOOyqinT,YmkUpvHU,2371.0
719,0,mnkgCFDT,WOOyqinT,2257.0
143,0,mnkgCFDT,YmkUpvHU,134.0
528,0,pRBbbEoD,YspLWkZX,605.0
528,0,cfVAtKgo,pRBbbEoD,605.0
528,0,QMiQTlda,cfVAtKgo,609.0
528,0,MaKoROaE,QMiQTlda,609.0
528,0,NrNaZyPp,MaKoROaE,609.0
143,0,vHkAlmCm,GnOurcjN,2366.0
143,0,YspLWkZX,vHkAlmCm,2366.0
143,0,pRBbbEoD,YspLWkZX,2028.0
143,0,cfVAtKgo,pRBbbEoD,2028.0
143,0,QMiQTlda,cfVAtKgo,2029.0
143,0,MaKoROaE,QMiQTlda,2029.0
143,0,NrNaZyPp,MaKoROaE,2029.0
1452,0,gHieypBQ,IOpdOfiF,7125.0
1452,0,vfoDngvn,gHieypBQ,7125.0
1452,0,EPWXwPSq,vfoDngvn,7125.0
994,0,NrNaZyPp,MaKoROaE,902.0
994,0,mexFgKBp,NrNaZyPp,490.0
72,0,rilZLDfI,TzZKgVDl,44.0
72,0,kTKiYpVR,rilZLDfI,65.0
72,0,bjpXdchK,kTKiYpVR,77.0
72,0,dEgXqWEW,bjpXdchK,77.0
72,0,ZWGREbnj,dEgXqWEW,77.0
72,0,cgIzawVB,ZWGREbnj,77.0
72,0,CbYTLXWK,cgIzawVB,77.0
72,0,kWrGTFqC,CbYTLXWK,77.0
72,0,ubEwIGdf,kWrGTFqC,77.0
72,0,aBKtLgYB,ubEwIGdf,77.0
72,0,qduHdsCL,aBKtLgYB,77.0
72,0,GYMzAvFw,qduHdsCL,77.0
72,0,VXAxIwYs,GYMzAvFw,77.0
72,0,ZHWKFCEn,VXAxIwYs,77.0
72,0,KbemmdTp,ZHWKFCEn,77.0
72,0,wTVyxBBy,KbemmdTp,77.0
72,0,LNRgsQQF,wTVyxBBy,77.0
72,0,lhYDMMsV,LNRgsQQF,75.0
72,0,OhgtKZPi,lhYDMMsV,75.0
72,0,MULNmVBJ,OhgtKZPi,75.0
313,0,NGAodVTg,cmBFyxQG,795.0
313,0,TvGyfQSI,NGAodVTg,794.0
313,0,HFYkXdPG,TvGyfQSI,793.0
313,0,KjgVoxgR,HFYkXdPG,810.0
313,0,EmkugZPX,KjgVoxgR,966.0
313,0,lmZJehpq,EmkugZPX,929.0
313,0,RVGhYAxc,lmZJehpq,1492.0
313,0,BpAiVnps,RVGhYAxc,1276.0
313,0,LKVeVUNI,BpAiVnps,1260.0
313,0,dbPZeeiE,LKVeVUNI,1130.0
313,0,CsDsDrdU,dbPZeeiE,1169.0
313,0,rJRvqICk,CsDsDrdU,1170.0
313,0,AmahvgQB,rJRvqICk,1170.0
313,0,aYSqaQmJ,AmahvgQB,1150.0
313,0,zgCGmKZn,aYSqaQmJ,1578.0
313,0,JKFFGKvY,zgCGmKZn,1539.0
313,0,EVAUYvVR,JKFFGKvY,1541.0
313,0,GYfZYaJh,EVAUYvVR,1547.0
313,0,hSQYmgMj,GYfZYaJh,1483.0
313,0,mnkgCFDT,hSQYmgMj,1483.0
1748,0,bZroqIhX,eTJQHplR,1699.0
1748,0,yNIUaSyZ,bZroqIhX,1699.0
1748,0,xiTGCYEl,yNIUaSyZ,1704.0
1748,0,NXLrCKMp,xiTGCYEl,3053.0
1748,0,FyoAuDvn,NXLrCKMp,3053.0
1748,0,WOOyqinT,FyoAuDvn,3053.0
1748,0,VfTFpfzB,WOOyqinT,3110.0
1263,0,cdpcgPuX,RufmISTr,5338.0
1263,0,qnxnYECs,cdpcgPuX,5338.0
1263,0,QNScHwgR,qnxnYECs,5338.0
1263,0,dLUoTBAU,QNScHwgR,5301.0
1263,0,NfHwMQdR,dLUoTBAU,3222.0
1263,0,EGZEcfNZ,NfHwMQdR,3222.0
1263,0,SgGmeaHk,EGZEcfNZ,3222.0
1263,0,tpTDqbZI,SgGmeaHk,3279.0
1263,0,hhrNEaMZ,tpTDqbZI,3279.0
1263,0,BeiMHrtx,hhrNEaMZ,3279.0
1263,0,sZwmfbNt,BeiMHrtx,3318.0
1263,0,oBjbzljy,sZwmfbNt,4048.0
1263,0,aYSqaQmJ,oBjbzljy,4880.0
1263,0,zgCGmKZn,aYSqaQmJ,5348.0
1326,0,JxFLnqJu,pkhwWQVf,1139.0
1326,0,GDiQpvtB,JxFLnqJu,1139.0
1326,0,fGmFhgnx,GDiQpvtB,1139.0
1326,0,XyHfgUxW,fGmFhgnx,707.0
1326,0,zjjLSYAp,XyHfgUxW,703.0
1326,0,nIakFMcq,zjjLSYAp,703.0
1075,0,THcpliIL,fikrodNW,1420.0
1075,0,HaEOaLMB,THcpliIL,1420.0
1075,0,IkeqCtDY,HaEOaLMB,1417.0
1075,0,wpHpdxFs,IkeqCtDY,1447.0
1075,0,QHulIYnO,wpHpdxFs,1447.0
1075,0,sKtQEUzZ,QHulIYnO,1459.0
1075,0,acVCzwtl,sKtQEUzZ,1461.0
1075,0,TIlepZYr,acVCzwtl,1456.0
751,0,AEUmstNW,WKiVoaSt,404.0
751,0,PfGRcOsd,AEUmstNW,403.0
751,0,bLWPtAll,PfGRcOsd,403.0
751,0,BDmybVdG,bLWPtAll,403.0
1125,0,CVPWCvNJ,BDmybVdG,333.0
1125,0,muVREKCV,CVPWCvNJ,518.0
1125,0,BsRMZbGV,muVREKCV,518.0
1125,0,yRjqmRuq,BsRMZbGV,595.0
1125,0,pTTspriv,yRjqmRuq,595.0
80,0,tjYcJLRB,EkWBPXmr,1068.0
80,0,iYMJvRAf,tjYcJLRB,1242.0
80,0,KplKuAnp,iYMJvRAf,1295.0
80,0,FTwVCxQy,KplKuAnp,1295.0
80,0,xnBCUPNx,FTwVCxQy,1654.0
80,0,MEVzYGii,xnBCUPNx,1670.0
80,0,yQIotbyH,MEVzYGii,1670.0
80,0,taEXnGBL,yQIotbyH,2451.0
80,0,rZoajhYh,taEXnGBL,2451.0
80,0,NuyYqrDq,rZoajhYh,2451.0
80,0,gpaAUChy,NuyYqrDq,2649.0
80,0,IgEBJNwX,gpaAUChy,2649.0
80,0,NCVzutVL,IgEBJNwX,2886.0
80,0,cTQVugNT,NCVzutVL,2894.0
80,0,cNypyxpr,cTQVugNT,3863.0
80,0,uRlXNIwL,cNypyxpr,4354.0
12,0,MvaVVzVx,Yhslgmod,294.0
12,0,cTQVugNT,MvaVVzVx,294.0
12,0,cNypyxpr,cTQVugNT,294.0
12,0,gyQqEnFq,cNypyxpr,294.0
1471,0,cNypyxpr,cTQVugNT,3355.0
1471,0,gyQqEnFq,cNypyxpr,3310.0
1747,0,cNypyxpr,cTQVugNT,1166.0
1747,0,gyQqEnFq,cNypyxpr,858.0
1740,0,cNypyxpr,cTQVugNT,241.0
1740,0,gyQqEnFq,cNypyxpr,174.0
1365,0,WvPJYXMk,cTQVugNT,1805.0
1365,0,gyQqEnFq,WvPJYXMk,1713.0
1244,0,TwyfqMnN,oBtsEQRM,479.0
1244,0,cNypyxpr,TwyfqMnN,479.0
1244,0,gyQqEnFq,cNypyxpr,421.0
1532,0,gyQqEnFq,WvPJYXMk,2327.0
529,0,WvPJYXMk,qjwSVoCq,219.0
529,0,gyQqEnFq,WvPJYXMk,219.0
1435,0,gyQqEnFq,WvPJYXMk,3660.0
1419,0,RSQixiib,HLAPntjh,3891.0
1419,0,qrzeRBPC,RSQixiib,725.0
1419,0,phXawcIY,qrzeRBPC,720.0
1419,0,EXTmTMKf,phXawcIY,713.0
1419,0,yfIoPTHo,EXTmTMKf,713.0
1419,0,GnOurcjN,yfIoPTHo,713.0
1419,0,vHkAlmCm,GnOurcjN,202.0
1419,0,WynPMslR,vHkAlmCm,202.0
1419,0,qjwSVoCq,WynPMslR,154.0
1419,0,WvPJYXMk,qjwSVoCq,154.0
1419,0,gyQqEnFq,WvPJYXMk,154.0
1441,0,gyQqEnFq,qjwSVoCq,541.0
1435,0,AUmOMGnp,YqlTLIQa,12332.0
1435,0,SVPLEqNI,AUmOMGnp,13029.0
1435,0,FZsFzszJ,gzTQJVMW,9919.0
1435,0,KgwKZlse,FZsFzszJ,10411.0
1435,0,ALhaazBT,KgwKZlse,10411.0
1435,0,YqlTLIQa,ALhaazBT,12186.0
1435,0,gzTQJVMW,RVEyrwjR,8943.0
1435,0,XLVjRryq,NxbXiMUL,2028.0
1435,0,RVEyrwjR,XLVjRryq,2705.0
1435,0,vDFCntfg,YvwuVYMF,1135.0
1435,0,NxbXiMUL,vDFCntfg,1159.0
1099,0,XnIbYwkm,fOMMjSqm,85.0
902,0,GeRuyZeo,MzxDaMZj,69.0
902,0,YqAQHxyY,GeRuyZeo,70.0
902,0,qLRAgPvM,YqAQHxyY,72.0
902,0,yVpSHUpe,qLRAgPvM,72.0
902,0,PfzzVLdD,yVpSHUpe,72.0
902,0,yRZHSCWE,PfzzVLdD,70.0
902,0,rCrvifMW,yRZHSCWE,70.0
902,0,aPOYjvXT,rCrvifMW,70.0
1099,0,ulxuvpsp,kGQEnBYZ,43.0
1099,0,fOMMjSqm,ulxuvpsp,43.0
685,0,cNypyxpr,cTQVugNT,319.0
685,0,gyQqEnFq,cNypyxpr,316.0
720,0,cNypyxpr,cTQVugNT,273.0
720,0,gyQqEnFq,cNypyxpr,114.0
1619,0,rxAHdfLr,NztIaxQU,1237.0
1619,0,dGXuUmCy,rxAHdfLr,1237.0
1619,0,dIJpAwev,dGXuUmCy,1237.0
1619,0,jcExlqwL,dIJpAwev,1247.0
1622,0,TKRrUtKV,jcExlqwL,1632.0
1622,0,JleZjXmc,TKRrUtKV,1632.0
1622,0,fTKGeENK,JleZjXmc,1632.0
1622,0,zdgoUaFA,fTKGeENK,1629.0
1701,0,kPoXDVhr,DgeiAShx,2598.0
1701,0,QkhvVJfO,kPoXDVhr,2713.0
1701,0,jBRcoEIn,QkhvVJfO,2697.0
1701,0,pNohcrtk,jBRcoEIn,2697.0
1701,0,aHsZaffM,pNohcrtk,775.0
835,0,cIQOVqQI,njiqgOWt,5116.0
835,0,OyAyNkqZ,cIQOVqQI,5068.0
129,0,WdOwNGhj,xfbmoJHP,213.0
129,0,kKKRBhFF,WdOwNGhj,210.0
129,0,NFInfBeu,kKKRBhFF,210.0
129,0,VCQdmIoF,NFInfBeu,210.0
129,0,ePrpofUw,VCQdmIoF,210.0
129,0,KcvPUxQg,ePrpofUw,210.0
129,0,BlnSxBAr,KcvPUxQg,210.0
129,0,TCBUGaZf,BlnSxBAr,210.0
129,0,pzcCDVmZ,TCBUGaZf,210.0
129,0,oUmVLfUX,pzcCDVmZ,210.0
129,0,fJdABIlw,oUmVLfUX,210.0
129,0,mXwfazRz,fJdABIlw,210.0
129,0,NGAodVTg,mXwfazRz,210.0
129,0,TvGyfQSI,NGAodVTg,210.0
129,0,HFYkXdPG,TvGyfQSI,210.0
129,0,KjgVoxgR,HFYkXdPG,210.0
129,0,xTOrUJFO,KjgVoxgR,208.0
129,0,EmkugZPX,xTOrUJFO,208.0
129,0,lmZJehpq,EmkugZPX,208.0
129,0,tDDddUJb,lmZJehpq,206.0
129,0,RVGhYAxc,tDDddUJb,200.0
528,0,aWeSqqrV,gyQqEnFq,339.0
528,0,WRVBvtIE,aWeSqqrV,339.0
528,0,YspLWkZX,WRVBvtIE,386.0
825,0,OXvlrfnG,iZfXNAue,33.0
825,0,CgMBzfIg,OXvlrfnG,33.0
825,0,BCwVkMhO,CgMBzfIg,33.0
825,0,MpBHVRZl,BCwVkMhO,33.0
825,0,BWKNZpmt,MpBHVRZl,12.0
825,0,hMBIVszx,BWKNZpmt,12.0
825,0,JgVaSAtG,hMBIVszx,12.0
825,0,QyfZGsFT,JgVaSAtG,12.0
825,0,selTNsQi,QyfZGsFT,12.0
825,0,SfBAqteg,selTNsQi,12.0
825,0,obGcbWvT,SfBAqteg,12.0
825,0,lbFoZTYJ,obGcbWvT,12.0
825,0,wssOAckJ,lbFoZTYJ,12.0
825,0,zzxlwhdI,wssOAckJ,12.0
825,0,SEcoeimf,zzxlwhdI,12.0
825,0,fzmnvqlX,SEcoeimf,12.0
825,0,RyhuDLev,fzmnvqlX,12.0
825,0,KnIeolpt,RyhuDLev,12.0
825,0,GMrJWgHs,KnIeolpt,12.0
825,0,tTjpyeuP,GMrJWgHs,12.0
825,0,iYbcLrkT,tTjpyeuP,12.0
825,0,elxmPCDf,iYbcLrkT,12.0
825,0,tcbhlVZo,elxmPCDf,12.0
825,0,ZqBGCTqq,tcbhlVZo,12.0
825,0,HxnLIWQq,ZqBGCTqq,10.0
825,0,wqGWmwVd,HxnLIWQq,10.0
825,0,ACkvbmee,wqGWmwVd,10.0
825,0,FtWuEuzF,ACkvbmee,10.0
825,0,RtTLxXUv,FtWuEuzF,10.0
825,0,JGydtICe,RtTLxXUv,10.0
825,0,xbhuXgnr,JGydtICe,10.0
825,0,zjGRmLyo,xbhuXgnr,10.0
825,0,EXTmTMKf,zjGRmLyo,10.0
825,0,yfIoPTHo,EXTmTMKf,8.0
825,0,GnOurcjN,yfIoPTHo,8.0
825,0,vHkAlmCm,GnOurcjN,8.0
825,0,WynPMslR,vHkAlmCm,8.0
1178,0,WyfCQhSW,ogOCBKAf,5593.0
1124,0,nsbHlbAq,WhHfbZWj,45.0
1124,0,cwgbfpqq,nsbHlbAq,45.0
1124,0,fMrlznIn,cwgbfpqq,45.0
1124,0,uXKxCjNA,fMrlznIn,45.0
1124,0,bOiSLYGO,uXKxCjNA,45.0
1124,0,mhgPTzcZ,bOiSLYGO,45.0
1124,0,WFZVQzrl,mhgPTzcZ,41.0
1124,0,GiONHkbf,WFZVQzrl,41.0
1124,0,QDIpIlEK,GiONHkbf,6.0
170,0,oUmVLfUX,FCeDiZsN,1150.0
170,0,fJdABIlw,oUmVLfUX,1150.0
170,0,mXwfazRz,fJdABIlw,1083.0
170,0,NGAodVTg,mXwfazRz,838.0
170,0,TvGyfQSI,NGAodVTg,838.0
170,0,HFYkXdPG,TvGyfQSI,838.0
170,0,KjgVoxgR,HFYkXdPG,809.0
170,0,xTOrUJFO,KjgVoxgR,721.0
170,0,EmkugZPX,xTOrUJFO,721.0
170,0,lmZJehpq,EmkugZPX,717.0
250,0,mnkgCFDT,WOOyqinT,1503.0
1537,0,jvuOCfJT,BCaYhIgf,61.0
1537,0,vGKZybsV,jvuOCfJT,61.0
1537,0,lEwLedpG,vGKZybsV,39.0
1537,0,GtMUYUwJ,lEwLedpG,39.0
1537,0,lQIpGOTn,GtMUYUwJ,39.0
1537,0,uhUmvvRs,lQIpGOTn,39.0
1537,0,GgLRqpEG,uhUmvvRs,3.0
1537,0,WFZVQzrl,GgLRqpEG,3.0
546,0,oUbtCHRB,jwtMzuEb,15.0
546,0,kSklWvZO,oUbtCHRB,15.0
546,0,wVKhsyCZ,kSklWvZO,15.0
546,0,oZJRchiN,wVKhsyCZ,15.0
546,0,xmGwLlME,oZJRchiN,15.0
546,0,KcBICYpI,xmGwLlME,15.0
546,0,XQiQvefE,KcBICYpI,15.0
546,0,eyUKPfnA,XQiQvefE,15.0
546,0,ZgqhsueA,eyUKPfnA,6.0
546,0,YvwuVYMF,ZgqhsueA,6.0
546,0,FZsFzszJ,YvwuVYMF,4.0
463,0,UWOHRooW,Fwqgdxfa,1802.0
463,0,ImIhxSnH,UWOHRooW,1888.0
463,0,iEKuRfDT,ImIhxSnH,1888.0
463,0,PlyJazqR,iEKuRfDT,1888.0
226,0,nrUfCQxz,KMDYeUKg,325.0
226,0,CpnDMnJS,nrUfCQxz,473.0
226,0,fSmTHZJS,CpnDMnJS,473.0
226,0,QsPOuThV,fSmTHZJS,661.0
226,0,WSTcrrBn,QsPOuThV,661.0
226,0,JYrrjUtU,WSTcrrBn,675.0
226,0,DyPueDjA,JYrrjUtU,675.0
226,0,udNzSSji,DyPueDjA,675.0
226,0,VJibZvbS,udNzSSji,675.0
226,0,uSZbdBno,VJibZvbS,675.0
226,0,GtaXwPrK,uSZbdBno,675.0
226,0,PIUpvPaY,GtaXwPrK,675.0
226,0,XCZfXGna,PIUpvPaY,585.0
226,0,FYonLsVT,XCZfXGna,585.0
226,0,voXQjjKh,FYonLsVT,585.0
1331,0,MoCDatJm,EFeZyZmg,125.0
1379,0,bdIbpKdP,IATYolYz,1367.0
1379,0,VJibZvbS,bdIbpKdP,1367.0
1379,0,uSZbdBno,VJibZvbS,1376.0
1379,0,GtaXwPrK,uSZbdBno,1376.0
1379,0,SfxDAXEq,GtaXwPrK,1376.0
1379,0,PIUpvPaY,SfxDAXEq,1376.0
1379,0,XCZfXGna,PIUpvPaY,1729.0
1379,0,FYonLsVT,XCZfXGna,1717.0
1379,0,voXQjjKh,FYonLsVT,1717.0
1258,0,RYTcAdhr,yLFlKjKg,2790.0
1258,0,isWzWnoW,RYTcAdhr,2862.0
1140,0,rSnWVhOw,CqefHKGq,1100.0
1140,0,xfoaGXVJ,rSnWVhOw,1098.0
1140,0,kzneBolb,xfoaGXVJ,1098.0
529,0,ZYYdVixc,VfTFpfzB,646.0
529,0,jWRsQoYS,ZYYdVixc,646.0
529,0,jTofnsvB,jWRsQoYS,646.0
1531,0,aWeSqqrV,gyQqEnFq,3064.0
1531,0,WRVBvtIE,aWeSqqrV,3137.0
1531,0,YspLWkZX,WRVBvtIE,4005.0
1531,0,pRBbbEoD,YspLWkZX,3802.0
142,0,elmHqfIN,jTofnsvB,4806.0
142,0,YhQOzAWJ,elmHqfIN,4806.0
142,0,vNuEvleV,YhQOzAWJ,4506.0
142,0,FUctipSE,vNuEvleV,2881.0
142,0,PWitnUnB,FUctipSE,3450.0
142,0,zwmwkNcj,PWitnUnB,3450.0
142,0,DJDPVkXF,zwmwkNcj,3450.0
1419,0,opPTwucI,HOwZAROe,2095.0
1419,0,htzVSGDL,opPTwucI,2119.0
1419,0,KabAcwBq,htzVSGDL,2119.0
1419,0,HAmwZMhM,KabAcwBq,2190.0
142,0,FrOiWYSP,DJDPVkXF,3078.0
142,0,mNGfniSu,FrOiWYSP,3103.0
232,0,ZYYdVixc,VfTFpfzB,3750.0
1506,0,tRncbstl,WFZVQzrl,9049.0
34,0,cNypyxpr,cTQVugNT,6338.0
34,0,WRVBvtIE,cNypyxpr,6354.0
34,0,RuAJZyMI,WRVBvtIE,5602.0
369,0,RuAJZyMI,rSnWVhOw,4679.0
142,0,tRncbstl,WFZVQzrl,2799.0
142,0,gLCWwgiT,tRncbstl,2957.0
142,0,jTofnsvB,gLCWwgiT,3490.0
992,0,dbPZeeiE,LKVeVUNI,2782.0
992,0,CsDsDrdU,dbPZeeiE,2948.0
992,0,rJRvqICk,CsDsDrdU,3197.0
992,0,AmahvgQB,rJRvqICk,3197.0
992,0,aYSqaQmJ,AmahvgQB,3197.0
992,0,zgCGmKZn,aYSqaQmJ,3561.0
992,0,JKFFGKvY,zgCGmKZn,3561.0
992,0,GYfZYaJh,JKFFGKvY,3561.0
992,0,WFZVQzrl,GYfZYaJh,3596.0
992,0,tRncbstl,WFZVQzrl,4480.0
992,0,gLCWwgiT,tRncbstl,4480.0
992,0,jTofnsvB,gLCWwgiT,4480.0
992,0,elmHqfIN,jTofnsvB,4529.0
992,0,YhQOzAWJ,elmHqfIN,4529.0
992,0,vNuEvleV,YhQOzAWJ,4529.0
992,0,FUctipSE,vNuEvleV,4664.0
992,0,PWitnUnB,FUctipSE,4419.0
992,0,FrOiWYSP,PWitnUnB,4840.0
992,0,mNGfniSu,FrOiWYSP,4840.0
992,0,LKVeVUNI,BpAiVnps,2542.0
142,0,WFZVQzrl,JAgpxShP,222.0
47,0,fGmFhgnx,rckblBTM,8172.0
47,0,XyHfgUxW,fGmFhgnx,6688.0
47,0,zjjLSYAp,XyHfgUxW,6658.0
47,0,nIakFMcq,zjjLSYAp,6658.0
1506,0,gLCWwgiT,tRncbstl,8167.0
1748,0,ZYYdVixc,VfTFpfzB,5874.0
1748,0,gLCWwgiT,ZYYdVixc,6115.0
994,0,KIvXTDlT,mexFgKBp,105.0
994,0,TgzZcdmy,KIvXTDlT,105.0
994,0,SEjojzMr,TgzZcdmy,105.0
1486,0,QHFmFyLR,EkWBPXmr,46.0
1486,0,neNWquOh,QHFmFyLR,46.0
1486,0,KwaxxmSs,neNWquOh,46.0
1486,0,gzZgDndk,KwaxxmSs,47.0
1486,0,NQaaFyOm,gzZgDndk,93.0
1486,0,iPNesxKP,NQaaFyOm,102.0
1486,0,lctVuVOk,iPNesxKP,129.0
1486,0,EocVuyzS,lctVuVOk,129.0
1486,0,lwcIkPvE,EocVuyzS,129.0
1486,0,suszCmcx,lwcIkPvE,129.0
1486,0,UTBcifAN,suszCmcx,129.0
1486,0,HQVZivsH,UTBcifAN,194.0
1486,0,DeiIsjyA,HQVZivsH,194.0
1486,0,anWZyaGW,DeiIsjyA,635.0
1486,0,OrbXRiVv,anWZyaGW,689.0
1486,0,cNuIRYrx,OrbXRiVv,689.0
1486,0,yNIUaSyZ,cNuIRYrx,689.0
1486,0,xiTGCYEl,yNIUaSyZ,689.0
1486,0,NXLrCKMp,xiTGCYEl,689.0
1486,0,FyoAuDvn,NXLrCKMp,689.0
1486,0,WOOyqinT,FyoAuDvn,689.0
1486,0,VfTFpfzB,WOOyqinT,689.0
1486,0,ZYYdVixc,VfTFpfzB,689.0
1486,0,gLCWwgiT,ZYYdVixc,689.0
1486,0,jTofnsvB,gLCWwgiT,689.0
1506,0,jTofnsvB,gLCWwgiT,8104.0
712,0,EmkugZPX,xTOrUJFO,1924.0
712,0,lmZJehpq,EmkugZPX,1931.0
664,0,DRkcXziO,IIzQthVA,2.0
664,0,fTOPrrgc,DRkcXziO,2.0
664,0,ErjukRDc,fTOPrrgc,3.0
664,0,BOjJhphU,ErjukRDc,3.0
664,0,NXLrCKMp,xiTGCYEl,417.0
664,0,FyoAuDvn,NXLrCKMp,407.0
664,0,GpnhEWuy,FyoAuDvn,504.0
664,0,fNoKcjVu,GpnhEWuy,504.0
664,0,ZeFKXxfu,fNoKcjVu,617.0
664,0,wYWONrrr,ZeFKXxfu,236.0
664,0,jTofnsvB,wYWONrrr,236.0
1748,0,jTofnsvB,gLCWwgiT,6359.0
1713,0,HcKLTTXk,EFeZyZmg,24.0
1713,0,IvXmMOhB,HcKLTTXk,24.0
1713,0,KIvXTDlT,IvXmMOhB,24.0
1713,0,TgzZcdmy,KIvXTDlT,24.0
1713,0,SEjojzMr,TgzZcdmy,24.0
1015,0,NrNaZyPp,MaKoROaE,79.0
1015,0,mexFgKBp,NrNaZyPp,7.0
1015,0,KIvXTDlT,mexFgKBp,4.0
1015,0,TgzZcdmy,KIvXTDlT,4.0
1015,0,SEjojzMr,TgzZcdmy,4.0
292,0,fkZFUNSd,TrOiZJox,3005.0
292,0,JYrrjUtU,fkZFUNSd,2251.0
292,0,cttUtMNm,JYrrjUtU,2246.0
292,0,EarJIhnU,cttUtMNm,2230.0
292,0,KZBDkcEB,EarJIhnU,2230.0
798,0,hFISFuCO,BxmxkKGC,13.0
798,0,fQRLOpha,hFISFuCO,13.0
798,0,PXPVuGmP,fQRLOpha,16.0
798,0,IulxyPoH,PXPVuGmP,16.0
318,0,psXocZQH,kkrKJmiC,2663.0
318,0,yprCGtVa,psXocZQH,2663.0
318,0,pPqywgRl,yprCGtVa,2607.0
318,0,SJHseTdc,pPqywgRl,2886.0
318,0,ydQuGMgP,SJHseTdc,2888.0
318,0,AmahvgQB,ydQuGMgP,2934.0
1300,0,aYSqaQmJ,AmahvgQB,9865.0
1300,0,zgCGmKZn,aYSqaQmJ,10087.0
1300,0,EVAUYvVR,zgCGmKZn,10126.0
1300,0,GYfZYaJh,EVAUYvVR,10126.0
1300,0,OpgRCgWV,GYfZYaJh,10229.0
177,0,oUmVLfUX,WKWTpoqQ,3097.0
177,0,fJdABIlw,oUmVLfUX,3097.0
177,0,mXwfazRz,fJdABIlw,2856.0
177,0,NGAodVTg,mXwfazRz,2791.0
177,0,TvGyfQSI,NGAodVTg,2791.0
177,0,HFYkXdPG,TvGyfQSI,2791.0
177,0,KjgVoxgR,HFYkXdPG,2663.0
177,0,xTOrUJFO,KjgVoxgR,2273.0
177,0,EmkugZPX,xTOrUJFO,2271.0
177,0,lmZJehpq,EmkugZPX,2230.0
177,0,tDDddUJb,lmZJehpq,2230.0
177,0,RVGhYAxc,tDDddUJb,2086.0
177,0,BpAiVnps,RVGhYAxc,1348.0
1300,0,LKVeVUNI,BpAiVnps,6284.0
1300,0,dbPZeeiE,LKVeVUNI,7918.0
1300,0,CsDsDrdU,dbPZeeiE,8641.0
1300,0,AmahvgQB,CsDsDrdU,9024.0
1506,0,elmHqfIN,jTofnsvB,5536.0
232,0,wEeBJTuq,ZYYdVixc,5538.0
233,0,kXOxEoFm,lRwVVbKf,1624.0
233,0,EFeZyZmg,kXOxEoFm,1624.0
233,0,zVMCvpDh,zfmNZkKD,949.0
233,0,nOepWjtB,zVMCvpDh,949.0
233,0,kNXaohyL,nOepWjtB,949.0
233,0,gJicbLzN,kNXaohyL,949.0
233,0,lRwVVbKf,gJicbLzN,904.0
233,0,ULIlEdjB,XHLHCkqn,1552.0
233,0,zfmNZkKD,ULIlEdjB,1541.0
233,0,wefAcLKj,GTWLqqnN,1842.0
233,0,RxHTaOMh,wefAcLKj,1842.0
233,0,WavUqaXE,RxHTaOMh,1852.0
233,0,XHLHCkqn,WavUqaXE,1977.0
233,0,zQfdkFQV,JafVjQhg,1828.0
233,0,GTWLqqnN,zQfdkFQV,1828.0
233,0,JafVjQhg,RZCadHVt,1244.0
1467,0,bZroqIhX,eTJQHplR,102.0
1467,0,cNuIRYrx,bZroqIhX,102.0
1467,0,yNIUaSyZ,cNuIRYrx,118.0
1467,0,xiTGCYEl,yNIUaSyZ,118.0
1467,0,NXLrCKMp,xiTGCYEl,224.0
1467,0,FyoAuDvn,NXLrCKMp,224.0
1467,0,WOOyqinT,FyoAuDvn,224.0
1467,0,VfTFpfzB,WOOyqinT,234.0
1467,0,ZYYdVixc,VfTFpfzB,446.0
1467,0,wEeBJTuq,ZYYdVixc,485.0
232,0,TsfVbSCQ,wEeBJTuq,5299.0
80,0,QPpuxtew,uRlXNIwL,4113.0
80,0,gHkojtqc,QPpuxtew,4113.0
1452,0,iOuVBZzk,lsFGVtlq,42.0
1452,0,cTQVugNT,iOuVBZzk,42.0
1452,0,cNypyxpr,cTQVugNT,42.0
1452,0,uRlXNIwL,cNypyxpr,42.0
1452,0,QPpuxtew,uRlXNIwL,42.0
1452,0,gHkojtqc,QPpuxtew,42.0
1453,0,kVCEAUTv,dHuMOmqh,4873.0
1453,0,LsuNFzpq,kVCEAUTv,5261.0
1453,0,llFTEWtD,IulxyPoH,4091.0
1453,0,TvvslWVF,llFTEWtD,4091.0
1453,0,SgXyhVwd,TvvslWVF,3814.0
1453,0,fPhIOSOj,SgXyhVwd,3814.0
1453,0,PQDqFTyk,fPhIOSOj,3814.0
1453,0,SOzmnmNW,PQDqFTyk,3814.0
1453,0,OhBAPvsb,SOzmnmNW,3814.0
1453,0,dHuMOmqh,OhBAPvsb,4002.0
1099,0,kGQEnBYZ,bGilRaMJ,7.0
1453,0,TQhrUKrf,BxmxkKGC,3668.0
1453,0,hFISFuCO,TQhrUKrf,3668.0
1453,0,IJrmTLNf,hFISFuCO,3668.0
1453,0,byRkdSCW,IJrmTLNf,3668.0
1453,0,fQRLOpha,byRkdSCW,3668.0
1453,0,PXPVuGmP,fQRLOpha,3710.0
1453,0,JpcivbxC,PXPVuGmP,3710.0
1453,0,IulxyPoH,JpcivbxC,3710.0
762,0,BxmxkKGC,ojqTFFWy,7160.0
1566,0,tRncbstl,WFZVQzrl,121.0
1566,0,gLCWwgiT,tRncbstl,121.0
1566,0,mUWkXJQU,gLCWwgiT,121.0
1566,0,dVVBCEuD,mUWkXJQU,121.0
1566,0,WOnIRuRn,dVVBCEuD,127.0
232,0,LArfnWEk,TsfVbSCQ,5209.0
1263,0,JKFFGKvY,zgCGmKZn,5125.0
1263,0,EVAUYvVR,JKFFGKvY,5145.0
1263,0,GYfZYaJh,EVAUYvVR,5153.0
1263,0,OpgRCgWV,GYfZYaJh,8247.0
1226,0,SsTrbdxo,qzYXXYmc,10825.0
1226,0,yYFXObAF,SsTrbdxo,10825.0
1226,0,rmVgnKci,yYFXObAF,10825.0
1226,0,xMwzCIXQ,rmVgnKci,10787.0
1467,0,TsfVbSCQ,wEeBJTuq,474.0
1467,0,coyRXGtt,TsfVbSCQ,474.0
1583,0,vdldNLyU,okaePkJr,1.0
1583,0,imYTGxMS,vdldNLyU,1.0
1583,0,dfuItkqX,imYTGxMS,1.0
1583,0,AhxTjgzS,dfuItkqX,1.0
1583,0,hHvKehYu,AhxTjgzS,1.0
1583,0,PZviXSbJ,hHvKehYu,1.0
1583,0,liXJvIPl,PZviXSbJ,1.0
1583,0,mwBDLsCe,liXJvIPl,1.0
1583,0,OsteSFoc,mwBDLsCe,1.0
1583,0,OMDbIkes,OsteSFoc,1.0
1583,0,rEXMwzJR,OMDbIkes,1.0
1583,0,ZsdtRkBt,rEXMwzJR,1.0
1133,0,CNyHgccZ,fJuPdFXq,972.0
1133,0,zSTvyVov,CNyHgccZ,972.0
1133,0,ixyllwBo,zSTvyVov,972.0
1133,0,vUtsOMRz,ixyllwBo,972.0
1133,0,mAuYaRAP,vUtsOMRz,972.0
1133,0,GauoQJWJ,mAuYaRAP,972.0
1133,0,zjuuJEOg,GauoQJWJ,972.0
1133,0,TIygQLDW,zjuuJEOg,972.0
1133,0,QkOFoFkV,TIygQLDW,972.0
1133,0,wmKJhgsh,QkOFoFkV,972.0
1133,0,IpOsGrUQ,wmKJhgsh,972.0
1133,0,exRzHfND,IpOsGrUQ,817.0
1133,0,bIhgcGjB,exRzHfND,817.0
1133,0,dMpYNFzw,bIhgcGjB,817.0
1133,0,phodyDNv,dMpYNFzw,817.0
1133,0,gcvwQKzE,phodyDNv,743.0
1133,0,RuqLEiFp,gcvwQKzE,743.0
1133,0,NAwFzVQz,RuqLEiFp,602.0
1133,0,jEliwrSM,NAwFzVQz,602.0
1133,0,OUlPxErG,jEliwrSM,602.0
1133,0,SPorkGXj,OUlPxErG,491.0
1133,0,IJbUVGLH,SPorkGXj,491.0
1133,0,ZqOseExI,IJbUVGLH,491.0
1133,0,FdBCLyPI,ZqOseExI,352.0
1133,0,CrOFTJlw,FdBCLyPI,352.0
1133,0,PyGiRErs,CrOFTJlw,352.0
1133,0,qflzswAf,PyGiRErs,238.0
1566,0,wdHHIViJ,WOnIRuRn,8.0
535,0,agMXkLfj,ixhHdGBo,65.0
34,0,MtINPaKl,RuAJZyMI,4653.0
34,0,SGVPbDEb,MtINPaKl,2969.0
369,0,MtINPaKl,RuAJZyMI,4229.0
369,0,SGVPbDEb,MtINPaKl,3561.0
142,0,MtINPaKl,mNGfniSu,3046.0
142,0,SGVPbDEb,MtINPaKl,3183.0
1418,0,aWeSqqrV,gyQqEnFq,2835.0
1418,0,WRVBvtIE,aWeSqqrV,2997.0
1418,0,RuAJZyMI,WRVBvtIE,3024.0
1418,0,MtINPaKl,RuAJZyMI,3540.0
1418,0,SGVPbDEb,MtINPaKl,4992.0
992,0,MtINPaKl,mNGfniSu,5157.0
992,0,SGVPbDEb,MtINPaKl,5915.0
1623,0,FqfYfMFg,AmahvgQB,1441.0
1623,0,qBmbuqyA,FqfYfMFg,1485.0
1623,0,DjKOMvif,qBmbuqyA,1485.0
1623,0,kbmudFZh,DjKOMvif,1498.0
1623,0,AHkkayoK,kbmudFZh,1498.0
1623,0,NjUfThdh,AHkkayoK,1504.0
1623,0,yEChtXTr,NjUfThdh,1504.0
1623,0,BspMHRhr,yEChtXTr,1009.0
1623,0,jkxhkeqK,BspMHRhr,1551.0
1623,0,RrdfQruE,jkxhkeqK,1551.0
1623,0,FHknKSNi,RrdfQruE,1551.0
1623,0,GYenbKMg,FHknKSNi,1557.0
250,0,IoxYvxeH,mnkgCFDT,5912.0
250,0,yrlDljAC,IoxYvxeH,6338.0
250,0,rBCwdRqs,yrlDljAC,6338.0
250,0,olAnplnl,rBCwdRqs,6338.0
250,0,hpCuKAjH,olAnplnl,6360.0
250,0,tyeyrnYi,hpCuKAjH,6360.0
464,0,ImIhxSnH,Fwqgdxfa,9530.0
464,0,iEKuRfDT,ImIhxSnH,9509.0
464,0,psXocZQH,iEKuRfDT,10195.0
464,0,yprCGtVa,psXocZQH,10195.0
464,0,pPqywgRl,yprCGtVa,10689.0
464,0,HGjkimBc,pPqywgRl,11706.0
464,0,lqMPnIra,HGjkimBc,11842.0
464,0,eKMWhxRF,lqMPnIra,9845.0
464,0,pRsoSsPh,eKMWhxRF,9371.0
464,0,pUxrqkbR,pRsoSsPh,10893.0
464,0,GmRorurF,pUxrqkbR,10889.0
464,0,rWJbJwsc,GmRorurF,6369.0
725,0,IoxYvxeH,mnkgCFDT,1230.0
725,0,yrlDljAC,IoxYvxeH,1134.0
725,0,rBCwdRqs,yrlDljAC,1134.0
725,0,olAnplnl,rBCwdRqs,1134.0
725,0,hpCuKAjH,olAnplnl,1134.0
725,0,tyeyrnYi,hpCuKAjH,1134.0
719,0,kVhbTVuU,mnkgCFDT,521.0
719,0,IoxYvxeH,kVhbTVuU,1664.0
719,0,yrlDljAC,IoxYvxeH,1608.0
719,0,FCQHCFVm,yrlDljAC,1608.0
719,0,rBCwdRqs,FCQHCFVm,1608.0
719,0,olAnplnl,rBCwdRqs,1608.0
719,0,hpCuKAjH,olAnplnl,1607.0
719,0,tyeyrnYi,hpCuKAjH,1607.0
292,0,jFmPCmzM,AjJCgCBk,2260.0
292,0,TrOiZJox,jFmPCmzM,2260.0
1075,0,AiDSpgcp,yfISbYOh,1377.0
1075,0,rQoGPwMA,AiDSpgcp,1377.0
1075,0,SwPLBeCY,rQoGPwMA,1377.0
1075,0,TgAaXvqD,SwPLBeCY,1395.0
1075,0,fikrodNW,TgAaXvqD,1405.0
1486,0,YhQOzAWJ,jTofnsvB,552.0
1486,0,zUgDRwiy,YhQOzAWJ,552.0
1531,0,cfVAtKgo,pRBbbEoD,3639.0
1531,0,QMiQTlda,cfVAtKgo,4208.0
1531,0,MaKoROaE,QMiQTlda,4208.0
1531,0,NrNaZyPp,MaKoROaE,4206.0
1531,0,zUgDRwiy,NrNaZyPp,3320.0
1506,0,YhQOzAWJ,elmHqfIN,5442.0
1506,0,zUgDRwiy,YhQOzAWJ,5087.0
664,0,elmHqfIN,jTofnsvB,133.0
664,0,YhQOzAWJ,elmHqfIN,133.0
664,0,zUgDRwiy,YhQOzAWJ,133.0
1748,0,elmHqfIN,jTofnsvB,4713.0
1748,0,YhQOzAWJ,elmHqfIN,4713.0
1748,0,zUgDRwiy,YhQOzAWJ,4702.0
142,0,JAgpxShP,qufiaPgM,36.0
1584,0,wWIFrmtv,vbdtPbuh,42.0
1584,0,CTPkMihJ,wWIFrmtv,42.0
1584,0,VesdDWYE,CTPkMihJ,42.0
1584,0,ILlCOmHK,VesdDWYE,42.0
1584,0,uEdtlgzA,ILlCOmHK,42.0
1584,0,HcKLTTXk,uEdtlgzA,42.0
1584,0,IvXmMOhB,HcKLTTXk,42.0
1419,0,BZCtSmhk,ywuGpANM,1764.0
1419,0,NbgxPNNK,BZCtSmhk,1767.0
1419,0,vOKcaAnW,NbgxPNNK,1781.0
1419,0,HOwZAROe,vOKcaAnW,1781.0
780,0,sPGYwoyj,XUTqNKWc,2848.0
780,0,OeZVKJdr,sPGYwoyj,2848.0
903,0,mPXKcTmk,fGauMtcM,69.0
903,0,moYdstNu,mPXKcTmk,68.0
318,0,YvLYpMPH,POdtxoZm,3421.0
318,0,DjKGsdyb,YvLYpMPH,3923.0
318,0,ExPvCHrU,DjKGsdyb,3800.0
318,0,OCwYbEnq,ExPvCHrU,3800.0
318,0,rsJSqETv,OCwYbEnq,3774.0
318,0,nrUfCQxz,rsJSqETv,3774.0
292,0,SWnceHEw,nrKKniYe,1940.0
292,0,AjJCgCBk,SWnceHEw,1940.0
679,0,jXeBpcDF,lZYsrfVZ,3438.0
679,0,wHfmVQMh,cttUtMNm,4044.0
679,0,mdGitRQe,wHfmVQMh,2758.0
1419,0,VgUdLlOW,hpACGGyB,290.0
1419,0,ywuGpANM,VgUdLlOW,290.0
1262,0,AmahvgQB,vSdfqYeK,3720.0
1262,0,lOtREfVG,AmahvgQB,3142.0
1262,0,SMhobJmy,lOtREfVG,3142.0
1262,0,ZdIQslRD,SMhobJmy,2728.0
1331,0,kXOxEoFm,lRwVVbKf,57.0
1331,0,EFeZyZmg,kXOxEoFm,57.0
1512,0,OpgRCgWV,mnkgCFDT,15044.0
1512,0,ntDOQspU,OpgRCgWV,13548.0
1512,0,AXkvSZpr,ntDOQspU,13581.0
1263,0,ntDOQspU,OpgRCgWV,12245.0
1263,0,AXkvSZpr,ntDOQspU,12317.0
232,0,KUCrTzrk,LArfnWEk,4973.0
1331,0,ULIlEdjB,XHLHCkqn,5.0
1331,0,zfmNZkKD,ULIlEdjB,5.0
1331,0,zVMCvpDh,zfmNZkKD,5.0
1331,0,nOepWjtB,zVMCvpDh,5.0
1331,0,kNXaohyL,nOepWjtB,5.0
1331,0,gJicbLzN,kNXaohyL,5.0
1331,0,lRwVVbKf,gJicbLzN,5.0
1331,0,GTWLqqnN,JafVjQhg,3.0
1331,0,wefAcLKj,GTWLqqnN,3.0
1331,0,RxHTaOMh,wefAcLKj,3.0
1331,0,XHLHCkqn,RxHTaOMh,3.0
1330,0,dbPZeeiE,LKVeVUNI,2251.0
1330,0,CsDsDrdU,dbPZeeiE,2268.0
1330,0,rJRvqICk,CsDsDrdU,2746.0
1330,0,AmahvgQB,rJRvqICk,2748.0
1330,0,aYSqaQmJ,AmahvgQB,2816.0
1330,0,zgCGmKZn,aYSqaQmJ,2930.0
1330,0,JKFFGKvY,zgCGmKZn,3070.0
1330,0,EVAUYvVR,JKFFGKvY,3070.0
1330,0,GYfZYaJh,EVAUYvVR,3070.0
1330,0,OpgRCgWV,GYfZYaJh,3460.0
1330,0,ntDOQspU,OpgRCgWV,3658.0
1330,0,nEHOxUTI,ntDOQspU,3658.0
1330,0,PUsFNDSD,nEHOxUTI,3851.0
1330,0,LKVeVUNI,BpAiVnps,1991.0
1467,0,eQeMsQqL,coyRXGtt,290.0
1467,0,ckxYXcvo,eQeMsQqL,290.0
1467,0,cyoDDnik,ckxYXcvo,290.0
1467,0,xWbuLRdJ,cyoDDnik,290.0
1467,0,vbdtPbuh,xWbuLRdJ,290.0
1467,0,wWIFrmtv,vbdtPbuh,7.0
761,0,okaePkJr,zUgDRwiy,6334.0
1748,0,okaePkJr,zUgDRwiy,1959.0
34,0,DpeufCiu,SGVPbDEb,2059.0
142,0,DpeufCiu,SGVPbDEb,3008.0
565,0,okgTpqCg,FfkqCuZM,369.0
565,0,IKzXRYHu,okgTpqCg,361.0
565,0,adAJVrkD,IKzXRYHu,361.0
565,0,LWMiptXI,adAJVrkD,295.0
565,0,IdjjXnkI,LWMiptXI,295.0
565,0,qQFDKzdu,IdjjXnkI,295.0
560,0,avbDVyxh,WGPbPoOh,558.0
560,0,gzkuviLm,avbDVyxh,558.0
560,0,CkzMckPC,gzkuviLm,558.0
560,0,WywmvGMH,CkzMckPC,558.0
1107,0,qflzswAf,PyGiRErs,591.0
80,0,jiBUapiv,gHkojtqc,3900.0
80,0,ZsSjTAXN,jiBUapiv,3900.0
80,0,QzSmToFg,ZsSjTAXN,3900.0
1566,0,IvXmMOhB,wdHHIViJ,6.0
1566,0,FUctipSE,IvXmMOhB,6.0
1566,0,PWitnUnB,FUctipSE,6.0
1566,0,FrOiWYSP,PWitnUnB,6.0
1566,0,mNGfniSu,FrOiWYSP,6.0
1566,0,qjwSVoCq,mNGfniSu,6.0
1566,0,WvPJYXMk,qjwSVoCq,6.0
232,0,CwNQJSvp,KUCrTzrk,4452.0
232,0,yoveVXvd,CwNQJSvp,4461.0
1330,0,StyZBhjt,PUsFNDSD,2982.0
1714,0,elmHqfIN,jTofnsvB,14.0
1714,0,YhQOzAWJ,elmHqfIN,14.0
1714,0,zUgDRwiy,YhQOzAWJ,14.0
1714,0,okaePkJr,zUgDRwiy,14.0
1714,0,xgGSyRKK,okaePkJr,14.0
761,0,PgJqeYYy,okaePkJr,6314.0
1330,0,HipgKeDY,StyZBhjt,3101.0
80,0,YpZAWuci,QzSmToFg,3634.0
1452,0,jiBUapiv,gHkojtqc,72.0
1452,0,ZsSjTAXN,jiBUapiv,72.0
1452,0,QzSmToFg,ZsSjTAXN,72.0
1452,0,YpZAWuci,QzSmToFg,72.0
1453,0,BxmxkKGC,ojqTFFWy,2174.0
1486,0,okaePkJr,zUgDRwiy,350.0
1486,0,PgJqeYYy,okaePkJr,350.0
1531,0,okaePkJr,zUgDRwiy,1886.0
1531,0,PgJqeYYy,okaePkJr,1563.0
664,0,okaePkJr,zUgDRwiy,15.0
664,0,PgJqeYYy,okaePkJr,15.0
1748,0,PgJqeYYy,okaePkJr,1948.0
232,0,fvJrDdyT,yoveVXvd,4435.0
1537,0,ULIlEdjB,XHLHCkqn,40.0
1537,0,zfmNZkKD,ULIlEdjB,40.0
1537,0,LASpLrUw,zfmNZkKD,40.0
1537,0,GnVcDFUF,LASpLrUw,74.0
1537,0,QzUmfmWq,GnVcDFUF,89.0
1537,0,FozFNjrC,QzUmfmWq,89.0
1537,0,loXKeyiW,FozFNjrC,89.0
1537,0,vDrIQGSM,loXKeyiW,89.0
1537,0,wYGnXViz,vDrIQGSM,89.0
1537,0,vePIvsJu,wYGnXViz,89.0
1537,0,BCaYhIgf,vePIvsJu,89.0
1326,0,KSSwmuEx,vkwWhgCe,948.0
1326,0,pkhwWQVf,KSSwmuEx,978.0
1497,0,LKVeVUNI,BpAiVnps,154.0
1497,0,dbPZeeiE,LKVeVUNI,124.0
1497,0,CsDsDrdU,dbPZeeiE,118.0
1497,0,rJRvqICk,CsDsDrdU,118.0
1497,0,AmahvgQB,rJRvqICk,118.0
1750,0,llFTEWtD,IulxyPoH,332.0
1750,0,SgXyhVwd,llFTEWtD,332.0
1750,0,fPhIOSOj,SgXyhVwd,349.0
1750,0,HqehCtdr,fPhIOSOj,485.0
1750,0,JafVjQhg,HqehCtdr,478.0
1750,0,hFISFuCO,ojqTFFWy,226.0
1750,0,fQRLOpha,hFISFuCO,226.0
1750,0,PXPVuGmP,fQRLOpha,252.0
1750,0,IulxyPoH,PXPVuGmP,252.0
34,0,FaHpkwNs,DpeufCiu,2014.0
142,0,FaHpkwNs,DpeufCiu,2947.0
369,0,DpeufCiu,SGVPbDEb,2967.0
369,0,kohCEyKT,DpeufCiu,2967.0
34,0,kohCEyKT,FaHpkwNs,1999.0
1183,0,ABBXwUbo,wuDdaesk,109.0
761,0,cQQRUhUD,PgJqeYYy,6723.0
761,0,ZpXtMmnA,cQQRUhUD,6723.0
992,0,DpeufCiu,SGVPbDEb,6044.0
992,0,FaHpkwNs,DpeufCiu,6044.0
992,0,kohCEyKT,FaHpkwNs,6044.0
1175,0,QEnOoljA,pYAYKpHc,1163.0
1175,0,aLyOqIFS,QEnOoljA,1081.0
1175,0,UmISPPJO,aLyOqIFS,1022.0
1175,0,VPUbGzfh,UmISPPJO,1022.0
1175,0,MVExtcyL,VPUbGzfh,1022.0
1175,0,bciZjPUu,MVExtcyL,1022.0
1175,0,ogOCBKAf,bciZjPUu,969.0
1531,0,EsFyleAW,PgJqeYYy,1144.0
1531,0,oPiGTUNA,EsFyleAW,1132.0
1531,0,AsOznvtO,oPiGTUNA,1132.0
1531,0,HjcVXSJw,AsOznvtO,1132.0
1531,0,UPEwDZeZ,HjcVXSJw,1132.0
1531,0,oTQudgUv,UPEwDZeZ,1132.0
1531,0,wteskcXn,oTQudgUv,1123.0
1418,0,FoqpqGcp,QhiYKyAt,5612.0
1538,0,ByhOWHwN,AXkvSZpr,4.0
1538,0,RzpCLtax,ByhOWHwN,43.0
1538,0,GVbuUhiB,RzpCLtax,43.0
1538,0,lBcqwpvX,GVbuUhiB,43.0
1330,0,qqkwAIGc,HipgKeDY,3048.0
1330,0,YXiYqIfc,qqkwAIGc,3048.0
1434,0,SGVPbDEb,MtINPaKl,1381.0
1434,0,DpeufCiu,SGVPbDEb,2262.0
1434,0,FaHpkwNs,DpeufCiu,2297.0
1434,0,wMslsCeS,FaHpkwNs,2297.0
1434,0,BTtHvEzM,wMslsCeS,2297.0
1434,0,EzNIKkYA,BTtHvEzM,3210.0
1434,0,TvsHOuao,EzNIKkYA,3539.0
1434,0,ezYUwAMR,TvsHOuao,3539.0
1434,0,QhiYKyAt,ezYUwAMR,3539.0
1486,0,cQQRUhUD,PgJqeYYy,240.0
1486,0,ZpXtMmnA,cQQRUhUD,240.0
1418,0,TvsHOuao,EzNIKkYA,6095.0
1418,0,ezYUwAMR,TvsHOuao,6095.0
1418,0,QhiYKyAt,ezYUwAMR,6095.0
796,0,NXLrCKMp,xiTGCYEl,731.0
796,0,FyoAuDvn,NXLrCKMp,731.0
796,0,WOOyqinT,FyoAuDvn,871.0
796,0,VfTFpfzB,WOOyqinT,871.0
796,0,ZYYdVixc,VfTFpfzB,1192.0
796,0,gLCWwgiT,ZYYdVixc,1355.0
796,0,jTofnsvB,gLCWwgiT,1495.0
796,0,elmHqfIN,jTofnsvB,1865.0
796,0,YhQOzAWJ,elmHqfIN,1865.0
796,0,zUgDRwiy,YhQOzAWJ,1865.0
796,0,okaePkJr,zUgDRwiy,1865.0
796,0,PgJqeYYy,okaePkJr,1865.0
796,0,cQQRUhUD,PgJqeYYy,1865.0
796,0,ZpXtMmnA,cQQRUhUD,1865.0
1434,0,aWeSqqrV,gyQqEnFq,1072.0
1434,0,WRVBvtIE,aWeSqqrV,1072.0
1434,0,RuAJZyMI,WRVBvtIE,1072.0
1434,0,MtINPaKl,RuAJZyMI,1358.0
232,0,NajoDNFv,TxpOiGNK,4244.0
232,0,aQxdJxqw,NajoDNFv,4236.0
232,0,GJDHvjGI,aQxdJxqw,4168.0
796,0,bZroqIhX,eTJQHplR,399.0
796,0,cNuIRYrx,bZroqIhX,399.0
796,0,yNIUaSyZ,cNuIRYrx,399.0
796,0,xiTGCYEl,yNIUaSyZ,399.0
291,0,zijvldJJ,RVGhYAxc,7357.0
291,0,PywYzQHY,zijvldJJ,7581.0
291,0,RufmISTr,PywYzQHY,4776.0
291,0,qnxnYECs,RufmISTr,4824.0
291,0,QNScHwgR,qnxnYECs,4824.0
291,0,dLUoTBAU,QNScHwgR,4862.0
464,0,uuIZngLh,rWJbJwsc,5161.0
464,0,gHWJyJxY,uuIZngLh,5156.0
463,0,ylfNfbjf,PlyJazqR,1488.0
463,0,psXocZQH,ylfNfbjf,1488.0
463,0,yprCGtVa,psXocZQH,1796.0
463,0,pPqywgRl,yprCGtVa,1971.0
463,0,HGjkimBc,pPqywgRl,1991.0
463,0,lqMPnIra,HGjkimBc,2054.0
463,0,eKMWhxRF,lqMPnIra,3094.0
463,0,pRsoSsPh,eKMWhxRF,3254.0
463,0,pUxrqkbR,pRsoSsPh,3259.0
463,0,GmRorurF,pUxrqkbR,3280.0
463,0,rWJbJwsc,GmRorurF,3280.0
463,0,uuIZngLh,rWJbJwsc,3907.0
463,0,gHWJyJxY,uuIZngLh,3907.0
250,0,HezLsNFQ,tyeyrnYi,6293.0
1395,0,OrbXRiVv,anWZyaGW,583.0
1395,0,cNuIRYrx,OrbXRiVv,654.0
1395,0,yNIUaSyZ,cNuIRYrx,654.0
1395,0,xiTGCYEl,yNIUaSyZ,654.0
1395,0,NXLrCKMp,xiTGCYEl,877.0
1395,0,FyoAuDvn,NXLrCKMp,877.0
1395,0,WOOyqinT,FyoAuDvn,1008.0
1395,0,mnkgCFDT,WOOyqinT,1008.0
1395,0,kVhbTVuU,mnkgCFDT,1856.0
1395,0,IoxYvxeH,kVhbTVuU,1883.0
1395,0,yrlDljAC,IoxYvxeH,1845.0
1395,0,rBCwdRqs,yrlDljAC,1845.0
1395,0,olAnplnl,rBCwdRqs,1845.0
1395,0,hpCuKAjH,olAnplnl,1845.0
1395,0,tyeyrnYi,hpCuKAjH,1845.0
1395,0,HezLsNFQ,tyeyrnYi,1853.0
1395,0,eusqYKWT,HezLsNFQ,1875.0
1395,0,xOHMcnRu,eusqYKWT,2212.0
719,0,HezLsNFQ,tyeyrnYi,1606.0
1748,0,EsFyleAW,PgJqeYYy,415.0
1748,0,oPiGTUNA,EsFyleAW,369.0
1748,0,AsOznvtO,oPiGTUNA,369.0
1748,0,TxpOiGNK,AsOznvtO,369.0
1418,0,DpeufCiu,SGVPbDEb,5996.0
1418,0,FaHpkwNs,DpeufCiu,5996.0
1418,0,iMMoIvpS,FaHpkwNs,8198.0
1418,0,wMslsCeS,iMMoIvpS,8365.0
1418,0,BTtHvEzM,wMslsCeS,8365.0
80,0,UWROvtjV,YpZAWuci,3391.0
80,0,aHnvxyXJ,UWROvtjV,3391.0
1452,0,UWROvtjV,YpZAWuci,209.0
1452,0,aHnvxyXJ,UWROvtjV,209.0
369,0,DHQRQBBP,kohCEyKT,3120.0
142,0,kohCEyKT,FaHpkwNs,2942.0
142,0,DHQRQBBP,kohCEyKT,3946.0
34,0,ZKEtlMvK,kohCEyKT,2266.0
1419,0,CKorGRkE,ejMjPdTH,236.0
1419,0,eaNsVWDR,CKorGRkE,236.0
1419,0,hpACGGyB,eaNsVWDR,236.0
133,0,pcONCDTC,nyQXyVHt,23.0
133,0,fkhDLNVv,pcONCDTC,20.0
133,0,ZgqhsueA,fkhDLNVv,20.0
133,0,GYxWnXpv,ZgqhsueA,8.0
133,0,mkpQpPSv,GYxWnXpv,8.0
133,0,EIHKZlEa,mkpQpPSv,8.0
133,0,oYdkYEMp,EIHKZlEa,8.0
133,0,TkHOmLHQ,oYdkYEMp,8.0
133,0,YvwuVYMF,TkHOmLHQ,8.0
133,0,vDFCntfg,YvwuVYMF,6.0
133,0,iEKDTvNf,vDFCntfg,6.0
133,0,MyGqmywG,iEKDTvNf,6.0
133,0,NxbXiMUL,MyGqmywG,6.0
133,0,XLVjRryq,NxbXiMUL,5.0
133,0,gzTQJVMW,XLVjRryq,5.0
133,0,FZsFzszJ,gzTQJVMW,5.0
133,0,KgwKZlse,FZsFzszJ,5.0
133,0,AoRkaUmb,KgwKZlse,5.0
133,0,ALhaazBT,AoRkaUmb,5.0
133,0,YqlTLIQa,ALhaazBT,5.0
133,0,AUmOMGnp,YqlTLIQa,5.0
133,0,XFPAZveS,AUmOMGnp,5.0
133,0,ojqTFFWy,XFPAZveS,4.0
130,0,fkhDLNVv,pcONCDTC,46.0
130,0,ZgqhsueA,fkhDLNVv,46.0
130,0,GYxWnXpv,ZgqhsueA,37.0
130,0,mkpQpPSv,GYxWnXpv,37.0
130,0,EIHKZlEa,mkpQpPSv,37.0
130,0,oYdkYEMp,EIHKZlEa,37.0
130,0,TkHOmLHQ,oYdkYEMp,37.0
130,0,SwTowoaO,TkHOmLHQ,37.0
130,0,YvwuVYMF,SwTowoaO,37.0
130,0,vDFCntfg,YvwuVYMF,31.0
130,0,iEKDTvNf,vDFCntfg,31.0
130,0,MyGqmywG,iEKDTvNf,31.0
130,0,NxbXiMUL,MyGqmywG,31.0
130,0,XLVjRryq,NxbXiMUL,26.0
130,0,RVEyrwjR,XLVjRryq,26.0
130,0,gzTQJVMW,RVEyrwjR,26.0
130,0,FZsFzszJ,gzTQJVMW,13.0
130,0,KgwKZlse,FZsFzszJ,12.0
130,0,AoRkaUmb,KgwKZlse,12.0
130,0,ALhaazBT,AoRkaUmb,12.0
130,0,YqlTLIQa,ALhaazBT,12.0
130,0,AUmOMGnp,YqlTLIQa,12.0
130,0,XFPAZveS,AUmOMGnp,12.0
130,0,ojqTFFWy,XFPAZveS,6.0
37,0,CKldDLYq,EkWBPXmr,446.0
37,0,tjYcJLRB,CKldDLYq,606.0
37,0,iYMJvRAf,tjYcJLRB,606.0
37,0,KplKuAnp,iYMJvRAf,616.0
37,0,pSVDMeCH,KplKuAnp,616.0
37,0,FTwVCxQy,pSVDMeCH,616.0
37,0,xnBCUPNx,FTwVCxQy,743.0
37,0,MEVzYGii,xnBCUPNx,943.0
37,0,yQIotbyH,MEVzYGii,944.0
37,0,taEXnGBL,yQIotbyH,1223.0
37,0,rZoajhYh,taEXnGBL,1223.0
37,0,NuyYqrDq,rZoajhYh,1289.0
37,0,gpaAUChy,NuyYqrDq,1318.0
37,0,IgEBJNwX,gpaAUChy,1318.0
37,0,NCVzutVL,IgEBJNwX,1345.0
37,0,cTQVugNT,NCVzutVL,1352.0
37,0,cNypyxpr,cTQVugNT,2151.0
37,0,WRVBvtIE,cNypyxpr,2151.0
37,0,RuAJZyMI,WRVBvtIE,2151.0
37,0,MtINPaKl,RuAJZyMI,2151.0
37,0,SGVPbDEb,MtINPaKl,2151.0
37,0,DpeufCiu,SGVPbDEb,2151.0
37,0,FaHpkwNs,DpeufCiu,2151.0
37,0,kohCEyKT,FaHpkwNs,2151.0
37,0,ZKEtlMvK,kohCEyKT,2151.0
37,0,pjRBTtLk,ZKEtlMvK,2151.0
369,0,ZKEtlMvK,DHQRQBBP,3097.0
369,0,pjRBTtLk,ZKEtlMvK,3440.0
142,0,ZKEtlMvK,DHQRQBBP,3925.0
142,0,pjRBTtLk,ZKEtlMvK,3926.0
1440,0,WRVBvtIE,gyQqEnFq,436.0
1440,0,RuAJZyMI,WRVBvtIE,436.0
1440,0,MtINPaKl,RuAJZyMI,486.0
1440,0,SGVPbDEb,MtINPaKl,488.0
1440,0,DpeufCiu,SGVPbDEb,585.0
1440,0,FaHpkwNs,DpeufCiu,585.0
1440,0,kohCEyKT,FaHpkwNs,585.0
1440,0,DHQRQBBP,kohCEyKT,585.0
1440,0,ZKEtlMvK,DHQRQBBP,585.0
1440,0,pjRBTtLk,ZKEtlMvK,816.0
1441,0,dHuMOmqh,LDSuadxM,1390.0
1441,0,kVCEAUTv,dHuMOmqh,2309.0
1441,0,llFTEWtD,IulxyPoH,1070.0
1441,0,SgXyhVwd,llFTEWtD,1070.0
1441,0,fPhIOSOj,SgXyhVwd,1070.0
1441,0,SOzmnmNW,fPhIOSOj,1070.0
1441,0,OhBAPvsb,SOzmnmNW,1070.0
1441,0,LDSuadxM,OhBAPvsb,1070.0
1441,0,PXPVuGmP,fQRLOpha,907.0
1441,0,IulxyPoH,PXPVuGmP,907.0
779,0,pzScocJN,khOlLZay,3269.0
779,0,AOtPxxNt,pzScocJN,3244.0
779,0,pFQacbfu,AOtPxxNt,3200.0
779,0,ZecyfkGE,pFQacbfu,3200.0
779,0,aNlaxeLS,ZecyfkGE,3053.0
779,0,zBPHjWVd,aNlaxeLS,3053.0
779,0,rPcYYZtd,zBPHjWVd,3040.0
779,0,ngtiheSM,rPcYYZtd,2826.0
994,0,BWKNZpmt,VriUyyDM,1914.0
992,0,ZKEtlMvK,kohCEyKT,6943.0
992,0,pjRBTtLk,ZKEtlMvK,6943.0
1441,0,hFISFuCO,BxmxkKGC,883.0
1441,0,byRkdSCW,hFISFuCO,883.0
1441,0,fQRLOpha,byRkdSCW,883.0
1702,0,qrLMfnQh,aQxdJxqw,1605.0
1702,0,nAnfzqIp,qrLMfnQh,1605.0
1702,0,BYibysYA,nAnfzqIp,1605.0
1531,0,NajoDNFv,wteskcXn,697.0
1531,0,aQxdJxqw,NajoDNFv,679.0
1221,0,CKorGRkE,ejMjPdTH,4888.0
1221,0,eaNsVWDR,CKorGRkE,4888.0
1221,0,hpACGGyB,eaNsVWDR,4888.0
1221,0,VgUdLlOW,hpACGGyB,5239.0
1221,0,ywuGpANM,VgUdLlOW,5250.0
1221,0,BZCtSmhk,ywuGpANM,8210.0
1221,0,aojHvPEg,BZCtSmhk,8235.0
1221,0,qeXIqBgp,aojHvPEg,8235.0
836,0,aojHvPEg,BZCtSmhk,5425.0
836,0,qeXIqBgp,aojHvPEg,5418.0
679,0,BpAiVnps,RVGhYAxc,2257.0
1330,0,TxpOiGNK,YXiYqIfc,1640.0
1330,0,NajoDNFv,TxpOiGNK,1637.0
1330,0,aQxdJxqw,NajoDNFv,1636.0
1568,0,YcrsfAeA,KCvWJpxq,4272.0
1568,0,cfrRCwNB,YcrsfAeA,4272.0
1568,0,TFSGEQcQ,cfrRCwNB,4611.0
1568,0,fjFZwaYy,TFSGEQcQ,4909.0
1568,0,lSWJJvzr,fjFZwaYy,4940.0
1568,0,nxFmOJAJ,lSWJJvzr,4985.0
1568,0,GznDzxNt,nxFmOJAJ,4985.0
1568,0,jappmlZc,GznDzxNt,4985.0
1568,0,JGAJXRSN,jappmlZc,5042.0
1568,0,SDEQaVyD,JGAJXRSN,4882.0
1226,0,njiqgOWt,jVOVHrFU,9422.0
1263,0,MlqbsUKu,AXkvSZpr,12609.0
1263,0,jaCrAUFK,MlqbsUKu,12929.0
1263,0,oynLwMrX,jaCrAUFK,12770.0
1263,0,EKYbCcms,oynLwMrX,9809.0
1497,0,aYSqaQmJ,AmahvgQB,110.0
1497,0,JKFFGKvY,aYSqaQmJ,100.0
1497,0,EVAUYvVR,JKFFGKvY,100.0
1497,0,GYfZYaJh,EVAUYvVR,100.0
1512,0,EKYbCcms,jaCrAUFK,13828.0
1226,0,CEZTRnUo,qflzswAf,6371.0
1226,0,funWfCdm,CEZTRnUo,6371.0
1226,0,rnFrOJMw,funWfCdm,6371.0
1226,0,iaPnRXpR,rnFrOJMw,6374.0
1226,0,PNUwxzRj,iaPnRXpR,7496.0
1226,0,sxclJLmG,PNUwxzRj,7496.0
1226,0,xMTNzVPt,sxclJLmG,7523.0
1226,0,AudzmzeZ,xMTNzVPt,7523.0
1226,0,QVFxizLc,AudzmzeZ,7580.0
1226,0,BKywSEpu,QVFxizLc,7580.0
1226,0,PrwDPVMa,BKywSEpu,7580.0
1226,0,bjPEDqek,PrwDPVMa,7543.0
1226,0,hNvVhacI,bjPEDqek,7543.0
1226,0,qzYXXYmc,hNvVhacI,7379.0
1707,0,PiHPpcZe,MPxbDKyu,7.0
1707,0,mBlbMFFC,PiHPpcZe,7.0
1707,0,BGChynOq,mBlbMFFC,7.0
1707,0,ffHVhHJj,BGChynOq,4.0
1707,0,itmFNPnQ,ffHVhHJj,4.0
1707,0,mEEGNlDG,itmFNPnQ,4.0
1707,0,jVOVHrFU,mEEGNlDG,4.0
1707,0,njiqgOWt,jVOVHrFU,3.0
1748,0,NajoDNFv,TxpOiGNK,386.0
1748,0,aQxdJxqw,NajoDNFv,439.0
1445,0,gHieypBQ,IOpdOfiF,726.0
1445,0,vfoDngvn,gHieypBQ,726.0
1445,0,EPWXwPSq,vfoDngvn,726.0
1445,0,orpkgmYq,EPWXwPSq,726.0
1445,0,RXuaQdiQ,orpkgmYq,726.0
1445,0,mhTYFecR,RXuaQdiQ,726.0
1445,0,RZCadHVt,mhTYFecR,726.0
1440,0,orpkgmYq,EPWXwPSq,634.0
1440,0,RXuaQdiQ,orpkgmYq,481.0
1440,0,mhTYFecR,RXuaQdiQ,348.0
1440,0,RZCadHVt,mhTYFecR,316.0
1440,0,gHieypBQ,wrFiwNtD,748.0
1440,0,vfoDngvn,gHieypBQ,748.0
1440,0,EPWXwPSq,vfoDngvn,748.0
34,0,aSxVTIYY,ZKEtlMvK,1637.0
34,0,fpInPVFL,aSxVTIYY,1637.0
80,0,aBlpKWpT,aHnvxyXJ,3108.0
1452,0,aBlpKWpT,aHnvxyXJ,444.0
1452,0,YBtfPRlp,aBlpKWpT,444.0
232,0,rxopZurY,GJDHvjGI,3488.0
761,0,NnzcSqlk,mhTYFecR,4092.0
900,0,fTbQcCcQ,BSlPgNeK,68.0
1418,0,NNeqXfIi,FoqpqGcp,5670.0
1418,0,wbJSAzcX,NNeqXfIi,5668.0
80,0,RwWmKtXH,aBlpKWpT,2913.0
80,0,iWUiEObr,RwWmKtXH,2996.0
1452,0,RwWmKtXH,YBtfPRlp,606.0
1452,0,iWUiEObr,RwWmKtXH,606.0
1226,0,cIQOVqQI,njiqgOWt,9417.0
1226,0,OyAyNkqZ,cIQOVqQI,9412.0
1226,0,XiXLaJEL,OyAyNkqZ,9405.0
1226,0,fzSWURzx,XiXLaJEL,4366.0
1226,0,vyojaKRU,fzSWURzx,4239.0
1226,0,puwcRgFs,vyojaKRU,3788.0
1226,0,zjKsBdNQ,puwcRgFs,1237.0
1226,0,ojqTFFWy,zjKsBdNQ,1236.0
761,0,DgJlPOry,ZpXtMmnA,3964.0
761,0,inAMLXyk,DgJlPOry,3964.0
761,0,nTEapSQO,inAMLXyk,3964.0
761,0,AKaXSKPc,nTEapSQO,3964.0
796,0,DgJlPOry,ZpXtMmnA,786.0
796,0,inAMLXyk,DgJlPOry,786.0
796,0,nTEapSQO,inAMLXyk,786.0
796,0,AKaXSKPc,nTEapSQO,786.0
1452,0,mkMGVFdU,iWUiEObr,762.0
1452,0,xMYnsmAG,mkMGVFdU,1435.0
1452,0,IOpdOfiF,xMYnsmAG,1444.0
1486,0,inAMLXyk,ZpXtMmnA,202.0
1486,0,nTEapSQO,inAMLXyk,202.0
1486,0,AKaXSKPc,nTEapSQO,202.0
1263,0,cIQOVqQI,EKYbCcms,10220.0
1263,0,OyAyNkqZ,cIQOVqQI,10246.0
401,0,zjOknQHK,CRVKBFrv,1916.0
401,0,FrKNovDQ,zjOknQHK,1916.0
401,0,kgNzHUbI,FrKNovDQ,1913.0
401,0,cXqKNsgk,eJfPkird,3261.0
401,0,adPAcDLJ,cXqKNsgk,3261.0
401,0,RTRcFCMg,adPAcDLJ,3246.0
401,0,yYShGLTs,RTRcFCMg,3246.0
401,0,VkUBejwv,yYShGLTs,3420.0
401,0,QuhVipGo,VkUBejwv,2726.0
401,0,IUBOlCKA,QuhVipGo,2541.0
401,0,knSDhEIY,IUBOlCKA,2624.0
401,0,bYtHLndm,knSDhEIY,2730.0
401,0,KbKyxild,bYtHLndm,2730.0
401,0,WzJZybAt,KbKyxild,1688.0
401,0,wBZvskGC,WzJZybAt,1626.0
401,0,hlYcHDiv,wBZvskGC,1561.0
401,0,ZUUFaTkv,hlYcHDiv,1561.0
401,0,TikfrWrm,ZUUFaTkv,1561.0
401,0,ojqTFFWy,TikfrWrm,381.0
1349,0,cSSpAgNQ,WUuNWUBH,276.0
1349,0,ChOayZDF,cSSpAgNQ,276.0
1349,0,MCXOFAcE,ChOayZDF,276.0
1349,0,CrEPfbyi,MCXOFAcE,276.0
1349,0,GrmAtQAi,CrEPfbyi,276.0
1349,0,iLbIERty,GrmAtQAi,276.0
1349,0,TPvicaCo,iLbIERty,279.0
1349,0,kzVeZOug,TPvicaCo,279.0
1349,0,mxGSpCzE,kzVeZOug,279.0
1349,0,WlZgmutc,mxGSpCzE,279.0
1349,0,acVCzwtl,WlZgmutc,279.0
1349,0,TIlepZYr,acVCzwtl,276.0
1349,0,BmQLYaPd,TIlepZYr,45.0
1349,0,UvdLYolu,BmQLYaPd,45.0
1349,0,ZFKsyBay,UvdLYolu,45.0
1349,0,suvDbtPR,ZFKsyBay,44.0
1096,0,FrCulsqF,VYHZxBYO,1586.0
1096,0,KCAssTym,FrCulsqF,1586.0
1096,0,WhdKokFf,KCAssTym,1643.0
1096,0,QhscbmPA,WhdKokFf,1643.0
1096,0,YVvBKwgW,QhscbmPA,1674.0
1096,0,CcDOWlNm,YVvBKwgW,1761.0
1096,0,yfjUYWEe,CcDOWlNm,1761.0
1019,0,kYVfgfZp,bLNlBUaT,188.0
1019,0,eZiXxBSP,kYVfgfZp,188.0
1019,0,SaZyOqOi,eZiXxBSP,188.0
1019,0,oRpydnwU,SaZyOqOi,227.0
1019,0,yyEOaSxi,oRpydnwU,227.0
1019,0,obftSQtS,yyEOaSxi,217.0
1029,0,rNCpaLXo,dNagXJoD,1630.0
232,0,qXMrbZDt,rxopZurY,3474.0
232,0,qOusBBOu,qXMrbZDt,3474.0
147,0,exgtgIgV,zJsEFgSs,174.0
147,0,CvtLjMFW,exgtgIgV,174.0
147,0,vSdfqYeK,CvtLjMFW,174.0
147,0,AmahvgQB,vSdfqYeK,174.0
1330,0,rxopZurY,aQxdJxqw,1143.0
1330,0,qXMrbZDt,rxopZurY,1143.0
1330,0,qOusBBOu,qXMrbZDt,1143.0
761,0,ECXJHxuC,AKaXSKPc,4155.0
761,0,mhTYFecR,ECXJHxuC,4155.0
541,0,oZJRchiN,wVKhsyCZ,34.0
541,0,ZgqhsueA,eyUKPfnA,38.0
541,0,YvwuVYMF,ZgqhsueA,38.0
541,0,FZsFzszJ,YvwuVYMF,38.0
541,0,ALhaazBT,FZsFzszJ,38.0
541,0,ejMjPdTH,ALhaazBT,38.0
1418,0,wHHoYczm,wbJSAzcX,5614.0
529,0,xiTGCYEl,cNuIRYrx,102.0
529,0,NXLrCKMp,xiTGCYEl,183.0
529,0,FyoAuDvn,NXLrCKMp,183.0
529,0,WOOyqinT,FyoAuDvn,183.0
529,0,VfTFpfzB,WOOyqinT,431.0
529,0,bZroqIhX,eTJQHplR,88.0
529,0,cNuIRYrx,bZroqIhX,88.0
1606,0,BgrWMruP,tNjBpHdR,41.0
1606,0,BlIFmvgd,BgrWMruP,41.0
1606,0,FGqBFXAc,BlIFmvgd,41.0
1606,0,MDGVFhVD,FGqBFXAc,41.0
1606,0,TjIpsyZG,MDGVFhVD,41.0
1606,0,pMhMmUyS,TjIpsyZG,41.0
1606,0,MaWmiWrW,pMhMmUyS,41.0
1606,0,XXnkNquo,MaWmiWrW,41.0
1606,0,GgMfrgKO,XiXLaJEL,13.0
1606,0,egyFOSbs,GgMfrgKO,13.0
1606,0,tNjBpHdR,egyFOSbs,13.0
232,0,ysAqwwWP,qOusBBOu,3458.0
232,0,vCxCuCVD,ysAqwwWP,3458.0
1330,0,vCxCuCVD,qOusBBOu,1140.0
1748,0,qXMrbZDt,aQxdJxqw,629.0
1748,0,qOusBBOu,qXMrbZDt,629.0
1748,0,vCxCuCVD,qOusBBOu,650.0
779,0,yHCBRtBd,xnXFAboh,5318.0
779,0,YYKDBDRS,yHCBRtBd,5318.0
779,0,CDXhVrrJ,YYKDBDRS,5318.0
1681,0,vFcwPIzF,qrkdOgPU,174.0
1681,0,fdwfslrS,vFcwPIzF,130.0
992,0,vnfcOAch,pjRBTtLk,6846.0
992,0,ryJVAbFB,vnfcOAch,6846.0
992,0,ttVqQknl,ryJVAbFB,6846.0
142,0,vnfcOAch,pjRBTtLk,2891.0
142,0,ryJVAbFB,vnfcOAch,2891.0
142,0,ttVqQknl,ryJVAbFB,2891.0
1512,0,MlqbsUKu,AXkvSZpr,13047.0
1512,0,jaCrAUFK,MlqbsUKu,13051.0
1512,0,OyAyNkqZ,EKYbCcms,12964.0
1300,0,ntDOQspU,OpgRCgWV,10249.0
1300,0,MlqbsUKu,ntDOQspU,10280.0
1300,0,jaCrAUFK,MlqbsUKu,10283.0
1300,0,oynLwMrX,jaCrAUFK,9859.0
1300,0,EKYbCcms,oynLwMrX,9337.0
1300,0,OyAyNkqZ,EKYbCcms,9448.0
37,0,vnfcOAch,pjRBTtLk,1731.0
37,0,ryJVAbFB,vnfcOAch,1731.0
37,0,ttVqQknl,ryJVAbFB,1731.0
37,0,aZtqChJJ,ttVqQknl,1731.0
170,0,tDDddUJb,lmZJehpq,715.0
170,0,RVGhYAxc,tDDddUJb,632.0
170,0,BpAiVnps,RVGhYAxc,505.0
992,0,aZtqChJJ,ttVqQknl,6844.0
142,0,aZtqChJJ,ttVqQknl,2893.0
232,0,LDSuadxM,vCxCuCVD,2667.0
1662,0,yLVlVeFN,XGJiqzLW,151.0
1662,0,tPRfRHcU,yLVlVeFN,151.0
1662,0,gOEBySGW,tPRfRHcU,151.0
1662,0,yQTlxjhE,gOEBySGW,151.0
1662,0,OQuuHQtW,yQTlxjhE,153.0
1662,0,BZfkJyvP,OQuuHQtW,153.0
1662,0,pdLPgMHo,BZfkJyvP,153.0
1662,0,YULSfngF,pdLPgMHo,153.0
1662,0,FxdGzEpZ,YULSfngF,153.0
1662,0,xGsoSfhX,FxdGzEpZ,112.0
1662,0,MgruBUee,xGsoSfhX,112.0
1662,0,BpAiVnps,MgruBUee,112.0
80,0,yGnjFAhM,iWUiEObr,2809.0
796,0,ECXJHxuC,AKaXSKPc,616.0
796,0,mhTYFecR,ECXJHxuC,616.0
796,0,RZCadHVt,mhTYFecR,451.0
1440,0,vnfcOAch,pjRBTtLk,713.0
1440,0,ryJVAbFB,vnfcOAch,713.0
1440,0,ttVqQknl,ryJVAbFB,713.0
1440,0,aZtqChJJ,ttVqQknl,734.0
1440,0,wrFiwNtD,aZtqChJJ,739.0
1606,0,ZHlwRpuy,XXnkNquo,25.0
1606,0,kOgbwYhI,ZHlwRpuy,25.0
1606,0,LXShvwrY,kOgbwYhI,25.0
1606,0,TvvslWVF,LXShvwrY,25.0
1606,0,SgXyhVwd,TvvslWVF,6.0
1606,0,fPhIOSOj,SgXyhVwd,6.0
1606,0,PQDqFTyk,fPhIOSOj,6.0
1606,0,SOzmnmNW,PQDqFTyk,6.0
1606,0,OhBAPvsb,SOzmnmNW,6.0
1462,0,IIbmZtwl,SKQEJtAl,154.0
1462,0,TmzVTgQO,IIbmZtwl,154.0
1462,0,uQwuZjYR,TmzVTgQO,154.0
1462,0,pfDsKqbP,uQwuZjYR,154.0
1462,0,GKBCzMbq,pfDsKqbP,154.0
1462,0,orpkgmYq,GKBCzMbq,154.0
1462,0,RXuaQdiQ,orpkgmYq,154.0
1462,0,bmqZcfhO,RXuaQdiQ,142.0
1462,0,lUWTaWkd,bmqZcfhO,142.0
72,0,NnzcSqlk,MULNmVBJ,10.0
37,0,deapEAbC,aZtqChJJ,1371.0
992,0,deapEAbC,aZtqChJJ,6123.0
369,0,vnfcOAch,pjRBTtLk,3062.0
369,0,ryJVAbFB,vnfcOAch,3062.0
369,0,ttVqQknl,ryJVAbFB,3062.0
369,0,aZtqChJJ,ttVqQknl,3062.0
369,0,deapEAbC,aZtqChJJ,3062.0
142,0,wrFiwNtD,aZtqChJJ,2774.0
142,0,deapEAbC,wrFiwNtD,2786.0
1446,0,dHuMOmqh,LDSuadxM,772.0
1446,0,kVCEAUTv,dHuMOmqh,772.0
1446,0,LsuNFzpq,kVCEAUTv,772.0
1446,0,JZbiEaEt,LsuNFzpq,772.0
1446,0,RchOKnYD,JZbiEaEt,772.0
1446,0,BMDeXhVp,RchOKnYD,772.0
1446,0,jQytwadI,BMDeXhVp,772.0
1459,0,BxmxkKGC,RTafItqF,1445.0
1459,0,lfmzBYXb,BxmxkKGC,1445.0
1459,0,TQhrUKrf,lfmzBYXb,1445.0
1459,0,hFISFuCO,TQhrUKrf,1445.0
1459,0,IJrmTLNf,hFISFuCO,1445.0
1459,0,byRkdSCW,IJrmTLNf,1445.0
1459,0,fQRLOpha,byRkdSCW,1445.0
1459,0,PXPVuGmP,fQRLOpha,1445.0
1459,0,JpcivbxC,PXPVuGmP,1445.0
1459,0,IulxyPoH,JpcivbxC,1445.0
1459,0,llFTEWtD,IulxyPoH,1445.0
1459,0,TvvslWVF,llFTEWtD,1445.0
1459,0,SgXyhVwd,TvvslWVF,1291.0
1459,0,fPhIOSOj,SgXyhVwd,1291.0
1459,0,PQDqFTyk,fPhIOSOj,1291.0
1459,0,SOzmnmNW,PQDqFTyk,1291.0
1459,0,OhBAPvsb,SOzmnmNW,1291.0
1459,0,HqehCtdr,OhBAPvsb,1291.0
1459,0,dHuMOmqh,HqehCtdr,1291.0
1459,0,kVCEAUTv,dHuMOmqh,1291.0
1459,0,LsuNFzpq,kVCEAUTv,1055.0
1459,0,JZbiEaEt,LsuNFzpq,1055.0
1459,0,RchOKnYD,JZbiEaEt,978.0
1459,0,BMDeXhVp,RchOKnYD,978.0
1459,0,jQytwadI,BMDeXhVp,978.0
1395,0,QHFmFyLR,EkWBPXmr,68.0
1395,0,neNWquOh,QHFmFyLR,68.0
1395,0,KwaxxmSs,neNWquOh,68.0
1395,0,gzZgDndk,KwaxxmSs,107.0
1395,0,NQaaFyOm,gzZgDndk,233.0
1395,0,iPNesxKP,NQaaFyOm,234.0
1395,0,lctVuVOk,iPNesxKP,295.0
1395,0,EocVuyzS,lctVuVOk,295.0
1395,0,lwcIkPvE,EocVuyzS,295.0
1395,0,suszCmcx,lwcIkPvE,295.0
1395,0,UTBcifAN,suszCmcx,296.0
1395,0,HQVZivsH,UTBcifAN,509.0
1395,0,DeiIsjyA,HQVZivsH,509.0
1395,0,anWZyaGW,DeiIsjyA,556.0
47,0,paIawFeA,nIakFMcq,7023.0
47,0,bmUdUOzs,paIawFeA,7077.0
725,0,HezLsNFQ,tyeyrnYi,1133.0
464,0,oXQrzcje,gHWJyJxY,2799.0
464,0,fyqDJAhS,oXQrzcje,2259.0
1486,0,qtbZyrFG,AKaXSKPc,194.0
1486,0,ECXJHxuC,qtbZyrFG,194.0
1486,0,mhTYFecR,ECXJHxuC,194.0
1512,0,XiXLaJEL,OyAyNkqZ,12514.0
1512,0,vyojaKRU,XiXLaJEL,8761.0
1512,0,puwcRgFs,vyojaKRU,9044.0
1512,0,ojqTFFWy,puwcRgFs,4985.0
1512,0,SEVBrkvc,ojqTFFWy,3409.0
1512,0,qPtpgxic,SEVBrkvc,3241.0
1512,0,gGkadTNm,qPtpgxic,1635.0
1512,0,CbcrfuAf,gGkadTNm,1555.0
779,0,lOyAoICg,CbcrfuAf,8783.0
779,0,GpOUDfXM,lOyAoICg,8783.0
779,0,UTnQirag,GpOUDfXM,8227.0
779,0,tkWZZFES,UTnQirag,8227.0
779,0,JKUqFAhf,tkWZZFES,7850.0
47,0,ojqTFFWy,bmUdUOzs,7504.0
779,0,SEVBrkvc,ojqTFFWy,422.0
779,0,KzCxlBoL,SEVBrkvc,475.0
779,0,qPtpgxic,KzCxlBoL,475.0
779,0,RyPegcUV,qPtpgxic,800.0
779,0,gGkadTNm,RyPegcUV,800.0
779,0,CbcrfuAf,gGkadTNm,1058.0
1434,0,FoqpqGcp,QhiYKyAt,3615.0
1434,0,NNeqXfIi,FoqpqGcp,4695.0
1434,0,wbJSAzcX,NNeqXfIi,4696.0
1434,0,wHHoYczm,wbJSAzcX,4753.0
1434,0,JPWycazw,wHHoYczm,5043.0
1434,0,SapgsLPr,JPWycazw,5047.0
1434,0,OyAyNkqZ,SapgsLPr,5185.0
1434,0,XiXLaJEL,OyAyNkqZ,6782.0
1434,0,fzSWURzx,XiXLaJEL,8009.0
1434,0,vyojaKRU,fzSWURzx,8074.0
1434,0,puwcRgFs,vyojaKRU,8135.0
1434,0,zjKsBdNQ,puwcRgFs,8145.0
1434,0,ojqTFFWy,zjKsBdNQ,8145.0
1434,0,RTafItqF,ojqTFFWy,8145.0
1434,0,SEVBrkvc,RTafItqF,10415.0
1434,0,KzCxlBoL,SEVBrkvc,9183.0
1434,0,qPtpgxic,KzCxlBoL,9183.0
1434,0,RyPegcUV,qPtpgxic,5915.0
1434,0,gGkadTNm,RyPegcUV,4990.0
1434,0,CbcrfuAf,gGkadTNm,4799.0
1418,0,JPWycazw,wHHoYczm,5140.0
1418,0,XiXLaJEL,OyAyNkqZ,4001.0
1418,0,fzSWURzx,XiXLaJEL,1085.0
1418,0,vyojaKRU,fzSWURzx,969.0
1418,0,puwcRgFs,vyojaKRU,370.0
1418,0,zjKsBdNQ,puwcRgFs,370.0
1418,0,ojqTFFWy,zjKsBdNQ,370.0
761,0,lUWTaWkd,NnzcSqlk,4474.0
761,0,glrALKnP,lUWTaWkd,4722.0
1682,0,rIWwRQFx,HkgLsGZV,176.0
1682,0,cfakSbWj,rIWwRQFx,176.0
1682,0,oAtDCozl,cfakSbWj,176.0
1682,0,cbQZDOwf,oAtDCozl,182.0
1682,0,lrlWhBjT,cbQZDOwf,182.0
1682,0,KoIahnfw,lrlWhBjT,182.0
1682,0,TVdcjRlg,KoIahnfw,182.0
1682,0,HDoiyQXO,TVdcjRlg,185.0
1682,0,brwCoXzb,HDoiyQXO,190.0
1682,0,LZThInHz,brwCoXzb,190.0
1682,0,whTcIvgZ,LZThInHz,190.0
1682,0,NKGBUaFm,whTcIvgZ,187.0
1682,0,qrkdOgPU,NKGBUaFm,240.0
1300,0,XiXLaJEL,OyAyNkqZ,9273.0
1300,0,puwcRgFs,XiXLaJEL,12289.0
1300,0,ojqTFFWy,puwcRgFs,9181.0
1300,0,SEVBrkvc,ojqTFFWy,10038.0
1300,0,KzCxlBoL,SEVBrkvc,9897.0
1300,0,qPtpgxic,KzCxlBoL,9897.0
1300,0,gGkadTNm,qPtpgxic,10506.0
1300,0,CbcrfuAf,gGkadTNm,10417.0
1263,0,XiXLaJEL,OyAyNkqZ,10102.0
1263,0,fzSWURzx,XiXLaJEL,6077.0
1258,0,fcSUqaEW,isWzWnoW,2861.0
1258,0,YJykDsrc,fcSUqaEW,2861.0
835,0,XiXLaJEL,OyAyNkqZ,5038.0
804,0,ZeFKXxfu,fNoKcjVu,181.0
804,0,wYWONrrr,ZeFKXxfu,281.0
804,0,jTofnsvB,wYWONrrr,281.0
804,0,elmHqfIN,jTofnsvB,315.0
804,0,YhQOzAWJ,elmHqfIN,315.0
804,0,zUgDRwiy,YhQOzAWJ,608.0
804,0,okaePkJr,zUgDRwiy,748.0
804,0,PgJqeYYy,okaePkJr,748.0
804,0,cQQRUhUD,PgJqeYYy,918.0
804,0,ZpXtMmnA,cQQRUhUD,918.0
804,0,DgJlPOry,ZpXtMmnA,918.0
804,0,inAMLXyk,DgJlPOry,918.0
804,0,AKaXSKPc,inAMLXyk,918.0
804,0,HdtICUKG,AKaXSKPc,947.0
804,0,mhTYFecR,HdtICUKG,947.0
427,0,sUYaNmKG,mnkgCFDT,1319.0
427,0,ntDOQspU,sUYaNmKG,1319.0
427,0,MlqbsUKu,ntDOQspU,1319.0
427,0,jaCrAUFK,MlqbsUKu,1297.0
427,0,EKYbCcms,jaCrAUFK,1234.0
427,0,OyAyNkqZ,EKYbCcms,1065.0
427,0,XiXLaJEL,OyAyNkqZ,1065.0
318,0,lOtREfVG,AmahvgQB,2037.0
227,0,eTJQHplR,zAwPDfkg,4.0
204,0,yfzTmEfw,QgwCgjAi,964.0
204,0,mBSaKJib,yfzTmEfw,964.0
204,0,ggaXnTUz,mBSaKJib,951.0
204,0,zJsEFgSs,ggaXnTUz,951.0
204,0,exgtgIgV,zJsEFgSs,967.0
204,0,CvtLjMFW,exgtgIgV,967.0
204,0,vSdfqYeK,CvtLjMFW,956.0
204,0,lOtREfVG,vSdfqYeK,956.0
1275,0,qQrteapK,lqMPnIra,1477.0
1275,0,sZwmfbNt,qQrteapK,1477.0
1275,0,oBjbzljy,sZwmfbNt,1321.0
1275,0,aYSqaQmJ,oBjbzljy,1321.0
1275,0,zgCGmKZn,aYSqaQmJ,1278.0
1275,0,JKFFGKvY,zgCGmKZn,1194.0
1275,0,EVAUYvVR,JKFFGKvY,1194.0
1275,0,GYfZYaJh,EVAUYvVR,1194.0
1275,0,OpgRCgWV,GYfZYaJh,1183.0
1275,0,ntDOQspU,OpgRCgWV,1183.0
1275,0,MlqbsUKu,ntDOQspU,1183.0
1275,0,jaCrAUFK,MlqbsUKu,1180.0
1275,0,EKYbCcms,jaCrAUFK,1179.0
1275,0,OyAyNkqZ,EKYbCcms,1179.0
1275,0,XiXLaJEL,OyAyNkqZ,1179.0
1568,0,qOuhMtTj,xOhGqygU,12300.0
1568,0,KCvWJpxq,qOuhMtTj,11416.0
804,0,NXLrCKMp,xiTGCYEl,107.0
804,0,FyoAuDvn,NXLrCKMp,107.0
804,0,GpnhEWuy,FyoAuDvn,146.0
804,0,fNoKcjVu,GpnhEWuy,146.0
804,0,jPdkntFF,mhTYFecR,1295.0
1606,0,dEaSAGSX,OhBAPvsb,5.0
835,0,GgMfrgKO,XiXLaJEL,3227.0
835,0,tNjBpHdR,GgMfrgKO,2882.0
1607,0,qtwbUNdN,afEeEQRA,44.0
1607,0,sLhwHcwM,qtwbUNdN,44.0
1607,0,gcDZQasu,sLhwHcwM,44.0
1607,0,WrRzSDVz,gcDZQasu,44.0
1607,0,FGqBFXAc,WrRzSDVz,44.0
1607,0,gCZfLTyw,FGqBFXAc,44.0
1607,0,JbEMfubM,gCZfLTyw,44.0
1607,0,aImltWBw,JbEMfubM,44.0
1607,0,lUWTaWkd,RZCadHVt,21.0
1607,0,hApOmpAO,lUWTaWkd,21.0
1607,0,glrALKnP,hApOmpAO,21.0
1607,0,qehlKNkR,glrALKnP,21.0
1607,0,ZFFevgPB,qehlKNkR,21.0
1607,0,YBasMniA,ZFFevgPB,21.0
1607,0,FgFNxkEY,YBasMniA,21.0
1607,0,YFmNKhTV,FgFNxkEY,21.0
1607,0,WtbGlmGs,YFmNKhTV,21.0
1607,0,afEeEQRA,WtbGlmGs,21.0
1083,0,vyojaKRU,eaNsVWDR,1012.0
1607,0,RZCadHVt,ERlrnknW,19.0
75,0,rilZLDfI,TzZKgVDl,1005.0
75,0,kTKiYpVR,rilZLDfI,962.0
75,0,bjpXdchK,kTKiYpVR,292.0
75,0,dEgXqWEW,bjpXdchK,292.0
75,0,ZWGREbnj,dEgXqWEW,292.0
75,0,cgIzawVB,ZWGREbnj,292.0
75,0,CbYTLXWK,cgIzawVB,289.0
75,0,kWrGTFqC,CbYTLXWK,289.0
75,0,ubEwIGdf,kWrGTFqC,286.0
75,0,aBKtLgYB,ubEwIGdf,286.0
75,0,qduHdsCL,aBKtLgYB,286.0
75,0,GYMzAvFw,qduHdsCL,286.0
75,0,VXAxIwYs,GYMzAvFw,286.0
75,0,ZHWKFCEn,VXAxIwYs,288.0
75,0,ljcnUKfU,ZHWKFCEn,276.0
75,0,ngHHCDQb,ljcnUKfU,276.0
75,0,gKNaWgzA,ngHHCDQb,271.0
75,0,mTKelVZs,gKNaWgzA,271.0
75,0,xjlhzjUh,mTKelVZs,267.0
75,0,fGCuvnjJ,xjlhzjUh,264.0
75,0,CsZszdUY,fGCuvnjJ,264.0
75,0,GFWgXvCF,CsZszdUY,264.0
75,0,TFRpjaAo,GFWgXvCF,264.0
75,0,JhdinCeD,TFRpjaAo,262.0
75,0,ZIieNEvD,JhdinCeD,262.0
75,0,jvLymITs,ZIieNEvD,262.0
75,0,jJVVpGMf,jvLymITs,261.0
75,0,tcYerYbk,jJVVpGMf,261.0
75,0,pPKqPUVW,tcYerYbk,261.0
75,0,iYTiOTOT,pPKqPUVW,261.0
75,0,dLtneiKf,iYTiOTOT,261.0
75,0,slfxTuih,dLtneiKf,261.0
75,0,XFPAZveS,slfxTuih,254.0
564,0,lUWTaWkd,RZCadHVt,185.0
564,0,hApOmpAO,lUWTaWkd,343.0
564,0,glrALKnP,hApOmpAO,343.0
564,0,FHApcaDQ,glrALKnP,826.0
1330,0,lUWTaWkd,vCxCuCVD,586.0
796,0,lUWTaWkd,RZCadHVt,314.0
796,0,glrALKnP,lUWTaWkd,314.0
1452,0,lUWTaWkd,mhTYFecR,6659.0
804,0,gQTRJpmv,jPdkntFF,1294.0
1748,0,NnzcSqlk,vCxCuCVD,511.0
1748,0,qehlKNkR,NnzcSqlk,541.0
1748,0,ZFFevgPB,qehlKNkR,541.0
1452,0,hApOmpAO,lUWTaWkd,6643.0
1452,0,qehlKNkR,hApOmpAO,6643.0
1452,0,ZFFevgPB,qehlKNkR,6643.0
1452,0,YBasMniA,ZFFevgPB,6643.0
1452,0,sZNeRfOC,YBasMniA,7054.0
1452,0,HajxumVd,sZNeRfOC,7054.0
1440,0,lUWTaWkd,RZCadHVt,87.0
1440,0,hApOmpAO,lUWTaWkd,87.0
1440,0,qehlKNkR,hApOmpAO,87.0
1440,0,ZFFevgPB,qehlKNkR,87.0
1440,0,sZNeRfOC,ZFFevgPB,87.0
1440,0,HajxumVd,sZNeRfOC,87.0
80,0,sAYtjSkX,yGnjFAhM,2958.0
779,0,qKwvXMmm,uxBjVsKf,1200.0
779,0,BNQPEsdW,qKwvXMmm,1200.0
779,0,beniIHzL,BNQPEsdW,1197.0
835,0,FGqBFXAc,tNjBpHdR,99.0
1702,0,ALndweLA,BYibysYA,1095.0
1486,0,qehlKNkR,mhTYFecR,49.0
1486,0,ZFFevgPB,qehlKNkR,49.0
1486,0,sZNeRfOC,ZFFevgPB,49.0
1486,0,HajxumVd,sZNeRfOC,49.0
796,0,qehlKNkR,glrALKnP,270.0
796,0,sZNeRfOC,qehlKNkR,270.0
796,0,HajxumVd,sZNeRfOC,270.0
1748,0,sZNeRfOC,ZFFevgPB,446.0
1748,0,HajxumVd,sZNeRfOC,446.0
1462,0,hApOmpAO,lUWTaWkd,121.0
1462,0,qehlKNkR,hApOmpAO,121.0
1462,0,ZFFevgPB,qehlKNkR,121.0
1462,0,YBasMniA,ZFFevgPB,121.0
1462,0,sZNeRfOC,YBasMniA,121.0
1462,0,HajxumVd,sZNeRfOC,121.0
804,0,BGrlRyyC,gQTRJpmv,716.0
564,0,rydzAjNc,FHApcaDQ,370.0
564,0,cekWZWmD,rydzAjNc,370.0
564,0,ngHHCDQb,cekWZWmD,370.0
142,0,nunLDRbE,deapEAbC,1014.0
142,0,oRUBDfuD,nunLDRbE,1014.0
142,0,qQJgvOFz,oRUBDfuD,1013.0
142,0,qVPPKIYf,qQJgvOFz,919.0
142,0,zvByLoIK,qVPPKIYf,898.0
804,0,WLRLSlmn,BGrlRyyC,676.0
75,0,EWgolfjF,HGpTnntY,1056.0
75,0,TzZKgVDl,EWgolfjF,792.0
75,0,zzxlwhdI,wssOAckJ,10.0
75,0,HGpTnntY,zzxlwhdI,177.0
1440,0,LhQSpAzy,HajxumVd,75.0
1440,0,pwpCkicC,LhQSpAzy,75.0
780,0,cgSMZptb,lhSIyIfw,4326.0
562,0,TEuwlied,dqlcNUVh,45.0
1452,0,tyrVGRMU,HajxumVd,6975.0
1452,0,LhQSpAzy,tyrVGRMU,6997.0
1452,0,pwpCkicC,LhQSpAzy,6997.0
804,0,gDjMHgkU,WLRLSlmn,636.0
74,0,DksUClXl,oAtDCozl,290.0
74,0,CJfGjHZT,DksUClXl,290.0
74,0,oAltlCRB,CJfGjHZT,290.0
74,0,FfkqCuZM,oAltlCRB,290.0
74,0,okgTpqCg,FfkqCuZM,290.0
74,0,IKzXRYHu,okgTpqCg,296.0
74,0,adAJVrkD,IKzXRYHu,296.0
74,0,TbPzKyew,adAJVrkD,297.0
74,0,SXdGhQsI,TbPzKyew,297.0
74,0,gDjMHgkU,SXdGhQsI,297.0
365,0,BgwdUHsv,ysSWNERo,16.0
365,0,lEwLedpG,BgwdUHsv,16.0
365,0,lQIpGOTn,lEwLedpG,10.0
365,0,uhUmvvRs,lQIpGOTn,10.0
365,0,GgLRqpEG,uhUmvvRs,8.0
365,0,WFZVQzrl,GgLRqpEG,8.0
365,0,tRncbstl,WFZVQzrl,8.0
365,0,QDIpIlEK,tRncbstl,8.0
365,0,GpnhEWuy,QDIpIlEK,8.0
365,0,rRGVruPM,GpnhEWuy,8.0
37,0,nunLDRbE,deapEAbC,477.0
37,0,oRUBDfuD,nunLDRbE,477.0
37,0,qQJgvOFz,oRUBDfuD,477.0
37,0,qVPPKIYf,qQJgvOFz,477.0
37,0,osIslFBH,qVPPKIYf,471.0
565,0,vcCubJJz,ykEzhWPm,512.0
565,0,CJfGjHZT,vcCubJJz,512.0
565,0,oAltlCRB,CJfGjHZT,512.0
565,0,FfkqCuZM,oAltlCRB,512.0
565,0,lfmzBYXb,BxmxkKGC,406.0
565,0,TQhrUKrf,lfmzBYXb,406.0
565,0,hFISFuCO,TQhrUKrf,406.0
565,0,IJrmTLNf,hFISFuCO,406.0
565,0,byRkdSCW,IJrmTLNf,406.0
565,0,fQRLOpha,byRkdSCW,406.0
565,0,PXPVuGmP,fQRLOpha,425.0
565,0,ykEzhWPm,PXPVuGmP,425.0
565,0,BxmxkKGC,ojqTFFWy,252.0
1461,0,BxmxkKGC,RTafItqF,24.0
1461,0,TQhrUKrf,BxmxkKGC,24.0
1461,0,hFISFuCO,TQhrUKrf,24.0
1461,0,IJrmTLNf,hFISFuCO,24.0
1461,0,byRkdSCW,IJrmTLNf,24.0
1461,0,fQRLOpha,byRkdSCW,24.0
1461,0,PXPVuGmP,fQRLOpha,24.0
1461,0,JpcivbxC,PXPVuGmP,24.0
1461,0,IulxyPoH,JpcivbxC,24.0
1461,0,llFTEWtD,IulxyPoH,24.0
1461,0,TvvslWVF,llFTEWtD,24.0
1461,0,SgXyhVwd,TvvslWVF,24.0
1461,0,fPhIOSOj,SgXyhVwd,24.0
1461,0,SOzmnmNW,fPhIOSOj,24.0
1461,0,OhBAPvsb,SOzmnmNW,24.0
1461,0,fgmiKawi,OhBAPvsb,24.0
1461,0,kVCEAUTv,fgmiKawi,24.0
1461,0,LsuNFzpq,kVCEAUTv,24.0
1461,0,aJJPOUlY,LsuNFzpq,24.0
1461,0,MMyysWzk,aJJPOUlY,24.0
1461,0,LrboGrTs,MMyysWzk,24.0
1461,0,HYTJJriR,LrboGrTs,24.0
1461,0,fjkEEKNz,HYTJJriR,24.0
1461,0,vqmUkLVA,fjkEEKNz,24.0
80,0,yhYCDbZJ,sAYtjSkX,2630.0
80,0,ebBIwNsf,yhYCDbZJ,2630.0
992,0,nunLDRbE,deapEAbC,8320.0
992,0,oRUBDfuD,nunLDRbE,8320.0
992,0,qQJgvOFz,oRUBDfuD,8320.0
992,0,kbNsckqG,qQJgvOFz,8341.0
804,0,rpBBoUBR,gDjMHgkU,323.0
804,0,WwOeNuda,rpBBoUBR,323.0
804,0,KFegxKuC,WwOeNuda,323.0
804,0,aVjeFnZb,KFegxKuC,323.0
804,0,fvPlIFug,aVjeFnZb,323.0
561,0,rIWwRQFx,HkgLsGZV,2215.0
561,0,cfakSbWj,rIWwRQFx,2215.0
561,0,oAtDCozl,cfakSbWj,2215.0
561,0,lfmzBYXb,BxmxkKGC,2029.0
561,0,TQhrUKrf,lfmzBYXb,2029.0
561,0,hFISFuCO,TQhrUKrf,2029.0
561,0,IJrmTLNf,hFISFuCO,2029.0
561,0,byRkdSCW,IJrmTLNf,2029.0
561,0,HkgLsGZV,byRkdSCW,2029.0
561,0,BxmxkKGC,ojqTFFWy,1888.0
992,0,VHmQaoRO,kbNsckqG,8332.0
369,0,nunLDRbE,deapEAbC,2776.0
369,0,oRUBDfuD,nunLDRbE,2776.0
369,0,qQJgvOFz,oRUBDfuD,2776.0
369,0,kbNsckqG,qQJgvOFz,2776.0
369,0,VHmQaoRO,kbNsckqG,2776.0
71,0,ZYCVVmjG,YKGBeVKa,1258.0
779,0,NTCwKKsF,JKUqFAhf,6252.0
779,0,xnXFAboh,NTCwKKsF,6252.0
780,0,JMPYaKbU,IGRxApsM,1329.0
780,0,yGpawgaV,JMPYaKbU,1319.0
780,0,IGRxApsM,ZNFFlclk,4.0
1557,0,wYWONrrr,ZeFKXxfu,699.0
1557,0,jTofnsvB,wYWONrrr,699.0
1557,0,YhQOzAWJ,jTofnsvB,1397.0
1557,0,mexFgKBp,YhQOzAWJ,1398.0
1557,0,okaePkJr,mexFgKBp,1562.0
1557,0,PgJqeYYy,okaePkJr,1885.0
1557,0,cQQRUhUD,PgJqeYYy,1916.0
1557,0,ZpXtMmnA,cQQRUhUD,1916.0
1557,0,inAMLXyk,ZpXtMmnA,2297.0
1557,0,nTEapSQO,inAMLXyk,2297.0
1557,0,AKaXSKPc,nTEapSQO,2297.0
1557,0,HdtICUKG,AKaXSKPc,2302.0
1557,0,qtbZyrFG,HdtICUKG,2302.0
1557,0,ECXJHxuC,qtbZyrFG,2302.0
1557,0,mhTYFecR,ECXJHxuC,2302.0
1557,0,ODVCvUnB,mhTYFecR,2415.0
1557,0,jPdkntFF,ODVCvUnB,2415.0
1557,0,gQTRJpmv,jPdkntFF,2415.0
1557,0,WLRLSlmn,gQTRJpmv,2420.0
1557,0,ArfZenbk,WLRLSlmn,2422.0
1557,0,ugwdZZUk,ArfZenbk,2488.0
567,0,rIWwRQFx,HkgLsGZV,28.0
567,0,cfakSbWj,rIWwRQFx,28.0
567,0,oAtDCozl,cfakSbWj,28.0
567,0,cbQZDOwf,oAtDCozl,28.0
567,0,lrlWhBjT,cbQZDOwf,28.0
567,0,KoIahnfw,lrlWhBjT,29.0
567,0,seSDLBYx,KoIahnfw,29.0
567,0,aBkDdFJm,seSDLBYx,29.0
567,0,UKIbRYBp,aBkDdFJm,29.0
567,0,wdXbjior,UKIbRYBp,29.0
567,0,rkDXPoao,wdXbjior,29.0
567,0,VMeHkHot,rkDXPoao,30.0
567,0,hpqGMkEd,VMeHkHot,30.0
567,0,ugwdZZUk,hpqGMkEd,30.0
1557,0,GpnhEWuy,FyoAuDvn,499.0
1557,0,fNoKcjVu,GpnhEWuy,504.0
1557,0,ZeFKXxfu,fNoKcjVu,678.0
567,0,BxmxkKGC,ojqTFFWy,17.0
567,0,lfmzBYXb,BxmxkKGC,19.0
567,0,TQhrUKrf,lfmzBYXb,26.0
567,0,hFISFuCO,TQhrUKrf,26.0
567,0,IJrmTLNf,hFISFuCO,26.0
567,0,byRkdSCW,IJrmTLNf,26.0
567,0,HkgLsGZV,byRkdSCW,26.0
1557,0,yNIUaSyZ,cNuIRYrx,354.0
1557,0,xiTGCYEl,yNIUaSyZ,354.0
1557,0,NXLrCKMp,xiTGCYEl,410.0
1557,0,FyoAuDvn,NXLrCKMp,410.0
913,0,WdOwNGhj,xfbmoJHP,15.0
913,0,kKKRBhFF,WdOwNGhj,14.0
913,0,NFInfBeu,kKKRBhFF,14.0
913,0,VCQdmIoF,NFInfBeu,14.0
913,0,ePrpofUw,VCQdmIoF,14.0
913,0,KcvPUxQg,ePrpofUw,14.0
913,0,BlnSxBAr,KcvPUxQg,14.0
913,0,TCBUGaZf,BlnSxBAr,14.0
567,0,oTJYLjwC,ugwdZZUk,20.0
1205,0,bHagonKv,uGkwFELU,5.0
1205,0,Vlipnutt,bHagonKv,3.0
1205,0,XiLvnZTk,Vlipnutt,3.0
1205,0,FStgRiBS,XiLvnZTk,3.0
1205,0,GkYZbgqg,FStgRiBS,3.0
1205,0,FlYjxOxQ,GkYZbgqg,3.0
1205,0,wFSILCzc,FlYjxOxQ,3.0
1205,0,yQQuLFAg,wFSILCzc,3.0
1205,0,rUKSlFeh,yQQuLFAg,3.0
1205,0,rckblBTM,rUKSlFeh,3.0
1205,0,gKoyUmab,rckblBTM,3.0
1205,0,fGmFhgnx,gKoyUmab,3.0
1205,0,XyHfgUxW,fGmFhgnx,3.0
1205,0,zjjLSYAp,XyHfgUxW,3.0
1205,0,nIakFMcq,zjjLSYAp,3.0
1174,0,aLyOqIFS,QEnOoljA,1600.0
1174,0,UmISPPJO,aLyOqIFS,1600.0
1174,0,VPUbGzfh,UmISPPJO,1677.0
1174,0,MVExtcyL,VPUbGzfh,1677.0
401,0,bYNwHuWo,KjiBWoqR,1458.0
401,0,MFfExqBx,bYNwHuWo,1488.0
401,0,qWvzRbGV,MFfExqBx,1442.0
401,0,PRzaSxQc,qWvzRbGV,1442.0
401,0,bfKiOFsS,PRzaSxQc,1442.0
401,0,eGbCulMV,bfKiOFsS,1442.0
401,0,CRVKBFrv,eGbCulMV,1442.0
157,0,aLyOqIFS,QEnOoljA,42.0
157,0,UmISPPJO,aLyOqIFS,42.0
157,0,VPUbGzfh,UmISPPJO,42.0
157,0,MVExtcyL,VPUbGzfh,42.0
157,0,bciZjPUu,MVExtcyL,42.0
157,0,ogOCBKAf,bciZjPUu,26.0
157,0,PhjcDdmq,ogOCBKAf,3.0
157,0,bHagonKv,PhjcDdmq,3.0
157,0,Vlipnutt,bHagonKv,3.0
157,0,CcjcuryA,Vlipnutt,3.0
157,0,FStgRiBS,CcjcuryA,3.0
157,0,GkYZbgqg,FStgRiBS,3.0
157,0,FlYjxOxQ,GkYZbgqg,3.0
157,0,wFSILCzc,FlYjxOxQ,3.0
157,0,yQQuLFAg,wFSILCzc,3.0
157,0,rUKSlFeh,yQQuLFAg,3.0
157,0,rckblBTM,rUKSlFeh,3.0
157,0,gKoyUmab,rckblBTM,3.0
157,0,fGmFhgnx,gKoyUmab,3.0
157,0,XyHfgUxW,fGmFhgnx,3.0
157,0,zjjLSYAp,XyHfgUxW,3.0
157,0,wrsPDGBQ,zjjLSYAp,3.0
1168,0,XBBRJpEo,iqwUvhKg,52.0
1168,0,yfDSCLNC,XBBRJpEo,49.0
1168,0,eUWmFhmU,yfDSCLNC,49.0
1168,0,PaIXMFSn,eUWmFhmU,49.0
1168,0,xWjNpCho,PaIXMFSn,49.0
1168,0,drCNaUUd,xWjNpCho,43.0
1168,0,GiLGTLpB,drCNaUUd,43.0
1168,0,uCrZVfKw,GiLGTLpB,43.0
1168,0,ibPVFfKv,uCrZVfKw,41.0
1168,0,MokitPrF,ibPVFfKv,41.0
1168,0,WWVpYMJI,MokitPrF,41.0
1168,0,UmISPPJO,WWVpYMJI,40.0
1168,0,VPUbGzfh,UmISPPJO,40.0
1168,0,MVExtcyL,VPUbGzfh,40.0
1168,0,bciZjPUu,MVExtcyL,40.0
1168,0,ogOCBKAf,bciZjPUu,40.0
1171,0,aLyOqIFS,QEnOoljA,132.0
1171,0,UmISPPJO,aLyOqIFS,132.0
1171,0,VPUbGzfh,UmISPPJO,132.0
1171,0,MVExtcyL,VPUbGzfh,132.0
1171,0,bciZjPUu,MVExtcyL,132.0
1171,0,ogOCBKAf,bciZjPUu,123.0
561,0,cbQZDOwf,oAtDCozl,2121.0
561,0,lrlWhBjT,cbQZDOwf,2121.0
427,0,vyojaKRU,XiXLaJEL,994.0
427,0,puwcRgFs,vyojaKRU,972.0
427,0,ojqTFFWy,puwcRgFs,719.0
566,0,LjfvDYFE,IANlmbvg,2.0
566,0,VEafRBFt,LjfvDYFE,3.0
566,0,EPhoDTHz,VEafRBFt,3.0
566,0,WGPbPoOh,EPhoDTHz,3.0
566,0,avbDVyxh,WGPbPoOh,2.0
566,0,gzkuviLm,avbDVyxh,2.0
566,0,CkzMckPC,gzkuviLm,2.0
566,0,WywmvGMH,CkzMckPC,2.0
566,0,AesbwnPs,WywmvGMH,2.0
566,0,hzAARBgX,AesbwnPs,2.0
50,0,bmUdUOzs,VTHwomVj,1481.0
1748,0,LhQSpAzy,HajxumVd,342.0
1748,0,pwpCkicC,LhQSpAzy,342.0
1124,0,wRBXcbqq,WhRBEXGR,101.0
1612,0,cpfNtAtG,RwPflEyQ,111.0
1612,0,hfvWjeWi,cpfNtAtG,111.0
1612,0,ffCPclBp,hfvWjeWi,111.0
1612,0,aIYUUJGk,ffCPclBp,111.0
1612,0,XNgGrRZp,aIYUUJGk,111.0
1612,0,nbddTMrG,XNgGrRZp,57.0
1612,0,wwRbiLuR,nbddTMrG,57.0
1612,0,zjuQPxhV,wwRbiLuR,57.0
1612,0,GjtgPBZH,zjuQPxhV,57.0
1612,0,AyRaCeuc,GjtgPBZH,57.0
1612,0,tYBUyXXf,AyRaCeuc,57.0
1652,0,tojmCcQB,tUdYLqkf,13.0
1652,0,jwBQsumG,tojmCcQB,13.0
1652,0,FtVXEmao,jwBQsumG,13.0
1652,0,LyncnjMw,FtVXEmao,13.0
1652,0,FoxIDeQY,LyncnjMw,13.0
1557,0,zjSZrmjo,ugwdZZUk,2050.0
567,0,zjSZrmjo,oTJYLjwC,7.0
178,0,oUmVLfUX,WKWTpoqQ,410.0
178,0,fJdABIlw,oUmVLfUX,410.0
178,0,mXwfazRz,fJdABIlw,334.0
178,0,NGAodVTg,mXwfazRz,301.0
178,0,TvGyfQSI,NGAodVTg,301.0
178,0,HFYkXdPG,TvGyfQSI,301.0
178,0,KjgVoxgR,HFYkXdPG,282.0
178,0,xTOrUJFO,KjgVoxgR,252.0
178,0,EmkugZPX,xTOrUJFO,252.0
178,0,lmZJehpq,EmkugZPX,249.0
178,0,tDDddUJb,lmZJehpq,249.0
80,0,BzJNmTUM,ebBIwNsf,2515.0
80,0,qLEwgwyN,BzJNmTUM,2515.0
80,0,WDOOnJlC,qLEwgwyN,2515.0
561,0,KoIahnfw,lrlWhBjT,593.0
561,0,seSDLBYx,KoIahnfw,577.0
561,0,aBkDdFJm,seSDLBYx,555.0
561,0,UKIbRYBp,aBkDdFJm,555.0
561,0,wdXbjior,UKIbRYBp,555.0
561,0,rkDXPoao,wdXbjior,555.0
796,0,LhQSpAzy,HajxumVd,34.0
796,0,pwpCkicC,LhQSpAzy,34.0
369,0,MlXQVZuf,VHmQaoRO,2439.0
369,0,QxkHLGuk,MlXQVZuf,2439.0
369,0,oLzlCKof,QxkHLGuk,2340.0
369,0,AQHsowCO,oLzlCKof,2310.0
369,0,eHBdrFbQ,AQHsowCO,2342.0
369,0,nermFKBU,eHBdrFbQ,2342.0
369,0,syNMMSsu,nermFKBU,2342.0
369,0,aEhaaulL,syNMMSsu,2342.0
369,0,bzkCWXwV,aEhaaulL,2321.0
369,0,rPcYYZtd,bzkCWXwV,2321.0
780,0,JvovwZNp,zEOiVqLB,2671.0
780,0,XUTqNKWc,JvovwZNp,2671.0
1557,0,sUKTegUv,zjSZrmjo,1884.0
1557,0,ITgXIjdb,sUKTegUv,1884.0
1557,0,HnrldKFZ,ITgXIjdb,1884.0
1557,0,WkuKuFdE,HnrldKFZ,1783.0
1557,0,NsNpZaFg,WkuKuFdE,1783.0
1557,0,oyvIGXLL,NsNpZaFg,1722.0
1557,0,aDfjbwoX,oyvIGXLL,1710.0
992,0,MlXQVZuf,VHmQaoRO,7012.0
992,0,QxkHLGuk,MlXQVZuf,7012.0
992,0,oLzlCKof,QxkHLGuk,4169.0
992,0,AQHsowCO,oLzlCKof,2851.0
992,0,eHBdrFbQ,AQHsowCO,2618.0
992,0,nermFKBU,eHBdrFbQ,2602.0
992,0,syNMMSsu,nermFKBU,2602.0
992,0,aEhaaulL,syNMMSsu,2602.0
992,0,bzkCWXwV,aEhaaulL,1872.0
992,0,rPcYYZtd,bzkCWXwV,1872.0
1088,0,XgkALHoJ,RUSqbQft,565.0
1088,0,CLiKvSHW,XgkALHoJ,565.0
1088,0,ZnVCCcBH,CLiKvSHW,565.0
1088,0,OIitzYwb,ZnVCCcBH,565.0
1088,0,pACYXwGf,OIitzYwb,570.0
1088,0,VYHZxBYO,pACYXwGf,571.0
1093,0,JOgPNDzu,VYHZxBYO,630.0
1093,0,KCAssTym,JOgPNDzu,640.0
1093,0,WhdKokFf,KCAssTym,828.0
1093,0,QhscbmPA,WhdKokFf,828.0
1093,0,YVvBKwgW,QhscbmPA,718.0
1093,0,CcDOWlNm,YVvBKwgW,695.0
1093,0,yfjUYWEe,CcDOWlNm,695.0
1093,0,LIgtsZTQ,yfjUYWEe,1054.0
1093,0,OLfrsrRj,LIgtsZTQ,1002.0
1093,0,nvtqczOj,OLfrsrRj,1002.0
1093,0,FdzHSswJ,nvtqczOj,720.0
1093,0,qmRscxuH,FdzHSswJ,680.0
951,0,YGbVmztp,OWTXMrGR,1533.0
951,0,oHyqEJfk,YGbVmztp,1533.0
951,0,bfpcjsiF,oHyqEJfk,1533.0
951,0,CbcrfuAf,bfpcjsiF,1446.0
74,0,rpBBoUBR,gDjMHgkU,291.0
74,0,WwOeNuda,rpBBoUBR,291.0
74,0,KFegxKuC,WwOeNuda,291.0
74,0,aVjeFnZb,KFegxKuC,291.0
74,0,fvPlIFug,aVjeFnZb,291.0
74,0,tNQgpOjd,fvPlIFug,291.0
74,0,jbVnaCku,tNQgpOjd,291.0
74,0,RmfxCtxh,jbVnaCku,291.0
74,0,bJQxNaqG,RmfxCtxh,291.0
74,0,JZfQfeRA,bJQxNaqG,291.0
74,0,YKGBeVKa,JZfQfeRA,291.0
74,0,ZYCVVmjG,YKGBeVKa,260.0
74,0,tNSMkSfB,ZYCVVmjG,233.0
74,0,vaPtcLuK,tNSMkSfB,6.0
74,0,dEwNKLNy,vaPtcLuK,6.0
71,0,tNQgpOjd,fvPlIFug,108.0
71,0,jbVnaCku,tNQgpOjd,108.0
71,0,RmfxCtxh,jbVnaCku,108.0
71,0,bJQxNaqG,RmfxCtxh,108.0
71,0,JZfQfeRA,bJQxNaqG,108.0
71,0,YKGBeVKa,JZfQfeRA,108.0
1085,0,zjKsBdNQ,puwcRgFs,15442.0
1085,0,ojqTFFWy,zjKsBdNQ,15442.0
71,0,qcBmUtcB,HqehCtdr,52.0
71,0,ODVCvUnB,qcBmUtcB,82.0
71,0,jPdkntFF,ODVCvUnB,82.0
71,0,gQTRJpmv,jPdkntFF,86.0
71,0,gRoGYEAJ,gQTRJpmv,88.0
71,0,BGrlRyyC,gRoGYEAJ,88.0
71,0,SXdGhQsI,BGrlRyyC,95.0
71,0,gDjMHgkU,SXdGhQsI,95.0
71,0,rpBBoUBR,gDjMHgkU,95.0
71,0,WwOeNuda,rpBBoUBR,95.0
71,0,KFegxKuC,WwOeNuda,95.0
71,0,aVjeFnZb,KFegxKuC,95.0
71,0,fvPlIFug,aVjeFnZb,95.0
74,0,lfmzBYXb,BxmxkKGC,284.0
74,0,TQhrUKrf,lfmzBYXb,284.0
74,0,hFISFuCO,TQhrUKrf,284.0
74,0,IJrmTLNf,hFISFuCO,284.0
74,0,byRkdSCW,IJrmTLNf,284.0
74,0,HkgLsGZV,byRkdSCW,284.0
74,0,rIWwRQFx,HkgLsGZV,284.0
74,0,cfakSbWj,rIWwRQFx,284.0
74,0,oAtDCozl,cfakSbWj,284.0
74,0,BxmxkKGC,ojqTFFWy,280.0
1557,0,bZroqIhX,eTJQHplR,46.0
1557,0,cNuIRYrx,bZroqIhX,46.0
1178,0,upMsEWKk,IMTItMKU,5310.0
1178,0,KCqeuCwW,upMsEWKk,5310.0
1178,0,xyBTaHvp,KCqeuCwW,5310.0
1178,0,izUAPpdi,xyBTaHvp,5437.0
1178,0,FVYwGhLu,izUAPpdi,5437.0
1178,0,cNWTidvb,FVYwGhLu,5401.0
1554,0,zTCljsJK,LWArqXfR,571.0
1554,0,kezsyYDB,zTCljsJK,571.0
1554,0,fyzkVZoU,kezsyYDB,571.0
1554,0,ashRAirR,fyzkVZoU,571.0
1554,0,omUHRQFc,ashRAirR,571.0
1554,0,pHFwnWxB,omUHRQFc,571.0
1554,0,EPQxNUoM,pHFwnWxB,571.0
1695,0,BGChynOq,JLvNOQnl,251.0
1695,0,ffHVhHJj,BGChynOq,403.0
1695,0,itmFNPnQ,ffHVhHJj,403.0
1695,0,mEEGNlDG,itmFNPnQ,403.0
1695,0,jVOVHrFU,mEEGNlDG,403.0
1695,0,qeXIqBgp,jVOVHrFU,403.0
1695,0,gmsNDepi,qeXIqBgp,403.0
1695,0,jFRqfnFl,gmsNDepi,377.0
563,0,rIWwRQFx,HkgLsGZV,231.0
563,0,cfakSbWj,rIWwRQFx,231.0
563,0,oAtDCozl,cfakSbWj,231.0
563,0,cbQZDOwf,oAtDCozl,231.0
563,0,lrlWhBjT,cbQZDOwf,231.0
563,0,KoIahnfw,lrlWhBjT,231.0
563,0,seSDLBYx,KoIahnfw,231.0
563,0,aBkDdFJm,seSDLBYx,231.0
563,0,UKIbRYBp,aBkDdFJm,231.0
563,0,IgyjIxcD,UKIbRYBp,231.0
563,0,fdjgUDEy,IgyjIxcD,231.0
562,0,dqlcNUVh,HeRuYpNs,41.0
943,0,jEVQeNyS,OZSLHXCc,26.0
943,0,HeRuYpNs,jEVQeNyS,23.0
563,0,BxmxkKGC,ojqTFFWy,218.0
563,0,lfmzBYXb,BxmxkKGC,218.0
563,0,TQhrUKrf,lfmzBYXb,218.0
563,0,hFISFuCO,TQhrUKrf,218.0
563,0,IJrmTLNf,hFISFuCO,218.0
563,0,byRkdSCW,IJrmTLNf,218.0
563,0,HkgLsGZV,byRkdSCW,218.0
80,0,EjMZgDJt,WDOOnJlC,2153.0
80,0,BDSRgQTg,EjMZgDJt,2153.0
1178,0,UckYThSh,eTPMYwkC,5281.0
1178,0,IMTItMKU,UckYThSh,5281.0
74,0,sxnLITXs,dEwNKLNy,2.0
74,0,oLzlCKof,sxnLITXs,2.0
71,0,sxnLITXs,dEwNKLNy,528.0
71,0,oLzlCKof,sxnLITXs,502.0
563,0,EZxvwLQu,nuxwLmjk,20.0
563,0,xnXFAboh,EZxvwLQu,8.0
1553,0,GpnhEWuy,FyoAuDvn,142.0
1553,0,fNoKcjVu,GpnhEWuy,143.0
1553,0,ZeFKXxfu,fNoKcjVu,262.0
1553,0,wYWONrrr,ZeFKXxfu,262.0
1553,0,jTofnsvB,wYWONrrr,262.0
1553,0,elmHqfIN,jTofnsvB,277.0
1553,0,YhQOzAWJ,elmHqfIN,277.0
1553,0,zUgDRwiy,YhQOzAWJ,646.0
1553,0,okaePkJr,zUgDRwiy,951.0
1553,0,PgJqeYYy,okaePkJr,951.0
1553,0,cQQRUhUD,PgJqeYYy,1104.0
1553,0,ZpXtMmnA,cQQRUhUD,1104.0
1553,0,DgJlPOry,ZpXtMmnA,1442.0
1553,0,inAMLXyk,DgJlPOry,1442.0
1553,0,nTEapSQO,inAMLXyk,1442.0
1553,0,AKaXSKPc,nTEapSQO,1442.0
1553,0,HdtICUKG,AKaXSKPc,1448.0
1553,0,qtbZyrFG,HdtICUKG,1448.0
1553,0,ECXJHxuC,qtbZyrFG,1448.0
1553,0,mhTYFecR,ECXJHxuC,1448.0
1553,0,ODVCvUnB,mhTYFecR,2044.0
1553,0,jPdkntFF,ODVCvUnB,2044.0
1553,0,gQTRJpmv,jPdkntFF,2044.0
1553,0,gRoGYEAJ,gQTRJpmv,2046.0
1553,0,BGrlRyyC,gRoGYEAJ,2046.0
1553,0,SXdGhQsI,BGrlRyyC,2046.0
1553,0,gDjMHgkU,SXdGhQsI,2046.0
1553,0,rpBBoUBR,gDjMHgkU,2064.0
1553,0,WwOeNuda,rpBBoUBR,2064.0
1553,0,KFegxKuC,WwOeNuda,2064.0
1553,0,aVjeFnZb,KFegxKuC,2064.0
1553,0,fvPlIFug,aVjeFnZb,2064.0
1553,0,tNQgpOjd,fvPlIFug,2071.0
1553,0,jbVnaCku,tNQgpOjd,2071.0
1553,0,RmfxCtxh,jbVnaCku,2071.0
1553,0,bJQxNaqG,RmfxCtxh,2071.0
1553,0,JZfQfeRA,bJQxNaqG,2071.0
1553,0,kZvDkitV,JZfQfeRA,2071.0
1553,0,yQpnsdnm,kZvDkitV,2761.0
1553,0,QgKtWMoe,xiTGCYEl,35.0
1553,0,FyoAuDvn,QgKtWMoe,35.0
1554,0,JvovwZNp,zEOiVqLB,328.0
1554,0,XUTqNKWc,JvovwZNp,445.0
1554,0,LWArqXfR,XUTqNKWc,445.0
778,0,CgMBzfIg,OXvlrfnG,2070.0
778,0,BCwVkMhO,CgMBzfIg,2070.0
778,0,MpBHVRZl,BCwVkMhO,2070.0
778,0,zEOiVqLB,MpBHVRZl,2070.0
778,0,JvovwZNp,zEOiVqLB,1867.0
778,0,OXvlrfnG,iZfXNAue,1954.0
1553,0,upwIMaLy,yQpnsdnm,374.0
1553,0,BdMcIGqZ,upwIMaLy,374.0
1553,0,fxKlXZDo,BdMcIGqZ,374.0
1553,0,SEKqfPxp,fxKlXZDo,374.0
1553,0,eyEAULLm,SEKqfPxp,374.0
1553,0,ZWbwKKqI,eyEAULLm,374.0
1553,0,AvRehgJa,ZWbwKKqI,374.0
1553,0,eUifXINV,AvRehgJa,374.0
1553,0,aNlaxeLS,eUifXINV,218.0
1553,0,zBPHjWVd,aNlaxeLS,60.0
1553,0,rPcYYZtd,zBPHjWVd,60.0
1553,0,ngtiheSM,rPcYYZtd,60.0
1553,0,uxBjVsKf,ngtiheSM,60.0
1553,0,VriUyyDM,uxBjVsKf,60.0
950,0,HeRuYpNs,UrTDCKsV,52.0
950,0,qRJySzaf,HeRuYpNs,46.0
950,0,LTfflVxG,qRJySzaf,46.0
950,0,AhWKwjTz,LTfflVxG,46.0
780,0,MpBHVRZl,yGpawgaV,1283.0
780,0,zEOiVqLB,MpBHVRZl,1263.0
778,0,XUTqNKWc,JvovwZNp,1750.0
778,0,sPGYwoyj,XUTqNKWc,1750.0
778,0,OeZVKJdr,sPGYwoyj,1750.0
778,0,lhSIyIfw,OeZVKJdr,1733.0
778,0,cgSMZptb,lhSIyIfw,1732.0
778,0,fdwLSfsa,cgSMZptb,1732.0
778,0,wuAzVrCW,fdwLSfsa,1073.0
778,0,mRKfPREJ,wuAzVrCW,1073.0
778,0,HeRuYpNs,mRKfPREJ,1073.0
778,0,qRJySzaf,HeRuYpNs,959.0
778,0,LTfflVxG,qRJySzaf,959.0
778,0,AhWKwjTz,LTfflVxG,959.0
1682,0,BxmxkKGC,RTafItqF,35.0
1682,0,lfmzBYXb,BxmxkKGC,35.0
1682,0,TQhrUKrf,lfmzBYXb,35.0
1682,0,hFISFuCO,TQhrUKrf,35.0
1682,0,IJrmTLNf,hFISFuCO,35.0
1682,0,byRkdSCW,IJrmTLNf,35.0
1682,0,HkgLsGZV,byRkdSCW,35.0
1696,0,oynLwMrX,IMEhQaQS,239.0
1696,0,EKYbCcms,oynLwMrX,424.0
1696,0,ffjXMuak,EKYbCcms,424.0
1696,0,EDdQplwd,ffjXMuak,424.0
1696,0,XbgiSLmy,EDdQplwd,424.0
1696,0,pXlenLUq,XbgiSLmy,424.0
1696,0,DNyXiZzj,pXlenLUq,424.0
1696,0,gxlaiARP,DNyXiZzj,392.0
1221,0,ffjXMuak,qeXIqBgp,9210.0
1221,0,EDdQplwd,ffjXMuak,9210.0
1221,0,XbgiSLmy,EDdQplwd,9210.0
1221,0,pXlenLUq,XbgiSLmy,9210.0
1221,0,DNyXiZzj,pXlenLUq,9210.0
1221,0,gxlaiARP,DNyXiZzj,9612.0
943,0,qRJySzaf,HeRuYpNs,16.0
943,0,LTfflVxG,qRJySzaf,16.0
943,0,AhWKwjTz,LTfflVxG,13.0
943,0,VEiYdotb,AhWKwjTz,12.0
943,0,DgYBMgPg,VEiYdotb,12.0
943,0,yjQwxGED,DgYBMgPg,5.0
943,0,KPcRWbGT,yjQwxGED,5.0
943,0,uGRyXcfW,KPcRWbGT,5.0
943,0,HlhFjJtZ,uGRyXcfW,5.0
943,0,ALhaazBT,HlhFjJtZ,5.0
943,0,YqlTLIQa,ALhaazBT,5.0
943,0,AUmOMGnp,YqlTLIQa,5.0
943,0,XFPAZveS,AUmOMGnp,2.0
943,0,ojqTFFWy,XFPAZveS,1.0
563,0,nuxwLmjk,fdjgUDEy,12.0
940,0,EZxvwLQu,nuxwLmjk,3.0
940,0,qRJySzaf,EZxvwLQu,3.0
940,0,LTfflVxG,qRJySzaf,3.0
940,0,AhWKwjTz,LTfflVxG,3.0
364,0,RTafItqF,ojqTFFWy,324.0
364,0,SEVBrkvc,RTafItqF,1035.0
364,0,KzCxlBoL,SEVBrkvc,1045.0
364,0,qPtpgxic,KzCxlBoL,1045.0
364,0,dWuojvTd,qPtpgxic,1175.0
364,0,sCEThkda,dWuojvTd,1175.0
364,0,HpZlYWor,sCEThkda,1175.0
364,0,ztmxtqSi,HpZlYWor,1175.0
364,0,GpOUDfXM,ztmxtqSi,1175.0
364,0,nYOFNZtG,GpOUDfXM,3124.0
1053,0,NFInfBeu,kKKRBhFF,26.0
1053,0,KcvPUxQg,NFInfBeu,26.0
364,0,XiXLaJEL,OyAyNkqZ,36.0
364,0,fzSWURzx,XiXLaJEL,40.0
364,0,vyojaKRU,fzSWURzx,40.0
364,0,puwcRgFs,vyojaKRU,40.0
364,0,zjKsBdNQ,puwcRgFs,40.0
364,0,ojqTFFWy,zjKsBdNQ,40.0
1452,0,jJVVpGMf,pwpCkicC,7151.0
1452,0,tcYerYbk,jJVVpGMf,7151.0
1452,0,pPKqPUVW,tcYerYbk,7151.0
1452,0,iYTiOTOT,pPKqPUVW,7151.0
1452,0,slfxTuih,iYTiOTOT,7151.0
1452,0,SVPLEqNI,slfxTuih,5251.0
364,0,OpgRCgWV,mnkgCFDT,3.0
364,0,ntDOQspU,OpgRCgWV,3.0
364,0,IdVewllq,ntDOQspU,3.0
364,0,AXkvSZpr,IdVewllq,3.0
364,0,MlqbsUKu,AXkvSZpr,6.0
364,0,jaCrAUFK,MlqbsUKu,6.0
364,0,oynLwMrX,jaCrAUFK,8.0
364,0,EKYbCcms,oynLwMrX,8.0
364,0,cIQOVqQI,EKYbCcms,8.0
364,0,OyAyNkqZ,cIQOVqQI,35.0
940,0,VEiYdotb,AhWKwjTz,2.0
940,0,DgYBMgPg,VEiYdotb,2.0
950,0,VEiYdotb,AhWKwjTz,45.0
950,0,DgYBMgPg,VEiYdotb,45.0
778,0,VEiYdotb,AhWKwjTz,920.0
778,0,DgYBMgPg,VEiYdotb,920.0
943,0,OZSLHXCc,qdLlCZel,6.0
900,0,lhSIyIfw,yHaTCNJc,52.0
900,0,cgSMZptb,lhSIyIfw,52.0
900,0,fdwLSfsa,cgSMZptb,52.0
900,0,wuAzVrCW,fdwLSfsa,50.0
900,0,mRKfPREJ,wuAzVrCW,50.0
900,0,HeRuYpNs,mRKfPREJ,50.0
900,0,qRJySzaf,HeRuYpNs,34.0
900,0,LTfflVxG,qRJySzaf,34.0
900,0,AhWKwjTz,LTfflVxG,34.0
900,0,VEiYdotb,AhWKwjTz,34.0
900,0,DgYBMgPg,VEiYdotb,34.0
75,0,ojqTFFWy,XFPAZveS,122.0
742,0,vjVhbIrq,ZEJEKYue,11.0
742,0,LeICPOtv,vjVhbIrq,10.0
742,0,WhCgdKgR,LeICPOtv,10.0
742,0,eyUKPfnA,WhCgdKgR,10.0
742,0,TabXWeiJ,eyUKPfnA,7.0
742,0,tDhKnafe,TabXWeiJ,7.0
742,0,iGMYbQYg,tDhKnafe,7.0
742,0,HeSMGtlu,iGMYbQYg,7.0
742,0,ZgqhsueA,HeSMGtlu,7.0
742,0,GYxWnXpv,ZgqhsueA,7.0
742,0,mkpQpPSv,GYxWnXpv,7.0
742,0,EIHKZlEa,mkpQpPSv,7.0
742,0,oYdkYEMp,EIHKZlEa,7.0
742,0,TkHOmLHQ,oYdkYEMp,7.0
742,0,SwTowoaO,TkHOmLHQ,7.0
742,0,YvwuVYMF,SwTowoaO,7.0
742,0,vDFCntfg,YvwuVYMF,7.0
742,0,iEKDTvNf,vDFCntfg,7.0
742,0,MyGqmywG,iEKDTvNf,7.0
742,0,NxbXiMUL,MyGqmywG,7.0
742,0,XLVjRryq,NxbXiMUL,7.0
742,0,RVEyrwjR,XLVjRryq,7.0
742,0,gzTQJVMW,RVEyrwjR,7.0
1075,0,qNEatmrc,AlpXiRiW,650.0
1075,0,XaMitbnP,qNEatmrc,770.0
1075,0,AWZaYJbg,XaMitbnP,770.0
1075,0,PuHLPXYe,AWZaYJbg,770.0
1075,0,ZafFyFXk,PuHLPXYe,773.0
1075,0,jiQkTSqX,ZafFyFXk,773.0
1075,0,UfaDzlyU,jiQkTSqX,774.0
1452,0,ejMjPdTH,SVPLEqNI,1703.0
778,0,ZKmlngva,QHzfYnaE,38.0
71,0,HqehCtdr,OhBAPvsb,35.0
71,0,SgXyhVwd,TvvslWVF,19.0
71,0,fPhIOSOj,SgXyhVwd,19.0
71,0,PQDqFTyk,fPhIOSOj,19.0
71,0,SOzmnmNW,PQDqFTyk,19.0
71,0,OhBAPvsb,SOzmnmNW,19.0
80,0,cVeADzkw,BDSRgQTg,2060.0
80,0,pySAVSoY,cVeADzkw,2060.0
80,0,kMrSvhcD,pySAVSoY,2060.0
80,0,ImuPiggn,kMrSvhcD,2060.0
942,0,sCEThkda,dWuojvTd,1062.0
942,0,HpZlYWor,sCEThkda,1021.0
942,0,ztmxtqSi,HpZlYWor,1021.0
942,0,GpOUDfXM,ztmxtqSi,1021.0
942,0,UTnQirag,GpOUDfXM,1533.0
942,0,tkWZZFES,UTnQirag,1533.0
942,0,JKUqFAhf,tkWZZFES,1632.0
942,0,NTCwKKsF,JKUqFAhf,1632.0
942,0,xnXFAboh,NTCwKKsF,1632.0
942,0,KkzZXaKP,xnXFAboh,3433.0
942,0,pyLfKqPO,KkzZXaKP,3436.0
942,0,vesqHHzA,pyLfKqPO,3118.0
942,0,dWuojvTd,KgwKZlse,869.0
427,0,SEVBrkvc,ojqTFFWy,678.0
427,0,qPtpgxic,SEVBrkvc,665.0
836,0,aImltWBw,FGqBFXAc,82.0
951,0,CRypXqTk,KlSqKJQr,554.0
951,0,PYaiedjY,CRypXqTk,554.0
951,0,EzrJiyuu,PYaiedjY,650.0
951,0,mZAcIEme,EzrJiyuu,650.0
951,0,LPSpTPgJ,mZAcIEme,650.0
951,0,AoIEptMM,LPSpTPgJ,650.0
951,0,OWTXMrGR,AoIEptMM,650.0
1029,0,IZqJbTkm,OCOnFIfy,3035.0
1029,0,wSvecpjF,IZqJbTkm,3140.0
1029,0,oXipkDtF,wSvecpjF,3140.0
1029,0,fRZGgvoY,oXipkDtF,3124.0
1029,0,bAUDGUNb,fRZGgvoY,3124.0
1029,0,VYHZxBYO,bAUDGUNb,3124.0
733,0,SEVBrkvc,ojqTFFWy,4587.0
733,0,KzCxlBoL,SEVBrkvc,5510.0
733,0,qPtpgxic,KzCxlBoL,5510.0
733,0,RyPegcUV,qPtpgxic,4348.0
733,0,gGkadTNm,RyPegcUV,4415.0
733,0,CbcrfuAf,gGkadTNm,4619.0
427,0,gGkadTNm,qPtpgxic,617.0
427,0,CbcrfuAf,gGkadTNm,612.0
1445,0,IOpdOfiF,aZtqChJJ,45.0
1445,0,lUWTaWkd,RZCadHVt,45.0
1445,0,hApOmpAO,lUWTaWkd,45.0
1445,0,qehlKNkR,hApOmpAO,45.0
1445,0,ZFFevgPB,qehlKNkR,45.0
1445,0,sZNeRfOC,ZFFevgPB,45.0
1445,0,HajxumVd,sZNeRfOC,45.0
1445,0,LhQSpAzy,HajxumVd,45.0
1445,0,pwpCkicC,LhQSpAzy,45.0
1445,0,jJVVpGMf,pwpCkicC,45.0
1445,0,pPKqPUVW,jJVVpGMf,45.0
1445,0,slfxTuih,pPKqPUVW,45.0
1445,0,ejMjPdTH,slfxTuih,45.0
1748,0,pPKqPUVW,pwpCkicC,192.0
1748,0,ejMjPdTH,pPKqPUVW,192.0
950,0,vkArqzKY,DgYBMgPg,40.0
950,0,gzTQJVMW,vkArqzKY,40.0
778,0,vkArqzKY,DgYBMgPg,792.0
778,0,gzTQJVMW,vkArqzKY,792.0
900,0,vkArqzKY,DgYBMgPg,27.0
900,0,gzTQJVMW,vkArqzKY,27.0
1275,0,vyojaKRU,XiXLaJEL,227.0
1275,0,puwcRgFs,vyojaKRU,224.0
1275,0,ojqTFFWy,puwcRgFs,102.0
1275,0,SEVBrkvc,ojqTFFWy,100.0
1275,0,qPtpgxic,SEVBrkvc,99.0
1275,0,gGkadTNm,qPtpgxic,85.0
1275,0,CbcrfuAf,gGkadTNm,84.0
50,0,RjtzWJgw,xiCfcAgb,349.0
50,0,owFNQNZv,RjtzWJgw,355.0
50,0,nCsqpnJo,owFNQNZv,355.0
50,0,gnmwaIOJ,nCsqpnJo,355.0
50,0,pygvGZaF,gnmwaIOJ,355.0
50,0,bsQVAuyn,pygvGZaF,355.0
50,0,VTHwomVj,bsQVAuyn,355.0
50,0,qPtpgxic,bmUdUOzs,785.0
50,0,gGkadTNm,qPtpgxic,237.0
50,0,CbcrfuAf,gGkadTNm,215.0
401,0,WyfCQhSW,ogOCBKAf,1655.0
401,0,erxKyHjj,WyfCQhSW,1988.0
401,0,KjiBWoqR,erxKyHjj,1988.0
951,0,qYsYtTjJ,XpaxRhYo,45.0
951,0,KlSqKJQr,qYsYtTjJ,45.0
1088,0,VCFHkCli,pTTspriv,627.0
1088,0,PNxpREZf,VCFHkCli,627.0
1088,0,mHGLRRvz,PNxpREZf,616.0
1088,0,uuMvuwVk,mHGLRRvz,620.0
1088,0,yMEEwloH,uuMvuwVk,620.0
1088,0,mFLzcwSa,yMEEwloH,620.0
1088,0,mSfSOoJb,mFLzcwSa,620.0
1088,0,BSkSmoPQ,mSfSOoJb,620.0
1088,0,HMbsFjDI,BSkSmoPQ,371.0
1088,0,TPYHEEdQ,HMbsFjDI,371.0
1088,0,RUSqbQft,TPYHEEdQ,371.0
1088,0,yRjqmRuq,BsRMZbGV,502.0
1088,0,pTTspriv,yRjqmRuq,502.0
1083,0,YkxcSjQG,unXfmkmI,1031.0
1083,0,MRbVmsQs,YkxcSjQG,1078.0
1083,0,Nzhgxdpc,MRbVmsQs,1078.0
1083,0,cGObbHGv,Nzhgxdpc,1178.0
1083,0,zBmTBInm,cGObbHGv,1178.0
949,0,JKUqFAhf,tkWZZFES,92.0
949,0,NTCwKKsF,JKUqFAhf,92.0
949,0,xnXFAboh,NTCwKKsF,92.0
949,0,oLGXsQoC,xnXFAboh,98.0
949,0,UTnQirag,GpOUDfXM,91.0
949,0,tkWZZFES,UTnQirag,91.0
949,0,lOyAoICg,CbcrfuAf,79.0
949,0,GpOUDfXM,lOyAoICg,79.0
949,0,RyPegcUV,qPtpgxic,6.0
949,0,gGkadTNm,RyPegcUV,6.0
949,0,CbcrfuAf,gGkadTNm,8.0
1300,0,YnUujGmz,CbcrfuAf,9049.0
427,0,YnUujGmz,CbcrfuAf,562.0
1445,0,vnfcOAch,pjRBTtLk,13.0
1445,0,ryJVAbFB,vnfcOAch,13.0
1445,0,ttVqQknl,ryJVAbFB,13.0
1445,0,aZtqChJJ,ttVqQknl,13.0
318,0,POdtxoZm,GnsXgGJX,3869.0
147,0,yfzTmEfw,QgwCgjAi,305.0
147,0,mBSaKJib,yfzTmEfw,305.0
147,0,ggaXnTUz,mBSaKJib,170.0
147,0,zJsEFgSs,ggaXnTUz,170.0
54,0,RjtzWJgw,xiCfcAgb,63.0
54,0,owFNQNZv,RjtzWJgw,63.0
54,0,nCsqpnJo,owFNQNZv,63.0
54,0,gnmwaIOJ,nCsqpnJo,63.0
54,0,pygvGZaF,gnmwaIOJ,63.0
54,0,bsQVAuyn,pygvGZaF,63.0
54,0,VTHwomVj,bsQVAuyn,63.0
54,0,bmUdUOzs,VTHwomVj,375.0
54,0,qPtpgxic,bmUdUOzs,375.0
54,0,gGkadTNm,qPtpgxic,375.0
54,0,CbcrfuAf,gGkadTNm,375.0
54,0,YnUujGmz,CbcrfuAf,375.0
951,0,YnUujGmz,CbcrfuAf,660.0
1083,0,puwcRgFs,EAwJtHSB,843.0
1407,0,vXHOZRfg,vztyQdds,433.0
1407,0,bbltEnah,vXHOZRfg,433.0
1407,0,NMFCXTQH,bbltEnah,433.0
1407,0,wXyAETzh,NMFCXTQH,433.0
1407,0,KuTZBRNJ,wXyAETzh,433.0
1407,0,rXoVyCYO,KuTZBRNJ,711.0
1407,0,gdHaMUeX,rXoVyCYO,711.0
1407,0,vhHLNRbD,gdHaMUeX,711.0
331,0,MjoEniNM,UyZpITbv,317.0
1557,0,xOfEMpYZ,aDfjbwoX,292.0
1512,0,TAPXcjBe,CbcrfuAf,738.0
733,0,TAPXcjBe,CbcrfuAf,5180.0
1275,0,TAPXcjBe,CbcrfuAf,61.0
1434,0,TAPXcjBe,CbcrfuAf,1652.0
1053,0,BlnSxBAr,KcvPUxQg,11.0
1053,0,TCBUGaZf,BlnSxBAr,11.0
1085,0,XojRXAAa,ojqTFFWy,20327.0
1085,0,nAqhCgXt,XojRXAAa,6489.0
1085,0,zZZsLLct,nAqhCgXt,6489.0
1085,0,uQlhjcGr,zZZsLLct,6438.0
1085,0,nIbIRswk,uQlhjcGr,6438.0
1085,0,YfaruHLV,nIbIRswk,5252.0
1085,0,PkIPVRtB,YfaruHLV,5253.0
1085,0,XpaxRhYo,PkIPVRtB,5253.0
1085,0,qYsYtTjJ,XpaxRhYo,3801.0
1085,0,KlSqKJQr,qYsYtTjJ,3830.0
1085,0,CRypXqTk,KlSqKJQr,4293.0
1085,0,PYaiedjY,CRypXqTk,4293.0
1085,0,EzrJiyuu,PYaiedjY,3202.0
1085,0,mZAcIEme,EzrJiyuu,3202.0
1085,0,LPSpTPgJ,mZAcIEme,3202.0
1085,0,AoIEptMM,LPSpTPgJ,3202.0
1085,0,imyhTmbO,AoIEptMM,3381.0
1085,0,bTSeOnqx,imyhTmbO,3254.0
1085,0,yCXbqkBs,bTSeOnqx,3473.0
1085,0,wBoWGskO,yCXbqkBs,3473.0
1085,0,FYojKDQC,wBoWGskO,3473.0
1085,0,riqYNvhO,FYojKDQC,3473.0
1568,0,UgzfanVk,SDEQaVyD,658.0
1568,0,aUZoPZMc,CSzsuVOH,14626.0
1568,0,xOhGqygU,aUZoPZMc,14626.0
1083,0,FrCulsqF,VYHZxBYO,799.0
1083,0,KCAssTym,FrCulsqF,783.0
1083,0,AtxuoNjw,KCAssTym,1146.0
1083,0,ZmIcXqCD,AtxuoNjw,1146.0
1083,0,unXfmkmI,ZmIcXqCD,1146.0
80,0,SdEWNrvb,ImuPiggn,1956.0
80,0,ZIvIwqTW,SdEWNrvb,1956.0
992,0,uxBjVsKf,rPcYYZtd,120.0
779,0,uxBjVsKf,ngtiheSM,1004.0
1075,0,UrJBvWGq,zPQeyVVD,405.0
1075,0,thxCXWVL,UrJBvWGq,405.0
1075,0,AlpXiRiW,thxCXWVL,405.0
733,0,XsKXZwOQ,TAPXcjBe,5172.0
1434,0,XsKXZwOQ,TAPXcjBe,1544.0
1512,0,XsKXZwOQ,TAPXcjBe,558.0
133,0,bnvgwXNi,YUgtVNSj,13.0
133,0,nyQXyVHt,bnvgwXNi,15.0
50,0,TAPXcjBe,CbcrfuAf,100.0
50,0,XsKXZwOQ,TAPXcjBe,100.0
948,0,vwlVkOsL,YnUujGmz,1.0
948,0,BUWlcDWA,vwlVkOsL,37.0
80,0,beniIHzL,ZIvIwqTW,43.0
1042,0,oVvGCedi,EBDfudXo,41.0
1042,0,zAhquueS,oVvGCedi,41.0
1042,0,SRJkWTfK,zAhquueS,41.0
1042,0,krjqWYyL,SRJkWTfK,41.0
1042,0,tSXpsDyV,krjqWYyL,41.0
1042,0,IbLBdCXD,tSXpsDyV,41.0
1042,0,JGCJnIWw,IbLBdCXD,41.0
1042,0,honleovC,JGCJnIWw,41.0
1042,0,pqZYMbGr,honleovC,41.0
1042,0,jobllKUJ,pqZYMbGr,41.0
1042,0,cKlxsEIa,jobllKUJ,41.0
1042,0,POeaLshN,cKlxsEIa,41.0
1042,0,nvtqczOj,POeaLshN,41.0
1042,0,FdzHSswJ,nvtqczOj,41.0
1042,0,rfVXpFlV,FdzHSswJ,41.0
1042,0,OWTXMrGR,rfVXpFlV,41.0
1042,0,YGbVmztp,OWTXMrGR,41.0
1042,0,oHyqEJfk,YGbVmztp,41.0
1042,0,bfpcjsiF,oHyqEJfk,41.0
1042,0,LHNTbQin,TUZfegir,29.0
1042,0,EBDfudXo,LHNTbQin,29.0
1042,0,KjUtPMMe,ZsxHmovG,20.0
1042,0,JGmgdpWx,KjUtPMMe,20.0
1042,0,WsxoHomq,JGmgdpWx,20.0
1042,0,VgroZBKv,WsxoHomq,20.0
1042,0,TUZfegir,VgroZBKv,20.0
80,0,uaUalZjh,beniIHzL,9.0
77,0,ZNFFlclk,uaUalZjh,9.0
733,0,hmRIiXJy,XsKXZwOQ,5504.0
947,0,UvujAAYC,pyLfKqPO,34.0
947,0,hyEIkJeA,UvujAAYC,43.0
947,0,jadHWhqA,hyEIkJeA,43.0
947,0,oMurZdLt,jadHWhqA,43.0
947,0,KTeKlEmN,oMurZdLt,43.0
947,0,cRNMfSEx,KTeKlEmN,43.0
947,0,hmRIiXJy,UhRSkRXw,58.0
948,0,EzQcJxBW,BUWlcDWA,21.0
948,0,uEbOseyz,EzQcJxBW,21.0
948,0,reWBMWRs,uEbOseyz,21.0
948,0,RBoLoVJp,reWBMWRs,21.0
948,0,SwyyRrmD,RBoLoVJp,21.0
899,0,yHCBRtBd,xnXFAboh,47.0
899,0,YYKDBDRS,yHCBRtBd,47.0
899,0,CDXhVrrJ,YYKDBDRS,47.0
899,0,khOlLZay,CDXhVrrJ,50.0
899,0,pzScocJN,khOlLZay,50.0
899,0,xOfEMpYZ,pzScocJN,56.0
899,0,NcNmxlsD,xOfEMpYZ,60.0
899,0,cYyOAQLx,NcNmxlsD,60.0
899,0,xKpFUSPW,cYyOAQLx,60.0
899,0,CFKdtsYk,xKpFUSPW,58.0
899,0,gGkadTNm,RyPegcUV,11.0
899,0,CbcrfuAf,gGkadTNm,11.0
899,0,lOyAoICg,CbcrfuAf,25.0
899,0,GpOUDfXM,lOyAoICg,25.0
899,0,UTnQirag,GpOUDfXM,34.0
899,0,tkWZZFES,UTnQirag,34.0
899,0,JKUqFAhf,tkWZZFES,34.0
899,0,NTCwKKsF,JKUqFAhf,34.0
899,0,xnXFAboh,NTCwKKsF,34.0
899,0,RyPegcUV,qPtpgxic,7.0
944,0,KkzZXaKP,xnXFAboh,22.0
944,0,VgMINmpb,KkzZXaKP,22.0
944,0,UTnQirag,GpOUDfXM,8.0
944,0,tkWZZFES,UTnQirag,8.0
944,0,JKUqFAhf,tkWZZFES,9.0
944,0,NTCwKKsF,JKUqFAhf,9.0
944,0,xnXFAboh,NTCwKKsF,9.0
944,0,dWuojvTd,KgwKZlse,2.0
944,0,sCEThkda,dWuojvTd,3.0
944,0,HpZlYWor,sCEThkda,3.0
944,0,ztmxtqSi,HpZlYWor,3.0
944,0,GpOUDfXM,ztmxtqSi,3.0
733,0,tOhgfmkj,hmRIiXJy,4822.0
733,0,FjwhCXAK,tOhgfmkj,4827.0
1512,0,tOhgfmkj,XsKXZwOQ,536.0
1512,0,FjwhCXAK,tOhgfmkj,531.0
1434,0,FjwhCXAK,XsKXZwOQ,1388.0
369,0,ngtiheSM,rPcYYZtd,2316.0
369,0,uxBjVsKf,ngtiheSM,2316.0
369,0,hvwrhWFk,uxBjVsKf,2316.0
369,0,azqUKhQu,hvwrhWFk,2316.0
1018,0,LKVeVUNI,BpAiVnps,66.0
1018,0,dbPZeeiE,LKVeVUNI,74.0
1018,0,CsDsDrdU,dbPZeeiE,77.0
1018,0,rJRvqICk,CsDsDrdU,77.0
1018,0,AmahvgQB,rJRvqICk,77.0
1018,0,aYSqaQmJ,AmahvgQB,77.0
1018,0,zgCGmKZn,aYSqaQmJ,78.0
1018,0,JKFFGKvY,zgCGmKZn,78.0
1018,0,EVAUYvVR,JKFFGKvY,78.0
1018,0,GYfZYaJh,EVAUYvVR,78.0
1018,0,WFZVQzrl,GYfZYaJh,78.0
1018,0,tRncbstl,WFZVQzrl,78.0
1018,0,gLCWwgiT,tRncbstl,78.0
1018,0,jTofnsvB,gLCWwgiT,78.0
1018,0,elmHqfIN,jTofnsvB,79.0
1018,0,YhQOzAWJ,elmHqfIN,79.0
1018,0,mexFgKBp,YhQOzAWJ,79.0
1018,0,FUctipSE,mexFgKBp,97.0
1018,0,PWitnUnB,FUctipSE,97.0
1018,0,FrOiWYSP,PWitnUnB,191.0
1018,0,mNGfniSu,FrOiWYSP,191.0
1018,0,MtINPaKl,mNGfniSu,191.0
1018,0,SGVPbDEb,MtINPaKl,191.0
1018,0,DpeufCiu,SGVPbDEb,191.0
1018,0,FaHpkwNs,DpeufCiu,191.0
1018,0,kohCEyKT,FaHpkwNs,191.0
1018,0,DHQRQBBP,kohCEyKT,191.0
1018,0,ZKEtlMvK,DHQRQBBP,191.0
1018,0,pjRBTtLk,ZKEtlMvK,191.0
1018,0,vnfcOAch,pjRBTtLk,191.0
1018,0,ryJVAbFB,vnfcOAch,191.0
1018,0,ttVqQknl,ryJVAbFB,191.0
1018,0,aZtqChJJ,ttVqQknl,191.0
1018,0,wrFiwNtD,aZtqChJJ,191.0
1018,0,deapEAbC,wrFiwNtD,191.0
1018,0,nunLDRbE,deapEAbC,191.0
1018,0,QbrsudyQ,nunLDRbE,191.0
1018,0,oRUBDfuD,QbrsudyQ,191.0
1018,0,qQJgvOFz,oRUBDfuD,191.0
1018,0,kbNsckqG,qQJgvOFz,191.0
1018,0,VHmQaoRO,kbNsckqG,191.0
1018,0,MlXQVZuf,VHmQaoRO,191.0
1018,0,QxkHLGuk,MlXQVZuf,191.0
1018,0,oLzlCKof,QxkHLGuk,191.0
1018,0,AQHsowCO,oLzlCKof,191.0
1018,0,eHBdrFbQ,AQHsowCO,191.0
1018,0,nermFKBU,eHBdrFbQ,191.0
1018,0,syNMMSsu,nermFKBU,191.0
1018,0,aEhaaulL,syNMMSsu,191.0
1018,0,bzkCWXwV,aEhaaulL,191.0
1018,0,rPcYYZtd,bzkCWXwV,191.0
1018,0,ngtiheSM,rPcYYZtd,191.0
1018,0,uxBjVsKf,ngtiheSM,191.0
1018,0,hvwrhWFk,uxBjVsKf,191.0
1018,0,azqUKhQu,hvwrhWFk,191.0
122,0,WdOwNGhj,xfbmoJHP,2.0
122,0,kKKRBhFF,WdOwNGhj,2.0
122,0,NFInfBeu,kKKRBhFF,2.0
122,0,VCQdmIoF,NFInfBeu,2.0
122,0,ePrpofUw,VCQdmIoF,2.0
122,0,KcvPUxQg,ePrpofUw,2.0
122,0,BlnSxBAr,KcvPUxQg,2.0
122,0,TCBUGaZf,BlnSxBAr,2.0
122,0,pzcCDVmZ,TCBUGaZf,2.0
122,0,oUmVLfUX,pzcCDVmZ,2.0
122,0,fJdABIlw,oUmVLfUX,2.0
122,0,mXwfazRz,fJdABIlw,2.0
122,0,NGAodVTg,mXwfazRz,2.0
122,0,TvGyfQSI,NGAodVTg,2.0
122,0,HFYkXdPG,TvGyfQSI,2.0
122,0,KjgVoxgR,HFYkXdPG,2.0
122,0,xTOrUJFO,KjgVoxgR,1.0
122,0,EmkugZPX,xTOrUJFO,1.0
122,0,lmZJehpq,EmkugZPX,1.0
122,0,tDDddUJb,lmZJehpq,1.0
122,0,RVGhYAxc,tDDddUJb,1.0
122,0,BpAiVnps,RVGhYAxc,1.0
777,0,zBPHjWVd,aNlaxeLS,1975.0
777,0,rPcYYZtd,zBPHjWVd,2143.0
777,0,ngtiheSM,rPcYYZtd,2143.0
777,0,uxBjVsKf,ngtiheSM,2366.0
777,0,hvwrhWFk,uxBjVsKf,2470.0
777,0,azqUKhQu,hvwrhWFk,2470.0
777,0,UTnQirag,GpOUDfXM,1066.0
777,0,tkWZZFES,UTnQirag,1066.0
777,0,JKUqFAhf,tkWZZFES,1100.0
777,0,NTCwKKsF,JKUqFAhf,1105.0
777,0,xnXFAboh,NTCwKKsF,1105.0
777,0,yHCBRtBd,xnXFAboh,1202.0
777,0,YYKDBDRS,yHCBRtBd,1202.0
777,0,CDXhVrrJ,YYKDBDRS,1202.0
777,0,khOlLZay,CDXhVrrJ,1795.0
777,0,pzScocJN,khOlLZay,1795.0
777,0,AOtPxxNt,pzScocJN,1801.0
777,0,pFQacbfu,AOtPxxNt,1817.0
777,0,ZecyfkGE,pFQacbfu,1817.0
777,0,aNlaxeLS,ZecyfkGE,1817.0
777,0,lOyAoICg,CbcrfuAf,935.0
777,0,GpOUDfXM,lOyAoICg,935.0
777,0,KzCxlBoL,SEVBrkvc,5.0
777,0,qPtpgxic,KzCxlBoL,5.0
777,0,RyPegcUV,qPtpgxic,65.0
777,0,gGkadTNm,RyPegcUV,65.0
777,0,CbcrfuAf,gGkadTNm,94.0
1512,0,YvwuVYMF,FjwhCXAK,508.0
50,0,xiCfcAgb,AszcEtOu,253.0
50,0,FjwhCXAK,XsKXZwOQ,81.0
50,0,YvwuVYMF,FjwhCXAK,81.0
733,0,dScsNKLk,FjwhCXAK,5266.0
1434,0,YvwuVYMF,FjwhCXAK,933.0
947,0,tOhgfmkj,hmRIiXJy,18.0
947,0,FjwhCXAK,tOhgfmkj,18.0
947,0,YvwuVYMF,FjwhCXAK,18.0
130,0,pcONCDTC,CkSrqRXW,4.0
1275,0,XsKXZwOQ,TAPXcjBe,48.0
1275,0,FjwhCXAK,XsKXZwOQ,48.0
1275,0,YvwuVYMF,FjwhCXAK,48.0
944,0,qdLlCZel,VgMINmpb,5.0
1102,0,QPpuxtew,gyQqEnFq,87.0
1102,0,gHkojtqc,QPpuxtew,87.0
1102,0,jiBUapiv,gHkojtqc,87.0
1102,0,ZsSjTAXN,jiBUapiv,87.0
1102,0,QzSmToFg,ZsSjTAXN,87.0
1102,0,YpZAWuci,QzSmToFg,87.0
1102,0,UWROvtjV,YpZAWuci,91.0
1102,0,aHnvxyXJ,UWROvtjV,91.0
1102,0,aBlpKWpT,aHnvxyXJ,98.0
1102,0,RwWmKtXH,aBlpKWpT,98.0
1102,0,iWUiEObr,RwWmKtXH,105.0
1102,0,yGnjFAhM,iWUiEObr,118.0
1102,0,sAYtjSkX,yGnjFAhM,119.0
1102,0,yhYCDbZJ,sAYtjSkX,128.0
1102,0,ebBIwNsf,yhYCDbZJ,128.0
1102,0,BzJNmTUM,ebBIwNsf,131.0
1102,0,qLEwgwyN,BzJNmTUM,131.0
1102,0,WDOOnJlC,qLEwgwyN,131.0
1102,0,EjMZgDJt,WDOOnJlC,154.0
1102,0,BDSRgQTg,EjMZgDJt,154.0
1102,0,cVeADzkw,BDSRgQTg,155.0
1102,0,pySAVSoY,cVeADzkw,155.0
1102,0,kMrSvhcD,pySAVSoY,155.0
1102,0,ImuPiggn,kMrSvhcD,155.0
1102,0,SdEWNrvb,ImuPiggn,161.0
1102,0,ZIvIwqTW,SdEWNrvb,161.0
1102,0,beniIHzL,ZIvIwqTW,271.0
1102,0,uaUalZjh,beniIHzL,271.0
1102,0,rwSrBzDN,uaUalZjh,415.0
779,0,uaUalZjh,beniIHzL,144.0
141,0,TAPXcjBe,CbcrfuAf,20.0
141,0,XsKXZwOQ,TAPXcjBe,20.0
141,0,hmRIiXJy,XsKXZwOQ,21.0
141,0,tOhgfmkj,hmRIiXJy,22.0
141,0,FjwhCXAK,tOhgfmkj,22.0
141,0,dScsNKLk,FjwhCXAK,22.0
141,0,mhrRBZGj,dScsNKLk,78.0
141,0,XvoliiTU,mhrRBZGj,78.0
141,0,BjKGijLD,XvoliiTU,78.0
141,0,RyPegcUV,qPtpgxic,10.0
141,0,gGkadTNm,RyPegcUV,10.0
141,0,CbcrfuAf,gGkadTNm,11.0
375,0,qQJgvOFz,oRUBDfuD,4.0
375,0,kbNsckqG,qQJgvOFz,4.0
375,0,VHmQaoRO,kbNsckqG,4.0
375,0,MlXQVZuf,VHmQaoRO,5.0
375,0,QxkHLGuk,MlXQVZuf,5.0
375,0,sxnLITXs,QxkHLGuk,10.0
375,0,oLzlCKof,sxnLITXs,10.0
375,0,IyDNJzPw,oLzlCKof,10.0
375,0,AQHsowCO,IyDNJzPw,10.0
375,0,eHBdrFbQ,AQHsowCO,10.0
375,0,nermFKBU,eHBdrFbQ,10.0
375,0,syNMMSsu,nermFKBU,10.0
375,0,aEhaaulL,syNMMSsu,10.0
375,0,bzkCWXwV,aEhaaulL,13.0
375,0,rPcYYZtd,bzkCWXwV,13.0
375,0,ngtiheSM,rPcYYZtd,17.0
375,0,uxBjVsKf,ngtiheSM,17.0
375,0,CgMBzfIg,uxBjVsKf,17.0
375,0,azqUKhQu,CgMBzfIg,17.0
375,0,cNvMQUdA,azqUKhQu,17.0
375,0,YoiymRxk,cNvMQUdA,17.0
375,0,fkorQYac,YoiymRxk,17.0
375,0,NtHXPmMe,fkorQYac,17.0
375,0,nunLDRbE,deapEAbC,3.0
375,0,QbrsudyQ,nunLDRbE,3.0
375,0,oRUBDfuD,QbrsudyQ,3.0
375,0,knCDNjnp,mLBQtksd,2.0
375,0,nYVfIRsk,knCDNjnp,2.0
375,0,CqefHKGq,nYVfIRsk,2.0
375,0,rSnWVhOw,CqefHKGq,2.0
375,0,RuAJZyMI,rSnWVhOw,2.0
375,0,MtINPaKl,RuAJZyMI,2.0
375,0,SGVPbDEb,MtINPaKl,2.0
375,0,DpeufCiu,SGVPbDEb,2.0
375,0,FaHpkwNs,DpeufCiu,2.0
375,0,kohCEyKT,FaHpkwNs,2.0
375,0,DHQRQBBP,kohCEyKT,2.0
375,0,ZKEtlMvK,DHQRQBBP,2.0
375,0,pjRBTtLk,ZKEtlMvK,2.0
375,0,vnfcOAch,pjRBTtLk,2.0
375,0,ryJVAbFB,vnfcOAch,2.0
375,0,ttVqQknl,ryJVAbFB,2.0
375,0,aZtqChJJ,ttVqQknl,2.0
375,0,wrFiwNtD,aZtqChJJ,2.0
375,0,deapEAbC,wrFiwNtD,2.0
1591,0,ciAbSxQX,TEKQTTfp,81.0
1591,0,ZIPCqImv,ciAbSxQX,61.0
1591,0,aWNaUdzp,ZIPCqImv,61.0
1591,0,FCsbIOBe,aWNaUdzp,45.0
1591,0,wyEQXfIU,FCsbIOBe,45.0
1591,0,gGjwcdJB,wyEQXfIU,45.0
375,0,rRGVruPM,GpnhEWuy,1.0
375,0,mLBQtksd,rRGVruPM,1.0
733,0,JScPHHNr,dScsNKLk,4301.0
1042,0,XeNLTPEj,MvGjEBBL,16.0
1042,0,PzIXuqgO,XeNLTPEj,16.0
1042,0,ZsxHmovG,PzIXuqgO,16.0
141,0,kfbZMUOE,BjKGijLD,61.0
141,0,RaPTCLQp,kfbZMUOE,61.0
903,0,ZJxogzZw,wcUGKfLa,47.0
903,0,aRCjtsfP,ZJxogzZw,47.0
903,0,aPKnTaHY,aRCjtsfP,75.0
903,0,ZxAfSTio,aPKnTaHY,75.0
903,0,PfzzVLdD,ZxAfSTio,75.0
903,0,MNMOMIBL,PfzzVLdD,75.0
903,0,ySoPUuJQ,MNMOMIBL,75.0
903,0,fGauMtcM,ySoPUuJQ,75.0
1366,0,HrrdJKJb,biJBLznK,1672.0
1366,0,qKeCDDXI,HrrdJKJb,1672.0
942,0,KgwKZlse,FZsFzszJ,21.0
369,0,BsovYeFI,azqUKhQu,2218.0
1018,0,BsovYeFI,azqUKhQu,167.0
777,0,BsovYeFI,azqUKhQu,2439.0
899,0,pMQyFYNH,CFKdtsYk,53.0
931,0,DetNfbBu,qeXIqBgp,1372.0
931,0,KENvRSom,DetNfbBu,1557.0
931,0,ZMwphzOX,KENvRSom,1557.0
931,0,ePAEtpYE,ZMwphzOX,2016.0
931,0,YnixWiwg,ePAEtpYE,2016.0
931,0,BlXLXEoe,YnixWiwg,2016.0
931,0,QsFYEMLP,BlXLXEoe,2016.0
931,0,vcQVCkqQ,QsFYEMLP,1776.0
931,0,TzBLFSKE,vcQVCkqQ,1734.0
931,0,MmmkWPfy,TzBLFSKE,1734.0
931,0,OoTDKQHC,MmmkWPfy,1263.0
931,0,QZMOUeIv,OoTDKQHC,1054.0
931,0,zAjDuGWM,QZMOUeIv,1054.0
931,0,JojiQTkQ,zAjDuGWM,35.0
931,0,woHRqfeu,JojiQTkQ,35.0
936,0,yJFAEWOL,UfJzwqHV,1.0
936,0,BJyyGCqV,yJFAEWOL,1.0
936,0,gZsXxpWQ,BJyyGCqV,1.0
936,0,aXBkDCtb,gZsXxpWQ,1.0
936,0,QgJihzqk,aXBkDCtb,1.0
936,0,IojsotKp,QgJihzqk,1.0
936,0,RrjncJTc,IojsotKp,1.0
936,0,pQuyecaE,RrjncJTc,1.0
936,0,cdkVqwDW,pQuyecaE,1.0
936,0,QOEvNTvQ,cdkVqwDW,1.0
936,0,RElITdVd,QOEvNTvQ,1.0
936,0,woHRqfeu,RElITdVd,1.0
1682,0,RTafItqF,ojqTFFWy,3.0
899,0,PTCqqgjS,pMQyFYNH,47.0
900,0,ZJxogzZw,wcUGKfLa,33.0
900,0,aRCjtsfP,ZJxogzZw,33.0
900,0,aPKnTaHY,aRCjtsfP,48.0
900,0,ZxAfSTio,aPKnTaHY,48.0
900,0,oQmOaQyB,ZxAfSTio,48.0
900,0,BSlPgNeK,oQmOaQyB,50.0
899,0,KzCxlBoL,SEVBrkvc,5.0
899,0,qPtpgxic,KzCxlBoL,5.0
1408,0,XfgrRxbI,ejMjPdTH,1399.0
1408,0,UfJzwqHV,XfgrRxbI,1399.0
1408,0,yJFAEWOL,UfJzwqHV,2138.0
1408,0,BJyyGCqV,yJFAEWOL,2138.0
1408,0,gZsXxpWQ,BJyyGCqV,2138.0
1408,0,aXBkDCtb,gZsXxpWQ,2042.0
1408,0,QgJihzqk,aXBkDCtb,2042.0
1408,0,IojsotKp,QgJihzqk,2042.0
1408,0,NNAcmEYB,IojsotKp,2138.0
902,0,mhrRBZGj,dScsNKLk,77.0
902,0,XvoliiTU,mhrRBZGj,77.0
902,0,BjKGijLD,XvoliiTU,77.0
902,0,kfbZMUOE,BjKGijLD,77.0
902,0,RaPTCLQp,kfbZMUOE,77.0
902,0,IZbIkfGA,RaPTCLQp,89.0
902,0,UJfkeWEN,IZbIkfGA,88.0
902,0,MlIkmoKa,UJfkeWEN,88.0
902,0,FIOYHASJ,MlIkmoKa,88.0
902,0,KMHCIdcu,FIOYHASJ,88.0
902,0,GiBhHxRo,KMHCIdcu,77.0
1102,0,MEtvPAvc,rwSrBzDN,362.0
1102,0,GqIywbYh,MEtvPAvc,362.0
1102,0,wRFZkBWU,GqIywbYh,362.0
1102,0,TUmpHOaB,wRFZkBWU,362.0
134,0,SEVBrkvc,ojqTFFWy,19.0
134,0,KzCxlBoL,SEVBrkvc,19.0
134,0,qPtpgxic,KzCxlBoL,19.0
134,0,RyPegcUV,qPtpgxic,24.0
134,0,gGkadTNm,RyPegcUV,24.0
134,0,CbcrfuAf,gGkadTNm,25.0
134,0,TAPXcjBe,CbcrfuAf,66.0
134,0,XsKXZwOQ,TAPXcjBe,66.0
134,0,hmRIiXJy,XsKXZwOQ,74.0
134,0,tOhgfmkj,hmRIiXJy,77.0
134,0,FjwhCXAK,tOhgfmkj,77.0
134,0,dScsNKLk,FjwhCXAK,107.0
134,0,prUQvyGs,dScsNKLk,324.0
134,0,FTnfVqbf,prUQvyGs,325.0
134,0,ncqAMIfe,FTnfVqbf,325.0
134,0,uHruDGLY,ncqAMIfe,325.0
134,0,FOXeQKOT,uHruDGLY,63.0
134,0,FesfYZEN,FOXeQKOT,39.0
899,0,QBDSVwgM,PTCqqgjS,44.0
899,0,SEVBrkvc,ojqTFFWy,4.0
132,0,hmRIiXJy,XsKXZwOQ,10.0
132,0,tOhgfmkj,hmRIiXJy,10.0
132,0,FjwhCXAK,tOhgfmkj,10.0
132,0,dScsNKLk,FjwhCXAK,10.0
132,0,JScPHHNr,dScsNKLk,21.0
132,0,BXAColfX,JScPHHNr,21.0
132,0,TenjteTV,BXAColfX,21.0
132,0,oFbMGQKy,TenjteTV,21.0
132,0,tTpRqbZv,oFbMGQKy,21.0
132,0,uzgDjeSU,tTpRqbZv,21.0
132,0,RvWjyDDD,uzgDjeSU,21.0
132,0,diAYwowt,RvWjyDDD,33.0
132,0,safClnnY,diAYwowt,33.0
132,0,tqLrxYqg,safClnnY,38.0
132,0,OrpTuTll,tqLrxYqg,21.0
132,0,oIfrlpqH,OrpTuTll,20.0
132,0,gGkadTNm,RyPegcUV,8.0
132,0,CbcrfuAf,gGkadTNm,8.0
132,0,TAPXcjBe,CbcrfuAf,8.0
132,0,XsKXZwOQ,TAPXcjBe,8.0
902,0,MzxDaMZj,GiBhHxRo,108.0
777,0,oeTroIck,BsovYeFI,1926.0
777,0,LlpMjrks,oeTroIck,1955.0
777,0,tnRCfdJr,LlpMjrks,1955.0
777,0,EWoqQawU,tnRCfdJr,1955.0
777,0,lRwzpFEA,EWoqQawU,1955.0
777,0,HJijptKA,lRwzpFEA,1955.0
369,0,oeTroIck,BsovYeFI,1923.0
369,0,LlpMjrks,oeTroIck,1923.0
369,0,tnRCfdJr,LlpMjrks,1923.0
369,0,EWoqQawU,tnRCfdJr,1923.0
369,0,lRwzpFEA,EWoqQawU,1923.0
369,0,HJijptKA,lRwzpFEA,1920.0
369,0,wcUGKfLa,HJijptKA,1898.0
1018,0,oeTroIck,BsovYeFI,163.0
1018,0,LlpMjrks,oeTroIck,163.0
1018,0,tnRCfdJr,LlpMjrks,163.0
1018,0,EWoqQawU,tnRCfdJr,163.0
1018,0,lRwzpFEA,EWoqQawU,163.0
1018,0,HJijptKA,lRwzpFEA,163.0
1018,0,pkAaqtnD,HJijptKA,162.0
1018,0,mAREpQlu,pkAaqtnD,162.0
43,0,NuyYqrDq,BaKUDeNn,1.0
43,0,gpaAUChy,NuyYqrDq,1.0
43,0,IgEBJNwX,gpaAUChy,1.0
43,0,NCVzutVL,IgEBJNwX,1.0
43,0,cTQVugNT,NCVzutVL,1.0
43,0,cNypyxpr,cTQVugNT,1.0
43,0,WRVBvtIE,cNypyxpr,1.0
43,0,RuAJZyMI,WRVBvtIE,1.0
43,0,MtINPaKl,RuAJZyMI,1.0
43,0,SGVPbDEb,MtINPaKl,1.0
43,0,DpeufCiu,SGVPbDEb,1.0
43,0,FaHpkwNs,DpeufCiu,1.0
43,0,kohCEyKT,FaHpkwNs,1.0
43,0,ZKEtlMvK,kohCEyKT,1.0
43,0,pjRBTtLk,ZKEtlMvK,1.0
43,0,vnfcOAch,pjRBTtLk,1.0
43,0,ryJVAbFB,vnfcOAch,1.0
43,0,ttVqQknl,ryJVAbFB,1.0
43,0,aZtqChJJ,ttVqQknl,1.0
43,0,deapEAbC,aZtqChJJ,1.0
43,0,nunLDRbE,deapEAbC,1.0
43,0,oRUBDfuD,nunLDRbE,1.0
43,0,qQJgvOFz,oRUBDfuD,1.0
43,0,kbNsckqG,qQJgvOFz,1.0
43,0,VHmQaoRO,kbNsckqG,1.0
43,0,MlXQVZuf,VHmQaoRO,1.0
43,0,QxkHLGuk,MlXQVZuf,1.0
43,0,oLzlCKof,QxkHLGuk,1.0
43,0,AQHsowCO,oLzlCKof,1.0
43,0,eHBdrFbQ,AQHsowCO,1.0
43,0,nermFKBU,eHBdrFbQ,1.0
43,0,syNMMSsu,nermFKBU,1.0
43,0,aEhaaulL,syNMMSsu,1.0
43,0,bzkCWXwV,aEhaaulL,1.0
43,0,rPcYYZtd,bzkCWXwV,1.0
43,0,ngtiheSM,rPcYYZtd,1.0
43,0,uxBjVsKf,ngtiheSM,1.0
43,0,hvwrhWFk,uxBjVsKf,1.0
43,0,azqUKhQu,hvwrhWFk,1.0
43,0,BsovYeFI,azqUKhQu,1.0
43,0,oeTroIck,BsovYeFI,1.0
43,0,LlpMjrks,oeTroIck,1.0
43,0,tnRCfdJr,LlpMjrks,1.0
43,0,EWoqQawU,tnRCfdJr,1.0
43,0,lRwzpFEA,EWoqQawU,1.0
43,0,HJijptKA,lRwzpFEA,1.0
43,0,pkAaqtnD,HJijptKA,1.0
43,0,mAREpQlu,pkAaqtnD,1.0
777,0,pkAaqtnD,HJijptKA,1937.0
777,0,mAREpQlu,pkAaqtnD,1938.0
902,0,pkAaqtnD,aPOYjvXT,67.0
902,0,mAREpQlu,pkAaqtnD,67.0
899,0,PfzzVLdD,QBDSVwgM,38.0
899,0,yRZHSCWE,PfzzVLdD,38.0
899,0,rCrvifMW,yRZHSCWE,38.0
899,0,aPOYjvXT,rCrvifMW,38.0
899,0,pkAaqtnD,aPOYjvXT,38.0
899,0,mAREpQlu,pkAaqtnD,37.0
777,0,SEVBrkvc,ojqTFFWy,3.0
131,0,JScPHHNr,dScsNKLk,51.0
131,0,BXAColfX,JScPHHNr,51.0
131,0,TenjteTV,BXAColfX,51.0
131,0,oFbMGQKy,TenjteTV,51.0
131,0,tTpRqbZv,oFbMGQKy,51.0
131,0,uzgDjeSU,tTpRqbZv,51.0
131,0,RvWjyDDD,uzgDjeSU,51.0
131,0,diAYwowt,RvWjyDDD,61.0
131,0,safClnnY,diAYwowt,61.0
131,0,CkSrqRXW,safClnnY,4.0
826,0,nunLDRbE,deapEAbC,13.0
826,0,QbrsudyQ,nunLDRbE,13.0
826,0,oRUBDfuD,QbrsudyQ,13.0
826,0,qQJgvOFz,oRUBDfuD,13.0
826,0,kbNsckqG,qQJgvOFz,109.0
826,0,VHmQaoRO,kbNsckqG,109.0
826,0,MlXQVZuf,VHmQaoRO,109.0
826,0,QxkHLGuk,MlXQVZuf,109.0
826,0,sxnLITXs,QxkHLGuk,112.0
826,0,oLzlCKof,sxnLITXs,117.0
826,0,IyDNJzPw,oLzlCKof,117.0
826,0,AQHsowCO,IyDNJzPw,123.0
826,0,eHBdrFbQ,AQHsowCO,126.0
826,0,nermFKBU,eHBdrFbQ,142.0
826,0,syNMMSsu,nermFKBU,142.0
826,0,aEhaaulL,syNMMSsu,142.0
826,0,bzkCWXwV,aEhaaulL,150.0
826,0,rPcYYZtd,bzkCWXwV,150.0
826,0,ngtiheSM,rPcYYZtd,229.0
826,0,uxBjVsKf,ngtiheSM,229.0
826,0,hvwrhWFk,uxBjVsKf,229.0
826,0,azqUKhQu,hvwrhWFk,229.0
826,0,BsovYeFI,azqUKhQu,235.0
826,0,oeTroIck,BsovYeFI,235.0
826,0,LlpMjrks,oeTroIck,236.0
826,0,tnRCfdJr,LlpMjrks,236.0
826,0,EWoqQawU,tnRCfdJr,236.0
826,0,lRwzpFEA,EWoqQawU,236.0
826,0,HJijptKA,lRwzpFEA,236.0
826,0,pkAaqtnD,HJijptKA,236.0
826,0,mAREpQlu,pkAaqtnD,236.0
826,0,aFNbJDFF,mAREpQlu,259.0
132,0,SEVBrkvc,ojqTFFWy,2.0
132,0,KzCxlBoL,SEVBrkvc,3.0
132,0,qPtpgxic,KzCxlBoL,3.0
132,0,RyPegcUV,qPtpgxic,4.0
733,0,BXAColfX,JScPHHNr,3890.0
733,0,TenjteTV,BXAColfX,3890.0
733,0,oFbMGQKy,TenjteTV,3890.0
733,0,tTpRqbZv,oFbMGQKy,3890.0
733,0,uzgDjeSU,tTpRqbZv,3890.0
733,0,RvWjyDDD,uzgDjeSU,3890.0
1102,0,kZbxJItD,TUmpHOaB,331.0
1102,0,WBGMFkPq,kZbxJItD,331.0
1102,0,ZrJSsOtw,WBGMFkPq,331.0
131,0,SEVBrkvc,ojqTFFWy,15.0
131,0,KzCxlBoL,SEVBrkvc,25.0
131,0,qPtpgxic,KzCxlBoL,25.0
131,0,RyPegcUV,qPtpgxic,26.0
131,0,gGkadTNm,RyPegcUV,26.0
131,0,CbcrfuAf,gGkadTNm,26.0
131,0,TAPXcjBe,CbcrfuAf,33.0
131,0,XsKXZwOQ,TAPXcjBe,33.0
131,0,hmRIiXJy,XsKXZwOQ,40.0
131,0,tOhgfmkj,hmRIiXJy,42.0
131,0,FjwhCXAK,tOhgfmkj,42.0
131,0,dScsNKLk,FjwhCXAK,42.0
826,0,JGMtXKXa,aFNbJDFF,260.0
1102,0,gXuuFtgr,ZrJSsOtw,212.0
1102,0,AqLhpCGg,gXuuFtgr,212.0
733,0,NpVJqtjU,RvWjyDDD,2630.0
733,0,SVKOBqwN,NpVJqtjU,2630.0
733,0,jUFdobJP,SVKOBqwN,2630.0
1102,0,oGtLXKlU,AqLhpCGg,199.0
1102,0,fpLsOzrX,oGtLXKlU,143.0
1102,0,qkDUPxQJ,fpLsOzrX,143.0
826,0,WRVBvtIE,aWeSqqrV,7.0
826,0,RuAJZyMI,WRVBvtIE,7.0
826,0,MtINPaKl,RuAJZyMI,8.0
826,0,SGVPbDEb,MtINPaKl,8.0
826,0,DpeufCiu,SGVPbDEb,9.0
826,0,FaHpkwNs,DpeufCiu,9.0
826,0,kohCEyKT,FaHpkwNs,9.0
826,0,DHQRQBBP,kohCEyKT,9.0
826,0,ZKEtlMvK,DHQRQBBP,9.0
826,0,pjRBTtLk,ZKEtlMvK,9.0
826,0,vnfcOAch,pjRBTtLk,9.0
826,0,ryJVAbFB,vnfcOAch,9.0
826,0,ttVqQknl,ryJVAbFB,9.0
826,0,aZtqChJJ,ttVqQknl,9.0
826,0,wrFiwNtD,aZtqChJJ,9.0
826,0,deapEAbC,wrFiwNtD,9.0
826,0,DwCsfBrf,JGMtXKXa,245.0
826,0,uiqniiby,DwCsfBrf,245.0
826,0,tWWfaWxU,uiqniiby,245.0
826,0,foYyjDus,tWWfaWxU,245.0
826,0,sqMuVqoE,foYyjDus,231.0
822,0,nunLDRbE,deapEAbC,26.0
822,0,oRUBDfuD,nunLDRbE,26.0
822,0,qQJgvOFz,oRUBDfuD,26.0
822,0,kbNsckqG,qQJgvOFz,42.0
822,0,VHmQaoRO,kbNsckqG,42.0
822,0,MlXQVZuf,VHmQaoRO,43.0
822,0,QxkHLGuk,MlXQVZuf,43.0
822,0,sxnLITXs,QxkHLGuk,48.0
822,0,oLzlCKof,sxnLITXs,69.0
822,0,AQHsowCO,oLzlCKof,69.0
822,0,eHBdrFbQ,AQHsowCO,75.0
822,0,nermFKBU,eHBdrFbQ,75.0
822,0,syNMMSsu,nermFKBU,75.0
822,0,aEhaaulL,syNMMSsu,75.0
822,0,bzkCWXwV,aEhaaulL,81.0
822,0,rPcYYZtd,bzkCWXwV,81.0
822,0,ngtiheSM,rPcYYZtd,218.0
822,0,uxBjVsKf,ngtiheSM,218.0
822,0,hvwrhWFk,uxBjVsKf,225.0
822,0,azqUKhQu,hvwrhWFk,225.0
822,0,BsovYeFI,azqUKhQu,231.0
822,0,oeTroIck,BsovYeFI,272.0
822,0,LlpMjrks,oeTroIck,280.0
822,0,tnRCfdJr,LlpMjrks,280.0
822,0,EWoqQawU,tnRCfdJr,280.0
822,0,lRwzpFEA,EWoqQawU,280.0
822,0,EZonlaGf,lRwzpFEA,430.0
822,0,LnttpfXJ,EZonlaGf,430.0
733,0,stYOAUgx,jUFdobJP,2684.0
733,0,qatuIGdU,stYOAUgx,2684.0
826,0,zqVKryrK,sqMuVqoE,226.0
822,0,pjnGNdLD,LnttpfXJ,414.0
777,0,MZocsETE,mAREpQlu,478.0
777,0,wJsysHnP,MZocsETE,478.0
777,0,qoKVVYVH,wJsysHnP,478.0
777,0,ZbBLjsKS,qoKVVYVH,478.0
1102,0,ywTbPNnN,qkDUPxQJ,116.0
1102,0,XQUhYonT,ywTbPNnN,116.0
1102,0,kGQEnBYZ,XQUhYonT,116.0
733,0,DZhNCgqR,qatuIGdU,2765.0
733,0,XNqNMdqz,DZhNCgqR,2765.0
733,0,oUlRzwnE,XNqNMdqz,2765.0
822,0,TJYuPZgz,pjnGNdLD,407.0
826,0,AlojXgfn,zqVKryrK,187.0
1345,0,XiLvnZTk,leVkrEcC,266.0
1345,0,FStgRiBS,XiLvnZTk,82.0
1345,0,GkYZbgqg,FStgRiBS,82.0
1345,0,FlYjxOxQ,GkYZbgqg,82.0
1345,0,wFSILCzc,FlYjxOxQ,82.0
1345,0,yQQuLFAg,wFSILCzc,82.0
1345,0,rUKSlFeh,yQQuLFAg,40.0
1345,0,rckblBTM,rUKSlFeh,40.0
1345,0,gKoyUmab,rckblBTM,40.0
1345,0,fGmFhgnx,gKoyUmab,40.0
1345,0,XyHfgUxW,fGmFhgnx,35.0
1345,0,zjjLSYAp,XyHfgUxW,35.0
1345,0,nIakFMcq,zjjLSYAp,35.0
1345,0,yAgyFeHo,nIakFMcq,16.0
1345,0,QdWOxWia,yAgyFeHo,15.0
1345,0,gViLrCgA,QdWOxWia,15.0
1345,0,cCSIoIah,gViLrCgA,15.0
1345,0,DLdtTvFi,cCSIoIah,15.0
1345,0,vRWSdFEN,DLdtTvFi,15.0
1345,0,tDDddUJb,vRWSdFEN,15.0
1345,0,RVGhYAxc,tDDddUJb,15.0
1345,0,BpAiVnps,RVGhYAxc,15.0
868,0,eYsqUgzf,jQlVbeqW,82.0
868,0,CGfCHyje,eYsqUgzf,82.0
868,0,qflzswAf,CGfCHyje,82.0
777,0,VvfGvRfV,ZbBLjsKS,478.0
777,0,gjjwmxRV,VvfGvRfV,478.0
777,0,sXTxOtpY,gjjwmxRV,478.0
1102,0,TRrMduWd,kGQEnBYZ,67.0
777,0,aLhLfQkP,sXTxOtpY,455.0
777,0,eeUAfDeR,aLhLfQkP,455.0
777,0,sJpWePxb,eeUAfDeR,455.0
777,0,vBjvcVSA,sJpWePxb,7.0
777,0,TFYkWDkw,vBjvcVSA,7.0
777,0,JpVXpSar,TFYkWDkw,7.0
1099,0,foDxbakc,xDEugDFx,7.0
1099,0,bGilRaMJ,foDxbakc,7.0
822,0,DpeufCiu,SGVPbDEb,4.0
822,0,FaHpkwNs,DpeufCiu,4.0
822,0,kohCEyKT,FaHpkwNs,4.0
822,0,DHQRQBBP,kohCEyKT,4.0
822,0,ZKEtlMvK,DHQRQBBP,4.0
822,0,pjRBTtLk,ZKEtlMvK,4.0
822,0,vnfcOAch,pjRBTtLk,4.0
822,0,ryJVAbFB,vnfcOAch,4.0
822,0,ttVqQknl,ryJVAbFB,4.0
822,0,aZtqChJJ,ttVqQknl,4.0
822,0,wrFiwNtD,aZtqChJJ,4.0
822,0,deapEAbC,wrFiwNtD,4.0
822,0,fvMkSwKl,TJYuPZgz,27.0
822,0,RuAJZyMI,cNypyxpr,3.0
822,0,MtINPaKl,RuAJZyMI,3.0
822,0,SGVPbDEb,MtINPaKl,3.0
826,0,oahiQKZf,AlojXgfn,52.0
826,0,LJERpsJx,oahiQKZf,27.0
826,0,NgxTtWek,LJERpsJx,27.0
826,0,pTibEDEI,NgxTtWek,27.0
741,0,DZhNCgqR,qatuIGdU,7.0
741,0,XNqNMdqz,DZhNCgqR,7.0
741,0,oUlRzwnE,XNqNMdqz,7.0
741,0,ZEJEKYue,oUlRzwnE,10.0
741,0,JScPHHNr,YvwuVYMF,3.0
741,0,BXAColfX,JScPHHNr,3.0
741,0,TenjteTV,BXAColfX,3.0
741,0,oFbMGQKy,TenjteTV,3.0
741,0,tTpRqbZv,oFbMGQKy,3.0
741,0,uzgDjeSU,tTpRqbZv,3.0
741,0,RvWjyDDD,uzgDjeSU,3.0
741,0,NpVJqtjU,RvWjyDDD,3.0
741,0,SVKOBqwN,NpVJqtjU,3.0
741,0,jUFdobJP,SVKOBqwN,3.0
741,0,stYOAUgx,jUFdobJP,3.0
741,0,qatuIGdU,stYOAUgx,3.0
1102,0,wdZlcJUN,TRrMduWd,37.0
1102,0,HHtnqjHj,wdZlcJUN,37.0
778,0,QHzfYnaE,wXJrQzdz,37.0
733,0,XQGQJTfc,oUlRzwnE,2807.0
733,0,YJlimzmz,XQGQJTfc,2807.0
733,0,GFyDwjlp,YJlimzmz,2807.0
733,0,RhHvrSFQ,GFyDwjlp,2807.0
733,0,cCtcUCYS,RhHvrSFQ,2807.0
733,0,bInfxKVp,cCtcUCYS,2800.0
547,0,xiCfcAgb,AszcEtOu,502.0
547,0,bsQVAuyn,xiCfcAgb,502.0
547,0,bmUdUOzs,bsQVAuyn,508.0
547,0,qPtpgxic,bmUdUOzs,509.0
547,0,gGkadTNm,qPtpgxic,509.0
547,0,dScsNKLk,gGkadTNm,511.0
547,0,RvWjyDDD,dScsNKLk,566.0
547,0,qatuIGdU,RvWjyDDD,566.0
547,0,YJlimzmz,qatuIGdU,566.0
547,0,DdFWFvrk,YJlimzmz,566.0
547,0,KCPTYZEU,DdFWFvrk,566.0
547,0,lPZtleot,KCPTYZEU,566.0
121,0,WdOwNGhj,xfbmoJHP,2.0
121,0,kKKRBhFF,WdOwNGhj,2.0
121,0,NFInfBeu,kKKRBhFF,2.0
121,0,VCQdmIoF,NFInfBeu,2.0
121,0,ePrpofUw,VCQdmIoF,2.0
121,0,KcvPUxQg,ePrpofUw,2.0
121,0,BlnSxBAr,KcvPUxQg,2.0
121,0,TCBUGaZf,BlnSxBAr,2.0
121,0,pzcCDVmZ,TCBUGaZf,2.0
121,0,oUmVLfUX,pzcCDVmZ,2.0
121,0,fJdABIlw,oUmVLfUX,2.0
121,0,mXwfazRz,fJdABIlw,2.0
121,0,NGAodVTg,mXwfazRz,2.0
121,0,TvGyfQSI,NGAodVTg,2.0
121,0,HFYkXdPG,TvGyfQSI,2.0
121,0,KjgVoxgR,HFYkXdPG,2.0
121,0,xTOrUJFO,KjgVoxgR,2.0
121,0,EmkugZPX,xTOrUJFO,2.0
121,0,lmZJehpq,EmkugZPX,2.0
121,0,tDDddUJb,lmZJehpq,2.0
121,0,RVGhYAxc,tDDddUJb,2.0
548,0,qPtpgxic,ojqTFFWy,57.0
548,0,gGkadTNm,qPtpgxic,57.0
548,0,dScsNKLk,gGkadTNm,57.0
548,0,RvWjyDDD,dScsNKLk,57.0
548,0,qatuIGdU,RvWjyDDD,57.0
548,0,YJlimzmz,qatuIGdU,57.0
548,0,DdFWFvrk,YJlimzmz,57.0
548,0,KCPTYZEU,DdFWFvrk,57.0
548,0,lPZtleot,KCPTYZEU,57.0
547,0,jCwFOmxo,lPZtleot,22.0
542,0,xiCfcAgb,AszcEtOu,3.0
542,0,bsQVAuyn,xiCfcAgb,3.0
542,0,bmUdUOzs,bsQVAuyn,3.0
542,0,qPtpgxic,bmUdUOzs,3.0
542,0,gGkadTNm,qPtpgxic,3.0
542,0,dScsNKLk,gGkadTNm,3.0
542,0,RvWjyDDD,dScsNKLk,4.0
542,0,qatuIGdU,RvWjyDDD,4.0
542,0,YJlimzmz,qatuIGdU,4.0
542,0,DdFWFvrk,YJlimzmz,4.0
542,0,KCPTYZEU,DdFWFvrk,4.0
542,0,lPZtleot,KCPTYZEU,4.0
542,0,jCwFOmxo,lPZtleot,4.0
542,0,fVolLZWv,jCwFOmxo,4.0
542,0,vnGoAIWR,fVolLZWv,4.0
542,0,UPoJKlTB,vnGoAIWR,4.0
542,0,mBDHTawz,UPoJKlTB,4.0
542,0,lMdnIgyP,mBDHTawz,4.0
523,0,FTwVCxQy,pSVDMeCH,508.0
523,0,RFaTWaew,FTwVCxQy,508.0
321,0,hxSTJhOz,zAVZRYih,60.0
321,0,TShNRujB,hxSTJhOz,60.0
1255,0,PhjcDdmq,ogOCBKAf,865.0
1255,0,bHagonKv,PhjcDdmq,865.0
1255,0,Vlipnutt,bHagonKv,865.0
14,0,fOfcyQgJ,cGoHBmgo,1308.0
14,0,YXOKWXAw,fOfcyQgJ,1610.0
14,0,PSjGjQXK,YXOKWXAw,1610.0
825,0,qjwSVoCq,WynPMslR,7.0
825,0,WvPJYXMk,qjwSVoCq,7.0
480,0,BgYvcKFh,bKKUjGhb,2594.0
480,0,QRrhNfpu,BgYvcKFh,2594.0
480,0,qSowWcvN,QRrhNfpu,2594.0
480,0,vBGGqNND,qSowWcvN,2084.0
1618,0,xIAmzSOf,kltlGPhk,1170.0
1618,0,HFPiIGml,xIAmzSOf,1170.0
1326,0,mZrMXUGc,BZEEPDzF,144.0
1326,0,ovqyecwa,mZrMXUGc,624.0
1326,0,PhEXDKmN,ovqyecwa,624.0
1326,0,vfoMHDCS,PhEXDKmN,624.0
1326,0,LEPzGjdo,vfoMHDCS,624.0
1326,0,VeNIGKmR,LEPzGjdo,554.0
1326,0,vkwWhgCe,VeNIGKmR,554.0
1567,0,UgzfanVk,sHqmRcRD,265.0
1669,0,SrxxnOEl,zjFHHUbS,97.0
1669,0,AXxrYyXG,SrxxnOEl,97.0
1669,0,QexJFwXO,AXxrYyXG,97.0
1669,0,exRzHfND,QexJFwXO,92.0
1669,0,slwzdYAd,exRzHfND,92.0
1669,0,phodyDNv,slwzdYAd,92.0
1669,0,gcvwQKzE,phodyDNv,87.0
1669,0,RuqLEiFp,gcvwQKzE,87.0
1669,0,jEliwrSM,RuqLEiFp,72.0
1669,0,OUlPxErG,jEliwrSM,72.0
1669,0,SPorkGXj,OUlPxErG,62.0
1669,0,ZqOseExI,SPorkGXj,62.0
1669,0,CrOFTJlw,ZqOseExI,62.0
1669,0,PyGiRErs,CrOFTJlw,62.0
1669,0,qflzswAf,PyGiRErs,46.0
874,0,WhRBEXGR,JbCujTci,7.0
874,0,wRBXcbqq,WhRBEXGR,7.0
874,0,XXYtSQEl,wRBXcbqq,7.0
874,0,MklhhYCQ,XXYtSQEl,7.0
1092,0,KrLSLIZd,OjBZWzOO,1128.0
1092,0,yQmtaWgt,KrLSLIZd,1128.0
1349,0,clVXMHJf,suvDbtPR,7.0
1349,0,UXEWVZzP,clVXMHJf,7.0
1349,0,MlYFoaez,UXEWVZzP,7.0
1349,0,XeinAhyy,MlYFoaez,6.0
1349,0,pGpZhRvq,XeinAhyy,6.0
1349,0,alaJPSTW,pGpZhRvq,6.0
1349,0,ngNzeSzC,alaJPSTW,6.0
1349,0,PHuvYJrP,ngNzeSzC,6.0
1349,0,FoxIDeQY,PHuvYJrP,6.0
1349,0,dZoxKDmD,FoxIDeQY,6.0
1349,0,ZOuLYtJj,dZoxKDmD,6.0
1349,0,SGnJOquj,ZOuLYtJj,6.0
1349,0,ogOCBKAf,SGnJOquj,6.0
331,0,MhxjGQjy,UgzfanVk,110.0
331,0,EhUxMFuQ,MhxjGQjy,110.0
331,0,HZcfHzwe,EhUxMFuQ,90.0
331,0,qoWOoICL,HZcfHzwe,90.0
331,0,FwybjYQK,qoWOoICL,90.0
331,0,ZuDlysuz,FwybjYQK,90.0
331,0,IkwHYYuh,ZuDlysuz,90.0
331,0,YzXnYVPd,IkwHYYuh,90.0
331,0,TEKQTTfp,YzXnYVPd,90.0
331,0,ZIPCqImv,TEKQTTfp,90.0
331,0,aWNaUdzp,ZIPCqImv,90.0
331,0,FCsbIOBe,aWNaUdzp,90.0
331,0,gGjwcdJB,FCsbIOBe,90.0
1085,0,ixafYOrk,WneZtuRq,1317.0
1085,0,VWKzFLMH,ixafYOrk,1317.0
1085,0,EllpaOUu,VWKzFLMH,1291.0
1040,0,CKorGRkE,ejMjPdTH,148.0
601,0,FcOkCcps,qdrjbHYS,829.0
601,0,fFHpEWYG,FcOkCcps,885.0
601,0,jOxyxYyy,fFHpEWYG,887.0
601,0,zOQhKaAF,jOxyxYyy,887.0
273,0,jOxyxYyy,fFHpEWYG,1884.0
273,0,zOQhKaAF,jOxyxYyy,1884.0
600,0,RCkelXPh,eyAJPdep,115.0
706,0,yQQuLFAg,wFSILCzc,57.0
601,0,hfsVeMMa,zOQhKaAF,928.0
273,0,hfsVeMMa,zOQhKaAF,2179.0
318,0,QHFmFyLR,EkWBPXmr,1114.0
318,0,neNWquOh,QHFmFyLR,1114.0
318,0,KwaxxmSs,neNWquOh,1122.0
318,0,PSjGjQXK,KwaxxmSs,1152.0
318,0,GnsXgGJX,PSjGjQXK,3456.0
482,0,ifLglfbO,vkAUVqtk,204.0
482,0,hgHcWJof,ifLglfbO,204.0
482,0,qSowWcvN,hgHcWJof,204.0
14,0,GnsXgGJX,PSjGjQXK,2929.0
14,0,VjdckTjW,GnsXgGJX,3642.0
490,0,bKKUjGhb,gFAsBeQM,3106.0
490,0,QRrhNfpu,bKKUjGhb,3116.0
490,0,qSowWcvN,QRrhNfpu,2977.0
480,0,bKKUjGhb,LbKosGpD,2899.0
1741,0,bKKUjGhb,LbKosGpD,713.0
1741,0,QRrhNfpu,bKKUjGhb,705.0
1741,0,qSowWcvN,QRrhNfpu,705.0
480,0,qpacHTVx,cPCRxZjy,424.0
480,0,XFLojCJa,qpacHTVx,424.0
480,0,mHRdWDIt,XFLojCJa,268.0
480,0,NBopaFdP,mHRdWDIt,620.0
480,0,LbKosGpD,NBopaFdP,620.0
235,0,QHFmFyLR,EkWBPXmr,2758.0
235,0,neNWquOh,QHFmFyLR,2758.0
235,0,KwaxxmSs,neNWquOh,2764.0
235,0,PSjGjQXK,KwaxxmSs,2772.0
235,0,GnsXgGJX,PSjGjQXK,7256.0
235,0,VjdckTjW,GnsXgGJX,7436.0
235,0,ohvLIfWG,VjdckTjW,7440.0
490,0,vBGGqNND,qSowWcvN,1110.0
1741,0,vBGGqNND,qSowWcvN,449.0
1374,0,QHFmFyLR,EkWBPXmr,1133.0
1374,0,neNWquOh,QHFmFyLR,1133.0
1374,0,KwaxxmSs,neNWquOh,1161.0
1374,0,PSjGjQXK,KwaxxmSs,1162.0
1374,0,FDPmqphv,PSjGjQXK,2289.0
1374,0,aVjdmBcp,FDPmqphv,3015.0
1374,0,mKIQRbrs,aVjdmBcp,3015.0
273,0,isVKhOXG,hfsVeMMa,2543.0
273,0,mKIQRbrs,isVKhOXG,2492.0
480,0,FFLftRlg,vBGGqNND,1714.0
480,0,HTKZNJTs,FFLftRlg,1766.0
480,0,FmTbQszJ,HTKZNJTs,2027.0
480,0,JvhqCmbT,FmTbQszJ,2559.0
480,0,xkdRvtRu,JvhqCmbT,2559.0
320,0,vkAUVqtk,oeGMQkdJ,85.0
320,0,ifLglfbO,vkAUVqtk,85.0
320,0,hgHcWJof,ifLglfbO,85.0
320,0,POdtxoZm,hgHcWJof,85.0
320,0,DjKGsdyb,POdtxoZm,187.0
398,0,QHFmFyLR,EkWBPXmr,183.0
398,0,neNWquOh,QHFmFyLR,183.0
398,0,KwaxxmSs,neNWquOh,183.0
398,0,PSjGjQXK,KwaxxmSs,183.0
398,0,GnsXgGJX,PSjGjQXK,400.0
398,0,VjdckTjW,GnsXgGJX,400.0
398,0,ohvLIfWG,VjdckTjW,400.0
398,0,HTKZNJTs,ohvLIfWG,400.0
398,0,FmTbQszJ,HTKZNJTs,400.0
1741,0,FFLftRlg,vBGGqNND,494.0
1741,0,HTKZNJTs,FFLftRlg,494.0
1358,0,lOYrQfzi,oajqUPaH,88.0
1358,0,iuewtDUr,lOYrQfzi,88.0
1358,0,KdEmbmsx,iuewtDUr,88.0
1358,0,GkYZbgqg,KdEmbmsx,88.0
1358,0,FlYjxOxQ,GkYZbgqg,88.0
1358,0,wFSILCzc,FlYjxOxQ,88.0
1358,0,yQQuLFAg,wFSILCzc,88.0
1358,0,rckblBTM,yQQuLFAg,88.0
1358,0,fGmFhgnx,rckblBTM,88.0
1358,0,XyHfgUxW,fGmFhgnx,88.0
1358,0,zjjLSYAp,XyHfgUxW,88.0
1358,0,nIakFMcq,zjjLSYAp,88.0
1358,0,yAgyFeHo,nIakFMcq,85.0
1358,0,QdWOxWia,yAgyFeHo,13.0
235,0,aUPouXsN,ohvLIfWG,6355.0
14,0,aUPouXsN,VjdckTjW,3549.0
273,0,qvujbmjR,mKIQRbrs,2344.0
273,0,SqxhBMol,qvujbmjR,2344.0
590,0,QHFmFyLR,EkWBPXmr,1463.0
590,0,neNWquOh,QHFmFyLR,1463.0
590,0,BQqYmuyR,neNWquOh,1469.0
590,0,PSjGjQXK,BQqYmuyR,1471.0
590,0,FDPmqphv,PSjGjQXK,4293.0
590,0,aVjdmBcp,FDPmqphv,4547.0
590,0,isVKhOXG,aVjdmBcp,4547.0
590,0,pHNyFRmN,isVKhOXG,4586.0
590,0,SMriOOgF,pHNyFRmN,4604.0
590,0,RHWjHSWx,SMriOOgF,4604.0
214,0,NcLanIdZ,SyrqOGJb,323.0
214,0,SyrqOGJb,IvqxNjHK,307.0
214,0,IvqxNjHK,XjEyEHqT,297.0
601,0,mKIQRbrs,hfsVeMMa,920.0
480,0,SqxhBMol,xkdRvtRu,2603.0
1374,0,qvujbmjR,mKIQRbrs,2448.0
1374,0,SqxhBMol,qvujbmjR,2536.0
480,0,kXtCwJQx,hOGVczfj,788.0
686,0,fubLBmAl,DOGyniWl,1673.0
686,0,nEXpIbiD,fubLBmAl,1673.0
686,0,eTJQHplR,nEXpIbiD,1678.0
686,0,vrgENeuF,eTJQHplR,1790.0
686,0,lxSUNwOi,vrgENeuF,1856.0
686,0,aIerxCRO,lxSUNwOi,1889.0
686,0,ZHaurlhr,aIerxCRO,1889.0
686,0,KMDYeUKg,ZHaurlhr,2030.0
686,0,RSPZrGBg,KMDYeUKg,2063.0
686,0,nrUfCQxz,RSPZrGBg,2061.0
686,0,YmkUpvHU,qKeCDDXI,362.0
686,0,GbYxEXTt,YmkUpvHU,1572.0
686,0,DOGyniWl,GbYxEXTt,1572.0
292,0,SlfNpref,aUPouXsN,1634.0
292,0,mTbspdLq,SlfNpref,1634.0
1358,0,gViLrCgA,QdWOxWia,6.0
1358,0,cCSIoIah,gViLrCgA,5.0
1358,0,DLdtTvFi,cCSIoIah,5.0
1413,0,DeduXMzE,udlIzhJE,47.0
1413,0,GXHjZCTL,DeduXMzE,47.0
1413,0,yolIeCeg,GXHjZCTL,47.0
1413,0,ozAxYCwR,yolIeCeg,47.0
1413,0,qdrjbHYS,ozAxYCwR,47.0
1413,0,AKdDiXyV,qdrjbHYS,47.0
1413,0,fFHpEWYG,AKdDiXyV,47.0
1413,0,jOxyxYyy,fFHpEWYG,47.0
1413,0,gGlRqksC,jOxyxYyy,47.0
1413,0,GRRjUQxz,gGlRqksC,47.0
1413,0,evYofZgS,GRRjUQxz,47.0
1413,0,RHWjHSWx,evYofZgS,47.0
1413,0,VpmqCJUB,RHWjHSWx,47.0
1413,0,dulnZXnF,VpmqCJUB,47.0
1413,0,RkIYOvZu,dulnZXnF,47.0
1413,0,ygKQkAfU,RkIYOvZu,47.0
295,0,qDeoslSZ,hLEWSLqw,1077.0
490,0,VpmqCJUB,RHWjHSWx,1889.0
490,0,dulnZXnF,VpmqCJUB,1889.0
490,0,RkIYOvZu,dulnZXnF,1889.0
490,0,ygKQkAfU,RkIYOvZu,1889.0
670,0,AszcEtOu,BpAiVnps,228.0
670,0,ybjkPLXB,AszcEtOu,286.0
273,0,nrKKniYe,SqxhBMol,2132.0
235,0,SlfNpref,aUPouXsN,5736.0
235,0,nrKKniYe,SlfNpref,5736.0
457,0,DRkcXziO,PbNNbEKu,26.0
457,0,fTOPrrgc,DRkcXziO,26.0
457,0,ErjukRDc,fTOPrrgc,26.0
457,0,ojYgsDtJ,ErjukRDc,26.0
226,0,aIerxCRO,lxSUNwOi,158.0
226,0,ZHaurlhr,aIerxCRO,158.0
226,0,KMDYeUKg,ZHaurlhr,227.0
226,0,lxSUNwOi,NgBSBxMr,137.0
600,0,CEZTRnUo,qflzswAf,34.0
600,0,funWfCdm,CEZTRnUo,34.0
600,0,rnFrOJMw,funWfCdm,34.0
600,0,MklhhYCQ,rnFrOJMw,34.0
600,0,nzTRQfUi,MklhhYCQ,34.0
600,0,PZLqDGdx,nzTRQfUi,34.0
600,0,kjxfKqbD,PZLqDGdx,34.0
600,0,mSXRukCc,kjxfKqbD,34.0
600,0,FFGyTMvJ,mSXRukCc,34.0
600,0,eyAJPdep,FFGyTMvJ,34.0
1689,0,xMTUUeEc,tBgOcvQf,56.0
1689,0,jPryMrof,xMTUUeEc,56.0
1689,0,jkJwqjHm,jPryMrof,56.0
1689,0,jKMBgxbE,jkJwqjHm,56.0
1689,0,tldUULAx,jKMBgxbE,56.0
1689,0,yzZGrKJL,tldUULAx,46.0
1689,0,qDeoslSZ,yzZGrKJL,46.0
214,0,XjEyEHqT,EYCnMsAF,267.0
214,0,qDeoslSZ,hLEWSLqw,693.0
490,0,blwWmPPo,ygKQkAfU,1298.0
490,0,hLEWSLqw,blwWmPPo,1298.0
490,0,qDeoslSZ,hLEWSLqw,1295.0
1745,0,blwWmPPo,ygKQkAfU,498.0
1745,0,hLEWSLqw,blwWmPPo,498.0
1745,0,tMEROJFH,hLEWSLqw,498.0
1744,0,blwWmPPo,ygKQkAfU,2912.0
1744,0,ufLmazVu,blwWmPPo,2912.0
1744,0,tMEROJFH,ufLmazVu,2873.0
501,0,blwWmPPo,ygKQkAfU,79.0
501,0,ufLmazVu,blwWmPPo,79.0
501,0,qDeoslSZ,ufLmazVu,79.0
647,0,plmttHNh,mBUKTvtr,28.0
647,0,GIAembsg,plmttHNh,28.0
647,0,OyNIynZV,GIAembsg,28.0
214,0,EYCnMsAF,awnNVqry,4.0
218,0,BoBfKnBc,WuSgkufa,17.0
218,0,tjNvNzFb,BoBfKnBc,17.0
218,0,mxxFIxNX,tjNvNzFb,17.0
218,0,mxpYyFEY,mxxFIxNX,17.0
218,0,awnNVqry,mxpYyFEY,17.0
218,0,EYCnMsAF,awnNVqry,17.0
218,0,XjEyEHqT,EYCnMsAF,17.0
218,0,IvqxNjHK,XjEyEHqT,17.0
218,0,SyrqOGJb,IvqxNjHK,17.0
218,0,NcLanIdZ,SyrqOGJb,17.0
218,0,OyNIynZV,NcLanIdZ,17.0
218,0,ydoNqUsu,OyNIynZV,17.0
218,0,yYSDLmlm,ydoNqUsu,13.0
218,0,FDCDnriY,yYSDLmlm,13.0
218,0,hLEWSLqw,FDCDnriY,12.0
218,0,qDeoslSZ,hLEWSLqw,12.0
590,0,VpmqCJUB,RHWjHSWx,4476.0
590,0,EvIZgaUF,VpmqCJUB,4476.0
590,0,mGgwEHaG,EvIZgaUF,4487.0
590,0,DWuGRWkF,mGgwEHaG,4487.0
1741,0,JvhqCmbT,HTKZNJTs,446.0
1741,0,pfHqWMIj,JvhqCmbT,446.0
1741,0,yZEnTGkU,pfHqWMIj,446.0
1741,0,svamcGgQ,yZEnTGkU,481.0
1741,0,OkTOljoV,svamcGgQ,481.0
1741,0,RoAYEvND,OkTOljoV,481.0
480,0,yZEnTGkU,SqxhBMol,2184.0
480,0,svamcGgQ,yZEnTGkU,2715.0
480,0,OkTOljoV,svamcGgQ,2715.0
480,0,ryMrZCSE,OkTOljoV,2715.0
320,0,ExPvCHrU,DjKGsdyb,276.0
320,0,OCwYbEnq,ExPvCHrU,276.0
320,0,nrUfCQxz,OCwYbEnq,302.0
320,0,XwcxmOai,nrUfCQxz,302.0
590,0,ryMrZCSE,DWuGRWkF,4526.0
480,0,UZvsWvxC,kXtCwJQx,748.0
480,0,Afgbwxue,UZvsWvxC,748.0
480,0,yHOAvGcL,Afgbwxue,748.0
480,0,cPCRxZjy,yHOAvGcL,251.0
1505,0,BMprcpdo,xQqwXgNZ,3759.0
1645,0,ASOyxnpu,QewuHWYk,324.0
1645,0,sWFNlbjw,ASOyxnpu,630.0
1645,0,qTqvnQiR,sWFNlbjw,630.0
1645,0,FyIjwLBj,qTqvnQiR,610.0
1645,0,DdAJghjk,FyIjwLBj,465.0
1645,0,IglTFvIG,DdAJghjk,432.0
1645,0,esXmHZAz,IglTFvIG,432.0
1645,0,VUTBmskZ,esXmHZAz,432.0
1645,0,KQSHMGnw,VUTBmskZ,431.0
706,0,izUAPpdi,xyBTaHvp,4.0
706,0,FVYwGhLu,izUAPpdi,4.0
706,0,cNWTidvb,FVYwGhLu,4.0
706,0,wFSILCzc,cNWTidvb,4.0
1745,0,hOGVczfj,pOvHFZPM,509.0
1745,0,kXtCwJQx,hOGVczfj,509.0
1745,0,UZvsWvxC,kXtCwJQx,509.0
1745,0,Afgbwxue,UZvsWvxC,509.0
1745,0,yHOAvGcL,Afgbwxue,509.0
1745,0,CTeFabzs,yHOAvGcL,509.0
1745,0,TUpCuZAw,ThGrfpxl,452.0
1745,0,HYfXIyFk,TUpCuZAw,452.0
1745,0,oQvXmJfL,HYfXIyFk,452.0
1745,0,yayPNqiY,oQvXmJfL,452.0
1745,0,pOvHFZPM,yayPNqiY,452.0
1745,0,XAxmwtqw,aFlzccOO,276.0
1745,0,ThGrfpxl,XAxmwtqw,276.0
1745,0,aFlzccOO,DYvQviUy,198.0
1745,0,DYvQviUy,RfEbENxd,179.0
1745,0,jQaLNViL,gyQqEnFq,91.0
1745,0,RfEbENxd,jQaLNViL,91.0
235,0,AjJCgCBk,nrKKniYe,5621.0
14,0,SlfNpref,aUPouXsN,3957.0
14,0,nrKKniYe,SlfNpref,3957.0
14,0,AjJCgCBk,nrKKniYe,4074.0
1106,0,awOEKaEj,qdrjbHYS,477.0
1106,0,fFHpEWYG,awOEKaEj,489.0
1106,0,jOxyxYyy,fFHpEWYG,489.0
1106,0,eVGAINdZ,jOxyxYyy,489.0
1106,0,zOQhKaAF,eVGAINdZ,489.0
1106,0,hfsVeMMa,zOQhKaAF,542.0
1106,0,isVKhOXG,hfsVeMMa,555.0
1106,0,mKIQRbrs,isVKhOXG,555.0
1106,0,qvujbmjR,mKIQRbrs,556.0
1106,0,SqxhBMol,qvujbmjR,556.0
1106,0,nrKKniYe,SqxhBMol,556.0
1106,0,SWnceHEw,nrKKniYe,603.0
1106,0,AjJCgCBk,SWnceHEw,603.0
273,0,SWnceHEw,nrKKniYe,2066.0
273,0,AjJCgCBk,SWnceHEw,2066.0
287,0,eKMWhxRF,lqMPnIra,220.0
287,0,PKfyrIVb,eKMWhxRF,220.0
287,0,uGNDunGF,PKfyrIVb,220.0
1374,0,MzWshIAL,SqxhBMol,1697.0
1374,0,NZGnRwVn,MzWshIAL,1793.0
235,0,jFmPCmzM,AjJCgCBk,5326.0
273,0,jFmPCmzM,AjJCgCBk,1887.0
539,0,SwLVnWPq,ZijVddwt,21.0
539,0,xGsoSfhX,SwLVnWPq,20.0
1197,0,OeKkfJSz,HTcmpFUD,63.0
1197,0,FZjXRNIl,OeKkfJSz,63.0
1197,0,wHSBMatn,FZjXRNIl,63.0
1197,0,pbVrXoGi,wHSBMatn,63.0
1197,0,GuhaYkFL,pbVrXoGi,63.0
1197,0,EdJUuxct,GuhaYkFL,63.0
1197,0,gmiMCrrb,EdJUuxct,63.0
292,0,QHFmFyLR,EkWBPXmr,483.0
292,0,neNWquOh,QHFmFyLR,483.0
292,0,KwaxxmSs,neNWquOh,483.0
292,0,PSjGjQXK,KwaxxmSs,489.0
292,0,GnsXgGJX,PSjGjQXK,1116.0
292,0,VjdckTjW,GnsXgGJX,1133.0
292,0,ohvLIfWG,VjdckTjW,1217.0
292,0,aUPouXsN,ohvLIfWG,1218.0
292,0,nrKKniYe,mTbspdLq,1617.0
985,0,peBgOXli,yAqyhWkU,1.0
985,0,KnWWIWQx,peBgOXli,1.0
985,0,bRAzuzSs,KnWWIWQx,1.0
985,0,OwpcAtJV,bRAzuzSs,1.0
273,0,TrOiZJox,jFmPCmzM,1562.0
477,0,jFmPCmzM,AjJCgCBk,1722.0
253,0,DOGyniWl,GbYxEXTt,1352.0
1750,0,DOGyniWl,GbYxEXTt,272.0
1750,0,fubLBmAl,DOGyniWl,272.0
1750,0,nEXpIbiD,fubLBmAl,272.0
1750,0,eTJQHplR,nEXpIbiD,268.0
803,0,kWrGTFqC,cgIzawVB,3.0
1106,0,jFmPCmzM,AjJCgCBk,600.0
1106,0,TrOiZJox,jFmPCmzM,567.0
213,0,eYoPTdNP,ZpgoacOO,328.0
213,0,rlRRFZPO,eYoPTdNP,328.0
213,0,JXTJImqP,rlRRFZPO,328.0
213,0,rwHPNAJf,JXTJImqP,328.0
213,0,suszCmcx,rwHPNAJf,328.0
213,0,dfkLIYlO,suszCmcx,328.0
213,0,RiVtboFJ,dfkLIYlO,328.0
686,0,UFoaQvGg,RfEbENxd,114.0
686,0,uxsctOEt,UFoaQvGg,114.0
686,0,UfJDroVz,uxsctOEt,114.0
686,0,biJBLznK,UfJDroVz,114.0
686,0,TcsyXYNn,biJBLznK,114.0
686,0,qKeCDDXI,TcsyXYNn,114.0
686,0,jQaLNViL,gyQqEnFq,50.0
686,0,RfEbENxd,jQaLNViL,50.0
635,0,pSVDMeCH,gaLZwYvS,165.0
635,0,FTwVCxQy,pSVDMeCH,165.0
635,0,RFaTWaew,FTwVCxQy,165.0
635,0,mYoRZvtc,RFaTWaew,289.0
635,0,NKCxdwhs,mYoRZvtc,484.0
635,0,eeSdZFhf,NKCxdwhs,484.0
635,0,gFAsBeQM,eeSdZFhf,685.0
635,0,lctVuVOk,gFAsBeQM,981.0
635,0,EocVuyzS,lctVuVOk,981.0
1413,0,blwWmPPo,ygKQkAfU,40.0
1413,0,dYaEdzoO,blwWmPPo,40.0
1413,0,TIoMzhxD,dYaEdzoO,40.0
648,0,TIoMzhxD,LoxEXWve,431.0
590,0,fRxWIrbs,ryMrZCSE,4219.0
590,0,QrdELzCu,fRxWIrbs,4219.0
590,0,YvwQRHTE,QrdELzCu,4219.0
590,0,HJTsgSzj,YvwQRHTE,4217.0
1413,0,iRpWiLQH,TIoMzhxD,16.0
1413,0,LPBTmxgF,iRpWiLQH,16.0
670,0,pTpnumHG,TIoMzhxD,499.0
670,0,LPBTmxgF,pTpnumHG,499.0
615,0,pTpnumHG,TIoMzhxD,391.0
615,0,LPBTmxgF,pTpnumHG,391.0
311,0,plWWPiMc,mnkgCFDT,444.0
311,0,HcPkwFHM,plWWPiMc,495.0
311,0,KjuJaNsu,HcPkwFHM,757.0
311,0,oNyGHMvy,KjuJaNsu,757.0
311,0,QdnKSSsO,oNyGHMvy,793.0
311,0,vSdfqYeK,QdnKSSsO,943.0
311,0,wDpyEsxh,vSdfqYeK,943.0
311,0,jIerKxIb,wDpyEsxh,943.0
311,0,IubGYoNi,jIerKxIb,1117.0
311,0,fmQEzQWV,IubGYoNi,1252.0
311,0,BpAiVnps,fmQEzQWV,1570.0
311,0,LPBTmxgF,pTpnumHG,823.0
213,0,KplKuAnp,iYMJvRAf,6.0
213,0,pSVDMeCH,KplKuAnp,6.0
213,0,RFaTWaew,pSVDMeCH,11.0
213,0,TUeJMYAe,RiVtboFJ,370.0
213,0,nDzrviXX,TUeJMYAe,370.0
648,0,QdIKKqKN,TIoMzhxD,10.0
648,0,ZIZoBDen,QdIKKqKN,10.0
648,0,DYLgRRdw,ZIZoBDen,10.0
648,0,QvJRXCKm,DYLgRRdw,10.0
480,0,fRxWIrbs,ryMrZCSE,1841.0
480,0,QrdELzCu,fRxWIrbs,1841.0
480,0,YvwQRHTE,QrdELzCu,1841.0
480,0,HJTsgSzj,YvwQRHTE,1895.0
147,0,VuPuNOXM,WeXgsZLY,782.0
147,0,QgwCgjAi,VuPuNOXM,782.0
213,0,QgwCgjAi,nDzrviXX,325.0
204,0,VuPuNOXM,WeXgsZLY,954.0
204,0,QgwCgjAi,VuPuNOXM,954.0
1468,0,DOGyniWl,GbYxEXTt,115.0
1468,0,nEXpIbiD,DOGyniWl,115.0
1468,0,eTJQHplR,nEXpIbiD,115.0
798,0,DOGyniWl,GbYxEXTt,423.0
798,0,fubLBmAl,DOGyniWl,423.0
798,0,nEXpIbiD,fubLBmAl,423.0
798,0,eTJQHplR,nEXpIbiD,421.0
528,0,DOGyniWl,ItndWSiW,85.0
528,0,fubLBmAl,DOGyniWl,85.0
528,0,nEXpIbiD,fubLBmAl,85.0
528,0,eTJQHplR,nEXpIbiD,85.0
874,0,nzTRQfUi,MklhhYCQ,2.0
874,0,nhSXMXjw,nzTRQfUi,2.0
874,0,kjxfKqbD,nhSXMXjw,2.0
590,0,TcTonWJL,HJTsgSzj,4036.0
601,0,ImIhxSnH,RfzcmazU,1562.0
601,0,iEKuRfDT,ImIhxSnH,1562.0
601,0,PlyJazqR,iEKuRfDT,1556.0
601,0,ylfNfbjf,PlyJazqR,1556.0
601,0,psXocZQH,ylfNfbjf,1556.0
601,0,yprCGtVa,psXocZQH,1556.0
14,0,jFmPCmzM,AjJCgCBk,4214.0
14,0,fkZFUNSd,jFmPCmzM,3926.0
14,0,cttUtMNm,fkZFUNSd,4365.0
14,0,wHfmVQMh,cttUtMNm,4352.0
1106,0,fkZFUNSd,TrOiZJox,1376.0
1106,0,cttUtMNm,fkZFUNSd,1376.0
1106,0,wHfmVQMh,cttUtMNm,1376.0
673,0,jXeBpcDF,lZYsrfVZ,374.0
673,0,goaumTLR,jXeBpcDF,374.0
673,0,vNMxowJX,goaumTLR,374.0
673,0,voZaDctr,vNMxowJX,374.0
673,0,cttUtMNm,voZaDctr,374.0
673,0,wHfmVQMh,cttUtMNm,374.0
477,0,fkZFUNSd,jFmPCmzM,1124.0
477,0,cttUtMNm,fkZFUNSd,1124.0
477,0,wHfmVQMh,cttUtMNm,1123.0
14,0,mdGitRQe,wHfmVQMh,4358.0
477,0,mdGitRQe,wHfmVQMh,865.0
1374,0,GvhVJqUj,NZGnRwVn,1262.0
398,0,JvhqCmbT,FmTbQszJ,311.0
398,0,xkdRvtRu,JvhqCmbT,311.0
398,0,upZFxFqB,xkdRvtRu,311.0
398,0,SqxhBMol,upZFxFqB,311.0
398,0,yZEnTGkU,SqxhBMol,311.0
398,0,svamcGgQ,yZEnTGkU,311.0
398,0,OkTOljoV,svamcGgQ,311.0
398,0,ryMrZCSE,OkTOljoV,311.0
398,0,fRxWIrbs,ryMrZCSE,311.0
398,0,QrdELzCu,fRxWIrbs,311.0
398,0,YvwQRHTE,QrdELzCu,311.0
398,0,HJTsgSzj,YvwQRHTE,311.0
398,0,TcTonWJL,HJTsgSzj,311.0
398,0,WtptgYtz,TcTonWJL,311.0
480,0,TcTonWJL,HJTsgSzj,1252.0
480,0,WtptgYtz,TcTonWJL,1297.0
1106,0,mdGitRQe,wHfmVQMh,1248.0
673,0,mdGitRQe,wHfmVQMh,154.0
1023,0,CwhdRXLi,JzVUaFrl,550.0
1023,0,gjOgguRV,CwhdRXLi,550.0
213,0,zAwPDfkg,QgwCgjAi,4.0
213,0,eTJQHplR,zAwPDfkg,4.0
1567,0,lqMPnIra,nPkrzCty,2721.0
398,0,NJSgWoOc,WtptgYtz,163.0
398,0,HFKfgJoc,NJSgWoOc,163.0
398,0,KQSHMGnw,HFKfgJoc,163.0
684,0,NJSgWoOc,FHkpxOov,546.0
684,0,HFKfgJoc,NJSgWoOc,546.0
684,0,KQSHMGnw,HFKfgJoc,546.0
480,0,NJSgWoOc,WtptgYtz,1212.0
480,0,HFKfgJoc,NJSgWoOc,1212.0
480,0,KQSHMGnw,HFKfgJoc,1212.0
686,0,HFKfgJoc,NJSgWoOc,367.0
686,0,KQSHMGnw,HFKfgJoc,367.0
590,0,NJSgWoOc,TcTonWJL,4036.0
590,0,RIpTuvwk,NJSgWoOc,4037.0
1189,0,adsviABF,LPldZjRa,47.0
1189,0,TqlJzItM,adsviABF,34.0
1189,0,KQSHMGnw,TqlJzItM,34.0
186,0,DzkWADkh,gmiMCrrb,407.0
186,0,MjMnNBLG,DzkWADkh,407.0
186,0,XiRzIewe,MjMnNBLG,407.0
648,0,PnlUHDyC,QvJRXCKm,1.0
356,0,zfdolaES,nEXpIbiD,1198.0
356,0,jiufRClk,zfdolaES,1198.0
356,0,GVnbohJg,jiufRClk,1198.0
356,0,TIKKmaif,GVnbohJg,1214.0
356,0,nTVsVrjG,TIKKmaif,908.0
146,0,EdqXvVeI,nPkrzCty,2.0
146,0,oBjbzljy,EdqXvVeI,2.0
235,0,MgruBUee,RVGhYAxc,4039.0
273,0,BpAiVnps,RVGhYAxc,1706.0
186,0,udKeccMr,XiRzIewe,491.0
186,0,HEshVETB,udKeccMr,491.0
186,0,WKWTpoqQ,HEshVETB,491.0
186,0,oUmVLfUX,WKWTpoqQ,503.0
186,0,fJdABIlw,oUmVLfUX,503.0
186,0,mXwfazRz,fJdABIlw,440.0
186,0,rBcVngYR,mXwfazRz,443.0
186,0,NGAodVTg,rBcVngYR,176.0
186,0,TvGyfQSI,NGAodVTg,176.0
186,0,HFYkXdPG,TvGyfQSI,177.0
186,0,KjgVoxgR,HFYkXdPG,187.0
186,0,xTOrUJFO,KjgVoxgR,162.0
186,0,EmkugZPX,xTOrUJFO,162.0
186,0,lmZJehpq,EmkugZPX,163.0
186,0,YtrqvWdf,lmZJehpq,163.0
186,0,tDDddUJb,YtrqvWdf,113.0
186,0,RVGhYAxc,tDDddUJb,113.0
186,0,BpAiVnps,RVGhYAxc,100.0
673,0,RVGhYAxc,mdGitRQe,140.0
673,0,BpAiVnps,RVGhYAxc,140.0
178,0,RVGhYAxc,tDDddUJb,183.0
178,0,BpAiVnps,RVGhYAxc,165.0
620,0,ObeVuyMA,kJlOJSYi,1.0
620,0,WqRwmxfX,ObeVuyMA,1.0
620,0,fbgWGcSP,WqRwmxfX,1.0
620,0,VctBMYxC,fbgWGcSP,1.0
620,0,xYfYRJnz,VctBMYxC,1.0
620,0,bvZtLhoP,xYfYRJnz,1.0
620,0,NoGATiBT,bvZtLhoP,1.0
477,0,SOBUilCD,mdGitRQe,750.0
477,0,RVGhYAxc,SOBUilCD,750.0
477,0,BpAiVnps,RVGhYAxc,706.0
539,0,pdQlgkSh,xGsoSfhX,7.0
1272,0,cHhWsWUg,SMhobJmy,1607.0
1272,0,nPkrzCty,cHhWsWUg,1607.0
1272,0,jIerKxIb,nPkrzCty,1560.0
52,0,oiYuCTCe,ZijVddwt,1521.0
52,0,SwLVnWPq,oiYuCTCe,310.0
52,0,xQSKBJml,SwLVnWPq,310.0
52,0,eXTjiXiW,xQSKBJml,310.0
52,0,UUCrlfWg,eXTjiXiW,310.0
52,0,YULSfngF,UUCrlfWg,310.0
52,0,ozuppJDT,YULSfngF,310.0
52,0,xGsoSfhX,ozuppJDT,310.0
52,0,RVGhYAxc,xGsoSfhX,188.0
52,0,BpAiVnps,RVGhYAxc,188.0
1341,0,pkhwWQVf,vkwWhgCe,155.0
1341,0,JxFLnqJu,pkhwWQVf,155.0
1341,0,GDiQpvtB,JxFLnqJu,155.0
1341,0,fGmFhgnx,GDiQpvtB,155.0
1341,0,XyHfgUxW,fGmFhgnx,48.0
1341,0,zjjLSYAp,XyHfgUxW,48.0
1341,0,nIakFMcq,zjjLSYAp,48.0
1341,0,LYjhOoFf,nIakFMcq,33.0
1341,0,QdWOxWia,LYjhOoFf,22.0
1341,0,gViLrCgA,QdWOxWia,22.0
1341,0,cCSIoIah,gViLrCgA,22.0
1341,0,DLdtTvFi,cCSIoIah,22.0
1341,0,vRWSdFEN,DLdtTvFi,22.0
1341,0,tDDddUJb,vRWSdFEN,22.0
1341,0,RVGhYAxc,tDDddUJb,22.0
1341,0,BpAiVnps,RVGhYAxc,17.0
773,0,ESCCbptK,NRqyalPm,3.0
773,0,NCSBLEus,AJLJQqsT,3.0
773,0,xfbmoJHP,NCSBLEus,3.0
773,0,WdOwNGhj,xfbmoJHP,3.0
773,0,kKKRBhFF,WdOwNGhj,3.0
773,0,NFInfBeu,kKKRBhFF,3.0
773,0,VCQdmIoF,NFInfBeu,3.0
773,0,ePrpofUw,VCQdmIoF,3.0
773,0,KcvPUxQg,ePrpofUw,3.0
773,0,BlnSxBAr,KcvPUxQg,3.0
773,0,TCBUGaZf,BlnSxBAr,3.0
773,0,pzcCDVmZ,TCBUGaZf,3.0
773,0,fJdABIlw,pzcCDVmZ,3.0
773,0,uDcoTtDr,fJdABIlw,3.0
773,0,NGAodVTg,uDcoTtDr,3.0
773,0,TvGyfQSI,NGAodVTg,3.0
773,0,HFYkXdPG,TvGyfQSI,3.0
773,0,KjgVoxgR,HFYkXdPG,3.0
773,0,EmkugZPX,KjgVoxgR,3.0
773,0,lmZJehpq,EmkugZPX,3.0
773,0,RVGhYAxc,lmZJehpq,3.0
773,0,BpAiVnps,RVGhYAxc,3.0
1549,0,tkDBwPiV,uGNDunGF,15.0
1549,0,mqlWPdpA,tkDBwPiV,11.0
1549,0,lOdrwgOe,mqlWPdpA,11.0
1549,0,BRjWpQtg,lOdrwgOe,2.0
1549,0,CrcsXCbZ,BRjWpQtg,2.0
1549,0,fcKeEgEf,CrcsXCbZ,2.0
1549,0,MgruBUee,fcKeEgEf,2.0
590,0,ubzklVlS,RIpTuvwk,4040.0
1305,0,HkSXkIZj,womqVgRl,2169.0
1305,0,NlwRCqPo,HkSXkIZj,2249.0
1305,0,ubzklVlS,NlwRCqPo,2249.0
1262,0,CrcsXCbZ,BRjWpQtg,155.0
1262,0,noVetmot,ZdIQslRD,2705.0
1262,0,MGitFLID,noVetmot,2705.0
1262,0,kYpOneyC,MGitFLID,2705.0
1262,0,fQmxveIO,kYpOneyC,2694.0
1262,0,DRTLnTnI,fQmxveIO,2694.0
1262,0,eKMWhxRF,DRTLnTnI,2693.0
1262,0,PKfyrIVb,eKMWhxRF,2338.0
1262,0,uGNDunGF,PKfyrIVb,2338.0
601,0,pPqywgRl,yprCGtVa,1414.0
601,0,HGjkimBc,pPqywgRl,1363.0
601,0,lqMPnIra,HGjkimBc,1363.0
1141,0,lqMPnIra,jIerKxIb,2422.0
1272,0,jFRqfnFl,VkcYQwTj,1292.0
1272,0,ysSWNERo,jFRqfnFl,1293.0
1272,0,lQIpGOTn,ysSWNERo,1302.0
1272,0,uhUmvvRs,lQIpGOTn,1302.0
1272,0,svgtEcQx,uhUmvvRs,1302.0
1272,0,HcPkwFHM,svgtEcQx,1302.0
1272,0,KjuJaNsu,HcPkwFHM,1302.0
1272,0,oNyGHMvy,KjuJaNsu,1302.0
1272,0,QdnKSSsO,oNyGHMvy,1302.0
1272,0,vSdfqYeK,QdnKSSsO,1302.0
1272,0,AmahvgQB,vSdfqYeK,1302.0
1272,0,lOtREfVG,AmahvgQB,1302.0
1272,0,SMhobJmy,lOtREfVG,1302.0
1272,0,lqMPnIra,jIerKxIb,1361.0
1272,0,BZCtSmhk,ywuGpANM,1273.0
1272,0,VkcYQwTj,BZCtSmhk,1273.0
1272,0,FZsFzszJ,gzTQJVMW,218.0
1272,0,ALhaazBT,FZsFzszJ,225.0
1272,0,AUmOMGnp,ALhaazBT,239.0
1272,0,ejMjPdTH,AUmOMGnp,245.0
1272,0,NJxrRaUf,ejMjPdTH,419.0
1272,0,hpACGGyB,NJxrRaUf,419.0
1272,0,ywuGpANM,hpACGGyB,420.0
1272,0,gzTQJVMW,RVEyrwjR,206.0
1272,0,RVEyrwjR,XLVjRryq,160.0
1272,0,XLVjRryq,NxbXiMUL,46.0
1272,0,vDFCntfg,YvwuVYMF,43.0
1272,0,NxbXiMUL,vDFCntfg,43.0
320,0,sCyvkPkr,XwcxmOai,449.0
320,0,YLjwrcCY,sCyvkPkr,449.0
320,0,RfzcmazU,YLjwrcCY,449.0
320,0,ImIhxSnH,RfzcmazU,449.0
320,0,iEKuRfDT,ImIhxSnH,449.0
320,0,PlyJazqR,iEKuRfDT,449.0
320,0,kkrKJmiC,PlyJazqR,449.0
320,0,psXocZQH,kkrKJmiC,449.0
320,0,yprCGtVa,psXocZQH,449.0
320,0,pPqywgRl,yprCGtVa,530.0
320,0,SJHseTdc,pPqywgRl,530.0
320,0,lqMPnIra,SJHseTdc,530.0
291,0,SOBUilCD,mdGitRQe,1154.0
291,0,RVGhYAxc,SOBUilCD,1154.0
291,0,NfHwMQdR,dLUoTBAU,600.0
291,0,nPkrzCty,NfHwMQdR,600.0
291,0,lqMPnIra,nPkrzCty,600.0
1619,0,oIlHYibo,EnhcBMcG,1316.0
1619,0,rcxPdVgD,oIlHYibo,1316.0
1619,0,NztIaxQU,rcxPdVgD,1231.0
1619,0,YctaenCe,jcExlqwL,255.0
1619,0,tzYrVhKO,YctaenCe,255.0
1619,0,UgpyjFML,tzYrVhKO,255.0
1619,0,nPkrzCty,UgpyjFML,245.0
1619,0,CuLSONdy,nPkrzCty,242.0
464,0,HpfZbCVA,fyqDJAhS,929.0
464,0,EYgpmtHR,HpfZbCVA,806.0
464,0,glDvUhXc,EYgpmtHR,711.0
464,0,FhKkSAFH,glDvUhXc,711.0
464,0,hSRFRBsa,FhKkSAFH,711.0
601,0,eKMWhxRF,lqMPnIra,606.0
601,0,pRsoSsPh,eKMWhxRF,606.0
601,0,pUxrqkbR,pRsoSsPh,606.0
601,0,GmRorurF,pUxrqkbR,606.0
601,0,rWJbJwsc,GmRorurF,606.0
601,0,uuIZngLh,rWJbJwsc,538.0
601,0,gHWJyJxY,uuIZngLh,538.0
601,0,oXQrzcje,gHWJyJxY,421.0
601,0,fyqDJAhS,oXQrzcje,421.0
601,0,HpfZbCVA,fyqDJAhS,292.0
601,0,glDvUhXc,HpfZbCVA,292.0
601,0,FhKkSAFH,glDvUhXc,292.0
601,0,taPJzyhF,FhKkSAFH,292.0
1568,0,pUxrqkbR,pRsoSsPh,7148.0
1568,0,GmRorurF,pUxrqkbR,7188.0
1568,0,rWJbJwsc,GmRorurF,11708.0
1568,0,uuIZngLh,rWJbJwsc,12941.0
1568,0,gHWJyJxY,uuIZngLh,12946.0
1568,0,oXQrzcje,gHWJyJxY,12946.0
1568,0,fyqDJAhS,oXQrzcje,13559.0
1568,0,CSzsuVOH,fyqDJAhS,14616.0
1178,0,xqQnPHkt,cNWTidvb,5325.0
1178,0,IfTbUocE,xqQnPHkt,4991.0
1178,0,OgnAStiZ,IfTbUocE,5975.0
1178,0,NmJVuAxS,OgnAStiZ,5975.0
1178,0,VFLsoIHD,NmJVuAxS,6194.0
129,0,zijvldJJ,RVGhYAxc,164.0
129,0,drFxsmcp,zijvldJJ,164.0
129,0,PywYzQHY,drFxsmcp,164.0
1263,0,RufmISTr,PywYzQHY,1767.0
463,0,oXQrzcje,gHWJyJxY,3839.0
463,0,fyqDJAhS,oXQrzcje,3766.0
463,0,HpfZbCVA,fyqDJAhS,3714.0
463,0,glDvUhXc,HpfZbCVA,3892.0
463,0,FhKkSAFH,glDvUhXc,3892.0
463,0,taPJzyhF,FhKkSAFH,3892.0
1395,0,dCWftKsk,xOHMcnRu,2199.0
1395,0,CSzsuVOH,dCWftKsk,2199.0
1395,0,aUZoPZMc,CSzsuVOH,2199.0
1395,0,xOhGqygU,aUZoPZMc,2198.0
1395,0,qOuhMtTj,xOhGqygU,1286.0
1395,0,KCvWJpxq,qOuhMtTj,1286.0
725,0,eusqYKWT,HezLsNFQ,1059.0
725,0,dCWftKsk,eusqYKWT,1057.0
725,0,HpfZbCVA,dCWftKsk,1020.0
725,0,glDvUhXc,HpfZbCVA,1020.0
725,0,FhKkSAFH,glDvUhXc,1020.0
725,0,taPJzyhF,FhKkSAFH,1020.0
719,0,dCWftKsk,xOHMcnRu,334.0
719,0,HpfZbCVA,dCWftKsk,323.0
719,0,EYgpmtHR,HpfZbCVA,214.0
719,0,glDvUhXc,EYgpmtHR,210.0
719,0,FhKkSAFH,glDvUhXc,210.0
719,0,hSRFRBsa,FhKkSAFH,210.0
1221,0,bjEpkupt,gxlaiARP,9405.0
1221,0,FYgdoWMK,bjEpkupt,9486.0
1221,0,zAqZkkQx,FYgdoWMK,9532.0
1221,0,vFpuvjcu,zAqZkkQx,9532.0
1221,0,dlIiZmBi,vFpuvjcu,9532.0
291,0,jFmPCmzM,AjJCgCBk,176.0
291,0,fkZFUNSd,jFmPCmzM,198.0
291,0,cttUtMNm,fkZFUNSd,533.0
291,0,wHfmVQMh,cttUtMNm,533.0
291,0,mdGitRQe,wHfmVQMh,539.0
250,0,HpfZbCVA,dCWftKsk,4841.0
250,0,glDvUhXc,HpfZbCVA,4841.0
250,0,FhKkSAFH,glDvUhXc,4826.0
250,0,taPJzyhF,FhKkSAFH,4826.0
1568,0,eKMWhxRF,lqMPnIra,1641.0
1568,0,pRsoSsPh,eKMWhxRF,2310.0
1263,0,PywYzQHY,zijvldJJ,150.0
1623,0,iSMSiXHg,GYenbKMg,1495.0
14,0,nCsqpnJo,owFNQNZv,5070.0
14,0,gnmwaIOJ,nCsqpnJo,5070.0
14,0,pygvGZaF,gnmwaIOJ,5070.0
14,0,bsQVAuyn,pygvGZaF,5070.0
14,0,VTHwomVj,bsQVAuyn,4289.0
14,0,VbpBVdde,VTHwomVj,4928.0
14,0,ocwJSpah,VbpBVdde,4555.0
14,0,CheNYOmP,ocwJSpah,6330.0
14,0,xYUjBvzT,CheNYOmP,7370.0
14,0,JXJZtHSD,xYUjBvzT,7393.0
14,0,owqgejgM,JXJZtHSD,3046.0
1643,0,OQuuHQtW,yQTlxjhE,316.0
1643,0,BZfkJyvP,OQuuHQtW,316.0
1643,0,pdLPgMHo,BZfkJyvP,316.0
1643,0,nCsqpnJo,pdLPgMHo,316.0
1643,0,gnmwaIOJ,nCsqpnJo,316.0
1643,0,pygvGZaF,gnmwaIOJ,315.0
1643,0,bsQVAuyn,pygvGZaF,315.0
1643,0,VTHwomVj,bsQVAuyn,315.0
1665,0,aTlqsXfd,iezkylgj,3893.0
1665,0,bSoWRArq,aTlqsXfd,3893.0
1665,0,RZSdunHk,bSoWRArq,3893.0
1665,0,wggFpXDl,RZSdunHk,3854.0
1665,0,PFPLEnYs,wggFpXDl,3854.0
1665,0,mkJuKiBe,PFPLEnYs,2196.0
1665,0,NioHjTzW,VcqDmTtv,3761.0
1665,0,iezkylgj,NioHjTzW,3761.0
1665,0,paIawFeA,nIakFMcq,1798.0
1665,0,VcqDmTtv,paIawFeA,1876.0
1190,0,bpTBwobH,InEujKOO,1628.0
1190,0,mSsugdoq,bpTBwobH,1630.0
1190,0,GOFcQtxc,mSsugdoq,1631.0
1190,0,CtbKcCWS,GOFcQtxc,1450.0
1190,0,tLfbIJdr,CtbKcCWS,1450.0
1190,0,NosTVaAF,tLfbIJdr,1874.0
1190,0,CZBrBkrq,NosTVaAF,1874.0
1190,0,DZOaDIuU,CZBrBkrq,1793.0
1190,0,djdidyfJ,DZOaDIuU,1622.0
1190,0,jnDfAorM,djdidyfJ,1603.0
1593,0,uVXvGyfL,ciAbSxQX,2.0
1593,0,CwLKTicL,uVXvGyfL,2.0
1325,0,fgAPkwgD,TPescrDz,3.0
1175,0,ttCfyKrF,uDcqHVPS,1028.0
1175,0,QdPMJYQQ,ttCfyKrF,1028.0
1175,0,TcXrIYig,QdPMJYQQ,1028.0
1175,0,pYAYKpHc,TcXrIYig,1028.0
320,0,QPoJLiJK,lqMPnIra,194.0
320,0,udvGqqIc,QPoJLiJK,194.0
320,0,FFlVogkV,udvGqqIc,194.0
860,0,tpbgDvvo,jkZnMKOY,1.0
860,0,qqDoWQdv,tpbgDvvo,1.0
860,0,eymgjBxV,qqDoWQdv,1.0
860,0,EonJeQKz,eymgjBxV,1.0
860,0,vkWqgNph,EonJeQKz,1.0
860,0,nJRQzVZQ,vkWqgNph,1.0
860,0,xunvufHj,nJRQzVZQ,1.0
860,0,rxrORjnb,xunvufHj,1.0
860,0,UVDfwOgc,rxrORjnb,1.0
860,0,TJDsQDoO,UVDfwOgc,1.0
860,0,yTictHOU,TJDsQDoO,1.0
860,0,sTaleXyI,yTictHOU,1.0
860,0,illGQStO,sTaleXyI,1.0
860,0,AUrIxxcC,illGQStO,1.0
860,0,zqZasXpA,AUrIxxcC,1.0
860,0,EYGEAZtD,zqZasXpA,1.0
860,0,AJLJQqsT,EYGEAZtD,1.0
860,0,NCSBLEus,AJLJQqsT,1.0
860,0,xfbmoJHP,NCSBLEus,1.0
860,0,WdOwNGhj,xfbmoJHP,1.0
860,0,kKKRBhFF,WdOwNGhj,1.0
860,0,NFInfBeu,kKKRBhFF,1.0
860,0,VCQdmIoF,NFInfBeu,1.0
860,0,ePrpofUw,VCQdmIoF,1.0
860,0,KcvPUxQg,ePrpofUw,1.0
860,0,BlnSxBAr,KcvPUxQg,1.0
860,0,TCBUGaZf,BlnSxBAr,1.0
204,0,zCyzbjXU,lOtREfVG,325.0
204,0,SDiGilLw,zCyzbjXU,325.0
147,0,lOtREfVG,AmahvgQB,90.0
147,0,zCyzbjXU,lOtREfVG,48.0
147,0,SDiGilLw,zCyzbjXU,48.0
1141,0,vSdfqYeK,QdnKSSsO,388.0
1141,0,AmahvgQB,vSdfqYeK,388.0
318,0,zCyzbjXU,lOtREfVG,478.0
318,0,SDiGilLw,zCyzbjXU,478.0
1106,0,xiCfcAgb,mdGitRQe,1428.0
291,0,QHFmFyLR,EkWBPXmr,81.0
291,0,neNWquOh,QHFmFyLR,81.0
291,0,KwaxxmSs,neNWquOh,81.0
291,0,GnsXgGJX,KwaxxmSs,81.0
291,0,VjdckTjW,GnsXgGJX,84.0
291,0,aUPouXsN,VjdckTjW,84.0
291,0,SlfNpref,aUPouXsN,84.0
291,0,nrKKniYe,SlfNpref,84.0
291,0,AjJCgCBk,nrKKniYe,134.0
1104,0,DzkWADkh,tBgOcvQf,1.0
1104,0,MjMnNBLG,DzkWADkh,1.0
1104,0,XiRzIewe,MjMnNBLG,1.0
1104,0,HEshVETB,XiRzIewe,1.0
1104,0,WKWTpoqQ,HEshVETB,1.0
1104,0,fJdABIlw,WKWTpoqQ,1.0
1104,0,uDcoTtDr,fJdABIlw,1.0
1104,0,NGAodVTg,uDcoTtDr,1.0
1104,0,TvGyfQSI,NGAodVTg,1.0
1104,0,HFYkXdPG,TvGyfQSI,1.0
1104,0,KjgVoxgR,HFYkXdPG,1.0
1104,0,EmkugZPX,KjgVoxgR,1.0
1104,0,lmZJehpq,EmkugZPX,1.0
1104,0,RVGhYAxc,lmZJehpq,1.0
1549,0,pPqywgRl,yprCGtVa,9.0
1549,0,HGjkimBc,pPqywgRl,9.0
1549,0,lqMPnIra,HGjkimBc,13.0
1549,0,eKMWhxRF,lqMPnIra,13.0
1549,0,PKfyrIVb,eKMWhxRF,13.0
1549,0,uGNDunGF,PKfyrIVb,13.0
1317,0,xiCfcAgb,AszcEtOu,3670.0
52,0,FZsFzszJ,gzTQJVMW,938.0
52,0,ALhaazBT,FZsFzszJ,993.0
52,0,ZijVddwt,ALhaazBT,993.0
52,0,gzTQJVMW,RVEyrwjR,878.0
51,0,ZijVddwt,ALhaazBT,533.0
51,0,oiYuCTCe,ZijVddwt,533.0
51,0,SwLVnWPq,oiYuCTCe,25.0
51,0,xQSKBJml,SwLVnWPq,25.0
51,0,eXTjiXiW,xQSKBJml,25.0
51,0,UUCrlfWg,eXTjiXiW,25.0
51,0,YULSfngF,UUCrlfWg,25.0
51,0,ozuppJDT,YULSfngF,25.0
51,0,xGsoSfhX,ozuppJDT,25.0
1141,0,lOtREfVG,AmahvgQB,359.0
1141,0,SMhobJmy,lOtREfVG,359.0
215,0,JVRJClPS,cmBFyxQG,15.0
356,0,PKHBWIBu,nTVsVrjG,902.0
356,0,ICtDTIBO,PKHBWIBu,902.0
590,0,LVcdwgEp,ubzklVlS,4069.0
590,0,yLFlKjKg,LVcdwgEp,4108.0
705,0,qdrjbHYS,ozAxYCwR,141.0
705,0,awOEKaEj,qdrjbHYS,334.0
705,0,fFHpEWYG,awOEKaEj,341.0
705,0,jOxyxYyy,fFHpEWYG,715.0
705,0,gGlRqksC,jOxyxYyy,715.0
705,0,GRRjUQxz,gGlRqksC,715.0
705,0,MlQcmexA,GRRjUQxz,715.0
705,0,RHWjHSWx,MlQcmexA,748.0
705,0,VpmqCJUB,RHWjHSWx,823.0
705,0,EvIZgaUF,VpmqCJUB,823.0
705,0,mGgwEHaG,EvIZgaUF,836.0
705,0,DWuGRWkF,mGgwEHaG,847.0
705,0,ryMrZCSE,DWuGRWkF,847.0
705,0,fRxWIrbs,ryMrZCSE,1166.0
705,0,sKbmdUEJ,fRxWIrbs,1167.0
705,0,zWeVnnxO,sKbmdUEJ,1167.0
705,0,kXofjcRp,zWeVnnxO,1167.0
705,0,mCHzTQKa,kXofjcRp,1404.0
705,0,NJSgWoOc,mCHzTQKa,1404.0
705,0,RIpTuvwk,NJSgWoOc,1407.0
705,0,ubzklVlS,RIpTuvwk,1477.0
705,0,LVcdwgEp,ubzklVlS,1756.0
705,0,yLFlKjKg,LVcdwgEp,1756.0
1305,0,yLFlKjKg,ubzklVlS,2162.0
1258,0,AszcEtOu,BpAiVnps,3426.0
1258,0,TCqyxHhF,AszcEtOu,3596.0
1258,0,TcEVvOUM,TCqyxHhF,3659.0
1258,0,qGnNRXVR,TcEVvOUM,3678.0
1258,0,yLFlKjKg,qGnNRXVR,3805.0
1305,0,aUPouXsN,VjdckTjW,1194.0
14,0,SOBUilCD,mdGitRQe,5036.0
14,0,xiCfcAgb,SOBUilCD,5036.0
14,0,RjtzWJgw,xiCfcAgb,5054.0
1106,0,RjtzWJgw,xiCfcAgb,1368.0
1374,0,cJinKFJn,XCZfXGna,631.0
1618,0,VWoPhHkb,rWJbJwsc,1061.0
1618,0,AVJtqaBS,VWoPhHkb,1061.0
1618,0,xeuxxNBT,AVJtqaBS,1061.0
1618,0,bOMXeuCa,xeuxxNBT,1061.0
1618,0,eKMWhxRF,lqMPnIra,242.0
1618,0,pRsoSsPh,eKMWhxRF,242.0
1618,0,pUxrqkbR,pRsoSsPh,242.0
1618,0,GmRorurF,pUxrqkbR,242.0
1618,0,rWJbJwsc,GmRorurF,242.0
14,0,owFNQNZv,RjtzWJgw,5069.0
590,0,RYTcAdhr,yLFlKjKg,1467.0
1644,0,SwLVnWPq,oiYuCTCe,558.0
1644,0,xQSKBJml,SwLVnWPq,559.0
1644,0,eXTjiXiW,xQSKBJml,559.0
1644,0,UUCrlfWg,eXTjiXiW,559.0
1644,0,lTvueOix,UUCrlfWg,559.0
1644,0,KrfyXGJm,lTvueOix,559.0
1644,0,HsdaZYKr,KrfyXGJm,559.0
1644,0,yDdeWpqj,HsdaZYKr,559.0
1644,0,cCSIoIah,yDdeWpqj,400.0
1644,0,ynnETaim,cCSIoIah,370.0
1644,0,EZJUvtOp,ynnETaim,370.0
1644,0,QIvHsQls,EZJUvtOp,370.0
1644,0,KoIfkWfm,QIvHsQls,370.0
1644,0,AoxuCYmM,KoIfkWfm,370.0
1618,0,kltlGPhk,bOMXeuCa,1055.0
148,0,ggaXnTUz,mBSaKJib,81.0
148,0,zJsEFgSs,ggaXnTUz,81.0
148,0,exgtgIgV,zJsEFgSs,81.0
148,0,CvtLjMFW,exgtgIgV,81.0
148,0,vSdfqYeK,CvtLjMFW,81.0
148,0,AmahvgQB,vSdfqYeK,81.0
148,0,lOtREfVG,AmahvgQB,81.0
148,0,zCyzbjXU,lOtREfVG,81.0
148,0,SDiGilLw,zCyzbjXU,81.0
148,0,qQrteapK,SDiGilLw,81.0
148,0,blTjmaLj,qQrteapK,81.0
148,0,FXLsUIQr,blTjmaLj,81.0
148,0,fQmxveIO,FXLsUIQr,81.0
148,0,DRTLnTnI,fQmxveIO,81.0
148,0,pRsoSsPh,DRTLnTnI,81.0
148,0,pUxrqkbR,pRsoSsPh,81.0
148,0,GmRorurF,pUxrqkbR,44.0
148,0,rWJbJwsc,GmRorurF,44.0
148,0,uuIZngLh,rWJbJwsc,31.0
148,0,gHWJyJxY,uuIZngLh,31.0
590,0,VmCBWvEb,RYTcAdhr,1662.0
590,0,XDkzDtUZ,VmCBWvEb,1662.0
590,0,BYVXItej,XDkzDtUZ,1662.0
1644,0,xyEkzzzh,AoxuCYmM,265.0
1644,0,EzivGHuE,xyEkzzzh,265.0
1644,0,MKwfjOZk,EzivGHuE,265.0
1644,0,jUhOGaww,MKwfjOZk,265.0
1644,0,CZhqrbpp,jUhOGaww,265.0
1644,0,PaniFwRg,CZhqrbpp,265.0
1644,0,BYVXItej,PaniFwRg,265.0
1697,0,mWmEvZTH,ijSxrWBJ,31.0
1697,0,kMLkbKUX,mWmEvZTH,31.0
1697,0,REXhdYUf,kMLkbKUX,31.0
1697,0,ynGLeAnq,REXhdYUf,31.0
1697,0,xAsZAVUQ,ynGLeAnq,31.0
1697,0,dJOjnHRJ,xAsZAVUQ,31.0
1697,0,rQPeTBQp,dJOjnHRJ,31.0
1697,0,gheqVjAb,rQPeTBQp,31.0
1697,0,JrRIRrmn,gheqVjAb,31.0
1374,0,lOxXZcFl,cJinKFJn,625.0
1374,0,dxlyVRvH,lOxXZcFl,625.0
1141,0,ZdIQslRD,SMhobJmy,79.0
1141,0,noVetmot,ZdIQslRD,79.0
1141,0,MGitFLID,noVetmot,79.0
1141,0,kYpOneyC,MGitFLID,79.0
1646,0,rFdYeguL,KQSHMGnw,246.0
1646,0,zSOBHhoP,rFdYeguL,246.0
1646,0,qBoqSZqr,zSOBHhoP,246.0
1646,0,yeapPLlD,qBoqSZqr,246.0
1646,0,TvGyfQSI,yeapPLlD,289.0
1646,0,ShCqTXMl,TvGyfQSI,499.0
1646,0,xRJArdDK,ShCqTXMl,517.0
1646,0,zRaNzOkn,xRJArdDK,517.0
1645,0,dAjqsFfg,tJbXQuOE,1.0
1645,0,QewuHWYk,dAjqsFfg,1.0
1178,0,rbVbMNcM,KcvPUxQg,3861.0
215,0,ZZUoaXbF,JVRJClPS,10.0
1593,0,sFyIuMsY,skXWrZzT,36.0
1593,0,JGXXNLkS,sFyIuMsY,36.0
1593,0,PFRWWlNS,JGXXNLkS,36.0
1379,0,pKTlpooZ,voXQjjKh,1661.0
1379,0,VcqDmTtv,pKTlpooZ,1661.0
1379,0,NioHjTzW,VcqDmTtv,822.0
1379,0,XGJiqzLW,NioHjTzW,822.0
226,0,pKTlpooZ,voXQjjKh,475.0
1183,0,VcqDmTtv,nIakFMcq,4.0
1183,0,NioHjTzW,VcqDmTtv,4.0
1183,0,XGJiqzLW,NioHjTzW,4.0
1666,0,VbpBVdde,VTHwomVj,736.0
1666,0,swKAFNcH,VbpBVdde,1337.0
226,0,OVaoEscJ,pKTlpooZ,440.0
705,0,isWzWnoW,yLFlKjKg,1617.0
705,0,fcSUqaEW,isWzWnoW,1617.0
705,0,YJykDsrc,fcSUqaEW,1617.0
1700,0,eooROOMz,ukWnzNPU,63.0
1700,0,uxYyJnud,eooROOMz,63.0
1700,0,MyzsDSvl,uxYyJnud,63.0
1700,0,rxlNLBXr,MyzsDSvl,51.0
1700,0,losuIFuX,rxlNLBXr,49.0
1700,0,uskMapbi,losuIFuX,49.0
1700,0,yXOuyCwN,uskMapbi,49.0
1700,0,mSGryPaH,yXOuyCwN,49.0
1700,0,OVaoEscJ,mSGryPaH,49.0
1305,0,QHFmFyLR,EkWBPXmr,420.0
1305,0,neNWquOh,QHFmFyLR,420.0
1305,0,KwaxxmSs,neNWquOh,424.0
1305,0,PSjGjQXK,KwaxxmSs,437.0
1305,0,GnsXgGJX,PSjGjQXK,971.0
1305,0,VjdckTjW,GnsXgGJX,973.0
1305,0,isWzWnoW,yLFlKjKg,1945.0
1305,0,YJykDsrc,isWzWnoW,1945.0
226,0,BMprcpdo,OVaoEscJ,341.0
1646,0,IMTItMKU,zRaNzOkn,349.0
1700,0,xQqwXgNZ,OVaoEscJ,25.0
1700,0,BMprcpdo,xQqwXgNZ,25.0
1341,0,vkwWhgCe,VXiNciom,137.0
245,0,wRBXcbqq,WhRBEXGR,4.0
245,0,XXYtSQEl,wRBXcbqq,4.0
245,0,MklhhYCQ,XXYtSQEl,4.0
245,0,MnTeelLR,MklhhYCQ,4.0
245,0,XnPpfSyF,MnTeelLR,4.0
245,0,otuYkIZd,XnPpfSyF,4.0
245,0,rSdxnGDj,otuYkIZd,4.0
1106,0,owFNQNZv,RjtzWJgw,1367.0
1106,0,nCsqpnJo,owFNQNZv,1367.0
1106,0,gnmwaIOJ,nCsqpnJo,1367.0
1106,0,pygvGZaF,gnmwaIOJ,1367.0
1106,0,bsQVAuyn,pygvGZaF,1367.0
1661,0,xiCfcAgb,AszcEtOu,204.0
1661,0,owFNQNZv,xiCfcAgb,239.0
1661,0,lTvueOix,owFNQNZv,239.0
1661,0,KrfyXGJm,lTvueOix,239.0
1661,0,HsdaZYKr,KrfyXGJm,239.0
1661,0,yDdeWpqj,HsdaZYKr,239.0
1661,0,TgYrKMTh,yDdeWpqj,239.0
1661,0,HMMQvpHF,TgYrKMTh,239.0
1661,0,iPwZOomy,HMMQvpHF,239.0
1661,0,ZevQgZaz,iPwZOomy,239.0
1661,0,xSynUqPV,ZevQgZaz,425.0
1661,0,AszcEtOu,BpAiVnps,93.0
1317,0,owFNQNZv,xiCfcAgb,3988.0
1317,0,nCsqpnJo,owFNQNZv,3988.0
1317,0,gnmwaIOJ,nCsqpnJo,3988.0
1317,0,pygvGZaF,gnmwaIOJ,3988.0
1317,0,VTHwomVj,pygvGZaF,3988.0
1704,0,RYTcAdhr,yLFlKjKg,46.0
1704,0,VmCBWvEb,RYTcAdhr,46.0
1704,0,pfLNjHVV,VmCBWvEb,46.0
1704,0,qzPLXpkx,pfLNjHVV,46.0
1704,0,zhMspDRK,qzPLXpkx,46.0
1704,0,yjLBxira,zhMspDRK,46.0
1704,0,BYVXItej,yjLBxira,46.0
1704,0,vfbdLzPe,BYVXItej,46.0
1704,0,LpqOzfFt,vfbdLzPe,46.0
1704,0,pxIybRUN,LpqOzfFt,46.0
1704,0,jcIgNgIp,pxIybRUN,46.0
1703,0,uSOMnpdQ,hUPYukZe,198.0
1703,0,KdjrLWjn,QpprBOSr,147.0
1703,0,AkOiWGvq,KdjrLWjn,154.0
1703,0,iykVulcc,AkOiWGvq,154.0
1703,0,VyxPahNP,iykVulcc,154.0
1703,0,LnANnMXh,VyxPahNP,154.0
1703,0,hUPYukZe,LnANnMXh,154.0
1677,0,eTnittuK,yQQuLFAg,28.0
1677,0,KdjrLWjn,eTnittuK,28.0
1677,0,AkOiWGvq,KdjrLWjn,28.0
1677,0,iykVulcc,AkOiWGvq,21.0
1677,0,YwUcqICt,iykVulcc,21.0
1677,0,kSdFeEek,YwUcqICt,21.0
1677,0,FwmrbmrQ,kSdFeEek,1.0
1677,0,uSOMnpdQ,FwmrbmrQ,1.0
51,0,XLVjRryq,NxbXiMUL,141.0
51,0,RVEyrwjR,XLVjRryq,141.0
51,0,gzTQJVMW,RVEyrwjR,141.0
51,0,FZsFzszJ,gzTQJVMW,141.0
51,0,ALhaazBT,FZsFzszJ,141.0
51,0,vDFCntfg,YvwuVYMF,27.0
51,0,NxbXiMUL,vDFCntfg,27.0
97,0,ysSWNERo,jFRqfnFl,112.0
97,0,lEwLedpG,ysSWNERo,112.0
97,0,lQIpGOTn,lEwLedpG,139.0
97,0,uhUmvvRs,lQIpGOTn,139.0
97,0,svgtEcQx,uhUmvvRs,140.0
97,0,HcPkwFHM,svgtEcQx,140.0
97,0,KjuJaNsu,HcPkwFHM,140.0
97,0,oNyGHMvy,KjuJaNsu,140.0
97,0,QdnKSSsO,oNyGHMvy,140.0
97,0,vSdfqYeK,QdnKSSsO,140.0
97,0,wDpyEsxh,vSdfqYeK,140.0
97,0,jIerKxIb,wDpyEsxh,140.0
97,0,IubGYoNi,jIerKxIb,140.0
97,0,fmQEzQWV,IubGYoNi,140.0
97,0,BpAiVnps,fmQEzQWV,140.0
97,0,AszcEtOu,BpAiVnps,140.0
97,0,xiCfcAgb,AszcEtOu,140.0
97,0,RjtzWJgw,xiCfcAgb,38.0
97,0,owFNQNZv,RjtzWJgw,38.0
97,0,nCsqpnJo,owFNQNZv,38.0
97,0,gnmwaIOJ,nCsqpnJo,38.0
97,0,pygvGZaF,gnmwaIOJ,38.0
97,0,bsQVAuyn,pygvGZaF,38.0
1664,0,WEgiiGlQ,AFMSRepx,849.0
1664,0,sLYsFXAH,WEgiiGlQ,849.0
1664,0,WjKdBsVK,sLYsFXAH,849.0
1664,0,STKMtPtJ,WjKdBsVK,849.0
1664,0,MyVorJBj,STKMtPtJ,849.0
1664,0,AayEawbi,MyVorJBj,849.0
1664,0,ymtXIyVJ,AayEawbi,961.0
1664,0,VNhDHTgU,ymtXIyVJ,1162.0
1664,0,mvZTxord,VNhDHTgU,1162.0
1664,0,WyfCQhSW,ogOCBKAf,424.0
1664,0,RBBxesxu,WyfCQhSW,428.0
1664,0,dJJmWSZi,RBBxesxu,428.0
1664,0,JNybvbry,dJJmWSZi,428.0
1664,0,pKQmWfSR,JNybvbry,428.0
1664,0,AFMSRepx,pKQmWfSR,816.0
1049,0,dfrJZjmW,NjRgIRup,351.0
1049,0,AFcMAvOI,dfrJZjmW,377.0
1049,0,jUExBSiR,AFcMAvOI,377.0
1049,0,vPrJwoLq,jUExBSiR,377.0
1049,0,aHDoehBY,vPrJwoLq,377.0
1049,0,TgdVKieU,aHDoehBY,422.0
1049,0,DexqYjKS,TgdVKieU,422.0
1049,0,wuDdaesk,DexqYjKS,467.0
1184,0,GwjQuetc,NmJVuAxS,101.0
1184,0,vXwparSo,GwjQuetc,104.0
1184,0,eoIplMjv,vXwparSo,104.0
1184,0,FkPbDkgy,eoIplMjv,104.0
1184,0,YpVxAvQG,BMprcpdo,3.0
1184,0,RinxBkUZ,YpVxAvQG,3.0
1184,0,LhgNVAOU,RinxBkUZ,3.0
1184,0,SOVcCDqR,LhgNVAOU,15.0
1184,0,QpprBOSr,SOVcCDqR,15.0
1184,0,Plxavose,QpprBOSr,23.0
1184,0,xqQnPHkt,Plxavose,23.0
1184,0,IfTbUocE,xqQnPHkt,23.0
1184,0,OgnAStiZ,IfTbUocE,23.0
1184,0,NmJVuAxS,OgnAStiZ,23.0
245,0,RuqLEiFp,phodyDNv,1.0
245,0,NAwFzVQz,RuqLEiFp,1.0
245,0,jEliwrSM,NAwFzVQz,1.0
245,0,OUlPxErG,jEliwrSM,1.0
245,0,SPorkGXj,OUlPxErG,1.0
245,0,IJbUVGLH,SPorkGXj,1.0
245,0,ZqOseExI,IJbUVGLH,1.0
245,0,FdBCLyPI,ZqOseExI,1.0
245,0,CrOFTJlw,FdBCLyPI,1.0
245,0,PyGiRErs,CrOFTJlw,1.0
245,0,JbCujTci,PyGiRErs,1.0
245,0,WhRBEXGR,JbCujTci,1.0
245,0,MkXEUCdM,rSdxnGDj,1.0
245,0,oiYuCTCe,MkXEUCdM,1.0
245,0,SwLVnWPq,oiYuCTCe,1.0
245,0,xQSKBJml,SwLVnWPq,1.0
245,0,eXTjiXiW,xQSKBJml,1.0
245,0,UUCrlfWg,eXTjiXiW,1.0
245,0,YULSfngF,UUCrlfWg,1.0
245,0,ozuppJDT,YULSfngF,1.0
245,0,xGsoSfhX,ozuppJDT,1.0
245,0,RVGhYAxc,xGsoSfhX,1.0
1325,0,paIawFeA,nIakFMcq,329.0
1325,0,tYTpUUxD,paIawFeA,723.0
1643,0,zciPUDzN,RfgTYnKH,182.0
1643,0,jHHlfIjj,zciPUDzN,182.0
1643,0,FDNEUies,jHHlfIjj,182.0
1643,0,MRNmFwSk,FDNEUies,182.0
1643,0,FYonLsVT,MRNmFwSk,182.0
1643,0,yQTlxjhE,FYonLsVT,182.0
1643,0,xreoFKjO,BYVXItej,98.0
1643,0,vfbdLzPe,xreoFKjO,98.0
1643,0,LpqOzfFt,vfbdLzPe,98.0
1643,0,cmkMoJCe,LpqOzfFt,98.0
1643,0,SgSmBRUr,cmkMoJCe,98.0
1643,0,IQleWbDf,SgSmBRUr,98.0
1643,0,RfgTYnKH,IQleWbDf,98.0
705,0,YpVxAvQG,YJykDsrc,847.0
705,0,RinxBkUZ,YpVxAvQG,847.0
705,0,LhgNVAOU,RinxBkUZ,835.0
705,0,SOVcCDqR,LhgNVAOU,590.0
705,0,QpprBOSr,SOVcCDqR,590.0
705,0,Plxavose,QpprBOSr,403.0
705,0,iMjvswBX,Plxavose,13.0
1258,0,YpVxAvQG,YJykDsrc,1625.0
1258,0,RinxBkUZ,YpVxAvQG,1625.0
1258,0,LhgNVAOU,RinxBkUZ,1625.0
1258,0,bPdCVhrp,LhgNVAOU,1170.0
1258,0,SOVcCDqR,bPdCVhrp,1170.0
1258,0,FYhykdTj,SOVcCDqR,1170.0
1258,0,QpprBOSr,FYhykdTj,1102.0
1258,0,Plxavose,QpprBOSr,443.0
1206,0,ubFzksan,tYTpUUxD,227.0
1206,0,RinxBkUZ,ubFzksan,227.0
1206,0,LhgNVAOU,RinxBkUZ,227.0
1206,0,bPdCVhrp,LhgNVAOU,233.0
1206,0,SOVcCDqR,bPdCVhrp,234.0
1206,0,FYhykdTj,SOVcCDqR,234.0
1206,0,QpprBOSr,FYhykdTj,233.0
1206,0,Plxavose,QpprBOSr,72.0
1023,0,sgwCzsMk,AwPzPEra,545.0
1023,0,WJvaarbI,sgwCzsMk,547.0
1023,0,JzVUaFrl,WJvaarbI,547.0
1019,0,mxJvcQxS,PdLgkxcT,199.0
1019,0,tSdKaLnH,mxJvcQxS,199.0
1019,0,HoEIDywv,tSdKaLnH,199.0
1019,0,bLNlBUaT,HoEIDywv,183.0
1700,0,oPeQOpNY,zKlIayrT,17.0
1700,0,LurFzbrs,oPeQOpNY,17.0
1700,0,ukWnzNPU,LurFzbrs,17.0
1106,0,VTHwomVj,bsQVAuyn,1072.0
1106,0,VbpBVdde,VTHwomVj,1072.0
546,0,ALhaazBT,FZsFzszJ,1.0
546,0,ZijVddwt,ALhaazBT,1.0
1124,0,yRjqmRuq,BsRMZbGV,5.0
1124,0,pTTspriv,yRjqmRuq,5.0
1124,0,kjmHgYUi,pTTspriv,5.0
1124,0,UHSPJyEW,kjmHgYUi,5.0
1124,0,dOTSUZHl,UHSPJyEW,5.0
1124,0,ITdbUezF,dOTSUZHl,5.0
1124,0,UCTWITih,ITdbUezF,5.0
1124,0,HnEviCBr,UCTWITih,5.0
1124,0,nCgrSQNi,HnEviCBr,5.0
1124,0,KyrNRMTR,nCgrSQNi,5.0
1124,0,exRzHfND,KyrNRMTR,5.0
1124,0,slwzdYAd,exRzHfND,5.0
1124,0,phodyDNv,slwzdYAd,5.0
1124,0,RuqLEiFp,phodyDNv,9.0
1124,0,WhRBEXGR,JbCujTci,131.0
1677,0,oajqUPaH,bPMnvhIP,4.0
1671,0,ihoYGoHN,IAWSKEHF,2.0
1671,0,kpWRWDUl,ihoYGoHN,2.0
1671,0,leVkrEcC,kpWRWDUl,2.0
1671,0,wgFmWmqT,leVkrEcC,2.0
1671,0,XTnubosJ,wgFmWmqT,2.0
1671,0,CcjcuryA,XTnubosJ,2.0
1671,0,FStgRiBS,CcjcuryA,2.0
1671,0,GkYZbgqg,FStgRiBS,2.0
1671,0,FlYjxOxQ,GkYZbgqg,2.0
1671,0,wFSILCzc,FlYjxOxQ,2.0
1671,0,yQQuLFAg,wFSILCzc,2.0
1671,0,eTnittuK,yQQuLFAg,2.0
1671,0,AkOiWGvq,eTnittuK,2.0
1305,0,YpVxAvQG,YJykDsrc,1635.0
1305,0,LhgNVAOU,YpVxAvQG,1635.0
226,0,YpVxAvQG,BMprcpdo,278.0
226,0,RinxBkUZ,YpVxAvQG,278.0
226,0,LhgNVAOU,RinxBkUZ,278.0
1325,0,cOiBEGlK,tYTpUUxD,946.0
1325,0,RinxBkUZ,cOiBEGlK,946.0
1325,0,LhgNVAOU,RinxBkUZ,905.0
50,0,AszcEtOu,BpAiVnps,193.0
1305,0,SOVcCDqR,LhgNVAOU,1442.0
1305,0,QpprBOSr,SOVcCDqR,1442.0
1325,0,uijbLdHW,LhgNVAOU,2078.0
1325,0,LjyXiIAT,uijbLdHW,2080.0
1325,0,InEujKOO,LjyXiIAT,2080.0
1190,0,yLFlKjKg,LVcdwgEp,850.0
1190,0,isWzWnoW,yLFlKjKg,1087.0
1190,0,fcSUqaEW,isWzWnoW,1087.0
1190,0,YJykDsrc,fcSUqaEW,1087.0
1190,0,YpVxAvQG,YJykDsrc,1417.0
1190,0,RinxBkUZ,YpVxAvQG,1439.0
1190,0,LhgNVAOU,RinxBkUZ,1439.0
1190,0,uijbLdHW,LhgNVAOU,2510.0
1190,0,LjyXiIAT,uijbLdHW,2544.0
1190,0,InEujKOO,LjyXiIAT,2544.0
1317,0,buRRNGGe,CheNYOmP,4641.0
1317,0,nChZnrmr,buRRNGGe,4635.0
1317,0,RSRIdzBF,nChZnrmr,4635.0
1317,0,rcsEeYnc,RSRIdzBF,4635.0
1317,0,jnDfAorM,rcsEeYnc,4635.0
250,0,uaQvVFAB,taPJzyhF,4809.0
250,0,MnTeelLR,uaQvVFAB,4801.0
1212,0,HaEOaLMB,dpFXbFTh,66.0
1212,0,IkeqCtDY,HaEOaLMB,66.0
1212,0,wpHpdxFs,IkeqCtDY,66.0
1212,0,QHulIYnO,wpHpdxFs,66.0
1212,0,sKtQEUzZ,QHulIYnO,66.0
1212,0,QYkjMXrW,sKtQEUzZ,66.0
1212,0,mxGSpCzE,QYkjMXrW,66.0
1212,0,WlZgmutc,mxGSpCzE,60.0
1212,0,acVCzwtl,WlZgmutc,60.0
1212,0,TIlepZYr,acVCzwtl,60.0
1212,0,BmQLYaPd,TIlepZYr,14.0
1212,0,UvdLYolu,BmQLYaPd,14.0
1212,0,ZFKsyBay,UvdLYolu,14.0
1212,0,suvDbtPR,ZFKsyBay,9.0
705,0,CpULuhdq,iMjvswBX,12.0
705,0,tJbXQuOE,CpULuhdq,12.0
1325,0,DgFFenGX,InEujKOO,830.0
96,0,RVGhYAxc,xGsoSfhX,121.0
96,0,BpAiVnps,RVGhYAxc,121.0
96,0,LKVeVUNI,BpAiVnps,121.0
96,0,dbPZeeiE,LKVeVUNI,121.0
96,0,CsDsDrdU,dbPZeeiE,121.0
96,0,rJRvqICk,CsDsDrdU,121.0
96,0,AmahvgQB,rJRvqICk,121.0
96,0,aYSqaQmJ,AmahvgQB,121.0
96,0,zgCGmKZn,aYSqaQmJ,121.0
96,0,JKFFGKvY,zgCGmKZn,121.0
96,0,EVAUYvVR,JKFFGKvY,121.0
96,0,GYfZYaJh,EVAUYvVR,121.0
96,0,OpgRCgWV,GYfZYaJh,121.0
96,0,ntDOQspU,OpgRCgWV,121.0
96,0,AXkvSZpr,ntDOQspU,121.0
96,0,MlqbsUKu,AXkvSZpr,85.0
96,0,jaCrAUFK,MlqbsUKu,85.0
96,0,EKYbCcms,jaCrAUFK,77.0
96,0,OyAyNkqZ,EKYbCcms,77.0
96,0,XiXLaJEL,OyAyNkqZ,77.0
1253,0,rckblBTM,rUKSlFeh,10.0
1253,0,zjjLSYAp,rckblBTM,10.0
1253,0,wrsPDGBQ,zjjLSYAp,10.0
1253,0,UtwZFZsx,wrsPDGBQ,10.0
1253,0,QsteKrle,UtwZFZsx,10.0
1253,0,XMWgellz,QsteKrle,10.0
1253,0,EmkugZPX,XMWgellz,10.0
1253,0,YtrqvWdf,EmkugZPX,10.0
1253,0,RVGhYAxc,YtrqvWdf,10.0
1253,0,BpAiVnps,RVGhYAxc,10.0
1253,0,LKVeVUNI,BpAiVnps,10.0
1253,0,dbPZeeiE,LKVeVUNI,10.0
1253,0,CsDsDrdU,dbPZeeiE,10.0
1253,0,rJRvqICk,CsDsDrdU,10.0
1253,0,AmahvgQB,rJRvqICk,10.0
1253,0,aYSqaQmJ,AmahvgQB,10.0
1253,0,zgCGmKZn,aYSqaQmJ,10.0
1253,0,EVAUYvVR,zgCGmKZn,10.0
1253,0,GYfZYaJh,EVAUYvVR,10.0
1253,0,OpgRCgWV,GYfZYaJh,10.0
1253,0,sUYaNmKG,OpgRCgWV,10.0
1253,0,ntDOQspU,sUYaNmKG,10.0
1253,0,AXkvSZpr,ntDOQspU,10.0
1253,0,MlqbsUKu,AXkvSZpr,10.0
1253,0,jaCrAUFK,MlqbsUKu,10.0
1253,0,oynLwMrX,jaCrAUFK,10.0
1253,0,EKYbCcms,oynLwMrX,10.0
1253,0,cIQOVqQI,EKYbCcms,10.0
1253,0,OyAyNkqZ,cIQOVqQI,10.0
1253,0,XiXLaJEL,OyAyNkqZ,10.0
635,0,QpprBOSr,SOVcCDqR,559.0
226,0,SOVcCDqR,LhgNVAOU,245.0
226,0,QpprBOSr,SOVcCDqR,245.0
96,0,xQSKBJml,SwLVnWPq,44.0
96,0,eXTjiXiW,xQSKBJml,44.0
96,0,UUCrlfWg,eXTjiXiW,44.0
96,0,YULSfngF,UUCrlfWg,44.0
96,0,ozuppJDT,YULSfngF,44.0
96,0,xGsoSfhX,ozuppJDT,44.0
1325,0,mSsugdoq,DgFFenGX,799.0
1190,0,ubzklVlS,RIpTuvwk,48.0
1190,0,LVcdwgEp,ubzklVlS,62.0
1190,0,RIpTuvwk,KQSHMGnw,20.0
1317,0,HhzNhCIb,VTHwomVj,2675.0
1317,0,VbpBVdde,HhzNhCIb,2675.0
1317,0,ocwJSpah,VbpBVdde,2675.0
1317,0,CheNYOmP,ocwJSpah,2929.0
866,0,CSzsuVOH,gGjwcdJB,1264.0
866,0,aUZoPZMc,CSzsuVOH,1264.0
866,0,xOhGqygU,aUZoPZMc,1264.0
866,0,qOuhMtTj,xOhGqygU,1277.0
866,0,YcrsfAeA,qOuhMtTj,2162.0
866,0,PxQNjmHA,YcrsfAeA,2404.0
866,0,AGvhWyhD,PxQNjmHA,2404.0
1699,0,bSoWRArq,VcqDmTtv,32.0
1699,0,RZSdunHk,bSoWRArq,32.0
1699,0,wggFpXDl,RZSdunHk,32.0
1699,0,PFPLEnYs,wggFpXDl,32.0
1699,0,WjJrQPKY,PFPLEnYs,32.0
1699,0,OFDSKCGJ,WjJrQPKY,34.0
1699,0,ZVaTNlgO,OFDSKCGJ,40.0
1699,0,mJMjzUfK,ZVaTNlgO,40.0
1699,0,TzOVcXdr,mJMjzUfK,40.0
1699,0,paIawFeA,nIakFMcq,22.0
1699,0,VcqDmTtv,paIawFeA,22.0
1700,0,hPbxQISN,jnDfAorM,3.0
1700,0,zKlIayrT,hPbxQISN,3.0
1106,0,ocwJSpah,VbpBVdde,844.0
1106,0,CheNYOmP,ocwJSpah,844.0
1498,0,svgtEcQx,mnkgCFDT,205.0
1498,0,HcPkwFHM,svgtEcQx,206.0
1498,0,KjuJaNsu,HcPkwFHM,206.0
1498,0,QdnKSSsO,KjuJaNsu,211.0
1498,0,vSdfqYeK,QdnKSSsO,219.0
1498,0,wDpyEsxh,vSdfqYeK,219.0
1498,0,jIerKxIb,wDpyEsxh,219.0
1498,0,IubGYoNi,jIerKxIb,219.0
1498,0,fmQEzQWV,IubGYoNi,226.0
1498,0,BpAiVnps,fmQEzQWV,252.0
1498,0,AszcEtOu,BpAiVnps,471.0
1498,0,TCqyxHhF,AszcEtOu,590.0
1498,0,TcEVvOUM,TCqyxHhF,590.0
1498,0,qGnNRXVR,TcEVvOUM,590.0
1498,0,yLFlKjKg,qGnNRXVR,639.0
1498,0,RYTcAdhr,yLFlKjKg,915.0
1498,0,EzivGHuE,RYTcAdhr,915.0
1498,0,isWzWnoW,EzivGHuE,915.0
1498,0,fcSUqaEW,isWzWnoW,915.0
1498,0,YJykDsrc,fcSUqaEW,915.0
1498,0,YpVxAvQG,YJykDsrc,1360.0
1498,0,RinxBkUZ,YpVxAvQG,1382.0
1498,0,LhgNVAOU,RinxBkUZ,1388.0
1498,0,bPdCVhrp,LhgNVAOU,1645.0
1498,0,SOVcCDqR,bPdCVhrp,1675.0
1498,0,FYhykdTj,SOVcCDqR,1675.0
1498,0,QpprBOSr,FYhykdTj,1675.0
1498,0,Plxavose,QpprBOSr,2232.0
1498,0,xqQnPHkt,Plxavose,2249.0
1498,0,IfTbUocE,xqQnPHkt,2601.0
1498,0,JcXDDijg,IfTbUocE,3493.0
1498,0,jUsnmWea,JcXDDijg,3493.0
1498,0,EaDTtGYp,jUsnmWea,3493.0
1498,0,BJjcRhiE,EaDTtGYp,3486.0
1695,0,SsTrbdxo,UgzfanVk,133.0
1695,0,wGMdZeqa,SsTrbdxo,133.0
1695,0,yYFXObAF,wGMdZeqa,133.0
1695,0,xMwzCIXQ,yYFXObAF,133.0
1695,0,NmRushck,xMwzCIXQ,243.0
1695,0,JLvNOQnl,NmRushck,247.0
1325,0,jSFFeqWE,mSsugdoq,618.0
1325,0,SPymtbHS,jSFFeqWE,618.0
1325,0,uERHVBdu,SPymtbHS,618.0
1325,0,yWkNHrCP,uERHVBdu,618.0
1325,0,UyunGRcj,yWkNHrCP,593.0
1325,0,FhiUibmP,UyunGRcj,593.0
1184,0,kueIUJls,XGJiqzLW,2.0
1184,0,OVaoEscJ,kueIUJls,2.0
1184,0,BMprcpdo,OVaoEscJ,2.0
1184,0,kVWIKiQU,FkPbDkgy,93.0
1342,0,uijbLdHW,LhgNVAOU,89.0
1342,0,LjyXiIAT,uijbLdHW,89.0
1342,0,InEujKOO,LjyXiIAT,89.0
1342,0,mSsugdoq,InEujKOO,89.0
1342,0,VXiNciom,mSsugdoq,110.0
1342,0,YpVxAvQG,BMprcpdo,9.0
1342,0,RinxBkUZ,YpVxAvQG,9.0
1342,0,LhgNVAOU,RinxBkUZ,9.0
97,0,BZCtSmhk,ywuGpANM,101.0
97,0,qeXIqBgp,BZCtSmhk,101.0
97,0,jFRqfnFl,qeXIqBgp,101.0
97,0,ywuGpANM,hpACGGyB,14.0
97,0,hpACGGyB,eaNsVWDR,12.0
1696,0,bjEpkupt,gxlaiARP,391.0
1696,0,FYgdoWMK,bjEpkupt,389.0
1696,0,zAqZkkQx,FYgdoWMK,326.0
1696,0,siiqKFuN,zAqZkkQx,326.0
1696,0,vFpuvjcu,siiqKFuN,326.0
1696,0,UgzfanVk,vFpuvjcu,326.0
1325,0,TPescrDz,FhiUibmP,134.0
1326,0,BZEEPDzF,fgAPkwgD,13.0
1699,0,RsPctvEc,TzOVcXdr,31.0
1699,0,DHQonlzC,RsPctvEc,31.0
1699,0,VMhLZsWx,DHQonlzC,31.0
1106,0,qdrjbHYS,ozAxYCwR,1.0
1106,0,buRRNGGe,CheNYOmP,731.0
1106,0,nChZnrmr,buRRNGGe,731.0
1106,0,RSRIdzBF,nChZnrmr,731.0
1106,0,rcsEeYnc,RSRIdzBF,731.0
1106,0,jnDfAorM,rcsEeYnc,731.0
1357,0,FYonLsVT,XCZfXGna,15.0
1357,0,voXQjjKh,FYonLsVT,15.0
1357,0,pKTlpooZ,voXQjjKh,44.0
1357,0,OVaoEscJ,pKTlpooZ,44.0
1357,0,BMprcpdo,OVaoEscJ,111.0
1357,0,YpVxAvQG,BMprcpdo,125.0
1357,0,RinxBkUZ,YpVxAvQG,125.0
1357,0,LhgNVAOU,RinxBkUZ,125.0
1357,0,SOVcCDqR,LhgNVAOU,130.0
1357,0,QpprBOSr,SOVcCDqR,130.0
1357,0,Plxavose,QpprBOSr,130.0
1357,0,xqQnPHkt,Plxavose,130.0
1357,0,IfTbUocE,xqQnPHkt,130.0
1357,0,JcXDDijg,IfTbUocE,130.0
1357,0,jUsnmWea,JcXDDijg,130.0
1357,0,EaDTtGYp,jUsnmWea,130.0
1357,0,BJjcRhiE,EaDTtGYp,130.0
1305,0,xqQnPHkt,QpprBOSr,1199.0
1678,0,AosTMSAk,uwEtaQlz,3.0
1678,0,gJBgflgH,AosTMSAk,3.0
1678,0,HUSVGpqn,gJBgflgH,28.0
1678,0,DCZZhCfP,HUSVGpqn,28.0
1678,0,WwnuanyA,DCZZhCfP,28.0
1678,0,QpprBOSr,WwnuanyA,28.0
1678,0,Plxavose,QpprBOSr,28.0
1678,0,xqQnPHkt,Plxavose,28.0
1678,0,IfTbUocE,xqQnPHkt,28.0
1678,0,JcXDDijg,IfTbUocE,28.0
1678,0,jUsnmWea,JcXDDijg,28.0
1678,0,EaDTtGYp,jUsnmWea,28.0
1678,0,BJjcRhiE,EaDTtGYp,28.0
250,0,WIZPpGvl,MnTeelLR,4282.0
635,0,kFnjgEzS,QpprBOSr,505.0
1338,0,IfTbUocE,Plxavose,6681.0
1338,0,OgnAStiZ,IfTbUocE,6657.0
1338,0,NmJVuAxS,OgnAStiZ,6657.0
1357,0,AszcEtOu,BpAiVnps,4.0
1357,0,TCqyxHhF,AszcEtOu,9.0
1357,0,PIUpvPaY,TCqyxHhF,9.0
1357,0,XCZfXGna,PIUpvPaY,9.0
1357,0,bPMnvhIP,BJjcRhiE,34.0
1672,0,Plxavose,QpprBOSr,63.0
1672,0,xqQnPHkt,Plxavose,63.0
1672,0,IfTbUocE,xqQnPHkt,64.0
1672,0,OgnAStiZ,IfTbUocE,71.0
1672,0,kFnjgEzS,OgnAStiZ,71.0
1672,0,KeGqLKVV,kFnjgEzS,194.0
1672,0,NpOlpVEB,KeGqLKVV,194.0
1672,0,GwjQuetc,NpOlpVEB,194.0
1672,0,QpprBOSr,WwnuanyA,3.0
1594,0,bgJHPJde,KCvWJpxq,5594.0
1594,0,AyPgzIEO,bgJHPJde,5592.0
1594,0,mcahLsch,AyPgzIEO,5592.0
836,0,ffjXMuak,qeXIqBgp,8907.0
836,0,EDdQplwd,ffjXMuak,8903.0
836,0,XbgiSLmy,EDdQplwd,8924.0
836,0,pXlenLUq,XbgiSLmy,8924.0
836,0,DNyXiZzj,pXlenLUq,8924.0
836,0,rlKLMakt,DNyXiZzj,9970.0
836,0,hVJtIJom,rlKLMakt,9514.0
836,0,jbCYGAcv,hVJtIJom,9355.0
836,0,myLzZQdt,jbCYGAcv,9355.0
1594,0,KCvWJpxq,ySPnpMTg,37.0
514,0,uKbbRztG,NZGnRwVn,18.0
514,0,uOqLwBTJ,uKbbRztG,18.0
514,0,fkZFUNSd,uOqLwBTJ,18.0
514,0,cttUtMNm,fkZFUNSd,18.0
514,0,wHfmVQMh,cttUtMNm,18.0
514,0,mdGitRQe,wHfmVQMh,18.0
514,0,SOBUilCD,mdGitRQe,18.0
514,0,xiCfcAgb,SOBUilCD,18.0
514,0,RjtzWJgw,xiCfcAgb,18.0
514,0,owFNQNZv,RjtzWJgw,18.0
514,0,nCsqpnJo,owFNQNZv,18.0
514,0,gnmwaIOJ,nCsqpnJo,18.0
514,0,pygvGZaF,gnmwaIOJ,18.0
514,0,VTHwomVj,pygvGZaF,18.0
514,0,VbpBVdde,VTHwomVj,18.0
514,0,ocwJSpah,VbpBVdde,18.0
514,0,CheNYOmP,ocwJSpah,18.0
514,0,buRRNGGe,CheNYOmP,18.0
514,0,nChZnrmr,buRRNGGe,18.0
514,0,rcsEeYnc,nChZnrmr,18.0
514,0,jnDfAorM,rcsEeYnc,18.0
1699,0,djdidyfJ,VMhLZsWx,20.0
1699,0,jnDfAorM,djdidyfJ,20.0
97,0,VTHwomVj,bsQVAuyn,8.0
97,0,VbpBVdde,VTHwomVj,8.0
97,0,ocwJSpah,VbpBVdde,8.0
97,0,CheNYOmP,ocwJSpah,8.0
97,0,buRRNGGe,CheNYOmP,8.0
97,0,nChZnrmr,buRRNGGe,8.0
97,0,RSRIdzBF,nChZnrmr,8.0
97,0,rcsEeYnc,RSRIdzBF,8.0
97,0,jnDfAorM,rcsEeYnc,8.0
96,0,SwLVnWPq,oiYuCTCe,4.0
96,0,CoFyQOTC,jnDfAorM,2.0
96,0,HMiMHaRv,CoFyQOTC,2.0
96,0,kLfGGOkq,HMiMHaRv,2.0
96,0,ygVaThfM,kLfGGOkq,2.0
96,0,otuYkIZd,ygVaThfM,2.0
96,0,rSdxnGDj,otuYkIZd,2.0
96,0,MkXEUCdM,rSdxnGDj,2.0
96,0,oiYuCTCe,MkXEUCdM,2.0
1695,0,IMEhQaQS,jFRqfnFl,373.0
1395,0,YcrsfAeA,KCvWJpxq,712.0
1395,0,cfrRCwNB,YcrsfAeA,712.0
1395,0,TFSGEQcQ,cfrRCwNB,557.0
1395,0,fjFZwaYy,TFSGEQcQ,557.0
1395,0,lSWJJvzr,fjFZwaYy,557.0
1395,0,nxFmOJAJ,lSWJJvzr,519.0
1395,0,GznDzxNt,nxFmOJAJ,519.0
1395,0,jappmlZc,GznDzxNt,519.0
1395,0,JGAJXRSN,jappmlZc,504.0
1395,0,SDEQaVyD,JGAJXRSN,504.0
1183,0,dfrJZjmW,NjRgIRup,3.0
1183,0,AFcMAvOI,dfrJZjmW,7.0
1183,0,jUExBSiR,AFcMAvOI,7.0
1183,0,vPrJwoLq,jUExBSiR,7.0
1183,0,aHDoehBY,vPrJwoLq,7.0
1183,0,TgdVKieU,aHDoehBY,7.0
1183,0,DexqYjKS,TgdVKieU,7.0
1183,0,wuDdaesk,DexqYjKS,7.0
1175,0,dfrJZjmW,NjRgIRup,1969.0
1175,0,AFcMAvOI,dfrJZjmW,2088.0
1175,0,FltmFbyo,AFcMAvOI,2088.0
1175,0,jUExBSiR,FltmFbyo,2088.0
1175,0,vPrJwoLq,jUExBSiR,2088.0
1175,0,aHDoehBY,vPrJwoLq,2088.0
1175,0,SmfTtMBe,aHDoehBY,2854.0
1175,0,TgdVKieU,SmfTtMBe,2854.0
1175,0,DexqYjKS,TgdVKieU,2854.0
1594,0,EEpOhSPN,mcahLsch,18.0
1594,0,QJzYlSpE,EEpOhSPN,18.0
1594,0,eXUkyEOl,QJzYlSpE,18.0
1408,0,irunVpff,sPOOXkzZ,577.0
1408,0,NMFCXTQH,irunVpff,577.0
1408,0,wXyAETzh,NMFCXTQH,577.0
1408,0,rmmCKKeS,wXyAETzh,577.0
1408,0,VtPnVtjF,rmmCKKeS,577.0
1408,0,DKWSfiEo,VtPnVtjF,577.0
1408,0,CHKZpApa,DKWSfiEo,201.0
1408,0,YvLuczKe,CHKZpApa,201.0
1408,0,cThdGxLv,YvLuczKe,204.0
1612,0,FlZnaZci,HpfZbCVA,15.0
1612,0,glDvUhXc,FlZnaZci,15.0
1612,0,FhKkSAFH,glDvUhXc,30.0
1612,0,taPJzyhF,FhKkSAFH,30.0
1612,0,cnbFkwhH,taPJzyhF,70.0
1612,0,RwPflEyQ,cnbFkwhH,70.0
1613,0,VHoqrdhk,RkUgARot,11.0
1613,0,NKkONliL,VHoqrdhk,11.0
1613,0,zUnCRHoa,NKkONliL,11.0
1613,0,LNbMEmtu,zUnCRHoa,11.0
1613,0,OUzlATeX,LNbMEmtu,11.0
1663,0,YQrIOijs,jnDfAorM,1848.0
1663,0,FSklzHpQ,YQrIOijs,983.0
1663,0,cNArzmnq,FSklzHpQ,912.0
1663,0,UNbrDjxM,cNArzmnq,912.0
1338,0,LLWkkTwA,NmJVuAxS,6655.0
1338,0,ZTMEdEeK,LLWkkTwA,6652.0
467,0,CuIFmOPZ,dlIiZmBi,299.0
467,0,bkPedFyi,CuIFmOPZ,319.0
467,0,neCsPoxX,bkPedFyi,319.0
467,0,RMvkOcpU,neCsPoxX,319.0
467,0,qVxAOUMG,RMvkOcpU,343.0
467,0,bYKKzRQT,qVxAOUMG,343.0
467,0,CLqSCDPt,bYKKzRQT,343.0
467,0,ZzqCYjTC,CLqSCDPt,343.0
467,0,UtzkRwuC,ZzqCYjTC,343.0
467,0,cvCJiZVm,UtzkRwuC,343.0
467,0,XadmKFIl,cvCJiZVm,343.0
467,0,SlEBxfyW,XadmKFIl,343.0
467,0,qLQHuyIe,SlEBxfyW,287.0
467,0,NRaiNGwl,qLQHuyIe,287.0
467,0,dgLtpUgu,NRaiNGwl,267.0
467,0,GJEXlFdt,dgLtpUgu,267.0
467,0,BJDTCJYP,GJEXlFdt,267.0
467,0,UhAwQaaX,BJDTCJYP,267.0
467,0,eaNsVWDR,ejMjPdTH,25.0
467,0,hpACGGyB,eaNsVWDR,25.0
467,0,ywuGpANM,hpACGGyB,38.0
467,0,BZCtSmhk,ywuGpANM,109.0
467,0,aojHvPEg,BZCtSmhk,109.0
467,0,qeXIqBgp,aojHvPEg,109.0
467,0,ffjXMuak,qeXIqBgp,231.0
467,0,EDdQplwd,ffjXMuak,231.0
467,0,XbgiSLmy,EDdQplwd,231.0
467,0,pXlenLUq,XbgiSLmy,231.0
467,0,DNyXiZzj,pXlenLUq,231.0
467,0,FYgdoWMK,DNyXiZzj,232.0
467,0,ZKBLrnzS,FYgdoWMK,233.0
467,0,zAqZkkQx,ZKBLrnzS,233.0
467,0,sSUdZsSb,zAqZkkQx,233.0
467,0,siiqKFuN,sSUdZsSb,233.0
467,0,dlIiZmBi,siiqKFuN,233.0
1206,0,xqQnPHkt,Plxavose,67.0
853,0,IoxYvxeH,kVhbTVuU,40.0
853,0,yrlDljAC,IoxYvxeH,40.0
853,0,rBCwdRqs,yrlDljAC,40.0
853,0,olAnplnl,rBCwdRqs,40.0
853,0,hpCuKAjH,olAnplnl,40.0
853,0,tyeyrnYi,hpCuKAjH,40.0
853,0,HezLsNFQ,tyeyrnYi,40.0
853,0,eusqYKWT,HezLsNFQ,40.0
853,0,xOHMcnRu,eusqYKWT,40.0
853,0,dCWftKsk,xOHMcnRu,40.0
853,0,HpfZbCVA,dCWftKsk,40.0
853,0,glDvUhXc,HpfZbCVA,40.0
853,0,FhKkSAFH,glDvUhXc,40.0
853,0,taPJzyhF,FhKkSAFH,40.0
853,0,uaQvVFAB,taPJzyhF,40.0
853,0,MnTeelLR,uaQvVFAB,40.0
1175,0,tZuNjCsn,DexqYjKS,2876.0
1175,0,aUCLtnsj,tZuNjCsn,2876.0
952,0,gzTQJVMW,RVEyrwjR,822.0
1338,0,ogOCBKAf,ZTMEdEeK,6336.0
1663,0,GJEXlFdt,UNbrDjxM,765.0
1663,0,VMzKgUSR,GJEXlFdt,683.0
1663,0,BJDTCJYP,VMzKgUSR,683.0
1663,0,gyedwqXM,BJDTCJYP,683.0
1663,0,LYitljhu,gyedwqXM,683.0
1663,0,UhAwQaaX,LYitljhu,683.0
1663,0,LOIXCDqJ,UhAwQaaX,683.0
1663,0,FldHcjZC,LOIXCDqJ,636.0
1663,0,qNiTyrkl,FldHcjZC,366.0
467,0,LOIXCDqJ,UhAwQaaX,255.0
467,0,waZdIIZY,LOIXCDqJ,241.0
467,0,eiOwifcC,waZdIIZY,241.0
467,0,ogOCBKAf,eiOwifcC,115.0
1206,0,IfTbUocE,xqQnPHkt,64.0
1206,0,OgnAStiZ,IfTbUocE,64.0
1206,0,NmJVuAxS,OgnAStiZ,64.0
1206,0,VFLsoIHD,NmJVuAxS,64.0
1206,0,vIPMUZxJ,VFLsoIHD,64.0
1206,0,UmISPPJO,vIPMUZxJ,64.0
1660,0,bGxnPBxb,QRWCUyXY,66.0
1660,0,mvgVyONe,bGxnPBxb,66.0
1660,0,YlcUcHmr,mvgVyONe,66.0
1660,0,puuUveiG,YlcUcHmr,66.0
1660,0,CGfCHyje,puuUveiG,66.0
1660,0,qflzswAf,CGfCHyje,58.0
1592,0,xOhGqygU,aUZoPZMc,93.0
1592,0,qOuhMtTj,xOhGqygU,120.0
1592,0,KCvWJpxq,qOuhMtTj,120.0
1592,0,YcrsfAeA,KCvWJpxq,150.0
1592,0,cfrRCwNB,YcrsfAeA,150.0
1592,0,sKTwWsMk,cfrRCwNB,175.0
1592,0,pmULGxKj,sKTwWsMk,636.0
1592,0,ToEONYdV,pmULGxKj,636.0
1592,0,CSzsuVOH,dCWftKsk,92.0
1592,0,aUZoPZMc,CSzsuVOH,92.0
1592,0,IawIHXne,ToEONYdV,608.0
865,0,NXLrCKMp,xiTGCYEl,252.0
865,0,FyoAuDvn,NXLrCKMp,252.0
865,0,WOOyqinT,FyoAuDvn,274.0
865,0,mnkgCFDT,WOOyqinT,525.0
865,0,kVhbTVuU,mnkgCFDT,1193.0
865,0,IoxYvxeH,kVhbTVuU,1353.0
865,0,yrlDljAC,IoxYvxeH,1426.0
865,0,rBCwdRqs,yrlDljAC,1426.0
865,0,olAnplnl,rBCwdRqs,1426.0
865,0,lLIyiFPN,olAnplnl,1426.0
865,0,cMNwDvJt,lLIyiFPN,1426.0
865,0,TcKqxHvb,cMNwDvJt,1426.0
865,0,JafKIKES,TcKqxHvb,1426.0
865,0,NxXUMgmK,JafKIKES,1426.0
865,0,AdCBnmxI,NxXUMgmK,1426.0
865,0,ufpbvrtF,AdCBnmxI,1426.0
1594,0,ySPnpMTg,yQTYDvhm,2.0
549,0,oUbtCHRB,jwtMzuEb,4.0
549,0,kSklWvZO,oUbtCHRB,4.0
549,0,wVKhsyCZ,kSklWvZO,4.0
549,0,oZJRchiN,wVKhsyCZ,4.0
549,0,xmGwLlME,oZJRchiN,4.0
549,0,KcBICYpI,xmGwLlME,4.0
549,0,XQiQvefE,KcBICYpI,4.0
549,0,eyUKPfnA,XQiQvefE,4.0
549,0,ZgqhsueA,eyUKPfnA,4.0
549,0,YvwuVYMF,ZgqhsueA,4.0
549,0,FZsFzszJ,YvwuVYMF,4.0
549,0,ALhaazBT,FZsFzszJ,4.0
549,0,ejMjPdTH,ALhaazBT,2.0
1221,0,MnTeelLR,MklhhYCQ,5118.0
1221,0,WIZPpGvl,MnTeelLR,5118.0
778,0,FZsFzszJ,gzTQJVMW,550.0
778,0,KgwKZlse,FZsFzszJ,541.0
778,0,AoRkaUmb,KgwKZlse,541.0
778,0,ALhaazBT,AoRkaUmb,541.0
778,0,YqlTLIQa,ALhaazBT,505.0
778,0,AUmOMGnp,YqlTLIQa,505.0
778,0,XFPAZveS,AUmOMGnp,501.0
778,0,ojqTFFWy,XFPAZveS,20.0
635,0,VFLsoIHD,kFnjgEzS,486.0
635,0,LLWkkTwA,VFLsoIHD,483.0
635,0,ogOCBKAf,LLWkkTwA,483.0
1305,0,NmJVuAxS,xqQnPHkt,1183.0
1305,0,LLWkkTwA,NmJVuAxS,1174.0
1305,0,ogOCBKAf,LLWkkTwA,1174.0
1258,0,xqQnPHkt,Plxavose,440.0
1258,0,IfTbUocE,xqQnPHkt,440.0
1258,0,OgnAStiZ,IfTbUocE,440.0
1258,0,NmJVuAxS,OgnAStiZ,440.0
1258,0,VFLsoIHD,NmJVuAxS,440.0
1258,0,LLWkkTwA,VFLsoIHD,342.0
1258,0,ZTMEdEeK,LLWkkTwA,342.0
1258,0,ogOCBKAf,ZTMEdEeK,342.0
1173,0,PNniCxAw,ogOCBKAf,1769.0
1173,0,aZaGhhAB,PNniCxAw,1893.0
1206,0,VPUbGzfh,UmISPPJO,35.0
1206,0,MVExtcyL,VPUbGzfh,35.0
1663,0,pGHnvifU,qNiTyrkl,361.0
1663,0,waZdIIZY,pGHnvifU,361.0
1663,0,eiOwifcC,waZdIIZY,361.0
1663,0,ogOCBKAf,eiOwifcC,359.0
1659,0,ogOCBKAf,eiOwifcC,144.0
1659,0,KttMmUZl,dbBlyJgh,45.0
1659,0,kEIvmolg,KttMmUZl,45.0
1659,0,vfRjIFnr,kEIvmolg,45.0
1212,0,clVXMHJf,suvDbtPR,6.0
1212,0,UXEWVZzP,clVXMHJf,6.0
1212,0,MlYFoaez,UXEWVZzP,5.0
1212,0,XeinAhyy,MlYFoaez,5.0
1212,0,pGpZhRvq,XeinAhyy,5.0
1212,0,alaJPSTW,pGpZhRvq,5.0
1212,0,ngNzeSzC,alaJPSTW,5.0
1212,0,PHuvYJrP,ngNzeSzC,5.0
1212,0,FoxIDeQY,PHuvYJrP,5.0
1212,0,dZoxKDmD,FoxIDeQY,5.0
1212,0,ZOuLYtJj,dZoxKDmD,5.0
1212,0,SGnJOquj,ZOuLYtJj,5.0
1212,0,ogOCBKAf,SGnJOquj,5.0
1212,0,GHvODCIP,LCJSaMch,32.0
1212,0,MCXOFAcE,GHvODCIP,32.0
1212,0,HcupqiOA,MCXOFAcE,32.0
1212,0,MRtqPpeq,HcupqiOA,32.0
1212,0,CrEPfbyi,MRtqPpeq,32.0
1212,0,dpFXbFTh,CrEPfbyi,33.0
1212,0,LCJSaMch,ChOayZDF,23.0
751,0,lqTAOmVV,WwbQwfXi,2105.0
1206,0,tYTpUUxD,paIawFeA,6.0
1660,0,WyfCQhSW,ogOCBKAf,112.0
1660,0,RBBxesxu,WyfCQhSW,112.0
1660,0,npYXJyuT,RBBxesxu,112.0
1660,0,lFqTDxEu,npYXJyuT,112.0
1660,0,fyczPNat,lFqTDxEu,112.0
1659,0,cBsLzvxc,qflzswAf,43.0
1659,0,MTGLsZPE,cBsLzvxc,50.0
1659,0,bmCACwpU,MTGLsZPE,50.0
1659,0,ndVUpTXG,bmCACwpU,50.0
1659,0,mvSwkBgn,ndVUpTXG,50.0
1659,0,dbBlyJgh,mvSwkBgn,50.0
1660,0,LbqeOjDq,fyczPNat,63.0
1660,0,qdBHsTrj,LbqeOjDq,63.0
1660,0,QRWCUyXY,qdBHsTrj,63.0
725,0,uaQvVFAB,taPJzyhF,941.0
725,0,MnTeelLR,uaQvVFAB,941.0
725,0,WIZPpGvl,MnTeelLR,938.0
725,0,qflzswAf,WIZPpGvl,878.0
853,0,cNuIRYrx,OrbXRiVv,38.0
853,0,yNIUaSyZ,cNuIRYrx,38.0
853,0,xiTGCYEl,yNIUaSyZ,38.0
853,0,NXLrCKMp,xiTGCYEl,38.0
853,0,FyoAuDvn,NXLrCKMp,38.0
853,0,WOOyqinT,FyoAuDvn,38.0
853,0,mnkgCFDT,WOOyqinT,38.0
853,0,kVhbTVuU,mnkgCFDT,38.0
853,0,WIZPpGvl,MnTeelLR,34.0
853,0,qflzswAf,WIZPpGvl,34.0
250,0,qflzswAf,WIZPpGvl,4024.0
1221,0,qflzswAf,WIZPpGvl,4853.0
601,0,uaQvVFAB,taPJzyhF,33.0
601,0,MnTeelLR,uaQvVFAB,33.0
601,0,WIZPpGvl,MnTeelLR,33.0
601,0,qflzswAf,WIZPpGvl,33.0
242,0,AszcEtOu,BpAiVnps,207.0
242,0,xiCfcAgb,AszcEtOu,971.0
242,0,RjtzWJgw,xiCfcAgb,971.0
242,0,owFNQNZv,RjtzWJgw,980.0
242,0,nCsqpnJo,owFNQNZv,980.0
242,0,gnmwaIOJ,nCsqpnJo,980.0
242,0,pygvGZaF,gnmwaIOJ,981.0
242,0,bsQVAuyn,pygvGZaF,981.0
242,0,VTHwomVj,bsQVAuyn,981.0
242,0,VbpBVdde,VTHwomVj,1039.0
242,0,ocwJSpah,VbpBVdde,1039.0
242,0,CheNYOmP,ocwJSpah,1055.0
242,0,xYUjBvzT,CheNYOmP,1151.0
242,0,JXJZtHSD,xYUjBvzT,1151.0
242,0,owqgejgM,JXJZtHSD,1151.0
242,0,WIZPpGvl,owqgejgM,1201.0
242,0,qflzswAf,WIZPpGvl,1200.0
843,0,tbsBIgaj,WoCjyXMQ,214.0
843,0,ekoOPpVq,tbsBIgaj,214.0
843,0,rljVoTvk,ekoOPpVq,181.0
843,0,gxidCspv,rljVoTvk,181.0
843,0,wRTYbalx,gxidCspv,177.0
843,0,DHkaGHFf,wRTYbalx,177.0
843,0,FdBCLyPI,DHkaGHFf,177.0
843,0,CrOFTJlw,FdBCLyPI,177.0
843,0,PyGiRErs,CrOFTJlw,177.0
843,0,qflzswAf,PyGiRErs,146.0
1170,0,PNniCxAw,ogOCBKAf,956.0
1170,0,aZaGhhAB,PNniCxAw,959.0
1170,0,CVcknAiw,aZaGhhAB,959.0
1170,0,uGkwFELU,CVcknAiw,959.0
1170,0,LpjIkIID,uGkwFELU,961.0
751,0,xRIuSSHV,lqTAOmVV,2002.0
751,0,HKxWWoBG,xRIuSSHV,2002.0
1607,0,CyKtNncX,aImltWBw,17.0
1607,0,UGBWqSzR,CyKtNncX,17.0
1607,0,ywuGpANM,UGBWqSzR,17.0
1708,0,ffjXMuak,qeXIqBgp,2.0
1708,0,EDdQplwd,ffjXMuak,2.0
1708,0,XbgiSLmy,EDdQplwd,2.0
1708,0,pXlenLUq,XbgiSLmy,2.0
1708,0,DNyXiZzj,pXlenLUq,2.0
1708,0,rEicsBoS,DNyXiZzj,5.0
1708,0,obgmJQzi,rEicsBoS,5.0
1708,0,MPxbDKyu,obgmJQzi,5.0
242,0,tBPmVbcK,qflzswAf,373.0
1019,0,PdLgkxcT,bReIRTiV,197.0
1173,0,QESMqsTJ,JJzKKoaf,1499.0
1173,0,CVcknAiw,aZaGhhAB,1425.0
1173,0,uGkwFELU,CVcknAiw,1425.0
1173,0,TCQmGnBb,uGkwFELU,1433.0
1173,0,JJzKKoaf,TCQmGnBb,1433.0
751,0,AjvyZYOZ,HKxWWoBG,865.0
751,0,LroBKvWh,AjvyZYOZ,834.0
751,0,BsiptQCD,LroBKvWh,834.0
751,0,IMzgpfjO,BsiptQCD,856.0
751,0,AmGPOhem,IMzgpfjO,856.0
1355,0,EXDTntZv,AmGPOhem,116.0
1355,0,xFzHIeRy,EXDTntZv,101.0
1355,0,VycUzKpr,xFzHIeRy,78.0
1355,0,ARQSeSoV,VycUzKpr,78.0
900,0,FZsFzszJ,gzTQJVMW,15.0
900,0,KgwKZlse,FZsFzszJ,15.0
900,0,AoRkaUmb,KgwKZlse,15.0
900,0,ALhaazBT,AoRkaUmb,15.0
900,0,YqlTLIQa,ALhaazBT,15.0
900,0,AUmOMGnp,YqlTLIQa,15.0
900,0,XFPAZveS,AUmOMGnp,14.0
900,0,ojqTFFWy,XFPAZveS,11.0
1408,0,SXdpUnkd,NNAcmEYB,788.0
1408,0,cWGPtAwF,SXdpUnkd,788.0
1408,0,sPOOXkzZ,cWGPtAwF,788.0
1406,0,hqxwmRzJ,FXulXHgs,6.0
1406,0,VtPnVtjF,hqxwmRzJ,6.0
1406,0,hCpAddaw,VtPnVtjF,6.0
1406,0,CHKZpApa,hCpAddaw,6.0
1406,0,YvLuczKe,CHKZpApa,6.0
1406,0,cThdGxLv,YvLuczKe,6.0
1406,0,SUVVzOYC,cThdGxLv,6.0
1406,0,dAxtDTje,SUVVzOYC,4.0
1406,0,KGIBfEut,dAxtDTje,4.0
1406,0,kiTgZeoH,KGIBfEut,4.0
1406,0,eLmJkuZC,kiTgZeoH,3.0
1406,0,UgzfanVk,eLmJkuZC,3.0
1573,0,SoTLWNOq,kZlpJvjE,3.0
1573,0,eAajskRX,SoTLWNOq,3.0
1573,0,FXulXHgs,eAajskRX,3.0
1573,0,ElqrEMfW,FXulXHgs,3.0
1573,0,hqxwmRzJ,ElqrEMfW,3.0
1573,0,VtPnVtjF,hqxwmRzJ,3.0
1573,0,hCpAddaw,VtPnVtjF,3.0
1573,0,CHKZpApa,hCpAddaw,3.0
1573,0,YvLuczKe,CHKZpApa,3.0
1573,0,cThdGxLv,YvLuczKe,3.0
1573,0,SUVVzOYC,cThdGxLv,3.0
1573,0,dAxtDTje,SUVVzOYC,3.0
1573,0,KGIBfEut,dAxtDTje,3.0
1573,0,kiTgZeoH,KGIBfEut,3.0
1573,0,eLmJkuZC,kiTgZeoH,3.0
1573,0,UgzfanVk,eLmJkuZC,3.0
1032,0,EiPYisOM,QhscbmPA,605.0
1032,0,ElqrEMfW,EiPYisOM,605.0
1032,0,hqxwmRzJ,ElqrEMfW,605.0
1032,0,bbltEnah,hqxwmRzJ,24.0
1032,0,jJqyLkNG,bbltEnah,24.0
1032,0,NMFCXTQH,jJqyLkNG,24.0
1032,0,wXyAETzh,NMFCXTQH,24.0
1032,0,GxYrbHur,wXyAETzh,24.0
1032,0,uGbUWjny,GxYrbHur,24.0
1032,0,NsShbegC,uGbUWjny,21.0
1032,0,owraUoxF,NsShbegC,21.0
1032,0,oWTTFPnV,owraUoxF,21.0
1032,0,CHKZpApa,oWTTFPnV,21.0
1032,0,YvLuczKe,CHKZpApa,21.0
1032,0,cThdGxLv,YvLuczKe,21.0
1032,0,SUVVzOYC,cThdGxLv,21.0
1032,0,dAxtDTje,SUVVzOYC,5.0
1032,0,aunBMooM,dAxtDTje,5.0
1032,0,KGIBfEut,aunBMooM,5.0
1032,0,kiTgZeoH,KGIBfEut,5.0
1032,0,eLmJkuZC,kiTgZeoH,2.0
1032,0,uDnSXuvA,eLmJkuZC,2.0
1032,0,UgzfanVk,uDnSXuvA,2.0
1029,0,DhBIcFJB,tBPmVbcK,4895.0
242,0,DhBIcFJB,tBPmVbcK,244.0
751,0,aLRPqQhq,YZpWLtUD,403.0
751,0,mSljWdzX,aLRPqQhq,403.0
751,0,PAsYxpUt,mSljWdzX,403.0
751,0,ILhwWAuu,PAsYxpUt,403.0
751,0,IAqHsGfg,ILhwWAuu,403.0
751,0,JbVeQOiO,IAqHsGfg,403.0
751,0,WKiVoaSt,JbVeQOiO,403.0
1170,0,odfRkvUj,LpjIkIID,675.0
1170,0,sCNvhPqY,odfRkvUj,675.0
1170,0,IjFZQfFh,sCNvhPqY,675.0
1170,0,TYAIdqeQ,IjFZQfFh,675.0
1170,0,Zysthhei,TYAIdqeQ,675.0
1170,0,oEaRMYXq,Zysthhei,675.0
1168,0,iqwUvhKg,isqWGISG,4.0
867,0,uhArLFHO,cBsLzvxc,58.0
867,0,qZeFqHEu,uhArLFHO,58.0
868,0,nfCzcTzh,FrKNovDQ,18.0
868,0,GyLDNPGc,nfCzcTzh,24.0
868,0,qORtFjQM,GyLDNPGc,24.0
868,0,OZmcxPEb,qORtFjQM,24.0
868,0,qgVdByqj,OZmcxPEb,24.0
868,0,jQlVbeqW,qgVdByqj,24.0
867,0,cBsLzvxc,qflzswAf,36.0
868,0,zjOknQHK,CRVKBFrv,15.0
868,0,FrKNovDQ,zjOknQHK,15.0
1395,0,UgzfanVk,SDEQaVyD,24.0
1305,0,WyfCQhSW,ogOCBKAf,473.0
1305,0,erxKyHjj,WyfCQhSW,465.0
1305,0,KjiBWoqR,erxKyHjj,465.0
1083,0,EAwJtHSB,vyojaKRU,499.0
96,0,vyojaKRU,XiXLaJEL,19.0
1040,0,eaNsVWDR,CKorGRkE,113.0
1649,0,WyfCQhSW,ogOCBKAf,804.0
1649,0,erxKyHjj,WyfCQhSW,804.0
1649,0,KjiBWoqR,erxKyHjj,804.0
1649,0,bYNwHuWo,KjiBWoqR,804.0
1649,0,qWvzRbGV,bYNwHuWo,804.0
1649,0,PRzaSxQc,qWvzRbGV,804.0
1649,0,bfKiOFsS,PRzaSxQc,804.0
1649,0,eGbCulMV,bfKiOFsS,804.0
1649,0,CRVKBFrv,eGbCulMV,804.0
1649,0,zjOknQHK,CRVKBFrv,821.0
1649,0,TCeiTEZh,zjOknQHK,1295.0
1650,0,DyENAaIa,dbBlyJgh,447.0
1650,0,dXsdOXmC,DyENAaIa,447.0
1650,0,pWUEfFEM,dXsdOXmC,447.0
1650,0,cBsLzvxc,qflzswAf,167.0
1650,0,MTGLsZPE,cBsLzvxc,440.0
1650,0,bmCACwpU,MTGLsZPE,440.0
1650,0,ndVUpTXG,bmCACwpU,440.0
1650,0,mvSwkBgn,ndVUpTXG,440.0
1650,0,dbBlyJgh,mvSwkBgn,440.0
1170,0,FyAVeoLb,oEaRMYXq,586.0
1355,0,UmISPPJO,ARQSeSoV,20.0
1355,0,VPUbGzfh,UmISPPJO,20.0
1355,0,MVExtcyL,VPUbGzfh,20.0
1355,0,ogOCBKAf,MVExtcyL,20.0
1124,0,CVPWCvNJ,BDmybVdG,1.0
1124,0,muVREKCV,CVPWCvNJ,1.0
1124,0,MpxTTzjt,muVREKCV,1.0
1124,0,BsRMZbGV,MpxTTzjt,1.0
1173,0,ZtKBYERA,QESMqsTJ,711.0
1173,0,BtOUMROM,ZtKBYERA,711.0
1173,0,cwRIXHps,BtOUMROM,711.0
1173,0,jFhGTpOu,cwRIXHps,699.0
1173,0,btKesaAl,jFhGTpOu,699.0
1173,0,UTtjkhMN,btKesaAl,699.0
1173,0,GbOoEgJY,UTtjkhMN,722.0
1173,0,KvUqhblU,GbOoEgJY,721.0
1173,0,VMlGrjvU,KvUqhblU,722.0
1173,0,WlXbaBoJ,VMlGrjvU,722.0
1530,0,kVeKzKrW,zuhYkREh,128.0
1530,0,FfdGxPiD,vxTQjZcJ,86.0
1530,0,nGUGLxPd,FfdGxPiD,86.0
1530,0,hZwGajtf,nGUGLxPd,86.0
1530,0,zuhYkREh,hZwGajtf,86.0
1529,0,kDvrGahi,ejMjPdTH,190.0
1530,0,PNUwxzRj,iaPnRXpR,20.0
1530,0,sxclJLmG,PNUwxzRj,20.0
1530,0,xMTNzVPt,sxclJLmG,20.0
1530,0,AudzmzeZ,xMTNzVPt,20.0
1530,0,QVFxizLc,AudzmzeZ,20.0
1530,0,BKywSEpu,QVFxizLc,20.0
1530,0,PrwDPVMa,BKywSEpu,20.0
1530,0,bjPEDqek,PrwDPVMa,20.0
1530,0,hNvVhacI,bjPEDqek,20.0
1530,0,RTnwKdcX,hNvVhacI,20.0
1530,0,SDEQaVyD,RTnwKdcX,20.0
1530,0,OMhVSsxv,SDEQaVyD,20.0
1530,0,UgzfanVk,OMhVSsxv,20.0
1530,0,fiwqiJeH,UgzfanVk,20.0
1530,0,JaCojcPE,fiwqiJeH,20.0
1530,0,vxTQjZcJ,JaCojcPE,20.0
1530,0,CEZTRnUo,qflzswAf,1.0
1530,0,funWfCdm,CEZTRnUo,1.0
1530,0,rnFrOJMw,funWfCdm,1.0
1530,0,iaPnRXpR,rnFrOJMw,1.0
867,0,sICvpcEb,qZeFqHEu,12.0
867,0,XwJbeVId,sICvpcEb,12.0
867,0,BuUVquxB,XwJbeVId,12.0
867,0,eLEJvIlJ,BuUVquxB,12.0
867,0,suvDbtPR,eLEJvIlJ,12.0
867,0,clVXMHJf,suvDbtPR,9.0
867,0,UXEWVZzP,clVXMHJf,9.0
1170,0,VjSiMBzK,FyAVeoLb,482.0
1170,0,JoqesOWP,VjSiMBzK,482.0
1170,0,ATKbycui,JoqesOWP,482.0
1128,0,yzzIynLu,DhBIcFJB,2106.0
1128,0,ByOODIxa,yzzIynLu,2106.0
1128,0,Ngsxsfae,ByOODIxa,2106.0
1128,0,qDNcQeuw,Ngsxsfae,2132.0
1128,0,DpfRSiIE,qDNcQeuw,2132.0
1128,0,QoKDjrWo,qflzswAf,1555.0
1128,0,tBPmVbcK,QoKDjrWo,1555.0
1128,0,DhBIcFJB,tBPmVbcK,2011.0
1356,0,BjxLEaiN,UTtjkhMN,42.0
1356,0,UsVsFgoS,BjxLEaiN,57.0
1407,0,rJvLUxkA,UgzfanVk,776.0
1407,0,dYlTtQAF,rJvLUxkA,776.0
1032,0,FrCulsqF,VYHZxBYO,219.0
1032,0,KCAssTym,FrCulsqF,219.0
1032,0,WhdKokFf,KCAssTym,549.0
1032,0,QhscbmPA,WhdKokFf,549.0
1128,0,XsvFZXJo,DpfRSiIE,2121.0
1128,0,dJdTBATy,XsvFZXJo,1307.0
1128,0,PzVFlDkT,dJdTBATy,1307.0
1121,0,WIZPpGvl,MnTeelLR,467.0
1121,0,qflzswAf,WIZPpGvl,467.0
1121,0,tBPmVbcK,qflzswAf,467.0
1121,0,DhBIcFJB,tBPmVbcK,467.0
1121,0,ByOODIxa,DhBIcFJB,467.0
1121,0,Ngsxsfae,ByOODIxa,467.0
1121,0,qDNcQeuw,Ngsxsfae,467.0
1121,0,DpfRSiIE,qDNcQeuw,467.0
1121,0,XsvFZXJo,DpfRSiIE,467.0
1121,0,dJdTBATy,XsvFZXJo,286.0
1121,0,PzVFlDkT,dJdTBATy,286.0
1066,0,TsaeiIGv,EkWBPXmr,2.0
1066,0,OsBkWRQx,TsaeiIGv,3.0
1066,0,udlIzhJE,OsBkWRQx,3.0
1066,0,DeduXMzE,udlIzhJE,3.0
1066,0,GXHjZCTL,DeduXMzE,3.0
1066,0,yolIeCeg,GXHjZCTL,3.0
1066,0,ozAxYCwR,yolIeCeg,3.0
1066,0,qdrjbHYS,ozAxYCwR,3.0
1066,0,AKdDiXyV,qdrjbHYS,17.0
1066,0,kZdBhxvo,AKdDiXyV,17.0
1066,0,ZBkAAevT,kZdBhxvo,18.0
1066,0,cMinRgYB,ZBkAAevT,18.0
1066,0,LRmPOeoe,cMinRgYB,18.0
1066,0,tBNXSyMW,LRmPOeoe,18.0
1066,0,ArHpJhVJ,tBNXSyMW,18.0
1066,0,tWpVdCtj,ArHpJhVJ,18.0
1066,0,EdJUuxct,tWpVdCtj,18.0
1066,0,gmiMCrrb,EdJUuxct,18.0
1066,0,DzkWADkh,gmiMCrrb,19.0
1066,0,MjMnNBLG,DzkWADkh,19.0
1066,0,XiRzIewe,MjMnNBLG,19.0
1066,0,HEshVETB,XiRzIewe,19.0
1066,0,WKWTpoqQ,HEshVETB,19.0
1066,0,WlkKexEs,WKWTpoqQ,19.0
1066,0,MyzUerZz,WlkKexEs,150.0
1066,0,VxCMIjeX,fxsyxfZK,506.0
1066,0,BOULhmAk,VxCMIjeX,507.0
1066,0,qhfHNtOQ,BOULhmAk,507.0
1170,0,VXqnYnlT,ATKbycui,243.0
1651,0,KiOCmsmI,bYNwHuWo,19.0
1651,0,QRngTwFS,KiOCmsmI,19.0
1651,0,PxKzEfaJ,QRngTwFS,19.0
1651,0,kKaTqilr,PxKzEfaJ,19.0
1651,0,UUyOnuCZ,kKaTqilr,19.0
1651,0,YbopoHtZ,UUyOnuCZ,2.0
1651,0,LIaalPFl,YbopoHtZ,2.0
1121,0,NXLrCKMp,xiTGCYEl,5.0
1121,0,FyoAuDvn,NXLrCKMp,5.0
1121,0,WOOyqinT,FyoAuDvn,60.0
1121,0,mnkgCFDT,WOOyqinT,60.0
1121,0,kVhbTVuU,mnkgCFDT,123.0
1121,0,IoxYvxeH,kVhbTVuU,128.0
1121,0,yrlDljAC,IoxYvxeH,134.0
1121,0,rBCwdRqs,yrlDljAC,134.0
1121,0,olAnplnl,rBCwdRqs,134.0
1121,0,hpCuKAjH,olAnplnl,137.0
1121,0,tyeyrnYi,hpCuKAjH,137.0
1121,0,HezLsNFQ,tyeyrnYi,137.0
1121,0,eusqYKWT,HezLsNFQ,151.0
1121,0,dCWftKsk,eusqYKWT,151.0
1121,0,HpfZbCVA,dCWftKsk,194.0
1121,0,glDvUhXc,HpfZbCVA,233.0
1121,0,FhKkSAFH,glDvUhXc,233.0
1121,0,taPJzyhF,FhKkSAFH,233.0
1121,0,uaQvVFAB,taPJzyhF,233.0
1121,0,MnTeelLR,uaQvVFAB,233.0
242,0,ByOODIxa,DhBIcFJB,196.0
242,0,Ngsxsfae,ByOODIxa,196.0
242,0,qDNcQeuw,Ngsxsfae,196.0
242,0,DpfRSiIE,qDNcQeuw,196.0
242,0,XsvFZXJo,DpfRSiIE,196.0
1133,0,fJuPdFXq,tFSvrGay,337.0
1029,0,ByOODIxa,DhBIcFJB,5577.0
1029,0,HxSbXXdZ,ByOODIxa,5577.0
1029,0,zlRPdbBz,HxSbXXdZ,5734.0
1029,0,KQaXxZDT,zlRPdbBz,5734.0
867,0,MlYFoaez,UXEWVZzP,1.0
796,0,pPKqPUVW,pwpCkicC,33.0
796,0,slfxTuih,pPKqPUVW,33.0
1440,0,jJVVpGMf,pwpCkicC,66.0
1440,0,pPKqPUVW,jJVVpGMf,66.0
1440,0,slfxTuih,pPKqPUVW,66.0
1462,0,tyrVGRMU,HajxumVd,117.0
1462,0,LhQSpAzy,tyrVGRMU,117.0
1462,0,pwpCkicC,LhQSpAzy,117.0
1462,0,jJVVpGMf,pwpCkicC,117.0
1462,0,tcYerYbk,jJVVpGMf,117.0
1462,0,pPKqPUVW,tcYerYbk,117.0
1462,0,iYTiOTOT,pPKqPUVW,117.0
1462,0,slfxTuih,iYTiOTOT,117.0
1170,0,MYMMmWkN,VXqnYnlT,234.0
1170,0,tUdYLqkf,MYMMmWkN,234.0
156,0,QESMqsTJ,JJzKKoaf,57.0
156,0,ZtKBYERA,QESMqsTJ,73.0
156,0,BtOUMROM,ZtKBYERA,73.0
156,0,cwRIXHps,BtOUMROM,73.0
156,0,jFhGTpOu,cwRIXHps,73.0
156,0,btKesaAl,jFhGTpOu,73.0
156,0,UTtjkhMN,btKesaAl,73.0
156,0,BjxLEaiN,UTtjkhMN,73.0
156,0,joGrBgeB,BjxLEaiN,78.0
156,0,lczxXDao,joGrBgeB,80.0
156,0,YpVxAvQG,YJykDsrc,11.0
156,0,RinxBkUZ,YpVxAvQG,11.0
156,0,LhgNVAOU,RinxBkUZ,11.0
156,0,bPdCVhrp,LhgNVAOU,12.0
156,0,SOVcCDqR,bPdCVhrp,12.0
156,0,FYhykdTj,SOVcCDqR,12.0
156,0,QpprBOSr,FYhykdTj,12.0
156,0,Plxavose,QpprBOSr,14.0
156,0,xqQnPHkt,Plxavose,14.0
156,0,IfTbUocE,xqQnPHkt,14.0
156,0,OgnAStiZ,IfTbUocE,14.0
156,0,kFnjgEzS,OgnAStiZ,14.0
156,0,VFLsoIHD,kFnjgEzS,14.0
156,0,LLWkkTwA,VFLsoIHD,14.0
156,0,ZTMEdEeK,LLWkkTwA,14.0
156,0,ogOCBKAf,ZTMEdEeK,15.0
156,0,PNniCxAw,ogOCBKAf,30.0
156,0,aZaGhhAB,PNniCxAw,50.0
156,0,CVcknAiw,aZaGhhAB,50.0
156,0,uGkwFELU,CVcknAiw,50.0
156,0,IzKulrBJ,uGkwFELU,52.0
156,0,TCQmGnBb,IzKulrBJ,52.0
156,0,JJzKKoaf,TCQmGnBb,52.0
1356,0,aZaGhhAB,ogOCBKAf,7.0
1356,0,CVcknAiw,aZaGhhAB,7.0
1356,0,uGkwFELU,CVcknAiw,7.0
1356,0,QESMqsTJ,uGkwFELU,7.0
1356,0,cwRIXHps,QESMqsTJ,7.0
1356,0,UTtjkhMN,cwRIXHps,7.0
1085,0,VYHZxBYO,vDTAjOOR,983.0
1087,0,zGXQZTlC,VYHZxBYO,850.0
1087,0,OgfqNfUY,zGXQZTlC,848.0
1087,0,YRiTgQXe,OgfqNfUY,834.0
1087,0,rAUblAml,YRiTgQXe,834.0
1087,0,fSQOYpje,rAUblAml,834.0
1087,0,hGRIMrVW,fSQOYpje,834.0
751,0,OHOnJQtA,AmGPOhem,793.0
751,0,VwYVTziR,OHOnJQtA,793.0
751,0,MQGhRgQS,VwYVTziR,784.0
751,0,vHRzQkLM,MQGhRgQS,763.0
751,0,oPITKJYe,vHRzQkLM,763.0
751,0,POTYMsFk,oPITKJYe,763.0
751,0,LuAURVPA,POTYMsFk,739.0
751,0,DfYzlKXm,LuAURVPA,739.0
1132,0,BoavYDPS,RHzXTuOU,627.0
1132,0,yLXUQkCh,BoavYDPS,627.0
1132,0,UgnVLYPx,yLXUQkCh,699.0
1132,0,qgzMfcCH,UgnVLYPx,699.0
1132,0,CSwPNDqz,qgzMfcCH,699.0
1132,0,zIFSdUXT,CSwPNDqz,699.0
1132,0,RQpCZdJL,zIFSdUXT,891.0
1132,0,YkRwsmPU,RQpCZdJL,891.0
1132,0,hFLBtQiP,YkRwsmPU,891.0
1132,0,kXKEwBKv,hFLBtQiP,891.0
1132,0,rAvbFSrB,kXKEwBKv,891.0
1132,0,dONffpoj,rAvbFSrB,891.0
1132,0,ZgirRZil,dONffpoj,891.0
1132,0,OFTTxfUx,ZgirRZil,891.0
1132,0,ZWnHyyqY,OFTTxfUx,891.0
1132,0,TvILSVoy,ZWnHyyqY,891.0
1132,0,bkJSkGrT,TvILSVoy,891.0
1132,0,tFSvrGay,bkJSkGrT,376.0
1167,0,PNniCxAw,ogOCBKAf,31.0
1167,0,aZaGhhAB,PNniCxAw,31.0
1167,0,CVcknAiw,aZaGhhAB,31.0
1167,0,uGkwFELU,CVcknAiw,31.0
1167,0,LpjIkIID,uGkwFELU,31.0
1167,0,odfRkvUj,LpjIkIID,32.0
1167,0,sCNvhPqY,odfRkvUj,32.0
1167,0,IjFZQfFh,sCNvhPqY,32.0
1167,0,TYAIdqeQ,IjFZQfFh,32.0
1167,0,Zysthhei,TYAIdqeQ,32.0
1167,0,oEaRMYXq,Zysthhei,32.0
1167,0,FyAVeoLb,oEaRMYXq,35.0
1167,0,VjSiMBzK,FyAVeoLb,35.0
1167,0,JoqesOWP,VjSiMBzK,35.0
1167,0,ZaTxFLgk,JoqesOWP,35.0
1167,0,idOCTaDY,ZaTxFLgk,41.0
1462,0,SVPLEqNI,slfxTuih,100.0
950,0,FZsFzszJ,gzTQJVMW,29.0
950,0,KgwKZlse,FZsFzszJ,27.0
950,0,AoRkaUmb,KgwKZlse,27.0
950,0,ALhaazBT,AoRkaUmb,27.0
950,0,YqlTLIQa,ALhaazBT,25.0
950,0,AUmOMGnp,YqlTLIQa,25.0
950,0,XFPAZveS,AUmOMGnp,24.0
742,0,FZsFzszJ,gzTQJVMW,5.0
742,0,KgwKZlse,FZsFzszJ,5.0
742,0,ALhaazBT,KgwKZlse,5.0
742,0,YqlTLIQa,ALhaazBT,2.0
96,0,puwcRgFs,vyojaKRU,18.0
1707,0,cIQOVqQI,njiqgOWt,2.0
1707,0,OyAyNkqZ,cIQOVqQI,2.0
1707,0,XiXLaJEL,OyAyNkqZ,2.0
1707,0,fzSWURzx,XiXLaJEL,2.0
1707,0,vyojaKRU,fzSWURzx,2.0
1707,0,puwcRgFs,vyojaKRU,2.0
1407,0,aIrbaHhk,dYlTtQAF,687.0
1407,0,JALpXpKc,aIrbaHhk,687.0
1407,0,WcOcULlY,JALpXpKc,687.0
1407,0,mZFKHZkN,WcOcULlY,687.0
1407,0,hasgHIpb,mZFKHZkN,206.0
1407,0,zttQgzJF,hasgHIpb,151.0
1407,0,fDeHEcoN,zttQgzJF,135.0
1407,0,vztyQdds,fDeHEcoN,135.0
1172,0,QESMqsTJ,JJzKKoaf,146.0
1172,0,ZtKBYERA,QESMqsTJ,188.0
1172,0,ZzGQqLDR,ZtKBYERA,188.0
1172,0,cwRIXHps,ZzGQqLDR,188.0
1172,0,jFhGTpOu,cwRIXHps,188.0
1172,0,btKesaAl,jFhGTpOu,188.0
1172,0,UTtjkhMN,btKesaAl,188.0
1172,0,BjxLEaiN,UTtjkhMN,188.0
1172,0,joGrBgeB,BjxLEaiN,198.0
1172,0,dkKDnHnJ,joGrBgeB,198.0
1172,0,PNniCxAw,ogOCBKAf,107.0
1172,0,aZaGhhAB,PNniCxAw,131.0
1172,0,CVcknAiw,aZaGhhAB,131.0
1172,0,uGkwFELU,CVcknAiw,131.0
1172,0,TCQmGnBb,uGkwFELU,135.0
1172,0,JJzKKoaf,TCQmGnBb,135.0
1029,0,thNcyzdj,KQaXxZDT,4842.0
1029,0,gWHAQwVu,thNcyzdj,4842.0
1128,0,RHzXTuOU,PzVFlDkT,1238.0
1121,0,RHzXTuOU,PzVFlDkT,285.0
242,0,dJdTBATy,XsvFZXJo,104.0
242,0,PzVFlDkT,dJdTBATy,104.0
242,0,RHzXTuOU,PzVFlDkT,104.0
1172,0,TztxJAVO,dkKDnHnJ,135.0
1172,0,xtcBaTeK,TztxJAVO,135.0
1020,0,WyfCQhSW,ogOCBKAf,909.0
1020,0,erxKyHjj,WyfCQhSW,911.0
1020,0,KjiBWoqR,erxKyHjj,911.0
1020,0,bYNwHuWo,KjiBWoqR,911.0
1020,0,MFfExqBx,bYNwHuWo,911.0
1020,0,qWvzRbGV,MFfExqBx,911.0
1020,0,PRzaSxQc,qWvzRbGV,911.0
1020,0,bfKiOFsS,PRzaSxQc,911.0
1020,0,eGbCulMV,bfKiOFsS,911.0
1020,0,CRVKBFrv,eGbCulMV,911.0
1020,0,zjOknQHK,CRVKBFrv,965.0
1020,0,FrKNovDQ,zjOknQHK,965.0
1020,0,nfCzcTzh,FrKNovDQ,965.0
1020,0,ZYiWVpjK,nfCzcTzh,3877.0
1020,0,qTvRhwtK,ZYiWVpjK,3886.0
1020,0,rMamJjcH,qTvRhwtK,3886.0
1167,0,isqWGISG,idOCTaDY,5.0
1132,0,tBPmVbcK,qflzswAf,269.0
1132,0,DhBIcFJB,tBPmVbcK,269.0
1132,0,ByOODIxa,DhBIcFJB,269.0
1132,0,Ngsxsfae,ByOODIxa,269.0
1132,0,qDNcQeuw,Ngsxsfae,383.0
1132,0,DpfRSiIE,qDNcQeuw,383.0
1132,0,XsvFZXJo,DpfRSiIE,383.0
1132,0,dJdTBATy,XsvFZXJo,490.0
1132,0,PzVFlDkT,dJdTBATy,490.0
1132,0,RHzXTuOU,PzVFlDkT,490.0
1128,0,BoavYDPS,RHzXTuOU,912.0
1128,0,yLXUQkCh,BoavYDPS,912.0
242,0,yLXUQkCh,RHzXTuOU,80.0
1121,0,KpBBeKJM,RHzXTuOU,264.0
1128,0,KpBBeKJM,yLXUQkCh,856.0
242,0,KpBBeKJM,yLXUQkCh,78.0
1172,0,cKQpuLql,xtcBaTeK,107.0
845,0,tBPmVbcK,qflzswAf,113.0
845,0,DhBIcFJB,tBPmVbcK,139.0
845,0,ByOODIxa,DhBIcFJB,139.0
845,0,HxSbXXdZ,ByOODIxa,139.0
845,0,zlRPdbBz,HxSbXXdZ,139.0
845,0,KQaXxZDT,zlRPdbBz,139.0
845,0,thNcyzdj,KQaXxZDT,146.0
845,0,gWHAQwVu,thNcyzdj,146.0
845,0,QrnyweDt,gWHAQwVu,167.0
845,0,KTKGWmNj,QrnyweDt,167.0
1042,0,AoRkaUmb,bfpcjsiF,4.0
1042,0,ALhaazBT,AoRkaUmb,4.0
952,0,WzJZybAt,KbKyxild,47.0
952,0,wBZvskGC,WzJZybAt,47.0
1305,0,bYNwHuWo,KjiBWoqR,5.0
1210,0,dpFXbFTh,NxijJQZJ,44.0
1210,0,YpVxAvQG,YJykDsrc,2.0
1210,0,RinxBkUZ,YpVxAvQG,2.0
1210,0,LhgNVAOU,RinxBkUZ,2.0
1210,0,SOVcCDqR,LhgNVAOU,2.0
1210,0,QpprBOSr,SOVcCDqR,2.0
1210,0,xqQnPHkt,QpprBOSr,4.0
1210,0,IfTbUocE,xqQnPHkt,4.0
1210,0,OgnAStiZ,IfTbUocE,4.0
1210,0,NmJVuAxS,OgnAStiZ,4.0
1210,0,VFLsoIHD,NmJVuAxS,4.0
1210,0,LLWkkTwA,VFLsoIHD,4.0
1210,0,ZTMEdEeK,LLWkkTwA,4.0
1210,0,ogOCBKAf,ZTMEdEeK,4.0
1210,0,WyfCQhSW,ogOCBKAf,5.0
1210,0,erxKyHjj,WyfCQhSW,5.0
1210,0,KjiBWoqR,erxKyHjj,5.0
1210,0,bYNwHuWo,KjiBWoqR,5.0
1210,0,MFfExqBx,bYNwHuWo,5.0
1210,0,qWvzRbGV,MFfExqBx,5.0
1210,0,PRzaSxQc,qWvzRbGV,5.0
1210,0,bfKiOFsS,PRzaSxQc,5.0
1210,0,eGbCulMV,bfKiOFsS,5.0
1210,0,CRVKBFrv,eGbCulMV,5.0
1210,0,zjOknQHK,CRVKBFrv,7.0
1210,0,FrKNovDQ,zjOknQHK,7.0
1210,0,nfCzcTzh,FrKNovDQ,7.0
1210,0,ZYiWVpjK,nfCzcTzh,7.0
1210,0,qTvRhwtK,ZYiWVpjK,8.0
1210,0,rMamJjcH,qTvRhwtK,8.0
1210,0,XQBvMmKm,rMamJjcH,8.0
1210,0,hPGLMLbU,XQBvMmKm,40.0
1210,0,RIVMQHVF,hPGLMLbU,40.0
1210,0,TeSdyMFH,RIVMQHVF,40.0
1210,0,XDHbYGPc,TeSdyMFH,41.0
1210,0,qRqIHRjS,XDHbYGPc,41.0
1210,0,QFkvaGqn,qRqIHRjS,41.0
1210,0,OpqnHslm,QFkvaGqn,41.0
1210,0,NxijJQZJ,OpqnHslm,41.0
1066,0,TQJSOMwc,qhfHNtOQ,424.0
1121,0,qgzMfcCH,KpBBeKJM,254.0
1121,0,CSwPNDqz,qgzMfcCH,254.0
1128,0,UgnVLYPx,KpBBeKJM,803.0
1128,0,qgzMfcCH,UgnVLYPx,803.0
1128,0,CSwPNDqz,qgzMfcCH,803.0
1128,0,zIFSdUXT,CSwPNDqz,803.0
1093,0,zrVEttwl,qmRscxuH,50.0
1093,0,KhQckqci,zrVEttwl,50.0
1093,0,NkYJOxxA,KhQckqci,50.0
1093,0,Phtvjmoj,NkYJOxxA,50.0
1020,0,XQBvMmKm,rMamJjcH,3880.0
1020,0,dtLFJEWb,XQBvMmKm,3993.0
1020,0,bCrrhAWe,dtLFJEWb,4055.0
1020,0,UcqSoUUq,bCrrhAWe,4075.0
1020,0,bDoBjPVm,UcqSoUUq,4075.0
1020,0,ZMonkEer,bDoBjPVm,4069.0
1029,0,EqKjvFoW,gWHAQwVu,4777.0
1029,0,NdHXpyCv,EqKjvFoW,4777.0
1029,0,zjKBXJki,NdHXpyCv,4777.0
1029,0,hEihXJEh,zjKBXJki,4451.0
1092,0,vDTAjOOR,yQmtaWgt,769.0
1092,0,VYHZxBYO,vDTAjOOR,762.0
547,0,fVolLZWv,jCwFOmxo,5.0
547,0,UPoJKlTB,fVolLZWv,5.0
547,0,yeocHgUH,UPoJKlTB,5.0
548,0,jCwFOmxo,lPZtleot,54.0
548,0,fVolLZWv,jCwFOmxo,2.0
548,0,UPoJKlTB,fVolLZWv,2.0
548,0,yeocHgUH,UPoJKlTB,2.0
1092,0,imyhTmbO,tkPbrZUX,945.0
1092,0,bTSeOnqx,imyhTmbO,980.0
1092,0,IjwJTwcG,bTSeOnqx,1324.0
1092,0,ywNJwhFn,IjwJTwcG,1324.0
1092,0,yTlhXKos,ywNJwhFn,1389.0
1095,0,XojRXAAa,ojqTFFWy,1256.0
1095,0,nAqhCgXt,XojRXAAa,2853.0
1095,0,zZZsLLct,nAqhCgXt,2853.0
1095,0,uQlhjcGr,zZZsLLct,2853.0
1095,0,nIbIRswk,uQlhjcGr,2853.0
1095,0,YfaruHLV,nIbIRswk,2853.0
1095,0,XpaxRhYo,YfaruHLV,2853.0
1095,0,qYsYtTjJ,XpaxRhYo,2925.0
1095,0,KlSqKJQr,qYsYtTjJ,2950.0
1095,0,VpjCLGIP,KlSqKJQr,3006.0
1095,0,CHKrEoSO,VpjCLGIP,3006.0
1095,0,yObWvrcA,CHKrEoSO,3006.0
1095,0,YTkOXVzm,yObWvrcA,3006.0
1095,0,ywNJwhFn,YTkOXVzm,2810.0
1095,0,yTlhXKos,ywNJwhFn,2810.0
1095,0,ojqTFFWy,zjKsBdNQ,332.0
96,0,ojqTFFWy,puwcRgFs,2.0
1212,0,ChOayZDF,GwQtabhX,21.0
1670,0,tBPmVbcK,qflzswAf,54.0
1670,0,DhBIcFJB,tBPmVbcK,70.0
1670,0,Ngsxsfae,DhBIcFJB,70.0
1670,0,DpfRSiIE,Ngsxsfae,70.0
1670,0,XsvFZXJo,DpfRSiIE,70.0
1670,0,dJdTBATy,XsvFZXJo,86.0
1670,0,RHzXTuOU,dJdTBATy,86.0
1670,0,BoavYDPS,RHzXTuOU,101.0
1670,0,yLXUQkCh,BoavYDPS,101.0
1670,0,KpBBeKJM,yLXUQkCh,109.0
1670,0,qgzMfcCH,KpBBeKJM,109.0
1670,0,SdkcBhFl,qgzMfcCH,109.0
1670,0,nYgtSeyB,SdkcBhFl,117.0
1670,0,gcvrclRe,nYgtSeyB,117.0
1670,0,YzYhtyzO,gcvrclRe,117.0
1128,0,kyzXrTZq,zIFSdUXT,949.0
1121,0,kyzXrTZq,CSwPNDqz,253.0
242,0,CSwPNDqz,KpBBeKJM,77.0
242,0,kyzXrTZq,CSwPNDqz,77.0
873,0,NXLrCKMp,xiTGCYEl,4.0
873,0,FyoAuDvn,NXLrCKMp,4.0
873,0,WOOyqinT,FyoAuDvn,4.0
873,0,mnkgCFDT,WOOyqinT,4.0
873,0,kVhbTVuU,mnkgCFDT,4.0
873,0,IoxYvxeH,kVhbTVuU,4.0
873,0,yrlDljAC,IoxYvxeH,4.0
873,0,rBCwdRqs,yrlDljAC,4.0
873,0,olAnplnl,rBCwdRqs,4.0
873,0,hpCuKAjH,olAnplnl,4.0
873,0,tyeyrnYi,hpCuKAjH,4.0
873,0,HezLsNFQ,tyeyrnYi,4.0
873,0,eusqYKWT,HezLsNFQ,4.0
873,0,dCWftKsk,eusqYKWT,4.0
873,0,HpfZbCVA,dCWftKsk,5.0
873,0,glDvUhXc,HpfZbCVA,5.0
873,0,FhKkSAFH,glDvUhXc,5.0
873,0,taPJzyhF,FhKkSAFH,5.0
873,0,uaQvVFAB,taPJzyhF,5.0
873,0,MnTeelLR,uaQvVFAB,5.0
873,0,WIZPpGvl,MnTeelLR,21.0
873,0,qflzswAf,WIZPpGvl,23.0
873,0,tBPmVbcK,qflzswAf,37.0
873,0,DhBIcFJB,tBPmVbcK,39.0
873,0,ByOODIxa,DhBIcFJB,39.0
873,0,Ngsxsfae,ByOODIxa,39.0
873,0,qDNcQeuw,Ngsxsfae,44.0
873,0,DpfRSiIE,qDNcQeuw,44.0
873,0,XsvFZXJo,DpfRSiIE,44.0
873,0,dJdTBATy,XsvFZXJo,46.0
873,0,PzVFlDkT,dJdTBATy,46.0
873,0,RHzXTuOU,PzVFlDkT,46.0
873,0,ZEXMhMxR,RHzXTuOU,116.0
1085,0,cudxYHxf,eJIFTpTd,1413.0
1085,0,WneZtuRq,cudxYHxf,1413.0
1024,0,bCrrhAWe,dtLFJEWb,2795.0
1024,0,UcqSoUUq,bCrrhAWe,2883.0
1024,0,bDoBjPVm,UcqSoUUq,2883.0
1024,0,ZMonkEer,bDoBjPVm,2883.0
1024,0,WHGPMVcf,ZMonkEer,2892.0
1024,0,ISsnXLUH,WHGPMVcf,2902.0
1095,0,zjKsBdNQ,puwcRgFs,331.0
1092,0,EzrJiyuu,PYaiedjY,61.0
1092,0,mZAcIEme,EzrJiyuu,61.0
1092,0,LPSpTPgJ,mZAcIEme,61.0
1092,0,tkPbrZUX,LPSpTPgJ,61.0
1405,0,rJvLUxkA,SDEQaVyD,1.0
1405,0,dYlTtQAF,rJvLUxkA,1.0
1405,0,aIrbaHhk,dYlTtQAF,1.0
1405,0,WcOcULlY,aIrbaHhk,1.0
1405,0,mZFKHZkN,WcOcULlY,1.0
1405,0,hasgHIpb,mZFKHZkN,1.0
1405,0,zttQgzJF,hasgHIpb,1.0
1405,0,fDeHEcoN,zttQgzJF,1.0
1405,0,SLBRjSUI,fDeHEcoN,1.0
1405,0,vXHOZRfg,SLBRjSUI,1.0
1405,0,vVYNiaQm,vXHOZRfg,1.0
1405,0,PCoLzpeW,vVYNiaQm,1.0
1405,0,ZuMtkZMj,PCoLzpeW,1.0
1362,0,WJvaarbI,CdAgvpNU,1.0
1362,0,JzVUaFrl,WJvaarbI,1.0
1362,0,gjOgguRV,JzVUaFrl,1.0
1362,0,obftSQtS,gjOgguRV,1.0
1362,0,yKgFraCR,obftSQtS,1.0
1362,0,LIDMLZkw,yKgFraCR,1.0
1362,0,JEpPbBSc,LIDMLZkw,1.0
1362,0,YkNJvTAu,JEpPbBSc,1.0
1362,0,TIlepZYr,YkNJvTAu,1.0
1362,0,BmQLYaPd,TIlepZYr,1.0
1362,0,UvdLYolu,BmQLYaPd,1.0
1362,0,ZFKsyBay,UvdLYolu,1.0
1362,0,suvDbtPR,ZFKsyBay,1.0
1362,0,clVXMHJf,suvDbtPR,1.0
1362,0,UXEWVZzP,clVXMHJf,1.0
1362,0,MlYFoaez,UXEWVZzP,1.0
1362,0,XeinAhyy,MlYFoaez,1.0
1362,0,pGpZhRvq,XeinAhyy,1.0
1362,0,alaJPSTW,pGpZhRvq,1.0
1362,0,ngNzeSzC,alaJPSTW,1.0
1362,0,PHuvYJrP,ngNzeSzC,1.0
1362,0,FoxIDeQY,PHuvYJrP,1.0
1362,0,dZoxKDmD,FoxIDeQY,1.0
1362,0,ZOuLYtJj,dZoxKDmD,1.0
1362,0,SGnJOquj,ZOuLYtJj,1.0
1362,0,vacPrbQA,SGnJOquj,1.0
1019,0,bReIRTiV,CVPWCvNJ,199.0
1020,0,WHGPMVcf,ZMonkEer,368.0
1020,0,ZREdtiHO,WHGPMVcf,375.0
1020,0,qwyUufRP,ZREdtiHO,375.0
1121,0,BOpyePJp,kyzXrTZq,232.0
1121,0,NcDEDzEB,BOpyePJp,232.0
242,0,BOpyePJp,kyzXrTZq,69.0
242,0,NcDEDzEB,BOpyePJp,69.0
1128,0,BOpyePJp,kyzXrTZq,796.0
1128,0,NcDEDzEB,BOpyePJp,796.0
249,0,PslqBzpy,hfZqYEAo,2.0
1029,0,diQHouff,hEihXJEh,3135.0
1029,0,kynUbZOw,diQHouff,3135.0
1029,0,OCOnFIfy,kynUbZOw,3135.0
1092,0,WIFNytoC,yTlhXKos,948.0
1092,0,PorTAzNX,WIFNytoC,948.0
1092,0,OjBZWzOO,PorTAzNX,983.0
249,0,tBPmVbcK,qflzswAf,2.0
249,0,DhBIcFJB,tBPmVbcK,2.0
249,0,ByOODIxa,DhBIcFJB,2.0
249,0,HxSbXXdZ,ByOODIxa,2.0
249,0,zlRPdbBz,HxSbXXdZ,2.0
249,0,KQaXxZDT,zlRPdbBz,2.0
249,0,thNcyzdj,KQaXxZDT,2.0
249,0,gWHAQwVu,thNcyzdj,2.0
249,0,EqKjvFoW,gWHAQwVu,2.0
249,0,NdHXpyCv,EqKjvFoW,2.0
249,0,zjKBXJki,NdHXpyCv,2.0
249,0,hEihXJEh,zjKBXJki,2.0
249,0,iqMJUHot,hEihXJEh,2.0
249,0,CSBDiLzN,iqMJUHot,2.0
249,0,BeRwFfIz,CSBDiLzN,2.0
249,0,VjDsPPFB,BeRwFfIz,2.0
249,0,mmqTHjuO,VjDsPPFB,2.0
249,0,qPaBcVFr,mmqTHjuO,2.0
249,0,rGzXXKgE,qPaBcVFr,2.0
249,0,MuwhurCb,rGzXXKgE,2.0
249,0,tpYpVLnP,MuwhurCb,2.0
547,0,AszcEtOu,pdQlgkSh,1.0
1024,0,ATfuHlGy,ISsnXLUH,522.0
1024,0,vEvIjqMc,ATfuHlGy,522.0
1024,0,JfDYhvZz,vEvIjqMc,514.0
1024,0,NwMeBpFQ,JfDYhvZz,514.0
1024,0,hNkOvWXQ,NwMeBpFQ,512.0
1095,0,WIFNytoC,yTlhXKos,1949.0
1095,0,PorTAzNX,WIFNytoC,1949.0
1574,0,eKMWhxRF,lqMPnIra,1.0
1574,0,pRsoSsPh,eKMWhxRF,1.0
1574,0,pUxrqkbR,pRsoSsPh,1.0
1574,0,GmRorurF,pUxrqkbR,1.0
1574,0,rWJbJwsc,GmRorurF,1.0
1574,0,uuIZngLh,rWJbJwsc,1.0
1574,0,gHWJyJxY,uuIZngLh,1.0
1574,0,oXQrzcje,gHWJyJxY,1.0
1574,0,fyqDJAhS,oXQrzcje,1.0
1574,0,CSzsuVOH,fyqDJAhS,1.0
1574,0,aUZoPZMc,CSzsuVOH,1.0
1574,0,xOhGqygU,aUZoPZMc,1.0
1574,0,qOuhMtTj,xOhGqygU,1.0
1574,0,KCvWJpxq,qOuhMtTj,1.0
1574,0,YcrsfAeA,KCvWJpxq,1.0
1574,0,cfrRCwNB,YcrsfAeA,1.0
1574,0,TFSGEQcQ,cfrRCwNB,1.0
1574,0,fjFZwaYy,TFSGEQcQ,1.0
1574,0,nxFmOJAJ,fjFZwaYy,1.0
1574,0,GznDzxNt,nxFmOJAJ,1.0
1574,0,jappmlZc,GznDzxNt,1.0
1574,0,JGAJXRSN,jappmlZc,1.0
1574,0,SDEQaVyD,JGAJXRSN,1.0
1574,0,rJvLUxkA,SDEQaVyD,1.0
1574,0,dYlTtQAF,rJvLUxkA,1.0
1574,0,aIrbaHhk,dYlTtQAF,1.0
1574,0,WcOcULlY,aIrbaHhk,1.0
1574,0,mZFKHZkN,WcOcULlY,1.0
1574,0,hasgHIpb,mZFKHZkN,1.0
1574,0,zttQgzJF,hasgHIpb,1.0
1574,0,fDeHEcoN,zttQgzJF,1.0
1574,0,SLBRjSUI,fDeHEcoN,1.0
1574,0,vXHOZRfg,SLBRjSUI,1.0
1574,0,vVYNiaQm,vXHOZRfg,1.0
1574,0,PCoLzpeW,vVYNiaQm,1.0
1574,0,ZuMtkZMj,PCoLzpeW,1.0
1574,0,BcDUAKxF,ZuMtkZMj,1.0
1574,0,jJqyLkNG,BcDUAKxF,1.0
1574,0,kZlpJvjE,jJqyLkNG,1.0
1095,0,OjBZWzOO,PorTAzNX,1868.0
1095,0,KrLSLIZd,OjBZWzOO,1823.0
1095,0,yQmtaWgt,KrLSLIZd,1823.0
1037,0,CRypXqTk,KlSqKJQr,510.0
1037,0,PYaiedjY,CRypXqTk,510.0
1037,0,EzrJiyuu,PYaiedjY,525.0
1037,0,mZAcIEme,EzrJiyuu,525.0
1037,0,LPSpTPgJ,mZAcIEme,525.0
1037,0,AoIEptMM,LPSpTPgJ,525.0
1037,0,imyhTmbO,AoIEptMM,525.0
1037,0,bTSeOnqx,imyhTmbO,529.0
1037,0,yCXbqkBs,bTSeOnqx,573.0
1037,0,wBoWGskO,yCXbqkBs,573.0
1037,0,FYojKDQC,wBoWGskO,573.0
1037,0,riqYNvhO,FYojKDQC,573.0
1037,0,nvXuJriv,riqYNvhO,599.0
1037,0,ljAdwZQx,nvXuJriv,619.0
1037,0,MMTihhSZ,ljAdwZQx,647.0
1037,0,njohAsHY,MMTihhSZ,647.0
1037,0,XAYpuJXt,njohAsHY,647.0
1037,0,aJLjpITr,XAYpuJXt,647.0
1037,0,bOLOjiIO,aJLjpITr,896.0
1037,0,wplYsKZY,bOLOjiIO,853.0
1037,0,NIHIRqnZ,wplYsKZY,853.0
1037,0,IkEoBHlk,NIHIRqnZ,826.0
1037,0,TPJRAOrt,IkEoBHlk,826.0
1037,0,wtfdArpr,TPJRAOrt,727.0
1037,0,VTbufxnV,wtfdArpr,727.0
1037,0,UEqgngwR,VTbufxnV,845.0
1037,0,noxZOiRl,UEqgngwR,845.0
1037,0,eLJZyPxv,noxZOiRl,845.0
1037,0,ZsmZvPrK,eLJZyPxv,842.0
1037,0,MMfKYZmE,ZsmZvPrK,842.0
1037,0,MvGjEBBL,MMfKYZmE,842.0
1088,0,CVPWCvNJ,BDmybVdG,281.0
1088,0,muVREKCV,CVPWCvNJ,495.0
1088,0,BsRMZbGV,muVREKCV,495.0
1031,0,PCoLzpeW,vVYNiaQm,627.0
1031,0,jhveKcoA,PCoLzpeW,627.0
1031,0,OjBZWzOO,jhveKcoA,627.0
751,0,oOCTcNdW,DfYzlKXm,400.0
751,0,pGtbhfkH,oOCTcNdW,398.0
751,0,fiQiCtwF,pGtbhfkH,398.0
751,0,bwmOWcVr,fiQiCtwF,398.0
751,0,YZpWLtUD,bwmOWcVr,398.0
1024,0,fAHeYbsJ,hNkOvWXQ,508.0
1024,0,YeMdKIsv,fAHeYbsJ,493.0
1024,0,JKUDRqIp,YeMdKIsv,493.0
1024,0,ixunSlAs,JKUDRqIp,493.0
1024,0,sYDsxIhh,ixunSlAs,493.0
1024,0,gOnMxlos,sYDsxIhh,473.0
1024,0,iIARpDWU,gOnMxlos,473.0
1024,0,BDmybVdG,iIARpDWU,74.0
1108,0,tBPmVbcK,qflzswAf,309.0
1108,0,DhBIcFJB,tBPmVbcK,309.0
1108,0,ByOODIxa,DhBIcFJB,325.0
1108,0,HxSbXXdZ,ByOODIxa,325.0
1108,0,zlRPdbBz,HxSbXXdZ,325.0
1108,0,KQaXxZDT,zlRPdbBz,325.0
1108,0,thNcyzdj,KQaXxZDT,326.0
1108,0,gWHAQwVu,thNcyzdj,326.0
1108,0,laDYeHNU,gWHAQwVu,326.0
1108,0,EqKjvFoW,laDYeHNU,326.0
1108,0,NdHXpyCv,EqKjvFoW,326.0
1108,0,zjKBXJki,NdHXpyCv,326.0
1108,0,hEihXJEh,zjKBXJki,326.0
1108,0,iqMJUHot,hEihXJEh,336.0
1108,0,CSBDiLzN,iqMJUHot,336.0
1108,0,BeRwFfIz,CSBDiLzN,336.0
1108,0,VjDsPPFB,BeRwFfIz,336.0
1108,0,mmqTHjuO,VjDsPPFB,336.0
1108,0,qPaBcVFr,mmqTHjuO,336.0
1108,0,rGzXXKgE,qPaBcVFr,336.0
1108,0,UMTLMNkc,rGzXXKgE,336.0
774,0,IWuAfYeM,aCcokpIU,15.0
774,0,AKEMZMhk,IWuAfYeM,15.0
774,0,oXDhDxhT,AKEMZMhk,15.0
774,0,twlwLPZj,oXDhDxhT,15.0
774,0,NjRgIRup,twlwLPZj,15.0
774,0,ygaPVVOX,NjRgIRup,17.0
774,0,SgmzKmGa,ygaPVVOX,17.0
774,0,oaiHprKy,SgmzKmGa,17.0
774,0,EKGAgXOm,oaiHprKy,17.0
774,0,RqCzrtQl,EKGAgXOm,17.0
774,0,CfDISmMN,RqCzrtQl,17.0
774,0,CtzBEXfZ,CfDISmMN,17.0
774,0,RpAFtJSl,CtzBEXfZ,17.0
774,0,PcvuCqyL,RpAFtJSl,17.0
774,0,QOMpmplr,PcvuCqyL,17.0
774,0,HNejbQWJ,QOMpmplr,17.0
774,0,dQfoCLXo,HNejbQWJ,17.0
774,0,NJLhSMnp,dQfoCLXo,17.0
774,0,lyEtzViy,NJLhSMnp,17.0
774,0,uVrlMgNx,lyEtzViy,17.0
774,0,ZsNhjIbg,uVrlMgNx,17.0
774,0,GhOGJPtU,ZsNhjIbg,17.0
774,0,WOuDNhbw,GhOGJPtU,17.0
774,0,oWUXSqrA,WOuDNhbw,17.0
774,0,CYkmgDbv,oWUXSqrA,17.0
774,0,ORrZduNE,CYkmgDbv,17.0
774,0,eypuAxqa,ORrZduNE,17.0
774,0,DSVnhmbs,eypuAxqa,17.0
774,0,hCKRONaA,DSVnhmbs,18.0
774,0,TGKbjQzH,hCKRONaA,18.0
774,0,RoreEsYU,TGKbjQzH,18.0
774,0,AlpXiRiW,RoreEsYU,18.0
774,0,lzmDRtwN,AlpXiRiW,21.0
774,0,AszcEtOu,BpAiVnps,7.0
774,0,TcEVvOUM,AszcEtOu,7.0
774,0,qGnNRXVR,TcEVvOUM,7.0
774,0,MwLdaJul,qGnNRXVR,7.0
774,0,QUMnpJQp,MwLdaJul,7.0
774,0,FyIjwLBj,QUMnpJQp,7.0
774,0,vXPGJwVk,FyIjwLBj,7.0
774,0,qzuHypgA,vXPGJwVk,7.0
774,0,KCMgfriT,qzuHypgA,8.0
774,0,TDvESTZN,KCMgfriT,14.0
774,0,WlkKexEs,TDvESTZN,14.0
774,0,MyzUerZz,WlkKexEs,14.0
774,0,hTBkjNzq,MyzUerZz,14.0
774,0,aCcokpIU,hTBkjNzq,14.0
1350,0,BtOIBpGz,ETbpojBo,229.0
1350,0,zPRLnBWY,BtOIBpGz,229.0
1350,0,RIVMQHVF,hPGLMLbU,235.0
1350,0,KnZwSPch,RIVMQHVF,235.0
1350,0,kzVeZOug,KnZwSPch,237.0
1350,0,SjbStynf,kzVeZOug,237.0
1350,0,ETbpojBo,SjbStynf,237.0
1350,0,JPPpoTSL,zPRLnBWY,228.0
1350,0,nZBlQeCn,JPPpoTSL,228.0
1350,0,uuJJSerx,nZBlQeCn,228.0
1350,0,gQzVJRdQ,uuJJSerx,228.0
1350,0,ZYiWVpjK,nfCzcTzh,47.0
1350,0,qTvRhwtK,ZYiWVpjK,47.0
1350,0,rMamJjcH,qTvRhwtK,47.0
1350,0,XQBvMmKm,rMamJjcH,47.0
1350,0,hPGLMLbU,XQBvMmKm,165.0
1026,0,YpVxAvQG,YJykDsrc,1.0
1026,0,LhgNVAOU,YpVxAvQG,1.0
1026,0,SOVcCDqR,LhgNVAOU,1.0
1026,0,QpprBOSr,SOVcCDqR,1.0
1026,0,xqQnPHkt,QpprBOSr,1.0
1026,0,NmJVuAxS,xqQnPHkt,1.0
1026,0,VFLsoIHD,NmJVuAxS,1.0
1026,0,LLWkkTwA,VFLsoIHD,1.0
1026,0,ogOCBKAf,LLWkkTwA,1.0
1026,0,WyfCQhSW,ogOCBKAf,1.0
1026,0,erxKyHjj,WyfCQhSW,1.0
1026,0,KjiBWoqR,erxKyHjj,1.0
1026,0,bYNwHuWo,KjiBWoqR,1.0
1026,0,MFfExqBx,bYNwHuWo,1.0
1026,0,qWvzRbGV,MFfExqBx,1.0
1026,0,PRzaSxQc,qWvzRbGV,1.0
1026,0,bfKiOFsS,PRzaSxQc,1.0
1026,0,eGbCulMV,bfKiOFsS,1.0
1026,0,CRVKBFrv,eGbCulMV,1.0
1026,0,zjOknQHK,CRVKBFrv,1.0
1026,0,FrKNovDQ,zjOknQHK,1.0
1026,0,nfCzcTzh,FrKNovDQ,1.0
1026,0,ZYiWVpjK,nfCzcTzh,1.0
1026,0,qTvRhwtK,ZYiWVpjK,1.0
1026,0,XQBvMmKm,qTvRhwtK,1.0
1026,0,dtLFJEWb,XQBvMmKm,1.0
1026,0,bCrrhAWe,dtLFJEWb,1.0
1026,0,UcqSoUUq,bCrrhAWe,1.0
1026,0,bDoBjPVm,UcqSoUUq,1.0
1026,0,ZMonkEer,bDoBjPVm,1.0
1026,0,WHGPMVcf,ZMonkEer,1.0
1026,0,ZREdtiHO,WHGPMVcf,1.0
1026,0,qwyUufRP,ZREdtiHO,1.0
1026,0,RRRcnUab,qwyUufRP,1.0
1026,0,AwPzPEra,RRRcnUab,1.0
1026,0,TQpFrPqQ,AwPzPEra,1.0
1026,0,YczuIoUc,TQpFrPqQ,3.0
774,0,mVndxrwG,lzmDRtwN,1.0
774,0,TgetSQHU,mVndxrwG,1.0
1031,0,goRcVeQH,UgzfanVk,2.0
1031,0,rJvLUxkA,goRcVeQH,2.0
1031,0,dYlTtQAF,rJvLUxkA,2.0
1031,0,aIrbaHhk,dYlTtQAF,7.0
1031,0,JALpXpKc,aIrbaHhk,7.0
1031,0,WcOcULlY,JALpXpKc,7.0
1031,0,mZFKHZkN,WcOcULlY,7.0
1031,0,hasgHIpb,mZFKHZkN,12.0
1031,0,zttQgzJF,hasgHIpb,12.0
1031,0,fDeHEcoN,zttQgzJF,12.0
1031,0,SLBRjSUI,fDeHEcoN,12.0
1031,0,MGIiIvBH,SLBRjSUI,12.0
1031,0,LObiCWKO,MGIiIvBH,12.0
1031,0,wfyTeotc,LObiCWKO,12.0
1031,0,hBSPMzNd,wfyTeotc,14.0
1031,0,NMFCXTQH,hBSPMzNd,14.0
1031,0,irunVpff,NMFCXTQH,14.0
1031,0,SoTLWNOq,irunVpff,14.0
1031,0,rmmCKKeS,SoTLWNOq,14.0
1031,0,vVYNiaQm,rmmCKKeS,14.0
1350,0,WyfCQhSW,ogOCBKAf,7.0
1350,0,bYNwHuWo,WyfCQhSW,7.0
1350,0,MFfExqBx,bYNwHuWo,7.0
1350,0,qWvzRbGV,MFfExqBx,7.0
1350,0,PRzaSxQc,qWvzRbGV,7.0
1350,0,bfKiOFsS,PRzaSxQc,7.0
1350,0,eGbCulMV,bfKiOFsS,7.0
1350,0,CRVKBFrv,eGbCulMV,7.0
1350,0,zjOknQHK,CRVKBFrv,8.0
1350,0,FrKNovDQ,zjOknQHK,8.0
1350,0,nfCzcTzh,FrKNovDQ,8.0
1095,0,vDTAjOOR,yQmtaWgt,1763.0
1095,0,VYHZxBYO,vDTAjOOR,1763.0
1085,0,nvXuJriv,riqYNvhO,1835.0
1085,0,ljAdwZQx,nvXuJriv,1831.0
1085,0,MMTihhSZ,ljAdwZQx,1739.0
1085,0,njohAsHY,MMTihhSZ,1739.0
1085,0,XAYpuJXt,njohAsHY,1739.0
1085,0,eJIFTpTd,XAYpuJXt,1739.0
1085,0,vDTAjOOR,yQmtaWgt,969.0
1031,0,KrLSLIZd,OjBZWzOO,597.0
1031,0,yQmtaWgt,KrLSLIZd,597.0
1031,0,vDTAjOOR,yQmtaWgt,255.0
1031,0,VYHZxBYO,vDTAjOOR,255.0
1020,0,JKUDRqIp,YeMdKIsv,379.0
1020,0,ixunSlAs,JKUDRqIp,379.0
1020,0,sYDsxIhh,ixunSlAs,379.0
1020,0,RRRcnUab,qwyUufRP,346.0
1020,0,elkChQHJ,RRRcnUab,346.0
1020,0,fAHeYbsJ,elkChQHJ,346.0
1020,0,YeMdKIsv,fAHeYbsJ,340.0
1128,0,PslqBzpy,NcDEDzEB,772.0
1128,0,FcIwyDhH,PslqBzpy,772.0
1128,0,oFutYOve,FcIwyDhH,772.0
1128,0,TKdEYLTT,oFutYOve,772.0
1128,0,PRqBOnQV,TKdEYLTT,772.0
1128,0,tKHOTHLP,PRqBOnQV,772.0
1029,0,FrCulsqF,VYHZxBYO,1544.0
1029,0,otbIuZHd,FrCulsqF,1544.0
1024,0,WyfCQhSW,ogOCBKAf,777.0
1024,0,erxKyHjj,WyfCQhSW,792.0
1024,0,KjiBWoqR,erxKyHjj,792.0
1024,0,bYNwHuWo,KjiBWoqR,792.0
1024,0,MFfExqBx,bYNwHuWo,792.0
1024,0,qWvzRbGV,MFfExqBx,792.0
1024,0,PRzaSxQc,qWvzRbGV,792.0
1024,0,bfKiOFsS,PRzaSxQc,792.0
1024,0,eGbCulMV,bfKiOFsS,792.0
1024,0,CRVKBFrv,eGbCulMV,792.0
1024,0,zjOknQHK,CRVKBFrv,826.0
1024,0,FrKNovDQ,zjOknQHK,826.0
1024,0,nfCzcTzh,FrKNovDQ,826.0
1024,0,ZYiWVpjK,nfCzcTzh,2043.0
1024,0,qTvRhwtK,ZYiWVpjK,2064.0
1024,0,XQBvMmKm,qTvRhwtK,2064.0
1024,0,dtLFJEWb,XQBvMmKm,2477.0
242,0,PslqBzpy,NcDEDzEB,67.0
242,0,FcIwyDhH,PslqBzpy,67.0
242,0,oFutYOve,FcIwyDhH,67.0
242,0,TKdEYLTT,oFutYOve,67.0
242,0,PRqBOnQV,TKdEYLTT,67.0
242,0,tKHOTHLP,PRqBOnQV,67.0
242,0,JYjcxadu,tKHOTHLP,6.0
242,0,YIEuAZyW,JYjcxadu,6.0
242,0,iIARpDWU,YIEuAZyW,6.0
242,0,BDmybVdG,iIARpDWU,6.0
1121,0,PslqBzpy,NcDEDzEB,211.0
1121,0,FcIwyDhH,PslqBzpy,211.0
1121,0,oFutYOve,FcIwyDhH,211.0
1121,0,TKdEYLTT,oFutYOve,211.0
1121,0,PRqBOnQV,TKdEYLTT,211.0
1121,0,tKHOTHLP,PRqBOnQV,211.0
1121,0,JYjcxadu,tKHOTHLP,69.0
1121,0,dIzWcSEA,JYjcxadu,69.0
1121,0,MlpnqsOY,dIzWcSEA,1.0
1121,0,YIEuAZyW,MlpnqsOY,1.0
1121,0,iIARpDWU,YIEuAZyW,1.0
249,0,FcIwyDhH,PslqBzpy,1.0
249,0,oFutYOve,FcIwyDhH,1.0
249,0,TKdEYLTT,oFutYOve,1.0
249,0,PRqBOnQV,TKdEYLTT,1.0
249,0,tKHOTHLP,PRqBOnQV,1.0
1029,0,MnOJOxue,otbIuZHd,1626.0
1029,0,xxspkKkA,MnOJOxue,1626.0
1029,0,yRzWvBCa,xxspkKkA,1626.0
1029,0,jaDdFMxy,yRzWvBCa,1626.0
1029,0,dNagXJoD,jaDdFMxy,1626.0
1023,0,bReIRTiV,CVPWCvNJ,505.0
1023,0,PdLgkxcT,bReIRTiV,505.0
1023,0,mxJvcQxS,PdLgkxcT,537.0
1023,0,tSdKaLnH,mxJvcQxS,537.0
1023,0,HoEIDywv,tSdKaLnH,537.0
1023,0,bLNlBUaT,HoEIDywv,537.0
1023,0,AwPzPEra,bLNlBUaT,543.0
1023,0,CVPWCvNJ,BDmybVdG,153.0
1025,0,nwkrSJhR,fjelfjhU,2.0
1368,0,imyhTmbO,tkPbrZUX,44.0
1368,0,bTSeOnqx,imyhTmbO,44.0
1368,0,yCXbqkBs,bTSeOnqx,63.0
1368,0,wBoWGskO,yCXbqkBs,63.0
1368,0,FYojKDQC,wBoWGskO,63.0
1368,0,riqYNvhO,FYojKDQC,63.0
1368,0,nvXuJriv,riqYNvhO,72.0
1368,0,ljAdwZQx,nvXuJriv,82.0
1368,0,MMTihhSZ,ljAdwZQx,97.0
1368,0,njohAsHY,MMTihhSZ,97.0
1368,0,vigCHzUD,njohAsHY,97.0
1368,0,MnGOlshE,vigCHzUD,97.0
1368,0,nAqhCgXt,XojRXAAa,37.0
1368,0,zZZsLLct,nAqhCgXt,37.0
1368,0,uQlhjcGr,zZZsLLct,37.0
1368,0,nIbIRswk,uQlhjcGr,37.0
1368,0,YfaruHLV,nIbIRswk,37.0
1368,0,PkIPVRtB,YfaruHLV,37.0
1368,0,XpaxRhYo,PkIPVRtB,37.0
1368,0,qYsYtTjJ,XpaxRhYo,38.0
1368,0,KlSqKJQr,qYsYtTjJ,38.0
1368,0,CRypXqTk,KlSqKJQr,38.0
1368,0,PYaiedjY,CRypXqTk,38.0
1368,0,EzrJiyuu,PYaiedjY,41.0
1368,0,mZAcIEme,EzrJiyuu,41.0
1368,0,LPSpTPgJ,mZAcIEme,41.0
1368,0,tkPbrZUX,LPSpTPgJ,41.0
1368,0,XojRXAAa,ojqTFFWy,2.0
330,0,aUZoPZMc,dCWftKsk,88.0
330,0,xOhGqygU,aUZoPZMc,88.0
330,0,qOuhMtTj,xOhGqygU,88.0
330,0,YcrsfAeA,qOuhMtTj,88.0
330,0,cfrRCwNB,YcrsfAeA,88.0
330,0,TFSGEQcQ,cfrRCwNB,88.0
330,0,fjFZwaYy,TFSGEQcQ,88.0
330,0,lSWJJvzr,fjFZwaYy,88.0
330,0,nxFmOJAJ,lSWJJvzr,88.0
330,0,jappmlZc,nxFmOJAJ,88.0
330,0,JGAJXRSN,jappmlZc,88.0
330,0,SDEQaVyD,JGAJXRSN,88.0
330,0,rJvLUxkA,SDEQaVyD,130.0
330,0,aIrbaHhk,rJvLUxkA,130.0
330,0,JALpXpKc,aIrbaHhk,130.0
330,0,WcOcULlY,JALpXpKc,130.0
330,0,hasgHIpb,WcOcULlY,130.0
330,0,SLBRjSUI,hasgHIpb,130.0
330,0,vztyQdds,SLBRjSUI,130.0
330,0,vVYNiaQm,vztyQdds,506.0
330,0,hXVJsXkF,vVYNiaQm,1087.0
1113,0,ygaPVVOX,NjRgIRup,212.0
1113,0,SgmzKmGa,ygaPVVOX,212.0
1113,0,EKGAgXOm,SgmzKmGa,219.0
1113,0,CfDISmMN,EKGAgXOm,219.0
1113,0,RpAFtJSl,CfDISmMN,246.0
1113,0,PcvuCqyL,RpAFtJSl,251.0
1113,0,HNejbQWJ,PcvuCqyL,251.0
1113,0,lyEtzViy,HNejbQWJ,254.0
1113,0,uVrlMgNx,lyEtzViy,279.0
1113,0,ZsNhjIbg,uVrlMgNx,300.0
1113,0,GhOGJPtU,ZsNhjIbg,300.0
1113,0,WOuDNhbw,GhOGJPtU,309.0
1113,0,oWUXSqrA,WOuDNhbw,309.0
1113,0,CYkmgDbv,oWUXSqrA,309.0
1113,0,ORrZduNE,CYkmgDbv,322.0
1113,0,eypuAxqa,ORrZduNE,322.0
1113,0,DSVnhmbs,eypuAxqa,328.0
1113,0,hCKRONaA,DSVnhmbs,341.0
1113,0,TGKbjQzH,hCKRONaA,341.0
1113,0,RoreEsYU,TGKbjQzH,341.0
1113,0,AlpXiRiW,RoreEsYU,342.0
1113,0,btFKFkYA,AlpXiRiW,500.0
1113,0,jLrhssle,btFKFkYA,500.0
1113,0,FvRFCvLd,jLrhssle,500.0
1113,0,iZvOtZpy,FvRFCvLd,500.0
1113,0,tkjaIDXe,iZvOtZpy,500.0
1113,0,TfgNGDen,tkjaIDXe,500.0
1113,0,PAhNkZlS,TfgNGDen,500.0
1113,0,ppYufOCR,PAhNkZlS,500.0
1113,0,siLHVqvQ,ppYufOCR,500.0
1113,0,jZWnwWbL,siLHVqvQ,500.0
330,0,bnmlnfPt,hXVJsXkF,393.0
1108,0,fwxIzXcp,UMTLMNkc,273.0
1108,0,WmSrnULk,fwxIzXcp,274.0
1108,0,crCLDvLL,WmSrnULk,835.0
1108,0,gvtVkOCs,crCLDvLL,835.0
1108,0,wmQoUVus,gvtVkOCs,835.0
1108,0,BdLjIrSJ,wmQoUVus,835.0
1108,0,uBeHrtVj,BdLjIrSJ,835.0
1108,0,rpQJKYcp,uBeHrtVj,835.0
1108,0,jYzIDNQM,rpQJKYcp,835.0
1108,0,LGkMSSTO,jYzIDNQM,808.0
1108,0,SZGwgIRz,LGkMSSTO,808.0
1037,0,XojRXAAa,ojqTFFWy,190.0
1037,0,nAqhCgXt,XojRXAAa,475.0
1037,0,zZZsLLct,nAqhCgXt,475.0
1037,0,uQlhjcGr,zZZsLLct,475.0
1037,0,nIbIRswk,uQlhjcGr,475.0
1037,0,YfaruHLV,nIbIRswk,475.0
1037,0,PkIPVRtB,YfaruHLV,475.0
1037,0,XpaxRhYo,PkIPVRtB,475.0
1037,0,qYsYtTjJ,XpaxRhYo,482.0
1037,0,KlSqKJQr,qYsYtTjJ,496.0
1044,0,RyPegcUV,qPtpgxic,16.0
1044,0,OdbRrJhV,RyPegcUV,34.0
1044,0,NSvMYbfW,OdbRrJhV,36.0
1044,0,tkPbrZUX,NSvMYbfW,36.0
1044,0,imyhTmbO,tkPbrZUX,36.0
1044,0,bTSeOnqx,imyhTmbO,36.0
1044,0,yCXbqkBs,bTSeOnqx,36.0
1044,0,wBoWGskO,yCXbqkBs,36.0
1044,0,FYojKDQC,wBoWGskO,36.0
1044,0,riqYNvhO,FYojKDQC,36.0
1044,0,nvXuJriv,riqYNvhO,36.0
1044,0,ljAdwZQx,nvXuJriv,36.0
1044,0,MMTihhSZ,ljAdwZQx,36.0
1044,0,njohAsHY,MMTihhSZ,36.0
1044,0,XAYpuJXt,njohAsHY,36.0
1044,0,aJLjpITr,XAYpuJXt,36.0
1044,0,bOLOjiIO,aJLjpITr,36.0
1037,0,zjKsBdNQ,puwcRgFs,84.0
1037,0,ojqTFFWy,zjKsBdNQ,84.0
1113,0,pMUlUuQz,jZWnwWbL,515.0
1044,0,wplYsKZY,bOLOjiIO,28.0
1044,0,NIHIRqnZ,wplYsKZY,28.0
1044,0,IkEoBHlk,NIHIRqnZ,26.0
1044,0,TPJRAOrt,IkEoBHlk,26.0
1044,0,wtfdArpr,TPJRAOrt,21.0
1044,0,VTbufxnV,wtfdArpr,21.0
1044,0,UEqgngwR,VTbufxnV,21.0
1044,0,noxZOiRl,UEqgngwR,21.0
1044,0,eLJZyPxv,noxZOiRl,21.0
1044,0,ZsmZvPrK,eLJZyPxv,18.0
1044,0,MMfKYZmE,ZsmZvPrK,18.0
1044,0,MvGjEBBL,MMfKYZmE,18.0
1108,0,wdwKrYEW,SZGwgIRz,39.0
1108,0,JKvsAaVu,wdwKrYEW,39.0
1108,0,bXxqoWoM,JKvsAaVu,39.0
1108,0,lyukJwbV,bXxqoWoM,39.0
1034,0,tBPmVbcK,qflzswAf,1.0
1034,0,DhBIcFJB,tBPmVbcK,1.0
1034,0,ByOODIxa,DhBIcFJB,1.0
1034,0,HxSbXXdZ,ByOODIxa,1.0
1034,0,zlRPdbBz,HxSbXXdZ,1.0
1034,0,KQaXxZDT,zlRPdbBz,1.0
1034,0,thNcyzdj,KQaXxZDT,1.0
1034,0,gWHAQwVu,thNcyzdj,1.0
1034,0,EqKjvFoW,gWHAQwVu,1.0
1034,0,NdHXpyCv,EqKjvFoW,1.0
1034,0,zjKBXJki,NdHXpyCv,1.0
1034,0,hEihXJEh,zjKBXJki,1.0
1034,0,diQHouff,hEihXJEh,1.0
1034,0,kynUbZOw,diQHouff,1.0
1034,0,OCOnFIfy,kynUbZOw,1.0
1034,0,IZqJbTkm,OCOnFIfy,1.0
1034,0,wSvecpjF,IZqJbTkm,1.0
1034,0,oXipkDtF,wSvecpjF,1.0
1034,0,fRZGgvoY,oXipkDtF,2.0
1034,0,bAUDGUNb,fRZGgvoY,2.0
1034,0,VYHZxBYO,bAUDGUNb,2.0
1034,0,FrCulsqF,VYHZxBYO,3.0
1034,0,otbIuZHd,FrCulsqF,3.0
1034,0,MnOJOxue,otbIuZHd,3.0
1034,0,xxspkKkA,MnOJOxue,3.0
1034,0,yRzWvBCa,xxspkKkA,3.0
1034,0,jaDdFMxy,yRzWvBCa,3.0
1034,0,dNagXJoD,jaDdFMxy,3.0
1034,0,rNCpaLXo,dNagXJoD,3.0
1034,0,OKRHcdUy,rNCpaLXo,3.0
1034,0,iPhdYOzt,OKRHcdUy,3.0
1108,0,dimGAuTR,lyukJwbV,17.0
1108,0,FXZSvJoP,dimGAuTR,17.0
1036,0,gldIDkMU,fwlJPxCU,1.0
1036,0,JdPMCVUN,gldIDkMU,1.0
1036,0,VpHOqNar,JdPMCVUN,1.0
1036,0,BAePGsuO,VpHOqNar,1.0
1036,0,ajteUQkz,BAePGsuO,1.0
1036,0,XmmyKsTm,ajteUQkz,1.0
1036,0,gNJqbiHM,XmmyKsTm,1.0
1036,0,NrUUQlkk,gNJqbiHM,1.0
1036,0,yQmtaWgt,NrUUQlkk,1.0
1036,0,vDTAjOOR,yQmtaWgt,1.0
1036,0,VYHZxBYO,vDTAjOOR,1.0
1113,0,IfUoaxeT,pMUlUuQz,495.0
1046,0,OdbRrJhV,RVEyrwjR,17.0
1046,0,NSvMYbfW,OdbRrJhV,17.0
1046,0,tkPbrZUX,NSvMYbfW,17.0
1046,0,imyhTmbO,tkPbrZUX,17.0
1046,0,bTSeOnqx,imyhTmbO,17.0
1046,0,yCXbqkBs,bTSeOnqx,17.0
1046,0,wBoWGskO,yCXbqkBs,17.0
1046,0,FYojKDQC,wBoWGskO,17.0
1046,0,riqYNvhO,FYojKDQC,17.0
1046,0,nvXuJriv,riqYNvhO,17.0
1046,0,ljAdwZQx,nvXuJriv,17.0
1046,0,MMTihhSZ,ljAdwZQx,17.0
1046,0,njohAsHY,MMTihhSZ,17.0
1046,0,XAYpuJXt,njohAsHY,17.0
1046,0,aJLjpITr,XAYpuJXt,17.0
1046,0,bOLOjiIO,aJLjpITr,17.0
1046,0,wplYsKZY,bOLOjiIO,17.0
1046,0,NIHIRqnZ,wplYsKZY,17.0
1046,0,IkEoBHlk,NIHIRqnZ,17.0
1046,0,TPJRAOrt,IkEoBHlk,17.0
1046,0,wtfdArpr,TPJRAOrt,16.0
1046,0,VTbufxnV,wtfdArpr,16.0
1046,0,UEqgngwR,VTbufxnV,15.0
1046,0,noxZOiRl,UEqgngwR,15.0
1046,0,eLJZyPxv,noxZOiRl,15.0
1046,0,ZsmZvPrK,eLJZyPxv,15.0
1046,0,MMfKYZmE,ZsmZvPrK,15.0
1046,0,MvGjEBBL,MMfKYZmE,15.0
536,0,xiCfcAgb,AszcEtOu,93.0
536,0,bsQVAuyn,xiCfcAgb,93.0
536,0,QoKDjrWo,bsQVAuyn,93.0
536,0,zjKBXJki,QoKDjrWo,145.0
536,0,OCOnFIfy,zjKBXJki,471.0
536,0,wSvecpjF,OCOnFIfy,471.0
536,0,FrCulsqF,wSvecpjF,471.0
536,0,rNCpaLXo,FrCulsqF,494.0
536,0,bfhpfFPJ,rNCpaLXo,494.0
536,0,wnmgNjXN,bfhpfFPJ,494.0
536,0,QIOPMpXz,wnmgNjXN,494.0
