route_id,direction_id,from_stop,to_stop,volume
662,0,inJVXMtB,vfdAIPGv,1039.0
662,0,ubZrQMid,inJVXMtB,1039.0
662,0,gBkmsEyR,ubZrQMid,1039.0
662,0,cGoHBmgo,gBkmsEyR,922.0
662,0,EkWBPXmr,cGoHBmgo,922.0
662,0,vfdAIPGv,nsjiKPCz,828.0
585,0,wihERHzN,uiYVYPQX,3391.0
585,0,vspNPtqb,wihERHzN,3319.0
585,0,jiaBsTdI,vspNPtqb,3319.0
585,0,iVtHnErr,jiaBsTdI,3296.0
585,0,nsjiKPCz,iVtHnErr,3296.0
585,0,vfdAIPGv,nsjiKPCz,3254.0
585,0,inJVXMtB,vfdAIPGv,2489.0
585,0,ubZrQMid,inJVXMtB,2489.0
585,0,gBkmsEyR,ubZrQMid,2489.0
585,0,cGoHBmgo,gBkmsEyR,1427.0
585,0,EkWBPXmr,cGoHBmgo,1427.0
572,0,jiaBsTdI,jeadfqyj,2012.0
572,0,LIcqcPpV,jiaBsTdI,2030.0
572,0,JHNPaXkN,LIcqcPpV,2042.0
572,0,EWPMCuEz,JHNPaXkN,2017.0
572,0,iWoOHVbT,EWPMCuEz,2861.0
971,0,nsjiKPCz,AtcDBGpE,2040.0
971,0,vfdAIPGv,nsjiKPCz,2039.0
971,0,inJVXMtB,vfdAIPGv,1827.0
971,0,ubZrQMid,inJVXMtB,1827.0
971,0,gBkmsEyR,ubZrQMid,1827.0
971,0,cGoHBmgo,gBkmsEyR,1615.0
971,0,EkWBPXmr,cGoHBmgo,1502.0
971,0,AtcDBGpE,Oslgxmkx,2031.0
585,0,FcOkCcps,MqGZxRIW,1350.0
585,0,uiYVYPQX,FcOkCcps,2439.0
662,0,XVbubuGa,OwpcAtJV,1117.0
662,0,iuOUwLky,XVbubuGa,1117.0
662,0,nZnozRfz,iuOUwLky,1117.0
662,0,jeadfqyj,nZnozRfz,1117.0
662,0,vspNPtqb,jeadfqyj,773.0
662,0,jiaBsTdI,vspNPtqb,773.0
662,0,iVtHnErr,jiaBsTdI,773.0
662,0,nsjiKPCz,iVtHnErr,773.0
1255,0,gKoyUmab,rckblBTM,1908.0
1255,0,fGmFhgnx,gKoyUmab,1908.0
1255,0,XyHfgUxW,fGmFhgnx,2453.0
1255,0,zjjLSYAp,XyHfgUxW,2465.0
1255,0,wrsPDGBQ,zjjLSYAp,2464.0
1255,0,UtwZFZsx,wrsPDGBQ,3887.0
1255,0,QsteKrle,UtwZFZsx,3887.0
1255,0,vqGhvZJF,QsteKrle,3887.0
591,0,XMWgellz,vqGhvZJF,2420.0
591,0,LPldZjRa,XMWgellz,5126.0
591,0,adsviABF,LPldZjRa,5126.0
591,0,TqlJzItM,adsviABF,5094.0
591,0,IjwLXBRx,TqlJzItM,5120.0
591,0,nJRBvlcT,IjwLXBRx,5118.0
591,0,IkxLwyxa,nJRBvlcT,4627.0
591,0,CYSggHNR,IkxLwyxa,4572.0
591,0,VhgapMoa,CYSggHNR,4578.0
591,0,dKbqWpcD,VhgapMoa,4578.0
591,0,zYpZYpOA,dKbqWpcD,4578.0
591,0,xbeOVhLE,zYpZYpOA,4689.0
591,0,IpBcScgC,xbeOVhLE,4558.0
591,0,aYvzRwqU,IpBcScgC,4558.0
591,0,mVhkAqwx,aYvzRwqU,4554.0
591,0,GigUVtty,mVhkAqwx,4538.0
591,0,xQpNdvvD,GigUVtty,5078.0
591,0,VuxSFkGj,xQpNdvvD,5074.0
591,0,SQUoXVXU,VuxSFkGj,5074.0
591,0,tZiWmgTn,SQUoXVXU,5054.0
591,0,JpkWIkgn,tZiWmgTn,5054.0
591,0,gDnuvefz,JpkWIkgn,5054.0
591,0,rqBqDfoZ,gDnuvefz,5054.0
591,0,dkEskUud,rqBqDfoZ,4234.0
591,0,BqZQArDi,dkEskUud,1173.0
591,0,zVYhNTdK,BqZQArDi,1173.0
591,0,EkWBPXmr,zVYhNTdK,1170.0
647,0,XXPGaRGh,PrdzzRyE,1194.0
647,0,IMtkgxTU,XXPGaRGh,1004.0
647,0,MlQcmexA,IMtkgxTU,1004.0
647,0,CZmFLtlO,MlQcmexA,2106.0
647,0,SUoxgoEf,CZmFLtlO,2106.0
647,0,eVGAINdZ,SUoxgoEf,2053.0
647,0,zOQhKaAF,eVGAINdZ,2051.0
647,0,PaLbQtln,zOQhKaAF,2001.0
647,0,rqBqDfoZ,PaLbQtln,2001.0
647,0,dkEskUud,rqBqDfoZ,1878.0
647,0,zVYhNTdK,dkEskUud,809.0
647,0,EkWBPXmr,zVYhNTdK,809.0
572,0,CVXQsRBK,NgDeDdfx,1113.0
572,0,jBnsfrlR,CVXQsRBK,1113.0
572,0,jeadfqyj,jBnsfrlR,1111.0
971,0,vwEcxUej,lBopHXdD,1809.0
971,0,JBpFxiqb,vwEcxUej,1809.0
971,0,Oslgxmkx,JBpFxiqb,1809.0
585,0,tBNXSyMW,pZulUpHT,1288.0
585,0,OyJKKata,tBNXSyMW,1289.0
585,0,MqGZxRIW,OyJKKata,1289.0
989,0,twMezfOU,lkujKSJT,9420.0
989,0,OyJKKata,twMezfOU,8815.0
989,0,MqGZxRIW,OyJKKata,4971.0
989,0,FcOkCcps,MqGZxRIW,4192.0
679,0,LRmPOeoe,KHbKaRBy,5.0
679,0,twMezfOU,LRmPOeoe,777.0
679,0,HRURJMPd,twMezfOU,1269.0
679,0,jKjAXpVP,HRURJMPd,1269.0
679,0,XXPGaRGh,jKjAXpVP,1240.0
625,0,lBopHXdD,DKPrUpnj,1824.0
625,0,Oslgxmkx,lBopHXdD,1824.0
625,0,AtcDBGpE,Oslgxmkx,1661.0
625,0,nsjiKPCz,AtcDBGpE,1661.0
625,0,vfdAIPGv,nsjiKPCz,1657.0
625,0,ubZrQMid,vfdAIPGv,1570.0
625,0,gBkmsEyR,ubZrQMid,1570.0
625,0,cGoHBmgo,gBkmsEyR,1483.0
625,0,EkWBPXmr,cGoHBmgo,1392.0
662,0,TNbojCJf,issQYORv,1666.0
662,0,tGqVborR,TNbojCJf,1666.0
662,0,vJbDLuoa,tGqVborR,1666.0
662,0,FJLNitGY,vJbDLuoa,1642.0
662,0,peBgOXli,FJLNitGY,1278.0
662,0,KnWWIWQx,peBgOXli,1278.0
662,0,bRAzuzSs,KnWWIWQx,1278.0
662,0,OwpcAtJV,bRAzuzSs,1278.0
1376,0,mTvPylzX,JYcdyiOK,719.0
1376,0,mZseJHmU,mTvPylzX,719.0
1376,0,rClMLArS,mZseJHmU,1078.0
1376,0,MHYyLhRG,rClMLArS,1078.0
1376,0,CcTUkfkl,MHYyLhRG,1594.0
1376,0,tglFZOrp,CcTUkfkl,1594.0
1376,0,SqxhBMol,tglFZOrp,1594.0
1376,0,JvhqCmbT,SqxhBMol,1443.0
1376,0,xkdRvtRu,JvhqCmbT,1443.0
1376,0,SjZGieDS,xkdRvtRu,1401.0
1376,0,gDnuvefz,SjZGieDS,1806.0
1376,0,rqBqDfoZ,gDnuvefz,1806.0
1376,0,yhXmuUeN,rqBqDfoZ,1779.0
1376,0,BqZQArDi,yhXmuUeN,1106.0
1376,0,zVYhNTdK,BqZQArDi,1106.0
1376,0,EkWBPXmr,zVYhNTdK,1105.0
585,0,OeKkfJSz,HTcmpFUD,742.0
585,0,FZjXRNIl,OeKkfJSz,742.0
585,0,nqZDBuxM,FZjXRNIl,769.0
585,0,aAfSzptC,nqZDBuxM,772.0
585,0,pZulUpHT,aAfSzptC,772.0
989,0,IvQQZbJW,ztLkgYlA,9313.0
989,0,yaKWBgLg,IvQQZbJW,9267.0
989,0,lkujKSJT,yaKWBgLg,9267.0
658,0,HbnURplu,mtKVLjly,2153.0
658,0,IXwVPQjX,HbnURplu,2153.0
658,0,TNbojCJf,IXwVPQjX,2016.0
658,0,tGqVborR,TNbojCJf,2016.0
658,0,vJbDLuoa,tGqVborR,2016.0
658,0,uBBTYLuy,vJbDLuoa,1990.0
658,0,FJLNitGY,uBBTYLuy,1990.0
658,0,peBgOXli,FJLNitGY,1598.0
658,0,KnWWIWQx,peBgOXli,1402.0
658,0,bRAzuzSs,KnWWIWQx,1402.0
658,0,OwpcAtJV,bRAzuzSs,1402.0
658,0,XVbubuGa,OwpcAtJV,1302.0
658,0,iuOUwLky,XVbubuGa,1302.0
658,0,nZnozRfz,iuOUwLky,1302.0
658,0,jeadfqyj,nZnozRfz,1302.0
658,0,vspNPtqb,jeadfqyj,120.0
658,0,jiaBsTdI,vspNPtqb,119.0
658,0,iVtHnErr,jiaBsTdI,119.0
658,0,nsjiKPCz,iVtHnErr,119.0
658,0,vfdAIPGv,nsjiKPCz,116.0
658,0,inJVXMtB,vfdAIPGv,116.0
658,0,ubZrQMid,inJVXMtB,116.0
658,0,gBkmsEyR,ubZrQMid,116.0
658,0,cGoHBmgo,gBkmsEyR,116.0
658,0,EkWBPXmr,cGoHBmgo,116.0
971,0,RkbXqAIs,MTAZIXBL,1569.0
971,0,NLDgVASg,RkbXqAIs,1455.0
971,0,DKPrUpnj,NLDgVASg,1455.0
971,0,CdibamDB,DKPrUpnj,1455.0
971,0,lBopHXdD,CdibamDB,1455.0
971,0,jqriedgy,EkCoFwMY,1563.0
971,0,MTAZIXBL,jqriedgy,1563.0
971,0,vkSwBwcN,OKtVrzTN,1679.0
971,0,QRSRIbba,vkSwBwcN,1679.0
971,0,EkCoFwMY,QRSRIbba,1676.0
622,0,gdbAGAQU,JvDZYJph,500.0
622,0,ANpclgWP,gdbAGAQU,500.0
622,0,LWqTSxPr,ANpclgWP,500.0
622,0,tBgOcvQf,LWqTSxPr,500.0
622,0,IvQQZbJW,tBgOcvQf,500.0
622,0,yaKWBgLg,IvQQZbJW,331.0
622,0,lkujKSJT,yaKWBgLg,331.0
622,0,twMezfOU,lkujKSJT,331.0
622,0,OyJKKata,twMezfOU,331.0
622,0,MqGZxRIW,OyJKKata,264.0
622,0,FcOkCcps,MqGZxRIW,264.0
622,0,uiYVYPQX,FcOkCcps,250.0
622,0,wihERHzN,uiYVYPQX,236.0
622,0,jiaBsTdI,wihERHzN,236.0
622,0,iVtHnErr,jiaBsTdI,236.0
622,0,nsjiKPCz,iVtHnErr,236.0
622,0,vfdAIPGv,nsjiKPCz,235.0
622,0,ubZrQMid,vfdAIPGv,195.0
622,0,gBkmsEyR,ubZrQMid,195.0
622,0,cGoHBmgo,gBkmsEyR,144.0
622,0,EkWBPXmr,cGoHBmgo,144.0
622,0,xYfYRJnz,yXfOYhmg,965.0
622,0,bvZtLhoP,xYfYRJnz,965.0
622,0,NoGATiBT,bvZtLhoP,965.0
622,0,JvDZYJph,NoGATiBT,678.0
625,0,GZZaPhbw,uPlQduWZ,1655.0
625,0,EwdOCOAF,GZZaPhbw,1655.0
625,0,QGNcLOop,EwdOCOAF,1655.0
625,0,NLDgVASg,QGNcLOop,1659.0
625,0,DKPrUpnj,NLDgVASg,1659.0
1194,0,kEQqRNXv,ZCsEtuOb,961.0
1194,0,NfeOUEsA,kEQqRNXv,961.0
1194,0,gdbAGAQU,NfeOUEsA,925.0
1194,0,ANpclgWP,gdbAGAQU,925.0
1194,0,LWqTSxPr,ANpclgWP,915.0
1194,0,tBgOcvQf,LWqTSxPr,915.0
1194,0,IvQQZbJW,tBgOcvQf,674.0
1194,0,yaKWBgLg,IvQQZbJW,659.0
1194,0,lkujKSJT,yaKWBgLg,659.0
1194,0,twMezfOU,lkujKSJT,648.0
1194,0,HRURJMPd,twMezfOU,578.0
1194,0,jKjAXpVP,HRURJMPd,578.0
1194,0,XXPGaRGh,jKjAXpVP,578.0
1194,0,IMtkgxTU,XXPGaRGh,578.0
1194,0,MlQcmexA,IMtkgxTU,578.0
1194,0,tSmiUoPn,MlQcmexA,565.0
1194,0,VuxSFkGj,tSmiUoPn,565.0
1194,0,SQUoXVXU,VuxSFkGj,565.0
1194,0,tZiWmgTn,SQUoXVXU,546.0
1194,0,JpkWIkgn,tZiWmgTn,546.0
1194,0,gDnuvefz,JpkWIkgn,546.0
1194,0,rqBqDfoZ,gDnuvefz,546.0
1194,0,yhXmuUeN,rqBqDfoZ,542.0
1194,0,dkEskUud,yhXmuUeN,537.0
1194,0,xbiDwIOu,dkEskUud,442.0
1194,0,zVYhNTdK,xbiDwIOu,442.0
1194,0,EkWBPXmr,zVYhNTdK,442.0
14,0,leJfirnk,yrRBvFtZ,1924.0
14,0,QRSRIbba,leJfirnk,1924.0
14,0,jqriedgy,QRSRIbba,1924.0
14,0,MTAZIXBL,jqriedgy,1924.0
14,0,RkbXqAIs,MTAZIXBL,1830.0
14,0,NLDgVASg,RkbXqAIs,2157.0
14,0,fcywqNMQ,NLDgVASg,2157.0
14,0,CdibamDB,fcywqNMQ,2671.0
14,0,lBopHXdD,CdibamDB,2671.0
14,0,vwEcxUej,lBopHXdD,2688.0
14,0,JBpFxiqb,vwEcxUej,2688.0
14,0,Oslgxmkx,JBpFxiqb,2688.0
14,0,AtcDBGpE,Oslgxmkx,2824.0
14,0,nsjiKPCz,AtcDBGpE,3095.0
14,0,vfdAIPGv,nsjiKPCz,3005.0
14,0,inJVXMtB,vfdAIPGv,2634.0
14,0,ubZrQMid,inJVXMtB,2634.0
14,0,gBkmsEyR,ubZrQMid,2634.0
14,0,cGoHBmgo,gBkmsEyR,1635.0
1194,0,hTaJTejf,XjSQdTLS,473.0
1194,0,AvILYntX,hTaJTejf,473.0
1194,0,BGAyznqC,AvILYntX,479.0
1194,0,PUIIuxlM,BGAyznqC,479.0
1194,0,bEuFbYIx,PUIIuxlM,570.0
1194,0,ZCsEtuOb,bEuFbYIx,580.0
971,0,RqfbhkOP,sUAChhLU,1666.0
971,0,WRCkhCoY,RqfbhkOP,1666.0
971,0,OKtVrzTN,WRCkhCoY,1686.0
14,0,wuyFtExA,EtvjcvTp,1315.0
14,0,MrybjzSo,wuyFtExA,1315.0
14,0,yrRBvFtZ,MrybjzSo,1315.0
173,0,YoEMZEcq,qCZHeqZn,878.0
1194,0,qkTCgKXX,YoEMZEcq,48.0
1194,0,XjSQdTLS,qkTCgKXX,48.0
625,0,LjPncvCg,ZkIfwknW,1641.0
625,0,cYHkZUeY,LjPncvCg,1643.0
625,0,JjkwBsaR,cYHkZUeY,1643.0
625,0,xWKOjfGB,JjkwBsaR,1643.0
625,0,zrJLwXnk,xWKOjfGB,1643.0
625,0,LUpTnILf,zrJLwXnk,1643.0
625,0,qezgFtTe,LUpTnILf,1326.0
625,0,EtAJJbBW,qezgFtTe,1326.0
625,0,uPlQduWZ,EtAJJbBW,1326.0
625,0,ZkIfwknW,XBhuaxff,1625.0
1104,0,ObeVuyMA,roHCvggS,49.0
1104,0,WqRwmxfX,ObeVuyMA,49.0
1104,0,fbgWGcSP,WqRwmxfX,49.0
1104,0,VctBMYxC,fbgWGcSP,49.0
1104,0,yXfOYhmg,VctBMYxC,49.0
1104,0,xYfYRJnz,yXfOYhmg,49.0
1104,0,bvZtLhoP,xYfYRJnz,49.0
1104,0,NoGATiBT,bvZtLhoP,49.0
1104,0,JvDZYJph,NoGATiBT,49.0
1104,0,gdbAGAQU,JvDZYJph,38.0
1104,0,ANpclgWP,gdbAGAQU,38.0
1104,0,LWqTSxPr,ANpclgWP,38.0
1104,0,tBgOcvQf,LWqTSxPr,38.0
1052,0,EPmEpfWC,RBwynnQe,521.0
1052,0,xfbmoJHP,EPmEpfWC,521.0
1052,0,WdOwNGhj,xfbmoJHP,149.0
1052,0,kKKRBhFF,WdOwNGhj,148.0
1052,0,NFInfBeu,kKKRBhFF,147.0
1052,0,VCQdmIoF,NFInfBeu,147.0
1052,0,ePrpofUw,VCQdmIoF,147.0
1052,0,KcvPUxQg,ePrpofUw,146.0
1052,0,BlnSxBAr,KcvPUxQg,146.0
1052,0,TCBUGaZf,BlnSxBAr,145.0
1052,0,pzcCDVmZ,TCBUGaZf,127.0
1052,0,AUBTKFbY,pzcCDVmZ,127.0
1052,0,fjevhefZ,AUBTKFbY,127.0
1052,0,vyQyYYqJ,fjevhefZ,127.0
1052,0,ztLkgYlA,vyQyYYqJ,127.0
1052,0,IvQQZbJW,ztLkgYlA,123.0
1052,0,yaKWBgLg,IvQQZbJW,123.0
1052,0,lkujKSJT,yaKWBgLg,123.0
1052,0,twMezfOU,lkujKSJT,123.0
1052,0,OyJKKata,twMezfOU,78.0
1052,0,duRJdiSr,OyJKKata,78.0
1052,0,uiYVYPQX,duRJdiSr,50.0
1052,0,ozAxYCwR,uiYVYPQX,50.0
455,0,BlnSxBAr,KcvPUxQg,6156.0
455,0,WuDSdBCd,BlnSxBAr,6236.0
455,0,icUsjZEb,WuDSdBCd,6190.0
455,0,lhadwkCG,icUsjZEb,6190.0
455,0,awnNVqry,lhadwkCG,6197.0
455,0,ohBbDhvM,awnNVqry,6200.0
455,0,EYCnMsAF,ohBbDhvM,6200.0
455,0,tNDnmkQy,EYCnMsAF,6205.0
455,0,XjEyEHqT,tNDnmkQy,6205.0
455,0,IvqxNjHK,XjEyEHqT,6221.0
455,0,SyrqOGJb,IvqxNjHK,6238.0
455,0,NcLanIdZ,SyrqOGJb,6246.0
455,0,OyNIynZV,NcLanIdZ,6071.0
455,0,FGvzNZYi,OyNIynZV,6071.0
455,0,ydoNqUsu,FGvzNZYi,6129.0
455,0,yYSDLmlm,ydoNqUsu,5907.0
455,0,eOdwAkBF,yYSDLmlm,6784.0
455,0,FDCDnriY,eOdwAkBF,6784.0
455,0,DCdKJxNH,FDCDnriY,6424.0
455,0,DsuTXcIa,DCdKJxNH,4426.0
455,0,bgWfLree,DsuTXcIa,4434.0
455,0,MlQcmexA,bgWfLree,4434.0
455,0,tSmiUoPn,MlQcmexA,3314.0
455,0,VuxSFkGj,tSmiUoPn,3314.0
455,0,SQUoXVXU,VuxSFkGj,3305.0
455,0,tZiWmgTn,SQUoXVXU,3039.0
455,0,JpkWIkgn,tZiWmgTn,3024.0
455,0,gDnuvefz,JpkWIkgn,3024.0
455,0,rqBqDfoZ,gDnuvefz,3024.0
455,0,yhXmuUeN,rqBqDfoZ,2699.0
455,0,BqZQArDi,yhXmuUeN,1923.0
455,0,xbiDwIOu,BqZQArDi,1805.0
455,0,zVYhNTdK,xbiDwIOu,1805.0
455,0,EkWBPXmr,zVYhNTdK,1805.0
985,0,aDaRCcaB,YxUFlvZH,1548.0
985,0,dQYZBhGJ,aDaRCcaB,1296.0
985,0,iFderoVa,dQYZBhGJ,1296.0
985,0,GQmprOhw,iFderoVa,1545.0
985,0,CbblRkaH,GQmprOhw,1575.0
985,0,BldTZUAI,CbblRkaH,1634.0
985,0,nBYHMnkU,BldTZUAI,1446.0
971,0,sUAChhLU,nBYHMnkU,1275.0
455,0,KcvPUxQg,ePrpofUw,4648.0
594,0,OeXJgkRW,grMhZquG,459.0
594,0,GdpNupee,OeXJgkRW,459.0
594,0,EiybrpzE,GdpNupee,428.0
594,0,YiexuWUO,EiybrpzE,428.0
594,0,NQsRzhNW,YiexuWUO,408.0
594,0,xAJVMHqO,NQsRzhNW,412.0
594,0,dycwBUSP,xAJVMHqO,412.0
594,0,igOcnIRX,dycwBUSP,412.0
594,0,dQYZBhGJ,igOcnIRX,172.0
594,0,iFderoVa,dQYZBhGJ,172.0
594,0,GQmprOhw,iFderoVa,172.0
594,0,CbblRkaH,GQmprOhw,164.0
594,0,BldTZUAI,CbblRkaH,164.0
594,0,nBYHMnkU,BldTZUAI,162.0
596,0,YxUFlvZH,vyItOGON,1168.0
596,0,KMLNQwjh,YxUFlvZH,1107.0
596,0,aDaRCcaB,KMLNQwjh,345.0
596,0,dQYZBhGJ,aDaRCcaB,316.0
596,0,iFderoVa,dQYZBhGJ,316.0
596,0,GQmprOhw,iFderoVa,316.0
596,0,CbblRkaH,GQmprOhw,256.0
596,0,BldTZUAI,CbblRkaH,256.0
596,0,nBYHMnkU,BldTZUAI,199.0
625,0,XNHVHmHa,apwTQKga,1212.0
625,0,vGqwislq,XNHVHmHa,1212.0
625,0,AwLiWVdI,vGqwislq,1217.0
625,0,XBhuaxff,AwLiWVdI,1217.0
985,0,ZfNDFPcl,UxPxrYmy,2139.0
985,0,KwXNMHkb,ZfNDFPcl,2139.0
985,0,YxUFlvZH,KwXNMHkb,2139.0
455,0,NFInfBeu,kKKRBhFF,4293.0
455,0,VCQdmIoF,NFInfBeu,4305.0
455,0,ePrpofUw,VCQdmIoF,4305.0
625,0,apwTQKga,lBjlyorh,957.0
625,0,ZTCNsviV,ODNKqRCQ,500.0
625,0,GBYHqHQO,ZTCNsviV,500.0
625,0,lBjlyorh,GBYHqHQO,500.0
455,0,WdOwNGhj,xfbmoJHP,3064.0
455,0,kKKRBhFF,WdOwNGhj,3077.0
625,0,ODNKqRCQ,iPzquFzR,460.0
596,0,vyItOGON,tTbFYEPP,735.0
1061,0,NCSBLEus,AJLJQqsT,64.0
1061,0,xfbmoJHP,NCSBLEus,71.0
1061,0,WdOwNGhj,xfbmoJHP,71.0
1061,0,kKKRBhFF,WdOwNGhj,71.0
1061,0,NFInfBeu,kKKRBhFF,71.0
1061,0,VCQdmIoF,NFInfBeu,71.0
1061,0,ePrpofUw,VCQdmIoF,71.0
1061,0,KcvPUxQg,ePrpofUw,71.0
1061,0,BlnSxBAr,KcvPUxQg,71.0
1061,0,TCBUGaZf,BlnSxBAr,71.0
1061,0,pzcCDVmZ,TCBUGaZf,71.0
1061,0,AUBTKFbY,pzcCDVmZ,71.0
1061,0,fjevhefZ,AUBTKFbY,71.0
1061,0,vyQyYYqJ,fjevhefZ,71.0
1061,0,ztLkgYlA,vyQyYYqJ,71.0
1061,0,IvQQZbJW,ztLkgYlA,71.0
1061,0,yaKWBgLg,IvQQZbJW,71.0
1061,0,lkujKSJT,yaKWBgLg,71.0
1061,0,twMezfOU,lkujKSJT,71.0
1061,0,OyJKKata,twMezfOU,71.0
1061,0,MqGZxRIW,OyJKKata,71.0
1061,0,FcOkCcps,MqGZxRIW,71.0
1061,0,uiYVYPQX,FcOkCcps,71.0
1061,0,wihERHzN,uiYVYPQX,66.0
1061,0,vspNPtqb,wihERHzN,66.0
1061,0,jiaBsTdI,vspNPtqb,66.0
1061,0,iVtHnErr,jiaBsTdI,66.0
1061,0,nsjiKPCz,iVtHnErr,66.0
1061,0,vfdAIPGv,nsjiKPCz,66.0
1061,0,inJVXMtB,vfdAIPGv,52.0
1061,0,ubZrQMid,inJVXMtB,52.0
1061,0,gBkmsEyR,ubZrQMid,52.0
1061,0,cGoHBmgo,gBkmsEyR,52.0
1061,0,EkWBPXmr,cGoHBmgo,52.0
985,0,hqOmlOIp,RrhmmPMm,1753.0
985,0,qJgsxHch,hqOmlOIp,1753.0
985,0,lxplrluY,qJgsxHch,1753.0
985,0,zTJYYUap,lxplrluY,1753.0
985,0,UxPxrYmy,zTJYYUap,1753.0
924,0,illGQStO,sTaleXyI,3414.0
924,0,AUrIxxcC,illGQStO,3329.0
924,0,zqZasXpA,AUrIxxcC,3364.0
924,0,EYGEAZtD,zqZasXpA,3364.0
924,0,AJLJQqsT,EYGEAZtD,3364.0
924,0,NCSBLEus,AJLJQqsT,3469.0
924,0,xfbmoJHP,NCSBLEus,3356.0
985,0,YxYhlArE,NqSePdAx,1532.0
985,0,sAswhpJr,YxYhlArE,1532.0
985,0,VyHGAkTo,sAswhpJr,1532.0
985,0,RrhmmPMm,VyHGAkTo,1532.0
1061,0,TJDsQDoO,HdBHspFM,17.0
1061,0,yTictHOU,TJDsQDoO,17.0
1061,0,illGQStO,yTictHOU,17.0
1061,0,AUrIxxcC,illGQStO,17.0
1061,0,zqZasXpA,AUrIxxcC,17.0
1061,0,EYGEAZtD,zqZasXpA,17.0
1061,0,AJLJQqsT,EYGEAZtD,17.0
985,0,sceVWPKZ,dvaPHMux,1245.0
985,0,kIKddsaQ,sceVWPKZ,1245.0
985,0,NqSePdAx,kIKddsaQ,1245.0
1068,0,cZLwCFQo,aLFpJPgR,1780.0
1068,0,rxrORjnb,cZLwCFQo,1779.0
1068,0,UVDfwOgc,rxrORjnb,1605.0
1068,0,TJDsQDoO,UVDfwOgc,1601.0
1068,0,illGQStO,TJDsQDoO,1595.0
1068,0,zqZasXpA,illGQStO,1587.0
1068,0,AJLJQqsT,zqZasXpA,1587.0
1068,0,NCSBLEus,AJLJQqsT,1583.0
1068,0,xfbmoJHP,NCSBLEus,1580.0
1068,0,WdOwNGhj,xfbmoJHP,1221.0
1068,0,kKKRBhFF,WdOwNGhj,985.0
1068,0,NFInfBeu,kKKRBhFF,985.0
1068,0,VCQdmIoF,NFInfBeu,985.0
1068,0,ePrpofUw,VCQdmIoF,985.0
1068,0,BlnSxBAr,ePrpofUw,985.0
1068,0,TCBUGaZf,BlnSxBAr,442.0
1068,0,pzcCDVmZ,TCBUGaZf,187.0
1068,0,sNuKvPuW,pzcCDVmZ,174.0
1068,0,fjevhefZ,sNuKvPuW,174.0
1068,0,vyQyYYqJ,fjevhefZ,168.0
1068,0,ztLkgYlA,vyQyYYqJ,163.0
1068,0,yaKWBgLg,ztLkgYlA,80.0
1068,0,lkujKSJT,yaKWBgLg,80.0
1068,0,twMezfOU,lkujKSJT,80.0
1068,0,OyJKKata,twMezfOU,79.0
1068,0,MqGZxRIW,OyJKKata,62.0
1068,0,FcOkCcps,MqGZxRIW,62.0
1068,0,uiYVYPQX,FcOkCcps,62.0
1068,0,wihERHzN,uiYVYPQX,40.0
1068,0,jiaBsTdI,wihERHzN,40.0
1068,0,iVtHnErr,jiaBsTdI,40.0
1068,0,nsjiKPCz,iVtHnErr,40.0
1068,0,vfdAIPGv,nsjiKPCz,39.0
1068,0,inJVXMtB,vfdAIPGv,37.0
1068,0,ubZrQMid,inJVXMtB,37.0
1068,0,gBkmsEyR,ubZrQMid,37.0
1068,0,cGoHBmgo,gBkmsEyR,27.0
1068,0,EkWBPXmr,cGoHBmgo,27.0
1047,0,illGQStO,gIrHwcsI,826.0
1047,0,AUrIxxcC,illGQStO,434.0
1047,0,zqZasXpA,AUrIxxcC,434.0
1047,0,EYGEAZtD,zqZasXpA,434.0
1047,0,AJLJQqsT,EYGEAZtD,434.0
1047,0,NCSBLEus,AJLJQqsT,410.0
1047,0,xfbmoJHP,NCSBLEus,408.0
1047,0,WdOwNGhj,xfbmoJHP,173.0
1047,0,kKKRBhFF,WdOwNGhj,159.0
1047,0,NFInfBeu,kKKRBhFF,158.0
1047,0,VCQdmIoF,NFInfBeu,158.0
1047,0,ePrpofUw,VCQdmIoF,158.0
1047,0,KcvPUxQg,ePrpofUw,157.0
1047,0,BlnSxBAr,KcvPUxQg,157.0
1047,0,TCBUGaZf,BlnSxBAr,157.0
1047,0,pzcCDVmZ,TCBUGaZf,116.0
1047,0,AUBTKFbY,pzcCDVmZ,116.0
1047,0,fjevhefZ,AUBTKFbY,107.0
1047,0,vyQyYYqJ,fjevhefZ,107.0
1047,0,ztLkgYlA,vyQyYYqJ,107.0
1047,0,IvQQZbJW,ztLkgYlA,86.0
1047,0,yaKWBgLg,IvQQZbJW,86.0
1047,0,lkujKSJT,yaKWBgLg,86.0
1047,0,twMezfOU,lkujKSJT,84.0
1047,0,OyJKKata,twMezfOU,84.0
1047,0,MqGZxRIW,OyJKKata,84.0
1047,0,FcOkCcps,MqGZxRIW,79.0
1068,0,aLFpJPgR,jEhGDfoN,1774.0
924,0,Vtdujofe,VKAAZZOV,2943.0
924,0,edTVGmZc,Vtdujofe,2943.0
924,0,iqwCaPZT,edTVGmZc,2943.0
924,0,qqDoWQdv,iqwCaPZT,2943.0
924,0,eymgjBxV,qqDoWQdv,2761.0
924,0,EonJeQKz,eymgjBxV,2872.0
924,0,vkWqgNph,EonJeQKz,2873.0
924,0,nJRQzVZQ,vkWqgNph,2873.0
924,0,xunvufHj,nJRQzVZQ,2884.0
924,0,rxrORjnb,xunvufHj,2883.0
924,0,UVDfwOgc,rxrORjnb,2805.0
924,0,HdBHspFM,UVDfwOgc,2805.0
924,0,TJDsQDoO,HdBHspFM,3025.0
924,0,yTictHOU,TJDsQDoO,3193.0
924,0,sTaleXyI,yTictHOU,3193.0
924,0,TNTzUMyF,HyvnzuHA,1812.0
924,0,avRuCqLk,TNTzUMyF,1812.0
924,0,wIAALBva,avRuCqLk,1812.0
924,0,nxBXRnVc,wIAALBva,1812.0
924,0,sXWHYDNZ,nxBXRnVc,1887.0
924,0,VKAAZZOV,sXWHYDNZ,1887.0
912,0,mgDGiHEE,FwvYcAgk,527.0
912,0,dQOncjgh,mgDGiHEE,748.0
912,0,QiaFfhxS,dQOncjgh,776.0
912,0,rilNZKmg,QiaFfhxS,776.0
912,0,MgfOYJbA,rilNZKmg,774.0
912,0,qIuTLVvj,MgfOYJbA,772.0
912,0,spmlaYUs,qIuTLVvj,699.0
912,0,qqDoWQdv,spmlaYUs,699.0
912,0,eymgjBxV,qqDoWQdv,696.0
912,0,EonJeQKz,eymgjBxV,689.0
912,0,vkWqgNph,EonJeQKz,689.0
912,0,nJRQzVZQ,vkWqgNph,689.0
912,0,xunvufHj,nJRQzVZQ,655.0
912,0,rxrORjnb,xunvufHj,655.0
912,0,UVDfwOgc,rxrORjnb,655.0
912,0,TJDsQDoO,UVDfwOgc,650.0
912,0,yTictHOU,TJDsQDoO,649.0
912,0,sTaleXyI,yTictHOU,649.0
912,0,illGQStO,sTaleXyI,641.0
912,0,AUrIxxcC,illGQStO,628.0
912,0,zqZasXpA,AUrIxxcC,628.0
912,0,EYGEAZtD,zqZasXpA,628.0
912,0,AJLJQqsT,EYGEAZtD,628.0
912,0,NCSBLEus,AJLJQqsT,617.0
912,0,xfbmoJHP,NCSBLEus,608.0
750,0,GIlSPhwi,SOtvIsgL,1875.0
750,0,ZPJGdbAJ,GIlSPhwi,1875.0
750,0,xfbmoJHP,ZPJGdbAJ,1873.0
35,0,fwfbiPwk,drmArhka,6156.0
35,0,cGoHBmgo,fwfbiPwk,7225.0
35,0,EkWBPXmr,cGoHBmgo,7225.0
417,0,TShNRujB,hxSTJhOz,8870.0
417,0,zVYhNTdK,TShNRujB,6410.0
417,0,EkWBPXmr,zVYhNTdK,6399.0
35,0,XypZkLUe,gaLZwYvS,6300.0
35,0,drmArhka,XypZkLUe,6300.0
417,0,hxSTJhOz,rDSiGFpR,8837.0
35,0,gaLZwYvS,qFzqwYZZ,5925.0
477,0,NKCxdwhs,mYoRZvtc,1438.0
477,0,eeSdZFhf,NKCxdwhs,1438.0
477,0,UaWwvNMO,eeSdZFhf,1394.0
477,0,gFAsBeQM,UaWwvNMO,1394.0
477,0,rDSiGFpR,gFAsBeQM,991.0
35,0,qFzqwYZZ,MBTcSIip,6115.0
417,0,LOkvvGyU,FqxCUuHX,6833.0
417,0,DYErCrqd,LOkvvGyU,8715.0
417,0,LbKosGpD,DYErCrqd,8715.0
417,0,rDSiGFpR,LbKosGpD,8026.0
417,0,tSUFrefk,ZMeqpjWv,5916.0
417,0,FqxCUuHX,tSUFrefk,5954.0
35,0,ppabfQGz,rloRqLNl,7270.0
35,0,MBTcSIip,ppabfQGz,6855.0
417,0,AFWGXQGm,BsVmblhs,3901.0
417,0,WTiRZunt,AFWGXQGm,3901.0
417,0,ZMeqpjWv,WTiRZunt,3901.0
465,0,XFLojCJa,cPCRxZjy,7890.0
465,0,mHRdWDIt,XFLojCJa,7890.0
465,0,NBopaFdP,mHRdWDIt,7595.0
465,0,LbKosGpD,NBopaFdP,7595.0
465,0,rDSiGFpR,LbKosGpD,7578.0
465,0,hxSTJhOz,rDSiGFpR,4416.0
465,0,TShNRujB,hxSTJhOz,4349.0
465,0,zVYhNTdK,TShNRujB,1526.0
465,0,EkWBPXmr,zVYhNTdK,1521.0
417,0,yayPNqiY,oQvXmJfL,3466.0
417,0,BsVmblhs,yayPNqiY,3453.0
357,0,cPCRxZjy,LPfgjVyT,4179.0
357,0,qpacHTVx,cPCRxZjy,3920.0
357,0,XFLojCJa,qpacHTVx,3920.0
357,0,mHRdWDIt,XFLojCJa,3920.0
357,0,NBopaFdP,mHRdWDIt,3907.0
357,0,LbKosGpD,NBopaFdP,3907.0
357,0,rDSiGFpR,LbKosGpD,3907.0
357,0,hxSTJhOz,rDSiGFpR,3142.0
357,0,TShNRujB,hxSTJhOz,3142.0
357,0,xbiDwIOu,TShNRujB,954.0
357,0,zVYhNTdK,xbiDwIOu,954.0
357,0,EkWBPXmr,zVYhNTdK,915.0
1139,0,LLvlNCEB,sDgMDbLK,1877.0
1139,0,ZMeqpjWv,LLvlNCEB,1862.0
1139,0,tSUFrefk,ZMeqpjWv,1862.0
1139,0,FqxCUuHX,tSUFrefk,1835.0
1139,0,LOkvvGyU,FqxCUuHX,1644.0
1139,0,DYErCrqd,LOkvvGyU,1644.0
1139,0,rDSiGFpR,DYErCrqd,1644.0
1139,0,hxSTJhOz,rDSiGFpR,1058.0
1139,0,TShNRujB,hxSTJhOz,1058.0
1139,0,xbiDwIOu,TShNRujB,575.0
1139,0,zVYhNTdK,xbiDwIOu,575.0
1139,0,EkWBPXmr,zVYhNTdK,575.0
417,0,oQvXmJfL,HYfXIyFk,3387.0
357,0,LPfgjVyT,cniBuICf,3031.0
357,0,cniBuICf,WtPVEKaC,2498.0
417,0,TUpCuZAw,YmDpkIHQ,3316.0
417,0,HYfXIyFk,TUpCuZAw,3316.0
35,0,TiulEaYs,FliRNcXy,6178.0
35,0,dwUntJQR,TiulEaYs,6181.0
35,0,rloRqLNl,dwUntJQR,6181.0
1139,0,faYOimYm,EZnTnoxs,1414.0
1139,0,cmGUMIAA,faYOimYm,1473.0
1139,0,sDgMDbLK,cmGUMIAA,1473.0
357,0,WtPVEKaC,BYsSDXCP,2428.0
35,0,LfENZYTF,TNZDhyQb,5184.0
35,0,FliRNcXy,LfENZYTF,5184.0
357,0,BYsSDXCP,zjSAMvDn,2147.0
1139,0,aaOdCJPr,ezbmnBKa,1062.0
1139,0,EZnTnoxs,aaOdCJPr,1062.0
35,0,aFlzccOO,DYvQviUy,4873.0
35,0,TNZDhyQb,aFlzccOO,4574.0
1511,0,fubLBmAl,DOGyniWl,12007.0
1511,0,zjSAMvDn,fubLBmAl,12007.0
1511,0,BYsSDXCP,zjSAMvDn,11697.0
1511,0,WtPVEKaC,BYsSDXCP,11564.0
1511,0,cniBuICf,WtPVEKaC,9429.0
1511,0,LPfgjVyT,cniBuICf,9429.0
1511,0,cPCRxZjy,LPfgjVyT,7467.0
1511,0,XFLojCJa,cPCRxZjy,6869.0
1511,0,mHRdWDIt,XFLojCJa,6869.0
1511,0,NBopaFdP,mHRdWDIt,6791.0
1511,0,LbKosGpD,NBopaFdP,6791.0
1511,0,rDSiGFpR,LbKosGpD,6744.0
1511,0,hxSTJhOz,rDSiGFpR,5247.0
1511,0,TShNRujB,hxSTJhOz,5197.0
1511,0,xbiDwIOu,TShNRujB,3981.0
1511,0,zVYhNTdK,xbiDwIOu,3981.0
1511,0,EkWBPXmr,zVYhNTdK,3925.0
1741,0,YmkUpvHU,qKeCDDXI,1667.0
1741,0,GbYxEXTt,YmkUpvHU,1719.0
1741,0,ItndWSiW,GbYxEXTt,1719.0
1741,0,DOGyniWl,ItndWSiW,811.0
1741,0,fubLBmAl,DOGyniWl,811.0
1741,0,zjSAMvDn,fubLBmAl,811.0
1741,0,BYsSDXCP,zjSAMvDn,1043.0
1741,0,WtPVEKaC,BYsSDXCP,1014.0
1741,0,cniBuICf,WtPVEKaC,948.0
1741,0,LPfgjVyT,cniBuICf,950.0
1741,0,cPCRxZjy,LPfgjVyT,1131.0
1741,0,XFLojCJa,cPCRxZjy,1131.0
1741,0,mHRdWDIt,XFLojCJa,1131.0
1741,0,NBopaFdP,mHRdWDIt,1130.0
1741,0,LbKosGpD,NBopaFdP,1130.0
1245,0,OajDKDnO,jIFrASnh,549.0
1245,0,fQIJDuOA,OajDKDnO,549.0
1245,0,ZBegLuFw,fQIJDuOA,549.0
1245,0,yHDouIXe,ZBegLuFw,612.0
1245,0,aFlzccOO,yHDouIXe,570.0
1245,0,TNZDhyQb,aFlzccOO,775.0
1245,0,LfENZYTF,TNZDhyQb,1027.0
1245,0,FliRNcXy,LfENZYTF,1027.0
1245,0,TiulEaYs,FliRNcXy,1540.0
1245,0,dwUntJQR,TiulEaYs,1567.0
1245,0,ppabfQGz,dwUntJQR,1567.0
1245,0,MBTcSIip,ppabfQGz,1988.0
1245,0,qFzqwYZZ,MBTcSIip,2039.0
1245,0,gaLZwYvS,qFzqwYZZ,2741.0
1245,0,XypZkLUe,gaLZwYvS,2881.0
1245,0,drmArhka,XypZkLUe,2881.0
35,0,DYvQviUy,RfEbENxd,4105.0
1139,0,qGIkRenz,yrWAEsGy,773.0
1139,0,ytUqATXS,qGIkRenz,773.0
1139,0,sHwmfZBx,ytUqATXS,818.0
1139,0,OJyOyFXO,sHwmfZBx,717.0
1139,0,ezbmnBKa,OJyOyFXO,719.0
1511,0,GpnhEWuy,QDIpIlEK,9573.0
1511,0,YmkUpvHU,GpnhEWuy,9441.0
1511,0,GbYxEXTt,YmkUpvHU,11625.0
1511,0,DOGyniWl,GbYxEXTt,10876.0
77,0,jQaLNViL,XJRnAJHc,5712.0
77,0,RfEbENxd,jQaLNViL,5008.0
77,0,DYvQviUy,RfEbENxd,3657.0
77,0,aFlzccOO,DYvQviUy,3324.0
77,0,TNZDhyQb,aFlzccOO,2748.0
77,0,LfENZYTF,TNZDhyQb,2748.0
77,0,FliRNcXy,LfENZYTF,2748.0
77,0,TiulEaYs,FliRNcXy,2492.0
77,0,dwUntJQR,TiulEaYs,2492.0
77,0,rloRqLNl,dwUntJQR,2492.0
77,0,ppabfQGz,rloRqLNl,2266.0
77,0,MBTcSIip,ppabfQGz,2266.0
77,0,qFzqwYZZ,MBTcSIip,2250.0
77,0,gaLZwYvS,qFzqwYZZ,1900.0
77,0,XypZkLUe,gaLZwYvS,1895.0
77,0,drmArhka,XypZkLUe,1895.0
77,0,fwfbiPwk,drmArhka,1881.0
77,0,EkWBPXmr,fwfbiPwk,1447.0
1139,0,hCbDNPhh,kzneBolb,751.0
1139,0,oFLgHrco,hCbDNPhh,751.0
1139,0,yrWAEsGy,oFLgHrco,751.0
35,0,jQaLNViL,WynPMslR,4596.0
35,0,RfEbENxd,jQaLNViL,4279.0
1505,0,WCllcJIC,wxsBzgDc,7733.0
1505,0,OXcUkifL,WCllcJIC,8393.0
1505,0,POsNTwnJ,OXcUkifL,8760.0
1505,0,YmkUpvHU,POsNTwnJ,8726.0
1511,0,GgLRqpEG,uhUmvvRs,11665.0
1511,0,WFZVQzrl,GgLRqpEG,10633.0
1511,0,GiONHkbf,WFZVQzrl,10068.0
1511,0,QDIpIlEK,GiONHkbf,9127.0
233,0,GiONHkbf,aFxztqGh,2325.0
233,0,QDIpIlEK,GiONHkbf,2072.0
1505,0,wxsBzgDc,IfDrXrwx,6947.0
77,0,WUWIxCFc,OdzEGWPG,4126.0
77,0,XJRnAJHc,WUWIxCFc,4126.0
233,0,xwyDeZpB,ckoHNDVp,1815.0
233,0,aFxztqGh,xwyDeZpB,1975.0
1468,0,xwyDeZpB,ZsdtRkBt,321.0
1468,0,aFxztqGh,xwyDeZpB,321.0
1468,0,GiONHkbf,aFxztqGh,332.0
1468,0,QDIpIlEK,GiONHkbf,332.0
1468,0,GpnhEWuy,QDIpIlEK,178.0
35,0,vHkAlmCm,GnOurcjN,3881.0
35,0,WynPMslR,vHkAlmCm,3891.0
1505,0,poajKJhB,zUgDRwiy,6927.0
1505,0,wDKuLbjL,poajKJhB,6930.0
1505,0,IfDrXrwx,wDKuLbjL,7031.0
1468,0,PZviXSbJ,hHvKehYu,12.0
1468,0,liXJvIPl,PZviXSbJ,221.0
1468,0,mwBDLsCe,liXJvIPl,221.0
1468,0,OsteSFoc,mwBDLsCe,221.0
1468,0,rEXMwzJR,OsteSFoc,221.0
1468,0,ZsdtRkBt,rEXMwzJR,221.0
77,0,ruogAkOJ,cQHgTjKq,3791.0
77,0,tndfGrTh,ruogAkOJ,3791.0
77,0,OdzEGWPG,tndfGrTh,3791.0
233,0,TdXLhpcB,miDIXkTS,1612.0
233,0,ckoHNDVp,TdXLhpcB,2002.0
233,0,miDIXkTS,EFeZyZmg,1443.0
77,0,cQHgTjKq,wGTdgRcU,3596.0
1484,0,HcKLTTXk,UgdUAhSn,411.0
1484,0,mexFgKBp,HcKLTTXk,412.0
1484,0,KIvXTDlT,mexFgKBp,412.0
1484,0,TgzZcdmy,KIvXTDlT,412.0
1484,0,SEjojzMr,TgzZcdmy,412.0
1484,0,WCllcJIC,SEjojzMr,412.0
1484,0,OXcUkifL,WCllcJIC,412.0
1484,0,POsNTwnJ,OXcUkifL,388.0
1484,0,rRGVruPM,POsNTwnJ,388.0
1484,0,YmkUpvHU,rRGVruPM,388.0
1484,0,GbYxEXTt,YmkUpvHU,388.0
1484,0,DOGyniWl,GbYxEXTt,388.0
1484,0,fubLBmAl,DOGyniWl,388.0
1484,0,zjSAMvDn,fubLBmAl,388.0
1484,0,BYsSDXCP,zjSAMvDn,388.0
1484,0,WtPVEKaC,BYsSDXCP,388.0
1484,0,cniBuICf,WtPVEKaC,154.0
1484,0,LPfgjVyT,cniBuICf,154.0
1484,0,cPCRxZjy,LPfgjVyT,129.0
1484,0,XFLojCJa,cPCRxZjy,129.0
1484,0,mHRdWDIt,XFLojCJa,129.0
1484,0,NBopaFdP,mHRdWDIt,129.0
1484,0,LbKosGpD,NBopaFdP,129.0
1484,0,rDSiGFpR,LbKosGpD,129.0
1484,0,hxSTJhOz,rDSiGFpR,106.0
1484,0,TShNRujB,hxSTJhOz,106.0
1484,0,xbiDwIOu,TShNRujB,66.0
1484,0,zVYhNTdK,xbiDwIOu,66.0
1484,0,EkWBPXmr,zVYhNTdK,66.0
362,0,jvuOCfJT,BCaYhIgf,228.0
362,0,vGKZybsV,jvuOCfJT,228.0
362,0,lEwLedpG,vGKZybsV,158.0
362,0,GtMUYUwJ,lEwLedpG,156.0
362,0,lQIpGOTn,GtMUYUwJ,156.0
362,0,uhUmvvRs,lQIpGOTn,150.0
362,0,GgLRqpEG,uhUmvvRs,116.0
362,0,WFZVQzrl,GgLRqpEG,115.0
362,0,GiONHkbf,WFZVQzrl,106.0
362,0,QDIpIlEK,GiONHkbf,106.0
362,0,GpnhEWuy,QDIpIlEK,90.0
362,0,YmkUpvHU,GpnhEWuy,90.0
362,0,GbYxEXTt,YmkUpvHU,90.0
362,0,DOGyniWl,GbYxEXTt,80.0
362,0,fubLBmAl,DOGyniWl,80.0
362,0,zjSAMvDn,fubLBmAl,80.0
362,0,BYsSDXCP,zjSAMvDn,75.0
362,0,WtPVEKaC,BYsSDXCP,75.0
362,0,cniBuICf,WtPVEKaC,75.0
362,0,LPfgjVyT,cniBuICf,75.0
362,0,cPCRxZjy,LPfgjVyT,59.0
362,0,qpacHTVx,cPCRxZjy,58.0
362,0,XFLojCJa,qpacHTVx,58.0
362,0,mHRdWDIt,XFLojCJa,58.0
362,0,NBopaFdP,mHRdWDIt,58.0
362,0,LbKosGpD,NBopaFdP,58.0
362,0,rDSiGFpR,LbKosGpD,58.0
362,0,hxSTJhOz,rDSiGFpR,49.0
362,0,TShNRujB,hxSTJhOz,46.0
362,0,xbiDwIOu,TShNRujB,46.0
362,0,zVYhNTdK,xbiDwIOu,46.0
362,0,EkWBPXmr,zVYhNTdK,46.0
362,0,fpBSsIiN,kVypOvQA,208.0
362,0,vDrIQGSM,fpBSsIiN,208.0
362,0,wYGnXViz,vDrIQGSM,208.0
362,0,BCaYhIgf,wYGnXViz,208.0
1750,0,nOepWjtB,zfmNZkKD,3172.0
1750,0,kNXaohyL,nOepWjtB,3172.0
1750,0,gJicbLzN,kNXaohyL,3172.0
1750,0,lRwVVbKf,gJicbLzN,3223.0
1750,0,HcKLTTXk,lRwVVbKf,5504.0
1750,0,IvXmMOhB,HcKLTTXk,5524.0
1750,0,KIvXTDlT,IvXmMOhB,5533.0
1750,0,TgzZcdmy,KIvXTDlT,5533.0
1750,0,SEjojzMr,TgzZcdmy,5533.0
1750,0,oBYetVBr,SEjojzMr,5168.0
1750,0,GiONHkbf,oBYetVBr,4890.0
1750,0,QDIpIlEK,GiONHkbf,4794.0
1435,0,qrzeRBPC,RSQixiib,9770.0
1435,0,phXawcIY,qrzeRBPC,9770.0
1435,0,EXTmTMKf,phXawcIY,7414.0
35,0,yfIoPTHo,EXTmTMKf,3107.0
35,0,GnOurcjN,yfIoPTHo,3122.0
77,0,meZHMfSd,yTNmoAGc,3338.0
77,0,wGTdgRcU,meZHMfSd,3338.0
35,0,zjGRmLyo,JGydtICe,2651.0
35,0,EXTmTMKf,zjGRmLyo,2694.0
36,0,JGydtICe,RtTLxXUv,2289.0
36,0,zjGRmLyo,JGydtICe,2289.0
36,0,EXTmTMKf,zjGRmLyo,2289.0
36,0,yfIoPTHo,EXTmTMKf,2289.0
36,0,GnOurcjN,yfIoPTHo,2289.0
36,0,vHkAlmCm,GnOurcjN,2289.0
36,0,WynPMslR,vHkAlmCm,2289.0
36,0,jQaLNViL,WynPMslR,2289.0
36,0,RfEbENxd,jQaLNViL,1612.0
36,0,DYvQviUy,RfEbENxd,1321.0
36,0,aFlzccOO,DYvQviUy,1321.0
36,0,TNZDhyQb,aFlzccOO,1277.0
36,0,LfENZYTF,TNZDhyQb,1277.0
36,0,FliRNcXy,LfENZYTF,1277.0
36,0,TiulEaYs,FliRNcXy,1223.0
36,0,dwUntJQR,TiulEaYs,1223.0
36,0,rloRqLNl,dwUntJQR,1223.0
36,0,ppabfQGz,rloRqLNl,1037.0
36,0,MBTcSIip,ppabfQGz,1037.0
36,0,qFzqwYZZ,MBTcSIip,922.0
36,0,gaLZwYvS,qFzqwYZZ,832.0
36,0,XypZkLUe,gaLZwYvS,832.0
36,0,drmArhka,XypZkLUe,832.0
36,0,fwfbiPwk,drmArhka,830.0
36,0,cGoHBmgo,fwfbiPwk,529.0
36,0,EkWBPXmr,cGoHBmgo,529.0
1702,0,KOOURKwq,ALndweLA,3270.0
1702,0,VkuawVVW,KOOURKwq,3259.0
1702,0,iooOeHkN,VkuawVVW,3269.0
1702,0,DgeiAShx,iooOeHkN,3269.0
1511,0,jFRqfnFl,qeXIqBgp,10909.0
1511,0,ysSWNERo,jFRqfnFl,11153.0
1511,0,lEwLedpG,ysSWNERo,11080.0
1511,0,lQIpGOTn,lEwLedpG,11627.0
1511,0,uhUmvvRs,lQIpGOTn,11627.0
1532,0,ULIlEdjB,XHLHCkqn,1137.0
1532,0,zfmNZkKD,ULIlEdjB,1137.0
1532,0,tYiGccLM,zfmNZkKD,1348.0
1532,0,zVMCvpDh,tYiGccLM,1479.0
1532,0,tdSVPjpA,zVMCvpDh,1479.0
1532,0,nOepWjtB,tdSVPjpA,1479.0
1532,0,kNXaohyL,nOepWjtB,1479.0
1532,0,gJicbLzN,kNXaohyL,1479.0
1532,0,lRwVVbKf,gJicbLzN,1497.0
1532,0,HcKLTTXk,lRwVVbKf,1869.0
1532,0,IvXmMOhB,HcKLTTXk,2533.0
35,0,uCftfjda,aBQaRmrC,1348.0
35,0,JGydtICe,uCftfjda,1348.0
77,0,wDEypHfE,QCBPrBCl,3031.0
77,0,yTNmoAGc,wDEypHfE,2995.0
77,0,rGYrQqGa,OUTzwMHI,2960.0
77,0,QCBPrBCl,rGYrQqGa,2960.0
143,0,mexFgKBp,NrNaZyPp,2042.0
143,0,KIvXTDlT,mexFgKBp,1118.0
143,0,TgzZcdmy,KIvXTDlT,1119.0
143,0,SEjojzMr,TgzZcdmy,1119.0
143,0,WCllcJIC,SEjojzMr,783.0
143,0,OXcUkifL,WCllcJIC,783.0
143,0,POsNTwnJ,OXcUkifL,771.0
143,0,rRGVruPM,POsNTwnJ,771.0
143,0,YmkUpvHU,rRGVruPM,358.0
762,0,dHuMOmqh,HqehCtdr,4838.0
762,0,mdiSFJRM,dHuMOmqh,4853.0
762,0,ljNlRbnZ,mdiSFJRM,4853.0
762,0,VbMcfGsr,ljNlRbnZ,4489.0
762,0,MttNRhjN,VbMcfGsr,4489.0
762,0,HeidvHXY,MttNRhjN,4489.0
762,0,CCoJPQpR,HeidvHXY,4489.0
762,0,veAXvdUO,CCoJPQpR,7356.0
762,0,UgdUAhSn,veAXvdUO,7356.0
762,0,HcKLTTXk,UgdUAhSn,5783.0
762,0,zUgDRwiy,HcKLTTXk,5497.0
36,0,HxnLIWQq,tcbhlVZo,1234.0
36,0,wqGWmwVd,HxnLIWQq,1806.0
36,0,ACkvbmee,wqGWmwVd,1806.0
36,0,FtWuEuzF,ACkvbmee,1806.0
36,0,RtTLxXUv,FtWuEuzF,1806.0
852,0,nsbHlbAq,WhHfbZWj,1334.0
852,0,cwgbfpqq,nsbHlbAq,1334.0
852,0,fMrlznIn,cwgbfpqq,1334.0
852,0,uXKxCjNA,fMrlznIn,1334.0
852,0,bOiSLYGO,uXKxCjNA,1334.0
852,0,mhgPTzcZ,bOiSLYGO,1589.0
852,0,WFZVQzrl,mhgPTzcZ,1589.0
852,0,GiONHkbf,WFZVQzrl,1589.0
852,0,QDIpIlEK,GiONHkbf,1589.0
852,0,GpnhEWuy,QDIpIlEK,1589.0
852,0,YmkUpvHU,GpnhEWuy,1589.0
852,0,GbYxEXTt,YmkUpvHU,1589.0
852,0,DOGyniWl,GbYxEXTt,1589.0
852,0,fubLBmAl,DOGyniWl,1589.0
852,0,zjSAMvDn,fubLBmAl,1589.0
852,0,BYsSDXCP,zjSAMvDn,1573.0
852,0,WtPVEKaC,BYsSDXCP,1571.0
852,0,cniBuICf,WtPVEKaC,1528.0
852,0,LPfgjVyT,cniBuICf,1528.0
852,0,cPCRxZjy,LPfgjVyT,1392.0
852,0,XFLojCJa,cPCRxZjy,1391.0
852,0,mHRdWDIt,XFLojCJa,1391.0
852,0,NBopaFdP,mHRdWDIt,1389.0
852,0,LbKosGpD,NBopaFdP,1389.0
852,0,rDSiGFpR,LbKosGpD,1389.0
852,0,hxSTJhOz,rDSiGFpR,1327.0
852,0,TShNRujB,hxSTJhOz,1327.0
852,0,xbiDwIOu,TShNRujB,1070.0
852,0,zVYhNTdK,xbiDwIOu,1070.0
852,0,EkWBPXmr,zVYhNTdK,1070.0
780,0,VEiYdotb,AhWKwjTz,6522.0
780,0,DgYBMgPg,VEiYdotb,6522.0
780,0,vkArqzKY,DgYBMgPg,6913.0
780,0,gzTQJVMW,vkArqzKY,6913.0
780,0,FZsFzszJ,gzTQJVMW,3190.0
1511,0,ALhaazBT,FZsFzszJ,2952.0
1511,0,AUmOMGnp,ALhaazBT,3189.0
1511,0,ejMjPdTH,AUmOMGnp,3258.0
1511,0,eaNsVWDR,ejMjPdTH,4371.0
1511,0,hpACGGyB,eaNsVWDR,6070.0
1511,0,ywuGpANM,hpACGGyB,6297.0
1511,0,BZCtSmhk,ywuGpANM,10076.0
1511,0,qeXIqBgp,BZCtSmhk,10957.0
1441,0,JZbiEaEt,LsuNFzpq,1174.0
1441,0,RchOKnYD,JZbiEaEt,882.0
1441,0,BMDeXhVp,RchOKnYD,882.0
1441,0,ZqBGCTqq,BMDeXhVp,882.0
1441,0,HxnLIWQq,ZqBGCTqq,858.0
1441,0,wqGWmwVd,HxnLIWQq,845.0
1441,0,ACkvbmee,wqGWmwVd,818.0
1441,0,FtWuEuzF,ACkvbmee,818.0
1441,0,RtTLxXUv,FtWuEuzF,818.0
1441,0,JGydtICe,RtTLxXUv,812.0
836,0,UGBWqSzR,aImltWBw,3204.0
836,0,ywuGpANM,UGBWqSzR,3220.0
836,0,BZCtSmhk,ywuGpANM,6369.0
565,0,PQDqFTyk,qQFDKzdu,829.0
565,0,SOzmnmNW,PQDqFTyk,569.0
565,0,OhBAPvsb,SOzmnmNW,569.0
762,0,HqehCtdr,OhBAPvsb,5315.0
803,0,lhYDMMsV,LNRgsQQF,1076.0
803,0,dHuMOmqh,lhYDMMsV,1080.0
803,0,shEBYolm,dHuMOmqh,734.0
803,0,ljNlRbnZ,shEBYolm,734.0
803,0,MttNRhjN,ljNlRbnZ,720.0
803,0,HeidvHXY,MttNRhjN,720.0
803,0,CCoJPQpR,HeidvHXY,720.0
803,0,veAXvdUO,CCoJPQpR,720.0
803,0,UgdUAhSn,veAXvdUO,720.0
803,0,HcKLTTXk,UgdUAhSn,590.0
803,0,IvXmMOhB,HcKLTTXk,590.0
803,0,KIvXTDlT,IvXmMOhB,463.0
803,0,TgzZcdmy,KIvXTDlT,425.0
803,0,SEjojzMr,TgzZcdmy,425.0
803,0,WCllcJIC,SEjojzMr,382.0
803,0,OXcUkifL,WCllcJIC,321.0
803,0,POsNTwnJ,OXcUkifL,254.0
803,0,rRGVruPM,POsNTwnJ,146.0
803,0,YmkUpvHU,rRGVruPM,146.0
77,0,tcHYhVZo,XkkxwlXm,2695.0
77,0,OUTzwMHI,tcHYhVZo,2604.0
1484,0,llFTEWtD,IulxyPoH,66.0
1484,0,SgXyhVwd,llFTEWtD,66.0
1484,0,fPhIOSOj,SgXyhVwd,90.0
1484,0,dHuMOmqh,fPhIOSOj,90.0
1484,0,mdiSFJRM,dHuMOmqh,224.0
1484,0,KSJnwxVm,mdiSFJRM,224.0
1484,0,shEBYolm,KSJnwxVm,224.0
1484,0,ljNlRbnZ,shEBYolm,224.0
1484,0,VbMcfGsr,ljNlRbnZ,240.0
1484,0,MttNRhjN,VbMcfGsr,240.0
1484,0,CCoJPQpR,MttNRhjN,240.0
1484,0,veAXvdUO,CCoJPQpR,279.0
1484,0,UgdUAhSn,veAXvdUO,279.0
36,0,DFiOxLfP,OQfDwOIF,321.0
36,0,OaJoPLeC,DFiOxLfP,321.0
36,0,GMrJWgHs,OaJoPLeC,322.0
36,0,tTjpyeuP,GMrJWgHs,322.0
36,0,elxmPCDf,tTjpyeuP,322.0
36,0,tcbhlVZo,elxmPCDf,322.0
77,0,PQuXHWcA,ZFSCrBEp,2430.0
77,0,XkkxwlXm,PQuXHWcA,2430.0
994,0,KnIeolpt,RyhuDLev,6328.0
994,0,GMrJWgHs,KnIeolpt,6329.0
994,0,tTjpyeuP,GMrJWgHs,6286.0
994,0,elxmPCDf,tTjpyeuP,6286.0
994,0,tcbhlVZo,elxmPCDf,6286.0
994,0,HxnLIWQq,tcbhlVZo,3621.0
994,0,wqGWmwVd,HxnLIWQq,3617.0
994,0,ACkvbmee,wqGWmwVd,3616.0
994,0,FtWuEuzF,ACkvbmee,3616.0
994,0,RtTLxXUv,FtWuEuzF,3604.0
994,0,JGydtICe,RtTLxXUv,3364.0
560,0,IjDfGHsr,hzAARBgX,1856.0
560,0,TFRpjaAo,IjDfGHsr,1858.0
560,0,JhdinCeD,TFRpjaAo,1975.0
560,0,ZIieNEvD,JhdinCeD,1975.0
560,0,jvLymITs,ZIieNEvD,1975.0
560,0,jJVVpGMf,jvLymITs,1760.0
560,0,tcYerYbk,jJVVpGMf,1760.0
560,0,pPKqPUVW,tcYerYbk,1760.0
560,0,iYTiOTOT,pPKqPUVW,1760.0
560,0,dLtneiKf,iYTiOTOT,1760.0
560,0,slfxTuih,dLtneiKf,1760.0
560,0,XFPAZveS,slfxTuih,1572.0
560,0,WjGJosho,XFPAZveS,1335.0
77,0,fXFJjsZH,DKTMYVhM,2269.0
77,0,zKpOsJgw,fXFJjsZH,2269.0
77,0,ZFSCrBEp,zKpOsJgw,2269.0
994,0,fzmnvqlX,SEcoeimf,4956.0
994,0,RyhuDLev,fzmnvqlX,4956.0
1558,0,ltfHcqwC,tfRCwcQZ,1811.0
1558,0,VUmYNFZt,ltfHcqwC,1811.0
1558,0,pnYEWPBG,VUmYNFZt,1811.0
1558,0,IANlmbvg,pnYEWPBG,2023.0
1558,0,LjfvDYFE,IANlmbvg,2491.0
1558,0,MhGEPaGW,LjfvDYFE,2506.0
1558,0,ZHWKFCEn,MhGEPaGW,2432.0
1558,0,LNRgsQQF,ZHWKFCEn,2414.0
1558,0,lhYDMMsV,LNRgsQQF,2409.0
1558,0,OhgtKZPi,lhYDMMsV,2408.0
1558,0,dHuMOmqh,OhgtKZPi,2408.0
1558,0,mdiSFJRM,dHuMOmqh,2237.0
1558,0,KSJnwxVm,mdiSFJRM,2054.0
1558,0,shEBYolm,KSJnwxVm,2054.0
1558,0,ljNlRbnZ,shEBYolm,2054.0
1558,0,VbMcfGsr,ljNlRbnZ,2051.0
1558,0,MttNRhjN,VbMcfGsr,2051.0
1558,0,CCoJPQpR,MttNRhjN,2051.0
1558,0,veAXvdUO,CCoJPQpR,1769.0
1558,0,UgdUAhSn,veAXvdUO,1769.0
1558,0,HcKLTTXk,UgdUAhSn,1762.0
1558,0,IvXmMOhB,HcKLTTXk,1557.0
1558,0,KIvXTDlT,IvXmMOhB,1417.0
1558,0,TgzZcdmy,KIvXTDlT,1417.0
1558,0,SEjojzMr,TgzZcdmy,1417.0
1558,0,WCllcJIC,SEjojzMr,1408.0
1558,0,OXcUkifL,WCllcJIC,1004.0
1558,0,POsNTwnJ,OXcUkifL,982.0
1558,0,rRGVruPM,POsNTwnJ,982.0
1558,0,YmkUpvHU,rRGVruPM,807.0
994,0,zzxlwhdI,wssOAckJ,3477.0
994,0,SEcoeimf,zzxlwhdI,2511.0
1554,0,kTKiYpVR,EPQxNUoM,3811.0
1554,0,bjpXdchK,kTKiYpVR,2429.0
1554,0,dEgXqWEW,bjpXdchK,2429.0
1554,0,ZWGREbnj,dEgXqWEW,2429.0
1554,0,cgIzawVB,ZWGREbnj,2429.0
1554,0,CbYTLXWK,cgIzawVB,2429.0
1554,0,kWrGTFqC,CbYTLXWK,2429.0
1554,0,ubEwIGdf,kWrGTFqC,2422.0
1554,0,aBKtLgYB,ubEwIGdf,2422.0
1554,0,qduHdsCL,aBKtLgYB,2422.0
1554,0,GYMzAvFw,qduHdsCL,2422.0
1554,0,VXAxIwYs,GYMzAvFw,2422.0
1554,0,ZHWKFCEn,VXAxIwYs,2412.0
1554,0,KbemmdTp,ZHWKFCEn,2403.0
1554,0,wTVyxBBy,KbemmdTp,2403.0
1554,0,LNRgsQQF,wTVyxBBy,2403.0
1554,0,lhYDMMsV,LNRgsQQF,2402.0
1554,0,OhgtKZPi,lhYDMMsV,2402.0
1554,0,dHuMOmqh,OhgtKZPi,2402.0
1554,0,mdiSFJRM,dHuMOmqh,1636.0
1554,0,KSJnwxVm,mdiSFJRM,1549.0
1554,0,shEBYolm,KSJnwxVm,1549.0
1554,0,ljNlRbnZ,shEBYolm,1549.0
1554,0,VbMcfGsr,ljNlRbnZ,1542.0
1554,0,MttNRhjN,VbMcfGsr,1542.0
1554,0,HeidvHXY,MttNRhjN,1542.0
1554,0,CCoJPQpR,HeidvHXY,1542.0
1554,0,veAXvdUO,CCoJPQpR,1143.0
1554,0,UgdUAhSn,veAXvdUO,1143.0
1554,0,HcKLTTXk,UgdUAhSn,1139.0
1554,0,mexFgKBp,HcKLTTXk,967.0
1554,0,KIvXTDlT,mexFgKBp,613.0
1554,0,TgzZcdmy,KIvXTDlT,613.0
1554,0,SEjojzMr,TgzZcdmy,613.0
1554,0,WCllcJIC,SEjojzMr,593.0
1554,0,OXcUkifL,WCllcJIC,361.0
1554,0,POsNTwnJ,OXcUkifL,361.0
1554,0,rRGVruPM,POsNTwnJ,361.0
1554,0,YmkUpvHU,rRGVruPM,166.0
994,0,wssOAckJ,obGcbWvT,2875.0
77,0,MwUoGUHv,aXWsLpyQ,1936.0
77,0,lndqhzzh,MwUoGUHv,1936.0
77,0,jOvjucEC,lndqhzzh,1936.0
77,0,HbaaqMIK,jOvjucEC,1936.0
77,0,SvkqEtGw,HbaaqMIK,1984.0
77,0,DKTMYVhM,SvkqEtGw,1984.0
1511,0,FZsFzszJ,gzTQJVMW,2881.0
994,0,QyfZGsFT,JgVaSAtG,2601.0
994,0,selTNsQi,QyfZGsFT,2601.0
994,0,SfBAqteg,selTNsQi,2601.0
994,0,obGcbWvT,SfBAqteg,2601.0
1511,0,gzTQJVMW,RVEyrwjR,2677.0
1558,0,KqFhDHZN,yHaTCNJc,285.0
1558,0,bCNvXuax,KqFhDHZN,1635.0
1558,0,HDmoIVra,bCNvXuax,1681.0
1558,0,tfRCwcQZ,HDmoIVra,1681.0
1511,0,RVEyrwjR,XLVjRryq,591.0
1083,0,jobllKUJ,pqZYMbGr,3556.0
1083,0,cKlxsEIa,jobllKUJ,3556.0
1083,0,POeaLshN,cKlxsEIa,3556.0
1083,0,nvtqczOj,POeaLshN,3556.0
1083,0,FdzHSswJ,nvtqczOj,3259.0
1083,0,qmRscxuH,FdzHSswJ,3414.0
1083,0,zrVEttwl,qmRscxuH,3237.0
1083,0,KhQckqci,zrVEttwl,3237.0
1083,0,NkYJOxxA,KhQckqci,3237.0
1083,0,Phtvjmoj,NkYJOxxA,3240.0
1083,0,iRgZVaoH,Phtvjmoj,4471.0
1083,0,KbKyxild,iRgZVaoH,4471.0
1083,0,WzJZybAt,KbKyxild,4092.0
1083,0,wBZvskGC,WzJZybAt,4059.0
1083,0,pHbSfQWg,wBZvskGC,5341.0
1083,0,hlYcHDiv,pHbSfQWg,5341.0
1083,0,ZUUFaTkv,hlYcHDiv,5341.0
1083,0,jgCiOeaN,ZUUFaTkv,5381.0
1083,0,TikfrWrm,jgCiOeaN,5381.0
1083,0,RabBrvbh,TikfrWrm,6365.0
1083,0,yAsGVYQM,RabBrvbh,6365.0
1083,0,XFPAZveS,yAsGVYQM,16914.0
1083,0,ejMjPdTH,XFPAZveS,16947.0
1083,0,CKorGRkE,ejMjPdTH,8758.0
1083,0,eaNsVWDR,CKorGRkE,5171.0
77,0,TBShKgjD,yOopALph,1833.0
77,0,aXWsLpyQ,TBShKgjD,1833.0
779,0,khOlLZay,CDXhVrrJ,4550.0
77,0,IGRxApsM,ZNFFlclk,15.0
77,0,yOopALph,IGRxApsM,49.0
367,0,CgMBzfIg,OXvlrfnG,2439.0
367,0,BCwVkMhO,CgMBzfIg,2439.0
367,0,MpBHVRZl,BCwVkMhO,2266.0
367,0,BWKNZpmt,MpBHVRZl,2270.0
367,0,hMBIVszx,BWKNZpmt,2281.0
367,0,JgVaSAtG,hMBIVszx,2281.0
367,0,QyfZGsFT,JgVaSAtG,2364.0
367,0,selTNsQi,QyfZGsFT,2364.0
367,0,SfBAqteg,selTNsQi,2364.0
367,0,obGcbWvT,SfBAqteg,2364.0
367,0,wssOAckJ,obGcbWvT,2342.0
367,0,zzxlwhdI,wssOAckJ,3106.0
367,0,SEcoeimf,zzxlwhdI,3028.0
367,0,fzmnvqlX,SEcoeimf,3998.0
367,0,RyhuDLev,fzmnvqlX,3998.0
367,0,KnIeolpt,RyhuDLev,4483.0
367,0,GMrJWgHs,KnIeolpt,4484.0
367,0,tTjpyeuP,GMrJWgHs,4641.0
367,0,elxmPCDf,tTjpyeuP,4641.0
367,0,tcbhlVZo,elxmPCDf,4641.0
367,0,HxnLIWQq,tcbhlVZo,5549.0
367,0,wqGWmwVd,HxnLIWQq,6132.0
367,0,ACkvbmee,wqGWmwVd,6137.0
367,0,FtWuEuzF,ACkvbmee,6137.0
367,0,RtTLxXUv,FtWuEuzF,6141.0
367,0,JGydtICe,RtTLxXUv,7052.0
1511,0,vDFCntfg,YvwuVYMF,146.0
1511,0,iEKDTvNf,vDFCntfg,146.0
1511,0,NxbXiMUL,iEKDTvNf,146.0
1511,0,XLVjRryq,NxbXiMUL,181.0
367,0,OXvlrfnG,iZfXNAue,2324.0
71,0,dEwNKLNy,vaPtcLuK,1649.0
367,0,Uacajbua,wcUGKfLa,1683.0
367,0,ZLCIvgrp,Uacajbua,1690.0
367,0,ucVTqZIB,ZLCIvgrp,1615.0
367,0,FDrhtNjK,ucVTqZIB,1615.0
367,0,YVGWiGkc,FDrhtNjK,1615.0
367,0,CqPWXNIf,YVGWiGkc,1615.0
367,0,iZfXNAue,CqPWXNIf,1581.0
616,0,fElpHioA,TJGhHrvm,974.0
616,0,PaLbQtln,fElpHioA,1125.0
616,0,rqBqDfoZ,PaLbQtln,1125.0
616,0,yhXmuUeN,rqBqDfoZ,2048.0
319,0,zVYhNTdK,yhXmuUeN,1872.0
319,0,EkWBPXmr,zVYhNTdK,1872.0
234,0,xewbkqhz,AHLLTOdf,4850.0
234,0,mklbELhb,xewbkqhz,4754.0
234,0,yhXmuUeN,mklbELhb,4664.0
234,0,BqZQArDi,yhXmuUeN,2605.0
234,0,xbiDwIOu,BqZQArDi,2605.0
234,0,zVYhNTdK,xbiDwIOu,2605.0
234,0,EkWBPXmr,zVYhNTdK,2602.0
234,0,AHLLTOdf,JSZZmOIY,5151.0
319,0,zavSPsgu,YjHuxjDZ,5800.0
319,0,UrQlyWkl,zavSPsgu,4890.0
319,0,mklbELhb,UrQlyWkl,3356.0
319,0,yhXmuUeN,mklbELhb,1896.0
399,0,WPPGaTFA,RupFhEwj,2621.0
399,0,JSZZmOIY,WPPGaTFA,2621.0
399,0,AHLLTOdf,JSZZmOIY,2307.0
399,0,xewbkqhz,AHLLTOdf,1448.0
399,0,mklbELhb,xewbkqhz,1444.0
399,0,yhXmuUeN,mklbELhb,1444.0
399,0,BqZQArDi,yhXmuUeN,780.0
399,0,xbiDwIOu,BqZQArDi,780.0
399,0,zVYhNTdK,xbiDwIOu,780.0
399,0,EkWBPXmr,zVYhNTdK,780.0
234,0,JSZZmOIY,tBJBJfdu,3855.0
319,0,CZfJWCoJ,xfYjeqNM,5426.0
319,0,IdWZOznf,CZfJWCoJ,5426.0
319,0,XGxJlapP,IdWZOznf,5499.0
319,0,YjHuxjDZ,XGxJlapP,5499.0
647,0,bCOJrgoA,qDeoslSZ,1084.0
647,0,uTcsgvmK,bCOJrgoA,1091.0
647,0,PrdzzRyE,uTcsgvmK,1091.0
1744,0,xfYjeqNM,UWSJuCAz,4556.0
319,0,xfYjeqNM,RSPZrGBg,5663.0
647,0,qDeoslSZ,hLEWSLqw,470.0
399,0,eciAPzhn,zYpZYpOA,1514.0
399,0,tOfkaukv,eciAPzhn,1514.0
399,0,exzjGTVf,tOfkaukv,1514.0
399,0,CcTUkfkl,exzjGTVf,1514.0
399,0,tglFZOrp,CcTUkfkl,2124.0
399,0,SqxhBMol,tglFZOrp,2124.0
399,0,vIqdsoZx,SqxhBMol,2536.0
399,0,RupFhEwj,vIqdsoZx,2536.0
234,0,UECnapuN,bWAbaUPC,4570.0
234,0,uVsOstge,UECnapuN,4781.0
234,0,tBJBJfdu,uVsOstge,4743.0
1197,0,CRZgpQHT,RQiSRtZp,602.0
1197,0,uDuzeUsq,CRZgpQHT,602.0
1197,0,ilYJImqh,uDuzeUsq,602.0
1197,0,gpXWTuwm,ilYJImqh,602.0
1197,0,jKjAXpVP,gpXWTuwm,576.0
1197,0,XXPGaRGh,jKjAXpVP,575.0
1197,0,IMtkgxTU,XXPGaRGh,575.0
1197,0,MlQcmexA,IMtkgxTU,575.0
1197,0,tSmiUoPn,MlQcmexA,530.0
1197,0,VuxSFkGj,tSmiUoPn,530.0
1197,0,SQUoXVXU,VuxSFkGj,530.0
1197,0,tZiWmgTn,SQUoXVXU,500.0
1197,0,JpkWIkgn,tZiWmgTn,380.0
1197,0,gDnuvefz,JpkWIkgn,380.0
1197,0,rqBqDfoZ,gDnuvefz,380.0
1197,0,yhXmuUeN,rqBqDfoZ,379.0
1197,0,BqZQArDi,yhXmuUeN,161.0
1197,0,xbiDwIOu,BqZQArDi,161.0
1197,0,zVYhNTdK,xbiDwIOu,161.0
1197,0,EkWBPXmr,zVYhNTdK,161.0
234,0,bWAbaUPC,cEOIeJTR,4692.0
293,0,cEOIeJTR,CfleTooC,2299.0
293,0,bWAbaUPC,cEOIeJTR,2299.0
293,0,qrSNpKDz,bWAbaUPC,1871.0
293,0,UECnapuN,qrSNpKDz,1852.0
293,0,FZYojuVE,UECnapuN,1852.0
293,0,uVsOstge,FZYojuVE,1820.0
293,0,tBJBJfdu,uVsOstge,1704.0
293,0,JSZZmOIY,tBJBJfdu,1142.0
293,0,AHLLTOdf,JSZZmOIY,1137.0
293,0,xewbkqhz,AHLLTOdf,1068.0
293,0,mklbELhb,xewbkqhz,1068.0
293,0,yhXmuUeN,mklbELhb,1052.0
293,0,BqZQArDi,yhXmuUeN,481.0
293,0,xbiDwIOu,BqZQArDi,481.0
293,0,zVYhNTdK,xbiDwIOu,481.0
293,0,EkWBPXmr,zVYhNTdK,477.0
465,0,nGRNUPgX,ARTSSefO,8189.0
465,0,cPCRxZjy,nGRNUPgX,7235.0
1197,0,jPryMrof,xMTUUeEc,636.0
1197,0,jkJwqjHm,jPryMrof,636.0
1197,0,jKMBgxbE,jkJwqjHm,636.0
1197,0,RQiSRtZp,jKMBgxbE,636.0
95,0,VyegGjWt,kKHgYdYp,5.0
95,0,rLrKZBjw,VyegGjWt,5.0
95,0,eBAbFKqQ,rLrKZBjw,5.0
95,0,cniBuICf,eBAbFKqQ,5.0
95,0,LPfgjVyT,cniBuICf,5.0
95,0,cPCRxZjy,LPfgjVyT,5.0
95,0,qpacHTVx,cPCRxZjy,5.0
95,0,XFLojCJa,qpacHTVx,5.0
95,0,mHRdWDIt,XFLojCJa,5.0
95,0,NBopaFdP,mHRdWDIt,5.0
95,0,LbKosGpD,NBopaFdP,5.0
95,0,rDSiGFpR,LbKosGpD,5.0
95,0,hxSTJhOz,rDSiGFpR,5.0
95,0,TShNRujB,hxSTJhOz,5.0
95,0,xbiDwIOu,TShNRujB,5.0
95,0,zVYhNTdK,xbiDwIOu,5.0
95,0,EkWBPXmr,zVYhNTdK,5.0
399,0,CYSggHNR,IkxLwyxa,1037.0
399,0,VhgapMoa,CYSggHNR,1037.0
399,0,dKbqWpcD,VhgapMoa,1037.0
399,0,zYpZYpOA,dKbqWpcD,1037.0
146,0,zAwPDfkg,RWixPrCB,746.0
146,0,eBAbFKqQ,zAwPDfkg,746.0
146,0,cniBuICf,eBAbFKqQ,583.0
146,0,LPfgjVyT,cniBuICf,583.0
146,0,cPCRxZjy,LPfgjVyT,398.0
146,0,qpacHTVx,cPCRxZjy,397.0
146,0,XFLojCJa,qpacHTVx,397.0
146,0,mHRdWDIt,XFLojCJa,397.0
146,0,NBopaFdP,mHRdWDIt,397.0
146,0,LbKosGpD,NBopaFdP,397.0
146,0,rDSiGFpR,LbKosGpD,397.0
146,0,hxSTJhOz,rDSiGFpR,284.0
146,0,TShNRujB,hxSTJhOz,284.0
146,0,zVYhNTdK,TShNRujB,200.0
146,0,EkWBPXmr,zVYhNTdK,200.0
319,0,STSGJiIu,TdfMaTlB,5311.0
319,0,vpctkpYQ,STSGJiIu,5311.0
319,0,EBckcZXF,vpctkpYQ,5326.0
319,0,buAeVenh,EBckcZXF,5401.0
319,0,ARTSSefO,buAeVenh,5401.0
319,0,KMDYeUKg,ARTSSefO,5465.0
319,0,FrlvFFoW,KMDYeUKg,5695.0
319,0,UCIDNTPZ,FrlvFFoW,5679.0
319,0,RSPZrGBg,UCIDNTPZ,5689.0
234,0,hCxxcqWU,IOcMwGKn,4803.0
234,0,pPReLBCT,hCxxcqWU,4813.0
234,0,gUXxyAlR,pPReLBCT,4702.0
234,0,cEOIeJTR,gUXxyAlR,4702.0
234,0,IOcMwGKn,ybjkPLXB,4746.0
399,0,nJRBvlcT,YmbmpLps,451.0
399,0,IkxLwyxa,nJRBvlcT,773.0
293,0,fjbmYxRB,SzEcLYsf,1628.0
293,0,hCxxcqWU,fjbmYxRB,1628.0
293,0,gUXxyAlR,hCxxcqWU,1688.0
293,0,CfleTooC,gUXxyAlR,2301.0
146,0,WweXYmbm,JODrgTwh,1210.0
146,0,RWixPrCB,WweXYmbm,1210.0
399,0,JGbfxLUL,KQSHMGnw,289.0
399,0,IjwLXBRx,JGbfxLUL,289.0
399,0,YmbmpLps,IjwLXBRx,289.0
989,0,fjevhefZ,AUBTKFbY,6737.0
989,0,vyQyYYqJ,fjevhefZ,6640.0
989,0,ztLkgYlA,vyQyYYqJ,6633.0
319,0,OPXtWBVk,gqwqEGtD,4970.0
319,0,SvGtXrYj,OPXtWBVk,4718.0
319,0,TdfMaTlB,SvGtXrYj,4622.0
234,0,OAywdpTB,BpAiVnps,3738.0
234,0,ufvngNip,OAywdpTB,4515.0
234,0,ybjkPLXB,ufvngNip,4515.0
357,0,dlzglDFV,yFEIEiOj,1334.0
357,0,pZATYgJX,dlzglDFV,1334.0
357,0,DkqFSkSd,pZATYgJX,1316.0
357,0,bZroqIhX,DkqFSkSd,1316.0
357,0,zjSAMvDn,bZroqIhX,1307.0
679,0,goaumTLR,jXeBpcDF,4029.0
679,0,vNMxowJX,goaumTLR,4028.0
679,0,voZaDctr,vNMxowJX,3904.0
679,0,cttUtMNm,voZaDctr,3904.0
465,0,OPXtWBVk,nPkrzCty,9824.0
465,0,SvGtXrYj,OPXtWBVk,9284.0
465,0,TdfMaTlB,SvGtXrYj,9299.0
465,0,STSGJiIu,TdfMaTlB,8431.0
465,0,buAeVenh,STSGJiIu,8431.0
465,0,ARTSSefO,buAeVenh,8431.0
1567,0,ZIPCqImv,ciAbSxQX,13176.0
1567,0,aWNaUdzp,ZIPCqImv,13176.0
1567,0,FCsbIOBe,aWNaUdzp,15674.0
1567,0,wyEQXfIU,FCsbIOBe,15674.0
1567,0,aRKvwhNi,wyEQXfIU,15674.0
1567,0,eyAJPdep,aRKvwhNi,14187.0
1567,0,RCkelXPh,eyAJPdep,15128.0
465,0,jcExlqwL,RCkelXPh,9160.0
465,0,YctaenCe,jcExlqwL,10018.0
465,0,tzYrVhKO,YctaenCe,10019.0
465,0,UgpyjFML,tzYrVhKO,10019.0
465,0,nPkrzCty,UgpyjFML,8245.0
321,0,mnAVlSWp,LsQRoNsL,414.0
321,0,aLvvGSoW,mnAVlSWp,414.0
321,0,nPkrzCty,aLvvGSoW,617.0
321,0,OPXtWBVk,nPkrzCty,617.0
321,0,SvGtXrYj,OPXtWBVk,617.0
321,0,TdfMaTlB,SvGtXrYj,617.0
321,0,STSGJiIu,TdfMaTlB,480.0
321,0,vpctkpYQ,STSGJiIu,480.0
321,0,EBckcZXF,vpctkpYQ,480.0
321,0,buAeVenh,EBckcZXF,480.0
321,0,ARTSSefO,buAeVenh,480.0
321,0,KMDYeUKg,ARTSSefO,480.0
321,0,FrlvFFoW,KMDYeUKg,480.0
321,0,UCIDNTPZ,FrlvFFoW,480.0
321,0,RSPZrGBg,UCIDNTPZ,480.0
321,0,xfYjeqNM,RSPZrGBg,316.0
321,0,IdWZOznf,xfYjeqNM,316.0
989,0,AUBTKFbY,pzcCDVmZ,7248.0
319,0,vSdfqYeK,oBjbzljy,1021.0
319,0,gqwqEGtD,vSdfqYeK,5127.0
357,0,zjQVJpHm,ICtDTIBO,703.0
357,0,RBVPcVzH,zjQVJpHm,703.0
357,0,yXKTuRtI,RBVPcVzH,703.0
357,0,yFEIEiOj,yXKTuRtI,1071.0
16,0,xGsoSfhX,ozuppJDT,6249.0
16,0,ufvngNip,xGsoSfhX,5859.0
16,0,ybjkPLXB,ufvngNip,5859.0
16,0,IOcMwGKn,ybjkPLXB,4961.0
16,0,hCxxcqWU,IOcMwGKn,5285.0
16,0,gUXxyAlR,hCxxcqWU,5278.0
16,0,cEOIeJTR,gUXxyAlR,4937.0
16,0,bWAbaUPC,cEOIeJTR,4954.0
16,0,UECnapuN,bWAbaUPC,5320.0
16,0,uVsOstge,UECnapuN,5288.0
16,0,tBJBJfdu,uVsOstge,5194.0
16,0,xewbkqhz,tBJBJfdu,6025.0
16,0,mklbELhb,xewbkqhz,6539.0
16,0,yhXmuUeN,mklbELhb,5966.0
465,0,RCkelXPh,eyAJPdep,2737.0
591,0,MpPYcjVn,BYVXItej,1550.0
591,0,DewKhksr,MpPYcjVn,1550.0
591,0,vqGhvZJF,DewKhksr,1550.0
1376,0,cMUNkugJ,dxlyVRvH,551.0
1376,0,DLdtTvFi,cMUNkugJ,553.0
1376,0,vRWSdFEN,DLdtTvFi,469.0
1376,0,tNTWUPxE,vRWSdFEN,678.0
1376,0,WPBOglHu,tNTWUPxE,675.0
1376,0,ftMGYADA,WPBOglHu,673.0
1376,0,lklhFYFG,ftMGYADA,715.0
1376,0,laWGsLMv,lklhFYFG,715.0
1376,0,JYcdyiOK,laWGsLMv,715.0
1380,0,kueIUJls,XGJiqzLW,584.0
1380,0,LYjhOoFf,kueIUJls,584.0
1380,0,QdWOxWia,LYjhOoFf,815.0
1380,0,gViLrCgA,QdWOxWia,849.0
1380,0,cCSIoIah,gViLrCgA,899.0
1380,0,DLdtTvFi,cCSIoIah,899.0
1380,0,vRWSdFEN,DLdtTvFi,919.0
1380,0,tNTWUPxE,vRWSdFEN,892.0
1380,0,WPBOglHu,tNTWUPxE,892.0
1380,0,ftMGYADA,WPBOglHu,887.0
1380,0,lklhFYFG,ftMGYADA,887.0
1380,0,laWGsLMv,lklhFYFG,875.0
1380,0,tqUAPVAa,laWGsLMv,875.0
1380,0,JYcdyiOK,tqUAPVAa,875.0
1380,0,mTvPylzX,JYcdyiOK,875.0
1380,0,qKDzyFqg,mTvPylzX,875.0
1380,0,mZseJHmU,qKDzyFqg,873.0
1380,0,rClMLArS,mZseJHmU,1026.0
1380,0,MHYyLhRG,rClMLArS,1026.0
1380,0,CcTUkfkl,MHYyLhRG,918.0
1380,0,tglFZOrp,CcTUkfkl,918.0
1380,0,SqxhBMol,tglFZOrp,677.0
1380,0,vIqdsoZx,SqxhBMol,675.0
1380,0,xkdRvtRu,vIqdsoZx,568.0
1380,0,SjZGieDS,xkdRvtRu,561.0
1380,0,tZiWmgTn,SjZGieDS,465.0
1380,0,gDnuvefz,tZiWmgTn,443.0
1380,0,rqBqDfoZ,gDnuvefz,443.0
1380,0,yhXmuUeN,rqBqDfoZ,361.0
1380,0,BqZQArDi,yhXmuUeN,228.0
1380,0,xbiDwIOu,BqZQArDi,228.0
1380,0,zVYhNTdK,xbiDwIOu,228.0
1380,0,EkWBPXmr,zVYhNTdK,228.0
16,0,xQSKBJml,SwLVnWPq,6246.0
16,0,eXTjiXiW,xQSKBJml,6246.0
16,0,UUCrlfWg,eXTjiXiW,6246.0
16,0,YULSfngF,UUCrlfWg,6246.0
16,0,ozuppJDT,YULSfngF,6245.0
1052,0,TimDJQqX,ouHKxPGS,204.0
1052,0,buoLtkoi,TimDJQqX,204.0
1052,0,NEOaVWFJ,buoLtkoi,197.0
1052,0,RBwynnQe,NEOaVWFJ,197.0
1666,0,uskMapbi,losuIFuX,2852.0
1666,0,yXOuyCwN,uskMapbi,2852.0
1666,0,mSGryPaH,yXOuyCwN,2915.0
1666,0,PITuJYqk,mSGryPaH,2915.0
1666,0,XGJiqzLW,PITuJYqk,2915.0
1189,0,JxFLnqJu,pkhwWQVf,2372.0
1189,0,GDiQpvtB,JxFLnqJu,2372.0
1189,0,fGmFhgnx,GDiQpvtB,2341.0
1189,0,XyHfgUxW,fGmFhgnx,1217.0
1189,0,zjjLSYAp,XyHfgUxW,1217.0
1189,0,wrsPDGBQ,zjjLSYAp,1217.0
1189,0,UtwZFZsx,wrsPDGBQ,1073.0
1189,0,QsteKrle,UtwZFZsx,1073.0
1189,0,XMWgellz,QsteKrle,1073.0
1180,0,dAjqsFfg,tJbXQuOE,6544.0
1180,0,vizUtPmY,dAjqsFfg,6544.0
1180,0,QewuHWYk,vizUtPmY,6544.0
1180,0,fytASSfG,QewuHWYk,6122.0
1180,0,kFSxtGUW,fytASSfG,6122.0
1180,0,ULMVzkWs,kFSxtGUW,5472.0
1180,0,ZNjvBYak,ULMVzkWs,5475.0
1180,0,wPeqfEci,ZNjvBYak,5543.0
1180,0,MjMDaXaP,wPeqfEci,5543.0
1180,0,hSdNxZqe,MjMDaXaP,5543.0
1189,0,pkhwWQVf,KSSwmuEx,1551.0
1303,0,rckblBTM,yQQuLFAg,1025.0
1303,0,fGmFhgnx,rckblBTM,1025.0
1303,0,zjjLSYAp,fGmFhgnx,1103.0
1303,0,wrsPDGBQ,zjjLSYAp,1103.0
1303,0,QsteKrle,wrsPDGBQ,1269.0
1303,0,XMWgellz,QsteKrle,1269.0
1303,0,adsviABF,XMWgellz,1344.0
1303,0,XYiwYIqY,adsviABF,1361.0
1303,0,wvKdtztS,XYiwYIqY,1361.0
1303,0,LBOtcvsG,wvKdtztS,1342.0
1303,0,QncWjmnC,LBOtcvsG,1344.0
1303,0,ERcEoUXY,QncWjmnC,1344.0
1303,0,bWAbaUPC,ERcEoUXY,1059.0
1303,0,niqrIlpR,bWAbaUPC,881.0
1303,0,tBJBJfdu,niqrIlpR,736.0
1303,0,JSZZmOIY,tBJBJfdu,510.0
1303,0,AHLLTOdf,JSZZmOIY,510.0
1303,0,xewbkqhz,AHLLTOdf,435.0
1303,0,mklbELhb,xewbkqhz,435.0
1303,0,yhXmuUeN,mklbELhb,431.0
1303,0,BqZQArDi,yhXmuUeN,239.0
1303,0,xbiDwIOu,BqZQArDi,234.0
1303,0,zVYhNTdK,xbiDwIOu,234.0
1303,0,EkWBPXmr,zVYhNTdK,234.0
465,0,FFGyTMvJ,PkbhOCMh,175.0
465,0,eyAJPdep,FFGyTMvJ,267.0
16,0,rSdxnGDj,otuYkIZd,7134.0
16,0,MkXEUCdM,rSdxnGDj,5375.0
16,0,oiYuCTCe,MkXEUCdM,5375.0
16,0,SwLVnWPq,oiYuCTCe,5393.0
465,0,kjxfKqbD,hSRFRBsa,106.0
465,0,mSXRukCc,kjxfKqbD,124.0
465,0,PkbhOCMh,mSXRukCc,124.0
1262,0,jFRqfnFl,gmsNDepi,12542.0
1262,0,ysSWNERo,jFRqfnFl,11963.0
1262,0,lEwLedpG,ysSWNERo,11823.0
1262,0,GtMUYUwJ,lEwLedpG,11546.0
1262,0,lQIpGOTn,GtMUYUwJ,11466.0
1262,0,uhUmvvRs,lQIpGOTn,10408.0
1262,0,svgtEcQx,uhUmvvRs,10445.0
1262,0,HcPkwFHM,svgtEcQx,9434.0
1262,0,KjuJaNsu,HcPkwFHM,9194.0
1262,0,oNyGHMvy,KjuJaNsu,8571.0
1262,0,QdnKSSsO,oNyGHMvy,8253.0
1262,0,vSdfqYeK,QdnKSSsO,7896.0
1050,0,apXGdFyI,kVWIKiQU,371.0
1050,0,RmlHIOuG,apXGdFyI,329.0
1050,0,lyEmHaNr,RmlHIOuG,329.0
1050,0,wzWDodFe,lyEmHaNr,301.0
1050,0,siPRjksc,wzWDodFe,301.0
1050,0,GIlSPhwi,siPRjksc,301.0
1050,0,ZPJGdbAJ,GIlSPhwi,301.0
1050,0,xfbmoJHP,ZPJGdbAJ,301.0
1497,0,lOYrQfzi,oajqUPaH,1744.0
1497,0,iuewtDUr,lOYrQfzi,1744.0
1497,0,KdEmbmsx,iuewtDUr,1744.0
1497,0,GkYZbgqg,KdEmbmsx,1744.0
1497,0,FlYjxOxQ,GkYZbgqg,1744.0
1497,0,wFSILCzc,FlYjxOxQ,1744.0
1497,0,yQQuLFAg,wFSILCzc,1744.0
1497,0,rUKSlFeh,yQQuLFAg,1744.0
1497,0,rckblBTM,rUKSlFeh,1744.0
1497,0,gKoyUmab,rckblBTM,1744.0
1497,0,fGmFhgnx,gKoyUmab,1695.0
1497,0,XyHfgUxW,fGmFhgnx,1334.0
1497,0,zjjLSYAp,XyHfgUxW,1334.0
1497,0,wrsPDGBQ,zjjLSYAp,1331.0
1497,0,UtwZFZsx,wrsPDGBQ,825.0
1497,0,QsteKrle,UtwZFZsx,825.0
1497,0,vqGhvZJF,QsteKrle,825.0
1345,0,XiLvnZTk,leVkrEcC,246.0
1345,0,FStgRiBS,XiLvnZTk,68.0
1345,0,GkYZbgqg,FStgRiBS,68.0
1345,0,FlYjxOxQ,GkYZbgqg,68.0
1345,0,wFSILCzc,FlYjxOxQ,68.0
1345,0,yQQuLFAg,wFSILCzc,68.0
1345,0,rUKSlFeh,yQQuLFAg,23.0
1345,0,rckblBTM,rUKSlFeh,23.0
1345,0,gKoyUmab,rckblBTM,23.0
1345,0,fGmFhgnx,gKoyUmab,23.0
1345,0,XyHfgUxW,fGmFhgnx,19.0
1345,0,zjjLSYAp,XyHfgUxW,19.0
1345,0,nIakFMcq,zjjLSYAp,19.0
1345,0,yAgyFeHo,nIakFMcq,11.0
1345,0,QdWOxWia,yAgyFeHo,11.0
1345,0,gViLrCgA,QdWOxWia,11.0
1345,0,cCSIoIah,gViLrCgA,11.0
1345,0,DLdtTvFi,cCSIoIah,11.0
1318,0,CoFyQOTC,jnDfAorM,5242.0
1318,0,HMiMHaRv,CoFyQOTC,5242.0
1318,0,kLfGGOkq,HMiMHaRv,5242.0
1318,0,ygVaThfM,kLfGGOkq,5242.0
1318,0,otuYkIZd,ygVaThfM,5263.0
1318,0,rSdxnGDj,otuYkIZd,5642.0
835,0,BGChynOq,gKGqSXsa,8084.0
835,0,ffHVhHJj,BGChynOq,7613.0
835,0,itmFNPnQ,ffHVhHJj,7613.0
835,0,mEEGNlDG,itmFNPnQ,7613.0
835,0,njiqgOWt,mEEGNlDG,7609.0
1567,0,TEKQTTfp,YzXnYVPd,3424.0
1567,0,ciAbSxQX,TEKQTTfp,3182.0
1613,0,Buavuklo,OUzlATeX,48.0
1613,0,TGrxyeBm,Buavuklo,48.0
1613,0,lEkTDboF,TGrxyeBm,48.0
1613,0,ZOdTENQq,lEkTDboF,48.0
1613,0,ttqmlghz,ZOdTENQq,48.0
1613,0,dFTlYtXH,ttqmlghz,48.0
1613,0,PZLqDGdx,dFTlYtXH,48.0
1613,0,kjxfKqbD,PZLqDGdx,19.0
1176,0,BdERaXqk,VWFAQayS,2662.0
1176,0,apXGdFyI,BdERaXqk,2662.0
1176,0,RmlHIOuG,apXGdFyI,2633.0
1176,0,gxWRCjNy,RmlHIOuG,2633.0
1176,0,lyEmHaNr,gxWRCjNy,2633.0
1176,0,wzWDodFe,lyEmHaNr,1834.0
1176,0,siPRjksc,wzWDodFe,1834.0
1176,0,SOtvIsgL,siPRjksc,1834.0
1176,0,GIlSPhwi,SOtvIsgL,1979.0
1176,0,ZPJGdbAJ,GIlSPhwi,1979.0
1176,0,IAmXeTgg,ZPJGdbAJ,1979.0
866,0,BgNaSNFf,zKrYjMnL,2536.0
866,0,IsieOPvU,BgNaSNFf,2539.0
866,0,UEPelLBG,IsieOPvU,2556.0
866,0,gpKesHQf,UEPelLBG,2556.0
866,0,lyZkKOPR,gpKesHQf,2556.0
866,0,DorRdqSK,lyZkKOPR,2556.0
866,0,cwgbfpqq,DorRdqSK,2556.0
866,0,fMrlznIn,cwgbfpqq,2556.0
866,0,uXKxCjNA,fMrlznIn,2556.0
866,0,bOiSLYGO,uXKxCjNA,2521.0
866,0,mhgPTzcZ,bOiSLYGO,2451.0
866,0,WFZVQzrl,mhgPTzcZ,2221.0
1255,0,rckblBTM,rUKSlFeh,1899.0
1567,0,ZuDlysuz,FwybjYQK,4083.0
1567,0,IkwHYYuh,ZuDlysuz,4066.0
1567,0,YzXnYVPd,IkwHYYuh,3886.0
1303,0,bHagonKv,vacPrbQA,780.0
1303,0,XiLvnZTk,bHagonKv,780.0
1303,0,FlYjxOxQ,XiLvnZTk,780.0
1303,0,yQQuLFAg,FlYjxOxQ,855.0
1226,0,JLvNOQnl,NmRushck,10983.0
1226,0,BGChynOq,JLvNOQnl,11194.0
1226,0,ffHVhHJj,BGChynOq,10721.0
1226,0,itmFNPnQ,ffHVhHJj,10721.0
1226,0,jVOVHrFU,itmFNPnQ,10721.0
16,0,CEZTRnUo,qflzswAf,6582.0
16,0,funWfCdm,CEZTRnUo,6582.0
16,0,rnFrOJMw,funWfCdm,6582.0
16,0,MklhhYCQ,rnFrOJMw,6583.0
16,0,MnTeelLR,MklhhYCQ,8599.0
16,0,XnPpfSyF,MnTeelLR,11312.0
16,0,otuYkIZd,XnPpfSyF,11308.0
1221,0,qVxAOUMG,RMvkOcpU,6652.0
1221,0,bYKKzRQT,qVxAOUMG,6652.0
1221,0,CLqSCDPt,bYKKzRQT,6652.0
1221,0,ZzqCYjTC,CLqSCDPt,6644.0
1221,0,UtzkRwuC,ZzqCYjTC,6644.0
1221,0,cvCJiZVm,UtzkRwuC,6627.0
1221,0,MklhhYCQ,cvCJiZVm,6622.0
750,0,CMzYUzyh,SrmEoNnE,1673.0
750,0,CJTVPZbh,CMzYUzyh,1673.0
750,0,DLAIfXxc,CJTVPZbh,1762.0
750,0,lyEmHaNr,DLAIfXxc,2081.0
750,0,wzWDodFe,lyEmHaNr,1328.0
750,0,siPRjksc,wzWDodFe,1328.0
750,0,SOtvIsgL,siPRjksc,1328.0
1707,0,PiHPpcZe,MPxbDKyu,4.0
1707,0,mBlbMFFC,PiHPpcZe,4.0
1707,0,BGChynOq,mBlbMFFC,4.0
1707,0,ffHVhHJj,BGChynOq,1.0
1707,0,itmFNPnQ,ffHVhHJj,1.0
1707,0,mEEGNlDG,itmFNPnQ,1.0
1707,0,jVOVHrFU,mEEGNlDG,1.0
1030,0,agMXkLfj,PyGiRErs,7190.0
1030,0,qflzswAf,agMXkLfj,7190.0
1255,0,XiLvnZTk,Vlipnutt,1044.0
1255,0,FStgRiBS,XiLvnZTk,1050.0
1255,0,GkYZbgqg,FStgRiBS,1050.0
1255,0,FlYjxOxQ,GkYZbgqg,1050.0
1255,0,wFSILCzc,FlYjxOxQ,1050.0
1255,0,yQQuLFAg,wFSILCzc,1053.0
1255,0,rUKSlFeh,yQQuLFAg,1869.0
1567,0,MhxjGQjy,mhYSfvAq,4081.0
1567,0,EhUxMFuQ,MhxjGQjy,4081.0
1567,0,HZcfHzwe,EhUxMFuQ,4220.0
1567,0,KcDUQTDz,HZcfHzwe,4116.0
1567,0,qoWOoICL,KcDUQTDz,4116.0
1567,0,FwybjYQK,qoWOoICL,4116.0
1664,0,JeEnofCX,mvZTxord,1465.0
1664,0,jnDfAorM,JeEnofCX,1556.0
1649,0,OOwDmsWF,TCeiTEZh,257.0
1649,0,RjRljmKl,OOwDmsWF,257.0
1649,0,QRWCUyXY,RjRljmKl,257.0
1649,0,bGxnPBxb,QRWCUyXY,256.0
1649,0,mvgVyONe,bGxnPBxb,256.0
1649,0,YlcUcHmr,mvgVyONe,256.0
1649,0,puuUveiG,YlcUcHmr,256.0
1649,0,CGfCHyje,puuUveiG,256.0
1649,0,qflzswAf,CGfCHyje,251.0
1065,0,yQXZAhRQ,OfWHUDWP,618.0
1065,0,jfvbdeGs,yQXZAhRQ,618.0
1065,0,cdqhrjBE,jfvbdeGs,617.0
1065,0,MJvZDjlV,cdqhrjBE,634.0
1065,0,rxrORjnb,MJvZDjlV,650.0
1065,0,UVDfwOgc,rxrORjnb,650.0
1065,0,TJDsQDoO,UVDfwOgc,649.0
1065,0,yTictHOU,TJDsQDoO,649.0
1065,0,illGQStO,yTictHOU,648.0
1065,0,AUrIxxcC,illGQStO,565.0
1065,0,zqZasXpA,AUrIxxcC,565.0
1065,0,EYGEAZtD,zqZasXpA,565.0
1065,0,AJLJQqsT,EYGEAZtD,565.0
1065,0,NCSBLEus,AJLJQqsT,564.0
1065,0,xfbmoJHP,NCSBLEus,564.0
1065,0,WdOwNGhj,xfbmoJHP,127.0
1065,0,kKKRBhFF,WdOwNGhj,11.0
1065,0,NFInfBeu,kKKRBhFF,11.0
1065,0,VCQdmIoF,NFInfBeu,11.0
1065,0,ePrpofUw,VCQdmIoF,11.0
1065,0,KcvPUxQg,ePrpofUw,11.0
1065,0,BlnSxBAr,KcvPUxQg,11.0
1065,0,TCBUGaZf,BlnSxBAr,11.0
1065,0,pzcCDVmZ,TCBUGaZf,11.0
1065,0,AUBTKFbY,pzcCDVmZ,11.0
1065,0,fjevhefZ,AUBTKFbY,11.0
1065,0,vyQyYYqJ,fjevhefZ,11.0
1065,0,ztLkgYlA,vyQyYYqJ,11.0
1065,0,IvQQZbJW,ztLkgYlA,11.0
1065,0,yaKWBgLg,IvQQZbJW,11.0
1065,0,lkujKSJT,yaKWBgLg,11.0
1065,0,twMezfOU,lkujKSJT,11.0
1065,0,OyJKKata,twMezfOU,11.0
1065,0,MqGZxRIW,OyJKKata,5.0
1065,0,FcOkCcps,MqGZxRIW,5.0
1065,0,uiYVYPQX,FcOkCcps,3.0
1065,0,wihERHzN,uiYVYPQX,3.0
1065,0,jiaBsTdI,wihERHzN,3.0
1065,0,iVtHnErr,jiaBsTdI,3.0
1065,0,nsjiKPCz,iVtHnErr,3.0
1065,0,vfdAIPGv,nsjiKPCz,3.0
1065,0,ubZrQMid,vfdAIPGv,3.0
1065,0,gBkmsEyR,ubZrQMid,3.0
1065,0,cGoHBmgo,gBkmsEyR,3.0
1065,0,EkWBPXmr,cGoHBmgo,3.0
1125,0,SPorkGXj,XsvFZXJo,2685.0
1125,0,IJbUVGLH,SPorkGXj,2698.0
1125,0,ZqOseExI,IJbUVGLH,2698.0
1125,0,FdBCLyPI,ZqOseExI,2685.0
1125,0,XuFnwsQn,FdBCLyPI,2685.0
1125,0,CrOFTJlw,XuFnwsQn,2685.0
1125,0,PyGiRErs,CrOFTJlw,2565.0
1125,0,qflzswAf,PyGiRErs,2058.0
750,0,IxqYybMf,UsVsFgoS,619.0
750,0,ZZxaTLmM,IxqYybMf,619.0
750,0,lgdUBlCD,ZZxaTLmM,611.0
750,0,jlZHvhwS,lgdUBlCD,611.0
750,0,SrmEoNnE,jlZHvhwS,653.0
1125,0,NAwFzVQz,RuqLEiFp,1720.0
1125,0,jEliwrSM,NAwFzVQz,1761.0
1125,0,XsvFZXJo,jEliwrSM,1761.0
1075,0,UvdLYolu,TIlepZYr,1276.0
1075,0,ZFKsyBay,UvdLYolu,1276.0
1075,0,suvDbtPR,ZFKsyBay,1330.0
1075,0,clVXMHJf,suvDbtPR,819.0
1075,0,UXEWVZzP,clVXMHJf,819.0
1075,0,MlYFoaez,UXEWVZzP,750.0
1075,0,XeinAhyy,MlYFoaez,749.0
1075,0,pGpZhRvq,XeinAhyy,749.0
1075,0,alaJPSTW,pGpZhRvq,749.0
1075,0,ngNzeSzC,alaJPSTW,749.0
1075,0,PHuvYJrP,ngNzeSzC,749.0
1075,0,FoxIDeQY,PHuvYJrP,749.0
1075,0,dZoxKDmD,FoxIDeQY,708.0
1075,0,ZOuLYtJj,dZoxKDmD,708.0
1303,0,SGnJOquj,ZOuLYtJj,219.0
1303,0,vacPrbQA,SGnJOquj,219.0
1303,0,ZOuLYtJj,dZoxKDmD,198.0
1019,0,yKgFraCR,obftSQtS,3086.0
1019,0,LIDMLZkw,yKgFraCR,3094.0
1019,0,JEpPbBSc,LIDMLZkw,3094.0
1019,0,YkNJvTAu,JEpPbBSc,3109.0
1019,0,TIlepZYr,YkNJvTAu,3001.0
1019,0,BmQLYaPd,TIlepZYr,2987.0
1019,0,UvdLYolu,BmQLYaPd,2987.0
1019,0,ZFKsyBay,UvdLYolu,2987.0
1019,0,suvDbtPR,ZFKsyBay,2970.0
1019,0,clVXMHJf,suvDbtPR,871.0
1019,0,UXEWVZzP,clVXMHJf,871.0
1019,0,MlYFoaez,UXEWVZzP,869.0
1019,0,XeinAhyy,MlYFoaez,833.0
1019,0,pGpZhRvq,XeinAhyy,833.0
1019,0,alaJPSTW,pGpZhRvq,833.0
1019,0,ngNzeSzC,alaJPSTW,833.0
1019,0,PHuvYJrP,ngNzeSzC,833.0
1019,0,FoxIDeQY,PHuvYJrP,833.0
1019,0,dZoxKDmD,FoxIDeQY,833.0
1019,0,ZOuLYtJj,dZoxKDmD,833.0
1019,0,SGnJOquj,ZOuLYtJj,833.0
1019,0,vacPrbQA,SGnJOquj,825.0
1030,0,ixhHdGBo,aaeLLxLj,3966.0
1030,0,spVkBMtX,ixhHdGBo,4351.0
1030,0,uuLXjUrY,spVkBMtX,4351.0
1030,0,ekoOPpVq,uuLXjUrY,4351.0
1030,0,rljVoTvk,ekoOPpVq,4436.0
1030,0,gxidCspv,rljVoTvk,4436.0
1030,0,wRTYbalx,gxidCspv,5195.0
1030,0,DHkaGHFf,wRTYbalx,5195.0
1030,0,FdBCLyPI,DHkaGHFf,5067.0
1030,0,CrOFTJlw,FdBCLyPI,5071.0
1030,0,PyGiRErs,CrOFTJlw,4688.0
1071,0,cyLrdsLq,AlpXiRiW,1459.0
1071,0,pVHZNTmW,cyLrdsLq,1571.0
1071,0,qLlyWzVq,pVHZNTmW,1571.0
1071,0,lGJIVvqE,qLlyWzVq,1571.0
1071,0,CkiKkxJQ,lGJIVvqE,2046.0
1071,0,AdloNpXg,CkiKkxJQ,2139.0
1071,0,BmBzVYhd,AdloNpXg,2115.0
1071,0,YcVwXeam,BmBzVYhd,2223.0
1071,0,DDFCohxX,YcVwXeam,2223.0
1071,0,NfMyQHAw,DDFCohxX,2223.0
1071,0,PfZAlPvE,NfMyQHAw,2285.0
1071,0,UlmLxwtK,PfZAlPvE,2285.0
1071,0,nLuZmKFz,UlmLxwtK,2269.0
1071,0,nJRQzVZQ,nLuZmKFz,2269.0
1071,0,xunvufHj,nJRQzVZQ,2056.0
1071,0,rxrORjnb,xunvufHj,2056.0
1071,0,UVDfwOgc,rxrORjnb,2049.0
1071,0,TJDsQDoO,UVDfwOgc,1993.0
1071,0,yTictHOU,TJDsQDoO,1990.0
1071,0,illGQStO,yTictHOU,1965.0
1071,0,AUrIxxcC,illGQStO,1877.0
1071,0,zqZasXpA,AUrIxxcC,1877.0
1071,0,EYGEAZtD,zqZasXpA,1877.0
1071,0,AJLJQqsT,EYGEAZtD,1877.0
1071,0,NCSBLEus,AJLJQqsT,1863.0
1071,0,xfbmoJHP,NCSBLEus,1828.0
1071,0,WdOwNGhj,xfbmoJHP,1007.0
1071,0,kKKRBhFF,WdOwNGhj,931.0
1071,0,NFInfBeu,kKKRBhFF,922.0
1071,0,VCQdmIoF,NFInfBeu,922.0
1071,0,ePrpofUw,VCQdmIoF,922.0
1071,0,KcvPUxQg,ePrpofUw,905.0
1071,0,BlnSxBAr,KcvPUxQg,905.0
1071,0,TCBUGaZf,BlnSxBAr,905.0
1071,0,pzcCDVmZ,TCBUGaZf,671.0
1071,0,AUBTKFbY,pzcCDVmZ,666.0
1071,0,fjevhefZ,AUBTKFbY,623.0
1071,0,vyQyYYqJ,fjevhefZ,623.0
1071,0,ztLkgYlA,vyQyYYqJ,623.0
1071,0,IvQQZbJW,ztLkgYlA,457.0
1071,0,yaKWBgLg,IvQQZbJW,457.0
1071,0,lkujKSJT,yaKWBgLg,457.0
1071,0,twMezfOU,lkujKSJT,436.0
1071,0,OyJKKata,twMezfOU,429.0
1071,0,FcOkCcps,OyJKKata,401.0
750,0,eViNbjWB,MtbBZIqI,101.0
750,0,euIYYdlw,eViNbjWB,143.0
750,0,xRMPpTGi,euIYYdlw,143.0
750,0,MLYhGOjG,xRMPpTGi,143.0
750,0,lWnrzrzW,MLYhGOjG,143.0
750,0,zrFdTehz,lWnrzrzW,143.0
750,0,xHyAtnfx,zrFdTehz,143.0
750,0,qUWcqGRU,xHyAtnfx,143.0
750,0,kOVxiGFe,qUWcqGRU,189.0
750,0,WeqAZPal,kOVxiGFe,189.0
750,0,mfgtosUp,WeqAZPal,189.0
750,0,rDRMBgEM,mfgtosUp,189.0
750,0,GrxyFhrL,rDRMBgEM,189.0
750,0,oQxUwlRM,GrxyFhrL,531.0
750,0,pbsOcZdr,oQxUwlRM,531.0
750,0,eIGUaObZ,pbsOcZdr,535.0
750,0,EvlCTWAM,eIGUaObZ,535.0
750,0,BjpwENcr,EvlCTWAM,535.0
750,0,PYFpJmOq,BjpwENcr,603.0
750,0,sWjnuVdS,PYFpJmOq,607.0
750,0,UsVsFgoS,sWjnuVdS,607.0
273,0,peBgOXli,yAqyhWkU,3453.0
273,0,KnWWIWQx,peBgOXli,3542.0
273,0,bRAzuzSs,KnWWIWQx,3542.0
273,0,OwpcAtJV,bRAzuzSs,3558.0
273,0,XVbubuGa,OwpcAtJV,3150.0
273,0,iuOUwLky,XVbubuGa,3152.0
273,0,jeadfqyj,iuOUwLky,3152.0
273,0,RkbXqAIs,MTAZIXBL,3571.0
273,0,TAifzqok,RkbXqAIs,3670.0
273,0,wWcBzuvM,TAifzqok,4074.0
273,0,GcGOdrPa,wWcBzuvM,4123.0
273,0,yAqyhWkU,GcGOdrPa,4123.0
273,0,QRSRIbba,leJfirnk,2163.0
273,0,EkCoFwMY,QRSRIbba,2205.0
273,0,jqriedgy,EkCoFwMY,2302.0
273,0,MTAZIXBL,jqriedgy,2302.0
273,0,wuyFtExA,EtvjcvTp,1201.0
273,0,MrybjzSo,wuyFtExA,1201.0
273,0,leJfirnk,MrybjzSo,1201.0
658,0,iCFxwoUV,XfoHenDx,840.0
658,0,WRCkhCoY,iCFxwoUV,840.0
658,0,gsCFEnid,WRCkhCoY,885.0
658,0,mtKVLjly,gsCFEnid,948.0
573,0,hxSTJhOz,rDSiGFpR,1057.0
573,0,TShNRujB,hxSTJhOz,1059.0
573,0,xbiDwIOu,TShNRujB,1544.0
573,0,zVYhNTdK,xbiDwIOu,1544.0
573,0,nprusgCY,zVYhNTdK,1545.0
573,0,LTDgdyOW,nprusgCY,1559.0
1593,0,ujKjPJkx,PFRWWlNS,5313.0
1593,0,VOQRbkUl,ujKjPJkx,5313.0
1593,0,ciAbSxQX,VOQRbkUl,7100.0
989,0,WdOwNGhj,xfbmoJHP,4343.0
989,0,kKKRBhFF,WdOwNGhj,4345.0
989,0,NFInfBeu,kKKRBhFF,4789.0
989,0,VCQdmIoF,NFInfBeu,4789.0
989,0,ePrpofUw,VCQdmIoF,4789.0
989,0,KcvPUxQg,ePrpofUw,5983.0
989,0,BlnSxBAr,KcvPUxQg,6068.0
989,0,TCBUGaZf,BlnSxBAr,7047.0
989,0,pzcCDVmZ,TCBUGaZf,7381.0
989,0,duRJdiSr,FcOkCcps,2822.0
989,0,uiYVYPQX,duRJdiSr,2638.0
989,0,ozAxYCwR,uiYVYPQX,1069.0
287,0,CrcsXCbZ,BRjWpQtg,5457.0
287,0,fcKeEgEf,CrcsXCbZ,5362.0
287,0,BpAiVnps,fcKeEgEf,5362.0
287,0,OAywdpTB,BpAiVnps,990.0
287,0,ufvngNip,OAywdpTB,990.0
287,0,ybjkPLXB,ufvngNip,990.0
287,0,IOcMwGKn,ybjkPLXB,476.0
287,0,hCxxcqWU,IOcMwGKn,473.0
287,0,gUXxyAlR,hCxxcqWU,473.0
287,0,cEOIeJTR,gUXxyAlR,126.0
287,0,bWAbaUPC,cEOIeJTR,126.0
287,0,UECnapuN,bWAbaUPC,58.0
287,0,uVsOstge,UECnapuN,58.0
287,0,tBJBJfdu,uVsOstge,57.0
287,0,xewbkqhz,tBJBJfdu,57.0
287,0,mklbELhb,xewbkqhz,57.0
287,0,yhXmuUeN,mklbELhb,51.0
287,0,xbiDwIOu,yhXmuUeN,51.0
287,0,zVYhNTdK,xbiDwIOu,51.0
706,0,UtwZFZsx,wrsPDGBQ,1428.0
706,0,QsteKrle,UtwZFZsx,1428.0
706,0,XMWgellz,QsteKrle,1430.0
706,0,LPldZjRa,XMWgellz,1517.0
706,0,adsviABF,LPldZjRa,1517.0
706,0,TqlJzItM,adsviABF,1178.0
706,0,IjwLXBRx,TqlJzItM,1136.0
706,0,nJRBvlcT,IjwLXBRx,1135.0
706,0,IkxLwyxa,nJRBvlcT,1071.0
706,0,CYSggHNR,IkxLwyxa,854.0
706,0,VhgapMoa,CYSggHNR,854.0
706,0,dKbqWpcD,VhgapMoa,854.0
706,0,zYpZYpOA,dKbqWpcD,854.0
706,0,xbeOVhLE,zYpZYpOA,545.0
706,0,IpBcScgC,xbeOVhLE,532.0
706,0,aYvzRwqU,IpBcScgC,532.0
706,0,mVhkAqwx,aYvzRwqU,532.0
706,0,GigUVtty,mVhkAqwx,516.0
706,0,bvSKVAYv,GigUVtty,447.0
706,0,eJHaFiJU,bvSKVAYv,371.0
706,0,uAAdoXdO,eJHaFiJU,371.0
706,0,Qsigtmbx,uAAdoXdO,371.0
706,0,XGiaFBsp,Qsigtmbx,371.0
706,0,duRJdiSr,XGiaFBsp,371.0
524,0,uBFbbvHN,duRJdiSr,6704.0
1677,0,lOYrQfzi,oajqUPaH,2508.0
1677,0,iuewtDUr,lOYrQfzi,2515.0
1677,0,KdEmbmsx,iuewtDUr,2515.0
1677,0,GkYZbgqg,KdEmbmsx,2515.0
1677,0,FlYjxOxQ,GkYZbgqg,900.0
1677,0,wFSILCzc,FlYjxOxQ,825.0
1677,0,yQQuLFAg,wFSILCzc,825.0
706,0,iGTcFnmF,yQQuLFAg,368.0
706,0,rckblBTM,iGTcFnmF,378.0
706,0,fGmFhgnx,rckblBTM,384.0
706,0,XyHfgUxW,fGmFhgnx,584.0
706,0,zjjLSYAp,XyHfgUxW,599.0
706,0,wrsPDGBQ,zjjLSYAp,599.0
658,0,nBYHMnkU,BldTZUAI,664.0
658,0,XfoHenDx,nBYHMnkU,664.0
1435,0,HAmwZMhM,KabAcwBq,7562.0
1435,0,xgzyCPTg,HAmwZMhM,6977.0
1435,0,XWLETkPz,xgzyCPTg,6977.0
1435,0,RSQixiib,XWLETkPz,6977.0
573,0,DRkcXziO,ppabfQGz,85.0
573,0,fTOPrrgc,DRkcXziO,85.0
573,0,XPasGtVj,fTOPrrgc,85.0
573,0,VMviwLNE,XPasGtVj,85.0
573,0,BxuxHloR,VMviwLNE,85.0
573,0,gFAsBeQM,BxuxHloR,85.0
573,0,rDSiGFpR,gFAsBeQM,11.0
573,0,inRETCYL,LTDgdyOW,1362.0
941,0,avmqjzBH,aYSNYmnY,3216.0
941,0,jEVQeNyS,avmqjzBH,3473.0
941,0,HeRuYpNs,jEVQeNyS,3469.0
941,0,qRJySzaf,HeRuYpNs,3029.0
941,0,LTfflVxG,qRJySzaf,3029.0
941,0,AhWKwjTz,LTfflVxG,2105.0
941,0,VEiYdotb,AhWKwjTz,1874.0
941,0,DgYBMgPg,VEiYdotb,1874.0
941,0,yjQwxGED,DgYBMgPg,1365.0
941,0,KPcRWbGT,yjQwxGED,1365.0
941,0,uGRyXcfW,KPcRWbGT,1365.0
941,0,HlhFjJtZ,uGRyXcfW,1383.0
941,0,ALhaazBT,HlhFjJtZ,1383.0
523,0,hxSTJhOz,rDSiGFpR,4640.0
523,0,TShNRujB,hxSTJhOz,4803.0
523,0,JJRlkmgp,TShNRujB,5973.0
523,0,KRQMLlbw,JJRlkmgp,5981.0
523,0,MURlCahD,KRQMLlbw,5981.0
523,0,znFDupZg,MURlCahD,5981.0
778,0,mBrhAdeU,ZKmlngva,571.0
778,0,YBkSbJNR,mBrhAdeU,605.0
778,0,xsVxMJpx,YBkSbJNR,605.0
778,0,wULIWnbW,xsVxMJpx,605.0
778,0,kPfQKpcS,wULIWnbW,609.0
778,0,VyooPFNZ,kPfQKpcS,609.0
778,0,JyEnLYHy,VyooPFNZ,609.0
778,0,wcUGKfLa,JyEnLYHy,609.0
778,0,ZJxogzZw,wcUGKfLa,1757.0
778,0,Uacajbua,ZJxogzZw,1757.0
778,0,ZLCIvgrp,Uacajbua,1757.0
778,0,ucVTqZIB,ZLCIvgrp,1740.0
778,0,FDrhtNjK,ucVTqZIB,1740.0
778,0,YVGWiGkc,FDrhtNjK,1740.0
778,0,CqPWXNIf,YVGWiGkc,1740.0
778,0,iZfXNAue,CqPWXNIf,1727.0
1180,0,PhjcDdmq,vacPrbQA,6479.0
1180,0,bHagonKv,PhjcDdmq,6422.0
1180,0,Vlipnutt,bHagonKv,6488.0
1180,0,XiLvnZTk,Vlipnutt,6490.0
1180,0,FStgRiBS,XiLvnZTk,6335.0
1180,0,GkYZbgqg,FStgRiBS,6335.0
1180,0,FlYjxOxQ,GkYZbgqg,5844.0
1180,0,wFSILCzc,FlYjxOxQ,5844.0
1180,0,iMjvswBX,wFSILCzc,6657.0
1180,0,CpULuhdq,iMjvswBX,6698.0
1180,0,tJbXQuOE,CpULuhdq,6698.0
584,0,TsaeiIGv,EkWBPXmr,1377.0
584,0,OsBkWRQx,TsaeiIGv,3043.0
584,0,TlwaKrQx,OsBkWRQx,3043.0
584,0,udlIzhJE,TlwaKrQx,3043.0
1244,0,XVbubuGa,OwpcAtJV,2509.0
1244,0,CzqgXocH,XVbubuGa,2509.0
1244,0,nsjiKPCz,CzqgXocH,2509.0
1244,0,vfdAIPGv,nsjiKPCz,2523.0
574,0,iVtHnErr,jiaBsTdI,5.0
574,0,vfdAIPGv,iVtHnErr,5.0
1244,0,peBgOXli,yAqyhWkU,1495.0
1244,0,KnWWIWQx,peBgOXli,1610.0
1244,0,OwpcAtJV,KnWWIWQx,1610.0
711,0,CYSggHNR,IkxLwyxa,2641.0
711,0,VhgapMoa,CYSggHNR,2641.0
711,0,dKbqWpcD,VhgapMoa,2641.0
711,0,zYpZYpOA,dKbqWpcD,2641.0
711,0,xbeOVhLE,zYpZYpOA,3164.0
711,0,IpBcScgC,xbeOVhLE,3173.0
711,0,aYvzRwqU,IpBcScgC,3173.0
711,0,mVhkAqwx,aYvzRwqU,3173.0
711,0,GigUVtty,mVhkAqwx,3179.0
711,0,xQpNdvvD,GigUVtty,2492.0
711,0,bvSKVAYv,xQpNdvvD,2492.0
711,0,eJHaFiJU,bvSKVAYv,4619.0
711,0,uAAdoXdO,eJHaFiJU,4619.0
711,0,Qsigtmbx,uAAdoXdO,4619.0
711,0,XGiaFBsp,Qsigtmbx,4619.0
711,0,duRJdiSr,XGiaFBsp,4619.0
711,0,uiYVYPQX,duRJdiSr,4619.0
1414,0,FDCDnriY,ydoNqUsu,106.0
1414,0,DCdKJxNH,FDCDnriY,106.0
1414,0,DsuTXcIa,DCdKJxNH,106.0
1414,0,bgWfLree,DsuTXcIa,117.0
1414,0,nUYnioIh,bgWfLree,117.0
1414,0,mVhkAqwx,nUYnioIh,117.0
1414,0,GigUVtty,mVhkAqwx,117.0
1414,0,eJHaFiJU,GigUVtty,118.0
1414,0,uAAdoXdO,eJHaFiJU,118.0
1414,0,XGiaFBsp,uAAdoXdO,118.0
1414,0,uiYVYPQX,XGiaFBsp,118.0
1414,0,wihERHzN,uiYVYPQX,81.0
1414,0,jiaBsTdI,wihERHzN,81.0
1414,0,iVtHnErr,jiaBsTdI,81.0
1414,0,nsjiKPCz,iVtHnErr,81.0
1414,0,vfdAIPGv,nsjiKPCz,81.0
971,0,QeEdlYuU,dKSFzIqs,456.0
971,0,ussSBeXM,QeEdlYuU,456.0
971,0,qVzVrWDp,ussSBeXM,456.0
971,0,IuRRuHdp,qVzVrWDp,477.0
971,0,agmUQnfF,IuRRuHdp,477.0
971,0,CbblRkaH,agmUQnfF,593.0
971,0,BldTZUAI,CbblRkaH,460.0
971,0,nBYHMnkU,BldTZUAI,460.0
177,0,PUIIuxlM,BGAyznqC,570.0
177,0,bEuFbYIx,PUIIuxlM,577.0
177,0,saruwlzc,bEuFbYIx,673.0
177,0,kEQqRNXv,saruwlzc,673.0
177,0,JvDZYJph,kEQqRNXv,841.0
177,0,gdbAGAQU,JvDZYJph,1177.0
177,0,ANpclgWP,gdbAGAQU,1177.0
177,0,LWqTSxPr,ANpclgWP,1177.0
177,0,tBgOcvQf,LWqTSxPr,1177.0
173,0,gcUmxKgT,TUrDxvOa,659.0
1245,0,mgTKojDA,drmArhka,2861.0
1245,0,TsaeiIGv,mgTKojDA,2861.0
1245,0,OsBkWRQx,TsaeiIGv,3426.0
1245,0,udlIzhJE,OsBkWRQx,3181.0
578,0,zAVZRYih,yLSAaTAd,957.0
578,0,hxSTJhOz,zAVZRYih,1601.0
578,0,TShNRujB,hxSTJhOz,1601.0
578,0,KqLiJxJl,TShNRujB,189.0
578,0,TsaeiIGv,KqLiJxJl,189.0
578,0,OsBkWRQx,TsaeiIGv,173.0
578,0,udlIzhJE,OsBkWRQx,173.0
16,0,KqLiJxJl,TShNRujB,4546.0
16,0,TsaeiIGv,KqLiJxJl,4802.0
16,0,OsBkWRQx,TsaeiIGv,7552.0
16,0,udlIzhJE,OsBkWRQx,7599.0
16,0,TShNRujB,yhXmuUeN,5538.0
1414,0,FGvzNZYi,DYKvrufv,57.0
1414,0,ydoNqUsu,FGvzNZYi,57.0
1665,0,HFKGyjhH,mkJuKiBe,4269.0
1665,0,wdfUFUDc,HFKGyjhH,4269.0
1665,0,MkXEUCdM,wdfUFUDc,2363.0
1665,0,oiYuCTCe,MkXEUCdM,2363.0
1189,0,LPldZjRa,XMWgellz,765.0
711,0,adsviABF,LPldZjRa,3336.0
711,0,TqlJzItM,adsviABF,4011.0
711,0,IjwLXBRx,TqlJzItM,3269.0
711,0,nJRBvlcT,IjwLXBRx,2566.0
711,0,IkxLwyxa,nJRBvlcT,2148.0
1530,0,ojqTFFWy,kVeKzKrW,259.0
584,0,DeduXMzE,udlIzhJE,3366.0
573,0,XEuSRnsw,inRETCYL,1363.0
584,0,GXHjZCTL,DeduXMzE,3355.0
584,0,yolIeCeg,GXHjZCTL,3355.0
584,0,ozAxYCwR,yolIeCeg,3365.0
584,0,qdrjbHYS,ozAxYCwR,2864.0
573,0,yolIeCeg,XEuSRnsw,1351.0
573,0,zGyJMIkT,yolIeCeg,1317.0
990,0,qdrjbHYS,ozAxYCwR,1637.0
482,0,XVbubuGa,OwpcAtJV,4804.0
482,0,iuOUwLky,XVbubuGa,4804.0
482,0,nZnozRfz,iuOUwLky,4807.0
482,0,jeadfqyj,nZnozRfz,4807.0
482,0,qdrjbHYS,jeadfqyj,4807.0
482,0,peBgOXli,yAqyhWkU,3263.0
482,0,KnWWIWQx,peBgOXli,3266.0
482,0,OwpcAtJV,KnWWIWQx,3266.0
482,0,TAifzqok,RkbXqAIs,2137.0
482,0,wWcBzuvM,TAifzqok,2160.0
482,0,GcGOdrPa,wWcBzuvM,2160.0
482,0,yAqyhWkU,GcGOdrPa,2160.0
482,0,RkbXqAIs,MTAZIXBL,1969.0
482,0,jqriedgy,EkCoFwMY,997.0
482,0,MTAZIXBL,jqriedgy,997.0
482,0,QRSRIbba,leJfirnk,987.0
482,0,EkCoFwMY,QRSRIbba,987.0
178,0,hTaJTejf,ClDeGdta,1877.0
178,0,AvILYntX,hTaJTejf,1877.0
178,0,BGAyznqC,AvILYntX,1877.0
178,0,PUIIuxlM,BGAyznqC,1877.0
178,0,bEuFbYIx,PUIIuxlM,1867.0
178,0,saruwlzc,bEuFbYIx,1852.0
178,0,kEQqRNXv,saruwlzc,1852.0
178,0,NfeOUEsA,kEQqRNXv,1852.0
178,0,gdbAGAQU,NfeOUEsA,1455.0
178,0,ANpclgWP,gdbAGAQU,1455.0
178,0,LWqTSxPr,ANpclgWP,1455.0
178,0,tBgOcvQf,LWqTSxPr,1455.0
482,0,wuyFtExA,EtvjcvTp,541.0
482,0,MrybjzSo,wuyFtExA,541.0
482,0,leJfirnk,MrybjzSo,541.0
177,0,qkTCgKXX,YoEMZEcq,478.0
177,0,XjSQdTLS,qkTCgKXX,478.0
177,0,hTaJTejf,XjSQdTLS,522.0
177,0,AvILYntX,hTaJTejf,522.0
177,0,BGAyznqC,AvILYntX,553.0
965,0,LjPncvCg,XBhuaxff,1311.0
965,0,XUEgpuYS,LjPncvCg,1311.0
965,0,lXZmsBCe,XUEgpuYS,1381.0
965,0,oftwwzSy,lXZmsBCe,1382.0
965,0,CKNrjFUU,oftwwzSy,1382.0
965,0,EtvjcvTp,CKNrjFUU,1337.0
965,0,wuyFtExA,EtvjcvTp,886.0
965,0,MrybjzSo,wuyFtExA,886.0
965,0,leJfirnk,MrybjzSo,880.0
965,0,QRSRIbba,leJfirnk,880.0
965,0,EkCoFwMY,QRSRIbba,880.0
965,0,jqriedgy,EkCoFwMY,880.0
965,0,MTAZIXBL,jqriedgy,880.0
965,0,RkbXqAIs,MTAZIXBL,600.0
965,0,TAifzqok,RkbXqAIs,584.0
965,0,wWcBzuvM,TAifzqok,584.0
965,0,GcGOdrPa,wWcBzuvM,584.0
965,0,yAqyhWkU,GcGOdrPa,584.0
965,0,peBgOXli,yAqyhWkU,356.0
965,0,KnWWIWQx,peBgOXli,356.0
965,0,OwpcAtJV,KnWWIWQx,356.0
965,0,XVbubuGa,OwpcAtJV,270.0
965,0,iuOUwLky,XVbubuGa,270.0
965,0,nZnozRfz,iuOUwLky,270.0
965,0,ozAxYCwR,nZnozRfz,270.0
486,0,PeYVqHeF,DJkAcxlA,257.0
486,0,cRLBVFvQ,PeYVqHeF,257.0
486,0,DacXSoOC,cRLBVFvQ,257.0
486,0,vTErLEZz,DacXSoOC,257.0
486,0,cZBPdCTc,vTErLEZz,257.0
486,0,PYzwbgep,cZBPdCTc,266.0
486,0,wtyUxRkq,PYzwbgep,266.0
486,0,VXthmpcS,wtyUxRkq,266.0
486,0,XUEgpuYS,VXthmpcS,312.0
486,0,lXZmsBCe,XUEgpuYS,312.0
486,0,oftwwzSy,lXZmsBCe,312.0
486,0,CKNrjFUU,oftwwzSy,312.0
486,0,EtvjcvTp,CKNrjFUU,301.0
486,0,wuyFtExA,EtvjcvTp,197.0
486,0,MrybjzSo,wuyFtExA,197.0
486,0,leJfirnk,MrybjzSo,148.0
486,0,QRSRIbba,leJfirnk,148.0
486,0,EkCoFwMY,QRSRIbba,148.0
486,0,jqriedgy,EkCoFwMY,148.0
486,0,MTAZIXBL,jqriedgy,148.0
486,0,RkbXqAIs,MTAZIXBL,121.0
486,0,TAifzqok,RkbXqAIs,121.0
486,0,wWcBzuvM,TAifzqok,121.0
486,0,GcGOdrPa,wWcBzuvM,121.0
486,0,yAqyhWkU,GcGOdrPa,121.0
486,0,peBgOXli,yAqyhWkU,110.0
486,0,KnWWIWQx,peBgOXli,110.0
486,0,bRAzuzSs,KnWWIWQx,110.0
486,0,OwpcAtJV,bRAzuzSs,110.0
486,0,XVbubuGa,OwpcAtJV,96.0
486,0,iuOUwLky,XVbubuGa,96.0
486,0,jeadfqyj,iuOUwLky,96.0
965,0,apwTQKga,lBjlyorh,622.0
965,0,XNHVHmHa,apwTQKga,622.0
965,0,vGqwislq,XNHVHmHa,622.0
965,0,AwLiWVdI,vGqwislq,623.0
965,0,XBhuaxff,AwLiWVdI,623.0
965,0,ZTCNsviV,ODNKqRCQ,251.0
965,0,GBYHqHQO,ZTCNsviV,251.0
965,0,lBjlyorh,GBYHqHQO,251.0
965,0,ODNKqRCQ,iPzquFzR,200.0
1071,0,duRJdiSr,FcOkCcps,398.0
1071,0,uiYVYPQX,duRJdiSr,386.0
1047,0,duRJdiSr,FcOkCcps,23.0
1047,0,uiYVYPQX,duRJdiSr,23.0
523,0,osddylgA,znFDupZg,5983.0
523,0,uiYVYPQX,osddylgA,5983.0
523,0,rDSiGFpR,gFAsBeQM,1871.0
523,0,mYoRZvtc,RFaTWaew,1500.0
523,0,NKCxdwhs,mYoRZvtc,1795.0
523,0,eeSdZFhf,NKCxdwhs,1795.0
523,0,UaWwvNMO,eeSdZFhf,1861.0
523,0,gFAsBeQM,UaWwvNMO,1861.0
272,0,BYOnvRTX,oSOvYxXQ,2959.0
272,0,XGiaFBsp,BYOnvRTX,2959.0
272,0,tIegtsMs,XGiaFBsp,2959.0
272,0,VCRIbExe,tIegtsMs,2961.0
272,0,uiYVYPQX,VCRIbExe,2887.0
272,0,oSOvYxXQ,TJGhHrvm,2984.0
483,0,POdtxoZm,MnIYxXyj,772.0
483,0,WqMESkMM,POdtxoZm,772.0
483,0,zAVZRYih,WqMESkMM,772.0
483,0,hxSTJhOz,zAVZRYih,346.0
483,0,TShNRujB,hxSTJhOz,565.0
483,0,BqZQArDi,TShNRujB,856.0
483,0,JJRlkmgp,BqZQArDi,856.0
483,0,KRQMLlbw,JJRlkmgp,856.0
483,0,MURlCahD,KRQMLlbw,856.0
483,0,znFDupZg,MURlCahD,856.0
483,0,osddylgA,znFDupZg,856.0
483,0,uiYVYPQX,osddylgA,856.0
272,0,xkdRvtRu,tBJBJfdu,3013.0
272,0,SjZGieDS,xkdRvtRu,3070.0
272,0,tZiWmgTn,SjZGieDS,3004.0
272,0,TJGhHrvm,tZiWmgTn,3004.0
272,0,FZYojuVE,niqrIlpR,2375.0
272,0,tBJBJfdu,FZYojuVE,2375.0
600,0,vJitwYAE,nrUfCQxz,1179.0
600,0,iBiVOFur,vJitwYAE,1338.0
600,0,niqrIlpR,iBiVOFur,1338.0
600,0,FZYojuVE,niqrIlpR,1032.0
600,0,uVsOstge,FZYojuVE,1032.0
600,0,tBJBJfdu,uVsOstge,1032.0
600,0,FmTbQszJ,tBJBJfdu,831.0
600,0,xkdRvtRu,FmTbQszJ,831.0
600,0,tZiWmgTn,xkdRvtRu,641.0
600,0,TJGhHrvm,tZiWmgTn,641.0
600,0,oSOvYxXQ,TJGhHrvm,418.0
600,0,BYOnvRTX,oSOvYxXQ,159.0
600,0,XGiaFBsp,BYOnvRTX,159.0
600,0,PrkhDzLx,XGiaFBsp,159.0
600,0,hwOMxSYP,PrkhDzLx,159.0
600,0,duRJdiSr,hwOMxSYP,159.0
600,0,uiYVYPQX,duRJdiSr,159.0
272,0,qrSNpKDz,bWAbaUPC,2266.0
272,0,niqrIlpR,qrSNpKDz,2266.0
272,0,cEOIeJTR,CfleTooC,2006.0
272,0,bWAbaUPC,cEOIeJTR,2006.0
272,0,hCxxcqWU,IOcMwGKn,2863.0
272,0,pPReLBCT,hCxxcqWU,2865.0
272,0,gUXxyAlR,pPReLBCT,2904.0
272,0,CfleTooC,gUXxyAlR,2904.0
272,0,IOcMwGKn,ybjkPLXB,2729.0
272,0,OAywdpTB,BpAiVnps,1388.0
272,0,ybjkPLXB,OAywdpTB,1967.0
706,0,uiYVYPQX,duRJdiSr,361.0
1105,0,xQSKBJml,SwLVnWPq,1499.0
1105,0,eXTjiXiW,xQSKBJml,1499.0
1105,0,UUCrlfWg,eXTjiXiW,1499.0
1105,0,YULSfngF,UUCrlfWg,1499.0
1105,0,ozuppJDT,YULSfngF,1499.0
1105,0,xGsoSfhX,ozuppJDT,1501.0
1105,0,ybjkPLXB,xGsoSfhX,1502.0
1105,0,IOcMwGKn,ybjkPLXB,1280.0
1105,0,hCxxcqWU,IOcMwGKn,1280.0
1105,0,gUXxyAlR,hCxxcqWU,1280.0
1105,0,CfleTooC,gUXxyAlR,1280.0
1105,0,cEOIeJTR,CfleTooC,378.0
1105,0,bWAbaUPC,cEOIeJTR,353.0
1105,0,qrSNpKDz,bWAbaUPC,320.0
1105,0,niqrIlpR,qrSNpKDz,320.0
1105,0,FZYojuVE,niqrIlpR,310.0
1105,0,tBJBJfdu,FZYojuVE,310.0
1105,0,xkdRvtRu,tBJBJfdu,241.0
1105,0,SjZGieDS,xkdRvtRu,241.0
1105,0,tZiWmgTn,SjZGieDS,238.0
1105,0,TJGhHrvm,tZiWmgTn,238.0
1105,0,oSOvYxXQ,TJGhHrvm,224.0
1105,0,PSZbZwJF,oSOvYxXQ,171.0
1105,0,BYOnvRTX,PSZbZwJF,171.0
1105,0,XGiaFBsp,BYOnvRTX,171.0
1105,0,duRJdiSr,XGiaFBsp,171.0
1105,0,uiYVYPQX,duRJdiSr,171.0
1666,0,kueIUJls,XGJiqzLW,2538.0
1666,0,OVaoEscJ,kueIUJls,2538.0
1666,0,xQqwXgNZ,OVaoEscJ,1282.0
1666,0,BMprcpdo,xQqwXgNZ,1062.0
1105,0,rSdxnGDj,otuYkIZd,965.0
1105,0,MkXEUCdM,rSdxnGDj,965.0
1105,0,oiYuCTCe,MkXEUCdM,965.0
1105,0,SwLVnWPq,oiYuCTCe,1256.0
1105,0,CoFyQOTC,jnDfAorM,797.0
1105,0,HMiMHaRv,CoFyQOTC,797.0
1105,0,kLfGGOkq,HMiMHaRv,797.0
1105,0,ygVaThfM,kLfGGOkq,797.0
1105,0,otuYkIZd,ygVaThfM,797.0
272,0,zGyJMIkT,uiYVYPQX,4930.0
973,0,TsaeiIGv,EkWBPXmr,1317.0
973,0,OsBkWRQx,TsaeiIGv,2213.0
973,0,udlIzhJE,OsBkWRQx,2213.0
973,0,srZucbpJ,udlIzhJE,2547.0
1245,0,NrpQUbAl,udlIzhJE,2220.0
16,0,srZucbpJ,udlIzhJE,7573.0
727,0,knCDNjnp,mLBQtksd,1494.0
727,0,nYVfIRsk,knCDNjnp,1494.0
727,0,IHZGJZTs,nYVfIRsk,1494.0
727,0,DYvQviUy,IHZGJZTs,1503.0
727,0,yHDouIXe,DYvQviUy,1270.0
1532,0,PWitnUnB,FUctipSE,2663.0
1532,0,zwmwkNcj,PWitnUnB,2664.0
1532,0,DJDPVkXF,zwmwkNcj,2664.0
1532,0,FrOiWYSP,DJDPVkXF,2424.0
1532,0,mNGfniSu,FrOiWYSP,2514.0
1532,0,qjwSVoCq,mNGfniSu,2866.0
1532,0,WvPJYXMk,qjwSVoCq,2850.0
1505,0,fmQEzQWV,IubGYoNi,21413.0
1505,0,HcPkwFHM,plWWPiMc,18375.0
1505,0,KjuJaNsu,HcPkwFHM,17857.0
1505,0,oNyGHMvy,KjuJaNsu,18458.0
1505,0,QdnKSSsO,oNyGHMvy,18614.0
1505,0,vSdfqYeK,QdnKSSsO,19116.0
835,0,LpQEBEct,UxgUbJZk,7747.0
835,0,uypYDUnA,LpQEBEct,7747.0
835,0,gKGqSXsa,uypYDUnA,7932.0
1221,0,bkPedFyi,dlIiZmBi,6403.0
1221,0,neCsPoxX,bkPedFyi,6522.0
1221,0,RMvkOcpU,neCsPoxX,6522.0
1303,0,dZoxKDmD,FoxIDeQY,9.0
1125,0,IpOsGrUQ,KyrNRMTR,1329.0
1125,0,exRzHfND,IpOsGrUQ,1190.0
1125,0,bIhgcGjB,exRzHfND,1190.0
1125,0,dMpYNFzw,bIhgcGjB,1190.0
1125,0,slwzdYAd,dMpYNFzw,1190.0
1125,0,phodyDNv,slwzdYAd,1278.0
1125,0,gcvwQKzE,phodyDNv,1300.0
1125,0,RuqLEiFp,gcvwQKzE,1300.0
1125,0,nCgrSQNi,HnEviCBr,1081.0
1125,0,KyrNRMTR,nCgrSQNi,1081.0
1125,0,kjmHgYUi,pTTspriv,981.0
1125,0,UHSPJyEW,kjmHgYUi,981.0
1125,0,dOTSUZHl,UHSPJyEW,981.0
1125,0,ITdbUezF,dOTSUZHl,981.0
1125,0,UCTWITih,ITdbUezF,981.0
1125,0,HnEviCBr,UCTWITih,981.0
1023,0,yyEOaSxi,gjOgguRV,2706.0
1023,0,obftSQtS,yyEOaSxi,2702.0
1023,0,yKgFraCR,obftSQtS,2693.0
1023,0,LIDMLZkw,yKgFraCR,2693.0
1023,0,JEpPbBSc,LIDMLZkw,2693.0
1023,0,YkNJvTAu,JEpPbBSc,2590.0
1023,0,TIlepZYr,YkNJvTAu,2282.0
1023,0,UvdLYolu,TIlepZYr,1972.0
1023,0,ZFKsyBay,UvdLYolu,1972.0
1023,0,suvDbtPR,ZFKsyBay,1948.0
1023,0,clVXMHJf,suvDbtPR,819.0
1023,0,UXEWVZzP,clVXMHJf,819.0
1023,0,MlYFoaez,UXEWVZzP,810.0
1023,0,XeinAhyy,MlYFoaez,790.0
1023,0,pGpZhRvq,XeinAhyy,790.0
1023,0,alaJPSTW,pGpZhRvq,790.0
1023,0,ngNzeSzC,alaJPSTW,790.0
1023,0,PHuvYJrP,ngNzeSzC,790.0
1023,0,FoxIDeQY,PHuvYJrP,790.0
1023,0,dZoxKDmD,FoxIDeQY,790.0
1023,0,ZOuLYtJj,dZoxKDmD,790.0
661,0,TsaeiIGv,EkWBPXmr,436.0
661,0,OsBkWRQx,TsaeiIGv,678.0
661,0,TlwaKrQx,OsBkWRQx,678.0
661,0,udlIzhJE,TlwaKrQx,678.0
661,0,DeduXMzE,udlIzhJE,789.0
661,0,GXHjZCTL,DeduXMzE,789.0
661,0,yolIeCeg,GXHjZCTL,789.0
661,0,zGyJMIkT,yolIeCeg,789.0
661,0,YbVmHVTt,zGyJMIkT,1252.0
661,0,ZlnerNQG,YbVmHVTt,1252.0
483,0,zGyJMIkT,uiYVYPQX,780.0
483,0,YbVmHVTt,zGyJMIkT,737.0
483,0,ZlnerNQG,YbVmHVTt,737.0
1198,0,QHFmFyLR,EkWBPXmr,565.0
1198,0,neNWquOh,QHFmFyLR,565.0
1198,0,KwaxxmSs,neNWquOh,567.0
1198,0,PSjGjQXK,KwaxxmSs,567.0
1198,0,FDPmqphv,PSjGjQXK,1314.0
1198,0,aVjdmBcp,FDPmqphv,1315.0
1198,0,nusTHAtB,aVjdmBcp,1315.0
1198,0,isVKhOXG,nusTHAtB,1315.0
1198,0,OWkTamRc,isVKhOXG,1315.0
1198,0,pHNyFRmN,OWkTamRc,1520.0
1198,0,SMriOOgF,pHNyFRmN,2091.0
1198,0,rWiIOjNx,SMriOOgF,2091.0
1198,0,bvSKVAYv,rWiIOjNx,2092.0
1198,0,JZGNdgml,bvSKVAYv,2169.0
1198,0,uHbImzAf,JZGNdgml,2169.0
1198,0,IzsieVnc,uHbImzAf,2156.0
1198,0,xNgkqoUR,IzsieVnc,2159.0
1198,0,lDiqRMWn,xNgkqoUR,2173.0
1198,0,gOJphFVT,lDiqRMWn,2173.0
990,0,awOEKaEj,qdrjbHYS,4710.0
990,0,kZdBhxvo,awOEKaEj,5409.0
990,0,ZBkAAevT,kZdBhxvo,6428.0
990,0,cMinRgYB,ZBkAAevT,6428.0
990,0,LRmPOeoe,cMinRgYB,6485.0
990,0,tBNXSyMW,LRmPOeoe,6474.0
990,0,ArHpJhVJ,tBNXSyMW,6860.0
273,0,FcOkCcps,jeadfqyj,3063.0
187,0,hVMLOzME,KCMgfriT,2319.0
187,0,TDvESTZN,hVMLOzME,2319.0
187,0,sNuKvPuW,TDvESTZN,2304.0
187,0,AUBTKFbY,sNuKvPuW,2304.0
490,0,HTKZNJTs,FFLftRlg,3555.0
490,0,xkdRvtRu,HTKZNJTs,3407.0
490,0,SjZGieDS,xkdRvtRu,3288.0
490,0,pHNyFRmN,SjZGieDS,3125.0
1076,0,TbetMXoD,zWZbZUaa,1614.0
1076,0,vHItlPPU,TbetMXoD,1579.0
1076,0,LggEHwJM,vHItlPPU,1569.0
1076,0,cXzNtQka,LggEHwJM,1569.0
1076,0,Hjpeultj,cXzNtQka,1569.0
1023,0,SGnJOquj,ZOuLYtJj,782.0
1023,0,ogOCBKAf,SGnJOquj,753.0
537,0,uzcbLUNR,GOFbtMrp,54.0
537,0,zezeKItL,uzcbLUNR,54.0
537,0,VpHOqNar,zezeKItL,54.0
537,0,vDTAjOOR,VpHOqNar,54.0
537,0,UDUmRzWP,vDTAjOOR,54.0
537,0,kVWwehGs,UDUmRzWP,54.0
537,0,ixhHdGBo,kVWwehGs,54.0
537,0,agMXkLfj,ixhHdGBo,54.0
537,0,SwLVnWPq,agMXkLfj,54.0
537,0,xGsoSfhX,SwLVnWPq,54.0
626,0,TsaeiIGv,EkWBPXmr,1548.0
626,0,OsBkWRQx,TsaeiIGv,1808.0
626,0,udlIzhJE,OsBkWRQx,1948.0
626,0,cCEhgrAc,udlIzhJE,2016.0
626,0,cfShLPmI,cCEhgrAc,2018.0
16,0,cCEhgrAc,srZucbpJ,5845.0
16,0,cfShLPmI,cCEhgrAc,5845.0
584,0,awOEKaEj,qdrjbHYS,1436.0
584,0,gRuqifBH,awOEKaEj,1429.0
678,0,gRVxNCAP,KTHxRvtW,3221.0
678,0,nJRBvlcT,gRVxNCAP,3222.0
678,0,IkxLwyxa,nJRBvlcT,3537.0
678,0,CYSggHNR,IkxLwyxa,2784.0
678,0,VhgapMoa,CYSggHNR,2784.0
678,0,dKbqWpcD,VhgapMoa,2784.0
678,0,zYpZYpOA,dKbqWpcD,2784.0
678,0,xbeOVhLE,zYpZYpOA,2305.0
678,0,IpBcScgC,xbeOVhLE,2272.0
678,0,aYvzRwqU,IpBcScgC,2272.0
678,0,GigUVtty,aYvzRwqU,2272.0
678,0,bvSKVAYv,GigUVtty,1926.0
678,0,JZGNdgml,bvSKVAYv,2061.0
678,0,uHbImzAf,JZGNdgml,2061.0
595,0,kBaIvAJI,pobpsCoK,466.0
595,0,zltqyTKX,kBaIvAJI,504.0
595,0,TRZUQkiC,zltqyTKX,504.0
595,0,wCUyFOIX,TRZUQkiC,504.0
595,0,RtYHfABF,wCUyFOIX,502.0
595,0,JKycCNae,RtYHfABF,493.0
595,0,cMdRoPmQ,JKycCNae,493.0
1052,0,xokKvraT,INegqJKU,148.0
1052,0,HaSZVkzu,xokKvraT,148.0
1052,0,yjaYbUGq,HaSZVkzu,148.0
1052,0,LbyQgJih,yjaYbUGq,148.0
1052,0,FPXdCAOW,LbyQgJih,148.0
1052,0,ouHKxPGS,FPXdCAOW,148.0
1053,0,hkXbXhZN,scqbdPBp,112.0
1053,0,TgpuXBqx,hkXbXhZN,112.0
1053,0,IyPglFnI,TgpuXBqx,132.0
1053,0,atGiINkp,IyPglFnI,132.0
1053,0,tFIeEodn,atGiINkp,132.0
1053,0,yeBNAVLu,tFIeEodn,132.0
1053,0,xokKvraT,yeBNAVLu,88.0
1053,0,HaSZVkzu,xokKvraT,88.0
1053,0,yjaYbUGq,HaSZVkzu,88.0
1053,0,LbyQgJih,yjaYbUGq,88.0
1053,0,FPXdCAOW,LbyQgJih,88.0
1053,0,ouHKxPGS,FPXdCAOW,88.0
1053,0,TimDJQqX,ouHKxPGS,81.0
1053,0,buoLtkoi,TimDJQqX,81.0
1053,0,NEOaVWFJ,buoLtkoi,79.0
1053,0,RBwynnQe,NEOaVWFJ,79.0
1053,0,EPmEpfWC,RBwynnQe,79.0
1053,0,xfbmoJHP,EPmEpfWC,79.0
1053,0,WdOwNGhj,xfbmoJHP,23.0
1053,0,kKKRBhFF,WdOwNGhj,23.0
1053,0,NFInfBeu,kKKRBhFF,23.0
1053,0,KcvPUxQg,NFInfBeu,23.0
1053,0,BlnSxBAr,KcvPUxQg,5.0
1053,0,TCBUGaZf,BlnSxBAr,5.0
523,0,qdrjbHYS,uiYVYPQX,4117.0
523,0,TPFTQSyz,qdrjbHYS,3002.0
523,0,awOEKaEj,TPFTQSyz,3076.0
523,0,gRuqifBH,awOEKaEj,3085.0
1744,0,nrUfCQxz,xfYjeqNM,5284.0
1744,0,iBiVOFur,nrUfCQxz,4715.0
1744,0,niqrIlpR,iBiVOFur,4426.0
678,0,hCxxcqWU,IOcMwGKn,4223.0
678,0,qMoZNsgo,hCxxcqWU,4213.0
678,0,udNzSSji,qMoZNsgo,4213.0
678,0,uKKyuZyC,udNzSSji,4213.0
678,0,GhNbXpjs,uKKyuZyC,4231.0
678,0,KTHxRvtW,GhNbXpjs,3480.0
678,0,IOcMwGKn,ybjkPLXB,2653.0
661,0,FVWAEAei,ZlnerNQG,1251.0
661,0,gVtshwcF,FVWAEAei,1264.0
272,0,YbVmHVTt,zGyJMIkT,4563.0
272,0,ZlnerNQG,YbVmHVTt,4563.0
272,0,FVWAEAei,ZlnerNQG,4563.0
272,0,gVtshwcF,FVWAEAei,4563.0
1245,0,HzfEGNJu,NrpQUbAl,2017.0
1245,0,FVWAEAei,HzfEGNJu,2017.0
1245,0,gVtshwcF,FVWAEAei,1997.0
264,0,ABRKsLIZ,uUBnPWGG,1737.0
264,0,RtBolNHG,ABRKsLIZ,1743.0
264,0,XGgrBziF,RtBolNHG,1823.0
264,0,FJLNitGY,XGgrBziF,1755.0
524,0,nqZDBuxM,FZjXRNIl,1509.0
524,0,aAfSzptC,nqZDBuxM,1509.0
524,0,pZulUpHT,aAfSzptC,1509.0
524,0,tBNXSyMW,pZulUpHT,2007.0
524,0,OyJKKata,tBNXSyMW,2078.0
524,0,FcOkCcps,OyJKKata,6012.0
524,0,PrkhDzLx,FcOkCcps,6367.0
1244,0,TAifzqok,RkbXqAIs,505.0
1244,0,wWcBzuvM,TAifzqok,505.0
1244,0,GcGOdrPa,wWcBzuvM,505.0
1244,0,yAqyhWkU,GcGOdrPa,505.0
658,0,QeEdlYuU,dKSFzIqs,280.0
658,0,ussSBeXM,QeEdlYuU,280.0
658,0,qVzVrWDp,ussSBeXM,280.0
658,0,IuRRuHdp,qVzVrWDp,284.0
658,0,agmUQnfF,IuRRuHdp,284.0
658,0,CbblRkaH,agmUQnfF,417.0
658,0,BldTZUAI,CbblRkaH,417.0
483,0,FVWAEAei,ZlnerNQG,730.0
483,0,gVtshwcF,FVWAEAei,730.0
1567,0,jcExlqwL,RCkelXPh,7957.0
1567,0,YctaenCe,jcExlqwL,7272.0
1567,0,tzYrVhKO,YctaenCe,7271.0
268,0,CoFyQOTC,jnDfAorM,1.0
268,0,HMiMHaRv,CoFyQOTC,1.0
268,0,kLfGGOkq,HMiMHaRv,1.0
268,0,ygVaThfM,kLfGGOkq,1.0
268,0,otuYkIZd,ygVaThfM,1.0
268,0,rSdxnGDj,otuYkIZd,1.0
268,0,MkXEUCdM,rSdxnGDj,1.0
268,0,oiYuCTCe,MkXEUCdM,1.0
268,0,SwLVnWPq,oiYuCTCe,1.0
268,0,xQSKBJml,SwLVnWPq,1.0
268,0,eXTjiXiW,xQSKBJml,1.0
268,0,UUCrlfWg,eXTjiXiW,1.0
268,0,YULSfngF,UUCrlfWg,1.0
268,0,ozuppJDT,YULSfngF,1.0
268,0,xGsoSfhX,ozuppJDT,1.0
268,0,ybjkPLXB,xGsoSfhX,1.0
268,0,IOcMwGKn,ybjkPLXB,1.0
268,0,hCxxcqWU,IOcMwGKn,1.0
268,0,gUXxyAlR,hCxxcqWU,1.0
268,0,CfleTooC,gUXxyAlR,1.0
268,0,cEOIeJTR,CfleTooC,1.0
268,0,bWAbaUPC,cEOIeJTR,1.0
268,0,qrSNpKDz,bWAbaUPC,1.0
268,0,niqrIlpR,qrSNpKDz,1.0
268,0,FZYojuVE,niqrIlpR,1.0
268,0,tBJBJfdu,FZYojuVE,1.0
268,0,xkdRvtRu,tBJBJfdu,1.0
268,0,tZiWmgTn,xkdRvtRu,1.0
268,0,TJGhHrvm,tZiWmgTn,1.0
268,0,oSOvYxXQ,TJGhHrvm,1.0
268,0,PSZbZwJF,oSOvYxXQ,1.0
268,0,BYOnvRTX,PSZbZwJF,1.0
268,0,XGiaFBsp,BYOnvRTX,1.0
268,0,uiYVYPQX,XGiaFBsp,1.0
268,0,zGyJMIkT,uiYVYPQX,1.0
268,0,YbVmHVTt,zGyJMIkT,1.0
268,0,ZlnerNQG,YbVmHVTt,1.0
268,0,FVWAEAei,ZlnerNQG,1.0
268,0,gVtshwcF,FVWAEAei,1.0
912,0,WdOwNGhj,xfbmoJHP,264.0
47,0,kKKRBhFF,WdOwNGhj,3822.0
47,0,NFInfBeu,kKKRBhFF,3920.0
47,0,VCQdmIoF,NFInfBeu,3920.0
47,0,ePrpofUw,VCQdmIoF,3920.0
47,0,KcvPUxQg,ePrpofUw,4432.0
47,0,rbVbMNcM,KcvPUxQg,4664.0
47,0,JCIOAWOU,rbVbMNcM,5009.0
47,0,fZcVdMzo,JCIOAWOU,5045.0
47,0,QYwjKQRO,fZcVdMzo,5045.0
47,0,cNuXvIqU,QYwjKQRO,5045.0
47,0,eXTEGQHB,cNuXvIqU,5045.0
47,0,zTUODYgn,eXTEGQHB,5338.0
47,0,eTPMYwkC,zTUODYgn,5338.0
47,0,IMTItMKU,eTPMYwkC,5424.0
47,0,upMsEWKk,IMTItMKU,5997.0
47,0,KCqeuCwW,upMsEWKk,5997.0
47,0,xyBTaHvp,KCqeuCwW,5997.0
47,0,izUAPpdi,xyBTaHvp,7467.0
47,0,cNWTidvb,izUAPpdi,7467.0
47,0,yQQuLFAg,cNWTidvb,7527.0
47,0,rUKSlFeh,yQQuLFAg,7077.0
47,0,rckblBTM,rUKSlFeh,7083.0
635,0,HUVJunNe,EocVuyzS,862.0
635,0,DvaIywQB,HUVJunNe,862.0
635,0,OCwYbEnq,DvaIywQB,862.0
635,0,rsJSqETv,OCwYbEnq,864.0
635,0,nrUfCQxz,rsJSqETv,864.0
635,0,CpnDMnJS,nrUfCQxz,1546.0
635,0,fSmTHZJS,CpnDMnJS,1552.0
635,0,WSTcrrBn,fSmTHZJS,1603.0
635,0,DyPueDjA,WSTcrrBn,1603.0
635,0,VJibZvbS,DyPueDjA,1559.0
635,0,uSZbdBno,VJibZvbS,1559.0
635,0,GtaXwPrK,uSZbdBno,1559.0
635,0,TcEVvOUM,GtaXwPrK,1559.0
635,0,qGnNRXVR,TcEVvOUM,1469.0
635,0,yLFlKjKg,qGnNRXVR,1427.0
635,0,isWzWnoW,yLFlKjKg,593.0
635,0,YJykDsrc,isWzWnoW,593.0
635,0,YpVxAvQG,YJykDsrc,529.0
635,0,LhgNVAOU,YpVxAvQG,528.0
635,0,SOVcCDqR,LhgNVAOU,483.0
226,0,nrUfCQxz,KMDYeUKg,301.0
226,0,CpnDMnJS,nrUfCQxz,415.0
226,0,fSmTHZJS,CpnDMnJS,415.0
226,0,QsPOuThV,fSmTHZJS,606.0
226,0,WSTcrrBn,QsPOuThV,606.0
226,0,JYrrjUtU,WSTcrrBn,621.0
226,0,DyPueDjA,JYrrjUtU,621.0
226,0,udNzSSji,DyPueDjA,621.0
226,0,VJibZvbS,udNzSSji,621.0
226,0,uSZbdBno,VJibZvbS,621.0
226,0,GtaXwPrK,uSZbdBno,621.0
226,0,PIUpvPaY,GtaXwPrK,621.0
226,0,XCZfXGna,PIUpvPaY,515.0
226,0,FYonLsVT,XCZfXGna,515.0
226,0,voXQjjKh,FYonLsVT,515.0
226,0,pKTlpooZ,voXQjjKh,450.0
226,0,OVaoEscJ,pKTlpooZ,392.0
226,0,BMprcpdo,OVaoEscJ,284.0
226,0,YpVxAvQG,BMprcpdo,234.0
226,0,RinxBkUZ,YpVxAvQG,234.0
226,0,LhgNVAOU,RinxBkUZ,232.0
226,0,SOVcCDqR,LhgNVAOU,204.0
208,0,wSspaAkq,bLzlxnwB,1973.0
208,0,NppIhzQC,wSspaAkq,1973.0
208,0,tTrMaEIS,NppIhzQC,1992.0
208,0,WeXgsZLY,tTrMaEIS,2032.0
208,0,VuPuNOXM,WeXgsZLY,2208.0
208,0,QgwCgjAi,VuPuNOXM,2208.0
208,0,vrgENeuF,QgwCgjAi,4800.0
208,0,xKmRiBBX,vrgENeuF,4800.0
208,0,kkrKJmiC,xKmRiBBX,4800.0
208,0,psXocZQH,kkrKJmiC,4785.0
208,0,yprCGtVa,psXocZQH,4562.0
208,0,pPqywgRl,yprCGtVa,3990.0
208,0,SJHseTdc,pPqywgRl,2906.0
208,0,HGjkimBc,SJHseTdc,2906.0
208,0,IubGYoNi,HGjkimBc,2906.0
208,0,fmQEzQWV,IubGYoNi,2515.0
208,0,BpAiVnps,fmQEzQWV,2193.0
1338,0,AszcEtOu,BpAiVnps,2285.0
1338,0,TCqyxHhF,AszcEtOu,2766.0
1338,0,PIUpvPaY,TCqyxHhF,2767.0
1338,0,XCZfXGna,PIUpvPaY,2865.0
1338,0,FYonLsVT,XCZfXGna,3598.0
1338,0,voXQjjKh,FYonLsVT,3598.0
1338,0,pKTlpooZ,voXQjjKh,3927.0
1338,0,OVaoEscJ,pKTlpooZ,3924.0
1338,0,BMprcpdo,OVaoEscJ,7800.0
1338,0,YpVxAvQG,BMprcpdo,10602.0
1338,0,RinxBkUZ,YpVxAvQG,10777.0
1338,0,LhgNVAOU,RinxBkUZ,10786.0
1338,0,SOVcCDqR,LhgNVAOU,10151.0
208,0,ThGrfpxl,SyufMOPd,519.0
208,0,TUpCuZAw,ThGrfpxl,1116.0
208,0,HYfXIyFk,TUpCuZAw,1134.0
208,0,ILieppKf,HYfXIyFk,1151.0
208,0,uwQliGwX,ILieppKf,1083.0
208,0,HUkyeYlq,uwQliGwX,1556.0
208,0,PYpgWopD,HUkyeYlq,1556.0
208,0,lDeAZniB,PYpgWopD,1556.0
208,0,bLzlxnwB,lDeAZniB,1556.0
356,0,OrbXRiVv,anWZyaGW,2485.0
356,0,nEXpIbiD,OrbXRiVv,1490.0
1141,0,zfdolaES,nEXpIbiD,1071.0
1141,0,jiufRClk,zfdolaES,1075.0
1141,0,GVnbohJg,jiufRClk,1075.0
1141,0,TIKKmaif,GVnbohJg,1075.0
1141,0,nTVsVrjG,TIKKmaif,1215.0
1141,0,GTeEFWtM,nTVsVrjG,1215.0
1141,0,ZtIplJlB,GTeEFWtM,1215.0
1141,0,nmfQPmsh,ZtIplJlB,1215.0
1141,0,QdnKSSsO,nmfQPmsh,1146.0
1505,0,wDpyEsxh,vSdfqYeK,18774.0
1505,0,jIerKxIb,wDpyEsxh,19029.0
1505,0,IubGYoNi,jIerKxIb,20928.0
1505,0,BpAiVnps,fmQEzQWV,19660.0
1505,0,AszcEtOu,BpAiVnps,13688.0
1505,0,TCqyxHhF,AszcEtOu,14124.0
1505,0,PIUpvPaY,TCqyxHhF,14159.0
1505,0,XCZfXGna,PIUpvPaY,9013.0
1505,0,FYonLsVT,XCZfXGna,9156.0
1505,0,voXQjjKh,FYonLsVT,9260.0
1505,0,OVaoEscJ,voXQjjKh,8002.0
1141,0,fubLBmAl,DOGyniWl,920.0
1141,0,nEXpIbiD,fubLBmAl,1040.0
1505,0,plWWPiMc,mnkgCFDT,17599.0
367,0,qjwSVoCq,WynPMslR,8328.0
367,0,oFLgHrco,qjwSVoCq,8849.0
367,0,yrWAEsGy,oFLgHrco,8969.0
367,0,qGIkRenz,yrWAEsGy,8914.0
367,0,ytUqATXS,qGIkRenz,8885.0
367,0,TcsyXYNn,ytUqATXS,8728.0
367,0,qKeCDDXI,TcsyXYNn,8110.0
367,0,YmkUpvHU,qKeCDDXI,5825.0
1505,0,WOOyqinT,YmkUpvHU,8901.0
1505,0,mnkgCFDT,WOOyqinT,7956.0
367,0,vHkAlmCm,GnOurcjN,7707.0
367,0,WynPMslR,vHkAlmCm,7712.0
287,0,tkDBwPiV,uGNDunGF,4905.0
287,0,mqlWPdpA,tkDBwPiV,4966.0
287,0,lOdrwgOe,mqlWPdpA,4966.0
287,0,BRjWpQtg,lOdrwgOe,4940.0
1418,0,EzNIKkYA,BTtHvEzM,6483.0
798,0,veAXvdUO,CCoJPQpR,3292.0
798,0,UgdUAhSn,veAXvdUO,3292.0
798,0,HcKLTTXk,UgdUAhSn,3292.0
798,0,IvXmMOhB,HcKLTTXk,3292.0
798,0,KIvXTDlT,IvXmMOhB,3292.0
798,0,TgzZcdmy,KIvXTDlT,3292.0
798,0,SEjojzMr,TgzZcdmy,3292.0
798,0,oBYetVBr,SEjojzMr,2994.0
798,0,GiONHkbf,oBYetVBr,2824.0
798,0,QDIpIlEK,GiONHkbf,2824.0
367,0,zjGRmLyo,JGydtICe,6846.0
367,0,yfIoPTHo,zjGRmLyo,6762.0
367,0,GnOurcjN,yfIoPTHo,6757.0
1750,0,ULIlEdjB,XHLHCkqn,1152.0
1750,0,zfmNZkKD,ULIlEdjB,1133.0
528,0,mexFgKBp,NrNaZyPp,1124.0
528,0,KIvXTDlT,mexFgKBp,5839.0
528,0,TgzZcdmy,KIvXTDlT,5894.0
528,0,SEjojzMr,TgzZcdmy,6189.0
528,0,oBYetVBr,SEjojzMr,8240.0
528,0,QDIpIlEK,oBYetVBr,8532.0
798,0,bmqZcfhO,LDSuadxM,1029.0
798,0,mdiSFJRM,bmqZcfhO,1262.0
798,0,ljNlRbnZ,mdiSFJRM,1532.0
798,0,VbMcfGsr,ljNlRbnZ,1723.0
798,0,MttNRhjN,VbMcfGsr,1723.0
798,0,HeidvHXY,MttNRhjN,1723.0
798,0,CCoJPQpR,HeidvHXY,1723.0
250,0,eusqYKWT,HezLsNFQ,3631.0
250,0,dCWftKsk,eusqYKWT,3282.0
46,0,ABufINme,ZijVddwt,6906.0
46,0,xQqwXgNZ,ABufINme,6866.0
46,0,BMprcpdo,xQqwXgNZ,7105.0
46,0,YpVxAvQG,BMprcpdo,6264.0
46,0,RinxBkUZ,YpVxAvQG,6264.0
46,0,LhgNVAOU,RinxBkUZ,6299.0
46,0,SOVcCDqR,LhgNVAOU,7756.0
1452,0,orpkgmYq,EPWXwPSq,6679.0
1452,0,RXuaQdiQ,orpkgmYq,6809.0
1452,0,mhTYFecR,RXuaQdiQ,7475.0
761,0,qehlKNkR,glrALKnP,4103.0
761,0,sZNeRfOC,qehlKNkR,4215.0
761,0,HajxumVd,sZNeRfOC,4215.0
761,0,LhQSpAzy,HajxumVd,4226.0
761,0,pwpCkicC,LhQSpAzy,4226.0
761,0,pPKqPUVW,pwpCkicC,4698.0
761,0,slfxTuih,pPKqPUVW,4698.0
761,0,ejMjPdTH,slfxTuih,5321.0
46,0,ZijVddwt,ojqTFFWy,6835.0
1296,0,VkcYQwTj,BZCtSmhk,8664.0
1296,0,gmsNDepi,VkcYQwTj,8836.0
1296,0,jFRqfnFl,gmsNDepi,9114.0
1296,0,ysSWNERo,jFRqfnFl,9560.0
1296,0,lQIpGOTn,ysSWNERo,9722.0
1296,0,uhUmvvRs,lQIpGOTn,9728.0
1296,0,svgtEcQx,uhUmvvRs,9758.0
1296,0,HcPkwFHM,svgtEcQx,9461.0
1296,0,oNyGHMvy,HcPkwFHM,9461.0
1296,0,QdnKSSsO,oNyGHMvy,9406.0
1296,0,vSdfqYeK,QdnKSSsO,8906.0
1296,0,jIerKxIb,vSdfqYeK,8548.0
1296,0,IubGYoNi,jIerKxIb,8316.0
1296,0,fmQEzQWV,IubGYoNi,7716.0
1296,0,BpAiVnps,fmQEzQWV,6355.0
143,0,OaJoPLeC,osIslFBH,920.0
143,0,GMrJWgHs,OaJoPLeC,900.0
803,0,KbemmdTp,ZHWKFCEn,577.0
803,0,LNRgsQQF,KbemmdTp,624.0
803,0,ubEwIGdf,kWrGTFqC,312.0
803,0,aBKtLgYB,ubEwIGdf,312.0
803,0,qduHdsCL,aBKtLgYB,312.0
803,0,GYMzAvFw,qduHdsCL,312.0
803,0,VXAxIwYs,GYMzAvFw,312.0
803,0,ZHWKFCEn,VXAxIwYs,489.0
1305,0,GnsXgGJX,PSjGjQXK,921.0
1305,0,VjdckTjW,GnsXgGJX,922.0
1305,0,aUPouXsN,VjdckTjW,1183.0
1305,0,SlfNpref,aUPouXsN,1521.0
1305,0,nrKKniYe,SlfNpref,1521.0
1305,0,AjJCgCBk,nrKKniYe,1674.0
1305,0,izYvwhlO,AjJCgCBk,1878.0
1305,0,DvUXLssj,izYvwhlO,2199.0
1305,0,womqVgRl,DvUXLssj,2199.0
1305,0,HkSXkIZj,womqVgRl,2198.0
1305,0,NlwRCqPo,HkSXkIZj,2272.0
1305,0,ubzklVlS,NlwRCqPo,2272.0
1305,0,yLFlKjKg,ubzklVlS,2213.0
1305,0,isWzWnoW,yLFlKjKg,1967.0
1305,0,YJykDsrc,isWzWnoW,1967.0
1305,0,YpVxAvQG,YJykDsrc,1766.0
1305,0,LhgNVAOU,YpVxAvQG,1766.0
1305,0,SOVcCDqR,LhgNVAOU,1537.0
463,0,uaQvVFAB,taPJzyhF,6515.0
463,0,MnTeelLR,uaQvVFAB,6976.0
1666,0,CdwVKoMQ,swKAFNcH,3522.0
1666,0,VXVgVTNc,CdwVKoMQ,3522.0
1666,0,losuIFuX,VXVgVTNc,2193.0
1258,0,RYTcAdhr,yLFlKjKg,2890.0
1258,0,isWzWnoW,RYTcAdhr,2958.0
1258,0,fcSUqaEW,isWzWnoW,2956.0
1258,0,YJykDsrc,fcSUqaEW,2956.0
1258,0,YpVxAvQG,YJykDsrc,1745.0
1258,0,RinxBkUZ,YpVxAvQG,1745.0
1258,0,LhgNVAOU,RinxBkUZ,1745.0
1258,0,bPdCVhrp,LhgNVAOU,1259.0
1258,0,SOVcCDqR,bPdCVhrp,1259.0
1189,0,LoyIFaGV,hPbxQISN,1611.0
1189,0,iqbCzlPk,LoyIFaGV,1764.0
1189,0,bONecZHY,iqbCzlPk,1893.0
1189,0,JrYMJUzx,bONecZHY,1893.0
1189,0,WoSISRHq,JrYMJUzx,1502.0
1189,0,zAiczBZG,WoSISRHq,1502.0
1189,0,vkwWhgCe,zAiczBZG,1564.0
1189,0,KSSwmuEx,vkwWhgCe,1551.0
648,0,KwaxxmSs,EkWBPXmr,1043.0
648,0,PSjGjQXK,KwaxxmSs,1043.0
648,0,FDPmqphv,PSjGjQXK,1904.0
648,0,ccqsUPnI,FDPmqphv,1978.0
648,0,oSOvYxXQ,ccqsUPnI,2490.0
648,0,PSZbZwJF,oSOvYxXQ,2369.0
648,0,GWqnIxTG,PSZbZwJF,2365.0
648,0,NjlFoRGi,GWqnIxTG,2445.0
648,0,bvSKVAYv,NjlFoRGi,2443.0
648,0,JZGNdgml,bvSKVAYv,1179.0
648,0,uHbImzAf,JZGNdgml,1179.0
648,0,IzsieVnc,uHbImzAf,1179.0
912,0,kKKRBhFF,WdOwNGhj,209.0
912,0,NFInfBeu,kKKRBhFF,205.0
912,0,VCQdmIoF,NFInfBeu,193.0
912,0,ePrpofUw,VCQdmIoF,193.0
912,0,KcvPUxQg,ePrpofUw,193.0
912,0,BlnSxBAr,KcvPUxQg,193.0
912,0,TCBUGaZf,BlnSxBAr,193.0
615,0,DRkcXziO,IIzQthVA,762.0
615,0,fTOPrrgc,DRkcXziO,762.0
615,0,XPasGtVj,fTOPrrgc,762.0
615,0,VMviwLNE,XPasGtVj,762.0
615,0,BxuxHloR,VMviwLNE,762.0
615,0,gFAsBeQM,BxuxHloR,762.0
615,0,rDSiGFpR,gFAsBeQM,762.0
615,0,hxSTJhOz,rDSiGFpR,1237.0
615,0,TShNRujB,hxSTJhOz,1239.0
615,0,gzZgDndk,TShNRujB,2108.0
615,0,PSjGjQXK,gzZgDndk,2108.0
615,0,FDPmqphv,PSjGjQXK,2090.0
615,0,ccqsUPnI,FDPmqphv,1902.0
1262,0,eaNsVWDR,CKorGRkE,5002.0
1262,0,hpACGGyB,eaNsVWDR,5081.0
1262,0,VgUdLlOW,hpACGGyB,5786.0
1262,0,ywuGpANM,VgUdLlOW,5800.0
1262,0,BZCtSmhk,ywuGpANM,9360.0
1262,0,aojHvPEg,BZCtSmhk,9623.0
1262,0,qeXIqBgp,aojHvPEg,9623.0
1262,0,gmsNDepi,qeXIqBgp,11685.0
678,0,IzsieVnc,uHbImzAf,1604.0
1744,0,uVsOstge,niqrIlpR,3946.0
1744,0,HTKZNJTs,uVsOstge,4209.0
1744,0,qvujbmjR,HTKZNJTs,5186.0
1744,0,REvIjxsO,qvujbmjR,5191.0
1744,0,CylWjYTC,REvIjxsO,5731.0
1744,0,yMiwNCtj,CylWjYTC,5584.0
647,0,yYSDLmlm,ydoNqUsu,293.0
647,0,FDCDnriY,yYSDLmlm,417.0
647,0,hLEWSLqw,FDCDnriY,417.0
647,0,ydoNqUsu,OyNIynZV,119.0
214,0,OyNIynZV,NcLanIdZ,666.0
272,0,LmhVzFNJ,gVtshwcF,4005.0
573,0,jBnsfrlR,zGyJMIkT,1260.0
573,0,sjphZSiX,jBnsfrlR,1260.0
573,0,NgDeDdfx,sjphZSiX,1260.0
578,0,GXHjZCTL,udlIzhJE,2.0
578,0,yolIeCeg,GXHjZCTL,2.0
264,0,twMezfOU,lkujKSJT,1658.0
264,0,EMzKPzug,twMezfOU,1658.0
264,0,KHbKaRBy,EMzKPzug,1739.0
264,0,uUBnPWGG,KHbKaRBy,1739.0
264,0,IvQQZbJW,ztLkgYlA,1383.0
264,0,yaKWBgLg,IvQQZbJW,1554.0
264,0,lkujKSJT,yaKWBgLg,1554.0
264,0,KcvPUxQg,ePrpofUw,565.0
264,0,BlnSxBAr,KcvPUxQg,565.0
264,0,TCBUGaZf,BlnSxBAr,993.0
264,0,pzcCDVmZ,TCBUGaZf,1214.0
264,0,AUBTKFbY,pzcCDVmZ,1214.0
264,0,fjevhefZ,AUBTKFbY,1244.0
264,0,vyQyYYqJ,fjevhefZ,1244.0
264,0,ztLkgYlA,vyQyYYqJ,1244.0
264,0,NFInfBeu,kKKRBhFF,473.0
264,0,VCQdmIoF,NFInfBeu,473.0
264,0,ePrpofUw,VCQdmIoF,473.0
264,0,WdOwNGhj,xfbmoJHP,456.0
264,0,kKKRBhFF,WdOwNGhj,456.0
706,0,ozAxYCwR,uiYVYPQX,120.0
711,0,ozAxYCwR,uiYVYPQX,792.0
490,0,vISVJoyz,pHNyFRmN,1859.0
490,0,RHWjHSWx,vISVJoyz,1806.0
678,0,HRURJMPd,IzsieVnc,1566.0
678,0,WGGanwZU,HRURJMPd,1566.0
1408,0,eLmJkuZC,kiTgZeoH,1033.0
1408,0,UgzfanVk,eLmJkuZC,1033.0
994,0,zjGRmLyo,JGydtICe,2507.0
994,0,EXTmTMKf,zjGRmLyo,2496.0
994,0,yfIoPTHo,EXTmTMKf,1652.0
994,0,GnOurcjN,yfIoPTHo,1652.0
994,0,vHkAlmCm,GnOurcjN,1279.0
994,0,YspLWkZX,vHkAlmCm,1279.0
994,0,pRBbbEoD,YspLWkZX,930.0
994,0,cfVAtKgo,pRBbbEoD,930.0
994,0,QMiQTlda,cfVAtKgo,930.0
994,0,MaKoROaE,QMiQTlda,930.0
1015,0,ZJxogzZw,wcUGKfLa,80.0
1015,0,Uacajbua,ZJxogzZw,80.0
1015,0,ZLCIvgrp,Uacajbua,80.0
1015,0,ucVTqZIB,ZLCIvgrp,80.0
1015,0,FDrhtNjK,ucVTqZIB,80.0
1015,0,YVGWiGkc,FDrhtNjK,80.0
1015,0,CqPWXNIf,YVGWiGkc,80.0
1015,0,iZfXNAue,CqPWXNIf,80.0
1015,0,OXvlrfnG,iZfXNAue,83.0
1015,0,CgMBzfIg,OXvlrfnG,94.0
1015,0,BCwVkMhO,CgMBzfIg,94.0
1015,0,MpBHVRZl,BCwVkMhO,94.0
1015,0,BWKNZpmt,MpBHVRZl,94.0
1015,0,hMBIVszx,BWKNZpmt,94.0
1015,0,JgVaSAtG,hMBIVszx,94.0
1015,0,QyfZGsFT,JgVaSAtG,94.0
1015,0,selTNsQi,QyfZGsFT,94.0
1015,0,SfBAqteg,selTNsQi,94.0
1015,0,obGcbWvT,SfBAqteg,94.0
1015,0,wssOAckJ,obGcbWvT,94.0
1015,0,zzxlwhdI,wssOAckJ,94.0
1015,0,SEcoeimf,zzxlwhdI,94.0
1015,0,fzmnvqlX,SEcoeimf,94.0
1015,0,RyhuDLev,fzmnvqlX,94.0
1015,0,KnIeolpt,RyhuDLev,94.0
1015,0,GMrJWgHs,KnIeolpt,94.0
1015,0,tTjpyeuP,GMrJWgHs,94.0
1015,0,iYbcLrkT,tTjpyeuP,94.0
1015,0,elxmPCDf,iYbcLrkT,94.0
1015,0,tcbhlVZo,elxmPCDf,94.0
1015,0,ZqBGCTqq,tcbhlVZo,94.0
1015,0,HxnLIWQq,ZqBGCTqq,90.0
1015,0,wqGWmwVd,HxnLIWQq,90.0
1015,0,ACkvbmee,wqGWmwVd,90.0
1015,0,FtWuEuzF,ACkvbmee,90.0
1015,0,RtTLxXUv,FtWuEuzF,90.0
1015,0,JGydtICe,RtTLxXUv,90.0
1015,0,xbhuXgnr,JGydtICe,90.0
1015,0,zjGRmLyo,xbhuXgnr,90.0
1015,0,EXTmTMKf,zjGRmLyo,90.0
1015,0,yfIoPTHo,EXTmTMKf,90.0
1015,0,GnOurcjN,yfIoPTHo,90.0
1015,0,vHkAlmCm,GnOurcjN,90.0
1015,0,YspLWkZX,vHkAlmCm,90.0
1015,0,pRBbbEoD,YspLWkZX,90.0
1015,0,cfVAtKgo,pRBbbEoD,90.0
1015,0,AUlesEuc,cfVAtKgo,90.0
1015,0,MaKoROaE,AUlesEuc,90.0
973,0,cCEhgrAc,srZucbpJ,2525.0
973,0,cfShLPmI,cCEhgrAc,2525.0
973,0,tWKcfmbS,cfShLPmI,2529.0
973,0,rmNVGWDV,tWKcfmbS,2529.0
973,0,OQRQrPoA,rmNVGWDV,2527.0
970,0,inRETCYL,LTDgdyOW,60.0
970,0,XEuSRnsw,inRETCYL,66.0
970,0,nsjiKPCz,XEuSRnsw,66.0
970,0,cCEhgrAc,nsjiKPCz,76.0
970,0,ETEzvRZj,cCEhgrAc,76.0
970,0,NPGSYTMw,ETEzvRZj,76.0
970,0,tHIoZtFE,NPGSYTMw,76.0
970,0,XMbkTLpt,tHIoZtFE,76.0
970,0,SOFDNGxu,XMbkTLpt,76.0
970,0,OQRQrPoA,SOFDNGxu,76.0
272,0,CmbQeSBI,LmhVzFNJ,3945.0
272,0,RVyaKvKa,CmbQeSBI,3945.0
272,0,OQRQrPoA,RVyaKvKa,3945.0
1245,0,LmhVzFNJ,gVtshwcF,821.0
1245,0,CmbQeSBI,LmhVzFNJ,844.0
1245,0,RVyaKvKa,CmbQeSBI,844.0
1245,0,OQRQrPoA,RVyaKvKa,844.0
264,0,rivVbWxD,FJLNitGY,1747.0
985,0,ERIWLSEl,lotPPedu,895.0
985,0,qsoLaWuJ,ERIWLSEl,895.0
985,0,WSBJbplj,qsoLaWuJ,895.0
985,0,THUDGZDu,WSBJbplj,895.0
985,0,XUEgpuYS,THUDGZDu,932.0
985,0,lXZmsBCe,XUEgpuYS,612.0
985,0,oftwwzSy,lXZmsBCe,612.0
985,0,CKNrjFUU,oftwwzSy,612.0
985,0,EtvjcvTp,CKNrjFUU,609.0
985,0,wuyFtExA,EtvjcvTp,229.0
985,0,MrybjzSo,wuyFtExA,229.0
985,0,leJfirnk,MrybjzSo,105.0
985,0,QRSRIbba,leJfirnk,105.0
985,0,EkCoFwMY,QRSRIbba,105.0
985,0,jqriedgy,EkCoFwMY,105.0
985,0,MTAZIXBL,jqriedgy,105.0
985,0,RkbXqAIs,MTAZIXBL,71.0
985,0,TAifzqok,RkbXqAIs,68.0
985,0,wWcBzuvM,TAifzqok,68.0
985,0,GcGOdrPa,wWcBzuvM,68.0
985,0,yAqyhWkU,GcGOdrPa,68.0
273,0,EtvjcvTp,CKNrjFUU,7.0
483,0,CmbQeSBI,gVtshwcF,210.0
483,0,RVyaKvKa,CmbQeSBI,210.0
483,0,OQRQrPoA,RVyaKvKa,210.0
584,0,kZdBhxvo,gRuqifBH,1012.0
584,0,ZBkAAevT,kZdBhxvo,976.0
584,0,cMinRgYB,ZBkAAevT,976.0
523,0,kZdBhxvo,gRuqifBH,2885.0
523,0,ZBkAAevT,kZdBhxvo,2885.0
523,0,cMinRgYB,ZBkAAevT,2885.0
1472,0,XAxmwtqw,gpaAUChy,3912.0
1472,0,YmDpkIHQ,XAxmwtqw,3912.0
1472,0,TUpCuZAw,YmDpkIHQ,3850.0
1472,0,HYfXIyFk,TUpCuZAw,3832.0
1472,0,yayPNqiY,HYfXIyFk,3831.0
1472,0,BsVmblhs,yayPNqiY,3831.0
1472,0,AFWGXQGm,BsVmblhs,3831.0
1472,0,ZMeqpjWv,AFWGXQGm,3831.0
1472,0,tSUFrefk,ZMeqpjWv,3798.0
1472,0,FqxCUuHX,tSUFrefk,3798.0
1472,0,LOkvvGyU,FqxCUuHX,3275.0
1472,0,DYErCrqd,LOkvvGyU,3275.0
1472,0,LbKosGpD,DYErCrqd,3275.0
1472,0,rDSiGFpR,LbKosGpD,2141.0
1472,0,yHDouIXe,DYvQviUy,3282.0
1472,0,aFlzccOO,yHDouIXe,3404.0
1472,0,gpaAUChy,aFlzccOO,3404.0
1472,0,UFoaQvGg,RfEbENxd,2948.0
1472,0,DYvQviUy,UFoaQvGg,2948.0
1472,0,jQaLNViL,gyQqEnFq,1930.0
1472,0,RfEbENxd,jQaLNViL,2188.0
1435,0,yfIoPTHo,EXTmTMKf,6760.0
1435,0,GnOurcjN,yfIoPTHo,6760.0
1435,0,vHkAlmCm,GnOurcjN,5396.0
1435,0,WynPMslR,vHkAlmCm,5371.0
1435,0,qjwSVoCq,WynPMslR,4345.0
1435,0,WvPJYXMk,qjwSVoCq,3788.0
264,0,OQRQrPoA,rivVbWxD,1365.0
16,0,tWKcfmbS,cfShLPmI,5601.0
1075,0,SGnJOquj,ZOuLYtJj,706.0
1075,0,ogOCBKAf,SGnJOquj,682.0
584,0,LRmPOeoe,cMinRgYB,960.0
523,0,CPPLrzGV,cMinRgYB,2816.0
678,0,EMzKPzug,WGGanwZU,1254.0
524,0,OeKkfJSz,HTcmpFUD,902.0
524,0,FZjXRNIl,OeKkfJSz,902.0
490,0,FFLftRlg,vBGGqNND,2679.0
452,0,pHNyFRmN,OWkTamRc,4215.0
452,0,SMriOOgF,pHNyFRmN,4811.0
452,0,rWiIOjNx,SMriOOgF,4811.0
452,0,bvSKVAYv,rWiIOjNx,4811.0
678,0,AszcEtOu,BpAiVnps,1933.0
678,0,ybjkPLXB,AszcEtOu,2278.0
1193,0,neNWquOh,EkWBPXmr,483.0
1193,0,KwaxxmSs,neNWquOh,485.0
1193,0,PSjGjQXK,KwaxxmSs,485.0
1193,0,FDPmqphv,PSjGjQXK,717.0
1193,0,aVjdmBcp,FDPmqphv,720.0
1193,0,isVKhOXG,aVjdmBcp,720.0
1193,0,OWkTamRc,isVKhOXG,722.0
1193,0,pHNyFRmN,OWkTamRc,743.0
1193,0,SMriOOgF,pHNyFRmN,842.0
1193,0,rWiIOjNx,SMriOOgF,842.0
1193,0,bvSKVAYv,rWiIOjNx,842.0
1193,0,JZGNdgml,bvSKVAYv,922.0
1193,0,uHbImzAf,JZGNdgml,922.0
1193,0,IzsieVnc,uHbImzAf,1108.0
1193,0,aYIMvmGX,IzsieVnc,1108.0
1193,0,WGGanwZU,aYIMvmGX,1164.0
1193,0,ArHpJhVJ,WGGanwZU,1164.0
1318,0,MkXEUCdM,rSdxnGDj,5086.0
1318,0,oiYuCTCe,MkXEUCdM,5086.0
1318,0,SwLVnWPq,oiYuCTCe,4675.0
1318,0,xQSKBJml,SwLVnWPq,5995.0
1318,0,eXTjiXiW,xQSKBJml,5995.0
1318,0,UUCrlfWg,eXTjiXiW,5995.0
1318,0,YULSfngF,UUCrlfWg,5995.0
1318,0,xGsoSfhX,YULSfngF,5995.0
1318,0,RVGhYAxc,xGsoSfhX,6012.0
661,0,ymMncFZF,RVyaKvKa,1814.0
661,0,QKdRzNnX,ymMncFZF,1814.0
626,0,tWKcfmbS,cfShLPmI,2005.0
626,0,zXtHnUiq,tWKcfmbS,2005.0
16,0,hEhmxyDr,tWKcfmbS,5599.0
16,0,OxhtFIfA,hEhmxyDr,5599.0
272,0,CEyhPnMH,OQRQrPoA,3773.0
272,0,ogrZorIF,CEyhPnMH,3773.0
264,0,CEyhPnMH,OQRQrPoA,1294.0
264,0,ogrZorIF,CEyhPnMH,1294.0
973,0,CEyhPnMH,OQRQrPoA,2370.0
973,0,ogrZorIF,CEyhPnMH,2370.0
973,0,fumBmOZX,ogrZorIF,2370.0
264,0,fumBmOZX,ogrZorIF,1283.0
1169,0,UmISPPJO,WWVpYMJI,1051.0
1169,0,VPUbGzfh,UmISPPJO,1050.0
1169,0,MVExtcyL,VPUbGzfh,1050.0
1169,0,bciZjPUu,MVExtcyL,1050.0
1169,0,ogOCBKAf,bciZjPUu,1036.0
1169,0,drCNaUUd,xWjNpCho,628.0
1169,0,GiLGTLpB,drCNaUUd,628.0
1169,0,uCrZVfKw,GiLGTLpB,628.0
1169,0,ibPVFfKv,uCrZVfKw,628.0
1169,0,MokitPrF,ibPVFfKv,628.0
1169,0,WWVpYMJI,MokitPrF,628.0
1169,0,YbopoHtZ,UUyOnuCZ,246.0
1169,0,LIaalPFl,YbopoHtZ,246.0
1169,0,XBBRJpEo,LIaalPFl,272.0
1169,0,yfDSCLNC,XBBRJpEo,463.0
1169,0,eUWmFhmU,yfDSCLNC,463.0
1169,0,PaIXMFSn,eUWmFhmU,463.0
1169,0,xWjNpCho,PaIXMFSn,578.0
187,0,QUMnpJQp,MwLdaJul,1721.0
187,0,FyIjwLBj,QUMnpJQp,1765.0
187,0,vXPGJwVk,FyIjwLBj,1764.0
187,0,GjiyfRqd,vXPGJwVk,1764.0
187,0,qzuHypgA,GjiyfRqd,2113.0
187,0,KCMgfriT,qzuHypgA,2098.0
187,0,fjevhefZ,AUBTKFbY,1809.0
187,0,vyQyYYqJ,fjevhefZ,1809.0
187,0,ztLkgYlA,vyQyYYqJ,1788.0
187,0,IvQQZbJW,ztLkgYlA,303.0
1255,0,XMWgellz,vqGhvZJF,2962.0
1650,0,MlYFoaez,pWUEfFEM,1310.0
1650,0,XeinAhyy,MlYFoaez,851.0
1650,0,pGpZhRvq,XeinAhyy,851.0
1650,0,alaJPSTW,pGpZhRvq,851.0
1650,0,ngNzeSzC,alaJPSTW,851.0
1650,0,FoxIDeQY,ngNzeSzC,851.0
1650,0,dZoxKDmD,FoxIDeQY,851.0
1650,0,ZOuLYtJj,dZoxKDmD,851.0
1650,0,SGnJOquj,ZOuLYtJj,840.0
1650,0,ogOCBKAf,SGnJOquj,840.0
661,0,CmbQeSBI,gVtshwcF,1459.0
661,0,RVyaKvKa,CmbQeSBI,1459.0
661,0,EQSFTfWT,QKdRzNnX,1847.0
661,0,pHgJPiEB,EQSFTfWT,1847.0
661,0,jLGvGvQf,pHgJPiEB,1847.0
661,0,issQYORv,jLGvGvQf,1847.0
973,0,TurKlwMz,NkWMDpBL,2215.0
973,0,OSkPauJr,TurKlwMz,2215.0
973,0,NdVNfPps,OSkPauJr,2215.0
973,0,cNHGbHfW,NdVNfPps,2233.0
523,0,vMBlttbG,CPPLrzGV,2055.0
523,0,zdEUiAFY,vMBlttbG,2055.0
990,0,tWpVdCtj,ArHpJhVJ,6159.0
990,0,EdJUuxct,tWpVdCtj,6085.0
1379,0,QHFmFyLR,EkWBPXmr,292.0
1379,0,neNWquOh,QHFmFyLR,292.0
1379,0,KwaxxmSs,neNWquOh,296.0
1379,0,PSjGjQXK,KwaxxmSs,307.0
1379,0,FDPmqphv,PSjGjQXK,681.0
1379,0,aVjdmBcp,FDPmqphv,724.0
1379,0,isVKhOXG,aVjdmBcp,724.0
1379,0,mKIQRbrs,isVKhOXG,812.0
1379,0,qvujbmjR,mKIQRbrs,972.0
1379,0,SqxhBMol,qvujbmjR,981.0
1379,0,MzWshIAL,SqxhBMol,1002.0
1379,0,NZGnRwVn,MzWshIAL,1035.0
1379,0,qVoRAqeW,NZGnRwVn,1186.0
1379,0,pYVbvizw,qVoRAqeW,1190.0
1379,0,IATYolYz,pYVbvizw,1190.0
574,0,ubZrQMid,vfdAIPGv,1425.0
574,0,KwaxxmSs,ubZrQMid,1425.0
712,0,qdrjbHYS,ozAxYCwR,236.0
712,0,awOEKaEj,qdrjbHYS,3455.0
712,0,fFHpEWYG,awOEKaEj,3822.0
712,0,jOxyxYyy,fFHpEWYG,4309.0
712,0,gGlRqksC,jOxyxYyy,4309.0
712,0,GRRjUQxz,gGlRqksC,4309.0
712,0,MlQcmexA,GRRjUQxz,4310.0
712,0,vISVJoyz,MlQcmexA,2333.0
712,0,RHWjHSWx,vISVJoyz,2333.0
712,0,VpmqCJUB,RHWjHSWx,2769.0
712,0,EvIZgaUF,VpmqCJUB,2759.0
712,0,mGgwEHaG,EvIZgaUF,2899.0
712,0,DWuGRWkF,mGgwEHaG,2899.0
712,0,ryMrZCSE,DWuGRWkF,2891.0
712,0,fRxWIrbs,ryMrZCSE,2420.0
712,0,QrdELzCu,fRxWIrbs,2420.0
712,0,YvwQRHTE,QrdELzCu,2420.0
712,0,HJTsgSzj,YvwQRHTE,2420.0
679,0,IMtkgxTU,XXPGaRGh,1284.0
679,0,MlQcmexA,IMtkgxTU,1284.0
679,0,RHWjHSWx,MlQcmexA,1126.0
679,0,EvIZgaUF,RHWjHSWx,1429.0
679,0,mGgwEHaG,EvIZgaUF,1289.0
679,0,DWuGRWkF,mGgwEHaG,1289.0
679,0,ryMrZCSE,DWuGRWkF,1336.0
679,0,fRxWIrbs,ryMrZCSE,2109.0
679,0,QrdELzCu,fRxWIrbs,2108.0
679,0,YvwQRHTE,QrdELzCu,2108.0
679,0,HJTsgSzj,YvwQRHTE,2108.0
679,0,TcTonWJL,HJTsgSzj,2944.0
679,0,VCDwRKse,TcTonWJL,3202.0
679,0,lZYsrfVZ,VCDwRKse,3202.0
273,0,fFHpEWYG,FcOkCcps,2678.0
108,0,pzcCDVmZ,TCBUGaZf,7874.0
108,0,oUmVLfUX,pzcCDVmZ,7874.0
108,0,fJdABIlw,oUmVLfUX,7874.0
108,0,mXwfazRz,fJdABIlw,8529.0
108,0,rBcVngYR,mXwfazRz,8611.0
108,0,NGAodVTg,rBcVngYR,9232.0
108,0,TvGyfQSI,NGAodVTg,9257.0
108,0,HFYkXdPG,TvGyfQSI,9315.0
108,0,KjgVoxgR,HFYkXdPG,9835.0
108,0,xTOrUJFO,KjgVoxgR,9654.0
108,0,EmkugZPX,xTOrUJFO,9404.0
458,0,rmVQyXvM,qGnNRXVR,31.0
458,0,lmdCTtOt,rmVQyXvM,31.0
458,0,ZENVichq,lmdCTtOt,31.0
458,0,ZQjUlkgz,ZENVichq,31.0
458,0,heyKMWAh,ZQjUlkgz,31.0
108,0,WdOwNGhj,xfbmoJHP,5040.0
108,0,kKKRBhFF,WdOwNGhj,5046.0
108,0,NFInfBeu,kKKRBhFF,5481.0
108,0,VCQdmIoF,NFInfBeu,5481.0
108,0,ePrpofUw,VCQdmIoF,5481.0
108,0,KcvPUxQg,ePrpofUw,6351.0
108,0,BlnSxBAr,KcvPUxQg,6434.0
108,0,TCBUGaZf,BlnSxBAr,6542.0
477,0,oeGMQkdJ,rDSiGFpR,1289.0
477,0,vkAUVqtk,oeGMQkdJ,1666.0
477,0,ifLglfbO,vkAUVqtk,1666.0
477,0,hgHcWJof,ifLglfbO,1666.0
477,0,vBGGqNND,hgHcWJof,1666.0
477,0,oFGeBzfg,vBGGqNND,1419.0
477,0,ZAvLUFLU,oFGeBzfg,1419.0
477,0,iBiVOFur,ZAvLUFLU,1419.0
477,0,AjJCgCBk,iBiVOFur,2035.0
457,0,suszCmcx,ojYgsDtJ,80.0
457,0,AHQzSmld,suszCmcx,80.0
457,0,lXxeIKQj,AHQzSmld,80.0
457,0,UWSJuCAz,lXxeIKQj,80.0
457,0,xfYjeqNM,UWSJuCAz,80.0
457,0,nrUfCQxz,xfYjeqNM,78.0
457,0,vJitwYAE,nrUfCQxz,43.0
457,0,iBiVOFur,vJitwYAE,43.0
457,0,SWnceHEw,iBiVOFur,43.0
457,0,AjJCgCBk,SWnceHEw,43.0
457,0,jFmPCmzM,AjJCgCBk,43.0
457,0,TrOiZJox,jFmPCmzM,43.0
457,0,fkZFUNSd,TrOiZJox,19.0
457,0,lTemnVVF,fkZFUNSd,19.0
457,0,pYVbvizw,lTemnVVF,19.0
457,0,vUKUaFbz,pYVbvizw,19.0
684,0,aIerxCRO,lxSUNwOi,1958.0
684,0,ZHaurlhr,aIerxCRO,1958.0
684,0,KMDYeUKg,ZHaurlhr,2032.0
684,0,FrlvFFoW,KMDYeUKg,1897.0
684,0,buBFkWue,FrlvFFoW,1910.0
684,0,gaeBmadp,buBFkWue,1963.0
684,0,CpnDMnJS,gaeBmadp,1963.0
684,0,fSmTHZJS,CpnDMnJS,1907.0
684,0,WSTcrrBn,fSmTHZJS,1464.0
684,0,mayUcTNe,WSTcrrBn,1449.0
684,0,DyPueDjA,mayUcTNe,1449.0
684,0,qMoZNsgo,DyPueDjA,1447.0
684,0,udNzSSji,qMoZNsgo,1447.0
684,0,uKKyuZyC,udNzSSji,1447.0
684,0,GhNbXpjs,uKKyuZyC,1435.0
1744,0,XAxmwtqw,aFlzccOO,4074.0
1744,0,ThGrfpxl,XAxmwtqw,4074.0
1744,0,TUpCuZAw,ThGrfpxl,3963.0
1744,0,HYfXIyFk,TUpCuZAw,3963.0
1744,0,oQvXmJfL,HYfXIyFk,3964.0
1744,0,yayPNqiY,oQvXmJfL,4138.0
1744,0,pOvHFZPM,yayPNqiY,4138.0
1744,0,hOGVczfj,pOvHFZPM,4328.0
1744,0,kXtCwJQx,hOGVczfj,4328.0
1744,0,UZvsWvxC,kXtCwJQx,4362.0
1744,0,Afgbwxue,UZvsWvxC,4316.0
1744,0,yHOAvGcL,Afgbwxue,4194.0
1744,0,AHQzSmld,yHOAvGcL,4637.0
1744,0,UWSJuCAz,AHQzSmld,4519.0
686,0,iBiVOFur,nrUfCQxz,2371.0
686,0,SWnceHEw,iBiVOFur,2152.0
686,0,AjJCgCBk,SWnceHEw,2151.0
686,0,wLUSsEhz,AjJCgCBk,2373.0
686,0,XHTcEfiO,wLUSsEhz,2352.0
686,0,izYvwhlO,XHTcEfiO,1366.0
686,0,DvUXLssj,izYvwhlO,1149.0
686,0,womqVgRl,DvUXLssj,1149.0
684,0,biJBLznK,UfJDroVz,327.0
684,0,TcsyXYNn,biJBLznK,327.0
684,0,qKeCDDXI,TcsyXYNn,327.0
684,0,YmkUpvHU,qKeCDDXI,964.0
684,0,GbYxEXTt,YmkUpvHU,1350.0
684,0,DOGyniWl,GbYxEXTt,1350.0
684,0,fubLBmAl,DOGyniWl,1458.0
684,0,nEXpIbiD,fubLBmAl,1458.0
684,0,eTJQHplR,nEXpIbiD,1463.0
684,0,vrgENeuF,eTJQHplR,1727.0
684,0,lxSUNwOi,vrgENeuF,1900.0
684,0,QontmjvH,JIllbhjr,185.0
684,0,oBtsEQRM,QontmjvH,185.0
684,0,UFoaQvGg,oBtsEQRM,216.0
684,0,uxsctOEt,UFoaQvGg,216.0
684,0,UfJDroVz,uxsctOEt,220.0
1744,0,DYvQviUy,RfEbENxd,3626.0
1744,0,aFlzccOO,DYvQviUy,3796.0
1744,0,RfEbENxd,jQaLNViL,2320.0
1296,0,BLvXEzeq,gzTQJVMW,5654.0
1296,0,AoRkaUmb,BLvXEzeq,5739.0
1296,0,ALhaazBT,AoRkaUmb,5739.0
1296,0,YqlTLIQa,ALhaazBT,6139.0
1296,0,AUmOMGnp,YqlTLIQa,6139.0
1296,0,ejMjPdTH,AUmOMGnp,6181.0
1296,0,eaNsVWDR,ejMjPdTH,6525.0
1296,0,ywuGpANM,eaNsVWDR,7850.0
1296,0,BZCtSmhk,ywuGpANM,8563.0
365,0,DgYBMgPg,mhsyTQmZ,2877.0
365,0,yjQwxGED,DgYBMgPg,1127.0
365,0,KPcRWbGT,yjQwxGED,1127.0
365,0,uGRyXcfW,KPcRWbGT,1127.0
365,0,HlhFjJtZ,uGRyXcfW,1127.0
365,0,ALhaazBT,HlhFjJtZ,1127.0
365,0,YqlTLIQa,ALhaazBT,999.0
365,0,AUmOMGnp,YqlTLIQa,999.0
365,0,SVPLEqNI,AUmOMGnp,992.0
365,0,ejMjPdTH,SVPLEqNI,364.0
365,0,CKorGRkE,ejMjPdTH,246.0
365,0,eaNsVWDR,CKorGRkE,246.0
365,0,hpACGGyB,eaNsVWDR,246.0
365,0,VgUdLlOW,hpACGGyB,246.0
365,0,ywuGpANM,VgUdLlOW,246.0
365,0,BZCtSmhk,ywuGpANM,160.0
365,0,aojHvPEg,BZCtSmhk,160.0
365,0,qeXIqBgp,aojHvPEg,160.0
365,0,gmsNDepi,qeXIqBgp,160.0
365,0,jFRqfnFl,gmsNDepi,160.0
365,0,ysSWNERo,jFRqfnFl,156.0
1296,0,gzTQJVMW,RVEyrwjR,5115.0
367,0,GbYxEXTt,YmkUpvHU,2555.0
367,0,DOGyniWl,GbYxEXTt,1390.0
367,0,fubLBmAl,DOGyniWl,1386.0
367,0,nEXpIbiD,fubLBmAl,1269.0
367,0,eTJQHplR,nEXpIbiD,1269.0
1558,0,GbYxEXTt,YmkUpvHU,428.0
1558,0,ItndWSiW,GbYxEXTt,402.0
1558,0,DOGyniWl,ItndWSiW,347.0
1558,0,fubLBmAl,DOGyniWl,347.0
1558,0,nEXpIbiD,fubLBmAl,347.0
1558,0,eTJQHplR,nEXpIbiD,347.0
673,0,bgWfLree,DsuTXcIa,1299.0
673,0,nUYnioIh,bgWfLree,1299.0
673,0,UAkhVpHN,nUYnioIh,1299.0
673,0,EvIZgaUF,UAkhVpHN,1299.0
673,0,mGgwEHaG,EvIZgaUF,1278.0
673,0,DWuGRWkF,mGgwEHaG,1257.0
673,0,ryMrZCSE,DWuGRWkF,1144.0
673,0,fRxWIrbs,ryMrZCSE,679.0
673,0,sKbmdUEJ,fRxWIrbs,679.0
673,0,zWeVnnxO,sKbmdUEJ,679.0
673,0,kXofjcRp,zWeVnnxO,679.0
673,0,mCHzTQKa,kXofjcRp,487.0
673,0,VCDwRKse,mCHzTQKa,487.0
673,0,lZYsrfVZ,VCDwRKse,487.0
673,0,eOdwAkBF,ydoNqUsu,1307.0
673,0,FDCDnriY,eOdwAkBF,1304.0
673,0,DsuTXcIa,FDCDnriY,1503.0
673,0,enOsQere,LPBTmxgF,474.0
673,0,ydoNqUsu,enOsQere,474.0
481,0,JGbfxLUL,KQSHMGnw,1077.0
481,0,IjwLXBRx,JGbfxLUL,1077.0
481,0,YmbmpLps,IjwLXBRx,1077.0
481,0,nJRBvlcT,YmbmpLps,1162.0
481,0,IkxLwyxa,nJRBvlcT,1422.0
1125,0,yRjqmRuq,BsRMZbGV,506.0
1125,0,pTTspriv,yRjqmRuq,506.0
523,0,CorDNIJt,zdEUiAFY,2049.0
1198,0,yjunmuoE,IvQQZbJW,536.0
1198,0,ljAgYLSe,yjunmuoE,536.0
1198,0,dTWbWYya,ljAgYLSe,520.0
1198,0,CorDNIJt,dTWbWYya,520.0
584,0,vMBlttbG,LRmPOeoe,746.0
584,0,zdEUiAFY,vMBlttbG,746.0
584,0,CorDNIJt,zdEUiAFY,746.0
584,0,LciqyJfg,CorDNIJt,746.0
584,0,HTcmpFUD,LciqyJfg,746.0
523,0,LciqyJfg,CorDNIJt,1458.0
523,0,HTcmpFUD,LciqyJfg,1458.0
1198,0,LciqyJfg,CorDNIJt,519.0
1198,0,HTcmpFUD,LciqyJfg,519.0
1198,0,IvQQZbJW,lxBswvKX,512.0
178,0,TCMQvOqy,NmilzqZp,997.0
178,0,JyqrAKLu,TCMQvOqy,997.0
178,0,XxhwFmzZ,JyqrAKLu,997.0
178,0,sonNAVmZ,XxhwFmzZ,993.0
178,0,aWeAvoyP,sonNAVmZ,1060.0
178,0,exnIZrMP,aWeAvoyP,1060.0
178,0,KhRPPFUf,exnIZrMP,1040.0
178,0,zoqWMrrO,KhRPPFUf,1040.0
178,0,WSMobtPt,zoqWMrrO,1040.0
178,0,ClDeGdta,WSMobtPt,1040.0
1198,0,dBTDkDZt,gOJphFVT,2197.0
1198,0,tldUULAx,dBTDkDZt,2861.0
1198,0,lQHWhrGj,tldUULAx,2921.0
1198,0,OOOhsNkv,lQHWhrGj,2921.0
1198,0,CgcphXSb,OOOhsNkv,2921.0
1198,0,texSWQet,CgcphXSb,2921.0
1198,0,lxBswvKX,texSWQet,1390.0
187,0,AszcEtOu,BpAiVnps,1051.0
187,0,TCqyxHhF,AszcEtOu,1334.0
187,0,BHzRSlej,TCqyxHhF,1334.0
187,0,TcEVvOUM,BHzRSlej,1416.0
187,0,qGnNRXVR,TcEVvOUM,1416.0
187,0,ouPwTbuD,qGnNRXVR,1413.0
187,0,MwLdaJul,ouPwTbuD,1416.0
187,0,yjunmuoE,IvQQZbJW,299.0
187,0,ljAgYLSe,yjunmuoE,299.0
187,0,dTWbWYya,ljAgYLSe,299.0
187,0,CorDNIJt,dTWbWYya,299.0
187,0,LciqyJfg,CorDNIJt,299.0
187,0,HTcmpFUD,LciqyJfg,299.0
1662,0,XGJiqzLW,xSynUqPV,282.0
990,0,gmiMCrrb,EdJUuxct,6100.0
186,0,OeKkfJSz,HTcmpFUD,695.0
186,0,FZjXRNIl,OeKkfJSz,695.0
186,0,wHSBMatn,FZjXRNIl,695.0
186,0,pbVrXoGi,wHSBMatn,695.0
186,0,GuhaYkFL,pbVrXoGi,705.0
186,0,EdJUuxct,GuhaYkFL,705.0
186,0,gmiMCrrb,EdJUuxct,581.0
1689,0,oizEKkjz,YyUbakrH,140.0
1689,0,wqmVlyfa,oizEKkjz,133.0
1689,0,JvDZYJph,wqmVlyfa,133.0
1689,0,gdbAGAQU,JvDZYJph,124.0
1689,0,tBgOcvQf,gdbAGAQU,124.0
178,0,PYzwbgep,cZBPdCTc,593.0
178,0,wtyUxRkq,PYzwbgep,597.0
178,0,VXthmpcS,wtyUxRkq,723.0
178,0,xuEvBBdE,VXthmpcS,724.0
178,0,rAizOLWV,xuEvBBdE,724.0
178,0,JdZarNsv,rAizOLWV,723.0
178,0,NmilzqZp,JdZarNsv,723.0
295,0,KMLNQwjh,YxUFlvZH,290.0
295,0,aDaRCcaB,KMLNQwjh,290.0
295,0,dQYZBhGJ,aDaRCcaB,290.0
295,0,iFderoVa,dQYZBhGJ,290.0
295,0,GQmprOhw,iFderoVa,290.0
295,0,aWeAvoyP,GQmprOhw,293.0
295,0,exnIZrMP,aWeAvoyP,293.0
295,0,WSMobtPt,exnIZrMP,293.0
295,0,AvILYntX,WSMobtPt,317.0
295,0,BGAyznqC,AvILYntX,321.0
295,0,PUIIuxlM,BGAyznqC,321.0
295,0,bEuFbYIx,PUIIuxlM,321.0
295,0,ZCsEtuOb,bEuFbYIx,323.0
295,0,kEQqRNXv,ZCsEtuOb,420.0
295,0,NfeOUEsA,kEQqRNXv,420.0
295,0,gdbAGAQU,NfeOUEsA,575.0
295,0,ANpclgWP,gdbAGAQU,575.0
295,0,LWqTSxPr,ANpclgWP,538.0
295,0,tBgOcvQf,LWqTSxPr,538.0
178,0,PeYVqHeF,DJkAcxlA,445.0
178,0,cRLBVFvQ,PeYVqHeF,445.0
178,0,DacXSoOC,cRLBVFvQ,492.0
178,0,vTErLEZz,DacXSoOC,492.0
178,0,cZBPdCTc,vTErLEZz,558.0
295,0,KwXNMHkb,UxPxrYmy,248.0
295,0,YxUFlvZH,KwXNMHkb,248.0
178,0,hZxMsAHQ,WgelRheP,358.0
178,0,DJkAcxlA,hZxMsAHQ,358.0
626,0,XCXPEDQh,MBttAlCW,417.0
626,0,FXyPWyvF,XCXPEDQh,417.0
626,0,yLDzmulm,FXyPWyvF,417.0
626,0,JzObVOMG,yLDzmulm,462.0
626,0,dwQybScW,JzObVOMG,462.0
626,0,WgelRheP,dwQybScW,462.0
1064,0,AGDZrVfo,IWkYeNgA,2184.0
1064,0,INegqJKU,AGDZrVfo,2360.0
1064,0,xokKvraT,INegqJKU,2334.0
1064,0,HaSZVkzu,xokKvraT,2334.0
1064,0,yjaYbUGq,HaSZVkzu,2334.0
1064,0,LbyQgJih,yjaYbUGq,2334.0
1064,0,FPXdCAOW,LbyQgJih,2334.0
1064,0,ouHKxPGS,FPXdCAOW,2334.0
1064,0,GEijdcGW,ouHKxPGS,2332.0
1064,0,MKKzwAOv,GEijdcGW,2332.0
1064,0,mhDCqtpx,MKKzwAOv,2330.0
1064,0,TJDsQDoO,mhDCqtpx,2330.0
1064,0,yTictHOU,TJDsQDoO,2316.0
1064,0,illGQStO,yTictHOU,2316.0
1064,0,AUrIxxcC,illGQStO,2316.0
1064,0,zqZasXpA,AUrIxxcC,2315.0
1064,0,EYGEAZtD,zqZasXpA,2315.0
1064,0,AJLJQqsT,EYGEAZtD,2315.0
1064,0,NCSBLEus,AJLJQqsT,2315.0
1064,0,xfbmoJHP,NCSBLEus,2179.0
1064,0,WdOwNGhj,xfbmoJHP,1307.0
1064,0,kKKRBhFF,WdOwNGhj,1128.0
1064,0,NFInfBeu,kKKRBhFF,1128.0
1064,0,VCQdmIoF,NFInfBeu,1128.0
1064,0,ePrpofUw,VCQdmIoF,1128.0
1064,0,KcvPUxQg,ePrpofUw,1128.0
1064,0,BlnSxBAr,KcvPUxQg,1128.0
1064,0,TCBUGaZf,BlnSxBAr,1128.0
1064,0,pzcCDVmZ,TCBUGaZf,1.0
1064,0,AUBTKFbY,pzcCDVmZ,1.0
1064,0,fjevhefZ,AUBTKFbY,1.0
1064,0,vyQyYYqJ,fjevhefZ,1.0
1064,0,lxBswvKX,vyQyYYqJ,1.0
295,0,hqOmlOIp,RrhmmPMm,159.0
295,0,qJgsxHch,hqOmlOIp,159.0
295,0,lxplrluY,qJgsxHch,159.0
295,0,zTJYYUap,lxplrluY,159.0
295,0,UxPxrYmy,zTJYYUap,159.0
295,0,YxYhlArE,NqSePdAx,120.0
295,0,sAswhpJr,YxYhlArE,120.0
295,0,VyHGAkTo,sAswhpJr,120.0
295,0,RrhmmPMm,VyHGAkTo,120.0
295,0,sceVWPKZ,dvaPHMux,79.0
295,0,NqSePdAx,sceVWPKZ,79.0
214,0,ydoNqUsu,OyNIynZV,660.0
214,0,yYSDLmlm,ydoNqUsu,864.0
712,0,LVcdwgEp,ubzklVlS,3008.0
712,0,xTOrUJFO,LVcdwgEp,2138.0
1567,0,UgpyjFML,tzYrVhKO,7266.0
46,0,QpprBOSr,SOVcCDqR,7710.0
46,0,Plxavose,QpprBOSr,7188.0
46,0,CpULuhdq,Plxavose,6635.0
46,0,tJbXQuOE,CpULuhdq,6635.0
46,0,dAjqsFfg,tJbXQuOE,5099.0
46,0,vizUtPmY,dAjqsFfg,5099.0
46,0,fytASSfG,vizUtPmY,5006.0
46,0,kFSxtGUW,fytASSfG,5006.0
46,0,ULMVzkWs,kFSxtGUW,4911.0
46,0,ZNjvBYak,ULMVzkWs,4911.0
46,0,wPeqfEci,ZNjvBYak,4747.0
46,0,MjMDaXaP,wPeqfEci,4747.0
46,0,OGoFbxUJ,MjMDaXaP,4747.0
46,0,XNUmFqNT,OGoFbxUJ,4747.0
46,0,hSdNxZqe,XNUmFqNT,4632.0
1180,0,RFLUsFpq,apOzgzFy,5725.0
1180,0,NRaiNGwl,RFLUsFpq,5725.0
1180,0,dgLtpUgu,NRaiNGwl,5741.0
1180,0,GJEXlFdt,dgLtpUgu,5831.0
1180,0,VMzKgUSR,GJEXlFdt,5965.0
1180,0,BJDTCJYP,VMzKgUSR,5965.0
1180,0,gyedwqXM,BJDTCJYP,5965.0
1180,0,LYitljhu,gyedwqXM,5965.0
1180,0,UhAwQaaX,LYitljhu,5965.0
1180,0,LOIXCDqJ,UhAwQaaX,5965.0
1180,0,FldHcjZC,LOIXCDqJ,5836.0
1180,0,qNiTyrkl,FldHcjZC,4926.0
1180,0,waZdIIZY,qNiTyrkl,4926.0
1180,0,eiOwifcC,waZdIIZY,4926.0
1180,0,vacPrbQA,eiOwifcC,4864.0
1408,0,SUVVzOYC,cThdGxLv,281.0
1408,0,dAxtDTje,SUVVzOYC,899.0
1408,0,aunBMooM,dAxtDTje,899.0
1408,0,KGIBfEut,aunBMooM,899.0
1408,0,kiTgZeoH,KGIBfEut,899.0
657,0,TsaeiIGv,EkWBPXmr,3771.0
657,0,OsBkWRQx,TsaeiIGv,3830.0
657,0,udlIzhJE,OsBkWRQx,3830.0
657,0,DeduXMzE,udlIzhJE,3830.0
657,0,GXHjZCTL,DeduXMzE,3830.0
657,0,yolIeCeg,GXHjZCTL,3830.0
657,0,zGyJMIkT,yolIeCeg,3854.0
657,0,YbVmHVTt,zGyJMIkT,5227.0
657,0,ZlnerNQG,YbVmHVTt,5227.0
657,0,FVWAEAei,ZlnerNQG,5227.0
657,0,gVtshwcF,FVWAEAei,5232.0
657,0,LmhVzFNJ,gVtshwcF,5350.0
657,0,CmbQeSBI,LmhVzFNJ,5350.0
657,0,RVyaKvKa,CmbQeSBI,5350.0
657,0,ymMncFZF,RVyaKvKa,5350.0
657,0,OnjVGLlO,ymMncFZF,5350.0
657,0,QKdRzNnX,OnjVGLlO,5350.0
657,0,EQSFTfWT,QKdRzNnX,5437.0
657,0,pHgJPiEB,EQSFTfWT,5437.0
657,0,jLGvGvQf,pHgJPiEB,5437.0
657,0,issQYORv,jLGvGvQf,5437.0
657,0,mgIvIqkL,issQYORv,5539.0
657,0,MdBywaSB,mgIvIqkL,5539.0
173,0,FXuJEVFo,PspudWCJ,1337.0
173,0,qCZHeqZn,FXuJEVFo,1280.0
658,0,qkTCgKXX,YoEMZEcq,1.0
658,0,XjSQdTLS,qkTCgKXX,1.0
658,0,dKSFzIqs,XjSQdTLS,1.0
916,0,czDOARXC,CyecXZGv,240.0
916,0,MjfuEiNR,czDOARXC,240.0
916,0,sdZgyTvj,MjfuEiNR,240.0
916,0,vcrPzYoe,sdZgyTvj,240.0
916,0,umgwnivO,vcrPzYoe,240.0
916,0,TuCFhCoF,umgwnivO,255.0
916,0,NnDAWHCn,TuCFhCoF,255.0
916,0,Kssiavoh,NnDAWHCn,260.0
916,0,pAoOtqpU,Kssiavoh,260.0
916,0,iKWenAnt,pAoOtqpU,262.0
916,0,oSDoGnju,iKWenAnt,267.0
916,0,efsWTgFW,oSDoGnju,268.0
916,0,csuoPXTA,efsWTgFW,268.0
916,0,NOXvlGiG,csuoPXTA,268.0
916,0,WoPCDSeI,NOXvlGiG,268.0
916,0,ZVaoBYIn,WoPCDSeI,268.0
916,0,KKHFrKGl,ZVaoBYIn,268.0
916,0,Erqjkxzk,KKHFrKGl,238.0
916,0,ltPLChrK,Erqjkxzk,238.0
916,0,FwvYcAgk,ltPLChrK,238.0
916,0,mgDGiHEE,FwvYcAgk,238.0
916,0,dQOncjgh,mgDGiHEE,238.0
916,0,QiaFfhxS,dQOncjgh,238.0
916,0,rilNZKmg,QiaFfhxS,238.0
916,0,MgfOYJbA,rilNZKmg,237.0
916,0,qIuTLVvj,MgfOYJbA,237.0
916,0,spmlaYUs,qIuTLVvj,237.0
916,0,qqDoWQdv,spmlaYUs,237.0
916,0,eymgjBxV,qqDoWQdv,206.0
916,0,EonJeQKz,eymgjBxV,206.0
916,0,vkWqgNph,EonJeQKz,206.0
916,0,nJRQzVZQ,vkWqgNph,206.0
916,0,xunvufHj,nJRQzVZQ,206.0
916,0,rxrORjnb,xunvufHj,206.0
916,0,UVDfwOgc,rxrORjnb,206.0
916,0,TJDsQDoO,UVDfwOgc,206.0
916,0,yTictHOU,TJDsQDoO,206.0
916,0,sTaleXyI,yTictHOU,206.0
916,0,illGQStO,sTaleXyI,206.0
916,0,AUrIxxcC,illGQStO,206.0
916,0,zqZasXpA,AUrIxxcC,206.0
916,0,EYGEAZtD,zqZasXpA,206.0
916,0,AJLJQqsT,EYGEAZtD,206.0
916,0,NCSBLEus,AJLJQqsT,206.0
916,0,xfbmoJHP,NCSBLEus,198.0
1532,0,FUctipSE,IvXmMOhB,2214.0
1750,0,GTWLqqnN,JafVjQhg,1584.0
1750,0,wefAcLKj,GTWLqqnN,1604.0
1750,0,XHLHCkqn,wefAcLKj,1597.0
736,0,NxbXiMUL,MyGqmywG,7085.0
491,0,lctVuVOk,QnkNgkDL,3130.0
491,0,wOZIcmuB,lctVuVOk,3128.0
600,0,wihERHzN,uiYVYPQX,18.0
227,0,jkmSVBKz,QkCkRebE,733.0
227,0,XwcxmOai,jkmSVBKz,733.0
711,0,qGnNRXVR,TcEVvOUM,2299.0
711,0,ouPwTbuD,qGnNRXVR,2253.0
711,0,LPldZjRa,ouPwTbuD,2504.0
594,0,ZaRNMBdT,nxJXVeix,538.0
594,0,KwyfuOzT,ZaRNMBdT,538.0
594,0,grMhZquG,KwyfuOzT,482.0
1174,0,bciZjPUu,MVExtcyL,2257.0
1174,0,ogOCBKAf,bciZjPUu,2171.0
1407,0,rXoVyCYO,KuTZBRNJ,663.0
1407,0,gdHaMUeX,rXoVyCYO,663.0
1407,0,vhHLNRbD,gdHaMUeX,663.0
1407,0,lWiTdhQk,vhHLNRbD,1885.0
1407,0,kYxNkIzH,lWiTdhQk,1928.0
1407,0,nUxocPjZ,kYxNkIzH,1846.0
1407,0,WmvRfciC,nUxocPjZ,1832.0
1407,0,saptMzFY,WmvRfciC,1832.0
1407,0,YxAufxIm,saptMzFY,1897.0
1407,0,UFFAxqtN,YxAufxIm,1897.0
1407,0,cOTHHVzh,UFFAxqtN,1897.0
1407,0,sjfoFmFj,cOTHHVzh,1255.0
1407,0,WjGJosho,sjfoFmFj,1255.0
16,0,GfBReROC,OxhtFIfA,4754.0
16,0,CLjYTiBy,GfBReROC,4754.0
272,0,fumBmOZX,ogrZorIF,3755.0
272,0,CLjYTiBy,fumBmOZX,3755.0
1245,0,CEyhPnMH,OQRQrPoA,432.0
1245,0,ogrZorIF,CEyhPnMH,432.0
1245,0,fumBmOZX,ogrZorIF,432.0
1245,0,CLjYTiBy,fumBmOZX,432.0
14,0,EtvjcvTp,CKNrjFUU,29.0
264,0,CLjYTiBy,fumBmOZX,913.0
1193,0,QaQvGPmN,yRpreQRc,984.0
1193,0,HNYicgCh,QaQvGPmN,953.0
1193,0,RVNzMGgw,HNYicgCh,905.0
1193,0,PqoYMtMO,RVNzMGgw,905.0
971,0,dKSFzIqs,XjSQdTLS,32.0
1120,0,FvRjKBvU,TJeJnSDd,89.0
1120,0,wuQzPlvL,FvRjKBvU,98.0
1120,0,NacgxEEi,wuQzPlvL,98.0
1120,0,ZbMvdFLw,NacgxEEi,98.0
1120,0,JUGtNdnF,ZbMvdFLw,98.0
1120,0,buTfkkhk,JUGtNdnF,98.0
1120,0,rwLqimtK,buTfkkhk,99.0
1120,0,LpwxWatG,rwLqimtK,99.0
1120,0,FbaONibz,LpwxWatG,99.0
1120,0,QImdosgy,FbaONibz,104.0
1120,0,KmBpjqPf,QImdosgy,110.0
1120,0,BCGYYxEK,KmBpjqPf,103.0
1120,0,Tjttdgfb,BCGYYxEK,103.0
1120,0,kOphzTYx,Tjttdgfb,103.0
1120,0,OqLLMkKT,kOphzTYx,103.0
1120,0,SbpvwGMk,OqLLMkKT,103.0
1120,0,twlXtIzd,SbpvwGMk,103.0
1120,0,dyfuQNKH,twlXtIzd,103.0
1120,0,nJqXilaA,dyfuQNKH,103.0
1120,0,tMAJjHeh,nJqXilaA,103.0
1120,0,LurStVaw,tMAJjHeh,103.0
1120,0,YmJRiEgw,LurStVaw,122.0
1120,0,TmUkjEUt,YmJRiEgw,122.0
1120,0,kIKddsaQ,TmUkjEUt,122.0
1120,0,NqSePdAx,kIKddsaQ,122.0
1120,0,YxYhlArE,NqSePdAx,122.0
1120,0,sAswhpJr,YxYhlArE,122.0
1120,0,VyHGAkTo,sAswhpJr,122.0
1120,0,RrhmmPMm,VyHGAkTo,122.0
1120,0,hqOmlOIp,RrhmmPMm,102.0
1120,0,qJgsxHch,hqOmlOIp,102.0
1120,0,lxplrluY,qJgsxHch,102.0
1120,0,zTJYYUap,lxplrluY,102.0
1120,0,UxPxrYmy,zTJYYUap,102.0
1120,0,ZfNDFPcl,UxPxrYmy,101.0
1120,0,KwXNMHkb,ZfNDFPcl,101.0
1120,0,YxUFlvZH,KwXNMHkb,101.0
1120,0,KMLNQwjh,YxUFlvZH,92.0
1120,0,aDaRCcaB,KMLNQwjh,92.0
1120,0,dQYZBhGJ,aDaRCcaB,90.0
1120,0,iFderoVa,dQYZBhGJ,90.0
1120,0,GQmprOhw,iFderoVa,90.0
1120,0,CbblRkaH,GQmprOhw,82.0
1120,0,BldTZUAI,CbblRkaH,82.0
1120,0,nBYHMnkU,BldTZUAI,82.0
657,0,UscCtYui,MdBywaSB,586.0
1703,0,zAAHYQhY,uSOMnpdQ,107.0
1703,0,jUhOGaww,zAAHYQhY,88.0
1703,0,CZhqrbpp,jUhOGaww,88.0
1703,0,BYVXItej,CZhqrbpp,88.0
1703,0,eEFiMPzB,BYVXItej,88.0
1703,0,rQuvSvCO,eEFiMPzB,88.0
1703,0,MpPYcjVn,rQuvSvCO,88.0
1703,0,DewKhksr,MpPYcjVn,88.0
1703,0,vqGhvZJF,DewKhksr,88.0
1703,0,XMWgellz,vqGhvZJF,88.0
272,0,NuwmOhpA,CLjYTiBy,3633.0
729,0,jisQZBDs,mXosqjnx,47.0
729,0,NcoWExwJ,jisQZBDs,2.0
729,0,hygBouPP,NcoWExwJ,2.0
729,0,iPzquFzR,hygBouPP,2.0
729,0,ODNKqRCQ,iPzquFzR,2.0
729,0,ZTCNsviV,ODNKqRCQ,2.0
729,0,GBYHqHQO,ZTCNsviV,2.0
729,0,lBjlyorh,GBYHqHQO,2.0
729,0,apwTQKga,lBjlyorh,2.0
729,0,XNHVHmHa,apwTQKga,2.0
729,0,vGqwislq,XNHVHmHa,2.0
729,0,AwLiWVdI,vGqwislq,2.0
729,0,XBhuaxff,AwLiWVdI,2.0
729,0,ZkIfwknW,XBhuaxff,2.0
729,0,LjPncvCg,ZkIfwknW,2.0
729,0,cYHkZUeY,LjPncvCg,2.0
729,0,JjkwBsaR,cYHkZUeY,2.0
729,0,xWKOjfGB,JjkwBsaR,2.0
729,0,zrJLwXnk,xWKOjfGB,2.0
729,0,LUpTnILf,zrJLwXnk,2.0
729,0,qezgFtTe,LUpTnILf,2.0
729,0,EtAJJbBW,qezgFtTe,2.0
729,0,uPlQduWZ,EtAJJbBW,2.0
729,0,GZZaPhbw,uPlQduWZ,2.0
729,0,EwdOCOAF,GZZaPhbw,2.0
729,0,QGNcLOop,EwdOCOAF,2.0
626,0,GfBReROC,zXtHnUiq,1924.0
626,0,AjXddPle,GfBReROC,1924.0
973,0,CLjYTiBy,fumBmOZX,2349.0
973,0,NuwmOhpA,CLjYTiBy,2410.0
970,0,CEyhPnMH,OQRQrPoA,50.0
970,0,ogrZorIF,CEyhPnMH,50.0
970,0,fumBmOZX,ogrZorIF,50.0
970,0,CLjYTiBy,fumBmOZX,50.0
970,0,NuwmOhpA,CLjYTiBy,50.0
16,0,NuwmOhpA,CLjYTiBy,3896.0
264,0,NuwmOhpA,CLjYTiBy,885.0
483,0,CEyhPnMH,OQRQrPoA,67.0
483,0,ogrZorIF,CEyhPnMH,67.0
483,0,fumBmOZX,ogrZorIF,67.0
483,0,CLjYTiBy,fumBmOZX,67.0
483,0,NuwmOhpA,CLjYTiBy,67.0
821,0,LjhqQBRt,FgbDpeSh,372.0
821,0,HdFJhFPb,LjhqQBRt,395.0
821,0,BUdgWiYp,HdFJhFPb,395.0
821,0,uYhYmSwb,BUdgWiYp,408.0
821,0,wcUGKfLa,uYhYmSwb,408.0
821,0,ZJxogzZw,wcUGKfLa,247.0
821,0,Uacajbua,ZJxogzZw,247.0
821,0,ZLCIvgrp,Uacajbua,247.0
821,0,ucVTqZIB,ZLCIvgrp,247.0
821,0,FDrhtNjK,ucVTqZIB,247.0
821,0,YVGWiGkc,FDrhtNjK,247.0
821,0,CqPWXNIf,YVGWiGkc,247.0
821,0,iZfXNAue,CqPWXNIf,244.0
821,0,OXvlrfnG,iZfXNAue,175.0
821,0,CgMBzfIg,OXvlrfnG,167.0
821,0,BCwVkMhO,CgMBzfIg,167.0
821,0,MpBHVRZl,BCwVkMhO,167.0
821,0,BWKNZpmt,MpBHVRZl,58.0
821,0,hMBIVszx,BWKNZpmt,58.0
821,0,JgVaSAtG,hMBIVszx,58.0
821,0,QyfZGsFT,JgVaSAtG,57.0
821,0,selTNsQi,QyfZGsFT,57.0
821,0,SfBAqteg,selTNsQi,57.0
821,0,obGcbWvT,SfBAqteg,57.0
821,0,wssOAckJ,obGcbWvT,52.0
821,0,zzxlwhdI,wssOAckJ,52.0
821,0,SEcoeimf,zzxlwhdI,24.0
821,0,fzmnvqlX,SEcoeimf,21.0
821,0,RyhuDLev,fzmnvqlX,21.0
821,0,KnIeolpt,RyhuDLev,21.0
821,0,GMrJWgHs,KnIeolpt,21.0
821,0,tTjpyeuP,GMrJWgHs,21.0
821,0,elxmPCDf,tTjpyeuP,21.0
821,0,tcbhlVZo,elxmPCDf,21.0
821,0,ZqBGCTqq,tcbhlVZo,20.0
821,0,HxnLIWQq,ZqBGCTqq,14.0
821,0,wqGWmwVd,HxnLIWQq,14.0
821,0,ACkvbmee,wqGWmwVd,14.0
821,0,FtWuEuzF,ACkvbmee,14.0
821,0,RtTLxXUv,FtWuEuzF,14.0
821,0,JGydtICe,RtTLxXUv,14.0
821,0,xbhuXgnr,JGydtICe,14.0
821,0,zjGRmLyo,xbhuXgnr,14.0
821,0,EXTmTMKf,zjGRmLyo,14.0
821,0,yfIoPTHo,EXTmTMKf,14.0
821,0,GnOurcjN,yfIoPTHo,14.0
821,0,vHkAlmCm,GnOurcjN,14.0
821,0,WynPMslR,vHkAlmCm,14.0
821,0,jQaLNViL,WynPMslR,14.0
319,0,ZrWksDco,kYpOneyC,1.0
319,0,SNVRXPiu,ZrWksDco,3.0
319,0,NzFpkpXH,SNVRXPiu,3.0
319,0,EVcIyerQ,NzFpkpXH,3.0
319,0,dEEWjOTq,EVcIyerQ,3.0
319,0,UlOflIKh,dEEWjOTq,3.0
319,0,cHhWsWUg,UlOflIKh,341.0
319,0,nPkrzCty,cHhWsWUg,341.0
973,0,EXHVDpee,NuwmOhpA,2053.0
973,0,NkWMDpBL,EXHVDpee,2101.0
16,0,EXHVDpee,NuwmOhpA,3393.0
16,0,NkWMDpBL,EXHVDpee,3266.0
272,0,EXHVDpee,NuwmOhpA,2326.0
272,0,NkWMDpBL,EXHVDpee,2325.0
264,0,EXHVDpee,NuwmOhpA,627.0
264,0,NkWMDpBL,EXHVDpee,627.0
657,0,cNHGbHfW,UscCtYui,491.0
1193,0,OoNwiPDT,gmiMCrrb,1823.0
1193,0,ftvNhZKM,OoNwiPDT,1822.0
1193,0,KLTxOJqh,ftvNhZKM,1855.0
1193,0,IURTQlCB,KLTxOJqh,1855.0
1193,0,tWpVdCtj,ArHpJhVJ,1059.0
1193,0,EdJUuxct,tWpVdCtj,1133.0
1193,0,gmiMCrrb,EdJUuxct,1259.0
1690,0,RQiSRtZp,bCOJrgoA,55.0
1690,0,lQHWhrGj,RQiSRtZp,60.0
1690,0,OOOhsNkv,lQHWhrGj,60.0
1690,0,CgcphXSb,OOOhsNkv,60.0
1690,0,texSWQet,CgcphXSb,60.0
1690,0,lxBswvKX,texSWQet,60.0
1690,0,KLTxOJqh,lxBswvKX,96.0
1690,0,idAQxYim,KLTxOJqh,96.0
174,0,AszcEtOu,BpAiVnps,141.0
174,0,TCqyxHhF,AszcEtOu,212.0
174,0,TcEVvOUM,TCqyxHhF,212.0
174,0,qGnNRXVR,TcEVvOUM,212.0
174,0,ouPwTbuD,qGnNRXVR,212.0
174,0,MwLdaJul,ouPwTbuD,215.0
174,0,QUMnpJQp,MwLdaJul,256.0
174,0,FyIjwLBj,QUMnpJQp,266.0
174,0,vXPGJwVk,FyIjwLBj,266.0
174,0,qzuHypgA,vXPGJwVk,266.0
174,0,KCMgfriT,qzuHypgA,268.0
174,0,hVMLOzME,KCMgfriT,317.0
174,0,TDvESTZN,hVMLOzME,317.0
174,0,sNuKvPuW,TDvESTZN,317.0
174,0,AUBTKFbY,sNuKvPuW,317.0
174,0,fjevhefZ,AUBTKFbY,330.0
174,0,vyQyYYqJ,fjevhefZ,330.0
174,0,ztLkgYlA,vyQyYYqJ,330.0
174,0,OoNwiPDT,ztLkgYlA,330.0
174,0,ftvNhZKM,OoNwiPDT,330.0
174,0,KLTxOJqh,ftvNhZKM,330.0
174,0,IURTQlCB,KLTxOJqh,330.0
621,0,DeduXMzE,udlIzhJE,180.0
621,0,GXHjZCTL,DeduXMzE,180.0
621,0,yolIeCeg,GXHjZCTL,180.0
621,0,ozAxYCwR,yolIeCeg,180.0
621,0,qdrjbHYS,ozAxYCwR,180.0
621,0,AKdDiXyV,qdrjbHYS,240.0
621,0,kZdBhxvo,AKdDiXyV,316.0
621,0,ZBkAAevT,kZdBhxvo,316.0
621,0,cMinRgYB,ZBkAAevT,316.0
621,0,LRmPOeoe,cMinRgYB,316.0
621,0,tBNXSyMW,LRmPOeoe,316.0
621,0,ArHpJhVJ,tBNXSyMW,319.0
621,0,tWpVdCtj,ArHpJhVJ,319.0
621,0,EdJUuxct,tWpVdCtj,319.0
621,0,gmiMCrrb,EdJUuxct,319.0
621,0,OoNwiPDT,gmiMCrrb,319.0
621,0,ftvNhZKM,OoNwiPDT,319.0
621,0,KLTxOJqh,ftvNhZKM,319.0
621,0,idAQxYim,KLTxOJqh,319.0
621,0,OsBkWRQx,TsaeiIGv,143.0
621,0,udlIzhJE,OsBkWRQx,143.0
1472,0,hxSTJhOz,rDSiGFpR,1705.0
1472,0,TShNRujB,hxSTJhOz,1705.0
1472,0,gzZgDndk,TShNRujB,63.0
621,0,TsaeiIGv,EkWBPXmr,57.0
621,0,ldInPGbn,idAQxYim,572.0
621,0,WGEhEMgb,ldInPGbn,822.0
621,0,WblAIghg,WGEhEMgb,822.0
621,0,yXfOYhmg,WblAIghg,822.0
973,0,RqfbhkOP,cNHGbHfW,2188.0
973,0,sUAChhLU,RqfbhkOP,2188.0
973,0,TCMQvOqy,sUAChhLU,1716.0
973,0,JyqrAKLu,TCMQvOqy,1700.0
973,0,XxhwFmzZ,JyqrAKLu,1708.0
973,0,GQmprOhw,XxhwFmzZ,1258.0
973,0,aWeAvoyP,GQmprOhw,763.0
973,0,exnIZrMP,aWeAvoyP,763.0
973,0,zoqWMrrO,exnIZrMP,773.0
973,0,WSMobtPt,zoqWMrrO,773.0
973,0,ClDeGdta,WSMobtPt,773.0
973,0,PqoYMtMO,ClDeGdta,69.0
170,0,EIcIoHUO,DULwephN,1303.0
170,0,JYRWJgVB,EIcIoHUO,1416.0
170,0,CFztBFJQ,JYRWJgVB,1418.0
1622,0,YstCZidS,qaJzTzwj,1808.0
1622,0,sHyVyxBf,YstCZidS,1808.0
1622,0,OGOfNBpR,sHyVyxBf,1800.0
1622,0,apZtGMSe,OGOfNBpR,1800.0
1622,0,busLwOKM,apZtGMSe,1818.0
1622,0,BRTaWOYs,busLwOKM,1818.0
1622,0,aYSqaQmJ,BRTaWOYs,1713.0
173,0,AszcEtOu,BpAiVnps,494.0
173,0,TCqyxHhF,AszcEtOu,591.0
173,0,TcEVvOUM,TCqyxHhF,642.0
173,0,qGnNRXVR,TcEVvOUM,643.0
173,0,ouPwTbuD,qGnNRXVR,643.0
173,0,MwLdaJul,ouPwTbuD,644.0
173,0,QUMnpJQp,MwLdaJul,720.0
173,0,FyIjwLBj,QUMnpJQp,757.0
173,0,vXPGJwVk,FyIjwLBj,757.0
173,0,qzuHypgA,vXPGJwVk,757.0
173,0,KCMgfriT,qzuHypgA,907.0
173,0,hVMLOzME,KCMgfriT,976.0
173,0,TDvESTZN,hVMLOzME,976.0
173,0,bDgEiJAh,TDvESTZN,1277.0
1506,0,cCSIoIah,gViLrCgA,7048.0
1506,0,DLdtTvFi,cCSIoIah,6951.0
1506,0,vRWSdFEN,DLdtTvFi,7042.0
1506,0,tDDddUJb,vRWSdFEN,9192.0
719,0,eusqYKWT,HezLsNFQ,1080.0
719,0,xOHMcnRu,eusqYKWT,565.0
626,0,RjboLjDb,AjXddPle,1922.0
626,0,FyJXToWe,RjboLjDb,1922.0
626,0,rINNylNh,FyJXToWe,1922.0
272,0,TurKlwMz,NkWMDpBL,2303.0
287,0,EkWBPXmr,zVYhNTdK,48.0
264,0,TurKlwMz,NkWMDpBL,590.0
1193,0,ojINhgSe,IURTQlCB,1662.0
1193,0,SiflCzMU,ojINhgSe,1662.0
174,0,ojINhgSe,IURTQlCB,217.0
452,0,QHFmFyLR,EkWBPXmr,1727.0
452,0,neNWquOh,QHFmFyLR,1727.0
452,0,KwaxxmSs,neNWquOh,1738.0
452,0,PSjGjQXK,KwaxxmSs,1745.0
452,0,FDPmqphv,PSjGjQXK,3698.0
452,0,aVjdmBcp,FDPmqphv,4045.0
452,0,nusTHAtB,aVjdmBcp,4045.0
452,0,isVKhOXG,nusTHAtB,4076.0
452,0,OWkTamRc,isVKhOXG,4134.0
452,0,RkIYOvZu,bvSKVAYv,6070.0
452,0,ygKQkAfU,RkIYOvZu,6070.0
452,0,blwWmPPo,ygKQkAfU,8383.0
452,0,GWhCmjED,blwWmPPo,9390.0
452,0,dYaEdzoO,GWhCmjED,9626.0
452,0,LoxEXWve,dYaEdzoO,9626.0
648,0,SYyDHHKq,IzsieVnc,1093.0
648,0,yzZGrKJL,SYyDHHKq,1093.0
648,0,qDeoslSZ,yzZGrKJL,1092.0
648,0,JovbzjVh,qDeoslSZ,559.0
648,0,dYaEdzoO,JovbzjVh,540.0
648,0,LoxEXWve,dYaEdzoO,540.0
1197,0,xMTUUeEc,gmiMCrrb,279.0
295,0,xMTUUeEc,tBgOcvQf,1209.0
295,0,jPryMrof,xMTUUeEc,1209.0
295,0,jkJwqjHm,jPryMrof,1209.0
295,0,jKMBgxbE,jkJwqjHm,1209.0
295,0,RQiSRtZp,jKMBgxbE,1209.0
295,0,SoCzlzVw,RQiSRtZp,1203.0
295,0,hLEWSLqw,SoCzlzVw,1203.0
615,0,OGJVNXKe,ccqsUPnI,1390.0
615,0,hfsVeMMa,OGJVNXKe,1278.0
615,0,isVKhOXG,hfsVeMMa,976.0
615,0,OWkTamRc,isVKhOXG,976.0
615,0,pHNyFRmN,OWkTamRc,976.0
615,0,SMriOOgF,pHNyFRmN,976.0
615,0,vISVJoyz,SMriOOgF,976.0
615,0,RHWjHSWx,vISVJoyz,976.0
615,0,VpmqCJUB,RHWjHSWx,577.0
615,0,mWygMrMb,VpmqCJUB,577.0
615,0,dulnZXnF,mWygMrMb,577.0
615,0,RkIYOvZu,dulnZXnF,577.0
615,0,ygKQkAfU,RkIYOvZu,577.0
615,0,blwWmPPo,ygKQkAfU,469.0
615,0,GWhCmjED,blwWmPPo,469.0
615,0,dYaEdzoO,GWhCmjED,467.0
615,0,TIoMzhxD,dYaEdzoO,467.0
1744,0,dulnZXnF,yMiwNCtj,5546.0
1744,0,RkIYOvZu,dulnZXnF,5546.0
1744,0,ygKQkAfU,RkIYOvZu,5546.0
670,0,hCxxcqWU,IOcMwGKn,1010.0
670,0,qMoZNsgo,hCxxcqWU,1010.0
670,0,udNzSSji,qMoZNsgo,1010.0
670,0,uKKyuZyC,udNzSSji,1010.0
670,0,GhNbXpjs,uKKyuZyC,1010.0
670,0,KTHxRvtW,GhNbXpjs,1010.0
670,0,gRVxNCAP,KTHxRvtW,1133.0
670,0,nJRBvlcT,gRVxNCAP,1133.0
670,0,IkxLwyxa,nJRBvlcT,1201.0
670,0,CYSggHNR,IkxLwyxa,1410.0
670,0,VhgapMoa,CYSggHNR,1410.0
670,0,dKbqWpcD,VhgapMoa,1410.0
670,0,zYpZYpOA,dKbqWpcD,1410.0
670,0,xbeOVhLE,zYpZYpOA,1861.0
670,0,IpBcScgC,xbeOVhLE,1993.0
670,0,aYvzRwqU,IpBcScgC,1993.0
670,0,mWygMrMb,aYvzRwqU,1993.0
670,0,dulnZXnF,mWygMrMb,1993.0
670,0,RkIYOvZu,dulnZXnF,1993.0
670,0,ygKQkAfU,RkIYOvZu,1993.0
670,0,ufLmazVu,ygKQkAfU,1207.0
670,0,qDeoslSZ,ufLmazVu,1200.0
670,0,JovbzjVh,qDeoslSZ,646.0
670,0,dYaEdzoO,JovbzjVh,660.0
670,0,TIoMzhxD,dYaEdzoO,660.0
670,0,IOcMwGKn,ybjkPLXB,481.0
311,0,AszcEtOu,BpAiVnps,1528.0
311,0,TcEVvOUM,AszcEtOu,2142.0
311,0,qGnNRXVR,TcEVvOUM,2142.0
311,0,MwLdaJul,qGnNRXVR,2161.0
311,0,QUMnpJQp,MwLdaJul,1795.0
311,0,FyIjwLBj,QUMnpJQp,1616.0
311,0,vXPGJwVk,FyIjwLBj,1308.0
311,0,EYCnMsAF,vXPGJwVk,1270.0
311,0,XjEyEHqT,EYCnMsAF,1259.0
311,0,IvqxNjHK,XjEyEHqT,1259.0
311,0,SyrqOGJb,IvqxNjHK,1187.0
311,0,NcLanIdZ,SyrqOGJb,1185.0
311,0,pTpnumHG,NcLanIdZ,926.0
1255,0,EmkugZPX,XMWgellz,3691.0
600,0,jcExlqwL,RCkelXPh,889.0
600,0,YctaenCe,jcExlqwL,964.0
600,0,tzYrVhKO,YctaenCe,964.0
600,0,UgpyjFML,tzYrVhKO,964.0
600,0,nPkrzCty,UgpyjFML,966.0
600,0,OPXtWBVk,nPkrzCty,1203.0
600,0,SvGtXrYj,OPXtWBVk,1203.0
600,0,TdfMaTlB,SvGtXrYj,1203.0
600,0,STSGJiIu,TdfMaTlB,1330.0
600,0,buAeVenh,STSGJiIu,1330.0
600,0,ARTSSefO,buAeVenh,1330.0
600,0,KMDYeUKg,ARTSSefO,1333.0
600,0,RSPZrGBg,KMDYeUKg,1372.0
600,0,xfYjeqNM,RSPZrGBg,1301.0
984,0,CKNrjFUU,qGgPbtbT,626.0
984,0,VCGhveHG,CKNrjFUU,626.0
984,0,WQdyWhSR,VCGhveHG,626.0
984,0,vCGIyJLJ,WQdyWhSR,626.0
984,0,VXthmpcS,vCGIyJLJ,736.0
984,0,xuEvBBdE,VXthmpcS,656.0
984,0,rAizOLWV,xuEvBBdE,656.0
984,0,JdZarNsv,rAizOLWV,641.0
984,0,NmilzqZp,JdZarNsv,641.0
984,0,TCMQvOqy,NmilzqZp,534.0
984,0,JyqrAKLu,TCMQvOqy,534.0
179,0,QaQvGPmN,yRpreQRc,1292.0
179,0,HNYicgCh,QaQvGPmN,1292.0
179,0,RVNzMGgw,HNYicgCh,1292.0
179,0,dKSFzIqs,RVNzMGgw,1292.0
179,0,QeEdlYuU,dKSFzIqs,571.0
179,0,LXDQjYxM,QeEdlYuU,571.0
179,0,qVzVrWDp,LXDQjYxM,571.0
179,0,OoNwiPDT,ztLkgYlA,858.0
179,0,ftvNhZKM,OoNwiPDT,858.0
179,0,KLTxOJqh,ftvNhZKM,858.0
179,0,IURTQlCB,KLTxOJqh,858.0
179,0,ojINhgSe,IURTQlCB,1262.0
179,0,pFAoJEPO,ojINhgSe,1262.0
179,0,fCvqoWrT,pFAoJEPO,1262.0
179,0,yRpreQRc,fCvqoWrT,1278.0
1690,0,bCOJrgoA,tMEROJFH,51.0
1690,0,rfNgKlRc,idAQxYim,104.0
1690,0,BIvEdfHJ,rfNgKlRc,104.0
16,0,TurKlwMz,NkWMDpBL,3234.0
16,0,JvVxAKet,TurKlwMz,3233.0
970,0,EXHVDpee,NuwmOhpA,25.0
970,0,NkWMDpBL,EXHVDpee,25.0
970,0,TurKlwMz,NkWMDpBL,25.0
970,0,oVNIhiyF,TurKlwMz,25.0
272,0,oVNIhiyF,TurKlwMz,2233.0
264,0,oVNIhiyF,TurKlwMz,587.0
594,0,lotPPedu,nBYHMnkU,156.0
594,0,ERIWLSEl,lotPPedu,92.0
594,0,qsoLaWuJ,ERIWLSEl,92.0
594,0,WSBJbplj,qsoLaWuJ,92.0
594,0,THUDGZDu,WSBJbplj,92.0
594,0,XUEgpuYS,THUDGZDu,91.0
594,0,lXZmsBCe,XUEgpuYS,13.0
594,0,oftwwzSy,lXZmsBCe,13.0
594,0,CKNrjFUU,oftwwzSy,13.0
594,0,EtvjcvTp,CKNrjFUU,13.0
594,0,wuyFtExA,EtvjcvTp,4.0
594,0,MrybjzSo,wuyFtExA,4.0
594,0,yrRBvFtZ,MrybjzSo,4.0
985,0,lotPPedu,nBYHMnkU,785.0
596,0,lotPPedu,nBYHMnkU,120.0
596,0,ERIWLSEl,lotPPedu,90.0
596,0,qsoLaWuJ,ERIWLSEl,90.0
596,0,WSBJbplj,qsoLaWuJ,90.0
596,0,THUDGZDu,WSBJbplj,90.0
596,0,XUEgpuYS,THUDGZDu,90.0
596,0,lXZmsBCe,XUEgpuYS,59.0
596,0,oftwwzSy,lXZmsBCe,59.0
596,0,CKNrjFUU,oftwwzSy,59.0
596,0,EtvjcvTp,CKNrjFUU,59.0
596,0,wuyFtExA,EtvjcvTp,20.0
596,0,MrybjzSo,wuyFtExA,20.0
1120,0,lotPPedu,nBYHMnkU,13.0
1120,0,ERIWLSEl,lotPPedu,13.0
1120,0,qsoLaWuJ,ERIWLSEl,13.0
1120,0,WSBJbplj,qsoLaWuJ,13.0
1120,0,THUDGZDu,WSBJbplj,13.0
1120,0,XUEgpuYS,THUDGZDu,13.0
1120,0,lXZmsBCe,XUEgpuYS,10.0
1120,0,oftwwzSy,lXZmsBCe,10.0
1120,0,CKNrjFUU,oftwwzSy,10.0
1120,0,EtvjcvTp,CKNrjFUU,10.0
1120,0,wuyFtExA,EtvjcvTp,4.0
1120,0,MrybjzSo,wuyFtExA,4.0
1120,0,yrRBvFtZ,MrybjzSo,4.0
483,0,EXHVDpee,NuwmOhpA,32.0
483,0,NkWMDpBL,EXHVDpee,32.0
483,0,TurKlwMz,NkWMDpBL,32.0
483,0,oVNIhiyF,TurKlwMz,32.0
1193,0,fCvqoWrT,SiflCzMU,1134.0
1193,0,yRpreQRc,fCvqoWrT,1043.0
657,0,RqfbhkOP,cNHGbHfW,471.0
657,0,sUAChhLU,RqfbhkOP,471.0
657,0,TCMQvOqy,sUAChhLU,295.0
657,0,JyqrAKLu,TCMQvOqy,184.0
657,0,XxhwFmzZ,JyqrAKLu,184.0
657,0,sonNAVmZ,XxhwFmzZ,184.0
657,0,aWeAvoyP,sonNAVmZ,128.0
657,0,exnIZrMP,aWeAvoyP,128.0
657,0,zoqWMrrO,exnIZrMP,128.0
657,0,WSMobtPt,zoqWMrrO,128.0
657,0,ClDeGdta,WSMobtPt,128.0
971,0,qkTCgKXX,YoEMZEcq,18.0
971,0,XjSQdTLS,qkTCgKXX,18.0
179,0,vyQyYYqJ,fjevhefZ,269.0
179,0,ztLkgYlA,vyQyYYqJ,269.0
179,0,AszcEtOu,BpAiVnps,58.0
179,0,TCqyxHhF,AszcEtOu,64.0
179,0,TcEVvOUM,TCqyxHhF,64.0
179,0,qGnNRXVR,TcEVvOUM,64.0
179,0,ouPwTbuD,qGnNRXVR,64.0
179,0,MwLdaJul,ouPwTbuD,64.0
179,0,QUMnpJQp,MwLdaJul,92.0
179,0,FyIjwLBj,QUMnpJQp,100.0
179,0,vXPGJwVk,FyIjwLBj,100.0
179,0,qzuHypgA,vXPGJwVk,100.0
179,0,KCMgfriT,qzuHypgA,134.0
179,0,hVMLOzME,KCMgfriT,157.0
179,0,TDvESTZN,hVMLOzME,157.0
179,0,sNuKvPuW,TDvESTZN,157.0
179,0,AUBTKFbY,sNuKvPuW,157.0
179,0,fjevhefZ,AUBTKFbY,172.0
1317,0,vrgENeuF,eTJQHplR,901.0
1317,0,PlyJazqR,vrgENeuF,1330.0
313,0,qqQgwpPP,DYKvrufv,529.0
313,0,ORsEDdLG,qqQgwpPP,529.0
313,0,jsnedRvy,ORsEDdLG,752.0
313,0,PpWfKRbL,jsnedRvy,754.0
313,0,aaSaUDum,PpWfKRbL,816.0
313,0,cmBFyxQG,aaSaUDum,816.0
452,0,jsnedRvy,ORsEDdLG,8288.0
452,0,PpWfKRbL,jsnedRvy,8287.0
452,0,aaSaUDum,PpWfKRbL,8189.0
452,0,zENMipIx,aaSaUDum,8142.0
452,0,cmBFyxQG,zENMipIx,8142.0
174,0,pFAoJEPO,ojINhgSe,54.0
174,0,fCvqoWrT,pFAoJEPO,54.0
174,0,yRpreQRc,fCvqoWrT,21.0
174,0,QaQvGPmN,yRpreQRc,21.0
174,0,HNYicgCh,QaQvGPmN,21.0
179,0,IuRRuHdp,qVzVrWDp,556.0
179,0,agmUQnfF,IuRRuHdp,556.0
179,0,CbblRkaH,agmUQnfF,495.0
179,0,BldTZUAI,CbblRkaH,569.0
179,0,nBYHMnkU,BldTZUAI,569.0
179,0,lotPPedu,nBYHMnkU,569.0
16,0,bbaQRYSI,JvVxAKet,2391.0
16,0,lDHqxCQW,bbaQRYSI,2391.0
16,0,qGgPbtbT,lDHqxCQW,2391.0
272,0,bbaQRYSI,oVNIhiyF,1339.0
272,0,lDHqxCQW,bbaQRYSI,1339.0
272,0,qGgPbtbT,lDHqxCQW,1339.0
970,0,bbaQRYSI,oVNIhiyF,23.0
970,0,lDHqxCQW,bbaQRYSI,23.0
970,0,qGgPbtbT,lDHqxCQW,23.0
264,0,bbaQRYSI,oVNIhiyF,367.0
264,0,lDHqxCQW,bbaQRYSI,367.0
264,0,qGgPbtbT,lDHqxCQW,367.0
179,0,ERIWLSEl,lotPPedu,499.0
179,0,qsoLaWuJ,ERIWLSEl,499.0
179,0,WSBJbplj,qsoLaWuJ,499.0
179,0,THUDGZDu,WSBJbplj,499.0
594,0,OHkaqvpq,SmQHomzq,537.0
594,0,nxJXVeix,OHkaqvpq,537.0
483,0,bbaQRYSI,oVNIhiyF,18.0
483,0,lDHqxCQW,bbaQRYSI,18.0
483,0,qGgPbtbT,lDHqxCQW,18.0
990,0,DzkWADkh,gmiMCrrb,5549.0
990,0,MjMnNBLG,DzkWADkh,5589.0
990,0,XiRzIewe,MjMnNBLG,5589.0
990,0,HEshVETB,XiRzIewe,6200.0
178,0,DzkWADkh,tBgOcvQf,833.0
178,0,MjMnNBLG,DzkWADkh,833.0
178,0,XiRzIewe,MjMnNBLG,833.0
178,0,udKeccMr,XiRzIewe,818.0
178,0,HEshVETB,udKeccMr,818.0
178,0,WKWTpoqQ,HEshVETB,818.0
106,0,AszcEtOu,BpAiVnps,5981.0
106,0,TCqyxHhF,AszcEtOu,6484.0
106,0,TcEVvOUM,TCqyxHhF,6509.0
106,0,qGnNRXVR,TcEVvOUM,6547.0
106,0,ouPwTbuD,qGnNRXVR,6549.0
106,0,MwLdaJul,ouPwTbuD,6858.0
106,0,QUMnpJQp,MwLdaJul,7441.0
106,0,FyIjwLBj,QUMnpJQp,7431.0
106,0,vXPGJwVk,FyIjwLBj,7297.0
106,0,GjiyfRqd,vXPGJwVk,7295.0
106,0,qzuHypgA,GjiyfRqd,6776.0
106,0,KCMgfriT,qzuHypgA,6794.0
106,0,hVMLOzME,KCMgfriT,6320.0
106,0,TDvESTZN,hVMLOzME,6320.0
400,0,ZOuLYtJj,dZoxKDmD,2352.0
400,0,dWLNxRJP,ZOuLYtJj,2352.0
984,0,bbaQRYSI,oVNIhiyF,167.0
984,0,lDHqxCQW,bbaQRYSI,167.0
984,0,qGgPbtbT,lDHqxCQW,167.0
173,0,JFVlrPHE,gcUmxKgT,389.0
594,0,WdOwNGhj,xfbmoJHP,433.0
594,0,LgyCGIBw,WdOwNGhj,433.0
594,0,OUgQnZLY,LgyCGIBw,530.0
594,0,SmQHomzq,OUgQnZLY,530.0
919,0,yVpVwFWL,HyvnzuHA,483.0
919,0,UYClvrsH,yVpVwFWL,483.0
919,0,GdIqHDLj,UYClvrsH,483.0
919,0,SclqdZtd,GdIqHDLj,483.0
919,0,LtmbDsIv,SclqdZtd,485.0
919,0,aRwBTLyd,LtmbDsIv,485.0
919,0,BpJuosmx,aRwBTLyd,485.0
919,0,tIHUlMxX,BpJuosmx,478.0
919,0,jucOpUOn,tIHUlMxX,478.0
919,0,qdCMxZSc,jucOpUOn,478.0
919,0,ptvIaUTy,qdCMxZSc,478.0
919,0,dvaPHMux,ptvIaUTy,478.0
264,0,VQfPRvUw,qGgPbtbT,3.0
272,0,VQfPRvUw,qGgPbtbT,15.0
16,0,VQfPRvUw,qGgPbtbT,43.0
297,0,lQHWhrGj,tldUULAx,180.0
297,0,OOOhsNkv,lQHWhrGj,180.0
297,0,CgcphXSb,OOOhsNkv,180.0
297,0,texSWQet,CgcphXSb,180.0
297,0,lxBswvKX,texSWQet,180.0
297,0,OoNwiPDT,lxBswvKX,245.0
297,0,ftvNhZKM,OoNwiPDT,245.0
297,0,KLTxOJqh,ftvNhZKM,245.0
297,0,IURTQlCB,KLTxOJqh,245.0
297,0,ojINhgSe,IURTQlCB,299.0
297,0,SiflCzMU,ojINhgSe,299.0
297,0,fCvqoWrT,SiflCzMU,349.0
297,0,yRpreQRc,fCvqoWrT,349.0
297,0,QaQvGPmN,yRpreQRc,349.0
297,0,HNYicgCh,QaQvGPmN,349.0
297,0,RVNzMGgw,HNYicgCh,349.0
297,0,QeEdlYuU,RVNzMGgw,349.0
297,0,LXDQjYxM,QeEdlYuU,349.0
297,0,qVzVrWDp,LXDQjYxM,349.0
297,0,IuRRuHdp,qVzVrWDp,349.0
297,0,QZgueNIh,IuRRuHdp,349.0
984,0,XxhwFmzZ,JyqrAKLu,526.0
984,0,QZgueNIh,XxhwFmzZ,980.0
1690,0,OTfWLQWk,BIvEdfHJ,73.0
173,0,PspudWCJ,bDgEiJAh,1352.0
984,0,zGyJMIkT,yolIeCeg,2.0
984,0,YbVmHVTt,zGyJMIkT,2.0
984,0,ZlnerNQG,YbVmHVTt,2.0
984,0,FVWAEAei,ZlnerNQG,2.0
984,0,gVtshwcF,FVWAEAei,2.0
984,0,LmhVzFNJ,gVtshwcF,2.0
984,0,CmbQeSBI,LmhVzFNJ,2.0
984,0,RVyaKvKa,CmbQeSBI,2.0
984,0,OQRQrPoA,RVyaKvKa,2.0
984,0,CEyhPnMH,OQRQrPoA,4.0
984,0,ogrZorIF,CEyhPnMH,4.0
984,0,fumBmOZX,ogrZorIF,4.0
984,0,CLjYTiBy,fumBmOZX,4.0
984,0,NuwmOhpA,CLjYTiBy,4.0
984,0,EXHVDpee,NuwmOhpA,6.0
984,0,NkWMDpBL,EXHVDpee,86.0
984,0,TurKlwMz,NkWMDpBL,86.0
984,0,oVNIhiyF,TurKlwMz,86.0
1193,0,yGEvOQma,PqoYMtMO,144.0
1193,0,YoEMZEcq,yGEvOQma,144.0
173,0,TUrDxvOa,YoEMZEcq,502.0
170,0,qCZHeqZn,CPPeUlfG,608.0
973,0,yGEvOQma,PqoYMtMO,25.0
973,0,gcrnRTRu,yGEvOQma,25.0
984,0,JFVlrPHE,QZgueNIh,1069.0
170,0,CPPeUlfG,iFderoVa,314.0
170,0,KMLNQwjh,YxUFlvZH,310.0
170,0,aDaRCcaB,KMLNQwjh,310.0
170,0,dQYZBhGJ,aDaRCcaB,310.0
170,0,iFderoVa,dQYZBhGJ,310.0
170,0,KwXNMHkb,UxPxrYmy,289.0
170,0,YxUFlvZH,KwXNMHkb,289.0
170,0,hqOmlOIp,RrhmmPMm,193.0
170,0,qJgsxHch,hqOmlOIp,193.0
170,0,lxplrluY,qJgsxHch,193.0
170,0,zTJYYUap,lxplrluY,193.0
170,0,UxPxrYmy,zTJYYUap,193.0
170,0,YxYhlArE,NqSePdAx,129.0
170,0,sAswhpJr,YxYhlArE,129.0
170,0,VyHGAkTo,sAswhpJr,129.0
170,0,RrhmmPMm,VyHGAkTo,129.0
170,0,sceVWPKZ,dvaPHMux,100.0
170,0,NqSePdAx,sceVWPKZ,100.0
215,0,JovbzjVh,qDeoslSZ,343.0
215,0,LoxEXWve,JovbzjVh,343.0
215,0,TIoMzhxD,LoxEXWve,343.0
215,0,qqQgwpPP,TIoMzhxD,343.0
215,0,ORsEDdLG,qqQgwpPP,343.0
215,0,jsnedRvy,ORsEDdLG,177.0
215,0,PpWfKRbL,jsnedRvy,177.0
215,0,aaSaUDum,PpWfKRbL,132.0
215,0,cmBFyxQG,aaSaUDum,109.0
599,0,ijmqRmKp,roHCvggS,2.0
599,0,wQzAWTmt,ijmqRmKp,2.0
599,0,VVXTrukI,wQzAWTmt,2.0
599,0,dmAPiPeK,VVXTrukI,1.0
599,0,FXuJEVFo,dmAPiPeK,1.0
170,0,YoEMZEcq,qCZHeqZn,257.0
170,0,DULwephN,YoEMZEcq,257.0
71,0,tNSMkSfB,ZYCVVmjG,1483.0
71,0,vaPtcLuK,tNSMkSfB,1396.0
1096,0,GaUJjHvw,BIoUkdqn,2486.0
1096,0,xqPbgbrZ,GaUJjHvw,2486.0
1096,0,nlMKoEWl,xqPbgbrZ,2486.0
1096,0,KbKyxild,nlMKoEWl,2486.0
1096,0,WzJZybAt,KbKyxild,2391.0
1096,0,wBZvskGC,WzJZybAt,2359.0
1096,0,hlYcHDiv,wBZvskGC,2287.0
1096,0,ZUUFaTkv,hlYcHDiv,2287.0
1096,0,jgCiOeaN,ZUUFaTkv,2287.0
1096,0,TikfrWrm,jgCiOeaN,2287.0
1096,0,RabBrvbh,TikfrWrm,2287.0
1096,0,yAsGVYQM,RabBrvbh,2287.0
1096,0,XFPAZveS,yAsGVYQM,870.0
1096,0,ejMjPdTH,XFPAZveS,830.0
1096,0,CKorGRkE,ejMjPdTH,427.0
1096,0,eaNsVWDR,CKorGRkE,381.0
1096,0,LIgtsZTQ,yfjUYWEe,2348.0
1096,0,BIoUkdqn,LIgtsZTQ,2348.0
1030,0,sklTQuFm,VYHZxBYO,2907.0
1030,0,QhyQakxZ,sklTQuFm,2907.0
1030,0,yscklMzl,QhyQakxZ,2907.0
1030,0,UDUmRzWP,yscklMzl,2955.0
1030,0,pzSSkNJo,UDUmRzWP,2955.0
1030,0,kVWwehGs,pzSSkNJo,2829.0
1030,0,fnQyKclP,kVWwehGs,2916.0
1030,0,oDVZRjmi,fnQyKclP,2916.0
1030,0,aaeLLxLj,oDVZRjmi,2916.0
626,0,tjcxfrSB,rINNylNh,1453.0
626,0,rHyPKpnR,tjcxfrSB,1453.0
626,0,lhvdYjIr,rHyPKpnR,1453.0
626,0,XkyHnVdm,lhvdYjIr,1846.0
626,0,aTKTVXJW,XkyHnVdm,1846.0
626,0,nFbddFoX,aTKTVXJW,1846.0
626,0,GudLituF,nFbddFoX,1846.0
966,0,oVNIhiyF,TurKlwMz,1279.0
966,0,bbaQRYSI,oVNIhiyF,1287.0
966,0,lDHqxCQW,bbaQRYSI,1287.0
966,0,qGgPbtbT,lDHqxCQW,1287.0
966,0,VQfPRvUw,qGgPbtbT,1884.0
966,0,VCGhveHG,VQfPRvUw,1949.0
966,0,WQdyWhSR,VCGhveHG,1949.0
966,0,vCGIyJLJ,WQdyWhSR,1946.0
966,0,ZlnerNQG,ozAxYCwR,484.0
966,0,YbVmHVTt,ZlnerNQG,484.0
966,0,FVWAEAei,YbVmHVTt,486.0
966,0,gVtshwcF,FVWAEAei,486.0
966,0,CmbQeSBI,gVtshwcF,578.0
966,0,RVyaKvKa,CmbQeSBI,578.0
966,0,OQRQrPoA,RVyaKvKa,578.0
966,0,CEyhPnMH,OQRQrPoA,874.0
966,0,ogrZorIF,CEyhPnMH,874.0
966,0,fumBmOZX,ogrZorIF,874.0
966,0,CLjYTiBy,fumBmOZX,874.0
966,0,NuwmOhpA,CLjYTiBy,927.0
966,0,EXHVDpee,NuwmOhpA,1275.0
966,0,NkWMDpBL,EXHVDpee,1275.0
966,0,TurKlwMz,NkWMDpBL,1275.0
179,0,PoshUaCl,THUDGZDu,496.0
626,0,eJrsnsoz,GudLituF,1844.0
626,0,qAUjPEMf,eJrsnsoz,1841.0
626,0,isMwZYXy,qAUjPEMf,1833.0
966,0,eJrsnsoz,vCGIyJLJ,1875.0
966,0,isMwZYXy,eJrsnsoz,1875.0
179,0,tkhDcqas,PoshUaCl,489.0
179,0,jOvtnfLH,tkhDcqas,489.0
620,0,anmiXAus,AGDZrVfo,3.0
620,0,YJnTPbIZ,anmiXAus,4.0
620,0,xkPrOUqs,YJnTPbIZ,2.0
620,0,HAzkMqyk,xkPrOUqs,2.0
1119,0,LggmrEeo,qrudAScT,198.0
595,0,JyqrAKLu,TCMQvOqy,57.0
595,0,XxhwFmzZ,JyqrAKLu,57.0
595,0,QZgueNIh,XxhwFmzZ,57.0
595,0,JFVlrPHE,QZgueNIh,60.0
595,0,cpLivUai,JFVlrPHE,60.0
595,0,NTpJpHDd,cpLivUai,60.0
595,0,HQNzQizX,NTpJpHDd,343.0
595,0,WwskMIzD,HQNzQizX,343.0
595,0,rrasSNoc,WwskMIzD,345.0
595,0,bgsGiKIs,rrasSNoc,345.0
595,0,bbaQRYSI,JvVxAKet,3.0
595,0,lDHqxCQW,bbaQRYSI,3.0
595,0,qGgPbtbT,lDHqxCQW,3.0
595,0,CKNrjFUU,qGgPbtbT,9.0
595,0,VCGhveHG,CKNrjFUU,9.0
595,0,WQdyWhSR,VCGhveHG,9.0
595,0,vCGIyJLJ,WQdyWhSR,9.0
595,0,VXthmpcS,vCGIyJLJ,53.0
595,0,xuEvBBdE,VXthmpcS,53.0
595,0,rAizOLWV,xuEvBBdE,53.0
595,0,JdZarNsv,rAizOLWV,53.0
595,0,NmilzqZp,JdZarNsv,53.0
595,0,TCMQvOqy,NmilzqZp,55.0
990,0,WKWTpoqQ,HEshVETB,5967.0
990,0,WlkKexEs,WKWTpoqQ,6663.0
990,0,MyzUerZz,WlkKexEs,6654.0
1178,0,QYwjKQRO,rbVbMNcM,4513.0
1178,0,cNuXvIqU,QYwjKQRO,4513.0
1178,0,eXTEGQHB,cNuXvIqU,4513.0
1178,0,zTUODYgn,eXTEGQHB,4472.0
1178,0,eTPMYwkC,zTUODYgn,4460.0
1505,0,xQqwXgNZ,OVaoEscJ,3883.0
452,0,TIoMzhxD,LoxEXWve,8457.0
452,0,iRpWiLQH,TIoMzhxD,8258.0
452,0,qqQgwpPP,iRpWiLQH,8140.0
452,0,ORsEDdLG,qqQgwpPP,8148.0
452,0,EuWqksqL,cmBFyxQG,8069.0
452,0,XRrjzlpH,EuWqksqL,8072.0
452,0,JVRJClPS,XRrjzlpH,8072.0
452,0,ZZUoaXbF,JVRJClPS,7993.0
452,0,fdiMUjeA,ZZUoaXbF,7975.0
452,0,lbTqXure,fdiMUjeA,7975.0
452,0,MyzUerZz,lbTqXure,8020.0
560,0,AesbwnPs,WywmvGMH,539.0
560,0,hzAARBgX,AesbwnPs,539.0
941,0,YqlTLIQa,ALhaazBT,1151.0
941,0,AUmOMGnp,YqlTLIQa,1150.0
941,0,XFPAZveS,AUmOMGnp,1136.0
941,0,ojqTFFWy,XFPAZveS,273.0
900,0,ZLWEzNmI,fTbQcCcQ,70.0
900,0,QeXyWyya,ZLWEzNmI,70.0
900,0,PifXIFet,QeXyWyya,72.0
900,0,tNmxviwt,PifXIFet,72.0
900,0,yHaTCNJc,tNmxviwt,72.0
900,0,lhSIyIfw,yHaTCNJc,61.0
900,0,cgSMZptb,lhSIyIfw,61.0
900,0,fdwLSfsa,cgSMZptb,61.0
900,0,wuAzVrCW,fdwLSfsa,60.0
900,0,mRKfPREJ,wuAzVrCW,60.0
900,0,HeRuYpNs,mRKfPREJ,60.0
900,0,qRJySzaf,HeRuYpNs,43.0
900,0,LTfflVxG,qRJySzaf,43.0
900,0,AhWKwjTz,LTfflVxG,43.0
900,0,VEiYdotb,AhWKwjTz,43.0
900,0,DgYBMgPg,VEiYdotb,43.0
900,0,vkArqzKY,DgYBMgPg,43.0
900,0,gzTQJVMW,vkArqzKY,43.0
900,0,FZsFzszJ,gzTQJVMW,19.0
900,0,KgwKZlse,FZsFzszJ,19.0
900,0,AoRkaUmb,KgwKZlse,19.0
900,0,ALhaazBT,AoRkaUmb,19.0
900,0,YqlTLIQa,ALhaazBT,19.0
900,0,AUmOMGnp,YqlTLIQa,19.0
900,0,XFPAZveS,AUmOMGnp,19.0
900,0,ojqTFFWy,XFPAZveS,17.0
463,0,WIZPpGvl,MnTeelLR,8641.0
1180,0,jSSkauKM,JbCujTci,4787.0
1180,0,qLQHuyIe,jSSkauKM,5770.0
1180,0,apOzgzFy,qLQHuyIe,5778.0
1180,0,LAmktnrq,qflzswAf,2342.0
1180,0,JbCujTci,LAmktnrq,3095.0
400,0,clVXMHJf,nfCzcTzh,1692.0
400,0,UXEWVZzP,clVXMHJf,1692.0
400,0,MlYFoaez,UXEWVZzP,1387.0
400,0,XeinAhyy,MlYFoaez,1376.0
400,0,pGpZhRvq,XeinAhyy,1376.0
400,0,alaJPSTW,pGpZhRvq,1376.0
400,0,ngNzeSzC,alaJPSTW,1376.0
400,0,PHuvYJrP,ngNzeSzC,1376.0
400,0,FoxIDeQY,PHuvYJrP,1462.0
400,0,dZoxKDmD,FoxIDeQY,1447.0
539,0,oZJRchiN,wVKhsyCZ,37.0
539,0,xmGwLlME,oZJRchiN,393.0
539,0,KcBICYpI,xmGwLlME,393.0
539,0,XQiQvefE,KcBICYpI,393.0
539,0,eyUKPfnA,XQiQvefE,393.0
539,0,ZgqhsueA,eyUKPfnA,363.0
539,0,YvwuVYMF,ZgqhsueA,363.0
539,0,FZsFzszJ,YvwuVYMF,363.0
539,0,ALhaazBT,FZsFzszJ,363.0
539,0,ZijVddwt,ALhaazBT,363.0
1107,0,NxZLWDKg,fslmqcXP,601.0
1107,0,ysYPVGOc,NxZLWDKg,601.0
1107,0,GgxxeDsY,ysYPVGOc,601.0
1107,0,OIDfcbwB,GgxxeDsY,601.0
1107,0,PCRBVfUw,OIDfcbwB,601.0
1107,0,uTBXaSDE,PCRBVfUw,601.0
1107,0,hnvEGTpC,uTBXaSDE,601.0
1107,0,sAuLGTlR,hnvEGTpC,601.0
1107,0,ixhHdGBo,sAuLGTlR,586.0
1107,0,spVkBMtX,ixhHdGBo,586.0
1107,0,uuLXjUrY,spVkBMtX,586.0
1107,0,ekoOPpVq,uuLXjUrY,586.0
1107,0,rljVoTvk,ekoOPpVq,586.0
1107,0,gxidCspv,rljVoTvk,586.0
1107,0,wRTYbalx,gxidCspv,582.0
1107,0,ZqOseExI,wRTYbalx,582.0
1107,0,FdBCLyPI,ZqOseExI,582.0
1107,0,CrOFTJlw,FdBCLyPI,582.0
1107,0,PyGiRErs,CrOFTJlw,562.0
1030,0,vDTAjOOR,yQmtaWgt,1515.0
1030,0,VYHZxBYO,vDTAjOOR,1515.0
1092,0,KrLSLIZd,OjBZWzOO,984.0
1092,0,yQmtaWgt,KrLSLIZd,984.0
1107,0,nEsTDuVQ,SzPBLAwy,772.0
1107,0,TTqWKaTM,nEsTDuVQ,772.0
1107,0,liUSqvwm,TTqWKaTM,772.0
1107,0,icUOEXSt,liUSqvwm,772.0
1107,0,ggnpPWOO,icUOEXSt,772.0
1107,0,nnnLtFmO,ggnpPWOO,772.0
1107,0,OLVfWwhL,nnnLtFmO,772.0
1107,0,wfDLjSSS,OLVfWwhL,567.0
1107,0,fslmqcXP,wfDLjSSS,567.0
1107,0,WMODaVhE,GSOqnCzV,750.0
1107,0,SzPBLAwy,WMODaVhE,750.0
1030,0,ajteUQkz,VpHOqNar,1172.0
1030,0,XmmyKsTm,ajteUQkz,1172.0
1030,0,gNJqbiHM,XmmyKsTm,1172.0
1030,0,NrUUQlkk,gNJqbiHM,1172.0
1030,0,yQmtaWgt,NrUUQlkk,1172.0
1107,0,yhxUltpl,JRMVrfdD,49.0
1107,0,bEntPTsf,yhxUltpl,49.0
1107,0,qIHRQZMb,bEntPTsf,49.0
1107,0,GSOqnCzV,qIHRQZMb,49.0
1107,0,bghpxDOJ,XaVBQtHA,12.0
1107,0,JRMVrfdD,bghpxDOJ,12.0
1103,0,OoNwiPDT,ztLkgYlA,26.0
1103,0,ftvNhZKM,OoNwiPDT,27.0
1103,0,KLTxOJqh,ftvNhZKM,27.0
1103,0,idAQxYim,KLTxOJqh,27.0
1103,0,ldInPGbn,idAQxYim,31.0
1103,0,WGEhEMgb,ldInPGbn,31.0
1103,0,WblAIghg,WGEhEMgb,31.0
1103,0,yXfOYhmg,WblAIghg,31.0
1103,0,cHOtlpNd,yXfOYhmg,31.0
1103,0,bDgEiJAh,cHOtlpNd,31.0
1103,0,HYSXwpsm,bDgEiJAh,31.0
1103,0,MAxpakLW,HYSXwpsm,31.0
1103,0,wzaIlAwh,MAxpakLW,31.0
598,0,mwdAyONm,EIcIoHUO,1.0
598,0,VVXTrukI,mwdAyONm,1.0
598,0,UufKZTKG,VVXTrukI,3.0
598,0,kJlOJSYi,UufKZTKG,3.0
598,0,wzaIlAwh,kJlOJSYi,4.0
595,0,pjrUunbL,FnMlnlru,449.0
595,0,pobpsCoK,pjrUunbL,449.0
1104,0,TXAdjSyo,SmQHomzq,43.0
1104,0,UIFNotIh,TXAdjSyo,44.0
1104,0,roHCvggS,UIFNotIh,44.0
1104,0,WdOwNGhj,xfbmoJHP,40.0
1104,0,LgyCGIBw,WdOwNGhj,40.0
1104,0,OUgQnZLY,LgyCGIBw,40.0
1104,0,SmQHomzq,OUgQnZLY,40.0
1103,0,AszcEtOu,BpAiVnps,1.0
1103,0,TcEVvOUM,AszcEtOu,2.0
1103,0,qGnNRXVR,TcEVvOUM,2.0
1103,0,MwLdaJul,qGnNRXVR,2.0
1103,0,QUMnpJQp,MwLdaJul,3.0
1103,0,FyIjwLBj,QUMnpJQp,3.0
1103,0,vXPGJwVk,FyIjwLBj,3.0
1103,0,qzuHypgA,vXPGJwVk,3.0
1103,0,KCMgfriT,qzuHypgA,3.0
1103,0,TDvESTZN,KCMgfriT,4.0
1103,0,AUBTKFbY,TDvESTZN,4.0
1103,0,fjevhefZ,AUBTKFbY,4.0
1103,0,vyQyYYqJ,fjevhefZ,4.0
1103,0,ztLkgYlA,vyQyYYqJ,4.0
1622,0,VDSTHuJo,zdgoUaFA,1697.0
1622,0,ImyQzgIv,VDSTHuJo,1719.0
1622,0,BzikVGUK,ImyQzgIv,1719.0
1622,0,lniHSWWA,BzikVGUK,1732.0
1622,0,qaJzTzwj,lniHSWWA,1202.0
1622,0,PjfwSZnl,aYSqaQmJ,35.0
1622,0,vSdfqYeK,PjfwSZnl,12.0
1054,0,aYIMvmGX,qdrjbHYS,114.0
1054,0,WGGanwZU,aYIMvmGX,114.0
1054,0,ArHpJhVJ,WGGanwZU,161.0
1054,0,tWpVdCtj,ArHpJhVJ,161.0
1054,0,EdJUuxct,tWpVdCtj,161.0
1054,0,gmiMCrrb,EdJUuxct,161.0
1054,0,DzkWADkh,gmiMCrrb,166.0
1054,0,MjMnNBLG,DzkWADkh,166.0
1054,0,XiRzIewe,MjMnNBLG,166.0
1054,0,DalDuuww,XiRzIewe,167.0
1054,0,WlkKexEs,DalDuuww,167.0
1054,0,MyzUerZz,WlkKexEs,167.0
1054,0,hTBkjNzq,MyzUerZz,167.0
1054,0,aCcokpIU,hTBkjNzq,167.0
1054,0,IWuAfYeM,aCcokpIU,168.0
1054,0,AKEMZMhk,IWuAfYeM,168.0
1054,0,oXDhDxhT,AKEMZMhk,168.0
1054,0,twlwLPZj,oXDhDxhT,170.0
1054,0,NjRgIRup,twlwLPZj,170.0
1054,0,rlFkXMBS,NjRgIRup,709.0
1054,0,lxkWqJCv,rlFkXMBS,709.0
457,0,iwdDmytU,vUKUaFbz,13.0
457,0,LYepRrQv,iwdDmytU,13.0
457,0,YuDiQHGe,LYepRrQv,13.0
457,0,EmkugZPX,YuDiQHGe,13.0
105,0,MwLdaJul,qGnNRXVR,4483.0
105,0,QUMnpJQp,MwLdaJul,4494.0
105,0,FyIjwLBj,QUMnpJQp,4498.0
105,0,vXPGJwVk,FyIjwLBj,4498.0
105,0,qzuHypgA,vXPGJwVk,4498.0
105,0,JVRJClPS,qzuHypgA,4498.0
105,0,ZZUoaXbF,JVRJClPS,4494.0
105,0,fdiMUjeA,ZZUoaXbF,4492.0
105,0,lbTqXure,fdiMUjeA,4492.0
105,0,MyzUerZz,lbTqXure,4431.0
105,0,hTBkjNzq,MyzUerZz,2591.0
105,0,aCcokpIU,hTBkjNzq,2478.0
105,0,IWuAfYeM,aCcokpIU,2133.0
105,0,AKEMZMhk,IWuAfYeM,2133.0
105,0,oXDhDxhT,AKEMZMhk,2133.0
105,0,twlwLPZj,oXDhDxhT,1900.0
105,0,NjRgIRup,twlwLPZj,1890.0
105,0,vSdfqYeK,QdnKSSsO,2178.0
105,0,wDpyEsxh,vSdfqYeK,2178.0
105,0,jIerKxIb,wDpyEsxh,2181.0
105,0,IubGYoNi,jIerKxIb,2528.0
105,0,fmQEzQWV,IubGYoNi,2643.0
105,0,BpAiVnps,fmQEzQWV,3216.0
105,0,AszcEtOu,BpAiVnps,3219.0
105,0,TcEVvOUM,AszcEtOu,4466.0
105,0,qGnNRXVR,TcEVvOUM,4466.0
105,0,plWWPiMc,mnkgCFDT,1436.0
105,0,HcPkwFHM,plWWPiMc,1465.0
105,0,KjuJaNsu,HcPkwFHM,2008.0
105,0,oNyGHMvy,KjuJaNsu,2010.0
105,0,QdnKSSsO,oNyGHMvy,2012.0
452,0,hTBkjNzq,MyzUerZz,7437.0
452,0,aCcokpIU,hTBkjNzq,5914.0
452,0,IWuAfYeM,aCcokpIU,5324.0
452,0,AKEMZMhk,IWuAfYeM,5324.0
452,0,oXDhDxhT,AKEMZMhk,5324.0
452,0,twlwLPZj,oXDhDxhT,3929.0
452,0,xfbmoJHP,twlwLPZj,3904.0
1745,0,AHQzSmld,CTeFabzs,1451.0
1745,0,UWSJuCAz,AHQzSmld,1451.0
1745,0,xfYjeqNM,UWSJuCAz,1447.0
1745,0,nrUfCQxz,xfYjeqNM,1447.0
1745,0,iBiVOFur,nrUfCQxz,1208.0
1745,0,niqrIlpR,iBiVOFur,1100.0
1745,0,uVsOstge,niqrIlpR,727.0
1745,0,HTKZNJTs,uVsOstge,711.0
1745,0,qvujbmjR,HTKZNJTs,688.0
1745,0,REvIjxsO,qvujbmjR,688.0
1745,0,CylWjYTC,REvIjxsO,688.0
1745,0,yMiwNCtj,CylWjYTC,619.0
1745,0,dulnZXnF,yMiwNCtj,619.0
1745,0,RkIYOvZu,dulnZXnF,619.0
1745,0,ygKQkAfU,RkIYOvZu,619.0
712,0,TcTonWJL,HJTsgSzj,1834.0
712,0,NJSgWoOc,TcTonWJL,1827.0
712,0,RIpTuvwk,NJSgWoOc,2601.0
712,0,ubzklVlS,RIpTuvwk,3442.0
106,0,WlkKexEs,TDvESTZN,5334.0
106,0,MyzUerZz,WlkKexEs,3834.0
106,0,hTBkjNzq,MyzUerZz,3832.0
106,0,aCcokpIU,hTBkjNzq,3766.0
106,0,IWuAfYeM,aCcokpIU,3188.0
106,0,AKEMZMhk,IWuAfYeM,3188.0
106,0,oXDhDxhT,AKEMZMhk,3188.0
106,0,twlwLPZj,oXDhDxhT,2812.0
106,0,xfbmoJHP,twlwLPZj,2812.0
679,0,RVGhYAxc,mdGitRQe,2770.0
1567,0,nPkrzCty,UgpyjFML,3366.0
1141,0,jIerKxIb,nPkrzCty,1046.0
1672,0,frLbpljr,GwjQuetc,30.0
1672,0,FPjpeXlp,frLbpljr,30.0
1672,0,vXwparSo,FPjpeXlp,28.0
1672,0,izsRTGJN,vXwparSo,8.0
1672,0,CAuqyjUy,izsRTGJN,8.0
1672,0,cIVzRhGw,CAuqyjUy,8.0
1672,0,fxlmulxX,cIVzRhGw,8.0
1672,0,NPkfSYbt,fxlmulxX,8.0
1672,0,VWFAQayS,NPkfSYbt,8.0
1178,0,KcvPUxQg,ePrpofUw,3908.0
1178,0,NFInfBeu,kKKRBhFF,3466.0
1178,0,VCQdmIoF,NFInfBeu,3466.0
1178,0,ePrpofUw,VCQdmIoF,3466.0
1178,0,WdOwNGhj,xfbmoJHP,3426.0
1178,0,kKKRBhFF,WdOwNGhj,3426.0
46,0,hTBkjNzq,hSdNxZqe,4311.0
990,0,hTBkjNzq,MyzUerZz,5685.0
1180,0,hTBkjNzq,hSdNxZqe,4368.0
984,0,cpLivUai,JFVlrPHE,1065.0
984,0,fKUdbDza,cpLivUai,1065.0
984,0,DATqCMmz,fKUdbDza,1240.0
984,0,BSeIJfkI,DATqCMmz,2002.0
297,0,JFVlrPHE,QZgueNIh,341.0
297,0,cpLivUai,JFVlrPHE,341.0
297,0,fKUdbDza,cpLivUai,341.0
297,0,DATqCMmz,fKUdbDza,341.0
297,0,ILgjTtXh,DATqCMmz,341.0
173,0,cpLivUai,JFVlrPHE,373.0
173,0,fKUdbDza,cpLivUai,373.0
173,0,DATqCMmz,fKUdbDza,373.0
173,0,ILgjTtXh,DATqCMmz,373.0
990,0,aCcokpIU,hTBkjNzq,5683.0
1180,0,aCcokpIU,hTBkjNzq,4082.0
46,0,aCcokpIU,hTBkjNzq,3645.0
736,0,FZsFzszJ,gzTQJVMW,10946.0
736,0,KgwKZlse,FZsFzszJ,10530.0
736,0,AoRkaUmb,KgwKZlse,10512.0
736,0,ALhaazBT,AoRkaUmb,10512.0
736,0,YqlTLIQa,ALhaazBT,9647.0
736,0,AUmOMGnp,YqlTLIQa,9592.0
736,0,XFPAZveS,AUmOMGnp,9232.0
736,0,ojqTFFWy,XFPAZveS,6763.0
736,0,gzTQJVMW,RVEyrwjR,14853.0
990,0,IWuAfYeM,aCcokpIU,4446.0
990,0,AKEMZMhk,IWuAfYeM,4446.0
990,0,oXDhDxhT,AKEMZMhk,4446.0
595,0,oSlWllmq,bgsGiKIs,416.0
595,0,FnMlnlru,oSlWllmq,416.0
966,0,SogEaGxk,isMwZYXy,1066.0
966,0,lCifaItn,SogEaGxk,1066.0
858,0,aHGuzSTo,KAhfQHTl,377.0
858,0,ttlZXoMn,aHGuzSTo,377.0
858,0,eYRPTRrW,ttlZXoMn,367.0
858,0,ABXRUWWW,eYRPTRrW,367.0
858,0,RobpRsZS,ABXRUWWW,367.0
858,0,NALyFlzQ,RobpRsZS,897.0
858,0,qIuTLVvj,NALyFlzQ,897.0
858,0,spmlaYUs,qIuTLVvj,845.0
858,0,qqDoWQdv,spmlaYUs,844.0
858,0,eymgjBxV,qqDoWQdv,780.0
858,0,EonJeQKz,eymgjBxV,765.0
858,0,vkWqgNph,EonJeQKz,765.0
858,0,nJRQzVZQ,vkWqgNph,765.0
858,0,xunvufHj,nJRQzVZQ,757.0
858,0,rxrORjnb,xunvufHj,757.0
858,0,UVDfwOgc,rxrORjnb,757.0
858,0,TJDsQDoO,UVDfwOgc,750.0
858,0,yTictHOU,TJDsQDoO,750.0
858,0,sTaleXyI,yTictHOU,750.0
858,0,illGQStO,sTaleXyI,748.0
858,0,AUrIxxcC,illGQStO,734.0
858,0,zqZasXpA,AUrIxxcC,734.0
858,0,EYGEAZtD,zqZasXpA,734.0
858,0,AJLJQqsT,EYGEAZtD,734.0
858,0,NCSBLEus,AJLJQqsT,733.0
858,0,xfbmoJHP,NCSBLEus,733.0
858,0,tUQXHMzJ,VPnRvCbn,199.0
858,0,YjKQPWoa,tUQXHMzJ,210.0
858,0,KAhfQHTl,YjKQPWoa,210.0
626,0,SogEaGxk,isMwZYXy,1442.0
626,0,lCifaItn,SogEaGxk,1442.0
1071,0,ozAxYCwR,uiYVYPQX,13.0
1075,0,RzNLGwXH,UfaDzlyU,933.0
1075,0,wRYiQgEn,RzNLGwXH,933.0
1075,0,yfISbYOh,wRYiQgEn,947.0
1180,0,IWuAfYeM,aCcokpIU,3261.0
1180,0,AKEMZMhk,IWuAfYeM,3261.0
1180,0,oXDhDxhT,AKEMZMhk,3261.0
1103,0,OOrUJecL,wzaIlAwh,45.0
1103,0,VniBJCzY,OOrUJecL,45.0
1103,0,RtYHfABF,VniBJCzY,43.0
597,0,JyqrAKLu,TCMQvOqy,225.0
597,0,XxhwFmzZ,JyqrAKLu,225.0
597,0,QZgueNIh,XxhwFmzZ,225.0
597,0,JFVlrPHE,QZgueNIh,300.0
597,0,cpLivUai,JFVlrPHE,300.0
597,0,fKUdbDza,cpLivUai,300.0
597,0,DATqCMmz,fKUdbDza,361.0
597,0,ILgjTtXh,DATqCMmz,361.0
597,0,XaFkCXdj,ILgjTtXh,1154.0
597,0,bbaQRYSI,oVNIhiyF,10.0
597,0,lDHqxCQW,bbaQRYSI,10.0
597,0,qGgPbtbT,lDHqxCQW,10.0
597,0,VQfPRvUw,qGgPbtbT,64.0
597,0,VCGhveHG,VQfPRvUw,64.0
597,0,WQdyWhSR,VCGhveHG,64.0
597,0,vCGIyJLJ,WQdyWhSR,64.0
597,0,VXthmpcS,vCGIyJLJ,92.0
597,0,xuEvBBdE,VXthmpcS,92.0
597,0,rAizOLWV,xuEvBBdE,92.0
597,0,JdZarNsv,rAizOLWV,92.0
597,0,NmilzqZp,JdZarNsv,92.0
597,0,TCMQvOqy,NmilzqZp,117.0
1057,0,tTbFYEPP,eIBTCCCb,85.0
929,0,GrIDUMrH,ymMHSssn,62.0
929,0,XxJaecnl,GrIDUMrH,62.0
929,0,QFazRNUC,XxJaecnl,62.0
929,0,HyvnzuHA,QFazRNUC,55.0
297,0,bCOJrgoA,qDeoslSZ,100.0
297,0,IwMXsDOu,bCOJrgoA,100.0
297,0,gOJphFVT,IwMXsDOu,100.0
297,0,dBTDkDZt,gOJphFVT,100.0
297,0,tldUULAx,dBTDkDZt,100.0
170,0,FCeDiZsN,CFztBFJQ,1326.0
598,0,OOrUJecL,wzaIlAwh,2.0
598,0,VniBJCzY,OOrUJecL,2.0
626,0,dFlAswnV,lCifaItn,1435.0
626,0,pjTBCsVx,dFlAswnV,1435.0
487,0,zGyJMIkT,uiYVYPQX,18.0
487,0,YbVmHVTt,zGyJMIkT,18.0
487,0,ZlnerNQG,YbVmHVTt,18.0
487,0,FVWAEAei,ZlnerNQG,18.0
487,0,gVtshwcF,FVWAEAei,18.0
487,0,LmhVzFNJ,gVtshwcF,18.0
487,0,CmbQeSBI,LmhVzFNJ,18.0
487,0,RVyaKvKa,CmbQeSBI,18.0
487,0,OQRQrPoA,RVyaKvKa,18.0
487,0,CEyhPnMH,OQRQrPoA,18.0
487,0,ogrZorIF,CEyhPnMH,18.0
487,0,fumBmOZX,ogrZorIF,18.0
487,0,CLjYTiBy,fumBmOZX,18.0
487,0,NuwmOhpA,CLjYTiBy,18.0
487,0,EXHVDpee,NuwmOhpA,18.0
487,0,NkWMDpBL,EXHVDpee,18.0
487,0,TurKlwMz,NkWMDpBL,18.0
487,0,oVNIhiyF,TurKlwMz,18.0
487,0,bbaQRYSI,oVNIhiyF,18.0
487,0,lDHqxCQW,bbaQRYSI,18.0
487,0,qGgPbtbT,lDHqxCQW,18.0
487,0,CKNrjFUU,qGgPbtbT,18.0
487,0,VCGhveHG,CKNrjFUU,18.0
487,0,WQdyWhSR,VCGhveHG,18.0
487,0,vCGIyJLJ,WQdyWhSR,18.0
487,0,VXthmpcS,vCGIyJLJ,18.0
487,0,PoshUaCl,VXthmpcS,18.0
487,0,tkhDcqas,PoshUaCl,18.0
487,0,jOvtnfLH,tkhDcqas,18.0
487,0,VrqtMskC,jOvtnfLH,18.0
487,0,nwGGoSvm,VrqtMskC,18.0
487,0,msGFqCDa,nwGGoSvm,18.0
487,0,AoAbuPJW,msGFqCDa,18.0
487,0,WPcaURVq,AoAbuPJW,18.0
966,0,dFlAswnV,lCifaItn,982.0
966,0,pjTBCsVx,dFlAswnV,982.0
179,0,VrqtMskC,jOvtnfLH,449.0
179,0,nwGGoSvm,VrqtMskC,449.0
179,0,msGFqCDa,nwGGoSvm,449.0
179,0,AoAbuPJW,msGFqCDa,449.0
179,0,WPcaURVq,AoAbuPJW,449.0
984,0,zLDXwGdB,BSeIJfkI,1865.0
984,0,IWsbluFe,zLDXwGdB,1865.0
984,0,SUgOBtjk,IWsbluFe,1865.0
984,0,gACwumWT,SUgOBtjk,1865.0
984,0,JtZjSNXW,gACwumWT,1865.0
297,0,SUgOBtjk,ILgjTtXh,308.0
297,0,JtZjSNXW,SUgOBtjk,308.0
173,0,SUgOBtjk,ILgjTtXh,361.0
173,0,JtZjSNXW,SUgOBtjk,361.0
919,0,UosQUisT,Jrutayet,72.0
919,0,FQOgjaka,UosQUisT,72.0
919,0,URvEqJxF,FQOgjaka,72.0
919,0,JalqBTeK,URvEqJxF,72.0
919,0,UAwQbGIv,JalqBTeK,72.0
919,0,HyvnzuHA,UAwQbGIv,72.0
46,0,IWuAfYeM,aCcokpIU,3090.0
46,0,AKEMZMhk,IWuAfYeM,3090.0
46,0,oXDhDxhT,AKEMZMhk,3089.0
626,0,XMFZXZdV,pjTBCsVx,1098.0
966,0,XMFZXZdV,pjTBCsVx,793.0
179,0,shsbwlrM,WPcaURVq,359.0
179,0,WgelRheP,shsbwlrM,359.0
626,0,MBttAlCW,ZAfIffxq,457.0
729,0,yTOnYgGF,EsTStEav,10.0
729,0,mXosqjnx,yTOnYgGF,10.0
910,0,krXgCSzh,KLSPMOeO,52.0
910,0,yDCZcPdO,krXgCSzh,52.0
910,0,KLSPMOeO,EpCFePOD,17.0
1366,0,YmkUpvHU,qKeCDDXI,2163.0
1366,0,WOOyqinT,YmkUpvHU,2163.0
1366,0,mnkgCFDT,WOOyqinT,2161.0
1366,0,svgtEcQx,mnkgCFDT,2159.0
1366,0,HcPkwFHM,svgtEcQx,2010.0
1366,0,KjuJaNsu,HcPkwFHM,2010.0
1366,0,oNyGHMvy,KjuJaNsu,1994.0
1366,0,vSdfqYeK,oNyGHMvy,1888.0
1366,0,wDpyEsxh,vSdfqYeK,1887.0
1366,0,jIerKxIb,wDpyEsxh,1874.0
1366,0,IubGYoNi,jIerKxIb,1762.0
1366,0,fmQEzQWV,IubGYoNi,1692.0
1366,0,BpAiVnps,fmQEzQWV,1542.0
501,0,QontmjvH,JIllbhjr,246.0
501,0,flXjJYer,QontmjvH,246.0
501,0,oBtsEQRM,flXjJYer,246.0
501,0,UFoaQvGg,oBtsEQRM,246.0
501,0,yHDouIXe,UFoaQvGg,246.0
501,0,aFlzccOO,yHDouIXe,246.0
501,0,XAxmwtqw,aFlzccOO,246.0
501,0,ThGrfpxl,XAxmwtqw,246.0
501,0,TUpCuZAw,ThGrfpxl,190.0
501,0,HYfXIyFk,TUpCuZAw,190.0
501,0,oQvXmJfL,HYfXIyFk,190.0
501,0,yayPNqiY,oQvXmJfL,190.0
501,0,pOvHFZPM,yayPNqiY,190.0
501,0,hOGVczfj,pOvHFZPM,190.0
501,0,kXtCwJQx,hOGVczfj,190.0
501,0,UZvsWvxC,kXtCwJQx,190.0
501,0,Afgbwxue,UZvsWvxC,190.0
501,0,yHOAvGcL,Afgbwxue,152.0
501,0,AHQzSmld,yHOAvGcL,152.0
501,0,UWSJuCAz,AHQzSmld,152.0
501,0,xfYjeqNM,UWSJuCAz,152.0
501,0,nrUfCQxz,xfYjeqNM,152.0
501,0,iBiVOFur,nrUfCQxz,123.0
501,0,UECnapuN,iBiVOFur,123.0
501,0,uVsOstge,UECnapuN,123.0
501,0,HTKZNJTs,uVsOstge,123.0
501,0,qvujbmjR,HTKZNJTs,123.0
501,0,REvIjxsO,qvujbmjR,123.0
501,0,CylWjYTC,REvIjxsO,123.0
501,0,yMiwNCtj,CylWjYTC,109.0
501,0,dulnZXnF,yMiwNCtj,109.0
501,0,RkIYOvZu,dulnZXnF,109.0
501,0,ygKQkAfU,RkIYOvZu,109.0
1744,0,jQaLNViL,gyQqEnFq,975.0
1338,0,QpprBOSr,SOVcCDqR,9293.0
1338,0,Plxavose,QpprBOSr,6185.0
597,0,HcOWfPMU,XaFkCXdj,689.0
1057,0,eIBTCCCb,gozRELiL,8.0
1057,0,rREIWzym,TmbwpUyz,4.0
1057,0,rluMkzbt,rREIWzym,4.0
1057,0,oTXyBJNn,rluMkzbt,4.0
1057,0,AIvMrZbX,oTXyBJNn,4.0
1057,0,DFuWYygu,AIvMrZbX,4.0
1057,0,iKWaHdND,DFuWYygu,4.0
1057,0,sZMRTtVP,iKWaHdND,4.0
1057,0,gozRELiL,sZMRTtVP,4.0
686,0,HkSXkIZj,womqVgRl,1097.0
686,0,gRVxNCAP,HkSXkIZj,1053.0
686,0,FHkpxOov,gRVxNCAP,1053.0
686,0,NJSgWoOc,FHkpxOov,333.0
46,0,twlwLPZj,oXDhDxhT,3024.0
273,0,fkZFUNSd,TrOiZJox,2509.0
273,0,JYrrjUtU,fkZFUNSd,2509.0
273,0,cttUtMNm,JYrrjUtU,2509.0
273,0,wHfmVQMh,cttUtMNm,2465.0
273,0,mdGitRQe,wHfmVQMh,2080.0
273,0,RVGhYAxc,mdGitRQe,1862.0
626,0,DxyTpirl,XMFZXZdV,496.0
626,0,xvojPNrb,DxyTpirl,496.0
626,0,ZAfIffxq,xvojPNrb,496.0
966,0,DxyTpirl,XMFZXZdV,409.0
966,0,xvojPNrb,DxyTpirl,409.0
966,0,ZAfIffxq,xvojPNrb,409.0
625,0,XwjzzvVV,WgelRheP,423.0
625,0,exwEUcIO,XwjzzvVV,423.0
625,0,jisQZBDs,exwEUcIO,423.0
625,0,NcoWExwJ,jisQZBDs,397.0
625,0,hygBouPP,NcoWExwJ,397.0
625,0,iPzquFzR,hygBouPP,397.0
990,0,twlwLPZj,oXDhDxhT,4049.0
990,0,xfbmoJHP,twlwLPZj,4049.0
595,0,twlwLPZj,cMdRoPmQ,421.0
595,0,NjRgIRup,twlwLPZj,208.0
1103,0,JKycCNae,RtYHfABF,42.0
1103,0,cMdRoPmQ,JKycCNae,42.0
1103,0,twlwLPZj,cMdRoPmQ,42.0
1103,0,NjRgIRup,twlwLPZj,30.0
1180,0,twlwLPZj,oXDhDxhT,3198.0
1180,0,xfbmoJHP,twlwLPZj,3198.0
1064,0,IWkYeNgA,uiSiNEQq,2155.0
122,0,MKKzwAOv,GEijdcGW,55.0
122,0,mhDCqtpx,MKKzwAOv,43.0
122,0,TJDsQDoO,mhDCqtpx,43.0
122,0,yTictHOU,TJDsQDoO,27.0
122,0,sTaleXyI,yTictHOU,27.0
122,0,illGQStO,sTaleXyI,27.0
122,0,AUrIxxcC,illGQStO,27.0
122,0,zqZasXpA,AUrIxxcC,23.0
122,0,EYGEAZtD,zqZasXpA,23.0
122,0,AJLJQqsT,EYGEAZtD,23.0
122,0,NCSBLEus,AJLJQqsT,21.0
122,0,xfbmoJHP,NCSBLEus,21.0
129,0,ttuFHhig,huecLIWR,3.0
129,0,WjngiDTm,ttuFHhig,3.0
129,0,jEhGDfoN,WjngiDTm,3.0
129,0,hPntpWoI,jEhGDfoN,241.0
129,0,aLFpJPgR,hPntpWoI,422.0
129,0,cZLwCFQo,aLFpJPgR,424.0
129,0,rxrORjnb,cZLwCFQo,424.0
129,0,UVDfwOgc,rxrORjnb,422.0
129,0,HdBHspFM,UVDfwOgc,422.0
129,0,TJDsQDoO,HdBHspFM,418.0
129,0,yTictHOU,TJDsQDoO,418.0
129,0,sTaleXyI,yTictHOU,418.0
129,0,illGQStO,sTaleXyI,416.0
129,0,AUrIxxcC,illGQStO,416.0
129,0,zqZasXpA,AUrIxxcC,416.0
129,0,EYGEAZtD,zqZasXpA,416.0
129,0,AJLJQqsT,EYGEAZtD,416.0
129,0,NCSBLEus,AJLJQqsT,416.0
129,0,xfbmoJHP,NCSBLEus,368.0
924,0,HyvnzuHA,SJvhYGxR,1093.0
924,0,SJvhYGxR,HfcobGNa,1100.0
924,0,BvLvsPYo,zmlEwfKx,1094.0
924,0,NcoKemSg,BvLvsPYo,1094.0
924,0,HfcobGNa,NcoKemSg,1094.0
1176,0,PyfNKmSh,IAmXeTgg,211.0
924,0,EmJpSDwd,TExCPNxk,1086.0
924,0,jjHnlXVx,EmJpSDwd,1086.0
924,0,zmlEwfKx,jjHnlXVx,1086.0
924,0,BvinbONJ,FbaONibz,990.0
924,0,GfvuifIZ,BvinbONJ,1041.0
924,0,TExCPNxk,GfvuifIZ,1041.0
924,0,LpwxWatG,rwLqimtK,702.0
924,0,FbaONibz,LpwxWatG,702.0
924,0,wuQzPlvL,FvRjKBvU,502.0
924,0,NacgxEEi,wuQzPlvL,502.0
924,0,ZbMvdFLw,NacgxEEi,502.0
924,0,JUGtNdnF,ZbMvdFLw,502.0
924,0,buTfkkhk,JUGtNdnF,502.0
924,0,rwLqimtK,buTfkkhk,690.0
121,0,MgfOYJbA,UCALextd,11.0
121,0,qIuTLVvj,MgfOYJbA,7.0
121,0,spmlaYUs,qIuTLVvj,6.0
121,0,qqDoWQdv,spmlaYUs,6.0
121,0,eymgjBxV,qqDoWQdv,6.0
121,0,EonJeQKz,eymgjBxV,6.0
121,0,vkWqgNph,EonJeQKz,6.0
121,0,nJRQzVZQ,vkWqgNph,6.0
121,0,xunvufHj,nJRQzVZQ,6.0
121,0,AhlYGwKp,xunvufHj,6.0
121,0,rxrORjnb,AhlYGwKp,6.0
121,0,UVDfwOgc,rxrORjnb,6.0
121,0,HdBHspFM,UVDfwOgc,6.0
121,0,TJDsQDoO,HdBHspFM,6.0
121,0,yTictHOU,TJDsQDoO,6.0
121,0,sTaleXyI,yTictHOU,6.0
121,0,illGQStO,sTaleXyI,6.0
121,0,AUrIxxcC,illGQStO,6.0
121,0,zqZasXpA,AUrIxxcC,6.0
121,0,EYGEAZtD,zqZasXpA,6.0
121,0,AJLJQqsT,EYGEAZtD,6.0
121,0,NCSBLEus,AJLJQqsT,5.0
121,0,xfbmoJHP,NCSBLEus,5.0
924,0,FvRjKBvU,TJeJnSDd,481.0
764,0,mgDGiHEE,pLpkESor,59.0
764,0,dQOncjgh,mgDGiHEE,47.0
764,0,QiaFfhxS,dQOncjgh,46.0
764,0,rilNZKmg,QiaFfhxS,46.0
764,0,MgfOYJbA,rilNZKmg,46.0
764,0,qIuTLVvj,MgfOYJbA,46.0
764,0,spmlaYUs,qIuTLVvj,45.0
764,0,qqDoWQdv,spmlaYUs,45.0
764,0,eymgjBxV,qqDoWQdv,45.0
764,0,EonJeQKz,eymgjBxV,45.0
764,0,vkWqgNph,EonJeQKz,45.0
764,0,nJRQzVZQ,vkWqgNph,45.0
764,0,xunvufHj,nJRQzVZQ,34.0
764,0,rxrORjnb,xunvufHj,34.0
764,0,UVDfwOgc,rxrORjnb,34.0
764,0,TJDsQDoO,UVDfwOgc,33.0
764,0,yTictHOU,TJDsQDoO,33.0
764,0,sTaleXyI,yTictHOU,33.0
764,0,illGQStO,sTaleXyI,33.0
764,0,AUrIxxcC,illGQStO,32.0
764,0,zqZasXpA,AUrIxxcC,32.0
764,0,EYGEAZtD,zqZasXpA,32.0
764,0,AJLJQqsT,EYGEAZtD,32.0
764,0,NCSBLEus,AJLJQqsT,32.0
764,0,xfbmoJHP,NCSBLEus,31.0
912,0,Erqjkxzk,KKHFrKGl,221.0
912,0,ltPLChrK,Erqjkxzk,221.0
912,0,FwvYcAgk,ltPLChrK,221.0
913,0,DXDxufRt,sqkVVOFh,250.0
913,0,rnnOUpAJ,DXDxufRt,251.0
913,0,NKETZQBF,rnnOUpAJ,251.0
913,0,BcAnDlhE,NKETZQBF,251.0
913,0,gOHjFflk,BcAnDlhE,258.0
913,0,SteiLorf,gOHjFflk,259.0
913,0,NbdCRqNf,SteiLorf,262.0
913,0,smhnGuEj,NbdCRqNf,262.0
913,0,yrrrlzqi,smhnGuEj,262.0
913,0,GUgiDKEG,yrrrlzqi,262.0
913,0,IsszqyIy,GUgiDKEG,262.0
913,0,wBOkqIeG,IsszqyIy,265.0
913,0,hnwTnEQV,wBOkqIeG,292.0
913,0,IKquIbHX,hnwTnEQV,292.0
913,0,oGdoEyKI,IKquIbHX,292.0
913,0,ehvgRqdw,oGdoEyKI,292.0
913,0,WoPCDSeI,ehvgRqdw,358.0
913,0,KKHFrKGl,WoPCDSeI,358.0
913,0,ltPLChrK,KKHFrKGl,312.0
913,0,FwvYcAgk,ltPLChrK,312.0
913,0,mgDGiHEE,FwvYcAgk,312.0
913,0,dQOncjgh,mgDGiHEE,312.0
913,0,QiaFfhxS,dQOncjgh,312.0
913,0,rilNZKmg,QiaFfhxS,312.0
913,0,MgfOYJbA,rilNZKmg,312.0
913,0,qIuTLVvj,MgfOYJbA,312.0
913,0,spmlaYUs,qIuTLVvj,291.0
913,0,qqDoWQdv,spmlaYUs,291.0
913,0,eymgjBxV,qqDoWQdv,241.0
913,0,EonJeQKz,eymgjBxV,241.0
913,0,vkWqgNph,EonJeQKz,241.0
913,0,nJRQzVZQ,vkWqgNph,241.0
913,0,xunvufHj,nJRQzVZQ,239.0
913,0,rxrORjnb,xunvufHj,239.0
913,0,UVDfwOgc,rxrORjnb,239.0
913,0,TJDsQDoO,UVDfwOgc,238.0
913,0,yTictHOU,TJDsQDoO,238.0
913,0,sTaleXyI,yTictHOU,238.0
913,0,illGQStO,sTaleXyI,236.0
913,0,AUrIxxcC,illGQStO,236.0
913,0,zqZasXpA,AUrIxxcC,236.0
913,0,EYGEAZtD,zqZasXpA,236.0
913,0,AJLJQqsT,EYGEAZtD,236.0
913,0,NCSBLEus,AJLJQqsT,236.0
913,0,xfbmoJHP,NCSBLEus,210.0
764,0,bSXtWlOz,MbBQjXCf,39.0
764,0,aviECmtd,bSXtWlOz,53.0
764,0,LMgpokYk,aviECmtd,53.0
764,0,vafAyuvT,LMgpokYk,53.0
764,0,lPyqbuiQ,vafAyuvT,53.0
764,0,uAaGlvRh,lPyqbuiQ,53.0
764,0,GWRhXmMO,uAaGlvRh,53.0
764,0,pLpkESor,GWRhXmMO,53.0
1118,0,yMrMMnQF,hUQezMGZ,20.0
1118,0,MrQhdzGM,yMrMMnQF,20.0
1118,0,HsmdKMgN,MrQhdzGM,20.0
1118,0,NJsqxdTd,HsmdKMgN,20.0
1118,0,hfbFGrBz,NJsqxdTd,20.0
1118,0,YtTJoBxm,hfbFGrBz,20.0
1118,0,AlpXiRiW,YtTJoBxm,20.0
1118,0,cyLrdsLq,AlpXiRiW,9.0
1118,0,pVHZNTmW,cyLrdsLq,9.0
1118,0,qLlyWzVq,pVHZNTmW,9.0
1118,0,lGJIVvqE,qLlyWzVq,9.0
1118,0,CkiKkxJQ,lGJIVvqE,9.0
1118,0,BmBzVYhd,CkiKkxJQ,9.0
1118,0,DDFCohxX,BmBzVYhd,7.0
1118,0,NfMyQHAw,DDFCohxX,7.0
1118,0,UlmLxwtK,NfMyQHAw,6.0
1118,0,nLuZmKFz,UlmLxwtK,6.0
1118,0,rxrORjnb,nLuZmKFz,6.0
1118,0,yTictHOU,rxrORjnb,6.0
1118,0,sTaleXyI,yTictHOU,6.0
1118,0,illGQStO,sTaleXyI,6.0
1118,0,zqZasXpA,illGQStO,6.0
1118,0,AJLJQqsT,zqZasXpA,6.0
1118,0,NCSBLEus,AJLJQqsT,6.0
1118,0,xfbmoJHP,NCSBLEus,6.0
929,0,ymMHSssn,wSxpBpYI,30.0
929,0,TNTzUMyF,HyvnzuHA,40.0
929,0,avRuCqLk,TNTzUMyF,40.0
929,0,wIAALBva,avRuCqLk,40.0
929,0,nxBXRnVc,wIAALBva,40.0
929,0,sXWHYDNZ,nxBXRnVc,40.0
929,0,VKAAZZOV,sXWHYDNZ,40.0
929,0,Vtdujofe,VKAAZZOV,40.0
929,0,edTVGmZc,Vtdujofe,40.0
929,0,iqwCaPZT,edTVGmZc,40.0
929,0,qqDoWQdv,iqwCaPZT,40.0
929,0,eymgjBxV,qqDoWQdv,22.0
929,0,EonJeQKz,eymgjBxV,22.0
929,0,vkWqgNph,EonJeQKz,22.0
929,0,nJRQzVZQ,vkWqgNph,22.0
929,0,xunvufHj,nJRQzVZQ,22.0
929,0,rxrORjnb,xunvufHj,12.0
929,0,UVDfwOgc,rxrORjnb,12.0
929,0,TJDsQDoO,UVDfwOgc,12.0
929,0,yTictHOU,TJDsQDoO,12.0
929,0,sTaleXyI,yTictHOU,12.0
929,0,illGQStO,sTaleXyI,12.0
929,0,AUrIxxcC,illGQStO,12.0
929,0,zqZasXpA,AUrIxxcC,12.0
929,0,EYGEAZtD,zqZasXpA,12.0
929,0,AJLJQqsT,EYGEAZtD,12.0
929,0,NCSBLEus,AJLJQqsT,12.0
929,0,xfbmoJHP,NCSBLEus,7.0
46,0,xfbmoJHP,twlwLPZj,2972.0
994,0,hMBIVszx,BWKNZpmt,1971.0
994,0,JgVaSAtG,hMBIVszx,1971.0
562,0,saVSzyYs,TEuwlied,205.0
562,0,gzkuviLm,saVSzyYs,205.0
562,0,CkzMckPC,gzkuviLm,205.0
562,0,WywmvGMH,CkzMckPC,205.0
562,0,AesbwnPs,WywmvGMH,205.0
562,0,hzAARBgX,AesbwnPs,205.0
562,0,IjDfGHsr,hzAARBgX,205.0
562,0,TFRpjaAo,IjDfGHsr,205.0
562,0,JhdinCeD,TFRpjaAo,205.0
562,0,ZIieNEvD,JhdinCeD,205.0
562,0,jvLymITs,ZIieNEvD,205.0
562,0,jJVVpGMf,jvLymITs,200.0
562,0,tcYerYbk,jJVVpGMf,200.0
562,0,pPKqPUVW,tcYerYbk,200.0
562,0,iYTiOTOT,pPKqPUVW,200.0
562,0,dLtneiKf,iYTiOTOT,200.0
562,0,slfxTuih,dLtneiKf,200.0
562,0,XFPAZveS,slfxTuih,200.0
562,0,ojqTFFWy,XFPAZveS,197.0
823,0,iHPgoVQd,AlojXgfn,59.0
823,0,LEMCEoBI,iHPgoVQd,59.0
823,0,VbipnzIy,LEMCEoBI,62.0
823,0,vLvetIEj,VbipnzIy,68.0
823,0,veZdNrwJ,vLvetIEj,68.0
823,0,UHrZZaJI,veZdNrwJ,68.0
823,0,XYPsfiKq,UHrZZaJI,68.0
823,0,EZonlaGf,XYPsfiKq,73.0
823,0,ZLCIvgrp,EZonlaGf,75.0
823,0,ucVTqZIB,ZLCIvgrp,75.0
823,0,FDrhtNjK,ucVTqZIB,75.0
823,0,YVGWiGkc,FDrhtNjK,75.0
823,0,CqPWXNIf,YVGWiGkc,75.0
823,0,iZfXNAue,CqPWXNIf,75.0
823,0,OXvlrfnG,iZfXNAue,34.0
823,0,CgMBzfIg,OXvlrfnG,34.0
823,0,BCwVkMhO,CgMBzfIg,34.0
823,0,MpBHVRZl,BCwVkMhO,34.0
823,0,BWKNZpmt,MpBHVRZl,12.0
823,0,hMBIVszx,BWKNZpmt,12.0
823,0,JgVaSAtG,hMBIVszx,12.0
823,0,QyfZGsFT,JgVaSAtG,11.0
823,0,selTNsQi,QyfZGsFT,11.0
823,0,SfBAqteg,selTNsQi,11.0
823,0,obGcbWvT,SfBAqteg,11.0
823,0,wssOAckJ,obGcbWvT,11.0
823,0,zzxlwhdI,wssOAckJ,11.0
823,0,SEcoeimf,zzxlwhdI,11.0
823,0,fzmnvqlX,SEcoeimf,9.0
823,0,RyhuDLev,fzmnvqlX,9.0
823,0,KnIeolpt,RyhuDLev,9.0
823,0,GMrJWgHs,KnIeolpt,9.0
823,0,tTjpyeuP,GMrJWgHs,9.0
823,0,elxmPCDf,tTjpyeuP,9.0
823,0,tcbhlVZo,elxmPCDf,9.0
823,0,ZqBGCTqq,tcbhlVZo,9.0
823,0,HxnLIWQq,ZqBGCTqq,7.0
823,0,wqGWmwVd,HxnLIWQq,7.0
823,0,ACkvbmee,wqGWmwVd,7.0
823,0,FtWuEuzF,ACkvbmee,7.0
823,0,RtTLxXUv,FtWuEuzF,7.0
823,0,JGydtICe,RtTLxXUv,7.0
823,0,xbhuXgnr,JGydtICe,6.0
823,0,zjGRmLyo,xbhuXgnr,6.0
823,0,EXTmTMKf,zjGRmLyo,6.0
823,0,yfIoPTHo,EXTmTMKf,6.0
823,0,GnOurcjN,yfIoPTHo,6.0
823,0,vHkAlmCm,GnOurcjN,5.0
823,0,WynPMslR,vHkAlmCm,5.0
823,0,qjwSVoCq,WynPMslR,5.0
823,0,WvPJYXMk,qjwSVoCq,5.0
1184,0,FkPbDkgy,eoIplMjv,136.0
1184,0,kVWIKiQU,FkPbDkgy,124.0
1184,0,apXGdFyI,kVWIKiQU,5.0
1184,0,RmlHIOuG,apXGdFyI,5.0
1184,0,lyEmHaNr,RmlHIOuG,5.0
1184,0,wzWDodFe,lyEmHaNr,5.0
1184,0,siPRjksc,wzWDodFe,5.0
1184,0,GIlSPhwi,siPRjksc,5.0
1184,0,ZPJGdbAJ,GIlSPhwi,5.0
1184,0,xfbmoJHP,ZPJGdbAJ,5.0
1176,0,tHYrXQBJ,DsTGnVil,1004.0
1176,0,cIVzRhGw,tHYrXQBJ,1004.0
1176,0,fxlmulxX,cIVzRhGw,1004.0
1176,0,NPkfSYbt,fxlmulxX,1004.0
1176,0,TCQmGnBb,IzKulrBJ,1013.0
1176,0,JJzKKoaf,TCQmGnBb,1013.0
1176,0,DsTGnVil,JJzKKoaf,1134.0
1076,0,XDHbYGPc,hPGLMLbU,1557.0
1076,0,qRqIHRjS,XDHbYGPc,1555.0
1076,0,QFkvaGqn,qRqIHRjS,1547.0
1076,0,NxijJQZJ,QFkvaGqn,1547.0
1076,0,zWZbZUaa,NxijJQZJ,1518.0
1111,0,fwlhPJed,ApUtMocY,513.0
1111,0,KGmhUhiY,fwlhPJed,513.0
1111,0,yMrMMnQF,KGmhUhiY,513.0
1111,0,dlQsfdCi,yMrMMnQF,513.0
1111,0,HsmdKMgN,dlQsfdCi,513.0
1111,0,cWOjTgHp,HsmdKMgN,513.0
1111,0,NJsqxdTd,cWOjTgHp,513.0
1111,0,hfbFGrBz,NJsqxdTd,513.0
1111,0,YtTJoBxm,hfbFGrBz,513.0
1111,0,AlpXiRiW,YtTJoBxm,513.0
1111,0,cyLrdsLq,AlpXiRiW,225.0
1111,0,pVHZNTmW,cyLrdsLq,225.0
1111,0,qLlyWzVq,pVHZNTmW,225.0
1111,0,lGJIVvqE,qLlyWzVq,225.0
1111,0,CkiKkxJQ,lGJIVvqE,224.0
1111,0,AdloNpXg,CkiKkxJQ,204.0
1111,0,BmBzVYhd,AdloNpXg,204.0
1111,0,YcVwXeam,BmBzVYhd,198.0
1111,0,DDFCohxX,YcVwXeam,198.0
1111,0,NfMyQHAw,DDFCohxX,198.0
1111,0,PfZAlPvE,NfMyQHAw,193.0
1111,0,UlmLxwtK,PfZAlPvE,193.0
1111,0,nLuZmKFz,UlmLxwtK,183.0
1111,0,nJRQzVZQ,nLuZmKFz,183.0
1111,0,rxrORjnb,nJRQzVZQ,159.0
1111,0,TJDsQDoO,rxrORjnb,158.0
1111,0,yTictHOU,TJDsQDoO,158.0
1111,0,illGQStO,yTictHOU,153.0
1111,0,zqZasXpA,illGQStO,147.0
1111,0,AJLJQqsT,zqZasXpA,147.0
1111,0,NCSBLEus,AJLJQqsT,146.0
1111,0,xfbmoJHP,NCSBLEus,112.0
1111,0,ApUtMocY,IypCuTzh,499.0
1111,0,IypCuTzh,bqxardHa,436.0
619,0,OoNwiPDT,gmiMCrrb,251.0
619,0,ftvNhZKM,OoNwiPDT,251.0
619,0,KLTxOJqh,ftvNhZKM,251.0
619,0,VLKPcfHc,KLTxOJqh,251.0
619,0,idAQxYim,VLKPcfHc,251.0
619,0,ldInPGbn,idAQxYim,251.0
619,0,WGEhEMgb,ldInPGbn,251.0
619,0,WblAIghg,WGEhEMgb,251.0
619,0,yXfOYhmg,WblAIghg,251.0
619,0,cHOtlpNd,yXfOYhmg,251.0
619,0,bDgEiJAh,cHOtlpNd,251.0
619,0,HYSXwpsm,bDgEiJAh,251.0
619,0,MAxpakLW,HYSXwpsm,251.0
619,0,iTmItNpT,MAxpakLW,251.0
619,0,ijmqRmKp,iTmItNpT,253.0
619,0,eDjMEvVD,ijmqRmKp,253.0
619,0,EsrGPUnZ,eDjMEvVD,257.0
619,0,pobpsCoK,EsrGPUnZ,257.0
619,0,FzyHNJLL,pobpsCoK,271.0
619,0,HdLAxGDi,FzyHNJLL,273.0
620,0,lwnNYJcg,uiSiNEQq,1.0
620,0,AGDZrVfo,lwnNYJcg,1.0
966,0,MBttAlCW,ZAfIffxq,368.0
616,0,OyNIynZV,DYKvrufv,225.0
616,0,ydoNqUsu,OyNIynZV,225.0
616,0,eOdwAkBF,ydoNqUsu,510.0
616,0,FDCDnriY,eOdwAkBF,510.0
616,0,DCdKJxNH,FDCDnriY,510.0
616,0,DsuTXcIa,DCdKJxNH,440.0
616,0,bgWfLree,DsuTXcIa,768.0
616,0,nUYnioIh,bgWfLree,768.0
616,0,UAkhVpHN,nUYnioIh,768.0
616,0,mVhkAqwx,UAkhVpHN,768.0
1054,0,TjHiuybL,lxkWqJCv,258.0
1054,0,rGxpSglN,TjHiuybL,258.0
1054,0,Rpsmzdru,rGxpSglN,287.0
1054,0,rluMkzbt,Rpsmzdru,287.0
1054,0,oTXyBJNn,rluMkzbt,269.0
1054,0,AIvMrZbX,oTXyBJNn,264.0
1054,0,DFuWYygu,AIvMrZbX,264.0
1054,0,iKWaHdND,DFuWYygu,264.0
1054,0,sZMRTtVP,iKWaHdND,264.0
1054,0,INegqJKU,sZMRTtVP,264.0
619,0,gozRELiL,HdLAxGDi,276.0
1058,0,AGDZrVfo,HcOWfPMU,149.0
1058,0,INegqJKU,AGDZrVfo,60.0
123,0,RpAFtJSl,CtzBEXfZ,16.0
123,0,PcvuCqyL,RpAFtJSl,16.0
123,0,CxeJhmQn,PcvuCqyL,31.0
123,0,TmbwpUyz,CxeJhmQn,31.0
123,0,rREIWzym,TmbwpUyz,34.0
123,0,rluMkzbt,rREIWzym,36.0
123,0,oTXyBJNn,rluMkzbt,36.0
123,0,AIvMrZbX,oTXyBJNn,36.0
123,0,DFuWYygu,AIvMrZbX,36.0
123,0,iKWaHdND,DFuWYygu,36.0
123,0,sZMRTtVP,iKWaHdND,36.0
123,0,INegqJKU,sZMRTtVP,36.0
123,0,CfDISmMN,RqCzrtQl,15.0
123,0,CtzBEXfZ,CfDISmMN,15.0
619,0,tWpVdCtj,ArHpJhVJ,247.0
619,0,EdJUuxct,tWpVdCtj,247.0
619,0,gmiMCrrb,EdJUuxct,247.0
619,0,eIBTCCCb,gozRELiL,267.0
1063,0,ygaPVVOX,NjRgIRup,2230.0
1063,0,SgmzKmGa,ygaPVVOX,2252.0
1063,0,oaiHprKy,SgmzKmGa,2253.0
1063,0,EKGAgXOm,oaiHprKy,2253.0
1063,0,RqCzrtQl,EKGAgXOm,2253.0
1063,0,CfDISmMN,RqCzrtQl,2254.0
1063,0,RpAFtJSl,CfDISmMN,2254.0
1063,0,PcvuCqyL,RpAFtJSl,2255.0
1063,0,CxeJhmQn,PcvuCqyL,2276.0
1063,0,TmbwpUyz,CxeJhmQn,2276.0
1063,0,rREIWzym,TmbwpUyz,2279.0
1063,0,rluMkzbt,rREIWzym,2280.0
1063,0,oTXyBJNn,rluMkzbt,2283.0
1063,0,AIvMrZbX,oTXyBJNn,2283.0
1063,0,DFuWYygu,AIvMrZbX,2283.0
1063,0,iKWaHdND,DFuWYygu,2283.0
1063,0,sZMRTtVP,iKWaHdND,2283.0
1063,0,gozRELiL,sZMRTtVP,2283.0
1063,0,eIBTCCCb,gozRELiL,2313.0
1063,0,hTBkjNzq,MyzUerZz,1739.0
1063,0,aCcokpIU,hTBkjNzq,2101.0
1063,0,IWuAfYeM,aCcokpIU,2101.0
1063,0,AKEMZMhk,IWuAfYeM,2101.0
1063,0,oXDhDxhT,AKEMZMhk,2101.0
1063,0,twlwLPZj,oXDhDxhT,2101.0
1063,0,NjRgIRup,twlwLPZj,2101.0
1059,0,TsaeiIGv,EkWBPXmr,21.0
1059,0,OsBkWRQx,TsaeiIGv,178.0
1059,0,udlIzhJE,OsBkWRQx,178.0
1059,0,DeduXMzE,udlIzhJE,273.0
1059,0,GXHjZCTL,DeduXMzE,274.0
1059,0,yolIeCeg,GXHjZCTL,274.0
1059,0,ozAxYCwR,yolIeCeg,274.0
1059,0,qdrjbHYS,ozAxYCwR,274.0
1059,0,AKdDiXyV,qdrjbHYS,312.0
1059,0,gRuqifBH,AKdDiXyV,312.0
1059,0,kZdBhxvo,gRuqifBH,321.0
1059,0,ZBkAAevT,kZdBhxvo,321.0
1059,0,cMinRgYB,ZBkAAevT,321.0
1059,0,LRmPOeoe,cMinRgYB,321.0
1059,0,tBNXSyMW,LRmPOeoe,321.0
1059,0,ArHpJhVJ,tBNXSyMW,321.0
1059,0,tWpVdCtj,ArHpJhVJ,329.0
1059,0,EdJUuxct,tWpVdCtj,329.0
1059,0,gmiMCrrb,EdJUuxct,329.0
1059,0,DzkWADkh,gmiMCrrb,353.0
1059,0,MjMnNBLG,DzkWADkh,353.0
1059,0,XiRzIewe,MjMnNBLG,353.0
1059,0,HEshVETB,XiRzIewe,374.0
1059,0,WKWTpoqQ,HEshVETB,374.0
1059,0,WlkKexEs,WKWTpoqQ,377.0
1059,0,MyzUerZz,WlkKexEs,377.0
1059,0,hTBkjNzq,MyzUerZz,377.0
1059,0,aCcokpIU,hTBkjNzq,377.0
1059,0,IWuAfYeM,aCcokpIU,396.0
1059,0,AKEMZMhk,IWuAfYeM,396.0
1059,0,oXDhDxhT,AKEMZMhk,396.0
1059,0,twlwLPZj,oXDhDxhT,406.0
1059,0,NjRgIRup,twlwLPZj,406.0
1059,0,ygaPVVOX,NjRgIRup,270.0
1059,0,SgmzKmGa,ygaPVVOX,231.0
922,0,ygaPVVOX,NjRgIRup,3179.0
922,0,SgmzKmGa,ygaPVVOX,3180.0
619,0,DeduXMzE,udlIzhJE,76.0
619,0,GXHjZCTL,DeduXMzE,77.0
619,0,yolIeCeg,GXHjZCTL,77.0
619,0,ozAxYCwR,yolIeCeg,77.0
619,0,qdrjbHYS,ozAxYCwR,77.0
619,0,AKdDiXyV,qdrjbHYS,246.0
619,0,gRuqifBH,AKdDiXyV,246.0
619,0,kZdBhxvo,gRuqifBH,246.0
619,0,ZBkAAevT,kZdBhxvo,246.0
619,0,cMinRgYB,ZBkAAevT,246.0
619,0,LRmPOeoe,cMinRgYB,246.0
619,0,tBNXSyMW,LRmPOeoe,246.0
619,0,ArHpJhVJ,tBNXSyMW,246.0
619,0,IWkYeNgA,eIBTCCCb,248.0
1063,0,IWkYeNgA,eIBTCCCb,2163.0
730,0,IsTbDzyj,vjmwMJTT,26.0
729,0,sceVWPKZ,dvaPHMux,3.0
729,0,NqSePdAx,sceVWPKZ,3.0
729,0,YxYhlArE,NqSePdAx,3.0
729,0,sAswhpJr,YxYhlArE,3.0
729,0,VyHGAkTo,sAswhpJr,3.0
729,0,RrhmmPMm,VyHGAkTo,3.0
729,0,XeefDCzo,RrhmmPMm,3.0
729,0,UDPMiWKD,XeefDCzo,3.0
729,0,ypjNmqeK,UDPMiWKD,3.0
729,0,EsTStEav,ypjNmqeK,3.0
730,0,zyATMMRX,IsTbDzyj,12.0
730,0,XJpVddlh,zyATMMRX,12.0
910,0,zyATMMRX,yDCZcPdO,16.0
910,0,XJpVddlh,zyATMMRX,16.0
919,0,AKFNXFCk,DPEjcwqA,49.0
919,0,HIkBoDID,AKFNXFCk,49.0
919,0,uKNLSXwU,HIkBoDID,49.0
919,0,QpjbbNqd,uKNLSXwU,49.0
919,0,qHHrAclK,QpjbbNqd,49.0
919,0,Jrutayet,qHHrAclK,49.0
910,0,EpCFePOD,vOivHtRX,9.0
619,0,dbNaZeWx,IWkYeNgA,244.0
1063,0,dbNaZeWx,IWkYeNgA,2142.0
1048,0,ygaPVVOX,NjRgIRup,379.0
1048,0,SgmzKmGa,ygaPVVOX,379.0
1048,0,oaiHprKy,SgmzKmGa,398.0
1048,0,EKGAgXOm,oaiHprKy,398.0
1048,0,RqCzrtQl,EKGAgXOm,398.0
1048,0,CfDISmMN,RqCzrtQl,398.0
1048,0,hSpdOQMh,CfDISmMN,703.0
1048,0,oXDhDxhT,AKEMZMhk,216.0
1048,0,twlwLPZj,oXDhDxhT,218.0
1048,0,NjRgIRup,twlwLPZj,218.0
984,0,RLMiJrFV,JtZjSNXW,1416.0
984,0,cYArvsJE,RLMiJrFV,1416.0
984,0,EeAWpikH,cYArvsJE,1416.0
984,0,rrYLcPKJ,EeAWpikH,1416.0
984,0,IbNLqAKw,rrYLcPKJ,1416.0
297,0,RLMiJrFV,JtZjSNXW,181.0
297,0,cYArvsJE,RLMiJrFV,181.0
297,0,EeAWpikH,cYArvsJE,181.0
297,0,rrYLcPKJ,EeAWpikH,181.0
297,0,IbNLqAKw,rrYLcPKJ,181.0
173,0,RLMiJrFV,JtZjSNXW,252.0
173,0,cYArvsJE,RLMiJrFV,252.0
173,0,EeAWpikH,cYArvsJE,252.0
173,0,rrYLcPKJ,EeAWpikH,252.0
173,0,IbNLqAKw,rrYLcPKJ,252.0
730,0,CkgzgDTz,XJpVddlh,9.0
730,0,AaOxIRuX,CkgzgDTz,12.0
730,0,mOxeJcai,AaOxIRuX,12.0
730,0,IbNLqAKw,mOxeJcai,12.0
122,0,WdOwNGhj,xfbmoJHP,2.0
122,0,kKKRBhFF,WdOwNGhj,2.0
122,0,NFInfBeu,kKKRBhFF,2.0
122,0,VCQdmIoF,NFInfBeu,2.0
122,0,ePrpofUw,VCQdmIoF,2.0
122,0,KcvPUxQg,ePrpofUw,2.0
122,0,BlnSxBAr,KcvPUxQg,2.0
122,0,TCBUGaZf,BlnSxBAr,2.0
122,0,pzcCDVmZ,TCBUGaZf,2.0
122,0,oUmVLfUX,pzcCDVmZ,2.0
122,0,fJdABIlw,oUmVLfUX,2.0
122,0,mXwfazRz,fJdABIlw,2.0
122,0,NGAodVTg,mXwfazRz,2.0
122,0,TvGyfQSI,NGAodVTg,2.0
122,0,HFYkXdPG,TvGyfQSI,2.0
122,0,KjgVoxgR,HFYkXdPG,1.0
122,0,xTOrUJFO,KjgVoxgR,1.0
684,0,KTHxRvtW,GhNbXpjs,1138.0
684,0,gRVxNCAP,KTHxRvtW,1227.0
684,0,FHkpxOov,gRVxNCAP,1227.0
711,0,AszcEtOu,BpAiVnps,939.0
711,0,TcEVvOUM,AszcEtOu,1734.0
780,0,lhSIyIfw,OeZVKJdr,2470.0
736,0,XLVjRryq,NxbXiMUL,7868.0
736,0,RVEyrwjR,XLVjRryq,8156.0
821,0,RfEbENxd,jQaLNViL,13.0
821,0,uxsctOEt,RfEbENxd,13.0
546,0,oUbtCHRB,jwtMzuEb,14.0
546,0,kSklWvZO,oUbtCHRB,14.0
546,0,wVKhsyCZ,kSklWvZO,14.0
546,0,oZJRchiN,wVKhsyCZ,14.0
546,0,xmGwLlME,oZJRchiN,14.0
546,0,KcBICYpI,xmGwLlME,14.0
546,0,XQiQvefE,KcBICYpI,14.0
546,0,eyUKPfnA,XQiQvefE,14.0
546,0,ZgqhsueA,eyUKPfnA,5.0
546,0,YvwuVYMF,ZgqhsueA,5.0
546,0,FZsFzszJ,YvwuVYMF,3.0
546,0,ALhaazBT,FZsFzszJ,1.0
546,0,ZijVddwt,ALhaazBT,1.0
546,0,SwLVnWPq,ZijVddwt,1.0
546,0,xGsoSfhX,SwLVnWPq,1.0
1048,0,rluMkzbt,hSpdOQMh,5.0
1059,0,oaiHprKy,SgmzKmGa,146.0
1059,0,EKGAgXOm,oaiHprKy,146.0
1059,0,RqCzrtQl,EKGAgXOm,146.0
1059,0,CfDISmMN,RqCzrtQl,145.0
922,0,oaiHprKy,SgmzKmGa,3120.0
922,0,EKGAgXOm,oaiHprKy,3120.0
922,0,RqCzrtQl,EKGAgXOm,3120.0
922,0,CfDISmMN,RqCzrtQl,3078.0
128,0,SgmzKmGa,ygaPVVOX,120.0
128,0,oaiHprKy,SgmzKmGa,120.0
128,0,EKGAgXOm,oaiHprKy,120.0
128,0,RqCzrtQl,EKGAgXOm,120.0
128,0,CfDISmMN,RqCzrtQl,120.0
128,0,CtzBEXfZ,CfDISmMN,120.0
128,0,RpAFtJSl,CtzBEXfZ,120.0
128,0,PcvuCqyL,RpAFtJSl,120.0
128,0,ItWJsmqN,PcvuCqyL,120.0
128,0,QOMpmplr,ItWJsmqN,120.0
128,0,HNejbQWJ,QOMpmplr,120.0
128,0,dQfoCLXo,HNejbQWJ,120.0
128,0,TatGKSDD,dQfoCLXo,131.0
128,0,tDDYXOza,TatGKSDD,131.0
128,0,LdNZcaVd,tDDYXOza,3.0
128,0,XgeKmxEU,LdNZcaVd,3.0
128,0,ASAgeGQh,XgeKmxEU,3.0
128,0,vQqKfyzC,ASAgeGQh,3.0
128,0,RgDNNvUZ,vQqKfyzC,3.0
128,0,TCqyxHhF,AszcEtOu,4.0
128,0,TcEVvOUM,TCqyxHhF,4.0
128,0,qGnNRXVR,TcEVvOUM,4.0
128,0,ouPwTbuD,qGnNRXVR,4.0
128,0,MwLdaJul,ouPwTbuD,4.0
128,0,QUMnpJQp,MwLdaJul,4.0
128,0,FyIjwLBj,QUMnpJQp,4.0
128,0,vXPGJwVk,FyIjwLBj,4.0
128,0,qzuHypgA,vXPGJwVk,4.0
128,0,KCMgfriT,qzuHypgA,4.0
128,0,hVMLOzME,KCMgfriT,4.0
128,0,TDvESTZN,hVMLOzME,4.0
128,0,WlkKexEs,TDvESTZN,4.0
128,0,MyzUerZz,WlkKexEs,4.0
128,0,hTBkjNzq,MyzUerZz,4.0
128,0,aCcokpIU,hTBkjNzq,33.0
128,0,IWuAfYeM,aCcokpIU,33.0
128,0,AKEMZMhk,IWuAfYeM,33.0
128,0,oXDhDxhT,AKEMZMhk,33.0
128,0,twlwLPZj,oXDhDxhT,33.0
128,0,NjRgIRup,twlwLPZj,33.0
128,0,ygaPVVOX,NjRgIRup,118.0
1054,0,gjxAdJvF,INegqJKU,158.0
1054,0,glTmyjXZ,gjxAdJvF,158.0
1054,0,TMphlUsu,glTmyjXZ,158.0
1054,0,xKAfsjzf,TMphlUsu,158.0
736,0,vDFCntfg,YvwuVYMF,6047.0
736,0,iEKDTvNf,vDFCntfg,6051.0
736,0,MyGqmywG,iEKDTvNf,6051.0
922,0,CtzBEXfZ,CfDISmMN,3162.0
1059,0,RpAFtJSl,CfDISmMN,140.0
984,0,UxEHDofF,IbNLqAKw,1161.0
984,0,KORPbuyR,UxEHDofF,1161.0
984,0,JfIhOMTg,KORPbuyR,1161.0
984,0,JdJprycd,JfIhOMTg,1161.0
297,0,UxEHDofF,IbNLqAKw,135.0
297,0,KORPbuyR,UxEHDofF,135.0
297,0,JfIhOMTg,KORPbuyR,135.0
297,0,JdJprycd,JfIhOMTg,135.0
173,0,UxEHDofF,IbNLqAKw,195.0
173,0,KORPbuyR,UxEHDofF,195.0
173,0,JfIhOMTg,KORPbuyR,195.0
173,0,JdJprycd,JfIhOMTg,195.0
1087,0,ddAfiRml,HHbKiMPc,291.0
1087,0,XfmqgVlB,ddAfiRml,291.0
1087,0,RldYRgxk,XfmqgVlB,291.0
1087,0,NmlfPGxe,RldYRgxk,291.0
1087,0,YlMTFYgN,NmlfPGxe,291.0
1087,0,pugbqfwh,YlMTFYgN,290.0
1087,0,INgMgzPi,pugbqfwh,315.0
1087,0,tKHOTHLP,INgMgzPi,315.0
1087,0,JYjcxadu,tKHOTHLP,244.0
1087,0,dIzWcSEA,JYjcxadu,244.0
1087,0,YIEuAZyW,dIzWcSEA,221.0
1087,0,iIARpDWU,YIEuAZyW,221.0
1087,0,BDmybVdG,iIARpDWU,35.0
750,0,rDmQAEpc,BDmybVdG,96.0
750,0,sKXIofXa,rDmQAEpc,96.0
750,0,MtbBZIqI,sKXIofXa,96.0
123,0,ygaPVVOX,NjRgIRup,12.0
123,0,SgmzKmGa,ygaPVVOX,12.0
123,0,oaiHprKy,SgmzKmGa,13.0
123,0,EKGAgXOm,oaiHprKy,13.0
123,0,RqCzrtQl,EKGAgXOm,13.0
122,0,xokKvraT,yeBNAVLu,37.0
122,0,HaSZVkzu,xokKvraT,37.0
122,0,yjaYbUGq,HaSZVkzu,37.0
122,0,LbyQgJih,yjaYbUGq,37.0
122,0,FPXdCAOW,LbyQgJih,37.0
122,0,ouHKxPGS,FPXdCAOW,37.0
122,0,GEijdcGW,ouHKxPGS,37.0
922,0,RpAFtJSl,CtzBEXfZ,2874.0
922,0,PcvuCqyL,RpAFtJSl,2936.0
1059,0,PcvuCqyL,RpAFtJSl,77.0
1054,0,ngHNiWhD,xKAfsjzf,133.0
1054,0,ZcBdJkwp,ngHNiWhD,133.0
123,0,gjxAdJvF,INegqJKU,5.0
123,0,glTmyjXZ,gjxAdJvF,5.0
123,0,TMphlUsu,glTmyjXZ,5.0
123,0,xKAfsjzf,TMphlUsu,5.0
123,0,ngHNiWhD,xKAfsjzf,5.0
123,0,ZcBdJkwp,ngHNiWhD,5.0
1659,0,juEdhOMs,vfRjIFnr,208.0
1659,0,ocUywYfN,juEdhOMs,208.0
1659,0,cPMyJryL,ocUywYfN,208.0
1659,0,eiOwifcC,cPMyJryL,208.0
1059,0,ItWJsmqN,PcvuCqyL,76.0
922,0,ItWJsmqN,PcvuCqyL,2814.0
129,0,huecLIWR,aeqnymTn,2.0
122,0,hkXbXhZN,scqbdPBp,2.0
122,0,TgpuXBqx,hkXbXhZN,2.0
122,0,IyPglFnI,TgpuXBqx,2.0
122,0,atGiINkp,IyPglFnI,2.0
122,0,tFIeEodn,atGiINkp,2.0
122,0,yeBNAVLu,tFIeEodn,2.0
984,0,kIKddsaQ,JdJprycd,1167.0
984,0,eJBRTpyb,kIKddsaQ,1167.0
984,0,dvaPHMux,eJBRTpyb,1167.0
297,0,eJBRTpyb,JdJprycd,105.0
297,0,dvaPHMux,eJBRTpyb,105.0
173,0,eJBRTpyb,JdJprycd,167.0
173,0,dvaPHMux,eJBRTpyb,167.0
730,0,UxEHDofF,IbNLqAKw,9.0
730,0,KORPbuyR,UxEHDofF,9.0
730,0,JfIhOMTg,KORPbuyR,9.0
730,0,JdJprycd,JfIhOMTg,9.0
730,0,eJBRTpyb,JdJprycd,9.0
730,0,dvaPHMux,eJBRTpyb,9.0
919,0,HNejbQWJ,QOMpmplr,1.0
919,0,dQfoCLXo,HNejbQWJ,48.0
919,0,NJLhSMnp,dQfoCLXo,48.0
919,0,vitXJVTB,NJLhSMnp,48.0
919,0,DPEjcwqA,vitXJVTB,48.0
1067,0,DzkWADkh,gmiMCrrb,284.0
1067,0,MjMnNBLG,DzkWADkh,291.0
1067,0,udKeccMr,MjMnNBLG,297.0
1067,0,HEshVETB,udKeccMr,297.0
1067,0,WKWTpoqQ,HEshVETB,297.0
1067,0,WlkKexEs,WKWTpoqQ,384.0
1067,0,MyzUerZz,WlkKexEs,467.0
1067,0,aCcokpIU,MyzUerZz,1125.0
1067,0,IWuAfYeM,aCcokpIU,1357.0
1067,0,AKEMZMhk,IWuAfYeM,1357.0
1067,0,oXDhDxhT,AKEMZMhk,1357.0
1067,0,twlwLPZj,oXDhDxhT,1358.0
1067,0,NjRgIRup,twlwLPZj,1569.0
1067,0,ygaPVVOX,NjRgIRup,1659.0
1067,0,SgmzKmGa,ygaPVVOX,1659.0
1067,0,EKGAgXOm,SgmzKmGa,1665.0
1067,0,CfDISmMN,EKGAgXOm,1665.0
1067,0,PcvuCqyL,CfDISmMN,1670.0
1067,0,QOMpmplr,PcvuCqyL,1670.0
1067,0,HNejbQWJ,QOMpmplr,1677.0
1067,0,UoWNmGnJ,HNejbQWJ,1779.0
1067,0,TatGKSDD,UoWNmGnJ,1781.0
1048,0,hTBkjNzq,MyzUerZz,180.0
1048,0,aCcokpIU,hTBkjNzq,208.0
1048,0,IWuAfYeM,aCcokpIU,215.0
1048,0,AKEMZMhk,IWuAfYeM,215.0
1048,0,ZBkAAevT,kZdBhxvo,71.0
1048,0,cMinRgYB,ZBkAAevT,71.0
1048,0,LRmPOeoe,cMinRgYB,71.0
1048,0,tBNXSyMW,LRmPOeoe,71.0
1048,0,ArHpJhVJ,tBNXSyMW,71.0
1048,0,tWpVdCtj,ArHpJhVJ,72.0
1048,0,EdJUuxct,tWpVdCtj,72.0
1048,0,gmiMCrrb,EdJUuxct,72.0
1048,0,DzkWADkh,gmiMCrrb,98.0
1048,0,MjMnNBLG,DzkWADkh,98.0
1048,0,XiRzIewe,MjMnNBLG,98.0
1048,0,HEshVETB,XiRzIewe,111.0
1048,0,WKWTpoqQ,HEshVETB,111.0
1048,0,WlkKexEs,WKWTpoqQ,111.0
1048,0,MyzUerZz,WlkKexEs,130.0
1048,0,awOEKaEj,qdrjbHYS,25.0
1048,0,gRuqifBH,awOEKaEj,25.0
1048,0,kZdBhxvo,gRuqifBH,35.0
932,0,qeXIqBgp,DMAMxgNC,1462.0
780,0,KgwKZlse,FZsFzszJ,2958.0
780,0,ALhaazBT,KgwKZlse,2909.0
780,0,YqlTLIQa,ALhaazBT,2650.0
780,0,AUmOMGnp,YqlTLIQa,2576.0
780,0,XFPAZveS,AUmOMGnp,2532.0
780,0,ejMjPdTH,XFPAZveS,1263.0
1189,0,hPbxQISN,jnDfAorM,1594.0
1124,0,SPorkGXj,OUlPxErG,51.0
1124,0,IJbUVGLH,SPorkGXj,59.0
1124,0,ZqOseExI,IJbUVGLH,59.0
1124,0,FdBCLyPI,ZqOseExI,59.0
1124,0,CrOFTJlw,FdBCLyPI,60.0
1124,0,PyGiRErs,CrOFTJlw,62.0
1124,0,JbCujTci,PyGiRErs,62.0
1124,0,exRzHfND,KyrNRMTR,12.0
1124,0,slwzdYAd,exRzHfND,12.0
1124,0,phodyDNv,slwzdYAd,12.0
1124,0,RuqLEiFp,phodyDNv,16.0
1124,0,NAwFzVQz,RuqLEiFp,16.0
1124,0,jEliwrSM,NAwFzVQz,42.0
1124,0,OUlPxErG,jEliwrSM,42.0
1128,0,JYjcxadu,tKHOTHLP,388.0
1128,0,dIzWcSEA,JYjcxadu,388.0
1128,0,YIEuAZyW,dIzWcSEA,346.0
1128,0,iIARpDWU,YIEuAZyW,346.0
1128,0,BDmybVdG,iIARpDWU,7.0
1066,0,ZBkAAevT,kZdBhxvo,15.0
1066,0,cMinRgYB,ZBkAAevT,15.0
1066,0,LRmPOeoe,cMinRgYB,15.0
1066,0,tBNXSyMW,LRmPOeoe,15.0
1066,0,ArHpJhVJ,tBNXSyMW,15.0
1066,0,tWpVdCtj,ArHpJhVJ,15.0
1066,0,EdJUuxct,tWpVdCtj,15.0
1066,0,gmiMCrrb,EdJUuxct,15.0
1066,0,DzkWADkh,gmiMCrrb,15.0
1066,0,MjMnNBLG,DzkWADkh,15.0
1066,0,XiRzIewe,MjMnNBLG,15.0
1066,0,HEshVETB,XiRzIewe,15.0
1066,0,WKWTpoqQ,HEshVETB,15.0
1066,0,WlkKexEs,WKWTpoqQ,15.0
1066,0,MyzUerZz,WlkKexEs,154.0
1066,0,hTBkjNzq,MyzUerZz,370.0
1066,0,aCcokpIU,hTBkjNzq,482.0
1066,0,IWuAfYeM,aCcokpIU,482.0
1066,0,AKEMZMhk,IWuAfYeM,482.0
1066,0,oXDhDxhT,AKEMZMhk,482.0
1066,0,twlwLPZj,oXDhDxhT,483.0
1066,0,NjRgIRup,twlwLPZj,483.0
1066,0,ygaPVVOX,NjRgIRup,510.0
1066,0,SgmzKmGa,ygaPVVOX,510.0
1066,0,oaiHprKy,SgmzKmGa,516.0
1066,0,EKGAgXOm,oaiHprKy,516.0
1066,0,RqCzrtQl,EKGAgXOm,516.0
1066,0,CfDISmMN,RqCzrtQl,516.0
1066,0,RpAFtJSl,CfDISmMN,580.0
1066,0,PcvuCqyL,RpAFtJSl,582.0
1066,0,QOMpmplr,PcvuCqyL,582.0
1066,0,HNejbQWJ,QOMpmplr,584.0
1066,0,NIAyNhca,HNejbQWJ,584.0
1067,0,LdNZcaVd,TatGKSDD,1764.0
1067,0,XgeKmxEU,LdNZcaVd,2.0
1066,0,DeduXMzE,udlIzhJE,3.0
1066,0,GXHjZCTL,DeduXMzE,3.0
1066,0,yolIeCeg,GXHjZCTL,3.0
1066,0,ozAxYCwR,yolIeCeg,3.0
1066,0,qdrjbHYS,ozAxYCwR,3.0
1066,0,AKdDiXyV,qdrjbHYS,14.0
1066,0,kZdBhxvo,AKdDiXyV,14.0
1066,0,fxsyxfZK,NIAyNhca,567.0
1072,0,DzkWADkh,gmiMCrrb,488.0
1072,0,MjMnNBLG,DzkWADkh,488.0
1072,0,XiRzIewe,MjMnNBLG,488.0
1072,0,HEshVETB,XiRzIewe,538.0
1072,0,WKWTpoqQ,HEshVETB,538.0
1072,0,WlkKexEs,WKWTpoqQ,555.0
1072,0,MyzUerZz,WlkKexEs,814.0
1072,0,hTBkjNzq,MyzUerZz,1065.0
1072,0,aCcokpIU,hTBkjNzq,1145.0
1072,0,IWuAfYeM,aCcokpIU,1148.0
1072,0,AKEMZMhk,IWuAfYeM,1148.0
1072,0,oXDhDxhT,AKEMZMhk,1148.0
1072,0,twlwLPZj,oXDhDxhT,1153.0
1072,0,NjRgIRup,twlwLPZj,1166.0
1072,0,ygaPVVOX,NjRgIRup,2093.0
1072,0,SgmzKmGa,ygaPVVOX,2093.0
1072,0,oaiHprKy,SgmzKmGa,2162.0
1072,0,EKGAgXOm,oaiHprKy,2162.0
1072,0,RqCzrtQl,EKGAgXOm,2162.0
1072,0,CfDISmMN,RqCzrtQl,2162.0
1072,0,RpAFtJSl,CfDISmMN,2336.0
1072,0,PcvuCqyL,RpAFtJSl,2359.0
1072,0,QOMpmplr,PcvuCqyL,2359.0
1072,0,HNejbQWJ,QOMpmplr,2455.0
1072,0,dQfoCLXo,HNejbQWJ,2463.0
1072,0,NJLhSMnp,dQfoCLXo,2463.0
922,0,QOMpmplr,ItWJsmqN,2638.0
922,0,HNejbQWJ,QOMpmplr,2636.0
922,0,dQfoCLXo,HNejbQWJ,2716.0
922,0,NJLhSMnp,dQfoCLXo,2716.0
913,0,mEqtlIiP,jZLvbydT,185.0
913,0,pNfwvVoI,mEqtlIiP,185.0
913,0,sqkVVOFh,pNfwvVoI,186.0
943,0,OZSLHXCc,qdLlCZel,6.0
943,0,jEVQeNyS,OZSLHXCc,37.0
943,0,HeRuYpNs,jEVQeNyS,36.0
943,0,qRJySzaf,HeRuYpNs,32.0
943,0,LTfflVxG,qRJySzaf,32.0
943,0,AhWKwjTz,LTfflVxG,24.0
943,0,VEiYdotb,AhWKwjTz,24.0
943,0,DgYBMgPg,VEiYdotb,24.0
943,0,yjQwxGED,DgYBMgPg,19.0
943,0,KPcRWbGT,yjQwxGED,19.0
943,0,uGRyXcfW,KPcRWbGT,19.0
943,0,HlhFjJtZ,uGRyXcfW,19.0
943,0,ALhaazBT,HlhFjJtZ,19.0
943,0,YqlTLIQa,ALhaazBT,18.0
943,0,AUmOMGnp,YqlTLIQa,18.0
943,0,XFPAZveS,AUmOMGnp,14.0
943,0,ojqTFFWy,XFPAZveS,7.0
1119,0,SUgOBtjk,ILgjTtXh,45.0
1119,0,gACwumWT,SUgOBtjk,45.0
1119,0,JtZjSNXW,gACwumWT,45.0
1119,0,RLMiJrFV,JtZjSNXW,89.0
1119,0,cYArvsJE,RLMiJrFV,89.0
1119,0,EeAWpikH,cYArvsJE,89.0
1119,0,rrYLcPKJ,EeAWpikH,89.0
1119,0,IbNLqAKw,rrYLcPKJ,89.0
1119,0,UxEHDofF,IbNLqAKw,118.0
1119,0,KORPbuyR,UxEHDofF,118.0
1119,0,JfIhOMTg,KORPbuyR,118.0
1119,0,JdJprycd,JfIhOMTg,118.0
1119,0,xjJdOfLG,JdJprycd,147.0
1119,0,QQHZGEng,xjJdOfLG,147.0
1119,0,EFaiAjAK,QQHZGEng,147.0
1119,0,eUBMdtJg,EFaiAjAK,151.0
1119,0,JyqrAKLu,TCMQvOqy,21.0
1119,0,XxhwFmzZ,JyqrAKLu,21.0
1119,0,QZgueNIh,XxhwFmzZ,21.0
1119,0,JFVlrPHE,QZgueNIh,27.0
1119,0,cpLivUai,JFVlrPHE,27.0
1119,0,fKUdbDza,cpLivUai,27.0
1119,0,DATqCMmz,fKUdbDza,31.0
1119,0,ILgjTtXh,DATqCMmz,31.0
920,0,jqOOThyw,dvaPHMux,82.0
920,0,aUsRFqQV,jqOOThyw,82.0
920,0,TGiiAnII,aUsRFqQV,82.0
920,0,tIkiTaAn,TGiiAnII,82.0
920,0,WmxXwpoc,tIkiTaAn,82.0
1059,0,QOMpmplr,ItWJsmqN,2.0
1059,0,HNejbQWJ,QOMpmplr,2.0
909,0,bCbInHHL,mXosqjnx,64.0
909,0,crypOuMD,bCbInHHL,64.0
909,0,yTOnYgGF,EsTStEav,44.0
909,0,mXosqjnx,yTOnYgGF,44.0
751,0,dfrJZjmW,NjRgIRup,1677.0
751,0,AFcMAvOI,dfrJZjmW,1950.0
751,0,FltmFbyo,AFcMAvOI,1950.0
751,0,jUExBSiR,FltmFbyo,1292.0
751,0,vPrJwoLq,jUExBSiR,1292.0
751,0,aHDoehBY,vPrJwoLq,1292.0
751,0,WwbQwfXi,aHDoehBY,2119.0
1119,0,KvSvcvIL,LggmrEeo,192.0
235,0,fkZFUNSd,jFmPCmzM,5865.0
235,0,JYrrjUtU,fkZFUNSd,5865.0
235,0,cttUtMNm,JYrrjUtU,5865.0
235,0,wHfmVQMh,cttUtMNm,5914.0
235,0,mdGitRQe,wHfmVQMh,5489.0
235,0,SOBUilCD,mdGitRQe,4405.0
235,0,RVGhYAxc,SOBUilCD,4405.0
1176,0,PNniCxAw,vacPrbQA,976.0
1176,0,aZaGhhAB,PNniCxAw,1076.0
1176,0,CVcknAiw,aZaGhhAB,1076.0
1176,0,uGkwFELU,CVcknAiw,1076.0
1176,0,IzKulrBJ,uGkwFELU,1078.0
400,0,ogOCBKAf,dWLNxRJP,1787.0
1087,0,vCtwKmtA,hGRIMrVW,268.0
1087,0,wFiJapOA,vCtwKmtA,268.0
1087,0,HHbKiMPc,wFiJapOA,268.0
922,0,vitXJVTB,NJLhSMnp,2635.0
922,0,DPEjcwqA,vitXJVTB,2635.0
1072,0,awOEKaEj,qdrjbHYS,298.0
1072,0,kZdBhxvo,awOEKaEj,298.0
1072,0,ZBkAAevT,kZdBhxvo,331.0
1072,0,cMinRgYB,ZBkAAevT,331.0
1072,0,LRmPOeoe,cMinRgYB,331.0
1072,0,tBNXSyMW,LRmPOeoe,331.0
1072,0,ArHpJhVJ,tBNXSyMW,344.0
1072,0,tWpVdCtj,ArHpJhVJ,351.0
1072,0,EdJUuxct,tWpVdCtj,351.0
1072,0,gmiMCrrb,EdJUuxct,351.0
1072,0,lyEtzViy,NJLhSMnp,2804.0
1072,0,uVrlMgNx,lyEtzViy,2793.0
909,0,uNHtUGfb,crypOuMD,30.0
909,0,XeefDCzo,IbNLqAKw,4.0
909,0,UDPMiWKD,XeefDCzo,4.0
909,0,ypjNmqeK,UDPMiWKD,4.0
909,0,EsTStEav,ypjNmqeK,4.0
909,0,vOivHtRX,uNHtUGfb,37.0
922,0,AKFNXFCk,DPEjcwqA,2631.0
858,0,TEpDjcLc,AlpXiRiW,193.0
858,0,PORiPCGC,TEpDjcLc,193.0
858,0,VPnRvCbn,PORiPCGC,193.0
1072,0,ZsNhjIbg,uVrlMgNx,2832.0
1072,0,GhOGJPtU,ZsNhjIbg,2832.0
1067,0,TsaeiIGv,EkWBPXmr,17.0
1067,0,OsBkWRQx,TsaeiIGv,51.0
1067,0,TlwaKrQx,OsBkWRQx,51.0
1067,0,udlIzhJE,TlwaKrQx,51.0
1067,0,DeduXMzE,udlIzhJE,53.0
1067,0,GXHjZCTL,DeduXMzE,53.0
1067,0,yolIeCeg,GXHjZCTL,53.0
1067,0,ozAxYCwR,yolIeCeg,53.0
1067,0,qdrjbHYS,ozAxYCwR,53.0
1067,0,AKdDiXyV,qdrjbHYS,66.0
1067,0,gRuqifBH,AKdDiXyV,260.0
1067,0,kZdBhxvo,gRuqifBH,260.0
1067,0,ZBkAAevT,kZdBhxvo,260.0
1067,0,cMinRgYB,ZBkAAevT,260.0
1067,0,LRmPOeoe,cMinRgYB,260.0
1067,0,tBNXSyMW,LRmPOeoe,260.0
1067,0,ArHpJhVJ,tBNXSyMW,261.0
1067,0,tWpVdCtj,ArHpJhVJ,261.0
1067,0,gmiMCrrb,tWpVdCtj,261.0
1068,0,ttuFHhig,scqbdPBp,34.0
1068,0,WjngiDTm,ttuFHhig,34.0
1068,0,jEhGDfoN,WjngiDTm,34.0
926,0,noGdINij,JmVfbKXA,7.0
926,0,UXYZCAgB,noGdINij,7.0
926,0,jjHnlXVx,UXYZCAgB,8.0
926,0,zmlEwfKx,jjHnlXVx,8.0
926,0,BvLvsPYo,zmlEwfKx,8.0
926,0,NcoKemSg,BvLvsPYo,8.0
926,0,HfcobGNa,NcoKemSg,8.0
926,0,SJvhYGxR,HfcobGNa,8.0
926,0,HyvnzuHA,SJvhYGxR,8.0
926,0,TNTzUMyF,HyvnzuHA,3.0
926,0,avRuCqLk,TNTzUMyF,3.0
926,0,wIAALBva,avRuCqLk,3.0
926,0,nxBXRnVc,wIAALBva,3.0
926,0,sXWHYDNZ,nxBXRnVc,3.0
926,0,VKAAZZOV,sXWHYDNZ,3.0
926,0,Vtdujofe,VKAAZZOV,3.0
926,0,edTVGmZc,Vtdujofe,3.0
926,0,iqwCaPZT,edTVGmZc,3.0
926,0,qqDoWQdv,iqwCaPZT,3.0
926,0,eymgjBxV,qqDoWQdv,1.0
926,0,EonJeQKz,eymgjBxV,1.0
926,0,vkWqgNph,EonJeQKz,1.0
926,0,nJRQzVZQ,vkWqgNph,1.0
926,0,xunvufHj,nJRQzVZQ,1.0
926,0,rxrORjnb,xunvufHj,1.0
780,0,wuAzVrCW,fdwLSfsa,3999.0
780,0,mRKfPREJ,wuAzVrCW,3999.0
780,0,HeRuYpNs,mRKfPREJ,3999.0
780,0,qRJySzaf,HeRuYpNs,3669.0
780,0,LTfflVxG,qRJySzaf,3669.0
780,0,AhWKwjTz,LTfflVxG,4601.0
1591,0,urhYpysk,TGjXCzny,777.0
1591,0,eYYHcaFH,urhYpysk,783.0
1591,0,aGRhAFxn,eYYHcaFH,783.0
1591,0,YzXnYVPd,aGRhAFxn,229.0
1591,0,TEKQTTfp,YzXnYVPd,148.0
922,0,HIkBoDID,AKFNXFCk,2536.0
922,0,uKNLSXwU,HIkBoDID,2659.0
922,0,QpjbbNqd,uKNLSXwU,2659.0
922,0,qHHrAclK,QpjbbNqd,2659.0
922,0,Jrutayet,qHHrAclK,2659.0
1058,0,xokKvraT,INegqJKU,25.0
1058,0,HaSZVkzu,xokKvraT,25.0
1058,0,yjaYbUGq,HaSZVkzu,25.0
1058,0,LbyQgJih,yjaYbUGq,25.0
1058,0,FPXdCAOW,LbyQgJih,25.0
1058,0,ouHKxPGS,FPXdCAOW,25.0
1058,0,GEijdcGW,ouHKxPGS,25.0
1058,0,MKKzwAOv,GEijdcGW,25.0
1058,0,mhDCqtpx,MKKzwAOv,25.0
1058,0,TJDsQDoO,mhDCqtpx,25.0
1119,0,QjcDKOzv,eUBMdtJg,153.0
1119,0,RUTwxhGS,QjcDKOzv,153.0
1119,0,uCoCFrtM,RUTwxhGS,153.0
1119,0,QzziCuGD,uCoCFrtM,153.0
1119,0,WmKWqOVN,QzziCuGD,153.0
1119,0,QBspXqKX,WmKWqOVN,153.0
1119,0,qYzIAyEg,QBspXqKX,153.0
1119,0,ZdKqQSZH,qYzIAyEg,153.0
1119,0,mSHqQduu,ZdKqQSZH,153.0
1119,0,MuzbvXqA,mSHqQduu,153.0
1119,0,qrudAScT,MuzbvXqA,160.0
920,0,SkzmPMHG,WmxXwpoc,110.0
920,0,MmDOtEna,SkzmPMHG,110.0
920,0,ZCeMNbFi,MmDOtEna,110.0
920,0,PBIThtAQ,ZCeMNbFi,110.0
920,0,iAuWJytQ,PBIThtAQ,110.0
920,0,RqKQqVrZ,iAuWJytQ,110.0
920,0,HyvnzuHA,RqKQqVrZ,110.0
920,0,TNTzUMyF,HyvnzuHA,14.0
920,0,avRuCqLk,TNTzUMyF,14.0
920,0,wIAALBva,avRuCqLk,14.0
920,0,nxBXRnVc,wIAALBva,14.0
920,0,sXWHYDNZ,nxBXRnVc,14.0
920,0,VKAAZZOV,sXWHYDNZ,14.0
922,0,UosQUisT,Jrutayet,1688.0
922,0,FQOgjaka,UosQUisT,1688.0
725,0,YmkUpvHU,qKeCDDXI,3111.0
725,0,WOOyqinT,YmkUpvHU,3048.0
725,0,mnkgCFDT,WOOyqinT,2500.0
860,0,DJFnuQGw,KAhfQHTl,5.0
860,0,jkZnMKOY,DJFnuQGw,5.0
856,0,ygaPVVOX,NjRgIRup,714.0
856,0,SgmzKmGa,ygaPVVOX,714.0
856,0,oaiHprKy,SgmzKmGa,721.0
856,0,EKGAgXOm,oaiHprKy,721.0
856,0,RqCzrtQl,EKGAgXOm,721.0
856,0,CfDISmMN,RqCzrtQl,721.0
856,0,CtzBEXfZ,CfDISmMN,741.0
856,0,RpAFtJSl,CtzBEXfZ,744.0
856,0,PcvuCqyL,RpAFtJSl,744.0
856,0,QOMpmplr,PcvuCqyL,744.0
856,0,HNejbQWJ,QOMpmplr,755.0
856,0,dQfoCLXo,HNejbQWJ,755.0
856,0,NJLhSMnp,dQfoCLXo,755.0
856,0,vitXJVTB,NJLhSMnp,765.0
856,0,DPEjcwqA,vitXJVTB,765.0
856,0,AKFNXFCk,DPEjcwqA,765.0
856,0,HIkBoDID,AKFNXFCk,803.0
856,0,FBcFacnd,HIkBoDID,895.0
856,0,URVlPKPB,FBcFacnd,895.0
856,0,dROKJpRC,URVlPKPB,899.0
856,0,UNRVYnCk,dROKJpRC,899.0
856,0,rvjuJASP,UNRVYnCk,550.0
856,0,BLgEghTV,rvjuJASP,550.0
856,0,EnXcRLvh,BLgEghTV,550.0
856,0,snhIMWCK,EnXcRLvh,534.0
856,0,oKUAvFAb,snhIMWCK,534.0
1072,0,WOuDNhbw,GhOGJPtU,2816.0
1072,0,oWUXSqrA,WOuDNhbw,2816.0
1072,0,CYkmgDbv,oWUXSqrA,2816.0
543,0,ocvrxaqr,FhTsxOaf,2.0
543,0,aYZQdfnX,ocvrxaqr,2.0
543,0,oUbtCHRB,aYZQdfnX,2.0
543,0,mNfpWfKJ,oUbtCHRB,2.0
543,0,kSklWvZO,mNfpWfKJ,2.0
543,0,wVKhsyCZ,kSklWvZO,2.0
543,0,oZJRchiN,wVKhsyCZ,2.0
543,0,xmGwLlME,oZJRchiN,2.0
543,0,KcBICYpI,xmGwLlME,2.0
543,0,XQiQvefE,KcBICYpI,2.0
543,0,eyUKPfnA,XQiQvefE,2.0
543,0,ZgqhsueA,eyUKPfnA,1.0
543,0,YvwuVYMF,ZgqhsueA,1.0
543,0,FZsFzszJ,YvwuVYMF,1.0
543,0,ALhaazBT,FZsFzszJ,1.0
543,0,ZijVddwt,ALhaazBT,1.0
1076,0,lodnRGFY,euDckIMa,1076.0
1076,0,lCGwWknx,lodnRGFY,1076.0
1076,0,tZcBjHOF,lCGwWknx,1074.0
1076,0,VfuMcuJJ,tZcBjHOF,1074.0
1076,0,lnzZDlDL,VfuMcuJJ,1074.0
1132,0,RQpCZdJL,zIFSdUXT,846.0
1132,0,YkRwsmPU,RQpCZdJL,846.0
1132,0,hFLBtQiP,YkRwsmPU,846.0
1132,0,kXKEwBKv,hFLBtQiP,846.0
1132,0,rAvbFSrB,kXKEwBKv,846.0
1132,0,dONffpoj,rAvbFSrB,846.0
1132,0,ZgirRZil,dONffpoj,846.0
1132,0,OFTTxfUx,ZgirRZil,846.0
1132,0,ZWnHyyqY,OFTTxfUx,846.0
1132,0,TvILSVoy,ZWnHyyqY,846.0
1132,0,bkJSkGrT,TvILSVoy,846.0
1132,0,tFSvrGay,bkJSkGrT,307.0
1076,0,rYcBAOGh,Hjpeultj,1163.0
1076,0,QHfelpAR,rYcBAOGh,1133.0
1076,0,RapSzmXO,QHfelpAR,1133.0
1076,0,euDckIMa,RapSzmXO,1076.0
922,0,URvEqJxF,FQOgjaka,1590.0
922,0,JalqBTeK,URvEqJxF,1590.0
922,0,UAwQbGIv,JalqBTeK,1590.0
922,0,HyvnzuHA,UAwQbGIv,1590.0
177,0,DzkWADkh,tBgOcvQf,1682.0
177,0,MjMnNBLG,DzkWADkh,1682.0
177,0,XiRzIewe,MjMnNBLG,1682.0
177,0,udKeccMr,XiRzIewe,2272.0
177,0,HEshVETB,udKeccMr,2272.0
177,0,WKWTpoqQ,HEshVETB,2272.0
1047,0,gIrHwcsI,ouHKxPGS,3.0
926,0,JmVfbKXA,eebyhqqT,2.0
916,0,FgmIokcD,VNhVtVFP,40.0
916,0,gcIdZvqz,FgmIokcD,49.0
916,0,PRSWWHtT,gcIdZvqz,49.0
916,0,cTiyrkFA,PRSWWHtT,49.0
916,0,CyecXZGv,cTiyrkFA,61.0
1226,0,NmRushck,xMwzCIXQ,10836.0
1681,0,UuoajKVN,fdwfslrS,141.0
1681,0,tmPrLnhA,UuoajKVN,141.0
1681,0,KHybvzQw,tmPrLnhA,141.0
1681,0,WywmvGMH,KHybvzQw,134.0
1681,0,AesbwnPs,WywmvGMH,133.0
1681,0,hzAARBgX,AesbwnPs,133.0
1681,0,IjDfGHsr,hzAARBgX,133.0
1681,0,TFRpjaAo,IjDfGHsr,133.0
1681,0,JhdinCeD,TFRpjaAo,123.0
1681,0,ZIieNEvD,JhdinCeD,123.0
1681,0,jvLymITs,ZIieNEvD,123.0
1681,0,jJVVpGMf,jvLymITs,4.0
1681,0,tcYerYbk,jJVVpGMf,4.0
1681,0,pPKqPUVW,tcYerYbk,4.0
1681,0,iYTiOTOT,pPKqPUVW,4.0
1681,0,dLtneiKf,iYTiOTOT,4.0
1681,0,slfxTuih,dLtneiKf,4.0
1681,0,XFPAZveS,slfxTuih,4.0
1681,0,ojqTFFWy,XFPAZveS,4.0
903,0,eCAYEbtu,moYdstNu,142.0
903,0,ZXZRiXZk,eCAYEbtu,135.0
903,0,lHJswKjJ,ZXZRiXZk,159.0
903,0,mOIvxNWl,lHJswKjJ,159.0
903,0,knEDXVsi,mOIvxNWl,159.0
903,0,fwLjTwPH,knEDXVsi,159.0
903,0,pNPkNoga,fwLjTwPH,160.0
903,0,rhOosuOh,pNPkNoga,144.0
903,0,VKJFREzF,rhOosuOh,144.0
903,0,EvOnizWo,VKJFREzF,144.0
903,0,PjaElYBL,EvOnizWo,144.0
903,0,YvwuVYMF,PjaElYBL,144.0
619,0,OsBkWRQx,TsaeiIGv,3.0
619,0,udlIzhJE,OsBkWRQx,75.0
1063,0,MyzUerZz,WlkKexEs,992.0
400,0,PrbXVSIs,MEUYJwAC,3464.0
400,0,BaMKWhPW,PrbXVSIs,3263.0
400,0,UrOuumcZ,BaMKWhPW,3263.0
400,0,ykQYJtnJ,UrOuumcZ,3271.0
400,0,riNnsYaQ,ykQYJtnJ,3271.0
400,0,nfCzcTzh,riNnsYaQ,6741.0
922,0,DJxHBCmY,HyvnzuHA,760.0
930,0,ygaPVVOX,NjRgIRup,12.0
930,0,SgmzKmGa,ygaPVVOX,12.0
930,0,oaiHprKy,SgmzKmGa,12.0
930,0,EKGAgXOm,oaiHprKy,12.0
930,0,RqCzrtQl,EKGAgXOm,12.0
930,0,CfDISmMN,RqCzrtQl,12.0
930,0,CtzBEXfZ,CfDISmMN,12.0
930,0,RpAFtJSl,CtzBEXfZ,12.0
930,0,PcvuCqyL,RpAFtJSl,12.0
930,0,QOMpmplr,PcvuCqyL,13.0
930,0,HNejbQWJ,QOMpmplr,13.0
930,0,dQfoCLXo,HNejbQWJ,14.0
930,0,NJLhSMnp,dQfoCLXo,14.0
930,0,vitXJVTB,NJLhSMnp,14.0
930,0,DPEjcwqA,vitXJVTB,14.0
930,0,AKFNXFCk,DPEjcwqA,14.0
930,0,HIkBoDID,AKFNXFCk,14.0
930,0,uKNLSXwU,HIkBoDID,35.0
930,0,QpjbbNqd,uKNLSXwU,35.0
930,0,qHHrAclK,QpjbbNqd,35.0
930,0,Jrutayet,qHHrAclK,35.0
930,0,UosQUisT,Jrutayet,36.0
930,0,FQOgjaka,UosQUisT,36.0
930,0,URvEqJxF,FQOgjaka,37.0
930,0,JalqBTeK,URvEqJxF,37.0
930,0,UAwQbGIv,JalqBTeK,37.0
930,0,HyvnzuHA,UAwQbGIv,37.0
930,0,BOfkKWXd,HyvnzuHA,57.0
930,0,ftNxmWZm,BOfkKWXd,73.0
930,0,yFvgNkDl,ftNxmWZm,73.0
930,0,lDGKQeaf,yFvgNkDl,73.0
930,0,wSxpBpYI,lDGKQeaf,35.0
922,0,UUpfieFN,DJxHBCmY,743.0
911,0,vitXJVTB,NJLhSMnp,778.0
911,0,DPEjcwqA,vitXJVTB,778.0
911,0,AKFNXFCk,DPEjcwqA,778.0
911,0,HIkBoDID,AKFNXFCk,785.0
911,0,FBcFacnd,HIkBoDID,790.0
911,0,URVlPKPB,FBcFacnd,790.0
911,0,vpSWiOiP,URVlPKPB,938.0
911,0,BvsSDYgP,vpSWiOiP,942.0
911,0,aCcokpIU,hTBkjNzq,487.0
911,0,IWuAfYeM,aCcokpIU,487.0
911,0,AKEMZMhk,IWuAfYeM,487.0
911,0,oXDhDxhT,AKEMZMhk,487.0
911,0,twlwLPZj,oXDhDxhT,489.0
911,0,NjRgIRup,twlwLPZj,489.0
911,0,ygaPVVOX,NjRgIRup,715.0
911,0,SgmzKmGa,ygaPVVOX,715.0
911,0,oaiHprKy,SgmzKmGa,725.0
911,0,EKGAgXOm,oaiHprKy,725.0
911,0,RqCzrtQl,EKGAgXOm,725.0
911,0,CfDISmMN,RqCzrtQl,725.0
911,0,CtzBEXfZ,CfDISmMN,747.0
911,0,RpAFtJSl,CtzBEXfZ,747.0
911,0,PcvuCqyL,RpAFtJSl,747.0
911,0,QOMpmplr,PcvuCqyL,747.0
911,0,HNejbQWJ,QOMpmplr,762.0
911,0,dQfoCLXo,HNejbQWJ,762.0
911,0,NJLhSMnp,dQfoCLXo,762.0
922,0,XHBoVocK,UUpfieFN,733.0
922,0,arebgYBg,XHBoVocK,733.0
922,0,TWTKfAgl,arebgYBg,733.0
1119,0,VQfPRvUw,qGgPbtbT,1.0
1119,0,VCGhveHG,VQfPRvUw,1.0
1119,0,WQdyWhSR,VCGhveHG,1.0
1119,0,vCGIyJLJ,WQdyWhSR,1.0
1119,0,xuEvBBdE,vCGIyJLJ,3.0
1119,0,rAizOLWV,xuEvBBdE,3.0
1119,0,JdZarNsv,rAizOLWV,3.0
1119,0,NmilzqZp,JdZarNsv,3.0
1119,0,TCMQvOqy,NmilzqZp,4.0
911,0,hTBkjNzq,MyzUerZz,374.0
911,0,KVgMjZao,BvsSDYgP,948.0
911,0,rvGAYltM,KVgMjZao,948.0
911,0,kUJgeRIS,rvGAYltM,914.0
911,0,pfeYSjby,kUJgeRIS,672.0
911,0,MyzUerZz,WlkKexEs,17.0
135,0,ZIzswYos,lyJEgbqI,48.0
135,0,SiNHgyIy,ZIzswYos,59.0
135,0,kUNGxXZI,SiNHgyIy,421.0
135,0,nVkihPOJ,kUNGxXZI,421.0
135,0,YvwuVYMF,nVkihPOJ,421.0
135,0,vDFCntfg,YvwuVYMF,137.0
135,0,iEKDTvNf,vDFCntfg,137.0
135,0,MyGqmywG,iEKDTvNf,137.0
135,0,NxbXiMUL,MyGqmywG,135.0
135,0,XLVjRryq,NxbXiMUL,128.0
135,0,gzTQJVMW,XLVjRryq,128.0
135,0,BLvXEzeq,gzTQJVMW,68.0
135,0,KgwKZlse,BLvXEzeq,65.0
135,0,AoRkaUmb,KgwKZlse,65.0
135,0,ALhaazBT,AoRkaUmb,65.0
135,0,YqlTLIQa,ALhaazBT,62.0
135,0,AUmOMGnp,YqlTLIQa,62.0
135,0,XFPAZveS,AUmOMGnp,60.0
135,0,ojqTFFWy,XFPAZveS,40.0
1076,0,AlpXiRiW,lnzZDlDL,984.0
1076,0,TEpDjcLc,AlpXiRiW,367.0
1076,0,PORiPCGC,TEpDjcLc,367.0
1076,0,VPnRvCbn,PORiPCGC,367.0
1076,0,tUQXHMzJ,VPnRvCbn,335.0
1076,0,YjKQPWoa,tUQXHMzJ,333.0
1076,0,KAhfQHTl,YjKQPWoa,333.0
1141,0,UfJDroVz,lsFGVtlq,1276.0
1141,0,biJBLznK,UfJDroVz,1276.0
1141,0,TcsyXYNn,biJBLznK,1262.0
1141,0,qKeCDDXI,TcsyXYNn,1262.0
1141,0,YmkUpvHU,qKeCDDXI,1843.0
1141,0,GbYxEXTt,YmkUpvHU,974.0
1141,0,DOGyniWl,GbYxEXTt,449.0
1099,0,uaUalZjh,HXvpcqcH,557.0
1099,0,tZxKeFkh,uaUalZjh,557.0
1099,0,yOopALph,tZxKeFkh,367.0
1099,0,TBShKgjD,yOopALph,203.0
1099,0,aXWsLpyQ,TBShKgjD,203.0
1099,0,MwUoGUHv,aXWsLpyQ,196.0
1099,0,lndqhzzh,MwUoGUHv,196.0
1099,0,jOvjucEC,lndqhzzh,196.0
1099,0,HbaaqMIK,jOvjucEC,196.0
1099,0,SvkqEtGw,HbaaqMIK,185.0
1099,0,DKTMYVhM,SvkqEtGw,185.0
1099,0,fXFJjsZH,DKTMYVhM,154.0
1099,0,zKpOsJgw,fXFJjsZH,154.0
1099,0,ZFSCrBEp,zKpOsJgw,154.0
1099,0,PQuXHWcA,ZFSCrBEp,149.0
1099,0,XkkxwlXm,PQuXHWcA,149.0
1099,0,tcHYhVZo,XkkxwlXm,140.0
1099,0,OUTzwMHI,tcHYhVZo,139.0
1099,0,rGYrQqGa,OUTzwMHI,113.0
1099,0,QCBPrBCl,rGYrQqGa,113.0
1099,0,wDEypHfE,QCBPrBCl,106.0
1099,0,yTNmoAGc,wDEypHfE,106.0
1099,0,meZHMfSd,yTNmoAGc,98.0
1099,0,wGTdgRcU,meZHMfSd,98.0
1099,0,cQHgTjKq,wGTdgRcU,92.0
1099,0,ruogAkOJ,cQHgTjKq,92.0
1099,0,tndfGrTh,ruogAkOJ,92.0
1099,0,OdzEGWPG,tndfGrTh,92.0
1099,0,WUWIxCFc,OdzEGWPG,86.0
1099,0,gyQqEnFq,WUWIxCFc,86.0
1099,0,DUFShJgp,nsdRxeeS,418.0
1099,0,JgwwvaMP,DUFShJgp,418.0
1099,0,lBxutteT,JgwwvaMP,418.0
1099,0,KfdekYuk,lBxutteT,479.0
1099,0,qErQsNEG,KfdekYuk,479.0
1099,0,avVajdeO,qErQsNEG,479.0
1099,0,HXvpcqcH,avVajdeO,479.0
1317,0,pPqywgRl,yprCGtVa,2138.0
1317,0,SJHseTdc,pPqywgRl,2062.0
1317,0,HGjkimBc,SJHseTdc,2061.0
1317,0,IubGYoNi,HGjkimBc,2373.0
1317,0,fmQEzQWV,IubGYoNi,2645.0
1317,0,BpAiVnps,fmQEzQWV,2992.0
1317,0,AszcEtOu,BpAiVnps,3133.0
1331,0,GtMUYUwJ,MoCDatJm,1000.0
1331,0,lQIpGOTn,GtMUYUwJ,934.0
1331,0,uhUmvvRs,lQIpGOTn,934.0
1331,0,plWWPiMc,uhUmvvRs,864.0
1331,0,HcPkwFHM,plWWPiMc,823.0
1331,0,KjuJaNsu,HcPkwFHM,823.0
1331,0,oNyGHMvy,KjuJaNsu,823.0
1331,0,QdnKSSsO,oNyGHMvy,817.0
1331,0,vSdfqYeK,QdnKSSsO,796.0
1331,0,wDpyEsxh,vSdfqYeK,752.0
1331,0,jIerKxIb,wDpyEsxh,752.0
1331,0,IubGYoNi,jIerKxIb,484.0
1331,0,fmQEzQWV,IubGYoNi,484.0
1331,0,BpAiVnps,fmQEzQWV,460.0
1174,0,QEnOoljA,ARQSeSoV,1688.0
1174,0,louTHuTF,jpQxXiev,836.0
1174,0,oVtKGSMs,louTHuTF,836.0
1174,0,kekwMubZ,oVtKGSMs,836.0
1174,0,xFzHIeRy,kekwMubZ,836.0
1174,0,qnfbEQfU,xFzHIeRy,817.0
1174,0,BGiGDHMe,qnfbEQfU,817.0
1174,0,VycUzKpr,BGiGDHMe,817.0
1174,0,ZzGQqLDR,VycUzKpr,825.0
1174,0,IlgMmocA,ZzGQqLDR,825.0
1174,0,ARQSeSoV,IlgMmocA,825.0
1171,0,qGKRSiRy,nPcSKLPs,152.0
1171,0,PayqNnwn,qGKRSiRy,148.0
1171,0,xFzHIeRy,PayqNnwn,141.0
1171,0,qnfbEQfU,xFzHIeRy,141.0
1171,0,BGiGDHMe,qnfbEQfU,141.0
1171,0,VycUzKpr,BGiGDHMe,141.0
1171,0,ZzGQqLDR,VycUzKpr,141.0
1171,0,IlgMmocA,ZzGQqLDR,141.0
1171,0,ARQSeSoV,IlgMmocA,141.0
1171,0,QEnOoljA,ARQSeSoV,112.0
1171,0,BdHFoOCD,LXkzXiZv,66.0
1171,0,IWPekdjH,BdHFoOCD,81.0
1171,0,nPcSKLPs,IWPekdjH,81.0
541,0,xmGwLlME,oZJRchiN,181.0
541,0,KcBICYpI,xmGwLlME,181.0
541,0,XQiQvefE,KcBICYpI,181.0
541,0,eyUKPfnA,XQiQvefE,181.0
736,0,TabXWeiJ,eyUKPfnA,2925.0
736,0,tDhKnafe,TabXWeiJ,2925.0
736,0,iGMYbQYg,tDhKnafe,2935.0
736,0,HeSMGtlu,iGMYbQYg,2935.0
736,0,ZgqhsueA,HeSMGtlu,2935.0
736,0,GYxWnXpv,ZgqhsueA,4189.0
736,0,mkpQpPSv,GYxWnXpv,4189.0
736,0,EIHKZlEa,mkpQpPSv,4189.0
736,0,oYdkYEMp,EIHKZlEa,4189.0
736,0,TkHOmLHQ,oYdkYEMp,4189.0
736,0,SwTowoaO,TkHOmLHQ,4189.0
736,0,YvwuVYMF,SwTowoaO,4504.0
952,0,EEOGpCEL,gzTQJVMW,1918.0
952,0,OdbRrJhV,EEOGpCEL,2007.0
952,0,NSvMYbfW,OdbRrJhV,2007.0
952,0,qmRscxuH,NSvMYbfW,2007.0
952,0,zrVEttwl,qmRscxuH,974.0
952,0,KhQckqci,zrVEttwl,974.0
952,0,NkYJOxxA,KhQckqci,974.0
952,0,Phtvjmoj,NkYJOxxA,974.0
952,0,iRgZVaoH,Phtvjmoj,881.0
952,0,KbKyxild,iRgZVaoH,881.0
400,0,WQOJAyxG,KlSqKJQr,2723.0
400,0,ZcOxufIN,WQOJAyxG,2723.0
400,0,TqATzVvV,ZcOxufIN,2645.0
400,0,OTWTQCls,TqATzVvV,2603.0
400,0,MEUYJwAC,OTWTQCls,2780.0
1076,0,ZYiWVpjK,nfCzcTzh,1710.0
1076,0,qTvRhwtK,ZYiWVpjK,1696.0
1076,0,XQBvMmKm,qTvRhwtK,1696.0
1076,0,hPGLMLbU,XQBvMmKm,1265.0
463,0,qflzswAf,WIZPpGvl,7299.0
1029,0,tBPmVbcK,qflzswAf,7646.0
1076,0,WyfCQhSW,ogOCBKAf,722.0
1076,0,erxKyHjj,WyfCQhSW,750.0
1076,0,KjiBWoqR,erxKyHjj,750.0
1076,0,bYNwHuWo,KjiBWoqR,750.0
1076,0,MFfExqBx,bYNwHuWo,836.0
1076,0,qWvzRbGV,MFfExqBx,836.0
1076,0,PRzaSxQc,qWvzRbGV,836.0
1076,0,bfKiOFsS,PRzaSxQc,836.0
1076,0,eGbCulMV,bfKiOFsS,836.0
1076,0,CRVKBFrv,eGbCulMV,836.0
1076,0,zjOknQHK,CRVKBFrv,901.0
1076,0,FrKNovDQ,zjOknQHK,901.0
1076,0,nfCzcTzh,FrKNovDQ,901.0
1072,0,eypuAxqa,ORrZduNE,2735.0
1072,0,DSVnhmbs,eypuAxqa,2655.0
1072,0,hCKRONaA,DSVnhmbs,2233.0
1072,0,TGKbjQzH,hCKRONaA,2233.0
1072,0,RoreEsYU,TGKbjQzH,2233.0
1072,0,AlpXiRiW,RoreEsYU,2068.0
535,0,uzcbLUNR,GOFbtMrp,455.0
535,0,zezeKItL,uzcbLUNR,455.0
535,0,VpHOqNar,zezeKItL,455.0
535,0,vDTAjOOR,VpHOqNar,455.0
535,0,UDUmRzWP,vDTAjOOR,441.0
535,0,kVWwehGs,UDUmRzWP,441.0
535,0,ixhHdGBo,kVWwehGs,441.0
565,0,LDSuadxM,OhBAPvsb,303.0
922,0,BhcHYWlb,TWTKfAgl,723.0
922,0,zWmxGpLB,BhcHYWlb,723.0
922,0,JzAcwavY,zWmxGpLB,723.0
922,0,ZjbTkVDH,JzAcwavY,689.0
922,0,RLXxtVaJ,ZjbTkVDH,689.0
922,0,KvSvcvIL,RLXxtVaJ,663.0
856,0,sWtYImJU,oKUAvFAb,354.0
856,0,momDhuqe,sWtYImJU,354.0
1075,0,sWtYImJU,oKUAvFAb,394.0
1075,0,momDhuqe,sWtYImJU,394.0
1119,0,FHCcBeVW,KvSvcvIL,65.0
1119,0,foRSymXv,FHCcBeVW,65.0
922,0,FHCcBeVW,KvSvcvIL,540.0
922,0,foRSymXv,FHCcBeVW,540.0
1119,0,IKnBBuIf,foRSymXv,34.0
922,0,IKnBBuIf,foRSymXv,519.0
1023,0,CwhdRXLi,JzVUaFrl,549.0
1023,0,gjOgguRV,CwhdRXLi,549.0
856,0,zPQeyVVD,momDhuqe,346.0
1075,0,zPQeyVVD,momDhuqe,433.0
1178,0,LLWkkTwA,VFLsoIHD,5962.0
1178,0,ZTMEdEeK,LLWkkTwA,5925.0
1178,0,ogOCBKAf,ZTMEdEeK,6211.0
1083,0,honleovC,JGCJnIWw,1566.0
1083,0,pqZYMbGr,honleovC,1597.0
1085,0,zMSEqitx,EllpaOUu,1215.0
1085,0,AnlrdaBb,zMSEqitx,1215.0
1085,0,yQmtaWgt,AnlrdaBb,1210.0
331,0,hqxwmRzJ,MjoEniNM,1018.0
331,0,DKWSfiEo,hqxwmRzJ,457.0
331,0,hCpAddaw,DKWSfiEo,149.0
331,0,cThdGxLv,hCpAddaw,149.0
331,0,dAxtDTje,cThdGxLv,149.0
331,0,aunBMooM,dAxtDTje,149.0
331,0,kiTgZeoH,aunBMooM,149.0
331,0,eLmJkuZC,kiTgZeoH,149.0
331,0,UgzfanVk,eLmJkuZC,149.0
1085,0,ixafYOrk,WneZtuRq,1064.0
1085,0,VWKzFLMH,ixafYOrk,1064.0
1085,0,EllpaOUu,VWKzFLMH,1047.0
331,0,MjoEniNM,UyZpITbv,289.0
1083,0,krjqWYyL,zBmTBInm,1467.0
1083,0,tSXpsDyV,krjqWYyL,1467.0
1083,0,IbLBdCXD,tSXpsDyV,1467.0
1083,0,JGCJnIWw,IbLBdCXD,1467.0
1040,0,SRJkWTfK,zAhquueS,883.0
1040,0,krjqWYyL,SRJkWTfK,495.0
1040,0,tSXpsDyV,krjqWYyL,495.0
1040,0,IbLBdCXD,tSXpsDyV,495.0
1040,0,JGCJnIWw,IbLBdCXD,495.0
1040,0,honleovC,JGCJnIWw,429.0
1040,0,pqZYMbGr,honleovC,427.0
1040,0,jobllKUJ,pqZYMbGr,400.0
1040,0,cKlxsEIa,jobllKUJ,400.0
1040,0,POeaLshN,cKlxsEIa,400.0
1040,0,nvtqczOj,POeaLshN,400.0
1040,0,FdzHSswJ,nvtqczOj,326.0
1040,0,qmRscxuH,FdzHSswJ,322.0
1040,0,zrVEttwl,qmRscxuH,312.0
1040,0,KhQckqci,zrVEttwl,312.0
1040,0,NkYJOxxA,KhQckqci,312.0
1040,0,Phtvjmoj,NkYJOxxA,312.0
1040,0,iRgZVaoH,Phtvjmoj,305.0
1040,0,KbKyxild,iRgZVaoH,305.0
1040,0,WzJZybAt,KbKyxild,302.0
1040,0,wBZvskGC,WzJZybAt,276.0
1040,0,pHbSfQWg,wBZvskGC,262.0
1040,0,hlYcHDiv,pHbSfQWg,262.0
1040,0,ZUUFaTkv,hlYcHDiv,262.0
1040,0,jgCiOeaN,ZUUFaTkv,262.0
1040,0,TikfrWrm,jgCiOeaN,262.0
1040,0,RabBrvbh,TikfrWrm,262.0
1040,0,yAsGVYQM,RabBrvbh,262.0
1040,0,XFPAZveS,yAsGVYQM,174.0
1040,0,ejMjPdTH,XFPAZveS,174.0
1040,0,XeNLTPEj,MvGjEBBL,727.0
1040,0,PzIXuqgO,XeNLTPEj,727.0
1040,0,ZsxHmovG,PzIXuqgO,727.0
1040,0,KjUtPMMe,ZsxHmovG,776.0
1040,0,JGmgdpWx,KjUtPMMe,776.0
1040,0,WsxoHomq,JGmgdpWx,776.0
1040,0,VgroZBKv,WsxoHomq,761.0
1040,0,TUZfegir,VgroZBKv,761.0
1040,0,LHNTbQin,TUZfegir,801.0
1040,0,EBDfudXo,LHNTbQin,801.0
1040,0,oVvGCedi,EBDfudXo,804.0
1040,0,zAhquueS,oVvGCedi,804.0
922,0,qNguppPl,IKnBBuIf,422.0
922,0,ypDcaLvL,qNguppPl,422.0
922,0,gLfGMIXr,ypDcaLvL,422.0
922,0,CPLwMSlA,gLfGMIXr,422.0
922,0,cefvQkVf,CPLwMSlA,422.0
120,0,ygaPVVOX,NjRgIRup,1.0
120,0,SgmzKmGa,ygaPVVOX,1.0
120,0,oaiHprKy,SgmzKmGa,1.0
120,0,EKGAgXOm,oaiHprKy,1.0
120,0,RqCzrtQl,EKGAgXOm,1.0
120,0,CfDISmMN,RqCzrtQl,1.0
120,0,RpAFtJSl,CfDISmMN,1.0
120,0,PcvuCqyL,RpAFtJSl,1.0
120,0,ItWJsmqN,PcvuCqyL,1.0
120,0,QOMpmplr,ItWJsmqN,1.0
120,0,HNejbQWJ,QOMpmplr,1.0
120,0,dQfoCLXo,HNejbQWJ,1.0
120,0,NJLhSMnp,dQfoCLXo,1.0
120,0,vitXJVTB,NJLhSMnp,1.0
120,0,DPEjcwqA,vitXJVTB,1.0
120,0,AKFNXFCk,DPEjcwqA,1.0
120,0,HIkBoDID,AKFNXFCk,1.0
120,0,FBcFacnd,HIkBoDID,1.0
120,0,vpSWiOiP,FBcFacnd,2.0
120,0,vhEQWrWH,vpSWiOiP,4.0
1119,0,qNguppPl,IKnBBuIf,33.0
1119,0,ypDcaLvL,qNguppPl,33.0
1119,0,gLfGMIXr,ypDcaLvL,33.0
1119,0,CPLwMSlA,gLfGMIXr,33.0
1119,0,cefvQkVf,CPLwMSlA,33.0
1119,0,TJeJnSDd,cefvQkVf,33.0
922,0,TJeJnSDd,cefvQkVf,414.0
765,0,ygaPVVOX,NjRgIRup,62.0
765,0,SgmzKmGa,ygaPVVOX,62.0
765,0,oaiHprKy,SgmzKmGa,62.0
765,0,EKGAgXOm,oaiHprKy,62.0
765,0,RqCzrtQl,EKGAgXOm,62.0
765,0,CfDISmMN,RqCzrtQl,62.0
765,0,CtzBEXfZ,CfDISmMN,62.0
765,0,RpAFtJSl,CtzBEXfZ,62.0
765,0,PcvuCqyL,RpAFtJSl,62.0
765,0,QOMpmplr,PcvuCqyL,62.0
765,0,HNejbQWJ,QOMpmplr,62.0
765,0,dQfoCLXo,HNejbQWJ,62.0
765,0,NJLhSMnp,dQfoCLXo,62.0
765,0,vitXJVTB,NJLhSMnp,64.0
765,0,DPEjcwqA,vitXJVTB,64.0
765,0,AKFNXFCk,DPEjcwqA,64.0
765,0,HIkBoDID,AKFNXFCk,65.0
765,0,FBcFacnd,HIkBoDID,65.0
765,0,URVlPKPB,FBcFacnd,65.0
765,0,vpSWiOiP,URVlPKPB,70.0
765,0,BvsSDYgP,vpSWiOiP,70.0
765,0,KVgMjZao,BvsSDYgP,70.0
765,0,rvGAYltM,KVgMjZao,70.0
765,0,kUJgeRIS,rvGAYltM,70.0
765,0,JzyLKajw,kUJgeRIS,85.0
925,0,ygaPVVOX,NjRgIRup,5.0
925,0,SgmzKmGa,ygaPVVOX,5.0
925,0,oaiHprKy,SgmzKmGa,5.0
925,0,EKGAgXOm,oaiHprKy,5.0
925,0,RqCzrtQl,EKGAgXOm,5.0
925,0,CfDISmMN,RqCzrtQl,5.0
925,0,CtzBEXfZ,CfDISmMN,5.0
925,0,RpAFtJSl,CtzBEXfZ,5.0
925,0,PcvuCqyL,RpAFtJSl,5.0
925,0,QOMpmplr,PcvuCqyL,5.0
925,0,HNejbQWJ,QOMpmplr,5.0
925,0,dQfoCLXo,HNejbQWJ,5.0
925,0,NJLhSMnp,dQfoCLXo,5.0
925,0,vitXJVTB,NJLhSMnp,5.0
925,0,DPEjcwqA,vitXJVTB,5.0
925,0,AKFNXFCk,DPEjcwqA,5.0
925,0,HIkBoDID,AKFNXFCk,5.0
925,0,uKNLSXwU,HIkBoDID,9.0
925,0,QpjbbNqd,uKNLSXwU,9.0
925,0,qHHrAclK,QpjbbNqd,9.0
925,0,Jrutayet,qHHrAclK,9.0
925,0,UosQUisT,Jrutayet,9.0
925,0,FQOgjaka,UosQUisT,9.0
925,0,URvEqJxF,FQOgjaka,10.0
925,0,JalqBTeK,URvEqJxF,10.0
925,0,UAwQbGIv,JalqBTeK,10.0
925,0,HyvnzuHA,UAwQbGIv,10.0
925,0,DJxHBCmY,HyvnzuHA,20.0
925,0,UUpfieFN,DJxHBCmY,20.0
925,0,XHBoVocK,UUpfieFN,20.0
925,0,TWTKfAgl,XHBoVocK,20.0
925,0,BhcHYWlb,TWTKfAgl,20.0
925,0,xKeFZTyD,BhcHYWlb,20.0
925,0,ExMxhtei,xKeFZTyD,20.0
925,0,FDJgmOaw,ExMxhtei,20.0
925,0,xzbcUqWQ,FDJgmOaw,8.0
911,0,kaZSJtsS,pfeYSjby,383.0
911,0,DBpmioGn,kaZSJtsS,383.0
911,0,KKHFrKGl,DBpmioGn,383.0
916,0,gcglUzpd,KzAuSOOh,8.0
916,0,VNhVtVFP,gcglUzpd,8.0
914,0,QOMpmplr,PcvuCqyL,247.0
914,0,HNejbQWJ,QOMpmplr,250.0
914,0,dQfoCLXo,HNejbQWJ,250.0
914,0,NJLhSMnp,dQfoCLXo,250.0
914,0,vitXJVTB,NJLhSMnp,255.0
914,0,DPEjcwqA,vitXJVTB,255.0
914,0,AKFNXFCk,DPEjcwqA,255.0
914,0,HIkBoDID,AKFNXFCk,255.0
914,0,FBcFacnd,HIkBoDID,343.0
914,0,URVlPKPB,FBcFacnd,343.0
914,0,vpSWiOiP,URVlPKPB,362.0
914,0,BvsSDYgP,vpSWiOiP,362.0
914,0,KVgMjZao,BvsSDYgP,362.0
914,0,rvGAYltM,KVgMjZao,362.0
914,0,kUJgeRIS,rvGAYltM,362.0
914,0,pfeYSjby,kUJgeRIS,362.0
914,0,kaZSJtsS,pfeYSjby,362.0
914,0,DBpmioGn,kaZSJtsS,362.0
914,0,KKHFrKGl,DBpmioGn,362.0
914,0,YfFNBzii,KKHFrKGl,394.0
914,0,SAoMIbAp,YfFNBzii,394.0
914,0,hTBkjNzq,MyzUerZz,9.0
914,0,aCcokpIU,hTBkjNzq,213.0
914,0,IWuAfYeM,aCcokpIU,213.0
914,0,AKEMZMhk,IWuAfYeM,213.0
914,0,oXDhDxhT,AKEMZMhk,213.0
914,0,twlwLPZj,oXDhDxhT,213.0
914,0,NjRgIRup,twlwLPZj,214.0
914,0,ygaPVVOX,NjRgIRup,236.0
914,0,SgmzKmGa,ygaPVVOX,236.0
914,0,oaiHprKy,SgmzKmGa,238.0
914,0,EKGAgXOm,oaiHprKy,238.0
914,0,RqCzrtQl,EKGAgXOm,238.0
914,0,CfDISmMN,RqCzrtQl,238.0
914,0,CtzBEXfZ,CfDISmMN,240.0
914,0,RpAFtJSl,CtzBEXfZ,242.0
914,0,PcvuCqyL,RpAFtJSl,242.0
914,0,BUhYynpm,SAoMIbAp,340.0
914,0,iBcazcLz,BUhYynpm,340.0
914,0,anlBxctW,iBcazcLz,340.0
914,0,vPtmXBsW,anlBxctW,340.0
914,0,JOrMMBVL,vPtmXBsW,335.0
914,0,vRiXTWTq,JOrMMBVL,335.0
914,0,NUggIFcT,vRiXTWTq,335.0
914,0,ybeqLsHP,NUggIFcT,335.0
914,0,hCunccId,ybeqLsHP,335.0
914,0,bYiZlZfK,hCunccId,335.0
914,0,hGZrWSlb,bYiZlZfK,334.0
914,0,eWFmnMeJ,hGZrWSlb,334.0
914,0,APAIrxcy,eWFmnMeJ,312.0
914,0,kJHtAChU,APAIrxcy,312.0
914,0,WPLDPMYV,kJHtAChU,312.0
914,0,QJqMQbqf,WPLDPMYV,307.0
914,0,qgftSein,QJqMQbqf,202.0
914,0,umyCwwah,qgftSein,201.0
914,0,umudVILy,umyCwwah,201.0
1020,0,BDmybVdG,sYDsxIhh,326.0
765,0,iPmhSqDk,JzyLKajw,76.0
765,0,ZVTOmRdq,iPmhSqDk,76.0
765,0,vjFpNILE,ZVTOmRdq,76.0
765,0,QMycpMQA,vjFpNILE,76.0
765,0,goEFDDka,QMycpMQA,76.0
765,0,gzdfrKuT,goEFDDka,76.0
765,0,QpdZiknK,gzdfrKuT,76.0
932,0,hZwGajtf,nGUGLxPd,1536.0
932,0,zuhYkREh,hZwGajtf,1536.0
932,0,XFpFKXXh,zuhYkREh,1527.0
932,0,LOVJkcJs,XFpFKXXh,1835.0
932,0,BWOvyAui,LOVJkcJs,1835.0
932,0,jWegLIVv,BWOvyAui,1835.0
932,0,fNriHNfS,jWegLIVv,1833.0
932,0,lzHXrFnu,fNriHNfS,1537.0
932,0,DMAMxgNC,lzHXrFnu,1526.0
765,0,tVSOiuPz,QpdZiknK,29.0
1117,0,ygaPVVOX,NjRgIRup,3.0
1117,0,SgmzKmGa,ygaPVVOX,3.0
1117,0,EKGAgXOm,SgmzKmGa,3.0
1117,0,CfDISmMN,EKGAgXOm,3.0
1117,0,PcvuCqyL,CfDISmMN,4.0
1117,0,QOMpmplr,PcvuCqyL,4.0
1117,0,HNejbQWJ,QOMpmplr,4.0
1117,0,lyEtzViy,HNejbQWJ,4.0
1117,0,uVrlMgNx,lyEtzViy,4.0
1117,0,GhOGJPtU,uVrlMgNx,4.0
1117,0,WOuDNhbw,GhOGJPtU,4.0
1117,0,CYkmgDbv,WOuDNhbw,4.0
1117,0,eypuAxqa,CYkmgDbv,4.0
1117,0,DSVnhmbs,eypuAxqa,4.0
1117,0,hCKRONaA,DSVnhmbs,4.0
1117,0,TGKbjQzH,hCKRONaA,4.0
1117,0,RoreEsYU,TGKbjQzH,4.0
1117,0,AlpXiRiW,RoreEsYU,4.0
1117,0,btFKFkYA,AlpXiRiW,25.0
1117,0,jLrhssle,btFKFkYA,25.0
1117,0,FvRFCvLd,jLrhssle,25.0
1117,0,tkjaIDXe,FvRFCvLd,25.0
1117,0,yhVlWvFp,tkjaIDXe,25.0
1117,0,PAhNkZlS,yhVlWvFp,25.0
1117,0,CxiOJZtJ,PAhNkZlS,25.0
856,0,UrJBvWGq,zPQeyVVD,342.0
856,0,thxCXWVL,UrJBvWGq,342.0
856,0,AlpXiRiW,thxCXWVL,342.0
915,0,zHlMZSZh,KKHFrKGl,283.0
915,0,YfFNBzii,zHlMZSZh,283.0
915,0,amcUazui,YfFNBzii,283.0
915,0,XOGHqVzK,amcUazui,283.0
915,0,uPxuFxvo,XOGHqVzK,283.0
915,0,aUXvtKAd,uPxuFxvo,283.0
764,0,rpRStibJ,rAXDXBKw,16.0
764,0,BSXQVxvJ,rpRStibJ,16.0
764,0,hPReecFP,BSXQVxvJ,16.0
764,0,COEDLowM,hPReecFP,19.0
764,0,Auhwfubg,COEDLowM,19.0
764,0,MbBQjXCf,Auhwfubg,19.0
915,0,pfeYSjby,rvGAYltM,257.0
915,0,kaZSJtsS,pfeYSjby,257.0
915,0,DBpmioGn,kaZSJtsS,257.0
915,0,KKHFrKGl,DBpmioGn,257.0
915,0,vitXJVTB,NJLhSMnp,237.0
915,0,DPEjcwqA,vitXJVTB,237.0
915,0,AKFNXFCk,DPEjcwqA,237.0
915,0,HIkBoDID,AKFNXFCk,237.0
915,0,FBcFacnd,HIkBoDID,256.0
915,0,URVlPKPB,FBcFacnd,256.0
915,0,vpSWiOiP,URVlPKPB,256.0
915,0,BvsSDYgP,vpSWiOiP,256.0
915,0,KVgMjZao,BvsSDYgP,256.0
915,0,rvGAYltM,KVgMjZao,256.0
915,0,ygaPVVOX,NjRgIRup,223.0
915,0,SgmzKmGa,ygaPVVOX,235.0
915,0,oaiHprKy,SgmzKmGa,235.0
915,0,EKGAgXOm,oaiHprKy,235.0
915,0,RqCzrtQl,EKGAgXOm,235.0
915,0,CfDISmMN,RqCzrtQl,235.0
915,0,CtzBEXfZ,CfDISmMN,236.0
915,0,RpAFtJSl,CtzBEXfZ,236.0
915,0,PcvuCqyL,RpAFtJSl,236.0
915,0,QOMpmplr,PcvuCqyL,236.0
915,0,HNejbQWJ,QOMpmplr,236.0
915,0,dQfoCLXo,HNejbQWJ,236.0
915,0,NJLhSMnp,dQfoCLXo,236.0
915,0,bWARUqJw,aUXvtKAd,276.0
915,0,YRAoXeLc,bWARUqJw,279.0
915,0,QBEEvEfk,YRAoXeLc,280.0
915,0,wUNonIvB,QBEEvEfk,280.0
915,0,ADLjcXqa,wUNonIvB,281.0
915,0,TfcuZRGs,ADLjcXqa,281.0
915,0,wCBeePzy,TfcuZRGs,274.0
915,0,xaFIWdbd,wCBeePzy,274.0
915,0,FqqChBVj,xaFIWdbd,274.0
915,0,DdnncojU,FqqChBVj,274.0
915,0,JFAOdLlH,DdnncojU,274.0
915,0,hOuYlHPh,JFAOdLlH,82.0
915,0,LSLEHghp,hOuYlHPh,66.0
915,0,sTCaNKUj,LSLEHghp,66.0
915,0,ZKALZXGO,sTCaNKUj,66.0
915,0,tsbSHhIt,ZKALZXGO,50.0
915,0,gFnNTJRr,tsbSHhIt,24.0
915,0,rDrqCYRb,gFnNTJRr,24.0
1072,0,ORrZduNE,CYkmgDbv,2692.0
1568,0,vxTQjZcJ,UgzfanVk,394.0
932,0,xAcbGwmk,woHRqfeu,67.0
932,0,PpqbXLrX,xAcbGwmk,67.0
765,0,CxOOaXfM,tVSOiuPz,14.0
765,0,OZlUZuJc,CxOOaXfM,14.0
765,0,bPGbdmLB,OZlUZuJc,14.0
765,0,YlKnpIom,bPGbdmLB,13.0
765,0,iyqZxomb,YlKnpIom,13.0
765,0,rAXDXBKw,iyqZxomb,13.0
952,0,gzTQJVMW,RVEyrwjR,851.0
34,0,CKldDLYq,EkWBPXmr,6734.0
34,0,tjYcJLRB,CKldDLYq,6788.0
34,0,iYMJvRAf,tjYcJLRB,6246.0
1244,0,ubZrQMid,vfdAIPGv,3947.0
1244,0,gBkmsEyR,ubZrQMid,3947.0
1244,0,hysxdiTF,gBkmsEyR,3188.0
1244,0,iYMJvRAf,hysxdiTF,3188.0
474,0,LPQBwisp,wOZIcmuB,1635.0
474,0,dpOKQcMh,LPQBwisp,1635.0
474,0,jLJTMrwU,dpOKQcMh,1769.0
474,0,LdWodgsw,jLJTMrwU,1769.0
474,0,iWFLhsvE,LdWodgsw,1113.0
474,0,qFzqwYZZ,iWFLhsvE,537.0
212,0,tSUFrefk,ZMeqpjWv,382.0
212,0,FqxCUuHX,tSUFrefk,439.0
212,0,kGGyYXze,FqxCUuHX,662.0
212,0,aiNWVRbc,kGGyYXze,662.0
212,0,djOWqAVW,aiNWVRbc,662.0
212,0,LdWodgsw,djOWqAVW,662.0
212,0,iWFLhsvE,LdWodgsw,415.0
212,0,qFzqwYZZ,iWFLhsvE,258.0
212,0,gaLZwYvS,qFzqwYZZ,258.0
212,0,XypZkLUe,gaLZwYvS,3.0
212,0,drmArhka,XypZkLUe,3.0
426,0,DUgAaGlT,FJDNPLrp,715.0
426,0,ppabfQGz,DUgAaGlT,309.0
426,0,MBTcSIip,ppabfQGz,303.0
426,0,qFzqwYZZ,MBTcSIip,257.0
426,0,gaLZwYvS,qFzqwYZZ,67.0
426,0,XypZkLUe,gaLZwYvS,50.0
426,0,drmArhka,XypZkLUe,50.0
426,0,HYfXIyFk,YmDpkIHQ,856.0
426,0,oQvXmJfL,HYfXIyFk,854.0
426,0,yayPNqiY,oQvXmJfL,720.0
426,0,FJDNPLrp,yayPNqiY,720.0
426,0,faYOimYm,EZnTnoxs,1163.0
426,0,nObXmJzU,faYOimYm,1166.0
426,0,YmDpkIHQ,nObXmJzU,1149.0
426,0,aaOdCJPr,ezbmnBKa,1320.0
426,0,EZnTnoxs,aaOdCJPr,1334.0
426,0,FBwCHGmG,mLBQtksd,2203.0
426,0,ezbmnBKa,FBwCHGmG,2203.0
426,0,gzTQJVMW,RVEyrwjR,398.0
426,0,FZsFzszJ,gzTQJVMW,419.0
426,0,AoRkaUmb,FZsFzszJ,422.0
426,0,ALhaazBT,AoRkaUmb,422.0
426,0,AUmOMGnp,ALhaazBT,462.0
426,0,XFPAZveS,AUmOMGnp,473.0
426,0,eaNsVWDR,XFPAZveS,853.0
426,0,hpACGGyB,eaNsVWDR,853.0
426,0,ywuGpANM,hpACGGyB,911.0
426,0,BZCtSmhk,ywuGpANM,1232.0
426,0,VkcYQwTj,BZCtSmhk,1232.0
426,0,jFRqfnFl,VkcYQwTj,1432.0
426,0,ysSWNERo,jFRqfnFl,1434.0
426,0,lQIpGOTn,ysSWNERo,1482.0
426,0,uhUmvvRs,lQIpGOTn,1482.0
426,0,GgLRqpEG,uhUmvvRs,1482.0
426,0,WFZVQzrl,GgLRqpEG,1482.0
426,0,QDIpIlEK,WFZVQzrl,1579.0
426,0,IESGsZGI,QDIpIlEK,2324.0
426,0,mLBQtksd,IESGsZGI,2324.0
727,0,WFZVQzrl,bOiSLYGO,240.0
727,0,GiONHkbf,WFZVQzrl,280.0
727,0,QDIpIlEK,GiONHkbf,280.0
727,0,GpnhEWuy,QDIpIlEK,1258.0
727,0,rRGVruPM,GpnhEWuy,1258.0
727,0,mLBQtksd,rRGVruPM,1260.0
460,0,YctaenCe,jcExlqwL,1356.0
460,0,tzYrVhKO,YctaenCe,1356.0
460,0,UgpyjFML,tzYrVhKO,1335.0
460,0,nPkrzCty,UgpyjFML,1711.0
460,0,OPXtWBVk,nPkrzCty,1739.0
460,0,SvGtXrYj,OPXtWBVk,1911.0
460,0,STSGJiIu,SvGtXrYj,1893.0
460,0,buAeVenh,STSGJiIu,1647.0
460,0,ARTSSefO,buAeVenh,1647.0
460,0,nGRNUPgX,ARTSSefO,1691.0
460,0,cPCRxZjy,nGRNUPgX,1645.0
460,0,klenweCZ,cPCRxZjy,2419.0
460,0,wdBsZaVr,klenweCZ,1707.0
460,0,FXEtzSuC,wdBsZaVr,1734.0
460,0,ppabfQGz,FXEtzSuC,1685.0
685,0,QncWjmnC,LBOtcvsG,1159.0
685,0,ERcEoUXY,QncWjmnC,1159.0
685,0,qKDzyFqg,ERcEoUXY,1276.0
685,0,uKbbRztG,qKDzyFqg,1251.0
685,0,cEOIeJTR,uKbbRztG,2063.0
1701,0,gxWBbdrZ,aHsZaffM,807.0
1701,0,mDPYPXHa,gxWBbdrZ,807.0
1701,0,XHLHCkqn,mDPYPXHa,807.0
574,0,fuApzGaS,KwaxxmSs,354.0
574,0,NQaaFyOm,fuApzGaS,158.0
574,0,oeGMQkdJ,NQaaFyOm,158.0
574,0,vkAUVqtk,oeGMQkdJ,154.0
482,0,duRJdiSr,qdrjbHYS,3924.0
482,0,uBFbbvHN,duRJdiSr,3925.0
482,0,YjUiSglA,uBFbbvHN,3925.0
482,0,xPaGbpFW,YjUiSglA,3925.0
482,0,LJLjKFnn,xPaGbpFW,3922.0
482,0,gzZgDndk,LJLjKFnn,3922.0
482,0,NQaaFyOm,gzZgDndk,2377.0
482,0,oeGMQkdJ,NQaaFyOm,555.0
482,0,vkAUVqtk,oeGMQkdJ,346.0
419,0,QHFmFyLR,EkWBPXmr,7565.0
419,0,neNWquOh,QHFmFyLR,7581.0
419,0,KwaxxmSs,neNWquOh,7733.0
419,0,gzZgDndk,KwaxxmSs,7940.0
419,0,NQaaFyOm,gzZgDndk,10305.0
419,0,iPNesxKP,NQaaFyOm,10002.0
572,0,fOfcyQgJ,iWoOHVbT,2744.0
572,0,YXOKWXAw,fOfcyQgJ,2739.0
572,0,gzZgDndk,YXOKWXAw,2739.0
572,0,NQaaFyOm,gzZgDndk,281.0
572,0,iPNesxKP,NQaaFyOm,308.0
616,0,GigUVtty,mVhkAqwx,765.0
616,0,xQpNdvvD,GigUVtty,771.0
616,0,VuxSFkGj,xQpNdvvD,771.0
616,0,SQUoXVXU,VuxSFkGj,780.0
616,0,tZiWmgTn,SQUoXVXU,780.0
616,0,TJGhHrvm,tZiWmgTn,802.0
616,0,NQaaFyOm,yhXmuUeN,1651.0
616,0,iPNesxKP,NQaaFyOm,406.0
321,0,zavSPsgu,YjHuxjDZ,192.0
321,0,UrQlyWkl,zavSPsgu,191.0
321,0,WqMESkMM,UrQlyWkl,127.0
321,0,TKmnSMXw,WqMESkMM,127.0
321,0,zAVZRYih,TKmnSMXw,127.0
474,0,JgaAcZvO,HrNWphPZ,1037.0
474,0,oFGeBzfg,JgaAcZvO,1037.0
474,0,fUdtRFJM,oFGeBzfg,1037.0
474,0,UrQlyWkl,fUdtRFJM,1032.0
474,0,WqMESkMM,UrQlyWkl,1700.0
474,0,TKmnSMXw,WqMESkMM,1700.0
474,0,zAVZRYih,TKmnSMXw,1700.0
474,0,AszcEtOu,BpAiVnps,490.0
474,0,ufvngNip,AszcEtOu,525.0
474,0,ybjkPLXB,ufvngNip,525.0
474,0,IOcMwGKn,ybjkPLXB,575.0
474,0,hCxxcqWU,IOcMwGKn,708.0
474,0,gUXxyAlR,hCxxcqWU,734.0
474,0,cEOIeJTR,gUXxyAlR,734.0
474,0,bWAbaUPC,cEOIeJTR,1352.0
474,0,HrNWphPZ,bWAbaUPC,1845.0
321,0,XGxJlapP,IdWZOznf,243.0
321,0,YjHuxjDZ,XGxJlapP,243.0
1340,0,PhjcDdmq,ogOCBKAf,5384.0
1340,0,bHagonKv,PhjcDdmq,5393.0
1340,0,XiLvnZTk,bHagonKv,5405.0
1340,0,FStgRiBS,XiLvnZTk,5414.0
1340,0,GkYZbgqg,FStgRiBS,5414.0
1340,0,wFSILCzc,GkYZbgqg,5414.0
1340,0,yQQuLFAg,wFSILCzc,5571.0
1340,0,rckblBTM,yQQuLFAg,9002.0
1340,0,fGmFhgnx,rckblBTM,8821.0
1340,0,XyHfgUxW,fGmFhgnx,8962.0
1340,0,zjjLSYAp,XyHfgUxW,9068.0
1340,0,nIakFMcq,zjjLSYAp,9024.0
1340,0,yAgyFeHo,nIakFMcq,4758.0
1340,0,QdWOxWia,yAgyFeHo,4150.0
1340,0,gViLrCgA,QdWOxWia,4124.0
1340,0,cCSIoIah,gViLrCgA,3883.0
1340,0,DLdtTvFi,cCSIoIah,3883.0
1340,0,vRWSdFEN,DLdtTvFi,3850.0
1340,0,tDDddUJb,vRWSdFEN,3755.0
1340,0,RVGhYAxc,tDDddUJb,3755.0
34,0,KplKuAnp,iYMJvRAf,4749.0
34,0,pSVDMeCH,KplKuAnp,4749.0
524,0,duRJdiSr,PrkhDzLx,6365.0
524,0,YjUiSglA,uBFbbvHN,6715.0
524,0,xPaGbpFW,YjUiSglA,6715.0
524,0,LJLjKFnn,xPaGbpFW,6715.0
524,0,fuApzGaS,LJLjKFnn,6715.0
524,0,NQaaFyOm,fuApzGaS,5757.0
524,0,iPNesxKP,NQaaFyOm,3052.0
524,0,wOZIcmuB,iPNesxKP,2591.0
524,0,LPQBwisp,wOZIcmuB,2576.0
524,0,dpOKQcMh,LPQBwisp,2576.0
524,0,jLJTMrwU,dpOKQcMh,2516.0
524,0,LdWodgsw,jLJTMrwU,2516.0
524,0,iWFLhsvE,LdWodgsw,2315.0
524,0,qFzqwYZZ,iWFLhsvE,858.0
524,0,vfDgNrFH,qFzqwYZZ,858.0
524,0,gaLZwYvS,vfDgNrFH,858.0
1244,0,KplKuAnp,iYMJvRAf,4460.0
1244,0,pSVDMeCH,KplKuAnp,4455.0
474,0,gaLZwYvS,qFzqwYZZ,536.0
460,0,MBTcSIip,ppabfQGz,1430.0
460,0,qFzqwYZZ,MBTcSIip,1292.0
460,0,vfDgNrFH,qFzqwYZZ,821.0
460,0,gaLZwYvS,vfDgNrFH,821.0
205,0,YyXnCqJL,FJDNPLrp,161.0
205,0,FXEtzSuC,YyXnCqJL,161.0
205,0,ppabfQGz,FXEtzSuC,161.0
205,0,MBTcSIip,ppabfQGz,159.0
205,0,gaLZwYvS,MBTcSIip,78.0
205,0,HefnspWQ,czFfIymd,383.0
205,0,lDeAZniB,HefnspWQ,342.0
205,0,sDgMDbLK,lDeAZniB,342.0
205,0,MUKiuGPJ,sDgMDbLK,342.0
205,0,BIPxiHLi,MUKiuGPJ,342.0
205,0,yrMfCrKd,BIPxiHLi,342.0
205,0,FJDNPLrp,yrMfCrKd,193.0
205,0,szQKyBKA,eBAbFKqQ,493.0
205,0,czFfIymd,szQKyBKA,493.0
491,0,YvLYpMPH,POdtxoZm,3132.0
491,0,QnkNgkDL,YvLYpMPH,3132.0
491,0,LPQBwisp,wOZIcmuB,3016.0
491,0,dpOKQcMh,LPQBwisp,3016.0
491,0,jLJTMrwU,dpOKQcMh,2453.0
491,0,LdWodgsw,jLJTMrwU,2453.0
491,0,iWFLhsvE,LdWodgsw,954.0
491,0,qFzqwYZZ,iWFLhsvE,590.0
491,0,gaLZwYvS,qFzqwYZZ,590.0
474,0,iPNesxKP,zAVZRYih,1673.0
474,0,wOZIcmuB,iPNesxKP,1113.0
491,0,qvujbmjR,mKIQRbrs,1330.0
491,0,SqxhBMol,qvujbmjR,1330.0
491,0,vIqdsoZx,SqxhBMol,1351.0
491,0,WPPGaTFA,vIqdsoZx,1281.0
491,0,zavSPsgu,WPPGaTFA,1328.0
491,0,UrQlyWkl,zavSPsgu,1328.0
491,0,POdtxoZm,UrQlyWkl,891.0
491,0,xQpNdvvD,GigUVtty,1389.0
491,0,SQUoXVXU,xQpNdvvD,1412.0
491,0,mKIQRbrs,SQUoXVXU,1599.0
481,0,tglFZOrp,CcTUkfkl,1662.0
481,0,SqxhBMol,tglFZOrp,1662.0
481,0,vIqdsoZx,SqxhBMol,1627.0
481,0,RupFhEwj,vIqdsoZx,1627.0
481,0,WPPGaTFA,RupFhEwj,1079.0
481,0,zavSPsgu,WPPGaTFA,1097.0
481,0,UrQlyWkl,zavSPsgu,1096.0
491,0,bgWfLree,DsuTXcIa,1494.0
491,0,nUYnioIh,bgWfLree,1494.0
491,0,mVhkAqwx,nUYnioIh,1494.0
491,0,GigUVtty,mVhkAqwx,1533.0
633,0,IdWZOznf,CZfJWCoJ,1320.0
633,0,bFducDIy,IdWZOznf,1320.0
633,0,iFgeXSsz,bFducDIy,1320.0
633,0,NBopaFdP,iFgeXSsz,1116.0
633,0,LbKosGpD,NBopaFdP,1116.0
633,0,wOZIcmuB,LbKosGpD,1116.0
633,0,dpOKQcMh,wOZIcmuB,704.0
633,0,jLJTMrwU,dpOKQcMh,628.0
633,0,LdWodgsw,jLJTMrwU,628.0
633,0,iWFLhsvE,LdWodgsw,251.0
633,0,qFzqwYZZ,iWFLhsvE,171.0
633,0,gaLZwYvS,qFzqwYZZ,171.0
481,0,eciAPzhn,zYpZYpOA,2091.0
481,0,tOfkaukv,eciAPzhn,2091.0
481,0,exzjGTVf,tOfkaukv,2091.0
481,0,CcTUkfkl,exzjGTVf,2091.0
633,0,jkmSVBKz,QkCkRebE,2165.0
633,0,jcbMPQjL,jkmSVBKz,2165.0
633,0,xfYjeqNM,jcbMPQjL,1442.0
633,0,CZfJWCoJ,xfYjeqNM,1139.0
212,0,RZyHoyLx,JmbBeQIE,257.0
212,0,Gzlmcdek,RZyHoyLx,302.0
212,0,cPCRxZjy,Gzlmcdek,379.0
212,0,qpacHTVx,cPCRxZjy,379.0
212,0,jgXkfKmE,qpacHTVx,379.0
212,0,AFWGXQGm,jgXkfKmE,379.0
212,0,WTiRZunt,AFWGXQGm,379.0
212,0,ZMeqpjWv,WTiRZunt,379.0
205,0,WweXYmbm,JODrgTwh,420.0
205,0,RWixPrCB,WweXYmbm,420.0
205,0,zAwPDfkg,RWixPrCB,439.0
205,0,eBAbFKqQ,zAwPDfkg,441.0
481,0,CYSggHNR,IkxLwyxa,1756.0
481,0,VhgapMoa,CYSggHNR,1695.0
481,0,dKbqWpcD,VhgapMoa,1695.0
481,0,zYpZYpOA,dKbqWpcD,1695.0
633,0,EmkugZPX,XMWgellz,1817.0
633,0,lmZJehpq,EmkugZPX,1875.0
633,0,WPBOglHu,lmZJehpq,1977.0
633,0,ftMGYADA,WPBOglHu,1983.0
633,0,lklhFYFG,ftMGYADA,1983.0
633,0,rDcmNjNB,lklhFYFG,1973.0
633,0,pPReLBCT,rDcmNjNB,1973.0
633,0,AqgjLYqB,pPReLBCT,2077.0
633,0,QkCkRebE,AqgjLYqB,2077.0
460,0,RCkelXPh,eyAJPdep,1970.0
460,0,jcExlqwL,RCkelXPh,1970.0
1506,0,gViLrCgA,LYjhOoFf,5979.0
1506,0,RVGhYAxc,tDDddUJb,11227.0
633,0,QsteKrle,wrsPDGBQ,729.0
633,0,XMWgellz,QsteKrle,729.0
633,0,zjjLSYAp,fGmFhgnx,656.0
633,0,wrsPDGBQ,zjjLSYAp,656.0
633,0,rckblBTM,yQQuLFAg,621.0
633,0,fGmFhgnx,rckblBTM,623.0
633,0,bHagonKv,vacPrbQA,473.0
633,0,Vlipnutt,bHagonKv,473.0
633,0,CcjcuryA,Vlipnutt,478.0
633,0,yQQuLFAg,CcjcuryA,483.0
460,0,CEZTRnUo,qflzswAf,5107.0
460,0,funWfCdm,CEZTRnUo,5107.0
460,0,rnFrOJMw,funWfCdm,5107.0
460,0,MklhhYCQ,rnFrOJMw,5117.0
460,0,nzTRQfUi,MklhhYCQ,6808.0
460,0,nhSXMXjw,nzTRQfUi,6306.0
460,0,kjxfKqbD,nhSXMXjw,3854.0
460,0,mSXRukCc,kjxfKqbD,3854.0
460,0,FFGyTMvJ,mSXRukCc,3854.0
460,0,eyAJPdep,FFGyTMvJ,2741.0
12,0,AtcDBGpE,Oslgxmkx,744.0
12,0,nsjiKPCz,AtcDBGpE,747.0
12,0,vfdAIPGv,nsjiKPCz,747.0
12,0,inJVXMtB,vfdAIPGv,747.0
12,0,ubZrQMid,inJVXMtB,747.0
12,0,gBkmsEyR,ubZrQMid,747.0
12,0,cGoHBmgo,gBkmsEyR,747.0
12,0,fOfcyQgJ,cGoHBmgo,747.0
12,0,YXOKWXAw,fOfcyQgJ,747.0
12,0,gzZgDndk,YXOKWXAw,747.0
12,0,NQaaFyOm,gzZgDndk,588.0
12,0,iPNesxKP,NQaaFyOm,588.0
12,0,CdibamDB,DKPrUpnj,709.0
12,0,lBopHXdD,CdibamDB,709.0
12,0,vwEcxUej,lBopHXdD,709.0
12,0,JBpFxiqb,vwEcxUej,709.0
12,0,Oslgxmkx,JBpFxiqb,709.0
12,0,leJfirnk,yrRBvFtZ,271.0
12,0,QRSRIbba,leJfirnk,271.0
12,0,EkCoFwMY,QRSRIbba,271.0
12,0,jqriedgy,EkCoFwMY,271.0
12,0,MTAZIXBL,jqriedgy,271.0
12,0,RkbXqAIs,MTAZIXBL,342.0
12,0,NLDgVASg,RkbXqAIs,525.0
12,0,DKPrUpnj,NLDgVASg,525.0
490,0,pSVDMeCH,gaLZwYvS,971.0
490,0,FTwVCxQy,pSVDMeCH,971.0
490,0,RFaTWaew,FTwVCxQy,971.0
490,0,mYoRZvtc,RFaTWaew,1302.0
490,0,NKCxdwhs,mYoRZvtc,2637.0
490,0,eeSdZFhf,NKCxdwhs,2637.0
490,0,UaWwvNMO,eeSdZFhf,3414.0
490,0,gFAsBeQM,UaWwvNMO,3414.0
477,0,mYoRZvtc,RFaTWaew,534.0
1255,0,lmZJehpq,EmkugZPX,3668.0
1255,0,tDDddUJb,lmZJehpq,3318.0
1255,0,RVGhYAxc,tDDddUJb,1910.0
572,0,wOZIcmuB,iPNesxKP,48.0
616,0,wOZIcmuB,iPNesxKP,225.0
477,0,FTwVCxQy,KplKuAnp,2.0
477,0,RFaTWaew,FTwVCxQy,2.0
481,0,POdtxoZm,UrQlyWkl,3275.0
481,0,YvLYpMPH,POdtxoZm,3816.0
481,0,SemNVHvd,YvLYpMPH,3816.0
481,0,QnkNgkDL,SemNVHvd,3822.0
481,0,lctVuVOk,QnkNgkDL,4121.0
1740,0,eciAPzhn,RoAYEvND,525.0
1740,0,tOfkaukv,eciAPzhn,525.0
1740,0,exzjGTVf,tOfkaukv,525.0
1740,0,CcTUkfkl,exzjGTVf,525.0
1740,0,SqxhBMol,CcTUkfkl,648.0
1740,0,vIqdsoZx,SqxhBMol,598.0
1740,0,WPPGaTFA,vIqdsoZx,487.0
1740,0,zavSPsgu,WPPGaTFA,509.0
1740,0,UrQlyWkl,zavSPsgu,509.0
1740,0,POdtxoZm,UrQlyWkl,549.0
1740,0,YvLYpMPH,POdtxoZm,848.0
1740,0,QnkNgkDL,YvLYpMPH,848.0
1740,0,lctVuVOk,QnkNgkDL,853.0
491,0,JovbzjVh,qDeoslSZ,912.0
491,0,DCdKJxNH,JovbzjVh,924.0
491,0,DsuTXcIa,DCdKJxNH,924.0
34,0,FTwVCxQy,pSVDMeCH,3703.0
34,0,xnBCUPNx,FTwVCxQy,4557.0
1244,0,FTwVCxQy,pSVDMeCH,3655.0
1244,0,xnBCUPNx,FTwVCxQy,4289.0
419,0,lctVuVOk,iPNesxKP,7764.0
419,0,iLaGOhZk,lctVuVOk,8866.0
12,0,lctVuVOk,iPNesxKP,575.0
12,0,iLaGOhZk,lctVuVOk,575.0
12,0,wuyFtExA,EtvjcvTp,91.0
12,0,MrybjzSo,wuyFtExA,91.0
12,0,yrRBvFtZ,MrybjzSo,91.0
463,0,pSVDMeCH,gaLZwYvS,1297.0
463,0,FTwVCxQy,pSVDMeCH,1305.0
463,0,xnBCUPNx,FTwVCxQy,1731.0
463,0,PbNNbEKu,xnBCUPNx,1826.0
463,0,fTOPrrgc,PbNNbEKu,1889.0
463,0,ErjukRDc,fTOPrrgc,1886.0
463,0,ojYgsDtJ,ErjukRDc,1929.0
213,0,mYoRZvtc,RFaTWaew,111.0
213,0,WWGVlxtV,mYoRZvtc,376.0
213,0,xAtzquQH,WWGVlxtV,376.0
213,0,GHMmjNDZ,xAtzquQH,376.0
213,0,ZpgoacOO,GHMmjNDZ,376.0
481,0,EocVuyzS,lctVuVOk,1038.0
481,0,lwcIkPvE,EocVuyzS,866.0
1318,0,LKVeVUNI,BpAiVnps,3758.0
1318,0,dbPZeeiE,LKVeVUNI,3553.0
1318,0,CsDsDrdU,dbPZeeiE,3491.0
1318,0,OPXtWBVk,CsDsDrdU,3376.0
1318,0,BpAiVnps,RVGhYAxc,5178.0
419,0,ZpgoacOO,iLaGOhZk,7343.0
12,0,ZpgoacOO,iLaGOhZk,452.0
419,0,eYoPTdNP,ZpgoacOO,6542.0
663,0,zjSAMvDn,DOGyniWl,228.0
663,0,ZaBRaevd,zjSAMvDn,248.0
663,0,EZnTnoxs,ZaBRaevd,241.0
663,0,faYOimYm,EZnTnoxs,161.0
663,0,cmGUMIAA,faYOimYm,161.0
663,0,sDgMDbLK,cmGUMIAA,161.0
663,0,MUKiuGPJ,sDgMDbLK,119.0
663,0,LLvlNCEB,MUKiuGPJ,119.0
663,0,oXfrIVbN,LLvlNCEB,119.0
663,0,AFWGXQGm,oXfrIVbN,119.0
663,0,WTiRZunt,AFWGXQGm,83.0
663,0,RGyQypSn,WTiRZunt,83.0
663,0,jsUuEBbk,RGyQypSn,83.0
663,0,WCllcJIC,SEjojzMr,91.0
663,0,OXcUkifL,WCllcJIC,91.0
663,0,POsNTwnJ,OXcUkifL,91.0
663,0,rRGVruPM,POsNTwnJ,91.0
663,0,YmkUpvHU,rRGVruPM,91.0
663,0,GbYxEXTt,YmkUpvHU,96.0
663,0,DOGyniWl,GbYxEXTt,96.0
1623,0,yLtehlsl,iSMSiXHg,1504.0
1623,0,ZfvMwthQ,yLtehlsl,1504.0
1623,0,rWJbJwsc,ZfvMwthQ,1504.0
663,0,KIvXTDlT,IvXmMOhB,44.0
663,0,TgzZcdmy,KIvXTDlT,44.0
663,0,SEjojzMr,TgzZcdmy,44.0
663,0,HcKLTTXk,lRwVVbKf,4.0
663,0,IvXmMOhB,HcKLTTXk,4.0
318,0,XwcxmOai,nrUfCQxz,3263.0
318,0,sCyvkPkr,XwcxmOai,3259.0
318,0,YLjwrcCY,sCyvkPkr,3278.0
318,0,RfzcmazU,YLjwrcCY,3398.0
318,0,ImIhxSnH,RfzcmazU,3462.0
458,0,cEOIeJTR,CfleTooC,79.0
458,0,bWAbaUPC,cEOIeJTR,79.0
458,0,qrSNpKDz,bWAbaUPC,79.0
458,0,HrNWphPZ,qrSNpKDz,79.0
458,0,jcbMPQjL,HrNWphPZ,79.0
458,0,KbyuLDsq,jcbMPQjL,79.0
458,0,rBcsOnfo,KbyuLDsq,79.0
458,0,XAYndOhY,rBcsOnfo,79.0
458,0,cPCRxZjy,XAYndOhY,79.0
458,0,qpacHTVx,cPCRxZjy,79.0
458,0,klenweCZ,qpacHTVx,79.0
458,0,JYcdyiOK,heyKMWAh,67.0
458,0,gDobDJgN,JYcdyiOK,67.0
458,0,gUXxyAlR,gDobDJgN,67.0
458,0,CfleTooC,gUXxyAlR,67.0
401,0,eJfPkird,kgNzHUbI,5552.0
572,0,kWtooBDW,wOZIcmuB,36.0
572,0,jkuUxjyr,kWtooBDW,36.0
572,0,LvbzkrjO,jkuUxjyr,36.0
572,0,FXEtzSuC,LvbzkrjO,36.0
572,0,bpXNEOYE,FXEtzSuC,36.0
572,0,IIzQthVA,bpXNEOYE,36.0
1244,0,MEVzYGii,xnBCUPNx,4668.0
1244,0,byZXHxZy,MEVzYGii,4761.0
616,0,kWtooBDW,wOZIcmuB,223.0
616,0,jkuUxjyr,kWtooBDW,223.0
616,0,LvbzkrjO,jkuUxjyr,223.0
616,0,FXEtzSuC,LvbzkrjO,223.0
616,0,bpXNEOYE,FXEtzSuC,223.0
616,0,IIzQthVA,bpXNEOYE,223.0
1747,0,EfWhclss,DJsuwMnQ,5720.0
1747,0,SqxhBMol,EfWhclss,5465.0
1747,0,HrNWphPZ,nrKKniYe,4322.0
1747,0,jcbMPQjL,HrNWphPZ,4407.0
1747,0,KbyuLDsq,jcbMPQjL,5400.0
1747,0,XAYndOhY,KbyuLDsq,5378.0
458,0,wdBsZaVr,klenweCZ,12.0
458,0,FXEtzSuC,wdBsZaVr,12.0
458,0,bpXNEOYE,FXEtzSuC,12.0
458,0,IIzQthVA,bpXNEOYE,12.0
419,0,rlRRFZPO,eYoPTdNP,6516.0
12,0,eYoPTdNP,ZpgoacOO,398.0
486,0,duRJdiSr,jeadfqyj,69.0
486,0,uBFbbvHN,duRJdiSr,69.0
486,0,YjUiSglA,uBFbbvHN,69.0
486,0,xPaGbpFW,YjUiSglA,69.0
486,0,LJLjKFnn,xPaGbpFW,69.0
486,0,gzZgDndk,LJLjKFnn,69.0
486,0,NQaaFyOm,gzZgDndk,57.0
204,0,ZyxFjabk,yQIotbyH,647.0
204,0,RyfxjoUl,ZyxFjabk,647.0
204,0,QIQMIQBO,RyfxjoUl,796.0
204,0,KHrhIPzf,QIQMIQBO,910.0
204,0,WAnDToyk,KHrhIPzf,939.0
34,0,MEVzYGii,xnBCUPNx,4981.0
34,0,yQIotbyH,MEVzYGii,5044.0
1244,0,yQIotbyH,byZXHxZy,4748.0
1441,0,LsuNFzpq,kVCEAUTv,1317.0
762,0,llFTEWtD,IulxyPoH,5325.0
762,0,fPhIOSOj,llFTEWtD,5325.0
762,0,PQDqFTyk,fPhIOSOj,5349.0
762,0,OhBAPvsb,PQDqFTyk,5060.0
481,0,WtSrfmmv,msSSSjFI,913.0
481,0,lpqoYdNq,WtSrfmmv,913.0
481,0,BIPxiHLi,lpqoYdNq,913.0
481,0,yrMfCrKd,BIPxiHLi,1094.0
481,0,FJDNPLrp,yrMfCrKd,1128.0
481,0,YyXnCqJL,FJDNPLrp,1174.0
481,0,DUgAaGlT,YyXnCqJL,1174.0
419,0,yQfeHodw,rlRRFZPO,4223.0
419,0,YEqGDaQm,yQfeHodw,4223.0
419,0,QjBtnCad,YEqGDaQm,4259.0
480,0,RDRtuZUD,FliRNcXy,544.0
480,0,HRxXRUxZ,RDRtuZUD,544.0
480,0,TiulEaYs,HRxXRUxZ,544.0
480,0,dwUntJQR,TiulEaYs,839.0
480,0,VQMcZIwA,dwUntJQR,839.0
480,0,RyfxjoUl,VQMcZIwA,995.0
480,0,QIQMIQBO,RyfxjoUl,846.0
205,0,NPqatCDm,oBjbzljy,244.0
205,0,XiaLQvRI,NPqatCDm,248.0
205,0,gNlImmtJ,XiaLQvRI,248.0
205,0,kdVJdnYB,gNlImmtJ,248.0
205,0,nMidlhrd,kdVJdnYB,248.0
205,0,JODrgTwh,nMidlhrd,248.0
1747,0,msSSSjFI,XAYndOhY,4709.0
1747,0,WtSrfmmv,msSSSjFI,4436.0
1747,0,lpqoYdNq,WtSrfmmv,4619.0
1747,0,BIPxiHLi,lpqoYdNq,4632.0
1747,0,yrMfCrKd,BIPxiHLi,4641.0
1747,0,KHrhIPzf,yrMfCrKd,4756.0
204,0,MEVzYGii,xnBCUPNx,201.0
204,0,yQIotbyH,MEVzYGii,201.0
204,0,xnBCUPNx,gaLZwYvS,160.0
209,0,HefnspWQ,czFfIymd,1004.0
209,0,lDeAZniB,HefnspWQ,993.0
209,0,sDgMDbLK,lDeAZniB,993.0
209,0,MUKiuGPJ,sDgMDbLK,993.0
209,0,BIPxiHLi,MUKiuGPJ,993.0
209,0,yrMfCrKd,BIPxiHLi,803.0
209,0,KHrhIPzf,yrMfCrKd,803.0
665,0,WtPVEKaC,BYsSDXCP,203.0
665,0,czFfIymd,WtPVEKaC,203.0
665,0,HefnspWQ,czFfIymd,78.0
665,0,lDeAZniB,HefnspWQ,74.0
665,0,sDgMDbLK,lDeAZniB,74.0
665,0,MUKiuGPJ,sDgMDbLK,74.0
665,0,BIPxiHLi,MUKiuGPJ,74.0
665,0,yrMfCrKd,BIPxiHLi,74.0
665,0,fubLBmAl,DOGyniWl,175.0
665,0,zjSAMvDn,fubLBmAl,175.0
665,0,BYsSDXCP,zjSAMvDn,175.0
665,0,GpnhEWuy,QDIpIlEK,114.0
665,0,rRGVruPM,GpnhEWuy,114.0
665,0,YmkUpvHU,rRGVruPM,114.0
665,0,GbYxEXTt,YmkUpvHU,117.0
665,0,DOGyniWl,GbYxEXTt,117.0
720,0,nsbHlbAq,WhHfbZWj,2873.0
720,0,cwgbfpqq,nsbHlbAq,2873.0
720,0,fMrlznIn,cwgbfpqq,2876.0
720,0,YzgNCqsj,fMrlznIn,2876.0
720,0,uXKxCjNA,YzgNCqsj,2876.0
720,0,bOiSLYGO,uXKxCjNA,2911.0
720,0,mhgPTzcZ,bOiSLYGO,3002.0
720,0,WFZVQzrl,mhgPTzcZ,794.0
720,0,QDIpIlEK,WFZVQzrl,1504.0
720,0,IESGsZGI,QDIpIlEK,1586.0
720,0,GpnhEWuy,IESGsZGI,1586.0
720,0,rRGVruPM,GpnhEWuy,1586.0
720,0,mLBQtksd,rRGVruPM,1584.0
720,0,knCDNjnp,mLBQtksd,526.0
720,0,nYVfIRsk,knCDNjnp,526.0
720,0,IHZGJZTs,nYVfIRsk,526.0
720,0,iOuVBZzk,IHZGJZTs,495.0
464,0,QHFmFyLR,EkWBPXmr,1119.0
464,0,neNWquOh,QHFmFyLR,1119.0
464,0,KwaxxmSs,neNWquOh,1119.0
464,0,gzZgDndk,KwaxxmSs,1173.0
464,0,NQaaFyOm,gzZgDndk,5145.0
464,0,iPNesxKP,NQaaFyOm,6211.0
464,0,lctVuVOk,iPNesxKP,8054.0
464,0,EocVuyzS,lctVuVOk,8312.0
464,0,lwcIkPvE,EocVuyzS,8312.0
464,0,suszCmcx,lwcIkPvE,8442.0
464,0,Fwqgdxfa,suszCmcx,8583.0
1747,0,DsuTXcIa,DCdKJxNH,4047.0
1747,0,bgWfLree,DsuTXcIa,5692.0
1747,0,nUYnioIh,bgWfLree,5692.0
1747,0,COReTzyE,nUYnioIh,5692.0
1747,0,DJsuwMnQ,COReTzyE,5790.0
1747,0,nrKKniYe,SqxhBMol,5036.0
463,0,suszCmcx,ojYgsDtJ,2512.0
463,0,Fwqgdxfa,suszCmcx,1939.0
481,0,suszCmcx,lwcIkPvE,407.0
481,0,msSSSjFI,suszCmcx,324.0
1747,0,JovbzjVh,qDeoslSZ,2841.0
1747,0,DCdKJxNH,JovbzjVh,3055.0
1435,0,KabAcwBq,htzVSGDL,7803.0
140,0,rhOosuOh,pNPkNoga,63.0
140,0,VKJFREzF,rhOosuOh,63.0
140,0,EvOnizWo,VKJFREzF,70.0
140,0,PjaElYBL,EvOnizWo,70.0
140,0,YvwuVYMF,PjaElYBL,70.0
419,0,WAnDToyk,QjBtnCad,3733.0
419,0,UwPVTdeZ,WAnDToyk,3914.0
427,0,xnBCUPNx,FTwVCxQy,189.0
427,0,MEVzYGii,xnBCUPNx,232.0
427,0,ZyxFjabk,MEVzYGii,232.0
427,0,RyfxjoUl,ZyxFjabk,287.0
427,0,WAnDToyk,RyfxjoUl,287.0
427,0,DvHSShZC,WAnDToyk,233.0
209,0,WAnDToyk,KHrhIPzf,799.0
209,0,UwPVTdeZ,WAnDToyk,759.0
209,0,szQKyBKA,eBAbFKqQ,1266.0
209,0,czFfIymd,szQKyBKA,1266.0
209,0,STSGJiIu,TdfMaTlB,1293.0
209,0,vpctkpYQ,STSGJiIu,1294.0
209,0,wegNXhqe,vpctkpYQ,1303.0
209,0,RZyHoyLx,wegNXhqe,1303.0
209,0,kKHgYdYp,RZyHoyLx,1303.0
209,0,eBAbFKqQ,kKHgYdYp,861.0
209,0,dbPZeeiE,LKVeVUNI,571.0
209,0,CsDsDrdU,dbPZeeiE,571.0
209,0,DGTEnFlN,CsDsDrdU,842.0
209,0,OPXtWBVk,DGTEnFlN,842.0
209,0,SvGtXrYj,OPXtWBVk,1098.0
209,0,TdfMaTlB,SvGtXrYj,1098.0
1747,0,WAnDToyk,KHrhIPzf,4562.0
1747,0,UwPVTdeZ,WAnDToyk,4562.0
209,0,LKVeVUNI,BpAiVnps,474.0
825,0,mSlRsDTZ,DcYEFBXI,85.0
825,0,iHPgoVQd,mSlRsDTZ,85.0
825,0,LEMCEoBI,iHPgoVQd,86.0
825,0,VbipnzIy,LEMCEoBI,86.0
825,0,vLvetIEj,VbipnzIy,96.0
825,0,veZdNrwJ,vLvetIEj,96.0
825,0,UHrZZaJI,veZdNrwJ,96.0
825,0,XYPsfiKq,UHrZZaJI,96.0
825,0,EZonlaGf,XYPsfiKq,109.0
825,0,wcUGKfLa,EZonlaGf,112.0
825,0,ZJxogzZw,wcUGKfLa,87.0
825,0,Uacajbua,ZJxogzZw,87.0
825,0,ZLCIvgrp,Uacajbua,84.0
825,0,ucVTqZIB,ZLCIvgrp,84.0
825,0,FDrhtNjK,ucVTqZIB,84.0
825,0,YVGWiGkc,FDrhtNjK,84.0
825,0,CqPWXNIf,YVGWiGkc,84.0
825,0,iZfXNAue,CqPWXNIf,84.0
825,0,OXvlrfnG,iZfXNAue,82.0
825,0,CgMBzfIg,OXvlrfnG,82.0
825,0,BCwVkMhO,CgMBzfIg,82.0
825,0,MpBHVRZl,BCwVkMhO,82.0
825,0,BWKNZpmt,MpBHVRZl,8.0
825,0,hMBIVszx,BWKNZpmt,8.0
825,0,JgVaSAtG,hMBIVszx,8.0
825,0,QyfZGsFT,JgVaSAtG,8.0
825,0,selTNsQi,QyfZGsFT,8.0
825,0,SfBAqteg,selTNsQi,8.0
825,0,obGcbWvT,SfBAqteg,8.0
825,0,lbFoZTYJ,obGcbWvT,8.0
825,0,wssOAckJ,lbFoZTYJ,8.0
825,0,zzxlwhdI,wssOAckJ,8.0
825,0,SEcoeimf,zzxlwhdI,8.0
825,0,fzmnvqlX,SEcoeimf,8.0
825,0,RyhuDLev,fzmnvqlX,8.0
825,0,KnIeolpt,RyhuDLev,8.0
825,0,GMrJWgHs,KnIeolpt,8.0
825,0,tTjpyeuP,GMrJWgHs,8.0
825,0,iYbcLrkT,tTjpyeuP,8.0
825,0,elxmPCDf,iYbcLrkT,8.0
825,0,tcbhlVZo,elxmPCDf,8.0
825,0,ZqBGCTqq,tcbhlVZo,8.0
825,0,HxnLIWQq,ZqBGCTqq,8.0
825,0,wqGWmwVd,HxnLIWQq,8.0
825,0,ACkvbmee,wqGWmwVd,8.0
825,0,FtWuEuzF,ACkvbmee,8.0
825,0,RtTLxXUv,FtWuEuzF,8.0
825,0,JGydtICe,RtTLxXUv,8.0
825,0,xbhuXgnr,JGydtICe,8.0
825,0,zjGRmLyo,xbhuXgnr,8.0
825,0,EXTmTMKf,zjGRmLyo,8.0
825,0,yfIoPTHo,EXTmTMKf,4.0
825,0,GnOurcjN,yfIoPTHo,4.0
825,0,vHkAlmCm,GnOurcjN,4.0
825,0,WynPMslR,vHkAlmCm,4.0
825,0,qjwSVoCq,WynPMslR,1.0
825,0,WvPJYXMk,qjwSVoCq,1.0
356,0,QHFmFyLR,EkWBPXmr,758.0
356,0,neNWquOh,QHFmFyLR,758.0
356,0,KwaxxmSs,neNWquOh,761.0
356,0,gzZgDndk,KwaxxmSs,808.0
356,0,NQaaFyOm,gzZgDndk,3155.0
356,0,iPNesxKP,NQaaFyOm,3356.0
356,0,lctVuVOk,iPNesxKP,4000.0
356,0,EocVuyzS,lctVuVOk,4004.0
356,0,lwcIkPvE,EocVuyzS,4004.0
356,0,suszCmcx,lwcIkPvE,4021.0
356,0,UTBcifAN,suszCmcx,4149.0
227,0,fGmFhgnx,rckblBTM,121.0
227,0,zjjLSYAp,fGmFhgnx,172.0
227,0,nIakFMcq,zjjLSYAp,172.0
227,0,LYjhOoFf,nIakFMcq,288.0
227,0,QdWOxWia,LYjhOoFf,365.0
227,0,gViLrCgA,QdWOxWia,405.0
227,0,cCSIoIah,gViLrCgA,621.0
227,0,DLdtTvFi,cCSIoIah,621.0
227,0,vRWSdFEN,DLdtTvFi,635.0
227,0,WPBOglHu,vRWSdFEN,815.0
227,0,ftMGYADA,WPBOglHu,816.0
227,0,lklhFYFG,ftMGYADA,816.0
227,0,vNMxowJX,lklhFYFG,816.0
227,0,pPReLBCT,vNMxowJX,940.0
227,0,AqgjLYqB,pPReLBCT,909.0
227,0,QkCkRebE,AqgjLYqB,909.0
227,0,RfzcmazU,XwcxmOai,821.0
227,0,cEwgxjVO,RfzcmazU,831.0
1419,0,xgzyCPTg,HAmwZMhM,3695.0
1419,0,XWLETkPz,xgzyCPTg,3769.0
1419,0,HLAPntjh,XWLETkPz,3769.0
1740,0,EocVuyzS,lctVuVOk,851.0
1740,0,lwcIkPvE,EocVuyzS,851.0
1740,0,suszCmcx,lwcIkPvE,851.0
1740,0,UTBcifAN,suszCmcx,851.0
682,0,zfZPgPol,jkmSVBKz,889.0
682,0,YLjwrcCY,zfZPgPol,883.0
682,0,RfzcmazU,YLjwrcCY,758.0
682,0,cEwgxjVO,RfzcmazU,576.0
682,0,jkmSVBKz,QkCkRebE,869.0
214,0,NcLanIdZ,SyrqOGJb,359.0
214,0,FDCDnriY,yYSDLmlm,1004.0
214,0,hLEWSLqw,FDCDnriY,1002.0
682,0,JGbfxLUL,KQSHMGnw,282.0
682,0,IjwLXBRx,JGbfxLUL,282.0
682,0,TPsFloRu,IjwLXBRx,282.0
682,0,VCDwRKse,TPsFloRu,544.0
682,0,lZYsrfVZ,VCDwRKse,544.0
682,0,jXeBpcDF,lZYsrfVZ,544.0
682,0,goaumTLR,jXeBpcDF,625.0
682,0,vNMxowJX,goaumTLR,629.0
682,0,voZaDctr,vNMxowJX,629.0
682,0,rDcmNjNB,voZaDctr,629.0
682,0,pPReLBCT,rDcmNjNB,629.0
682,0,AqgjLYqB,pPReLBCT,629.0
682,0,QkCkRebE,AqgjLYqB,629.0
1398,0,ZIPCqImv,ciAbSxQX,1234.0
1398,0,aWNaUdzp,ZIPCqImv,1234.0
1398,0,FCsbIOBe,aWNaUdzp,2227.0
1398,0,wyEQXfIU,FCsbIOBe,2227.0
1398,0,aRKvwhNi,wyEQXfIU,2227.0
1398,0,lsBVGYKC,aRKvwhNi,2234.0
1398,0,WhHfbZWj,lsBVGYKC,1779.0
1398,0,nsbHlbAq,WhHfbZWj,1375.0
1398,0,cwgbfpqq,nsbHlbAq,1364.0
1398,0,fMrlznIn,cwgbfpqq,1364.0
1398,0,uXKxCjNA,fMrlznIn,1364.0
1398,0,bOiSLYGO,uXKxCjNA,1364.0
1398,0,mhgPTzcZ,bOiSLYGO,1222.0
1398,0,WFZVQzrl,mhgPTzcZ,954.0
1398,0,tRncbstl,WFZVQzrl,584.0
1398,0,QDIpIlEK,tRncbstl,482.0
1398,0,GpnhEWuy,QDIpIlEK,331.0
1398,0,YmkUpvHU,GpnhEWuy,282.0
1398,0,GbYxEXTt,YmkUpvHU,275.0
1398,0,DOGyniWl,GbYxEXTt,101.0
1398,0,fubLBmAl,DOGyniWl,101.0
1398,0,zjSAMvDn,fubLBmAl,101.0
1398,0,BYsSDXCP,zjSAMvDn,85.0
1398,0,WtPVEKaC,BYsSDXCP,85.0
1398,0,cniBuICf,WtPVEKaC,85.0
1398,0,LPfgjVyT,cniBuICf,85.0
146,0,NPqatCDm,oBjbzljy,196.0
146,0,XiaLQvRI,NPqatCDm,989.0
146,0,gNlImmtJ,XiaLQvRI,1002.0
146,0,kdVJdnYB,gNlImmtJ,1002.0
146,0,nMidlhrd,kdVJdnYB,999.0
146,0,JODrgTwh,nMidlhrd,999.0
852,0,WhHfbZWj,lsBVGYKC,44.0
227,0,rckblBTM,QpprBOSr,116.0
1398,0,TEKQTTfp,YzXnYVPd,532.0
1398,0,ciAbSxQX,TEKQTTfp,532.0
1398,0,MhxjGQjy,mhYSfvAq,354.0
1398,0,EhUxMFuQ,MhxjGQjy,354.0
1398,0,HZcfHzwe,EhUxMFuQ,354.0
1398,0,KcDUQTDz,HZcfHzwe,366.0
1398,0,qoWOoICL,KcDUQTDz,366.0
1398,0,FwybjYQK,qoWOoICL,366.0
1398,0,ZuDlysuz,FwybjYQK,428.0
1398,0,IkwHYYuh,ZuDlysuz,428.0
1398,0,YzXnYVPd,IkwHYYuh,428.0
1065,0,OfWHUDWP,TQJSOMwc,548.0
34,0,taEXnGBL,yQIotbyH,4276.0
34,0,rZoajhYh,taEXnGBL,4276.0
1244,0,taEXnGBL,yQIotbyH,4050.0
1244,0,rZoajhYh,taEXnGBL,4050.0
481,0,taEXnGBL,DUgAaGlT,1040.0
481,0,rZoajhYh,taEXnGBL,1040.0
1140,0,QHFmFyLR,EkWBPXmr,639.0
1140,0,neNWquOh,QHFmFyLR,639.0
1140,0,KwaxxmSs,neNWquOh,639.0
1140,0,gzZgDndk,KwaxxmSs,650.0
1140,0,NQaaFyOm,gzZgDndk,1201.0
1140,0,iPNesxKP,NQaaFyOm,1426.0
1140,0,lctVuVOk,iPNesxKP,1641.0
1140,0,ZpgoacOO,lctVuVOk,1682.0
1140,0,eYoPTdNP,ZpgoacOO,1800.0
1140,0,rlRRFZPO,eYoPTdNP,1808.0
1140,0,JXTJImqP,rlRRFZPO,1808.0
1140,0,zZjujLYd,JXTJImqP,1808.0
1140,0,xaaBiNQT,zZjujLYd,1808.0
1340,0,BpAiVnps,RVGhYAxc,2693.0
205,0,EdqXvVeI,nPkrzCty,96.0
205,0,oBjbzljy,EdqXvVeI,96.0
419,0,gbxdgQQp,UwPVTdeZ,3875.0
12,0,YEqGDaQm,eYoPTdNP,295.0
12,0,QjBtnCad,YEqGDaQm,295.0
12,0,WAnDToyk,QjBtnCad,295.0
12,0,UwPVTdeZ,WAnDToyk,295.0
12,0,gbxdgQQp,UwPVTdeZ,295.0
209,0,FYNyHfeM,UwPVTdeZ,412.0
209,0,gbxdgQQp,FYNyHfeM,412.0
204,0,HUkyeYlq,WAnDToyk,874.0
204,0,PYpgWopD,HUkyeYlq,1005.0
204,0,lDeAZniB,PYpgWopD,1005.0
204,0,bLzlxnwB,lDeAZniB,1005.0
253,0,WFZVQzrl,bOiSLYGO,4446.0
253,0,GiONHkbf,WFZVQzrl,2253.0
253,0,QDIpIlEK,GiONHkbf,1476.0
253,0,GpnhEWuy,QDIpIlEK,1689.0
253,0,YmkUpvHU,GpnhEWuy,1659.0
253,0,nsbHlbAq,WhHfbZWj,4371.0
253,0,cwgbfpqq,nsbHlbAq,4406.0
253,0,fMrlznIn,cwgbfpqq,4374.0
253,0,uXKxCjNA,fMrlznIn,4374.0
253,0,bOiSLYGO,uXKxCjNA,4374.0
147,0,QHFmFyLR,EkWBPXmr,250.0
147,0,neNWquOh,QHFmFyLR,250.0
147,0,KwaxxmSs,neNWquOh,250.0
147,0,gzZgDndk,KwaxxmSs,319.0
147,0,NQaaFyOm,gzZgDndk,817.0
147,0,iPNesxKP,NQaaFyOm,903.0
147,0,lctVuVOk,iPNesxKP,1054.0
147,0,EocVuyzS,lctVuVOk,1054.0
147,0,lwcIkPvE,EocVuyzS,1054.0
147,0,suszCmcx,lwcIkPvE,1054.0
147,0,UTBcifAN,suszCmcx,1063.0
147,0,HQVZivsH,UTBcifAN,1360.0
147,0,tTrMaEIS,HQVZivsH,1360.0
147,0,WeXgsZLY,tTrMaEIS,1360.0
685,0,bWAbaUPC,cEOIeJTR,2018.0
685,0,qrSNpKDz,bWAbaUPC,1742.0
685,0,HrNWphPZ,qrSNpKDz,1786.0
685,0,XwcxmOai,HrNWphPZ,1446.0
685,0,RfzcmazU,XwcxmOai,1558.0
685,0,cEwgxjVO,RfzcmazU,1579.0
685,0,fRBexIzo,cEwgxjVO,1671.0
204,0,wSspaAkq,bLzlxnwB,1095.0
204,0,NppIhzQC,wSspaAkq,1095.0
204,0,WtPVEKaC,NppIhzQC,1093.0
204,0,tTrMaEIS,WtPVEKaC,830.0
204,0,WeXgsZLY,tTrMaEIS,830.0
448,0,UfJDroVz,lsFGVtlq,10.0
448,0,biJBLznK,UfJDroVz,10.0
448,0,TcsyXYNn,biJBLznK,10.0
448,0,qKeCDDXI,TcsyXYNn,10.0
448,0,YmkUpvHU,qKeCDDXI,10.0
448,0,GbYxEXTt,YmkUpvHU,10.0
448,0,ItndWSiW,GbYxEXTt,10.0
448,0,DOGyniWl,ItndWSiW,10.0
448,0,fubLBmAl,DOGyniWl,10.0
448,0,zjSAMvDn,fubLBmAl,10.0
448,0,BYsSDXCP,zjSAMvDn,3.0
448,0,WtPVEKaC,BYsSDXCP,3.0
318,0,iEKuRfDT,ImIhxSnH,3387.0
318,0,PlyJazqR,iEKuRfDT,2715.0
318,0,kkrKJmiC,PlyJazqR,2712.0
682,0,fRBexIzo,cEwgxjVO,541.0
227,0,fRBexIzo,cEwgxjVO,837.0
227,0,nDzrviXX,fRBexIzo,837.0
200,0,nPkrzCty,lqMPnIra,72.0
200,0,OPXtWBVk,nPkrzCty,72.0
200,0,SvGtXrYj,OPXtWBVk,72.0
200,0,TdfMaTlB,SvGtXrYj,72.0
200,0,STSGJiIu,TdfMaTlB,72.0
200,0,vpctkpYQ,STSGJiIu,72.0
200,0,wegNXhqe,vpctkpYQ,72.0
200,0,RZyHoyLx,wegNXhqe,72.0
200,0,kKHgYdYp,RZyHoyLx,72.0
200,0,rLrKZBjw,kKHgYdYp,72.0
1255,0,BpAiVnps,RVGhYAxc,1091.0
727,0,aFlzccOO,yHDouIXe,1136.0
727,0,gpaAUChy,aFlzccOO,633.0
727,0,XAxmwtqw,gpaAUChy,633.0
727,0,YmDpkIHQ,XAxmwtqw,633.0
356,0,HQVZivsH,UTBcifAN,2794.0
356,0,DeiIsjyA,HQVZivsH,2794.0
1741,0,uxsctOEt,RfEbENxd,1162.0
1741,0,UfJDroVz,uxsctOEt,1162.0
1741,0,biJBLznK,UfJDroVz,1162.0
1741,0,TcsyXYNn,biJBLznK,1162.0
1741,0,qKeCDDXI,TcsyXYNn,1162.0
1741,0,jQaLNViL,gyQqEnFq,234.0
1741,0,RfEbENxd,jQaLNViL,324.0
1418,0,SapgsLPr,JPWycazw,5153.0
1418,0,OyAyNkqZ,SapgsLPr,5165.0
560,0,avbDVyxh,WGPbPoOh,530.0
560,0,gzkuviLm,avbDVyxh,530.0
560,0,CkzMckPC,gzkuviLm,530.0
560,0,WywmvGMH,CkzMckPC,530.0
75,0,kTKiYpVR,rilZLDfI,908.0
75,0,bjpXdchK,kTKiYpVR,225.0
75,0,dEgXqWEW,bjpXdchK,225.0
75,0,ZWGREbnj,dEgXqWEW,225.0
75,0,cgIzawVB,ZWGREbnj,225.0
803,0,kWrGTFqC,cgIzawVB,11.0
419,0,HeRWBWAv,gbxdgQQp,3801.0
419,0,YmDpkIHQ,HeRWBWAv,3801.0
427,0,KplKuAnp,iYMJvRAf,15.0
427,0,FTwVCxQy,KplKuAnp,18.0
1244,0,LccdLENM,rZoajhYh,3301.0
1244,0,BaKUDeNn,LccdLENM,3301.0
1244,0,NuyYqrDq,BaKUDeNn,958.0
1747,0,gbxdgQQp,UwPVTdeZ,4431.0
1747,0,HeRWBWAv,gbxdgQQp,4455.0
1747,0,xjaGpszF,HeRWBWAv,4455.0
727,0,mSXRukCc,kjxfKqbD,100.0
727,0,FFGyTMvJ,mSXRukCc,100.0
727,0,lsBVGYKC,FFGyTMvJ,100.0
727,0,WhHfbZWj,lsBVGYKC,102.0
727,0,nsbHlbAq,WhHfbZWj,139.0
727,0,cwgbfpqq,nsbHlbAq,139.0
727,0,fMrlznIn,cwgbfpqq,139.0
727,0,uXKxCjNA,fMrlznIn,139.0
727,0,bOiSLYGO,uXKxCjNA,139.0
1142,0,oBjbzljy,sZwmfbNt,538.0
1142,0,aYSqaQmJ,oBjbzljy,557.0
1142,0,PjfwSZnl,aYSqaQmJ,1647.0
1142,0,mLFZUgfn,PjfwSZnl,1719.0
1142,0,ftrZKujQ,mLFZUgfn,1719.0
1142,0,yXKTuRtI,ftrZKujQ,1719.0
1506,0,JKFFGKvY,zgCGmKZn,11760.0
1506,0,EVAUYvVR,JKFFGKvY,11729.0
1506,0,GYfZYaJh,EVAUYvVR,11682.0
1506,0,WFZVQzrl,GYfZYaJh,9197.0
425,0,jFRqfnFl,gmsNDepi,423.0
425,0,ysSWNERo,jFRqfnFl,423.0
425,0,lQIpGOTn,ysSWNERo,423.0
425,0,uhUmvvRs,lQIpGOTn,423.0
425,0,GgLRqpEG,uhUmvvRs,423.0
425,0,WFZVQzrl,GgLRqpEG,423.0
425,0,QDIpIlEK,WFZVQzrl,257.0
425,0,GpnhEWuy,QDIpIlEK,112.0
425,0,mLBQtksd,GpnhEWuy,112.0
425,0,rFvOiVZU,mLBQtksd,32.0
425,0,ezbmnBKa,rFvOiVZU,32.0
425,0,aaOdCJPr,ezbmnBKa,32.0
425,0,EZnTnoxs,aaOdCJPr,32.0
425,0,faYOimYm,EZnTnoxs,32.0
425,0,UGcgYMSg,faYOimYm,32.0
425,0,ThGrfpxl,UGcgYMSg,32.0
727,0,CEZTRnUo,qflzswAf,82.0
727,0,funWfCdm,CEZTRnUo,82.0
727,0,rnFrOJMw,funWfCdm,82.0
727,0,MklhhYCQ,rnFrOJMw,84.0
727,0,nzTRQfUi,MklhhYCQ,84.0
727,0,nhSXMXjw,nzTRQfUi,84.0
727,0,kjxfKqbD,nhSXMXjw,86.0
481,0,yyqygEVd,rZoajhYh,840.0
481,0,LccdLENM,yyqygEVd,840.0
481,0,BaKUDeNn,LccdLENM,840.0
209,0,HeRWBWAv,gbxdgQQp,411.0
209,0,SyufMOPd,HeRWBWAv,411.0
720,0,kjxfKqbD,hSRFRBsa,210.0
720,0,mSXRukCc,kjxfKqbD,210.0
720,0,PkbhOCMh,mSXRukCc,210.0
720,0,FFGyTMvJ,PkbhOCMh,210.0
720,0,eyAJPdep,FFGyTMvJ,210.0
720,0,lsBVGYKC,eyAJPdep,381.0
720,0,WhHfbZWj,lsBVGYKC,1259.0
664,0,JXTJImqP,rlRRFZPO,581.0
664,0,zZjujLYd,JXTJImqP,581.0
664,0,tkQUdzPW,zZjujLYd,605.0
664,0,xaaBiNQT,tkQUdzPW,605.0
664,0,eddhjHaw,xaaBiNQT,766.0
664,0,HzpUPWzy,eddhjHaw,766.0
427,0,gbxdgQQp,DvHSShZC,250.0
427,0,HeRWBWAv,gbxdgQQp,250.0
427,0,nObXmJzU,HeRWBWAv,393.0
427,0,ScxuUYRs,nObXmJzU,413.0
427,0,HzpUPWzy,ScxuUYRs,414.0
664,0,rlRRFZPO,BOjJhphU,100.0
233,0,GpnhEWuy,QDIpIlEK,210.0
233,0,YmkUpvHU,GpnhEWuy,170.0
253,0,WhHfbZWj,lsBVGYKC,3652.0
227,0,QgwCgjAi,nDzrviXX,808.0
227,0,zAwPDfkg,QgwCgjAi,41.0
356,0,anWZyaGW,DeiIsjyA,2749.0
664,0,QJswlIXy,HzpUPWzy,310.0
1506,0,BpAiVnps,RVGhYAxc,11308.0
1506,0,LKVeVUNI,BpAiVnps,13405.0
1506,0,dbPZeeiE,LKVeVUNI,14903.0
1506,0,CsDsDrdU,dbPZeeiE,14161.0
1506,0,rJRvqICk,CsDsDrdU,13275.0
1506,0,AmahvgQB,rJRvqICk,13234.0
1506,0,aYSqaQmJ,AmahvgQB,12311.0
932,0,nGUGLxPd,FZfLSowG,1020.0
932,0,dikxlocD,PpqbXLrX,825.0
932,0,FZfLSowG,dikxlocD,825.0
34,0,NuyYqrDq,rZoajhYh,4861.0
34,0,gpaAUChy,NuyYqrDq,5533.0
1244,0,FRJCPtXT,NuyYqrDq,949.0
1244,0,lWMzEGsN,FRJCPtXT,949.0
1244,0,IgEBJNwX,lWMzEGsN,949.0
1471,0,iPNesxKP,NQaaFyOm,2062.0
1471,0,lctVuVOk,iPNesxKP,2141.0
1471,0,iLaGOhZk,lctVuVOk,3375.0
1471,0,ZpgoacOO,iLaGOhZk,3375.0
1471,0,eYoPTdNP,ZpgoacOO,3930.0
1471,0,rlRRFZPO,eYoPTdNP,3930.0
1471,0,YEqGDaQm,rlRRFZPO,3960.0
1471,0,QjBtnCad,YEqGDaQm,3960.0
1471,0,WAnDToyk,QjBtnCad,3960.0
1471,0,UwPVTdeZ,WAnDToyk,3960.0
1471,0,gbxdgQQp,UwPVTdeZ,3960.0
1471,0,HeRWBWAv,gbxdgQQp,3960.0
1471,0,xjaGpszF,HeRWBWAv,3960.0
1471,0,ALSylDBQ,xjaGpszF,3960.0
1471,0,CTdLzzOf,ALSylDBQ,4631.0
1471,0,MOTjsakF,CTdLzzOf,4631.0
1747,0,CTdLzzOf,xjaGpszF,3309.0
1747,0,IgEBJNwX,CTdLzzOf,3309.0
1142,0,NXLrCKMp,xiTGCYEl,1526.0
1142,0,FyoAuDvn,NXLrCKMp,1526.0
1142,0,GpnhEWuy,FyoAuDvn,1790.0
1142,0,rRGVruPM,GpnhEWuy,1905.0
1142,0,mLBQtksd,rRGVruPM,1830.0
1142,0,knCDNjnp,mLBQtksd,2099.0
1142,0,nYVfIRsk,knCDNjnp,2098.0
1142,0,IHZGJZTs,nYVfIRsk,1769.0
1142,0,EcsZBajf,IHZGJZTs,1769.0
1142,0,iOuVBZzk,EcsZBajf,1936.0
1471,0,NQaaFyOm,gzZgDndk,1618.0
664,0,OrbXRiVv,QJswlIXy,314.0
448,0,QontmjvH,JIllbhjr,7.0
448,0,flXjJYer,QontmjvH,7.0
448,0,oBtsEQRM,flXjJYer,7.0
448,0,uxsctOEt,oBtsEQRM,7.0
448,0,lsFGVtlq,uxsctOEt,7.0
1740,0,HQVZivsH,UTBcifAN,587.0
1740,0,DeiIsjyA,HQVZivsH,587.0
1740,0,anWZyaGW,DeiIsjyA,701.0
1740,0,OrbXRiVv,anWZyaGW,727.0
685,0,XtlnoPeE,fRBexIzo,1635.0
685,0,eTJQHplR,XtlnoPeE,1583.0
685,0,bZroqIhX,eTJQHplR,2005.0
852,0,CEZTRnUo,qflzswAf,6.0
852,0,funWfCdm,CEZTRnUo,6.0
852,0,rnFrOJMw,funWfCdm,6.0
852,0,MklhhYCQ,rnFrOJMw,6.0
852,0,nzTRQfUi,MklhhYCQ,6.0
852,0,nhSXMXjw,nzTRQfUi,6.0
852,0,kjxfKqbD,nhSXMXjw,6.0
852,0,mSXRukCc,kjxfKqbD,6.0
852,0,FFGyTMvJ,mSXRukCc,6.0
852,0,eyAJPdep,FFGyTMvJ,6.0
852,0,lsBVGYKC,eyAJPdep,6.0
1140,0,eddhjHaw,xaaBiNQT,1356.0
1140,0,MmtauPfr,eddhjHaw,1356.0
427,0,NmoBNBiw,HzpUPWzy,648.0
427,0,MmtauPfr,NmoBNBiw,648.0
1506,0,paIawFeA,nIakFMcq,4718.0
1506,0,LYjhOoFf,paIawFeA,4778.0
1506,0,zgCGmKZn,aYSqaQmJ,12172.0
102,0,WdOwNGhj,xfbmoJHP,1225.0
102,0,kKKRBhFF,WdOwNGhj,1225.0
102,0,NFInfBeu,kKKRBhFF,1405.0
102,0,VCQdmIoF,NFInfBeu,1405.0
102,0,ePrpofUw,VCQdmIoF,1405.0
102,0,KcvPUxQg,ePrpofUw,1469.0
102,0,BlnSxBAr,KcvPUxQg,1561.0
102,0,WuDSdBCd,BlnSxBAr,2067.0
102,0,icUsjZEb,WuDSdBCd,2114.0
102,0,lhadwkCG,icUsjZEb,2114.0
102,0,awnNVqry,lhadwkCG,2114.0
102,0,mXwfazRz,awnNVqry,2115.0
102,0,NGAodVTg,mXwfazRz,2115.0
102,0,TvGyfQSI,NGAodVTg,2115.0
102,0,HFYkXdPG,TvGyfQSI,2115.0
102,0,KjgVoxgR,HFYkXdPG,2115.0
102,0,EmkugZPX,KjgVoxgR,2111.0
102,0,lmZJehpq,EmkugZPX,2106.0
102,0,RVGhYAxc,lmZJehpq,2106.0
102,0,BpAiVnps,RVGhYAxc,2096.0
102,0,LKVeVUNI,BpAiVnps,2096.0
102,0,dbPZeeiE,LKVeVUNI,1740.0
102,0,CsDsDrdU,dbPZeeiE,1715.0
102,0,rJRvqICk,CsDsDrdU,1372.0
102,0,AmahvgQB,rJRvqICk,1371.0
102,0,aYSqaQmJ,AmahvgQB,1354.0
1142,0,yFEIEiOj,yXKTuRtI,1360.0
1142,0,dlzglDFV,yFEIEiOj,1339.0
1142,0,pZATYgJX,dlzglDFV,1339.0
1142,0,DkqFSkSd,pZATYgJX,1339.0
1142,0,bZroqIhX,DkqFSkSd,1339.0
1142,0,cNuIRYrx,bZroqIhX,1339.0
34,0,IgEBJNwX,gpaAUChy,4691.0
34,0,NCVzutVL,IgEBJNwX,4962.0
1244,0,DSOJysaP,IgEBJNwX,1137.0
1142,0,yNIUaSyZ,cNuIRYrx,1334.0
1142,0,xiTGCYEl,yNIUaSyZ,1334.0
1747,0,Yhslgmod,IgEBJNwX,2650.0
449,0,anWZyaGW,DeiIsjyA,14.0
449,0,OrbXRiVv,anWZyaGW,14.0
449,0,cNuIRYrx,OrbXRiVv,31.0
449,0,yNIUaSyZ,cNuIRYrx,31.0
449,0,xiTGCYEl,yNIUaSyZ,31.0
449,0,NXLrCKMp,xiTGCYEl,31.0
449,0,FyoAuDvn,NXLrCKMp,31.0
449,0,GpnhEWuy,FyoAuDvn,31.0
449,0,mLBQtksd,GpnhEWuy,31.0
449,0,knCDNjnp,mLBQtksd,31.0
449,0,nYVfIRsk,knCDNjnp,31.0
449,0,IHZGJZTs,nYVfIRsk,31.0
449,0,EcsZBajf,IHZGJZTs,31.0
1471,0,IgEBJNwX,MOTjsakF,4082.0
1471,0,NCVzutVL,IgEBJNwX,3909.0
427,0,FBwCHGmG,MmtauPfr,1302.0
427,0,cEsQRYAp,FBwCHGmG,1302.0
1140,0,LtGOEkbi,MmtauPfr,1247.0
1140,0,YGTBEvoR,LtGOEkbi,1246.0
1140,0,nYVfIRsk,YGTBEvoR,748.0
1141,0,QontmjvH,JIllbhjr,869.0
1141,0,flXjJYer,QontmjvH,869.0
1141,0,oBtsEQRM,flXjJYer,869.0
1141,0,UFoaQvGg,oBtsEQRM,1176.0
1141,0,uxsctOEt,UFoaQvGg,1176.0
1141,0,lsFGVtlq,uxsctOEt,1185.0
1453,0,NUTqiXnx,RfEbENxd,588.0
1453,0,lsFGVtlq,NUTqiXnx,588.0
1365,0,GpnhEWuy,QDIpIlEK,4660.0
1365,0,rRGVruPM,GpnhEWuy,4655.0
1365,0,mLBQtksd,rRGVruPM,4481.0
1365,0,knCDNjnp,mLBQtksd,3825.0
1365,0,nYVfIRsk,knCDNjnp,3825.0
1365,0,IHZGJZTs,nYVfIRsk,3825.0
1365,0,EcsZBajf,IHZGJZTs,3825.0
1453,0,RfEbENxd,jQaLNViL,518.0
682,0,XtlnoPeE,fRBexIzo,488.0
682,0,eTJQHplR,XtlnoPeE,416.0
682,0,bZroqIhX,eTJQHplR,432.0
682,0,cNuIRYrx,bZroqIhX,432.0
682,0,yNIUaSyZ,cNuIRYrx,431.0
682,0,xiTGCYEl,yNIUaSyZ,431.0
682,0,NXLrCKMp,xiTGCYEl,360.0
682,0,FyoAuDvn,NXLrCKMp,360.0
682,0,GpnhEWuy,FyoAuDvn,358.0
682,0,mLBQtksd,GpnhEWuy,358.0
682,0,knCDNjnp,mLBQtksd,157.0
682,0,nYVfIRsk,knCDNjnp,157.0
682,0,IHZGJZTs,nYVfIRsk,157.0
685,0,cNuIRYrx,bZroqIhX,1995.0
685,0,yNIUaSyZ,cNuIRYrx,1995.0
685,0,xiTGCYEl,yNIUaSyZ,1995.0
685,0,NXLrCKMp,xiTGCYEl,1891.0
685,0,FyoAuDvn,NXLrCKMp,1891.0
685,0,GpnhEWuy,FyoAuDvn,1043.0
685,0,mLBQtksd,GpnhEWuy,1041.0
685,0,knCDNjnp,mLBQtksd,612.0
685,0,nYVfIRsk,knCDNjnp,612.0
685,0,IHZGJZTs,nYVfIRsk,612.0
1318,0,eTJQHplR,XqVVjUzr,5554.0
712,0,RVGhYAxc,lmZJehpq,3223.0
712,0,BpAiVnps,RVGhYAxc,1265.0
1365,0,LKVeVUNI,BpAiVnps,2053.0
1365,0,dbPZeeiE,LKVeVUNI,2544.0
1365,0,CsDsDrdU,dbPZeeiE,2732.0
1365,0,rJRvqICk,CsDsDrdU,2819.0
1365,0,AmahvgQB,rJRvqICk,2841.0
1365,0,zgCGmKZn,AmahvgQB,2841.0
1365,0,JKFFGKvY,zgCGmKZn,3763.0
1365,0,EVAUYvVR,JKFFGKvY,3803.0
1365,0,GYfZYaJh,EVAUYvVR,3803.0
1365,0,WFZVQzrl,GYfZYaJh,4047.0
1365,0,QDIpIlEK,WFZVQzrl,4399.0
1512,0,QHFmFyLR,EkWBPXmr,1760.0
1512,0,neNWquOh,QHFmFyLR,1760.0
1512,0,KwaxxmSs,neNWquOh,1835.0
1512,0,gzZgDndk,KwaxxmSs,2525.0
1512,0,NQaaFyOm,gzZgDndk,3639.0
1512,0,iPNesxKP,NQaaFyOm,5597.0
1512,0,lctVuVOk,iPNesxKP,6390.0
1512,0,EocVuyzS,lctVuVOk,6830.0
1512,0,lwcIkPvE,EocVuyzS,7002.0
1512,0,suszCmcx,lwcIkPvE,7008.0
1512,0,UTBcifAN,suszCmcx,7529.0
1512,0,HQVZivsH,UTBcifAN,9729.0
1512,0,DeiIsjyA,HQVZivsH,9729.0
1512,0,anWZyaGW,DeiIsjyA,11926.0
1512,0,OrbXRiVv,anWZyaGW,12136.0
1512,0,cNuIRYrx,OrbXRiVv,12633.0
250,0,bZroqIhX,eTJQHplR,1747.0
250,0,cNuIRYrx,bZroqIhX,1755.0
725,0,CTdLzzOf,YmDpkIHQ,1205.0
725,0,MOTjsakF,CTdLzzOf,1205.0
725,0,IgEBJNwX,MOTjsakF,1205.0
725,0,Yhslgmod,IgEBJNwX,2034.0
725,0,UfJDroVz,Yhslgmod,2209.0
12,0,HeRWBWAv,gbxdgQQp,294.0
12,0,xjaGpszF,HeRWBWAv,294.0
12,0,CTdLzzOf,xjaGpszF,294.0
12,0,MOTjsakF,CTdLzzOf,294.0
12,0,IgEBJNwX,MOTjsakF,294.0
12,0,Yhslgmod,IgEBJNwX,294.0
1471,0,Yhslgmod,NCVzutVL,3721.0
1512,0,yNIUaSyZ,cNuIRYrx,12500.0
1512,0,xiTGCYEl,yNIUaSyZ,12500.0
664,0,cNuIRYrx,OrbXRiVv,408.0
664,0,yNIUaSyZ,cNuIRYrx,404.0
664,0,xiTGCYEl,yNIUaSyZ,404.0
666,0,WAnDToyk,KHrhIPzf,152.0
666,0,HUkyeYlq,WAnDToyk,152.0
666,0,PYpgWopD,HUkyeYlq,195.0
666,0,lDeAZniB,PYpgWopD,195.0
666,0,bLzlxnwB,lDeAZniB,195.0
666,0,wSspaAkq,bLzlxnwB,292.0
666,0,NppIhzQC,wSspaAkq,292.0
666,0,anWZyaGW,NppIhzQC,292.0
666,0,OrbXRiVv,anWZyaGW,292.0
666,0,cNuIRYrx,OrbXRiVv,292.0
666,0,yNIUaSyZ,cNuIRYrx,291.0
666,0,xiTGCYEl,yNIUaSyZ,291.0
725,0,biJBLznK,UfJDroVz,2201.0
725,0,TcsyXYNn,biJBLznK,2201.0
725,0,qKeCDDXI,TcsyXYNn,2821.0
253,0,GbYxEXTt,YmkUpvHU,3052.0
233,0,GbYxEXTt,YmkUpvHU,114.0
233,0,ItndWSiW,GbYxEXTt,114.0
1468,0,rRGVruPM,GpnhEWuy,165.0
1468,0,YmkUpvHU,rRGVruPM,165.0
1468,0,GbYxEXTt,YmkUpvHU,165.0
528,0,IESGsZGI,QDIpIlEK,693.0
528,0,GpnhEWuy,IESGsZGI,693.0
528,0,rRGVruPM,GpnhEWuy,693.0
528,0,YmkUpvHU,rRGVruPM,735.0
528,0,GbYxEXTt,YmkUpvHU,735.0
528,0,ItndWSiW,GbYxEXTt,735.0
1750,0,GpnhEWuy,QDIpIlEK,634.0
1750,0,rRGVruPM,GpnhEWuy,634.0
1750,0,YmkUpvHU,rRGVruPM,494.0
1750,0,GbYxEXTt,YmkUpvHU,494.0
798,0,GpnhEWuy,QDIpIlEK,786.0
798,0,rRGVruPM,GpnhEWuy,786.0
798,0,YmkUpvHU,rRGVruPM,786.0
798,0,GbYxEXTt,YmkUpvHU,786.0
803,0,GbYxEXTt,YmkUpvHU,109.0
803,0,ItndWSiW,GbYxEXTt,109.0
798,0,llFTEWtD,IulxyPoH,155.0
798,0,fPhIOSOj,llFTEWtD,155.0
798,0,PQDqFTyk,fPhIOSOj,155.0
798,0,lUWTaWkd,PQDqFTyk,184.0
798,0,LDSuadxM,lUWTaWkd,184.0
143,0,tTjpyeuP,GMrJWgHs,717.0
143,0,elxmPCDf,tTjpyeuP,717.0
143,0,tcbhlVZo,elxmPCDf,717.0
143,0,HxnLIWQq,tcbhlVZo,2086.0
143,0,wqGWmwVd,HxnLIWQq,2086.0
143,0,ACkvbmee,wqGWmwVd,2086.0
143,0,FtWuEuzF,ACkvbmee,2086.0
143,0,RtTLxXUv,FtWuEuzF,2070.0
143,0,JGydtICe,RtTLxXUv,2923.0
143,0,zjGRmLyo,JGydtICe,2931.0
143,0,EXTmTMKf,zjGRmLyo,2934.0
143,0,yfIoPTHo,EXTmTMKf,2015.0
143,0,GnOurcjN,yfIoPTHo,2129.0
1554,0,udTxdaUq,YmkUpvHU,19.0
1554,0,ItndWSiW,udTxdaUq,19.0
821,0,FgbDpeSh,fvMkSwKl,39.0
1740,0,cNuIRYrx,OrbXRiVv,547.0
1740,0,yNIUaSyZ,cNuIRYrx,543.0
1740,0,xiTGCYEl,yNIUaSyZ,541.0
250,0,yNIUaSyZ,cNuIRYrx,1337.0
250,0,xiTGCYEl,yNIUaSyZ,1337.0
1142,0,EGZEcfNZ,lqMPnIra,180.0
1142,0,SgGmeaHk,EGZEcfNZ,180.0
1142,0,tpTDqbZI,SgGmeaHk,214.0
1142,0,hhrNEaMZ,tpTDqbZI,214.0
1142,0,BeiMHrtx,hhrNEaMZ,214.0
1142,0,sZwmfbNt,BeiMHrtx,214.0
319,0,EdqXvVeI,nPkrzCty,541.0
319,0,oBjbzljy,EdqXvVeI,539.0
866,0,zKrYjMnL,AGvhWyhD,2146.0
866,0,tRncbstl,WFZVQzrl,480.0
866,0,GiONHkbf,tRncbstl,480.0
866,0,QDIpIlEK,GiONHkbf,411.0
866,0,GpnhEWuy,QDIpIlEK,182.0
866,0,rRGVruPM,GpnhEWuy,182.0
866,0,YmkUpvHU,rRGVruPM,129.0
866,0,GbYxEXTt,YmkUpvHU,114.0
866,0,ItndWSiW,GbYxEXTt,114.0
1318,0,SvGtXrYj,OPXtWBVk,3501.0
1318,0,TdfMaTlB,SvGtXrYj,3501.0
1318,0,STSGJiIu,TdfMaTlB,3172.0
1318,0,vpctkpYQ,STSGJiIu,3417.0
1318,0,XqVVjUzr,vpctkpYQ,3475.0
253,0,CEZTRnUo,qflzswAf,3333.0
253,0,funWfCdm,CEZTRnUo,3333.0
253,0,rnFrOJMw,funWfCdm,3333.0
253,0,MklhhYCQ,rnFrOJMw,3333.0
253,0,nzTRQfUi,MklhhYCQ,3368.0
253,0,nhSXMXjw,nzTRQfUi,3375.0
253,0,kjxfKqbD,nhSXMXjw,3375.0
253,0,mSXRukCc,kjxfKqbD,3393.0
253,0,FFGyTMvJ,mSXRukCc,3394.0
253,0,lsBVGYKC,FFGyTMvJ,3598.0
1398,0,mhYSfvAq,UgzfanVk,33.0
1124,0,XXYtSQEl,wRBXcbqq,123.0
1124,0,MklhhYCQ,XXYtSQEl,123.0
1124,0,nzTRQfUi,MklhhYCQ,95.0
1124,0,nhSXMXjw,nzTRQfUi,63.0
1124,0,kjxfKqbD,nhSXMXjw,47.0
1124,0,mSXRukCc,kjxfKqbD,47.0
1124,0,FFGyTMvJ,mSXRukCc,47.0
1124,0,lsBVGYKC,FFGyTMvJ,46.0
1124,0,WhHfbZWj,lsBVGYKC,46.0
1124,0,nsbHlbAq,WhHfbZWj,37.0
1124,0,cwgbfpqq,nsbHlbAq,37.0
1124,0,fMrlznIn,cwgbfpqq,37.0
1124,0,uXKxCjNA,fMrlznIn,37.0
1124,0,bOiSLYGO,uXKxCjNA,37.0
1124,0,mhgPTzcZ,bOiSLYGO,37.0
1124,0,WFZVQzrl,mhgPTzcZ,34.0
1124,0,GiONHkbf,WFZVQzrl,32.0
1124,0,QDIpIlEK,GiONHkbf,6.0
1124,0,GpnhEWuy,QDIpIlEK,1.0
1124,0,YmkUpvHU,GpnhEWuy,1.0
1124,0,GbYxEXTt,YmkUpvHU,1.0
556,0,VqaowPBW,jclWPsvP,1.0
556,0,aYYzuUOl,VqaowPBW,1.0
556,0,tYpogBTU,aYYzuUOl,1.0
556,0,YrCeLzau,tYpogBTU,1.0
556,0,qcYsEYco,YrCeLzau,1.0
556,0,GOFbtMrp,qcYsEYco,1.0
556,0,uzcbLUNR,GOFbtMrp,1.0
556,0,zezeKItL,uzcbLUNR,1.0
556,0,VpHOqNar,zezeKItL,1.0
556,0,vDTAjOOR,VpHOqNar,1.0
556,0,UDUmRzWP,vDTAjOOR,1.0
556,0,kVWwehGs,UDUmRzWP,1.0
556,0,ixhHdGBo,kVWwehGs,1.0
556,0,agMXkLfj,ixhHdGBo,1.0
1453,0,jQaLNViL,XJRnAJHc,260.0
1453,0,WUWIxCFc,OdzEGWPG,448.0
1453,0,XJRnAJHc,WUWIxCFc,448.0
1453,0,cQHgTjKq,wGTdgRcU,461.0
1453,0,ruogAkOJ,cQHgTjKq,461.0
1453,0,tndfGrTh,ruogAkOJ,461.0
1453,0,OdzEGWPG,tndfGrTh,461.0
1453,0,meZHMfSd,yTNmoAGc,590.0
1453,0,wGTdgRcU,meZHMfSd,590.0
1453,0,wDEypHfE,QCBPrBCl,740.0
1453,0,yTNmoAGc,wDEypHfE,776.0
1453,0,rGYrQqGa,OUTzwMHI,912.0
1453,0,QCBPrBCl,rGYrQqGa,912.0
1453,0,FcnKVDJl,jQytwadI,1747.0
1453,0,mIuUuYnu,FcnKVDJl,1747.0
1453,0,OUTzwMHI,mIuUuYnu,1094.0
235,0,SlfNpref,aUPouXsN,5453.0
235,0,nrKKniYe,SlfNpref,5453.0
235,0,BpAiVnps,MgruBUee,2869.0
1512,0,NXLrCKMp,xiTGCYEl,11132.0
1512,0,FyoAuDvn,NXLrCKMp,11131.0
1733,0,hCbDNPhh,kzneBolb,243.0
1733,0,oFLgHrco,hCbDNPhh,243.0
1733,0,yrWAEsGy,oFLgHrco,243.0
1733,0,qGIkRenz,yrWAEsGy,243.0
1733,0,ytUqATXS,qGIkRenz,243.0
1733,0,TcsyXYNn,ytUqATXS,243.0
1733,0,qKeCDDXI,TcsyXYNn,243.0
1733,0,YmkUpvHU,qKeCDDXI,243.0
108,0,lmZJehpq,EmkugZPX,9367.0
108,0,tDDddUJb,lmZJehpq,9327.0
108,0,RVGhYAxc,tDDddUJb,8784.0
108,0,BpAiVnps,RVGhYAxc,5373.0
427,0,qKeCDDXI,cEsQRYAp,1298.0
1740,0,NXLrCKMp,xiTGCYEl,477.0
1740,0,FyoAuDvn,NXLrCKMp,477.0
1740,0,GpnhEWuy,FyoAuDvn,477.0
1740,0,mLBQtksd,GpnhEWuy,477.0
719,0,uxsctOEt,RfEbENxd,2691.0
719,0,UfJDroVz,uxsctOEt,2691.0
719,0,TcsyXYNn,UfJDroVz,2691.0
719,0,qKeCDDXI,TcsyXYNn,2692.0
719,0,jQaLNViL,gyQqEnFq,786.0
719,0,RfEbENxd,jQaLNViL,1015.0
601,0,qvujbmjR,mKIQRbrs,1254.0
601,0,upZFxFqB,qvujbmjR,1254.0
601,0,SqxhBMol,upZFxFqB,1254.0
601,0,nrKKniYe,SqxhBMol,1225.0
601,0,HrNWphPZ,nrKKniYe,1761.0
601,0,XwcxmOai,HrNWphPZ,1804.0
601,0,RfzcmazU,XwcxmOai,1621.0
369,0,bZroqIhX,eTJQHplR,1027.0
369,0,cNuIRYrx,bZroqIhX,1028.0
369,0,yNIUaSyZ,cNuIRYrx,1218.0
369,0,xiTGCYEl,yNIUaSyZ,1218.0
369,0,NXLrCKMp,xiTGCYEl,2321.0
369,0,FyoAuDvn,NXLrCKMp,2321.0
369,0,GpnhEWuy,FyoAuDvn,2360.0
369,0,rRGVruPM,GpnhEWuy,2509.0
369,0,mLBQtksd,rRGVruPM,2597.0
712,0,lmZJehpq,EmkugZPX,1833.0
1183,0,HACGurUy,ABBXwUbo,139.0
1183,0,IAWSKEHF,HACGurUy,160.0
1183,0,leVkrEcC,IAWSKEHF,157.0
1183,0,XiLvnZTk,leVkrEcC,143.0
1183,0,FStgRiBS,XiLvnZTk,54.0
1183,0,GkYZbgqg,FStgRiBS,54.0
1183,0,FlYjxOxQ,GkYZbgqg,54.0
1183,0,wFSILCzc,FlYjxOxQ,54.0
1183,0,yQQuLFAg,wFSILCzc,54.0
1183,0,rckblBTM,yQQuLFAg,39.0
1183,0,fGmFhgnx,rckblBTM,32.0
1183,0,XyHfgUxW,fGmFhgnx,23.0
1183,0,zjjLSYAp,XyHfgUxW,23.0
1183,0,nIakFMcq,zjjLSYAp,23.0
1326,0,pkhwWQVf,KSSwmuEx,972.0
1326,0,JxFLnqJu,pkhwWQVf,1184.0
1326,0,GDiQpvtB,JxFLnqJu,1184.0
1326,0,fGmFhgnx,GDiQpvtB,1184.0
1326,0,XyHfgUxW,fGmFhgnx,784.0
1326,0,zjjLSYAp,XyHfgUxW,777.0
1326,0,nIakFMcq,zjjLSYAp,777.0
1341,0,pkhwWQVf,vkwWhgCe,179.0
1341,0,JxFLnqJu,pkhwWQVf,179.0
1341,0,GDiQpvtB,JxFLnqJu,179.0
1341,0,fGmFhgnx,GDiQpvtB,179.0
1341,0,XyHfgUxW,fGmFhgnx,63.0
1341,0,zjjLSYAp,XyHfgUxW,63.0
1341,0,nIakFMcq,zjjLSYAp,63.0
1341,0,LYjhOoFf,nIakFMcq,47.0
1341,0,QdWOxWia,LYjhOoFf,30.0
1341,0,gViLrCgA,QdWOxWia,30.0
1341,0,cCSIoIah,gViLrCgA,30.0
1341,0,DLdtTvFi,cCSIoIah,30.0
1341,0,vRWSdFEN,DLdtTvFi,30.0
1341,0,tDDddUJb,vRWSdFEN,30.0
1341,0,RVGhYAxc,tDDddUJb,30.0
1341,0,BpAiVnps,RVGhYAxc,27.0
1497,0,XMWgellz,vqGhvZJF,744.0
1497,0,EmkugZPX,XMWgellz,531.0
1497,0,lmZJehpq,EmkugZPX,531.0
1497,0,tDDddUJb,lmZJehpq,531.0
1497,0,RVGhYAxc,tDDddUJb,526.0
1497,0,BpAiVnps,RVGhYAxc,457.0
1244,0,YQjdQVmS,DSOJysaP,996.0
1244,0,JIllbhjr,YQjdQVmS,996.0
449,0,iOuVBZzk,EcsZBajf,21.0
449,0,cTQVugNT,iOuVBZzk,21.0
449,0,iAOahMMx,cTQVugNT,21.0
449,0,LoadLeSC,iAOahMMx,21.0
449,0,MAwbjJfJ,LoadLeSC,21.0
449,0,jIFrASnh,MAwbjJfJ,21.0
1142,0,MvaVVzVx,iOuVBZzk,1956.0
1142,0,cTQVugNT,MvaVVzVx,1956.0
1142,0,iAOahMMx,cTQVugNT,639.0
1142,0,LoadLeSC,iAOahMMx,639.0
1142,0,MAwbjJfJ,LoadLeSC,639.0
1142,0,jIFrASnh,MAwbjJfJ,639.0
1245,0,LoadLeSC,VnwdBPma,1129.0
1245,0,jIFrASnh,LoadLeSC,1129.0
1245,0,jQaLNViL,gyQqEnFq,479.0
1245,0,VnwdBPma,jQaLNViL,501.0
682,0,iOuVBZzk,IHZGJZTs,102.0
682,0,MvaVVzVx,iOuVBZzk,102.0
682,0,VnwdBPma,MvaVVzVx,102.0
682,0,LoadLeSC,VnwdBPma,102.0
682,0,MAwbjJfJ,LoadLeSC,102.0
682,0,jIFrASnh,MAwbjJfJ,102.0
685,0,JGbfxLUL,KQSHMGnw,330.0
685,0,IjwLXBRx,JGbfxLUL,330.0
685,0,TPsFloRu,IjwLXBRx,383.0
685,0,VCDwRKse,TPsFloRu,946.0
685,0,wvKdtztS,VCDwRKse,948.0
685,0,LBOtcvsG,wvKdtztS,948.0
214,0,IvqxNjHK,XjEyEHqT,327.0
214,0,SyrqOGJb,IvqxNjHK,346.0
34,0,cTQVugNT,NCVzutVL,4710.0
1471,0,MvaVVzVx,Yhslgmod,3486.0
1471,0,cTQVugNT,MvaVVzVx,3486.0
1747,0,cTQVugNT,Yhslgmod,2504.0
1740,0,knCDNjnp,mLBQtksd,331.0
1740,0,nYVfIRsk,knCDNjnp,331.0
1740,0,IHZGJZTs,nYVfIRsk,331.0
1740,0,iOuVBZzk,IHZGJZTs,331.0
1740,0,cTQVugNT,iOuVBZzk,331.0
1244,0,flXjJYer,JIllbhjr,1203.0
1244,0,oBtsEQRM,flXjJYer,1203.0
1365,0,MvaVVzVx,EcsZBajf,3688.0
1365,0,cTQVugNT,MvaVVzVx,3688.0
685,0,iOuVBZzk,IHZGJZTs,518.0
685,0,MvaVVzVx,iOuVBZzk,518.0
685,0,cTQVugNT,MvaVVzVx,518.0
720,0,cTQVugNT,iOuVBZzk,413.0
762,0,hFISFuCO,BxmxkKGC,6138.0
762,0,fQRLOpha,hFISFuCO,6138.0
762,0,PXPVuGmP,fQRLOpha,5574.0
762,0,IulxyPoH,PXPVuGmP,5574.0
1435,0,ejMjPdTH,SVPLEqNI,10451.0
1435,0,CKorGRkE,ejMjPdTH,10667.0
1435,0,eaNsVWDR,CKorGRkE,10667.0
1435,0,xzbhGFLT,eaNsVWDR,10588.0
1435,0,hpACGGyB,xzbhGFLT,11323.0
1435,0,VgUdLlOW,hpACGGyB,11317.0
1435,0,ywuGpANM,VgUdLlOW,11259.0
1435,0,BZCtSmhk,ywuGpANM,7933.0
1435,0,NbgxPNNK,BZCtSmhk,8299.0
1435,0,vOKcaAnW,NbgxPNNK,8057.0
1435,0,HOwZAROe,vOKcaAnW,7671.0
1435,0,opPTwucI,HOwZAROe,7773.0
1435,0,htzVSGDL,opPTwucI,7798.0
1140,0,ulSrvocN,nYVfIRsk,1061.0
1140,0,CqefHKGq,ulSrvocN,1061.0
369,0,knCDNjnp,mLBQtksd,4597.0
369,0,nYVfIRsk,knCDNjnp,4597.0
369,0,ulSrvocN,nYVfIRsk,4720.0
369,0,CqefHKGq,ulSrvocN,4720.0
1178,0,dJJmWSZi,WyfCQhSW,5610.0
1178,0,JNybvbry,dJJmWSZi,5610.0
1178,0,pKQmWfSR,JNybvbry,5610.0
1178,0,AFMSRepx,pKQmWfSR,6170.0
1178,0,WEgiiGlQ,AFMSRepx,6464.0
1178,0,sLYsFXAH,WEgiiGlQ,6464.0
1178,0,WjKdBsVK,sLYsFXAH,6464.0
1178,0,STKMtPtJ,WjKdBsVK,6464.0
1178,0,MyVorJBj,STKMtPtJ,6464.0
1178,0,AayEawbi,MyVorJBj,6464.0
1178,0,MQIshiHv,AayEawbi,6325.0
1178,0,ZqROcYrU,MQIshiHv,6325.0
1178,0,pKwZMigm,ZqROcYrU,6325.0
1178,0,watqBVeC,pKwZMigm,6325.0
1178,0,PAegbDaK,watqBVeC,7277.0
1178,0,MCZGGmLQ,PAegbDaK,7119.0
1178,0,WIZPpGvl,MCZGGmLQ,6399.0
1178,0,qflzswAf,WIZPpGvl,6378.0
250,0,NXLrCKMp,xiTGCYEl,1201.0
250,0,FyoAuDvn,NXLrCKMp,1207.0
250,0,WOOyqinT,FyoAuDvn,1184.0
369,0,rSnWVhOw,CqefHKGq,4935.0
1441,0,xbhuXgnr,JGydtICe,638.0
1441,0,zjGRmLyo,xbhuXgnr,638.0
1441,0,EXTmTMKf,zjGRmLyo,638.0
1441,0,yfIoPTHo,EXTmTMKf,638.0
1441,0,GnOurcjN,yfIoPTHo,638.0
1441,0,vHkAlmCm,GnOurcjN,542.0
1441,0,WynPMslR,vHkAlmCm,542.0
1441,0,qjwSVoCq,WynPMslR,486.0
1512,0,WOOyqinT,FyoAuDvn,11026.0
1512,0,mnkgCFDT,WOOyqinT,12318.0
178,0,oUmVLfUX,WKWTpoqQ,249.0
178,0,fJdABIlw,oUmVLfUX,249.0
178,0,mXwfazRz,fJdABIlw,211.0
178,0,NGAodVTg,mXwfazRz,193.0
178,0,TvGyfQSI,NGAodVTg,193.0
178,0,HFYkXdPG,TvGyfQSI,193.0
178,0,KjgVoxgR,HFYkXdPG,172.0
178,0,xTOrUJFO,KjgVoxgR,136.0
178,0,EmkugZPX,xTOrUJFO,136.0
178,0,lmZJehpq,EmkugZPX,130.0
178,0,tDDddUJb,lmZJehpq,130.0
178,0,RVGhYAxc,tDDddUJb,56.0
178,0,BpAiVnps,RVGhYAxc,50.0
102,0,zgCGmKZn,aYSqaQmJ,1295.0
102,0,JKFFGKvY,zgCGmKZn,1249.0
102,0,EVAUYvVR,JKFFGKvY,1249.0
102,0,GYfZYaJh,EVAUYvVR,1249.0
102,0,hSQYmgMj,GYfZYaJh,463.0
102,0,mnkgCFDT,hSQYmgMj,463.0
666,0,ZyxFjabk,yQIotbyH,80.0
666,0,RyfxjoUl,ZyxFjabk,80.0
666,0,QIQMIQBO,RyfxjoUl,80.0
666,0,KHrhIPzf,QIQMIQBO,80.0
666,0,NXLrCKMp,xiTGCYEl,216.0
666,0,FyoAuDvn,NXLrCKMp,216.0
666,0,WOOyqinT,FyoAuDvn,216.0
666,0,mnkgCFDT,WOOyqinT,216.0
232,0,NXLrCKMp,xiTGCYEl,2574.0
232,0,FyoAuDvn,NXLrCKMp,2579.0
232,0,WOOyqinT,FyoAuDvn,2958.0
232,0,VfTFpfzB,WOOyqinT,3081.0
427,0,YmkUpvHU,qKeCDDXI,1487.0
427,0,WOOyqinT,YmkUpvHU,1486.0
427,0,mnkgCFDT,WOOyqinT,1403.0
719,0,YmkUpvHU,qKeCDDXI,2353.0
719,0,WOOyqinT,YmkUpvHU,2264.0
719,0,mnkgCFDT,WOOyqinT,2149.0
143,0,mnkgCFDT,YmkUpvHU,129.0
528,0,pRBbbEoD,YspLWkZX,602.0
528,0,cfVAtKgo,pRBbbEoD,602.0
528,0,QMiQTlda,cfVAtKgo,610.0
528,0,MaKoROaE,QMiQTlda,610.0
528,0,NrNaZyPp,MaKoROaE,610.0
143,0,vHkAlmCm,GnOurcjN,2359.0
143,0,YspLWkZX,vHkAlmCm,2359.0
143,0,pRBbbEoD,YspLWkZX,2073.0
143,0,cfVAtKgo,pRBbbEoD,2052.0
143,0,QMiQTlda,cfVAtKgo,2052.0
143,0,MaKoROaE,QMiQTlda,2052.0
143,0,NrNaZyPp,MaKoROaE,2052.0
1452,0,gHieypBQ,IOpdOfiF,6349.0
1452,0,vfoDngvn,gHieypBQ,6349.0
1452,0,EPWXwPSq,vfoDngvn,6349.0
994,0,NrNaZyPp,MaKoROaE,929.0
994,0,mexFgKBp,NrNaZyPp,484.0
72,0,rilZLDfI,TzZKgVDl,44.0
72,0,kTKiYpVR,rilZLDfI,69.0
72,0,bjpXdchK,kTKiYpVR,78.0
72,0,dEgXqWEW,bjpXdchK,78.0
72,0,ZWGREbnj,dEgXqWEW,78.0
72,0,cgIzawVB,ZWGREbnj,78.0
72,0,CbYTLXWK,cgIzawVB,78.0
72,0,kWrGTFqC,CbYTLXWK,78.0
72,0,ubEwIGdf,kWrGTFqC,78.0
72,0,aBKtLgYB,ubEwIGdf,78.0
72,0,qduHdsCL,aBKtLgYB,78.0
72,0,GYMzAvFw,qduHdsCL,78.0
72,0,VXAxIwYs,GYMzAvFw,78.0
72,0,ZHWKFCEn,VXAxIwYs,78.0
72,0,KbemmdTp,ZHWKFCEn,78.0
72,0,wTVyxBBy,KbemmdTp,78.0
72,0,LNRgsQQF,wTVyxBBy,78.0
72,0,lhYDMMsV,LNRgsQQF,75.0
72,0,OhgtKZPi,lhYDMMsV,75.0
72,0,MULNmVBJ,OhgtKZPi,75.0
313,0,NGAodVTg,cmBFyxQG,760.0
313,0,TvGyfQSI,NGAodVTg,760.0
313,0,HFYkXdPG,TvGyfQSI,759.0
313,0,KjgVoxgR,HFYkXdPG,767.0
313,0,EmkugZPX,KjgVoxgR,926.0
313,0,lmZJehpq,EmkugZPX,877.0
313,0,RVGhYAxc,lmZJehpq,1349.0
313,0,BpAiVnps,RVGhYAxc,1097.0
313,0,LKVeVUNI,BpAiVnps,1037.0
313,0,dbPZeeiE,LKVeVUNI,958.0
313,0,CsDsDrdU,dbPZeeiE,984.0
313,0,rJRvqICk,CsDsDrdU,991.0
313,0,AmahvgQB,rJRvqICk,991.0
313,0,aYSqaQmJ,AmahvgQB,980.0
313,0,zgCGmKZn,aYSqaQmJ,1420.0
313,0,JKFFGKvY,zgCGmKZn,1431.0
313,0,EVAUYvVR,JKFFGKvY,1431.0
313,0,GYfZYaJh,EVAUYvVR,1431.0
313,0,hSQYmgMj,GYfZYaJh,1399.0
313,0,mnkgCFDT,hSQYmgMj,1399.0
1748,0,bZroqIhX,eTJQHplR,1744.0
1748,0,yNIUaSyZ,bZroqIhX,1745.0
1748,0,xiTGCYEl,yNIUaSyZ,1747.0
1748,0,NXLrCKMp,xiTGCYEl,3084.0
1748,0,FyoAuDvn,NXLrCKMp,3084.0
1748,0,WOOyqinT,FyoAuDvn,3084.0
1748,0,VfTFpfzB,WOOyqinT,3153.0
1263,0,cdpcgPuX,RufmISTr,5431.0
1263,0,qnxnYECs,cdpcgPuX,5431.0
1263,0,QNScHwgR,qnxnYECs,5429.0
1263,0,dLUoTBAU,QNScHwgR,5322.0
1263,0,NfHwMQdR,dLUoTBAU,3276.0
1263,0,EGZEcfNZ,NfHwMQdR,3276.0
1263,0,SgGmeaHk,EGZEcfNZ,3276.0
1263,0,tpTDqbZI,SgGmeaHk,3340.0
1263,0,hhrNEaMZ,tpTDqbZI,3340.0
1263,0,BeiMHrtx,hhrNEaMZ,3340.0
1263,0,sZwmfbNt,BeiMHrtx,3379.0
1263,0,oBjbzljy,sZwmfbNt,3980.0
1263,0,aYSqaQmJ,oBjbzljy,4736.0
1263,0,zgCGmKZn,aYSqaQmJ,4997.0
1178,0,WyfCQhSW,ogOCBKAf,5114.0
1133,0,CNyHgccZ,fJuPdFXq,952.0
1133,0,zSTvyVov,CNyHgccZ,952.0
1133,0,ixyllwBo,zSTvyVov,952.0
1133,0,vUtsOMRz,ixyllwBo,952.0
1133,0,mAuYaRAP,vUtsOMRz,952.0
1133,0,GauoQJWJ,mAuYaRAP,952.0
1133,0,zjuuJEOg,GauoQJWJ,952.0
1133,0,TIygQLDW,zjuuJEOg,952.0
1133,0,QkOFoFkV,TIygQLDW,952.0
1133,0,wmKJhgsh,QkOFoFkV,952.0
1133,0,IpOsGrUQ,wmKJhgsh,952.0
1133,0,exRzHfND,IpOsGrUQ,807.0
1133,0,bIhgcGjB,exRzHfND,807.0
1133,0,dMpYNFzw,bIhgcGjB,807.0
1133,0,phodyDNv,dMpYNFzw,807.0
1133,0,gcvwQKzE,phodyDNv,730.0
1133,0,RuqLEiFp,gcvwQKzE,730.0
1133,0,NAwFzVQz,RuqLEiFp,559.0
1133,0,jEliwrSM,NAwFzVQz,559.0
1133,0,OUlPxErG,jEliwrSM,559.0
1133,0,SPorkGXj,OUlPxErG,419.0
1133,0,IJbUVGLH,SPorkGXj,419.0
1133,0,ZqOseExI,IJbUVGLH,419.0
1133,0,FdBCLyPI,ZqOseExI,314.0
1133,0,CrOFTJlw,FdBCLyPI,314.0
1133,0,PyGiRErs,CrOFTJlw,314.0
1133,0,qflzswAf,PyGiRErs,220.0
1075,0,THcpliIL,fikrodNW,1383.0
1075,0,HaEOaLMB,THcpliIL,1383.0
1075,0,IkeqCtDY,HaEOaLMB,1383.0
1075,0,wpHpdxFs,IkeqCtDY,1415.0
1075,0,QHulIYnO,wpHpdxFs,1415.0
1075,0,sKtQEUzZ,QHulIYnO,1438.0
1075,0,acVCzwtl,sKtQEUzZ,1440.0
1075,0,TIlepZYr,acVCzwtl,1437.0
535,0,agMXkLfj,ixhHdGBo,56.0
80,0,tjYcJLRB,EkWBPXmr,974.0
80,0,iYMJvRAf,tjYcJLRB,1090.0
80,0,KplKuAnp,iYMJvRAf,1123.0
80,0,FTwVCxQy,KplKuAnp,1123.0
80,0,xnBCUPNx,FTwVCxQy,1507.0
80,0,MEVzYGii,xnBCUPNx,1521.0
80,0,yQIotbyH,MEVzYGii,1521.0
80,0,taEXnGBL,yQIotbyH,2123.0
80,0,rZoajhYh,taEXnGBL,2123.0
80,0,NuyYqrDq,rZoajhYh,2123.0
80,0,gpaAUChy,NuyYqrDq,2334.0
80,0,IgEBJNwX,gpaAUChy,2334.0
80,0,NCVzutVL,IgEBJNwX,2616.0
80,0,cTQVugNT,NCVzutVL,2621.0
80,0,cNypyxpr,cTQVugNT,3600.0
80,0,uRlXNIwL,cNypyxpr,4104.0
12,0,MvaVVzVx,Yhslgmod,282.0
12,0,cTQVugNT,MvaVVzVx,282.0
12,0,cNypyxpr,cTQVugNT,282.0
12,0,gyQqEnFq,cNypyxpr,282.0
1471,0,cNypyxpr,cTQVugNT,3141.0
1471,0,gyQqEnFq,cNypyxpr,3057.0
1532,0,gyQqEnFq,WvPJYXMk,2337.0
1747,0,cNypyxpr,cTQVugNT,1023.0
1747,0,gyQqEnFq,cNypyxpr,724.0
1740,0,cNypyxpr,cTQVugNT,251.0
1740,0,gyQqEnFq,cNypyxpr,183.0
1365,0,WvPJYXMk,cTQVugNT,1638.0
1365,0,gyQqEnFq,WvPJYXMk,1552.0
1244,0,TwyfqMnN,oBtsEQRM,499.0
1244,0,cNypyxpr,TwyfqMnN,499.0
1244,0,gyQqEnFq,cNypyxpr,450.0
529,0,elmHqfIN,jTofnsvB,955.0
529,0,YhQOzAWJ,elmHqfIN,955.0
529,0,vNuEvleV,YhQOzAWJ,955.0
529,0,FUctipSE,vNuEvleV,955.0
529,0,PWitnUnB,FUctipSE,448.0
529,0,zwmwkNcj,PWitnUnB,448.0
529,0,DJDPVkXF,zwmwkNcj,448.0
529,0,FrOiWYSP,DJDPVkXF,421.0
529,0,mNGfniSu,FrOiWYSP,421.0
529,0,qjwSVoCq,mNGfniSu,245.0
529,0,WvPJYXMk,qjwSVoCq,245.0
529,0,gyQqEnFq,WvPJYXMk,245.0
1435,0,gyQqEnFq,WvPJYXMk,3669.0
232,0,YXiYqIfc,KLViSvpH,4081.0
232,0,OBtWrzof,YXiYqIfc,4165.0
232,0,TxpOiGNK,OBtWrzof,4139.0
1419,0,RSQixiib,HLAPntjh,3945.0
1419,0,qrzeRBPC,RSQixiib,706.0
1419,0,phXawcIY,qrzeRBPC,699.0
1419,0,EXTmTMKf,phXawcIY,694.0
1419,0,yfIoPTHo,EXTmTMKf,694.0
1419,0,GnOurcjN,yfIoPTHo,694.0
1419,0,vHkAlmCm,GnOurcjN,211.0
1419,0,WynPMslR,vHkAlmCm,211.0
1419,0,qjwSVoCq,WynPMslR,155.0
1419,0,WvPJYXMk,qjwSVoCq,155.0
1419,0,gyQqEnFq,WvPJYXMk,155.0
1441,0,gyQqEnFq,qjwSVoCq,480.0
1435,0,AUmOMGnp,YqlTLIQa,12413.0
1435,0,SVPLEqNI,AUmOMGnp,13168.0
1435,0,FZsFzszJ,gzTQJVMW,10151.0
1435,0,KgwKZlse,FZsFzszJ,10651.0
1435,0,ALhaazBT,KgwKZlse,10651.0
1435,0,YqlTLIQa,ALhaazBT,12283.0
1435,0,gzTQJVMW,RVEyrwjR,8953.0
1435,0,XLVjRryq,NxbXiMUL,2015.0
1435,0,RVEyrwjR,XLVjRryq,2592.0
1435,0,vDFCntfg,YvwuVYMF,948.0
1435,0,NxbXiMUL,vDFCntfg,951.0
1099,0,iiHDFBMi,RnuEqbUH,203.0
1099,0,oERWQcSy,iiHDFBMi,203.0
1099,0,nsdRxeeS,oERWQcSy,203.0
1099,0,RnuEqbUH,XnIbYwkm,163.0
1099,0,XnIbYwkm,fOMMjSqm,59.0
902,0,GeRuyZeo,MzxDaMZj,67.0
902,0,YqAQHxyY,GeRuyZeo,67.0
902,0,qLRAgPvM,YqAQHxyY,67.0
902,0,yVpSHUpe,qLRAgPvM,67.0
902,0,PfzzVLdD,yVpSHUpe,67.0
902,0,yRZHSCWE,PfzzVLdD,67.0
902,0,rCrvifMW,yRZHSCWE,67.0
902,0,aPOYjvXT,rCrvifMW,67.0
1099,0,ulxuvpsp,kGQEnBYZ,33.0
1099,0,fOMMjSqm,ulxuvpsp,33.0
1099,0,kGQEnBYZ,bGilRaMJ,6.0
685,0,cNypyxpr,cTQVugNT,264.0
685,0,gyQqEnFq,cNypyxpr,262.0
720,0,cNypyxpr,cTQVugNT,281.0
720,0,gyQqEnFq,cNypyxpr,98.0
1619,0,rxAHdfLr,NztIaxQU,1132.0
1619,0,dGXuUmCy,rxAHdfLr,1132.0
1619,0,dIJpAwev,dGXuUmCy,1132.0
1619,0,jcExlqwL,dIJpAwev,1145.0
1622,0,TKRrUtKV,jcExlqwL,1656.0
1622,0,JleZjXmc,TKRrUtKV,1656.0
1622,0,fTKGeENK,JleZjXmc,1656.0
1622,0,zdgoUaFA,fTKGeENK,1655.0
1701,0,kPoXDVhr,DgeiAShx,2527.0
1701,0,QkhvVJfO,kPoXDVhr,2660.0
1701,0,jBRcoEIn,QkhvVJfO,2649.0
1701,0,pNohcrtk,jBRcoEIn,2649.0
1701,0,aHsZaffM,pNohcrtk,686.0
1497,0,LKVeVUNI,BpAiVnps,162.0
1497,0,dbPZeeiE,LKVeVUNI,144.0
1497,0,CsDsDrdU,dbPZeeiE,137.0
1497,0,rJRvqICk,CsDsDrdU,137.0
1497,0,AmahvgQB,rJRvqICk,137.0
1497,0,aYSqaQmJ,AmahvgQB,126.0
1497,0,JKFFGKvY,aYSqaQmJ,122.0
1497,0,EVAUYvVR,JKFFGKvY,122.0
1497,0,GYfZYaJh,EVAUYvVR,122.0
835,0,cIQOVqQI,njiqgOWt,4925.0
835,0,OyAyNkqZ,cIQOVqQI,4928.0
129,0,WdOwNGhj,xfbmoJHP,249.0
129,0,kKKRBhFF,WdOwNGhj,249.0
129,0,NFInfBeu,kKKRBhFF,249.0
129,0,VCQdmIoF,NFInfBeu,249.0
129,0,ePrpofUw,VCQdmIoF,249.0
129,0,KcvPUxQg,ePrpofUw,249.0
129,0,BlnSxBAr,KcvPUxQg,249.0
129,0,TCBUGaZf,BlnSxBAr,249.0
129,0,pzcCDVmZ,TCBUGaZf,249.0
129,0,oUmVLfUX,pzcCDVmZ,249.0
129,0,fJdABIlw,oUmVLfUX,249.0
129,0,mXwfazRz,fJdABIlw,249.0
129,0,NGAodVTg,mXwfazRz,249.0
129,0,TvGyfQSI,NGAodVTg,249.0
129,0,HFYkXdPG,TvGyfQSI,249.0
129,0,KjgVoxgR,HFYkXdPG,249.0
129,0,xTOrUJFO,KjgVoxgR,244.0
129,0,EmkugZPX,xTOrUJFO,244.0
129,0,lmZJehpq,EmkugZPX,244.0
129,0,tDDddUJb,lmZJehpq,244.0
129,0,RVGhYAxc,tDDddUJb,237.0
1366,0,UfJDroVz,lsFGVtlq,1389.0
1366,0,biJBLznK,UfJDroVz,1389.0
1366,0,HrrdJKJb,biJBLznK,1389.0
1366,0,qKeCDDXI,HrrdJKJb,1390.0
528,0,aWeSqqrV,gyQqEnFq,335.0
528,0,WRVBvtIE,aWeSqqrV,335.0
528,0,YspLWkZX,WRVBvtIE,371.0
825,0,vlhncUdg,wgnVmusT,17.0
825,0,xGVMKwkH,vlhncUdg,17.0
825,0,DcYEFBXI,xGVMKwkH,17.0
880,0,uFMjBiuq,OUzlATeX,13.0
880,0,yQTYDvhm,uFMjBiuq,13.0
880,0,ySPnpMTg,yQTYDvhm,13.0
880,0,ZIPCqImv,ySPnpMTg,13.0
880,0,aWNaUdzp,ZIPCqImv,13.0
880,0,FCsbIOBe,aWNaUdzp,13.0
880,0,wyEQXfIU,FCsbIOBe,13.0
880,0,WhHfbZWj,wyEQXfIU,13.0
880,0,nsbHlbAq,WhHfbZWj,5.0
880,0,cwgbfpqq,nsbHlbAq,5.0
880,0,fMrlznIn,cwgbfpqq,5.0
880,0,uXKxCjNA,fMrlznIn,5.0
880,0,bOiSLYGO,uXKxCjNA,5.0
880,0,mhgPTzcZ,bOiSLYGO,4.0
880,0,WFZVQzrl,mhgPTzcZ,4.0
880,0,GiONHkbf,WFZVQzrl,4.0
880,0,QDIpIlEK,GiONHkbf,4.0
250,0,mnkgCFDT,WOOyqinT,1322.0
1537,0,jvuOCfJT,BCaYhIgf,81.0
1537,0,vGKZybsV,jvuOCfJT,81.0
1537,0,lEwLedpG,vGKZybsV,51.0
1537,0,GtMUYUwJ,lEwLedpG,51.0
1537,0,lQIpGOTn,GtMUYUwJ,51.0
1537,0,uhUmvvRs,lQIpGOTn,51.0
1537,0,GgLRqpEG,uhUmvvRs,5.0
1537,0,WFZVQzrl,GgLRqpEG,4.0
477,0,jFmPCmzM,AjJCgCBk,1630.0
477,0,fkZFUNSd,jFmPCmzM,1088.0
477,0,cttUtMNm,fkZFUNSd,1088.0
477,0,wHfmVQMh,cttUtMNm,1082.0
477,0,mdGitRQe,wHfmVQMh,774.0
477,0,SOBUilCD,mdGitRQe,664.0
477,0,RVGhYAxc,SOBUilCD,664.0
1379,0,bdIbpKdP,IATYolYz,1130.0
1379,0,VJibZvbS,bdIbpKdP,1130.0
1379,0,uSZbdBno,VJibZvbS,1137.0
1379,0,GtaXwPrK,uSZbdBno,1137.0
1379,0,SfxDAXEq,GtaXwPrK,1137.0
1379,0,PIUpvPaY,SfxDAXEq,1137.0
1379,0,XCZfXGna,PIUpvPaY,1516.0
1379,0,FYonLsVT,XCZfXGna,1495.0
1379,0,voXQjjKh,FYonLsVT,1495.0
1140,0,rSnWVhOw,CqefHKGq,1075.0
1140,0,xfoaGXVJ,rSnWVhOw,1075.0
1140,0,kzneBolb,xfoaGXVJ,1075.0
529,0,ZYYdVixc,VfTFpfzB,710.0
529,0,jWRsQoYS,ZYYdVixc,710.0
529,0,jTofnsvB,jWRsQoYS,710.0
1531,0,aWeSqqrV,gyQqEnFq,3083.0
1531,0,WRVBvtIE,aWeSqqrV,3180.0
1531,0,YspLWkZX,WRVBvtIE,4145.0
1531,0,pRBbbEoD,YspLWkZX,3857.0
142,0,elmHqfIN,jTofnsvB,5219.0
142,0,YhQOzAWJ,elmHqfIN,5219.0
142,0,vNuEvleV,YhQOzAWJ,4950.0
142,0,FUctipSE,vNuEvleV,3036.0
142,0,PWitnUnB,FUctipSE,3583.0
142,0,zwmwkNcj,PWitnUnB,3583.0
142,0,DJDPVkXF,zwmwkNcj,3583.0
232,0,ZYYdVixc,VfTFpfzB,3538.0
1506,0,tRncbstl,WFZVQzrl,8981.0
34,0,cNypyxpr,cTQVugNT,6481.0
34,0,WRVBvtIE,cNypyxpr,6483.0
34,0,RuAJZyMI,WRVBvtIE,5679.0
369,0,RuAJZyMI,rSnWVhOw,4739.0
142,0,tRncbstl,WFZVQzrl,2928.0
142,0,gLCWwgiT,tRncbstl,3162.0
142,0,jTofnsvB,gLCWwgiT,3758.0
142,0,FrOiWYSP,DJDPVkXF,3177.0
142,0,mNGfniSu,FrOiWYSP,3224.0
374,0,uuIUswRF,YmeKOmok,14.0
374,0,EBKpcNVh,uuIUswRF,14.0
374,0,jLuliqpT,EBKpcNVh,14.0
374,0,OXvlrfnG,jLuliqpT,14.0
374,0,CgMBzfIg,OXvlrfnG,14.0
374,0,BCwVkMhO,CgMBzfIg,14.0
374,0,MpBHVRZl,BCwVkMhO,14.0
374,0,BWKNZpmt,MpBHVRZl,10.0
374,0,hMBIVszx,BWKNZpmt,10.0
374,0,JgVaSAtG,hMBIVszx,10.0
374,0,QyfZGsFT,JgVaSAtG,9.0
374,0,selTNsQi,QyfZGsFT,9.0
374,0,SfBAqteg,selTNsQi,9.0
374,0,obGcbWvT,SfBAqteg,9.0
374,0,lbFoZTYJ,obGcbWvT,9.0
374,0,wssOAckJ,lbFoZTYJ,9.0
374,0,zzxlwhdI,wssOAckJ,9.0
374,0,SEcoeimf,zzxlwhdI,9.0
374,0,fzmnvqlX,SEcoeimf,8.0
374,0,RyhuDLev,fzmnvqlX,8.0
374,0,KnIeolpt,RyhuDLev,8.0
374,0,GMrJWgHs,KnIeolpt,8.0
374,0,tTjpyeuP,GMrJWgHs,6.0
374,0,iYbcLrkT,tTjpyeuP,6.0
374,0,elxmPCDf,iYbcLrkT,6.0
374,0,tcbhlVZo,elxmPCDf,6.0
374,0,ZqBGCTqq,tcbhlVZo,5.0
374,0,HxnLIWQq,ZqBGCTqq,5.0
374,0,wqGWmwVd,HxnLIWQq,5.0
374,0,ACkvbmee,wqGWmwVd,5.0
374,0,FtWuEuzF,ACkvbmee,5.0
374,0,RtTLxXUv,FtWuEuzF,5.0
374,0,JGydtICe,RtTLxXUv,5.0
374,0,xbhuXgnr,JGydtICe,4.0
374,0,zjGRmLyo,xbhuXgnr,4.0
374,0,EXTmTMKf,zjGRmLyo,4.0
374,0,yfIoPTHo,EXTmTMKf,4.0
374,0,GnOurcjN,yfIoPTHo,4.0
374,0,vHkAlmCm,GnOurcjN,4.0
374,0,WynPMslR,vHkAlmCm,4.0
992,0,dbPZeeiE,LKVeVUNI,3116.0
992,0,CsDsDrdU,dbPZeeiE,3309.0
992,0,rJRvqICk,CsDsDrdU,3506.0
992,0,AmahvgQB,rJRvqICk,3506.0
992,0,aYSqaQmJ,AmahvgQB,3506.0
992,0,zgCGmKZn,aYSqaQmJ,3913.0
992,0,JKFFGKvY,zgCGmKZn,3913.0
992,0,GYfZYaJh,JKFFGKvY,3913.0
992,0,WFZVQzrl,GYfZYaJh,3946.0
992,0,tRncbstl,WFZVQzrl,4775.0
992,0,gLCWwgiT,tRncbstl,4775.0
992,0,jTofnsvB,gLCWwgiT,4775.0
992,0,elmHqfIN,jTofnsvB,4826.0
992,0,YhQOzAWJ,elmHqfIN,4826.0
992,0,vNuEvleV,YhQOzAWJ,4826.0
992,0,FUctipSE,vNuEvleV,4991.0
992,0,PWitnUnB,FUctipSE,4705.0
992,0,FrOiWYSP,PWitnUnB,5116.0
992,0,mNGfniSu,FrOiWYSP,5116.0
992,0,LKVeVUNI,BpAiVnps,2855.0
142,0,WFZVQzrl,JAgpxShP,206.0
47,0,fGmFhgnx,rckblBTM,7637.0
47,0,XyHfgUxW,fGmFhgnx,6098.0
47,0,zjjLSYAp,XyHfgUxW,6044.0
47,0,nIakFMcq,zjjLSYAp,6043.0
1506,0,gLCWwgiT,tRncbstl,8122.0
1748,0,ZYYdVixc,VfTFpfzB,5896.0
1748,0,gLCWwgiT,ZYYdVixc,6119.0
994,0,KIvXTDlT,mexFgKBp,90.0
994,0,TgzZcdmy,KIvXTDlT,90.0
994,0,SEjojzMr,TgzZcdmy,90.0
1486,0,QHFmFyLR,EkWBPXmr,40.0
1486,0,neNWquOh,QHFmFyLR,40.0
1486,0,KwaxxmSs,neNWquOh,40.0
1486,0,gzZgDndk,KwaxxmSs,42.0
1486,0,NQaaFyOm,gzZgDndk,119.0
1486,0,iPNesxKP,NQaaFyOm,126.0
1486,0,lctVuVOk,iPNesxKP,168.0
1486,0,EocVuyzS,lctVuVOk,170.0
1486,0,lwcIkPvE,EocVuyzS,170.0
1486,0,suszCmcx,lwcIkPvE,170.0
1486,0,UTBcifAN,suszCmcx,170.0
1486,0,HQVZivsH,UTBcifAN,254.0
1486,0,DeiIsjyA,HQVZivsH,254.0
1486,0,anWZyaGW,DeiIsjyA,695.0
1486,0,OrbXRiVv,anWZyaGW,716.0
1486,0,cNuIRYrx,OrbXRiVv,717.0
1486,0,yNIUaSyZ,cNuIRYrx,717.0
1486,0,xiTGCYEl,yNIUaSyZ,717.0
1486,0,NXLrCKMp,xiTGCYEl,717.0
1486,0,FyoAuDvn,NXLrCKMp,717.0
1486,0,WOOyqinT,FyoAuDvn,717.0
1486,0,VfTFpfzB,WOOyqinT,717.0
1486,0,ZYYdVixc,VfTFpfzB,717.0
1486,0,gLCWwgiT,ZYYdVixc,717.0
1486,0,jTofnsvB,gLCWwgiT,717.0
1506,0,jTofnsvB,gLCWwgiT,8095.0
712,0,EmkugZPX,xTOrUJFO,1821.0
664,0,DRkcXziO,IIzQthVA,1.0
664,0,fTOPrrgc,DRkcXziO,1.0
664,0,ErjukRDc,fTOPrrgc,4.0
664,0,BOjJhphU,ErjukRDc,4.0
664,0,NXLrCKMp,xiTGCYEl,427.0
664,0,FyoAuDvn,NXLrCKMp,417.0
664,0,GpnhEWuy,FyoAuDvn,523.0
664,0,fNoKcjVu,GpnhEWuy,523.0
664,0,ZeFKXxfu,fNoKcjVu,643.0
664,0,wYWONrrr,ZeFKXxfu,245.0
664,0,jTofnsvB,wYWONrrr,245.0
1748,0,jTofnsvB,gLCWwgiT,6319.0
1713,0,HcKLTTXk,EFeZyZmg,10.0
1713,0,IvXmMOhB,HcKLTTXk,10.0
1713,0,KIvXTDlT,IvXmMOhB,10.0
1713,0,TgzZcdmy,KIvXTDlT,10.0
1713,0,SEjojzMr,TgzZcdmy,10.0
1419,0,opPTwucI,HOwZAROe,2299.0
1419,0,htzVSGDL,opPTwucI,2329.0
1419,0,KabAcwBq,htzVSGDL,2329.0
1419,0,HAmwZMhM,KabAcwBq,2414.0
75,0,rilZLDfI,TzZKgVDl,882.0
1015,0,NrNaZyPp,MaKoROaE,88.0
1015,0,mexFgKBp,NrNaZyPp,1.0
1015,0,KIvXTDlT,mexFgKBp,1.0
1015,0,TgzZcdmy,KIvXTDlT,1.0
1015,0,SEjojzMr,TgzZcdmy,1.0
292,0,fkZFUNSd,TrOiZJox,2817.0
292,0,JYrrjUtU,fkZFUNSd,2154.0
292,0,cttUtMNm,JYrrjUtU,2153.0
292,0,EarJIhnU,cttUtMNm,2128.0
292,0,KZBDkcEB,EarJIhnU,2128.0
798,0,hFISFuCO,BxmxkKGC,21.0
798,0,fQRLOpha,hFISFuCO,21.0
798,0,PXPVuGmP,fQRLOpha,21.0
798,0,IulxyPoH,PXPVuGmP,21.0
318,0,psXocZQH,kkrKJmiC,2645.0
318,0,yprCGtVa,psXocZQH,2645.0
318,0,pPqywgRl,yprCGtVa,2566.0
318,0,SJHseTdc,pPqywgRl,2851.0
318,0,ydQuGMgP,SJHseTdc,2851.0
318,0,AmahvgQB,ydQuGMgP,2907.0
1300,0,aYSqaQmJ,AmahvgQB,8768.0
1300,0,zgCGmKZn,aYSqaQmJ,8929.0
1300,0,EVAUYvVR,zgCGmKZn,8975.0
1300,0,GYfZYaJh,EVAUYvVR,8975.0
1300,0,OpgRCgWV,GYfZYaJh,9098.0
177,0,oUmVLfUX,WKWTpoqQ,3148.0
177,0,fJdABIlw,oUmVLfUX,3148.0
177,0,mXwfazRz,fJdABIlw,2979.0
177,0,NGAodVTg,mXwfazRz,2916.0
177,0,TvGyfQSI,NGAodVTg,2916.0
177,0,HFYkXdPG,TvGyfQSI,2916.0
177,0,KjgVoxgR,HFYkXdPG,2754.0
177,0,xTOrUJFO,KjgVoxgR,2298.0
177,0,EmkugZPX,xTOrUJFO,2298.0
177,0,lmZJehpq,EmkugZPX,2269.0
177,0,tDDddUJb,lmZJehpq,2269.0
177,0,RVGhYAxc,tDDddUJb,2127.0
177,0,BpAiVnps,RVGhYAxc,1414.0
1300,0,LKVeVUNI,BpAiVnps,5586.0
1300,0,dbPZeeiE,LKVeVUNI,7040.0
1300,0,CsDsDrdU,dbPZeeiE,7613.0
1300,0,AmahvgQB,CsDsDrdU,7924.0
1506,0,elmHqfIN,jTofnsvB,5702.0
232,0,wEeBJTuq,ZYYdVixc,5275.0
233,0,kXOxEoFm,lRwVVbKf,1490.0
233,0,EFeZyZmg,kXOxEoFm,1490.0
233,0,zVMCvpDh,zfmNZkKD,1027.0
233,0,nOepWjtB,zVMCvpDh,1027.0
233,0,kNXaohyL,nOepWjtB,1027.0
233,0,gJicbLzN,kNXaohyL,1027.0
233,0,lRwVVbKf,gJicbLzN,968.0
233,0,ULIlEdjB,XHLHCkqn,1710.0
233,0,zfmNZkKD,ULIlEdjB,1696.0
233,0,zQfdkFQV,JafVjQhg,2128.0
233,0,GTWLqqnN,zQfdkFQV,2128.0
233,0,wefAcLKj,GTWLqqnN,2106.0
233,0,RxHTaOMh,wefAcLKj,2106.0
233,0,WavUqaXE,RxHTaOMh,2112.0
233,0,XHLHCkqn,WavUqaXE,2174.0
233,0,JafVjQhg,RZCadHVt,1548.0
1467,0,bZroqIhX,eTJQHplR,108.0
1467,0,cNuIRYrx,bZroqIhX,108.0
1467,0,yNIUaSyZ,cNuIRYrx,131.0
1467,0,xiTGCYEl,yNIUaSyZ,131.0
1467,0,NXLrCKMp,xiTGCYEl,217.0
1467,0,FyoAuDvn,NXLrCKMp,217.0
1467,0,WOOyqinT,FyoAuDvn,217.0
1467,0,VfTFpfzB,WOOyqinT,225.0
1467,0,ZYYdVixc,VfTFpfzB,468.0
1467,0,wEeBJTuq,ZYYdVixc,521.0
232,0,TsfVbSCQ,wEeBJTuq,4914.0
541,0,oZJRchiN,wVKhsyCZ,17.0
541,0,ZgqhsueA,eyUKPfnA,18.0
541,0,YvwuVYMF,ZgqhsueA,18.0
541,0,FZsFzszJ,YvwuVYMF,18.0
541,0,ALhaazBT,FZsFzszJ,18.0
541,0,ejMjPdTH,ALhaazBT,18.0
762,0,BxmxkKGC,ojqTFFWy,6736.0
1107,0,qflzswAf,PyGiRErs,542.0
80,0,QPpuxtew,uRlXNIwL,3929.0
80,0,gHkojtqc,QPpuxtew,3929.0
1452,0,iOuVBZzk,lsFGVtlq,44.0
1452,0,cTQVugNT,iOuVBZzk,44.0
1452,0,cNypyxpr,cTQVugNT,44.0
1452,0,uRlXNIwL,cNypyxpr,44.0
1452,0,QPpuxtew,uRlXNIwL,44.0
1452,0,gHkojtqc,QPpuxtew,44.0
1453,0,kVCEAUTv,dHuMOmqh,5196.0
1453,0,LsuNFzpq,kVCEAUTv,5414.0
1453,0,JZbiEaEt,LsuNFzpq,5537.0
1453,0,RchOKnYD,JZbiEaEt,6037.0
1453,0,BMDeXhVp,RchOKnYD,6037.0
1453,0,jQytwadI,BMDeXhVp,6037.0
1453,0,TQhrUKrf,BxmxkKGC,3961.0
1453,0,hFISFuCO,TQhrUKrf,3961.0
1453,0,IJrmTLNf,hFISFuCO,3961.0
1453,0,byRkdSCW,IJrmTLNf,3961.0
1453,0,fQRLOpha,byRkdSCW,3961.0
1453,0,PXPVuGmP,fQRLOpha,4021.0
1453,0,JpcivbxC,PXPVuGmP,4021.0
1453,0,IulxyPoH,JpcivbxC,4019.0
1453,0,llFTEWtD,IulxyPoH,4408.0
1453,0,TvvslWVF,llFTEWtD,4408.0
1453,0,SgXyhVwd,TvvslWVF,4127.0
1453,0,fPhIOSOj,SgXyhVwd,4127.0
1453,0,PQDqFTyk,fPhIOSOj,4127.0
1453,0,SOzmnmNW,PQDqFTyk,4127.0
1453,0,OhBAPvsb,SOzmnmNW,4127.0
1453,0,dHuMOmqh,OhBAPvsb,4296.0
1566,0,tRncbstl,WFZVQzrl,97.0
1566,0,gLCWwgiT,tRncbstl,97.0
1566,0,mUWkXJQU,gLCWwgiT,97.0
1566,0,dVVBCEuD,mUWkXJQU,97.0
1566,0,WOnIRuRn,dVVBCEuD,97.0
232,0,LArfnWEk,TsfVbSCQ,4829.0
1262,0,CKorGRkE,ojqTFFWy,1332.0
1263,0,JKFFGKvY,zgCGmKZn,4603.0
1263,0,EVAUYvVR,JKFFGKvY,4616.0
1263,0,GYfZYaJh,EVAUYvVR,4621.0
1263,0,OpgRCgWV,GYfZYaJh,7667.0
14,0,xYUjBvzT,CheNYOmP,7061.0
14,0,JXJZtHSD,xYUjBvzT,7062.0
14,0,owqgejgM,JXJZtHSD,3156.0
1497,0,hSQYmgMj,GYfZYaJh,1.0
1497,0,mnkgCFDT,hSQYmgMj,1.0
1467,0,TsfVbSCQ,wEeBJTuq,513.0
1467,0,coyRXGtt,TsfVbSCQ,513.0
34,0,MtINPaKl,RuAJZyMI,4840.0
34,0,SGVPbDEb,MtINPaKl,2927.0
369,0,MtINPaKl,RuAJZyMI,4283.0
369,0,SGVPbDEb,MtINPaKl,3619.0
142,0,MtINPaKl,mNGfniSu,3085.0
142,0,SGVPbDEb,MtINPaKl,3226.0
1418,0,aWeSqqrV,gyQqEnFq,2866.0
1418,0,WRVBvtIE,aWeSqqrV,3026.0
1418,0,RuAJZyMI,WRVBvtIE,3051.0
1418,0,MtINPaKl,RuAJZyMI,3566.0
1418,0,SGVPbDEb,MtINPaKl,5052.0
992,0,MtINPaKl,mNGfniSu,5431.0
992,0,SGVPbDEb,MtINPaKl,6372.0
318,0,QHFmFyLR,EkWBPXmr,1196.0
318,0,neNWquOh,QHFmFyLR,1196.0
318,0,KwaxxmSs,neNWquOh,1209.0
318,0,PSjGjQXK,KwaxxmSs,1235.0
318,0,GnsXgGJX,PSjGjQXK,3879.0
318,0,POdtxoZm,GnsXgGJX,4215.0
318,0,YvLYpMPH,POdtxoZm,3490.0
318,0,DjKGsdyb,YvLYpMPH,3926.0
318,0,ExPvCHrU,DjKGsdyb,3839.0
318,0,OCwYbEnq,ExPvCHrU,3838.0
318,0,rsJSqETv,OCwYbEnq,3807.0
318,0,nrUfCQxz,rsJSqETv,3807.0
1623,0,FqfYfMFg,AmahvgQB,1536.0
1623,0,qBmbuqyA,FqfYfMFg,1563.0
1623,0,DjKOMvif,qBmbuqyA,1563.0
1623,0,kbmudFZh,DjKOMvif,1643.0
1623,0,AHkkayoK,kbmudFZh,1643.0
1623,0,NjUfThdh,AHkkayoK,1646.0
1623,0,yEChtXTr,NjUfThdh,1646.0
1623,0,BspMHRhr,yEChtXTr,1073.0
1623,0,jkxhkeqK,BspMHRhr,1585.0
1623,0,RrdfQruE,jkxhkeqK,1585.0
1623,0,FHknKSNi,RrdfQruE,1585.0
1623,0,GYenbKMg,FHknKSNi,1572.0
250,0,IoxYvxeH,mnkgCFDT,5871.0
250,0,yrlDljAC,IoxYvxeH,6459.0
250,0,rBCwdRqs,yrlDljAC,6459.0
250,0,olAnplnl,rBCwdRqs,6459.0
250,0,hpCuKAjH,olAnplnl,6475.0
250,0,tyeyrnYi,hpCuKAjH,6475.0
464,0,ImIhxSnH,Fwqgdxfa,9215.0
464,0,iEKuRfDT,ImIhxSnH,9194.0
464,0,psXocZQH,iEKuRfDT,9867.0
464,0,yprCGtVa,psXocZQH,9867.0
464,0,pPqywgRl,yprCGtVa,10495.0
464,0,HGjkimBc,pPqywgRl,11531.0
464,0,lqMPnIra,HGjkimBc,11624.0
464,0,eKMWhxRF,lqMPnIra,9471.0
464,0,pRsoSsPh,eKMWhxRF,8957.0
464,0,pUxrqkbR,pRsoSsPh,10451.0
464,0,GmRorurF,pUxrqkbR,10449.0
464,0,rWJbJwsc,GmRorurF,5793.0
725,0,IoxYvxeH,mnkgCFDT,1223.0
725,0,yrlDljAC,IoxYvxeH,1090.0
725,0,rBCwdRqs,yrlDljAC,1090.0
725,0,olAnplnl,rBCwdRqs,1090.0
725,0,hpCuKAjH,olAnplnl,1090.0
725,0,tyeyrnYi,hpCuKAjH,1090.0
292,0,jFmPCmzM,AjJCgCBk,2279.0
292,0,TrOiZJox,jFmPCmzM,2279.0
1075,0,AiDSpgcp,yfISbYOh,1255.0
1075,0,rQoGPwMA,AiDSpgcp,1255.0
1075,0,SwPLBeCY,rQoGPwMA,1255.0
1075,0,TgAaXvqD,SwPLBeCY,1263.0
1075,0,fikrodNW,TgAaXvqD,1274.0
1486,0,YhQOzAWJ,jTofnsvB,591.0
1486,0,zUgDRwiy,YhQOzAWJ,591.0
1531,0,cfVAtKgo,pRBbbEoD,3676.0
1531,0,QMiQTlda,cfVAtKgo,4327.0
1531,0,MaKoROaE,QMiQTlda,4327.0
1531,0,NrNaZyPp,MaKoROaE,4329.0
1531,0,zUgDRwiy,NrNaZyPp,3399.0
1506,0,YhQOzAWJ,elmHqfIN,5471.0
1506,0,zUgDRwiy,YhQOzAWJ,5074.0
664,0,elmHqfIN,jTofnsvB,150.0
664,0,YhQOzAWJ,elmHqfIN,150.0
664,0,zUgDRwiy,YhQOzAWJ,150.0
1748,0,elmHqfIN,jTofnsvB,4802.0
1748,0,YhQOzAWJ,elmHqfIN,4802.0
1748,0,zUgDRwiy,YhQOzAWJ,4791.0
1584,0,wWIFrmtv,vbdtPbuh,19.0
1584,0,CTPkMihJ,wWIFrmtv,19.0
1584,0,VesdDWYE,CTPkMihJ,19.0
1584,0,ILlCOmHK,VesdDWYE,19.0
1584,0,uEdtlgzA,ILlCOmHK,19.0
1584,0,HcKLTTXk,uEdtlgzA,19.0
1584,0,IvXmMOhB,HcKLTTXk,19.0
1419,0,BZCtSmhk,ywuGpANM,1938.0
1419,0,NbgxPNNK,BZCtSmhk,1938.0
1419,0,vOKcaAnW,NbgxPNNK,1945.0
1419,0,HOwZAROe,vOKcaAnW,1945.0
780,0,sPGYwoyj,XUTqNKWc,2439.0
780,0,OeZVKJdr,sPGYwoyj,2439.0
292,0,SWnceHEw,nrKKniYe,1972.0
292,0,AjJCgCBk,SWnceHEw,1972.0
1419,0,VgUdLlOW,hpACGGyB,336.0
1419,0,ywuGpANM,VgUdLlOW,336.0
1262,0,AmahvgQB,vSdfqYeK,3809.0
1262,0,lOtREfVG,AmahvgQB,3281.0
1262,0,SMhobJmy,lOtREfVG,3281.0
1262,0,ZdIQslRD,SMhobJmy,2731.0
1331,0,kXOxEoFm,lRwVVbKf,90.0
1331,0,EFeZyZmg,kXOxEoFm,90.0
1331,0,MoCDatJm,EFeZyZmg,150.0
1512,0,OpgRCgWV,mnkgCFDT,13798.0
1512,0,ntDOQspU,OpgRCgWV,12444.0
1512,0,AXkvSZpr,ntDOQspU,12462.0
1263,0,ntDOQspU,OpgRCgWV,11487.0
1263,0,AXkvSZpr,ntDOQspU,11555.0
232,0,KUCrTzrk,LArfnWEk,4735.0
1331,0,ULIlEdjB,XHLHCkqn,5.0
1331,0,zfmNZkKD,ULIlEdjB,5.0
1331,0,zVMCvpDh,zfmNZkKD,5.0
1331,0,nOepWjtB,zVMCvpDh,5.0
1331,0,kNXaohyL,nOepWjtB,5.0
1331,0,gJicbLzN,kNXaohyL,5.0
1331,0,lRwVVbKf,gJicbLzN,5.0
1331,0,GTWLqqnN,JafVjQhg,2.0
1331,0,wefAcLKj,GTWLqqnN,2.0
1331,0,RxHTaOMh,wefAcLKj,2.0
1331,0,XHLHCkqn,RxHTaOMh,2.0
1330,0,dbPZeeiE,LKVeVUNI,2200.0
1330,0,CsDsDrdU,dbPZeeiE,2216.0
1330,0,rJRvqICk,CsDsDrdU,2687.0
1330,0,AmahvgQB,rJRvqICk,2688.0
1330,0,aYSqaQmJ,AmahvgQB,2764.0
1330,0,zgCGmKZn,aYSqaQmJ,2907.0
1330,0,JKFFGKvY,zgCGmKZn,2997.0
1330,0,EVAUYvVR,JKFFGKvY,2997.0
1330,0,GYfZYaJh,EVAUYvVR,2997.0
1330,0,OpgRCgWV,GYfZYaJh,3361.0
1330,0,ntDOQspU,OpgRCgWV,3573.0
1330,0,nEHOxUTI,ntDOQspU,3573.0
1330,0,PUsFNDSD,nEHOxUTI,3750.0
1330,0,LKVeVUNI,BpAiVnps,1919.0
1467,0,eQeMsQqL,coyRXGtt,351.0
1467,0,ckxYXcvo,eQeMsQqL,351.0
1467,0,cyoDDnik,ckxYXcvo,351.0
1467,0,xWbuLRdJ,cyoDDnik,351.0
1467,0,vbdtPbuh,xWbuLRdJ,351.0
1467,0,wWIFrmtv,vbdtPbuh,16.0
1748,0,okaePkJr,zUgDRwiy,1801.0
761,0,okaePkJr,zUgDRwiy,5985.0
34,0,DpeufCiu,SGVPbDEb,2042.0
142,0,DpeufCiu,SGVPbDEb,3165.0
565,0,LWMiptXI,adAJVrkD,296.0
565,0,IdjjXnkI,LWMiptXI,296.0
565,0,qQFDKzdu,IdjjXnkI,296.0
565,0,IKzXRYHu,okgTpqCg,365.0
565,0,adAJVrkD,IKzXRYHu,365.0
565,0,okgTpqCg,FfkqCuZM,368.0
779,0,aNlaxeLS,ZecyfkGE,2968.0
779,0,zBPHjWVd,aNlaxeLS,2968.0
779,0,rPcYYZtd,zBPHjWVd,3005.0
779,0,ngtiheSM,rPcYYZtd,2845.0
80,0,jiBUapiv,gHkojtqc,3762.0
80,0,ZsSjTAXN,jiBUapiv,3762.0
80,0,QzSmToFg,ZsSjTAXN,3762.0
232,0,CwNQJSvp,KUCrTzrk,4264.0
232,0,yoveVXvd,CwNQJSvp,4293.0
1330,0,StyZBhjt,PUsFNDSD,2885.0
1714,0,elmHqfIN,jTofnsvB,4.0
1714,0,YhQOzAWJ,elmHqfIN,4.0
1714,0,zUgDRwiy,YhQOzAWJ,4.0
1714,0,okaePkJr,zUgDRwiy,4.0
1714,0,xgGSyRKK,okaePkJr,4.0
761,0,PgJqeYYy,okaePkJr,5974.0
1330,0,HipgKeDY,StyZBhjt,3013.0
80,0,YpZAWuci,QzSmToFg,3534.0
1452,0,jiBUapiv,gHkojtqc,73.0
1452,0,ZsSjTAXN,jiBUapiv,73.0
1452,0,QzSmToFg,ZsSjTAXN,73.0
1452,0,YpZAWuci,QzSmToFg,73.0
1453,0,BxmxkKGC,ojqTFFWy,2333.0
1486,0,okaePkJr,zUgDRwiy,373.0
1486,0,PgJqeYYy,okaePkJr,373.0
1531,0,okaePkJr,zUgDRwiy,1956.0
1531,0,PgJqeYYy,okaePkJr,1660.0
664,0,okaePkJr,zUgDRwiy,18.0
664,0,PgJqeYYy,okaePkJr,18.0
1748,0,PgJqeYYy,okaePkJr,1800.0
1330,0,qqkwAIGc,HipgKeDY,2963.0
1330,0,YXiYqIfc,qqkwAIGc,2963.0
1330,0,TxpOiGNK,YXiYqIfc,1621.0
142,0,JAgpxShP,qufiaPgM,22.0
232,0,fvJrDdyT,yoveVXvd,4235.0
1537,0,ULIlEdjB,XHLHCkqn,37.0
1537,0,zfmNZkKD,ULIlEdjB,37.0
1537,0,LASpLrUw,zfmNZkKD,37.0
1537,0,GnVcDFUF,LASpLrUw,79.0
1537,0,QzUmfmWq,GnVcDFUF,97.0
1537,0,FozFNjrC,QzUmfmWq,97.0
1537,0,loXKeyiW,FozFNjrC,97.0
1537,0,vDrIQGSM,loXKeyiW,97.0
1537,0,wYGnXViz,vDrIQGSM,97.0
1537,0,vePIvsJu,wYGnXViz,97.0
1537,0,BCaYhIgf,vePIvsJu,97.0
679,0,wHfmVQMh,cttUtMNm,3854.0
679,0,mdGitRQe,wHfmVQMh,2551.0
679,0,jXeBpcDF,lZYsrfVZ,3334.0
1750,0,llFTEWtD,IulxyPoH,330.0
1750,0,SgXyhVwd,llFTEWtD,330.0
1750,0,fPhIOSOj,SgXyhVwd,350.0
1750,0,HqehCtdr,fPhIOSOj,472.0
1750,0,JafVjQhg,HqehCtdr,471.0
1748,0,EsFyleAW,PgJqeYYy,345.0
1750,0,hFISFuCO,ojqTFFWy,199.0
1750,0,fQRLOpha,hFISFuCO,199.0
1750,0,PXPVuGmP,fQRLOpha,226.0
1750,0,IulxyPoH,PXPVuGmP,226.0
1440,0,gHieypBQ,wrFiwNtD,797.0
1440,0,vfoDngvn,gHieypBQ,797.0
1440,0,EPWXwPSq,vfoDngvn,797.0
1440,0,orpkgmYq,EPWXwPSq,664.0
1440,0,RXuaQdiQ,orpkgmYq,469.0
1440,0,mhTYFecR,RXuaQdiQ,369.0
1440,0,RZCadHVt,mhTYFecR,328.0
34,0,FaHpkwNs,DpeufCiu,2018.0
142,0,FaHpkwNs,DpeufCiu,3091.0
369,0,DpeufCiu,SGVPbDEb,2994.0
369,0,kohCEyKT,DpeufCiu,2994.0
34,0,kohCEyKT,FaHpkwNs,1998.0
761,0,cQQRUhUD,PgJqeYYy,6415.0
761,0,ZpXtMmnA,cQQRUhUD,6415.0
1190,0,DZOaDIuU,CZBrBkrq,1845.0
1190,0,djdidyfJ,DZOaDIuU,1641.0
1190,0,jnDfAorM,djdidyfJ,1623.0
992,0,DpeufCiu,SGVPbDEb,6480.0
992,0,FaHpkwNs,DpeufCiu,6480.0
992,0,kohCEyKT,FaHpkwNs,6480.0
1205,0,bHagonKv,uGkwFELU,12.0
1205,0,Vlipnutt,bHagonKv,6.0
1205,0,XiLvnZTk,Vlipnutt,6.0
1205,0,FStgRiBS,XiLvnZTk,6.0
1205,0,GkYZbgqg,FStgRiBS,6.0
1205,0,FlYjxOxQ,GkYZbgqg,6.0
1205,0,wFSILCzc,FlYjxOxQ,6.0
1205,0,yQQuLFAg,wFSILCzc,6.0
1205,0,rUKSlFeh,yQQuLFAg,6.0
1205,0,rckblBTM,rUKSlFeh,6.0
1205,0,gKoyUmab,rckblBTM,6.0
1205,0,fGmFhgnx,gKoyUmab,6.0
1205,0,XyHfgUxW,fGmFhgnx,6.0
1205,0,zjjLSYAp,XyHfgUxW,6.0
1205,0,nIakFMcq,zjjLSYAp,6.0
232,0,KLViSvpH,fvJrDdyT,4261.0
1531,0,EsFyleAW,PgJqeYYy,1171.0
1531,0,oPiGTUNA,EsFyleAW,1152.0
1531,0,AsOznvtO,oPiGTUNA,1152.0
1531,0,HjcVXSJw,AsOznvtO,1152.0
1531,0,UPEwDZeZ,HjcVXSJw,1152.0
1531,0,oTQudgUv,UPEwDZeZ,1152.0
1531,0,wteskcXn,oTQudgUv,1145.0
1418,0,FoqpqGcp,QhiYKyAt,5284.0
1538,0,RzpCLtax,ByhOWHwN,35.0
1538,0,GVbuUhiB,RzpCLtax,35.0
1538,0,lBcqwpvX,GVbuUhiB,35.0
1538,0,ByhOWHwN,AXkvSZpr,8.0
1418,0,TvsHOuao,EzNIKkYA,5924.0
1418,0,ezYUwAMR,TvsHOuao,5924.0
1418,0,QhiYKyAt,ezYUwAMR,5924.0
1434,0,SGVPbDEb,MtINPaKl,1227.0
1434,0,DpeufCiu,SGVPbDEb,1978.0
1434,0,FaHpkwNs,DpeufCiu,1996.0
1434,0,wMslsCeS,FaHpkwNs,1996.0
1434,0,BTtHvEzM,wMslsCeS,1996.0
1434,0,EzNIKkYA,BTtHvEzM,2819.0
1434,0,TvsHOuao,EzNIKkYA,3160.0
1434,0,ezYUwAMR,TvsHOuao,3160.0
1434,0,QhiYKyAt,ezYUwAMR,3160.0
1486,0,cQQRUhUD,PgJqeYYy,294.0
1486,0,ZpXtMmnA,cQQRUhUD,294.0
796,0,NXLrCKMp,xiTGCYEl,733.0
796,0,FyoAuDvn,NXLrCKMp,733.0
796,0,WOOyqinT,FyoAuDvn,900.0
796,0,VfTFpfzB,WOOyqinT,900.0
796,0,ZYYdVixc,VfTFpfzB,1279.0
796,0,gLCWwgiT,ZYYdVixc,1465.0
796,0,jTofnsvB,gLCWwgiT,1593.0
796,0,elmHqfIN,jTofnsvB,1938.0
796,0,YhQOzAWJ,elmHqfIN,1938.0
796,0,zUgDRwiy,YhQOzAWJ,1938.0
796,0,okaePkJr,zUgDRwiy,1938.0
796,0,PgJqeYYy,okaePkJr,1938.0
796,0,cQQRUhUD,PgJqeYYy,1938.0
796,0,ZpXtMmnA,cQQRUhUD,1938.0
1434,0,aWeSqqrV,gyQqEnFq,921.0
1434,0,WRVBvtIE,aWeSqqrV,921.0
1434,0,RuAJZyMI,WRVBvtIE,921.0
1434,0,MtINPaKl,RuAJZyMI,1202.0
232,0,NajoDNFv,TxpOiGNK,4122.0
232,0,aQxdJxqw,NajoDNFv,4089.0
232,0,GJDHvjGI,aQxdJxqw,4323.0
796,0,bZroqIhX,eTJQHplR,369.0
796,0,cNuIRYrx,bZroqIhX,369.0
796,0,yNIUaSyZ,cNuIRYrx,369.0
796,0,xiTGCYEl,yNIUaSyZ,369.0
291,0,zijvldJJ,RVGhYAxc,7340.0
291,0,PywYzQHY,zijvldJJ,7488.0
291,0,RufmISTr,PywYzQHY,4497.0
291,0,qnxnYECs,RufmISTr,4517.0
291,0,QNScHwgR,qnxnYECs,4491.0
291,0,dLUoTBAU,QNScHwgR,4497.0
464,0,uuIZngLh,rWJbJwsc,4600.0
464,0,gHWJyJxY,uuIZngLh,4598.0
463,0,UWOHRooW,Fwqgdxfa,1837.0
463,0,ImIhxSnH,UWOHRooW,1910.0
463,0,iEKuRfDT,ImIhxSnH,1903.0
463,0,PlyJazqR,iEKuRfDT,1903.0
463,0,ylfNfbjf,PlyJazqR,1604.0
463,0,psXocZQH,ylfNfbjf,1604.0
463,0,yprCGtVa,psXocZQH,1827.0
463,0,pPqywgRl,yprCGtVa,1976.0
463,0,HGjkimBc,pPqywgRl,1967.0
463,0,lqMPnIra,HGjkimBc,1993.0
463,0,eKMWhxRF,lqMPnIra,3001.0
463,0,pRsoSsPh,eKMWhxRF,3142.0
463,0,pUxrqkbR,pRsoSsPh,3148.0
463,0,GmRorurF,pUxrqkbR,3182.0
463,0,rWJbJwsc,GmRorurF,3182.0
463,0,uuIZngLh,rWJbJwsc,3674.0
463,0,gHWJyJxY,uuIZngLh,3674.0
250,0,HezLsNFQ,tyeyrnYi,6391.0
1395,0,OrbXRiVv,anWZyaGW,532.0
1395,0,cNuIRYrx,OrbXRiVv,561.0
1395,0,yNIUaSyZ,cNuIRYrx,561.0
1395,0,xiTGCYEl,yNIUaSyZ,561.0
1395,0,NXLrCKMp,xiTGCYEl,793.0
1395,0,FyoAuDvn,NXLrCKMp,793.0
1395,0,WOOyqinT,FyoAuDvn,925.0
1395,0,mnkgCFDT,WOOyqinT,927.0
1395,0,kVhbTVuU,mnkgCFDT,1760.0
1395,0,IoxYvxeH,kVhbTVuU,1794.0
1395,0,yrlDljAC,IoxYvxeH,1861.0
1395,0,rBCwdRqs,yrlDljAC,1861.0
1395,0,olAnplnl,rBCwdRqs,1861.0
1395,0,hpCuKAjH,olAnplnl,1861.0
1395,0,tyeyrnYi,hpCuKAjH,1861.0
1395,0,HezLsNFQ,tyeyrnYi,1871.0
1395,0,eusqYKWT,HezLsNFQ,1908.0
1395,0,xOHMcnRu,eusqYKWT,2255.0
719,0,IoxYvxeH,kVhbTVuU,1525.0
719,0,yrlDljAC,IoxYvxeH,1486.0
719,0,FCQHCFVm,yrlDljAC,1486.0
719,0,rBCwdRqs,FCQHCFVm,1486.0
719,0,olAnplnl,rBCwdRqs,1486.0
719,0,hpCuKAjH,olAnplnl,1485.0
719,0,tyeyrnYi,hpCuKAjH,1485.0
719,0,HezLsNFQ,tyeyrnYi,1485.0
1748,0,oPiGTUNA,EsFyleAW,286.0
1748,0,AsOznvtO,oPiGTUNA,286.0
1748,0,TxpOiGNK,AsOznvtO,286.0
1418,0,DpeufCiu,SGVPbDEb,5847.0
1418,0,FaHpkwNs,DpeufCiu,5847.0
1418,0,iMMoIvpS,FaHpkwNs,7871.0
1418,0,wMslsCeS,iMMoIvpS,8003.0
1418,0,BTtHvEzM,wMslsCeS,8003.0
80,0,UWROvtjV,YpZAWuci,3265.0
80,0,aHnvxyXJ,UWROvtjV,3265.0
1452,0,UWROvtjV,YpZAWuci,233.0
1452,0,aHnvxyXJ,UWROvtjV,233.0
369,0,DHQRQBBP,kohCEyKT,3113.0
142,0,kohCEyKT,FaHpkwNs,3086.0
142,0,DHQRQBBP,kohCEyKT,4060.0
34,0,ZKEtlMvK,kohCEyKT,2211.0
1681,0,vFcwPIzF,qrkdOgPU,174.0
1681,0,fdwfslrS,vFcwPIzF,137.0
1419,0,CKorGRkE,ejMjPdTH,263.0
1419,0,eaNsVWDR,CKorGRkE,263.0
1419,0,hpACGGyB,eaNsVWDR,263.0
130,0,fkhDLNVv,pcONCDTC,35.0
130,0,ZgqhsueA,fkhDLNVv,35.0
130,0,GYxWnXpv,ZgqhsueA,29.0
130,0,mkpQpPSv,GYxWnXpv,29.0
130,0,EIHKZlEa,mkpQpPSv,29.0
130,0,oYdkYEMp,EIHKZlEa,29.0
130,0,TkHOmLHQ,oYdkYEMp,29.0
130,0,SwTowoaO,TkHOmLHQ,29.0
130,0,YvwuVYMF,SwTowoaO,29.0
130,0,vDFCntfg,YvwuVYMF,25.0
130,0,iEKDTvNf,vDFCntfg,25.0
130,0,MyGqmywG,iEKDTvNf,25.0
130,0,NxbXiMUL,MyGqmywG,25.0
130,0,XLVjRryq,NxbXiMUL,24.0
130,0,RVEyrwjR,XLVjRryq,24.0
130,0,gzTQJVMW,RVEyrwjR,24.0
130,0,FZsFzszJ,gzTQJVMW,16.0
130,0,KgwKZlse,FZsFzszJ,16.0
130,0,AoRkaUmb,KgwKZlse,16.0
130,0,ALhaazBT,AoRkaUmb,16.0
130,0,YqlTLIQa,ALhaazBT,16.0
130,0,AUmOMGnp,YqlTLIQa,16.0
130,0,XFPAZveS,AUmOMGnp,16.0
130,0,ojqTFFWy,XFPAZveS,14.0
37,0,CKldDLYq,EkWBPXmr,500.0
37,0,tjYcJLRB,CKldDLYq,660.0
37,0,iYMJvRAf,tjYcJLRB,660.0
37,0,KplKuAnp,iYMJvRAf,669.0
37,0,pSVDMeCH,KplKuAnp,669.0
37,0,FTwVCxQy,pSVDMeCH,669.0
37,0,xnBCUPNx,FTwVCxQy,775.0
37,0,MEVzYGii,xnBCUPNx,957.0
37,0,yQIotbyH,MEVzYGii,957.0
37,0,taEXnGBL,yQIotbyH,1144.0
37,0,rZoajhYh,taEXnGBL,1144.0
37,0,NuyYqrDq,rZoajhYh,1220.0
37,0,gpaAUChy,NuyYqrDq,1263.0
37,0,IgEBJNwX,gpaAUChy,1263.0
37,0,NCVzutVL,IgEBJNwX,1282.0
37,0,cTQVugNT,NCVzutVL,1315.0
37,0,cNypyxpr,cTQVugNT,2099.0
37,0,WRVBvtIE,cNypyxpr,2099.0
37,0,RuAJZyMI,WRVBvtIE,2099.0
37,0,MtINPaKl,RuAJZyMI,2099.0
37,0,SGVPbDEb,MtINPaKl,2099.0
37,0,DpeufCiu,SGVPbDEb,2099.0
37,0,FaHpkwNs,DpeufCiu,2099.0
37,0,kohCEyKT,FaHpkwNs,2099.0
37,0,ZKEtlMvK,kohCEyKT,2099.0
37,0,pjRBTtLk,ZKEtlMvK,2099.0
369,0,ZKEtlMvK,DHQRQBBP,3091.0
369,0,pjRBTtLk,ZKEtlMvK,3370.0
142,0,ZKEtlMvK,DHQRQBBP,4033.0
142,0,pjRBTtLk,ZKEtlMvK,4040.0
1440,0,WRVBvtIE,gyQqEnFq,477.0
1440,0,RuAJZyMI,WRVBvtIE,477.0
1440,0,MtINPaKl,RuAJZyMI,529.0
1440,0,SGVPbDEb,MtINPaKl,530.0
1440,0,DpeufCiu,SGVPbDEb,622.0
1440,0,FaHpkwNs,DpeufCiu,622.0
1440,0,kohCEyKT,FaHpkwNs,622.0
1440,0,DHQRQBBP,kohCEyKT,622.0
1440,0,ZKEtlMvK,DHQRQBBP,622.0
1440,0,pjRBTtLk,ZKEtlMvK,875.0
1441,0,dHuMOmqh,LDSuadxM,1452.0
1441,0,kVCEAUTv,dHuMOmqh,2426.0
1441,0,llFTEWtD,IulxyPoH,1098.0
1441,0,SgXyhVwd,llFTEWtD,1098.0
1441,0,fPhIOSOj,SgXyhVwd,1098.0
1441,0,SOzmnmNW,fPhIOSOj,1098.0
1441,0,OhBAPvsb,SOzmnmNW,1098.0
1441,0,LDSuadxM,OhBAPvsb,1098.0
1441,0,PXPVuGmP,fQRLOpha,935.0
1441,0,IulxyPoH,PXPVuGmP,935.0
994,0,BWKNZpmt,VriUyyDM,1954.0
779,0,pzScocJN,khOlLZay,3166.0
779,0,AOtPxxNt,pzScocJN,3151.0
779,0,pFQacbfu,AOtPxxNt,3132.0
779,0,ZecyfkGE,pFQacbfu,3132.0
992,0,ZKEtlMvK,kohCEyKT,7419.0
992,0,pjRBTtLk,ZKEtlMvK,7419.0
1441,0,hFISFuCO,BxmxkKGC,885.0
1441,0,byRkdSCW,hFISFuCO,885.0
1441,0,fQRLOpha,byRkdSCW,885.0
1702,0,qrLMfnQh,aQxdJxqw,1456.0
1702,0,nAnfzqIp,qrLMfnQh,1456.0
1702,0,BYibysYA,nAnfzqIp,1456.0
1531,0,NajoDNFv,wteskcXn,714.0
1531,0,aQxdJxqw,NajoDNFv,702.0
1221,0,CKorGRkE,ejMjPdTH,4427.0
1221,0,eaNsVWDR,CKorGRkE,4427.0
1221,0,hpACGGyB,eaNsVWDR,4427.0
1221,0,VgUdLlOW,hpACGGyB,4748.0
1221,0,ywuGpANM,VgUdLlOW,4770.0
1221,0,BZCtSmhk,ywuGpANM,7528.0
1221,0,aojHvPEg,BZCtSmhk,7522.0
1221,0,qeXIqBgp,aojHvPEg,7522.0
836,0,aojHvPEg,BZCtSmhk,5303.0
836,0,qeXIqBgp,aojHvPEg,5303.0
679,0,BpAiVnps,RVGhYAxc,2064.0
1330,0,NajoDNFv,TxpOiGNK,1615.0
1330,0,aQxdJxqw,NajoDNFv,1615.0
1568,0,YcrsfAeA,KCvWJpxq,4183.0
1568,0,cfrRCwNB,YcrsfAeA,4183.0
1568,0,TFSGEQcQ,cfrRCwNB,4684.0
1568,0,fjFZwaYy,TFSGEQcQ,5121.0
1568,0,lSWJJvzr,fjFZwaYy,5138.0
1568,0,nxFmOJAJ,lSWJJvzr,5169.0
1568,0,GznDzxNt,nxFmOJAJ,5169.0
1568,0,jappmlZc,GznDzxNt,5169.0
1568,0,JGAJXRSN,jappmlZc,5276.0
1568,0,SDEQaVyD,JGAJXRSN,5157.0
1226,0,SsTrbdxo,qzYXXYmc,10757.0
1226,0,yYFXObAF,SsTrbdxo,10757.0
1226,0,rmVgnKci,yYFXObAF,10757.0
1226,0,xMwzCIXQ,rmVgnKci,10702.0
1226,0,njiqgOWt,jVOVHrFU,9270.0
1263,0,MlqbsUKu,AXkvSZpr,11817.0
1263,0,jaCrAUFK,MlqbsUKu,12132.0
1263,0,oynLwMrX,jaCrAUFK,11974.0
1263,0,EKYbCcms,oynLwMrX,9014.0
1512,0,EKYbCcms,jaCrAUFK,12742.0
1175,0,ttCfyKrF,uDcqHVPS,965.0
1175,0,QdPMJYQQ,ttCfyKrF,965.0
1175,0,TcXrIYig,QdPMJYQQ,965.0
1175,0,pYAYKpHc,TcXrIYig,965.0
1175,0,QEnOoljA,pYAYKpHc,1079.0
1175,0,aLyOqIFS,QEnOoljA,1023.0
1175,0,UmISPPJO,aLyOqIFS,966.0
1175,0,VPUbGzfh,UmISPPJO,965.0
1175,0,MVExtcyL,VPUbGzfh,965.0
1175,0,bciZjPUu,MVExtcyL,965.0
1175,0,ogOCBKAf,bciZjPUu,918.0
1226,0,CEZTRnUo,qflzswAf,5656.0
1226,0,funWfCdm,CEZTRnUo,5656.0
1226,0,rnFrOJMw,funWfCdm,5656.0
1226,0,iaPnRXpR,rnFrOJMw,5666.0
1226,0,PNUwxzRj,iaPnRXpR,7017.0
1226,0,sxclJLmG,PNUwxzRj,7017.0
1226,0,xMTNzVPt,sxclJLmG,7034.0
1226,0,AudzmzeZ,xMTNzVPt,7034.0
1226,0,QVFxizLc,AudzmzeZ,7070.0
1226,0,BKywSEpu,QVFxizLc,7070.0
1226,0,PrwDPVMa,BKywSEpu,7070.0
1226,0,bjPEDqek,PrwDPVMa,6969.0
1226,0,hNvVhacI,bjPEDqek,6969.0
1226,0,qzYXXYmc,hNvVhacI,6830.0
1748,0,NajoDNFv,TxpOiGNK,310.0
1748,0,aQxdJxqw,NajoDNFv,397.0
1445,0,gHieypBQ,IOpdOfiF,781.0
1445,0,vfoDngvn,gHieypBQ,781.0
1445,0,EPWXwPSq,vfoDngvn,781.0
1445,0,orpkgmYq,EPWXwPSq,781.0
1445,0,RXuaQdiQ,orpkgmYq,781.0
1445,0,mhTYFecR,RXuaQdiQ,781.0
1445,0,RZCadHVt,mhTYFecR,781.0
761,0,NnzcSqlk,mhTYFecR,3763.0
34,0,aSxVTIYY,ZKEtlMvK,1625.0
34,0,fpInPVFL,aSxVTIYY,1625.0
80,0,aBlpKWpT,aHnvxyXJ,3031.0
1452,0,aBlpKWpT,aHnvxyXJ,428.0
1452,0,YBtfPRlp,aBlpKWpT,428.0
232,0,rxopZurY,GJDHvjGI,3729.0
900,0,fTbQcCcQ,BSlPgNeK,93.0
1418,0,NNeqXfIi,FoqpqGcp,5350.0
1418,0,wbJSAzcX,NNeqXfIi,5348.0
80,0,RwWmKtXH,aBlpKWpT,2836.0
80,0,iWUiEObr,RwWmKtXH,2922.0
1452,0,RwWmKtXH,YBtfPRlp,610.0
1452,0,iWUiEObr,RwWmKtXH,610.0
761,0,DgJlPOry,ZpXtMmnA,3477.0
761,0,inAMLXyk,DgJlPOry,3477.0
761,0,nTEapSQO,inAMLXyk,3477.0
761,0,AKaXSKPc,nTEapSQO,3477.0
761,0,ECXJHxuC,AKaXSKPc,3695.0
761,0,mhTYFecR,ECXJHxuC,3695.0
1226,0,cIQOVqQI,njiqgOWt,9256.0
1226,0,OyAyNkqZ,cIQOVqQI,9241.0
1226,0,XiXLaJEL,OyAyNkqZ,9236.0
1226,0,fzSWURzx,XiXLaJEL,3762.0
1226,0,vyojaKRU,fzSWURzx,3650.0
1226,0,puwcRgFs,vyojaKRU,3194.0
1226,0,zjKsBdNQ,puwcRgFs,1025.0
1226,0,ojqTFFWy,zjKsBdNQ,1024.0
796,0,DgJlPOry,ZpXtMmnA,777.0
796,0,inAMLXyk,DgJlPOry,777.0
796,0,nTEapSQO,inAMLXyk,777.0
796,0,AKaXSKPc,nTEapSQO,777.0
1452,0,mkMGVFdU,iWUiEObr,755.0
1452,0,xMYnsmAG,mkMGVFdU,1400.0
1452,0,IOpdOfiF,xMYnsmAG,1400.0
1486,0,inAMLXyk,ZpXtMmnA,254.0
1486,0,nTEapSQO,inAMLXyk,254.0
1486,0,AKaXSKPc,nTEapSQO,254.0
401,0,zjOknQHK,CRVKBFrv,1550.0
401,0,FrKNovDQ,zjOknQHK,1550.0
401,0,kgNzHUbI,FrKNovDQ,1549.0
401,0,cXqKNsgk,eJfPkird,2838.0
401,0,adPAcDLJ,cXqKNsgk,2838.0
401,0,RTRcFCMg,adPAcDLJ,2820.0
401,0,yYShGLTs,RTRcFCMg,2820.0
401,0,VkUBejwv,yYShGLTs,3015.0
401,0,QuhVipGo,VkUBejwv,2440.0
401,0,IUBOlCKA,QuhVipGo,2247.0
401,0,knSDhEIY,IUBOlCKA,2319.0
401,0,bYtHLndm,knSDhEIY,2396.0
401,0,KbKyxild,bYtHLndm,2396.0
401,0,WzJZybAt,KbKyxild,1470.0
401,0,wBZvskGC,WzJZybAt,1421.0
401,0,hlYcHDiv,wBZvskGC,1370.0
401,0,ZUUFaTkv,hlYcHDiv,1370.0
401,0,TikfrWrm,ZUUFaTkv,1370.0
401,0,ojqTFFWy,TikfrWrm,415.0
1349,0,cSSpAgNQ,WUuNWUBH,233.0
1349,0,ChOayZDF,cSSpAgNQ,233.0
1349,0,MCXOFAcE,ChOayZDF,233.0
1349,0,CrEPfbyi,MCXOFAcE,233.0
1349,0,GrmAtQAi,CrEPfbyi,233.0
1349,0,iLbIERty,GrmAtQAi,233.0
1349,0,TPvicaCo,iLbIERty,237.0
1349,0,kzVeZOug,TPvicaCo,237.0
1349,0,mxGSpCzE,kzVeZOug,237.0
1349,0,WlZgmutc,mxGSpCzE,237.0
1349,0,acVCzwtl,WlZgmutc,237.0
1349,0,TIlepZYr,acVCzwtl,223.0
1349,0,BmQLYaPd,TIlepZYr,36.0
1349,0,UvdLYolu,BmQLYaPd,36.0
1349,0,ZFKsyBay,UvdLYolu,36.0
1349,0,suvDbtPR,ZFKsyBay,36.0
1096,0,FrCulsqF,VYHZxBYO,1345.0
1096,0,KCAssTym,FrCulsqF,1345.0
1096,0,WhdKokFf,KCAssTym,1382.0
1096,0,QhscbmPA,WhdKokFf,1382.0
1096,0,YVvBKwgW,QhscbmPA,1423.0
1096,0,CcDOWlNm,YVvBKwgW,1472.0
1096,0,yfjUYWEe,CcDOWlNm,1472.0
1019,0,kYVfgfZp,bLNlBUaT,174.0
1019,0,eZiXxBSP,kYVfgfZp,174.0
1019,0,SaZyOqOi,eZiXxBSP,174.0
1019,0,oRpydnwU,SaZyOqOi,244.0
1019,0,yyEOaSxi,oRpydnwU,244.0
1019,0,obftSQtS,yyEOaSxi,219.0
1029,0,rNCpaLXo,dNagXJoD,1295.0
1330,0,rxopZurY,aQxdJxqw,1043.0
1330,0,qXMrbZDt,rxopZurY,1043.0
1330,0,qOusBBOu,qXMrbZDt,1043.0
232,0,qXMrbZDt,rxopZurY,3717.0
232,0,qOusBBOu,qXMrbZDt,3717.0
147,0,exgtgIgV,zJsEFgSs,175.0
147,0,CvtLjMFW,exgtgIgV,175.0
147,0,vSdfqYeK,CvtLjMFW,175.0
147,0,AmahvgQB,vSdfqYeK,175.0
1418,0,wHHoYczm,wbJSAzcX,5327.0
529,0,xiTGCYEl,cNuIRYrx,91.0
529,0,NXLrCKMp,xiTGCYEl,198.0
529,0,FyoAuDvn,NXLrCKMp,198.0
529,0,WOOyqinT,FyoAuDvn,198.0
529,0,VfTFpfzB,WOOyqinT,465.0
529,0,bZroqIhX,eTJQHplR,76.0
529,0,cNuIRYrx,bZroqIhX,76.0
1606,0,BgrWMruP,tNjBpHdR,31.0
1606,0,BlIFmvgd,BgrWMruP,31.0
1606,0,FGqBFXAc,BlIFmvgd,31.0
1606,0,MDGVFhVD,FGqBFXAc,31.0
1606,0,TjIpsyZG,MDGVFhVD,31.0
1606,0,pMhMmUyS,TjIpsyZG,31.0
1606,0,MaWmiWrW,pMhMmUyS,31.0
1606,0,XXnkNquo,MaWmiWrW,31.0
1606,0,GgMfrgKO,XiXLaJEL,11.0
1606,0,egyFOSbs,GgMfrgKO,11.0
1606,0,tNjBpHdR,egyFOSbs,11.0
232,0,ysAqwwWP,qOusBBOu,3684.0
232,0,vCxCuCVD,ysAqwwWP,3684.0
1330,0,vCxCuCVD,qOusBBOu,1037.0
1748,0,qXMrbZDt,aQxdJxqw,544.0
1748,0,qOusBBOu,qXMrbZDt,544.0
1748,0,vCxCuCVD,qOusBBOu,554.0
142,0,vnfcOAch,pjRBTtLk,2964.0
142,0,ryJVAbFB,vnfcOAch,2964.0
142,0,ttVqQknl,ryJVAbFB,2964.0
779,0,yHCBRtBd,xnXFAboh,5394.0
779,0,YYKDBDRS,yHCBRtBd,5394.0
779,0,CDXhVrrJ,YYKDBDRS,5394.0
992,0,vnfcOAch,pjRBTtLk,7323.0
992,0,ryJVAbFB,vnfcOAch,7323.0
992,0,ttVqQknl,ryJVAbFB,7323.0
1512,0,MlqbsUKu,AXkvSZpr,11965.0
1512,0,jaCrAUFK,MlqbsUKu,11972.0
1512,0,OyAyNkqZ,EKYbCcms,11809.0
1263,0,cIQOVqQI,EKYbCcms,9396.0
1263,0,OyAyNkqZ,cIQOVqQI,9373.0
1300,0,ntDOQspU,OpgRCgWV,9102.0
1300,0,MlqbsUKu,ntDOQspU,9108.0
1300,0,jaCrAUFK,MlqbsUKu,9104.0
1300,0,oynLwMrX,jaCrAUFK,8637.0
1300,0,EKYbCcms,oynLwMrX,8137.0
1300,0,OyAyNkqZ,EKYbCcms,8216.0
37,0,vnfcOAch,pjRBTtLk,1713.0
37,0,ryJVAbFB,vnfcOAch,1713.0
37,0,ttVqQknl,ryJVAbFB,1713.0
37,0,aZtqChJJ,ttVqQknl,1713.0
170,0,oUmVLfUX,FCeDiZsN,1275.0
170,0,fJdABIlw,oUmVLfUX,1275.0
170,0,mXwfazRz,fJdABIlw,1172.0
170,0,NGAodVTg,mXwfazRz,879.0
170,0,TvGyfQSI,NGAodVTg,879.0
170,0,HFYkXdPG,TvGyfQSI,879.0
170,0,KjgVoxgR,HFYkXdPG,836.0
170,0,xTOrUJFO,KjgVoxgR,742.0
170,0,EmkugZPX,xTOrUJFO,742.0
170,0,lmZJehpq,EmkugZPX,736.0
170,0,tDDddUJb,lmZJehpq,734.0
170,0,RVGhYAxc,tDDddUJb,680.0
170,0,BpAiVnps,RVGhYAxc,512.0
992,0,aZtqChJJ,ttVqQknl,7323.0
142,0,aZtqChJJ,ttVqQknl,2966.0
1662,0,yLVlVeFN,XGJiqzLW,145.0
1662,0,tPRfRHcU,yLVlVeFN,145.0
1662,0,gOEBySGW,tPRfRHcU,145.0
1662,0,yQTlxjhE,gOEBySGW,145.0
1662,0,OQuuHQtW,yQTlxjhE,148.0
1662,0,BZfkJyvP,OQuuHQtW,148.0
1662,0,pdLPgMHo,BZfkJyvP,148.0
1662,0,YULSfngF,pdLPgMHo,148.0
1662,0,FxdGzEpZ,YULSfngF,148.0
1662,0,xGsoSfhX,FxdGzEpZ,104.0
1662,0,MgruBUee,xGsoSfhX,104.0
1662,0,BpAiVnps,MgruBUee,104.0
1183,0,ABBXwUbo,wuDdaesk,124.0
80,0,yGnjFAhM,iWUiEObr,2625.0
232,0,LDSuadxM,vCxCuCVD,2749.0
796,0,ECXJHxuC,AKaXSKPc,598.0
796,0,mhTYFecR,ECXJHxuC,598.0
796,0,RZCadHVt,mhTYFecR,418.0
1440,0,vnfcOAch,pjRBTtLk,744.0
1440,0,ryJVAbFB,vnfcOAch,744.0
1440,0,ttVqQknl,ryJVAbFB,744.0
1440,0,aZtqChJJ,ttVqQknl,783.0
1440,0,wrFiwNtD,aZtqChJJ,785.0
1606,0,ZHlwRpuy,XXnkNquo,17.0
1606,0,kOgbwYhI,ZHlwRpuy,17.0
1606,0,LXShvwrY,kOgbwYhI,17.0
1606,0,TvvslWVF,LXShvwrY,17.0
1606,0,SgXyhVwd,TvvslWVF,14.0
1606,0,fPhIOSOj,SgXyhVwd,14.0
1606,0,PQDqFTyk,fPhIOSOj,14.0
1606,0,SOzmnmNW,PQDqFTyk,14.0
1606,0,OhBAPvsb,SOzmnmNW,14.0
1462,0,IIbmZtwl,SKQEJtAl,140.0
1462,0,TmzVTgQO,IIbmZtwl,140.0
1462,0,uQwuZjYR,TmzVTgQO,140.0
1462,0,pfDsKqbP,uQwuZjYR,140.0
1462,0,GKBCzMbq,pfDsKqbP,140.0
1462,0,orpkgmYq,GKBCzMbq,140.0
1462,0,RXuaQdiQ,orpkgmYq,140.0
1462,0,bmqZcfhO,RXuaQdiQ,129.0
1462,0,lUWTaWkd,bmqZcfhO,129.0
72,0,NnzcSqlk,MULNmVBJ,13.0
37,0,deapEAbC,aZtqChJJ,1371.0
992,0,deapEAbC,aZtqChJJ,6528.0
369,0,vnfcOAch,pjRBTtLk,2961.0
369,0,ryJVAbFB,vnfcOAch,2961.0
369,0,ttVqQknl,ryJVAbFB,2961.0
369,0,aZtqChJJ,ttVqQknl,2961.0
369,0,deapEAbC,aZtqChJJ,2961.0
142,0,wrFiwNtD,aZtqChJJ,2860.0
142,0,deapEAbC,wrFiwNtD,2887.0
1446,0,dHuMOmqh,LDSuadxM,760.0
1446,0,kVCEAUTv,dHuMOmqh,760.0
1446,0,LsuNFzpq,kVCEAUTv,760.0
1446,0,JZbiEaEt,LsuNFzpq,760.0
1446,0,RchOKnYD,JZbiEaEt,760.0
1446,0,BMDeXhVp,RchOKnYD,760.0
1446,0,jQytwadI,BMDeXhVp,760.0
1459,0,BxmxkKGC,RTafItqF,1377.0
1459,0,lfmzBYXb,BxmxkKGC,1377.0
1459,0,TQhrUKrf,lfmzBYXb,1377.0
1459,0,hFISFuCO,TQhrUKrf,1377.0
1459,0,IJrmTLNf,hFISFuCO,1377.0
1459,0,byRkdSCW,IJrmTLNf,1377.0
1459,0,fQRLOpha,byRkdSCW,1377.0
1459,0,PXPVuGmP,fQRLOpha,1377.0
1459,0,JpcivbxC,PXPVuGmP,1377.0
1459,0,IulxyPoH,JpcivbxC,1377.0
1459,0,llFTEWtD,IulxyPoH,1377.0
1459,0,TvvslWVF,llFTEWtD,1377.0
1459,0,SgXyhVwd,TvvslWVF,1240.0
1459,0,fPhIOSOj,SgXyhVwd,1240.0
1459,0,PQDqFTyk,fPhIOSOj,1240.0
1459,0,SOzmnmNW,PQDqFTyk,1240.0
1459,0,OhBAPvsb,SOzmnmNW,1240.0
1459,0,HqehCtdr,OhBAPvsb,1240.0
1459,0,dHuMOmqh,HqehCtdr,1240.0
1459,0,kVCEAUTv,dHuMOmqh,1240.0
1459,0,LsuNFzpq,kVCEAUTv,954.0
1459,0,JZbiEaEt,LsuNFzpq,954.0
1459,0,RchOKnYD,JZbiEaEt,883.0
1459,0,BMDeXhVp,RchOKnYD,883.0
1459,0,jQytwadI,BMDeXhVp,883.0
1395,0,QHFmFyLR,EkWBPXmr,82.0
1395,0,neNWquOh,QHFmFyLR,82.0
1395,0,KwaxxmSs,neNWquOh,82.0
1395,0,gzZgDndk,KwaxxmSs,120.0
1395,0,NQaaFyOm,gzZgDndk,230.0
1395,0,iPNesxKP,NQaaFyOm,232.0
1395,0,lctVuVOk,iPNesxKP,279.0
1395,0,EocVuyzS,lctVuVOk,279.0
1395,0,lwcIkPvE,EocVuyzS,279.0
1395,0,suszCmcx,lwcIkPvE,279.0
1395,0,UTBcifAN,suszCmcx,280.0
1395,0,HQVZivsH,UTBcifAN,470.0
1395,0,DeiIsjyA,HQVZivsH,470.0
1395,0,anWZyaGW,DeiIsjyA,520.0
47,0,paIawFeA,nIakFMcq,6296.0
47,0,bmUdUOzs,paIawFeA,6347.0
725,0,HezLsNFQ,tyeyrnYi,1088.0
464,0,oXQrzcje,gHWJyJxY,2395.0
464,0,fyqDJAhS,oXQrzcje,1902.0
1486,0,qtbZyrFG,AKaXSKPc,247.0
1486,0,ECXJHxuC,qtbZyrFG,247.0
1486,0,mhTYFecR,ECXJHxuC,247.0
804,0,ZeFKXxfu,fNoKcjVu,214.0
804,0,wYWONrrr,ZeFKXxfu,293.0
804,0,jTofnsvB,wYWONrrr,293.0
804,0,elmHqfIN,jTofnsvB,329.0
804,0,YhQOzAWJ,elmHqfIN,329.0
804,0,zUgDRwiy,YhQOzAWJ,575.0
804,0,okaePkJr,zUgDRwiy,702.0
804,0,PgJqeYYy,okaePkJr,702.0
804,0,cQQRUhUD,PgJqeYYy,832.0
804,0,ZpXtMmnA,cQQRUhUD,832.0
804,0,DgJlPOry,ZpXtMmnA,832.0
804,0,inAMLXyk,DgJlPOry,832.0
804,0,AKaXSKPc,inAMLXyk,832.0
804,0,HdtICUKG,AKaXSKPc,864.0
804,0,mhTYFecR,HdtICUKG,864.0
1512,0,XiXLaJEL,OyAyNkqZ,11483.0
1512,0,vyojaKRU,XiXLaJEL,8039.0
1512,0,puwcRgFs,vyojaKRU,8428.0
1512,0,ojqTFFWy,puwcRgFs,4709.0
1512,0,SEVBrkvc,ojqTFFWy,3341.0
1512,0,qPtpgxic,SEVBrkvc,3172.0
1512,0,gGkadTNm,qPtpgxic,1649.0
1512,0,CbcrfuAf,gGkadTNm,1576.0
779,0,lOyAoICg,CbcrfuAf,8898.0
779,0,GpOUDfXM,lOyAoICg,8898.0
779,0,UTnQirag,GpOUDfXM,8409.0
779,0,tkWZZFES,UTnQirag,8409.0
779,0,JKUqFAhf,tkWZZFES,8030.0
47,0,ojqTFFWy,bmUdUOzs,6949.0
779,0,SEVBrkvc,ojqTFFWy,388.0
779,0,KzCxlBoL,SEVBrkvc,426.0
779,0,qPtpgxic,KzCxlBoL,426.0
779,0,RyPegcUV,qPtpgxic,677.0
779,0,gGkadTNm,RyPegcUV,677.0
779,0,CbcrfuAf,gGkadTNm,932.0
1434,0,FoqpqGcp,QhiYKyAt,3159.0
1434,0,NNeqXfIi,FoqpqGcp,4079.0
1434,0,wbJSAzcX,NNeqXfIi,4082.0
1434,0,wHHoYczm,wbJSAzcX,4135.0
1434,0,JPWycazw,wHHoYczm,4370.0
1434,0,SapgsLPr,JPWycazw,4375.0
1434,0,OyAyNkqZ,SapgsLPr,4508.0
1434,0,XiXLaJEL,OyAyNkqZ,6042.0
1434,0,fzSWURzx,XiXLaJEL,7217.0
1434,0,vyojaKRU,fzSWURzx,7302.0
1434,0,puwcRgFs,vyojaKRU,7365.0
1434,0,zjKsBdNQ,puwcRgFs,7370.0
1434,0,ojqTFFWy,zjKsBdNQ,7370.0
1434,0,RTafItqF,ojqTFFWy,7370.0
1434,0,SEVBrkvc,RTafItqF,9677.0
1434,0,KzCxlBoL,SEVBrkvc,8481.0
1434,0,qPtpgxic,KzCxlBoL,8481.0
1434,0,RyPegcUV,qPtpgxic,5890.0
1434,0,gGkadTNm,RyPegcUV,4807.0
1434,0,CbcrfuAf,gGkadTNm,4617.0
1418,0,JPWycazw,wHHoYczm,4951.0
1418,0,XiXLaJEL,OyAyNkqZ,3654.0
1418,0,fzSWURzx,XiXLaJEL,958.0
1418,0,vyojaKRU,fzSWURzx,845.0
1418,0,puwcRgFs,vyojaKRU,278.0
1418,0,zjKsBdNQ,puwcRgFs,278.0
1418,0,ojqTFFWy,zjKsBdNQ,278.0
761,0,lUWTaWkd,NnzcSqlk,3877.0
761,0,glrALKnP,lUWTaWkd,4104.0
1682,0,rIWwRQFx,HkgLsGZV,174.0
1682,0,cfakSbWj,rIWwRQFx,174.0
1682,0,oAtDCozl,cfakSbWj,174.0
1682,0,cbQZDOwf,oAtDCozl,193.0
1682,0,lrlWhBjT,cbQZDOwf,193.0
1682,0,KoIahnfw,lrlWhBjT,193.0
1682,0,TVdcjRlg,KoIahnfw,193.0
1682,0,HDoiyQXO,TVdcjRlg,197.0
1682,0,brwCoXzb,HDoiyQXO,202.0
1682,0,LZThInHz,brwCoXzb,202.0
1682,0,whTcIvgZ,LZThInHz,202.0
1682,0,NKGBUaFm,whTcIvgZ,201.0
1682,0,qrkdOgPU,NKGBUaFm,260.0
140,0,vDFCntfg,YvwuVYMF,13.0
140,0,iEKDTvNf,vDFCntfg,13.0
140,0,MyGqmywG,iEKDTvNf,13.0
140,0,NxbXiMUL,MyGqmywG,13.0
140,0,XLVjRryq,NxbXiMUL,13.0
140,0,RVEyrwjR,XLVjRryq,13.0
140,0,gzTQJVMW,RVEyrwjR,13.0
778,0,OXvlrfnG,iZfXNAue,1829.0
778,0,CgMBzfIg,OXvlrfnG,1993.0
778,0,BCwVkMhO,CgMBzfIg,1993.0
778,0,MpBHVRZl,BCwVkMhO,1993.0
778,0,zEOiVqLB,MpBHVRZl,1993.0
778,0,JvovwZNp,zEOiVqLB,1806.0
778,0,XUTqNKWc,JvovwZNp,1693.0
778,0,sPGYwoyj,XUTqNKWc,1693.0
778,0,OeZVKJdr,sPGYwoyj,1693.0
778,0,lhSIyIfw,OeZVKJdr,1680.0
778,0,cgSMZptb,lhSIyIfw,1679.0
778,0,fdwLSfsa,cgSMZptb,1679.0
778,0,wuAzVrCW,fdwLSfsa,1053.0
778,0,mRKfPREJ,wuAzVrCW,1053.0
778,0,HeRuYpNs,mRKfPREJ,1053.0
778,0,qRJySzaf,HeRuYpNs,948.0
778,0,LTfflVxG,qRJySzaf,948.0
736,0,qheIKvdP,bInfxKVp,2414.0
736,0,rBGGtpqI,qheIKvdP,2407.0
736,0,DeWEzUGk,rBGGtpqI,2407.0
736,0,XQiQvefE,DeWEzUGk,2407.0
736,0,OSxOVFcp,XQiQvefE,2407.0
736,0,vjVhbIrq,OSxOVFcp,2407.0
736,0,LeICPOtv,vjVhbIrq,2577.0
736,0,WhCgdKgR,LeICPOtv,2577.0
736,0,eyUKPfnA,WhCgdKgR,2577.0
1300,0,XiXLaJEL,OyAyNkqZ,8036.0
1300,0,puwcRgFs,XiXLaJEL,10580.0
1300,0,ojqTFFWy,puwcRgFs,8069.0
1300,0,SEVBrkvc,ojqTFFWy,8562.0
1300,0,KzCxlBoL,SEVBrkvc,8451.0
1300,0,qPtpgxic,KzCxlBoL,8451.0
1300,0,gGkadTNm,qPtpgxic,8617.0
1300,0,CbcrfuAf,gGkadTNm,8486.0
1263,0,XiXLaJEL,OyAyNkqZ,9195.0
1263,0,fzSWURzx,XiXLaJEL,5364.0
1263,0,vyojaKRU,fzSWURzx,4842.0
1263,0,puwcRgFs,vyojaKRU,4171.0
1263,0,zjKsBdNQ,puwcRgFs,1462.0
1263,0,ojqTFFWy,zjKsBdNQ,1461.0
835,0,XiXLaJEL,OyAyNkqZ,5033.0
835,0,GgMfrgKO,XiXLaJEL,3219.0
835,0,tNjBpHdR,GgMfrgKO,2884.0
780,0,zEOiVqLB,MpBHVRZl,1131.0
780,0,JvovwZNp,zEOiVqLB,2334.0
780,0,XUTqNKWc,JvovwZNp,2334.0
780,0,cgSMZptb,lhSIyIfw,3835.0
780,0,fdwLSfsa,cgSMZptb,3875.0
427,0,sUYaNmKG,mnkgCFDT,1077.0
427,0,ntDOQspU,sUYaNmKG,1077.0
427,0,MlqbsUKu,ntDOQspU,1077.0
427,0,jaCrAUFK,MlqbsUKu,1052.0
427,0,EKYbCcms,jaCrAUFK,993.0
427,0,OyAyNkqZ,EKYbCcms,807.0
427,0,XiXLaJEL,OyAyNkqZ,807.0
318,0,lOtREfVG,AmahvgQB,1976.0
227,0,eTJQHplR,zAwPDfkg,3.0
204,0,yfzTmEfw,QgwCgjAi,821.0
204,0,mBSaKJib,yfzTmEfw,821.0
204,0,ggaXnTUz,mBSaKJib,831.0
204,0,zJsEFgSs,ggaXnTUz,831.0
204,0,exgtgIgV,zJsEFgSs,862.0
204,0,CvtLjMFW,exgtgIgV,862.0
204,0,vSdfqYeK,CvtLjMFW,854.0
204,0,lOtREfVG,vSdfqYeK,854.0
1275,0,qQrteapK,lqMPnIra,1433.0
1275,0,sZwmfbNt,qQrteapK,1433.0
1275,0,oBjbzljy,sZwmfbNt,1269.0
1275,0,aYSqaQmJ,oBjbzljy,1269.0
1275,0,zgCGmKZn,aYSqaQmJ,1209.0
1275,0,JKFFGKvY,zgCGmKZn,1132.0
1275,0,EVAUYvVR,JKFFGKvY,1132.0
1275,0,GYfZYaJh,EVAUYvVR,1132.0
1275,0,OpgRCgWV,GYfZYaJh,1124.0
1275,0,ntDOQspU,OpgRCgWV,1124.0
1275,0,MlqbsUKu,ntDOQspU,1124.0
1275,0,jaCrAUFK,MlqbsUKu,1117.0
1275,0,EKYbCcms,jaCrAUFK,1113.0
1275,0,OyAyNkqZ,EKYbCcms,1113.0
1275,0,XiXLaJEL,OyAyNkqZ,1113.0
804,0,NXLrCKMp,xiTGCYEl,136.0
804,0,FyoAuDvn,NXLrCKMp,136.0
804,0,GpnhEWuy,FyoAuDvn,158.0
804,0,fNoKcjVu,GpnhEWuy,158.0
804,0,jPdkntFF,mhTYFecR,1177.0
1606,0,dEaSAGSX,OhBAPvsb,12.0
1607,0,qtwbUNdN,afEeEQRA,52.0
1607,0,sLhwHcwM,qtwbUNdN,52.0
1607,0,gcDZQasu,sLhwHcwM,52.0
1607,0,WrRzSDVz,gcDZQasu,52.0
1607,0,FGqBFXAc,WrRzSDVz,52.0
1607,0,gCZfLTyw,FGqBFXAc,52.0
1607,0,JbEMfubM,gCZfLTyw,52.0
1607,0,aImltWBw,JbEMfubM,52.0
1607,0,lUWTaWkd,RZCadHVt,17.0
1607,0,hApOmpAO,lUWTaWkd,17.0
1607,0,glrALKnP,hApOmpAO,17.0
1607,0,qehlKNkR,glrALKnP,17.0
1607,0,ZFFevgPB,qehlKNkR,17.0
1607,0,YBasMniA,ZFFevgPB,17.0
1607,0,FgFNxkEY,YBasMniA,17.0
1607,0,YFmNKhTV,FgFNxkEY,17.0
1607,0,WtbGlmGs,YFmNKhTV,17.0
1607,0,afEeEQRA,WtbGlmGs,17.0
1083,0,vyojaKRU,eaNsVWDR,946.0
1607,0,RZCadHVt,ERlrnknW,13.0
75,0,CbYTLXWK,cgIzawVB,214.0
75,0,kWrGTFqC,CbYTLXWK,214.0
75,0,ubEwIGdf,kWrGTFqC,203.0
75,0,aBKtLgYB,ubEwIGdf,203.0
75,0,qduHdsCL,aBKtLgYB,203.0
75,0,GYMzAvFw,qduHdsCL,203.0
75,0,VXAxIwYs,GYMzAvFw,203.0
75,0,ZHWKFCEn,VXAxIwYs,207.0
75,0,ljcnUKfU,ZHWKFCEn,199.0
75,0,ngHHCDQb,ljcnUKfU,199.0
75,0,gKNaWgzA,ngHHCDQb,197.0
75,0,mTKelVZs,gKNaWgzA,197.0
75,0,xjlhzjUh,mTKelVZs,193.0
75,0,fGCuvnjJ,xjlhzjUh,189.0
75,0,CsZszdUY,fGCuvnjJ,189.0
75,0,GFWgXvCF,CsZszdUY,189.0
75,0,TFRpjaAo,GFWgXvCF,189.0
75,0,JhdinCeD,TFRpjaAo,185.0
75,0,ZIieNEvD,JhdinCeD,185.0
75,0,jvLymITs,ZIieNEvD,185.0
75,0,jJVVpGMf,jvLymITs,184.0
75,0,tcYerYbk,jJVVpGMf,184.0
75,0,pPKqPUVW,tcYerYbk,184.0
75,0,iYTiOTOT,pPKqPUVW,184.0
75,0,dLtneiKf,iYTiOTOT,184.0
75,0,slfxTuih,dLtneiKf,184.0
75,0,XFPAZveS,slfxTuih,161.0
564,0,lUWTaWkd,RZCadHVt,190.0
564,0,hApOmpAO,lUWTaWkd,375.0
564,0,glrALKnP,hApOmpAO,375.0
564,0,FHApcaDQ,glrALKnP,841.0
1330,0,lUWTaWkd,vCxCuCVD,580.0
796,0,lUWTaWkd,RZCadHVt,303.0
796,0,glrALKnP,lUWTaWkd,303.0
1452,0,lUWTaWkd,mhTYFecR,5707.0
804,0,gQTRJpmv,jPdkntFF,1176.0
1748,0,NnzcSqlk,vCxCuCVD,448.0
1748,0,qehlKNkR,NnzcSqlk,476.0
1748,0,ZFFevgPB,qehlKNkR,476.0
1452,0,hApOmpAO,lUWTaWkd,5697.0
1452,0,qehlKNkR,hApOmpAO,5697.0
1452,0,ZFFevgPB,qehlKNkR,5697.0
1452,0,YBasMniA,ZFFevgPB,5697.0
1452,0,sZNeRfOC,YBasMniA,6143.0
1452,0,HajxumVd,sZNeRfOC,6143.0
564,0,gKNaWgzA,ngHHCDQb,508.0
564,0,mTKelVZs,gKNaWgzA,508.0
564,0,xjlhzjUh,mTKelVZs,503.0
564,0,fGCuvnjJ,xjlhzjUh,701.0
564,0,CsZszdUY,fGCuvnjJ,701.0
564,0,OqBnJDkE,CsZszdUY,701.0
564,0,ajCBPuBp,OqBnJDkE,701.0
80,0,sAYtjSkX,yGnjFAhM,2750.0
779,0,qKwvXMmm,uxBjVsKf,1149.0
779,0,BNQPEsdW,qKwvXMmm,1149.0
779,0,beniIHzL,BNQPEsdW,1142.0
835,0,FGqBFXAc,tNjBpHdR,102.0
1702,0,ALndweLA,BYibysYA,776.0
796,0,qehlKNkR,glrALKnP,265.0
796,0,sZNeRfOC,qehlKNkR,265.0
796,0,HajxumVd,sZNeRfOC,265.0
1452,0,tyrVGRMU,HajxumVd,6085.0
1486,0,qehlKNkR,mhTYFecR,59.0
1486,0,ZFFevgPB,qehlKNkR,59.0
1486,0,sZNeRfOC,ZFFevgPB,59.0
1486,0,HajxumVd,sZNeRfOC,59.0
1748,0,sZNeRfOC,ZFFevgPB,368.0
1748,0,HajxumVd,sZNeRfOC,368.0
1440,0,lUWTaWkd,RZCadHVt,92.0
1440,0,hApOmpAO,lUWTaWkd,92.0
1440,0,qehlKNkR,hApOmpAO,92.0
1440,0,ZFFevgPB,qehlKNkR,92.0
1440,0,sZNeRfOC,ZFFevgPB,92.0
1440,0,HajxumVd,sZNeRfOC,92.0
1462,0,hApOmpAO,lUWTaWkd,85.0
1462,0,qehlKNkR,hApOmpAO,85.0
1462,0,ZFFevgPB,qehlKNkR,85.0
1462,0,YBasMniA,ZFFevgPB,85.0
1462,0,sZNeRfOC,YBasMniA,85.0
1462,0,HajxumVd,sZNeRfOC,85.0
804,0,BGrlRyyC,gQTRJpmv,658.0
564,0,rydzAjNc,FHApcaDQ,400.0
564,0,cekWZWmD,rydzAjNc,400.0
564,0,ngHHCDQb,cekWZWmD,400.0
142,0,nunLDRbE,deapEAbC,962.0
142,0,oRUBDfuD,nunLDRbE,962.0
142,0,qQJgvOFz,oRUBDfuD,962.0
142,0,qVPPKIYf,qQJgvOFz,931.0
142,0,zvByLoIK,qVPPKIYf,911.0
804,0,WLRLSlmn,BGrlRyyC,616.0
75,0,EWgolfjF,HGpTnntY,1048.0
75,0,TzZKgVDl,EWgolfjF,760.0
75,0,zzxlwhdI,wssOAckJ,8.0
75,0,HGpTnntY,zzxlwhdI,187.0
1440,0,LhQSpAzy,HajxumVd,72.0
1440,0,pwpCkicC,LhQSpAzy,72.0
564,0,LhQSpAzy,ajCBPuBp,623.0
564,0,pwpCkicC,LhQSpAzy,623.0
562,0,TEuwlied,dqlcNUVh,37.0
1452,0,LhQSpAzy,tyrVGRMU,6105.0
1452,0,pwpCkicC,LhQSpAzy,6105.0
804,0,gDjMHgkU,WLRLSlmn,585.0
74,0,DksUClXl,oAtDCozl,219.0
74,0,CJfGjHZT,DksUClXl,219.0
74,0,oAltlCRB,CJfGjHZT,219.0
74,0,FfkqCuZM,oAltlCRB,219.0
74,0,okgTpqCg,FfkqCuZM,219.0
74,0,IKzXRYHu,okgTpqCg,220.0
74,0,adAJVrkD,IKzXRYHu,220.0
74,0,TbPzKyew,adAJVrkD,230.0
74,0,SXdGhQsI,TbPzKyew,230.0
74,0,gDjMHgkU,SXdGhQsI,230.0
365,0,BgwdUHsv,ysSWNERo,18.0
365,0,lEwLedpG,BgwdUHsv,18.0
365,0,lQIpGOTn,lEwLedpG,11.0
365,0,uhUmvvRs,lQIpGOTn,11.0
365,0,GgLRqpEG,uhUmvvRs,11.0
365,0,WFZVQzrl,GgLRqpEG,10.0
365,0,tRncbstl,WFZVQzrl,10.0
365,0,QDIpIlEK,tRncbstl,10.0
365,0,GpnhEWuy,QDIpIlEK,10.0
365,0,rRGVruPM,GpnhEWuy,10.0
37,0,nunLDRbE,deapEAbC,482.0
37,0,oRUBDfuD,nunLDRbE,482.0
37,0,qQJgvOFz,oRUBDfuD,482.0
37,0,qVPPKIYf,qQJgvOFz,482.0
37,0,osIslFBH,qVPPKIYf,480.0
565,0,vcCubJJz,ykEzhWPm,496.0
565,0,CJfGjHZT,vcCubJJz,496.0
565,0,oAltlCRB,CJfGjHZT,496.0
565,0,FfkqCuZM,oAltlCRB,496.0
565,0,lfmzBYXb,BxmxkKGC,396.0
565,0,TQhrUKrf,lfmzBYXb,396.0
565,0,hFISFuCO,TQhrUKrf,396.0
565,0,IJrmTLNf,hFISFuCO,396.0
565,0,byRkdSCW,IJrmTLNf,396.0
565,0,fQRLOpha,byRkdSCW,396.0
565,0,PXPVuGmP,fQRLOpha,416.0
565,0,ykEzhWPm,PXPVuGmP,416.0
565,0,BxmxkKGC,ojqTFFWy,237.0
1461,0,LrboGrTs,MMyysWzk,47.0
1461,0,HYTJJriR,LrboGrTs,47.0
1461,0,fjkEEKNz,HYTJJriR,47.0
1461,0,vqmUkLVA,fjkEEKNz,47.0
1461,0,BxmxkKGC,RTafItqF,41.0
1461,0,TQhrUKrf,BxmxkKGC,41.0
1461,0,hFISFuCO,TQhrUKrf,41.0
1461,0,IJrmTLNf,hFISFuCO,41.0
1461,0,byRkdSCW,IJrmTLNf,41.0
1461,0,fQRLOpha,byRkdSCW,41.0
1461,0,PXPVuGmP,fQRLOpha,41.0
1461,0,JpcivbxC,PXPVuGmP,41.0
1461,0,IulxyPoH,JpcivbxC,41.0
1461,0,llFTEWtD,IulxyPoH,41.0
1461,0,TvvslWVF,llFTEWtD,41.0
1461,0,SgXyhVwd,TvvslWVF,41.0
1461,0,fPhIOSOj,SgXyhVwd,41.0
1461,0,SOzmnmNW,fPhIOSOj,41.0
1461,0,OhBAPvsb,SOzmnmNW,41.0
1461,0,fgmiKawi,OhBAPvsb,41.0
1461,0,kVCEAUTv,fgmiKawi,41.0
1461,0,LsuNFzpq,kVCEAUTv,41.0
1461,0,aJJPOUlY,LsuNFzpq,41.0
1461,0,MMyysWzk,aJJPOUlY,41.0
80,0,yhYCDbZJ,sAYtjSkX,2416.0
80,0,ebBIwNsf,yhYCDbZJ,2416.0
992,0,nunLDRbE,deapEAbC,8563.0
992,0,oRUBDfuD,nunLDRbE,8563.0
992,0,qQJgvOFz,oRUBDfuD,8563.0
992,0,kbNsckqG,qQJgvOFz,8588.0
804,0,rpBBoUBR,gDjMHgkU,321.0
804,0,WwOeNuda,rpBBoUBR,321.0
804,0,KFegxKuC,WwOeNuda,321.0
804,0,aVjeFnZb,KFegxKuC,321.0
804,0,fvPlIFug,aVjeFnZb,321.0
561,0,rIWwRQFx,HkgLsGZV,2050.0
561,0,cfakSbWj,rIWwRQFx,2050.0
561,0,oAtDCozl,cfakSbWj,2050.0
561,0,lfmzBYXb,BxmxkKGC,1862.0
561,0,TQhrUKrf,lfmzBYXb,1862.0
561,0,hFISFuCO,TQhrUKrf,1862.0
561,0,IJrmTLNf,hFISFuCO,1862.0
561,0,byRkdSCW,IJrmTLNf,1862.0
561,0,HkgLsGZV,byRkdSCW,1862.0
561,0,BxmxkKGC,ojqTFFWy,1684.0
561,0,cbQZDOwf,oAtDCozl,1932.0
992,0,VHmQaoRO,kbNsckqG,8580.0
369,0,nunLDRbE,deapEAbC,2661.0
369,0,oRUBDfuD,nunLDRbE,2661.0
369,0,qQJgvOFz,oRUBDfuD,2661.0
369,0,kbNsckqG,qQJgvOFz,2664.0
369,0,VHmQaoRO,kbNsckqG,2664.0
71,0,ZYCVVmjG,YKGBeVKa,1477.0
779,0,NTCwKKsF,JKUqFAhf,6465.0
779,0,xnXFAboh,NTCwKKsF,6465.0
780,0,JMPYaKbU,IGRxApsM,1230.0
780,0,yGpawgaV,JMPYaKbU,1206.0
567,0,VMeHkHot,rkDXPoao,56.0
567,0,hpqGMkEd,VMeHkHot,56.0
567,0,ugwdZZUk,hpqGMkEd,56.0
567,0,BxmxkKGC,ojqTFFWy,36.0
567,0,lfmzBYXb,BxmxkKGC,37.0
567,0,TQhrUKrf,lfmzBYXb,53.0
567,0,hFISFuCO,TQhrUKrf,53.0
567,0,IJrmTLNf,hFISFuCO,53.0
567,0,byRkdSCW,IJrmTLNf,53.0
567,0,HkgLsGZV,byRkdSCW,53.0
567,0,rIWwRQFx,HkgLsGZV,53.0
567,0,cfakSbWj,rIWwRQFx,53.0
567,0,oAtDCozl,cfakSbWj,53.0
567,0,cbQZDOwf,oAtDCozl,53.0
567,0,lrlWhBjT,cbQZDOwf,53.0
567,0,KoIahnfw,lrlWhBjT,54.0
567,0,seSDLBYx,KoIahnfw,54.0
567,0,aBkDdFJm,seSDLBYx,54.0
567,0,UKIbRYBp,aBkDdFJm,54.0
567,0,wdXbjior,UKIbRYBp,54.0
567,0,rkDXPoao,wdXbjior,54.0
1557,0,yNIUaSyZ,cNuIRYrx,313.0
1557,0,xiTGCYEl,yNIUaSyZ,313.0
1557,0,NXLrCKMp,xiTGCYEl,373.0
1557,0,FyoAuDvn,NXLrCKMp,373.0
1557,0,GpnhEWuy,FyoAuDvn,452.0
1557,0,fNoKcjVu,GpnhEWuy,459.0
1557,0,ZeFKXxfu,fNoKcjVu,631.0
1557,0,wYWONrrr,ZeFKXxfu,649.0
1557,0,jTofnsvB,wYWONrrr,649.0
1557,0,YhQOzAWJ,jTofnsvB,1393.0
1557,0,mexFgKBp,YhQOzAWJ,1394.0
1557,0,okaePkJr,mexFgKBp,1581.0
1557,0,PgJqeYYy,okaePkJr,1877.0
1557,0,cQQRUhUD,PgJqeYYy,1919.0
1557,0,ZpXtMmnA,cQQRUhUD,1919.0
1557,0,inAMLXyk,ZpXtMmnA,2227.0
1557,0,nTEapSQO,inAMLXyk,2227.0
1557,0,AKaXSKPc,nTEapSQO,2227.0
1557,0,HdtICUKG,AKaXSKPc,2234.0
1557,0,qtbZyrFG,HdtICUKG,2234.0
1557,0,ECXJHxuC,qtbZyrFG,2234.0
1557,0,mhTYFecR,ECXJHxuC,2234.0
1557,0,ODVCvUnB,mhTYFecR,2370.0
1557,0,jPdkntFF,ODVCvUnB,2370.0
1557,0,gQTRJpmv,jPdkntFF,2371.0
1557,0,WLRLSlmn,gQTRJpmv,2381.0
1557,0,ArfZenbk,WLRLSlmn,2385.0
1557,0,ugwdZZUk,ArfZenbk,2439.0
913,0,WdOwNGhj,xfbmoJHP,15.0
913,0,kKKRBhFF,WdOwNGhj,11.0
913,0,NFInfBeu,kKKRBhFF,11.0
913,0,VCQdmIoF,NFInfBeu,11.0
913,0,ePrpofUw,VCQdmIoF,11.0
913,0,KcvPUxQg,ePrpofUw,11.0
913,0,BlnSxBAr,KcvPUxQg,11.0
913,0,TCBUGaZf,BlnSxBAr,11.0
567,0,oTJYLjwC,ugwdZZUk,52.0
1124,0,wRBXcbqq,WhRBEXGR,109.0
1174,0,aLyOqIFS,QEnOoljA,1572.0
1174,0,UmISPPJO,aLyOqIFS,1572.0
1174,0,VPUbGzfh,UmISPPJO,1714.0
1174,0,MVExtcyL,VPUbGzfh,1714.0
401,0,bYNwHuWo,KjiBWoqR,1193.0
401,0,MFfExqBx,bYNwHuWo,1225.0
401,0,qWvzRbGV,MFfExqBx,1182.0
401,0,PRzaSxQc,qWvzRbGV,1182.0
401,0,bfKiOFsS,PRzaSxQc,1182.0
401,0,eGbCulMV,bfKiOFsS,1182.0
401,0,CRVKBFrv,eGbCulMV,1182.0
157,0,qGKRSiRy,zLLRyPMt,69.0
157,0,PayqNnwn,qGKRSiRy,67.0
157,0,xFzHIeRy,PayqNnwn,63.0
157,0,qnfbEQfU,xFzHIeRy,63.0
157,0,BGiGDHMe,qnfbEQfU,63.0
157,0,VycUzKpr,BGiGDHMe,63.0
157,0,ZzGQqLDR,VycUzKpr,63.0
157,0,IlgMmocA,ZzGQqLDR,63.0
157,0,ARQSeSoV,IlgMmocA,63.0
157,0,QEnOoljA,ARQSeSoV,55.0
157,0,aLyOqIFS,QEnOoljA,55.0
157,0,UmISPPJO,aLyOqIFS,55.0
157,0,VPUbGzfh,UmISPPJO,55.0
157,0,MVExtcyL,VPUbGzfh,55.0
157,0,bciZjPUu,MVExtcyL,55.0
157,0,ogOCBKAf,bciZjPUu,29.0
157,0,PhjcDdmq,ogOCBKAf,6.0
157,0,bHagonKv,PhjcDdmq,6.0
157,0,Vlipnutt,bHagonKv,6.0
157,0,CcjcuryA,Vlipnutt,6.0
157,0,FStgRiBS,CcjcuryA,6.0
157,0,GkYZbgqg,FStgRiBS,6.0
157,0,FlYjxOxQ,GkYZbgqg,6.0
157,0,wFSILCzc,FlYjxOxQ,6.0
157,0,yQQuLFAg,wFSILCzc,6.0
157,0,rUKSlFeh,yQQuLFAg,5.0
157,0,rckblBTM,rUKSlFeh,5.0
157,0,gKoyUmab,rckblBTM,5.0
157,0,fGmFhgnx,gKoyUmab,5.0
157,0,XyHfgUxW,fGmFhgnx,5.0
157,0,zjjLSYAp,XyHfgUxW,5.0
157,0,wrsPDGBQ,zjjLSYAp,5.0
1168,0,XBBRJpEo,iqwUvhKg,37.0
1168,0,yfDSCLNC,XBBRJpEo,33.0
1168,0,eUWmFhmU,yfDSCLNC,33.0
1168,0,PaIXMFSn,eUWmFhmU,33.0
1168,0,xWjNpCho,PaIXMFSn,31.0
1168,0,drCNaUUd,xWjNpCho,28.0
1168,0,GiLGTLpB,drCNaUUd,28.0
1168,0,uCrZVfKw,GiLGTLpB,28.0
1168,0,ibPVFfKv,uCrZVfKw,25.0
1168,0,MokitPrF,ibPVFfKv,25.0
1168,0,WWVpYMJI,MokitPrF,25.0
1168,0,UmISPPJO,WWVpYMJI,25.0
1168,0,VPUbGzfh,UmISPPJO,25.0
1168,0,MVExtcyL,VPUbGzfh,25.0
1168,0,bciZjPUu,MVExtcyL,25.0
1168,0,ogOCBKAf,bciZjPUu,25.0
1171,0,aLyOqIFS,QEnOoljA,107.0
1171,0,UmISPPJO,aLyOqIFS,107.0
1171,0,VPUbGzfh,UmISPPJO,107.0
1171,0,MVExtcyL,VPUbGzfh,107.0
1171,0,bciZjPUu,MVExtcyL,107.0
1171,0,ogOCBKAf,bciZjPUu,99.0
561,0,lrlWhBjT,cbQZDOwf,1927.0
47,0,WdOwNGhj,xfbmoJHP,3115.0
427,0,vyojaKRU,XiXLaJEL,725.0
427,0,puwcRgFs,vyojaKRU,708.0
427,0,ojqTFFWy,puwcRgFs,522.0
1748,0,LhQSpAzy,HajxumVd,294.0
1748,0,pwpCkicC,LhQSpAzy,294.0
566,0,LjfvDYFE,IANlmbvg,3.0
566,0,VEafRBFt,LjfvDYFE,6.0
566,0,EPhoDTHz,VEafRBFt,6.0
566,0,WGPbPoOh,EPhoDTHz,6.0
566,0,avbDVyxh,WGPbPoOh,3.0
566,0,gzkuviLm,avbDVyxh,3.0
566,0,CkzMckPC,gzkuviLm,3.0
566,0,WywmvGMH,CkzMckPC,3.0
566,0,AesbwnPs,WywmvGMH,3.0
566,0,hzAARBgX,AesbwnPs,3.0
50,0,bmUdUOzs,VTHwomVj,1583.0
1612,0,cpfNtAtG,RwPflEyQ,82.0
1612,0,hfvWjeWi,cpfNtAtG,82.0
1612,0,ffCPclBp,hfvWjeWi,82.0
1612,0,aIYUUJGk,ffCPclBp,82.0
1612,0,XNgGrRZp,aIYUUJGk,82.0
1612,0,nbddTMrG,XNgGrRZp,36.0
1612,0,wwRbiLuR,nbddTMrG,36.0
1612,0,zjuQPxhV,wwRbiLuR,36.0
1612,0,GjtgPBZH,zjuQPxhV,36.0
1612,0,AyRaCeuc,GjtgPBZH,36.0
1612,0,tYBUyXXf,AyRaCeuc,36.0
564,0,jJVVpGMf,pwpCkicC,598.0
564,0,tcYerYbk,jJVVpGMf,598.0
564,0,pPKqPUVW,tcYerYbk,598.0
564,0,iYTiOTOT,pPKqPUVW,598.0
564,0,dLtneiKf,iYTiOTOT,598.0
1652,0,tojmCcQB,tUdYLqkf,24.0
1652,0,jwBQsumG,tojmCcQB,24.0
1652,0,FtVXEmao,jwBQsumG,24.0
1652,0,LyncnjMw,FtVXEmao,24.0
1652,0,FoxIDeQY,LyncnjMw,24.0
1557,0,zjSZrmjo,ugwdZZUk,1980.0
567,0,zjSZrmjo,oTJYLjwC,10.0
80,0,BzJNmTUM,ebBIwNsf,2267.0
80,0,qLEwgwyN,BzJNmTUM,2267.0
80,0,WDOOnJlC,qLEwgwyN,2267.0
561,0,KoIahnfw,lrlWhBjT,576.0
561,0,seSDLBYx,KoIahnfw,555.0
561,0,aBkDdFJm,seSDLBYx,542.0
561,0,UKIbRYBp,aBkDdFJm,542.0
561,0,wdXbjior,UKIbRYBp,542.0
561,0,rkDXPoao,wdXbjior,542.0
796,0,LhQSpAzy,HajxumVd,25.0
796,0,pwpCkicC,LhQSpAzy,25.0
549,0,oUbtCHRB,jwtMzuEb,13.0
549,0,kSklWvZO,oUbtCHRB,13.0
549,0,wVKhsyCZ,kSklWvZO,13.0
549,0,oZJRchiN,wVKhsyCZ,13.0
549,0,xmGwLlME,oZJRchiN,13.0
549,0,KcBICYpI,xmGwLlME,13.0
549,0,XQiQvefE,KcBICYpI,13.0
549,0,eyUKPfnA,XQiQvefE,13.0
549,0,ZgqhsueA,eyUKPfnA,13.0
549,0,YvwuVYMF,ZgqhsueA,13.0
549,0,FZsFzszJ,YvwuVYMF,13.0
549,0,ALhaazBT,FZsFzszJ,13.0
549,0,ejMjPdTH,ALhaazBT,9.0
369,0,MlXQVZuf,VHmQaoRO,2277.0
369,0,QxkHLGuk,MlXQVZuf,2277.0
369,0,oLzlCKof,QxkHLGuk,2167.0
369,0,AQHsowCO,oLzlCKof,2173.0
369,0,eHBdrFbQ,AQHsowCO,2213.0
369,0,nermFKBU,eHBdrFbQ,2213.0
369,0,syNMMSsu,nermFKBU,2213.0
369,0,aEhaaulL,syNMMSsu,2213.0
369,0,bzkCWXwV,aEhaaulL,2221.0
369,0,rPcYYZtd,bzkCWXwV,2221.0
1557,0,sUKTegUv,zjSZrmjo,1821.0
1557,0,ITgXIjdb,sUKTegUv,1821.0
1557,0,HnrldKFZ,ITgXIjdb,1821.0
1557,0,WkuKuFdE,HnrldKFZ,1689.0
1557,0,NsNpZaFg,WkuKuFdE,1689.0
1557,0,oyvIGXLL,NsNpZaFg,1633.0
1557,0,aDfjbwoX,oyvIGXLL,1629.0
992,0,MlXQVZuf,VHmQaoRO,7102.0
992,0,QxkHLGuk,MlXQVZuf,7102.0
992,0,oLzlCKof,QxkHLGuk,4093.0
992,0,AQHsowCO,oLzlCKof,2742.0
992,0,eHBdrFbQ,AQHsowCO,2531.0
992,0,nermFKBU,eHBdrFbQ,2520.0
992,0,syNMMSsu,nermFKBU,2520.0
992,0,aEhaaulL,syNMMSsu,2520.0
992,0,bzkCWXwV,aEhaaulL,1732.0
992,0,rPcYYZtd,bzkCWXwV,1732.0
1088,0,XgkALHoJ,RUSqbQft,628.0
1088,0,CLiKvSHW,XgkALHoJ,628.0
1088,0,ZnVCCcBH,CLiKvSHW,628.0
1088,0,OIitzYwb,ZnVCCcBH,628.0
1088,0,pACYXwGf,OIitzYwb,629.0
1088,0,VYHZxBYO,pACYXwGf,629.0
1093,0,JOgPNDzu,VYHZxBYO,582.0
1093,0,KCAssTym,JOgPNDzu,592.0
1093,0,WhdKokFf,KCAssTym,716.0
1093,0,QhscbmPA,WhdKokFf,716.0
1093,0,YVvBKwgW,QhscbmPA,647.0
1093,0,CcDOWlNm,YVvBKwgW,625.0
1093,0,yfjUYWEe,CcDOWlNm,625.0
1093,0,LIgtsZTQ,yfjUYWEe,941.0
1093,0,OLfrsrRj,LIgtsZTQ,896.0
1093,0,nvtqczOj,OLfrsrRj,896.0
1093,0,FdzHSswJ,nvtqczOj,597.0
1093,0,qmRscxuH,FdzHSswJ,567.0
951,0,YGbVmztp,OWTXMrGR,1299.0
951,0,oHyqEJfk,YGbVmztp,1299.0
951,0,bfpcjsiF,oHyqEJfk,1299.0
951,0,CbcrfuAf,bfpcjsiF,1208.0
74,0,rpBBoUBR,gDjMHgkU,229.0
74,0,WwOeNuda,rpBBoUBR,229.0
74,0,KFegxKuC,WwOeNuda,229.0
74,0,aVjeFnZb,KFegxKuC,229.0
74,0,fvPlIFug,aVjeFnZb,229.0
74,0,tNQgpOjd,fvPlIFug,229.0
74,0,jbVnaCku,tNQgpOjd,229.0
74,0,RmfxCtxh,jbVnaCku,229.0
74,0,bJQxNaqG,RmfxCtxh,229.0
74,0,JZfQfeRA,bJQxNaqG,229.0
74,0,YKGBeVKa,JZfQfeRA,229.0
74,0,ZYCVVmjG,YKGBeVKa,214.0
74,0,tNSMkSfB,ZYCVVmjG,185.0
74,0,vaPtcLuK,tNSMkSfB,1.0
74,0,dEwNKLNy,vaPtcLuK,1.0
71,0,tNQgpOjd,fvPlIFug,121.0
71,0,jbVnaCku,tNQgpOjd,121.0
71,0,RmfxCtxh,jbVnaCku,121.0
71,0,bJQxNaqG,RmfxCtxh,121.0
71,0,JZfQfeRA,bJQxNaqG,121.0
71,0,YKGBeVKa,JZfQfeRA,121.0
899,0,QBDSVwgM,PTCqqgjS,85.0
899,0,PfzzVLdD,QBDSVwgM,65.0
899,0,yRZHSCWE,PfzzVLdD,65.0
899,0,rCrvifMW,yRZHSCWE,65.0
899,0,aPOYjvXT,rCrvifMW,65.0
1085,0,zjKsBdNQ,puwcRgFs,13527.0
1085,0,ojqTFFWy,zjKsBdNQ,13527.0
71,0,qcBmUtcB,HqehCtdr,42.0
71,0,ODVCvUnB,qcBmUtcB,94.0
71,0,jPdkntFF,ODVCvUnB,94.0
71,0,gQTRJpmv,jPdkntFF,100.0
71,0,gRoGYEAJ,gQTRJpmv,102.0
71,0,BGrlRyyC,gRoGYEAJ,102.0
71,0,SXdGhQsI,BGrlRyyC,111.0
71,0,gDjMHgkU,SXdGhQsI,111.0
71,0,rpBBoUBR,gDjMHgkU,111.0
71,0,WwOeNuda,rpBBoUBR,111.0
71,0,KFegxKuC,WwOeNuda,111.0
71,0,aVjeFnZb,KFegxKuC,111.0
71,0,fvPlIFug,aVjeFnZb,111.0
71,0,llFTEWtD,IulxyPoH,2.0
71,0,TvvslWVF,llFTEWtD,2.0
71,0,SgXyhVwd,TvvslWVF,5.0
71,0,fPhIOSOj,SgXyhVwd,5.0
71,0,PQDqFTyk,fPhIOSOj,5.0
71,0,SOzmnmNW,PQDqFTyk,5.0
71,0,OhBAPvsb,SOzmnmNW,5.0
71,0,HqehCtdr,OhBAPvsb,25.0
74,0,BxmxkKGC,ojqTFFWy,217.0
74,0,lfmzBYXb,BxmxkKGC,217.0
74,0,TQhrUKrf,lfmzBYXb,217.0
74,0,hFISFuCO,TQhrUKrf,217.0
74,0,IJrmTLNf,hFISFuCO,217.0
74,0,byRkdSCW,IJrmTLNf,217.0
74,0,HkgLsGZV,byRkdSCW,217.0
74,0,rIWwRQFx,HkgLsGZV,218.0
74,0,cfakSbWj,rIWwRQFx,218.0
74,0,oAtDCozl,cfakSbWj,218.0
567,0,sUKTegUv,zjSZrmjo,1.0
563,0,EZxvwLQu,nuxwLmjk,23.0
563,0,xnXFAboh,EZxvwLQu,5.0
1557,0,bZroqIhX,eTJQHplR,51.0
1557,0,cNuIRYrx,bZroqIhX,51.0
1178,0,upMsEWKk,IMTItMKU,5053.0
1178,0,KCqeuCwW,upMsEWKk,5053.0
1178,0,xyBTaHvp,KCqeuCwW,5053.0
1178,0,izUAPpdi,xyBTaHvp,5168.0
1178,0,FVYwGhLu,izUAPpdi,5168.0
1178,0,cNWTidvb,FVYwGhLu,5094.0
1554,0,zTCljsJK,LWArqXfR,573.0
1554,0,kezsyYDB,zTCljsJK,573.0
1554,0,fyzkVZoU,kezsyYDB,573.0
1554,0,ashRAirR,fyzkVZoU,573.0
1554,0,omUHRQFc,ashRAirR,573.0
1554,0,pHFwnWxB,omUHRQFc,573.0
1554,0,EPQxNUoM,pHFwnWxB,573.0
1695,0,BGChynOq,JLvNOQnl,255.0
1695,0,ffHVhHJj,BGChynOq,406.0
1695,0,itmFNPnQ,ffHVhHJj,406.0
1695,0,mEEGNlDG,itmFNPnQ,406.0
1695,0,jVOVHrFU,mEEGNlDG,406.0
1695,0,qeXIqBgp,jVOVHrFU,406.0
1695,0,gmsNDepi,qeXIqBgp,406.0
1695,0,jFRqfnFl,gmsNDepi,334.0
563,0,rIWwRQFx,HkgLsGZV,176.0
563,0,cfakSbWj,rIWwRQFx,176.0
563,0,oAtDCozl,cfakSbWj,176.0
563,0,cbQZDOwf,oAtDCozl,176.0
563,0,lrlWhBjT,cbQZDOwf,176.0
563,0,KoIahnfw,lrlWhBjT,176.0
563,0,seSDLBYx,KoIahnfw,176.0
563,0,aBkDdFJm,seSDLBYx,176.0
563,0,UKIbRYBp,aBkDdFJm,176.0
563,0,IgyjIxcD,UKIbRYBp,176.0
563,0,fdjgUDEy,IgyjIxcD,176.0
562,0,dqlcNUVh,HeRuYpNs,33.0
563,0,BxmxkKGC,ojqTFFWy,154.0
563,0,lfmzBYXb,BxmxkKGC,154.0
563,0,TQhrUKrf,lfmzBYXb,154.0
563,0,hFISFuCO,TQhrUKrf,154.0
563,0,IJrmTLNf,hFISFuCO,154.0
563,0,byRkdSCW,IJrmTLNf,154.0
563,0,HkgLsGZV,byRkdSCW,154.0
80,0,EjMZgDJt,WDOOnJlC,1914.0
80,0,BDSRgQTg,EjMZgDJt,1914.0
1178,0,UckYThSh,eTPMYwkC,4955.0
1178,0,IMTItMKU,UckYThSh,4955.0
71,0,sxnLITXs,dEwNKLNy,537.0
71,0,oLzlCKof,sxnLITXs,504.0
1553,0,GpnhEWuy,FyoAuDvn,153.0
1553,0,fNoKcjVu,GpnhEWuy,155.0
1553,0,ZeFKXxfu,fNoKcjVu,276.0
1553,0,wYWONrrr,ZeFKXxfu,276.0
1553,0,jTofnsvB,wYWONrrr,276.0
1553,0,elmHqfIN,jTofnsvB,294.0
1553,0,YhQOzAWJ,elmHqfIN,294.0
1553,0,zUgDRwiy,YhQOzAWJ,726.0
1553,0,okaePkJr,zUgDRwiy,1040.0
1553,0,PgJqeYYy,okaePkJr,1040.0
1553,0,cQQRUhUD,PgJqeYYy,1287.0
1553,0,ZpXtMmnA,cQQRUhUD,1287.0
1553,0,DgJlPOry,ZpXtMmnA,1654.0
1553,0,inAMLXyk,DgJlPOry,1654.0
1553,0,nTEapSQO,inAMLXyk,1654.0
1553,0,AKaXSKPc,nTEapSQO,1654.0
1553,0,HdtICUKG,AKaXSKPc,1660.0
1553,0,qtbZyrFG,HdtICUKG,1660.0
1553,0,ECXJHxuC,qtbZyrFG,1660.0
1553,0,mhTYFecR,ECXJHxuC,1660.0
1553,0,ODVCvUnB,mhTYFecR,2368.0
1553,0,jPdkntFF,ODVCvUnB,2368.0
1553,0,gQTRJpmv,jPdkntFF,2368.0
1553,0,gRoGYEAJ,gQTRJpmv,2369.0
1553,0,BGrlRyyC,gRoGYEAJ,2369.0
1553,0,SXdGhQsI,BGrlRyyC,2369.0
1553,0,gDjMHgkU,SXdGhQsI,2370.0
1553,0,rpBBoUBR,gDjMHgkU,2378.0
1553,0,WwOeNuda,rpBBoUBR,2378.0
1553,0,KFegxKuC,WwOeNuda,2378.0
1553,0,aVjeFnZb,KFegxKuC,2378.0
1553,0,fvPlIFug,aVjeFnZb,2378.0
1553,0,tNQgpOjd,fvPlIFug,2380.0
1553,0,jbVnaCku,tNQgpOjd,2380.0
1553,0,RmfxCtxh,jbVnaCku,2380.0
1553,0,bJQxNaqG,RmfxCtxh,2380.0
1553,0,JZfQfeRA,bJQxNaqG,2380.0
1553,0,kZvDkitV,JZfQfeRA,2380.0
1553,0,yQpnsdnm,kZvDkitV,3093.0
1553,0,QgKtWMoe,xiTGCYEl,36.0
1553,0,FyoAuDvn,QgKtWMoe,36.0
1554,0,JvovwZNp,zEOiVqLB,327.0
1554,0,XUTqNKWc,JvovwZNp,440.0
1554,0,LWArqXfR,XUTqNKWc,440.0
1553,0,upwIMaLy,yQpnsdnm,314.0
1553,0,BdMcIGqZ,upwIMaLy,314.0
1553,0,fxKlXZDo,BdMcIGqZ,314.0
1553,0,SEKqfPxp,fxKlXZDo,314.0
1553,0,eyEAULLm,SEKqfPxp,314.0
1553,0,ZWbwKKqI,eyEAULLm,314.0
1553,0,AvRehgJa,ZWbwKKqI,314.0
1553,0,eUifXINV,AvRehgJa,314.0
1553,0,aNlaxeLS,eUifXINV,202.0
1553,0,zBPHjWVd,aNlaxeLS,53.0
1553,0,rPcYYZtd,zBPHjWVd,53.0
1553,0,ngtiheSM,rPcYYZtd,53.0
1553,0,uxBjVsKf,ngtiheSM,53.0
1553,0,VriUyyDM,uxBjVsKf,53.0
780,0,MpBHVRZl,yGpawgaV,1184.0
778,0,AhWKwjTz,LTfflVxG,943.0
1682,0,BxmxkKGC,RTafItqF,36.0
1682,0,lfmzBYXb,BxmxkKGC,36.0
1682,0,TQhrUKrf,lfmzBYXb,36.0
1682,0,hFISFuCO,TQhrUKrf,36.0
1682,0,IJrmTLNf,hFISFuCO,36.0
1682,0,byRkdSCW,IJrmTLNf,36.0
1682,0,HkgLsGZV,byRkdSCW,36.0
1221,0,ffjXMuak,qeXIqBgp,8558.0
1221,0,EDdQplwd,ffjXMuak,8558.0
1221,0,XbgiSLmy,EDdQplwd,8558.0
1221,0,pXlenLUq,XbgiSLmy,8558.0
1221,0,DNyXiZzj,pXlenLUq,8558.0
1221,0,gxlaiARP,DNyXiZzj,9018.0
563,0,nuxwLmjk,fdjgUDEy,18.0
778,0,ZKmlngva,QHzfYnaE,28.0
364,0,RTafItqF,ojqTFFWy,305.0
364,0,SEVBrkvc,RTafItqF,996.0
364,0,KzCxlBoL,SEVBrkvc,1004.0
364,0,qPtpgxic,KzCxlBoL,1004.0
364,0,dWuojvTd,qPtpgxic,1150.0
364,0,sCEThkda,dWuojvTd,1150.0
364,0,HpZlYWor,sCEThkda,1150.0
364,0,ztmxtqSi,HpZlYWor,1150.0
364,0,GpOUDfXM,ztmxtqSi,1150.0
364,0,nYOFNZtG,GpOUDfXM,3064.0
364,0,iPNesxKP,NQaaFyOm,5.0
364,0,lctVuVOk,iPNesxKP,5.0
364,0,EocVuyzS,lctVuVOk,5.0
364,0,lwcIkPvE,EocVuyzS,5.0
364,0,suszCmcx,lwcIkPvE,5.0
364,0,UTBcifAN,suszCmcx,5.0
364,0,HQVZivsH,UTBcifAN,5.0
364,0,DeiIsjyA,HQVZivsH,5.0
364,0,anWZyaGW,DeiIsjyA,5.0
364,0,OrbXRiVv,anWZyaGW,5.0
364,0,cNuIRYrx,OrbXRiVv,5.0
364,0,yNIUaSyZ,cNuIRYrx,5.0
364,0,xiTGCYEl,yNIUaSyZ,5.0
364,0,NXLrCKMp,xiTGCYEl,5.0
364,0,FyoAuDvn,NXLrCKMp,5.0
364,0,WOOyqinT,FyoAuDvn,6.0
364,0,mnkgCFDT,WOOyqinT,6.0
364,0,OpgRCgWV,mnkgCFDT,7.0
364,0,ntDOQspU,OpgRCgWV,7.0
364,0,IdVewllq,ntDOQspU,7.0
364,0,AXkvSZpr,IdVewllq,7.0
364,0,MlqbsUKu,AXkvSZpr,11.0
364,0,jaCrAUFK,MlqbsUKu,11.0
364,0,oynLwMrX,jaCrAUFK,11.0
364,0,EKYbCcms,oynLwMrX,11.0
364,0,cIQOVqQI,EKYbCcms,11.0
364,0,OyAyNkqZ,cIQOVqQI,46.0
364,0,XiXLaJEL,OyAyNkqZ,47.0
364,0,fzSWURzx,XiXLaJEL,57.0
364,0,vyojaKRU,fzSWURzx,57.0
364,0,puwcRgFs,vyojaKRU,58.0
364,0,zjKsBdNQ,puwcRgFs,58.0
364,0,ojqTFFWy,zjKsBdNQ,58.0
1452,0,jJVVpGMf,pwpCkicC,6253.0
1452,0,tcYerYbk,jJVVpGMf,6253.0
1452,0,pPKqPUVW,tcYerYbk,6253.0
1452,0,iYTiOTOT,pPKqPUVW,6253.0
1452,0,slfxTuih,iYTiOTOT,6253.0
1452,0,SVPLEqNI,slfxTuih,4546.0
940,0,EZxvwLQu,nuxwLmjk,11.0
940,0,qRJySzaf,EZxvwLQu,11.0
940,0,LTfflVxG,qRJySzaf,11.0
940,0,AhWKwjTz,LTfflVxG,11.0
940,0,VEiYdotb,AhWKwjTz,11.0
940,0,DgYBMgPg,VEiYdotb,11.0
950,0,HeRuYpNs,UrTDCKsV,41.0
950,0,qRJySzaf,HeRuYpNs,34.0
950,0,LTfflVxG,qRJySzaf,34.0
950,0,AhWKwjTz,LTfflVxG,34.0
950,0,VEiYdotb,AhWKwjTz,34.0
950,0,DgYBMgPg,VEiYdotb,34.0
938,0,tNmxviwt,wkWFjOvx,2.0
938,0,yHaTCNJc,tNmxviwt,2.0
938,0,lhSIyIfw,yHaTCNJc,2.0
938,0,cgSMZptb,lhSIyIfw,2.0
938,0,fdwLSfsa,cgSMZptb,2.0
938,0,wuAzVrCW,fdwLSfsa,2.0
938,0,mRKfPREJ,wuAzVrCW,2.0
938,0,HeRuYpNs,mRKfPREJ,2.0
938,0,qRJySzaf,HeRuYpNs,1.0
938,0,LTfflVxG,qRJySzaf,1.0
938,0,AhWKwjTz,LTfflVxG,1.0
938,0,VEiYdotb,AhWKwjTz,1.0
938,0,DgYBMgPg,VEiYdotb,1.0
778,0,VEiYdotb,AhWKwjTz,904.0
778,0,DgYBMgPg,VEiYdotb,904.0
75,0,ojqTFFWy,XFPAZveS,84.0
742,0,vjVhbIrq,ZEJEKYue,4.0
742,0,LeICPOtv,vjVhbIrq,4.0
742,0,WhCgdKgR,LeICPOtv,4.0
742,0,eyUKPfnA,WhCgdKgR,4.0
742,0,TabXWeiJ,eyUKPfnA,4.0
742,0,tDhKnafe,TabXWeiJ,4.0
742,0,iGMYbQYg,tDhKnafe,4.0
742,0,HeSMGtlu,iGMYbQYg,4.0
742,0,ZgqhsueA,HeSMGtlu,4.0
742,0,GYxWnXpv,ZgqhsueA,4.0
742,0,mkpQpPSv,GYxWnXpv,4.0
742,0,EIHKZlEa,mkpQpPSv,4.0
742,0,oYdkYEMp,EIHKZlEa,4.0
742,0,TkHOmLHQ,oYdkYEMp,4.0
742,0,SwTowoaO,TkHOmLHQ,4.0
742,0,YvwuVYMF,SwTowoaO,4.0
742,0,vDFCntfg,YvwuVYMF,4.0
742,0,iEKDTvNf,vDFCntfg,4.0
742,0,MyGqmywG,iEKDTvNf,4.0
742,0,NxbXiMUL,MyGqmywG,4.0
742,0,XLVjRryq,NxbXiMUL,4.0
742,0,RVEyrwjR,XLVjRryq,4.0
742,0,gzTQJVMW,RVEyrwjR,4.0
1212,0,HaEOaLMB,dpFXbFTh,57.0
1212,0,IkeqCtDY,HaEOaLMB,56.0
1212,0,wpHpdxFs,IkeqCtDY,56.0
1212,0,QHulIYnO,wpHpdxFs,56.0
1212,0,sKtQEUzZ,QHulIYnO,56.0
1212,0,QYkjMXrW,sKtQEUzZ,56.0
1212,0,mxGSpCzE,QYkjMXrW,56.0
1212,0,WlZgmutc,mxGSpCzE,54.0
1212,0,acVCzwtl,WlZgmutc,54.0
1212,0,TIlepZYr,acVCzwtl,54.0
1212,0,BmQLYaPd,TIlepZYr,13.0
1212,0,UvdLYolu,BmQLYaPd,13.0
1212,0,ZFKsyBay,UvdLYolu,13.0
1212,0,suvDbtPR,ZFKsyBay,8.0
1075,0,qNEatmrc,AlpXiRiW,681.0
1075,0,XaMitbnP,qNEatmrc,803.0
1075,0,AWZaYJbg,XaMitbnP,803.0
1075,0,PuHLPXYe,AWZaYJbg,803.0
1075,0,ZafFyFXk,PuHLPXYe,804.0
1075,0,jiQkTSqX,ZafFyFXk,804.0
1075,0,UfaDzlyU,jiQkTSqX,804.0
1452,0,ejMjPdTH,SVPLEqNI,1523.0
427,0,SEVBrkvc,ojqTFFWy,488.0
427,0,qPtpgxic,SEVBrkvc,481.0
427,0,gGkadTNm,qPtpgxic,451.0
427,0,CbcrfuAf,gGkadTNm,449.0
80,0,cVeADzkw,BDSRgQTg,1872.0
80,0,pySAVSoY,cVeADzkw,1872.0
80,0,kMrSvhcD,pySAVSoY,1872.0
80,0,ImuPiggn,kMrSvhcD,1872.0
942,0,sCEThkda,dWuojvTd,1331.0
942,0,HpZlYWor,sCEThkda,1291.0
942,0,ztmxtqSi,HpZlYWor,1291.0
942,0,GpOUDfXM,ztmxtqSi,1291.0
942,0,UTnQirag,GpOUDfXM,1807.0
942,0,tkWZZFES,UTnQirag,1807.0
942,0,JKUqFAhf,tkWZZFES,1888.0
942,0,NTCwKKsF,JKUqFAhf,1888.0
942,0,xnXFAboh,NTCwKKsF,1888.0
942,0,KkzZXaKP,xnXFAboh,3694.0
942,0,pyLfKqPO,KkzZXaKP,3695.0
942,0,vesqHHzA,pyLfKqPO,3450.0
942,0,dWuojvTd,KgwKZlse,1044.0
836,0,aImltWBw,FGqBFXAc,100.0
951,0,CRypXqTk,KlSqKJQr,431.0
951,0,PYaiedjY,CRypXqTk,431.0
951,0,EzrJiyuu,PYaiedjY,558.0
951,0,mZAcIEme,EzrJiyuu,558.0
951,0,LPSpTPgJ,mZAcIEme,558.0
951,0,AoIEptMM,LPSpTPgJ,558.0
951,0,OWTXMrGR,AoIEptMM,558.0
1029,0,IZqJbTkm,OCOnFIfy,2570.0
1029,0,wSvecpjF,IZqJbTkm,2689.0
1029,0,oXipkDtF,wSvecpjF,2689.0
1029,0,fRZGgvoY,oXipkDtF,2672.0
1029,0,bAUDGUNb,fRZGgvoY,2672.0
1029,0,VYHZxBYO,bAUDGUNb,2672.0
1088,0,yRjqmRuq,BsRMZbGV,394.0
1088,0,pTTspriv,yRjqmRuq,394.0
1088,0,VCFHkCli,pTTspriv,508.0
1088,0,PNxpREZf,VCFHkCli,508.0
1088,0,mHGLRRvz,PNxpREZf,497.0
1088,0,uuMvuwVk,mHGLRRvz,504.0
1088,0,yMEEwloH,uuMvuwVk,504.0
1088,0,mFLzcwSa,yMEEwloH,504.0
1088,0,mSfSOoJb,mFLzcwSa,504.0
1088,0,BSkSmoPQ,mSfSOoJb,504.0
1088,0,HMbsFjDI,BSkSmoPQ,432.0
1088,0,TPYHEEdQ,HMbsFjDI,432.0
1088,0,RUSqbQft,TPYHEEdQ,432.0
733,0,SEVBrkvc,ojqTFFWy,4241.0
733,0,KzCxlBoL,SEVBrkvc,5111.0
733,0,qPtpgxic,KzCxlBoL,5111.0
733,0,RyPegcUV,qPtpgxic,4154.0
733,0,gGkadTNm,RyPegcUV,4204.0
733,0,CbcrfuAf,gGkadTNm,4423.0
1748,0,pPKqPUVW,pwpCkicC,151.0
1748,0,ejMjPdTH,pPKqPUVW,151.0
1445,0,IOpdOfiF,aZtqChJJ,37.0
1445,0,lUWTaWkd,RZCadHVt,37.0
1445,0,hApOmpAO,lUWTaWkd,37.0
1445,0,qehlKNkR,hApOmpAO,37.0
1445,0,ZFFevgPB,qehlKNkR,37.0
1445,0,sZNeRfOC,ZFFevgPB,37.0
1445,0,HajxumVd,sZNeRfOC,37.0
1445,0,LhQSpAzy,HajxumVd,37.0
1445,0,pwpCkicC,LhQSpAzy,37.0
1445,0,jJVVpGMf,pwpCkicC,37.0
1445,0,pPKqPUVW,jJVVpGMf,37.0
1445,0,slfxTuih,pPKqPUVW,37.0
1445,0,ejMjPdTH,slfxTuih,37.0
950,0,vkArqzKY,DgYBMgPg,30.0
950,0,gzTQJVMW,vkArqzKY,30.0
778,0,vkArqzKY,DgYBMgPg,772.0
778,0,gzTQJVMW,vkArqzKY,772.0
133,0,bnvgwXNi,YUgtVNSj,7.0
133,0,nyQXyVHt,bnvgwXNi,7.0
133,0,pcONCDTC,nyQXyVHt,9.0
133,0,fkhDLNVv,pcONCDTC,8.0
133,0,ZgqhsueA,fkhDLNVv,8.0
133,0,GYxWnXpv,ZgqhsueA,4.0
133,0,mkpQpPSv,GYxWnXpv,4.0
133,0,EIHKZlEa,mkpQpPSv,4.0
133,0,oYdkYEMp,EIHKZlEa,4.0
133,0,TkHOmLHQ,oYdkYEMp,4.0
133,0,YvwuVYMF,TkHOmLHQ,4.0
133,0,vDFCntfg,YvwuVYMF,3.0
133,0,iEKDTvNf,vDFCntfg,3.0
133,0,MyGqmywG,iEKDTvNf,3.0
133,0,NxbXiMUL,MyGqmywG,3.0
133,0,XLVjRryq,NxbXiMUL,3.0
133,0,gzTQJVMW,XLVjRryq,3.0
1275,0,vyojaKRU,XiXLaJEL,248.0
1275,0,puwcRgFs,vyojaKRU,241.0
1275,0,ojqTFFWy,puwcRgFs,108.0
1275,0,SEVBrkvc,ojqTFFWy,108.0
1275,0,qPtpgxic,SEVBrkvc,106.0
1275,0,gGkadTNm,qPtpgxic,83.0
1275,0,CbcrfuAf,gGkadTNm,82.0
50,0,RjtzWJgw,xiCfcAgb,327.0
50,0,owFNQNZv,RjtzWJgw,345.0
50,0,nCsqpnJo,owFNQNZv,345.0
50,0,gnmwaIOJ,nCsqpnJo,345.0
50,0,pygvGZaF,gnmwaIOJ,345.0
50,0,bsQVAuyn,pygvGZaF,345.0
50,0,VTHwomVj,bsQVAuyn,345.0
50,0,qPtpgxic,bmUdUOzs,711.0
50,0,gGkadTNm,qPtpgxic,232.0
50,0,CbcrfuAf,gGkadTNm,225.0
1568,0,qOuhMtTj,xOhGqygU,12126.0
1568,0,KCvWJpxq,qOuhMtTj,11331.0
401,0,WyfCQhSW,ogOCBKAf,1425.0
401,0,erxKyHjj,WyfCQhSW,1696.0
401,0,KjiBWoqR,erxKyHjj,1696.0
951,0,qYsYtTjJ,XpaxRhYo,47.0
951,0,KlSqKJQr,qYsYtTjJ,47.0
1083,0,YkxcSjQG,unXfmkmI,839.0
1083,0,MRbVmsQs,YkxcSjQG,871.0
1083,0,Nzhgxdpc,MRbVmsQs,871.0
1083,0,cGObbHGv,Nzhgxdpc,962.0
1083,0,zBmTBInm,cGObbHGv,962.0
949,0,UTnQirag,GpOUDfXM,143.0
949,0,tkWZZFES,UTnQirag,143.0
949,0,JKUqFAhf,tkWZZFES,143.0
949,0,NTCwKKsF,JKUqFAhf,143.0
949,0,xnXFAboh,NTCwKKsF,143.0
949,0,oLGXsQoC,xnXFAboh,147.0
949,0,lOyAoICg,CbcrfuAf,134.0
949,0,GpOUDfXM,lOyAoICg,134.0
949,0,KzCxlBoL,SEVBrkvc,3.0
949,0,qPtpgxic,KzCxlBoL,3.0
949,0,RyPegcUV,qPtpgxic,6.0
949,0,gGkadTNm,RyPegcUV,6.0
949,0,CbcrfuAf,gGkadTNm,10.0
1300,0,YnUujGmz,CbcrfuAf,6903.0
427,0,YnUujGmz,CbcrfuAf,414.0
1445,0,vnfcOAch,pjRBTtLk,13.0
1445,0,ryJVAbFB,vnfcOAch,13.0
1445,0,ttVqQknl,ryJVAbFB,13.0
1445,0,aZtqChJJ,ttVqQknl,13.0
147,0,yfzTmEfw,QgwCgjAi,311.0
147,0,mBSaKJib,yfzTmEfw,311.0
147,0,ggaXnTUz,mBSaKJib,169.0
147,0,zJsEFgSs,ggaXnTUz,169.0
54,0,RjtzWJgw,xiCfcAgb,25.0
54,0,owFNQNZv,RjtzWJgw,25.0
54,0,nCsqpnJo,owFNQNZv,25.0
54,0,gnmwaIOJ,nCsqpnJo,25.0
54,0,pygvGZaF,gnmwaIOJ,25.0
54,0,bsQVAuyn,pygvGZaF,25.0
54,0,VTHwomVj,bsQVAuyn,25.0
54,0,bmUdUOzs,VTHwomVj,302.0
54,0,qPtpgxic,bmUdUOzs,302.0
54,0,gGkadTNm,qPtpgxic,302.0
54,0,CbcrfuAf,gGkadTNm,302.0
54,0,YnUujGmz,CbcrfuAf,302.0
951,0,YnUujGmz,CbcrfuAf,464.0
1083,0,puwcRgFs,EAwJtHSB,773.0
1407,0,vXHOZRfg,vztyQdds,463.0
1407,0,bbltEnah,vXHOZRfg,463.0
1407,0,NMFCXTQH,bbltEnah,463.0
1407,0,wXyAETzh,NMFCXTQH,463.0
1407,0,KuTZBRNJ,wXyAETzh,464.0
1557,0,xOfEMpYZ,aDfjbwoX,275.0
1512,0,TAPXcjBe,CbcrfuAf,687.0
733,0,TAPXcjBe,CbcrfuAf,5062.0
1275,0,TAPXcjBe,CbcrfuAf,62.0
1434,0,TAPXcjBe,CbcrfuAf,1452.0
1042,0,XeNLTPEj,MvGjEBBL,33.0
1042,0,PzIXuqgO,XeNLTPEj,33.0
1042,0,ZsxHmovG,PzIXuqgO,33.0
1042,0,KjUtPMMe,ZsxHmovG,38.0
1042,0,JGmgdpWx,KjUtPMMe,38.0
1042,0,WsxoHomq,JGmgdpWx,38.0
1042,0,VgroZBKv,WsxoHomq,38.0
1042,0,TUZfegir,VgroZBKv,38.0
1042,0,LHNTbQin,TUZfegir,40.0
1042,0,EBDfudXo,LHNTbQin,40.0
1042,0,oVvGCedi,EBDfudXo,44.0
1042,0,zAhquueS,oVvGCedi,44.0
1042,0,SRJkWTfK,zAhquueS,46.0
1042,0,krjqWYyL,SRJkWTfK,46.0
1042,0,tSXpsDyV,krjqWYyL,46.0
1042,0,IbLBdCXD,tSXpsDyV,46.0
1042,0,JGCJnIWw,IbLBdCXD,46.0
1042,0,honleovC,JGCJnIWw,46.0
1042,0,pqZYMbGr,honleovC,46.0
1042,0,jobllKUJ,pqZYMbGr,46.0
1042,0,cKlxsEIa,jobllKUJ,46.0
1042,0,POeaLshN,cKlxsEIa,46.0
1042,0,nvtqczOj,POeaLshN,46.0
1042,0,FdzHSswJ,nvtqczOj,46.0
1042,0,rfVXpFlV,FdzHSswJ,46.0
1042,0,OWTXMrGR,rfVXpFlV,46.0
1042,0,YGbVmztp,OWTXMrGR,46.0
1042,0,oHyqEJfk,YGbVmztp,46.0
1042,0,bfpcjsiF,oHyqEJfk,46.0
948,0,EzQcJxBW,BUWlcDWA,14.0
948,0,uEbOseyz,EzQcJxBW,14.0
948,0,reWBMWRs,uEbOseyz,14.0
948,0,RBoLoVJp,reWBMWRs,14.0
948,0,SwyyRrmD,RBoLoVJp,14.0
948,0,avmqjzBH,SwyyRrmD,2.0
1085,0,XojRXAAa,ojqTFFWy,17991.0
1085,0,nAqhCgXt,XojRXAAa,6136.0
1085,0,zZZsLLct,nAqhCgXt,6136.0
1085,0,uQlhjcGr,zZZsLLct,6093.0
1085,0,nIbIRswk,uQlhjcGr,6093.0
1085,0,YfaruHLV,nIbIRswk,5172.0
1085,0,PkIPVRtB,YfaruHLV,5172.0
1085,0,XpaxRhYo,PkIPVRtB,5172.0
1085,0,qYsYtTjJ,XpaxRhYo,3805.0
1085,0,KlSqKJQr,qYsYtTjJ,3844.0
1085,0,CRypXqTk,KlSqKJQr,4264.0
1085,0,PYaiedjY,CRypXqTk,4264.0
1085,0,EzrJiyuu,PYaiedjY,3146.0
1085,0,mZAcIEme,EzrJiyuu,3146.0
1085,0,LPSpTPgJ,mZAcIEme,3146.0
1085,0,AoIEptMM,LPSpTPgJ,3146.0
1085,0,imyhTmbO,AoIEptMM,3333.0
1085,0,bTSeOnqx,imyhTmbO,3215.0
1085,0,yCXbqkBs,bTSeOnqx,3439.0
1085,0,wBoWGskO,yCXbqkBs,3439.0
1085,0,FYojKDQC,wBoWGskO,3439.0
1085,0,riqYNvhO,FYojKDQC,3439.0
564,0,slfxTuih,dLtneiKf,577.0
564,0,XFPAZveS,slfxTuih,402.0
564,0,ojqTFFWy,XFPAZveS,11.0
601,0,ImIhxSnH,RfzcmazU,1388.0
601,0,iEKuRfDT,ImIhxSnH,1388.0
601,0,PlyJazqR,iEKuRfDT,1388.0
601,0,ylfNfbjf,PlyJazqR,1388.0
601,0,psXocZQH,ylfNfbjf,1388.0
601,0,yprCGtVa,psXocZQH,1388.0
601,0,pPqywgRl,yprCGtVa,1277.0
1568,0,UgzfanVk,SDEQaVyD,730.0
1568,0,aUZoPZMc,CSzsuVOH,14498.0
1568,0,xOhGqygU,aUZoPZMc,14498.0
1083,0,FrCulsqF,VYHZxBYO,680.0
1083,0,KCAssTym,FrCulsqF,660.0
1083,0,AtxuoNjw,KCAssTym,949.0
1083,0,ZmIcXqCD,AtxuoNjw,949.0
1083,0,unXfmkmI,ZmIcXqCD,949.0
80,0,SdEWNrvb,ImuPiggn,1755.0
80,0,ZIvIwqTW,SdEWNrvb,1755.0
992,0,uxBjVsKf,rPcYYZtd,171.0
779,0,uxBjVsKf,ngtiheSM,962.0
1075,0,UrJBvWGq,zPQeyVVD,469.0
1075,0,thxCXWVL,UrJBvWGq,469.0
1075,0,AlpXiRiW,thxCXWVL,469.0
733,0,XsKXZwOQ,TAPXcjBe,5054.0
1434,0,XsKXZwOQ,TAPXcjBe,1355.0
1512,0,XsKXZwOQ,TAPXcjBe,546.0
50,0,TAPXcjBe,CbcrfuAf,89.0
50,0,XsKXZwOQ,TAPXcjBe,89.0
948,0,BUWlcDWA,vwlVkOsL,27.0
947,0,hyEIkJeA,UvujAAYC,44.0
947,0,jadHWhqA,hyEIkJeA,44.0
947,0,oMurZdLt,jadHWhqA,44.0
947,0,KTeKlEmN,oMurZdLt,44.0
947,0,cRNMfSEx,KTeKlEmN,44.0
80,0,beniIHzL,ZIvIwqTW,54.0
80,0,uaUalZjh,beniIHzL,6.0
77,0,ZNFFlclk,uaUalZjh,8.0
779,0,uaUalZjh,beniIHzL,125.0
733,0,hmRIiXJy,XsKXZwOQ,5330.0
947,0,UvujAAYC,pyLfKqPO,40.0
947,0,UhRSkRXw,cRNMfSEx,56.0
947,0,hmRIiXJy,UhRSkRXw,56.0
947,0,OZSLHXCc,qdLlCZel,1.0
947,0,jEVQeNyS,OZSLHXCc,1.0
947,0,pyLfKqPO,jEVQeNyS,1.0
899,0,yHCBRtBd,xnXFAboh,51.0
899,0,YYKDBDRS,yHCBRtBd,51.0
899,0,CDXhVrrJ,YYKDBDRS,51.0
899,0,khOlLZay,CDXhVrrJ,56.0
899,0,pzScocJN,khOlLZay,56.0
899,0,xOfEMpYZ,pzScocJN,63.0
899,0,NcNmxlsD,xOfEMpYZ,71.0
899,0,cYyOAQLx,NcNmxlsD,71.0
899,0,xKpFUSPW,cYyOAQLx,71.0
899,0,CFKdtsYk,xKpFUSPW,68.0
944,0,KkzZXaKP,xnXFAboh,34.0
944,0,VgMINmpb,KkzZXaKP,38.0
944,0,JKUqFAhf,tkWZZFES,18.0
944,0,NTCwKKsF,JKUqFAhf,18.0
944,0,xnXFAboh,NTCwKKsF,18.0
944,0,UTnQirag,GpOUDfXM,16.0
944,0,tkWZZFES,UTnQirag,16.0
944,0,dWuojvTd,KgwKZlse,9.0
944,0,sCEThkda,dWuojvTd,9.0
944,0,HpZlYWor,sCEThkda,9.0
944,0,ztmxtqSi,HpZlYWor,9.0
944,0,GpOUDfXM,ztmxtqSi,9.0
733,0,tOhgfmkj,hmRIiXJy,4700.0
733,0,FjwhCXAK,tOhgfmkj,4710.0
1512,0,tOhgfmkj,XsKXZwOQ,523.0
1512,0,FjwhCXAK,tOhgfmkj,513.0
1434,0,FjwhCXAK,XsKXZwOQ,1181.0
369,0,ngtiheSM,rPcYYZtd,2211.0
369,0,uxBjVsKf,ngtiheSM,2211.0
369,0,hvwrhWFk,uxBjVsKf,2211.0
369,0,azqUKhQu,hvwrhWFk,2211.0
1018,0,LKVeVUNI,BpAiVnps,53.0
1018,0,dbPZeeiE,LKVeVUNI,59.0
1018,0,CsDsDrdU,dbPZeeiE,63.0
1018,0,rJRvqICk,CsDsDrdU,63.0
1018,0,AmahvgQB,rJRvqICk,63.0
1018,0,aYSqaQmJ,AmahvgQB,63.0
1018,0,zgCGmKZn,aYSqaQmJ,69.0
1018,0,JKFFGKvY,zgCGmKZn,69.0
1018,0,EVAUYvVR,JKFFGKvY,69.0
1018,0,GYfZYaJh,EVAUYvVR,69.0
1018,0,WFZVQzrl,GYfZYaJh,69.0
1018,0,tRncbstl,WFZVQzrl,69.0
1018,0,gLCWwgiT,tRncbstl,69.0
1018,0,jTofnsvB,gLCWwgiT,69.0
1018,0,elmHqfIN,jTofnsvB,74.0
1018,0,YhQOzAWJ,elmHqfIN,74.0
1018,0,mexFgKBp,YhQOzAWJ,74.0
1018,0,FUctipSE,mexFgKBp,81.0
1018,0,PWitnUnB,FUctipSE,81.0
1018,0,FrOiWYSP,PWitnUnB,184.0
1018,0,mNGfniSu,FrOiWYSP,184.0
1018,0,MtINPaKl,mNGfniSu,184.0
1018,0,SGVPbDEb,MtINPaKl,184.0
1018,0,DpeufCiu,SGVPbDEb,184.0
1018,0,FaHpkwNs,DpeufCiu,184.0
1018,0,kohCEyKT,FaHpkwNs,184.0
1018,0,DHQRQBBP,kohCEyKT,184.0
1018,0,ZKEtlMvK,DHQRQBBP,184.0
1018,0,pjRBTtLk,ZKEtlMvK,184.0
1018,0,vnfcOAch,pjRBTtLk,184.0
1018,0,ryJVAbFB,vnfcOAch,184.0
1018,0,ttVqQknl,ryJVAbFB,184.0
1018,0,aZtqChJJ,ttVqQknl,184.0
1018,0,wrFiwNtD,aZtqChJJ,184.0
1018,0,deapEAbC,wrFiwNtD,184.0
1018,0,nunLDRbE,deapEAbC,184.0
1018,0,QbrsudyQ,nunLDRbE,184.0
1018,0,oRUBDfuD,QbrsudyQ,184.0
1018,0,qQJgvOFz,oRUBDfuD,184.0
1018,0,kbNsckqG,qQJgvOFz,184.0
1018,0,VHmQaoRO,kbNsckqG,184.0
1018,0,MlXQVZuf,VHmQaoRO,184.0
1018,0,QxkHLGuk,MlXQVZuf,184.0
1018,0,oLzlCKof,QxkHLGuk,184.0
1018,0,AQHsowCO,oLzlCKof,184.0
1018,0,eHBdrFbQ,AQHsowCO,184.0
1018,0,nermFKBU,eHBdrFbQ,184.0
1018,0,syNMMSsu,nermFKBU,184.0
1018,0,aEhaaulL,syNMMSsu,184.0
1018,0,bzkCWXwV,aEhaaulL,184.0
1018,0,rPcYYZtd,bzkCWXwV,184.0
1018,0,ngtiheSM,rPcYYZtd,184.0
1018,0,uxBjVsKf,ngtiheSM,184.0
1018,0,hvwrhWFk,uxBjVsKf,184.0
1018,0,azqUKhQu,hvwrhWFk,184.0
777,0,zBPHjWVd,aNlaxeLS,1822.0
777,0,rPcYYZtd,zBPHjWVd,1937.0
777,0,ngtiheSM,rPcYYZtd,1937.0
777,0,uxBjVsKf,ngtiheSM,2181.0
777,0,hvwrhWFk,uxBjVsKf,2332.0
777,0,azqUKhQu,hvwrhWFk,2332.0
777,0,UTnQirag,GpOUDfXM,961.0
777,0,tkWZZFES,UTnQirag,961.0
777,0,JKUqFAhf,tkWZZFES,1001.0
777,0,NTCwKKsF,JKUqFAhf,1002.0
777,0,xnXFAboh,NTCwKKsF,1002.0
777,0,yHCBRtBd,xnXFAboh,1101.0
777,0,YYKDBDRS,yHCBRtBd,1101.0
777,0,CDXhVrrJ,YYKDBDRS,1101.0
777,0,khOlLZay,CDXhVrrJ,1660.0
777,0,pzScocJN,khOlLZay,1660.0
777,0,AOtPxxNt,pzScocJN,1661.0
777,0,pFQacbfu,AOtPxxNt,1673.0
777,0,ZecyfkGE,pFQacbfu,1673.0
777,0,aNlaxeLS,ZecyfkGE,1673.0
777,0,lOyAoICg,CbcrfuAf,831.0
777,0,GpOUDfXM,lOyAoICg,831.0
777,0,KzCxlBoL,SEVBrkvc,13.0
777,0,qPtpgxic,KzCxlBoL,13.0
777,0,RyPegcUV,qPtpgxic,51.0
777,0,gGkadTNm,RyPegcUV,51.0
777,0,CbcrfuAf,gGkadTNm,69.0
1512,0,YvwuVYMF,FjwhCXAK,495.0
50,0,xiCfcAgb,AszcEtOu,249.0
50,0,FjwhCXAK,XsKXZwOQ,80.0
50,0,YvwuVYMF,FjwhCXAK,80.0
733,0,dScsNKLk,FjwhCXAK,5096.0
1434,0,YvwuVYMF,FjwhCXAK,771.0
947,0,tOhgfmkj,hmRIiXJy,17.0
947,0,FjwhCXAK,tOhgfmkj,17.0
947,0,YvwuVYMF,FjwhCXAK,17.0
1275,0,XsKXZwOQ,TAPXcjBe,45.0
1275,0,FjwhCXAK,XsKXZwOQ,45.0
1275,0,YvwuVYMF,FjwhCXAK,45.0
944,0,qdLlCZel,VgMINmpb,6.0
948,0,KkzZXaKP,avmqjzBH,1.0
948,0,VgMINmpb,KkzZXaKP,1.0
948,0,qDNzarNO,VgMINmpb,1.0
1102,0,QPpuxtew,gyQqEnFq,79.0
1102,0,gHkojtqc,QPpuxtew,79.0
1102,0,jiBUapiv,gHkojtqc,82.0
1102,0,ZsSjTAXN,jiBUapiv,82.0
1102,0,QzSmToFg,ZsSjTAXN,82.0
1102,0,YpZAWuci,QzSmToFg,82.0
1102,0,UWROvtjV,YpZAWuci,94.0
1102,0,aHnvxyXJ,UWROvtjV,94.0
1102,0,aBlpKWpT,aHnvxyXJ,101.0
1102,0,RwWmKtXH,aBlpKWpT,101.0
1102,0,iWUiEObr,RwWmKtXH,107.0
1102,0,yGnjFAhM,iWUiEObr,124.0
1102,0,sAYtjSkX,yGnjFAhM,125.0
1102,0,yhYCDbZJ,sAYtjSkX,130.0
1102,0,ebBIwNsf,yhYCDbZJ,130.0
1102,0,BzJNmTUM,ebBIwNsf,136.0
1102,0,qLEwgwyN,BzJNmTUM,136.0
1102,0,WDOOnJlC,qLEwgwyN,136.0
1102,0,EjMZgDJt,WDOOnJlC,173.0
1102,0,BDSRgQTg,EjMZgDJt,173.0
1102,0,cVeADzkw,BDSRgQTg,177.0
1102,0,pySAVSoY,cVeADzkw,177.0
1102,0,kMrSvhcD,pySAVSoY,177.0
1102,0,ImuPiggn,kMrSvhcD,177.0
1102,0,SdEWNrvb,ImuPiggn,179.0
1102,0,ZIvIwqTW,SdEWNrvb,179.0
1102,0,beniIHzL,ZIvIwqTW,314.0
1102,0,uaUalZjh,beniIHzL,314.0
1102,0,rwSrBzDN,uaUalZjh,437.0
141,0,hmRIiXJy,XsKXZwOQ,28.0
141,0,tOhgfmkj,hmRIiXJy,28.0
141,0,FjwhCXAK,tOhgfmkj,28.0
141,0,dScsNKLk,FjwhCXAK,28.0
141,0,mhrRBZGj,dScsNKLk,73.0
141,0,XvoliiTU,mhrRBZGj,73.0
141,0,BjKGijLD,XvoliiTU,73.0
141,0,TAPXcjBe,CbcrfuAf,26.0
141,0,XsKXZwOQ,TAPXcjBe,26.0
141,0,RyPegcUV,qPtpgxic,7.0
141,0,gGkadTNm,RyPegcUV,7.0
141,0,CbcrfuAf,gGkadTNm,10.0
375,0,nunLDRbE,deapEAbC,3.0
375,0,QbrsudyQ,nunLDRbE,3.0
375,0,oRUBDfuD,QbrsudyQ,3.0
375,0,qQJgvOFz,oRUBDfuD,3.0
375,0,kbNsckqG,qQJgvOFz,3.0
375,0,VHmQaoRO,kbNsckqG,3.0
375,0,MlXQVZuf,VHmQaoRO,4.0
375,0,QxkHLGuk,MlXQVZuf,4.0
375,0,sxnLITXs,QxkHLGuk,4.0
375,0,oLzlCKof,sxnLITXs,4.0
375,0,IyDNJzPw,oLzlCKof,4.0
375,0,AQHsowCO,IyDNJzPw,4.0
375,0,eHBdrFbQ,AQHsowCO,5.0
375,0,nermFKBU,eHBdrFbQ,5.0
375,0,syNMMSsu,nermFKBU,5.0
375,0,aEhaaulL,syNMMSsu,5.0
375,0,bzkCWXwV,aEhaaulL,5.0
375,0,rPcYYZtd,bzkCWXwV,5.0
375,0,ngtiheSM,rPcYYZtd,8.0
375,0,uxBjVsKf,ngtiheSM,8.0
375,0,CgMBzfIg,uxBjVsKf,8.0
375,0,azqUKhQu,CgMBzfIg,8.0
375,0,cNvMQUdA,azqUKhQu,8.0
375,0,YoiymRxk,cNvMQUdA,8.0
375,0,fkorQYac,YoiymRxk,8.0
375,0,NtHXPmMe,fkorQYac,8.0
375,0,knCDNjnp,mLBQtksd,2.0
375,0,nYVfIRsk,knCDNjnp,2.0
375,0,CqefHKGq,nYVfIRsk,2.0
375,0,rSnWVhOw,CqefHKGq,2.0
375,0,RuAJZyMI,rSnWVhOw,2.0
375,0,MtINPaKl,RuAJZyMI,2.0
375,0,SGVPbDEb,MtINPaKl,2.0
375,0,DpeufCiu,SGVPbDEb,2.0
375,0,FaHpkwNs,DpeufCiu,2.0
375,0,kohCEyKT,FaHpkwNs,2.0
375,0,DHQRQBBP,kohCEyKT,2.0
375,0,ZKEtlMvK,DHQRQBBP,2.0
375,0,pjRBTtLk,ZKEtlMvK,2.0
375,0,vnfcOAch,pjRBTtLk,2.0
375,0,ryJVAbFB,vnfcOAch,2.0
375,0,ttVqQknl,ryJVAbFB,2.0
375,0,aZtqChJJ,ttVqQknl,2.0
375,0,wrFiwNtD,aZtqChJJ,2.0
375,0,deapEAbC,wrFiwNtD,2.0
733,0,JScPHHNr,dScsNKLk,3994.0
1367,0,vfIotKLC,ZJoycWOZ,82.0
1367,0,tSXpsDyV,vfIotKLC,82.0
1367,0,IbLBdCXD,tSXpsDyV,82.0
1367,0,JGCJnIWw,IbLBdCXD,82.0
1367,0,honleovC,JGCJnIWw,76.0
1367,0,pqZYMbGr,honleovC,68.0
1367,0,jobllKUJ,pqZYMbGr,66.0
1367,0,cKlxsEIa,jobllKUJ,66.0
1367,0,POeaLshN,cKlxsEIa,66.0
1367,0,nvtqczOj,POeaLshN,66.0
1367,0,FdzHSswJ,nvtqczOj,44.0
1367,0,rfVXpFlV,FdzHSswJ,44.0
141,0,SEVBrkvc,ojqTFFWy,2.0
141,0,KzCxlBoL,SEVBrkvc,2.0
141,0,qPtpgxic,KzCxlBoL,2.0
141,0,kfbZMUOE,BjKGijLD,61.0
141,0,RaPTCLQp,kfbZMUOE,61.0
903,0,ZJxogzZw,wcUGKfLa,46.0
903,0,aRCjtsfP,ZJxogzZw,46.0
903,0,aPKnTaHY,aRCjtsfP,60.0
903,0,ZxAfSTio,aPKnTaHY,60.0
903,0,PfzzVLdD,ZxAfSTio,60.0
903,0,MNMOMIBL,PfzzVLdD,60.0
903,0,ySoPUuJQ,MNMOMIBL,60.0
903,0,fGauMtcM,ySoPUuJQ,60.0
903,0,mPXKcTmk,fGauMtcM,60.0
903,0,moYdstNu,mPXKcTmk,57.0
942,0,KgwKZlse,FZsFzszJ,27.0
369,0,BsovYeFI,azqUKhQu,2063.0
1018,0,BsovYeFI,azqUKhQu,166.0
777,0,BsovYeFI,azqUKhQu,2302.0
899,0,pMQyFYNH,CFKdtsYk,66.0
931,0,JojiQTkQ,zAjDuGWM,59.0
931,0,woHRqfeu,JojiQTkQ,59.0
936,0,yJFAEWOL,UfJzwqHV,1.0
936,0,BJyyGCqV,yJFAEWOL,1.0
936,0,gZsXxpWQ,BJyyGCqV,1.0
936,0,aXBkDCtb,gZsXxpWQ,1.0
936,0,QgJihzqk,aXBkDCtb,1.0
936,0,IojsotKp,QgJihzqk,1.0
936,0,RrjncJTc,IojsotKp,1.0
936,0,pQuyecaE,RrjncJTc,1.0
936,0,cdkVqwDW,pQuyecaE,1.0
936,0,QOEvNTvQ,cdkVqwDW,1.0
936,0,RElITdVd,QOEvNTvQ,1.0
936,0,woHRqfeu,RElITdVd,1.0
899,0,PTCqqgjS,pMQyFYNH,63.0
899,0,UTnQirag,GpOUDfXM,31.0
899,0,tkWZZFES,UTnQirag,31.0
899,0,JKUqFAhf,tkWZZFES,31.0
899,0,NTCwKKsF,JKUqFAhf,31.0
899,0,xnXFAboh,NTCwKKsF,31.0
900,0,ZJxogzZw,wcUGKfLa,51.0
900,0,aRCjtsfP,ZJxogzZw,51.0
900,0,aPKnTaHY,aRCjtsfP,58.0
900,0,ZxAfSTio,aPKnTaHY,58.0
900,0,oQmOaQyB,ZxAfSTio,58.0
900,0,BSlPgNeK,oQmOaQyB,58.0
1408,0,XfgrRxbI,ejMjPdTH,1263.0
1408,0,UfJzwqHV,XfgrRxbI,1263.0
1408,0,yJFAEWOL,UfJzwqHV,1880.0
1408,0,BJyyGCqV,yJFAEWOL,1880.0
1408,0,gZsXxpWQ,BJyyGCqV,1880.0
1408,0,aXBkDCtb,gZsXxpWQ,1783.0
1408,0,QgJihzqk,aXBkDCtb,1783.0
1408,0,IojsotKp,QgJihzqk,1783.0
1408,0,NNAcmEYB,IojsotKp,1880.0
742,0,FZsFzszJ,gzTQJVMW,1.0
742,0,KgwKZlse,FZsFzszJ,1.0
742,0,ALhaazBT,KgwKZlse,1.0
742,0,YqlTLIQa,ALhaazBT,1.0
742,0,AUmOMGnp,YqlTLIQa,1.0
742,0,ejMjPdTH,AUmOMGnp,1.0
902,0,mhrRBZGj,dScsNKLk,80.0
902,0,XvoliiTU,mhrRBZGj,80.0
902,0,BjKGijLD,XvoliiTU,80.0
902,0,kfbZMUOE,BjKGijLD,80.0
902,0,RaPTCLQp,kfbZMUOE,80.0
902,0,IZbIkfGA,RaPTCLQp,103.0
902,0,UJfkeWEN,IZbIkfGA,103.0
902,0,MlIkmoKa,UJfkeWEN,103.0
902,0,FIOYHASJ,MlIkmoKa,103.0
902,0,KMHCIdcu,FIOYHASJ,103.0
902,0,GiBhHxRo,KMHCIdcu,85.0
1102,0,MEtvPAvc,rwSrBzDN,397.0
1102,0,GqIywbYh,MEtvPAvc,397.0
1102,0,wRFZkBWU,GqIywbYh,397.0
1102,0,TUmpHOaB,wRFZkBWU,397.0
134,0,SEVBrkvc,ojqTFFWy,27.0
134,0,KzCxlBoL,SEVBrkvc,27.0
134,0,qPtpgxic,KzCxlBoL,27.0
134,0,RyPegcUV,qPtpgxic,36.0
134,0,gGkadTNm,RyPegcUV,36.0
134,0,CbcrfuAf,gGkadTNm,37.0
134,0,TAPXcjBe,CbcrfuAf,81.0
134,0,XsKXZwOQ,TAPXcjBe,81.0
134,0,hmRIiXJy,XsKXZwOQ,91.0
134,0,tOhgfmkj,hmRIiXJy,97.0
134,0,FjwhCXAK,tOhgfmkj,97.0
134,0,dScsNKLk,FjwhCXAK,119.0
134,0,prUQvyGs,dScsNKLk,319.0
134,0,FTnfVqbf,prUQvyGs,319.0
134,0,ncqAMIfe,FTnfVqbf,319.0
134,0,uHruDGLY,ncqAMIfe,319.0
134,0,FOXeQKOT,uHruDGLY,48.0
134,0,FesfYZEN,FOXeQKOT,36.0
899,0,SEVBrkvc,ojqTFFWy,11.0
899,0,KzCxlBoL,SEVBrkvc,11.0
899,0,qPtpgxic,KzCxlBoL,11.0
899,0,RyPegcUV,qPtpgxic,14.0
899,0,gGkadTNm,RyPegcUV,19.0
899,0,CbcrfuAf,gGkadTNm,19.0
899,0,lOyAoICg,CbcrfuAf,26.0
899,0,GpOUDfXM,lOyAoICg,26.0
1407,0,hasgHIpb,mZFKHZkN,272.0
1407,0,zttQgzJF,hasgHIpb,171.0
1407,0,fDeHEcoN,zttQgzJF,155.0
1407,0,vztyQdds,fDeHEcoN,155.0
132,0,hmRIiXJy,XsKXZwOQ,14.0
132,0,tOhgfmkj,hmRIiXJy,14.0
132,0,FjwhCXAK,tOhgfmkj,14.0
132,0,dScsNKLk,FjwhCXAK,14.0
132,0,JScPHHNr,dScsNKLk,21.0
132,0,BXAColfX,JScPHHNr,21.0
132,0,TenjteTV,BXAColfX,21.0
132,0,oFbMGQKy,TenjteTV,21.0
132,0,tTpRqbZv,oFbMGQKy,21.0
132,0,uzgDjeSU,tTpRqbZv,21.0
132,0,RvWjyDDD,uzgDjeSU,21.0
132,0,diAYwowt,RvWjyDDD,29.0
132,0,safClnnY,diAYwowt,29.0
132,0,tqLrxYqg,safClnnY,31.0
132,0,OrpTuTll,tqLrxYqg,20.0
132,0,oIfrlpqH,OrpTuTll,19.0
132,0,SEVBrkvc,ojqTFFWy,7.0
132,0,KzCxlBoL,SEVBrkvc,7.0
132,0,qPtpgxic,KzCxlBoL,7.0
132,0,RyPegcUV,qPtpgxic,8.0
132,0,gGkadTNm,RyPegcUV,10.0
132,0,CbcrfuAf,gGkadTNm,12.0
132,0,TAPXcjBe,CbcrfuAf,13.0
132,0,XsKXZwOQ,TAPXcjBe,13.0
902,0,MzxDaMZj,GiBhHxRo,105.0
369,0,oeTroIck,BsovYeFI,1760.0
369,0,LlpMjrks,oeTroIck,1760.0
369,0,tnRCfdJr,LlpMjrks,1760.0
369,0,EWoqQawU,tnRCfdJr,1760.0
369,0,lRwzpFEA,EWoqQawU,1760.0
369,0,HJijptKA,lRwzpFEA,1756.0
369,0,wcUGKfLa,HJijptKA,1741.0
1018,0,oeTroIck,BsovYeFI,149.0
1018,0,LlpMjrks,oeTroIck,149.0
1018,0,tnRCfdJr,LlpMjrks,149.0
1018,0,EWoqQawU,tnRCfdJr,149.0
1018,0,lRwzpFEA,EWoqQawU,149.0
1018,0,HJijptKA,lRwzpFEA,149.0
1018,0,pkAaqtnD,HJijptKA,149.0
1018,0,mAREpQlu,pkAaqtnD,149.0
43,0,NuyYqrDq,BaKUDeNn,1.0
43,0,gpaAUChy,NuyYqrDq,1.0
43,0,IgEBJNwX,gpaAUChy,1.0
43,0,NCVzutVL,IgEBJNwX,1.0
43,0,cTQVugNT,NCVzutVL,1.0
43,0,cNypyxpr,cTQVugNT,1.0
43,0,WRVBvtIE,cNypyxpr,1.0
43,0,RuAJZyMI,WRVBvtIE,1.0
43,0,MtINPaKl,RuAJZyMI,1.0
43,0,SGVPbDEb,MtINPaKl,1.0
43,0,DpeufCiu,SGVPbDEb,1.0
43,0,FaHpkwNs,DpeufCiu,1.0
43,0,kohCEyKT,FaHpkwNs,1.0
43,0,ZKEtlMvK,kohCEyKT,1.0
43,0,pjRBTtLk,ZKEtlMvK,1.0
43,0,vnfcOAch,pjRBTtLk,1.0
43,0,ryJVAbFB,vnfcOAch,1.0
43,0,ttVqQknl,ryJVAbFB,1.0
43,0,aZtqChJJ,ttVqQknl,1.0
43,0,deapEAbC,aZtqChJJ,1.0
43,0,nunLDRbE,deapEAbC,1.0
43,0,oRUBDfuD,nunLDRbE,1.0
43,0,qQJgvOFz,oRUBDfuD,1.0
43,0,kbNsckqG,qQJgvOFz,1.0
43,0,VHmQaoRO,kbNsckqG,1.0
43,0,MlXQVZuf,VHmQaoRO,1.0
43,0,QxkHLGuk,MlXQVZuf,1.0
43,0,oLzlCKof,QxkHLGuk,1.0
43,0,AQHsowCO,oLzlCKof,1.0
43,0,eHBdrFbQ,AQHsowCO,1.0
43,0,nermFKBU,eHBdrFbQ,1.0
43,0,syNMMSsu,nermFKBU,1.0
43,0,aEhaaulL,syNMMSsu,1.0
43,0,bzkCWXwV,aEhaaulL,1.0
43,0,rPcYYZtd,bzkCWXwV,1.0
43,0,ngtiheSM,rPcYYZtd,1.0
43,0,uxBjVsKf,ngtiheSM,1.0
43,0,hvwrhWFk,uxBjVsKf,1.0
43,0,azqUKhQu,hvwrhWFk,1.0
43,0,BsovYeFI,azqUKhQu,1.0
43,0,oeTroIck,BsovYeFI,1.0
43,0,LlpMjrks,oeTroIck,1.0
43,0,tnRCfdJr,LlpMjrks,1.0
43,0,EWoqQawU,tnRCfdJr,1.0
43,0,lRwzpFEA,EWoqQawU,1.0
43,0,HJijptKA,lRwzpFEA,1.0
43,0,pkAaqtnD,HJijptKA,1.0
43,0,mAREpQlu,pkAaqtnD,1.0
777,0,oeTroIck,BsovYeFI,1772.0
777,0,LlpMjrks,oeTroIck,1800.0
777,0,tnRCfdJr,LlpMjrks,1800.0
777,0,EWoqQawU,tnRCfdJr,1800.0
777,0,lRwzpFEA,EWoqQawU,1800.0
777,0,HJijptKA,lRwzpFEA,1800.0
777,0,pkAaqtnD,HJijptKA,1797.0
777,0,mAREpQlu,pkAaqtnD,1797.0
902,0,pkAaqtnD,aPOYjvXT,62.0
902,0,mAREpQlu,pkAaqtnD,62.0
899,0,pkAaqtnD,aPOYjvXT,63.0
899,0,mAREpQlu,pkAaqtnD,63.0
777,0,SEVBrkvc,ojqTFFWy,4.0
131,0,hmRIiXJy,XsKXZwOQ,26.0
131,0,tOhgfmkj,hmRIiXJy,28.0
131,0,FjwhCXAK,tOhgfmkj,28.0
131,0,dScsNKLk,FjwhCXAK,28.0
131,0,JScPHHNr,dScsNKLk,32.0
131,0,BXAColfX,JScPHHNr,32.0
131,0,TenjteTV,BXAColfX,32.0
131,0,oFbMGQKy,TenjteTV,32.0
131,0,tTpRqbZv,oFbMGQKy,32.0
131,0,uzgDjeSU,tTpRqbZv,32.0
131,0,RvWjyDDD,uzgDjeSU,32.0
131,0,diAYwowt,RvWjyDDD,38.0
131,0,safClnnY,diAYwowt,38.0
131,0,CkSrqRXW,safClnnY,3.0
826,0,nunLDRbE,deapEAbC,7.0
826,0,QbrsudyQ,nunLDRbE,7.0
826,0,oRUBDfuD,QbrsudyQ,7.0
826,0,qQJgvOFz,oRUBDfuD,7.0
826,0,kbNsckqG,qQJgvOFz,63.0
826,0,VHmQaoRO,kbNsckqG,63.0
826,0,MlXQVZuf,VHmQaoRO,63.0
826,0,QxkHLGuk,MlXQVZuf,63.0
826,0,sxnLITXs,QxkHLGuk,63.0
826,0,oLzlCKof,sxnLITXs,64.0
826,0,IyDNJzPw,oLzlCKof,64.0
826,0,AQHsowCO,IyDNJzPw,66.0
826,0,eHBdrFbQ,AQHsowCO,68.0
826,0,nermFKBU,eHBdrFbQ,79.0
826,0,syNMMSsu,nermFKBU,79.0
826,0,aEhaaulL,syNMMSsu,79.0
826,0,bzkCWXwV,aEhaaulL,85.0
826,0,rPcYYZtd,bzkCWXwV,85.0
826,0,ngtiheSM,rPcYYZtd,157.0
826,0,uxBjVsKf,ngtiheSM,157.0
826,0,hvwrhWFk,uxBjVsKf,157.0
826,0,azqUKhQu,hvwrhWFk,157.0
826,0,BsovYeFI,azqUKhQu,159.0
826,0,oeTroIck,BsovYeFI,159.0
826,0,LlpMjrks,oeTroIck,160.0
826,0,tnRCfdJr,LlpMjrks,160.0
826,0,EWoqQawU,tnRCfdJr,160.0
826,0,lRwzpFEA,EWoqQawU,160.0
826,0,HJijptKA,lRwzpFEA,160.0
826,0,pkAaqtnD,HJijptKA,160.0
826,0,mAREpQlu,pkAaqtnD,160.0
826,0,aFNbJDFF,mAREpQlu,177.0
733,0,BXAColfX,JScPHHNr,3633.0
733,0,TenjteTV,BXAColfX,3633.0
733,0,oFbMGQKy,TenjteTV,3633.0
733,0,tTpRqbZv,oFbMGQKy,3633.0
733,0,uzgDjeSU,tTpRqbZv,3633.0
733,0,RvWjyDDD,uzgDjeSU,3633.0
1102,0,kZbxJItD,TUmpHOaB,344.0
1102,0,WBGMFkPq,kZbxJItD,344.0
1102,0,ZrJSsOtw,WBGMFkPq,344.0
131,0,SEVBrkvc,ojqTFFWy,17.0
131,0,KzCxlBoL,SEVBrkvc,19.0
131,0,qPtpgxic,KzCxlBoL,19.0
131,0,RyPegcUV,qPtpgxic,22.0
131,0,gGkadTNm,RyPegcUV,22.0
131,0,CbcrfuAf,gGkadTNm,23.0
131,0,TAPXcjBe,CbcrfuAf,25.0
131,0,XsKXZwOQ,TAPXcjBe,25.0
826,0,JGMtXKXa,aFNbJDFF,176.0
1102,0,gXuuFtgr,ZrJSsOtw,169.0
1102,0,AqLhpCGg,gXuuFtgr,169.0
733,0,NpVJqtjU,RvWjyDDD,2438.0
733,0,SVKOBqwN,NpVJqtjU,2438.0
733,0,jUFdobJP,SVKOBqwN,2438.0
1102,0,oGtLXKlU,AqLhpCGg,143.0
1102,0,fpLsOzrX,oGtLXKlU,72.0
1102,0,qkDUPxQJ,fpLsOzrX,72.0
826,0,DwCsfBrf,JGMtXKXa,161.0
826,0,uiqniiby,DwCsfBrf,161.0
826,0,tWWfaWxU,uiqniiby,161.0
826,0,foYyjDus,tWWfaWxU,161.0
826,0,sqMuVqoE,foYyjDus,155.0
822,0,nunLDRbE,deapEAbC,52.0
822,0,oRUBDfuD,nunLDRbE,52.0
822,0,qQJgvOFz,oRUBDfuD,52.0
822,0,kbNsckqG,qQJgvOFz,70.0
822,0,VHmQaoRO,kbNsckqG,70.0
822,0,MlXQVZuf,VHmQaoRO,72.0
822,0,QxkHLGuk,MlXQVZuf,72.0
822,0,sxnLITXs,QxkHLGuk,73.0
822,0,oLzlCKof,sxnLITXs,105.0
822,0,AQHsowCO,oLzlCKof,105.0
822,0,eHBdrFbQ,AQHsowCO,110.0
822,0,nermFKBU,eHBdrFbQ,110.0
822,0,syNMMSsu,nermFKBU,110.0
822,0,aEhaaulL,syNMMSsu,110.0
822,0,bzkCWXwV,aEhaaulL,118.0
822,0,rPcYYZtd,bzkCWXwV,118.0
822,0,ngtiheSM,rPcYYZtd,217.0
822,0,uxBjVsKf,ngtiheSM,217.0
822,0,hvwrhWFk,uxBjVsKf,223.0
822,0,azqUKhQu,hvwrhWFk,223.0
822,0,BsovYeFI,azqUKhQu,230.0
822,0,oeTroIck,BsovYeFI,255.0
822,0,LlpMjrks,oeTroIck,263.0
822,0,tnRCfdJr,LlpMjrks,263.0
822,0,EWoqQawU,tnRCfdJr,263.0
822,0,lRwzpFEA,EWoqQawU,263.0
822,0,EZonlaGf,lRwzpFEA,359.0
822,0,LnttpfXJ,EZonlaGf,359.0
733,0,stYOAUgx,jUFdobJP,2443.0
733,0,qatuIGdU,stYOAUgx,2443.0
826,0,zqVKryrK,sqMuVqoE,153.0
822,0,pjnGNdLD,LnttpfXJ,334.0
777,0,MZocsETE,mAREpQlu,567.0
777,0,wJsysHnP,MZocsETE,567.0
777,0,qoKVVYVH,wJsysHnP,567.0
777,0,ZbBLjsKS,qoKVVYVH,567.0
1102,0,ywTbPNnN,qkDUPxQJ,54.0
1102,0,XQUhYonT,ywTbPNnN,54.0
1102,0,kGQEnBYZ,XQUhYonT,54.0
733,0,DZhNCgqR,qatuIGdU,2473.0
733,0,XNqNMdqz,DZhNCgqR,2473.0
733,0,oUlRzwnE,XNqNMdqz,2473.0
822,0,TJYuPZgz,pjnGNdLD,331.0
826,0,WRVBvtIE,aWeSqqrV,2.0
826,0,RuAJZyMI,WRVBvtIE,2.0
826,0,MtINPaKl,RuAJZyMI,3.0
826,0,SGVPbDEb,MtINPaKl,3.0
826,0,DpeufCiu,SGVPbDEb,3.0
826,0,FaHpkwNs,DpeufCiu,3.0
826,0,kohCEyKT,FaHpkwNs,3.0
826,0,DHQRQBBP,kohCEyKT,3.0
826,0,ZKEtlMvK,DHQRQBBP,3.0
826,0,pjRBTtLk,ZKEtlMvK,3.0
826,0,vnfcOAch,pjRBTtLk,3.0
826,0,ryJVAbFB,vnfcOAch,3.0
826,0,ttVqQknl,ryJVAbFB,3.0
826,0,aZtqChJJ,ttVqQknl,3.0
826,0,wrFiwNtD,aZtqChJJ,3.0
826,0,deapEAbC,wrFiwNtD,4.0
826,0,AlojXgfn,zqVKryrK,136.0
1345,0,vRWSdFEN,DLdtTvFi,8.0
1345,0,tDDddUJb,vRWSdFEN,8.0
1345,0,RVGhYAxc,tDDddUJb,8.0
1345,0,BpAiVnps,RVGhYAxc,5.0
868,0,eYsqUgzf,jQlVbeqW,39.0
868,0,CGfCHyje,eYsqUgzf,39.0
868,0,qflzswAf,CGfCHyje,39.0
777,0,VvfGvRfV,ZbBLjsKS,548.0
777,0,gjjwmxRV,VvfGvRfV,548.0
777,0,sXTxOtpY,gjjwmxRV,548.0
1102,0,TRrMduWd,kGQEnBYZ,28.0
777,0,aLhLfQkP,sXTxOtpY,511.0
777,0,eeUAfDeR,aLhLfQkP,511.0
777,0,sJpWePxb,eeUAfDeR,511.0
777,0,vBjvcVSA,sJpWePxb,17.0
777,0,TFYkWDkw,vBjvcVSA,15.0
777,0,JpVXpSar,TFYkWDkw,15.0
1099,0,foDxbakc,xDEugDFx,15.0
1099,0,bGilRaMJ,foDxbakc,15.0
822,0,RuAJZyMI,cNypyxpr,9.0
822,0,MtINPaKl,RuAJZyMI,10.0
822,0,SGVPbDEb,MtINPaKl,10.0
822,0,DpeufCiu,SGVPbDEb,12.0
822,0,FaHpkwNs,DpeufCiu,12.0
822,0,kohCEyKT,FaHpkwNs,12.0
822,0,DHQRQBBP,kohCEyKT,12.0
822,0,ZKEtlMvK,DHQRQBBP,12.0
822,0,pjRBTtLk,ZKEtlMvK,12.0
822,0,vnfcOAch,pjRBTtLk,12.0
822,0,ryJVAbFB,vnfcOAch,12.0
822,0,ttVqQknl,ryJVAbFB,12.0
822,0,aZtqChJJ,ttVqQknl,12.0
822,0,wrFiwNtD,aZtqChJJ,12.0
822,0,deapEAbC,wrFiwNtD,12.0
822,0,fvMkSwKl,TJYuPZgz,30.0
822,0,cNypyxpr,cTQVugNT,2.0
826,0,oahiQKZf,AlojXgfn,72.0
826,0,LJERpsJx,oahiQKZf,43.0
826,0,NgxTtWek,LJERpsJx,43.0
826,0,pTibEDEI,NgxTtWek,43.0
741,0,TAPXcjBe,CbcrfuAf,1.0
741,0,XsKXZwOQ,TAPXcjBe,1.0
741,0,hmRIiXJy,XsKXZwOQ,1.0
741,0,tOhgfmkj,hmRIiXJy,1.0
741,0,FjwhCXAK,tOhgfmkj,1.0
741,0,YvwuVYMF,FjwhCXAK,1.0
741,0,JScPHHNr,YvwuVYMF,3.0
741,0,BXAColfX,JScPHHNr,3.0
741,0,TenjteTV,BXAColfX,3.0
741,0,oFbMGQKy,TenjteTV,3.0
741,0,tTpRqbZv,oFbMGQKy,3.0
741,0,uzgDjeSU,tTpRqbZv,3.0
741,0,RvWjyDDD,uzgDjeSU,3.0
741,0,NpVJqtjU,RvWjyDDD,3.0
741,0,SVKOBqwN,NpVJqtjU,3.0
741,0,jUFdobJP,SVKOBqwN,3.0
741,0,stYOAUgx,jUFdobJP,3.0
741,0,qatuIGdU,stYOAUgx,3.0
741,0,DZhNCgqR,qatuIGdU,7.0
741,0,XNqNMdqz,DZhNCgqR,7.0
741,0,oUlRzwnE,XNqNMdqz,7.0
741,0,ZEJEKYue,oUlRzwnE,8.0
1102,0,wdZlcJUN,TRrMduWd,27.0
1102,0,HHtnqjHj,wdZlcJUN,27.0
778,0,QHzfYnaE,wXJrQzdz,27.0
733,0,XQGQJTfc,oUlRzwnE,2447.0
733,0,YJlimzmz,XQGQJTfc,2447.0
733,0,GFyDwjlp,YJlimzmz,2447.0
733,0,RhHvrSFQ,GFyDwjlp,2447.0
733,0,cCtcUCYS,RhHvrSFQ,2447.0
733,0,bInfxKVp,cCtcUCYS,2448.0
547,0,xiCfcAgb,AszcEtOu,426.0
547,0,bsQVAuyn,xiCfcAgb,427.0
547,0,bmUdUOzs,bsQVAuyn,429.0
547,0,qPtpgxic,bmUdUOzs,432.0
547,0,gGkadTNm,qPtpgxic,433.0
547,0,dScsNKLk,gGkadTNm,433.0
547,0,RvWjyDDD,dScsNKLk,525.0
547,0,qatuIGdU,RvWjyDDD,525.0
547,0,YJlimzmz,qatuIGdU,525.0
547,0,DdFWFvrk,YJlimzmz,525.0
547,0,KCPTYZEU,DdFWFvrk,525.0
547,0,lPZtleot,KCPTYZEU,525.0
548,0,qPtpgxic,ojqTFFWy,46.0
548,0,gGkadTNm,qPtpgxic,46.0
548,0,dScsNKLk,gGkadTNm,46.0
548,0,RvWjyDDD,dScsNKLk,46.0
548,0,qatuIGdU,RvWjyDDD,46.0
548,0,YJlimzmz,qatuIGdU,46.0
548,0,DdFWFvrk,YJlimzmz,46.0
548,0,KCPTYZEU,DdFWFvrk,46.0
548,0,lPZtleot,KCPTYZEU,46.0
547,0,AszcEtOu,pdQlgkSh,5.0
523,0,FTwVCxQy,pSVDMeCH,447.0
523,0,RFaTWaew,FTwVCxQy,447.0
321,0,hxSTJhOz,zAVZRYih,57.0
321,0,TShNRujB,hxSTJhOz,57.0
1664,0,VNhDHTgU,ymtXIyVJ,1383.0
1664,0,mvZTxord,VNhDHTgU,1383.0
1255,0,PhjcDdmq,ogOCBKAf,926.0
1255,0,bHagonKv,PhjcDdmq,926.0
1255,0,Vlipnutt,bHagonKv,926.0
14,0,fOfcyQgJ,cGoHBmgo,1344.0
14,0,YXOKWXAw,fOfcyQgJ,1644.0
14,0,PSjGjQXK,YXOKWXAw,1644.0
480,0,BgYvcKFh,bKKUjGhb,2404.0
480,0,QRrhNfpu,BgYvcKFh,2404.0
480,0,qSowWcvN,QRrhNfpu,2404.0
480,0,vBGGqNND,qSowWcvN,1922.0
1618,0,xIAmzSOf,kltlGPhk,1124.0
1618,0,HFPiIGml,xIAmzSOf,1124.0
1326,0,mZrMXUGc,BZEEPDzF,138.0
1326,0,ovqyecwa,mZrMXUGc,604.0
1326,0,PhEXDKmN,ovqyecwa,604.0
1326,0,vfoMHDCS,PhEXDKmN,604.0
1326,0,LEPzGjdo,vfoMHDCS,604.0
1326,0,VeNIGKmR,LEPzGjdo,554.0
1326,0,vkwWhgCe,VeNIGKmR,554.0
1326,0,KSSwmuEx,vkwWhgCe,948.0
1567,0,mhYSfvAq,UgzfanVk,900.0
1567,0,UgzfanVk,sHqmRcRD,322.0
1669,0,SrxxnOEl,zjFHHUbS,103.0
1669,0,AXxrYyXG,SrxxnOEl,103.0
1669,0,QexJFwXO,AXxrYyXG,103.0
1669,0,exRzHfND,QexJFwXO,93.0
1669,0,slwzdYAd,exRzHfND,93.0
1669,0,phodyDNv,slwzdYAd,93.0
1669,0,gcvwQKzE,phodyDNv,87.0
1669,0,RuqLEiFp,gcvwQKzE,87.0
1669,0,jEliwrSM,RuqLEiFp,72.0
1669,0,OUlPxErG,jEliwrSM,72.0
1669,0,SPorkGXj,OUlPxErG,62.0
1669,0,ZqOseExI,SPorkGXj,62.0
1669,0,CrOFTJlw,ZqOseExI,62.0
1669,0,PyGiRErs,CrOFTJlw,62.0
1669,0,qflzswAf,PyGiRErs,44.0
874,0,RuqLEiFp,ZEXMhMxR,87.0
874,0,NAwFzVQz,RuqLEiFp,25.0
874,0,jEliwrSM,NAwFzVQz,25.0
874,0,XsvFZXJo,jEliwrSM,25.0
874,0,SPorkGXj,XsvFZXJo,24.0
874,0,IJbUVGLH,SPorkGXj,24.0
874,0,ZqOseExI,IJbUVGLH,24.0
874,0,FdBCLyPI,ZqOseExI,22.0
874,0,CrOFTJlw,FdBCLyPI,17.0
874,0,PyGiRErs,CrOFTJlw,14.0
874,0,JbCujTci,PyGiRErs,13.0
874,0,WhRBEXGR,JbCujTci,8.0
874,0,wRBXcbqq,WhRBEXGR,8.0
874,0,XXYtSQEl,wRBXcbqq,8.0
874,0,MklhhYCQ,XXYtSQEl,8.0
1026,0,UEfdhCLN,YczuIoUc,1.0
1026,0,dKuyBlDZ,UEfdhCLN,1.0
1026,0,YZpWLtUD,dKuyBlDZ,1.0
1349,0,clVXMHJf,suvDbtPR,8.0
1349,0,UXEWVZzP,clVXMHJf,8.0
1349,0,MlYFoaez,UXEWVZzP,8.0
1349,0,XeinAhyy,MlYFoaez,8.0
1349,0,pGpZhRvq,XeinAhyy,8.0
1349,0,alaJPSTW,pGpZhRvq,8.0
1349,0,ngNzeSzC,alaJPSTW,8.0
1349,0,PHuvYJrP,ngNzeSzC,8.0
1349,0,FoxIDeQY,PHuvYJrP,8.0
1349,0,dZoxKDmD,FoxIDeQY,8.0
1349,0,ZOuLYtJj,dZoxKDmD,8.0
1349,0,SGnJOquj,ZOuLYtJj,8.0
1349,0,ogOCBKAf,SGnJOquj,8.0
331,0,MhxjGQjy,UgzfanVk,108.0
331,0,EhUxMFuQ,MhxjGQjy,108.0
331,0,HZcfHzwe,EhUxMFuQ,92.0
331,0,qoWOoICL,HZcfHzwe,92.0
331,0,FwybjYQK,qoWOoICL,92.0
331,0,ZuDlysuz,FwybjYQK,92.0
331,0,IkwHYYuh,ZuDlysuz,92.0
331,0,YzXnYVPd,IkwHYYuh,92.0
331,0,TEKQTTfp,YzXnYVPd,92.0
331,0,ZIPCqImv,TEKQTTfp,92.0
331,0,aWNaUdzp,ZIPCqImv,92.0
331,0,FCsbIOBe,aWNaUdzp,92.0
331,0,gGjwcdJB,FCsbIOBe,92.0
1040,0,CKorGRkE,ejMjPdTH,144.0
601,0,FcOkCcps,qdrjbHYS,866.0
601,0,fFHpEWYG,FcOkCcps,933.0
601,0,jOxyxYyy,fFHpEWYG,933.0
601,0,zOQhKaAF,jOxyxYyy,933.0
273,0,jOxyxYyy,fFHpEWYG,1909.0
273,0,zOQhKaAF,jOxyxYyy,1909.0
600,0,nrUfCQxz,xfYjeqNM,1250.0
600,0,RCkelXPh,eyAJPdep,141.0
706,0,yQQuLFAg,wFSILCzc,80.0
601,0,hfsVeMMa,zOQhKaAF,936.0
273,0,hfsVeMMa,zOQhKaAF,2132.0
482,0,ifLglfbO,vkAUVqtk,200.0
482,0,hgHcWJof,ifLglfbO,200.0
482,0,qSowWcvN,hgHcWJof,200.0
14,0,GnsXgGJX,PSjGjQXK,2552.0
14,0,VjdckTjW,GnsXgGJX,3257.0
486,0,oeGMQkdJ,NQaaFyOm,1.0
486,0,vkAUVqtk,oeGMQkdJ,1.0
486,0,ifLglfbO,vkAUVqtk,1.0
486,0,hgHcWJof,ifLglfbO,1.0
486,0,qSowWcvN,hgHcWJof,1.0
490,0,bKKUjGhb,gFAsBeQM,3376.0
490,0,QRrhNfpu,bKKUjGhb,3383.0
490,0,qSowWcvN,QRrhNfpu,3258.0
480,0,bKKUjGhb,LbKosGpD,2625.0
1741,0,bKKUjGhb,LbKosGpD,818.0
1741,0,QRrhNfpu,bKKUjGhb,816.0
1741,0,qSowWcvN,QRrhNfpu,816.0
480,0,qpacHTVx,cPCRxZjy,342.0
480,0,XFLojCJa,qpacHTVx,342.0
480,0,mHRdWDIt,XFLojCJa,196.0
480,0,NBopaFdP,mHRdWDIt,457.0
480,0,LbKosGpD,NBopaFdP,457.0
490,0,vBGGqNND,qSowWcvN,1175.0
235,0,QHFmFyLR,EkWBPXmr,2663.0
235,0,neNWquOh,QHFmFyLR,2663.0
235,0,KwaxxmSs,neNWquOh,2671.0
235,0,PSjGjQXK,KwaxxmSs,2685.0
235,0,GnsXgGJX,PSjGjQXK,6913.0
235,0,VjdckTjW,GnsXgGJX,7112.0
235,0,ohvLIfWG,VjdckTjW,7116.0
1741,0,vBGGqNND,qSowWcvN,487.0
1374,0,QHFmFyLR,EkWBPXmr,1232.0
1374,0,neNWquOh,QHFmFyLR,1232.0
1374,0,KwaxxmSs,neNWquOh,1266.0
1374,0,PSjGjQXK,KwaxxmSs,1266.0
1374,0,FDPmqphv,PSjGjQXK,2461.0
1374,0,aVjdmBcp,FDPmqphv,3108.0
1374,0,mKIQRbrs,aVjdmBcp,3108.0
273,0,isVKhOXG,hfsVeMMa,2420.0
273,0,mKIQRbrs,isVKhOXG,2379.0
480,0,FFLftRlg,vBGGqNND,1498.0
480,0,HTKZNJTs,FFLftRlg,1533.0
480,0,FmTbQszJ,HTKZNJTs,1785.0
480,0,JvhqCmbT,FmTbQszJ,2415.0
480,0,xkdRvtRu,JvhqCmbT,2415.0
320,0,vkAUVqtk,oeGMQkdJ,88.0
320,0,ifLglfbO,vkAUVqtk,88.0
320,0,hgHcWJof,ifLglfbO,88.0
320,0,POdtxoZm,hgHcWJof,88.0
320,0,DjKGsdyb,POdtxoZm,190.0
398,0,QHFmFyLR,EkWBPXmr,192.0
398,0,neNWquOh,QHFmFyLR,192.0
398,0,KwaxxmSs,neNWquOh,192.0
398,0,PSjGjQXK,KwaxxmSs,192.0
398,0,GnsXgGJX,PSjGjQXK,387.0
398,0,VjdckTjW,GnsXgGJX,387.0
398,0,ohvLIfWG,VjdckTjW,387.0
398,0,HTKZNJTs,ohvLIfWG,387.0
398,0,FmTbQszJ,HTKZNJTs,387.0
1741,0,FFLftRlg,vBGGqNND,594.0
1741,0,HTKZNJTs,FFLftRlg,594.0
1358,0,lOYrQfzi,oajqUPaH,102.0
1358,0,iuewtDUr,lOYrQfzi,102.0
1358,0,KdEmbmsx,iuewtDUr,102.0
1358,0,GkYZbgqg,KdEmbmsx,102.0
1358,0,FlYjxOxQ,GkYZbgqg,102.0
1358,0,wFSILCzc,FlYjxOxQ,102.0
1358,0,yQQuLFAg,wFSILCzc,102.0
1358,0,rckblBTM,yQQuLFAg,102.0
1358,0,fGmFhgnx,rckblBTM,102.0
1358,0,XyHfgUxW,fGmFhgnx,102.0
1358,0,zjjLSYAp,XyHfgUxW,102.0
1358,0,nIakFMcq,zjjLSYAp,102.0
1358,0,yAgyFeHo,nIakFMcq,100.0
1358,0,QdWOxWia,yAgyFeHo,20.0
235,0,aUPouXsN,ohvLIfWG,6133.0
14,0,aUPouXsN,VjdckTjW,3138.0
273,0,qvujbmjR,mKIQRbrs,2159.0
273,0,SqxhBMol,qvujbmjR,2159.0
590,0,QHFmFyLR,EkWBPXmr,1634.0
590,0,neNWquOh,QHFmFyLR,1634.0
590,0,BQqYmuyR,neNWquOh,1639.0
590,0,PSjGjQXK,BQqYmuyR,1642.0
590,0,FDPmqphv,PSjGjQXK,4315.0
590,0,aVjdmBcp,FDPmqphv,4590.0
590,0,isVKhOXG,aVjdmBcp,4590.0
590,0,pHNyFRmN,isVKhOXG,4616.0
590,0,SMriOOgF,pHNyFRmN,4641.0
590,0,RHWjHSWx,SMriOOgF,4641.0
706,0,izUAPpdi,xyBTaHvp,22.0
706,0,FVYwGhLu,izUAPpdi,22.0
706,0,cNWTidvb,FVYwGhLu,22.0
706,0,wFSILCzc,cNWTidvb,22.0
601,0,mKIQRbrs,hfsVeMMa,900.0
480,0,SqxhBMol,xkdRvtRu,2460.0
1374,0,qvujbmjR,mKIQRbrs,2498.0
1374,0,SqxhBMol,qvujbmjR,2595.0
480,0,hOGVczfj,QIQMIQBO,716.0
480,0,kXtCwJQx,hOGVczfj,716.0
686,0,fubLBmAl,DOGyniWl,1492.0
686,0,nEXpIbiD,fubLBmAl,1492.0
686,0,eTJQHplR,nEXpIbiD,1494.0
686,0,vrgENeuF,eTJQHplR,1597.0
686,0,lxSUNwOi,vrgENeuF,1652.0
686,0,aIerxCRO,lxSUNwOi,1671.0
686,0,ZHaurlhr,aIerxCRO,1671.0
686,0,KMDYeUKg,ZHaurlhr,1797.0
686,0,RSPZrGBg,KMDYeUKg,1837.0
686,0,nrUfCQxz,RSPZrGBg,1837.0
686,0,YmkUpvHU,qKeCDDXI,370.0
686,0,GbYxEXTt,YmkUpvHU,1405.0
686,0,DOGyniWl,GbYxEXTt,1405.0
292,0,SlfNpref,aUPouXsN,1647.0
292,0,mTbspdLq,SlfNpref,1647.0
1358,0,gViLrCgA,QdWOxWia,12.0
1358,0,cCSIoIah,gViLrCgA,9.0
1358,0,DLdtTvFi,cCSIoIah,9.0
1413,0,DeduXMzE,udlIzhJE,54.0
1413,0,GXHjZCTL,DeduXMzE,54.0
1413,0,yolIeCeg,GXHjZCTL,54.0
1413,0,ozAxYCwR,yolIeCeg,54.0
1413,0,qdrjbHYS,ozAxYCwR,54.0
1413,0,AKdDiXyV,qdrjbHYS,54.0
1413,0,fFHpEWYG,AKdDiXyV,54.0
1413,0,jOxyxYyy,fFHpEWYG,54.0
1413,0,gGlRqksC,jOxyxYyy,54.0
1413,0,GRRjUQxz,gGlRqksC,54.0
1413,0,evYofZgS,GRRjUQxz,54.0
1413,0,RHWjHSWx,evYofZgS,54.0
1413,0,VpmqCJUB,RHWjHSWx,54.0
1413,0,dulnZXnF,VpmqCJUB,54.0
1413,0,RkIYOvZu,dulnZXnF,54.0
1413,0,ygKQkAfU,RkIYOvZu,54.0
295,0,qDeoslSZ,hLEWSLqw,1183.0
490,0,VpmqCJUB,RHWjHSWx,1834.0
490,0,dulnZXnF,VpmqCJUB,1834.0
490,0,RkIYOvZu,dulnZXnF,1834.0
490,0,ygKQkAfU,RkIYOvZu,1834.0
670,0,AszcEtOu,BpAiVnps,208.0
670,0,ybjkPLXB,AszcEtOu,321.0
273,0,nrKKniYe,SqxhBMol,1942.0
457,0,DRkcXziO,PbNNbEKu,35.0
457,0,fTOPrrgc,DRkcXziO,35.0
457,0,ErjukRDc,fTOPrrgc,35.0
457,0,ojYgsDtJ,ErjukRDc,35.0
226,0,aIerxCRO,lxSUNwOi,148.0
226,0,ZHaurlhr,aIerxCRO,148.0
226,0,KMDYeUKg,ZHaurlhr,192.0
226,0,lxSUNwOi,NgBSBxMr,128.0
600,0,CEZTRnUo,qflzswAf,26.0
600,0,funWfCdm,CEZTRnUo,26.0
600,0,rnFrOJMw,funWfCdm,26.0
600,0,MklhhYCQ,rnFrOJMw,26.0
600,0,nzTRQfUi,MklhhYCQ,26.0
600,0,PZLqDGdx,nzTRQfUi,26.0
600,0,kjxfKqbD,PZLqDGdx,26.0
600,0,mSXRukCc,kjxfKqbD,26.0
600,0,FFGyTMvJ,mSXRukCc,26.0
600,0,eyAJPdep,FFGyTMvJ,26.0
1689,0,xMTUUeEc,tBgOcvQf,66.0
1689,0,jPryMrof,xMTUUeEc,66.0
1689,0,jkJwqjHm,jPryMrof,66.0
1689,0,jKMBgxbE,jkJwqjHm,66.0
1689,0,tldUULAx,jKMBgxbE,66.0
1689,0,yzZGrKJL,tldUULAx,53.0
1689,0,qDeoslSZ,yzZGrKJL,53.0
214,0,XjEyEHqT,EYCnMsAF,306.0
214,0,qDeoslSZ,hLEWSLqw,826.0
490,0,blwWmPPo,ygKQkAfU,1267.0
490,0,hLEWSLqw,blwWmPPo,1267.0
490,0,qDeoslSZ,hLEWSLqw,1261.0
1745,0,blwWmPPo,ygKQkAfU,499.0
1745,0,hLEWSLqw,blwWmPPo,499.0
1745,0,tMEROJFH,hLEWSLqw,499.0
1744,0,blwWmPPo,ygKQkAfU,2760.0
1744,0,ufLmazVu,blwWmPPo,2760.0
1744,0,tMEROJFH,ufLmazVu,2724.0
501,0,blwWmPPo,ygKQkAfU,82.0
501,0,ufLmazVu,blwWmPPo,82.0
501,0,qDeoslSZ,ufLmazVu,82.0
647,0,plmttHNh,mBUKTvtr,50.0
647,0,GIAembsg,plmttHNh,50.0
647,0,OyNIynZV,GIAembsg,50.0
218,0,BoBfKnBc,WuSgkufa,60.0
218,0,tjNvNzFb,BoBfKnBc,60.0
218,0,mxxFIxNX,tjNvNzFb,60.0
218,0,mxpYyFEY,mxxFIxNX,60.0
218,0,awnNVqry,mxpYyFEY,60.0
218,0,EYCnMsAF,awnNVqry,60.0
218,0,XjEyEHqT,EYCnMsAF,60.0
218,0,IvqxNjHK,XjEyEHqT,60.0
218,0,SyrqOGJb,IvqxNjHK,60.0
218,0,NcLanIdZ,SyrqOGJb,60.0
218,0,OyNIynZV,NcLanIdZ,48.0
218,0,ydoNqUsu,OyNIynZV,48.0
218,0,yYSDLmlm,ydoNqUsu,33.0
218,0,FDCDnriY,yYSDLmlm,33.0
218,0,hLEWSLqw,FDCDnriY,32.0
218,0,qDeoslSZ,hLEWSLqw,32.0
590,0,VpmqCJUB,RHWjHSWx,4512.0
590,0,EvIZgaUF,VpmqCJUB,4512.0
590,0,mGgwEHaG,EvIZgaUF,4527.0
590,0,DWuGRWkF,mGgwEHaG,4527.0
1741,0,JvhqCmbT,HTKZNJTs,550.0
1741,0,pfHqWMIj,JvhqCmbT,550.0
1741,0,yZEnTGkU,pfHqWMIj,550.0
1741,0,svamcGgQ,yZEnTGkU,610.0
1741,0,OkTOljoV,svamcGgQ,610.0
1741,0,RoAYEvND,OkTOljoV,609.0
480,0,yZEnTGkU,SqxhBMol,2028.0
480,0,svamcGgQ,yZEnTGkU,2586.0
480,0,OkTOljoV,svamcGgQ,2586.0
480,0,ryMrZCSE,OkTOljoV,2586.0
320,0,ExPvCHrU,DjKGsdyb,269.0
320,0,OCwYbEnq,ExPvCHrU,269.0
320,0,nrUfCQxz,OCwYbEnq,300.0
320,0,XwcxmOai,nrUfCQxz,300.0
590,0,ryMrZCSE,DWuGRWkF,4591.0
480,0,UZvsWvxC,kXtCwJQx,682.0
480,0,Afgbwxue,UZvsWvxC,682.0
480,0,yHOAvGcL,Afgbwxue,682.0
480,0,cPCRxZjy,yHOAvGcL,222.0
1505,0,BMprcpdo,xQqwXgNZ,3431.0
1745,0,hOGVczfj,pOvHFZPM,478.0
1745,0,kXtCwJQx,hOGVczfj,478.0
1745,0,UZvsWvxC,kXtCwJQx,478.0
1745,0,Afgbwxue,UZvsWvxC,478.0
1745,0,yHOAvGcL,Afgbwxue,478.0
1745,0,CTeFabzs,yHOAvGcL,478.0
1745,0,TUpCuZAw,ThGrfpxl,434.0
1745,0,HYfXIyFk,TUpCuZAw,434.0
1745,0,oQvXmJfL,HYfXIyFk,434.0
1745,0,yayPNqiY,oQvXmJfL,434.0
1745,0,pOvHFZPM,yayPNqiY,434.0
1745,0,XAxmwtqw,aFlzccOO,260.0
1745,0,ThGrfpxl,XAxmwtqw,260.0
1745,0,aFlzccOO,DYvQviUy,189.0
1745,0,DYvQviUy,RfEbENxd,167.0
1745,0,jQaLNViL,gyQqEnFq,90.0
1745,0,RfEbENxd,jQaLNViL,90.0
235,0,AjJCgCBk,nrKKniYe,5543.0
14,0,SlfNpref,aUPouXsN,3486.0
14,0,nrKKniYe,SlfNpref,3486.0
14,0,AjJCgCBk,nrKKniYe,3606.0
1106,0,awOEKaEj,qdrjbHYS,480.0
1106,0,fFHpEWYG,awOEKaEj,487.0
1106,0,jOxyxYyy,fFHpEWYG,487.0
1106,0,eVGAINdZ,jOxyxYyy,487.0
1106,0,zOQhKaAF,eVGAINdZ,487.0
1106,0,hfsVeMMa,zOQhKaAF,536.0
1106,0,isVKhOXG,hfsVeMMa,558.0
1106,0,mKIQRbrs,isVKhOXG,558.0
1106,0,qvujbmjR,mKIQRbrs,559.0
1106,0,SqxhBMol,qvujbmjR,559.0
1106,0,nrKKniYe,SqxhBMol,559.0
1106,0,SWnceHEw,nrKKniYe,694.0
1106,0,AjJCgCBk,SWnceHEw,694.0
273,0,SWnceHEw,nrKKniYe,1892.0
273,0,AjJCgCBk,SWnceHEw,1892.0
287,0,eKMWhxRF,lqMPnIra,256.0
287,0,PKfyrIVb,eKMWhxRF,256.0
287,0,uGNDunGF,PKfyrIVb,256.0
1374,0,MzWshIAL,SqxhBMol,1750.0
1374,0,NZGnRwVn,MzWshIAL,1858.0
235,0,jFmPCmzM,AjJCgCBk,5209.0
273,0,jFmPCmzM,AjJCgCBk,1698.0
539,0,SwLVnWPq,ZijVddwt,14.0
539,0,xGsoSfhX,SwLVnWPq,13.0
1197,0,OeKkfJSz,HTcmpFUD,46.0
1197,0,FZjXRNIl,OeKkfJSz,46.0
1197,0,wHSBMatn,FZjXRNIl,46.0
1197,0,pbVrXoGi,wHSBMatn,46.0
1197,0,GuhaYkFL,pbVrXoGi,47.0
1197,0,EdJUuxct,GuhaYkFL,47.0
1197,0,gmiMCrrb,EdJUuxct,47.0
292,0,QHFmFyLR,EkWBPXmr,518.0
292,0,neNWquOh,QHFmFyLR,518.0
292,0,KwaxxmSs,neNWquOh,518.0
292,0,PSjGjQXK,KwaxxmSs,526.0
292,0,GnsXgGJX,PSjGjQXK,1131.0
292,0,VjdckTjW,GnsXgGJX,1166.0
292,0,ohvLIfWG,VjdckTjW,1229.0
292,0,aUPouXsN,ohvLIfWG,1229.0
292,0,nrKKniYe,mTbspdLq,1631.0
253,0,DOGyniWl,GbYxEXTt,1338.0
253,0,nEXpIbiD,DOGyniWl,2014.0
253,0,eTJQHplR,nEXpIbiD,2314.0
1750,0,DOGyniWl,GbYxEXTt,247.0
1750,0,fubLBmAl,DOGyniWl,247.0
1750,0,nEXpIbiD,fubLBmAl,247.0
1750,0,eTJQHplR,nEXpIbiD,244.0
1106,0,jFmPCmzM,AjJCgCBk,691.0
1106,0,TrOiZJox,jFmPCmzM,654.0
273,0,TrOiZJox,jFmPCmzM,1368.0
213,0,eYoPTdNP,ZpgoacOO,374.0
213,0,rlRRFZPO,eYoPTdNP,374.0
213,0,JXTJImqP,rlRRFZPO,374.0
213,0,rwHPNAJf,JXTJImqP,374.0
213,0,suszCmcx,rwHPNAJf,374.0
213,0,dfkLIYlO,suszCmcx,374.0
213,0,RiVtboFJ,dfkLIYlO,374.0
686,0,UFoaQvGg,RfEbENxd,112.0
686,0,uxsctOEt,UFoaQvGg,112.0
686,0,UfJDroVz,uxsctOEt,112.0
686,0,biJBLznK,UfJDroVz,112.0
686,0,TcsyXYNn,biJBLznK,112.0
686,0,qKeCDDXI,TcsyXYNn,112.0
686,0,jQaLNViL,gyQqEnFq,54.0
686,0,RfEbENxd,jQaLNViL,54.0
635,0,pSVDMeCH,gaLZwYvS,115.0
635,0,FTwVCxQy,pSVDMeCH,115.0
635,0,RFaTWaew,FTwVCxQy,115.0
635,0,mYoRZvtc,RFaTWaew,234.0
635,0,NKCxdwhs,mYoRZvtc,360.0
635,0,eeSdZFhf,NKCxdwhs,360.0
635,0,gFAsBeQM,eeSdZFhf,454.0
635,0,lctVuVOk,gFAsBeQM,770.0
635,0,EocVuyzS,lctVuVOk,770.0
1413,0,blwWmPPo,ygKQkAfU,48.0
1413,0,dYaEdzoO,blwWmPPo,48.0
1413,0,TIoMzhxD,dYaEdzoO,48.0
648,0,TIoMzhxD,LoxEXWve,492.0
214,0,EYCnMsAF,awnNVqry,5.0
590,0,fRxWIrbs,ryMrZCSE,4210.0
590,0,QrdELzCu,fRxWIrbs,4210.0
590,0,YvwQRHTE,QrdELzCu,4210.0
590,0,HJTsgSzj,YvwQRHTE,4204.0
1413,0,iRpWiLQH,TIoMzhxD,33.0
1413,0,LPBTmxgF,iRpWiLQH,33.0
670,0,pTpnumHG,TIoMzhxD,454.0
670,0,LPBTmxgF,pTpnumHG,454.0
615,0,pTpnumHG,TIoMzhxD,356.0
615,0,LPBTmxgF,pTpnumHG,356.0
311,0,plWWPiMc,mnkgCFDT,438.0
311,0,HcPkwFHM,plWWPiMc,491.0
311,0,KjuJaNsu,HcPkwFHM,729.0
311,0,oNyGHMvy,KjuJaNsu,729.0
311,0,QdnKSSsO,oNyGHMvy,751.0
311,0,vSdfqYeK,QdnKSSsO,853.0
311,0,wDpyEsxh,vSdfqYeK,853.0
311,0,jIerKxIb,wDpyEsxh,853.0
311,0,IubGYoNi,jIerKxIb,1040.0
311,0,fmQEzQWV,IubGYoNi,1167.0
311,0,BpAiVnps,fmQEzQWV,1444.0
311,0,LPBTmxgF,pTpnumHG,742.0
213,0,KplKuAnp,iYMJvRAf,2.0
213,0,pSVDMeCH,KplKuAnp,2.0
213,0,RFaTWaew,pSVDMeCH,3.0
213,0,TUeJMYAe,RiVtboFJ,430.0
213,0,nDzrviXX,TUeJMYAe,430.0
648,0,QdIKKqKN,TIoMzhxD,23.0
648,0,ZIZoBDen,QdIKKqKN,23.0
648,0,DYLgRRdw,ZIZoBDen,23.0
648,0,QvJRXCKm,DYLgRRdw,23.0
480,0,fRxWIrbs,ryMrZCSE,1691.0
480,0,QrdELzCu,fRxWIrbs,1691.0
480,0,YvwQRHTE,QrdELzCu,1691.0
480,0,HJTsgSzj,YvwQRHTE,1777.0
147,0,VuPuNOXM,WeXgsZLY,786.0
147,0,QgwCgjAi,VuPuNOXM,786.0
213,0,QgwCgjAi,nDzrviXX,386.0
204,0,VuPuNOXM,WeXgsZLY,853.0
204,0,QgwCgjAi,VuPuNOXM,853.0
1468,0,DOGyniWl,GbYxEXTt,112.0
1468,0,nEXpIbiD,DOGyniWl,112.0
1468,0,eTJQHplR,nEXpIbiD,112.0
798,0,DOGyniWl,GbYxEXTt,421.0
798,0,fubLBmAl,DOGyniWl,421.0
798,0,nEXpIbiD,fubLBmAl,421.0
798,0,eTJQHplR,nEXpIbiD,420.0
528,0,DOGyniWl,ItndWSiW,84.0
528,0,fubLBmAl,DOGyniWl,84.0
528,0,nEXpIbiD,fubLBmAl,84.0
528,0,eTJQHplR,nEXpIbiD,84.0
1317,0,psXocZQH,PlyJazqR,1556.0
1317,0,yprCGtVa,psXocZQH,1556.0
14,0,jFmPCmzM,AjJCgCBk,3688.0
14,0,fkZFUNSd,jFmPCmzM,3410.0
14,0,cttUtMNm,fkZFUNSd,3804.0
14,0,wHfmVQMh,cttUtMNm,3794.0
1106,0,fkZFUNSd,TrOiZJox,1370.0
1106,0,cttUtMNm,fkZFUNSd,1370.0
1106,0,wHfmVQMh,cttUtMNm,1370.0
673,0,jXeBpcDF,lZYsrfVZ,364.0
673,0,goaumTLR,jXeBpcDF,364.0
673,0,vNMxowJX,goaumTLR,364.0
673,0,voZaDctr,vNMxowJX,364.0
673,0,cttUtMNm,voZaDctr,364.0
673,0,wHfmVQMh,cttUtMNm,364.0
14,0,mdGitRQe,wHfmVQMh,3805.0
1374,0,GvhVJqUj,NZGnRwVn,1303.0
1374,0,pYVbvizw,GvhVJqUj,1303.0
1374,0,bdIbpKdP,pYVbvizw,1303.0
1374,0,VJibZvbS,bdIbpKdP,1303.0
1374,0,uSZbdBno,VJibZvbS,1309.0
398,0,JvhqCmbT,FmTbQszJ,286.0
398,0,xkdRvtRu,JvhqCmbT,286.0
398,0,upZFxFqB,xkdRvtRu,286.0
398,0,SqxhBMol,upZFxFqB,286.0
398,0,yZEnTGkU,SqxhBMol,286.0
398,0,svamcGgQ,yZEnTGkU,286.0
398,0,OkTOljoV,svamcGgQ,286.0
398,0,ryMrZCSE,OkTOljoV,286.0
398,0,fRxWIrbs,ryMrZCSE,286.0
398,0,QrdELzCu,fRxWIrbs,286.0
398,0,YvwQRHTE,QrdELzCu,286.0
398,0,HJTsgSzj,YvwQRHTE,286.0
398,0,TcTonWJL,HJTsgSzj,286.0
398,0,WtptgYtz,TcTonWJL,286.0
480,0,TcTonWJL,HJTsgSzj,1138.0
480,0,WtptgYtz,TcTonWJL,1182.0
130,0,pcONCDTC,CkSrqRXW,1.0
1106,0,mdGitRQe,wHfmVQMh,1268.0
673,0,mdGitRQe,wHfmVQMh,149.0
213,0,zAwPDfkg,QgwCgjAi,6.0
213,0,eTJQHplR,zAwPDfkg,6.0
1366,0,UFoaQvGg,RfEbENxd,1385.0
1366,0,uxsctOEt,UFoaQvGg,1385.0
1366,0,lsFGVtlq,uxsctOEt,1385.0
1366,0,jQaLNViL,gyQqEnFq,667.0
1366,0,RfEbENxd,jQaLNViL,791.0
1272,0,cHhWsWUg,SMhobJmy,1463.0
1272,0,nPkrzCty,cHhWsWUg,1463.0
1272,0,jIerKxIb,nPkrzCty,1434.0
1567,0,lqMPnIra,nPkrzCty,2818.0
398,0,NJSgWoOc,WtptgYtz,138.0
398,0,HFKfgJoc,NJSgWoOc,138.0
398,0,KQSHMGnw,HFKfgJoc,138.0
684,0,NJSgWoOc,FHkpxOov,480.0
684,0,HFKfgJoc,NJSgWoOc,479.0
684,0,KQSHMGnw,HFKfgJoc,479.0
480,0,NJSgWoOc,WtptgYtz,1100.0
480,0,HFKfgJoc,NJSgWoOc,1100.0
480,0,KQSHMGnw,HFKfgJoc,1100.0
686,0,HFKfgJoc,NJSgWoOc,332.0
686,0,KQSHMGnw,HFKfgJoc,332.0
590,0,TcTonWJL,HJTsgSzj,3963.0
590,0,NJSgWoOc,TcTonWJL,3966.0
590,0,RIpTuvwk,NJSgWoOc,3968.0
1645,0,DdAJghjk,FyIjwLBj,406.0
1645,0,IglTFvIG,DdAJghjk,383.0
1645,0,esXmHZAz,IglTFvIG,383.0
1645,0,VUTBmskZ,esXmHZAz,383.0
1645,0,KQSHMGnw,VUTBmskZ,381.0
1645,0,sWFNlbjw,ASOyxnpu,555.0
1645,0,qTqvnQiR,sWFNlbjw,555.0
1645,0,FyIjwLBj,qTqvnQiR,522.0
1645,0,ASOyxnpu,QewuHWYk,305.0
1189,0,adsviABF,LPldZjRa,55.0
1189,0,TqlJzItM,adsviABF,47.0
1189,0,KQSHMGnw,TqlJzItM,47.0
186,0,DzkWADkh,gmiMCrrb,371.0
186,0,MjMnNBLG,DzkWADkh,371.0
186,0,XiRzIewe,MjMnNBLG,371.0
648,0,PnlUHDyC,QvJRXCKm,1.0
356,0,zfdolaES,nEXpIbiD,1165.0
356,0,jiufRClk,zfdolaES,1165.0
356,0,GVnbohJg,jiufRClk,1165.0
356,0,TIKKmaif,GVnbohJg,1189.0
356,0,nTVsVrjG,TIKKmaif,886.0
235,0,MgruBUee,RVGhYAxc,3918.0
273,0,BpAiVnps,RVGhYAxc,1504.0
186,0,udKeccMr,XiRzIewe,461.0
186,0,HEshVETB,udKeccMr,461.0
186,0,WKWTpoqQ,HEshVETB,461.0
186,0,oUmVLfUX,WKWTpoqQ,457.0
186,0,fJdABIlw,oUmVLfUX,457.0
186,0,mXwfazRz,fJdABIlw,412.0
186,0,rBcVngYR,mXwfazRz,412.0
186,0,NGAodVTg,rBcVngYR,156.0
186,0,TvGyfQSI,NGAodVTg,156.0
186,0,HFYkXdPG,TvGyfQSI,156.0
186,0,KjgVoxgR,HFYkXdPG,167.0
186,0,xTOrUJFO,KjgVoxgR,148.0
186,0,EmkugZPX,xTOrUJFO,148.0
186,0,lmZJehpq,EmkugZPX,147.0
186,0,YtrqvWdf,lmZJehpq,147.0
186,0,tDDddUJb,YtrqvWdf,76.0
186,0,RVGhYAxc,tDDddUJb,76.0
186,0,BpAiVnps,RVGhYAxc,58.0
673,0,RVGhYAxc,mdGitRQe,121.0
673,0,BpAiVnps,RVGhYAxc,121.0
1104,0,DzkWADkh,tBgOcvQf,8.0
1104,0,MjMnNBLG,DzkWADkh,8.0
1104,0,XiRzIewe,MjMnNBLG,8.0
1104,0,HEshVETB,XiRzIewe,8.0
1104,0,WKWTpoqQ,HEshVETB,8.0
1104,0,fJdABIlw,WKWTpoqQ,8.0
1104,0,uDcoTtDr,fJdABIlw,2.0
1104,0,NGAodVTg,uDcoTtDr,2.0
1104,0,TvGyfQSI,NGAodVTg,2.0
1104,0,HFYkXdPG,TvGyfQSI,2.0
1104,0,KjgVoxgR,HFYkXdPG,2.0
1104,0,EmkugZPX,KjgVoxgR,2.0
1104,0,lmZJehpq,EmkugZPX,2.0
1104,0,RVGhYAxc,lmZJehpq,2.0
1104,0,BpAiVnps,RVGhYAxc,1.0
477,0,BpAiVnps,RVGhYAxc,629.0
539,0,pdQlgkSh,xGsoSfhX,1.0
52,0,oiYuCTCe,ZijVddwt,1546.0
52,0,SwLVnWPq,oiYuCTCe,359.0
52,0,xQSKBJml,SwLVnWPq,359.0
52,0,eXTjiXiW,xQSKBJml,359.0
52,0,UUCrlfWg,eXTjiXiW,359.0
52,0,YULSfngF,UUCrlfWg,359.0
52,0,ozuppJDT,YULSfngF,359.0
52,0,xGsoSfhX,ozuppJDT,359.0
52,0,RVGhYAxc,xGsoSfhX,207.0
52,0,BpAiVnps,RVGhYAxc,207.0
1549,0,tkDBwPiV,uGNDunGF,43.0
1549,0,mqlWPdpA,tkDBwPiV,28.0
1549,0,lOdrwgOe,mqlWPdpA,28.0
1549,0,BRjWpQtg,lOdrwgOe,4.0
1549,0,CrcsXCbZ,BRjWpQtg,4.0
1549,0,fcKeEgEf,CrcsXCbZ,4.0
1549,0,MgruBUee,fcKeEgEf,4.0
590,0,ubzklVlS,RIpTuvwk,3865.0
1262,0,tkDBwPiV,uGNDunGF,2992.0
1262,0,mqlWPdpA,tkDBwPiV,2953.0
1262,0,lOdrwgOe,mqlWPdpA,2953.0
1262,0,BRjWpQtg,lOdrwgOe,151.0
1262,0,CrcsXCbZ,BRjWpQtg,151.0
1262,0,noVetmot,ZdIQslRD,2696.0
1262,0,MGitFLID,noVetmot,2696.0
1262,0,kYpOneyC,MGitFLID,2696.0
1262,0,fQmxveIO,kYpOneyC,2686.0
1262,0,DRTLnTnI,fQmxveIO,2686.0
1262,0,eKMWhxRF,DRTLnTnI,2686.0
1262,0,PKfyrIVb,eKMWhxRF,2380.0
1262,0,uGNDunGF,PKfyrIVb,2380.0
601,0,HGjkimBc,pPqywgRl,1223.0
601,0,lqMPnIra,HGjkimBc,1223.0
1141,0,lqMPnIra,jIerKxIb,2174.0
1272,0,jFRqfnFl,VkcYQwTj,1118.0
1272,0,ysSWNERo,jFRqfnFl,1124.0
1272,0,lQIpGOTn,ysSWNERo,1133.0
1272,0,uhUmvvRs,lQIpGOTn,1133.0
1272,0,svgtEcQx,uhUmvvRs,1133.0
1272,0,HcPkwFHM,svgtEcQx,1133.0
1272,0,KjuJaNsu,HcPkwFHM,1133.0
1272,0,oNyGHMvy,KjuJaNsu,1133.0
1272,0,QdnKSSsO,oNyGHMvy,1133.0
1272,0,vSdfqYeK,QdnKSSsO,1133.0
1272,0,AmahvgQB,vSdfqYeK,1133.0
1272,0,lOtREfVG,AmahvgQB,1133.0
1272,0,SMhobJmy,lOtREfVG,1133.0
1272,0,lqMPnIra,jIerKxIb,1230.0
1272,0,BZCtSmhk,ywuGpANM,1104.0
1272,0,VkcYQwTj,BZCtSmhk,1104.0
1272,0,FZsFzszJ,gzTQJVMW,174.0
1272,0,ALhaazBT,FZsFzszJ,180.0
1272,0,AUmOMGnp,ALhaazBT,199.0
1272,0,ejMjPdTH,AUmOMGnp,204.0
1272,0,NJxrRaUf,ejMjPdTH,309.0
1272,0,hpACGGyB,NJxrRaUf,309.0
1272,0,ywuGpANM,hpACGGyB,312.0
1272,0,gzTQJVMW,RVEyrwjR,159.0
1272,0,RVEyrwjR,XLVjRryq,132.0
1272,0,XLVjRryq,NxbXiMUL,51.0
1272,0,vDFCntfg,YvwuVYMF,47.0
1272,0,NxbXiMUL,vDFCntfg,47.0
320,0,sCyvkPkr,XwcxmOai,478.0
320,0,YLjwrcCY,sCyvkPkr,478.0
320,0,RfzcmazU,YLjwrcCY,478.0
320,0,ImIhxSnH,RfzcmazU,478.0
320,0,iEKuRfDT,ImIhxSnH,478.0
320,0,PlyJazqR,iEKuRfDT,478.0
320,0,kkrKJmiC,PlyJazqR,478.0
320,0,psXocZQH,kkrKJmiC,478.0
320,0,yprCGtVa,psXocZQH,478.0
320,0,pPqywgRl,yprCGtVa,568.0
320,0,SJHseTdc,pPqywgRl,568.0
320,0,lqMPnIra,SJHseTdc,568.0
291,0,SOBUilCD,mdGitRQe,1090.0
291,0,RVGhYAxc,SOBUilCD,1090.0
291,0,NfHwMQdR,dLUoTBAU,412.0
291,0,nPkrzCty,NfHwMQdR,412.0
291,0,lqMPnIra,nPkrzCty,412.0
1619,0,oIlHYibo,EnhcBMcG,1218.0
1619,0,rcxPdVgD,oIlHYibo,1218.0
1619,0,NztIaxQU,rcxPdVgD,1129.0
1619,0,YctaenCe,jcExlqwL,266.0
1619,0,tzYrVhKO,YctaenCe,266.0
1619,0,UgpyjFML,tzYrVhKO,266.0
1619,0,nPkrzCty,UgpyjFML,253.0
1619,0,CuLSONdy,nPkrzCty,252.0
464,0,HpfZbCVA,fyqDJAhS,925.0
464,0,EYgpmtHR,HpfZbCVA,834.0
464,0,glDvUhXc,EYgpmtHR,791.0
464,0,FhKkSAFH,glDvUhXc,791.0
464,0,hSRFRBsa,FhKkSAFH,791.0
601,0,eKMWhxRF,lqMPnIra,565.0
601,0,pRsoSsPh,eKMWhxRF,565.0
601,0,pUxrqkbR,pRsoSsPh,565.0
601,0,GmRorurF,pUxrqkbR,565.0
601,0,rWJbJwsc,GmRorurF,565.0
601,0,uuIZngLh,rWJbJwsc,499.0
601,0,gHWJyJxY,uuIZngLh,499.0
601,0,oXQrzcje,gHWJyJxY,400.0
601,0,fyqDJAhS,oXQrzcje,400.0
601,0,HpfZbCVA,fyqDJAhS,296.0
601,0,glDvUhXc,HpfZbCVA,296.0
601,0,FhKkSAFH,glDvUhXc,296.0
601,0,taPJzyhF,FhKkSAFH,296.0
1568,0,pUxrqkbR,pRsoSsPh,6950.0
1568,0,GmRorurF,pUxrqkbR,7010.0
1568,0,rWJbJwsc,GmRorurF,11666.0
1568,0,uuIZngLh,rWJbJwsc,12899.0
1568,0,gHWJyJxY,uuIZngLh,12901.0
1568,0,oXQrzcje,gHWJyJxY,12901.0
1568,0,fyqDJAhS,oXQrzcje,13460.0
1568,0,CSzsuVOH,fyqDJAhS,14495.0
1178,0,xqQnPHkt,cNWTidvb,5040.0
1178,0,IfTbUocE,xqQnPHkt,4503.0
1178,0,OgnAStiZ,IfTbUocE,5629.0
1178,0,NmJVuAxS,OgnAStiZ,5629.0
1178,0,VFLsoIHD,NmJVuAxS,5839.0
129,0,zijvldJJ,RVGhYAxc,211.0
129,0,drFxsmcp,zijvldJJ,211.0
129,0,PywYzQHY,drFxsmcp,211.0
1263,0,RufmISTr,PywYzQHY,1740.0
121,0,WdOwNGhj,xfbmoJHP,1.0
121,0,kKKRBhFF,WdOwNGhj,1.0
121,0,NFInfBeu,kKKRBhFF,1.0
121,0,VCQdmIoF,NFInfBeu,1.0
121,0,ePrpofUw,VCQdmIoF,1.0
121,0,KcvPUxQg,ePrpofUw,1.0
121,0,BlnSxBAr,KcvPUxQg,1.0
121,0,TCBUGaZf,BlnSxBAr,1.0
121,0,pzcCDVmZ,TCBUGaZf,1.0
121,0,oUmVLfUX,pzcCDVmZ,1.0
121,0,fJdABIlw,oUmVLfUX,1.0
121,0,mXwfazRz,fJdABIlw,1.0
121,0,NGAodVTg,mXwfazRz,1.0
121,0,TvGyfQSI,NGAodVTg,1.0
121,0,HFYkXdPG,TvGyfQSI,1.0
121,0,KjgVoxgR,HFYkXdPG,1.0
121,0,xTOrUJFO,KjgVoxgR,1.0
121,0,EmkugZPX,xTOrUJFO,1.0
121,0,lmZJehpq,EmkugZPX,1.0
121,0,tDDddUJb,lmZJehpq,1.0
121,0,RVGhYAxc,tDDddUJb,1.0
463,0,oXQrzcje,gHWJyJxY,3603.0
463,0,fyqDJAhS,oXQrzcje,3537.0
463,0,HpfZbCVA,fyqDJAhS,3469.0
463,0,glDvUhXc,HpfZbCVA,3602.0
463,0,FhKkSAFH,glDvUhXc,3602.0
463,0,taPJzyhF,FhKkSAFH,3602.0
1395,0,dCWftKsk,xOHMcnRu,2258.0
1395,0,CSzsuVOH,dCWftKsk,2258.0
1395,0,aUZoPZMc,CSzsuVOH,2258.0
1395,0,xOhGqygU,aUZoPZMc,2257.0
1395,0,qOuhMtTj,xOhGqygU,1292.0
1395,0,KCvWJpxq,qOuhMtTj,1292.0
725,0,eusqYKWT,HezLsNFQ,1031.0
725,0,dCWftKsk,eusqYKWT,1028.0
725,0,HpfZbCVA,dCWftKsk,992.0
725,0,glDvUhXc,HpfZbCVA,992.0
725,0,FhKkSAFH,glDvUhXc,992.0
725,0,taPJzyhF,FhKkSAFH,992.0
719,0,kVhbTVuU,mnkgCFDT,493.0
719,0,dCWftKsk,xOHMcnRu,319.0
719,0,HpfZbCVA,dCWftKsk,309.0
719,0,EYgpmtHR,HpfZbCVA,244.0
719,0,glDvUhXc,EYgpmtHR,242.0
719,0,FhKkSAFH,glDvUhXc,242.0
719,0,hSRFRBsa,FhKkSAFH,242.0
1221,0,bjEpkupt,gxlaiARP,8803.0
1221,0,FYgdoWMK,bjEpkupt,8849.0
1221,0,zAqZkkQx,FYgdoWMK,8843.0
1221,0,vFpuvjcu,zAqZkkQx,8843.0
1221,0,dlIiZmBi,vFpuvjcu,8843.0
291,0,jFmPCmzM,AjJCgCBk,194.0
291,0,fkZFUNSd,jFmPCmzM,221.0
291,0,cttUtMNm,fkZFUNSd,530.0
291,0,wHfmVQMh,cttUtMNm,530.0
291,0,mdGitRQe,wHfmVQMh,533.0
250,0,HpfZbCVA,dCWftKsk,4668.0
250,0,glDvUhXc,HpfZbCVA,4668.0
250,0,FhKkSAFH,glDvUhXc,4652.0
250,0,taPJzyhF,FhKkSAFH,4652.0
1568,0,eKMWhxRF,lqMPnIra,1607.0
1568,0,pRsoSsPh,eKMWhxRF,2286.0
1263,0,PywYzQHY,zijvldJJ,136.0
1623,0,iSMSiXHg,GYenbKMg,1490.0
14,0,nCsqpnJo,owFNQNZv,4537.0
14,0,gnmwaIOJ,nCsqpnJo,4537.0
14,0,pygvGZaF,gnmwaIOJ,4537.0
14,0,bsQVAuyn,pygvGZaF,4537.0
14,0,VTHwomVj,bsQVAuyn,3810.0
14,0,VbpBVdde,VTHwomVj,4454.0
14,0,ocwJSpah,VbpBVdde,4112.0
14,0,CheNYOmP,ocwJSpah,5729.0
1643,0,OQuuHQtW,yQTlxjhE,313.0
1643,0,BZfkJyvP,OQuuHQtW,313.0
1643,0,pdLPgMHo,BZfkJyvP,313.0
1643,0,nCsqpnJo,pdLPgMHo,313.0
1643,0,gnmwaIOJ,nCsqpnJo,313.0
1643,0,pygvGZaF,gnmwaIOJ,313.0
1643,0,bsQVAuyn,pygvGZaF,313.0
1643,0,VTHwomVj,bsQVAuyn,313.0
1665,0,aTlqsXfd,iezkylgj,3425.0
1665,0,bSoWRArq,aTlqsXfd,3425.0
1665,0,RZSdunHk,bSoWRArq,3425.0
1665,0,wggFpXDl,RZSdunHk,3404.0
1665,0,PFPLEnYs,wggFpXDl,3404.0
1665,0,mkJuKiBe,PFPLEnYs,2068.0
1665,0,NioHjTzW,VcqDmTtv,3246.0
1665,0,iezkylgj,NioHjTzW,3246.0
1665,0,paIawFeA,nIakFMcq,1636.0
1665,0,VcqDmTtv,paIawFeA,1672.0
1190,0,bpTBwobH,InEujKOO,1590.0
1190,0,mSsugdoq,bpTBwobH,1590.0
1190,0,GOFcQtxc,mSsugdoq,1594.0
1190,0,CtbKcCWS,GOFcQtxc,1467.0
1190,0,tLfbIJdr,CtbKcCWS,1467.0
1190,0,NosTVaAF,tLfbIJdr,1907.0
1190,0,CZBrBkrq,NosTVaAF,1907.0
1593,0,uVXvGyfL,ciAbSxQX,2.0
1593,0,CwLKTicL,uVXvGyfL,2.0
1325,0,fgAPkwgD,TPescrDz,4.0
1374,0,GtaXwPrK,uSZbdBno,1292.0
1374,0,SfxDAXEq,GtaXwPrK,1292.0
1374,0,PIUpvPaY,SfxDAXEq,1292.0
1212,0,clVXMHJf,suvDbtPR,6.0
1212,0,UXEWVZzP,clVXMHJf,6.0
1212,0,MlYFoaez,UXEWVZzP,6.0
1212,0,XeinAhyy,MlYFoaez,6.0
1212,0,pGpZhRvq,XeinAhyy,6.0
1212,0,alaJPSTW,pGpZhRvq,6.0
1212,0,ngNzeSzC,alaJPSTW,6.0
1212,0,PHuvYJrP,ngNzeSzC,6.0
1212,0,FoxIDeQY,PHuvYJrP,6.0
1212,0,dZoxKDmD,FoxIDeQY,6.0
1212,0,ZOuLYtJj,dZoxKDmD,6.0
1212,0,SGnJOquj,ZOuLYtJj,6.0
1212,0,ogOCBKAf,SGnJOquj,6.0
320,0,QPoJLiJK,lqMPnIra,200.0
320,0,udvGqqIc,QPoJLiJK,200.0
320,0,FFlVogkV,udvGqqIc,200.0
204,0,zCyzbjXU,lOtREfVG,310.0
204,0,SDiGilLw,zCyzbjXU,310.0
147,0,lOtREfVG,AmahvgQB,89.0
147,0,zCyzbjXU,lOtREfVG,49.0
147,0,SDiGilLw,zCyzbjXU,49.0
1141,0,vSdfqYeK,QdnKSSsO,454.0
1141,0,AmahvgQB,vSdfqYeK,454.0
318,0,zCyzbjXU,lOtREfVG,474.0
318,0,SDiGilLw,zCyzbjXU,474.0
590,0,LVcdwgEp,ubzklVlS,3905.0
291,0,QHFmFyLR,EkWBPXmr,85.0
291,0,neNWquOh,QHFmFyLR,85.0
291,0,KwaxxmSs,neNWquOh,87.0
291,0,GnsXgGJX,KwaxxmSs,87.0
291,0,VjdckTjW,GnsXgGJX,93.0
291,0,aUPouXsN,VjdckTjW,93.0
291,0,SlfNpref,aUPouXsN,95.0
291,0,nrKKniYe,SlfNpref,95.0
291,0,AjJCgCBk,nrKKniYe,154.0
1106,0,xiCfcAgb,mdGitRQe,1522.0
1549,0,pPqywgRl,yprCGtVa,24.0
1549,0,HGjkimBc,pPqywgRl,24.0
1549,0,lqMPnIra,HGjkimBc,39.0
1549,0,eKMWhxRF,lqMPnIra,39.0
1549,0,PKfyrIVb,eKMWhxRF,39.0
1549,0,uGNDunGF,PKfyrIVb,39.0
1317,0,xiCfcAgb,AszcEtOu,4021.0
52,0,FZsFzszJ,gzTQJVMW,917.0
52,0,ALhaazBT,FZsFzszJ,955.0
52,0,ZijVddwt,ALhaazBT,955.0
52,0,gzTQJVMW,RVEyrwjR,844.0
1618,0,VWoPhHkb,rWJbJwsc,1013.0
1618,0,AVJtqaBS,VWoPhHkb,1013.0
1618,0,xeuxxNBT,AVJtqaBS,1013.0
1618,0,bOMXeuCa,xeuxxNBT,1013.0
1618,0,kltlGPhk,bOMXeuCa,1004.0
51,0,ZijVddwt,ALhaazBT,471.0
51,0,oiYuCTCe,ZijVddwt,471.0
51,0,SwLVnWPq,oiYuCTCe,30.0
51,0,xQSKBJml,SwLVnWPq,30.0
51,0,eXTjiXiW,xQSKBJml,30.0
51,0,UUCrlfWg,eXTjiXiW,30.0
51,0,YULSfngF,UUCrlfWg,30.0
51,0,ozuppJDT,YULSfngF,30.0
51,0,xGsoSfhX,ozuppJDT,30.0
1141,0,lOtREfVG,AmahvgQB,420.0
1141,0,SMhobJmy,lOtREfVG,420.0
215,0,JVRJClPS,cmBFyxQG,33.0
356,0,PKHBWIBu,nTVsVrjG,882.0
356,0,ICtDTIBO,PKHBWIBu,882.0
590,0,yLFlKjKg,LVcdwgEp,3940.0
705,0,qdrjbHYS,ozAxYCwR,147.0
705,0,awOEKaEj,qdrjbHYS,323.0
705,0,fFHpEWYG,awOEKaEj,328.0
705,0,jOxyxYyy,fFHpEWYG,766.0
705,0,gGlRqksC,jOxyxYyy,766.0
705,0,GRRjUQxz,gGlRqksC,766.0
705,0,MlQcmexA,GRRjUQxz,766.0
705,0,RHWjHSWx,MlQcmexA,800.0
705,0,VpmqCJUB,RHWjHSWx,884.0
705,0,EvIZgaUF,VpmqCJUB,884.0
705,0,mGgwEHaG,EvIZgaUF,890.0
705,0,DWuGRWkF,mGgwEHaG,911.0
705,0,ryMrZCSE,DWuGRWkF,919.0
705,0,fRxWIrbs,ryMrZCSE,1239.0
705,0,sKbmdUEJ,fRxWIrbs,1240.0
705,0,zWeVnnxO,sKbmdUEJ,1240.0
705,0,kXofjcRp,zWeVnnxO,1240.0
705,0,mCHzTQKa,kXofjcRp,1474.0
705,0,NJSgWoOc,mCHzTQKa,1517.0
705,0,RIpTuvwk,NJSgWoOc,1520.0
705,0,ubzklVlS,RIpTuvwk,1577.0
705,0,LVcdwgEp,ubzklVlS,1837.0
705,0,yLFlKjKg,LVcdwgEp,1837.0
1258,0,AszcEtOu,BpAiVnps,3293.0
1258,0,TCqyxHhF,AszcEtOu,3439.0
1258,0,TcEVvOUM,TCqyxHhF,3515.0
1258,0,qGnNRXVR,TcEVvOUM,3532.0
1258,0,yLFlKjKg,qGnNRXVR,3649.0
14,0,SOBUilCD,mdGitRQe,4505.0
14,0,xiCfcAgb,SOBUilCD,4505.0
14,0,RjtzWJgw,xiCfcAgb,4510.0
1106,0,RjtzWJgw,xiCfcAgb,1457.0
1374,0,XCZfXGna,PIUpvPaY,1388.0
1374,0,cJinKFJn,XCZfXGna,723.0
1618,0,eKMWhxRF,lqMPnIra,273.0
1618,0,pRsoSsPh,eKMWhxRF,273.0
1618,0,pUxrqkbR,pRsoSsPh,273.0
1618,0,GmRorurF,pUxrqkbR,273.0
1618,0,rWJbJwsc,GmRorurF,273.0
14,0,owFNQNZv,RjtzWJgw,4534.0
1664,0,RBBxesxu,WyfCQhSW,592.0
1664,0,dJJmWSZi,RBBxesxu,592.0
1664,0,JNybvbry,dJJmWSZi,592.0
1664,0,pKQmWfSR,JNybvbry,592.0
1664,0,AFMSRepx,pKQmWfSR,983.0
1664,0,WEgiiGlQ,AFMSRepx,1011.0
1664,0,sLYsFXAH,WEgiiGlQ,1011.0
1664,0,WjKdBsVK,sLYsFXAH,1011.0
1664,0,STKMtPtJ,WjKdBsVK,1011.0
1664,0,MyVorJBj,STKMtPtJ,1011.0
1664,0,AayEawbi,MyVorJBj,1011.0
1664,0,ymtXIyVJ,AayEawbi,1129.0
1664,0,WyfCQhSW,ogOCBKAf,582.0
590,0,RYTcAdhr,yLFlKjKg,1535.0
1644,0,SwLVnWPq,oiYuCTCe,543.0
1644,0,xQSKBJml,SwLVnWPq,543.0
1644,0,eXTjiXiW,xQSKBJml,543.0
1644,0,UUCrlfWg,eXTjiXiW,543.0
1644,0,lTvueOix,UUCrlfWg,543.0
1644,0,KrfyXGJm,lTvueOix,543.0
1644,0,HsdaZYKr,KrfyXGJm,543.0
1644,0,yDdeWpqj,HsdaZYKr,543.0
1644,0,cCSIoIah,yDdeWpqj,387.0
1644,0,ynnETaim,cCSIoIah,380.0
1644,0,EZJUvtOp,ynnETaim,380.0
1644,0,QIvHsQls,EZJUvtOp,380.0
1644,0,KoIfkWfm,QIvHsQls,380.0
1644,0,AoxuCYmM,KoIfkWfm,380.0
148,0,ggaXnTUz,mBSaKJib,92.0
148,0,zJsEFgSs,ggaXnTUz,92.0
148,0,exgtgIgV,zJsEFgSs,92.0
148,0,CvtLjMFW,exgtgIgV,92.0
148,0,vSdfqYeK,CvtLjMFW,92.0
148,0,AmahvgQB,vSdfqYeK,92.0
148,0,lOtREfVG,AmahvgQB,92.0
148,0,zCyzbjXU,lOtREfVG,92.0
148,0,SDiGilLw,zCyzbjXU,92.0
148,0,qQrteapK,SDiGilLw,92.0
148,0,blTjmaLj,qQrteapK,92.0
148,0,FXLsUIQr,blTjmaLj,92.0
148,0,fQmxveIO,FXLsUIQr,92.0
148,0,DRTLnTnI,fQmxveIO,92.0
148,0,pRsoSsPh,DRTLnTnI,92.0
148,0,pUxrqkbR,pRsoSsPh,91.0
148,0,GmRorurF,pUxrqkbR,34.0
148,0,rWJbJwsc,GmRorurF,34.0
148,0,uuIZngLh,rWJbJwsc,24.0
148,0,gHWJyJxY,uuIZngLh,24.0
1613,0,mSXRukCc,kjxfKqbD,1.0
318,0,qQrteapK,SDiGilLw,1.0
318,0,blTjmaLj,qQrteapK,1.0
318,0,FXLsUIQr,blTjmaLj,1.0
318,0,fQmxveIO,FXLsUIQr,1.0
318,0,SgGmeaHk,fQmxveIO,1.0
590,0,VmCBWvEb,RYTcAdhr,1681.0
590,0,XDkzDtUZ,VmCBWvEb,1681.0
590,0,BYVXItej,XDkzDtUZ,1681.0
1644,0,xyEkzzzh,AoxuCYmM,260.0
1644,0,EzivGHuE,xyEkzzzh,260.0
1644,0,MKwfjOZk,EzivGHuE,260.0
1644,0,jUhOGaww,MKwfjOZk,260.0
1644,0,CZhqrbpp,jUhOGaww,260.0
1644,0,PaniFwRg,CZhqrbpp,260.0
1644,0,BYVXItej,PaniFwRg,260.0
1697,0,mWmEvZTH,ijSxrWBJ,31.0
1697,0,kMLkbKUX,mWmEvZTH,31.0
1697,0,REXhdYUf,kMLkbKUX,31.0
1697,0,ynGLeAnq,REXhdYUf,31.0
1697,0,xAsZAVUQ,ynGLeAnq,31.0
1697,0,dJOjnHRJ,xAsZAVUQ,31.0
1697,0,rQPeTBQp,dJOjnHRJ,31.0
1697,0,gheqVjAb,rQPeTBQp,31.0
1697,0,JrRIRrmn,gheqVjAb,31.0
1374,0,lOxXZcFl,cJinKFJn,716.0
1374,0,dxlyVRvH,lOxXZcFl,716.0
1141,0,ZdIQslRD,SMhobJmy,124.0
1141,0,noVetmot,ZdIQslRD,124.0
1141,0,MGitFLID,noVetmot,124.0
1141,0,kYpOneyC,MGitFLID,124.0
1646,0,rFdYeguL,KQSHMGnw,224.0
1646,0,zSOBHhoP,rFdYeguL,224.0
1646,0,qBoqSZqr,zSOBHhoP,224.0
1646,0,yeapPLlD,qBoqSZqr,224.0
1646,0,TvGyfQSI,yeapPLlD,244.0
1646,0,ShCqTXMl,TvGyfQSI,451.0
1646,0,xRJArdDK,ShCqTXMl,463.0
1646,0,zRaNzOkn,xRJArdDK,463.0
1645,0,dAjqsFfg,tJbXQuOE,1.0
1645,0,QewuHWYk,dAjqsFfg,1.0
1178,0,rbVbMNcM,KcvPUxQg,3720.0
215,0,ZZUoaXbF,JVRJClPS,28.0
1593,0,sFyIuMsY,skXWrZzT,34.0
1593,0,JGXXNLkS,sFyIuMsY,34.0
1593,0,PFRWWlNS,JGXXNLkS,34.0
1379,0,pKTlpooZ,voXQjjKh,1431.0
1379,0,VcqDmTtv,pKTlpooZ,1431.0
1379,0,NioHjTzW,VcqDmTtv,771.0
1379,0,XGJiqzLW,NioHjTzW,771.0
705,0,isWzWnoW,yLFlKjKg,1741.0
705,0,fcSUqaEW,isWzWnoW,1741.0
705,0,YJykDsrc,fcSUqaEW,1741.0
1183,0,VcqDmTtv,nIakFMcq,8.0
1183,0,NioHjTzW,VcqDmTtv,8.0
1183,0,XGJiqzLW,NioHjTzW,8.0
1666,0,VbpBVdde,VTHwomVj,647.0
1666,0,swKAFNcH,VbpBVdde,1206.0
1258,0,FYhykdTj,SOVcCDqR,1258.0
1258,0,QpprBOSr,FYhykdTj,1194.0
1258,0,Plxavose,QpprBOSr,440.0
1700,0,eooROOMz,ukWnzNPU,38.0
1700,0,uxYyJnud,eooROOMz,46.0
1700,0,MyzsDSvl,uxYyJnud,46.0
1700,0,rxlNLBXr,MyzsDSvl,45.0
1700,0,losuIFuX,rxlNLBXr,42.0
1700,0,uskMapbi,losuIFuX,42.0
1700,0,yXOuyCwN,uskMapbi,42.0
1700,0,mSGryPaH,yXOuyCwN,42.0
1700,0,OVaoEscJ,mSGryPaH,42.0
1305,0,QHFmFyLR,EkWBPXmr,441.0
1305,0,neNWquOh,QHFmFyLR,441.0
1305,0,KwaxxmSs,neNWquOh,443.0
1305,0,PSjGjQXK,KwaxxmSs,456.0
1646,0,IMTItMKU,zRaNzOkn,258.0
1700,0,xQqwXgNZ,OVaoEscJ,25.0
1700,0,BMprcpdo,xQqwXgNZ,25.0
1341,0,vkwWhgCe,VXiNciom,156.0
245,0,wRBXcbqq,WhRBEXGR,1.0
245,0,XXYtSQEl,wRBXcbqq,1.0
245,0,MklhhYCQ,XXYtSQEl,1.0
245,0,MnTeelLR,MklhhYCQ,1.0
245,0,XnPpfSyF,MnTeelLR,1.0
245,0,otuYkIZd,XnPpfSyF,1.0
245,0,rSdxnGDj,otuYkIZd,1.0
1106,0,owFNQNZv,RjtzWJgw,1456.0
1106,0,nCsqpnJo,owFNQNZv,1456.0
1106,0,gnmwaIOJ,nCsqpnJo,1456.0
1106,0,pygvGZaF,gnmwaIOJ,1456.0
1106,0,bsQVAuyn,pygvGZaF,1456.0
1661,0,xiCfcAgb,AszcEtOu,166.0
1661,0,owFNQNZv,xiCfcAgb,196.0
1661,0,lTvueOix,owFNQNZv,196.0
1661,0,KrfyXGJm,lTvueOix,196.0
1661,0,HsdaZYKr,KrfyXGJm,196.0
1661,0,yDdeWpqj,HsdaZYKr,196.0
1661,0,TgYrKMTh,yDdeWpqj,198.0
1661,0,HMMQvpHF,TgYrKMTh,198.0
1661,0,iPwZOomy,HMMQvpHF,198.0
1661,0,ZevQgZaz,iPwZOomy,198.0
1661,0,xSynUqPV,ZevQgZaz,355.0
1317,0,owFNQNZv,xiCfcAgb,4379.0
1317,0,nCsqpnJo,owFNQNZv,4379.0
1317,0,gnmwaIOJ,nCsqpnJo,4379.0
1317,0,pygvGZaF,gnmwaIOJ,4379.0
1317,0,VTHwomVj,pygvGZaF,4379.0
1661,0,AszcEtOu,BpAiVnps,74.0
705,0,YpVxAvQG,YJykDsrc,953.0
705,0,RinxBkUZ,YpVxAvQG,953.0
705,0,LhgNVAOU,RinxBkUZ,939.0
705,0,SOVcCDqR,LhgNVAOU,671.0
705,0,QpprBOSr,SOVcCDqR,671.0
1703,0,KdjrLWjn,QpprBOSr,181.0
1703,0,AkOiWGvq,KdjrLWjn,201.0
1703,0,iykVulcc,AkOiWGvq,201.0
1703,0,VyxPahNP,iykVulcc,201.0
1703,0,LnANnMXh,VyxPahNP,201.0
1703,0,hUPYukZe,LnANnMXh,201.0
1703,0,uSOMnpdQ,hUPYukZe,246.0
1704,0,RYTcAdhr,yLFlKjKg,51.0
1704,0,VmCBWvEb,RYTcAdhr,51.0
1704,0,pfLNjHVV,VmCBWvEb,51.0
1704,0,qzPLXpkx,pfLNjHVV,51.0
1704,0,zhMspDRK,qzPLXpkx,51.0
1704,0,yjLBxira,zhMspDRK,51.0
1704,0,BYVXItej,yjLBxira,51.0
1704,0,vfbdLzPe,BYVXItej,51.0
1704,0,LpqOzfFt,vfbdLzPe,51.0
1704,0,pxIybRUN,LpqOzfFt,51.0
1704,0,jcIgNgIp,pxIybRUN,51.0
1677,0,eTnittuK,yQQuLFAg,18.0
1677,0,KdjrLWjn,eTnittuK,18.0
1677,0,AkOiWGvq,KdjrLWjn,18.0
1677,0,iykVulcc,AkOiWGvq,15.0
1677,0,YwUcqICt,iykVulcc,15.0
1677,0,kSdFeEek,YwUcqICt,15.0
1677,0,FwmrbmrQ,kSdFeEek,3.0
1677,0,uSOMnpdQ,FwmrbmrQ,3.0
51,0,XLVjRryq,NxbXiMUL,111.0
51,0,RVEyrwjR,XLVjRryq,111.0
51,0,gzTQJVMW,RVEyrwjR,111.0
51,0,FZsFzszJ,gzTQJVMW,111.0
51,0,ALhaazBT,FZsFzszJ,111.0
51,0,vDFCntfg,YvwuVYMF,23.0
51,0,NxbXiMUL,vDFCntfg,23.0
97,0,ysSWNERo,jFRqfnFl,112.0
97,0,lEwLedpG,ysSWNERo,112.0
97,0,lQIpGOTn,lEwLedpG,135.0
97,0,uhUmvvRs,lQIpGOTn,135.0
97,0,svgtEcQx,uhUmvvRs,135.0
97,0,HcPkwFHM,svgtEcQx,135.0
97,0,KjuJaNsu,HcPkwFHM,135.0
97,0,oNyGHMvy,KjuJaNsu,135.0
97,0,QdnKSSsO,oNyGHMvy,135.0
97,0,vSdfqYeK,QdnKSSsO,135.0
97,0,wDpyEsxh,vSdfqYeK,135.0
97,0,jIerKxIb,wDpyEsxh,135.0
97,0,IubGYoNi,jIerKxIb,135.0
97,0,fmQEzQWV,IubGYoNi,135.0
97,0,BpAiVnps,fmQEzQWV,135.0
97,0,AszcEtOu,BpAiVnps,135.0
97,0,xiCfcAgb,AszcEtOu,135.0
97,0,RjtzWJgw,xiCfcAgb,43.0
97,0,owFNQNZv,RjtzWJgw,43.0
97,0,nCsqpnJo,owFNQNZv,43.0
97,0,gnmwaIOJ,nCsqpnJo,43.0
97,0,pygvGZaF,gnmwaIOJ,43.0
97,0,bsQVAuyn,pygvGZaF,43.0
1049,0,dfrJZjmW,NjRgIRup,371.0
1049,0,AFcMAvOI,dfrJZjmW,390.0
1049,0,jUExBSiR,AFcMAvOI,390.0
1049,0,vPrJwoLq,jUExBSiR,390.0
1049,0,aHDoehBY,vPrJwoLq,390.0
1049,0,TgdVKieU,aHDoehBY,438.0
1049,0,DexqYjKS,TgdVKieU,438.0
1049,0,wuDdaesk,DexqYjKS,485.0
1184,0,SOVcCDqR,LhgNVAOU,24.0
1184,0,QpprBOSr,SOVcCDqR,24.0
1184,0,Plxavose,QpprBOSr,28.0
1184,0,xqQnPHkt,Plxavose,28.0
1184,0,IfTbUocE,xqQnPHkt,28.0
1184,0,OgnAStiZ,IfTbUocE,28.0
1184,0,NmJVuAxS,OgnAStiZ,28.0
1184,0,GwjQuetc,NmJVuAxS,128.0
1184,0,vXwparSo,GwjQuetc,130.0
1184,0,eoIplMjv,vXwparSo,130.0
1325,0,paIawFeA,nIakFMcq,327.0
1325,0,tYTpUUxD,paIawFeA,657.0
1643,0,zciPUDzN,RfgTYnKH,172.0
1643,0,jHHlfIjj,zciPUDzN,172.0
1643,0,FDNEUies,jHHlfIjj,172.0
1643,0,MRNmFwSk,FDNEUies,172.0
1643,0,FYonLsVT,MRNmFwSk,172.0
1643,0,yQTlxjhE,FYonLsVT,172.0
1643,0,xreoFKjO,BYVXItej,96.0
1643,0,vfbdLzPe,xreoFKjO,96.0
1643,0,LpqOzfFt,vfbdLzPe,96.0
1643,0,cmkMoJCe,LpqOzfFt,96.0
1643,0,SgSmBRUr,cmkMoJCe,96.0
1643,0,IQleWbDf,SgSmBRUr,96.0
1643,0,RfgTYnKH,IQleWbDf,96.0
1206,0,ubFzksan,tYTpUUxD,255.0
1206,0,RinxBkUZ,ubFzksan,255.0
1206,0,LhgNVAOU,RinxBkUZ,255.0
1206,0,bPdCVhrp,LhgNVAOU,262.0
1206,0,SOVcCDqR,bPdCVhrp,262.0
1206,0,FYhykdTj,SOVcCDqR,262.0
1206,0,QpprBOSr,FYhykdTj,259.0
1206,0,Plxavose,QpprBOSr,63.0
1023,0,sgwCzsMk,AwPzPEra,542.0
1023,0,WJvaarbI,sgwCzsMk,542.0
1023,0,JzVUaFrl,WJvaarbI,542.0
1025,0,nwkrSJhR,fjelfjhU,1.0
1025,0,hNkOvWXQ,nwkrSJhR,1.0
1025,0,eZiXxBSP,hNkOvWXQ,1.0
1025,0,SaZyOqOi,eZiXxBSP,1.0
1025,0,oRpydnwU,SaZyOqOi,1.0
1025,0,yyEOaSxi,oRpydnwU,1.0
1025,0,obftSQtS,yyEOaSxi,1.0
1025,0,yKgFraCR,obftSQtS,1.0
1025,0,LIDMLZkw,yKgFraCR,1.0
1025,0,JEpPbBSc,LIDMLZkw,1.0
1025,0,YkNJvTAu,JEpPbBSc,1.0
1025,0,TIlepZYr,YkNJvTAu,1.0
1025,0,UvdLYolu,TIlepZYr,1.0
1025,0,ZFKsyBay,UvdLYolu,1.0
1025,0,suvDbtPR,ZFKsyBay,1.0
1025,0,clVXMHJf,suvDbtPR,1.0
1025,0,UXEWVZzP,clVXMHJf,1.0
1025,0,MlYFoaez,UXEWVZzP,1.0
1025,0,XeinAhyy,MlYFoaez,1.0
1025,0,pGpZhRvq,XeinAhyy,1.0
1025,0,alaJPSTW,pGpZhRvq,1.0
1025,0,ngNzeSzC,alaJPSTW,1.0
1025,0,PHuvYJrP,ngNzeSzC,1.0
1025,0,FoxIDeQY,PHuvYJrP,1.0
1025,0,dZoxKDmD,FoxIDeQY,1.0
1025,0,ZOuLYtJj,dZoxKDmD,1.0
1025,0,SGnJOquj,ZOuLYtJj,1.0
1025,0,vacPrbQA,SGnJOquj,1.0
1025,0,bHagonKv,vacPrbQA,1.0
1025,0,Vlipnutt,bHagonKv,1.0
1025,0,XiLvnZTk,Vlipnutt,1.0
1025,0,FlYjxOxQ,XiLvnZTk,1.0
1025,0,yQQuLFAg,FlYjxOxQ,1.0
1025,0,rckblBTM,yQQuLFAg,1.0
1025,0,fGmFhgnx,rckblBTM,1.0
1025,0,zjjLSYAp,fGmFhgnx,1.0
1019,0,mxJvcQxS,PdLgkxcT,197.0
1019,0,tSdKaLnH,mxJvcQxS,197.0
1019,0,HoEIDywv,tSdKaLnH,197.0
1019,0,bLNlBUaT,HoEIDywv,167.0
874,0,nzTRQfUi,MklhhYCQ,3.0
874,0,nhSXMXjw,nzTRQfUi,3.0
874,0,kjxfKqbD,nhSXMXjw,3.0
874,0,mSXRukCc,kjxfKqbD,3.0
874,0,FFGyTMvJ,mSXRukCc,3.0
874,0,lsBVGYKC,FFGyTMvJ,3.0
874,0,WhHfbZWj,lsBVGYKC,3.0
1106,0,VTHwomVj,bsQVAuyn,1219.0
1106,0,VbpBVdde,VTHwomVj,1219.0
1700,0,oPeQOpNY,zKlIayrT,6.0
1700,0,LurFzbrs,oPeQOpNY,6.0
1700,0,ukWnzNPU,LurFzbrs,6.0
1124,0,yRjqmRuq,BsRMZbGV,5.0
1124,0,pTTspriv,yRjqmRuq,5.0
1124,0,kjmHgYUi,pTTspriv,5.0
1124,0,UHSPJyEW,kjmHgYUi,5.0
1124,0,dOTSUZHl,UHSPJyEW,5.0
1124,0,ITdbUezF,dOTSUZHl,5.0
1124,0,UCTWITih,ITdbUezF,5.0
1124,0,HnEviCBr,UCTWITih,5.0
1124,0,nCgrSQNi,HnEviCBr,5.0
1124,0,KyrNRMTR,nCgrSQNi,5.0
1124,0,WhRBEXGR,JbCujTci,163.0
1671,0,ihoYGoHN,IAWSKEHF,1.0
1671,0,kpWRWDUl,ihoYGoHN,4.0
1671,0,leVkrEcC,kpWRWDUl,4.0
1671,0,wgFmWmqT,leVkrEcC,4.0
1671,0,XTnubosJ,wgFmWmqT,4.0
1671,0,CcjcuryA,XTnubosJ,4.0
1671,0,FStgRiBS,CcjcuryA,3.0
1671,0,GkYZbgqg,FStgRiBS,3.0
1671,0,FlYjxOxQ,GkYZbgqg,3.0
1671,0,wFSILCzc,FlYjxOxQ,3.0
1671,0,yQQuLFAg,wFSILCzc,3.0
1671,0,eTnittuK,yQQuLFAg,1.0
1671,0,AkOiWGvq,eTnittuK,1.0
1325,0,cOiBEGlK,tYTpUUxD,971.0
1325,0,RinxBkUZ,cOiBEGlK,971.0
1325,0,LhgNVAOU,RinxBkUZ,911.0
1317,0,buRRNGGe,CheNYOmP,5828.0
1317,0,nChZnrmr,buRRNGGe,5812.0
1317,0,RSRIdzBF,nChZnrmr,5812.0
1317,0,rcsEeYnc,RSRIdzBF,5812.0
1317,0,jnDfAorM,rcsEeYnc,5812.0
50,0,AszcEtOu,BpAiVnps,200.0
1305,0,QpprBOSr,SOVcCDqR,1535.0
1325,0,uijbLdHW,LhgNVAOU,2017.0
1325,0,LjyXiIAT,uijbLdHW,2036.0
1325,0,InEujKOO,LjyXiIAT,2036.0
1190,0,yLFlKjKg,LVcdwgEp,719.0
1190,0,isWzWnoW,yLFlKjKg,954.0
1190,0,fcSUqaEW,isWzWnoW,954.0
1190,0,YJykDsrc,fcSUqaEW,954.0
1190,0,YpVxAvQG,YJykDsrc,1242.0
1190,0,RinxBkUZ,YpVxAvQG,1273.0
1190,0,LhgNVAOU,RinxBkUZ,1273.0
1190,0,uijbLdHW,LhgNVAOU,2337.0
1190,0,LjyXiIAT,uijbLdHW,2367.0
1190,0,InEujKOO,LjyXiIAT,2367.0
1190,0,LVcdwgEp,ubzklVlS,53.0
705,0,Plxavose,QpprBOSr,484.0
705,0,iMjvswBX,Plxavose,23.0
705,0,CpULuhdq,iMjvswBX,23.0
705,0,tJbXQuOE,CpULuhdq,23.0
1325,0,DgFFenGX,InEujKOO,792.0
96,0,RVGhYAxc,xGsoSfhX,103.0
96,0,BpAiVnps,RVGhYAxc,103.0
96,0,LKVeVUNI,BpAiVnps,103.0
96,0,dbPZeeiE,LKVeVUNI,103.0
96,0,CsDsDrdU,dbPZeeiE,103.0
96,0,rJRvqICk,CsDsDrdU,103.0
96,0,AmahvgQB,rJRvqICk,103.0
96,0,aYSqaQmJ,AmahvgQB,103.0
96,0,zgCGmKZn,aYSqaQmJ,103.0
96,0,JKFFGKvY,zgCGmKZn,103.0
96,0,EVAUYvVR,JKFFGKvY,103.0
96,0,GYfZYaJh,EVAUYvVR,103.0
96,0,OpgRCgWV,GYfZYaJh,103.0
96,0,ntDOQspU,OpgRCgWV,103.0
96,0,AXkvSZpr,ntDOQspU,103.0
96,0,MlqbsUKu,AXkvSZpr,89.0
96,0,jaCrAUFK,MlqbsUKu,89.0
96,0,EKYbCcms,jaCrAUFK,77.0
96,0,OyAyNkqZ,EKYbCcms,76.0
96,0,XiXLaJEL,OyAyNkqZ,76.0
1253,0,rckblBTM,rUKSlFeh,32.0
1253,0,zjjLSYAp,rckblBTM,32.0
1253,0,wrsPDGBQ,zjjLSYAp,32.0
1253,0,UtwZFZsx,wrsPDGBQ,32.0
1253,0,QsteKrle,UtwZFZsx,32.0
1253,0,XMWgellz,QsteKrle,32.0
1253,0,EmkugZPX,XMWgellz,32.0
1253,0,YtrqvWdf,EmkugZPX,32.0
1253,0,RVGhYAxc,YtrqvWdf,32.0
1253,0,BpAiVnps,RVGhYAxc,32.0
1253,0,LKVeVUNI,BpAiVnps,32.0
1253,0,dbPZeeiE,LKVeVUNI,32.0
1253,0,CsDsDrdU,dbPZeeiE,32.0
1253,0,rJRvqICk,CsDsDrdU,32.0
1253,0,AmahvgQB,rJRvqICk,32.0
1253,0,aYSqaQmJ,AmahvgQB,32.0
1253,0,zgCGmKZn,aYSqaQmJ,32.0
1253,0,EVAUYvVR,zgCGmKZn,32.0
1253,0,GYfZYaJh,EVAUYvVR,32.0
1253,0,OpgRCgWV,GYfZYaJh,32.0
1253,0,sUYaNmKG,OpgRCgWV,32.0
1253,0,ntDOQspU,sUYaNmKG,32.0
1253,0,AXkvSZpr,ntDOQspU,32.0
1253,0,MlqbsUKu,AXkvSZpr,32.0
1253,0,jaCrAUFK,MlqbsUKu,32.0
1253,0,oynLwMrX,jaCrAUFK,32.0
1253,0,EKYbCcms,oynLwMrX,32.0
1253,0,cIQOVqQI,EKYbCcms,32.0
1253,0,OyAyNkqZ,cIQOVqQI,32.0
1253,0,XiXLaJEL,OyAyNkqZ,32.0
635,0,QpprBOSr,SOVcCDqR,466.0
226,0,QpprBOSr,SOVcCDqR,203.0
1699,0,paIawFeA,nIakFMcq,18.0
1699,0,VcqDmTtv,paIawFeA,18.0
1699,0,bSoWRArq,VcqDmTtv,21.0
1699,0,RZSdunHk,bSoWRArq,21.0
1699,0,wggFpXDl,RZSdunHk,21.0
1699,0,PFPLEnYs,wggFpXDl,21.0
1699,0,WjJrQPKY,PFPLEnYs,21.0
1699,0,OFDSKCGJ,WjJrQPKY,22.0
1699,0,ZVaTNlgO,OFDSKCGJ,24.0
1699,0,mJMjzUfK,ZVaTNlgO,24.0
1700,0,hPbxQISN,jnDfAorM,4.0
1700,0,zKlIayrT,hPbxQISN,4.0
96,0,xQSKBJml,SwLVnWPq,26.0
96,0,eXTjiXiW,xQSKBJml,26.0
96,0,UUCrlfWg,eXTjiXiW,26.0
96,0,YULSfngF,UUCrlfWg,26.0
96,0,ozuppJDT,YULSfngF,26.0
96,0,xGsoSfhX,ozuppJDT,26.0
1325,0,mSsugdoq,DgFFenGX,750.0
1190,0,ubzklVlS,RIpTuvwk,42.0
1190,0,RIpTuvwk,KQSHMGnw,26.0
1317,0,HhzNhCIb,VTHwomVj,3157.0
1317,0,VbpBVdde,HhzNhCIb,3157.0
1317,0,ocwJSpah,VbpBVdde,3157.0
1317,0,CheNYOmP,ocwJSpah,3430.0
250,0,uaQvVFAB,taPJzyhF,4632.0
250,0,MnTeelLR,uaQvVFAB,4630.0
866,0,CSzsuVOH,gGjwcdJB,911.0
866,0,aUZoPZMc,CSzsuVOH,911.0
866,0,xOhGqygU,aUZoPZMc,911.0
866,0,qOuhMtTj,xOhGqygU,918.0
866,0,YcrsfAeA,qOuhMtTj,1713.0
866,0,PxQNjmHA,YcrsfAeA,1981.0
866,0,AGvhWyhD,PxQNjmHA,1982.0
1699,0,TzOVcXdr,mJMjzUfK,20.0
1106,0,ocwJSpah,VbpBVdde,1002.0
1106,0,CheNYOmP,ocwJSpah,1002.0
1699,0,RsPctvEc,TzOVcXdr,20.0
1699,0,DHQonlzC,RsPctvEc,20.0
1699,0,VMhLZsWx,DHQonlzC,20.0
1699,0,djdidyfJ,VMhLZsWx,18.0
1699,0,jnDfAorM,djdidyfJ,18.0
1498,0,IfTbUocE,xqQnPHkt,3151.0
1498,0,JcXDDijg,IfTbUocE,4138.0
1498,0,jUsnmWea,JcXDDijg,4138.0
1498,0,EaDTtGYp,jUsnmWea,4138.0
1498,0,svgtEcQx,mnkgCFDT,273.0
1498,0,HcPkwFHM,svgtEcQx,274.0
1498,0,KjuJaNsu,HcPkwFHM,274.0
1498,0,QdnKSSsO,KjuJaNsu,295.0
1498,0,vSdfqYeK,QdnKSSsO,301.0
1498,0,wDpyEsxh,vSdfqYeK,301.0
1498,0,jIerKxIb,wDpyEsxh,301.0
1498,0,IubGYoNi,jIerKxIb,301.0
1498,0,fmQEzQWV,IubGYoNi,313.0
1498,0,BpAiVnps,fmQEzQWV,345.0
1498,0,AszcEtOu,BpAiVnps,532.0
1498,0,TCqyxHhF,AszcEtOu,654.0
1498,0,TcEVvOUM,TCqyxHhF,654.0
1498,0,qGnNRXVR,TcEVvOUM,654.0
1498,0,yLFlKjKg,qGnNRXVR,683.0
1498,0,RYTcAdhr,yLFlKjKg,1026.0
1498,0,EzivGHuE,RYTcAdhr,1026.0
1498,0,isWzWnoW,EzivGHuE,1026.0
1498,0,fcSUqaEW,isWzWnoW,1026.0
1498,0,YJykDsrc,fcSUqaEW,1026.0
1498,0,YpVxAvQG,YJykDsrc,1509.0
1498,0,RinxBkUZ,YpVxAvQG,1545.0
1498,0,LhgNVAOU,RinxBkUZ,1553.0
1498,0,bPdCVhrp,LhgNVAOU,1920.0
1498,0,SOVcCDqR,bPdCVhrp,1947.0
1498,0,FYhykdTj,SOVcCDqR,1947.0
1498,0,QpprBOSr,FYhykdTj,1947.0
1498,0,Plxavose,QpprBOSr,2567.0
1498,0,xqQnPHkt,Plxavose,2579.0
1221,0,MnTeelLR,MklhhYCQ,4572.0
1221,0,WIZPpGvl,MnTeelLR,4572.0
1498,0,BJjcRhiE,EaDTtGYp,4104.0
1695,0,SsTrbdxo,UgzfanVk,153.0
1695,0,wGMdZeqa,SsTrbdxo,153.0
1695,0,yYFXObAF,wGMdZeqa,153.0
1695,0,xMwzCIXQ,yYFXObAF,153.0
1695,0,NmRushck,xMwzCIXQ,237.0
1695,0,JLvNOQnl,NmRushck,248.0
1325,0,jSFFeqWE,mSsugdoq,637.0
1325,0,SPymtbHS,jSFFeqWE,637.0
1325,0,uERHVBdu,SPymtbHS,637.0
1325,0,yWkNHrCP,uERHVBdu,637.0
1325,0,UyunGRcj,yWkNHrCP,605.0
1325,0,FhiUibmP,UyunGRcj,605.0
1184,0,YpVxAvQG,BMprcpdo,8.0
1184,0,RinxBkUZ,YpVxAvQG,8.0
1184,0,LhgNVAOU,RinxBkUZ,8.0
1342,0,YpVxAvQG,BMprcpdo,25.0
1342,0,RinxBkUZ,YpVxAvQG,26.0
1342,0,LhgNVAOU,RinxBkUZ,26.0
1342,0,uijbLdHW,LhgNVAOU,122.0
1342,0,LjyXiIAT,uijbLdHW,122.0
1342,0,InEujKOO,LjyXiIAT,122.0
1342,0,mSsugdoq,InEujKOO,122.0
1342,0,VXiNciom,mSsugdoq,147.0
1342,0,BMprcpdo,OVaoEscJ,19.0
1342,0,AszcEtOu,BpAiVnps,4.0
1342,0,TCqyxHhF,AszcEtOu,4.0
1342,0,PIUpvPaY,TCqyxHhF,4.0
1342,0,XCZfXGna,PIUpvPaY,4.0
1342,0,FYonLsVT,XCZfXGna,4.0
1342,0,voXQjjKh,FYonLsVT,4.0
1342,0,pKTlpooZ,voXQjjKh,4.0
1342,0,OVaoEscJ,pKTlpooZ,4.0
97,0,BZCtSmhk,ywuGpANM,92.0
97,0,qeXIqBgp,BZCtSmhk,92.0
97,0,jFRqfnFl,qeXIqBgp,92.0
97,0,hpACGGyB,eaNsVWDR,6.0
97,0,ywuGpANM,hpACGGyB,6.0
1696,0,EKYbCcms,oynLwMrX,422.0
1696,0,ffjXMuak,EKYbCcms,422.0
1696,0,EDdQplwd,ffjXMuak,422.0
1696,0,XbgiSLmy,EDdQplwd,422.0
1696,0,pXlenLUq,XbgiSLmy,422.0
1696,0,DNyXiZzj,pXlenLUq,422.0
1696,0,gxlaiARP,DNyXiZzj,367.0
1696,0,bjEpkupt,gxlaiARP,367.0
1696,0,FYgdoWMK,bjEpkupt,360.0
1696,0,zAqZkkQx,FYgdoWMK,312.0
1696,0,siiqKFuN,zAqZkkQx,312.0
1696,0,vFpuvjcu,siiqKFuN,312.0
1696,0,UgzfanVk,vFpuvjcu,312.0
1591,0,ciAbSxQX,TEKQTTfp,122.0
1408,0,irunVpff,sPOOXkzZ,412.0
1408,0,NMFCXTQH,irunVpff,412.0
1408,0,wXyAETzh,NMFCXTQH,412.0
1408,0,rmmCKKeS,wXyAETzh,412.0
1408,0,VtPnVtjF,rmmCKKeS,412.0
1408,0,DKWSfiEo,VtPnVtjF,412.0
1408,0,CHKZpApa,DKWSfiEo,156.0
1408,0,YvLuczKe,CHKZpApa,156.0
1408,0,cThdGxLv,YvLuczKe,171.0
1325,0,TPescrDz,FhiUibmP,154.0
1326,0,BZEEPDzF,fgAPkwgD,10.0
1357,0,FYonLsVT,XCZfXGna,13.0
1357,0,voXQjjKh,FYonLsVT,13.0
1357,0,pKTlpooZ,voXQjjKh,31.0
1357,0,OVaoEscJ,pKTlpooZ,31.0
1357,0,BMprcpdo,OVaoEscJ,110.0
1357,0,YpVxAvQG,BMprcpdo,121.0
1357,0,RinxBkUZ,YpVxAvQG,122.0
1357,0,LhgNVAOU,RinxBkUZ,122.0
1357,0,SOVcCDqR,LhgNVAOU,129.0
1357,0,QpprBOSr,SOVcCDqR,129.0
1357,0,Plxavose,QpprBOSr,129.0
1357,0,xqQnPHkt,Plxavose,129.0
1357,0,IfTbUocE,xqQnPHkt,129.0
1357,0,JcXDDijg,IfTbUocE,129.0
1357,0,jUsnmWea,JcXDDijg,129.0
1357,0,EaDTtGYp,jUsnmWea,129.0
1357,0,BJjcRhiE,EaDTtGYp,129.0
1305,0,xqQnPHkt,QpprBOSr,1331.0
1678,0,AosTMSAk,uwEtaQlz,5.0
1678,0,gJBgflgH,AosTMSAk,5.0
1678,0,HUSVGpqn,gJBgflgH,29.0
1678,0,DCZZhCfP,HUSVGpqn,29.0
1678,0,WwnuanyA,DCZZhCfP,29.0
1678,0,QpprBOSr,WwnuanyA,29.0
1678,0,Plxavose,QpprBOSr,29.0
1678,0,xqQnPHkt,Plxavose,29.0
1678,0,IfTbUocE,xqQnPHkt,29.0
1678,0,JcXDDijg,IfTbUocE,29.0
1678,0,jUsnmWea,JcXDDijg,29.0
1678,0,EaDTtGYp,jUsnmWea,29.0
1678,0,BJjcRhiE,EaDTtGYp,29.0
250,0,WIZPpGvl,MnTeelLR,3958.0
1183,0,wuDdaesk,DexqYjKS,26.0
635,0,kFnjgEzS,QpprBOSr,427.0
1338,0,IfTbUocE,Plxavose,6752.0
1338,0,OgnAStiZ,IfTbUocE,6740.0
1338,0,NmJVuAxS,OgnAStiZ,6740.0
1357,0,bPMnvhIP,BJjcRhiE,32.0
1357,0,AszcEtOu,BpAiVnps,5.0
1357,0,TCqyxHhF,AszcEtOu,6.0
1357,0,PIUpvPaY,TCqyxHhF,6.0
1357,0,XCZfXGna,PIUpvPaY,6.0
1672,0,KeGqLKVV,kFnjgEzS,178.0
1672,0,NpOlpVEB,KeGqLKVV,178.0
1672,0,GwjQuetc,NpOlpVEB,178.0
1672,0,Plxavose,QpprBOSr,54.0
1672,0,xqQnPHkt,Plxavose,54.0
1672,0,IfTbUocE,xqQnPHkt,55.0
1672,0,OgnAStiZ,IfTbUocE,59.0
1672,0,kFnjgEzS,OgnAStiZ,59.0
1594,0,bgJHPJde,KCvWJpxq,5794.0
1594,0,AyPgzIEO,bgJHPJde,5785.0
1594,0,mcahLsch,AyPgzIEO,5785.0
836,0,ffjXMuak,qeXIqBgp,8761.0
836,0,EDdQplwd,ffjXMuak,8761.0
836,0,XbgiSLmy,EDdQplwd,8770.0
836,0,pXlenLUq,XbgiSLmy,8770.0
836,0,DNyXiZzj,pXlenLUq,8770.0
836,0,rlKLMakt,DNyXiZzj,9612.0
836,0,hVJtIJom,rlKLMakt,9190.0
836,0,jbCYGAcv,hVJtIJom,9073.0
836,0,myLzZQdt,jbCYGAcv,9073.0
1594,0,KCvWJpxq,ySPnpMTg,52.0
1106,0,buRRNGGe,CheNYOmP,887.0
1106,0,nChZnrmr,buRRNGGe,887.0
1106,0,RSRIdzBF,nChZnrmr,887.0
1106,0,rcsEeYnc,RSRIdzBF,887.0
1106,0,jnDfAorM,rcsEeYnc,887.0
514,0,uKbbRztG,NZGnRwVn,34.0
514,0,uOqLwBTJ,uKbbRztG,34.0
514,0,fkZFUNSd,uOqLwBTJ,34.0
514,0,cttUtMNm,fkZFUNSd,34.0
514,0,wHfmVQMh,cttUtMNm,34.0
514,0,mdGitRQe,wHfmVQMh,34.0
514,0,SOBUilCD,mdGitRQe,34.0
514,0,xiCfcAgb,SOBUilCD,34.0
514,0,RjtzWJgw,xiCfcAgb,34.0
514,0,owFNQNZv,RjtzWJgw,34.0
514,0,nCsqpnJo,owFNQNZv,34.0
514,0,gnmwaIOJ,nCsqpnJo,34.0
514,0,pygvGZaF,gnmwaIOJ,34.0
514,0,VTHwomVj,pygvGZaF,34.0
514,0,VbpBVdde,VTHwomVj,34.0
514,0,ocwJSpah,VbpBVdde,34.0
514,0,CheNYOmP,ocwJSpah,34.0
514,0,buRRNGGe,CheNYOmP,34.0
514,0,nChZnrmr,buRRNGGe,34.0
514,0,rcsEeYnc,nChZnrmr,34.0
514,0,jnDfAorM,rcsEeYnc,34.0
97,0,VTHwomVj,bsQVAuyn,16.0
97,0,VbpBVdde,VTHwomVj,16.0
97,0,ocwJSpah,VbpBVdde,16.0
97,0,CheNYOmP,ocwJSpah,16.0
97,0,buRRNGGe,CheNYOmP,16.0
97,0,nChZnrmr,buRRNGGe,16.0
97,0,RSRIdzBF,nChZnrmr,16.0
97,0,rcsEeYnc,RSRIdzBF,16.0
97,0,jnDfAorM,rcsEeYnc,16.0
96,0,SwLVnWPq,oiYuCTCe,7.0
96,0,CoFyQOTC,jnDfAorM,4.0
96,0,HMiMHaRv,CoFyQOTC,4.0
96,0,kLfGGOkq,HMiMHaRv,4.0
96,0,ygVaThfM,kLfGGOkq,4.0
96,0,otuYkIZd,ygVaThfM,4.0
96,0,rSdxnGDj,otuYkIZd,4.0
96,0,MkXEUCdM,rSdxnGDj,4.0
96,0,oiYuCTCe,MkXEUCdM,4.0
1695,0,IMEhQaQS,jFRqfnFl,327.0
1183,0,dfrJZjmW,NjRgIRup,10.0
1183,0,AFcMAvOI,dfrJZjmW,25.0
1183,0,jUExBSiR,AFcMAvOI,25.0
1183,0,vPrJwoLq,jUExBSiR,25.0
1183,0,aHDoehBY,vPrJwoLq,25.0
1183,0,TgdVKieU,aHDoehBY,25.0
1183,0,DexqYjKS,TgdVKieU,25.0
1175,0,dfrJZjmW,NjRgIRup,1834.0
1175,0,AFcMAvOI,dfrJZjmW,1929.0
1175,0,FltmFbyo,AFcMAvOI,1929.0
1175,0,jUExBSiR,FltmFbyo,1929.0
1175,0,vPrJwoLq,jUExBSiR,1929.0
1175,0,aHDoehBY,vPrJwoLq,1929.0
1175,0,SmfTtMBe,aHDoehBY,2634.0
1175,0,TgdVKieU,SmfTtMBe,2634.0
1175,0,DexqYjKS,TgdVKieU,2634.0
1206,0,UmISPPJO,vIPMUZxJ,53.0
1594,0,EEpOhSPN,mcahLsch,11.0
1594,0,QJzYlSpE,EEpOhSPN,11.0
1594,0,eXUkyEOl,QJzYlSpE,11.0
1395,0,YcrsfAeA,KCvWJpxq,718.0
1395,0,cfrRCwNB,YcrsfAeA,718.0
1612,0,FlZnaZci,HpfZbCVA,17.0
1612,0,glDvUhXc,FlZnaZci,17.0
1612,0,FhKkSAFH,glDvUhXc,33.0
1612,0,taPJzyhF,FhKkSAFH,33.0
1612,0,cnbFkwhH,taPJzyhF,56.0
1612,0,RwPflEyQ,cnbFkwhH,56.0
1613,0,VHoqrdhk,RkUgARot,8.0
1613,0,NKkONliL,VHoqrdhk,8.0
1613,0,zUnCRHoa,NKkONliL,8.0
1613,0,LNbMEmtu,zUnCRHoa,8.0
1613,0,OUzlATeX,LNbMEmtu,8.0
1663,0,YQrIOijs,jnDfAorM,2122.0
1663,0,FSklzHpQ,YQrIOijs,1285.0
1663,0,cNArzmnq,FSklzHpQ,1225.0
1663,0,UNbrDjxM,cNArzmnq,1225.0
467,0,eaNsVWDR,ejMjPdTH,17.0
467,0,hpACGGyB,eaNsVWDR,17.0
467,0,ywuGpANM,hpACGGyB,33.0
467,0,BZCtSmhk,ywuGpANM,73.0
467,0,aojHvPEg,BZCtSmhk,73.0
467,0,qeXIqBgp,aojHvPEg,73.0
467,0,ffjXMuak,qeXIqBgp,167.0
467,0,EDdQplwd,ffjXMuak,167.0
467,0,XbgiSLmy,EDdQplwd,167.0
467,0,pXlenLUq,XbgiSLmy,167.0
467,0,DNyXiZzj,pXlenLUq,167.0
467,0,FYgdoWMK,DNyXiZzj,177.0
467,0,ZKBLrnzS,FYgdoWMK,180.0
467,0,zAqZkkQx,ZKBLrnzS,180.0
467,0,sSUdZsSb,zAqZkkQx,180.0
467,0,siiqKFuN,sSUdZsSb,180.0
467,0,dlIiZmBi,siiqKFuN,180.0
467,0,CuIFmOPZ,dlIiZmBi,264.0
467,0,bkPedFyi,CuIFmOPZ,280.0
467,0,neCsPoxX,bkPedFyi,280.0
467,0,RMvkOcpU,neCsPoxX,280.0
467,0,qVxAOUMG,RMvkOcpU,305.0
467,0,bYKKzRQT,qVxAOUMG,305.0
467,0,CLqSCDPt,bYKKzRQT,305.0
467,0,ZzqCYjTC,CLqSCDPt,305.0
467,0,UtzkRwuC,ZzqCYjTC,305.0
467,0,cvCJiZVm,UtzkRwuC,305.0
467,0,XadmKFIl,cvCJiZVm,305.0
467,0,SlEBxfyW,XadmKFIl,305.0
1338,0,LLWkkTwA,NmJVuAxS,6737.0
1338,0,ZTMEdEeK,LLWkkTwA,6731.0
1206,0,xqQnPHkt,Plxavose,57.0
853,0,IoxYvxeH,kVhbTVuU,21.0
853,0,yrlDljAC,IoxYvxeH,21.0
853,0,rBCwdRqs,yrlDljAC,21.0
853,0,olAnplnl,rBCwdRqs,21.0
853,0,hpCuKAjH,olAnplnl,21.0
853,0,tyeyrnYi,hpCuKAjH,21.0
853,0,HezLsNFQ,tyeyrnYi,21.0
853,0,eusqYKWT,HezLsNFQ,21.0
853,0,xOHMcnRu,eusqYKWT,21.0
853,0,dCWftKsk,xOHMcnRu,21.0
853,0,HpfZbCVA,dCWftKsk,21.0
853,0,glDvUhXc,HpfZbCVA,21.0
853,0,FhKkSAFH,glDvUhXc,21.0
853,0,taPJzyhF,FhKkSAFH,21.0
853,0,uaQvVFAB,taPJzyhF,21.0
853,0,MnTeelLR,uaQvVFAB,21.0
1591,0,ZIPCqImv,ciAbSxQX,82.0
1591,0,aWNaUdzp,ZIPCqImv,82.0
1175,0,tZuNjCsn,DexqYjKS,2658.0
1175,0,aUCLtnsj,tZuNjCsn,2658.0
1338,0,ogOCBKAf,ZTMEdEeK,6453.0
1663,0,GJEXlFdt,UNbrDjxM,1055.0
1663,0,VMzKgUSR,GJEXlFdt,917.0
1663,0,BJDTCJYP,VMzKgUSR,917.0
1663,0,gyedwqXM,BJDTCJYP,917.0
1663,0,LYitljhu,gyedwqXM,917.0
1663,0,UhAwQaaX,LYitljhu,917.0
1663,0,LOIXCDqJ,UhAwQaaX,917.0
1663,0,FldHcjZC,LOIXCDqJ,881.0
1663,0,qNiTyrkl,FldHcjZC,582.0
467,0,qLQHuyIe,SlEBxfyW,269.0
467,0,NRaiNGwl,qLQHuyIe,269.0
467,0,dgLtpUgu,NRaiNGwl,253.0
467,0,GJEXlFdt,dgLtpUgu,253.0
467,0,BJDTCJYP,GJEXlFdt,253.0
467,0,UhAwQaaX,BJDTCJYP,253.0
467,0,LOIXCDqJ,UhAwQaaX,252.0
467,0,waZdIIZY,LOIXCDqJ,245.0
467,0,eiOwifcC,waZdIIZY,245.0
467,0,ogOCBKAf,eiOwifcC,137.0
400,0,YfaruHLV,nIbIRswk,1224.0
400,0,XpaxRhYo,YfaruHLV,1224.0
400,0,qYsYtTjJ,XpaxRhYo,1274.0
400,0,KlSqKJQr,qYsYtTjJ,1418.0
1591,0,FCsbIOBe,aWNaUdzp,53.0
1591,0,wyEQXfIU,FCsbIOBe,53.0
1591,0,gGjwcdJB,wyEQXfIU,53.0
1592,0,xOhGqygU,aUZoPZMc,113.0
1592,0,qOuhMtTj,xOhGqygU,130.0
1592,0,KCvWJpxq,qOuhMtTj,130.0
1592,0,YcrsfAeA,KCvWJpxq,158.0
1592,0,cfrRCwNB,YcrsfAeA,158.0
1592,0,sKTwWsMk,cfrRCwNB,192.0
1592,0,pmULGxKj,sKTwWsMk,491.0
1592,0,ToEONYdV,pmULGxKj,491.0
1592,0,CSzsuVOH,dCWftKsk,112.0
1592,0,aUZoPZMc,CSzsuVOH,112.0
374,0,qjwSVoCq,WynPMslR,3.0
374,0,oFLgHrco,qjwSVoCq,3.0
374,0,yrWAEsGy,oFLgHrco,3.0
374,0,qGIkRenz,yrWAEsGy,3.0
374,0,ytUqATXS,qGIkRenz,3.0
374,0,TcsyXYNn,ytUqATXS,3.0
1592,0,IawIHXne,ToEONYdV,472.0
865,0,NXLrCKMp,xiTGCYEl,243.0
865,0,FyoAuDvn,NXLrCKMp,243.0
865,0,WOOyqinT,FyoAuDvn,274.0
865,0,mnkgCFDT,WOOyqinT,432.0
865,0,kVhbTVuU,mnkgCFDT,1109.0
865,0,IoxYvxeH,kVhbTVuU,1257.0
865,0,yrlDljAC,IoxYvxeH,1362.0
865,0,rBCwdRqs,yrlDljAC,1362.0
865,0,olAnplnl,rBCwdRqs,1362.0
865,0,lLIyiFPN,olAnplnl,1362.0
865,0,cMNwDvJt,lLIyiFPN,1362.0
865,0,TcKqxHvb,cMNwDvJt,1362.0
865,0,JafKIKES,TcKqxHvb,1362.0
865,0,NxXUMgmK,JafKIKES,1362.0
865,0,AdCBnmxI,NxXUMgmK,1362.0
865,0,ufpbvrtF,AdCBnmxI,1362.0
1594,0,ySPnpMTg,yQTYDvhm,9.0
1395,0,TFSGEQcQ,cfrRCwNB,578.0
1395,0,fjFZwaYy,TFSGEQcQ,578.0
1395,0,lSWJJvzr,fjFZwaYy,578.0
778,0,FZsFzszJ,gzTQJVMW,552.0
778,0,KgwKZlse,FZsFzszJ,544.0
778,0,AoRkaUmb,KgwKZlse,544.0
778,0,ALhaazBT,AoRkaUmb,544.0
778,0,YqlTLIQa,ALhaazBT,512.0
778,0,AUmOMGnp,YqlTLIQa,512.0
778,0,XFPAZveS,AUmOMGnp,505.0
778,0,ojqTFFWy,XFPAZveS,12.0
1305,0,NmJVuAxS,xqQnPHkt,1300.0
1305,0,LLWkkTwA,NmJVuAxS,1287.0
1305,0,ogOCBKAf,LLWkkTwA,1287.0
1258,0,xqQnPHkt,Plxavose,435.0
1258,0,IfTbUocE,xqQnPHkt,435.0
1258,0,OgnAStiZ,IfTbUocE,435.0
1258,0,NmJVuAxS,OgnAStiZ,435.0
1258,0,VFLsoIHD,NmJVuAxS,435.0
1258,0,LLWkkTwA,VFLsoIHD,330.0
1258,0,ZTMEdEeK,LLWkkTwA,330.0
1258,0,ogOCBKAf,ZTMEdEeK,330.0
1206,0,IfTbUocE,xqQnPHkt,52.0
1206,0,OgnAStiZ,IfTbUocE,52.0
1206,0,NmJVuAxS,OgnAStiZ,52.0
1206,0,VFLsoIHD,NmJVuAxS,52.0
1206,0,vIPMUZxJ,VFLsoIHD,51.0
1206,0,VPUbGzfh,UmISPPJO,27.0
1206,0,MVExtcyL,VPUbGzfh,27.0
1173,0,PNniCxAw,ogOCBKAf,1740.0
1173,0,aZaGhhAB,PNniCxAw,1973.0
635,0,VFLsoIHD,kFnjgEzS,417.0
635,0,LLWkkTwA,VFLsoIHD,414.0
635,0,ogOCBKAf,LLWkkTwA,414.0
1529,0,vcQVCkqQ,kDvrGahi,1.0
1529,0,TzBLFSKE,vcQVCkqQ,1.0
1529,0,MmmkWPfy,TzBLFSKE,1.0
1529,0,AWJbGBWg,MmmkWPfy,1.0
1529,0,sHqmRcRD,AWJbGBWg,1.0
1529,0,wSzUgpVB,sHqmRcRD,1.0
1529,0,zrlQGdaK,wSzUgpVB,1.0
1529,0,UgzfanVk,zrlQGdaK,1.0
1529,0,mhYSfvAq,UgzfanVk,1.0
1529,0,CuIFmOPZ,mhYSfvAq,1.0
1529,0,bkPedFyi,CuIFmOPZ,1.0
1529,0,neCsPoxX,bkPedFyi,1.0
1529,0,RMvkOcpU,neCsPoxX,1.0
1529,0,qVxAOUMG,RMvkOcpU,1.0
1529,0,bYKKzRQT,qVxAOUMG,1.0
1529,0,CLqSCDPt,bYKKzRQT,1.0
1529,0,ZzqCYjTC,CLqSCDPt,1.0
1529,0,UtzkRwuC,ZzqCYjTC,1.0
1529,0,cvCJiZVm,UtzkRwuC,1.0
1529,0,MklhhYCQ,cvCJiZVm,1.0
1529,0,MnTeelLR,MklhhYCQ,1.0
1529,0,WIZPpGvl,MnTeelLR,1.0
1663,0,pGHnvifU,qNiTyrkl,579.0
1663,0,waZdIIZY,pGHnvifU,579.0
1663,0,eiOwifcC,waZdIIZY,579.0
1663,0,ogOCBKAf,eiOwifcC,576.0
1659,0,ogOCBKAf,eiOwifcC,191.0
1659,0,KttMmUZl,dbBlyJgh,56.0
1659,0,kEIvmolg,KttMmUZl,56.0
1659,0,vfRjIFnr,kEIvmolg,56.0
931,0,OoTDKQHC,MmmkWPfy,1197.0
931,0,QZMOUeIv,OoTDKQHC,992.0
931,0,zAjDuGWM,QZMOUeIv,992.0
1212,0,GHvODCIP,LCJSaMch,22.0
1212,0,MCXOFAcE,GHvODCIP,22.0
1212,0,HcupqiOA,MCXOFAcE,22.0
1212,0,MRtqPpeq,HcupqiOA,22.0
1212,0,CrEPfbyi,MRtqPpeq,22.0
1212,0,dpFXbFTh,CrEPfbyi,22.0
751,0,lqTAOmVV,WwbQwfXi,1786.0
1696,0,oynLwMrX,IMEhQaQS,267.0
1206,0,tYTpUUxD,paIawFeA,6.0
1660,0,WyfCQhSW,ogOCBKAf,148.0
1660,0,RBBxesxu,WyfCQhSW,148.0
1660,0,npYXJyuT,RBBxesxu,148.0
1660,0,lFqTDxEu,npYXJyuT,148.0
1660,0,fyczPNat,lFqTDxEu,148.0
1659,0,cBsLzvxc,qflzswAf,34.0
1659,0,MTGLsZPE,cBsLzvxc,51.0
1659,0,bmCACwpU,MTGLsZPE,51.0
1659,0,ndVUpTXG,bmCACwpU,51.0
1659,0,mvSwkBgn,ndVUpTXG,51.0
1659,0,dbBlyJgh,mvSwkBgn,51.0
1660,0,LbqeOjDq,fyczPNat,37.0
1660,0,qdBHsTrj,LbqeOjDq,37.0
1660,0,QRWCUyXY,qdBHsTrj,37.0
242,0,xiCfcAgb,AszcEtOu,871.0
242,0,RjtzWJgw,xiCfcAgb,871.0
242,0,owFNQNZv,RjtzWJgw,887.0
242,0,nCsqpnJo,owFNQNZv,887.0
242,0,gnmwaIOJ,nCsqpnJo,887.0
242,0,pygvGZaF,gnmwaIOJ,887.0
242,0,bsQVAuyn,pygvGZaF,887.0
242,0,VTHwomVj,bsQVAuyn,887.0
242,0,VbpBVdde,VTHwomVj,940.0
242,0,ocwJSpah,VbpBVdde,940.0
242,0,CheNYOmP,ocwJSpah,956.0
242,0,xYUjBvzT,CheNYOmP,1061.0
242,0,JXJZtHSD,xYUjBvzT,1061.0
242,0,owqgejgM,JXJZtHSD,1061.0
242,0,WIZPpGvl,owqgejgM,1123.0
242,0,qflzswAf,WIZPpGvl,1120.0
725,0,uaQvVFAB,taPJzyhF,903.0
725,0,MnTeelLR,uaQvVFAB,903.0
725,0,WIZPpGvl,MnTeelLR,902.0
725,0,qflzswAf,WIZPpGvl,840.0
853,0,cNuIRYrx,OrbXRiVv,20.0
853,0,yNIUaSyZ,cNuIRYrx,20.0
853,0,xiTGCYEl,yNIUaSyZ,20.0
853,0,NXLrCKMp,xiTGCYEl,20.0
853,0,FyoAuDvn,NXLrCKMp,20.0
853,0,WOOyqinT,FyoAuDvn,20.0
853,0,mnkgCFDT,WOOyqinT,20.0
853,0,kVhbTVuU,mnkgCFDT,20.0
853,0,WIZPpGvl,MnTeelLR,17.0
853,0,qflzswAf,WIZPpGvl,17.0
250,0,qflzswAf,WIZPpGvl,3747.0
1221,0,qflzswAf,WIZPpGvl,4322.0
601,0,uaQvVFAB,taPJzyhF,29.0
601,0,MnTeelLR,uaQvVFAB,29.0
601,0,WIZPpGvl,MnTeelLR,29.0
601,0,qflzswAf,WIZPpGvl,29.0
242,0,AszcEtOu,BpAiVnps,218.0
1660,0,bGxnPBxb,QRWCUyXY,29.0
1660,0,mvgVyONe,bGxnPBxb,29.0
1660,0,YlcUcHmr,mvgVyONe,29.0
1660,0,puuUveiG,YlcUcHmr,29.0
1660,0,CGfCHyje,puuUveiG,29.0
1660,0,qflzswAf,CGfCHyje,27.0
843,0,tbsBIgaj,WoCjyXMQ,158.0
843,0,ekoOPpVq,tbsBIgaj,158.0
843,0,rljVoTvk,ekoOPpVq,142.0
843,0,gxidCspv,rljVoTvk,142.0
843,0,wRTYbalx,gxidCspv,134.0
843,0,DHkaGHFf,wRTYbalx,134.0
843,0,FdBCLyPI,DHkaGHFf,134.0
843,0,CrOFTJlw,FdBCLyPI,134.0
843,0,PyGiRErs,CrOFTJlw,134.0
843,0,qflzswAf,PyGiRErs,108.0
1022,0,BDmybVdG,gOnMxlos,5.0
1125,0,CVPWCvNJ,BDmybVdG,286.0
1125,0,muVREKCV,CVPWCvNJ,446.0
1125,0,BsRMZbGV,muVREKCV,446.0
1395,0,nxFmOJAJ,lSWJJvzr,541.0
1395,0,GznDzxNt,nxFmOJAJ,541.0
1395,0,jappmlZc,GznDzxNt,541.0
1170,0,PNniCxAw,ogOCBKAf,925.0
1170,0,aZaGhhAB,PNniCxAw,932.0
1170,0,CVcknAiw,aZaGhhAB,932.0
1170,0,uGkwFELU,CVcknAiw,932.0
1170,0,LpjIkIID,uGkwFELU,940.0
931,0,DetNfbBu,qeXIqBgp,1279.0
751,0,xRIuSSHV,lqTAOmVV,1678.0
751,0,HKxWWoBG,xRIuSSHV,1678.0
1607,0,CyKtNncX,aImltWBw,17.0
1607,0,UGBWqSzR,CyKtNncX,17.0
1607,0,ywuGpANM,UGBWqSzR,17.0
1708,0,ffjXMuak,qeXIqBgp,7.0
1708,0,EDdQplwd,ffjXMuak,7.0
1708,0,XbgiSLmy,EDdQplwd,7.0
1708,0,pXlenLUq,XbgiSLmy,7.0
1708,0,DNyXiZzj,pXlenLUq,7.0
1708,0,rEicsBoS,DNyXiZzj,26.0
1708,0,obgmJQzi,rEicsBoS,27.0
1708,0,MPxbDKyu,obgmJQzi,27.0
1708,0,BZCtSmhk,ywuGpANM,1.0
1708,0,aojHvPEg,BZCtSmhk,1.0
1708,0,qeXIqBgp,aojHvPEg,1.0
242,0,tBPmVbcK,qflzswAf,415.0
1019,0,PdLgkxcT,bReIRTiV,192.0
1173,0,CVcknAiw,aZaGhhAB,1547.0
1173,0,uGkwFELU,CVcknAiw,1547.0
1173,0,TCQmGnBb,uGkwFELU,1554.0
1173,0,JJzKKoaf,TCQmGnBb,1554.0
1173,0,QESMqsTJ,JJzKKoaf,1601.0
751,0,AjvyZYOZ,HKxWWoBG,627.0
751,0,LroBKvWh,AjvyZYOZ,615.0
751,0,BsiptQCD,LroBKvWh,615.0
751,0,IMzgpfjO,BsiptQCD,621.0
751,0,AmGPOhem,IMzgpfjO,621.0
1355,0,EXDTntZv,AmGPOhem,110.0
1355,0,xFzHIeRy,EXDTntZv,98.0
1355,0,VycUzKpr,xFzHIeRy,72.0
1355,0,ARQSeSoV,VycUzKpr,72.0
1395,0,JGAJXRSN,jappmlZc,522.0
1395,0,SDEQaVyD,JGAJXRSN,522.0
1408,0,SXdpUnkd,NNAcmEYB,669.0
1408,0,cWGPtAwF,SXdpUnkd,669.0
1408,0,sPOOXkzZ,cWGPtAwF,669.0
1406,0,hqxwmRzJ,FXulXHgs,7.0
1406,0,VtPnVtjF,hqxwmRzJ,7.0
1406,0,hCpAddaw,VtPnVtjF,7.0
1406,0,CHKZpApa,hCpAddaw,7.0
1406,0,YvLuczKe,CHKZpApa,7.0
1406,0,cThdGxLv,YvLuczKe,7.0
1406,0,SUVVzOYC,cThdGxLv,7.0
1406,0,dAxtDTje,SUVVzOYC,4.0
1406,0,KGIBfEut,dAxtDTje,4.0
1406,0,kiTgZeoH,KGIBfEut,4.0
1406,0,eLmJkuZC,kiTgZeoH,4.0
1406,0,UgzfanVk,eLmJkuZC,4.0
1573,0,SoTLWNOq,kZlpJvjE,10.0
1573,0,eAajskRX,SoTLWNOq,9.0
1573,0,FXulXHgs,eAajskRX,9.0
1573,0,ElqrEMfW,FXulXHgs,9.0
1573,0,hqxwmRzJ,ElqrEMfW,9.0
1573,0,VtPnVtjF,hqxwmRzJ,9.0
1573,0,hCpAddaw,VtPnVtjF,9.0
1573,0,CHKZpApa,hCpAddaw,9.0
1573,0,YvLuczKe,CHKZpApa,9.0
1573,0,cThdGxLv,YvLuczKe,9.0
1573,0,SUVVzOYC,cThdGxLv,9.0
1573,0,dAxtDTje,SUVVzOYC,9.0
1573,0,KGIBfEut,dAxtDTje,9.0
1573,0,kiTgZeoH,KGIBfEut,9.0
1573,0,eLmJkuZC,kiTgZeoH,9.0
1573,0,UgzfanVk,eLmJkuZC,9.0
1032,0,EiPYisOM,QhscbmPA,561.0
1032,0,ElqrEMfW,EiPYisOM,561.0
1032,0,hqxwmRzJ,ElqrEMfW,561.0
1032,0,bbltEnah,hqxwmRzJ,20.0
1032,0,jJqyLkNG,bbltEnah,20.0
1032,0,NMFCXTQH,jJqyLkNG,20.0
1032,0,wXyAETzh,NMFCXTQH,20.0
1032,0,GxYrbHur,wXyAETzh,20.0
1032,0,uGbUWjny,GxYrbHur,20.0
1032,0,NsShbegC,uGbUWjny,16.0
1032,0,owraUoxF,NsShbegC,16.0
1032,0,oWTTFPnV,owraUoxF,16.0
1032,0,CHKZpApa,oWTTFPnV,16.0
1032,0,YvLuczKe,CHKZpApa,16.0
1032,0,cThdGxLv,YvLuczKe,16.0
1032,0,SUVVzOYC,cThdGxLv,16.0
1032,0,dAxtDTje,SUVVzOYC,6.0
1032,0,aunBMooM,dAxtDTje,6.0
1032,0,KGIBfEut,aunBMooM,6.0
1032,0,kiTgZeoH,KGIBfEut,6.0
1032,0,eLmJkuZC,kiTgZeoH,1.0
1032,0,uDnSXuvA,eLmJkuZC,1.0
1032,0,UgzfanVk,uDnSXuvA,1.0
1029,0,DhBIcFJB,tBPmVbcK,4097.0
400,0,zZZsLLct,ojqTFFWy,335.0
400,0,nIbIRswk,zZZsLLct,336.0
242,0,DhBIcFJB,tBPmVbcK,262.0
1355,0,UmISPPJO,ARQSeSoV,13.0
1355,0,VPUbGzfh,UmISPPJO,13.0
1355,0,MVExtcyL,VPUbGzfh,13.0
1355,0,ogOCBKAf,MVExtcyL,13.0
1170,0,odfRkvUj,LpjIkIID,586.0
1170,0,sCNvhPqY,odfRkvUj,586.0
1170,0,IjFZQfFh,sCNvhPqY,586.0
1170,0,TYAIdqeQ,IjFZQfFh,586.0
1170,0,Zysthhei,TYAIdqeQ,586.0
1170,0,oEaRMYXq,Zysthhei,586.0
867,0,uhArLFHO,cBsLzvxc,32.0
867,0,qZeFqHEu,uhArLFHO,32.0
868,0,nfCzcTzh,FrKNovDQ,8.0
868,0,GyLDNPGc,nfCzcTzh,11.0
868,0,qORtFjQM,GyLDNPGc,11.0
868,0,OZmcxPEb,qORtFjQM,11.0
868,0,qgVdByqj,OZmcxPEb,11.0
868,0,jQlVbeqW,qgVdByqj,11.0
867,0,cBsLzvxc,qflzswAf,19.0
868,0,zjOknQHK,CRVKBFrv,7.0
868,0,FrKNovDQ,zjOknQHK,7.0
1395,0,UgzfanVk,SDEQaVyD,26.0
1305,0,WyfCQhSW,ogOCBKAf,567.0
1305,0,erxKyHjj,WyfCQhSW,557.0
1305,0,KjiBWoqR,erxKyHjj,557.0
1083,0,EAwJtHSB,vyojaKRU,466.0
96,0,vyojaKRU,XiXLaJEL,25.0
931,0,KENvRSom,DetNfbBu,1500.0
931,0,ZMwphzOX,KENvRSom,1500.0
931,0,ePAEtpYE,ZMwphzOX,1916.0
931,0,YnixWiwg,ePAEtpYE,1918.0
931,0,BlXLXEoe,YnixWiwg,1918.0
931,0,QsFYEMLP,BlXLXEoe,1918.0
1367,0,zrVEttwl,rfVXpFlV,42.0
1367,0,KhQckqci,zrVEttwl,42.0
1367,0,NkYJOxxA,KhQckqci,42.0
1040,0,eaNsVWDR,CKorGRkE,104.0
1649,0,WyfCQhSW,ogOCBKAf,793.0
1649,0,erxKyHjj,WyfCQhSW,793.0
1649,0,KjiBWoqR,erxKyHjj,793.0
1649,0,bYNwHuWo,KjiBWoqR,793.0
1649,0,qWvzRbGV,bYNwHuWo,793.0
1649,0,PRzaSxQc,qWvzRbGV,793.0
1649,0,bfKiOFsS,PRzaSxQc,793.0
1649,0,eGbCulMV,bfKiOFsS,793.0
1649,0,CRVKBFrv,eGbCulMV,793.0
1649,0,zjOknQHK,CRVKBFrv,804.0
1649,0,TCeiTEZh,zjOknQHK,1202.0
1650,0,cBsLzvxc,qflzswAf,140.0
1650,0,MTGLsZPE,cBsLzvxc,348.0
1650,0,bmCACwpU,MTGLsZPE,348.0
1650,0,ndVUpTXG,bmCACwpU,348.0
1650,0,mvSwkBgn,ndVUpTXG,348.0
1650,0,dbBlyJgh,mvSwkBgn,348.0
1650,0,DyENAaIa,dbBlyJgh,348.0
1650,0,dXsdOXmC,DyENAaIa,348.0
1650,0,pWUEfFEM,dXsdOXmC,348.0
931,0,vcQVCkqQ,QsFYEMLP,1708.0
931,0,TzBLFSKE,vcQVCkqQ,1675.0
931,0,MmmkWPfy,TzBLFSKE,1675.0
1170,0,FyAVeoLb,oEaRMYXq,550.0
1168,0,iqwUvhKg,isqWGISG,9.0
1066,0,VxCMIjeX,fxsyxfZK,555.0
751,0,AEUmstNW,WKiVoaSt,235.0
751,0,PfGRcOsd,AEUmstNW,227.0
751,0,bLWPtAll,PfGRcOsd,227.0
751,0,BDmybVdG,bLWPtAll,227.0
1124,0,CVPWCvNJ,BDmybVdG,2.0
1124,0,muVREKCV,CVPWCvNJ,2.0
1124,0,MpxTTzjt,muVREKCV,2.0
1124,0,BsRMZbGV,MpxTTzjt,2.0
1173,0,ZtKBYERA,QESMqsTJ,760.0
1173,0,BtOUMROM,ZtKBYERA,760.0
1173,0,cwRIXHps,BtOUMROM,760.0
1173,0,jFhGTpOu,cwRIXHps,749.0
1173,0,btKesaAl,jFhGTpOu,749.0
1173,0,UTtjkhMN,btKesaAl,749.0
1173,0,GbOoEgJY,UTtjkhMN,775.0
1173,0,KvUqhblU,GbOoEgJY,775.0
1173,0,VMlGrjvU,KvUqhblU,774.0
1173,0,WlXbaBoJ,VMlGrjvU,774.0
1530,0,kVeKzKrW,zuhYkREh,83.0
1530,0,FfdGxPiD,vxTQjZcJ,50.0
1530,0,nGUGLxPd,FfdGxPiD,50.0
1530,0,hZwGajtf,nGUGLxPd,50.0
1530,0,zuhYkREh,hZwGajtf,50.0
1529,0,kDvrGahi,ejMjPdTH,151.0
1530,0,PNUwxzRj,iaPnRXpR,15.0
1530,0,sxclJLmG,PNUwxzRj,15.0
1530,0,xMTNzVPt,sxclJLmG,15.0
1530,0,AudzmzeZ,xMTNzVPt,15.0
1530,0,QVFxizLc,AudzmzeZ,15.0
1530,0,BKywSEpu,QVFxizLc,15.0
1530,0,PrwDPVMa,BKywSEpu,15.0
1530,0,bjPEDqek,PrwDPVMa,15.0
1530,0,hNvVhacI,bjPEDqek,15.0
1530,0,RTnwKdcX,hNvVhacI,15.0
1530,0,SDEQaVyD,RTnwKdcX,15.0
1530,0,OMhVSsxv,SDEQaVyD,15.0
1530,0,UgzfanVk,OMhVSsxv,15.0
1530,0,fiwqiJeH,UgzfanVk,15.0
1530,0,JaCojcPE,fiwqiJeH,15.0
1530,0,vxTQjZcJ,JaCojcPE,15.0
867,0,sICvpcEb,qZeFqHEu,15.0
867,0,XwJbeVId,sICvpcEb,15.0
867,0,BuUVquxB,XwJbeVId,15.0
867,0,eLEJvIlJ,BuUVquxB,15.0
867,0,suvDbtPR,eLEJvIlJ,15.0
867,0,clVXMHJf,suvDbtPR,14.0
867,0,UXEWVZzP,clVXMHJf,14.0
1170,0,VjSiMBzK,FyAVeoLb,469.0
1170,0,JoqesOWP,VjSiMBzK,469.0
1170,0,ATKbycui,JoqesOWP,469.0
1128,0,yzzIynLu,DhBIcFJB,1930.0
1128,0,ByOODIxa,yzzIynLu,1930.0
1128,0,Ngsxsfae,ByOODIxa,1930.0
1128,0,qDNcQeuw,Ngsxsfae,1940.0
1128,0,DpfRSiIE,qDNcQeuw,1940.0
1128,0,QoKDjrWo,qflzswAf,1421.0
1128,0,tBPmVbcK,QoKDjrWo,1421.0
1128,0,DhBIcFJB,tBPmVbcK,1811.0
1356,0,BjxLEaiN,UTtjkhMN,28.0
1356,0,UsVsFgoS,BjxLEaiN,39.0
1407,0,rJvLUxkA,UgzfanVk,828.0
1407,0,dYlTtQAF,rJvLUxkA,828.0
1032,0,FrCulsqF,VYHZxBYO,218.0
1032,0,KCAssTym,FrCulsqF,218.0
1032,0,WhdKokFf,KCAssTym,530.0
1032,0,QhscbmPA,WhdKokFf,530.0
1128,0,XsvFZXJo,DpfRSiIE,1928.0
1128,0,dJdTBATy,XsvFZXJo,1260.0
1128,0,PzVFlDkT,dJdTBATy,1260.0
1121,0,WIZPpGvl,MnTeelLR,413.0
1121,0,qflzswAf,WIZPpGvl,413.0
1121,0,tBPmVbcK,qflzswAf,413.0
1121,0,DhBIcFJB,tBPmVbcK,413.0
1121,0,ByOODIxa,DhBIcFJB,413.0
1121,0,Ngsxsfae,ByOODIxa,413.0
1121,0,qDNcQeuw,Ngsxsfae,413.0
1121,0,DpfRSiIE,qDNcQeuw,413.0
1121,0,XsvFZXJo,DpfRSiIE,413.0
1121,0,dJdTBATy,XsvFZXJo,263.0
1121,0,PzVFlDkT,dJdTBATy,263.0
1066,0,TsaeiIGv,EkWBPXmr,2.0
1066,0,OsBkWRQx,TsaeiIGv,2.0
1066,0,udlIzhJE,OsBkWRQx,2.0
1066,0,BOULhmAk,VxCMIjeX,555.0
1066,0,qhfHNtOQ,BOULhmAk,555.0
1170,0,VXqnYnlT,ATKbycui,236.0
1651,0,KiOCmsmI,bYNwHuWo,11.0
1651,0,QRngTwFS,KiOCmsmI,11.0
1651,0,PxKzEfaJ,QRngTwFS,11.0
1651,0,kKaTqilr,PxKzEfaJ,11.0
1651,0,UUyOnuCZ,kKaTqilr,11.0
1651,0,YbopoHtZ,UUyOnuCZ,2.0
1651,0,LIaalPFl,YbopoHtZ,2.0
1121,0,NXLrCKMp,xiTGCYEl,11.0
1121,0,FyoAuDvn,NXLrCKMp,11.0
1121,0,WOOyqinT,FyoAuDvn,54.0
1121,0,mnkgCFDT,WOOyqinT,54.0
1121,0,kVhbTVuU,mnkgCFDT,137.0
1121,0,IoxYvxeH,kVhbTVuU,140.0
1121,0,yrlDljAC,IoxYvxeH,146.0
1121,0,rBCwdRqs,yrlDljAC,146.0
1121,0,olAnplnl,rBCwdRqs,146.0
1121,0,hpCuKAjH,olAnplnl,150.0
1121,0,tyeyrnYi,hpCuKAjH,150.0
1121,0,HezLsNFQ,tyeyrnYi,150.0
1121,0,eusqYKWT,HezLsNFQ,158.0
1121,0,dCWftKsk,eusqYKWT,158.0
1121,0,HpfZbCVA,dCWftKsk,217.0
1121,0,glDvUhXc,HpfZbCVA,223.0
1121,0,FhKkSAFH,glDvUhXc,223.0
1121,0,taPJzyhF,FhKkSAFH,223.0
1121,0,uaQvVFAB,taPJzyhF,223.0
1121,0,MnTeelLR,uaQvVFAB,223.0
242,0,ByOODIxa,DhBIcFJB,218.0
242,0,Ngsxsfae,ByOODIxa,218.0
242,0,qDNcQeuw,Ngsxsfae,218.0
242,0,DpfRSiIE,qDNcQeuw,218.0
242,0,XsvFZXJo,DpfRSiIE,218.0
1133,0,fJuPdFXq,tFSvrGay,363.0
1029,0,ByOODIxa,DhBIcFJB,4730.0
1029,0,HxSbXXdZ,ByOODIxa,4730.0
1029,0,zlRPdbBz,HxSbXXdZ,4850.0
1029,0,KQaXxZDT,zlRPdbBz,4850.0
867,0,MlYFoaez,UXEWVZzP,1.0
796,0,pPKqPUVW,pwpCkicC,22.0
796,0,slfxTuih,pPKqPUVW,22.0
1440,0,jJVVpGMf,pwpCkicC,49.0
1440,0,pPKqPUVW,jJVVpGMf,49.0
1440,0,slfxTuih,pPKqPUVW,49.0
1462,0,tyrVGRMU,HajxumVd,81.0
1462,0,LhQSpAzy,tyrVGRMU,81.0
1462,0,pwpCkicC,LhQSpAzy,81.0
1462,0,jJVVpGMf,pwpCkicC,81.0
1462,0,tcYerYbk,jJVVpGMf,81.0
1462,0,pPKqPUVW,tcYerYbk,81.0
1462,0,iYTiOTOT,pPKqPUVW,81.0
1462,0,slfxTuih,iYTiOTOT,81.0
1170,0,MYMMmWkN,VXqnYnlT,215.0
1170,0,tUdYLqkf,MYMMmWkN,215.0
156,0,QESMqsTJ,JJzKKoaf,48.0
156,0,ZtKBYERA,QESMqsTJ,53.0
156,0,BtOUMROM,ZtKBYERA,53.0
156,0,cwRIXHps,BtOUMROM,53.0
156,0,jFhGTpOu,cwRIXHps,53.0
156,0,btKesaAl,jFhGTpOu,53.0
156,0,UTtjkhMN,btKesaAl,53.0
156,0,BjxLEaiN,UTtjkhMN,53.0
156,0,joGrBgeB,BjxLEaiN,56.0
156,0,lczxXDao,joGrBgeB,60.0
156,0,YpVxAvQG,YJykDsrc,11.0
156,0,RinxBkUZ,YpVxAvQG,11.0
156,0,LhgNVAOU,RinxBkUZ,11.0
156,0,bPdCVhrp,LhgNVAOU,13.0
156,0,SOVcCDqR,bPdCVhrp,13.0
156,0,FYhykdTj,SOVcCDqR,13.0
156,0,QpprBOSr,FYhykdTj,13.0
156,0,Plxavose,QpprBOSr,16.0
156,0,xqQnPHkt,Plxavose,16.0
156,0,IfTbUocE,xqQnPHkt,16.0
156,0,OgnAStiZ,IfTbUocE,17.0
156,0,kFnjgEzS,OgnAStiZ,17.0
156,0,VFLsoIHD,kFnjgEzS,17.0
156,0,LLWkkTwA,VFLsoIHD,17.0
156,0,ZTMEdEeK,LLWkkTwA,17.0
156,0,ogOCBKAf,ZTMEdEeK,18.0
156,0,PNniCxAw,ogOCBKAf,27.0
156,0,aZaGhhAB,PNniCxAw,45.0
156,0,CVcknAiw,aZaGhhAB,45.0
156,0,uGkwFELU,CVcknAiw,45.0
156,0,IzKulrBJ,uGkwFELU,45.0
156,0,TCQmGnBb,IzKulrBJ,45.0
156,0,JJzKKoaf,TCQmGnBb,45.0
1356,0,aZaGhhAB,ogOCBKAf,9.0
1356,0,CVcknAiw,aZaGhhAB,9.0
1356,0,uGkwFELU,CVcknAiw,9.0
1356,0,QESMqsTJ,uGkwFELU,9.0
1356,0,cwRIXHps,QESMqsTJ,9.0
1356,0,UTtjkhMN,cwRIXHps,9.0
1132,0,BoavYDPS,RHzXTuOU,622.0
1132,0,yLXUQkCh,BoavYDPS,622.0
1132,0,UgnVLYPx,yLXUQkCh,695.0
1132,0,qgzMfcCH,UgnVLYPx,695.0
1132,0,CSwPNDqz,qgzMfcCH,695.0
1132,0,zIFSdUXT,CSwPNDqz,695.0
1212,0,LCJSaMch,ChOayZDF,32.0
1167,0,PNniCxAw,ogOCBKAf,22.0
1167,0,aZaGhhAB,PNniCxAw,22.0
1167,0,CVcknAiw,aZaGhhAB,22.0
1167,0,uGkwFELU,CVcknAiw,22.0
1167,0,LpjIkIID,uGkwFELU,22.0
1167,0,odfRkvUj,LpjIkIID,23.0
1167,0,sCNvhPqY,odfRkvUj,23.0
1167,0,IjFZQfFh,sCNvhPqY,23.0
1167,0,TYAIdqeQ,IjFZQfFh,23.0
1167,0,Zysthhei,TYAIdqeQ,23.0
1167,0,oEaRMYXq,Zysthhei,23.0
1167,0,FyAVeoLb,oEaRMYXq,27.0
1167,0,VjSiMBzK,FyAVeoLb,27.0
1167,0,JoqesOWP,VjSiMBzK,27.0
1167,0,ZaTxFLgk,JoqesOWP,27.0
1167,0,idOCTaDY,ZaTxFLgk,31.0
1462,0,SVPLEqNI,slfxTuih,68.0
950,0,FZsFzszJ,gzTQJVMW,22.0
950,0,KgwKZlse,FZsFzszJ,22.0
950,0,AoRkaUmb,KgwKZlse,22.0
950,0,ALhaazBT,AoRkaUmb,22.0
950,0,YqlTLIQa,ALhaazBT,20.0
950,0,AUmOMGnp,YqlTLIQa,20.0
950,0,XFPAZveS,AUmOMGnp,20.0
140,0,FZsFzszJ,gzTQJVMW,2.0
140,0,KgwKZlse,FZsFzszJ,2.0
140,0,AoRkaUmb,KgwKZlse,2.0
140,0,ALhaazBT,AoRkaUmb,2.0
140,0,YqlTLIQa,ALhaazBT,1.0
140,0,AUmOMGnp,YqlTLIQa,1.0
140,0,XFPAZveS,AUmOMGnp,1.0
133,0,FZsFzszJ,gzTQJVMW,1.0
133,0,KgwKZlse,FZsFzszJ,1.0
133,0,AoRkaUmb,KgwKZlse,1.0
133,0,ALhaazBT,AoRkaUmb,1.0
133,0,YqlTLIQa,ALhaazBT,1.0
133,0,AUmOMGnp,YqlTLIQa,1.0
133,0,XFPAZveS,AUmOMGnp,1.0
96,0,puwcRgFs,vyojaKRU,24.0
1407,0,aIrbaHhk,dYlTtQAF,757.0
1407,0,JALpXpKc,aIrbaHhk,757.0
1407,0,WcOcULlY,JALpXpKc,757.0
1407,0,mZFKHZkN,WcOcULlY,757.0
1367,0,Phtvjmoj,NkYJOxxA,39.0
1367,0,iRgZVaoH,Phtvjmoj,39.0
1367,0,KbKyxild,iRgZVaoH,39.0
1367,0,WzJZybAt,KbKyxild,39.0
1367,0,wBZvskGC,WzJZybAt,39.0
1367,0,pHbSfQWg,wBZvskGC,36.0
1367,0,hlYcHDiv,pHbSfQWg,36.0
1367,0,ZUUFaTkv,hlYcHDiv,36.0
1367,0,jgCiOeaN,ZUUFaTkv,36.0
1367,0,TikfrWrm,jgCiOeaN,36.0
1367,0,RabBrvbh,TikfrWrm,36.0
1367,0,yAsGVYQM,RabBrvbh,36.0
1172,0,QESMqsTJ,JJzKKoaf,106.0
1172,0,ZtKBYERA,QESMqsTJ,123.0
1172,0,ZzGQqLDR,ZtKBYERA,123.0
1172,0,cwRIXHps,ZzGQqLDR,123.0
1172,0,jFhGTpOu,cwRIXHps,124.0
1172,0,btKesaAl,jFhGTpOu,124.0
1172,0,UTtjkhMN,btKesaAl,124.0
1172,0,BjxLEaiN,UTtjkhMN,124.0
1172,0,joGrBgeB,BjxLEaiN,133.0
1172,0,dkKDnHnJ,joGrBgeB,135.0
1172,0,PNniCxAw,ogOCBKAf,70.0
1172,0,aZaGhhAB,PNniCxAw,99.0
1172,0,CVcknAiw,aZaGhhAB,99.0
1172,0,uGkwFELU,CVcknAiw,99.0
1172,0,TCQmGnBb,uGkwFELU,100.0
1172,0,JJzKKoaf,TCQmGnBb,100.0
1029,0,thNcyzdj,KQaXxZDT,4073.0
1029,0,gWHAQwVu,thNcyzdj,4073.0
1121,0,RHzXTuOU,PzVFlDkT,262.0
1128,0,RHzXTuOU,PzVFlDkT,1208.0
242,0,dJdTBATy,XsvFZXJo,118.0
242,0,PzVFlDkT,dJdTBATy,118.0
242,0,RHzXTuOU,PzVFlDkT,118.0
1172,0,TztxJAVO,dkKDnHnJ,87.0
1172,0,xtcBaTeK,TztxJAVO,87.0
1020,0,WyfCQhSW,ogOCBKAf,967.0
1020,0,erxKyHjj,WyfCQhSW,970.0
1020,0,KjiBWoqR,erxKyHjj,970.0
1020,0,bYNwHuWo,KjiBWoqR,970.0
1020,0,MFfExqBx,bYNwHuWo,970.0
1020,0,qWvzRbGV,MFfExqBx,970.0
1020,0,PRzaSxQc,qWvzRbGV,970.0
1020,0,bfKiOFsS,PRzaSxQc,970.0
1020,0,eGbCulMV,bfKiOFsS,970.0
1020,0,CRVKBFrv,eGbCulMV,970.0
1020,0,zjOknQHK,CRVKBFrv,1022.0
1020,0,FrKNovDQ,zjOknQHK,1022.0
1020,0,nfCzcTzh,FrKNovDQ,1022.0
1020,0,ZYiWVpjK,nfCzcTzh,3837.0
1020,0,qTvRhwtK,ZYiWVpjK,3850.0
1020,0,rMamJjcH,qTvRhwtK,3850.0
1167,0,isqWGISG,idOCTaDY,4.0
1049,0,ABBXwUbo,wuDdaesk,1.0
1184,0,BMprcpdo,OVaoEscJ,6.0
751,0,OHOnJQtA,AmGPOhem,516.0
751,0,VwYVTziR,OHOnJQtA,516.0
751,0,MQGhRgQS,VwYVTziR,517.0
751,0,vHRzQkLM,MQGhRgQS,505.0
751,0,oPITKJYe,vHRzQkLM,505.0
751,0,POTYMsFk,oPITKJYe,505.0
751,0,LuAURVPA,POTYMsFk,483.0
751,0,DfYzlKXm,LuAURVPA,483.0
1132,0,tBPmVbcK,qflzswAf,265.0
1132,0,DhBIcFJB,tBPmVbcK,265.0
1132,0,ByOODIxa,DhBIcFJB,265.0
1132,0,Ngsxsfae,ByOODIxa,265.0
1132,0,qDNcQeuw,Ngsxsfae,381.0
1132,0,DpfRSiIE,qDNcQeuw,381.0
1132,0,XsvFZXJo,DpfRSiIE,381.0
1132,0,dJdTBATy,XsvFZXJo,474.0
1132,0,PzVFlDkT,dJdTBATy,474.0
1132,0,RHzXTuOU,PzVFlDkT,474.0
242,0,yLXUQkCh,RHzXTuOU,97.0
1128,0,BoavYDPS,RHzXTuOU,910.0
1128,0,yLXUQkCh,BoavYDPS,910.0
1085,0,VYHZxBYO,vDTAjOOR,759.0
1087,0,zGXQZTlC,VYHZxBYO,854.0
1087,0,OgfqNfUY,zGXQZTlC,854.0
1087,0,YRiTgQXe,OgfqNfUY,839.0
1087,0,rAUblAml,YRiTgQXe,839.0
1087,0,fSQOYpje,rAUblAml,839.0
1087,0,hGRIMrVW,fSQOYpje,839.0
1121,0,KpBBeKJM,RHzXTuOU,221.0
1128,0,KpBBeKJM,yLXUQkCh,860.0
242,0,KpBBeKJM,yLXUQkCh,94.0
1172,0,cKQpuLql,xtcBaTeK,65.0
168,0,mUBHBHFI,lczxXDao,1.0
168,0,xtcBaTeK,mUBHBHFI,1.0
168,0,cKQpuLql,xtcBaTeK,1.0
845,0,tBPmVbcK,qflzswAf,76.0
845,0,DhBIcFJB,tBPmVbcK,97.0
845,0,ByOODIxa,DhBIcFJB,97.0
845,0,HxSbXXdZ,ByOODIxa,97.0
845,0,zlRPdbBz,HxSbXXdZ,97.0
845,0,KQaXxZDT,zlRPdbBz,97.0
845,0,thNcyzdj,KQaXxZDT,105.0
845,0,gWHAQwVu,thNcyzdj,105.0
845,0,QrnyweDt,gWHAQwVu,124.0
845,0,KTKGWmNj,QrnyweDt,124.0
940,0,yjQwxGED,DgYBMgPg,4.0
940,0,KPcRWbGT,yjQwxGED,4.0
940,0,uGRyXcfW,KPcRWbGT,4.0
940,0,HlhFjJtZ,uGRyXcfW,4.0
940,0,ALhaazBT,HlhFjJtZ,4.0
1042,0,AoRkaUmb,bfpcjsiF,4.0
1042,0,ALhaazBT,AoRkaUmb,4.0
952,0,WzJZybAt,KbKyxild,53.0
952,0,wBZvskGC,WzJZybAt,53.0
1305,0,bYNwHuWo,KjiBWoqR,3.0
1210,0,YpVxAvQG,YJykDsrc,4.0
1210,0,RinxBkUZ,YpVxAvQG,4.0
1210,0,LhgNVAOU,RinxBkUZ,4.0
1210,0,SOVcCDqR,LhgNVAOU,4.0
1210,0,QpprBOSr,SOVcCDqR,4.0
1210,0,xqQnPHkt,QpprBOSr,6.0
1210,0,IfTbUocE,xqQnPHkt,6.0
1210,0,OgnAStiZ,IfTbUocE,6.0
1210,0,NmJVuAxS,OgnAStiZ,6.0
1210,0,VFLsoIHD,NmJVuAxS,6.0
1210,0,LLWkkTwA,VFLsoIHD,7.0
1210,0,ZTMEdEeK,LLWkkTwA,7.0
1210,0,ogOCBKAf,ZTMEdEeK,7.0
1210,0,WyfCQhSW,ogOCBKAf,9.0
1210,0,erxKyHjj,WyfCQhSW,9.0
1210,0,KjiBWoqR,erxKyHjj,9.0
1210,0,bYNwHuWo,KjiBWoqR,9.0
1210,0,MFfExqBx,bYNwHuWo,9.0
1210,0,qWvzRbGV,MFfExqBx,9.0
1210,0,PRzaSxQc,qWvzRbGV,9.0
1210,0,bfKiOFsS,PRzaSxQc,9.0
1210,0,eGbCulMV,bfKiOFsS,9.0
1210,0,CRVKBFrv,eGbCulMV,9.0
1210,0,zjOknQHK,CRVKBFrv,9.0
1210,0,FrKNovDQ,zjOknQHK,9.0
1210,0,nfCzcTzh,FrKNovDQ,9.0
1210,0,ZYiWVpjK,nfCzcTzh,12.0
1210,0,qTvRhwtK,ZYiWVpjK,14.0
1210,0,rMamJjcH,qTvRhwtK,14.0
1210,0,XQBvMmKm,rMamJjcH,14.0
1210,0,hPGLMLbU,XQBvMmKm,52.0
1210,0,RIVMQHVF,hPGLMLbU,52.0
1210,0,TeSdyMFH,RIVMQHVF,52.0
1210,0,XDHbYGPc,TeSdyMFH,53.0
1210,0,qRqIHRjS,XDHbYGPc,53.0
1210,0,QFkvaGqn,qRqIHRjS,53.0
1210,0,OpqnHslm,QFkvaGqn,53.0
1210,0,NxijJQZJ,OpqnHslm,53.0
1210,0,dpFXbFTh,NxijJQZJ,53.0
1066,0,TQJSOMwc,qhfHNtOQ,473.0
1121,0,qgzMfcCH,KpBBeKJM,215.0
1121,0,CSwPNDqz,qgzMfcCH,215.0
1128,0,UgnVLYPx,KpBBeKJM,805.0
1128,0,qgzMfcCH,UgnVLYPx,805.0
1128,0,CSwPNDqz,qgzMfcCH,805.0
1128,0,zIFSdUXT,CSwPNDqz,805.0
242,0,CSwPNDqz,KpBBeKJM,91.0
1093,0,zrVEttwl,qmRscxuH,64.0
1093,0,KhQckqci,zrVEttwl,64.0
1093,0,NkYJOxxA,KhQckqci,64.0
1093,0,Phtvjmoj,NkYJOxxA,64.0
1020,0,XQBvMmKm,rMamJjcH,3845.0
1020,0,dtLFJEWb,XQBvMmKm,3935.0
1020,0,bCrrhAWe,dtLFJEWb,4014.0
1020,0,UcqSoUUq,bCrrhAWe,4044.0
1020,0,bDoBjPVm,UcqSoUUq,4044.0
1020,0,ZMonkEer,bDoBjPVm,4035.0
1029,0,EqKjvFoW,gWHAQwVu,3987.0
1029,0,NdHXpyCv,EqKjvFoW,3987.0
1029,0,zjKBXJki,NdHXpyCv,3987.0
1029,0,hEihXJEh,zjKBXJki,3684.0
1092,0,vDTAjOOR,yQmtaWgt,678.0
1092,0,VYHZxBYO,vDTAjOOR,670.0
547,0,jCwFOmxo,lPZtleot,24.0
547,0,fVolLZWv,jCwFOmxo,10.0
547,0,UPoJKlTB,fVolLZWv,10.0
547,0,yeocHgUH,UPoJKlTB,10.0
548,0,jCwFOmxo,lPZtleot,41.0
548,0,fVolLZWv,jCwFOmxo,2.0
548,0,UPoJKlTB,fVolLZWv,2.0
548,0,yeocHgUH,UPoJKlTB,2.0
1095,0,VpjCLGIP,KlSqKJQr,2792.0
1095,0,CHKrEoSO,VpjCLGIP,2792.0
1095,0,yObWvrcA,CHKrEoSO,2792.0
1095,0,YTkOXVzm,yObWvrcA,2792.0
1095,0,ywNJwhFn,YTkOXVzm,2635.0
1095,0,yTlhXKos,ywNJwhFn,2635.0
1095,0,XojRXAAa,ojqTFFWy,1307.0
1095,0,nAqhCgXt,XojRXAAa,2569.0
1095,0,zZZsLLct,nAqhCgXt,2569.0
1095,0,uQlhjcGr,zZZsLLct,2569.0
1095,0,nIbIRswk,uQlhjcGr,2569.0
1095,0,YfaruHLV,nIbIRswk,2569.0
1095,0,XpaxRhYo,YfaruHLV,2569.0
1095,0,qYsYtTjJ,XpaxRhYo,2652.0
1095,0,KlSqKJQr,qYsYtTjJ,2699.0
1092,0,imyhTmbO,tkPbrZUX,871.0
1092,0,bTSeOnqx,imyhTmbO,905.0
1092,0,IjwJTwcG,bTSeOnqx,1298.0
1092,0,ywNJwhFn,IjwJTwcG,1298.0
1092,0,yTlhXKos,ywNJwhFn,1324.0
1095,0,ojqTFFWy,zjKsBdNQ,373.0
1212,0,ChOayZDF,GwQtabhX,31.0
1670,0,tBPmVbcK,qflzswAf,57.0
1670,0,DhBIcFJB,tBPmVbcK,69.0
1670,0,Ngsxsfae,DhBIcFJB,69.0
1670,0,DpfRSiIE,Ngsxsfae,69.0
1670,0,XsvFZXJo,DpfRSiIE,69.0
1670,0,dJdTBATy,XsvFZXJo,78.0
1670,0,RHzXTuOU,dJdTBATy,78.0
1670,0,BoavYDPS,RHzXTuOU,89.0
1670,0,yLXUQkCh,BoavYDPS,89.0
1670,0,KpBBeKJM,yLXUQkCh,93.0
1670,0,qgzMfcCH,KpBBeKJM,93.0
1670,0,SdkcBhFl,qgzMfcCH,93.0
1670,0,nYgtSeyB,SdkcBhFl,94.0
1670,0,gcvrclRe,nYgtSeyB,94.0
1670,0,YzYhtyzO,gcvrclRe,94.0
1128,0,kyzXrTZq,zIFSdUXT,922.0
1121,0,kyzXrTZq,CSwPNDqz,214.0
242,0,kyzXrTZq,CSwPNDqz,90.0
873,0,NXLrCKMp,xiTGCYEl,1.0
873,0,FyoAuDvn,NXLrCKMp,1.0
873,0,WOOyqinT,FyoAuDvn,1.0
873,0,mnkgCFDT,WOOyqinT,1.0
873,0,kVhbTVuU,mnkgCFDT,2.0
873,0,IoxYvxeH,kVhbTVuU,2.0
873,0,yrlDljAC,IoxYvxeH,2.0
873,0,rBCwdRqs,yrlDljAC,2.0
873,0,olAnplnl,rBCwdRqs,2.0
873,0,hpCuKAjH,olAnplnl,2.0
873,0,tyeyrnYi,hpCuKAjH,2.0
873,0,HezLsNFQ,tyeyrnYi,2.0
873,0,eusqYKWT,HezLsNFQ,4.0
873,0,dCWftKsk,eusqYKWT,4.0
873,0,HpfZbCVA,dCWftKsk,4.0
873,0,glDvUhXc,HpfZbCVA,4.0
873,0,FhKkSAFH,glDvUhXc,4.0
873,0,taPJzyhF,FhKkSAFH,4.0
873,0,uaQvVFAB,taPJzyhF,4.0
873,0,MnTeelLR,uaQvVFAB,4.0
873,0,WIZPpGvl,MnTeelLR,19.0
873,0,qflzswAf,WIZPpGvl,20.0
873,0,tBPmVbcK,qflzswAf,38.0
873,0,DhBIcFJB,tBPmVbcK,39.0
873,0,ByOODIxa,DhBIcFJB,40.0
873,0,Ngsxsfae,ByOODIxa,40.0
873,0,qDNcQeuw,Ngsxsfae,42.0
873,0,DpfRSiIE,qDNcQeuw,42.0
873,0,XsvFZXJo,DpfRSiIE,42.0
873,0,dJdTBATy,XsvFZXJo,45.0
873,0,PzVFlDkT,dJdTBATy,45.0
873,0,RHzXTuOU,PzVFlDkT,45.0
873,0,ZEXMhMxR,RHzXTuOU,114.0
1085,0,cudxYHxf,eJIFTpTd,1129.0
1085,0,WneZtuRq,cudxYHxf,1129.0
1367,0,XFPAZveS,yAsGVYQM,2.0
1367,0,ojqTFFWy,XFPAZveS,2.0
1024,0,WyfCQhSW,ogOCBKAf,707.0
1024,0,erxKyHjj,WyfCQhSW,725.0
1024,0,KjiBWoqR,erxKyHjj,725.0
1024,0,bYNwHuWo,KjiBWoqR,725.0
1024,0,MFfExqBx,bYNwHuWo,725.0
1024,0,qWvzRbGV,MFfExqBx,725.0
1024,0,PRzaSxQc,qWvzRbGV,725.0
1024,0,bfKiOFsS,PRzaSxQc,725.0
1024,0,eGbCulMV,bfKiOFsS,725.0
1024,0,CRVKBFrv,eGbCulMV,725.0
1024,0,zjOknQHK,CRVKBFrv,756.0
1024,0,FrKNovDQ,zjOknQHK,756.0
1024,0,nfCzcTzh,FrKNovDQ,756.0
1024,0,ZYiWVpjK,nfCzcTzh,1839.0
1024,0,qTvRhwtK,ZYiWVpjK,1877.0
1024,0,XQBvMmKm,qTvRhwtK,1877.0
1024,0,dtLFJEWb,XQBvMmKm,2269.0
1024,0,bCrrhAWe,dtLFJEWb,2549.0
1024,0,UcqSoUUq,bCrrhAWe,2622.0
1024,0,bDoBjPVm,UcqSoUUq,2622.0
1024,0,ZMonkEer,bDoBjPVm,2622.0
1024,0,WHGPMVcf,ZMonkEer,2636.0
1024,0,ISsnXLUH,WHGPMVcf,2661.0
1095,0,zjKsBdNQ,puwcRgFs,372.0
1092,0,EzrJiyuu,PYaiedjY,67.0
1092,0,mZAcIEme,EzrJiyuu,67.0
1092,0,LPSpTPgJ,mZAcIEme,67.0
1092,0,tkPbrZUX,LPSpTPgJ,67.0
1405,0,CSzsuVOH,dCWftKsk,3.0
1405,0,aUZoPZMc,CSzsuVOH,3.0
1405,0,xOhGqygU,aUZoPZMc,3.0
1405,0,qOuhMtTj,xOhGqygU,3.0
1405,0,KCvWJpxq,qOuhMtTj,3.0
1405,0,YcrsfAeA,KCvWJpxq,3.0
1405,0,cfrRCwNB,YcrsfAeA,3.0
1405,0,TFSGEQcQ,cfrRCwNB,3.0
1405,0,fjFZwaYy,TFSGEQcQ,3.0
1405,0,nxFmOJAJ,fjFZwaYy,3.0
1405,0,GznDzxNt,nxFmOJAJ,3.0
1405,0,jappmlZc,GznDzxNt,3.0
1405,0,JGAJXRSN,jappmlZc,3.0
1405,0,SDEQaVyD,JGAJXRSN,3.0
1405,0,rJvLUxkA,SDEQaVyD,3.0
1405,0,dYlTtQAF,rJvLUxkA,3.0
1405,0,aIrbaHhk,dYlTtQAF,3.0
1405,0,WcOcULlY,aIrbaHhk,3.0
1405,0,mZFKHZkN,WcOcULlY,3.0
1405,0,hasgHIpb,mZFKHZkN,3.0
1405,0,zttQgzJF,hasgHIpb,3.0
1405,0,fDeHEcoN,zttQgzJF,3.0
1405,0,SLBRjSUI,fDeHEcoN,3.0
1405,0,vXHOZRfg,SLBRjSUI,3.0
1405,0,vVYNiaQm,vXHOZRfg,3.0
1405,0,PCoLzpeW,vVYNiaQm,3.0
1405,0,ZuMtkZMj,PCoLzpeW,3.0
1019,0,bReIRTiV,CVPWCvNJ,194.0
1020,0,WHGPMVcf,ZMonkEer,341.0
1020,0,ZREdtiHO,WHGPMVcf,345.0
1020,0,qwyUufRP,ZREdtiHO,345.0
1085,0,vDTAjOOR,yQmtaWgt,755.0
1128,0,BOpyePJp,kyzXrTZq,789.0
1128,0,NcDEDzEB,BOpyePJp,789.0
1121,0,BOpyePJp,kyzXrTZq,188.0
1121,0,NcDEDzEB,BOpyePJp,188.0
242,0,BOpyePJp,kyzXrTZq,78.0
242,0,NcDEDzEB,BOpyePJp,78.0
1029,0,diQHouff,hEihXJEh,2536.0
1029,0,kynUbZOw,diQHouff,2536.0
1029,0,OCOnFIfy,kynUbZOw,2536.0
1092,0,WIFNytoC,yTlhXKos,799.0
1092,0,PorTAzNX,WIFNytoC,799.0
1092,0,OjBZWzOO,PorTAzNX,825.0
249,0,qflzswAf,WIZPpGvl,3.0
249,0,tBPmVbcK,qflzswAf,3.0
249,0,DhBIcFJB,tBPmVbcK,3.0
249,0,ByOODIxa,DhBIcFJB,4.0
249,0,HxSbXXdZ,ByOODIxa,4.0
249,0,zlRPdbBz,HxSbXXdZ,4.0
249,0,KQaXxZDT,zlRPdbBz,4.0
249,0,thNcyzdj,KQaXxZDT,4.0
249,0,gWHAQwVu,thNcyzdj,4.0
249,0,EqKjvFoW,gWHAQwVu,4.0
249,0,NdHXpyCv,EqKjvFoW,4.0
249,0,zjKBXJki,NdHXpyCv,4.0
249,0,hEihXJEh,zjKBXJki,4.0
249,0,iqMJUHot,hEihXJEh,4.0
249,0,CSBDiLzN,iqMJUHot,4.0
249,0,BeRwFfIz,CSBDiLzN,4.0
249,0,VjDsPPFB,BeRwFfIz,4.0
249,0,mmqTHjuO,VjDsPPFB,4.0
249,0,qPaBcVFr,mmqTHjuO,4.0
249,0,rGzXXKgE,qPaBcVFr,4.0
249,0,MuwhurCb,rGzXXKgE,4.0
249,0,tpYpVLnP,MuwhurCb,4.0
249,0,hfZqYEAo,tpYpVLnP,1.0
1095,0,WIFNytoC,yTlhXKos,1764.0
1095,0,PorTAzNX,WIFNytoC,1764.0
1574,0,rJvLUxkA,SDEQaVyD,1.0
1574,0,dYlTtQAF,rJvLUxkA,1.0
1574,0,aIrbaHhk,dYlTtQAF,1.0
1574,0,WcOcULlY,aIrbaHhk,1.0
1574,0,mZFKHZkN,WcOcULlY,1.0
1574,0,hasgHIpb,mZFKHZkN,3.0
1574,0,zttQgzJF,hasgHIpb,3.0
1574,0,fDeHEcoN,zttQgzJF,3.0
1574,0,SLBRjSUI,fDeHEcoN,3.0
1574,0,vXHOZRfg,SLBRjSUI,3.0
1574,0,vVYNiaQm,vXHOZRfg,3.0
1574,0,PCoLzpeW,vVYNiaQm,3.0
1574,0,ZuMtkZMj,PCoLzpeW,3.0
1574,0,BcDUAKxF,ZuMtkZMj,3.0
1574,0,jJqyLkNG,BcDUAKxF,3.0
1574,0,kZlpJvjE,jJqyLkNG,3.0
1037,0,zjKsBdNQ,puwcRgFs,87.0
1037,0,ojqTFFWy,zjKsBdNQ,87.0
1037,0,XojRXAAa,ojqTFFWy,180.0
1037,0,nAqhCgXt,XojRXAAa,389.0
1037,0,zZZsLLct,nAqhCgXt,389.0
1037,0,uQlhjcGr,zZZsLLct,389.0
1037,0,nIbIRswk,uQlhjcGr,389.0
1037,0,YfaruHLV,nIbIRswk,389.0
1037,0,PkIPVRtB,YfaruHLV,389.0
1037,0,XpaxRhYo,PkIPVRtB,389.0
1037,0,qYsYtTjJ,XpaxRhYo,398.0
1037,0,KlSqKJQr,qYsYtTjJ,417.0
1037,0,CRypXqTk,KlSqKJQr,446.0
1037,0,PYaiedjY,CRypXqTk,446.0
1037,0,EzrJiyuu,PYaiedjY,448.0
1037,0,mZAcIEme,EzrJiyuu,448.0
1037,0,LPSpTPgJ,mZAcIEme,448.0
1037,0,AoIEptMM,LPSpTPgJ,448.0
1037,0,imyhTmbO,AoIEptMM,452.0
1037,0,bTSeOnqx,imyhTmbO,454.0
1037,0,yCXbqkBs,bTSeOnqx,511.0
1037,0,wBoWGskO,yCXbqkBs,511.0
1037,0,FYojKDQC,wBoWGskO,511.0
1037,0,riqYNvhO,FYojKDQC,511.0
1037,0,nvXuJriv,riqYNvhO,521.0
1037,0,ljAdwZQx,nvXuJriv,550.0
1037,0,MMTihhSZ,ljAdwZQx,584.0
1037,0,njohAsHY,MMTihhSZ,584.0
1037,0,XAYpuJXt,njohAsHY,584.0
1037,0,aJLjpITr,XAYpuJXt,584.0
1037,0,bOLOjiIO,aJLjpITr,842.0
1037,0,wplYsKZY,bOLOjiIO,818.0
1037,0,NIHIRqnZ,wplYsKZY,818.0
1037,0,IkEoBHlk,NIHIRqnZ,798.0
1037,0,TPJRAOrt,IkEoBHlk,798.0
1037,0,wtfdArpr,TPJRAOrt,723.0
1037,0,VTbufxnV,wtfdArpr,723.0
1037,0,UEqgngwR,VTbufxnV,798.0
1037,0,noxZOiRl,UEqgngwR,798.0
1037,0,eLJZyPxv,noxZOiRl,798.0
1037,0,ZsmZvPrK,eLJZyPxv,785.0
1037,0,MMfKYZmE,ZsmZvPrK,785.0
1037,0,MvGjEBBL,MMfKYZmE,785.0
1088,0,CVPWCvNJ,BDmybVdG,134.0
1088,0,muVREKCV,CVPWCvNJ,384.0
1088,0,BsRMZbGV,muVREKCV,384.0
920,0,Vtdujofe,VKAAZZOV,2.0
920,0,edTVGmZc,Vtdujofe,2.0
920,0,iqwCaPZT,edTVGmZc,2.0
920,0,qqDoWQdv,iqwCaPZT,2.0
773,0,ESCCbptK,NRqyalPm,1.0
773,0,AlpXiRiW,ESCCbptK,1.0
1031,0,PCoLzpeW,vVYNiaQm,581.0
1031,0,jhveKcoA,PCoLzpeW,581.0
1031,0,OjBZWzOO,jhveKcoA,581.0
751,0,oOCTcNdW,DfYzlKXm,239.0
751,0,pGtbhfkH,oOCTcNdW,239.0
751,0,fiQiCtwF,pGtbhfkH,239.0
751,0,bwmOWcVr,fiQiCtwF,239.0
751,0,YZpWLtUD,bwmOWcVr,239.0
1024,0,ATfuHlGy,ISsnXLUH,528.0
1024,0,vEvIjqMc,ATfuHlGy,528.0
1024,0,JfDYhvZz,vEvIjqMc,516.0
1024,0,NwMeBpFQ,JfDYhvZz,516.0
1024,0,hNkOvWXQ,NwMeBpFQ,516.0
1024,0,fAHeYbsJ,hNkOvWXQ,516.0
1024,0,YeMdKIsv,fAHeYbsJ,494.0
1024,0,JKUDRqIp,YeMdKIsv,494.0
1024,0,ixunSlAs,JKUDRqIp,494.0
1024,0,sYDsxIhh,ixunSlAs,494.0
1024,0,gOnMxlos,sYDsxIhh,456.0
1024,0,iIARpDWU,gOnMxlos,456.0
1024,0,BDmybVdG,iIARpDWU,46.0
1108,0,tBPmVbcK,qflzswAf,258.0
1108,0,DhBIcFJB,tBPmVbcK,258.0
1108,0,ByOODIxa,DhBIcFJB,270.0
1108,0,HxSbXXdZ,ByOODIxa,270.0
1108,0,zlRPdbBz,HxSbXXdZ,270.0
1108,0,KQaXxZDT,zlRPdbBz,270.0
1108,0,thNcyzdj,KQaXxZDT,270.0
1108,0,gWHAQwVu,thNcyzdj,270.0
1108,0,laDYeHNU,gWHAQwVu,270.0
1108,0,EqKjvFoW,laDYeHNU,270.0
1108,0,NdHXpyCv,EqKjvFoW,270.0
1108,0,zjKBXJki,NdHXpyCv,270.0
1108,0,hEihXJEh,zjKBXJki,270.0
1108,0,iqMJUHot,hEihXJEh,280.0
1108,0,CSBDiLzN,iqMJUHot,280.0
1108,0,BeRwFfIz,CSBDiLzN,280.0
1108,0,VjDsPPFB,BeRwFfIz,280.0
1108,0,mmqTHjuO,VjDsPPFB,280.0
1108,0,qPaBcVFr,mmqTHjuO,280.0
1108,0,rGzXXKgE,qPaBcVFr,280.0
1108,0,UMTLMNkc,rGzXXKgE,280.0
774,0,lzmDRtwN,AlpXiRiW,2.0
774,0,mVndxrwG,lzmDRtwN,2.0
1350,0,RIVMQHVF,hPGLMLbU,198.0
1350,0,KnZwSPch,RIVMQHVF,198.0
1350,0,kzVeZOug,KnZwSPch,198.0
1350,0,SjbStynf,kzVeZOug,198.0
1350,0,ETbpojBo,SjbStynf,198.0
1350,0,BtOIBpGz,ETbpojBo,194.0
1350,0,zPRLnBWY,BtOIBpGz,194.0
1350,0,JPPpoTSL,zPRLnBWY,194.0
1350,0,nZBlQeCn,JPPpoTSL,194.0
1350,0,uuJJSerx,nZBlQeCn,194.0
1350,0,gQzVJRdQ,uuJJSerx,194.0
1350,0,ZYiWVpjK,nfCzcTzh,29.0
1350,0,qTvRhwtK,ZYiWVpjK,29.0
1350,0,rMamJjcH,qTvRhwtK,29.0
1350,0,XQBvMmKm,rMamJjcH,29.0
1350,0,hPGLMLbU,XQBvMmKm,138.0
1095,0,OjBZWzOO,PorTAzNX,1721.0
1095,0,KrLSLIZd,OjBZWzOO,1675.0
1095,0,yQmtaWgt,KrLSLIZd,1675.0
1031,0,goRcVeQH,UgzfanVk,1.0
1031,0,rJvLUxkA,goRcVeQH,1.0
1031,0,dYlTtQAF,rJvLUxkA,1.0
1031,0,aIrbaHhk,dYlTtQAF,5.0
1031,0,JALpXpKc,aIrbaHhk,5.0
1031,0,WcOcULlY,JALpXpKc,5.0
1031,0,mZFKHZkN,WcOcULlY,5.0
1031,0,hasgHIpb,mZFKHZkN,15.0
1031,0,zttQgzJF,hasgHIpb,15.0
1031,0,fDeHEcoN,zttQgzJF,15.0
1031,0,SLBRjSUI,fDeHEcoN,15.0
1031,0,MGIiIvBH,SLBRjSUI,15.0
1031,0,LObiCWKO,MGIiIvBH,15.0
1031,0,wfyTeotc,LObiCWKO,15.0
1031,0,hBSPMzNd,wfyTeotc,20.0
1031,0,NMFCXTQH,hBSPMzNd,20.0
1031,0,irunVpff,NMFCXTQH,20.0
1031,0,SoTLWNOq,irunVpff,20.0
1031,0,rmmCKKeS,SoTLWNOq,20.0
1031,0,vVYNiaQm,rmmCKKeS,20.0
1350,0,WyfCQhSW,ogOCBKAf,3.0
1350,0,bYNwHuWo,WyfCQhSW,3.0
1350,0,MFfExqBx,bYNwHuWo,3.0
1350,0,qWvzRbGV,MFfExqBx,3.0
1350,0,PRzaSxQc,qWvzRbGV,3.0
1350,0,bfKiOFsS,PRzaSxQc,3.0
1350,0,eGbCulMV,bfKiOFsS,3.0
1350,0,CRVKBFrv,eGbCulMV,3.0
1350,0,zjOknQHK,CRVKBFrv,3.0
1350,0,FrKNovDQ,zjOknQHK,3.0
1350,0,nfCzcTzh,FrKNovDQ,3.0
751,0,aLRPqQhq,YZpWLtUD,254.0
751,0,mSljWdzX,aLRPqQhq,254.0
751,0,PAsYxpUt,mSljWdzX,254.0
751,0,ILhwWAuu,PAsYxpUt,254.0
751,0,IAqHsGfg,ILhwWAuu,254.0
751,0,JbVeQOiO,IAqHsGfg,254.0
751,0,WKiVoaSt,JbVeQOiO,254.0
1095,0,vDTAjOOR,yQmtaWgt,1618.0
1095,0,VYHZxBYO,vDTAjOOR,1618.0
1085,0,nvXuJriv,riqYNvhO,1637.0
1085,0,ljAdwZQx,nvXuJriv,1631.0
1085,0,MMTihhSZ,ljAdwZQx,1592.0
1085,0,njohAsHY,MMTihhSZ,1592.0
1085,0,XAYpuJXt,njohAsHY,1592.0
1085,0,eJIFTpTd,XAYpuJXt,1592.0
1031,0,KrLSLIZd,OjBZWzOO,545.0
1031,0,yQmtaWgt,KrLSLIZd,545.0
1031,0,vDTAjOOR,yQmtaWgt,260.0
1031,0,VYHZxBYO,vDTAjOOR,260.0
1020,0,JKUDRqIp,YeMdKIsv,340.0
1020,0,ixunSlAs,JKUDRqIp,340.0
1020,0,sYDsxIhh,ixunSlAs,340.0
1020,0,RRRcnUab,qwyUufRP,304.0
1020,0,elkChQHJ,RRRcnUab,304.0
1020,0,fAHeYbsJ,elkChQHJ,304.0
1020,0,YeMdKIsv,fAHeYbsJ,295.0
1128,0,PslqBzpy,NcDEDzEB,748.0
1128,0,FcIwyDhH,PslqBzpy,748.0
1128,0,oFutYOve,FcIwyDhH,748.0
1128,0,TKdEYLTT,oFutYOve,748.0
1128,0,PRqBOnQV,TKdEYLTT,748.0
1128,0,tKHOTHLP,PRqBOnQV,748.0
1029,0,FrCulsqF,VYHZxBYO,1186.0
1029,0,otbIuZHd,FrCulsqF,1186.0
242,0,PslqBzpy,NcDEDzEB,74.0
242,0,FcIwyDhH,PslqBzpy,74.0
242,0,oFutYOve,FcIwyDhH,74.0
242,0,TKdEYLTT,oFutYOve,74.0
242,0,PRqBOnQV,TKdEYLTT,74.0
242,0,tKHOTHLP,PRqBOnQV,74.0
242,0,JYjcxadu,tKHOTHLP,7.0
242,0,YIEuAZyW,JYjcxadu,7.0
242,0,iIARpDWU,YIEuAZyW,7.0
242,0,BDmybVdG,iIARpDWU,7.0
1022,0,UcqSoUUq,bCrrhAWe,1.0
1022,0,bDoBjPVm,UcqSoUUq,1.0
1022,0,ZMonkEer,bDoBjPVm,1.0
1022,0,WHGPMVcf,ZMonkEer,1.0
1022,0,ZREdtiHO,WHGPMVcf,1.0
1022,0,qwyUufRP,ZREdtiHO,1.0
1022,0,RRRcnUab,qwyUufRP,1.0
1022,0,elkChQHJ,RRRcnUab,1.0
1022,0,fAHeYbsJ,elkChQHJ,1.0
1022,0,YeMdKIsv,fAHeYbsJ,1.0
1022,0,JKUDRqIp,YeMdKIsv,1.0
1022,0,ixunSlAs,JKUDRqIp,1.0
1022,0,sYDsxIhh,ixunSlAs,1.0
1022,0,gOnMxlos,sYDsxIhh,1.0
1121,0,PslqBzpy,NcDEDzEB,158.0
1121,0,FcIwyDhH,PslqBzpy,158.0
1121,0,oFutYOve,FcIwyDhH,158.0
1121,0,TKdEYLTT,oFutYOve,158.0
1121,0,PRqBOnQV,TKdEYLTT,158.0
1121,0,tKHOTHLP,PRqBOnQV,158.0
1121,0,JYjcxadu,tKHOTHLP,52.0
1121,0,dIzWcSEA,JYjcxadu,52.0
1029,0,MnOJOxue,otbIuZHd,1275.0
1029,0,xxspkKkA,MnOJOxue,1275.0
1029,0,yRzWvBCa,xxspkKkA,1275.0
1029,0,jaDdFMxy,yRzWvBCa,1275.0
1029,0,dNagXJoD,jaDdFMxy,1275.0
1023,0,bReIRTiV,CVPWCvNJ,466.0
1023,0,PdLgkxcT,bReIRTiV,466.0
1023,0,mxJvcQxS,PdLgkxcT,518.0
1023,0,tSdKaLnH,mxJvcQxS,518.0
1023,0,HoEIDywv,tSdKaLnH,518.0
1023,0,bLNlBUaT,HoEIDywv,518.0
1023,0,AwPzPEra,bLNlBUaT,541.0
1023,0,CVPWCvNJ,BDmybVdG,135.0
1368,0,XojRXAAa,ojqTFFWy,11.0
1368,0,nAqhCgXt,XojRXAAa,45.0
1368,0,zZZsLLct,nAqhCgXt,45.0
1368,0,uQlhjcGr,zZZsLLct,45.0
1368,0,nIbIRswk,uQlhjcGr,45.0
1368,0,YfaruHLV,nIbIRswk,45.0
1368,0,PkIPVRtB,YfaruHLV,45.0
1368,0,XpaxRhYo,PkIPVRtB,45.0
1368,0,qYsYtTjJ,XpaxRhYo,45.0
1368,0,KlSqKJQr,qYsYtTjJ,45.0
1368,0,CRypXqTk,KlSqKJQr,45.0
1368,0,PYaiedjY,CRypXqTk,45.0
1368,0,EzrJiyuu,PYaiedjY,46.0
1368,0,mZAcIEme,EzrJiyuu,46.0
1368,0,LPSpTPgJ,mZAcIEme,46.0
1368,0,tkPbrZUX,LPSpTPgJ,46.0
1368,0,imyhTmbO,tkPbrZUX,48.0
1368,0,bTSeOnqx,imyhTmbO,48.0
1368,0,yCXbqkBs,bTSeOnqx,66.0
1368,0,wBoWGskO,yCXbqkBs,66.0
1368,0,FYojKDQC,wBoWGskO,66.0
1368,0,riqYNvhO,FYojKDQC,66.0
1368,0,nvXuJriv,riqYNvhO,81.0
1368,0,ljAdwZQx,nvXuJriv,96.0
1368,0,MMTihhSZ,ljAdwZQx,111.0
1368,0,njohAsHY,MMTihhSZ,111.0
1368,0,vigCHzUD,njohAsHY,111.0
1368,0,MnGOlshE,vigCHzUD,111.0
330,0,aUZoPZMc,dCWftKsk,86.0
330,0,xOhGqygU,aUZoPZMc,86.0
330,0,qOuhMtTj,xOhGqygU,86.0
330,0,YcrsfAeA,qOuhMtTj,86.0
330,0,cfrRCwNB,YcrsfAeA,86.0
330,0,TFSGEQcQ,cfrRCwNB,86.0
330,0,fjFZwaYy,TFSGEQcQ,86.0
330,0,lSWJJvzr,fjFZwaYy,86.0
330,0,nxFmOJAJ,lSWJJvzr,86.0
330,0,jappmlZc,nxFmOJAJ,86.0
330,0,JGAJXRSN,jappmlZc,86.0
330,0,SDEQaVyD,JGAJXRSN,86.0
330,0,rJvLUxkA,SDEQaVyD,111.0
330,0,aIrbaHhk,rJvLUxkA,111.0
330,0,JALpXpKc,aIrbaHhk,111.0
330,0,WcOcULlY,JALpXpKc,111.0
330,0,hasgHIpb,WcOcULlY,111.0
330,0,SLBRjSUI,hasgHIpb,111.0
330,0,vztyQdds,SLBRjSUI,111.0
330,0,vVYNiaQm,vztyQdds,367.0
330,0,hXVJsXkF,vVYNiaQm,908.0
1113,0,ygaPVVOX,NjRgIRup,118.0
1113,0,SgmzKmGa,ygaPVVOX,118.0
1113,0,EKGAgXOm,SgmzKmGa,122.0
1113,0,CfDISmMN,EKGAgXOm,122.0
1113,0,RpAFtJSl,CfDISmMN,130.0
1113,0,PcvuCqyL,RpAFtJSl,140.0
1113,0,HNejbQWJ,PcvuCqyL,140.0
1113,0,lyEtzViy,HNejbQWJ,142.0
1113,0,uVrlMgNx,lyEtzViy,153.0
1113,0,ZsNhjIbg,uVrlMgNx,164.0
1113,0,GhOGJPtU,ZsNhjIbg,164.0
1113,0,WOuDNhbw,GhOGJPtU,169.0
1113,0,oWUXSqrA,WOuDNhbw,169.0
1113,0,CYkmgDbv,oWUXSqrA,169.0
1113,0,ORrZduNE,CYkmgDbv,174.0
1113,0,eypuAxqa,ORrZduNE,174.0
1113,0,DSVnhmbs,eypuAxqa,174.0
1113,0,hCKRONaA,DSVnhmbs,192.0
1113,0,TGKbjQzH,hCKRONaA,192.0
1113,0,RoreEsYU,TGKbjQzH,192.0
1113,0,AlpXiRiW,RoreEsYU,193.0
1113,0,btFKFkYA,AlpXiRiW,326.0
1113,0,jLrhssle,btFKFkYA,326.0
1113,0,FvRFCvLd,jLrhssle,326.0
1113,0,iZvOtZpy,FvRFCvLd,326.0
1113,0,tkjaIDXe,iZvOtZpy,326.0
1113,0,TfgNGDen,tkjaIDXe,326.0
1113,0,PAhNkZlS,TfgNGDen,326.0
1113,0,ppYufOCR,PAhNkZlS,326.0
1113,0,siLHVqvQ,ppYufOCR,326.0
1113,0,jZWnwWbL,siLHVqvQ,326.0
330,0,bnmlnfPt,hXVJsXkF,326.0
1108,0,fwxIzXcp,UMTLMNkc,237.0
1108,0,WmSrnULk,fwxIzXcp,237.0
1108,0,crCLDvLL,WmSrnULk,817.0
1108,0,gvtVkOCs,crCLDvLL,817.0
1108,0,wmQoUVus,gvtVkOCs,817.0
1108,0,BdLjIrSJ,wmQoUVus,817.0
1108,0,uBeHrtVj,BdLjIrSJ,817.0
1108,0,rpQJKYcp,uBeHrtVj,817.0
1108,0,jYzIDNQM,rpQJKYcp,817.0
1108,0,LGkMSSTO,jYzIDNQM,795.0
1108,0,SZGwgIRz,LGkMSSTO,795.0
1046,0,OdbRrJhV,RVEyrwjR,22.0
1046,0,NSvMYbfW,OdbRrJhV,22.0
1046,0,tkPbrZUX,NSvMYbfW,22.0
1046,0,imyhTmbO,tkPbrZUX,22.0
1046,0,bTSeOnqx,imyhTmbO,22.0
1046,0,yCXbqkBs,bTSeOnqx,22.0
1046,0,wBoWGskO,yCXbqkBs,22.0
1046,0,FYojKDQC,wBoWGskO,22.0
1046,0,riqYNvhO,FYojKDQC,22.0
1046,0,nvXuJriv,riqYNvhO,22.0
1046,0,ljAdwZQx,nvXuJriv,22.0
1046,0,MMTihhSZ,ljAdwZQx,22.0
1046,0,njohAsHY,MMTihhSZ,22.0
1046,0,XAYpuJXt,njohAsHY,22.0
1046,0,aJLjpITr,XAYpuJXt,22.0
1046,0,bOLOjiIO,aJLjpITr,22.0
1044,0,RyPegcUV,qPtpgxic,6.0
1044,0,OdbRrJhV,RyPegcUV,73.0
1044,0,NSvMYbfW,OdbRrJhV,80.0
1044,0,tkPbrZUX,NSvMYbfW,80.0
1044,0,imyhTmbO,tkPbrZUX,80.0
1044,0,bTSeOnqx,imyhTmbO,80.0
1044,0,yCXbqkBs,bTSeOnqx,80.0
1044,0,wBoWGskO,yCXbqkBs,80.0
1044,0,FYojKDQC,wBoWGskO,80.0
1044,0,riqYNvhO,FYojKDQC,80.0
1044,0,nvXuJriv,riqYNvhO,80.0
1044,0,ljAdwZQx,nvXuJriv,80.0
1044,0,MMTihhSZ,ljAdwZQx,80.0
1044,0,njohAsHY,MMTihhSZ,80.0
1044,0,XAYpuJXt,njohAsHY,80.0
1044,0,aJLjpITr,XAYpuJXt,80.0
1044,0,bOLOjiIO,aJLjpITr,80.0
1113,0,pMUlUuQz,jZWnwWbL,343.0
1108,0,wdwKrYEW,SZGwgIRz,44.0
1108,0,JKvsAaVu,wdwKrYEW,44.0
1108,0,bXxqoWoM,JKvsAaVu,44.0
1108,0,lyukJwbV,bXxqoWoM,44.0
1044,0,wplYsKZY,bOLOjiIO,74.0
1044,0,NIHIRqnZ,wplYsKZY,74.0
1034,0,MnOJOxue,otbIuZHd,1.0
1034,0,xxspkKkA,MnOJOxue,1.0
1034,0,yRzWvBCa,xxspkKkA,1.0
1034,0,jaDdFMxy,yRzWvBCa,1.0
1034,0,dNagXJoD,jaDdFMxy,1.0
1034,0,rNCpaLXo,dNagXJoD,1.0
1034,0,OKRHcdUy,rNCpaLXo,1.0
1034,0,iPhdYOzt,OKRHcdUy,1.0
927,0,nxBXRnVc,ZCeMNbFi,1.0
927,0,VKAAZZOV,nxBXRnVc,1.0
927,0,edTVGmZc,VKAAZZOV,1.0
927,0,eymgjBxV,edTVGmZc,1.0
927,0,nJRQzVZQ,eymgjBxV,1.0
927,0,rxrORjnb,nJRQzVZQ,1.0
927,0,yTictHOU,rxrORjnb,1.0
927,0,sTaleXyI,yTictHOU,1.0
927,0,illGQStO,sTaleXyI,1.0
927,0,zqZasXpA,illGQStO,1.0
927,0,AJLJQqsT,zqZasXpA,1.0
927,0,NCSBLEus,AJLJQqsT,1.0
927,0,xfbmoJHP,NCSBLEus,1.0
927,0,WdOwNGhj,xfbmoJHP,1.0
1108,0,dimGAuTR,lyukJwbV,16.0
1108,0,FXZSvJoP,dimGAuTR,16.0
1113,0,IfUoaxeT,pMUlUuQz,322.0
1044,0,IkEoBHlk,NIHIRqnZ,58.0
1044,0,TPJRAOrt,IkEoBHlk,58.0
1035,0,MnOJOxue,otbIuZHd,1.0
1035,0,xxspkKkA,MnOJOxue,1.0
1035,0,yRzWvBCa,xxspkKkA,1.0
1035,0,jaDdFMxy,yRzWvBCa,1.0
1035,0,dNagXJoD,jaDdFMxy,1.0
1035,0,rNCpaLXo,dNagXJoD,1.0
1035,0,ZXFFSBfD,rNCpaLXo,1.0
1035,0,QwmUxgDJ,ZXFFSBfD,1.0
1035,0,tBftinFM,QwmUxgDJ,1.0
1035,0,agXODOsJ,tBftinFM,1.0
1046,0,wplYsKZY,bOLOjiIO,21.0
1046,0,NIHIRqnZ,wplYsKZY,21.0
1046,0,IkEoBHlk,NIHIRqnZ,21.0
1046,0,TPJRAOrt,IkEoBHlk,21.0
1046,0,wtfdArpr,TPJRAOrt,21.0
1046,0,VTbufxnV,wtfdArpr,21.0
1046,0,UEqgngwR,VTbufxnV,21.0
1046,0,noxZOiRl,UEqgngwR,21.0
1046,0,eLJZyPxv,noxZOiRl,21.0
1044,0,wtfdArpr,TPJRAOrt,55.0
1044,0,VTbufxnV,wtfdArpr,55.0
1044,0,UEqgngwR,VTbufxnV,55.0
1044,0,noxZOiRl,UEqgngwR,55.0
1044,0,eLJZyPxv,noxZOiRl,55.0
1046,0,ZsmZvPrK,eLJZyPxv,19.0
1046,0,MMfKYZmE,ZsmZvPrK,19.0
1046,0,MvGjEBBL,MMfKYZmE,19.0
1044,0,ZsmZvPrK,eLJZyPxv,42.0
1044,0,MMfKYZmE,ZsmZvPrK,42.0
1044,0,MvGjEBBL,MMfKYZmE,42.0
536,0,xiCfcAgb,AszcEtOu,60.0
536,0,bsQVAuyn,xiCfcAgb,60.0
536,0,QoKDjrWo,bsQVAuyn,60.0
536,0,zjKBXJki,QoKDjrWo,111.0
536,0,OCOnFIfy,zjKBXJki,414.0
536,0,wSvecpjF,OCOnFIfy,414.0
536,0,FrCulsqF,wSvecpjF,414.0
536,0,rNCpaLXo,FrCulsqF,442.0
536,0,bfhpfFPJ,rNCpaLXo,442.0
536,0,wnmgNjXN,bfhpfFPJ,442.0
536,0,QIOPMpXz,wnmgNjXN,442.0
