route_id,direction_id,from_stop,to_stop,volume
585,0,inJVXMtB,vfdAIPGv,3824.0
585,0,ubZrQMid,inJVXMtB,3824.0
585,0,gBkmsEyR,ubZrQMid,3824.0
585,0,cGoHBmgo,gBkmsEyR,2831.0
585,0,EkWBPXmr,cGoHBmgo,2831.0
585,0,vfdAIPGv,nsjiKPCz,3377.0
585,0,wihERHzN,uiYVYPQX,3502.0
585,0,vspNPtqb,wihERHzN,3439.0
585,0,jiaBsTdI,vspNPtqb,3439.0
585,0,iVtHnErr,jiaBsTdI,3447.0
585,0,nsjiKPCz,iVtHnErr,3447.0
585,0,OyJKKata,tBNXSyMW,1232.0
585,0,MqGZxRIW,OyJKKata,1232.0
585,0,FcOkCcps,MqGZxRIW,1429.0
585,0,uiYVYPQX,FcOkCcps,2637.0
625,0,AtcDBGpE,Oslgxmkx,2324.0
625,0,nsjiKPCz,AtcDBGpE,2324.0
625,0,vfdAIPGv,nsjiKPCz,2236.0
625,0,ubZrQMid,vfdAIPGv,2175.0
625,0,gBkmsEyR,ubZrQMid,2175.0
625,0,cGoHBmgo,gBkmsEyR,2040.0
625,0,EkWBPXmr,cGoHBmgo,1983.0
662,0,XVbubuGa,OwpcAtJV,2064.0
662,0,iuOUwLky,XVbubuGa,2064.0
662,0,nZnozRfz,iuOUwLky,2064.0
662,0,jeadfqyj,nZnozRfz,2064.0
662,0,vspNPtqb,jeadfqyj,1663.0
662,0,jiaBsTdI,vspNPtqb,1663.0
662,0,iVtHnErr,jiaBsTdI,1620.0
662,0,nsjiKPCz,iVtHnErr,1620.0
662,0,vfdAIPGv,nsjiKPCz,1615.0
662,0,inJVXMtB,vfdAIPGv,1499.0
662,0,ubZrQMid,inJVXMtB,1499.0
662,0,gBkmsEyR,ubZrQMid,1499.0
662,0,cGoHBmgo,gBkmsEyR,1402.0
662,0,EkWBPXmr,cGoHBmgo,1305.0
227,0,fGmFhgnx,rckblBTM,413.0
227,0,zjjLSYAp,fGmFhgnx,600.0
227,0,nIakFMcq,zjjLSYAp,600.0
227,0,LYjhOoFf,nIakFMcq,703.0
227,0,QdWOxWia,LYjhOoFf,766.0
227,0,gViLrCgA,QdWOxWia,829.0
227,0,cCSIoIah,gViLrCgA,985.0
227,0,DLdtTvFi,cCSIoIah,985.0
227,0,vRWSdFEN,DLdtTvFi,1004.0
227,0,WPBOglHu,vRWSdFEN,1213.0
227,0,ftMGYADA,WPBOglHu,1450.0
227,0,lklhFYFG,ftMGYADA,1450.0
227,0,vNMxowJX,lklhFYFG,1450.0
227,0,pPReLBCT,vNMxowJX,1550.0
234,0,gUXxyAlR,pPReLBCT,6108.0
234,0,cEOIeJTR,gUXxyAlR,6108.0
234,0,bWAbaUPC,cEOIeJTR,6031.0
234,0,UECnapuN,bWAbaUPC,5721.0
234,0,uVsOstge,UECnapuN,5867.0
234,0,tBJBJfdu,uVsOstge,5838.0
234,0,JSZZmOIY,tBJBJfdu,4740.0
234,0,AHLLTOdf,JSZZmOIY,5752.0
234,0,xewbkqhz,AHLLTOdf,6200.0
234,0,mklbELhb,xewbkqhz,6141.0
234,0,yhXmuUeN,mklbELhb,6020.0
234,0,BqZQArDi,yhXmuUeN,3283.0
234,0,xbiDwIOu,BqZQArDi,3276.0
234,0,zVYhNTdK,xbiDwIOu,3276.0
234,0,EkWBPXmr,zVYhNTdK,3275.0
647,0,XXPGaRGh,PrdzzRyE,700.0
647,0,IMtkgxTU,XXPGaRGh,475.0
647,0,MlQcmexA,IMtkgxTU,475.0
647,0,CZmFLtlO,MlQcmexA,1627.0
647,0,SUoxgoEf,CZmFLtlO,1627.0
647,0,eVGAINdZ,SUoxgoEf,1586.0
647,0,zOQhKaAF,eVGAINdZ,1586.0
647,0,PaLbQtln,zOQhKaAF,1535.0
647,0,rqBqDfoZ,PaLbQtln,1535.0
647,0,dkEskUud,rqBqDfoZ,1352.0
647,0,zVYhNTdK,dkEskUud,630.0
647,0,EkWBPXmr,zVYhNTdK,630.0
572,0,CVXQsRBK,NgDeDdfx,905.0
572,0,jBnsfrlR,CVXQsRBK,905.0
572,0,jeadfqyj,jBnsfrlR,905.0
572,0,jiaBsTdI,jeadfqyj,1010.0
572,0,LIcqcPpV,jiaBsTdI,1045.0
572,0,JHNPaXkN,LIcqcPpV,1064.0
572,0,EWPMCuEz,JHNPaXkN,1058.0
572,0,iWoOHVbT,EWPMCuEz,1936.0
625,0,Oslgxmkx,lBopHXdD,2304.0
585,0,tBNXSyMW,pZulUpHT,1176.0
989,0,twMezfOU,lkujKSJT,9692.0
989,0,OyJKKata,twMezfOU,9388.0
989,0,MqGZxRIW,OyJKKata,5992.0
989,0,FcOkCcps,MqGZxRIW,4960.0
990,0,LRmPOeoe,cMinRgYB,7487.0
990,0,tBNXSyMW,LRmPOeoe,7500.0
625,0,lBopHXdD,DKPrUpnj,1942.0
989,0,yaKWBgLg,IvQQZbJW,10774.0
989,0,lkujKSJT,yaKWBgLg,10774.0
662,0,TNbojCJf,issQYORv,2462.0
662,0,tGqVborR,TNbojCJf,2462.0
662,0,vJbDLuoa,tGqVborR,2462.0
662,0,FJLNitGY,vJbDLuoa,2446.0
662,0,peBgOXli,FJLNitGY,2135.0
662,0,KnWWIWQx,peBgOXli,2094.0
662,0,bRAzuzSs,KnWWIWQx,2094.0
662,0,OwpcAtJV,bRAzuzSs,2127.0
585,0,OeKkfJSz,HTcmpFUD,620.0
585,0,FZjXRNIl,OeKkfJSz,620.0
585,0,nqZDBuxM,FZjXRNIl,638.0
585,0,aAfSzptC,nqZDBuxM,646.0
585,0,pZulUpHT,aAfSzptC,646.0
989,0,IvQQZbJW,ztLkgYlA,10783.0
625,0,NLDgVASg,QGNcLOop,1787.0
625,0,DKPrUpnj,NLDgVASg,1768.0
971,0,RkbXqAIs,MTAZIXBL,2422.0
971,0,NLDgVASg,RkbXqAIs,2283.0
971,0,DKPrUpnj,NLDgVASg,2283.0
971,0,CdibamDB,DKPrUpnj,2283.0
971,0,lBopHXdD,CdibamDB,2283.0
971,0,vwEcxUej,lBopHXdD,2283.0
971,0,JBpFxiqb,vwEcxUej,2283.0
971,0,Oslgxmkx,JBpFxiqb,2283.0
971,0,AtcDBGpE,Oslgxmkx,2283.0
971,0,nsjiKPCz,AtcDBGpE,2283.0
971,0,vfdAIPGv,nsjiKPCz,2280.0
971,0,inJVXMtB,vfdAIPGv,2066.0
971,0,ubZrQMid,inJVXMtB,2066.0
971,0,gBkmsEyR,ubZrQMid,2066.0
971,0,cGoHBmgo,gBkmsEyR,1880.0
971,0,EkWBPXmr,cGoHBmgo,1764.0
971,0,jqriedgy,EkCoFwMY,2139.0
971,0,MTAZIXBL,jqriedgy,2139.0
971,0,vkSwBwcN,OKtVrzTN,2299.0
971,0,QRSRIbba,vkSwBwcN,2299.0
971,0,EkCoFwMY,QRSRIbba,2247.0
1194,0,gdbAGAQU,NfeOUEsA,358.0
1194,0,ANpclgWP,gdbAGAQU,358.0
1194,0,LWqTSxPr,ANpclgWP,358.0
1194,0,tBgOcvQf,LWqTSxPr,358.0
1194,0,IvQQZbJW,tBgOcvQf,359.0
1194,0,yaKWBgLg,IvQQZbJW,359.0
1194,0,lkujKSJT,yaKWBgLg,359.0
1194,0,twMezfOU,lkujKSJT,345.0
1194,0,HRURJMPd,twMezfOU,344.0
1194,0,jKjAXpVP,HRURJMPd,344.0
1194,0,XXPGaRGh,jKjAXpVP,215.0
1194,0,IMtkgxTU,XXPGaRGh,215.0
1194,0,MlQcmexA,IMtkgxTU,215.0
1194,0,tSmiUoPn,MlQcmexA,200.0
1194,0,VuxSFkGj,tSmiUoPn,200.0
1194,0,SQUoXVXU,VuxSFkGj,200.0
1194,0,tZiWmgTn,SQUoXVXU,188.0
1194,0,JpkWIkgn,tZiWmgTn,188.0
1194,0,gDnuvefz,JpkWIkgn,188.0
1194,0,rqBqDfoZ,gDnuvefz,188.0
1194,0,yhXmuUeN,rqBqDfoZ,187.0
1194,0,dkEskUud,yhXmuUeN,186.0
1194,0,xbiDwIOu,dkEskUud,97.0
1194,0,zVYhNTdK,xbiDwIOu,97.0
1194,0,EkWBPXmr,zVYhNTdK,97.0
622,0,xYfYRJnz,yXfOYhmg,905.0
622,0,bvZtLhoP,xYfYRJnz,905.0
622,0,NoGATiBT,bvZtLhoP,905.0
622,0,JvDZYJph,NoGATiBT,623.0
622,0,gdbAGAQU,JvDZYJph,365.0
622,0,ANpclgWP,gdbAGAQU,365.0
622,0,LWqTSxPr,ANpclgWP,365.0
622,0,tBgOcvQf,LWqTSxPr,365.0
622,0,IvQQZbJW,tBgOcvQf,365.0
622,0,yaKWBgLg,IvQQZbJW,365.0
622,0,lkujKSJT,yaKWBgLg,365.0
622,0,twMezfOU,lkujKSJT,365.0
622,0,OyJKKata,twMezfOU,365.0
622,0,MqGZxRIW,OyJKKata,297.0
622,0,FcOkCcps,MqGZxRIW,297.0
622,0,uiYVYPQX,FcOkCcps,297.0
622,0,wihERHzN,uiYVYPQX,145.0
622,0,jiaBsTdI,wihERHzN,145.0
622,0,iVtHnErr,jiaBsTdI,145.0
622,0,nsjiKPCz,iVtHnErr,145.0
622,0,vfdAIPGv,nsjiKPCz,142.0
622,0,ubZrQMid,vfdAIPGv,122.0
622,0,gBkmsEyR,ubZrQMid,122.0
622,0,cGoHBmgo,gBkmsEyR,87.0
622,0,EkWBPXmr,cGoHBmgo,87.0
625,0,GZZaPhbw,uPlQduWZ,2042.0
625,0,EwdOCOAF,GZZaPhbw,2042.0
625,0,QGNcLOop,EwdOCOAF,2042.0
1194,0,kEQqRNXv,ZCsEtuOb,313.0
1194,0,NfeOUEsA,kEQqRNXv,313.0
14,0,leJfirnk,yrRBvFtZ,2456.0
14,0,QRSRIbba,leJfirnk,2456.0
14,0,jqriedgy,QRSRIbba,2385.0
14,0,MTAZIXBL,jqriedgy,2393.0
14,0,RkbXqAIs,MTAZIXBL,2420.0
14,0,NLDgVASg,RkbXqAIs,2749.0
14,0,fcywqNMQ,NLDgVASg,2768.0
14,0,CdibamDB,fcywqNMQ,3452.0
14,0,lBopHXdD,CdibamDB,3452.0
14,0,vwEcxUej,lBopHXdD,3571.0
14,0,JBpFxiqb,vwEcxUej,3571.0
14,0,Oslgxmkx,JBpFxiqb,3571.0
14,0,AtcDBGpE,Oslgxmkx,3741.0
14,0,nsjiKPCz,AtcDBGpE,3987.0
14,0,vfdAIPGv,nsjiKPCz,3913.0
14,0,inJVXMtB,vfdAIPGv,3597.0
14,0,ubZrQMid,inJVXMtB,3597.0
14,0,gBkmsEyR,ubZrQMid,3561.0
14,0,cGoHBmgo,gBkmsEyR,2628.0
971,0,QeEdlYuU,dKSFzIqs,1275.0
971,0,ussSBeXM,QeEdlYuU,1275.0
971,0,qVzVrWDp,ussSBeXM,1275.0
971,0,IuRRuHdp,qVzVrWDp,1247.0
971,0,agmUQnfF,IuRRuHdp,1247.0
971,0,CbblRkaH,agmUQnfF,1545.0
971,0,BldTZUAI,CbblRkaH,1476.0
971,0,nBYHMnkU,BldTZUAI,1476.0
971,0,sUAChhLU,nBYHMnkU,1940.0
971,0,RqfbhkOP,sUAChhLU,2321.0
971,0,WRCkhCoY,RqfbhkOP,2321.0
971,0,OKtVrzTN,WRCkhCoY,2321.0
14,0,wuyFtExA,EtvjcvTp,1608.0
14,0,MrybjzSo,wuyFtExA,1608.0
14,0,yrRBvFtZ,MrybjzSo,1608.0
1194,0,bEuFbYIx,PUIIuxlM,238.0
1194,0,ZCsEtuOb,bEuFbYIx,243.0
625,0,LjPncvCg,ZkIfwknW,2164.0
625,0,cYHkZUeY,LjPncvCg,2164.0
625,0,JjkwBsaR,cYHkZUeY,2164.0
625,0,xWKOjfGB,JjkwBsaR,2164.0
625,0,zrJLwXnk,xWKOjfGB,2123.0
625,0,LUpTnILf,zrJLwXnk,2123.0
625,0,qezgFtTe,LUpTnILf,1750.0
625,0,EtAJJbBW,qezgFtTe,1750.0
625,0,uPlQduWZ,EtAJJbBW,1750.0
625,0,ZkIfwknW,XBhuaxff,2156.0
1052,0,EPmEpfWC,RBwynnQe,512.0
1052,0,xfbmoJHP,EPmEpfWC,512.0
1052,0,WdOwNGhj,xfbmoJHP,298.0
1052,0,kKKRBhFF,WdOwNGhj,297.0
1052,0,NFInfBeu,kKKRBhFF,296.0
1052,0,VCQdmIoF,NFInfBeu,227.0
1052,0,ePrpofUw,VCQdmIoF,227.0
1052,0,KcvPUxQg,ePrpofUw,227.0
1052,0,BlnSxBAr,KcvPUxQg,221.0
1052,0,TCBUGaZf,BlnSxBAr,157.0
1052,0,pzcCDVmZ,TCBUGaZf,136.0
1052,0,AUBTKFbY,pzcCDVmZ,135.0
1052,0,fjevhefZ,AUBTKFbY,135.0
1052,0,vyQyYYqJ,fjevhefZ,135.0
1052,0,ztLkgYlA,vyQyYYqJ,135.0
1052,0,IvQQZbJW,ztLkgYlA,132.0
1052,0,yaKWBgLg,IvQQZbJW,132.0
1052,0,lkujKSJT,yaKWBgLg,132.0
1052,0,twMezfOU,lkujKSJT,132.0
455,0,BlnSxBAr,KcvPUxQg,6195.0
455,0,WuDSdBCd,BlnSxBAr,6297.0
455,0,icUsjZEb,WuDSdBCd,6270.0
455,0,lhadwkCG,icUsjZEb,6270.0
455,0,awnNVqry,lhadwkCG,6270.0
455,0,ohBbDhvM,awnNVqry,6269.0
455,0,EYCnMsAF,ohBbDhvM,6269.0
455,0,tNDnmkQy,EYCnMsAF,6255.0
455,0,XjEyEHqT,tNDnmkQy,6255.0
455,0,IvqxNjHK,XjEyEHqT,6282.0
455,0,SyrqOGJb,IvqxNjHK,6313.0
455,0,NcLanIdZ,SyrqOGJb,6325.0
455,0,OyNIynZV,NcLanIdZ,6199.0
455,0,FGvzNZYi,OyNIynZV,6197.0
455,0,ydoNqUsu,FGvzNZYi,6267.0
455,0,yYSDLmlm,ydoNqUsu,6192.0
455,0,eOdwAkBF,yYSDLmlm,7182.0
455,0,FDCDnriY,eOdwAkBF,7385.0
455,0,DCdKJxNH,FDCDnriY,7161.0
455,0,DsuTXcIa,DCdKJxNH,5040.0
455,0,bgWfLree,DsuTXcIa,5034.0
455,0,MlQcmexA,bgWfLree,5034.0
455,0,tSmiUoPn,MlQcmexA,3824.0
455,0,VuxSFkGj,tSmiUoPn,3824.0
455,0,SQUoXVXU,VuxSFkGj,3820.0
455,0,tZiWmgTn,SQUoXVXU,3585.0
455,0,JpkWIkgn,tZiWmgTn,3550.0
455,0,gDnuvefz,JpkWIkgn,3550.0
455,0,rqBqDfoZ,gDnuvefz,3550.0
455,0,yhXmuUeN,rqBqDfoZ,3312.0
455,0,BqZQArDi,yhXmuUeN,2187.0
455,0,xbiDwIOu,BqZQArDi,2044.0
455,0,zVYhNTdK,xbiDwIOu,2044.0
455,0,EkWBPXmr,zVYhNTdK,2044.0
985,0,aDaRCcaB,YxUFlvZH,1809.0
985,0,dQYZBhGJ,aDaRCcaB,1537.0
985,0,iFderoVa,dQYZBhGJ,1536.0
985,0,GQmprOhw,iFderoVa,1630.0
985,0,CbblRkaH,GQmprOhw,1168.0
985,0,BldTZUAI,CbblRkaH,1237.0
985,0,nBYHMnkU,BldTZUAI,1237.0
455,0,KcvPUxQg,ePrpofUw,4690.0
625,0,XNHVHmHa,apwTQKga,1549.0
625,0,vGqwislq,XNHVHmHa,1549.0
625,0,AwLiWVdI,vGqwislq,1569.0
625,0,XBhuaxff,AwLiWVdI,1569.0
985,0,ZfNDFPcl,UxPxrYmy,2318.0
985,0,KwXNMHkb,ZfNDFPcl,2318.0
985,0,YxUFlvZH,KwXNMHkb,2318.0
455,0,NFInfBeu,kKKRBhFF,4347.0
455,0,VCQdmIoF,NFInfBeu,4416.0
455,0,ePrpofUw,VCQdmIoF,4416.0
625,0,apwTQKga,lBjlyorh,1271.0
625,0,ZTCNsviV,ODNKqRCQ,730.0
625,0,GBYHqHQO,ZTCNsviV,730.0
625,0,lBjlyorh,GBYHqHQO,730.0
455,0,WdOwNGhj,xfbmoJHP,3197.0
455,0,kKKRBhFF,WdOwNGhj,3205.0
625,0,ODNKqRCQ,iPzquFzR,667.0
596,0,vyItOGON,tTbFYEPP,752.0
596,0,YxUFlvZH,vyItOGON,1155.0
596,0,KMLNQwjh,YxUFlvZH,1128.0
596,0,aDaRCcaB,KMLNQwjh,364.0
596,0,dQYZBhGJ,aDaRCcaB,343.0
596,0,iFderoVa,dQYZBhGJ,335.0
596,0,GQmprOhw,iFderoVa,335.0
596,0,CbblRkaH,GQmprOhw,239.0
596,0,BldTZUAI,CbblRkaH,239.0
596,0,nBYHMnkU,BldTZUAI,239.0
924,0,NCSBLEus,AJLJQqsT,4009.0
924,0,xfbmoJHP,NCSBLEus,3923.0
985,0,hqOmlOIp,RrhmmPMm,1823.0
985,0,qJgsxHch,hqOmlOIp,1823.0
985,0,lxplrluY,qJgsxHch,1823.0
985,0,zTJYYUap,lxplrluY,1823.0
985,0,UxPxrYmy,zTJYYUap,1823.0
924,0,illGQStO,sTaleXyI,3944.0
924,0,AUrIxxcC,illGQStO,3830.0
924,0,zqZasXpA,AUrIxxcC,3865.0
924,0,EYGEAZtD,zqZasXpA,3865.0
924,0,AJLJQqsT,EYGEAZtD,3865.0
985,0,YxYhlArE,NqSePdAx,1602.0
985,0,sAswhpJr,YxYhlArE,1602.0
985,0,VyHGAkTo,sAswhpJr,1602.0
985,0,RrhmmPMm,VyHGAkTo,1602.0
115,0,hkXbXhZN,scqbdPBp,167.0
115,0,TgpuXBqx,hkXbXhZN,167.0
115,0,IyPglFnI,TgpuXBqx,180.0
115,0,atGiINkp,IyPglFnI,180.0
115,0,tFIeEodn,atGiINkp,180.0
115,0,yeBNAVLu,tFIeEodn,180.0
115,0,xokKvraT,yeBNAVLu,91.0
115,0,HaSZVkzu,xokKvraT,91.0
115,0,yjaYbUGq,HaSZVkzu,91.0
115,0,LbyQgJih,yjaYbUGq,91.0
115,0,FPXdCAOW,LbyQgJih,91.0
115,0,ouHKxPGS,FPXdCAOW,91.0
115,0,TimDJQqX,ouHKxPGS,75.0
115,0,buoLtkoi,TimDJQqX,75.0
115,0,NEOaVWFJ,buoLtkoi,73.0
115,0,RBwynnQe,NEOaVWFJ,73.0
115,0,EPmEpfWC,RBwynnQe,73.0
115,0,TtVVOWLP,EPmEpfWC,73.0
115,0,xfbmoJHP,TtVVOWLP,73.0
924,0,TJDsQDoO,HdBHspFM,3543.0
924,0,yTictHOU,TJDsQDoO,3691.0
924,0,sTaleXyI,yTictHOU,3691.0
985,0,sceVWPKZ,dvaPHMux,1326.0
985,0,kIKddsaQ,sceVWPKZ,1326.0
985,0,NqSePdAx,kIKddsaQ,1326.0
1047,0,illGQStO,gIrHwcsI,836.0
1047,0,AUrIxxcC,illGQStO,511.0
1047,0,zqZasXpA,AUrIxxcC,511.0
1047,0,EYGEAZtD,zqZasXpA,511.0
1047,0,AJLJQqsT,EYGEAZtD,511.0
1047,0,NCSBLEus,AJLJQqsT,478.0
1047,0,xfbmoJHP,NCSBLEus,478.0
1047,0,WdOwNGhj,xfbmoJHP,225.0
1047,0,kKKRBhFF,WdOwNGhj,192.0
1047,0,NFInfBeu,kKKRBhFF,190.0
1047,0,VCQdmIoF,NFInfBeu,190.0
1047,0,ePrpofUw,VCQdmIoF,190.0
1047,0,KcvPUxQg,ePrpofUw,185.0
1047,0,BlnSxBAr,KcvPUxQg,185.0
1047,0,TCBUGaZf,BlnSxBAr,185.0
1047,0,pzcCDVmZ,TCBUGaZf,162.0
1047,0,AUBTKFbY,pzcCDVmZ,162.0
1047,0,fjevhefZ,AUBTKFbY,154.0
1047,0,vyQyYYqJ,fjevhefZ,154.0
1047,0,ztLkgYlA,vyQyYYqJ,154.0
1047,0,IvQQZbJW,ztLkgYlA,131.0
1047,0,yaKWBgLg,IvQQZbJW,131.0
1047,0,lkujKSJT,yaKWBgLg,131.0
1047,0,twMezfOU,lkujKSJT,125.0
1047,0,OyJKKata,twMezfOU,125.0
1047,0,MqGZxRIW,OyJKKata,125.0
1047,0,FcOkCcps,MqGZxRIW,122.0
129,0,hPntpWoI,jEhGDfoN,2150.0
129,0,aLFpJPgR,hPntpWoI,2177.0
129,0,cZLwCFQo,aLFpJPgR,2186.0
129,0,rxrORjnb,cZLwCFQo,2185.0
129,0,UVDfwOgc,rxrORjnb,2019.0
129,0,HdBHspFM,UVDfwOgc,2019.0
129,0,TJDsQDoO,HdBHspFM,2012.0
129,0,yTictHOU,TJDsQDoO,2012.0
129,0,sTaleXyI,yTictHOU,2012.0
129,0,illGQStO,sTaleXyI,2009.0
129,0,AUrIxxcC,illGQStO,2008.0
129,0,zqZasXpA,AUrIxxcC,2008.0
129,0,EYGEAZtD,zqZasXpA,2008.0
129,0,AJLJQqsT,EYGEAZtD,2008.0
129,0,NCSBLEus,AJLJQqsT,1999.0
129,0,xfbmoJHP,NCSBLEus,1953.0
924,0,Vtdujofe,VKAAZZOV,3383.0
924,0,edTVGmZc,Vtdujofe,3383.0
924,0,iqwCaPZT,edTVGmZc,3383.0
924,0,qqDoWQdv,iqwCaPZT,3383.0
924,0,eymgjBxV,qqDoWQdv,3274.0
924,0,EonJeQKz,eymgjBxV,3365.0
924,0,vkWqgNph,EonJeQKz,3366.0
924,0,nJRQzVZQ,vkWqgNph,3366.0
924,0,xunvufHj,nJRQzVZQ,3349.0
924,0,rxrORjnb,xunvufHj,3349.0
924,0,UVDfwOgc,rxrORjnb,3263.0
924,0,HdBHspFM,UVDfwOgc,3263.0
912,0,mgDGiHEE,FwvYcAgk,617.0
912,0,dQOncjgh,mgDGiHEE,878.0
912,0,QiaFfhxS,dQOncjgh,950.0
912,0,rilNZKmg,QiaFfhxS,950.0
912,0,MgfOYJbA,rilNZKmg,949.0
912,0,qIuTLVvj,MgfOYJbA,947.0
912,0,spmlaYUs,qIuTLVvj,852.0
912,0,qqDoWQdv,spmlaYUs,852.0
912,0,eymgjBxV,qqDoWQdv,848.0
912,0,EonJeQKz,eymgjBxV,839.0
912,0,vkWqgNph,EonJeQKz,839.0
912,0,nJRQzVZQ,vkWqgNph,839.0
912,0,xunvufHj,nJRQzVZQ,813.0
912,0,rxrORjnb,xunvufHj,813.0
912,0,UVDfwOgc,rxrORjnb,813.0
912,0,TJDsQDoO,UVDfwOgc,804.0
912,0,yTictHOU,TJDsQDoO,803.0
912,0,sTaleXyI,yTictHOU,803.0
912,0,illGQStO,sTaleXyI,801.0
912,0,AUrIxxcC,illGQStO,772.0
912,0,zqZasXpA,AUrIxxcC,772.0
912,0,EYGEAZtD,zqZasXpA,772.0
912,0,AJLJQqsT,EYGEAZtD,772.0
912,0,NCSBLEus,AJLJQqsT,758.0
912,0,xfbmoJHP,NCSBLEus,758.0
1176,0,GIlSPhwi,SOtvIsgL,2569.0
1176,0,ZPJGdbAJ,GIlSPhwi,2569.0
1176,0,IAmXeTgg,ZPJGdbAJ,2569.0
35,0,fwfbiPwk,drmArhka,7543.0
35,0,cGoHBmgo,fwfbiPwk,7972.0
35,0,EkWBPXmr,cGoHBmgo,7969.0
417,0,TShNRujB,hxSTJhOz,8930.0
417,0,zVYhNTdK,TShNRujB,5814.0
417,0,EkWBPXmr,zVYhNTdK,5814.0
35,0,XypZkLUe,gaLZwYvS,7740.0
35,0,drmArhka,XypZkLUe,7740.0
417,0,hxSTJhOz,rDSiGFpR,8227.0
35,0,gaLZwYvS,qFzqwYZZ,7402.0
477,0,NKCxdwhs,mYoRZvtc,2740.0
477,0,eeSdZFhf,NKCxdwhs,2740.0
477,0,UaWwvNMO,eeSdZFhf,3030.0
477,0,gFAsBeQM,UaWwvNMO,3030.0
477,0,rDSiGFpR,gFAsBeQM,2675.0
35,0,qFzqwYZZ,MBTcSIip,8197.0
417,0,LOkvvGyU,FqxCUuHX,6810.0
417,0,DYErCrqd,LOkvvGyU,8735.0
417,0,LbKosGpD,DYErCrqd,8735.0
417,0,rDSiGFpR,LbKosGpD,7754.0
417,0,tSUFrefk,ZMeqpjWv,5884.0
417,0,FqxCUuHX,tSUFrefk,5906.0
35,0,ppabfQGz,rloRqLNl,9275.0
35,0,MBTcSIip,ppabfQGz,9041.0
417,0,AFWGXQGm,BsVmblhs,3967.0
417,0,WTiRZunt,AFWGXQGm,3967.0
417,0,ZMeqpjWv,WTiRZunt,3967.0
465,0,XFLojCJa,cPCRxZjy,4868.0
465,0,mHRdWDIt,XFLojCJa,4868.0
465,0,NBopaFdP,mHRdWDIt,4687.0
465,0,LbKosGpD,NBopaFdP,4407.0
465,0,rDSiGFpR,LbKosGpD,4396.0
465,0,hxSTJhOz,rDSiGFpR,3422.0
465,0,TShNRujB,hxSTJhOz,3422.0
465,0,zVYhNTdK,TShNRujB,2105.0
465,0,EkWBPXmr,zVYhNTdK,2105.0
357,0,cPCRxZjy,LPfgjVyT,4392.0
357,0,qpacHTVx,cPCRxZjy,4128.0
357,0,XFLojCJa,qpacHTVx,4128.0
357,0,mHRdWDIt,XFLojCJa,4128.0
357,0,NBopaFdP,mHRdWDIt,3850.0
357,0,LbKosGpD,NBopaFdP,3850.0
357,0,rDSiGFpR,LbKosGpD,3846.0
357,0,hxSTJhOz,rDSiGFpR,2911.0
357,0,TShNRujB,hxSTJhOz,2859.0
357,0,xbiDwIOu,TShNRujB,973.0
357,0,zVYhNTdK,xbiDwIOu,973.0
357,0,EkWBPXmr,zVYhNTdK,973.0
1139,0,LLvlNCEB,sDgMDbLK,1294.0
1139,0,ZMeqpjWv,LLvlNCEB,1294.0
1139,0,tSUFrefk,ZMeqpjWv,1294.0
1139,0,FqxCUuHX,tSUFrefk,1262.0
1139,0,LOkvvGyU,FqxCUuHX,1105.0
1139,0,DYErCrqd,LOkvvGyU,1105.0
1139,0,rDSiGFpR,DYErCrqd,1105.0
1139,0,hxSTJhOz,rDSiGFpR,869.0
1139,0,TShNRujB,hxSTJhOz,869.0
1139,0,xbiDwIOu,TShNRujB,524.0
1139,0,zVYhNTdK,xbiDwIOu,524.0
1139,0,EkWBPXmr,zVYhNTdK,524.0
357,0,LPfgjVyT,cniBuICf,3413.0
357,0,cniBuICf,WtPVEKaC,2954.0
417,0,TUpCuZAw,YmDpkIHQ,3481.0
417,0,HYfXIyFk,TUpCuZAw,3481.0
417,0,oQvXmJfL,HYfXIyFk,3519.0
417,0,yayPNqiY,oQvXmJfL,3394.0
417,0,BsVmblhs,yayPNqiY,3374.0
35,0,TiulEaYs,FliRNcXy,9127.0
35,0,dwUntJQR,TiulEaYs,9192.0
35,0,rloRqLNl,dwUntJQR,9195.0
1139,0,faYOimYm,EZnTnoxs,951.0
1139,0,cmGUMIAA,faYOimYm,979.0
1139,0,sDgMDbLK,cmGUMIAA,979.0
357,0,WtPVEKaC,BYsSDXCP,3239.0
35,0,LfENZYTF,TNZDhyQb,7902.0
35,0,FliRNcXy,LfENZYTF,8023.0
357,0,BYsSDXCP,zjSAMvDn,2609.0
1139,0,aaOdCJPr,ezbmnBKa,637.0
1139,0,EZnTnoxs,aaOdCJPr,637.0
35,0,aFlzccOO,DYvQviUy,7579.0
35,0,TNZDhyQb,aFlzccOO,7277.0
1511,0,fubLBmAl,DOGyniWl,13900.0
1511,0,zjSAMvDn,fubLBmAl,13900.0
1511,0,BYsSDXCP,zjSAMvDn,13679.0
1511,0,WtPVEKaC,BYsSDXCP,13588.0
1511,0,cniBuICf,WtPVEKaC,11971.0
1511,0,LPfgjVyT,cniBuICf,11971.0
1511,0,cPCRxZjy,LPfgjVyT,9792.0
1511,0,XFLojCJa,cPCRxZjy,9516.0
1511,0,mHRdWDIt,XFLojCJa,9516.0
1511,0,NBopaFdP,mHRdWDIt,9504.0
1511,0,LbKosGpD,NBopaFdP,9419.0
1511,0,rDSiGFpR,LbKosGpD,9202.0
1511,0,hxSTJhOz,rDSiGFpR,6085.0
1511,0,TShNRujB,hxSTJhOz,5956.0
1511,0,xbiDwIOu,TShNRujB,3703.0
1511,0,zVYhNTdK,xbiDwIOu,3703.0
1511,0,EkWBPXmr,zVYhNTdK,3687.0
727,0,knCDNjnp,mLBQtksd,2375.0
727,0,nYVfIRsk,knCDNjnp,2371.0
727,0,IHZGJZTs,nYVfIRsk,2356.0
727,0,DYvQviUy,IHZGJZTs,2333.0
727,0,yHDouIXe,DYvQviUy,1634.0
727,0,aFlzccOO,yHDouIXe,1422.0
727,0,gpaAUChy,aFlzccOO,1000.0
727,0,XAxmwtqw,gpaAUChy,1000.0
727,0,YmDpkIHQ,XAxmwtqw,1000.0
1245,0,OajDKDnO,jIFrASnh,1068.0
1245,0,fQIJDuOA,OajDKDnO,1068.0
1245,0,ZBegLuFw,fQIJDuOA,1068.0
1245,0,yHDouIXe,ZBegLuFw,1130.0
1245,0,aFlzccOO,yHDouIXe,882.0
1245,0,TNZDhyQb,aFlzccOO,752.0
1245,0,LfENZYTF,TNZDhyQb,837.0
1245,0,FliRNcXy,LfENZYTF,954.0
1245,0,TiulEaYs,FliRNcXy,1328.0
1245,0,dwUntJQR,TiulEaYs,1296.0
1245,0,ppabfQGz,dwUntJQR,1296.0
1245,0,MBTcSIip,ppabfQGz,1531.0
1245,0,qFzqwYZZ,MBTcSIip,1532.0
1245,0,gaLZwYvS,qFzqwYZZ,2337.0
1245,0,XypZkLUe,gaLZwYvS,2488.0
1245,0,drmArhka,XypZkLUe,2488.0
35,0,DYvQviUy,RfEbENxd,6641.0
1511,0,GpnhEWuy,QDIpIlEK,13154.0
1511,0,YmkUpvHU,GpnhEWuy,13056.0
1511,0,GbYxEXTt,YmkUpvHU,13886.0
1511,0,DOGyniWl,GbYxEXTt,12952.0
77,0,jQaLNViL,XJRnAJHc,6507.0
77,0,RfEbENxd,jQaLNViL,5739.0
77,0,DYvQviUy,RfEbENxd,4446.0
77,0,aFlzccOO,DYvQviUy,4141.0
77,0,TNZDhyQb,aFlzccOO,3703.0
77,0,LfENZYTF,TNZDhyQb,3703.0
77,0,FliRNcXy,LfENZYTF,3595.0
77,0,TiulEaYs,FliRNcXy,3348.0
77,0,dwUntJQR,TiulEaYs,3348.0
77,0,rloRqLNl,dwUntJQR,3348.0
77,0,ppabfQGz,rloRqLNl,3074.0
77,0,MBTcSIip,ppabfQGz,3074.0
77,0,qFzqwYZZ,MBTcSIip,3063.0
77,0,gaLZwYvS,qFzqwYZZ,2717.0
77,0,XypZkLUe,gaLZwYvS,2710.0
77,0,drmArhka,XypZkLUe,2710.0
77,0,fwfbiPwk,drmArhka,2665.0
77,0,EkWBPXmr,fwfbiPwk,2060.0
1139,0,hCbDNPhh,kzneBolb,535.0
1139,0,oFLgHrco,hCbDNPhh,535.0
1139,0,yrWAEsGy,oFLgHrco,537.0
1139,0,qGIkRenz,yrWAEsGy,574.0
1139,0,ytUqATXS,qGIkRenz,574.0
1139,0,sHwmfZBx,ytUqATXS,588.0
1139,0,OJyOyFXO,sHwmfZBx,588.0
1139,0,ezbmnBKa,OJyOyFXO,590.0
35,0,jQaLNViL,WynPMslR,8077.0
35,0,RfEbENxd,jQaLNViL,7441.0
1505,0,WCllcJIC,wxsBzgDc,4319.0
1505,0,OXcUkifL,WCllcJIC,5223.0
1505,0,POsNTwnJ,OXcUkifL,5419.0
1505,0,YmkUpvHU,POsNTwnJ,5406.0
1511,0,GgLRqpEG,uhUmvvRs,14657.0
1511,0,WFZVQzrl,GgLRqpEG,14637.0
1511,0,GiONHkbf,WFZVQzrl,14020.0
1511,0,QDIpIlEK,GiONHkbf,13033.0
233,0,GiONHkbf,aFxztqGh,1435.0
233,0,QDIpIlEK,GiONHkbf,1345.0
77,0,WUWIxCFc,OdzEGWPG,4677.0
77,0,XJRnAJHc,WUWIxCFc,4677.0
233,0,xwyDeZpB,ckoHNDVp,1085.0
233,0,aFxztqGh,xwyDeZpB,1263.0
35,0,vHkAlmCm,GnOurcjN,7254.0
35,0,WynPMslR,vHkAlmCm,7273.0
1505,0,poajKJhB,zUgDRwiy,3240.0
1505,0,wDKuLbjL,poajKJhB,3243.0
1505,0,IfDrXrwx,wDKuLbjL,3482.0
1505,0,wxsBzgDc,IfDrXrwx,3418.0
77,0,ruogAkOJ,cQHgTjKq,4450.0
77,0,tndfGrTh,ruogAkOJ,4450.0
77,0,OdzEGWPG,tndfGrTh,4450.0
233,0,miDIXkTS,EFeZyZmg,1180.0
233,0,TdXLhpcB,miDIXkTS,1398.0
233,0,ckoHNDVp,TdXLhpcB,1758.0
77,0,cQHgTjKq,wGTdgRcU,4233.0
1532,0,HcKLTTXk,lRwVVbKf,1712.0
1532,0,IvXmMOhB,HcKLTTXk,2248.0
1532,0,FUctipSE,IvXmMOhB,2599.0
1532,0,PWitnUnB,FUctipSE,3125.0
1532,0,zwmwkNcj,PWitnUnB,3125.0
1532,0,DJDPVkXF,zwmwkNcj,3125.0
1532,0,FrOiWYSP,DJDPVkXF,2895.0
1532,0,mNGfniSu,FrOiWYSP,3016.0
1532,0,qjwSVoCq,mNGfniSu,3249.0
1532,0,WvPJYXMk,qjwSVoCq,3333.0
1511,0,lQIpGOTn,lEwLedpG,14468.0
1511,0,uhUmvvRs,lQIpGOTn,14618.0
1419,0,xgzyCPTg,HAmwZMhM,5569.0
1419,0,XWLETkPz,xgzyCPTg,5619.0
1419,0,HLAPntjh,XWLETkPz,5619.0
1419,0,RSQixiib,HLAPntjh,6405.0
1419,0,qrzeRBPC,RSQixiib,6909.0
1419,0,phXawcIY,qrzeRBPC,6907.0
1419,0,EXTmTMKf,phXawcIY,4956.0
35,0,yfIoPTHo,EXTmTMKf,6451.0
35,0,GnOurcjN,yfIoPTHo,6543.0
77,0,meZHMfSd,yTNmoAGc,4021.0
77,0,wGTdgRcU,meZHMfSd,4021.0
35,0,JGydtICe,uCftfjda,2051.0
35,0,zjGRmLyo,JGydtICe,5800.0
35,0,EXTmTMKf,zjGRmLyo,5847.0
1532,0,ULIlEdjB,XHLHCkqn,1057.0
1532,0,zfmNZkKD,ULIlEdjB,1057.0
1532,0,tYiGccLM,zfmNZkKD,1328.0
1532,0,zVMCvpDh,tYiGccLM,1475.0
1532,0,tdSVPjpA,zVMCvpDh,1475.0
1532,0,nOepWjtB,tdSVPjpA,1475.0
1532,0,kNXaohyL,nOepWjtB,1475.0
1532,0,gJicbLzN,kNXaohyL,1475.0
1532,0,lRwVVbKf,gJicbLzN,1481.0
35,0,uCftfjda,aBQaRmrC,1550.0
77,0,wDEypHfE,QCBPrBCl,3703.0
77,0,yTNmoAGc,wDEypHfE,3703.0
77,0,rGYrQqGa,OUTzwMHI,3664.0
77,0,QCBPrBCl,rGYrQqGa,3664.0
798,0,bmqZcfhO,LDSuadxM,1544.0
798,0,mdiSFJRM,bmqZcfhO,1714.0
798,0,ljNlRbnZ,mdiSFJRM,1714.0
798,0,VbMcfGsr,ljNlRbnZ,1954.0
798,0,MttNRhjN,VbMcfGsr,1954.0
798,0,HeidvHXY,MttNRhjN,1954.0
798,0,CCoJPQpR,HeidvHXY,1954.0
798,0,veAXvdUO,CCoJPQpR,3525.0
798,0,UgdUAhSn,veAXvdUO,3525.0
798,0,HcKLTTXk,UgdUAhSn,3525.0
798,0,IvXmMOhB,HcKLTTXk,3525.0
798,0,KIvXTDlT,IvXmMOhB,3525.0
798,0,TgzZcdmy,KIvXTDlT,3525.0
798,0,SEjojzMr,TgzZcdmy,3525.0
798,0,oBYetVBr,SEjojzMr,3189.0
798,0,GiONHkbf,oBYetVBr,2914.0
798,0,QDIpIlEK,GiONHkbf,2914.0
798,0,GpnhEWuy,QDIpIlEK,1183.0
798,0,rRGVruPM,GpnhEWuy,1183.0
798,0,YmkUpvHU,rRGVruPM,1181.0
798,0,GbYxEXTt,YmkUpvHU,1181.0
798,0,DOGyniWl,GbYxEXTt,844.0
798,0,fubLBmAl,DOGyniWl,844.0
798,0,nEXpIbiD,fubLBmAl,844.0
357,0,zjSAMvDn,bZroqIhX,1638.0
143,0,HxnLIWQq,tcbhlVZo,3434.0
143,0,wqGWmwVd,HxnLIWQq,4284.0
143,0,ACkvbmee,wqGWmwVd,4285.0
143,0,FtWuEuzF,ACkvbmee,4285.0
143,0,RtTLxXUv,FtWuEuzF,4273.0
143,0,JGydtICe,RtTLxXUv,4902.0
719,0,eusqYKWT,HezLsNFQ,1414.0
719,0,xOHMcnRu,eusqYKWT,1392.0
465,0,RCkelXPh,eyAJPdep,4356.0
465,0,jcExlqwL,RCkelXPh,5407.0
465,0,YctaenCe,jcExlqwL,5978.0
465,0,tzYrVhKO,YctaenCe,5991.0
465,0,UgpyjFML,tzYrVhKO,6152.0
465,0,nPkrzCty,UgpyjFML,4775.0
465,0,OPXtWBVk,nPkrzCty,6396.0
465,0,SvGtXrYj,OPXtWBVk,5832.0
465,0,TdfMaTlB,SvGtXrYj,5649.0
465,0,STSGJiIu,TdfMaTlB,4833.0
465,0,buAeVenh,STSGJiIu,4833.0
465,0,ARTSSefO,buAeVenh,4829.0
465,0,nGRNUPgX,ARTSSefO,4761.0
465,0,cPCRxZjy,nGRNUPgX,4342.0
780,0,VEiYdotb,AhWKwjTz,7236.0
780,0,DgYBMgPg,VEiYdotb,7236.0
780,0,vkArqzKY,DgYBMgPg,7669.0
780,0,gzTQJVMW,vkArqzKY,7669.0
1511,0,FZsFzszJ,gzTQJVMW,2926.0
1511,0,ALhaazBT,FZsFzszJ,2942.0
1511,0,AUmOMGnp,ALhaazBT,3097.0
1511,0,ejMjPdTH,AUmOMGnp,3129.0
1511,0,eaNsVWDR,ejMjPdTH,4109.0
1511,0,hpACGGyB,eaNsVWDR,5762.0
1511,0,ywuGpANM,hpACGGyB,5958.0
1511,0,BZCtSmhk,ywuGpANM,8718.0
1511,0,qeXIqBgp,BZCtSmhk,9496.0
1511,0,jFRqfnFl,qeXIqBgp,13989.0
1511,0,ysSWNERo,jFRqfnFl,14150.0
1511,0,lEwLedpG,ysSWNERo,14177.0
1441,0,JZbiEaEt,LsuNFzpq,2070.0
1441,0,RchOKnYD,JZbiEaEt,1613.0
1441,0,BMDeXhVp,RchOKnYD,1613.0
1441,0,ZqBGCTqq,BMDeXhVp,1613.0
1441,0,HxnLIWQq,ZqBGCTqq,1003.0
1441,0,wqGWmwVd,HxnLIWQq,980.0
1441,0,ACkvbmee,wqGWmwVd,948.0
1441,0,FtWuEuzF,ACkvbmee,948.0
1441,0,RtTLxXUv,FtWuEuzF,948.0
1441,0,JGydtICe,RtTLxXUv,1145.0
836,0,UGBWqSzR,aImltWBw,1809.0
836,0,ywuGpANM,UGBWqSzR,2286.0
836,0,BZCtSmhk,ywuGpANM,6728.0
803,0,lhYDMMsV,LNRgsQQF,1054.0
803,0,dHuMOmqh,lhYDMMsV,1059.0
803,0,shEBYolm,dHuMOmqh,784.0
803,0,ljNlRbnZ,shEBYolm,784.0
803,0,MttNRhjN,ljNlRbnZ,766.0
803,0,HeidvHXY,MttNRhjN,766.0
803,0,CCoJPQpR,HeidvHXY,766.0
803,0,veAXvdUO,CCoJPQpR,766.0
803,0,UgdUAhSn,veAXvdUO,766.0
803,0,HcKLTTXk,UgdUAhSn,640.0
803,0,IvXmMOhB,HcKLTTXk,640.0
803,0,KIvXTDlT,IvXmMOhB,516.0
803,0,TgzZcdmy,KIvXTDlT,500.0
803,0,SEjojzMr,TgzZcdmy,500.0
803,0,WCllcJIC,SEjojzMr,460.0
803,0,OXcUkifL,WCllcJIC,396.0
803,0,POsNTwnJ,OXcUkifL,329.0
803,0,rRGVruPM,POsNTwnJ,163.0
803,0,YmkUpvHU,rRGVruPM,163.0
77,0,tcHYhVZo,XkkxwlXm,3654.0
77,0,OUTzwMHI,tcHYhVZo,3367.0
798,0,llFTEWtD,IulxyPoH,363.0
798,0,fPhIOSOj,llFTEWtD,363.0
798,0,PQDqFTyk,fPhIOSOj,363.0
798,0,lUWTaWkd,PQDqFTyk,372.0
798,0,LDSuadxM,lUWTaWkd,372.0
143,0,GMrJWgHs,OaJoPLeC,1436.0
143,0,tTjpyeuP,GMrJWgHs,1353.0
143,0,elxmPCDf,tTjpyeuP,1353.0
143,0,tcbhlVZo,elxmPCDf,1353.0
143,0,OaJoPLeC,osIslFBH,1428.0
77,0,PQuXHWcA,ZFSCrBEp,3378.0
77,0,XkkxwlXm,PQuXHWcA,3378.0
994,0,KnIeolpt,RyhuDLev,6352.0
994,0,GMrJWgHs,KnIeolpt,6359.0
994,0,tTjpyeuP,GMrJWgHs,6330.0
994,0,elxmPCDf,tTjpyeuP,6330.0
994,0,tcbhlVZo,elxmPCDf,6330.0
994,0,HxnLIWQq,tcbhlVZo,3511.0
994,0,wqGWmwVd,HxnLIWQq,3467.0
994,0,ACkvbmee,wqGWmwVd,3467.0
994,0,FtWuEuzF,ACkvbmee,3467.0
994,0,RtTLxXUv,FtWuEuzF,3463.0
994,0,JGydtICe,RtTLxXUv,3273.0
560,0,IjDfGHsr,hzAARBgX,1656.0
560,0,TFRpjaAo,IjDfGHsr,1658.0
560,0,JhdinCeD,TFRpjaAo,1774.0
560,0,ZIieNEvD,JhdinCeD,1774.0
560,0,jvLymITs,ZIieNEvD,1774.0
560,0,jJVVpGMf,jvLymITs,1555.0
560,0,tcYerYbk,jJVVpGMf,1555.0
560,0,pPKqPUVW,tcYerYbk,1555.0
560,0,iYTiOTOT,pPKqPUVW,1555.0
560,0,dLtneiKf,iYTiOTOT,1555.0
560,0,slfxTuih,dLtneiKf,1555.0
560,0,XFPAZveS,slfxTuih,1332.0
560,0,WjGJosho,XFPAZveS,1100.0
77,0,fXFJjsZH,DKTMYVhM,3187.0
77,0,zKpOsJgw,fXFJjsZH,3187.0
77,0,ZFSCrBEp,zKpOsJgw,3187.0
994,0,fzmnvqlX,SEcoeimf,4847.0
994,0,RyhuDLev,fzmnvqlX,4847.0
77,0,SvkqEtGw,HbaaqMIK,2963.0
77,0,DKTMYVhM,SvkqEtGw,2963.0
994,0,zzxlwhdI,wssOAckJ,4045.0
994,0,SEcoeimf,zzxlwhdI,2430.0
1554,0,kTKiYpVR,EPQxNUoM,1680.0
1554,0,bjpXdchK,kTKiYpVR,1673.0
1554,0,dEgXqWEW,bjpXdchK,1673.0
1554,0,ZWGREbnj,dEgXqWEW,1673.0
1554,0,cgIzawVB,ZWGREbnj,1673.0
1554,0,CbYTLXWK,cgIzawVB,1673.0
1554,0,kWrGTFqC,CbYTLXWK,1673.0
1554,0,ubEwIGdf,kWrGTFqC,1669.0
1554,0,aBKtLgYB,ubEwIGdf,1669.0
1554,0,qduHdsCL,aBKtLgYB,1669.0
1554,0,GYMzAvFw,qduHdsCL,1669.0
1554,0,VXAxIwYs,GYMzAvFw,1669.0
1554,0,ZHWKFCEn,VXAxIwYs,1664.0
1554,0,KbemmdTp,ZHWKFCEn,1663.0
1554,0,wTVyxBBy,KbemmdTp,1663.0
1554,0,LNRgsQQF,wTVyxBBy,1663.0
1554,0,lhYDMMsV,LNRgsQQF,1663.0
1554,0,OhgtKZPi,lhYDMMsV,1663.0
1554,0,dHuMOmqh,OhgtKZPi,1663.0
1554,0,mdiSFJRM,dHuMOmqh,1228.0
1554,0,KSJnwxVm,mdiSFJRM,1228.0
1554,0,shEBYolm,KSJnwxVm,1228.0
1554,0,ljNlRbnZ,shEBYolm,1228.0
1554,0,VbMcfGsr,ljNlRbnZ,1219.0
1554,0,MttNRhjN,VbMcfGsr,1219.0
1554,0,HeidvHXY,MttNRhjN,1219.0
1554,0,CCoJPQpR,HeidvHXY,1219.0
1554,0,veAXvdUO,CCoJPQpR,1014.0
1554,0,UgdUAhSn,veAXvdUO,1014.0
1554,0,HcKLTTXk,UgdUAhSn,1014.0
1554,0,mexFgKBp,HcKLTTXk,889.0
1554,0,KIvXTDlT,mexFgKBp,667.0
1554,0,TgzZcdmy,KIvXTDlT,667.0
1554,0,SEjojzMr,TgzZcdmy,667.0
1554,0,WCllcJIC,SEjojzMr,637.0
1554,0,OXcUkifL,WCllcJIC,367.0
1554,0,POsNTwnJ,OXcUkifL,367.0
1554,0,rRGVruPM,POsNTwnJ,367.0
1554,0,YmkUpvHU,rRGVruPM,241.0
994,0,wssOAckJ,obGcbWvT,3334.0
77,0,MwUoGUHv,aXWsLpyQ,2870.0
77,0,lndqhzzh,MwUoGUHv,2870.0
77,0,jOvjucEC,lndqhzzh,2870.0
77,0,HbaaqMIK,jOvjucEC,2870.0
941,0,avmqjzBH,aYSNYmnY,2874.0
941,0,jEVQeNyS,avmqjzBH,3119.0
941,0,HeRuYpNs,jEVQeNyS,3119.0
941,0,qRJySzaf,HeRuYpNs,2638.0
941,0,LTfflVxG,qRJySzaf,2638.0
941,0,AhWKwjTz,LTfflVxG,1706.0
941,0,VEiYdotb,AhWKwjTz,1634.0
941,0,DgYBMgPg,VEiYdotb,1634.0
941,0,yjQwxGED,DgYBMgPg,1223.0
941,0,KPcRWbGT,yjQwxGED,1223.0
941,0,uGRyXcfW,KPcRWbGT,1223.0
941,0,HlhFjJtZ,uGRyXcfW,1242.0
941,0,ALhaazBT,HlhFjJtZ,1242.0
994,0,QyfZGsFT,JgVaSAtG,3064.0
994,0,selTNsQi,QyfZGsFT,3064.0
994,0,SfBAqteg,selTNsQi,3064.0
994,0,obGcbWvT,SfBAqteg,3064.0
1511,0,gzTQJVMW,RVEyrwjR,2479.0
1558,0,KqFhDHZN,yHaTCNJc,234.0
1558,0,bCNvXuax,KqFhDHZN,1179.0
1558,0,HDmoIVra,bCNvXuax,1223.0
1558,0,tfRCwcQZ,HDmoIVra,1223.0
1558,0,ltfHcqwC,tfRCwcQZ,1344.0
1558,0,VUmYNFZt,ltfHcqwC,1344.0
1558,0,pnYEWPBG,VUmYNFZt,1344.0
1558,0,IANlmbvg,pnYEWPBG,1449.0
1558,0,LjfvDYFE,IANlmbvg,1939.0
1558,0,MhGEPaGW,LjfvDYFE,1951.0
1558,0,ZHWKFCEn,MhGEPaGW,1912.0
1558,0,LNRgsQQF,ZHWKFCEn,1878.0
1558,0,lhYDMMsV,LNRgsQQF,1871.0
1558,0,OhgtKZPi,lhYDMMsV,1867.0
1558,0,dHuMOmqh,OhgtKZPi,1867.0
1558,0,mdiSFJRM,dHuMOmqh,1678.0
1558,0,KSJnwxVm,mdiSFJRM,1678.0
1558,0,shEBYolm,KSJnwxVm,1678.0
1558,0,ljNlRbnZ,shEBYolm,1678.0
1558,0,VbMcfGsr,ljNlRbnZ,1677.0
1558,0,MttNRhjN,VbMcfGsr,1677.0
1558,0,CCoJPQpR,MttNRhjN,1677.0
1558,0,veAXvdUO,CCoJPQpR,1470.0
1558,0,UgdUAhSn,veAXvdUO,1470.0
1558,0,HcKLTTXk,UgdUAhSn,1463.0
1558,0,IvXmMOhB,HcKLTTXk,1451.0
1558,0,KIvXTDlT,IvXmMOhB,1256.0
1558,0,TgzZcdmy,KIvXTDlT,1205.0
1558,0,SEjojzMr,TgzZcdmy,1205.0
1558,0,WCllcJIC,SEjojzMr,1191.0
1558,0,OXcUkifL,WCllcJIC,642.0
1558,0,POsNTwnJ,OXcUkifL,630.0
1558,0,rRGVruPM,POsNTwnJ,603.0
1558,0,YmkUpvHU,rRGVruPM,323.0
1558,0,GbYxEXTt,YmkUpvHU,323.0
1558,0,ItndWSiW,GbYxEXTt,323.0
1558,0,DOGyniWl,ItndWSiW,269.0
1558,0,fubLBmAl,DOGyniWl,269.0
1558,0,nEXpIbiD,fubLBmAl,269.0
1511,0,RVEyrwjR,XLVjRryq,433.0
1083,0,jobllKUJ,pqZYMbGr,3779.0
1083,0,cKlxsEIa,jobllKUJ,3779.0
1083,0,POeaLshN,cKlxsEIa,3779.0
1083,0,nvtqczOj,POeaLshN,3779.0
1083,0,FdzHSswJ,nvtqczOj,3455.0
1083,0,qmRscxuH,FdzHSswJ,3745.0
1083,0,zrVEttwl,qmRscxuH,3598.0
1083,0,KhQckqci,zrVEttwl,3599.0
1083,0,NkYJOxxA,KhQckqci,3599.0
1083,0,Phtvjmoj,NkYJOxxA,3599.0
1083,0,iRgZVaoH,Phtvjmoj,4822.0
1083,0,KbKyxild,iRgZVaoH,4822.0
1083,0,WzJZybAt,KbKyxild,4376.0
1083,0,wBZvskGC,WzJZybAt,4325.0
1083,0,pHbSfQWg,wBZvskGC,5575.0
1083,0,hlYcHDiv,pHbSfQWg,5575.0
1083,0,ZUUFaTkv,hlYcHDiv,5573.0
1083,0,jgCiOeaN,ZUUFaTkv,5623.0
1083,0,TikfrWrm,jgCiOeaN,5623.0
1083,0,RabBrvbh,TikfrWrm,5688.0
1083,0,yAsGVYQM,RabBrvbh,5688.0
1083,0,XFPAZveS,yAsGVYQM,12731.0
1083,0,ejMjPdTH,XFPAZveS,12857.0
1083,0,CKorGRkE,ejMjPdTH,9752.0
1083,0,eaNsVWDR,CKorGRkE,8918.0
77,0,TBShKgjD,yOopALph,2780.0
77,0,aXWsLpyQ,TBShKgjD,2780.0
780,0,wuAzVrCW,fdwLSfsa,4764.0
780,0,mRKfPREJ,wuAzVrCW,4764.0
780,0,HeRuYpNs,mRKfPREJ,4764.0
780,0,qRJySzaf,HeRuYpNs,4465.0
780,0,LTfflVxG,qRJySzaf,4465.0
780,0,AhWKwjTz,LTfflVxG,5400.0
736,0,NxbXiMUL,MyGqmywG,7946.0
1511,0,XLVjRryq,NxbXiMUL,195.0
367,0,CgMBzfIg,OXvlrfnG,3016.0
367,0,BCwVkMhO,CgMBzfIg,3016.0
367,0,MpBHVRZl,BCwVkMhO,2754.0
367,0,BWKNZpmt,MpBHVRZl,2869.0
367,0,hMBIVszx,BWKNZpmt,2892.0
367,0,JgVaSAtG,hMBIVszx,2892.0
367,0,QyfZGsFT,JgVaSAtG,2946.0
367,0,selTNsQi,QyfZGsFT,2946.0
367,0,SfBAqteg,selTNsQi,2946.0
367,0,obGcbWvT,SfBAqteg,2946.0
367,0,wssOAckJ,obGcbWvT,2970.0
367,0,zzxlwhdI,wssOAckJ,3698.0
367,0,SEcoeimf,zzxlwhdI,3609.0
367,0,fzmnvqlX,SEcoeimf,4688.0
367,0,RyhuDLev,fzmnvqlX,4688.0
367,0,KnIeolpt,RyhuDLev,5252.0
367,0,GMrJWgHs,KnIeolpt,5252.0
367,0,tTjpyeuP,GMrJWgHs,5318.0
367,0,elxmPCDf,tTjpyeuP,5318.0
367,0,tcbhlVZo,elxmPCDf,5318.0
367,0,HxnLIWQq,tcbhlVZo,6149.0
367,0,wqGWmwVd,HxnLIWQq,6581.0
367,0,ACkvbmee,wqGWmwVd,6591.0
367,0,FtWuEuzF,ACkvbmee,6591.0
367,0,RtTLxXUv,FtWuEuzF,6592.0
367,0,JGydtICe,RtTLxXUv,7447.0
1511,0,vDFCntfg,YvwuVYMF,138.0
1511,0,iEKDTvNf,vDFCntfg,138.0
1511,0,NxbXiMUL,iEKDTvNf,138.0
367,0,OXvlrfnG,iZfXNAue,2824.0
71,0,dEwNKLNy,vaPtcLuK,395.0
367,0,Uacajbua,wcUGKfLa,1955.0
367,0,ZLCIvgrp,Uacajbua,1955.0
367,0,ucVTqZIB,ZLCIvgrp,1955.0
367,0,FDrhtNjK,ucVTqZIB,1955.0
367,0,YVGWiGkc,FDrhtNjK,1955.0
367,0,CqPWXNIf,YVGWiGkc,1955.0
367,0,iZfXNAue,CqPWXNIf,1955.0
616,0,fElpHioA,TJGhHrvm,757.0
616,0,PaLbQtln,fElpHioA,927.0
616,0,rqBqDfoZ,PaLbQtln,927.0
616,0,yhXmuUeN,rqBqDfoZ,969.0
319,0,zVYhNTdK,yhXmuUeN,2108.0
319,0,EkWBPXmr,zVYhNTdK,2107.0
1376,0,gDnuvefz,SjZGieDS,1976.0
1376,0,rqBqDfoZ,gDnuvefz,1967.0
1376,0,yhXmuUeN,rqBqDfoZ,1245.0
1376,0,BqZQArDi,yhXmuUeN,645.0
1376,0,zVYhNTdK,BqZQArDi,645.0
1376,0,EkWBPXmr,zVYhNTdK,645.0
319,0,zavSPsgu,YjHuxjDZ,6292.0
319,0,UrQlyWkl,zavSPsgu,5846.0
319,0,mklbELhb,UrQlyWkl,4046.0
319,0,yhXmuUeN,mklbELhb,2401.0
399,0,WPPGaTFA,RupFhEwj,3509.0
399,0,JSZZmOIY,WPPGaTFA,3509.0
399,0,AHLLTOdf,JSZZmOIY,3285.0
399,0,xewbkqhz,AHLLTOdf,2313.0
399,0,mklbELhb,xewbkqhz,2313.0
399,0,yhXmuUeN,mklbELhb,2311.0
399,0,BqZQArDi,yhXmuUeN,1132.0
399,0,xbiDwIOu,BqZQArDi,1132.0
399,0,zVYhNTdK,xbiDwIOu,1132.0
399,0,EkWBPXmr,zVYhNTdK,1132.0
591,0,xQpNdvvD,GigUVtty,2843.0
591,0,VuxSFkGj,xQpNdvvD,2837.0
591,0,SQUoXVXU,VuxSFkGj,2834.0
591,0,tZiWmgTn,SQUoXVXU,2821.0
591,0,JpkWIkgn,tZiWmgTn,2821.0
591,0,gDnuvefz,JpkWIkgn,2821.0
591,0,rqBqDfoZ,gDnuvefz,2821.0
591,0,dkEskUud,rqBqDfoZ,2605.0
591,0,BqZQArDi,dkEskUud,861.0
591,0,zVYhNTdK,BqZQArDi,861.0
591,0,EkWBPXmr,zVYhNTdK,861.0
399,0,tglFZOrp,CcTUkfkl,3150.0
399,0,SqxhBMol,tglFZOrp,3150.0
399,0,vIqdsoZx,SqxhBMol,3446.0
399,0,RupFhEwj,vIqdsoZx,3446.0
319,0,CZfJWCoJ,xfYjeqNM,5887.0
319,0,IdWZOznf,CZfJWCoJ,5887.0
319,0,XGxJlapP,IdWZOznf,5887.0
319,0,YjHuxjDZ,XGxJlapP,5887.0
647,0,bCOJrgoA,qDeoslSZ,610.0
647,0,uTcsgvmK,bCOJrgoA,613.0
647,0,PrdzzRyE,uTcsgvmK,613.0
1744,0,xfYjeqNM,UWSJuCAz,5596.0
319,0,xfYjeqNM,RSPZrGBg,6386.0
399,0,eciAPzhn,zYpZYpOA,2129.0
399,0,tOfkaukv,eciAPzhn,2129.0
399,0,exzjGTVf,tOfkaukv,2129.0
399,0,CcTUkfkl,exzjGTVf,2129.0
1376,0,rClMLArS,mZseJHmU,1808.0
1376,0,MHYyLhRG,rClMLArS,1808.0
1376,0,CcTUkfkl,MHYyLhRG,1782.0
1376,0,tglFZOrp,CcTUkfkl,1782.0
1376,0,SqxhBMol,tglFZOrp,1650.0
1376,0,JvhqCmbT,SqxhBMol,1620.0
1376,0,xkdRvtRu,JvhqCmbT,1601.0
1376,0,SjZGieDS,xkdRvtRu,1593.0
293,0,cEOIeJTR,CfleTooC,2050.0
293,0,bWAbaUPC,cEOIeJTR,2050.0
293,0,qrSNpKDz,bWAbaUPC,1812.0
293,0,UECnapuN,qrSNpKDz,1812.0
293,0,FZYojuVE,UECnapuN,1794.0
293,0,uVsOstge,FZYojuVE,1773.0
293,0,tBJBJfdu,uVsOstge,1662.0
293,0,JSZZmOIY,tBJBJfdu,1233.0
293,0,AHLLTOdf,JSZZmOIY,1230.0
293,0,xewbkqhz,AHLLTOdf,1163.0
293,0,mklbELhb,xewbkqhz,1163.0
293,0,yhXmuUeN,mklbELhb,1135.0
293,0,BqZQArDi,yhXmuUeN,521.0
293,0,xbiDwIOu,BqZQArDi,521.0
293,0,zVYhNTdK,xbiDwIOu,521.0
293,0,EkWBPXmr,zVYhNTdK,519.0
319,0,KMDYeUKg,ARTSSefO,6014.0
319,0,FrlvFFoW,KMDYeUKg,6568.0
319,0,UCIDNTPZ,FrlvFFoW,6556.0
319,0,RSPZrGBg,UCIDNTPZ,6570.0
399,0,CYSggHNR,IkxLwyxa,1231.0
399,0,VhgapMoa,CYSggHNR,1231.0
399,0,dKbqWpcD,VhgapMoa,1231.0
399,0,zYpZYpOA,dKbqWpcD,1231.0
1317,0,PlyJazqR,vrgENeuF,1748.0
319,0,buAeVenh,EBckcZXF,5951.0
319,0,ARTSSefO,buAeVenh,5951.0
319,0,STSGJiIu,TdfMaTlB,5791.0
319,0,vpctkpYQ,STSGJiIu,5791.0
319,0,EBckcZXF,vpctkpYQ,5680.0
234,0,hCxxcqWU,IOcMwGKn,5342.0
234,0,pPReLBCT,hCxxcqWU,5428.0
234,0,IOcMwGKn,ybjkPLXB,5332.0
399,0,nJRBvlcT,YmbmpLps,434.0
399,0,IkxLwyxa,nJRBvlcT,682.0
293,0,fjbmYxRB,SzEcLYsf,2643.0
293,0,hCxxcqWU,fjbmYxRB,2643.0
293,0,gUXxyAlR,hCxxcqWU,2718.0
293,0,CfleTooC,gUXxyAlR,3643.0
146,0,WweXYmbm,JODrgTwh,261.0
146,0,RWixPrCB,WweXYmbm,261.0
146,0,zAwPDfkg,RWixPrCB,533.0
146,0,eBAbFKqQ,zAwPDfkg,533.0
146,0,cniBuICf,eBAbFKqQ,533.0
146,0,LPfgjVyT,cniBuICf,533.0
146,0,cPCRxZjy,LPfgjVyT,362.0
146,0,qpacHTVx,cPCRxZjy,362.0
146,0,XFLojCJa,qpacHTVx,362.0
146,0,mHRdWDIt,XFLojCJa,362.0
146,0,NBopaFdP,mHRdWDIt,293.0
146,0,LbKosGpD,NBopaFdP,291.0
146,0,rDSiGFpR,LbKosGpD,291.0
146,0,hxSTJhOz,rDSiGFpR,191.0
146,0,TShNRujB,hxSTJhOz,191.0
146,0,zVYhNTdK,TShNRujB,94.0
146,0,EkWBPXmr,zVYhNTdK,94.0
399,0,JGbfxLUL,KQSHMGnw,290.0
399,0,IjwLXBRx,JGbfxLUL,291.0
399,0,YmbmpLps,IjwLXBRx,291.0
989,0,fjevhefZ,AUBTKFbY,7343.0
989,0,vyQyYYqJ,fjevhefZ,7339.0
989,0,ztLkgYlA,vyQyYYqJ,7293.0
319,0,OPXtWBVk,gqwqEGtD,5530.0
319,0,SvGtXrYj,OPXtWBVk,5451.0
319,0,TdfMaTlB,SvGtXrYj,5256.0
234,0,OAywdpTB,BpAiVnps,4540.0
234,0,ufvngNip,OAywdpTB,5380.0
234,0,ybjkPLXB,ufvngNip,5380.0
357,0,dlzglDFV,yFEIEiOj,986.0
357,0,pZATYgJX,dlzglDFV,986.0
357,0,DkqFSkSd,pZATYgJX,967.0
357,0,bZroqIhX,DkqFSkSd,967.0
591,0,TqlJzItM,adsviABF,3609.0
591,0,IjwLXBRx,TqlJzItM,3606.0
591,0,nJRBvlcT,IjwLXBRx,3521.0
591,0,IkxLwyxa,nJRBvlcT,3090.0
591,0,CYSggHNR,IkxLwyxa,2834.0
591,0,VhgapMoa,CYSggHNR,2839.0
591,0,dKbqWpcD,VhgapMoa,2839.0
591,0,zYpZYpOA,dKbqWpcD,2839.0
591,0,xbeOVhLE,zYpZYpOA,2532.0
591,0,IpBcScgC,xbeOVhLE,2423.0
591,0,aYvzRwqU,IpBcScgC,2423.0
591,0,mVhkAqwx,aYvzRwqU,2423.0
591,0,GigUVtty,mVhkAqwx,2413.0
679,0,goaumTLR,jXeBpcDF,4071.0
679,0,vNMxowJX,goaumTLR,4058.0
679,0,voZaDctr,vNMxowJX,3958.0
679,0,cttUtMNm,voZaDctr,3958.0
465,0,kjxfKqbD,hSRFRBsa,1150.0
465,0,mSXRukCc,kjxfKqbD,1151.0
465,0,PkbhOCMh,mSXRukCc,1151.0
465,0,FFGyTMvJ,PkbhOCMh,1194.0
465,0,eyAJPdep,FFGyTMvJ,1372.0
712,0,lmZJehpq,EmkugZPX,2081.0
712,0,RVGhYAxc,lmZJehpq,4232.0
712,0,BpAiVnps,RVGhYAxc,2641.0
321,0,mnAVlSWp,LsQRoNsL,376.0
321,0,aLvvGSoW,mnAVlSWp,376.0
321,0,nPkrzCty,aLvvGSoW,476.0
321,0,OPXtWBVk,nPkrzCty,476.0
321,0,SvGtXrYj,OPXtWBVk,476.0
321,0,TdfMaTlB,SvGtXrYj,476.0
321,0,STSGJiIu,TdfMaTlB,354.0
321,0,vpctkpYQ,STSGJiIu,354.0
321,0,EBckcZXF,vpctkpYQ,354.0
321,0,buAeVenh,EBckcZXF,354.0
321,0,ARTSSefO,buAeVenh,354.0
321,0,KMDYeUKg,ARTSSefO,354.0
321,0,FrlvFFoW,KMDYeUKg,354.0
321,0,UCIDNTPZ,FrlvFFoW,354.0
321,0,RSPZrGBg,UCIDNTPZ,354.0
321,0,xfYjeqNM,RSPZrGBg,311.0
321,0,IdWZOznf,xfYjeqNM,311.0
321,0,XGxJlapP,IdWZOznf,311.0
321,0,YjHuxjDZ,XGxJlapP,311.0
321,0,zavSPsgu,YjHuxjDZ,234.0
321,0,UrQlyWkl,zavSPsgu,234.0
321,0,WqMESkMM,UrQlyWkl,136.0
321,0,TKmnSMXw,WqMESkMM,136.0
321,0,zAVZRYih,TKmnSMXw,136.0
321,0,hxSTJhOz,zAVZRYih,109.0
321,0,TShNRujB,hxSTJhOz,109.0
321,0,zVYhNTdK,TShNRujB,56.0
321,0,EkWBPXmr,zVYhNTdK,56.0
989,0,AUBTKFbY,pzcCDVmZ,7958.0
319,0,vSdfqYeK,oBjbzljy,1123.0
319,0,gqwqEGtD,vSdfqYeK,5769.0
357,0,zjQVJpHm,ICtDTIBO,708.0
357,0,RBVPcVzH,zjQVJpHm,708.0
357,0,yXKTuRtI,RBVPcVzH,708.0
357,0,yFEIEiOj,yXKTuRtI,710.0
591,0,LPldZjRa,XMWgellz,3942.0
591,0,adsviABF,LPldZjRa,3719.0
591,0,MpPYcjVn,BYVXItej,1595.0
591,0,DewKhksr,MpPYcjVn,1595.0
591,0,vqGhvZJF,DewKhksr,1595.0
591,0,XMWgellz,vqGhvZJF,1519.0
1376,0,cMUNkugJ,dxlyVRvH,478.0
1376,0,DLdtTvFi,cMUNkugJ,481.0
1376,0,vRWSdFEN,DLdtTvFi,1240.0
1376,0,tNTWUPxE,vRWSdFEN,1365.0
1376,0,WPBOglHu,tNTWUPxE,1365.0
1376,0,ftMGYADA,WPBOglHu,1365.0
1376,0,lklhFYFG,ftMGYADA,1371.0
1376,0,laWGsLMv,lklhFYFG,1371.0
1376,0,JYcdyiOK,laWGsLMv,1371.0
1376,0,mTvPylzX,JYcdyiOK,1397.0
1376,0,mZseJHmU,mTvPylzX,1397.0
1380,0,kueIUJls,XGJiqzLW,405.0
1380,0,LYjhOoFf,kueIUJls,405.0
1380,0,QdWOxWia,LYjhOoFf,629.0
1380,0,gViLrCgA,QdWOxWia,636.0
1380,0,cCSIoIah,gViLrCgA,682.0
1380,0,DLdtTvFi,cCSIoIah,682.0
1380,0,vRWSdFEN,DLdtTvFi,682.0
1380,0,tNTWUPxE,vRWSdFEN,671.0
1380,0,WPBOglHu,tNTWUPxE,671.0
1380,0,ftMGYADA,WPBOglHu,671.0
1380,0,lklhFYFG,ftMGYADA,671.0
1380,0,laWGsLMv,lklhFYFG,655.0
1380,0,tqUAPVAa,laWGsLMv,655.0
1380,0,JYcdyiOK,tqUAPVAa,655.0
1380,0,mTvPylzX,JYcdyiOK,655.0
1380,0,qKDzyFqg,mTvPylzX,655.0
1380,0,mZseJHmU,qKDzyFqg,651.0
1380,0,rClMLArS,mZseJHmU,528.0
1380,0,MHYyLhRG,rClMLArS,528.0
1380,0,CcTUkfkl,MHYyLhRG,496.0
1380,0,tglFZOrp,CcTUkfkl,496.0
1380,0,SqxhBMol,tglFZOrp,464.0
1380,0,vIqdsoZx,SqxhBMol,464.0
1380,0,xkdRvtRu,vIqdsoZx,438.0
1380,0,SjZGieDS,xkdRvtRu,434.0
1380,0,tZiWmgTn,SjZGieDS,340.0
1380,0,gDnuvefz,tZiWmgTn,338.0
1380,0,rqBqDfoZ,gDnuvefz,338.0
1380,0,yhXmuUeN,rqBqDfoZ,272.0
1380,0,BqZQArDi,yhXmuUeN,124.0
1380,0,xbiDwIOu,BqZQArDi,124.0
1380,0,zVYhNTdK,xbiDwIOu,124.0
1380,0,EkWBPXmr,zVYhNTdK,124.0
1506,0,paIawFeA,nIakFMcq,5171.0
1506,0,LYjhOoFf,paIawFeA,5222.0
1506,0,gViLrCgA,LYjhOoFf,6229.0
1506,0,cCSIoIah,gViLrCgA,7225.0
1506,0,DLdtTvFi,cCSIoIah,7248.0
1506,0,vRWSdFEN,DLdtTvFi,7139.0
1506,0,tDDddUJb,vRWSdFEN,8530.0
1506,0,RVGhYAxc,tDDddUJb,9625.0
1506,0,BpAiVnps,RVGhYAxc,9736.0
852,0,mhgPTzcZ,bOiSLYGO,391.0
852,0,WFZVQzrl,mhgPTzcZ,391.0
852,0,GiONHkbf,WFZVQzrl,391.0
852,0,QDIpIlEK,GiONHkbf,391.0
852,0,GpnhEWuy,QDIpIlEK,391.0
852,0,YmkUpvHU,GpnhEWuy,391.0
852,0,GbYxEXTt,YmkUpvHU,391.0
852,0,DOGyniWl,GbYxEXTt,391.0
852,0,fubLBmAl,DOGyniWl,391.0
852,0,zjSAMvDn,fubLBmAl,391.0
852,0,BYsSDXCP,zjSAMvDn,369.0
852,0,WtPVEKaC,BYsSDXCP,367.0
852,0,cniBuICf,WtPVEKaC,314.0
852,0,LPfgjVyT,cniBuICf,314.0
852,0,cPCRxZjy,LPfgjVyT,232.0
852,0,XFLojCJa,cPCRxZjy,232.0
852,0,mHRdWDIt,XFLojCJa,232.0
852,0,NBopaFdP,mHRdWDIt,232.0
852,0,LbKosGpD,NBopaFdP,232.0
852,0,rDSiGFpR,LbKosGpD,232.0
852,0,hxSTJhOz,rDSiGFpR,219.0
852,0,TShNRujB,hxSTJhOz,219.0
852,0,xbiDwIOu,TShNRujB,176.0
852,0,zVYhNTdK,xbiDwIOu,176.0
852,0,EkWBPXmr,zVYhNTdK,176.0
16,0,xQSKBJml,SwLVnWPq,9301.0
16,0,eXTjiXiW,xQSKBJml,9368.0
16,0,UUCrlfWg,eXTjiXiW,9368.0
16,0,YULSfngF,UUCrlfWg,9519.0
16,0,ozuppJDT,YULSfngF,9357.0
16,0,xGsoSfhX,ozuppJDT,9358.0
16,0,ufvngNip,xGsoSfhX,7227.0
16,0,ybjkPLXB,ufvngNip,7227.0
16,0,IOcMwGKn,ybjkPLXB,6403.0
16,0,hCxxcqWU,IOcMwGKn,6714.0
16,0,gUXxyAlR,hCxxcqWU,6744.0
16,0,cEOIeJTR,gUXxyAlR,5794.0
16,0,bWAbaUPC,cEOIeJTR,5592.0
16,0,UECnapuN,bWAbaUPC,5868.0
16,0,uVsOstge,UECnapuN,5835.0
16,0,tBJBJfdu,uVsOstge,5742.0
16,0,xewbkqhz,tBJBJfdu,6366.0
16,0,mklbELhb,xewbkqhz,6896.0
16,0,yhXmuUeN,mklbELhb,6239.0
1665,0,HFKGyjhH,mkJuKiBe,4340.0
1665,0,wdfUFUDc,HFKGyjhH,4340.0
1665,0,MkXEUCdM,wdfUFUDc,2473.0
1665,0,oiYuCTCe,MkXEUCdM,2473.0
16,0,SwLVnWPq,oiYuCTCe,8367.0
1180,0,dAjqsFfg,tJbXQuOE,6790.0
1180,0,vizUtPmY,dAjqsFfg,6790.0
1180,0,QewuHWYk,vizUtPmY,6790.0
1180,0,fytASSfG,QewuHWYk,6518.0
1180,0,kFSxtGUW,fytASSfG,6518.0
1180,0,ULMVzkWs,kFSxtGUW,5841.0
1180,0,ZNjvBYak,ULMVzkWs,5845.0
1180,0,wPeqfEci,ZNjvBYak,5864.0
1180,0,MjMDaXaP,wPeqfEci,5864.0
1180,0,hSdNxZqe,MjMDaXaP,5864.0
1189,0,pkhwWQVf,KSSwmuEx,724.0
1189,0,JxFLnqJu,pkhwWQVf,819.0
1189,0,GDiQpvtB,JxFLnqJu,819.0
1189,0,fGmFhgnx,GDiQpvtB,814.0
1189,0,XyHfgUxW,fGmFhgnx,472.0
1189,0,zjjLSYAp,XyHfgUxW,472.0
1189,0,wrsPDGBQ,zjjLSYAp,472.0
1189,0,UtwZFZsx,wrsPDGBQ,327.0
1189,0,QsteKrle,UtwZFZsx,327.0
1189,0,XMWgellz,QsteKrle,327.0
1189,0,LPldZjRa,XMWgellz,59.0
1189,0,adsviABF,LPldZjRa,52.0
1189,0,TqlJzItM,adsviABF,39.0
227,0,rckblBTM,QpprBOSr,410.0
16,0,rSdxnGDj,otuYkIZd,9142.0
16,0,MkXEUCdM,rSdxnGDj,7682.0
16,0,oiYuCTCe,MkXEUCdM,7713.0
1262,0,jFRqfnFl,gmsNDepi,4259.0
1262,0,ysSWNERo,jFRqfnFl,4246.0
1262,0,lEwLedpG,ysSWNERo,4152.0
1262,0,GtMUYUwJ,lEwLedpG,3892.0
1262,0,lQIpGOTn,GtMUYUwJ,3878.0
1262,0,uhUmvvRs,lQIpGOTn,3866.0
1262,0,svgtEcQx,uhUmvvRs,4260.0
1262,0,HcPkwFHM,svgtEcQx,4424.0
1262,0,KjuJaNsu,HcPkwFHM,4360.0
1262,0,oNyGHMvy,KjuJaNsu,4329.0
1262,0,QdnKSSsO,oNyGHMvy,4311.0
1262,0,vSdfqYeK,QdnKSSsO,4509.0
1050,0,apXGdFyI,kVWIKiQU,398.0
1050,0,RmlHIOuG,apXGdFyI,361.0
1050,0,lyEmHaNr,RmlHIOuG,361.0
1050,0,wzWDodFe,lyEmHaNr,333.0
1050,0,siPRjksc,wzWDodFe,333.0
1050,0,GIlSPhwi,siPRjksc,333.0
1050,0,ZPJGdbAJ,GIlSPhwi,333.0
1050,0,xfbmoJHP,ZPJGdbAJ,333.0
1567,0,ZIPCqImv,ciAbSxQX,4265.0
1567,0,aWNaUdzp,ZIPCqImv,4265.0
1567,0,FCsbIOBe,aWNaUdzp,6538.0
1567,0,wyEQXfIU,FCsbIOBe,6538.0
1567,0,aRKvwhNi,wyEQXfIU,6536.0
1567,0,eyAJPdep,aRKvwhNi,5630.0
1567,0,RCkelXPh,eyAJPdep,5507.0
1677,0,lOYrQfzi,oajqUPaH,3194.0
1677,0,iuewtDUr,lOYrQfzi,3198.0
1677,0,KdEmbmsx,iuewtDUr,3198.0
1677,0,GkYZbgqg,KdEmbmsx,3198.0
1677,0,FlYjxOxQ,GkYZbgqg,1441.0
1677,0,wFSILCzc,FlYjxOxQ,1441.0
1677,0,yQQuLFAg,wFSILCzc,1441.0
1318,0,CoFyQOTC,jnDfAorM,5055.0
1318,0,HMiMHaRv,CoFyQOTC,5055.0
1318,0,kLfGGOkq,HMiMHaRv,5055.0
1318,0,ygVaThfM,kLfGGOkq,5055.0
1318,0,otuYkIZd,ygVaThfM,5055.0
1318,0,rSdxnGDj,otuYkIZd,4829.0
1318,0,MkXEUCdM,rSdxnGDj,4402.0
1318,0,oiYuCTCe,MkXEUCdM,4371.0
1318,0,SwLVnWPq,oiYuCTCe,4687.0
1318,0,xQSKBJml,SwLVnWPq,5898.0
1318,0,eXTjiXiW,xQSKBJml,5831.0
1318,0,UUCrlfWg,eXTjiXiW,5831.0
1318,0,YULSfngF,UUCrlfWg,5680.0
1318,0,xGsoSfhX,YULSfngF,5660.0
1318,0,RVGhYAxc,xGsoSfhX,5835.0
1318,0,BpAiVnps,RVGhYAxc,5650.0
835,0,BGChynOq,gKGqSXsa,13136.0
835,0,ffHVhHJj,BGChynOq,12281.0
835,0,itmFNPnQ,ffHVhHJj,12281.0
835,0,mEEGNlDG,itmFNPnQ,12281.0
835,0,njiqgOWt,mEEGNlDG,12278.0
1567,0,TEKQTTfp,YzXnYVPd,3528.0
1567,0,ciAbSxQX,TEKQTTfp,3452.0
1664,0,VNhDHTgU,ymtXIyVJ,895.0
1664,0,mvZTxord,VNhDHTgU,895.0
1664,0,JeEnofCX,mvZTxord,972.0
1664,0,jnDfAorM,JeEnofCX,972.0
835,0,LpQEBEct,UxgUbJZk,12584.0
835,0,uypYDUnA,LpQEBEct,12584.0
835,0,gKGqSXsa,uypYDUnA,12707.0
1176,0,BdERaXqk,VWFAQayS,2862.0
1176,0,apXGdFyI,BdERaXqk,2862.0
1176,0,RmlHIOuG,apXGdFyI,2755.0
1176,0,gxWRCjNy,RmlHIOuG,2755.0
1176,0,lyEmHaNr,gxWRCjNy,2755.0
1176,0,wzWDodFe,lyEmHaNr,1910.0
1176,0,siPRjksc,wzWDodFe,1910.0
1176,0,SOtvIsgL,siPRjksc,1910.0
1664,0,ymtXIyVJ,AayEawbi,666.0
866,0,BgNaSNFf,zKrYjMnL,3412.0
866,0,IsieOPvU,BgNaSNFf,3420.0
866,0,UEPelLBG,IsieOPvU,3420.0
866,0,gpKesHQf,UEPelLBG,3420.0
866,0,lyZkKOPR,gpKesHQf,3420.0
866,0,DorRdqSK,lyZkKOPR,3420.0
866,0,cwgbfpqq,DorRdqSK,3420.0
866,0,fMrlznIn,cwgbfpqq,3008.0
866,0,uXKxCjNA,fMrlznIn,3008.0
866,0,bOiSLYGO,uXKxCjNA,3008.0
866,0,mhgPTzcZ,bOiSLYGO,2887.0
866,0,WFZVQzrl,mhgPTzcZ,2587.0
1567,0,ZuDlysuz,FwybjYQK,4383.0
1567,0,IkwHYYuh,ZuDlysuz,4357.0
1567,0,YzXnYVPd,IkwHYYuh,3969.0
1340,0,PhjcDdmq,ogOCBKAf,4780.0
1340,0,bHagonKv,PhjcDdmq,4817.0
1340,0,XiLvnZTk,bHagonKv,4826.0
1340,0,FStgRiBS,XiLvnZTk,4874.0
1340,0,GkYZbgqg,FStgRiBS,4874.0
1340,0,wFSILCzc,GkYZbgqg,4879.0
1340,0,yQQuLFAg,wFSILCzc,4965.0
1340,0,rckblBTM,yQQuLFAg,6406.0
1340,0,fGmFhgnx,rckblBTM,6439.0
1340,0,XyHfgUxW,fGmFhgnx,6556.0
1340,0,zjjLSYAp,XyHfgUxW,6578.0
1340,0,nIakFMcq,zjjLSYAp,6551.0
1340,0,yAgyFeHo,nIakFMcq,5128.0
1340,0,QdWOxWia,yAgyFeHo,4515.0
1340,0,gViLrCgA,QdWOxWia,4510.0
1340,0,cCSIoIah,gViLrCgA,4330.0
1340,0,DLdtTvFi,cCSIoIah,4330.0
1340,0,vRWSdFEN,DLdtTvFi,3577.0
1340,0,tDDddUJb,vRWSdFEN,3486.0
1340,0,RVGhYAxc,tDDddUJb,3486.0
1340,0,BpAiVnps,RVGhYAxc,2898.0
1226,0,JLvNOQnl,NmRushck,11260.0
1226,0,BGChynOq,JLvNOQnl,11531.0
1226,0,ffHVhHJj,BGChynOq,10946.0
1226,0,itmFNPnQ,ffHVhHJj,10946.0
1226,0,jVOVHrFU,itmFNPnQ,10946.0
16,0,CEZTRnUo,qflzswAf,6513.0
16,0,funWfCdm,CEZTRnUo,6513.0
16,0,rnFrOJMw,funWfCdm,6513.0
16,0,MklhhYCQ,rnFrOJMw,6523.0
16,0,MnTeelLR,MklhhYCQ,8424.0
16,0,XnPpfSyF,MnTeelLR,11757.0
16,0,otuYkIZd,XnPpfSyF,11749.0
1221,0,qVxAOUMG,RMvkOcpU,7425.0
1221,0,bYKKzRQT,qVxAOUMG,7425.0
1221,0,CLqSCDPt,bYKKzRQT,7425.0
1221,0,ZzqCYjTC,CLqSCDPt,7418.0
1221,0,UtzkRwuC,ZzqCYjTC,7418.0
1221,0,cvCJiZVm,UtzkRwuC,7393.0
1221,0,MklhhYCQ,cvCJiZVm,7355.0
750,0,CMzYUzyh,SrmEoNnE,2044.0
750,0,CJTVPZbh,CMzYUzyh,2044.0
750,0,DLAIfXxc,CJTVPZbh,2126.0
750,0,lyEmHaNr,DLAIfXxc,2499.0
750,0,wzWDodFe,lyEmHaNr,2318.0
750,0,siPRjksc,wzWDodFe,2318.0
750,0,SOtvIsgL,siPRjksc,2318.0
750,0,GIlSPhwi,SOtvIsgL,2318.0
750,0,ZPJGdbAJ,GIlSPhwi,2318.0
750,0,xfbmoJHP,ZPJGdbAJ,2315.0
1030,0,agMXkLfj,PyGiRErs,7877.0
1030,0,qflzswAf,agMXkLfj,7877.0
633,0,CcjcuryA,Vlipnutt,1037.0
633,0,yQQuLFAg,CcjcuryA,1037.0
633,0,rckblBTM,yQQuLFAg,1158.0
633,0,fGmFhgnx,rckblBTM,1159.0
633,0,zjjLSYAp,fGmFhgnx,1188.0
633,0,wrsPDGBQ,zjjLSYAp,1188.0
633,0,QsteKrle,wrsPDGBQ,1244.0
633,0,XMWgellz,QsteKrle,1244.0
633,0,EmkugZPX,XMWgellz,2313.0
633,0,lmZJehpq,EmkugZPX,2358.0
633,0,WPBOglHu,lmZJehpq,2358.0
633,0,ftMGYADA,WPBOglHu,2121.0
633,0,lklhFYFG,ftMGYADA,2121.0
633,0,rDcmNjNB,lklhFYFG,2102.0
633,0,pPReLBCT,rDcmNjNB,2102.0
1567,0,MhxjGQjy,mhYSfvAq,4364.0
1567,0,EhUxMFuQ,MhxjGQjy,4364.0
1567,0,HZcfHzwe,EhUxMFuQ,4511.0
1567,0,KcDUQTDz,HZcfHzwe,4427.0
1567,0,qoWOoICL,KcDUQTDz,4427.0
1567,0,FwybjYQK,qoWOoICL,4427.0
1649,0,OOwDmsWF,TCeiTEZh,258.0
1649,0,RjRljmKl,OOwDmsWF,258.0
1649,0,QRWCUyXY,RjRljmKl,258.0
1649,0,bGxnPBxb,QRWCUyXY,258.0
1649,0,mvgVyONe,bGxnPBxb,258.0
1649,0,YlcUcHmr,mvgVyONe,258.0
1649,0,puuUveiG,YlcUcHmr,258.0
1649,0,CGfCHyje,puuUveiG,258.0
1649,0,qflzswAf,CGfCHyje,247.0
1065,0,yQXZAhRQ,OfWHUDWP,587.0
1065,0,jfvbdeGs,yQXZAhRQ,587.0
1065,0,cdqhrjBE,jfvbdeGs,584.0
1065,0,MJvZDjlV,cdqhrjBE,598.0
1065,0,rxrORjnb,MJvZDjlV,622.0
1065,0,UVDfwOgc,rxrORjnb,622.0
1065,0,TJDsQDoO,UVDfwOgc,621.0
1065,0,yTictHOU,TJDsQDoO,621.0
1065,0,illGQStO,yTictHOU,620.0
1065,0,AUrIxxcC,illGQStO,514.0
1065,0,zqZasXpA,AUrIxxcC,514.0
1065,0,EYGEAZtD,zqZasXpA,514.0
1065,0,AJLJQqsT,EYGEAZtD,514.0
1065,0,NCSBLEus,AJLJQqsT,512.0
1065,0,xfbmoJHP,NCSBLEus,512.0
1065,0,WdOwNGhj,xfbmoJHP,111.0
1065,0,kKKRBhFF,WdOwNGhj,8.0
1065,0,NFInfBeu,kKKRBhFF,8.0
1065,0,VCQdmIoF,NFInfBeu,8.0
1065,0,ePrpofUw,VCQdmIoF,8.0
1065,0,KcvPUxQg,ePrpofUw,8.0
1065,0,BlnSxBAr,KcvPUxQg,8.0
1065,0,TCBUGaZf,BlnSxBAr,8.0
1065,0,pzcCDVmZ,TCBUGaZf,8.0
1065,0,AUBTKFbY,pzcCDVmZ,8.0
1065,0,fjevhefZ,AUBTKFbY,8.0
1065,0,vyQyYYqJ,fjevhefZ,8.0
1065,0,ztLkgYlA,vyQyYYqJ,8.0
1065,0,IvQQZbJW,ztLkgYlA,8.0
1065,0,yaKWBgLg,IvQQZbJW,8.0
1065,0,lkujKSJT,yaKWBgLg,8.0
1065,0,twMezfOU,lkujKSJT,8.0
1065,0,OyJKKata,twMezfOU,8.0
1065,0,MqGZxRIW,OyJKKata,4.0
1065,0,FcOkCcps,MqGZxRIW,4.0
1065,0,uiYVYPQX,FcOkCcps,2.0
1065,0,wihERHzN,uiYVYPQX,1.0
1065,0,jiaBsTdI,wihERHzN,1.0
1065,0,iVtHnErr,jiaBsTdI,1.0
1065,0,nsjiKPCz,iVtHnErr,1.0
1065,0,vfdAIPGv,nsjiKPCz,1.0
1065,0,ubZrQMid,vfdAIPGv,1.0
1065,0,gBkmsEyR,ubZrQMid,1.0
1065,0,cGoHBmgo,gBkmsEyR,1.0
1065,0,EkWBPXmr,cGoHBmgo,1.0
1125,0,SPorkGXj,XsvFZXJo,2616.0
1125,0,IJbUVGLH,SPorkGXj,2634.0
1125,0,ZqOseExI,IJbUVGLH,2634.0
1125,0,FdBCLyPI,ZqOseExI,2624.0
1125,0,XuFnwsQn,FdBCLyPI,2624.0
1125,0,CrOFTJlw,XuFnwsQn,2624.0
1125,0,PyGiRErs,CrOFTJlw,2441.0
1125,0,qflzswAf,PyGiRErs,1955.0
1075,0,UvdLYolu,TIlepZYr,1470.0
1075,0,ZFKsyBay,UvdLYolu,1470.0
1075,0,suvDbtPR,ZFKsyBay,1542.0
1075,0,clVXMHJf,suvDbtPR,986.0
1075,0,UXEWVZzP,clVXMHJf,986.0
1075,0,MlYFoaez,UXEWVZzP,920.0
1075,0,XeinAhyy,MlYFoaez,913.0
1075,0,pGpZhRvq,XeinAhyy,913.0
1075,0,alaJPSTW,pGpZhRvq,913.0
1075,0,ngNzeSzC,alaJPSTW,913.0
1075,0,PHuvYJrP,ngNzeSzC,913.0
1075,0,FoxIDeQY,PHuvYJrP,913.0
1075,0,dZoxKDmD,FoxIDeQY,878.0
1075,0,ZOuLYtJj,dZoxKDmD,878.0
1075,0,SGnJOquj,ZOuLYtJj,878.0
1075,0,ogOCBKAf,SGnJOquj,863.0
400,0,ZOuLYtJj,dZoxKDmD,2998.0
400,0,dWLNxRJP,ZOuLYtJj,2998.0
400,0,ogOCBKAf,dWLNxRJP,2367.0
1019,0,yKgFraCR,obftSQtS,2749.0
1019,0,LIDMLZkw,yKgFraCR,2761.0
1019,0,JEpPbBSc,LIDMLZkw,2761.0
1019,0,YkNJvTAu,JEpPbBSc,2746.0
1019,0,TIlepZYr,YkNJvTAu,2667.0
1019,0,BmQLYaPd,TIlepZYr,2660.0
1019,0,UvdLYolu,BmQLYaPd,2660.0
1019,0,ZFKsyBay,UvdLYolu,2660.0
1019,0,suvDbtPR,ZFKsyBay,2641.0
1019,0,clVXMHJf,suvDbtPR,595.0
1019,0,UXEWVZzP,clVXMHJf,595.0
1019,0,MlYFoaez,UXEWVZzP,590.0
1019,0,XeinAhyy,MlYFoaez,588.0
1019,0,pGpZhRvq,XeinAhyy,588.0
1019,0,alaJPSTW,pGpZhRvq,588.0
1019,0,ngNzeSzC,alaJPSTW,588.0
1019,0,PHuvYJrP,ngNzeSzC,588.0
1019,0,FoxIDeQY,PHuvYJrP,588.0
1019,0,dZoxKDmD,FoxIDeQY,588.0
1019,0,ZOuLYtJj,dZoxKDmD,588.0
1019,0,SGnJOquj,ZOuLYtJj,588.0
1019,0,vacPrbQA,SGnJOquj,588.0
633,0,bHagonKv,vacPrbQA,1022.0
633,0,Vlipnutt,bHagonKv,1022.0
1030,0,ixhHdGBo,aaeLLxLj,4369.0
1030,0,spVkBMtX,ixhHdGBo,4674.0
1030,0,uuLXjUrY,spVkBMtX,4674.0
1030,0,ekoOPpVq,uuLXjUrY,4674.0
1030,0,rljVoTvk,ekoOPpVq,4754.0
1030,0,gxidCspv,rljVoTvk,4754.0
1030,0,wRTYbalx,gxidCspv,5396.0
1030,0,DHkaGHFf,wRTYbalx,5396.0
1030,0,FdBCLyPI,DHkaGHFf,5253.0
1030,0,CrOFTJlw,FdBCLyPI,5264.0
1030,0,PyGiRErs,CrOFTJlw,4855.0
1244,0,peBgOXli,yAqyhWkU,1564.0
1244,0,KnWWIWQx,peBgOXli,1587.0
1244,0,OwpcAtJV,KnWWIWQx,1587.0
1244,0,XVbubuGa,OwpcAtJV,2526.0
1244,0,CzqgXocH,XVbubuGa,2526.0
1244,0,nsjiKPCz,CzqgXocH,2526.0
1244,0,vfdAIPGv,nsjiKPCz,2569.0
1244,0,ubZrQMid,vfdAIPGv,3821.0
573,0,hxSTJhOz,rDSiGFpR,1043.0
573,0,TShNRujB,hxSTJhOz,1043.0
573,0,xbiDwIOu,TShNRujB,1520.0
573,0,zVYhNTdK,xbiDwIOu,1520.0
573,0,nprusgCY,zVYhNTdK,1520.0
573,0,LTDgdyOW,nprusgCY,1527.0
595,0,zltqyTKX,kBaIvAJI,615.0
595,0,TRZUQkiC,zltqyTKX,615.0
595,0,wCUyFOIX,TRZUQkiC,615.0
595,0,RtYHfABF,wCUyFOIX,614.0
595,0,JKycCNae,RtYHfABF,609.0
595,0,cMdRoPmQ,JKycCNae,609.0
989,0,NFInfBeu,kKKRBhFF,5208.0
989,0,VCQdmIoF,NFInfBeu,5208.0
989,0,ePrpofUw,VCQdmIoF,5208.0
989,0,KcvPUxQg,ePrpofUw,6406.0
989,0,BlnSxBAr,KcvPUxQg,6507.0
989,0,TCBUGaZf,BlnSxBAr,7686.0
989,0,pzcCDVmZ,TCBUGaZf,8012.0
989,0,duRJdiSr,FcOkCcps,3374.0
573,0,inRETCYL,LTDgdyOW,1322.0
658,0,CbblRkaH,agmUQnfF,167.0
658,0,BldTZUAI,CbblRkaH,167.0
658,0,nBYHMnkU,BldTZUAI,167.0
658,0,XfoHenDx,nBYHMnkU,167.0
658,0,iCFxwoUV,XfoHenDx,167.0
658,0,WRCkhCoY,iCFxwoUV,167.0
658,0,gsCFEnid,WRCkhCoY,167.0
658,0,mtKVLjly,gsCFEnid,240.0
658,0,HbnURplu,mtKVLjly,240.0
658,0,IXwVPQjX,HbnURplu,240.0
658,0,TNbojCJf,IXwVPQjX,164.0
658,0,tGqVborR,TNbojCJf,164.0
658,0,vJbDLuoa,tGqVborR,164.0
658,0,uBBTYLuy,vJbDLuoa,135.0
658,0,FJLNitGY,uBBTYLuy,135.0
658,0,peBgOXli,FJLNitGY,135.0
658,0,KnWWIWQx,peBgOXli,129.0
658,0,bRAzuzSs,KnWWIWQx,129.0
658,0,OwpcAtJV,bRAzuzSs,129.0
658,0,XVbubuGa,OwpcAtJV,70.0
658,0,iuOUwLky,XVbubuGa,70.0
658,0,nZnozRfz,iuOUwLky,70.0
658,0,jeadfqyj,nZnozRfz,70.0
658,0,vspNPtqb,jeadfqyj,6.0
711,0,TqlJzItM,adsviABF,3117.0
711,0,IjwLXBRx,TqlJzItM,2988.0
711,0,nJRBvlcT,IjwLXBRx,1963.0
711,0,IkxLwyxa,nJRBvlcT,1918.0
711,0,CYSggHNR,IkxLwyxa,2466.0
711,0,VhgapMoa,CYSggHNR,2466.0
711,0,dKbqWpcD,VhgapMoa,2466.0
711,0,zYpZYpOA,dKbqWpcD,2466.0
711,0,xbeOVhLE,zYpZYpOA,3078.0
711,0,IpBcScgC,xbeOVhLE,3109.0
711,0,aYvzRwqU,IpBcScgC,3109.0
711,0,mVhkAqwx,aYvzRwqU,3109.0
711,0,GigUVtty,mVhkAqwx,3086.0
711,0,xQpNdvvD,GigUVtty,2500.0
711,0,bvSKVAYv,xQpNdvvD,2500.0
711,0,eJHaFiJU,bvSKVAYv,4274.0
711,0,uAAdoXdO,eJHaFiJU,4275.0
711,0,Qsigtmbx,uAAdoXdO,4275.0
711,0,XGiaFBsp,Qsigtmbx,4275.0
711,0,duRJdiSr,XGiaFBsp,4274.0
706,0,LPldZjRa,XMWgellz,2265.0
706,0,adsviABF,LPldZjRa,2265.0
706,0,TqlJzItM,adsviABF,1942.0
706,0,IjwLXBRx,TqlJzItM,1904.0
706,0,nJRBvlcT,IjwLXBRx,1901.0
706,0,IkxLwyxa,nJRBvlcT,1609.0
706,0,CYSggHNR,IkxLwyxa,1426.0
706,0,VhgapMoa,CYSggHNR,1426.0
706,0,dKbqWpcD,VhgapMoa,1426.0
706,0,zYpZYpOA,dKbqWpcD,1426.0
706,0,xbeOVhLE,zYpZYpOA,1136.0
706,0,IpBcScgC,xbeOVhLE,1125.0
706,0,aYvzRwqU,IpBcScgC,1125.0
706,0,mVhkAqwx,aYvzRwqU,1125.0
706,0,GigUVtty,mVhkAqwx,1113.0
706,0,bvSKVAYv,GigUVtty,1042.0
706,0,eJHaFiJU,bvSKVAYv,896.0
706,0,uAAdoXdO,eJHaFiJU,896.0
706,0,Qsigtmbx,uAAdoXdO,896.0
706,0,XGiaFBsp,Qsigtmbx,896.0
706,0,duRJdiSr,XGiaFBsp,896.0
706,0,UtwZFZsx,wrsPDGBQ,2181.0
706,0,QsteKrle,UtwZFZsx,2181.0
706,0,XMWgellz,QsteKrle,2183.0
706,0,iGTcFnmF,yQQuLFAg,451.0
706,0,rckblBTM,iGTcFnmF,456.0
706,0,fGmFhgnx,rckblBTM,467.0
706,0,XyHfgUxW,fGmFhgnx,1426.0
706,0,zjjLSYAp,XyHfgUxW,1441.0
706,0,wrsPDGBQ,zjjLSYAp,1444.0
1180,0,PhjcDdmq,vacPrbQA,9466.0
1180,0,bHagonKv,PhjcDdmq,9391.0
1180,0,Vlipnutt,bHagonKv,9430.0
1180,0,XiLvnZTk,Vlipnutt,9405.0
1180,0,FStgRiBS,XiLvnZTk,9422.0
1180,0,GkYZbgqg,FStgRiBS,9422.0
1180,0,FlYjxOxQ,GkYZbgqg,8751.0
1180,0,wFSILCzc,FlYjxOxQ,8751.0
1180,0,iMjvswBX,wFSILCzc,6904.0
1180,0,CpULuhdq,iMjvswBX,6942.0
1180,0,tJbXQuOE,CpULuhdq,6942.0
584,0,TsaeiIGv,EkWBPXmr,1574.0
584,0,OsBkWRQx,TsaeiIGv,3327.0
584,0,TlwaKrQx,OsBkWRQx,3327.0
584,0,udlIzhJE,TlwaKrQx,3327.0
711,0,uiYVYPQX,duRJdiSr,4272.0
177,0,gdbAGAQU,JvDZYJph,2822.0
177,0,ANpclgWP,gdbAGAQU,2822.0
177,0,LWqTSxPr,ANpclgWP,2822.0
177,0,tBgOcvQf,LWqTSxPr,2822.0
1414,0,FDCDnriY,ydoNqUsu,149.0
1414,0,DCdKJxNH,FDCDnriY,149.0
1414,0,DsuTXcIa,DCdKJxNH,149.0
1414,0,bgWfLree,DsuTXcIa,155.0
1414,0,nUYnioIh,bgWfLree,155.0
1414,0,mVhkAqwx,nUYnioIh,155.0
1414,0,GigUVtty,mVhkAqwx,155.0
1414,0,eJHaFiJU,GigUVtty,156.0
1414,0,uAAdoXdO,eJHaFiJU,156.0
1414,0,XGiaFBsp,uAAdoXdO,156.0
1414,0,uiYVYPQX,XGiaFBsp,156.0
1414,0,wihERHzN,uiYVYPQX,124.0
1414,0,jiaBsTdI,wihERHzN,82.0
1414,0,iVtHnErr,jiaBsTdI,82.0
1414,0,nsjiKPCz,iVtHnErr,82.0
1414,0,vfdAIPGv,nsjiKPCz,82.0
177,0,PUIIuxlM,BGAyznqC,2232.0
177,0,bEuFbYIx,PUIIuxlM,2413.0
177,0,saruwlzc,bEuFbYIx,2484.0
177,0,kEQqRNXv,saruwlzc,2484.0
177,0,JvDZYJph,kEQqRNXv,2876.0
989,0,WdOwNGhj,xfbmoJHP,4814.0
989,0,kKKRBhFF,WdOwNGhj,4815.0
1071,0,NCSBLEus,AJLJQqsT,1765.0
1071,0,xfbmoJHP,NCSBLEus,1762.0
1071,0,WdOwNGhj,xfbmoJHP,1027.0
1071,0,kKKRBhFF,WdOwNGhj,985.0
1071,0,NFInfBeu,kKKRBhFF,983.0
1071,0,VCQdmIoF,NFInfBeu,983.0
1071,0,ePrpofUw,VCQdmIoF,983.0
1071,0,KcvPUxQg,ePrpofUw,980.0
1071,0,BlnSxBAr,KcvPUxQg,980.0
1071,0,TCBUGaZf,BlnSxBAr,979.0
1071,0,pzcCDVmZ,TCBUGaZf,641.0
1071,0,AUBTKFbY,pzcCDVmZ,641.0
1071,0,fjevhefZ,AUBTKFbY,585.0
1071,0,vyQyYYqJ,fjevhefZ,585.0
1071,0,ztLkgYlA,vyQyYYqJ,585.0
1071,0,IvQQZbJW,ztLkgYlA,440.0
1071,0,yaKWBgLg,IvQQZbJW,440.0
1071,0,lkujKSJT,yaKWBgLg,440.0
1071,0,twMezfOU,lkujKSJT,424.0
1071,0,OyJKKata,twMezfOU,414.0
1071,0,FcOkCcps,OyJKKata,401.0
924,0,TNTzUMyF,HyvnzuHA,2057.0
924,0,avRuCqLk,TNTzUMyF,2057.0
924,0,wIAALBva,avRuCqLk,2057.0
924,0,nxBXRnVc,wIAALBva,2057.0
924,0,sXWHYDNZ,nxBXRnVc,2103.0
924,0,VKAAZZOV,sXWHYDNZ,2103.0
858,0,spmlaYUs,qIuTLVvj,857.0
858,0,qqDoWQdv,spmlaYUs,857.0
858,0,eymgjBxV,qqDoWQdv,850.0
858,0,EonJeQKz,eymgjBxV,843.0
858,0,vkWqgNph,EonJeQKz,843.0
858,0,nJRQzVZQ,vkWqgNph,843.0
858,0,xunvufHj,nJRQzVZQ,836.0
858,0,rxrORjnb,xunvufHj,836.0
858,0,UVDfwOgc,rxrORjnb,836.0
858,0,TJDsQDoO,UVDfwOgc,829.0
858,0,yTictHOU,TJDsQDoO,827.0
858,0,sTaleXyI,yTictHOU,827.0
858,0,illGQStO,sTaleXyI,827.0
858,0,AUrIxxcC,illGQStO,817.0
858,0,zqZasXpA,AUrIxxcC,817.0
858,0,EYGEAZtD,zqZasXpA,817.0
858,0,AJLJQqsT,EYGEAZtD,817.0
858,0,NCSBLEus,AJLJQqsT,812.0
858,0,xfbmoJHP,NCSBLEus,812.0
1245,0,mgTKojDA,drmArhka,2547.0
1245,0,TsaeiIGv,mgTKojDA,2547.0
1245,0,OsBkWRQx,TsaeiIGv,3474.0
1245,0,udlIzhJE,OsBkWRQx,3347.0
578,0,zAVZRYih,yLSAaTAd,113.0
578,0,hxSTJhOz,zAVZRYih,113.0
578,0,TShNRujB,hxSTJhOz,113.0
578,0,KqLiJxJl,TShNRujB,113.0
578,0,TsaeiIGv,KqLiJxJl,113.0
578,0,OsBkWRQx,TsaeiIGv,99.0
578,0,udlIzhJE,OsBkWRQx,99.0
16,0,KqLiJxJl,TShNRujB,4974.0
16,0,TsaeiIGv,KqLiJxJl,5237.0
16,0,OsBkWRQx,TsaeiIGv,7586.0
16,0,udlIzhJE,OsBkWRQx,7662.0
16,0,TShNRujB,yhXmuUeN,5672.0
1414,0,FGvzNZYi,DYKvrufv,89.0
1414,0,ydoNqUsu,FGvzNZYi,89.0
706,0,uiYVYPQX,duRJdiSr,885.0
584,0,DeduXMzE,udlIzhJE,3759.0
573,0,XEuSRnsw,inRETCYL,1327.0
584,0,GXHjZCTL,DeduXMzE,3776.0
584,0,yolIeCeg,GXHjZCTL,3776.0
584,0,ozAxYCwR,yolIeCeg,3772.0
584,0,qdrjbHYS,ozAxYCwR,3139.0
573,0,yolIeCeg,XEuSRnsw,1309.0
573,0,zGyJMIkT,yolIeCeg,1298.0
990,0,qdrjbHYS,ozAxYCwR,1203.0
482,0,XVbubuGa,OwpcAtJV,4256.0
482,0,iuOUwLky,XVbubuGa,4256.0
482,0,nZnozRfz,iuOUwLky,4272.0
482,0,jeadfqyj,nZnozRfz,4272.0
482,0,qdrjbHYS,jeadfqyj,4272.0
482,0,peBgOXli,yAqyhWkU,2811.0
482,0,KnWWIWQx,peBgOXli,2811.0
482,0,OwpcAtJV,KnWWIWQx,2811.0
989,0,uiYVYPQX,duRJdiSr,3219.0
482,0,TAifzqok,RkbXqAIs,1737.0
482,0,wWcBzuvM,TAifzqok,1770.0
482,0,GcGOdrPa,wWcBzuvM,1770.0
482,0,yAqyhWkU,GcGOdrPa,1770.0
482,0,RkbXqAIs,MTAZIXBL,1635.0
482,0,jqriedgy,EkCoFwMY,877.0
482,0,MTAZIXBL,jqriedgy,877.0
482,0,QRSRIbba,leJfirnk,866.0
482,0,EkCoFwMY,QRSRIbba,866.0
177,0,hTaJTejf,XjSQdTLS,2131.0
177,0,AvILYntX,hTaJTejf,2131.0
177,0,BGAyznqC,AvILYntX,2190.0
482,0,wuyFtExA,EtvjcvTp,580.0
482,0,MrybjzSo,wuyFtExA,580.0
482,0,leJfirnk,MrybjzSo,580.0
985,0,ERIWLSEl,lotPPedu,1180.0
985,0,qsoLaWuJ,ERIWLSEl,1180.0
985,0,WSBJbplj,qsoLaWuJ,1180.0
985,0,THUDGZDu,WSBJbplj,1180.0
985,0,XUEgpuYS,THUDGZDu,1237.0
985,0,lXZmsBCe,XUEgpuYS,1029.0
985,0,oftwwzSy,lXZmsBCe,1029.0
985,0,CKNrjFUU,oftwwzSy,1029.0
985,0,EtvjcvTp,CKNrjFUU,1027.0
985,0,wuyFtExA,EtvjcvTp,730.0
985,0,MrybjzSo,wuyFtExA,730.0
985,0,leJfirnk,MrybjzSo,589.0
985,0,QRSRIbba,leJfirnk,589.0
985,0,EkCoFwMY,QRSRIbba,589.0
985,0,jqriedgy,EkCoFwMY,588.0
985,0,MTAZIXBL,jqriedgy,588.0
985,0,RkbXqAIs,MTAZIXBL,525.0
985,0,TAifzqok,RkbXqAIs,513.0
985,0,wWcBzuvM,TAifzqok,513.0
985,0,GcGOdrPa,wWcBzuvM,513.0
985,0,yAqyhWkU,GcGOdrPa,513.0
985,0,peBgOXli,yAqyhWkU,320.0
985,0,KnWWIWQx,peBgOXli,320.0
985,0,bRAzuzSs,KnWWIWQx,320.0
985,0,OwpcAtJV,bRAzuzSs,320.0
985,0,XVbubuGa,OwpcAtJV,263.0
985,0,iuOUwLky,XVbubuGa,263.0
985,0,nZnozRfz,iuOUwLky,263.0
985,0,jeadfqyj,nZnozRfz,263.0
170,0,EIcIoHUO,DULwephN,766.0
170,0,JYRWJgVB,EIcIoHUO,766.0
170,0,CFztBFJQ,JYRWJgVB,770.0
170,0,FCeDiZsN,CFztBFJQ,645.0
486,0,PYzwbgep,cZBPdCTc,1382.0
486,0,wtyUxRkq,PYzwbgep,1382.0
486,0,VXthmpcS,wtyUxRkq,1382.0
486,0,XUEgpuYS,VXthmpcS,1343.0
486,0,lXZmsBCe,XUEgpuYS,1343.0
486,0,oftwwzSy,lXZmsBCe,1343.0
486,0,CKNrjFUU,oftwwzSy,1343.0
486,0,EtvjcvTp,CKNrjFUU,1338.0
486,0,wuyFtExA,EtvjcvTp,781.0
486,0,MrybjzSo,wuyFtExA,781.0
486,0,leJfirnk,MrybjzSo,781.0
486,0,QRSRIbba,leJfirnk,781.0
486,0,EkCoFwMY,QRSRIbba,781.0
486,0,jqriedgy,EkCoFwMY,781.0
486,0,MTAZIXBL,jqriedgy,781.0
486,0,RkbXqAIs,MTAZIXBL,748.0
486,0,TAifzqok,RkbXqAIs,741.0
486,0,wWcBzuvM,TAifzqok,741.0
486,0,GcGOdrPa,wWcBzuvM,741.0
486,0,yAqyhWkU,GcGOdrPa,741.0
486,0,peBgOXli,yAqyhWkU,492.0
486,0,KnWWIWQx,peBgOXli,492.0
486,0,bRAzuzSs,KnWWIWQx,492.0
486,0,OwpcAtJV,bRAzuzSs,492.0
486,0,XVbubuGa,OwpcAtJV,395.0
486,0,iuOUwLky,XVbubuGa,395.0
486,0,jeadfqyj,iuOUwLky,395.0
486,0,duRJdiSr,jeadfqyj,262.0
985,0,lotPPedu,nBYHMnkU,809.0
596,0,lotPPedu,nBYHMnkU,204.0
596,0,ERIWLSEl,lotPPedu,175.0
596,0,qsoLaWuJ,ERIWLSEl,175.0
596,0,WSBJbplj,qsoLaWuJ,175.0
596,0,THUDGZDu,WSBJbplj,175.0
596,0,XUEgpuYS,THUDGZDu,175.0
596,0,lXZmsBCe,XUEgpuYS,143.0
596,0,oftwwzSy,lXZmsBCe,143.0
596,0,CKNrjFUU,oftwwzSy,143.0
596,0,EtvjcvTp,CKNrjFUU,143.0
596,0,wuyFtExA,EtvjcvTp,113.0
596,0,MrybjzSo,wuyFtExA,113.0
596,0,leJfirnk,MrybjzSo,90.0
596,0,QRSRIbba,leJfirnk,90.0
596,0,EkCoFwMY,QRSRIbba,90.0
596,0,jqriedgy,EkCoFwMY,90.0
596,0,MTAZIXBL,jqriedgy,90.0
596,0,RkbXqAIs,MTAZIXBL,74.0
596,0,TAifzqok,RkbXqAIs,67.0
596,0,wWcBzuvM,TAifzqok,67.0
596,0,GcGOdrPa,wWcBzuvM,67.0
596,0,yAqyhWkU,GcGOdrPa,67.0
596,0,peBgOXli,yAqyhWkU,39.0
596,0,KnWWIWQx,peBgOXli,39.0
596,0,OwpcAtJV,KnWWIWQx,39.0
596,0,XVbubuGa,OwpcAtJV,33.0
596,0,iuOUwLky,XVbubuGa,33.0
596,0,nZnozRfz,iuOUwLky,33.0
596,0,duRJdiSr,nZnozRfz,33.0
486,0,PeYVqHeF,DJkAcxlA,828.0
486,0,cRLBVFvQ,PeYVqHeF,828.0
486,0,DacXSoOC,cRLBVFvQ,828.0
486,0,vTErLEZz,DacXSoOC,828.0
486,0,cZBPdCTc,vTErLEZz,830.0
486,0,hZxMsAHQ,WgelRheP,569.0
486,0,DJkAcxlA,hZxMsAHQ,569.0
1047,0,duRJdiSr,FcOkCcps,23.0
1047,0,uiYVYPQX,duRJdiSr,23.0
1071,0,PfZAlPvE,NfMyQHAw,2145.0
1071,0,UlmLxwtK,PfZAlPvE,2145.0
1071,0,nLuZmKFz,UlmLxwtK,2153.0
1071,0,nJRQzVZQ,nLuZmKFz,2153.0
1071,0,xunvufHj,nJRQzVZQ,1913.0
1071,0,rxrORjnb,xunvufHj,1913.0
1071,0,UVDfwOgc,rxrORjnb,1910.0
1071,0,TJDsQDoO,UVDfwOgc,1871.0
1071,0,yTictHOU,TJDsQDoO,1866.0
1071,0,illGQStO,yTictHOU,1838.0
1071,0,AUrIxxcC,illGQStO,1786.0
1071,0,zqZasXpA,AUrIxxcC,1786.0
1071,0,EYGEAZtD,zqZasXpA,1786.0
1071,0,AJLJQqsT,EYGEAZtD,1786.0
1071,0,duRJdiSr,FcOkCcps,394.0
1071,0,uiYVYPQX,duRJdiSr,378.0
129,0,WdOwNGhj,xfbmoJHP,1370.0
129,0,kKKRBhFF,WdOwNGhj,1148.0
129,0,NFInfBeu,kKKRBhFF,1147.0
129,0,VCQdmIoF,NFInfBeu,1147.0
129,0,ePrpofUw,VCQdmIoF,1147.0
129,0,KcvPUxQg,ePrpofUw,1147.0
129,0,BlnSxBAr,KcvPUxQg,1147.0
129,0,TCBUGaZf,BlnSxBAr,1147.0
1071,0,YcVwXeam,BmBzVYhd,2074.0
1071,0,DDFCohxX,YcVwXeam,2074.0
1071,0,NfMyQHAw,DDFCohxX,2074.0
523,0,TShNRujB,hxSTJhOz,4287.0
523,0,JJRlkmgp,TShNRujB,5507.0
523,0,KRQMLlbw,JJRlkmgp,5556.0
523,0,MURlCahD,KRQMLlbw,5556.0
523,0,znFDupZg,MURlCahD,5556.0
523,0,osddylgA,znFDupZg,5557.0
523,0,uiYVYPQX,osddylgA,5557.0
523,0,hxSTJhOz,rDSiGFpR,4153.0
573,0,DRkcXziO,ppabfQGz,70.0
573,0,fTOPrrgc,DRkcXziO,70.0
573,0,XPasGtVj,fTOPrrgc,70.0
573,0,VMviwLNE,XPasGtVj,70.0
573,0,BxuxHloR,VMviwLNE,70.0
573,0,gFAsBeQM,BxuxHloR,70.0
523,0,rDSiGFpR,gFAsBeQM,1721.0
523,0,mYoRZvtc,RFaTWaew,1629.0
523,0,NKCxdwhs,mYoRZvtc,1854.0
523,0,eeSdZFhf,NKCxdwhs,1854.0
523,0,UaWwvNMO,eeSdZFhf,1903.0
523,0,gFAsBeQM,UaWwvNMO,1903.0
272,0,BYOnvRTX,oSOvYxXQ,2483.0
272,0,XGiaFBsp,BYOnvRTX,2483.0
272,0,tIegtsMs,XGiaFBsp,2483.0
272,0,VCRIbExe,tIegtsMs,2469.0
272,0,uiYVYPQX,VCRIbExe,2466.0
272,0,oSOvYxXQ,TJGhHrvm,2480.0
483,0,POdtxoZm,MnIYxXyj,738.0
483,0,WqMESkMM,POdtxoZm,738.0
483,0,zAVZRYih,WqMESkMM,738.0
483,0,hxSTJhOz,zAVZRYih,349.0
483,0,TShNRujB,hxSTJhOz,787.0
483,0,BqZQArDi,TShNRujB,1133.0
483,0,JJRlkmgp,BqZQArDi,1133.0
483,0,KRQMLlbw,JJRlkmgp,1133.0
483,0,MURlCahD,KRQMLlbw,1133.0
483,0,znFDupZg,MURlCahD,1133.0
483,0,osddylgA,znFDupZg,1133.0
483,0,uiYVYPQX,osddylgA,1133.0
272,0,xkdRvtRu,tBJBJfdu,2646.0
272,0,SjZGieDS,xkdRvtRu,2672.0
272,0,tZiWmgTn,SjZGieDS,2620.0
272,0,TJGhHrvm,tZiWmgTn,2620.0
481,0,tglFZOrp,CcTUkfkl,2128.0
481,0,SqxhBMol,tglFZOrp,2092.0
481,0,vIqdsoZx,SqxhBMol,1620.0
272,0,FZYojuVE,niqrIlpR,2023.0
272,0,tBJBJfdu,FZYojuVE,2023.0
600,0,vJitwYAE,nrUfCQxz,1024.0
600,0,iBiVOFur,vJitwYAE,1154.0
600,0,niqrIlpR,iBiVOFur,1120.0
600,0,FZYojuVE,niqrIlpR,796.0
600,0,uVsOstge,FZYojuVE,796.0
600,0,tBJBJfdu,uVsOstge,796.0
600,0,FmTbQszJ,tBJBJfdu,609.0
600,0,xkdRvtRu,FmTbQszJ,612.0
600,0,tZiWmgTn,xkdRvtRu,437.0
600,0,TJGhHrvm,tZiWmgTn,437.0
600,0,oSOvYxXQ,TJGhHrvm,364.0
600,0,BYOnvRTX,oSOvYxXQ,134.0
600,0,XGiaFBsp,BYOnvRTX,134.0
600,0,PrkhDzLx,XGiaFBsp,134.0
600,0,hwOMxSYP,PrkhDzLx,131.0
600,0,duRJdiSr,hwOMxSYP,131.0
600,0,uiYVYPQX,duRJdiSr,131.0
272,0,qrSNpKDz,bWAbaUPC,1923.0
272,0,niqrIlpR,qrSNpKDz,1923.0
272,0,cEOIeJTR,CfleTooC,1738.0
272,0,bWAbaUPC,cEOIeJTR,1738.0
272,0,hCxxcqWU,IOcMwGKn,2961.0
272,0,pPReLBCT,hCxxcqWU,2961.0
272,0,gUXxyAlR,pPReLBCT,2986.0
272,0,CfleTooC,gUXxyAlR,2986.0
272,0,IOcMwGKn,ybjkPLXB,2888.0
272,0,OAywdpTB,BpAiVnps,1769.0
272,0,ybjkPLXB,OAywdpTB,2524.0
711,0,adsviABF,LPldZjRa,2505.0
1105,0,xQSKBJml,SwLVnWPq,471.0
1105,0,eXTjiXiW,xQSKBJml,471.0
1105,0,UUCrlfWg,eXTjiXiW,471.0
1105,0,YULSfngF,UUCrlfWg,471.0
1105,0,ozuppJDT,YULSfngF,471.0
1105,0,xGsoSfhX,ozuppJDT,471.0
1105,0,ybjkPLXB,xGsoSfhX,471.0
1105,0,IOcMwGKn,ybjkPLXB,471.0
1105,0,hCxxcqWU,IOcMwGKn,471.0
1105,0,gUXxyAlR,hCxxcqWU,471.0
1105,0,CfleTooC,gUXxyAlR,471.0
1105,0,cEOIeJTR,CfleTooC,242.0
1105,0,bWAbaUPC,cEOIeJTR,242.0
1105,0,qrSNpKDz,bWAbaUPC,242.0
1105,0,niqrIlpR,qrSNpKDz,242.0
1105,0,FZYojuVE,niqrIlpR,242.0
1105,0,tBJBJfdu,FZYojuVE,242.0
1105,0,xkdRvtRu,tBJBJfdu,242.0
1105,0,SjZGieDS,xkdRvtRu,242.0
1105,0,tZiWmgTn,SjZGieDS,242.0
1105,0,TJGhHrvm,tZiWmgTn,242.0
1105,0,oSOvYxXQ,TJGhHrvm,230.0
1105,0,PSZbZwJF,oSOvYxXQ,170.0
1105,0,BYOnvRTX,PSZbZwJF,170.0
1105,0,XGiaFBsp,BYOnvRTX,170.0
1105,0,duRJdiSr,XGiaFBsp,170.0
1105,0,uiYVYPQX,duRJdiSr,170.0
1666,0,uskMapbi,losuIFuX,2295.0
1666,0,yXOuyCwN,uskMapbi,2295.0
1666,0,mSGryPaH,yXOuyCwN,2336.0
1666,0,PITuJYqk,mSGryPaH,2336.0
1666,0,XGJiqzLW,PITuJYqk,2336.0
1666,0,kueIUJls,XGJiqzLW,2033.0
1666,0,OVaoEscJ,kueIUJls,2033.0
1666,0,xQqwXgNZ,OVaoEscJ,1070.0
1666,0,BMprcpdo,xQqwXgNZ,827.0
1472,0,RfEbENxd,jQaLNViL,3170.0
1472,0,UFoaQvGg,RfEbENxd,4023.0
1472,0,DYvQviUy,UFoaQvGg,4023.0
1472,0,yHDouIXe,DYvQviUy,4275.0
1472,0,aFlzccOO,yHDouIXe,4532.0
1472,0,gpaAUChy,aFlzccOO,4532.0
1472,0,XAxmwtqw,gpaAUChy,5027.0
1472,0,YmDpkIHQ,XAxmwtqw,5027.0
1472,0,TUpCuZAw,YmDpkIHQ,4894.0
1472,0,HYfXIyFk,TUpCuZAw,4803.0
1472,0,yayPNqiY,HYfXIyFk,4789.0
1472,0,BsVmblhs,yayPNqiY,4789.0
1472,0,AFWGXQGm,BsVmblhs,4789.0
1472,0,ZMeqpjWv,AFWGXQGm,4789.0
1472,0,tSUFrefk,ZMeqpjWv,4768.0
1472,0,FqxCUuHX,tSUFrefk,4751.0
1472,0,LOkvvGyU,FqxCUuHX,4193.0
1472,0,DYErCrqd,LOkvvGyU,4193.0
1472,0,LbKosGpD,DYErCrqd,4193.0
1472,0,rDSiGFpR,LbKosGpD,2924.0
1105,0,rSdxnGDj,otuYkIZd,395.0
1105,0,MkXEUCdM,rSdxnGDj,395.0
1105,0,oiYuCTCe,MkXEUCdM,395.0
1105,0,SwLVnWPq,oiYuCTCe,421.0
1105,0,CoFyQOTC,jnDfAorM,356.0
1105,0,HMiMHaRv,CoFyQOTC,356.0
1105,0,kLfGGOkq,HMiMHaRv,356.0
1105,0,ygVaThfM,kLfGGOkq,356.0
1105,0,otuYkIZd,ygVaThfM,356.0
1071,0,CkiKkxJQ,lGJIVvqE,1996.0
1071,0,AdloNpXg,CkiKkxJQ,2004.0
1071,0,BmBzVYhd,AdloNpXg,1969.0
1071,0,pVHZNTmW,cyLrdsLq,1587.0
1071,0,qLlyWzVq,pVHZNTmW,1587.0
1071,0,lGJIVvqE,qLlyWzVq,1587.0
1071,0,cyLrdsLq,AlpXiRiW,1437.0
273,0,peBgOXli,yAqyhWkU,2986.0
273,0,KnWWIWQx,peBgOXli,3011.0
273,0,bRAzuzSs,KnWWIWQx,3011.0
273,0,OwpcAtJV,bRAzuzSs,3016.0
273,0,XVbubuGa,OwpcAtJV,2531.0
273,0,iuOUwLky,XVbubuGa,2531.0
273,0,jeadfqyj,iuOUwLky,2531.0
273,0,TAifzqok,RkbXqAIs,3594.0
273,0,wWcBzuvM,TAifzqok,3863.0
273,0,GcGOdrPa,wWcBzuvM,3899.0
273,0,yAqyhWkU,GcGOdrPa,3899.0
272,0,zGyJMIkT,uiYVYPQX,4652.0
678,0,KTHxRvtW,GhNbXpjs,3700.0
678,0,gRVxNCAP,KTHxRvtW,3498.0
678,0,nJRBvlcT,gRVxNCAP,3498.0
678,0,IkxLwyxa,nJRBvlcT,3364.0
678,0,CYSggHNR,IkxLwyxa,2469.0
678,0,VhgapMoa,CYSggHNR,2469.0
678,0,dKbqWpcD,VhgapMoa,2469.0
678,0,zYpZYpOA,dKbqWpcD,2469.0
678,0,xbeOVhLE,zYpZYpOA,1838.0
678,0,IpBcScgC,xbeOVhLE,1807.0
678,0,aYvzRwqU,IpBcScgC,1807.0
678,0,GigUVtty,aYvzRwqU,1807.0
678,0,bvSKVAYv,GigUVtty,1473.0
600,0,OPXtWBVk,nPkrzCty,780.0
600,0,SvGtXrYj,OPXtWBVk,780.0
600,0,TdfMaTlB,SvGtXrYj,780.0
600,0,STSGJiIu,TdfMaTlB,850.0
600,0,buAeVenh,STSGJiIu,850.0
600,0,ARTSSefO,buAeVenh,850.0
600,0,KMDYeUKg,ARTSSefO,867.0
600,0,RSPZrGBg,KMDYeUKg,1015.0
600,0,xfYjeqNM,RSPZrGBg,1001.0
600,0,nrUfCQxz,xfYjeqNM,1001.0
524,0,FcOkCcps,OyJKKata,5523.0
524,0,PrkhDzLx,FcOkCcps,5948.0
973,0,TsaeiIGv,EkWBPXmr,1664.0
973,0,OsBkWRQx,TsaeiIGv,2279.0
973,0,udlIzhJE,OsBkWRQx,2289.0
973,0,srZucbpJ,udlIzhJE,2514.0
1245,0,NrpQUbAl,udlIzhJE,2646.0
16,0,srZucbpJ,udlIzhJE,7690.0
762,0,VbMcfGsr,ljNlRbnZ,5103.0
762,0,MttNRhjN,VbMcfGsr,5103.0
762,0,HeidvHXY,MttNRhjN,5103.0
762,0,CCoJPQpR,HeidvHXY,5103.0
762,0,veAXvdUO,CCoJPQpR,6541.0
762,0,UgdUAhSn,veAXvdUO,6541.0
762,0,HcKLTTXk,UgdUAhSn,4656.0
1505,0,HcPkwFHM,plWWPiMc,16950.0
1505,0,KjuJaNsu,HcPkwFHM,16980.0
1505,0,oNyGHMvy,KjuJaNsu,16877.0
1505,0,QdnKSSsO,oNyGHMvy,17605.0
1505,0,vSdfqYeK,QdnKSSsO,18119.0
711,0,qGnNRXVR,TcEVvOUM,2282.0
711,0,ouPwTbuD,qGnNRXVR,2268.0
711,0,LPldZjRa,ouPwTbuD,2481.0
400,0,FoxIDeQY,PHuvYJrP,1967.0
400,0,dZoxKDmD,FoxIDeQY,1947.0
1180,0,vacPrbQA,eiOwifcC,5692.0
1125,0,kjmHgYUi,pTTspriv,1152.0
1125,0,UHSPJyEW,kjmHgYUi,1152.0
1125,0,dOTSUZHl,UHSPJyEW,1152.0
1125,0,ITdbUezF,dOTSUZHl,1152.0
1125,0,UCTWITih,ITdbUezF,1152.0
1125,0,HnEviCBr,UCTWITih,1152.0
1125,0,nCgrSQNi,HnEviCBr,1149.0
1125,0,KyrNRMTR,nCgrSQNi,1149.0
1125,0,IpOsGrUQ,KyrNRMTR,1382.0
1125,0,exRzHfND,IpOsGrUQ,1215.0
1125,0,bIhgcGjB,exRzHfND,1215.0
1125,0,dMpYNFzw,bIhgcGjB,1215.0
1125,0,slwzdYAd,dMpYNFzw,1215.0
1125,0,phodyDNv,slwzdYAd,1307.0
1125,0,gcvwQKzE,phodyDNv,1331.0
1125,0,RuqLEiFp,gcvwQKzE,1331.0
1125,0,NAwFzVQz,RuqLEiFp,1684.0
1125,0,jEliwrSM,NAwFzVQz,1742.0
1125,0,XsvFZXJo,jEliwrSM,1742.0
1023,0,yyEOaSxi,gjOgguRV,3113.0
1023,0,obftSQtS,yyEOaSxi,3102.0
1023,0,yKgFraCR,obftSQtS,3096.0
1023,0,LIDMLZkw,yKgFraCR,3096.0
1023,0,JEpPbBSc,LIDMLZkw,3096.0
1023,0,YkNJvTAu,JEpPbBSc,3001.0
1023,0,TIlepZYr,YkNJvTAu,2690.0
1023,0,UvdLYolu,TIlepZYr,2324.0
1023,0,ZFKsyBay,UvdLYolu,2324.0
1023,0,suvDbtPR,ZFKsyBay,2305.0
1023,0,clVXMHJf,suvDbtPR,924.0
1023,0,UXEWVZzP,clVXMHJf,924.0
1023,0,MlYFoaez,UXEWVZzP,917.0
1023,0,XeinAhyy,MlYFoaez,894.0
1023,0,pGpZhRvq,XeinAhyy,894.0
1023,0,alaJPSTW,pGpZhRvq,894.0
1023,0,ngNzeSzC,alaJPSTW,894.0
1023,0,PHuvYJrP,ngNzeSzC,894.0
1023,0,FoxIDeQY,PHuvYJrP,894.0
1023,0,dZoxKDmD,FoxIDeQY,894.0
1023,0,ZOuLYtJj,dZoxKDmD,894.0
1023,0,SGnJOquj,ZOuLYtJj,894.0
1023,0,ogOCBKAf,SGnJOquj,863.0
483,0,zGyJMIkT,uiYVYPQX,1027.0
483,0,YbVmHVTt,zGyJMIkT,1027.0
483,0,ZlnerNQG,YbVmHVTt,1027.0
1245,0,HzfEGNJu,NrpQUbAl,2430.0
1245,0,FVWAEAei,HzfEGNJu,2430.0
1198,0,QHFmFyLR,EkWBPXmr,600.0
1198,0,neNWquOh,QHFmFyLR,600.0
1198,0,KwaxxmSs,neNWquOh,600.0
1198,0,PSjGjQXK,KwaxxmSs,600.0
1198,0,FDPmqphv,PSjGjQXK,1276.0
1198,0,aVjdmBcp,FDPmqphv,1276.0
1198,0,nusTHAtB,aVjdmBcp,1276.0
1198,0,isVKhOXG,nusTHAtB,1277.0
1198,0,OWkTamRc,isVKhOXG,1336.0
1198,0,pHNyFRmN,OWkTamRc,1519.0
1198,0,SMriOOgF,pHNyFRmN,1525.0
1198,0,rWiIOjNx,SMriOOgF,1525.0
1198,0,bvSKVAYv,rWiIOjNx,1526.0
1198,0,JZGNdgml,bvSKVAYv,1779.0
1198,0,uHbImzAf,JZGNdgml,1779.0
1198,0,IzsieVnc,uHbImzAf,1765.0
1198,0,xNgkqoUR,IzsieVnc,1706.0
1198,0,lDiqRMWn,xNgkqoUR,1727.0
1198,0,gOJphFVT,lDiqRMWn,1727.0
990,0,awOEKaEj,qdrjbHYS,4935.0
990,0,kZdBhxvo,awOEKaEj,6282.0
990,0,ZBkAAevT,kZdBhxvo,7247.0
990,0,cMinRgYB,ZBkAAevT,7247.0
990,0,ArHpJhVJ,tBNXSyMW,7615.0
273,0,FcOkCcps,jeadfqyj,2522.0
678,0,AszcEtOu,BpAiVnps,2122.0
678,0,ybjkPLXB,AszcEtOu,2290.0
678,0,IOcMwGKn,ybjkPLXB,2659.0
678,0,hCxxcqWU,IOcMwGKn,4118.0
678,0,qMoZNsgo,hCxxcqWU,4352.0
678,0,udNzSSji,qMoZNsgo,4352.0
678,0,uKKyuZyC,udNzSSji,4352.0
678,0,GhNbXpjs,uKKyuZyC,4435.0
678,0,JZGNdgml,bvSKVAYv,1713.0
678,0,uHbImzAf,JZGNdgml,1713.0
678,0,IzsieVnc,uHbImzAf,1144.0
678,0,HRURJMPd,IzsieVnc,1104.0
678,0,WGGanwZU,HRURJMPd,1104.0
1180,0,RFLUsFpq,apOzgzFy,6890.0
1180,0,NRaiNGwl,RFLUsFpq,6890.0
1180,0,dgLtpUgu,NRaiNGwl,6890.0
1180,0,GJEXlFdt,dgLtpUgu,6929.0
1180,0,VMzKgUSR,GJEXlFdt,7039.0
1180,0,BJDTCJYP,VMzKgUSR,7039.0
1180,0,gyedwqXM,BJDTCJYP,7039.0
1180,0,LYitljhu,gyedwqXM,7039.0
1180,0,UhAwQaaX,LYitljhu,7039.0
1180,0,LOIXCDqJ,UhAwQaaX,7039.0
1180,0,FldHcjZC,LOIXCDqJ,6861.0
1180,0,qNiTyrkl,FldHcjZC,5862.0
1180,0,waZdIIZY,qNiTyrkl,5862.0
1180,0,eiOwifcC,waZdIIZY,5850.0
750,0,IxqYybMf,UsVsFgoS,763.0
750,0,ZZxaTLmM,IxqYybMf,763.0
750,0,lgdUBlCD,ZZxaTLmM,746.0
750,0,jlZHvhwS,lgdUBlCD,746.0
750,0,SrmEoNnE,jlZHvhwS,794.0
750,0,PYFpJmOq,BjpwENcr,743.0
750,0,sWjnuVdS,PYFpJmOq,748.0
750,0,UsVsFgoS,sWjnuVdS,748.0
1076,0,TbetMXoD,zWZbZUaa,1438.0
1076,0,vHItlPPU,TbetMXoD,1451.0
1076,0,LggEHwJM,vHItlPPU,1450.0
1076,0,cXzNtQka,LggEHwJM,1450.0
1076,0,Hjpeultj,cXzNtQka,1450.0
750,0,oQxUwlRM,GrxyFhrL,656.0
750,0,pbsOcZdr,oQxUwlRM,656.0
750,0,eIGUaObZ,pbsOcZdr,697.0
750,0,EvlCTWAM,eIGUaObZ,697.0
750,0,BjpwENcr,EvlCTWAM,697.0
626,0,TsaeiIGv,EkWBPXmr,1681.0
626,0,OsBkWRQx,TsaeiIGv,2021.0
626,0,udlIzhJE,OsBkWRQx,2143.0
626,0,cCEhgrAc,udlIzhJE,2225.0
626,0,cfShLPmI,cCEhgrAc,2227.0
16,0,cCEhgrAc,srZucbpJ,6261.0
16,0,cfShLPmI,cCEhgrAc,6261.0
584,0,awOEKaEj,qdrjbHYS,1953.0
584,0,gRuqifBH,awOEKaEj,1628.0
273,0,RkbXqAIs,MTAZIXBL,3504.0
273,0,QRSRIbba,leJfirnk,2048.0
273,0,EkCoFwMY,QRSRIbba,2082.0
273,0,jqriedgy,EkCoFwMY,2281.0
273,0,MTAZIXBL,jqriedgy,2281.0
273,0,wuyFtExA,EtvjcvTp,1111.0
273,0,MrybjzSo,wuyFtExA,1111.0
273,0,leJfirnk,MrybjzSo,1111.0
595,0,kBaIvAJI,pobpsCoK,592.0
523,0,qdrjbHYS,uiYVYPQX,3697.0
523,0,TPFTQSyz,qdrjbHYS,2523.0
523,0,awOEKaEj,TPFTQSyz,2526.0
523,0,gRuqifBH,awOEKaEj,2526.0
1198,0,lQHWhrGj,tldUULAx,2503.0
1198,0,OOOhsNkv,lQHWhrGj,2503.0
1198,0,CgcphXSb,OOOhsNkv,2503.0
1198,0,texSWQet,CgcphXSb,2503.0
1198,0,lxBswvKX,texSWQet,1567.0
1198,0,IvQQZbJW,lxBswvKX,356.0
661,0,TsaeiIGv,EkWBPXmr,505.0
661,0,OsBkWRQx,TsaeiIGv,739.0
661,0,TlwaKrQx,OsBkWRQx,739.0
661,0,udlIzhJE,TlwaKrQx,739.0
661,0,DeduXMzE,udlIzhJE,861.0
661,0,GXHjZCTL,DeduXMzE,861.0
661,0,yolIeCeg,GXHjZCTL,861.0
661,0,zGyJMIkT,yolIeCeg,863.0
661,0,YbVmHVTt,zGyJMIkT,1400.0
661,0,ZlnerNQG,YbVmHVTt,1400.0
661,0,FVWAEAei,ZlnerNQG,1400.0
661,0,gVtshwcF,FVWAEAei,1408.0
1245,0,gVtshwcF,FVWAEAei,2410.0
272,0,YbVmHVTt,zGyJMIkT,4648.0
272,0,ZlnerNQG,YbVmHVTt,4460.0
272,0,FVWAEAei,ZlnerNQG,4460.0
272,0,gVtshwcF,FVWAEAei,4460.0
989,0,ozAxYCwR,uiYVYPQX,747.0
264,0,ABRKsLIZ,uUBnPWGG,1523.0
264,0,RtBolNHG,ABRKsLIZ,1523.0
264,0,XGgrBziF,RtBolNHG,1516.0
264,0,FJLNitGY,XGgrBziF,1420.0
1244,0,TAifzqok,RkbXqAIs,831.0
1244,0,wWcBzuvM,TAifzqok,831.0
1244,0,GcGOdrPa,wWcBzuvM,831.0
1244,0,yAqyhWkU,GcGOdrPa,831.0
711,0,ozAxYCwR,uiYVYPQX,942.0
658,0,QeEdlYuU,dKSFzIqs,126.0
658,0,ussSBeXM,QeEdlYuU,126.0
658,0,qVzVrWDp,ussSBeXM,126.0
658,0,IuRRuHdp,qVzVrWDp,127.0
658,0,agmUQnfF,IuRRuHdp,127.0
965,0,ODNKqRCQ,iPzquFzR,258.0
965,0,ZTCNsviV,ODNKqRCQ,266.0
965,0,GBYHqHQO,ZTCNsviV,266.0
965,0,lBjlyorh,GBYHqHQO,266.0
965,0,apwTQKga,lBjlyorh,266.0
965,0,XNHVHmHa,apwTQKga,266.0
965,0,vGqwislq,XNHVHmHa,266.0
965,0,AwLiWVdI,vGqwislq,372.0
965,0,XBhuaxff,AwLiWVdI,372.0
965,0,LjPncvCg,XBhuaxff,372.0
965,0,XUEgpuYS,LjPncvCg,372.0
965,0,lXZmsBCe,XUEgpuYS,395.0
965,0,oftwwzSy,lXZmsBCe,395.0
965,0,CKNrjFUU,oftwwzSy,395.0
965,0,EtvjcvTp,CKNrjFUU,394.0
965,0,wuyFtExA,EtvjcvTp,344.0
965,0,MrybjzSo,wuyFtExA,344.0
965,0,leJfirnk,MrybjzSo,344.0
965,0,QRSRIbba,leJfirnk,344.0
965,0,EkCoFwMY,QRSRIbba,344.0
965,0,jqriedgy,EkCoFwMY,344.0
965,0,MTAZIXBL,jqriedgy,344.0
965,0,RkbXqAIs,MTAZIXBL,344.0
965,0,TAifzqok,RkbXqAIs,344.0
965,0,wWcBzuvM,TAifzqok,344.0
965,0,GcGOdrPa,wWcBzuvM,344.0
965,0,yAqyhWkU,GcGOdrPa,344.0
965,0,peBgOXli,yAqyhWkU,344.0
965,0,KnWWIWQx,peBgOXli,344.0
965,0,OwpcAtJV,KnWWIWQx,344.0
483,0,FVWAEAei,ZlnerNQG,1019.0
483,0,gVtshwcF,FVWAEAei,1019.0
706,0,ozAxYCwR,uiYVYPQX,154.0
705,0,qdrjbHYS,ozAxYCwR,176.0
705,0,awOEKaEj,qdrjbHYS,678.0
705,0,fFHpEWYG,awOEKaEj,854.0
705,0,jOxyxYyy,fFHpEWYG,922.0
705,0,gGlRqksC,jOxyxYyy,922.0
705,0,GRRjUQxz,gGlRqksC,922.0
705,0,MlQcmexA,GRRjUQxz,922.0
705,0,RHWjHSWx,MlQcmexA,956.0
705,0,VpmqCJUB,RHWjHSWx,1025.0
705,0,EvIZgaUF,VpmqCJUB,1031.0
705,0,mGgwEHaG,EvIZgaUF,1069.0
705,0,DWuGRWkF,mGgwEHaG,1069.0
705,0,ryMrZCSE,DWuGRWkF,1071.0
705,0,fRxWIrbs,ryMrZCSE,1404.0
705,0,sKbmdUEJ,fRxWIrbs,1404.0
705,0,zWeVnnxO,sKbmdUEJ,1404.0
705,0,kXofjcRp,zWeVnnxO,1404.0
705,0,mCHzTQKa,kXofjcRp,1595.0
705,0,NJSgWoOc,mCHzTQKa,1645.0
705,0,RIpTuvwk,NJSgWoOc,1647.0
705,0,ubzklVlS,RIpTuvwk,1711.0
705,0,LVcdwgEp,ubzklVlS,2041.0
705,0,yLFlKjKg,LVcdwgEp,2041.0
705,0,isWzWnoW,yLFlKjKg,1961.0
705,0,fcSUqaEW,isWzWnoW,1961.0
705,0,YJykDsrc,fcSUqaEW,1961.0
705,0,YpVxAvQG,YJykDsrc,1262.0
705,0,RinxBkUZ,YpVxAvQG,1260.0
705,0,LhgNVAOU,RinxBkUZ,1250.0
705,0,SOVcCDqR,LhgNVAOU,345.0
635,0,HUVJunNe,EocVuyzS,1157.0
635,0,DvaIywQB,HUVJunNe,1157.0
635,0,OCwYbEnq,DvaIywQB,1157.0
635,0,rsJSqETv,OCwYbEnq,1157.0
635,0,nrUfCQxz,rsJSqETv,1157.0
635,0,CpnDMnJS,nrUfCQxz,1537.0
635,0,fSmTHZJS,CpnDMnJS,1537.0
635,0,WSTcrrBn,fSmTHZJS,1569.0
635,0,DyPueDjA,WSTcrrBn,1569.0
635,0,VJibZvbS,DyPueDjA,1574.0
635,0,uSZbdBno,VJibZvbS,1686.0
635,0,GtaXwPrK,uSZbdBno,1686.0
635,0,TcEVvOUM,GtaXwPrK,1686.0
635,0,qGnNRXVR,TcEVvOUM,1531.0
635,0,yLFlKjKg,qGnNRXVR,1528.0
635,0,isWzWnoW,yLFlKjKg,579.0
635,0,YJykDsrc,isWzWnoW,579.0
635,0,YpVxAvQG,YJykDsrc,553.0
635,0,LhgNVAOU,YpVxAvQG,553.0
635,0,SOVcCDqR,LhgNVAOU,535.0
226,0,nrUfCQxz,KMDYeUKg,292.0
226,0,CpnDMnJS,nrUfCQxz,317.0
226,0,fSmTHZJS,CpnDMnJS,317.0
226,0,QsPOuThV,fSmTHZJS,448.0
226,0,WSTcrrBn,QsPOuThV,448.0
226,0,JYrrjUtU,WSTcrrBn,449.0
226,0,DyPueDjA,JYrrjUtU,449.0
226,0,udNzSSji,DyPueDjA,449.0
226,0,VJibZvbS,udNzSSji,449.0
226,0,uSZbdBno,VJibZvbS,449.0
226,0,GtaXwPrK,uSZbdBno,449.0
226,0,PIUpvPaY,GtaXwPrK,449.0
226,0,XCZfXGna,PIUpvPaY,391.0
226,0,FYonLsVT,XCZfXGna,391.0
226,0,voXQjjKh,FYonLsVT,391.0
226,0,pKTlpooZ,voXQjjKh,346.0
226,0,OVaoEscJ,pKTlpooZ,305.0
226,0,BMprcpdo,OVaoEscJ,238.0
226,0,YpVxAvQG,BMprcpdo,182.0
226,0,RinxBkUZ,YpVxAvQG,182.0
226,0,LhgNVAOU,RinxBkUZ,182.0
226,0,SOVcCDqR,LhgNVAOU,136.0
208,0,wSspaAkq,bLzlxnwB,1857.0
208,0,NppIhzQC,wSspaAkq,1857.0
208,0,tTrMaEIS,NppIhzQC,1798.0
208,0,WeXgsZLY,tTrMaEIS,1798.0
208,0,VuPuNOXM,WeXgsZLY,1914.0
208,0,QgwCgjAi,VuPuNOXM,1914.0
208,0,vrgENeuF,QgwCgjAi,4914.0
208,0,xKmRiBBX,vrgENeuF,4914.0
208,0,kkrKJmiC,xKmRiBBX,4914.0
208,0,psXocZQH,kkrKJmiC,4914.0
208,0,yprCGtVa,psXocZQH,4606.0
208,0,pPqywgRl,yprCGtVa,4032.0
208,0,SJHseTdc,pPqywgRl,2819.0
208,0,HGjkimBc,SJHseTdc,2819.0
208,0,IubGYoNi,HGjkimBc,2819.0
208,0,fmQEzQWV,IubGYoNi,2507.0
208,0,BpAiVnps,fmQEzQWV,2125.0
1338,0,AszcEtOu,BpAiVnps,3689.0
1338,0,TCqyxHhF,AszcEtOu,5342.0
1338,0,PIUpvPaY,TCqyxHhF,5342.0
1338,0,XCZfXGna,PIUpvPaY,5466.0
1338,0,FYonLsVT,XCZfXGna,6298.0
1338,0,voXQjjKh,FYonLsVT,6304.0
1338,0,pKTlpooZ,voXQjjKh,6640.0
1338,0,OVaoEscJ,pKTlpooZ,6638.0
1338,0,BMprcpdo,OVaoEscJ,9841.0
1338,0,YpVxAvQG,BMprcpdo,12502.0
1338,0,RinxBkUZ,YpVxAvQG,12571.0
1338,0,LhgNVAOU,RinxBkUZ,12474.0
1338,0,SOVcCDqR,LhgNVAOU,11858.0
208,0,ThGrfpxl,SyufMOPd,274.0
208,0,TUpCuZAw,ThGrfpxl,939.0
208,0,HYfXIyFk,TUpCuZAw,1030.0
208,0,ILieppKf,HYfXIyFk,1044.0
208,0,uwQliGwX,ILieppKf,991.0
208,0,HUkyeYlq,uwQliGwX,1481.0
208,0,PYpgWopD,HUkyeYlq,1481.0
208,0,lDeAZniB,PYpgWopD,1481.0
208,0,bLzlxnwB,lDeAZniB,1481.0
1317,0,vrgENeuF,eTJQHplR,985.0
1317,0,psXocZQH,PlyJazqR,1956.0
1317,0,yprCGtVa,psXocZQH,1956.0
1317,0,pPqywgRl,yprCGtVa,2459.0
1317,0,SJHseTdc,pPqywgRl,2602.0
1317,0,HGjkimBc,SJHseTdc,2602.0
1317,0,IubGYoNi,HGjkimBc,3972.0
1317,0,fmQEzQWV,IubGYoNi,5381.0
1317,0,BpAiVnps,fmQEzQWV,6254.0
528,0,DOGyniWl,ItndWSiW,1886.0
528,0,fubLBmAl,DOGyniWl,1886.0
528,0,nEXpIbiD,fubLBmAl,1899.0
528,0,eTJQHplR,nEXpIbiD,1899.0
1366,0,YmkUpvHU,qKeCDDXI,5736.0
1366,0,WOOyqinT,YmkUpvHU,5555.0
1366,0,mnkgCFDT,WOOyqinT,5374.0
1366,0,svgtEcQx,mnkgCFDT,3489.0
1366,0,HcPkwFHM,svgtEcQx,3308.0
1366,0,KjuJaNsu,HcPkwFHM,3308.0
1366,0,oNyGHMvy,KjuJaNsu,3291.0
1366,0,vSdfqYeK,oNyGHMvy,3029.0
1366,0,wDpyEsxh,vSdfqYeK,2593.0
1366,0,jIerKxIb,wDpyEsxh,2577.0
1366,0,IubGYoNi,jIerKxIb,2475.0
1366,0,fmQEzQWV,IubGYoNi,2361.0
1366,0,BpAiVnps,fmQEzQWV,1797.0
1366,0,UFoaQvGg,RfEbENxd,4301.0
1366,0,uxsctOEt,UFoaQvGg,4301.0
1366,0,lsFGVtlq,uxsctOEt,4311.0
1366,0,UfJDroVz,lsFGVtlq,4338.0
1366,0,biJBLznK,UfJDroVz,4338.0
1366,0,HrrdJKJb,biJBLznK,4338.0
1366,0,qKeCDDXI,HrrdJKJb,4338.0
367,0,qjwSVoCq,WynPMslR,8085.0
367,0,oFLgHrco,qjwSVoCq,8363.0
367,0,yrWAEsGy,oFLgHrco,8428.0
367,0,qGIkRenz,yrWAEsGy,8250.0
367,0,ytUqATXS,qGIkRenz,8222.0
367,0,TcsyXYNn,ytUqATXS,8171.0
367,0,qKeCDDXI,TcsyXYNn,7538.0
367,0,YmkUpvHU,qKeCDDXI,5637.0
1505,0,WOOyqinT,YmkUpvHU,7861.0
1505,0,mnkgCFDT,WOOyqinT,7587.0
1505,0,plWWPiMc,mnkgCFDT,16100.0
1505,0,wDpyEsxh,vSdfqYeK,18326.0
1505,0,jIerKxIb,wDpyEsxh,18309.0
1505,0,IubGYoNi,jIerKxIb,18647.0
1505,0,fmQEzQWV,IubGYoNi,18059.0
1505,0,BpAiVnps,fmQEzQWV,16239.0
1505,0,AszcEtOu,BpAiVnps,12102.0
1505,0,TCqyxHhF,AszcEtOu,13263.0
1505,0,PIUpvPaY,TCqyxHhF,13272.0
1505,0,XCZfXGna,PIUpvPaY,8790.0
1505,0,FYonLsVT,XCZfXGna,8979.0
1505,0,voXQjjKh,FYonLsVT,8886.0
1505,0,OVaoEscJ,voXQjjKh,7481.0
367,0,vHkAlmCm,GnOurcjN,7750.0
367,0,WynPMslR,vHkAlmCm,7767.0
1750,0,IvXmMOhB,HcKLTTXk,4500.0
1750,0,KIvXTDlT,IvXmMOhB,4494.0
1750,0,TgzZcdmy,KIvXTDlT,4494.0
1750,0,SEjojzMr,TgzZcdmy,4494.0
1750,0,oBYetVBr,SEjojzMr,4224.0
1750,0,GiONHkbf,oBYetVBr,3918.0
1750,0,QDIpIlEK,GiONHkbf,3853.0
1331,0,kXOxEoFm,lRwVVbKf,1317.0
1331,0,EFeZyZmg,kXOxEoFm,1317.0
1331,0,MoCDatJm,EFeZyZmg,1362.0
1331,0,GtMUYUwJ,MoCDatJm,2160.0
1331,0,lQIpGOTn,GtMUYUwJ,2147.0
1331,0,uhUmvvRs,lQIpGOTn,2147.0
1331,0,plWWPiMc,uhUmvvRs,2086.0
1331,0,HcPkwFHM,plWWPiMc,1973.0
1331,0,KjuJaNsu,HcPkwFHM,1973.0
1331,0,oNyGHMvy,KjuJaNsu,1973.0
1331,0,QdnKSSsO,oNyGHMvy,1895.0
1331,0,vSdfqYeK,QdnKSSsO,1864.0
1331,0,wDpyEsxh,vSdfqYeK,1813.0
1331,0,jIerKxIb,wDpyEsxh,1813.0
1331,0,IubGYoNi,jIerKxIb,1555.0
1331,0,fmQEzQWV,IubGYoNi,1534.0
1331,0,BpAiVnps,fmQEzQWV,1332.0
46,0,ABufINme,ZijVddwt,7964.0
46,0,xQqwXgNZ,ABufINme,8172.0
46,0,BMprcpdo,xQqwXgNZ,8409.0
46,0,YpVxAvQG,BMprcpdo,7417.0
46,0,RinxBkUZ,YpVxAvQG,7417.0
46,0,LhgNVAOU,RinxBkUZ,7437.0
46,0,SOVcCDqR,LhgNVAOU,8886.0
1750,0,nOepWjtB,zfmNZkKD,2412.0
1750,0,kNXaohyL,nOepWjtB,2412.0
1750,0,gJicbLzN,kNXaohyL,2412.0
1750,0,lRwVVbKf,gJicbLzN,2469.0
1750,0,HcKLTTXk,lRwVVbKf,4490.0
1418,0,EzNIKkYA,BTtHvEzM,3343.0
367,0,zjGRmLyo,JGydtICe,7133.0
367,0,yfIoPTHo,zjGRmLyo,6995.0
367,0,GnOurcjN,yfIoPTHo,6995.0
994,0,mexFgKBp,NrNaZyPp,740.0
994,0,KIvXTDlT,mexFgKBp,336.0
994,0,TgzZcdmy,KIvXTDlT,343.0
994,0,SEjojzMr,TgzZcdmy,514.0
994,0,WCllcJIC,SEjojzMr,387.0
994,0,OXcUkifL,WCllcJIC,387.0
994,0,POsNTwnJ,OXcUkifL,385.0
994,0,YmkUpvHU,POsNTwnJ,385.0
994,0,WOOyqinT,YmkUpvHU,385.0
994,0,mnkgCFDT,WOOyqinT,385.0
994,0,svgtEcQx,mnkgCFDT,385.0
994,0,HcPkwFHM,svgtEcQx,383.0
994,0,KjuJaNsu,HcPkwFHM,383.0
994,0,oNyGHMvy,KjuJaNsu,383.0
994,0,QdnKSSsO,oNyGHMvy,383.0
994,0,vSdfqYeK,QdnKSSsO,368.0
994,0,wDpyEsxh,vSdfqYeK,368.0
994,0,jIerKxIb,wDpyEsxh,368.0
994,0,IubGYoNi,jIerKxIb,367.0
994,0,fmQEzQWV,IubGYoNi,348.0
994,0,BpAiVnps,fmQEzQWV,310.0
761,0,lUWTaWkd,NnzcSqlk,5362.0
761,0,glrALKnP,lUWTaWkd,5451.0
761,0,qehlKNkR,glrALKnP,5572.0
761,0,sZNeRfOC,qehlKNkR,5722.0
761,0,HajxumVd,sZNeRfOC,5722.0
761,0,LhQSpAzy,HajxumVd,4805.0
761,0,pwpCkicC,LhQSpAzy,4805.0
761,0,pPKqPUVW,pwpCkicC,5266.0
761,0,slfxTuih,pPKqPUVW,5266.0
761,0,ejMjPdTH,slfxTuih,5467.0
46,0,ZijVddwt,ojqTFFWy,7834.0
250,0,eusqYKWT,HezLsNFQ,4956.0
250,0,dCWftKsk,eusqYKWT,4067.0
1452,0,orpkgmYq,EPWXwPSq,5521.0
1452,0,RXuaQdiQ,orpkgmYq,5460.0
1452,0,mhTYFecR,RXuaQdiQ,5406.0
1452,0,lUWTaWkd,mhTYFecR,5336.0
1452,0,hApOmpAO,lUWTaWkd,5137.0
1452,0,qehlKNkR,hApOmpAO,5137.0
1452,0,ZFFevgPB,qehlKNkR,5137.0
1452,0,YBasMniA,ZFFevgPB,5137.0
1452,0,sZNeRfOC,YBasMniA,5586.0
1452,0,HajxumVd,sZNeRfOC,5586.0
1452,0,tyrVGRMU,HajxumVd,5706.0
1452,0,LhQSpAzy,tyrVGRMU,5748.0
1452,0,pwpCkicC,LhQSpAzy,5748.0
1452,0,jJVVpGMf,pwpCkicC,5788.0
1452,0,tcYerYbk,jJVVpGMf,5788.0
1452,0,pPKqPUVW,tcYerYbk,5788.0
1452,0,iYTiOTOT,pPKqPUVW,5788.0
1452,0,slfxTuih,iYTiOTOT,5788.0
1452,0,SVPLEqNI,slfxTuih,4659.0
1452,0,ejMjPdTH,SVPLEqNI,1413.0
565,0,PQDqFTyk,qQFDKzdu,788.0
1226,0,puwcRgFs,vyojaKRU,3661.0
1226,0,zjKsBdNQ,puwcRgFs,1352.0
1226,0,ojqTFFWy,zjKsBdNQ,1351.0
803,0,KbemmdTp,ZHWKFCEn,640.0
803,0,LNRgsQQF,KbemmdTp,674.0
143,0,zjGRmLyo,JGydtICe,2839.0
143,0,EXTmTMKf,zjGRmLyo,2838.0
143,0,yfIoPTHo,EXTmTMKf,1964.0
143,0,GnOurcjN,yfIoPTHo,2003.0
143,0,vHkAlmCm,GnOurcjN,2294.0
143,0,YspLWkZX,vHkAlmCm,2294.0
143,0,pRBbbEoD,YspLWkZX,3025.0
143,0,cfVAtKgo,pRBbbEoD,2970.0
143,0,QMiQTlda,cfVAtKgo,3465.0
143,0,MaKoROaE,QMiQTlda,3465.0
143,0,NrNaZyPp,MaKoROaE,3458.0
143,0,mexFgKBp,NrNaZyPp,2910.0
143,0,KIvXTDlT,mexFgKBp,2463.0
143,0,TgzZcdmy,KIvXTDlT,2464.0
143,0,SEjojzMr,TgzZcdmy,2464.0
143,0,WCllcJIC,SEjojzMr,1225.0
803,0,ubEwIGdf,kWrGTFqC,273.0
803,0,aBKtLgYB,ubEwIGdf,273.0
803,0,qduHdsCL,aBKtLgYB,273.0
803,0,GYMzAvFw,qduHdsCL,273.0
803,0,VXAxIwYs,GYMzAvFw,273.0
803,0,ZHWKFCEn,VXAxIwYs,516.0
1331,0,lRwVVbKf,gJicbLzN,875.0
780,0,fdwLSfsa,cgSMZptb,4129.0
780,0,FZsFzszJ,gzTQJVMW,3313.0
780,0,KgwKZlse,FZsFzszJ,3110.0
780,0,ALhaazBT,KgwKZlse,3110.0
780,0,YqlTLIQa,ALhaazBT,2861.0
780,0,AUmOMGnp,YqlTLIQa,2861.0
780,0,XFPAZveS,AUmOMGnp,2835.0
780,0,ejMjPdTH,XFPAZveS,1468.0
463,0,uaQvVFAB,taPJzyhF,8711.0
463,0,MnTeelLR,uaQvVFAB,9241.0
1666,0,CdwVKoMQ,swKAFNcH,4199.0
1666,0,VXVgVTNc,CdwVKoMQ,4199.0
1666,0,losuIFuX,VXVgVTNc,1767.0
1258,0,RYTcAdhr,yLFlKjKg,3061.0
1258,0,isWzWnoW,RYTcAdhr,3061.0
1258,0,fcSUqaEW,isWzWnoW,3061.0
1258,0,YJykDsrc,fcSUqaEW,3061.0
1258,0,YpVxAvQG,YJykDsrc,1873.0
1258,0,RinxBkUZ,YpVxAvQG,1873.0
1258,0,LhgNVAOU,RinxBkUZ,1872.0
1258,0,bPdCVhrp,LhgNVAOU,1243.0
1258,0,SOVcCDqR,bPdCVhrp,1243.0
1189,0,LoyIFaGV,hPbxQISN,1134.0
1189,0,iqbCzlPk,LoyIFaGV,1250.0
1189,0,bONecZHY,iqbCzlPk,1388.0
1189,0,JrYMJUzx,bONecZHY,1388.0
1189,0,WoSISRHq,JrYMJUzx,675.0
1189,0,zAiczBZG,WoSISRHq,675.0
1189,0,vkwWhgCe,zAiczBZG,736.0
1189,0,KSSwmuEx,vkwWhgCe,724.0
1296,0,gmsNDepi,VkcYQwTj,25974.0
1296,0,jFRqfnFl,gmsNDepi,27417.0
1296,0,ysSWNERo,jFRqfnFl,27253.0
1296,0,lQIpGOTn,ysSWNERo,27272.0
1296,0,uhUmvvRs,lQIpGOTn,26520.0
1296,0,svgtEcQx,uhUmvvRs,25118.0
1296,0,HcPkwFHM,svgtEcQx,23644.0
1296,0,oNyGHMvy,HcPkwFHM,23630.0
1296,0,QdnKSSsO,oNyGHMvy,22343.0
1296,0,vSdfqYeK,QdnKSSsO,20916.0
1296,0,jIerKxIb,vSdfqYeK,17715.0
1296,0,IubGYoNi,jIerKxIb,15209.0
1296,0,fmQEzQWV,IubGYoNi,14221.0
1296,0,BpAiVnps,fmQEzQWV,12383.0
47,0,WdOwNGhj,xfbmoJHP,3691.0
47,0,kKKRBhFF,WdOwNGhj,4341.0
47,0,NFInfBeu,kKKRBhFF,4456.0
47,0,VCQdmIoF,NFInfBeu,4456.0
47,0,ePrpofUw,VCQdmIoF,4456.0
47,0,KcvPUxQg,ePrpofUw,4936.0
47,0,rbVbMNcM,KcvPUxQg,5167.0
47,0,JCIOAWOU,rbVbMNcM,5650.0
47,0,fZcVdMzo,JCIOAWOU,5660.0
47,0,QYwjKQRO,fZcVdMzo,5660.0
47,0,cNuXvIqU,QYwjKQRO,5660.0
47,0,eXTEGQHB,cNuXvIqU,5660.0
47,0,zTUODYgn,eXTEGQHB,6014.0
47,0,eTPMYwkC,zTUODYgn,6014.0
47,0,IMTItMKU,eTPMYwkC,6127.0
47,0,upMsEWKk,IMTItMKU,6696.0
47,0,KCqeuCwW,upMsEWKk,6696.0
47,0,xyBTaHvp,KCqeuCwW,6696.0
47,0,izUAPpdi,xyBTaHvp,8135.0
47,0,cNWTidvb,izUAPpdi,8135.0
47,0,yQQuLFAg,cNWTidvb,9357.0
47,0,rUKSlFeh,yQQuLFAg,11012.0
47,0,rckblBTM,rUKSlFeh,11037.0
648,0,KwaxxmSs,EkWBPXmr,767.0
648,0,PSjGjQXK,KwaxxmSs,767.0
648,0,FDPmqphv,PSjGjQXK,1768.0
648,0,ccqsUPnI,FDPmqphv,1970.0
648,0,oSOvYxXQ,ccqsUPnI,1970.0
648,0,PSZbZwJF,oSOvYxXQ,1930.0
648,0,GWqnIxTG,PSZbZwJF,1930.0
648,0,NjlFoRGi,GWqnIxTG,1930.0
648,0,bvSKVAYv,NjlFoRGi,1930.0
648,0,JZGNdgml,bvSKVAYv,530.0
648,0,uHbImzAf,JZGNdgml,530.0
648,0,IzsieVnc,uHbImzAf,530.0
679,0,HRURJMPd,twMezfOU,1097.0
679,0,jKjAXpVP,HRURJMPd,1097.0
912,0,WdOwNGhj,xfbmoJHP,377.0
912,0,kKKRBhFF,WdOwNGhj,207.0
912,0,NFInfBeu,kKKRBhFF,204.0
912,0,VCQdmIoF,NFInfBeu,204.0
912,0,ePrpofUw,VCQdmIoF,204.0
912,0,KcvPUxQg,ePrpofUw,204.0
912,0,BlnSxBAr,KcvPUxQg,204.0
912,0,TCBUGaZf,BlnSxBAr,204.0
573,0,rDSiGFpR,gFAsBeQM,33.0
1558,0,eTJQHplR,nEXpIbiD,212.0
1296,0,ywuGpANM,eaNsVWDR,21848.0
1296,0,BZCtSmhk,ywuGpANM,24534.0
1296,0,VkcYQwTj,BZCtSmhk,25103.0
1744,0,iBiVOFur,nrUfCQxz,6177.0
1744,0,niqrIlpR,iBiVOFur,5595.0
1744,0,uVsOstge,niqrIlpR,5028.0
1744,0,HTKZNJTs,uVsOstge,5261.0
1744,0,qvujbmjR,HTKZNJTs,5991.0
1744,0,REvIjxsO,qvujbmjR,5984.0
1744,0,CylWjYTC,REvIjxsO,6471.0
1744,0,yMiwNCtj,CylWjYTC,6262.0
647,0,yYSDLmlm,ydoNqUsu,74.0
647,0,FDCDnriY,yYSDLmlm,74.0
647,0,hLEWSLqw,FDCDnriY,74.0
647,0,qDeoslSZ,hLEWSLqw,92.0
214,0,OyNIynZV,NcLanIdZ,783.0
647,0,ydoNqUsu,OyNIynZV,43.0
214,0,NcLanIdZ,SyrqOGJb,547.0
647,0,mBUKTvtr,PnlUHDyC,1.0
647,0,plmttHNh,mBUKTvtr,40.0
647,0,GIAembsg,plmttHNh,40.0
647,0,OyNIynZV,GIAembsg,40.0
272,0,LmhVzFNJ,gVtshwcF,4308.0
573,0,jBnsfrlR,zGyJMIkT,1341.0
573,0,sjphZSiX,jBnsfrlR,1341.0
573,0,NgDeDdfx,sjphZSiX,1341.0
264,0,KHbKaRBy,EMzKPzug,1525.0
264,0,uUBnPWGG,KHbKaRBy,1525.0
273,0,EtvjcvTp,CKNrjFUU,4.0
1408,0,eLmJkuZC,kiTgZeoH,871.0
1408,0,UgzfanVk,eLmJkuZC,871.0
1221,0,bkPedFyi,dlIiZmBi,7272.0
1221,0,neCsPoxX,bkPedFyi,7351.0
1221,0,RMvkOcpU,neCsPoxX,7351.0
994,0,zjGRmLyo,JGydtICe,2114.0
994,0,EXTmTMKf,zjGRmLyo,2106.0
994,0,yfIoPTHo,EXTmTMKf,1560.0
994,0,GnOurcjN,yfIoPTHo,1560.0
994,0,vHkAlmCm,GnOurcjN,1192.0
994,0,YspLWkZX,vHkAlmCm,1190.0
994,0,pRBbbEoD,YspLWkZX,980.0
994,0,cfVAtKgo,pRBbbEoD,980.0
994,0,QMiQTlda,cfVAtKgo,980.0
994,0,MaKoROaE,QMiQTlda,980.0
779,0,khOlLZay,CDXhVrrJ,5733.0
16,0,tWKcfmbS,cfShLPmI,6031.0
973,0,cCEhgrAc,srZucbpJ,2509.0
973,0,cfShLPmI,cCEhgrAc,2509.0
973,0,tWKcfmbS,cfShLPmI,2510.0
973,0,rmNVGWDV,tWKcfmbS,2510.0
973,0,OQRQrPoA,rmNVGWDV,2510.0
1245,0,LmhVzFNJ,gVtshwcF,1458.0
1245,0,CmbQeSBI,LmhVzFNJ,1482.0
1245,0,RVyaKvKa,CmbQeSBI,1482.0
1245,0,OQRQrPoA,RVyaKvKa,1482.0
272,0,CmbQeSBI,LmhVzFNJ,4265.0
272,0,RVyaKvKa,CmbQeSBI,4265.0
272,0,OQRQrPoA,RVyaKvKa,4265.0
264,0,rivVbWxD,FJLNitGY,1418.0
264,0,twMezfOU,lkujKSJT,1439.0
264,0,EMzKPzug,twMezfOU,1439.0
264,0,yaKWBgLg,IvQQZbJW,1343.0
264,0,lkujKSJT,yaKWBgLg,1343.0
524,0,nqZDBuxM,FZjXRNIl,1442.0
524,0,aAfSzptC,nqZDBuxM,1442.0
524,0,pZulUpHT,aAfSzptC,1442.0
264,0,IvQQZbJW,ztLkgYlA,1338.0
264,0,KcvPUxQg,ePrpofUw,451.0
264,0,BlnSxBAr,KcvPUxQg,451.0
264,0,TCBUGaZf,BlnSxBAr,948.0
264,0,pzcCDVmZ,TCBUGaZf,1183.0
264,0,AUBTKFbY,pzcCDVmZ,1183.0
264,0,fjevhefZ,AUBTKFbY,1220.0
264,0,vyQyYYqJ,fjevhefZ,1220.0
264,0,ztLkgYlA,vyQyYYqJ,1220.0
264,0,NFInfBeu,kKKRBhFF,377.0
264,0,VCQdmIoF,NFInfBeu,377.0
264,0,ePrpofUw,VCQdmIoF,377.0
264,0,WdOwNGhj,xfbmoJHP,344.0
264,0,kKKRBhFF,WdOwNGhj,344.0
483,0,CmbQeSBI,gVtshwcF,526.0
483,0,RVyaKvKa,CmbQeSBI,526.0
483,0,OQRQrPoA,RVyaKvKa,526.0
584,0,kZdBhxvo,gRuqifBH,1386.0
584,0,ZBkAAevT,kZdBhxvo,1350.0
584,0,cMinRgYB,ZBkAAevT,1350.0
523,0,kZdBhxvo,gRuqifBH,2121.0
523,0,ZBkAAevT,kZdBhxvo,2121.0
523,0,cMinRgYB,ZBkAAevT,2121.0
1472,0,jQaLNViL,gyQqEnFq,2482.0
1419,0,yfIoPTHo,EXTmTMKf,4307.0
1419,0,GnOurcjN,yfIoPTHo,4239.0
1419,0,vHkAlmCm,GnOurcjN,3207.0
1419,0,WynPMslR,vHkAlmCm,3164.0
1419,0,qjwSVoCq,WynPMslR,2553.0
1419,0,WvPJYXMk,qjwSVoCq,2108.0
264,0,OQRQrPoA,rivVbWxD,1170.0
750,0,kOVxiGFe,qUWcqGRU,173.0
750,0,WeqAZPal,kOVxiGFe,173.0
750,0,mfgtosUp,WeqAZPal,173.0
750,0,rDRMBgEM,mfgtosUp,173.0
750,0,GrxyFhrL,rDRMBgEM,173.0
750,0,euIYYdlw,eViNbjWB,153.0
750,0,xRMPpTGi,euIYYdlw,153.0
750,0,MLYhGOjG,xRMPpTGi,153.0
750,0,lWnrzrzW,MLYhGOjG,153.0
750,0,zrFdTehz,lWnrzrzW,153.0
750,0,xHyAtnfx,zrFdTehz,153.0
750,0,qUWcqGRU,xHyAtnfx,153.0
584,0,LRmPOeoe,cMinRgYB,1332.0
678,0,EMzKPzug,WGGanwZU,876.0
524,0,OeKkfJSz,HTcmpFUD,728.0
524,0,FZjXRNIl,OeKkfJSz,728.0
523,0,CPPLrzGV,cMinRgYB,2027.0
490,0,FFLftRlg,vBGGqNND,1647.0
490,0,HTKZNJTs,FFLftRlg,2076.0
490,0,xkdRvtRu,HTKZNJTs,2003.0
490,0,SjZGieDS,xkdRvtRu,1989.0
490,0,pHNyFRmN,SjZGieDS,1552.0
490,0,vISVJoyz,pHNyFRmN,1537.0
490,0,RHWjHSWx,vISVJoyz,1473.0
452,0,pHNyFRmN,OWkTamRc,5109.0
452,0,SMriOOgF,pHNyFRmN,5118.0
452,0,rWiIOjNx,SMriOOgF,5118.0
452,0,bvSKVAYv,rWiIOjNx,5118.0
1744,0,nrUfCQxz,xfYjeqNM,6414.0
524,0,tBNXSyMW,pZulUpHT,2059.0
598,0,OOrUJecL,wzaIlAwh,79.0
598,0,VniBJCzY,OOrUJecL,79.0
598,0,RtYHfABF,VniBJCzY,76.0
598,0,JKycCNae,RtYHfABF,76.0
598,0,cMdRoPmQ,JKycCNae,76.0
1193,0,pHNyFRmN,OWkTamRc,470.0
1193,0,SMriOOgF,pHNyFRmN,470.0
1193,0,rWiIOjNx,SMriOOgF,470.0
1193,0,bvSKVAYv,rWiIOjNx,470.0
1193,0,JZGNdgml,bvSKVAYv,567.0
1193,0,uHbImzAf,JZGNdgml,567.0
1193,0,IzsieVnc,uHbImzAf,786.0
1193,0,aYIMvmGX,IzsieVnc,786.0
1193,0,WGGanwZU,aYIMvmGX,862.0
1193,0,ArHpJhVJ,WGGanwZU,862.0
46,0,QpprBOSr,SOVcCDqR,8791.0
46,0,Plxavose,QpprBOSr,8077.0
46,0,CpULuhdq,Plxavose,7561.0
46,0,tJbXQuOE,CpULuhdq,7561.0
46,0,dAjqsFfg,tJbXQuOE,5990.0
46,0,vizUtPmY,dAjqsFfg,5990.0
46,0,fytASSfG,vizUtPmY,5596.0
46,0,kFSxtGUW,fytASSfG,5596.0
46,0,ULMVzkWs,kFSxtGUW,5506.0
46,0,ZNjvBYak,ULMVzkWs,5506.0
46,0,wPeqfEci,ZNjvBYak,5241.0
46,0,MjMDaXaP,wPeqfEci,5241.0
46,0,OGoFbxUJ,MjMDaXaP,5241.0
46,0,XNUmFqNT,OGoFbxUJ,5241.0
46,0,hSdNxZqe,XNUmFqNT,5165.0
678,0,KHbKaRBy,EMzKPzug,2.0
626,0,tWKcfmbS,cfShLPmI,2197.0
626,0,zXtHnUiq,tWKcfmbS,2197.0
16,0,hEhmxyDr,tWKcfmbS,5963.0
16,0,OxhtFIfA,hEhmxyDr,5963.0
264,0,CEyhPnMH,OQRQrPoA,1106.0
264,0,ogrZorIF,CEyhPnMH,1106.0
483,0,CEyhPnMH,OQRQrPoA,115.0
483,0,ogrZorIF,CEyhPnMH,115.0
483,0,fumBmOZX,ogrZorIF,115.0
264,0,fumBmOZX,ogrZorIF,1097.0
1169,0,UmISPPJO,WWVpYMJI,867.0
1169,0,VPUbGzfh,UmISPPJO,987.0
1169,0,MVExtcyL,VPUbGzfh,987.0
1169,0,bciZjPUu,MVExtcyL,987.0
1169,0,ogOCBKAf,bciZjPUu,958.0
1169,0,drCNaUUd,xWjNpCho,587.0
1169,0,GiLGTLpB,drCNaUUd,587.0
1169,0,uCrZVfKw,GiLGTLpB,587.0
1169,0,ibPVFfKv,uCrZVfKw,587.0
1169,0,MokitPrF,ibPVFfKv,587.0
1169,0,WWVpYMJI,MokitPrF,587.0
1169,0,YbopoHtZ,UUyOnuCZ,267.0
1169,0,LIaalPFl,YbopoHtZ,267.0
1169,0,XBBRJpEo,LIaalPFl,273.0
1169,0,yfDSCLNC,XBBRJpEo,425.0
1169,0,eUWmFhmU,yfDSCLNC,425.0
1169,0,PaIXMFSn,eUWmFhmU,425.0
1169,0,xWjNpCho,PaIXMFSn,538.0
187,0,TcEVvOUM,BHzRSlej,1835.0
187,0,qGnNRXVR,TcEVvOUM,1835.0
187,0,ouPwTbuD,qGnNRXVR,1835.0
187,0,MwLdaJul,ouPwTbuD,1839.0
187,0,QUMnpJQp,MwLdaJul,2101.0
187,0,FyIjwLBj,QUMnpJQp,2152.0
187,0,vXPGJwVk,FyIjwLBj,2144.0
187,0,GjiyfRqd,vXPGJwVk,2144.0
187,0,qzuHypgA,GjiyfRqd,2460.0
187,0,KCMgfriT,qzuHypgA,2435.0
187,0,hVMLOzME,KCMgfriT,2855.0
187,0,TDvESTZN,hVMLOzME,2855.0
187,0,sNuKvPuW,TDvESTZN,2839.0
187,0,AUBTKFbY,sNuKvPuW,2839.0
187,0,fjevhefZ,AUBTKFbY,2078.0
187,0,vyQyYYqJ,fjevhefZ,2078.0
187,0,ztLkgYlA,vyQyYYqJ,2043.0
187,0,IvQQZbJW,ztLkgYlA,356.0
1650,0,MlYFoaez,pWUEfFEM,1367.0
1650,0,XeinAhyy,MlYFoaez,741.0
1650,0,pGpZhRvq,XeinAhyy,741.0
1650,0,alaJPSTW,pGpZhRvq,741.0
1650,0,ngNzeSzC,alaJPSTW,741.0
1650,0,FoxIDeQY,ngNzeSzC,741.0
1650,0,dZoxKDmD,FoxIDeQY,741.0
1650,0,ZOuLYtJj,dZoxKDmD,741.0
1650,0,SGnJOquj,ZOuLYtJj,741.0
1650,0,ogOCBKAf,SGnJOquj,741.0
1212,0,HaEOaLMB,dpFXbFTh,41.0
1212,0,IkeqCtDY,HaEOaLMB,39.0
1212,0,wpHpdxFs,IkeqCtDY,39.0
1212,0,QHulIYnO,wpHpdxFs,39.0
1212,0,sKtQEUzZ,QHulIYnO,39.0
1212,0,QYkjMXrW,sKtQEUzZ,39.0
1212,0,mxGSpCzE,QYkjMXrW,39.0
1212,0,WlZgmutc,mxGSpCzE,38.0
1212,0,acVCzwtl,WlZgmutc,38.0
1212,0,TIlepZYr,acVCzwtl,38.0
1212,0,BmQLYaPd,TIlepZYr,8.0
1212,0,UvdLYolu,BmQLYaPd,8.0
1212,0,ZFKsyBay,UvdLYolu,8.0
1212,0,suvDbtPR,ZFKsyBay,8.0
1212,0,clVXMHJf,suvDbtPR,6.0
1212,0,UXEWVZzP,clVXMHJf,6.0
1212,0,MlYFoaez,UXEWVZzP,6.0
1212,0,XeinAhyy,MlYFoaez,6.0
1212,0,pGpZhRvq,XeinAhyy,6.0
1212,0,alaJPSTW,pGpZhRvq,6.0
1212,0,ngNzeSzC,alaJPSTW,6.0
1212,0,PHuvYJrP,ngNzeSzC,6.0
1212,0,FoxIDeQY,PHuvYJrP,6.0
1212,0,dZoxKDmD,FoxIDeQY,6.0
1212,0,ZOuLYtJj,dZoxKDmD,6.0
1212,0,SGnJOquj,ZOuLYtJj,6.0
1212,0,ogOCBKAf,SGnJOquj,6.0
661,0,CmbQeSBI,gVtshwcF,1389.0
661,0,RVyaKvKa,CmbQeSBI,1389.0
661,0,ymMncFZF,RVyaKvKa,1713.0
661,0,QKdRzNnX,ymMncFZF,1713.0
661,0,EQSFTfWT,QKdRzNnX,1755.0
661,0,pHgJPiEB,EQSFTfWT,1755.0
661,0,jLGvGvQf,pHgJPiEB,1755.0
661,0,issQYORv,jLGvGvQf,1755.0
584,0,vMBlttbG,LRmPOeoe,927.0
584,0,zdEUiAFY,vMBlttbG,927.0
990,0,tWpVdCtj,ArHpJhVJ,7040.0
990,0,EdJUuxct,tWpVdCtj,7040.0
1379,0,QHFmFyLR,EkWBPXmr,505.0
1379,0,neNWquOh,QHFmFyLR,505.0
1379,0,KwaxxmSs,neNWquOh,514.0
1379,0,PSjGjQXK,KwaxxmSs,514.0
1379,0,FDPmqphv,PSjGjQXK,1004.0
1379,0,aVjdmBcp,FDPmqphv,1758.0
1379,0,isVKhOXG,aVjdmBcp,1758.0
1379,0,mKIQRbrs,isVKhOXG,1815.0
1379,0,qvujbmjR,mKIQRbrs,2091.0
1379,0,SqxhBMol,qvujbmjR,2101.0
1379,0,MzWshIAL,SqxhBMol,2201.0
1379,0,NZGnRwVn,MzWshIAL,2290.0
1379,0,qVoRAqeW,NZGnRwVn,2161.0
1379,0,pYVbvizw,qVoRAqeW,2161.0
1379,0,IATYolYz,pYVbvizw,2161.0
14,0,fOfcyQgJ,cGoHBmgo,2224.0
14,0,YXOKWXAw,fOfcyQgJ,2563.0
14,0,PSjGjQXK,YXOKWXAw,2563.0
712,0,qdrjbHYS,ozAxYCwR,194.0
712,0,awOEKaEj,qdrjbHYS,3095.0
712,0,fFHpEWYG,awOEKaEj,3334.0
712,0,jOxyxYyy,fFHpEWYG,3704.0
712,0,gGlRqksC,jOxyxYyy,3704.0
712,0,GRRjUQxz,gGlRqksC,3704.0
712,0,MlQcmexA,GRRjUQxz,3704.0
712,0,vISVJoyz,MlQcmexA,1883.0
712,0,RHWjHSWx,vISVJoyz,1883.0
712,0,VpmqCJUB,RHWjHSWx,2405.0
712,0,EvIZgaUF,VpmqCJUB,2301.0
712,0,mGgwEHaG,EvIZgaUF,2301.0
712,0,DWuGRWkF,mGgwEHaG,2301.0
712,0,ryMrZCSE,DWuGRWkF,2282.0
712,0,fRxWIrbs,ryMrZCSE,1884.0
712,0,QrdELzCu,fRxWIrbs,1892.0
712,0,YvwQRHTE,QrdELzCu,1892.0
712,0,HJTsgSzj,YvwQRHTE,1892.0
679,0,twMezfOU,LRmPOeoe,662.0
679,0,XXPGaRGh,jKjAXpVP,1057.0
679,0,IMtkgxTU,XXPGaRGh,1057.0
679,0,MlQcmexA,IMtkgxTU,1057.0
679,0,RHWjHSWx,MlQcmexA,860.0
679,0,EvIZgaUF,RHWjHSWx,1147.0
679,0,mGgwEHaG,EvIZgaUF,1117.0
679,0,DWuGRWkF,mGgwEHaG,1117.0
679,0,ryMrZCSE,DWuGRWkF,1138.0
679,0,fRxWIrbs,ryMrZCSE,1962.0
679,0,QrdELzCu,fRxWIrbs,1960.0
679,0,YvwQRHTE,QrdELzCu,1960.0
679,0,HJTsgSzj,YvwQRHTE,1960.0
679,0,TcTonWJL,HJTsgSzj,2796.0
679,0,VCDwRKse,TcTonWJL,3194.0
679,0,lZYsrfVZ,VCDwRKse,3194.0
273,0,fFHpEWYG,FcOkCcps,1750.0
108,0,pzcCDVmZ,TCBUGaZf,9444.0
108,0,oUmVLfUX,pzcCDVmZ,9445.0
108,0,fJdABIlw,oUmVLfUX,9445.0
108,0,mXwfazRz,fJdABIlw,9995.0
108,0,rBcVngYR,mXwfazRz,10021.0
108,0,NGAodVTg,rBcVngYR,10485.0
108,0,TvGyfQSI,NGAodVTg,10511.0
108,0,HFYkXdPG,TvGyfQSI,10680.0
108,0,KjgVoxgR,HFYkXdPG,11242.0
108,0,xTOrUJFO,KjgVoxgR,11041.0
108,0,WdOwNGhj,xfbmoJHP,5818.0
108,0,kKKRBhFF,WdOwNGhj,5822.0
108,0,NFInfBeu,kKKRBhFF,6354.0
108,0,VCQdmIoF,NFInfBeu,6354.0
108,0,ePrpofUw,VCQdmIoF,6354.0
108,0,KcvPUxQg,ePrpofUw,7197.0
108,0,BlnSxBAr,KcvPUxQg,7453.0
108,0,TCBUGaZf,BlnSxBAr,7551.0
477,0,oeGMQkdJ,rDSiGFpR,2911.0
477,0,vkAUVqtk,oeGMQkdJ,3298.0
477,0,ifLglfbO,vkAUVqtk,3298.0
477,0,hgHcWJof,ifLglfbO,3291.0
477,0,vBGGqNND,hgHcWJof,3291.0
477,0,oFGeBzfg,vBGGqNND,949.0
477,0,ZAvLUFLU,oFGeBzfg,949.0
477,0,iBiVOFur,ZAvLUFLU,949.0
477,0,AjJCgCBk,iBiVOFur,1653.0
477,0,jFmPCmzM,AjJCgCBk,1411.0
477,0,fkZFUNSd,jFmPCmzM,750.0
477,0,cttUtMNm,fkZFUNSd,750.0
457,0,suszCmcx,ojYgsDtJ,37.0
457,0,AHQzSmld,suszCmcx,38.0
457,0,lXxeIKQj,AHQzSmld,38.0
457,0,UWSJuCAz,lXxeIKQj,38.0
457,0,xfYjeqNM,UWSJuCAz,38.0
457,0,nrUfCQxz,xfYjeqNM,38.0
457,0,vJitwYAE,nrUfCQxz,38.0
457,0,iBiVOFur,vJitwYAE,38.0
457,0,SWnceHEw,iBiVOFur,39.0
457,0,AjJCgCBk,SWnceHEw,39.0
457,0,jFmPCmzM,AjJCgCBk,39.0
457,0,TrOiZJox,jFmPCmzM,39.0
457,0,fkZFUNSd,TrOiZJox,32.0
457,0,lTemnVVF,fkZFUNSd,32.0
457,0,pYVbvizw,lTemnVVF,32.0
457,0,vUKUaFbz,pYVbvizw,32.0
457,0,DRkcXziO,PbNNbEKu,2.0
457,0,fTOPrrgc,DRkcXziO,2.0
457,0,ErjukRDc,fTOPrrgc,2.0
457,0,ojYgsDtJ,ErjukRDc,2.0
684,0,aIerxCRO,lxSUNwOi,3036.0
684,0,ZHaurlhr,aIerxCRO,3036.0
684,0,KMDYeUKg,ZHaurlhr,2979.0
684,0,FrlvFFoW,KMDYeUKg,2383.0
684,0,buBFkWue,FrlvFFoW,2525.0
684,0,gaeBmadp,buBFkWue,2564.0
684,0,CpnDMnJS,gaeBmadp,2564.0
684,0,fSmTHZJS,CpnDMnJS,2557.0
684,0,WSTcrrBn,fSmTHZJS,2264.0
684,0,mayUcTNe,WSTcrrBn,2263.0
684,0,DyPueDjA,mayUcTNe,2263.0
684,0,qMoZNsgo,DyPueDjA,2268.0
684,0,udNzSSji,qMoZNsgo,2268.0
684,0,uKKyuZyC,udNzSSji,2268.0
684,0,GhNbXpjs,uKKyuZyC,2229.0
480,0,RDRtuZUD,FliRNcXy,526.0
480,0,HRxXRUxZ,RDRtuZUD,526.0
480,0,TiulEaYs,HRxXRUxZ,526.0
480,0,dwUntJQR,TiulEaYs,790.0
480,0,VQMcZIwA,dwUntJQR,790.0
480,0,RyfxjoUl,VQMcZIwA,987.0
480,0,QIQMIQBO,RyfxjoUl,863.0
480,0,hOGVczfj,QIQMIQBO,824.0
480,0,kXtCwJQx,hOGVczfj,728.0
480,0,UZvsWvxC,kXtCwJQx,728.0
480,0,Afgbwxue,UZvsWvxC,731.0
480,0,yHOAvGcL,Afgbwxue,731.0
480,0,cPCRxZjy,yHOAvGcL,320.0
480,0,qpacHTVx,cPCRxZjy,473.0
480,0,XFLojCJa,qpacHTVx,473.0
1744,0,XAxmwtqw,aFlzccOO,4687.0
1744,0,ThGrfpxl,XAxmwtqw,4687.0
1744,0,TUpCuZAw,ThGrfpxl,4515.0
1744,0,HYfXIyFk,TUpCuZAw,4515.0
1744,0,oQvXmJfL,HYfXIyFk,4514.0
1744,0,yayPNqiY,oQvXmJfL,4707.0
1744,0,pOvHFZPM,yayPNqiY,4707.0
1744,0,hOGVczfj,pOvHFZPM,4655.0
1744,0,kXtCwJQx,hOGVczfj,4751.0
1744,0,UZvsWvxC,kXtCwJQx,4751.0
1744,0,Afgbwxue,UZvsWvxC,4806.0
1744,0,yHOAvGcL,Afgbwxue,4643.0
1744,0,AHQzSmld,yHOAvGcL,4590.0
1744,0,UWSJuCAz,AHQzSmld,5574.0
684,0,biJBLznK,UfJDroVz,2120.0
684,0,TcsyXYNn,biJBLznK,2120.0
684,0,qKeCDDXI,TcsyXYNn,2120.0
684,0,YmkUpvHU,qKeCDDXI,2795.0
684,0,GbYxEXTt,YmkUpvHU,3282.0
684,0,DOGyniWl,GbYxEXTt,2065.0
684,0,fubLBmAl,DOGyniWl,2333.0
684,0,nEXpIbiD,fubLBmAl,2333.0
684,0,eTJQHplR,nEXpIbiD,2335.0
684,0,vrgENeuF,eTJQHplR,3246.0
684,0,lxSUNwOi,vrgENeuF,2970.0
684,0,QontmjvH,JIllbhjr,1041.0
684,0,oBtsEQRM,QontmjvH,1041.0
684,0,UFoaQvGg,oBtsEQRM,1926.0
684,0,uxsctOEt,UFoaQvGg,1926.0
684,0,UfJDroVz,uxsctOEt,1966.0
1245,0,jQaLNViL,gyQqEnFq,569.0
1245,0,VnwdBPma,jQaLNViL,616.0
1750,0,GpnhEWuy,QDIpIlEK,1510.0
1750,0,rRGVruPM,GpnhEWuy,1510.0
1750,0,YmkUpvHU,rRGVruPM,1477.0
1750,0,GbYxEXTt,YmkUpvHU,1477.0
1750,0,DOGyniWl,GbYxEXTt,1226.0
1750,0,fubLBmAl,DOGyniWl,1226.0
1750,0,nEXpIbiD,fubLBmAl,1226.0
1750,0,eTJQHplR,nEXpIbiD,1119.0
1296,0,BLvXEzeq,gzTQJVMW,14430.0
1296,0,AoRkaUmb,BLvXEzeq,14562.0
1296,0,ALhaazBT,AoRkaUmb,14562.0
1296,0,YqlTLIQa,ALhaazBT,15633.0
1296,0,AUmOMGnp,YqlTLIQa,15633.0
1296,0,ejMjPdTH,AUmOMGnp,15805.0
1296,0,eaNsVWDR,ejMjPdTH,16850.0
365,0,DgYBMgPg,mhsyTQmZ,2918.0
365,0,yjQwxGED,DgYBMgPg,1169.0
365,0,KPcRWbGT,yjQwxGED,1169.0
365,0,uGRyXcfW,KPcRWbGT,1169.0
365,0,HlhFjJtZ,uGRyXcfW,1169.0
365,0,ALhaazBT,HlhFjJtZ,1169.0
365,0,YqlTLIQa,ALhaazBT,1044.0
365,0,AUmOMGnp,YqlTLIQa,1044.0
365,0,SVPLEqNI,AUmOMGnp,1022.0
365,0,ejMjPdTH,SVPLEqNI,351.0
365,0,CKorGRkE,ejMjPdTH,213.0
365,0,eaNsVWDR,CKorGRkE,213.0
365,0,hpACGGyB,eaNsVWDR,213.0
365,0,VgUdLlOW,hpACGGyB,212.0
365,0,ywuGpANM,VgUdLlOW,212.0
365,0,BZCtSmhk,ywuGpANM,138.0
365,0,aojHvPEg,BZCtSmhk,138.0
365,0,qeXIqBgp,aojHvPEg,138.0
365,0,gmsNDepi,qeXIqBgp,138.0
365,0,jFRqfnFl,gmsNDepi,138.0
365,0,ysSWNERo,jFRqfnFl,134.0
1296,0,gzTQJVMW,RVEyrwjR,13370.0
736,0,XLVjRryq,NxbXiMUL,10631.0
736,0,RVEyrwjR,XLVjRryq,11369.0
367,0,GbYxEXTt,YmkUpvHU,2412.0
367,0,DOGyniWl,GbYxEXTt,1681.0
367,0,fubLBmAl,DOGyniWl,1681.0
367,0,nEXpIbiD,fubLBmAl,1616.0
367,0,eTJQHplR,nEXpIbiD,1455.0
673,0,bgWfLree,DsuTXcIa,1181.0
673,0,nUYnioIh,bgWfLree,1181.0
673,0,UAkhVpHN,nUYnioIh,1181.0
673,0,EvIZgaUF,UAkhVpHN,1181.0
673,0,mGgwEHaG,EvIZgaUF,1171.0
673,0,DWuGRWkF,mGgwEHaG,1171.0
673,0,ryMrZCSE,DWuGRWkF,1171.0
673,0,fRxWIrbs,ryMrZCSE,691.0
673,0,sKbmdUEJ,fRxWIrbs,685.0
673,0,zWeVnnxO,sKbmdUEJ,685.0
673,0,kXofjcRp,zWeVnnxO,685.0
673,0,mCHzTQKa,kXofjcRp,482.0
673,0,VCDwRKse,mCHzTQKa,482.0
673,0,lZYsrfVZ,VCDwRKse,482.0
673,0,eOdwAkBF,ydoNqUsu,800.0
673,0,FDCDnriY,eOdwAkBF,800.0
673,0,DsuTXcIa,FDCDnriY,902.0
673,0,enOsQere,LPBTmxgF,242.0
673,0,ydoNqUsu,enOsQere,242.0
481,0,JGbfxLUL,KQSHMGnw,1328.0
481,0,IjwLXBRx,JGbfxLUL,1328.0
481,0,YmbmpLps,IjwLXBRx,1328.0
481,0,nJRBvlcT,YmbmpLps,1427.0
481,0,IkxLwyxa,nJRBvlcT,1697.0
584,0,CorDNIJt,zdEUiAFY,920.0
1198,0,yjunmuoE,IvQQZbJW,354.0
1198,0,ljAgYLSe,yjunmuoE,354.0
1198,0,dTWbWYya,ljAgYLSe,341.0
1198,0,CorDNIJt,dTWbWYya,341.0
584,0,LciqyJfg,CorDNIJt,904.0
584,0,HTcmpFUD,LciqyJfg,904.0
523,0,vMBlttbG,CPPLrzGV,1289.0
523,0,zdEUiAFY,vMBlttbG,1289.0
523,0,CorDNIJt,zdEUiAFY,1289.0
523,0,LciqyJfg,CorDNIJt,801.0
523,0,HTcmpFUD,LciqyJfg,801.0
1198,0,LciqyJfg,CorDNIJt,339.0
1198,0,HTcmpFUD,LciqyJfg,339.0
1198,0,dBTDkDZt,gOJphFVT,1752.0
1198,0,tldUULAx,dBTDkDZt,2460.0
187,0,AszcEtOu,BpAiVnps,1364.0
187,0,TCqyxHhF,AszcEtOu,1690.0
187,0,BHzRSlej,TCqyxHhF,1690.0
187,0,yjunmuoE,IvQQZbJW,350.0
187,0,ljAgYLSe,yjunmuoE,350.0
187,0,dTWbWYya,ljAgYLSe,350.0
187,0,CorDNIJt,dTWbWYya,350.0
187,0,LciqyJfg,CorDNIJt,350.0
187,0,HTcmpFUD,LciqyJfg,350.0
990,0,gmiMCrrb,EdJUuxct,7068.0
186,0,OeKkfJSz,HTcmpFUD,591.0
186,0,FZjXRNIl,OeKkfJSz,591.0
186,0,wHSBMatn,FZjXRNIl,591.0
186,0,pbVrXoGi,wHSBMatn,591.0
186,0,GuhaYkFL,pbVrXoGi,605.0
186,0,EdJUuxct,GuhaYkFL,605.0
186,0,gmiMCrrb,EdJUuxct,530.0
973,0,TCMQvOqy,sUAChhLU,2416.0
973,0,JyqrAKLu,TCMQvOqy,2482.0
973,0,XxhwFmzZ,JyqrAKLu,2482.0
973,0,GQmprOhw,XxhwFmzZ,1945.0
973,0,aWeAvoyP,GQmprOhw,1982.0
973,0,exnIZrMP,aWeAvoyP,1982.0
973,0,zoqWMrrO,exnIZrMP,1994.0
973,0,WSMobtPt,zoqWMrrO,1994.0
973,0,ClDeGdta,WSMobtPt,1994.0
973,0,PqoYMtMO,ClDeGdta,791.0
1689,0,oizEKkjz,YyUbakrH,35.0
1689,0,wqmVlyfa,oizEKkjz,79.0
1689,0,JvDZYJph,wqmVlyfa,79.0
1689,0,gdbAGAQU,JvDZYJph,266.0
1689,0,tBgOcvQf,gdbAGAQU,266.0
170,0,YoEMZEcq,qCZHeqZn,420.0
177,0,qkTCgKXX,YoEMZEcq,398.0
177,0,XjSQdTLS,qkTCgKXX,398.0
965,0,XVbubuGa,OwpcAtJV,343.0
965,0,iuOUwLky,XVbubuGa,343.0
965,0,nZnozRfz,iuOUwLky,343.0
965,0,ozAxYCwR,nZnozRfz,343.0
1052,0,xokKvraT,INegqJKU,132.0
1052,0,HaSZVkzu,xokKvraT,132.0
1052,0,yjaYbUGq,HaSZVkzu,132.0
1052,0,LbyQgJih,yjaYbUGq,132.0
1052,0,FPXdCAOW,LbyQgJih,132.0
1052,0,ouHKxPGS,FPXdCAOW,132.0
1052,0,TimDJQqX,ouHKxPGS,174.0
1052,0,buoLtkoi,TimDJQqX,174.0
1052,0,NEOaVWFJ,buoLtkoi,190.0
1052,0,RBwynnQe,NEOaVWFJ,190.0
1058,0,INegqJKU,AGDZrVfo,260.0
1058,0,xokKvraT,INegqJKU,296.0
1058,0,HaSZVkzu,xokKvraT,296.0
1058,0,yjaYbUGq,HaSZVkzu,296.0
1058,0,LbyQgJih,yjaYbUGq,296.0
1058,0,FPXdCAOW,LbyQgJih,296.0
1058,0,ouHKxPGS,FPXdCAOW,296.0
1058,0,GEijdcGW,ouHKxPGS,296.0
1058,0,MKKzwAOv,GEijdcGW,314.0
1058,0,mhDCqtpx,MKKzwAOv,301.0
1058,0,TJDsQDoO,mhDCqtpx,301.0
1058,0,yTictHOU,TJDsQDoO,215.0
1058,0,illGQStO,yTictHOU,215.0
1058,0,AUrIxxcC,illGQStO,215.0
1058,0,zqZasXpA,AUrIxxcC,208.0
1058,0,EYGEAZtD,zqZasXpA,208.0
1058,0,AJLJQqsT,EYGEAZtD,208.0
1058,0,NCSBLEus,AJLJQqsT,204.0
1058,0,xfbmoJHP,NCSBLEus,160.0
712,0,LVcdwgEp,ubzklVlS,2204.0
712,0,xTOrUJFO,LVcdwgEp,2235.0
1408,0,SUVVzOYC,cThdGxLv,327.0
1408,0,dAxtDTje,SUVVzOYC,718.0
1408,0,aunBMooM,dAxtDTje,718.0
1408,0,KGIBfEut,aunBMooM,718.0
1408,0,kiTgZeoH,KGIBfEut,718.0
657,0,TsaeiIGv,EkWBPXmr,3081.0
657,0,OsBkWRQx,TsaeiIGv,3780.0
657,0,udlIzhJE,OsBkWRQx,3780.0
657,0,DeduXMzE,udlIzhJE,3780.0
657,0,GXHjZCTL,DeduXMzE,3780.0
657,0,yolIeCeg,GXHjZCTL,3780.0
657,0,zGyJMIkT,yolIeCeg,3791.0
657,0,YbVmHVTt,zGyJMIkT,4766.0
657,0,ZlnerNQG,YbVmHVTt,4766.0
657,0,FVWAEAei,ZlnerNQG,4771.0
657,0,gVtshwcF,FVWAEAei,4778.0
657,0,LmhVzFNJ,gVtshwcF,4884.0
657,0,CmbQeSBI,LmhVzFNJ,4884.0
657,0,RVyaKvKa,CmbQeSBI,4884.0
657,0,ymMncFZF,RVyaKvKa,4884.0
657,0,OnjVGLlO,ymMncFZF,4884.0
657,0,QKdRzNnX,OnjVGLlO,4884.0
657,0,EQSFTfWT,QKdRzNnX,4985.0
657,0,pHgJPiEB,EQSFTfWT,4985.0
657,0,jLGvGvQf,pHgJPiEB,4985.0
657,0,issQYORv,jLGvGvQf,4985.0
657,0,mgIvIqkL,issQYORv,5056.0
657,0,MdBywaSB,mgIvIqkL,5056.0
1468,0,xwyDeZpB,ZsdtRkBt,398.0
1468,0,aFxztqGh,xwyDeZpB,398.0
1468,0,GiONHkbf,aFxztqGh,434.0
1468,0,QDIpIlEK,GiONHkbf,434.0
1468,0,GpnhEWuy,QDIpIlEK,215.0
1468,0,rRGVruPM,GpnhEWuy,215.0
1468,0,YmkUpvHU,rRGVruPM,215.0
1468,0,GbYxEXTt,YmkUpvHU,215.0
1468,0,DOGyniWl,GbYxEXTt,164.0
1468,0,nEXpIbiD,DOGyniWl,164.0
1468,0,liXJvIPl,PZviXSbJ,257.0
1468,0,mwBDLsCe,liXJvIPl,257.0
1468,0,OsteSFoc,mwBDLsCe,257.0
1468,0,rEXMwzJR,OsteSFoc,257.0
1468,0,ZsdtRkBt,rEXMwzJR,257.0
1468,0,PZviXSbJ,hHvKehYu,20.0
1701,0,gxWBbdrZ,aHsZaffM,789.0
1701,0,mDPYPXHa,gxWBbdrZ,789.0
1701,0,XHLHCkqn,mDPYPXHa,789.0
1419,0,opPTwucI,HOwZAROe,4332.0
1419,0,htzVSGDL,opPTwucI,4415.0
1419,0,KabAcwBq,htzVSGDL,4417.0
1419,0,HAmwZMhM,KabAcwBq,4670.0
565,0,SOzmnmNW,PQDqFTyk,514.0
565,0,OhBAPvsb,SOzmnmNW,500.0
762,0,HqehCtdr,OhBAPvsb,6448.0
762,0,dHuMOmqh,HqehCtdr,5400.0
762,0,mdiSFJRM,dHuMOmqh,5453.0
762,0,ljNlRbnZ,mdiSFJRM,5453.0
736,0,qheIKvdP,bInfxKVp,2797.0
736,0,rBGGtpqI,qheIKvdP,2777.0
736,0,DeWEzUGk,rBGGtpqI,2777.0
736,0,XQiQvefE,DeWEzUGk,2777.0
736,0,OSxOVFcp,XQiQvefE,2777.0
736,0,vjVhbIrq,OSxOVFcp,2777.0
736,0,LeICPOtv,vjVhbIrq,2864.0
736,0,WhCgdKgR,LeICPOtv,2864.0
736,0,eyUKPfnA,WhCgdKgR,2864.0
736,0,TabXWeiJ,eyUKPfnA,3009.0
736,0,tDhKnafe,TabXWeiJ,3009.0
736,0,iGMYbQYg,tDhKnafe,3039.0
736,0,HeSMGtlu,iGMYbQYg,3039.0
736,0,ZgqhsueA,HeSMGtlu,3039.0
736,0,GYxWnXpv,ZgqhsueA,3969.0
736,0,mkpQpPSv,GYxWnXpv,3969.0
736,0,EIHKZlEa,mkpQpPSv,3969.0
736,0,oYdkYEMp,EIHKZlEa,3969.0
736,0,TkHOmLHQ,oYdkYEMp,3969.0
736,0,SwTowoaO,TkHOmLHQ,3969.0
736,0,YvwuVYMF,SwTowoaO,4308.0
600,0,wihERHzN,uiYVYPQX,3.0
227,0,jkmSVBKz,QkCkRebE,982.0
227,0,XwcxmOai,jkmSVBKz,982.0
16,0,GfBReROC,OxhtFIfA,5018.0
16,0,CLjYTiBy,GfBReROC,5018.0
272,0,CEyhPnMH,OQRQrPoA,4574.0
272,0,ogrZorIF,CEyhPnMH,4574.0
272,0,fumBmOZX,ogrZorIF,4585.0
272,0,CLjYTiBy,fumBmOZX,4585.0
1245,0,CEyhPnMH,OQRQrPoA,380.0
1245,0,ogrZorIF,CEyhPnMH,380.0
1245,0,fumBmOZX,ogrZorIF,380.0
1245,0,CLjYTiBy,fumBmOZX,380.0
264,0,CLjYTiBy,fumBmOZX,663.0
594,0,OeXJgkRW,grMhZquG,509.0
594,0,GdpNupee,OeXJgkRW,509.0
594,0,EiybrpzE,GdpNupee,495.0
594,0,YiexuWUO,EiybrpzE,495.0
594,0,NQsRzhNW,YiexuWUO,434.0
594,0,xAJVMHqO,NQsRzhNW,434.0
594,0,dycwBUSP,xAJVMHqO,434.0
594,0,igOcnIRX,dycwBUSP,434.0
594,0,dQYZBhGJ,igOcnIRX,146.0
594,0,iFderoVa,dQYZBhGJ,146.0
594,0,GQmprOhw,iFderoVa,146.0
594,0,CbblRkaH,GQmprOhw,145.0
594,0,BldTZUAI,CbblRkaH,145.0
594,0,nBYHMnkU,BldTZUAI,145.0
594,0,lotPPedu,nBYHMnkU,145.0
594,0,ERIWLSEl,lotPPedu,15.0
594,0,qsoLaWuJ,ERIWLSEl,15.0
594,0,WSBJbplj,qsoLaWuJ,15.0
594,0,THUDGZDu,WSBJbplj,15.0
594,0,XUEgpuYS,THUDGZDu,15.0
594,0,lXZmsBCe,XUEgpuYS,13.0
594,0,oftwwzSy,lXZmsBCe,13.0
594,0,CKNrjFUU,oftwwzSy,13.0
594,0,EtvjcvTp,CKNrjFUU,13.0
594,0,wuyFtExA,EtvjcvTp,11.0
594,0,MrybjzSo,wuyFtExA,11.0
594,0,yrRBvFtZ,MrybjzSo,11.0
594,0,leJfirnk,yrRBvFtZ,10.0
594,0,QRSRIbba,leJfirnk,10.0
594,0,EkCoFwMY,QRSRIbba,10.0
594,0,jqriedgy,EkCoFwMY,10.0
594,0,MTAZIXBL,jqriedgy,10.0
594,0,RkbXqAIs,MTAZIXBL,5.0
594,0,grMhZquG,KwyfuOzT,531.0
1119,0,LggmrEeo,qrudAScT,129.0
1120,0,KmBpjqPf,QImdosgy,133.0
1120,0,BCGYYxEK,KmBpjqPf,125.0
1120,0,Tjttdgfb,BCGYYxEK,125.0
1120,0,kOphzTYx,Tjttdgfb,125.0
1120,0,OqLLMkKT,kOphzTYx,125.0
1120,0,SbpvwGMk,OqLLMkKT,125.0
1120,0,twlXtIzd,SbpvwGMk,125.0
1120,0,dyfuQNKH,twlXtIzd,125.0
1120,0,nJqXilaA,dyfuQNKH,125.0
1120,0,tMAJjHeh,nJqXilaA,125.0
1120,0,LurStVaw,tMAJjHeh,125.0
1120,0,YmJRiEgw,LurStVaw,150.0
1120,0,TmUkjEUt,YmJRiEgw,143.0
1120,0,kIKddsaQ,TmUkjEUt,143.0
1120,0,NqSePdAx,kIKddsaQ,143.0
1120,0,YxYhlArE,NqSePdAx,133.0
1120,0,sAswhpJr,YxYhlArE,133.0
1120,0,VyHGAkTo,sAswhpJr,133.0
1120,0,RrhmmPMm,VyHGAkTo,133.0
1120,0,hqOmlOIp,RrhmmPMm,124.0
1120,0,qJgsxHch,hqOmlOIp,124.0
1120,0,lxplrluY,qJgsxHch,124.0
1120,0,zTJYYUap,lxplrluY,124.0
1120,0,UxPxrYmy,zTJYYUap,124.0
1120,0,ZfNDFPcl,UxPxrYmy,118.0
1120,0,KwXNMHkb,ZfNDFPcl,118.0
1120,0,YxUFlvZH,KwXNMHkb,118.0
1120,0,KMLNQwjh,YxUFlvZH,105.0
1120,0,aDaRCcaB,KMLNQwjh,105.0
1120,0,dQYZBhGJ,aDaRCcaB,105.0
1120,0,iFderoVa,dQYZBhGJ,82.0
1120,0,GQmprOhw,iFderoVa,82.0
1120,0,CbblRkaH,GQmprOhw,70.0
1120,0,BldTZUAI,CbblRkaH,70.0
1120,0,nBYHMnkU,BldTZUAI,70.0
1120,0,lotPPedu,nBYHMnkU,69.0
1120,0,ERIWLSEl,lotPPedu,65.0
1120,0,qsoLaWuJ,ERIWLSEl,65.0
1120,0,WSBJbplj,qsoLaWuJ,65.0
1120,0,THUDGZDu,WSBJbplj,65.0
1120,0,XUEgpuYS,THUDGZDu,65.0
1120,0,lXZmsBCe,XUEgpuYS,61.0
1120,0,oftwwzSy,lXZmsBCe,61.0
1120,0,CKNrjFUU,oftwwzSy,61.0
1120,0,EtvjcvTp,CKNrjFUU,61.0
1120,0,wuyFtExA,EtvjcvTp,52.0
1120,0,MrybjzSo,wuyFtExA,52.0
1120,0,yrRBvFtZ,MrybjzSo,52.0
1120,0,leJfirnk,yrRBvFtZ,50.0
1120,0,QRSRIbba,leJfirnk,50.0
1120,0,EkCoFwMY,QRSRIbba,50.0
1120,0,jqriedgy,EkCoFwMY,50.0
1120,0,MTAZIXBL,jqriedgy,50.0
1120,0,RkbXqAIs,MTAZIXBL,45.0
1120,0,LpwxWatG,rwLqimtK,118.0
1120,0,FbaONibz,LpwxWatG,118.0
1120,0,QImdosgy,FbaONibz,126.0
1120,0,FvRjKBvU,TJeJnSDd,104.0
1120,0,wuQzPlvL,FvRjKBvU,110.0
1120,0,NacgxEEi,wuQzPlvL,110.0
1120,0,ZbMvdFLw,NacgxEEi,110.0
1120,0,JUGtNdnF,ZbMvdFLw,110.0
1120,0,buTfkkhk,JUGtNdnF,110.0
1120,0,rwLqimtK,buTfkkhk,111.0
1088,0,HMbsFjDI,BSkSmoPQ,476.0
1088,0,TPYHEEdQ,HMbsFjDI,476.0
1088,0,RUSqbQft,TPYHEEdQ,476.0
1088,0,XgkALHoJ,RUSqbQft,472.0
1088,0,CLiKvSHW,XgkALHoJ,472.0
1088,0,ZnVCCcBH,CLiKvSHW,472.0
1088,0,OIitzYwb,ZnVCCcBH,472.0
1088,0,pACYXwGf,OIitzYwb,477.0
1088,0,VYHZxBYO,pACYXwGf,477.0
1030,0,sklTQuFm,VYHZxBYO,3360.0
1030,0,QhyQakxZ,sklTQuFm,3360.0
1030,0,yscklMzl,QhyQakxZ,3360.0
1030,0,UDUmRzWP,yscklMzl,3576.0
1030,0,pzSSkNJo,UDUmRzWP,3576.0
1030,0,kVWwehGs,pzSSkNJo,3519.0
1030,0,fnQyKclP,kVWwehGs,3588.0
1030,0,oDVZRjmi,fnQyKclP,3588.0
1030,0,aaeLLxLj,oDVZRjmi,3588.0
657,0,UscCtYui,MdBywaSB,484.0
1703,0,zAAHYQhY,uSOMnpdQ,65.0
1703,0,jUhOGaww,zAAHYQhY,54.0
1703,0,CZhqrbpp,jUhOGaww,54.0
1703,0,BYVXItej,CZhqrbpp,54.0
1703,0,eEFiMPzB,BYVXItej,54.0
1703,0,rQuvSvCO,eEFiMPzB,54.0
1703,0,MpPYcjVn,rQuvSvCO,54.0
1703,0,DewKhksr,MpPYcjVn,54.0
1703,0,vqGhvZJF,DewKhksr,54.0
1703,0,XMWgellz,vqGhvZJF,54.0
626,0,GfBReROC,zXtHnUiq,2065.0
626,0,AjXddPle,GfBReROC,2065.0
729,0,jisQZBDs,mXosqjnx,5.0
729,0,NcoWExwJ,jisQZBDs,4.0
729,0,hygBouPP,NcoWExwJ,4.0
729,0,iPzquFzR,hygBouPP,4.0
729,0,ODNKqRCQ,iPzquFzR,4.0
729,0,ZTCNsviV,ODNKqRCQ,4.0
729,0,GBYHqHQO,ZTCNsviV,4.0
729,0,lBjlyorh,GBYHqHQO,4.0
729,0,apwTQKga,lBjlyorh,4.0
729,0,XNHVHmHa,apwTQKga,4.0
729,0,vGqwislq,XNHVHmHa,4.0
729,0,AwLiWVdI,vGqwislq,4.0
729,0,XBhuaxff,AwLiWVdI,4.0
729,0,ZkIfwknW,XBhuaxff,4.0
729,0,LjPncvCg,ZkIfwknW,4.0
729,0,cYHkZUeY,LjPncvCg,4.0
729,0,JjkwBsaR,cYHkZUeY,4.0
729,0,xWKOjfGB,JjkwBsaR,4.0
729,0,zrJLwXnk,xWKOjfGB,4.0
729,0,LUpTnILf,zrJLwXnk,4.0
729,0,qezgFtTe,LUpTnILf,4.0
729,0,EtAJJbBW,qezgFtTe,4.0
729,0,uPlQduWZ,EtAJJbBW,4.0
729,0,GZZaPhbw,uPlQduWZ,4.0
729,0,EwdOCOAF,GZZaPhbw,4.0
729,0,QGNcLOop,EwdOCOAF,4.0
973,0,CEyhPnMH,OQRQrPoA,2587.0
973,0,ogrZorIF,CEyhPnMH,2587.0
973,0,fumBmOZX,ogrZorIF,2587.0
973,0,CLjYTiBy,fumBmOZX,2587.0
973,0,NuwmOhpA,CLjYTiBy,2601.0
16,0,NuwmOhpA,CLjYTiBy,4066.0
272,0,NuwmOhpA,CLjYTiBy,4475.0
264,0,NuwmOhpA,CLjYTiBy,636.0
14,0,EtvjcvTp,CKNrjFUU,18.0
483,0,CLjYTiBy,fumBmOZX,81.0
483,0,NuwmOhpA,CLjYTiBy,81.0
778,0,kPfQKpcS,wULIWnbW,507.0
778,0,VyooPFNZ,kPfQKpcS,507.0
778,0,JyEnLYHy,VyooPFNZ,507.0
778,0,wcUGKfLa,JyEnLYHy,507.0
778,0,ZJxogzZw,wcUGKfLa,2068.0
778,0,Uacajbua,ZJxogzZw,2068.0
778,0,ZLCIvgrp,Uacajbua,2068.0
778,0,ucVTqZIB,ZLCIvgrp,1985.0
778,0,FDrhtNjK,ucVTqZIB,1985.0
778,0,YVGWiGkc,FDrhtNjK,1985.0
778,0,CqPWXNIf,YVGWiGkc,1985.0
778,0,iZfXNAue,CqPWXNIf,1955.0
778,0,OXvlrfnG,iZfXNAue,2362.0
778,0,CgMBzfIg,OXvlrfnG,2415.0
778,0,BCwVkMhO,CgMBzfIg,2415.0
778,0,MpBHVRZl,BCwVkMhO,2406.0
994,0,BWKNZpmt,VriUyyDM,2761.0
994,0,hMBIVszx,BWKNZpmt,2772.0
994,0,JgVaSAtG,hMBIVszx,2772.0
778,0,YBkSbJNR,mBrhAdeU,504.0
778,0,xsVxMJpx,YBkSbJNR,504.0
778,0,wULIWnbW,xsVxMJpx,504.0
778,0,mBrhAdeU,ZKmlngva,476.0
319,0,ZrWksDco,kYpOneyC,1.0
319,0,SNVRXPiu,ZrWksDco,7.0
319,0,NzFpkpXH,SNVRXPiu,7.0
319,0,EVcIyerQ,NzFpkpXH,7.0
319,0,dEEWjOTq,EVcIyerQ,7.0
319,0,UlOflIKh,dEEWjOTq,7.0
319,0,cHhWsWUg,UlOflIKh,337.0
319,0,nPkrzCty,cHhWsWUg,337.0
973,0,EXHVDpee,NuwmOhpA,2536.0
973,0,NkWMDpBL,EXHVDpee,2544.0
16,0,EXHVDpee,NuwmOhpA,3517.0
16,0,NkWMDpBL,EXHVDpee,3437.0
272,0,EXHVDpee,NuwmOhpA,2657.0
272,0,NkWMDpBL,EXHVDpee,2657.0
1193,0,aVjdmBcp,FDPmqphv,441.0
1193,0,isVKhOXG,aVjdmBcp,441.0
1193,0,OWkTamRc,isVKhOXG,441.0
1193,0,tWpVdCtj,ArHpJhVJ,1033.0
1193,0,EdJUuxct,tWpVdCtj,1033.0
1193,0,gmiMCrrb,EdJUuxct,1113.0
1193,0,OoNwiPDT,gmiMCrrb,2149.0
1193,0,ftvNhZKM,OoNwiPDT,2149.0
1193,0,KLTxOJqh,ftvNhZKM,2149.0
1193,0,IURTQlCB,KLTxOJqh,2149.0
973,0,TurKlwMz,NkWMDpBL,2644.0
973,0,OSkPauJr,TurKlwMz,2720.0
973,0,NdVNfPps,OSkPauJr,2721.0
1193,0,neNWquOh,EkWBPXmr,88.0
1193,0,KwaxxmSs,neNWquOh,88.0
1193,0,PSjGjQXK,KwaxxmSs,88.0
1193,0,FDPmqphv,PSjGjQXK,436.0
621,0,DeduXMzE,udlIzhJE,183.0
621,0,GXHjZCTL,DeduXMzE,183.0
621,0,yolIeCeg,GXHjZCTL,183.0
621,0,ozAxYCwR,yolIeCeg,183.0
621,0,qdrjbHYS,ozAxYCwR,183.0
621,0,AKdDiXyV,qdrjbHYS,223.0
621,0,kZdBhxvo,AKdDiXyV,312.0
621,0,ZBkAAevT,kZdBhxvo,312.0
621,0,cMinRgYB,ZBkAAevT,312.0
621,0,LRmPOeoe,cMinRgYB,312.0
621,0,tBNXSyMW,LRmPOeoe,312.0
621,0,ArHpJhVJ,tBNXSyMW,315.0
621,0,tWpVdCtj,ArHpJhVJ,315.0
621,0,EdJUuxct,tWpVdCtj,315.0
621,0,gmiMCrrb,EdJUuxct,315.0
621,0,OoNwiPDT,gmiMCrrb,315.0
621,0,ftvNhZKM,OoNwiPDT,315.0
621,0,KLTxOJqh,ftvNhZKM,315.0
621,0,idAQxYim,KLTxOJqh,315.0
990,0,DzkWADkh,gmiMCrrb,6624.0
984,0,VXthmpcS,vCGIyJLJ,1107.0
984,0,xuEvBBdE,VXthmpcS,1137.0
984,0,rAizOLWV,xuEvBBdE,1137.0
984,0,JdZarNsv,rAizOLWV,1120.0
984,0,NmilzqZp,JdZarNsv,1120.0
984,0,TCMQvOqy,NmilzqZp,978.0
973,0,cNHGbHfW,NdVNfPps,2739.0
973,0,RqfbhkOP,cNHGbHfW,2739.0
973,0,sUAChhLU,RqfbhkOP,2739.0
621,0,OsBkWRQx,TsaeiIGv,150.0
621,0,udlIzhJE,OsBkWRQx,154.0
1472,0,hxSTJhOz,rDSiGFpR,2302.0
1472,0,TShNRujB,hxSTJhOz,2302.0
1472,0,gzZgDndk,TShNRujB,103.0
215,0,jsnedRvy,ORsEDdLG,481.0
215,0,PpWfKRbL,jsnedRvy,481.0
215,0,aaSaUDum,PpWfKRbL,396.0
215,0,cmBFyxQG,aaSaUDum,281.0
621,0,TsaeiIGv,EkWBPXmr,81.0
621,0,ldInPGbn,idAQxYim,583.0
621,0,WGEhEMgb,ldInPGbn,810.0
621,0,WblAIghg,WGEhEMgb,810.0
621,0,yXfOYhmg,WblAIghg,810.0
1622,0,YstCZidS,qaJzTzwj,1967.0
1622,0,sHyVyxBf,YstCZidS,1967.0
1622,0,OGOfNBpR,sHyVyxBf,1964.0
1622,0,apZtGMSe,OGOfNBpR,1964.0
1622,0,busLwOKM,apZtGMSe,1766.0
1622,0,BRTaWOYs,busLwOKM,1766.0
1622,0,aYSqaQmJ,BRTaWOYs,1675.0
1622,0,PjfwSZnl,aYSqaQmJ,111.0
1622,0,vSdfqYeK,PjfwSZnl,77.0
1270,0,jIerKxIb,vSdfqYeK,3.0
1270,0,IubGYoNi,jIerKxIb,3.0
1270,0,fmQEzQWV,IubGYoNi,3.0
1270,0,BpAiVnps,fmQEzQWV,3.0
1270,0,AszcEtOu,BpAiVnps,3.0
1270,0,TCqyxHhF,AszcEtOu,3.0
1270,0,TcEVvOUM,TCqyxHhF,3.0
1270,0,qGnNRXVR,TcEVvOUM,3.0
1270,0,ouPwTbuD,qGnNRXVR,3.0
1270,0,MwLdaJul,ouPwTbuD,3.0
1270,0,QUMnpJQp,MwLdaJul,3.0
1270,0,FyIjwLBj,QUMnpJQp,3.0
1270,0,vXPGJwVk,FyIjwLBj,3.0
1270,0,qzuHypgA,vXPGJwVk,3.0
1270,0,KCMgfriT,qzuHypgA,3.0
1270,0,hVMLOzME,KCMgfriT,3.0
1270,0,TDvESTZN,hVMLOzME,3.0
1270,0,sNuKvPuW,TDvESTZN,3.0
1270,0,AUBTKFbY,sNuKvPuW,3.0
1270,0,fjevhefZ,AUBTKFbY,3.0
1270,0,vyQyYYqJ,fjevhefZ,3.0
1270,0,ztLkgYlA,vyQyYYqJ,3.0
1270,0,OoNwiPDT,ztLkgYlA,3.0
1270,0,ftvNhZKM,OoNwiPDT,3.0
1270,0,KLTxOJqh,ftvNhZKM,3.0
1270,0,idAQxYim,KLTxOJqh,3.0
1270,0,ldInPGbn,idAQxYim,3.0
1270,0,WGEhEMgb,ldInPGbn,3.0
1270,0,WblAIghg,WGEhEMgb,3.0
1270,0,yXfOYhmg,WblAIghg,3.0
626,0,RjboLjDb,AjXddPle,2066.0
626,0,FyJXToWe,RjboLjDb,2066.0
626,0,rINNylNh,FyJXToWe,2066.0
264,0,EXHVDpee,NuwmOhpA,419.0
264,0,NkWMDpBL,EXHVDpee,419.0
264,0,TurKlwMz,NkWMDpBL,419.0
16,0,TurKlwMz,NkWMDpBL,3413.0
272,0,TurKlwMz,NkWMDpBL,2528.0
1193,0,ojINhgSe,IURTQlCB,2201.0
1193,0,SiflCzMU,ojINhgSe,2201.0
1194,0,hTaJTejf,XjSQdTLS,202.0
1194,0,AvILYntX,hTaJTejf,202.0
1194,0,BGAyznqC,AvILYntX,210.0
1194,0,PUIIuxlM,BGAyznqC,210.0
1194,0,qkTCgKXX,YoEMZEcq,12.0
1194,0,XjSQdTLS,qkTCgKXX,12.0
174,0,AszcEtOu,BpAiVnps,165.0
174,0,TCqyxHhF,AszcEtOu,200.0
174,0,TcEVvOUM,TCqyxHhF,200.0
174,0,qGnNRXVR,TcEVvOUM,200.0
174,0,ouPwTbuD,qGnNRXVR,200.0
174,0,MwLdaJul,ouPwTbuD,200.0
174,0,QUMnpJQp,MwLdaJul,284.0
174,0,FyIjwLBj,QUMnpJQp,314.0
174,0,vXPGJwVk,FyIjwLBj,314.0
174,0,qzuHypgA,vXPGJwVk,314.0
174,0,KCMgfriT,qzuHypgA,333.0
174,0,hVMLOzME,KCMgfriT,375.0
174,0,TDvESTZN,hVMLOzME,375.0
174,0,sNuKvPuW,TDvESTZN,383.0
174,0,AUBTKFbY,sNuKvPuW,383.0
174,0,fjevhefZ,AUBTKFbY,533.0
174,0,vyQyYYqJ,fjevhefZ,537.0
174,0,ztLkgYlA,vyQyYYqJ,537.0
174,0,OoNwiPDT,ztLkgYlA,537.0
174,0,ftvNhZKM,OoNwiPDT,537.0
174,0,KLTxOJqh,ftvNhZKM,537.0
174,0,IURTQlCB,KLTxOJqh,537.0
174,0,ojINhgSe,IURTQlCB,537.0
452,0,QHFmFyLR,EkWBPXmr,2534.0
452,0,neNWquOh,QHFmFyLR,2534.0
452,0,KwaxxmSs,neNWquOh,2552.0
452,0,PSjGjQXK,KwaxxmSs,2556.0
452,0,FDPmqphv,PSjGjQXK,5321.0
452,0,aVjdmBcp,FDPmqphv,5448.0
452,0,nusTHAtB,aVjdmBcp,5448.0
452,0,isVKhOXG,nusTHAtB,5475.0
452,0,OWkTamRc,isVKhOXG,5445.0
452,0,RkIYOvZu,bvSKVAYv,6259.0
452,0,ygKQkAfU,RkIYOvZu,6259.0
452,0,blwWmPPo,ygKQkAfU,7949.0
452,0,GWhCmjED,blwWmPPo,9025.0
452,0,dYaEdzoO,GWhCmjED,9244.0
452,0,LoxEXWve,dYaEdzoO,9244.0
1744,0,dulnZXnF,yMiwNCtj,6216.0
1744,0,RkIYOvZu,dulnZXnF,6216.0
1744,0,ygKQkAfU,RkIYOvZu,6216.0
1744,0,blwWmPPo,ygKQkAfU,3501.0
1744,0,ufLmazVu,blwWmPPo,3501.0
215,0,LoxEXWve,JovbzjVh,1202.0
670,0,hCxxcqWU,IOcMwGKn,964.0
670,0,qMoZNsgo,hCxxcqWU,964.0
670,0,udNzSSji,qMoZNsgo,964.0
670,0,uKKyuZyC,udNzSSji,964.0
670,0,GhNbXpjs,uKKyuZyC,964.0
670,0,KTHxRvtW,GhNbXpjs,964.0
670,0,gRVxNCAP,KTHxRvtW,1081.0
670,0,nJRBvlcT,gRVxNCAP,1081.0
670,0,IkxLwyxa,nJRBvlcT,1170.0
670,0,CYSggHNR,IkxLwyxa,1385.0
670,0,VhgapMoa,CYSggHNR,1385.0
670,0,dKbqWpcD,VhgapMoa,1385.0
670,0,zYpZYpOA,dKbqWpcD,1385.0
670,0,xbeOVhLE,zYpZYpOA,1859.0
670,0,IpBcScgC,xbeOVhLE,1860.0
670,0,aYvzRwqU,IpBcScgC,1860.0
670,0,mWygMrMb,aYvzRwqU,1860.0
670,0,dulnZXnF,mWygMrMb,1860.0
670,0,RkIYOvZu,dulnZXnF,1860.0
670,0,ygKQkAfU,RkIYOvZu,1860.0
670,0,ufLmazVu,ygKQkAfU,1206.0
670,0,qDeoslSZ,ufLmazVu,1203.0
670,0,JovbzjVh,qDeoslSZ,691.0
670,0,dYaEdzoO,JovbzjVh,697.0
670,0,TIoMzhxD,dYaEdzoO,697.0
670,0,IOcMwGKn,ybjkPLXB,546.0
311,0,AszcEtOu,BpAiVnps,2723.0
311,0,TcEVvOUM,AszcEtOu,2909.0
311,0,qGnNRXVR,TcEVvOUM,2909.0
311,0,MwLdaJul,qGnNRXVR,2908.0
311,0,QUMnpJQp,MwLdaJul,1645.0
311,0,FyIjwLBj,QUMnpJQp,1510.0
311,0,vXPGJwVk,FyIjwLBj,1279.0
311,0,EYCnMsAF,vXPGJwVk,1275.0
311,0,XjEyEHqT,EYCnMsAF,1275.0
311,0,IvqxNjHK,XjEyEHqT,1275.0
311,0,SyrqOGJb,IvqxNjHK,1221.0
311,0,NcLanIdZ,SyrqOGJb,1220.0
311,0,pTpnumHG,NcLanIdZ,899.0
214,0,XjEyEHqT,EYCnMsAF,404.0
214,0,IvqxNjHK,XjEyEHqT,523.0
214,0,SyrqOGJb,IvqxNjHK,522.0
214,0,ydoNqUsu,OyNIynZV,763.0
174,0,pFAoJEPO,ojINhgSe,384.0
174,0,fCvqoWrT,pFAoJEPO,384.0
174,0,yRpreQRc,fCvqoWrT,350.0
174,0,QaQvGPmN,yRpreQRc,268.0
174,0,HNYicgCh,QaQvGPmN,268.0
174,0,RVNzMGgw,HNYicgCh,244.0
174,0,PqoYMtMO,RVNzMGgw,244.0
971,0,dKSFzIqs,XjSQdTLS,164.0
1690,0,bCOJrgoA,tMEROJFH,47.0
1690,0,RQiSRtZp,bCOJrgoA,50.0
1690,0,lQHWhrGj,RQiSRtZp,52.0
1690,0,OOOhsNkv,lQHWhrGj,52.0
1690,0,CgcphXSb,OOOhsNkv,52.0
1690,0,texSWQet,CgcphXSb,52.0
1690,0,lxBswvKX,texSWQet,52.0
1690,0,KLTxOJqh,lxBswvKX,77.0
1690,0,idAQxYim,KLTxOJqh,77.0
1690,0,rfNgKlRc,idAQxYim,79.0
1690,0,BIvEdfHJ,rfNgKlRc,79.0
16,0,JvVxAKet,TurKlwMz,3388.0
272,0,oVNIhiyF,TurKlwMz,2451.0
264,0,oVNIhiyF,TurKlwMz,415.0
483,0,EXHVDpee,NuwmOhpA,36.0
483,0,NkWMDpBL,EXHVDpee,36.0
483,0,TurKlwMz,NkWMDpBL,36.0
483,0,oVNIhiyF,TurKlwMz,36.0
1193,0,fCvqoWrT,SiflCzMU,1723.0
1193,0,yRpreQRc,fCvqoWrT,1635.0
1193,0,QaQvGPmN,yRpreQRc,1493.0
1193,0,HNYicgCh,QaQvGPmN,1416.0
1193,0,RVNzMGgw,HNYicgCh,1371.0
1193,0,PqoYMtMO,RVNzMGgw,1371.0
657,0,cNHGbHfW,UscCtYui,401.0
657,0,RqfbhkOP,cNHGbHfW,401.0
657,0,sUAChhLU,RqfbhkOP,401.0
657,0,TCMQvOqy,sUAChhLU,170.0
657,0,JyqrAKLu,TCMQvOqy,169.0
657,0,XxhwFmzZ,JyqrAKLu,169.0
657,0,sonNAVmZ,XxhwFmzZ,169.0
657,0,aWeAvoyP,sonNAVmZ,131.0
657,0,exnIZrMP,aWeAvoyP,131.0
657,0,zoqWMrrO,exnIZrMP,131.0
657,0,WSMobtPt,zoqWMrrO,131.0
657,0,ClDeGdta,WSMobtPt,131.0
599,0,ijmqRmKp,roHCvggS,17.0
599,0,wQzAWTmt,ijmqRmKp,13.0
599,0,VVXTrukI,wQzAWTmt,13.0
599,0,dmAPiPeK,VVXTrukI,12.0
599,0,FXuJEVFo,dmAPiPeK,12.0
599,0,NcjHcLny,FXuJEVFo,12.0
599,0,ZpEHfPul,NcjHcLny,12.0
599,0,geoeexsQ,ZpEHfPul,12.0
599,0,yRpreQRc,geoeexsQ,12.0
599,0,QaQvGPmN,yRpreQRc,12.0
599,0,HNYicgCh,QaQvGPmN,12.0
599,0,RVNzMGgw,HNYicgCh,12.0
599,0,dKSFzIqs,RVNzMGgw,12.0
215,0,ORsEDdLG,qqQgwpPP,636.0
1690,0,MbjjKgbE,OTfWLQWk,6.0
16,0,bbaQRYSI,JvVxAKet,2581.0
16,0,lDHqxCQW,bbaQRYSI,2581.0
16,0,qGgPbtbT,lDHqxCQW,2581.0
272,0,bbaQRYSI,oVNIhiyF,1469.0
272,0,lDHqxCQW,bbaQRYSI,1469.0
272,0,qGgPbtbT,lDHqxCQW,1469.0
264,0,bbaQRYSI,oVNIhiyF,256.0
264,0,lDHqxCQW,bbaQRYSI,256.0
264,0,qGgPbtbT,lDHqxCQW,256.0
599,0,QeEdlYuU,dKSFzIqs,11.0
599,0,LXDQjYxM,QeEdlYuU,11.0
599,0,qVzVrWDp,LXDQjYxM,11.0
599,0,IuRRuHdp,qVzVrWDp,11.0
599,0,agmUQnfF,IuRRuHdp,11.0
599,0,CbblRkaH,agmUQnfF,11.0
599,0,BldTZUAI,CbblRkaH,11.0
599,0,nBYHMnkU,BldTZUAI,11.0
599,0,lotPPedu,nBYHMnkU,11.0
599,0,ERIWLSEl,lotPPedu,10.0
599,0,qsoLaWuJ,ERIWLSEl,10.0
599,0,WSBJbplj,qsoLaWuJ,10.0
599,0,THUDGZDu,WSBJbplj,10.0
599,0,XUEgpuYS,THUDGZDu,10.0
599,0,lXZmsBCe,XUEgpuYS,4.0
599,0,oftwwzSy,lXZmsBCe,4.0
599,0,CKNrjFUU,oftwwzSy,4.0
1057,0,tTbFYEPP,eIBTCCCb,243.0
483,0,bbaQRYSI,oVNIhiyF,25.0
483,0,lDHqxCQW,bbaQRYSI,25.0
483,0,qGgPbtbT,lDHqxCQW,25.0
990,0,MjMnNBLG,DzkWADkh,6550.0
990,0,XiRzIewe,MjMnNBLG,6550.0
990,0,HEshVETB,XiRzIewe,7449.0
106,0,TCqyxHhF,AszcEtOu,10266.0
106,0,TcEVvOUM,TCqyxHhF,10297.0
106,0,qGnNRXVR,TcEVvOUM,10330.0
106,0,ouPwTbuD,qGnNRXVR,10330.0
106,0,MwLdaJul,ouPwTbuD,10532.0
106,0,QUMnpJQp,MwLdaJul,10903.0
106,0,FyIjwLBj,QUMnpJQp,10691.0
106,0,vXPGJwVk,FyIjwLBj,10519.0
106,0,GjiyfRqd,vXPGJwVk,10487.0
106,0,qzuHypgA,GjiyfRqd,9963.0
106,0,KCMgfriT,qzuHypgA,9971.0
106,0,hVMLOzME,KCMgfriT,9605.0
106,0,TDvESTZN,hVMLOzME,9605.0
179,0,OoNwiPDT,ztLkgYlA,146.0
179,0,ftvNhZKM,OoNwiPDT,146.0
179,0,KLTxOJqh,ftvNhZKM,146.0
179,0,IURTQlCB,KLTxOJqh,146.0
179,0,ojINhgSe,IURTQlCB,191.0
179,0,pFAoJEPO,ojINhgSe,191.0
179,0,fCvqoWrT,pFAoJEPO,191.0
179,0,yRpreQRc,fCvqoWrT,200.0
179,0,QaQvGPmN,yRpreQRc,204.0
179,0,HNYicgCh,QaQvGPmN,204.0
179,0,RVNzMGgw,HNYicgCh,204.0
179,0,dKSFzIqs,RVNzMGgw,204.0
179,0,QeEdlYuU,dKSFzIqs,204.0
179,0,LXDQjYxM,QeEdlYuU,204.0
179,0,qVzVrWDp,LXDQjYxM,204.0
179,0,IuRRuHdp,qVzVrWDp,204.0
179,0,agmUQnfF,IuRRuHdp,204.0
179,0,CbblRkaH,agmUQnfF,204.0
179,0,BldTZUAI,CbblRkaH,204.0
179,0,nBYHMnkU,BldTZUAI,204.0
179,0,lotPPedu,nBYHMnkU,204.0
984,0,bbaQRYSI,oVNIhiyF,513.0
984,0,lDHqxCQW,bbaQRYSI,513.0
984,0,qGgPbtbT,lDHqxCQW,513.0
984,0,CKNrjFUU,qGgPbtbT,820.0
984,0,VCGhveHG,CKNrjFUU,820.0
984,0,WQdyWhSR,VCGhveHG,820.0
984,0,vCGIyJLJ,WQdyWhSR,820.0
594,0,WdOwNGhj,xfbmoJHP,477.0
594,0,LgyCGIBw,WdOwNGhj,477.0
594,0,OUgQnZLY,LgyCGIBw,557.0
594,0,SmQHomzq,OUgQnZLY,557.0
594,0,OHkaqvpq,SmQHomzq,560.0
594,0,nxJXVeix,OHkaqvpq,560.0
594,0,ZaRNMBdT,nxJXVeix,560.0
594,0,KwyfuOzT,ZaRNMBdT,560.0
129,0,pzcCDVmZ,TCBUGaZf,786.0
179,0,sNuKvPuW,TDvESTZN,66.0
179,0,AUBTKFbY,sNuKvPuW,66.0
179,0,fjevhefZ,AUBTKFbY,66.0
179,0,vyQyYYqJ,fjevhefZ,66.0
179,0,ztLkgYlA,vyQyYYqJ,66.0
929,0,GrIDUMrH,ymMHSssn,62.0
929,0,XxJaecnl,GrIDUMrH,62.0
929,0,QFazRNUC,XxJaecnl,62.0
929,0,HyvnzuHA,QFazRNUC,57.0
929,0,TNTzUMyF,HyvnzuHA,51.0
929,0,avRuCqLk,TNTzUMyF,51.0
929,0,wIAALBva,avRuCqLk,51.0
929,0,nxBXRnVc,wIAALBva,51.0
929,0,sXWHYDNZ,nxBXRnVc,51.0
929,0,VKAAZZOV,sXWHYDNZ,51.0
929,0,Vtdujofe,VKAAZZOV,51.0
929,0,edTVGmZc,Vtdujofe,51.0
929,0,iqwCaPZT,edTVGmZc,51.0
929,0,qqDoWQdv,iqwCaPZT,51.0
929,0,eymgjBxV,qqDoWQdv,42.0
929,0,EonJeQKz,eymgjBxV,42.0
929,0,vkWqgNph,EonJeQKz,42.0
929,0,nJRQzVZQ,vkWqgNph,42.0
929,0,xunvufHj,nJRQzVZQ,42.0
929,0,rxrORjnb,xunvufHj,42.0
929,0,UVDfwOgc,rxrORjnb,10.0
929,0,TJDsQDoO,UVDfwOgc,10.0
929,0,yTictHOU,TJDsQDoO,9.0
929,0,sTaleXyI,yTictHOU,9.0
929,0,illGQStO,sTaleXyI,9.0
929,0,AUrIxxcC,illGQStO,9.0
929,0,zqZasXpA,AUrIxxcC,9.0
929,0,EYGEAZtD,zqZasXpA,9.0
929,0,AJLJQqsT,EYGEAZtD,9.0
929,0,NCSBLEus,AJLJQqsT,9.0
929,0,xfbmoJHP,NCSBLEus,5.0
179,0,KCMgfriT,qzuHypgA,36.0
179,0,hVMLOzME,KCMgfriT,36.0
179,0,TDvESTZN,hVMLOzME,36.0
179,0,FyIjwLBj,QUMnpJQp,15.0
179,0,vXPGJwVk,FyIjwLBj,15.0
179,0,qzuHypgA,vXPGJwVk,15.0
179,0,QUMnpJQp,MwLdaJul,6.0
272,0,VQfPRvUw,qGgPbtbT,10.0
16,0,VQfPRvUw,qGgPbtbT,40.0
264,0,VQfPRvUw,qGgPbtbT,3.0
984,0,JyqrAKLu,TCMQvOqy,843.0
984,0,XxhwFmzZ,JyqrAKLu,843.0
984,0,QZgueNIh,XxhwFmzZ,1379.0
1690,0,OTfWLQWk,BIvEdfHJ,41.0
1744,0,RfEbENxd,jQaLNViL,2617.0
1744,0,DYvQviUy,RfEbENxd,3896.0
1744,0,aFlzccOO,DYvQviUy,4120.0
171,0,KCMgfriT,qzuHypgA,429.0
171,0,hVMLOzME,KCMgfriT,525.0
171,0,TDvESTZN,hVMLOzME,525.0
171,0,bDgEiJAh,TDvESTZN,728.0
171,0,PspudWCJ,bDgEiJAh,832.0
171,0,FyIjwLBj,QUMnpJQp,312.0
171,0,vXPGJwVk,FyIjwLBj,312.0
171,0,qzuHypgA,vXPGJwVk,312.0
171,0,QUMnpJQp,MwLdaJul,294.0
171,0,TcEVvOUM,AszcEtOu,239.0
171,0,qGnNRXVR,TcEVvOUM,239.0
171,0,ouPwTbuD,qGnNRXVR,239.0
171,0,MwLdaJul,ouPwTbuD,239.0
973,0,yGEvOQma,PqoYMtMO,2.0
973,0,gcrnRTRu,yGEvOQma,2.0
1270,0,svgtEcQx,uhUmvvRs,1.0
1270,0,HcPkwFHM,svgtEcQx,1.0
1270,0,oNyGHMvy,HcPkwFHM,1.0
1270,0,QdnKSSsO,oNyGHMvy,1.0
1270,0,vSdfqYeK,QdnKSSsO,1.0
984,0,zGyJMIkT,yolIeCeg,2.0
984,0,YbVmHVTt,zGyJMIkT,49.0
984,0,ZlnerNQG,YbVmHVTt,237.0
984,0,FVWAEAei,ZlnerNQG,237.0
984,0,gVtshwcF,FVWAEAei,237.0
984,0,LmhVzFNJ,gVtshwcF,265.0
984,0,CmbQeSBI,LmhVzFNJ,265.0
984,0,RVyaKvKa,CmbQeSBI,265.0
984,0,OQRQrPoA,RVyaKvKa,265.0
984,0,CEyhPnMH,OQRQrPoA,363.0
984,0,ogrZorIF,CEyhPnMH,363.0
984,0,fumBmOZX,ogrZorIF,363.0
984,0,CLjYTiBy,fumBmOZX,363.0
984,0,NuwmOhpA,CLjYTiBy,380.0
984,0,EXHVDpee,NuwmOhpA,436.0
984,0,NkWMDpBL,EXHVDpee,441.0
984,0,TurKlwMz,NkWMDpBL,441.0
984,0,oVNIhiyF,TurKlwMz,441.0
170,0,qCZHeqZn,CPPeUlfG,311.0
171,0,FXuJEVFo,PspudWCJ,824.0
171,0,qCZHeqZn,FXuJEVFo,824.0
1193,0,yGEvOQma,PqoYMtMO,77.0
1193,0,YoEMZEcq,yGEvOQma,77.0
170,0,DULwephN,YoEMZEcq,94.0
984,0,JFVlrPHE,QZgueNIh,1469.0
170,0,KMLNQwjh,YxUFlvZH,28.0
170,0,aDaRCcaB,KMLNQwjh,28.0
170,0,dQYZBhGJ,aDaRCcaB,28.0
170,0,iFderoVa,dQYZBhGJ,28.0
170,0,CPPeUlfG,iFderoVa,28.0
170,0,KwXNMHkb,UxPxrYmy,25.0
170,0,YxUFlvZH,KwXNMHkb,25.0
170,0,hqOmlOIp,RrhmmPMm,16.0
170,0,qJgsxHch,hqOmlOIp,16.0
170,0,lxplrluY,qJgsxHch,16.0
170,0,zTJYYUap,lxplrluY,16.0
170,0,UxPxrYmy,zTJYYUap,16.0
170,0,YxYhlArE,NqSePdAx,7.0
170,0,sAswhpJr,YxYhlArE,7.0
170,0,VyHGAkTo,sAswhpJr,7.0
170,0,RrhmmPMm,VyHGAkTo,7.0
170,0,sceVWPKZ,dvaPHMux,6.0
170,0,NqSePdAx,sceVWPKZ,6.0
215,0,JovbzjVh,qDeoslSZ,821.0
215,0,TIoMzhxD,LoxEXWve,1132.0
215,0,qqQgwpPP,TIoMzhxD,553.0
1317,0,AszcEtOu,BpAiVnps,4302.0
171,0,AszcEtOu,BpAiVnps,158.0
565,0,LDSuadxM,OhBAPvsb,369.0
487,0,TShNRujB,hxSTJhOz,64.0
487,0,BqZQArDi,TShNRujB,64.0
487,0,JJRlkmgp,BqZQArDi,64.0
487,0,KRQMLlbw,JJRlkmgp,64.0
487,0,MURlCahD,KRQMLlbw,64.0
487,0,znFDupZg,MURlCahD,64.0
487,0,osddylgA,znFDupZg,64.0
487,0,uiYVYPQX,osddylgA,64.0
487,0,zGyJMIkT,uiYVYPQX,212.0
487,0,YbVmHVTt,zGyJMIkT,212.0
487,0,ZlnerNQG,YbVmHVTt,212.0
487,0,FVWAEAei,ZlnerNQG,212.0
487,0,gVtshwcF,FVWAEAei,212.0
487,0,LmhVzFNJ,gVtshwcF,212.0
487,0,CmbQeSBI,LmhVzFNJ,212.0
487,0,RVyaKvKa,CmbQeSBI,212.0
487,0,OQRQrPoA,RVyaKvKa,212.0
487,0,CEyhPnMH,OQRQrPoA,212.0
487,0,ogrZorIF,CEyhPnMH,212.0
487,0,fumBmOZX,ogrZorIF,212.0
487,0,CLjYTiBy,fumBmOZX,212.0
487,0,NuwmOhpA,CLjYTiBy,212.0
487,0,EXHVDpee,NuwmOhpA,212.0
487,0,NkWMDpBL,EXHVDpee,212.0
487,0,TurKlwMz,NkWMDpBL,212.0
487,0,oVNIhiyF,TurKlwMz,212.0
487,0,bbaQRYSI,oVNIhiyF,212.0
487,0,lDHqxCQW,bbaQRYSI,212.0
487,0,qGgPbtbT,lDHqxCQW,212.0
487,0,CKNrjFUU,qGgPbtbT,212.0
487,0,VCGhveHG,CKNrjFUU,212.0
487,0,WQdyWhSR,VCGhveHG,212.0
487,0,vCGIyJLJ,WQdyWhSR,212.0
487,0,VXthmpcS,vCGIyJLJ,212.0
966,0,NkWMDpBL,EXHVDpee,1702.0
966,0,TurKlwMz,NkWMDpBL,1702.0
966,0,oVNIhiyF,TurKlwMz,1702.0
966,0,bbaQRYSI,oVNIhiyF,1724.0
966,0,lDHqxCQW,bbaQRYSI,1724.0
966,0,qGgPbtbT,lDHqxCQW,1724.0
966,0,VQfPRvUw,qGgPbtbT,2359.0
966,0,VCGhveHG,VQfPRvUw,2420.0
966,0,WQdyWhSR,VCGhveHG,2420.0
71,0,tNSMkSfB,ZYCVVmjG,369.0
71,0,vaPtcLuK,tNSMkSfB,112.0
1093,0,OLfrsrRj,LIgtsZTQ,3321.0
1093,0,nvtqczOj,OLfrsrRj,3321.0
1093,0,FdzHSswJ,nvtqczOj,2935.0
1093,0,qmRscxuH,FdzHSswJ,2901.0
1093,0,zrVEttwl,qmRscxuH,2422.0
1093,0,KhQckqci,zrVEttwl,2422.0
1093,0,NkYJOxxA,KhQckqci,2422.0
1093,0,Phtvjmoj,NkYJOxxA,2422.0
1093,0,iRgZVaoH,Phtvjmoj,2370.0
1093,0,KbKyxild,iRgZVaoH,2370.0
1093,0,WzJZybAt,KbKyxild,2279.0
1093,0,wBZvskGC,WzJZybAt,2252.0
1093,0,pHbSfQWg,wBZvskGC,2155.0
1093,0,hlYcHDiv,pHbSfQWg,2155.0
1093,0,ZUUFaTkv,hlYcHDiv,2155.0
1093,0,jgCiOeaN,ZUUFaTkv,2155.0
1093,0,TikfrWrm,jgCiOeaN,2155.0
1093,0,RabBrvbh,TikfrWrm,2155.0
1093,0,yAsGVYQM,RabBrvbh,2155.0
1093,0,XFPAZveS,yAsGVYQM,1134.0
1093,0,ejMjPdTH,XFPAZveS,1060.0
1093,0,CKorGRkE,ejMjPdTH,589.0
1093,0,eaNsVWDR,CKorGRkE,583.0
1093,0,LIgtsZTQ,yfjUYWEe,3194.0
626,0,tjcxfrSB,rINNylNh,1573.0
626,0,rHyPKpnR,tjcxfrSB,1573.0
626,0,lhvdYjIr,rHyPKpnR,1573.0
626,0,XkyHnVdm,lhvdYjIr,1969.0
626,0,aTKTVXJW,XkyHnVdm,1969.0
626,0,nFbddFoX,aTKTVXJW,1969.0
626,0,GudLituF,nFbddFoX,1969.0
966,0,ZlnerNQG,ozAxYCwR,828.0
966,0,YbVmHVTt,ZlnerNQG,828.0
966,0,FVWAEAei,YbVmHVTt,828.0
966,0,gVtshwcF,FVWAEAei,828.0
966,0,CmbQeSBI,gVtshwcF,915.0
966,0,RVyaKvKa,CmbQeSBI,915.0
966,0,OQRQrPoA,RVyaKvKa,915.0
966,0,CEyhPnMH,OQRQrPoA,1274.0
966,0,ogrZorIF,CEyhPnMH,1274.0
966,0,fumBmOZX,ogrZorIF,1274.0
966,0,CLjYTiBy,fumBmOZX,1274.0
966,0,NuwmOhpA,CLjYTiBy,1311.0
966,0,EXHVDpee,NuwmOhpA,1635.0
966,0,vCGIyJLJ,WQdyWhSR,2354.0
179,0,ERIWLSEl,lotPPedu,177.0
179,0,qsoLaWuJ,ERIWLSEl,177.0
179,0,WSBJbplj,qsoLaWuJ,177.0
179,0,THUDGZDu,WSBJbplj,177.0
179,0,PoshUaCl,THUDGZDu,177.0
626,0,eJrsnsoz,GudLituF,1956.0
626,0,qAUjPEMf,eJrsnsoz,1954.0
626,0,isMwZYXy,qAUjPEMf,1942.0
487,0,PoshUaCl,VXthmpcS,169.0
487,0,tkhDcqas,PoshUaCl,169.0
487,0,jOvtnfLH,tkhDcqas,169.0
966,0,eJrsnsoz,vCGIyJLJ,2173.0
966,0,isMwZYXy,eJrsnsoz,2173.0
179,0,tkhDcqas,PoshUaCl,175.0
179,0,jOvtnfLH,tkhDcqas,175.0
595,0,bbaQRYSI,JvVxAKet,3.0
595,0,lDHqxCQW,bbaQRYSI,3.0
595,0,qGgPbtbT,lDHqxCQW,3.0
595,0,CKNrjFUU,qGgPbtbT,6.0
595,0,VCGhveHG,CKNrjFUU,6.0
595,0,WQdyWhSR,VCGhveHG,6.0
595,0,vCGIyJLJ,WQdyWhSR,6.0
595,0,VXthmpcS,vCGIyJLJ,43.0
595,0,xuEvBBdE,VXthmpcS,44.0
595,0,rAizOLWV,xuEvBBdE,44.0
595,0,JdZarNsv,rAizOLWV,44.0
595,0,NmilzqZp,JdZarNsv,44.0
595,0,TCMQvOqy,NmilzqZp,143.0
595,0,JyqrAKLu,TCMQvOqy,143.0
595,0,XxhwFmzZ,JyqrAKLu,143.0
595,0,QZgueNIh,XxhwFmzZ,143.0
595,0,JFVlrPHE,QZgueNIh,143.0
595,0,cpLivUai,JFVlrPHE,143.0
595,0,NTpJpHDd,cpLivUai,143.0
595,0,HQNzQizX,NTpJpHDd,437.0
595,0,WwskMIzD,HQNzQizX,437.0
595,0,rrasSNoc,WwskMIzD,437.0
595,0,bgsGiKIs,rrasSNoc,437.0
990,0,WKWTpoqQ,HEshVETB,7248.0
990,0,WlkKexEs,WKWTpoqQ,7695.0
990,0,MyzUerZz,WlkKexEs,7670.0
1178,0,QYwjKQRO,rbVbMNcM,6006.0
1178,0,cNuXvIqU,QYwjKQRO,6006.0
1178,0,eXTEGQHB,cNuXvIqU,6006.0
1178,0,zTUODYgn,eXTEGQHB,5933.0
1178,0,eTPMYwkC,zTUODYgn,5914.0
1178,0,WdOwNGhj,xfbmoJHP,4629.0
1178,0,kKKRBhFF,WdOwNGhj,4629.0
1178,0,NFInfBeu,kKKRBhFF,4650.0
1178,0,VCQdmIoF,NFInfBeu,4650.0
1178,0,ePrpofUw,VCQdmIoF,4650.0
1178,0,KcvPUxQg,ePrpofUw,5031.0
1178,0,rbVbMNcM,KcvPUxQg,4803.0
1505,0,xQqwXgNZ,OVaoEscJ,3941.0
452,0,TIoMzhxD,LoxEXWve,8313.0
452,0,iRpWiLQH,TIoMzhxD,8155.0
452,0,qqQgwpPP,iRpWiLQH,7934.0
452,0,ORsEDdLG,qqQgwpPP,7934.0
452,0,jsnedRvy,ORsEDdLG,8073.0
452,0,PpWfKRbL,jsnedRvy,8073.0
452,0,aaSaUDum,PpWfKRbL,8017.0
452,0,zENMipIx,aaSaUDum,7963.0
452,0,cmBFyxQG,zENMipIx,7963.0
452,0,EuWqksqL,cmBFyxQG,7943.0
452,0,XRrjzlpH,EuWqksqL,7946.0
452,0,JVRJClPS,XRrjzlpH,7946.0
452,0,ZZUoaXbF,JVRJClPS,7912.0
452,0,fdiMUjeA,ZZUoaXbF,7912.0
452,0,lbTqXure,fdiMUjeA,7912.0
452,0,MyzUerZz,lbTqXure,8004.0
564,0,gKNaWgzA,ngHHCDQb,581.0
564,0,mTKelVZs,gKNaWgzA,581.0
564,0,xjlhzjUh,mTKelVZs,579.0
564,0,fGCuvnjJ,xjlhzjUh,799.0
564,0,CsZszdUY,fGCuvnjJ,799.0
564,0,OqBnJDkE,CsZszdUY,799.0
564,0,ajCBPuBp,OqBnJDkE,799.0
564,0,LhQSpAzy,ajCBPuBp,708.0
564,0,pwpCkicC,LhQSpAzy,708.0
564,0,jJVVpGMf,pwpCkicC,699.0
564,0,tcYerYbk,jJVVpGMf,699.0
564,0,pPKqPUVW,tcYerYbk,699.0
564,0,iYTiOTOT,pPKqPUVW,699.0
564,0,dLtneiKf,iYTiOTOT,699.0
564,0,slfxTuih,dLtneiKf,688.0
564,0,XFPAZveS,slfxTuih,481.0
564,0,ojqTFFWy,XFPAZveS,104.0
560,0,AesbwnPs,WywmvGMH,595.0
560,0,hzAARBgX,AesbwnPs,595.0
941,0,YqlTLIQa,ALhaazBT,1016.0
941,0,AUmOMGnp,YqlTLIQa,1014.0
941,0,XFPAZveS,AUmOMGnp,1003.0
941,0,ojqTFFWy,XFPAZveS,250.0
1338,0,QpprBOSr,SOVcCDqR,11089.0
1338,0,Plxavose,QpprBOSr,7770.0
1666,0,VbpBVdde,VTHwomVj,1495.0
1666,0,swKAFNcH,VbpBVdde,2310.0
1180,0,qLQHuyIe,jSSkauKM,6812.0
1180,0,apOzgzFy,qLQHuyIe,6818.0
1326,0,vfoMHDCS,PhEXDKmN,1177.0
1326,0,LEPzGjdo,vfoMHDCS,1177.0
1326,0,VeNIGKmR,LEPzGjdo,1103.0
1326,0,vkwWhgCe,VeNIGKmR,1103.0
1326,0,KSSwmuEx,vkwWhgCe,1533.0
1326,0,pkhwWQVf,KSSwmuEx,1542.0
1326,0,JxFLnqJu,pkhwWQVf,1542.0
1326,0,GDiQpvtB,JxFLnqJu,1542.0
1326,0,fGmFhgnx,GDiQpvtB,1542.0
1180,0,LAmktnrq,qflzswAf,7221.0
1180,0,JbCujTci,LAmktnrq,3973.0
1180,0,jSSkauKM,JbCujTci,6294.0
400,0,clVXMHJf,nfCzcTzh,2416.0
400,0,UXEWVZzP,clVXMHJf,2418.0
400,0,MlYFoaez,UXEWVZzP,1987.0
400,0,XeinAhyy,MlYFoaez,1921.0
400,0,pGpZhRvq,XeinAhyy,1921.0
400,0,alaJPSTW,pGpZhRvq,1921.0
400,0,ngNzeSzC,alaJPSTW,1921.0
400,0,PHuvYJrP,ngNzeSzC,1908.0
539,0,oZJRchiN,wVKhsyCZ,28.0
539,0,xmGwLlME,oZJRchiN,497.0
539,0,KcBICYpI,xmGwLlME,497.0
539,0,XQiQvefE,KcBICYpI,497.0
539,0,eyUKPfnA,XQiQvefE,497.0
539,0,ZgqhsueA,eyUKPfnA,497.0
539,0,YvwuVYMF,ZgqhsueA,497.0
539,0,FZsFzszJ,YvwuVYMF,497.0
539,0,ALhaazBT,FZsFzszJ,421.0
539,0,ZijVddwt,ALhaazBT,421.0
1107,0,NxZLWDKg,fslmqcXP,690.0
1107,0,ysYPVGOc,NxZLWDKg,690.0
1107,0,GgxxeDsY,ysYPVGOc,690.0
1107,0,OIDfcbwB,GgxxeDsY,690.0
1107,0,PCRBVfUw,OIDfcbwB,690.0
1107,0,uTBXaSDE,PCRBVfUw,690.0
1107,0,hnvEGTpC,uTBXaSDE,690.0
1107,0,sAuLGTlR,hnvEGTpC,690.0
1107,0,ixhHdGBo,sAuLGTlR,681.0
1107,0,spVkBMtX,ixhHdGBo,681.0
1107,0,uuLXjUrY,spVkBMtX,681.0
1107,0,ekoOPpVq,uuLXjUrY,681.0
1107,0,rljVoTvk,ekoOPpVq,681.0
1107,0,gxidCspv,rljVoTvk,681.0
1107,0,wRTYbalx,gxidCspv,680.0
1107,0,ZqOseExI,wRTYbalx,680.0
1107,0,FdBCLyPI,ZqOseExI,680.0
1107,0,CrOFTJlw,FdBCLyPI,680.0
1107,0,PyGiRErs,CrOFTJlw,663.0
1030,0,vDTAjOOR,yQmtaWgt,1669.0
1030,0,VYHZxBYO,vDTAjOOR,1685.0
1092,0,KrLSLIZd,OjBZWzOO,2361.0
1092,0,yQmtaWgt,KrLSLIZd,2361.0
1107,0,WMODaVhE,GSOqnCzV,623.0
1107,0,SzPBLAwy,WMODaVhE,623.0
1107,0,nEsTDuVQ,SzPBLAwy,638.0
1107,0,TTqWKaTM,nEsTDuVQ,638.0
1107,0,liUSqvwm,TTqWKaTM,638.0
1107,0,icUOEXSt,liUSqvwm,638.0
1107,0,ggnpPWOO,icUOEXSt,638.0
1107,0,nnnLtFmO,ggnpPWOO,638.0
1107,0,OLVfWwhL,nnnLtFmO,638.0
1107,0,wfDLjSSS,OLVfWwhL,642.0
1107,0,fslmqcXP,wfDLjSSS,643.0
1030,0,ajteUQkz,VpHOqNar,1379.0
1030,0,XmmyKsTm,ajteUQkz,1379.0
1030,0,gNJqbiHM,XmmyKsTm,1379.0
1030,0,NrUUQlkk,gNJqbiHM,1379.0
1030,0,yQmtaWgt,NrUUQlkk,1379.0
598,0,sonNAVmZ,XxhwFmzZ,4.0
598,0,aWeAvoyP,sonNAVmZ,4.0
598,0,exnIZrMP,aWeAvoyP,4.0
598,0,KhRPPFUf,exnIZrMP,4.0
598,0,zoqWMrrO,KhRPPFUf,4.0
598,0,WSMobtPt,zoqWMrrO,4.0
598,0,ClDeGdta,WSMobtPt,4.0
598,0,hTaJTejf,ClDeGdta,4.0
598,0,AvILYntX,hTaJTejf,4.0
598,0,BGAyznqC,AvILYntX,4.0
598,0,PUIIuxlM,BGAyznqC,4.0
598,0,UnubcmDK,PUIIuxlM,43.0
598,0,LuFdSicn,UnubcmDK,43.0
598,0,CGFcscTW,LuFdSicn,43.0
598,0,EIcIoHUO,CGFcscTW,44.0
598,0,mwdAyONm,EIcIoHUO,44.0
598,0,VVXTrukI,mwdAyONm,45.0
598,0,UufKZTKG,VVXTrukI,45.0
598,0,kJlOJSYi,UufKZTKG,45.0
598,0,wzaIlAwh,kJlOJSYi,49.0
598,0,VCGhveHG,VQfPRvUw,3.0
598,0,WQdyWhSR,VCGhveHG,3.0
598,0,vCGIyJLJ,WQdyWhSR,3.0
598,0,VXthmpcS,vCGIyJLJ,3.0
598,0,xuEvBBdE,VXthmpcS,3.0
598,0,rAizOLWV,xuEvBBdE,3.0
598,0,JdZarNsv,rAizOLWV,3.0
598,0,NmilzqZp,JdZarNsv,3.0
598,0,TCMQvOqy,NmilzqZp,3.0
598,0,JyqrAKLu,TCMQvOqy,3.0
598,0,XxhwFmzZ,JyqrAKLu,3.0
595,0,pjrUunbL,FnMlnlru,556.0
595,0,pobpsCoK,pjrUunbL,556.0
599,0,WdOwNGhj,xfbmoJHP,16.0
599,0,kKKRBhFF,WdOwNGhj,16.0
599,0,LgyCGIBw,kKKRBhFF,16.0
599,0,OUgQnZLY,LgyCGIBw,16.0
599,0,SmQHomzq,OUgQnZLY,16.0
599,0,TXAdjSyo,SmQHomzq,16.0
599,0,UIFNotIh,TXAdjSyo,16.0
599,0,roHCvggS,UIFNotIh,16.0
1054,0,aYIMvmGX,qdrjbHYS,101.0
1054,0,WGGanwZU,aYIMvmGX,117.0
1054,0,ArHpJhVJ,WGGanwZU,120.0
1054,0,tWpVdCtj,ArHpJhVJ,120.0
1054,0,EdJUuxct,tWpVdCtj,120.0
1054,0,gmiMCrrb,EdJUuxct,120.0
1054,0,DzkWADkh,gmiMCrrb,120.0
1054,0,MjMnNBLG,DzkWADkh,120.0
1054,0,XiRzIewe,MjMnNBLG,120.0
1054,0,DalDuuww,XiRzIewe,120.0
1054,0,WlkKexEs,DalDuuww,120.0
1054,0,MyzUerZz,WlkKexEs,120.0
1054,0,hTBkjNzq,MyzUerZz,120.0
1054,0,aCcokpIU,hTBkjNzq,120.0
1054,0,IWuAfYeM,aCcokpIU,120.0
1054,0,AKEMZMhk,IWuAfYeM,120.0
1054,0,oXDhDxhT,AKEMZMhk,120.0
1054,0,twlwLPZj,oXDhDxhT,121.0
1054,0,NjRgIRup,twlwLPZj,121.0
1054,0,rlFkXMBS,NjRgIRup,423.0
1054,0,lxkWqJCv,rlFkXMBS,423.0
106,0,AszcEtOu,BpAiVnps,7176.0
106,0,WlkKexEs,TDvESTZN,8660.0
106,0,MyzUerZz,WlkKexEs,7705.0
106,0,hTBkjNzq,MyzUerZz,7673.0
106,0,aCcokpIU,hTBkjNzq,7432.0
106,0,IWuAfYeM,aCcokpIU,6614.0
106,0,AKEMZMhk,IWuAfYeM,6614.0
106,0,oXDhDxhT,AKEMZMhk,6614.0
106,0,twlwLPZj,oXDhDxhT,6083.0
106,0,xfbmoJHP,twlwLPZj,6079.0
452,0,hTBkjNzq,MyzUerZz,7513.0
452,0,aCcokpIU,hTBkjNzq,6094.0
452,0,IWuAfYeM,aCcokpIU,5630.0
452,0,AKEMZMhk,IWuAfYeM,5630.0
452,0,oXDhDxhT,AKEMZMhk,5630.0
452,0,twlwLPZj,oXDhDxhT,4174.0
452,0,xfbmoJHP,twlwLPZj,4161.0
712,0,TcTonWJL,HJTsgSzj,1230.0
712,0,NJSgWoOc,TcTonWJL,1226.0
712,0,RIpTuvwk,NJSgWoOc,2184.0
712,0,ubzklVlS,RIpTuvwk,2747.0
235,0,SOBUilCD,mdGitRQe,7110.0
235,0,RVGhYAxc,SOBUilCD,7110.0
105,0,IubGYoNi,jIerKxIb,1150.0
105,0,fmQEzQWV,IubGYoNi,1162.0
105,0,BpAiVnps,fmQEzQWV,1382.0
105,0,AszcEtOu,BpAiVnps,1385.0
105,0,TcEVvOUM,AszcEtOu,1394.0
105,0,qGnNRXVR,TcEVvOUM,1394.0
105,0,MwLdaJul,qGnNRXVR,1394.0
105,0,QUMnpJQp,MwLdaJul,1401.0
105,0,FyIjwLBj,QUMnpJQp,1401.0
105,0,vXPGJwVk,FyIjwLBj,1401.0
105,0,qzuHypgA,vXPGJwVk,1401.0
105,0,JVRJClPS,qzuHypgA,1401.0
105,0,ZZUoaXbF,JVRJClPS,1397.0
105,0,fdiMUjeA,ZZUoaXbF,1397.0
105,0,lbTqXure,fdiMUjeA,1397.0
105,0,MyzUerZz,lbTqXure,1355.0
105,0,hTBkjNzq,MyzUerZz,999.0
105,0,aCcokpIU,hTBkjNzq,957.0
105,0,IWuAfYeM,aCcokpIU,920.0
105,0,AKEMZMhk,IWuAfYeM,920.0
105,0,oXDhDxhT,AKEMZMhk,920.0
105,0,twlwLPZj,oXDhDxhT,906.0
105,0,NjRgIRup,twlwLPZj,896.0
1262,0,tkDBwPiV,uGNDunGF,4509.0
1262,0,mqlWPdpA,tkDBwPiV,4542.0
1262,0,lOdrwgOe,mqlWPdpA,4542.0
1262,0,BRjWpQtg,lOdrwgOe,2261.0
1262,0,CrcsXCbZ,BRjWpQtg,2261.0
1567,0,jcExlqwL,RCkelXPh,4353.0
1567,0,YctaenCe,jcExlqwL,3421.0
1567,0,tzYrVhKO,YctaenCe,3408.0
1567,0,UgpyjFML,tzYrVhKO,3249.0
1180,0,hTBkjNzq,hSdNxZqe,4639.0
1180,0,aCcokpIU,hTBkjNzq,4512.0
1180,0,IWuAfYeM,aCcokpIU,3779.0
1180,0,AKEMZMhk,IWuAfYeM,3779.0
1180,0,oXDhDxhT,AKEMZMhk,3779.0
1180,0,twlwLPZj,oXDhDxhT,3735.0
1180,0,xfbmoJHP,twlwLPZj,3735.0
990,0,hTBkjNzq,MyzUerZz,6087.0
105,0,plWWPiMc,mnkgCFDT,734.0
105,0,HcPkwFHM,plWWPiMc,755.0
105,0,KjuJaNsu,HcPkwFHM,799.0
105,0,oNyGHMvy,KjuJaNsu,799.0
105,0,QdnKSSsO,oNyGHMvy,805.0
105,0,vSdfqYeK,QdnKSSsO,915.0
105,0,wDpyEsxh,vSdfqYeK,915.0
105,0,jIerKxIb,wDpyEsxh,915.0
46,0,hTBkjNzq,hSdNxZqe,4592.0
984,0,cpLivUai,JFVlrPHE,1458.0
984,0,fKUdbDza,cpLivUai,1468.0
984,0,DATqCMmz,fKUdbDza,1737.0
984,0,BSeIJfkI,DATqCMmz,2501.0
297,0,lQHWhrGj,tldUULAx,118.0
297,0,OOOhsNkv,lQHWhrGj,118.0
297,0,CgcphXSb,OOOhsNkv,118.0
297,0,texSWQet,CgcphXSb,118.0
297,0,lxBswvKX,texSWQet,118.0
297,0,OoNwiPDT,lxBswvKX,196.0
297,0,ftvNhZKM,OoNwiPDT,196.0
297,0,KLTxOJqh,ftvNhZKM,277.0
297,0,IURTQlCB,KLTxOJqh,277.0
297,0,ojINhgSe,IURTQlCB,305.0
297,0,SiflCzMU,ojINhgSe,305.0
297,0,fCvqoWrT,SiflCzMU,353.0
297,0,yRpreQRc,fCvqoWrT,353.0
297,0,QaQvGPmN,yRpreQRc,369.0
297,0,HNYicgCh,QaQvGPmN,369.0
297,0,RVNzMGgw,HNYicgCh,369.0
297,0,QeEdlYuU,RVNzMGgw,369.0
297,0,LXDQjYxM,QeEdlYuU,369.0
297,0,qVzVrWDp,LXDQjYxM,369.0
297,0,IuRRuHdp,qVzVrWDp,369.0
297,0,QZgueNIh,IuRRuHdp,369.0
297,0,JFVlrPHE,QZgueNIh,369.0
297,0,cpLivUai,JFVlrPHE,369.0
297,0,fKUdbDza,cpLivUai,369.0
297,0,DATqCMmz,fKUdbDza,369.0
297,0,ILgjTtXh,DATqCMmz,369.0
990,0,aCcokpIU,hTBkjNzq,6084.0
122,0,MKKzwAOv,GEijdcGW,9.0
122,0,mhDCqtpx,MKKzwAOv,9.0
122,0,TJDsQDoO,mhDCqtpx,9.0
122,0,yTictHOU,TJDsQDoO,2.0
122,0,sTaleXyI,yTictHOU,2.0
122,0,illGQStO,sTaleXyI,2.0
122,0,AUrIxxcC,illGQStO,2.0
122,0,zqZasXpA,AUrIxxcC,2.0
122,0,EYGEAZtD,zqZasXpA,2.0
122,0,AJLJQqsT,EYGEAZtD,2.0
122,0,NCSBLEus,AJLJQqsT,1.0
122,0,xfbmoJHP,NCSBLEus,1.0
122,0,WdOwNGhj,xfbmoJHP,1.0
122,0,kKKRBhFF,WdOwNGhj,1.0
122,0,NFInfBeu,kKKRBhFF,1.0
122,0,VCQdmIoF,NFInfBeu,1.0
122,0,ePrpofUw,VCQdmIoF,1.0
46,0,aCcokpIU,hTBkjNzq,4158.0
736,0,FZsFzszJ,gzTQJVMW,23513.0
736,0,KgwKZlse,FZsFzszJ,23044.0
736,0,AoRkaUmb,KgwKZlse,23044.0
736,0,ALhaazBT,AoRkaUmb,23044.0
736,0,YqlTLIQa,ALhaazBT,22510.0
736,0,AUmOMGnp,YqlTLIQa,22468.0
736,0,XFPAZveS,AUmOMGnp,22409.0
736,0,ojqTFFWy,XFPAZveS,8702.0
736,0,gzTQJVMW,RVEyrwjR,27610.0
1331,0,zVMCvpDh,zfmNZkKD,868.0
1331,0,nOepWjtB,zVMCvpDh,868.0
1331,0,kNXaohyL,nOepWjtB,868.0
1331,0,gJicbLzN,kNXaohyL,868.0
595,0,oSlWllmq,bgsGiKIs,524.0
595,0,FnMlnlru,oSlWllmq,524.0
858,0,aHGuzSTo,KAhfQHTl,360.0
858,0,ttlZXoMn,aHGuzSTo,360.0
858,0,eYRPTRrW,ttlZXoMn,358.0
858,0,ABXRUWWW,eYRPTRrW,358.0
858,0,RobpRsZS,ABXRUWWW,358.0
858,0,NALyFlzQ,RobpRsZS,880.0
858,0,qIuTLVvj,NALyFlzQ,880.0
966,0,SogEaGxk,isMwZYXy,1255.0
966,0,lCifaItn,SogEaGxk,1255.0
626,0,SogEaGxk,isMwZYXy,1672.0
626,0,lCifaItn,SogEaGxk,1672.0
1071,0,ozAxYCwR,uiYVYPQX,15.0
1075,0,RzNLGwXH,UfaDzlyU,1029.0
1075,0,wRYiQgEn,RzNLGwXH,1029.0
1075,0,yfISbYOh,wRYiQgEn,1051.0
537,0,uzcbLUNR,GOFbtMrp,40.0
537,0,zezeKItL,uzcbLUNR,40.0
537,0,VpHOqNar,zezeKItL,40.0
537,0,vDTAjOOR,VpHOqNar,40.0
537,0,UDUmRzWP,vDTAjOOR,40.0
537,0,kVWwehGs,UDUmRzWP,40.0
537,0,ixhHdGBo,kVWwehGs,40.0
537,0,agMXkLfj,ixhHdGBo,40.0
537,0,SwLVnWPq,agMXkLfj,40.0
537,0,xGsoSfhX,SwLVnWPq,40.0
597,0,ZlnerNQG,ozAxYCwR,75.0
597,0,FVWAEAei,ZlnerNQG,75.0
597,0,gVtshwcF,FVWAEAei,75.0
597,0,CmbQeSBI,gVtshwcF,81.0
597,0,RVyaKvKa,CmbQeSBI,81.0
597,0,OQRQrPoA,RVyaKvKa,81.0
597,0,CEyhPnMH,OQRQrPoA,102.0
597,0,ogrZorIF,CEyhPnMH,102.0
597,0,fumBmOZX,ogrZorIF,102.0
597,0,CLjYTiBy,fumBmOZX,102.0
597,0,NuwmOhpA,CLjYTiBy,113.0
597,0,EXHVDpee,NuwmOhpA,127.0
597,0,NkWMDpBL,EXHVDpee,127.0
597,0,TurKlwMz,NkWMDpBL,127.0
597,0,oVNIhiyF,TurKlwMz,127.0
597,0,bbaQRYSI,oVNIhiyF,131.0
597,0,lDHqxCQW,bbaQRYSI,131.0
597,0,qGgPbtbT,lDHqxCQW,131.0
597,0,VQfPRvUw,qGgPbtbT,178.0
597,0,VCGhveHG,VQfPRvUw,178.0
597,0,WQdyWhSR,VCGhveHG,178.0
597,0,vCGIyJLJ,WQdyWhSR,178.0
597,0,VXthmpcS,vCGIyJLJ,200.0
597,0,xuEvBBdE,VXthmpcS,200.0
597,0,rAizOLWV,xuEvBBdE,200.0
597,0,JdZarNsv,rAizOLWV,200.0
597,0,NmilzqZp,JdZarNsv,200.0
597,0,TCMQvOqy,NmilzqZp,223.0
597,0,JyqrAKLu,TCMQvOqy,282.0
597,0,XxhwFmzZ,JyqrAKLu,282.0
597,0,QZgueNIh,XxhwFmzZ,282.0
597,0,JFVlrPHE,QZgueNIh,348.0
597,0,cpLivUai,JFVlrPHE,348.0
597,0,fKUdbDza,cpLivUai,355.0
597,0,DATqCMmz,fKUdbDza,359.0
597,0,ILgjTtXh,DATqCMmz,359.0
597,0,XaFkCXdj,ILgjTtXh,1042.0
1067,0,XgeKmxEU,LdNZcaVd,60.0
1067,0,ASAgeGQh,XgeKmxEU,60.0
1067,0,ZcBdJkwp,ASAgeGQh,60.0
1057,0,eIBTCCCb,gozRELiL,2669.0
990,0,IWuAfYeM,aCcokpIU,4751.0
990,0,AKEMZMhk,IWuAfYeM,4751.0
990,0,oXDhDxhT,AKEMZMhk,4751.0
177,0,DzkWADkh,tBgOcvQf,2618.0
177,0,MjMnNBLG,DzkWADkh,2666.0
177,0,XiRzIewe,MjMnNBLG,2666.0
177,0,udKeccMr,XiRzIewe,3396.0
177,0,HEshVETB,udKeccMr,3396.0
177,0,WKWTpoqQ,HEshVETB,3397.0
626,0,dFlAswnV,lCifaItn,1658.0
626,0,pjTBCsVx,dFlAswnV,1658.0
487,0,VrqtMskC,jOvtnfLH,100.0
487,0,nwGGoSvm,VrqtMskC,100.0
487,0,msGFqCDa,nwGGoSvm,100.0
487,0,AoAbuPJW,msGFqCDa,100.0
487,0,WPcaURVq,AoAbuPJW,100.0
966,0,dFlAswnV,lCifaItn,1188.0
966,0,pjTBCsVx,dFlAswnV,1188.0
179,0,VrqtMskC,jOvtnfLH,136.0
179,0,nwGGoSvm,VrqtMskC,136.0
179,0,msGFqCDa,nwGGoSvm,136.0
179,0,AoAbuPJW,msGFqCDa,136.0
179,0,WPcaURVq,AoAbuPJW,136.0
1530,0,ojqTFFWy,kVeKzKrW,234.0
984,0,zLDXwGdB,BSeIJfkI,2296.0
984,0,IWsbluFe,zLDXwGdB,2296.0
984,0,SUgOBtjk,IWsbluFe,2296.0
984,0,gACwumWT,SUgOBtjk,2296.0
984,0,JtZjSNXW,gACwumWT,2296.0
297,0,SUgOBtjk,ILgjTtXh,362.0
297,0,JtZjSNXW,SUgOBtjk,362.0
171,0,gcUmxKgT,TUrDxvOa,33.0
171,0,JFVlrPHE,gcUmxKgT,33.0
171,0,cpLivUai,JFVlrPHE,33.0
171,0,fKUdbDza,cpLivUai,33.0
171,0,DATqCMmz,fKUdbDza,33.0
171,0,ILgjTtXh,DATqCMmz,33.0
171,0,SUgOBtjk,ILgjTtXh,33.0
171,0,JtZjSNXW,SUgOBtjk,33.0
919,0,yVpVwFWL,HyvnzuHA,161.0
919,0,UYClvrsH,yVpVwFWL,161.0
919,0,GdIqHDLj,UYClvrsH,161.0
919,0,SclqdZtd,GdIqHDLj,161.0
919,0,LtmbDsIv,SclqdZtd,162.0
919,0,aRwBTLyd,LtmbDsIv,162.0
919,0,BpJuosmx,aRwBTLyd,162.0
919,0,tIHUlMxX,BpJuosmx,160.0
919,0,jucOpUOn,tIHUlMxX,160.0
919,0,qdCMxZSc,jucOpUOn,160.0
919,0,ptvIaUTy,qdCMxZSc,160.0
919,0,dvaPHMux,ptvIaUTy,160.0
922,0,UUpfieFN,DJxHBCmY,957.0
922,0,XHBoVocK,UUpfieFN,933.0
922,0,arebgYBg,XHBoVocK,933.0
922,0,TWTKfAgl,arebgYBg,933.0
922,0,BhcHYWlb,TWTKfAgl,917.0
922,0,zWmxGpLB,BhcHYWlb,917.0
922,0,JzAcwavY,zWmxGpLB,917.0
922,0,ZjbTkVDH,JzAcwavY,891.0
922,0,RLXxtVaJ,ZjbTkVDH,891.0
922,0,KvSvcvIL,RLXxtVaJ,832.0
297,0,bCOJrgoA,qDeoslSZ,62.0
297,0,IwMXsDOu,bCOJrgoA,62.0
297,0,gOJphFVT,IwMXsDOu,62.0
297,0,dBTDkDZt,gOJphFVT,62.0
297,0,tldUULAx,dBTDkDZt,62.0
46,0,IWuAfYeM,aCcokpIU,3558.0
46,0,AKEMZMhk,IWuAfYeM,3558.0
46,0,oXDhDxhT,AKEMZMhk,3558.0
595,0,NuwmOhpA,CLjYTiBy,1.0
595,0,EXHVDpee,NuwmOhpA,2.0
595,0,TurKlwMz,EXHVDpee,2.0
595,0,JvVxAKet,TurKlwMz,2.0
626,0,XMFZXZdV,pjTBCsVx,1300.0
487,0,shsbwlrM,WPcaURVq,47.0
487,0,WgelRheP,shsbwlrM,47.0
966,0,XMFZXZdV,pjTBCsVx,1020.0
179,0,shsbwlrM,WPcaURVq,105.0
179,0,WgelRheP,shsbwlrM,105.0
626,0,MBttAlCW,ZAfIffxq,509.0
626,0,XCXPEDQh,MBttAlCW,337.0
626,0,FXyPWyvF,XCXPEDQh,337.0
626,0,yLDzmulm,FXyPWyvF,337.0
626,0,JzObVOMG,yLDzmulm,338.0
626,0,dwQybScW,JzObVOMG,338.0
626,0,WgelRheP,dwQybScW,338.0
729,0,yTOnYgGF,EsTStEav,2.0
729,0,mXosqjnx,yTOnYgGF,2.0
910,0,KLSPMOeO,EpCFePOD,16.0
910,0,krXgCSzh,KLSPMOeO,18.0
910,0,yDCZcPdO,krXgCSzh,18.0
910,0,zyATMMRX,yDCZcPdO,18.0
910,0,XJpVddlh,zyATMMRX,18.0
910,0,CkgzgDTz,XJpVddlh,2.0
910,0,AaOxIRuX,CkgzgDTz,2.0
910,0,mOxeJcai,AaOxIRuX,2.0
910,0,RrhmmPMm,mOxeJcai,2.0
910,0,hqOmlOIp,RrhmmPMm,2.0
910,0,qJgsxHch,hqOmlOIp,2.0
910,0,lxplrluY,qJgsxHch,2.0
910,0,zTJYYUap,lxplrluY,2.0
910,0,UxPxrYmy,zTJYYUap,2.0
910,0,KwXNMHkb,UxPxrYmy,2.0
910,0,YxUFlvZH,KwXNMHkb,2.0
910,0,KMLNQwjh,YxUFlvZH,2.0
910,0,aDaRCcaB,KMLNQwjh,2.0
910,0,dQYZBhGJ,aDaRCcaB,1.0
910,0,iFderoVa,dQYZBhGJ,1.0
910,0,GQmprOhw,iFderoVa,1.0
910,0,CbblRkaH,GQmprOhw,1.0
910,0,BldTZUAI,CbblRkaH,1.0
910,0,nBYHMnkU,BldTZUAI,1.0
910,0,lotPPedu,nBYHMnkU,1.0
910,0,ERIWLSEl,lotPPedu,1.0
910,0,qsoLaWuJ,ERIWLSEl,1.0
910,0,WSBJbplj,qsoLaWuJ,1.0
910,0,THUDGZDu,WSBJbplj,1.0
1744,0,jQaLNViL,gyQqEnFq,1311.0
597,0,HcOWfPMU,XaFkCXdj,575.0
1057,0,ygaPVVOX,NjRgIRup,2519.0
1057,0,SgmzKmGa,ygaPVVOX,2530.0
1057,0,oaiHprKy,SgmzKmGa,2535.0
1057,0,EKGAgXOm,oaiHprKy,2535.0
1057,0,RqCzrtQl,EKGAgXOm,2535.0
1057,0,CfDISmMN,RqCzrtQl,2540.0
1057,0,RpAFtJSl,CfDISmMN,2540.0
1057,0,PcvuCqyL,RpAFtJSl,2541.0
1057,0,CxeJhmQn,PcvuCqyL,2584.0
1057,0,TmbwpUyz,CxeJhmQn,2584.0
1057,0,rREIWzym,TmbwpUyz,2590.0
1057,0,rluMkzbt,rREIWzym,2592.0
1057,0,oTXyBJNn,rluMkzbt,2594.0
1057,0,AIvMrZbX,oTXyBJNn,2594.0
1057,0,DFuWYygu,AIvMrZbX,2594.0
1057,0,iKWaHdND,DFuWYygu,2594.0
1057,0,sZMRTtVP,iKWaHdND,2594.0
1057,0,gozRELiL,sZMRTtVP,2594.0
46,0,twlwLPZj,oXDhDxhT,3460.0
235,0,JYrrjUtU,fkZFUNSd,8174.0
235,0,cttUtMNm,JYrrjUtU,8136.0
235,0,wHfmVQMh,cttUtMNm,7914.0
235,0,mdGitRQe,wHfmVQMh,7343.0
626,0,DxyTpirl,XMFZXZdV,538.0
626,0,xvojPNrb,DxyTpirl,538.0
626,0,ZAfIffxq,xvojPNrb,538.0
966,0,DxyTpirl,XMFZXZdV,581.0
966,0,xvojPNrb,DxyTpirl,581.0
966,0,ZAfIffxq,xvojPNrb,581.0
625,0,XwjzzvVV,WgelRheP,404.0
625,0,exwEUcIO,XwjzzvVV,404.0
625,0,jisQZBDs,exwEUcIO,404.0
625,0,NcoWExwJ,jisQZBDs,395.0
625,0,hygBouPP,NcoWExwJ,395.0
625,0,iPzquFzR,hygBouPP,395.0
990,0,twlwLPZj,oXDhDxhT,4501.0
990,0,xfbmoJHP,twlwLPZj,4501.0
595,0,twlwLPZj,cMdRoPmQ,550.0
595,0,NjRgIRup,twlwLPZj,274.0
598,0,twlwLPZj,cMdRoPmQ,43.0
598,0,xfbmoJHP,twlwLPZj,35.0
1058,0,AGDZrVfo,HcOWfPMU,200.0
1064,0,AGDZrVfo,IWkYeNgA,2113.0
1064,0,INegqJKU,AGDZrVfo,2113.0
1064,0,xokKvraT,INegqJKU,2086.0
1064,0,HaSZVkzu,xokKvraT,2086.0
1064,0,yjaYbUGq,HaSZVkzu,2086.0
1064,0,LbyQgJih,yjaYbUGq,2086.0
1064,0,FPXdCAOW,LbyQgJih,2086.0
1064,0,ouHKxPGS,FPXdCAOW,2086.0
1064,0,GEijdcGW,ouHKxPGS,2084.0
1064,0,MKKzwAOv,GEijdcGW,2084.0
1064,0,mhDCqtpx,MKKzwAOv,2084.0
1064,0,TJDsQDoO,mhDCqtpx,2084.0
1064,0,yTictHOU,TJDsQDoO,2076.0
1064,0,illGQStO,yTictHOU,2076.0
1064,0,AUrIxxcC,illGQStO,2076.0
1064,0,zqZasXpA,AUrIxxcC,2074.0
1064,0,EYGEAZtD,zqZasXpA,2074.0
1064,0,AJLJQqsT,EYGEAZtD,2074.0
1064,0,NCSBLEus,AJLJQqsT,2074.0
1064,0,xfbmoJHP,NCSBLEus,1973.0
1064,0,IWkYeNgA,uiSiNEQq,2084.0
924,0,HyvnzuHA,SJvhYGxR,1209.0
924,0,SJvhYGxR,HfcobGNa,1205.0
924,0,BvinbONJ,FbaONibz,1106.0
924,0,GfvuifIZ,BvinbONJ,1154.0
924,0,TExCPNxk,GfvuifIZ,1154.0
924,0,EmJpSDwd,TExCPNxk,1179.0
924,0,jjHnlXVx,EmJpSDwd,1179.0
924,0,zmlEwfKx,jjHnlXVx,1179.0
924,0,BvLvsPYo,zmlEwfKx,1190.0
924,0,NcoKemSg,BvLvsPYo,1190.0
924,0,HfcobGNa,NcoKemSg,1190.0
1075,0,zPQeyVVD,momDhuqe,280.0
1075,0,UrJBvWGq,zPQeyVVD,329.0
1075,0,thxCXWVL,UrJBvWGq,329.0
1075,0,AlpXiRiW,thxCXWVL,329.0
924,0,LpwxWatG,rwLqimtK,835.0
924,0,FbaONibz,LpwxWatG,835.0
121,0,MgfOYJbA,UCALextd,18.0
121,0,qIuTLVvj,MgfOYJbA,14.0
121,0,spmlaYUs,qIuTLVvj,11.0
121,0,qqDoWQdv,spmlaYUs,11.0
121,0,eymgjBxV,qqDoWQdv,11.0
121,0,EonJeQKz,eymgjBxV,11.0
121,0,vkWqgNph,EonJeQKz,11.0
121,0,nJRQzVZQ,vkWqgNph,11.0
121,0,xunvufHj,nJRQzVZQ,11.0
121,0,AhlYGwKp,xunvufHj,11.0
121,0,rxrORjnb,AhlYGwKp,11.0
121,0,UVDfwOgc,rxrORjnb,11.0
121,0,HdBHspFM,UVDfwOgc,11.0
121,0,TJDsQDoO,HdBHspFM,11.0
121,0,yTictHOU,TJDsQDoO,11.0
121,0,sTaleXyI,yTictHOU,11.0
121,0,illGQStO,sTaleXyI,11.0
121,0,AUrIxxcC,illGQStO,11.0
121,0,zqZasXpA,AUrIxxcC,11.0
121,0,EYGEAZtD,zqZasXpA,11.0
121,0,AJLJQqsT,EYGEAZtD,11.0
121,0,NCSBLEus,AJLJQqsT,11.0
121,0,xfbmoJHP,NCSBLEus,11.0
924,0,FvRjKBvU,TJeJnSDd,619.0
924,0,wuQzPlvL,FvRjKBvU,629.0
924,0,NacgxEEi,wuQzPlvL,629.0
924,0,ZbMvdFLw,NacgxEEi,629.0
924,0,JUGtNdnF,ZbMvdFLw,629.0
924,0,buTfkkhk,JUGtNdnF,629.0
924,0,rwLqimtK,buTfkkhk,806.0
912,0,Erqjkxzk,KKHFrKGl,302.0
912,0,ltPLChrK,Erqjkxzk,302.0
912,0,FwvYcAgk,ltPLChrK,302.0
913,0,mEqtlIiP,jZLvbydT,174.0
913,0,pNfwvVoI,mEqtlIiP,174.0
913,0,sqkVVOFh,pNfwvVoI,177.0
913,0,DXDxufRt,sqkVVOFh,254.0
913,0,rnnOUpAJ,DXDxufRt,261.0
913,0,NKETZQBF,rnnOUpAJ,261.0
913,0,BcAnDlhE,NKETZQBF,261.0
913,0,gOHjFflk,BcAnDlhE,271.0
913,0,SteiLorf,gOHjFflk,275.0
913,0,NbdCRqNf,SteiLorf,278.0
913,0,smhnGuEj,NbdCRqNf,278.0
913,0,yrrrlzqi,smhnGuEj,278.0
913,0,GUgiDKEG,yrrrlzqi,278.0
913,0,IsszqyIy,GUgiDKEG,278.0
913,0,wBOkqIeG,IsszqyIy,285.0
913,0,hnwTnEQV,wBOkqIeG,302.0
913,0,IKquIbHX,hnwTnEQV,302.0
913,0,oGdoEyKI,IKquIbHX,302.0
913,0,ehvgRqdw,oGdoEyKI,302.0
913,0,WoPCDSeI,ehvgRqdw,360.0
913,0,KKHFrKGl,WoPCDSeI,360.0
913,0,ltPLChrK,KKHFrKGl,310.0
913,0,FwvYcAgk,ltPLChrK,310.0
913,0,mgDGiHEE,FwvYcAgk,310.0
913,0,dQOncjgh,mgDGiHEE,307.0
913,0,QiaFfhxS,dQOncjgh,307.0
913,0,rilNZKmg,QiaFfhxS,307.0
913,0,MgfOYJbA,rilNZKmg,307.0
913,0,qIuTLVvj,MgfOYJbA,307.0
913,0,spmlaYUs,qIuTLVvj,301.0
913,0,qqDoWQdv,spmlaYUs,301.0
913,0,eymgjBxV,qqDoWQdv,240.0
913,0,EonJeQKz,eymgjBxV,240.0
913,0,vkWqgNph,EonJeQKz,240.0
913,0,nJRQzVZQ,vkWqgNph,240.0
913,0,xunvufHj,nJRQzVZQ,239.0
913,0,rxrORjnb,xunvufHj,239.0
913,0,UVDfwOgc,rxrORjnb,239.0
913,0,TJDsQDoO,UVDfwOgc,239.0
913,0,yTictHOU,TJDsQDoO,236.0
913,0,sTaleXyI,yTictHOU,236.0
913,0,illGQStO,sTaleXyI,236.0
913,0,AUrIxxcC,illGQStO,234.0
913,0,zqZasXpA,AUrIxxcC,234.0
913,0,EYGEAZtD,zqZasXpA,234.0
913,0,AJLJQqsT,EYGEAZtD,234.0
913,0,NCSBLEus,AJLJQqsT,234.0
913,0,xfbmoJHP,NCSBLEus,213.0
764,0,bSXtWlOz,MbBQjXCf,46.0
764,0,aviECmtd,bSXtWlOz,69.0
764,0,LMgpokYk,aviECmtd,69.0
764,0,vafAyuvT,LMgpokYk,69.0
764,0,lPyqbuiQ,vafAyuvT,69.0
764,0,uAaGlvRh,lPyqbuiQ,69.0
764,0,GWRhXmMO,uAaGlvRh,69.0
764,0,pLpkESor,GWRhXmMO,69.0
764,0,mgDGiHEE,pLpkESor,79.0
764,0,dQOncjgh,mgDGiHEE,62.0
764,0,QiaFfhxS,dQOncjgh,60.0
764,0,rilNZKmg,QiaFfhxS,60.0
764,0,MgfOYJbA,rilNZKmg,59.0
764,0,qIuTLVvj,MgfOYJbA,59.0
764,0,spmlaYUs,qIuTLVvj,57.0
764,0,qqDoWQdv,spmlaYUs,57.0
764,0,eymgjBxV,qqDoWQdv,57.0
764,0,EonJeQKz,eymgjBxV,57.0
764,0,vkWqgNph,EonJeQKz,57.0
764,0,nJRQzVZQ,vkWqgNph,57.0
764,0,xunvufHj,nJRQzVZQ,46.0
764,0,rxrORjnb,xunvufHj,46.0
764,0,UVDfwOgc,rxrORjnb,46.0
764,0,TJDsQDoO,UVDfwOgc,46.0
764,0,yTictHOU,TJDsQDoO,46.0
764,0,sTaleXyI,yTictHOU,46.0
764,0,illGQStO,sTaleXyI,46.0
764,0,AUrIxxcC,illGQStO,46.0
764,0,zqZasXpA,AUrIxxcC,46.0
764,0,EYGEAZtD,zqZasXpA,46.0
764,0,AJLJQqsT,EYGEAZtD,46.0
764,0,NCSBLEus,AJLJQqsT,46.0
764,0,xfbmoJHP,NCSBLEus,46.0
1118,0,yMrMMnQF,hUQezMGZ,23.0
1118,0,MrQhdzGM,yMrMMnQF,23.0
1118,0,HsmdKMgN,MrQhdzGM,23.0
1118,0,NJsqxdTd,HsmdKMgN,23.0
1118,0,hfbFGrBz,NJsqxdTd,23.0
1118,0,YtTJoBxm,hfbFGrBz,23.0
1118,0,AlpXiRiW,YtTJoBxm,23.0
1118,0,cyLrdsLq,AlpXiRiW,19.0
1118,0,pVHZNTmW,cyLrdsLq,19.0
1118,0,qLlyWzVq,pVHZNTmW,19.0
1118,0,lGJIVvqE,qLlyWzVq,19.0
1118,0,CkiKkxJQ,lGJIVvqE,19.0
1118,0,BmBzVYhd,CkiKkxJQ,19.0
1118,0,DDFCohxX,BmBzVYhd,19.0
1118,0,NfMyQHAw,DDFCohxX,19.0
1118,0,UlmLxwtK,NfMyQHAw,19.0
1118,0,nLuZmKFz,UlmLxwtK,19.0
1118,0,rxrORjnb,nLuZmKFz,19.0
1118,0,yTictHOU,rxrORjnb,12.0
1118,0,sTaleXyI,yTictHOU,12.0
1118,0,illGQStO,sTaleXyI,12.0
1118,0,zqZasXpA,illGQStO,12.0
1118,0,AJLJQqsT,zqZasXpA,12.0
1118,0,NCSBLEus,AJLJQqsT,12.0
1118,0,xfbmoJHP,NCSBLEus,12.0
916,0,oSDoGnju,iKWenAnt,201.0
916,0,efsWTgFW,oSDoGnju,215.0
916,0,csuoPXTA,efsWTgFW,215.0
916,0,NOXvlGiG,csuoPXTA,215.0
916,0,WoPCDSeI,NOXvlGiG,215.0
916,0,ZVaoBYIn,WoPCDSeI,215.0
916,0,KKHFrKGl,ZVaoBYIn,215.0
916,0,Erqjkxzk,KKHFrKGl,197.0
916,0,ltPLChrK,Erqjkxzk,197.0
916,0,FwvYcAgk,ltPLChrK,197.0
916,0,mgDGiHEE,FwvYcAgk,197.0
916,0,dQOncjgh,mgDGiHEE,197.0
916,0,QiaFfhxS,dQOncjgh,197.0
916,0,rilNZKmg,QiaFfhxS,197.0
916,0,MgfOYJbA,rilNZKmg,197.0
916,0,qIuTLVvj,MgfOYJbA,197.0
916,0,spmlaYUs,qIuTLVvj,195.0
916,0,qqDoWQdv,spmlaYUs,195.0
916,0,eymgjBxV,qqDoWQdv,173.0
916,0,EonJeQKz,eymgjBxV,173.0
916,0,vkWqgNph,EonJeQKz,173.0
916,0,nJRQzVZQ,vkWqgNph,173.0
916,0,xunvufHj,nJRQzVZQ,173.0
916,0,rxrORjnb,xunvufHj,173.0
916,0,UVDfwOgc,rxrORjnb,173.0
916,0,TJDsQDoO,UVDfwOgc,173.0
916,0,yTictHOU,TJDsQDoO,173.0
916,0,sTaleXyI,yTictHOU,173.0
916,0,illGQStO,sTaleXyI,173.0
916,0,AUrIxxcC,illGQStO,172.0
916,0,zqZasXpA,AUrIxxcC,172.0
916,0,EYGEAZtD,zqZasXpA,172.0
916,0,AJLJQqsT,EYGEAZtD,172.0
916,0,NCSBLEus,AJLJQqsT,172.0
916,0,xfbmoJHP,NCSBLEus,163.0
916,0,gcIdZvqz,FgmIokcD,28.0
916,0,PRSWWHtT,gcIdZvqz,28.0
916,0,cTiyrkFA,PRSWWHtT,28.0
916,0,CyecXZGv,cTiyrkFA,35.0
916,0,czDOARXC,CyecXZGv,165.0
916,0,MjfuEiNR,czDOARXC,165.0
916,0,sdZgyTvj,MjfuEiNR,165.0
916,0,vcrPzYoe,sdZgyTvj,165.0
916,0,umgwnivO,vcrPzYoe,165.0
916,0,TuCFhCoF,umgwnivO,193.0
916,0,NnDAWHCn,TuCFhCoF,193.0
916,0,Kssiavoh,NnDAWHCn,200.0
916,0,pAoOtqpU,Kssiavoh,200.0
916,0,iKWenAnt,pAoOtqpU,200.0
1622,0,VDSTHuJo,zdgoUaFA,1636.0
1622,0,ImyQzgIv,VDSTHuJo,1672.0
1622,0,BzikVGUK,ImyQzgIv,1672.0
1622,0,lniHSWWA,BzikVGUK,1697.0
1622,0,qaJzTzwj,lniHSWWA,1302.0
46,0,xfbmoJHP,twlwLPZj,3418.0
932,0,xAcbGwmk,woHRqfeu,82.0
932,0,PpqbXLrX,xAcbGwmk,82.0
932,0,dikxlocD,PpqbXLrX,926.0
932,0,FZfLSowG,dikxlocD,926.0
932,0,nGUGLxPd,FZfLSowG,1145.0
932,0,hZwGajtf,nGUGLxPd,1186.0
932,0,zuhYkREh,hZwGajtf,1186.0
932,0,XFpFKXXh,zuhYkREh,1184.0
932,0,LOVJkcJs,XFpFKXXh,1483.0
932,0,BWOvyAui,LOVJkcJs,1483.0
932,0,jWegLIVv,BWOvyAui,1483.0
932,0,fNriHNfS,jWegLIVv,1482.0
932,0,lzHXrFnu,fNriHNfS,1299.0
932,0,DMAMxgNC,lzHXrFnu,1274.0
932,0,qeXIqBgp,DMAMxgNC,1207.0
562,0,saVSzyYs,TEuwlied,177.0
562,0,gzkuviLm,saVSzyYs,177.0
562,0,CkzMckPC,gzkuviLm,177.0
562,0,WywmvGMH,CkzMckPC,177.0
562,0,AesbwnPs,WywmvGMH,177.0
562,0,hzAARBgX,AesbwnPs,177.0
562,0,IjDfGHsr,hzAARBgX,177.0
562,0,TFRpjaAo,IjDfGHsr,177.0
562,0,JhdinCeD,TFRpjaAo,177.0
562,0,ZIieNEvD,JhdinCeD,177.0
562,0,jvLymITs,ZIieNEvD,177.0
562,0,jJVVpGMf,jvLymITs,177.0
562,0,tcYerYbk,jJVVpGMf,177.0
562,0,pPKqPUVW,tcYerYbk,177.0
562,0,iYTiOTOT,pPKqPUVW,177.0
562,0,dLtneiKf,iYTiOTOT,177.0
562,0,slfxTuih,dLtneiKf,177.0
562,0,XFPAZveS,slfxTuih,177.0
562,0,ojqTFFWy,XFPAZveS,169.0
825,0,iHPgoVQd,mSlRsDTZ,134.0
825,0,LEMCEoBI,iHPgoVQd,135.0
825,0,VbipnzIy,LEMCEoBI,148.0
825,0,vLvetIEj,VbipnzIy,161.0
825,0,veZdNrwJ,vLvetIEj,161.0
825,0,UHrZZaJI,veZdNrwJ,161.0
825,0,XYPsfiKq,UHrZZaJI,161.0
825,0,EZonlaGf,XYPsfiKq,184.0
825,0,wcUGKfLa,EZonlaGf,188.0
825,0,ZJxogzZw,wcUGKfLa,154.0
825,0,Uacajbua,ZJxogzZw,154.0
825,0,ZLCIvgrp,Uacajbua,151.0
825,0,ucVTqZIB,ZLCIvgrp,151.0
825,0,FDrhtNjK,ucVTqZIB,151.0
825,0,YVGWiGkc,FDrhtNjK,151.0
825,0,CqPWXNIf,YVGWiGkc,151.0
825,0,iZfXNAue,CqPWXNIf,151.0
825,0,OXvlrfnG,iZfXNAue,105.0
825,0,CgMBzfIg,OXvlrfnG,105.0
825,0,BCwVkMhO,CgMBzfIg,105.0
825,0,MpBHVRZl,BCwVkMhO,105.0
825,0,BWKNZpmt,MpBHVRZl,25.0
825,0,hMBIVszx,BWKNZpmt,25.0
825,0,JgVaSAtG,hMBIVszx,25.0
825,0,QyfZGsFT,JgVaSAtG,25.0
825,0,selTNsQi,QyfZGsFT,25.0
825,0,SfBAqteg,selTNsQi,25.0
825,0,obGcbWvT,SfBAqteg,25.0
825,0,lbFoZTYJ,obGcbWvT,25.0
825,0,wssOAckJ,lbFoZTYJ,24.0
825,0,zzxlwhdI,wssOAckJ,24.0
825,0,SEcoeimf,zzxlwhdI,23.0
825,0,fzmnvqlX,SEcoeimf,21.0
825,0,RyhuDLev,fzmnvqlX,21.0
825,0,KnIeolpt,RyhuDLev,21.0
825,0,GMrJWgHs,KnIeolpt,21.0
825,0,tTjpyeuP,GMrJWgHs,21.0
825,0,iYbcLrkT,tTjpyeuP,21.0
825,0,elxmPCDf,iYbcLrkT,21.0
825,0,tcbhlVZo,elxmPCDf,21.0
825,0,ZqBGCTqq,tcbhlVZo,19.0
825,0,HxnLIWQq,ZqBGCTqq,17.0
825,0,wqGWmwVd,HxnLIWQq,17.0
825,0,ACkvbmee,wqGWmwVd,17.0
825,0,FtWuEuzF,ACkvbmee,17.0
825,0,RtTLxXUv,FtWuEuzF,17.0
825,0,JGydtICe,RtTLxXUv,17.0
825,0,xbhuXgnr,JGydtICe,15.0
825,0,zjGRmLyo,xbhuXgnr,15.0
825,0,EXTmTMKf,zjGRmLyo,15.0
825,0,yfIoPTHo,EXTmTMKf,13.0
825,0,GnOurcjN,yfIoPTHo,13.0
825,0,vHkAlmCm,GnOurcjN,13.0
825,0,WynPMslR,vHkAlmCm,13.0
825,0,qjwSVoCq,WynPMslR,13.0
825,0,WvPJYXMk,qjwSVoCq,13.0
543,0,ocvrxaqr,FhTsxOaf,10.0
543,0,aYZQdfnX,ocvrxaqr,10.0
543,0,oUbtCHRB,aYZQdfnX,10.0
543,0,mNfpWfKJ,oUbtCHRB,10.0
543,0,kSklWvZO,mNfpWfKJ,10.0
543,0,wVKhsyCZ,kSklWvZO,10.0
543,0,oZJRchiN,wVKhsyCZ,10.0
543,0,xmGwLlME,oZJRchiN,10.0
543,0,KcBICYpI,xmGwLlME,10.0
543,0,XQiQvefE,KcBICYpI,10.0
543,0,eyUKPfnA,XQiQvefE,10.0
543,0,ZgqhsueA,eyUKPfnA,10.0
543,0,YvwuVYMF,ZgqhsueA,10.0
543,0,FZsFzszJ,YvwuVYMF,10.0
543,0,ALhaazBT,FZsFzszJ,3.0
543,0,ZijVddwt,ALhaazBT,3.0
235,0,fkZFUNSd,jFmPCmzM,8166.0
1176,0,PyfNKmSh,IAmXeTgg,159.0
1176,0,tHYrXQBJ,DsTGnVil,1156.0
1176,0,cIVzRhGw,tHYrXQBJ,1156.0
1176,0,fxlmulxX,cIVzRhGw,1156.0
1176,0,NPkfSYbt,fxlmulxX,1156.0
1176,0,EcbaOvXo,NPkfSYbt,1029.0
1176,0,GEGYzlFG,EcbaOvXo,1029.0
1176,0,gRFfvBeo,GEGYzlFG,1029.0
1176,0,VRIIzByt,gRFfvBeo,1029.0
1176,0,NayUSBAK,VRIIzByt,1029.0
1176,0,VWFAQayS,NayUSBAK,1029.0
1176,0,TCQmGnBb,IzKulrBJ,1038.0
1176,0,JJzKKoaf,TCQmGnBb,1038.0
1176,0,DsTGnVil,JJzKKoaf,1232.0
1111,0,ApUtMocY,IypCuTzh,485.0
1111,0,fwlhPJed,ApUtMocY,467.0
1111,0,KGmhUhiY,fwlhPJed,467.0
1111,0,yMrMMnQF,KGmhUhiY,467.0
1111,0,dlQsfdCi,yMrMMnQF,467.0
1111,0,HsmdKMgN,dlQsfdCi,467.0
1111,0,cWOjTgHp,HsmdKMgN,467.0
1111,0,NJsqxdTd,cWOjTgHp,467.0
1111,0,hfbFGrBz,NJsqxdTd,467.0
1111,0,YtTJoBxm,hfbFGrBz,467.0
1111,0,AlpXiRiW,YtTJoBxm,467.0
1111,0,cyLrdsLq,AlpXiRiW,378.0
1111,0,pVHZNTmW,cyLrdsLq,370.0
1111,0,qLlyWzVq,pVHZNTmW,370.0
1111,0,lGJIVvqE,qLlyWzVq,370.0
1111,0,CkiKkxJQ,lGJIVvqE,353.0
1111,0,AdloNpXg,CkiKkxJQ,350.0
1111,0,BmBzVYhd,AdloNpXg,350.0
1111,0,YcVwXeam,BmBzVYhd,340.0
1111,0,DDFCohxX,YcVwXeam,340.0
1111,0,NfMyQHAw,DDFCohxX,340.0
1111,0,PfZAlPvE,NfMyQHAw,334.0
1111,0,UlmLxwtK,PfZAlPvE,334.0
1111,0,nLuZmKFz,UlmLxwtK,323.0
1111,0,nJRQzVZQ,nLuZmKFz,323.0
1111,0,rxrORjnb,nJRQzVZQ,288.0
1111,0,TJDsQDoO,rxrORjnb,288.0
1111,0,yTictHOU,TJDsQDoO,284.0
1111,0,illGQStO,yTictHOU,276.0
1111,0,zqZasXpA,illGQStO,272.0
1111,0,AJLJQqsT,zqZasXpA,272.0
1111,0,NCSBLEus,AJLJQqsT,265.0
1111,0,xfbmoJHP,NCSBLEus,265.0
1111,0,IypCuTzh,bqxardHa,449.0
535,0,uzcbLUNR,GOFbtMrp,422.0
535,0,zezeKItL,uzcbLUNR,422.0
535,0,VpHOqNar,zezeKItL,422.0
535,0,vDTAjOOR,VpHOqNar,422.0
535,0,UDUmRzWP,vDTAjOOR,389.0
535,0,kVWwehGs,UDUmRzWP,389.0
535,0,ixhHdGBo,kVWwehGs,389.0
535,0,agMXkLfj,ixhHdGBo,84.0
619,0,TsaeiIGv,EkWBPXmr,1.0
619,0,OsBkWRQx,TsaeiIGv,1.0
619,0,udlIzhJE,OsBkWRQx,1.0
619,0,DeduXMzE,udlIzhJE,1.0
619,0,GXHjZCTL,DeduXMzE,1.0
619,0,yolIeCeg,GXHjZCTL,1.0
619,0,ozAxYCwR,yolIeCeg,1.0
619,0,qdrjbHYS,ozAxYCwR,1.0
619,0,AKdDiXyV,qdrjbHYS,1.0
619,0,gRuqifBH,AKdDiXyV,1.0
619,0,kZdBhxvo,gRuqifBH,1.0
619,0,ZBkAAevT,kZdBhxvo,1.0
619,0,cMinRgYB,ZBkAAevT,1.0
619,0,LRmPOeoe,cMinRgYB,1.0
619,0,tBNXSyMW,LRmPOeoe,1.0
619,0,ArHpJhVJ,tBNXSyMW,1.0
619,0,tWpVdCtj,ArHpJhVJ,1.0
619,0,EdJUuxct,tWpVdCtj,1.0
619,0,gmiMCrrb,EdJUuxct,1.0
619,0,OoNwiPDT,gmiMCrrb,1.0
619,0,ftvNhZKM,OoNwiPDT,1.0
619,0,KLTxOJqh,ftvNhZKM,1.0
619,0,VLKPcfHc,KLTxOJqh,1.0
619,0,idAQxYim,VLKPcfHc,1.0
619,0,ldInPGbn,idAQxYim,1.0
619,0,WGEhEMgb,ldInPGbn,2.0
619,0,WblAIghg,WGEhEMgb,2.0
619,0,yXfOYhmg,WblAIghg,2.0
619,0,cHOtlpNd,yXfOYhmg,2.0
619,0,bDgEiJAh,cHOtlpNd,2.0
619,0,HYSXwpsm,bDgEiJAh,2.0
619,0,MAxpakLW,HYSXwpsm,2.0
619,0,iTmItNpT,MAxpakLW,2.0
619,0,ijmqRmKp,iTmItNpT,3.0
619,0,eDjMEvVD,ijmqRmKp,3.0
619,0,EsrGPUnZ,eDjMEvVD,4.0
619,0,pobpsCoK,EsrGPUnZ,4.0
619,0,FzyHNJLL,pobpsCoK,4.0
619,0,HdLAxGDi,FzyHNJLL,5.0
966,0,MBttAlCW,ZAfIffxq,555.0
123,0,hTBkjNzq,MyzUerZz,33.0
123,0,aCcokpIU,hTBkjNzq,52.0
123,0,IWuAfYeM,aCcokpIU,56.0
123,0,AKEMZMhk,IWuAfYeM,56.0
123,0,oXDhDxhT,AKEMZMhk,56.0
123,0,twlwLPZj,oXDhDxhT,56.0
123,0,NjRgIRup,twlwLPZj,61.0
123,0,ygaPVVOX,NjRgIRup,199.0
123,0,SgmzKmGa,ygaPVVOX,199.0
123,0,oaiHprKy,SgmzKmGa,208.0
123,0,EKGAgXOm,oaiHprKy,208.0
123,0,RqCzrtQl,EKGAgXOm,208.0
123,0,CfDISmMN,RqCzrtQl,209.0
123,0,CtzBEXfZ,CfDISmMN,209.0
123,0,RpAFtJSl,CtzBEXfZ,209.0
123,0,PcvuCqyL,RpAFtJSl,209.0
123,0,CxeJhmQn,PcvuCqyL,221.0
123,0,TmbwpUyz,CxeJhmQn,221.0
123,0,rREIWzym,TmbwpUyz,227.0
123,0,rluMkzbt,rREIWzym,246.0
123,0,oTXyBJNn,rluMkzbt,262.0
123,0,AIvMrZbX,oTXyBJNn,262.0
123,0,DFuWYygu,AIvMrZbX,262.0
123,0,iKWaHdND,DFuWYygu,262.0
123,0,sZMRTtVP,iKWaHdND,262.0
123,0,INegqJKU,sZMRTtVP,262.0
123,0,MyzUerZz,WlkKexEs,29.0
619,0,gozRELiL,HdLAxGDi,4.0
1054,0,Rpsmzdru,rGxpSglN,29.0
1054,0,rluMkzbt,Rpsmzdru,29.0
1054,0,oTXyBJNn,rluMkzbt,29.0
1054,0,AIvMrZbX,oTXyBJNn,29.0
1054,0,DFuWYygu,AIvMrZbX,29.0
1054,0,iKWaHdND,DFuWYygu,29.0
1054,0,sZMRTtVP,iKWaHdND,29.0
1054,0,INegqJKU,sZMRTtVP,29.0
123,0,TcEVvOUM,AszcEtOu,15.0
123,0,qGnNRXVR,TcEVvOUM,15.0
123,0,ouPwTbuD,qGnNRXVR,15.0
123,0,MwLdaJul,ouPwTbuD,15.0
123,0,QUMnpJQp,MwLdaJul,17.0
123,0,FyIjwLBj,QUMnpJQp,17.0
123,0,vXPGJwVk,FyIjwLBj,17.0
123,0,qzuHypgA,vXPGJwVk,17.0
123,0,KCMgfriT,qzuHypgA,18.0
123,0,hVMLOzME,KCMgfriT,20.0
123,0,TDvESTZN,hVMLOzME,20.0
123,0,WlkKexEs,TDvESTZN,20.0
123,0,AszcEtOu,BpAiVnps,3.0
1054,0,TjHiuybL,lxkWqJCv,9.0
1054,0,rGxpSglN,TjHiuybL,9.0
1048,0,rluMkzbt,hSpdOQMh,58.0
1059,0,TsaeiIGv,EkWBPXmr,30.0
1059,0,OsBkWRQx,TsaeiIGv,63.0
1059,0,udlIzhJE,OsBkWRQx,63.0
1059,0,DeduXMzE,udlIzhJE,70.0
1059,0,GXHjZCTL,DeduXMzE,70.0
1059,0,yolIeCeg,GXHjZCTL,70.0
1059,0,ozAxYCwR,yolIeCeg,70.0
1059,0,qdrjbHYS,ozAxYCwR,70.0
1059,0,AKdDiXyV,qdrjbHYS,101.0
1059,0,gRuqifBH,AKdDiXyV,101.0
1059,0,kZdBhxvo,gRuqifBH,114.0
1059,0,ZBkAAevT,kZdBhxvo,114.0
1059,0,cMinRgYB,ZBkAAevT,114.0
1059,0,LRmPOeoe,cMinRgYB,114.0
1059,0,tBNXSyMW,LRmPOeoe,114.0
1059,0,ArHpJhVJ,tBNXSyMW,114.0
1059,0,tWpVdCtj,ArHpJhVJ,121.0
1059,0,EdJUuxct,tWpVdCtj,121.0
1059,0,gmiMCrrb,EdJUuxct,121.0
1059,0,DzkWADkh,gmiMCrrb,152.0
1059,0,MjMnNBLG,DzkWADkh,152.0
1059,0,XiRzIewe,MjMnNBLG,152.0
1059,0,HEshVETB,XiRzIewe,189.0
1059,0,WKWTpoqQ,HEshVETB,189.0
1059,0,WlkKexEs,WKWTpoqQ,189.0
1059,0,MyzUerZz,WlkKexEs,189.0
1059,0,hTBkjNzq,MyzUerZz,189.0
1059,0,aCcokpIU,hTBkjNzq,189.0
1059,0,IWuAfYeM,aCcokpIU,203.0
1059,0,AKEMZMhk,IWuAfYeM,203.0
1059,0,oXDhDxhT,AKEMZMhk,203.0
1059,0,twlwLPZj,oXDhDxhT,210.0
1059,0,NjRgIRup,twlwLPZj,210.0
1059,0,ygaPVVOX,NjRgIRup,210.0
1059,0,SgmzKmGa,ygaPVVOX,210.0
922,0,ygaPVVOX,NjRgIRup,3515.0
922,0,SgmzKmGa,ygaPVVOX,3517.0
122,0,hkXbXhZN,scqbdPBp,2.0
122,0,TgpuXBqx,hkXbXhZN,2.0
122,0,IyPglFnI,TgpuXBqx,8.0
122,0,atGiINkp,IyPglFnI,8.0
122,0,tFIeEodn,atGiINkp,8.0
122,0,yeBNAVLu,tFIeEodn,8.0
122,0,xokKvraT,yeBNAVLu,8.0
122,0,HaSZVkzu,xokKvraT,8.0
122,0,yjaYbUGq,HaSZVkzu,8.0
122,0,LbyQgJih,yjaYbUGq,8.0
122,0,FPXdCAOW,LbyQgJih,8.0
122,0,ouHKxPGS,FPXdCAOW,8.0
122,0,GEijdcGW,ouHKxPGS,8.0
727,0,nsbHlbAq,WhHfbZWj,5836.0
727,0,cwgbfpqq,nsbHlbAq,5880.0
727,0,fMrlznIn,cwgbfpqq,5850.0
727,0,uXKxCjNA,fMrlznIn,5850.0
727,0,bOiSLYGO,uXKxCjNA,5850.0
727,0,WFZVQzrl,bOiSLYGO,4693.0
730,0,cCEhgrAc,udlIzhJE,2.0
730,0,cfShLPmI,cCEhgrAc,2.0
730,0,tWKcfmbS,cfShLPmI,2.0
730,0,zXtHnUiq,tWKcfmbS,2.0
730,0,GfBReROC,zXtHnUiq,2.0
730,0,AjXddPle,GfBReROC,2.0
730,0,RjboLjDb,AjXddPle,2.0
730,0,FyJXToWe,RjboLjDb,2.0
730,0,rINNylNh,FyJXToWe,2.0
730,0,tjcxfrSB,rINNylNh,2.0
730,0,rHyPKpnR,tjcxfrSB,2.0
730,0,lhvdYjIr,rHyPKpnR,2.0
730,0,XkyHnVdm,lhvdYjIr,2.0
730,0,aTKTVXJW,XkyHnVdm,2.0
730,0,nFbddFoX,aTKTVXJW,2.0
730,0,GudLituF,nFbddFoX,2.0
730,0,eJrsnsoz,GudLituF,2.0
730,0,qAUjPEMf,eJrsnsoz,2.0
730,0,isMwZYXy,qAUjPEMf,2.0
730,0,SogEaGxk,isMwZYXy,2.0
730,0,lCifaItn,SogEaGxk,2.0
730,0,dFlAswnV,lCifaItn,2.0
730,0,pjTBCsVx,dFlAswnV,2.0
730,0,XMFZXZdV,pjTBCsVx,2.0
730,0,DxyTpirl,XMFZXZdV,2.0
730,0,xvojPNrb,DxyTpirl,2.0
730,0,ZAfIffxq,xvojPNrb,2.0
730,0,MBttAlCW,ZAfIffxq,2.0
730,0,XCXPEDQh,MBttAlCW,2.0
730,0,FXyPWyvF,XCXPEDQh,2.0
730,0,vjmwMJTT,FXyPWyvF,2.0
730,0,IsTbDzyj,vjmwMJTT,11.0
909,0,yTOnYgGF,EsTStEav,69.0
909,0,mXosqjnx,yTOnYgGF,69.0
730,0,TsaeiIGv,EkWBPXmr,1.0
730,0,OsBkWRQx,TsaeiIGv,1.0
730,0,udlIzhJE,OsBkWRQx,1.0
909,0,JyqrAKLu,TCMQvOqy,23.0
909,0,XxhwFmzZ,JyqrAKLu,23.0
909,0,QZgueNIh,XxhwFmzZ,23.0
909,0,JFVlrPHE,QZgueNIh,23.0
909,0,cpLivUai,JFVlrPHE,23.0
909,0,fKUdbDza,cpLivUai,23.0
909,0,DATqCMmz,fKUdbDza,26.0
909,0,ILgjTtXh,DATqCMmz,26.0
909,0,SUgOBtjk,ILgjTtXh,26.0
909,0,JtZjSNXW,SUgOBtjk,26.0
909,0,RLMiJrFV,JtZjSNXW,26.0
909,0,cYArvsJE,RLMiJrFV,26.0
909,0,EeAWpikH,cYArvsJE,26.0
909,0,rrYLcPKJ,EeAWpikH,26.0
909,0,IbNLqAKw,rrYLcPKJ,26.0
909,0,XeefDCzo,IbNLqAKw,44.0
909,0,UDPMiWKD,XeefDCzo,44.0
909,0,ypjNmqeK,UDPMiWKD,44.0
909,0,VCGhveHG,VQfPRvUw,1.0
909,0,WQdyWhSR,VCGhveHG,1.0
909,0,vCGIyJLJ,WQdyWhSR,1.0
909,0,VXthmpcS,vCGIyJLJ,1.0
909,0,xuEvBBdE,VXthmpcS,22.0
909,0,rAizOLWV,xuEvBBdE,22.0
909,0,JdZarNsv,rAizOLWV,22.0
909,0,NmilzqZp,JdZarNsv,22.0
909,0,TCMQvOqy,NmilzqZp,22.0
730,0,zyATMMRX,IsTbDzyj,13.0
730,0,XJpVddlh,zyATMMRX,13.0
909,0,EsTStEav,ypjNmqeK,37.0
910,0,EpCFePOD,vOivHtRX,15.0
750,0,eViNbjWB,MtbBZIqI,158.0
619,0,eIBTCCCb,gozRELiL,2.0
619,0,IWkYeNgA,eIBTCCCb,2.0
619,0,dbNaZeWx,IWkYeNgA,2.0
1048,0,kZdBhxvo,gRuqifBH,57.0
1048,0,ZBkAAevT,kZdBhxvo,93.0
1048,0,cMinRgYB,ZBkAAevT,93.0
1048,0,LRmPOeoe,cMinRgYB,93.0
1048,0,tBNXSyMW,LRmPOeoe,93.0
1048,0,ArHpJhVJ,tBNXSyMW,93.0
1048,0,tWpVdCtj,ArHpJhVJ,95.0
1048,0,EdJUuxct,tWpVdCtj,95.0
1048,0,gmiMCrrb,EdJUuxct,95.0
1048,0,DzkWADkh,gmiMCrrb,121.0
1048,0,MjMnNBLG,DzkWADkh,121.0
1048,0,XiRzIewe,MjMnNBLG,121.0
1048,0,HEshVETB,XiRzIewe,163.0
1048,0,WKWTpoqQ,HEshVETB,163.0
1048,0,WlkKexEs,WKWTpoqQ,163.0
1048,0,MyzUerZz,WlkKexEs,177.0
1048,0,hTBkjNzq,MyzUerZz,224.0
1048,0,aCcokpIU,hTBkjNzq,261.0
1048,0,IWuAfYeM,aCcokpIU,265.0
1048,0,AKEMZMhk,IWuAfYeM,265.0
1048,0,oXDhDxhT,AKEMZMhk,265.0
1048,0,twlwLPZj,oXDhDxhT,268.0
1048,0,NjRgIRup,twlwLPZj,268.0
1048,0,ygaPVVOX,NjRgIRup,538.0
1048,0,SgmzKmGa,ygaPVVOX,538.0
1048,0,oaiHprKy,SgmzKmGa,564.0
1048,0,EKGAgXOm,oaiHprKy,564.0
1048,0,RqCzrtQl,EKGAgXOm,564.0
1048,0,CfDISmMN,RqCzrtQl,564.0
1048,0,hSpdOQMh,CfDISmMN,892.0
984,0,RLMiJrFV,JtZjSNXW,1774.0
984,0,cYArvsJE,RLMiJrFV,1774.0
984,0,EeAWpikH,cYArvsJE,1774.0
984,0,rrYLcPKJ,EeAWpikH,1774.0
984,0,IbNLqAKw,rrYLcPKJ,1774.0
297,0,RLMiJrFV,JtZjSNXW,244.0
297,0,cYArvsJE,RLMiJrFV,244.0
297,0,EeAWpikH,cYArvsJE,244.0
297,0,rrYLcPKJ,EeAWpikH,244.0
297,0,IbNLqAKw,rrYLcPKJ,244.0
171,0,RLMiJrFV,JtZjSNXW,25.0
171,0,cYArvsJE,RLMiJrFV,25.0
171,0,EeAWpikH,cYArvsJE,25.0
171,0,rrYLcPKJ,EeAWpikH,25.0
171,0,IbNLqAKw,rrYLcPKJ,25.0
730,0,CkgzgDTz,XJpVddlh,8.0
730,0,AaOxIRuX,CkgzgDTz,11.0
730,0,mOxeJcai,AaOxIRuX,11.0
730,0,IbNLqAKw,mOxeJcai,11.0
919,0,UosQUisT,Jrutayet,24.0
919,0,FQOgjaka,UosQUisT,24.0
919,0,URvEqJxF,FQOgjaka,24.0
919,0,JalqBTeK,URvEqJxF,24.0
919,0,UAwQbGIv,JalqBTeK,24.0
919,0,HyvnzuHA,UAwQbGIv,24.0
684,0,KTHxRvtW,GhNbXpjs,1888.0
684,0,gRVxNCAP,KTHxRvtW,1906.0
684,0,FHkpxOov,gRVxNCAP,1906.0
711,0,AszcEtOu,BpAiVnps,1177.0
711,0,TcEVvOUM,AszcEtOu,1562.0
779,0,pFQacbfu,AOtPxxNt,4656.0
779,0,ZecyfkGE,pFQacbfu,4656.0
779,0,aNlaxeLS,ZecyfkGE,4520.0
779,0,zBPHjWVd,aNlaxeLS,4520.0
779,0,rPcYYZtd,zBPHjWVd,4522.0
779,0,ngtiheSM,rPcYYZtd,4322.0
821,0,LjhqQBRt,FgbDpeSh,273.0
821,0,HdFJhFPb,LjhqQBRt,279.0
821,0,BUdgWiYp,HdFJhFPb,279.0
821,0,uYhYmSwb,BUdgWiYp,284.0
821,0,wcUGKfLa,uYhYmSwb,284.0
821,0,ZJxogzZw,wcUGKfLa,203.0
821,0,Uacajbua,ZJxogzZw,203.0
821,0,ZLCIvgrp,Uacajbua,203.0
821,0,ucVTqZIB,ZLCIvgrp,203.0
821,0,FDrhtNjK,ucVTqZIB,203.0
821,0,YVGWiGkc,FDrhtNjK,203.0
821,0,CqPWXNIf,YVGWiGkc,203.0
821,0,iZfXNAue,CqPWXNIf,201.0
821,0,OXvlrfnG,iZfXNAue,166.0
821,0,CgMBzfIg,OXvlrfnG,164.0
821,0,BCwVkMhO,CgMBzfIg,164.0
821,0,MpBHVRZl,BCwVkMhO,164.0
821,0,BWKNZpmt,MpBHVRZl,68.0
821,0,hMBIVszx,BWKNZpmt,68.0
821,0,JgVaSAtG,hMBIVszx,68.0
821,0,QyfZGsFT,JgVaSAtG,67.0
821,0,selTNsQi,QyfZGsFT,67.0
821,0,SfBAqteg,selTNsQi,67.0
821,0,obGcbWvT,SfBAqteg,67.0
821,0,wssOAckJ,obGcbWvT,65.0
821,0,zzxlwhdI,wssOAckJ,65.0
821,0,SEcoeimf,zzxlwhdI,50.0
821,0,fzmnvqlX,SEcoeimf,50.0
821,0,RyhuDLev,fzmnvqlX,50.0
821,0,KnIeolpt,RyhuDLev,48.0
821,0,GMrJWgHs,KnIeolpt,48.0
821,0,tTjpyeuP,GMrJWgHs,48.0
821,0,elxmPCDf,tTjpyeuP,48.0
821,0,tcbhlVZo,elxmPCDf,48.0
821,0,ZqBGCTqq,tcbhlVZo,48.0
821,0,HxnLIWQq,ZqBGCTqq,46.0
821,0,wqGWmwVd,HxnLIWQq,46.0
821,0,ACkvbmee,wqGWmwVd,46.0
821,0,FtWuEuzF,ACkvbmee,46.0
821,0,RtTLxXUv,FtWuEuzF,46.0
821,0,JGydtICe,RtTLxXUv,46.0
821,0,xbhuXgnr,JGydtICe,46.0
821,0,zjGRmLyo,xbhuXgnr,46.0
821,0,EXTmTMKf,zjGRmLyo,46.0
821,0,yfIoPTHo,EXTmTMKf,46.0
821,0,GnOurcjN,yfIoPTHo,46.0
821,0,vHkAlmCm,GnOurcjN,46.0
821,0,WynPMslR,vHkAlmCm,46.0
821,0,jQaLNViL,WynPMslR,46.0
821,0,RfEbENxd,jQaLNViL,12.0
821,0,uxsctOEt,RfEbENxd,12.0
1262,0,VgUdLlOW,hpACGGyB,2097.0
1262,0,ywuGpANM,VgUdLlOW,2112.0
1262,0,BZCtSmhk,ywuGpANM,2818.0
1262,0,aojHvPEg,BZCtSmhk,2818.0
1262,0,qeXIqBgp,aojHvPEg,2818.0
1262,0,gmsNDepi,qeXIqBgp,2965.0
1125,0,yRjqmRuq,BsRMZbGV,458.0
1125,0,pTTspriv,yRjqmRuq,458.0
1059,0,oaiHprKy,SgmzKmGa,106.0
1059,0,EKGAgXOm,oaiHprKy,106.0
1059,0,RqCzrtQl,EKGAgXOm,106.0
1059,0,CfDISmMN,RqCzrtQl,105.0
922,0,oaiHprKy,SgmzKmGa,3462.0
922,0,EKGAgXOm,oaiHprKy,3462.0
922,0,RqCzrtQl,EKGAgXOm,3462.0
922,0,CfDISmMN,RqCzrtQl,3420.0
128,0,ygaPVVOX,NjRgIRup,1.0
128,0,SgmzKmGa,ygaPVVOX,1.0
128,0,oaiHprKy,SgmzKmGa,1.0
128,0,EKGAgXOm,oaiHprKy,1.0
128,0,RqCzrtQl,EKGAgXOm,1.0
128,0,CfDISmMN,RqCzrtQl,1.0
128,0,CtzBEXfZ,CfDISmMN,1.0
128,0,RpAFtJSl,CtzBEXfZ,1.0
128,0,PcvuCqyL,RpAFtJSl,1.0
128,0,ItWJsmqN,PcvuCqyL,3.0
128,0,QOMpmplr,ItWJsmqN,5.0
128,0,HNejbQWJ,QOMpmplr,5.0
128,0,dQfoCLXo,HNejbQWJ,5.0
128,0,TatGKSDD,dQfoCLXo,5.0
128,0,tDDYXOza,TatGKSDD,5.0
128,0,LdNZcaVd,tDDYXOza,5.0
128,0,XgeKmxEU,LdNZcaVd,5.0
128,0,ASAgeGQh,XgeKmxEU,5.0
128,0,vQqKfyzC,ASAgeGQh,5.0
128,0,RgDNNvUZ,vQqKfyzC,1.0
123,0,gjxAdJvF,INegqJKU,131.0
123,0,glTmyjXZ,gjxAdJvF,131.0
123,0,TMphlUsu,glTmyjXZ,131.0
123,0,xKAfsjzf,TMphlUsu,131.0
736,0,vDFCntfg,YvwuVYMF,6512.0
736,0,iEKDTvNf,vDFCntfg,6538.0
736,0,MyGqmywG,iEKDTvNf,6538.0
922,0,CtzBEXfZ,CfDISmMN,3514.0
1059,0,RpAFtJSl,CfDISmMN,104.0
984,0,UxEHDofF,IbNLqAKw,1512.0
984,0,KORPbuyR,UxEHDofF,1512.0
984,0,JfIhOMTg,KORPbuyR,1512.0
984,0,JdJprycd,JfIhOMTg,1512.0
297,0,UxEHDofF,IbNLqAKw,202.0
297,0,KORPbuyR,UxEHDofF,202.0
297,0,JfIhOMTg,KORPbuyR,202.0
297,0,JdJprycd,JfIhOMTg,202.0
171,0,UxEHDofF,IbNLqAKw,19.0
171,0,KORPbuyR,UxEHDofF,19.0
171,0,JfIhOMTg,KORPbuyR,19.0
171,0,JdJprycd,JfIhOMTg,19.0
922,0,RpAFtJSl,CtzBEXfZ,3194.0
922,0,PcvuCqyL,RpAFtJSl,3194.0
1059,0,PcvuCqyL,RpAFtJSl,99.0
123,0,ngHNiWhD,xKAfsjzf,108.0
123,0,ZcBdJkwp,ngHNiWhD,108.0
1054,0,gjxAdJvF,INegqJKU,2.0
1054,0,glTmyjXZ,gjxAdJvF,2.0
1054,0,TMphlUsu,glTmyjXZ,2.0
1054,0,xKAfsjzf,TMphlUsu,2.0
1054,0,ngHNiWhD,xKAfsjzf,2.0
1054,0,ZcBdJkwp,ngHNiWhD,2.0
1672,0,frLbpljr,GwjQuetc,48.0
1672,0,FPjpeXlp,frLbpljr,48.0
1672,0,vXwparSo,FPjpeXlp,40.0
1672,0,izsRTGJN,vXwparSo,26.0
1672,0,CAuqyjUy,izsRTGJN,26.0
1672,0,cIVzRhGw,CAuqyjUy,26.0
1672,0,fxlmulxX,cIVzRhGw,26.0
1672,0,NPkfSYbt,fxlmulxX,26.0
1672,0,VWFAQayS,NPkfSYbt,26.0
1659,0,juEdhOMs,vfRjIFnr,158.0
1659,0,ocUywYfN,juEdhOMs,158.0
1659,0,cPMyJryL,ocUywYfN,158.0
1659,0,eiOwifcC,cPMyJryL,158.0
1059,0,ItWJsmqN,PcvuCqyL,98.0
922,0,ItWJsmqN,PcvuCqyL,3069.0
129,0,ttuFHhig,huecLIWR,1.0
129,0,WjngiDTm,ttuFHhig,1.0
129,0,jEhGDfoN,WjngiDTm,1.0
984,0,kIKddsaQ,JdJprycd,1443.0
984,0,eJBRTpyb,kIKddsaQ,1443.0
984,0,dvaPHMux,eJBRTpyb,1443.0
297,0,eJBRTpyb,JdJprycd,170.0
297,0,dvaPHMux,eJBRTpyb,170.0
171,0,eJBRTpyb,JdJprycd,16.0
171,0,dvaPHMux,eJBRTpyb,16.0
730,0,UxEHDofF,IbNLqAKw,8.0
730,0,KORPbuyR,UxEHDofF,8.0
730,0,JfIhOMTg,KORPbuyR,8.0
730,0,JdJprycd,JfIhOMTg,8.0
730,0,eJBRTpyb,JdJprycd,8.0
730,0,dvaPHMux,eJBRTpyb,8.0
1067,0,DeduXMzE,udlIzhJE,85.0
1067,0,GXHjZCTL,DeduXMzE,135.0
1067,0,yolIeCeg,GXHjZCTL,135.0
1067,0,ozAxYCwR,yolIeCeg,135.0
1067,0,qdrjbHYS,ozAxYCwR,153.0
1067,0,AKdDiXyV,qdrjbHYS,170.0
1067,0,gRuqifBH,AKdDiXyV,359.0
1067,0,kZdBhxvo,gRuqifBH,359.0
1067,0,ZBkAAevT,kZdBhxvo,359.0
1067,0,cMinRgYB,ZBkAAevT,359.0
1067,0,LRmPOeoe,cMinRgYB,359.0
1067,0,tBNXSyMW,LRmPOeoe,359.0
1067,0,ArHpJhVJ,tBNXSyMW,359.0
1067,0,tWpVdCtj,ArHpJhVJ,359.0
1067,0,gmiMCrrb,tWpVdCtj,359.0
1067,0,DzkWADkh,gmiMCrrb,382.0
1067,0,MjMnNBLG,DzkWADkh,382.0
1067,0,udKeccMr,MjMnNBLG,393.0
1067,0,HEshVETB,udKeccMr,393.0
1067,0,WKWTpoqQ,HEshVETB,393.0
1067,0,WlkKexEs,WKWTpoqQ,411.0
1067,0,MyzUerZz,WlkKexEs,897.0
1067,0,aCcokpIU,MyzUerZz,1182.0
1067,0,IWuAfYeM,aCcokpIU,1565.0
1067,0,AKEMZMhk,IWuAfYeM,1565.0
1067,0,oXDhDxhT,AKEMZMhk,1565.0
1067,0,twlwLPZj,oXDhDxhT,1566.0
1067,0,NjRgIRup,twlwLPZj,1837.0
1067,0,ygaPVVOX,NjRgIRup,2003.0
1067,0,SgmzKmGa,ygaPVVOX,2003.0
1067,0,EKGAgXOm,SgmzKmGa,2007.0
1067,0,CfDISmMN,EKGAgXOm,2007.0
1067,0,PcvuCqyL,CfDISmMN,2013.0
1067,0,QOMpmplr,PcvuCqyL,2056.0
1067,0,HNejbQWJ,QOMpmplr,2067.0
1067,0,UoWNmGnJ,HNejbQWJ,2202.0
1067,0,TatGKSDD,UoWNmGnJ,2202.0
1048,0,awOEKaEj,qdrjbHYS,43.0
1048,0,gRuqifBH,awOEKaEj,43.0
1047,0,gIrHwcsI,ouHKxPGS,18.0
528,0,SEjojzMr,TgzZcdmy,5915.0
528,0,oBYetVBr,SEjojzMr,7870.0
528,0,QDIpIlEK,oBYetVBr,8197.0
273,0,fkZFUNSd,TrOiZJox,2865.0
273,0,JYrrjUtU,fkZFUNSd,2865.0
273,0,cttUtMNm,JYrrjUtU,2865.0
273,0,wHfmVQMh,cttUtMNm,2864.0
273,0,mdGitRQe,wHfmVQMh,2461.0
273,0,RVGhYAxc,mdGitRQe,2190.0
1124,0,SPorkGXj,OUlPxErG,176.0
1124,0,IJbUVGLH,SPorkGXj,186.0
1124,0,ZqOseExI,IJbUVGLH,186.0
1124,0,FdBCLyPI,ZqOseExI,186.0
1124,0,CrOFTJlw,FdBCLyPI,186.0
1124,0,PyGiRErs,CrOFTJlw,186.0
1124,0,JbCujTci,PyGiRErs,186.0
1124,0,NAwFzVQz,RuqLEiFp,128.0
1124,0,jEliwrSM,NAwFzVQz,141.0
1124,0,OUlPxErG,jEliwrSM,141.0
1124,0,exRzHfND,KyrNRMTR,110.0
1124,0,slwzdYAd,exRzHfND,110.0
1124,0,phodyDNv,slwzdYAd,116.0
1124,0,RuqLEiFp,phodyDNv,116.0
1128,0,JYjcxadu,tKHOTHLP,365.0
1128,0,dIzWcSEA,JYjcxadu,365.0
1128,0,YIEuAZyW,dIzWcSEA,337.0
1128,0,iIARpDWU,YIEuAZyW,337.0
1128,0,BDmybVdG,iIARpDWU,16.0
750,0,rDmQAEpc,BDmybVdG,155.0
750,0,sKXIofXa,rDmQAEpc,155.0
750,0,MtbBZIqI,sKXIofXa,155.0
1066,0,ygaPVVOX,NjRgIRup,408.0
1066,0,SgmzKmGa,ygaPVVOX,408.0
1066,0,oaiHprKy,SgmzKmGa,411.0
1066,0,EKGAgXOm,oaiHprKy,411.0
1066,0,RqCzrtQl,EKGAgXOm,411.0
1066,0,CfDISmMN,RqCzrtQl,411.0
1066,0,RpAFtJSl,CfDISmMN,473.0
1066,0,PcvuCqyL,RpAFtJSl,473.0
1066,0,QOMpmplr,PcvuCqyL,473.0
1066,0,HNejbQWJ,QOMpmplr,478.0
1066,0,NIAyNhca,HNejbQWJ,478.0
1066,0,ZBkAAevT,kZdBhxvo,4.0
1066,0,cMinRgYB,ZBkAAevT,4.0
1066,0,LRmPOeoe,cMinRgYB,4.0
1066,0,tBNXSyMW,LRmPOeoe,4.0
1066,0,ArHpJhVJ,tBNXSyMW,4.0
1066,0,tWpVdCtj,ArHpJhVJ,4.0
1066,0,EdJUuxct,tWpVdCtj,4.0
1066,0,gmiMCrrb,EdJUuxct,4.0
1066,0,DzkWADkh,gmiMCrrb,4.0
1066,0,MjMnNBLG,DzkWADkh,4.0
1066,0,XiRzIewe,MjMnNBLG,4.0
1066,0,HEshVETB,XiRzIewe,4.0
1066,0,WKWTpoqQ,HEshVETB,4.0
1066,0,WlkKexEs,WKWTpoqQ,4.0
1066,0,MyzUerZz,WlkKexEs,165.0
1066,0,hTBkjNzq,MyzUerZz,274.0
1066,0,aCcokpIU,hTBkjNzq,376.0
1066,0,IWuAfYeM,aCcokpIU,379.0
1066,0,AKEMZMhk,IWuAfYeM,379.0
1066,0,oXDhDxhT,AKEMZMhk,379.0
1066,0,twlwLPZj,oXDhDxhT,379.0
1066,0,NjRgIRup,twlwLPZj,379.0
1066,0,fxsyxfZK,NIAyNhca,466.0
1066,0,OsBkWRQx,TsaeiIGv,1.0
1066,0,udlIzhJE,OsBkWRQx,1.0
1066,0,DeduXMzE,udlIzhJE,1.0
1066,0,GXHjZCTL,DeduXMzE,1.0
1066,0,yolIeCeg,GXHjZCTL,1.0
1066,0,ozAxYCwR,yolIeCeg,1.0
1066,0,qdrjbHYS,ozAxYCwR,1.0
1066,0,AKdDiXyV,qdrjbHYS,3.0
1066,0,kZdBhxvo,AKdDiXyV,3.0
922,0,QOMpmplr,ItWJsmqN,2858.0
922,0,HNejbQWJ,QOMpmplr,2858.0
922,0,dQfoCLXo,HNejbQWJ,2979.0
922,0,NJLhSMnp,dQfoCLXo,2979.0
1677,0,oajqUPaH,bPMnvhIP,277.0
1119,0,SUgOBtjk,ILgjTtXh,56.0
1119,0,gACwumWT,SUgOBtjk,56.0
1119,0,JtZjSNXW,gACwumWT,56.0
1119,0,RLMiJrFV,JtZjSNXW,93.0
1119,0,cYArvsJE,RLMiJrFV,93.0
1119,0,EeAWpikH,cYArvsJE,93.0
1119,0,rrYLcPKJ,EeAWpikH,93.0
1119,0,IbNLqAKw,rrYLcPKJ,93.0
1119,0,UxEHDofF,IbNLqAKw,119.0
1119,0,KORPbuyR,UxEHDofF,119.0
1119,0,JfIhOMTg,KORPbuyR,119.0
1119,0,JdJprycd,JfIhOMTg,119.0
1119,0,xjJdOfLG,JdJprycd,135.0
1119,0,QQHZGEng,xjJdOfLG,135.0
1119,0,EFaiAjAK,QQHZGEng,135.0
1119,0,eUBMdtJg,EFaiAjAK,154.0
1119,0,DATqCMmz,fKUdbDza,41.0
1119,0,ILgjTtXh,DATqCMmz,41.0
1119,0,JyqrAKLu,TCMQvOqy,24.0
1119,0,XxhwFmzZ,JyqrAKLu,24.0
1119,0,QZgueNIh,XxhwFmzZ,24.0
1119,0,JFVlrPHE,QZgueNIh,26.0
1119,0,cpLivUai,JFVlrPHE,26.0
1119,0,fKUdbDza,cpLivUai,29.0
920,0,jqOOThyw,dvaPHMux,90.0
920,0,aUsRFqQV,jqOOThyw,90.0
920,0,TGiiAnII,aUsRFqQV,90.0
920,0,tIkiTaAn,TGiiAnII,90.0
920,0,WmxXwpoc,tIkiTaAn,90.0
1059,0,QOMpmplr,ItWJsmqN,1.0
1059,0,HNejbQWJ,QOMpmplr,1.0
909,0,bCbInHHL,mXosqjnx,68.0
909,0,crypOuMD,bCbInHHL,68.0
751,0,dfrJZjmW,NjRgIRup,1216.0
751,0,AFcMAvOI,dfrJZjmW,1388.0
751,0,FltmFbyo,AFcMAvOI,1388.0
751,0,jUExBSiR,FltmFbyo,1388.0
751,0,vPrJwoLq,jUExBSiR,1388.0
751,0,aHDoehBY,vPrJwoLq,1388.0
751,0,WwbQwfXi,aHDoehBY,2261.0
1119,0,KvSvcvIL,LggmrEeo,122.0
922,0,vitXJVTB,NJLhSMnp,3014.0
922,0,DPEjcwqA,vitXJVTB,3014.0
1072,0,ygaPVVOX,NjRgIRup,1424.0
1072,0,SgmzKmGa,ygaPVVOX,1424.0
1072,0,oaiHprKy,SgmzKmGa,1460.0
1072,0,EKGAgXOm,oaiHprKy,1460.0
1072,0,RqCzrtQl,EKGAgXOm,1460.0
1072,0,CfDISmMN,RqCzrtQl,1460.0
1072,0,RpAFtJSl,CfDISmMN,1526.0
1072,0,PcvuCqyL,RpAFtJSl,1549.0
1072,0,QOMpmplr,PcvuCqyL,1550.0
1072,0,HNejbQWJ,QOMpmplr,1595.0
1072,0,dQfoCLXo,HNejbQWJ,1603.0
1072,0,NJLhSMnp,dQfoCLXo,1603.0
1072,0,lyEtzViy,NJLhSMnp,1914.0
1072,0,uVrlMgNx,lyEtzViy,1898.0
859,0,oKUAvFAb,FhDBllly,5.0
859,0,sWtYImJU,oKUAvFAb,5.0
859,0,momDhuqe,sWtYImJU,5.0
859,0,zPQeyVVD,momDhuqe,5.0
859,0,UrJBvWGq,zPQeyVVD,5.0
859,0,thxCXWVL,UrJBvWGq,5.0
859,0,AlpXiRiW,thxCXWVL,5.0
1072,0,hTBkjNzq,MyzUerZz,799.0
1072,0,aCcokpIU,hTBkjNzq,869.0
1072,0,IWuAfYeM,aCcokpIU,877.0
1072,0,AKEMZMhk,IWuAfYeM,877.0
1072,0,oXDhDxhT,AKEMZMhk,877.0
1072,0,twlwLPZj,oXDhDxhT,885.0
1072,0,NjRgIRup,twlwLPZj,893.0
1072,0,MyzUerZz,WlkKexEs,691.0
1076,0,lodnRGFY,euDckIMa,816.0
1076,0,lCGwWknx,lodnRGFY,816.0
1076,0,tZcBjHOF,lCGwWknx,815.0
1076,0,VfuMcuJJ,tZcBjHOF,815.0
1076,0,lnzZDlDL,VfuMcuJJ,815.0
909,0,uNHtUGfb,crypOuMD,46.0
920,0,SkzmPMHG,WmxXwpoc,106.0
920,0,MmDOtEna,SkzmPMHG,106.0
920,0,ZCeMNbFi,MmDOtEna,106.0
909,0,vOivHtRX,uNHtUGfb,46.0
922,0,AKFNXFCk,DPEjcwqA,3012.0
1072,0,DzkWADkh,gmiMCrrb,373.0
1072,0,MjMnNBLG,DzkWADkh,373.0
1072,0,XiRzIewe,MjMnNBLG,373.0
1072,0,HEshVETB,XiRzIewe,417.0
1072,0,WKWTpoqQ,HEshVETB,417.0
1072,0,WlkKexEs,WKWTpoqQ,419.0
1072,0,ZsNhjIbg,uVrlMgNx,1903.0
1072,0,GhOGJPtU,ZsNhjIbg,1903.0
1067,0,TsaeiIGv,EkWBPXmr,14.0
1067,0,OsBkWRQx,TsaeiIGv,81.0
1067,0,TlwaKrQx,OsBkWRQx,81.0
1067,0,udlIzhJE,TlwaKrQx,81.0
1067,0,LdNZcaVd,TatGKSDD,2178.0
1226,0,njiqgOWt,jVOVHrFU,10889.0
1591,0,urhYpysk,TGjXCzny,630.0
1591,0,eYYHcaFH,urhYpysk,643.0
1591,0,aGRhAFxn,eYYHcaFH,643.0
1591,0,YzXnYVPd,aGRhAFxn,163.0
1591,0,TEKQTTfp,YzXnYVPd,105.0
1591,0,ciAbSxQX,TEKQTTfp,98.0
1591,0,ZIPCqImv,ciAbSxQX,78.0
1591,0,aWNaUdzp,ZIPCqImv,78.0
1591,0,FCsbIOBe,aWNaUdzp,55.0
1591,0,wyEQXfIU,FCsbIOBe,55.0
1591,0,gGjwcdJB,wyEQXfIU,55.0
922,0,HIkBoDID,AKFNXFCk,2923.0
922,0,uKNLSXwU,HIkBoDID,2990.0
922,0,QpjbbNqd,uKNLSXwU,2990.0
922,0,qHHrAclK,QpjbbNqd,2990.0
922,0,Jrutayet,qHHrAclK,2990.0
186,0,DzkWADkh,gmiMCrrb,372.0
186,0,MjMnNBLG,DzkWADkh,372.0
186,0,XiRzIewe,MjMnNBLG,372.0
186,0,udKeccMr,XiRzIewe,510.0
186,0,HEshVETB,udKeccMr,510.0
186,0,WKWTpoqQ,HEshVETB,510.0
1119,0,QjcDKOzv,eUBMdtJg,135.0
1119,0,RUTwxhGS,QjcDKOzv,135.0
1119,0,uCoCFrtM,RUTwxhGS,135.0
1119,0,QzziCuGD,uCoCFrtM,135.0
1119,0,WmKWqOVN,QzziCuGD,135.0
1119,0,QBspXqKX,WmKWqOVN,135.0
1119,0,qYzIAyEg,QBspXqKX,135.0
1119,0,ZdKqQSZH,qYzIAyEg,135.0
1119,0,mSHqQduu,ZdKqQSZH,135.0
1119,0,MuzbvXqA,mSHqQduu,135.0
1119,0,qrudAScT,MuzbvXqA,143.0
920,0,PBIThtAQ,ZCeMNbFi,104.0
920,0,iAuWJytQ,PBIThtAQ,104.0
920,0,RqKQqVrZ,iAuWJytQ,104.0
920,0,HyvnzuHA,RqKQqVrZ,104.0
920,0,TNTzUMyF,HyvnzuHA,17.0
920,0,avRuCqLk,TNTzUMyF,17.0
920,0,wIAALBva,avRuCqLk,17.0
920,0,nxBXRnVc,wIAALBva,17.0
920,0,sXWHYDNZ,nxBXRnVc,17.0
920,0,VKAAZZOV,sXWHYDNZ,17.0
1702,0,KOOURKwq,ALndweLA,2318.0
1702,0,VkuawVVW,KOOURKwq,2300.0
1702,0,iooOeHkN,VkuawVVW,2317.0
1702,0,DgeiAShx,iooOeHkN,2317.0
922,0,UosQUisT,Jrutayet,2034.0
922,0,FQOgjaka,UosQUisT,2034.0
859,0,vitXJVTB,NJLhSMnp,1.0
859,0,DPEjcwqA,vitXJVTB,1.0
859,0,AKFNXFCk,DPEjcwqA,1.0
859,0,HIkBoDID,AKFNXFCk,1.0
859,0,juSMKfMs,HIkBoDID,3.0
859,0,dDGkIGrA,juSMKfMs,3.0
1072,0,awOEKaEj,qdrjbHYS,200.0
1072,0,kZdBhxvo,awOEKaEj,200.0
1072,0,ZBkAAevT,kZdBhxvo,212.0
1072,0,cMinRgYB,ZBkAAevT,212.0
1072,0,LRmPOeoe,cMinRgYB,212.0
1072,0,tBNXSyMW,LRmPOeoe,212.0
1072,0,ArHpJhVJ,tBNXSyMW,225.0
1072,0,tWpVdCtj,ArHpJhVJ,253.0
1072,0,EdJUuxct,tWpVdCtj,253.0
1072,0,gmiMCrrb,EdJUuxct,253.0
1072,0,WOuDNhbw,GhOGJPtU,1831.0
1072,0,oWUXSqrA,WOuDNhbw,1831.0
1072,0,CYkmgDbv,oWUXSqrA,1831.0
1076,0,rYcBAOGh,Hjpeultj,905.0
1076,0,QHfelpAR,rYcBAOGh,897.0
1076,0,RapSzmXO,QHfelpAR,897.0
1076,0,euDckIMa,RapSzmXO,816.0
1132,0,RQpCZdJL,zIFSdUXT,647.0
1132,0,YkRwsmPU,RQpCZdJL,647.0
1132,0,hFLBtQiP,YkRwsmPU,647.0
1132,0,kXKEwBKv,hFLBtQiP,647.0
1132,0,rAvbFSrB,kXKEwBKv,647.0
1132,0,dONffpoj,rAvbFSrB,647.0
1132,0,ZgirRZil,dONffpoj,647.0
1132,0,OFTTxfUx,ZgirRZil,647.0
1132,0,ZWnHyyqY,OFTTxfUx,647.0
1132,0,TvILSVoy,ZWnHyyqY,647.0
1132,0,bkJSkGrT,TvILSVoy,647.0
1132,0,tFSvrGay,bkJSkGrT,375.0
1076,0,XDHbYGPc,hPGLMLbU,1289.0
1076,0,qRqIHRjS,XDHbYGPc,1288.0
1076,0,QFkvaGqn,qRqIHRjS,1274.0
1076,0,NxijJQZJ,QFkvaGqn,1274.0
1076,0,zWZbZUaa,NxijJQZJ,1252.0
929,0,ymMHSssn,wSxpBpYI,12.0
922,0,URvEqJxF,FQOgjaka,2008.0
922,0,JalqBTeK,URvEqJxF,2008.0
922,0,UAwQbGIv,JalqBTeK,2008.0
922,0,HyvnzuHA,UAwQbGIv,2008.0
926,0,jjHnlXVx,UXYZCAgB,4.0
926,0,zmlEwfKx,jjHnlXVx,4.0
926,0,BvLvsPYo,zmlEwfKx,4.0
926,0,NcoKemSg,BvLvsPYo,4.0
926,0,HfcobGNa,NcoKemSg,4.0
926,0,SJvhYGxR,HfcobGNa,4.0
926,0,HyvnzuHA,SJvhYGxR,4.0
926,0,noGdINij,JmVfbKXA,3.0
926,0,UXYZCAgB,noGdINij,3.0
916,0,FgmIokcD,VNhVtVFP,22.0
1226,0,NmRushck,xMwzCIXQ,11131.0
856,0,ygaPVVOX,NjRgIRup,845.0
856,0,SgmzKmGa,ygaPVVOX,845.0
856,0,oaiHprKy,SgmzKmGa,853.0
856,0,EKGAgXOm,oaiHprKy,853.0
856,0,RqCzrtQl,EKGAgXOm,853.0
856,0,CfDISmMN,RqCzrtQl,853.0
856,0,CtzBEXfZ,CfDISmMN,865.0
856,0,RpAFtJSl,CtzBEXfZ,866.0
856,0,PcvuCqyL,RpAFtJSl,866.0
856,0,QOMpmplr,PcvuCqyL,867.0
856,0,HNejbQWJ,QOMpmplr,878.0
856,0,dQfoCLXo,HNejbQWJ,878.0
856,0,NJLhSMnp,dQfoCLXo,878.0
856,0,vitXJVTB,NJLhSMnp,881.0
856,0,DPEjcwqA,vitXJVTB,881.0
856,0,AKFNXFCk,DPEjcwqA,881.0
856,0,HIkBoDID,AKFNXFCk,887.0
856,0,FBcFacnd,HIkBoDID,904.0
856,0,URVlPKPB,FBcFacnd,904.0
858,0,TEpDjcLc,AlpXiRiW,148.0
858,0,PORiPCGC,TEpDjcLc,148.0
858,0,VPnRvCbn,PORiPCGC,148.0
858,0,tUQXHMzJ,VPnRvCbn,148.0
858,0,YjKQPWoa,tUQXHMzJ,152.0
858,0,KAhfQHTl,YjKQPWoa,152.0
140,0,rhOosuOh,pNPkNoga,63.0
140,0,VKJFREzF,rhOosuOh,63.0
140,0,EvOnizWo,VKJFREzF,63.0
140,0,PjaElYBL,EvOnizWo,63.0
140,0,YvwuVYMF,PjaElYBL,63.0
140,0,vDFCntfg,YvwuVYMF,19.0
140,0,iEKDTvNf,vDFCntfg,19.0
140,0,MyGqmywG,iEKDTvNf,19.0
140,0,NxbXiMUL,MyGqmywG,19.0
140,0,XLVjRryq,NxbXiMUL,19.0
140,0,RVEyrwjR,XLVjRryq,19.0
140,0,gzTQJVMW,RVEyrwjR,19.0
140,0,FZsFzszJ,gzTQJVMW,8.0
140,0,KgwKZlse,FZsFzszJ,8.0
140,0,AoRkaUmb,KgwKZlse,8.0
140,0,ALhaazBT,AoRkaUmb,8.0
140,0,YqlTLIQa,ALhaazBT,7.0
140,0,AUmOMGnp,YqlTLIQa,7.0
140,0,XFPAZveS,AUmOMGnp,6.0
140,0,ojqTFFWy,XFPAZveS,1.0
903,0,eCAYEbtu,moYdstNu,112.0
903,0,ZXZRiXZk,eCAYEbtu,110.0
903,0,lHJswKjJ,ZXZRiXZk,115.0
903,0,mOIvxNWl,lHJswKjJ,115.0
903,0,knEDXVsi,mOIvxNWl,115.0
903,0,fwLjTwPH,knEDXVsi,115.0
903,0,pNPkNoga,fwLjTwPH,116.0
903,0,rhOosuOh,pNPkNoga,83.0
903,0,VKJFREzF,rhOosuOh,83.0
903,0,EvOnizWo,VKJFREzF,83.0
903,0,PjaElYBL,EvOnizWo,83.0
903,0,YvwuVYMF,PjaElYBL,83.0
400,0,PrbXVSIs,MEUYJwAC,4736.0
400,0,BaMKWhPW,PrbXVSIs,4548.0
400,0,UrOuumcZ,BaMKWhPW,4548.0
400,0,ykQYJtnJ,UrOuumcZ,4564.0
400,0,riNnsYaQ,ykQYJtnJ,4564.0
400,0,nfCzcTzh,riNnsYaQ,7782.0
1087,0,ddAfiRml,HHbKiMPc,154.0
1087,0,XfmqgVlB,ddAfiRml,154.0
1087,0,RldYRgxk,XfmqgVlB,154.0
1087,0,NmlfPGxe,RldYRgxk,154.0
1087,0,YlMTFYgN,NmlfPGxe,154.0
1087,0,pugbqfwh,YlMTFYgN,144.0
1087,0,INgMgzPi,pugbqfwh,172.0
1087,0,tKHOTHLP,INgMgzPi,172.0
1087,0,JYjcxadu,tKHOTHLP,107.0
1087,0,dIzWcSEA,JYjcxadu,107.0
1087,0,YIEuAZyW,dIzWcSEA,107.0
1087,0,iIARpDWU,YIEuAZyW,107.0
1087,0,BDmybVdG,iIARpDWU,47.0
922,0,DJxHBCmY,HyvnzuHA,984.0
930,0,ygaPVVOX,NjRgIRup,16.0
930,0,SgmzKmGa,ygaPVVOX,16.0
930,0,oaiHprKy,SgmzKmGa,16.0
930,0,EKGAgXOm,oaiHprKy,16.0
930,0,RqCzrtQl,EKGAgXOm,16.0
930,0,CfDISmMN,RqCzrtQl,16.0
930,0,CtzBEXfZ,CfDISmMN,16.0
930,0,RpAFtJSl,CtzBEXfZ,16.0
930,0,PcvuCqyL,RpAFtJSl,16.0
930,0,QOMpmplr,PcvuCqyL,17.0
930,0,HNejbQWJ,QOMpmplr,17.0
930,0,dQfoCLXo,HNejbQWJ,21.0
930,0,NJLhSMnp,dQfoCLXo,21.0
930,0,vitXJVTB,NJLhSMnp,21.0
930,0,DPEjcwqA,vitXJVTB,21.0
930,0,AKFNXFCk,DPEjcwqA,21.0
930,0,HIkBoDID,AKFNXFCk,21.0
930,0,uKNLSXwU,HIkBoDID,45.0
930,0,QpjbbNqd,uKNLSXwU,45.0
930,0,qHHrAclK,QpjbbNqd,45.0
930,0,Jrutayet,qHHrAclK,45.0
930,0,UosQUisT,Jrutayet,45.0
930,0,FQOgjaka,UosQUisT,45.0
930,0,URvEqJxF,FQOgjaka,46.0
930,0,JalqBTeK,URvEqJxF,46.0
930,0,UAwQbGIv,JalqBTeK,46.0
930,0,HyvnzuHA,UAwQbGIv,46.0
930,0,BOfkKWXd,HyvnzuHA,73.0
930,0,ftNxmWZm,BOfkKWXd,84.0
930,0,yFvgNkDl,ftNxmWZm,84.0
930,0,lDGKQeaf,yFvgNkDl,84.0
930,0,wSxpBpYI,lDGKQeaf,43.0
856,0,dROKJpRC,URVlPKPB,915.0
856,0,UNRVYnCk,dROKJpRC,915.0
766,0,ygaPVVOX,NjRgIRup,402.0
766,0,SgmzKmGa,ygaPVVOX,402.0
766,0,oaiHprKy,SgmzKmGa,404.0
766,0,EKGAgXOm,oaiHprKy,404.0
766,0,RqCzrtQl,EKGAgXOm,404.0
766,0,CfDISmMN,RqCzrtQl,404.0
766,0,CtzBEXfZ,CfDISmMN,407.0
766,0,RpAFtJSl,CtzBEXfZ,407.0
766,0,PcvuCqyL,RpAFtJSl,407.0
766,0,QOMpmplr,PcvuCqyL,407.0
766,0,HNejbQWJ,QOMpmplr,417.0
766,0,dQfoCLXo,HNejbQWJ,424.0
766,0,NJLhSMnp,dQfoCLXo,424.0
766,0,vitXJVTB,NJLhSMnp,435.0
766,0,DPEjcwqA,vitXJVTB,435.0
766,0,AKFNXFCk,DPEjcwqA,435.0
766,0,HIkBoDID,AKFNXFCk,445.0
766,0,FBcFacnd,HIkBoDID,447.0
766,0,URVlPKPB,FBcFacnd,447.0
766,0,vpSWiOiP,URVlPKPB,484.0
766,0,BvsSDYgP,vpSWiOiP,486.0
911,0,hTBkjNzq,MyzUerZz,261.0
911,0,aCcokpIU,hTBkjNzq,319.0
911,0,IWuAfYeM,aCcokpIU,319.0
911,0,AKEMZMhk,IWuAfYeM,319.0
911,0,oXDhDxhT,AKEMZMhk,319.0
911,0,twlwLPZj,oXDhDxhT,322.0
911,0,NjRgIRup,twlwLPZj,322.0
911,0,ygaPVVOX,NjRgIRup,554.0
911,0,SgmzKmGa,ygaPVVOX,554.0
911,0,oaiHprKy,SgmzKmGa,563.0
911,0,EKGAgXOm,oaiHprKy,563.0
911,0,RqCzrtQl,EKGAgXOm,563.0
911,0,CfDISmMN,RqCzrtQl,563.0
911,0,CtzBEXfZ,CfDISmMN,606.0
911,0,RpAFtJSl,CtzBEXfZ,609.0
911,0,PcvuCqyL,RpAFtJSl,609.0
911,0,QOMpmplr,PcvuCqyL,609.0
911,0,HNejbQWJ,QOMpmplr,618.0
911,0,dQfoCLXo,HNejbQWJ,618.0
911,0,NJLhSMnp,dQfoCLXo,618.0
911,0,vitXJVTB,NJLhSMnp,628.0
911,0,DPEjcwqA,vitXJVTB,628.0
911,0,AKFNXFCk,DPEjcwqA,628.0
911,0,HIkBoDID,AKFNXFCk,632.0
911,0,FBcFacnd,HIkBoDID,634.0
911,0,URVlPKPB,FBcFacnd,634.0
911,0,vpSWiOiP,URVlPKPB,747.0
911,0,BvsSDYgP,vpSWiOiP,749.0
911,0,KVgMjZao,BvsSDYgP,762.0
911,0,rvGAYltM,KVgMjZao,762.0
911,0,kUJgeRIS,rvGAYltM,762.0
911,0,pfeYSjby,kUJgeRIS,832.0
911,0,MyzUerZz,WlkKexEs,29.0
856,0,rvjuJASP,UNRVYnCk,435.0
856,0,BLgEghTV,rvjuJASP,435.0
856,0,EnXcRLvh,BLgEghTV,435.0
1440,0,orpkgmYq,EPWXwPSq,1713.0
1440,0,RXuaQdiQ,orpkgmYq,1658.0
1440,0,mhTYFecR,RXuaQdiQ,2111.0
762,0,zUgDRwiy,HcKLTTXk,4258.0
1099,0,KfdekYuk,lBxutteT,493.0
1099,0,qErQsNEG,KfdekYuk,493.0
1099,0,avVajdeO,qErQsNEG,493.0
1099,0,HXvpcqcH,avVajdeO,493.0
1099,0,uaUalZjh,HXvpcqcH,625.0
1099,0,tZxKeFkh,uaUalZjh,625.0
1099,0,yOopALph,tZxKeFkh,445.0
1099,0,TBShKgjD,yOopALph,261.0
1099,0,aXWsLpyQ,TBShKgjD,261.0
1099,0,MwUoGUHv,aXWsLpyQ,251.0
1099,0,lndqhzzh,MwUoGUHv,251.0
1099,0,jOvjucEC,lndqhzzh,251.0
1099,0,HbaaqMIK,jOvjucEC,251.0
1099,0,SvkqEtGw,HbaaqMIK,247.0
1099,0,DKTMYVhM,SvkqEtGw,247.0
1099,0,fXFJjsZH,DKTMYVhM,209.0
1099,0,zKpOsJgw,fXFJjsZH,209.0
1099,0,ZFSCrBEp,zKpOsJgw,209.0
1099,0,PQuXHWcA,ZFSCrBEp,204.0
1099,0,XkkxwlXm,PQuXHWcA,204.0
1099,0,tcHYhVZo,XkkxwlXm,195.0
1099,0,OUTzwMHI,tcHYhVZo,191.0
1099,0,rGYrQqGa,OUTzwMHI,179.0
1099,0,QCBPrBCl,rGYrQqGa,179.0
1099,0,wDEypHfE,QCBPrBCl,169.0
1099,0,yTNmoAGc,wDEypHfE,169.0
1099,0,meZHMfSd,yTNmoAGc,157.0
1099,0,wGTdgRcU,meZHMfSd,157.0
1099,0,cQHgTjKq,wGTdgRcU,147.0
1099,0,ruogAkOJ,cQHgTjKq,147.0
1099,0,tndfGrTh,ruogAkOJ,147.0
1099,0,OdzEGWPG,tndfGrTh,147.0
1099,0,WUWIxCFc,OdzEGWPG,141.0
1099,0,gyQqEnFq,WUWIxCFc,141.0
1099,0,DUFShJgp,nsdRxeeS,398.0
1099,0,JgwwvaMP,DUFShJgp,398.0
1099,0,lBxutteT,JgwwvaMP,398.0
1174,0,QEnOoljA,ARQSeSoV,1357.0
1174,0,louTHuTF,jpQxXiev,554.0
1174,0,oVtKGSMs,louTHuTF,554.0
1174,0,kekwMubZ,oVtKGSMs,555.0
1174,0,xFzHIeRy,kekwMubZ,555.0
1174,0,qnfbEQfU,xFzHIeRy,555.0
1174,0,BGiGDHMe,qnfbEQfU,555.0
1174,0,VycUzKpr,BGiGDHMe,555.0
1174,0,ZzGQqLDR,VycUzKpr,566.0
1174,0,IlgMmocA,ZzGQqLDR,566.0
1174,0,ARQSeSoV,IlgMmocA,566.0
157,0,qGKRSiRy,zLLRyPMt,84.0
157,0,PayqNnwn,qGKRSiRy,81.0
157,0,xFzHIeRy,PayqNnwn,81.0
157,0,qnfbEQfU,xFzHIeRy,81.0
157,0,BGiGDHMe,qnfbEQfU,81.0
157,0,VycUzKpr,BGiGDHMe,81.0
157,0,ZzGQqLDR,VycUzKpr,81.0
157,0,IlgMmocA,ZzGQqLDR,81.0
157,0,ARQSeSoV,IlgMmocA,81.0
157,0,QEnOoljA,ARQSeSoV,66.0
1171,0,qGKRSiRy,nPcSKLPs,177.0
1171,0,PayqNnwn,qGKRSiRy,176.0
1171,0,xFzHIeRy,PayqNnwn,176.0
1171,0,qnfbEQfU,xFzHIeRy,176.0
1171,0,BGiGDHMe,qnfbEQfU,176.0
1171,0,VycUzKpr,BGiGDHMe,176.0
1171,0,ZzGQqLDR,VycUzKpr,174.0
1171,0,IlgMmocA,ZzGQqLDR,174.0
1171,0,ARQSeSoV,IlgMmocA,174.0
1171,0,QEnOoljA,ARQSeSoV,127.0
1171,0,BdHFoOCD,LXkzXiZv,75.0
1171,0,IWPekdjH,BdHFoOCD,99.0
1171,0,nPcSKLPs,IWPekdjH,99.0
766,0,KVgMjZao,BvsSDYgP,485.0
766,0,rvGAYltM,KVgMjZao,485.0
1407,0,YxAufxIm,saptMzFY,1763.0
1407,0,UFFAxqtN,YxAufxIm,1763.0
1407,0,cOTHHVzh,UFFAxqtN,1763.0
1407,0,sjfoFmFj,cOTHHVzh,1226.0
1407,0,WjGJosho,sjfoFmFj,1226.0
856,0,snhIMWCK,EnXcRLvh,329.0
856,0,oKUAvFAb,snhIMWCK,329.0
1076,0,YjKQPWoa,tUQXHMzJ,344.0
1076,0,KAhfQHTl,YjKQPWoa,344.0
1076,0,tUQXHMzJ,VPnRvCbn,361.0
952,0,OdbRrJhV,EEOGpCEL,2444.0
952,0,NSvMYbfW,OdbRrJhV,2444.0
952,0,qmRscxuH,NSvMYbfW,2444.0
952,0,zrVEttwl,qmRscxuH,1359.0
952,0,KhQckqci,zrVEttwl,1359.0
952,0,NkYJOxxA,KhQckqci,1359.0
952,0,Phtvjmoj,NkYJOxxA,1359.0
952,0,iRgZVaoH,Phtvjmoj,1242.0
952,0,KbKyxild,iRgZVaoH,1242.0
400,0,WQOJAyxG,KlSqKJQr,4405.0
400,0,ZcOxufIN,WQOJAyxG,4405.0
400,0,TqATzVvV,ZcOxufIN,4314.0
400,0,OTWTQCls,TqATzVvV,4244.0
400,0,MEUYJwAC,OTWTQCls,4366.0
1076,0,ZYiWVpjK,nfCzcTzh,1817.0
1076,0,qTvRhwtK,ZYiWVpjK,1783.0
1076,0,XQBvMmKm,qTvRhwtK,1783.0
1076,0,hPGLMLbU,XQBvMmKm,1045.0
1076,0,AlpXiRiW,lnzZDlDL,712.0
1076,0,TEpDjcLc,AlpXiRiW,395.0
1076,0,PORiPCGC,TEpDjcLc,395.0
1076,0,VPnRvCbn,PORiPCGC,395.0
1076,0,WyfCQhSW,ogOCBKAf,753.0
1076,0,erxKyHjj,WyfCQhSW,773.0
1076,0,KjiBWoqR,erxKyHjj,773.0
1076,0,bYNwHuWo,KjiBWoqR,773.0
1076,0,MFfExqBx,bYNwHuWo,861.0
1076,0,qWvzRbGV,MFfExqBx,861.0
1076,0,PRzaSxQc,qWvzRbGV,861.0
1076,0,bfKiOFsS,PRzaSxQc,861.0
1076,0,eGbCulMV,bfKiOFsS,861.0
1076,0,CRVKBFrv,eGbCulMV,861.0
1076,0,zjOknQHK,CRVKBFrv,909.0
1076,0,FrKNovDQ,zjOknQHK,909.0
1076,0,nfCzcTzh,FrKNovDQ,909.0
1072,0,eypuAxqa,ORrZduNE,1723.0
1072,0,DSVnhmbs,eypuAxqa,1723.0
1072,0,hCKRONaA,DSVnhmbs,1367.0
1072,0,TGKbjQzH,hCKRONaA,1367.0
1072,0,RoreEsYU,TGKbjQzH,1367.0
1072,0,AlpXiRiW,RoreEsYU,1200.0
766,0,kUJgeRIS,rvGAYltM,437.0
764,0,COEDLowM,hPReecFP,26.0
764,0,Auhwfubg,COEDLowM,26.0
764,0,MbBQjXCf,Auhwfubg,26.0
856,0,sWtYImJU,oKUAvFAb,110.0
856,0,momDhuqe,sWtYImJU,110.0
1075,0,sWtYImJU,oKUAvFAb,276.0
1075,0,momDhuqe,sWtYImJU,276.0
922,0,FHCcBeVW,KvSvcvIL,638.0
922,0,foRSymXv,FHCcBeVW,638.0
1119,0,xuEvBBdE,vCGIyJLJ,14.0
1119,0,rAizOLWV,xuEvBBdE,14.0
1119,0,JdZarNsv,rAizOLWV,14.0
1119,0,NmilzqZp,JdZarNsv,14.0
1119,0,TCMQvOqy,NmilzqZp,14.0
1119,0,FHCcBeVW,KvSvcvIL,22.0
1119,0,foRSymXv,FHCcBeVW,22.0
1119,0,IKnBBuIf,foRSymXv,22.0
922,0,IKnBBuIf,foRSymXv,623.0
1072,0,qdrjbHYS,ozAxYCwR,23.0
1072,0,ORrZduNE,CYkmgDbv,1682.0
925,0,ygaPVVOX,NjRgIRup,7.0
925,0,SgmzKmGa,ygaPVVOX,7.0
925,0,oaiHprKy,SgmzKmGa,7.0
925,0,EKGAgXOm,oaiHprKy,7.0
925,0,RqCzrtQl,EKGAgXOm,7.0
925,0,CfDISmMN,RqCzrtQl,7.0
925,0,CtzBEXfZ,CfDISmMN,7.0
925,0,RpAFtJSl,CtzBEXfZ,7.0
925,0,PcvuCqyL,RpAFtJSl,7.0
925,0,QOMpmplr,PcvuCqyL,7.0
925,0,HNejbQWJ,QOMpmplr,11.0
925,0,dQfoCLXo,HNejbQWJ,11.0
925,0,NJLhSMnp,dQfoCLXo,11.0
925,0,vitXJVTB,NJLhSMnp,11.0
925,0,DPEjcwqA,vitXJVTB,11.0
925,0,AKFNXFCk,DPEjcwqA,11.0
925,0,HIkBoDID,AKFNXFCk,12.0
925,0,uKNLSXwU,HIkBoDID,13.0
925,0,QpjbbNqd,uKNLSXwU,13.0
925,0,qHHrAclK,QpjbbNqd,13.0
925,0,Jrutayet,qHHrAclK,13.0
925,0,UosQUisT,Jrutayet,13.0
925,0,FQOgjaka,UosQUisT,13.0
925,0,URvEqJxF,FQOgjaka,13.0
925,0,JalqBTeK,URvEqJxF,13.0
925,0,UAwQbGIv,JalqBTeK,13.0
925,0,HyvnzuHA,UAwQbGIv,13.0
925,0,DJxHBCmY,HyvnzuHA,27.0
925,0,UUpfieFN,DJxHBCmY,29.0
925,0,XHBoVocK,UUpfieFN,29.0
925,0,TWTKfAgl,XHBoVocK,29.0
925,0,BhcHYWlb,TWTKfAgl,29.0
925,0,xKeFZTyD,BhcHYWlb,29.0
1083,0,honleovC,JGCJnIWw,1719.0
1083,0,pqZYMbGr,honleovC,1767.0
135,0,ZIzswYos,lyJEgbqI,27.0
135,0,SiNHgyIy,ZIzswYos,40.0
135,0,kUNGxXZI,SiNHgyIy,481.0
135,0,nVkihPOJ,kUNGxXZI,481.0
135,0,YvwuVYMF,nVkihPOJ,481.0
135,0,vDFCntfg,YvwuVYMF,117.0
135,0,iEKDTvNf,vDFCntfg,117.0
135,0,MyGqmywG,iEKDTvNf,117.0
135,0,NxbXiMUL,MyGqmywG,117.0
135,0,XLVjRryq,NxbXiMUL,114.0
135,0,gzTQJVMW,XLVjRryq,114.0
135,0,BLvXEzeq,gzTQJVMW,80.0
135,0,KgwKZlse,BLvXEzeq,80.0
135,0,AoRkaUmb,KgwKZlse,80.0
135,0,ALhaazBT,AoRkaUmb,80.0
135,0,YqlTLIQa,ALhaazBT,67.0
135,0,AUmOMGnp,YqlTLIQa,67.0
135,0,XFPAZveS,AUmOMGnp,65.0
135,0,ojqTFFWy,XFPAZveS,43.0
1367,0,vfIotKLC,ZJoycWOZ,68.0
1367,0,tSXpsDyV,vfIotKLC,68.0
1367,0,IbLBdCXD,tSXpsDyV,68.0
1367,0,JGCJnIWw,IbLBdCXD,68.0
1367,0,honleovC,JGCJnIWw,62.0
1367,0,pqZYMbGr,honleovC,55.0
1367,0,jobllKUJ,pqZYMbGr,49.0
1367,0,cKlxsEIa,jobllKUJ,49.0
1367,0,POeaLshN,cKlxsEIa,49.0
1367,0,nvtqczOj,POeaLshN,49.0
1367,0,FdzHSswJ,nvtqczOj,37.0
1367,0,rfVXpFlV,FdzHSswJ,37.0
1367,0,zrVEttwl,rfVXpFlV,33.0
1367,0,KhQckqci,zrVEttwl,32.0
1367,0,NkYJOxxA,KhQckqci,32.0
1367,0,Phtvjmoj,NkYJOxxA,32.0
1367,0,iRgZVaoH,Phtvjmoj,30.0
1367,0,KbKyxild,iRgZVaoH,30.0
1367,0,WzJZybAt,KbKyxild,30.0
1367,0,wBZvskGC,WzJZybAt,30.0
1367,0,pHbSfQWg,wBZvskGC,28.0
1367,0,hlYcHDiv,pHbSfQWg,28.0
1367,0,ZUUFaTkv,hlYcHDiv,28.0
1367,0,jgCiOeaN,ZUUFaTkv,28.0
1367,0,TikfrWrm,jgCiOeaN,28.0
1367,0,RabBrvbh,TikfrWrm,28.0
1367,0,yAsGVYQM,RabBrvbh,28.0
1367,0,XFPAZveS,yAsGVYQM,5.0
1367,0,ojqTFFWy,XFPAZveS,5.0
1085,0,zMSEqitx,EllpaOUu,1125.0
1085,0,AnlrdaBb,zMSEqitx,1125.0
1085,0,yQmtaWgt,AnlrdaBb,1124.0
331,0,hqxwmRzJ,MjoEniNM,870.0
331,0,DKWSfiEo,hqxwmRzJ,421.0
331,0,hCpAddaw,DKWSfiEo,166.0
331,0,cThdGxLv,hCpAddaw,166.0
331,0,dAxtDTje,cThdGxLv,166.0
331,0,aunBMooM,dAxtDTje,166.0
331,0,kiTgZeoH,aunBMooM,166.0
331,0,eLmJkuZC,kiTgZeoH,166.0
331,0,UgzfanVk,eLmJkuZC,166.0
1083,0,krjqWYyL,zBmTBInm,1707.0
1083,0,tSXpsDyV,krjqWYyL,1707.0
1083,0,IbLBdCXD,tSXpsDyV,1707.0
1083,0,JGCJnIWw,IbLBdCXD,1707.0
1042,0,XeNLTPEj,MvGjEBBL,183.0
1042,0,PzIXuqgO,XeNLTPEj,183.0
1042,0,ZsxHmovG,PzIXuqgO,183.0
1042,0,KjUtPMMe,ZsxHmovG,208.0
1042,0,JGmgdpWx,KjUtPMMe,208.0
1042,0,WsxoHomq,JGmgdpWx,208.0
1042,0,VgroZBKv,WsxoHomq,216.0
1042,0,TUZfegir,VgroZBKv,216.0
1042,0,LHNTbQin,TUZfegir,240.0
1042,0,EBDfudXo,LHNTbQin,240.0
1042,0,oVvGCedi,EBDfudXo,251.0
1042,0,zAhquueS,oVvGCedi,251.0
1042,0,SRJkWTfK,zAhquueS,279.0
1042,0,krjqWYyL,SRJkWTfK,279.0
1042,0,tSXpsDyV,krjqWYyL,279.0
1042,0,IbLBdCXD,tSXpsDyV,279.0
1042,0,JGCJnIWw,IbLBdCXD,279.0
1042,0,honleovC,JGCJnIWw,279.0
1042,0,pqZYMbGr,honleovC,279.0
1042,0,jobllKUJ,pqZYMbGr,279.0
1042,0,cKlxsEIa,jobllKUJ,279.0
1042,0,POeaLshN,cKlxsEIa,279.0
1042,0,nvtqczOj,POeaLshN,279.0
1042,0,FdzHSswJ,nvtqczOj,279.0
1042,0,rfVXpFlV,FdzHSswJ,279.0
1042,0,OWTXMrGR,rfVXpFlV,279.0
1042,0,YGbVmztp,OWTXMrGR,279.0
1042,0,oHyqEJfk,YGbVmztp,279.0
1042,0,bfpcjsiF,oHyqEJfk,279.0
1042,0,AoRkaUmb,bfpcjsiF,279.0
1042,0,ALhaazBT,AoRkaUmb,279.0
1042,0,YqlTLIQa,ALhaazBT,269.0
1042,0,AUmOMGnp,YqlTLIQa,269.0
1042,0,XFPAZveS,AUmOMGnp,269.0
1042,0,ejMjPdTH,XFPAZveS,269.0
922,0,qNguppPl,IKnBBuIf,523.0
922,0,ypDcaLvL,qNguppPl,523.0
922,0,gLfGMIXr,ypDcaLvL,523.0
922,0,CPLwMSlA,gLfGMIXr,523.0
922,0,cefvQkVf,CPLwMSlA,523.0
120,0,vhEQWrWH,vpSWiOiP,2.0
1119,0,bbaQRYSI,JvVxAKet,9.0
1119,0,lDHqxCQW,bbaQRYSI,9.0
1119,0,qGgPbtbT,lDHqxCQW,9.0
1119,0,VQfPRvUw,qGgPbtbT,9.0
1119,0,VCGhveHG,VQfPRvUw,9.0
1119,0,WQdyWhSR,VCGhveHG,9.0
1119,0,vCGIyJLJ,WQdyWhSR,9.0
1119,0,qNguppPl,IKnBBuIf,17.0
1119,0,ypDcaLvL,qNguppPl,17.0
1119,0,gLfGMIXr,ypDcaLvL,17.0
1119,0,CPLwMSlA,gLfGMIXr,17.0
1119,0,cefvQkVf,CPLwMSlA,17.0
1119,0,TJeJnSDd,cefvQkVf,17.0
922,0,TJeJnSDd,cefvQkVf,513.0
766,0,JzyLKajw,kUJgeRIS,102.0
925,0,ExMxhtei,xKeFZTyD,25.0
925,0,FDJgmOaw,ExMxhtei,25.0
925,0,xzbcUqWQ,FDJgmOaw,12.0
926,0,JmVfbKXA,eebyhqqT,1.0
911,0,kaZSJtsS,pfeYSjby,526.0
911,0,DBpmioGn,kaZSJtsS,526.0
911,0,KKHFrKGl,DBpmioGn,526.0
916,0,gcglUzpd,KzAuSOOh,5.0
916,0,VNhVtVFP,gcglUzpd,5.0
764,0,rpRStibJ,rAXDXBKw,25.0
764,0,BSXQVxvJ,rpRStibJ,25.0
764,0,hPReecFP,BSXQVxvJ,25.0
914,0,YfFNBzii,KKHFrKGl,446.0
914,0,SAoMIbAp,YfFNBzii,446.0
914,0,BUhYynpm,SAoMIbAp,342.0
914,0,iBcazcLz,BUhYynpm,342.0
914,0,anlBxctW,iBcazcLz,342.0
914,0,vPtmXBsW,anlBxctW,342.0
914,0,JOrMMBVL,vPtmXBsW,335.0
914,0,QOMpmplr,PcvuCqyL,307.0
914,0,HNejbQWJ,QOMpmplr,307.0
914,0,dQfoCLXo,HNejbQWJ,309.0
914,0,NJLhSMnp,dQfoCLXo,309.0
914,0,vitXJVTB,NJLhSMnp,315.0
914,0,DPEjcwqA,vitXJVTB,315.0
914,0,AKFNXFCk,DPEjcwqA,315.0
914,0,HIkBoDID,AKFNXFCk,315.0
914,0,FBcFacnd,HIkBoDID,402.0
914,0,URVlPKPB,FBcFacnd,402.0
914,0,vpSWiOiP,URVlPKPB,406.0
914,0,BvsSDYgP,vpSWiOiP,406.0
914,0,KVgMjZao,BvsSDYgP,407.0
914,0,rvGAYltM,KVgMjZao,407.0
914,0,kUJgeRIS,rvGAYltM,407.0
914,0,pfeYSjby,kUJgeRIS,412.0
914,0,kaZSJtsS,pfeYSjby,412.0
914,0,DBpmioGn,kaZSJtsS,412.0
914,0,KKHFrKGl,DBpmioGn,412.0
914,0,MyzUerZz,WlkKexEs,9.0
914,0,hTBkjNzq,MyzUerZz,11.0
914,0,aCcokpIU,hTBkjNzq,250.0
914,0,IWuAfYeM,aCcokpIU,250.0
914,0,AKEMZMhk,IWuAfYeM,250.0
914,0,oXDhDxhT,AKEMZMhk,250.0
914,0,twlwLPZj,oXDhDxhT,250.0
914,0,NjRgIRup,twlwLPZj,250.0
914,0,ygaPVVOX,NjRgIRup,302.0
914,0,SgmzKmGa,ygaPVVOX,302.0
914,0,oaiHprKy,SgmzKmGa,302.0
914,0,EKGAgXOm,oaiHprKy,302.0
914,0,RqCzrtQl,EKGAgXOm,302.0
914,0,CfDISmMN,RqCzrtQl,302.0
914,0,CtzBEXfZ,CfDISmMN,306.0
914,0,RpAFtJSl,CtzBEXfZ,306.0
914,0,PcvuCqyL,RpAFtJSl,306.0
914,0,vRiXTWTq,JOrMMBVL,332.0
914,0,NUggIFcT,vRiXTWTq,332.0
914,0,ybeqLsHP,NUggIFcT,332.0
914,0,hCunccId,ybeqLsHP,332.0
914,0,bYiZlZfK,hCunccId,332.0
914,0,hGZrWSlb,bYiZlZfK,332.0
914,0,eWFmnMeJ,hGZrWSlb,328.0
914,0,APAIrxcy,eWFmnMeJ,309.0
914,0,kJHtAChU,APAIrxcy,309.0
914,0,WPLDPMYV,kJHtAChU,309.0
914,0,QJqMQbqf,WPLDPMYV,302.0
914,0,qgftSein,QJqMQbqf,195.0
914,0,umyCwwah,qgftSein,194.0
914,0,umudVILy,umyCwwah,194.0
874,0,RuqLEiFp,ZEXMhMxR,124.0
874,0,NAwFzVQz,RuqLEiFp,37.0
874,0,jEliwrSM,NAwFzVQz,37.0
874,0,XsvFZXJo,jEliwrSM,37.0
874,0,SPorkGXj,XsvFZXJo,37.0
874,0,IJbUVGLH,SPorkGXj,37.0
874,0,ZqOseExI,IJbUVGLH,37.0
874,0,FdBCLyPI,ZqOseExI,35.0
874,0,CrOFTJlw,FdBCLyPI,24.0
874,0,PyGiRErs,CrOFTJlw,10.0
874,0,JbCujTci,PyGiRErs,9.0
926,0,TNTzUMyF,HyvnzuHA,1.0
926,0,avRuCqLk,TNTzUMyF,1.0
926,0,wIAALBva,avRuCqLk,1.0
926,0,nxBXRnVc,wIAALBva,1.0
926,0,sXWHYDNZ,nxBXRnVc,1.0
926,0,VKAAZZOV,sXWHYDNZ,1.0
926,0,Vtdujofe,VKAAZZOV,1.0
926,0,edTVGmZc,Vtdujofe,1.0
926,0,iqwCaPZT,edTVGmZc,1.0
926,0,qqDoWQdv,iqwCaPZT,1.0
766,0,iPmhSqDk,JzyLKajw,94.0
766,0,ZVTOmRdq,iPmhSqDk,94.0
766,0,vjFpNILE,ZVTOmRdq,94.0
766,0,QMycpMQA,vjFpNILE,94.0
766,0,goEFDDka,QMycpMQA,94.0
766,0,gzdfrKuT,goEFDDka,94.0
766,0,QpdZiknK,gzdfrKuT,94.0
766,0,tVSOiuPz,QpdZiknK,52.0
1117,0,ygaPVVOX,NjRgIRup,7.0
1117,0,SgmzKmGa,ygaPVVOX,7.0
1117,0,EKGAgXOm,SgmzKmGa,7.0
1117,0,CfDISmMN,EKGAgXOm,7.0
1117,0,PcvuCqyL,CfDISmMN,9.0
1117,0,QOMpmplr,PcvuCqyL,9.0
1117,0,HNejbQWJ,QOMpmplr,9.0
1117,0,lyEtzViy,HNejbQWJ,9.0
1117,0,uVrlMgNx,lyEtzViy,9.0
1117,0,GhOGJPtU,uVrlMgNx,9.0
1117,0,WOuDNhbw,GhOGJPtU,9.0
1117,0,CYkmgDbv,WOuDNhbw,9.0
1117,0,eypuAxqa,CYkmgDbv,9.0
1117,0,DSVnhmbs,eypuAxqa,9.0
1117,0,hCKRONaA,DSVnhmbs,10.0
1117,0,TGKbjQzH,hCKRONaA,10.0
1117,0,RoreEsYU,TGKbjQzH,10.0
1117,0,AlpXiRiW,RoreEsYU,10.0
1117,0,btFKFkYA,AlpXiRiW,22.0
1117,0,jLrhssle,btFKFkYA,22.0
1117,0,FvRFCvLd,jLrhssle,22.0
1117,0,tkjaIDXe,FvRFCvLd,22.0
1117,0,yhVlWvFp,tkjaIDXe,22.0
1117,0,PAhNkZlS,yhVlWvFp,22.0
1117,0,CxiOJZtJ,PAhNkZlS,22.0
400,0,zZZsLLct,ojqTFFWy,727.0
400,0,nIbIRswk,zZZsLLct,728.0
400,0,YfaruHLV,nIbIRswk,2443.0
400,0,XpaxRhYo,YfaruHLV,2443.0
400,0,qYsYtTjJ,XpaxRhYo,2522.0
400,0,KlSqKJQr,qYsYtTjJ,2672.0
915,0,pfeYSjby,rvGAYltM,197.0
915,0,kaZSJtsS,pfeYSjby,197.0
915,0,DBpmioGn,kaZSJtsS,197.0
915,0,KKHFrKGl,DBpmioGn,197.0
915,0,zHlMZSZh,KKHFrKGl,225.0
915,0,YfFNBzii,zHlMZSZh,225.0
915,0,amcUazui,YfFNBzii,225.0
915,0,XOGHqVzK,amcUazui,225.0
915,0,uPxuFxvo,XOGHqVzK,225.0
915,0,aUXvtKAd,uPxuFxvo,225.0
915,0,ygaPVVOX,NjRgIRup,164.0
915,0,SgmzKmGa,ygaPVVOX,170.0
915,0,oaiHprKy,SgmzKmGa,172.0
915,0,EKGAgXOm,oaiHprKy,172.0
915,0,RqCzrtQl,EKGAgXOm,172.0
915,0,CfDISmMN,RqCzrtQl,172.0
915,0,CtzBEXfZ,CfDISmMN,172.0
915,0,RpAFtJSl,CtzBEXfZ,172.0
915,0,PcvuCqyL,RpAFtJSl,172.0
915,0,QOMpmplr,PcvuCqyL,172.0
915,0,HNejbQWJ,QOMpmplr,172.0
915,0,dQfoCLXo,HNejbQWJ,172.0
915,0,NJLhSMnp,dQfoCLXo,172.0
915,0,vitXJVTB,NJLhSMnp,173.0
915,0,DPEjcwqA,vitXJVTB,173.0
915,0,AKFNXFCk,DPEjcwqA,173.0
915,0,HIkBoDID,AKFNXFCk,174.0
915,0,FBcFacnd,HIkBoDID,185.0
915,0,URVlPKPB,FBcFacnd,185.0
915,0,vpSWiOiP,URVlPKPB,189.0
915,0,BvsSDYgP,vpSWiOiP,189.0
915,0,KVgMjZao,BvsSDYgP,189.0
915,0,rvGAYltM,KVgMjZao,189.0
915,0,bWARUqJw,aUXvtKAd,207.0
915,0,YRAoXeLc,bWARUqJw,219.0
915,0,QBEEvEfk,YRAoXeLc,215.0
915,0,wUNonIvB,QBEEvEfk,215.0
915,0,ADLjcXqa,wUNonIvB,216.0
915,0,TfcuZRGs,ADLjcXqa,216.0
915,0,wCBeePzy,TfcuZRGs,180.0
915,0,xaFIWdbd,wCBeePzy,180.0
915,0,FqqChBVj,xaFIWdbd,180.0
915,0,DdnncojU,FqqChBVj,180.0
915,0,JFAOdLlH,DdnncojU,180.0
915,0,hOuYlHPh,JFAOdLlH,60.0
915,0,LSLEHghp,hOuYlHPh,51.0
915,0,sTCaNKUj,LSLEHghp,51.0
915,0,ZKALZXGO,sTCaNKUj,51.0
915,0,tsbSHhIt,ZKALZXGO,42.0
1341,0,vkwWhgCe,VXiNciom,168.0
1341,0,pkhwWQVf,vkwWhgCe,144.0
1341,0,JxFLnqJu,pkhwWQVf,144.0
1341,0,GDiQpvtB,JxFLnqJu,144.0
1341,0,fGmFhgnx,GDiQpvtB,136.0
915,0,gFnNTJRr,tsbSHhIt,16.0
915,0,rDrqCYRb,gFnNTJRr,16.0
856,0,zPQeyVVD,momDhuqe,103.0
856,0,UrJBvWGq,zPQeyVVD,103.0
856,0,thxCXWVL,UrJBvWGq,103.0
856,0,AlpXiRiW,thxCXWVL,103.0
1568,0,vxTQjZcJ,UgzfanVk,201.0
766,0,CxOOaXfM,tVSOiuPz,27.0
766,0,OZlUZuJc,CxOOaXfM,27.0
766,0,bPGbdmLB,OZlUZuJc,27.0
766,0,YlKnpIom,bPGbdmLB,25.0
766,0,iyqZxomb,YlKnpIom,25.0
766,0,rAXDXBKw,iyqZxomb,25.0
620,0,xkPrOUqs,YJnTPbIZ,1.0
620,0,HAzkMqyk,xkPrOUqs,1.0
620,0,maNgUiZD,HAzkMqyk,1.0
620,0,etntpIwb,maNgUiZD,1.0
620,0,kJlOJSYi,etntpIwb,1.0
620,0,ObeVuyMA,kJlOJSYi,1.0
620,0,WqRwmxfX,ObeVuyMA,1.0
620,0,fbgWGcSP,WqRwmxfX,1.0
620,0,VctBMYxC,fbgWGcSP,1.0
620,0,xYfYRJnz,VctBMYxC,1.0
620,0,bvZtLhoP,xYfYRJnz,1.0
620,0,NoGATiBT,bvZtLhoP,1.0
463,0,WIZPpGvl,MnTeelLR,5995.0
463,0,qflzswAf,WIZPpGvl,4373.0
34,0,CKldDLYq,EkWBPXmr,6618.0
34,0,tjYcJLRB,CKldDLYq,6978.0
34,0,iYMJvRAf,tjYcJLRB,6464.0
1244,0,gBkmsEyR,ubZrQMid,3804.0
1244,0,hysxdiTF,gBkmsEyR,3155.0
1244,0,iYMJvRAf,hysxdiTF,3155.0
481,0,YyXnCqJL,FJDNPLrp,1250.0
481,0,DUgAaGlT,YyXnCqJL,1250.0
481,0,taEXnGBL,DUgAaGlT,1104.0
205,0,HefnspWQ,czFfIymd,573.0
205,0,lDeAZniB,HefnspWQ,573.0
205,0,sDgMDbLK,lDeAZniB,471.0
205,0,MUKiuGPJ,sDgMDbLK,471.0
205,0,BIPxiHLi,MUKiuGPJ,471.0
205,0,yrMfCrKd,BIPxiHLi,471.0
205,0,FJDNPLrp,yrMfCrKd,247.0
205,0,YyXnCqJL,FJDNPLrp,214.0
205,0,FXEtzSuC,YyXnCqJL,214.0
205,0,ppabfQGz,FXEtzSuC,214.0
426,0,aaOdCJPr,ezbmnBKa,1223.0
426,0,EZnTnoxs,aaOdCJPr,1228.0
426,0,faYOimYm,EZnTnoxs,1014.0
426,0,nObXmJzU,faYOimYm,1014.0
426,0,YmDpkIHQ,nObXmJzU,1005.0
426,0,HYfXIyFk,YmDpkIHQ,576.0
426,0,oQvXmJfL,HYfXIyFk,575.0
426,0,yayPNqiY,oQvXmJfL,545.0
426,0,FJDNPLrp,yayPNqiY,545.0
426,0,DUgAaGlT,FJDNPLrp,533.0
426,0,ppabfQGz,DUgAaGlT,314.0
426,0,MBTcSIip,ppabfQGz,314.0
426,0,qFzqwYZZ,MBTcSIip,299.0
426,0,gaLZwYvS,qFzqwYZZ,49.0
426,0,XypZkLUe,gaLZwYvS,18.0
426,0,drmArhka,XypZkLUe,18.0
727,0,GpnhEWuy,QDIpIlEK,2149.0
727,0,rRGVruPM,GpnhEWuy,2149.0
727,0,mLBQtksd,rRGVruPM,2226.0
232,0,YXiYqIfc,KLViSvpH,3588.0
232,0,OBtWrzof,YXiYqIfc,3589.0
232,0,TxpOiGNK,OBtWrzof,3502.0
779,0,pzScocJN,khOlLZay,4772.0
779,0,AOtPxxNt,pzScocJN,4723.0
727,0,GiONHkbf,WFZVQzrl,2374.0
727,0,QDIpIlEK,GiONHkbf,1484.0
426,0,lQIpGOTn,ysSWNERo,1500.0
426,0,uhUmvvRs,lQIpGOTn,1500.0
426,0,GgLRqpEG,uhUmvvRs,1500.0
426,0,WFZVQzrl,GgLRqpEG,1500.0
426,0,QDIpIlEK,WFZVQzrl,1565.0
426,0,IESGsZGI,QDIpIlEK,2150.0
426,0,mLBQtksd,IESGsZGI,2150.0
426,0,FBwCHGmG,mLBQtksd,2029.0
426,0,ezbmnBKa,FBwCHGmG,2029.0
426,0,jFRqfnFl,VkcYQwTj,1478.0
426,0,ysSWNERo,jFRqfnFl,1478.0
426,0,eaNsVWDR,XFPAZveS,923.0
426,0,hpACGGyB,eaNsVWDR,923.0
426,0,ywuGpANM,hpACGGyB,977.0
426,0,BZCtSmhk,ywuGpANM,1200.0
426,0,VkcYQwTj,BZCtSmhk,1200.0
574,0,ubZrQMid,vfdAIPGv,246.0
574,0,KwaxxmSs,ubZrQMid,246.0
574,0,fuApzGaS,KwaxxmSs,246.0
574,0,NQaaFyOm,fuApzGaS,109.0
574,0,oeGMQkdJ,NQaaFyOm,109.0
574,0,vkAUVqtk,oeGMQkdJ,109.0
482,0,duRJdiSr,qdrjbHYS,1786.0
482,0,uBFbbvHN,duRJdiSr,1788.0
482,0,YjUiSglA,uBFbbvHN,1788.0
482,0,xPaGbpFW,YjUiSglA,1788.0
482,0,LJLjKFnn,xPaGbpFW,1788.0
482,0,gzZgDndk,LJLjKFnn,1788.0
482,0,NQaaFyOm,gzZgDndk,1136.0
482,0,oeGMQkdJ,NQaaFyOm,461.0
482,0,vkAUVqtk,oeGMQkdJ,280.0
419,0,QHFmFyLR,EkWBPXmr,7646.0
419,0,neNWquOh,QHFmFyLR,7646.0
419,0,KwaxxmSs,neNWquOh,7724.0
419,0,gzZgDndk,KwaxxmSs,7826.0
419,0,NQaaFyOm,gzZgDndk,9296.0
524,0,duRJdiSr,PrkhDzLx,5953.0
524,0,uBFbbvHN,duRJdiSr,7907.0
524,0,YjUiSglA,uBFbbvHN,7913.0
524,0,xPaGbpFW,YjUiSglA,7913.0
524,0,LJLjKFnn,xPaGbpFW,7904.0
524,0,fuApzGaS,LJLjKFnn,7904.0
524,0,NQaaFyOm,fuApzGaS,6168.0
419,0,iPNesxKP,NQaaFyOm,9348.0
524,0,iPNesxKP,NQaaFyOm,3169.0
474,0,WqMESkMM,UrQlyWkl,2303.0
474,0,TKmnSMXw,WqMESkMM,2303.0
474,0,zAVZRYih,TKmnSMXw,2303.0
474,0,JgaAcZvO,HrNWphPZ,1522.0
474,0,oFGeBzfg,JgaAcZvO,1624.0
474,0,fUdtRFJM,oFGeBzfg,1624.0
474,0,UrQlyWkl,fUdtRFJM,1613.0
474,0,IOcMwGKn,ybjkPLXB,1228.0
474,0,hCxxcqWU,IOcMwGKn,1480.0
474,0,gUXxyAlR,hCxxcqWU,1600.0
474,0,cEOIeJTR,gUXxyAlR,1600.0
474,0,bWAbaUPC,cEOIeJTR,2212.0
474,0,HrNWphPZ,bWAbaUPC,2474.0
474,0,AszcEtOu,BpAiVnps,717.0
474,0,ufvngNip,AszcEtOu,1143.0
474,0,ybjkPLXB,ufvngNip,1143.0
616,0,NQaaFyOm,yhXmuUeN,635.0
616,0,iPNesxKP,NQaaFyOm,366.0
34,0,KplKuAnp,iYMJvRAf,5565.0
34,0,pSVDMeCH,KplKuAnp,5563.0
524,0,wOZIcmuB,iPNesxKP,2543.0
524,0,LPQBwisp,wOZIcmuB,3347.0
524,0,dpOKQcMh,LPQBwisp,3347.0
524,0,jLJTMrwU,dpOKQcMh,3314.0
524,0,LdWodgsw,jLJTMrwU,3314.0
524,0,iWFLhsvE,LdWodgsw,2881.0
524,0,qFzqwYZZ,iWFLhsvE,973.0
524,0,vfDgNrFH,qFzqwYZZ,973.0
524,0,gaLZwYvS,vfDgNrFH,973.0
524,0,OyJKKata,tBNXSyMW,2055.0
1244,0,KplKuAnp,iYMJvRAf,3955.0
1244,0,pSVDMeCH,KplKuAnp,3955.0
1052,0,OyJKKata,twMezfOU,45.0
1052,0,duRJdiSr,OyJKKata,45.0
460,0,FXEtzSuC,wdBsZaVr,1837.0
460,0,ppabfQGz,FXEtzSuC,1722.0
460,0,MBTcSIip,ppabfQGz,1441.0
460,0,qFzqwYZZ,MBTcSIip,1228.0
460,0,vfDgNrFH,qFzqwYZZ,1191.0
460,0,gaLZwYvS,vfDgNrFH,1191.0
460,0,wdBsZaVr,klenweCZ,1464.0
205,0,MBTcSIip,ppabfQGz,209.0
205,0,gaLZwYvS,MBTcSIip,136.0
460,0,klenweCZ,cPCRxZjy,2127.0
205,0,szQKyBKA,eBAbFKqQ,678.0
205,0,czFfIymd,szQKyBKA,678.0
762,0,PXPVuGmP,fQRLOpha,6100.0
762,0,IulxyPoH,PXPVuGmP,6100.0
762,0,llFTEWtD,IulxyPoH,6831.0
762,0,fPhIOSOj,llFTEWtD,6831.0
762,0,PQDqFTyk,fPhIOSOj,6659.0
762,0,OhBAPvsb,PQDqFTyk,6328.0
491,0,YvLYpMPH,POdtxoZm,2790.0
491,0,QnkNgkDL,YvLYpMPH,2790.0
491,0,lctVuVOk,QnkNgkDL,2777.0
491,0,wOZIcmuB,lctVuVOk,2775.0
491,0,LPQBwisp,wOZIcmuB,2727.0
491,0,dpOKQcMh,LPQBwisp,2727.0
491,0,jLJTMrwU,dpOKQcMh,2096.0
491,0,LdWodgsw,jLJTMrwU,2096.0
491,0,iWFLhsvE,LdWodgsw,824.0
491,0,qFzqwYZZ,iWFLhsvE,655.0
491,0,gaLZwYvS,qFzqwYZZ,655.0
474,0,iPNesxKP,zAVZRYih,2216.0
474,0,wOZIcmuB,iPNesxKP,1441.0
474,0,LPQBwisp,wOZIcmuB,1441.0
474,0,dpOKQcMh,LPQBwisp,1441.0
474,0,jLJTMrwU,dpOKQcMh,1397.0
474,0,LdWodgsw,jLJTMrwU,1397.0
474,0,iWFLhsvE,LdWodgsw,733.0
474,0,qFzqwYZZ,iWFLhsvE,608.0
474,0,gaLZwYvS,qFzqwYZZ,608.0
491,0,qvujbmjR,mKIQRbrs,1465.0
491,0,SqxhBMol,qvujbmjR,1465.0
491,0,vIqdsoZx,SqxhBMol,1573.0
491,0,WPPGaTFA,vIqdsoZx,1354.0
491,0,zavSPsgu,WPPGaTFA,1441.0
491,0,UrQlyWkl,zavSPsgu,1441.0
491,0,POdtxoZm,UrQlyWkl,1018.0
491,0,xQpNdvvD,GigUVtty,1622.0
491,0,SQUoXVXU,xQpNdvvD,1668.0
491,0,mKIQRbrs,SQUoXVXU,1829.0
491,0,bgWfLree,DsuTXcIa,1950.0
491,0,nUYnioIh,bgWfLree,1950.0
491,0,mVhkAqwx,nUYnioIh,1950.0
491,0,GigUVtty,mVhkAqwx,1962.0
491,0,JovbzjVh,qDeoslSZ,1244.0
491,0,DCdKJxNH,JovbzjVh,1287.0
491,0,DsuTXcIa,DCdKJxNH,1287.0
481,0,eciAPzhn,zYpZYpOA,2498.0
481,0,tOfkaukv,eciAPzhn,2498.0
481,0,exzjGTVf,tOfkaukv,2498.0
481,0,CcTUkfkl,exzjGTVf,2498.0
481,0,RupFhEwj,vIqdsoZx,1610.0
481,0,WPPGaTFA,RupFhEwj,1157.0
481,0,zavSPsgu,WPPGaTFA,1049.0
481,0,UrQlyWkl,zavSPsgu,1048.0
460,0,cPCRxZjy,nGRNUPgX,1735.0
633,0,jkmSVBKz,QkCkRebE,1848.0
633,0,jcbMPQjL,jkmSVBKz,1848.0
633,0,xfYjeqNM,jcbMPQjL,1132.0
633,0,CZfJWCoJ,xfYjeqNM,898.0
633,0,IdWZOznf,CZfJWCoJ,898.0
633,0,bFducDIy,IdWZOznf,898.0
633,0,iFgeXSsz,bFducDIy,898.0
633,0,NBopaFdP,iFgeXSsz,841.0
633,0,LbKosGpD,NBopaFdP,841.0
633,0,wOZIcmuB,LbKosGpD,841.0
633,0,dpOKQcMh,wOZIcmuB,550.0
633,0,jLJTMrwU,dpOKQcMh,503.0
633,0,LdWodgsw,jLJTMrwU,503.0
633,0,iWFLhsvE,LdWodgsw,288.0
633,0,qFzqwYZZ,iWFLhsvE,187.0
633,0,gaLZwYvS,qFzqwYZZ,187.0
460,0,nGRNUPgX,ARTSSefO,1742.0
481,0,CYSggHNR,IkxLwyxa,1974.0
481,0,VhgapMoa,CYSggHNR,1911.0
481,0,dKbqWpcD,VhgapMoa,1911.0
481,0,zYpZYpOA,dKbqWpcD,1911.0
205,0,zAwPDfkg,RWixPrCB,772.0
205,0,eBAbFKqQ,zAwPDfkg,775.0
460,0,STSGJiIu,SvGtXrYj,1986.0
460,0,buAeVenh,STSGJiIu,1657.0
460,0,ARTSSefO,buAeVenh,1657.0
205,0,WweXYmbm,JODrgTwh,720.0
205,0,RWixPrCB,WweXYmbm,720.0
460,0,OPXtWBVk,nPkrzCty,1823.0
460,0,SvGtXrYj,OPXtWBVk,1986.0
460,0,mSXRukCc,kjxfKqbD,4179.0
460,0,FFGyTMvJ,mSXRukCc,4179.0
460,0,eyAJPdep,FFGyTMvJ,3073.0
460,0,RCkelXPh,eyAJPdep,3137.0
460,0,jcExlqwL,RCkelXPh,3137.0
460,0,YctaenCe,jcExlqwL,2463.0
460,0,tzYrVhKO,YctaenCe,2463.0
460,0,UgpyjFML,tzYrVhKO,2443.0
460,0,nPkrzCty,UgpyjFML,2506.0
633,0,AqgjLYqB,pPReLBCT,1862.0
633,0,QkCkRebE,AqgjLYqB,1862.0
460,0,CEZTRnUo,qflzswAf,5596.0
460,0,funWfCdm,CEZTRnUo,5596.0
460,0,rnFrOJMw,funWfCdm,5596.0
460,0,MklhhYCQ,rnFrOJMw,5606.0
460,0,nzTRQfUi,MklhhYCQ,7287.0
460,0,nhSXMXjw,nzTRQfUi,6899.0
460,0,kjxfKqbD,nhSXMXjw,4092.0
572,0,fOfcyQgJ,iWoOHVbT,1874.0
572,0,YXOKWXAw,fOfcyQgJ,1864.0
572,0,gzZgDndk,YXOKWXAw,1864.0
572,0,NQaaFyOm,gzZgDndk,229.0
572,0,iPNesxKP,NQaaFyOm,229.0
523,0,FTwVCxQy,pSVDMeCH,697.0
523,0,RFaTWaew,FTwVCxQy,697.0
477,0,mYoRZvtc,RFaTWaew,871.0
616,0,xQpNdvvD,GigUVtty,570.0
616,0,VuxSFkGj,xQpNdvvD,571.0
616,0,SQUoXVXU,VuxSFkGj,571.0
616,0,tZiWmgTn,SQUoXVXU,569.0
616,0,TJGhHrvm,tZiWmgTn,570.0
616,0,bgWfLree,DsuTXcIa,547.0
616,0,nUYnioIh,bgWfLree,547.0
616,0,UAkhVpHN,nUYnioIh,547.0
616,0,mVhkAqwx,UAkhVpHN,547.0
616,0,GigUVtty,mVhkAqwx,593.0
616,0,eOdwAkBF,ydoNqUsu,528.0
616,0,FDCDnriY,eOdwAkBF,528.0
616,0,DCdKJxNH,FDCDnriY,528.0
616,0,DsuTXcIa,DCdKJxNH,481.0
616,0,OyNIynZV,DYKvrufv,381.0
616,0,ydoNqUsu,OyNIynZV,381.0
1567,0,nPkrzCty,UgpyjFML,1724.0
477,0,FTwVCxQy,KplKuAnp,2.0
477,0,RFaTWaew,FTwVCxQy,2.0
481,0,POdtxoZm,UrQlyWkl,2947.0
481,0,YvLYpMPH,POdtxoZm,3925.0
481,0,SemNVHvd,YvLYpMPH,3925.0
481,0,QnkNgkDL,SemNVHvd,3927.0
481,0,lctVuVOk,QnkNgkDL,3901.0
34,0,FTwVCxQy,pSVDMeCH,4563.0
34,0,xnBCUPNx,FTwVCxQy,5754.0
665,0,GpnhEWuy,QDIpIlEK,101.0
665,0,rRGVruPM,GpnhEWuy,101.0
665,0,YmkUpvHU,rRGVruPM,101.0
665,0,GbYxEXTt,YmkUpvHU,101.0
665,0,DOGyniWl,GbYxEXTt,101.0
665,0,fubLBmAl,DOGyniWl,147.0
665,0,zjSAMvDn,fubLBmAl,147.0
665,0,BYsSDXCP,zjSAMvDn,147.0
665,0,WtPVEKaC,BYsSDXCP,147.0
665,0,czFfIymd,WtPVEKaC,147.0
665,0,HefnspWQ,czFfIymd,10.0
665,0,lDeAZniB,HefnspWQ,10.0
665,0,sDgMDbLK,lDeAZniB,10.0
665,0,MUKiuGPJ,sDgMDbLK,10.0
665,0,BIPxiHLi,MUKiuGPJ,10.0
665,0,yrMfCrKd,BIPxiHLi,10.0
665,0,FJDNPLrp,yrMfCrKd,1.0
665,0,YyXnCqJL,FJDNPLrp,1.0
665,0,VORIvtHn,YyXnCqJL,1.0
665,0,aRsTDGQj,VORIvtHn,1.0
665,0,fTOPrrgc,aRsTDGQj,1.0
665,0,XPasGtVj,fTOPrrgc,1.0
665,0,djOWqAVW,XPasGtVj,1.0
665,0,LdWodgsw,djOWqAVW,1.0
616,0,wOZIcmuB,iPNesxKP,263.0
616,0,kWtooBDW,wOZIcmuB,263.0
616,0,jkuUxjyr,kWtooBDW,263.0
212,0,RZyHoyLx,JmbBeQIE,110.0
212,0,Gzlmcdek,RZyHoyLx,110.0
212,0,cPCRxZjy,Gzlmcdek,110.0
212,0,qpacHTVx,cPCRxZjy,110.0
212,0,jgXkfKmE,qpacHTVx,110.0
212,0,AFWGXQGm,jgXkfKmE,110.0
212,0,WTiRZunt,AFWGXQGm,110.0
212,0,ZMeqpjWv,WTiRZunt,110.0
212,0,tSUFrefk,ZMeqpjWv,110.0
212,0,FqxCUuHX,tSUFrefk,110.0
212,0,kGGyYXze,FqxCUuHX,110.0
212,0,aiNWVRbc,kGGyYXze,110.0
212,0,djOWqAVW,aiNWVRbc,110.0
212,0,LdWodgsw,djOWqAVW,110.0
1244,0,FTwVCxQy,pSVDMeCH,3480.0
1244,0,xnBCUPNx,FTwVCxQy,4038.0
419,0,lctVuVOk,iPNesxKP,7481.0
419,0,iLaGOhZk,lctVuVOk,8519.0
12,0,NLDgVASg,RkbXqAIs,268.0
12,0,DKPrUpnj,NLDgVASg,268.0
12,0,CdibamDB,DKPrUpnj,310.0
12,0,lBopHXdD,CdibamDB,310.0
12,0,vwEcxUej,lBopHXdD,310.0
12,0,JBpFxiqb,vwEcxUej,310.0
12,0,Oslgxmkx,JBpFxiqb,310.0
12,0,AtcDBGpE,Oslgxmkx,319.0
12,0,nsjiKPCz,AtcDBGpE,319.0
12,0,vfdAIPGv,nsjiKPCz,319.0
12,0,inJVXMtB,vfdAIPGv,319.0
12,0,ubZrQMid,inJVXMtB,319.0
12,0,gBkmsEyR,ubZrQMid,319.0
12,0,cGoHBmgo,gBkmsEyR,319.0
12,0,fOfcyQgJ,cGoHBmgo,319.0
12,0,YXOKWXAw,fOfcyQgJ,319.0
12,0,gzZgDndk,YXOKWXAw,319.0
12,0,NQaaFyOm,gzZgDndk,319.0
12,0,iPNesxKP,NQaaFyOm,319.0
12,0,lctVuVOk,iPNesxKP,319.0
12,0,iLaGOhZk,lctVuVOk,319.0
12,0,RkbXqAIs,MTAZIXBL,260.0
12,0,leJfirnk,yrRBvFtZ,189.0
12,0,QRSRIbba,leJfirnk,189.0
12,0,EkCoFwMY,QRSRIbba,189.0
12,0,jqriedgy,EkCoFwMY,189.0
12,0,MTAZIXBL,jqriedgy,189.0
12,0,wuyFtExA,EtvjcvTp,95.0
12,0,MrybjzSo,wuyFtExA,95.0
12,0,yrRBvFtZ,MrybjzSo,95.0
463,0,pSVDMeCH,gaLZwYvS,1760.0
463,0,FTwVCxQy,pSVDMeCH,1761.0
463,0,xnBCUPNx,FTwVCxQy,2283.0
463,0,PbNNbEKu,xnBCUPNx,2561.0
463,0,fTOPrrgc,PbNNbEKu,2617.0
463,0,ErjukRDc,fTOPrrgc,2617.0
463,0,ojYgsDtJ,ErjukRDc,2587.0
481,0,EocVuyzS,lctVuVOk,1447.0
481,0,lwcIkPvE,EocVuyzS,1447.0
318,0,XwcxmOai,nrUfCQxz,4636.0
318,0,sCyvkPkr,XwcxmOai,5438.0
318,0,YLjwrcCY,sCyvkPkr,5511.0
318,0,RfzcmazU,YLjwrcCY,5277.0
318,0,ImIhxSnH,RfzcmazU,5206.0
1747,0,KbyuLDsq,jcbMPQjL,5625.0
1747,0,XAYndOhY,KbyuLDsq,5624.0
1747,0,msSSSjFI,XAYndOhY,4813.0
480,0,mHRdWDIt,XFLojCJa,299.0
1318,0,LKVeVUNI,BpAiVnps,4158.0
1318,0,dbPZeeiE,LKVeVUNI,3954.0
1318,0,CsDsDrdU,dbPZeeiE,3897.0
1318,0,OPXtWBVk,CsDsDrdU,4375.0
419,0,ZpgoacOO,iLaGOhZk,6807.0
12,0,ZpgoacOO,iLaGOhZk,207.0
419,0,eYoPTdNP,ZpgoacOO,5982.0
663,0,zjSAMvDn,DOGyniWl,122.0
663,0,ZaBRaevd,zjSAMvDn,113.0
663,0,EZnTnoxs,ZaBRaevd,109.0
663,0,faYOimYm,EZnTnoxs,78.0
663,0,cmGUMIAA,faYOimYm,78.0
663,0,sDgMDbLK,cmGUMIAA,78.0
663,0,MUKiuGPJ,sDgMDbLK,47.0
663,0,LLvlNCEB,MUKiuGPJ,47.0
663,0,oXfrIVbN,LLvlNCEB,47.0
663,0,AFWGXQGm,oXfrIVbN,47.0
663,0,WTiRZunt,AFWGXQGm,24.0
663,0,RGyQypSn,WTiRZunt,24.0
663,0,jsUuEBbk,RGyQypSn,24.0
663,0,WCllcJIC,SEjojzMr,48.0
663,0,OXcUkifL,WCllcJIC,48.0
663,0,POsNTwnJ,OXcUkifL,48.0
663,0,rRGVruPM,POsNTwnJ,48.0
663,0,YmkUpvHU,rRGVruPM,48.0
663,0,GbYxEXTt,YmkUpvHU,50.0
663,0,DOGyniWl,GbYxEXTt,50.0
1623,0,yLtehlsl,iSMSiXHg,678.0
1623,0,ZfvMwthQ,yLtehlsl,678.0
1623,0,rWJbJwsc,ZfvMwthQ,678.0
401,0,eJfPkird,kgNzHUbI,5468.0
1244,0,MEVzYGii,xnBCUPNx,4176.0
1244,0,byZXHxZy,MEVzYGii,4217.0
616,0,LvbzkrjO,jkuUxjyr,257.0
616,0,FXEtzSuC,LvbzkrjO,257.0
616,0,bpXNEOYE,FXEtzSuC,257.0
616,0,IIzQthVA,bpXNEOYE,257.0
1747,0,HrNWphPZ,nrKKniYe,5320.0
1747,0,jcbMPQjL,HrNWphPZ,5207.0
419,0,rlRRFZPO,eYoPTdNP,5945.0
458,0,JYcdyiOK,heyKMWAh,27.0
458,0,gDobDJgN,JYcdyiOK,27.0
458,0,gUXxyAlR,gDobDJgN,27.0
458,0,CfleTooC,gUXxyAlR,27.0
458,0,cEOIeJTR,CfleTooC,27.0
458,0,bWAbaUPC,cEOIeJTR,27.0
458,0,qrSNpKDz,bWAbaUPC,27.0
458,0,HrNWphPZ,qrSNpKDz,27.0
458,0,jcbMPQjL,HrNWphPZ,27.0
458,0,KbyuLDsq,jcbMPQjL,27.0
458,0,rBcsOnfo,KbyuLDsq,27.0
458,0,XAYndOhY,rBcsOnfo,27.0
458,0,cPCRxZjy,XAYndOhY,27.0
458,0,qpacHTVx,cPCRxZjy,27.0
458,0,klenweCZ,qpacHTVx,27.0
34,0,MEVzYGii,xnBCUPNx,6370.0
34,0,yQIotbyH,MEVzYGii,6479.0
1244,0,yQIotbyH,byZXHxZy,4159.0
458,0,wdBsZaVr,klenweCZ,4.0
458,0,FXEtzSuC,wdBsZaVr,4.0
458,0,bpXNEOYE,FXEtzSuC,4.0
458,0,IIzQthVA,bpXNEOYE,4.0
1441,0,LsuNFzpq,kVCEAUTv,2054.0
426,0,FZsFzszJ,gzTQJVMW,473.0
426,0,AoRkaUmb,FZsFzszJ,476.0
426,0,ALhaazBT,AoRkaUmb,476.0
426,0,AUmOMGnp,ALhaazBT,515.0
426,0,XFPAZveS,AUmOMGnp,518.0
426,0,gzTQJVMW,RVEyrwjR,428.0
481,0,WtSrfmmv,msSSSjFI,1059.0
481,0,lpqoYdNq,WtSrfmmv,1059.0
481,0,BIPxiHLi,lpqoYdNq,1053.0
481,0,yrMfCrKd,BIPxiHLi,1053.0
481,0,FJDNPLrp,yrMfCrKd,1207.0
1435,0,hpACGGyB,xzbhGFLT,10261.0
1435,0,VgUdLlOW,hpACGGyB,10240.0
1435,0,ywuGpANM,VgUdLlOW,10214.0
1435,0,BZCtSmhk,ywuGpANM,6845.0
1435,0,NbgxPNNK,BZCtSmhk,6704.0
1435,0,vOKcaAnW,NbgxPNNK,6482.0
1435,0,HOwZAROe,vOKcaAnW,6475.0
1435,0,opPTwucI,HOwZAROe,5837.0
1435,0,htzVSGDL,opPTwucI,5776.0
1435,0,KabAcwBq,htzVSGDL,5776.0
1435,0,HAmwZMhM,KabAcwBq,4508.0
1435,0,xgzyCPTg,HAmwZMhM,3968.0
1435,0,XWLETkPz,xgzyCPTg,3968.0
1435,0,RSQixiib,XWLETkPz,3968.0
1435,0,qrzeRBPC,RSQixiib,2687.0
1435,0,phXawcIY,qrzeRBPC,2687.0
1435,0,EXTmTMKf,phXawcIY,2686.0
762,0,hFISFuCO,BxmxkKGC,6682.0
762,0,fQRLOpha,hFISFuCO,6682.0
1435,0,ejMjPdTH,SVPLEqNI,10317.0
1435,0,CKorGRkE,ejMjPdTH,10317.0
1435,0,eaNsVWDR,CKorGRkE,10317.0
1435,0,xzbhGFLT,eaNsVWDR,10293.0
419,0,yQfeHodw,rlRRFZPO,4018.0
419,0,YEqGDaQm,yQfeHodw,4018.0
419,0,QjBtnCad,YEqGDaQm,4041.0
205,0,NPqatCDm,oBjbzljy,456.0
205,0,XiaLQvRI,NPqatCDm,457.0
205,0,gNlImmtJ,XiaLQvRI,462.0
205,0,kdVJdnYB,gNlImmtJ,462.0
205,0,nMidlhrd,kdVJdnYB,462.0
205,0,JODrgTwh,nMidlhrd,462.0
1747,0,WtSrfmmv,msSSSjFI,4566.0
1747,0,lpqoYdNq,WtSrfmmv,4718.0
1747,0,BIPxiHLi,lpqoYdNq,4707.0
1747,0,yrMfCrKd,BIPxiHLi,4707.0
1747,0,KHrhIPzf,yrMfCrKd,4777.0
204,0,xnBCUPNx,gaLZwYvS,163.0
204,0,MEVzYGii,xnBCUPNx,356.0
204,0,yQIotbyH,MEVzYGii,356.0
204,0,ZyxFjabk,yQIotbyH,841.0
204,0,RyfxjoUl,ZyxFjabk,841.0
204,0,QIQMIQBO,RyfxjoUl,965.0
204,0,KHrhIPzf,QIQMIQBO,1159.0
209,0,HefnspWQ,czFfIymd,498.0
209,0,lDeAZniB,HefnspWQ,476.0
209,0,sDgMDbLK,lDeAZniB,476.0
209,0,MUKiuGPJ,sDgMDbLK,476.0
209,0,BIPxiHLi,MUKiuGPJ,476.0
209,0,yrMfCrKd,BIPxiHLi,476.0
209,0,KHrhIPzf,yrMfCrKd,476.0
143,0,OXcUkifL,WCllcJIC,1188.0
143,0,POsNTwnJ,OXcUkifL,678.0
143,0,rRGVruPM,POsNTwnJ,663.0
464,0,QHFmFyLR,EkWBPXmr,1170.0
464,0,neNWquOh,QHFmFyLR,1170.0
464,0,KwaxxmSs,neNWquOh,1170.0
464,0,gzZgDndk,KwaxxmSs,1170.0
464,0,NQaaFyOm,gzZgDndk,2594.0
464,0,iPNesxKP,NQaaFyOm,3311.0
464,0,lctVuVOk,iPNesxKP,4034.0
464,0,EocVuyzS,lctVuVOk,4274.0
464,0,lwcIkPvE,EocVuyzS,4274.0
464,0,suszCmcx,lwcIkPvE,4431.0
464,0,Fwqgdxfa,suszCmcx,4603.0
463,0,suszCmcx,ojYgsDtJ,2777.0
463,0,Fwqgdxfa,suszCmcx,1986.0
1747,0,nrKKniYe,SqxhBMol,5789.0
1747,0,JovbzjVh,qDeoslSZ,2727.0
1747,0,DCdKJxNH,JovbzjVh,3156.0
1747,0,DsuTXcIa,DCdKJxNH,4274.0
1747,0,bgWfLree,DsuTXcIa,5674.0
1747,0,nUYnioIh,bgWfLree,5674.0
1747,0,COReTzyE,nUYnioIh,5674.0
1747,0,DJsuwMnQ,COReTzyE,5946.0
1747,0,EfWhclss,DJsuwMnQ,5831.0
1747,0,SqxhBMol,EfWhclss,5554.0
682,0,jkmSVBKz,QkCkRebE,873.0
682,0,zfZPgPol,jkmSVBKz,881.0
682,0,YLjwrcCY,zfZPgPol,869.0
682,0,RfzcmazU,YLjwrcCY,955.0
1681,0,UuoajKVN,fdwfslrS,66.0
1681,0,tmPrLnhA,UuoajKVN,66.0
1681,0,KHybvzQw,tmPrLnhA,66.0
1681,0,WywmvGMH,KHybvzQw,64.0
1681,0,AesbwnPs,WywmvGMH,60.0
1681,0,hzAARBgX,AesbwnPs,60.0
1681,0,IjDfGHsr,hzAARBgX,60.0
1681,0,TFRpjaAo,IjDfGHsr,60.0
1681,0,JhdinCeD,TFRpjaAo,48.0
1681,0,ZIieNEvD,JhdinCeD,48.0
1681,0,jvLymITs,ZIieNEvD,48.0
1681,0,jJVVpGMf,jvLymITs,1.0
1681,0,tcYerYbk,jJVVpGMf,1.0
1681,0,pPKqPUVW,tcYerYbk,1.0
1681,0,iYTiOTOT,pPKqPUVW,1.0
1681,0,dLtneiKf,iYTiOTOT,1.0
1681,0,slfxTuih,dLtneiKf,1.0
1681,0,XFPAZveS,slfxTuih,1.0
1681,0,ojqTFFWy,XFPAZveS,1.0
1747,0,WAnDToyk,KHrhIPzf,4595.0
1747,0,UwPVTdeZ,WAnDToyk,4595.0
419,0,WAnDToyk,QjBtnCad,3506.0
419,0,UwPVTdeZ,WAnDToyk,3593.0
204,0,WAnDToyk,KHrhIPzf,1256.0
209,0,szQKyBKA,eBAbFKqQ,819.0
209,0,czFfIymd,szQKyBKA,819.0
209,0,WAnDToyk,KHrhIPzf,470.0
209,0,UwPVTdeZ,WAnDToyk,401.0
209,0,STSGJiIu,TdfMaTlB,831.0
209,0,vpctkpYQ,STSGJiIu,832.0
209,0,wegNXhqe,vpctkpYQ,832.0
209,0,RZyHoyLx,wegNXhqe,832.0
209,0,kKHgYdYp,RZyHoyLx,832.0
209,0,eBAbFKqQ,kKHgYdYp,547.0
209,0,dbPZeeiE,LKVeVUNI,498.0
209,0,CsDsDrdU,dbPZeeiE,498.0
209,0,DGTEnFlN,CsDsDrdU,641.0
209,0,OPXtWBVk,DGTEnFlN,641.0
209,0,SvGtXrYj,OPXtWBVk,708.0
209,0,TdfMaTlB,SvGtXrYj,708.0
727,0,WhHfbZWj,lsBVGYKC,5189.0
425,0,jFRqfnFl,gmsNDepi,413.0
425,0,ysSWNERo,jFRqfnFl,413.0
425,0,lQIpGOTn,ysSWNERo,413.0
425,0,uhUmvvRs,lQIpGOTn,413.0
425,0,GgLRqpEG,uhUmvvRs,413.0
425,0,WFZVQzrl,GgLRqpEG,413.0
425,0,QDIpIlEK,WFZVQzrl,281.0
425,0,GpnhEWuy,QDIpIlEK,146.0
425,0,mLBQtksd,GpnhEWuy,144.0
425,0,rFvOiVZU,mLBQtksd,45.0
425,0,ezbmnBKa,rFvOiVZU,45.0
425,0,aaOdCJPr,ezbmnBKa,45.0
425,0,EZnTnoxs,aaOdCJPr,45.0
425,0,faYOimYm,EZnTnoxs,45.0
425,0,UGcgYMSg,faYOimYm,45.0
425,0,ThGrfpxl,UGcgYMSg,45.0
425,0,HYfXIyFk,ThGrfpxl,2.0
425,0,oQvXmJfL,HYfXIyFk,2.0
356,0,QHFmFyLR,EkWBPXmr,1143.0
356,0,neNWquOh,QHFmFyLR,1143.0
356,0,KwaxxmSs,neNWquOh,1147.0
356,0,gzZgDndk,KwaxxmSs,1147.0
356,0,NQaaFyOm,gzZgDndk,3279.0
356,0,iPNesxKP,NQaaFyOm,3554.0
356,0,lctVuVOk,iPNesxKP,4309.0
356,0,EocVuyzS,lctVuVOk,4319.0
356,0,lwcIkPvE,EocVuyzS,4319.0
356,0,suszCmcx,lwcIkPvE,4370.0
356,0,UTBcifAN,suszCmcx,4822.0
1741,0,YmkUpvHU,qKeCDDXI,88.0
1741,0,GbYxEXTt,YmkUpvHU,88.0
1741,0,ItndWSiW,GbYxEXTt,88.0
1741,0,DOGyniWl,ItndWSiW,147.0
1741,0,fubLBmAl,DOGyniWl,147.0
1741,0,zjSAMvDn,fubLBmAl,147.0
1741,0,BYsSDXCP,zjSAMvDn,214.0
1741,0,WtPVEKaC,BYsSDXCP,176.0
1741,0,cniBuICf,WtPVEKaC,167.0
1741,0,LPfgjVyT,cniBuICf,167.0
1750,0,ULIlEdjB,XHLHCkqn,900.0
1750,0,zfmNZkKD,ULIlEdjB,892.0
852,0,nsbHlbAq,WhHfbZWj,127.0
852,0,cwgbfpqq,nsbHlbAq,127.0
852,0,fMrlznIn,cwgbfpqq,127.0
852,0,uXKxCjNA,fMrlznIn,127.0
852,0,bOiSLYGO,uXKxCjNA,127.0
481,0,suszCmcx,lwcIkPvE,1060.0
449,0,eciAPzhn,RoAYEvND,154.0
449,0,tOfkaukv,eciAPzhn,154.0
449,0,exzjGTVf,tOfkaukv,154.0
449,0,CcTUkfkl,exzjGTVf,154.0
449,0,SqxhBMol,CcTUkfkl,154.0
449,0,vIqdsoZx,SqxhBMol,154.0
449,0,WPPGaTFA,vIqdsoZx,154.0
449,0,zavSPsgu,WPPGaTFA,154.0
449,0,UrQlyWkl,zavSPsgu,154.0
449,0,POdtxoZm,UrQlyWkl,217.0
449,0,YvLYpMPH,POdtxoZm,261.0
449,0,QnkNgkDL,YvLYpMPH,261.0
449,0,lctVuVOk,QnkNgkDL,261.0
449,0,EocVuyzS,lctVuVOk,261.0
449,0,suszCmcx,EocVuyzS,261.0
449,0,UTBcifAN,suszCmcx,261.0
682,0,cEwgxjVO,RfzcmazU,723.0
214,0,yYSDLmlm,ydoNqUsu,1139.0
214,0,FDCDnriY,yYSDLmlm,1272.0
214,0,hLEWSLqw,FDCDnriY,1272.0
682,0,JGbfxLUL,KQSHMGnw,255.0
682,0,IjwLXBRx,JGbfxLUL,255.0
682,0,TPsFloRu,IjwLXBRx,256.0
682,0,VCDwRKse,TPsFloRu,525.0
682,0,lZYsrfVZ,VCDwRKse,525.0
682,0,jXeBpcDF,lZYsrfVZ,525.0
682,0,goaumTLR,jXeBpcDF,711.0
682,0,vNMxowJX,goaumTLR,711.0
682,0,voZaDctr,vNMxowJX,711.0
682,0,rDcmNjNB,voZaDctr,711.0
682,0,pPReLBCT,rDcmNjNB,711.0
682,0,AqgjLYqB,pPReLBCT,711.0
682,0,QkCkRebE,AqgjLYqB,711.0
146,0,NPqatCDm,oBjbzljy,20.0
146,0,XiaLQvRI,NPqatCDm,20.0
146,0,gNlImmtJ,XiaLQvRI,20.0
146,0,kdVJdnYB,gNlImmtJ,20.0
146,0,nMidlhrd,kdVJdnYB,20.0
146,0,JODrgTwh,nMidlhrd,20.0
227,0,AqgjLYqB,pPReLBCT,1090.0
227,0,QkCkRebE,AqgjLYqB,1090.0
227,0,RfzcmazU,XwcxmOai,953.0
227,0,cEwgxjVO,RfzcmazU,904.0
47,0,fGmFhgnx,rckblBTM,11371.0
1065,0,OfWHUDWP,TQJSOMwc,487.0
1064,0,WdOwNGhj,xfbmoJHP,1536.0
1064,0,kKKRBhFF,WdOwNGhj,1500.0
1064,0,NFInfBeu,kKKRBhFF,1500.0
1064,0,VCQdmIoF,NFInfBeu,1500.0
1064,0,ePrpofUw,VCQdmIoF,1500.0
1064,0,KcvPUxQg,ePrpofUw,1500.0
1064,0,BlnSxBAr,KcvPUxQg,1499.0
1064,0,TCBUGaZf,BlnSxBAr,1499.0
34,0,taEXnGBL,yQIotbyH,6007.0
34,0,rZoajhYh,taEXnGBL,6007.0
481,0,rZoajhYh,taEXnGBL,1101.0
1140,0,QHFmFyLR,EkWBPXmr,663.0
1140,0,neNWquOh,QHFmFyLR,663.0
1140,0,KwaxxmSs,neNWquOh,663.0
1140,0,gzZgDndk,KwaxxmSs,663.0
1140,0,NQaaFyOm,gzZgDndk,1203.0
1140,0,iPNesxKP,NQaaFyOm,1328.0
1140,0,lctVuVOk,iPNesxKP,1498.0
1140,0,ZpgoacOO,lctVuVOk,1536.0
1140,0,eYoPTdNP,ZpgoacOO,1647.0
1140,0,rlRRFZPO,eYoPTdNP,1657.0
1140,0,JXTJImqP,rlRRFZPO,1657.0
1140,0,zZjujLYd,JXTJImqP,1657.0
1140,0,xaaBiNQT,zZjujLYd,1657.0
209,0,LKVeVUNI,BpAiVnps,417.0
663,0,KIvXTDlT,IvXmMOhB,21.0
663,0,TgzZcdmy,KIvXTDlT,21.0
663,0,SEjojzMr,TgzZcdmy,21.0
419,0,gbxdgQQp,UwPVTdeZ,3588.0
1747,0,gbxdgQQp,UwPVTdeZ,4457.0
1142,0,NXLrCKMp,xiTGCYEl,1855.0
1142,0,FyoAuDvn,NXLrCKMp,1855.0
1142,0,GpnhEWuy,FyoAuDvn,1862.0
1142,0,rRGVruPM,GpnhEWuy,1913.0
1142,0,mLBQtksd,rRGVruPM,1792.0
1142,0,knCDNjnp,mLBQtksd,1962.0
1142,0,nYVfIRsk,knCDNjnp,1962.0
1142,0,IHZGJZTs,nYVfIRsk,1962.0
1142,0,EcsZBajf,IHZGJZTs,1962.0
1142,0,iOuVBZzk,EcsZBajf,2180.0
204,0,HUkyeYlq,WAnDToyk,1247.0
204,0,PYpgWopD,HUkyeYlq,1335.0
204,0,lDeAZniB,PYpgWopD,1335.0
204,0,bLzlxnwB,lDeAZniB,1335.0
481,0,msSSSjFI,suszCmcx,502.0
205,0,EdqXvVeI,nPkrzCty,230.0
205,0,oBjbzljy,EdqXvVeI,230.0
356,0,HQVZivsH,UTBcifAN,3646.0
682,0,fRBexIzo,cEwgxjVO,788.0
204,0,wSspaAkq,bLzlxnwB,1573.0
204,0,NppIhzQC,wSspaAkq,1573.0
204,0,WtPVEKaC,NppIhzQC,1541.0
204,0,tTrMaEIS,WtPVEKaC,882.0
204,0,WeXgsZLY,tTrMaEIS,882.0
685,0,qrSNpKDz,bWAbaUPC,789.0
685,0,HrNWphPZ,qrSNpKDz,998.0
685,0,XwcxmOai,HrNWphPZ,1011.0
685,0,RfzcmazU,XwcxmOai,1011.0
685,0,cEwgxjVO,RfzcmazU,860.0
685,0,fRBexIzo,cEwgxjVO,860.0
685,0,qKDzyFqg,ERcEoUXY,661.0
685,0,uKbbRztG,qKDzyFqg,639.0
685,0,cEOIeJTR,uKbbRztG,909.0
685,0,bWAbaUPC,cEOIeJTR,932.0
227,0,fRBexIzo,cEwgxjVO,952.0
227,0,nDzrviXX,fRBexIzo,952.0
1255,0,EmkugZPX,XMWgellz,1218.0
1255,0,lmZJehpq,EmkugZPX,1212.0
1255,0,tDDddUJb,lmZJehpq,1212.0
1255,0,RVGhYAxc,tDDddUJb,1090.0
1255,0,BpAiVnps,RVGhYAxc,531.0
852,0,WhHfbZWj,lsBVGYKC,42.0
356,0,DeiIsjyA,HQVZivsH,3171.0
143,0,YmkUpvHU,rRGVruPM,219.0
1750,0,GTWLqqnN,JafVjQhg,751.0
1750,0,wefAcLKj,GTWLqqnN,768.0
1750,0,XHLHCkqn,wefAcLKj,768.0
1418,0,SapgsLPr,JPWycazw,2541.0
1418,0,OyAyNkqZ,SapgsLPr,2558.0
419,0,HeRWBWAv,gbxdgQQp,3577.0
419,0,YmDpkIHQ,HeRWBWAv,3577.0
34,0,NuyYqrDq,rZoajhYh,6443.0
1244,0,taEXnGBL,yQIotbyH,3910.0
1244,0,rZoajhYh,taEXnGBL,3910.0
1244,0,LccdLENM,rZoajhYh,3385.0
1244,0,BaKUDeNn,LccdLENM,3385.0
1244,0,NuyYqrDq,BaKUDeNn,1231.0
1747,0,HeRWBWAv,gbxdgQQp,4468.0
1747,0,xjaGpszF,HeRWBWAv,4468.0
727,0,mSXRukCc,kjxfKqbD,4324.0
727,0,FFGyTMvJ,mSXRukCc,4324.0
727,0,lsBVGYKC,FFGyTMvJ,4366.0
1142,0,oBjbzljy,sZwmfbNt,672.0
1142,0,aYSqaQmJ,oBjbzljy,692.0
1142,0,PjfwSZnl,aYSqaQmJ,1261.0
1142,0,mLFZUgfn,PjfwSZnl,1383.0
1142,0,ftrZKujQ,mLFZUgfn,1383.0
1142,0,yXKTuRtI,ftrZKujQ,1383.0
1142,0,yFEIEiOj,yXKTuRtI,1378.0
1142,0,dlzglDFV,yFEIEiOj,1364.0
1142,0,pZATYgJX,dlzglDFV,1364.0
1142,0,DkqFSkSd,pZATYgJX,1364.0
1142,0,bZroqIhX,DkqFSkSd,1364.0
1142,0,cNuIRYrx,bZroqIhX,1420.0
1142,0,yNIUaSyZ,cNuIRYrx,1416.0
1142,0,xiTGCYEl,yNIUaSyZ,1416.0
1506,0,EVAUYvVR,JKFFGKvY,10106.0
1506,0,GYfZYaJh,EVAUYvVR,10077.0
1506,0,WFZVQzrl,GYfZYaJh,8467.0
727,0,CEZTRnUo,qflzswAf,3672.0
727,0,funWfCdm,CEZTRnUo,3672.0
727,0,rnFrOJMw,funWfCdm,3672.0
727,0,MklhhYCQ,rnFrOJMw,3703.0
727,0,nzTRQfUi,MklhhYCQ,3742.0
727,0,nhSXMXjw,nzTRQfUi,3755.0
727,0,kjxfKqbD,nhSXMXjw,3762.0
481,0,yyqygEVd,rZoajhYh,891.0
481,0,LccdLENM,yyqygEVd,891.0
481,0,BaKUDeNn,LccdLENM,891.0
685,0,QncWjmnC,LBOtcvsG,677.0
685,0,ERcEoUXY,QncWjmnC,677.0
209,0,FYNyHfeM,UwPVTdeZ,310.0
209,0,gbxdgQQp,FYNyHfeM,310.0
209,0,HeRWBWAv,gbxdgQQp,310.0
209,0,SyufMOPd,HeRWBWAv,310.0
429,0,KplKuAnp,iYMJvRAf,5.0
429,0,FTwVCxQy,KplKuAnp,5.0
429,0,xnBCUPNx,FTwVCxQy,23.0
429,0,MEVzYGii,xnBCUPNx,23.0
429,0,ZyxFjabk,MEVzYGii,23.0
429,0,RyfxjoUl,ZyxFjabk,63.0
429,0,WAnDToyk,RyfxjoUl,63.0
429,0,DvHSShZC,WAnDToyk,63.0
429,0,gbxdgQQp,DvHSShZC,85.0
429,0,HeRWBWAv,gbxdgQQp,85.0
429,0,nObXmJzU,HeRWBWAv,205.0
429,0,ScxuUYRs,nObXmJzU,215.0
429,0,HzpUPWzy,ScxuUYRs,217.0
664,0,rlRRFZPO,BOjJhphU,138.0
664,0,JXTJImqP,rlRRFZPO,138.0
664,0,zZjujLYd,JXTJImqP,138.0
664,0,tkQUdzPW,zZjujLYd,146.0
664,0,xaaBiNQT,tkQUdzPW,146.0
664,0,eddhjHaw,xaaBiNQT,265.0
664,0,HzpUPWzy,eddhjHaw,265.0
233,0,GpnhEWuy,QDIpIlEK,758.0
233,0,YmkUpvHU,GpnhEWuy,761.0
1398,0,ZIPCqImv,ciAbSxQX,594.0
1398,0,aWNaUdzp,ZIPCqImv,594.0
1398,0,FCsbIOBe,aWNaUdzp,1371.0
1398,0,wyEQXfIU,FCsbIOBe,1371.0
1398,0,aRKvwhNi,wyEQXfIU,1371.0
1398,0,lsBVGYKC,aRKvwhNi,1371.0
1398,0,WhHfbZWj,lsBVGYKC,1371.0
1398,0,nsbHlbAq,WhHfbZWj,901.0
1398,0,cwgbfpqq,nsbHlbAq,901.0
1398,0,fMrlznIn,cwgbfpqq,901.0
1398,0,uXKxCjNA,fMrlznIn,901.0
1398,0,bOiSLYGO,uXKxCjNA,901.0
1398,0,mhgPTzcZ,bOiSLYGO,818.0
1398,0,WFZVQzrl,mhgPTzcZ,567.0
1398,0,tRncbstl,WFZVQzrl,337.0
1398,0,QDIpIlEK,tRncbstl,326.0
1398,0,GpnhEWuy,QDIpIlEK,228.0
1398,0,YmkUpvHU,GpnhEWuy,182.0
1398,0,GbYxEXTt,YmkUpvHU,178.0
1398,0,DOGyniWl,GbYxEXTt,13.0
1398,0,fubLBmAl,DOGyniWl,13.0
1398,0,zjSAMvDn,fubLBmAl,13.0
1398,0,BYsSDXCP,zjSAMvDn,1.0
227,0,QgwCgjAi,nDzrviXX,902.0
227,0,zAwPDfkg,QgwCgjAi,265.0
356,0,anWZyaGW,DeiIsjyA,3203.0
1741,0,RfEbENxd,jQaLNViL,38.0
1741,0,uxsctOEt,RfEbENxd,44.0
1741,0,UfJDroVz,uxsctOEt,44.0
1741,0,biJBLznK,UfJDroVz,44.0
1741,0,TcsyXYNn,biJBLznK,44.0
1741,0,qKeCDDXI,TcsyXYNn,44.0
34,0,gpaAUChy,NuyYqrDq,7137.0
1244,0,FRJCPtXT,NuyYqrDq,1222.0
1244,0,lWMzEGsN,FRJCPtXT,1222.0
1244,0,IgEBJNwX,lWMzEGsN,1222.0
1471,0,NQaaFyOm,gzZgDndk,1609.0
1471,0,iPNesxKP,NQaaFyOm,2077.0
1471,0,lctVuVOk,iPNesxKP,2131.0
1471,0,iLaGOhZk,lctVuVOk,3410.0
1471,0,ZpgoacOO,iLaGOhZk,3410.0
1471,0,eYoPTdNP,ZpgoacOO,3889.0
1471,0,rlRRFZPO,eYoPTdNP,3889.0
1471,0,YEqGDaQm,rlRRFZPO,3926.0
1471,0,QjBtnCad,YEqGDaQm,3926.0
1471,0,WAnDToyk,QjBtnCad,3926.0
1471,0,UwPVTdeZ,WAnDToyk,3926.0
1471,0,gbxdgQQp,UwPVTdeZ,3926.0
1471,0,HeRWBWAv,gbxdgQQp,3926.0
1471,0,xjaGpszF,HeRWBWAv,3926.0
1471,0,ALSylDBQ,xjaGpszF,3926.0
1471,0,CTdLzzOf,ALSylDBQ,4504.0
1471,0,MOTjsakF,CTdLzzOf,4504.0
1747,0,CTdLzzOf,xjaGpszF,3481.0
1747,0,IgEBJNwX,CTdLzzOf,3481.0
356,0,OrbXRiVv,anWZyaGW,3026.0
448,0,QontmjvH,JIllbhjr,4.0
448,0,flXjJYer,QontmjvH,4.0
448,0,oBtsEQRM,flXjJYer,4.0
448,0,uxsctOEt,oBtsEQRM,4.0
448,0,lsFGVtlq,uxsctOEt,4.0
448,0,UfJDroVz,lsFGVtlq,4.0
448,0,biJBLznK,UfJDroVz,4.0
448,0,TcsyXYNn,biJBLznK,4.0
448,0,qKeCDDXI,TcsyXYNn,4.0
448,0,YmkUpvHU,qKeCDDXI,4.0
448,0,GbYxEXTt,YmkUpvHU,4.0
448,0,ItndWSiW,GbYxEXTt,4.0
448,0,DOGyniWl,ItndWSiW,4.0
448,0,fubLBmAl,DOGyniWl,4.0
448,0,zjSAMvDn,fubLBmAl,4.0
449,0,HQVZivsH,UTBcifAN,215.0
449,0,DeiIsjyA,HQVZivsH,215.0
449,0,anWZyaGW,DeiIsjyA,263.0
449,0,OrbXRiVv,anWZyaGW,287.0
1398,0,TEKQTTfp,YzXnYVPd,407.0
1398,0,ciAbSxQX,TEKQTTfp,407.0
852,0,CEZTRnUo,qflzswAf,12.0
852,0,funWfCdm,CEZTRnUo,12.0
852,0,rnFrOJMw,funWfCdm,12.0
852,0,MklhhYCQ,rnFrOJMw,13.0
852,0,nzTRQfUi,MklhhYCQ,13.0
852,0,nhSXMXjw,nzTRQfUi,13.0
852,0,kjxfKqbD,nhSXMXjw,13.0
852,0,mSXRukCc,kjxfKqbD,13.0
852,0,FFGyTMvJ,mSXRukCc,13.0
852,0,eyAJPdep,FFGyTMvJ,13.0
852,0,lsBVGYKC,eyAJPdep,13.0
1398,0,MhxjGQjy,mhYSfvAq,262.0
1398,0,EhUxMFuQ,MhxjGQjy,262.0
1398,0,HZcfHzwe,EhUxMFuQ,262.0
1398,0,KcDUQTDz,HZcfHzwe,265.0
1398,0,qoWOoICL,KcDUQTDz,265.0
1398,0,FwybjYQK,qoWOoICL,265.0
1398,0,ZuDlysuz,FwybjYQK,318.0
1398,0,IkwHYYuh,ZuDlysuz,318.0
1398,0,YzXnYVPd,IkwHYYuh,318.0
1140,0,eddhjHaw,xaaBiNQT,1274.0
1140,0,MmtauPfr,eddhjHaw,1274.0
482,0,EtvjcvTp,CKNrjFUU,1.0
429,0,NmoBNBiw,HzpUPWzy,464.0
429,0,MmtauPfr,NmoBNBiw,464.0
108,0,EmkugZPX,xTOrUJFO,10833.0
108,0,lmZJehpq,EmkugZPX,10684.0
108,0,tDDddUJb,lmZJehpq,10683.0
1506,0,LKVeVUNI,BpAiVnps,11294.0
1506,0,dbPZeeiE,LKVeVUNI,12818.0
1506,0,CsDsDrdU,dbPZeeiE,12353.0
1506,0,rJRvqICk,CsDsDrdU,11045.0
1506,0,AmahvgQB,rJRvqICk,10683.0
1506,0,aYSqaQmJ,AmahvgQB,10415.0
34,0,IgEBJNwX,gpaAUChy,6437.0
34,0,NCVzutVL,IgEBJNwX,6437.0
1244,0,DSOJysaP,IgEBJNwX,1253.0
1747,0,Yhslgmod,IgEBJNwX,2806.0
682,0,XtlnoPeE,fRBexIzo,731.0
682,0,eTJQHplR,XtlnoPeE,654.0
682,0,bZroqIhX,eTJQHplR,1209.0
682,0,cNuIRYrx,bZroqIhX,1102.0
682,0,yNIUaSyZ,cNuIRYrx,1101.0
682,0,xiTGCYEl,yNIUaSyZ,1101.0
682,0,NXLrCKMp,xiTGCYEl,973.0
682,0,FyoAuDvn,NXLrCKMp,973.0
682,0,GpnhEWuy,FyoAuDvn,969.0
682,0,mLBQtksd,GpnhEWuy,966.0
682,0,knCDNjnp,mLBQtksd,668.0
682,0,nYVfIRsk,knCDNjnp,668.0
682,0,IHZGJZTs,nYVfIRsk,668.0
449,0,cNuIRYrx,OrbXRiVv,219.0
449,0,yNIUaSyZ,cNuIRYrx,219.0
449,0,xiTGCYEl,yNIUaSyZ,219.0
449,0,NXLrCKMp,xiTGCYEl,125.0
449,0,FyoAuDvn,NXLrCKMp,125.0
449,0,GpnhEWuy,FyoAuDvn,125.0
449,0,mLBQtksd,GpnhEWuy,125.0
449,0,knCDNjnp,mLBQtksd,67.0
449,0,nYVfIRsk,knCDNjnp,67.0
449,0,IHZGJZTs,nYVfIRsk,67.0
449,0,EcsZBajf,IHZGJZTs,67.0
1471,0,IgEBJNwX,MOTjsakF,4059.0
1471,0,NCVzutVL,IgEBJNwX,4525.0
1140,0,LtGOEkbi,MmtauPfr,1020.0
1140,0,YGTBEvoR,LtGOEkbi,1017.0
1140,0,nYVfIRsk,YGTBEvoR,732.0
1453,0,NUTqiXnx,RfEbENxd,320.0
1453,0,lsFGVtlq,NUTqiXnx,320.0
1365,0,GpnhEWuy,QDIpIlEK,5273.0
1365,0,rRGVruPM,GpnhEWuy,5271.0
1365,0,mLBQtksd,rRGVruPM,5025.0
1365,0,knCDNjnp,mLBQtksd,3920.0
1365,0,nYVfIRsk,knCDNjnp,3920.0
1365,0,IHZGJZTs,nYVfIRsk,3920.0
1365,0,EcsZBajf,IHZGJZTs,3920.0
1453,0,RfEbENxd,jQaLNViL,268.0
1318,0,eTJQHplR,XqVVjUzr,6159.0
1365,0,LKVeVUNI,BpAiVnps,2961.0
1365,0,dbPZeeiE,LKVeVUNI,3528.0
1365,0,CsDsDrdU,dbPZeeiE,3742.0
1365,0,rJRvqICk,CsDsDrdU,3811.0
1365,0,AmahvgQB,rJRvqICk,3879.0
1365,0,zgCGmKZn,AmahvgQB,3902.0
1365,0,JKFFGKvY,zgCGmKZn,4959.0
1365,0,EVAUYvVR,JKFFGKvY,5084.0
1365,0,GYfZYaJh,EVAUYvVR,5086.0
1365,0,WFZVQzrl,GYfZYaJh,5288.0
1365,0,QDIpIlEK,WFZVQzrl,5448.0
1467,0,bZroqIhX,eTJQHplR,775.0
1467,0,cNuIRYrx,bZroqIhX,784.0
725,0,CTdLzzOf,YmDpkIHQ,1015.0
725,0,MOTjsakF,CTdLzzOf,1015.0
725,0,IgEBJNwX,MOTjsakF,1015.0
725,0,Yhslgmod,IgEBJNwX,1907.0
725,0,UfJDroVz,Yhslgmod,2006.0
1471,0,Yhslgmod,NCVzutVL,4394.0
1512,0,QHFmFyLR,EkWBPXmr,2388.0
1512,0,neNWquOh,QHFmFyLR,2388.0
1512,0,KwaxxmSs,neNWquOh,2424.0
1512,0,gzZgDndk,KwaxxmSs,2445.0
1512,0,NQaaFyOm,gzZgDndk,5816.0
1512,0,iPNesxKP,NQaaFyOm,6657.0
1512,0,lctVuVOk,iPNesxKP,8695.0
1512,0,EocVuyzS,lctVuVOk,8827.0
1512,0,lwcIkPvE,EocVuyzS,8827.0
1512,0,suszCmcx,lwcIkPvE,8830.0
1512,0,UTBcifAN,suszCmcx,9727.0
1512,0,HQVZivsH,UTBcifAN,11782.0
1512,0,DeiIsjyA,HQVZivsH,11782.0
1512,0,anWZyaGW,DeiIsjyA,13968.0
1512,0,OrbXRiVv,anWZyaGW,14089.0
1512,0,cNuIRYrx,OrbXRiVv,14403.0
1512,0,yNIUaSyZ,cNuIRYrx,14404.0
1512,0,xiTGCYEl,yNIUaSyZ,14404.0
47,0,XyHfgUxW,fGmFhgnx,10194.0
47,0,zjjLSYAp,XyHfgUxW,10243.0
47,0,nIakFMcq,zjjLSYAp,10224.0
129,0,oUmVLfUX,pzcCDVmZ,742.0
129,0,fJdABIlw,oUmVLfUX,742.0
129,0,mXwfazRz,fJdABIlw,742.0
129,0,NGAodVTg,mXwfazRz,739.0
129,0,TvGyfQSI,NGAodVTg,739.0
129,0,HFYkXdPG,TvGyfQSI,739.0
129,0,KjgVoxgR,HFYkXdPG,738.0
129,0,xTOrUJFO,KjgVoxgR,736.0
129,0,EmkugZPX,xTOrUJFO,736.0
129,0,lmZJehpq,EmkugZPX,736.0
129,0,tDDddUJb,lmZJehpq,308.0
664,0,QJswlIXy,HzpUPWzy,201.0
664,0,OrbXRiVv,QJswlIXy,201.0
664,0,cNuIRYrx,OrbXRiVv,219.0
664,0,yNIUaSyZ,cNuIRYrx,219.0
664,0,xiTGCYEl,yNIUaSyZ,219.0
664,0,DRkcXziO,IIzQthVA,1.0
664,0,fTOPrrgc,DRkcXziO,1.0
664,0,ErjukRDc,fTOPrrgc,1.0
664,0,BOjJhphU,ErjukRDc,1.0
725,0,biJBLznK,UfJDroVz,2002.0
725,0,TcsyXYNn,biJBLznK,2002.0
725,0,qKeCDDXI,TcsyXYNn,2583.0
725,0,YmkUpvHU,qKeCDDXI,2358.0
528,0,GbYxEXTt,YmkUpvHU,2399.0
528,0,ItndWSiW,GbYxEXTt,2399.0
1141,0,UfJDroVz,lsFGVtlq,541.0
1141,0,biJBLznK,UfJDroVz,541.0
1141,0,TcsyXYNn,biJBLznK,541.0
1141,0,qKeCDDXI,TcsyXYNn,541.0
1141,0,YmkUpvHU,qKeCDDXI,518.0
1141,0,GbYxEXTt,YmkUpvHU,518.0
233,0,GbYxEXTt,YmkUpvHU,532.0
233,0,ItndWSiW,GbYxEXTt,532.0
1366,0,jQaLNViL,gyQqEnFq,1878.0
1366,0,RfEbENxd,jQaLNViL,2187.0
528,0,QMiQTlda,cfVAtKgo,517.0
528,0,MaKoROaE,QMiQTlda,517.0
528,0,NrNaZyPp,MaKoROaE,517.0
528,0,mexFgKBp,NrNaZyPp,771.0
528,0,KIvXTDlT,mexFgKBp,5816.0
528,0,TgzZcdmy,KIvXTDlT,5881.0
528,0,IESGsZGI,QDIpIlEK,2197.0
528,0,GpnhEWuy,IESGsZGI,2197.0
528,0,rRGVruPM,GpnhEWuy,2201.0
528,0,YmkUpvHU,rRGVruPM,2185.0
253,0,cwgbfpqq,nsbHlbAq,508.0
253,0,fMrlznIn,cwgbfpqq,508.0
253,0,uXKxCjNA,fMrlznIn,508.0
253,0,bOiSLYGO,uXKxCjNA,508.0
253,0,WFZVQzrl,bOiSLYGO,658.0
253,0,GiONHkbf,WFZVQzrl,658.0
253,0,QDIpIlEK,GiONHkbf,658.0
253,0,GpnhEWuy,QDIpIlEK,658.0
253,0,YmkUpvHU,GpnhEWuy,658.0
253,0,GbYxEXTt,YmkUpvHU,654.0
1453,0,ruogAkOJ,cQHgTjKq,431.0
1453,0,tndfGrTh,ruogAkOJ,431.0
1453,0,OdzEGWPG,tndfGrTh,431.0
1453,0,WUWIxCFc,OdzEGWPG,424.0
1453,0,XJRnAJHc,WUWIxCFc,424.0
1453,0,jQaLNViL,XJRnAJHc,211.0
1453,0,cQHgTjKq,wGTdgRcU,423.0
253,0,WhHfbZWj,lsBVGYKC,232.0
253,0,nsbHlbAq,WhHfbZWj,507.0
1453,0,rGYrQqGa,OUTzwMHI,1030.0
1453,0,QCBPrBCl,rGYrQqGa,1030.0
1453,0,wDEypHfE,QCBPrBCl,804.0
1453,0,yTNmoAGc,wDEypHfE,804.0
1453,0,meZHMfSd,yTNmoAGc,569.0
1453,0,wGTdgRcU,meZHMfSd,569.0
803,0,GbYxEXTt,YmkUpvHU,97.0
803,0,ItndWSiW,GbYxEXTt,97.0
1554,0,udTxdaUq,YmkUpvHU,30.0
1554,0,ItndWSiW,udTxdaUq,30.0
821,0,FgbDpeSh,fvMkSwKl,19.0
318,0,ExPvCHrU,DjKGsdyb,4781.0
318,0,OCwYbEnq,ExPvCHrU,4781.0
318,0,rsJSqETv,OCwYbEnq,4781.0
318,0,nrUfCQxz,rsJSqETv,4781.0
235,0,SlfNpref,aUPouXsN,8149.0
235,0,nrKKniYe,SlfNpref,8149.0
235,0,AjJCgCBk,nrKKniYe,7543.0
685,0,XtlnoPeE,fRBexIzo,834.0
685,0,eTJQHplR,XtlnoPeE,775.0
685,0,bZroqIhX,eTJQHplR,1127.0
685,0,cNuIRYrx,bZroqIhX,1127.0
685,0,yNIUaSyZ,cNuIRYrx,1127.0
685,0,xiTGCYEl,yNIUaSyZ,1127.0
1748,0,bZroqIhX,eTJQHplR,1692.0
1748,0,yNIUaSyZ,bZroqIhX,1981.0
1748,0,xiTGCYEl,yNIUaSyZ,1981.0
1142,0,EGZEcfNZ,lqMPnIra,231.0
1142,0,SgGmeaHk,EGZEcfNZ,231.0
1142,0,tpTDqbZI,SgGmeaHk,289.0
1142,0,hhrNEaMZ,tpTDqbZI,289.0
1142,0,BeiMHrtx,hhrNEaMZ,289.0
1142,0,sZwmfbNt,BeiMHrtx,302.0
319,0,EdqXvVeI,nPkrzCty,636.0
319,0,oBjbzljy,EdqXvVeI,630.0
313,0,EmkugZPX,KjgVoxgR,1996.0
313,0,lmZJehpq,EmkugZPX,1966.0
313,0,RVGhYAxc,lmZJehpq,1966.0
313,0,BpAiVnps,RVGhYAxc,1893.0
313,0,LKVeVUNI,BpAiVnps,1631.0
313,0,dbPZeeiE,LKVeVUNI,1332.0
313,0,CsDsDrdU,dbPZeeiE,1304.0
313,0,rJRvqICk,CsDsDrdU,1081.0
313,0,AmahvgQB,rJRvqICk,1081.0
313,0,aYSqaQmJ,AmahvgQB,1057.0
1318,0,SvGtXrYj,OPXtWBVk,4568.0
1318,0,TdfMaTlB,SvGtXrYj,4568.0
1318,0,STSGJiIu,TdfMaTlB,4368.0
1318,0,vpctkpYQ,STSGJiIu,4696.0
1318,0,XqVVjUzr,vpctkpYQ,5006.0
866,0,zKrYjMnL,AGvhWyhD,2334.0
866,0,tRncbstl,WFZVQzrl,557.0
866,0,GiONHkbf,tRncbstl,557.0
866,0,QDIpIlEK,GiONHkbf,470.0
866,0,GpnhEWuy,QDIpIlEK,290.0
866,0,rRGVruPM,GpnhEWuy,290.0
866,0,YmkUpvHU,rRGVruPM,259.0
866,0,GbYxEXTt,YmkUpvHU,122.0
866,0,ItndWSiW,GbYxEXTt,122.0
253,0,mSXRukCc,kjxfKqbD,194.0
253,0,FFGyTMvJ,mSXRukCc,194.0
253,0,lsBVGYKC,FFGyTMvJ,194.0
253,0,CEZTRnUo,qflzswAf,190.0
253,0,funWfCdm,CEZTRnUo,190.0
253,0,rnFrOJMw,funWfCdm,190.0
253,0,MklhhYCQ,rnFrOJMw,192.0
253,0,nzTRQfUi,MklhhYCQ,192.0
253,0,nhSXMXjw,nzTRQfUi,192.0
253,0,kjxfKqbD,nhSXMXjw,192.0
1398,0,mhYSfvAq,UgzfanVk,3.0
1124,0,WhRBEXGR,JbCujTci,141.0
1124,0,wRBXcbqq,WhRBEXGR,204.0
1124,0,XXYtSQEl,wRBXcbqq,204.0
1124,0,MklhhYCQ,XXYtSQEl,204.0
1124,0,nzTRQfUi,MklhhYCQ,204.0
1124,0,nhSXMXjw,nzTRQfUi,173.0
1124,0,kjxfKqbD,nhSXMXjw,153.0
1124,0,mSXRukCc,kjxfKqbD,153.0
1124,0,FFGyTMvJ,mSXRukCc,153.0
1124,0,lsBVGYKC,FFGyTMvJ,153.0
1124,0,WhHfbZWj,lsBVGYKC,153.0
1124,0,nsbHlbAq,WhHfbZWj,128.0
1124,0,cwgbfpqq,nsbHlbAq,128.0
1124,0,fMrlznIn,cwgbfpqq,125.0
1124,0,uXKxCjNA,fMrlznIn,125.0
1124,0,bOiSLYGO,uXKxCjNA,125.0
1124,0,mhgPTzcZ,bOiSLYGO,114.0
1124,0,WFZVQzrl,mhgPTzcZ,113.0
1124,0,GiONHkbf,WFZVQzrl,98.0
1124,0,QDIpIlEK,GiONHkbf,34.0
1124,0,GpnhEWuy,QDIpIlEK,26.0
1124,0,YmkUpvHU,GpnhEWuy,5.0
1124,0,GbYxEXTt,YmkUpvHU,5.0
1407,0,rXoVyCYO,KuTZBRNJ,602.0
1407,0,gdHaMUeX,rXoVyCYO,602.0
1407,0,vhHLNRbD,gdHaMUeX,602.0
1407,0,lWiTdhQk,vhHLNRbD,624.0
1407,0,kYxNkIzH,lWiTdhQk,1812.0
1407,0,nUxocPjZ,kYxNkIzH,1711.0
1407,0,WmvRfciC,nUxocPjZ,1697.0
1407,0,saptMzFY,WmvRfciC,1697.0
546,0,oUbtCHRB,jwtMzuEb,15.0
546,0,kSklWvZO,oUbtCHRB,15.0
546,0,wVKhsyCZ,kSklWvZO,15.0
546,0,oZJRchiN,wVKhsyCZ,15.0
546,0,xmGwLlME,oZJRchiN,15.0
546,0,KcBICYpI,xmGwLlME,15.0
546,0,XQiQvefE,KcBICYpI,15.0
546,0,eyUKPfnA,XQiQvefE,15.0
546,0,ZgqhsueA,eyUKPfnA,8.0
546,0,YvwuVYMF,ZgqhsueA,8.0
546,0,FZsFzszJ,YvwuVYMF,7.0
1263,0,cdpcgPuX,RufmISTr,5683.0
1263,0,qnxnYECs,cdpcgPuX,5683.0
1263,0,QNScHwgR,qnxnYECs,5683.0
1263,0,dLUoTBAU,QNScHwgR,5572.0
1263,0,NfHwMQdR,dLUoTBAU,3590.0
1263,0,EGZEcfNZ,NfHwMQdR,3590.0
1263,0,SgGmeaHk,EGZEcfNZ,3590.0
1263,0,tpTDqbZI,SgGmeaHk,3591.0
1263,0,hhrNEaMZ,tpTDqbZI,3591.0
1263,0,BeiMHrtx,hhrNEaMZ,3591.0
1263,0,sZwmfbNt,BeiMHrtx,3601.0
1263,0,oBjbzljy,sZwmfbNt,3967.0
1263,0,aYSqaQmJ,oBjbzljy,4185.0
1263,0,zgCGmKZn,aYSqaQmJ,3677.0
1141,0,QontmjvH,JIllbhjr,258.0
1141,0,flXjJYer,QontmjvH,258.0
1141,0,oBtsEQRM,flXjJYer,258.0
1141,0,UFoaQvGg,oBtsEQRM,452.0
1141,0,uxsctOEt,UFoaQvGg,452.0
1141,0,lsFGVtlq,uxsctOEt,462.0
1453,0,FcnKVDJl,jQytwadI,1804.0
1453,0,mIuUuYnu,FcnKVDJl,1804.0
1453,0,OUTzwMHI,mIuUuYnu,1253.0
1453,0,JZbiEaEt,LsuNFzpq,5954.0
1453,0,RchOKnYD,JZbiEaEt,6255.0
1453,0,BMDeXhVp,RchOKnYD,6255.0
1453,0,jQytwadI,BMDeXhVp,6255.0
108,0,RVGhYAxc,tDDddUJb,9842.0
108,0,BpAiVnps,RVGhYAxc,6825.0
429,0,FBwCHGmG,MmtauPfr,1142.0
429,0,cEsQRYAp,FBwCHGmG,1142.0
429,0,qKeCDDXI,cEsQRYAp,1142.0
1733,0,hCbDNPhh,kzneBolb,90.0
1733,0,oFLgHrco,hCbDNPhh,90.0
1733,0,yrWAEsGy,oFLgHrco,90.0
1733,0,qGIkRenz,yrWAEsGy,90.0
1733,0,ytUqATXS,qGIkRenz,90.0
1733,0,TcsyXYNn,ytUqATXS,90.0
1733,0,qKeCDDXI,TcsyXYNn,90.0
273,0,qvujbmjR,mKIQRbrs,2587.0
273,0,SqxhBMol,qvujbmjR,2570.0
273,0,nrKKniYe,SqxhBMol,2085.0
273,0,SWnceHEw,nrKKniYe,1994.0
685,0,NXLrCKMp,xiTGCYEl,1089.0
685,0,FyoAuDvn,NXLrCKMp,1089.0
685,0,GpnhEWuy,FyoAuDvn,710.0
685,0,mLBQtksd,GpnhEWuy,710.0
369,0,bZroqIhX,eTJQHplR,1218.0
369,0,cNuIRYrx,bZroqIhX,1361.0
369,0,yNIUaSyZ,cNuIRYrx,1361.0
369,0,xiTGCYEl,yNIUaSyZ,1361.0
369,0,NXLrCKMp,xiTGCYEl,2167.0
369,0,FyoAuDvn,NXLrCKMp,2167.0
369,0,GpnhEWuy,FyoAuDvn,2190.0
369,0,rRGVruPM,GpnhEWuy,2304.0
369,0,mLBQtksd,rRGVruPM,2380.0
1358,0,lOYrQfzi,oajqUPaH,1028.0
1358,0,iuewtDUr,lOYrQfzi,1034.0
1358,0,KdEmbmsx,iuewtDUr,1034.0
1358,0,GkYZbgqg,KdEmbmsx,1034.0
1358,0,FlYjxOxQ,GkYZbgqg,1034.0
1358,0,wFSILCzc,FlYjxOxQ,1034.0
1358,0,yQQuLFAg,wFSILCzc,1034.0
1358,0,rckblBTM,yQQuLFAg,1034.0
1358,0,fGmFhgnx,rckblBTM,1034.0
1358,0,XyHfgUxW,fGmFhgnx,643.0
1358,0,zjjLSYAp,XyHfgUxW,643.0
1358,0,nIakFMcq,zjjLSYAp,642.0
1358,0,yAgyFeHo,nIakFMcq,642.0
1358,0,QdWOxWia,yAgyFeHo,568.0
1358,0,gViLrCgA,QdWOxWia,566.0
1358,0,cCSIoIah,gViLrCgA,565.0
1358,0,DLdtTvFi,cCSIoIah,565.0
1358,0,vRWSdFEN,DLdtTvFi,542.0
1358,0,tDDddUJb,vRWSdFEN,542.0
1358,0,RVGhYAxc,tDDddUJb,542.0
1358,0,BpAiVnps,RVGhYAxc,446.0
720,0,lsBVGYKC,eyAJPdep,257.0
720,0,WhHfbZWj,lsBVGYKC,277.0
720,0,nsbHlbAq,WhHfbZWj,1452.0
720,0,cwgbfpqq,nsbHlbAq,1452.0
720,0,fMrlznIn,cwgbfpqq,1452.0
720,0,YzgNCqsj,fMrlznIn,1452.0
720,0,uXKxCjNA,YzgNCqsj,1452.0
720,0,bOiSLYGO,uXKxCjNA,1452.0
720,0,mhgPTzcZ,bOiSLYGO,1486.0
720,0,WFZVQzrl,mhgPTzcZ,361.0
720,0,QDIpIlEK,WFZVQzrl,361.0
720,0,IESGsZGI,QDIpIlEK,361.0
720,0,GpnhEWuy,IESGsZGI,361.0
720,0,rRGVruPM,GpnhEWuy,361.0
720,0,mLBQtksd,rRGVruPM,361.0
1244,0,YQjdQVmS,DSOJysaP,1150.0
1244,0,JIllbhjr,YQjdQVmS,1150.0
682,0,iOuVBZzk,IHZGJZTs,532.0
682,0,MvaVVzVx,iOuVBZzk,532.0
682,0,VnwdBPma,MvaVVzVx,532.0
682,0,LoadLeSC,VnwdBPma,224.0
682,0,MAwbjJfJ,LoadLeSC,224.0
682,0,jIFrASnh,MAwbjJfJ,224.0
449,0,iOuVBZzk,EcsZBajf,61.0
449,0,cTQVugNT,iOuVBZzk,61.0
449,0,iAOahMMx,cTQVugNT,12.0
449,0,LoadLeSC,iAOahMMx,12.0
449,0,MAwbjJfJ,LoadLeSC,12.0
449,0,jIFrASnh,MAwbjJfJ,12.0
1142,0,MvaVVzVx,iOuVBZzk,2119.0
1142,0,cTQVugNT,MvaVVzVx,2119.0
1142,0,iAOahMMx,cTQVugNT,824.0
1142,0,LoadLeSC,iAOahMMx,824.0
1142,0,MAwbjJfJ,LoadLeSC,824.0
1142,0,jIFrASnh,MAwbjJfJ,824.0
1245,0,LoadLeSC,VnwdBPma,1409.0
1245,0,jIFrASnh,LoadLeSC,1409.0
1419,0,BZCtSmhk,ywuGpANM,3480.0
1419,0,NbgxPNNK,BZCtSmhk,3817.0
1419,0,vOKcaAnW,NbgxPNNK,3849.0
1419,0,HOwZAROe,vOKcaAnW,3506.0
34,0,cTQVugNT,NCVzutVL,6110.0
1365,0,MvaVVzVx,EcsZBajf,3834.0
1365,0,cTQVugNT,MvaVVzVx,3834.0
1471,0,MvaVVzVx,Yhslgmod,4191.0
1471,0,cTQVugNT,MvaVVzVx,4191.0
1747,0,cTQVugNT,Yhslgmod,2658.0
1244,0,flXjJYer,JIllbhjr,1464.0
1244,0,oBtsEQRM,flXjJYer,1464.0
1435,0,FZsFzszJ,gzTQJVMW,3441.0
1435,0,KgwKZlse,FZsFzszJ,3550.0
1435,0,ALhaazBT,KgwKZlse,3550.0
1435,0,YqlTLIQa,ALhaazBT,3812.0
1435,0,AUmOMGnp,YqlTLIQa,3856.0
1435,0,SVPLEqNI,AUmOMGnp,3971.0
1435,0,gzTQJVMW,RVEyrwjR,3289.0
720,0,knCDNjnp,mLBQtksd,360.0
720,0,nYVfIRsk,knCDNjnp,360.0
720,0,IHZGJZTs,nYVfIRsk,360.0
720,0,iOuVBZzk,IHZGJZTs,360.0
720,0,cTQVugNT,iOuVBZzk,360.0
720,0,kjxfKqbD,hSRFRBsa,232.0
720,0,mSXRukCc,kjxfKqbD,232.0
720,0,PkbhOCMh,mSXRukCc,232.0
720,0,FFGyTMvJ,PkbhOCMh,233.0
720,0,eyAJPdep,FFGyTMvJ,233.0
1140,0,ulSrvocN,nYVfIRsk,710.0
1140,0,CqefHKGq,ulSrvocN,710.0
369,0,knCDNjnp,mLBQtksd,4245.0
369,0,nYVfIRsk,knCDNjnp,4245.0
369,0,ulSrvocN,nYVfIRsk,4302.0
369,0,CqefHKGq,ulSrvocN,4330.0
1178,0,dJJmWSZi,WyfCQhSW,6343.0
1178,0,JNybvbry,dJJmWSZi,6343.0
1178,0,pKQmWfSR,JNybvbry,6343.0
1178,0,AFMSRepx,pKQmWfSR,6872.0
1178,0,WEgiiGlQ,AFMSRepx,7069.0
1178,0,sLYsFXAH,WEgiiGlQ,7069.0
1178,0,WjKdBsVK,sLYsFXAH,7069.0
1178,0,STKMtPtJ,WjKdBsVK,7069.0
1178,0,MyVorJBj,STKMtPtJ,7069.0
1178,0,AayEawbi,MyVorJBj,7069.0
1178,0,MQIshiHv,AayEawbi,6971.0
1178,0,ZqROcYrU,MQIshiHv,6939.0
1178,0,pKwZMigm,ZqROcYrU,6939.0
1178,0,watqBVeC,pKwZMigm,6939.0
1178,0,PAegbDaK,watqBVeC,6997.0
1178,0,MCZGGmLQ,PAegbDaK,6876.0
1178,0,WIZPpGvl,MCZGGmLQ,7099.0
1178,0,qflzswAf,WIZPpGvl,7081.0
369,0,rSnWVhOw,CqefHKGq,4398.0
529,0,elmHqfIN,jTofnsvB,3274.0
529,0,YhQOzAWJ,elmHqfIN,3274.0
529,0,vNuEvleV,YhQOzAWJ,3274.0
529,0,FUctipSE,vNuEvleV,955.0
529,0,PWitnUnB,FUctipSE,487.0
529,0,zwmwkNcj,PWitnUnB,487.0
529,0,DJDPVkXF,zwmwkNcj,487.0
529,0,FrOiWYSP,DJDPVkXF,351.0
529,0,mNGfniSu,FrOiWYSP,351.0
529,0,qjwSVoCq,mNGfniSu,203.0
1441,0,vHkAlmCm,GnOurcjN,1232.0
1441,0,WynPMslR,vHkAlmCm,1232.0
1441,0,qjwSVoCq,WynPMslR,886.0
1441,0,xbhuXgnr,JGydtICe,958.0
1441,0,zjGRmLyo,xbhuXgnr,961.0
1441,0,EXTmTMKf,zjGRmLyo,961.0
1441,0,yfIoPTHo,EXTmTMKf,961.0
1441,0,GnOurcjN,yfIoPTHo,961.0
1244,0,cNypyxpr,TwyfqMnN,711.0
1244,0,gyQqEnFq,cNypyxpr,667.0
1263,0,JKFFGKvY,zgCGmKZn,3012.0
1263,0,EVAUYvVR,JKFFGKvY,2964.0
1512,0,NXLrCKMp,xiTGCYEl,13527.0
1512,0,FyoAuDvn,NXLrCKMp,13527.0
1512,0,WOOyqinT,FyoAuDvn,13554.0
1512,0,mnkgCFDT,WOOyqinT,13851.0
725,0,WOOyqinT,YmkUpvHU,2325.0
725,0,mnkgCFDT,WOOyqinT,1955.0
429,0,YmkUpvHU,qKeCDDXI,1202.0
429,0,WOOyqinT,YmkUpvHU,1202.0
429,0,mnkgCFDT,WOOyqinT,1158.0
232,0,NXLrCKMp,xiTGCYEl,2483.0
232,0,FyoAuDvn,NXLrCKMp,2483.0
232,0,WOOyqinT,FyoAuDvn,2720.0
232,0,VfTFpfzB,WOOyqinT,2801.0
528,0,YspLWkZX,WRVBvtIE,340.0
528,0,pRBbbEoD,YspLWkZX,506.0
528,0,cfVAtKgo,pRBbbEoD,506.0
1506,0,zgCGmKZn,aYSqaQmJ,10503.0
1506,0,JKFFGKvY,zgCGmKZn,10071.0
1701,0,pNohcrtk,jBRcoEIn,2085.0
1701,0,aHsZaffM,pNohcrtk,704.0
143,0,mnkgCFDT,YmkUpvHU,124.0
994,0,NrNaZyPp,MaKoROaE,978.0
292,0,fkZFUNSd,TrOiZJox,2698.0
292,0,JYrrjUtU,fkZFUNSd,2698.0
292,0,cttUtMNm,JYrrjUtU,2693.0
292,0,EarJIhnU,cttUtMNm,2636.0
292,0,KZBDkcEB,EarJIhnU,2636.0
313,0,qqQgwpPP,DYKvrufv,545.0
313,0,ORsEDdLG,qqQgwpPP,545.0
313,0,jsnedRvy,ORsEDdLG,794.0
313,0,PpWfKRbL,jsnedRvy,798.0
313,0,aaSaUDum,PpWfKRbL,839.0
313,0,cmBFyxQG,aaSaUDum,839.0
313,0,NGAodVTg,cmBFyxQG,839.0
313,0,TvGyfQSI,NGAodVTg,840.0
313,0,HFYkXdPG,TvGyfQSI,840.0
313,0,KjgVoxgR,HFYkXdPG,842.0
313,0,zgCGmKZn,aYSqaQmJ,767.0
313,0,JKFFGKvY,zgCGmKZn,544.0
313,0,EVAUYvVR,JKFFGKvY,539.0
313,0,GYfZYaJh,EVAUYvVR,539.0
313,0,hSQYmgMj,GYfZYaJh,499.0
313,0,mnkgCFDT,hSQYmgMj,499.0
1467,0,yNIUaSyZ,cNuIRYrx,781.0
1467,0,xiTGCYEl,yNIUaSyZ,781.0
1467,0,NXLrCKMp,xiTGCYEl,854.0
1467,0,FyoAuDvn,NXLrCKMp,854.0
1467,0,WOOyqinT,FyoAuDvn,854.0
1467,0,VfTFpfzB,WOOyqinT,857.0
712,0,EmkugZPX,xTOrUJFO,2029.0
102,0,icUsjZEb,WuDSdBCd,25.0
102,0,lhadwkCG,icUsjZEb,25.0
102,0,awnNVqry,lhadwkCG,25.0
102,0,mXwfazRz,awnNVqry,25.0
102,0,NGAodVTg,mXwfazRz,25.0
102,0,TvGyfQSI,NGAodVTg,25.0
102,0,HFYkXdPG,TvGyfQSI,25.0
102,0,KjgVoxgR,HFYkXdPG,25.0
102,0,EmkugZPX,KjgVoxgR,25.0
102,0,lmZJehpq,EmkugZPX,25.0
102,0,RVGhYAxc,lmZJehpq,25.0
102,0,BpAiVnps,RVGhYAxc,25.0
102,0,LKVeVUNI,BpAiVnps,25.0
102,0,dbPZeeiE,LKVeVUNI,14.0
102,0,CsDsDrdU,dbPZeeiE,14.0
102,0,rJRvqICk,CsDsDrdU,14.0
102,0,AmahvgQB,rJRvqICk,14.0
102,0,aYSqaQmJ,AmahvgQB,14.0
102,0,zgCGmKZn,aYSqaQmJ,14.0
102,0,JKFFGKvY,zgCGmKZn,12.0
102,0,EVAUYvVR,JKFFGKvY,12.0
102,0,GYfZYaJh,EVAUYvVR,12.0
102,0,hSQYmgMj,GYfZYaJh,12.0
102,0,mnkgCFDT,hSQYmgMj,12.0
1075,0,THcpliIL,fikrodNW,1601.0
1075,0,HaEOaLMB,THcpliIL,1601.0
1075,0,IkeqCtDY,HaEOaLMB,1601.0
1075,0,wpHpdxFs,IkeqCtDY,1625.0
1075,0,QHulIYnO,wpHpdxFs,1625.0
1075,0,sKtQEUzZ,QHulIYnO,1638.0
1075,0,acVCzwtl,sKtQEUzZ,1641.0
1075,0,TIlepZYr,acVCzwtl,1641.0
751,0,AEUmstNW,WKiVoaSt,160.0
751,0,PfGRcOsd,AEUmstNW,158.0
751,0,bLWPtAll,PfGRcOsd,158.0
751,0,BDmybVdG,bLWPtAll,158.0
1124,0,CVPWCvNJ,BDmybVdG,1.0
1124,0,muVREKCV,CVPWCvNJ,1.0
1124,0,MpxTTzjt,muVREKCV,1.0
1124,0,BsRMZbGV,MpxTTzjt,1.0
1124,0,yRjqmRuq,BsRMZbGV,46.0
1124,0,pTTspriv,yRjqmRuq,46.0
1124,0,kjmHgYUi,pTTspriv,85.0
1124,0,UHSPJyEW,kjmHgYUi,85.0
1124,0,dOTSUZHl,UHSPJyEW,85.0
1124,0,ITdbUezF,dOTSUZHl,85.0
1124,0,UCTWITih,ITdbUezF,85.0
1124,0,HnEviCBr,UCTWITih,85.0
1124,0,nCgrSQNi,HnEviCBr,95.0
1124,0,KyrNRMTR,nCgrSQNi,95.0
80,0,tjYcJLRB,EkWBPXmr,1299.0
80,0,iYMJvRAf,tjYcJLRB,1456.0
80,0,KplKuAnp,iYMJvRAf,1489.0
80,0,FTwVCxQy,KplKuAnp,1489.0
80,0,xnBCUPNx,FTwVCxQy,1973.0
80,0,MEVzYGii,xnBCUPNx,1993.0
80,0,yQIotbyH,MEVzYGii,1993.0
80,0,taEXnGBL,yQIotbyH,2233.0
80,0,rZoajhYh,taEXnGBL,2233.0
80,0,NuyYqrDq,rZoajhYh,2233.0
80,0,gpaAUChy,NuyYqrDq,2409.0
80,0,IgEBJNwX,gpaAUChy,2409.0
80,0,NCVzutVL,IgEBJNwX,2472.0
80,0,cTQVugNT,NCVzutVL,2580.0
80,0,cNypyxpr,cTQVugNT,3528.0
80,0,uRlXNIwL,cNypyxpr,4004.0
1471,0,cNypyxpr,cTQVugNT,3992.0
1471,0,gyQqEnFq,cNypyxpr,3940.0
12,0,eYoPTdNP,ZpgoacOO,170.0
12,0,YEqGDaQm,eYoPTdNP,170.0
12,0,QjBtnCad,YEqGDaQm,170.0
12,0,WAnDToyk,QjBtnCad,170.0
12,0,UwPVTdeZ,WAnDToyk,170.0
12,0,gbxdgQQp,UwPVTdeZ,170.0
12,0,HeRWBWAv,gbxdgQQp,170.0
12,0,xjaGpszF,HeRWBWAv,170.0
12,0,CTdLzzOf,xjaGpszF,170.0
12,0,MOTjsakF,CTdLzzOf,170.0
12,0,IgEBJNwX,MOTjsakF,170.0
12,0,Yhslgmod,IgEBJNwX,170.0
12,0,MvaVVzVx,Yhslgmod,170.0
12,0,cTQVugNT,MvaVVzVx,170.0
12,0,cNypyxpr,cTQVugNT,170.0
12,0,gyQqEnFq,cNypyxpr,170.0
486,0,uBFbbvHN,duRJdiSr,100.0
486,0,YjUiSglA,uBFbbvHN,100.0
486,0,xPaGbpFW,YjUiSglA,100.0
486,0,LJLjKFnn,xPaGbpFW,100.0
486,0,gzZgDndk,LJLjKFnn,100.0
486,0,NQaaFyOm,gzZgDndk,83.0
1747,0,cNypyxpr,cTQVugNT,1212.0
1747,0,gyQqEnFq,cNypyxpr,862.0
1740,0,anWZyaGW,DeiIsjyA,44.0
1740,0,OrbXRiVv,anWZyaGW,44.0
1740,0,cNuIRYrx,OrbXRiVv,58.0
1740,0,yNIUaSyZ,cNuIRYrx,58.0
1740,0,xiTGCYEl,yNIUaSyZ,58.0
1740,0,NXLrCKMp,xiTGCYEl,58.0
1740,0,FyoAuDvn,NXLrCKMp,58.0
1740,0,GpnhEWuy,FyoAuDvn,58.0
1740,0,mLBQtksd,GpnhEWuy,58.0
1740,0,knCDNjnp,mLBQtksd,58.0
1740,0,nYVfIRsk,knCDNjnp,58.0
1740,0,IHZGJZTs,nYVfIRsk,58.0
1740,0,iOuVBZzk,IHZGJZTs,58.0
1740,0,cTQVugNT,iOuVBZzk,58.0
1740,0,cNypyxpr,cTQVugNT,58.0
1740,0,gyQqEnFq,cNypyxpr,58.0
1365,0,WvPJYXMk,cTQVugNT,1893.0
1365,0,gyQqEnFq,WvPJYXMk,1822.0
1244,0,TwyfqMnN,oBtsEQRM,710.0
1532,0,gyQqEnFq,WvPJYXMk,2314.0
529,0,WvPJYXMk,qjwSVoCq,200.0
529,0,gyQqEnFq,WvPJYXMk,200.0
1441,0,gyQqEnFq,qjwSVoCq,848.0
1419,0,gyQqEnFq,WvPJYXMk,1932.0
1419,0,CKorGRkE,ejMjPdTH,1861.0
1419,0,eaNsVWDR,CKorGRkE,1861.0
1419,0,hpACGGyB,eaNsVWDR,1886.0
1419,0,VgUdLlOW,hpACGGyB,1955.0
1419,0,ywuGpANM,VgUdLlOW,1953.0
31,0,KnIeolpt,RyhuDLev,52.0
31,0,GMrJWgHs,KnIeolpt,52.0
31,0,tTjpyeuP,GMrJWgHs,52.0
31,0,elxmPCDf,tTjpyeuP,52.0
31,0,tcbhlVZo,elxmPCDf,52.0
31,0,HxnLIWQq,tcbhlVZo,52.0
31,0,wqGWmwVd,HxnLIWQq,52.0
31,0,ACkvbmee,wqGWmwVd,52.0
31,0,FtWuEuzF,ACkvbmee,52.0
31,0,RtTLxXUv,FtWuEuzF,52.0
31,0,JGydtICe,RtTLxXUv,52.0
31,0,zjGRmLyo,JGydtICe,52.0
31,0,EXTmTMKf,zjGRmLyo,52.0
31,0,yfIoPTHo,EXTmTMKf,52.0
31,0,GnOurcjN,yfIoPTHo,52.0
31,0,vHkAlmCm,GnOurcjN,52.0
31,0,WynPMslR,vHkAlmCm,52.0
31,0,qjwSVoCq,WynPMslR,52.0
31,0,WvPJYXMk,qjwSVoCq,52.0
31,0,gyQqEnFq,WvPJYXMk,52.0
31,0,fzmnvqlX,SEcoeimf,38.0
31,0,RyhuDLev,fzmnvqlX,38.0
31,0,zzxlwhdI,wssOAckJ,6.0
31,0,SEcoeimf,zzxlwhdI,6.0
1435,0,yfIoPTHo,EXTmTMKf,2435.0
1435,0,GnOurcjN,yfIoPTHo,2435.0
1435,0,vHkAlmCm,GnOurcjN,1518.0
1435,0,WynPMslR,vHkAlmCm,1499.0
1435,0,qjwSVoCq,WynPMslR,1233.0
1435,0,WvPJYXMk,qjwSVoCq,1233.0
1435,0,gyQqEnFq,WvPJYXMk,1233.0
1435,0,XLVjRryq,NxbXiMUL,1173.0
1435,0,RVEyrwjR,XLVjRryq,1711.0
77,0,IGRxApsM,ZNFFlclk,15.0
77,0,yOopALph,IGRxApsM,49.0
1435,0,vDFCntfg,YvwuVYMF,420.0
1435,0,NxbXiMUL,vDFCntfg,422.0
1099,0,iiHDFBMi,RnuEqbUH,190.0
1099,0,oERWQcSy,iiHDFBMi,190.0
1099,0,nsdRxeeS,oERWQcSy,190.0
1099,0,RnuEqbUH,XnIbYwkm,168.0
1099,0,XnIbYwkm,fOMMjSqm,78.0
1099,0,ulxuvpsp,kGQEnBYZ,40.0
1099,0,fOMMjSqm,ulxuvpsp,40.0
685,0,knCDNjnp,mLBQtksd,352.0
685,0,nYVfIRsk,knCDNjnp,352.0
685,0,IHZGJZTs,nYVfIRsk,352.0
685,0,iOuVBZzk,IHZGJZTs,352.0
685,0,MvaVVzVx,iOuVBZzk,352.0
685,0,cTQVugNT,MvaVVzVx,352.0
685,0,cNypyxpr,cTQVugNT,352.0
685,0,gyQqEnFq,cNypyxpr,351.0
720,0,cNypyxpr,cTQVugNT,255.0
720,0,gyQqEnFq,cNypyxpr,75.0
1619,0,rxAHdfLr,NztIaxQU,950.0
1619,0,dGXuUmCy,rxAHdfLr,950.0
1619,0,dIJpAwev,dGXuUmCy,950.0
1619,0,jcExlqwL,dIJpAwev,950.0
1619,0,YctaenCe,jcExlqwL,588.0
1619,0,tzYrVhKO,YctaenCe,588.0
1619,0,UgpyjFML,tzYrVhKO,588.0
1619,0,nPkrzCty,UgpyjFML,588.0
1701,0,kPoXDVhr,DgeiAShx,2070.0
1701,0,QkhvVJfO,kPoXDVhr,2070.0
1701,0,jBRcoEIn,QkhvVJfO,2063.0
835,0,cIQOVqQI,njiqgOWt,5013.0
835,0,OyAyNkqZ,cIQOVqQI,4988.0
528,0,aWeSqqrV,gyQqEnFq,285.0
528,0,WRVBvtIE,aWeSqqrV,286.0
102,0,NFInfBeu,kKKRBhFF,3.0
102,0,VCQdmIoF,NFInfBeu,3.0
102,0,ePrpofUw,VCQdmIoF,3.0
102,0,KcvPUxQg,ePrpofUw,3.0
102,0,BlnSxBAr,KcvPUxQg,3.0
102,0,WuDSdBCd,BlnSxBAr,3.0
250,0,NXLrCKMp,xiTGCYEl,1082.0
250,0,FyoAuDvn,NXLrCKMp,1082.0
250,0,WOOyqinT,FyoAuDvn,1122.0
250,0,mnkgCFDT,WOOyqinT,1339.0
250,0,bZroqIhX,eTJQHplR,445.0
250,0,cNuIRYrx,bZroqIhX,447.0
250,0,yNIUaSyZ,cNuIRYrx,447.0
250,0,xiTGCYEl,yNIUaSyZ,447.0
142,0,WFZVQzrl,JAgpxShP,501.0
463,0,UWOHRooW,Fwqgdxfa,1921.0
463,0,ImIhxSnH,UWOHRooW,1956.0
463,0,iEKuRfDT,ImIhxSnH,1954.0
463,0,PlyJazqR,iEKuRfDT,1954.0
356,0,nEXpIbiD,OrbXRiVv,1846.0
1141,0,zfdolaES,nEXpIbiD,921.0
1141,0,jiufRClk,zfdolaES,921.0
1141,0,GVnbohJg,jiufRClk,921.0
1141,0,TIKKmaif,GVnbohJg,921.0
1141,0,nTVsVrjG,TIKKmaif,976.0
1141,0,GTeEFWtM,nTVsVrjG,976.0
1141,0,ZtIplJlB,GTeEFWtM,976.0
1141,0,nmfQPmsh,ZtIplJlB,976.0
1141,0,QdnKSSsO,nmfQPmsh,921.0
1141,0,fubLBmAl,DOGyniWl,833.0
1141,0,nEXpIbiD,fubLBmAl,898.0
1379,0,bdIbpKdP,IATYolYz,2102.0
1379,0,VJibZvbS,bdIbpKdP,2035.0
1379,0,uSZbdBno,VJibZvbS,1996.0
1379,0,GtaXwPrK,uSZbdBno,1977.0
1379,0,SfxDAXEq,GtaXwPrK,1977.0
1379,0,PIUpvPaY,SfxDAXEq,1975.0
1379,0,XCZfXGna,PIUpvPaY,1855.0
1379,0,FYonLsVT,XCZfXGna,943.0
1379,0,voXQjjKh,FYonLsVT,937.0
186,0,oUmVLfUX,WKWTpoqQ,529.0
186,0,fJdABIlw,oUmVLfUX,529.0
186,0,mXwfazRz,fJdABIlw,469.0
186,0,rBcVngYR,mXwfazRz,493.0
186,0,NGAodVTg,rBcVngYR,209.0
186,0,TvGyfQSI,NGAodVTg,209.0
186,0,HFYkXdPG,TvGyfQSI,211.0
186,0,KjgVoxgR,HFYkXdPG,226.0
186,0,xTOrUJFO,KjgVoxgR,224.0
186,0,EmkugZPX,xTOrUJFO,224.0
186,0,lmZJehpq,EmkugZPX,219.0
186,0,YtrqvWdf,lmZJehpq,219.0
1140,0,rSnWVhOw,CqefHKGq,671.0
1140,0,xfoaGXVJ,rSnWVhOw,671.0
1140,0,kzneBolb,xfoaGXVJ,671.0
529,0,WOOyqinT,FyoAuDvn,1695.0
529,0,VfTFpfzB,WOOyqinT,2037.0
529,0,ZYYdVixc,VfTFpfzB,4339.0
529,0,jWRsQoYS,ZYYdVixc,4339.0
529,0,jTofnsvB,jWRsQoYS,4339.0
1531,0,aWeSqqrV,gyQqEnFq,2617.0
1531,0,WRVBvtIE,aWeSqqrV,2683.0
1531,0,YspLWkZX,WRVBvtIE,3264.0
1531,0,pRBbbEoD,YspLWkZX,2708.0
142,0,elmHqfIN,jTofnsvB,5307.0
142,0,YhQOzAWJ,elmHqfIN,5307.0
142,0,vNuEvleV,YhQOzAWJ,4902.0
142,0,FUctipSE,vNuEvleV,2901.0
142,0,PWitnUnB,FUctipSE,3504.0
142,0,zwmwkNcj,PWitnUnB,3505.0
142,0,DJDPVkXF,zwmwkNcj,3505.0
529,0,bZroqIhX,eTJQHplR,519.0
529,0,cNuIRYrx,bZroqIhX,636.0
529,0,xiTGCYEl,cNuIRYrx,636.0
529,0,NXLrCKMp,xiTGCYEl,1572.0
529,0,FyoAuDvn,NXLrCKMp,1572.0
34,0,cNypyxpr,cTQVugNT,8484.0
34,0,WRVBvtIE,cNypyxpr,8494.0
34,0,RuAJZyMI,WRVBvtIE,8010.0
1506,0,tRncbstl,WFZVQzrl,7105.0
369,0,RuAJZyMI,rSnWVhOw,4389.0
142,0,tRncbstl,WFZVQzrl,4131.0
142,0,gLCWwgiT,tRncbstl,4230.0
142,0,jTofnsvB,gLCWwgiT,4743.0
142,0,FrOiWYSP,DJDPVkXF,3127.0
142,0,mNGfniSu,FrOiWYSP,3180.0
992,0,dbPZeeiE,LKVeVUNI,3695.0
992,0,CsDsDrdU,dbPZeeiE,3878.0
992,0,rJRvqICk,CsDsDrdU,4098.0
992,0,AmahvgQB,rJRvqICk,4098.0
992,0,aYSqaQmJ,AmahvgQB,4098.0
992,0,zgCGmKZn,aYSqaQmJ,4411.0
992,0,JKFFGKvY,zgCGmKZn,4411.0
992,0,GYfZYaJh,JKFFGKvY,4411.0
992,0,WFZVQzrl,GYfZYaJh,4448.0
992,0,tRncbstl,WFZVQzrl,5403.0
992,0,gLCWwgiT,tRncbstl,5403.0
992,0,jTofnsvB,gLCWwgiT,5404.0
992,0,elmHqfIN,jTofnsvB,5497.0
992,0,YhQOzAWJ,elmHqfIN,5497.0
992,0,vNuEvleV,YhQOzAWJ,5267.0
992,0,FUctipSE,vNuEvleV,5443.0
992,0,PWitnUnB,FUctipSE,5226.0
992,0,FrOiWYSP,PWitnUnB,5606.0
992,0,mNGfniSu,FrOiWYSP,5607.0
992,0,LKVeVUNI,BpAiVnps,3249.0
1506,0,gLCWwgiT,tRncbstl,6179.0
1748,0,ZYYdVixc,VfTFpfzB,1754.0
1748,0,gLCWwgiT,ZYYdVixc,1876.0
1748,0,NXLrCKMp,xiTGCYEl,1232.0
1748,0,FyoAuDvn,NXLrCKMp,1232.0
1748,0,WOOyqinT,FyoAuDvn,1022.0
1748,0,VfTFpfzB,WOOyqinT,1070.0
1748,0,jTofnsvB,gLCWwgiT,2026.0
1506,0,jTofnsvB,gLCWwgiT,6150.0
664,0,NXLrCKMp,xiTGCYEl,110.0
664,0,FyoAuDvn,NXLrCKMp,110.0
664,0,GpnhEWuy,FyoAuDvn,110.0
664,0,fNoKcjVu,GpnhEWuy,110.0
664,0,ZeFKXxfu,fNoKcjVu,110.0
664,0,wYWONrrr,ZeFKXxfu,109.0
664,0,jTofnsvB,wYWONrrr,109.0
142,0,JAgpxShP,qufiaPgM,144.0
318,0,YvLYpMPH,POdtxoZm,4193.0
318,0,DjKGsdyb,YvLYpMPH,4947.0
318,0,iEKuRfDT,ImIhxSnH,5095.0
318,0,PlyJazqR,iEKuRfDT,4485.0
318,0,kkrKJmiC,PlyJazqR,4483.0
318,0,psXocZQH,kkrKJmiC,4284.0
318,0,yprCGtVa,psXocZQH,4284.0
318,0,pPqywgRl,yprCGtVa,4498.0
318,0,SJHseTdc,pPqywgRl,4704.0
318,0,ydQuGMgP,SJHseTdc,4702.0
318,0,AmahvgQB,ydQuGMgP,4930.0
679,0,jXeBpcDF,lZYsrfVZ,3336.0
679,0,wHfmVQMh,cttUtMNm,3705.0
679,0,mdGitRQe,wHfmVQMh,2445.0
679,0,RVGhYAxc,mdGitRQe,2287.0
798,0,hFISFuCO,BxmxkKGC,70.0
798,0,fQRLOpha,hFISFuCO,70.0
798,0,PXPVuGmP,fQRLOpha,72.0
798,0,IulxyPoH,PXPVuGmP,72.0
1512,0,OpgRCgWV,mnkgCFDT,15941.0
1300,0,aYSqaQmJ,AmahvgQB,15962.0
1300,0,zgCGmKZn,aYSqaQmJ,17353.0
1300,0,EVAUYvVR,zgCGmKZn,17602.0
1300,0,GYfZYaJh,EVAUYvVR,17602.0
1300,0,OpgRCgWV,GYfZYaJh,18853.0
177,0,oUmVLfUX,WKWTpoqQ,3865.0
177,0,fJdABIlw,oUmVLfUX,3865.0
177,0,mXwfazRz,fJdABIlw,3618.0
177,0,NGAodVTg,mXwfazRz,3505.0
177,0,TvGyfQSI,NGAodVTg,3505.0
177,0,HFYkXdPG,TvGyfQSI,3505.0
177,0,KjgVoxgR,HFYkXdPG,3285.0
177,0,xTOrUJFO,KjgVoxgR,2841.0
177,0,EmkugZPX,xTOrUJFO,2838.0
177,0,lmZJehpq,EmkugZPX,2790.0
177,0,tDDddUJb,lmZJehpq,2790.0
177,0,RVGhYAxc,tDDddUJb,2631.0
177,0,BpAiVnps,RVGhYAxc,2065.0
1300,0,LKVeVUNI,BpAiVnps,8766.0
1300,0,dbPZeeiE,LKVeVUNI,10408.0
1300,0,CsDsDrdU,dbPZeeiE,11074.0
1300,0,AmahvgQB,CsDsDrdU,11763.0
1506,0,elmHqfIN,jTofnsvB,4823.0
232,0,wEeBJTuq,ZYYdVixc,4669.0
1467,0,ZYYdVixc,VfTFpfzB,450.0
1467,0,wEeBJTuq,ZYYdVixc,488.0
232,0,ZYYdVixc,VfTFpfzB,3070.0
233,0,kXOxEoFm,lRwVVbKf,1199.0
233,0,EFeZyZmg,kXOxEoFm,1199.0
233,0,zVMCvpDh,zfmNZkKD,936.0
233,0,nOepWjtB,zVMCvpDh,936.0
233,0,kNXaohyL,nOepWjtB,936.0
233,0,gJicbLzN,kNXaohyL,936.0
233,0,lRwVVbKf,gJicbLzN,926.0
233,0,ULIlEdjB,XHLHCkqn,1600.0
233,0,zfmNZkKD,ULIlEdjB,1598.0
233,0,zQfdkFQV,JafVjQhg,2257.0
233,0,GTWLqqnN,zQfdkFQV,2257.0
233,0,wefAcLKj,GTWLqqnN,2251.0
233,0,RxHTaOMh,wefAcLKj,2251.0
233,0,WavUqaXE,RxHTaOMh,2264.0
233,0,XHLHCkqn,WavUqaXE,2377.0
233,0,JafVjQhg,RZCadHVt,1252.0
232,0,TsfVbSCQ,wEeBJTuq,4406.0
541,0,oZJRchiN,wVKhsyCZ,39.0
541,0,xmGwLlME,oZJRchiN,39.0
541,0,KcBICYpI,xmGwLlME,39.0
541,0,XQiQvefE,KcBICYpI,39.0
541,0,eyUKPfnA,XQiQvefE,39.0
541,0,ZgqhsueA,eyUKPfnA,39.0
541,0,YvwuVYMF,ZgqhsueA,39.0
541,0,FZsFzszJ,YvwuVYMF,39.0
541,0,ALhaazBT,FZsFzszJ,39.0
541,0,ejMjPdTH,ALhaazBT,39.0
762,0,BxmxkKGC,ojqTFFWy,4600.0
80,0,QPpuxtew,uRlXNIwL,4510.0
80,0,gHkojtqc,QPpuxtew,4510.0
1452,0,iOuVBZzk,lsFGVtlq,51.0
1452,0,cTQVugNT,iOuVBZzk,51.0
1452,0,cNypyxpr,cTQVugNT,51.0
1452,0,uRlXNIwL,cNypyxpr,51.0
1452,0,QPpuxtew,uRlXNIwL,51.0
1452,0,gHkojtqc,QPpuxtew,51.0
1453,0,dHuMOmqh,OhBAPvsb,5273.0
1453,0,kVCEAUTv,dHuMOmqh,5719.0
1453,0,LsuNFzpq,kVCEAUTv,5835.0
1453,0,llFTEWtD,IulxyPoH,5311.0
1453,0,TvvslWVF,llFTEWtD,5311.0
1453,0,SgXyhVwd,TvvslWVF,4879.0
1453,0,fPhIOSOj,SgXyhVwd,4879.0
1453,0,PQDqFTyk,fPhIOSOj,4879.0
1453,0,SOzmnmNW,PQDqFTyk,4879.0
1453,0,OhBAPvsb,SOzmnmNW,4879.0
1453,0,TQhrUKrf,BxmxkKGC,4967.0
1453,0,hFISFuCO,TQhrUKrf,4967.0
1453,0,IJrmTLNf,hFISFuCO,4967.0
1453,0,byRkdSCW,IJrmTLNf,4967.0
1453,0,fQRLOpha,byRkdSCW,4967.0
1453,0,PXPVuGmP,fQRLOpha,5044.0
1453,0,JpcivbxC,PXPVuGmP,5044.0
1453,0,IulxyPoH,JpcivbxC,5043.0
232,0,LArfnWEk,TsfVbSCQ,4345.0
1262,0,CKorGRkE,ojqTFFWy,901.0
1262,0,eaNsVWDR,CKorGRkE,1668.0
1262,0,hpACGGyB,eaNsVWDR,1670.0
1263,0,GYfZYaJh,EVAUYvVR,2956.0
1263,0,OpgRCgWV,GYfZYaJh,2876.0
1300,0,ntDOQspU,OpgRCgWV,19849.0
1467,0,TsfVbSCQ,wEeBJTuq,446.0
1467,0,coyRXGtt,TsfVbSCQ,446.0
1133,0,CNyHgccZ,fJuPdFXq,811.0
1133,0,zSTvyVov,CNyHgccZ,811.0
1133,0,ixyllwBo,zSTvyVov,811.0
1133,0,vUtsOMRz,ixyllwBo,811.0
1133,0,mAuYaRAP,vUtsOMRz,811.0
1133,0,GauoQJWJ,mAuYaRAP,811.0
1133,0,zjuuJEOg,GauoQJWJ,811.0
1133,0,TIygQLDW,zjuuJEOg,811.0
1133,0,QkOFoFkV,TIygQLDW,811.0
1133,0,wmKJhgsh,QkOFoFkV,811.0
1133,0,IpOsGrUQ,wmKJhgsh,811.0
1133,0,exRzHfND,IpOsGrUQ,668.0
1133,0,bIhgcGjB,exRzHfND,668.0
1133,0,dMpYNFzw,bIhgcGjB,668.0
1133,0,phodyDNv,dMpYNFzw,668.0
1133,0,gcvwQKzE,phodyDNv,613.0
1133,0,RuqLEiFp,gcvwQKzE,613.0
1133,0,NAwFzVQz,RuqLEiFp,440.0
1133,0,jEliwrSM,NAwFzVQz,440.0
1133,0,OUlPxErG,jEliwrSM,440.0
1133,0,SPorkGXj,OUlPxErG,314.0
1133,0,IJbUVGLH,SPorkGXj,314.0
1133,0,ZqOseExI,IJbUVGLH,314.0
1133,0,FdBCLyPI,ZqOseExI,219.0
1133,0,CrOFTJlw,FdBCLyPI,219.0
1133,0,PyGiRErs,CrOFTJlw,219.0
1133,0,qflzswAf,PyGiRErs,219.0
34,0,MtINPaKl,RuAJZyMI,7142.0
34,0,SGVPbDEb,MtINPaKl,5098.0
369,0,MtINPaKl,RuAJZyMI,4163.0
369,0,SGVPbDEb,MtINPaKl,3787.0
142,0,MtINPaKl,mNGfniSu,2676.0
142,0,SGVPbDEb,MtINPaKl,2642.0
1440,0,WRVBvtIE,gyQqEnFq,1483.0
1440,0,RuAJZyMI,WRVBvtIE,1500.0
1440,0,MtINPaKl,RuAJZyMI,1362.0
1440,0,SGVPbDEb,MtINPaKl,1363.0
1441,0,dHuMOmqh,LDSuadxM,2975.0
1441,0,kVCEAUTv,dHuMOmqh,3714.0
1441,0,llFTEWtD,IulxyPoH,1783.0
1441,0,SgXyhVwd,llFTEWtD,1783.0
1441,0,fPhIOSOj,SgXyhVwd,1796.0
1441,0,SOzmnmNW,fPhIOSOj,1796.0
1441,0,OhBAPvsb,SOzmnmNW,1810.0
1441,0,LDSuadxM,OhBAPvsb,1810.0
374,0,uuIUswRF,YmeKOmok,7.0
374,0,EBKpcNVh,uuIUswRF,7.0
374,0,jLuliqpT,EBKpcNVh,7.0
374,0,OXvlrfnG,jLuliqpT,7.0
374,0,CgMBzfIg,OXvlrfnG,7.0
374,0,BCwVkMhO,CgMBzfIg,7.0
374,0,MpBHVRZl,BCwVkMhO,7.0
374,0,BWKNZpmt,MpBHVRZl,4.0
374,0,hMBIVszx,BWKNZpmt,4.0
374,0,JgVaSAtG,hMBIVszx,4.0
374,0,QyfZGsFT,JgVaSAtG,3.0
374,0,selTNsQi,QyfZGsFT,3.0
374,0,SfBAqteg,selTNsQi,3.0
374,0,obGcbWvT,SfBAqteg,3.0
374,0,lbFoZTYJ,obGcbWvT,3.0
374,0,wssOAckJ,lbFoZTYJ,3.0
374,0,zzxlwhdI,wssOAckJ,3.0
374,0,SEcoeimf,zzxlwhdI,3.0
374,0,fzmnvqlX,SEcoeimf,2.0
374,0,RyhuDLev,fzmnvqlX,2.0
374,0,KnIeolpt,RyhuDLev,2.0
374,0,GMrJWgHs,KnIeolpt,2.0
374,0,tTjpyeuP,GMrJWgHs,2.0
374,0,iYbcLrkT,tTjpyeuP,2.0
374,0,elxmPCDf,iYbcLrkT,2.0
374,0,tcbhlVZo,elxmPCDf,2.0
374,0,ZqBGCTqq,tcbhlVZo,2.0
374,0,HxnLIWQq,ZqBGCTqq,2.0
374,0,wqGWmwVd,HxnLIWQq,2.0
374,0,ACkvbmee,wqGWmwVd,2.0
374,0,FtWuEuzF,ACkvbmee,2.0
374,0,RtTLxXUv,FtWuEuzF,2.0
374,0,JGydtICe,RtTLxXUv,2.0
374,0,xbhuXgnr,JGydtICe,2.0
374,0,zjGRmLyo,xbhuXgnr,2.0
374,0,EXTmTMKf,zjGRmLyo,2.0
374,0,yfIoPTHo,EXTmTMKf,2.0
374,0,GnOurcjN,yfIoPTHo,2.0
992,0,MtINPaKl,mNGfniSu,5744.0
992,0,SGVPbDEb,MtINPaKl,6800.0
1622,0,TKRrUtKV,jcExlqwL,1606.0
1622,0,JleZjXmc,TKRrUtKV,1606.0
1622,0,fTKGeENK,JleZjXmc,1606.0
1622,0,zdgoUaFA,fTKGeENK,1591.0
1623,0,FqfYfMFg,AmahvgQB,887.0
1623,0,qBmbuqyA,FqfYfMFg,964.0
1623,0,DjKOMvif,qBmbuqyA,964.0
1623,0,kbmudFZh,DjKOMvif,1166.0
1623,0,AHkkayoK,kbmudFZh,1166.0
1623,0,NjUfThdh,AHkkayoK,1168.0
1623,0,yEChtXTr,NjUfThdh,1168.0
1623,0,BspMHRhr,yEChtXTr,486.0
1623,0,jkxhkeqK,BspMHRhr,852.0
1623,0,RrdfQruE,jkxhkeqK,808.0
1623,0,FHknKSNi,RrdfQruE,808.0
1623,0,GYenbKMg,FHknKSNi,796.0
463,0,ylfNfbjf,PlyJazqR,1477.0
463,0,psXocZQH,ylfNfbjf,1477.0
463,0,yprCGtVa,psXocZQH,1785.0
463,0,pPqywgRl,yprCGtVa,1971.0
463,0,HGjkimBc,pPqywgRl,1906.0
463,0,lqMPnIra,HGjkimBc,1949.0
463,0,eKMWhxRF,lqMPnIra,2876.0
463,0,pRsoSsPh,eKMWhxRF,2953.0
463,0,pUxrqkbR,pRsoSsPh,2953.0
463,0,GmRorurF,pUxrqkbR,2984.0
463,0,rWJbJwsc,GmRorurF,2984.0
464,0,ImIhxSnH,Fwqgdxfa,4974.0
464,0,iEKuRfDT,ImIhxSnH,5082.0
464,0,psXocZQH,iEKuRfDT,5697.0
464,0,yprCGtVa,psXocZQH,5697.0
464,0,pPqywgRl,yprCGtVa,6000.0
464,0,HGjkimBc,pPqywgRl,7298.0
464,0,lqMPnIra,HGjkimBc,7820.0
464,0,eKMWhxRF,lqMPnIra,4723.0
464,0,pRsoSsPh,eKMWhxRF,5527.0
464,0,pUxrqkbR,pRsoSsPh,9025.0
464,0,GmRorurF,pUxrqkbR,9025.0
464,0,rWJbJwsc,GmRorurF,9025.0
725,0,IoxYvxeH,mnkgCFDT,1006.0
725,0,yrlDljAC,IoxYvxeH,984.0
725,0,rBCwdRqs,yrlDljAC,984.0
725,0,olAnplnl,rBCwdRqs,984.0
725,0,hpCuKAjH,olAnplnl,984.0
725,0,tyeyrnYi,hpCuKAjH,984.0
719,0,uxsctOEt,RfEbENxd,472.0
719,0,UfJDroVz,uxsctOEt,472.0
719,0,TcsyXYNn,UfJDroVz,472.0
719,0,qKeCDDXI,TcsyXYNn,523.0
719,0,YmkUpvHU,qKeCDDXI,636.0
719,0,WOOyqinT,YmkUpvHU,636.0
719,0,mnkgCFDT,WOOyqinT,636.0
719,0,kVhbTVuU,mnkgCFDT,642.0
719,0,IoxYvxeH,kVhbTVuU,664.0
719,0,yrlDljAC,IoxYvxeH,626.0
719,0,FCQHCFVm,yrlDljAC,626.0
719,0,rBCwdRqs,FCQHCFVm,626.0
719,0,olAnplnl,rBCwdRqs,626.0
719,0,hpCuKAjH,olAnplnl,630.0
719,0,tyeyrnYi,hpCuKAjH,630.0
250,0,IoxYvxeH,mnkgCFDT,5522.0
250,0,yrlDljAC,IoxYvxeH,7281.0
250,0,rBCwdRqs,yrlDljAC,7281.0
250,0,olAnplnl,rBCwdRqs,7281.0
250,0,hpCuKAjH,olAnplnl,7710.0
250,0,tyeyrnYi,hpCuKAjH,7710.0
292,0,jFmPCmzM,AjJCgCBk,2135.0
292,0,TrOiZJox,jFmPCmzM,2135.0
1531,0,cfVAtKgo,pRBbbEoD,2535.0
1531,0,QMiQTlda,cfVAtKgo,2680.0
1531,0,MaKoROaE,QMiQTlda,2680.0
1531,0,NrNaZyPp,MaKoROaE,2680.0
1531,0,zUgDRwiy,NrNaZyPp,2101.0
1506,0,YhQOzAWJ,elmHqfIN,4617.0
1506,0,zUgDRwiy,YhQOzAWJ,4569.0
664,0,elmHqfIN,jTofnsvB,45.0
664,0,YhQOzAWJ,elmHqfIN,45.0
664,0,zUgDRwiy,YhQOzAWJ,45.0
292,0,SlfNpref,aUPouXsN,1574.0
292,0,mTbspdLq,SlfNpref,1574.0
292,0,nrKKniYe,mTbspdLq,1574.0
292,0,SWnceHEw,nrKKniYe,1890.0
292,0,AjJCgCBk,SWnceHEw,1890.0
1748,0,elmHqfIN,jTofnsvB,1954.0
1748,0,YhQOzAWJ,elmHqfIN,1954.0
1748,0,zUgDRwiy,YhQOzAWJ,1950.0
1512,0,ntDOQspU,OpgRCgWV,15874.0
1512,0,AXkvSZpr,ntDOQspU,14701.0
1263,0,ntDOQspU,OpgRCgWV,3922.0
1263,0,AXkvSZpr,ntDOQspU,3930.0
204,0,yfzTmEfw,QgwCgjAi,827.0
204,0,mBSaKJib,yfzTmEfw,827.0
204,0,ggaXnTUz,mBSaKJib,600.0
204,0,zJsEFgSs,ggaXnTUz,600.0
204,0,exgtgIgV,zJsEFgSs,600.0
204,0,CvtLjMFW,exgtgIgV,600.0
204,0,vSdfqYeK,CvtLjMFW,587.0
204,0,lOtREfVG,vSdfqYeK,587.0
232,0,KUCrTzrk,LArfnWEk,4148.0
1331,0,JafVjQhg,OhBAPvsb,1.0
1331,0,GTWLqqnN,JafVjQhg,194.0
1331,0,wefAcLKj,GTWLqqnN,194.0
1331,0,RxHTaOMh,wefAcLKj,194.0
1331,0,XHLHCkqn,RxHTaOMh,194.0
1331,0,ULIlEdjB,XHLHCkqn,352.0
1331,0,zfmNZkKD,ULIlEdjB,352.0
1330,0,dbPZeeiE,LKVeVUNI,2651.0
1330,0,CsDsDrdU,dbPZeeiE,2657.0
1330,0,rJRvqICk,CsDsDrdU,2986.0
1330,0,AmahvgQB,rJRvqICk,2988.0
1330,0,aYSqaQmJ,AmahvgQB,3068.0
1330,0,zgCGmKZn,aYSqaQmJ,3266.0
1330,0,JKFFGKvY,zgCGmKZn,3375.0
1330,0,EVAUYvVR,JKFFGKvY,3375.0
1330,0,GYfZYaJh,EVAUYvVR,3375.0
1330,0,OpgRCgWV,GYfZYaJh,3583.0
1330,0,ntDOQspU,OpgRCgWV,3638.0
1330,0,nEHOxUTI,ntDOQspU,3638.0
1330,0,PUsFNDSD,nEHOxUTI,3810.0
1330,0,LKVeVUNI,BpAiVnps,2269.0
1467,0,eQeMsQqL,coyRXGtt,311.0
1467,0,ckxYXcvo,eQeMsQqL,311.0
1467,0,cyoDDnik,ckxYXcvo,311.0
1467,0,xWbuLRdJ,cyoDDnik,311.0
1467,0,vbdtPbuh,xWbuLRdJ,311.0
1467,0,wWIFrmtv,vbdtPbuh,8.0
1748,0,okaePkJr,zUgDRwiy,1447.0
761,0,okaePkJr,zUgDRwiy,6117.0
34,0,DpeufCiu,SGVPbDEb,4228.0
142,0,DpeufCiu,SGVPbDEb,2366.0
565,0,IKzXRYHu,okgTpqCg,336.0
565,0,adAJVrkD,IKzXRYHu,336.0
565,0,LWMiptXI,adAJVrkD,246.0
565,0,IdjjXnkI,LWMiptXI,246.0
565,0,qQFDKzdu,IdjjXnkI,246.0
565,0,okgTpqCg,FfkqCuZM,341.0
560,0,avbDVyxh,WGPbPoOh,571.0
560,0,gzkuviLm,avbDVyxh,571.0
560,0,CkzMckPC,gzkuviLm,571.0
560,0,WywmvGMH,CkzMckPC,571.0
1107,0,qflzswAf,PyGiRErs,651.0
80,0,jiBUapiv,gHkojtqc,4269.0
80,0,ZsSjTAXN,jiBUapiv,4269.0
80,0,QzSmToFg,ZsSjTAXN,4269.0
232,0,KLViSvpH,fvJrDdyT,3750.0
232,0,CwNQJSvp,KUCrTzrk,3747.0
232,0,yoveVXvd,CwNQJSvp,3766.0
1330,0,StyZBhjt,PUsFNDSD,2928.0
1748,0,PgJqeYYy,okaePkJr,1445.0
761,0,PgJqeYYy,okaePkJr,6114.0
1330,0,HipgKeDY,StyZBhjt,3097.0
80,0,YpZAWuci,QzSmToFg,4002.0
1452,0,jiBUapiv,gHkojtqc,66.0
1452,0,ZsSjTAXN,jiBUapiv,66.0
1452,0,QzSmToFg,ZsSjTAXN,66.0
1452,0,YpZAWuci,QzSmToFg,66.0
1453,0,BxmxkKGC,ojqTFFWy,1937.0
779,0,uxBjVsKf,ngtiheSM,1493.0
779,0,qKwvXMmm,uxBjVsKf,1770.0
779,0,BNQPEsdW,qKwvXMmm,1770.0
779,0,beniIHzL,BNQPEsdW,1767.0
1531,0,okaePkJr,zUgDRwiy,1358.0
1531,0,PgJqeYYy,okaePkJr,1332.0
664,0,okaePkJr,zUgDRwiy,11.0
664,0,PgJqeYYy,okaePkJr,11.0
1330,0,qqkwAIGc,HipgKeDY,3060.0
1330,0,YXiYqIfc,qqkwAIGc,3060.0
1330,0,TxpOiGNK,YXiYqIfc,1604.0
1452,0,gHieypBQ,IOpdOfiF,5682.0
1452,0,vfoDngvn,gHieypBQ,5682.0
1452,0,EPWXwPSq,vfoDngvn,5682.0
232,0,fvJrDdyT,yoveVXvd,3719.0
1178,0,WyfCQhSW,ogOCBKAf,5814.0
1677,0,eTnittuK,yQQuLFAg,589.0
1677,0,KdjrLWjn,eTnittuK,589.0
1677,0,AkOiWGvq,KdjrLWjn,589.0
1677,0,iykVulcc,AkOiWGvq,582.0
1677,0,YwUcqICt,iykVulcc,582.0
1677,0,kSdFeEek,YwUcqICt,582.0
1677,0,FwmrbmrQ,kSdFeEek,578.0
1677,0,uSOMnpdQ,FwmrbmrQ,578.0
1677,0,KRmLfGnR,uSOMnpdQ,568.0
1677,0,gIknnlAi,KRmLfGnR,568.0
1677,0,nIakFMcq,gIknnlAi,568.0
1531,0,EsFyleAW,PgJqeYYy,1095.0
1750,0,llFTEWtD,IulxyPoH,227.0
1750,0,SgXyhVwd,llFTEWtD,227.0
1750,0,fPhIOSOj,SgXyhVwd,309.0
1750,0,HqehCtdr,fPhIOSOj,417.0
1750,0,JafVjQhg,HqehCtdr,423.0
34,0,FaHpkwNs,DpeufCiu,4222.0
992,0,DpeufCiu,SGVPbDEb,6998.0
992,0,FaHpkwNs,DpeufCiu,6998.0
142,0,FaHpkwNs,DpeufCiu,2333.0
34,0,kohCEyKT,FaHpkwNs,4201.0
142,0,kohCEyKT,FaHpkwNs,2329.0
992,0,kohCEyKT,FaHpkwNs,6997.0
1531,0,oPiGTUNA,EsFyleAW,1092.0
1531,0,AsOznvtO,oPiGTUNA,1092.0
1531,0,HjcVXSJw,AsOznvtO,1092.0
1531,0,UPEwDZeZ,HjcVXSJw,1092.0
1531,0,oTQudgUv,UPEwDZeZ,1092.0
1531,0,wteskcXn,oTQudgUv,1086.0
1418,0,FoqpqGcp,QhiYKyAt,2133.0
1750,0,hFISFuCO,ojqTFFWy,114.0
1750,0,fQRLOpha,hFISFuCO,114.0
1750,0,PXPVuGmP,fQRLOpha,137.0
1750,0,IulxyPoH,PXPVuGmP,137.0
761,0,cQQRUhUD,PgJqeYYy,6463.0
761,0,ZpXtMmnA,cQQRUhUD,6463.0
1434,0,TvsHOuao,EzNIKkYA,5974.0
1434,0,ezYUwAMR,TvsHOuao,5974.0
1434,0,QhiYKyAt,ezYUwAMR,5974.0
796,0,cNuIRYrx,bZroqIhX,763.0
796,0,yNIUaSyZ,cNuIRYrx,763.0
796,0,xiTGCYEl,yNIUaSyZ,763.0
796,0,NXLrCKMp,xiTGCYEl,1026.0
796,0,FyoAuDvn,NXLrCKMp,1026.0
796,0,WOOyqinT,FyoAuDvn,1026.0
796,0,VfTFpfzB,WOOyqinT,1061.0
796,0,ZYYdVixc,VfTFpfzB,1431.0
796,0,gLCWwgiT,ZYYdVixc,1626.0
796,0,jTofnsvB,gLCWwgiT,2056.0
796,0,elmHqfIN,jTofnsvB,2429.0
796,0,YhQOzAWJ,elmHqfIN,2429.0
796,0,zUgDRwiy,YhQOzAWJ,2429.0
796,0,okaePkJr,zUgDRwiy,2429.0
796,0,PgJqeYYy,okaePkJr,2429.0
796,0,cQQRUhUD,PgJqeYYy,2429.0
796,0,ZpXtMmnA,cQQRUhUD,2429.0
1434,0,SGVPbDEb,MtINPaKl,5105.0
1434,0,DpeufCiu,SGVPbDEb,6822.0
1434,0,FaHpkwNs,DpeufCiu,6822.0
1434,0,wMslsCeS,FaHpkwNs,8563.0
1434,0,BTtHvEzM,wMslsCeS,8563.0
1434,0,EzNIKkYA,BTtHvEzM,4913.0
1434,0,aWeSqqrV,gyQqEnFq,2799.0
1434,0,WRVBvtIE,aWeSqqrV,2948.0
1434,0,RuAJZyMI,WRVBvtIE,2959.0
1434,0,MtINPaKl,RuAJZyMI,3711.0
1330,0,NajoDNFv,TxpOiGNK,1588.0
1330,0,aQxdJxqw,NajoDNFv,1588.0
1330,0,rxopZurY,aQxdJxqw,1078.0
232,0,NajoDNFv,TxpOiGNK,3488.0
232,0,aQxdJxqw,NajoDNFv,3511.0
232,0,GJDHvjGI,aQxdJxqw,3883.0
796,0,bZroqIhX,eTJQHplR,500.0
47,0,paIawFeA,nIakFMcq,8083.0
47,0,bmUdUOzs,paIawFeA,8200.0
463,0,uuIZngLh,rWJbJwsc,3711.0
463,0,gHWJyJxY,uuIZngLh,3711.0
464,0,uuIZngLh,rWJbJwsc,7117.0
464,0,gHWJyJxY,uuIZngLh,7115.0
853,0,OrbXRiVv,anWZyaGW,457.0
853,0,cNuIRYrx,OrbXRiVv,502.0
853,0,yNIUaSyZ,cNuIRYrx,502.0
853,0,xiTGCYEl,yNIUaSyZ,502.0
853,0,NXLrCKMp,xiTGCYEl,502.0
853,0,FyoAuDvn,NXLrCKMp,502.0
853,0,WOOyqinT,FyoAuDvn,502.0
853,0,mnkgCFDT,WOOyqinT,502.0
853,0,kVhbTVuU,mnkgCFDT,502.0
853,0,IoxYvxeH,kVhbTVuU,504.0
853,0,yrlDljAC,IoxYvxeH,388.0
853,0,rBCwdRqs,yrlDljAC,388.0
853,0,olAnplnl,rBCwdRqs,388.0
853,0,hpCuKAjH,olAnplnl,388.0
853,0,tyeyrnYi,hpCuKAjH,388.0
853,0,HezLsNFQ,tyeyrnYi,388.0
853,0,eusqYKWT,HezLsNFQ,86.0
853,0,xOHMcnRu,eusqYKWT,46.0
250,0,HezLsNFQ,tyeyrnYi,7643.0
1748,0,EsFyleAW,PgJqeYYy,341.0
1748,0,oPiGTUNA,EsFyleAW,304.0
1748,0,AsOznvtO,oPiGTUNA,304.0
1748,0,TxpOiGNK,AsOznvtO,304.0
1418,0,wMslsCeS,iMMoIvpS,214.0
1418,0,BTtHvEzM,wMslsCeS,215.0
80,0,UWROvtjV,YpZAWuci,3702.0
80,0,aHnvxyXJ,UWROvtjV,3702.0
1452,0,UWROvtjV,YpZAWuci,252.0
1452,0,aHnvxyXJ,UWROvtjV,252.0
369,0,DpeufCiu,SGVPbDEb,3344.0
369,0,kohCEyKT,DpeufCiu,3344.0
369,0,DHQRQBBP,kohCEyKT,3464.0
34,0,ZKEtlMvK,kohCEyKT,4455.0
34,0,aSxVTIYY,ZKEtlMvK,2162.0
369,0,ZKEtlMvK,DHQRQBBP,3278.0
369,0,pjRBTtLk,ZKEtlMvK,3643.0
1440,0,DpeufCiu,SGVPbDEb,851.0
1440,0,FaHpkwNs,DpeufCiu,851.0
1440,0,kohCEyKT,FaHpkwNs,851.0
1440,0,DHQRQBBP,kohCEyKT,851.0
1440,0,ZKEtlMvK,DHQRQBBP,851.0
1440,0,pjRBTtLk,ZKEtlMvK,1121.0
142,0,DHQRQBBP,kohCEyKT,3181.0
142,0,ZKEtlMvK,DHQRQBBP,3363.0
142,0,pjRBTtLk,ZKEtlMvK,4985.0
1441,0,hFISFuCO,BxmxkKGC,1485.0
1441,0,byRkdSCW,hFISFuCO,1485.0
1441,0,fQRLOpha,byRkdSCW,1485.0
1441,0,PXPVuGmP,fQRLOpha,1496.0
1441,0,IulxyPoH,PXPVuGmP,1496.0
992,0,ZKEtlMvK,kohCEyKT,7582.0
992,0,pjRBTtLk,ZKEtlMvK,7582.0
1702,0,qrLMfnQh,aQxdJxqw,1233.0
1702,0,nAnfzqIp,qrLMfnQh,1233.0
1702,0,BYibysYA,nAnfzqIp,1233.0
1531,0,NajoDNFv,wteskcXn,655.0
1531,0,aQxdJxqw,NajoDNFv,651.0
836,0,aojHvPEg,BZCtSmhk,5613.0
836,0,qeXIqBgp,aojHvPEg,5610.0
318,0,POdtxoZm,GnsXgGJX,4829.0
679,0,BpAiVnps,RVGhYAxc,1763.0
1568,0,YcrsfAeA,KCvWJpxq,3123.0
1568,0,cfrRCwNB,YcrsfAeA,3126.0
1568,0,TFSGEQcQ,cfrRCwNB,3625.0
1568,0,fjFZwaYy,TFSGEQcQ,3978.0
1568,0,lSWJJvzr,fjFZwaYy,4003.0
1568,0,nxFmOJAJ,lSWJJvzr,4033.0
1568,0,GznDzxNt,nxFmOJAJ,4033.0
1568,0,jappmlZc,GznDzxNt,4033.0
1568,0,JGAJXRSN,jappmlZc,4013.0
1568,0,SDEQaVyD,JGAJXRSN,3934.0
1226,0,SsTrbdxo,qzYXXYmc,11082.0
1226,0,yYFXObAF,SsTrbdxo,11082.0
1226,0,rmVgnKci,yYFXObAF,11082.0
1226,0,xMwzCIXQ,rmVgnKci,11029.0
1263,0,MlqbsUKu,AXkvSZpr,4145.0
1263,0,jaCrAUFK,MlqbsUKu,4150.0
1263,0,oynLwMrX,jaCrAUFK,4160.0
1263,0,EKYbCcms,oynLwMrX,4127.0
1300,0,jaCrAUFK,MlqbsUKu,21983.0
1300,0,oynLwMrX,jaCrAUFK,22502.0
1300,0,EKYbCcms,oynLwMrX,19070.0
1226,0,CEZTRnUo,qflzswAf,6607.0
1226,0,funWfCdm,CEZTRnUo,6607.0
1226,0,rnFrOJMw,funWfCdm,6607.0
1226,0,iaPnRXpR,rnFrOJMw,6643.0
1226,0,PNUwxzRj,iaPnRXpR,7851.0
1226,0,sxclJLmG,PNUwxzRj,7851.0
1226,0,xMTNzVPt,sxclJLmG,7877.0
1226,0,AudzmzeZ,xMTNzVPt,7877.0
1226,0,QVFxizLc,AudzmzeZ,7887.0
1226,0,BKywSEpu,QVFxizLc,7887.0
1226,0,PrwDPVMa,BKywSEpu,7887.0
1226,0,bjPEDqek,PrwDPVMa,7808.0
1226,0,hNvVhacI,bjPEDqek,7808.0
1226,0,qzYXXYmc,hNvVhacI,7771.0
1748,0,NajoDNFv,TxpOiGNK,336.0
1748,0,aQxdJxqw,NajoDNFv,340.0
1440,0,gHieypBQ,wrFiwNtD,1392.0
1440,0,vfoDngvn,gHieypBQ,1392.0
1440,0,EPWXwPSq,vfoDngvn,1392.0
1440,0,RZCadHVt,mhTYFecR,1690.0
1440,0,wrFiwNtD,aZtqChJJ,1086.0
34,0,fpInPVFL,aSxVTIYY,1740.0
80,0,aBlpKWpT,aHnvxyXJ,3392.0
1452,0,aBlpKWpT,aHnvxyXJ,440.0
1452,0,YBtfPRlp,aBlpKWpT,440.0
1099,0,kGQEnBYZ,bGilRaMJ,8.0
1434,0,FoqpqGcp,QhiYKyAt,4789.0
232,0,rxopZurY,GJDHvjGI,3244.0
1418,0,TvsHOuao,EzNIKkYA,1535.0
1418,0,ezYUwAMR,TvsHOuao,1535.0
1418,0,QhiYKyAt,ezYUwAMR,1535.0
1418,0,NNeqXfIi,FoqpqGcp,2638.0
1418,0,aWeSqqrV,gyQqEnFq,27.0
1418,0,WRVBvtIE,aWeSqqrV,27.0
1418,0,RuAJZyMI,WRVBvtIE,27.0
1418,0,MtINPaKl,RuAJZyMI,31.0
1418,0,SGVPbDEb,MtINPaKl,31.0
1418,0,DpeufCiu,SGVPbDEb,41.0
1418,0,FaHpkwNs,DpeufCiu,41.0
1418,0,iMMoIvpS,FaHpkwNs,41.0
1418,0,wbJSAzcX,NNeqXfIi,2637.0
80,0,RwWmKtXH,aBlpKWpT,3217.0
80,0,iWUiEObr,RwWmKtXH,3286.0
1452,0,RwWmKtXH,YBtfPRlp,641.0
1452,0,iWUiEObr,RwWmKtXH,641.0
1452,0,mkMGVFdU,iWUiEObr,854.0
1452,0,xMYnsmAG,mkMGVFdU,1739.0
1452,0,IOpdOfiF,xMYnsmAG,1740.0
796,0,DgJlPOry,ZpXtMmnA,1357.0
796,0,inAMLXyk,DgJlPOry,1357.0
796,0,nTEapSQO,inAMLXyk,1357.0
796,0,AKaXSKPc,nTEapSQO,1357.0
761,0,DgJlPOry,ZpXtMmnA,4791.0
761,0,inAMLXyk,DgJlPOry,4791.0
761,0,nTEapSQO,inAMLXyk,4791.0
761,0,AKaXSKPc,nTEapSQO,4791.0
1300,0,OyAyNkqZ,EKYbCcms,17518.0
401,0,zjOknQHK,CRVKBFrv,1238.0
401,0,FrKNovDQ,zjOknQHK,1238.0
401,0,kgNzHUbI,FrKNovDQ,1238.0
401,0,cXqKNsgk,eJfPkird,2125.0
401,0,adPAcDLJ,cXqKNsgk,2125.0
401,0,RTRcFCMg,adPAcDLJ,2111.0
401,0,yYShGLTs,RTRcFCMg,2111.0
401,0,VkUBejwv,yYShGLTs,2280.0
401,0,QuhVipGo,VkUBejwv,1849.0
401,0,IUBOlCKA,QuhVipGo,1718.0
401,0,knSDhEIY,IUBOlCKA,1808.0
401,0,bYtHLndm,knSDhEIY,1903.0
401,0,KbKyxild,bYtHLndm,1903.0
401,0,WzJZybAt,KbKyxild,861.0
401,0,wBZvskGC,WzJZybAt,814.0
401,0,hlYcHDiv,wBZvskGC,753.0
401,0,ZUUFaTkv,hlYcHDiv,753.0
401,0,TikfrWrm,ZUUFaTkv,753.0
401,0,ojqTFFWy,TikfrWrm,301.0
1349,0,cSSpAgNQ,WUuNWUBH,269.0
1349,0,ChOayZDF,cSSpAgNQ,269.0
1349,0,MCXOFAcE,ChOayZDF,269.0
1349,0,CrEPfbyi,MCXOFAcE,269.0
1349,0,GrmAtQAi,CrEPfbyi,269.0
1349,0,iLbIERty,GrmAtQAi,269.0
1349,0,TPvicaCo,iLbIERty,269.0
1349,0,kzVeZOug,TPvicaCo,269.0
1349,0,mxGSpCzE,kzVeZOug,269.0
1349,0,WlZgmutc,mxGSpCzE,269.0
1349,0,acVCzwtl,WlZgmutc,269.0
1349,0,TIlepZYr,acVCzwtl,179.0
1349,0,BmQLYaPd,TIlepZYr,35.0
1349,0,UvdLYolu,BmQLYaPd,35.0
1349,0,ZFKsyBay,UvdLYolu,35.0
1349,0,suvDbtPR,ZFKsyBay,35.0
1093,0,JOgPNDzu,VYHZxBYO,1632.0
1093,0,KCAssTym,JOgPNDzu,1649.0
1093,0,WhdKokFf,KCAssTym,1805.0
1093,0,QhscbmPA,WhdKokFf,1805.0
1093,0,YVvBKwgW,QhscbmPA,1719.0
1093,0,CcDOWlNm,YVvBKwgW,1763.0
1093,0,yfjUYWEe,CcDOWlNm,1763.0
1019,0,kYVfgfZp,bLNlBUaT,148.0
1019,0,eZiXxBSP,kYVfgfZp,148.0
1019,0,SaZyOqOi,eZiXxBSP,148.0
1019,0,oRpydnwU,SaZyOqOi,212.0
1019,0,yyEOaSxi,oRpydnwU,212.0
1019,0,obftSQtS,yyEOaSxi,189.0
1029,0,rNCpaLXo,dNagXJoD,1475.0
232,0,qXMrbZDt,rxopZurY,3240.0
232,0,qOusBBOu,qXMrbZDt,3240.0
147,0,exgtgIgV,zJsEFgSs,823.0
147,0,CvtLjMFW,exgtgIgV,823.0
147,0,vSdfqYeK,CvtLjMFW,823.0
147,0,AmahvgQB,vSdfqYeK,823.0
1330,0,qXMrbZDt,rxopZurY,1076.0
1330,0,qOusBBOu,qXMrbZDt,1076.0
761,0,ECXJHxuC,AKaXSKPc,5045.0
761,0,mhTYFecR,ECXJHxuC,5045.0
1107,0,yhxUltpl,JRMVrfdD,43.0
1107,0,bEntPTsf,yhxUltpl,43.0
1107,0,qIHRQZMb,bEntPTsf,43.0
1107,0,GSOqnCzV,qIHRQZMb,43.0
1107,0,bghpxDOJ,XaVBQtHA,22.0
1107,0,JRMVrfdD,bghpxDOJ,22.0
1434,0,NNeqXfIi,FoqpqGcp,5510.0
1434,0,wbJSAzcX,NNeqXfIi,5510.0
1434,0,wHHoYczm,wbJSAzcX,5687.0
1418,0,wHHoYczm,wbJSAzcX,2522.0
549,0,oUbtCHRB,jwtMzuEb,2.0
549,0,kSklWvZO,oUbtCHRB,2.0
549,0,wVKhsyCZ,kSklWvZO,2.0
549,0,oZJRchiN,wVKhsyCZ,2.0
549,0,xmGwLlME,oZJRchiN,2.0
549,0,KcBICYpI,xmGwLlME,2.0
549,0,XQiQvefE,KcBICYpI,2.0
549,0,eyUKPfnA,XQiQvefE,2.0
549,0,ZgqhsueA,eyUKPfnA,2.0
549,0,YvwuVYMF,ZgqhsueA,2.0
549,0,FZsFzszJ,YvwuVYMF,2.0
549,0,ALhaazBT,FZsFzszJ,2.0
549,0,ejMjPdTH,ALhaazBT,2.0
835,0,FGqBFXAc,tNjBpHdR,121.0
835,0,GgMfrgKO,XiXLaJEL,1913.0
835,0,tNjBpHdR,GgMfrgKO,1493.0
232,0,ysAqwwWP,qOusBBOu,3228.0
232,0,vCxCuCVD,ysAqwwWP,3228.0
1330,0,vCxCuCVD,qOusBBOu,1070.0
1748,0,qXMrbZDt,aQxdJxqw,426.0
1748,0,qOusBBOu,qXMrbZDt,426.0
1748,0,vCxCuCVD,qOusBBOu,434.0
761,0,NnzcSqlk,mhTYFecR,4828.0
142,0,vnfcOAch,pjRBTtLk,4065.0
142,0,ryJVAbFB,vnfcOAch,4065.0
142,0,ttVqQknl,ryJVAbFB,4071.0
1681,0,vFcwPIzF,qrkdOgPU,101.0
1681,0,fdwfslrS,vFcwPIzF,65.0
1512,0,MlqbsUKu,AXkvSZpr,14298.0
1512,0,jaCrAUFK,MlqbsUKu,14284.0
1512,0,EKYbCcms,jaCrAUFK,14011.0
1512,0,OyAyNkqZ,EKYbCcms,8627.0
1638,0,JafVjQhg,RZCadHVt,31.0
1638,0,zQfdkFQV,JafVjQhg,31.0
1638,0,GTWLqqnN,zQfdkFQV,31.0
1638,0,eZeSgSXQ,GTWLqqnN,34.0
1638,0,vBTWrpdh,eZeSgSXQ,34.0
1638,0,xLimUqeT,vBTWrpdh,66.0
1638,0,YcNsXGIy,xLimUqeT,66.0
1638,0,nhwTsEoX,YcNsXGIy,66.0
1300,0,MlqbsUKu,ntDOQspU,21698.0
147,0,yfzTmEfw,QgwCgjAi,990.0
147,0,mBSaKJib,yfzTmEfw,990.0
147,0,ggaXnTUz,mBSaKJib,797.0
147,0,zJsEFgSs,ggaXnTUz,797.0
1226,0,cIQOVqQI,njiqgOWt,9226.0
1226,0,OyAyNkqZ,cIQOVqQI,9200.0
1263,0,cIQOVqQI,EKYbCcms,4085.0
1263,0,OyAyNkqZ,cIQOVqQI,4085.0
47,0,ojqTFFWy,bmUdUOzs,8029.0
142,0,aZtqChJJ,ttVqQknl,4060.0
170,0,oUmVLfUX,FCeDiZsN,596.0
170,0,fJdABIlw,oUmVLfUX,596.0
170,0,mXwfazRz,fJdABIlw,506.0
170,0,NGAodVTg,mXwfazRz,309.0
170,0,TvGyfQSI,NGAodVTg,309.0
170,0,HFYkXdPG,TvGyfQSI,309.0
170,0,KjgVoxgR,HFYkXdPG,291.0
170,0,xTOrUJFO,KjgVoxgR,247.0
170,0,EmkugZPX,xTOrUJFO,245.0
170,0,lmZJehpq,EmkugZPX,245.0
170,0,tDDddUJb,lmZJehpq,245.0
170,0,RVGhYAxc,tDDddUJb,245.0
170,0,BpAiVnps,RVGhYAxc,186.0
992,0,vnfcOAch,pjRBTtLk,7363.0
992,0,ryJVAbFB,vnfcOAch,7363.0
992,0,ttVqQknl,ryJVAbFB,7363.0
992,0,aZtqChJJ,ttVqQknl,7369.0
80,0,yGnjFAhM,iWUiEObr,2995.0
232,0,LDSuadxM,vCxCuCVD,2185.0
1330,0,lUWTaWkd,vCxCuCVD,720.0
796,0,ECXJHxuC,AKaXSKPc,1146.0
796,0,mhTYFecR,ECXJHxuC,1146.0
796,0,RZCadHVt,mhTYFecR,894.0
1440,0,vnfcOAch,pjRBTtLk,939.0
1440,0,ryJVAbFB,vnfcOAch,939.0
1440,0,ttVqQknl,ryJVAbFB,939.0
1440,0,aZtqChJJ,ttVqQknl,979.0
72,0,kTKiYpVR,rilZLDfI,33.0
72,0,bjpXdchK,kTKiYpVR,43.0
72,0,dEgXqWEW,bjpXdchK,43.0
72,0,ZWGREbnj,dEgXqWEW,43.0
72,0,cgIzawVB,ZWGREbnj,43.0
72,0,CbYTLXWK,cgIzawVB,43.0
72,0,kWrGTFqC,CbYTLXWK,43.0
72,0,ubEwIGdf,kWrGTFqC,43.0
72,0,aBKtLgYB,ubEwIGdf,43.0
72,0,qduHdsCL,aBKtLgYB,43.0
72,0,GYMzAvFw,qduHdsCL,43.0
72,0,VXAxIwYs,GYMzAvFw,43.0
72,0,ZHWKFCEn,VXAxIwYs,43.0
72,0,KbemmdTp,ZHWKFCEn,43.0
72,0,wTVyxBBy,KbemmdTp,43.0
72,0,LNRgsQQF,wTVyxBBy,43.0
72,0,lhYDMMsV,LNRgsQQF,36.0
72,0,OhgtKZPi,lhYDMMsV,36.0
72,0,MULNmVBJ,OhgtKZPi,36.0
72,0,NnzcSqlk,MULNmVBJ,11.0
142,0,wrFiwNtD,aZtqChJJ,3669.0
142,0,deapEAbC,wrFiwNtD,3715.0
992,0,deapEAbC,aZtqChJJ,6587.0
369,0,vnfcOAch,pjRBTtLk,3248.0
369,0,ryJVAbFB,vnfcOAch,3248.0
369,0,ttVqQknl,ryJVAbFB,3242.0
369,0,aZtqChJJ,ttVqQknl,3242.0
369,0,deapEAbC,aZtqChJJ,3242.0
900,0,ZLWEzNmI,fTbQcCcQ,68.0
900,0,QeXyWyya,ZLWEzNmI,68.0
900,0,PifXIFet,QeXyWyya,71.0
900,0,tNmxviwt,PifXIFet,72.0
900,0,yHaTCNJc,tNmxviwt,72.0
853,0,QHFmFyLR,EkWBPXmr,157.0
853,0,neNWquOh,QHFmFyLR,157.0
853,0,KwaxxmSs,neNWquOh,157.0
853,0,gzZgDndk,KwaxxmSs,157.0
853,0,NQaaFyOm,gzZgDndk,259.0
853,0,iPNesxKP,NQaaFyOm,268.0
853,0,lctVuVOk,iPNesxKP,304.0
853,0,EocVuyzS,lctVuVOk,304.0
853,0,lwcIkPvE,EocVuyzS,304.0
853,0,suszCmcx,lwcIkPvE,304.0
853,0,UTBcifAN,suszCmcx,304.0
853,0,HQVZivsH,UTBcifAN,386.0
853,0,DeiIsjyA,HQVZivsH,386.0
853,0,anWZyaGW,DeiIsjyA,428.0
719,0,RfEbENxd,jQaLNViL,311.0
719,0,HezLsNFQ,tyeyrnYi,629.0
1512,0,XiXLaJEL,OyAyNkqZ,8104.0
1512,0,vyojaKRU,XiXLaJEL,4519.0
1512,0,puwcRgFs,vyojaKRU,4312.0
1512,0,ojqTFFWy,puwcRgFs,2036.0
1512,0,SEVBrkvc,ojqTFFWy,1205.0
1512,0,qPtpgxic,SEVBrkvc,1160.0
1512,0,gGkadTNm,qPtpgxic,794.0
1512,0,CbcrfuAf,gGkadTNm,771.0
779,0,lOyAoICg,CbcrfuAf,10428.0
779,0,GpOUDfXM,lOyAoICg,10428.0
779,0,UTnQirag,GpOUDfXM,9555.0
779,0,tkWZZFES,UTnQirag,9555.0
779,0,JKUqFAhf,tkWZZFES,9234.0
779,0,SEVBrkvc,ojqTFFWy,469.0
779,0,KzCxlBoL,SEVBrkvc,501.0
779,0,qPtpgxic,KzCxlBoL,501.0
779,0,RyPegcUV,qPtpgxic,790.0
779,0,gGkadTNm,RyPegcUV,790.0
779,0,CbcrfuAf,gGkadTNm,994.0
1434,0,JPWycazw,wHHoYczm,6013.0
1434,0,SapgsLPr,JPWycazw,6017.0
1434,0,OyAyNkqZ,SapgsLPr,6171.0
1434,0,XiXLaJEL,OyAyNkqZ,7707.0
1434,0,fzSWURzx,XiXLaJEL,8020.0
1434,0,vyojaKRU,fzSWURzx,7961.0
1434,0,puwcRgFs,vyojaKRU,8343.0
1434,0,zjKsBdNQ,puwcRgFs,8362.0
1434,0,ojqTFFWy,zjKsBdNQ,8362.0
1434,0,RTafItqF,ojqTFFWy,8310.0
1434,0,SEVBrkvc,RTafItqF,10807.0
1434,0,KzCxlBoL,SEVBrkvc,9943.0
1434,0,qPtpgxic,KzCxlBoL,9829.0
1434,0,RyPegcUV,qPtpgxic,6767.0
1434,0,gGkadTNm,RyPegcUV,5839.0
1434,0,CbcrfuAf,gGkadTNm,5615.0
1300,0,XiXLaJEL,OyAyNkqZ,17011.0
1300,0,puwcRgFs,XiXLaJEL,17663.0
1300,0,ojqTFFWy,puwcRgFs,11654.0
1300,0,SEVBrkvc,ojqTFFWy,11450.0
1300,0,KzCxlBoL,SEVBrkvc,11292.0
1300,0,qPtpgxic,KzCxlBoL,11292.0
1300,0,gGkadTNm,qPtpgxic,10853.0
1300,0,CbcrfuAf,gGkadTNm,10528.0
1418,0,JPWycazw,wHHoYczm,2440.0
1418,0,XiXLaJEL,OyAyNkqZ,2423.0
1418,0,fzSWURzx,XiXLaJEL,494.0
1418,0,vyojaKRU,fzSWURzx,494.0
1418,0,puwcRgFs,vyojaKRU,203.0
1418,0,zjKsBdNQ,puwcRgFs,203.0
1418,0,ojqTFFWy,zjKsBdNQ,203.0
1085,0,zjKsBdNQ,puwcRgFs,13503.0
1085,0,ojqTFFWy,zjKsBdNQ,13503.0
778,0,zEOiVqLB,MpBHVRZl,2382.0
778,0,JvovwZNp,zEOiVqLB,2196.0
778,0,XUTqNKWc,JvovwZNp,2058.0
778,0,sPGYwoyj,XUTqNKWc,2058.0
778,0,OeZVKJdr,sPGYwoyj,2058.0
778,0,lhSIyIfw,OeZVKJdr,2041.0
778,0,cgSMZptb,lhSIyIfw,2041.0
778,0,fdwLSfsa,cgSMZptb,2041.0
778,0,wuAzVrCW,fdwLSfsa,1409.0
778,0,mRKfPREJ,wuAzVrCW,1409.0
778,0,HeRuYpNs,mRKfPREJ,1409.0
778,0,qRJySzaf,HeRuYpNs,1286.0
778,0,LTfflVxG,qRJySzaf,1286.0
835,0,XiXLaJEL,OyAyNkqZ,4209.0
1226,0,XiXLaJEL,OyAyNkqZ,9201.0
1226,0,fzSWURzx,XiXLaJEL,4317.0
1226,0,vyojaKRU,fzSWURzx,4242.0
780,0,lhSIyIfw,OeZVKJdr,3188.0
1263,0,XiXLaJEL,OyAyNkqZ,4045.0
1263,0,fzSWURzx,XiXLaJEL,1916.0
429,0,sUYaNmKG,mnkgCFDT,607.0
429,0,ntDOQspU,sUYaNmKG,607.0
429,0,MlqbsUKu,ntDOQspU,605.0
429,0,jaCrAUFK,MlqbsUKu,588.0
429,0,erTTuCGB,jaCrAUFK,588.0
429,0,OyAyNkqZ,erTTuCGB,506.0
429,0,XiXLaJEL,OyAyNkqZ,506.0
1275,0,qQrteapK,lqMPnIra,1240.0
1275,0,sZwmfbNt,qQrteapK,1240.0
1275,0,oBjbzljy,sZwmfbNt,1082.0
1275,0,aYSqaQmJ,oBjbzljy,1082.0
1275,0,zgCGmKZn,aYSqaQmJ,1082.0
1275,0,JKFFGKvY,zgCGmKZn,1082.0
1275,0,EVAUYvVR,JKFFGKvY,1082.0
1275,0,GYfZYaJh,EVAUYvVR,1082.0
1275,0,OpgRCgWV,GYfZYaJh,1082.0
1275,0,ntDOQspU,OpgRCgWV,1082.0
1275,0,MlqbsUKu,ntDOQspU,1082.0
1275,0,jaCrAUFK,MlqbsUKu,1082.0
1275,0,EKYbCcms,jaCrAUFK,1082.0
1275,0,OyAyNkqZ,EKYbCcms,1082.0
1275,0,XiXLaJEL,OyAyNkqZ,1082.0
72,0,rilZLDfI,TzZKgVDl,5.0
1638,0,GzRNfXCs,nhwTsEoX,65.0
1638,0,BFOlxony,GzRNfXCs,65.0
1638,0,aDIiTyCi,BFOlxony,65.0
1083,0,vyojaKRU,eaNsVWDR,1073.0
1638,0,RZCadHVt,ERlrnknW,19.0
75,0,rilZLDfI,TzZKgVDl,199.0
75,0,kTKiYpVR,rilZLDfI,182.0
75,0,bjpXdchK,kTKiYpVR,182.0
75,0,dEgXqWEW,bjpXdchK,182.0
75,0,ZWGREbnj,dEgXqWEW,182.0
75,0,cgIzawVB,ZWGREbnj,182.0
75,0,CbYTLXWK,cgIzawVB,182.0
75,0,kWrGTFqC,CbYTLXWK,182.0
75,0,ubEwIGdf,kWrGTFqC,158.0
75,0,aBKtLgYB,ubEwIGdf,158.0
75,0,qduHdsCL,aBKtLgYB,158.0
75,0,GYMzAvFw,qduHdsCL,158.0
75,0,VXAxIwYs,GYMzAvFw,158.0
75,0,ZHWKFCEn,VXAxIwYs,158.0
75,0,ljcnUKfU,ZHWKFCEn,155.0
75,0,ngHHCDQb,ljcnUKfU,155.0
75,0,gKNaWgzA,ngHHCDQb,148.0
75,0,mTKelVZs,gKNaWgzA,148.0
75,0,xjlhzjUh,mTKelVZs,148.0
75,0,fGCuvnjJ,xjlhzjUh,148.0
75,0,CsZszdUY,fGCuvnjJ,148.0
75,0,GFWgXvCF,CsZszdUY,148.0
75,0,TFRpjaAo,GFWgXvCF,148.0
75,0,JhdinCeD,TFRpjaAo,148.0
75,0,ZIieNEvD,JhdinCeD,148.0
75,0,jvLymITs,ZIieNEvD,148.0
75,0,jJVVpGMf,jvLymITs,148.0
75,0,tcYerYbk,jJVVpGMf,148.0
75,0,pPKqPUVW,tcYerYbk,148.0
75,0,iYTiOTOT,pPKqPUVW,148.0
75,0,dLtneiKf,iYTiOTOT,148.0
75,0,slfxTuih,dLtneiKf,148.0
75,0,XFPAZveS,slfxTuih,138.0
564,0,lUWTaWkd,RZCadHVt,225.0
564,0,hApOmpAO,lUWTaWkd,395.0
564,0,glrALKnP,hApOmpAO,395.0
564,0,FHApcaDQ,glrALKnP,905.0
796,0,lUWTaWkd,RZCadHVt,748.0
796,0,glrALKnP,lUWTaWkd,748.0
804,0,NXLrCKMp,xiTGCYEl,130.0
804,0,FyoAuDvn,NXLrCKMp,130.0
804,0,GpnhEWuy,FyoAuDvn,138.0
804,0,fNoKcjVu,GpnhEWuy,138.0
804,0,ZeFKXxfu,fNoKcjVu,145.0
804,0,wYWONrrr,ZeFKXxfu,227.0
804,0,jTofnsvB,wYWONrrr,227.0
804,0,elmHqfIN,jTofnsvB,253.0
804,0,YhQOzAWJ,elmHqfIN,253.0
804,0,zUgDRwiy,YhQOzAWJ,515.0
804,0,okaePkJr,zUgDRwiy,663.0
804,0,PgJqeYYy,okaePkJr,663.0
804,0,cQQRUhUD,PgJqeYYy,833.0
804,0,ZpXtMmnA,cQQRUhUD,833.0
804,0,DgJlPOry,ZpXtMmnA,833.0
804,0,inAMLXyk,DgJlPOry,833.0
804,0,AKaXSKPc,inAMLXyk,833.0
804,0,HdtICUKG,AKaXSKPc,859.0
804,0,mhTYFecR,HdtICUKG,859.0
804,0,jPdkntFF,mhTYFecR,1084.0
804,0,gQTRJpmv,jPdkntFF,1084.0
1748,0,NnzcSqlk,vCxCuCVD,350.0
1748,0,qehlKNkR,NnzcSqlk,350.0
1748,0,ZFFevgPB,qehlKNkR,350.0
1440,0,lUWTaWkd,RZCadHVt,775.0
1440,0,hApOmpAO,lUWTaWkd,823.0
1440,0,qehlKNkR,hApOmpAO,823.0
1440,0,ZFFevgPB,qehlKNkR,823.0
796,0,qehlKNkR,glrALKnP,708.0
796,0,sZNeRfOC,qehlKNkR,708.0
796,0,HajxumVd,sZNeRfOC,708.0
1440,0,sZNeRfOC,ZFFevgPB,755.0
1440,0,HajxumVd,sZNeRfOC,755.0
80,0,sAYtjSkX,yGnjFAhM,2918.0
54,0,bmUdUOzs,VTHwomVj,1773.0
235,0,MgruBUee,RVGhYAxc,4503.0
235,0,BpAiVnps,MgruBUee,3173.0
1702,0,ALndweLA,BYibysYA,807.0
1263,0,vyojaKRU,fzSWURzx,1530.0
1748,0,sZNeRfOC,ZFFevgPB,335.0
1748,0,HajxumVd,sZNeRfOC,335.0
804,0,BGrlRyyC,gQTRJpmv,686.0
564,0,rydzAjNc,FHApcaDQ,385.0
564,0,cekWZWmD,rydzAjNc,385.0
564,0,ngHHCDQb,cekWZWmD,385.0
142,0,nunLDRbE,deapEAbC,1673.0
142,0,oRUBDfuD,nunLDRbE,1673.0
142,0,qQJgvOFz,oRUBDfuD,1671.0
142,0,qVPPKIYf,qQJgvOFz,1477.0
142,0,zvByLoIK,qVPPKIYf,1419.0
804,0,WLRLSlmn,BGrlRyyC,642.0
565,0,vcCubJJz,ykEzhWPm,575.0
565,0,CJfGjHZT,vcCubJJz,575.0
565,0,oAltlCRB,CJfGjHZT,575.0
565,0,FfkqCuZM,oAltlCRB,575.0
1440,0,LhQSpAzy,HajxumVd,648.0
1440,0,pwpCkicC,LhQSpAzy,648.0
815,0,VEafRBFt,LjfvDYFE,13.0
815,0,EPhoDTHz,VEafRBFt,13.0
815,0,WGPbPoOh,EPhoDTHz,13.0
815,0,avbDVyxh,WGPbPoOh,6.0
815,0,gzkuviLm,avbDVyxh,6.0
815,0,CkzMckPC,gzkuviLm,6.0
815,0,WywmvGMH,CkzMckPC,6.0
815,0,AesbwnPs,WywmvGMH,6.0
815,0,hzAARBgX,AesbwnPs,6.0
815,0,IjDfGHsr,hzAARBgX,3.0
815,0,TFRpjaAo,IjDfGHsr,3.0
815,0,JhdinCeD,TFRpjaAo,3.0
815,0,ZIieNEvD,JhdinCeD,3.0
815,0,jvLymITs,ZIieNEvD,3.0
780,0,sPGYwoyj,XUTqNKWc,3142.0
780,0,OeZVKJdr,sPGYwoyj,3142.0
780,0,cgSMZptb,lhSIyIfw,4093.0
804,0,gDjMHgkU,WLRLSlmn,610.0
565,0,BxmxkKGC,ojqTFFWy,26.0
565,0,lfmzBYXb,BxmxkKGC,471.0
565,0,TQhrUKrf,lfmzBYXb,471.0
565,0,hFISFuCO,TQhrUKrf,471.0
565,0,IJrmTLNf,hFISFuCO,471.0
565,0,byRkdSCW,IJrmTLNf,471.0
565,0,fQRLOpha,byRkdSCW,471.0
565,0,PXPVuGmP,fQRLOpha,482.0
565,0,ykEzhWPm,PXPVuGmP,482.0
365,0,BgwdUHsv,ysSWNERo,3.0
365,0,lEwLedpG,BgwdUHsv,3.0
365,0,lQIpGOTn,lEwLedpG,3.0
365,0,uhUmvvRs,lQIpGOTn,3.0
365,0,GgLRqpEG,uhUmvvRs,3.0
365,0,WFZVQzrl,GgLRqpEG,3.0
365,0,tRncbstl,WFZVQzrl,3.0
365,0,QDIpIlEK,tRncbstl,3.0
365,0,GpnhEWuy,QDIpIlEK,3.0
365,0,rRGVruPM,GpnhEWuy,3.0
80,0,yhYCDbZJ,sAYtjSkX,2608.0
80,0,ebBIwNsf,yhYCDbZJ,2608.0
992,0,nunLDRbE,deapEAbC,8971.0
992,0,oRUBDfuD,nunLDRbE,8971.0
992,0,qQJgvOFz,oRUBDfuD,8971.0
992,0,kbNsckqG,qQJgvOFz,8988.0
561,0,BxmxkKGC,ojqTFFWy,1266.0
561,0,lfmzBYXb,BxmxkKGC,1719.0
561,0,TQhrUKrf,lfmzBYXb,1731.0
804,0,rpBBoUBR,gDjMHgkU,348.0
804,0,WwOeNuda,rpBBoUBR,348.0
804,0,KFegxKuC,WwOeNuda,348.0
804,0,aVjeFnZb,KFegxKuC,348.0
804,0,fvPlIFug,aVjeFnZb,348.0
75,0,EWgolfjF,HGpTnntY,386.0
75,0,TzZKgVDl,EWgolfjF,101.0
75,0,zzxlwhdI,wssOAckJ,14.0
75,0,HGpTnntY,zzxlwhdI,211.0
779,0,yHCBRtBd,xnXFAboh,6730.0
779,0,YYKDBDRS,yHCBRtBd,6730.0
779,0,CDXhVrrJ,YYKDBDRS,6730.0
561,0,rIWwRQFx,HkgLsGZV,1935.0
561,0,cfakSbWj,rIWwRQFx,1935.0
561,0,oAtDCozl,cfakSbWj,1935.0
561,0,hFISFuCO,TQhrUKrf,1729.0
561,0,IJrmTLNf,hFISFuCO,1729.0
561,0,byRkdSCW,IJrmTLNf,1729.0
561,0,HkgLsGZV,byRkdSCW,1729.0
561,0,cbQZDOwf,oAtDCozl,1861.0
796,0,LhQSpAzy,HajxumVd,361.0
796,0,pwpCkicC,LhQSpAzy,361.0
992,0,VHmQaoRO,kbNsckqG,8980.0
369,0,nunLDRbE,deapEAbC,2969.0
369,0,oRUBDfuD,nunLDRbE,2969.0
369,0,qQJgvOFz,oRUBDfuD,2969.0
369,0,kbNsckqG,qQJgvOFz,3077.0
369,0,VHmQaoRO,kbNsckqG,3077.0
33,0,aWeSqqrV,gyQqEnFq,172.0
33,0,WRVBvtIE,aWeSqqrV,172.0
33,0,RuAJZyMI,WRVBvtIE,172.0
33,0,MtINPaKl,RuAJZyMI,172.0
33,0,SGVPbDEb,MtINPaKl,172.0
33,0,DpeufCiu,SGVPbDEb,172.0
33,0,FaHpkwNs,DpeufCiu,172.0
33,0,kohCEyKT,FaHpkwNs,172.0
33,0,ZKEtlMvK,kohCEyKT,172.0
33,0,pjRBTtLk,ZKEtlMvK,172.0
33,0,vnfcOAch,pjRBTtLk,172.0
33,0,ryJVAbFB,vnfcOAch,172.0
33,0,ttVqQknl,ryJVAbFB,172.0
33,0,aZtqChJJ,ttVqQknl,172.0
33,0,deapEAbC,aZtqChJJ,172.0
33,0,nunLDRbE,deapEAbC,172.0
33,0,oRUBDfuD,nunLDRbE,172.0
33,0,qQJgvOFz,oRUBDfuD,172.0
33,0,kbNsckqG,qQJgvOFz,172.0
33,0,VHmQaoRO,kbNsckqG,172.0
382,0,YKGBeVKa,EPQxNUoM,754.0
382,0,ZYCVVmjG,YKGBeVKa,754.0
382,0,tNSMkSfB,ZYCVVmjG,752.0
382,0,vaPtcLuK,tNSMkSfB,741.0
382,0,dEwNKLNy,vaPtcLuK,741.0
382,0,fzmnvqlX,dEwNKLNy,35.0
382,0,RyhuDLev,fzmnvqlX,35.0
780,0,JMPYaKbU,IGRxApsM,1621.0
780,0,yGpawgaV,JMPYaKbU,1610.0
1557,0,ODVCvUnB,mhTYFecR,2029.0
1557,0,jPdkntFF,ODVCvUnB,2029.0
1557,0,gQTRJpmv,jPdkntFF,2029.0
1557,0,WLRLSlmn,gQTRJpmv,2036.0
1557,0,ArfZenbk,WLRLSlmn,2038.0
1557,0,ugwdZZUk,ArfZenbk,2066.0
816,0,aBkDdFJm,seSDLBYx,41.0
816,0,UKIbRYBp,aBkDdFJm,41.0
816,0,wdXbjior,UKIbRYBp,41.0
816,0,rkDXPoao,wdXbjior,41.0
816,0,VMeHkHot,rkDXPoao,41.0
816,0,hpqGMkEd,VMeHkHot,41.0
816,0,ugwdZZUk,hpqGMkEd,41.0
1557,0,GpnhEWuy,FyoAuDvn,381.0
1557,0,fNoKcjVu,GpnhEWuy,406.0
1557,0,ZeFKXxfu,fNoKcjVu,548.0
1557,0,wYWONrrr,ZeFKXxfu,560.0
1557,0,jTofnsvB,wYWONrrr,560.0
1557,0,YhQOzAWJ,jTofnsvB,1314.0
1557,0,mexFgKBp,YhQOzAWJ,1314.0
1557,0,okaePkJr,mexFgKBp,1592.0
1557,0,PgJqeYYy,okaePkJr,1618.0
1557,0,cQQRUhUD,PgJqeYYy,1638.0
1557,0,ZpXtMmnA,cQQRUhUD,1638.0
1557,0,inAMLXyk,ZpXtMmnA,1852.0
1557,0,nTEapSQO,inAMLXyk,1852.0
1557,0,AKaXSKPc,nTEapSQO,1852.0
1557,0,HdtICUKG,AKaXSKPc,1854.0
1557,0,qtbZyrFG,HdtICUKG,1854.0
1557,0,ECXJHxuC,qtbZyrFG,1854.0
1557,0,mhTYFecR,ECXJHxuC,1854.0
1557,0,cNuIRYrx,bZroqIhX,185.0
1557,0,yNIUaSyZ,cNuIRYrx,185.0
1557,0,xiTGCYEl,yNIUaSyZ,185.0
1557,0,NXLrCKMp,xiTGCYEl,278.0
1557,0,FyoAuDvn,NXLrCKMp,278.0
913,0,WdOwNGhj,xfbmoJHP,5.0
913,0,kKKRBhFF,WdOwNGhj,3.0
913,0,NFInfBeu,kKKRBhFF,3.0
913,0,VCQdmIoF,NFInfBeu,3.0
913,0,ePrpofUw,VCQdmIoF,3.0
913,0,KcvPUxQg,ePrpofUw,3.0
913,0,BlnSxBAr,KcvPUxQg,3.0
913,0,TCBUGaZf,BlnSxBAr,3.0
816,0,KoIahnfw,lrlWhBjT,40.0
816,0,seSDLBYx,KoIahnfw,40.0
816,0,oTJYLjwC,ugwdZZUk,40.0
816,0,rIWwRQFx,HkgLsGZV,39.0
816,0,cfakSbWj,rIWwRQFx,39.0
816,0,oAtDCozl,cfakSbWj,39.0
816,0,cbQZDOwf,oAtDCozl,39.0
816,0,lrlWhBjT,cbQZDOwf,39.0
1326,0,XyHfgUxW,fGmFhgnx,614.0
1326,0,zjjLSYAp,XyHfgUxW,579.0
1326,0,nIakFMcq,zjjLSYAp,579.0
1175,0,QEnOoljA,pYAYKpHc,416.0
1175,0,aLyOqIFS,QEnOoljA,244.0
1175,0,UmISPPJO,aLyOqIFS,228.0
1175,0,VPUbGzfh,UmISPPJO,228.0
1175,0,MVExtcyL,VPUbGzfh,228.0
1175,0,bciZjPUu,MVExtcyL,228.0
1175,0,ogOCBKAf,bciZjPUu,228.0
1205,0,bHagonKv,uGkwFELU,2.0
1205,0,Vlipnutt,bHagonKv,2.0
1205,0,XiLvnZTk,Vlipnutt,2.0
1205,0,FStgRiBS,XiLvnZTk,2.0
1205,0,GkYZbgqg,FStgRiBS,2.0
1205,0,FlYjxOxQ,GkYZbgqg,2.0
1205,0,wFSILCzc,FlYjxOxQ,2.0
1205,0,yQQuLFAg,wFSILCzc,2.0
1205,0,rUKSlFeh,yQQuLFAg,2.0
1205,0,rckblBTM,rUKSlFeh,2.0
1205,0,gKoyUmab,rckblBTM,2.0
1205,0,fGmFhgnx,gKoyUmab,2.0
1205,0,XyHfgUxW,fGmFhgnx,2.0
1205,0,zjjLSYAp,XyHfgUxW,2.0
1205,0,nIakFMcq,zjjLSYAp,2.0
1174,0,aLyOqIFS,QEnOoljA,1189.0
1174,0,UmISPPJO,aLyOqIFS,1189.0
1174,0,VPUbGzfh,UmISPPJO,1188.0
1174,0,MVExtcyL,VPUbGzfh,1188.0
1174,0,bciZjPUu,MVExtcyL,1188.0
1174,0,ogOCBKAf,bciZjPUu,1105.0
401,0,bYNwHuWo,KjiBWoqR,749.0
401,0,MFfExqBx,bYNwHuWo,753.0
401,0,qWvzRbGV,MFfExqBx,688.0
401,0,PRzaSxQc,qWvzRbGV,688.0
401,0,bfKiOFsS,PRzaSxQc,688.0
401,0,eGbCulMV,bfKiOFsS,688.0
401,0,CRVKBFrv,eGbCulMV,688.0
157,0,aLyOqIFS,QEnOoljA,57.0
157,0,UmISPPJO,aLyOqIFS,57.0
157,0,VPUbGzfh,UmISPPJO,57.0
157,0,MVExtcyL,VPUbGzfh,57.0
157,0,bciZjPUu,MVExtcyL,57.0
157,0,ogOCBKAf,bciZjPUu,32.0
157,0,PhjcDdmq,ogOCBKAf,9.0
157,0,bHagonKv,PhjcDdmq,9.0
157,0,Vlipnutt,bHagonKv,9.0
157,0,CcjcuryA,Vlipnutt,9.0
157,0,FStgRiBS,CcjcuryA,9.0
157,0,GkYZbgqg,FStgRiBS,9.0
157,0,FlYjxOxQ,GkYZbgqg,9.0
157,0,wFSILCzc,FlYjxOxQ,9.0
157,0,yQQuLFAg,wFSILCzc,9.0
157,0,rUKSlFeh,yQQuLFAg,9.0
157,0,rckblBTM,rUKSlFeh,9.0
157,0,gKoyUmab,rckblBTM,9.0
157,0,fGmFhgnx,gKoyUmab,9.0
157,0,XyHfgUxW,fGmFhgnx,9.0
157,0,zjjLSYAp,XyHfgUxW,9.0
157,0,wrsPDGBQ,zjjLSYAp,9.0
1168,0,XBBRJpEo,iqwUvhKg,37.0
1168,0,yfDSCLNC,XBBRJpEo,33.0
1168,0,eUWmFhmU,yfDSCLNC,33.0
1168,0,PaIXMFSn,eUWmFhmU,33.0
1168,0,xWjNpCho,PaIXMFSn,33.0
1168,0,drCNaUUd,xWjNpCho,32.0
1168,0,GiLGTLpB,drCNaUUd,32.0
1168,0,uCrZVfKw,GiLGTLpB,32.0
1168,0,ibPVFfKv,uCrZVfKw,32.0
1168,0,MokitPrF,ibPVFfKv,32.0
1168,0,WWVpYMJI,MokitPrF,32.0
1168,0,UmISPPJO,WWVpYMJI,32.0
1168,0,VPUbGzfh,UmISPPJO,32.0
1168,0,MVExtcyL,VPUbGzfh,32.0
1168,0,bciZjPUu,MVExtcyL,32.0
1168,0,ogOCBKAf,bciZjPUu,32.0
1171,0,aLyOqIFS,QEnOoljA,110.0
1171,0,UmISPPJO,aLyOqIFS,110.0
1171,0,VPUbGzfh,UmISPPJO,110.0
1171,0,MVExtcyL,VPUbGzfh,110.0
1171,0,bciZjPUu,MVExtcyL,110.0
1171,0,ogOCBKAf,bciZjPUu,105.0
561,0,lrlWhBjT,cbQZDOwf,1855.0
429,0,vyojaKRU,XiXLaJEL,442.0
429,0,puwcRgFs,vyojaKRU,428.0
429,0,ojqTFFWy,puwcRgFs,259.0
815,0,LjfvDYFE,IANlmbvg,4.0
1263,0,puwcRgFs,vyojaKRU,946.0
1263,0,zjKsBdNQ,puwcRgFs,166.0
1263,0,ojqTFFWy,zjKsBdNQ,166.0
1748,0,LhQSpAzy,HajxumVd,255.0
1748,0,pwpCkicC,LhQSpAzy,255.0
1568,0,qOuhMtTj,xOhGqygU,2608.0
1568,0,KCvWJpxq,qOuhMtTj,2608.0
1557,0,zjSZrmjo,ugwdZZUk,1529.0
816,0,zjSZrmjo,oTJYLjwC,3.0
80,0,BzJNmTUM,ebBIwNsf,2448.0
80,0,qLEwgwyN,BzJNmTUM,2448.0
80,0,WDOOnJlC,qLEwgwyN,2448.0
561,0,KoIahnfw,lrlWhBjT,656.0
561,0,seSDLBYx,KoIahnfw,607.0
561,0,aBkDdFJm,seSDLBYx,582.0
561,0,UKIbRYBp,aBkDdFJm,582.0
561,0,wdXbjior,UKIbRYBp,582.0
561,0,rkDXPoao,wdXbjior,582.0
815,0,pnYEWPBG,VUmYNFZt,1.0
815,0,IANlmbvg,pnYEWPBG,1.0
992,0,MlXQVZuf,VHmQaoRO,6986.0
992,0,QxkHLGuk,MlXQVZuf,6986.0
992,0,oLzlCKof,QxkHLGuk,4321.0
992,0,AQHsowCO,oLzlCKof,2630.0
992,0,eHBdrFbQ,AQHsowCO,2392.0
992,0,nermFKBU,eHBdrFbQ,2377.0
992,0,syNMMSsu,nermFKBU,2377.0
992,0,aEhaaulL,syNMMSsu,2377.0
992,0,bzkCWXwV,aEhaaulL,1992.0
992,0,rPcYYZtd,bzkCWXwV,1992.0
780,0,JvovwZNp,zEOiVqLB,2971.0
780,0,XUTqNKWc,JvovwZNp,2971.0
779,0,NTCwKKsF,JKUqFAhf,7515.0
779,0,xnXFAboh,NTCwKKsF,7515.0
1557,0,sUKTegUv,zjSZrmjo,1410.0
1557,0,ITgXIjdb,sUKTegUv,1410.0
1557,0,HnrldKFZ,ITgXIjdb,1410.0
1557,0,WkuKuFdE,HnrldKFZ,1284.0
1557,0,NsNpZaFg,WkuKuFdE,1284.0
1557,0,oyvIGXLL,NsNpZaFg,1205.0
1557,0,aDfjbwoX,oyvIGXLL,1183.0
1682,0,HDoiyQXO,TVdcjRlg,52.0
1682,0,brwCoXzb,HDoiyQXO,57.0
1682,0,LZThInHz,brwCoXzb,57.0
1682,0,whTcIvgZ,LZThInHz,57.0
1682,0,NKGBUaFm,whTcIvgZ,52.0
1682,0,qrkdOgPU,NKGBUaFm,97.0
985,0,vspNPtqb,jeadfqyj,72.0
985,0,jiaBsTdI,vspNPtqb,72.0
985,0,iVtHnErr,jiaBsTdI,72.0
985,0,nsjiKPCz,iVtHnErr,72.0
985,0,vfdAIPGv,nsjiKPCz,72.0
985,0,inJVXMtB,vfdAIPGv,72.0
985,0,ubZrQMid,inJVXMtB,72.0
985,0,gBkmsEyR,ubZrQMid,72.0
985,0,cGoHBmgo,gBkmsEyR,72.0
369,0,MlXQVZuf,VHmQaoRO,2622.0
369,0,QxkHLGuk,MlXQVZuf,2622.0
33,0,MlXQVZuf,VHmQaoRO,129.0
33,0,QxkHLGuk,MlXQVZuf,129.0
71,0,tNQgpOjd,fvPlIFug,359.0
71,0,jbVnaCku,tNQgpOjd,359.0
71,0,RmfxCtxh,jbVnaCku,359.0
71,0,bJQxNaqG,RmfxCtxh,359.0
71,0,JZfQfeRA,bJQxNaqG,359.0
71,0,YKGBeVKa,JZfQfeRA,359.0
71,0,ZYCVVmjG,YKGBeVKa,372.0
900,0,lhSIyIfw,yHaTCNJc,71.0
71,0,ODVCvUnB,qcBmUtcB,338.0
71,0,jPdkntFF,ODVCvUnB,338.0
71,0,gQTRJpmv,jPdkntFF,339.0
71,0,gRoGYEAJ,gQTRJpmv,344.0
71,0,BGrlRyyC,gRoGYEAJ,344.0
71,0,SXdGhQsI,BGrlRyyC,351.0
71,0,gDjMHgkU,SXdGhQsI,351.0
71,0,rpBBoUBR,gDjMHgkU,351.0
71,0,WwOeNuda,rpBBoUBR,351.0
71,0,KFegxKuC,WwOeNuda,351.0
71,0,aVjeFnZb,KFegxKuC,351.0
71,0,fvPlIFug,aVjeFnZb,351.0
71,0,qcBmUtcB,HqehCtdr,248.0
74,0,TbPzKyew,adAJVrkD,6.0
74,0,SXdGhQsI,TbPzKyew,6.0
74,0,gDjMHgkU,SXdGhQsI,6.0
74,0,rpBBoUBR,gDjMHgkU,6.0
74,0,WwOeNuda,rpBBoUBR,6.0
74,0,KFegxKuC,WwOeNuda,6.0
74,0,aVjeFnZb,KFegxKuC,6.0
74,0,fvPlIFug,aVjeFnZb,6.0
74,0,tNQgpOjd,fvPlIFug,6.0
74,0,jbVnaCku,tNQgpOjd,6.0
74,0,RmfxCtxh,jbVnaCku,6.0
74,0,bJQxNaqG,RmfxCtxh,6.0
74,0,JZfQfeRA,bJQxNaqG,6.0
74,0,YKGBeVKa,JZfQfeRA,6.0
74,0,ZYCVVmjG,YKGBeVKa,4.0
71,0,llFTEWtD,IulxyPoH,195.0
71,0,TvvslWVF,llFTEWtD,195.0
71,0,SgXyhVwd,TvvslWVF,195.0
71,0,fPhIOSOj,SgXyhVwd,195.0
71,0,PQDqFTyk,fPhIOSOj,195.0
71,0,SOzmnmNW,PQDqFTyk,195.0
71,0,OhBAPvsb,SOzmnmNW,195.0
71,0,HqehCtdr,OhBAPvsb,240.0
71,0,lfmzBYXb,BxmxkKGC,190.0
71,0,TQhrUKrf,lfmzBYXb,190.0
71,0,hFISFuCO,TQhrUKrf,190.0
71,0,IJrmTLNf,hFISFuCO,190.0
71,0,byRkdSCW,IJrmTLNf,190.0
71,0,fQRLOpha,byRkdSCW,190.0
71,0,PXPVuGmP,fQRLOpha,190.0
71,0,JpcivbxC,PXPVuGmP,190.0
71,0,IulxyPoH,JpcivbxC,190.0
1557,0,bZroqIhX,eTJQHplR,85.0
1695,0,BGChynOq,JLvNOQnl,230.0
1695,0,ffHVhHJj,BGChynOq,381.0
1695,0,itmFNPnQ,ffHVhHJj,381.0
1695,0,mEEGNlDG,itmFNPnQ,381.0
1695,0,jVOVHrFU,mEEGNlDG,381.0
1695,0,qeXIqBgp,jVOVHrFU,381.0
1695,0,gmsNDepi,qeXIqBgp,381.0
1695,0,jFRqfnFl,gmsNDepi,348.0
563,0,BxmxkKGC,ojqTFFWy,150.0
563,0,lfmzBYXb,BxmxkKGC,156.0
563,0,TQhrUKrf,lfmzBYXb,156.0
563,0,hFISFuCO,TQhrUKrf,156.0
563,0,IJrmTLNf,hFISFuCO,156.0
563,0,byRkdSCW,IJrmTLNf,156.0
563,0,HkgLsGZV,byRkdSCW,156.0
563,0,rIWwRQFx,HkgLsGZV,156.0
563,0,cfakSbWj,rIWwRQFx,156.0
563,0,oAtDCozl,cfakSbWj,156.0
563,0,cbQZDOwf,oAtDCozl,156.0
563,0,lrlWhBjT,cbQZDOwf,156.0
563,0,KoIahnfw,lrlWhBjT,156.0
563,0,seSDLBYx,KoIahnfw,156.0
563,0,aBkDdFJm,seSDLBYx,156.0
563,0,UKIbRYBp,aBkDdFJm,156.0
563,0,IgyjIxcD,UKIbRYBp,156.0
563,0,fdjgUDEy,IgyjIxcD,156.0
562,0,dqlcNUVh,HeRuYpNs,13.0
562,0,TEuwlied,dqlcNUVh,13.0
943,0,jEVQeNyS,OZSLHXCc,36.0
943,0,HeRuYpNs,jEVQeNyS,36.0
80,0,EjMZgDJt,WDOOnJlC,2145.0
80,0,BDSRgQTg,EjMZgDJt,2145.0
369,0,oLzlCKof,QxkHLGuk,2543.0
33,0,sxnLITXs,QxkHLGuk,40.0
33,0,oLzlCKof,sxnLITXs,40.0
71,0,sxnLITXs,dEwNKLNy,185.0
71,0,oLzlCKof,sxnLITXs,171.0
563,0,EZxvwLQu,nuxwLmjk,21.0
563,0,xnXFAboh,EZxvwLQu,21.0
1553,0,GpnhEWuy,FyoAuDvn,226.0
1553,0,fNoKcjVu,GpnhEWuy,226.0
1553,0,ZeFKXxfu,fNoKcjVu,313.0
1553,0,wYWONrrr,ZeFKXxfu,313.0
1553,0,jTofnsvB,wYWONrrr,313.0
1553,0,elmHqfIN,jTofnsvB,318.0
1553,0,YhQOzAWJ,elmHqfIN,318.0
1553,0,zUgDRwiy,YhQOzAWJ,612.0
1553,0,okaePkJr,zUgDRwiy,704.0
1553,0,PgJqeYYy,okaePkJr,704.0
1553,0,cQQRUhUD,PgJqeYYy,750.0
1553,0,ZpXtMmnA,cQQRUhUD,750.0
1553,0,DgJlPOry,ZpXtMmnA,856.0
1553,0,inAMLXyk,DgJlPOry,856.0
1553,0,nTEapSQO,inAMLXyk,856.0
1553,0,AKaXSKPc,nTEapSQO,856.0
1553,0,HdtICUKG,AKaXSKPc,863.0
1553,0,qtbZyrFG,HdtICUKG,863.0
1553,0,ECXJHxuC,qtbZyrFG,863.0
1553,0,mhTYFecR,ECXJHxuC,863.0
1553,0,ODVCvUnB,mhTYFecR,977.0
1553,0,jPdkntFF,ODVCvUnB,977.0
1553,0,gQTRJpmv,jPdkntFF,977.0
1553,0,gRoGYEAJ,gQTRJpmv,977.0
1553,0,BGrlRyyC,gRoGYEAJ,977.0
1553,0,SXdGhQsI,BGrlRyyC,977.0
1553,0,gDjMHgkU,SXdGhQsI,977.0
1553,0,rpBBoUBR,gDjMHgkU,978.0
1553,0,WwOeNuda,rpBBoUBR,978.0
1553,0,KFegxKuC,WwOeNuda,978.0
1553,0,aVjeFnZb,KFegxKuC,978.0
1553,0,fvPlIFug,aVjeFnZb,978.0
1553,0,tNQgpOjd,fvPlIFug,979.0
1553,0,jbVnaCku,tNQgpOjd,979.0
1553,0,RmfxCtxh,jbVnaCku,979.0
1553,0,bJQxNaqG,RmfxCtxh,979.0
1553,0,JZfQfeRA,bJQxNaqG,979.0
1553,0,kZvDkitV,JZfQfeRA,979.0
1553,0,yQpnsdnm,kZvDkitV,983.0
383,0,cNypyxpr,cTQVugNT,23.0
383,0,WRVBvtIE,cNypyxpr,23.0
383,0,RuAJZyMI,WRVBvtIE,23.0
383,0,MtINPaKl,RuAJZyMI,68.0
383,0,SGVPbDEb,MtINPaKl,88.0
383,0,DpeufCiu,SGVPbDEb,145.0
383,0,FaHpkwNs,DpeufCiu,145.0
383,0,kohCEyKT,FaHpkwNs,145.0
383,0,ZKEtlMvK,kohCEyKT,145.0
383,0,pjRBTtLk,ZKEtlMvK,145.0
383,0,vnfcOAch,pjRBTtLk,155.0
383,0,ryJVAbFB,vnfcOAch,155.0
383,0,ttVqQknl,ryJVAbFB,155.0
383,0,aZtqChJJ,ttVqQknl,155.0
383,0,deapEAbC,aZtqChJJ,155.0
383,0,nunLDRbE,deapEAbC,399.0
383,0,oRUBDfuD,nunLDRbE,399.0
383,0,qQJgvOFz,oRUBDfuD,399.0
383,0,kbNsckqG,qQJgvOFz,399.0
383,0,VHmQaoRO,kbNsckqG,399.0
383,0,MlXQVZuf,VHmQaoRO,429.0
383,0,HGpTnntY,MlXQVZuf,429.0
383,0,EWgolfjF,HGpTnntY,844.0
383,0,TzZKgVDl,EWgolfjF,844.0
383,0,rilZLDfI,TzZKgVDl,856.0
383,0,kTKiYpVR,rilZLDfI,859.0
383,0,yQpnsdnm,kTKiYpVR,859.0
1553,0,QgKtWMoe,xiTGCYEl,32.0
1553,0,FyoAuDvn,QgKtWMoe,32.0
383,0,iOuVBZzk,EcsZBajf,1.0
383,0,MvaVVzVx,iOuVBZzk,1.0
383,0,cTQVugNT,MvaVVzVx,1.0
1554,0,JvovwZNp,zEOiVqLB,252.0
1554,0,XUTqNKWc,JvovwZNp,390.0
1554,0,LWArqXfR,XUTqNKWc,390.0
1554,0,zTCljsJK,LWArqXfR,511.0
1554,0,kezsyYDB,zTCljsJK,511.0
1554,0,fyzkVZoU,kezsyYDB,511.0
1554,0,ashRAirR,fyzkVZoU,511.0
1554,0,omUHRQFc,ashRAirR,511.0
1554,0,pHFwnWxB,omUHRQFc,511.0
1554,0,EPQxNUoM,pHFwnWxB,511.0
369,0,AQHsowCO,oLzlCKof,2535.0
1682,0,rIWwRQFx,HkgLsGZV,42.0
1682,0,cfakSbWj,rIWwRQFx,42.0
1682,0,oAtDCozl,cfakSbWj,42.0
1682,0,cbQZDOwf,oAtDCozl,51.0
1682,0,lrlWhBjT,cbQZDOwf,51.0
1682,0,KoIahnfw,lrlWhBjT,51.0
1682,0,TVdcjRlg,KoIahnfw,51.0
950,0,HeRuYpNs,UrTDCKsV,56.0
950,0,qRJySzaf,HeRuYpNs,51.0
950,0,LTfflVxG,qRJySzaf,51.0
950,0,AhWKwjTz,LTfflVxG,51.0
780,0,MpBHVRZl,yGpawgaV,1597.0
780,0,zEOiVqLB,MpBHVRZl,1470.0
778,0,AhWKwjTz,LTfflVxG,1284.0
951,0,YGbVmztp,OWTXMrGR,1325.0
951,0,oHyqEJfk,YGbVmztp,1325.0
951,0,bfpcjsiF,oHyqEJfk,1325.0
951,0,CbcrfuAf,bfpcjsiF,1180.0
1221,0,ffjXMuak,qeXIqBgp,10401.0
1221,0,EDdQplwd,ffjXMuak,10401.0
1221,0,XbgiSLmy,EDdQplwd,10401.0
1221,0,pXlenLUq,XbgiSLmy,10401.0
1221,0,DNyXiZzj,pXlenLUq,10401.0
1221,0,gxlaiARP,DNyXiZzj,11315.0
1221,0,CKorGRkE,ejMjPdTH,4106.0
1221,0,eaNsVWDR,CKorGRkE,4182.0
1221,0,hpACGGyB,eaNsVWDR,4184.0
1221,0,VgUdLlOW,hpACGGyB,4600.0
1221,0,ywuGpANM,VgUdLlOW,4600.0
1221,0,BZCtSmhk,ywuGpANM,8910.0
1221,0,aojHvPEg,BZCtSmhk,8915.0
1221,0,qeXIqBgp,aojHvPEg,8915.0
742,0,vjVhbIrq,ZEJEKYue,7.0
742,0,LeICPOtv,vjVhbIrq,6.0
742,0,WhCgdKgR,LeICPOtv,6.0
742,0,eyUKPfnA,WhCgdKgR,6.0
742,0,TabXWeiJ,eyUKPfnA,6.0
742,0,tDhKnafe,TabXWeiJ,6.0
742,0,iGMYbQYg,tDhKnafe,6.0
742,0,HeSMGtlu,iGMYbQYg,6.0
742,0,ZgqhsueA,HeSMGtlu,6.0
742,0,GYxWnXpv,ZgqhsueA,6.0
742,0,mkpQpPSv,GYxWnXpv,6.0
742,0,EIHKZlEa,mkpQpPSv,6.0
742,0,oYdkYEMp,EIHKZlEa,6.0
742,0,TkHOmLHQ,oYdkYEMp,6.0
742,0,SwTowoaO,TkHOmLHQ,6.0
742,0,YvwuVYMF,SwTowoaO,6.0
742,0,vDFCntfg,YvwuVYMF,5.0
742,0,iEKDTvNf,vDFCntfg,5.0
742,0,MyGqmywG,iEKDTvNf,5.0
742,0,NxbXiMUL,MyGqmywG,5.0
742,0,XLVjRryq,NxbXiMUL,5.0
742,0,RVEyrwjR,XLVjRryq,5.0
742,0,gzTQJVMW,RVEyrwjR,5.0
742,0,FZsFzszJ,gzTQJVMW,2.0
742,0,KgwKZlse,FZsFzszJ,2.0
742,0,ALhaazBT,KgwKZlse,2.0
742,0,YqlTLIQa,ALhaazBT,2.0
742,0,AUmOMGnp,YqlTLIQa,2.0
742,0,ejMjPdTH,AUmOMGnp,2.0
900,0,fTbQcCcQ,BSlPgNeK,87.0
364,0,RTafItqF,ojqTFFWy,368.0
364,0,SEVBrkvc,RTafItqF,1083.0
364,0,KzCxlBoL,SEVBrkvc,1102.0
364,0,qPtpgxic,KzCxlBoL,1102.0
364,0,dWuojvTd,qPtpgxic,1249.0
364,0,sCEThkda,dWuojvTd,1249.0
364,0,HpZlYWor,sCEThkda,1249.0
364,0,ztmxtqSi,HpZlYWor,1249.0
364,0,GpOUDfXM,ztmxtqSi,1249.0
364,0,nYOFNZtG,GpOUDfXM,3220.0
115,0,WdOwNGhj,xfbmoJHP,14.0
364,0,oynLwMrX,jaCrAUFK,4.0
364,0,EKYbCcms,oynLwMrX,4.0
364,0,cIQOVqQI,EKYbCcms,4.0
364,0,OyAyNkqZ,cIQOVqQI,61.0
364,0,XiXLaJEL,OyAyNkqZ,61.0
364,0,fzSWURzx,XiXLaJEL,73.0
364,0,vyojaKRU,fzSWURzx,73.0
364,0,puwcRgFs,vyojaKRU,74.0
364,0,zjKsBdNQ,puwcRgFs,74.0
364,0,ojqTFFWy,zjKsBdNQ,74.0
1553,0,upwIMaLy,yQpnsdnm,362.0
1553,0,BdMcIGqZ,upwIMaLy,362.0
1553,0,fxKlXZDo,BdMcIGqZ,362.0
1553,0,SEKqfPxp,fxKlXZDo,362.0
1553,0,eyEAULLm,SEKqfPxp,362.0
1553,0,ZWbwKKqI,eyEAULLm,362.0
1553,0,AvRehgJa,ZWbwKKqI,362.0
1553,0,eUifXINV,AvRehgJa,362.0
950,0,VEiYdotb,AhWKwjTz,49.0
950,0,DgYBMgPg,VEiYdotb,49.0
947,0,hyEIkJeA,UvujAAYC,5.0
947,0,jadHWhqA,hyEIkJeA,5.0
947,0,oMurZdLt,jadHWhqA,5.0
947,0,KTeKlEmN,oMurZdLt,5.0
947,0,cRNMfSEx,KTeKlEmN,5.0
947,0,UhRSkRXw,cRNMfSEx,18.0
943,0,qRJySzaf,HeRuYpNs,18.0
943,0,LTfflVxG,qRJySzaf,18.0
943,0,AhWKwjTz,LTfflVxG,15.0
943,0,VEiYdotb,AhWKwjTz,15.0
943,0,DgYBMgPg,VEiYdotb,15.0
778,0,VEiYdotb,AhWKwjTz,1245.0
778,0,DgYBMgPg,VEiYdotb,1245.0
943,0,OZSLHXCc,qdLlCZel,6.0
900,0,cgSMZptb,lhSIyIfw,67.0
900,0,fdwLSfsa,cgSMZptb,67.0
900,0,wuAzVrCW,fdwLSfsa,67.0
900,0,mRKfPREJ,wuAzVrCW,67.0
900,0,HeRuYpNs,mRKfPREJ,67.0
900,0,qRJySzaf,HeRuYpNs,48.0
900,0,LTfflVxG,qRJySzaf,48.0
900,0,AhWKwjTz,LTfflVxG,48.0
900,0,VEiYdotb,AhWKwjTz,48.0
900,0,DgYBMgPg,VEiYdotb,48.0
364,0,MlqbsUKu,AXkvSZpr,2.0
364,0,jaCrAUFK,MlqbsUKu,2.0
1075,0,XaMitbnP,qNEatmrc,897.0
1075,0,AWZaYJbg,XaMitbnP,897.0
1075,0,PuHLPXYe,AWZaYJbg,897.0
1075,0,ZafFyFXk,PuHLPXYe,900.0
1075,0,jiQkTSqX,ZafFyFXk,900.0
1075,0,UfaDzlyU,jiQkTSqX,900.0
1075,0,AiDSpgcp,yfISbYOh,1480.0
1075,0,rQoGPwMA,AiDSpgcp,1480.0
1075,0,SwPLBeCY,rQoGPwMA,1480.0
1075,0,TgAaXvqD,SwPLBeCY,1483.0
1075,0,fikrodNW,TgAaXvqD,1511.0
1075,0,qNEatmrc,AlpXiRiW,797.0
71,0,BxmxkKGC,ojqTFFWy,85.0
80,0,cVeADzkw,BDSRgQTg,2053.0
80,0,pySAVSoY,cVeADzkw,2053.0
80,0,kMrSvhcD,pySAVSoY,2053.0
80,0,ImuPiggn,kMrSvhcD,2053.0
942,0,sCEThkda,dWuojvTd,1373.0
942,0,HpZlYWor,sCEThkda,1373.0
942,0,ztmxtqSi,HpZlYWor,1373.0
942,0,GpOUDfXM,ztmxtqSi,1373.0
942,0,UTnQirag,GpOUDfXM,1812.0
942,0,tkWZZFES,UTnQirag,1812.0
942,0,JKUqFAhf,tkWZZFES,1876.0
942,0,NTCwKKsF,JKUqFAhf,1876.0
942,0,xnXFAboh,NTCwKKsF,1876.0
942,0,KkzZXaKP,xnXFAboh,3445.0
942,0,pyLfKqPO,KkzZXaKP,3445.0
942,0,vesqHHzA,pyLfKqPO,3183.0
733,0,SEVBrkvc,ojqTFFWy,4088.0
733,0,KzCxlBoL,SEVBrkvc,5086.0
733,0,qPtpgxic,KzCxlBoL,5200.0
733,0,RyPegcUV,qPtpgxic,4120.0
942,0,dWuojvTd,KgwKZlse,1165.0
951,0,CRypXqTk,KlSqKJQr,528.0
951,0,PYaiedjY,CRypXqTk,528.0
951,0,EzrJiyuu,PYaiedjY,630.0
951,0,mZAcIEme,EzrJiyuu,630.0
951,0,LPSpTPgJ,mZAcIEme,630.0
951,0,AoIEptMM,LPSpTPgJ,630.0
951,0,OWTXMrGR,AoIEptMM,630.0
942,0,FZsFzszJ,gGkadTNm,70.0
942,0,KgwKZlse,FZsFzszJ,70.0
1029,0,IZqJbTkm,OCOnFIfy,2744.0
1029,0,wSvecpjF,IZqJbTkm,2824.0
1029,0,oXipkDtF,wSvecpjF,2824.0
1029,0,fRZGgvoY,oXipkDtF,2824.0
1029,0,bAUDGUNb,fRZGgvoY,2824.0
1029,0,VYHZxBYO,bAUDGUNb,2824.0
733,0,gGkadTNm,RyPegcUV,3927.0
733,0,CbcrfuAf,gGkadTNm,4374.0
429,0,SEVBrkvc,ojqTFFWy,237.0
429,0,qPtpgxic,SEVBrkvc,235.0
429,0,gGkadTNm,qPtpgxic,193.0
429,0,CbcrfuAf,gGkadTNm,193.0
1748,0,pPKqPUVW,pwpCkicC,218.0
1748,0,ejMjPdTH,pPKqPUVW,218.0
950,0,vkArqzKY,DgYBMgPg,45.0
950,0,gzTQJVMW,vkArqzKY,45.0
778,0,vkArqzKY,DgYBMgPg,1062.0
778,0,gzTQJVMW,vkArqzKY,1062.0
139,0,EvOnizWo,VKJFREzF,14.0
139,0,PjaElYBL,EvOnizWo,14.0
139,0,YvwuVYMF,PjaElYBL,14.0
139,0,vDFCntfg,YvwuVYMF,6.0
139,0,iEKDTvNf,vDFCntfg,6.0
139,0,MyGqmywG,iEKDTvNf,6.0
139,0,NxbXiMUL,MyGqmywG,6.0
139,0,XLVjRryq,NxbXiMUL,6.0
139,0,gzTQJVMW,XLVjRryq,6.0
900,0,vkArqzKY,DgYBMgPg,46.0
900,0,gzTQJVMW,vkArqzKY,46.0
75,0,ojqTFFWy,XFPAZveS,59.0
133,0,bnvgwXNi,YUgtVNSj,10.0
133,0,nyQXyVHt,bnvgwXNi,11.0
133,0,pcONCDTC,nyQXyVHt,13.0
133,0,fkhDLNVv,pcONCDTC,11.0
133,0,ZgqhsueA,fkhDLNVv,11.0
133,0,GYxWnXpv,ZgqhsueA,5.0
133,0,mkpQpPSv,GYxWnXpv,5.0
133,0,EIHKZlEa,mkpQpPSv,5.0
133,0,oYdkYEMp,EIHKZlEa,5.0
133,0,TkHOmLHQ,oYdkYEMp,5.0
133,0,YvwuVYMF,TkHOmLHQ,5.0
133,0,vDFCntfg,YvwuVYMF,4.0
133,0,iEKDTvNf,vDFCntfg,4.0
133,0,MyGqmywG,iEKDTvNf,4.0
133,0,NxbXiMUL,MyGqmywG,4.0
133,0,XLVjRryq,NxbXiMUL,4.0
133,0,gzTQJVMW,XLVjRryq,4.0
130,0,fkhDLNVv,pcONCDTC,34.0
130,0,ZgqhsueA,fkhDLNVv,34.0
130,0,GYxWnXpv,ZgqhsueA,26.0
130,0,mkpQpPSv,GYxWnXpv,26.0
130,0,EIHKZlEa,mkpQpPSv,26.0
130,0,oYdkYEMp,EIHKZlEa,26.0
130,0,TkHOmLHQ,oYdkYEMp,26.0
130,0,SwTowoaO,TkHOmLHQ,26.0
130,0,YvwuVYMF,SwTowoaO,26.0
130,0,vDFCntfg,YvwuVYMF,22.0
130,0,iEKDTvNf,vDFCntfg,22.0
130,0,MyGqmywG,iEKDTvNf,22.0
130,0,NxbXiMUL,MyGqmywG,22.0
130,0,XLVjRryq,NxbXiMUL,21.0
130,0,RVEyrwjR,XLVjRryq,21.0
130,0,gzTQJVMW,RVEyrwjR,21.0
54,0,RjtzWJgw,xiCfcAgb,300.0
54,0,owFNQNZv,RjtzWJgw,313.0
54,0,nCsqpnJo,owFNQNZv,313.0
54,0,gnmwaIOJ,nCsqpnJo,313.0
54,0,pygvGZaF,gnmwaIOJ,313.0
54,0,bsQVAuyn,pygvGZaF,313.0
54,0,VTHwomVj,bsQVAuyn,313.0
54,0,qPtpgxic,bmUdUOzs,969.0
54,0,gGkadTNm,qPtpgxic,510.0
54,0,CbcrfuAf,gGkadTNm,445.0
951,0,qYsYtTjJ,XpaxRhYo,54.0
951,0,KlSqKJQr,qYsYtTjJ,54.0
1407,0,vXHOZRfg,vztyQdds,414.0
1407,0,bbltEnah,vXHOZRfg,414.0
1407,0,NMFCXTQH,bbltEnah,414.0
1407,0,wXyAETzh,NMFCXTQH,414.0
1407,0,KuTZBRNJ,wXyAETzh,414.0
949,0,JKUqFAhf,tkWZZFES,92.0
949,0,NTCwKKsF,JKUqFAhf,92.0
949,0,xnXFAboh,NTCwKKsF,92.0
949,0,oLGXsQoC,xnXFAboh,109.0
949,0,UTnQirag,GpOUDfXM,88.0
949,0,tkWZZFES,UTnQirag,88.0
949,0,lOyAoICg,CbcrfuAf,69.0
949,0,GpOUDfXM,lOyAoICg,69.0
949,0,KzCxlBoL,SEVBrkvc,1.0
949,0,qPtpgxic,KzCxlBoL,1.0
949,0,RyPegcUV,qPtpgxic,2.0
949,0,gGkadTNm,RyPegcUV,2.0
949,0,CbcrfuAf,gGkadTNm,3.0
369,0,eHBdrFbQ,AQHsowCO,2528.0
369,0,nermFKBU,eHBdrFbQ,2528.0
369,0,syNMMSsu,nermFKBU,2528.0
369,0,aEhaaulL,syNMMSsu,2528.0
1553,0,aNlaxeLS,eUifXINV,203.0
1553,0,zBPHjWVd,aNlaxeLS,179.0
1553,0,rPcYYZtd,zBPHjWVd,179.0
1553,0,ngtiheSM,rPcYYZtd,10.0
1553,0,uxBjVsKf,ngtiheSM,10.0
1553,0,VriUyyDM,uxBjVsKf,10.0
318,0,QHFmFyLR,EkWBPXmr,1403.0
318,0,neNWquOh,QHFmFyLR,1403.0
318,0,KwaxxmSs,neNWquOh,1447.0
318,0,PSjGjQXK,KwaxxmSs,1447.0
318,0,GnsXgGJX,PSjGjQXK,3871.0
1300,0,YnUujGmz,CbcrfuAf,8634.0
429,0,YnUujGmz,CbcrfuAf,160.0
340,0,OpgRCgWV,CoebvEmQ,39.0
340,0,ntDOQspU,OpgRCgWV,39.0
340,0,AXkvSZpr,ntDOQspU,39.0
340,0,MlqbsUKu,AXkvSZpr,39.0
340,0,jaCrAUFK,MlqbsUKu,39.0
340,0,erTTuCGB,jaCrAUFK,39.0
340,0,OyAyNkqZ,erTTuCGB,39.0
340,0,XiXLaJEL,OyAyNkqZ,39.0
340,0,vyojaKRU,XiXLaJEL,39.0
340,0,puwcRgFs,vyojaKRU,39.0
340,0,ojqTFFWy,puwcRgFs,39.0
340,0,SEVBrkvc,ojqTFFWy,39.0
340,0,qPtpgxic,SEVBrkvc,39.0
340,0,gGkadTNm,qPtpgxic,39.0
340,0,CbcrfuAf,gGkadTNm,39.0
340,0,YnUujGmz,CbcrfuAf,39.0
54,0,YnUujGmz,CbcrfuAf,330.0
401,0,WyfCQhSW,ogOCBKAf,1474.0
401,0,erxKyHjj,WyfCQhSW,1734.0
401,0,KjiBWoqR,erxKyHjj,1734.0
951,0,YnUujGmz,CbcrfuAf,507.0
1083,0,puwcRgFs,EAwJtHSB,803.0
1083,0,YkxcSjQG,unXfmkmI,879.0
1083,0,MRbVmsQs,YkxcSjQG,920.0
1083,0,Nzhgxdpc,MRbVmsQs,920.0
1083,0,cGObbHGv,Nzhgxdpc,1029.0
1083,0,zBmTBInm,cGObbHGv,1029.0
331,0,MjoEniNM,UyZpITbv,221.0
1045,0,LHNTbQin,TUZfegir,1042.0
1045,0,EBDfudXo,LHNTbQin,1042.0
1045,0,oVvGCedi,EBDfudXo,1046.0
1045,0,zAhquueS,oVvGCedi,1046.0
1045,0,SRJkWTfK,zAhquueS,1062.0
1045,0,krjqWYyL,SRJkWTfK,501.0
1045,0,tSXpsDyV,krjqWYyL,501.0
1045,0,IbLBdCXD,tSXpsDyV,501.0
1045,0,JGCJnIWw,IbLBdCXD,501.0
1045,0,honleovC,JGCJnIWw,429.0
1045,0,pqZYMbGr,honleovC,429.0
1045,0,jobllKUJ,pqZYMbGr,405.0
1045,0,cKlxsEIa,jobllKUJ,405.0
1045,0,POeaLshN,cKlxsEIa,405.0
1045,0,nvtqczOj,POeaLshN,405.0
1045,0,FdzHSswJ,nvtqczOj,277.0
1045,0,rfVXpFlV,FdzHSswJ,128.0
1045,0,OWTXMrGR,rfVXpFlV,128.0
1045,0,YGbVmztp,OWTXMrGR,128.0
1045,0,oHyqEJfk,YGbVmztp,128.0
1045,0,YnUujGmz,oHyqEJfk,18.0
1045,0,XeNLTPEj,MvGjEBBL,1006.0
1045,0,PzIXuqgO,XeNLTPEj,1006.0
1045,0,ZsxHmovG,PzIXuqgO,1006.0
1045,0,KjUtPMMe,ZsxHmovG,1026.0
1045,0,JGmgdpWx,KjUtPMMe,1026.0
1045,0,WsxoHomq,JGmgdpWx,1026.0
1045,0,VgroZBKv,WsxoHomq,963.0
1045,0,TUZfegir,VgroZBKv,963.0
369,0,bzkCWXwV,aEhaaulL,2543.0
369,0,rPcYYZtd,bzkCWXwV,2543.0
1557,0,xOfEMpYZ,aDfjbwoX,329.0
1512,0,TAPXcjBe,CbcrfuAf,251.0
733,0,TAPXcjBe,CbcrfuAf,5083.0
1275,0,vyojaKRU,XiXLaJEL,97.0
1275,0,puwcRgFs,vyojaKRU,93.0
1275,0,ojqTFFWy,puwcRgFs,93.0
1275,0,SEVBrkvc,ojqTFFWy,93.0
1275,0,qPtpgxic,SEVBrkvc,93.0
1275,0,gGkadTNm,qPtpgxic,68.0
1275,0,CbcrfuAf,gGkadTNm,68.0
1275,0,TAPXcjBe,CbcrfuAf,68.0
1434,0,TAPXcjBe,CbcrfuAf,1863.0
115,0,kKKRBhFF,WdOwNGhj,3.0
115,0,NFInfBeu,kKKRBhFF,3.0
115,0,VCQdmIoF,NFInfBeu,3.0
115,0,ePrpofUw,VCQdmIoF,3.0
115,0,KcvPUxQg,ePrpofUw,3.0
115,0,BlnSxBAr,KcvPUxQg,3.0
115,0,TCBUGaZf,BlnSxBAr,3.0
115,0,pzcCDVmZ,TCBUGaZf,3.0
115,0,fJdABIlw,pzcCDVmZ,3.0
115,0,uDcoTtDr,fJdABIlw,3.0
115,0,NGAodVTg,uDcoTtDr,3.0
115,0,TvGyfQSI,NGAodVTg,3.0
115,0,HFYkXdPG,TvGyfQSI,3.0
115,0,KjgVoxgR,HFYkXdPG,3.0
115,0,EmkugZPX,KjgVoxgR,3.0
115,0,lmZJehpq,EmkugZPX,3.0
115,0,RVGhYAxc,lmZJehpq,3.0
115,0,BpAiVnps,RVGhYAxc,3.0
733,0,XsKXZwOQ,TAPXcjBe,5105.0
948,0,BUWlcDWA,vwlVkOsL,68.0
948,0,EzQcJxBW,BUWlcDWA,56.0
948,0,uEbOseyz,EzQcJxBW,56.0
948,0,reWBMWRs,uEbOseyz,56.0
948,0,RBoLoVJp,reWBMWRs,56.0
948,0,SwyyRrmD,RBoLoVJp,56.0
948,0,avmqjzBH,SwyyRrmD,40.0
1085,0,XojRXAAa,ojqTFFWy,18925.0
1085,0,nAqhCgXt,XojRXAAa,7508.0
1085,0,zZZsLLct,nAqhCgXt,7508.0
1085,0,uQlhjcGr,zZZsLLct,7463.0
1085,0,nIbIRswk,uQlhjcGr,7463.0
1085,0,YfaruHLV,nIbIRswk,5692.0
1085,0,PkIPVRtB,YfaruHLV,5693.0
1085,0,XpaxRhYo,PkIPVRtB,5693.0
1085,0,qYsYtTjJ,XpaxRhYo,4321.0
1085,0,KlSqKJQr,qYsYtTjJ,4354.0
1085,0,CRypXqTk,KlSqKJQr,4812.0
1085,0,PYaiedjY,CRypXqTk,4812.0
1085,0,EzrJiyuu,PYaiedjY,3632.0
1085,0,mZAcIEme,EzrJiyuu,3632.0
1085,0,LPSpTPgJ,mZAcIEme,3632.0
1085,0,AoIEptMM,LPSpTPgJ,3632.0
1085,0,imyhTmbO,AoIEptMM,3896.0
1085,0,bTSeOnqx,imyhTmbO,3750.0
1085,0,yCXbqkBs,bTSeOnqx,4050.0
1085,0,wBoWGskO,yCXbqkBs,4050.0
1085,0,FYojKDQC,wBoWGskO,4050.0
1085,0,riqYNvhO,FYojKDQC,4050.0
1568,0,UgzfanVk,SDEQaVyD,400.0
1568,0,aUZoPZMc,CSzsuVOH,3938.0
1568,0,xOhGqygU,aUZoPZMc,3938.0
1083,0,FrCulsqF,VYHZxBYO,720.0
1083,0,KCAssTym,FrCulsqF,720.0
1083,0,AtxuoNjw,KCAssTym,971.0
1083,0,ZmIcXqCD,AtxuoNjw,971.0
1083,0,unXfmkmI,ZmIcXqCD,971.0
1088,0,VCFHkCli,pTTspriv,491.0
1088,0,PNxpREZf,VCFHkCli,491.0
1088,0,mHGLRRvz,PNxpREZf,473.0
1088,0,uuMvuwVk,mHGLRRvz,479.0
1088,0,yMEEwloH,uuMvuwVk,479.0
1088,0,mFLzcwSa,yMEEwloH,479.0
1088,0,mSfSOoJb,mFLzcwSa,479.0
1088,0,BSkSmoPQ,mSfSOoJb,479.0
80,0,SdEWNrvb,ImuPiggn,1956.0
80,0,ZIvIwqTW,SdEWNrvb,1956.0
992,0,uxBjVsKf,rPcYYZtd,185.0
1434,0,XsKXZwOQ,TAPXcjBe,1771.0
1512,0,XsKXZwOQ,TAPXcjBe,224.0
1275,0,XsKXZwOQ,TAPXcjBe,60.0
947,0,UvujAAYC,pyLfKqPO,1.0
903,0,mPXKcTmk,fGauMtcM,82.0
903,0,moYdstNu,mPXKcTmk,81.0
80,0,beniIHzL,ZIvIwqTW,49.0
948,0,vwlVkOsL,YnUujGmz,4.0
1190,0,djdidyfJ,DZOaDIuU,1034.0
1190,0,jnDfAorM,djdidyfJ,1012.0
80,0,uaUalZjh,beniIHzL,7.0
780,0,ZNFFlclk,uaUalZjh,7.0
733,0,hmRIiXJy,XsKXZwOQ,5436.0
947,0,hmRIiXJy,UhRSkRXw,15.0
899,0,UTnQirag,GpOUDfXM,57.0
899,0,tkWZZFES,UTnQirag,57.0
899,0,JKUqFAhf,tkWZZFES,57.0
899,0,NTCwKKsF,JKUqFAhf,57.0
899,0,xnXFAboh,NTCwKKsF,57.0
899,0,yHCBRtBd,xnXFAboh,74.0
899,0,YYKDBDRS,yHCBRtBd,74.0
899,0,CDXhVrrJ,YYKDBDRS,74.0
899,0,khOlLZay,CDXhVrrJ,76.0
899,0,pzScocJN,khOlLZay,76.0
899,0,xOfEMpYZ,pzScocJN,78.0
899,0,NcNmxlsD,xOfEMpYZ,79.0
899,0,cYyOAQLx,NcNmxlsD,79.0
899,0,xKpFUSPW,cYyOAQLx,79.0
899,0,CFKdtsYk,xKpFUSPW,76.0
899,0,gGkadTNm,RyPegcUV,24.0
899,0,CbcrfuAf,gGkadTNm,24.0
899,0,lOyAoICg,CbcrfuAf,48.0
899,0,GpOUDfXM,lOyAoICg,48.0
944,0,KkzZXaKP,xnXFAboh,25.0
944,0,VgMINmpb,KkzZXaKP,25.0
944,0,JKUqFAhf,tkWZZFES,14.0
944,0,NTCwKKsF,JKUqFAhf,14.0
944,0,xnXFAboh,NTCwKKsF,14.0
944,0,UTnQirag,GpOUDfXM,12.0
944,0,tkWZZFES,UTnQirag,12.0
948,0,KkzZXaKP,avmqjzBH,11.0
948,0,VgMINmpb,KkzZXaKP,11.0
944,0,sCEThkda,dWuojvTd,2.0
944,0,HpZlYWor,sCEThkda,2.0
944,0,ztmxtqSi,HpZlYWor,2.0
944,0,GpOUDfXM,ztmxtqSi,2.0
733,0,tOhgfmkj,hmRIiXJy,4872.0
733,0,FjwhCXAK,tOhgfmkj,4881.0
1434,0,FjwhCXAK,XsKXZwOQ,1561.0
937,0,UTnQirag,GpOUDfXM,1.0
937,0,tkWZZFES,UTnQirag,1.0
937,0,JKUqFAhf,tkWZZFES,1.0
937,0,NTCwKKsF,JKUqFAhf,1.0
937,0,xnXFAboh,NTCwKKsF,1.0
937,0,yHCBRtBd,xnXFAboh,1.0
937,0,YYKDBDRS,yHCBRtBd,1.0
937,0,CDXhVrrJ,YYKDBDRS,1.0
937,0,khOlLZay,CDXhVrrJ,1.0
937,0,pzScocJN,khOlLZay,1.0
937,0,xOfEMpYZ,pzScocJN,1.0
937,0,NcNmxlsD,xOfEMpYZ,1.0
937,0,cYyOAQLx,NcNmxlsD,1.0
369,0,ngtiheSM,rPcYYZtd,2679.0
369,0,uxBjVsKf,ngtiheSM,2685.0
369,0,hvwrhWFk,uxBjVsKf,2769.0
369,0,azqUKhQu,hvwrhWFk,2769.0
777,0,zBPHjWVd,aNlaxeLS,2178.0
777,0,rPcYYZtd,zBPHjWVd,2341.0
777,0,ngtiheSM,rPcYYZtd,2341.0
777,0,uxBjVsKf,ngtiheSM,2626.0
777,0,hvwrhWFk,uxBjVsKf,2721.0
777,0,azqUKhQu,hvwrhWFk,2721.0
777,0,JKUqFAhf,tkWZZFES,1413.0
777,0,NTCwKKsF,JKUqFAhf,1413.0
777,0,xnXFAboh,NTCwKKsF,1413.0
777,0,yHCBRtBd,xnXFAboh,1523.0
777,0,YYKDBDRS,yHCBRtBd,1523.0
777,0,CDXhVrrJ,YYKDBDRS,1523.0
777,0,khOlLZay,CDXhVrrJ,2130.0
777,0,pzScocJN,khOlLZay,2130.0
777,0,AOtPxxNt,pzScocJN,2131.0
777,0,pFQacbfu,AOtPxxNt,2154.0
777,0,ZecyfkGE,pFQacbfu,2154.0
777,0,aNlaxeLS,ZecyfkGE,2154.0
777,0,UTnQirag,GpOUDfXM,1383.0
777,0,tkWZZFES,UTnQirag,1383.0
777,0,lOyAoICg,CbcrfuAf,1203.0
777,0,GpOUDfXM,lOyAoICg,1203.0
777,0,SEVBrkvc,ojqTFFWy,29.0
777,0,KzCxlBoL,SEVBrkvc,37.0
777,0,qPtpgxic,KzCxlBoL,37.0
777,0,RyPegcUV,qPtpgxic,96.0
777,0,gGkadTNm,RyPegcUV,96.0
777,0,CbcrfuAf,gGkadTNm,136.0
1512,0,tOhgfmkj,XsKXZwOQ,221.0
1512,0,FjwhCXAK,tOhgfmkj,212.0
1512,0,YvwuVYMF,FjwhCXAK,212.0
733,0,dScsNKLk,FjwhCXAK,5169.0
1434,0,YvwuVYMF,FjwhCXAK,1223.0
947,0,tOhgfmkj,hmRIiXJy,8.0
947,0,FjwhCXAK,tOhgfmkj,8.0
947,0,YvwuVYMF,FjwhCXAK,8.0
1275,0,FjwhCXAK,XsKXZwOQ,59.0
1275,0,YvwuVYMF,FjwhCXAK,59.0
948,0,qDNzarNO,VgMINmpb,1.0
944,0,qdLlCZel,VgMINmpb,5.0
1102,0,QPpuxtew,gyQqEnFq,127.0
1102,0,gHkojtqc,QPpuxtew,127.0
1102,0,jiBUapiv,gHkojtqc,127.0
1102,0,ZsSjTAXN,jiBUapiv,127.0
1102,0,QzSmToFg,ZsSjTAXN,127.0
1102,0,YpZAWuci,QzSmToFg,127.0
1102,0,UWROvtjV,YpZAWuci,129.0
1102,0,aHnvxyXJ,UWROvtjV,129.0
1102,0,aBlpKWpT,aHnvxyXJ,136.0
1102,0,RwWmKtXH,aBlpKWpT,136.0
1102,0,iWUiEObr,RwWmKtXH,146.0
1102,0,yGnjFAhM,iWUiEObr,181.0
1102,0,sAYtjSkX,yGnjFAhM,183.0
1102,0,yhYCDbZJ,sAYtjSkX,196.0
1102,0,ebBIwNsf,yhYCDbZJ,196.0
1102,0,BzJNmTUM,ebBIwNsf,207.0
1102,0,qLEwgwyN,BzJNmTUM,207.0
1102,0,WDOOnJlC,qLEwgwyN,207.0
1102,0,EjMZgDJt,WDOOnJlC,245.0
1102,0,BDSRgQTg,EjMZgDJt,245.0
1102,0,cVeADzkw,BDSRgQTg,255.0
1102,0,pySAVSoY,cVeADzkw,255.0
1102,0,kMrSvhcD,pySAVSoY,255.0
1102,0,ImuPiggn,kMrSvhcD,255.0
1102,0,SdEWNrvb,ImuPiggn,266.0
1102,0,ZIvIwqTW,SdEWNrvb,266.0
1102,0,beniIHzL,ZIvIwqTW,432.0
1102,0,uaUalZjh,beniIHzL,432.0
1102,0,rwSrBzDN,uaUalZjh,597.0
779,0,uaUalZjh,beniIHzL,165.0
141,0,TAPXcjBe,CbcrfuAf,42.0
141,0,XsKXZwOQ,TAPXcjBe,42.0
141,0,hmRIiXJy,XsKXZwOQ,46.0
141,0,tOhgfmkj,hmRIiXJy,49.0
141,0,FjwhCXAK,tOhgfmkj,49.0
141,0,dScsNKLk,FjwhCXAK,49.0
141,0,mhrRBZGj,dScsNKLk,113.0
141,0,XvoliiTU,mhrRBZGj,113.0
141,0,BjKGijLD,XvoliiTU,113.0
141,0,RyPegcUV,qPtpgxic,23.0
141,0,gGkadTNm,RyPegcUV,23.0
141,0,CbcrfuAf,gGkadTNm,23.0
375,0,pjRBTtLk,ZKEtlMvK,3.0
375,0,vnfcOAch,pjRBTtLk,3.0
375,0,ryJVAbFB,vnfcOAch,3.0
375,0,ttVqQknl,ryJVAbFB,3.0
375,0,aZtqChJJ,ttVqQknl,3.0
375,0,wrFiwNtD,aZtqChJJ,3.0
375,0,deapEAbC,wrFiwNtD,3.0
375,0,nunLDRbE,deapEAbC,3.0
375,0,QbrsudyQ,nunLDRbE,3.0
375,0,oRUBDfuD,QbrsudyQ,3.0
375,0,qQJgvOFz,oRUBDfuD,5.0
375,0,kbNsckqG,qQJgvOFz,5.0
375,0,VHmQaoRO,kbNsckqG,5.0
375,0,MlXQVZuf,VHmQaoRO,5.0
375,0,QxkHLGuk,MlXQVZuf,5.0
375,0,sxnLITXs,QxkHLGuk,5.0
375,0,oLzlCKof,sxnLITXs,5.0
375,0,IyDNJzPw,oLzlCKof,5.0
375,0,AQHsowCO,IyDNJzPw,5.0
375,0,eHBdrFbQ,AQHsowCO,5.0
375,0,nermFKBU,eHBdrFbQ,5.0
375,0,syNMMSsu,nermFKBU,5.0
375,0,aEhaaulL,syNMMSsu,5.0
375,0,bzkCWXwV,aEhaaulL,5.0
375,0,rPcYYZtd,bzkCWXwV,5.0
375,0,ngtiheSM,rPcYYZtd,10.0
375,0,uxBjVsKf,ngtiheSM,10.0
375,0,CgMBzfIg,uxBjVsKf,10.0
375,0,azqUKhQu,CgMBzfIg,10.0
375,0,cNvMQUdA,azqUKhQu,10.0
375,0,YoiymRxk,cNvMQUdA,10.0
375,0,fkorQYac,YoiymRxk,10.0
375,0,NtHXPmMe,fkorQYac,10.0
375,0,knCDNjnp,mLBQtksd,1.0
375,0,nYVfIRsk,knCDNjnp,1.0
375,0,CqefHKGq,nYVfIRsk,1.0
375,0,rSnWVhOw,CqefHKGq,1.0
375,0,RuAJZyMI,rSnWVhOw,1.0
375,0,MtINPaKl,RuAJZyMI,1.0
375,0,SGVPbDEb,MtINPaKl,1.0
375,0,DpeufCiu,SGVPbDEb,1.0
375,0,FaHpkwNs,DpeufCiu,1.0
375,0,kohCEyKT,FaHpkwNs,1.0
375,0,DHQRQBBP,kohCEyKT,1.0
375,0,ZKEtlMvK,DHQRQBBP,1.0
733,0,JScPHHNr,dScsNKLk,4018.0
141,0,SEVBrkvc,ojqTFFWy,3.0
141,0,KzCxlBoL,SEVBrkvc,3.0
141,0,qPtpgxic,KzCxlBoL,3.0
141,0,kfbZMUOE,BjKGijLD,89.0
141,0,RaPTCLQp,kfbZMUOE,89.0
903,0,ZJxogzZw,wcUGKfLa,61.0
903,0,aRCjtsfP,ZJxogzZw,61.0
903,0,aPKnTaHY,aRCjtsfP,80.0
903,0,ZxAfSTio,aPKnTaHY,80.0
903,0,PfzzVLdD,ZxAfSTio,80.0
903,0,MNMOMIBL,PfzzVLdD,82.0
903,0,ySoPUuJQ,MNMOMIBL,82.0
903,0,fGauMtcM,ySoPUuJQ,82.0
946,0,KgwKZlse,FZsFzszJ,21.0
946,0,dWuojvTd,KgwKZlse,31.0
946,0,sCEThkda,dWuojvTd,33.0
369,0,BsovYeFI,azqUKhQu,2739.0
777,0,BsovYeFI,azqUKhQu,2549.0
946,0,FZsFzszJ,gGkadTNm,1.0
899,0,pMQyFYNH,CFKdtsYk,66.0
931,0,DetNfbBu,qeXIqBgp,988.0
931,0,KENvRSom,DetNfbBu,1192.0
931,0,ZMwphzOX,KENvRSom,1192.0
931,0,ePAEtpYE,ZMwphzOX,1549.0
931,0,YnixWiwg,ePAEtpYE,1550.0
931,0,BlXLXEoe,YnixWiwg,1550.0
931,0,QsFYEMLP,BlXLXEoe,1550.0
931,0,vcQVCkqQ,QsFYEMLP,1315.0
931,0,TzBLFSKE,vcQVCkqQ,1317.0
931,0,MmmkWPfy,TzBLFSKE,1317.0
931,0,OoTDKQHC,MmmkWPfy,1144.0
931,0,QZMOUeIv,OoTDKQHC,954.0
931,0,zAjDuGWM,QZMOUeIv,954.0
931,0,JojiQTkQ,zAjDuGWM,78.0
931,0,woHRqfeu,JojiQTkQ,78.0
952,0,EEOGpCEL,gzTQJVMW,2258.0
1682,0,RTafItqF,ojqTFFWy,5.0
1682,0,BxmxkKGC,RTafItqF,5.0
1682,0,lfmzBYXb,BxmxkKGC,5.0
1682,0,TQhrUKrf,lfmzBYXb,5.0
1682,0,hFISFuCO,TQhrUKrf,5.0
1682,0,IJrmTLNf,hFISFuCO,5.0
1682,0,byRkdSCW,IJrmTLNf,5.0
1682,0,HkgLsGZV,byRkdSCW,5.0
899,0,PTCqqgjS,pMQyFYNH,64.0
900,0,ZJxogzZw,wcUGKfLa,40.0
900,0,aRCjtsfP,ZJxogzZw,40.0
900,0,aPKnTaHY,aRCjtsfP,51.0
900,0,ZxAfSTio,aPKnTaHY,51.0
900,0,oQmOaQyB,ZxAfSTio,51.0
900,0,BSlPgNeK,oQmOaQyB,51.0
354,0,XfgrRxbI,ejMjPdTH,1106.0
354,0,UfJzwqHV,XfgrRxbI,1106.0
354,0,yJFAEWOL,UfJzwqHV,1217.0
354,0,BJyyGCqV,yJFAEWOL,1217.0
354,0,gZsXxpWQ,BJyyGCqV,1217.0
354,0,aXBkDCtb,gZsXxpWQ,1217.0
354,0,QgJihzqk,aXBkDCtb,1217.0
354,0,IojsotKp,QgJihzqk,1217.0
354,0,pKlyQyMp,IojsotKp,1217.0
130,0,FZsFzszJ,gzTQJVMW,15.0
130,0,KgwKZlse,FZsFzszJ,15.0
130,0,AoRkaUmb,KgwKZlse,15.0
130,0,ALhaazBT,AoRkaUmb,15.0
130,0,YqlTLIQa,ALhaazBT,13.0
130,0,AUmOMGnp,YqlTLIQa,13.0
130,0,XFPAZveS,AUmOMGnp,13.0
130,0,ojqTFFWy,XFPAZveS,11.0
902,0,mhrRBZGj,dScsNKLk,66.0
902,0,XvoliiTU,mhrRBZGj,66.0
902,0,BjKGijLD,XvoliiTU,66.0
902,0,kfbZMUOE,BjKGijLD,66.0
902,0,RaPTCLQp,kfbZMUOE,66.0
902,0,IZbIkfGA,RaPTCLQp,85.0
902,0,UJfkeWEN,IZbIkfGA,84.0
902,0,MlIkmoKa,UJfkeWEN,84.0
902,0,FIOYHASJ,MlIkmoKa,84.0
902,0,KMHCIdcu,FIOYHASJ,84.0
902,0,GiBhHxRo,KMHCIdcu,74.0
1102,0,MEtvPAvc,rwSrBzDN,524.0
1102,0,GqIywbYh,MEtvPAvc,524.0
1102,0,wRFZkBWU,GqIywbYh,524.0
1102,0,TUmpHOaB,wRFZkBWU,524.0
134,0,SEVBrkvc,ojqTFFWy,23.0
134,0,KzCxlBoL,SEVBrkvc,27.0
134,0,qPtpgxic,KzCxlBoL,27.0
134,0,RyPegcUV,qPtpgxic,37.0
134,0,gGkadTNm,RyPegcUV,37.0
134,0,CbcrfuAf,gGkadTNm,39.0
134,0,TAPXcjBe,CbcrfuAf,94.0
134,0,XsKXZwOQ,TAPXcjBe,94.0
134,0,hmRIiXJy,XsKXZwOQ,103.0
134,0,tOhgfmkj,hmRIiXJy,105.0
134,0,FjwhCXAK,tOhgfmkj,105.0
134,0,dScsNKLk,FjwhCXAK,135.0
134,0,prUQvyGs,dScsNKLk,320.0
134,0,FTnfVqbf,prUQvyGs,320.0
134,0,ncqAMIfe,FTnfVqbf,320.0
134,0,uHruDGLY,ncqAMIfe,320.0
134,0,FOXeQKOT,uHruDGLY,66.0
134,0,FesfYZEN,FOXeQKOT,56.0
899,0,QBDSVwgM,PTCqqgjS,45.0
369,0,oeTroIck,BsovYeFI,2403.0
369,0,LlpMjrks,oeTroIck,2435.0
369,0,tnRCfdJr,LlpMjrks,2435.0
369,0,EWoqQawU,tnRCfdJr,2435.0
369,0,lRwzpFEA,EWoqQawU,2435.0
369,0,HJijptKA,lRwzpFEA,2431.0
899,0,SEVBrkvc,ojqTFFWy,11.0
899,0,KzCxlBoL,SEVBrkvc,11.0
899,0,qPtpgxic,KzCxlBoL,11.0
899,0,RyPegcUV,qPtpgxic,11.0
132,0,hmRIiXJy,XsKXZwOQ,13.0
132,0,tOhgfmkj,hmRIiXJy,13.0
132,0,FjwhCXAK,tOhgfmkj,13.0
132,0,dScsNKLk,FjwhCXAK,13.0
132,0,JScPHHNr,dScsNKLk,17.0
132,0,BXAColfX,JScPHHNr,17.0
132,0,TenjteTV,BXAColfX,17.0
132,0,oFbMGQKy,TenjteTV,17.0
132,0,tTpRqbZv,oFbMGQKy,17.0
132,0,uzgDjeSU,tTpRqbZv,17.0
132,0,RvWjyDDD,uzgDjeSU,17.0
132,0,diAYwowt,RvWjyDDD,34.0
132,0,safClnnY,diAYwowt,34.0
132,0,tqLrxYqg,safClnnY,38.0
132,0,OrpTuTll,tqLrxYqg,29.0
132,0,oIfrlpqH,OrpTuTll,28.0
132,0,SEVBrkvc,ojqTFFWy,6.0
132,0,KzCxlBoL,SEVBrkvc,6.0
132,0,qPtpgxic,KzCxlBoL,6.0
132,0,RyPegcUV,qPtpgxic,7.0
132,0,gGkadTNm,RyPegcUV,10.0
132,0,CbcrfuAf,gGkadTNm,11.0
132,0,TAPXcjBe,CbcrfuAf,11.0
132,0,XsKXZwOQ,TAPXcjBe,11.0
902,0,MzxDaMZj,GiBhHxRo,110.0
902,0,GeRuyZeo,MzxDaMZj,72.0
902,0,YqAQHxyY,GeRuyZeo,72.0
899,0,PfzzVLdD,QBDSVwgM,35.0
369,0,wcUGKfLa,HJijptKA,2414.0
777,0,oeTroIck,BsovYeFI,1675.0
777,0,LlpMjrks,oeTroIck,1680.0
777,0,tnRCfdJr,LlpMjrks,1680.0
777,0,EWoqQawU,tnRCfdJr,1680.0
777,0,lRwzpFEA,EWoqQawU,1680.0
777,0,HJijptKA,lRwzpFEA,1680.0
777,0,pkAaqtnD,HJijptKA,1670.0
777,0,mAREpQlu,pkAaqtnD,1670.0
902,0,qLRAgPvM,YqAQHxyY,71.0
902,0,yVpSHUpe,qLRAgPvM,71.0
902,0,PfzzVLdD,yVpSHUpe,71.0
902,0,yRZHSCWE,PfzzVLdD,71.0
902,0,rCrvifMW,yRZHSCWE,71.0
902,0,aPOYjvXT,rCrvifMW,71.0
902,0,pkAaqtnD,aPOYjvXT,71.0
902,0,mAREpQlu,pkAaqtnD,71.0
899,0,yRZHSCWE,PfzzVLdD,33.0
899,0,rCrvifMW,yRZHSCWE,33.0
899,0,aPOYjvXT,rCrvifMW,33.0
899,0,pkAaqtnD,aPOYjvXT,33.0
899,0,mAREpQlu,pkAaqtnD,33.0
131,0,TAPXcjBe,CbcrfuAf,13.0
131,0,XsKXZwOQ,TAPXcjBe,13.0
131,0,hmRIiXJy,XsKXZwOQ,14.0
131,0,tOhgfmkj,hmRIiXJy,15.0
131,0,FjwhCXAK,tOhgfmkj,15.0
131,0,dScsNKLk,FjwhCXAK,15.0
131,0,JScPHHNr,dScsNKLk,19.0
131,0,BXAColfX,JScPHHNr,19.0
131,0,TenjteTV,BXAColfX,19.0
131,0,oFbMGQKy,TenjteTV,19.0
131,0,tTpRqbZv,oFbMGQKy,19.0
131,0,uzgDjeSU,tTpRqbZv,19.0
131,0,RvWjyDDD,uzgDjeSU,19.0
131,0,diAYwowt,RvWjyDDD,27.0
131,0,safClnnY,diAYwowt,27.0
131,0,CkSrqRXW,safClnnY,3.0
826,0,oLzlCKof,sxnLITXs,121.0
826,0,IyDNJzPw,oLzlCKof,121.0
826,0,AQHsowCO,IyDNJzPw,124.0
826,0,eHBdrFbQ,AQHsowCO,126.0
826,0,nermFKBU,eHBdrFbQ,141.0
826,0,syNMMSsu,nermFKBU,141.0
826,0,aEhaaulL,syNMMSsu,141.0
826,0,bzkCWXwV,aEhaaulL,142.0
826,0,rPcYYZtd,bzkCWXwV,142.0
826,0,ngtiheSM,rPcYYZtd,220.0
826,0,uxBjVsKf,ngtiheSM,220.0
826,0,hvwrhWFk,uxBjVsKf,220.0
826,0,azqUKhQu,hvwrhWFk,220.0
826,0,BsovYeFI,azqUKhQu,222.0
826,0,oeTroIck,BsovYeFI,222.0
826,0,LlpMjrks,oeTroIck,222.0
826,0,tnRCfdJr,LlpMjrks,222.0
826,0,EWoqQawU,tnRCfdJr,222.0
826,0,lRwzpFEA,EWoqQawU,222.0
826,0,HJijptKA,lRwzpFEA,222.0
826,0,pkAaqtnD,HJijptKA,222.0
826,0,mAREpQlu,pkAaqtnD,222.0
826,0,aFNbJDFF,mAREpQlu,239.0
733,0,BXAColfX,JScPHHNr,3627.0
733,0,TenjteTV,BXAColfX,3627.0
733,0,oFbMGQKy,TenjteTV,3627.0
733,0,tTpRqbZv,oFbMGQKy,3627.0
733,0,uzgDjeSU,tTpRqbZv,3627.0
733,0,RvWjyDDD,uzgDjeSU,3627.0
130,0,pcONCDTC,CkSrqRXW,2.0
1102,0,kZbxJItD,TUmpHOaB,424.0
1102,0,WBGMFkPq,kZbxJItD,424.0
1102,0,ZrJSsOtw,WBGMFkPq,424.0
131,0,SEVBrkvc,ojqTFFWy,6.0
131,0,KzCxlBoL,SEVBrkvc,10.0
131,0,qPtpgxic,KzCxlBoL,10.0
131,0,RyPegcUV,qPtpgxic,11.0
131,0,gGkadTNm,RyPegcUV,11.0
131,0,CbcrfuAf,gGkadTNm,12.0
826,0,DHQRQBBP,kohCEyKT,12.0
826,0,ZKEtlMvK,DHQRQBBP,12.0
826,0,pjRBTtLk,ZKEtlMvK,13.0
826,0,vnfcOAch,pjRBTtLk,13.0
826,0,ryJVAbFB,vnfcOAch,13.0
826,0,ttVqQknl,ryJVAbFB,13.0
826,0,aZtqChJJ,ttVqQknl,13.0
826,0,wrFiwNtD,aZtqChJJ,13.0
826,0,deapEAbC,wrFiwNtD,14.0
826,0,nunLDRbE,deapEAbC,18.0
826,0,QbrsudyQ,nunLDRbE,18.0
826,0,oRUBDfuD,QbrsudyQ,18.0
826,0,qQJgvOFz,oRUBDfuD,18.0
826,0,kbNsckqG,qQJgvOFz,116.0
826,0,VHmQaoRO,kbNsckqG,116.0
826,0,MlXQVZuf,VHmQaoRO,116.0
826,0,QxkHLGuk,MlXQVZuf,116.0
826,0,sxnLITXs,QxkHLGuk,119.0
826,0,JGMtXKXa,aFNbJDFF,238.0
1102,0,gXuuFtgr,ZrJSsOtw,242.0
1102,0,AqLhpCGg,gXuuFtgr,242.0
733,0,NpVJqtjU,RvWjyDDD,2593.0
733,0,SVKOBqwN,NpVJqtjU,2593.0
733,0,jUFdobJP,SVKOBqwN,2593.0
1102,0,oGtLXKlU,AqLhpCGg,212.0
1102,0,fpLsOzrX,oGtLXKlU,110.0
1102,0,qkDUPxQJ,fpLsOzrX,110.0
826,0,DwCsfBrf,JGMtXKXa,225.0
826,0,uiqniiby,DwCsfBrf,225.0
826,0,tWWfaWxU,uiqniiby,225.0
826,0,foYyjDus,tWWfaWxU,225.0
826,0,sqMuVqoE,foYyjDus,213.0
822,0,cNypyxpr,cTQVugNT,7.0
822,0,RuAJZyMI,cNypyxpr,8.0
822,0,MtINPaKl,RuAJZyMI,8.0
822,0,SGVPbDEb,MtINPaKl,8.0
822,0,DpeufCiu,SGVPbDEb,10.0
822,0,FaHpkwNs,DpeufCiu,10.0
822,0,kohCEyKT,FaHpkwNs,10.0
822,0,DHQRQBBP,kohCEyKT,10.0
822,0,ZKEtlMvK,DHQRQBBP,10.0
822,0,pjRBTtLk,ZKEtlMvK,10.0
822,0,vnfcOAch,pjRBTtLk,10.0
822,0,ryJVAbFB,vnfcOAch,10.0
822,0,ttVqQknl,ryJVAbFB,10.0
822,0,aZtqChJJ,ttVqQknl,10.0
822,0,wrFiwNtD,aZtqChJJ,10.0
822,0,deapEAbC,wrFiwNtD,19.0
822,0,nunLDRbE,deapEAbC,40.0
822,0,oRUBDfuD,nunLDRbE,40.0
822,0,qQJgvOFz,oRUBDfuD,40.0
822,0,kbNsckqG,qQJgvOFz,57.0
822,0,VHmQaoRO,kbNsckqG,57.0
822,0,MlXQVZuf,VHmQaoRO,57.0
822,0,QxkHLGuk,MlXQVZuf,57.0
822,0,sxnLITXs,QxkHLGuk,62.0
822,0,oLzlCKof,sxnLITXs,74.0
822,0,AQHsowCO,oLzlCKof,74.0
822,0,eHBdrFbQ,AQHsowCO,75.0
822,0,nermFKBU,eHBdrFbQ,75.0
822,0,syNMMSsu,nermFKBU,75.0
822,0,aEhaaulL,syNMMSsu,75.0
822,0,bzkCWXwV,aEhaaulL,88.0
822,0,rPcYYZtd,bzkCWXwV,88.0
822,0,ngtiheSM,rPcYYZtd,220.0
822,0,uxBjVsKf,ngtiheSM,220.0
822,0,hvwrhWFk,uxBjVsKf,220.0
822,0,azqUKhQu,hvwrhWFk,220.0
822,0,BsovYeFI,azqUKhQu,227.0
822,0,oeTroIck,BsovYeFI,248.0
822,0,LlpMjrks,oeTroIck,251.0
822,0,tnRCfdJr,LlpMjrks,251.0
822,0,EWoqQawU,tnRCfdJr,251.0
822,0,lRwzpFEA,EWoqQawU,251.0
822,0,EZonlaGf,lRwzpFEA,338.0
822,0,LnttpfXJ,EZonlaGf,338.0
826,0,aWeSqqrV,gyQqEnFq,1.0
826,0,WRVBvtIE,aWeSqqrV,8.0
826,0,RuAJZyMI,WRVBvtIE,8.0
826,0,MtINPaKl,RuAJZyMI,8.0
826,0,SGVPbDEb,MtINPaKl,8.0
826,0,DpeufCiu,SGVPbDEb,8.0
826,0,FaHpkwNs,DpeufCiu,8.0
826,0,kohCEyKT,FaHpkwNs,8.0
733,0,stYOAUgx,jUFdobJP,2616.0
733,0,qatuIGdU,stYOAUgx,2616.0
826,0,zqVKryrK,sqMuVqoE,203.0
822,0,pjnGNdLD,LnttpfXJ,314.0
777,0,MZocsETE,mAREpQlu,461.0
777,0,wJsysHnP,MZocsETE,461.0
777,0,qoKVVYVH,wJsysHnP,461.0
777,0,ZbBLjsKS,qoKVVYVH,461.0
1102,0,ywTbPNnN,qkDUPxQJ,70.0
1102,0,XQUhYonT,ywTbPNnN,70.0
1102,0,kGQEnBYZ,XQUhYonT,70.0
733,0,DZhNCgqR,qatuIGdU,2534.0
733,0,XNqNMdqz,DZhNCgqR,2534.0
733,0,oUlRzwnE,XNqNMdqz,2534.0
822,0,TJYuPZgz,pjnGNdLD,305.0
826,0,AlojXgfn,zqVKryrK,191.0
1358,0,oajqUPaH,bPMnvhIP,23.0
868,0,eYsqUgzf,jQlVbeqW,77.0
868,0,CGfCHyje,eYsqUgzf,77.0
868,0,qflzswAf,CGfCHyje,77.0
777,0,VvfGvRfV,ZbBLjsKS,456.0
777,0,gjjwmxRV,VvfGvRfV,456.0
777,0,sXTxOtpY,gjjwmxRV,456.0
1102,0,TRrMduWd,kGQEnBYZ,21.0
777,0,aLhLfQkP,sXTxOtpY,402.0
777,0,eeUAfDeR,aLhLfQkP,402.0
777,0,sJpWePxb,eeUAfDeR,402.0
777,0,vBjvcVSA,sJpWePxb,4.0
777,0,TFYkWDkw,vBjvcVSA,4.0
777,0,JpVXpSar,TFYkWDkw,4.0
1099,0,foDxbakc,xDEugDFx,4.0
1099,0,bGilRaMJ,foDxbakc,4.0
822,0,fvMkSwKl,TJYuPZgz,22.0
826,0,oahiQKZf,AlojXgfn,30.0
826,0,LJERpsJx,oahiQKZf,9.0
826,0,NgxTtWek,LJERpsJx,9.0
826,0,pTibEDEI,NgxTtWek,9.0
741,0,DZhNCgqR,qatuIGdU,1.0
741,0,XNqNMdqz,DZhNCgqR,1.0
741,0,oUlRzwnE,XNqNMdqz,1.0
741,0,ZEJEKYue,oUlRzwnE,2.0
1102,0,wdZlcJUN,TRrMduWd,30.0
1102,0,HHtnqjHj,wdZlcJUN,30.0
778,0,QHzfYnaE,wXJrQzdz,30.0
778,0,ZKmlngva,QHzfYnaE,30.0
733,0,XQGQJTfc,oUlRzwnE,2585.0
733,0,YJlimzmz,XQGQJTfc,2585.0
733,0,GFyDwjlp,YJlimzmz,2585.0
733,0,RhHvrSFQ,GFyDwjlp,2585.0
733,0,cCtcUCYS,RhHvrSFQ,2585.0
733,0,bInfxKVp,cCtcUCYS,2603.0
547,0,qPtpgxic,bmUdUOzs,564.0
547,0,gGkadTNm,qPtpgxic,568.0
547,0,dScsNKLk,gGkadTNm,640.0
547,0,RvWjyDDD,dScsNKLk,647.0
547,0,qatuIGdU,RvWjyDDD,647.0
547,0,YJlimzmz,qatuIGdU,647.0
547,0,DdFWFvrk,YJlimzmz,647.0
547,0,KCPTYZEU,DdFWFvrk,647.0
547,0,lPZtleot,KCPTYZEU,647.0
129,0,RVGhYAxc,tDDddUJb,298.0
547,0,xiCfcAgb,AszcEtOu,46.0
547,0,bsQVAuyn,xiCfcAgb,47.0
547,0,bmUdUOzs,bsQVAuyn,48.0
121,0,WdOwNGhj,xfbmoJHP,2.0
121,0,kKKRBhFF,WdOwNGhj,2.0
121,0,NFInfBeu,kKKRBhFF,2.0
121,0,VCQdmIoF,NFInfBeu,2.0
121,0,ePrpofUw,VCQdmIoF,2.0
121,0,KcvPUxQg,ePrpofUw,2.0
121,0,BlnSxBAr,KcvPUxQg,2.0
121,0,TCBUGaZf,BlnSxBAr,2.0
121,0,pzcCDVmZ,TCBUGaZf,2.0
121,0,oUmVLfUX,pzcCDVmZ,2.0
121,0,fJdABIlw,oUmVLfUX,2.0
121,0,mXwfazRz,fJdABIlw,2.0
121,0,NGAodVTg,mXwfazRz,2.0
121,0,TvGyfQSI,NGAodVTg,2.0
121,0,HFYkXdPG,TvGyfQSI,2.0
121,0,KjgVoxgR,HFYkXdPG,2.0
121,0,xTOrUJFO,KjgVoxgR,2.0
121,0,EmkugZPX,xTOrUJFO,2.0
121,0,lmZJehpq,EmkugZPX,2.0
121,0,tDDddUJb,lmZJehpq,2.0
121,0,RVGhYAxc,tDDddUJb,2.0
548,0,qPtpgxic,ojqTFFWy,62.0
548,0,gGkadTNm,qPtpgxic,62.0
548,0,dScsNKLk,gGkadTNm,62.0
548,0,RvWjyDDD,dScsNKLk,62.0
548,0,qatuIGdU,RvWjyDDD,62.0
548,0,YJlimzmz,qatuIGdU,62.0
548,0,DdFWFvrk,YJlimzmz,62.0
548,0,KCPTYZEU,DdFWFvrk,62.0
548,0,lPZtleot,KCPTYZEU,62.0
547,0,AszcEtOu,pdQlgkSh,7.0
547,0,jCwFOmxo,lPZtleot,34.0
542,0,qPtpgxic,bmUdUOzs,3.0
542,0,gGkadTNm,qPtpgxic,3.0
542,0,dScsNKLk,gGkadTNm,4.0
542,0,RvWjyDDD,dScsNKLk,4.0
542,0,qatuIGdU,RvWjyDDD,4.0
542,0,YJlimzmz,qatuIGdU,4.0
542,0,DdFWFvrk,YJlimzmz,4.0
542,0,KCPTYZEU,DdFWFvrk,4.0
542,0,lPZtleot,KCPTYZEU,4.0
542,0,jCwFOmxo,lPZtleot,4.0
542,0,fVolLZWv,jCwFOmxo,4.0
542,0,vnGoAIWR,fVolLZWv,4.0
542,0,UPoJKlTB,vnGoAIWR,4.0
542,0,mBDHTawz,UPoJKlTB,4.0
542,0,lMdnIgyP,mBDHTawz,4.0
1255,0,rckblBTM,rUKSlFeh,977.0
1255,0,gKoyUmab,rckblBTM,977.0
1255,0,fGmFhgnx,gKoyUmab,977.0
1255,0,XyHfgUxW,fGmFhgnx,1345.0
1255,0,zjjLSYAp,XyHfgUxW,1345.0
1255,0,wrsPDGBQ,zjjLSYAp,1345.0
1255,0,UtwZFZsx,wrsPDGBQ,2248.0
1255,0,QsteKrle,UtwZFZsx,2248.0
1255,0,vqGhvZJF,QsteKrle,2248.0
615,0,DRkcXziO,IIzQthVA,728.0
615,0,fTOPrrgc,DRkcXziO,728.0
615,0,XPasGtVj,fTOPrrgc,728.0
615,0,VMviwLNE,XPasGtVj,728.0
615,0,BxuxHloR,VMviwLNE,728.0
615,0,gFAsBeQM,BxuxHloR,728.0
615,0,rDSiGFpR,gFAsBeQM,728.0
615,0,hxSTJhOz,rDSiGFpR,910.0
615,0,TShNRujB,hxSTJhOz,910.0
615,0,gzZgDndk,TShNRujB,1715.0
615,0,PSjGjQXK,gzZgDndk,1715.0
615,0,FDPmqphv,PSjGjQXK,1715.0
798,0,eTJQHplR,nEXpIbiD,504.0
1618,0,xIAmzSOf,kltlGPhk,1196.0
1618,0,HFPiIGml,xIAmzSOf,1196.0
1326,0,mZrMXUGc,BZEEPDzF,141.0
1326,0,ovqyecwa,mZrMXUGc,602.0
1326,0,PhEXDKmN,ovqyecwa,602.0
1255,0,XiLvnZTk,Vlipnutt,130.0
1255,0,FStgRiBS,XiLvnZTk,130.0
1255,0,GkYZbgqg,FStgRiBS,130.0
1255,0,FlYjxOxQ,GkYZbgqg,326.0
1255,0,wFSILCzc,FlYjxOxQ,326.0
1255,0,yQQuLFAg,wFSILCzc,326.0
1255,0,rUKSlFeh,yQQuLFAg,969.0
1567,0,UgzfanVk,sHqmRcRD,203.0
1567,0,mhYSfvAq,UgzfanVk,479.0
1669,0,SrxxnOEl,zjFHHUbS,63.0
1669,0,AXxrYyXG,SrxxnOEl,63.0
1669,0,QexJFwXO,AXxrYyXG,63.0
1669,0,exRzHfND,QexJFwXO,60.0
1669,0,slwzdYAd,exRzHfND,60.0
1669,0,phodyDNv,slwzdYAd,60.0
1669,0,gcvwQKzE,phodyDNv,60.0
1669,0,RuqLEiFp,gcvwQKzE,60.0
1669,0,jEliwrSM,RuqLEiFp,56.0
1669,0,OUlPxErG,jEliwrSM,56.0
1669,0,SPorkGXj,OUlPxErG,54.0
1669,0,ZqOseExI,SPorkGXj,54.0
1669,0,CrOFTJlw,ZqOseExI,54.0
1669,0,PyGiRErs,CrOFTJlw,54.0
1669,0,qflzswAf,PyGiRErs,46.0
1349,0,clVXMHJf,suvDbtPR,5.0
1349,0,UXEWVZzP,clVXMHJf,5.0
1349,0,MlYFoaez,UXEWVZzP,5.0
1349,0,XeinAhyy,MlYFoaez,5.0
1349,0,pGpZhRvq,XeinAhyy,5.0
1349,0,alaJPSTW,pGpZhRvq,5.0
1349,0,ngNzeSzC,alaJPSTW,5.0
1349,0,PHuvYJrP,ngNzeSzC,5.0
1349,0,FoxIDeQY,PHuvYJrP,5.0
1349,0,dZoxKDmD,FoxIDeQY,5.0
1349,0,ZOuLYtJj,dZoxKDmD,5.0
1349,0,SGnJOquj,ZOuLYtJj,5.0
1349,0,ogOCBKAf,SGnJOquj,5.0
331,0,MhxjGQjy,UgzfanVk,108.0
331,0,EhUxMFuQ,MhxjGQjy,108.0
331,0,HZcfHzwe,EhUxMFuQ,108.0
331,0,qoWOoICL,HZcfHzwe,108.0
331,0,FwybjYQK,qoWOoICL,108.0
331,0,ZuDlysuz,FwybjYQK,108.0
331,0,IkwHYYuh,ZuDlysuz,108.0
331,0,YzXnYVPd,IkwHYYuh,108.0
331,0,TEKQTTfp,YzXnYVPd,108.0
331,0,ZIPCqImv,TEKQTTfp,108.0
331,0,aWNaUdzp,ZIPCqImv,108.0
331,0,FCsbIOBe,aWNaUdzp,108.0
331,0,gGjwcdJB,FCsbIOBe,108.0
1085,0,ixafYOrk,WneZtuRq,1111.0
1085,0,VWKzFLMH,ixafYOrk,1111.0
1085,0,EllpaOUu,VWKzFLMH,1074.0
273,0,jOxyxYyy,fFHpEWYG,2386.0
273,0,zOQhKaAF,jOxyxYyy,2386.0
615,0,ccqsUPnI,FDPmqphv,1704.0
615,0,OGJVNXKe,ccqsUPnI,1704.0
600,0,kjxfKqbD,PZLqDGdx,322.0
600,0,mSXRukCc,kjxfKqbD,322.0
600,0,FFGyTMvJ,mSXRukCc,322.0
600,0,eyAJPdep,FFGyTMvJ,322.0
600,0,RCkelXPh,eyAJPdep,406.0
600,0,jcExlqwL,RCkelXPh,509.0
600,0,YctaenCe,jcExlqwL,572.0
600,0,tzYrVhKO,YctaenCe,572.0
600,0,UgpyjFML,tzYrVhKO,572.0
600,0,nPkrzCty,UgpyjFML,574.0
706,0,yQQuLFAg,wFSILCzc,166.0
273,0,hfsVeMMa,zOQhKaAF,2489.0
615,0,hfsVeMMa,OGJVNXKe,1623.0
482,0,ifLglfbO,vkAUVqtk,151.0
482,0,hgHcWJof,ifLglfbO,151.0
482,0,qSowWcvN,hgHcWJof,151.0
14,0,GnsXgGJX,PSjGjQXK,3242.0
14,0,VjdckTjW,GnsXgGJX,4006.0
486,0,oeGMQkdJ,NQaaFyOm,2.0
486,0,vkAUVqtk,oeGMQkdJ,2.0
486,0,ifLglfbO,vkAUVqtk,2.0
486,0,hgHcWJof,ifLglfbO,2.0
486,0,qSowWcvN,hgHcWJof,2.0
490,0,pSVDMeCH,gaLZwYvS,677.0
490,0,FTwVCxQy,pSVDMeCH,677.0
490,0,RFaTWaew,FTwVCxQy,677.0
490,0,mYoRZvtc,RFaTWaew,696.0
490,0,NKCxdwhs,mYoRZvtc,993.0
490,0,eeSdZFhf,NKCxdwhs,993.0
490,0,UaWwvNMO,eeSdZFhf,1511.0
490,0,gFAsBeQM,UaWwvNMO,1511.0
490,0,bKKUjGhb,gFAsBeQM,1549.0
490,0,QRrhNfpu,bKKUjGhb,1558.0
490,0,qSowWcvN,QRrhNfpu,1499.0
480,0,bKKUjGhb,LbKosGpD,2783.0
480,0,BgYvcKFh,bKKUjGhb,2794.0
480,0,QRrhNfpu,BgYvcKFh,2794.0
480,0,qSowWcvN,QRrhNfpu,2794.0
480,0,NBopaFdP,mHRdWDIt,551.0
480,0,LbKosGpD,NBopaFdP,551.0
490,0,vBGGqNND,qSowWcvN,1055.0
482,0,vBGGqNND,qSowWcvN,2.0
1573,0,SoTLWNOq,kZlpJvjE,7.0
1573,0,eAajskRX,SoTLWNOq,7.0
1573,0,FXulXHgs,eAajskRX,7.0
1573,0,ElqrEMfW,FXulXHgs,7.0
1573,0,hqxwmRzJ,ElqrEMfW,7.0
1573,0,VtPnVtjF,hqxwmRzJ,7.0
1573,0,hCpAddaw,VtPnVtjF,7.0
1573,0,CHKZpApa,hCpAddaw,7.0
1573,0,YvLuczKe,CHKZpApa,7.0
1573,0,cThdGxLv,YvLuczKe,7.0
1573,0,SUVVzOYC,cThdGxLv,7.0
1573,0,dAxtDTje,SUVVzOYC,7.0
1573,0,KGIBfEut,dAxtDTje,7.0
1573,0,kiTgZeoH,KGIBfEut,7.0
1573,0,eLmJkuZC,kiTgZeoH,7.0
1573,0,UgzfanVk,eLmJkuZC,7.0
1573,0,MhxjGQjy,UgzfanVk,3.0
1573,0,EhUxMFuQ,MhxjGQjy,3.0
1573,0,HZcfHzwe,EhUxMFuQ,3.0
1573,0,KcDUQTDz,HZcfHzwe,3.0
1573,0,qoWOoICL,KcDUQTDz,3.0
1573,0,ZuDlysuz,qoWOoICL,3.0
1573,0,IkwHYYuh,ZuDlysuz,3.0
1573,0,YzXnYVPd,IkwHYYuh,3.0
1573,0,TEKQTTfp,YzXnYVPd,3.0
1573,0,ciAbSxQX,TEKQTTfp,3.0
1573,0,ZIPCqImv,ciAbSxQX,3.0
1573,0,aWNaUdzp,ZIPCqImv,3.0
1573,0,FCsbIOBe,aWNaUdzp,3.0
1573,0,wyEQXfIU,FCsbIOBe,3.0
1573,0,gGjwcdJB,wyEQXfIU,3.0
1573,0,eyAJPdep,gGjwcdJB,3.0
235,0,QHFmFyLR,EkWBPXmr,3556.0
235,0,neNWquOh,QHFmFyLR,3556.0
235,0,KwaxxmSs,neNWquOh,3569.0
235,0,PSjGjQXK,KwaxxmSs,3581.0
235,0,GnsXgGJX,PSjGjQXK,8531.0
235,0,VjdckTjW,GnsXgGJX,8725.0
235,0,ohvLIfWG,VjdckTjW,9426.0
480,0,vBGGqNND,qSowWcvN,2095.0
1197,0,jPryMrof,xMTUUeEc,132.0
1197,0,jkJwqjHm,jPryMrof,132.0
1197,0,jKMBgxbE,jkJwqjHm,132.0
1197,0,RQiSRtZp,jKMBgxbE,132.0
1197,0,CRZgpQHT,RQiSRtZp,98.0
1197,0,uDuzeUsq,CRZgpQHT,98.0
1197,0,ilYJImqh,uDuzeUsq,98.0
1197,0,gpXWTuwm,ilYJImqh,98.0
1197,0,jKjAXpVP,gpXWTuwm,98.0
1197,0,XXPGaRGh,jKjAXpVP,98.0
1197,0,IMtkgxTU,XXPGaRGh,98.0
1197,0,MlQcmexA,IMtkgxTU,98.0
1197,0,tSmiUoPn,MlQcmexA,98.0
1197,0,VuxSFkGj,tSmiUoPn,98.0
1197,0,SQUoXVXU,VuxSFkGj,98.0
1197,0,tZiWmgTn,SQUoXVXU,98.0
273,0,isVKhOXG,hfsVeMMa,2596.0
273,0,mKIQRbrs,isVKhOXG,2581.0
615,0,isVKhOXG,hfsVeMMa,1281.0
615,0,OWkTamRc,isVKhOXG,1281.0
615,0,pHNyFRmN,OWkTamRc,1281.0
615,0,SMriOOgF,pHNyFRmN,1281.0
615,0,vISVJoyz,SMriOOgF,1281.0
320,0,vkAUVqtk,oeGMQkdJ,86.0
320,0,ifLglfbO,vkAUVqtk,86.0
320,0,hgHcWJof,ifLglfbO,86.0
320,0,POdtxoZm,hgHcWJof,86.0
320,0,DjKGsdyb,POdtxoZm,116.0
398,0,QHFmFyLR,EkWBPXmr,709.0
398,0,neNWquOh,QHFmFyLR,709.0
398,0,KwaxxmSs,neNWquOh,709.0
398,0,PSjGjQXK,KwaxxmSs,709.0
398,0,GnsXgGJX,PSjGjQXK,1667.0
398,0,VjdckTjW,GnsXgGJX,1774.0
398,0,ohvLIfWG,VjdckTjW,1774.0
398,0,HTKZNJTs,ohvLIfWG,1775.0
398,0,FmTbQszJ,HTKZNJTs,1775.0
480,0,FFLftRlg,vBGGqNND,2066.0
480,0,HTKZNJTs,FFLftRlg,2088.0
480,0,FmTbQszJ,HTKZNJTs,2464.0
706,0,izUAPpdi,xyBTaHvp,27.0
706,0,FVYwGhLu,izUAPpdi,27.0
706,0,cNWTidvb,FVYwGhLu,27.0
706,0,wFSILCzc,cNWTidvb,27.0
235,0,aUPouXsN,ohvLIfWG,8494.0
14,0,aUPouXsN,VjdckTjW,3814.0
590,0,QHFmFyLR,EkWBPXmr,867.0
590,0,neNWquOh,QHFmFyLR,867.0
590,0,BQqYmuyR,neNWquOh,876.0
590,0,PSjGjQXK,BQqYmuyR,876.0
590,0,FDPmqphv,PSjGjQXK,2496.0
590,0,aVjdmBcp,FDPmqphv,2593.0
590,0,isVKhOXG,aVjdmBcp,2593.0
590,0,pHNyFRmN,isVKhOXG,2606.0
590,0,SMriOOgF,pHNyFRmN,2640.0
590,0,RHWjHSWx,SMriOOgF,2640.0
615,0,RHWjHSWx,vISVJoyz,1279.0
480,0,JvhqCmbT,FmTbQszJ,2951.0
480,0,xkdRvtRu,JvhqCmbT,2951.0
480,0,SqxhBMol,xkdRvtRu,3011.0
615,0,VpmqCJUB,RHWjHSWx,975.0
14,0,SlfNpref,aUPouXsN,4125.0
14,0,nrKKniYe,SlfNpref,4125.0
490,0,VpmqCJUB,RHWjHSWx,1635.0
490,0,dulnZXnF,VpmqCJUB,1635.0
490,0,RkIYOvZu,dulnZXnF,1635.0
490,0,ygKQkAfU,RkIYOvZu,1635.0
615,0,mWygMrMb,VpmqCJUB,921.0
615,0,dulnZXnF,mWygMrMb,921.0
615,0,RkIYOvZu,dulnZXnF,921.0
615,0,ygKQkAfU,RkIYOvZu,921.0
670,0,AszcEtOu,BpAiVnps,260.0
670,0,ybjkPLXB,AszcEtOu,372.0
226,0,aIerxCRO,lxSUNwOi,197.0
226,0,ZHaurlhr,aIerxCRO,197.0
226,0,KMDYeUKg,ZHaurlhr,235.0
226,0,NgBSBxMr,eTJQHplR,44.0
226,0,lxSUNwOi,NgBSBxMr,188.0
601,0,qvujbmjR,mKIQRbrs,465.0
601,0,upZFxFqB,qvujbmjR,465.0
601,0,SqxhBMol,upZFxFqB,465.0
601,0,nrKKniYe,SqxhBMol,619.0
601,0,HrNWphPZ,nrKKniYe,857.0
685,0,VCDwRKse,TPsFloRu,650.0
685,0,wvKdtztS,VCDwRKse,650.0
685,0,LBOtcvsG,wvKdtztS,650.0
685,0,JGbfxLUL,KQSHMGnw,201.0
685,0,IjwLXBRx,JGbfxLUL,201.0
685,0,TPsFloRu,IjwLXBRx,371.0
600,0,CEZTRnUo,qflzswAf,17.0
600,0,funWfCdm,CEZTRnUo,17.0
600,0,rnFrOJMw,funWfCdm,17.0
600,0,MklhhYCQ,rnFrOJMw,17.0
600,0,nzTRQfUi,MklhhYCQ,17.0
600,0,PZLqDGdx,nzTRQfUi,17.0
648,0,SYyDHHKq,IzsieVnc,582.0
648,0,yzZGrKJL,SYyDHHKq,582.0
648,0,qDeoslSZ,yzZGrKJL,582.0
1689,0,xMTUUeEc,tBgOcvQf,254.0
1689,0,jPryMrof,xMTUUeEc,254.0
1689,0,jkJwqjHm,jPryMrof,254.0
1689,0,jKMBgxbE,jkJwqjHm,254.0
1689,0,tldUULAx,jKMBgxbE,254.0
1689,0,yzZGrKJL,tldUULAx,247.0
1689,0,qDeoslSZ,yzZGrKJL,247.0
214,0,qDeoslSZ,hLEWSLqw,881.0
296,0,KwXNMHkb,UxPxrYmy,79.0
296,0,YxUFlvZH,KwXNMHkb,79.0
296,0,KMLNQwjh,YxUFlvZH,79.0
296,0,aDaRCcaB,KMLNQwjh,79.0
296,0,dQYZBhGJ,aDaRCcaB,79.0
296,0,iFderoVa,dQYZBhGJ,79.0
296,0,GQmprOhw,iFderoVa,79.0
296,0,aWeAvoyP,GQmprOhw,79.0
296,0,exnIZrMP,aWeAvoyP,79.0
296,0,WSMobtPt,exnIZrMP,79.0
296,0,AvILYntX,WSMobtPt,79.0
296,0,BGAyznqC,AvILYntX,79.0
296,0,PUIIuxlM,BGAyznqC,79.0
296,0,bEuFbYIx,PUIIuxlM,79.0
296,0,ZCsEtuOb,bEuFbYIx,79.0
296,0,kEQqRNXv,ZCsEtuOb,79.0
296,0,NfeOUEsA,kEQqRNXv,79.0
296,0,gdbAGAQU,NfeOUEsA,79.0
296,0,ANpclgWP,gdbAGAQU,79.0
296,0,LWqTSxPr,ANpclgWP,79.0
296,0,tBgOcvQf,LWqTSxPr,79.0
296,0,xMTUUeEc,tBgOcvQf,79.0
296,0,jPryMrof,xMTUUeEc,79.0
296,0,jkJwqjHm,jPryMrof,79.0
296,0,jKMBgxbE,jkJwqjHm,79.0
296,0,RQiSRtZp,jKMBgxbE,79.0
296,0,SoCzlzVw,RQiSRtZp,79.0
296,0,hLEWSLqw,SoCzlzVw,79.0
296,0,qDeoslSZ,hLEWSLqw,79.0
296,0,hqOmlOIp,RrhmmPMm,44.0
296,0,qJgsxHch,hqOmlOIp,44.0
296,0,lxplrluY,qJgsxHch,44.0
296,0,zTJYYUap,lxplrluY,44.0
296,0,UxPxrYmy,zTJYYUap,44.0
296,0,YxYhlArE,NqSePdAx,29.0
296,0,sAswhpJr,YxYhlArE,29.0
296,0,VyHGAkTo,sAswhpJr,29.0
296,0,RrhmmPMm,VyHGAkTo,29.0
296,0,sceVWPKZ,dvaPHMux,26.0
296,0,NqSePdAx,sceVWPKZ,26.0
490,0,blwWmPPo,ygKQkAfU,1093.0
490,0,hLEWSLqw,blwWmPPo,1093.0
490,0,qDeoslSZ,hLEWSLqw,1083.0
1744,0,tMEROJFH,ufLmazVu,3141.0
214,0,EYCnMsAF,awnNVqry,69.0
214,0,awnNVqry,lhadwkCG,60.0
590,0,VpmqCJUB,RHWjHSWx,2522.0
590,0,EvIZgaUF,VpmqCJUB,2522.0
590,0,mGgwEHaG,EvIZgaUF,2524.0
590,0,DWuGRWkF,mGgwEHaG,2524.0
480,0,yZEnTGkU,SqxhBMol,2669.0
480,0,svamcGgQ,yZEnTGkU,3238.0
480,0,OkTOljoV,svamcGgQ,3238.0
480,0,ryMrZCSE,OkTOljoV,3238.0
1741,0,cPCRxZjy,LPfgjVyT,201.0
1741,0,XFLojCJa,cPCRxZjy,201.0
1741,0,mHRdWDIt,XFLojCJa,201.0
1741,0,NBopaFdP,mHRdWDIt,201.0
1741,0,LbKosGpD,NBopaFdP,201.0
1741,0,bKKUjGhb,LbKosGpD,201.0
1741,0,QRrhNfpu,bKKUjGhb,201.0
1741,0,qSowWcvN,QRrhNfpu,201.0
1741,0,vBGGqNND,qSowWcvN,201.0
1741,0,FFLftRlg,vBGGqNND,201.0
1741,0,HTKZNJTs,FFLftRlg,201.0
1741,0,JvhqCmbT,HTKZNJTs,201.0
1741,0,pfHqWMIj,JvhqCmbT,201.0
1741,0,yZEnTGkU,pfHqWMIj,201.0
1741,0,svamcGgQ,yZEnTGkU,201.0
1741,0,OkTOljoV,svamcGgQ,201.0
1741,0,RoAYEvND,OkTOljoV,201.0
1262,0,AmahvgQB,vSdfqYeK,3439.0
320,0,ExPvCHrU,DjKGsdyb,94.0
320,0,OCwYbEnq,ExPvCHrU,94.0
320,0,nrUfCQxz,OCwYbEnq,94.0
320,0,XwcxmOai,nrUfCQxz,94.0
648,0,JovbzjVh,qDeoslSZ,40.0
398,0,JvhqCmbT,FmTbQszJ,1682.0
398,0,xkdRvtRu,JvhqCmbT,1682.0
398,0,upZFxFqB,xkdRvtRu,1682.0
398,0,SqxhBMol,upZFxFqB,1682.0
398,0,yZEnTGkU,SqxhBMol,1682.0
398,0,svamcGgQ,yZEnTGkU,1682.0
398,0,OkTOljoV,svamcGgQ,1682.0
398,0,ryMrZCSE,OkTOljoV,1682.0
1178,0,upMsEWKk,IMTItMKU,6555.0
1178,0,KCqeuCwW,upMsEWKk,6555.0
1178,0,xyBTaHvp,KCqeuCwW,6555.0
14,0,AjJCgCBk,nrKKniYe,4232.0
273,0,AjJCgCBk,SWnceHEw,1795.0
686,0,fubLBmAl,DOGyniWl,112.0
686,0,nEXpIbiD,fubLBmAl,112.0
686,0,eTJQHplR,nEXpIbiD,112.0
686,0,vrgENeuF,eTJQHplR,112.0
686,0,lxSUNwOi,vrgENeuF,192.0
686,0,aIerxCRO,lxSUNwOi,200.0
686,0,ZHaurlhr,aIerxCRO,200.0
686,0,KMDYeUKg,ZHaurlhr,224.0
686,0,RSPZrGBg,KMDYeUKg,224.0
686,0,nrUfCQxz,RSPZrGBg,224.0
686,0,iBiVOFur,nrUfCQxz,224.0
686,0,SWnceHEw,iBiVOFur,224.0
686,0,AjJCgCBk,SWnceHEw,224.0
686,0,YmkUpvHU,qKeCDDXI,52.0
686,0,GbYxEXTt,YmkUpvHU,75.0
686,0,DOGyniWl,GbYxEXTt,75.0
287,0,tkDBwPiV,uGNDunGF,387.0
287,0,mqlWPdpA,tkDBwPiV,390.0
287,0,lOdrwgOe,mqlWPdpA,390.0
287,0,BRjWpQtg,lOdrwgOe,356.0
287,0,CrcsXCbZ,BRjWpQtg,356.0
287,0,fcKeEgEf,CrcsXCbZ,267.0
287,0,BpAiVnps,fcKeEgEf,267.0
287,0,OAywdpTB,BpAiVnps,264.0
287,0,ufvngNip,OAywdpTB,264.0
287,0,ybjkPLXB,ufvngNip,264.0
287,0,IOcMwGKn,ybjkPLXB,51.0
287,0,hCxxcqWU,IOcMwGKn,51.0
287,0,gUXxyAlR,hCxxcqWU,51.0
287,0,cEOIeJTR,gUXxyAlR,14.0
287,0,bWAbaUPC,cEOIeJTR,14.0
686,0,wLUSsEhz,AjJCgCBk,177.0
686,0,XHTcEfiO,wLUSsEhz,177.0
686,0,izYvwhlO,XHTcEfiO,136.0
836,0,aImltWBw,FGqBFXAc,85.0
235,0,jFmPCmzM,AjJCgCBk,7417.0
539,0,SwLVnWPq,ZijVddwt,17.0
539,0,xGsoSfhX,SwLVnWPq,14.0
273,0,jFmPCmzM,AjJCgCBk,1625.0
1197,0,OeKkfJSz,HTcmpFUD,32.0
1197,0,FZjXRNIl,OeKkfJSz,32.0
1197,0,wHSBMatn,FZjXRNIl,32.0
1197,0,pbVrXoGi,wHSBMatn,32.0
1197,0,GuhaYkFL,pbVrXoGi,34.0
1197,0,EdJUuxct,GuhaYkFL,34.0
1197,0,gmiMCrrb,EdJUuxct,34.0
1197,0,xMTUUeEc,gmiMCrrb,34.0
273,0,TrOiZJox,jFmPCmzM,1434.0
292,0,QHFmFyLR,EkWBPXmr,504.0
292,0,neNWquOh,QHFmFyLR,504.0
292,0,KwaxxmSs,neNWquOh,504.0
292,0,PSjGjQXK,KwaxxmSs,504.0
292,0,GnsXgGJX,PSjGjQXK,1151.0
292,0,VjdckTjW,GnsXgGJX,1175.0
292,0,ohvLIfWG,VjdckTjW,1244.0
292,0,aUPouXsN,ohvLIfWG,1248.0
14,0,jFmPCmzM,AjJCgCBk,4274.0
601,0,hfsVeMMa,zOQhKaAF,277.0
601,0,mKIQRbrs,hfsVeMMa,322.0
601,0,XwcxmOai,HrNWphPZ,884.0
601,0,RfzcmazU,XwcxmOai,884.0
635,0,pSVDMeCH,gaLZwYvS,153.0
635,0,FTwVCxQy,pSVDMeCH,153.0
635,0,RFaTWaew,FTwVCxQy,153.0
635,0,mYoRZvtc,RFaTWaew,468.0
635,0,NKCxdwhs,mYoRZvtc,549.0
635,0,eeSdZFhf,NKCxdwhs,549.0
635,0,gFAsBeQM,eeSdZFhf,634.0
635,0,lctVuVOk,gFAsBeQM,1001.0
635,0,EocVuyzS,lctVuVOk,1003.0
648,0,dYaEdzoO,JovbzjVh,33.0
648,0,LoxEXWve,dYaEdzoO,33.0
648,0,TIoMzhxD,LoxEXWve,33.0
615,0,blwWmPPo,ygKQkAfU,271.0
615,0,GWhCmjED,blwWmPPo,271.0
615,0,dYaEdzoO,GWhCmjED,271.0
615,0,TIoMzhxD,dYaEdzoO,271.0
590,0,ryMrZCSE,DWuGRWkF,2580.0
590,0,fRxWIrbs,ryMrZCSE,3205.0
590,0,QrdELzCu,fRxWIrbs,3205.0
590,0,YvwQRHTE,QrdELzCu,3205.0
590,0,HJTsgSzj,YvwQRHTE,3201.0
1618,0,VWoPhHkb,rWJbJwsc,1102.0
1618,0,AVJtqaBS,VWoPhHkb,1102.0
1618,0,xeuxxNBT,AVJtqaBS,1102.0
1618,0,bOMXeuCa,xeuxxNBT,1102.0
1618,0,kltlGPhk,bOMXeuCa,1086.0
1529,0,vcQVCkqQ,kDvrGahi,28.0
1529,0,TzBLFSKE,vcQVCkqQ,28.0
1529,0,MmmkWPfy,TzBLFSKE,28.0
1529,0,AWJbGBWg,MmmkWPfy,28.0
1529,0,sHqmRcRD,AWJbGBWg,28.0
1529,0,wSzUgpVB,sHqmRcRD,28.0
1529,0,zrlQGdaK,wSzUgpVB,28.0
1529,0,UgzfanVk,zrlQGdaK,28.0
1529,0,mhYSfvAq,UgzfanVk,28.0
1529,0,CuIFmOPZ,mhYSfvAq,28.0
1529,0,bkPedFyi,CuIFmOPZ,28.0
1529,0,neCsPoxX,bkPedFyi,28.0
1529,0,RMvkOcpU,neCsPoxX,28.0
1529,0,qVxAOUMG,RMvkOcpU,28.0
1529,0,bYKKzRQT,qVxAOUMG,28.0
1529,0,CLqSCDPt,bYKKzRQT,28.0
1529,0,ZzqCYjTC,CLqSCDPt,28.0
1529,0,UtzkRwuC,ZzqCYjTC,28.0
1529,0,cvCJiZVm,UtzkRwuC,28.0
1529,0,MklhhYCQ,cvCJiZVm,28.0
1303,0,ZOuLYtJj,dZoxKDmD,5.0
1303,0,SGnJOquj,ZOuLYtJj,5.0
1303,0,vacPrbQA,SGnJOquj,5.0
1303,0,bHagonKv,vacPrbQA,5.0
1303,0,XiLvnZTk,bHagonKv,5.0
1303,0,FlYjxOxQ,XiLvnZTk,5.0
1303,0,yQQuLFAg,FlYjxOxQ,5.0
1303,0,rckblBTM,yQQuLFAg,5.0
1303,0,fGmFhgnx,rckblBTM,5.0
1303,0,zjjLSYAp,fGmFhgnx,5.0
1303,0,wrsPDGBQ,zjjLSYAp,5.0
1303,0,QsteKrle,wrsPDGBQ,5.0
1303,0,XMWgellz,QsteKrle,5.0
1303,0,adsviABF,XMWgellz,5.0
1303,0,XYiwYIqY,adsviABF,5.0
1303,0,wvKdtztS,XYiwYIqY,5.0
1413,0,DeduXMzE,udlIzhJE,28.0
1413,0,GXHjZCTL,DeduXMzE,28.0
1413,0,yolIeCeg,GXHjZCTL,28.0
1413,0,ozAxYCwR,yolIeCeg,28.0
1413,0,qdrjbHYS,ozAxYCwR,28.0
1413,0,AKdDiXyV,qdrjbHYS,28.0
1413,0,fFHpEWYG,AKdDiXyV,28.0
1413,0,jOxyxYyy,fFHpEWYG,28.0
1413,0,gGlRqksC,jOxyxYyy,28.0
1413,0,GRRjUQxz,gGlRqksC,28.0
1413,0,evYofZgS,GRRjUQxz,28.0
1413,0,RHWjHSWx,evYofZgS,28.0
1413,0,VpmqCJUB,RHWjHSWx,28.0
1413,0,dulnZXnF,VpmqCJUB,28.0
1413,0,RkIYOvZu,dulnZXnF,28.0
1413,0,ygKQkAfU,RkIYOvZu,28.0
1413,0,blwWmPPo,ygKQkAfU,28.0
1413,0,dYaEdzoO,blwWmPPo,28.0
1413,0,TIoMzhxD,dYaEdzoO,28.0
1413,0,iRpWiLQH,TIoMzhxD,28.0
1413,0,LPBTmxgF,iRpWiLQH,28.0
670,0,pTpnumHG,TIoMzhxD,464.0
670,0,LPBTmxgF,pTpnumHG,464.0
615,0,pTpnumHG,TIoMzhxD,171.0
615,0,LPBTmxgF,pTpnumHG,171.0
311,0,plWWPiMc,mnkgCFDT,852.0
311,0,HcPkwFHM,plWWPiMc,890.0
311,0,KjuJaNsu,HcPkwFHM,904.0
311,0,oNyGHMvy,KjuJaNsu,906.0
311,0,QdnKSSsO,oNyGHMvy,1254.0
311,0,vSdfqYeK,QdnKSSsO,1495.0
311,0,wDpyEsxh,vSdfqYeK,1495.0
311,0,jIerKxIb,wDpyEsxh,1581.0
311,0,IubGYoNi,jIerKxIb,1991.0
311,0,fmQEzQWV,IubGYoNi,2156.0
311,0,BpAiVnps,fmQEzQWV,2629.0
311,0,LPBTmxgF,pTpnumHG,764.0
1255,0,XMWgellz,vqGhvZJF,2212.0
648,0,QdIKKqKN,TIoMzhxD,30.0
648,0,ZIZoBDen,QdIKKqKN,30.0
648,0,DYLgRRdw,ZIZoBDen,30.0
648,0,QvJRXCKm,DYLgRRdw,30.0
398,0,fRxWIrbs,ryMrZCSE,863.0
398,0,QrdELzCu,fRxWIrbs,863.0
398,0,YvwQRHTE,QrdELzCu,863.0
398,0,HJTsgSzj,YvwQRHTE,863.0
480,0,fRxWIrbs,ryMrZCSE,1984.0
480,0,QrdELzCu,fRxWIrbs,1984.0
480,0,YvwQRHTE,QrdELzCu,1984.0
480,0,HJTsgSzj,YvwQRHTE,2053.0
1505,0,BMprcpdo,xQqwXgNZ,3629.0
147,0,QHFmFyLR,EkWBPXmr,428.0
147,0,neNWquOh,QHFmFyLR,428.0
147,0,KwaxxmSs,neNWquOh,428.0
147,0,gzZgDndk,KwaxxmSs,428.0
147,0,NQaaFyOm,gzZgDndk,515.0
147,0,iPNesxKP,NQaaFyOm,537.0
147,0,lctVuVOk,iPNesxKP,626.0
147,0,EocVuyzS,lctVuVOk,626.0
147,0,lwcIkPvE,EocVuyzS,626.0
147,0,suszCmcx,lwcIkPvE,724.0
147,0,UTBcifAN,suszCmcx,724.0
147,0,HQVZivsH,UTBcifAN,954.0
147,0,tTrMaEIS,HQVZivsH,954.0
147,0,WeXgsZLY,tTrMaEIS,954.0
147,0,VuPuNOXM,WeXgsZLY,954.0
147,0,QgwCgjAi,VuPuNOXM,954.0
204,0,VuPuNOXM,WeXgsZLY,952.0
204,0,QgwCgjAi,VuPuNOXM,952.0
1468,0,eTJQHplR,nEXpIbiD,144.0
253,0,DOGyniWl,GbYxEXTt,229.0
253,0,nEXpIbiD,DOGyniWl,229.0
253,0,eTJQHplR,nEXpIbiD,226.0
874,0,WhRBEXGR,JbCujTci,6.0
874,0,wRBXcbqq,WhRBEXGR,6.0
874,0,XXYtSQEl,wRBXcbqq,6.0
874,0,MklhhYCQ,XXYtSQEl,6.0
874,0,nzTRQfUi,MklhhYCQ,1.0
874,0,nhSXMXjw,nzTRQfUi,1.0
874,0,kjxfKqbD,nhSXMXjw,1.0
480,0,TcTonWJL,HJTsgSzj,1398.0
601,0,ImIhxSnH,RfzcmazU,883.0
601,0,iEKuRfDT,ImIhxSnH,883.0
601,0,PlyJazqR,iEKuRfDT,882.0
601,0,ylfNfbjf,PlyJazqR,882.0
601,0,psXocZQH,ylfNfbjf,882.0
601,0,yprCGtVa,psXocZQH,882.0
14,0,fkZFUNSd,jFmPCmzM,3851.0
14,0,cttUtMNm,fkZFUNSd,4748.0
14,0,wHfmVQMh,cttUtMNm,4751.0
673,0,jXeBpcDF,lZYsrfVZ,333.0
673,0,goaumTLR,jXeBpcDF,333.0
673,0,vNMxowJX,goaumTLR,331.0
673,0,voZaDctr,vNMxowJX,331.0
673,0,cttUtMNm,voZaDctr,331.0
673,0,wHfmVQMh,cttUtMNm,331.0
477,0,wHfmVQMh,cttUtMNm,748.0
14,0,mdGitRQe,wHfmVQMh,4742.0
477,0,mdGitRQe,wHfmVQMh,538.0
398,0,TcTonWJL,HJTsgSzj,425.0
398,0,WtptgYtz,TcTonWJL,425.0
480,0,WtptgYtz,TcTonWJL,1404.0
686,0,DvUXLssj,izYvwhlO,239.0
686,0,womqVgRl,DvUXLssj,239.0
686,0,HkSXkIZj,womqVgRl,239.0
686,0,gRVxNCAP,HkSXkIZj,239.0
686,0,FHkpxOov,gRVxNCAP,239.0
673,0,mdGitRQe,wHfmVQMh,142.0
227,0,eTJQHplR,zAwPDfkg,1.0
1567,0,lqMPnIra,nPkrzCty,806.0
825,0,vlhncUdg,wgnVmusT,6.0
825,0,xGVMKwkH,vlhncUdg,6.0
825,0,DcYEFBXI,xGVMKwkH,6.0
825,0,mSlRsDTZ,DcYEFBXI,52.0
291,0,dLUoTBAU,QNScHwgR,3063.0
291,0,NfHwMQdR,dLUoTBAU,270.0
291,0,nPkrzCty,NfHwMQdR,270.0
291,0,lqMPnIra,nPkrzCty,270.0
398,0,NJSgWoOc,WtptgYtz,281.0
398,0,HFKfgJoc,NJSgWoOc,281.0
398,0,KQSHMGnw,HFKfgJoc,281.0
684,0,NJSgWoOc,FHkpxOov,1263.0
684,0,HFKfgJoc,NJSgWoOc,1256.0
684,0,KQSHMGnw,HFKfgJoc,1256.0
480,0,NJSgWoOc,WtptgYtz,1247.0
480,0,HFKfgJoc,NJSgWoOc,1247.0
480,0,KQSHMGnw,HFKfgJoc,1247.0
686,0,NJSgWoOc,FHkpxOov,160.0
686,0,HFKfgJoc,NJSgWoOc,109.0
686,0,KQSHMGnw,HFKfgJoc,109.0
1645,0,sWFNlbjw,ASOyxnpu,588.0
1645,0,qTqvnQiR,sWFNlbjw,588.0
1645,0,FyIjwLBj,qTqvnQiR,567.0
1645,0,DdAJghjk,FyIjwLBj,306.0
1645,0,IglTFvIG,DdAJghjk,278.0
1645,0,esXmHZAz,IglTFvIG,278.0
1645,0,VUTBmskZ,esXmHZAz,278.0
1645,0,KQSHMGnw,VUTBmskZ,278.0
1645,0,ASOyxnpu,QewuHWYk,314.0
1189,0,KQSHMGnw,TqlJzItM,38.0
356,0,zfdolaES,nEXpIbiD,1042.0
356,0,jiufRClk,zfdolaES,1042.0
356,0,GVnbohJg,jiufRClk,1042.0
356,0,TIKKmaif,GVnbohJg,1056.0
356,0,nTVsVrjG,TIKKmaif,820.0
273,0,BpAiVnps,RVGhYAxc,1523.0
186,0,tDDddUJb,YtrqvWdf,88.0
186,0,RVGhYAxc,tDDddUJb,88.0
186,0,BpAiVnps,RVGhYAxc,67.0
673,0,RVGhYAxc,mdGitRQe,110.0
673,0,BpAiVnps,RVGhYAxc,110.0
129,0,zijvldJJ,RVGhYAxc,181.0
477,0,SOBUilCD,mdGitRQe,418.0
477,0,RVGhYAxc,SOBUilCD,418.0
477,0,BpAiVnps,RVGhYAxc,314.0
539,0,pdQlgkSh,xGsoSfhX,8.0
52,0,oiYuCTCe,ZijVddwt,2634.0
52,0,SwLVnWPq,oiYuCTCe,267.0
52,0,xQSKBJml,SwLVnWPq,267.0
52,0,eXTjiXiW,xQSKBJml,267.0
52,0,UUCrlfWg,eXTjiXiW,267.0
52,0,YULSfngF,UUCrlfWg,267.0
52,0,ozuppJDT,YULSfngF,267.0
52,0,xGsoSfhX,ozuppJDT,267.0
52,0,RVGhYAxc,xGsoSfhX,127.0
52,0,BpAiVnps,RVGhYAxc,127.0
245,0,SPorkGXj,OUlPxErG,65.0
245,0,IJbUVGLH,SPorkGXj,65.0
245,0,ZqOseExI,IJbUVGLH,65.0
245,0,FdBCLyPI,ZqOseExI,65.0
245,0,CrOFTJlw,FdBCLyPI,65.0
245,0,PyGiRErs,CrOFTJlw,65.0
245,0,JbCujTci,PyGiRErs,65.0
245,0,WhRBEXGR,JbCujTci,65.0
245,0,wRBXcbqq,WhRBEXGR,66.0
245,0,XXYtSQEl,wRBXcbqq,66.0
245,0,MklhhYCQ,XXYtSQEl,66.0
245,0,MnTeelLR,MklhhYCQ,66.0
245,0,XnPpfSyF,MnTeelLR,66.0
245,0,otuYkIZd,XnPpfSyF,66.0
245,0,rSdxnGDj,otuYkIZd,66.0
245,0,MkXEUCdM,rSdxnGDj,65.0
245,0,oiYuCTCe,MkXEUCdM,65.0
245,0,SwLVnWPq,oiYuCTCe,65.0
245,0,xQSKBJml,SwLVnWPq,65.0
245,0,eXTjiXiW,xQSKBJml,65.0
245,0,UUCrlfWg,eXTjiXiW,65.0
245,0,YULSfngF,UUCrlfWg,65.0
245,0,ozuppJDT,YULSfngF,65.0
245,0,xGsoSfhX,ozuppJDT,65.0
245,0,RVGhYAxc,xGsoSfhX,65.0
245,0,BpAiVnps,RVGhYAxc,43.0
245,0,NAwFzVQz,RuqLEiFp,43.0
245,0,jEliwrSM,NAwFzVQz,43.0
245,0,OUlPxErG,jEliwrSM,43.0
245,0,exRzHfND,KyrNRMTR,32.0
245,0,slwzdYAd,exRzHfND,32.0
245,0,phodyDNv,slwzdYAd,32.0
245,0,RuqLEiFp,phodyDNv,32.0
245,0,nCgrSQNi,HnEviCBr,26.0
245,0,KyrNRMTR,nCgrSQNi,26.0
248,0,JMGkyukF,FizaUowp,16.0
248,0,kURrZnug,JMGkyukF,14.0
248,0,NxZLWDKg,kURrZnug,14.0
248,0,ysYPVGOc,NxZLWDKg,6.0
248,0,GgxxeDsY,ysYPVGOc,6.0
248,0,OIDfcbwB,GgxxeDsY,6.0
248,0,PCRBVfUw,OIDfcbwB,6.0
248,0,uTBXaSDE,PCRBVfUw,6.0
248,0,hnvEGTpC,uTBXaSDE,6.0
248,0,sAuLGTlR,hnvEGTpC,6.0
248,0,ixhHdGBo,sAuLGTlR,6.0
248,0,spVkBMtX,ixhHdGBo,6.0
248,0,uuLXjUrY,spVkBMtX,6.0
248,0,ekoOPpVq,uuLXjUrY,6.0
248,0,rljVoTvk,ekoOPpVq,6.0
248,0,gxidCspv,rljVoTvk,6.0
248,0,wRTYbalx,gxidCspv,6.0
248,0,ZqOseExI,wRTYbalx,6.0
248,0,FdBCLyPI,ZqOseExI,6.0
248,0,CrOFTJlw,FdBCLyPI,6.0
248,0,PyGiRErs,CrOFTJlw,6.0
248,0,JbCujTci,PyGiRErs,6.0
248,0,WhRBEXGR,JbCujTci,6.0
248,0,wRBXcbqq,WhRBEXGR,6.0
248,0,XXYtSQEl,wRBXcbqq,6.0
248,0,MklhhYCQ,XXYtSQEl,6.0
248,0,MnTeelLR,MklhhYCQ,6.0
248,0,XnPpfSyF,MnTeelLR,6.0
248,0,otuYkIZd,XnPpfSyF,6.0
248,0,rSdxnGDj,otuYkIZd,6.0
248,0,MkXEUCdM,rSdxnGDj,5.0
248,0,oiYuCTCe,MkXEUCdM,5.0
248,0,SwLVnWPq,oiYuCTCe,4.0
248,0,xQSKBJml,SwLVnWPq,4.0
248,0,eXTjiXiW,xQSKBJml,4.0
248,0,UUCrlfWg,eXTjiXiW,4.0
248,0,YULSfngF,UUCrlfWg,4.0
248,0,ozuppJDT,YULSfngF,4.0
248,0,xGsoSfhX,ozuppJDT,4.0
248,0,RVGhYAxc,xGsoSfhX,4.0
248,0,BpAiVnps,RVGhYAxc,4.0
245,0,kjmHgYUi,pTTspriv,24.0
245,0,UHSPJyEW,kjmHgYUi,24.0
245,0,dOTSUZHl,UHSPJyEW,24.0
245,0,ITdbUezF,dOTSUZHl,24.0
245,0,UCTWITih,ITdbUezF,24.0
245,0,HnEviCBr,UCTWITih,24.0
1141,0,DOGyniWl,GbYxEXTt,455.0
590,0,TcTonWJL,HJTsgSzj,3440.0
590,0,NJSgWoOc,TcTonWJL,3447.0
590,0,RIpTuvwk,NJSgWoOc,3455.0
590,0,ubzklVlS,RIpTuvwk,3498.0
287,0,eKMWhxRF,lqMPnIra,123.0
287,0,PKfyrIVb,eKMWhxRF,123.0
287,0,uGNDunGF,PKfyrIVb,123.0
601,0,fFHpEWYG,FcOkCcps,174.0
601,0,jOxyxYyy,fFHpEWYG,174.0
601,0,zOQhKaAF,jOxyxYyy,174.0
601,0,pPqywgRl,yprCGtVa,773.0
601,0,HGjkimBc,pPqywgRl,773.0
601,0,lqMPnIra,HGjkimBc,773.0
1141,0,vSdfqYeK,QdnKSSsO,541.0
1141,0,AmahvgQB,vSdfqYeK,541.0
1141,0,lOtREfVG,AmahvgQB,522.0
1141,0,SMhobJmy,lOtREfVG,522.0
1141,0,ZdIQslRD,SMhobJmy,211.0
1141,0,noVetmot,ZdIQslRD,211.0
1141,0,MGitFLID,noVetmot,211.0
1141,0,kYpOneyC,MGitFLID,211.0
1141,0,ZrWksDco,kYpOneyC,136.0
1141,0,SNVRXPiu,ZrWksDco,139.0
1141,0,NzFpkpXH,SNVRXPiu,139.0
1141,0,EVcIyerQ,NzFpkpXH,139.0
1141,0,dEEWjOTq,EVcIyerQ,139.0
1141,0,UlOflIKh,dEEWjOTq,139.0
1141,0,cHhWsWUg,UlOflIKh,139.0
1141,0,nPkrzCty,cHhWsWUg,139.0
1141,0,jIerKxIb,nPkrzCty,139.0
1141,0,lqMPnIra,jIerKxIb,136.0
1272,0,XLVjRryq,NxbXiMUL,63.0
1272,0,RVEyrwjR,XLVjRryq,63.0
1272,0,gzTQJVMW,RVEyrwjR,63.0
1272,0,FZsFzszJ,gzTQJVMW,63.0
1272,0,ALhaazBT,FZsFzszJ,63.0
1272,0,AUmOMGnp,ALhaazBT,63.0
1272,0,ejMjPdTH,AUmOMGnp,63.0
1272,0,NJxrRaUf,ejMjPdTH,63.0
1272,0,hpACGGyB,NJxrRaUf,63.0
1272,0,ywuGpANM,hpACGGyB,67.0
1272,0,BZCtSmhk,ywuGpANM,67.0
1272,0,VkcYQwTj,BZCtSmhk,67.0
1272,0,jFRqfnFl,VkcYQwTj,67.0
1272,0,ysSWNERo,jFRqfnFl,67.0
1272,0,lQIpGOTn,ysSWNERo,67.0
1272,0,uhUmvvRs,lQIpGOTn,67.0
1272,0,svgtEcQx,uhUmvvRs,67.0
1272,0,HcPkwFHM,svgtEcQx,67.0
1272,0,KjuJaNsu,HcPkwFHM,67.0
1272,0,oNyGHMvy,KjuJaNsu,67.0
1272,0,QdnKSSsO,oNyGHMvy,67.0
1272,0,vSdfqYeK,QdnKSSsO,67.0
1272,0,AmahvgQB,vSdfqYeK,67.0
1272,0,lOtREfVG,AmahvgQB,67.0
1272,0,SMhobJmy,lOtREfVG,67.0
1272,0,cHhWsWUg,SMhobJmy,67.0
1272,0,nPkrzCty,cHhWsWUg,67.0
1272,0,jIerKxIb,nPkrzCty,65.0
1272,0,lqMPnIra,jIerKxIb,65.0
1272,0,vDFCntfg,YvwuVYMF,56.0
1272,0,NxbXiMUL,vDFCntfg,56.0
291,0,PywYzQHY,zijvldJJ,3001.0
291,0,RufmISTr,PywYzQHY,3001.0
291,0,qnxnYECs,RufmISTr,3040.0
291,0,QNScHwgR,qnxnYECs,3040.0
1619,0,oIlHYibo,EnhcBMcG,1032.0
1619,0,rcxPdVgD,oIlHYibo,1032.0
1619,0,NztIaxQU,rcxPdVgD,943.0
1619,0,CuLSONdy,nPkrzCty,583.0
464,0,oXQrzcje,gHWJyJxY,4777.0
464,0,fyqDJAhS,oXQrzcje,4768.0
464,0,HpfZbCVA,fyqDJAhS,2892.0
464,0,EYgpmtHR,HpfZbCVA,2800.0
464,0,glDvUhXc,EYgpmtHR,2733.0
464,0,FhKkSAFH,glDvUhXc,2733.0
464,0,hSRFRBsa,FhKkSAFH,2733.0
601,0,eKMWhxRF,lqMPnIra,569.0
601,0,pRsoSsPh,eKMWhxRF,569.0
601,0,pUxrqkbR,pRsoSsPh,569.0
601,0,GmRorurF,pUxrqkbR,569.0
601,0,rWJbJwsc,GmRorurF,569.0
601,0,uuIZngLh,rWJbJwsc,512.0
601,0,gHWJyJxY,uuIZngLh,512.0
601,0,oXQrzcje,gHWJyJxY,420.0
601,0,fyqDJAhS,oXQrzcje,420.0
601,0,HpfZbCVA,fyqDJAhS,380.0
601,0,glDvUhXc,HpfZbCVA,380.0
601,0,FhKkSAFH,glDvUhXc,380.0
601,0,taPJzyhF,FhKkSAFH,380.0
658,0,jiaBsTdI,vspNPtqb,3.0
658,0,iVtHnErr,jiaBsTdI,3.0
658,0,nsjiKPCz,iVtHnErr,3.0
658,0,vfdAIPGv,nsjiKPCz,3.0
658,0,inJVXMtB,vfdAIPGv,3.0
658,0,ubZrQMid,inJVXMtB,3.0
658,0,gBkmsEyR,ubZrQMid,3.0
658,0,cGoHBmgo,gBkmsEyR,3.0
658,0,EkWBPXmr,cGoHBmgo,3.0
291,0,zijvldJJ,RVGhYAxc,2832.0
1178,0,UckYThSh,eTPMYwkC,6448.0
1178,0,IMTItMKU,UckYThSh,6448.0
1178,0,izUAPpdi,xyBTaHvp,6639.0
1178,0,FVYwGhLu,izUAPpdi,6639.0
1178,0,cNWTidvb,FVYwGhLu,6588.0
1178,0,xqQnPHkt,cNWTidvb,7742.0
1178,0,IfTbUocE,xqQnPHkt,7730.0
1178,0,OgnAStiZ,IfTbUocE,8521.0
1178,0,NmJVuAxS,OgnAStiZ,8521.0
1178,0,VFLsoIHD,NmJVuAxS,8545.0
1178,0,LLWkkTwA,VFLsoIHD,8475.0
1178,0,ZTMEdEeK,LLWkkTwA,8423.0
1178,0,ogOCBKAf,ZTMEdEeK,8480.0
129,0,drFxsmcp,zijvldJJ,164.0
129,0,PywYzQHY,drFxsmcp,164.0
1263,0,RufmISTr,PywYzQHY,1744.0
463,0,oXQrzcje,gHWJyJxY,3672.0
463,0,fyqDJAhS,oXQrzcje,3672.0
463,0,HpfZbCVA,fyqDJAhS,4459.0
463,0,glDvUhXc,HpfZbCVA,4621.0
463,0,FhKkSAFH,glDvUhXc,4621.0
463,0,taPJzyhF,FhKkSAFH,4621.0
725,0,HezLsNFQ,tyeyrnYi,983.0
725,0,eusqYKWT,HezLsNFQ,952.0
725,0,dCWftKsk,eusqYKWT,943.0
725,0,HpfZbCVA,dCWftKsk,859.0
725,0,glDvUhXc,HpfZbCVA,859.0
725,0,FhKkSAFH,glDvUhXc,859.0
725,0,taPJzyhF,FhKkSAFH,859.0
719,0,dCWftKsk,xOHMcnRu,470.0
719,0,HpfZbCVA,dCWftKsk,413.0
719,0,EYgpmtHR,HpfZbCVA,337.0
719,0,glDvUhXc,EYgpmtHR,337.0
719,0,FhKkSAFH,glDvUhXc,337.0
719,0,hSRFRBsa,FhKkSAFH,337.0
250,0,HpfZbCVA,dCWftKsk,4017.0
250,0,glDvUhXc,HpfZbCVA,4017.0
250,0,FhKkSAFH,glDvUhXc,4017.0
250,0,taPJzyhF,FhKkSAFH,4017.0
1221,0,bjEpkupt,gxlaiARP,11107.0
1221,0,FYgdoWMK,bjEpkupt,10900.0
1221,0,zAqZkkQx,FYgdoWMK,10856.0
1221,0,vFpuvjcu,zAqZkkQx,10856.0
1221,0,dlIiZmBi,vFpuvjcu,10856.0
291,0,jFmPCmzM,AjJCgCBk,110.0
291,0,fkZFUNSd,jFmPCmzM,110.0
291,0,cttUtMNm,fkZFUNSd,378.0
291,0,wHfmVQMh,cttUtMNm,378.0
291,0,mdGitRQe,wHfmVQMh,387.0
291,0,SOBUilCD,mdGitRQe,780.0
291,0,RVGhYAxc,SOBUilCD,780.0
1623,0,iSMSiXHg,GYenbKMg,670.0
14,0,nCsqpnJo,owFNQNZv,5514.0
14,0,gnmwaIOJ,nCsqpnJo,5514.0
14,0,pygvGZaF,gnmwaIOJ,5514.0
14,0,bsQVAuyn,pygvGZaF,5514.0
14,0,VTHwomVj,bsQVAuyn,4666.0
14,0,VbpBVdde,VTHwomVj,6069.0
14,0,ocwJSpah,VbpBVdde,5254.0
14,0,CheNYOmP,ocwJSpah,6791.0
14,0,xYUjBvzT,CheNYOmP,7700.0
14,0,JXJZtHSD,xYUjBvzT,7709.0
14,0,owqgejgM,JXJZtHSD,3071.0
1395,0,IoxYvxeH,kVhbTVuU,1082.0
1395,0,yrlDljAC,IoxYvxeH,1220.0
1395,0,rBCwdRqs,yrlDljAC,1220.0
1395,0,olAnplnl,rBCwdRqs,1220.0
1395,0,hpCuKAjH,olAnplnl,1220.0
1395,0,tyeyrnYi,hpCuKAjH,1220.0
1395,0,HezLsNFQ,tyeyrnYi,1220.0
1395,0,eusqYKWT,HezLsNFQ,1638.0
1395,0,xOHMcnRu,eusqYKWT,1951.0
1395,0,dCWftKsk,xOHMcnRu,1951.0
1395,0,CSzsuVOH,dCWftKsk,1951.0
1395,0,aUZoPZMc,CSzsuVOH,1951.0
1395,0,xOhGqygU,aUZoPZMc,1951.0
1395,0,qOuhMtTj,xOhGqygU,980.0
1395,0,KCvWJpxq,qOuhMtTj,980.0
1665,0,aTlqsXfd,iezkylgj,2500.0
1665,0,bSoWRArq,aTlqsXfd,2500.0
1665,0,RZSdunHk,bSoWRArq,2500.0
1665,0,wggFpXDl,RZSdunHk,2481.0
1665,0,PFPLEnYs,wggFpXDl,2481.0
1665,0,mkJuKiBe,PFPLEnYs,1909.0
1665,0,NioHjTzW,VcqDmTtv,2260.0
1665,0,iezkylgj,NioHjTzW,2260.0
1665,0,paIawFeA,nIakFMcq,1520.0
1665,0,VcqDmTtv,paIawFeA,1581.0
1183,0,HACGurUy,ABBXwUbo,121.0
1183,0,IAWSKEHF,HACGurUy,109.0
1183,0,leVkrEcC,IAWSKEHF,108.0
1183,0,XiLvnZTk,leVkrEcC,107.0
1190,0,bpTBwobH,InEujKOO,704.0
1190,0,mSsugdoq,bpTBwobH,705.0
1190,0,GOFcQtxc,mSsugdoq,706.0
1190,0,CtbKcCWS,GOFcQtxc,699.0
1190,0,tLfbIJdr,CtbKcCWS,699.0
1190,0,NosTVaAF,tLfbIJdr,1351.0
1190,0,CZBrBkrq,NosTVaAF,1351.0
1190,0,DZOaDIuU,CZBrBkrq,1234.0
1325,0,fgAPkwgD,TPescrDz,5.0
1175,0,ttCfyKrF,uDcqHVPS,325.0
1175,0,QdPMJYQQ,ttCfyKrF,325.0
1175,0,TcXrIYig,QdPMJYQQ,325.0
1175,0,pYAYKpHc,TcXrIYig,325.0
320,0,sCyvkPkr,XwcxmOai,83.0
320,0,YLjwrcCY,sCyvkPkr,83.0
320,0,RfzcmazU,YLjwrcCY,83.0
320,0,ImIhxSnH,RfzcmazU,83.0
320,0,iEKuRfDT,ImIhxSnH,83.0
320,0,PlyJazqR,iEKuRfDT,83.0
320,0,kkrKJmiC,PlyJazqR,83.0
320,0,psXocZQH,kkrKJmiC,83.0
320,0,yprCGtVa,psXocZQH,83.0
320,0,pPqywgRl,yprCGtVa,191.0
320,0,SJHseTdc,pPqywgRl,191.0
320,0,lqMPnIra,SJHseTdc,191.0
320,0,QPoJLiJK,lqMPnIra,191.0
320,0,udvGqqIc,QPoJLiJK,191.0
320,0,FFlVogkV,udvGqqIc,191.0
318,0,lOtREfVG,AmahvgQB,1351.0
318,0,zCyzbjXU,lOtREfVG,442.0
318,0,SDiGilLw,zCyzbjXU,442.0
204,0,zCyzbjXU,lOtREfVG,248.0
204,0,SDiGilLw,zCyzbjXU,248.0
147,0,lOtREfVG,AmahvgQB,63.0
147,0,zCyzbjXU,lOtREfVG,42.0
147,0,SDiGilLw,zCyzbjXU,42.0
14,0,SOBUilCD,mdGitRQe,5298.0
14,0,xiCfcAgb,SOBUilCD,5298.0
1262,0,lOtREfVG,AmahvgQB,3301.0
1262,0,SMhobJmy,lOtREfVG,3301.0
1262,0,ZdIQslRD,SMhobJmy,2914.0
1262,0,noVetmot,ZdIQslRD,2914.0
1262,0,MGitFLID,noVetmot,2914.0
1262,0,kYpOneyC,MGitFLID,2914.0
1262,0,fQmxveIO,kYpOneyC,2900.0
1262,0,DRTLnTnI,fQmxveIO,2900.0
1262,0,eKMWhxRF,DRTLnTnI,2900.0
1262,0,PKfyrIVb,eKMWhxRF,1966.0
1262,0,uGNDunGF,PKfyrIVb,1966.0
1317,0,xiCfcAgb,AszcEtOu,6826.0
52,0,FZsFzszJ,gzTQJVMW,1472.0
52,0,ALhaazBT,FZsFzszJ,1485.0
52,0,ZijVddwt,ALhaazBT,2153.0
52,0,gzTQJVMW,RVEyrwjR,1397.0
215,0,JVRJClPS,cmBFyxQG,82.0
318,0,tpTDqbZI,SgGmeaHk,1.0
318,0,hhrNEaMZ,tpTDqbZI,1.0
318,0,BeiMHrtx,hhrNEaMZ,1.0
318,0,sZwmfbNt,BeiMHrtx,1.0
356,0,PKHBWIBu,nTVsVrjG,812.0
356,0,ICtDTIBO,PKHBWIBu,812.0
590,0,LVcdwgEp,ubzklVlS,3572.0
590,0,yLFlKjKg,LVcdwgEp,3738.0
1258,0,AszcEtOu,BpAiVnps,1808.0
1258,0,TCqyxHhF,AszcEtOu,2133.0
1258,0,TcEVvOUM,TCqyxHhF,2174.0
1258,0,qGnNRXVR,TcEVvOUM,2177.0
1258,0,yLFlKjKg,qGnNRXVR,2389.0
1189,0,hPbxQISN,jnDfAorM,1123.0
1255,0,PhjcDdmq,ogOCBKAf,102.0
1255,0,bHagonKv,PhjcDdmq,102.0
1255,0,Vlipnutt,bHagonKv,102.0
14,0,RjtzWJgw,xiCfcAgb,5309.0
1374,0,GvhVJqUj,NZGnRwVn,357.0
1374,0,pYVbvizw,GvhVJqUj,357.0
1374,0,bdIbpKdP,pYVbvizw,358.0
1374,0,VJibZvbS,bdIbpKdP,358.0
1374,0,uSZbdBno,VJibZvbS,378.0
1374,0,GtaXwPrK,uSZbdBno,378.0
1374,0,SfxDAXEq,GtaXwPrK,378.0
1374,0,PIUpvPaY,SfxDAXEq,379.0
1374,0,XCZfXGna,PIUpvPaY,576.0
1374,0,cJinKFJn,XCZfXGna,576.0
719,0,jQaLNViL,gyQqEnFq,115.0
14,0,owFNQNZv,RjtzWJgw,5376.0
1664,0,RBBxesxu,WyfCQhSW,347.0
1664,0,dJJmWSZi,RBBxesxu,347.0
1664,0,JNybvbry,dJJmWSZi,347.0
1664,0,pKQmWfSR,JNybvbry,347.0
1664,0,AFMSRepx,pKQmWfSR,553.0
1664,0,WEgiiGlQ,AFMSRepx,594.0
1664,0,sLYsFXAH,WEgiiGlQ,594.0
1664,0,WjKdBsVK,sLYsFXAH,594.0
1664,0,STKMtPtJ,WjKdBsVK,594.0
1664,0,MyVorJBj,STKMtPtJ,594.0
1664,0,AayEawbi,MyVorJBj,594.0
291,0,QHFmFyLR,EkWBPXmr,1.0
291,0,neNWquOh,QHFmFyLR,1.0
291,0,KwaxxmSs,neNWquOh,1.0
291,0,GnsXgGJX,KwaxxmSs,1.0
291,0,VjdckTjW,GnsXgGJX,1.0
291,0,aUPouXsN,VjdckTjW,1.0
291,0,SlfNpref,aUPouXsN,85.0
291,0,nrKKniYe,SlfNpref,85.0
291,0,AjJCgCBk,nrKKniYe,85.0
1263,0,PywYzQHY,zijvldJJ,177.0
1549,0,lqMPnIra,HGjkimBc,7.0
1549,0,eKMWhxRF,lqMPnIra,7.0
1549,0,PKfyrIVb,eKMWhxRF,7.0
1549,0,uGNDunGF,PKfyrIVb,7.0
1549,0,tkDBwPiV,uGNDunGF,7.0
590,0,RYTcAdhr,yLFlKjKg,1600.0
590,0,VmCBWvEb,RYTcAdhr,1803.0
590,0,XDkzDtUZ,VmCBWvEb,1803.0
590,0,BYVXItej,XDkzDtUZ,1803.0
1374,0,QHFmFyLR,EkWBPXmr,126.0
1374,0,neNWquOh,QHFmFyLR,126.0
1374,0,KwaxxmSs,neNWquOh,135.0
1374,0,PSjGjQXK,KwaxxmSs,135.0
1374,0,FDPmqphv,PSjGjQXK,216.0
1374,0,aVjdmBcp,FDPmqphv,216.0
1374,0,mKIQRbrs,aVjdmBcp,216.0
1374,0,qvujbmjR,mKIQRbrs,280.0
1374,0,SqxhBMol,qvujbmjR,281.0
1374,0,MzWshIAL,SqxhBMol,290.0
1374,0,NZGnRwVn,MzWshIAL,306.0
1374,0,lOxXZcFl,cJinKFJn,566.0
1374,0,dxlyVRvH,lOxXZcFl,566.0
729,0,NLDgVASg,QGNcLOop,3.0
729,0,DKPrUpnj,NLDgVASg,3.0
729,0,lBopHXdD,DKPrUpnj,3.0
729,0,Oslgxmkx,lBopHXdD,3.0
729,0,AtcDBGpE,Oslgxmkx,3.0
729,0,nsjiKPCz,AtcDBGpE,3.0
729,0,vfdAIPGv,nsjiKPCz,3.0
729,0,ubZrQMid,vfdAIPGv,3.0
729,0,gBkmsEyR,ubZrQMid,3.0
729,0,cGoHBmgo,gBkmsEyR,3.0
729,0,EkWBPXmr,cGoHBmgo,3.0
1646,0,rFdYeguL,KQSHMGnw,247.0
1646,0,zSOBHhoP,rFdYeguL,247.0
1646,0,qBoqSZqr,zSOBHhoP,247.0
1646,0,yeapPLlD,qBoqSZqr,247.0
1646,0,TvGyfQSI,yeapPLlD,269.0
1646,0,ShCqTXMl,TvGyfQSI,464.0
1646,0,xRJArdDK,ShCqTXMl,487.0
1646,0,zRaNzOkn,xRJArdDK,487.0
1645,0,dAjqsFfg,tJbXQuOE,1.0
1645,0,QewuHWYk,dAjqsFfg,1.0
215,0,ZZUoaXbF,JVRJClPS,50.0
1269,0,xYfYRJnz,yXfOYhmg,8.0
1269,0,bvZtLhoP,xYfYRJnz,8.0
1269,0,NoGATiBT,bvZtLhoP,8.0
1269,0,JvDZYJph,NoGATiBT,8.0
1269,0,gdbAGAQU,JvDZYJph,8.0
1269,0,ANpclgWP,gdbAGAQU,8.0
1269,0,LWqTSxPr,ANpclgWP,8.0
1269,0,tBgOcvQf,LWqTSxPr,8.0
1269,0,DzkWADkh,tBgOcvQf,8.0
1269,0,MjMnNBLG,DzkWADkh,8.0
1269,0,XiRzIewe,MjMnNBLG,8.0
1269,0,udKeccMr,XiRzIewe,8.0
1269,0,HEshVETB,udKeccMr,8.0
1269,0,WKWTpoqQ,HEshVETB,8.0
1269,0,oUmVLfUX,WKWTpoqQ,8.0
1269,0,fJdABIlw,oUmVLfUX,8.0
1269,0,mXwfazRz,fJdABIlw,8.0
1269,0,NGAodVTg,mXwfazRz,8.0
1269,0,TvGyfQSI,NGAodVTg,8.0
1269,0,HFYkXdPG,TvGyfQSI,8.0
1269,0,KjgVoxgR,HFYkXdPG,8.0
1269,0,xTOrUJFO,KjgVoxgR,8.0
1269,0,EmkugZPX,xTOrUJFO,8.0
1269,0,lmZJehpq,EmkugZPX,8.0
1269,0,tDDddUJb,lmZJehpq,8.0
1269,0,RVGhYAxc,tDDddUJb,8.0
1269,0,BpAiVnps,RVGhYAxc,8.0
1269,0,LKVeVUNI,BpAiVnps,8.0
1269,0,dbPZeeiE,LKVeVUNI,8.0
1269,0,CsDsDrdU,dbPZeeiE,8.0
1269,0,AmahvgQB,CsDsDrdU,8.0
1379,0,pKTlpooZ,voXQjjKh,896.0
1379,0,VcqDmTtv,pKTlpooZ,896.0
1379,0,NioHjTzW,VcqDmTtv,410.0
1379,0,XGJiqzLW,NioHjTzW,410.0
1671,0,ihoYGoHN,IAWSKEHF,28.0
1671,0,kpWRWDUl,ihoYGoHN,37.0
1671,0,leVkrEcC,kpWRWDUl,37.0
1671,0,wgFmWmqT,leVkrEcC,37.0
1671,0,XTnubosJ,wgFmWmqT,37.0
1671,0,CcjcuryA,XTnubosJ,37.0
1671,0,FStgRiBS,CcjcuryA,28.0
1671,0,GkYZbgqg,FStgRiBS,28.0
1671,0,FlYjxOxQ,GkYZbgqg,28.0
1671,0,wFSILCzc,FlYjxOxQ,28.0
1671,0,yQQuLFAg,wFSILCzc,28.0
1662,0,XGJiqzLW,xSynUqPV,160.0
1700,0,eooROOMz,ukWnzNPU,58.0
1700,0,uxYyJnud,eooROOMz,73.0
1700,0,MyzsDSvl,uxYyJnud,73.0
1700,0,rxlNLBXr,MyzsDSvl,68.0
1700,0,losuIFuX,rxlNLBXr,62.0
1700,0,uskMapbi,losuIFuX,62.0
1700,0,yXOuyCwN,uskMapbi,62.0
1700,0,mSGryPaH,yXOuyCwN,62.0
1700,0,OVaoEscJ,mSGryPaH,62.0
1646,0,IMTItMKU,zRaNzOkn,289.0
1700,0,xQqwXgNZ,OVaoEscJ,33.0
1700,0,BMprcpdo,xQqwXgNZ,33.0
1183,0,ABBXwUbo,wuDdaesk,118.0
1183,0,FStgRiBS,XiLvnZTk,10.0
1183,0,GkYZbgqg,FStgRiBS,10.0
1183,0,FlYjxOxQ,GkYZbgqg,10.0
1183,0,wFSILCzc,FlYjxOxQ,10.0
1183,0,yQQuLFAg,wFSILCzc,10.0
1183,0,rckblBTM,yQQuLFAg,10.0
1183,0,fGmFhgnx,rckblBTM,10.0
1183,0,XyHfgUxW,fGmFhgnx,1.0
1183,0,zjjLSYAp,XyHfgUxW,1.0
1183,0,nIakFMcq,zjjLSYAp,1.0
1341,0,XyHfgUxW,fGmFhgnx,23.0
1341,0,zjjLSYAp,XyHfgUxW,23.0
1341,0,nIakFMcq,zjjLSYAp,23.0
1317,0,owFNQNZv,xiCfcAgb,6934.0
1317,0,nCsqpnJo,owFNQNZv,6934.0
1317,0,gnmwaIOJ,nCsqpnJo,6934.0
1317,0,pygvGZaF,gnmwaIOJ,6934.0
1317,0,VTHwomVj,pygvGZaF,6934.0
1661,0,xSynUqPV,ZevQgZaz,164.0
705,0,QpprBOSr,SOVcCDqR,339.0
1703,0,KdjrLWjn,QpprBOSr,184.0
1703,0,AkOiWGvq,KdjrLWjn,192.0
1703,0,iykVulcc,AkOiWGvq,193.0
1703,0,VyxPahNP,iykVulcc,193.0
1703,0,LnANnMXh,VyxPahNP,193.0
1703,0,hUPYukZe,LnANnMXh,193.0
1703,0,uSOMnpdQ,hUPYukZe,193.0
1704,0,RYTcAdhr,yLFlKjKg,59.0
1704,0,VmCBWvEb,RYTcAdhr,59.0
1704,0,pfLNjHVV,VmCBWvEb,59.0
1704,0,qzPLXpkx,pfLNjHVV,59.0
1704,0,zhMspDRK,qzPLXpkx,59.0
1704,0,yjLBxira,zhMspDRK,59.0
1704,0,BYVXItej,yjLBxira,59.0
1704,0,vfbdLzPe,BYVXItej,59.0
1704,0,LpqOzfFt,vfbdLzPe,59.0
1704,0,pxIybRUN,LpqOzfFt,59.0
1704,0,jcIgNgIp,pxIybRUN,59.0
102,0,WdOwNGhj,xfbmoJHP,1.0
102,0,kKKRBhFF,WdOwNGhj,1.0
1106,0,awOEKaEj,qdrjbHYS,113.0
1106,0,fFHpEWYG,awOEKaEj,113.0
1106,0,jOxyxYyy,fFHpEWYG,113.0
1106,0,eVGAINdZ,jOxyxYyy,113.0
1106,0,zOQhKaAF,eVGAINdZ,113.0
1106,0,hfsVeMMa,zOQhKaAF,113.0
1106,0,isVKhOXG,hfsVeMMa,113.0
1106,0,mKIQRbrs,isVKhOXG,113.0
1106,0,qvujbmjR,mKIQRbrs,113.0
1106,0,SqxhBMol,qvujbmjR,113.0
1106,0,nrKKniYe,SqxhBMol,113.0
1106,0,SWnceHEw,nrKKniYe,113.0
1106,0,AjJCgCBk,SWnceHEw,113.0
1106,0,jFmPCmzM,AjJCgCBk,113.0
1106,0,TrOiZJox,jFmPCmzM,113.0
1106,0,fkZFUNSd,TrOiZJox,113.0
1106,0,cttUtMNm,fkZFUNSd,113.0
1106,0,wHfmVQMh,cttUtMNm,113.0
1106,0,mdGitRQe,wHfmVQMh,113.0
1106,0,xiCfcAgb,mdGitRQe,113.0
1106,0,RjtzWJgw,xiCfcAgb,113.0
1106,0,owFNQNZv,RjtzWJgw,113.0
1106,0,nCsqpnJo,owFNQNZv,113.0
1106,0,gnmwaIOJ,nCsqpnJo,113.0
1106,0,pygvGZaF,gnmwaIOJ,113.0
1106,0,bsQVAuyn,pygvGZaF,113.0
1618,0,eKMWhxRF,lqMPnIra,209.0
1618,0,pRsoSsPh,eKMWhxRF,210.0
1618,0,pUxrqkbR,pRsoSsPh,210.0
1618,0,GmRorurF,pUxrqkbR,210.0
1618,0,rWJbJwsc,GmRorurF,210.0
1049,0,dfrJZjmW,NjRgIRup,339.0
1049,0,AFcMAvOI,dfrJZjmW,361.0
1049,0,jUExBSiR,AFcMAvOI,361.0
1049,0,vPrJwoLq,jUExBSiR,361.0
1049,0,aHDoehBY,vPrJwoLq,361.0
1049,0,TgdVKieU,aHDoehBY,414.0
1049,0,DexqYjKS,TgdVKieU,414.0
1049,0,wuDdaesk,DexqYjKS,532.0
865,0,BWuENvCw,HwvMiFbO,189.0
865,0,mjzDXpvt,BWuENvCw,189.0
865,0,ZIPCqImv,mjzDXpvt,153.0
865,0,aWNaUdzp,ZIPCqImv,152.0
865,0,FCsbIOBe,aWNaUdzp,56.0
865,0,wyEQXfIU,FCsbIOBe,56.0
865,0,gGjwcdJB,wyEQXfIU,56.0
1019,0,mxJvcQxS,PdLgkxcT,195.0
1019,0,tSdKaLnH,mxJvcQxS,195.0
1019,0,HoEIDywv,tSdKaLnH,195.0
1019,0,bLNlBUaT,HoEIDywv,142.0
1643,0,zciPUDzN,RfgTYnKH,62.0
1643,0,jHHlfIjj,zciPUDzN,62.0
1643,0,FDNEUies,jHHlfIjj,62.0
1643,0,MRNmFwSk,FDNEUies,62.0
1643,0,FYonLsVT,MRNmFwSk,62.0
1643,0,yQTlxjhE,FYonLsVT,62.0
1643,0,OQuuHQtW,yQTlxjhE,62.0
1643,0,BZfkJyvP,OQuuHQtW,62.0
1643,0,pdLPgMHo,BZfkJyvP,62.0
1643,0,nCsqpnJo,pdLPgMHo,62.0
1643,0,gnmwaIOJ,nCsqpnJo,62.0
1643,0,pygvGZaF,gnmwaIOJ,62.0
1643,0,bsQVAuyn,pygvGZaF,62.0
1643,0,VTHwomVj,bsQVAuyn,62.0
705,0,Plxavose,QpprBOSr,103.0
705,0,iMjvswBX,Plxavose,33.0
1258,0,FYhykdTj,SOVcCDqR,1241.0
1258,0,QpprBOSr,FYhykdTj,1230.0
1258,0,Plxavose,QpprBOSr,369.0
1025,0,nwkrSJhR,fjelfjhU,2.0
1025,0,hNkOvWXQ,nwkrSJhR,1.0
1025,0,eZiXxBSP,hNkOvWXQ,1.0
1025,0,SaZyOqOi,eZiXxBSP,1.0
1025,0,oRpydnwU,SaZyOqOi,1.0
1025,0,yyEOaSxi,oRpydnwU,1.0
1025,0,obftSQtS,yyEOaSxi,1.0
1025,0,yKgFraCR,obftSQtS,1.0
1025,0,LIDMLZkw,yKgFraCR,1.0
1025,0,JEpPbBSc,LIDMLZkw,1.0
1025,0,YkNJvTAu,JEpPbBSc,1.0
1025,0,TIlepZYr,YkNJvTAu,1.0
1025,0,UvdLYolu,TIlepZYr,1.0
1025,0,ZFKsyBay,UvdLYolu,1.0
1025,0,suvDbtPR,ZFKsyBay,1.0
1025,0,clVXMHJf,suvDbtPR,1.0
1025,0,UXEWVZzP,clVXMHJf,1.0
1025,0,MlYFoaez,UXEWVZzP,1.0
1025,0,XeinAhyy,MlYFoaez,1.0
1025,0,pGpZhRvq,XeinAhyy,1.0
1025,0,alaJPSTW,pGpZhRvq,1.0
1025,0,ngNzeSzC,alaJPSTW,1.0
1025,0,PHuvYJrP,ngNzeSzC,1.0
1025,0,FoxIDeQY,PHuvYJrP,1.0
1025,0,dZoxKDmD,FoxIDeQY,1.0
1025,0,ZOuLYtJj,dZoxKDmD,1.0
1025,0,SGnJOquj,ZOuLYtJj,1.0
1025,0,vacPrbQA,SGnJOquj,1.0
1025,0,bHagonKv,vacPrbQA,1.0
1025,0,Vlipnutt,bHagonKv,1.0
1025,0,XiLvnZTk,Vlipnutt,1.0
1025,0,FlYjxOxQ,XiLvnZTk,1.0
1025,0,yQQuLFAg,FlYjxOxQ,1.0
1025,0,rckblBTM,yQQuLFAg,1.0
1025,0,fGmFhgnx,rckblBTM,1.0
1025,0,zjjLSYAp,fGmFhgnx,1.0
1700,0,oPeQOpNY,zKlIayrT,14.0
1700,0,LurFzbrs,oPeQOpNY,14.0
1700,0,ukWnzNPU,LurFzbrs,14.0
1408,0,irunVpff,sPOOXkzZ,466.0
1408,0,NMFCXTQH,irunVpff,465.0
1408,0,wXyAETzh,NMFCXTQH,465.0
1408,0,rmmCKKeS,wXyAETzh,465.0
1408,0,VtPnVtjF,rmmCKKeS,465.0
1408,0,DKWSfiEo,VtPnVtjF,465.0
1408,0,CHKZpApa,DKWSfiEo,185.0
1408,0,YvLuczKe,CHKZpApa,185.0
1408,0,cThdGxLv,YvLuczKe,192.0
250,0,uaQvVFAB,taPJzyhF,3877.0
250,0,MnTeelLR,uaQvVFAB,3865.0
546,0,ALhaazBT,FZsFzszJ,5.0
546,0,ZijVddwt,ALhaazBT,5.0
1325,0,cOiBEGlK,tYTpUUxD,713.0
1325,0,RinxBkUZ,cOiBEGlK,713.0
1325,0,LhgNVAOU,RinxBkUZ,713.0
1317,0,buRRNGGe,CheNYOmP,6312.0
1317,0,nChZnrmr,buRRNGGe,6312.0
1317,0,RSRIdzBF,nChZnrmr,6312.0
1317,0,rcsEeYnc,RSRIdzBF,6312.0
1317,0,jnDfAorM,rcsEeYnc,6312.0
1537,0,ULIlEdjB,XHLHCkqn,16.0
1537,0,zfmNZkKD,ULIlEdjB,16.0
1537,0,LASpLrUw,zfmNZkKD,16.0
1537,0,GnVcDFUF,LASpLrUw,16.0
1537,0,QzUmfmWq,GnVcDFUF,16.0
1537,0,FozFNjrC,QzUmfmWq,16.0
1537,0,loXKeyiW,FozFNjrC,16.0
1537,0,vDrIQGSM,loXKeyiW,16.0
1537,0,wYGnXViz,vDrIQGSM,16.0
1537,0,vePIvsJu,wYGnXViz,16.0
1537,0,BCaYhIgf,vePIvsJu,16.0
1537,0,jvuOCfJT,BCaYhIgf,16.0
1537,0,vGKZybsV,jvuOCfJT,16.0
54,0,AszcEtOu,BpAiVnps,192.0
54,0,xiCfcAgb,AszcEtOu,192.0
1325,0,tYTpUUxD,paIawFeA,484.0
1325,0,uijbLdHW,LhgNVAOU,1389.0
1325,0,LjyXiIAT,uijbLdHW,1389.0
1325,0,InEujKOO,LjyXiIAT,1389.0
705,0,CpULuhdq,iMjvswBX,31.0
705,0,tJbXQuOE,CpULuhdq,31.0
1325,0,DgFFenGX,InEujKOO,1351.0
1325,0,paIawFeA,nIakFMcq,359.0
1612,0,nbddTMrG,XNgGrRZp,10.0
1612,0,wwRbiLuR,nbddTMrG,10.0
1612,0,zjuQPxhV,wwRbiLuR,10.0
1612,0,GjtgPBZH,zjuQPxhV,10.0
1612,0,AyRaCeuc,GjtgPBZH,10.0
1612,0,tYBUyXXf,AyRaCeuc,10.0
635,0,QpprBOSr,SOVcCDqR,522.0
226,0,QpprBOSr,SOVcCDqR,134.0
1209,0,HaEOaLMB,dpFXbFTh,1.0
1209,0,IkeqCtDY,HaEOaLMB,1.0
1209,0,wpHpdxFs,IkeqCtDY,1.0
1209,0,QHulIYnO,wpHpdxFs,1.0
1209,0,sKtQEUzZ,QHulIYnO,1.0
1209,0,QYkjMXrW,sKtQEUzZ,1.0
1209,0,WlZgmutc,QYkjMXrW,1.0
1209,0,acVCzwtl,WlZgmutc,1.0
1209,0,TIlepZYr,acVCzwtl,1.0
1209,0,BmQLYaPd,TIlepZYr,1.0
1209,0,UvdLYolu,BmQLYaPd,1.0
1209,0,ZFKsyBay,UvdLYolu,1.0
1209,0,suvDbtPR,ZFKsyBay,1.0
1209,0,clVXMHJf,suvDbtPR,1.0
1209,0,UXEWVZzP,clVXMHJf,1.0
1209,0,MlYFoaez,UXEWVZzP,1.0
1209,0,XeinAhyy,MlYFoaez,1.0
1209,0,pGpZhRvq,XeinAhyy,1.0
1209,0,alaJPSTW,pGpZhRvq,1.0
1209,0,ngNzeSzC,alaJPSTW,1.0
1209,0,PHuvYJrP,ngNzeSzC,1.0
1209,0,FoxIDeQY,PHuvYJrP,1.0
1209,0,dZoxKDmD,FoxIDeQY,1.0
1209,0,ZOuLYtJj,dZoxKDmD,1.0
1209,0,SGnJOquj,ZOuLYtJj,1.0
1209,0,vacPrbQA,SGnJOquj,1.0
1209,0,PhjcDdmq,vacPrbQA,1.0
1209,0,bHagonKv,PhjcDdmq,1.0
1209,0,Vlipnutt,bHagonKv,1.0
1209,0,XiLvnZTk,Vlipnutt,1.0
1209,0,FStgRiBS,XiLvnZTk,1.0
1209,0,GkYZbgqg,FStgRiBS,1.0
1209,0,FlYjxOxQ,GkYZbgqg,1.0
1209,0,yQQuLFAg,FlYjxOxQ,1.0
1699,0,paIawFeA,nIakFMcq,12.0
1699,0,VcqDmTtv,paIawFeA,13.0
1699,0,bSoWRArq,VcqDmTtv,33.0
1699,0,RZSdunHk,bSoWRArq,33.0
1699,0,wggFpXDl,RZSdunHk,33.0
1699,0,PFPLEnYs,wggFpXDl,33.0
1699,0,WjJrQPKY,PFPLEnYs,33.0
1699,0,OFDSKCGJ,WjJrQPKY,34.0
1699,0,ZVaTNlgO,OFDSKCGJ,41.0
1699,0,mJMjzUfK,ZVaTNlgO,41.0
1700,0,hPbxQISN,jnDfAorM,6.0
1700,0,zKlIayrT,hPbxQISN,6.0
96,0,xQSKBJml,SwLVnWPq,25.0
96,0,eXTjiXiW,xQSKBJml,25.0
96,0,UUCrlfWg,eXTjiXiW,25.0
96,0,YULSfngF,UUCrlfWg,25.0
96,0,ozuppJDT,YULSfngF,25.0
96,0,xGsoSfhX,ozuppJDT,25.0
96,0,RVGhYAxc,xGsoSfhX,25.0
96,0,BpAiVnps,RVGhYAxc,25.0
96,0,LKVeVUNI,BpAiVnps,25.0
96,0,dbPZeeiE,LKVeVUNI,25.0
96,0,CsDsDrdU,dbPZeeiE,25.0
96,0,rJRvqICk,CsDsDrdU,25.0
96,0,AmahvgQB,rJRvqICk,25.0
96,0,aYSqaQmJ,AmahvgQB,25.0
96,0,zgCGmKZn,aYSqaQmJ,25.0
96,0,JKFFGKvY,zgCGmKZn,25.0
96,0,EVAUYvVR,JKFFGKvY,25.0
96,0,GYfZYaJh,EVAUYvVR,25.0
96,0,OpgRCgWV,GYfZYaJh,25.0
96,0,ntDOQspU,OpgRCgWV,25.0
96,0,AXkvSZpr,ntDOQspU,25.0
1325,0,mSsugdoq,DgFFenGX,1334.0
1190,0,RIpTuvwk,KQSHMGnw,19.0
1190,0,ubzklVlS,RIpTuvwk,36.0
1190,0,LVcdwgEp,ubzklVlS,53.0
1190,0,yLFlKjKg,LVcdwgEp,53.0
1190,0,isWzWnoW,yLFlKjKg,108.0
1190,0,fcSUqaEW,isWzWnoW,108.0
1190,0,YJykDsrc,fcSUqaEW,108.0
1190,0,YpVxAvQG,YJykDsrc,226.0
1190,0,RinxBkUZ,YpVxAvQG,243.0
1190,0,LhgNVAOU,RinxBkUZ,243.0
1190,0,uijbLdHW,LhgNVAOU,672.0
1190,0,LjyXiIAT,uijbLdHW,672.0
1190,0,InEujKOO,LjyXiIAT,672.0
866,0,CSzsuVOH,gGjwcdJB,2281.0
866,0,aUZoPZMc,CSzsuVOH,2281.0
866,0,xOhGqygU,aUZoPZMc,2281.0
866,0,qOuhMtTj,xOhGqygU,2339.0
866,0,YcrsfAeA,qOuhMtTj,2345.0
866,0,PxQNjmHA,YcrsfAeA,2428.0
866,0,AGvhWyhD,PxQNjmHA,2432.0
1699,0,TzOVcXdr,mJMjzUfK,39.0
1106,0,VTHwomVj,bsQVAuyn,85.0
1106,0,VbpBVdde,VTHwomVj,85.0
1106,0,ocwJSpah,VbpBVdde,85.0
1106,0,CheNYOmP,ocwJSpah,85.0
1317,0,HhzNhCIb,VTHwomVj,4179.0
1317,0,VbpBVdde,HhzNhCIb,4179.0
1317,0,ocwJSpah,VbpBVdde,4179.0
1317,0,CheNYOmP,ocwJSpah,4509.0
1664,0,WyfCQhSW,ogOCBKAf,344.0
1678,0,vbDiZAaI,BMprcpdo,765.0
1678,0,piDlsDeZ,vbDiZAaI,765.0
1678,0,uwEtaQlz,piDlsDeZ,765.0
1678,0,AosTMSAk,uwEtaQlz,769.0
1678,0,gJBgflgH,AosTMSAk,769.0
1678,0,HUSVGpqn,gJBgflgH,802.0
1678,0,DCZZhCfP,HUSVGpqn,802.0
1678,0,WwnuanyA,DCZZhCfP,802.0
1678,0,QpprBOSr,WwnuanyA,805.0
1678,0,Plxavose,QpprBOSr,1740.0
1678,0,xqQnPHkt,Plxavose,1749.0
1678,0,IfTbUocE,xqQnPHkt,1760.0
1678,0,JcXDDijg,IfTbUocE,4246.0
1678,0,jUsnmWea,JcXDDijg,4246.0
1678,0,EaDTtGYp,jUsnmWea,4246.0
1221,0,MnTeelLR,MklhhYCQ,5434.0
1221,0,WIZPpGvl,MnTeelLR,5434.0
1338,0,IfTbUocE,Plxavose,7655.0
1678,0,BJjcRhiE,EaDTtGYp,4230.0
1695,0,SsTrbdxo,UgzfanVk,117.0
1695,0,wGMdZeqa,SsTrbdxo,117.0
1695,0,yYFXObAF,wGMdZeqa,117.0
1695,0,xMwzCIXQ,yYFXObAF,117.0
1695,0,NmRushck,xMwzCIXQ,226.0
1695,0,JLvNOQnl,NmRushck,226.0
1325,0,jSFFeqWE,mSsugdoq,1063.0
1325,0,SPymtbHS,jSFFeqWE,1063.0
1325,0,uERHVBdu,SPymtbHS,1063.0
1325,0,yWkNHrCP,uERHVBdu,1063.0
1325,0,UyunGRcj,yWkNHrCP,586.0
1325,0,FhiUibmP,UyunGRcj,586.0
1176,0,PNniCxAw,vacPrbQA,1082.0
1176,0,aZaGhhAB,PNniCxAw,1144.0
1176,0,CVcknAiw,aZaGhhAB,1144.0
1176,0,uGkwFELU,CVcknAiw,1144.0
1176,0,IzKulrBJ,uGkwFELU,1144.0
1342,0,RinxBkUZ,YpVxAvQG,44.0
1342,0,LhgNVAOU,RinxBkUZ,44.0
1342,0,uijbLdHW,LhgNVAOU,115.0
1342,0,LjyXiIAT,uijbLdHW,128.0
1342,0,InEujKOO,LjyXiIAT,128.0
1342,0,mSsugdoq,InEujKOO,128.0
1342,0,VXiNciom,mSsugdoq,158.0
1342,0,YpVxAvQG,BMprcpdo,38.0
1342,0,BMprcpdo,OVaoEscJ,19.0
97,0,ywuGpANM,hpACGGyB,6.0
97,0,BZCtSmhk,ywuGpANM,6.0
97,0,qeXIqBgp,BZCtSmhk,6.0
97,0,jFRqfnFl,qeXIqBgp,6.0
97,0,ysSWNERo,jFRqfnFl,6.0
97,0,lEwLedpG,ysSWNERo,6.0
97,0,lQIpGOTn,lEwLedpG,41.0
97,0,uhUmvvRs,lQIpGOTn,41.0
97,0,svgtEcQx,uhUmvvRs,41.0
97,0,HcPkwFHM,svgtEcQx,41.0
97,0,KjuJaNsu,HcPkwFHM,41.0
97,0,oNyGHMvy,KjuJaNsu,41.0
97,0,QdnKSSsO,oNyGHMvy,41.0
97,0,vSdfqYeK,QdnKSSsO,41.0
97,0,wDpyEsxh,vSdfqYeK,41.0
97,0,jIerKxIb,wDpyEsxh,41.0
97,0,IubGYoNi,jIerKxIb,41.0
97,0,fmQEzQWV,IubGYoNi,41.0
97,0,BpAiVnps,fmQEzQWV,41.0
97,0,AszcEtOu,BpAiVnps,41.0
97,0,xiCfcAgb,AszcEtOu,41.0
1568,0,eKMWhxRF,lqMPnIra,1682.0
1568,0,pRsoSsPh,eKMWhxRF,1734.0
1568,0,pUxrqkbR,pRsoSsPh,2985.0
1568,0,GmRorurF,pUxrqkbR,2991.0
1568,0,rWJbJwsc,GmRorurF,2991.0
1568,0,uuIZngLh,rWJbJwsc,3796.0
1568,0,gHWJyJxY,uuIZngLh,3798.0
1568,0,oXQrzcje,gHWJyJxY,3798.0
1568,0,fyqDJAhS,oXQrzcje,3807.0
1568,0,CSzsuVOH,fyqDJAhS,3932.0
1395,0,HQVZivsH,UTBcifAN,51.0
1395,0,DeiIsjyA,HQVZivsH,51.0
1395,0,anWZyaGW,DeiIsjyA,51.0
1395,0,OrbXRiVv,anWZyaGW,51.0
1395,0,cNuIRYrx,OrbXRiVv,66.0
1395,0,yNIUaSyZ,cNuIRYrx,66.0
1395,0,xiTGCYEl,yNIUaSyZ,66.0
1395,0,NXLrCKMp,xiTGCYEl,243.0
1395,0,FyoAuDvn,NXLrCKMp,243.0
1395,0,WOOyqinT,FyoAuDvn,320.0
1395,0,mnkgCFDT,WOOyqinT,323.0
1395,0,kVhbTVuU,mnkgCFDT,1047.0
865,0,HwvMiFbO,ufpbvrtF,92.0
1325,0,TPescrDz,FhiUibmP,158.0
1326,0,BZEEPDzF,fgAPkwgD,13.0
1699,0,RsPctvEc,TzOVcXdr,18.0
1699,0,DHQonlzC,RsPctvEc,18.0
1699,0,VMhLZsWx,DHQonlzC,18.0
250,0,WIZPpGvl,MnTeelLR,3678.0
635,0,kFnjgEzS,QpprBOSr,457.0
1338,0,OgnAStiZ,IfTbUocE,6595.0
1338,0,NmJVuAxS,OgnAStiZ,6595.0
1678,0,bPMnvhIP,BJjcRhiE,246.0
836,0,ffjXMuak,qeXIqBgp,14641.0
836,0,EDdQplwd,ffjXMuak,14641.0
836,0,XbgiSLmy,EDdQplwd,14646.0
836,0,pXlenLUq,XbgiSLmy,14646.0
836,0,DNyXiZzj,pXlenLUq,14646.0
836,0,rlKLMakt,DNyXiZzj,15525.0
836,0,hVJtIJom,rlKLMakt,15054.0
836,0,jbCYGAcv,hVJtIJom,14960.0
836,0,myLzZQdt,jbCYGAcv,14960.0
1106,0,buRRNGGe,CheNYOmP,72.0
1106,0,nChZnrmr,buRRNGGe,72.0
1106,0,RSRIdzBF,nChZnrmr,72.0
1106,0,rcsEeYnc,RSRIdzBF,72.0
1106,0,jnDfAorM,rcsEeYnc,72.0
1699,0,djdidyfJ,VMhLZsWx,13.0
1699,0,jnDfAorM,djdidyfJ,13.0
1580,0,JJutwAtq,rPxojMaQ,15.0
1580,0,AskNovdG,JJutwAtq,15.0
1580,0,AjbAuHxT,AskNovdG,15.0
1580,0,isKbeCce,AjbAuHxT,15.0
1580,0,Rfsklmcd,isKbeCce,15.0
1580,0,bAkINhTV,Rfsklmcd,15.0
1580,0,VgUdLlOW,bAkINhTV,15.0
1580,0,ywuGpANM,VgUdLlOW,15.0
1580,0,BZCtSmhk,ywuGpANM,15.0
1580,0,qeXIqBgp,BZCtSmhk,15.0
1580,0,gmsNDepi,qeXIqBgp,15.0
1580,0,jFRqfnFl,gmsNDepi,15.0
1580,0,IMEhQaQS,jFRqfnFl,15.0
1695,0,IMEhQaQS,jFRqfnFl,344.0
1183,0,dfrJZjmW,NjRgIRup,5.0
1183,0,AFcMAvOI,dfrJZjmW,11.0
1183,0,jUExBSiR,AFcMAvOI,11.0
1183,0,vPrJwoLq,jUExBSiR,11.0
1183,0,aHDoehBY,vPrJwoLq,11.0
1183,0,TgdVKieU,aHDoehBY,11.0
1183,0,DexqYjKS,TgdVKieU,11.0
1183,0,wuDdaesk,DexqYjKS,11.0
1672,0,OgnAStiZ,IfTbUocE,31.0
1672,0,kFnjgEzS,OgnAStiZ,31.0
1672,0,KeGqLKVV,kFnjgEzS,39.0
1672,0,NpOlpVEB,KeGqLKVV,39.0
1672,0,GwjQuetc,NpOlpVEB,39.0
1672,0,QpprBOSr,WwnuanyA,1.0
1672,0,Plxavose,QpprBOSr,20.0
1672,0,xqQnPHkt,Plxavose,20.0
1672,0,IfTbUocE,xqQnPHkt,21.0
1175,0,dfrJZjmW,NjRgIRup,1849.0
1175,0,AFcMAvOI,dfrJZjmW,1939.0
1175,0,FltmFbyo,AFcMAvOI,1939.0
1175,0,jUExBSiR,FltmFbyo,1939.0
1175,0,vPrJwoLq,jUExBSiR,1939.0
1175,0,aHDoehBY,vPrJwoLq,1939.0
1175,0,SmfTtMBe,aHDoehBY,2067.0
1175,0,TgdVKieU,SmfTtMBe,2067.0
1175,0,DexqYjKS,TgdVKieU,2067.0
1269,0,aYSqaQmJ,AmahvgQB,2.0
1269,0,zgCGmKZn,aYSqaQmJ,2.0
1269,0,EVAUYvVR,zgCGmKZn,2.0
1269,0,GYfZYaJh,EVAUYvVR,2.0
1269,0,OpgRCgWV,GYfZYaJh,2.0
1269,0,ntDOQspU,OpgRCgWV,2.0
1269,0,MlqbsUKu,ntDOQspU,2.0
1269,0,jaCrAUFK,MlqbsUKu,2.0
1269,0,oynLwMrX,jaCrAUFK,2.0
1269,0,EKYbCcms,oynLwMrX,2.0
1395,0,YcrsfAeA,KCvWJpxq,719.0
1395,0,cfrRCwNB,YcrsfAeA,719.0
1613,0,VHoqrdhk,RkUgARot,7.0
1613,0,NKkONliL,VHoqrdhk,7.0
1613,0,zUnCRHoa,NKkONliL,7.0
1613,0,LNbMEmtu,zUnCRHoa,7.0
1613,0,OUzlATeX,LNbMEmtu,7.0
1663,0,YQrIOijs,jnDfAorM,737.0
1663,0,FSklzHpQ,YQrIOijs,737.0
1663,0,cNArzmnq,FSklzHpQ,661.0
1663,0,UNbrDjxM,cNArzmnq,661.0
1338,0,LLWkkTwA,NmJVuAxS,6589.0
1338,0,ZTMEdEeK,LLWkkTwA,6585.0
853,0,dCWftKsk,xOHMcnRu,18.0
853,0,HpfZbCVA,dCWftKsk,18.0
853,0,glDvUhXc,HpfZbCVA,18.0
853,0,FhKkSAFH,glDvUhXc,18.0
853,0,taPJzyhF,FhKkSAFH,18.0
853,0,uaQvVFAB,taPJzyhF,18.0
853,0,MnTeelLR,uaQvVFAB,18.0
1175,0,tZuNjCsn,DexqYjKS,2066.0
1175,0,aUCLtnsj,tZuNjCsn,2066.0
952,0,gzTQJVMW,RVEyrwjR,1441.0
1338,0,ogOCBKAf,ZTMEdEeK,6532.0
1663,0,GJEXlFdt,UNbrDjxM,535.0
1592,0,CSzsuVOH,dCWftKsk,97.0
1592,0,aUZoPZMc,CSzsuVOH,97.0
1592,0,xOhGqygU,aUZoPZMc,97.0
1592,0,qOuhMtTj,xOhGqygU,112.0
1592,0,KCvWJpxq,qOuhMtTj,112.0
1592,0,YcrsfAeA,KCvWJpxq,112.0
1592,0,cfrRCwNB,YcrsfAeA,145.0
1592,0,sKTwWsMk,cfrRCwNB,178.0
1592,0,pmULGxKj,sKTwWsMk,687.0
1592,0,ToEONYdV,pmULGxKj,687.0
374,0,vHkAlmCm,GnOurcjN,1.0
374,0,WynPMslR,vHkAlmCm,1.0
374,0,qjwSVoCq,WynPMslR,1.0
374,0,oFLgHrco,qjwSVoCq,1.0
374,0,yrWAEsGy,oFLgHrco,1.0
374,0,qGIkRenz,yrWAEsGy,1.0
374,0,ytUqATXS,qGIkRenz,1.0
374,0,TcsyXYNn,ytUqATXS,1.0
1592,0,IawIHXne,ToEONYdV,674.0
725,0,uaQvVFAB,taPJzyhF,847.0
725,0,MnTeelLR,uaQvVFAB,847.0
725,0,WIZPpGvl,MnTeelLR,843.0
1663,0,VMzKgUSR,GJEXlFdt,450.0
1663,0,BJDTCJYP,VMzKgUSR,450.0
1663,0,gyedwqXM,BJDTCJYP,450.0
1663,0,LYitljhu,gyedwqXM,450.0
1663,0,UhAwQaaX,LYitljhu,450.0
1663,0,LOIXCDqJ,UhAwQaaX,450.0
865,0,NXLrCKMp,xiTGCYEl,107.0
865,0,FyoAuDvn,NXLrCKMp,107.0
865,0,WOOyqinT,FyoAuDvn,128.0
865,0,mnkgCFDT,WOOyqinT,374.0
865,0,kVhbTVuU,mnkgCFDT,676.0
865,0,IoxYvxeH,kVhbTVuU,676.0
865,0,yrlDljAC,IoxYvxeH,676.0
865,0,rBCwdRqs,yrlDljAC,676.0
865,0,olAnplnl,rBCwdRqs,676.0
865,0,lLIyiFPN,olAnplnl,676.0
865,0,cMNwDvJt,lLIyiFPN,676.0
865,0,TcKqxHvb,cMNwDvJt,676.0
865,0,JafKIKES,TcKqxHvb,676.0
865,0,NxXUMgmK,JafKIKES,676.0
865,0,AdCBnmxI,NxXUMgmK,676.0
865,0,ufpbvrtF,AdCBnmxI,676.0
1707,0,PiHPpcZe,MPxbDKyu,2.0
1707,0,mBlbMFFC,PiHPpcZe,2.0
1707,0,BGChynOq,mBlbMFFC,2.0
1663,0,FldHcjZC,LOIXCDqJ,385.0
1395,0,TFSGEQcQ,cfrRCwNB,561.0
1395,0,fjFZwaYy,TFSGEQcQ,561.0
1395,0,lSWJJvzr,fjFZwaYy,561.0
778,0,FZsFzszJ,gzTQJVMW,804.0
778,0,KgwKZlse,FZsFzszJ,798.0
778,0,AoRkaUmb,KgwKZlse,798.0
778,0,ALhaazBT,AoRkaUmb,798.0
778,0,YqlTLIQa,ALhaazBT,764.0
778,0,AUmOMGnp,YqlTLIQa,764.0
778,0,XFPAZveS,AUmOMGnp,760.0
778,0,ojqTFFWy,XFPAZveS,24.0
1258,0,xqQnPHkt,Plxavose,364.0
1258,0,IfTbUocE,xqQnPHkt,364.0
1258,0,OgnAStiZ,IfTbUocE,364.0
1258,0,NmJVuAxS,OgnAStiZ,364.0
1258,0,VFLsoIHD,NmJVuAxS,364.0
1258,0,LLWkkTwA,VFLsoIHD,354.0
1258,0,ZTMEdEeK,LLWkkTwA,354.0
1258,0,ogOCBKAf,ZTMEdEeK,354.0
635,0,VFLsoIHD,kFnjgEzS,439.0
635,0,LLWkkTwA,VFLsoIHD,436.0
635,0,ogOCBKAf,LLWkkTwA,436.0
1529,0,MnTeelLR,MklhhYCQ,1.0
1529,0,WIZPpGvl,MnTeelLR,1.0
1663,0,qNiTyrkl,FldHcjZC,302.0
1663,0,pGHnvifU,qNiTyrkl,302.0
1663,0,waZdIIZY,pGHnvifU,302.0
1663,0,eiOwifcC,waZdIIZY,302.0
1663,0,ogOCBKAf,eiOwifcC,302.0
1659,0,ogOCBKAf,eiOwifcC,153.0
1212,0,GHvODCIP,LCJSaMch,15.0
1212,0,MCXOFAcE,GHvODCIP,15.0
1212,0,HcupqiOA,MCXOFAcE,15.0
1212,0,MRtqPpeq,HcupqiOA,15.0
1212,0,CrEPfbyi,MRtqPpeq,15.0
1212,0,dpFXbFTh,CrEPfbyi,15.0
1212,0,LCJSaMch,ChOayZDF,2.0
751,0,lqTAOmVV,WwbQwfXi,1860.0
900,0,FZsFzszJ,gzTQJVMW,26.0
900,0,KgwKZlse,FZsFzszJ,26.0
900,0,AoRkaUmb,KgwKZlse,26.0
900,0,ALhaazBT,AoRkaUmb,26.0
900,0,YqlTLIQa,ALhaazBT,24.0
900,0,AUmOMGnp,YqlTLIQa,24.0
900,0,XFPAZveS,AUmOMGnp,24.0
900,0,ojqTFFWy,XFPAZveS,18.0
1175,0,EcbaOvXo,aUCLtnsj,191.0
1175,0,GEGYzlFG,EcbaOvXo,191.0
1175,0,gRFfvBeo,GEGYzlFG,191.0
1175,0,VRIIzByt,gRFfvBeo,191.0
1175,0,NayUSBAK,VRIIzByt,191.0
1175,0,uDcqHVPS,NayUSBAK,191.0
1696,0,oynLwMrX,IMEhQaQS,1.0
1696,0,EKYbCcms,oynLwMrX,1.0
1696,0,ffjXMuak,EKYbCcms,1.0
1696,0,EDdQplwd,ffjXMuak,1.0
1696,0,XbgiSLmy,EDdQplwd,1.0
1696,0,pXlenLUq,XbgiSLmy,1.0
1696,0,DNyXiZzj,pXlenLUq,1.0
1696,0,gxlaiARP,DNyXiZzj,1.0
1696,0,bjEpkupt,gxlaiARP,1.0
867,0,sICvpcEb,qZeFqHEu,29.0
867,0,XwJbeVId,sICvpcEb,29.0
867,0,BuUVquxB,XwJbeVId,29.0
867,0,eLEJvIlJ,BuUVquxB,29.0
867,0,suvDbtPR,eLEJvIlJ,29.0
867,0,clVXMHJf,suvDbtPR,17.0
1660,0,WyfCQhSW,ogOCBKAf,144.0
1660,0,RBBxesxu,WyfCQhSW,144.0
1660,0,npYXJyuT,RBBxesxu,156.0
1660,0,lFqTDxEu,npYXJyuT,156.0
1660,0,fyczPNat,lFqTDxEu,156.0
1659,0,cBsLzvxc,qflzswAf,46.0
1659,0,MTGLsZPE,cBsLzvxc,46.0
1659,0,bmCACwpU,MTGLsZPE,46.0
1659,0,ndVUpTXG,bmCACwpU,46.0
1659,0,mvSwkBgn,ndVUpTXG,46.0
1659,0,dbBlyJgh,mvSwkBgn,46.0
1659,0,KttMmUZl,dbBlyJgh,44.0
1659,0,kEIvmolg,KttMmUZl,44.0
1659,0,vfRjIFnr,kEIvmolg,44.0
1660,0,LbqeOjDq,fyczPNat,58.0
1660,0,qdBHsTrj,LbqeOjDq,58.0
1660,0,QRWCUyXY,qdBHsTrj,58.0
14,0,WIZPpGvl,MnTeelLR,4422.0
14,0,qflzswAf,WIZPpGvl,4318.0
725,0,qflzswAf,WIZPpGvl,778.0
853,0,WIZPpGvl,MnTeelLR,13.0
853,0,qflzswAf,WIZPpGvl,13.0
250,0,qflzswAf,WIZPpGvl,3482.0
1221,0,qflzswAf,WIZPpGvl,4946.0
1660,0,bGxnPBxb,QRWCUyXY,52.0
1660,0,mvgVyONe,bGxnPBxb,52.0
1660,0,YlcUcHmr,mvgVyONe,52.0
1660,0,puuUveiG,YlcUcHmr,52.0
1660,0,CGfCHyje,puuUveiG,52.0
1660,0,qflzswAf,CGfCHyje,46.0
843,0,tbsBIgaj,WoCjyXMQ,158.0
843,0,ekoOPpVq,tbsBIgaj,158.0
843,0,rljVoTvk,ekoOPpVq,149.0
843,0,gxidCspv,rljVoTvk,149.0
843,0,wRTYbalx,gxidCspv,143.0
843,0,DHkaGHFf,wRTYbalx,143.0
843,0,FdBCLyPI,DHkaGHFf,143.0
843,0,CrOFTJlw,FdBCLyPI,143.0
843,0,PyGiRErs,CrOFTJlw,143.0
843,0,qflzswAf,PyGiRErs,113.0
1395,0,nxFmOJAJ,lSWJJvzr,521.0
1395,0,GznDzxNt,nxFmOJAJ,521.0
1395,0,jappmlZc,GznDzxNt,521.0
1170,0,PNniCxAw,ogOCBKAf,741.0
1170,0,aZaGhhAB,PNniCxAw,751.0
1170,0,CVcknAiw,aZaGhhAB,751.0
1170,0,uGkwFELU,CVcknAiw,751.0
1170,0,LpjIkIID,uGkwFELU,752.0
751,0,xRIuSSHV,lqTAOmVV,1736.0
751,0,HKxWWoBG,xRIuSSHV,1736.0
1638,0,UGBWqSzR,aDIiTyCi,23.0
1638,0,ywuGpANM,UGBWqSzR,23.0
1708,0,ffjXMuak,qeXIqBgp,5.0
1708,0,EDdQplwd,ffjXMuak,5.0
1708,0,XbgiSLmy,EDdQplwd,5.0
1708,0,pXlenLUq,XbgiSLmy,5.0
1708,0,DNyXiZzj,pXlenLUq,5.0
1708,0,rEicsBoS,DNyXiZzj,6.0
1708,0,obgmJQzi,rEicsBoS,7.0
1708,0,MPxbDKyu,obgmJQzi,7.0
1708,0,BZCtSmhk,ywuGpANM,2.0
1708,0,aojHvPEg,BZCtSmhk,2.0
1708,0,qeXIqBgp,aojHvPEg,2.0
1173,0,QESMqsTJ,JJzKKoaf,1284.0
1173,0,PNniCxAw,ogOCBKAf,1031.0
1173,0,aZaGhhAB,PNniCxAw,1137.0
1173,0,CVcknAiw,aZaGhhAB,1137.0
1173,0,uGkwFELU,CVcknAiw,1137.0
1173,0,TCQmGnBb,uGkwFELU,1137.0
1173,0,JJzKKoaf,TCQmGnBb,1137.0
1395,0,JGAJXRSN,jappmlZc,511.0
1395,0,SDEQaVyD,JGAJXRSN,511.0
1408,0,SXdpUnkd,NNAcmEYB,732.0
1408,0,cWGPtAwF,SXdpUnkd,732.0
1408,0,sPOOXkzZ,cWGPtAwF,732.0
1032,0,bbltEnah,hqxwmRzJ,43.0
1032,0,jJqyLkNG,bbltEnah,43.0
1032,0,NMFCXTQH,jJqyLkNG,43.0
1032,0,wXyAETzh,NMFCXTQH,43.0
1032,0,GxYrbHur,wXyAETzh,43.0
1032,0,uGbUWjny,GxYrbHur,43.0
1032,0,NsShbegC,uGbUWjny,34.0
1032,0,owraUoxF,NsShbegC,34.0
1032,0,oWTTFPnV,owraUoxF,34.0
1032,0,CHKZpApa,oWTTFPnV,34.0
1032,0,YvLuczKe,CHKZpApa,34.0
1032,0,cThdGxLv,YvLuczKe,34.0
1032,0,SUVVzOYC,cThdGxLv,34.0
1032,0,dAxtDTje,SUVVzOYC,20.0
1032,0,aunBMooM,dAxtDTje,20.0
1032,0,KGIBfEut,aunBMooM,20.0
1032,0,kiTgZeoH,KGIBfEut,20.0
1032,0,eLmJkuZC,kiTgZeoH,6.0
1032,0,uDnSXuvA,eLmJkuZC,6.0
1032,0,UgzfanVk,uDnSXuvA,6.0
1032,0,EiPYisOM,QhscbmPA,545.0
1032,0,ElqrEMfW,EiPYisOM,545.0
1032,0,hqxwmRzJ,ElqrEMfW,545.0
1029,0,tBPmVbcK,qflzswAf,4112.0
1029,0,DhBIcFJB,tBPmVbcK,4133.0
242,0,AszcEtOu,BpAiVnps,56.0
242,0,xiCfcAgb,AszcEtOu,79.0
242,0,RjtzWJgw,xiCfcAgb,79.0
242,0,owFNQNZv,RjtzWJgw,79.0
242,0,nCsqpnJo,owFNQNZv,79.0
242,0,gnmwaIOJ,nCsqpnJo,79.0
242,0,pygvGZaF,gnmwaIOJ,79.0
242,0,bsQVAuyn,pygvGZaF,79.0
242,0,VTHwomVj,bsQVAuyn,79.0
242,0,VbpBVdde,VTHwomVj,79.0
242,0,ocwJSpah,VbpBVdde,79.0
242,0,CheNYOmP,ocwJSpah,79.0
242,0,xYUjBvzT,CheNYOmP,79.0
242,0,JXJZtHSD,xYUjBvzT,79.0
242,0,owqgejgM,JXJZtHSD,79.0
242,0,WIZPpGvl,owqgejgM,133.0
242,0,qflzswAf,WIZPpGvl,133.0
242,0,tBPmVbcK,qflzswAf,133.0
242,0,DhBIcFJB,tBPmVbcK,133.0
1125,0,CVPWCvNJ,BDmybVdG,175.0
1125,0,muVREKCV,CVPWCvNJ,423.0
1125,0,BsRMZbGV,muVREKCV,423.0
1170,0,odfRkvUj,LpjIkIID,502.0
1170,0,sCNvhPqY,odfRkvUj,502.0
1170,0,IjFZQfFh,sCNvhPqY,502.0
1170,0,TYAIdqeQ,IjFZQfFh,502.0
1170,0,Zysthhei,TYAIdqeQ,502.0
1170,0,oEaRMYXq,Zysthhei,502.0
1168,0,iqwUvhKg,isqWGISG,4.0
867,0,uhArLFHO,cBsLzvxc,28.0
867,0,qZeFqHEu,uhArLFHO,28.0
867,0,cBsLzvxc,qflzswAf,16.0
868,0,zjOknQHK,CRVKBFrv,40.0
868,0,FrKNovDQ,zjOknQHK,40.0
868,0,nfCzcTzh,FrKNovDQ,40.0
868,0,GyLDNPGc,nfCzcTzh,44.0
868,0,qORtFjQM,GyLDNPGc,44.0
868,0,OZmcxPEb,qORtFjQM,44.0
868,0,qgVdByqj,OZmcxPEb,44.0
868,0,jQlVbeqW,qgVdByqj,44.0
751,0,AjvyZYOZ,HKxWWoBG,525.0
1395,0,UgzfanVk,SDEQaVyD,21.0
1083,0,EAwJtHSB,vyojaKRU,506.0
1042,0,eaNsVWDR,ejMjPdTH,200.0
1649,0,WyfCQhSW,ogOCBKAf,693.0
1649,0,erxKyHjj,WyfCQhSW,693.0
1649,0,KjiBWoqR,erxKyHjj,693.0
1649,0,bYNwHuWo,KjiBWoqR,693.0
1649,0,qWvzRbGV,bYNwHuWo,693.0
1649,0,PRzaSxQc,qWvzRbGV,693.0
1649,0,bfKiOFsS,PRzaSxQc,693.0
1649,0,eGbCulMV,bfKiOFsS,693.0
1649,0,CRVKBFrv,eGbCulMV,693.0
1649,0,zjOknQHK,CRVKBFrv,709.0
1649,0,TCeiTEZh,zjOknQHK,1232.0
1650,0,DyENAaIa,dbBlyJgh,381.0
1650,0,dXsdOXmC,DyENAaIa,381.0
1650,0,pWUEfFEM,dXsdOXmC,381.0
1650,0,cBsLzvxc,qflzswAf,151.0
1650,0,MTGLsZPE,cBsLzvxc,380.0
1650,0,bmCACwpU,MTGLsZPE,380.0
1650,0,ndVUpTXG,bmCACwpU,380.0
1650,0,mvSwkBgn,ndVUpTXG,380.0
1650,0,dbBlyJgh,mvSwkBgn,380.0
1170,0,FyAVeoLb,oEaRMYXq,450.0
1066,0,VxCMIjeX,fxsyxfZK,458.0
1173,0,ZtKBYERA,QESMqsTJ,508.0
1173,0,BtOUMROM,ZtKBYERA,508.0
1173,0,cwRIXHps,BtOUMROM,508.0
1173,0,jFhGTpOu,cwRIXHps,498.0
1173,0,btKesaAl,jFhGTpOu,498.0
1173,0,UTtjkhMN,btKesaAl,498.0
1173,0,GbOoEgJY,UTtjkhMN,498.0
1173,0,KvUqhblU,GbOoEgJY,498.0
1173,0,VMlGrjvU,KvUqhblU,497.0
1173,0,WlXbaBoJ,VMlGrjvU,497.0
1529,0,kDvrGahi,ejMjPdTH,180.0
1530,0,PNUwxzRj,iaPnRXpR,13.0
1530,0,sxclJLmG,PNUwxzRj,13.0
1530,0,xMTNzVPt,sxclJLmG,13.0
1530,0,AudzmzeZ,xMTNzVPt,13.0
1530,0,QVFxizLc,AudzmzeZ,13.0
1530,0,BKywSEpu,QVFxizLc,13.0
1530,0,PrwDPVMa,BKywSEpu,13.0
1530,0,bjPEDqek,PrwDPVMa,13.0
1530,0,hNvVhacI,bjPEDqek,13.0
1530,0,RTnwKdcX,hNvVhacI,13.0
1530,0,SDEQaVyD,RTnwKdcX,13.0
1530,0,OMhVSsxv,SDEQaVyD,13.0
1530,0,UgzfanVk,OMhVSsxv,13.0
1530,0,fiwqiJeH,UgzfanVk,13.0
1530,0,JaCojcPE,fiwqiJeH,13.0
1530,0,vxTQjZcJ,JaCojcPE,13.0
1530,0,FfdGxPiD,vxTQjZcJ,29.0
1530,0,nGUGLxPd,FfdGxPiD,29.0
1530,0,hZwGajtf,nGUGLxPd,29.0
1530,0,zuhYkREh,hZwGajtf,29.0
1530,0,kVeKzKrW,zuhYkREh,29.0
1530,0,CEZTRnUo,qflzswAf,1.0
1530,0,funWfCdm,CEZTRnUo,1.0
1530,0,rnFrOJMw,funWfCdm,1.0
1530,0,iaPnRXpR,rnFrOJMw,1.0
867,0,UXEWVZzP,clVXMHJf,15.0
1170,0,VjSiMBzK,FyAVeoLb,370.0
1170,0,JoqesOWP,VjSiMBzK,370.0
1170,0,ATKbycui,JoqesOWP,370.0
1128,0,yzzIynLu,DhBIcFJB,2149.0
1128,0,ByOODIxa,yzzIynLu,2149.0
1128,0,Ngsxsfae,ByOODIxa,2149.0
1128,0,qDNcQeuw,Ngsxsfae,2167.0
1128,0,DpfRSiIE,qDNcQeuw,2167.0
1128,0,QoKDjrWo,qflzswAf,1551.0
1128,0,tBPmVbcK,QoKDjrWo,1551.0
1128,0,DhBIcFJB,tBPmVbcK,1949.0
1407,0,rJvLUxkA,UgzfanVk,827.0
1407,0,dYlTtQAF,rJvLUxkA,827.0
1408,0,yJFAEWOL,UfJzwqHV,701.0
1408,0,BJyyGCqV,yJFAEWOL,701.0
1408,0,gZsXxpWQ,BJyyGCqV,701.0
1408,0,aXBkDCtb,gZsXxpWQ,629.0
1408,0,QgJihzqk,aXBkDCtb,629.0
1408,0,IojsotKp,QgJihzqk,629.0
1408,0,NNAcmEYB,IojsotKp,740.0
1032,0,FrCulsqF,VYHZxBYO,208.0
1032,0,KCAssTym,FrCulsqF,208.0
1032,0,WhdKokFf,KCAssTym,524.0
1032,0,QhscbmPA,WhdKokFf,524.0
1121,0,WIZPpGvl,MnTeelLR,573.0
1121,0,qflzswAf,WIZPpGvl,573.0
1121,0,tBPmVbcK,qflzswAf,573.0
1121,0,DhBIcFJB,tBPmVbcK,573.0
1121,0,ByOODIxa,DhBIcFJB,573.0
1121,0,Ngsxsfae,ByOODIxa,573.0
1121,0,qDNcQeuw,Ngsxsfae,573.0
1121,0,DpfRSiIE,qDNcQeuw,573.0
1121,0,XsvFZXJo,DpfRSiIE,573.0
1121,0,dJdTBATy,XsvFZXJo,334.0
1121,0,PzVFlDkT,dJdTBATy,334.0
1128,0,XsvFZXJo,DpfRSiIE,2157.0
1128,0,dJdTBATy,XsvFZXJo,1369.0
1128,0,PzVFlDkT,dJdTBATy,1369.0
1066,0,BOULhmAk,VxCMIjeX,453.0
1066,0,qhfHNtOQ,BOULhmAk,453.0
1170,0,VXqnYnlT,ATKbycui,221.0
1121,0,NXLrCKMp,xiTGCYEl,27.0
1121,0,FyoAuDvn,NXLrCKMp,27.0
1121,0,WOOyqinT,FyoAuDvn,53.0
1121,0,mnkgCFDT,WOOyqinT,100.0
1121,0,kVhbTVuU,mnkgCFDT,192.0
1121,0,IoxYvxeH,kVhbTVuU,196.0
1121,0,yrlDljAC,IoxYvxeH,203.0
1121,0,rBCwdRqs,yrlDljAC,203.0
1121,0,olAnplnl,rBCwdRqs,203.0
1121,0,hpCuKAjH,olAnplnl,203.0
1121,0,tyeyrnYi,hpCuKAjH,203.0
1121,0,HezLsNFQ,tyeyrnYi,203.0
1121,0,eusqYKWT,HezLsNFQ,216.0
1121,0,dCWftKsk,eusqYKWT,216.0
1121,0,HpfZbCVA,dCWftKsk,256.0
1121,0,glDvUhXc,HpfZbCVA,261.0
1121,0,FhKkSAFH,glDvUhXc,261.0
1121,0,taPJzyhF,FhKkSAFH,261.0
1121,0,uaQvVFAB,taPJzyhF,261.0
1121,0,MnTeelLR,uaQvVFAB,261.0
1121,0,bZroqIhX,eTJQHplR,20.0
1121,0,cNuIRYrx,bZroqIhX,20.0
1121,0,yNIUaSyZ,cNuIRYrx,20.0
1121,0,xiTGCYEl,yNIUaSyZ,20.0
242,0,ByOODIxa,DhBIcFJB,117.0
242,0,Ngsxsfae,ByOODIxa,117.0
242,0,qDNcQeuw,Ngsxsfae,117.0
242,0,DpfRSiIE,qDNcQeuw,117.0
242,0,XsvFZXJo,DpfRSiIE,117.0
1133,0,fJuPdFXq,tFSvrGay,375.0
1029,0,ByOODIxa,DhBIcFJB,4806.0
1029,0,HxSbXXdZ,ByOODIxa,4806.0
1029,0,zlRPdbBz,HxSbXXdZ,4913.0
1029,0,KQaXxZDT,zlRPdbBz,4913.0
867,0,MlYFoaez,UXEWVZzP,1.0
796,0,pPKqPUVW,pwpCkicC,359.0
796,0,slfxTuih,pPKqPUVW,359.0
1440,0,jJVVpGMf,pwpCkicC,587.0
1440,0,pPKqPUVW,jJVVpGMf,587.0
1440,0,slfxTuih,pPKqPUVW,587.0
1170,0,MYMMmWkN,VXqnYnlT,202.0
1170,0,tUdYLqkf,MYMMmWkN,202.0
1651,0,KiOCmsmI,bYNwHuWo,11.0
1651,0,QRngTwFS,KiOCmsmI,11.0
1651,0,PxKzEfaJ,QRngTwFS,11.0
1651,0,kKaTqilr,PxKzEfaJ,11.0
1651,0,UUyOnuCZ,kKaTqilr,11.0
156,0,QESMqsTJ,JJzKKoaf,56.0
156,0,ZtKBYERA,QESMqsTJ,67.0
156,0,BtOUMROM,ZtKBYERA,67.0
156,0,cwRIXHps,BtOUMROM,67.0
156,0,jFhGTpOu,cwRIXHps,67.0
156,0,btKesaAl,jFhGTpOu,67.0
156,0,UTtjkhMN,btKesaAl,67.0
156,0,BjxLEaiN,UTtjkhMN,67.0
156,0,joGrBgeB,BjxLEaiN,67.0
156,0,lczxXDao,joGrBgeB,68.0
156,0,YpVxAvQG,YJykDsrc,9.0
156,0,RinxBkUZ,YpVxAvQG,10.0
156,0,LhgNVAOU,RinxBkUZ,10.0
156,0,bPdCVhrp,LhgNVAOU,11.0
156,0,SOVcCDqR,bPdCVhrp,11.0
156,0,FYhykdTj,SOVcCDqR,11.0
156,0,QpprBOSr,FYhykdTj,11.0
156,0,Plxavose,QpprBOSr,14.0
156,0,xqQnPHkt,Plxavose,14.0
156,0,IfTbUocE,xqQnPHkt,14.0
156,0,OgnAStiZ,IfTbUocE,14.0
156,0,kFnjgEzS,OgnAStiZ,14.0
156,0,VFLsoIHD,kFnjgEzS,14.0
156,0,LLWkkTwA,VFLsoIHD,14.0
156,0,ZTMEdEeK,LLWkkTwA,14.0
156,0,ogOCBKAf,ZTMEdEeK,15.0
156,0,PNniCxAw,ogOCBKAf,34.0
156,0,aZaGhhAB,PNniCxAw,50.0
156,0,CVcknAiw,aZaGhhAB,50.0
156,0,uGkwFELU,CVcknAiw,50.0
156,0,IzKulrBJ,uGkwFELU,50.0
156,0,TCQmGnBb,IzKulrBJ,50.0
156,0,JJzKKoaf,TCQmGnBb,50.0
751,0,LroBKvWh,AjvyZYOZ,491.0
751,0,BsiptQCD,LroBKvWh,491.0
751,0,IMzgpfjO,BsiptQCD,504.0
751,0,AmGPOhem,IMzgpfjO,504.0
1087,0,zGXQZTlC,VYHZxBYO,133.0
1087,0,OgfqNfUY,zGXQZTlC,128.0
1087,0,YRiTgQXe,OgfqNfUY,123.0
1087,0,rAUblAml,YRiTgQXe,123.0
1087,0,fSQOYpje,rAUblAml,123.0
1087,0,hGRIMrVW,fSQOYpje,123.0
1087,0,vCtwKmtA,hGRIMrVW,123.0
1087,0,wFiJapOA,vCtwKmtA,123.0
1087,0,HHbKiMPc,wFiJapOA,123.0
97,0,RjtzWJgw,xiCfcAgb,35.0
97,0,owFNQNZv,RjtzWJgw,35.0
97,0,nCsqpnJo,owFNQNZv,35.0
97,0,gnmwaIOJ,nCsqpnJo,35.0
97,0,pygvGZaF,gnmwaIOJ,35.0
97,0,bsQVAuyn,pygvGZaF,35.0
1167,0,PNniCxAw,ogOCBKAf,31.0
1167,0,aZaGhhAB,PNniCxAw,31.0
1167,0,CVcknAiw,aZaGhhAB,31.0
1167,0,uGkwFELU,CVcknAiw,31.0
1167,0,LpjIkIID,uGkwFELU,31.0
1167,0,odfRkvUj,LpjIkIID,31.0
1167,0,sCNvhPqY,odfRkvUj,31.0
1167,0,IjFZQfFh,sCNvhPqY,31.0
1167,0,TYAIdqeQ,IjFZQfFh,31.0
1167,0,Zysthhei,TYAIdqeQ,31.0
1167,0,oEaRMYXq,Zysthhei,31.0
1167,0,FyAVeoLb,oEaRMYXq,35.0
1167,0,VjSiMBzK,FyAVeoLb,35.0
1167,0,JoqesOWP,VjSiMBzK,35.0
1167,0,ZaTxFLgk,JoqesOWP,35.0
1167,0,idOCTaDY,ZaTxFLgk,39.0
950,0,FZsFzszJ,gzTQJVMW,43.0
950,0,KgwKZlse,FZsFzszJ,43.0
950,0,AoRkaUmb,KgwKZlse,43.0
950,0,ALhaazBT,AoRkaUmb,43.0
950,0,YqlTLIQa,ALhaazBT,42.0
950,0,AUmOMGnp,YqlTLIQa,42.0
950,0,XFPAZveS,AUmOMGnp,41.0
943,0,yjQwxGED,DgYBMgPg,7.0
943,0,KPcRWbGT,yjQwxGED,7.0
943,0,uGRyXcfW,KPcRWbGT,7.0
943,0,HlhFjJtZ,uGRyXcfW,7.0
943,0,ALhaazBT,HlhFjJtZ,7.0
943,0,YqlTLIQa,ALhaazBT,4.0
943,0,AUmOMGnp,YqlTLIQa,4.0
943,0,XFPAZveS,AUmOMGnp,4.0
938,0,tNmxviwt,wkWFjOvx,3.0
938,0,yHaTCNJc,tNmxviwt,3.0
938,0,lhSIyIfw,yHaTCNJc,3.0
938,0,cgSMZptb,lhSIyIfw,3.0
938,0,fdwLSfsa,cgSMZptb,3.0
938,0,wuAzVrCW,fdwLSfsa,3.0
938,0,mRKfPREJ,wuAzVrCW,3.0
938,0,HeRuYpNs,mRKfPREJ,3.0
938,0,qRJySzaf,HeRuYpNs,3.0
938,0,LTfflVxG,qRJySzaf,3.0
938,0,AhWKwjTz,LTfflVxG,3.0
938,0,VEiYdotb,AhWKwjTz,3.0
938,0,DgYBMgPg,VEiYdotb,3.0
938,0,yjQwxGED,DgYBMgPg,3.0
938,0,KPcRWbGT,yjQwxGED,3.0
938,0,uGRyXcfW,KPcRWbGT,3.0
938,0,HlhFjJtZ,uGRyXcfW,3.0
938,0,ALhaazBT,HlhFjJtZ,3.0
938,0,YqlTLIQa,ALhaazBT,3.0
938,0,AUmOMGnp,YqlTLIQa,3.0
938,0,XFPAZveS,AUmOMGnp,3.0
139,0,FZsFzszJ,gzTQJVMW,5.0
139,0,KgwKZlse,FZsFzszJ,5.0
139,0,AoRkaUmb,KgwKZlse,5.0
139,0,ALhaazBT,AoRkaUmb,5.0
139,0,YqlTLIQa,ALhaazBT,2.0
139,0,AUmOMGnp,YqlTLIQa,2.0
139,0,XFPAZveS,AUmOMGnp,2.0
133,0,FZsFzszJ,gzTQJVMW,3.0
133,0,KgwKZlse,FZsFzszJ,3.0
133,0,AoRkaUmb,KgwKZlse,3.0
133,0,ALhaazBT,AoRkaUmb,3.0
133,0,YqlTLIQa,ALhaazBT,3.0
133,0,AUmOMGnp,YqlTLIQa,3.0
133,0,XFPAZveS,AUmOMGnp,3.0
1407,0,aIrbaHhk,dYlTtQAF,690.0
1407,0,JALpXpKc,aIrbaHhk,690.0
1407,0,WcOcULlY,JALpXpKc,690.0
1407,0,mZFKHZkN,WcOcULlY,690.0
1407,0,hasgHIpb,mZFKHZkN,272.0
1407,0,zttQgzJF,hasgHIpb,165.0
1407,0,fDeHEcoN,zttQgzJF,159.0
1407,0,vztyQdds,fDeHEcoN,159.0
1172,0,PNniCxAw,ogOCBKAf,116.0
1172,0,aZaGhhAB,PNniCxAw,139.0
1172,0,CVcknAiw,aZaGhhAB,139.0
1172,0,uGkwFELU,CVcknAiw,139.0
1172,0,TCQmGnBb,uGkwFELU,139.0
1172,0,JJzKKoaf,TCQmGnBb,139.0
1172,0,QESMqsTJ,JJzKKoaf,158.0
1172,0,ZtKBYERA,QESMqsTJ,194.0
1172,0,ZzGQqLDR,ZtKBYERA,194.0
1172,0,cwRIXHps,ZzGQqLDR,194.0
1172,0,jFhGTpOu,cwRIXHps,194.0
1172,0,btKesaAl,jFhGTpOu,194.0
1172,0,UTtjkhMN,btKesaAl,194.0
1172,0,BjxLEaiN,UTtjkhMN,194.0
1172,0,joGrBgeB,BjxLEaiN,194.0
1172,0,dkKDnHnJ,joGrBgeB,197.0
1408,0,XfgrRxbI,ejMjPdTH,149.0
1408,0,UfJzwqHV,XfgrRxbI,149.0
1029,0,thNcyzdj,KQaXxZDT,4013.0
1029,0,gWHAQwVu,thNcyzdj,4013.0
1128,0,RHzXTuOU,PzVFlDkT,1306.0
1121,0,RHzXTuOU,PzVFlDkT,333.0
242,0,dJdTBATy,XsvFZXJo,73.0
242,0,PzVFlDkT,dJdTBATy,73.0
242,0,RHzXTuOU,PzVFlDkT,73.0
1172,0,TztxJAVO,dkKDnHnJ,107.0
1172,0,xtcBaTeK,TztxJAVO,107.0
1167,0,isqWGISG,idOCTaDY,5.0
1132,0,dJdTBATy,XsvFZXJo,225.0
1132,0,PzVFlDkT,dJdTBATy,225.0
1132,0,RHzXTuOU,PzVFlDkT,225.0
1132,0,BoavYDPS,RHzXTuOU,398.0
1132,0,yLXUQkCh,BoavYDPS,398.0
1132,0,UgnVLYPx,yLXUQkCh,477.0
1132,0,qgzMfcCH,UgnVLYPx,477.0
1132,0,CSwPNDqz,qgzMfcCH,477.0
1132,0,zIFSdUXT,CSwPNDqz,477.0
751,0,OHOnJQtA,AmGPOhem,527.0
751,0,VwYVTziR,OHOnJQtA,527.0
751,0,MQGhRgQS,VwYVTziR,526.0
751,0,vHRzQkLM,MQGhRgQS,537.0
751,0,oPITKJYe,vHRzQkLM,537.0
751,0,POTYMsFk,oPITKJYe,537.0
751,0,LuAURVPA,POTYMsFk,532.0
751,0,DfYzlKXm,LuAURVPA,532.0
1132,0,qDNcQeuw,Ngsxsfae,125.0
1132,0,DpfRSiIE,qDNcQeuw,125.0
1132,0,XsvFZXJo,DpfRSiIE,125.0
1121,0,KpBBeKJM,RHzXTuOU,300.0
1128,0,BoavYDPS,RHzXTuOU,984.0
1128,0,yLXUQkCh,BoavYDPS,984.0
1305,0,NlwRCqPo,HkSXkIZj,4.0
1305,0,ubzklVlS,NlwRCqPo,4.0
1305,0,yLFlKjKg,ubzklVlS,4.0
1305,0,isWzWnoW,yLFlKjKg,4.0
1305,0,YJykDsrc,isWzWnoW,4.0
1305,0,YpVxAvQG,YJykDsrc,4.0
1305,0,LhgNVAOU,YpVxAvQG,4.0
1305,0,SOVcCDqR,LhgNVAOU,4.0
1305,0,QpprBOSr,SOVcCDqR,4.0
1305,0,xqQnPHkt,QpprBOSr,4.0
1305,0,NmJVuAxS,xqQnPHkt,4.0
1305,0,LLWkkTwA,NmJVuAxS,4.0
1305,0,ogOCBKAf,LLWkkTwA,4.0
1305,0,WyfCQhSW,ogOCBKAf,4.0
1305,0,erxKyHjj,WyfCQhSW,4.0
1305,0,KjiBWoqR,erxKyHjj,4.0
242,0,yLXUQkCh,RHzXTuOU,66.0
242,0,KpBBeKJM,yLXUQkCh,66.0
1128,0,KpBBeKJM,yLXUQkCh,923.0
1172,0,cKQpuLql,xtcBaTeK,83.0
168,0,mUBHBHFI,lczxXDao,1.0
168,0,xtcBaTeK,mUBHBHFI,1.0
168,0,cKQpuLql,xtcBaTeK,1.0
845,0,tBPmVbcK,qflzswAf,93.0
845,0,DhBIcFJB,tBPmVbcK,121.0
845,0,ByOODIxa,DhBIcFJB,121.0
845,0,HxSbXXdZ,ByOODIxa,121.0
845,0,zlRPdbBz,HxSbXXdZ,121.0
845,0,KQaXxZDT,zlRPdbBz,121.0
845,0,thNcyzdj,KQaXxZDT,129.0
845,0,gWHAQwVu,thNcyzdj,129.0
845,0,QrnyweDt,gWHAQwVu,139.0
845,0,KTKGWmNj,QrnyweDt,139.0
952,0,WzJZybAt,KbKyxild,46.0
952,0,wBZvskGC,WzJZybAt,46.0
1211,0,WyfCQhSW,ogOCBKAf,13.0
1211,0,erxKyHjj,WyfCQhSW,13.0
1211,0,KjiBWoqR,erxKyHjj,13.0
1211,0,bYNwHuWo,KjiBWoqR,13.0
1211,0,MFfExqBx,bYNwHuWo,13.0
1211,0,qWvzRbGV,MFfExqBx,13.0
1211,0,PRzaSxQc,qWvzRbGV,13.0
1211,0,bfKiOFsS,PRzaSxQc,13.0
1211,0,eGbCulMV,bfKiOFsS,13.0
1211,0,CRVKBFrv,eGbCulMV,13.0
1211,0,zjOknQHK,CRVKBFrv,15.0
1211,0,FrKNovDQ,zjOknQHK,15.0
1211,0,nfCzcTzh,FrKNovDQ,15.0
1211,0,ZYiWVpjK,nfCzcTzh,17.0
1211,0,qTvRhwtK,ZYiWVpjK,18.0
1211,0,rMamJjcH,qTvRhwtK,18.0
1211,0,XQBvMmKm,rMamJjcH,18.0
1211,0,hPGLMLbU,XQBvMmKm,48.0
1211,0,RIVMQHVF,hPGLMLbU,48.0
1211,0,KnZwSPch,RIVMQHVF,48.0
1211,0,TeSdyMFH,KnZwSPch,50.0
1211,0,XDHbYGPc,TeSdyMFH,50.0
1211,0,qRqIHRjS,XDHbYGPc,50.0
1211,0,QFkvaGqn,qRqIHRjS,50.0
1211,0,OpqnHslm,QFkvaGqn,50.0
1211,0,NxijJQZJ,OpqnHslm,50.0
1211,0,iyuxsgWB,NxijJQZJ,50.0
1029,0,diQHouff,hEihXJEh,2779.0
1029,0,kynUbZOw,diQHouff,2779.0
1029,0,OCOnFIfy,kynUbZOw,2779.0
1066,0,TQJSOMwc,qhfHNtOQ,372.0
1128,0,UgnVLYPx,KpBBeKJM,871.0
1128,0,qgzMfcCH,UgnVLYPx,871.0
1128,0,CSwPNDqz,qgzMfcCH,871.0
1128,0,zIFSdUXT,CSwPNDqz,871.0
1020,0,ZYiWVpjK,nfCzcTzh,3372.0
1020,0,qTvRhwtK,ZYiWVpjK,3385.0
1020,0,rMamJjcH,qTvRhwtK,3385.0
1020,0,XQBvMmKm,rMamJjcH,3385.0
1020,0,dtLFJEWb,XQBvMmKm,3395.0
1020,0,bCrrhAWe,dtLFJEWb,3455.0
1020,0,UcqSoUUq,bCrrhAWe,3484.0
1020,0,bDoBjPVm,UcqSoUUq,3484.0
1020,0,WyfCQhSW,ogOCBKAf,780.0
1020,0,erxKyHjj,WyfCQhSW,780.0
1020,0,KjiBWoqR,erxKyHjj,780.0
1020,0,bYNwHuWo,KjiBWoqR,780.0
1020,0,MFfExqBx,bYNwHuWo,780.0
1020,0,qWvzRbGV,MFfExqBx,780.0
1020,0,PRzaSxQc,qWvzRbGV,780.0
1020,0,bfKiOFsS,PRzaSxQc,780.0
1020,0,eGbCulMV,bfKiOFsS,780.0
1020,0,CRVKBFrv,eGbCulMV,780.0
1020,0,zjOknQHK,CRVKBFrv,783.0
1020,0,FrKNovDQ,zjOknQHK,783.0
1020,0,nfCzcTzh,FrKNovDQ,783.0
1020,0,ZMonkEer,bDoBjPVm,3477.0
1029,0,EqKjvFoW,gWHAQwVu,3943.0
1029,0,NdHXpyCv,EqKjvFoW,3943.0
1029,0,zjKBXJki,NdHXpyCv,3943.0
1029,0,hEihXJEh,zjKBXJki,3650.0
1092,0,vDTAjOOR,yQmtaWgt,2071.0
1092,0,VYHZxBYO,vDTAjOOR,2068.0
547,0,fVolLZWv,jCwFOmxo,14.0
547,0,UPoJKlTB,fVolLZWv,14.0
547,0,yeocHgUH,UPoJKlTB,14.0
548,0,jCwFOmxo,lPZtleot,47.0
548,0,fVolLZWv,jCwFOmxo,6.0
548,0,UPoJKlTB,fVolLZWv,6.0
548,0,yeocHgUH,UPoJKlTB,6.0
1092,0,CRypXqTk,KlSqKJQr,2695.0
1092,0,PYaiedjY,CRypXqTk,2695.0
1092,0,EzrJiyuu,PYaiedjY,2745.0
1092,0,mZAcIEme,EzrJiyuu,2745.0
1092,0,LPSpTPgJ,mZAcIEme,2745.0
1092,0,tkPbrZUX,LPSpTPgJ,2745.0
1092,0,imyhTmbO,tkPbrZUX,3534.0
1092,0,bTSeOnqx,imyhTmbO,3567.0
1092,0,IjwJTwcG,bTSeOnqx,4031.0
1092,0,ywNJwhFn,IjwJTwcG,4031.0
1092,0,yTlhXKos,ywNJwhFn,3919.0
1092,0,XojRXAAa,ojqTFFWy,986.0
1092,0,nAqhCgXt,XojRXAAa,2464.0
1092,0,zZZsLLct,nAqhCgXt,2464.0
1092,0,uQlhjcGr,zZZsLLct,2464.0
1092,0,nIbIRswk,uQlhjcGr,2464.0
1092,0,YfaruHLV,nIbIRswk,2464.0
1092,0,PkIPVRtB,YfaruHLV,2464.0
1092,0,XpaxRhYo,PkIPVRtB,2464.0
1092,0,qYsYtTjJ,XpaxRhYo,2542.0
1092,0,KlSqKJQr,qYsYtTjJ,2585.0
1211,0,zPRLnBWY,iyuxsgWB,24.0
1211,0,nZwvOJob,zPRLnBWY,24.0
1211,0,ydLnlKFF,nZwvOJob,24.0
1211,0,JPPpoTSL,ydLnlKFF,24.0
1211,0,yEJgDNUp,JPPpoTSL,24.0
1211,0,HWVPgVIj,yEJgDNUp,24.0
1670,0,tBPmVbcK,qflzswAf,60.0
1670,0,DhBIcFJB,tBPmVbcK,68.0
1670,0,Ngsxsfae,DhBIcFJB,68.0
1670,0,DpfRSiIE,Ngsxsfae,68.0
1670,0,XsvFZXJo,DpfRSiIE,68.0
1670,0,dJdTBATy,XsvFZXJo,70.0
1670,0,RHzXTuOU,dJdTBATy,70.0
1670,0,BoavYDPS,RHzXTuOU,81.0
1670,0,yLXUQkCh,BoavYDPS,81.0
1670,0,KpBBeKJM,yLXUQkCh,83.0
1670,0,qgzMfcCH,KpBBeKJM,83.0
1670,0,SdkcBhFl,qgzMfcCH,83.0
1670,0,nYgtSeyB,SdkcBhFl,87.0
1670,0,gcvrclRe,nYgtSeyB,87.0
1670,0,YzYhtyzO,gcvrclRe,87.0
1128,0,kyzXrTZq,zIFSdUXT,1008.0
1121,0,qgzMfcCH,KpBBeKJM,279.0
1121,0,CSwPNDqz,qgzMfcCH,279.0
1121,0,kyzXrTZq,CSwPNDqz,279.0
242,0,CSwPNDqz,KpBBeKJM,63.0
242,0,kyzXrTZq,CSwPNDqz,63.0
873,0,WIZPpGvl,MnTeelLR,14.0
873,0,qflzswAf,WIZPpGvl,18.0
873,0,tBPmVbcK,qflzswAf,28.0
873,0,DhBIcFJB,tBPmVbcK,29.0
873,0,ByOODIxa,DhBIcFJB,32.0
873,0,Ngsxsfae,ByOODIxa,32.0
873,0,qDNcQeuw,Ngsxsfae,32.0
873,0,DpfRSiIE,qDNcQeuw,32.0
873,0,XsvFZXJo,DpfRSiIE,32.0
873,0,dJdTBATy,XsvFZXJo,32.0
873,0,PzVFlDkT,dJdTBATy,32.0
873,0,RHzXTuOU,PzVFlDkT,32.0
873,0,ZEXMhMxR,RHzXTuOU,94.0
873,0,glDvUhXc,HpfZbCVA,1.0
873,0,FhKkSAFH,glDvUhXc,1.0
873,0,taPJzyhF,FhKkSAFH,1.0
873,0,uaQvVFAB,taPJzyhF,1.0
873,0,MnTeelLR,uaQvVFAB,1.0
1020,0,BDmybVdG,sYDsxIhh,232.0
1092,0,zjKsBdNQ,puwcRgFs,383.0
1092,0,ojqTFFWy,zjKsBdNQ,383.0
1031,0,goRcVeQH,UgzfanVk,3.0
1031,0,rJvLUxkA,goRcVeQH,3.0
1031,0,dYlTtQAF,rJvLUxkA,3.0
1031,0,aIrbaHhk,dYlTtQAF,7.0
1031,0,JALpXpKc,aIrbaHhk,7.0
1031,0,WcOcULlY,JALpXpKc,7.0
1031,0,mZFKHZkN,WcOcULlY,7.0
1031,0,hasgHIpb,mZFKHZkN,17.0
1031,0,zttQgzJF,hasgHIpb,17.0
1031,0,fDeHEcoN,zttQgzJF,17.0
1031,0,SLBRjSUI,fDeHEcoN,17.0
1031,0,MGIiIvBH,SLBRjSUI,17.0
1031,0,LObiCWKO,MGIiIvBH,17.0
1031,0,wfyTeotc,LObiCWKO,17.0
1031,0,hBSPMzNd,wfyTeotc,25.0
1031,0,NMFCXTQH,hBSPMzNd,25.0
1031,0,irunVpff,NMFCXTQH,25.0
1031,0,SoTLWNOq,irunVpff,26.0
1031,0,rmmCKKeS,SoTLWNOq,26.0
1031,0,vVYNiaQm,rmmCKKeS,26.0
1020,0,WHGPMVcf,ZMonkEer,189.0
1020,0,ZREdtiHO,WHGPMVcf,200.0
1020,0,qwyUufRP,ZREdtiHO,200.0
1085,0,cudxYHxf,eJIFTpTd,1318.0
1085,0,WneZtuRq,cudxYHxf,1318.0
1085,0,vDTAjOOR,yQmtaWgt,698.0
1085,0,VYHZxBYO,vDTAjOOR,698.0
1019,0,bReIRTiV,CVPWCvNJ,185.0
1019,0,PdLgkxcT,bReIRTiV,185.0
1121,0,BOpyePJp,kyzXrTZq,242.0
1121,0,NcDEDzEB,BOpyePJp,242.0
1128,0,BOpyePJp,kyzXrTZq,873.0
1128,0,NcDEDzEB,BOpyePJp,873.0
242,0,BOpyePJp,kyzXrTZq,56.0
242,0,NcDEDzEB,BOpyePJp,56.0
1024,0,ATfuHlGy,ISsnXLUH,687.0
1024,0,vEvIjqMc,ATfuHlGy,687.0
1024,0,JfDYhvZz,vEvIjqMc,687.0
1024,0,NwMeBpFQ,JfDYhvZz,687.0
1024,0,hNkOvWXQ,NwMeBpFQ,687.0
1024,0,fAHeYbsJ,hNkOvWXQ,684.0
1024,0,YeMdKIsv,fAHeYbsJ,673.0
1024,0,JKUDRqIp,YeMdKIsv,673.0
1024,0,ixunSlAs,JKUDRqIp,673.0
1024,0,sYDsxIhh,ixunSlAs,673.0
1024,0,gOnMxlos,sYDsxIhh,658.0
1024,0,iIARpDWU,gOnMxlos,656.0
1092,0,WIFNytoC,yTlhXKos,2246.0
1092,0,PorTAzNX,WIFNytoC,2246.0
1092,0,OjBZWzOO,PorTAzNX,2228.0
1361,0,WyfCQhSW,ogOCBKAf,1.0
1361,0,erxKyHjj,WyfCQhSW,1.0
1361,0,KjiBWoqR,erxKyHjj,1.0
1361,0,bYNwHuWo,KjiBWoqR,1.0
1361,0,MFfExqBx,bYNwHuWo,1.0
1361,0,qWvzRbGV,MFfExqBx,1.0
1361,0,PRzaSxQc,qWvzRbGV,1.0
1361,0,bfKiOFsS,PRzaSxQc,1.0
1361,0,eGbCulMV,bfKiOFsS,1.0
1361,0,CRVKBFrv,eGbCulMV,1.0
1361,0,zjOknQHK,CRVKBFrv,1.0
1361,0,FrKNovDQ,zjOknQHK,1.0
1361,0,nfCzcTzh,FrKNovDQ,1.0
1361,0,ZYiWVpjK,nfCzcTzh,1.0
1361,0,qTvRhwtK,ZYiWVpjK,1.0
1361,0,rMamJjcH,qTvRhwtK,1.0
1361,0,XQBvMmKm,rMamJjcH,1.0
1361,0,dtLFJEWb,XQBvMmKm,1.0
1361,0,bCrrhAWe,dtLFJEWb,1.0
1361,0,UcqSoUUq,bCrrhAWe,1.0
1361,0,bDoBjPVm,UcqSoUUq,1.0
1361,0,ZMonkEer,bDoBjPVm,1.0
1361,0,ISsnXLUH,ZMonkEer,1.0
1361,0,vEvIjqMc,ISsnXLUH,1.0
1361,0,JfDYhvZz,vEvIjqMc,1.0
1361,0,oLFGxTGd,JfDYhvZz,1.0
1128,0,PslqBzpy,NcDEDzEB,891.0
248,0,FizaUowp,UCTWITih,16.0
248,0,kjmHgYUi,pTTspriv,7.0
248,0,UHSPJyEW,kjmHgYUi,7.0
248,0,dOTSUZHl,UHSPJyEW,7.0
248,0,ITdbUezF,dOTSUZHl,7.0
248,0,UCTWITih,ITdbUezF,7.0
248,0,muVREKCV,CVPWCvNJ,3.0
248,0,MpxTTzjt,muVREKCV,3.0
248,0,yRjqmRuq,MpxTTzjt,3.0
248,0,pTTspriv,yRjqmRuq,3.0
1024,0,ZYiWVpjK,nfCzcTzh,2496.0
1024,0,qTvRhwtK,ZYiWVpjK,2527.0
1024,0,XQBvMmKm,qTvRhwtK,2527.0
1024,0,dtLFJEWb,XQBvMmKm,3070.0
1024,0,bCrrhAWe,dtLFJEWb,3452.0
1024,0,UcqSoUUq,bCrrhAWe,3536.0
1024,0,bDoBjPVm,UcqSoUUq,3536.0
1024,0,ZMonkEer,bDoBjPVm,3536.0
1024,0,WHGPMVcf,ZMonkEer,3540.0
1024,0,ISsnXLUH,WHGPMVcf,3563.0
1574,0,eKMWhxRF,lqMPnIra,1.0
1574,0,pRsoSsPh,eKMWhxRF,1.0
1574,0,pUxrqkbR,pRsoSsPh,1.0
1574,0,GmRorurF,pUxrqkbR,1.0
1574,0,rWJbJwsc,GmRorurF,1.0
1574,0,uuIZngLh,rWJbJwsc,1.0
1574,0,gHWJyJxY,uuIZngLh,1.0
1574,0,oXQrzcje,gHWJyJxY,1.0
1574,0,fyqDJAhS,oXQrzcje,1.0
1574,0,CSzsuVOH,fyqDJAhS,2.0
1574,0,aUZoPZMc,CSzsuVOH,2.0
1574,0,xOhGqygU,aUZoPZMc,2.0
1574,0,qOuhMtTj,xOhGqygU,2.0
1574,0,KCvWJpxq,qOuhMtTj,2.0
1574,0,YcrsfAeA,KCvWJpxq,2.0
1574,0,cfrRCwNB,YcrsfAeA,2.0
1574,0,TFSGEQcQ,cfrRCwNB,2.0
1574,0,fjFZwaYy,TFSGEQcQ,2.0
1574,0,nxFmOJAJ,fjFZwaYy,2.0
1574,0,GznDzxNt,nxFmOJAJ,2.0
1574,0,jappmlZc,GznDzxNt,2.0
1574,0,JGAJXRSN,jappmlZc,2.0
1574,0,SDEQaVyD,JGAJXRSN,2.0
1574,0,rJvLUxkA,SDEQaVyD,4.0
1574,0,dYlTtQAF,rJvLUxkA,4.0
1574,0,aIrbaHhk,dYlTtQAF,4.0
1574,0,WcOcULlY,aIrbaHhk,4.0
1574,0,mZFKHZkN,WcOcULlY,4.0
1574,0,hasgHIpb,mZFKHZkN,4.0
1574,0,zttQgzJF,hasgHIpb,4.0
1574,0,fDeHEcoN,zttQgzJF,4.0
1574,0,SLBRjSUI,fDeHEcoN,4.0
1574,0,vXHOZRfg,SLBRjSUI,4.0
1574,0,vVYNiaQm,vXHOZRfg,4.0
1574,0,PCoLzpeW,vVYNiaQm,4.0
1574,0,ZuMtkZMj,PCoLzpeW,4.0
1574,0,BcDUAKxF,ZuMtkZMj,5.0
1574,0,jJqyLkNG,BcDUAKxF,5.0
1574,0,kZlpJvjE,jJqyLkNG,5.0
1044,0,SEVBrkvc,ojqTFFWy,264.0
1044,0,KzCxlBoL,SEVBrkvc,268.0
1044,0,qPtpgxic,KzCxlBoL,268.0
1044,0,RyPegcUV,qPtpgxic,305.0
1044,0,OdbRrJhV,RyPegcUV,305.0
1044,0,NSvMYbfW,OdbRrJhV,305.0
1044,0,tkPbrZUX,NSvMYbfW,305.0
1044,0,imyhTmbO,tkPbrZUX,305.0
1044,0,bTSeOnqx,imyhTmbO,305.0
1044,0,yCXbqkBs,bTSeOnqx,305.0
1044,0,wBoWGskO,yCXbqkBs,305.0
1044,0,FYojKDQC,wBoWGskO,305.0
1044,0,riqYNvhO,FYojKDQC,305.0
1044,0,nvXuJriv,riqYNvhO,305.0
1044,0,ljAdwZQx,nvXuJriv,305.0
1044,0,MMTihhSZ,ljAdwZQx,305.0
1044,0,njohAsHY,MMTihhSZ,305.0
1044,0,XAYpuJXt,njohAsHY,305.0
1044,0,aJLjpITr,XAYpuJXt,305.0
1044,0,bOLOjiIO,aJLjpITr,305.0
1044,0,wplYsKZY,bOLOjiIO,244.0
1044,0,NIHIRqnZ,wplYsKZY,244.0
1044,0,IkEoBHlk,NIHIRqnZ,220.0
1044,0,TPJRAOrt,IkEoBHlk,220.0
1044,0,wtfdArpr,TPJRAOrt,166.0
1044,0,VTbufxnV,wtfdArpr,166.0
1044,0,UEqgngwR,VTbufxnV,155.0
1044,0,noxZOiRl,UEqgngwR,155.0
1044,0,eLJZyPxv,noxZOiRl,155.0
1044,0,ZsmZvPrK,eLJZyPxv,145.0
1044,0,MMfKYZmE,ZsmZvPrK,145.0
1044,0,MvGjEBBL,MMfKYZmE,145.0
1085,0,nvXuJriv,riqYNvhO,2269.0
1085,0,ljAdwZQx,nvXuJriv,2253.0
1085,0,MMTihhSZ,ljAdwZQx,2180.0
1085,0,njohAsHY,MMTihhSZ,2180.0
1085,0,XAYpuJXt,njohAsHY,2180.0
1046,0,aJLjpITr,XAYpuJXt,558.0
1046,0,bOLOjiIO,aJLjpITr,851.0
1046,0,wplYsKZY,bOLOjiIO,820.0
1046,0,NIHIRqnZ,wplYsKZY,820.0
1046,0,IkEoBHlk,NIHIRqnZ,786.0
1046,0,TPJRAOrt,IkEoBHlk,786.0
1046,0,wtfdArpr,TPJRAOrt,745.0
1046,0,VTbufxnV,wtfdArpr,745.0
1046,0,UEqgngwR,VTbufxnV,825.0
1046,0,noxZOiRl,UEqgngwR,825.0
1046,0,eLJZyPxv,noxZOiRl,825.0
1046,0,ZsmZvPrK,eLJZyPxv,835.0
1046,0,MMfKYZmE,ZsmZvPrK,835.0
1046,0,MvGjEBBL,MMfKYZmE,835.0
1088,0,CVPWCvNJ,BDmybVdG,85.0
1088,0,muVREKCV,CVPWCvNJ,399.0
1088,0,BsRMZbGV,muVREKCV,399.0
1088,0,yRjqmRuq,BsRMZbGV,399.0
1088,0,pTTspriv,yRjqmRuq,399.0
859,0,FhDBllly,dDGkIGrA,1.0
773,0,NRqyalPm,ZpPhVVpM,1.0
773,0,ESCCbptK,NRqyalPm,1.0
773,0,AlpXiRiW,ESCCbptK,1.0
751,0,oOCTcNdW,DfYzlKXm,165.0
751,0,pGtbhfkH,oOCTcNdW,165.0
751,0,fiQiCtwF,pGtbhfkH,165.0
751,0,bwmOWcVr,fiQiCtwF,165.0
751,0,YZpWLtUD,bwmOWcVr,165.0
1024,0,BDmybVdG,iIARpDWU,91.0
1108,0,tBPmVbcK,qflzswAf,262.0
1108,0,DhBIcFJB,tBPmVbcK,262.0
1108,0,ByOODIxa,DhBIcFJB,751.0
1108,0,HxSbXXdZ,ByOODIxa,751.0
1108,0,zlRPdbBz,HxSbXXdZ,751.0
1108,0,KQaXxZDT,zlRPdbBz,751.0
1108,0,thNcyzdj,KQaXxZDT,753.0
1108,0,gWHAQwVu,thNcyzdj,753.0
1108,0,laDYeHNU,gWHAQwVu,753.0
1108,0,EqKjvFoW,laDYeHNU,753.0
1108,0,NdHXpyCv,EqKjvFoW,753.0
1108,0,zjKBXJki,NdHXpyCv,753.0
1108,0,hEihXJEh,zjKBXJki,753.0
1108,0,iqMJUHot,hEihXJEh,768.0
1108,0,CSBDiLzN,iqMJUHot,768.0
1108,0,BeRwFfIz,CSBDiLzN,768.0
1108,0,VjDsPPFB,BeRwFfIz,768.0
1108,0,mmqTHjuO,VjDsPPFB,768.0
1108,0,qPaBcVFr,mmqTHjuO,768.0
1108,0,rGzXXKgE,qPaBcVFr,768.0
1108,0,UMTLMNkc,rGzXXKgE,768.0
1350,0,ZYiWVpjK,nfCzcTzh,60.0
1350,0,qTvRhwtK,ZYiWVpjK,60.0
1350,0,rMamJjcH,qTvRhwtK,60.0
1350,0,XQBvMmKm,rMamJjcH,60.0
1350,0,hPGLMLbU,XQBvMmKm,186.0
1350,0,RIVMQHVF,hPGLMLbU,230.0
1350,0,KnZwSPch,RIVMQHVF,230.0
1350,0,kzVeZOug,KnZwSPch,230.0
1350,0,SjbStynf,kzVeZOug,230.0
1350,0,ETbpojBo,SjbStynf,230.0
1350,0,BtOIBpGz,ETbpojBo,230.0
1350,0,zPRLnBWY,BtOIBpGz,230.0
1350,0,JPPpoTSL,zPRLnBWY,230.0
1350,0,nZBlQeCn,JPPpoTSL,230.0
1350,0,uuJJSerx,nZBlQeCn,230.0
1350,0,gQzVJRdQ,uuJJSerx,230.0
774,0,lzmDRtwN,AlpXiRiW,3.0
774,0,mVndxrwG,lzmDRtwN,3.0
774,0,TgetSQHU,mVndxrwG,3.0
1031,0,PCoLzpeW,vVYNiaQm,473.0
1031,0,jhveKcoA,PCoLzpeW,473.0
1031,0,OjBZWzOO,jhveKcoA,473.0
1350,0,WyfCQhSW,ogOCBKAf,4.0
1350,0,bYNwHuWo,WyfCQhSW,4.0
1350,0,MFfExqBx,bYNwHuWo,4.0
1350,0,qWvzRbGV,MFfExqBx,4.0
1350,0,PRzaSxQc,qWvzRbGV,4.0
1350,0,bfKiOFsS,PRzaSxQc,4.0
1350,0,eGbCulMV,bfKiOFsS,4.0
1350,0,CRVKBFrv,eGbCulMV,4.0
1350,0,zjOknQHK,CRVKBFrv,4.0
1350,0,FrKNovDQ,zjOknQHK,4.0
1350,0,nfCzcTzh,FrKNovDQ,4.0
1085,0,eJIFTpTd,XAYpuJXt,1870.0
1031,0,KrLSLIZd,OjBZWzOO,470.0
1031,0,yQmtaWgt,KrLSLIZd,470.0
1031,0,vDTAjOOR,yQmtaWgt,219.0
1031,0,VYHZxBYO,vDTAjOOR,219.0
1020,0,JKUDRqIp,YeMdKIsv,238.0
1020,0,ixunSlAs,JKUDRqIp,238.0
1020,0,sYDsxIhh,ixunSlAs,238.0
1020,0,RRRcnUab,qwyUufRP,166.0
1020,0,elkChQHJ,RRRcnUab,166.0
1020,0,fAHeYbsJ,elkChQHJ,166.0
1020,0,YeMdKIsv,fAHeYbsJ,160.0
1128,0,FcIwyDhH,PslqBzpy,882.0
1128,0,oFutYOve,FcIwyDhH,882.0
1128,0,TKdEYLTT,oFutYOve,882.0
1128,0,PRqBOnQV,TKdEYLTT,882.0
1128,0,tKHOTHLP,PRqBOnQV,882.0
1029,0,FrCulsqF,VYHZxBYO,1429.0
1029,0,otbIuZHd,FrCulsqF,1429.0
751,0,aLRPqQhq,YZpWLtUD,160.0
751,0,mSljWdzX,aLRPqQhq,160.0
751,0,PAsYxpUt,mSljWdzX,160.0
751,0,ILhwWAuu,PAsYxpUt,160.0
751,0,IAqHsGfg,ILhwWAuu,160.0
751,0,JbVeQOiO,IAqHsGfg,160.0
751,0,WKiVoaSt,JbVeQOiO,160.0
1121,0,PslqBzpy,NcDEDzEB,220.0
1121,0,FcIwyDhH,PslqBzpy,220.0
1121,0,oFutYOve,FcIwyDhH,220.0
1121,0,TKdEYLTT,oFutYOve,220.0
1121,0,PRqBOnQV,TKdEYLTT,220.0
1121,0,tKHOTHLP,PRqBOnQV,220.0
1121,0,JYjcxadu,tKHOTHLP,40.0
1121,0,dIzWcSEA,JYjcxadu,40.0
1121,0,MlpnqsOY,dIzWcSEA,1.0
1121,0,YIEuAZyW,MlpnqsOY,1.0
1121,0,iIARpDWU,YIEuAZyW,1.0
1121,0,BDmybVdG,iIARpDWU,1.0
242,0,PslqBzpy,NcDEDzEB,51.0
242,0,FcIwyDhH,PslqBzpy,51.0
242,0,oFutYOve,FcIwyDhH,51.0
242,0,TKdEYLTT,oFutYOve,51.0
242,0,PRqBOnQV,TKdEYLTT,51.0
242,0,tKHOTHLP,PRqBOnQV,51.0
1029,0,MnOJOxue,otbIuZHd,1475.0
1029,0,xxspkKkA,MnOJOxue,1475.0
1029,0,yRzWvBCa,xxspkKkA,1475.0
1029,0,jaDdFMxy,yRzWvBCa,1475.0
1029,0,dNagXJoD,jaDdFMxy,1475.0
1024,0,WyfCQhSW,ogOCBKAf,981.0
1024,0,erxKyHjj,WyfCQhSW,1009.0
1024,0,KjiBWoqR,erxKyHjj,1009.0
1024,0,bYNwHuWo,KjiBWoqR,1009.0
1024,0,MFfExqBx,bYNwHuWo,1009.0
1024,0,qWvzRbGV,MFfExqBx,1009.0
1024,0,PRzaSxQc,qWvzRbGV,1009.0
1024,0,bfKiOFsS,PRzaSxQc,1009.0
1024,0,eGbCulMV,bfKiOFsS,1009.0
1024,0,CRVKBFrv,eGbCulMV,1009.0
1024,0,zjOknQHK,CRVKBFrv,1053.0
1024,0,FrKNovDQ,zjOknQHK,1053.0
1024,0,nfCzcTzh,FrKNovDQ,1053.0
1023,0,CVPWCvNJ,BDmybVdG,129.0
1023,0,bReIRTiV,CVPWCvNJ,325.0
1023,0,PdLgkxcT,bReIRTiV,325.0
1023,0,mxJvcQxS,PdLgkxcT,410.0
1023,0,tSdKaLnH,mxJvcQxS,410.0
1023,0,HoEIDywv,tSdKaLnH,410.0
1023,0,bLNlBUaT,HoEIDywv,410.0
1023,0,AwPzPEra,bLNlBUaT,429.0
1023,0,sgwCzsMk,AwPzPEra,429.0
1023,0,WJvaarbI,sgwCzsMk,430.0
1023,0,JzVUaFrl,WJvaarbI,430.0
1023,0,CwhdRXLi,JzVUaFrl,430.0
1023,0,gjOgguRV,CwhdRXLi,430.0
1368,0,imyhTmbO,tkPbrZUX,67.0
1368,0,bTSeOnqx,imyhTmbO,67.0
1368,0,yCXbqkBs,bTSeOnqx,84.0
1368,0,wBoWGskO,yCXbqkBs,84.0
1368,0,FYojKDQC,wBoWGskO,84.0
1368,0,riqYNvhO,FYojKDQC,84.0
1368,0,nvXuJriv,riqYNvhO,92.0
1368,0,ljAdwZQx,nvXuJriv,94.0
1368,0,MMTihhSZ,ljAdwZQx,116.0
1368,0,njohAsHY,MMTihhSZ,116.0
1368,0,vigCHzUD,njohAsHY,116.0
1368,0,MnGOlshE,vigCHzUD,116.0
1368,0,nAqhCgXt,XojRXAAa,55.0
1368,0,zZZsLLct,nAqhCgXt,55.0
1368,0,uQlhjcGr,zZZsLLct,55.0
1368,0,nIbIRswk,uQlhjcGr,55.0
1368,0,YfaruHLV,nIbIRswk,55.0
1368,0,PkIPVRtB,YfaruHLV,55.0
1368,0,XpaxRhYo,PkIPVRtB,55.0
1368,0,qYsYtTjJ,XpaxRhYo,57.0
1368,0,KlSqKJQr,qYsYtTjJ,57.0
1368,0,CRypXqTk,KlSqKJQr,57.0
1368,0,PYaiedjY,CRypXqTk,57.0
1368,0,EzrJiyuu,PYaiedjY,62.0
1368,0,mZAcIEme,EzrJiyuu,62.0
1368,0,LPSpTPgJ,mZAcIEme,62.0
1368,0,tkPbrZUX,LPSpTPgJ,62.0
1368,0,XojRXAAa,ojqTFFWy,2.0
330,0,aUZoPZMc,dCWftKsk,78.0
330,0,xOhGqygU,aUZoPZMc,78.0
330,0,qOuhMtTj,xOhGqygU,78.0
330,0,YcrsfAeA,qOuhMtTj,78.0
330,0,cfrRCwNB,YcrsfAeA,78.0
330,0,TFSGEQcQ,cfrRCwNB,78.0
330,0,fjFZwaYy,TFSGEQcQ,78.0
330,0,lSWJJvzr,fjFZwaYy,78.0
330,0,nxFmOJAJ,lSWJJvzr,78.0
330,0,jappmlZc,nxFmOJAJ,78.0
330,0,JGAJXRSN,jappmlZc,78.0
330,0,SDEQaVyD,JGAJXRSN,78.0
330,0,rJvLUxkA,SDEQaVyD,115.0
330,0,aIrbaHhk,rJvLUxkA,115.0
330,0,JALpXpKc,aIrbaHhk,115.0
330,0,WcOcULlY,JALpXpKc,115.0
330,0,hasgHIpb,WcOcULlY,115.0
330,0,SLBRjSUI,hasgHIpb,115.0
330,0,vztyQdds,SLBRjSUI,115.0
330,0,vVYNiaQm,vztyQdds,395.0
330,0,hXVJsXkF,vVYNiaQm,903.0
1113,0,ygaPVVOX,NjRgIRup,231.0
1113,0,SgmzKmGa,ygaPVVOX,231.0
1113,0,EKGAgXOm,SgmzKmGa,237.0
1113,0,CfDISmMN,EKGAgXOm,237.0
1113,0,RpAFtJSl,CfDISmMN,244.0
1113,0,PcvuCqyL,RpAFtJSl,255.0
1113,0,HNejbQWJ,PcvuCqyL,264.0
1113,0,lyEtzViy,HNejbQWJ,264.0
1113,0,uVrlMgNx,lyEtzViy,280.0
1113,0,ZsNhjIbg,uVrlMgNx,287.0
1113,0,GhOGJPtU,ZsNhjIbg,287.0
1113,0,WOuDNhbw,GhOGJPtU,291.0
1113,0,oWUXSqrA,WOuDNhbw,291.0
1113,0,CYkmgDbv,oWUXSqrA,291.0
1113,0,ORrZduNE,CYkmgDbv,294.0
1113,0,eypuAxqa,ORrZduNE,294.0
1113,0,DSVnhmbs,eypuAxqa,294.0
1113,0,hCKRONaA,DSVnhmbs,307.0
1113,0,TGKbjQzH,hCKRONaA,307.0
1113,0,RoreEsYU,TGKbjQzH,307.0
1113,0,AlpXiRiW,RoreEsYU,327.0
1113,0,btFKFkYA,AlpXiRiW,502.0
1113,0,jLrhssle,btFKFkYA,502.0
1113,0,FvRFCvLd,jLrhssle,502.0
1113,0,iZvOtZpy,FvRFCvLd,502.0
1113,0,tkjaIDXe,iZvOtZpy,502.0
1113,0,TfgNGDen,tkjaIDXe,502.0
1113,0,PAhNkZlS,TfgNGDen,502.0
1113,0,ppYufOCR,PAhNkZlS,502.0
1113,0,siLHVqvQ,ppYufOCR,502.0
1113,0,jZWnwWbL,siLHVqvQ,502.0
330,0,bnmlnfPt,hXVJsXkF,307.0
1108,0,fwxIzXcp,UMTLMNkc,701.0
1108,0,WmSrnULk,fwxIzXcp,701.0
1108,0,crCLDvLL,WmSrnULk,701.0
1108,0,gvtVkOCs,crCLDvLL,701.0
1108,0,wmQoUVus,gvtVkOCs,701.0
1108,0,BdLjIrSJ,wmQoUVus,701.0
1108,0,uBeHrtVj,BdLjIrSJ,701.0
1108,0,rpQJKYcp,uBeHrtVj,701.0
1108,0,jYzIDNQM,rpQJKYcp,701.0
1108,0,LGkMSSTO,jYzIDNQM,682.0
1108,0,SZGwgIRz,LGkMSSTO,682.0
1046,0,NSvMYbfW,OdbRrJhV,76.0
1046,0,tkPbrZUX,NSvMYbfW,76.0
1046,0,imyhTmbO,tkPbrZUX,76.0
1046,0,bTSeOnqx,imyhTmbO,79.0
1046,0,yCXbqkBs,bTSeOnqx,148.0
1046,0,wBoWGskO,yCXbqkBs,148.0
1046,0,FYojKDQC,wBoWGskO,148.0
1046,0,riqYNvhO,FYojKDQC,148.0
1046,0,nvXuJriv,riqYNvhO,179.0
1046,0,ljAdwZQx,nvXuJriv,207.0
1046,0,MMTihhSZ,ljAdwZQx,248.0
1046,0,njohAsHY,MMTihhSZ,248.0
1046,0,XAYpuJXt,njohAsHY,248.0
1046,0,OdbRrJhV,RVEyrwjR,35.0
1044,0,zjKsBdNQ,puwcRgFs,135.0
1044,0,ojqTFFWy,zjKsBdNQ,135.0
1113,0,pMUlUuQz,jZWnwWbL,526.0
1036,0,gldIDkMU,fwlJPxCU,2.0
1036,0,JdPMCVUN,gldIDkMU,2.0
1036,0,VpHOqNar,JdPMCVUN,2.0
1036,0,BAePGsuO,VpHOqNar,2.0
1036,0,ajteUQkz,BAePGsuO,2.0
1036,0,XmmyKsTm,ajteUQkz,2.0
1036,0,gNJqbiHM,XmmyKsTm,2.0
1036,0,NrUUQlkk,gNJqbiHM,2.0
1036,0,yQmtaWgt,NrUUQlkk,2.0
1108,0,wdwKrYEW,SZGwgIRz,56.0
1108,0,JKvsAaVu,wdwKrYEW,56.0
1108,0,bXxqoWoM,JKvsAaVu,56.0
1108,0,lyukJwbV,bXxqoWoM,56.0
1034,0,MnOJOxue,otbIuZHd,5.0
1034,0,xxspkKkA,MnOJOxue,5.0
1034,0,yRzWvBCa,xxspkKkA,5.0
1034,0,jaDdFMxy,yRzWvBCa,5.0
1034,0,dNagXJoD,jaDdFMxy,5.0
1034,0,rNCpaLXo,dNagXJoD,5.0
1034,0,OKRHcdUy,rNCpaLXo,5.0
1034,0,iPhdYOzt,OKRHcdUy,5.0
1034,0,tBPmVbcK,qflzswAf,1.0
1034,0,DhBIcFJB,tBPmVbcK,1.0
1034,0,ByOODIxa,DhBIcFJB,1.0
1034,0,HxSbXXdZ,ByOODIxa,1.0
1034,0,zlRPdbBz,HxSbXXdZ,1.0
1034,0,KQaXxZDT,zlRPdbBz,1.0
1034,0,thNcyzdj,KQaXxZDT,1.0
1034,0,gWHAQwVu,thNcyzdj,1.0
1034,0,EqKjvFoW,gWHAQwVu,1.0
1034,0,NdHXpyCv,EqKjvFoW,1.0
1034,0,zjKBXJki,NdHXpyCv,1.0
1034,0,hEihXJEh,zjKBXJki,1.0
1034,0,diQHouff,hEihXJEh,2.0
1034,0,kynUbZOw,diQHouff,2.0
1034,0,OCOnFIfy,kynUbZOw,2.0
1034,0,IZqJbTkm,OCOnFIfy,2.0
1034,0,wSvecpjF,IZqJbTkm,2.0
1034,0,oXipkDtF,wSvecpjF,2.0
1034,0,fRZGgvoY,oXipkDtF,2.0
1034,0,bAUDGUNb,fRZGgvoY,2.0
1034,0,VYHZxBYO,bAUDGUNb,2.0
1034,0,FrCulsqF,VYHZxBYO,4.0
1034,0,otbIuZHd,FrCulsqF,4.0
1108,0,dimGAuTR,lyukJwbV,29.0
1108,0,FXZSvJoP,dimGAuTR,29.0
1113,0,IfUoaxeT,pMUlUuQz,486.0
1035,0,ZXFFSBfD,rNCpaLXo,1.0
1035,0,QwmUxgDJ,ZXFFSBfD,1.0
1035,0,tBftinFM,QwmUxgDJ,1.0
1035,0,agXODOsJ,tBftinFM,1.0
536,0,xiCfcAgb,AszcEtOu,69.0
536,0,bsQVAuyn,xiCfcAgb,69.0
536,0,QoKDjrWo,bsQVAuyn,69.0
536,0,zjKBXJki,QoKDjrWo,160.0
536,0,OCOnFIfy,zjKBXJki,453.0
536,0,wSvecpjF,OCOnFIfy,453.0
536,0,FrCulsqF,wSvecpjF,453.0
536,0,rNCpaLXo,FrCulsqF,470.0
536,0,bfhpfFPJ,rNCpaLXo,470.0
536,0,wnmgNjXN,bfhpfFPJ,470.0
536,0,QIOPMpXz,wnmgNjXN,470.0
