route_id,direction_id,from_stop,to_stop,volume
662,0,inJVXMtB,vfdAIPGv,960.0
662,0,ubZrQMid,inJVXMtB,960.0
662,0,gBkmsEyR,ubZrQMid,960.0
662,0,cGoHBmgo,gBkmsEyR,860.0
662,0,EkWBPXmr,cGoHBmgo,860.0
662,0,vfdAIPGv,nsjiKPCz,854.0
585,0,wihERHzN,uiYVYPQX,3008.0
585,0,vspNPtqb,wihERHzN,2961.0
585,0,jiaBsTdI,vspNPtqb,2961.0
585,0,iVtHnErr,jiaBsTdI,2958.0
585,0,nsjiKPCz,iVtHnErr,2958.0
585,0,vfdAIPGv,nsjiKPCz,2888.0
585,0,inJVXMtB,vfdAIPGv,2207.0
585,0,ubZrQMid,inJVXMtB,2207.0
585,0,gBkmsEyR,ubZrQMid,2207.0
585,0,cGoHBmgo,gBkmsEyR,1267.0
585,0,EkWBPXmr,cGoHBmgo,1267.0
572,0,jiaBsTdI,jeadfqyj,1905.0
572,0,LIcqcPpV,jiaBsTdI,1905.0
572,0,JHNPaXkN,LIcqcPpV,1915.0
572,0,EWPMCuEz,JHNPaXkN,1915.0
572,0,iWoOHVbT,EWPMCuEz,2663.0
971,0,nsjiKPCz,AtcDBGpE,2190.0
971,0,vfdAIPGv,nsjiKPCz,2190.0
971,0,inJVXMtB,vfdAIPGv,1972.0
971,0,ubZrQMid,inJVXMtB,1972.0
971,0,gBkmsEyR,ubZrQMid,1972.0
971,0,cGoHBmgo,gBkmsEyR,1781.0
971,0,EkWBPXmr,cGoHBmgo,1642.0
662,0,nZnozRfz,iuOUwLky,1114.0
662,0,jeadfqyj,nZnozRfz,1114.0
662,0,vspNPtqb,jeadfqyj,783.0
662,0,jiaBsTdI,vspNPtqb,783.0
662,0,iVtHnErr,jiaBsTdI,783.0
662,0,nsjiKPCz,iVtHnErr,783.0
1197,0,ilYJImqh,uDuzeUsq,596.0
1197,0,gpXWTuwm,ilYJImqh,596.0
1197,0,jKjAXpVP,gpXWTuwm,574.0
1197,0,XXPGaRGh,jKjAXpVP,574.0
1197,0,IMtkgxTU,XXPGaRGh,574.0
1197,0,MlQcmexA,IMtkgxTU,574.0
1197,0,tSmiUoPn,MlQcmexA,535.0
1197,0,VuxSFkGj,tSmiUoPn,535.0
1197,0,SQUoXVXU,VuxSFkGj,535.0
1197,0,tZiWmgTn,SQUoXVXU,485.0
1197,0,JpkWIkgn,tZiWmgTn,384.0
1197,0,gDnuvefz,JpkWIkgn,384.0
1197,0,rqBqDfoZ,gDnuvefz,384.0
1197,0,yhXmuUeN,rqBqDfoZ,381.0
1197,0,BqZQArDi,yhXmuUeN,136.0
1197,0,xbiDwIOu,BqZQArDi,136.0
1197,0,zVYhNTdK,xbiDwIOu,136.0
1197,0,EkWBPXmr,zVYhNTdK,136.0
971,0,AtcDBGpE,Oslgxmkx,2181.0
585,0,FcOkCcps,MqGZxRIW,1105.0
585,0,uiYVYPQX,FcOkCcps,2066.0
662,0,XVbubuGa,OwpcAtJV,1113.0
662,0,iuOUwLky,XVbubuGa,1113.0
1255,0,gKoyUmab,rckblBTM,1832.0
1255,0,fGmFhgnx,gKoyUmab,1832.0
1255,0,XyHfgUxW,fGmFhgnx,2365.0
1255,0,zjjLSYAp,XyHfgUxW,2373.0
1255,0,wrsPDGBQ,zjjLSYAp,2373.0
1255,0,UtwZFZsx,wrsPDGBQ,3749.0
1255,0,QsteKrle,UtwZFZsx,3749.0
1255,0,vqGhvZJF,QsteKrle,3749.0
591,0,XMWgellz,vqGhvZJF,2370.0
591,0,LPldZjRa,XMWgellz,4785.0
591,0,adsviABF,LPldZjRa,4785.0
591,0,TqlJzItM,adsviABF,4712.0
591,0,IjwLXBRx,TqlJzItM,4714.0
591,0,nJRBvlcT,IjwLXBRx,4712.0
591,0,IkxLwyxa,nJRBvlcT,4318.0
591,0,CYSggHNR,IkxLwyxa,4273.0
591,0,VhgapMoa,CYSggHNR,4276.0
591,0,dKbqWpcD,VhgapMoa,4276.0
591,0,zYpZYpOA,dKbqWpcD,4276.0
591,0,xbeOVhLE,zYpZYpOA,4329.0
591,0,IpBcScgC,xbeOVhLE,4245.0
591,0,aYvzRwqU,IpBcScgC,4245.0
591,0,mVhkAqwx,aYvzRwqU,4245.0
591,0,GigUVtty,mVhkAqwx,4234.0
591,0,xQpNdvvD,GigUVtty,4722.0
591,0,VuxSFkGj,xQpNdvvD,4714.0
591,0,SQUoXVXU,VuxSFkGj,4714.0
591,0,tZiWmgTn,SQUoXVXU,4682.0
591,0,JpkWIkgn,tZiWmgTn,4682.0
591,0,gDnuvefz,JpkWIkgn,4682.0
591,0,rqBqDfoZ,gDnuvefz,4682.0
591,0,dkEskUud,rqBqDfoZ,3977.0
591,0,BqZQArDi,dkEskUud,1086.0
591,0,zVYhNTdK,BqZQArDi,1081.0
591,0,EkWBPXmr,zVYhNTdK,1076.0
647,0,XXPGaRGh,PrdzzRyE,1214.0
647,0,IMtkgxTU,XXPGaRGh,922.0
647,0,MlQcmexA,IMtkgxTU,922.0
647,0,CZmFLtlO,MlQcmexA,1952.0
647,0,SUoxgoEf,CZmFLtlO,1952.0
647,0,eVGAINdZ,SUoxgoEf,1916.0
647,0,zOQhKaAF,eVGAINdZ,1916.0
647,0,PaLbQtln,zOQhKaAF,1865.0
647,0,rqBqDfoZ,PaLbQtln,1863.0
647,0,dkEskUud,rqBqDfoZ,1830.0
647,0,zVYhNTdK,dkEskUud,876.0
647,0,EkWBPXmr,zVYhNTdK,876.0
572,0,CVXQsRBK,NgDeDdfx,1155.0
572,0,jBnsfrlR,CVXQsRBK,1155.0
572,0,jeadfqyj,jBnsfrlR,1154.0
971,0,vwEcxUej,lBopHXdD,1986.0
971,0,JBpFxiqb,vwEcxUej,1986.0
971,0,Oslgxmkx,JBpFxiqb,1986.0
585,0,tBNXSyMW,pZulUpHT,1137.0
585,0,OyJKKata,tBNXSyMW,1137.0
585,0,MqGZxRIW,OyJKKata,1137.0
989,0,twMezfOU,lkujKSJT,9013.0
989,0,OyJKKata,twMezfOU,8373.0
989,0,MqGZxRIW,OyJKKata,4867.0
989,0,FcOkCcps,MqGZxRIW,4053.0
625,0,lBopHXdD,DKPrUpnj,1895.0
625,0,Oslgxmkx,lBopHXdD,1895.0
625,0,AtcDBGpE,Oslgxmkx,1702.0
625,0,nsjiKPCz,AtcDBGpE,1702.0
625,0,vfdAIPGv,nsjiKPCz,1687.0
625,0,ubZrQMid,vfdAIPGv,1609.0
625,0,gBkmsEyR,ubZrQMid,1609.0
625,0,cGoHBmgo,gBkmsEyR,1499.0
625,0,EkWBPXmr,cGoHBmgo,1415.0
662,0,TNbojCJf,issQYORv,1634.0
662,0,tGqVborR,TNbojCJf,1634.0
662,0,vJbDLuoa,tGqVborR,1634.0
662,0,FJLNitGY,vJbDLuoa,1622.0
662,0,peBgOXli,FJLNitGY,1229.0
662,0,KnWWIWQx,peBgOXli,1226.0
662,0,bRAzuzSs,KnWWIWQx,1226.0
662,0,OwpcAtJV,bRAzuzSs,1226.0
1376,0,mTvPylzX,JYcdyiOK,623.0
1376,0,mZseJHmU,mTvPylzX,623.0
1376,0,rClMLArS,mZseJHmU,1020.0
1376,0,MHYyLhRG,rClMLArS,1020.0
1376,0,CcTUkfkl,MHYyLhRG,1533.0
1376,0,tglFZOrp,CcTUkfkl,1533.0
1376,0,SqxhBMol,tglFZOrp,1533.0
1376,0,JvhqCmbT,SqxhBMol,1397.0
1376,0,xkdRvtRu,JvhqCmbT,1397.0
1376,0,SjZGieDS,xkdRvtRu,1377.0
1376,0,gDnuvefz,SjZGieDS,1767.0
1376,0,rqBqDfoZ,gDnuvefz,1767.0
1376,0,yhXmuUeN,rqBqDfoZ,1734.0
1376,0,BqZQArDi,yhXmuUeN,1150.0
1376,0,zVYhNTdK,BqZQArDi,1150.0
1376,0,EkWBPXmr,zVYhNTdK,1150.0
585,0,OeKkfJSz,HTcmpFUD,593.0
585,0,FZjXRNIl,OeKkfJSz,593.0
585,0,nqZDBuxM,FZjXRNIl,606.0
585,0,aAfSzptC,nqZDBuxM,607.0
585,0,pZulUpHT,aAfSzptC,607.0
989,0,IvQQZbJW,ztLkgYlA,9072.0
989,0,yaKWBgLg,IvQQZbJW,9002.0
989,0,lkujKSJT,yaKWBgLg,9002.0
658,0,HbnURplu,mtKVLjly,2077.0
658,0,IXwVPQjX,HbnURplu,2077.0
658,0,TNbojCJf,IXwVPQjX,1939.0
658,0,tGqVborR,TNbojCJf,1939.0
658,0,vJbDLuoa,tGqVborR,1939.0
658,0,uBBTYLuy,vJbDLuoa,1920.0
658,0,FJLNitGY,uBBTYLuy,1920.0
658,0,peBgOXli,FJLNitGY,1444.0
658,0,KnWWIWQx,peBgOXli,1274.0
658,0,bRAzuzSs,KnWWIWQx,1274.0
658,0,OwpcAtJV,bRAzuzSs,1274.0
658,0,XVbubuGa,OwpcAtJV,1175.0
658,0,iuOUwLky,XVbubuGa,1175.0
658,0,nZnozRfz,iuOUwLky,1175.0
658,0,jeadfqyj,nZnozRfz,1175.0
658,0,vspNPtqb,jeadfqyj,79.0
658,0,jiaBsTdI,vspNPtqb,77.0
658,0,iVtHnErr,jiaBsTdI,77.0
658,0,nsjiKPCz,iVtHnErr,77.0
658,0,vfdAIPGv,nsjiKPCz,72.0
658,0,inJVXMtB,vfdAIPGv,72.0
658,0,ubZrQMid,inJVXMtB,72.0
658,0,gBkmsEyR,ubZrQMid,72.0
658,0,cGoHBmgo,gBkmsEyR,71.0
658,0,EkWBPXmr,cGoHBmgo,71.0
971,0,RkbXqAIs,MTAZIXBL,1718.0
971,0,NLDgVASg,RkbXqAIs,1602.0
971,0,DKPrUpnj,NLDgVASg,1602.0
971,0,CdibamDB,DKPrUpnj,1602.0
971,0,lBopHXdD,CdibamDB,1602.0
971,0,jqriedgy,EkCoFwMY,1771.0
971,0,MTAZIXBL,jqriedgy,1771.0
971,0,vkSwBwcN,OKtVrzTN,1857.0
971,0,QRSRIbba,vkSwBwcN,1857.0
971,0,EkCoFwMY,QRSRIbba,1855.0
622,0,gdbAGAQU,JvDZYJph,528.0
622,0,ANpclgWP,gdbAGAQU,528.0
622,0,LWqTSxPr,ANpclgWP,528.0
622,0,tBgOcvQf,LWqTSxPr,528.0
622,0,IvQQZbJW,tBgOcvQf,528.0
622,0,yaKWBgLg,IvQQZbJW,297.0
622,0,lkujKSJT,yaKWBgLg,297.0
622,0,twMezfOU,lkujKSJT,297.0
622,0,OyJKKata,twMezfOU,297.0
622,0,MqGZxRIW,OyJKKata,245.0
622,0,FcOkCcps,MqGZxRIW,245.0
622,0,uiYVYPQX,FcOkCcps,244.0
622,0,wihERHzN,uiYVYPQX,223.0
622,0,jiaBsTdI,wihERHzN,223.0
622,0,iVtHnErr,jiaBsTdI,223.0
622,0,nsjiKPCz,iVtHnErr,223.0
622,0,vfdAIPGv,nsjiKPCz,223.0
622,0,ubZrQMid,vfdAIPGv,185.0
622,0,gBkmsEyR,ubZrQMid,185.0
622,0,cGoHBmgo,gBkmsEyR,136.0
622,0,EkWBPXmr,cGoHBmgo,136.0
622,0,xYfYRJnz,yXfOYhmg,1057.0
622,0,bvZtLhoP,xYfYRJnz,1057.0
622,0,NoGATiBT,bvZtLhoP,1057.0
622,0,JvDZYJph,NoGATiBT,797.0
625,0,GZZaPhbw,uPlQduWZ,1714.0
625,0,EwdOCOAF,GZZaPhbw,1714.0
625,0,QGNcLOop,EwdOCOAF,1714.0
625,0,NLDgVASg,QGNcLOop,1720.0
625,0,DKPrUpnj,NLDgVASg,1714.0
1194,0,kEQqRNXv,ZCsEtuOb,946.0
1194,0,NfeOUEsA,kEQqRNXv,946.0
1194,0,gdbAGAQU,NfeOUEsA,919.0
1194,0,ANpclgWP,gdbAGAQU,919.0
1194,0,LWqTSxPr,ANpclgWP,914.0
1194,0,tBgOcvQf,LWqTSxPr,914.0
1194,0,IvQQZbJW,tBgOcvQf,725.0
1194,0,yaKWBgLg,IvQQZbJW,717.0
1194,0,lkujKSJT,yaKWBgLg,717.0
1194,0,twMezfOU,lkujKSJT,708.0
1194,0,HRURJMPd,twMezfOU,632.0
1194,0,jKjAXpVP,HRURJMPd,632.0
1194,0,XXPGaRGh,jKjAXpVP,632.0
1194,0,IMtkgxTU,XXPGaRGh,632.0
1194,0,MlQcmexA,IMtkgxTU,632.0
1194,0,tSmiUoPn,MlQcmexA,602.0
1194,0,VuxSFkGj,tSmiUoPn,602.0
1194,0,SQUoXVXU,VuxSFkGj,602.0
1194,0,tZiWmgTn,SQUoXVXU,578.0
1194,0,JpkWIkgn,tZiWmgTn,578.0
1194,0,gDnuvefz,JpkWIkgn,578.0
1194,0,rqBqDfoZ,gDnuvefz,578.0
1194,0,yhXmuUeN,rqBqDfoZ,573.0
1194,0,dkEskUud,yhXmuUeN,573.0
1194,0,xbiDwIOu,dkEskUud,465.0
1194,0,zVYhNTdK,xbiDwIOu,465.0
1194,0,EkWBPXmr,zVYhNTdK,465.0
14,0,leJfirnk,yrRBvFtZ,2029.0
14,0,QRSRIbba,leJfirnk,2029.0
14,0,jqriedgy,QRSRIbba,2029.0
14,0,MTAZIXBL,jqriedgy,2029.0
14,0,RkbXqAIs,MTAZIXBL,1822.0
14,0,NLDgVASg,RkbXqAIs,2103.0
14,0,fcywqNMQ,NLDgVASg,2109.0
14,0,CdibamDB,fcywqNMQ,2612.0
14,0,lBopHXdD,CdibamDB,2612.0
14,0,vwEcxUej,lBopHXdD,2624.0
14,0,JBpFxiqb,vwEcxUej,2624.0
14,0,Oslgxmkx,JBpFxiqb,2624.0
14,0,AtcDBGpE,Oslgxmkx,2735.0
14,0,nsjiKPCz,AtcDBGpE,2898.0
14,0,vfdAIPGv,nsjiKPCz,2850.0
14,0,inJVXMtB,vfdAIPGv,2485.0
14,0,ubZrQMid,inJVXMtB,2485.0
14,0,gBkmsEyR,ubZrQMid,2485.0
14,0,cGoHBmgo,gBkmsEyR,1515.0
1194,0,hTaJTejf,XjSQdTLS,537.0
1194,0,AvILYntX,hTaJTejf,537.0
1194,0,BGAyznqC,AvILYntX,540.0
1194,0,PUIIuxlM,BGAyznqC,540.0
1194,0,bEuFbYIx,PUIIuxlM,647.0
1194,0,ZCsEtuOb,bEuFbYIx,658.0
971,0,RqfbhkOP,sUAChhLU,1822.0
971,0,WRCkhCoY,RqfbhkOP,1822.0
971,0,OKtVrzTN,WRCkhCoY,1828.0
14,0,wuyFtExA,EtvjcvTp,1467.0
14,0,MrybjzSo,wuyFtExA,1467.0
14,0,yrRBvFtZ,MrybjzSo,1467.0
173,0,YoEMZEcq,qCZHeqZn,940.0
1194,0,qkTCgKXX,YoEMZEcq,61.0
1194,0,XjSQdTLS,qkTCgKXX,61.0
625,0,LjPncvCg,ZkIfwknW,1708.0
625,0,cYHkZUeY,LjPncvCg,1708.0
625,0,JjkwBsaR,cYHkZUeY,1708.0
625,0,xWKOjfGB,JjkwBsaR,1708.0
625,0,zrJLwXnk,xWKOjfGB,1708.0
625,0,LUpTnILf,zrJLwXnk,1708.0
625,0,qezgFtTe,LUpTnILf,1375.0
625,0,EtAJJbBW,qezgFtTe,1375.0
625,0,uPlQduWZ,EtAJJbBW,1375.0
625,0,ZkIfwknW,XBhuaxff,1698.0
1052,0,EPmEpfWC,RBwynnQe,561.0
1052,0,xfbmoJHP,EPmEpfWC,561.0
1052,0,WdOwNGhj,xfbmoJHP,141.0
1052,0,kKKRBhFF,WdOwNGhj,139.0
1052,0,NFInfBeu,kKKRBhFF,139.0
1052,0,VCQdmIoF,NFInfBeu,139.0
1052,0,ePrpofUw,VCQdmIoF,139.0
1052,0,KcvPUxQg,ePrpofUw,139.0
1052,0,BlnSxBAr,KcvPUxQg,139.0
1052,0,TCBUGaZf,BlnSxBAr,139.0
1052,0,pzcCDVmZ,TCBUGaZf,123.0
1052,0,AUBTKFbY,pzcCDVmZ,123.0
1052,0,fjevhefZ,AUBTKFbY,123.0
1052,0,vyQyYYqJ,fjevhefZ,123.0
1052,0,ztLkgYlA,vyQyYYqJ,123.0
1052,0,IvQQZbJW,ztLkgYlA,120.0
1052,0,yaKWBgLg,IvQQZbJW,120.0
1052,0,lkujKSJT,yaKWBgLg,120.0
1052,0,twMezfOU,lkujKSJT,120.0
1052,0,OyJKKata,twMezfOU,71.0
1052,0,duRJdiSr,OyJKKata,71.0
1052,0,uiYVYPQX,duRJdiSr,46.0
1052,0,ozAxYCwR,uiYVYPQX,44.0
455,0,BlnSxBAr,KcvPUxQg,6124.0
455,0,WuDSdBCd,BlnSxBAr,6209.0
455,0,icUsjZEb,WuDSdBCd,6194.0
455,0,lhadwkCG,icUsjZEb,6194.0
455,0,awnNVqry,lhadwkCG,6194.0
455,0,ohBbDhvM,awnNVqry,6198.0
455,0,EYCnMsAF,ohBbDhvM,6198.0
455,0,tNDnmkQy,EYCnMsAF,6203.0
455,0,XjEyEHqT,tNDnmkQy,6203.0
455,0,IvqxNjHK,XjEyEHqT,6217.0
455,0,SyrqOGJb,IvqxNjHK,6233.0
455,0,NcLanIdZ,SyrqOGJb,6243.0
455,0,OyNIynZV,NcLanIdZ,6068.0
455,0,FGvzNZYi,OyNIynZV,6068.0
455,0,ydoNqUsu,FGvzNZYi,6113.0
455,0,yYSDLmlm,ydoNqUsu,5754.0
455,0,eOdwAkBF,yYSDLmlm,6571.0
455,0,FDCDnriY,eOdwAkBF,6571.0
455,0,DCdKJxNH,FDCDnriY,6204.0
455,0,DsuTXcIa,DCdKJxNH,4176.0
455,0,bgWfLree,DsuTXcIa,4151.0
455,0,MlQcmexA,bgWfLree,4151.0
455,0,tSmiUoPn,MlQcmexA,3051.0
455,0,VuxSFkGj,tSmiUoPn,3051.0
455,0,SQUoXVXU,VuxSFkGj,3045.0
455,0,tZiWmgTn,SQUoXVXU,2835.0
455,0,JpkWIkgn,tZiWmgTn,2827.0
455,0,gDnuvefz,JpkWIkgn,2827.0
455,0,rqBqDfoZ,gDnuvefz,2827.0
455,0,yhXmuUeN,rqBqDfoZ,2450.0
455,0,BqZQArDi,yhXmuUeN,1813.0
455,0,xbiDwIOu,BqZQArDi,1716.0
455,0,zVYhNTdK,xbiDwIOu,1716.0
455,0,EkWBPXmr,zVYhNTdK,1716.0
985,0,aDaRCcaB,YxUFlvZH,1719.0
985,0,dQYZBhGJ,aDaRCcaB,1468.0
985,0,iFderoVa,dQYZBhGJ,1468.0
985,0,GQmprOhw,iFderoVa,1721.0
985,0,CbblRkaH,GQmprOhw,1755.0
985,0,BldTZUAI,CbblRkaH,1790.0
985,0,nBYHMnkU,BldTZUAI,1588.0
971,0,sUAChhLU,nBYHMnkU,1396.0
455,0,KcvPUxQg,ePrpofUw,4628.0
594,0,OeXJgkRW,grMhZquG,411.0
594,0,GdpNupee,OeXJgkRW,411.0
594,0,EiybrpzE,GdpNupee,391.0
594,0,YiexuWUO,EiybrpzE,391.0
594,0,NQsRzhNW,YiexuWUO,370.0
594,0,xAJVMHqO,NQsRzhNW,370.0
594,0,dycwBUSP,xAJVMHqO,370.0
594,0,igOcnIRX,dycwBUSP,370.0
594,0,dQYZBhGJ,igOcnIRX,189.0
594,0,iFderoVa,dQYZBhGJ,189.0
594,0,GQmprOhw,iFderoVa,189.0
594,0,CbblRkaH,GQmprOhw,184.0
594,0,BldTZUAI,CbblRkaH,184.0
594,0,nBYHMnkU,BldTZUAI,180.0
596,0,YxUFlvZH,vyItOGON,1178.0
596,0,KMLNQwjh,YxUFlvZH,1133.0
596,0,aDaRCcaB,KMLNQwjh,387.0
596,0,dQYZBhGJ,aDaRCcaB,353.0
596,0,iFderoVa,dQYZBhGJ,353.0
596,0,GQmprOhw,iFderoVa,353.0
596,0,CbblRkaH,GQmprOhw,300.0
596,0,BldTZUAI,CbblRkaH,300.0
596,0,nBYHMnkU,BldTZUAI,231.0
625,0,XNHVHmHa,apwTQKga,1299.0
625,0,vGqwislq,XNHVHmHa,1299.0
625,0,AwLiWVdI,vGqwislq,1321.0
625,0,XBhuaxff,AwLiWVdI,1321.0
985,0,ZfNDFPcl,UxPxrYmy,2280.0
985,0,KwXNMHkb,ZfNDFPcl,2280.0
985,0,YxUFlvZH,KwXNMHkb,2280.0
625,0,apwTQKga,lBjlyorh,1021.0
455,0,NFInfBeu,kKKRBhFF,4316.0
455,0,VCQdmIoF,NFInfBeu,4337.0
455,0,ePrpofUw,VCQdmIoF,4337.0
625,0,ZTCNsviV,ODNKqRCQ,532.0
625,0,GBYHqHQO,ZTCNsviV,532.0
625,0,lBjlyorh,GBYHqHQO,532.0
455,0,WdOwNGhj,xfbmoJHP,3229.0
455,0,kKKRBhFF,WdOwNGhj,3249.0
625,0,ODNKqRCQ,iPzquFzR,503.0
596,0,vyItOGON,tTbFYEPP,750.0
1061,0,NCSBLEus,AJLJQqsT,60.0
1061,0,xfbmoJHP,NCSBLEus,66.0
1061,0,WdOwNGhj,xfbmoJHP,66.0
1061,0,kKKRBhFF,WdOwNGhj,66.0
1061,0,NFInfBeu,kKKRBhFF,66.0
1061,0,VCQdmIoF,NFInfBeu,66.0
1061,0,ePrpofUw,VCQdmIoF,66.0
1061,0,KcvPUxQg,ePrpofUw,66.0
1061,0,BlnSxBAr,KcvPUxQg,66.0
1061,0,TCBUGaZf,BlnSxBAr,66.0
1061,0,pzcCDVmZ,TCBUGaZf,66.0
1061,0,AUBTKFbY,pzcCDVmZ,66.0
1061,0,fjevhefZ,AUBTKFbY,66.0
1061,0,vyQyYYqJ,fjevhefZ,66.0
1061,0,ztLkgYlA,vyQyYYqJ,66.0
1061,0,IvQQZbJW,ztLkgYlA,66.0
1061,0,yaKWBgLg,IvQQZbJW,66.0
1061,0,lkujKSJT,yaKWBgLg,66.0
1061,0,twMezfOU,lkujKSJT,66.0
1061,0,OyJKKata,twMezfOU,66.0
1061,0,MqGZxRIW,OyJKKata,66.0
1061,0,FcOkCcps,MqGZxRIW,66.0
1061,0,uiYVYPQX,FcOkCcps,66.0
1061,0,wihERHzN,uiYVYPQX,59.0
1061,0,vspNPtqb,wihERHzN,59.0
1061,0,jiaBsTdI,vspNPtqb,59.0
1061,0,iVtHnErr,jiaBsTdI,59.0
1061,0,nsjiKPCz,iVtHnErr,59.0
1061,0,vfdAIPGv,nsjiKPCz,59.0
1061,0,inJVXMtB,vfdAIPGv,53.0
1061,0,ubZrQMid,inJVXMtB,53.0
1061,0,gBkmsEyR,ubZrQMid,53.0
1061,0,cGoHBmgo,gBkmsEyR,41.0
1061,0,EkWBPXmr,cGoHBmgo,41.0
985,0,hqOmlOIp,RrhmmPMm,1889.0
985,0,qJgsxHch,hqOmlOIp,1889.0
985,0,lxplrluY,qJgsxHch,1889.0
985,0,zTJYYUap,lxplrluY,1889.0
985,0,UxPxrYmy,zTJYYUap,1889.0
924,0,illGQStO,sTaleXyI,3791.0
924,0,AUrIxxcC,illGQStO,3693.0
924,0,zqZasXpA,AUrIxxcC,3746.0
924,0,EYGEAZtD,zqZasXpA,3746.0
924,0,AJLJQqsT,EYGEAZtD,3746.0
924,0,NCSBLEus,AJLJQqsT,3786.0
924,0,xfbmoJHP,NCSBLEus,3663.0
985,0,YxYhlArE,NqSePdAx,1701.0
985,0,sAswhpJr,YxYhlArE,1701.0
985,0,VyHGAkTo,sAswhpJr,1701.0
985,0,RrhmmPMm,VyHGAkTo,1701.0
1061,0,TJDsQDoO,HdBHspFM,25.0
1061,0,yTictHOU,TJDsQDoO,25.0
1061,0,illGQStO,yTictHOU,25.0
1061,0,AUrIxxcC,illGQStO,25.0
1061,0,zqZasXpA,AUrIxxcC,25.0
1061,0,EYGEAZtD,zqZasXpA,25.0
1061,0,AJLJQqsT,EYGEAZtD,25.0
985,0,sceVWPKZ,dvaPHMux,1390.0
985,0,kIKddsaQ,sceVWPKZ,1390.0
985,0,NqSePdAx,kIKddsaQ,1390.0
1047,0,illGQStO,gIrHwcsI,1025.0
1047,0,AUrIxxcC,illGQStO,560.0
1047,0,zqZasXpA,AUrIxxcC,560.0
1047,0,EYGEAZtD,zqZasXpA,560.0
1047,0,AJLJQqsT,EYGEAZtD,560.0
1047,0,NCSBLEus,AJLJQqsT,509.0
1047,0,xfbmoJHP,NCSBLEus,506.0
1047,0,WdOwNGhj,xfbmoJHP,232.0
1047,0,kKKRBhFF,WdOwNGhj,219.0
1047,0,NFInfBeu,kKKRBhFF,215.0
1047,0,VCQdmIoF,NFInfBeu,215.0
1047,0,ePrpofUw,VCQdmIoF,215.0
1047,0,KcvPUxQg,ePrpofUw,211.0
1047,0,BlnSxBAr,KcvPUxQg,211.0
1047,0,TCBUGaZf,BlnSxBAr,211.0
1047,0,pzcCDVmZ,TCBUGaZf,172.0
1047,0,AUBTKFbY,pzcCDVmZ,172.0
1047,0,fjevhefZ,AUBTKFbY,157.0
1047,0,vyQyYYqJ,fjevhefZ,157.0
1047,0,ztLkgYlA,vyQyYYqJ,157.0
1047,0,IvQQZbJW,ztLkgYlA,140.0
1047,0,yaKWBgLg,IvQQZbJW,140.0
1047,0,lkujKSJT,yaKWBgLg,140.0
1047,0,twMezfOU,lkujKSJT,140.0
1047,0,OyJKKata,twMezfOU,140.0
1047,0,MqGZxRIW,OyJKKata,139.0
1047,0,FcOkCcps,MqGZxRIW,127.0
1068,0,aLFpJPgR,jEhGDfoN,1798.0
1068,0,cZLwCFQo,aLFpJPgR,1817.0
1068,0,rxrORjnb,cZLwCFQo,1816.0
1068,0,UVDfwOgc,rxrORjnb,1617.0
1068,0,TJDsQDoO,UVDfwOgc,1611.0
1068,0,illGQStO,TJDsQDoO,1609.0
1068,0,zqZasXpA,illGQStO,1601.0
1068,0,AJLJQqsT,zqZasXpA,1601.0
1068,0,NCSBLEus,AJLJQqsT,1598.0
1068,0,xfbmoJHP,NCSBLEus,1597.0
1068,0,WdOwNGhj,xfbmoJHP,1133.0
1068,0,kKKRBhFF,WdOwNGhj,915.0
1068,0,NFInfBeu,kKKRBhFF,912.0
1068,0,VCQdmIoF,NFInfBeu,912.0
1068,0,ePrpofUw,VCQdmIoF,912.0
1068,0,BlnSxBAr,ePrpofUw,912.0
1068,0,TCBUGaZf,BlnSxBAr,486.0
1068,0,pzcCDVmZ,TCBUGaZf,208.0
1068,0,sNuKvPuW,pzcCDVmZ,198.0
1068,0,fjevhefZ,sNuKvPuW,198.0
1068,0,vyQyYYqJ,fjevhefZ,193.0
1068,0,ztLkgYlA,vyQyYYqJ,182.0
1068,0,yaKWBgLg,ztLkgYlA,100.0
1068,0,lkujKSJT,yaKWBgLg,100.0
1068,0,twMezfOU,lkujKSJT,100.0
1068,0,OyJKKata,twMezfOU,96.0
1068,0,MqGZxRIW,OyJKKata,69.0
1068,0,FcOkCcps,MqGZxRIW,68.0
1068,0,uiYVYPQX,FcOkCcps,67.0
1068,0,wihERHzN,uiYVYPQX,40.0
1068,0,jiaBsTdI,wihERHzN,40.0
1068,0,iVtHnErr,jiaBsTdI,40.0
1068,0,nsjiKPCz,iVtHnErr,40.0
1068,0,vfdAIPGv,nsjiKPCz,39.0
1068,0,inJVXMtB,vfdAIPGv,35.0
1068,0,ubZrQMid,inJVXMtB,35.0
1068,0,gBkmsEyR,ubZrQMid,35.0
1068,0,cGoHBmgo,gBkmsEyR,31.0
1068,0,EkWBPXmr,cGoHBmgo,31.0
924,0,Vtdujofe,VKAAZZOV,3326.0
924,0,edTVGmZc,Vtdujofe,3326.0
924,0,iqwCaPZT,edTVGmZc,3326.0
924,0,qqDoWQdv,iqwCaPZT,3326.0
924,0,eymgjBxV,qqDoWQdv,3139.0
924,0,EonJeQKz,eymgjBxV,3252.0
924,0,vkWqgNph,EonJeQKz,3253.0
924,0,nJRQzVZQ,vkWqgNph,3253.0
924,0,xunvufHj,nJRQzVZQ,3247.0
924,0,rxrORjnb,xunvufHj,3242.0
924,0,UVDfwOgc,rxrORjnb,3141.0
924,0,HdBHspFM,UVDfwOgc,3141.0
924,0,TJDsQDoO,HdBHspFM,3412.0
924,0,yTictHOU,TJDsQDoO,3524.0
924,0,sTaleXyI,yTictHOU,3524.0
924,0,TNTzUMyF,HyvnzuHA,2134.0
924,0,avRuCqLk,TNTzUMyF,2134.0
924,0,wIAALBva,avRuCqLk,2134.0
924,0,nxBXRnVc,wIAALBva,2134.0
924,0,sXWHYDNZ,nxBXRnVc,2261.0
924,0,VKAAZZOV,sXWHYDNZ,2261.0
858,0,spmlaYUs,qIuTLVvj,1043.0
858,0,qqDoWQdv,spmlaYUs,1043.0
858,0,eymgjBxV,qqDoWQdv,964.0
858,0,EonJeQKz,eymgjBxV,943.0
858,0,vkWqgNph,EonJeQKz,943.0
858,0,nJRQzVZQ,vkWqgNph,943.0
858,0,xunvufHj,nJRQzVZQ,942.0
858,0,rxrORjnb,xunvufHj,942.0
858,0,UVDfwOgc,rxrORjnb,942.0
858,0,TJDsQDoO,UVDfwOgc,933.0
858,0,yTictHOU,TJDsQDoO,933.0
858,0,sTaleXyI,yTictHOU,933.0
858,0,illGQStO,sTaleXyI,899.0
858,0,AUrIxxcC,illGQStO,888.0
858,0,zqZasXpA,AUrIxxcC,888.0
858,0,EYGEAZtD,zqZasXpA,888.0
858,0,AJLJQqsT,EYGEAZtD,888.0
858,0,NCSBLEus,AJLJQqsT,884.0
858,0,xfbmoJHP,NCSBLEus,884.0
912,0,mgDGiHEE,FwvYcAgk,568.0
912,0,dQOncjgh,mgDGiHEE,836.0
912,0,QiaFfhxS,dQOncjgh,869.0
912,0,rilNZKmg,QiaFfhxS,869.0
912,0,MgfOYJbA,rilNZKmg,867.0
912,0,qIuTLVvj,MgfOYJbA,867.0
912,0,spmlaYUs,qIuTLVvj,719.0
912,0,qqDoWQdv,spmlaYUs,719.0
912,0,eymgjBxV,qqDoWQdv,715.0
912,0,EonJeQKz,eymgjBxV,702.0
912,0,vkWqgNph,EonJeQKz,702.0
912,0,nJRQzVZQ,vkWqgNph,702.0
912,0,xunvufHj,nJRQzVZQ,674.0
912,0,rxrORjnb,xunvufHj,674.0
912,0,UVDfwOgc,rxrORjnb,673.0
912,0,TJDsQDoO,UVDfwOgc,658.0
912,0,yTictHOU,TJDsQDoO,658.0
912,0,sTaleXyI,yTictHOU,658.0
912,0,illGQStO,sTaleXyI,650.0
912,0,AUrIxxcC,illGQStO,630.0
912,0,zqZasXpA,AUrIxxcC,630.0
912,0,EYGEAZtD,zqZasXpA,630.0
912,0,AJLJQqsT,EYGEAZtD,630.0
912,0,NCSBLEus,AJLJQqsT,618.0
912,0,xfbmoJHP,NCSBLEus,612.0
750,0,GIlSPhwi,SOtvIsgL,2069.0
750,0,ZPJGdbAJ,GIlSPhwi,2069.0
750,0,xfbmoJHP,ZPJGdbAJ,2066.0
35,0,fwfbiPwk,drmArhka,5522.0
35,0,cGoHBmgo,fwfbiPwk,6602.0
35,0,EkWBPXmr,cGoHBmgo,6602.0
417,0,TShNRujB,hxSTJhOz,8362.0
417,0,zVYhNTdK,TShNRujB,5556.0
417,0,EkWBPXmr,zVYhNTdK,5476.0
35,0,XypZkLUe,gaLZwYvS,5621.0
35,0,drmArhka,XypZkLUe,5621.0
417,0,hxSTJhOz,rDSiGFpR,8356.0
35,0,gaLZwYvS,qFzqwYZZ,5294.0
477,0,NKCxdwhs,mYoRZvtc,1483.0
477,0,eeSdZFhf,NKCxdwhs,1483.0
477,0,UaWwvNMO,eeSdZFhf,1481.0
477,0,gFAsBeQM,UaWwvNMO,1481.0
477,0,rDSiGFpR,gFAsBeQM,1078.0
35,0,qFzqwYZZ,MBTcSIip,5557.0
417,0,LOkvvGyU,FqxCUuHX,6153.0
417,0,DYErCrqd,LOkvvGyU,8067.0
417,0,LbKosGpD,DYErCrqd,8067.0
417,0,rDSiGFpR,LbKosGpD,7501.0
417,0,tSUFrefk,ZMeqpjWv,5332.0
417,0,FqxCUuHX,tSUFrefk,5361.0
35,0,ppabfQGz,rloRqLNl,6438.0
35,0,MBTcSIip,ppabfQGz,6210.0
417,0,AFWGXQGm,BsVmblhs,3301.0
417,0,WTiRZunt,AFWGXQGm,3301.0
417,0,ZMeqpjWv,WTiRZunt,3301.0
465,0,XFLojCJa,cPCRxZjy,7487.0
465,0,mHRdWDIt,XFLojCJa,7487.0
465,0,NBopaFdP,mHRdWDIt,7137.0
465,0,LbKosGpD,NBopaFdP,7137.0
465,0,rDSiGFpR,LbKosGpD,7125.0
465,0,hxSTJhOz,rDSiGFpR,4107.0
465,0,TShNRujB,hxSTJhOz,4070.0
465,0,zVYhNTdK,TShNRujB,1609.0
465,0,EkWBPXmr,zVYhNTdK,1606.0
357,0,cPCRxZjy,LPfgjVyT,3648.0
357,0,qpacHTVx,cPCRxZjy,3443.0
357,0,XFLojCJa,qpacHTVx,3443.0
357,0,mHRdWDIt,XFLojCJa,3443.0
357,0,NBopaFdP,mHRdWDIt,3428.0
357,0,LbKosGpD,NBopaFdP,3428.0
357,0,rDSiGFpR,LbKosGpD,3423.0
357,0,hxSTJhOz,rDSiGFpR,2728.0
357,0,TShNRujB,hxSTJhOz,2726.0
357,0,xbiDwIOu,TShNRujB,922.0
357,0,zVYhNTdK,xbiDwIOu,922.0
357,0,EkWBPXmr,zVYhNTdK,913.0
1139,0,LLvlNCEB,sDgMDbLK,1828.0
1139,0,ZMeqpjWv,LLvlNCEB,1810.0
1139,0,tSUFrefk,ZMeqpjWv,1810.0
1139,0,FqxCUuHX,tSUFrefk,1776.0
1139,0,LOkvvGyU,FqxCUuHX,1611.0
1139,0,DYErCrqd,LOkvvGyU,1611.0
1139,0,rDSiGFpR,DYErCrqd,1611.0
1139,0,hxSTJhOz,rDSiGFpR,1113.0
1139,0,TShNRujB,hxSTJhOz,1113.0
1139,0,xbiDwIOu,TShNRujB,634.0
1139,0,zVYhNTdK,xbiDwIOu,634.0
1139,0,EkWBPXmr,zVYhNTdK,634.0
357,0,LPfgjVyT,cniBuICf,2787.0
357,0,cniBuICf,WtPVEKaC,2329.0
417,0,TUpCuZAw,YmDpkIHQ,2856.0
417,0,HYfXIyFk,TUpCuZAw,2856.0
417,0,oQvXmJfL,HYfXIyFk,2883.0
417,0,yayPNqiY,oQvXmJfL,2968.0
417,0,BsVmblhs,yayPNqiY,2955.0
35,0,TiulEaYs,FliRNcXy,5859.0
35,0,dwUntJQR,TiulEaYs,5873.0
35,0,rloRqLNl,dwUntJQR,5873.0
1139,0,faYOimYm,EZnTnoxs,1404.0
1139,0,cmGUMIAA,faYOimYm,1446.0
1139,0,sDgMDbLK,cmGUMIAA,1446.0
357,0,WtPVEKaC,BYsSDXCP,2224.0
35,0,LfENZYTF,TNZDhyQb,4974.0
35,0,FliRNcXy,LfENZYTF,4974.0
357,0,BYsSDXCP,zjSAMvDn,2001.0
1139,0,aaOdCJPr,ezbmnBKa,1050.0
1139,0,EZnTnoxs,aaOdCJPr,1050.0
35,0,aFlzccOO,DYvQviUy,4781.0
35,0,TNZDhyQb,aFlzccOO,4536.0
1511,0,fubLBmAl,DOGyniWl,10442.0
1511,0,zjSAMvDn,fubLBmAl,10442.0
1511,0,BYsSDXCP,zjSAMvDn,10233.0
1511,0,WtPVEKaC,BYsSDXCP,10127.0
1511,0,cniBuICf,WtPVEKaC,8447.0
1511,0,LPfgjVyT,cniBuICf,8447.0
1511,0,cPCRxZjy,LPfgjVyT,6847.0
1511,0,XFLojCJa,cPCRxZjy,6293.0
1511,0,mHRdWDIt,XFLojCJa,6293.0
1511,0,NBopaFdP,mHRdWDIt,6141.0
1511,0,LbKosGpD,NBopaFdP,6141.0
1511,0,rDSiGFpR,LbKosGpD,6096.0
1511,0,hxSTJhOz,rDSiGFpR,4738.0
1511,0,TShNRujB,hxSTJhOz,4692.0
1511,0,xbiDwIOu,TShNRujB,3457.0
1511,0,zVYhNTdK,xbiDwIOu,3457.0
1511,0,EkWBPXmr,zVYhNTdK,3428.0
1741,0,YmkUpvHU,qKeCDDXI,1459.0
1741,0,GbYxEXTt,YmkUpvHU,1487.0
1741,0,ItndWSiW,GbYxEXTt,1487.0
1741,0,DOGyniWl,ItndWSiW,654.0
1741,0,fubLBmAl,DOGyniWl,654.0
1741,0,zjSAMvDn,fubLBmAl,654.0
1741,0,BYsSDXCP,zjSAMvDn,848.0
1741,0,WtPVEKaC,BYsSDXCP,824.0
1741,0,cniBuICf,WtPVEKaC,753.0
1741,0,LPfgjVyT,cniBuICf,754.0
1741,0,cPCRxZjy,LPfgjVyT,898.0
1741,0,XFLojCJa,cPCRxZjy,898.0
1741,0,mHRdWDIt,XFLojCJa,898.0
1741,0,NBopaFdP,mHRdWDIt,898.0
1741,0,LbKosGpD,NBopaFdP,898.0
1245,0,OajDKDnO,jIFrASnh,571.0
1245,0,fQIJDuOA,OajDKDnO,571.0
1245,0,ZBegLuFw,fQIJDuOA,571.0
1245,0,yHDouIXe,ZBegLuFw,619.0
1245,0,aFlzccOO,yHDouIXe,574.0
1245,0,TNZDhyQb,aFlzccOO,790.0
1245,0,LfENZYTF,TNZDhyQb,994.0
1245,0,FliRNcXy,LfENZYTF,994.0
1245,0,TiulEaYs,FliRNcXy,1553.0
1245,0,dwUntJQR,TiulEaYs,1571.0
1245,0,ppabfQGz,dwUntJQR,1571.0
1245,0,MBTcSIip,ppabfQGz,1815.0
1245,0,qFzqwYZZ,MBTcSIip,1870.0
1245,0,gaLZwYvS,qFzqwYZZ,2387.0
1245,0,XypZkLUe,gaLZwYvS,2571.0
1245,0,drmArhka,XypZkLUe,2571.0
35,0,DYvQviUy,RfEbENxd,4112.0
1139,0,qGIkRenz,yrWAEsGy,765.0
1139,0,ytUqATXS,qGIkRenz,765.0
1139,0,sHwmfZBx,ytUqATXS,789.0
1139,0,OJyOyFXO,sHwmfZBx,699.0
1139,0,ezbmnBKa,OJyOyFXO,700.0
1511,0,GpnhEWuy,QDIpIlEK,8238.0
1511,0,YmkUpvHU,GpnhEWuy,8104.0
1511,0,GbYxEXTt,YmkUpvHU,10149.0
1511,0,DOGyniWl,GbYxEXTt,9542.0
77,0,jQaLNViL,XJRnAJHc,5459.0
77,0,RfEbENxd,jQaLNViL,4737.0
77,0,DYvQviUy,RfEbENxd,3527.0
77,0,aFlzccOO,DYvQviUy,3241.0
77,0,TNZDhyQb,aFlzccOO,2834.0
77,0,LfENZYTF,TNZDhyQb,2834.0
77,0,FliRNcXy,LfENZYTF,2834.0
77,0,TiulEaYs,FliRNcXy,2605.0
77,0,dwUntJQR,TiulEaYs,2605.0
77,0,rloRqLNl,dwUntJQR,2605.0
77,0,ppabfQGz,rloRqLNl,2369.0
77,0,MBTcSIip,ppabfQGz,2369.0
77,0,qFzqwYZZ,MBTcSIip,2357.0
77,0,gaLZwYvS,qFzqwYZZ,2086.0
77,0,XypZkLUe,gaLZwYvS,2084.0
77,0,drmArhka,XypZkLUe,2084.0
77,0,fwfbiPwk,drmArhka,2047.0
77,0,EkWBPXmr,fwfbiPwk,1537.0
1139,0,hCbDNPhh,kzneBolb,740.0
1139,0,oFLgHrco,hCbDNPhh,740.0
1139,0,yrWAEsGy,oFLgHrco,740.0
35,0,jQaLNViL,WynPMslR,4901.0
35,0,RfEbENxd,jQaLNViL,4473.0
1505,0,WCllcJIC,wxsBzgDc,7318.0
1505,0,OXcUkifL,WCllcJIC,8103.0
1505,0,POsNTwnJ,OXcUkifL,8425.0
1505,0,YmkUpvHU,POsNTwnJ,8408.0
1511,0,GgLRqpEG,uhUmvvRs,10296.0
1511,0,WFZVQzrl,GgLRqpEG,9369.0
1511,0,GiONHkbf,WFZVQzrl,8698.0
1511,0,QDIpIlEK,GiONHkbf,7807.0
233,0,GiONHkbf,aFxztqGh,2236.0
233,0,QDIpIlEK,GiONHkbf,2038.0
77,0,WUWIxCFc,OdzEGWPG,4108.0
77,0,XJRnAJHc,WUWIxCFc,4108.0
233,0,xwyDeZpB,ckoHNDVp,1734.0
233,0,aFxztqGh,xwyDeZpB,1946.0
35,0,vHkAlmCm,GnOurcjN,4170.0
35,0,WynPMslR,vHkAlmCm,4183.0
1505,0,poajKJhB,zUgDRwiy,6787.0
1505,0,wDKuLbjL,poajKJhB,6787.0
1505,0,IfDrXrwx,wDKuLbjL,6852.0
1505,0,wxsBzgDc,IfDrXrwx,6782.0
1468,0,PZviXSbJ,hHvKehYu,15.0
1468,0,liXJvIPl,PZviXSbJ,230.0
1468,0,mwBDLsCe,liXJvIPl,230.0
1468,0,OsteSFoc,mwBDLsCe,230.0
1468,0,rEXMwzJR,OsteSFoc,230.0
1468,0,ZsdtRkBt,rEXMwzJR,230.0
1468,0,xwyDeZpB,ZsdtRkBt,362.0
1468,0,aFxztqGh,xwyDeZpB,362.0
1468,0,GiONHkbf,aFxztqGh,400.0
1468,0,QDIpIlEK,GiONHkbf,400.0
1468,0,GpnhEWuy,QDIpIlEK,217.0
77,0,ruogAkOJ,cQHgTjKq,3839.0
77,0,tndfGrTh,ruogAkOJ,3839.0
77,0,OdzEGWPG,tndfGrTh,3839.0
233,0,TdXLhpcB,miDIXkTS,1600.0
233,0,ckoHNDVp,TdXLhpcB,1995.0
233,0,miDIXkTS,EFeZyZmg,1463.0
77,0,cQHgTjKq,wGTdgRcU,3636.0
1484,0,HcKLTTXk,UgdUAhSn,367.0
1484,0,mexFgKBp,HcKLTTXk,368.0
1484,0,KIvXTDlT,mexFgKBp,368.0
1484,0,TgzZcdmy,KIvXTDlT,368.0
1484,0,SEjojzMr,TgzZcdmy,368.0
1484,0,WCllcJIC,SEjojzMr,368.0
1484,0,OXcUkifL,WCllcJIC,368.0
1484,0,POsNTwnJ,OXcUkifL,337.0
1484,0,rRGVruPM,POsNTwnJ,337.0
1484,0,YmkUpvHU,rRGVruPM,337.0
1484,0,GbYxEXTt,YmkUpvHU,337.0
1484,0,DOGyniWl,GbYxEXTt,337.0
1484,0,fubLBmAl,DOGyniWl,337.0
1484,0,zjSAMvDn,fubLBmAl,337.0
1484,0,BYsSDXCP,zjSAMvDn,336.0
1484,0,WtPVEKaC,BYsSDXCP,336.0
1484,0,cniBuICf,WtPVEKaC,141.0
1484,0,LPfgjVyT,cniBuICf,141.0
1484,0,cPCRxZjy,LPfgjVyT,126.0
1484,0,XFLojCJa,cPCRxZjy,126.0
1484,0,mHRdWDIt,XFLojCJa,126.0
1484,0,NBopaFdP,mHRdWDIt,126.0
1484,0,LbKosGpD,NBopaFdP,126.0
1484,0,rDSiGFpR,LbKosGpD,126.0
1484,0,hxSTJhOz,rDSiGFpR,117.0
1484,0,TShNRujB,hxSTJhOz,117.0
1484,0,xbiDwIOu,TShNRujB,74.0
1484,0,zVYhNTdK,xbiDwIOu,74.0
1484,0,EkWBPXmr,zVYhNTdK,74.0
362,0,jvuOCfJT,BCaYhIgf,206.0
362,0,vGKZybsV,jvuOCfJT,206.0
362,0,lEwLedpG,vGKZybsV,154.0
362,0,GtMUYUwJ,lEwLedpG,154.0
362,0,lQIpGOTn,GtMUYUwJ,154.0
362,0,uhUmvvRs,lQIpGOTn,146.0
362,0,GgLRqpEG,uhUmvvRs,113.0
362,0,WFZVQzrl,GgLRqpEG,113.0
362,0,GiONHkbf,WFZVQzrl,110.0
362,0,QDIpIlEK,GiONHkbf,110.0
362,0,GpnhEWuy,QDIpIlEK,82.0
362,0,YmkUpvHU,GpnhEWuy,82.0
362,0,GbYxEXTt,YmkUpvHU,82.0
362,0,DOGyniWl,GbYxEXTt,72.0
362,0,fubLBmAl,DOGyniWl,72.0
362,0,zjSAMvDn,fubLBmAl,72.0
362,0,BYsSDXCP,zjSAMvDn,66.0
362,0,WtPVEKaC,BYsSDXCP,65.0
362,0,cniBuICf,WtPVEKaC,65.0
362,0,LPfgjVyT,cniBuICf,65.0
362,0,cPCRxZjy,LPfgjVyT,51.0
362,0,qpacHTVx,cPCRxZjy,50.0
362,0,XFLojCJa,qpacHTVx,50.0
362,0,mHRdWDIt,XFLojCJa,50.0
362,0,NBopaFdP,mHRdWDIt,50.0
362,0,LbKosGpD,NBopaFdP,50.0
362,0,rDSiGFpR,LbKosGpD,50.0
362,0,hxSTJhOz,rDSiGFpR,45.0
362,0,TShNRujB,hxSTJhOz,45.0
362,0,xbiDwIOu,TShNRujB,44.0
362,0,zVYhNTdK,xbiDwIOu,44.0
362,0,EkWBPXmr,zVYhNTdK,44.0
362,0,fpBSsIiN,kVypOvQA,197.0
362,0,vDrIQGSM,fpBSsIiN,197.0
362,0,wYGnXViz,vDrIQGSM,197.0
362,0,BCaYhIgf,wYGnXViz,197.0
1435,0,xgzyCPTg,HAmwZMhM,5754.0
1435,0,XWLETkPz,xgzyCPTg,5754.0
1435,0,RSQixiib,XWLETkPz,5754.0
1435,0,qrzeRBPC,RSQixiib,9320.0
1435,0,phXawcIY,qrzeRBPC,9320.0
1435,0,EXTmTMKf,phXawcIY,6931.0
35,0,yfIoPTHo,EXTmTMKf,3435.0
35,0,GnOurcjN,yfIoPTHo,3443.0
1750,0,nOepWjtB,zfmNZkKD,3256.0
1750,0,kNXaohyL,nOepWjtB,3256.0
1750,0,gJicbLzN,kNXaohyL,3256.0
1750,0,lRwVVbKf,gJicbLzN,3301.0
1750,0,HcKLTTXk,lRwVVbKf,5201.0
1750,0,IvXmMOhB,HcKLTTXk,5216.0
1750,0,KIvXTDlT,IvXmMOhB,5226.0
1750,0,TgzZcdmy,KIvXTDlT,5226.0
1750,0,SEjojzMr,TgzZcdmy,5226.0
1750,0,oBYetVBr,SEjojzMr,4967.0
1750,0,GiONHkbf,oBYetVBr,4674.0
1750,0,QDIpIlEK,GiONHkbf,4552.0
77,0,meZHMfSd,yTNmoAGc,3387.0
77,0,wGTdgRcU,meZHMfSd,3387.0
35,0,zjGRmLyo,JGydtICe,3049.0
35,0,EXTmTMKf,zjGRmLyo,3083.0
36,0,JGydtICe,RtTLxXUv,2450.0
36,0,zjGRmLyo,JGydtICe,2450.0
36,0,EXTmTMKf,zjGRmLyo,2450.0
36,0,yfIoPTHo,EXTmTMKf,2450.0
36,0,GnOurcjN,yfIoPTHo,2450.0
36,0,vHkAlmCm,GnOurcjN,2450.0
36,0,WynPMslR,vHkAlmCm,2450.0
36,0,jQaLNViL,WynPMslR,2450.0
36,0,RfEbENxd,jQaLNViL,1732.0
36,0,DYvQviUy,RfEbENxd,1421.0
36,0,aFlzccOO,DYvQviUy,1419.0
36,0,TNZDhyQb,aFlzccOO,1391.0
36,0,LfENZYTF,TNZDhyQb,1391.0
36,0,FliRNcXy,LfENZYTF,1391.0
36,0,TiulEaYs,FliRNcXy,1339.0
36,0,dwUntJQR,TiulEaYs,1339.0
36,0,rloRqLNl,dwUntJQR,1339.0
36,0,ppabfQGz,rloRqLNl,1138.0
36,0,MBTcSIip,ppabfQGz,1138.0
36,0,qFzqwYZZ,MBTcSIip,1040.0
36,0,gaLZwYvS,qFzqwYZZ,952.0
36,0,XypZkLUe,gaLZwYvS,952.0
36,0,drmArhka,XypZkLUe,952.0
36,0,fwfbiPwk,drmArhka,949.0
36,0,cGoHBmgo,fwfbiPwk,662.0
36,0,EkWBPXmr,cGoHBmgo,662.0
1702,0,KOOURKwq,ALndweLA,2637.0
1702,0,VkuawVVW,KOOURKwq,2605.0
1702,0,iooOeHkN,VkuawVVW,2632.0
1702,0,DgeiAShx,iooOeHkN,2632.0
1511,0,jFRqfnFl,qeXIqBgp,9525.0
1511,0,ysSWNERo,jFRqfnFl,9715.0
1511,0,lEwLedpG,ysSWNERo,9702.0
1511,0,lQIpGOTn,lEwLedpG,10219.0
1511,0,uhUmvvRs,lQIpGOTn,10217.0
1532,0,ULIlEdjB,XHLHCkqn,1096.0
1532,0,zfmNZkKD,ULIlEdjB,1096.0
1532,0,tYiGccLM,zfmNZkKD,1411.0
1532,0,zVMCvpDh,tYiGccLM,1559.0
1532,0,tdSVPjpA,zVMCvpDh,1559.0
1532,0,nOepWjtB,tdSVPjpA,1559.0
1532,0,kNXaohyL,nOepWjtB,1559.0
1532,0,gJicbLzN,kNXaohyL,1559.0
1532,0,lRwVVbKf,gJicbLzN,1576.0
1532,0,HcKLTTXk,lRwVVbKf,1920.0
1532,0,IvXmMOhB,HcKLTTXk,2618.0
35,0,uCftfjda,aBQaRmrC,1662.0
35,0,JGydtICe,uCftfjda,1662.0
77,0,wDEypHfE,QCBPrBCl,3164.0
77,0,yTNmoAGc,wDEypHfE,3137.0
77,0,rGYrQqGa,OUTzwMHI,3093.0
77,0,QCBPrBCl,rGYrQqGa,3093.0
143,0,mexFgKBp,NrNaZyPp,2083.0
143,0,KIvXTDlT,mexFgKBp,1074.0
143,0,TgzZcdmy,KIvXTDlT,1075.0
143,0,SEjojzMr,TgzZcdmy,1075.0
143,0,WCllcJIC,SEjojzMr,786.0
143,0,OXcUkifL,WCllcJIC,786.0
143,0,POsNTwnJ,OXcUkifL,782.0
143,0,rRGVruPM,POsNTwnJ,782.0
143,0,YmkUpvHU,rRGVruPM,421.0
762,0,dHuMOmqh,HqehCtdr,4414.0
762,0,mdiSFJRM,dHuMOmqh,4520.0
762,0,ljNlRbnZ,mdiSFJRM,4520.0
762,0,VbMcfGsr,ljNlRbnZ,4196.0
762,0,MttNRhjN,VbMcfGsr,4196.0
762,0,HeidvHXY,MttNRhjN,4196.0
762,0,CCoJPQpR,HeidvHXY,4196.0
762,0,veAXvdUO,CCoJPQpR,7333.0
762,0,UgdUAhSn,veAXvdUO,7333.0
762,0,HcKLTTXk,UgdUAhSn,5595.0
762,0,zUgDRwiy,HcKLTTXk,5287.0
36,0,HxnLIWQq,tcbhlVZo,1452.0
36,0,wqGWmwVd,HxnLIWQq,2023.0
36,0,ACkvbmee,wqGWmwVd,2023.0
36,0,FtWuEuzF,ACkvbmee,2023.0
36,0,RtTLxXUv,FtWuEuzF,2023.0
852,0,nsbHlbAq,WhHfbZWj,1270.0
852,0,cwgbfpqq,nsbHlbAq,1270.0
852,0,fMrlznIn,cwgbfpqq,1270.0
852,0,uXKxCjNA,fMrlznIn,1270.0
852,0,bOiSLYGO,uXKxCjNA,1270.0
852,0,mhgPTzcZ,bOiSLYGO,1506.0
852,0,WFZVQzrl,mhgPTzcZ,1506.0
852,0,GiONHkbf,WFZVQzrl,1506.0
852,0,QDIpIlEK,GiONHkbf,1506.0
852,0,GpnhEWuy,QDIpIlEK,1506.0
852,0,YmkUpvHU,GpnhEWuy,1506.0
852,0,GbYxEXTt,YmkUpvHU,1506.0
852,0,DOGyniWl,GbYxEXTt,1506.0
852,0,fubLBmAl,DOGyniWl,1506.0
852,0,zjSAMvDn,fubLBmAl,1506.0
852,0,BYsSDXCP,zjSAMvDn,1484.0
852,0,WtPVEKaC,BYsSDXCP,1482.0
852,0,cniBuICf,WtPVEKaC,1441.0
852,0,LPfgjVyT,cniBuICf,1441.0
852,0,cPCRxZjy,LPfgjVyT,1348.0
852,0,XFLojCJa,cPCRxZjy,1348.0
852,0,mHRdWDIt,XFLojCJa,1348.0
852,0,NBopaFdP,mHRdWDIt,1348.0
852,0,LbKosGpD,NBopaFdP,1348.0
852,0,rDSiGFpR,LbKosGpD,1348.0
852,0,hxSTJhOz,rDSiGFpR,1280.0
852,0,TShNRujB,hxSTJhOz,1280.0
852,0,xbiDwIOu,TShNRujB,1026.0
852,0,zVYhNTdK,xbiDwIOu,1026.0
852,0,EkWBPXmr,zVYhNTdK,1026.0
780,0,VEiYdotb,AhWKwjTz,6985.0
780,0,DgYBMgPg,VEiYdotb,6985.0
780,0,vkArqzKY,DgYBMgPg,7289.0
780,0,gzTQJVMW,vkArqzKY,7289.0
780,0,FZsFzszJ,gzTQJVMW,3292.0
1511,0,ALhaazBT,FZsFzszJ,2033.0
1511,0,AUmOMGnp,ALhaazBT,2314.0
1511,0,ejMjPdTH,AUmOMGnp,2373.0
1511,0,eaNsVWDR,ejMjPdTH,3307.0
1511,0,hpACGGyB,eaNsVWDR,4875.0
1511,0,ywuGpANM,hpACGGyB,5035.0
1511,0,BZCtSmhk,ywuGpANM,8479.0
1511,0,qeXIqBgp,BZCtSmhk,9340.0
1441,0,JZbiEaEt,LsuNFzpq,1112.0
1441,0,RchOKnYD,JZbiEaEt,896.0
1441,0,BMDeXhVp,RchOKnYD,896.0
1441,0,ZqBGCTqq,BMDeXhVp,896.0
1441,0,HxnLIWQq,ZqBGCTqq,882.0
1441,0,wqGWmwVd,HxnLIWQq,870.0
1441,0,ACkvbmee,wqGWmwVd,833.0
1441,0,FtWuEuzF,ACkvbmee,833.0
1441,0,RtTLxXUv,FtWuEuzF,831.0
1441,0,JGydtICe,RtTLxXUv,974.0
803,0,lhYDMMsV,LNRgsQQF,1215.0
803,0,dHuMOmqh,lhYDMMsV,1215.0
803,0,shEBYolm,dHuMOmqh,832.0
803,0,ljNlRbnZ,shEBYolm,832.0
803,0,MttNRhjN,ljNlRbnZ,821.0
803,0,HeidvHXY,MttNRhjN,821.0
803,0,CCoJPQpR,HeidvHXY,821.0
803,0,veAXvdUO,CCoJPQpR,821.0
803,0,UgdUAhSn,veAXvdUO,821.0
803,0,HcKLTTXk,UgdUAhSn,714.0
803,0,IvXmMOhB,HcKLTTXk,714.0
803,0,KIvXTDlT,IvXmMOhB,562.0
803,0,TgzZcdmy,KIvXTDlT,533.0
803,0,SEjojzMr,TgzZcdmy,533.0
803,0,WCllcJIC,SEjojzMr,490.0
803,0,OXcUkifL,WCllcJIC,390.0
803,0,POsNTwnJ,OXcUkifL,303.0
803,0,rRGVruPM,POsNTwnJ,151.0
803,0,YmkUpvHU,rRGVruPM,151.0
836,0,UGBWqSzR,aImltWBw,3386.0
836,0,ywuGpANM,UGBWqSzR,3403.0
836,0,BZCtSmhk,ywuGpANM,6066.0
77,0,tcHYhVZo,XkkxwlXm,2917.0
77,0,OUTzwMHI,tcHYhVZo,2702.0
1484,0,llFTEWtD,IulxyPoH,48.0
1484,0,SgXyhVwd,llFTEWtD,48.0
1484,0,fPhIOSOj,SgXyhVwd,79.0
1484,0,dHuMOmqh,fPhIOSOj,79.0
1484,0,mdiSFJRM,dHuMOmqh,173.0
1484,0,KSJnwxVm,mdiSFJRM,173.0
1484,0,shEBYolm,KSJnwxVm,173.0
1484,0,ljNlRbnZ,shEBYolm,173.0
1484,0,VbMcfGsr,ljNlRbnZ,185.0
1484,0,MttNRhjN,VbMcfGsr,185.0
1484,0,CCoJPQpR,MttNRhjN,185.0
1484,0,veAXvdUO,CCoJPQpR,229.0
1484,0,UgdUAhSn,veAXvdUO,229.0
36,0,DFiOxLfP,OQfDwOIF,469.0
36,0,OaJoPLeC,DFiOxLfP,469.0
36,0,GMrJWgHs,OaJoPLeC,469.0
36,0,tTjpyeuP,GMrJWgHs,469.0
36,0,elxmPCDf,tTjpyeuP,469.0
36,0,tcbhlVZo,elxmPCDf,469.0
77,0,PQuXHWcA,ZFSCrBEp,2569.0
77,0,XkkxwlXm,PQuXHWcA,2569.0
803,0,ubEwIGdf,kWrGTFqC,356.0
803,0,aBKtLgYB,ubEwIGdf,356.0
803,0,qduHdsCL,aBKtLgYB,356.0
803,0,GYMzAvFw,qduHdsCL,356.0
803,0,VXAxIwYs,GYMzAvFw,356.0
803,0,ZHWKFCEn,VXAxIwYs,607.0
803,0,KbemmdTp,ZHWKFCEn,728.0
803,0,LNRgsQQF,KbemmdTp,763.0
994,0,KnIeolpt,RyhuDLev,6631.0
994,0,GMrJWgHs,KnIeolpt,6633.0
994,0,tTjpyeuP,GMrJWgHs,6604.0
994,0,elxmPCDf,tTjpyeuP,6604.0
994,0,tcbhlVZo,elxmPCDf,6604.0
994,0,HxnLIWQq,tcbhlVZo,3701.0
994,0,wqGWmwVd,HxnLIWQq,3700.0
994,0,ACkvbmee,wqGWmwVd,3699.0
994,0,FtWuEuzF,ACkvbmee,3699.0
994,0,RtTLxXUv,FtWuEuzF,3698.0
994,0,JGydtICe,RtTLxXUv,3523.0
560,0,IjDfGHsr,hzAARBgX,1653.0
560,0,TFRpjaAo,IjDfGHsr,1654.0
560,0,JhdinCeD,TFRpjaAo,1766.0
560,0,ZIieNEvD,JhdinCeD,1766.0
560,0,jvLymITs,ZIieNEvD,1766.0
560,0,jJVVpGMf,jvLymITs,1586.0
560,0,tcYerYbk,jJVVpGMf,1586.0
560,0,pPKqPUVW,tcYerYbk,1586.0
560,0,iYTiOTOT,pPKqPUVW,1586.0
560,0,dLtneiKf,iYTiOTOT,1589.0
560,0,slfxTuih,dLtneiKf,1589.0
560,0,XFPAZveS,slfxTuih,1398.0
560,0,WjGJosho,XFPAZveS,1107.0
77,0,fXFJjsZH,DKTMYVhM,2438.0
77,0,zKpOsJgw,fXFJjsZH,2438.0
77,0,ZFSCrBEp,zKpOsJgw,2438.0
994,0,fzmnvqlX,SEcoeimf,5257.0
994,0,RyhuDLev,fzmnvqlX,5257.0
77,0,SvkqEtGw,HbaaqMIK,2169.0
77,0,DKTMYVhM,SvkqEtGw,2169.0
994,0,zzxlwhdI,wssOAckJ,3101.0
994,0,SEcoeimf,zzxlwhdI,2368.0
1554,0,kTKiYpVR,EPQxNUoM,4273.0
1554,0,bjpXdchK,kTKiYpVR,2849.0
1554,0,dEgXqWEW,bjpXdchK,2849.0
1554,0,ZWGREbnj,dEgXqWEW,2849.0
1554,0,cgIzawVB,ZWGREbnj,2849.0
1554,0,CbYTLXWK,cgIzawVB,2849.0
1554,0,kWrGTFqC,CbYTLXWK,2849.0
1554,0,ubEwIGdf,kWrGTFqC,2843.0
1554,0,aBKtLgYB,ubEwIGdf,2843.0
1554,0,qduHdsCL,aBKtLgYB,2843.0
1554,0,GYMzAvFw,qduHdsCL,2843.0
1554,0,VXAxIwYs,GYMzAvFw,2843.0
1554,0,ZHWKFCEn,VXAxIwYs,2823.0
1554,0,KbemmdTp,ZHWKFCEn,2817.0
1554,0,wTVyxBBy,KbemmdTp,2817.0
1554,0,LNRgsQQF,wTVyxBBy,2817.0
1554,0,lhYDMMsV,LNRgsQQF,2815.0
1554,0,OhgtKZPi,lhYDMMsV,2815.0
1554,0,dHuMOmqh,OhgtKZPi,2815.0
1554,0,mdiSFJRM,dHuMOmqh,1971.0
1554,0,KSJnwxVm,mdiSFJRM,1864.0
1554,0,shEBYolm,KSJnwxVm,1864.0
1554,0,ljNlRbnZ,shEBYolm,1864.0
1554,0,VbMcfGsr,ljNlRbnZ,1856.0
1554,0,MttNRhjN,VbMcfGsr,1856.0
1554,0,HeidvHXY,MttNRhjN,1856.0
1554,0,CCoJPQpR,HeidvHXY,1856.0
1554,0,veAXvdUO,CCoJPQpR,1391.0
1554,0,UgdUAhSn,veAXvdUO,1391.0
1554,0,HcKLTTXk,UgdUAhSn,1383.0
1554,0,mexFgKBp,HcKLTTXk,1195.0
1554,0,KIvXTDlT,mexFgKBp,766.0
1554,0,TgzZcdmy,KIvXTDlT,766.0
1554,0,SEjojzMr,TgzZcdmy,766.0
1554,0,WCllcJIC,SEjojzMr,727.0
1554,0,OXcUkifL,WCllcJIC,405.0
1554,0,POsNTwnJ,OXcUkifL,405.0
1554,0,rRGVruPM,POsNTwnJ,405.0
1554,0,YmkUpvHU,rRGVruPM,204.0
994,0,wssOAckJ,obGcbWvT,2328.0
71,0,vaPtcLuK,tNSMkSfB,1461.0
71,0,dEwNKLNy,vaPtcLuK,1739.0
77,0,MwUoGUHv,aXWsLpyQ,2061.0
77,0,lndqhzzh,MwUoGUHv,2061.0
77,0,jOvjucEC,lndqhzzh,2061.0
77,0,HbaaqMIK,jOvjucEC,2061.0
1511,0,FZsFzszJ,gzTQJVMW,1967.0
994,0,QyfZGsFT,JgVaSAtG,1945.0
994,0,selTNsQi,QyfZGsFT,1945.0
994,0,SfBAqteg,selTNsQi,1945.0
994,0,obGcbWvT,SfBAqteg,1945.0
1511,0,gzTQJVMW,RVEyrwjR,1799.0
1558,0,KqFhDHZN,yHaTCNJc,364.0
1558,0,bCNvXuax,KqFhDHZN,1631.0
1558,0,HDmoIVra,bCNvXuax,1663.0
1558,0,tfRCwcQZ,HDmoIVra,1663.0
1558,0,ltfHcqwC,tfRCwcQZ,1789.0
1558,0,VUmYNFZt,ltfHcqwC,1789.0
1558,0,pnYEWPBG,VUmYNFZt,1789.0
1558,0,IANlmbvg,pnYEWPBG,2018.0
1558,0,LjfvDYFE,IANlmbvg,2499.0
1558,0,MhGEPaGW,LjfvDYFE,2517.0
1558,0,ZHWKFCEn,MhGEPaGW,2460.0
1558,0,LNRgsQQF,ZHWKFCEn,2433.0
1558,0,lhYDMMsV,LNRgsQQF,2438.0
1558,0,OhgtKZPi,lhYDMMsV,2438.0
1558,0,dHuMOmqh,OhgtKZPi,2438.0
1558,0,mdiSFJRM,dHuMOmqh,2256.0
1558,0,KSJnwxVm,mdiSFJRM,1998.0
1558,0,shEBYolm,KSJnwxVm,1998.0
1558,0,ljNlRbnZ,shEBYolm,1998.0
1558,0,VbMcfGsr,ljNlRbnZ,1997.0
1558,0,MttNRhjN,VbMcfGsr,1997.0
1558,0,CCoJPQpR,MttNRhjN,1997.0
1558,0,veAXvdUO,CCoJPQpR,1756.0
1558,0,UgdUAhSn,veAXvdUO,1756.0
1558,0,HcKLTTXk,UgdUAhSn,1752.0
1558,0,IvXmMOhB,HcKLTTXk,1551.0
1558,0,KIvXTDlT,IvXmMOhB,1405.0
1558,0,TgzZcdmy,KIvXTDlT,1404.0
1558,0,SEjojzMr,TgzZcdmy,1404.0
1558,0,WCllcJIC,SEjojzMr,1393.0
1558,0,OXcUkifL,WCllcJIC,989.0
1558,0,POsNTwnJ,OXcUkifL,965.0
1558,0,rRGVruPM,POsNTwnJ,965.0
1558,0,YmkUpvHU,rRGVruPM,830.0
1511,0,RVEyrwjR,XLVjRryq,468.0
1083,0,jobllKUJ,pqZYMbGr,3272.0
1083,0,cKlxsEIa,jobllKUJ,3272.0
1083,0,POeaLshN,cKlxsEIa,3272.0
1083,0,nvtqczOj,POeaLshN,3272.0
1083,0,FdzHSswJ,nvtqczOj,3033.0
1083,0,qmRscxuH,FdzHSswJ,3190.0
1083,0,zrVEttwl,qmRscxuH,3026.0
1083,0,KhQckqci,zrVEttwl,3026.0
1083,0,NkYJOxxA,KhQckqci,3026.0
1083,0,Phtvjmoj,NkYJOxxA,3027.0
1083,0,iRgZVaoH,Phtvjmoj,4284.0
1083,0,KbKyxild,iRgZVaoH,4284.0
1083,0,WzJZybAt,KbKyxild,3890.0
1083,0,wBZvskGC,WzJZybAt,3851.0
1083,0,pHbSfQWg,wBZvskGC,5139.0
1083,0,hlYcHDiv,pHbSfQWg,5139.0
1083,0,ZUUFaTkv,hlYcHDiv,5139.0
1083,0,jgCiOeaN,ZUUFaTkv,5203.0
1083,0,TikfrWrm,jgCiOeaN,5203.0
1083,0,RabBrvbh,TikfrWrm,6346.0
1083,0,yAsGVYQM,RabBrvbh,6346.0
1083,0,XFPAZveS,yAsGVYQM,17143.0
1083,0,ejMjPdTH,XFPAZveS,17169.0
1083,0,CKorGRkE,ejMjPdTH,8677.0
1083,0,eaNsVWDR,CKorGRkE,5072.0
77,0,TBShKgjD,yOopALph,2051.0
77,0,aXWsLpyQ,TBShKgjD,2051.0
779,0,khOlLZay,CDXhVrrJ,4375.0
77,0,IGRxApsM,ZNFFlclk,13.0
77,0,yOopALph,IGRxApsM,60.0
736,0,NxbXiMUL,MyGqmywG,6195.0
1511,0,XLVjRryq,NxbXiMUL,176.0
367,0,CgMBzfIg,OXvlrfnG,2828.0
367,0,BCwVkMhO,CgMBzfIg,2828.0
367,0,MpBHVRZl,BCwVkMhO,2568.0
367,0,BWKNZpmt,MpBHVRZl,2570.0
367,0,hMBIVszx,BWKNZpmt,2583.0
367,0,JgVaSAtG,hMBIVszx,2583.0
367,0,QyfZGsFT,JgVaSAtG,2611.0
367,0,selTNsQi,QyfZGsFT,2611.0
367,0,SfBAqteg,selTNsQi,2611.0
367,0,obGcbWvT,SfBAqteg,2611.0
367,0,wssOAckJ,obGcbWvT,2650.0
367,0,zzxlwhdI,wssOAckJ,3372.0
367,0,SEcoeimf,zzxlwhdI,3274.0
367,0,fzmnvqlX,SEcoeimf,4218.0
367,0,RyhuDLev,fzmnvqlX,4218.0
367,0,KnIeolpt,RyhuDLev,4715.0
367,0,GMrJWgHs,KnIeolpt,4715.0
367,0,tTjpyeuP,GMrJWgHs,4970.0
367,0,elxmPCDf,tTjpyeuP,4970.0
367,0,tcbhlVZo,elxmPCDf,4970.0
367,0,HxnLIWQq,tcbhlVZo,5955.0
367,0,wqGWmwVd,HxnLIWQq,6448.0
367,0,ACkvbmee,wqGWmwVd,6455.0
367,0,FtWuEuzF,ACkvbmee,6455.0
367,0,RtTLxXUv,FtWuEuzF,6460.0
367,0,JGydtICe,RtTLxXUv,7314.0
1511,0,vDFCntfg,YvwuVYMF,162.0
1511,0,iEKDTvNf,vDFCntfg,162.0
1511,0,NxbXiMUL,iEKDTvNf,162.0
367,0,OXvlrfnG,iZfXNAue,2724.0
367,0,Uacajbua,wcUGKfLa,1935.0
367,0,ZLCIvgrp,Uacajbua,1937.0
367,0,ucVTqZIB,ZLCIvgrp,1878.0
367,0,FDrhtNjK,ucVTqZIB,1878.0
367,0,YVGWiGkc,FDrhtNjK,1878.0
367,0,CqPWXNIf,YVGWiGkc,1878.0
367,0,iZfXNAue,CqPWXNIf,1860.0
821,0,FgbDpeSh,fvMkSwKl,43.0
821,0,LjhqQBRt,FgbDpeSh,482.0
821,0,HdFJhFPb,LjhqQBRt,488.0
821,0,BUdgWiYp,HdFJhFPb,488.0
821,0,uYhYmSwb,BUdgWiYp,498.0
821,0,wcUGKfLa,uYhYmSwb,498.0
821,0,ZJxogzZw,wcUGKfLa,356.0
821,0,Uacajbua,ZJxogzZw,356.0
821,0,ZLCIvgrp,Uacajbua,356.0
821,0,ucVTqZIB,ZLCIvgrp,356.0
821,0,FDrhtNjK,ucVTqZIB,356.0
821,0,YVGWiGkc,FDrhtNjK,356.0
821,0,CqPWXNIf,YVGWiGkc,356.0
821,0,iZfXNAue,CqPWXNIf,352.0
821,0,OXvlrfnG,iZfXNAue,273.0
821,0,CgMBzfIg,OXvlrfnG,272.0
821,0,BCwVkMhO,CgMBzfIg,272.0
821,0,MpBHVRZl,BCwVkMhO,272.0
821,0,BWKNZpmt,MpBHVRZl,64.0
821,0,hMBIVszx,BWKNZpmt,64.0
821,0,JgVaSAtG,hMBIVszx,64.0
821,0,QyfZGsFT,JgVaSAtG,63.0
821,0,selTNsQi,QyfZGsFT,63.0
821,0,SfBAqteg,selTNsQi,63.0
821,0,obGcbWvT,SfBAqteg,63.0
821,0,wssOAckJ,obGcbWvT,59.0
821,0,zzxlwhdI,wssOAckJ,59.0
821,0,SEcoeimf,zzxlwhdI,39.0
821,0,fzmnvqlX,SEcoeimf,39.0
821,0,RyhuDLev,fzmnvqlX,39.0
821,0,KnIeolpt,RyhuDLev,39.0
821,0,GMrJWgHs,KnIeolpt,39.0
821,0,tTjpyeuP,GMrJWgHs,38.0
821,0,elxmPCDf,tTjpyeuP,38.0
821,0,tcbhlVZo,elxmPCDf,38.0
821,0,ZqBGCTqq,tcbhlVZo,36.0
821,0,HxnLIWQq,ZqBGCTqq,21.0
821,0,wqGWmwVd,HxnLIWQq,21.0
821,0,ACkvbmee,wqGWmwVd,21.0
821,0,FtWuEuzF,ACkvbmee,21.0
821,0,RtTLxXUv,FtWuEuzF,21.0
821,0,JGydtICe,RtTLxXUv,21.0
539,0,xmGwLlME,oZJRchiN,430.0
539,0,KcBICYpI,xmGwLlME,430.0
539,0,XQiQvefE,KcBICYpI,430.0
539,0,eyUKPfnA,XQiQvefE,430.0
539,0,ZgqhsueA,eyUKPfnA,414.0
539,0,YvwuVYMF,ZgqhsueA,414.0
539,0,FZsFzszJ,YvwuVYMF,414.0
616,0,fElpHioA,TJGhHrvm,814.0
616,0,PaLbQtln,fElpHioA,969.0
616,0,rqBqDfoZ,PaLbQtln,971.0
616,0,yhXmuUeN,rqBqDfoZ,1945.0
319,0,zVYhNTdK,yhXmuUeN,1774.0
319,0,EkWBPXmr,zVYhNTdK,1772.0
234,0,xewbkqhz,AHLLTOdf,4422.0
234,0,mklbELhb,xewbkqhz,4371.0
234,0,yhXmuUeN,mklbELhb,4291.0
234,0,BqZQArDi,yhXmuUeN,2425.0
234,0,xbiDwIOu,BqZQArDi,2425.0
234,0,zVYhNTdK,xbiDwIOu,2425.0
234,0,EkWBPXmr,zVYhNTdK,2419.0
234,0,AHLLTOdf,JSZZmOIY,4779.0
319,0,zavSPsgu,YjHuxjDZ,5097.0
319,0,UrQlyWkl,zavSPsgu,4353.0
319,0,mklbELhb,UrQlyWkl,3051.0
319,0,yhXmuUeN,mklbELhb,1650.0
399,0,WPPGaTFA,RupFhEwj,2274.0
399,0,JSZZmOIY,WPPGaTFA,2274.0
399,0,AHLLTOdf,JSZZmOIY,2063.0
399,0,xewbkqhz,AHLLTOdf,1265.0
399,0,mklbELhb,xewbkqhz,1264.0
399,0,yhXmuUeN,mklbELhb,1264.0
399,0,BqZQArDi,yhXmuUeN,683.0
399,0,xbiDwIOu,BqZQArDi,683.0
399,0,zVYhNTdK,xbiDwIOu,683.0
399,0,EkWBPXmr,zVYhNTdK,683.0
234,0,JSZZmOIY,tBJBJfdu,3697.0
319,0,CZfJWCoJ,xfYjeqNM,4727.0
319,0,IdWZOznf,CZfJWCoJ,4727.0
319,0,XGxJlapP,IdWZOznf,4781.0
319,0,YjHuxjDZ,XGxJlapP,4781.0
647,0,bCOJrgoA,qDeoslSZ,1144.0
647,0,uTcsgvmK,bCOJrgoA,1146.0
647,0,PrdzzRyE,uTcsgvmK,1146.0
1744,0,xfYjeqNM,UWSJuCAz,4389.0
319,0,xfYjeqNM,RSPZrGBg,4986.0
647,0,qDeoslSZ,hLEWSLqw,449.0
399,0,eciAPzhn,zYpZYpOA,1367.0
399,0,tOfkaukv,eciAPzhn,1367.0
399,0,exzjGTVf,tOfkaukv,1367.0
399,0,CcTUkfkl,exzjGTVf,1367.0
399,0,tglFZOrp,CcTUkfkl,1929.0
399,0,SqxhBMol,tglFZOrp,1929.0
399,0,vIqdsoZx,SqxhBMol,2200.0
399,0,RupFhEwj,vIqdsoZx,2200.0
234,0,UECnapuN,bWAbaUPC,4354.0
234,0,uVsOstge,UECnapuN,4538.0
234,0,tBJBJfdu,uVsOstge,4494.0
1197,0,CRZgpQHT,RQiSRtZp,594.0
1197,0,uDuzeUsq,CRZgpQHT,594.0
234,0,bWAbaUPC,cEOIeJTR,4407.0
293,0,cEOIeJTR,CfleTooC,2197.0
293,0,bWAbaUPC,cEOIeJTR,2197.0
293,0,qrSNpKDz,bWAbaUPC,1783.0
293,0,UECnapuN,qrSNpKDz,1762.0
293,0,FZYojuVE,UECnapuN,1762.0
293,0,uVsOstge,FZYojuVE,1734.0
293,0,tBJBJfdu,uVsOstge,1623.0
293,0,JSZZmOIY,tBJBJfdu,1124.0
293,0,AHLLTOdf,JSZZmOIY,1120.0
293,0,xewbkqhz,AHLLTOdf,1054.0
293,0,mklbELhb,xewbkqhz,1054.0
293,0,yhXmuUeN,mklbELhb,1021.0
293,0,BqZQArDi,yhXmuUeN,443.0
293,0,xbiDwIOu,BqZQArDi,443.0
293,0,zVYhNTdK,xbiDwIOu,443.0
293,0,EkWBPXmr,zVYhNTdK,439.0
465,0,nGRNUPgX,ARTSSefO,7692.0
465,0,cPCRxZjy,nGRNUPgX,6926.0
1197,0,jPryMrof,xMTUUeEc,641.0
1197,0,jkJwqjHm,jPryMrof,641.0
1197,0,jKMBgxbE,jkJwqjHm,641.0
1197,0,RQiSRtZp,jKMBgxbE,641.0
95,0,VyegGjWt,kKHgYdYp,5.0
95,0,rLrKZBjw,VyegGjWt,5.0
95,0,eBAbFKqQ,rLrKZBjw,5.0
95,0,cniBuICf,eBAbFKqQ,5.0
95,0,LPfgjVyT,cniBuICf,5.0
95,0,cPCRxZjy,LPfgjVyT,5.0
95,0,qpacHTVx,cPCRxZjy,5.0
95,0,XFLojCJa,qpacHTVx,5.0
95,0,mHRdWDIt,XFLojCJa,5.0
95,0,NBopaFdP,mHRdWDIt,5.0
95,0,LbKosGpD,NBopaFdP,5.0
95,0,rDSiGFpR,LbKosGpD,5.0
95,0,hxSTJhOz,rDSiGFpR,5.0
95,0,TShNRujB,hxSTJhOz,5.0
95,0,xbiDwIOu,TShNRujB,5.0
95,0,zVYhNTdK,xbiDwIOu,5.0
95,0,EkWBPXmr,zVYhNTdK,5.0
399,0,CYSggHNR,IkxLwyxa,949.0
399,0,VhgapMoa,CYSggHNR,950.0
399,0,dKbqWpcD,VhgapMoa,950.0
399,0,zYpZYpOA,dKbqWpcD,950.0
146,0,zAwPDfkg,RWixPrCB,860.0
146,0,eBAbFKqQ,zAwPDfkg,860.0
146,0,cniBuICf,eBAbFKqQ,671.0
146,0,LPfgjVyT,cniBuICf,671.0
146,0,cPCRxZjy,LPfgjVyT,477.0
146,0,qpacHTVx,cPCRxZjy,477.0
146,0,XFLojCJa,qpacHTVx,477.0
146,0,mHRdWDIt,XFLojCJa,477.0
146,0,NBopaFdP,mHRdWDIt,477.0
146,0,LbKosGpD,NBopaFdP,477.0
146,0,rDSiGFpR,LbKosGpD,477.0
146,0,hxSTJhOz,rDSiGFpR,362.0
146,0,TShNRujB,hxSTJhOz,362.0
146,0,zVYhNTdK,TShNRujB,250.0
146,0,EkWBPXmr,zVYhNTdK,250.0
319,0,STSGJiIu,TdfMaTlB,4733.0
319,0,vpctkpYQ,STSGJiIu,4733.0
319,0,EBckcZXF,vpctkpYQ,4764.0
319,0,buAeVenh,EBckcZXF,4849.0
319,0,ARTSSefO,buAeVenh,4849.0
319,0,KMDYeUKg,ARTSSefO,4916.0
319,0,FrlvFFoW,KMDYeUKg,5083.0
319,0,UCIDNTPZ,FrlvFFoW,5067.0
319,0,RSPZrGBg,UCIDNTPZ,5081.0
234,0,hCxxcqWU,IOcMwGKn,4482.0
234,0,pPReLBCT,hCxxcqWU,4487.0
234,0,gUXxyAlR,pPReLBCT,4418.0
234,0,cEOIeJTR,gUXxyAlR,4418.0
234,0,IOcMwGKn,ybjkPLXB,4249.0
399,0,nJRBvlcT,YmbmpLps,444.0
399,0,IkxLwyxa,nJRBvlcT,685.0
293,0,fjbmYxRB,SzEcLYsf,1580.0
293,0,hCxxcqWU,fjbmYxRB,1580.0
293,0,gUXxyAlR,hCxxcqWU,1632.0
293,0,CfleTooC,gUXxyAlR,2179.0
146,0,WweXYmbm,JODrgTwh,1296.0
146,0,RWixPrCB,WweXYmbm,1296.0
399,0,JGbfxLUL,KQSHMGnw,289.0
399,0,IjwLXBRx,JGbfxLUL,289.0
399,0,YmbmpLps,IjwLXBRx,289.0
989,0,fjevhefZ,AUBTKFbY,6815.0
989,0,vyQyYYqJ,fjevhefZ,6724.0
989,0,ztLkgYlA,vyQyYYqJ,6714.0
319,0,OPXtWBVk,gqwqEGtD,4431.0
319,0,SvGtXrYj,OPXtWBVk,4230.0
319,0,TdfMaTlB,SvGtXrYj,4110.0
234,0,OAywdpTB,BpAiVnps,3193.0
234,0,ufvngNip,OAywdpTB,4053.0
234,0,ybjkPLXB,ufvngNip,4053.0
357,0,dlzglDFV,yFEIEiOj,1388.0
357,0,pZATYgJX,dlzglDFV,1388.0
357,0,DkqFSkSd,pZATYgJX,1383.0
357,0,bZroqIhX,DkqFSkSd,1383.0
357,0,zjSAMvDn,bZroqIhX,1377.0
679,0,goaumTLR,jXeBpcDF,3569.0
679,0,vNMxowJX,goaumTLR,3567.0
679,0,voZaDctr,vNMxowJX,3457.0
679,0,cttUtMNm,voZaDctr,3457.0
465,0,OPXtWBVk,nPkrzCty,9328.0
465,0,SvGtXrYj,OPXtWBVk,8735.0
465,0,TdfMaTlB,SvGtXrYj,8743.0
465,0,STSGJiIu,TdfMaTlB,7964.0
465,0,buAeVenh,STSGJiIu,7964.0
465,0,ARTSSefO,buAeVenh,7961.0
1567,0,ZIPCqImv,ciAbSxQX,12635.0
1567,0,aWNaUdzp,ZIPCqImv,12635.0
1567,0,FCsbIOBe,aWNaUdzp,14754.0
1567,0,wyEQXfIU,FCsbIOBe,14754.0
1567,0,aRKvwhNi,wyEQXfIU,14754.0
1567,0,eyAJPdep,aRKvwhNi,13304.0
1567,0,RCkelXPh,eyAJPdep,14121.0
465,0,jcExlqwL,RCkelXPh,8664.0
465,0,YctaenCe,jcExlqwL,9473.0
465,0,tzYrVhKO,YctaenCe,9476.0
465,0,UgpyjFML,tzYrVhKO,9479.0
465,0,nPkrzCty,UgpyjFML,7845.0
711,0,ouPwTbuD,qGnNRXVR,1830.0
711,0,LPldZjRa,ouPwTbuD,2035.0
711,0,adsviABF,LPldZjRa,2915.0
711,0,TqlJzItM,adsviABF,3605.0
711,0,IjwLXBRx,TqlJzItM,3076.0
711,0,nJRBvlcT,IjwLXBRx,2454.0
711,0,IkxLwyxa,nJRBvlcT,2039.0
711,0,CYSggHNR,IkxLwyxa,2581.0
321,0,mnAVlSWp,LsQRoNsL,339.0
321,0,aLvvGSoW,mnAVlSWp,339.0
321,0,nPkrzCty,aLvvGSoW,507.0
321,0,OPXtWBVk,nPkrzCty,507.0
321,0,SvGtXrYj,OPXtWBVk,507.0
321,0,TdfMaTlB,SvGtXrYj,507.0
321,0,STSGJiIu,TdfMaTlB,411.0
321,0,vpctkpYQ,STSGJiIu,411.0
321,0,EBckcZXF,vpctkpYQ,411.0
321,0,buAeVenh,EBckcZXF,411.0
321,0,ARTSSefO,buAeVenh,411.0
321,0,KMDYeUKg,ARTSSefO,411.0
321,0,FrlvFFoW,KMDYeUKg,411.0
321,0,UCIDNTPZ,FrlvFFoW,411.0
321,0,RSPZrGBg,UCIDNTPZ,411.0
321,0,xfYjeqNM,RSPZrGBg,265.0
321,0,IdWZOznf,xfYjeqNM,267.0
989,0,AUBTKFbY,pzcCDVmZ,7403.0
319,0,vSdfqYeK,oBjbzljy,849.0
319,0,gqwqEGtD,vSdfqYeK,4591.0
357,0,zjQVJpHm,ICtDTIBO,787.0
357,0,RBVPcVzH,zjQVJpHm,787.0
357,0,yXKTuRtI,RBVPcVzH,787.0
357,0,yFEIEiOj,yXKTuRtI,1109.0
16,0,xGsoSfhX,ozuppJDT,6114.0
16,0,ufvngNip,xGsoSfhX,5700.0
16,0,ybjkPLXB,ufvngNip,5700.0
16,0,IOcMwGKn,ybjkPLXB,4942.0
16,0,hCxxcqWU,IOcMwGKn,5116.0
16,0,gUXxyAlR,hCxxcqWU,5104.0
16,0,cEOIeJTR,gUXxyAlR,4787.0
16,0,bWAbaUPC,cEOIeJTR,4824.0
16,0,UECnapuN,bWAbaUPC,5121.0
16,0,uVsOstge,UECnapuN,5099.0
16,0,tBJBJfdu,uVsOstge,4980.0
16,0,xewbkqhz,tBJBJfdu,5834.0
16,0,mklbELhb,xewbkqhz,6268.0
16,0,yhXmuUeN,mklbELhb,5480.0
465,0,RCkelXPh,eyAJPdep,2573.0
591,0,MpPYcjVn,BYVXItej,1466.0
591,0,DewKhksr,MpPYcjVn,1466.0
591,0,vqGhvZJF,DewKhksr,1466.0
1376,0,cMUNkugJ,dxlyVRvH,575.0
1376,0,DLdtTvFi,cMUNkugJ,576.0
1376,0,vRWSdFEN,DLdtTvFi,476.0
1376,0,tNTWUPxE,vRWSdFEN,606.0
1376,0,WPBOglHu,tNTWUPxE,602.0
1376,0,ftMGYADA,WPBOglHu,602.0
1376,0,lklhFYFG,ftMGYADA,622.0
1376,0,laWGsLMv,lklhFYFG,622.0
1376,0,JYcdyiOK,laWGsLMv,622.0
1380,0,kueIUJls,XGJiqzLW,445.0
1380,0,LYjhOoFf,kueIUJls,445.0
1380,0,QdWOxWia,LYjhOoFf,623.0
1380,0,gViLrCgA,QdWOxWia,653.0
1380,0,cCSIoIah,gViLrCgA,690.0
1380,0,DLdtTvFi,cCSIoIah,690.0
1380,0,vRWSdFEN,DLdtTvFi,704.0
1380,0,tNTWUPxE,vRWSdFEN,689.0
1380,0,WPBOglHu,tNTWUPxE,689.0
1380,0,ftMGYADA,WPBOglHu,686.0
1380,0,lklhFYFG,ftMGYADA,686.0
1380,0,laWGsLMv,lklhFYFG,685.0
1380,0,tqUAPVAa,laWGsLMv,685.0
1380,0,JYcdyiOK,tqUAPVAa,685.0
1380,0,mTvPylzX,JYcdyiOK,685.0
1380,0,qKDzyFqg,mTvPylzX,685.0
1380,0,mZseJHmU,qKDzyFqg,685.0
1380,0,rClMLArS,mZseJHmU,820.0
1380,0,MHYyLhRG,rClMLArS,820.0
1380,0,CcTUkfkl,MHYyLhRG,740.0
1380,0,tglFZOrp,CcTUkfkl,740.0
1380,0,SqxhBMol,tglFZOrp,575.0
1380,0,vIqdsoZx,SqxhBMol,575.0
1380,0,xkdRvtRu,vIqdsoZx,473.0
1380,0,SjZGieDS,xkdRvtRu,471.0
1380,0,tZiWmgTn,SjZGieDS,392.0
1380,0,gDnuvefz,tZiWmgTn,383.0
1380,0,rqBqDfoZ,gDnuvefz,383.0
1380,0,yhXmuUeN,rqBqDfoZ,324.0
1380,0,BqZQArDi,yhXmuUeN,221.0
1380,0,xbiDwIOu,BqZQArDi,221.0
1380,0,zVYhNTdK,xbiDwIOu,221.0
1380,0,EkWBPXmr,zVYhNTdK,221.0
16,0,xQSKBJml,SwLVnWPq,6112.0
16,0,eXTjiXiW,xQSKBJml,6112.0
16,0,UUCrlfWg,eXTjiXiW,6112.0
16,0,YULSfngF,UUCrlfWg,6112.0
16,0,ozuppJDT,YULSfngF,6110.0
1052,0,TimDJQqX,ouHKxPGS,237.0
1052,0,buoLtkoi,TimDJQqX,237.0
1052,0,NEOaVWFJ,buoLtkoi,235.0
1052,0,RBwynnQe,NEOaVWFJ,235.0
1666,0,uskMapbi,losuIFuX,2671.0
1666,0,yXOuyCwN,uskMapbi,2671.0
1666,0,mSGryPaH,yXOuyCwN,2709.0
1666,0,PITuJYqk,mSGryPaH,2709.0
1666,0,XGJiqzLW,PITuJYqk,2709.0
1303,0,rckblBTM,yQQuLFAg,988.0
1303,0,fGmFhgnx,rckblBTM,988.0
1303,0,zjjLSYAp,fGmFhgnx,1067.0
1303,0,wrsPDGBQ,zjjLSYAp,1067.0
1303,0,QsteKrle,wrsPDGBQ,1229.0
1303,0,XMWgellz,QsteKrle,1229.0
1303,0,adsviABF,XMWgellz,1332.0
1303,0,XYiwYIqY,adsviABF,1336.0
1303,0,wvKdtztS,XYiwYIqY,1336.0
1303,0,LBOtcvsG,wvKdtztS,1308.0
1303,0,QncWjmnC,LBOtcvsG,1309.0
1303,0,ERcEoUXY,QncWjmnC,1309.0
1303,0,bWAbaUPC,ERcEoUXY,988.0
1303,0,niqrIlpR,bWAbaUPC,834.0
1303,0,tBJBJfdu,niqrIlpR,736.0
1303,0,JSZZmOIY,tBJBJfdu,521.0
1303,0,AHLLTOdf,JSZZmOIY,521.0
1303,0,xewbkqhz,AHLLTOdf,440.0
1303,0,mklbELhb,xewbkqhz,440.0
1303,0,yhXmuUeN,mklbELhb,437.0
1303,0,BqZQArDi,yhXmuUeN,278.0
1303,0,xbiDwIOu,BqZQArDi,272.0
1303,0,zVYhNTdK,xbiDwIOu,272.0
1303,0,EkWBPXmr,zVYhNTdK,270.0
1189,0,JxFLnqJu,pkhwWQVf,2325.0
1189,0,GDiQpvtB,JxFLnqJu,2325.0
1189,0,fGmFhgnx,GDiQpvtB,2296.0
1189,0,XyHfgUxW,fGmFhgnx,1283.0
1189,0,zjjLSYAp,XyHfgUxW,1283.0
1189,0,wrsPDGBQ,zjjLSYAp,1283.0
1189,0,UtwZFZsx,wrsPDGBQ,1137.0
1189,0,QsteKrle,UtwZFZsx,1137.0
1189,0,XMWgellz,QsteKrle,1137.0
1180,0,dAjqsFfg,tJbXQuOE,6523.0
1180,0,vizUtPmY,dAjqsFfg,6523.0
1180,0,QewuHWYk,vizUtPmY,6523.0
1180,0,fytASSfG,QewuHWYk,6217.0
1180,0,kFSxtGUW,fytASSfG,6217.0
1180,0,ULMVzkWs,kFSxtGUW,5563.0
1180,0,ZNjvBYak,ULMVzkWs,5571.0
1180,0,wPeqfEci,ZNjvBYak,5636.0
1180,0,MjMDaXaP,wPeqfEci,5636.0
1180,0,hSdNxZqe,MjMDaXaP,5636.0
1189,0,pkhwWQVf,KSSwmuEx,1428.0
465,0,FFGyTMvJ,PkbhOCMh,198.0
465,0,eyAJPdep,FFGyTMvJ,299.0
16,0,rSdxnGDj,otuYkIZd,7114.0
16,0,MkXEUCdM,rSdxnGDj,5464.0
16,0,oiYuCTCe,MkXEUCdM,5464.0
16,0,SwLVnWPq,oiYuCTCe,5374.0
465,0,kjxfKqbD,hSRFRBsa,160.0
465,0,mSXRukCc,kjxfKqbD,179.0
465,0,PkbhOCMh,mSXRukCc,179.0
1262,0,jFRqfnFl,gmsNDepi,11901.0
1262,0,ysSWNERo,jFRqfnFl,11231.0
1262,0,lEwLedpG,ysSWNERo,11107.0
1262,0,GtMUYUwJ,lEwLedpG,10776.0
1262,0,lQIpGOTn,GtMUYUwJ,10693.0
1262,0,uhUmvvRs,lQIpGOTn,9730.0
1262,0,svgtEcQx,uhUmvvRs,9811.0
1262,0,HcPkwFHM,svgtEcQx,8862.0
1262,0,KjuJaNsu,HcPkwFHM,8496.0
1262,0,oNyGHMvy,KjuJaNsu,7938.0
1262,0,QdnKSSsO,oNyGHMvy,7654.0
1262,0,vSdfqYeK,QdnKSSsO,7254.0
1050,0,apXGdFyI,kVWIKiQU,390.0
1050,0,RmlHIOuG,apXGdFyI,365.0
1050,0,lyEmHaNr,RmlHIOuG,365.0
1050,0,wzWDodFe,lyEmHaNr,329.0
1050,0,siPRjksc,wzWDodFe,329.0
1050,0,GIlSPhwi,siPRjksc,329.0
1050,0,ZPJGdbAJ,GIlSPhwi,329.0
1050,0,xfbmoJHP,ZPJGdbAJ,329.0
1497,0,lOYrQfzi,oajqUPaH,1754.0
1497,0,iuewtDUr,lOYrQfzi,1758.0
1497,0,KdEmbmsx,iuewtDUr,1758.0
1497,0,GkYZbgqg,KdEmbmsx,1758.0
1497,0,FlYjxOxQ,GkYZbgqg,1758.0
1497,0,wFSILCzc,FlYjxOxQ,1758.0
1497,0,yQQuLFAg,wFSILCzc,1758.0
1497,0,rUKSlFeh,yQQuLFAg,1758.0
1497,0,rckblBTM,rUKSlFeh,1758.0
1497,0,gKoyUmab,rckblBTM,1758.0
1497,0,fGmFhgnx,gKoyUmab,1713.0
1497,0,XyHfgUxW,fGmFhgnx,1364.0
1497,0,zjjLSYAp,XyHfgUxW,1364.0
1497,0,wrsPDGBQ,zjjLSYAp,1364.0
1497,0,UtwZFZsx,wrsPDGBQ,856.0
1497,0,QsteKrle,UtwZFZsx,856.0
1497,0,vqGhvZJF,QsteKrle,856.0
1318,0,CoFyQOTC,jnDfAorM,4337.0
1318,0,HMiMHaRv,CoFyQOTC,4337.0
1318,0,kLfGGOkq,HMiMHaRv,4337.0
1318,0,ygVaThfM,kLfGGOkq,4337.0
1318,0,otuYkIZd,ygVaThfM,4359.0
1318,0,rSdxnGDj,otuYkIZd,5108.0
835,0,BGChynOq,gKGqSXsa,7699.0
835,0,ffHVhHJj,BGChynOq,7384.0
835,0,itmFNPnQ,ffHVhHJj,7384.0
835,0,mEEGNlDG,itmFNPnQ,7384.0
835,0,njiqgOWt,mEEGNlDG,7376.0
1567,0,TEKQTTfp,YzXnYVPd,3635.0
1567,0,ciAbSxQX,TEKQTTfp,3378.0
1613,0,Buavuklo,OUzlATeX,44.0
1613,0,TGrxyeBm,Buavuklo,44.0
1613,0,lEkTDboF,TGrxyeBm,44.0
1613,0,ZOdTENQq,lEkTDboF,44.0
1613,0,ttqmlghz,ZOdTENQq,44.0
1613,0,dFTlYtXH,ttqmlghz,44.0
1613,0,PZLqDGdx,dFTlYtXH,44.0
1613,0,kjxfKqbD,PZLqDGdx,19.0
835,0,LpQEBEct,UxgUbJZk,7164.0
835,0,uypYDUnA,LpQEBEct,7164.0
835,0,gKGqSXsa,uypYDUnA,7332.0
1176,0,BdERaXqk,VWFAQayS,2958.0
1176,0,apXGdFyI,BdERaXqk,2958.0
1176,0,RmlHIOuG,apXGdFyI,2927.0
1176,0,gxWRCjNy,RmlHIOuG,2927.0
1176,0,lyEmHaNr,gxWRCjNy,2927.0
1176,0,wzWDodFe,lyEmHaNr,2007.0
1176,0,siPRjksc,wzWDodFe,2007.0
1176,0,SOtvIsgL,siPRjksc,2007.0
1176,0,GIlSPhwi,SOtvIsgL,2118.0
1176,0,ZPJGdbAJ,GIlSPhwi,2118.0
1176,0,IAmXeTgg,ZPJGdbAJ,2118.0
1189,0,WoSISRHq,JrYMJUzx,1390.0
1189,0,zAiczBZG,WoSISRHq,1390.0
1189,0,vkwWhgCe,zAiczBZG,1440.0
1189,0,KSSwmuEx,vkwWhgCe,1427.0
866,0,BgNaSNFf,zKrYjMnL,2202.0
866,0,IsieOPvU,BgNaSNFf,2214.0
866,0,UEPelLBG,IsieOPvU,2220.0
866,0,gpKesHQf,UEPelLBG,2220.0
866,0,lyZkKOPR,gpKesHQf,2220.0
866,0,DorRdqSK,lyZkKOPR,2220.0
866,0,cwgbfpqq,DorRdqSK,2220.0
866,0,fMrlznIn,cwgbfpqq,2220.0
866,0,uXKxCjNA,fMrlznIn,2220.0
866,0,bOiSLYGO,uXKxCjNA,2191.0
866,0,mhgPTzcZ,bOiSLYGO,2104.0
866,0,WFZVQzrl,mhgPTzcZ,1856.0
1255,0,rckblBTM,rUKSlFeh,1825.0
1303,0,bHagonKv,vacPrbQA,750.0
1303,0,XiLvnZTk,bHagonKv,750.0
1303,0,FlYjxOxQ,XiLvnZTk,751.0
1303,0,yQQuLFAg,FlYjxOxQ,815.0
16,0,CEZTRnUo,qflzswAf,6627.0
16,0,funWfCdm,CEZTRnUo,6627.0
16,0,rnFrOJMw,funWfCdm,6627.0
16,0,MklhhYCQ,rnFrOJMw,6629.0
16,0,MnTeelLR,MklhhYCQ,8377.0
16,0,XnPpfSyF,MnTeelLR,10846.0
16,0,otuYkIZd,XnPpfSyF,10845.0
1221,0,qVxAOUMG,RMvkOcpU,6052.0
1221,0,bYKKzRQT,qVxAOUMG,6052.0
1221,0,CLqSCDPt,bYKKzRQT,6052.0
1221,0,ZzqCYjTC,CLqSCDPt,6026.0
1221,0,UtzkRwuC,ZzqCYjTC,6026.0
1221,0,cvCJiZVm,UtzkRwuC,6009.0
1221,0,MklhhYCQ,cvCJiZVm,6002.0
750,0,CMzYUzyh,SrmEoNnE,1942.0
750,0,CJTVPZbh,CMzYUzyh,1942.0
750,0,DLAIfXxc,CJTVPZbh,2050.0
750,0,lyEmHaNr,DLAIfXxc,2313.0
750,0,wzWDodFe,lyEmHaNr,1487.0
750,0,siPRjksc,wzWDodFe,1487.0
750,0,SOtvIsgL,siPRjksc,1487.0
1030,0,agMXkLfj,PyGiRErs,7550.0
1030,0,qflzswAf,agMXkLfj,7550.0
1255,0,XiLvnZTk,Vlipnutt,956.0
1255,0,FStgRiBS,XiLvnZTk,986.0
1255,0,GkYZbgqg,FStgRiBS,986.0
1255,0,FlYjxOxQ,GkYZbgqg,986.0
1255,0,wFSILCzc,FlYjxOxQ,986.0
1255,0,yQQuLFAg,wFSILCzc,988.0
1255,0,rUKSlFeh,yQQuLFAg,1792.0
1567,0,MhxjGQjy,mhYSfvAq,4376.0
1567,0,EhUxMFuQ,MhxjGQjy,4376.0
1567,0,HZcfHzwe,EhUxMFuQ,4508.0
1567,0,KcDUQTDz,HZcfHzwe,4384.0
1567,0,qoWOoICL,KcDUQTDz,4384.0
1567,0,FwybjYQK,qoWOoICL,4384.0
1567,0,ZuDlysuz,FwybjYQK,4303.0
1567,0,IkwHYYuh,ZuDlysuz,4285.0
1567,0,YzXnYVPd,IkwHYYuh,4041.0
750,0,SrmEoNnE,jlZHvhwS,854.0
1664,0,JeEnofCX,mvZTxord,1173.0
1664,0,jnDfAorM,JeEnofCX,1238.0
1649,0,OOwDmsWF,TCeiTEZh,271.0
1649,0,RjRljmKl,OOwDmsWF,271.0
1649,0,QRWCUyXY,RjRljmKl,271.0
1649,0,bGxnPBxb,QRWCUyXY,270.0
1649,0,mvgVyONe,bGxnPBxb,270.0
1649,0,YlcUcHmr,mvgVyONe,270.0
1649,0,puuUveiG,YlcUcHmr,270.0
1649,0,CGfCHyje,puuUveiG,270.0
1649,0,qflzswAf,CGfCHyje,257.0
1408,0,eLmJkuZC,kiTgZeoH,996.0
1408,0,UgzfanVk,eLmJkuZC,996.0
1567,0,mhYSfvAq,UgzfanVk,914.0
1065,0,yQXZAhRQ,OfWHUDWP,678.0
1065,0,jfvbdeGs,yQXZAhRQ,678.0
1065,0,cdqhrjBE,jfvbdeGs,678.0
1065,0,MJvZDjlV,cdqhrjBE,700.0
1065,0,rxrORjnb,MJvZDjlV,721.0
1065,0,UVDfwOgc,rxrORjnb,721.0
1065,0,TJDsQDoO,UVDfwOgc,721.0
1065,0,yTictHOU,TJDsQDoO,721.0
1065,0,illGQStO,yTictHOU,720.0
1065,0,AUrIxxcC,illGQStO,629.0
1065,0,zqZasXpA,AUrIxxcC,629.0
1065,0,EYGEAZtD,zqZasXpA,629.0
1065,0,AJLJQqsT,EYGEAZtD,629.0
1065,0,NCSBLEus,AJLJQqsT,624.0
1065,0,xfbmoJHP,NCSBLEus,624.0
1065,0,WdOwNGhj,xfbmoJHP,139.0
1065,0,kKKRBhFF,WdOwNGhj,7.0
1065,0,NFInfBeu,kKKRBhFF,7.0
1065,0,VCQdmIoF,NFInfBeu,7.0
1065,0,ePrpofUw,VCQdmIoF,7.0
1065,0,KcvPUxQg,ePrpofUw,7.0
1065,0,BlnSxBAr,KcvPUxQg,7.0
1065,0,TCBUGaZf,BlnSxBAr,7.0
1065,0,pzcCDVmZ,TCBUGaZf,7.0
1065,0,AUBTKFbY,pzcCDVmZ,7.0
1065,0,fjevhefZ,AUBTKFbY,7.0
1065,0,vyQyYYqJ,fjevhefZ,7.0
1065,0,ztLkgYlA,vyQyYYqJ,7.0
1065,0,IvQQZbJW,ztLkgYlA,7.0
1065,0,yaKWBgLg,IvQQZbJW,7.0
1065,0,lkujKSJT,yaKWBgLg,7.0
1065,0,twMezfOU,lkujKSJT,7.0
1065,0,OyJKKata,twMezfOU,7.0
1065,0,MqGZxRIW,OyJKKata,2.0
1065,0,FcOkCcps,MqGZxRIW,2.0
1065,0,uiYVYPQX,FcOkCcps,1.0
1065,0,wihERHzN,uiYVYPQX,1.0
1065,0,jiaBsTdI,wihERHzN,1.0
1065,0,iVtHnErr,jiaBsTdI,1.0
1065,0,nsjiKPCz,iVtHnErr,1.0
1065,0,vfdAIPGv,nsjiKPCz,1.0
1065,0,ubZrQMid,vfdAIPGv,1.0
1065,0,gBkmsEyR,ubZrQMid,1.0
1065,0,cGoHBmgo,gBkmsEyR,1.0
1065,0,EkWBPXmr,cGoHBmgo,1.0
1125,0,SPorkGXj,XsvFZXJo,2663.0
1125,0,IJbUVGLH,SPorkGXj,2681.0
1125,0,ZqOseExI,IJbUVGLH,2681.0
1125,0,FdBCLyPI,ZqOseExI,2661.0
1125,0,XuFnwsQn,FdBCLyPI,2661.0
1125,0,CrOFTJlw,XuFnwsQn,2661.0
1125,0,PyGiRErs,CrOFTJlw,2559.0
1125,0,qflzswAf,PyGiRErs,2063.0
1408,0,SUVVzOYC,cThdGxLv,314.0
1408,0,dAxtDTje,SUVVzOYC,894.0
1408,0,aunBMooM,dAxtDTje,894.0
1408,0,KGIBfEut,aunBMooM,894.0
1408,0,kiTgZeoH,KGIBfEut,894.0
1075,0,UvdLYolu,TIlepZYr,1374.0
1075,0,ZFKsyBay,UvdLYolu,1374.0
1075,0,suvDbtPR,ZFKsyBay,1415.0
1075,0,clVXMHJf,suvDbtPR,941.0
1075,0,UXEWVZzP,clVXMHJf,941.0
1075,0,MlYFoaez,UXEWVZzP,846.0
1075,0,XeinAhyy,MlYFoaez,843.0
1075,0,pGpZhRvq,XeinAhyy,843.0
1075,0,alaJPSTW,pGpZhRvq,843.0
1075,0,ngNzeSzC,alaJPSTW,843.0
1075,0,PHuvYJrP,ngNzeSzC,843.0
1075,0,FoxIDeQY,PHuvYJrP,843.0
1075,0,dZoxKDmD,FoxIDeQY,788.0
1075,0,ZOuLYtJj,dZoxKDmD,788.0
1303,0,SGnJOquj,ZOuLYtJj,208.0
1303,0,vacPrbQA,SGnJOquj,208.0
1303,0,ZOuLYtJj,dZoxKDmD,173.0
1019,0,yKgFraCR,obftSQtS,2765.0
1019,0,LIDMLZkw,yKgFraCR,2775.0
1019,0,JEpPbBSc,LIDMLZkw,2775.0
1019,0,YkNJvTAu,JEpPbBSc,2792.0
1019,0,TIlepZYr,YkNJvTAu,2697.0
1019,0,BmQLYaPd,TIlepZYr,2689.0
1019,0,UvdLYolu,BmQLYaPd,2689.0
1019,0,ZFKsyBay,UvdLYolu,2689.0
1019,0,suvDbtPR,ZFKsyBay,2659.0
1019,0,clVXMHJf,suvDbtPR,852.0
1019,0,UXEWVZzP,clVXMHJf,852.0
1019,0,MlYFoaez,UXEWVZzP,852.0
1019,0,XeinAhyy,MlYFoaez,797.0
1019,0,pGpZhRvq,XeinAhyy,797.0
1019,0,alaJPSTW,pGpZhRvq,797.0
1019,0,ngNzeSzC,alaJPSTW,797.0
1019,0,PHuvYJrP,ngNzeSzC,797.0
1019,0,FoxIDeQY,PHuvYJrP,797.0
1019,0,dZoxKDmD,FoxIDeQY,797.0
1019,0,ZOuLYtJj,dZoxKDmD,797.0
1019,0,SGnJOquj,ZOuLYtJj,797.0
1019,0,vacPrbQA,SGnJOquj,795.0
1030,0,ixhHdGBo,aaeLLxLj,4314.0
1030,0,spVkBMtX,ixhHdGBo,4652.0
1030,0,uuLXjUrY,spVkBMtX,4652.0
1030,0,ekoOPpVq,uuLXjUrY,4652.0
1030,0,rljVoTvk,ekoOPpVq,4744.0
1030,0,gxidCspv,rljVoTvk,4744.0
1030,0,wRTYbalx,gxidCspv,5521.0
1030,0,DHkaGHFf,wRTYbalx,5521.0
1030,0,FdBCLyPI,DHkaGHFf,5407.0
1030,0,CrOFTJlw,FdBCLyPI,5426.0
1030,0,PyGiRErs,CrOFTJlw,5015.0
273,0,peBgOXli,yAqyhWkU,3618.0
273,0,KnWWIWQx,peBgOXli,3681.0
273,0,bRAzuzSs,KnWWIWQx,3681.0
273,0,OwpcAtJV,bRAzuzSs,3701.0
273,0,XVbubuGa,OwpcAtJV,3261.0
273,0,iuOUwLky,XVbubuGa,3262.0
273,0,jeadfqyj,iuOUwLky,3263.0
273,0,RkbXqAIs,MTAZIXBL,3841.0
273,0,TAifzqok,RkbXqAIs,3966.0
273,0,wWcBzuvM,TAifzqok,4280.0
273,0,GcGOdrPa,wWcBzuvM,4324.0
273,0,yAqyhWkU,GcGOdrPa,4324.0
273,0,QRSRIbba,leJfirnk,2254.0
273,0,EkCoFwMY,QRSRIbba,2313.0
273,0,jqriedgy,EkCoFwMY,2438.0
273,0,MTAZIXBL,jqriedgy,2438.0
273,0,wuyFtExA,EtvjcvTp,1282.0
273,0,MrybjzSo,wuyFtExA,1282.0
273,0,leJfirnk,MrybjzSo,1282.0
658,0,iCFxwoUV,XfoHenDx,943.0
658,0,WRCkhCoY,iCFxwoUV,943.0
658,0,gsCFEnid,WRCkhCoY,985.0
658,0,mtKVLjly,gsCFEnid,1036.0
573,0,hxSTJhOz,rDSiGFpR,954.0
573,0,TShNRujB,hxSTJhOz,955.0
573,0,xbiDwIOu,TShNRujB,1435.0
573,0,zVYhNTdK,xbiDwIOu,1435.0
573,0,nprusgCY,zVYhNTdK,1435.0
573,0,LTDgdyOW,nprusgCY,1444.0
1593,0,ujKjPJkx,PFRWWlNS,4860.0
1593,0,VOQRbkUl,ujKjPJkx,4860.0
1593,0,ciAbSxQX,VOQRbkUl,6407.0
989,0,WdOwNGhj,xfbmoJHP,4679.0
989,0,kKKRBhFF,WdOwNGhj,4685.0
989,0,NFInfBeu,kKKRBhFF,5064.0
989,0,VCQdmIoF,NFInfBeu,5064.0
989,0,ePrpofUw,VCQdmIoF,5064.0
989,0,KcvPUxQg,ePrpofUw,6254.0
989,0,BlnSxBAr,KcvPUxQg,6327.0
989,0,TCBUGaZf,BlnSxBAr,7283.0
989,0,pzcCDVmZ,TCBUGaZf,7564.0
989,0,duRJdiSr,FcOkCcps,2839.0
989,0,uiYVYPQX,duRJdiSr,2671.0
989,0,ozAxYCwR,uiYVYPQX,1080.0
595,0,zltqyTKX,kBaIvAJI,549.0
595,0,TRZUQkiC,zltqyTKX,549.0
595,0,wCUyFOIX,TRZUQkiC,549.0
595,0,RtYHfABF,wCUyFOIX,549.0
595,0,JKycCNae,RtYHfABF,542.0
595,0,cMdRoPmQ,JKycCNae,542.0
524,0,FcOkCcps,OyJKKata,5634.0
524,0,PrkhDzLx,FcOkCcps,6081.0
524,0,duRJdiSr,PrkhDzLx,6076.0
524,0,uBFbbvHN,duRJdiSr,6319.0
287,0,CrcsXCbZ,BRjWpQtg,4943.0
287,0,fcKeEgEf,CrcsXCbZ,4848.0
287,0,BpAiVnps,fcKeEgEf,4848.0
287,0,OAywdpTB,BpAiVnps,801.0
287,0,ufvngNip,OAywdpTB,801.0
287,0,ybjkPLXB,ufvngNip,801.0
287,0,IOcMwGKn,ybjkPLXB,377.0
287,0,hCxxcqWU,IOcMwGKn,377.0
287,0,gUXxyAlR,hCxxcqWU,377.0
287,0,cEOIeJTR,gUXxyAlR,89.0
287,0,bWAbaUPC,cEOIeJTR,89.0
287,0,UECnapuN,bWAbaUPC,37.0
287,0,uVsOstge,UECnapuN,37.0
287,0,tBJBJfdu,uVsOstge,37.0
287,0,xewbkqhz,tBJBJfdu,37.0
287,0,mklbELhb,xewbkqhz,37.0
287,0,yhXmuUeN,mklbELhb,34.0
287,0,xbiDwIOu,yhXmuUeN,34.0
287,0,zVYhNTdK,xbiDwIOu,34.0
706,0,UtwZFZsx,wrsPDGBQ,1459.0
706,0,QsteKrle,UtwZFZsx,1459.0
706,0,XMWgellz,QsteKrle,1463.0
706,0,LPldZjRa,XMWgellz,1535.0
706,0,adsviABF,LPldZjRa,1535.0
706,0,TqlJzItM,adsviABF,1172.0
706,0,IjwLXBRx,TqlJzItM,1139.0
706,0,nJRBvlcT,IjwLXBRx,1138.0
706,0,IkxLwyxa,nJRBvlcT,1067.0
706,0,CYSggHNR,IkxLwyxa,841.0
706,0,VhgapMoa,CYSggHNR,841.0
706,0,dKbqWpcD,VhgapMoa,841.0
706,0,zYpZYpOA,dKbqWpcD,841.0
706,0,xbeOVhLE,zYpZYpOA,543.0
706,0,IpBcScgC,xbeOVhLE,531.0
706,0,aYvzRwqU,IpBcScgC,531.0
706,0,mVhkAqwx,aYvzRwqU,531.0
706,0,GigUVtty,mVhkAqwx,519.0
706,0,bvSKVAYv,GigUVtty,438.0
706,0,eJHaFiJU,bvSKVAYv,354.0
706,0,uAAdoXdO,eJHaFiJU,354.0
706,0,Qsigtmbx,uAAdoXdO,354.0
706,0,XGiaFBsp,Qsigtmbx,354.0
706,0,duRJdiSr,XGiaFBsp,354.0
658,0,nBYHMnkU,BldTZUAI,754.0
658,0,XfoHenDx,nBYHMnkU,754.0
941,0,avmqjzBH,aYSNYmnY,3378.0
941,0,jEVQeNyS,avmqjzBH,3627.0
941,0,HeRuYpNs,jEVQeNyS,3626.0
941,0,qRJySzaf,HeRuYpNs,3112.0
941,0,LTfflVxG,qRJySzaf,3112.0
941,0,AhWKwjTz,LTfflVxG,2170.0
941,0,VEiYdotb,AhWKwjTz,1954.0
941,0,DgYBMgPg,VEiYdotb,1954.0
941,0,yjQwxGED,DgYBMgPg,1437.0
941,0,KPcRWbGT,yjQwxGED,1437.0
941,0,uGRyXcfW,KPcRWbGT,1437.0
941,0,HlhFjJtZ,uGRyXcfW,1459.0
941,0,ALhaazBT,HlhFjJtZ,1459.0
523,0,hxSTJhOz,rDSiGFpR,4491.0
523,0,TShNRujB,hxSTJhOz,4636.0
523,0,JJRlkmgp,TShNRujB,5710.0
523,0,KRQMLlbw,JJRlkmgp,5718.0
523,0,MURlCahD,KRQMLlbw,5718.0
523,0,znFDupZg,MURlCahD,5718.0
900,0,ZLWEzNmI,fTbQcCcQ,62.0
900,0,QeXyWyya,ZLWEzNmI,66.0
900,0,PifXIFet,QeXyWyya,67.0
900,0,tNmxviwt,PifXIFet,67.0
900,0,yHaTCNJc,tNmxviwt,67.0
711,0,VhgapMoa,CYSggHNR,2580.0
711,0,dKbqWpcD,VhgapMoa,2580.0
711,0,zYpZYpOA,dKbqWpcD,2580.0
711,0,xbeOVhLE,zYpZYpOA,3133.0
711,0,IpBcScgC,xbeOVhLE,3138.0
711,0,aYvzRwqU,IpBcScgC,3138.0
711,0,mVhkAqwx,aYvzRwqU,3138.0
711,0,GigUVtty,mVhkAqwx,3126.0
711,0,xQpNdvvD,GigUVtty,2444.0
711,0,bvSKVAYv,xQpNdvvD,2444.0
711,0,eJHaFiJU,bvSKVAYv,4500.0
711,0,uAAdoXdO,eJHaFiJU,4500.0
711,0,Qsigtmbx,uAAdoXdO,4500.0
711,0,XGiaFBsp,Qsigtmbx,4500.0
711,0,duRJdiSr,XGiaFBsp,4498.0
706,0,iGTcFnmF,yQQuLFAg,435.0
706,0,rckblBTM,iGTcFnmF,439.0
706,0,fGmFhgnx,rckblBTM,449.0
706,0,XyHfgUxW,fGmFhgnx,637.0
706,0,zjjLSYAp,XyHfgUxW,648.0
706,0,wrsPDGBQ,zjjLSYAp,648.0
1677,0,lOYrQfzi,oajqUPaH,2318.0
1677,0,iuewtDUr,lOYrQfzi,2324.0
1677,0,KdEmbmsx,iuewtDUr,2324.0
1677,0,GkYZbgqg,KdEmbmsx,2324.0
1677,0,FlYjxOxQ,GkYZbgqg,835.0
1677,0,wFSILCzc,FlYjxOxQ,771.0
1677,0,yQQuLFAg,wFSILCzc,771.0
1180,0,PhjcDdmq,vacPrbQA,6719.0
1180,0,bHagonKv,PhjcDdmq,6633.0
1180,0,Vlipnutt,bHagonKv,6694.0
1180,0,XiLvnZTk,Vlipnutt,6736.0
1180,0,FStgRiBS,XiLvnZTk,6520.0
1180,0,GkYZbgqg,FStgRiBS,6520.0
1180,0,FlYjxOxQ,GkYZbgqg,5972.0
1180,0,wFSILCzc,FlYjxOxQ,5972.0
1180,0,iMjvswBX,wFSILCzc,6715.0
1180,0,CpULuhdq,iMjvswBX,6753.0
1180,0,tJbXQuOE,CpULuhdq,6753.0
584,0,TsaeiIGv,EkWBPXmr,1417.0
584,0,OsBkWRQx,TsaeiIGv,2795.0
584,0,TlwaKrQx,OsBkWRQx,2795.0
584,0,udlIzhJE,TlwaKrQx,2795.0
1244,0,XVbubuGa,OwpcAtJV,2471.0
1244,0,CzqgXocH,XVbubuGa,2471.0
1244,0,nsjiKPCz,CzqgXocH,2471.0
1244,0,vfdAIPGv,nsjiKPCz,2484.0
574,0,iVtHnErr,jiaBsTdI,3.0
574,0,vfdAIPGv,iVtHnErr,3.0
1244,0,peBgOXli,yAqyhWkU,1353.0
1244,0,KnWWIWQx,peBgOXli,1470.0
1244,0,OwpcAtJV,KnWWIWQx,1470.0
264,0,ABRKsLIZ,uUBnPWGG,1763.0
264,0,RtBolNHG,ABRKsLIZ,1768.0
264,0,XGgrBziF,RtBolNHG,1841.0
264,0,FJLNitGY,XGgrBziF,1753.0
711,0,uiYVYPQX,duRJdiSr,4497.0
1414,0,FDCDnriY,ydoNqUsu,115.0
1414,0,DCdKJxNH,FDCDnriY,115.0
1414,0,DsuTXcIa,DCdKJxNH,115.0
1414,0,bgWfLree,DsuTXcIa,120.0
1414,0,nUYnioIh,bgWfLree,120.0
1414,0,mVhkAqwx,nUYnioIh,120.0
1414,0,GigUVtty,mVhkAqwx,120.0
1414,0,eJHaFiJU,GigUVtty,121.0
1414,0,uAAdoXdO,eJHaFiJU,121.0
1414,0,XGiaFBsp,uAAdoXdO,121.0
1414,0,uiYVYPQX,XGiaFBsp,121.0
1414,0,wihERHzN,uiYVYPQX,82.0
1414,0,jiaBsTdI,wihERHzN,82.0
1414,0,iVtHnErr,jiaBsTdI,82.0
1414,0,nsjiKPCz,iVtHnErr,82.0
1414,0,vfdAIPGv,nsjiKPCz,82.0
971,0,QeEdlYuU,dKSFzIqs,451.0
971,0,ussSBeXM,QeEdlYuU,451.0
971,0,qVzVrWDp,ussSBeXM,451.0
971,0,IuRRuHdp,qVzVrWDp,426.0
971,0,agmUQnfF,IuRRuHdp,426.0
971,0,CbblRkaH,agmUQnfF,566.0
971,0,BldTZUAI,CbblRkaH,459.0
971,0,nBYHMnkU,BldTZUAI,459.0
177,0,PUIIuxlM,BGAyznqC,570.0
177,0,bEuFbYIx,PUIIuxlM,601.0
177,0,saruwlzc,bEuFbYIx,659.0
177,0,kEQqRNXv,saruwlzc,659.0
177,0,JvDZYJph,kEQqRNXv,766.0
177,0,gdbAGAQU,JvDZYJph,1059.0
177,0,ANpclgWP,gdbAGAQU,1059.0
177,0,LWqTSxPr,ANpclgWP,1059.0
177,0,tBgOcvQf,LWqTSxPr,1059.0
173,0,gcUmxKgT,TUrDxvOa,730.0
1245,0,mgTKojDA,drmArhka,2573.0
1245,0,TsaeiIGv,mgTKojDA,2573.0
1245,0,OsBkWRQx,TsaeiIGv,3024.0
1245,0,udlIzhJE,OsBkWRQx,2771.0
578,0,zAVZRYih,yLSAaTAd,962.0
578,0,hxSTJhOz,zAVZRYih,1587.0
578,0,TShNRujB,hxSTJhOz,1587.0
578,0,KqLiJxJl,TShNRujB,121.0
578,0,TsaeiIGv,KqLiJxJl,120.0
578,0,OsBkWRQx,TsaeiIGv,109.0
578,0,udlIzhJE,OsBkWRQx,109.0
16,0,KqLiJxJl,TShNRujB,4186.0
16,0,TsaeiIGv,KqLiJxJl,4416.0
16,0,OsBkWRQx,TsaeiIGv,7003.0
16,0,udlIzhJE,OsBkWRQx,7035.0
16,0,TShNRujB,yhXmuUeN,4991.0
1414,0,FGvzNZYi,DYKvrufv,60.0
1414,0,ydoNqUsu,FGvzNZYi,60.0
1665,0,HFKGyjhH,mkJuKiBe,4112.0
1665,0,wdfUFUDc,HFKGyjhH,4112.0
1665,0,MkXEUCdM,wdfUFUDc,2147.0
1665,0,oiYuCTCe,MkXEUCdM,2147.0
1189,0,LPldZjRa,XMWgellz,825.0
1530,0,ojqTFFWy,kVeKzKrW,285.0
584,0,DeduXMzE,udlIzhJE,3133.0
573,0,inRETCYL,LTDgdyOW,1315.0
573,0,XEuSRnsw,inRETCYL,1315.0
584,0,GXHjZCTL,DeduXMzE,3099.0
584,0,yolIeCeg,GXHjZCTL,3099.0
584,0,ozAxYCwR,yolIeCeg,3104.0
584,0,qdrjbHYS,ozAxYCwR,2717.0
573,0,yolIeCeg,XEuSRnsw,1297.0
573,0,zGyJMIkT,yolIeCeg,1267.0
990,0,qdrjbHYS,ozAxYCwR,1626.0
482,0,XVbubuGa,OwpcAtJV,4797.0
482,0,iuOUwLky,XVbubuGa,4797.0
482,0,nZnozRfz,iuOUwLky,4803.0
482,0,jeadfqyj,nZnozRfz,4803.0
482,0,qdrjbHYS,jeadfqyj,4803.0
482,0,peBgOXli,yAqyhWkU,3367.0
482,0,KnWWIWQx,peBgOXli,3369.0
482,0,OwpcAtJV,KnWWIWQx,3369.0
679,0,LRmPOeoe,KHbKaRBy,3.0
679,0,twMezfOU,LRmPOeoe,696.0
482,0,TAifzqok,RkbXqAIs,2207.0
482,0,wWcBzuvM,TAifzqok,2230.0
482,0,GcGOdrPa,wWcBzuvM,2230.0
482,0,yAqyhWkU,GcGOdrPa,2230.0
482,0,RkbXqAIs,MTAZIXBL,2002.0
482,0,jqriedgy,EkCoFwMY,1040.0
482,0,MTAZIXBL,jqriedgy,1040.0
482,0,QRSRIbba,leJfirnk,1023.0
482,0,EkCoFwMY,QRSRIbba,1023.0
178,0,hTaJTejf,ClDeGdta,2052.0
178,0,AvILYntX,hTaJTejf,2052.0
178,0,BGAyznqC,AvILYntX,2052.0
178,0,PUIIuxlM,BGAyznqC,2052.0
178,0,bEuFbYIx,PUIIuxlM,2041.0
178,0,saruwlzc,bEuFbYIx,2030.0
178,0,kEQqRNXv,saruwlzc,2030.0
178,0,NfeOUEsA,kEQqRNXv,2030.0
178,0,gdbAGAQU,NfeOUEsA,1585.0
178,0,ANpclgWP,gdbAGAQU,1585.0
178,0,LWqTSxPr,ANpclgWP,1585.0
178,0,tBgOcvQf,LWqTSxPr,1585.0
482,0,wuyFtExA,EtvjcvTp,583.0
482,0,MrybjzSo,wuyFtExA,583.0
482,0,leJfirnk,MrybjzSo,583.0
177,0,qkTCgKXX,YoEMZEcq,454.0
177,0,XjSQdTLS,qkTCgKXX,454.0
177,0,hTaJTejf,XjSQdTLS,491.0
177,0,AvILYntX,hTaJTejf,491.0
177,0,BGAyznqC,AvILYntX,532.0
965,0,LjPncvCg,XBhuaxff,1348.0
965,0,XUEgpuYS,LjPncvCg,1348.0
965,0,lXZmsBCe,XUEgpuYS,1424.0
965,0,oftwwzSy,lXZmsBCe,1424.0
965,0,CKNrjFUU,oftwwzSy,1424.0
965,0,EtvjcvTp,CKNrjFUU,1378.0
965,0,wuyFtExA,EtvjcvTp,893.0
965,0,MrybjzSo,wuyFtExA,893.0
965,0,leJfirnk,MrybjzSo,874.0
965,0,QRSRIbba,leJfirnk,874.0
965,0,EkCoFwMY,QRSRIbba,874.0
965,0,jqriedgy,EkCoFwMY,874.0
965,0,MTAZIXBL,jqriedgy,874.0
965,0,RkbXqAIs,MTAZIXBL,596.0
965,0,TAifzqok,RkbXqAIs,578.0
965,0,wWcBzuvM,TAifzqok,578.0
965,0,GcGOdrPa,wWcBzuvM,578.0
965,0,yAqyhWkU,GcGOdrPa,578.0
965,0,peBgOXli,yAqyhWkU,345.0
965,0,KnWWIWQx,peBgOXli,345.0
965,0,OwpcAtJV,KnWWIWQx,345.0
965,0,XVbubuGa,OwpcAtJV,275.0
965,0,iuOUwLky,XVbubuGa,275.0
965,0,nZnozRfz,iuOUwLky,275.0
965,0,ozAxYCwR,nZnozRfz,275.0
486,0,PeYVqHeF,DJkAcxlA,298.0
486,0,cRLBVFvQ,PeYVqHeF,298.0
486,0,DacXSoOC,cRLBVFvQ,298.0
486,0,vTErLEZz,DacXSoOC,298.0
486,0,cZBPdCTc,vTErLEZz,298.0
486,0,PYzwbgep,cZBPdCTc,304.0
486,0,wtyUxRkq,PYzwbgep,304.0
486,0,VXthmpcS,wtyUxRkq,304.0
486,0,XUEgpuYS,VXthmpcS,382.0
486,0,lXZmsBCe,XUEgpuYS,382.0
486,0,oftwwzSy,lXZmsBCe,382.0
486,0,CKNrjFUU,oftwwzSy,382.0
486,0,EtvjcvTp,CKNrjFUU,364.0
486,0,wuyFtExA,EtvjcvTp,227.0
486,0,MrybjzSo,wuyFtExA,227.0
486,0,leJfirnk,MrybjzSo,172.0
486,0,QRSRIbba,leJfirnk,172.0
486,0,EkCoFwMY,QRSRIbba,172.0
486,0,jqriedgy,EkCoFwMY,172.0
486,0,MTAZIXBL,jqriedgy,172.0
486,0,RkbXqAIs,MTAZIXBL,138.0
486,0,TAifzqok,RkbXqAIs,138.0
486,0,wWcBzuvM,TAifzqok,138.0
486,0,GcGOdrPa,wWcBzuvM,138.0
486,0,yAqyhWkU,GcGOdrPa,138.0
486,0,peBgOXli,yAqyhWkU,132.0
486,0,KnWWIWQx,peBgOXli,132.0
486,0,bRAzuzSs,KnWWIWQx,132.0
486,0,OwpcAtJV,bRAzuzSs,132.0
486,0,XVbubuGa,OwpcAtJV,125.0
486,0,iuOUwLky,XVbubuGa,125.0
486,0,jeadfqyj,iuOUwLky,125.0
965,0,apwTQKga,lBjlyorh,596.0
965,0,XNHVHmHa,apwTQKga,596.0
965,0,vGqwislq,XNHVHmHa,596.0
965,0,AwLiWVdI,vGqwislq,598.0
965,0,XBhuaxff,AwLiWVdI,598.0
965,0,ZTCNsviV,ODNKqRCQ,230.0
965,0,GBYHqHQO,ZTCNsviV,230.0
965,0,lBjlyorh,GBYHqHQO,230.0
965,0,ODNKqRCQ,iPzquFzR,194.0
1052,0,xokKvraT,INegqJKU,175.0
1052,0,HaSZVkzu,xokKvraT,175.0
1052,0,yjaYbUGq,HaSZVkzu,175.0
1052,0,LbyQgJih,yjaYbUGq,175.0
1052,0,FPXdCAOW,LbyQgJih,175.0
1052,0,ouHKxPGS,FPXdCAOW,175.0
1071,0,NCSBLEus,AJLJQqsT,3084.0
1071,0,xfbmoJHP,NCSBLEus,3056.0
1071,0,WdOwNGhj,xfbmoJHP,1676.0
1071,0,kKKRBhFF,WdOwNGhj,1588.0
1071,0,NFInfBeu,kKKRBhFF,1580.0
1071,0,VCQdmIoF,NFInfBeu,1580.0
1071,0,ePrpofUw,VCQdmIoF,1580.0
1071,0,KcvPUxQg,ePrpofUw,1563.0
1071,0,BlnSxBAr,KcvPUxQg,1563.0
1071,0,TCBUGaZf,BlnSxBAr,1563.0
1071,0,pzcCDVmZ,TCBUGaZf,1111.0
1071,0,AUBTKFbY,pzcCDVmZ,1109.0
1071,0,fjevhefZ,AUBTKFbY,1031.0
1071,0,vyQyYYqJ,fjevhefZ,1031.0
1071,0,ztLkgYlA,vyQyYYqJ,1031.0
1071,0,IvQQZbJW,ztLkgYlA,818.0
1071,0,yaKWBgLg,IvQQZbJW,818.0
1071,0,lkujKSJT,yaKWBgLg,818.0
1071,0,twMezfOU,lkujKSJT,784.0
1071,0,OyJKKata,twMezfOU,779.0
1071,0,FcOkCcps,OyJKKata,735.0
1071,0,duRJdiSr,FcOkCcps,732.0
1071,0,uiYVYPQX,duRJdiSr,726.0
1047,0,duRJdiSr,FcOkCcps,59.0
1047,0,uiYVYPQX,duRJdiSr,59.0
1071,0,xunvufHj,nJRQzVZQ,3311.0
1071,0,rxrORjnb,xunvufHj,3311.0
1071,0,UVDfwOgc,rxrORjnb,3306.0
1071,0,TJDsQDoO,UVDfwOgc,3236.0
1071,0,yTictHOU,TJDsQDoO,3233.0
1071,0,illGQStO,yTictHOU,3183.0
1071,0,AUrIxxcC,illGQStO,3064.0
1071,0,zqZasXpA,AUrIxxcC,3064.0
1071,0,EYGEAZtD,zqZasXpA,3064.0
1071,0,AJLJQqsT,EYGEAZtD,3064.0
1071,0,nLuZmKFz,UlmLxwtK,3539.0
1071,0,nJRQzVZQ,nLuZmKFz,3539.0
1071,0,PfZAlPvE,NfMyQHAw,3526.0
1071,0,UlmLxwtK,PfZAlPvE,3526.0
1071,0,YcVwXeam,BmBzVYhd,3420.0
1071,0,DDFCohxX,YcVwXeam,3420.0
1071,0,NfMyQHAw,DDFCohxX,3420.0
523,0,osddylgA,znFDupZg,5712.0
523,0,uiYVYPQX,osddylgA,5712.0
573,0,DRkcXziO,ppabfQGz,62.0
573,0,fTOPrrgc,DRkcXziO,62.0
573,0,XPasGtVj,fTOPrrgc,62.0
573,0,VMviwLNE,XPasGtVj,62.0
573,0,BxuxHloR,VMviwLNE,62.0
573,0,gFAsBeQM,BxuxHloR,62.0
523,0,rDSiGFpR,gFAsBeQM,1917.0
272,0,BYOnvRTX,oSOvYxXQ,2811.0
272,0,XGiaFBsp,BYOnvRTX,2811.0
272,0,tIegtsMs,XGiaFBsp,2811.0
272,0,VCRIbExe,tIegtsMs,2814.0
272,0,uiYVYPQX,VCRIbExe,2736.0
272,0,oSOvYxXQ,TJGhHrvm,2816.0
483,0,POdtxoZm,MnIYxXyj,609.0
483,0,WqMESkMM,POdtxoZm,609.0
483,0,zAVZRYih,WqMESkMM,609.0
483,0,hxSTJhOz,zAVZRYih,318.0
483,0,TShNRujB,hxSTJhOz,505.0
483,0,BqZQArDi,TShNRujB,784.0
483,0,JJRlkmgp,BqZQArDi,784.0
483,0,KRQMLlbw,JJRlkmgp,784.0
483,0,MURlCahD,KRQMLlbw,784.0
483,0,znFDupZg,MURlCahD,784.0
483,0,osddylgA,znFDupZg,784.0
483,0,uiYVYPQX,osddylgA,784.0
272,0,xkdRvtRu,tBJBJfdu,2804.0
272,0,SjZGieDS,xkdRvtRu,2835.0
272,0,tZiWmgTn,SjZGieDS,2783.0
272,0,TJGhHrvm,tZiWmgTn,2783.0
272,0,FZYojuVE,niqrIlpR,2266.0
272,0,tBJBJfdu,FZYojuVE,2266.0
600,0,vJitwYAE,nrUfCQxz,1056.0
600,0,iBiVOFur,vJitwYAE,1190.0
600,0,niqrIlpR,iBiVOFur,1190.0
600,0,FZYojuVE,niqrIlpR,960.0
600,0,uVsOstge,FZYojuVE,960.0
600,0,tBJBJfdu,uVsOstge,960.0
600,0,FmTbQszJ,tBJBJfdu,733.0
600,0,xkdRvtRu,FmTbQszJ,732.0
600,0,tZiWmgTn,xkdRvtRu,567.0
600,0,TJGhHrvm,tZiWmgTn,567.0
600,0,oSOvYxXQ,TJGhHrvm,384.0
600,0,BYOnvRTX,oSOvYxXQ,151.0
600,0,XGiaFBsp,BYOnvRTX,151.0
600,0,PrkhDzLx,XGiaFBsp,151.0
600,0,hwOMxSYP,PrkhDzLx,148.0
600,0,duRJdiSr,hwOMxSYP,147.0
600,0,uiYVYPQX,duRJdiSr,147.0
272,0,qrSNpKDz,bWAbaUPC,2201.0
272,0,niqrIlpR,qrSNpKDz,2201.0
272,0,cEOIeJTR,CfleTooC,2001.0
272,0,bWAbaUPC,cEOIeJTR,2001.0
272,0,hCxxcqWU,IOcMwGKn,2780.0
272,0,pPReLBCT,hCxxcqWU,2781.0
272,0,gUXxyAlR,pPReLBCT,2821.0
272,0,CfleTooC,gUXxyAlR,2821.0
272,0,IOcMwGKn,ybjkPLXB,2670.0
272,0,OAywdpTB,BpAiVnps,1362.0
272,0,ybjkPLXB,OAywdpTB,1965.0
706,0,uiYVYPQX,duRJdiSr,338.0
1105,0,xQSKBJml,SwLVnWPq,1373.0
1105,0,eXTjiXiW,xQSKBJml,1373.0
1105,0,UUCrlfWg,eXTjiXiW,1373.0
1105,0,YULSfngF,UUCrlfWg,1373.0
1105,0,ozuppJDT,YULSfngF,1373.0
1105,0,xGsoSfhX,ozuppJDT,1374.0
1105,0,ybjkPLXB,xGsoSfhX,1376.0
1105,0,IOcMwGKn,ybjkPLXB,1206.0
1105,0,hCxxcqWU,IOcMwGKn,1206.0
1105,0,gUXxyAlR,hCxxcqWU,1206.0
1105,0,CfleTooC,gUXxyAlR,1206.0
1105,0,cEOIeJTR,CfleTooC,390.0
1105,0,bWAbaUPC,cEOIeJTR,356.0
1105,0,qrSNpKDz,bWAbaUPC,332.0
1105,0,niqrIlpR,qrSNpKDz,332.0
1105,0,FZYojuVE,niqrIlpR,321.0
1105,0,tBJBJfdu,FZYojuVE,321.0
1105,0,xkdRvtRu,tBJBJfdu,260.0
1105,0,SjZGieDS,xkdRvtRu,260.0
1105,0,tZiWmgTn,SjZGieDS,259.0
1105,0,TJGhHrvm,tZiWmgTn,259.0
1105,0,oSOvYxXQ,TJGhHrvm,248.0
1105,0,PSZbZwJF,oSOvYxXQ,180.0
1105,0,BYOnvRTX,PSZbZwJF,180.0
1105,0,XGiaFBsp,BYOnvRTX,180.0
1105,0,duRJdiSr,XGiaFBsp,180.0
1105,0,uiYVYPQX,duRJdiSr,180.0
1666,0,kueIUJls,XGJiqzLW,2434.0
1666,0,OVaoEscJ,kueIUJls,2434.0
1666,0,xQqwXgNZ,OVaoEscJ,1200.0
1666,0,BMprcpdo,xQqwXgNZ,1002.0
1105,0,rSdxnGDj,otuYkIZd,887.0
1105,0,MkXEUCdM,rSdxnGDj,887.0
1105,0,oiYuCTCe,MkXEUCdM,887.0
1105,0,SwLVnWPq,oiYuCTCe,1130.0
1105,0,CoFyQOTC,jnDfAorM,713.0
1105,0,HMiMHaRv,CoFyQOTC,713.0
1105,0,kLfGGOkq,HMiMHaRv,713.0
1105,0,ygVaThfM,kLfGGOkq,713.0
1105,0,otuYkIZd,ygVaThfM,713.0
1071,0,CkiKkxJQ,lGJIVvqE,3201.0
1071,0,AdloNpXg,CkiKkxJQ,3288.0
1071,0,BmBzVYhd,AdloNpXg,3250.0
1071,0,pVHZNTmW,cyLrdsLq,2664.0
1071,0,qLlyWzVq,pVHZNTmW,2664.0
1071,0,lGJIVvqE,qLlyWzVq,2664.0
1071,0,cyLrdsLq,AlpXiRiW,2526.0
272,0,zGyJMIkT,uiYVYPQX,4730.0
600,0,STSGJiIu,TdfMaTlB,1213.0
600,0,buAeVenh,STSGJiIu,1213.0
600,0,ARTSSefO,buAeVenh,1213.0
600,0,KMDYeUKg,ARTSSefO,1214.0
600,0,RSPZrGBg,KMDYeUKg,1258.0
600,0,xfYjeqNM,RSPZrGBg,1195.0
600,0,nrUfCQxz,xfYjeqNM,1118.0
678,0,KTHxRvtW,GhNbXpjs,2861.0
678,0,gRVxNCAP,KTHxRvtW,2608.0
678,0,nJRBvlcT,gRVxNCAP,2609.0
678,0,IkxLwyxa,nJRBvlcT,2942.0
678,0,CYSggHNR,IkxLwyxa,2260.0
678,0,VhgapMoa,CYSggHNR,2260.0
678,0,dKbqWpcD,VhgapMoa,2260.0
678,0,zYpZYpOA,dKbqWpcD,2260.0
678,0,xbeOVhLE,zYpZYpOA,1968.0
678,0,IpBcScgC,xbeOVhLE,1918.0
678,0,aYvzRwqU,IpBcScgC,1918.0
678,0,GigUVtty,aYvzRwqU,1918.0
678,0,bvSKVAYv,GigUVtty,1624.0
973,0,TsaeiIGv,EkWBPXmr,1485.0
973,0,OsBkWRQx,TsaeiIGv,2381.0
973,0,udlIzhJE,OsBkWRQx,2381.0
973,0,srZucbpJ,udlIzhJE,2772.0
1245,0,NrpQUbAl,udlIzhJE,2061.0
16,0,srZucbpJ,udlIzhJE,7127.0
727,0,knCDNjnp,mLBQtksd,1366.0
727,0,nYVfIRsk,knCDNjnp,1367.0
727,0,IHZGJZTs,nYVfIRsk,1367.0
727,0,DYvQviUy,IHZGJZTs,1377.0
727,0,yHDouIXe,DYvQviUy,1183.0
1532,0,PWitnUnB,FUctipSE,2748.0
1532,0,zwmwkNcj,PWitnUnB,2748.0
1532,0,DJDPVkXF,zwmwkNcj,2748.0
1532,0,FrOiWYSP,DJDPVkXF,2486.0
1532,0,mNGfniSu,FrOiWYSP,2622.0
1532,0,qjwSVoCq,mNGfniSu,2962.0
1532,0,WvPJYXMk,qjwSVoCq,2973.0
227,0,jkmSVBKz,QkCkRebE,779.0
227,0,XwcxmOai,jkmSVBKz,779.0
1505,0,fmQEzQWV,IubGYoNi,20435.0
1505,0,HcPkwFHM,plWWPiMc,17586.0
1505,0,KjuJaNsu,HcPkwFHM,17231.0
1505,0,oNyGHMvy,KjuJaNsu,17713.0
1505,0,QdnKSSsO,oNyGHMvy,17955.0
1505,0,vSdfqYeK,QdnKSSsO,18547.0
1221,0,bkPedFyi,dlIiZmBi,5897.0
1221,0,neCsPoxX,bkPedFyi,5984.0
1221,0,RMvkOcpU,neCsPoxX,5984.0
1303,0,dZoxKDmD,FoxIDeQY,7.0
1245,0,HzfEGNJu,NrpQUbAl,1883.0
1245,0,FVWAEAei,HzfEGNJu,1883.0
483,0,zGyJMIkT,uiYVYPQX,717.0
483,0,YbVmHVTt,zGyJMIkT,693.0
483,0,ZlnerNQG,YbVmHVTt,693.0
1198,0,QHFmFyLR,EkWBPXmr,542.0
1198,0,neNWquOh,QHFmFyLR,542.0
1198,0,KwaxxmSs,neNWquOh,542.0
1198,0,PSjGjQXK,KwaxxmSs,542.0
1198,0,FDPmqphv,PSjGjQXK,1129.0
1198,0,aVjdmBcp,FDPmqphv,1130.0
1198,0,nusTHAtB,aVjdmBcp,1130.0
1198,0,isVKhOXG,nusTHAtB,1131.0
1198,0,OWkTamRc,isVKhOXG,1131.0
1198,0,pHNyFRmN,OWkTamRc,1325.0
1198,0,SMriOOgF,pHNyFRmN,1781.0
1198,0,rWiIOjNx,SMriOOgF,1781.0
1198,0,bvSKVAYv,rWiIOjNx,1782.0
1198,0,JZGNdgml,bvSKVAYv,1863.0
1198,0,uHbImzAf,JZGNdgml,1863.0
1198,0,IzsieVnc,uHbImzAf,1843.0
1198,0,xNgkqoUR,IzsieVnc,1838.0
1198,0,lDiqRMWn,xNgkqoUR,1846.0
1198,0,gOJphFVT,lDiqRMWn,1846.0
990,0,awOEKaEj,qdrjbHYS,4620.0
990,0,kZdBhxvo,awOEKaEj,5341.0
990,0,ZBkAAevT,kZdBhxvo,6351.0
990,0,cMinRgYB,ZBkAAevT,6351.0
990,0,LRmPOeoe,cMinRgYB,6400.0
990,0,tBNXSyMW,LRmPOeoe,6421.0
990,0,ArHpJhVJ,tBNXSyMW,6848.0
273,0,FcOkCcps,jeadfqyj,3180.0
1472,0,RfEbENxd,jQaLNViL,2412.0
1472,0,UFoaQvGg,RfEbENxd,3250.0
1472,0,DYvQviUy,UFoaQvGg,3250.0
1472,0,yHDouIXe,DYvQviUy,3518.0
1472,0,aFlzccOO,yHDouIXe,3650.0
1472,0,gpaAUChy,aFlzccOO,3650.0
1472,0,XAxmwtqw,gpaAUChy,4158.0
1472,0,YmDpkIHQ,XAxmwtqw,4158.0
1472,0,TUpCuZAw,YmDpkIHQ,4087.0
1472,0,HYfXIyFk,TUpCuZAw,4053.0
1472,0,yayPNqiY,HYfXIyFk,4053.0
1472,0,BsVmblhs,yayPNqiY,4053.0
1472,0,AFWGXQGm,BsVmblhs,4053.0
1472,0,ZMeqpjWv,AFWGXQGm,4053.0
1472,0,tSUFrefk,ZMeqpjWv,4026.0
1472,0,FqxCUuHX,tSUFrefk,4026.0
1472,0,LOkvvGyU,FqxCUuHX,3540.0
1472,0,DYErCrqd,LOkvvGyU,3540.0
1472,0,LbKosGpD,DYErCrqd,3540.0
1472,0,rDSiGFpR,LbKosGpD,2474.0
1472,0,hxSTJhOz,rDSiGFpR,2062.0
1472,0,TShNRujB,hxSTJhOz,2062.0
1472,0,gzZgDndk,TShNRujB,63.0
750,0,PYFpJmOq,BjpwENcr,736.0
750,0,sWjnuVdS,PYFpJmOq,727.0
750,0,UsVsFgoS,sWjnuVdS,727.0
750,0,IxqYybMf,UsVsFgoS,823.0
750,0,ZZxaTLmM,IxqYybMf,823.0
750,0,lgdUBlCD,ZZxaTLmM,811.0
750,0,jlZHvhwS,lgdUBlCD,811.0
1076,0,TbetMXoD,zWZbZUaa,1959.0
1076,0,vHItlPPU,TbetMXoD,1939.0
1076,0,LggEHwJM,vHItlPPU,1928.0
1076,0,cXzNtQka,LggEHwJM,1928.0
1076,0,Hjpeultj,cXzNtQka,1928.0
750,0,oQxUwlRM,GrxyFhrL,646.0
750,0,pbsOcZdr,oQxUwlRM,646.0
750,0,eIGUaObZ,pbsOcZdr,687.0
750,0,EvlCTWAM,eIGUaObZ,687.0
750,0,BjpwENcr,EvlCTWAM,687.0
750,0,euIYYdlw,eViNbjWB,140.0
750,0,xRMPpTGi,euIYYdlw,140.0
750,0,MLYhGOjG,xRMPpTGi,140.0
750,0,lWnrzrzW,MLYhGOjG,140.0
750,0,zrFdTehz,lWnrzrzW,140.0
750,0,xHyAtnfx,zrFdTehz,140.0
750,0,qUWcqGRU,xHyAtnfx,140.0
750,0,kOVxiGFe,qUWcqGRU,182.0
750,0,WeqAZPal,kOVxiGFe,182.0
750,0,mfgtosUp,WeqAZPal,182.0
750,0,rDRMBgEM,mfgtosUp,182.0
750,0,GrxyFhrL,rDRMBgEM,185.0
1023,0,yyEOaSxi,gjOgguRV,3076.0
1023,0,obftSQtS,yyEOaSxi,3053.0
1023,0,yKgFraCR,obftSQtS,3049.0
1023,0,LIDMLZkw,yKgFraCR,3048.0
1023,0,JEpPbBSc,LIDMLZkw,3048.0
1023,0,YkNJvTAu,JEpPbBSc,2976.0
1023,0,TIlepZYr,YkNJvTAu,2616.0
1023,0,UvdLYolu,TIlepZYr,2242.0
1023,0,ZFKsyBay,UvdLYolu,2242.0
1023,0,suvDbtPR,ZFKsyBay,2211.0
1023,0,clVXMHJf,suvDbtPR,892.0
1023,0,UXEWVZzP,clVXMHJf,892.0
1023,0,MlYFoaez,UXEWVZzP,885.0
1023,0,XeinAhyy,MlYFoaez,860.0
1023,0,pGpZhRvq,XeinAhyy,860.0
1023,0,alaJPSTW,pGpZhRvq,860.0
1023,0,ngNzeSzC,alaJPSTW,860.0
1023,0,PHuvYJrP,ngNzeSzC,860.0
1023,0,FoxIDeQY,PHuvYJrP,860.0
1023,0,dZoxKDmD,FoxIDeQY,860.0
1023,0,ZOuLYtJj,dZoxKDmD,860.0
1023,0,SGnJOquj,ZOuLYtJj,860.0
1023,0,ogOCBKAf,SGnJOquj,838.0
626,0,TsaeiIGv,EkWBPXmr,1662.0
626,0,OsBkWRQx,TsaeiIGv,1923.0
626,0,udlIzhJE,OsBkWRQx,2077.0
626,0,cCEhgrAc,udlIzhJE,2139.0
626,0,cfShLPmI,cCEhgrAc,2139.0
16,0,cCEhgrAc,srZucbpJ,5737.0
16,0,cfShLPmI,cCEhgrAc,5737.0
584,0,awOEKaEj,qdrjbHYS,1488.0
584,0,gRuqifBH,awOEKaEj,1479.0
678,0,JZGNdgml,bvSKVAYv,1866.0
678,0,uHbImzAf,JZGNdgml,1866.0
1104,0,ObeVuyMA,roHCvggS,43.0
1104,0,WqRwmxfX,ObeVuyMA,43.0
1104,0,fbgWGcSP,WqRwmxfX,43.0
1104,0,VctBMYxC,fbgWGcSP,43.0
1104,0,yXfOYhmg,VctBMYxC,43.0
1104,0,xYfYRJnz,yXfOYhmg,43.0
1104,0,bvZtLhoP,xYfYRJnz,43.0
1104,0,NoGATiBT,bvZtLhoP,43.0
1104,0,JvDZYJph,NoGATiBT,43.0
1104,0,gdbAGAQU,JvDZYJph,33.0
1104,0,ANpclgWP,gdbAGAQU,33.0
1104,0,LWqTSxPr,ANpclgWP,33.0
1104,0,tBgOcvQf,LWqTSxPr,33.0
523,0,qdrjbHYS,uiYVYPQX,3959.0
523,0,TPFTQSyz,qdrjbHYS,2792.0
523,0,awOEKaEj,TPFTQSyz,2871.0
523,0,gRuqifBH,awOEKaEj,2879.0
523,0,mYoRZvtc,RFaTWaew,1583.0
523,0,NKCxdwhs,mYoRZvtc,1858.0
523,0,eeSdZFhf,NKCxdwhs,1858.0
523,0,UaWwvNMO,eeSdZFhf,1906.0
523,0,gFAsBeQM,UaWwvNMO,1906.0
678,0,hCxxcqWU,IOcMwGKn,3509.0
678,0,qMoZNsgo,hCxxcqWU,3511.0
678,0,udNzSSji,qMoZNsgo,3511.0
678,0,uKKyuZyC,udNzSSji,3511.0
678,0,GhNbXpjs,uKKyuZyC,3524.0
678,0,IOcMwGKn,ybjkPLXB,2456.0
661,0,TsaeiIGv,EkWBPXmr,454.0
661,0,OsBkWRQx,TsaeiIGv,671.0
661,0,TlwaKrQx,OsBkWRQx,671.0
661,0,udlIzhJE,TlwaKrQx,671.0
661,0,DeduXMzE,udlIzhJE,771.0
661,0,GXHjZCTL,DeduXMzE,771.0
661,0,yolIeCeg,GXHjZCTL,771.0
661,0,zGyJMIkT,yolIeCeg,771.0
661,0,YbVmHVTt,zGyJMIkT,1214.0
661,0,ZlnerNQG,YbVmHVTt,1214.0
661,0,FVWAEAei,ZlnerNQG,1214.0
661,0,gVtshwcF,FVWAEAei,1219.0
1245,0,gVtshwcF,FVWAEAei,1868.0
272,0,YbVmHVTt,zGyJMIkT,4343.0
272,0,ZlnerNQG,YbVmHVTt,4342.0
272,0,FVWAEAei,ZlnerNQG,4342.0
272,0,gVtshwcF,FVWAEAei,4342.0
524,0,aAfSzptC,nqZDBuxM,1293.0
524,0,pZulUpHT,aAfSzptC,1293.0
524,0,tBNXSyMW,pZulUpHT,1941.0
524,0,OyJKKata,tBNXSyMW,2043.0
1244,0,TAifzqok,RkbXqAIs,463.0
1244,0,wWcBzuvM,TAifzqok,463.0
1244,0,GcGOdrPa,wWcBzuvM,463.0
1244,0,yAqyhWkU,GcGOdrPa,463.0
524,0,nqZDBuxM,FZjXRNIl,1291.0
658,0,QeEdlYuU,dKSFzIqs,326.0
658,0,ussSBeXM,QeEdlYuU,326.0
658,0,qVzVrWDp,ussSBeXM,326.0
658,0,IuRRuHdp,qVzVrWDp,337.0
658,0,agmUQnfF,IuRRuHdp,337.0
658,0,CbblRkaH,agmUQnfF,479.0
658,0,BldTZUAI,CbblRkaH,479.0
483,0,FVWAEAei,ZlnerNQG,692.0
483,0,gVtshwcF,FVWAEAei,692.0
1305,0,QHFmFyLR,EkWBPXmr,409.0
1305,0,neNWquOh,QHFmFyLR,409.0
1305,0,KwaxxmSs,neNWquOh,414.0
1305,0,PSjGjQXK,KwaxxmSs,419.0
1305,0,GnsXgGJX,PSjGjQXK,898.0
1305,0,VjdckTjW,GnsXgGJX,904.0
1305,0,aUPouXsN,VjdckTjW,1086.0
1305,0,SlfNpref,aUPouXsN,1403.0
1305,0,nrKKniYe,SlfNpref,1403.0
1305,0,AjJCgCBk,nrKKniYe,1521.0
1305,0,izYvwhlO,AjJCgCBk,1673.0
1305,0,DvUXLssj,izYvwhlO,1995.0
1305,0,womqVgRl,DvUXLssj,1995.0
1305,0,HkSXkIZj,womqVgRl,1989.0
1305,0,NlwRCqPo,HkSXkIZj,2037.0
1305,0,ubzklVlS,NlwRCqPo,2038.0
1305,0,yLFlKjKg,ubzklVlS,1953.0
1305,0,isWzWnoW,yLFlKjKg,1736.0
1305,0,YJykDsrc,isWzWnoW,1736.0
1305,0,YpVxAvQG,YJykDsrc,1508.0
1305,0,LhgNVAOU,YpVxAvQG,1508.0
1305,0,SOVcCDqR,LhgNVAOU,1309.0
912,0,WdOwNGhj,xfbmoJHP,276.0
47,0,kKKRBhFF,WdOwNGhj,4027.0
47,0,NFInfBeu,kKKRBhFF,4113.0
47,0,VCQdmIoF,NFInfBeu,4113.0
47,0,ePrpofUw,VCQdmIoF,4113.0
47,0,KcvPUxQg,ePrpofUw,4544.0
47,0,rbVbMNcM,KcvPUxQg,4756.0
47,0,JCIOAWOU,rbVbMNcM,5110.0
47,0,fZcVdMzo,JCIOAWOU,5122.0
47,0,QYwjKQRO,fZcVdMzo,5122.0
47,0,cNuXvIqU,QYwjKQRO,5122.0
47,0,eXTEGQHB,cNuXvIqU,5122.0
47,0,zTUODYgn,eXTEGQHB,5429.0
47,0,eTPMYwkC,zTUODYgn,5429.0
47,0,IMTItMKU,eTPMYwkC,5542.0
47,0,upMsEWKk,IMTItMKU,6090.0
47,0,KCqeuCwW,upMsEWKk,6090.0
47,0,xyBTaHvp,KCqeuCwW,6090.0
47,0,izUAPpdi,xyBTaHvp,7486.0
47,0,cNWTidvb,izUAPpdi,7486.0
47,0,yQQuLFAg,cNWTidvb,7581.0
47,0,rUKSlFeh,yQQuLFAg,7075.0
47,0,rckblBTM,rUKSlFeh,7079.0
635,0,lctVuVOk,gFAsBeQM,642.0
635,0,EocVuyzS,lctVuVOk,642.0
635,0,HUVJunNe,EocVuyzS,718.0
635,0,DvaIywQB,HUVJunNe,718.0
635,0,OCwYbEnq,DvaIywQB,718.0
635,0,rsJSqETv,OCwYbEnq,718.0
635,0,nrUfCQxz,rsJSqETv,718.0
635,0,CpnDMnJS,nrUfCQxz,1270.0
635,0,fSmTHZJS,CpnDMnJS,1278.0
635,0,WSTcrrBn,fSmTHZJS,1321.0
635,0,DyPueDjA,WSTcrrBn,1321.0
635,0,VJibZvbS,DyPueDjA,1278.0
635,0,uSZbdBno,VJibZvbS,1278.0
635,0,GtaXwPrK,uSZbdBno,1278.0
635,0,TcEVvOUM,GtaXwPrK,1278.0
635,0,qGnNRXVR,TcEVvOUM,1233.0
635,0,yLFlKjKg,qGnNRXVR,1207.0
635,0,isWzWnoW,yLFlKjKg,518.0
635,0,YJykDsrc,isWzWnoW,518.0
635,0,YpVxAvQG,YJykDsrc,453.0
635,0,LhgNVAOU,YpVxAvQG,453.0
635,0,SOVcCDqR,LhgNVAOU,407.0
226,0,nrUfCQxz,KMDYeUKg,288.0
226,0,CpnDMnJS,nrUfCQxz,378.0
226,0,fSmTHZJS,CpnDMnJS,378.0
226,0,QsPOuThV,fSmTHZJS,531.0
226,0,WSTcrrBn,QsPOuThV,531.0
226,0,JYrrjUtU,WSTcrrBn,534.0
226,0,DyPueDjA,JYrrjUtU,534.0
226,0,udNzSSji,DyPueDjA,534.0
226,0,VJibZvbS,udNzSSji,534.0
226,0,uSZbdBno,VJibZvbS,534.0
226,0,GtaXwPrK,uSZbdBno,534.0
226,0,PIUpvPaY,GtaXwPrK,534.0
226,0,XCZfXGna,PIUpvPaY,468.0
226,0,FYonLsVT,XCZfXGna,468.0
226,0,voXQjjKh,FYonLsVT,468.0
226,0,pKTlpooZ,voXQjjKh,395.0
226,0,OVaoEscJ,pKTlpooZ,361.0
226,0,BMprcpdo,OVaoEscJ,278.0
226,0,YpVxAvQG,BMprcpdo,232.0
226,0,RinxBkUZ,YpVxAvQG,232.0
226,0,LhgNVAOU,RinxBkUZ,231.0
226,0,SOVcCDqR,LhgNVAOU,201.0
208,0,wSspaAkq,bLzlxnwB,2070.0
208,0,NppIhzQC,wSspaAkq,2070.0
208,0,tTrMaEIS,NppIhzQC,2111.0
208,0,WeXgsZLY,tTrMaEIS,2150.0
208,0,VuPuNOXM,WeXgsZLY,2340.0
208,0,QgwCgjAi,VuPuNOXM,2340.0
208,0,vrgENeuF,QgwCgjAi,5409.0
208,0,xKmRiBBX,vrgENeuF,5409.0
208,0,kkrKJmiC,xKmRiBBX,5409.0
208,0,psXocZQH,kkrKJmiC,5378.0
208,0,yprCGtVa,psXocZQH,4963.0
208,0,pPqywgRl,yprCGtVa,4479.0
208,0,SJHseTdc,pPqywgRl,3226.0
208,0,HGjkimBc,SJHseTdc,3226.0
208,0,IubGYoNi,HGjkimBc,3226.0
208,0,fmQEzQWV,IubGYoNi,2769.0
208,0,BpAiVnps,fmQEzQWV,2394.0
1338,0,AszcEtOu,BpAiVnps,2086.0
1338,0,TCqyxHhF,AszcEtOu,2509.0
1338,0,PIUpvPaY,TCqyxHhF,2509.0
1338,0,XCZfXGna,PIUpvPaY,2601.0
1338,0,FYonLsVT,XCZfXGna,3393.0
1338,0,voXQjjKh,FYonLsVT,3393.0
1338,0,pKTlpooZ,voXQjjKh,3724.0
1338,0,OVaoEscJ,pKTlpooZ,3720.0
1338,0,BMprcpdo,OVaoEscJ,7453.0
1338,0,YpVxAvQG,BMprcpdo,10112.0
1338,0,RinxBkUZ,YpVxAvQG,10117.0
1338,0,LhgNVAOU,RinxBkUZ,10088.0
1338,0,SOVcCDqR,LhgNVAOU,9461.0
356,0,OrbXRiVv,anWZyaGW,2141.0
356,0,nEXpIbiD,OrbXRiVv,1507.0
1141,0,zfdolaES,nEXpIbiD,1072.0
1141,0,jiufRClk,zfdolaES,1072.0
1141,0,GVnbohJg,jiufRClk,1072.0
1141,0,TIKKmaif,GVnbohJg,1072.0
1141,0,nTVsVrjG,TIKKmaif,1235.0
1141,0,GTeEFWtM,nTVsVrjG,1235.0
1141,0,ZtIplJlB,GTeEFWtM,1235.0
1141,0,nmfQPmsh,ZtIplJlB,1235.0
1141,0,QdnKSSsO,nmfQPmsh,1165.0
1505,0,wDpyEsxh,vSdfqYeK,18207.0
1505,0,jIerKxIb,wDpyEsxh,18324.0
1505,0,IubGYoNi,jIerKxIb,19969.0
1505,0,BpAiVnps,fmQEzQWV,18714.0
1505,0,AszcEtOu,BpAiVnps,12316.0
1505,0,TCqyxHhF,AszcEtOu,12727.0
1505,0,PIUpvPaY,TCqyxHhF,12771.0
1505,0,XCZfXGna,PIUpvPaY,8649.0
1505,0,FYonLsVT,XCZfXGna,8799.0
1505,0,voXQjjKh,FYonLsVT,8899.0
1505,0,OVaoEscJ,voXQjjKh,7569.0
1141,0,fubLBmAl,DOGyniWl,883.0
1141,0,nEXpIbiD,fubLBmAl,1024.0
1366,0,YmkUpvHU,qKeCDDXI,2029.0
1366,0,WOOyqinT,YmkUpvHU,2029.0
1366,0,mnkgCFDT,WOOyqinT,2029.0
1366,0,svgtEcQx,mnkgCFDT,2029.0
1366,0,HcPkwFHM,svgtEcQx,1901.0
1366,0,KjuJaNsu,HcPkwFHM,1901.0
1366,0,oNyGHMvy,KjuJaNsu,1867.0
1366,0,vSdfqYeK,oNyGHMvy,1753.0
1366,0,wDpyEsxh,vSdfqYeK,1753.0
1366,0,jIerKxIb,wDpyEsxh,1743.0
1366,0,IubGYoNi,jIerKxIb,1643.0
1366,0,fmQEzQWV,IubGYoNi,1571.0
1366,0,BpAiVnps,fmQEzQWV,1420.0
1366,0,UFoaQvGg,RfEbENxd,1512.0
1366,0,uxsctOEt,UFoaQvGg,1512.0
1366,0,lsFGVtlq,uxsctOEt,1513.0
1366,0,UfJDroVz,lsFGVtlq,1514.0
1366,0,biJBLznK,UfJDroVz,1514.0
1366,0,HrrdJKJb,biJBLznK,1514.0
1366,0,qKeCDDXI,HrrdJKJb,1525.0
367,0,qjwSVoCq,WynPMslR,8587.0
367,0,oFLgHrco,qjwSVoCq,9052.0
367,0,yrWAEsGy,oFLgHrco,9100.0
367,0,qGIkRenz,yrWAEsGy,8859.0
367,0,ytUqATXS,qGIkRenz,8835.0
367,0,TcsyXYNn,ytUqATXS,8797.0
367,0,qKeCDDXI,TcsyXYNn,8247.0
367,0,YmkUpvHU,qKeCDDXI,6232.0
1505,0,WOOyqinT,YmkUpvHU,9034.0
1505,0,mnkgCFDT,WOOyqinT,8066.0
1505,0,plWWPiMc,mnkgCFDT,16913.0
367,0,vHkAlmCm,GnOurcjN,7928.0
367,0,WynPMslR,vHkAlmCm,7941.0
1419,0,xgzyCPTg,HAmwZMhM,3717.0
1419,0,XWLETkPz,xgzyCPTg,3856.0
1419,0,HLAPntjh,XWLETkPz,3856.0
798,0,veAXvdUO,CCoJPQpR,3411.0
798,0,UgdUAhSn,veAXvdUO,3411.0
798,0,HcKLTTXk,UgdUAhSn,3411.0
798,0,IvXmMOhB,HcKLTTXk,3411.0
798,0,KIvXTDlT,IvXmMOhB,3411.0
798,0,TgzZcdmy,KIvXTDlT,3411.0
798,0,SEjojzMr,TgzZcdmy,3411.0
798,0,oBYetVBr,SEjojzMr,3152.0
798,0,GiONHkbf,oBYetVBr,2998.0
798,0,QDIpIlEK,GiONHkbf,2998.0
287,0,tkDBwPiV,uGNDunGF,4564.0
287,0,mqlWPdpA,tkDBwPiV,4591.0
287,0,lOdrwgOe,mqlWPdpA,4591.0
287,0,BRjWpQtg,lOdrwgOe,4557.0
1418,0,EzNIKkYA,BTtHvEzM,6741.0
367,0,zjGRmLyo,JGydtICe,7008.0
367,0,yfIoPTHo,zjGRmLyo,6891.0
367,0,GnOurcjN,yfIoPTHo,6890.0
528,0,mexFgKBp,NrNaZyPp,1164.0
528,0,KIvXTDlT,mexFgKBp,5711.0
528,0,TgzZcdmy,KIvXTDlT,5749.0
528,0,SEjojzMr,TgzZcdmy,6013.0
528,0,oBYetVBr,SEjojzMr,7545.0
528,0,QDIpIlEK,oBYetVBr,7792.0
798,0,bmqZcfhO,LDSuadxM,986.0
798,0,mdiSFJRM,bmqZcfhO,1248.0
798,0,ljNlRbnZ,mdiSFJRM,1613.0
798,0,VbMcfGsr,ljNlRbnZ,1780.0
798,0,MttNRhjN,VbMcfGsr,1780.0
798,0,HeidvHXY,MttNRhjN,1780.0
798,0,CCoJPQpR,HeidvHXY,1780.0
250,0,eusqYKWT,HezLsNFQ,3606.0
250,0,dCWftKsk,eusqYKWT,3392.0
46,0,ABufINme,ZijVddwt,6556.0
46,0,xQqwXgNZ,ABufINme,6522.0
46,0,BMprcpdo,xQqwXgNZ,6733.0
46,0,YpVxAvQG,BMprcpdo,6077.0
46,0,RinxBkUZ,YpVxAvQG,6077.0
46,0,LhgNVAOU,RinxBkUZ,6127.0
46,0,SOVcCDqR,LhgNVAOU,7593.0
565,0,PQDqFTyk,qQFDKzdu,843.0
761,0,qehlKNkR,glrALKnP,4474.0
761,0,sZNeRfOC,qehlKNkR,4570.0
761,0,HajxumVd,sZNeRfOC,4570.0
761,0,LhQSpAzy,HajxumVd,4454.0
761,0,pwpCkicC,LhQSpAzy,4454.0
761,0,pPKqPUVW,pwpCkicC,4964.0
761,0,slfxTuih,pPKqPUVW,4964.0
761,0,ejMjPdTH,slfxTuih,4915.0
46,0,ZijVddwt,ojqTFFWy,6369.0
1296,0,VkcYQwTj,BZCtSmhk,7695.0
1296,0,gmsNDepi,VkcYQwTj,7808.0
1296,0,jFRqfnFl,gmsNDepi,8028.0
1296,0,ysSWNERo,jFRqfnFl,8378.0
1296,0,lQIpGOTn,ysSWNERo,8512.0
1296,0,uhUmvvRs,lQIpGOTn,8522.0
1296,0,svgtEcQx,uhUmvvRs,8551.0
1296,0,HcPkwFHM,svgtEcQx,8379.0
1296,0,oNyGHMvy,HcPkwFHM,8379.0
1296,0,QdnKSSsO,oNyGHMvy,8329.0
1296,0,vSdfqYeK,QdnKSSsO,8013.0
1296,0,jIerKxIb,vSdfqYeK,7765.0
1296,0,IubGYoNi,jIerKxIb,7536.0
1296,0,fmQEzQWV,IubGYoNi,7055.0
1296,0,BpAiVnps,fmQEzQWV,5730.0
143,0,OaJoPLeC,osIslFBH,907.0
143,0,GMrJWgHs,OaJoPLeC,920.0
780,0,wuAzVrCW,fdwLSfsa,4540.0
780,0,mRKfPREJ,wuAzVrCW,4540.0
780,0,HeRuYpNs,mRKfPREJ,4540.0
780,0,qRJySzaf,HeRuYpNs,4175.0
780,0,LTfflVxG,qRJySzaf,4175.0
780,0,AhWKwjTz,LTfflVxG,5118.0
780,0,KgwKZlse,FZsFzszJ,3129.0
780,0,ALhaazBT,KgwKZlse,3104.0
780,0,YqlTLIQa,ALhaazBT,2868.0
780,0,AUmOMGnp,YqlTLIQa,2794.0
780,0,XFPAZveS,AUmOMGnp,2755.0
780,0,ejMjPdTH,XFPAZveS,1331.0
75,0,rilZLDfI,TzZKgVDl,1035.0
75,0,kTKiYpVR,rilZLDfI,1045.0
75,0,bjpXdchK,kTKiYpVR,232.0
75,0,dEgXqWEW,bjpXdchK,232.0
75,0,ZWGREbnj,dEgXqWEW,232.0
75,0,cgIzawVB,ZWGREbnj,232.0
75,0,CbYTLXWK,cgIzawVB,229.0
75,0,kWrGTFqC,CbYTLXWK,229.0
75,0,ubEwIGdf,kWrGTFqC,218.0
75,0,aBKtLgYB,ubEwIGdf,218.0
75,0,qduHdsCL,aBKtLgYB,218.0
75,0,GYMzAvFw,qduHdsCL,218.0
75,0,VXAxIwYs,GYMzAvFw,218.0
75,0,ZHWKFCEn,VXAxIwYs,218.0
75,0,ljcnUKfU,ZHWKFCEn,210.0
75,0,ngHHCDQb,ljcnUKfU,210.0
75,0,gKNaWgzA,ngHHCDQb,208.0
75,0,mTKelVZs,gKNaWgzA,208.0
75,0,xjlhzjUh,mTKelVZs,207.0
75,0,fGCuvnjJ,xjlhzjUh,206.0
75,0,CsZszdUY,fGCuvnjJ,206.0
75,0,GFWgXvCF,CsZszdUY,206.0
75,0,TFRpjaAo,GFWgXvCF,206.0
75,0,JhdinCeD,TFRpjaAo,206.0
75,0,ZIieNEvD,JhdinCeD,206.0
75,0,jvLymITs,ZIieNEvD,206.0
75,0,jJVVpGMf,jvLymITs,202.0
75,0,tcYerYbk,jJVVpGMf,202.0
75,0,pPKqPUVW,tcYerYbk,202.0
75,0,iYTiOTOT,pPKqPUVW,202.0
75,0,dLtneiKf,iYTiOTOT,202.0
75,0,slfxTuih,dLtneiKf,202.0
75,0,XFPAZveS,slfxTuih,186.0
75,0,ojqTFFWy,XFPAZveS,91.0
1374,0,pYVbvizw,GvhVJqUj,1324.0
1374,0,bdIbpKdP,pYVbvizw,1324.0
1374,0,VJibZvbS,bdIbpKdP,1324.0
1374,0,uSZbdBno,VJibZvbS,1327.0
1374,0,GtaXwPrK,uSZbdBno,1310.0
1374,0,SfxDAXEq,GtaXwPrK,1310.0
1374,0,PIUpvPaY,SfxDAXEq,1305.0
1374,0,XCZfXGna,PIUpvPaY,1415.0
1317,0,vrgENeuF,eTJQHplR,834.0
1317,0,PlyJazqR,vrgENeuF,1343.0
1317,0,psXocZQH,PlyJazqR,1675.0
1317,0,yprCGtVa,psXocZQH,1675.0
1317,0,pPqywgRl,yprCGtVa,2216.0
1317,0,SJHseTdc,pPqywgRl,2145.0
1317,0,HGjkimBc,SJHseTdc,2143.0
1317,0,IubGYoNi,HGjkimBc,2469.0
1317,0,fmQEzQWV,IubGYoNi,2683.0
1317,0,BpAiVnps,fmQEzQWV,2883.0
1317,0,AszcEtOu,BpAiVnps,2754.0
463,0,uaQvVFAB,taPJzyhF,6325.0
463,0,MnTeelLR,uaQvVFAB,6769.0
1666,0,CdwVKoMQ,swKAFNcH,3230.0
1666,0,VXVgVTNc,CdwVKoMQ,3230.0
1666,0,losuIFuX,VXVgVTNc,2054.0
1258,0,RYTcAdhr,yLFlKjKg,3039.0
1258,0,isWzWnoW,RYTcAdhr,3101.0
1258,0,fcSUqaEW,isWzWnoW,3100.0
1258,0,YJykDsrc,fcSUqaEW,3100.0
1258,0,YpVxAvQG,YJykDsrc,1714.0
1258,0,RinxBkUZ,YpVxAvQG,1714.0
1258,0,LhgNVAOU,RinxBkUZ,1713.0
1258,0,bPdCVhrp,LhgNVAOU,1222.0
1258,0,SOVcCDqR,bPdCVhrp,1222.0
1189,0,LoyIFaGV,hPbxQISN,1320.0
1189,0,iqbCzlPk,LoyIFaGV,1446.0
1189,0,bONecZHY,iqbCzlPk,1604.0
1189,0,JrYMJUzx,bONecZHY,1604.0
47,0,WdOwNGhj,xfbmoJHP,3316.0
648,0,KwaxxmSs,EkWBPXmr,1018.0
648,0,PSjGjQXK,KwaxxmSs,1018.0
648,0,FDPmqphv,PSjGjQXK,1776.0
648,0,ccqsUPnI,FDPmqphv,1697.0
648,0,oSOvYxXQ,ccqsUPnI,2166.0
648,0,PSZbZwJF,oSOvYxXQ,2017.0
648,0,GWqnIxTG,PSZbZwJF,2017.0
648,0,NjlFoRGi,GWqnIxTG,2078.0
648,0,bvSKVAYv,NjlFoRGi,2078.0
648,0,JZGNdgml,bvSKVAYv,1004.0
648,0,uHbImzAf,JZGNdgml,1004.0
648,0,IzsieVnc,uHbImzAf,1004.0
679,0,HRURJMPd,twMezfOU,1145.0
679,0,jKjAXpVP,HRURJMPd,1145.0
912,0,kKKRBhFF,WdOwNGhj,218.0
912,0,NFInfBeu,kKKRBhFF,218.0
912,0,VCQdmIoF,NFInfBeu,197.0
912,0,ePrpofUw,VCQdmIoF,197.0
912,0,KcvPUxQg,ePrpofUw,197.0
912,0,BlnSxBAr,KcvPUxQg,197.0
912,0,TCBUGaZf,BlnSxBAr,197.0
615,0,DRkcXziO,IIzQthVA,684.0
615,0,fTOPrrgc,DRkcXziO,684.0
615,0,XPasGtVj,fTOPrrgc,684.0
615,0,VMviwLNE,XPasGtVj,684.0
615,0,BxuxHloR,VMviwLNE,684.0
615,0,gFAsBeQM,BxuxHloR,684.0
615,0,rDSiGFpR,gFAsBeQM,684.0
615,0,hxSTJhOz,rDSiGFpR,1090.0
615,0,TShNRujB,hxSTJhOz,1091.0
615,0,gzZgDndk,TShNRujB,1876.0
615,0,PSjGjQXK,gzZgDndk,1876.0
615,0,FDPmqphv,PSjGjQXK,1859.0
615,0,ccqsUPnI,FDPmqphv,1716.0
1262,0,eaNsVWDR,CKorGRkE,4865.0
1262,0,hpACGGyB,eaNsVWDR,4921.0
1262,0,VgUdLlOW,hpACGGyB,5702.0
1262,0,ywuGpANM,VgUdLlOW,5707.0
1262,0,BZCtSmhk,ywuGpANM,8891.0
1262,0,aojHvPEg,BZCtSmhk,9248.0
1262,0,qeXIqBgp,aojHvPEg,9248.0
1262,0,gmsNDepi,qeXIqBgp,11081.0
678,0,IzsieVnc,uHbImzAf,1307.0
1744,0,uVsOstge,niqrIlpR,3811.0
1744,0,HTKZNJTs,uVsOstge,4093.0
1744,0,qvujbmjR,HTKZNJTs,4870.0
1744,0,REvIjxsO,qvujbmjR,4865.0
1744,0,CylWjYTC,REvIjxsO,5263.0
1744,0,yMiwNCtj,CylWjYTC,5102.0
1744,0,iBiVOFur,nrUfCQxz,4569.0
1744,0,niqrIlpR,iBiVOFur,4234.0
647,0,yYSDLmlm,ydoNqUsu,279.0
647,0,FDCDnriY,yYSDLmlm,392.0
647,0,hLEWSLqw,FDCDnriY,392.0
214,0,OyNIynZV,NcLanIdZ,589.0
647,0,ydoNqUsu,OyNIynZV,145.0
272,0,LmhVzFNJ,gVtshwcF,3832.0
573,0,jBnsfrlR,zGyJMIkT,1177.0
573,0,sjphZSiX,jBnsfrlR,1177.0
573,0,NgDeDdfx,sjphZSiX,1177.0
578,0,GXHjZCTL,udlIzhJE,4.0
578,0,yolIeCeg,GXHjZCTL,4.0
264,0,twMezfOU,lkujKSJT,1669.0
264,0,EMzKPzug,twMezfOU,1669.0
264,0,KHbKaRBy,EMzKPzug,1759.0
264,0,uUBnPWGG,KHbKaRBy,1759.0
264,0,IvQQZbJW,ztLkgYlA,1274.0
264,0,yaKWBgLg,IvQQZbJW,1511.0
264,0,lkujKSJT,yaKWBgLg,1511.0
273,0,EtvjcvTp,CKNrjFUU,4.0
264,0,KcvPUxQg,ePrpofUw,560.0
264,0,BlnSxBAr,KcvPUxQg,560.0
264,0,TCBUGaZf,BlnSxBAr,881.0
264,0,pzcCDVmZ,TCBUGaZf,1120.0
264,0,AUBTKFbY,pzcCDVmZ,1120.0
264,0,fjevhefZ,AUBTKFbY,1160.0
264,0,vyQyYYqJ,fjevhefZ,1160.0
264,0,ztLkgYlA,vyQyYYqJ,1160.0
264,0,NFInfBeu,kKKRBhFF,488.0
264,0,VCQdmIoF,NFInfBeu,488.0
264,0,ePrpofUw,VCQdmIoF,488.0
264,0,WdOwNGhj,xfbmoJHP,464.0
264,0,kKKRBhFF,WdOwNGhj,464.0
706,0,ozAxYCwR,uiYVYPQX,93.0
711,0,ozAxYCwR,uiYVYPQX,644.0
1567,0,jcExlqwL,RCkelXPh,7342.0
678,0,HRURJMPd,IzsieVnc,1296.0
678,0,WGGanwZU,HRURJMPd,1296.0
490,0,HTKZNJTs,FFLftRlg,3123.0
490,0,xkdRvtRu,HTKZNJTs,2987.0
490,0,SjZGieDS,xkdRvtRu,2907.0
490,0,pHNyFRmN,SjZGieDS,2836.0
490,0,vISVJoyz,pHNyFRmN,1822.0
490,0,RHWjHSWx,vISVJoyz,1778.0
1747,0,HeRWBWAv,gbxdgQQp,4338.0
1747,0,xjaGpszF,HeRWBWAv,4338.0
1747,0,CTdLzzOf,xjaGpszF,3352.0
1747,0,IgEBJNwX,CTdLzzOf,3352.0
1747,0,Yhslgmod,IgEBJNwX,2665.0
1747,0,cTQVugNT,Yhslgmod,2504.0
1747,0,cNypyxpr,cTQVugNT,1090.0
1531,0,WRVBvtIE,aWeSqqrV,2893.0
1531,0,YspLWkZX,WRVBvtIE,3770.0
1531,0,pRBbbEoD,YspLWkZX,3666.0
1531,0,cfVAtKgo,pRBbbEoD,3499.0
1531,0,QMiQTlda,cfVAtKgo,4150.0
1531,0,MaKoROaE,QMiQTlda,4150.0
143,0,HxnLIWQq,tcbhlVZo,1876.0
143,0,wqGWmwVd,HxnLIWQq,1876.0
143,0,ACkvbmee,wqGWmwVd,1876.0
143,0,FtWuEuzF,ACkvbmee,1876.0
143,0,RtTLxXUv,FtWuEuzF,1870.0
143,0,JGydtICe,RtTLxXUv,2863.0
143,0,zjGRmLyo,JGydtICe,2877.0
143,0,EXTmTMKf,zjGRmLyo,2884.0
143,0,yfIoPTHo,EXTmTMKf,1997.0
143,0,GnOurcjN,yfIoPTHo,2211.0
143,0,vHkAlmCm,GnOurcjN,2419.0
143,0,YspLWkZX,vHkAlmCm,2419.0
143,0,pRBbbEoD,YspLWkZX,2073.0
143,0,cfVAtKgo,pRBbbEoD,2058.0
143,0,QMiQTlda,cfVAtKgo,2068.0
143,0,MaKoROaE,QMiQTlda,2068.0
994,0,zjGRmLyo,JGydtICe,2678.0
994,0,EXTmTMKf,zjGRmLyo,2668.0
994,0,yfIoPTHo,EXTmTMKf,1772.0
994,0,GnOurcjN,yfIoPTHo,1772.0
994,0,vHkAlmCm,GnOurcjN,1459.0
994,0,YspLWkZX,vHkAlmCm,1459.0
994,0,pRBbbEoD,YspLWkZX,1136.0
994,0,cfVAtKgo,pRBbbEoD,1136.0
994,0,QMiQTlda,cfVAtKgo,1136.0
994,0,MaKoROaE,QMiQTlda,1136.0
1015,0,ZJxogzZw,wcUGKfLa,100.0
1015,0,Uacajbua,ZJxogzZw,100.0
1015,0,ZLCIvgrp,Uacajbua,100.0
1015,0,ucVTqZIB,ZLCIvgrp,100.0
1015,0,FDrhtNjK,ucVTqZIB,100.0
1015,0,YVGWiGkc,FDrhtNjK,100.0
1015,0,CqPWXNIf,YVGWiGkc,100.0
1015,0,iZfXNAue,CqPWXNIf,100.0
1015,0,OXvlrfnG,iZfXNAue,105.0
1015,0,CgMBzfIg,OXvlrfnG,118.0
1015,0,BCwVkMhO,CgMBzfIg,118.0
1015,0,MpBHVRZl,BCwVkMhO,118.0
1015,0,BWKNZpmt,MpBHVRZl,118.0
1015,0,hMBIVszx,BWKNZpmt,118.0
1015,0,JgVaSAtG,hMBIVszx,118.0
1015,0,QyfZGsFT,JgVaSAtG,118.0
1015,0,selTNsQi,QyfZGsFT,118.0
1015,0,SfBAqteg,selTNsQi,118.0
1015,0,obGcbWvT,SfBAqteg,118.0
1015,0,wssOAckJ,obGcbWvT,118.0
1015,0,zzxlwhdI,wssOAckJ,118.0
1015,0,SEcoeimf,zzxlwhdI,118.0
1015,0,fzmnvqlX,SEcoeimf,118.0
1015,0,RyhuDLev,fzmnvqlX,118.0
1015,0,KnIeolpt,RyhuDLev,118.0
1015,0,GMrJWgHs,KnIeolpt,118.0
1015,0,tTjpyeuP,GMrJWgHs,118.0
1015,0,iYbcLrkT,tTjpyeuP,118.0
1015,0,elxmPCDf,iYbcLrkT,118.0
1015,0,tcbhlVZo,elxmPCDf,118.0
1015,0,ZqBGCTqq,tcbhlVZo,118.0
1015,0,HxnLIWQq,ZqBGCTqq,116.0
1015,0,wqGWmwVd,HxnLIWQq,116.0
1015,0,ACkvbmee,wqGWmwVd,116.0
1015,0,FtWuEuzF,ACkvbmee,116.0
1015,0,RtTLxXUv,FtWuEuzF,116.0
1015,0,JGydtICe,RtTLxXUv,116.0
1015,0,xbhuXgnr,JGydtICe,116.0
1015,0,zjGRmLyo,xbhuXgnr,116.0
1015,0,EXTmTMKf,zjGRmLyo,116.0
1015,0,yfIoPTHo,EXTmTMKf,116.0
1015,0,GnOurcjN,yfIoPTHo,116.0
1015,0,vHkAlmCm,GnOurcjN,116.0
1015,0,YspLWkZX,vHkAlmCm,116.0
1015,0,pRBbbEoD,YspLWkZX,116.0
1015,0,cfVAtKgo,pRBbbEoD,116.0
1015,0,AUlesEuc,cfVAtKgo,116.0
1015,0,MaKoROaE,AUlesEuc,116.0
973,0,cCEhgrAc,srZucbpJ,2768.0
973,0,cfShLPmI,cCEhgrAc,2768.0
973,0,tWKcfmbS,cfShLPmI,2769.0
973,0,rmNVGWDV,tWKcfmbS,2769.0
16,0,tWKcfmbS,cfShLPmI,5548.0
973,0,OQRQrPoA,rmNVGWDV,2762.0
970,0,inRETCYL,LTDgdyOW,61.0
970,0,XEuSRnsw,inRETCYL,61.0
970,0,nsjiKPCz,XEuSRnsw,61.0
970,0,cCEhgrAc,nsjiKPCz,75.0
970,0,ETEzvRZj,cCEhgrAc,75.0
970,0,NPGSYTMw,ETEzvRZj,75.0
970,0,tHIoZtFE,NPGSYTMw,75.0
970,0,XMbkTLpt,tHIoZtFE,75.0
970,0,SOFDNGxu,XMbkTLpt,75.0
970,0,OQRQrPoA,SOFDNGxu,75.0
272,0,CmbQeSBI,LmhVzFNJ,3797.0
272,0,RVyaKvKa,CmbQeSBI,3797.0
272,0,OQRQrPoA,RVyaKvKa,3797.0
1245,0,LmhVzFNJ,gVtshwcF,820.0
1245,0,CmbQeSBI,LmhVzFNJ,835.0
1245,0,RVyaKvKa,CmbQeSBI,835.0
1245,0,OQRQrPoA,RVyaKvKa,835.0
264,0,rivVbWxD,FJLNitGY,1742.0
985,0,ERIWLSEl,lotPPedu,911.0
985,0,qsoLaWuJ,ERIWLSEl,911.0
985,0,WSBJbplj,qsoLaWuJ,911.0
985,0,THUDGZDu,WSBJbplj,911.0
985,0,XUEgpuYS,THUDGZDu,966.0
985,0,lXZmsBCe,XUEgpuYS,664.0
985,0,oftwwzSy,lXZmsBCe,664.0
985,0,CKNrjFUU,oftwwzSy,664.0
985,0,EtvjcvTp,CKNrjFUU,664.0
985,0,wuyFtExA,EtvjcvTp,293.0
985,0,MrybjzSo,wuyFtExA,293.0
985,0,leJfirnk,MrybjzSo,170.0
985,0,QRSRIbba,leJfirnk,170.0
985,0,EkCoFwMY,QRSRIbba,170.0
985,0,jqriedgy,EkCoFwMY,170.0
985,0,MTAZIXBL,jqriedgy,170.0
985,0,RkbXqAIs,MTAZIXBL,103.0
985,0,TAifzqok,RkbXqAIs,96.0
985,0,wWcBzuvM,TAifzqok,96.0
985,0,GcGOdrPa,wWcBzuvM,96.0
985,0,yAqyhWkU,GcGOdrPa,96.0
483,0,CmbQeSBI,gVtshwcF,230.0
483,0,RVyaKvKa,CmbQeSBI,230.0
483,0,OQRQrPoA,RVyaKvKa,230.0
584,0,kZdBhxvo,gRuqifBH,974.0
584,0,ZBkAAevT,kZdBhxvo,915.0
584,0,cMinRgYB,ZBkAAevT,915.0
523,0,kZdBhxvo,gRuqifBH,2414.0
523,0,ZBkAAevT,kZdBhxvo,2414.0
523,0,cMinRgYB,ZBkAAevT,2414.0
1472,0,jQaLNViL,gyQqEnFq,1915.0
1435,0,yfIoPTHo,EXTmTMKf,6262.0
1435,0,GnOurcjN,yfIoPTHo,6262.0
1435,0,vHkAlmCm,GnOurcjN,5113.0
1435,0,WynPMslR,vHkAlmCm,5070.0
1435,0,qjwSVoCq,WynPMslR,4139.0
1435,0,WvPJYXMk,qjwSVoCq,3619.0
264,0,OQRQrPoA,rivVbWxD,1323.0
1075,0,SGnJOquj,ZOuLYtJj,774.0
1075,0,ogOCBKAf,SGnJOquj,747.0
584,0,LRmPOeoe,cMinRgYB,881.0
523,0,CPPLrzGV,cMinRgYB,2319.0
678,0,EMzKPzug,WGGanwZU,1032.0
524,0,OeKkfJSz,HTcmpFUD,686.0
524,0,FZjXRNIl,OeKkfJSz,686.0
490,0,FFLftRlg,vBGGqNND,2405.0
452,0,pHNyFRmN,OWkTamRc,4126.0
452,0,SMriOOgF,pHNyFRmN,4575.0
452,0,rWiIOjNx,SMriOOgF,4575.0
452,0,bvSKVAYv,rWiIOjNx,4575.0
1744,0,nrUfCQxz,xfYjeqNM,5037.0
678,0,AszcEtOu,BpAiVnps,1910.0
678,0,ybjkPLXB,AszcEtOu,2115.0
1193,0,neNWquOh,EkWBPXmr,522.0
1193,0,KwaxxmSs,neNWquOh,530.0
1193,0,PSjGjQXK,KwaxxmSs,530.0
1193,0,FDPmqphv,PSjGjQXK,764.0
1193,0,aVjdmBcp,FDPmqphv,767.0
1193,0,isVKhOXG,aVjdmBcp,767.0
1193,0,OWkTamRc,isVKhOXG,767.0
1193,0,pHNyFRmN,OWkTamRc,787.0
1193,0,SMriOOgF,pHNyFRmN,896.0
1193,0,rWiIOjNx,SMriOOgF,896.0
1193,0,bvSKVAYv,rWiIOjNx,896.0
1193,0,JZGNdgml,bvSKVAYv,977.0
1193,0,uHbImzAf,JZGNdgml,977.0
1193,0,IzsieVnc,uHbImzAf,1265.0
1193,0,aYIMvmGX,IzsieVnc,1265.0
1193,0,WGGanwZU,aYIMvmGX,1312.0
1193,0,ArHpJhVJ,WGGanwZU,1312.0
1318,0,MkXEUCdM,rSdxnGDj,4634.0
1318,0,oiYuCTCe,MkXEUCdM,4634.0
1318,0,SwLVnWPq,oiYuCTCe,4433.0
1318,0,xQSKBJml,SwLVnWPq,5618.0
1318,0,eXTjiXiW,xQSKBJml,5618.0
1318,0,UUCrlfWg,eXTjiXiW,5618.0
1318,0,YULSfngF,UUCrlfWg,5618.0
1318,0,xGsoSfhX,YULSfngF,5618.0
1318,0,RVGhYAxc,xGsoSfhX,5638.0
661,0,ymMncFZF,RVyaKvKa,1708.0
661,0,QKdRzNnX,ymMncFZF,1708.0
626,0,tWKcfmbS,cfShLPmI,2131.0
626,0,zXtHnUiq,tWKcfmbS,2131.0
16,0,hEhmxyDr,tWKcfmbS,5546.0
16,0,OxhtFIfA,hEhmxyDr,5546.0
272,0,CEyhPnMH,OQRQrPoA,3718.0
272,0,ogrZorIF,CEyhPnMH,3718.0
264,0,CEyhPnMH,OQRQrPoA,1230.0
264,0,ogrZorIF,CEyhPnMH,1230.0
973,0,CEyhPnMH,OQRQrPoA,2747.0
973,0,ogrZorIF,CEyhPnMH,2747.0
973,0,fumBmOZX,ogrZorIF,2747.0
264,0,fumBmOZX,ogrZorIF,1217.0
1169,0,YbopoHtZ,UUyOnuCZ,243.0
1169,0,LIaalPFl,YbopoHtZ,243.0
1169,0,XBBRJpEo,LIaalPFl,246.0
1169,0,yfDSCLNC,XBBRJpEo,408.0
1169,0,eUWmFhmU,yfDSCLNC,408.0
1169,0,PaIXMFSn,eUWmFhmU,408.0
1169,0,xWjNpCho,PaIXMFSn,515.0
1169,0,drCNaUUd,xWjNpCho,553.0
1169,0,GiLGTLpB,drCNaUUd,553.0
1169,0,uCrZVfKw,GiLGTLpB,553.0
1169,0,ibPVFfKv,uCrZVfKw,553.0
1169,0,MokitPrF,ibPVFfKv,553.0
1169,0,WWVpYMJI,MokitPrF,553.0
1169,0,UmISPPJO,WWVpYMJI,837.0
1169,0,VPUbGzfh,UmISPPJO,836.0
1169,0,MVExtcyL,VPUbGzfh,836.0
1169,0,bciZjPUu,MVExtcyL,836.0
1169,0,ogOCBKAf,bciZjPUu,834.0
187,0,QUMnpJQp,MwLdaJul,1641.0
187,0,FyIjwLBj,QUMnpJQp,1689.0
187,0,vXPGJwVk,FyIjwLBj,1689.0
187,0,GjiyfRqd,vXPGJwVk,1689.0
187,0,qzuHypgA,GjiyfRqd,2012.0
187,0,KCMgfriT,qzuHypgA,2003.0
187,0,hVMLOzME,KCMgfriT,2239.0
187,0,TDvESTZN,hVMLOzME,2239.0
187,0,sNuKvPuW,TDvESTZN,2229.0
187,0,AUBTKFbY,sNuKvPuW,2229.0
187,0,fjevhefZ,AUBTKFbY,1764.0
187,0,vyQyYYqJ,fjevhefZ,1764.0
187,0,ztLkgYlA,vyQyYYqJ,1736.0
187,0,IvQQZbJW,ztLkgYlA,289.0
1255,0,XMWgellz,vqGhvZJF,2831.0
1650,0,MlYFoaez,pWUEfFEM,1282.0
1650,0,XeinAhyy,MlYFoaez,726.0
1650,0,pGpZhRvq,XeinAhyy,726.0
1650,0,alaJPSTW,pGpZhRvq,726.0
1650,0,ngNzeSzC,alaJPSTW,726.0
1650,0,FoxIDeQY,ngNzeSzC,726.0
1650,0,dZoxKDmD,FoxIDeQY,726.0
1650,0,ZOuLYtJj,dZoxKDmD,726.0
1650,0,SGnJOquj,ZOuLYtJj,705.0
1650,0,ogOCBKAf,SGnJOquj,705.0
400,0,XeinAhyy,MlYFoaez,1414.0
400,0,pGpZhRvq,XeinAhyy,1414.0
400,0,alaJPSTW,pGpZhRvq,1414.0
400,0,ngNzeSzC,alaJPSTW,1414.0
400,0,PHuvYJrP,ngNzeSzC,1414.0
400,0,FoxIDeQY,PHuvYJrP,1505.0
400,0,dZoxKDmD,FoxIDeQY,1492.0
400,0,ZOuLYtJj,dZoxKDmD,2163.0
400,0,dWLNxRJP,ZOuLYtJj,2163.0
1180,0,vacPrbQA,eiOwifcC,4831.0
661,0,CmbQeSBI,gVtshwcF,1338.0
661,0,RVyaKvKa,CmbQeSBI,1338.0
661,0,EQSFTfWT,QKdRzNnX,1753.0
661,0,pHgJPiEB,EQSFTfWT,1753.0
661,0,jLGvGvQf,pHgJPiEB,1753.0
661,0,issQYORv,jLGvGvQf,1753.0
973,0,TurKlwMz,NkWMDpBL,2376.0
973,0,OSkPauJr,TurKlwMz,2376.0
973,0,NdVNfPps,OSkPauJr,2376.0
973,0,cNHGbHfW,NdVNfPps,2387.0
523,0,vMBlttbG,CPPLrzGV,1533.0
523,0,zdEUiAFY,vMBlttbG,1533.0
1379,0,QHFmFyLR,EkWBPXmr,293.0
1379,0,neNWquOh,QHFmFyLR,293.0
1379,0,KwaxxmSs,neNWquOh,298.0
1379,0,PSjGjQXK,KwaxxmSs,301.0
1379,0,FDPmqphv,PSjGjQXK,749.0
1379,0,aVjdmBcp,FDPmqphv,785.0
1379,0,isVKhOXG,aVjdmBcp,785.0
1379,0,mKIQRbrs,isVKhOXG,881.0
1379,0,qvujbmjR,mKIQRbrs,982.0
1379,0,SqxhBMol,qvujbmjR,987.0
1379,0,MzWshIAL,SqxhBMol,1018.0
1379,0,NZGnRwVn,MzWshIAL,1045.0
1379,0,qVoRAqeW,NZGnRwVn,1143.0
1379,0,pYVbvizw,qVoRAqeW,1146.0
1379,0,IATYolYz,pYVbvizw,1146.0
574,0,ubZrQMid,vfdAIPGv,1003.0
574,0,KwaxxmSs,ubZrQMid,1003.0
712,0,qdrjbHYS,ozAxYCwR,204.0
712,0,awOEKaEj,qdrjbHYS,3304.0
712,0,fFHpEWYG,awOEKaEj,3738.0
712,0,jOxyxYyy,fFHpEWYG,4256.0
712,0,gGlRqksC,jOxyxYyy,4256.0
712,0,GRRjUQxz,gGlRqksC,4256.0
712,0,MlQcmexA,GRRjUQxz,4256.0
712,0,vISVJoyz,MlQcmexA,2407.0
712,0,RHWjHSWx,vISVJoyz,2407.0
712,0,VpmqCJUB,RHWjHSWx,2964.0
712,0,EvIZgaUF,VpmqCJUB,2955.0
712,0,mGgwEHaG,EvIZgaUF,3127.0
712,0,DWuGRWkF,mGgwEHaG,3127.0
712,0,ryMrZCSE,DWuGRWkF,3102.0
712,0,fRxWIrbs,ryMrZCSE,2639.0
712,0,QrdELzCu,fRxWIrbs,2639.0
712,0,YvwQRHTE,QrdELzCu,2639.0
712,0,HJTsgSzj,YvwQRHTE,2639.0
679,0,IMtkgxTU,XXPGaRGh,1173.0
679,0,MlQcmexA,IMtkgxTU,1173.0
679,0,RHWjHSWx,MlQcmexA,994.0
679,0,EvIZgaUF,RHWjHSWx,1250.0
679,0,mGgwEHaG,EvIZgaUF,1078.0
679,0,DWuGRWkF,mGgwEHaG,1078.0
679,0,ryMrZCSE,DWuGRWkF,1104.0
679,0,fRxWIrbs,ryMrZCSE,1779.0
679,0,QrdELzCu,fRxWIrbs,1777.0
679,0,YvwQRHTE,QrdELzCu,1777.0
679,0,HJTsgSzj,YvwQRHTE,1777.0
679,0,TcTonWJL,HJTsgSzj,2628.0
679,0,VCDwRKse,TcTonWJL,2814.0
679,0,lZYsrfVZ,VCDwRKse,2814.0
679,0,XXPGaRGh,jKjAXpVP,1131.0
273,0,fFHpEWYG,FcOkCcps,2598.0
108,0,pzcCDVmZ,TCBUGaZf,8280.0
108,0,oUmVLfUX,pzcCDVmZ,8280.0
108,0,fJdABIlw,oUmVLfUX,8280.0
108,0,mXwfazRz,fJdABIlw,8773.0
108,0,rBcVngYR,mXwfazRz,8841.0
108,0,NGAodVTg,rBcVngYR,9363.0
108,0,TvGyfQSI,NGAodVTg,9394.0
108,0,HFYkXdPG,TvGyfQSI,9487.0
108,0,KjgVoxgR,HFYkXdPG,9958.0
108,0,xTOrUJFO,KjgVoxgR,9681.0
108,0,EmkugZPX,xTOrUJFO,9483.0
458,0,rmVQyXvM,qGnNRXVR,8.0
458,0,lmdCTtOt,rmVQyXvM,8.0
458,0,ZENVichq,lmdCTtOt,8.0
458,0,ZQjUlkgz,ZENVichq,8.0
458,0,heyKMWAh,ZQjUlkgz,8.0
457,0,suszCmcx,ojYgsDtJ,66.0
457,0,AHQzSmld,suszCmcx,66.0
457,0,lXxeIKQj,AHQzSmld,66.0
457,0,UWSJuCAz,lXxeIKQj,66.0
457,0,xfYjeqNM,UWSJuCAz,66.0
457,0,nrUfCQxz,xfYjeqNM,66.0
457,0,vJitwYAE,nrUfCQxz,39.0
457,0,iBiVOFur,vJitwYAE,39.0
457,0,SWnceHEw,iBiVOFur,39.0
457,0,AjJCgCBk,SWnceHEw,39.0
457,0,jFmPCmzM,AjJCgCBk,39.0
457,0,TrOiZJox,jFmPCmzM,39.0
457,0,fkZFUNSd,TrOiZJox,25.0
457,0,lTemnVVF,fkZFUNSd,25.0
457,0,pYVbvizw,lTemnVVF,25.0
457,0,vUKUaFbz,pYVbvizw,25.0
684,0,aIerxCRO,lxSUNwOi,1965.0
684,0,ZHaurlhr,aIerxCRO,1965.0
684,0,KMDYeUKg,ZHaurlhr,1923.0
684,0,FrlvFFoW,KMDYeUKg,1703.0
684,0,buBFkWue,FrlvFFoW,1718.0
684,0,gaeBmadp,buBFkWue,1707.0
684,0,CpnDMnJS,gaeBmadp,1707.0
684,0,fSmTHZJS,CpnDMnJS,1683.0
684,0,WSTcrrBn,fSmTHZJS,1349.0
684,0,mayUcTNe,WSTcrrBn,1346.0
684,0,DyPueDjA,mayUcTNe,1346.0
684,0,qMoZNsgo,DyPueDjA,1343.0
684,0,udNzSSji,qMoZNsgo,1343.0
684,0,uKKyuZyC,udNzSSji,1343.0
684,0,GhNbXpjs,uKKyuZyC,1335.0
684,0,biJBLznK,UfJDroVz,416.0
684,0,TcsyXYNn,biJBLznK,416.0
684,0,qKeCDDXI,TcsyXYNn,416.0
684,0,YmkUpvHU,qKeCDDXI,999.0
684,0,GbYxEXTt,YmkUpvHU,1379.0
684,0,DOGyniWl,GbYxEXTt,1379.0
684,0,fubLBmAl,DOGyniWl,1476.0
684,0,nEXpIbiD,fubLBmAl,1481.0
684,0,eTJQHplR,nEXpIbiD,1481.0
684,0,vrgENeuF,eTJQHplR,1712.0
684,0,lxSUNwOi,vrgENeuF,1899.0
684,0,QontmjvH,JIllbhjr,262.0
684,0,oBtsEQRM,QontmjvH,262.0
684,0,UFoaQvGg,oBtsEQRM,291.0
684,0,uxsctOEt,UFoaQvGg,291.0
684,0,UfJDroVz,uxsctOEt,293.0
1744,0,DYvQviUy,RfEbENxd,3905.0
1744,0,aFlzccOO,DYvQviUy,4033.0
1744,0,XAxmwtqw,aFlzccOO,4257.0
1744,0,ThGrfpxl,XAxmwtqw,4257.0
1744,0,TUpCuZAw,ThGrfpxl,3944.0
1744,0,HYfXIyFk,TUpCuZAw,3943.0
1744,0,oQvXmJfL,HYfXIyFk,3956.0
1744,0,yayPNqiY,oQvXmJfL,4077.0
1744,0,pOvHFZPM,yayPNqiY,4077.0
1744,0,hOGVczfj,pOvHFZPM,4260.0
1744,0,kXtCwJQx,hOGVczfj,4262.0
1744,0,UZvsWvxC,kXtCwJQx,4287.0
1744,0,Afgbwxue,UZvsWvxC,4255.0
1744,0,yHOAvGcL,Afgbwxue,4113.0
1744,0,AHQzSmld,yHOAvGcL,4442.0
1744,0,UWSJuCAz,AHQzSmld,4358.0
686,0,iBiVOFur,nrUfCQxz,2275.0
686,0,SWnceHEw,iBiVOFur,2057.0
686,0,AjJCgCBk,SWnceHEw,2054.0
686,0,wLUSsEhz,AjJCgCBk,2180.0
686,0,XHTcEfiO,wLUSsEhz,2146.0
686,0,izYvwhlO,XHTcEfiO,1139.0
686,0,DvUXLssj,izYvwhlO,945.0
686,0,womqVgRl,DvUXLssj,945.0
1744,0,jQaLNViL,gyQqEnFq,1096.0
1744,0,RfEbENxd,jQaLNViL,2461.0
1296,0,BLvXEzeq,gzTQJVMW,4542.0
1296,0,AoRkaUmb,BLvXEzeq,4634.0
1296,0,ALhaazBT,AoRkaUmb,4634.0
1296,0,YqlTLIQa,ALhaazBT,5080.0
1296,0,AUmOMGnp,YqlTLIQa,5080.0
1296,0,ejMjPdTH,AUmOMGnp,5122.0
1296,0,eaNsVWDR,ejMjPdTH,5474.0
1296,0,ywuGpANM,eaNsVWDR,6917.0
1296,0,BZCtSmhk,ywuGpANM,7604.0
365,0,DgYBMgPg,mhsyTQmZ,2968.0
365,0,yjQwxGED,DgYBMgPg,1138.0
365,0,KPcRWbGT,yjQwxGED,1138.0
365,0,uGRyXcfW,KPcRWbGT,1138.0
365,0,HlhFjJtZ,uGRyXcfW,1138.0
365,0,ALhaazBT,HlhFjJtZ,1138.0
365,0,YqlTLIQa,ALhaazBT,1034.0
365,0,AUmOMGnp,YqlTLIQa,1034.0
365,0,SVPLEqNI,AUmOMGnp,1027.0
365,0,ejMjPdTH,SVPLEqNI,321.0
365,0,CKorGRkE,ejMjPdTH,182.0
365,0,eaNsVWDR,CKorGRkE,182.0
365,0,hpACGGyB,eaNsVWDR,182.0
365,0,VgUdLlOW,hpACGGyB,182.0
365,0,ywuGpANM,VgUdLlOW,182.0
365,0,BZCtSmhk,ywuGpANM,138.0
365,0,aojHvPEg,BZCtSmhk,138.0
365,0,qeXIqBgp,aojHvPEg,138.0
365,0,gmsNDepi,qeXIqBgp,138.0
365,0,jFRqfnFl,gmsNDepi,138.0
365,0,ysSWNERo,jFRqfnFl,137.0
1296,0,gzTQJVMW,RVEyrwjR,4005.0
367,0,GbYxEXTt,YmkUpvHU,2693.0
367,0,DOGyniWl,GbYxEXTt,1578.0
367,0,fubLBmAl,DOGyniWl,1574.0
367,0,nEXpIbiD,fubLBmAl,1447.0
367,0,eTJQHplR,nEXpIbiD,1443.0
1558,0,GbYxEXTt,YmkUpvHU,480.0
1558,0,ItndWSiW,GbYxEXTt,449.0
1558,0,DOGyniWl,ItndWSiW,400.0
1558,0,fubLBmAl,DOGyniWl,400.0
1558,0,nEXpIbiD,fubLBmAl,400.0
1558,0,eTJQHplR,nEXpIbiD,400.0
821,0,xbhuXgnr,JGydtICe,13.0
821,0,zjGRmLyo,xbhuXgnr,13.0
821,0,EXTmTMKf,zjGRmLyo,13.0
821,0,yfIoPTHo,EXTmTMKf,11.0
821,0,GnOurcjN,yfIoPTHo,11.0
821,0,vHkAlmCm,GnOurcjN,11.0
821,0,WynPMslR,vHkAlmCm,11.0
821,0,jQaLNViL,WynPMslR,11.0
821,0,RfEbENxd,jQaLNViL,10.0
821,0,uxsctOEt,RfEbENxd,10.0
673,0,bgWfLree,DsuTXcIa,1234.0
673,0,nUYnioIh,bgWfLree,1234.0
673,0,UAkhVpHN,nUYnioIh,1234.0
673,0,EvIZgaUF,UAkhVpHN,1234.0
673,0,mGgwEHaG,EvIZgaUF,1204.0
673,0,DWuGRWkF,mGgwEHaG,1197.0
673,0,ryMrZCSE,DWuGRWkF,1068.0
673,0,fRxWIrbs,ryMrZCSE,645.0
673,0,sKbmdUEJ,fRxWIrbs,645.0
673,0,zWeVnnxO,sKbmdUEJ,645.0
673,0,kXofjcRp,zWeVnnxO,645.0
673,0,mCHzTQKa,kXofjcRp,451.0
673,0,VCDwRKse,mCHzTQKa,451.0
673,0,lZYsrfVZ,VCDwRKse,451.0
673,0,eOdwAkBF,ydoNqUsu,1318.0
673,0,FDCDnriY,eOdwAkBF,1314.0
673,0,DsuTXcIa,FDCDnriY,1511.0
673,0,enOsQere,LPBTmxgF,489.0
673,0,ydoNqUsu,enOsQere,490.0
481,0,JGbfxLUL,KQSHMGnw,1001.0
481,0,IjwLXBRx,JGbfxLUL,1001.0
481,0,YmbmpLps,IjwLXBRx,1001.0
481,0,nJRBvlcT,YmbmpLps,1076.0
481,0,IkxLwyxa,nJRBvlcT,1348.0
523,0,CorDNIJt,zdEUiAFY,1518.0
990,0,tWpVdCtj,ArHpJhVJ,6329.0
990,0,EdJUuxct,tWpVdCtj,6241.0
1198,0,yjunmuoE,IvQQZbJW,460.0
1198,0,ljAgYLSe,yjunmuoE,460.0
1198,0,dTWbWYya,ljAgYLSe,448.0
1198,0,CorDNIJt,dTWbWYya,448.0
584,0,vMBlttbG,LRmPOeoe,528.0
584,0,zdEUiAFY,vMBlttbG,528.0
584,0,CorDNIJt,zdEUiAFY,528.0
584,0,LciqyJfg,CorDNIJt,518.0
584,0,HTcmpFUD,LciqyJfg,518.0
523,0,LciqyJfg,CorDNIJt,1030.0
523,0,HTcmpFUD,LciqyJfg,1030.0
1198,0,LciqyJfg,CorDNIJt,447.0
1198,0,HTcmpFUD,LciqyJfg,447.0
1198,0,IvQQZbJW,lxBswvKX,423.0
178,0,TCMQvOqy,NmilzqZp,1070.0
178,0,JyqrAKLu,TCMQvOqy,1070.0
178,0,XxhwFmzZ,JyqrAKLu,1070.0
178,0,sonNAVmZ,XxhwFmzZ,1069.0
178,0,aWeAvoyP,sonNAVmZ,1110.0
178,0,exnIZrMP,aWeAvoyP,1110.0
178,0,KhRPPFUf,exnIZrMP,1096.0
178,0,zoqWMrrO,KhRPPFUf,1096.0
178,0,WSMobtPt,zoqWMrrO,1096.0
178,0,ClDeGdta,WSMobtPt,1096.0
1198,0,dBTDkDZt,gOJphFVT,1854.0
1198,0,tldUULAx,dBTDkDZt,2551.0
1198,0,lQHWhrGj,tldUULAx,2577.0
1198,0,OOOhsNkv,lQHWhrGj,2577.0
1198,0,CgcphXSb,OOOhsNkv,2577.0
1198,0,texSWQet,CgcphXSb,2577.0
1198,0,lxBswvKX,texSWQet,1341.0
187,0,AszcEtOu,BpAiVnps,1029.0
187,0,TCqyxHhF,AszcEtOu,1233.0
187,0,BHzRSlej,TCqyxHhF,1233.0
187,0,TcEVvOUM,BHzRSlej,1283.0
187,0,qGnNRXVR,TcEVvOUM,1283.0
187,0,ouPwTbuD,qGnNRXVR,1283.0
187,0,MwLdaJul,ouPwTbuD,1286.0
187,0,yjunmuoE,IvQQZbJW,281.0
187,0,ljAgYLSe,yjunmuoE,281.0
187,0,dTWbWYya,ljAgYLSe,281.0
187,0,CorDNIJt,dTWbWYya,281.0
187,0,LciqyJfg,CorDNIJt,281.0
187,0,HTcmpFUD,LciqyJfg,281.0
1662,0,XGJiqzLW,xSynUqPV,325.0
990,0,gmiMCrrb,EdJUuxct,6281.0
186,0,OeKkfJSz,HTcmpFUD,575.0
186,0,FZjXRNIl,OeKkfJSz,575.0
186,0,wHSBMatn,FZjXRNIl,575.0
186,0,pbVrXoGi,wHSBMatn,575.0
186,0,GuhaYkFL,pbVrXoGi,585.0
186,0,EdJUuxct,GuhaYkFL,585.0
186,0,gmiMCrrb,EdJUuxct,518.0
1689,0,oizEKkjz,YyUbakrH,45.0
1689,0,wqmVlyfa,oizEKkjz,44.0
1689,0,JvDZYJph,wqmVlyfa,44.0
1689,0,gdbAGAQU,JvDZYJph,35.0
1689,0,tBgOcvQf,gdbAGAQU,35.0
178,0,PYzwbgep,cZBPdCTc,647.0
178,0,wtyUxRkq,PYzwbgep,648.0
178,0,VXthmpcS,wtyUxRkq,787.0
178,0,xuEvBBdE,VXthmpcS,787.0
178,0,rAizOLWV,xuEvBBdE,787.0
178,0,JdZarNsv,rAizOLWV,787.0
178,0,NmilzqZp,JdZarNsv,787.0
295,0,KMLNQwjh,YxUFlvZH,319.0
295,0,aDaRCcaB,KMLNQwjh,319.0
295,0,dQYZBhGJ,aDaRCcaB,319.0
295,0,iFderoVa,dQYZBhGJ,319.0
295,0,GQmprOhw,iFderoVa,319.0
295,0,aWeAvoyP,GQmprOhw,321.0
295,0,exnIZrMP,aWeAvoyP,321.0
295,0,WSMobtPt,exnIZrMP,321.0
295,0,AvILYntX,WSMobtPt,360.0
295,0,BGAyznqC,AvILYntX,362.0
295,0,PUIIuxlM,BGAyznqC,362.0
295,0,bEuFbYIx,PUIIuxlM,362.0
295,0,ZCsEtuOb,bEuFbYIx,375.0
295,0,kEQqRNXv,ZCsEtuOb,476.0
295,0,NfeOUEsA,kEQqRNXv,476.0
295,0,gdbAGAQU,NfeOUEsA,614.0
295,0,ANpclgWP,gdbAGAQU,614.0
295,0,LWqTSxPr,ANpclgWP,595.0
295,0,tBgOcvQf,LWqTSxPr,595.0
595,0,kBaIvAJI,pobpsCoK,482.0
178,0,PeYVqHeF,DJkAcxlA,469.0
178,0,cRLBVFvQ,PeYVqHeF,469.0
178,0,DacXSoOC,cRLBVFvQ,588.0
178,0,vTErLEZz,DacXSoOC,588.0
178,0,cZBPdCTc,vTErLEZz,591.0
295,0,KwXNMHkb,UxPxrYmy,277.0
295,0,YxUFlvZH,KwXNMHkb,277.0
178,0,hZxMsAHQ,WgelRheP,370.0
178,0,DJkAcxlA,hZxMsAHQ,370.0
626,0,XCXPEDQh,MBttAlCW,464.0
626,0,FXyPWyvF,XCXPEDQh,464.0
626,0,yLDzmulm,FXyPWyvF,464.0
626,0,JzObVOMG,yLDzmulm,473.0
626,0,dwQybScW,JzObVOMG,473.0
626,0,WgelRheP,dwQybScW,473.0
295,0,hqOmlOIp,RrhmmPMm,201.0
295,0,qJgsxHch,hqOmlOIp,201.0
295,0,lxplrluY,qJgsxHch,201.0
295,0,zTJYYUap,lxplrluY,201.0
295,0,UxPxrYmy,zTJYYUap,201.0
295,0,YxYhlArE,NqSePdAx,159.0
295,0,sAswhpJr,YxYhlArE,159.0
295,0,VyHGAkTo,sAswhpJr,159.0
295,0,RrhmmPMm,VyHGAkTo,159.0
295,0,sceVWPKZ,dvaPHMux,133.0
295,0,NqSePdAx,sceVWPKZ,133.0
712,0,LVcdwgEp,ubzklVlS,2951.0
712,0,xTOrUJFO,LVcdwgEp,1948.0
1567,0,YctaenCe,jcExlqwL,6711.0
1567,0,tzYrVhKO,YctaenCe,6708.0
1567,0,UgpyjFML,tzYrVhKO,6704.0
46,0,QpprBOSr,SOVcCDqR,7527.0
46,0,Plxavose,QpprBOSr,7099.0
46,0,CpULuhdq,Plxavose,6611.0
46,0,tJbXQuOE,CpULuhdq,6611.0
46,0,dAjqsFfg,tJbXQuOE,5246.0
46,0,vizUtPmY,dAjqsFfg,5246.0
46,0,fytASSfG,vizUtPmY,5129.0
46,0,kFSxtGUW,fytASSfG,5129.0
46,0,ULMVzkWs,kFSxtGUW,4991.0
46,0,ZNjvBYak,ULMVzkWs,4991.0
46,0,wPeqfEci,ZNjvBYak,4850.0
46,0,MjMDaXaP,wPeqfEci,4850.0
46,0,OGoFbxUJ,MjMDaXaP,4850.0
46,0,XNUmFqNT,OGoFbxUJ,4850.0
46,0,hSdNxZqe,XNUmFqNT,4755.0
1180,0,RFLUsFpq,apOzgzFy,5788.0
1180,0,NRaiNGwl,RFLUsFpq,5788.0
1180,0,dgLtpUgu,NRaiNGwl,5800.0
1180,0,GJEXlFdt,dgLtpUgu,5869.0
1180,0,VMzKgUSR,GJEXlFdt,5940.0
1180,0,BJDTCJYP,VMzKgUSR,5940.0
1180,0,gyedwqXM,BJDTCJYP,5940.0
1180,0,LYitljhu,gyedwqXM,5940.0
1180,0,UhAwQaaX,LYitljhu,5940.0
1180,0,LOIXCDqJ,UhAwQaaX,5940.0
1180,0,FldHcjZC,LOIXCDqJ,5787.0
1180,0,qNiTyrkl,FldHcjZC,4873.0
1180,0,waZdIIZY,qNiTyrkl,4873.0
1180,0,eiOwifcC,waZdIIZY,4864.0
657,0,TsaeiIGv,EkWBPXmr,3290.0
657,0,OsBkWRQx,TsaeiIGv,3344.0
657,0,udlIzhJE,OsBkWRQx,3344.0
657,0,DeduXMzE,udlIzhJE,3344.0
657,0,GXHjZCTL,DeduXMzE,3344.0
657,0,yolIeCeg,GXHjZCTL,3344.0
657,0,zGyJMIkT,yolIeCeg,3368.0
657,0,YbVmHVTt,zGyJMIkT,4573.0
657,0,ZlnerNQG,YbVmHVTt,4573.0
657,0,FVWAEAei,ZlnerNQG,4573.0
657,0,gVtshwcF,FVWAEAei,4581.0
657,0,LmhVzFNJ,gVtshwcF,4703.0
657,0,CmbQeSBI,LmhVzFNJ,4703.0
657,0,RVyaKvKa,CmbQeSBI,4703.0
657,0,ymMncFZF,RVyaKvKa,4703.0
657,0,OnjVGLlO,ymMncFZF,4703.0
657,0,QKdRzNnX,OnjVGLlO,4703.0
657,0,EQSFTfWT,QKdRzNnX,4782.0
657,0,pHgJPiEB,EQSFTfWT,4782.0
657,0,jLGvGvQf,pHgJPiEB,4782.0
657,0,issQYORv,jLGvGvQf,4782.0
657,0,mgIvIqkL,issQYORv,4884.0
657,0,MdBywaSB,mgIvIqkL,4884.0
173,0,FXuJEVFo,PspudWCJ,1332.0
173,0,qCZHeqZn,FXuJEVFo,1274.0
658,0,qkTCgKXX,YoEMZEcq,5.0
658,0,XjSQdTLS,qkTCgKXX,5.0
658,0,dKSFzIqs,XjSQdTLS,5.0
1532,0,FUctipSE,IvXmMOhB,2300.0
1750,0,wefAcLKj,GTWLqqnN,1359.0
1750,0,XHLHCkqn,wefAcLKj,1352.0
1750,0,ULIlEdjB,XHLHCkqn,1138.0
1750,0,zfmNZkKD,ULIlEdjB,1119.0
1750,0,GTWLqqnN,JafVjQhg,1331.0
565,0,SOzmnmNW,PQDqFTyk,519.0
565,0,OhBAPvsb,SOzmnmNW,519.0
762,0,HqehCtdr,OhBAPvsb,4372.0
825,0,vlhncUdg,wgnVmusT,27.0
825,0,xGVMKwkH,vlhncUdg,27.0
825,0,DcYEFBXI,xGVMKwkH,27.0
825,0,mSlRsDTZ,DcYEFBXI,62.0
825,0,iHPgoVQd,mSlRsDTZ,62.0
825,0,LEMCEoBI,iHPgoVQd,64.0
825,0,VbipnzIy,LEMCEoBI,64.0
825,0,vLvetIEj,VbipnzIy,70.0
825,0,veZdNrwJ,vLvetIEj,70.0
825,0,UHrZZaJI,veZdNrwJ,70.0
825,0,XYPsfiKq,UHrZZaJI,70.0
825,0,EZonlaGf,XYPsfiKq,91.0
825,0,wcUGKfLa,EZonlaGf,91.0
825,0,ZJxogzZw,wcUGKfLa,68.0
825,0,Uacajbua,ZJxogzZw,68.0
825,0,ZLCIvgrp,Uacajbua,62.0
825,0,ucVTqZIB,ZLCIvgrp,62.0
825,0,FDrhtNjK,ucVTqZIB,62.0
825,0,YVGWiGkc,FDrhtNjK,62.0
825,0,CqPWXNIf,YVGWiGkc,62.0
825,0,iZfXNAue,CqPWXNIf,62.0
825,0,OXvlrfnG,iZfXNAue,60.0
825,0,CgMBzfIg,OXvlrfnG,60.0
825,0,BCwVkMhO,CgMBzfIg,60.0
825,0,MpBHVRZl,BCwVkMhO,60.0
825,0,BWKNZpmt,MpBHVRZl,11.0
825,0,hMBIVszx,BWKNZpmt,11.0
825,0,JgVaSAtG,hMBIVszx,11.0
825,0,QyfZGsFT,JgVaSAtG,11.0
825,0,selTNsQi,QyfZGsFT,11.0
825,0,SfBAqteg,selTNsQi,11.0
825,0,obGcbWvT,SfBAqteg,11.0
825,0,lbFoZTYJ,obGcbWvT,11.0
825,0,wssOAckJ,lbFoZTYJ,11.0
825,0,zzxlwhdI,wssOAckJ,11.0
825,0,SEcoeimf,zzxlwhdI,11.0
825,0,fzmnvqlX,SEcoeimf,11.0
825,0,RyhuDLev,fzmnvqlX,11.0
825,0,KnIeolpt,RyhuDLev,11.0
825,0,GMrJWgHs,KnIeolpt,11.0
825,0,tTjpyeuP,GMrJWgHs,11.0
825,0,iYbcLrkT,tTjpyeuP,11.0
825,0,elxmPCDf,iYbcLrkT,11.0
825,0,tcbhlVZo,elxmPCDf,11.0
825,0,ZqBGCTqq,tcbhlVZo,11.0
825,0,HxnLIWQq,ZqBGCTqq,10.0
825,0,wqGWmwVd,HxnLIWQq,10.0
825,0,ACkvbmee,wqGWmwVd,10.0
825,0,FtWuEuzF,ACkvbmee,10.0
825,0,RtTLxXUv,FtWuEuzF,10.0
825,0,JGydtICe,RtTLxXUv,10.0
600,0,wihERHzN,uiYVYPQX,12.0
711,0,qGnNRXVR,TcEVvOUM,1854.0
1105,0,ozAxYCwR,uiYVYPQX,2.0
594,0,ZaRNMBdT,nxJXVeix,483.0
594,0,KwyfuOzT,ZaRNMBdT,483.0
594,0,grMhZquG,KwyfuOzT,428.0
1174,0,bciZjPUu,MVExtcyL,1771.0
1174,0,ogOCBKAf,bciZjPUu,1704.0
1125,0,NAwFzVQz,RuqLEiFp,1690.0
1125,0,jEliwrSM,NAwFzVQz,1751.0
1125,0,XsvFZXJo,jEliwrSM,1751.0
1407,0,rXoVyCYO,KuTZBRNJ,679.0
1407,0,gdHaMUeX,rXoVyCYO,679.0
1407,0,vhHLNRbD,gdHaMUeX,679.0
1407,0,lWiTdhQk,vhHLNRbD,1746.0
1407,0,kYxNkIzH,lWiTdhQk,1832.0
1407,0,nUxocPjZ,kYxNkIzH,1741.0
1407,0,WmvRfciC,nUxocPjZ,1715.0
1407,0,saptMzFY,WmvRfciC,1715.0
1407,0,YxAufxIm,saptMzFY,1782.0
1407,0,UFFAxqtN,YxAufxIm,1782.0
1407,0,cOTHHVzh,UFFAxqtN,1782.0
1407,0,sjfoFmFj,cOTHHVzh,1163.0
1407,0,WjGJosho,sjfoFmFj,1163.0
1125,0,IpOsGrUQ,KyrNRMTR,1337.0
1125,0,exRzHfND,IpOsGrUQ,1161.0
1125,0,bIhgcGjB,exRzHfND,1161.0
1125,0,dMpYNFzw,bIhgcGjB,1164.0
1125,0,slwzdYAd,dMpYNFzw,1164.0
1125,0,phodyDNv,slwzdYAd,1255.0
1125,0,gcvwQKzE,phodyDNv,1284.0
1125,0,RuqLEiFp,gcvwQKzE,1284.0
1125,0,kjmHgYUi,pTTspriv,1005.0
1125,0,UHSPJyEW,kjmHgYUi,1005.0
1125,0,dOTSUZHl,UHSPJyEW,1005.0
1125,0,ITdbUezF,dOTSUZHl,1005.0
1125,0,UCTWITih,ITdbUezF,1005.0
1125,0,HnEviCBr,UCTWITih,1005.0
1125,0,nCgrSQNi,HnEviCBr,1079.0
1125,0,KyrNRMTR,nCgrSQNi,1079.0
16,0,GfBReROC,OxhtFIfA,4672.0
16,0,CLjYTiBy,GfBReROC,4672.0
272,0,fumBmOZX,ogrZorIF,3695.0
272,0,CLjYTiBy,fumBmOZX,3695.0
1245,0,CEyhPnMH,OQRQrPoA,405.0
1245,0,ogrZorIF,CEyhPnMH,405.0
1245,0,fumBmOZX,ogrZorIF,405.0
1245,0,CLjYTiBy,fumBmOZX,405.0
264,0,CLjYTiBy,fumBmOZX,984.0
14,0,EtvjcvTp,CKNrjFUU,18.0
1057,0,tTbFYEPP,eIBTCCCb,80.0
1120,0,FvRjKBvU,TJeJnSDd,75.0
1120,0,wuQzPlvL,FvRjKBvU,85.0
1120,0,NacgxEEi,wuQzPlvL,85.0
1120,0,ZbMvdFLw,NacgxEEi,85.0
1120,0,JUGtNdnF,ZbMvdFLw,85.0
1120,0,buTfkkhk,JUGtNdnF,85.0
1120,0,rwLqimtK,buTfkkhk,86.0
1120,0,LpwxWatG,rwLqimtK,94.0
1120,0,FbaONibz,LpwxWatG,94.0
1120,0,QImdosgy,FbaONibz,100.0
1120,0,KmBpjqPf,QImdosgy,104.0
1120,0,BCGYYxEK,KmBpjqPf,100.0
1120,0,Tjttdgfb,BCGYYxEK,100.0
1120,0,kOphzTYx,Tjttdgfb,100.0
1120,0,OqLLMkKT,kOphzTYx,100.0
1120,0,SbpvwGMk,OqLLMkKT,100.0
1120,0,twlXtIzd,SbpvwGMk,100.0
1120,0,dyfuQNKH,twlXtIzd,100.0
1120,0,nJqXilaA,dyfuQNKH,100.0
1120,0,tMAJjHeh,nJqXilaA,100.0
1120,0,LurStVaw,tMAJjHeh,100.0
1120,0,YmJRiEgw,LurStVaw,117.0
1120,0,TmUkjEUt,YmJRiEgw,108.0
1120,0,kIKddsaQ,TmUkjEUt,108.0
1120,0,NqSePdAx,kIKddsaQ,108.0
1120,0,YxYhlArE,NqSePdAx,103.0
1120,0,sAswhpJr,YxYhlArE,103.0
1120,0,VyHGAkTo,sAswhpJr,103.0
1120,0,RrhmmPMm,VyHGAkTo,103.0
1120,0,hqOmlOIp,RrhmmPMm,78.0
1120,0,qJgsxHch,hqOmlOIp,78.0
1120,0,lxplrluY,qJgsxHch,78.0
1120,0,zTJYYUap,lxplrluY,78.0
1120,0,UxPxrYmy,zTJYYUap,78.0
1120,0,ZfNDFPcl,UxPxrYmy,78.0
1120,0,KwXNMHkb,ZfNDFPcl,78.0
1120,0,YxUFlvZH,KwXNMHkb,78.0
1120,0,KMLNQwjh,YxUFlvZH,66.0
1120,0,aDaRCcaB,KMLNQwjh,66.0
1120,0,dQYZBhGJ,aDaRCcaB,66.0
1120,0,iFderoVa,dQYZBhGJ,66.0
1120,0,GQmprOhw,iFderoVa,66.0
1120,0,CbblRkaH,GQmprOhw,61.0
1120,0,BldTZUAI,CbblRkaH,61.0
1120,0,nBYHMnkU,BldTZUAI,61.0
657,0,UscCtYui,MdBywaSB,580.0
1703,0,zAAHYQhY,uSOMnpdQ,102.0
1703,0,jUhOGaww,zAAHYQhY,87.0
1703,0,CZhqrbpp,jUhOGaww,87.0
1703,0,BYVXItej,CZhqrbpp,87.0
1703,0,eEFiMPzB,BYVXItej,87.0
1703,0,rQuvSvCO,eEFiMPzB,87.0
1703,0,MpPYcjVn,rQuvSvCO,87.0
1703,0,DewKhksr,MpPYcjVn,87.0
1703,0,vqGhvZJF,DewKhksr,87.0
1703,0,XMWgellz,vqGhvZJF,87.0
626,0,GfBReROC,zXtHnUiq,2049.0
626,0,AjXddPle,GfBReROC,2049.0
729,0,jisQZBDs,mXosqjnx,11.0
729,0,NcoWExwJ,jisQZBDs,2.0
729,0,hygBouPP,NcoWExwJ,2.0
729,0,iPzquFzR,hygBouPP,2.0
729,0,ODNKqRCQ,iPzquFzR,2.0
729,0,ZTCNsviV,ODNKqRCQ,2.0
729,0,GBYHqHQO,ZTCNsviV,2.0
729,0,lBjlyorh,GBYHqHQO,2.0
729,0,apwTQKga,lBjlyorh,2.0
729,0,XNHVHmHa,apwTQKga,2.0
729,0,vGqwislq,XNHVHmHa,2.0
729,0,AwLiWVdI,vGqwislq,2.0
729,0,XBhuaxff,AwLiWVdI,2.0
729,0,ZkIfwknW,XBhuaxff,2.0
729,0,LjPncvCg,ZkIfwknW,2.0
729,0,cYHkZUeY,LjPncvCg,2.0
729,0,JjkwBsaR,cYHkZUeY,2.0
729,0,xWKOjfGB,JjkwBsaR,2.0
729,0,zrJLwXnk,xWKOjfGB,1.0
729,0,LUpTnILf,zrJLwXnk,1.0
729,0,qezgFtTe,LUpTnILf,1.0
729,0,EtAJJbBW,qezgFtTe,1.0
729,0,uPlQduWZ,EtAJJbBW,1.0
729,0,GZZaPhbw,uPlQduWZ,1.0
729,0,EwdOCOAF,GZZaPhbw,1.0
729,0,QGNcLOop,EwdOCOAF,1.0
973,0,CLjYTiBy,fumBmOZX,2730.0
973,0,NuwmOhpA,CLjYTiBy,2770.0
970,0,CEyhPnMH,OQRQrPoA,49.0
970,0,ogrZorIF,CEyhPnMH,49.0
970,0,fumBmOZX,ogrZorIF,49.0
970,0,CLjYTiBy,fumBmOZX,49.0
970,0,NuwmOhpA,CLjYTiBy,49.0
16,0,NuwmOhpA,CLjYTiBy,3857.0
272,0,NuwmOhpA,CLjYTiBy,3574.0
264,0,NuwmOhpA,CLjYTiBy,948.0
483,0,CEyhPnMH,OQRQrPoA,79.0
483,0,ogrZorIF,CEyhPnMH,79.0
483,0,fumBmOZX,ogrZorIF,79.0
483,0,CLjYTiBy,fumBmOZX,79.0
483,0,NuwmOhpA,CLjYTiBy,79.0
365,0,BgwdUHsv,ysSWNERo,7.0
365,0,lEwLedpG,BgwdUHsv,7.0
365,0,lQIpGOTn,lEwLedpG,6.0
365,0,uhUmvvRs,lQIpGOTn,6.0
365,0,GgLRqpEG,uhUmvvRs,6.0
365,0,WFZVQzrl,GgLRqpEG,6.0
365,0,tRncbstl,WFZVQzrl,6.0
365,0,QDIpIlEK,tRncbstl,6.0
365,0,GpnhEWuy,QDIpIlEK,6.0
365,0,rRGVruPM,GpnhEWuy,6.0
365,0,YmkUpvHU,rRGVruPM,1.0
365,0,GbYxEXTt,YmkUpvHU,1.0
365,0,DOGyniWl,GbYxEXTt,1.0
365,0,fubLBmAl,DOGyniWl,1.0
365,0,zjSAMvDn,fubLBmAl,1.0
365,0,BYsSDXCP,zjSAMvDn,1.0
365,0,HvQMjFdy,BYsSDXCP,1.0
365,0,cniBuICf,HvQMjFdy,1.0
365,0,LPfgjVyT,cniBuICf,1.0
365,0,cPCRxZjy,LPfgjVyT,1.0
365,0,qpacHTVx,cPCRxZjy,1.0
365,0,XFLojCJa,qpacHTVx,1.0
365,0,mHRdWDIt,XFLojCJa,1.0
365,0,NBopaFdP,mHRdWDIt,1.0
365,0,LbKosGpD,NBopaFdP,1.0
365,0,rDSiGFpR,LbKosGpD,1.0
778,0,kPfQKpcS,wULIWnbW,660.0
778,0,VyooPFNZ,kPfQKpcS,660.0
778,0,JyEnLYHy,VyooPFNZ,660.0
778,0,wcUGKfLa,JyEnLYHy,660.0
778,0,ZJxogzZw,wcUGKfLa,1938.0
778,0,Uacajbua,ZJxogzZw,1938.0
778,0,ZLCIvgrp,Uacajbua,1938.0
778,0,ucVTqZIB,ZLCIvgrp,1908.0
778,0,FDrhtNjK,ucVTqZIB,1908.0
778,0,YVGWiGkc,FDrhtNjK,1908.0
778,0,CqPWXNIf,YVGWiGkc,1908.0
778,0,iZfXNAue,CqPWXNIf,1903.0
319,0,ZrWksDco,kYpOneyC,3.0
319,0,SNVRXPiu,ZrWksDco,3.0
319,0,NzFpkpXH,SNVRXPiu,3.0
319,0,EVcIyerQ,NzFpkpXH,3.0
319,0,dEEWjOTq,EVcIyerQ,3.0
319,0,UlOflIKh,dEEWjOTq,3.0
319,0,cHhWsWUg,UlOflIKh,362.0
319,0,nPkrzCty,cHhWsWUg,362.0
973,0,EXHVDpee,NuwmOhpA,2290.0
973,0,NkWMDpBL,EXHVDpee,2327.0
16,0,EXHVDpee,NuwmOhpA,3414.0
16,0,NkWMDpBL,EXHVDpee,3255.0
272,0,EXHVDpee,NuwmOhpA,2268.0
272,0,NkWMDpBL,EXHVDpee,2267.0
264,0,EXHVDpee,NuwmOhpA,640.0
264,0,NkWMDpBL,EXHVDpee,640.0
657,0,cNHGbHfW,UscCtYui,509.0
1193,0,OoNwiPDT,gmiMCrrb,1925.0
1193,0,ftvNhZKM,OoNwiPDT,1924.0
1193,0,KLTxOJqh,ftvNhZKM,1973.0
1193,0,IURTQlCB,KLTxOJqh,1973.0
1193,0,tWpVdCtj,ArHpJhVJ,1242.0
1193,0,EdJUuxct,tWpVdCtj,1330.0
1193,0,gmiMCrrb,EdJUuxct,1399.0
174,0,hVMLOzME,KCMgfriT,245.0
174,0,TDvESTZN,hVMLOzME,245.0
174,0,sNuKvPuW,TDvESTZN,245.0
174,0,AUBTKFbY,sNuKvPuW,245.0
174,0,fjevhefZ,AUBTKFbY,264.0
174,0,vyQyYYqJ,fjevhefZ,264.0
174,0,ztLkgYlA,vyQyYYqJ,264.0
174,0,OoNwiPDT,ztLkgYlA,264.0
174,0,ftvNhZKM,OoNwiPDT,264.0
174,0,KLTxOJqh,ftvNhZKM,264.0
174,0,IURTQlCB,KLTxOJqh,264.0
174,0,TCqyxHhF,AszcEtOu,153.0
174,0,TcEVvOUM,TCqyxHhF,153.0
174,0,qGnNRXVR,TcEVvOUM,153.0
174,0,ouPwTbuD,qGnNRXVR,154.0
174,0,MwLdaJul,ouPwTbuD,154.0
174,0,QUMnpJQp,MwLdaJul,195.0
174,0,FyIjwLBj,QUMnpJQp,206.0
174,0,vXPGJwVk,FyIjwLBj,206.0
174,0,qzuHypgA,vXPGJwVk,206.0
174,0,KCMgfriT,qzuHypgA,209.0
621,0,DeduXMzE,udlIzhJE,218.0
621,0,GXHjZCTL,DeduXMzE,218.0
621,0,yolIeCeg,GXHjZCTL,218.0
621,0,ozAxYCwR,yolIeCeg,218.0
621,0,qdrjbHYS,ozAxYCwR,218.0
621,0,AKdDiXyV,qdrjbHYS,276.0
621,0,kZdBhxvo,AKdDiXyV,388.0
621,0,ZBkAAevT,kZdBhxvo,388.0
621,0,cMinRgYB,ZBkAAevT,388.0
621,0,LRmPOeoe,cMinRgYB,388.0
621,0,tBNXSyMW,LRmPOeoe,388.0
621,0,ArHpJhVJ,tBNXSyMW,390.0
621,0,tWpVdCtj,ArHpJhVJ,390.0
621,0,EdJUuxct,tWpVdCtj,390.0
621,0,gmiMCrrb,EdJUuxct,390.0
621,0,OoNwiPDT,gmiMCrrb,390.0
621,0,ftvNhZKM,OoNwiPDT,390.0
621,0,KLTxOJqh,ftvNhZKM,390.0
621,0,idAQxYim,KLTxOJqh,390.0
621,0,OsBkWRQx,TsaeiIGv,171.0
621,0,udlIzhJE,OsBkWRQx,172.0
174,0,AszcEtOu,BpAiVnps,115.0
1255,0,EmkugZPX,XMWgellz,3396.0
621,0,TsaeiIGv,EkWBPXmr,80.0
621,0,ldInPGbn,idAQxYim,702.0
621,0,WGEhEMgb,ldInPGbn,901.0
621,0,WblAIghg,WGEhEMgb,901.0
621,0,yXfOYhmg,WblAIghg,901.0
973,0,RqfbhkOP,cNHGbHfW,2345.0
973,0,sUAChhLU,RqfbhkOP,2345.0
973,0,TCMQvOqy,sUAChhLU,1779.0
973,0,JyqrAKLu,TCMQvOqy,1762.0
973,0,XxhwFmzZ,JyqrAKLu,1771.0
973,0,GQmprOhw,XxhwFmzZ,1150.0
973,0,aWeAvoyP,GQmprOhw,704.0
973,0,exnIZrMP,aWeAvoyP,704.0
973,0,zoqWMrrO,exnIZrMP,729.0
973,0,WSMobtPt,zoqWMrrO,729.0
973,0,ClDeGdta,WSMobtPt,729.0
973,0,PqoYMtMO,ClDeGdta,68.0
170,0,EIcIoHUO,DULwephN,1199.0
170,0,JYRWJgVB,EIcIoHUO,1360.0
170,0,CFztBFJQ,JYRWJgVB,1365.0
173,0,AszcEtOu,BpAiVnps,543.0
173,0,TCqyxHhF,AszcEtOu,579.0
173,0,TcEVvOUM,TCqyxHhF,605.0
173,0,qGnNRXVR,TcEVvOUM,605.0
173,0,ouPwTbuD,qGnNRXVR,605.0
173,0,MwLdaJul,ouPwTbuD,605.0
173,0,QUMnpJQp,MwLdaJul,708.0
173,0,FyIjwLBj,QUMnpJQp,747.0
173,0,vXPGJwVk,FyIjwLBj,747.0
173,0,qzuHypgA,vXPGJwVk,747.0
173,0,KCMgfriT,qzuHypgA,886.0
173,0,hVMLOzME,KCMgfriT,935.0
173,0,TDvESTZN,hVMLOzME,935.0
173,0,bDgEiJAh,TDvESTZN,1225.0
679,0,RVGhYAxc,mdGitRQe,2505.0
1506,0,cCSIoIah,gViLrCgA,6842.0
1506,0,DLdtTvFi,cCSIoIah,6764.0
1506,0,vRWSdFEN,DLdtTvFi,6866.0
1506,0,tDDddUJb,vRWSdFEN,8707.0
626,0,RjboLjDb,AjXddPle,2046.0
626,0,FyJXToWe,RjboLjDb,2046.0
626,0,rINNylNh,FyJXToWe,2046.0
264,0,TurKlwMz,NkWMDpBL,576.0
272,0,TurKlwMz,NkWMDpBL,2247.0
287,0,EkWBPXmr,zVYhNTdK,30.0
1193,0,ojINhgSe,IURTQlCB,1724.0
1193,0,SiflCzMU,ojINhgSe,1724.0
174,0,ojINhgSe,IURTQlCB,187.0
452,0,QHFmFyLR,EkWBPXmr,1774.0
452,0,neNWquOh,QHFmFyLR,1774.0
452,0,KwaxxmSs,neNWquOh,1780.0
452,0,PSjGjQXK,KwaxxmSs,1796.0
452,0,FDPmqphv,PSjGjQXK,3639.0
452,0,aVjdmBcp,FDPmqphv,3990.0
452,0,nusTHAtB,aVjdmBcp,3990.0
452,0,isVKhOXG,nusTHAtB,4003.0
452,0,OWkTamRc,isVKhOXG,4054.0
452,0,RkIYOvZu,bvSKVAYv,5836.0
452,0,ygKQkAfU,RkIYOvZu,5836.0
452,0,blwWmPPo,ygKQkAfU,7972.0
452,0,GWhCmjED,blwWmPPo,9084.0
452,0,dYaEdzoO,GWhCmjED,9268.0
452,0,LoxEXWve,dYaEdzoO,9270.0
648,0,SYyDHHKq,IzsieVnc,925.0
648,0,yzZGrKJL,SYyDHHKq,925.0
648,0,qDeoslSZ,yzZGrKJL,925.0
648,0,JovbzjVh,qDeoslSZ,466.0
648,0,dYaEdzoO,JovbzjVh,444.0
648,0,LoxEXWve,dYaEdzoO,442.0
1197,0,xMTUUeEc,gmiMCrrb,274.0
295,0,xMTUUeEc,tBgOcvQf,1349.0
295,0,jPryMrof,xMTUUeEc,1349.0
295,0,jkJwqjHm,jPryMrof,1349.0
295,0,jKMBgxbE,jkJwqjHm,1349.0
295,0,RQiSRtZp,jKMBgxbE,1349.0
295,0,SoCzlzVw,RQiSRtZp,1349.0
295,0,hLEWSLqw,SoCzlzVw,1349.0
615,0,OGJVNXKe,ccqsUPnI,1247.0
615,0,hfsVeMMa,OGJVNXKe,1155.0
615,0,isVKhOXG,hfsVeMMa,857.0
615,0,OWkTamRc,isVKhOXG,857.0
615,0,pHNyFRmN,OWkTamRc,856.0
615,0,SMriOOgF,pHNyFRmN,856.0
615,0,vISVJoyz,SMriOOgF,856.0
615,0,RHWjHSWx,vISVJoyz,856.0
615,0,VpmqCJUB,RHWjHSWx,519.0
615,0,mWygMrMb,VpmqCJUB,519.0
615,0,dulnZXnF,mWygMrMb,519.0
615,0,RkIYOvZu,dulnZXnF,519.0
615,0,ygKQkAfU,RkIYOvZu,519.0
615,0,blwWmPPo,ygKQkAfU,407.0
615,0,GWhCmjED,blwWmPPo,407.0
615,0,dYaEdzoO,GWhCmjED,406.0
615,0,TIoMzhxD,dYaEdzoO,406.0
1744,0,dulnZXnF,yMiwNCtj,5082.0
1744,0,RkIYOvZu,dulnZXnF,5082.0
1744,0,ygKQkAfU,RkIYOvZu,5082.0
670,0,hCxxcqWU,IOcMwGKn,798.0
670,0,qMoZNsgo,hCxxcqWU,798.0
670,0,udNzSSji,qMoZNsgo,798.0
670,0,uKKyuZyC,udNzSSji,798.0
670,0,GhNbXpjs,uKKyuZyC,798.0
670,0,KTHxRvtW,GhNbXpjs,798.0
670,0,gRVxNCAP,KTHxRvtW,955.0
670,0,nJRBvlcT,gRVxNCAP,955.0
670,0,IkxLwyxa,nJRBvlcT,1031.0
670,0,CYSggHNR,IkxLwyxa,1248.0
670,0,VhgapMoa,CYSggHNR,1248.0
670,0,dKbqWpcD,VhgapMoa,1248.0
670,0,zYpZYpOA,dKbqWpcD,1248.0
670,0,xbeOVhLE,zYpZYpOA,1704.0
670,0,IpBcScgC,xbeOVhLE,1840.0
670,0,aYvzRwqU,IpBcScgC,1840.0
670,0,mWygMrMb,aYvzRwqU,1840.0
670,0,dulnZXnF,mWygMrMb,1840.0
670,0,RkIYOvZu,dulnZXnF,1840.0
670,0,ygKQkAfU,RkIYOvZu,1840.0
670,0,ufLmazVu,ygKQkAfU,1127.0
670,0,qDeoslSZ,ufLmazVu,1122.0
670,0,JovbzjVh,qDeoslSZ,567.0
670,0,dYaEdzoO,JovbzjVh,586.0
670,0,TIoMzhxD,dYaEdzoO,587.0
670,0,IOcMwGKn,ybjkPLXB,464.0
311,0,AszcEtOu,BpAiVnps,1545.0
311,0,TcEVvOUM,AszcEtOu,2134.0
311,0,qGnNRXVR,TcEVvOUM,2134.0
311,0,MwLdaJul,qGnNRXVR,2148.0
311,0,QUMnpJQp,MwLdaJul,1746.0
311,0,FyIjwLBj,QUMnpJQp,1566.0
311,0,vXPGJwVk,FyIjwLBj,1267.0
311,0,EYCnMsAF,vXPGJwVk,1250.0
311,0,XjEyEHqT,EYCnMsAF,1253.0
311,0,IvqxNjHK,XjEyEHqT,1253.0
311,0,SyrqOGJb,IvqxNjHK,1204.0
311,0,NcLanIdZ,SyrqOGJb,1198.0
311,0,pTpnumHG,NcLanIdZ,885.0
600,0,jcExlqwL,RCkelXPh,791.0
600,0,YctaenCe,jcExlqwL,874.0
600,0,tzYrVhKO,YctaenCe,874.0
600,0,UgpyjFML,tzYrVhKO,874.0
600,0,nPkrzCty,UgpyjFML,875.0
600,0,OPXtWBVk,nPkrzCty,1089.0
600,0,SvGtXrYj,OPXtWBVk,1089.0
600,0,TdfMaTlB,SvGtXrYj,1089.0
984,0,CKNrjFUU,qGgPbtbT,627.0
984,0,VCGhveHG,CKNrjFUU,627.0
984,0,WQdyWhSR,VCGhveHG,627.0
984,0,vCGIyJLJ,WQdyWhSR,627.0
984,0,VXthmpcS,vCGIyJLJ,772.0
984,0,xuEvBBdE,VXthmpcS,649.0
984,0,rAizOLWV,xuEvBBdE,649.0
984,0,JdZarNsv,rAizOLWV,636.0
984,0,NmilzqZp,JdZarNsv,636.0
984,0,TCMQvOqy,NmilzqZp,552.0
984,0,JyqrAKLu,TCMQvOqy,565.0
179,0,QaQvGPmN,yRpreQRc,1415.0
179,0,HNYicgCh,QaQvGPmN,1415.0
179,0,RVNzMGgw,HNYicgCh,1415.0
179,0,dKSFzIqs,RVNzMGgw,1415.0
179,0,QeEdlYuU,dKSFzIqs,595.0
179,0,LXDQjYxM,QeEdlYuU,595.0
179,0,qVzVrWDp,LXDQjYxM,595.0
179,0,OoNwiPDT,ztLkgYlA,878.0
179,0,ftvNhZKM,OoNwiPDT,878.0
179,0,KLTxOJqh,ftvNhZKM,878.0
179,0,IURTQlCB,KLTxOJqh,878.0
179,0,ojINhgSe,IURTQlCB,1377.0
179,0,pFAoJEPO,ojINhgSe,1377.0
179,0,fCvqoWrT,pFAoJEPO,1377.0
179,0,yRpreQRc,fCvqoWrT,1399.0
1690,0,bCOJrgoA,tMEROJFH,27.0
1690,0,RQiSRtZp,bCOJrgoA,27.0
1690,0,lQHWhrGj,RQiSRtZp,27.0
1690,0,OOOhsNkv,lQHWhrGj,27.0
1690,0,CgcphXSb,OOOhsNkv,27.0
1690,0,texSWQet,CgcphXSb,27.0
1690,0,lxBswvKX,texSWQet,27.0
1690,0,KLTxOJqh,lxBswvKX,42.0
1690,0,idAQxYim,KLTxOJqh,42.0
1690,0,rfNgKlRc,idAQxYim,45.0
1690,0,BIvEdfHJ,rfNgKlRc,45.0
16,0,TurKlwMz,NkWMDpBL,3237.0
16,0,JvVxAKet,TurKlwMz,3237.0
272,0,oVNIhiyF,TurKlwMz,2186.0
264,0,oVNIhiyF,TurKlwMz,573.0
594,0,lotPPedu,nBYHMnkU,162.0
594,0,ERIWLSEl,lotPPedu,102.0
594,0,qsoLaWuJ,ERIWLSEl,102.0
594,0,WSBJbplj,qsoLaWuJ,102.0
594,0,THUDGZDu,WSBJbplj,102.0
594,0,XUEgpuYS,THUDGZDu,100.0
594,0,lXZmsBCe,XUEgpuYS,11.0
594,0,oftwwzSy,lXZmsBCe,11.0
594,0,CKNrjFUU,oftwwzSy,11.0
594,0,EtvjcvTp,CKNrjFUU,11.0
594,0,wuyFtExA,EtvjcvTp,6.0
594,0,MrybjzSo,wuyFtExA,6.0
594,0,yrRBvFtZ,MrybjzSo,6.0
985,0,lotPPedu,nBYHMnkU,798.0
596,0,lotPPedu,nBYHMnkU,141.0
596,0,ERIWLSEl,lotPPedu,110.0
596,0,qsoLaWuJ,ERIWLSEl,110.0
596,0,WSBJbplj,qsoLaWuJ,110.0
596,0,THUDGZDu,WSBJbplj,110.0
596,0,XUEgpuYS,THUDGZDu,110.0
596,0,lXZmsBCe,XUEgpuYS,70.0
596,0,oftwwzSy,lXZmsBCe,70.0
596,0,CKNrjFUU,oftwwzSy,70.0
596,0,EtvjcvTp,CKNrjFUU,70.0
596,0,wuyFtExA,EtvjcvTp,25.0
596,0,MrybjzSo,wuyFtExA,25.0
594,0,OHkaqvpq,SmQHomzq,481.0
594,0,nxJXVeix,OHkaqvpq,481.0
1120,0,lotPPedu,nBYHMnkU,22.0
1120,0,ERIWLSEl,lotPPedu,16.0
1120,0,qsoLaWuJ,ERIWLSEl,16.0
1120,0,WSBJbplj,qsoLaWuJ,16.0
1120,0,THUDGZDu,WSBJbplj,16.0
1120,0,XUEgpuYS,THUDGZDu,16.0
1120,0,lXZmsBCe,XUEgpuYS,3.0
1120,0,oftwwzSy,lXZmsBCe,3.0
1120,0,CKNrjFUU,oftwwzSy,3.0
1120,0,EtvjcvTp,CKNrjFUU,3.0
1120,0,wuyFtExA,EtvjcvTp,3.0
1120,0,MrybjzSo,wuyFtExA,3.0
1120,0,yrRBvFtZ,MrybjzSo,3.0
483,0,EXHVDpee,NuwmOhpA,41.0
483,0,NkWMDpBL,EXHVDpee,41.0
483,0,TurKlwMz,NkWMDpBL,41.0
483,0,oVNIhiyF,TurKlwMz,41.0
1193,0,fCvqoWrT,SiflCzMU,1183.0
1193,0,yRpreQRc,fCvqoWrT,1117.0
1193,0,QaQvGPmN,yRpreQRc,1019.0
1193,0,HNYicgCh,QaQvGPmN,968.0
1193,0,RVNzMGgw,HNYicgCh,922.0
1193,0,PqoYMtMO,RVNzMGgw,922.0
657,0,RqfbhkOP,cNHGbHfW,503.0
657,0,sUAChhLU,RqfbhkOP,503.0
657,0,TCMQvOqy,sUAChhLU,308.0
657,0,JyqrAKLu,TCMQvOqy,196.0
657,0,XxhwFmzZ,JyqrAKLu,196.0
657,0,sonNAVmZ,XxhwFmzZ,196.0
657,0,aWeAvoyP,sonNAVmZ,130.0
657,0,exnIZrMP,aWeAvoyP,130.0
657,0,zoqWMrrO,exnIZrMP,130.0
657,0,WSMobtPt,zoqWMrrO,130.0
657,0,ClDeGdta,WSMobtPt,130.0
179,0,sNuKvPuW,TDvESTZN,156.0
179,0,AUBTKFbY,sNuKvPuW,156.0
179,0,fjevhefZ,AUBTKFbY,165.0
179,0,vyQyYYqJ,fjevhefZ,256.0
179,0,ztLkgYlA,vyQyYYqJ,256.0
971,0,qkTCgKXX,YoEMZEcq,18.0
971,0,XjSQdTLS,qkTCgKXX,18.0
971,0,dKSFzIqs,XjSQdTLS,27.0
313,0,qqQgwpPP,DYKvrufv,606.0
313,0,ORsEDdLG,qqQgwpPP,606.0
313,0,jsnedRvy,ORsEDdLG,918.0
313,0,PpWfKRbL,jsnedRvy,919.0
313,0,aaSaUDum,PpWfKRbL,938.0
313,0,cmBFyxQG,aaSaUDum,938.0
179,0,KCMgfriT,qzuHypgA,134.0
179,0,hVMLOzME,KCMgfriT,155.0
179,0,TDvESTZN,hVMLOzME,155.0
179,0,AszcEtOu,BpAiVnps,54.0
179,0,TCqyxHhF,AszcEtOu,59.0
179,0,TcEVvOUM,TCqyxHhF,59.0
179,0,qGnNRXVR,TcEVvOUM,59.0
179,0,ouPwTbuD,qGnNRXVR,59.0
179,0,MwLdaJul,ouPwTbuD,59.0
179,0,QUMnpJQp,MwLdaJul,89.0
179,0,FyIjwLBj,QUMnpJQp,98.0
179,0,vXPGJwVk,FyIjwLBj,98.0
179,0,qzuHypgA,vXPGJwVk,98.0
174,0,pFAoJEPO,ojINhgSe,42.0
174,0,fCvqoWrT,pFAoJEPO,42.0
174,0,yRpreQRc,fCvqoWrT,26.0
174,0,QaQvGPmN,yRpreQRc,26.0
174,0,HNYicgCh,QaQvGPmN,26.0
179,0,IuRRuHdp,qVzVrWDp,564.0
179,0,agmUQnfF,IuRRuHdp,564.0
179,0,CbblRkaH,agmUQnfF,506.0
179,0,BldTZUAI,CbblRkaH,578.0
179,0,nBYHMnkU,BldTZUAI,578.0
179,0,lotPPedu,nBYHMnkU,578.0
16,0,bbaQRYSI,JvVxAKet,2392.0
16,0,lDHqxCQW,bbaQRYSI,2392.0
16,0,qGgPbtbT,lDHqxCQW,2392.0
272,0,bbaQRYSI,oVNIhiyF,1283.0
272,0,lDHqxCQW,bbaQRYSI,1283.0
272,0,qGgPbtbT,lDHqxCQW,1283.0
970,0,EXHVDpee,NuwmOhpA,28.0
970,0,NkWMDpBL,EXHVDpee,28.0
970,0,TurKlwMz,NkWMDpBL,28.0
970,0,oVNIhiyF,TurKlwMz,28.0
970,0,bbaQRYSI,oVNIhiyF,28.0
970,0,lDHqxCQW,bbaQRYSI,28.0
970,0,qGgPbtbT,lDHqxCQW,28.0
264,0,bbaQRYSI,oVNIhiyF,349.0
264,0,lDHqxCQW,bbaQRYSI,349.0
264,0,qGgPbtbT,lDHqxCQW,349.0
179,0,ERIWLSEl,lotPPedu,478.0
179,0,qsoLaWuJ,ERIWLSEl,478.0
179,0,WSBJbplj,qsoLaWuJ,478.0
179,0,THUDGZDu,WSBJbplj,478.0
483,0,bbaQRYSI,oVNIhiyF,27.0
483,0,lDHqxCQW,bbaQRYSI,27.0
483,0,qGgPbtbT,lDHqxCQW,27.0
990,0,DzkWADkh,gmiMCrrb,6039.0
990,0,MjMnNBLG,DzkWADkh,6058.0
990,0,XiRzIewe,MjMnNBLG,6058.0
990,0,HEshVETB,XiRzIewe,6642.0
106,0,AszcEtOu,BpAiVnps,5925.0
106,0,TCqyxHhF,AszcEtOu,6334.0
106,0,TcEVvOUM,TCqyxHhF,6364.0
106,0,qGnNRXVR,TcEVvOUM,6390.0
106,0,ouPwTbuD,qGnNRXVR,6390.0
106,0,MwLdaJul,ouPwTbuD,6707.0
106,0,QUMnpJQp,MwLdaJul,7406.0
106,0,FyIjwLBj,QUMnpJQp,7362.0
106,0,vXPGJwVk,FyIjwLBj,7218.0
106,0,GjiyfRqd,vXPGJwVk,7218.0
106,0,qzuHypgA,GjiyfRqd,6688.0
106,0,KCMgfriT,qzuHypgA,6699.0
106,0,hVMLOzME,KCMgfriT,6379.0
106,0,TDvESTZN,hVMLOzME,6379.0
736,0,vDFCntfg,YvwuVYMF,5251.0
736,0,iEKDTvNf,vDFCntfg,5255.0
736,0,MyGqmywG,iEKDTvNf,5255.0
736,0,XLVjRryq,NxbXiMUL,6543.0
736,0,RVEyrwjR,XLVjRryq,6700.0
984,0,bbaQRYSI,oVNIhiyF,199.0
984,0,lDHqxCQW,bbaQRYSI,199.0
984,0,qGgPbtbT,lDHqxCQW,199.0
173,0,JFVlrPHE,gcUmxKgT,440.0
594,0,WdOwNGhj,xfbmoJHP,380.0
594,0,LgyCGIBw,WdOwNGhj,380.0
594,0,OUgQnZLY,LgyCGIBw,477.0
594,0,SmQHomzq,OUgQnZLY,477.0
919,0,yVpVwFWL,HyvnzuHA,523.0
919,0,UYClvrsH,yVpVwFWL,523.0
919,0,GdIqHDLj,UYClvrsH,523.0
919,0,SclqdZtd,GdIqHDLj,523.0
919,0,LtmbDsIv,SclqdZtd,524.0
919,0,aRwBTLyd,LtmbDsIv,524.0
919,0,BpJuosmx,aRwBTLyd,524.0
919,0,tIHUlMxX,BpJuosmx,521.0
919,0,jucOpUOn,tIHUlMxX,521.0
919,0,qdCMxZSc,jucOpUOn,521.0
919,0,ptvIaUTy,qdCMxZSc,521.0
919,0,dvaPHMux,ptvIaUTy,521.0
264,0,VQfPRvUw,qGgPbtbT,3.0
16,0,VQfPRvUw,qGgPbtbT,38.0
272,0,VQfPRvUw,qGgPbtbT,6.0
297,0,lQHWhrGj,tldUULAx,197.0
297,0,OOOhsNkv,lQHWhrGj,197.0
297,0,CgcphXSb,OOOhsNkv,197.0
297,0,texSWQet,CgcphXSb,197.0
297,0,lxBswvKX,texSWQet,197.0
297,0,OoNwiPDT,lxBswvKX,263.0
297,0,ftvNhZKM,OoNwiPDT,263.0
297,0,KLTxOJqh,ftvNhZKM,263.0
297,0,IURTQlCB,KLTxOJqh,263.0
297,0,ojINhgSe,IURTQlCB,307.0
297,0,SiflCzMU,ojINhgSe,307.0
297,0,fCvqoWrT,SiflCzMU,355.0
297,0,yRpreQRc,fCvqoWrT,355.0
297,0,QaQvGPmN,yRpreQRc,355.0
297,0,HNYicgCh,QaQvGPmN,355.0
297,0,RVNzMGgw,HNYicgCh,355.0
297,0,QeEdlYuU,RVNzMGgw,355.0
297,0,LXDQjYxM,QeEdlYuU,355.0
297,0,qVzVrWDp,LXDQjYxM,355.0
297,0,IuRRuHdp,qVzVrWDp,355.0
297,0,QZgueNIh,IuRRuHdp,355.0
984,0,XxhwFmzZ,JyqrAKLu,556.0
984,0,QZgueNIh,XxhwFmzZ,1178.0
1690,0,OTfWLQWk,BIvEdfHJ,30.0
173,0,PspudWCJ,bDgEiJAh,1337.0
973,0,yGEvOQma,PqoYMtMO,31.0
973,0,gcrnRTRu,yGEvOQma,31.0
253,0,nEXpIbiD,DOGyniWl,2154.0
253,0,eTJQHplR,nEXpIbiD,2421.0
984,0,zGyJMIkT,yolIeCeg,5.0
984,0,YbVmHVTt,zGyJMIkT,5.0
984,0,ZlnerNQG,YbVmHVTt,5.0
984,0,FVWAEAei,ZlnerNQG,5.0
984,0,gVtshwcF,FVWAEAei,5.0
984,0,LmhVzFNJ,gVtshwcF,5.0
984,0,CmbQeSBI,LmhVzFNJ,5.0
984,0,RVyaKvKa,CmbQeSBI,5.0
984,0,OQRQrPoA,RVyaKvKa,5.0
984,0,CEyhPnMH,OQRQrPoA,5.0
984,0,ogrZorIF,CEyhPnMH,5.0
984,0,fumBmOZX,ogrZorIF,5.0
984,0,CLjYTiBy,fumBmOZX,5.0
984,0,NuwmOhpA,CLjYTiBy,5.0
984,0,EXHVDpee,NuwmOhpA,5.0
984,0,NkWMDpBL,EXHVDpee,128.0
984,0,TurKlwMz,NkWMDpBL,128.0
984,0,oVNIhiyF,TurKlwMz,128.0
1193,0,yGEvOQma,PqoYMtMO,125.0
1193,0,YoEMZEcq,yGEvOQma,125.0
173,0,TUrDxvOa,YoEMZEcq,559.0
170,0,qCZHeqZn,CPPeUlfG,591.0
984,0,JFVlrPHE,QZgueNIh,1248.0
170,0,CPPeUlfG,iFderoVa,298.0
170,0,KwXNMHkb,UxPxrYmy,285.0
170,0,YxUFlvZH,KwXNMHkb,285.0
170,0,KMLNQwjh,YxUFlvZH,293.0
170,0,aDaRCcaB,KMLNQwjh,293.0
170,0,dQYZBhGJ,aDaRCcaB,293.0
170,0,iFderoVa,dQYZBhGJ,293.0
170,0,hqOmlOIp,RrhmmPMm,207.0
170,0,qJgsxHch,hqOmlOIp,207.0
170,0,lxplrluY,qJgsxHch,207.0
170,0,zTJYYUap,lxplrluY,207.0
170,0,UxPxrYmy,zTJYYUap,207.0
170,0,YxYhlArE,NqSePdAx,147.0
170,0,sAswhpJr,YxYhlArE,147.0
170,0,VyHGAkTo,sAswhpJr,147.0
170,0,RrhmmPMm,VyHGAkTo,147.0
170,0,sceVWPKZ,dvaPHMux,121.0
170,0,NqSePdAx,sceVWPKZ,121.0
215,0,JovbzjVh,qDeoslSZ,370.0
215,0,LoxEXWve,JovbzjVh,370.0
215,0,TIoMzhxD,LoxEXWve,370.0
215,0,qqQgwpPP,TIoMzhxD,370.0
215,0,ORsEDdLG,qqQgwpPP,370.0
215,0,jsnedRvy,ORsEDdLG,200.0
215,0,PpWfKRbL,jsnedRvy,200.0
215,0,aaSaUDum,PpWfKRbL,152.0
215,0,cmBFyxQG,aaSaUDum,130.0
170,0,YoEMZEcq,qCZHeqZn,269.0
170,0,DULwephN,YoEMZEcq,269.0
71,0,tNSMkSfB,ZYCVVmjG,1547.0
487,0,MURlCahD,KRQMLlbw,3.0
487,0,znFDupZg,MURlCahD,3.0
487,0,osddylgA,znFDupZg,3.0
487,0,uiYVYPQX,osddylgA,3.0
487,0,zGyJMIkT,uiYVYPQX,17.0
487,0,YbVmHVTt,zGyJMIkT,17.0
487,0,ZlnerNQG,YbVmHVTt,17.0
487,0,FVWAEAei,ZlnerNQG,17.0
487,0,gVtshwcF,FVWAEAei,17.0
487,0,LmhVzFNJ,gVtshwcF,17.0
487,0,CmbQeSBI,LmhVzFNJ,17.0
487,0,RVyaKvKa,CmbQeSBI,17.0
487,0,OQRQrPoA,RVyaKvKa,17.0
487,0,CEyhPnMH,OQRQrPoA,17.0
487,0,ogrZorIF,CEyhPnMH,17.0
487,0,fumBmOZX,ogrZorIF,17.0
487,0,CLjYTiBy,fumBmOZX,17.0
487,0,NuwmOhpA,CLjYTiBy,17.0
487,0,EXHVDpee,NuwmOhpA,17.0
487,0,NkWMDpBL,EXHVDpee,17.0
487,0,TurKlwMz,NkWMDpBL,17.0
487,0,oVNIhiyF,TurKlwMz,17.0
487,0,bbaQRYSI,oVNIhiyF,17.0
487,0,lDHqxCQW,bbaQRYSI,17.0
487,0,qGgPbtbT,lDHqxCQW,17.0
487,0,CKNrjFUU,qGgPbtbT,17.0
487,0,VCGhveHG,CKNrjFUU,17.0
487,0,WQdyWhSR,VCGhveHG,17.0
487,0,vCGIyJLJ,WQdyWhSR,17.0
487,0,VXthmpcS,vCGIyJLJ,17.0
1096,0,GaUJjHvw,BIoUkdqn,2473.0
1096,0,xqPbgbrZ,GaUJjHvw,2473.0
1096,0,nlMKoEWl,xqPbgbrZ,2473.0
1096,0,KbKyxild,nlMKoEWl,2473.0
1096,0,WzJZybAt,KbKyxild,2380.0
1096,0,wBZvskGC,WzJZybAt,2352.0
1096,0,hlYcHDiv,wBZvskGC,2259.0
1096,0,ZUUFaTkv,hlYcHDiv,2259.0
1096,0,jgCiOeaN,ZUUFaTkv,2259.0
1096,0,TikfrWrm,jgCiOeaN,2259.0
1096,0,RabBrvbh,TikfrWrm,2259.0
1096,0,yAsGVYQM,RabBrvbh,2259.0
1096,0,XFPAZveS,yAsGVYQM,916.0
1096,0,ejMjPdTH,XFPAZveS,845.0
1096,0,CKorGRkE,ejMjPdTH,471.0
1096,0,eaNsVWDR,CKorGRkE,405.0
1096,0,CcDOWlNm,YVvBKwgW,1454.0
1096,0,yfjUYWEe,CcDOWlNm,1454.0
1096,0,LIgtsZTQ,yfjUYWEe,2316.0
1096,0,BIoUkdqn,LIgtsZTQ,2316.0
1030,0,sklTQuFm,VYHZxBYO,3031.0
1030,0,QhyQakxZ,sklTQuFm,3031.0
1030,0,yscklMzl,QhyQakxZ,3031.0
1030,0,UDUmRzWP,yscklMzl,3098.0
1030,0,pzSSkNJo,UDUmRzWP,3098.0
1030,0,kVWwehGs,pzSSkNJo,3092.0
1030,0,fnQyKclP,kVWwehGs,3270.0
1030,0,oDVZRjmi,fnQyKclP,3270.0
1030,0,aaeLLxLj,oDVZRjmi,3270.0
966,0,VQfPRvUw,qGgPbtbT,1935.0
966,0,VCGhveHG,VQfPRvUw,2011.0
966,0,WQdyWhSR,VCGhveHG,2011.0
626,0,tjcxfrSB,rINNylNh,1485.0
626,0,rHyPKpnR,tjcxfrSB,1485.0
626,0,lhvdYjIr,rHyPKpnR,1485.0
626,0,XkyHnVdm,lhvdYjIr,1963.0
626,0,aTKTVXJW,XkyHnVdm,1963.0
626,0,nFbddFoX,aTKTVXJW,1963.0
626,0,GudLituF,nFbddFoX,1963.0
966,0,ZlnerNQG,ozAxYCwR,529.0
966,0,YbVmHVTt,ZlnerNQG,529.0
966,0,FVWAEAei,YbVmHVTt,531.0
966,0,gVtshwcF,FVWAEAei,531.0
966,0,CmbQeSBI,gVtshwcF,608.0
966,0,RVyaKvKa,CmbQeSBI,608.0
966,0,OQRQrPoA,RVyaKvKa,608.0
966,0,CEyhPnMH,OQRQrPoA,907.0
966,0,ogrZorIF,CEyhPnMH,907.0
966,0,fumBmOZX,ogrZorIF,907.0
966,0,CLjYTiBy,fumBmOZX,907.0
966,0,NuwmOhpA,CLjYTiBy,975.0
966,0,EXHVDpee,NuwmOhpA,1314.0
966,0,NkWMDpBL,EXHVDpee,1314.0
966,0,TurKlwMz,NkWMDpBL,1314.0
966,0,oVNIhiyF,TurKlwMz,1316.0
966,0,bbaQRYSI,oVNIhiyF,1320.0
966,0,lDHqxCQW,bbaQRYSI,1320.0
966,0,qGgPbtbT,lDHqxCQW,1320.0
966,0,vCGIyJLJ,WQdyWhSR,2007.0
179,0,PoshUaCl,THUDGZDu,475.0
626,0,eJrsnsoz,GudLituF,1960.0
626,0,qAUjPEMf,eJrsnsoz,1958.0
626,0,isMwZYXy,qAUjPEMf,1954.0
966,0,eJrsnsoz,vCGIyJLJ,1973.0
966,0,isMwZYXy,eJrsnsoz,1973.0
179,0,tkhDcqas,PoshUaCl,466.0
179,0,jOvtnfLH,tkhDcqas,466.0
620,0,anmiXAus,AGDZrVfo,4.0
620,0,YJnTPbIZ,anmiXAus,5.0
620,0,xkPrOUqs,YJnTPbIZ,4.0
620,0,HAzkMqyk,xkPrOUqs,4.0
595,0,JyqrAKLu,TCMQvOqy,71.0
595,0,XxhwFmzZ,JyqrAKLu,71.0
595,0,QZgueNIh,XxhwFmzZ,71.0
595,0,JFVlrPHE,QZgueNIh,72.0
595,0,cpLivUai,JFVlrPHE,72.0
595,0,NTpJpHDd,cpLivUai,72.0
595,0,HQNzQizX,NTpJpHDd,360.0
595,0,WwskMIzD,HQNzQizX,360.0
595,0,rrasSNoc,WwskMIzD,360.0
595,0,bgsGiKIs,rrasSNoc,360.0
595,0,bbaQRYSI,JvVxAKet,2.0
595,0,lDHqxCQW,bbaQRYSI,2.0
595,0,qGgPbtbT,lDHqxCQW,2.0
595,0,CKNrjFUU,qGgPbtbT,9.0
595,0,VCGhveHG,CKNrjFUU,9.0
595,0,WQdyWhSR,VCGhveHG,9.0
595,0,vCGIyJLJ,WQdyWhSR,9.0
595,0,VXthmpcS,vCGIyJLJ,59.0
595,0,xuEvBBdE,VXthmpcS,59.0
595,0,rAizOLWV,xuEvBBdE,59.0
595,0,JdZarNsv,rAizOLWV,59.0
595,0,NmilzqZp,JdZarNsv,59.0
595,0,TCMQvOqy,NmilzqZp,62.0
1178,0,WdOwNGhj,xfbmoJHP,3904.0
1178,0,kKKRBhFF,WdOwNGhj,3904.0
1178,0,NFInfBeu,kKKRBhFF,3953.0
1178,0,VCQdmIoF,NFInfBeu,3953.0
1178,0,ePrpofUw,VCQdmIoF,3953.0
1178,0,KcvPUxQg,ePrpofUw,4256.0
1178,0,rbVbMNcM,KcvPUxQg,4017.0
1178,0,QYwjKQRO,rbVbMNcM,4851.0
1178,0,cNuXvIqU,QYwjKQRO,4851.0
1178,0,eXTEGQHB,cNuXvIqU,4851.0
1178,0,zTUODYgn,eXTEGQHB,4747.0
1178,0,eTPMYwkC,zTUODYgn,4718.0
1505,0,xQqwXgNZ,OVaoEscJ,3769.0
452,0,TIoMzhxD,LoxEXWve,8130.0
452,0,iRpWiLQH,TIoMzhxD,8011.0
452,0,qqQgwpPP,iRpWiLQH,7889.0
452,0,ORsEDdLG,qqQgwpPP,7889.0
452,0,jsnedRvy,ORsEDdLG,8043.0
452,0,PpWfKRbL,jsnedRvy,8042.0
452,0,aaSaUDum,PpWfKRbL,7966.0
452,0,zENMipIx,aaSaUDum,7926.0
452,0,cmBFyxQG,zENMipIx,7926.0
452,0,EuWqksqL,cmBFyxQG,7851.0
452,0,XRrjzlpH,EuWqksqL,7858.0
452,0,JVRJClPS,XRrjzlpH,7858.0
452,0,ZZUoaXbF,JVRJClPS,7800.0
452,0,fdiMUjeA,ZZUoaXbF,7778.0
452,0,lbTqXure,fdiMUjeA,7778.0
452,0,MyzUerZz,lbTqXure,7852.0
560,0,AesbwnPs,WywmvGMH,565.0
560,0,hzAARBgX,AesbwnPs,565.0
941,0,YqlTLIQa,ALhaazBT,1228.0
941,0,AUmOMGnp,YqlTLIQa,1222.0
941,0,XFPAZveS,AUmOMGnp,1208.0
941,0,ojqTFFWy,XFPAZveS,320.0
463,0,WIZPpGvl,MnTeelLR,8629.0
1180,0,jSSkauKM,JbCujTci,4937.0
1180,0,qLQHuyIe,jSSkauKM,5671.0
1180,0,apOzgzFy,qLQHuyIe,5681.0
1180,0,LAmktnrq,qflzswAf,2679.0
1180,0,JbCujTci,LAmktnrq,3422.0
400,0,clVXMHJf,nfCzcTzh,1741.0
400,0,UXEWVZzP,clVXMHJf,1741.0
400,0,MlYFoaez,UXEWVZzP,1407.0
539,0,oZJRchiN,wVKhsyCZ,25.0
539,0,ALhaazBT,FZsFzszJ,412.0
539,0,ZijVddwt,ALhaazBT,412.0
1107,0,NxZLWDKg,fslmqcXP,574.0
1107,0,ysYPVGOc,NxZLWDKg,574.0
1107,0,GgxxeDsY,ysYPVGOc,574.0
1107,0,OIDfcbwB,GgxxeDsY,574.0
1107,0,PCRBVfUw,OIDfcbwB,574.0
1107,0,uTBXaSDE,PCRBVfUw,574.0
1107,0,hnvEGTpC,uTBXaSDE,574.0
1107,0,sAuLGTlR,hnvEGTpC,574.0
1107,0,ixhHdGBo,sAuLGTlR,554.0
1107,0,spVkBMtX,ixhHdGBo,554.0
1107,0,uuLXjUrY,spVkBMtX,554.0
1107,0,ekoOPpVq,uuLXjUrY,554.0
1107,0,rljVoTvk,ekoOPpVq,554.0
1107,0,gxidCspv,rljVoTvk,554.0
1107,0,wRTYbalx,gxidCspv,552.0
1107,0,ZqOseExI,wRTYbalx,552.0
1107,0,FdBCLyPI,ZqOseExI,552.0
1107,0,CrOFTJlw,FdBCLyPI,552.0
1107,0,PyGiRErs,CrOFTJlw,540.0
1030,0,vDTAjOOR,yQmtaWgt,1495.0
1030,0,VYHZxBYO,vDTAjOOR,1495.0
1092,0,KrLSLIZd,OjBZWzOO,984.0
1092,0,yQmtaWgt,KrLSLIZd,984.0
1107,0,WMODaVhE,GSOqnCzV,697.0
1107,0,SzPBLAwy,WMODaVhE,697.0
1107,0,nEsTDuVQ,SzPBLAwy,707.0
1107,0,TTqWKaTM,nEsTDuVQ,707.0
1107,0,liUSqvwm,TTqWKaTM,707.0
1107,0,icUOEXSt,liUSqvwm,707.0
1107,0,ggnpPWOO,icUOEXSt,707.0
1107,0,nnnLtFmO,ggnpPWOO,707.0
1107,0,OLVfWwhL,nnnLtFmO,707.0
1107,0,wfDLjSSS,OLVfWwhL,523.0
1107,0,fslmqcXP,wfDLjSSS,522.0
1030,0,ajteUQkz,VpHOqNar,1177.0
1030,0,XmmyKsTm,ajteUQkz,1177.0
1030,0,gNJqbiHM,XmmyKsTm,1177.0
1030,0,NrUUQlkk,gNJqbiHM,1177.0
1030,0,yQmtaWgt,NrUUQlkk,1177.0
1107,0,yhxUltpl,JRMVrfdD,39.0
1107,0,bEntPTsf,yhxUltpl,39.0
1107,0,qIHRQZMb,bEntPTsf,39.0
1107,0,GSOqnCzV,qIHRQZMb,39.0
1107,0,bghpxDOJ,XaVBQtHA,15.0
1107,0,JRMVrfdD,bghpxDOJ,15.0
1103,0,OoNwiPDT,ztLkgYlA,25.0
1103,0,ftvNhZKM,OoNwiPDT,26.0
1103,0,KLTxOJqh,ftvNhZKM,26.0
1103,0,idAQxYim,KLTxOJqh,26.0
1103,0,ldInPGbn,idAQxYim,31.0
1103,0,WGEhEMgb,ldInPGbn,31.0
1103,0,WblAIghg,WGEhEMgb,31.0
1103,0,yXfOYhmg,WblAIghg,31.0
1103,0,cHOtlpNd,yXfOYhmg,31.0
1103,0,bDgEiJAh,cHOtlpNd,31.0
1103,0,HYSXwpsm,bDgEiJAh,31.0
1103,0,MAxpakLW,HYSXwpsm,31.0
1103,0,wzaIlAwh,MAxpakLW,31.0
598,0,UufKZTKG,VVXTrukI,2.0
598,0,kJlOJSYi,UufKZTKG,2.0
598,0,wzaIlAwh,kJlOJSYi,4.0
595,0,pjrUunbL,FnMlnlru,450.0
595,0,pobpsCoK,pjrUunbL,450.0
1104,0,TXAdjSyo,SmQHomzq,26.0
1104,0,UIFNotIh,TXAdjSyo,27.0
1104,0,roHCvggS,UIFNotIh,27.0
1104,0,WdOwNGhj,xfbmoJHP,22.0
1104,0,LgyCGIBw,WdOwNGhj,22.0
1104,0,OUgQnZLY,LgyCGIBw,22.0
1104,0,SmQHomzq,OUgQnZLY,22.0
1054,0,aYIMvmGX,qdrjbHYS,93.0
1054,0,WGGanwZU,aYIMvmGX,93.0
1054,0,ArHpJhVJ,WGGanwZU,147.0
1054,0,tWpVdCtj,ArHpJhVJ,149.0
1054,0,EdJUuxct,tWpVdCtj,149.0
1054,0,gmiMCrrb,EdJUuxct,149.0
1054,0,DzkWADkh,gmiMCrrb,153.0
1054,0,MjMnNBLG,DzkWADkh,153.0
1054,0,XiRzIewe,MjMnNBLG,153.0
1054,0,DalDuuww,XiRzIewe,155.0
1054,0,WlkKexEs,DalDuuww,155.0
1054,0,MyzUerZz,WlkKexEs,155.0
1054,0,hTBkjNzq,MyzUerZz,155.0
1054,0,aCcokpIU,hTBkjNzq,155.0
1054,0,IWuAfYeM,aCcokpIU,155.0
1054,0,AKEMZMhk,IWuAfYeM,155.0
1054,0,oXDhDxhT,AKEMZMhk,155.0
1054,0,twlwLPZj,oXDhDxhT,157.0
1054,0,NjRgIRup,twlwLPZj,157.0
1054,0,rlFkXMBS,NjRgIRup,683.0
1054,0,lxkWqJCv,rlFkXMBS,683.0
105,0,plWWPiMc,mnkgCFDT,1560.0
105,0,HcPkwFHM,plWWPiMc,1586.0
105,0,KjuJaNsu,HcPkwFHM,2091.0
105,0,oNyGHMvy,KjuJaNsu,2092.0
105,0,QdnKSSsO,oNyGHMvy,2096.0
105,0,vSdfqYeK,QdnKSSsO,2292.0
105,0,wDpyEsxh,vSdfqYeK,2292.0
105,0,jIerKxIb,wDpyEsxh,2298.0
105,0,IubGYoNi,jIerKxIb,2604.0
105,0,fmQEzQWV,IubGYoNi,2709.0
105,0,BpAiVnps,fmQEzQWV,3354.0
105,0,AszcEtOu,BpAiVnps,3356.0
105,0,TcEVvOUM,AszcEtOu,4377.0
105,0,qGnNRXVR,TcEVvOUM,4377.0
105,0,MwLdaJul,qGnNRXVR,4384.0
105,0,QUMnpJQp,MwLdaJul,4393.0
105,0,FyIjwLBj,QUMnpJQp,4395.0
105,0,vXPGJwVk,FyIjwLBj,4395.0
105,0,qzuHypgA,vXPGJwVk,4395.0
105,0,JVRJClPS,qzuHypgA,4395.0
105,0,ZZUoaXbF,JVRJClPS,4391.0
105,0,fdiMUjeA,ZZUoaXbF,4391.0
105,0,lbTqXure,fdiMUjeA,4391.0
105,0,MyzUerZz,lbTqXure,4338.0
105,0,hTBkjNzq,MyzUerZz,2680.0
105,0,aCcokpIU,hTBkjNzq,2522.0
105,0,IWuAfYeM,aCcokpIU,2203.0
105,0,AKEMZMhk,IWuAfYeM,2203.0
105,0,oXDhDxhT,AKEMZMhk,2203.0
105,0,twlwLPZj,oXDhDxhT,2008.0
105,0,NjRgIRup,twlwLPZj,1995.0
452,0,hTBkjNzq,MyzUerZz,7297.0
452,0,aCcokpIU,hTBkjNzq,5800.0
452,0,IWuAfYeM,aCcokpIU,5277.0
452,0,AKEMZMhk,IWuAfYeM,5277.0
452,0,oXDhDxhT,AKEMZMhk,5277.0
452,0,twlwLPZj,oXDhDxhT,4052.0
452,0,xfbmoJHP,twlwLPZj,4029.0
1745,0,AHQzSmld,CTeFabzs,1299.0
1745,0,UWSJuCAz,AHQzSmld,1299.0
1745,0,xfYjeqNM,UWSJuCAz,1298.0
1745,0,nrUfCQxz,xfYjeqNM,1298.0
1745,0,iBiVOFur,nrUfCQxz,1077.0
1745,0,niqrIlpR,iBiVOFur,999.0
1745,0,uVsOstge,niqrIlpR,667.0
1745,0,HTKZNJTs,uVsOstge,659.0
1745,0,qvujbmjR,HTKZNJTs,632.0
1745,0,REvIjxsO,qvujbmjR,632.0
1745,0,CylWjYTC,REvIjxsO,632.0
1745,0,yMiwNCtj,CylWjYTC,560.0
1745,0,dulnZXnF,yMiwNCtj,560.0
1745,0,RkIYOvZu,dulnZXnF,560.0
1745,0,ygKQkAfU,RkIYOvZu,560.0
106,0,WlkKexEs,TDvESTZN,5460.0
106,0,MyzUerZz,WlkKexEs,3796.0
106,0,hTBkjNzq,MyzUerZz,3795.0
106,0,aCcokpIU,hTBkjNzq,3687.0
106,0,IWuAfYeM,aCcokpIU,3113.0
106,0,AKEMZMhk,IWuAfYeM,3113.0
106,0,oXDhDxhT,AKEMZMhk,3113.0
106,0,twlwLPZj,oXDhDxhT,2755.0
106,0,xfbmoJHP,twlwLPZj,2755.0
1567,0,nPkrzCty,UgpyjFML,3091.0
1141,0,jIerKxIb,nPkrzCty,908.0
599,0,ijmqRmKp,roHCvggS,7.0
990,0,WKWTpoqQ,HEshVETB,6414.0
990,0,WlkKexEs,WKWTpoqQ,7150.0
990,0,MyzUerZz,WlkKexEs,7139.0
990,0,hTBkjNzq,MyzUerZz,6096.0
46,0,hTBkjNzq,hSdNxZqe,4423.0
1180,0,hTBkjNzq,hSdNxZqe,4632.0
984,0,cpLivUai,JFVlrPHE,1243.0
984,0,fKUdbDza,cpLivUai,1243.0
984,0,DATqCMmz,fKUdbDza,1371.0
984,0,BSeIJfkI,DATqCMmz,2117.0
297,0,JFVlrPHE,QZgueNIh,346.0
297,0,cpLivUai,JFVlrPHE,346.0
297,0,fKUdbDza,cpLivUai,346.0
297,0,DATqCMmz,fKUdbDza,346.0
297,0,ILgjTtXh,DATqCMmz,346.0
173,0,cpLivUai,JFVlrPHE,431.0
173,0,fKUdbDza,cpLivUai,431.0
173,0,DATqCMmz,fKUdbDza,431.0
173,0,ILgjTtXh,DATqCMmz,431.0
990,0,aCcokpIU,hTBkjNzq,6093.0
1180,0,aCcokpIU,hTBkjNzq,4192.0
178,0,DzkWADkh,tBgOcvQf,913.0
178,0,MjMnNBLG,DzkWADkh,913.0
178,0,XiRzIewe,MjMnNBLG,913.0
178,0,udKeccMr,XiRzIewe,890.0
178,0,HEshVETB,udKeccMr,890.0
178,0,WKWTpoqQ,HEshVETB,890.0
46,0,aCcokpIU,hTBkjNzq,3824.0
712,0,TcTonWJL,HJTsgSzj,1961.0
712,0,NJSgWoOc,TcTonWJL,1959.0
712,0,RIpTuvwk,NJSgWoOc,2782.0
712,0,ubzklVlS,RIpTuvwk,3420.0
736,0,XFPAZveS,AUmOMGnp,7226.0
736,0,ojqTFFWy,XFPAZveS,5300.0
990,0,IWuAfYeM,aCcokpIU,4938.0
990,0,AKEMZMhk,IWuAfYeM,4938.0
990,0,oXDhDxhT,AKEMZMhk,4938.0
595,0,oSlWllmq,bgsGiKIs,424.0
595,0,FnMlnlru,oSlWllmq,424.0
858,0,aHGuzSTo,KAhfQHTl,639.0
858,0,ttlZXoMn,aHGuzSTo,639.0
858,0,eYRPTRrW,ttlZXoMn,688.0
858,0,ABXRUWWW,eYRPTRrW,688.0
858,0,RobpRsZS,ABXRUWWW,688.0
858,0,NALyFlzQ,RobpRsZS,1136.0
858,0,qIuTLVvj,NALyFlzQ,1136.0
966,0,SogEaGxk,isMwZYXy,1128.0
966,0,lCifaItn,SogEaGxk,1128.0
626,0,SogEaGxk,isMwZYXy,1512.0
626,0,lCifaItn,SogEaGxk,1512.0
1071,0,ozAxYCwR,uiYVYPQX,22.0
1075,0,RzNLGwXH,UfaDzlyU,1187.0
1075,0,wRYiQgEn,RzNLGwXH,1187.0
1075,0,yfISbYOh,wRYiQgEn,1196.0
537,0,uzcbLUNR,GOFbtMrp,65.0
537,0,zezeKItL,uzcbLUNR,65.0
537,0,VpHOqNar,zezeKItL,65.0
537,0,vDTAjOOR,VpHOqNar,65.0
537,0,UDUmRzWP,vDTAjOOR,65.0
537,0,kVWwehGs,UDUmRzWP,65.0
537,0,ixhHdGBo,kVWwehGs,65.0
537,0,agMXkLfj,ixhHdGBo,65.0
537,0,SwLVnWPq,agMXkLfj,65.0
537,0,xGsoSfhX,SwLVnWPq,65.0
1103,0,OOrUJecL,wzaIlAwh,55.0
1103,0,VniBJCzY,OOrUJecL,55.0
1103,0,RtYHfABF,VniBJCzY,54.0
597,0,JyqrAKLu,TCMQvOqy,196.0
597,0,XxhwFmzZ,JyqrAKLu,196.0
597,0,QZgueNIh,XxhwFmzZ,196.0
597,0,JFVlrPHE,QZgueNIh,258.0
597,0,cpLivUai,JFVlrPHE,258.0
597,0,fKUdbDza,cpLivUai,258.0
597,0,DATqCMmz,fKUdbDza,311.0
597,0,ILgjTtXh,DATqCMmz,311.0
597,0,XaFkCXdj,ILgjTtXh,1100.0
597,0,bbaQRYSI,oVNIhiyF,10.0
597,0,lDHqxCQW,bbaQRYSI,10.0
597,0,qGgPbtbT,lDHqxCQW,10.0
597,0,VQfPRvUw,qGgPbtbT,58.0
597,0,VCGhveHG,VQfPRvUw,58.0
597,0,WQdyWhSR,VCGhveHG,58.0
597,0,vCGIyJLJ,WQdyWhSR,58.0
597,0,VXthmpcS,vCGIyJLJ,84.0
597,0,xuEvBBdE,VXthmpcS,84.0
597,0,rAizOLWV,xuEvBBdE,84.0
597,0,JdZarNsv,rAizOLWV,84.0
597,0,NmilzqZp,JdZarNsv,84.0
597,0,TCMQvOqy,NmilzqZp,96.0
929,0,GrIDUMrH,ymMHSssn,34.0
929,0,XxJaecnl,GrIDUMrH,34.0
929,0,QFazRNUC,XxJaecnl,34.0
929,0,HyvnzuHA,QFazRNUC,34.0
297,0,bCOJrgoA,qDeoslSZ,115.0
297,0,IwMXsDOu,bCOJrgoA,115.0
297,0,gOJphFVT,IwMXsDOu,115.0
297,0,dBTDkDZt,gOJphFVT,115.0
297,0,tldUULAx,dBTDkDZt,115.0
598,0,OOrUJecL,wzaIlAwh,1.0
598,0,VniBJCzY,OOrUJecL,1.0
626,0,dFlAswnV,lCifaItn,1501.0
626,0,pjTBCsVx,dFlAswnV,1501.0
487,0,PoshUaCl,VXthmpcS,14.0
487,0,tkhDcqas,PoshUaCl,14.0
487,0,jOvtnfLH,tkhDcqas,14.0
487,0,VrqtMskC,jOvtnfLH,14.0
487,0,nwGGoSvm,VrqtMskC,14.0
487,0,msGFqCDa,nwGGoSvm,14.0
487,0,AoAbuPJW,msGFqCDa,14.0
487,0,WPcaURVq,AoAbuPJW,14.0
966,0,dFlAswnV,lCifaItn,1033.0
966,0,pjTBCsVx,dFlAswnV,1033.0
179,0,VrqtMskC,jOvtnfLH,442.0
179,0,nwGGoSvm,VrqtMskC,442.0
179,0,msGFqCDa,nwGGoSvm,442.0
179,0,AoAbuPJW,msGFqCDa,442.0
179,0,WPcaURVq,AoAbuPJW,442.0
984,0,zLDXwGdB,BSeIJfkI,1933.0
984,0,IWsbluFe,zLDXwGdB,1933.0
984,0,SUgOBtjk,IWsbluFe,1933.0
984,0,gACwumWT,SUgOBtjk,1933.0
984,0,JtZjSNXW,gACwumWT,1933.0
297,0,SUgOBtjk,ILgjTtXh,311.0
297,0,JtZjSNXW,SUgOBtjk,311.0
173,0,SUgOBtjk,ILgjTtXh,425.0
173,0,JtZjSNXW,SUgOBtjk,425.0
919,0,UosQUisT,Jrutayet,109.0
919,0,FQOgjaka,UosQUisT,109.0
919,0,URvEqJxF,FQOgjaka,109.0
919,0,JalqBTeK,URvEqJxF,109.0
919,0,UAwQbGIv,JalqBTeK,109.0
919,0,HyvnzuHA,UAwQbGIv,109.0
1180,0,IWuAfYeM,aCcokpIU,3419.0
1180,0,AKEMZMhk,IWuAfYeM,3419.0
1180,0,oXDhDxhT,AKEMZMhk,3419.0
46,0,IWuAfYeM,aCcokpIU,3273.0
46,0,AKEMZMhk,IWuAfYeM,3273.0
46,0,oXDhDxhT,AKEMZMhk,3272.0
729,0,yTOnYgGF,EsTStEav,6.0
729,0,mXosqjnx,yTOnYgGF,6.0
179,0,shsbwlrM,WPcaURVq,378.0
179,0,WgelRheP,shsbwlrM,378.0
626,0,XMFZXZdV,pjTBCsVx,1112.0
966,0,XMFZXZdV,pjTBCsVx,842.0
626,0,MBttAlCW,ZAfIffxq,465.0
910,0,krXgCSzh,KLSPMOeO,33.0
910,0,yDCZcPdO,krXgCSzh,33.0
910,0,KLSPMOeO,EpCFePOD,21.0
910,0,EpCFePOD,vOivHtRX,28.0
501,0,QontmjvH,JIllbhjr,334.0
501,0,flXjJYer,QontmjvH,334.0
501,0,oBtsEQRM,flXjJYer,334.0
501,0,UFoaQvGg,oBtsEQRM,334.0
501,0,yHDouIXe,UFoaQvGg,334.0
501,0,aFlzccOO,yHDouIXe,334.0
501,0,XAxmwtqw,aFlzccOO,334.0
501,0,ThGrfpxl,XAxmwtqw,334.0
501,0,TUpCuZAw,ThGrfpxl,270.0
501,0,HYfXIyFk,TUpCuZAw,270.0
501,0,oQvXmJfL,HYfXIyFk,270.0
501,0,yayPNqiY,oQvXmJfL,270.0
501,0,pOvHFZPM,yayPNqiY,270.0
501,0,hOGVczfj,pOvHFZPM,270.0
501,0,kXtCwJQx,hOGVczfj,270.0
501,0,UZvsWvxC,kXtCwJQx,270.0
501,0,Afgbwxue,UZvsWvxC,270.0
501,0,yHOAvGcL,Afgbwxue,224.0
501,0,AHQzSmld,yHOAvGcL,224.0
501,0,UWSJuCAz,AHQzSmld,224.0
501,0,xfYjeqNM,UWSJuCAz,224.0
501,0,nrUfCQxz,xfYjeqNM,224.0
501,0,iBiVOFur,nrUfCQxz,196.0
501,0,UECnapuN,iBiVOFur,196.0
501,0,uVsOstge,UECnapuN,196.0
501,0,HTKZNJTs,uVsOstge,196.0
501,0,qvujbmjR,HTKZNJTs,194.0
501,0,REvIjxsO,qvujbmjR,194.0
501,0,CylWjYTC,REvIjxsO,194.0
501,0,yMiwNCtj,CylWjYTC,175.0
501,0,dulnZXnF,yMiwNCtj,175.0
501,0,RkIYOvZu,dulnZXnF,175.0
501,0,ygKQkAfU,RkIYOvZu,175.0
1338,0,QpprBOSr,SOVcCDqR,8617.0
1338,0,Plxavose,QpprBOSr,5732.0
597,0,HcOWfPMU,XaFkCXdj,742.0
1057,0,eIBTCCCb,gozRELiL,6.0
1057,0,rluMkzbt,rREIWzym,5.0
1057,0,oTXyBJNn,rluMkzbt,5.0
1057,0,AIvMrZbX,oTXyBJNn,5.0
1057,0,DFuWYygu,AIvMrZbX,5.0
1057,0,iKWaHdND,DFuWYygu,5.0
1057,0,sZMRTtVP,iKWaHdND,5.0
1057,0,gozRELiL,sZMRTtVP,5.0
1057,0,rREIWzym,TmbwpUyz,4.0
46,0,twlwLPZj,oXDhDxhT,3202.0
273,0,fkZFUNSd,TrOiZJox,2494.0
273,0,JYrrjUtU,fkZFUNSd,2494.0
273,0,cttUtMNm,JYrrjUtU,2494.0
273,0,wHfmVQMh,cttUtMNm,2472.0
273,0,mdGitRQe,wHfmVQMh,2170.0
273,0,RVGhYAxc,mdGitRQe,1905.0
626,0,DxyTpirl,XMFZXZdV,531.0
626,0,xvojPNrb,DxyTpirl,531.0
626,0,ZAfIffxq,xvojPNrb,531.0
966,0,DxyTpirl,XMFZXZdV,450.0
966,0,xvojPNrb,DxyTpirl,450.0
966,0,ZAfIffxq,xvojPNrb,450.0
625,0,XwjzzvVV,WgelRheP,508.0
625,0,exwEUcIO,XwjzzvVV,508.0
625,0,jisQZBDs,exwEUcIO,508.0
625,0,NcoWExwJ,jisQZBDs,484.0
625,0,hygBouPP,NcoWExwJ,484.0
625,0,iPzquFzR,hygBouPP,484.0
990,0,twlwLPZj,oXDhDxhT,4604.0
990,0,xfbmoJHP,twlwLPZj,4604.0
170,0,FCeDiZsN,CFztBFJQ,1280.0
595,0,twlwLPZj,cMdRoPmQ,445.0
595,0,NjRgIRup,twlwLPZj,230.0
1103,0,JKycCNae,RtYHfABF,52.0
1103,0,cMdRoPmQ,JKycCNae,52.0
1103,0,twlwLPZj,cMdRoPmQ,52.0
1103,0,NjRgIRup,twlwLPZj,44.0
1180,0,twlwLPZj,oXDhDxhT,3380.0
1180,0,xfbmoJHP,twlwLPZj,3380.0
1064,0,INegqJKU,AGDZrVfo,2292.0
1064,0,xokKvraT,INegqJKU,2267.0
1064,0,HaSZVkzu,xokKvraT,2267.0
1064,0,yjaYbUGq,HaSZVkzu,2267.0
1064,0,LbyQgJih,yjaYbUGq,2267.0
1064,0,FPXdCAOW,LbyQgJih,2267.0
1064,0,ouHKxPGS,FPXdCAOW,2267.0
1064,0,GEijdcGW,ouHKxPGS,2266.0
1064,0,MKKzwAOv,GEijdcGW,2265.0
1064,0,mhDCqtpx,MKKzwAOv,2264.0
1064,0,TJDsQDoO,mhDCqtpx,2264.0
1064,0,yTictHOU,TJDsQDoO,2245.0
1064,0,illGQStO,yTictHOU,2245.0
1064,0,AUrIxxcC,illGQStO,2245.0
1064,0,zqZasXpA,AUrIxxcC,2242.0
1064,0,EYGEAZtD,zqZasXpA,2242.0
1064,0,AJLJQqsT,EYGEAZtD,2242.0
1064,0,NCSBLEus,AJLJQqsT,2241.0
1064,0,xfbmoJHP,NCSBLEus,2035.0
1064,0,AGDZrVfo,IWkYeNgA,2054.0
129,0,huecLIWR,aeqnymTn,1.0
129,0,ttuFHhig,huecLIWR,1.0
129,0,WjngiDTm,ttuFHhig,1.0
129,0,jEhGDfoN,WjngiDTm,1.0
129,0,hPntpWoI,jEhGDfoN,221.0
129,0,aLFpJPgR,hPntpWoI,402.0
129,0,cZLwCFQo,aLFpJPgR,404.0
129,0,rxrORjnb,cZLwCFQo,404.0
129,0,UVDfwOgc,rxrORjnb,403.0
129,0,HdBHspFM,UVDfwOgc,403.0
129,0,TJDsQDoO,HdBHspFM,401.0
129,0,yTictHOU,TJDsQDoO,401.0
129,0,sTaleXyI,yTictHOU,401.0
129,0,illGQStO,sTaleXyI,401.0
129,0,AUrIxxcC,illGQStO,401.0
129,0,zqZasXpA,AUrIxxcC,401.0
129,0,EYGEAZtD,zqZasXpA,401.0
129,0,AJLJQqsT,EYGEAZtD,401.0
129,0,NCSBLEus,AJLJQqsT,401.0
129,0,xfbmoJHP,NCSBLEus,338.0
122,0,MKKzwAOv,GEijdcGW,81.0
122,0,mhDCqtpx,MKKzwAOv,71.0
122,0,TJDsQDoO,mhDCqtpx,71.0
122,0,yTictHOU,TJDsQDoO,39.0
122,0,sTaleXyI,yTictHOU,39.0
122,0,illGQStO,sTaleXyI,39.0
122,0,AUrIxxcC,illGQStO,39.0
122,0,zqZasXpA,AUrIxxcC,36.0
122,0,EYGEAZtD,zqZasXpA,36.0
122,0,AJLJQqsT,EYGEAZtD,36.0
122,0,NCSBLEus,AJLJQqsT,34.0
122,0,xfbmoJHP,NCSBLEus,34.0
1053,0,hkXbXhZN,scqbdPBp,102.0
1053,0,TgpuXBqx,hkXbXhZN,102.0
1053,0,IyPglFnI,TgpuXBqx,109.0
1053,0,atGiINkp,IyPglFnI,109.0
1053,0,tFIeEodn,atGiINkp,109.0
1053,0,yeBNAVLu,tFIeEodn,109.0
1053,0,xokKvraT,yeBNAVLu,74.0
1053,0,HaSZVkzu,xokKvraT,74.0
1053,0,yjaYbUGq,HaSZVkzu,74.0
1053,0,LbyQgJih,yjaYbUGq,74.0
1053,0,FPXdCAOW,LbyQgJih,74.0
1053,0,ouHKxPGS,FPXdCAOW,74.0
1053,0,TimDJQqX,ouHKxPGS,66.0
1053,0,buoLtkoi,TimDJQqX,66.0
1053,0,NEOaVWFJ,buoLtkoi,65.0
1053,0,RBwynnQe,NEOaVWFJ,65.0
1053,0,EPmEpfWC,RBwynnQe,65.0
1053,0,xfbmoJHP,EPmEpfWC,65.0
1064,0,IWkYeNgA,uiSiNEQq,2031.0
860,0,tpbgDvvo,jkZnMKOY,6.0
860,0,qqDoWQdv,tpbgDvvo,6.0
860,0,eymgjBxV,qqDoWQdv,5.0
860,0,EonJeQKz,eymgjBxV,5.0
860,0,vkWqgNph,EonJeQKz,5.0
860,0,nJRQzVZQ,vkWqgNph,5.0
860,0,xunvufHj,nJRQzVZQ,4.0
860,0,rxrORjnb,xunvufHj,4.0
860,0,UVDfwOgc,rxrORjnb,4.0
860,0,TJDsQDoO,UVDfwOgc,4.0
860,0,yTictHOU,TJDsQDoO,4.0
860,0,sTaleXyI,yTictHOU,4.0
860,0,illGQStO,sTaleXyI,4.0
860,0,AUrIxxcC,illGQStO,4.0
860,0,zqZasXpA,AUrIxxcC,4.0
860,0,EYGEAZtD,zqZasXpA,4.0
860,0,AJLJQqsT,EYGEAZtD,4.0
860,0,NCSBLEus,AJLJQqsT,4.0
860,0,xfbmoJHP,NCSBLEus,4.0
924,0,HyvnzuHA,SJvhYGxR,1443.0
924,0,SJvhYGxR,HfcobGNa,1434.0
1176,0,PyfNKmSh,IAmXeTgg,187.0
924,0,EmJpSDwd,TExCPNxk,1412.0
924,0,jjHnlXVx,EmJpSDwd,1412.0
924,0,zmlEwfKx,jjHnlXVx,1412.0
924,0,BvLvsPYo,zmlEwfKx,1425.0
924,0,NcoKemSg,BvLvsPYo,1425.0
924,0,HfcobGNa,NcoKemSg,1425.0
924,0,BvinbONJ,FbaONibz,1315.0
924,0,GfvuifIZ,BvinbONJ,1399.0
924,0,TExCPNxk,GfvuifIZ,1399.0
858,0,YjKQPWoa,tUQXHMzJ,363.0
858,0,KAhfQHTl,YjKQPWoa,363.0
924,0,LpwxWatG,rwLqimtK,910.0
924,0,FbaONibz,LpwxWatG,910.0
858,0,tUQXHMzJ,VPnRvCbn,345.0
924,0,wuQzPlvL,FvRjKBvU,661.0
924,0,NacgxEEi,wuQzPlvL,661.0
924,0,ZbMvdFLw,NacgxEEi,661.0
924,0,JUGtNdnF,ZbMvdFLw,661.0
924,0,buTfkkhk,JUGtNdnF,661.0
924,0,rwLqimtK,buTfkkhk,867.0
121,0,MgfOYJbA,UCALextd,12.0
121,0,qIuTLVvj,MgfOYJbA,9.0
121,0,spmlaYUs,qIuTLVvj,5.0
121,0,qqDoWQdv,spmlaYUs,5.0
121,0,eymgjBxV,qqDoWQdv,5.0
121,0,EonJeQKz,eymgjBxV,5.0
121,0,vkWqgNph,EonJeQKz,5.0
121,0,nJRQzVZQ,vkWqgNph,5.0
121,0,xunvufHj,nJRQzVZQ,5.0
121,0,AhlYGwKp,xunvufHj,5.0
121,0,rxrORjnb,AhlYGwKp,5.0
121,0,UVDfwOgc,rxrORjnb,5.0
121,0,HdBHspFM,UVDfwOgc,5.0
121,0,TJDsQDoO,HdBHspFM,5.0
121,0,yTictHOU,TJDsQDoO,5.0
121,0,sTaleXyI,yTictHOU,5.0
121,0,illGQStO,sTaleXyI,5.0
121,0,AUrIxxcC,illGQStO,2.0
121,0,zqZasXpA,AUrIxxcC,2.0
121,0,EYGEAZtD,zqZasXpA,2.0
121,0,AJLJQqsT,EYGEAZtD,2.0
121,0,NCSBLEus,AJLJQqsT,2.0
121,0,xfbmoJHP,NCSBLEus,2.0
924,0,FvRjKBvU,TJeJnSDd,623.0
912,0,Erqjkxzk,KKHFrKGl,273.0
912,0,ltPLChrK,Erqjkxzk,273.0
912,0,FwvYcAgk,ltPLChrK,273.0
913,0,DXDxufRt,sqkVVOFh,244.0
913,0,rnnOUpAJ,DXDxufRt,242.0
913,0,NKETZQBF,rnnOUpAJ,242.0
913,0,BcAnDlhE,NKETZQBF,242.0
913,0,gOHjFflk,BcAnDlhE,247.0
913,0,SteiLorf,gOHjFflk,258.0
913,0,NbdCRqNf,SteiLorf,267.0
913,0,smhnGuEj,NbdCRqNf,267.0
913,0,yrrrlzqi,smhnGuEj,267.0
913,0,GUgiDKEG,yrrrlzqi,267.0
913,0,IsszqyIy,GUgiDKEG,267.0
913,0,wBOkqIeG,IsszqyIy,270.0
913,0,hnwTnEQV,wBOkqIeG,293.0
913,0,IKquIbHX,hnwTnEQV,293.0
913,0,oGdoEyKI,IKquIbHX,293.0
913,0,ehvgRqdw,oGdoEyKI,293.0
913,0,WoPCDSeI,ehvgRqdw,418.0
913,0,KKHFrKGl,WoPCDSeI,418.0
913,0,ltPLChrK,KKHFrKGl,370.0
913,0,FwvYcAgk,ltPLChrK,370.0
913,0,mgDGiHEE,FwvYcAgk,370.0
913,0,dQOncjgh,mgDGiHEE,357.0
913,0,QiaFfhxS,dQOncjgh,357.0
913,0,rilNZKmg,QiaFfhxS,357.0
913,0,MgfOYJbA,rilNZKmg,357.0
913,0,qIuTLVvj,MgfOYJbA,357.0
913,0,spmlaYUs,qIuTLVvj,329.0
913,0,qqDoWQdv,spmlaYUs,329.0
913,0,eymgjBxV,qqDoWQdv,252.0
913,0,EonJeQKz,eymgjBxV,252.0
913,0,vkWqgNph,EonJeQKz,252.0
913,0,nJRQzVZQ,vkWqgNph,252.0
913,0,xunvufHj,nJRQzVZQ,252.0
913,0,rxrORjnb,xunvufHj,252.0
913,0,UVDfwOgc,rxrORjnb,250.0
913,0,TJDsQDoO,UVDfwOgc,248.0
913,0,yTictHOU,TJDsQDoO,245.0
913,0,sTaleXyI,yTictHOU,245.0
913,0,illGQStO,sTaleXyI,245.0
913,0,AUrIxxcC,illGQStO,245.0
913,0,zqZasXpA,AUrIxxcC,245.0
913,0,EYGEAZtD,zqZasXpA,245.0
913,0,AJLJQqsT,EYGEAZtD,245.0
913,0,NCSBLEus,AJLJQqsT,245.0
913,0,xfbmoJHP,NCSBLEus,176.0
764,0,aviECmtd,bSXtWlOz,80.0
764,0,LMgpokYk,aviECmtd,80.0
764,0,vafAyuvT,LMgpokYk,80.0
764,0,lPyqbuiQ,vafAyuvT,80.0
764,0,uAaGlvRh,lPyqbuiQ,80.0
764,0,GWRhXmMO,uAaGlvRh,80.0
764,0,pLpkESor,GWRhXmMO,80.0
764,0,mgDGiHEE,pLpkESor,89.0
764,0,dQOncjgh,mgDGiHEE,65.0
764,0,QiaFfhxS,dQOncjgh,65.0
764,0,rilNZKmg,QiaFfhxS,65.0
764,0,MgfOYJbA,rilNZKmg,65.0
764,0,qIuTLVvj,MgfOYJbA,65.0
764,0,spmlaYUs,qIuTLVvj,63.0
764,0,qqDoWQdv,spmlaYUs,63.0
764,0,eymgjBxV,qqDoWQdv,63.0
764,0,EonJeQKz,eymgjBxV,63.0
764,0,vkWqgNph,EonJeQKz,63.0
764,0,nJRQzVZQ,vkWqgNph,63.0
764,0,xunvufHj,nJRQzVZQ,54.0
764,0,rxrORjnb,xunvufHj,54.0
764,0,UVDfwOgc,rxrORjnb,54.0
764,0,TJDsQDoO,UVDfwOgc,54.0
764,0,yTictHOU,TJDsQDoO,54.0
764,0,sTaleXyI,yTictHOU,54.0
764,0,illGQStO,sTaleXyI,54.0
764,0,AUrIxxcC,illGQStO,53.0
764,0,zqZasXpA,AUrIxxcC,53.0
764,0,EYGEAZtD,zqZasXpA,53.0
764,0,AJLJQqsT,EYGEAZtD,53.0
764,0,NCSBLEus,AJLJQqsT,52.0
764,0,xfbmoJHP,NCSBLEus,51.0
764,0,bSXtWlOz,MbBQjXCf,61.0
1118,0,yMrMMnQF,hUQezMGZ,17.0
1118,0,MrQhdzGM,yMrMMnQF,17.0
1118,0,HsmdKMgN,MrQhdzGM,17.0
1118,0,NJsqxdTd,HsmdKMgN,17.0
1118,0,hfbFGrBz,NJsqxdTd,17.0
1118,0,YtTJoBxm,hfbFGrBz,17.0
1118,0,AlpXiRiW,YtTJoBxm,17.0
1118,0,cyLrdsLq,AlpXiRiW,7.0
1118,0,pVHZNTmW,cyLrdsLq,7.0
1118,0,qLlyWzVq,pVHZNTmW,7.0
1118,0,lGJIVvqE,qLlyWzVq,7.0
1118,0,CkiKkxJQ,lGJIVvqE,7.0
1118,0,BmBzVYhd,CkiKkxJQ,7.0
1118,0,DDFCohxX,BmBzVYhd,7.0
1118,0,NfMyQHAw,DDFCohxX,7.0
1118,0,UlmLxwtK,NfMyQHAw,7.0
1118,0,nLuZmKFz,UlmLxwtK,7.0
1118,0,rxrORjnb,nLuZmKFz,7.0
1118,0,yTictHOU,rxrORjnb,7.0
1118,0,sTaleXyI,yTictHOU,7.0
1118,0,illGQStO,sTaleXyI,7.0
1118,0,zqZasXpA,illGQStO,7.0
1118,0,AJLJQqsT,zqZasXpA,7.0
1118,0,NCSBLEus,AJLJQqsT,7.0
1118,0,xfbmoJHP,NCSBLEus,7.0
764,0,COEDLowM,hPReecFP,31.0
764,0,Auhwfubg,COEDLowM,31.0
764,0,MbBQjXCf,Auhwfubg,31.0
46,0,xfbmoJHP,twlwLPZj,3164.0
736,0,FZsFzszJ,gzTQJVMW,8105.0
736,0,KgwKZlse,FZsFzszJ,7998.0
736,0,AoRkaUmb,KgwKZlse,7993.0
736,0,ALhaazBT,AoRkaUmb,7993.0
736,0,YqlTLIQa,ALhaazBT,7603.0
736,0,AUmOMGnp,YqlTLIQa,7555.0
736,0,gzTQJVMW,RVEyrwjR,11257.0
994,0,hMBIVszx,BWKNZpmt,1601.0
994,0,JgVaSAtG,hMBIVszx,1601.0
562,0,saVSzyYs,TEuwlied,183.0
562,0,gzkuviLm,saVSzyYs,183.0
562,0,CkzMckPC,gzkuviLm,183.0
562,0,WywmvGMH,CkzMckPC,183.0
562,0,AesbwnPs,WywmvGMH,183.0
562,0,hzAARBgX,AesbwnPs,183.0
562,0,IjDfGHsr,hzAARBgX,183.0
562,0,TFRpjaAo,IjDfGHsr,183.0
562,0,JhdinCeD,TFRpjaAo,183.0
562,0,ZIieNEvD,JhdinCeD,183.0
562,0,jvLymITs,ZIieNEvD,183.0
562,0,jJVVpGMf,jvLymITs,179.0
562,0,tcYerYbk,jJVVpGMf,179.0
562,0,pPKqPUVW,tcYerYbk,179.0
562,0,iYTiOTOT,pPKqPUVW,179.0
562,0,dLtneiKf,iYTiOTOT,179.0
562,0,slfxTuih,dLtneiKf,179.0
562,0,XFPAZveS,slfxTuih,179.0
562,0,ojqTFFWy,XFPAZveS,175.0
823,0,iHPgoVQd,AlojXgfn,64.0
823,0,LEMCEoBI,iHPgoVQd,67.0
823,0,VbipnzIy,LEMCEoBI,70.0
823,0,vLvetIEj,VbipnzIy,70.0
823,0,veZdNrwJ,vLvetIEj,70.0
823,0,UHrZZaJI,veZdNrwJ,70.0
823,0,XYPsfiKq,UHrZZaJI,70.0
823,0,EZonlaGf,XYPsfiKq,73.0
823,0,ZLCIvgrp,EZonlaGf,75.0
823,0,ucVTqZIB,ZLCIvgrp,75.0
823,0,FDrhtNjK,ucVTqZIB,75.0
823,0,YVGWiGkc,FDrhtNjK,75.0
823,0,CqPWXNIf,YVGWiGkc,75.0
823,0,iZfXNAue,CqPWXNIf,75.0
823,0,OXvlrfnG,iZfXNAue,20.0
823,0,CgMBzfIg,OXvlrfnG,20.0
823,0,BCwVkMhO,CgMBzfIg,20.0
823,0,MpBHVRZl,BCwVkMhO,20.0
823,0,BWKNZpmt,MpBHVRZl,8.0
823,0,hMBIVszx,BWKNZpmt,8.0
823,0,JgVaSAtG,hMBIVszx,8.0
823,0,QyfZGsFT,JgVaSAtG,8.0
823,0,selTNsQi,QyfZGsFT,8.0
823,0,SfBAqteg,selTNsQi,8.0
823,0,obGcbWvT,SfBAqteg,8.0
823,0,wssOAckJ,obGcbWvT,8.0
823,0,zzxlwhdI,wssOAckJ,7.0
823,0,SEcoeimf,zzxlwhdI,7.0
823,0,fzmnvqlX,SEcoeimf,6.0
823,0,RyhuDLev,fzmnvqlX,6.0
823,0,KnIeolpt,RyhuDLev,6.0
823,0,GMrJWgHs,KnIeolpt,6.0
823,0,tTjpyeuP,GMrJWgHs,6.0
823,0,elxmPCDf,tTjpyeuP,6.0
823,0,tcbhlVZo,elxmPCDf,6.0
823,0,ZqBGCTqq,tcbhlVZo,5.0
823,0,HxnLIWQq,ZqBGCTqq,3.0
823,0,wqGWmwVd,HxnLIWQq,3.0
823,0,ACkvbmee,wqGWmwVd,3.0
823,0,FtWuEuzF,ACkvbmee,3.0
823,0,RtTLxXUv,FtWuEuzF,3.0
823,0,JGydtICe,RtTLxXUv,3.0
823,0,xbhuXgnr,JGydtICe,3.0
823,0,zjGRmLyo,xbhuXgnr,3.0
823,0,EXTmTMKf,zjGRmLyo,3.0
823,0,yfIoPTHo,EXTmTMKf,3.0
823,0,GnOurcjN,yfIoPTHo,3.0
823,0,vHkAlmCm,GnOurcjN,3.0
823,0,WynPMslR,vHkAlmCm,3.0
823,0,qjwSVoCq,WynPMslR,3.0
823,0,WvPJYXMk,qjwSVoCq,3.0
543,0,ocvrxaqr,FhTsxOaf,9.0
543,0,aYZQdfnX,ocvrxaqr,9.0
543,0,oUbtCHRB,aYZQdfnX,9.0
543,0,mNfpWfKJ,oUbtCHRB,9.0
543,0,kSklWvZO,mNfpWfKJ,9.0
543,0,wVKhsyCZ,kSklWvZO,9.0
543,0,oZJRchiN,wVKhsyCZ,9.0
543,0,xmGwLlME,oZJRchiN,9.0
543,0,KcBICYpI,xmGwLlME,9.0
543,0,XQiQvefE,KcBICYpI,9.0
543,0,eyUKPfnA,XQiQvefE,9.0
543,0,ZgqhsueA,eyUKPfnA,7.0
543,0,YvwuVYMF,ZgqhsueA,7.0
543,0,FZsFzszJ,YvwuVYMF,7.0
543,0,ALhaazBT,FZsFzszJ,7.0
543,0,ZijVddwt,ALhaazBT,7.0
719,0,eusqYKWT,HezLsNFQ,981.0
719,0,xOHMcnRu,eusqYKWT,476.0
1184,0,FkPbDkgy,eoIplMjv,139.0
1184,0,kVWIKiQU,FkPbDkgy,129.0
1184,0,apXGdFyI,kVWIKiQU,4.0
1184,0,RmlHIOuG,apXGdFyI,4.0
1184,0,lyEmHaNr,RmlHIOuG,4.0
1184,0,wzWDodFe,lyEmHaNr,4.0
1184,0,siPRjksc,wzWDodFe,4.0
1184,0,GIlSPhwi,siPRjksc,4.0
1184,0,ZPJGdbAJ,GIlSPhwi,4.0
1184,0,xfbmoJHP,ZPJGdbAJ,4.0
1176,0,tHYrXQBJ,DsTGnVil,1215.0
1176,0,cIVzRhGw,tHYrXQBJ,1215.0
1176,0,fxlmulxX,cIVzRhGw,1215.0
1176,0,NPkfSYbt,fxlmulxX,1215.0
1176,0,TCQmGnBb,IzKulrBJ,1054.0
1176,0,JJzKKoaf,TCQmGnBb,1054.0
1176,0,DsTGnVil,JJzKKoaf,1281.0
1076,0,XDHbYGPc,hPGLMLbU,1865.0
1076,0,qRqIHRjS,XDHbYGPc,1866.0
1076,0,QFkvaGqn,qRqIHRjS,1857.0
1076,0,NxijJQZJ,QFkvaGqn,1857.0
1076,0,zWZbZUaa,NxijJQZJ,1829.0
1087,0,ddAfiRml,HHbKiMPc,403.0
1087,0,XfmqgVlB,ddAfiRml,403.0
1087,0,RldYRgxk,XfmqgVlB,403.0
1087,0,NmlfPGxe,RldYRgxk,403.0
1087,0,YlMTFYgN,NmlfPGxe,403.0
1087,0,pugbqfwh,YlMTFYgN,401.0
1087,0,INgMgzPi,pugbqfwh,433.0
1087,0,tKHOTHLP,INgMgzPi,433.0
1087,0,JYjcxadu,tKHOTHLP,343.0
1087,0,dIzWcSEA,JYjcxadu,343.0
1087,0,YIEuAZyW,dIzWcSEA,312.0
1087,0,iIARpDWU,YIEuAZyW,312.0
1087,0,BDmybVdG,iIARpDWU,43.0
750,0,rDmQAEpc,BDmybVdG,116.0
750,0,sKXIofXa,rDmQAEpc,116.0
750,0,MtbBZIqI,sKXIofXa,116.0
750,0,eViNbjWB,MtbBZIqI,116.0
1111,0,fwlhPJed,ApUtMocY,349.0
1111,0,KGmhUhiY,fwlhPJed,349.0
1111,0,yMrMMnQF,KGmhUhiY,349.0
1111,0,dlQsfdCi,yMrMMnQF,349.0
1111,0,HsmdKMgN,dlQsfdCi,349.0
1111,0,cWOjTgHp,HsmdKMgN,349.0
1111,0,NJsqxdTd,cWOjTgHp,349.0
1111,0,hfbFGrBz,NJsqxdTd,349.0
1111,0,YtTJoBxm,hfbFGrBz,349.0
1111,0,AlpXiRiW,YtTJoBxm,349.0
1111,0,cyLrdsLq,AlpXiRiW,230.0
1111,0,pVHZNTmW,cyLrdsLq,230.0
1111,0,qLlyWzVq,pVHZNTmW,230.0
1111,0,lGJIVvqE,qLlyWzVq,230.0
1111,0,CkiKkxJQ,lGJIVvqE,227.0
1111,0,AdloNpXg,CkiKkxJQ,227.0
1111,0,BmBzVYhd,AdloNpXg,227.0
1111,0,YcVwXeam,BmBzVYhd,217.0
1111,0,DDFCohxX,YcVwXeam,217.0
1111,0,NfMyQHAw,DDFCohxX,217.0
1111,0,PfZAlPvE,NfMyQHAw,215.0
1111,0,UlmLxwtK,PfZAlPvE,215.0
1111,0,nLuZmKFz,UlmLxwtK,215.0
1111,0,nJRQzVZQ,nLuZmKFz,215.0
1111,0,rxrORjnb,nJRQzVZQ,203.0
1111,0,TJDsQDoO,rxrORjnb,202.0
1111,0,yTictHOU,TJDsQDoO,202.0
1111,0,illGQStO,yTictHOU,199.0
1111,0,zqZasXpA,illGQStO,190.0
1111,0,AJLJQqsT,zqZasXpA,190.0
1111,0,NCSBLEus,AJLJQqsT,184.0
1111,0,xfbmoJHP,NCSBLEus,150.0
1111,0,ApUtMocY,IypCuTzh,358.0
1111,0,IypCuTzh,bqxardHa,348.0
619,0,OoNwiPDT,gmiMCrrb,280.0
619,0,ftvNhZKM,OoNwiPDT,280.0
619,0,KLTxOJqh,ftvNhZKM,280.0
619,0,VLKPcfHc,KLTxOJqh,280.0
619,0,idAQxYim,VLKPcfHc,280.0
619,0,ldInPGbn,idAQxYim,284.0
619,0,WGEhEMgb,ldInPGbn,285.0
619,0,WblAIghg,WGEhEMgb,285.0
619,0,yXfOYhmg,WblAIghg,285.0
619,0,cHOtlpNd,yXfOYhmg,285.0
619,0,bDgEiJAh,cHOtlpNd,285.0
619,0,HYSXwpsm,bDgEiJAh,285.0
619,0,MAxpakLW,HYSXwpsm,285.0
619,0,iTmItNpT,MAxpakLW,285.0
619,0,ijmqRmKp,iTmItNpT,286.0
619,0,eDjMEvVD,ijmqRmKp,286.0
619,0,EsrGPUnZ,eDjMEvVD,287.0
619,0,pobpsCoK,EsrGPUnZ,287.0
619,0,FzyHNJLL,pobpsCoK,288.0
619,0,HdLAxGDi,FzyHNJLL,289.0
966,0,MBttAlCW,ZAfIffxq,418.0
616,0,OyNIynZV,DYKvrufv,210.0
616,0,ydoNqUsu,OyNIynZV,210.0
616,0,eOdwAkBF,ydoNqUsu,456.0
616,0,FDCDnriY,eOdwAkBF,456.0
616,0,DCdKJxNH,FDCDnriY,456.0
616,0,DsuTXcIa,DCdKJxNH,375.0
616,0,bgWfLree,DsuTXcIa,639.0
616,0,nUYnioIh,bgWfLree,639.0
616,0,UAkhVpHN,nUYnioIh,639.0
616,0,mVhkAqwx,UAkhVpHN,639.0
1054,0,TjHiuybL,lxkWqJCv,265.0
1054,0,rGxpSglN,TjHiuybL,265.0
1054,0,Rpsmzdru,rGxpSglN,292.0
1054,0,rluMkzbt,Rpsmzdru,292.0
1054,0,oTXyBJNn,rluMkzbt,250.0
1054,0,AIvMrZbX,oTXyBJNn,247.0
1054,0,DFuWYygu,AIvMrZbX,247.0
1054,0,iKWaHdND,DFuWYygu,247.0
1054,0,sZMRTtVP,iKWaHdND,247.0
1054,0,INegqJKU,sZMRTtVP,247.0
1058,0,AGDZrVfo,HcOWfPMU,190.0
1058,0,INegqJKU,AGDZrVfo,76.0
619,0,gozRELiL,HdLAxGDi,285.0
123,0,rluMkzbt,rREIWzym,42.0
123,0,oTXyBJNn,rluMkzbt,42.0
123,0,AIvMrZbX,oTXyBJNn,42.0
123,0,DFuWYygu,AIvMrZbX,42.0
123,0,iKWaHdND,DFuWYygu,42.0
123,0,sZMRTtVP,iKWaHdND,42.0
123,0,INegqJKU,sZMRTtVP,42.0
123,0,rREIWzym,TmbwpUyz,53.0
123,0,CxeJhmQn,PcvuCqyL,50.0
123,0,TmbwpUyz,CxeJhmQn,50.0
123,0,CfDISmMN,RqCzrtQl,24.0
123,0,CtzBEXfZ,CfDISmMN,24.0
123,0,RpAFtJSl,CtzBEXfZ,25.0
123,0,PcvuCqyL,RpAFtJSl,25.0
619,0,eIBTCCCb,gozRELiL,281.0
1063,0,ygaPVVOX,NjRgIRup,2173.0
1063,0,SgmzKmGa,ygaPVVOX,2185.0
1063,0,oaiHprKy,SgmzKmGa,2189.0
1063,0,EKGAgXOm,oaiHprKy,2189.0
1063,0,RqCzrtQl,EKGAgXOm,2189.0
1063,0,CfDISmMN,RqCzrtQl,2190.0
1063,0,RpAFtJSl,CfDISmMN,2190.0
1063,0,PcvuCqyL,RpAFtJSl,2191.0
1063,0,CxeJhmQn,PcvuCqyL,2226.0
1063,0,TmbwpUyz,CxeJhmQn,2226.0
1063,0,rREIWzym,TmbwpUyz,2233.0
1063,0,rluMkzbt,rREIWzym,2233.0
1063,0,oTXyBJNn,rluMkzbt,2235.0
1063,0,AIvMrZbX,oTXyBJNn,2235.0
1063,0,DFuWYygu,AIvMrZbX,2235.0
1063,0,iKWaHdND,DFuWYygu,2235.0
1063,0,sZMRTtVP,iKWaHdND,2235.0
1063,0,gozRELiL,sZMRTtVP,2235.0
1063,0,eIBTCCCb,gozRELiL,2249.0
1048,0,rluMkzbt,hSpdOQMh,2.0
1063,0,hTBkjNzq,MyzUerZz,1529.0
1063,0,aCcokpIU,hTBkjNzq,2000.0
1063,0,IWuAfYeM,aCcokpIU,2000.0
1063,0,AKEMZMhk,IWuAfYeM,2000.0
1063,0,oXDhDxhT,AKEMZMhk,2000.0
1063,0,twlwLPZj,oXDhDxhT,2000.0
1063,0,NjRgIRup,twlwLPZj,2000.0
1059,0,TsaeiIGv,EkWBPXmr,21.0
1059,0,OsBkWRQx,TsaeiIGv,189.0
1059,0,udlIzhJE,OsBkWRQx,189.0
1059,0,DeduXMzE,udlIzhJE,309.0
1059,0,GXHjZCTL,DeduXMzE,309.0
1059,0,yolIeCeg,GXHjZCTL,309.0
1059,0,ozAxYCwR,yolIeCeg,309.0
1059,0,qdrjbHYS,ozAxYCwR,309.0
1059,0,AKdDiXyV,qdrjbHYS,338.0
1059,0,gRuqifBH,AKdDiXyV,340.0
1059,0,kZdBhxvo,gRuqifBH,347.0
1059,0,ZBkAAevT,kZdBhxvo,347.0
1059,0,cMinRgYB,ZBkAAevT,347.0
1059,0,LRmPOeoe,cMinRgYB,347.0
1059,0,tBNXSyMW,LRmPOeoe,347.0
1059,0,ArHpJhVJ,tBNXSyMW,347.0
1059,0,tWpVdCtj,ArHpJhVJ,367.0
1059,0,EdJUuxct,tWpVdCtj,367.0
1059,0,gmiMCrrb,EdJUuxct,367.0
1059,0,DzkWADkh,gmiMCrrb,392.0
1059,0,MjMnNBLG,DzkWADkh,392.0
1059,0,XiRzIewe,MjMnNBLG,392.0
1059,0,HEshVETB,XiRzIewe,414.0
1059,0,WKWTpoqQ,HEshVETB,414.0
1059,0,WlkKexEs,WKWTpoqQ,414.0
1059,0,MyzUerZz,WlkKexEs,414.0
1059,0,hTBkjNzq,MyzUerZz,414.0
1059,0,aCcokpIU,hTBkjNzq,414.0
1059,0,IWuAfYeM,aCcokpIU,433.0
1059,0,AKEMZMhk,IWuAfYeM,433.0
1059,0,oXDhDxhT,AKEMZMhk,433.0
1059,0,twlwLPZj,oXDhDxhT,447.0
1059,0,NjRgIRup,twlwLPZj,447.0
1059,0,ygaPVVOX,NjRgIRup,285.0
1059,0,SgmzKmGa,ygaPVVOX,238.0
922,0,ygaPVVOX,NjRgIRup,3502.0
922,0,SgmzKmGa,ygaPVVOX,3503.0
619,0,IWkYeNgA,eIBTCCCb,274.0
1063,0,IWkYeNgA,eIBTCCCb,2041.0
619,0,OsBkWRQx,TsaeiIGv,6.0
619,0,udlIzhJE,OsBkWRQx,88.0
619,0,DeduXMzE,udlIzhJE,88.0
619,0,GXHjZCTL,DeduXMzE,88.0
619,0,yolIeCeg,GXHjZCTL,88.0
619,0,ozAxYCwR,yolIeCeg,88.0
619,0,qdrjbHYS,ozAxYCwR,88.0
619,0,AKdDiXyV,qdrjbHYS,272.0
619,0,gRuqifBH,AKdDiXyV,272.0
619,0,kZdBhxvo,gRuqifBH,272.0
619,0,ZBkAAevT,kZdBhxvo,272.0
619,0,cMinRgYB,ZBkAAevT,272.0
619,0,LRmPOeoe,cMinRgYB,272.0
619,0,tBNXSyMW,LRmPOeoe,272.0
619,0,ArHpJhVJ,tBNXSyMW,272.0
619,0,tWpVdCtj,ArHpJhVJ,272.0
619,0,EdJUuxct,tWpVdCtj,272.0
619,0,gmiMCrrb,EdJUuxct,272.0
729,0,XeefDCzo,RrhmmPMm,9.0
729,0,UDPMiWKD,XeefDCzo,9.0
729,0,ypjNmqeK,UDPMiWKD,9.0
729,0,EsTStEav,ypjNmqeK,8.0
730,0,IsTbDzyj,vjmwMJTT,24.0
730,0,zyATMMRX,IsTbDzyj,30.0
730,0,XJpVddlh,zyATMMRX,30.0
730,0,CkgzgDTz,XJpVddlh,6.0
729,0,sceVWPKZ,dvaPHMux,5.0
729,0,NqSePdAx,sceVWPKZ,5.0
729,0,YxYhlArE,NqSePdAx,6.0
729,0,sAswhpJr,YxYhlArE,6.0
729,0,VyHGAkTo,sAswhpJr,6.0
729,0,RrhmmPMm,VyHGAkTo,6.0
910,0,zyATMMRX,yDCZcPdO,29.0
910,0,XJpVddlh,zyATMMRX,29.0
619,0,dbNaZeWx,IWkYeNgA,271.0
1063,0,dbNaZeWx,IWkYeNgA,2021.0
913,0,mEqtlIiP,jZLvbydT,151.0
913,0,pNfwvVoI,mEqtlIiP,151.0
913,0,sqkVVOFh,pNfwvVoI,155.0
1063,0,MyzUerZz,WlkKexEs,897.0
1048,0,awOEKaEj,qdrjbHYS,38.0
1048,0,gRuqifBH,awOEKaEj,38.0
1048,0,kZdBhxvo,gRuqifBH,49.0
1048,0,ZBkAAevT,kZdBhxvo,108.0
1048,0,cMinRgYB,ZBkAAevT,108.0
1048,0,LRmPOeoe,cMinRgYB,108.0
1048,0,tBNXSyMW,LRmPOeoe,108.0
1048,0,ArHpJhVJ,tBNXSyMW,108.0
1048,0,tWpVdCtj,ArHpJhVJ,111.0
1048,0,EdJUuxct,tWpVdCtj,111.0
1048,0,gmiMCrrb,EdJUuxct,111.0
1048,0,DzkWADkh,gmiMCrrb,120.0
1048,0,MjMnNBLG,DzkWADkh,120.0
1048,0,XiRzIewe,MjMnNBLG,120.0
1048,0,HEshVETB,XiRzIewe,150.0
1048,0,WKWTpoqQ,HEshVETB,150.0
1048,0,WlkKexEs,WKWTpoqQ,150.0
1048,0,MyzUerZz,WlkKexEs,167.0
1048,0,hTBkjNzq,MyzUerZz,232.0
1048,0,aCcokpIU,hTBkjNzq,277.0
1048,0,IWuAfYeM,aCcokpIU,293.0
1048,0,AKEMZMhk,IWuAfYeM,293.0
1048,0,oXDhDxhT,AKEMZMhk,294.0
1048,0,twlwLPZj,oXDhDxhT,299.0
1048,0,NjRgIRup,twlwLPZj,300.0
1048,0,ygaPVVOX,NjRgIRup,519.0
1048,0,SgmzKmGa,ygaPVVOX,519.0
1048,0,oaiHprKy,SgmzKmGa,546.0
1048,0,EKGAgXOm,oaiHprKy,546.0
1048,0,RqCzrtQl,EKGAgXOm,546.0
1048,0,CfDISmMN,RqCzrtQl,546.0
1048,0,hSpdOQMh,CfDISmMN,920.0
984,0,RLMiJrFV,JtZjSNXW,1435.0
984,0,cYArvsJE,RLMiJrFV,1435.0
984,0,EeAWpikH,cYArvsJE,1435.0
984,0,rrYLcPKJ,EeAWpikH,1435.0
984,0,IbNLqAKw,rrYLcPKJ,1435.0
297,0,RLMiJrFV,JtZjSNXW,190.0
297,0,cYArvsJE,RLMiJrFV,190.0
297,0,EeAWpikH,cYArvsJE,190.0
297,0,rrYLcPKJ,EeAWpikH,190.0
297,0,IbNLqAKw,rrYLcPKJ,190.0
173,0,RLMiJrFV,JtZjSNXW,292.0
173,0,cYArvsJE,RLMiJrFV,292.0
173,0,EeAWpikH,cYArvsJE,292.0
173,0,rrYLcPKJ,EeAWpikH,292.0
173,0,IbNLqAKw,rrYLcPKJ,292.0
730,0,AaOxIRuX,CkgzgDTz,5.0
730,0,mOxeJcai,AaOxIRuX,5.0
730,0,IbNLqAKw,mOxeJcai,5.0
108,0,WdOwNGhj,xfbmoJHP,5435.0
108,0,kKKRBhFF,WdOwNGhj,5446.0
108,0,NFInfBeu,kKKRBhFF,5822.0
108,0,VCQdmIoF,NFInfBeu,5822.0
108,0,ePrpofUw,VCQdmIoF,5822.0
108,0,KcvPUxQg,ePrpofUw,6611.0
108,0,BlnSxBAr,KcvPUxQg,6737.0
108,0,TCBUGaZf,BlnSxBAr,6816.0
684,0,KTHxRvtW,GhNbXpjs,1110.0
684,0,gRVxNCAP,KTHxRvtW,1205.0
684,0,FHkpxOov,gRVxNCAP,1205.0
1452,0,RXuaQdiQ,orpkgmYq,7612.0
1452,0,mhTYFecR,RXuaQdiQ,8217.0
711,0,AszcEtOu,BpAiVnps,855.0
711,0,TcEVvOUM,AszcEtOu,1459.0
780,0,lhSIyIfw,OeZVKJdr,2801.0
686,0,HkSXkIZj,womqVgRl,903.0
686,0,gRVxNCAP,HkSXkIZj,866.0
686,0,FHkpxOov,gRVxNCAP,866.0
778,0,mBrhAdeU,ZKmlngva,607.0
778,0,YBkSbJNR,mBrhAdeU,646.0
778,0,xsVxMJpx,YBkSbJNR,646.0
778,0,wULIWnbW,xsVxMJpx,646.0
1059,0,oaiHprKy,SgmzKmGa,149.0
1059,0,EKGAgXOm,oaiHprKy,149.0
1059,0,RqCzrtQl,EKGAgXOm,149.0
1059,0,CfDISmMN,RqCzrtQl,149.0
922,0,oaiHprKy,SgmzKmGa,3468.0
922,0,EKGAgXOm,oaiHprKy,3468.0
922,0,RqCzrtQl,EKGAgXOm,3468.0
922,0,CfDISmMN,RqCzrtQl,3431.0
128,0,ygaPVVOX,NjRgIRup,145.0
128,0,SgmzKmGa,ygaPVVOX,145.0
128,0,oaiHprKy,SgmzKmGa,145.0
128,0,EKGAgXOm,oaiHprKy,145.0
128,0,RqCzrtQl,EKGAgXOm,145.0
128,0,CfDISmMN,RqCzrtQl,145.0
128,0,CtzBEXfZ,CfDISmMN,145.0
128,0,RpAFtJSl,CtzBEXfZ,145.0
128,0,PcvuCqyL,RpAFtJSl,145.0
128,0,ItWJsmqN,PcvuCqyL,145.0
128,0,QOMpmplr,ItWJsmqN,145.0
128,0,HNejbQWJ,QOMpmplr,145.0
128,0,dQfoCLXo,HNejbQWJ,145.0
128,0,TatGKSDD,dQfoCLXo,150.0
128,0,tDDYXOza,TatGKSDD,150.0
128,0,LdNZcaVd,tDDYXOza,2.0
128,0,XgeKmxEU,LdNZcaVd,2.0
128,0,ASAgeGQh,XgeKmxEU,2.0
128,0,vQqKfyzC,ASAgeGQh,2.0
128,0,RgDNNvUZ,vQqKfyzC,2.0
1054,0,gjxAdJvF,INegqJKU,168.0
1054,0,glTmyjXZ,gjxAdJvF,168.0
1054,0,TMphlUsu,glTmyjXZ,168.0
1054,0,xKAfsjzf,TMphlUsu,168.0
922,0,CtzBEXfZ,CfDISmMN,3523.0
1059,0,RpAFtJSl,CfDISmMN,147.0
235,0,fkZFUNSd,jFmPCmzM,5389.0
235,0,JYrrjUtU,fkZFUNSd,5389.0
235,0,cttUtMNm,JYrrjUtU,5389.0
235,0,wHfmVQMh,cttUtMNm,5410.0
235,0,mdGitRQe,wHfmVQMh,4964.0
235,0,SOBUilCD,mdGitRQe,4143.0
235,0,RVGhYAxc,SOBUilCD,4143.0
984,0,UxEHDofF,IbNLqAKw,1272.0
984,0,KORPbuyR,UxEHDofF,1272.0
984,0,JfIhOMTg,KORPbuyR,1272.0
984,0,JdJprycd,JfIhOMTg,1272.0
297,0,UxEHDofF,IbNLqAKw,142.0
297,0,KORPbuyR,UxEHDofF,142.0
297,0,JfIhOMTg,KORPbuyR,142.0
297,0,JdJprycd,JfIhOMTg,142.0
173,0,UxEHDofF,IbNLqAKw,242.0
173,0,KORPbuyR,UxEHDofF,242.0
173,0,JfIhOMTg,KORPbuyR,242.0
173,0,JdJprycd,JfIhOMTg,242.0
1058,0,xokKvraT,INegqJKU,30.0
1058,0,HaSZVkzu,xokKvraT,30.0
1058,0,yjaYbUGq,HaSZVkzu,30.0
1058,0,LbyQgJih,yjaYbUGq,30.0
1058,0,FPXdCAOW,LbyQgJih,30.0
1058,0,ouHKxPGS,FPXdCAOW,30.0
1058,0,GEijdcGW,ouHKxPGS,30.0
123,0,ygaPVVOX,NjRgIRup,18.0
123,0,SgmzKmGa,ygaPVVOX,18.0
123,0,oaiHprKy,SgmzKmGa,19.0
123,0,EKGAgXOm,oaiHprKy,19.0
123,0,RqCzrtQl,EKGAgXOm,19.0
122,0,xokKvraT,yeBNAVLu,61.0
122,0,HaSZVkzu,xokKvraT,61.0
122,0,yjaYbUGq,HaSZVkzu,61.0
122,0,LbyQgJih,yjaYbUGq,61.0
122,0,FPXdCAOW,LbyQgJih,61.0
122,0,ouHKxPGS,FPXdCAOW,61.0
122,0,GEijdcGW,ouHKxPGS,61.0
122,0,hkXbXhZN,scqbdPBp,1.0
122,0,TgpuXBqx,hkXbXhZN,1.0
122,0,IyPglFnI,TgpuXBqx,2.0
122,0,atGiINkp,IyPglFnI,2.0
122,0,tFIeEodn,atGiINkp,2.0
122,0,yeBNAVLu,tFIeEodn,2.0
123,0,AszcEtOu,BpAiVnps,1.0
123,0,TcEVvOUM,AszcEtOu,2.0
123,0,qGnNRXVR,TcEVvOUM,2.0
123,0,ouPwTbuD,qGnNRXVR,2.0
123,0,MwLdaJul,ouPwTbuD,2.0
123,0,QUMnpJQp,MwLdaJul,3.0
123,0,FyIjwLBj,QUMnpJQp,3.0
123,0,vXPGJwVk,FyIjwLBj,3.0
123,0,qzuHypgA,vXPGJwVk,3.0
123,0,KCMgfriT,qzuHypgA,4.0
123,0,hVMLOzME,KCMgfriT,4.0
123,0,TDvESTZN,hVMLOzME,4.0
123,0,WlkKexEs,TDvESTZN,4.0
123,0,MyzUerZz,WlkKexEs,4.0
123,0,hTBkjNzq,MyzUerZz,4.0
123,0,aCcokpIU,hTBkjNzq,4.0
123,0,IWuAfYeM,aCcokpIU,4.0
123,0,AKEMZMhk,IWuAfYeM,4.0
123,0,oXDhDxhT,AKEMZMhk,4.0
123,0,twlwLPZj,oXDhDxhT,4.0
123,0,NjRgIRup,twlwLPZj,4.0
1058,0,MKKzwAOv,GEijdcGW,29.0
922,0,RpAFtJSl,CtzBEXfZ,3194.0
922,0,PcvuCqyL,RpAFtJSl,3248.0
1059,0,PcvuCqyL,RpAFtJSl,85.0
1054,0,ngHNiWhD,xKAfsjzf,157.0
1054,0,ZcBdJkwp,ngHNiWhD,157.0
123,0,gjxAdJvF,INegqJKU,5.0
123,0,glTmyjXZ,gjxAdJvF,5.0
123,0,TMphlUsu,glTmyjXZ,5.0
123,0,xKAfsjzf,TMphlUsu,5.0
123,0,ngHNiWhD,xKAfsjzf,4.0
123,0,ZcBdJkwp,ngHNiWhD,4.0
1672,0,frLbpljr,GwjQuetc,40.0
1672,0,FPjpeXlp,frLbpljr,40.0
1672,0,vXwparSo,FPjpeXlp,31.0
1672,0,izsRTGJN,vXwparSo,5.0
1672,0,CAuqyjUy,izsRTGJN,5.0
1672,0,cIVzRhGw,CAuqyjUy,5.0
1672,0,fxlmulxX,cIVzRhGw,5.0
1672,0,NPkfSYbt,fxlmulxX,5.0
1672,0,VWFAQayS,NPkfSYbt,5.0
1659,0,juEdhOMs,vfRjIFnr,164.0
1659,0,ocUywYfN,juEdhOMs,164.0
1659,0,cPMyJryL,ocUywYfN,164.0
1659,0,eiOwifcC,cPMyJryL,164.0
1059,0,ItWJsmqN,PcvuCqyL,81.0
922,0,ItWJsmqN,PcvuCqyL,3152.0
984,0,kIKddsaQ,JdJprycd,1266.0
984,0,eJBRTpyb,kIKddsaQ,1266.0
984,0,dvaPHMux,eJBRTpyb,1266.0
297,0,eJBRTpyb,JdJprycd,124.0
297,0,dvaPHMux,eJBRTpyb,124.0
173,0,eJBRTpyb,JdJprycd,195.0
173,0,dvaPHMux,eJBRTpyb,195.0
730,0,UxEHDofF,IbNLqAKw,3.0
730,0,KORPbuyR,UxEHDofF,3.0
730,0,JfIhOMTg,KORPbuyR,3.0
730,0,JdJprycd,JfIhOMTg,3.0
730,0,eJBRTpyb,JdJprycd,3.0
730,0,dvaPHMux,eJBRTpyb,3.0
919,0,HNejbQWJ,QOMpmplr,2.0
919,0,dQfoCLXo,HNejbQWJ,81.0
919,0,NJLhSMnp,dQfoCLXo,81.0
919,0,vitXJVTB,NJLhSMnp,81.0
919,0,DPEjcwqA,vitXJVTB,81.0
919,0,AKFNXFCk,DPEjcwqA,81.0
919,0,HIkBoDID,AKFNXFCk,81.0
919,0,uKNLSXwU,HIkBoDID,82.0
919,0,QpjbbNqd,uKNLSXwU,82.0
919,0,qHHrAclK,QpjbbNqd,82.0
919,0,Jrutayet,qHHrAclK,82.0
910,0,CkgzgDTz,XJpVddlh,4.0
910,0,AaOxIRuX,CkgzgDTz,4.0
910,0,mOxeJcai,AaOxIRuX,4.0
910,0,RrhmmPMm,mOxeJcai,4.0
1119,0,LggmrEeo,qrudAScT,173.0
922,0,KvSvcvIL,RLXxtVaJ,754.0
858,0,TEpDjcLc,AlpXiRiW,294.0
858,0,PORiPCGC,TEpDjcLc,294.0
858,0,VPnRvCbn,PORiPCGC,294.0
1067,0,ygaPVVOX,NjRgIRup,1875.0
1067,0,SgmzKmGa,ygaPVVOX,1875.0
1067,0,EKGAgXOm,SgmzKmGa,1877.0
1067,0,CfDISmMN,EKGAgXOm,1877.0
1067,0,PcvuCqyL,CfDISmMN,1886.0
1067,0,QOMpmplr,PcvuCqyL,1886.0
1067,0,HNejbQWJ,QOMpmplr,1896.0
1067,0,UoWNmGnJ,HNejbQWJ,2022.0
1067,0,TatGKSDD,UoWNmGnJ,2023.0
1067,0,MyzUerZz,WlkKexEs,530.0
1067,0,aCcokpIU,MyzUerZz,1208.0
1067,0,IWuAfYeM,aCcokpIU,1537.0
1067,0,AKEMZMhk,IWuAfYeM,1537.0
1067,0,oXDhDxhT,AKEMZMhk,1537.0
1067,0,twlwLPZj,oXDhDxhT,1538.0
1067,0,NjRgIRup,twlwLPZj,1749.0
1047,0,gIrHwcsI,ouHKxPGS,1.0
1076,0,euDckIMa,RapSzmXO,1332.0
1076,0,lodnRGFY,euDckIMa,1332.0
1076,0,lCGwWknx,lodnRGFY,1332.0
1076,0,tZcBjHOF,lCGwWknx,1328.0
1076,0,VfuMcuJJ,tZcBjHOF,1328.0
1076,0,lnzZDlDL,VfuMcuJJ,1328.0
457,0,iwdDmytU,vUKUaFbz,6.0
457,0,LYepRrQv,iwdDmytU,6.0
457,0,YuDiQHGe,LYepRrQv,6.0
457,0,EmkugZPX,YuDiQHGe,6.0
916,0,czDOARXC,CyecXZGv,174.0
916,0,MjfuEiNR,czDOARXC,174.0
916,0,sdZgyTvj,MjfuEiNR,174.0
916,0,vcrPzYoe,sdZgyTvj,174.0
916,0,umgwnivO,vcrPzYoe,174.0
916,0,TuCFhCoF,umgwnivO,205.0
916,0,NnDAWHCn,TuCFhCoF,205.0
916,0,Kssiavoh,NnDAWHCn,206.0
916,0,pAoOtqpU,Kssiavoh,206.0
916,0,iKWenAnt,pAoOtqpU,207.0
916,0,oSDoGnju,iKWenAnt,209.0
916,0,efsWTgFW,oSDoGnju,222.0
916,0,csuoPXTA,efsWTgFW,222.0
916,0,NOXvlGiG,csuoPXTA,222.0
916,0,WoPCDSeI,NOXvlGiG,222.0
916,0,ZVaoBYIn,WoPCDSeI,222.0
916,0,KKHFrKGl,ZVaoBYIn,222.0
916,0,Erqjkxzk,KKHFrKGl,207.0
916,0,ltPLChrK,Erqjkxzk,207.0
916,0,FwvYcAgk,ltPLChrK,207.0
916,0,mgDGiHEE,FwvYcAgk,207.0
916,0,dQOncjgh,mgDGiHEE,207.0
916,0,QiaFfhxS,dQOncjgh,207.0
916,0,rilNZKmg,QiaFfhxS,207.0
916,0,MgfOYJbA,rilNZKmg,207.0
916,0,qIuTLVvj,MgfOYJbA,207.0
916,0,spmlaYUs,qIuTLVvj,207.0
916,0,qqDoWQdv,spmlaYUs,207.0
916,0,eymgjBxV,qqDoWQdv,174.0
916,0,EonJeQKz,eymgjBxV,174.0
916,0,vkWqgNph,EonJeQKz,174.0
916,0,nJRQzVZQ,vkWqgNph,174.0
916,0,xunvufHj,nJRQzVZQ,173.0
916,0,rxrORjnb,xunvufHj,173.0
916,0,UVDfwOgc,rxrORjnb,173.0
916,0,TJDsQDoO,UVDfwOgc,173.0
916,0,yTictHOU,TJDsQDoO,173.0
916,0,sTaleXyI,yTictHOU,173.0
916,0,illGQStO,sTaleXyI,173.0
916,0,AUrIxxcC,illGQStO,173.0
916,0,zqZasXpA,AUrIxxcC,173.0
916,0,EYGEAZtD,zqZasXpA,173.0
916,0,AJLJQqsT,EYGEAZtD,173.0
916,0,NCSBLEus,AJLJQqsT,173.0
932,0,qeXIqBgp,DMAMxgNC,1397.0
1189,0,hPbxQISN,jnDfAorM,1310.0
1124,0,SPorkGXj,OUlPxErG,32.0
1124,0,IJbUVGLH,SPorkGXj,37.0
1124,0,ZqOseExI,IJbUVGLH,37.0
1124,0,FdBCLyPI,ZqOseExI,37.0
1124,0,CrOFTJlw,FdBCLyPI,37.0
1124,0,PyGiRErs,CrOFTJlw,37.0
1124,0,JbCujTci,PyGiRErs,38.0
1124,0,phodyDNv,slwzdYAd,4.0
1124,0,RuqLEiFp,phodyDNv,4.0
1124,0,NAwFzVQz,RuqLEiFp,6.0
1124,0,jEliwrSM,NAwFzVQz,28.0
1124,0,OUlPxErG,jEliwrSM,28.0
1124,0,exRzHfND,KyrNRMTR,2.0
1124,0,slwzdYAd,exRzHfND,2.0
1128,0,JYjcxadu,tKHOTHLP,354.0
1128,0,dIzWcSEA,JYjcxadu,354.0
1128,0,YIEuAZyW,dIzWcSEA,346.0
1128,0,iIARpDWU,YIEuAZyW,346.0
1128,0,BDmybVdG,iIARpDWU,8.0
1066,0,ygaPVVOX,NjRgIRup,473.0
1066,0,SgmzKmGa,ygaPVVOX,473.0
1066,0,oaiHprKy,SgmzKmGa,479.0
1066,0,EKGAgXOm,oaiHprKy,479.0
1066,0,RqCzrtQl,EKGAgXOm,479.0
1066,0,CfDISmMN,RqCzrtQl,479.0
1066,0,RpAFtJSl,CfDISmMN,539.0
1066,0,PcvuCqyL,RpAFtJSl,541.0
1066,0,QOMpmplr,PcvuCqyL,541.0
1066,0,HNejbQWJ,QOMpmplr,548.0
1066,0,NIAyNhca,HNejbQWJ,548.0
1067,0,LdNZcaVd,TatGKSDD,2012.0
1067,0,XgeKmxEU,LdNZcaVd,2.0
1066,0,ZBkAAevT,kZdBhxvo,13.0
1066,0,cMinRgYB,ZBkAAevT,13.0
1066,0,LRmPOeoe,cMinRgYB,13.0
1066,0,tBNXSyMW,LRmPOeoe,13.0
1066,0,ArHpJhVJ,tBNXSyMW,13.0
1066,0,tWpVdCtj,ArHpJhVJ,13.0
1066,0,EdJUuxct,tWpVdCtj,13.0
1066,0,gmiMCrrb,EdJUuxct,13.0
1066,0,DzkWADkh,gmiMCrrb,14.0
1066,0,MjMnNBLG,DzkWADkh,14.0
1066,0,XiRzIewe,MjMnNBLG,14.0
1066,0,HEshVETB,XiRzIewe,14.0
1066,0,WKWTpoqQ,HEshVETB,14.0
1066,0,WlkKexEs,WKWTpoqQ,14.0
1066,0,MyzUerZz,WlkKexEs,167.0
1066,0,hTBkjNzq,MyzUerZz,333.0
1066,0,aCcokpIU,hTBkjNzq,435.0
1066,0,IWuAfYeM,aCcokpIU,435.0
1066,0,AKEMZMhk,IWuAfYeM,435.0
1066,0,oXDhDxhT,AKEMZMhk,435.0
1066,0,twlwLPZj,oXDhDxhT,435.0
1066,0,NjRgIRup,twlwLPZj,435.0
1066,0,fxsyxfZK,NIAyNhca,538.0
1072,0,awOEKaEj,qdrjbHYS,710.0
1072,0,kZdBhxvo,awOEKaEj,710.0
1072,0,ZBkAAevT,kZdBhxvo,789.0
1072,0,cMinRgYB,ZBkAAevT,789.0
1072,0,LRmPOeoe,cMinRgYB,789.0
1072,0,tBNXSyMW,LRmPOeoe,789.0
1072,0,ArHpJhVJ,tBNXSyMW,794.0
1072,0,tWpVdCtj,ArHpJhVJ,825.0
1072,0,EdJUuxct,tWpVdCtj,825.0
1072,0,gmiMCrrb,EdJUuxct,825.0
1072,0,DzkWADkh,gmiMCrrb,1081.0
1072,0,MjMnNBLG,DzkWADkh,1081.0
1072,0,XiRzIewe,MjMnNBLG,1081.0
1072,0,HEshVETB,XiRzIewe,1151.0
1072,0,WKWTpoqQ,HEshVETB,1151.0
1072,0,WlkKexEs,WKWTpoqQ,1178.0
1072,0,MyzUerZz,WlkKexEs,1687.0
1072,0,hTBkjNzq,MyzUerZz,1875.0
1072,0,aCcokpIU,hTBkjNzq,1994.0
1072,0,IWuAfYeM,aCcokpIU,2011.0
1072,0,AKEMZMhk,IWuAfYeM,2011.0
1072,0,oXDhDxhT,AKEMZMhk,2011.0
1072,0,twlwLPZj,oXDhDxhT,2020.0
1072,0,NjRgIRup,twlwLPZj,2031.0
1072,0,ygaPVVOX,NjRgIRup,3648.0
1072,0,SgmzKmGa,ygaPVVOX,3648.0
1072,0,oaiHprKy,SgmzKmGa,3780.0
1072,0,EKGAgXOm,oaiHprKy,3780.0
1072,0,RqCzrtQl,EKGAgXOm,3780.0
1072,0,CfDISmMN,RqCzrtQl,3780.0
1072,0,RpAFtJSl,CfDISmMN,4017.0
1072,0,PcvuCqyL,RpAFtJSl,4050.0
1072,0,QOMpmplr,PcvuCqyL,4052.0
1072,0,HNejbQWJ,QOMpmplr,4204.0
1072,0,dQfoCLXo,HNejbQWJ,4208.0
1072,0,NJLhSMnp,dQfoCLXo,4208.0
922,0,QOMpmplr,ItWJsmqN,2920.0
922,0,HNejbQWJ,QOMpmplr,2919.0
922,0,dQfoCLXo,HNejbQWJ,3010.0
922,0,NJLhSMnp,dQfoCLXo,3010.0
1659,0,KttMmUZl,dbBlyJgh,33.0
1659,0,kEIvmolg,KttMmUZl,33.0
1659,0,vfRjIFnr,kEIvmolg,33.0
1119,0,JyqrAKLu,TCMQvOqy,10.0
1119,0,XxhwFmzZ,JyqrAKLu,10.0
1119,0,QZgueNIh,XxhwFmzZ,10.0
1119,0,JFVlrPHE,QZgueNIh,12.0
1119,0,cpLivUai,JFVlrPHE,12.0
1119,0,fKUdbDza,cpLivUai,12.0
1119,0,DATqCMmz,fKUdbDza,12.0
1119,0,ILgjTtXh,DATqCMmz,12.0
1119,0,SUgOBtjk,ILgjTtXh,15.0
1119,0,gACwumWT,SUgOBtjk,15.0
1119,0,JtZjSNXW,gACwumWT,15.0
1119,0,RLMiJrFV,JtZjSNXW,50.0
1119,0,cYArvsJE,RLMiJrFV,50.0
1119,0,EeAWpikH,cYArvsJE,50.0
1119,0,rrYLcPKJ,EeAWpikH,50.0
1119,0,IbNLqAKw,rrYLcPKJ,50.0
1119,0,UxEHDofF,IbNLqAKw,94.0
1119,0,KORPbuyR,UxEHDofF,94.0
1119,0,JfIhOMTg,KORPbuyR,94.0
1119,0,JdJprycd,JfIhOMTg,94.0
1119,0,xjJdOfLG,JdJprycd,115.0
1119,0,QQHZGEng,xjJdOfLG,115.0
1119,0,EFaiAjAK,QQHZGEng,115.0
1119,0,eUBMdtJg,EFaiAjAK,122.0
920,0,jqOOThyw,dvaPHMux,106.0
920,0,aUsRFqQV,jqOOThyw,106.0
920,0,TGiiAnII,aUsRFqQV,106.0
920,0,tIkiTaAn,TGiiAnII,106.0
920,0,WmxXwpoc,tIkiTaAn,106.0
1059,0,QOMpmplr,ItWJsmqN,2.0
1059,0,HNejbQWJ,QOMpmplr,2.0
909,0,bCbInHHL,mXosqjnx,68.0
909,0,crypOuMD,bCbInHHL,68.0
909,0,yTOnYgGF,EsTStEav,61.0
909,0,mXosqjnx,yTOnYgGF,61.0
909,0,XeefDCzo,IbNLqAKw,18.0
909,0,UDPMiWKD,XeefDCzo,18.0
909,0,ypjNmqeK,UDPMiWKD,18.0
909,0,EsTStEav,ypjNmqeK,18.0
751,0,dfrJZjmW,NjRgIRup,1838.0
751,0,AFcMAvOI,dfrJZjmW,2149.0
751,0,FltmFbyo,AFcMAvOI,2149.0
751,0,jUExBSiR,FltmFbyo,1567.0
751,0,vPrJwoLq,jUExBSiR,1567.0
751,0,aHDoehBY,vPrJwoLq,1567.0
751,0,WwbQwfXi,aHDoehBY,2523.0
1119,0,KvSvcvIL,LggmrEeo,169.0
929,0,TNTzUMyF,HyvnzuHA,19.0
929,0,avRuCqLk,TNTzUMyF,19.0
929,0,wIAALBva,avRuCqLk,19.0
929,0,nxBXRnVc,wIAALBva,19.0
929,0,sXWHYDNZ,nxBXRnVc,19.0
929,0,VKAAZZOV,sXWHYDNZ,19.0
929,0,Vtdujofe,VKAAZZOV,19.0
929,0,edTVGmZc,Vtdujofe,19.0
929,0,iqwCaPZT,edTVGmZc,19.0
929,0,qqDoWQdv,iqwCaPZT,19.0
929,0,eymgjBxV,qqDoWQdv,9.0
929,0,EonJeQKz,eymgjBxV,9.0
929,0,vkWqgNph,EonJeQKz,9.0
929,0,nJRQzVZQ,vkWqgNph,9.0
929,0,xunvufHj,nJRQzVZQ,9.0
929,0,rxrORjnb,xunvufHj,9.0
929,0,UVDfwOgc,rxrORjnb,9.0
929,0,TJDsQDoO,UVDfwOgc,9.0
929,0,yTictHOU,TJDsQDoO,9.0
929,0,sTaleXyI,yTictHOU,9.0
929,0,illGQStO,sTaleXyI,9.0
929,0,AUrIxxcC,illGQStO,9.0
929,0,zqZasXpA,AUrIxxcC,9.0
929,0,EYGEAZtD,zqZasXpA,9.0
929,0,AJLJQqsT,EYGEAZtD,9.0
929,0,NCSBLEus,AJLJQqsT,9.0
1176,0,PNniCxAw,vacPrbQA,1013.0
1176,0,aZaGhhAB,PNniCxAw,1089.0
1176,0,CVcknAiw,aZaGhhAB,1089.0
1176,0,uGkwFELU,CVcknAiw,1089.0
1176,0,IzKulrBJ,uGkwFELU,1092.0
1087,0,vCtwKmtA,hGRIMrVW,386.0
1087,0,wFiJapOA,vCtwKmtA,386.0
1087,0,HHbKiMPc,wFiJapOA,386.0
922,0,vitXJVTB,NJLhSMnp,2961.0
922,0,DPEjcwqA,vitXJVTB,2961.0
910,0,hqOmlOIp,RrhmmPMm,3.0
910,0,qJgsxHch,hqOmlOIp,3.0
910,0,lxplrluY,qJgsxHch,3.0
910,0,zTJYYUap,lxplrluY,3.0
910,0,UxPxrYmy,zTJYYUap,3.0
910,0,KwXNMHkb,UxPxrYmy,3.0
910,0,YxUFlvZH,KwXNMHkb,3.0
910,0,KMLNQwjh,YxUFlvZH,3.0
910,0,aDaRCcaB,KMLNQwjh,3.0
1072,0,lyEtzViy,NJLhSMnp,4511.0
1072,0,uVrlMgNx,lyEtzViy,4486.0
1622,0,VDSTHuJo,zdgoUaFA,1453.0
1622,0,ImyQzgIv,VDSTHuJo,1463.0
1622,0,BzikVGUK,ImyQzgIv,1463.0
1622,0,lniHSWWA,BzikVGUK,1463.0
1622,0,qaJzTzwj,lniHSWWA,1132.0
1622,0,YstCZidS,qaJzTzwj,1747.0
1622,0,sHyVyxBf,YstCZidS,1747.0
1622,0,OGOfNBpR,sHyVyxBf,1734.0
1622,0,apZtGMSe,OGOfNBpR,1734.0
1622,0,busLwOKM,apZtGMSe,1806.0
1622,0,BRTaWOYs,busLwOKM,1806.0
1622,0,aYSqaQmJ,BRTaWOYs,1724.0
909,0,uNHtUGfb,crypOuMD,46.0
920,0,SkzmPMHG,WmxXwpoc,136.0
920,0,MmDOtEna,SkzmPMHG,136.0
920,0,ZCeMNbFi,MmDOtEna,136.0
919,0,ygaPVVOX,NjRgIRup,1.0
919,0,SgmzKmGa,ygaPVVOX,1.0
919,0,oaiHprKy,SgmzKmGa,1.0
919,0,EKGAgXOm,oaiHprKy,1.0
919,0,RqCzrtQl,EKGAgXOm,1.0
919,0,CfDISmMN,RqCzrtQl,1.0
919,0,CtzBEXfZ,CfDISmMN,1.0
919,0,RpAFtJSl,CtzBEXfZ,1.0
919,0,PcvuCqyL,RpAFtJSl,1.0
919,0,QOMpmplr,PcvuCqyL,1.0
909,0,vOivHtRX,uNHtUGfb,62.0
922,0,AKFNXFCk,DPEjcwqA,2957.0
1072,0,ZsNhjIbg,uVrlMgNx,4544.0
1072,0,GhOGJPtU,ZsNhjIbg,4544.0
860,0,jkZnMKOY,DJFnuQGw,5.0
1067,0,TsaeiIGv,EkWBPXmr,24.0
1067,0,OsBkWRQx,TsaeiIGv,67.0
1067,0,TlwaKrQx,OsBkWRQx,67.0
1067,0,udlIzhJE,TlwaKrQx,67.0
1067,0,DeduXMzE,udlIzhJE,71.0
1067,0,GXHjZCTL,DeduXMzE,72.0
1067,0,yolIeCeg,GXHjZCTL,72.0
1067,0,ozAxYCwR,yolIeCeg,72.0
1067,0,qdrjbHYS,ozAxYCwR,72.0
1067,0,AKdDiXyV,qdrjbHYS,90.0
1067,0,gRuqifBH,AKdDiXyV,322.0
1067,0,kZdBhxvo,gRuqifBH,322.0
1067,0,ZBkAAevT,kZdBhxvo,322.0
1067,0,cMinRgYB,ZBkAAevT,322.0
1067,0,LRmPOeoe,cMinRgYB,322.0
1067,0,tBNXSyMW,LRmPOeoe,322.0
1067,0,ArHpJhVJ,tBNXSyMW,322.0
1067,0,tWpVdCtj,ArHpJhVJ,322.0
1067,0,gmiMCrrb,tWpVdCtj,322.0
1067,0,DzkWADkh,gmiMCrrb,346.0
1067,0,MjMnNBLG,DzkWADkh,349.0
1067,0,udKeccMr,MjMnNBLG,356.0
1067,0,HEshVETB,udKeccMr,356.0
1067,0,WKWTpoqQ,HEshVETB,356.0
1067,0,WlkKexEs,WKWTpoqQ,449.0
1068,0,ttuFHhig,scqbdPBp,45.0
1068,0,WjngiDTm,ttuFHhig,45.0
1068,0,jEhGDfoN,WjngiDTm,45.0
1119,0,QjcDKOzv,eUBMdtJg,110.0
1119,0,RUTwxhGS,QjcDKOzv,110.0
1119,0,uCoCFrtM,RUTwxhGS,110.0
1119,0,QzziCuGD,uCoCFrtM,110.0
1119,0,WmKWqOVN,QzziCuGD,110.0
1119,0,QBspXqKX,WmKWqOVN,110.0
1119,0,qYzIAyEg,QBspXqKX,110.0
1119,0,ZdKqQSZH,qYzIAyEg,110.0
1119,0,mSHqQduu,ZdKqQSZH,110.0
1119,0,MuzbvXqA,mSHqQduu,110.0
1119,0,qrudAScT,MuzbvXqA,114.0
926,0,JmVfbKXA,eebyhqqT,3.0
926,0,noGdINij,JmVfbKXA,10.0
926,0,UXYZCAgB,noGdINij,10.0
926,0,jjHnlXVx,UXYZCAgB,11.0
926,0,zmlEwfKx,jjHnlXVx,11.0
926,0,BvLvsPYo,zmlEwfKx,11.0
926,0,NcoKemSg,BvLvsPYo,11.0
926,0,HfcobGNa,NcoKemSg,11.0
926,0,SJvhYGxR,HfcobGNa,9.0
926,0,HyvnzuHA,SJvhYGxR,9.0
926,0,TNTzUMyF,HyvnzuHA,2.0
926,0,avRuCqLk,TNTzUMyF,2.0
926,0,wIAALBva,avRuCqLk,2.0
926,0,nxBXRnVc,wIAALBva,2.0
926,0,sXWHYDNZ,nxBXRnVc,2.0
926,0,VKAAZZOV,sXWHYDNZ,2.0
926,0,Vtdujofe,VKAAZZOV,2.0
926,0,edTVGmZc,Vtdujofe,2.0
926,0,iqwCaPZT,edTVGmZc,2.0
926,0,qqDoWQdv,iqwCaPZT,2.0
926,0,eymgjBxV,qqDoWQdv,1.0
926,0,EonJeQKz,eymgjBxV,1.0
926,0,vkWqgNph,EonJeQKz,1.0
926,0,nJRQzVZQ,vkWqgNph,1.0
926,0,xunvufHj,nJRQzVZQ,1.0
926,0,rxrORjnb,xunvufHj,1.0
1226,0,JLvNOQnl,NmRushck,10937.0
1226,0,BGChynOq,JLvNOQnl,11142.0
1226,0,ffHVhHJj,BGChynOq,10664.0
1226,0,itmFNPnQ,ffHVhHJj,10664.0
1226,0,jVOVHrFU,itmFNPnQ,10664.0
1591,0,urhYpysk,TGjXCzny,590.0
1591,0,eYYHcaFH,urhYpysk,598.0
1591,0,aGRhAFxn,eYYHcaFH,598.0
1591,0,YzXnYVPd,aGRhAFxn,162.0
1591,0,TEKQTTfp,YzXnYVPd,103.0
922,0,HIkBoDID,AKFNXFCk,2827.0
922,0,uKNLSXwU,HIkBoDID,2988.0
922,0,QpjbbNqd,uKNLSXwU,2988.0
922,0,qHHrAclK,QpjbbNqd,2988.0
922,0,Jrutayet,qHHrAclK,2988.0
1058,0,mhDCqtpx,MKKzwAOv,25.0
1058,0,TJDsQDoO,mhDCqtpx,25.0
920,0,PBIThtAQ,ZCeMNbFi,132.0
920,0,iAuWJytQ,PBIThtAQ,132.0
920,0,RqKQqVrZ,iAuWJytQ,132.0
920,0,HyvnzuHA,RqKQqVrZ,132.0
920,0,TNTzUMyF,HyvnzuHA,5.0
920,0,avRuCqLk,TNTzUMyF,5.0
920,0,wIAALBva,avRuCqLk,5.0
920,0,nxBXRnVc,wIAALBva,5.0
920,0,sXWHYDNZ,nxBXRnVc,5.0
920,0,VKAAZZOV,sXWHYDNZ,5.0
922,0,UosQUisT,Jrutayet,2050.0
922,0,FQOgjaka,UosQUisT,2050.0
725,0,YmkUpvHU,qKeCDDXI,2713.0
725,0,WOOyqinT,YmkUpvHU,2660.0
725,0,mnkgCFDT,WOOyqinT,2137.0
856,0,ygaPVVOX,NjRgIRup,781.0
856,0,SgmzKmGa,ygaPVVOX,781.0
856,0,oaiHprKy,SgmzKmGa,790.0
856,0,EKGAgXOm,oaiHprKy,790.0
856,0,RqCzrtQl,EKGAgXOm,790.0
856,0,CfDISmMN,RqCzrtQl,790.0
856,0,CtzBEXfZ,CfDISmMN,798.0
856,0,RpAFtJSl,CtzBEXfZ,802.0
856,0,PcvuCqyL,RpAFtJSl,802.0
856,0,QOMpmplr,PcvuCqyL,802.0
856,0,HNejbQWJ,QOMpmplr,812.0
856,0,dQfoCLXo,HNejbQWJ,812.0
856,0,NJLhSMnp,dQfoCLXo,812.0
856,0,vitXJVTB,NJLhSMnp,819.0
856,0,DPEjcwqA,vitXJVTB,819.0
856,0,AKFNXFCk,DPEjcwqA,819.0
856,0,HIkBoDID,AKFNXFCk,840.0
856,0,FBcFacnd,HIkBoDID,947.0
856,0,URVlPKPB,FBcFacnd,947.0
856,0,dROKJpRC,URVlPKPB,1031.0
856,0,UNRVYnCk,dROKJpRC,1031.0
856,0,rvjuJASP,UNRVYnCk,667.0
856,0,BLgEghTV,rvjuJASP,667.0
856,0,EnXcRLvh,BLgEghTV,667.0
856,0,snhIMWCK,EnXcRLvh,563.0
856,0,oKUAvFAb,snhIMWCK,563.0
860,0,DJFnuQGw,KAhfQHTl,4.0
860,0,TEpDjcLc,AlpXiRiW,2.0
860,0,PORiPCGC,TEpDjcLc,2.0
860,0,VPnRvCbn,PORiPCGC,2.0
860,0,tUQXHMzJ,VPnRvCbn,2.0
860,0,YjKQPWoa,tUQXHMzJ,2.0
860,0,KAhfQHTl,YjKQPWoa,2.0
1072,0,WOuDNhbw,GhOGJPtU,4455.0
1072,0,oWUXSqrA,WOuDNhbw,4455.0
1072,0,CYkmgDbv,oWUXSqrA,4455.0
128,0,TCqyxHhF,AszcEtOu,3.0
128,0,TcEVvOUM,TCqyxHhF,3.0
128,0,qGnNRXVR,TcEVvOUM,3.0
128,0,ouPwTbuD,qGnNRXVR,3.0
128,0,MwLdaJul,ouPwTbuD,3.0
128,0,QUMnpJQp,MwLdaJul,3.0
128,0,FyIjwLBj,QUMnpJQp,3.0
128,0,vXPGJwVk,FyIjwLBj,3.0
128,0,qzuHypgA,vXPGJwVk,3.0
128,0,KCMgfriT,qzuHypgA,3.0
128,0,hVMLOzME,KCMgfriT,3.0
128,0,TDvESTZN,hVMLOzME,3.0
128,0,WlkKexEs,TDvESTZN,3.0
128,0,MyzUerZz,WlkKexEs,3.0
128,0,hTBkjNzq,MyzUerZz,3.0
128,0,aCcokpIU,hTBkjNzq,33.0
128,0,IWuAfYeM,aCcokpIU,33.0
128,0,AKEMZMhk,IWuAfYeM,33.0
128,0,oXDhDxhT,AKEMZMhk,33.0
128,0,twlwLPZj,oXDhDxhT,33.0
128,0,NjRgIRup,twlwLPZj,33.0
922,0,URvEqJxF,FQOgjaka,1969.0
922,0,JalqBTeK,URvEqJxF,1969.0
922,0,UAwQbGIv,JalqBTeK,1969.0
922,0,HyvnzuHA,UAwQbGIv,1969.0
177,0,DzkWADkh,tBgOcvQf,1528.0
177,0,MjMnNBLG,DzkWADkh,1530.0
177,0,XiRzIewe,MjMnNBLG,1530.0
177,0,udKeccMr,XiRzIewe,2017.0
177,0,HEshVETB,udKeccMr,2017.0
177,0,WKWTpoqQ,HEshVETB,2017.0
929,0,ymMHSssn,wSxpBpYI,14.0
916,0,FgmIokcD,VNhVtVFP,53.0
916,0,gcIdZvqz,FgmIokcD,56.0
916,0,PRSWWHtT,gcIdZvqz,56.0
916,0,cTiyrkFA,PRSWWHtT,56.0
916,0,CyecXZGv,cTiyrkFA,59.0
1226,0,NmRushck,xMwzCIXQ,10748.0
764,0,rpRStibJ,rAXDXBKw,28.0
764,0,BSXQVxvJ,rpRStibJ,28.0
764,0,hPReecFP,BSXQVxvJ,28.0
140,0,rhOosuOh,pNPkNoga,103.0
140,0,VKJFREzF,rhOosuOh,103.0
140,0,EvOnizWo,VKJFREzF,112.0
140,0,PjaElYBL,EvOnizWo,112.0
140,0,YvwuVYMF,PjaElYBL,112.0
140,0,vDFCntfg,YvwuVYMF,16.0
140,0,iEKDTvNf,vDFCntfg,16.0
140,0,MyGqmywG,iEKDTvNf,16.0
140,0,NxbXiMUL,MyGqmywG,16.0
140,0,XLVjRryq,NxbXiMUL,16.0
140,0,RVEyrwjR,XLVjRryq,16.0
140,0,gzTQJVMW,RVEyrwjR,16.0
140,0,FZsFzszJ,gzTQJVMW,7.0
140,0,KgwKZlse,FZsFzszJ,7.0
140,0,AoRkaUmb,KgwKZlse,7.0
140,0,ALhaazBT,AoRkaUmb,7.0
140,0,YqlTLIQa,ALhaazBT,6.0
140,0,AUmOMGnp,YqlTLIQa,6.0
140,0,XFPAZveS,AUmOMGnp,6.0
140,0,ojqTFFWy,XFPAZveS,1.0
1681,0,UuoajKVN,fdwfslrS,140.0
1681,0,tmPrLnhA,UuoajKVN,140.0
1681,0,KHybvzQw,tmPrLnhA,140.0
1681,0,WywmvGMH,KHybvzQw,131.0
1681,0,AesbwnPs,WywmvGMH,129.0
1681,0,hzAARBgX,AesbwnPs,129.0
1681,0,IjDfGHsr,hzAARBgX,128.0
1681,0,TFRpjaAo,IjDfGHsr,128.0
1681,0,JhdinCeD,TFRpjaAo,116.0
1681,0,ZIieNEvD,JhdinCeD,116.0
1681,0,jvLymITs,ZIieNEvD,116.0
1681,0,jJVVpGMf,jvLymITs,5.0
1681,0,tcYerYbk,jJVVpGMf,5.0
1681,0,pPKqPUVW,tcYerYbk,5.0
1681,0,iYTiOTOT,pPKqPUVW,5.0
1681,0,dLtneiKf,iYTiOTOT,5.0
1681,0,slfxTuih,dLtneiKf,5.0
1681,0,XFPAZveS,slfxTuih,5.0
1681,0,ojqTFFWy,XFPAZveS,4.0
903,0,eCAYEbtu,moYdstNu,104.0
903,0,ZXZRiXZk,eCAYEbtu,105.0
903,0,lHJswKjJ,ZXZRiXZk,113.0
903,0,mOIvxNWl,lHJswKjJ,113.0
903,0,knEDXVsi,mOIvxNWl,113.0
903,0,fwLjTwPH,knEDXVsi,113.0
903,0,pNPkNoga,fwLjTwPH,113.0
903,0,rhOosuOh,pNPkNoga,92.0
903,0,VKJFREzF,rhOosuOh,92.0
903,0,EvOnizWo,VKJFREzF,92.0
903,0,PjaElYBL,EvOnizWo,92.0
903,0,YvwuVYMF,PjaElYBL,92.0
400,0,PrbXVSIs,MEUYJwAC,3462.0
400,0,BaMKWhPW,PrbXVSIs,3195.0
400,0,UrOuumcZ,BaMKWhPW,3195.0
400,0,ykQYJtnJ,UrOuumcZ,3208.0
400,0,riNnsYaQ,ykQYJtnJ,3208.0
400,0,nfCzcTzh,riNnsYaQ,6556.0
922,0,DJxHBCmY,HyvnzuHA,888.0
930,0,HNejbQWJ,QOMpmplr,23.0
930,0,dQfoCLXo,HNejbQWJ,24.0
930,0,NJLhSMnp,dQfoCLXo,24.0
930,0,vitXJVTB,NJLhSMnp,24.0
930,0,DPEjcwqA,vitXJVTB,24.0
930,0,AKFNXFCk,DPEjcwqA,24.0
930,0,HIkBoDID,AKFNXFCk,24.0
930,0,uKNLSXwU,HIkBoDID,55.0
930,0,QpjbbNqd,uKNLSXwU,55.0
930,0,qHHrAclK,QpjbbNqd,55.0
930,0,Jrutayet,qHHrAclK,55.0
930,0,UosQUisT,Jrutayet,55.0
930,0,FQOgjaka,UosQUisT,55.0
930,0,URvEqJxF,FQOgjaka,55.0
930,0,JalqBTeK,URvEqJxF,55.0
930,0,UAwQbGIv,JalqBTeK,55.0
930,0,HyvnzuHA,UAwQbGIv,55.0
930,0,BOfkKWXd,HyvnzuHA,91.0
930,0,ftNxmWZm,BOfkKWXd,101.0
930,0,yFvgNkDl,ftNxmWZm,101.0
930,0,lDGKQeaf,yFvgNkDl,101.0
930,0,ygaPVVOX,NjRgIRup,21.0
930,0,SgmzKmGa,ygaPVVOX,21.0
930,0,oaiHprKy,SgmzKmGa,21.0
930,0,EKGAgXOm,oaiHprKy,21.0
930,0,RqCzrtQl,EKGAgXOm,21.0
930,0,CfDISmMN,RqCzrtQl,21.0
930,0,CtzBEXfZ,CfDISmMN,21.0
930,0,RpAFtJSl,CtzBEXfZ,21.0
930,0,PcvuCqyL,RpAFtJSl,21.0
930,0,QOMpmplr,PcvuCqyL,21.0
930,0,wSxpBpYI,lDGKQeaf,49.0
922,0,UUpfieFN,DJxHBCmY,887.0
911,0,ygaPVVOX,NjRgIRup,757.0
911,0,SgmzKmGa,ygaPVVOX,757.0
911,0,oaiHprKy,SgmzKmGa,764.0
911,0,EKGAgXOm,oaiHprKy,764.0
911,0,RqCzrtQl,EKGAgXOm,764.0
911,0,CfDISmMN,RqCzrtQl,764.0
911,0,CtzBEXfZ,CfDISmMN,783.0
911,0,RpAFtJSl,CtzBEXfZ,783.0
911,0,PcvuCqyL,RpAFtJSl,783.0
911,0,QOMpmplr,PcvuCqyL,785.0
911,0,HNejbQWJ,QOMpmplr,804.0
911,0,dQfoCLXo,HNejbQWJ,804.0
911,0,NJLhSMnp,dQfoCLXo,804.0
911,0,vitXJVTB,NJLhSMnp,818.0
911,0,DPEjcwqA,vitXJVTB,818.0
911,0,AKFNXFCk,DPEjcwqA,818.0
911,0,HIkBoDID,AKFNXFCk,836.0
911,0,FBcFacnd,HIkBoDID,839.0
911,0,URVlPKPB,FBcFacnd,839.0
911,0,vpSWiOiP,URVlPKPB,1002.0
911,0,BvsSDYgP,vpSWiOiP,1005.0
911,0,aCcokpIU,hTBkjNzq,491.0
911,0,IWuAfYeM,aCcokpIU,491.0
911,0,AKEMZMhk,IWuAfYeM,491.0
911,0,oXDhDxhT,AKEMZMhk,491.0
911,0,twlwLPZj,oXDhDxhT,505.0
911,0,NjRgIRup,twlwLPZj,505.0
922,0,XHBoVocK,UUpfieFN,863.0
922,0,arebgYBg,XHBoVocK,863.0
922,0,TWTKfAgl,arebgYBg,863.0
1119,0,VQfPRvUw,qGgPbtbT,1.0
1119,0,VCGhveHG,VQfPRvUw,1.0
1119,0,WQdyWhSR,VCGhveHG,1.0
1119,0,vCGIyJLJ,WQdyWhSR,1.0
1119,0,xuEvBBdE,vCGIyJLJ,3.0
1119,0,rAizOLWV,xuEvBBdE,3.0
1119,0,JdZarNsv,rAizOLWV,3.0
1119,0,NmilzqZp,JdZarNsv,3.0
1119,0,TCMQvOqy,NmilzqZp,3.0
922,0,BhcHYWlb,TWTKfAgl,835.0
922,0,zWmxGpLB,BhcHYWlb,835.0
922,0,JzAcwavY,zWmxGpLB,835.0
922,0,ZjbTkVDH,JzAcwavY,813.0
922,0,RLXxtVaJ,ZjbTkVDH,813.0
911,0,hTBkjNzq,MyzUerZz,375.0
911,0,KVgMjZao,BvsSDYgP,1018.0
911,0,rvGAYltM,KVgMjZao,1018.0
911,0,kUJgeRIS,rvGAYltM,991.0
911,0,pfeYSjby,kUJgeRIS,730.0
911,0,MyzUerZz,WlkKexEs,18.0
1076,0,rYcBAOGh,Hjpeultj,1420.0
1076,0,QHfelpAR,rYcBAOGh,1413.0
1076,0,RapSzmXO,QHfelpAR,1413.0
1076,0,AlpXiRiW,lnzZDlDL,1230.0
1076,0,TEpDjcLc,AlpXiRiW,420.0
1076,0,PORiPCGC,TEpDjcLc,420.0
1076,0,VPnRvCbn,PORiPCGC,420.0
1076,0,tUQXHMzJ,VPnRvCbn,400.0
1076,0,YjKQPWoa,tUQXHMzJ,388.0
1076,0,KAhfQHTl,YjKQPWoa,388.0
1141,0,UfJDroVz,lsFGVtlq,1291.0
1141,0,biJBLznK,UfJDroVz,1291.0
1141,0,TcsyXYNn,biJBLznK,1290.0
1141,0,qKeCDDXI,TcsyXYNn,1290.0
1141,0,YmkUpvHU,qKeCDDXI,1661.0
1141,0,GbYxEXTt,YmkUpvHU,950.0
1141,0,DOGyniWl,GbYxEXTt,447.0
1452,0,orpkgmYq,EPWXwPSq,7501.0
1099,0,uaUalZjh,HXvpcqcH,607.0
1099,0,tZxKeFkh,uaUalZjh,607.0
1099,0,yOopALph,tZxKeFkh,387.0
1099,0,TBShKgjD,yOopALph,199.0
1099,0,aXWsLpyQ,TBShKgjD,199.0
1099,0,MwUoGUHv,aXWsLpyQ,190.0
1099,0,lndqhzzh,MwUoGUHv,190.0
1099,0,jOvjucEC,lndqhzzh,190.0
1099,0,HbaaqMIK,jOvjucEC,190.0
1099,0,SvkqEtGw,HbaaqMIK,185.0
1099,0,DKTMYVhM,SvkqEtGw,185.0
1099,0,fXFJjsZH,DKTMYVhM,152.0
1099,0,zKpOsJgw,fXFJjsZH,152.0
1099,0,ZFSCrBEp,zKpOsJgw,152.0
1099,0,PQuXHWcA,ZFSCrBEp,147.0
1099,0,XkkxwlXm,PQuXHWcA,147.0
1099,0,tcHYhVZo,XkkxwlXm,136.0
1099,0,OUTzwMHI,tcHYhVZo,134.0
1099,0,rGYrQqGa,OUTzwMHI,113.0
1099,0,QCBPrBCl,rGYrQqGa,113.0
1099,0,wDEypHfE,QCBPrBCl,107.0
1099,0,yTNmoAGc,wDEypHfE,107.0
1099,0,meZHMfSd,yTNmoAGc,102.0
1099,0,wGTdgRcU,meZHMfSd,102.0
1099,0,cQHgTjKq,wGTdgRcU,99.0
1099,0,ruogAkOJ,cQHgTjKq,99.0
1099,0,tndfGrTh,ruogAkOJ,99.0
1099,0,OdzEGWPG,tndfGrTh,99.0
1099,0,WUWIxCFc,OdzEGWPG,99.0
1099,0,gyQqEnFq,WUWIxCFc,99.0
1099,0,KfdekYuk,lBxutteT,496.0
1099,0,qErQsNEG,KfdekYuk,496.0
1099,0,avVajdeO,qErQsNEG,496.0
1099,0,HXvpcqcH,avVajdeO,496.0
1099,0,RnuEqbUH,XnIbYwkm,164.0
1099,0,iiHDFBMi,RnuEqbUH,192.0
1099,0,oERWQcSy,iiHDFBMi,192.0
1099,0,nsdRxeeS,oERWQcSy,192.0
1099,0,DUFShJgp,nsdRxeeS,385.0
1099,0,JgwwvaMP,DUFShJgp,385.0
1099,0,lBxutteT,JgwwvaMP,385.0
1099,0,ulxuvpsp,kGQEnBYZ,33.0
1099,0,fOMMjSqm,ulxuvpsp,33.0
1099,0,XnIbYwkm,fOMMjSqm,63.0
1331,0,GtMUYUwJ,MoCDatJm,834.0
1331,0,lQIpGOTn,GtMUYUwJ,798.0
1331,0,uhUmvvRs,lQIpGOTn,798.0
1331,0,plWWPiMc,uhUmvvRs,752.0
1331,0,HcPkwFHM,plWWPiMc,725.0
1331,0,KjuJaNsu,HcPkwFHM,725.0
1331,0,oNyGHMvy,KjuJaNsu,725.0
1331,0,QdnKSSsO,oNyGHMvy,718.0
1331,0,vSdfqYeK,QdnKSSsO,696.0
1331,0,wDpyEsxh,vSdfqYeK,640.0
1331,0,jIerKxIb,wDpyEsxh,640.0
1331,0,IubGYoNi,jIerKxIb,397.0
1331,0,fmQEzQWV,IubGYoNi,396.0
1331,0,BpAiVnps,fmQEzQWV,371.0
1174,0,QEnOoljA,ARQSeSoV,1455.0
1174,0,louTHuTF,jpQxXiev,634.0
1174,0,oVtKGSMs,louTHuTF,634.0
1174,0,kekwMubZ,oVtKGSMs,635.0
1174,0,xFzHIeRy,kekwMubZ,635.0
1174,0,qnfbEQfU,xFzHIeRy,611.0
1174,0,BGiGDHMe,qnfbEQfU,611.0
1174,0,VycUzKpr,BGiGDHMe,611.0
1174,0,ZzGQqLDR,VycUzKpr,621.0
1174,0,IlgMmocA,ZzGQqLDR,621.0
1174,0,ARQSeSoV,IlgMmocA,621.0
157,0,qGKRSiRy,zLLRyPMt,70.0
157,0,PayqNnwn,qGKRSiRy,68.0
157,0,xFzHIeRy,PayqNnwn,64.0
157,0,qnfbEQfU,xFzHIeRy,64.0
157,0,BGiGDHMe,qnfbEQfU,64.0
157,0,VycUzKpr,BGiGDHMe,64.0
157,0,ZzGQqLDR,VycUzKpr,64.0
157,0,IlgMmocA,ZzGQqLDR,64.0
157,0,ARQSeSoV,IlgMmocA,64.0
157,0,QEnOoljA,ARQSeSoV,48.0
1171,0,qGKRSiRy,nPcSKLPs,197.0
1171,0,PayqNnwn,qGKRSiRy,195.0
1171,0,xFzHIeRy,PayqNnwn,184.0
1171,0,qnfbEQfU,xFzHIeRy,184.0
1171,0,BGiGDHMe,qnfbEQfU,184.0
1171,0,VycUzKpr,BGiGDHMe,184.0
1171,0,ZzGQqLDR,VycUzKpr,184.0
1171,0,IlgMmocA,ZzGQqLDR,184.0
1171,0,ARQSeSoV,IlgMmocA,184.0
1171,0,QEnOoljA,ARQSeSoV,150.0
1171,0,BdHFoOCD,LXkzXiZv,84.0
1171,0,IWPekdjH,BdHFoOCD,100.0
1171,0,nPcSKLPs,IWPekdjH,100.0
135,0,ZIzswYos,lyJEgbqI,35.0
135,0,SiNHgyIy,ZIzswYos,46.0
135,0,kUNGxXZI,SiNHgyIy,389.0
135,0,nVkihPOJ,kUNGxXZI,389.0
135,0,YvwuVYMF,nVkihPOJ,389.0
135,0,vDFCntfg,YvwuVYMF,126.0
135,0,iEKDTvNf,vDFCntfg,126.0
135,0,MyGqmywG,iEKDTvNf,126.0
135,0,NxbXiMUL,MyGqmywG,123.0
135,0,XLVjRryq,NxbXiMUL,118.0
135,0,gzTQJVMW,XLVjRryq,118.0
952,0,EEOGpCEL,gzTQJVMW,1658.0
952,0,OdbRrJhV,EEOGpCEL,1722.0
952,0,NSvMYbfW,OdbRrJhV,1722.0
952,0,qmRscxuH,NSvMYbfW,1722.0
952,0,zrVEttwl,qmRscxuH,787.0
952,0,KhQckqci,zrVEttwl,787.0
952,0,NkYJOxxA,KhQckqci,787.0
952,0,Phtvjmoj,NkYJOxxA,787.0
952,0,iRgZVaoH,Phtvjmoj,704.0
952,0,KbKyxild,iRgZVaoH,704.0
400,0,WQOJAyxG,KlSqKJQr,2603.0
400,0,ZcOxufIN,WQOJAyxG,2603.0
400,0,TqATzVvV,ZcOxufIN,2539.0
400,0,OTWTQCls,TqATzVvV,2503.0
400,0,MEUYJwAC,OTWTQCls,2721.0
1076,0,ZYiWVpjK,nfCzcTzh,1922.0
1076,0,qTvRhwtK,ZYiWVpjK,1910.0
1076,0,XQBvMmKm,qTvRhwtK,1910.0
1076,0,hPGLMLbU,XQBvMmKm,1493.0
541,0,xmGwLlME,oZJRchiN,191.0
541,0,KcBICYpI,xmGwLlME,191.0
541,0,XQiQvefE,KcBICYpI,191.0
541,0,eyUKPfnA,XQiQvefE,191.0
736,0,TabXWeiJ,eyUKPfnA,2766.0
736,0,tDhKnafe,TabXWeiJ,2766.0
736,0,iGMYbQYg,tDhKnafe,2794.0
736,0,HeSMGtlu,iGMYbQYg,2794.0
736,0,ZgqhsueA,HeSMGtlu,2794.0
736,0,GYxWnXpv,ZgqhsueA,3692.0
736,0,mkpQpPSv,GYxWnXpv,3692.0
736,0,EIHKZlEa,mkpQpPSv,3692.0
736,0,oYdkYEMp,EIHKZlEa,3692.0
736,0,TkHOmLHQ,oYdkYEMp,3692.0
736,0,SwTowoaO,TkHOmLHQ,3692.0
736,0,YvwuVYMF,SwTowoaO,3945.0
463,0,qflzswAf,WIZPpGvl,7370.0
1029,0,tBPmVbcK,qflzswAf,7796.0
1076,0,WyfCQhSW,ogOCBKAf,940.0
1076,0,erxKyHjj,WyfCQhSW,975.0
1076,0,KjiBWoqR,erxKyHjj,975.0
1076,0,bYNwHuWo,KjiBWoqR,975.0
1076,0,MFfExqBx,bYNwHuWo,1072.0
1076,0,qWvzRbGV,MFfExqBx,1072.0
1076,0,PRzaSxQc,qWvzRbGV,1072.0
1076,0,bfKiOFsS,PRzaSxQc,1072.0
1076,0,eGbCulMV,bfKiOFsS,1072.0
1076,0,CRVKBFrv,eGbCulMV,1072.0
1076,0,zjOknQHK,CRVKBFrv,1176.0
1076,0,FrKNovDQ,zjOknQHK,1176.0
1076,0,nfCzcTzh,FrKNovDQ,1176.0
1072,0,eypuAxqa,ORrZduNE,4380.0
1072,0,DSVnhmbs,eypuAxqa,4365.0
1072,0,hCKRONaA,DSVnhmbs,3880.0
1072,0,TGKbjQzH,hCKRONaA,3880.0
1072,0,RoreEsYU,TGKbjQzH,3880.0
1072,0,AlpXiRiW,RoreEsYU,3653.0
535,0,uzcbLUNR,GOFbtMrp,434.0
535,0,zezeKItL,uzcbLUNR,434.0
535,0,VpHOqNar,zezeKItL,434.0
535,0,vDTAjOOR,VpHOqNar,434.0
535,0,UDUmRzWP,vDTAjOOR,401.0
535,0,kVWwehGs,UDUmRzWP,401.0
535,0,ixhHdGBo,kVWwehGs,401.0
565,0,LDSuadxM,OhBAPvsb,275.0
856,0,sWtYImJU,oKUAvFAb,310.0
856,0,momDhuqe,sWtYImJU,310.0
1075,0,sWtYImJU,oKUAvFAb,381.0
1075,0,momDhuqe,sWtYImJU,381.0
922,0,FHCcBeVW,KvSvcvIL,566.0
922,0,foRSymXv,FHCcBeVW,566.0
1119,0,FHCcBeVW,KvSvcvIL,6.0
1119,0,foRSymXv,FHCcBeVW,6.0
1119,0,IKnBBuIf,foRSymXv,6.0
922,0,IKnBBuIf,foRSymXv,526.0
135,0,BLvXEzeq,gzTQJVMW,68.0
135,0,KgwKZlse,BLvXEzeq,68.0
135,0,AoRkaUmb,KgwKZlse,68.0
135,0,ALhaazBT,AoRkaUmb,68.0
135,0,YqlTLIQa,ALhaazBT,62.0
135,0,AUmOMGnp,YqlTLIQa,62.0
135,0,XFPAZveS,AUmOMGnp,62.0
135,0,ojqTFFWy,XFPAZveS,24.0
856,0,zPQeyVVD,momDhuqe,304.0
1075,0,zPQeyVVD,momDhuqe,396.0
1178,0,LLWkkTwA,VFLsoIHD,6390.0
1178,0,ZTMEdEeK,LLWkkTwA,6326.0
1178,0,ogOCBKAf,ZTMEdEeK,6683.0
1083,0,honleovC,JGCJnIWw,1384.0
1083,0,pqZYMbGr,honleovC,1436.0
1367,0,vfIotKLC,ZJoycWOZ,49.0
1367,0,tSXpsDyV,vfIotKLC,49.0
1367,0,IbLBdCXD,tSXpsDyV,49.0
1367,0,JGCJnIWw,IbLBdCXD,49.0
1367,0,honleovC,JGCJnIWw,45.0
1367,0,pqZYMbGr,honleovC,37.0
1367,0,jobllKUJ,pqZYMbGr,32.0
1367,0,cKlxsEIa,jobllKUJ,32.0
1367,0,POeaLshN,cKlxsEIa,32.0
1367,0,nvtqczOj,POeaLshN,32.0
1367,0,FdzHSswJ,nvtqczOj,27.0
1367,0,rfVXpFlV,FdzHSswJ,27.0
1367,0,zrVEttwl,rfVXpFlV,21.0
1367,0,KhQckqci,zrVEttwl,21.0
1367,0,NkYJOxxA,KhQckqci,21.0
1367,0,Phtvjmoj,NkYJOxxA,20.0
1367,0,iRgZVaoH,Phtvjmoj,20.0
1367,0,KbKyxild,iRgZVaoH,20.0
1367,0,WzJZybAt,KbKyxild,20.0
1367,0,wBZvskGC,WzJZybAt,20.0
1367,0,pHbSfQWg,wBZvskGC,18.0
1367,0,hlYcHDiv,pHbSfQWg,18.0
1367,0,ZUUFaTkv,hlYcHDiv,18.0
1367,0,jgCiOeaN,ZUUFaTkv,18.0
1367,0,TikfrWrm,jgCiOeaN,18.0
1367,0,RabBrvbh,TikfrWrm,18.0
1367,0,yAsGVYQM,RabBrvbh,18.0
1367,0,XFPAZveS,yAsGVYQM,2.0
1367,0,ojqTFFWy,XFPAZveS,2.0
1085,0,zMSEqitx,EllpaOUu,1248.0
1085,0,AnlrdaBb,zMSEqitx,1248.0
1085,0,yQmtaWgt,AnlrdaBb,1239.0
331,0,hqxwmRzJ,MjoEniNM,1117.0
331,0,DKWSfiEo,hqxwmRzJ,474.0
331,0,hCpAddaw,DKWSfiEo,179.0
331,0,cThdGxLv,hCpAddaw,179.0
331,0,dAxtDTje,cThdGxLv,179.0
331,0,aunBMooM,dAxtDTje,179.0
331,0,kiTgZeoH,aunBMooM,179.0
331,0,eLmJkuZC,kiTgZeoH,179.0
331,0,UgzfanVk,eLmJkuZC,179.0
1083,0,krjqWYyL,zBmTBInm,1451.0
1083,0,tSXpsDyV,krjqWYyL,1451.0
1083,0,IbLBdCXD,tSXpsDyV,1451.0
1083,0,JGCJnIWw,IbLBdCXD,1451.0
1040,0,SRJkWTfK,zAhquueS,868.0
1040,0,krjqWYyL,SRJkWTfK,492.0
1040,0,tSXpsDyV,krjqWYyL,492.0
1040,0,IbLBdCXD,tSXpsDyV,492.0
1040,0,JGCJnIWw,IbLBdCXD,492.0
1040,0,honleovC,JGCJnIWw,449.0
1040,0,pqZYMbGr,honleovC,448.0
1040,0,jobllKUJ,pqZYMbGr,413.0
1040,0,cKlxsEIa,jobllKUJ,413.0
1040,0,POeaLshN,cKlxsEIa,413.0
1040,0,nvtqczOj,POeaLshN,413.0
1040,0,FdzHSswJ,nvtqczOj,355.0
1040,0,qmRscxuH,FdzHSswJ,351.0
1040,0,zrVEttwl,qmRscxuH,340.0
1040,0,KhQckqci,zrVEttwl,340.0
1040,0,NkYJOxxA,KhQckqci,340.0
1040,0,Phtvjmoj,NkYJOxxA,340.0
1040,0,iRgZVaoH,Phtvjmoj,327.0
1040,0,KbKyxild,iRgZVaoH,327.0
1040,0,WzJZybAt,KbKyxild,322.0
1040,0,wBZvskGC,WzJZybAt,301.0
1040,0,pHbSfQWg,wBZvskGC,288.0
1040,0,hlYcHDiv,pHbSfQWg,288.0
1040,0,ZUUFaTkv,hlYcHDiv,288.0
1040,0,jgCiOeaN,ZUUFaTkv,288.0
1040,0,TikfrWrm,jgCiOeaN,288.0
1040,0,RabBrvbh,TikfrWrm,288.0
1040,0,yAsGVYQM,RabBrvbh,288.0
1040,0,XFPAZveS,yAsGVYQM,190.0
1040,0,ejMjPdTH,XFPAZveS,190.0
1040,0,LHNTbQin,TUZfegir,800.0
1040,0,EBDfudXo,LHNTbQin,800.0
1040,0,oVvGCedi,EBDfudXo,806.0
1040,0,zAhquueS,oVvGCedi,806.0
922,0,qNguppPl,IKnBBuIf,412.0
922,0,ypDcaLvL,qNguppPl,412.0
922,0,gLfGMIXr,ypDcaLvL,412.0
922,0,CPLwMSlA,gLfGMIXr,412.0
922,0,cefvQkVf,CPLwMSlA,412.0
120,0,ygaPVVOX,NjRgIRup,1.0
120,0,SgmzKmGa,ygaPVVOX,1.0
120,0,oaiHprKy,SgmzKmGa,1.0
120,0,EKGAgXOm,oaiHprKy,1.0
120,0,RqCzrtQl,EKGAgXOm,1.0
120,0,CfDISmMN,RqCzrtQl,1.0
120,0,RpAFtJSl,CfDISmMN,1.0
120,0,PcvuCqyL,RpAFtJSl,1.0
120,0,ItWJsmqN,PcvuCqyL,1.0
120,0,QOMpmplr,ItWJsmqN,3.0
120,0,HNejbQWJ,QOMpmplr,3.0
120,0,dQfoCLXo,HNejbQWJ,3.0
120,0,NJLhSMnp,dQfoCLXo,3.0
120,0,vitXJVTB,NJLhSMnp,3.0
120,0,DPEjcwqA,vitXJVTB,3.0
120,0,AKFNXFCk,DPEjcwqA,3.0
120,0,HIkBoDID,AKFNXFCk,3.0
120,0,FBcFacnd,HIkBoDID,3.0
120,0,vpSWiOiP,FBcFacnd,4.0
120,0,vhEQWrWH,vpSWiOiP,4.0
1119,0,qNguppPl,IKnBBuIf,4.0
1119,0,ypDcaLvL,qNguppPl,4.0
1119,0,gLfGMIXr,ypDcaLvL,4.0
1119,0,CPLwMSlA,gLfGMIXr,4.0
1119,0,cefvQkVf,CPLwMSlA,4.0
1119,0,TJeJnSDd,cefvQkVf,4.0
922,0,TJeJnSDd,cefvQkVf,410.0
765,0,HNejbQWJ,QOMpmplr,88.0
765,0,dQfoCLXo,HNejbQWJ,88.0
765,0,NJLhSMnp,dQfoCLXo,88.0
765,0,vitXJVTB,NJLhSMnp,97.0
765,0,DPEjcwqA,vitXJVTB,97.0
765,0,AKFNXFCk,DPEjcwqA,97.0
765,0,HIkBoDID,AKFNXFCk,97.0
765,0,FBcFacnd,HIkBoDID,97.0
765,0,URVlPKPB,FBcFacnd,97.0
765,0,vpSWiOiP,URVlPKPB,113.0
765,0,BvsSDYgP,vpSWiOiP,113.0
765,0,KVgMjZao,BvsSDYgP,113.0
765,0,rvGAYltM,KVgMjZao,113.0
765,0,kUJgeRIS,rvGAYltM,113.0
765,0,JzyLKajw,kUJgeRIS,141.0
925,0,ygaPVVOX,NjRgIRup,3.0
925,0,SgmzKmGa,ygaPVVOX,3.0
925,0,oaiHprKy,SgmzKmGa,3.0
925,0,EKGAgXOm,oaiHprKy,3.0
925,0,RqCzrtQl,EKGAgXOm,3.0
925,0,CfDISmMN,RqCzrtQl,3.0
925,0,CtzBEXfZ,CfDISmMN,3.0
925,0,RpAFtJSl,CtzBEXfZ,3.0
925,0,PcvuCqyL,RpAFtJSl,3.0
925,0,QOMpmplr,PcvuCqyL,3.0
925,0,HNejbQWJ,QOMpmplr,3.0
925,0,dQfoCLXo,HNejbQWJ,4.0
925,0,NJLhSMnp,dQfoCLXo,4.0
925,0,vitXJVTB,NJLhSMnp,4.0
925,0,DPEjcwqA,vitXJVTB,4.0
925,0,AKFNXFCk,DPEjcwqA,4.0
925,0,HIkBoDID,AKFNXFCk,4.0
925,0,uKNLSXwU,HIkBoDID,4.0
925,0,QpjbbNqd,uKNLSXwU,4.0
925,0,qHHrAclK,QpjbbNqd,4.0
925,0,Jrutayet,qHHrAclK,4.0
925,0,UosQUisT,Jrutayet,4.0
925,0,FQOgjaka,UosQUisT,4.0
925,0,URvEqJxF,FQOgjaka,4.0
925,0,JalqBTeK,URvEqJxF,4.0
925,0,UAwQbGIv,JalqBTeK,4.0
925,0,HyvnzuHA,UAwQbGIv,4.0
925,0,DJxHBCmY,HyvnzuHA,9.0
925,0,UUpfieFN,DJxHBCmY,9.0
925,0,XHBoVocK,UUpfieFN,9.0
925,0,TWTKfAgl,XHBoVocK,9.0
925,0,BhcHYWlb,TWTKfAgl,9.0
925,0,xKeFZTyD,BhcHYWlb,9.0
925,0,ExMxhtei,xKeFZTyD,9.0
925,0,FDJgmOaw,ExMxhtei,9.0
925,0,xzbcUqWQ,FDJgmOaw,6.0
911,0,kaZSJtsS,pfeYSjby,444.0
911,0,DBpmioGn,kaZSJtsS,444.0
911,0,KKHFrKGl,DBpmioGn,444.0
916,0,gcglUzpd,KzAuSOOh,8.0
916,0,VNhVtVFP,gcglUzpd,8.0
914,0,QOMpmplr,PcvuCqyL,318.0
914,0,HNejbQWJ,QOMpmplr,320.0
914,0,dQfoCLXo,HNejbQWJ,320.0
914,0,NJLhSMnp,dQfoCLXo,320.0
914,0,vitXJVTB,NJLhSMnp,321.0
914,0,DPEjcwqA,vitXJVTB,321.0
914,0,AKFNXFCk,DPEjcwqA,321.0
914,0,HIkBoDID,AKFNXFCk,321.0
914,0,FBcFacnd,HIkBoDID,403.0
914,0,URVlPKPB,FBcFacnd,403.0
914,0,vpSWiOiP,URVlPKPB,445.0
914,0,BvsSDYgP,vpSWiOiP,445.0
914,0,KVgMjZao,BvsSDYgP,446.0
914,0,rvGAYltM,KVgMjZao,446.0
914,0,kUJgeRIS,rvGAYltM,446.0
914,0,pfeYSjby,kUJgeRIS,459.0
914,0,kaZSJtsS,pfeYSjby,459.0
914,0,DBpmioGn,kaZSJtsS,459.0
914,0,KKHFrKGl,DBpmioGn,459.0
914,0,YfFNBzii,KKHFrKGl,524.0
914,0,SAoMIbAp,YfFNBzii,524.0
914,0,hTBkjNzq,MyzUerZz,10.0
914,0,aCcokpIU,hTBkjNzq,227.0
914,0,IWuAfYeM,aCcokpIU,227.0
914,0,AKEMZMhk,IWuAfYeM,227.0
914,0,oXDhDxhT,AKEMZMhk,227.0
914,0,twlwLPZj,oXDhDxhT,227.0
914,0,NjRgIRup,twlwLPZj,227.0
914,0,ygaPVVOX,NjRgIRup,308.0
914,0,SgmzKmGa,ygaPVVOX,308.0
914,0,oaiHprKy,SgmzKmGa,308.0
914,0,EKGAgXOm,oaiHprKy,308.0
914,0,RqCzrtQl,EKGAgXOm,308.0
914,0,CfDISmMN,RqCzrtQl,308.0
914,0,CtzBEXfZ,CfDISmMN,311.0
914,0,RpAFtJSl,CtzBEXfZ,311.0
914,0,PcvuCqyL,RpAFtJSl,311.0
932,0,nGUGLxPd,FZfLSowG,1031.0
932,0,hZwGajtf,nGUGLxPd,1484.0
932,0,zuhYkREh,hZwGajtf,1484.0
932,0,XFpFKXXh,zuhYkREh,1483.0
932,0,LOVJkcJs,XFpFKXXh,1730.0
932,0,BWOvyAui,LOVJkcJs,1730.0
932,0,jWegLIVv,BWOvyAui,1730.0
932,0,fNriHNfS,jWegLIVv,1729.0
932,0,lzHXrFnu,fNriHNfS,1452.0
932,0,DMAMxgNC,lzHXrFnu,1438.0
914,0,BUhYynpm,SAoMIbAp,377.0
914,0,iBcazcLz,BUhYynpm,377.0
914,0,anlBxctW,iBcazcLz,377.0
914,0,vPtmXBsW,anlBxctW,377.0
914,0,JOrMMBVL,vPtmXBsW,356.0
914,0,vRiXTWTq,JOrMMBVL,358.0
914,0,NUggIFcT,vRiXTWTq,358.0
914,0,ybeqLsHP,NUggIFcT,358.0
914,0,hCunccId,ybeqLsHP,358.0
914,0,bYiZlZfK,hCunccId,358.0
914,0,hGZrWSlb,bYiZlZfK,350.0
914,0,eWFmnMeJ,hGZrWSlb,338.0
914,0,APAIrxcy,eWFmnMeJ,316.0
914,0,kJHtAChU,APAIrxcy,316.0
914,0,WPLDPMYV,kJHtAChU,316.0
914,0,QJqMQbqf,WPLDPMYV,298.0
914,0,qgftSein,QJqMQbqf,205.0
914,0,umyCwwah,qgftSein,198.0
914,0,umudVILy,umyCwwah,198.0
874,0,RuqLEiFp,ZEXMhMxR,133.0
874,0,NAwFzVQz,RuqLEiFp,44.0
874,0,jEliwrSM,NAwFzVQz,44.0
874,0,XsvFZXJo,jEliwrSM,44.0
874,0,SPorkGXj,XsvFZXJo,42.0
874,0,IJbUVGLH,SPorkGXj,42.0
874,0,ZqOseExI,IJbUVGLH,42.0
874,0,FdBCLyPI,ZqOseExI,42.0
874,0,CrOFTJlw,FdBCLyPI,23.0
874,0,PyGiRErs,CrOFTJlw,20.0
874,0,JbCujTci,PyGiRErs,17.0
765,0,iPmhSqDk,JzyLKajw,125.0
765,0,ZVTOmRdq,iPmhSqDk,125.0
765,0,vjFpNILE,ZVTOmRdq,125.0
765,0,QMycpMQA,vjFpNILE,125.0
765,0,goEFDDka,QMycpMQA,125.0
765,0,gzdfrKuT,goEFDDka,125.0
765,0,QpdZiknK,gzdfrKuT,125.0
765,0,ygaPVVOX,NjRgIRup,86.0
765,0,SgmzKmGa,ygaPVVOX,86.0
765,0,oaiHprKy,SgmzKmGa,86.0
765,0,EKGAgXOm,oaiHprKy,86.0
765,0,RqCzrtQl,EKGAgXOm,86.0
765,0,CfDISmMN,RqCzrtQl,86.0
765,0,CtzBEXfZ,CfDISmMN,87.0
765,0,RpAFtJSl,CtzBEXfZ,87.0
765,0,PcvuCqyL,RpAFtJSl,87.0
765,0,QOMpmplr,PcvuCqyL,87.0
1132,0,RQpCZdJL,zIFSdUXT,947.0
1132,0,YkRwsmPU,RQpCZdJL,947.0
1132,0,hFLBtQiP,YkRwsmPU,947.0
1132,0,kXKEwBKv,hFLBtQiP,947.0
1132,0,rAvbFSrB,kXKEwBKv,947.0
1132,0,dONffpoj,rAvbFSrB,947.0
1132,0,ZgirRZil,dONffpoj,947.0
1132,0,OFTTxfUx,ZgirRZil,947.0
1132,0,ZWnHyyqY,OFTTxfUx,947.0
1132,0,TvILSVoy,ZWnHyyqY,947.0
1132,0,bkJSkGrT,TvILSVoy,947.0
1132,0,tFSvrGay,bkJSkGrT,396.0
765,0,tVSOiuPz,QpdZiknK,43.0
1117,0,ygaPVVOX,NjRgIRup,12.0
1117,0,SgmzKmGa,ygaPVVOX,12.0
1117,0,EKGAgXOm,SgmzKmGa,13.0
1117,0,CfDISmMN,EKGAgXOm,13.0
1117,0,PcvuCqyL,CfDISmMN,15.0
1117,0,QOMpmplr,PcvuCqyL,15.0
1117,0,HNejbQWJ,QOMpmplr,15.0
1117,0,lyEtzViy,HNejbQWJ,15.0
1117,0,uVrlMgNx,lyEtzViy,15.0
1117,0,GhOGJPtU,uVrlMgNx,15.0
1117,0,WOuDNhbw,GhOGJPtU,15.0
1117,0,CYkmgDbv,WOuDNhbw,15.0
1117,0,eypuAxqa,CYkmgDbv,15.0
1117,0,DSVnhmbs,eypuAxqa,15.0
1117,0,hCKRONaA,DSVnhmbs,15.0
1117,0,TGKbjQzH,hCKRONaA,15.0
1117,0,RoreEsYU,TGKbjQzH,15.0
1117,0,AlpXiRiW,RoreEsYU,15.0
1117,0,btFKFkYA,AlpXiRiW,20.0
1117,0,jLrhssle,btFKFkYA,20.0
1117,0,FvRFCvLd,jLrhssle,20.0
1117,0,tkjaIDXe,FvRFCvLd,20.0
1117,0,yhVlWvFp,tkjaIDXe,20.0
1117,0,PAhNkZlS,yhVlWvFp,20.0
1117,0,CxiOJZtJ,PAhNkZlS,20.0
856,0,UrJBvWGq,zPQeyVVD,295.0
856,0,thxCXWVL,UrJBvWGq,295.0
856,0,AlpXiRiW,thxCXWVL,295.0
915,0,zHlMZSZh,KKHFrKGl,223.0
915,0,YfFNBzii,zHlMZSZh,223.0
915,0,amcUazui,YfFNBzii,223.0
915,0,XOGHqVzK,amcUazui,223.0
915,0,uPxuFxvo,XOGHqVzK,223.0
915,0,aUXvtKAd,uPxuFxvo,223.0
915,0,vitXJVTB,NJLhSMnp,178.0
915,0,DPEjcwqA,vitXJVTB,178.0
915,0,AKFNXFCk,DPEjcwqA,178.0
915,0,HIkBoDID,AKFNXFCk,178.0
915,0,FBcFacnd,HIkBoDID,185.0
915,0,URVlPKPB,FBcFacnd,185.0
915,0,vpSWiOiP,URVlPKPB,185.0
915,0,BvsSDYgP,vpSWiOiP,185.0
915,0,KVgMjZao,BvsSDYgP,185.0
915,0,rvGAYltM,KVgMjZao,185.0
915,0,pfeYSjby,rvGAYltM,187.0
915,0,kaZSJtsS,pfeYSjby,187.0
915,0,DBpmioGn,kaZSJtsS,187.0
915,0,KKHFrKGl,DBpmioGn,187.0
915,0,ygaPVVOX,NjRgIRup,154.0
915,0,SgmzKmGa,ygaPVVOX,172.0
915,0,oaiHprKy,SgmzKmGa,174.0
915,0,EKGAgXOm,oaiHprKy,174.0
915,0,RqCzrtQl,EKGAgXOm,174.0
915,0,CfDISmMN,RqCzrtQl,174.0
915,0,CtzBEXfZ,CfDISmMN,174.0
915,0,RpAFtJSl,CtzBEXfZ,174.0
915,0,PcvuCqyL,RpAFtJSl,174.0
915,0,QOMpmplr,PcvuCqyL,174.0
915,0,HNejbQWJ,QOMpmplr,174.0
915,0,dQfoCLXo,HNejbQWJ,174.0
915,0,NJLhSMnp,dQfoCLXo,174.0
915,0,bWARUqJw,aUXvtKAd,206.0
915,0,YRAoXeLc,bWARUqJw,206.0
915,0,QBEEvEfk,YRAoXeLc,205.0
915,0,wUNonIvB,QBEEvEfk,205.0
915,0,ADLjcXqa,wUNonIvB,201.0
915,0,TfcuZRGs,ADLjcXqa,201.0
915,0,wCBeePzy,TfcuZRGs,194.0
915,0,xaFIWdbd,wCBeePzy,194.0
915,0,FqqChBVj,xaFIWdbd,194.0
915,0,DdnncojU,FqqChBVj,194.0
915,0,JFAOdLlH,DdnncojU,194.0
915,0,hOuYlHPh,JFAOdLlH,45.0
915,0,LSLEHghp,hOuYlHPh,25.0
915,0,sTCaNKUj,LSLEHghp,25.0
915,0,ZKALZXGO,sTCaNKUj,25.0
915,0,tsbSHhIt,ZKALZXGO,21.0
915,0,gFnNTJRr,tsbSHhIt,15.0
915,0,rDrqCYRb,gFnNTJRr,15.0
1072,0,ORrZduNE,CYkmgDbv,4326.0
1568,0,vxTQjZcJ,UgzfanVk,314.0
932,0,xAcbGwmk,woHRqfeu,76.0
932,0,PpqbXLrX,xAcbGwmk,76.0
765,0,CxOOaXfM,tVSOiuPz,18.0
765,0,OZlUZuJc,CxOOaXfM,18.0
765,0,bPGbdmLB,OZlUZuJc,18.0
765,0,YlKnpIom,bPGbdmLB,13.0
765,0,iyqZxomb,YlKnpIom,13.0
765,0,rAXDXBKw,iyqZxomb,13.0
952,0,gzTQJVMW,RVEyrwjR,622.0
34,0,CKldDLYq,EkWBPXmr,5392.0
34,0,tjYcJLRB,CKldDLYq,5447.0
34,0,iYMJvRAf,tjYcJLRB,4950.0
1244,0,ubZrQMid,vfdAIPGv,3488.0
1244,0,gBkmsEyR,ubZrQMid,3488.0
1244,0,hysxdiTF,gBkmsEyR,2724.0
1244,0,iYMJvRAf,hysxdiTF,2724.0
212,0,tSUFrefk,ZMeqpjWv,427.0
212,0,FqxCUuHX,tSUFrefk,505.0
212,0,kGGyYXze,FqxCUuHX,834.0
212,0,aiNWVRbc,kGGyYXze,834.0
212,0,djOWqAVW,aiNWVRbc,834.0
212,0,LdWodgsw,djOWqAVW,834.0
212,0,iWFLhsvE,LdWodgsw,498.0
212,0,qFzqwYZZ,iWFLhsvE,314.0
212,0,gaLZwYvS,qFzqwYZZ,312.0
212,0,XypZkLUe,gaLZwYvS,2.0
212,0,drmArhka,XypZkLUe,2.0
426,0,HYfXIyFk,YmDpkIHQ,801.0
426,0,oQvXmJfL,HYfXIyFk,794.0
426,0,yayPNqiY,oQvXmJfL,704.0
426,0,FJDNPLrp,yayPNqiY,704.0
426,0,DUgAaGlT,FJDNPLrp,702.0
426,0,ppabfQGz,DUgAaGlT,359.0
426,0,MBTcSIip,ppabfQGz,346.0
426,0,qFzqwYZZ,MBTcSIip,334.0
426,0,gaLZwYvS,qFzqwYZZ,103.0
426,0,XypZkLUe,gaLZwYvS,60.0
426,0,drmArhka,XypZkLUe,60.0
426,0,faYOimYm,EZnTnoxs,1107.0
426,0,nObXmJzU,faYOimYm,1111.0
426,0,YmDpkIHQ,nObXmJzU,1099.0
426,0,aaOdCJPr,ezbmnBKa,1182.0
426,0,EZnTnoxs,aaOdCJPr,1205.0
426,0,FBwCHGmG,mLBQtksd,1899.0
426,0,ezbmnBKa,FBwCHGmG,1899.0
426,0,gzTQJVMW,RVEyrwjR,308.0
426,0,FZsFzszJ,gzTQJVMW,334.0
426,0,AoRkaUmb,FZsFzszJ,342.0
426,0,ALhaazBT,AoRkaUmb,342.0
426,0,AUmOMGnp,ALhaazBT,390.0
426,0,XFPAZveS,AUmOMGnp,401.0
426,0,eaNsVWDR,XFPAZveS,777.0
426,0,hpACGGyB,eaNsVWDR,777.0
426,0,ywuGpANM,hpACGGyB,852.0
426,0,BZCtSmhk,ywuGpANM,1131.0
426,0,VkcYQwTj,BZCtSmhk,1131.0
426,0,jFRqfnFl,VkcYQwTj,1304.0
426,0,ysSWNERo,jFRqfnFl,1304.0
426,0,lQIpGOTn,ysSWNERo,1332.0
426,0,uhUmvvRs,lQIpGOTn,1332.0
426,0,GgLRqpEG,uhUmvvRs,1332.0
426,0,WFZVQzrl,GgLRqpEG,1332.0
426,0,QDIpIlEK,WFZVQzrl,1390.0
426,0,IESGsZGI,QDIpIlEK,1952.0
426,0,mLBQtksd,IESGsZGI,1952.0
460,0,OPXtWBVk,nPkrzCty,1760.0
460,0,SvGtXrYj,OPXtWBVk,1928.0
460,0,STSGJiIu,SvGtXrYj,1897.0
460,0,buAeVenh,STSGJiIu,1548.0
460,0,ARTSSefO,buAeVenh,1548.0
460,0,nGRNUPgX,ARTSSefO,1604.0
460,0,cPCRxZjy,nGRNUPgX,1552.0
460,0,klenweCZ,cPCRxZjy,2302.0
460,0,wdBsZaVr,klenweCZ,1777.0
460,0,FXEtzSuC,wdBsZaVr,1796.0
460,0,ppabfQGz,FXEtzSuC,1745.0
460,0,YctaenCe,jcExlqwL,1381.0
460,0,tzYrVhKO,YctaenCe,1381.0
460,0,UgpyjFML,tzYrVhKO,1362.0
460,0,nPkrzCty,UgpyjFML,1679.0
685,0,QncWjmnC,LBOtcvsG,1085.0
685,0,ERcEoUXY,QncWjmnC,1085.0
685,0,qKDzyFqg,ERcEoUXY,1141.0
685,0,uKbbRztG,qKDzyFqg,1117.0
685,0,cEOIeJTR,uKbbRztG,1794.0
574,0,fuApzGaS,KwaxxmSs,264.0
574,0,NQaaFyOm,fuApzGaS,125.0
574,0,oeGMQkdJ,NQaaFyOm,125.0
574,0,vkAUVqtk,oeGMQkdJ,121.0
482,0,duRJdiSr,qdrjbHYS,3962.0
482,0,uBFbbvHN,duRJdiSr,4022.0
482,0,YjUiSglA,uBFbbvHN,4022.0
482,0,xPaGbpFW,YjUiSglA,4022.0
482,0,LJLjKFnn,xPaGbpFW,4022.0
482,0,gzZgDndk,LJLjKFnn,4022.0
482,0,NQaaFyOm,gzZgDndk,2448.0
482,0,oeGMQkdJ,NQaaFyOm,569.0
482,0,vkAUVqtk,oeGMQkdJ,391.0
419,0,QHFmFyLR,EkWBPXmr,6578.0
419,0,neNWquOh,QHFmFyLR,6589.0
419,0,KwaxxmSs,neNWquOh,6619.0
419,0,gzZgDndk,KwaxxmSs,6790.0
419,0,NQaaFyOm,gzZgDndk,9200.0
419,0,iPNesxKP,NQaaFyOm,9335.0
572,0,fOfcyQgJ,iWoOHVbT,2566.0
572,0,YXOKWXAw,fOfcyQgJ,2563.0
572,0,gzZgDndk,YXOKWXAw,2563.0
572,0,NQaaFyOm,gzZgDndk,249.0
572,0,iPNesxKP,NQaaFyOm,258.0
486,0,duRJdiSr,jeadfqyj,91.0
486,0,uBFbbvHN,duRJdiSr,91.0
486,0,YjUiSglA,uBFbbvHN,91.0
486,0,xPaGbpFW,YjUiSglA,91.0
486,0,LJLjKFnn,xPaGbpFW,91.0
486,0,gzZgDndk,LJLjKFnn,91.0
486,0,NQaaFyOm,gzZgDndk,84.0
486,0,oeGMQkdJ,NQaaFyOm,2.0
477,0,oeGMQkdJ,rDSiGFpR,1339.0
321,0,zavSPsgu,YjHuxjDZ,182.0
321,0,UrQlyWkl,zavSPsgu,181.0
321,0,WqMESkMM,UrQlyWkl,118.0
321,0,TKmnSMXw,WqMESkMM,118.0
321,0,zAVZRYih,TKmnSMXw,118.0
321,0,XGxJlapP,IdWZOznf,213.0
321,0,YjHuxjDZ,XGxJlapP,213.0
474,0,JgaAcZvO,HrNWphPZ,1139.0
474,0,oFGeBzfg,JgaAcZvO,1139.0
474,0,fUdtRFJM,oFGeBzfg,1139.0
474,0,UrQlyWkl,fUdtRFJM,1137.0
474,0,WqMESkMM,UrQlyWkl,1711.0
474,0,TKmnSMXw,WqMESkMM,1711.0
474,0,zAVZRYih,TKmnSMXw,1711.0
474,0,AszcEtOu,BpAiVnps,574.0
474,0,ufvngNip,AszcEtOu,623.0
474,0,ybjkPLXB,ufvngNip,623.0
474,0,IOcMwGKn,ybjkPLXB,680.0
474,0,hCxxcqWU,IOcMwGKn,784.0
474,0,gUXxyAlR,hCxxcqWU,799.0
474,0,cEOIeJTR,gUXxyAlR,799.0
474,0,bWAbaUPC,cEOIeJTR,1356.0
474,0,HrNWphPZ,bWAbaUPC,1866.0
1255,0,lmZJehpq,EmkugZPX,3369.0
1255,0,tDDddUJb,lmZJehpq,3151.0
1255,0,RVGhYAxc,tDDddUJb,1880.0
1340,0,PhjcDdmq,ogOCBKAf,4983.0
1340,0,bHagonKv,PhjcDdmq,4999.0
1340,0,XiLvnZTk,bHagonKv,5011.0
1340,0,FStgRiBS,XiLvnZTk,5031.0
1340,0,GkYZbgqg,FStgRiBS,5031.0
1340,0,wFSILCzc,GkYZbgqg,5031.0
1340,0,yQQuLFAg,wFSILCzc,5189.0
1340,0,rckblBTM,yQQuLFAg,8532.0
1340,0,fGmFhgnx,rckblBTM,8477.0
1340,0,XyHfgUxW,fGmFhgnx,8642.0
1340,0,zjjLSYAp,XyHfgUxW,8746.0
1340,0,nIakFMcq,zjjLSYAp,8713.0
1340,0,yAgyFeHo,nIakFMcq,4709.0
1340,0,QdWOxWia,yAgyFeHo,4090.0
1340,0,gViLrCgA,QdWOxWia,4072.0
1340,0,cCSIoIah,gViLrCgA,3842.0
1340,0,DLdtTvFi,cCSIoIah,3842.0
1340,0,vRWSdFEN,DLdtTvFi,3812.0
1340,0,tDDddUJb,vRWSdFEN,3722.0
1340,0,RVGhYAxc,tDDddUJb,3722.0
34,0,KplKuAnp,iYMJvRAf,3960.0
34,0,pSVDMeCH,KplKuAnp,3960.0
524,0,YjUiSglA,uBFbbvHN,6324.0
524,0,xPaGbpFW,YjUiSglA,6324.0
524,0,LJLjKFnn,xPaGbpFW,6324.0
524,0,fuApzGaS,LJLjKFnn,6324.0
524,0,NQaaFyOm,fuApzGaS,5532.0
524,0,iPNesxKP,NQaaFyOm,2963.0
524,0,wOZIcmuB,iPNesxKP,2564.0
524,0,LPQBwisp,wOZIcmuB,2547.0
524,0,dpOKQcMh,LPQBwisp,2547.0
524,0,jLJTMrwU,dpOKQcMh,2507.0
524,0,LdWodgsw,jLJTMrwU,2507.0
524,0,iWFLhsvE,LdWodgsw,2324.0
524,0,qFzqwYZZ,iWFLhsvE,1011.0
524,0,vfDgNrFH,qFzqwYZZ,1011.0
524,0,gaLZwYvS,vfDgNrFH,1011.0
1244,0,KplKuAnp,iYMJvRAf,3672.0
1244,0,pSVDMeCH,KplKuAnp,3663.0
474,0,LPQBwisp,wOZIcmuB,1744.0
474,0,dpOKQcMh,LPQBwisp,1744.0
474,0,jLJTMrwU,dpOKQcMh,1887.0
474,0,LdWodgsw,jLJTMrwU,1887.0
474,0,iWFLhsvE,LdWodgsw,1206.0
474,0,qFzqwYZZ,iWFLhsvE,698.0
474,0,gaLZwYvS,qFzqwYZZ,698.0
460,0,MBTcSIip,ppabfQGz,1488.0
460,0,qFzqwYZZ,MBTcSIip,1408.0
460,0,vfDgNrFH,qFzqwYZZ,1042.0
460,0,gaLZwYvS,vfDgNrFH,1042.0
205,0,YyXnCqJL,FJDNPLrp,192.0
205,0,FXEtzSuC,YyXnCqJL,192.0
205,0,ppabfQGz,FXEtzSuC,192.0
205,0,MBTcSIip,ppabfQGz,192.0
205,0,gaLZwYvS,MBTcSIip,128.0
205,0,HefnspWQ,czFfIymd,379.0
205,0,lDeAZniB,HefnspWQ,358.0
205,0,sDgMDbLK,lDeAZniB,358.0
205,0,MUKiuGPJ,sDgMDbLK,358.0
205,0,BIPxiHLi,MUKiuGPJ,358.0
205,0,yrMfCrKd,BIPxiHLi,358.0
205,0,FJDNPLrp,yrMfCrKd,230.0
205,0,szQKyBKA,eBAbFKqQ,534.0
205,0,czFfIymd,szQKyBKA,534.0
762,0,PXPVuGmP,fQRLOpha,4592.0
762,0,IulxyPoH,PXPVuGmP,4592.0
762,0,llFTEWtD,IulxyPoH,4389.0
762,0,fPhIOSOj,llFTEWtD,4389.0
762,0,PQDqFTyk,fPhIOSOj,4444.0
762,0,OhBAPvsb,PQDqFTyk,4135.0
491,0,YvLYpMPH,POdtxoZm,2650.0
491,0,QnkNgkDL,YvLYpMPH,2650.0
491,0,lctVuVOk,QnkNgkDL,2644.0
491,0,wOZIcmuB,lctVuVOk,2643.0
491,0,LPQBwisp,wOZIcmuB,2520.0
491,0,dpOKQcMh,LPQBwisp,2520.0
491,0,jLJTMrwU,dpOKQcMh,1970.0
491,0,LdWodgsw,jLJTMrwU,1970.0
491,0,iWFLhsvE,LdWodgsw,753.0
491,0,qFzqwYZZ,iWFLhsvE,548.0
491,0,gaLZwYvS,qFzqwYZZ,548.0
474,0,iPNesxKP,zAVZRYih,1681.0
474,0,wOZIcmuB,iPNesxKP,1187.0
491,0,qvujbmjR,mKIQRbrs,1325.0
491,0,SqxhBMol,qvujbmjR,1325.0
491,0,vIqdsoZx,SqxhBMol,1386.0
491,0,WPPGaTFA,vIqdsoZx,1344.0
491,0,zavSPsgu,WPPGaTFA,1400.0
491,0,UrQlyWkl,zavSPsgu,1399.0
491,0,POdtxoZm,UrQlyWkl,961.0
491,0,xQpNdvvD,GigUVtty,1479.0
491,0,SQUoXVXU,xQpNdvvD,1519.0
491,0,mKIQRbrs,SQUoXVXU,1680.0
481,0,tglFZOrp,CcTUkfkl,1473.0
481,0,SqxhBMol,tglFZOrp,1473.0
481,0,vIqdsoZx,SqxhBMol,1379.0
481,0,RupFhEwj,vIqdsoZx,1379.0
481,0,WPPGaTFA,RupFhEwj,949.0
481,0,zavSPsgu,WPPGaTFA,896.0
481,0,UrQlyWkl,zavSPsgu,892.0
491,0,bgWfLree,DsuTXcIa,1619.0
491,0,nUYnioIh,bgWfLree,1619.0
491,0,mVhkAqwx,nUYnioIh,1619.0
491,0,GigUVtty,mVhkAqwx,1660.0
633,0,IdWZOznf,CZfJWCoJ,1119.0
633,0,bFducDIy,IdWZOznf,1119.0
633,0,iFgeXSsz,bFducDIy,1119.0
633,0,NBopaFdP,iFgeXSsz,969.0
633,0,LbKosGpD,NBopaFdP,969.0
633,0,wOZIcmuB,LbKosGpD,969.0
633,0,dpOKQcMh,wOZIcmuB,635.0
633,0,jLJTMrwU,dpOKQcMh,571.0
633,0,LdWodgsw,jLJTMrwU,571.0
633,0,iWFLhsvE,LdWodgsw,287.0
633,0,qFzqwYZZ,iWFLhsvE,224.0
633,0,gaLZwYvS,qFzqwYZZ,224.0
481,0,eciAPzhn,zYpZYpOA,1842.0
481,0,tOfkaukv,eciAPzhn,1842.0
481,0,exzjGTVf,tOfkaukv,1842.0
481,0,CcTUkfkl,exzjGTVf,1842.0
633,0,jkmSVBKz,QkCkRebE,1829.0
633,0,jcbMPQjL,jkmSVBKz,1829.0
633,0,xfYjeqNM,jcbMPQjL,1255.0
633,0,CZfJWCoJ,xfYjeqNM,989.0
212,0,RZyHoyLx,JmbBeQIE,305.0
212,0,Gzlmcdek,RZyHoyLx,344.0
212,0,cPCRxZjy,Gzlmcdek,423.0
212,0,qpacHTVx,cPCRxZjy,423.0
212,0,jgXkfKmE,qpacHTVx,423.0
212,0,AFWGXQGm,jgXkfKmE,423.0
212,0,WTiRZunt,AFWGXQGm,423.0
212,0,ZMeqpjWv,WTiRZunt,423.0
205,0,WweXYmbm,JODrgTwh,463.0
205,0,RWixPrCB,WweXYmbm,463.0
205,0,zAwPDfkg,RWixPrCB,485.0
205,0,eBAbFKqQ,zAwPDfkg,486.0
633,0,EmkugZPX,XMWgellz,1643.0
633,0,lmZJehpq,EmkugZPX,1693.0
633,0,WPBOglHu,lmZJehpq,1750.0
633,0,ftMGYADA,WPBOglHu,1749.0
633,0,lklhFYFG,ftMGYADA,1749.0
633,0,rDcmNjNB,lklhFYFG,1737.0
633,0,pPReLBCT,rDcmNjNB,1737.0
633,0,AqgjLYqB,pPReLBCT,1794.0
633,0,QkCkRebE,AqgjLYqB,1794.0
460,0,RCkelXPh,eyAJPdep,1946.0
460,0,jcExlqwL,RCkelXPh,1946.0
1506,0,gViLrCgA,LYjhOoFf,5839.0
1506,0,RVGhYAxc,tDDddUJb,10694.0
633,0,QsteKrle,wrsPDGBQ,726.0
633,0,XMWgellz,QsteKrle,726.0
633,0,zjjLSYAp,fGmFhgnx,627.0
633,0,wrsPDGBQ,zjjLSYAp,629.0
633,0,rckblBTM,yQQuLFAg,566.0
633,0,fGmFhgnx,rckblBTM,568.0
633,0,bHagonKv,vacPrbQA,406.0
633,0,Vlipnutt,bHagonKv,406.0
633,0,CcjcuryA,Vlipnutt,413.0
633,0,yQQuLFAg,CcjcuryA,420.0
460,0,CEZTRnUo,qflzswAf,4767.0
460,0,funWfCdm,CEZTRnUo,4767.0
460,0,rnFrOJMw,funWfCdm,4767.0
460,0,MklhhYCQ,rnFrOJMw,4768.0
460,0,nzTRQfUi,MklhhYCQ,6482.0
460,0,nhSXMXjw,nzTRQfUi,6139.0
460,0,kjxfKqbD,nhSXMXjw,3672.0
460,0,mSXRukCc,kjxfKqbD,3672.0
460,0,FFGyTMvJ,mSXRukCc,3672.0
460,0,eyAJPdep,FFGyTMvJ,2643.0
12,0,AtcDBGpE,Oslgxmkx,781.0
12,0,nsjiKPCz,AtcDBGpE,783.0
12,0,vfdAIPGv,nsjiKPCz,783.0
12,0,inJVXMtB,vfdAIPGv,783.0
12,0,ubZrQMid,inJVXMtB,783.0
12,0,gBkmsEyR,ubZrQMid,783.0
12,0,cGoHBmgo,gBkmsEyR,783.0
12,0,fOfcyQgJ,cGoHBmgo,783.0
12,0,YXOKWXAw,fOfcyQgJ,783.0
12,0,gzZgDndk,YXOKWXAw,783.0
12,0,NQaaFyOm,gzZgDndk,581.0
12,0,iPNesxKP,NQaaFyOm,581.0
12,0,CdibamDB,DKPrUpnj,729.0
12,0,lBopHXdD,CdibamDB,729.0
12,0,vwEcxUej,lBopHXdD,729.0
12,0,JBpFxiqb,vwEcxUej,729.0
12,0,Oslgxmkx,JBpFxiqb,729.0
12,0,leJfirnk,yrRBvFtZ,248.0
12,0,QRSRIbba,leJfirnk,248.0
12,0,EkCoFwMY,QRSRIbba,248.0
12,0,jqriedgy,EkCoFwMY,248.0
12,0,MTAZIXBL,jqriedgy,248.0
12,0,RkbXqAIs,MTAZIXBL,326.0
12,0,NLDgVASg,RkbXqAIs,508.0
12,0,DKPrUpnj,NLDgVASg,508.0
490,0,pSVDMeCH,gaLZwYvS,896.0
490,0,FTwVCxQy,pSVDMeCH,896.0
490,0,RFaTWaew,FTwVCxQy,896.0
490,0,mYoRZvtc,RFaTWaew,1259.0
490,0,NKCxdwhs,mYoRZvtc,2469.0
490,0,eeSdZFhf,NKCxdwhs,2469.0
490,0,UaWwvNMO,eeSdZFhf,3161.0
490,0,gFAsBeQM,UaWwvNMO,3161.0
477,0,mYoRZvtc,RFaTWaew,541.0
616,0,NQaaFyOm,yhXmuUeN,1581.0
616,0,iPNesxKP,NQaaFyOm,302.0
616,0,xQpNdvvD,GigUVtty,626.0
616,0,VuxSFkGj,xQpNdvvD,626.0
616,0,SQUoXVXU,VuxSFkGj,632.0
616,0,tZiWmgTn,SQUoXVXU,632.0
616,0,TJGhHrvm,tZiWmgTn,642.0
616,0,GigUVtty,mVhkAqwx,635.0
572,0,wOZIcmuB,iPNesxKP,33.0
929,0,xfbmoJHP,NCSBLEus,4.0
616,0,wOZIcmuB,iPNesxKP,157.0
481,0,POdtxoZm,UrQlyWkl,2887.0
481,0,YvLYpMPH,POdtxoZm,3406.0
481,0,SemNVHvd,YvLYpMPH,3406.0
481,0,QnkNgkDL,SemNVHvd,3410.0
481,0,lctVuVOk,QnkNgkDL,3740.0
1740,0,eciAPzhn,RoAYEvND,435.0
1740,0,tOfkaukv,eciAPzhn,435.0
1740,0,exzjGTVf,tOfkaukv,435.0
1740,0,CcTUkfkl,exzjGTVf,435.0
1740,0,SqxhBMol,CcTUkfkl,572.0
1740,0,vIqdsoZx,SqxhBMol,529.0
1740,0,WPPGaTFA,vIqdsoZx,419.0
1740,0,zavSPsgu,WPPGaTFA,439.0
1740,0,UrQlyWkl,zavSPsgu,439.0
1740,0,POdtxoZm,UrQlyWkl,449.0
1740,0,YvLYpMPH,POdtxoZm,631.0
1740,0,QnkNgkDL,YvLYpMPH,631.0
1740,0,lctVuVOk,QnkNgkDL,631.0
481,0,CYSggHNR,IkxLwyxa,1541.0
481,0,VhgapMoa,CYSggHNR,1481.0
481,0,dKbqWpcD,VhgapMoa,1481.0
481,0,zYpZYpOA,dKbqWpcD,1481.0
685,0,bWAbaUPC,cEOIeJTR,1742.0
1701,0,gxWBbdrZ,aHsZaffM,754.0
1701,0,mDPYPXHa,gxWBbdrZ,754.0
1701,0,XHLHCkqn,mDPYPXHa,754.0
491,0,JovbzjVh,qDeoslSZ,1027.0
491,0,DCdKJxNH,JovbzjVh,1045.0
491,0,DsuTXcIa,DCdKJxNH,1045.0
477,0,FTwVCxQy,KplKuAnp,8.0
477,0,RFaTWaew,FTwVCxQy,8.0
665,0,GpnhEWuy,QDIpIlEK,130.0
665,0,rRGVruPM,GpnhEWuy,130.0
665,0,YmkUpvHU,rRGVruPM,130.0
665,0,GbYxEXTt,YmkUpvHU,133.0
665,0,DOGyniWl,GbYxEXTt,133.0
665,0,fubLBmAl,DOGyniWl,191.0
665,0,zjSAMvDn,fubLBmAl,191.0
665,0,BYsSDXCP,zjSAMvDn,191.0
665,0,WtPVEKaC,BYsSDXCP,217.0
665,0,czFfIymd,WtPVEKaC,217.0
665,0,HefnspWQ,czFfIymd,83.0
665,0,lDeAZniB,HefnspWQ,78.0
665,0,sDgMDbLK,lDeAZniB,78.0
665,0,MUKiuGPJ,sDgMDbLK,78.0
665,0,BIPxiHLi,MUKiuGPJ,78.0
665,0,yrMfCrKd,BIPxiHLi,78.0
665,0,FJDNPLrp,yrMfCrKd,1.0
665,0,YyXnCqJL,FJDNPLrp,1.0
665,0,VORIvtHn,YyXnCqJL,1.0
665,0,aRsTDGQj,VORIvtHn,1.0
665,0,fTOPrrgc,aRsTDGQj,1.0
665,0,XPasGtVj,fTOPrrgc,1.0
665,0,djOWqAVW,XPasGtVj,1.0
665,0,LdWodgsw,djOWqAVW,1.0
34,0,FTwVCxQy,pSVDMeCH,3060.0
34,0,xnBCUPNx,FTwVCxQy,3822.0
1244,0,FTwVCxQy,pSVDMeCH,3197.0
1244,0,xnBCUPNx,FTwVCxQy,3775.0
419,0,lctVuVOk,iPNesxKP,7295.0
419,0,iLaGOhZk,lctVuVOk,8194.0
12,0,lctVuVOk,iPNesxKP,569.0
12,0,iLaGOhZk,lctVuVOk,569.0
12,0,wuyFtExA,EtvjcvTp,78.0
12,0,MrybjzSo,wuyFtExA,78.0
12,0,yrRBvFtZ,MrybjzSo,78.0
463,0,pSVDMeCH,gaLZwYvS,1576.0
463,0,FTwVCxQy,pSVDMeCH,1578.0
463,0,xnBCUPNx,FTwVCxQy,1995.0
463,0,PbNNbEKu,xnBCUPNx,2078.0
463,0,fTOPrrgc,PbNNbEKu,2153.0
463,0,ErjukRDc,fTOPrrgc,2152.0
463,0,ojYgsDtJ,ErjukRDc,2164.0
213,0,mYoRZvtc,RFaTWaew,152.0
213,0,WWGVlxtV,mYoRZvtc,426.0
213,0,xAtzquQH,WWGVlxtV,426.0
213,0,GHMmjNDZ,xAtzquQH,426.0
213,0,ZpgoacOO,GHMmjNDZ,426.0
204,0,ZyxFjabk,yQIotbyH,745.0
204,0,RyfxjoUl,ZyxFjabk,745.0
204,0,QIQMIQBO,RyfxjoUl,914.0
204,0,KHrhIPzf,QIQMIQBO,1012.0
204,0,WAnDToyk,KHrhIPzf,1028.0
481,0,EocVuyzS,lctVuVOk,912.0
481,0,lwcIkPvE,EocVuyzS,727.0
1318,0,LKVeVUNI,BpAiVnps,3860.0
1318,0,dbPZeeiE,LKVeVUNI,3633.0
1318,0,CsDsDrdU,dbPZeeiE,3595.0
1318,0,OPXtWBVk,CsDsDrdU,3670.0
1318,0,BpAiVnps,RVGhYAxc,4948.0
419,0,ZpgoacOO,iLaGOhZk,6639.0
12,0,ZpgoacOO,iLaGOhZk,438.0
572,0,kWtooBDW,wOZIcmuB,18.0
572,0,jkuUxjyr,kWtooBDW,18.0
572,0,LvbzkrjO,jkuUxjyr,18.0
572,0,FXEtzSuC,LvbzkrjO,18.0
572,0,bpXNEOYE,FXEtzSuC,18.0
419,0,eYoPTdNP,ZpgoacOO,5827.0
663,0,zjSAMvDn,DOGyniWl,178.0
663,0,ZaBRaevd,zjSAMvDn,188.0
663,0,EZnTnoxs,ZaBRaevd,186.0
663,0,faYOimYm,EZnTnoxs,106.0
663,0,cmGUMIAA,faYOimYm,106.0
663,0,sDgMDbLK,cmGUMIAA,106.0
663,0,MUKiuGPJ,sDgMDbLK,71.0
663,0,LLvlNCEB,MUKiuGPJ,71.0
663,0,oXfrIVbN,LLvlNCEB,71.0
663,0,AFWGXQGm,oXfrIVbN,71.0
663,0,WTiRZunt,AFWGXQGm,47.0
663,0,RGyQypSn,WTiRZunt,47.0
663,0,jsUuEBbk,RGyQypSn,47.0
663,0,WCllcJIC,SEjojzMr,73.0
663,0,OXcUkifL,WCllcJIC,73.0
663,0,POsNTwnJ,OXcUkifL,73.0
663,0,rRGVruPM,POsNTwnJ,73.0
663,0,YmkUpvHU,rRGVruPM,73.0
663,0,GbYxEXTt,YmkUpvHU,80.0
663,0,DOGyniWl,GbYxEXTt,80.0
1623,0,yLtehlsl,iSMSiXHg,1290.0
1623,0,ZfvMwthQ,yLtehlsl,1290.0
1623,0,rWJbJwsc,ZfvMwthQ,1290.0
663,0,KIvXTDlT,IvXmMOhB,44.0
663,0,TgzZcdmy,KIvXTDlT,44.0
663,0,SEjojzMr,TgzZcdmy,44.0
663,0,HcKLTTXk,lRwVVbKf,9.0
663,0,IvXmMOhB,HcKLTTXk,9.0
318,0,XwcxmOai,nrUfCQxz,2787.0
318,0,sCyvkPkr,XwcxmOai,2854.0
318,0,YLjwrcCY,sCyvkPkr,2868.0
318,0,RfzcmazU,YLjwrcCY,2988.0
318,0,ImIhxSnH,RfzcmazU,3053.0
458,0,cEOIeJTR,CfleTooC,58.0
458,0,bWAbaUPC,cEOIeJTR,58.0
458,0,qrSNpKDz,bWAbaUPC,58.0
458,0,HrNWphPZ,qrSNpKDz,58.0
458,0,jcbMPQjL,HrNWphPZ,58.0
458,0,KbyuLDsq,jcbMPQjL,58.0
458,0,rBcsOnfo,KbyuLDsq,58.0
458,0,XAYndOhY,rBcsOnfo,58.0
458,0,cPCRxZjy,XAYndOhY,57.0
458,0,qpacHTVx,cPCRxZjy,57.0
458,0,klenweCZ,qpacHTVx,57.0
458,0,JYcdyiOK,heyKMWAh,52.0
458,0,gDobDJgN,JYcdyiOK,52.0
458,0,gUXxyAlR,gDobDJgN,52.0
458,0,CfleTooC,gUXxyAlR,52.0
401,0,eJfPkird,kgNzHUbI,5731.0
572,0,IIzQthVA,bpXNEOYE,17.0
1244,0,MEVzYGii,xnBCUPNx,4031.0
1244,0,byZXHxZy,MEVzYGii,4099.0
616,0,kWtooBDW,wOZIcmuB,156.0
616,0,jkuUxjyr,kWtooBDW,156.0
616,0,LvbzkrjO,jkuUxjyr,156.0
616,0,FXEtzSuC,LvbzkrjO,156.0
616,0,bpXNEOYE,FXEtzSuC,156.0
616,0,IIzQthVA,bpXNEOYE,156.0
1747,0,EfWhclss,DJsuwMnQ,5640.0
1747,0,SqxhBMol,EfWhclss,5379.0
1747,0,HrNWphPZ,nrKKniYe,4450.0
1747,0,jcbMPQjL,HrNWphPZ,4424.0
1747,0,KbyuLDsq,jcbMPQjL,5262.0
1747,0,XAYndOhY,KbyuLDsq,5245.0
419,0,rlRRFZPO,eYoPTdNP,5812.0
12,0,eYoPTdNP,ZpgoacOO,392.0
34,0,MEVzYGii,xnBCUPNx,4169.0
34,0,yQIotbyH,MEVzYGii,4217.0
1244,0,yQIotbyH,byZXHxZy,4074.0
727,0,GpnhEWuy,QDIpIlEK,1155.0
727,0,rRGVruPM,GpnhEWuy,1155.0
727,0,mLBQtksd,rRGVruPM,1157.0
1441,0,LsuNFzpq,kVCEAUTv,1252.0
481,0,WtSrfmmv,msSSSjFI,679.0
481,0,lpqoYdNq,WtSrfmmv,679.0
481,0,BIPxiHLi,lpqoYdNq,679.0
481,0,yrMfCrKd,BIPxiHLi,886.0
481,0,FJDNPLrp,yrMfCrKd,915.0
481,0,YyXnCqJL,FJDNPLrp,967.0
481,0,DUgAaGlT,YyXnCqJL,967.0
727,0,WFZVQzrl,bOiSLYGO,317.0
727,0,GiONHkbf,WFZVQzrl,346.0
727,0,QDIpIlEK,GiONHkbf,346.0
419,0,yQfeHodw,rlRRFZPO,3562.0
419,0,YEqGDaQm,yQfeHodw,3562.0
419,0,QjBtnCad,YEqGDaQm,3586.0
480,0,RDRtuZUD,FliRNcXy,432.0
480,0,HRxXRUxZ,RDRtuZUD,432.0
480,0,TiulEaYs,HRxXRUxZ,432.0
480,0,dwUntJQR,TiulEaYs,771.0
480,0,VQMcZIwA,dwUntJQR,771.0
480,0,RyfxjoUl,VQMcZIwA,886.0
480,0,QIQMIQBO,RyfxjoUl,717.0
205,0,NPqatCDm,oBjbzljy,180.0
205,0,XiaLQvRI,NPqatCDm,180.0
205,0,gNlImmtJ,XiaLQvRI,180.0
205,0,kdVJdnYB,gNlImmtJ,180.0
205,0,nMidlhrd,kdVJdnYB,180.0
205,0,JODrgTwh,nMidlhrd,180.0
1747,0,msSSSjFI,XAYndOhY,4529.0
1747,0,WtSrfmmv,msSSSjFI,4289.0
1747,0,lpqoYdNq,WtSrfmmv,4456.0
1747,0,BIPxiHLi,lpqoYdNq,4485.0
1747,0,yrMfCrKd,BIPxiHLi,4490.0
1747,0,KHrhIPzf,yrMfCrKd,4589.0
204,0,xnBCUPNx,gaLZwYvS,271.0
204,0,MEVzYGii,xnBCUPNx,306.0
204,0,yQIotbyH,MEVzYGii,306.0
209,0,HefnspWQ,czFfIymd,1046.0
209,0,lDeAZniB,HefnspWQ,1032.0
209,0,sDgMDbLK,lDeAZniB,1032.0
209,0,MUKiuGPJ,sDgMDbLK,1032.0
209,0,BIPxiHLi,MUKiuGPJ,1032.0
209,0,yrMfCrKd,BIPxiHLi,820.0
209,0,KHrhIPzf,yrMfCrKd,820.0
464,0,QHFmFyLR,EkWBPXmr,1202.0
464,0,neNWquOh,QHFmFyLR,1202.0
464,0,KwaxxmSs,neNWquOh,1202.0
464,0,gzZgDndk,KwaxxmSs,1263.0
464,0,NQaaFyOm,gzZgDndk,4774.0
464,0,iPNesxKP,NQaaFyOm,5795.0
464,0,lctVuVOk,iPNesxKP,7643.0
464,0,EocVuyzS,lctVuVOk,7914.0
464,0,lwcIkPvE,EocVuyzS,7914.0
464,0,suszCmcx,lwcIkPvE,8069.0
464,0,Fwqgdxfa,suszCmcx,8234.0
463,0,suszCmcx,ojYgsDtJ,2595.0
463,0,Fwqgdxfa,suszCmcx,1951.0
419,0,WAnDToyk,QjBtnCad,3190.0
419,0,UwPVTdeZ,WAnDToyk,3367.0
1064,0,WdOwNGhj,xfbmoJHP,1130.0
1064,0,kKKRBhFF,WdOwNGhj,985.0
1064,0,NFInfBeu,kKKRBhFF,985.0
1064,0,VCQdmIoF,NFInfBeu,985.0
1064,0,ePrpofUw,VCQdmIoF,985.0
1064,0,KcvPUxQg,ePrpofUw,985.0
1064,0,BlnSxBAr,KcvPUxQg,985.0
1064,0,TCBUGaZf,BlnSxBAr,985.0
427,0,MEVzYGii,xnBCUPNx,268.0
427,0,ZyxFjabk,MEVzYGii,268.0
427,0,RyfxjoUl,ZyxFjabk,353.0
427,0,WAnDToyk,RyfxjoUl,353.0
427,0,DvHSShZC,WAnDToyk,301.0
209,0,WAnDToyk,KHrhIPzf,815.0
209,0,UwPVTdeZ,WAnDToyk,764.0
209,0,szQKyBKA,eBAbFKqQ,1366.0
209,0,czFfIymd,szQKyBKA,1366.0
208,0,ThGrfpxl,SyufMOPd,522.0
208,0,TUpCuZAw,ThGrfpxl,1251.0
208,0,HYfXIyFk,TUpCuZAw,1285.0
208,0,ILieppKf,HYfXIyFk,1304.0
209,0,STSGJiIu,TdfMaTlB,1394.0
209,0,vpctkpYQ,STSGJiIu,1394.0
209,0,wegNXhqe,vpctkpYQ,1409.0
209,0,RZyHoyLx,wegNXhqe,1409.0
209,0,kKHgYdYp,RZyHoyLx,1409.0
209,0,eBAbFKqQ,kKHgYdYp,910.0
209,0,dbPZeeiE,LKVeVUNI,659.0
209,0,CsDsDrdU,dbPZeeiE,659.0
209,0,DGTEnFlN,CsDsDrdU,943.0
209,0,OPXtWBVk,DGTEnFlN,943.0
209,0,SvGtXrYj,OPXtWBVk,1202.0
209,0,TdfMaTlB,SvGtXrYj,1202.0
1747,0,WAnDToyk,KHrhIPzf,4422.0
1747,0,UwPVTdeZ,WAnDToyk,4422.0
209,0,LKVeVUNI,BpAiVnps,557.0
356,0,QHFmFyLR,EkWBPXmr,697.0
356,0,neNWquOh,QHFmFyLR,697.0
356,0,KwaxxmSs,neNWquOh,706.0
356,0,gzZgDndk,KwaxxmSs,754.0
356,0,NQaaFyOm,gzZgDndk,2757.0
356,0,iPNesxKP,NQaaFyOm,2890.0
356,0,lctVuVOk,iPNesxKP,3475.0
356,0,EocVuyzS,lctVuVOk,3483.0
356,0,lwcIkPvE,EocVuyzS,3483.0
356,0,suszCmcx,lwcIkPvE,3493.0
356,0,UTBcifAN,suszCmcx,3592.0
1747,0,DsuTXcIa,DCdKJxNH,4076.0
1747,0,bgWfLree,DsuTXcIa,5675.0
1747,0,nUYnioIh,bgWfLree,5675.0
1747,0,COReTzyE,nUYnioIh,5675.0
1747,0,DJsuwMnQ,COReTzyE,5757.0
1747,0,nrKKniYe,SqxhBMol,5101.0
825,0,xbhuXgnr,JGydtICe,9.0
825,0,zjGRmLyo,xbhuXgnr,9.0
825,0,EXTmTMKf,zjGRmLyo,9.0
825,0,yfIoPTHo,EXTmTMKf,7.0
825,0,GnOurcjN,yfIoPTHo,7.0
825,0,vHkAlmCm,GnOurcjN,7.0
825,0,WynPMslR,vHkAlmCm,7.0
825,0,qjwSVoCq,WynPMslR,4.0
825,0,WvPJYXMk,qjwSVoCq,4.0
1740,0,EocVuyzS,lctVuVOk,623.0
1740,0,lwcIkPvE,EocVuyzS,623.0
1740,0,suszCmcx,lwcIkPvE,623.0
1740,0,UTBcifAN,suszCmcx,623.0
481,0,suszCmcx,lwcIkPvE,366.0
1747,0,JovbzjVh,qDeoslSZ,2842.0
1747,0,DCdKJxNH,JovbzjVh,3040.0
682,0,zfZPgPol,jkmSVBKz,797.0
682,0,YLjwrcCY,zfZPgPol,817.0
682,0,RfzcmazU,YLjwrcCY,694.0
682,0,cEwgxjVO,RfzcmazU,550.0
682,0,jkmSVBKz,QkCkRebE,794.0
214,0,NcLanIdZ,SyrqOGJb,363.0
214,0,ydoNqUsu,OyNIynZV,577.0
214,0,yYSDLmlm,ydoNqUsu,788.0
214,0,FDCDnriY,yYSDLmlm,931.0
214,0,hLEWSLqw,FDCDnriY,931.0
682,0,JGbfxLUL,KQSHMGnw,301.0
682,0,IjwLXBRx,JGbfxLUL,301.0
682,0,TPsFloRu,IjwLXBRx,302.0
682,0,VCDwRKse,TPsFloRu,545.0
682,0,lZYsrfVZ,VCDwRKse,545.0
682,0,jXeBpcDF,lZYsrfVZ,545.0
682,0,goaumTLR,jXeBpcDF,602.0
682,0,vNMxowJX,goaumTLR,602.0
682,0,voZaDctr,vNMxowJX,602.0
682,0,rDcmNjNB,voZaDctr,602.0
682,0,pPReLBCT,rDcmNjNB,602.0
682,0,AqgjLYqB,pPReLBCT,602.0
682,0,QkCkRebE,AqgjLYqB,602.0
1398,0,ZIPCqImv,ciAbSxQX,1298.0
1398,0,aWNaUdzp,ZIPCqImv,1298.0
1398,0,FCsbIOBe,aWNaUdzp,2249.0
1398,0,wyEQXfIU,FCsbIOBe,2249.0
1398,0,aRKvwhNi,wyEQXfIU,2249.0
1398,0,lsBVGYKC,aRKvwhNi,2249.0
1398,0,WhHfbZWj,lsBVGYKC,1890.0
1398,0,nsbHlbAq,WhHfbZWj,1403.0
1398,0,cwgbfpqq,nsbHlbAq,1388.0
1398,0,fMrlznIn,cwgbfpqq,1388.0
1398,0,uXKxCjNA,fMrlznIn,1388.0
1398,0,bOiSLYGO,uXKxCjNA,1388.0
1398,0,mhgPTzcZ,bOiSLYGO,1219.0
1398,0,WFZVQzrl,mhgPTzcZ,973.0
1398,0,tRncbstl,WFZVQzrl,537.0
1398,0,QDIpIlEK,tRncbstl,446.0
1398,0,GpnhEWuy,QDIpIlEK,288.0
1398,0,YmkUpvHU,GpnhEWuy,248.0
1398,0,GbYxEXTt,YmkUpvHU,245.0
1398,0,DOGyniWl,GbYxEXTt,84.0
1398,0,fubLBmAl,DOGyniWl,84.0
1398,0,zjSAMvDn,fubLBmAl,84.0
1398,0,BYsSDXCP,zjSAMvDn,77.0
1398,0,WtPVEKaC,BYsSDXCP,77.0
1398,0,cniBuICf,WtPVEKaC,77.0
1398,0,LPfgjVyT,cniBuICf,77.0
146,0,NPqatCDm,oBjbzljy,235.0
146,0,XiaLQvRI,NPqatCDm,1095.0
146,0,gNlImmtJ,XiaLQvRI,1100.0
146,0,kdVJdnYB,gNlImmtJ,1100.0
146,0,nMidlhrd,kdVJdnYB,1095.0
146,0,JODrgTwh,nMidlhrd,1095.0
852,0,WhHfbZWj,lsBVGYKC,31.0
227,0,WPBOglHu,vRWSdFEN,841.0
227,0,ftMGYADA,WPBOglHu,845.0
227,0,lklhFYFG,ftMGYADA,845.0
227,0,vNMxowJX,lklhFYFG,845.0
227,0,pPReLBCT,vNMxowJX,955.0
227,0,AqgjLYqB,pPReLBCT,935.0
227,0,QkCkRebE,AqgjLYqB,935.0
227,0,RfzcmazU,XwcxmOai,882.0
227,0,cEwgxjVO,RfzcmazU,899.0
227,0,zjjLSYAp,fGmFhgnx,209.0
227,0,nIakFMcq,zjjLSYAp,209.0
227,0,LYjhOoFf,nIakFMcq,380.0
227,0,QdWOxWia,LYjhOoFf,481.0
227,0,gViLrCgA,QdWOxWia,511.0
227,0,cCSIoIah,gViLrCgA,705.0
227,0,DLdtTvFi,cCSIoIah,705.0
227,0,vRWSdFEN,DLdtTvFi,718.0
227,0,rckblBTM,QpprBOSr,157.0
227,0,fGmFhgnx,rckblBTM,168.0
1398,0,TEKQTTfp,YzXnYVPd,597.0
1398,0,ciAbSxQX,TEKQTTfp,597.0
1398,0,MhxjGQjy,mhYSfvAq,401.0
1398,0,EhUxMFuQ,MhxjGQjy,401.0
1398,0,HZcfHzwe,EhUxMFuQ,401.0
1398,0,KcDUQTDz,HZcfHzwe,406.0
1398,0,qoWOoICL,KcDUQTDz,406.0
1398,0,FwybjYQK,qoWOoICL,406.0
1398,0,ZuDlysuz,FwybjYQK,470.0
1398,0,IkwHYYuh,ZuDlysuz,470.0
1398,0,YzXnYVPd,IkwHYYuh,470.0
1065,0,OfWHUDWP,TQJSOMwc,594.0
1244,0,taEXnGBL,yQIotbyH,3469.0
1244,0,rZoajhYh,taEXnGBL,3469.0
481,0,taEXnGBL,DUgAaGlT,854.0
481,0,rZoajhYh,taEXnGBL,854.0
1140,0,QHFmFyLR,EkWBPXmr,588.0
1140,0,neNWquOh,QHFmFyLR,588.0
1140,0,KwaxxmSs,neNWquOh,588.0
1140,0,gzZgDndk,KwaxxmSs,597.0
1140,0,NQaaFyOm,gzZgDndk,1122.0
1140,0,iPNesxKP,NQaaFyOm,1330.0
1140,0,lctVuVOk,iPNesxKP,1552.0
1140,0,ZpgoacOO,lctVuVOk,1580.0
1140,0,eYoPTdNP,ZpgoacOO,1668.0
1140,0,rlRRFZPO,eYoPTdNP,1677.0
1140,0,JXTJImqP,rlRRFZPO,1677.0
1140,0,zZjujLYd,JXTJImqP,1677.0
1140,0,xaaBiNQT,zZjujLYd,1677.0
1340,0,BpAiVnps,RVGhYAxc,2719.0
205,0,EdqXvVeI,nPkrzCty,77.0
205,0,oBjbzljy,EdqXvVeI,77.0
12,0,YEqGDaQm,eYoPTdNP,303.0
12,0,QjBtnCad,YEqGDaQm,303.0
12,0,WAnDToyk,QjBtnCad,303.0
12,0,UwPVTdeZ,WAnDToyk,303.0
12,0,gbxdgQQp,UwPVTdeZ,303.0
419,0,gbxdgQQp,UwPVTdeZ,3341.0
204,0,HUkyeYlq,WAnDToyk,982.0
204,0,PYpgWopD,HUkyeYlq,1080.0
204,0,lDeAZniB,PYpgWopD,1080.0
204,0,bLzlxnwB,lDeAZniB,1080.0
208,0,HUkyeYlq,uwQliGwX,1661.0
208,0,PYpgWopD,HUkyeYlq,1661.0
208,0,lDeAZniB,PYpgWopD,1661.0
208,0,bLzlxnwB,lDeAZniB,1661.0
208,0,uwQliGwX,ILieppKf,1256.0
233,0,GpnhEWuy,QDIpIlEK,142.0
233,0,YmkUpvHU,GpnhEWuy,124.0
712,0,RVGhYAxc,lmZJehpq,2959.0
712,0,BpAiVnps,RVGhYAxc,1262.0
253,0,nsbHlbAq,WhHfbZWj,4390.0
253,0,cwgbfpqq,nsbHlbAq,4439.0
253,0,fMrlznIn,cwgbfpqq,4417.0
253,0,uXKxCjNA,fMrlznIn,4417.0
253,0,bOiSLYGO,uXKxCjNA,4417.0
253,0,WFZVQzrl,bOiSLYGO,4476.0
253,0,GiONHkbf,WFZVQzrl,2234.0
253,0,QDIpIlEK,GiONHkbf,1515.0
253,0,GpnhEWuy,QDIpIlEK,1470.0
253,0,YmkUpvHU,GpnhEWuy,1435.0
400,0,ogOCBKAf,dWLNxRJP,1655.0
374,0,uuIUswRF,YmeKOmok,18.0
374,0,EBKpcNVh,uuIUswRF,18.0
374,0,jLuliqpT,EBKpcNVh,18.0
374,0,OXvlrfnG,jLuliqpT,18.0
374,0,CgMBzfIg,OXvlrfnG,18.0
374,0,BCwVkMhO,CgMBzfIg,18.0
374,0,MpBHVRZl,BCwVkMhO,18.0
374,0,BWKNZpmt,MpBHVRZl,10.0
374,0,hMBIVszx,BWKNZpmt,10.0
374,0,JgVaSAtG,hMBIVszx,10.0
374,0,QyfZGsFT,JgVaSAtG,9.0
374,0,selTNsQi,QyfZGsFT,9.0
374,0,SfBAqteg,selTNsQi,9.0
374,0,obGcbWvT,SfBAqteg,9.0
374,0,lbFoZTYJ,obGcbWvT,9.0
374,0,wssOAckJ,lbFoZTYJ,9.0
374,0,zzxlwhdI,wssOAckJ,9.0
374,0,SEcoeimf,zzxlwhdI,9.0
374,0,fzmnvqlX,SEcoeimf,8.0
374,0,RyhuDLev,fzmnvqlX,8.0
374,0,KnIeolpt,RyhuDLev,8.0
374,0,GMrJWgHs,KnIeolpt,8.0
374,0,tTjpyeuP,GMrJWgHs,7.0
374,0,iYbcLrkT,tTjpyeuP,7.0
374,0,elxmPCDf,iYbcLrkT,7.0
374,0,tcbhlVZo,elxmPCDf,7.0
374,0,ZqBGCTqq,tcbhlVZo,6.0
374,0,HxnLIWQq,ZqBGCTqq,6.0
374,0,wqGWmwVd,HxnLIWQq,6.0
374,0,ACkvbmee,wqGWmwVd,6.0
374,0,FtWuEuzF,ACkvbmee,6.0
374,0,RtTLxXUv,FtWuEuzF,6.0
374,0,JGydtICe,RtTLxXUv,6.0
374,0,xbhuXgnr,JGydtICe,6.0
374,0,zjGRmLyo,xbhuXgnr,6.0
374,0,EXTmTMKf,zjGRmLyo,6.0
374,0,yfIoPTHo,EXTmTMKf,6.0
374,0,GnOurcjN,yfIoPTHo,6.0
374,0,vHkAlmCm,GnOurcjN,6.0
374,0,WynPMslR,vHkAlmCm,6.0
374,0,qjwSVoCq,WynPMslR,5.0
374,0,oFLgHrco,qjwSVoCq,5.0
374,0,yrWAEsGy,oFLgHrco,5.0
374,0,qGIkRenz,yrWAEsGy,5.0
374,0,ytUqATXS,qGIkRenz,5.0
374,0,TcsyXYNn,ytUqATXS,5.0
374,0,qKeCDDXI,TcsyXYNn,1.0
374,0,YmkUpvHU,qKeCDDXI,1.0
147,0,QHFmFyLR,EkWBPXmr,244.0
147,0,neNWquOh,QHFmFyLR,244.0
147,0,KwaxxmSs,neNWquOh,244.0
147,0,gzZgDndk,KwaxxmSs,298.0
147,0,NQaaFyOm,gzZgDndk,722.0
147,0,iPNesxKP,NQaaFyOm,784.0
147,0,lctVuVOk,iPNesxKP,922.0
147,0,EocVuyzS,lctVuVOk,922.0
147,0,lwcIkPvE,EocVuyzS,922.0
147,0,suszCmcx,lwcIkPvE,922.0
147,0,UTBcifAN,suszCmcx,941.0
147,0,HQVZivsH,UTBcifAN,1240.0
147,0,tTrMaEIS,HQVZivsH,1240.0
147,0,WeXgsZLY,tTrMaEIS,1240.0
685,0,qrSNpKDz,bWAbaUPC,1526.0
685,0,HrNWphPZ,qrSNpKDz,1582.0
685,0,XwcxmOai,HrNWphPZ,1315.0
685,0,RfzcmazU,XwcxmOai,1395.0
685,0,cEwgxjVO,RfzcmazU,1418.0
685,0,fRBexIzo,cEwgxjVO,1532.0
204,0,wSspaAkq,bLzlxnwB,1141.0
204,0,NppIhzQC,wSspaAkq,1141.0
204,0,WtPVEKaC,NppIhzQC,1140.0
204,0,tTrMaEIS,WtPVEKaC,898.0
204,0,WeXgsZLY,tTrMaEIS,898.0
448,0,UfJDroVz,lsFGVtlq,4.0
448,0,biJBLznK,UfJDroVz,4.0
448,0,TcsyXYNn,biJBLznK,4.0
448,0,qKeCDDXI,TcsyXYNn,4.0
448,0,YmkUpvHU,qKeCDDXI,4.0
448,0,GbYxEXTt,YmkUpvHU,4.0
448,0,ItndWSiW,GbYxEXTt,4.0
448,0,DOGyniWl,ItndWSiW,4.0
448,0,fubLBmAl,DOGyniWl,4.0
448,0,zjSAMvDn,fubLBmAl,4.0
448,0,BYsSDXCP,zjSAMvDn,2.0
448,0,WtPVEKaC,BYsSDXCP,2.0
1740,0,HQVZivsH,UTBcifAN,471.0
318,0,iEKuRfDT,ImIhxSnH,2948.0
318,0,PlyJazqR,iEKuRfDT,2369.0
318,0,kkrKJmiC,PlyJazqR,2366.0
682,0,fRBexIzo,cEwgxjVO,550.0
227,0,fRBexIzo,cEwgxjVO,921.0
227,0,nDzrviXX,fRBexIzo,921.0
200,0,nPkrzCty,lqMPnIra,62.0
200,0,OPXtWBVk,nPkrzCty,62.0
200,0,SvGtXrYj,OPXtWBVk,62.0
200,0,TdfMaTlB,SvGtXrYj,62.0
200,0,STSGJiIu,TdfMaTlB,62.0
200,0,vpctkpYQ,STSGJiIu,62.0
200,0,wegNXhqe,vpctkpYQ,62.0
200,0,RZyHoyLx,wegNXhqe,62.0
200,0,kKHgYdYp,RZyHoyLx,62.0
200,0,rLrKZBjw,kKHgYdYp,62.0
1255,0,BpAiVnps,RVGhYAxc,1087.0
727,0,aFlzccOO,yHDouIXe,1038.0
727,0,gpaAUChy,aFlzccOO,635.0
727,0,XAxmwtqw,gpaAUChy,635.0
727,0,YmDpkIHQ,XAxmwtqw,635.0
356,0,HQVZivsH,UTBcifAN,2418.0
356,0,DeiIsjyA,HQVZivsH,2418.0
1741,0,uxsctOEt,RfEbENxd,1032.0
1741,0,UfJDroVz,uxsctOEt,1032.0
1741,0,biJBLznK,UfJDroVz,1032.0
1741,0,TcsyXYNn,biJBLznK,1032.0
1741,0,qKeCDDXI,TcsyXYNn,1032.0
1741,0,jQaLNViL,gyQqEnFq,234.0
1741,0,RfEbENxd,jQaLNViL,303.0
1418,0,SapgsLPr,JPWycazw,5316.0
1418,0,OyAyNkqZ,SapgsLPr,5341.0
250,0,bZroqIhX,eTJQHplR,2287.0
419,0,HeRWBWAv,gbxdgQQp,3324.0
419,0,YmDpkIHQ,HeRWBWAv,3323.0
427,0,KplKuAnp,iYMJvRAf,13.0
427,0,FTwVCxQy,KplKuAnp,14.0
427,0,xnBCUPNx,FTwVCxQy,231.0
1244,0,LccdLENM,rZoajhYh,2845.0
1244,0,BaKUDeNn,LccdLENM,2845.0
1244,0,NuyYqrDq,BaKUDeNn,833.0
1747,0,gbxdgQQp,UwPVTdeZ,4327.0
214,0,IvqxNjHK,XjEyEHqT,324.0
214,0,SyrqOGJb,IvqxNjHK,343.0
727,0,mSXRukCc,kjxfKqbD,139.0
727,0,FFGyTMvJ,mSXRukCc,139.0
727,0,lsBVGYKC,FFGyTMvJ,139.0
727,0,WhHfbZWj,lsBVGYKC,141.0
727,0,nsbHlbAq,WhHfbZWj,178.0
727,0,cwgbfpqq,nsbHlbAq,178.0
727,0,fMrlznIn,cwgbfpqq,178.0
727,0,uXKxCjNA,fMrlznIn,178.0
727,0,bOiSLYGO,uXKxCjNA,178.0
1142,0,oBjbzljy,sZwmfbNt,584.0
1142,0,aYSqaQmJ,oBjbzljy,609.0
1142,0,PjfwSZnl,aYSqaQmJ,1591.0
1142,0,mLFZUgfn,PjfwSZnl,1656.0
1142,0,ftrZKujQ,mLFZUgfn,1656.0
1142,0,yXKTuRtI,ftrZKujQ,1656.0
1506,0,EVAUYvVR,JKFFGKvY,10514.0
1506,0,GYfZYaJh,EVAUYvVR,10490.0
1506,0,WFZVQzrl,GYfZYaJh,8136.0
425,0,jFRqfnFl,gmsNDepi,348.0
425,0,ysSWNERo,jFRqfnFl,348.0
425,0,lQIpGOTn,ysSWNERo,348.0
425,0,uhUmvvRs,lQIpGOTn,348.0
425,0,GgLRqpEG,uhUmvvRs,348.0
425,0,WFZVQzrl,GgLRqpEG,348.0
425,0,QDIpIlEK,WFZVQzrl,237.0
425,0,GpnhEWuy,QDIpIlEK,111.0
425,0,mLBQtksd,GpnhEWuy,111.0
425,0,rFvOiVZU,mLBQtksd,20.0
425,0,ezbmnBKa,rFvOiVZU,20.0
425,0,aaOdCJPr,ezbmnBKa,20.0
425,0,EZnTnoxs,aaOdCJPr,20.0
425,0,faYOimYm,EZnTnoxs,20.0
425,0,UGcgYMSg,faYOimYm,20.0
425,0,ThGrfpxl,UGcgYMSg,20.0
727,0,CEZTRnUo,qflzswAf,118.0
727,0,funWfCdm,CEZTRnUo,118.0
727,0,rnFrOJMw,funWfCdm,118.0
727,0,MklhhYCQ,rnFrOJMw,118.0
727,0,nzTRQfUi,MklhhYCQ,118.0
727,0,nhSXMXjw,nzTRQfUi,118.0
727,0,kjxfKqbD,nhSXMXjw,122.0
209,0,SyufMOPd,HeRWBWAv,454.0
481,0,yyqygEVd,rZoajhYh,620.0
481,0,LccdLENM,yyqygEVd,620.0
481,0,BaKUDeNn,LccdLENM,620.0
209,0,FYNyHfeM,UwPVTdeZ,453.0
209,0,gbxdgQQp,FYNyHfeM,453.0
209,0,HeRWBWAv,gbxdgQQp,453.0
481,0,msSSSjFI,suszCmcx,296.0
720,0,kjxfKqbD,hSRFRBsa,178.0
720,0,mSXRukCc,kjxfKqbD,178.0
720,0,PkbhOCMh,mSXRukCc,178.0
720,0,FFGyTMvJ,PkbhOCMh,178.0
720,0,eyAJPdep,FFGyTMvJ,178.0
720,0,lsBVGYKC,eyAJPdep,334.0
720,0,WhHfbZWj,lsBVGYKC,1134.0
720,0,nsbHlbAq,WhHfbZWj,2661.0
720,0,cwgbfpqq,nsbHlbAq,2661.0
720,0,fMrlznIn,cwgbfpqq,2661.0
720,0,YzgNCqsj,fMrlznIn,2661.0
720,0,uXKxCjNA,YzgNCqsj,2661.0
720,0,bOiSLYGO,uXKxCjNA,2690.0
720,0,mhgPTzcZ,bOiSLYGO,2777.0
720,0,WFZVQzrl,mhgPTzcZ,700.0
720,0,QDIpIlEK,WFZVQzrl,1366.0
720,0,IESGsZGI,QDIpIlEK,1443.0
720,0,GpnhEWuy,IESGsZGI,1443.0
720,0,rRGVruPM,GpnhEWuy,1443.0
720,0,mLBQtksd,rRGVruPM,1438.0
720,0,knCDNjnp,mLBQtksd,506.0
720,0,nYVfIRsk,knCDNjnp,505.0
720,0,IHZGJZTs,nYVfIRsk,505.0
720,0,iOuVBZzk,IHZGJZTs,478.0
664,0,JXTJImqP,rlRRFZPO,541.0
664,0,zZjujLYd,JXTJImqP,541.0
664,0,tkQUdzPW,zZjujLYd,553.0
664,0,xaaBiNQT,tkQUdzPW,553.0
664,0,eddhjHaw,xaaBiNQT,696.0
664,0,HzpUPWzy,eddhjHaw,696.0
427,0,gbxdgQQp,DvHSShZC,310.0
427,0,HeRWBWAv,gbxdgQQp,310.0
427,0,nObXmJzU,HeRWBWAv,472.0
427,0,ScxuUYRs,nObXmJzU,483.0
427,0,HzpUPWzy,ScxuUYRs,485.0
664,0,rlRRFZPO,BOjJhphU,99.0
253,0,WhHfbZWj,lsBVGYKC,3616.0
227,0,QgwCgjAi,nDzrviXX,886.0
227,0,zAwPDfkg,QgwCgjAi,34.0
356,0,anWZyaGW,DeiIsjyA,2338.0
664,0,QJswlIXy,HzpUPWzy,293.0
1506,0,BpAiVnps,RVGhYAxc,10472.0
1506,0,LKVeVUNI,BpAiVnps,12091.0
1506,0,dbPZeeiE,LKVeVUNI,13644.0
1506,0,CsDsDrdU,dbPZeeiE,13052.0
1506,0,rJRvqICk,CsDsDrdU,12097.0
1506,0,AmahvgQB,rJRvqICk,12050.0
1506,0,aYSqaQmJ,AmahvgQB,11283.0
932,0,dikxlocD,PpqbXLrX,819.0
932,0,FZfLSowG,dikxlocD,819.0
34,0,taEXnGBL,yQIotbyH,3719.0
34,0,rZoajhYh,taEXnGBL,3719.0
34,0,NuyYqrDq,rZoajhYh,4264.0
34,0,gpaAUChy,NuyYqrDq,4847.0
1244,0,FRJCPtXT,NuyYqrDq,825.0
1244,0,lWMzEGsN,FRJCPtXT,825.0
1244,0,IgEBJNwX,lWMzEGsN,825.0
1471,0,iPNesxKP,NQaaFyOm,1927.0
1471,0,lctVuVOk,iPNesxKP,2006.0
1471,0,iLaGOhZk,lctVuVOk,3191.0
1471,0,ZpgoacOO,iLaGOhZk,3191.0
1471,0,eYoPTdNP,ZpgoacOO,3653.0
1471,0,rlRRFZPO,eYoPTdNP,3653.0
1471,0,YEqGDaQm,rlRRFZPO,3687.0
1471,0,QjBtnCad,YEqGDaQm,3687.0
1471,0,WAnDToyk,QjBtnCad,3687.0
1471,0,UwPVTdeZ,WAnDToyk,3687.0
1471,0,gbxdgQQp,UwPVTdeZ,3687.0
1471,0,HeRWBWAv,gbxdgQQp,3687.0
1471,0,xjaGpszF,HeRWBWAv,3687.0
1471,0,ALSylDBQ,xjaGpszF,3687.0
1471,0,CTdLzzOf,ALSylDBQ,4271.0
1471,0,MOTjsakF,CTdLzzOf,4271.0
1142,0,NXLrCKMp,xiTGCYEl,1442.0
1142,0,FyoAuDvn,NXLrCKMp,1442.0
1142,0,GpnhEWuy,FyoAuDvn,1659.0
1142,0,rRGVruPM,GpnhEWuy,1767.0
1142,0,mLBQtksd,rRGVruPM,1692.0
1142,0,knCDNjnp,mLBQtksd,1935.0
1142,0,nYVfIRsk,knCDNjnp,1937.0
1142,0,IHZGJZTs,nYVfIRsk,1678.0
1142,0,EcsZBajf,IHZGJZTs,1678.0
1142,0,iOuVBZzk,EcsZBajf,1942.0
1471,0,NQaaFyOm,gzZgDndk,1514.0
916,0,xfbmoJHP,NCSBLEus,162.0
664,0,OrbXRiVv,QJswlIXy,276.0
448,0,QontmjvH,JIllbhjr,2.0
448,0,flXjJYer,QontmjvH,2.0
448,0,oBtsEQRM,flXjJYer,2.0
448,0,uxsctOEt,oBtsEQRM,2.0
448,0,lsFGVtlq,uxsctOEt,2.0
1740,0,DeiIsjyA,HQVZivsH,469.0
1740,0,anWZyaGW,DeiIsjyA,567.0
1740,0,OrbXRiVv,anWZyaGW,595.0
685,0,LBOtcvsG,wvKdtztS,880.0
685,0,XtlnoPeE,fRBexIzo,1511.0
685,0,eTJQHplR,XtlnoPeE,1454.0
685,0,bZroqIhX,eTJQHplR,2081.0
682,0,XtlnoPeE,fRBexIzo,500.0
682,0,eTJQHplR,XtlnoPeE,412.0
682,0,bZroqIhX,eTJQHplR,440.0
852,0,CEZTRnUo,qflzswAf,8.0
852,0,funWfCdm,CEZTRnUo,8.0
852,0,rnFrOJMw,funWfCdm,8.0
852,0,MklhhYCQ,rnFrOJMw,8.0
852,0,nzTRQfUi,MklhhYCQ,8.0
852,0,nhSXMXjw,nzTRQfUi,8.0
852,0,kjxfKqbD,nhSXMXjw,8.0
852,0,mSXRukCc,kjxfKqbD,8.0
852,0,FFGyTMvJ,mSXRukCc,8.0
852,0,eyAJPdep,FFGyTMvJ,8.0
852,0,lsBVGYKC,eyAJPdep,8.0
1140,0,eddhjHaw,xaaBiNQT,1255.0
1140,0,MmtauPfr,eddhjHaw,1256.0
427,0,NmoBNBiw,HzpUPWzy,742.0
427,0,MmtauPfr,NmoBNBiw,742.0
1506,0,zgCGmKZn,aYSqaQmJ,10952.0
1506,0,JKFFGKvY,zgCGmKZn,10549.0
1506,0,paIawFeA,nIakFMcq,4747.0
1506,0,LYjhOoFf,paIawFeA,4803.0
102,0,WdOwNGhj,xfbmoJHP,1306.0
102,0,kKKRBhFF,WdOwNGhj,1306.0
102,0,NFInfBeu,kKKRBhFF,1463.0
102,0,VCQdmIoF,NFInfBeu,1463.0
102,0,ePrpofUw,VCQdmIoF,1463.0
102,0,KcvPUxQg,ePrpofUw,1509.0
102,0,BlnSxBAr,KcvPUxQg,1607.0
102,0,WuDSdBCd,BlnSxBAr,1978.0
102,0,icUsjZEb,WuDSdBCd,2032.0
102,0,lhadwkCG,icUsjZEb,2032.0
102,0,awnNVqry,lhadwkCG,2032.0
102,0,mXwfazRz,awnNVqry,2032.0
102,0,NGAodVTg,mXwfazRz,2032.0
102,0,TvGyfQSI,NGAodVTg,2032.0
102,0,HFYkXdPG,TvGyfQSI,2032.0
102,0,KjgVoxgR,HFYkXdPG,2032.0
102,0,EmkugZPX,KjgVoxgR,2021.0
102,0,lmZJehpq,EmkugZPX,2020.0
102,0,RVGhYAxc,lmZJehpq,2020.0
102,0,BpAiVnps,RVGhYAxc,2011.0
102,0,LKVeVUNI,BpAiVnps,2008.0
102,0,dbPZeeiE,LKVeVUNI,1573.0
102,0,CsDsDrdU,dbPZeeiE,1561.0
102,0,rJRvqICk,CsDsDrdU,1252.0
102,0,AmahvgQB,rJRvqICk,1252.0
102,0,aYSqaQmJ,AmahvgQB,1251.0
1142,0,yFEIEiOj,yXKTuRtI,1343.0
1142,0,dlzglDFV,yFEIEiOj,1312.0
1142,0,pZATYgJX,dlzglDFV,1312.0
1142,0,DkqFSkSd,pZATYgJX,1312.0
1142,0,bZroqIhX,DkqFSkSd,1312.0
1142,0,cNuIRYrx,bZroqIhX,1312.0
34,0,IgEBJNwX,gpaAUChy,4362.0
34,0,NCVzutVL,IgEBJNwX,4599.0
1244,0,DSOJysaP,IgEBJNwX,1246.0
449,0,anWZyaGW,DeiIsjyA,29.0
449,0,OrbXRiVv,anWZyaGW,29.0
449,0,cNuIRYrx,OrbXRiVv,68.0
449,0,yNIUaSyZ,cNuIRYrx,68.0
449,0,xiTGCYEl,yNIUaSyZ,68.0
449,0,NXLrCKMp,xiTGCYEl,68.0
449,0,FyoAuDvn,NXLrCKMp,68.0
449,0,GpnhEWuy,FyoAuDvn,68.0
449,0,mLBQtksd,GpnhEWuy,68.0
449,0,knCDNjnp,mLBQtksd,68.0
449,0,nYVfIRsk,knCDNjnp,68.0
449,0,IHZGJZTs,nYVfIRsk,68.0
449,0,EcsZBajf,IHZGJZTs,68.0
1471,0,IgEBJNwX,MOTjsakF,3884.0
1471,0,NCVzutVL,IgEBJNwX,3692.0
427,0,FBwCHGmG,MmtauPfr,1459.0
427,0,cEsQRYAp,FBwCHGmG,1459.0
1140,0,LtGOEkbi,MmtauPfr,1195.0
1140,0,YGTBEvoR,LtGOEkbi,1193.0
1140,0,nYVfIRsk,YGTBEvoR,778.0
1141,0,QontmjvH,JIllbhjr,976.0
1141,0,flXjJYer,QontmjvH,976.0
1141,0,oBtsEQRM,flXjJYer,976.0
1141,0,UFoaQvGg,oBtsEQRM,1240.0
1141,0,uxsctOEt,UFoaQvGg,1240.0
1141,0,lsFGVtlq,uxsctOEt,1249.0
1453,0,NUTqiXnx,RfEbENxd,503.0
1453,0,lsFGVtlq,NUTqiXnx,503.0
1365,0,GpnhEWuy,QDIpIlEK,4393.0
1365,0,rRGVruPM,GpnhEWuy,4390.0
1365,0,mLBQtksd,rRGVruPM,4179.0
1365,0,knCDNjnp,mLBQtksd,3711.0
1365,0,nYVfIRsk,knCDNjnp,3711.0
1365,0,IHZGJZTs,nYVfIRsk,3711.0
1365,0,EcsZBajf,IHZGJZTs,3711.0
1453,0,RfEbENxd,jQaLNViL,453.0
682,0,cNuIRYrx,bZroqIhX,439.0
682,0,yNIUaSyZ,cNuIRYrx,435.0
682,0,xiTGCYEl,yNIUaSyZ,435.0
682,0,NXLrCKMp,xiTGCYEl,360.0
682,0,FyoAuDvn,NXLrCKMp,360.0
682,0,GpnhEWuy,FyoAuDvn,359.0
682,0,mLBQtksd,GpnhEWuy,357.0
682,0,knCDNjnp,mLBQtksd,179.0
682,0,nYVfIRsk,knCDNjnp,179.0
682,0,IHZGJZTs,nYVfIRsk,179.0
685,0,cNuIRYrx,bZroqIhX,2071.0
685,0,yNIUaSyZ,cNuIRYrx,2071.0
685,0,xiTGCYEl,yNIUaSyZ,2071.0
685,0,NXLrCKMp,xiTGCYEl,1977.0
685,0,FyoAuDvn,NXLrCKMp,1977.0
685,0,GpnhEWuy,FyoAuDvn,1157.0
685,0,mLBQtksd,GpnhEWuy,1155.0
685,0,knCDNjnp,mLBQtksd,784.0
685,0,nYVfIRsk,knCDNjnp,784.0
685,0,IHZGJZTs,nYVfIRsk,784.0
1318,0,eTJQHplR,XqVVjUzr,6558.0
1365,0,LKVeVUNI,BpAiVnps,1872.0
1365,0,dbPZeeiE,LKVeVUNI,2354.0
1365,0,CsDsDrdU,dbPZeeiE,2509.0
1365,0,rJRvqICk,CsDsDrdU,2603.0
1365,0,AmahvgQB,rJRvqICk,2639.0
1365,0,zgCGmKZn,AmahvgQB,2639.0
1365,0,JKFFGKvY,zgCGmKZn,3476.0
1365,0,EVAUYvVR,JKFFGKvY,3600.0
1365,0,GYfZYaJh,EVAUYvVR,3601.0
1365,0,WFZVQzrl,GYfZYaJh,3894.0
1365,0,QDIpIlEK,WFZVQzrl,4239.0
1318,0,STSGJiIu,TdfMaTlB,3497.0
1318,0,vpctkpYQ,STSGJiIu,3846.0
1318,0,XqVVjUzr,vpctkpYQ,3893.0
250,0,cNuIRYrx,bZroqIhX,2293.0
725,0,CTdLzzOf,YmDpkIHQ,1135.0
725,0,MOTjsakF,CTdLzzOf,1135.0
725,0,IgEBJNwX,MOTjsakF,1135.0
725,0,Yhslgmod,IgEBJNwX,1866.0
725,0,UfJDroVz,Yhslgmod,2043.0
12,0,HeRWBWAv,gbxdgQQp,301.0
12,0,xjaGpszF,HeRWBWAv,301.0
12,0,CTdLzzOf,xjaGpszF,301.0
12,0,MOTjsakF,CTdLzzOf,301.0
12,0,IgEBJNwX,MOTjsakF,301.0
12,0,Yhslgmod,IgEBJNwX,301.0
1471,0,Yhslgmod,NCVzutVL,3584.0
1512,0,QHFmFyLR,EkWBPXmr,1916.0
1512,0,neNWquOh,QHFmFyLR,1916.0
1512,0,KwaxxmSs,neNWquOh,1943.0
1512,0,gzZgDndk,KwaxxmSs,2350.0
1512,0,NQaaFyOm,gzZgDndk,3373.0
1512,0,iPNesxKP,NQaaFyOm,5441.0
1512,0,lctVuVOk,iPNesxKP,6103.0
1512,0,EocVuyzS,lctVuVOk,6582.0
1512,0,lwcIkPvE,EocVuyzS,6767.0
1512,0,suszCmcx,lwcIkPvE,6784.0
1512,0,UTBcifAN,suszCmcx,7379.0
1512,0,HQVZivsH,UTBcifAN,9215.0
1512,0,DeiIsjyA,HQVZivsH,9215.0
1512,0,anWZyaGW,DeiIsjyA,11160.0
1512,0,OrbXRiVv,anWZyaGW,11321.0
1512,0,cNuIRYrx,OrbXRiVv,11670.0
1512,0,yNIUaSyZ,cNuIRYrx,11743.0
1512,0,xiTGCYEl,yNIUaSyZ,11743.0
1142,0,yNIUaSyZ,cNuIRYrx,1302.0
1142,0,xiTGCYEl,yNIUaSyZ,1302.0
664,0,cNuIRYrx,OrbXRiVv,317.0
664,0,yNIUaSyZ,cNuIRYrx,317.0
664,0,xiTGCYEl,yNIUaSyZ,317.0
664,0,DRkcXziO,IIzQthVA,2.0
664,0,fTOPrrgc,DRkcXziO,2.0
664,0,ErjukRDc,fTOPrrgc,3.0
664,0,BOjJhphU,ErjukRDc,3.0
666,0,WAnDToyk,KHrhIPzf,127.0
666,0,HUkyeYlq,WAnDToyk,127.0
666,0,PYpgWopD,HUkyeYlq,156.0
666,0,lDeAZniB,PYpgWopD,156.0
666,0,bLzlxnwB,lDeAZniB,156.0
666,0,wSspaAkq,bLzlxnwB,229.0
666,0,NppIhzQC,wSspaAkq,229.0
666,0,anWZyaGW,NppIhzQC,229.0
666,0,OrbXRiVv,anWZyaGW,229.0
666,0,cNuIRYrx,OrbXRiVv,229.0
666,0,yNIUaSyZ,cNuIRYrx,228.0
666,0,xiTGCYEl,yNIUaSyZ,228.0
725,0,biJBLznK,UfJDroVz,2036.0
725,0,TcsyXYNn,biJBLznK,2036.0
725,0,qKeCDDXI,TcsyXYNn,2590.0
253,0,GbYxEXTt,YmkUpvHU,2684.0
233,0,GbYxEXTt,YmkUpvHU,83.0
233,0,ItndWSiW,GbYxEXTt,83.0
1468,0,rRGVruPM,GpnhEWuy,195.0
1468,0,YmkUpvHU,rRGVruPM,195.0
1468,0,GbYxEXTt,YmkUpvHU,195.0
528,0,IESGsZGI,QDIpIlEK,644.0
528,0,GpnhEWuy,IESGsZGI,644.0
528,0,rRGVruPM,GpnhEWuy,644.0
528,0,YmkUpvHU,rRGVruPM,707.0
528,0,GbYxEXTt,YmkUpvHU,707.0
528,0,ItndWSiW,GbYxEXTt,707.0
1750,0,GpnhEWuy,QDIpIlEK,707.0
1750,0,rRGVruPM,GpnhEWuy,707.0
1750,0,YmkUpvHU,rRGVruPM,554.0
1750,0,GbYxEXTt,YmkUpvHU,554.0
798,0,GpnhEWuy,QDIpIlEK,841.0
798,0,rRGVruPM,GpnhEWuy,841.0
798,0,YmkUpvHU,rRGVruPM,841.0
798,0,GbYxEXTt,YmkUpvHU,841.0
803,0,GbYxEXTt,YmkUpvHU,107.0
803,0,ItndWSiW,GbYxEXTt,107.0
798,0,llFTEWtD,IulxyPoH,160.0
798,0,fPhIOSOj,llFTEWtD,160.0
798,0,PQDqFTyk,fPhIOSOj,160.0
798,0,lUWTaWkd,PQDqFTyk,173.0
798,0,LDSuadxM,lUWTaWkd,173.0
143,0,tTjpyeuP,GMrJWgHs,650.0
143,0,elxmPCDf,tTjpyeuP,650.0
143,0,tcbhlVZo,elxmPCDf,650.0
1554,0,udTxdaUq,YmkUpvHU,23.0
1554,0,ItndWSiW,udTxdaUq,23.0
1740,0,cNuIRYrx,OrbXRiVv,436.0
1740,0,yNIUaSyZ,cNuIRYrx,436.0
1740,0,xiTGCYEl,yNIUaSyZ,436.0
250,0,yNIUaSyZ,cNuIRYrx,1685.0
250,0,xiTGCYEl,yNIUaSyZ,1685.0
1142,0,EGZEcfNZ,lqMPnIra,199.0
1142,0,SgGmeaHk,EGZEcfNZ,199.0
1142,0,tpTDqbZI,SgGmeaHk,245.0
1142,0,hhrNEaMZ,tpTDqbZI,245.0
1142,0,BeiMHrtx,hhrNEaMZ,245.0
1142,0,sZwmfbNt,BeiMHrtx,245.0
319,0,EdqXvVeI,nPkrzCty,472.0
319,0,oBjbzljy,EdqXvVeI,472.0
1318,0,SvGtXrYj,OPXtWBVk,3790.0
1318,0,TdfMaTlB,SvGtXrYj,3790.0
866,0,zKrYjMnL,AGvhWyhD,2036.0
866,0,tRncbstl,WFZVQzrl,365.0
866,0,GiONHkbf,tRncbstl,365.0
866,0,QDIpIlEK,GiONHkbf,308.0
866,0,GpnhEWuy,QDIpIlEK,126.0
866,0,rRGVruPM,GpnhEWuy,126.0
866,0,YmkUpvHU,rRGVruPM,86.0
866,0,GbYxEXTt,YmkUpvHU,81.0
866,0,ItndWSiW,GbYxEXTt,81.0
1124,0,wRBXcbqq,WhRBEXGR,88.0
1124,0,XXYtSQEl,wRBXcbqq,96.0
1124,0,MklhhYCQ,XXYtSQEl,96.0
1124,0,nzTRQfUi,MklhhYCQ,80.0
1124,0,nhSXMXjw,nzTRQfUi,55.0
1124,0,kjxfKqbD,nhSXMXjw,37.0
1124,0,mSXRukCc,kjxfKqbD,37.0
1124,0,FFGyTMvJ,mSXRukCc,37.0
1124,0,lsBVGYKC,FFGyTMvJ,34.0
1124,0,WhHfbZWj,lsBVGYKC,33.0
1124,0,nsbHlbAq,WhHfbZWj,30.0
1124,0,cwgbfpqq,nsbHlbAq,30.0
1124,0,fMrlznIn,cwgbfpqq,30.0
1124,0,uXKxCjNA,fMrlznIn,30.0
1124,0,bOiSLYGO,uXKxCjNA,30.0
1124,0,mhgPTzcZ,bOiSLYGO,30.0
1124,0,WFZVQzrl,mhgPTzcZ,28.0
1124,0,GiONHkbf,WFZVQzrl,26.0
1124,0,QDIpIlEK,GiONHkbf,5.0
1124,0,GpnhEWuy,QDIpIlEK,1.0
1124,0,YmkUpvHU,GpnhEWuy,1.0
1124,0,GbYxEXTt,YmkUpvHU,1.0
253,0,CEZTRnUo,qflzswAf,3390.0
253,0,funWfCdm,CEZTRnUo,3390.0
253,0,rnFrOJMw,funWfCdm,3390.0
253,0,MklhhYCQ,rnFrOJMw,3390.0
253,0,nzTRQfUi,MklhhYCQ,3422.0
253,0,nhSXMXjw,nzTRQfUi,3430.0
253,0,kjxfKqbD,nhSXMXjw,3432.0
253,0,mSXRukCc,kjxfKqbD,3460.0
253,0,FFGyTMvJ,mSXRukCc,3460.0
253,0,lsBVGYKC,FFGyTMvJ,3642.0
556,0,VqaowPBW,jclWPsvP,4.0
556,0,aYYzuUOl,VqaowPBW,4.0
556,0,tYpogBTU,aYYzuUOl,4.0
556,0,YrCeLzau,tYpogBTU,4.0
556,0,qcYsEYco,YrCeLzau,4.0
556,0,GOFbtMrp,qcYsEYco,4.0
556,0,uzcbLUNR,GOFbtMrp,4.0
556,0,zezeKItL,uzcbLUNR,4.0
556,0,VpHOqNar,zezeKItL,4.0
556,0,vDTAjOOR,VpHOqNar,4.0
556,0,UDUmRzWP,vDTAjOOR,4.0
556,0,kVWwehGs,UDUmRzWP,4.0
556,0,ixhHdGBo,kVWwehGs,4.0
556,0,agMXkLfj,ixhHdGBo,4.0
108,0,lmZJehpq,EmkugZPX,9443.0
108,0,tDDddUJb,lmZJehpq,9406.0
108,0,RVGhYAxc,tDDddUJb,8759.0
108,0,BpAiVnps,RVGhYAxc,5543.0
1453,0,jQaLNViL,XJRnAJHc,246.0
1453,0,WUWIxCFc,OdzEGWPG,461.0
1453,0,XJRnAJHc,WUWIxCFc,461.0
1453,0,cQHgTjKq,wGTdgRcU,480.0
1453,0,ruogAkOJ,cQHgTjKq,480.0
1453,0,tndfGrTh,ruogAkOJ,480.0
1453,0,OdzEGWPG,tndfGrTh,480.0
1453,0,meZHMfSd,yTNmoAGc,602.0
1453,0,wGTdgRcU,meZHMfSd,602.0
1453,0,wDEypHfE,QCBPrBCl,777.0
1453,0,yTNmoAGc,wDEypHfE,804.0
1453,0,rGYrQqGa,OUTzwMHI,933.0
1453,0,QCBPrBCl,rGYrQqGa,933.0
1453,0,FcnKVDJl,jQytwadI,1967.0
1453,0,mIuUuYnu,FcnKVDJl,1967.0
1453,0,OUTzwMHI,mIuUuYnu,1094.0
1453,0,JZbiEaEt,LsuNFzpq,5282.0
1453,0,RchOKnYD,JZbiEaEt,5971.0
1453,0,BMDeXhVp,RchOKnYD,5971.0
1453,0,jQytwadI,BMDeXhVp,5971.0
235,0,BpAiVnps,MgruBUee,2394.0
1512,0,NXLrCKMp,xiTGCYEl,10809.0
1512,0,FyoAuDvn,NXLrCKMp,10809.0
1733,0,hCbDNPhh,kzneBolb,215.0
1733,0,oFLgHrco,hCbDNPhh,215.0
1733,0,yrWAEsGy,oFLgHrco,215.0
1733,0,qGIkRenz,yrWAEsGy,215.0
1733,0,ytUqATXS,qGIkRenz,215.0
1733,0,TcsyXYNn,ytUqATXS,215.0
1733,0,qKeCDDXI,TcsyXYNn,215.0
1733,0,YmkUpvHU,qKeCDDXI,215.0
427,0,qKeCDDXI,cEsQRYAp,1456.0
1740,0,NXLrCKMp,xiTGCYEl,436.0
1740,0,FyoAuDvn,NXLrCKMp,436.0
1740,0,GpnhEWuy,FyoAuDvn,436.0
1740,0,mLBQtksd,GpnhEWuy,436.0
719,0,uxsctOEt,RfEbENxd,2437.0
719,0,UfJDroVz,uxsctOEt,2437.0
719,0,TcsyXYNn,UfJDroVz,2437.0
719,0,qKeCDDXI,TcsyXYNn,2437.0
719,0,jQaLNViL,gyQqEnFq,720.0
719,0,RfEbENxd,jQaLNViL,906.0
601,0,qvujbmjR,mKIQRbrs,1117.0
601,0,upZFxFqB,qvujbmjR,1117.0
601,0,SqxhBMol,upZFxFqB,1117.0
601,0,nrKKniYe,SqxhBMol,1183.0
601,0,HrNWphPZ,nrKKniYe,1745.0
601,0,XwcxmOai,HrNWphPZ,1782.0
601,0,RfzcmazU,XwcxmOai,1623.0
369,0,bZroqIhX,eTJQHplR,1142.0
369,0,cNuIRYrx,bZroqIhX,1143.0
369,0,yNIUaSyZ,cNuIRYrx,1339.0
369,0,xiTGCYEl,yNIUaSyZ,1339.0
369,0,NXLrCKMp,xiTGCYEl,2245.0
369,0,FyoAuDvn,NXLrCKMp,2245.0
369,0,GpnhEWuy,FyoAuDvn,2269.0
369,0,rRGVruPM,GpnhEWuy,2423.0
369,0,mLBQtksd,rRGVruPM,2509.0
712,0,lmZJehpq,EmkugZPX,1637.0
1662,0,yLVlVeFN,XGJiqzLW,145.0
1662,0,tPRfRHcU,yLVlVeFN,145.0
1662,0,gOEBySGW,tPRfRHcU,145.0
1662,0,yQTlxjhE,gOEBySGW,145.0
1662,0,OQuuHQtW,yQTlxjhE,147.0
1662,0,BZfkJyvP,OQuuHQtW,147.0
1662,0,pdLPgMHo,BZfkJyvP,147.0
1662,0,YULSfngF,pdLPgMHo,147.0
1662,0,FxdGzEpZ,YULSfngF,147.0
1662,0,xGsoSfhX,FxdGzEpZ,101.0
1662,0,MgruBUee,xGsoSfhX,101.0
1662,0,BpAiVnps,MgruBUee,101.0
1183,0,HACGurUy,ABBXwUbo,144.0
1183,0,IAWSKEHF,HACGurUy,164.0
1183,0,leVkrEcC,IAWSKEHF,164.0
1183,0,XiLvnZTk,leVkrEcC,157.0
1183,0,FStgRiBS,XiLvnZTk,43.0
1183,0,GkYZbgqg,FStgRiBS,43.0
1183,0,FlYjxOxQ,GkYZbgqg,43.0
1183,0,wFSILCzc,FlYjxOxQ,43.0
1183,0,yQQuLFAg,wFSILCzc,43.0
1183,0,rckblBTM,yQQuLFAg,27.0
1183,0,fGmFhgnx,rckblBTM,22.0
1183,0,XyHfgUxW,fGmFhgnx,8.0
1183,0,zjjLSYAp,XyHfgUxW,8.0
1183,0,nIakFMcq,zjjLSYAp,8.0
1341,0,pkhwWQVf,vkwWhgCe,127.0
1341,0,JxFLnqJu,pkhwWQVf,127.0
1341,0,GDiQpvtB,JxFLnqJu,127.0
1341,0,fGmFhgnx,GDiQpvtB,127.0
1341,0,XyHfgUxW,fGmFhgnx,60.0
1341,0,zjjLSYAp,XyHfgUxW,60.0
1341,0,nIakFMcq,zjjLSYAp,60.0
1341,0,LYjhOoFf,nIakFMcq,32.0
1341,0,QdWOxWia,LYjhOoFf,22.0
1341,0,gViLrCgA,QdWOxWia,22.0
1341,0,cCSIoIah,gViLrCgA,22.0
1341,0,DLdtTvFi,cCSIoIah,22.0
1341,0,vRWSdFEN,DLdtTvFi,22.0
1341,0,tDDddUJb,vRWSdFEN,22.0
1341,0,RVGhYAxc,tDDddUJb,22.0
1341,0,BpAiVnps,RVGhYAxc,19.0
1497,0,XMWgellz,vqGhvZJF,752.0
1497,0,EmkugZPX,XMWgellz,497.0
1497,0,lmZJehpq,EmkugZPX,497.0
1497,0,tDDddUJb,lmZJehpq,497.0
1497,0,RVGhYAxc,tDDddUJb,494.0
1497,0,BpAiVnps,RVGhYAxc,433.0
1244,0,YQjdQVmS,DSOJysaP,1106.0
1244,0,JIllbhjr,YQjdQVmS,1106.0
449,0,iOuVBZzk,EcsZBajf,56.0
449,0,cTQVugNT,iOuVBZzk,56.0
449,0,iAOahMMx,cTQVugNT,56.0
449,0,LoadLeSC,iAOahMMx,56.0
449,0,MAwbjJfJ,LoadLeSC,56.0
449,0,jIFrASnh,MAwbjJfJ,56.0
1142,0,MvaVVzVx,iOuVBZzk,1965.0
1142,0,cTQVugNT,MvaVVzVx,1965.0
1142,0,iAOahMMx,cTQVugNT,757.0
1142,0,LoadLeSC,iAOahMMx,757.0
1142,0,MAwbjJfJ,LoadLeSC,757.0
1142,0,jIFrASnh,MAwbjJfJ,757.0
1245,0,LoadLeSC,VnwdBPma,1193.0
1245,0,jIFrASnh,LoadLeSC,1193.0
1245,0,jQaLNViL,gyQqEnFq,508.0
1245,0,VnwdBPma,jQaLNViL,529.0
682,0,iOuVBZzk,IHZGJZTs,124.0
682,0,MvaVVzVx,iOuVBZzk,124.0
682,0,VnwdBPma,MvaVVzVx,124.0
682,0,LoadLeSC,VnwdBPma,124.0
682,0,MAwbjJfJ,LoadLeSC,124.0
682,0,jIFrASnh,MAwbjJfJ,124.0
685,0,JGbfxLUL,KQSHMGnw,329.0
685,0,IjwLXBRx,JGbfxLUL,329.0
685,0,TPsFloRu,IjwLXBRx,398.0
685,0,VCDwRKse,TPsFloRu,874.0
685,0,wvKdtztS,VCDwRKse,878.0
34,0,cTQVugNT,NCVzutVL,4286.0
1471,0,MvaVVzVx,Yhslgmod,3373.0
1471,0,cTQVugNT,MvaVVzVx,3373.0
1740,0,knCDNjnp,mLBQtksd,287.0
1740,0,nYVfIRsk,knCDNjnp,287.0
1740,0,IHZGJZTs,nYVfIRsk,287.0
1740,0,iOuVBZzk,IHZGJZTs,287.0
1740,0,cTQVugNT,iOuVBZzk,287.0
1244,0,flXjJYer,JIllbhjr,1279.0
1244,0,oBtsEQRM,flXjJYer,1279.0
1365,0,MvaVVzVx,EcsZBajf,3634.0
1365,0,cTQVugNT,MvaVVzVx,3634.0
685,0,iOuVBZzk,IHZGJZTs,673.0
685,0,MvaVVzVx,iOuVBZzk,673.0
685,0,cTQVugNT,MvaVVzVx,673.0
720,0,cTQVugNT,iOuVBZzk,366.0
762,0,hFISFuCO,BxmxkKGC,5187.0
762,0,fQRLOpha,hFISFuCO,5187.0
1435,0,ejMjPdTH,SVPLEqNI,8319.0
1435,0,CKorGRkE,ejMjPdTH,8526.0
1435,0,eaNsVWDR,CKorGRkE,8526.0
1435,0,xzbhGFLT,eaNsVWDR,8457.0
1435,0,hpACGGyB,xzbhGFLT,9190.0
1435,0,VgUdLlOW,hpACGGyB,9175.0
1435,0,ywuGpANM,VgUdLlOW,9150.0
1435,0,BZCtSmhk,ywuGpANM,6681.0
1435,0,NbgxPNNK,BZCtSmhk,7093.0
1435,0,vOKcaAnW,NbgxPNNK,6834.0
1435,0,HOwZAROe,vOKcaAnW,6421.0
1435,0,opPTwucI,HOwZAROe,6774.0
1435,0,htzVSGDL,opPTwucI,6800.0
1435,0,KabAcwBq,htzVSGDL,6799.0
1435,0,HAmwZMhM,KabAcwBq,6419.0
1140,0,ulSrvocN,nYVfIRsk,1032.0
1140,0,CqefHKGq,ulSrvocN,1032.0
369,0,knCDNjnp,mLBQtksd,4480.0
369,0,nYVfIRsk,knCDNjnp,4480.0
369,0,ulSrvocN,nYVfIRsk,4496.0
369,0,CqefHKGq,ulSrvocN,4496.0
1178,0,dJJmWSZi,WyfCQhSW,5916.0
1178,0,JNybvbry,dJJmWSZi,5916.0
1178,0,pKQmWfSR,JNybvbry,5916.0
1178,0,AFMSRepx,pKQmWfSR,6395.0
1178,0,WEgiiGlQ,AFMSRepx,6596.0
1178,0,sLYsFXAH,WEgiiGlQ,6596.0
1178,0,WjKdBsVK,sLYsFXAH,6596.0
1178,0,STKMtPtJ,WjKdBsVK,6596.0
1178,0,MyVorJBj,STKMtPtJ,6596.0
1178,0,AayEawbi,MyVorJBj,6596.0
1178,0,MQIshiHv,AayEawbi,6510.0
1178,0,ZqROcYrU,MQIshiHv,6510.0
1178,0,pKwZMigm,ZqROcYrU,6510.0
1178,0,watqBVeC,pKwZMigm,6510.0
1178,0,PAegbDaK,watqBVeC,7183.0
1178,0,MCZGGmLQ,PAegbDaK,7078.0
1178,0,WIZPpGvl,MCZGGmLQ,6519.0
1178,0,qflzswAf,WIZPpGvl,6502.0
250,0,NXLrCKMp,xiTGCYEl,1330.0
250,0,FyoAuDvn,NXLrCKMp,1339.0
250,0,WOOyqinT,FyoAuDvn,1262.0
369,0,rSnWVhOw,CqefHKGq,4658.0
529,0,elmHqfIN,jTofnsvB,886.0
529,0,YhQOzAWJ,elmHqfIN,886.0
529,0,vNuEvleV,YhQOzAWJ,886.0
529,0,FUctipSE,vNuEvleV,886.0
529,0,PWitnUnB,FUctipSE,357.0
529,0,zwmwkNcj,PWitnUnB,357.0
529,0,DJDPVkXF,zwmwkNcj,357.0
529,0,FrOiWYSP,DJDPVkXF,337.0
529,0,mNGfniSu,FrOiWYSP,337.0
529,0,qjwSVoCq,mNGfniSu,191.0
1441,0,xbhuXgnr,JGydtICe,784.0
1441,0,zjGRmLyo,xbhuXgnr,784.0
1441,0,EXTmTMKf,zjGRmLyo,784.0
1441,0,yfIoPTHo,EXTmTMKf,784.0
1441,0,GnOurcjN,yfIoPTHo,784.0
1441,0,vHkAlmCm,GnOurcjN,655.0
1441,0,WynPMslR,vHkAlmCm,655.0
1441,0,qjwSVoCq,WynPMslR,583.0
1263,0,cdpcgPuX,RufmISTr,5141.0
1263,0,qnxnYECs,cdpcgPuX,5141.0
1263,0,QNScHwgR,qnxnYECs,5137.0
1263,0,dLUoTBAU,QNScHwgR,5056.0
1263,0,NfHwMQdR,dLUoTBAU,2999.0
1263,0,EGZEcfNZ,NfHwMQdR,2999.0
1263,0,SgGmeaHk,EGZEcfNZ,2999.0
1263,0,tpTDqbZI,SgGmeaHk,3080.0
1263,0,hhrNEaMZ,tpTDqbZI,3080.0
1263,0,BeiMHrtx,hhrNEaMZ,3080.0
1263,0,sZwmfbNt,BeiMHrtx,3111.0
1263,0,oBjbzljy,sZwmfbNt,3752.0
1263,0,aYSqaQmJ,oBjbzljy,4497.0
1263,0,zgCGmKZn,aYSqaQmJ,4913.0
1512,0,WOOyqinT,FyoAuDvn,10728.0
1512,0,mnkgCFDT,WOOyqinT,12058.0
102,0,zgCGmKZn,aYSqaQmJ,1182.0
102,0,JKFFGKvY,zgCGmKZn,1123.0
102,0,EVAUYvVR,JKFFGKvY,1123.0
102,0,GYfZYaJh,EVAUYvVR,1123.0
102,0,hSQYmgMj,GYfZYaJh,515.0
102,0,mnkgCFDT,hSQYmgMj,515.0
666,0,ZyxFjabk,yQIotbyH,85.0
666,0,RyfxjoUl,ZyxFjabk,85.0
666,0,QIQMIQBO,RyfxjoUl,85.0
666,0,KHrhIPzf,QIQMIQBO,85.0
666,0,NXLrCKMp,xiTGCYEl,175.0
666,0,FyoAuDvn,NXLrCKMp,175.0
666,0,WOOyqinT,FyoAuDvn,175.0
666,0,mnkgCFDT,WOOyqinT,175.0
232,0,NXLrCKMp,xiTGCYEl,2292.0
232,0,FyoAuDvn,NXLrCKMp,2292.0
232,0,WOOyqinT,FyoAuDvn,2669.0
232,0,VfTFpfzB,WOOyqinT,2752.0
427,0,YmkUpvHU,qKeCDDXI,1543.0
427,0,WOOyqinT,YmkUpvHU,1542.0
427,0,mnkgCFDT,WOOyqinT,1501.0
719,0,YmkUpvHU,qKeCDDXI,2158.0
719,0,WOOyqinT,YmkUpvHU,2094.0
719,0,mnkgCFDT,WOOyqinT,1983.0
143,0,mnkgCFDT,YmkUpvHU,139.0
528,0,pRBbbEoD,YspLWkZX,495.0
528,0,cfVAtKgo,pRBbbEoD,495.0
528,0,QMiQTlda,cfVAtKgo,500.0
528,0,MaKoROaE,QMiQTlda,500.0
528,0,NrNaZyPp,MaKoROaE,500.0
143,0,NrNaZyPp,MaKoROaE,2066.0
1452,0,gHieypBQ,IOpdOfiF,7212.0
1452,0,vfoDngvn,gHieypBQ,7212.0
1452,0,EPWXwPSq,vfoDngvn,7212.0
994,0,NrNaZyPp,MaKoROaE,1135.0
994,0,mexFgKBp,NrNaZyPp,553.0
313,0,NGAodVTg,cmBFyxQG,876.0
313,0,TvGyfQSI,NGAodVTg,876.0
313,0,HFYkXdPG,TvGyfQSI,874.0
313,0,KjgVoxgR,HFYkXdPG,886.0
313,0,EmkugZPX,KjgVoxgR,1001.0
313,0,lmZJehpq,EmkugZPX,944.0
313,0,RVGhYAxc,lmZJehpq,1428.0
313,0,BpAiVnps,RVGhYAxc,1202.0
313,0,LKVeVUNI,BpAiVnps,1135.0
313,0,dbPZeeiE,LKVeVUNI,964.0
313,0,CsDsDrdU,dbPZeeiE,1001.0
313,0,rJRvqICk,CsDsDrdU,1008.0
313,0,AmahvgQB,rJRvqICk,1008.0
313,0,aYSqaQmJ,AmahvgQB,1000.0
313,0,zgCGmKZn,aYSqaQmJ,1389.0
313,0,JKFFGKvY,zgCGmKZn,1372.0
313,0,EVAUYvVR,JKFFGKvY,1375.0
313,0,GYfZYaJh,EVAUYvVR,1379.0
313,0,hSQYmgMj,GYfZYaJh,1293.0
313,0,mnkgCFDT,hSQYmgMj,1293.0
1748,0,bZroqIhX,eTJQHplR,1762.0
1748,0,yNIUaSyZ,bZroqIhX,1763.0
1748,0,xiTGCYEl,yNIUaSyZ,1763.0
1748,0,NXLrCKMp,xiTGCYEl,2846.0
1748,0,FyoAuDvn,NXLrCKMp,2846.0
1748,0,WOOyqinT,FyoAuDvn,2846.0
1748,0,VfTFpfzB,WOOyqinT,2892.0
1326,0,JxFLnqJu,pkhwWQVf,1170.0
1326,0,GDiQpvtB,JxFLnqJu,1170.0
1326,0,fGmFhgnx,GDiQpvtB,1170.0
1326,0,XyHfgUxW,fGmFhgnx,755.0
1326,0,zjjLSYAp,XyHfgUxW,751.0
1326,0,nIakFMcq,zjjLSYAp,751.0
1497,0,LKVeVUNI,BpAiVnps,154.0
1497,0,dbPZeeiE,LKVeVUNI,136.0
1497,0,CsDsDrdU,dbPZeeiE,133.0
1497,0,rJRvqICk,CsDsDrdU,133.0
1497,0,AmahvgQB,rJRvqICk,133.0
1497,0,aYSqaQmJ,AmahvgQB,121.0
1497,0,JKFFGKvY,aYSqaQmJ,115.0
1497,0,EVAUYvVR,JKFFGKvY,115.0
1497,0,GYfZYaJh,EVAUYvVR,115.0
1497,0,hSQYmgMj,GYfZYaJh,5.0
1497,0,mnkgCFDT,hSQYmgMj,5.0
1178,0,WyfCQhSW,ogOCBKAf,5492.0
1133,0,CNyHgccZ,fJuPdFXq,939.0
1133,0,zSTvyVov,CNyHgccZ,939.0
1133,0,ixyllwBo,zSTvyVov,939.0
1133,0,vUtsOMRz,ixyllwBo,939.0
1133,0,mAuYaRAP,vUtsOMRz,939.0
1133,0,GauoQJWJ,mAuYaRAP,939.0
1133,0,zjuuJEOg,GauoQJWJ,939.0
1133,0,TIygQLDW,zjuuJEOg,939.0
1133,0,QkOFoFkV,TIygQLDW,939.0
1133,0,wmKJhgsh,QkOFoFkV,939.0
1133,0,IpOsGrUQ,wmKJhgsh,938.0
1133,0,exRzHfND,IpOsGrUQ,764.0
1133,0,bIhgcGjB,exRzHfND,764.0
1133,0,dMpYNFzw,bIhgcGjB,764.0
1133,0,phodyDNv,dMpYNFzw,764.0
1133,0,gcvwQKzE,phodyDNv,686.0
1133,0,RuqLEiFp,gcvwQKzE,686.0
1133,0,NAwFzVQz,RuqLEiFp,528.0
1133,0,jEliwrSM,NAwFzVQz,528.0
1133,0,OUlPxErG,jEliwrSM,528.0
1133,0,SPorkGXj,OUlPxErG,426.0
1133,0,IJbUVGLH,SPorkGXj,426.0
1133,0,ZqOseExI,IJbUVGLH,426.0
1133,0,FdBCLyPI,ZqOseExI,342.0
1133,0,CrOFTJlw,FdBCLyPI,342.0
1133,0,PyGiRErs,CrOFTJlw,342.0
1133,0,qflzswAf,PyGiRErs,253.0
1075,0,THcpliIL,fikrodNW,1610.0
1075,0,HaEOaLMB,THcpliIL,1610.0
1075,0,IkeqCtDY,HaEOaLMB,1601.0
1075,0,wpHpdxFs,IkeqCtDY,1617.0
1075,0,QHulIYnO,wpHpdxFs,1617.0
1075,0,sKtQEUzZ,QHulIYnO,1626.0
1075,0,acVCzwtl,sKtQEUzZ,1629.0
1075,0,TIlepZYr,acVCzwtl,1625.0
80,0,tjYcJLRB,EkWBPXmr,1159.0
80,0,iYMJvRAf,tjYcJLRB,1331.0
80,0,KplKuAnp,iYMJvRAf,1362.0
80,0,FTwVCxQy,KplKuAnp,1362.0
80,0,xnBCUPNx,FTwVCxQy,1736.0
80,0,MEVzYGii,xnBCUPNx,1745.0
80,0,yQIotbyH,MEVzYGii,1745.0
80,0,taEXnGBL,yQIotbyH,2361.0
80,0,rZoajhYh,taEXnGBL,2361.0
80,0,NuyYqrDq,rZoajhYh,2361.0
80,0,gpaAUChy,NuyYqrDq,2563.0
80,0,IgEBJNwX,gpaAUChy,2563.0
80,0,NCVzutVL,IgEBJNwX,2690.0
80,0,cTQVugNT,NCVzutVL,2691.0
80,0,cNypyxpr,cTQVugNT,3661.0
80,0,uRlXNIwL,cNypyxpr,4142.0
12,0,MvaVVzVx,Yhslgmod,281.0
12,0,cTQVugNT,MvaVVzVx,281.0
12,0,cNypyxpr,cTQVugNT,281.0
12,0,gyQqEnFq,cNypyxpr,281.0
1471,0,cNypyxpr,cTQVugNT,2965.0
1471,0,gyQqEnFq,cNypyxpr,2919.0
1747,0,gyQqEnFq,cNypyxpr,763.0
1740,0,cNypyxpr,cTQVugNT,239.0
1740,0,gyQqEnFq,cNypyxpr,188.0
1365,0,WvPJYXMk,cTQVugNT,1652.0
1365,0,gyQqEnFq,WvPJYXMk,1560.0
1244,0,TwyfqMnN,oBtsEQRM,533.0
1244,0,cNypyxpr,TwyfqMnN,533.0
1244,0,gyQqEnFq,cNypyxpr,482.0
1532,0,gyQqEnFq,WvPJYXMk,2525.0
529,0,WvPJYXMk,qjwSVoCq,189.0
529,0,gyQqEnFq,WvPJYXMk,189.0
1435,0,gyQqEnFq,WvPJYXMk,3436.0
232,0,YXiYqIfc,KLViSvpH,3767.0
232,0,OBtWrzof,YXiYqIfc,3863.0
232,0,TxpOiGNK,OBtWrzof,3552.0
1419,0,RSQixiib,HLAPntjh,3906.0
1419,0,qrzeRBPC,RSQixiib,614.0
1419,0,phXawcIY,qrzeRBPC,609.0
1419,0,EXTmTMKf,phXawcIY,607.0
1419,0,yfIoPTHo,EXTmTMKf,607.0
1419,0,GnOurcjN,yfIoPTHo,607.0
1419,0,vHkAlmCm,GnOurcjN,174.0
1419,0,WynPMslR,vHkAlmCm,174.0
1419,0,qjwSVoCq,WynPMslR,120.0
1419,0,WvPJYXMk,qjwSVoCq,120.0
1419,0,gyQqEnFq,WvPJYXMk,120.0
1441,0,gyQqEnFq,qjwSVoCq,572.0
1435,0,AUmOMGnp,YqlTLIQa,9616.0
1435,0,SVPLEqNI,AUmOMGnp,10274.0
1435,0,FZsFzszJ,gzTQJVMW,7354.0
1435,0,KgwKZlse,FZsFzszJ,7850.0
1435,0,ALhaazBT,KgwKZlse,7850.0
1435,0,YqlTLIQa,ALhaazBT,9488.0
1435,0,gzTQJVMW,RVEyrwjR,6322.0
1435,0,XLVjRryq,NxbXiMUL,1862.0
1435,0,RVEyrwjR,XLVjRryq,2388.0
1435,0,vDFCntfg,YvwuVYMF,1113.0
1435,0,NxbXiMUL,vDFCntfg,1128.0
902,0,GeRuyZeo,MzxDaMZj,53.0
902,0,YqAQHxyY,GeRuyZeo,53.0
902,0,qLRAgPvM,YqAQHxyY,53.0
902,0,yVpSHUpe,qLRAgPvM,53.0
902,0,PfzzVLdD,yVpSHUpe,53.0
902,0,yRZHSCWE,PfzzVLdD,51.0
902,0,rCrvifMW,yRZHSCWE,51.0
902,0,aPOYjvXT,rCrvifMW,51.0
685,0,cNypyxpr,cTQVugNT,335.0
685,0,gyQqEnFq,cNypyxpr,332.0
720,0,cNypyxpr,cTQVugNT,239.0
720,0,gyQqEnFq,cNypyxpr,92.0
1619,0,rxAHdfLr,NztIaxQU,932.0
1619,0,dGXuUmCy,rxAHdfLr,932.0
1619,0,dIJpAwev,dGXuUmCy,932.0
1619,0,jcExlqwL,dIJpAwev,943.0
1622,0,TKRrUtKV,jcExlqwL,1433.0
1622,0,JleZjXmc,TKRrUtKV,1433.0
1622,0,fTKGeENK,JleZjXmc,1433.0
1622,0,zdgoUaFA,fTKGeENK,1431.0
1622,0,PjfwSZnl,aYSqaQmJ,54.0
1701,0,kPoXDVhr,DgeiAShx,2033.0
1701,0,QkhvVJfO,kPoXDVhr,2142.0
1701,0,jBRcoEIn,QkhvVJfO,2119.0
1701,0,pNohcrtk,jBRcoEIn,2119.0
1701,0,aHsZaffM,pNohcrtk,664.0
835,0,cIQOVqQI,njiqgOWt,4782.0
835,0,OyAyNkqZ,cIQOVqQI,4754.0
528,0,aWeSqqrV,gyQqEnFq,240.0
528,0,WRVBvtIE,aWeSqqrV,240.0
528,0,YspLWkZX,WRVBvtIE,278.0
880,0,uFMjBiuq,OUzlATeX,7.0
880,0,yQTYDvhm,uFMjBiuq,7.0
880,0,ySPnpMTg,yQTYDvhm,7.0
880,0,ZIPCqImv,ySPnpMTg,7.0
880,0,aWNaUdzp,ZIPCqImv,7.0
880,0,FCsbIOBe,aWNaUdzp,7.0
880,0,wyEQXfIU,FCsbIOBe,7.0
880,0,WhHfbZWj,wyEQXfIU,7.0
880,0,nsbHlbAq,WhHfbZWj,2.0
880,0,cwgbfpqq,nsbHlbAq,2.0
880,0,fMrlznIn,cwgbfpqq,2.0
880,0,uXKxCjNA,fMrlznIn,2.0
880,0,bOiSLYGO,uXKxCjNA,2.0
880,0,mhgPTzcZ,bOiSLYGO,2.0
880,0,WFZVQzrl,mhgPTzcZ,2.0
880,0,GiONHkbf,WFZVQzrl,2.0
880,0,QDIpIlEK,GiONHkbf,2.0
170,0,oUmVLfUX,FCeDiZsN,1213.0
170,0,fJdABIlw,oUmVLfUX,1213.0
170,0,mXwfazRz,fJdABIlw,1099.0
170,0,NGAodVTg,mXwfazRz,803.0
170,0,TvGyfQSI,NGAodVTg,803.0
170,0,HFYkXdPG,TvGyfQSI,803.0
170,0,KjgVoxgR,HFYkXdPG,761.0
170,0,xTOrUJFO,KjgVoxgR,676.0
170,0,EmkugZPX,xTOrUJFO,672.0
170,0,lmZJehpq,EmkugZPX,663.0
250,0,mnkgCFDT,WOOyqinT,1467.0
72,0,rilZLDfI,TzZKgVDl,29.0
72,0,kTKiYpVR,rilZLDfI,45.0
72,0,bjpXdchK,kTKiYpVR,50.0
72,0,dEgXqWEW,bjpXdchK,50.0
72,0,ZWGREbnj,dEgXqWEW,50.0
72,0,cgIzawVB,ZWGREbnj,50.0
72,0,CbYTLXWK,cgIzawVB,50.0
72,0,kWrGTFqC,CbYTLXWK,50.0
72,0,ubEwIGdf,kWrGTFqC,50.0
72,0,aBKtLgYB,ubEwIGdf,50.0
72,0,qduHdsCL,aBKtLgYB,50.0
72,0,GYMzAvFw,qduHdsCL,50.0
72,0,VXAxIwYs,GYMzAvFw,50.0
72,0,ZHWKFCEn,VXAxIwYs,50.0
72,0,KbemmdTp,ZHWKFCEn,50.0
72,0,wTVyxBBy,KbemmdTp,50.0
72,0,LNRgsQQF,wTVyxBBy,50.0
72,0,lhYDMMsV,LNRgsQQF,47.0
72,0,OhgtKZPi,lhYDMMsV,47.0
72,0,MULNmVBJ,OhgtKZPi,47.0
1379,0,bdIbpKdP,IATYolYz,1098.0
1379,0,VJibZvbS,bdIbpKdP,1098.0
1379,0,uSZbdBno,VJibZvbS,1105.0
1379,0,GtaXwPrK,uSZbdBno,1105.0
1379,0,SfxDAXEq,GtaXwPrK,1105.0
1379,0,PIUpvPaY,SfxDAXEq,1105.0
1379,0,XCZfXGna,PIUpvPaY,1425.0
1379,0,FYonLsVT,XCZfXGna,1403.0
1379,0,voXQjjKh,FYonLsVT,1403.0
477,0,vkAUVqtk,oeGMQkdJ,1641.0
477,0,ifLglfbO,vkAUVqtk,1641.0
477,0,hgHcWJof,ifLglfbO,1641.0
477,0,vBGGqNND,hgHcWJof,1641.0
477,0,oFGeBzfg,vBGGqNND,1568.0
477,0,ZAvLUFLU,oFGeBzfg,1568.0
477,0,iBiVOFur,ZAvLUFLU,1568.0
477,0,AjJCgCBk,iBiVOFur,2203.0
477,0,jFmPCmzM,AjJCgCBk,1790.0
477,0,fkZFUNSd,jFmPCmzM,1219.0
477,0,cttUtMNm,fkZFUNSd,1219.0
477,0,wHfmVQMh,cttUtMNm,1218.0
477,0,mdGitRQe,wHfmVQMh,966.0
477,0,SOBUilCD,mdGitRQe,836.0
477,0,RVGhYAxc,SOBUilCD,836.0
1140,0,rSnWVhOw,CqefHKGq,1028.0
1140,0,xfoaGXVJ,rSnWVhOw,1026.0
1140,0,kzneBolb,xfoaGXVJ,1026.0
529,0,ZYYdVixc,VfTFpfzB,695.0
529,0,jWRsQoYS,ZYYdVixc,695.0
529,0,jTofnsvB,jWRsQoYS,695.0
1531,0,aWeSqqrV,gyQqEnFq,2814.0
142,0,elmHqfIN,jTofnsvB,4568.0
142,0,YhQOzAWJ,elmHqfIN,4568.0
142,0,vNuEvleV,YhQOzAWJ,4271.0
142,0,FUctipSE,vNuEvleV,2953.0
142,0,PWitnUnB,FUctipSE,3537.0
142,0,zwmwkNcj,PWitnUnB,3537.0
142,0,DJDPVkXF,zwmwkNcj,3537.0
1419,0,opPTwucI,HOwZAROe,2181.0
1419,0,htzVSGDL,opPTwucI,2203.0
1419,0,KabAcwBq,htzVSGDL,2203.0
1419,0,HAmwZMhM,KabAcwBq,2301.0
142,0,mNGfniSu,FrOiWYSP,3147.0
142,0,FrOiWYSP,DJDPVkXF,3090.0
232,0,ZYYdVixc,VfTFpfzB,3330.0
1506,0,tRncbstl,WFZVQzrl,7800.0
34,0,cNypyxpr,cTQVugNT,6179.0
34,0,WRVBvtIE,cNypyxpr,6184.0
34,0,RuAJZyMI,WRVBvtIE,5473.0
369,0,RuAJZyMI,rSnWVhOw,4556.0
142,0,tRncbstl,WFZVQzrl,2698.0
142,0,gLCWwgiT,tRncbstl,2912.0
142,0,jTofnsvB,gLCWwgiT,3494.0
992,0,dbPZeeiE,LKVeVUNI,2836.0
992,0,CsDsDrdU,dbPZeeiE,2981.0
992,0,rJRvqICk,CsDsDrdU,3190.0
992,0,AmahvgQB,rJRvqICk,3190.0
992,0,aYSqaQmJ,AmahvgQB,3190.0
992,0,zgCGmKZn,aYSqaQmJ,3510.0
992,0,JKFFGKvY,zgCGmKZn,3510.0
992,0,GYfZYaJh,JKFFGKvY,3510.0
992,0,WFZVQzrl,GYfZYaJh,3562.0
992,0,tRncbstl,WFZVQzrl,4303.0
992,0,gLCWwgiT,tRncbstl,4303.0
992,0,jTofnsvB,gLCWwgiT,4303.0
992,0,elmHqfIN,jTofnsvB,4354.0
992,0,YhQOzAWJ,elmHqfIN,4354.0
992,0,vNuEvleV,YhQOzAWJ,4354.0
992,0,FUctipSE,vNuEvleV,4504.0
992,0,PWitnUnB,FUctipSE,4216.0
992,0,FrOiWYSP,PWitnUnB,4729.0
992,0,mNGfniSu,FrOiWYSP,4729.0
992,0,LKVeVUNI,BpAiVnps,2544.0
142,0,WFZVQzrl,JAgpxShP,200.0
47,0,fGmFhgnx,rckblBTM,7498.0
47,0,XyHfgUxW,fGmFhgnx,5964.0
47,0,zjjLSYAp,XyHfgUxW,5911.0
47,0,nIakFMcq,zjjLSYAp,5911.0
1506,0,gLCWwgiT,tRncbstl,6964.0
1748,0,ZYYdVixc,VfTFpfzB,5070.0
1748,0,gLCWwgiT,ZYYdVixc,5247.0
994,0,KIvXTDlT,mexFgKBp,109.0
994,0,TgzZcdmy,KIvXTDlT,109.0
994,0,SEjojzMr,TgzZcdmy,109.0
1486,0,QHFmFyLR,EkWBPXmr,54.0
1486,0,neNWquOh,QHFmFyLR,54.0
1486,0,KwaxxmSs,neNWquOh,54.0
1486,0,gzZgDndk,KwaxxmSs,55.0
1486,0,NQaaFyOm,gzZgDndk,103.0
1486,0,iPNesxKP,NQaaFyOm,117.0
1486,0,lctVuVOk,iPNesxKP,139.0
1486,0,EocVuyzS,lctVuVOk,139.0
1486,0,lwcIkPvE,EocVuyzS,139.0
1486,0,suszCmcx,lwcIkPvE,139.0
1486,0,UTBcifAN,suszCmcx,139.0
1486,0,HQVZivsH,UTBcifAN,207.0
1486,0,DeiIsjyA,HQVZivsH,207.0
1486,0,anWZyaGW,DeiIsjyA,550.0
1486,0,OrbXRiVv,anWZyaGW,577.0
1486,0,cNuIRYrx,OrbXRiVv,582.0
1486,0,yNIUaSyZ,cNuIRYrx,582.0
1486,0,xiTGCYEl,yNIUaSyZ,582.0
1486,0,NXLrCKMp,xiTGCYEl,582.0
1486,0,FyoAuDvn,NXLrCKMp,582.0
1486,0,WOOyqinT,FyoAuDvn,582.0
1486,0,VfTFpfzB,WOOyqinT,582.0
1486,0,ZYYdVixc,VfTFpfzB,582.0
1486,0,gLCWwgiT,ZYYdVixc,582.0
1486,0,jTofnsvB,gLCWwgiT,582.0
1506,0,jTofnsvB,gLCWwgiT,6882.0
664,0,NXLrCKMp,xiTGCYEl,356.0
664,0,FyoAuDvn,NXLrCKMp,347.0
664,0,GpnhEWuy,FyoAuDvn,404.0
664,0,fNoKcjVu,GpnhEWuy,404.0
664,0,ZeFKXxfu,fNoKcjVu,518.0
664,0,wYWONrrr,ZeFKXxfu,239.0
664,0,jTofnsvB,wYWONrrr,239.0
1748,0,jTofnsvB,gLCWwgiT,5471.0
1713,0,HcKLTTXk,EFeZyZmg,11.0
1713,0,IvXmMOhB,HcKLTTXk,11.0
1713,0,KIvXTDlT,IvXmMOhB,11.0
1713,0,TgzZcdmy,KIvXTDlT,11.0
1713,0,SEjojzMr,TgzZcdmy,11.0
798,0,PXPVuGmP,fQRLOpha,27.0
798,0,IulxyPoH,PXPVuGmP,27.0
803,0,kWrGTFqC,cgIzawVB,3.0
1015,0,NrNaZyPp,MaKoROaE,111.0
1015,0,mexFgKBp,NrNaZyPp,19.0
1015,0,KIvXTDlT,mexFgKBp,7.0
1015,0,TgzZcdmy,KIvXTDlT,7.0
1015,0,SEjojzMr,TgzZcdmy,7.0
292,0,fkZFUNSd,TrOiZJox,2696.0
292,0,JYrrjUtU,fkZFUNSd,2135.0
292,0,cttUtMNm,JYrrjUtU,2127.0
292,0,EarJIhnU,cttUtMNm,2071.0
292,0,KZBDkcEB,EarJIhnU,2071.0
798,0,hFISFuCO,BxmxkKGC,26.0
798,0,fQRLOpha,hFISFuCO,26.0
318,0,psXocZQH,kkrKJmiC,2304.0
318,0,yprCGtVa,psXocZQH,2304.0
318,0,pPqywgRl,yprCGtVa,2264.0
318,0,SJHseTdc,pPqywgRl,2496.0
318,0,ydQuGMgP,SJHseTdc,2499.0
318,0,AmahvgQB,ydQuGMgP,2579.0
1300,0,aYSqaQmJ,AmahvgQB,9325.0
1300,0,zgCGmKZn,aYSqaQmJ,9526.0
1300,0,EVAUYvVR,zgCGmKZn,9560.0
1300,0,GYfZYaJh,EVAUYvVR,9560.0
1300,0,OpgRCgWV,GYfZYaJh,9692.0
1506,0,elmHqfIN,jTofnsvB,4933.0
232,0,wEeBJTuq,ZYYdVixc,4955.0
233,0,kXOxEoFm,lRwVVbKf,1474.0
233,0,EFeZyZmg,kXOxEoFm,1474.0
233,0,zVMCvpDh,zfmNZkKD,878.0
233,0,nOepWjtB,zVMCvpDh,878.0
233,0,kNXaohyL,nOepWjtB,878.0
233,0,gJicbLzN,kNXaohyL,878.0
233,0,lRwVVbKf,gJicbLzN,801.0
233,0,ULIlEdjB,XHLHCkqn,1465.0
233,0,zfmNZkKD,ULIlEdjB,1453.0
233,0,zQfdkFQV,JafVjQhg,1616.0
233,0,GTWLqqnN,zQfdkFQV,1616.0
233,0,wefAcLKj,GTWLqqnN,1624.0
233,0,RxHTaOMh,wefAcLKj,1624.0
233,0,WavUqaXE,RxHTaOMh,1633.0
233,0,XHLHCkqn,WavUqaXE,1770.0
233,0,JafVjQhg,RZCadHVt,1024.0
1467,0,bZroqIhX,eTJQHplR,113.0
1467,0,cNuIRYrx,bZroqIhX,113.0
1467,0,yNIUaSyZ,cNuIRYrx,127.0
1467,0,xiTGCYEl,yNIUaSyZ,127.0
1467,0,NXLrCKMp,xiTGCYEl,224.0
1467,0,FyoAuDvn,NXLrCKMp,224.0
1467,0,WOOyqinT,FyoAuDvn,224.0
1467,0,VfTFpfzB,WOOyqinT,226.0
1467,0,ZYYdVixc,VfTFpfzB,401.0
1467,0,wEeBJTuq,ZYYdVixc,441.0
232,0,TsfVbSCQ,wEeBJTuq,4693.0
1531,0,NrNaZyPp,MaKoROaE,4148.0
1531,0,zUgDRwiy,NrNaZyPp,3327.0
80,0,QPpuxtew,uRlXNIwL,4212.0
80,0,gHkojtqc,QPpuxtew,4212.0
1452,0,iOuVBZzk,lsFGVtlq,50.0
1452,0,cTQVugNT,iOuVBZzk,50.0
1452,0,cNypyxpr,cTQVugNT,50.0
1452,0,uRlXNIwL,cNypyxpr,50.0
1452,0,QPpuxtew,uRlXNIwL,50.0
1452,0,gHkojtqc,QPpuxtew,50.0
1453,0,kVCEAUTv,dHuMOmqh,4751.0
1453,0,LsuNFzpq,kVCEAUTv,5149.0
1453,0,llFTEWtD,IulxyPoH,3816.0
1453,0,TvvslWVF,llFTEWtD,3816.0
1453,0,SgXyhVwd,TvvslWVF,3556.0
1453,0,fPhIOSOj,SgXyhVwd,3556.0
1453,0,PQDqFTyk,fPhIOSOj,3556.0
1453,0,SOzmnmNW,PQDqFTyk,3556.0
1453,0,OhBAPvsb,SOzmnmNW,3556.0
1453,0,dHuMOmqh,OhBAPvsb,3740.0
1453,0,TQhrUKrf,BxmxkKGC,3420.0
1453,0,hFISFuCO,TQhrUKrf,3420.0
1453,0,IJrmTLNf,hFISFuCO,3420.0
1453,0,byRkdSCW,IJrmTLNf,3420.0
1453,0,fQRLOpha,byRkdSCW,3420.0
1453,0,PXPVuGmP,fQRLOpha,3468.0
1453,0,JpcivbxC,PXPVuGmP,3468.0
1453,0,IulxyPoH,JpcivbxC,3468.0
762,0,BxmxkKGC,ojqTFFWy,6169.0
1566,0,tRncbstl,WFZVQzrl,85.0
1566,0,gLCWwgiT,tRncbstl,85.0
1566,0,mUWkXJQU,gLCWwgiT,85.0
1566,0,dVVBCEuD,mUWkXJQU,85.0
1566,0,WOnIRuRn,dVVBCEuD,85.0
232,0,LArfnWEk,TsfVbSCQ,4576.0
177,0,oUmVLfUX,WKWTpoqQ,2789.0
177,0,fJdABIlw,oUmVLfUX,2789.0
177,0,mXwfazRz,fJdABIlw,2593.0
177,0,NGAodVTg,mXwfazRz,2545.0
177,0,TvGyfQSI,NGAodVTg,2545.0
177,0,HFYkXdPG,TvGyfQSI,2545.0
177,0,KjgVoxgR,HFYkXdPG,2394.0
177,0,xTOrUJFO,KjgVoxgR,1970.0
177,0,EmkugZPX,xTOrUJFO,1967.0
177,0,lmZJehpq,EmkugZPX,1928.0
177,0,tDDddUJb,lmZJehpq,1928.0
1262,0,CKorGRkE,ojqTFFWy,1137.0
1263,0,JKFFGKvY,zgCGmKZn,4687.0
1263,0,EVAUYvVR,JKFFGKvY,4718.0
1263,0,GYfZYaJh,EVAUYvVR,4723.0
1263,0,OpgRCgWV,GYfZYaJh,7650.0
14,0,xYUjBvzT,CheNYOmP,6817.0
14,0,JXJZtHSD,xYUjBvzT,6821.0
14,0,owqgejgM,JXJZtHSD,2862.0
1467,0,TsfVbSCQ,wEeBJTuq,422.0
1467,0,coyRXGtt,TsfVbSCQ,422.0
34,0,MtINPaKl,RuAJZyMI,4620.0
34,0,SGVPbDEb,MtINPaKl,2994.0
369,0,MtINPaKl,RuAJZyMI,4245.0
369,0,SGVPbDEb,MtINPaKl,3582.0
142,0,MtINPaKl,mNGfniSu,2845.0
142,0,SGVPbDEb,MtINPaKl,3020.0
1418,0,aWeSqqrV,gyQqEnFq,2565.0
1418,0,WRVBvtIE,aWeSqqrV,2722.0
1418,0,RuAJZyMI,WRVBvtIE,2738.0
1418,0,MtINPaKl,RuAJZyMI,3100.0
1418,0,SGVPbDEb,MtINPaKl,4471.0
992,0,MtINPaKl,mNGfniSu,5015.0
992,0,SGVPbDEb,MtINPaKl,5753.0
1623,0,FqfYfMFg,AmahvgQB,1408.0
1623,0,qBmbuqyA,FqfYfMFg,1469.0
1623,0,DjKOMvif,qBmbuqyA,1469.0
1623,0,kbmudFZh,DjKOMvif,1529.0
1623,0,AHkkayoK,kbmudFZh,1529.0
1623,0,NjUfThdh,AHkkayoK,1535.0
1623,0,yEChtXTr,NjUfThdh,1535.0
1623,0,BspMHRhr,yEChtXTr,974.0
1623,0,jkxhkeqK,BspMHRhr,1344.0
1623,0,RrdfQruE,jkxhkeqK,1344.0
1623,0,FHknKSNi,RrdfQruE,1344.0
1623,0,GYenbKMg,FHknKSNi,1312.0
464,0,ImIhxSnH,Fwqgdxfa,8825.0
464,0,iEKuRfDT,ImIhxSnH,8814.0
464,0,psXocZQH,iEKuRfDT,9394.0
464,0,yprCGtVa,psXocZQH,9394.0
464,0,pPqywgRl,yprCGtVa,9783.0
464,0,HGjkimBc,pPqywgRl,11046.0
464,0,lqMPnIra,HGjkimBc,11059.0
464,0,eKMWhxRF,lqMPnIra,9015.0
464,0,pRsoSsPh,eKMWhxRF,8470.0
464,0,pUxrqkbR,pRsoSsPh,9829.0
464,0,GmRorurF,pUxrqkbR,9820.0
464,0,rWJbJwsc,GmRorurF,5579.0
725,0,IoxYvxeH,mnkgCFDT,1118.0
725,0,yrlDljAC,IoxYvxeH,1023.0
725,0,rBCwdRqs,yrlDljAC,1023.0
725,0,olAnplnl,rBCwdRqs,1023.0
725,0,hpCuKAjH,olAnplnl,1021.0
725,0,tyeyrnYi,hpCuKAjH,1021.0
719,0,kVhbTVuU,mnkgCFDT,419.0
719,0,IoxYvxeH,kVhbTVuU,1353.0
719,0,yrlDljAC,IoxYvxeH,1313.0
719,0,FCQHCFVm,yrlDljAC,1313.0
719,0,rBCwdRqs,FCQHCFVm,1313.0
719,0,olAnplnl,rBCwdRqs,1313.0
719,0,hpCuKAjH,olAnplnl,1313.0
719,0,tyeyrnYi,hpCuKAjH,1313.0
250,0,IoxYvxeH,mnkgCFDT,5474.0
250,0,yrlDljAC,IoxYvxeH,6013.0
250,0,rBCwdRqs,yrlDljAC,6013.0
250,0,olAnplnl,rBCwdRqs,6013.0
250,0,hpCuKAjH,olAnplnl,6028.0
250,0,tyeyrnYi,hpCuKAjH,6028.0
292,0,jFmPCmzM,AjJCgCBk,2124.0
292,0,TrOiZJox,jFmPCmzM,2124.0
1075,0,AiDSpgcp,yfISbYOh,1629.0
1075,0,rQoGPwMA,AiDSpgcp,1629.0
1075,0,SwPLBeCY,rQoGPwMA,1629.0
1075,0,TgAaXvqD,SwPLBeCY,1632.0
1075,0,fikrodNW,TgAaXvqD,1637.0
1486,0,YhQOzAWJ,jTofnsvB,507.0
1486,0,zUgDRwiy,YhQOzAWJ,507.0
1506,0,YhQOzAWJ,elmHqfIN,4742.0
1506,0,zUgDRwiy,YhQOzAWJ,4413.0
664,0,elmHqfIN,jTofnsvB,145.0
664,0,YhQOzAWJ,elmHqfIN,145.0
664,0,zUgDRwiy,YhQOzAWJ,145.0
1748,0,elmHqfIN,jTofnsvB,4270.0
1748,0,YhQOzAWJ,elmHqfIN,4270.0
1748,0,zUgDRwiy,YhQOzAWJ,4261.0
1584,0,wWIFrmtv,vbdtPbuh,30.0
1584,0,CTPkMihJ,wWIFrmtv,30.0
1584,0,VesdDWYE,CTPkMihJ,30.0
1584,0,ILlCOmHK,VesdDWYE,30.0
1584,0,uEdtlgzA,ILlCOmHK,30.0
1584,0,HcKLTTXk,uEdtlgzA,30.0
1584,0,IvXmMOhB,HcKLTTXk,30.0
1419,0,BZCtSmhk,ywuGpANM,1864.0
1419,0,NbgxPNNK,BZCtSmhk,1864.0
1419,0,vOKcaAnW,NbgxPNNK,1880.0
1419,0,HOwZAROe,vOKcaAnW,1880.0
560,0,avbDVyxh,WGPbPoOh,550.0
560,0,gzkuviLm,avbDVyxh,550.0
560,0,CkzMckPC,gzkuviLm,550.0
560,0,WywmvGMH,CkzMckPC,550.0
318,0,YvLYpMPH,POdtxoZm,2978.0
318,0,DjKGsdyb,YvLYpMPH,3361.0
318,0,ExPvCHrU,DjKGsdyb,3199.0
318,0,OCwYbEnq,ExPvCHrU,3199.0
318,0,rsJSqETv,OCwYbEnq,3180.0
318,0,nrUfCQxz,rsJSqETv,3180.0
292,0,SlfNpref,aUPouXsN,1536.0
292,0,mTbspdLq,SlfNpref,1536.0
292,0,nrKKniYe,mTbspdLq,1520.0
292,0,SWnceHEw,nrKKniYe,1840.0
292,0,AjJCgCBk,SWnceHEw,1840.0
679,0,jXeBpcDF,lZYsrfVZ,2938.0
679,0,wHfmVQMh,cttUtMNm,3425.0
679,0,mdGitRQe,wHfmVQMh,2334.0
1419,0,VgUdLlOW,hpACGGyB,248.0
1419,0,ywuGpANM,VgUdLlOW,248.0
1262,0,AmahvgQB,vSdfqYeK,3362.0
1262,0,lOtREfVG,AmahvgQB,2803.0
1262,0,SMhobJmy,lOtREfVG,2803.0
1262,0,ZdIQslRD,SMhobJmy,2339.0
1331,0,kXOxEoFm,lRwVVbKf,54.0
1331,0,EFeZyZmg,kXOxEoFm,54.0
1331,0,MoCDatJm,EFeZyZmg,93.0
1512,0,OpgRCgWV,mnkgCFDT,13541.0
1512,0,ntDOQspU,OpgRCgWV,12262.0
1512,0,AXkvSZpr,ntDOQspU,12300.0
1263,0,ntDOQspU,OpgRCgWV,11235.0
1263,0,AXkvSZpr,ntDOQspU,11290.0
232,0,KUCrTzrk,LArfnWEk,4391.0
1331,0,ULIlEdjB,XHLHCkqn,4.0
1331,0,zfmNZkKD,ULIlEdjB,4.0
1331,0,zVMCvpDh,zfmNZkKD,4.0
1331,0,nOepWjtB,zVMCvpDh,4.0
1331,0,kNXaohyL,nOepWjtB,4.0
1331,0,gJicbLzN,kNXaohyL,4.0
1331,0,lRwVVbKf,gJicbLzN,4.0
1331,0,GTWLqqnN,JafVjQhg,2.0
1331,0,wefAcLKj,GTWLqqnN,2.0
1331,0,RxHTaOMh,wefAcLKj,2.0
1331,0,XHLHCkqn,RxHTaOMh,2.0
1331,0,JafVjQhg,OhBAPvsb,1.0
1330,0,dbPZeeiE,LKVeVUNI,2357.0
1330,0,CsDsDrdU,dbPZeeiE,2364.0
1330,0,rJRvqICk,CsDsDrdU,2779.0
1330,0,AmahvgQB,rJRvqICk,2781.0
1330,0,aYSqaQmJ,AmahvgQB,2837.0
1330,0,zgCGmKZn,aYSqaQmJ,2937.0
1330,0,JKFFGKvY,zgCGmKZn,3040.0
1330,0,EVAUYvVR,JKFFGKvY,3041.0
1330,0,GYfZYaJh,EVAUYvVR,3041.0
1330,0,OpgRCgWV,GYfZYaJh,3404.0
1330,0,ntDOQspU,OpgRCgWV,3623.0
1330,0,nEHOxUTI,ntDOQspU,3623.0
1330,0,PUsFNDSD,nEHOxUTI,3820.0
1330,0,LKVeVUNI,BpAiVnps,2037.0
1467,0,eQeMsQqL,coyRXGtt,267.0
1467,0,ckxYXcvo,eQeMsQqL,267.0
1467,0,cyoDDnik,ckxYXcvo,267.0
1467,0,xWbuLRdJ,cyoDDnik,267.0
1467,0,vbdtPbuh,xWbuLRdJ,267.0
1467,0,wWIFrmtv,vbdtPbuh,13.0
761,0,okaePkJr,zUgDRwiy,6114.0
1748,0,okaePkJr,zUgDRwiy,1725.0
34,0,DpeufCiu,SGVPbDEb,2107.0
142,0,DpeufCiu,SGVPbDEb,2884.0
565,0,okgTpqCg,FfkqCuZM,366.0
565,0,IKzXRYHu,okgTpqCg,347.0
565,0,adAJVrkD,IKzXRYHu,347.0
565,0,LWMiptXI,adAJVrkD,238.0
565,0,IdjjXnkI,LWMiptXI,238.0
565,0,qQFDKzdu,IdjjXnkI,238.0
1107,0,qflzswAf,PyGiRErs,524.0
80,0,jiBUapiv,gHkojtqc,4008.0
80,0,ZsSjTAXN,jiBUapiv,4008.0
80,0,QzSmToFg,ZsSjTAXN,4008.0
232,0,CwNQJSvp,KUCrTzrk,3925.0
232,0,yoveVXvd,CwNQJSvp,3942.0
1330,0,StyZBhjt,PUsFNDSD,3009.0
177,0,RVGhYAxc,tDDddUJb,1790.0
177,0,BpAiVnps,RVGhYAxc,1218.0
1714,0,elmHqfIN,jTofnsvB,7.0
1714,0,YhQOzAWJ,elmHqfIN,7.0
1714,0,zUgDRwiy,YhQOzAWJ,7.0
1714,0,okaePkJr,zUgDRwiy,7.0
1714,0,xgGSyRKK,okaePkJr,7.0
761,0,PgJqeYYy,okaePkJr,6109.0
1330,0,HipgKeDY,StyZBhjt,3143.0
80,0,YpZAWuci,QzSmToFg,3841.0
1452,0,jiBUapiv,gHkojtqc,91.0
1452,0,ZsSjTAXN,jiBUapiv,91.0
1452,0,QzSmToFg,ZsSjTAXN,91.0
1452,0,YpZAWuci,QzSmToFg,91.0
1453,0,BxmxkKGC,ojqTFFWy,2095.0
1486,0,okaePkJr,zUgDRwiy,330.0
1486,0,PgJqeYYy,okaePkJr,330.0
1531,0,okaePkJr,zUgDRwiy,1906.0
1531,0,PgJqeYYy,okaePkJr,1647.0
712,0,EmkugZPX,xTOrUJFO,1628.0
664,0,okaePkJr,zUgDRwiy,6.0
664,0,PgJqeYYy,okaePkJr,6.0
1748,0,PgJqeYYy,okaePkJr,1723.0
142,0,JAgpxShP,qufiaPgM,34.0
1330,0,qqkwAIGc,HipgKeDY,3100.0
1330,0,YXiYqIfc,qqkwAIGc,3100.0
1330,0,TxpOiGNK,YXiYqIfc,1660.0
232,0,fvJrDdyT,yoveVXvd,3894.0
1537,0,ULIlEdjB,XHLHCkqn,38.0
1537,0,zfmNZkKD,ULIlEdjB,38.0
1537,0,LASpLrUw,zfmNZkKD,38.0
1537,0,GnVcDFUF,LASpLrUw,68.0
1537,0,QzUmfmWq,GnVcDFUF,83.0
1537,0,FozFNjrC,QzUmfmWq,83.0
1537,0,loXKeyiW,FozFNjrC,83.0
1537,0,vDrIQGSM,loXKeyiW,83.0
1537,0,wYGnXViz,vDrIQGSM,83.0
1537,0,vePIvsJu,wYGnXViz,83.0
1537,0,BCaYhIgf,vePIvsJu,83.0
1418,0,FoqpqGcp,QhiYKyAt,5450.0
1326,0,KSSwmuEx,vkwWhgCe,985.0
1326,0,pkhwWQVf,KSSwmuEx,999.0
1750,0,llFTEWtD,IulxyPoH,366.0
1750,0,SgXyhVwd,llFTEWtD,366.0
1750,0,fPhIOSOj,SgXyhVwd,384.0
1750,0,HqehCtdr,fPhIOSOj,466.0
1750,0,JafVjQhg,HqehCtdr,462.0
1748,0,EsFyleAW,PgJqeYYy,343.0
1750,0,hFISFuCO,ojqTFFWy,282.0
1750,0,fQRLOpha,hFISFuCO,282.0
1750,0,PXPVuGmP,fQRLOpha,303.0
1750,0,IulxyPoH,PXPVuGmP,303.0
34,0,FaHpkwNs,DpeufCiu,2056.0
142,0,FaHpkwNs,DpeufCiu,2841.0
369,0,DpeufCiu,SGVPbDEb,3039.0
369,0,kohCEyKT,DpeufCiu,3039.0
34,0,kohCEyKT,FaHpkwNs,2034.0
761,0,cQQRUhUD,PgJqeYYy,6901.0
761,0,ZpXtMmnA,cQQRUhUD,6901.0
992,0,DpeufCiu,SGVPbDEb,5835.0
992,0,FaHpkwNs,DpeufCiu,5835.0
992,0,kohCEyKT,FaHpkwNs,5835.0
232,0,KLViSvpH,fvJrDdyT,3932.0
1531,0,EsFyleAW,PgJqeYYy,1129.0
1531,0,oPiGTUNA,EsFyleAW,1085.0
1531,0,AsOznvtO,oPiGTUNA,1085.0
1531,0,HjcVXSJw,AsOznvtO,1085.0
1531,0,UPEwDZeZ,HjcVXSJw,1085.0
1531,0,oTQudgUv,UPEwDZeZ,1085.0
1531,0,wteskcXn,oTQudgUv,1082.0
1538,0,ByhOWHwN,AXkvSZpr,12.0
1538,0,RzpCLtax,ByhOWHwN,37.0
1538,0,GVbuUhiB,RzpCLtax,37.0
1538,0,lBcqwpvX,GVbuUhiB,37.0
1418,0,TvsHOuao,EzNIKkYA,5891.0
1418,0,ezYUwAMR,TvsHOuao,5891.0
1418,0,QhiYKyAt,ezYUwAMR,5891.0
1486,0,cQQRUhUD,PgJqeYYy,269.0
1486,0,ZpXtMmnA,cQQRUhUD,269.0
1434,0,SGVPbDEb,MtINPaKl,1516.0
1434,0,DpeufCiu,SGVPbDEb,2410.0
1434,0,FaHpkwNs,DpeufCiu,2447.0
1434,0,wMslsCeS,FaHpkwNs,2447.0
1434,0,BTtHvEzM,wMslsCeS,2447.0
1434,0,EzNIKkYA,BTtHvEzM,3289.0
1434,0,TvsHOuao,EzNIKkYA,3620.0
1434,0,ezYUwAMR,TvsHOuao,3620.0
1434,0,QhiYKyAt,ezYUwAMR,3620.0
796,0,NXLrCKMp,xiTGCYEl,753.0
796,0,FyoAuDvn,NXLrCKMp,753.0
796,0,WOOyqinT,FyoAuDvn,899.0
796,0,VfTFpfzB,WOOyqinT,899.0
796,0,ZYYdVixc,VfTFpfzB,1229.0
796,0,gLCWwgiT,ZYYdVixc,1441.0
796,0,jTofnsvB,gLCWwgiT,1581.0
796,0,elmHqfIN,jTofnsvB,1840.0
796,0,YhQOzAWJ,elmHqfIN,1840.0
796,0,zUgDRwiy,YhQOzAWJ,1840.0
796,0,okaePkJr,zUgDRwiy,1840.0
796,0,PgJqeYYy,okaePkJr,1840.0
796,0,cQQRUhUD,PgJqeYYy,1840.0
796,0,ZpXtMmnA,cQQRUhUD,1840.0
1434,0,aWeSqqrV,gyQqEnFq,1185.0
1434,0,WRVBvtIE,aWeSqqrV,1185.0
1434,0,RuAJZyMI,WRVBvtIE,1185.0
1434,0,MtINPaKl,RuAJZyMI,1500.0
232,0,NajoDNFv,TxpOiGNK,3540.0
232,0,aQxdJxqw,NajoDNFv,3561.0
232,0,GJDHvjGI,aQxdJxqw,3595.0
796,0,bZroqIhX,eTJQHplR,458.0
796,0,cNuIRYrx,bZroqIhX,458.0
796,0,yNIUaSyZ,cNuIRYrx,458.0
796,0,xiTGCYEl,yNIUaSyZ,458.0
291,0,zijvldJJ,RVGhYAxc,6554.0
291,0,PywYzQHY,zijvldJJ,6719.0
291,0,RufmISTr,PywYzQHY,4196.0
291,0,qnxnYECs,RufmISTr,4217.0
291,0,QNScHwgR,qnxnYECs,4206.0
291,0,dLUoTBAU,QNScHwgR,4225.0
464,0,uuIZngLh,rWJbJwsc,4416.0
464,0,gHWJyJxY,uuIZngLh,4414.0
463,0,UWOHRooW,Fwqgdxfa,1873.0
463,0,ImIhxSnH,UWOHRooW,1940.0
463,0,iEKuRfDT,ImIhxSnH,1935.0
463,0,PlyJazqR,iEKuRfDT,1935.0
463,0,ylfNfbjf,PlyJazqR,1521.0
463,0,psXocZQH,ylfNfbjf,1521.0
463,0,yprCGtVa,psXocZQH,1936.0
463,0,pPqywgRl,yprCGtVa,2114.0
463,0,HGjkimBc,pPqywgRl,2132.0
463,0,lqMPnIra,HGjkimBc,2163.0
463,0,eKMWhxRF,lqMPnIra,2999.0
463,0,pRsoSsPh,eKMWhxRF,3125.0
463,0,pUxrqkbR,pRsoSsPh,3132.0
463,0,GmRorurF,pUxrqkbR,3153.0
463,0,rWJbJwsc,GmRorurF,3153.0
463,0,uuIZngLh,rWJbJwsc,3707.0
463,0,gHWJyJxY,uuIZngLh,3707.0
250,0,HezLsNFQ,tyeyrnYi,5979.0
1395,0,OrbXRiVv,anWZyaGW,488.0
1395,0,cNuIRYrx,OrbXRiVv,533.0
1395,0,yNIUaSyZ,cNuIRYrx,533.0
1395,0,xiTGCYEl,yNIUaSyZ,533.0
1395,0,NXLrCKMp,xiTGCYEl,734.0
1395,0,FyoAuDvn,NXLrCKMp,734.0
1395,0,WOOyqinT,FyoAuDvn,840.0
1395,0,mnkgCFDT,WOOyqinT,842.0
1395,0,kVhbTVuU,mnkgCFDT,1667.0
1395,0,IoxYvxeH,kVhbTVuU,1702.0
1395,0,yrlDljAC,IoxYvxeH,1741.0
1395,0,rBCwdRqs,yrlDljAC,1741.0
1395,0,olAnplnl,rBCwdRqs,1741.0
1395,0,hpCuKAjH,olAnplnl,1741.0
1395,0,tyeyrnYi,hpCuKAjH,1741.0
1395,0,HezLsNFQ,tyeyrnYi,1743.0
1395,0,eusqYKWT,HezLsNFQ,1856.0
1395,0,xOHMcnRu,eusqYKWT,2164.0
1537,0,jvuOCfJT,BCaYhIgf,53.0
1537,0,vGKZybsV,jvuOCfJT,53.0
1537,0,lEwLedpG,vGKZybsV,34.0
1537,0,GtMUYUwJ,lEwLedpG,34.0
1537,0,lQIpGOTn,GtMUYUwJ,34.0
1537,0,uhUmvvRs,lQIpGOTn,34.0
1537,0,GgLRqpEG,uhUmvvRs,3.0
719,0,HezLsNFQ,tyeyrnYi,1312.0
1748,0,oPiGTUNA,EsFyleAW,295.0
1748,0,AsOznvtO,oPiGTUNA,295.0
1748,0,TxpOiGNK,AsOznvtO,295.0
1418,0,DpeufCiu,SGVPbDEb,5420.0
1418,0,FaHpkwNs,DpeufCiu,5420.0
1418,0,iMMoIvpS,FaHpkwNs,7549.0
1418,0,wMslsCeS,iMMoIvpS,7721.0
1418,0,BTtHvEzM,wMslsCeS,7727.0
80,0,UWROvtjV,YpZAWuci,3553.0
80,0,aHnvxyXJ,UWROvtjV,3553.0
1452,0,UWROvtjV,YpZAWuci,236.0
1452,0,aHnvxyXJ,UWROvtjV,236.0
369,0,DHQRQBBP,kohCEyKT,3194.0
1440,0,WRVBvtIE,gyQqEnFq,439.0
1440,0,RuAJZyMI,WRVBvtIE,439.0
1440,0,MtINPaKl,RuAJZyMI,483.0
1440,0,SGVPbDEb,MtINPaKl,490.0
1440,0,DpeufCiu,SGVPbDEb,609.0
1440,0,FaHpkwNs,DpeufCiu,609.0
1440,0,kohCEyKT,FaHpkwNs,609.0
1440,0,DHQRQBBP,kohCEyKT,609.0
142,0,kohCEyKT,FaHpkwNs,2834.0
142,0,DHQRQBBP,kohCEyKT,3759.0
34,0,ZKEtlMvK,kohCEyKT,2296.0
1681,0,vFcwPIzF,qrkdOgPU,189.0
1681,0,fdwfslrS,vFcwPIzF,135.0
1419,0,CKorGRkE,ejMjPdTH,182.0
1419,0,eaNsVWDR,CKorGRkE,182.0
1419,0,hpACGGyB,eaNsVWDR,182.0
133,0,pcONCDTC,nyQXyVHt,20.0
133,0,fkhDLNVv,pcONCDTC,16.0
133,0,ZgqhsueA,fkhDLNVv,16.0
133,0,GYxWnXpv,ZgqhsueA,6.0
133,0,mkpQpPSv,GYxWnXpv,6.0
133,0,EIHKZlEa,mkpQpPSv,6.0
133,0,oYdkYEMp,EIHKZlEa,6.0
133,0,TkHOmLHQ,oYdkYEMp,6.0
133,0,YvwuVYMF,TkHOmLHQ,6.0
133,0,vDFCntfg,YvwuVYMF,4.0
133,0,iEKDTvNf,vDFCntfg,4.0
133,0,MyGqmywG,iEKDTvNf,4.0
133,0,NxbXiMUL,MyGqmywG,4.0
133,0,XLVjRryq,NxbXiMUL,4.0
133,0,gzTQJVMW,XLVjRryq,4.0
133,0,FZsFzszJ,gzTQJVMW,4.0
133,0,KgwKZlse,FZsFzszJ,4.0
133,0,AoRkaUmb,KgwKZlse,4.0
133,0,ALhaazBT,AoRkaUmb,4.0
133,0,YqlTLIQa,ALhaazBT,4.0
133,0,AUmOMGnp,YqlTLIQa,4.0
133,0,XFPAZveS,AUmOMGnp,4.0
133,0,ojqTFFWy,XFPAZveS,1.0
130,0,fkhDLNVv,pcONCDTC,74.0
130,0,ZgqhsueA,fkhDLNVv,74.0
130,0,GYxWnXpv,ZgqhsueA,48.0
130,0,mkpQpPSv,GYxWnXpv,48.0
130,0,EIHKZlEa,mkpQpPSv,48.0
130,0,oYdkYEMp,EIHKZlEa,48.0
130,0,TkHOmLHQ,oYdkYEMp,48.0
130,0,SwTowoaO,TkHOmLHQ,48.0
130,0,YvwuVYMF,SwTowoaO,48.0
130,0,vDFCntfg,YvwuVYMF,42.0
130,0,iEKDTvNf,vDFCntfg,42.0
130,0,MyGqmywG,iEKDTvNf,42.0
130,0,NxbXiMUL,MyGqmywG,42.0
130,0,XLVjRryq,NxbXiMUL,39.0
130,0,RVEyrwjR,XLVjRryq,39.0
130,0,gzTQJVMW,RVEyrwjR,39.0
130,0,FZsFzszJ,gzTQJVMW,23.0
130,0,KgwKZlse,FZsFzszJ,23.0
130,0,AoRkaUmb,KgwKZlse,23.0
130,0,ALhaazBT,AoRkaUmb,23.0
130,0,YqlTLIQa,ALhaazBT,20.0
130,0,AUmOMGnp,YqlTLIQa,20.0
130,0,XFPAZveS,AUmOMGnp,16.0
130,0,ojqTFFWy,XFPAZveS,12.0
37,0,CKldDLYq,EkWBPXmr,452.0
37,0,tjYcJLRB,CKldDLYq,634.0
37,0,iYMJvRAf,tjYcJLRB,634.0
37,0,KplKuAnp,iYMJvRAf,644.0
37,0,pSVDMeCH,KplKuAnp,644.0
37,0,FTwVCxQy,pSVDMeCH,644.0
37,0,xnBCUPNx,FTwVCxQy,802.0
37,0,MEVzYGii,xnBCUPNx,1021.0
37,0,yQIotbyH,MEVzYGii,1021.0
37,0,taEXnGBL,yQIotbyH,1251.0
37,0,rZoajhYh,taEXnGBL,1251.0
37,0,NuyYqrDq,rZoajhYh,1295.0
37,0,gpaAUChy,NuyYqrDq,1327.0
37,0,IgEBJNwX,gpaAUChy,1327.0
37,0,NCVzutVL,IgEBJNwX,1345.0
37,0,cTQVugNT,NCVzutVL,1364.0
37,0,cNypyxpr,cTQVugNT,2104.0
37,0,WRVBvtIE,cNypyxpr,2104.0
37,0,RuAJZyMI,WRVBvtIE,2104.0
37,0,MtINPaKl,RuAJZyMI,2104.0
37,0,SGVPbDEb,MtINPaKl,2104.0
37,0,DpeufCiu,SGVPbDEb,2104.0
37,0,FaHpkwNs,DpeufCiu,2104.0
37,0,kohCEyKT,FaHpkwNs,2104.0
37,0,ZKEtlMvK,kohCEyKT,2104.0
37,0,pjRBTtLk,ZKEtlMvK,2104.0
369,0,ZKEtlMvK,DHQRQBBP,3188.0
369,0,pjRBTtLk,ZKEtlMvK,3556.0
142,0,ZKEtlMvK,DHQRQBBP,3741.0
142,0,pjRBTtLk,ZKEtlMvK,3748.0
1440,0,ZKEtlMvK,DHQRQBBP,608.0
1440,0,pjRBTtLk,ZKEtlMvK,789.0
1441,0,dHuMOmqh,LDSuadxM,1319.0
1441,0,kVCEAUTv,dHuMOmqh,2338.0
1441,0,llFTEWtD,IulxyPoH,972.0
1441,0,SgXyhVwd,llFTEWtD,972.0
1441,0,fPhIOSOj,SgXyhVwd,972.0
1441,0,SOzmnmNW,fPhIOSOj,972.0
1441,0,OhBAPvsb,SOzmnmNW,972.0
1441,0,LDSuadxM,OhBAPvsb,972.0
1441,0,PXPVuGmP,fQRLOpha,807.0
1441,0,IulxyPoH,PXPVuGmP,807.0
779,0,aNlaxeLS,ZecyfkGE,2854.0
779,0,zBPHjWVd,aNlaxeLS,2854.0
779,0,rPcYYZtd,zBPHjWVd,2821.0
779,0,ngtiheSM,rPcYYZtd,2606.0
994,0,BWKNZpmt,VriUyyDM,1589.0
779,0,pzScocJN,khOlLZay,3070.0
779,0,AOtPxxNt,pzScocJN,3057.0
779,0,pFQacbfu,AOtPxxNt,3000.0
779,0,ZecyfkGE,pFQacbfu,3000.0
992,0,ZKEtlMvK,kohCEyKT,6768.0
992,0,pjRBTtLk,ZKEtlMvK,6768.0
1441,0,hFISFuCO,BxmxkKGC,773.0
1441,0,byRkdSCW,hFISFuCO,773.0
1441,0,fQRLOpha,byRkdSCW,773.0
1702,0,qrLMfnQh,aQxdJxqw,1193.0
1702,0,nAnfzqIp,qrLMfnQh,1193.0
1702,0,BYibysYA,nAnfzqIp,1193.0
1330,0,NajoDNFv,TxpOiGNK,1652.0
1330,0,aQxdJxqw,NajoDNFv,1652.0
1531,0,NajoDNFv,wteskcXn,706.0
1531,0,aQxdJxqw,NajoDNFv,685.0
1221,0,CKorGRkE,ejMjPdTH,4349.0
1221,0,eaNsVWDR,CKorGRkE,4349.0
1221,0,hpACGGyB,eaNsVWDR,4351.0
1221,0,VgUdLlOW,hpACGGyB,4698.0
1221,0,ywuGpANM,VgUdLlOW,4701.0
1221,0,BZCtSmhk,ywuGpANM,7394.0
1221,0,aojHvPEg,BZCtSmhk,7399.0
1221,0,qeXIqBgp,aojHvPEg,7399.0
836,0,aojHvPEg,BZCtSmhk,4882.0
836,0,qeXIqBgp,aojHvPEg,4882.0
679,0,BpAiVnps,RVGhYAxc,1945.0
1263,0,MlqbsUKu,AXkvSZpr,11573.0
1263,0,jaCrAUFK,MlqbsUKu,11891.0
1263,0,oynLwMrX,jaCrAUFK,11753.0
1263,0,EKYbCcms,oynLwMrX,9178.0
14,0,CheNYOmP,ocwJSpah,5857.0
1226,0,PNUwxzRj,iaPnRXpR,7034.0
1226,0,sxclJLmG,PNUwxzRj,7034.0
1226,0,xMTNzVPt,sxclJLmG,7052.0
1226,0,AudzmzeZ,xMTNzVPt,7052.0
1226,0,QVFxizLc,AudzmzeZ,7098.0
1226,0,BKywSEpu,QVFxizLc,7098.0
1226,0,PrwDPVMa,BKywSEpu,7098.0
1226,0,bjPEDqek,PrwDPVMa,7157.0
1226,0,hNvVhacI,bjPEDqek,7157.0
1226,0,qzYXXYmc,hNvVhacI,7025.0
1226,0,SsTrbdxo,qzYXXYmc,10682.0
1226,0,yYFXObAF,SsTrbdxo,10682.0
1226,0,rmVgnKci,yYFXObAF,10682.0
1226,0,xMwzCIXQ,rmVgnKci,10631.0
1226,0,njiqgOWt,jVOVHrFU,9311.0
1512,0,EKYbCcms,jaCrAUFK,12467.0
1226,0,CEZTRnUo,qflzswAf,5967.0
1226,0,funWfCdm,CEZTRnUo,5967.0
1226,0,rnFrOJMw,funWfCdm,5967.0
1226,0,iaPnRXpR,rnFrOJMw,5981.0
1748,0,NajoDNFv,TxpOiGNK,312.0
1748,0,aQxdJxqw,NajoDNFv,360.0
1445,0,gHieypBQ,IOpdOfiF,880.0
1445,0,vfoDngvn,gHieypBQ,880.0
1445,0,EPWXwPSq,vfoDngvn,880.0
1445,0,orpkgmYq,EPWXwPSq,880.0
1445,0,RXuaQdiQ,orpkgmYq,880.0
1445,0,mhTYFecR,RXuaQdiQ,880.0
1445,0,RZCadHVt,mhTYFecR,880.0
1440,0,mhTYFecR,RXuaQdiQ,356.0
1440,0,RZCadHVt,mhTYFecR,320.0
1440,0,gHieypBQ,wrFiwNtD,791.0
1440,0,vfoDngvn,gHieypBQ,791.0
1440,0,EPWXwPSq,vfoDngvn,791.0
1440,0,orpkgmYq,EPWXwPSq,658.0
1440,0,RXuaQdiQ,orpkgmYq,497.0
34,0,aSxVTIYY,ZKEtlMvK,1712.0
34,0,fpInPVFL,aSxVTIYY,1712.0
780,0,sPGYwoyj,XUTqNKWc,2763.0
780,0,OeZVKJdr,sPGYwoyj,2763.0
80,0,aBlpKWpT,aHnvxyXJ,3292.0
1452,0,aBlpKWpT,aHnvxyXJ,444.0
1452,0,YBtfPRlp,aBlpKWpT,444.0
1226,0,cIQOVqQI,njiqgOWt,9291.0
1226,0,OyAyNkqZ,cIQOVqQI,9284.0
1226,0,XiXLaJEL,OyAyNkqZ,9274.0
1226,0,fzSWURzx,XiXLaJEL,4175.0
1226,0,vyojaKRU,fzSWURzx,4100.0
1226,0,puwcRgFs,vyojaKRU,3619.0
1226,0,zjKsBdNQ,puwcRgFs,1105.0
1226,0,ojqTFFWy,zjKsBdNQ,1104.0
232,0,rxopZurY,GJDHvjGI,3052.0
761,0,NnzcSqlk,mhTYFecR,4121.0
900,0,fTbQcCcQ,BSlPgNeK,87.0
546,0,oUbtCHRB,jwtMzuEb,24.0
546,0,kSklWvZO,oUbtCHRB,24.0
546,0,wVKhsyCZ,kSklWvZO,24.0
546,0,oZJRchiN,wVKhsyCZ,24.0
546,0,xmGwLlME,oZJRchiN,24.0
546,0,KcBICYpI,xmGwLlME,24.0
546,0,XQiQvefE,KcBICYpI,24.0
546,0,eyUKPfnA,XQiQvefE,24.0
546,0,ZgqhsueA,eyUKPfnA,8.0
546,0,YvwuVYMF,ZgqhsueA,8.0
546,0,FZsFzszJ,YvwuVYMF,5.0
1418,0,NNeqXfIi,FoqpqGcp,5404.0
1418,0,wbJSAzcX,NNeqXfIi,5403.0
80,0,RwWmKtXH,aBlpKWpT,3092.0
80,0,iWUiEObr,RwWmKtXH,3194.0
1452,0,RwWmKtXH,YBtfPRlp,643.0
1452,0,iWUiEObr,RwWmKtXH,643.0
1099,0,kGQEnBYZ,bGilRaMJ,7.0
796,0,DgJlPOry,ZpXtMmnA,820.0
796,0,inAMLXyk,DgJlPOry,820.0
796,0,nTEapSQO,inAMLXyk,820.0
796,0,AKaXSKPc,nTEapSQO,820.0
1452,0,mkMGVFdU,iWUiEObr,830.0
1452,0,xMYnsmAG,mkMGVFdU,1634.0
1452,0,IOpdOfiF,xMYnsmAG,1640.0
1486,0,inAMLXyk,ZpXtMmnA,241.0
1486,0,nTEapSQO,inAMLXyk,241.0
1486,0,AKaXSKPc,nTEapSQO,241.0
761,0,DgJlPOry,ZpXtMmnA,3906.0
761,0,inAMLXyk,DgJlPOry,3906.0
761,0,nTEapSQO,inAMLXyk,3906.0
761,0,AKaXSKPc,nTEapSQO,3906.0
401,0,zjOknQHK,CRVKBFrv,1755.0
401,0,FrKNovDQ,zjOknQHK,1755.0
401,0,kgNzHUbI,FrKNovDQ,1755.0
401,0,cXqKNsgk,eJfPkird,3037.0
401,0,adPAcDLJ,cXqKNsgk,3037.0
401,0,RTRcFCMg,adPAcDLJ,3026.0
401,0,yYShGLTs,RTRcFCMg,3026.0
401,0,VkUBejwv,yYShGLTs,3219.0
401,0,QuhVipGo,VkUBejwv,2648.0
401,0,IUBOlCKA,QuhVipGo,2431.0
401,0,knSDhEIY,IUBOlCKA,2523.0
401,0,bYtHLndm,knSDhEIY,2609.0
401,0,KbKyxild,bYtHLndm,2609.0
401,0,WzJZybAt,KbKyxild,1596.0
401,0,wBZvskGC,WzJZybAt,1549.0
401,0,hlYcHDiv,wBZvskGC,1483.0
401,0,ZUUFaTkv,hlYcHDiv,1483.0
401,0,TikfrWrm,ZUUFaTkv,1483.0
401,0,ojqTFFWy,TikfrWrm,373.0
1349,0,cSSpAgNQ,WUuNWUBH,265.0
1349,0,ChOayZDF,cSSpAgNQ,265.0
1349,0,MCXOFAcE,ChOayZDF,265.0
1349,0,CrEPfbyi,MCXOFAcE,265.0
1349,0,GrmAtQAi,CrEPfbyi,265.0
1349,0,iLbIERty,GrmAtQAi,265.0
1349,0,TPvicaCo,iLbIERty,274.0
1349,0,kzVeZOug,TPvicaCo,274.0
1349,0,mxGSpCzE,kzVeZOug,274.0
1349,0,WlZgmutc,mxGSpCzE,274.0
1349,0,acVCzwtl,WlZgmutc,274.0
1349,0,TIlepZYr,acVCzwtl,264.0
1349,0,BmQLYaPd,TIlepZYr,46.0
1349,0,UvdLYolu,BmQLYaPd,46.0
1349,0,ZFKsyBay,UvdLYolu,46.0
1349,0,suvDbtPR,ZFKsyBay,46.0
1096,0,FrCulsqF,VYHZxBYO,1311.0
1096,0,KCAssTym,FrCulsqF,1311.0
1096,0,WhdKokFf,KCAssTym,1354.0
1096,0,QhscbmPA,WhdKokFf,1354.0
1096,0,YVvBKwgW,QhscbmPA,1392.0
1019,0,kYVfgfZp,bLNlBUaT,163.0
1019,0,eZiXxBSP,kYVfgfZp,163.0
1019,0,SaZyOqOi,eZiXxBSP,163.0
1019,0,oRpydnwU,SaZyOqOi,235.0
1019,0,yyEOaSxi,oRpydnwU,235.0
1019,0,obftSQtS,yyEOaSxi,215.0
1029,0,rNCpaLXo,dNagXJoD,1423.0
232,0,qXMrbZDt,rxopZurY,3035.0
232,0,qOusBBOu,qXMrbZDt,3035.0
147,0,exgtgIgV,zJsEFgSs,158.0
147,0,CvtLjMFW,exgtgIgV,158.0
147,0,vSdfqYeK,CvtLjMFW,158.0
147,0,AmahvgQB,vSdfqYeK,158.0
1330,0,rxopZurY,aQxdJxqw,1152.0
1330,0,qXMrbZDt,rxopZurY,1152.0
1330,0,qOusBBOu,qXMrbZDt,1152.0
761,0,ECXJHxuC,AKaXSKPc,4106.0
761,0,mhTYFecR,ECXJHxuC,4106.0
541,0,oZJRchiN,wVKhsyCZ,19.0
541,0,ZgqhsueA,eyUKPfnA,19.0
541,0,YvwuVYMF,ZgqhsueA,19.0
541,0,FZsFzszJ,YvwuVYMF,19.0
541,0,ALhaazBT,FZsFzszJ,19.0
541,0,ejMjPdTH,ALhaazBT,19.0
1418,0,wHHoYczm,wbJSAzcX,5394.0
529,0,xiTGCYEl,cNuIRYrx,93.0
529,0,NXLrCKMp,xiTGCYEl,213.0
529,0,FyoAuDvn,NXLrCKMp,213.0
529,0,WOOyqinT,FyoAuDvn,213.0
529,0,VfTFpfzB,WOOyqinT,483.0
529,0,bZroqIhX,eTJQHplR,78.0
529,0,cNuIRYrx,bZroqIhX,78.0
1606,0,BgrWMruP,tNjBpHdR,106.0
1606,0,BlIFmvgd,BgrWMruP,106.0
1606,0,FGqBFXAc,BlIFmvgd,106.0
1606,0,MDGVFhVD,FGqBFXAc,108.0
1606,0,TjIpsyZG,MDGVFhVD,108.0
1606,0,pMhMmUyS,TjIpsyZG,108.0
1606,0,MaWmiWrW,pMhMmUyS,108.0
1606,0,XXnkNquo,MaWmiWrW,108.0
1606,0,GgMfrgKO,XiXLaJEL,59.0
1606,0,egyFOSbs,GgMfrgKO,59.0
1606,0,tNjBpHdR,egyFOSbs,59.0
232,0,ysAqwwWP,qOusBBOu,2993.0
232,0,vCxCuCVD,ysAqwwWP,2993.0
1330,0,vCxCuCVD,qOusBBOu,1148.0
1748,0,qXMrbZDt,aQxdJxqw,547.0
1748,0,qOusBBOu,qXMrbZDt,547.0
1748,0,vCxCuCVD,qOusBBOu,564.0
142,0,vnfcOAch,pjRBTtLk,2685.0
142,0,ryJVAbFB,vnfcOAch,2685.0
142,0,ttVqQknl,ryJVAbFB,2685.0
779,0,yHCBRtBd,xnXFAboh,4618.0
779,0,YYKDBDRS,yHCBRtBd,4618.0
779,0,CDXhVrrJ,YYKDBDRS,4618.0
1512,0,MlqbsUKu,AXkvSZpr,11802.0
1512,0,jaCrAUFK,MlqbsUKu,11821.0
1512,0,OyAyNkqZ,EKYbCcms,11511.0
1263,0,cIQOVqQI,EKYbCcms,9492.0
1263,0,OyAyNkqZ,cIQOVqQI,9502.0
1300,0,dbPZeeiE,LKVeVUNI,7445.0
1300,0,CsDsDrdU,dbPZeeiE,8129.0
1300,0,AmahvgQB,CsDsDrdU,8486.0
1300,0,ntDOQspU,OpgRCgWV,9693.0
1300,0,MlqbsUKu,ntDOQspU,9703.0
1300,0,jaCrAUFK,MlqbsUKu,9710.0
1300,0,oynLwMrX,jaCrAUFK,9405.0
1300,0,EKYbCcms,oynLwMrX,8890.0
1300,0,OyAyNkqZ,EKYbCcms,8992.0
1300,0,LKVeVUNI,BpAiVnps,5858.0
1568,0,YcrsfAeA,KCvWJpxq,4083.0
1568,0,cfrRCwNB,YcrsfAeA,4083.0
1568,0,TFSGEQcQ,cfrRCwNB,4546.0
1568,0,fjFZwaYy,TFSGEQcQ,4854.0
1568,0,lSWJJvzr,fjFZwaYy,4871.0
1568,0,nxFmOJAJ,lSWJJvzr,4922.0
1568,0,GznDzxNt,nxFmOJAJ,4922.0
1568,0,jappmlZc,GznDzxNt,4922.0
1568,0,JGAJXRSN,jappmlZc,5044.0
1568,0,SDEQaVyD,JGAJXRSN,4957.0
37,0,vnfcOAch,pjRBTtLk,1673.0
37,0,ryJVAbFB,vnfcOAch,1673.0
37,0,ttVqQknl,ryJVAbFB,1673.0
37,0,aZtqChJJ,ttVqQknl,1673.0
170,0,tDDddUJb,lmZJehpq,654.0
170,0,RVGhYAxc,tDDddUJb,616.0
170,0,BpAiVnps,RVGhYAxc,503.0
992,0,vnfcOAch,pjRBTtLk,6671.0
992,0,ryJVAbFB,vnfcOAch,6671.0
992,0,ttVqQknl,ryJVAbFB,6671.0
992,0,aZtqChJJ,ttVqQknl,6673.0
142,0,aZtqChJJ,ttVqQknl,2683.0
80,0,yGnjFAhM,iWUiEObr,2878.0
232,0,LDSuadxM,vCxCuCVD,2215.0
796,0,ECXJHxuC,AKaXSKPc,608.0
796,0,mhTYFecR,ECXJHxuC,608.0
796,0,RZCadHVt,mhTYFecR,438.0
1440,0,vnfcOAch,pjRBTtLk,740.0
1440,0,ryJVAbFB,vnfcOAch,740.0
1440,0,ttVqQknl,ryJVAbFB,740.0
1440,0,aZtqChJJ,ttVqQknl,770.0
1440,0,wrFiwNtD,aZtqChJJ,771.0
1462,0,IIbmZtwl,SKQEJtAl,168.0
1462,0,TmzVTgQO,IIbmZtwl,168.0
1462,0,uQwuZjYR,TmzVTgQO,168.0
1462,0,pfDsKqbP,uQwuZjYR,168.0
1462,0,GKBCzMbq,pfDsKqbP,167.0
1462,0,orpkgmYq,GKBCzMbq,167.0
1462,0,RXuaQdiQ,orpkgmYq,167.0
1462,0,bmqZcfhO,RXuaQdiQ,154.0
1462,0,lUWTaWkd,bmqZcfhO,154.0
72,0,NnzcSqlk,MULNmVBJ,3.0
37,0,deapEAbC,aZtqChJJ,1272.0
992,0,deapEAbC,aZtqChJJ,5980.0
369,0,vnfcOAch,pjRBTtLk,3205.0
369,0,ryJVAbFB,vnfcOAch,3205.0
369,0,ttVqQknl,ryJVAbFB,3205.0
369,0,aZtqChJJ,ttVqQknl,3205.0
369,0,deapEAbC,aZtqChJJ,3205.0
142,0,wrFiwNtD,aZtqChJJ,2578.0
142,0,deapEAbC,wrFiwNtD,2594.0
1446,0,dHuMOmqh,LDSuadxM,817.0
1446,0,kVCEAUTv,dHuMOmqh,817.0
1446,0,LsuNFzpq,kVCEAUTv,817.0
1446,0,JZbiEaEt,LsuNFzpq,817.0
1446,0,RchOKnYD,JZbiEaEt,817.0
1446,0,BMDeXhVp,RchOKnYD,817.0
1446,0,jQytwadI,BMDeXhVp,817.0
1459,0,BxmxkKGC,RTafItqF,1290.0
1459,0,lfmzBYXb,BxmxkKGC,1290.0
1459,0,TQhrUKrf,lfmzBYXb,1290.0
1459,0,hFISFuCO,TQhrUKrf,1290.0
1459,0,IJrmTLNf,hFISFuCO,1290.0
1459,0,byRkdSCW,IJrmTLNf,1290.0
1459,0,fQRLOpha,byRkdSCW,1290.0
1459,0,PXPVuGmP,fQRLOpha,1290.0
1459,0,JpcivbxC,PXPVuGmP,1290.0
1459,0,IulxyPoH,JpcivbxC,1290.0
1459,0,llFTEWtD,IulxyPoH,1290.0
1459,0,TvvslWVF,llFTEWtD,1290.0
1459,0,SgXyhVwd,TvvslWVF,1180.0
1459,0,fPhIOSOj,SgXyhVwd,1180.0
1459,0,PQDqFTyk,fPhIOSOj,1180.0
1459,0,SOzmnmNW,PQDqFTyk,1180.0
1459,0,OhBAPvsb,SOzmnmNW,1180.0
1459,0,HqehCtdr,OhBAPvsb,1180.0
1459,0,dHuMOmqh,HqehCtdr,1180.0
1459,0,kVCEAUTv,dHuMOmqh,1180.0
1459,0,LsuNFzpq,kVCEAUTv,906.0
1459,0,JZbiEaEt,LsuNFzpq,906.0
1459,0,RchOKnYD,JZbiEaEt,837.0
1459,0,BMDeXhVp,RchOKnYD,837.0
1459,0,jQytwadI,BMDeXhVp,837.0
1395,0,QHFmFyLR,EkWBPXmr,97.0
1395,0,neNWquOh,QHFmFyLR,97.0
1395,0,KwaxxmSs,neNWquOh,97.0
1395,0,gzZgDndk,KwaxxmSs,140.0
1395,0,NQaaFyOm,gzZgDndk,224.0
1395,0,iPNesxKP,NQaaFyOm,225.0
1395,0,lctVuVOk,iPNesxKP,280.0
1395,0,EocVuyzS,lctVuVOk,281.0
1395,0,lwcIkPvE,EocVuyzS,281.0
1395,0,suszCmcx,lwcIkPvE,281.0
1395,0,UTBcifAN,suszCmcx,281.0
1395,0,HQVZivsH,UTBcifAN,425.0
1395,0,DeiIsjyA,HQVZivsH,425.0
1395,0,anWZyaGW,DeiIsjyA,467.0
463,0,oXQrzcje,gHWJyJxY,3653.0
463,0,fyqDJAhS,oXQrzcje,3577.0
725,0,HezLsNFQ,tyeyrnYi,1018.0
464,0,oXQrzcje,gHWJyJxY,2385.0
464,0,fyqDJAhS,oXQrzcje,1821.0
1486,0,qtbZyrFG,AKaXSKPc,227.0
1486,0,ECXJHxuC,qtbZyrFG,227.0
1486,0,mhTYFecR,ECXJHxuC,227.0
804,0,ZeFKXxfu,fNoKcjVu,205.0
804,0,wYWONrrr,ZeFKXxfu,304.0
804,0,jTofnsvB,wYWONrrr,304.0
804,0,elmHqfIN,jTofnsvB,344.0
804,0,YhQOzAWJ,elmHqfIN,344.0
804,0,zUgDRwiy,YhQOzAWJ,650.0
804,0,okaePkJr,zUgDRwiy,840.0
804,0,PgJqeYYy,okaePkJr,840.0
804,0,cQQRUhUD,PgJqeYYy,970.0
804,0,ZpXtMmnA,cQQRUhUD,970.0
804,0,DgJlPOry,ZpXtMmnA,970.0
804,0,inAMLXyk,DgJlPOry,970.0
804,0,AKaXSKPc,inAMLXyk,970.0
804,0,HdtICUKG,AKaXSKPc,999.0
804,0,mhTYFecR,HdtICUKG,999.0
1512,0,XiXLaJEL,OyAyNkqZ,11130.0
1512,0,vyojaKRU,XiXLaJEL,7789.0
1512,0,puwcRgFs,vyojaKRU,8086.0
1512,0,ojqTFFWy,puwcRgFs,4345.0
1512,0,SEVBrkvc,ojqTFFWy,3083.0
1512,0,qPtpgxic,SEVBrkvc,2938.0
1512,0,gGkadTNm,qPtpgxic,1547.0
1512,0,CbcrfuAf,gGkadTNm,1466.0
779,0,lOyAoICg,CbcrfuAf,7646.0
779,0,GpOUDfXM,lOyAoICg,7646.0
779,0,UTnQirag,GpOUDfXM,7345.0
779,0,tkWZZFES,UTnQirag,7345.0
779,0,JKUqFAhf,tkWZZFES,7217.0
47,0,paIawFeA,nIakFMcq,6370.0
47,0,bmUdUOzs,paIawFeA,6437.0
47,0,ojqTFFWy,bmUdUOzs,6914.0
779,0,SEVBrkvc,ojqTFFWy,425.0
779,0,KzCxlBoL,SEVBrkvc,472.0
779,0,qPtpgxic,KzCxlBoL,472.0
779,0,RyPegcUV,qPtpgxic,710.0
779,0,gGkadTNm,RyPegcUV,710.0
779,0,CbcrfuAf,gGkadTNm,908.0
1434,0,FoqpqGcp,QhiYKyAt,3653.0
1434,0,NNeqXfIi,FoqpqGcp,4575.0
1434,0,wbJSAzcX,NNeqXfIi,4576.0
1434,0,wHHoYczm,wbJSAzcX,4628.0
1434,0,JPWycazw,wHHoYczm,4791.0
1434,0,SapgsLPr,JPWycazw,4794.0
1434,0,OyAyNkqZ,SapgsLPr,4929.0
1434,0,XiXLaJEL,OyAyNkqZ,6321.0
1434,0,fzSWURzx,XiXLaJEL,7409.0
1434,0,vyojaKRU,fzSWURzx,7441.0
1434,0,puwcRgFs,vyojaKRU,7489.0
1434,0,zjKsBdNQ,puwcRgFs,7499.0
1434,0,ojqTFFWy,zjKsBdNQ,7499.0
1434,0,RTafItqF,ojqTFFWy,7499.0
1434,0,SEVBrkvc,RTafItqF,10039.0
1434,0,KzCxlBoL,SEVBrkvc,8858.0
1434,0,qPtpgxic,KzCxlBoL,8858.0
1434,0,RyPegcUV,qPtpgxic,5828.0
1434,0,gGkadTNm,RyPegcUV,4809.0
1434,0,CbcrfuAf,gGkadTNm,4581.0
1418,0,JPWycazw,wHHoYczm,5171.0
1418,0,XiXLaJEL,OyAyNkqZ,3907.0
1418,0,fzSWURzx,XiXLaJEL,1003.0
1418,0,vyojaKRU,fzSWURzx,895.0
1418,0,puwcRgFs,vyojaKRU,321.0
1418,0,zjKsBdNQ,puwcRgFs,321.0
1418,0,ojqTFFWy,zjKsBdNQ,321.0
761,0,lUWTaWkd,NnzcSqlk,4206.0
761,0,glrALKnP,lUWTaWkd,4405.0
1682,0,rIWwRQFx,HkgLsGZV,156.0
1682,0,cfakSbWj,rIWwRQFx,156.0
1682,0,oAtDCozl,cfakSbWj,156.0
1682,0,cbQZDOwf,oAtDCozl,164.0
1682,0,lrlWhBjT,cbQZDOwf,164.0
1682,0,KoIahnfw,lrlWhBjT,164.0
1682,0,TVdcjRlg,KoIahnfw,164.0
1682,0,HDoiyQXO,TVdcjRlg,166.0
1682,0,brwCoXzb,HDoiyQXO,170.0
1682,0,LZThInHz,brwCoXzb,170.0
1682,0,whTcIvgZ,LZThInHz,170.0
1682,0,NKGBUaFm,whTcIvgZ,168.0
1682,0,qrkdOgPU,NKGBUaFm,248.0
778,0,OXvlrfnG,iZfXNAue,2014.0
778,0,CgMBzfIg,OXvlrfnG,2151.0
778,0,BCwVkMhO,CgMBzfIg,2151.0
778,0,MpBHVRZl,BCwVkMhO,2151.0
778,0,zEOiVqLB,MpBHVRZl,2151.0
778,0,JvovwZNp,zEOiVqLB,1940.0
778,0,XUTqNKWc,JvovwZNp,1805.0
778,0,sPGYwoyj,XUTqNKWc,1805.0
778,0,OeZVKJdr,sPGYwoyj,1805.0
778,0,lhSIyIfw,OeZVKJdr,1781.0
778,0,cgSMZptb,lhSIyIfw,1781.0
778,0,fdwLSfsa,cgSMZptb,1781.0
778,0,wuAzVrCW,fdwLSfsa,1215.0
778,0,mRKfPREJ,wuAzVrCW,1215.0
778,0,HeRuYpNs,mRKfPREJ,1215.0
778,0,qRJySzaf,HeRuYpNs,1086.0
778,0,LTfflVxG,qRJySzaf,1086.0
780,0,zEOiVqLB,MpBHVRZl,1376.0
780,0,JvovwZNp,zEOiVqLB,2613.0
780,0,XUTqNKWc,JvovwZNp,2613.0
780,0,cgSMZptb,lhSIyIfw,4092.0
780,0,fdwLSfsa,cgSMZptb,4145.0
736,0,LeICPOtv,vjVhbIrq,2439.0
736,0,WhCgdKgR,LeICPOtv,2439.0
736,0,eyUKPfnA,WhCgdKgR,2439.0
736,0,qheIKvdP,bInfxKVp,2132.0
736,0,rBGGtpqI,qheIKvdP,2119.0
736,0,DeWEzUGk,rBGGtpqI,2119.0
736,0,XQiQvefE,DeWEzUGk,2119.0
736,0,OSxOVFcp,XQiQvefE,2119.0
736,0,vjVhbIrq,OSxOVFcp,2119.0
1300,0,XiXLaJEL,OyAyNkqZ,8828.0
1300,0,puwcRgFs,XiXLaJEL,11638.0
1300,0,ojqTFFWy,puwcRgFs,8843.0
1300,0,SEVBrkvc,ojqTFFWy,9772.0
1300,0,KzCxlBoL,SEVBrkvc,9664.0
1300,0,qPtpgxic,KzCxlBoL,9664.0
1300,0,gGkadTNm,qPtpgxic,10167.0
1300,0,CbcrfuAf,gGkadTNm,10007.0
1263,0,XiXLaJEL,OyAyNkqZ,9312.0
1263,0,fzSWURzx,XiXLaJEL,5545.0
1263,0,vyojaKRU,fzSWURzx,5102.0
1263,0,puwcRgFs,vyojaKRU,4342.0
1263,0,zjKsBdNQ,puwcRgFs,1538.0
1263,0,ojqTFFWy,zjKsBdNQ,1536.0
835,0,XiXLaJEL,OyAyNkqZ,5011.0
835,0,GgMfrgKO,XiXLaJEL,3301.0
835,0,tNjBpHdR,GgMfrgKO,2972.0
427,0,sUYaNmKG,mnkgCFDT,1184.0
427,0,ntDOQspU,sUYaNmKG,1184.0
427,0,MlqbsUKu,ntDOQspU,1184.0
427,0,jaCrAUFK,MlqbsUKu,1170.0
427,0,EKYbCcms,jaCrAUFK,1122.0
427,0,OyAyNkqZ,EKYbCcms,926.0
427,0,XiXLaJEL,OyAyNkqZ,926.0
318,0,lOtREfVG,AmahvgQB,1704.0
227,0,eTJQHplR,zAwPDfkg,2.0
204,0,yfzTmEfw,QgwCgjAi,877.0
204,0,mBSaKJib,yfzTmEfw,877.0
204,0,ggaXnTUz,mBSaKJib,869.0
204,0,zJsEFgSs,ggaXnTUz,869.0
204,0,exgtgIgV,zJsEFgSs,882.0
204,0,CvtLjMFW,exgtgIgV,882.0
204,0,vSdfqYeK,CvtLjMFW,877.0
204,0,lOtREfVG,vSdfqYeK,877.0
1275,0,qQrteapK,lqMPnIra,1335.0
1275,0,sZwmfbNt,qQrteapK,1335.0
1275,0,oBjbzljy,sZwmfbNt,1198.0
1275,0,aYSqaQmJ,oBjbzljy,1198.0
1275,0,zgCGmKZn,aYSqaQmJ,1155.0
1275,0,JKFFGKvY,zgCGmKZn,1088.0
1275,0,EVAUYvVR,JKFFGKvY,1088.0
1275,0,GYfZYaJh,EVAUYvVR,1088.0
1275,0,OpgRCgWV,GYfZYaJh,1077.0
1275,0,ntDOQspU,OpgRCgWV,1077.0
1275,0,MlqbsUKu,ntDOQspU,1077.0
1275,0,jaCrAUFK,MlqbsUKu,1076.0
1275,0,EKYbCcms,jaCrAUFK,1074.0
1275,0,OyAyNkqZ,EKYbCcms,1074.0
1275,0,XiXLaJEL,OyAyNkqZ,1074.0
804,0,NXLrCKMp,xiTGCYEl,150.0
804,0,FyoAuDvn,NXLrCKMp,150.0
804,0,GpnhEWuy,FyoAuDvn,162.0
804,0,fNoKcjVu,GpnhEWuy,162.0
804,0,jPdkntFF,mhTYFecR,1277.0
1606,0,ZHlwRpuy,XXnkNquo,29.0
1606,0,kOgbwYhI,ZHlwRpuy,29.0
1606,0,LXShvwrY,kOgbwYhI,29.0
1606,0,TvvslWVF,LXShvwrY,29.0
1606,0,SgXyhVwd,TvvslWVF,17.0
1606,0,fPhIOSOj,SgXyhVwd,17.0
1606,0,PQDqFTyk,fPhIOSOj,17.0
1606,0,SOzmnmNW,PQDqFTyk,17.0
1606,0,OhBAPvsb,SOzmnmNW,17.0
1606,0,dEaSAGSX,OhBAPvsb,15.0
1607,0,qtwbUNdN,afEeEQRA,106.0
1607,0,sLhwHcwM,qtwbUNdN,106.0
1607,0,gcDZQasu,sLhwHcwM,106.0
1607,0,WrRzSDVz,gcDZQasu,106.0
1607,0,FGqBFXAc,WrRzSDVz,106.0
1607,0,gCZfLTyw,FGqBFXAc,106.0
1607,0,JbEMfubM,gCZfLTyw,106.0
1607,0,aImltWBw,JbEMfubM,106.0
1607,0,lUWTaWkd,RZCadHVt,18.0
1607,0,hApOmpAO,lUWTaWkd,18.0
1607,0,glrALKnP,hApOmpAO,18.0
1607,0,qehlKNkR,glrALKnP,18.0
1607,0,ZFFevgPB,qehlKNkR,18.0
1607,0,YBasMniA,ZFFevgPB,18.0
1607,0,FgFNxkEY,YBasMniA,18.0
1607,0,YFmNKhTV,FgFNxkEY,18.0
1607,0,WtbGlmGs,YFmNKhTV,18.0
1607,0,afEeEQRA,WtbGlmGs,18.0
1083,0,vyojaKRU,eaNsVWDR,902.0
1607,0,RZCadHVt,ERlrnknW,15.0
564,0,lUWTaWkd,RZCadHVt,180.0
564,0,hApOmpAO,lUWTaWkd,353.0
564,0,glrALKnP,hApOmpAO,353.0
564,0,FHApcaDQ,glrALKnP,870.0
1330,0,lUWTaWkd,vCxCuCVD,564.0
796,0,lUWTaWkd,RZCadHVt,265.0
796,0,glrALKnP,lUWTaWkd,265.0
1452,0,lUWTaWkd,mhTYFecR,6466.0
804,0,gQTRJpmv,jPdkntFF,1276.0
1748,0,NnzcSqlk,vCxCuCVD,445.0
1748,0,qehlKNkR,NnzcSqlk,464.0
1748,0,ZFFevgPB,qehlKNkR,464.0
1452,0,hApOmpAO,lUWTaWkd,6456.0
1452,0,qehlKNkR,hApOmpAO,6456.0
1452,0,ZFFevgPB,qehlKNkR,6456.0
1452,0,YBasMniA,ZFFevgPB,6456.0
1452,0,sZNeRfOC,YBasMniA,6782.0
1452,0,HajxumVd,sZNeRfOC,6782.0
564,0,gKNaWgzA,ngHHCDQb,520.0
564,0,mTKelVZs,gKNaWgzA,520.0
564,0,xjlhzjUh,mTKelVZs,517.0
564,0,fGCuvnjJ,xjlhzjUh,733.0
564,0,CsZszdUY,fGCuvnjJ,733.0
564,0,OqBnJDkE,CsZszdUY,733.0
564,0,ajCBPuBp,OqBnJDkE,733.0
549,0,oUbtCHRB,jwtMzuEb,7.0
549,0,kSklWvZO,oUbtCHRB,7.0
549,0,wVKhsyCZ,kSklWvZO,7.0
549,0,oZJRchiN,wVKhsyCZ,7.0
549,0,xmGwLlME,oZJRchiN,7.0
549,0,KcBICYpI,xmGwLlME,7.0
549,0,XQiQvefE,KcBICYpI,7.0
549,0,eyUKPfnA,XQiQvefE,7.0
549,0,ZgqhsueA,eyUKPfnA,7.0
549,0,YvwuVYMF,ZgqhsueA,7.0
549,0,FZsFzszJ,YvwuVYMF,7.0
549,0,ALhaazBT,FZsFzszJ,7.0
549,0,ejMjPdTH,ALhaazBT,7.0
80,0,sAYtjSkX,yGnjFAhM,3142.0
779,0,qKwvXMmm,uxBjVsKf,1378.0
779,0,BNQPEsdW,qKwvXMmm,1378.0
779,0,beniIHzL,BNQPEsdW,1378.0
835,0,FGqBFXAc,tNjBpHdR,105.0
1702,0,ALndweLA,BYibysYA,775.0
1452,0,tyrVGRMU,HajxumVd,6764.0
796,0,qehlKNkR,glrALKnP,223.0
796,0,sZNeRfOC,qehlKNkR,223.0
796,0,HajxumVd,sZNeRfOC,223.0
1486,0,qehlKNkR,mhTYFecR,56.0
1486,0,ZFFevgPB,qehlKNkR,56.0
1486,0,sZNeRfOC,ZFFevgPB,56.0
1486,0,HajxumVd,sZNeRfOC,56.0
1748,0,sZNeRfOC,ZFFevgPB,402.0
1748,0,HajxumVd,sZNeRfOC,402.0
1440,0,lUWTaWkd,RZCadHVt,92.0
1440,0,hApOmpAO,lUWTaWkd,92.0
1440,0,qehlKNkR,hApOmpAO,92.0
1440,0,ZFFevgPB,qehlKNkR,92.0
1440,0,sZNeRfOC,ZFFevgPB,92.0
1440,0,HajxumVd,sZNeRfOC,92.0
1462,0,hApOmpAO,lUWTaWkd,106.0
1462,0,qehlKNkR,hApOmpAO,106.0
1462,0,ZFFevgPB,qehlKNkR,106.0
1462,0,YBasMniA,ZFFevgPB,106.0
1462,0,sZNeRfOC,YBasMniA,106.0
1462,0,HajxumVd,sZNeRfOC,106.0
804,0,BGrlRyyC,gQTRJpmv,696.0
564,0,rydzAjNc,FHApcaDQ,365.0
564,0,cekWZWmD,rydzAjNc,365.0
564,0,ngHHCDQb,cekWZWmD,365.0
142,0,nunLDRbE,deapEAbC,1036.0
142,0,oRUBDfuD,nunLDRbE,1036.0
142,0,qQJgvOFz,oRUBDfuD,1036.0
142,0,qVPPKIYf,qQJgvOFz,941.0
142,0,zvByLoIK,qVPPKIYf,906.0
804,0,WLRLSlmn,BGrlRyyC,666.0
75,0,EWgolfjF,HGpTnntY,1131.0
75,0,TzZKgVDl,EWgolfjF,866.0
796,0,LhQSpAzy,HajxumVd,32.0
796,0,pwpCkicC,LhQSpAzy,32.0
1440,0,LhQSpAzy,HajxumVd,82.0
1440,0,pwpCkicC,LhQSpAzy,82.0
564,0,LhQSpAzy,ajCBPuBp,635.0
564,0,pwpCkicC,LhQSpAzy,635.0
1452,0,LhQSpAzy,tyrVGRMU,6773.0
1452,0,pwpCkicC,LhQSpAzy,6773.0
562,0,TEuwlied,dqlcNUVh,31.0
804,0,gDjMHgkU,WLRLSlmn,640.0
74,0,DksUClXl,oAtDCozl,168.0
74,0,CJfGjHZT,DksUClXl,168.0
74,0,oAltlCRB,CJfGjHZT,168.0
74,0,FfkqCuZM,oAltlCRB,168.0
74,0,okgTpqCg,FfkqCuZM,168.0
74,0,IKzXRYHu,okgTpqCg,168.0
74,0,adAJVrkD,IKzXRYHu,168.0
74,0,TbPzKyew,adAJVrkD,169.0
74,0,SXdGhQsI,TbPzKyew,169.0
74,0,gDjMHgkU,SXdGhQsI,169.0
37,0,nunLDRbE,deapEAbC,559.0
37,0,oRUBDfuD,nunLDRbE,559.0
37,0,qQJgvOFz,oRUBDfuD,559.0
37,0,qVPPKIYf,qQJgvOFz,559.0
37,0,osIslFBH,qVPPKIYf,517.0
565,0,BxmxkKGC,ojqTFFWy,289.0
565,0,lfmzBYXb,BxmxkKGC,421.0
565,0,TQhrUKrf,lfmzBYXb,421.0
565,0,hFISFuCO,TQhrUKrf,421.0
565,0,IJrmTLNf,hFISFuCO,421.0
565,0,byRkdSCW,IJrmTLNf,421.0
565,0,fQRLOpha,byRkdSCW,421.0
565,0,PXPVuGmP,fQRLOpha,461.0
565,0,ykEzhWPm,PXPVuGmP,461.0
565,0,vcCubJJz,ykEzhWPm,561.0
565,0,CJfGjHZT,vcCubJJz,561.0
565,0,oAltlCRB,CJfGjHZT,561.0
565,0,FfkqCuZM,oAltlCRB,561.0
1461,0,BxmxkKGC,RTafItqF,32.0
1461,0,TQhrUKrf,BxmxkKGC,32.0
1461,0,hFISFuCO,TQhrUKrf,32.0
1461,0,IJrmTLNf,hFISFuCO,32.0
1461,0,byRkdSCW,IJrmTLNf,32.0
1461,0,fQRLOpha,byRkdSCW,32.0
1461,0,PXPVuGmP,fQRLOpha,32.0
1461,0,JpcivbxC,PXPVuGmP,32.0
1461,0,IulxyPoH,JpcivbxC,32.0
1461,0,llFTEWtD,IulxyPoH,32.0
1461,0,TvvslWVF,llFTEWtD,32.0
1461,0,SgXyhVwd,TvvslWVF,32.0
1461,0,fPhIOSOj,SgXyhVwd,32.0
1461,0,SOzmnmNW,fPhIOSOj,32.0
1461,0,OhBAPvsb,SOzmnmNW,32.0
1461,0,fgmiKawi,OhBAPvsb,32.0
1461,0,kVCEAUTv,fgmiKawi,32.0
1461,0,LsuNFzpq,kVCEAUTv,32.0
1461,0,aJJPOUlY,LsuNFzpq,32.0
1461,0,MMyysWzk,aJJPOUlY,32.0
1461,0,LrboGrTs,MMyysWzk,32.0
1461,0,HYTJJriR,LrboGrTs,32.0
1461,0,fjkEEKNz,HYTJJriR,32.0
1461,0,vqmUkLVA,fjkEEKNz,32.0
80,0,yhYCDbZJ,sAYtjSkX,2784.0
80,0,ebBIwNsf,yhYCDbZJ,2784.0
992,0,nunLDRbE,deapEAbC,8055.0
992,0,oRUBDfuD,nunLDRbE,8055.0
992,0,qQJgvOFz,oRUBDfuD,8055.0
992,0,kbNsckqG,qQJgvOFz,8072.0
561,0,BxmxkKGC,ojqTFFWy,1474.0
561,0,lfmzBYXb,BxmxkKGC,1629.0
561,0,TQhrUKrf,lfmzBYXb,1629.0
804,0,rpBBoUBR,gDjMHgkU,341.0
804,0,WwOeNuda,rpBBoUBR,341.0
804,0,KFegxKuC,WwOeNuda,341.0
804,0,aVjeFnZb,KFegxKuC,341.0
804,0,fvPlIFug,aVjeFnZb,341.0
75,0,zzxlwhdI,wssOAckJ,6.0
75,0,HGpTnntY,zzxlwhdI,192.0
561,0,rIWwRQFx,HkgLsGZV,1826.0
561,0,cfakSbWj,rIWwRQFx,1826.0
561,0,oAtDCozl,cfakSbWj,1826.0
561,0,hFISFuCO,TQhrUKrf,1628.0
561,0,IJrmTLNf,hFISFuCO,1628.0
561,0,byRkdSCW,IJrmTLNf,1628.0
561,0,HkgLsGZV,byRkdSCW,1628.0
992,0,VHmQaoRO,kbNsckqG,8062.0
369,0,nunLDRbE,deapEAbC,2971.0
369,0,oRUBDfuD,nunLDRbE,2971.0
369,0,qQJgvOFz,oRUBDfuD,2971.0
369,0,kbNsckqG,qQJgvOFz,2971.0
369,0,VHmQaoRO,kbNsckqG,2971.0
71,0,ZYCVVmjG,YKGBeVKa,1520.0
779,0,NTCwKKsF,JKUqFAhf,5573.0
779,0,xnXFAboh,NTCwKKsF,5573.0
80,0,SdEWNrvb,ImuPiggn,2109.0
80,0,ZIvIwqTW,SdEWNrvb,2109.0
80,0,beniIHzL,ZIvIwqTW,91.0
780,0,JMPYaKbU,IGRxApsM,1446.0
780,0,yGpawgaV,JMPYaKbU,1462.0
567,0,rIWwRQFx,HkgLsGZV,24.0
567,0,cfakSbWj,rIWwRQFx,24.0
567,0,oAtDCozl,cfakSbWj,24.0
567,0,cbQZDOwf,oAtDCozl,24.0
567,0,lrlWhBjT,cbQZDOwf,24.0
567,0,KoIahnfw,lrlWhBjT,26.0
567,0,seSDLBYx,KoIahnfw,26.0
567,0,aBkDdFJm,seSDLBYx,26.0
567,0,UKIbRYBp,aBkDdFJm,26.0
567,0,wdXbjior,UKIbRYBp,26.0
567,0,rkDXPoao,wdXbjior,26.0
567,0,VMeHkHot,rkDXPoao,26.0
567,0,hpqGMkEd,VMeHkHot,26.0
567,0,ugwdZZUk,hpqGMkEd,26.0
1557,0,ugwdZZUk,ArfZenbk,2533.0
1557,0,GpnhEWuy,FyoAuDvn,588.0
1557,0,fNoKcjVu,GpnhEWuy,591.0
1557,0,ZeFKXxfu,fNoKcjVu,721.0
1557,0,wYWONrrr,ZeFKXxfu,746.0
1557,0,jTofnsvB,wYWONrrr,746.0
1557,0,YhQOzAWJ,jTofnsvB,1525.0
1557,0,mexFgKBp,YhQOzAWJ,1528.0
1557,0,okaePkJr,mexFgKBp,1706.0
1557,0,PgJqeYYy,okaePkJr,1965.0
1557,0,cQQRUhUD,PgJqeYYy,1991.0
1557,0,ZpXtMmnA,cQQRUhUD,1991.0
1557,0,inAMLXyk,ZpXtMmnA,2304.0
1557,0,nTEapSQO,inAMLXyk,2304.0
1557,0,AKaXSKPc,nTEapSQO,2304.0
1557,0,HdtICUKG,AKaXSKPc,2311.0
1557,0,qtbZyrFG,HdtICUKG,2311.0
1557,0,ECXJHxuC,qtbZyrFG,2311.0
1557,0,mhTYFecR,ECXJHxuC,2311.0
1557,0,ODVCvUnB,mhTYFecR,2465.0
1557,0,jPdkntFF,ODVCvUnB,2465.0
1557,0,gQTRJpmv,jPdkntFF,2465.0
1557,0,WLRLSlmn,gQTRJpmv,2476.0
1557,0,ArfZenbk,WLRLSlmn,2479.0
567,0,lfmzBYXb,BxmxkKGC,14.0
567,0,TQhrUKrf,lfmzBYXb,23.0
567,0,hFISFuCO,TQhrUKrf,23.0
567,0,IJrmTLNf,hFISFuCO,23.0
567,0,byRkdSCW,IJrmTLNf,23.0
567,0,HkgLsGZV,byRkdSCW,23.0
567,0,BxmxkKGC,ojqTFFWy,8.0
1557,0,yNIUaSyZ,cNuIRYrx,378.0
1557,0,xiTGCYEl,yNIUaSyZ,378.0
1557,0,NXLrCKMp,xiTGCYEl,448.0
1557,0,FyoAuDvn,NXLrCKMp,448.0
129,0,WdOwNGhj,xfbmoJHP,230.0
129,0,kKKRBhFF,WdOwNGhj,228.0
129,0,NFInfBeu,kKKRBhFF,228.0
129,0,VCQdmIoF,NFInfBeu,228.0
129,0,ePrpofUw,VCQdmIoF,228.0
129,0,KcvPUxQg,ePrpofUw,228.0
129,0,BlnSxBAr,KcvPUxQg,228.0
129,0,TCBUGaZf,BlnSxBAr,228.0
129,0,pzcCDVmZ,TCBUGaZf,228.0
129,0,oUmVLfUX,pzcCDVmZ,228.0
129,0,fJdABIlw,oUmVLfUX,228.0
129,0,mXwfazRz,fJdABIlw,228.0
129,0,NGAodVTg,mXwfazRz,228.0
129,0,TvGyfQSI,NGAodVTg,228.0
129,0,HFYkXdPG,TvGyfQSI,228.0
129,0,KjgVoxgR,HFYkXdPG,228.0
129,0,xTOrUJFO,KjgVoxgR,223.0
129,0,EmkugZPX,xTOrUJFO,223.0
129,0,lmZJehpq,EmkugZPX,223.0
129,0,tDDddUJb,lmZJehpq,220.0
913,0,WdOwNGhj,xfbmoJHP,12.0
913,0,kKKRBhFF,WdOwNGhj,10.0
913,0,NFInfBeu,kKKRBhFF,10.0
913,0,VCQdmIoF,NFInfBeu,10.0
913,0,ePrpofUw,VCQdmIoF,10.0
913,0,KcvPUxQg,ePrpofUw,10.0
913,0,BlnSxBAr,KcvPUxQg,10.0
913,0,TCBUGaZf,BlnSxBAr,10.0
567,0,oTJYLjwC,ugwdZZUk,19.0
1183,0,ABBXwUbo,wuDdaesk,126.0
1175,0,QEnOoljA,pYAYKpHc,1201.0
1175,0,aLyOqIFS,QEnOoljA,1077.0
1175,0,UmISPPJO,aLyOqIFS,1027.0
1175,0,VPUbGzfh,UmISPPJO,1027.0
1175,0,MVExtcyL,VPUbGzfh,1027.0
1175,0,bciZjPUu,MVExtcyL,1027.0
1175,0,ogOCBKAf,bciZjPUu,967.0
1205,0,bHagonKv,uGkwFELU,13.0
1205,0,Vlipnutt,bHagonKv,7.0
1205,0,XiLvnZTk,Vlipnutt,7.0
1205,0,FStgRiBS,XiLvnZTk,7.0
1205,0,GkYZbgqg,FStgRiBS,7.0
1205,0,FlYjxOxQ,GkYZbgqg,7.0
1205,0,wFSILCzc,FlYjxOxQ,7.0
1205,0,yQQuLFAg,wFSILCzc,7.0
1205,0,rUKSlFeh,yQQuLFAg,7.0
1205,0,rckblBTM,rUKSlFeh,7.0
1205,0,gKoyUmab,rckblBTM,7.0
1205,0,fGmFhgnx,gKoyUmab,7.0
1205,0,XyHfgUxW,fGmFhgnx,7.0
1205,0,zjjLSYAp,XyHfgUxW,7.0
1205,0,nIakFMcq,zjjLSYAp,7.0
1174,0,aLyOqIFS,QEnOoljA,1236.0
1174,0,UmISPPJO,aLyOqIFS,1236.0
1174,0,VPUbGzfh,UmISPPJO,1343.0
1174,0,MVExtcyL,VPUbGzfh,1343.0
157,0,aLyOqIFS,QEnOoljA,47.0
157,0,UmISPPJO,aLyOqIFS,47.0
157,0,VPUbGzfh,UmISPPJO,47.0
157,0,MVExtcyL,VPUbGzfh,47.0
157,0,bciZjPUu,MVExtcyL,47.0
157,0,ogOCBKAf,bciZjPUu,16.0
157,0,PhjcDdmq,ogOCBKAf,3.0
157,0,bHagonKv,PhjcDdmq,3.0
157,0,Vlipnutt,bHagonKv,3.0
157,0,CcjcuryA,Vlipnutt,3.0
157,0,FStgRiBS,CcjcuryA,3.0
157,0,GkYZbgqg,FStgRiBS,3.0
157,0,FlYjxOxQ,GkYZbgqg,3.0
157,0,wFSILCzc,FlYjxOxQ,3.0
157,0,yQQuLFAg,wFSILCzc,3.0
157,0,rUKSlFeh,yQQuLFAg,3.0
157,0,rckblBTM,rUKSlFeh,3.0
157,0,gKoyUmab,rckblBTM,3.0
157,0,fGmFhgnx,gKoyUmab,3.0
157,0,XyHfgUxW,fGmFhgnx,3.0
157,0,zjjLSYAp,XyHfgUxW,3.0
157,0,wrsPDGBQ,zjjLSYAp,3.0
1168,0,XBBRJpEo,iqwUvhKg,40.0
1168,0,yfDSCLNC,XBBRJpEo,37.0
1168,0,eUWmFhmU,yfDSCLNC,37.0
1168,0,PaIXMFSn,eUWmFhmU,37.0
1168,0,xWjNpCho,PaIXMFSn,37.0
1168,0,drCNaUUd,xWjNpCho,33.0
1168,0,GiLGTLpB,drCNaUUd,33.0
1168,0,uCrZVfKw,GiLGTLpB,33.0
1168,0,ibPVFfKv,uCrZVfKw,29.0
1168,0,MokitPrF,ibPVFfKv,29.0
1168,0,WWVpYMJI,MokitPrF,29.0
1168,0,UmISPPJO,WWVpYMJI,28.0
1168,0,VPUbGzfh,UmISPPJO,28.0
1168,0,MVExtcyL,VPUbGzfh,28.0
1168,0,bciZjPUu,MVExtcyL,28.0
1168,0,ogOCBKAf,bciZjPUu,28.0
1171,0,aLyOqIFS,QEnOoljA,143.0
1171,0,UmISPPJO,aLyOqIFS,143.0
1171,0,VPUbGzfh,UmISPPJO,143.0
1171,0,MVExtcyL,VPUbGzfh,143.0
1171,0,bciZjPUu,MVExtcyL,143.0
1171,0,ogOCBKAf,bciZjPUu,141.0
561,0,cbQZDOwf,oAtDCozl,1705.0
561,0,lrlWhBjT,cbQZDOwf,1705.0
427,0,vyojaKRU,XiXLaJEL,864.0
427,0,puwcRgFs,vyojaKRU,837.0
427,0,ojqTFFWy,puwcRgFs,650.0
566,0,LjfvDYFE,IANlmbvg,2.0
566,0,VEafRBFt,LjfvDYFE,4.0
566,0,EPhoDTHz,VEafRBFt,4.0
566,0,WGPbPoOh,EPhoDTHz,4.0
566,0,avbDVyxh,WGPbPoOh,2.0
566,0,gzkuviLm,avbDVyxh,2.0
566,0,CkzMckPC,gzkuviLm,2.0
566,0,WywmvGMH,CkzMckPC,2.0
566,0,AesbwnPs,WywmvGMH,2.0
566,0,hzAARBgX,AesbwnPs,2.0
50,0,bmUdUOzs,VTHwomVj,1460.0
1748,0,LhQSpAzy,HajxumVd,345.0
1748,0,pwpCkicC,LhQSpAzy,345.0
1612,0,cpfNtAtG,RwPflEyQ,70.0
1612,0,hfvWjeWi,cpfNtAtG,70.0
1612,0,ffCPclBp,hfvWjeWi,70.0
1612,0,aIYUUJGk,ffCPclBp,70.0
1612,0,XNgGrRZp,aIYUUJGk,70.0
1612,0,nbddTMrG,XNgGrRZp,46.0
1612,0,wwRbiLuR,nbddTMrG,46.0
1612,0,zjuQPxhV,wwRbiLuR,46.0
1612,0,GjtgPBZH,zjuQPxhV,46.0
1612,0,AyRaCeuc,GjtgPBZH,46.0
1612,0,tYBUyXXf,AyRaCeuc,46.0
564,0,jJVVpGMf,pwpCkicC,612.0
564,0,tcYerYbk,jJVVpGMf,612.0
564,0,pPKqPUVW,tcYerYbk,612.0
564,0,iYTiOTOT,pPKqPUVW,612.0
564,0,dLtneiKf,iYTiOTOT,612.0
1652,0,tojmCcQB,tUdYLqkf,11.0
1652,0,jwBQsumG,tojmCcQB,11.0
1652,0,FtVXEmao,jwBQsumG,11.0
1652,0,LyncnjMw,FtVXEmao,11.0
1652,0,FoxIDeQY,LyncnjMw,11.0
401,0,MFfExqBx,bYNwHuWo,1412.0
401,0,qWvzRbGV,MFfExqBx,1348.0
401,0,PRzaSxQc,qWvzRbGV,1348.0
401,0,bfKiOFsS,PRzaSxQc,1348.0
401,0,eGbCulMV,bfKiOFsS,1348.0
401,0,CRVKBFrv,eGbCulMV,1348.0
1557,0,zjSZrmjo,ugwdZZUk,2010.0
567,0,zjSZrmjo,oTJYLjwC,7.0
178,0,oUmVLfUX,WKWTpoqQ,232.0
178,0,fJdABIlw,oUmVLfUX,232.0
178,0,mXwfazRz,fJdABIlw,182.0
178,0,NGAodVTg,mXwfazRz,155.0
178,0,TvGyfQSI,NGAodVTg,155.0
178,0,HFYkXdPG,TvGyfQSI,155.0
178,0,KjgVoxgR,HFYkXdPG,145.0
178,0,xTOrUJFO,KjgVoxgR,123.0
178,0,EmkugZPX,xTOrUJFO,123.0
178,0,lmZJehpq,EmkugZPX,120.0
178,0,tDDddUJb,lmZJehpq,120.0
80,0,BzJNmTUM,ebBIwNsf,2621.0
80,0,qLEwgwyN,BzJNmTUM,2621.0
80,0,WDOOnJlC,qLEwgwyN,2621.0
561,0,KoIahnfw,lrlWhBjT,615.0
561,0,seSDLBYx,KoIahnfw,587.0
561,0,aBkDdFJm,seSDLBYx,580.0
561,0,UKIbRYBp,aBkDdFJm,580.0
561,0,wdXbjior,UKIbRYBp,580.0
561,0,rkDXPoao,wdXbjior,580.0
1557,0,sUKTegUv,zjSZrmjo,1822.0
1557,0,ITgXIjdb,sUKTegUv,1822.0
1557,0,HnrldKFZ,ITgXIjdb,1822.0
1557,0,WkuKuFdE,HnrldKFZ,1708.0
1557,0,NsNpZaFg,WkuKuFdE,1708.0
1557,0,oyvIGXLL,NsNpZaFg,1658.0
1557,0,aDfjbwoX,oyvIGXLL,1628.0
1088,0,XgkALHoJ,RUSqbQft,694.0
1088,0,CLiKvSHW,XgkALHoJ,694.0
1088,0,ZnVCCcBH,CLiKvSHW,694.0
1088,0,OIitzYwb,ZnVCCcBH,694.0
1088,0,pACYXwGf,OIitzYwb,696.0
1088,0,VYHZxBYO,pACYXwGf,696.0
1093,0,JOgPNDzu,VYHZxBYO,535.0
1093,0,KCAssTym,JOgPNDzu,548.0
1093,0,WhdKokFf,KCAssTym,681.0
1093,0,QhscbmPA,WhdKokFf,681.0
1093,0,YVvBKwgW,QhscbmPA,599.0
1093,0,CcDOWlNm,YVvBKwgW,565.0
1093,0,yfjUYWEe,CcDOWlNm,565.0
1093,0,LIgtsZTQ,yfjUYWEe,948.0
1093,0,OLfrsrRj,LIgtsZTQ,914.0
1093,0,nvtqczOj,OLfrsrRj,914.0
1093,0,FdzHSswJ,nvtqczOj,599.0
1093,0,qmRscxuH,FdzHSswJ,572.0
951,0,YGbVmztp,OWTXMrGR,1356.0
951,0,oHyqEJfk,YGbVmztp,1356.0
951,0,bfpcjsiF,oHyqEJfk,1356.0
951,0,CbcrfuAf,bfpcjsiF,1281.0
992,0,MlXQVZuf,VHmQaoRO,6678.0
992,0,QxkHLGuk,MlXQVZuf,6678.0
369,0,MlXQVZuf,VHmQaoRO,2613.0
369,0,QxkHLGuk,MlXQVZuf,2613.0
71,0,tNQgpOjd,fvPlIFug,113.0
71,0,jbVnaCku,tNQgpOjd,113.0
71,0,RmfxCtxh,jbVnaCku,113.0
71,0,bJQxNaqG,RmfxCtxh,113.0
71,0,JZfQfeRA,bJQxNaqG,113.0
71,0,YKGBeVKa,JZfQfeRA,113.0
1591,0,ciAbSxQX,TEKQTTfp,93.0
1591,0,ZIPCqImv,ciAbSxQX,77.0
1591,0,aWNaUdzp,ZIPCqImv,77.0
1591,0,FCsbIOBe,aWNaUdzp,55.0
1591,0,wyEQXfIU,FCsbIOBe,55.0
1591,0,gGjwcdJB,wyEQXfIU,55.0
1085,0,zjKsBdNQ,puwcRgFs,14222.0
1085,0,ojqTFFWy,zjKsBdNQ,14222.0
71,0,qcBmUtcB,HqehCtdr,47.0
71,0,ODVCvUnB,qcBmUtcB,87.0
71,0,jPdkntFF,ODVCvUnB,87.0
71,0,gQTRJpmv,jPdkntFF,89.0
71,0,gRoGYEAJ,gQTRJpmv,93.0
71,0,BGrlRyyC,gRoGYEAJ,93.0
71,0,SXdGhQsI,BGrlRyyC,99.0
71,0,gDjMHgkU,SXdGhQsI,99.0
71,0,rpBBoUBR,gDjMHgkU,99.0
71,0,WwOeNuda,rpBBoUBR,99.0
71,0,KFegxKuC,WwOeNuda,99.0
71,0,aVjeFnZb,KFegxKuC,99.0
71,0,fvPlIFug,aVjeFnZb,99.0
71,0,llFTEWtD,IulxyPoH,4.0
71,0,TvvslWVF,llFTEWtD,4.0
71,0,SgXyhVwd,TvvslWVF,16.0
71,0,fPhIOSOj,SgXyhVwd,16.0
71,0,PQDqFTyk,fPhIOSOj,16.0
71,0,SOzmnmNW,PQDqFTyk,16.0
71,0,OhBAPvsb,SOzmnmNW,16.0
71,0,HqehCtdr,OhBAPvsb,38.0
74,0,BxmxkKGC,ojqTFFWy,163.0
74,0,lfmzBYXb,BxmxkKGC,163.0
74,0,TQhrUKrf,lfmzBYXb,163.0
74,0,hFISFuCO,TQhrUKrf,163.0
74,0,IJrmTLNf,hFISFuCO,163.0
74,0,byRkdSCW,IJrmTLNf,163.0
74,0,HkgLsGZV,byRkdSCW,163.0
74,0,rIWwRQFx,HkgLsGZV,165.0
74,0,cfakSbWj,rIWwRQFx,165.0
74,0,oAtDCozl,cfakSbWj,165.0
74,0,rpBBoUBR,gDjMHgkU,167.0
74,0,WwOeNuda,rpBBoUBR,167.0
74,0,KFegxKuC,WwOeNuda,167.0
74,0,aVjeFnZb,KFegxKuC,167.0
74,0,fvPlIFug,aVjeFnZb,167.0
74,0,tNQgpOjd,fvPlIFug,167.0
74,0,jbVnaCku,tNQgpOjd,167.0
74,0,RmfxCtxh,jbVnaCku,167.0
74,0,bJQxNaqG,RmfxCtxh,167.0
74,0,JZfQfeRA,bJQxNaqG,167.0
74,0,YKGBeVKa,JZfQfeRA,167.0
74,0,ZYCVVmjG,YKGBeVKa,157.0
563,0,EZxvwLQu,nuxwLmjk,15.0
563,0,xnXFAboh,EZxvwLQu,6.0
1557,0,bZroqIhX,eTJQHplR,65.0
1557,0,cNuIRYrx,bZroqIhX,65.0
1178,0,upMsEWKk,IMTItMKU,5485.0
1178,0,KCqeuCwW,upMsEWKk,5485.0
1178,0,xyBTaHvp,KCqeuCwW,5485.0
1178,0,izUAPpdi,xyBTaHvp,5617.0
1178,0,FVYwGhLu,izUAPpdi,5617.0
1178,0,cNWTidvb,FVYwGhLu,5560.0
1554,0,zTCljsJK,LWArqXfR,591.0
1554,0,kezsyYDB,zTCljsJK,591.0
1554,0,fyzkVZoU,kezsyYDB,591.0
1554,0,ashRAirR,fyzkVZoU,591.0
1554,0,omUHRQFc,ashRAirR,591.0
1554,0,pHFwnWxB,omUHRQFc,591.0
1554,0,EPQxNUoM,pHFwnWxB,591.0
1695,0,BGChynOq,JLvNOQnl,220.0
1695,0,ffHVhHJj,BGChynOq,359.0
1695,0,itmFNPnQ,ffHVhHJj,359.0
1695,0,mEEGNlDG,itmFNPnQ,359.0
1695,0,jVOVHrFU,mEEGNlDG,359.0
1695,0,qeXIqBgp,jVOVHrFU,359.0
1695,0,gmsNDepi,qeXIqBgp,359.0
1695,0,jFRqfnFl,gmsNDepi,332.0
943,0,jEVQeNyS,OZSLHXCc,25.0
943,0,HeRuYpNs,jEVQeNyS,22.0
943,0,qRJySzaf,HeRuYpNs,14.0
943,0,LTfflVxG,qRJySzaf,14.0
943,0,AhWKwjTz,LTfflVxG,12.0
943,0,VEiYdotb,AhWKwjTz,12.0
943,0,DgYBMgPg,VEiYdotb,12.0
943,0,yjQwxGED,DgYBMgPg,5.0
943,0,KPcRWbGT,yjQwxGED,5.0
943,0,uGRyXcfW,KPcRWbGT,5.0
943,0,HlhFjJtZ,uGRyXcfW,5.0
943,0,ALhaazBT,HlhFjJtZ,5.0
943,0,YqlTLIQa,ALhaazBT,5.0
943,0,AUmOMGnp,YqlTLIQa,5.0
943,0,XFPAZveS,AUmOMGnp,4.0
943,0,ojqTFFWy,XFPAZveS,1.0
563,0,rIWwRQFx,HkgLsGZV,163.0
563,0,cfakSbWj,rIWwRQFx,163.0
563,0,oAtDCozl,cfakSbWj,163.0
563,0,cbQZDOwf,oAtDCozl,163.0
563,0,lrlWhBjT,cbQZDOwf,163.0
563,0,KoIahnfw,lrlWhBjT,163.0
563,0,seSDLBYx,KoIahnfw,163.0
563,0,aBkDdFJm,seSDLBYx,163.0
563,0,UKIbRYBp,aBkDdFJm,163.0
563,0,IgyjIxcD,UKIbRYBp,163.0
563,0,fdjgUDEy,IgyjIxcD,163.0
562,0,dqlcNUVh,HeRuYpNs,28.0
563,0,BxmxkKGC,ojqTFFWy,149.0
563,0,lfmzBYXb,BxmxkKGC,149.0
563,0,TQhrUKrf,lfmzBYXb,149.0
563,0,hFISFuCO,TQhrUKrf,149.0
563,0,IJrmTLNf,hFISFuCO,149.0
563,0,byRkdSCW,IJrmTLNf,149.0
563,0,HkgLsGZV,byRkdSCW,149.0
80,0,EjMZgDJt,WDOOnJlC,2278.0
80,0,BDSRgQTg,EjMZgDJt,2278.0
992,0,oLzlCKof,QxkHLGuk,3933.0
1178,0,UckYThSh,eTPMYwkC,5401.0
1178,0,IMTItMKU,UckYThSh,5401.0
369,0,oLzlCKof,QxkHLGuk,2521.0
71,0,sxnLITXs,dEwNKLNy,569.0
71,0,oLzlCKof,sxnLITXs,542.0
1553,0,GpnhEWuy,FyoAuDvn,167.0
1553,0,fNoKcjVu,GpnhEWuy,167.0
1553,0,ZeFKXxfu,fNoKcjVu,316.0
1553,0,wYWONrrr,ZeFKXxfu,316.0
1553,0,jTofnsvB,wYWONrrr,316.0
1553,0,elmHqfIN,jTofnsvB,344.0
1553,0,YhQOzAWJ,elmHqfIN,344.0
1553,0,zUgDRwiy,YhQOzAWJ,671.0
1553,0,okaePkJr,zUgDRwiy,987.0
1553,0,PgJqeYYy,okaePkJr,987.0
1553,0,cQQRUhUD,PgJqeYYy,1160.0
1553,0,ZpXtMmnA,cQQRUhUD,1160.0
1553,0,DgJlPOry,ZpXtMmnA,1573.0
1553,0,inAMLXyk,DgJlPOry,1573.0
1553,0,nTEapSQO,inAMLXyk,1573.0
1553,0,AKaXSKPc,nTEapSQO,1573.0
1553,0,HdtICUKG,AKaXSKPc,1576.0
1553,0,qtbZyrFG,HdtICUKG,1576.0
1553,0,ECXJHxuC,qtbZyrFG,1576.0
1553,0,mhTYFecR,ECXJHxuC,1576.0
1553,0,ODVCvUnB,mhTYFecR,2189.0
1553,0,jPdkntFF,ODVCvUnB,2189.0
1553,0,gQTRJpmv,jPdkntFF,2189.0
1553,0,gRoGYEAJ,gQTRJpmv,2192.0
1553,0,BGrlRyyC,gRoGYEAJ,2192.0
1553,0,SXdGhQsI,BGrlRyyC,2192.0
1553,0,gDjMHgkU,SXdGhQsI,2192.0
1553,0,rpBBoUBR,gDjMHgkU,2206.0
1553,0,WwOeNuda,rpBBoUBR,2206.0
1553,0,KFegxKuC,WwOeNuda,2206.0
1553,0,aVjeFnZb,KFegxKuC,2206.0
1553,0,fvPlIFug,aVjeFnZb,2206.0
1553,0,tNQgpOjd,fvPlIFug,2212.0
1553,0,jbVnaCku,tNQgpOjd,2212.0
1553,0,RmfxCtxh,jbVnaCku,2212.0
1553,0,bJQxNaqG,RmfxCtxh,2212.0
1553,0,JZfQfeRA,bJQxNaqG,2212.0
1553,0,kZvDkitV,JZfQfeRA,2212.0
1553,0,yQpnsdnm,kZvDkitV,3034.0
1553,0,QgKtWMoe,xiTGCYEl,29.0
1553,0,FyoAuDvn,QgKtWMoe,29.0
992,0,AQHsowCO,oLzlCKof,2606.0
992,0,eHBdrFbQ,AQHsowCO,2263.0
992,0,nermFKBU,eHBdrFbQ,2237.0
992,0,syNMMSsu,nermFKBU,2237.0
992,0,aEhaaulL,syNMMSsu,2237.0
992,0,bzkCWXwV,aEhaaulL,1750.0
992,0,rPcYYZtd,bzkCWXwV,1750.0
1554,0,JvovwZNp,zEOiVqLB,315.0
1554,0,XUTqNKWc,JvovwZNp,450.0
1554,0,LWArqXfR,XUTqNKWc,450.0
369,0,AQHsowCO,oLzlCKof,2495.0
1553,0,upwIMaLy,yQpnsdnm,410.0
1553,0,BdMcIGqZ,upwIMaLy,410.0
1553,0,fxKlXZDo,BdMcIGqZ,410.0
1553,0,SEKqfPxp,fxKlXZDo,410.0
1553,0,eyEAULLm,SEKqfPxp,410.0
1553,0,ZWbwKKqI,eyEAULLm,410.0
1553,0,AvRehgJa,ZWbwKKqI,410.0
1553,0,eUifXINV,AvRehgJa,410.0
1553,0,aNlaxeLS,eUifXINV,276.0
1553,0,zBPHjWVd,aNlaxeLS,65.0
1553,0,rPcYYZtd,zBPHjWVd,65.0
1553,0,ngtiheSM,rPcYYZtd,65.0
1553,0,uxBjVsKf,ngtiheSM,65.0
1553,0,VriUyyDM,uxBjVsKf,65.0
427,0,SEVBrkvc,ojqTFFWy,633.0
427,0,qPtpgxic,SEVBrkvc,630.0
427,0,gGkadTNm,qPtpgxic,602.0
427,0,CbcrfuAf,gGkadTNm,595.0
780,0,MpBHVRZl,yGpawgaV,1434.0
778,0,AhWKwjTz,LTfflVxG,1085.0
1682,0,BxmxkKGC,RTafItqF,11.0
1682,0,lfmzBYXb,BxmxkKGC,11.0
1682,0,TQhrUKrf,lfmzBYXb,11.0
1682,0,hFISFuCO,TQhrUKrf,11.0
1682,0,IJrmTLNf,hFISFuCO,11.0
1682,0,byRkdSCW,IJrmTLNf,11.0
1682,0,HkgLsGZV,byRkdSCW,11.0
1696,0,oynLwMrX,IMEhQaQS,216.0
1696,0,EKYbCcms,oynLwMrX,366.0
1696,0,ffjXMuak,EKYbCcms,366.0
1696,0,EDdQplwd,ffjXMuak,366.0
1696,0,XbgiSLmy,EDdQplwd,366.0
1696,0,pXlenLUq,XbgiSLmy,366.0
1696,0,DNyXiZzj,pXlenLUq,366.0
1696,0,gxlaiARP,DNyXiZzj,340.0
1221,0,ffjXMuak,qeXIqBgp,8334.0
1221,0,EDdQplwd,ffjXMuak,8334.0
1221,0,XbgiSLmy,EDdQplwd,8334.0
1221,0,pXlenLUq,XbgiSLmy,8334.0
1221,0,DNyXiZzj,pXlenLUq,8334.0
1221,0,gxlaiARP,DNyXiZzj,8670.0
563,0,nuxwLmjk,fdjgUDEy,9.0
940,0,EZxvwLQu,nuxwLmjk,8.0
940,0,qRJySzaf,EZxvwLQu,8.0
940,0,LTfflVxG,qRJySzaf,8.0
940,0,AhWKwjTz,LTfflVxG,8.0
364,0,RTafItqF,ojqTFFWy,359.0
364,0,SEVBrkvc,RTafItqF,1039.0
364,0,KzCxlBoL,SEVBrkvc,1052.0
364,0,qPtpgxic,KzCxlBoL,1052.0
364,0,dWuojvTd,qPtpgxic,1141.0
364,0,sCEThkda,dWuojvTd,1141.0
364,0,HpZlYWor,sCEThkda,1141.0
364,0,ztmxtqSi,HpZlYWor,1141.0
364,0,GpOUDfXM,ztmxtqSi,1141.0
364,0,nYOFNZtG,GpOUDfXM,2960.0
1053,0,WdOwNGhj,xfbmoJHP,11.0
1053,0,kKKRBhFF,WdOwNGhj,11.0
1053,0,NFInfBeu,kKKRBhFF,11.0
1053,0,KcvPUxQg,NFInfBeu,11.0
1452,0,jJVVpGMf,pwpCkicC,6901.0
1452,0,tcYerYbk,jJVVpGMf,6901.0
1452,0,pPKqPUVW,tcYerYbk,6901.0
1452,0,iYTiOTOT,pPKqPUVW,6901.0
1452,0,slfxTuih,iYTiOTOT,6901.0
1452,0,SVPLEqNI,slfxTuih,5033.0
364,0,OpgRCgWV,mnkgCFDT,11.0
364,0,ntDOQspU,OpgRCgWV,11.0
364,0,IdVewllq,ntDOQspU,11.0
364,0,AXkvSZpr,IdVewllq,11.0
364,0,MlqbsUKu,AXkvSZpr,12.0
364,0,jaCrAUFK,MlqbsUKu,12.0
364,0,oynLwMrX,jaCrAUFK,12.0
364,0,EKYbCcms,oynLwMrX,12.0
364,0,cIQOVqQI,EKYbCcms,12.0
364,0,OyAyNkqZ,cIQOVqQI,37.0
364,0,XiXLaJEL,OyAyNkqZ,37.0
364,0,fzSWURzx,XiXLaJEL,42.0
364,0,vyojaKRU,fzSWURzx,42.0
364,0,puwcRgFs,vyojaKRU,42.0
364,0,zjKsBdNQ,puwcRgFs,42.0
364,0,ojqTFFWy,zjKsBdNQ,42.0
940,0,VEiYdotb,AhWKwjTz,7.0
940,0,DgYBMgPg,VEiYdotb,7.0
950,0,HeRuYpNs,UrTDCKsV,79.0
950,0,qRJySzaf,HeRuYpNs,73.0
950,0,LTfflVxG,qRJySzaf,73.0
950,0,AhWKwjTz,LTfflVxG,73.0
950,0,VEiYdotb,AhWKwjTz,73.0
950,0,DgYBMgPg,VEiYdotb,73.0
778,0,VEiYdotb,AhWKwjTz,1032.0
778,0,DgYBMgPg,VEiYdotb,1032.0
943,0,OZSLHXCc,qdLlCZel,1.0
364,0,iPNesxKP,NQaaFyOm,3.0
364,0,lctVuVOk,iPNesxKP,3.0
364,0,EocVuyzS,lctVuVOk,3.0
364,0,lwcIkPvE,EocVuyzS,3.0
364,0,suszCmcx,lwcIkPvE,3.0
364,0,UTBcifAN,suszCmcx,3.0
364,0,HQVZivsH,UTBcifAN,3.0
364,0,DeiIsjyA,HQVZivsH,3.0
364,0,anWZyaGW,DeiIsjyA,3.0
364,0,OrbXRiVv,anWZyaGW,3.0
364,0,cNuIRYrx,OrbXRiVv,3.0
364,0,yNIUaSyZ,cNuIRYrx,3.0
364,0,xiTGCYEl,yNIUaSyZ,3.0
364,0,NXLrCKMp,xiTGCYEl,3.0
364,0,FyoAuDvn,NXLrCKMp,3.0
364,0,WOOyqinT,FyoAuDvn,3.0
364,0,mnkgCFDT,WOOyqinT,4.0
1075,0,qNEatmrc,AlpXiRiW,858.0
1075,0,XaMitbnP,qNEatmrc,1016.0
1075,0,AWZaYJbg,XaMitbnP,1016.0
1075,0,PuHLPXYe,AWZaYJbg,1016.0
1075,0,ZafFyFXk,PuHLPXYe,1021.0
1075,0,jiQkTSqX,ZafFyFXk,1021.0
1075,0,UfaDzlyU,jiQkTSqX,1021.0
1125,0,yRjqmRuq,BsRMZbGV,532.0
1125,0,pTTspriv,yRjqmRuq,532.0
1452,0,ejMjPdTH,SVPLEqNI,1815.0
947,0,UhRSkRXw,cRNMfSEx,52.0
900,0,lhSIyIfw,yHaTCNJc,54.0
74,0,tNSMkSfB,ZYCVVmjG,139.0
80,0,cVeADzkw,BDSRgQTg,2169.0
80,0,pySAVSoY,cVeADzkw,2169.0
80,0,kMrSvhcD,pySAVSoY,2169.0
80,0,ImuPiggn,kMrSvhcD,2169.0
992,0,uxBjVsKf,rPcYYZtd,157.0
942,0,sCEThkda,dWuojvTd,1206.0
942,0,HpZlYWor,sCEThkda,1183.0
942,0,ztmxtqSi,HpZlYWor,1183.0
942,0,GpOUDfXM,ztmxtqSi,1183.0
942,0,UTnQirag,GpOUDfXM,1640.0
942,0,tkWZZFES,UTnQirag,1640.0
942,0,JKUqFAhf,tkWZZFES,1722.0
942,0,NTCwKKsF,JKUqFAhf,1722.0
942,0,xnXFAboh,NTCwKKsF,1722.0
942,0,KkzZXaKP,xnXFAboh,3520.0
942,0,pyLfKqPO,KkzZXaKP,3523.0
942,0,vesqHHzA,pyLfKqPO,3249.0
942,0,dWuojvTd,KgwKZlse,939.0
900,0,cgSMZptb,lhSIyIfw,53.0
900,0,fdwLSfsa,cgSMZptb,53.0
900,0,wuAzVrCW,fdwLSfsa,53.0
900,0,mRKfPREJ,wuAzVrCW,53.0
900,0,HeRuYpNs,mRKfPREJ,53.0
951,0,CRypXqTk,KlSqKJQr,523.0
951,0,PYaiedjY,CRypXqTk,523.0
951,0,EzrJiyuu,PYaiedjY,609.0
951,0,mZAcIEme,EzrJiyuu,609.0
951,0,LPSpTPgJ,mZAcIEme,609.0
951,0,AoIEptMM,LPSpTPgJ,609.0
951,0,OWTXMrGR,AoIEptMM,609.0
1029,0,IZqJbTkm,OCOnFIfy,2755.0
1029,0,wSvecpjF,IZqJbTkm,2872.0
1029,0,oXipkDtF,wSvecpjF,2872.0
1029,0,fRZGgvoY,oXipkDtF,2856.0
1029,0,bAUDGUNb,fRZGgvoY,2856.0
1029,0,VYHZxBYO,bAUDGUNb,2856.0
1088,0,yRjqmRuq,BsRMZbGV,539.0
1088,0,pTTspriv,yRjqmRuq,539.0
1088,0,VCFHkCli,pTTspriv,687.0
1088,0,PNxpREZf,VCFHkCli,687.0
1088,0,mHGLRRvz,PNxpREZf,666.0
1088,0,uuMvuwVk,mHGLRRvz,671.0
1088,0,yMEEwloH,uuMvuwVk,671.0
1088,0,mFLzcwSa,yMEEwloH,671.0
1088,0,mSfSOoJb,mFLzcwSa,671.0
1088,0,BSkSmoPQ,mSfSOoJb,671.0
1088,0,HMbsFjDI,BSkSmoPQ,533.0
1088,0,TPYHEEdQ,HMbsFjDI,533.0
1088,0,RUSqbQft,TPYHEEdQ,533.0
733,0,SEVBrkvc,ojqTFFWy,4161.0
733,0,KzCxlBoL,SEVBrkvc,5099.0
733,0,qPtpgxic,KzCxlBoL,5099.0
733,0,RyPegcUV,qPtpgxic,3884.0
733,0,gGkadTNm,RyPegcUV,3957.0
733,0,CbcrfuAf,gGkadTNm,4154.0
1445,0,vnfcOAch,pjRBTtLk,9.0
1445,0,ryJVAbFB,vnfcOAch,9.0
1445,0,ttVqQknl,ryJVAbFB,9.0
1445,0,aZtqChJJ,ttVqQknl,9.0
1445,0,IOpdOfiF,aZtqChJJ,38.0
1445,0,lUWTaWkd,RZCadHVt,38.0
1445,0,hApOmpAO,lUWTaWkd,38.0
1445,0,qehlKNkR,hApOmpAO,38.0
1445,0,ZFFevgPB,qehlKNkR,38.0
1445,0,sZNeRfOC,ZFFevgPB,38.0
1445,0,HajxumVd,sZNeRfOC,38.0
1445,0,LhQSpAzy,HajxumVd,38.0
1445,0,pwpCkicC,LhQSpAzy,38.0
1445,0,jJVVpGMf,pwpCkicC,38.0
1445,0,pPKqPUVW,jJVVpGMf,38.0
1445,0,slfxTuih,pPKqPUVW,38.0
1445,0,ejMjPdTH,slfxTuih,38.0
1748,0,pPKqPUVW,pwpCkicC,210.0
1748,0,ejMjPdTH,pPKqPUVW,210.0
836,0,aImltWBw,FGqBFXAc,82.0
950,0,vkArqzKY,DgYBMgPg,69.0
950,0,gzTQJVMW,vkArqzKY,69.0
778,0,vkArqzKY,DgYBMgPg,876.0
778,0,gzTQJVMW,vkArqzKY,876.0
130,0,pcONCDTC,CkSrqRXW,5.0
1275,0,vyojaKRU,XiXLaJEL,224.0
1275,0,puwcRgFs,vyojaKRU,221.0
1275,0,ojqTFFWy,puwcRgFs,96.0
1275,0,SEVBrkvc,ojqTFFWy,96.0
1275,0,qPtpgxic,SEVBrkvc,95.0
1275,0,gGkadTNm,qPtpgxic,78.0
1275,0,CbcrfuAf,gGkadTNm,77.0
50,0,RjtzWJgw,xiCfcAgb,330.0
50,0,owFNQNZv,RjtzWJgw,338.0
50,0,nCsqpnJo,owFNQNZv,338.0
50,0,gnmwaIOJ,nCsqpnJo,338.0
50,0,pygvGZaF,gnmwaIOJ,338.0
50,0,bsQVAuyn,pygvGZaF,338.0
50,0,VTHwomVj,bsQVAuyn,338.0
50,0,qPtpgxic,bmUdUOzs,718.0
50,0,gGkadTNm,qPtpgxic,216.0
50,0,CbcrfuAf,gGkadTNm,204.0
1568,0,qOuhMtTj,xOhGqygU,11493.0
1568,0,KCvWJpxq,qOuhMtTj,10750.0
401,0,WyfCQhSW,ogOCBKAf,1566.0
401,0,erxKyHjj,WyfCQhSW,1799.0
401,0,KjiBWoqR,erxKyHjj,1799.0
401,0,bYNwHuWo,KjiBWoqR,1382.0
951,0,qYsYtTjJ,XpaxRhYo,60.0
951,0,KlSqKJQr,qYsYtTjJ,60.0
1083,0,cGObbHGv,Nzhgxdpc,1075.0
1083,0,zBmTBInm,cGObbHGv,1075.0
949,0,UTnQirag,GpOUDfXM,106.0
949,0,tkWZZFES,UTnQirag,106.0
949,0,JKUqFAhf,tkWZZFES,106.0
949,0,NTCwKKsF,JKUqFAhf,106.0
949,0,xnXFAboh,NTCwKKsF,106.0
949,0,oLGXsQoC,xnXFAboh,114.0
949,0,lOyAoICg,CbcrfuAf,87.0
949,0,GpOUDfXM,lOyAoICg,87.0
949,0,KzCxlBoL,SEVBrkvc,4.0
949,0,qPtpgxic,KzCxlBoL,4.0
949,0,RyPegcUV,qPtpgxic,8.0
949,0,gGkadTNm,RyPegcUV,8.0
949,0,CbcrfuAf,gGkadTNm,11.0
369,0,eHBdrFbQ,AQHsowCO,2495.0
369,0,nermFKBU,eHBdrFbQ,2495.0
369,0,syNMMSsu,nermFKBU,2495.0
369,0,aEhaaulL,syNMMSsu,2495.0
899,0,QBDSVwgM,PTCqqgjS,78.0
899,0,PfzzVLdD,QBDSVwgM,62.0
899,0,yRZHSCWE,PfzzVLdD,59.0
899,0,rCrvifMW,yRZHSCWE,59.0
899,0,aPOYjvXT,rCrvifMW,59.0
1300,0,YnUujGmz,CbcrfuAf,8547.0
427,0,YnUujGmz,CbcrfuAf,553.0
318,0,POdtxoZm,GnsXgGJX,3755.0
147,0,yfzTmEfw,QgwCgjAi,328.0
147,0,mBSaKJib,yfzTmEfw,328.0
147,0,ggaXnTUz,mBSaKJib,154.0
147,0,zJsEFgSs,ggaXnTUz,154.0
54,0,RjtzWJgw,xiCfcAgb,51.0
54,0,owFNQNZv,RjtzWJgw,51.0
54,0,nCsqpnJo,owFNQNZv,51.0
54,0,gnmwaIOJ,nCsqpnJo,51.0
54,0,pygvGZaF,gnmwaIOJ,51.0
54,0,bsQVAuyn,pygvGZaF,51.0
54,0,VTHwomVj,bsQVAuyn,51.0
54,0,bmUdUOzs,VTHwomVj,314.0
54,0,qPtpgxic,bmUdUOzs,314.0
54,0,gGkadTNm,qPtpgxic,314.0
54,0,CbcrfuAf,gGkadTNm,314.0
54,0,YnUujGmz,CbcrfuAf,314.0
951,0,YnUujGmz,CbcrfuAf,569.0
1083,0,puwcRgFs,EAwJtHSB,788.0
1083,0,YkxcSjQG,unXfmkmI,956.0
1083,0,MRbVmsQs,YkxcSjQG,977.0
1083,0,Nzhgxdpc,MRbVmsQs,977.0
1407,0,vXHOZRfg,vztyQdds,475.0
1407,0,bbltEnah,vXHOZRfg,475.0
1407,0,NMFCXTQH,bbltEnah,475.0
1407,0,wXyAETzh,NMFCXTQH,475.0
1407,0,KuTZBRNJ,wXyAETzh,475.0
331,0,MjoEniNM,UyZpITbv,313.0
1040,0,XeNLTPEj,MvGjEBBL,693.0
1040,0,PzIXuqgO,XeNLTPEj,693.0
1040,0,ZsxHmovG,PzIXuqgO,693.0
1040,0,KjUtPMMe,ZsxHmovG,739.0
1040,0,JGmgdpWx,KjUtPMMe,739.0
1040,0,WsxoHomq,JGmgdpWx,739.0
1040,0,VgroZBKv,WsxoHomq,716.0
1040,0,TUZfegir,VgroZBKv,716.0
1557,0,xOfEMpYZ,aDfjbwoX,350.0
1512,0,TAPXcjBe,CbcrfuAf,718.0
733,0,TAPXcjBe,CbcrfuAf,4654.0
1275,0,TAPXcjBe,CbcrfuAf,43.0
1434,0,TAPXcjBe,CbcrfuAf,1509.0
1053,0,BlnSxBAr,KcvPUxQg,4.0
1053,0,TCBUGaZf,BlnSxBAr,4.0
948,0,avmqjzBH,SwyyRrmD,1.0
1085,0,XojRXAAa,ojqTFFWy,18967.0
1085,0,nAqhCgXt,XojRXAAa,6325.0
1085,0,zZZsLLct,nAqhCgXt,6325.0
1085,0,uQlhjcGr,zZZsLLct,6276.0
1085,0,nIbIRswk,uQlhjcGr,6276.0
1085,0,YfaruHLV,nIbIRswk,5250.0
1085,0,PkIPVRtB,YfaruHLV,5255.0
1085,0,XpaxRhYo,PkIPVRtB,5255.0
1085,0,qYsYtTjJ,XpaxRhYo,3925.0
1085,0,KlSqKJQr,qYsYtTjJ,3959.0
1085,0,CRypXqTk,KlSqKJQr,4426.0
1085,0,PYaiedjY,CRypXqTk,4426.0
1085,0,EzrJiyuu,PYaiedjY,3272.0
1085,0,mZAcIEme,EzrJiyuu,3272.0
1085,0,LPSpTPgJ,mZAcIEme,3272.0
1085,0,AoIEptMM,LPSpTPgJ,3272.0
1085,0,imyhTmbO,AoIEptMM,3390.0
1085,0,bTSeOnqx,imyhTmbO,3262.0
1085,0,yCXbqkBs,bTSeOnqx,3507.0
1085,0,wBoWGskO,yCXbqkBs,3507.0
1085,0,FYojKDQC,wBoWGskO,3507.0
1085,0,riqYNvhO,FYojKDQC,3507.0
1568,0,UgzfanVk,SDEQaVyD,647.0
1083,0,FrCulsqF,VYHZxBYO,741.0
1083,0,KCAssTym,FrCulsqF,715.0
1083,0,AtxuoNjw,KCAssTym,1033.0
1083,0,ZmIcXqCD,AtxuoNjw,1033.0
1083,0,unXfmkmI,ZmIcXqCD,1033.0
779,0,uxBjVsKf,ngtiheSM,1108.0
733,0,XsKXZwOQ,TAPXcjBe,4665.0
1434,0,XsKXZwOQ,TAPXcjBe,1423.0
1512,0,XsKXZwOQ,TAPXcjBe,590.0
50,0,TAPXcjBe,CbcrfuAf,73.0
50,0,XsKXZwOQ,TAPXcjBe,73.0
948,0,BUWlcDWA,vwlVkOsL,19.0
947,0,hyEIkJeA,UvujAAYC,37.0
947,0,jadHWhqA,hyEIkJeA,37.0
947,0,oMurZdLt,jadHWhqA,37.0
947,0,KTeKlEmN,oMurZdLt,37.0
947,0,cRNMfSEx,KTeKlEmN,37.0
1042,0,oVvGCedi,EBDfudXo,35.0
1042,0,zAhquueS,oVvGCedi,35.0
1042,0,SRJkWTfK,zAhquueS,36.0
1042,0,krjqWYyL,SRJkWTfK,36.0
1042,0,tSXpsDyV,krjqWYyL,36.0
1042,0,IbLBdCXD,tSXpsDyV,36.0
1042,0,JGCJnIWw,IbLBdCXD,36.0
1042,0,honleovC,JGCJnIWw,36.0
1042,0,pqZYMbGr,honleovC,36.0
1042,0,jobllKUJ,pqZYMbGr,36.0
1042,0,cKlxsEIa,jobllKUJ,36.0
1042,0,POeaLshN,cKlxsEIa,36.0
1042,0,nvtqczOj,POeaLshN,36.0
1042,0,FdzHSswJ,nvtqczOj,36.0
1042,0,rfVXpFlV,FdzHSswJ,36.0
1042,0,OWTXMrGR,rfVXpFlV,36.0
1042,0,YGbVmztp,OWTXMrGR,36.0
1042,0,oHyqEJfk,YGbVmztp,36.0
1042,0,bfpcjsiF,oHyqEJfk,36.0
1042,0,KjUtPMMe,ZsxHmovG,23.0
1042,0,JGmgdpWx,KjUtPMMe,23.0
1042,0,WsxoHomq,JGmgdpWx,23.0
1042,0,VgroZBKv,WsxoHomq,23.0
1042,0,TUZfegir,VgroZBKv,23.0
1042,0,LHNTbQin,TUZfegir,27.0
1042,0,EBDfudXo,LHNTbQin,27.0
1042,0,XeNLTPEj,MvGjEBBL,20.0
1042,0,PzIXuqgO,XeNLTPEj,20.0
1042,0,ZsxHmovG,PzIXuqgO,20.0
80,0,uaUalZjh,beniIHzL,31.0
77,0,ZNFFlclk,uaUalZjh,31.0
733,0,hmRIiXJy,XsKXZwOQ,4854.0
947,0,UvujAAYC,pyLfKqPO,33.0
947,0,hmRIiXJy,UhRSkRXw,51.0
948,0,EzQcJxBW,BUWlcDWA,8.0
948,0,uEbOseyz,EzQcJxBW,8.0
948,0,reWBMWRs,uEbOseyz,8.0
948,0,RBoLoVJp,reWBMWRs,8.0
948,0,SwyyRrmD,RBoLoVJp,8.0
899,0,yHCBRtBd,xnXFAboh,62.0
899,0,YYKDBDRS,yHCBRtBd,62.0
899,0,CDXhVrrJ,YYKDBDRS,62.0
899,0,khOlLZay,CDXhVrrJ,62.0
899,0,pzScocJN,khOlLZay,62.0
899,0,xOfEMpYZ,pzScocJN,62.0
899,0,NcNmxlsD,xOfEMpYZ,74.0
899,0,cYyOAQLx,NcNmxlsD,74.0
899,0,xKpFUSPW,cYyOAQLx,74.0
899,0,CFKdtsYk,xKpFUSPW,72.0
899,0,gGkadTNm,RyPegcUV,20.0
899,0,CbcrfuAf,gGkadTNm,20.0
899,0,lOyAoICg,CbcrfuAf,35.0
899,0,GpOUDfXM,lOyAoICg,35.0
899,0,UTnQirag,GpOUDfXM,37.0
899,0,tkWZZFES,UTnQirag,37.0
899,0,JKUqFAhf,tkWZZFES,37.0
899,0,NTCwKKsF,JKUqFAhf,37.0
899,0,xnXFAboh,NTCwKKsF,37.0
944,0,KkzZXaKP,xnXFAboh,28.0
944,0,VgMINmpb,KkzZXaKP,29.0
944,0,dWuojvTd,KgwKZlse,9.0
944,0,sCEThkda,dWuojvTd,10.0
944,0,HpZlYWor,sCEThkda,10.0
944,0,ztmxtqSi,HpZlYWor,10.0
944,0,GpOUDfXM,ztmxtqSi,10.0
944,0,UTnQirag,GpOUDfXM,19.0
944,0,tkWZZFES,UTnQirag,19.0
944,0,JKUqFAhf,tkWZZFES,20.0
944,0,NTCwKKsF,JKUqFAhf,20.0
944,0,xnXFAboh,NTCwKKsF,20.0
733,0,tOhgfmkj,hmRIiXJy,4303.0
733,0,FjwhCXAK,tOhgfmkj,4310.0
1434,0,FjwhCXAK,XsKXZwOQ,1288.0
369,0,bzkCWXwV,aEhaaulL,2536.0
369,0,rPcYYZtd,bzkCWXwV,2536.0
369,0,ngtiheSM,rPcYYZtd,2536.0
369,0,uxBjVsKf,ngtiheSM,2536.0
369,0,hvwrhWFk,uxBjVsKf,2536.0
369,0,azqUKhQu,hvwrhWFk,2536.0
1018,0,LKVeVUNI,BpAiVnps,81.0
1018,0,dbPZeeiE,LKVeVUNI,85.0
1018,0,CsDsDrdU,dbPZeeiE,92.0
1018,0,rJRvqICk,CsDsDrdU,92.0
1018,0,AmahvgQB,rJRvqICk,92.0
1018,0,aYSqaQmJ,AmahvgQB,92.0
1018,0,zgCGmKZn,aYSqaQmJ,95.0
1018,0,JKFFGKvY,zgCGmKZn,95.0
1018,0,EVAUYvVR,JKFFGKvY,95.0
1018,0,GYfZYaJh,EVAUYvVR,95.0
1018,0,WFZVQzrl,GYfZYaJh,96.0
1018,0,tRncbstl,WFZVQzrl,96.0
1018,0,gLCWwgiT,tRncbstl,96.0
1018,0,jTofnsvB,gLCWwgiT,96.0
1018,0,elmHqfIN,jTofnsvB,107.0
1018,0,YhQOzAWJ,elmHqfIN,107.0
1018,0,mexFgKBp,YhQOzAWJ,107.0
1018,0,FUctipSE,mexFgKBp,134.0
1018,0,PWitnUnB,FUctipSE,134.0
1018,0,FrOiWYSP,PWitnUnB,241.0
1018,0,mNGfniSu,FrOiWYSP,241.0
1018,0,MtINPaKl,mNGfniSu,241.0
1018,0,SGVPbDEb,MtINPaKl,241.0
1018,0,DpeufCiu,SGVPbDEb,241.0
1018,0,FaHpkwNs,DpeufCiu,241.0
1018,0,kohCEyKT,FaHpkwNs,241.0
1018,0,DHQRQBBP,kohCEyKT,241.0
1018,0,ZKEtlMvK,DHQRQBBP,241.0
1018,0,pjRBTtLk,ZKEtlMvK,241.0
1018,0,vnfcOAch,pjRBTtLk,241.0
1018,0,ryJVAbFB,vnfcOAch,241.0
1018,0,ttVqQknl,ryJVAbFB,241.0
1018,0,aZtqChJJ,ttVqQknl,241.0
1018,0,wrFiwNtD,aZtqChJJ,241.0
1018,0,deapEAbC,wrFiwNtD,241.0
1018,0,nunLDRbE,deapEAbC,241.0
1018,0,QbrsudyQ,nunLDRbE,241.0
1018,0,oRUBDfuD,QbrsudyQ,241.0
1018,0,qQJgvOFz,oRUBDfuD,241.0
1018,0,kbNsckqG,qQJgvOFz,241.0
1018,0,VHmQaoRO,kbNsckqG,241.0
1018,0,MlXQVZuf,VHmQaoRO,241.0
1018,0,QxkHLGuk,MlXQVZuf,241.0
1018,0,oLzlCKof,QxkHLGuk,241.0
1018,0,AQHsowCO,oLzlCKof,241.0
1018,0,eHBdrFbQ,AQHsowCO,241.0
1018,0,nermFKBU,eHBdrFbQ,241.0
1018,0,syNMMSsu,nermFKBU,241.0
1018,0,aEhaaulL,syNMMSsu,241.0
1018,0,bzkCWXwV,aEhaaulL,241.0
1018,0,rPcYYZtd,bzkCWXwV,241.0
1018,0,ngtiheSM,rPcYYZtd,241.0
1018,0,uxBjVsKf,ngtiheSM,241.0
1018,0,hvwrhWFk,uxBjVsKf,241.0
1018,0,azqUKhQu,hvwrhWFk,241.0
43,0,NuyYqrDq,BaKUDeNn,6.0
43,0,gpaAUChy,NuyYqrDq,6.0
43,0,IgEBJNwX,gpaAUChy,6.0
43,0,NCVzutVL,IgEBJNwX,6.0
43,0,cTQVugNT,NCVzutVL,6.0
43,0,cNypyxpr,cTQVugNT,6.0
43,0,WRVBvtIE,cNypyxpr,6.0
43,0,RuAJZyMI,WRVBvtIE,6.0
43,0,MtINPaKl,RuAJZyMI,6.0
43,0,SGVPbDEb,MtINPaKl,6.0
43,0,DpeufCiu,SGVPbDEb,6.0
43,0,FaHpkwNs,DpeufCiu,6.0
43,0,kohCEyKT,FaHpkwNs,6.0
43,0,ZKEtlMvK,kohCEyKT,6.0
43,0,pjRBTtLk,ZKEtlMvK,6.0
43,0,vnfcOAch,pjRBTtLk,6.0
43,0,ryJVAbFB,vnfcOAch,6.0
43,0,ttVqQknl,ryJVAbFB,6.0
43,0,aZtqChJJ,ttVqQknl,6.0
43,0,deapEAbC,aZtqChJJ,6.0
43,0,nunLDRbE,deapEAbC,6.0
43,0,oRUBDfuD,nunLDRbE,6.0
43,0,qQJgvOFz,oRUBDfuD,6.0
43,0,kbNsckqG,qQJgvOFz,6.0
43,0,VHmQaoRO,kbNsckqG,6.0
43,0,MlXQVZuf,VHmQaoRO,6.0
43,0,QxkHLGuk,MlXQVZuf,6.0
43,0,oLzlCKof,QxkHLGuk,6.0
43,0,AQHsowCO,oLzlCKof,6.0
43,0,eHBdrFbQ,AQHsowCO,6.0
43,0,nermFKBU,eHBdrFbQ,6.0
43,0,syNMMSsu,nermFKBU,6.0
43,0,aEhaaulL,syNMMSsu,6.0
43,0,bzkCWXwV,aEhaaulL,6.0
43,0,rPcYYZtd,bzkCWXwV,6.0
43,0,ngtiheSM,rPcYYZtd,6.0
43,0,uxBjVsKf,ngtiheSM,6.0
43,0,hvwrhWFk,uxBjVsKf,6.0
43,0,azqUKhQu,hvwrhWFk,6.0
777,0,zBPHjWVd,aNlaxeLS,2136.0
777,0,rPcYYZtd,zBPHjWVd,2305.0
777,0,ngtiheSM,rPcYYZtd,2305.0
777,0,uxBjVsKf,ngtiheSM,2621.0
777,0,hvwrhWFk,uxBjVsKf,2763.0
777,0,azqUKhQu,hvwrhWFk,2763.0
777,0,UTnQirag,GpOUDfXM,1214.0
777,0,tkWZZFES,UTnQirag,1214.0
777,0,JKUqFAhf,tkWZZFES,1241.0
777,0,NTCwKKsF,JKUqFAhf,1241.0
777,0,xnXFAboh,NTCwKKsF,1241.0
777,0,yHCBRtBd,xnXFAboh,1362.0
777,0,YYKDBDRS,yHCBRtBd,1362.0
777,0,CDXhVrrJ,YYKDBDRS,1362.0
777,0,khOlLZay,CDXhVrrJ,1905.0
777,0,pzScocJN,khOlLZay,1905.0
777,0,AOtPxxNt,pzScocJN,1905.0
777,0,pFQacbfu,AOtPxxNt,1925.0
777,0,ZecyfkGE,pFQacbfu,1925.0
777,0,aNlaxeLS,ZecyfkGE,1925.0
777,0,lOyAoICg,CbcrfuAf,1025.0
777,0,GpOUDfXM,lOyAoICg,1025.0
777,0,KzCxlBoL,SEVBrkvc,20.0
777,0,qPtpgxic,KzCxlBoL,20.0
777,0,RyPegcUV,qPtpgxic,68.0
777,0,gGkadTNm,RyPegcUV,68.0
777,0,CbcrfuAf,gGkadTNm,96.0
1512,0,tOhgfmkj,XsKXZwOQ,568.0
1512,0,FjwhCXAK,tOhgfmkj,561.0
1512,0,YvwuVYMF,FjwhCXAK,561.0
733,0,dScsNKLk,FjwhCXAK,4633.0
1434,0,YvwuVYMF,FjwhCXAK,906.0
947,0,tOhgfmkj,hmRIiXJy,15.0
947,0,FjwhCXAK,tOhgfmkj,15.0
947,0,YvwuVYMF,FjwhCXAK,15.0
133,0,bnvgwXNi,YUgtVNSj,13.0
133,0,nyQXyVHt,bnvgwXNi,14.0
50,0,xiCfcAgb,AszcEtOu,231.0
50,0,FjwhCXAK,XsKXZwOQ,56.0
50,0,YvwuVYMF,FjwhCXAK,56.0
1275,0,XsKXZwOQ,TAPXcjBe,37.0
1275,0,FjwhCXAK,XsKXZwOQ,37.0
1275,0,YvwuVYMF,FjwhCXAK,37.0
944,0,qdLlCZel,VgMINmpb,4.0
1102,0,QPpuxtew,gyQqEnFq,128.0
1102,0,gHkojtqc,QPpuxtew,128.0
1102,0,jiBUapiv,gHkojtqc,131.0
1102,0,ZsSjTAXN,jiBUapiv,131.0
1102,0,QzSmToFg,ZsSjTAXN,131.0
1102,0,YpZAWuci,QzSmToFg,131.0
1102,0,UWROvtjV,YpZAWuci,137.0
1102,0,aHnvxyXJ,UWROvtjV,137.0
1102,0,aBlpKWpT,aHnvxyXJ,141.0
1102,0,RwWmKtXH,aBlpKWpT,141.0
1102,0,iWUiEObr,RwWmKtXH,149.0
1102,0,yGnjFAhM,iWUiEObr,172.0
1102,0,sAYtjSkX,yGnjFAhM,172.0
1102,0,yhYCDbZJ,sAYtjSkX,187.0
1102,0,ebBIwNsf,yhYCDbZJ,187.0
1102,0,BzJNmTUM,ebBIwNsf,197.0
1102,0,qLEwgwyN,BzJNmTUM,197.0
1102,0,WDOOnJlC,qLEwgwyN,197.0
1102,0,EjMZgDJt,WDOOnJlC,227.0
1102,0,BDSRgQTg,EjMZgDJt,227.0
1102,0,cVeADzkw,BDSRgQTg,235.0
1102,0,pySAVSoY,cVeADzkw,235.0
1102,0,kMrSvhcD,pySAVSoY,235.0
1102,0,ImuPiggn,kMrSvhcD,235.0
1102,0,SdEWNrvb,ImuPiggn,247.0
1102,0,ZIvIwqTW,SdEWNrvb,247.0
1102,0,beniIHzL,ZIvIwqTW,402.0
1102,0,uaUalZjh,beniIHzL,402.0
1102,0,rwSrBzDN,uaUalZjh,547.0
779,0,uaUalZjh,beniIHzL,145.0
141,0,hmRIiXJy,XsKXZwOQ,19.0
141,0,tOhgfmkj,hmRIiXJy,20.0
141,0,FjwhCXAK,tOhgfmkj,20.0
141,0,dScsNKLk,FjwhCXAK,20.0
141,0,mhrRBZGj,dScsNKLk,61.0
141,0,XvoliiTU,mhrRBZGj,61.0
141,0,BjKGijLD,XvoliiTU,61.0
141,0,TAPXcjBe,CbcrfuAf,18.0
141,0,XsKXZwOQ,TAPXcjBe,18.0
141,0,RyPegcUV,qPtpgxic,10.0
141,0,gGkadTNm,RyPegcUV,10.0
141,0,CbcrfuAf,gGkadTNm,11.0
375,0,DpeufCiu,SGVPbDEb,2.0
375,0,FaHpkwNs,DpeufCiu,2.0
375,0,kohCEyKT,FaHpkwNs,2.0
375,0,DHQRQBBP,kohCEyKT,2.0
375,0,ZKEtlMvK,DHQRQBBP,2.0
375,0,pjRBTtLk,ZKEtlMvK,2.0
375,0,vnfcOAch,pjRBTtLk,2.0
375,0,ryJVAbFB,vnfcOAch,2.0
375,0,ttVqQknl,ryJVAbFB,2.0
375,0,aZtqChJJ,ttVqQknl,2.0
375,0,wrFiwNtD,aZtqChJJ,2.0
375,0,deapEAbC,wrFiwNtD,2.0
375,0,nunLDRbE,deapEAbC,2.0
375,0,QbrsudyQ,nunLDRbE,2.0
375,0,oRUBDfuD,QbrsudyQ,2.0
375,0,qQJgvOFz,oRUBDfuD,2.0
375,0,kbNsckqG,qQJgvOFz,2.0
375,0,VHmQaoRO,kbNsckqG,2.0
375,0,MlXQVZuf,VHmQaoRO,3.0
375,0,QxkHLGuk,MlXQVZuf,3.0
375,0,sxnLITXs,QxkHLGuk,3.0
375,0,oLzlCKof,sxnLITXs,3.0
375,0,IyDNJzPw,oLzlCKof,3.0
375,0,AQHsowCO,IyDNJzPw,3.0
375,0,eHBdrFbQ,AQHsowCO,4.0
375,0,nermFKBU,eHBdrFbQ,4.0
375,0,syNMMSsu,nermFKBU,4.0
375,0,aEhaaulL,syNMMSsu,4.0
375,0,bzkCWXwV,aEhaaulL,4.0
375,0,rPcYYZtd,bzkCWXwV,4.0
375,0,ngtiheSM,rPcYYZtd,11.0
375,0,uxBjVsKf,ngtiheSM,11.0
375,0,CgMBzfIg,uxBjVsKf,11.0
375,0,azqUKhQu,CgMBzfIg,11.0
375,0,cNvMQUdA,azqUKhQu,11.0
375,0,YoiymRxk,cNvMQUdA,11.0
375,0,fkorQYac,YoiymRxk,11.0
375,0,NtHXPmMe,fkorQYac,11.0
375,0,rRGVruPM,GpnhEWuy,1.0
375,0,mLBQtksd,rRGVruPM,1.0
375,0,knCDNjnp,mLBQtksd,1.0
375,0,nYVfIRsk,knCDNjnp,1.0
375,0,CqefHKGq,nYVfIRsk,1.0
375,0,rSnWVhOw,CqefHKGq,1.0
375,0,RuAJZyMI,rSnWVhOw,1.0
375,0,MtINPaKl,RuAJZyMI,1.0
375,0,SGVPbDEb,MtINPaKl,1.0
733,0,JScPHHNr,dScsNKLk,3604.0
141,0,kfbZMUOE,BjKGijLD,50.0
141,0,RaPTCLQp,kfbZMUOE,50.0
903,0,ZJxogzZw,wcUGKfLa,52.0
903,0,aRCjtsfP,ZJxogzZw,52.0
903,0,aPKnTaHY,aRCjtsfP,71.0
903,0,ZxAfSTio,aPKnTaHY,71.0
903,0,PfzzVLdD,ZxAfSTio,71.0
903,0,MNMOMIBL,PfzzVLdD,74.0
903,0,ySoPUuJQ,MNMOMIBL,74.0
903,0,fGauMtcM,ySoPUuJQ,74.0
903,0,mPXKcTmk,fGauMtcM,74.0
903,0,moYdstNu,mPXKcTmk,73.0
141,0,KzCxlBoL,SEVBrkvc,1.0
141,0,qPtpgxic,KzCxlBoL,1.0
942,0,KgwKZlse,FZsFzszJ,16.0
369,0,BsovYeFI,azqUKhQu,2387.0
1018,0,BsovYeFI,azqUKhQu,220.0
777,0,BsovYeFI,azqUKhQu,2710.0
931,0,JojiQTkQ,zAjDuGWM,60.0
931,0,woHRqfeu,JojiQTkQ,60.0
931,0,KENvRSom,DetNfbBu,1559.0
931,0,ZMwphzOX,KENvRSom,1559.0
931,0,ePAEtpYE,ZMwphzOX,1982.0
931,0,YnixWiwg,ePAEtpYE,1984.0
931,0,BlXLXEoe,YnixWiwg,1984.0
931,0,QsFYEMLP,BlXLXEoe,1984.0
931,0,vcQVCkqQ,QsFYEMLP,1731.0
931,0,TzBLFSKE,vcQVCkqQ,1700.0
931,0,MmmkWPfy,TzBLFSKE,1700.0
931,0,OoTDKQHC,MmmkWPfy,1257.0
931,0,QZMOUeIv,OoTDKQHC,1011.0
931,0,zAjDuGWM,QZMOUeIv,1011.0
1682,0,RTafItqF,ojqTFFWy,2.0
899,0,pMQyFYNH,CFKdtsYk,69.0
899,0,PTCqqgjS,pMQyFYNH,69.0
900,0,ZJxogzZw,wcUGKfLa,42.0
900,0,aRCjtsfP,ZJxogzZw,42.0
900,0,aPKnTaHY,aRCjtsfP,50.0
900,0,ZxAfSTio,aPKnTaHY,50.0
900,0,oQmOaQyB,ZxAfSTio,50.0
900,0,BSlPgNeK,oQmOaQyB,52.0
899,0,RyPegcUV,qPtpgxic,10.0
1408,0,XfgrRxbI,ejMjPdTH,1092.0
1408,0,UfJzwqHV,XfgrRxbI,1092.0
1408,0,yJFAEWOL,UfJzwqHV,1721.0
1408,0,BJyyGCqV,yJFAEWOL,1721.0
1408,0,gZsXxpWQ,BJyyGCqV,1721.0
1408,0,aXBkDCtb,gZsXxpWQ,1642.0
1408,0,QgJihzqk,aXBkDCtb,1642.0
1408,0,IojsotKp,QgJihzqk,1642.0
1408,0,NNAcmEYB,IojsotKp,1737.0
902,0,mhrRBZGj,dScsNKLk,77.0
902,0,XvoliiTU,mhrRBZGj,77.0
902,0,BjKGijLD,XvoliiTU,77.0
902,0,kfbZMUOE,BjKGijLD,77.0
902,0,RaPTCLQp,kfbZMUOE,77.0
902,0,IZbIkfGA,RaPTCLQp,88.0
1212,0,GHvODCIP,LCJSaMch,22.0
1212,0,MCXOFAcE,GHvODCIP,22.0
1212,0,HcupqiOA,MCXOFAcE,22.0
1212,0,MRtqPpeq,HcupqiOA,22.0
1212,0,CrEPfbyi,MRtqPpeq,22.0
1212,0,dpFXbFTh,CrEPfbyi,23.0
1212,0,HaEOaLMB,dpFXbFTh,60.0
1212,0,IkeqCtDY,HaEOaLMB,58.0
1212,0,wpHpdxFs,IkeqCtDY,58.0
1212,0,QHulIYnO,wpHpdxFs,58.0
1212,0,sKtQEUzZ,QHulIYnO,58.0
1212,0,QYkjMXrW,sKtQEUzZ,58.0
1212,0,mxGSpCzE,QYkjMXrW,58.0
1212,0,WlZgmutc,mxGSpCzE,53.0
1212,0,acVCzwtl,WlZgmutc,53.0
1212,0,TIlepZYr,acVCzwtl,53.0
1212,0,BmQLYaPd,TIlepZYr,9.0
1212,0,UvdLYolu,BmQLYaPd,9.0
1212,0,ZFKsyBay,UvdLYolu,9.0
1212,0,suvDbtPR,ZFKsyBay,9.0
902,0,UJfkeWEN,IZbIkfGA,84.0
902,0,MlIkmoKa,UJfkeWEN,84.0
902,0,FIOYHASJ,MlIkmoKa,84.0
902,0,KMHCIdcu,FIOYHASJ,84.0
902,0,GiBhHxRo,KMHCIdcu,79.0
1102,0,MEtvPAvc,rwSrBzDN,474.0
1102,0,GqIywbYh,MEtvPAvc,474.0
1102,0,wRFZkBWU,GqIywbYh,474.0
1102,0,TUmpHOaB,wRFZkBWU,474.0
134,0,SEVBrkvc,ojqTFFWy,23.0
134,0,KzCxlBoL,SEVBrkvc,24.0
134,0,qPtpgxic,KzCxlBoL,24.0
134,0,RyPegcUV,qPtpgxic,33.0
134,0,gGkadTNm,RyPegcUV,33.0
134,0,CbcrfuAf,gGkadTNm,33.0
134,0,TAPXcjBe,CbcrfuAf,76.0
134,0,XsKXZwOQ,TAPXcjBe,76.0
134,0,hmRIiXJy,XsKXZwOQ,85.0
134,0,tOhgfmkj,hmRIiXJy,91.0
134,0,FjwhCXAK,tOhgfmkj,91.0
134,0,dScsNKLk,FjwhCXAK,126.0
134,0,prUQvyGs,dScsNKLk,340.0
134,0,FTnfVqbf,prUQvyGs,340.0
134,0,ncqAMIfe,FTnfVqbf,340.0
134,0,uHruDGLY,ncqAMIfe,340.0
134,0,FOXeQKOT,uHruDGLY,56.0
134,0,FesfYZEN,FOXeQKOT,48.0
1075,0,UrJBvWGq,zPQeyVVD,429.0
1075,0,thxCXWVL,UrJBvWGq,429.0
1075,0,AlpXiRiW,thxCXWVL,429.0
899,0,SEVBrkvc,ojqTFFWy,9.0
899,0,KzCxlBoL,SEVBrkvc,9.0
899,0,qPtpgxic,KzCxlBoL,9.0
1407,0,hasgHIpb,mZFKHZkN,273.0
1407,0,zttQgzJF,hasgHIpb,187.0
1407,0,fDeHEcoN,zttQgzJF,180.0
1407,0,vztyQdds,fDeHEcoN,180.0
132,0,hmRIiXJy,XsKXZwOQ,10.0
132,0,tOhgfmkj,hmRIiXJy,10.0
132,0,FjwhCXAK,tOhgfmkj,10.0
132,0,dScsNKLk,FjwhCXAK,10.0
132,0,JScPHHNr,dScsNKLk,26.0
132,0,BXAColfX,JScPHHNr,26.0
132,0,TenjteTV,BXAColfX,26.0
132,0,oFbMGQKy,TenjteTV,26.0
132,0,tTpRqbZv,oFbMGQKy,26.0
132,0,uzgDjeSU,tTpRqbZv,26.0
132,0,RvWjyDDD,uzgDjeSU,26.0
132,0,diAYwowt,RvWjyDDD,42.0
132,0,safClnnY,diAYwowt,42.0
132,0,tqLrxYqg,safClnnY,43.0
132,0,OrpTuTll,tqLrxYqg,24.0
132,0,oIfrlpqH,OrpTuTll,24.0
132,0,gGkadTNm,RyPegcUV,8.0
132,0,CbcrfuAf,gGkadTNm,8.0
132,0,TAPXcjBe,CbcrfuAf,8.0
132,0,XsKXZwOQ,TAPXcjBe,8.0
902,0,MzxDaMZj,GiBhHxRo,103.0
369,0,oeTroIck,BsovYeFI,1921.0
369,0,LlpMjrks,oeTroIck,1921.0
369,0,tnRCfdJr,LlpMjrks,1921.0
369,0,EWoqQawU,tnRCfdJr,1921.0
369,0,lRwzpFEA,EWoqQawU,1921.0
369,0,HJijptKA,lRwzpFEA,1920.0
369,0,wcUGKfLa,HJijptKA,1904.0
1018,0,oeTroIck,BsovYeFI,192.0
1018,0,LlpMjrks,oeTroIck,192.0
1018,0,tnRCfdJr,LlpMjrks,192.0
1018,0,EWoqQawU,tnRCfdJr,192.0
1018,0,lRwzpFEA,EWoqQawU,192.0
1018,0,HJijptKA,lRwzpFEA,192.0
1018,0,pkAaqtnD,HJijptKA,192.0
1018,0,mAREpQlu,pkAaqtnD,192.0
43,0,BsovYeFI,azqUKhQu,3.0
43,0,oeTroIck,BsovYeFI,3.0
43,0,LlpMjrks,oeTroIck,3.0
43,0,tnRCfdJr,LlpMjrks,3.0
43,0,EWoqQawU,tnRCfdJr,3.0
43,0,lRwzpFEA,EWoqQawU,3.0
43,0,HJijptKA,lRwzpFEA,3.0
43,0,pkAaqtnD,HJijptKA,3.0
43,0,mAREpQlu,pkAaqtnD,3.0
777,0,oeTroIck,BsovYeFI,1969.0
777,0,LlpMjrks,oeTroIck,2014.0
777,0,tnRCfdJr,LlpMjrks,2014.0
777,0,EWoqQawU,tnRCfdJr,2014.0
777,0,lRwzpFEA,EWoqQawU,2014.0
777,0,HJijptKA,lRwzpFEA,2014.0
777,0,pkAaqtnD,HJijptKA,2009.0
777,0,mAREpQlu,pkAaqtnD,2009.0
902,0,pkAaqtnD,aPOYjvXT,50.0
902,0,mAREpQlu,pkAaqtnD,50.0
899,0,pkAaqtnD,aPOYjvXT,58.0
899,0,mAREpQlu,pkAaqtnD,58.0
777,0,SEVBrkvc,ojqTFFWy,12.0
131,0,JScPHHNr,dScsNKLk,32.0
131,0,BXAColfX,JScPHHNr,32.0
131,0,TenjteTV,BXAColfX,32.0
131,0,oFbMGQKy,TenjteTV,32.0
131,0,tTpRqbZv,oFbMGQKy,32.0
131,0,uzgDjeSU,tTpRqbZv,32.0
131,0,RvWjyDDD,uzgDjeSU,32.0
131,0,diAYwowt,RvWjyDDD,41.0
131,0,safClnnY,diAYwowt,41.0
131,0,CkSrqRXW,safClnnY,6.0
131,0,KzCxlBoL,SEVBrkvc,15.0
131,0,qPtpgxic,KzCxlBoL,15.0
131,0,RyPegcUV,qPtpgxic,16.0
131,0,gGkadTNm,RyPegcUV,16.0
131,0,CbcrfuAf,gGkadTNm,17.0
131,0,TAPXcjBe,CbcrfuAf,20.0
131,0,XsKXZwOQ,TAPXcjBe,20.0
131,0,hmRIiXJy,XsKXZwOQ,21.0
131,0,tOhgfmkj,hmRIiXJy,24.0
131,0,FjwhCXAK,tOhgfmkj,24.0
131,0,dScsNKLk,FjwhCXAK,24.0
131,0,SEVBrkvc,ojqTFFWy,10.0
826,0,nunLDRbE,deapEAbC,5.0
826,0,QbrsudyQ,nunLDRbE,5.0
826,0,oRUBDfuD,QbrsudyQ,5.0
826,0,qQJgvOFz,oRUBDfuD,5.0
826,0,kbNsckqG,qQJgvOFz,100.0
826,0,VHmQaoRO,kbNsckqG,100.0
826,0,MlXQVZuf,VHmQaoRO,104.0
826,0,QxkHLGuk,MlXQVZuf,104.0
826,0,sxnLITXs,QxkHLGuk,107.0
826,0,oLzlCKof,sxnLITXs,109.0
826,0,IyDNJzPw,oLzlCKof,109.0
826,0,AQHsowCO,IyDNJzPw,111.0
826,0,eHBdrFbQ,AQHsowCO,115.0
826,0,nermFKBU,eHBdrFbQ,141.0
826,0,syNMMSsu,nermFKBU,141.0
826,0,aEhaaulL,syNMMSsu,141.0
826,0,bzkCWXwV,aEhaaulL,143.0
826,0,rPcYYZtd,bzkCWXwV,143.0
826,0,ngtiheSM,rPcYYZtd,209.0
826,0,uxBjVsKf,ngtiheSM,209.0
826,0,hvwrhWFk,uxBjVsKf,209.0
826,0,azqUKhQu,hvwrhWFk,209.0
826,0,BsovYeFI,azqUKhQu,210.0
826,0,oeTroIck,BsovYeFI,210.0
826,0,LlpMjrks,oeTroIck,213.0
826,0,tnRCfdJr,LlpMjrks,213.0
826,0,EWoqQawU,tnRCfdJr,213.0
826,0,lRwzpFEA,EWoqQawU,213.0
826,0,HJijptKA,lRwzpFEA,213.0
826,0,pkAaqtnD,HJijptKA,213.0
826,0,mAREpQlu,pkAaqtnD,213.0
826,0,aFNbJDFF,mAREpQlu,236.0
132,0,SEVBrkvc,ojqTFFWy,4.0
132,0,KzCxlBoL,SEVBrkvc,4.0
132,0,qPtpgxic,KzCxlBoL,4.0
132,0,RyPegcUV,qPtpgxic,4.0
733,0,BXAColfX,JScPHHNr,3321.0
733,0,TenjteTV,BXAColfX,3321.0
733,0,oFbMGQKy,TenjteTV,3321.0
733,0,tTpRqbZv,oFbMGQKy,3321.0
733,0,uzgDjeSU,tTpRqbZv,3321.0
733,0,RvWjyDDD,uzgDjeSU,3321.0
1102,0,kZbxJItD,TUmpHOaB,404.0
1102,0,WBGMFkPq,kZbxJItD,404.0
1102,0,ZrJSsOtw,WBGMFkPq,404.0
826,0,JGMtXKXa,aFNbJDFF,230.0
1102,0,gXuuFtgr,ZrJSsOtw,201.0
1102,0,AqLhpCGg,gXuuFtgr,201.0
733,0,NpVJqtjU,RvWjyDDD,2388.0
733,0,SVKOBqwN,NpVJqtjU,2388.0
733,0,jUFdobJP,SVKOBqwN,2388.0
1102,0,oGtLXKlU,AqLhpCGg,167.0
1102,0,fpLsOzrX,oGtLXKlU,88.0
1102,0,qkDUPxQJ,fpLsOzrX,88.0
822,0,DpeufCiu,SGVPbDEb,7.0
822,0,FaHpkwNs,DpeufCiu,7.0
822,0,kohCEyKT,FaHpkwNs,7.0
822,0,DHQRQBBP,kohCEyKT,7.0
822,0,ZKEtlMvK,DHQRQBBP,7.0
822,0,pjRBTtLk,ZKEtlMvK,7.0
822,0,vnfcOAch,pjRBTtLk,7.0
822,0,ryJVAbFB,vnfcOAch,7.0
822,0,ttVqQknl,ryJVAbFB,7.0
822,0,aZtqChJJ,ttVqQknl,7.0
822,0,wrFiwNtD,aZtqChJJ,7.0
822,0,deapEAbC,wrFiwNtD,7.0
822,0,nunLDRbE,deapEAbC,27.0
822,0,oRUBDfuD,nunLDRbE,27.0
822,0,qQJgvOFz,oRUBDfuD,27.0
822,0,kbNsckqG,qQJgvOFz,56.0
822,0,VHmQaoRO,kbNsckqG,56.0
822,0,MlXQVZuf,VHmQaoRO,56.0
822,0,QxkHLGuk,MlXQVZuf,56.0
822,0,sxnLITXs,QxkHLGuk,61.0
822,0,oLzlCKof,sxnLITXs,86.0
822,0,AQHsowCO,oLzlCKof,86.0
822,0,eHBdrFbQ,AQHsowCO,87.0
822,0,nermFKBU,eHBdrFbQ,87.0
822,0,syNMMSsu,nermFKBU,87.0
822,0,aEhaaulL,syNMMSsu,87.0
822,0,bzkCWXwV,aEhaaulL,96.0
822,0,rPcYYZtd,bzkCWXwV,96.0
822,0,ngtiheSM,rPcYYZtd,254.0
822,0,uxBjVsKf,ngtiheSM,254.0
822,0,hvwrhWFk,uxBjVsKf,259.0
822,0,azqUKhQu,hvwrhWFk,259.0
822,0,BsovYeFI,azqUKhQu,263.0
822,0,oeTroIck,BsovYeFI,294.0
822,0,LlpMjrks,oeTroIck,300.0
822,0,tnRCfdJr,LlpMjrks,300.0
822,0,EWoqQawU,tnRCfdJr,300.0
822,0,lRwzpFEA,EWoqQawU,300.0
822,0,EZonlaGf,lRwzpFEA,390.0
822,0,LnttpfXJ,EZonlaGf,390.0
826,0,DwCsfBrf,JGMtXKXa,219.0
826,0,uiqniiby,DwCsfBrf,219.0
826,0,tWWfaWxU,uiqniiby,219.0
826,0,foYyjDus,tWWfaWxU,219.0
733,0,stYOAUgx,jUFdobJP,2465.0
733,0,qatuIGdU,stYOAUgx,2465.0
826,0,sqMuVqoE,foYyjDus,203.0
826,0,zqVKryrK,sqMuVqoE,203.0
822,0,pjnGNdLD,LnttpfXJ,368.0
777,0,MZocsETE,mAREpQlu,525.0
777,0,wJsysHnP,MZocsETE,525.0
777,0,qoKVVYVH,wJsysHnP,525.0
777,0,ZbBLjsKS,qoKVVYVH,525.0
1102,0,ywTbPNnN,qkDUPxQJ,51.0
1102,0,XQUhYonT,ywTbPNnN,51.0
1102,0,kGQEnBYZ,XQUhYonT,51.0
826,0,aWeSqqrV,gyQqEnFq,1.0
826,0,WRVBvtIE,aWeSqqrV,1.0
826,0,RuAJZyMI,WRVBvtIE,1.0
826,0,MtINPaKl,RuAJZyMI,2.0
826,0,SGVPbDEb,MtINPaKl,2.0
826,0,DpeufCiu,SGVPbDEb,2.0
826,0,FaHpkwNs,DpeufCiu,2.0
826,0,kohCEyKT,FaHpkwNs,2.0
826,0,DHQRQBBP,kohCEyKT,2.0
826,0,ZKEtlMvK,DHQRQBBP,2.0
826,0,pjRBTtLk,ZKEtlMvK,2.0
826,0,vnfcOAch,pjRBTtLk,2.0
826,0,ryJVAbFB,vnfcOAch,2.0
826,0,ttVqQknl,ryJVAbFB,2.0
826,0,aZtqChJJ,ttVqQknl,2.0
826,0,wrFiwNtD,aZtqChJJ,2.0
826,0,deapEAbC,wrFiwNtD,2.0
733,0,DZhNCgqR,qatuIGdU,2450.0
733,0,XNqNMdqz,DZhNCgqR,2450.0
733,0,oUlRzwnE,XNqNMdqz,2450.0
822,0,TJYuPZgz,pjnGNdLD,365.0
826,0,AlojXgfn,zqVKryrK,183.0
1345,0,XiLvnZTk,leVkrEcC,262.0
1345,0,FStgRiBS,XiLvnZTk,60.0
1345,0,GkYZbgqg,FStgRiBS,60.0
1345,0,FlYjxOxQ,GkYZbgqg,60.0
1345,0,wFSILCzc,FlYjxOxQ,60.0
1345,0,yQQuLFAg,wFSILCzc,60.0
1345,0,rUKSlFeh,yQQuLFAg,31.0
1345,0,rckblBTM,rUKSlFeh,31.0
1345,0,gKoyUmab,rckblBTM,31.0
1345,0,fGmFhgnx,gKoyUmab,31.0
1345,0,XyHfgUxW,fGmFhgnx,26.0
1345,0,zjjLSYAp,XyHfgUxW,26.0
1345,0,nIakFMcq,zjjLSYAp,26.0
1345,0,yAgyFeHo,nIakFMcq,18.0
1345,0,QdWOxWia,yAgyFeHo,17.0
1345,0,gViLrCgA,QdWOxWia,17.0
1345,0,cCSIoIah,gViLrCgA,17.0
1345,0,DLdtTvFi,cCSIoIah,17.0
1345,0,vRWSdFEN,DLdtTvFi,17.0
1345,0,tDDddUJb,vRWSdFEN,17.0
1345,0,RVGhYAxc,tDDddUJb,17.0
1345,0,BpAiVnps,RVGhYAxc,17.0
868,0,eYsqUgzf,jQlVbeqW,54.0
868,0,CGfCHyje,eYsqUgzf,54.0
868,0,qflzswAf,CGfCHyje,54.0
777,0,VvfGvRfV,ZbBLjsKS,532.0
777,0,gjjwmxRV,VvfGvRfV,532.0
777,0,sXTxOtpY,gjjwmxRV,532.0
1102,0,TRrMduWd,kGQEnBYZ,28.0
777,0,aLhLfQkP,sXTxOtpY,483.0
777,0,eeUAfDeR,aLhLfQkP,483.0
777,0,sJpWePxb,eeUAfDeR,483.0
777,0,vBjvcVSA,sJpWePxb,14.0
777,0,TFYkWDkw,vBjvcVSA,14.0
777,0,JpVXpSar,TFYkWDkw,14.0
1099,0,foDxbakc,xDEugDFx,14.0
1099,0,bGilRaMJ,foDxbakc,14.0
822,0,cNypyxpr,cTQVugNT,4.0
822,0,RuAJZyMI,cNypyxpr,5.0
822,0,MtINPaKl,RuAJZyMI,5.0
822,0,SGVPbDEb,MtINPaKl,5.0
822,0,fvMkSwKl,TJYuPZgz,21.0
826,0,oahiQKZf,AlojXgfn,42.0
826,0,LJERpsJx,oahiQKZf,35.0
826,0,NgxTtWek,LJERpsJx,35.0
826,0,pTibEDEI,NgxTtWek,35.0
1102,0,wdZlcJUN,TRrMduWd,45.0
1102,0,HHtnqjHj,wdZlcJUN,45.0
778,0,QHzfYnaE,wXJrQzdz,45.0
778,0,ZKmlngva,QHzfYnaE,45.0
741,0,JScPHHNr,YvwuVYMF,1.0
741,0,BXAColfX,JScPHHNr,1.0
741,0,TenjteTV,BXAColfX,1.0
741,0,oFbMGQKy,TenjteTV,1.0
741,0,tTpRqbZv,oFbMGQKy,1.0
741,0,uzgDjeSU,tTpRqbZv,1.0
741,0,RvWjyDDD,uzgDjeSU,1.0
741,0,NpVJqtjU,RvWjyDDD,1.0
741,0,SVKOBqwN,NpVJqtjU,1.0
741,0,jUFdobJP,SVKOBqwN,1.0
741,0,stYOAUgx,jUFdobJP,1.0
741,0,qatuIGdU,stYOAUgx,1.0
741,0,DZhNCgqR,qatuIGdU,1.0
741,0,XNqNMdqz,DZhNCgqR,1.0
741,0,oUlRzwnE,XNqNMdqz,1.0
741,0,ZEJEKYue,oUlRzwnE,1.0
733,0,XQGQJTfc,oUlRzwnE,2479.0
733,0,YJlimzmz,XQGQJTfc,2479.0
733,0,GFyDwjlp,YJlimzmz,2479.0
733,0,RhHvrSFQ,GFyDwjlp,2479.0
733,0,cCtcUCYS,RhHvrSFQ,2479.0
733,0,bInfxKVp,cCtcUCYS,2471.0
547,0,xiCfcAgb,AszcEtOu,530.0
547,0,bsQVAuyn,xiCfcAgb,530.0
547,0,bmUdUOzs,bsQVAuyn,530.0
547,0,qPtpgxic,bmUdUOzs,534.0
547,0,gGkadTNm,qPtpgxic,535.0
547,0,dScsNKLk,gGkadTNm,535.0
547,0,RvWjyDDD,dScsNKLk,594.0
547,0,qatuIGdU,RvWjyDDD,594.0
547,0,YJlimzmz,qatuIGdU,594.0
547,0,DdFWFvrk,YJlimzmz,594.0
547,0,KCPTYZEU,DdFWFvrk,594.0
547,0,lPZtleot,KCPTYZEU,594.0
129,0,RVGhYAxc,tDDddUJb,215.0
121,0,WdOwNGhj,xfbmoJHP,1.0
121,0,kKKRBhFF,WdOwNGhj,1.0
121,0,NFInfBeu,kKKRBhFF,1.0
121,0,VCQdmIoF,NFInfBeu,1.0
121,0,ePrpofUw,VCQdmIoF,1.0
121,0,KcvPUxQg,ePrpofUw,1.0
121,0,BlnSxBAr,KcvPUxQg,1.0
121,0,TCBUGaZf,BlnSxBAr,1.0
121,0,pzcCDVmZ,TCBUGaZf,1.0
121,0,oUmVLfUX,pzcCDVmZ,1.0
121,0,fJdABIlw,oUmVLfUX,1.0
121,0,mXwfazRz,fJdABIlw,1.0
121,0,NGAodVTg,mXwfazRz,1.0
121,0,TvGyfQSI,NGAodVTg,1.0
121,0,HFYkXdPG,TvGyfQSI,1.0
121,0,KjgVoxgR,HFYkXdPG,1.0
121,0,xTOrUJFO,KjgVoxgR,1.0
121,0,EmkugZPX,xTOrUJFO,1.0
121,0,lmZJehpq,EmkugZPX,1.0
121,0,tDDddUJb,lmZJehpq,1.0
121,0,RVGhYAxc,tDDddUJb,1.0
548,0,qPtpgxic,ojqTFFWy,49.0
548,0,gGkadTNm,qPtpgxic,49.0
548,0,dScsNKLk,gGkadTNm,49.0
548,0,RvWjyDDD,dScsNKLk,49.0
548,0,qatuIGdU,RvWjyDDD,49.0
548,0,YJlimzmz,qatuIGdU,49.0
548,0,DdFWFvrk,YJlimzmz,49.0
548,0,KCPTYZEU,DdFWFvrk,49.0
548,0,lPZtleot,KCPTYZEU,49.0
547,0,AszcEtOu,pdQlgkSh,5.0
542,0,xiCfcAgb,AszcEtOu,14.0
542,0,bsQVAuyn,xiCfcAgb,14.0
542,0,bmUdUOzs,bsQVAuyn,14.0
542,0,qPtpgxic,bmUdUOzs,14.0
542,0,gGkadTNm,qPtpgxic,14.0
542,0,dScsNKLk,gGkadTNm,14.0
542,0,RvWjyDDD,dScsNKLk,18.0
542,0,qatuIGdU,RvWjyDDD,18.0
542,0,YJlimzmz,qatuIGdU,18.0
542,0,DdFWFvrk,YJlimzmz,18.0
542,0,KCPTYZEU,DdFWFvrk,18.0
542,0,lPZtleot,KCPTYZEU,18.0
542,0,jCwFOmxo,lPZtleot,18.0
542,0,fVolLZWv,jCwFOmxo,18.0
542,0,vnGoAIWR,fVolLZWv,18.0
542,0,UPoJKlTB,vnGoAIWR,18.0
542,0,mBDHTawz,UPoJKlTB,18.0
542,0,lMdnIgyP,mBDHTawz,18.0
523,0,FTwVCxQy,pSVDMeCH,570.0
523,0,RFaTWaew,FTwVCxQy,570.0
573,0,rDSiGFpR,gFAsBeQM,3.0
321,0,hxSTJhOz,zAVZRYih,47.0
321,0,TShNRujB,hxSTJhOz,47.0
1664,0,VNhDHTgU,ymtXIyVJ,1113.0
1664,0,mvZTxord,VNhDHTgU,1113.0
1255,0,PhjcDdmq,ogOCBKAf,866.0
1255,0,bHagonKv,PhjcDdmq,866.0
1255,0,Vlipnutt,bHagonKv,866.0
14,0,fOfcyQgJ,cGoHBmgo,1212.0
14,0,YXOKWXAw,fOfcyQgJ,1569.0
14,0,PSjGjQXK,YXOKWXAw,1569.0
480,0,BgYvcKFh,bKKUjGhb,2143.0
480,0,QRrhNfpu,BgYvcKFh,2143.0
480,0,qSowWcvN,QRrhNfpu,2143.0
480,0,vBGGqNND,qSowWcvN,1638.0
1622,0,vSdfqYeK,PjfwSZnl,11.0
1618,0,xIAmzSOf,kltlGPhk,990.0
1618,0,HFPiIGml,xIAmzSOf,990.0
1326,0,mZrMXUGc,BZEEPDzF,122.0
1326,0,ovqyecwa,mZrMXUGc,628.0
1326,0,PhEXDKmN,ovqyecwa,628.0
1326,0,vfoMHDCS,PhEXDKmN,628.0
1326,0,LEPzGjdo,vfoMHDCS,628.0
1326,0,VeNIGKmR,LEPzGjdo,576.0
1326,0,vkwWhgCe,VeNIGKmR,576.0
1567,0,UgzfanVk,sHqmRcRD,342.0
1669,0,SrxxnOEl,zjFHHUbS,70.0
1669,0,AXxrYyXG,SrxxnOEl,70.0
1669,0,QexJFwXO,AXxrYyXG,70.0
1669,0,exRzHfND,QexJFwXO,65.0
1669,0,slwzdYAd,exRzHfND,65.0
1669,0,phodyDNv,slwzdYAd,65.0
1669,0,gcvwQKzE,phodyDNv,65.0
1669,0,RuqLEiFp,gcvwQKzE,65.0
1669,0,jEliwrSM,RuqLEiFp,59.0
1669,0,OUlPxErG,jEliwrSM,59.0
1669,0,SPorkGXj,OUlPxErG,57.0
1669,0,ZqOseExI,SPorkGXj,57.0
1669,0,CrOFTJlw,ZqOseExI,57.0
1669,0,PyGiRErs,CrOFTJlw,57.0
1669,0,qflzswAf,PyGiRErs,46.0
1349,0,clVXMHJf,suvDbtPR,5.0
1349,0,UXEWVZzP,clVXMHJf,5.0
1349,0,MlYFoaez,UXEWVZzP,5.0
1349,0,XeinAhyy,MlYFoaez,5.0
1349,0,pGpZhRvq,XeinAhyy,5.0
1349,0,alaJPSTW,pGpZhRvq,5.0
1349,0,ngNzeSzC,alaJPSTW,5.0
1349,0,PHuvYJrP,ngNzeSzC,5.0
1349,0,FoxIDeQY,PHuvYJrP,5.0
1349,0,dZoxKDmD,FoxIDeQY,5.0
1349,0,ZOuLYtJj,dZoxKDmD,5.0
1349,0,SGnJOquj,ZOuLYtJj,5.0
1349,0,ogOCBKAf,SGnJOquj,5.0
331,0,MhxjGQjy,UgzfanVk,113.0
331,0,EhUxMFuQ,MhxjGQjy,113.0
331,0,HZcfHzwe,EhUxMFuQ,101.0
331,0,qoWOoICL,HZcfHzwe,101.0
331,0,FwybjYQK,qoWOoICL,101.0
331,0,ZuDlysuz,FwybjYQK,101.0
331,0,IkwHYYuh,ZuDlysuz,101.0
331,0,YzXnYVPd,IkwHYYuh,101.0
331,0,TEKQTTfp,YzXnYVPd,101.0
331,0,ZIPCqImv,TEKQTTfp,101.0
331,0,aWNaUdzp,ZIPCqImv,101.0
331,0,FCsbIOBe,aWNaUdzp,101.0
331,0,gGjwcdJB,FCsbIOBe,101.0
1085,0,ixafYOrk,WneZtuRq,1171.0
1085,0,VWKzFLMH,ixafYOrk,1171.0
1085,0,EllpaOUu,VWKzFLMH,1157.0
1040,0,CKorGRkE,ejMjPdTH,145.0
601,0,FcOkCcps,qdrjbHYS,698.0
601,0,fFHpEWYG,FcOkCcps,758.0
601,0,jOxyxYyy,fFHpEWYG,758.0
601,0,zOQhKaAF,jOxyxYyy,758.0
273,0,jOxyxYyy,fFHpEWYG,1886.0
273,0,zOQhKaAF,jOxyxYyy,1886.0
600,0,RCkelXPh,eyAJPdep,103.0
706,0,yQQuLFAg,wFSILCzc,104.0
601,0,hfsVeMMa,zOQhKaAF,795.0
273,0,hfsVeMMa,zOQhKaAF,2108.0
318,0,QHFmFyLR,EkWBPXmr,1011.0
318,0,neNWquOh,QHFmFyLR,1011.0
318,0,KwaxxmSs,neNWquOh,1011.0
318,0,PSjGjQXK,KwaxxmSs,1027.0
318,0,GnsXgGJX,PSjGjQXK,3404.0
482,0,ifLglfbO,vkAUVqtk,212.0
482,0,hgHcWJof,ifLglfbO,212.0
482,0,qSowWcvN,hgHcWJof,212.0
14,0,GnsXgGJX,PSjGjQXK,2717.0
14,0,VjdckTjW,GnsXgGJX,3356.0
486,0,vkAUVqtk,oeGMQkdJ,1.0
486,0,ifLglfbO,vkAUVqtk,1.0
486,0,hgHcWJof,ifLglfbO,1.0
486,0,qSowWcvN,hgHcWJof,1.0
490,0,bKKUjGhb,gFAsBeQM,3146.0
490,0,QRrhNfpu,bKKUjGhb,3150.0
490,0,qSowWcvN,QRrhNfpu,3071.0
480,0,bKKUjGhb,LbKosGpD,2469.0
1741,0,bKKUjGhb,LbKosGpD,640.0
1741,0,QRrhNfpu,bKKUjGhb,638.0
1741,0,qSowWcvN,QRrhNfpu,638.0
480,0,qpacHTVx,cPCRxZjy,375.0
480,0,XFLojCJa,qpacHTVx,375.0
480,0,mHRdWDIt,XFLojCJa,207.0
480,0,NBopaFdP,mHRdWDIt,575.0
480,0,LbKosGpD,NBopaFdP,575.0
490,0,vBGGqNND,qSowWcvN,1145.0
235,0,QHFmFyLR,EkWBPXmr,2554.0
235,0,neNWquOh,QHFmFyLR,2554.0
235,0,KwaxxmSs,neNWquOh,2564.0
235,0,PSjGjQXK,KwaxxmSs,2568.0
235,0,GnsXgGJX,PSjGjQXK,6230.0
235,0,VjdckTjW,GnsXgGJX,6422.0
235,0,ohvLIfWG,VjdckTjW,6429.0
1741,0,vBGGqNND,qSowWcvN,383.0
1374,0,QHFmFyLR,EkWBPXmr,1071.0
1374,0,neNWquOh,QHFmFyLR,1071.0
1374,0,KwaxxmSs,neNWquOh,1078.0
1374,0,PSjGjQXK,KwaxxmSs,1079.0
1374,0,FDPmqphv,PSjGjQXK,2110.0
1374,0,aVjdmBcp,FDPmqphv,2835.0
1374,0,mKIQRbrs,aVjdmBcp,2835.0
273,0,isVKhOXG,hfsVeMMa,2353.0
273,0,mKIQRbrs,isVKhOXG,2301.0
480,0,FFLftRlg,vBGGqNND,1269.0
480,0,HTKZNJTs,FFLftRlg,1296.0
480,0,FmTbQszJ,HTKZNJTs,1514.0
480,0,JvhqCmbT,FmTbQszJ,2009.0
480,0,xkdRvtRu,JvhqCmbT,2009.0
320,0,vkAUVqtk,oeGMQkdJ,66.0
320,0,ifLglfbO,vkAUVqtk,66.0
320,0,hgHcWJof,ifLglfbO,66.0
320,0,POdtxoZm,hgHcWJof,66.0
320,0,DjKGsdyb,POdtxoZm,142.0
398,0,QHFmFyLR,EkWBPXmr,173.0
398,0,neNWquOh,QHFmFyLR,173.0
398,0,KwaxxmSs,neNWquOh,173.0
398,0,PSjGjQXK,KwaxxmSs,173.0
398,0,GnsXgGJX,PSjGjQXK,373.0
398,0,VjdckTjW,GnsXgGJX,373.0
398,0,ohvLIfWG,VjdckTjW,373.0
398,0,HTKZNJTs,ohvLIfWG,373.0
398,0,FmTbQszJ,HTKZNJTs,373.0
1741,0,FFLftRlg,vBGGqNND,468.0
1741,0,HTKZNJTs,FFLftRlg,468.0
706,0,izUAPpdi,xyBTaHvp,40.0
706,0,FVYwGhLu,izUAPpdi,40.0
706,0,cNWTidvb,FVYwGhLu,40.0
706,0,wFSILCzc,cNWTidvb,40.0
1358,0,lOYrQfzi,oajqUPaH,88.0
1358,0,iuewtDUr,lOYrQfzi,88.0
1358,0,KdEmbmsx,iuewtDUr,88.0
1358,0,GkYZbgqg,KdEmbmsx,88.0
1358,0,FlYjxOxQ,GkYZbgqg,88.0
1358,0,wFSILCzc,FlYjxOxQ,88.0
1358,0,yQQuLFAg,wFSILCzc,88.0
1358,0,rckblBTM,yQQuLFAg,88.0
1358,0,fGmFhgnx,rckblBTM,88.0
1358,0,XyHfgUxW,fGmFhgnx,88.0
1358,0,zjjLSYAp,XyHfgUxW,88.0
1358,0,nIakFMcq,zjjLSYAp,88.0
1358,0,yAgyFeHo,nIakFMcq,87.0
1358,0,QdWOxWia,yAgyFeHo,17.0
235,0,aUPouXsN,ohvLIfWG,5587.0
14,0,aUPouXsN,VjdckTjW,3255.0
273,0,qvujbmjR,mKIQRbrs,2097.0
273,0,SqxhBMol,qvujbmjR,2097.0
590,0,QHFmFyLR,EkWBPXmr,1439.0
590,0,neNWquOh,QHFmFyLR,1439.0
590,0,BQqYmuyR,neNWquOh,1441.0
590,0,PSjGjQXK,BQqYmuyR,1441.0
590,0,FDPmqphv,PSjGjQXK,3830.0
590,0,aVjdmBcp,FDPmqphv,4114.0
590,0,isVKhOXG,aVjdmBcp,4114.0
590,0,pHNyFRmN,isVKhOXG,4150.0
590,0,SMriOOgF,pHNyFRmN,4172.0
590,0,RHWjHSWx,SMriOOgF,4172.0
218,0,BoBfKnBc,WuSgkufa,55.0
218,0,tjNvNzFb,BoBfKnBc,55.0
218,0,mxxFIxNX,tjNvNzFb,55.0
218,0,mxpYyFEY,mxxFIxNX,55.0
218,0,awnNVqry,mxpYyFEY,55.0
218,0,EYCnMsAF,awnNVqry,55.0
218,0,XjEyEHqT,EYCnMsAF,55.0
218,0,IvqxNjHK,XjEyEHqT,55.0
218,0,SyrqOGJb,IvqxNjHK,55.0
218,0,NcLanIdZ,SyrqOGJb,55.0
218,0,OyNIynZV,NcLanIdZ,49.0
218,0,ydoNqUsu,OyNIynZV,49.0
218,0,yYSDLmlm,ydoNqUsu,39.0
218,0,FDCDnriY,yYSDLmlm,39.0
218,0,hLEWSLqw,FDCDnriY,39.0
601,0,mKIQRbrs,hfsVeMMa,810.0
480,0,SqxhBMol,xkdRvtRu,2045.0
1374,0,qvujbmjR,mKIQRbrs,2379.0
1374,0,SqxhBMol,qvujbmjR,2448.0
480,0,hOGVczfj,QIQMIQBO,635.0
480,0,kXtCwJQx,hOGVczfj,633.0
686,0,fubLBmAl,DOGyniWl,1405.0
686,0,nEXpIbiD,fubLBmAl,1405.0
686,0,eTJQHplR,nEXpIbiD,1408.0
686,0,vrgENeuF,eTJQHplR,1532.0
686,0,lxSUNwOi,vrgENeuF,1614.0
686,0,aIerxCRO,lxSUNwOi,1634.0
686,0,ZHaurlhr,aIerxCRO,1634.0
686,0,KMDYeUKg,ZHaurlhr,1802.0
686,0,RSPZrGBg,KMDYeUKg,1826.0
686,0,nrUfCQxz,RSPZrGBg,1825.0
686,0,YmkUpvHU,qKeCDDXI,276.0
686,0,GbYxEXTt,YmkUpvHU,1323.0
686,0,DOGyniWl,GbYxEXTt,1323.0
1358,0,gViLrCgA,QdWOxWia,6.0
1358,0,cCSIoIah,gViLrCgA,2.0
1358,0,DLdtTvFi,cCSIoIah,2.0
1413,0,DeduXMzE,udlIzhJE,34.0
1413,0,GXHjZCTL,DeduXMzE,34.0
1413,0,yolIeCeg,GXHjZCTL,34.0
1413,0,ozAxYCwR,yolIeCeg,34.0
1413,0,qdrjbHYS,ozAxYCwR,34.0
1413,0,AKdDiXyV,qdrjbHYS,34.0
1413,0,fFHpEWYG,AKdDiXyV,34.0
1413,0,jOxyxYyy,fFHpEWYG,34.0
1413,0,gGlRqksC,jOxyxYyy,34.0
1413,0,GRRjUQxz,gGlRqksC,34.0
1413,0,evYofZgS,GRRjUQxz,34.0
1413,0,RHWjHSWx,evYofZgS,34.0
1413,0,VpmqCJUB,RHWjHSWx,34.0
1413,0,dulnZXnF,VpmqCJUB,34.0
1413,0,RkIYOvZu,dulnZXnF,34.0
1413,0,ygKQkAfU,RkIYOvZu,34.0
295,0,qDeoslSZ,hLEWSLqw,1330.0
490,0,VpmqCJUB,RHWjHSWx,1928.0
490,0,dulnZXnF,VpmqCJUB,1928.0
490,0,RkIYOvZu,dulnZXnF,1928.0
490,0,ygKQkAfU,RkIYOvZu,1928.0
670,0,AszcEtOu,BpAiVnps,256.0
670,0,ybjkPLXB,AszcEtOu,370.0
273,0,nrKKniYe,SqxhBMol,1917.0
235,0,SlfNpref,aUPouXsN,5039.0
235,0,nrKKniYe,SlfNpref,5039.0
457,0,DRkcXziO,PbNNbEKu,27.0
457,0,fTOPrrgc,DRkcXziO,27.0
457,0,ErjukRDc,fTOPrrgc,27.0
457,0,ojYgsDtJ,ErjukRDc,27.0
226,0,aIerxCRO,lxSUNwOi,130.0
226,0,ZHaurlhr,aIerxCRO,130.0
226,0,KMDYeUKg,ZHaurlhr,195.0
226,0,lxSUNwOi,NgBSBxMr,120.0
600,0,CEZTRnUo,qflzswAf,24.0
600,0,funWfCdm,CEZTRnUo,24.0
600,0,rnFrOJMw,funWfCdm,24.0
600,0,MklhhYCQ,rnFrOJMw,24.0
600,0,nzTRQfUi,MklhhYCQ,24.0
600,0,PZLqDGdx,nzTRQfUi,24.0
600,0,kjxfKqbD,PZLqDGdx,24.0
600,0,mSXRukCc,kjxfKqbD,24.0
600,0,FFGyTMvJ,mSXRukCc,24.0
600,0,eyAJPdep,FFGyTMvJ,24.0
1689,0,xMTUUeEc,tBgOcvQf,17.0
1689,0,jPryMrof,xMTUUeEc,17.0
1689,0,jkJwqjHm,jPryMrof,17.0
1689,0,jKMBgxbE,jkJwqjHm,17.0
1689,0,tldUULAx,jKMBgxbE,17.0
1689,0,yzZGrKJL,tldUULAx,15.0
1689,0,qDeoslSZ,yzZGrKJL,15.0
214,0,XjEyEHqT,EYCnMsAF,299.0
214,0,qDeoslSZ,hLEWSLqw,760.0
490,0,blwWmPPo,ygKQkAfU,1298.0
490,0,hLEWSLqw,blwWmPPo,1298.0
490,0,qDeoslSZ,hLEWSLqw,1293.0
1744,0,blwWmPPo,ygKQkAfU,2466.0
1744,0,ufLmazVu,blwWmPPo,2466.0
1744,0,tMEROJFH,ufLmazVu,2427.0
1745,0,blwWmPPo,ygKQkAfU,436.0
1745,0,hLEWSLqw,blwWmPPo,436.0
1745,0,tMEROJFH,hLEWSLqw,436.0
501,0,blwWmPPo,ygKQkAfU,139.0
501,0,ufLmazVu,blwWmPPo,139.0
501,0,qDeoslSZ,ufLmazVu,139.0
647,0,plmttHNh,mBUKTvtr,54.0
647,0,GIAembsg,plmttHNh,54.0
647,0,OyNIynZV,GIAembsg,54.0
218,0,qDeoslSZ,hLEWSLqw,38.0
590,0,VpmqCJUB,RHWjHSWx,4038.0
590,0,EvIZgaUF,VpmqCJUB,4038.0
590,0,mGgwEHaG,EvIZgaUF,4046.0
590,0,DWuGRWkF,mGgwEHaG,4046.0
1741,0,JvhqCmbT,HTKZNJTs,418.0
1741,0,pfHqWMIj,JvhqCmbT,418.0
1741,0,yZEnTGkU,pfHqWMIj,418.0
1741,0,svamcGgQ,yZEnTGkU,464.0
1741,0,OkTOljoV,svamcGgQ,464.0
1741,0,RoAYEvND,OkTOljoV,464.0
480,0,yZEnTGkU,SqxhBMol,1702.0
480,0,svamcGgQ,yZEnTGkU,2137.0
480,0,OkTOljoV,svamcGgQ,2137.0
480,0,ryMrZCSE,OkTOljoV,2137.0
320,0,ExPvCHrU,DjKGsdyb,194.0
320,0,OCwYbEnq,ExPvCHrU,194.0
320,0,nrUfCQxz,OCwYbEnq,213.0
320,0,XwcxmOai,nrUfCQxz,213.0
590,0,ryMrZCSE,DWuGRWkF,4116.0
480,0,UZvsWvxC,kXtCwJQx,608.0
480,0,Afgbwxue,UZvsWvxC,608.0
480,0,yHOAvGcL,Afgbwxue,608.0
480,0,cPCRxZjy,yHOAvGcL,270.0
1505,0,BMprcpdo,xQqwXgNZ,3292.0
1745,0,hOGVczfj,pOvHFZPM,359.0
1745,0,kXtCwJQx,hOGVczfj,359.0
1745,0,UZvsWvxC,kXtCwJQx,359.0
1745,0,Afgbwxue,UZvsWvxC,359.0
1745,0,yHOAvGcL,Afgbwxue,359.0
1745,0,CTeFabzs,yHOAvGcL,359.0
1745,0,TUpCuZAw,ThGrfpxl,331.0
1745,0,HYfXIyFk,TUpCuZAw,331.0
1745,0,oQvXmJfL,HYfXIyFk,331.0
1745,0,yayPNqiY,oQvXmJfL,331.0
1745,0,pOvHFZPM,yayPNqiY,331.0
1745,0,XAxmwtqw,aFlzccOO,205.0
1745,0,ThGrfpxl,XAxmwtqw,205.0
1745,0,aFlzccOO,DYvQviUy,159.0
1745,0,DYvQviUy,RfEbENxd,149.0
1745,0,jQaLNViL,gyQqEnFq,78.0
1745,0,RfEbENxd,jQaLNViL,78.0
235,0,AjJCgCBk,nrKKniYe,5091.0
14,0,SlfNpref,aUPouXsN,3594.0
14,0,nrKKniYe,SlfNpref,3594.0
14,0,AjJCgCBk,nrKKniYe,3696.0
1106,0,awOEKaEj,qdrjbHYS,452.0
1106,0,fFHpEWYG,awOEKaEj,456.0
1106,0,jOxyxYyy,fFHpEWYG,456.0
1106,0,eVGAINdZ,jOxyxYyy,456.0
1106,0,zOQhKaAF,eVGAINdZ,456.0
1106,0,hfsVeMMa,zOQhKaAF,510.0
1106,0,isVKhOXG,hfsVeMMa,527.0
1106,0,mKIQRbrs,isVKhOXG,527.0
1106,0,qvujbmjR,mKIQRbrs,527.0
1106,0,SqxhBMol,qvujbmjR,527.0
1106,0,nrKKniYe,SqxhBMol,527.0
1106,0,SWnceHEw,nrKKniYe,666.0
1106,0,AjJCgCBk,SWnceHEw,666.0
273,0,SWnceHEw,nrKKniYe,1884.0
273,0,AjJCgCBk,SWnceHEw,1884.0
287,0,eKMWhxRF,lqMPnIra,234.0
287,0,PKfyrIVb,eKMWhxRF,234.0
287,0,uGNDunGF,PKfyrIVb,234.0
1374,0,MzWshIAL,SqxhBMol,1681.0
1374,0,NZGnRwVn,MzWshIAL,1773.0
235,0,jFmPCmzM,AjJCgCBk,4643.0
539,0,SwLVnWPq,ZijVddwt,12.0
539,0,xGsoSfhX,SwLVnWPq,10.0
273,0,jFmPCmzM,AjJCgCBk,1705.0
1197,0,OeKkfJSz,HTcmpFUD,38.0
1197,0,FZjXRNIl,OeKkfJSz,38.0
1197,0,wHSBMatn,FZjXRNIl,38.0
1197,0,pbVrXoGi,wHSBMatn,38.0
1197,0,GuhaYkFL,pbVrXoGi,39.0
1197,0,EdJUuxct,GuhaYkFL,39.0
1197,0,gmiMCrrb,EdJUuxct,39.0
292,0,QHFmFyLR,EkWBPXmr,491.0
292,0,neNWquOh,QHFmFyLR,491.0
292,0,KwaxxmSs,neNWquOh,491.0
292,0,PSjGjQXK,KwaxxmSs,494.0
292,0,GnsXgGJX,PSjGjQXK,1074.0
292,0,VjdckTjW,GnsXgGJX,1096.0
292,0,ohvLIfWG,VjdckTjW,1168.0
292,0,aUPouXsN,ohvLIfWG,1169.0
985,0,peBgOXli,yAqyhWkU,2.0
985,0,KnWWIWQx,peBgOXli,2.0
985,0,bRAzuzSs,KnWWIWQx,2.0
985,0,OwpcAtJV,bRAzuzSs,2.0
273,0,TrOiZJox,jFmPCmzM,1293.0
253,0,DOGyniWl,GbYxEXTt,1401.0
1750,0,DOGyniWl,GbYxEXTt,330.0
1750,0,fubLBmAl,DOGyniWl,330.0
1750,0,nEXpIbiD,fubLBmAl,330.0
1750,0,eTJQHplR,nEXpIbiD,321.0
1106,0,jFmPCmzM,AjJCgCBk,653.0
1106,0,TrOiZJox,jFmPCmzM,606.0
213,0,eYoPTdNP,ZpgoacOO,349.0
213,0,rlRRFZPO,eYoPTdNP,349.0
213,0,JXTJImqP,rlRRFZPO,349.0
213,0,rwHPNAJf,JXTJImqP,349.0
213,0,suszCmcx,rwHPNAJf,349.0
213,0,dfkLIYlO,suszCmcx,349.0
213,0,RiVtboFJ,dfkLIYlO,349.0
686,0,UFoaQvGg,RfEbENxd,54.0
686,0,uxsctOEt,UFoaQvGg,54.0
686,0,UfJDroVz,uxsctOEt,54.0
686,0,biJBLznK,UfJDroVz,54.0
686,0,TcsyXYNn,biJBLznK,54.0
686,0,qKeCDDXI,TcsyXYNn,54.0
686,0,jQaLNViL,gyQqEnFq,21.0
686,0,RfEbENxd,jQaLNViL,21.0
635,0,pSVDMeCH,gaLZwYvS,106.0
635,0,FTwVCxQy,pSVDMeCH,106.0
635,0,RFaTWaew,FTwVCxQy,106.0
635,0,mYoRZvtc,RFaTWaew,204.0
635,0,NKCxdwhs,mYoRZvtc,313.0
635,0,eeSdZFhf,NKCxdwhs,313.0
635,0,gFAsBeQM,eeSdZFhf,395.0
1413,0,blwWmPPo,ygKQkAfU,30.0
1413,0,dYaEdzoO,blwWmPPo,30.0
1413,0,TIoMzhxD,dYaEdzoO,30.0
648,0,TIoMzhxD,LoxEXWve,402.0
214,0,EYCnMsAF,awnNVqry,5.0
590,0,fRxWIrbs,ryMrZCSE,3707.0
590,0,QrdELzCu,fRxWIrbs,3707.0
590,0,YvwQRHTE,QrdELzCu,3707.0
590,0,HJTsgSzj,YvwQRHTE,3698.0
1413,0,iRpWiLQH,TIoMzhxD,18.0
1413,0,LPBTmxgF,iRpWiLQH,18.0
670,0,pTpnumHG,TIoMzhxD,408.0
670,0,LPBTmxgF,pTpnumHG,408.0
311,0,LPBTmxgF,pTpnumHG,706.0
615,0,pTpnumHG,TIoMzhxD,288.0
615,0,LPBTmxgF,pTpnumHG,288.0
311,0,plWWPiMc,mnkgCFDT,394.0
311,0,HcPkwFHM,plWWPiMc,452.0
311,0,KjuJaNsu,HcPkwFHM,685.0
311,0,oNyGHMvy,KjuJaNsu,685.0
311,0,QdnKSSsO,oNyGHMvy,713.0
311,0,vSdfqYeK,QdnKSSsO,835.0
311,0,wDpyEsxh,vSdfqYeK,835.0
311,0,jIerKxIb,wDpyEsxh,835.0
311,0,IubGYoNi,jIerKxIb,982.0
311,0,fmQEzQWV,IubGYoNi,1120.0
311,0,BpAiVnps,fmQEzQWV,1460.0
213,0,RFaTWaew,pSVDMeCH,1.0
213,0,TUeJMYAe,RiVtboFJ,423.0
213,0,nDzrviXX,TUeJMYAe,423.0
648,0,QdIKKqKN,TIoMzhxD,19.0
648,0,ZIZoBDen,QdIKKqKN,19.0
648,0,DYLgRRdw,ZIZoBDen,19.0
648,0,QvJRXCKm,DYLgRRdw,19.0
480,0,fRxWIrbs,ryMrZCSE,1511.0
480,0,QrdELzCu,fRxWIrbs,1511.0
480,0,YvwQRHTE,QrdELzCu,1511.0
480,0,HJTsgSzj,YvwQRHTE,1575.0
1645,0,ASOyxnpu,QewuHWYk,254.0
1645,0,sWFNlbjw,ASOyxnpu,471.0
1645,0,qTqvnQiR,sWFNlbjw,471.0
1645,0,FyIjwLBj,qTqvnQiR,443.0
1645,0,DdAJghjk,FyIjwLBj,397.0
1645,0,IglTFvIG,DdAJghjk,364.0
1645,0,esXmHZAz,IglTFvIG,364.0
1645,0,VUTBmskZ,esXmHZAz,364.0
1645,0,KQSHMGnw,VUTBmskZ,363.0
147,0,VuPuNOXM,WeXgsZLY,796.0
147,0,QgwCgjAi,VuPuNOXM,796.0
204,0,VuPuNOXM,WeXgsZLY,950.0
204,0,QgwCgjAi,VuPuNOXM,950.0
213,0,QgwCgjAi,nDzrviXX,393.0
1468,0,DOGyniWl,GbYxEXTt,133.0
1468,0,nEXpIbiD,DOGyniWl,133.0
1468,0,eTJQHplR,nEXpIbiD,133.0
798,0,DOGyniWl,GbYxEXTt,485.0
798,0,fubLBmAl,DOGyniWl,485.0
798,0,nEXpIbiD,fubLBmAl,485.0
798,0,eTJQHplR,nEXpIbiD,485.0
528,0,DOGyniWl,ItndWSiW,94.0
528,0,fubLBmAl,DOGyniWl,94.0
528,0,nEXpIbiD,fubLBmAl,94.0
528,0,eTJQHplR,nEXpIbiD,94.0
590,0,TcTonWJL,HJTsgSzj,3524.0
601,0,ImIhxSnH,RfzcmazU,1430.0
601,0,iEKuRfDT,ImIhxSnH,1430.0
601,0,PlyJazqR,iEKuRfDT,1430.0
601,0,ylfNfbjf,PlyJazqR,1430.0
601,0,psXocZQH,ylfNfbjf,1430.0
601,0,yprCGtVa,psXocZQH,1430.0
14,0,jFmPCmzM,AjJCgCBk,3721.0
14,0,fkZFUNSd,jFmPCmzM,3449.0
14,0,cttUtMNm,fkZFUNSd,3802.0
14,0,wHfmVQMh,cttUtMNm,3797.0
1106,0,fkZFUNSd,TrOiZJox,1321.0
1106,0,cttUtMNm,fkZFUNSd,1321.0
1106,0,wHfmVQMh,cttUtMNm,1321.0
673,0,jXeBpcDF,lZYsrfVZ,287.0
673,0,goaumTLR,jXeBpcDF,287.0
673,0,vNMxowJX,goaumTLR,287.0
673,0,voZaDctr,vNMxowJX,287.0
673,0,cttUtMNm,voZaDctr,287.0
673,0,wHfmVQMh,cttUtMNm,287.0
14,0,mdGitRQe,wHfmVQMh,3831.0
1374,0,GvhVJqUj,NZGnRwVn,1321.0
398,0,JvhqCmbT,FmTbQszJ,292.0
398,0,xkdRvtRu,JvhqCmbT,292.0
398,0,upZFxFqB,xkdRvtRu,292.0
398,0,SqxhBMol,upZFxFqB,292.0
398,0,yZEnTGkU,SqxhBMol,292.0
398,0,svamcGgQ,yZEnTGkU,292.0
398,0,OkTOljoV,svamcGgQ,292.0
398,0,ryMrZCSE,OkTOljoV,292.0
398,0,fRxWIrbs,ryMrZCSE,292.0
398,0,QrdELzCu,fRxWIrbs,292.0
398,0,YvwQRHTE,QrdELzCu,292.0
398,0,HJTsgSzj,YvwQRHTE,292.0
398,0,TcTonWJL,HJTsgSzj,292.0
398,0,WtptgYtz,TcTonWJL,292.0
480,0,TcTonWJL,HJTsgSzj,1021.0
480,0,WtptgYtz,TcTonWJL,1055.0
1106,0,mdGitRQe,wHfmVQMh,1265.0
673,0,mdGitRQe,wHfmVQMh,140.0
1023,0,CwhdRXLi,JzVUaFrl,604.0
1023,0,gjOgguRV,CwhdRXLi,604.0
94,0,VuPuNOXM,WeXgsZLY,1.0
94,0,QgwCgjAi,VuPuNOXM,1.0
94,0,zAwPDfkg,QgwCgjAi,1.0
94,0,NFETpHWK,zAwPDfkg,1.0
94,0,eTJQHplR,NFETpHWK,1.0
1366,0,jQaLNViL,gyQqEnFq,732.0
1366,0,RfEbENxd,jQaLNViL,883.0
1272,0,cHhWsWUg,SMhobJmy,1387.0
1272,0,nPkrzCty,cHhWsWUg,1387.0
1272,0,jIerKxIb,nPkrzCty,1360.0
1567,0,lqMPnIra,nPkrzCty,2496.0
398,0,NJSgWoOc,WtptgYtz,159.0
398,0,HFKfgJoc,NJSgWoOc,159.0
398,0,KQSHMGnw,HFKfgJoc,159.0
684,0,NJSgWoOc,FHkpxOov,572.0
684,0,HFKfgJoc,NJSgWoOc,572.0
684,0,KQSHMGnw,HFKfgJoc,572.0
480,0,NJSgWoOc,WtptgYtz,984.0
480,0,HFKfgJoc,NJSgWoOc,984.0
480,0,KQSHMGnw,HFKfgJoc,984.0
686,0,NJSgWoOc,FHkpxOov,320.0
686,0,HFKfgJoc,NJSgWoOc,320.0
686,0,KQSHMGnw,HFKfgJoc,320.0
590,0,NJSgWoOc,TcTonWJL,3527.0
590,0,RIpTuvwk,NJSgWoOc,3527.0
1189,0,adsviABF,LPldZjRa,53.0
1189,0,TqlJzItM,adsviABF,45.0
1189,0,KQSHMGnw,TqlJzItM,45.0
186,0,DzkWADkh,gmiMCrrb,335.0
186,0,MjMnNBLG,DzkWADkh,335.0
186,0,XiRzIewe,MjMnNBLG,335.0
356,0,zfdolaES,nEXpIbiD,1211.0
356,0,jiufRClk,zfdolaES,1211.0
356,0,GVnbohJg,jiufRClk,1211.0
356,0,TIKKmaif,GVnbohJg,1230.0
356,0,nTVsVrjG,TIKKmaif,955.0
235,0,MgruBUee,RVGhYAxc,3604.0
273,0,BpAiVnps,RVGhYAxc,1563.0
186,0,udKeccMr,XiRzIewe,415.0
186,0,HEshVETB,udKeccMr,415.0
186,0,WKWTpoqQ,HEshVETB,415.0
186,0,oUmVLfUX,WKWTpoqQ,434.0
186,0,fJdABIlw,oUmVLfUX,434.0
186,0,mXwfazRz,fJdABIlw,384.0
186,0,rBcVngYR,mXwfazRz,384.0
186,0,NGAodVTg,rBcVngYR,149.0
186,0,TvGyfQSI,NGAodVTg,149.0
186,0,HFYkXdPG,TvGyfQSI,149.0
186,0,KjgVoxgR,HFYkXdPG,157.0
186,0,xTOrUJFO,KjgVoxgR,145.0
186,0,EmkugZPX,xTOrUJFO,145.0
186,0,lmZJehpq,EmkugZPX,144.0
186,0,YtrqvWdf,lmZJehpq,144.0
186,0,tDDddUJb,YtrqvWdf,84.0
186,0,RVGhYAxc,tDDddUJb,84.0
186,0,BpAiVnps,RVGhYAxc,67.0
673,0,RVGhYAxc,mdGitRQe,115.0
673,0,BpAiVnps,RVGhYAxc,115.0
178,0,RVGhYAxc,tDDddUJb,68.0
178,0,BpAiVnps,RVGhYAxc,57.0
1104,0,DzkWADkh,tBgOcvQf,5.0
1104,0,MjMnNBLG,DzkWADkh,5.0
1104,0,XiRzIewe,MjMnNBLG,5.0
1104,0,HEshVETB,XiRzIewe,5.0
1104,0,WKWTpoqQ,HEshVETB,5.0
1104,0,fJdABIlw,WKWTpoqQ,5.0
1104,0,uDcoTtDr,fJdABIlw,3.0
1104,0,NGAodVTg,uDcoTtDr,3.0
1104,0,TvGyfQSI,NGAodVTg,3.0
1104,0,HFYkXdPG,TvGyfQSI,3.0
1104,0,KjgVoxgR,HFYkXdPG,3.0
1104,0,EmkugZPX,KjgVoxgR,2.0
1104,0,lmZJehpq,EmkugZPX,2.0
1104,0,RVGhYAxc,lmZJehpq,2.0
1104,0,BpAiVnps,RVGhYAxc,2.0
477,0,BpAiVnps,RVGhYAxc,796.0
539,0,pdQlgkSh,xGsoSfhX,8.0
52,0,oiYuCTCe,ZijVddwt,1128.0
52,0,SwLVnWPq,oiYuCTCe,231.0
52,0,xQSKBJml,SwLVnWPq,231.0
52,0,eXTjiXiW,xQSKBJml,231.0
52,0,UUCrlfWg,eXTjiXiW,231.0
52,0,YULSfngF,UUCrlfWg,231.0
52,0,ozuppJDT,YULSfngF,231.0
52,0,xGsoSfhX,ozuppJDT,231.0
52,0,RVGhYAxc,xGsoSfhX,146.0
52,0,BpAiVnps,RVGhYAxc,146.0
1549,0,tkDBwPiV,uGNDunGF,25.0
1549,0,mqlWPdpA,tkDBwPiV,20.0
1549,0,lOdrwgOe,mqlWPdpA,20.0
1549,0,BRjWpQtg,lOdrwgOe,2.0
1549,0,CrcsXCbZ,BRjWpQtg,2.0
1549,0,fcKeEgEf,CrcsXCbZ,2.0
1549,0,MgruBUee,fcKeEgEf,2.0
590,0,ubzklVlS,RIpTuvwk,3424.0
1262,0,tkDBwPiV,uGNDunGF,2603.0
1262,0,mqlWPdpA,tkDBwPiV,2599.0
1262,0,lOdrwgOe,mqlWPdpA,2599.0
1262,0,BRjWpQtg,lOdrwgOe,156.0
1262,0,CrcsXCbZ,BRjWpQtg,156.0
1262,0,noVetmot,ZdIQslRD,2318.0
1262,0,MGitFLID,noVetmot,2318.0
1262,0,kYpOneyC,MGitFLID,2318.0
1262,0,fQmxveIO,kYpOneyC,2309.0
1262,0,DRTLnTnI,fQmxveIO,2309.0
1262,0,eKMWhxRF,DRTLnTnI,2309.0
1262,0,PKfyrIVb,eKMWhxRF,2034.0
1262,0,uGNDunGF,PKfyrIVb,2034.0
601,0,pPqywgRl,yprCGtVa,1288.0
601,0,HGjkimBc,pPqywgRl,1221.0
601,0,lqMPnIra,HGjkimBc,1221.0
1141,0,lqMPnIra,jIerKxIb,2182.0
1272,0,jFRqfnFl,VkcYQwTj,1076.0
1272,0,ysSWNERo,jFRqfnFl,1076.0
1272,0,lQIpGOTn,ysSWNERo,1079.0
1272,0,uhUmvvRs,lQIpGOTn,1079.0
1272,0,svgtEcQx,uhUmvvRs,1079.0
1272,0,HcPkwFHM,svgtEcQx,1079.0
1272,0,KjuJaNsu,HcPkwFHM,1079.0
1272,0,oNyGHMvy,KjuJaNsu,1079.0
1272,0,QdnKSSsO,oNyGHMvy,1079.0
1272,0,vSdfqYeK,QdnKSSsO,1079.0
1272,0,AmahvgQB,vSdfqYeK,1079.0
1272,0,lOtREfVG,AmahvgQB,1079.0
1272,0,SMhobJmy,lOtREfVG,1079.0
1272,0,lqMPnIra,jIerKxIb,1176.0
1272,0,BZCtSmhk,ywuGpANM,1068.0
1272,0,VkcYQwTj,BZCtSmhk,1068.0
1272,0,FZsFzszJ,gzTQJVMW,132.0
1272,0,ALhaazBT,FZsFzszJ,141.0
1272,0,AUmOMGnp,ALhaazBT,163.0
1272,0,ejMjPdTH,AUmOMGnp,165.0
1272,0,NJxrRaUf,ejMjPdTH,291.0
1272,0,hpACGGyB,NJxrRaUf,291.0
1272,0,ywuGpANM,hpACGGyB,293.0
1272,0,RVEyrwjR,XLVjRryq,110.0
1272,0,gzTQJVMW,RVEyrwjR,114.0
1272,0,XLVjRryq,NxbXiMUL,50.0
1272,0,vDFCntfg,YvwuVYMF,45.0
1272,0,NxbXiMUL,vDFCntfg,45.0
320,0,sCyvkPkr,XwcxmOai,363.0
320,0,YLjwrcCY,sCyvkPkr,363.0
320,0,RfzcmazU,YLjwrcCY,363.0
320,0,ImIhxSnH,RfzcmazU,363.0
320,0,iEKuRfDT,ImIhxSnH,363.0
320,0,PlyJazqR,iEKuRfDT,363.0
320,0,kkrKJmiC,PlyJazqR,363.0
320,0,psXocZQH,kkrKJmiC,363.0
320,0,yprCGtVa,psXocZQH,363.0
320,0,pPqywgRl,yprCGtVa,437.0
320,0,SJHseTdc,pPqywgRl,437.0
320,0,lqMPnIra,SJHseTdc,437.0
291,0,SOBUilCD,mdGitRQe,985.0
291,0,RVGhYAxc,SOBUilCD,985.0
291,0,NfHwMQdR,dLUoTBAU,479.0
291,0,nPkrzCty,NfHwMQdR,479.0
291,0,lqMPnIra,nPkrzCty,479.0
1619,0,oIlHYibo,EnhcBMcG,1023.0
1619,0,rcxPdVgD,oIlHYibo,1023.0
1619,0,NztIaxQU,rcxPdVgD,921.0
1619,0,YctaenCe,jcExlqwL,204.0
1619,0,tzYrVhKO,YctaenCe,204.0
1619,0,UgpyjFML,tzYrVhKO,204.0
1619,0,nPkrzCty,UgpyjFML,193.0
1619,0,CuLSONdy,nPkrzCty,191.0
464,0,HpfZbCVA,fyqDJAhS,896.0
464,0,EYgpmtHR,HpfZbCVA,784.0
464,0,glDvUhXc,EYgpmtHR,765.0
464,0,FhKkSAFH,glDvUhXc,765.0
464,0,hSRFRBsa,FhKkSAFH,765.0
601,0,eKMWhxRF,lqMPnIra,557.0
601,0,pRsoSsPh,eKMWhxRF,557.0
601,0,pUxrqkbR,pRsoSsPh,557.0
601,0,GmRorurF,pUxrqkbR,557.0
601,0,rWJbJwsc,GmRorurF,557.0
601,0,uuIZngLh,rWJbJwsc,493.0
601,0,gHWJyJxY,uuIZngLh,493.0
601,0,oXQrzcje,gHWJyJxY,382.0
601,0,fyqDJAhS,oXQrzcje,382.0
601,0,HpfZbCVA,fyqDJAhS,286.0
601,0,glDvUhXc,HpfZbCVA,286.0
601,0,FhKkSAFH,glDvUhXc,286.0
601,0,taPJzyhF,FhKkSAFH,286.0
1568,0,pUxrqkbR,pRsoSsPh,6727.0
1568,0,GmRorurF,pUxrqkbR,6800.0
1568,0,rWJbJwsc,GmRorurF,11041.0
1568,0,uuIZngLh,rWJbJwsc,12066.0
1568,0,gHWJyJxY,uuIZngLh,12068.0
1568,0,oXQrzcje,gHWJyJxY,12068.0
1568,0,fyqDJAhS,oXQrzcje,12708.0
1568,0,CSzsuVOH,fyqDJAhS,13685.0
1568,0,aUZoPZMc,CSzsuVOH,13685.0
1568,0,xOhGqygU,aUZoPZMc,13685.0
1178,0,xqQnPHkt,cNWTidvb,5499.0
1178,0,IfTbUocE,xqQnPHkt,5049.0
1178,0,OgnAStiZ,IfTbUocE,6137.0
1178,0,NmJVuAxS,OgnAStiZ,6137.0
1178,0,VFLsoIHD,NmJVuAxS,6412.0
122,0,WdOwNGhj,xfbmoJHP,5.0
122,0,kKKRBhFF,WdOwNGhj,4.0
122,0,NFInfBeu,kKKRBhFF,4.0
122,0,VCQdmIoF,NFInfBeu,4.0
122,0,ePrpofUw,VCQdmIoF,4.0
122,0,KcvPUxQg,ePrpofUw,4.0
122,0,BlnSxBAr,KcvPUxQg,4.0
122,0,TCBUGaZf,BlnSxBAr,4.0
122,0,pzcCDVmZ,TCBUGaZf,4.0
122,0,oUmVLfUX,pzcCDVmZ,4.0
122,0,fJdABIlw,oUmVLfUX,4.0
122,0,mXwfazRz,fJdABIlw,4.0
122,0,NGAodVTg,mXwfazRz,3.0
122,0,TvGyfQSI,NGAodVTg,3.0
122,0,HFYkXdPG,TvGyfQSI,3.0
122,0,KjgVoxgR,HFYkXdPG,3.0
122,0,xTOrUJFO,KjgVoxgR,2.0
122,0,EmkugZPX,xTOrUJFO,2.0
122,0,lmZJehpq,EmkugZPX,2.0
122,0,tDDddUJb,lmZJehpq,2.0
122,0,RVGhYAxc,tDDddUJb,2.0
129,0,zijvldJJ,RVGhYAxc,190.0
129,0,drFxsmcp,zijvldJJ,190.0
129,0,PywYzQHY,drFxsmcp,190.0
1263,0,RufmISTr,PywYzQHY,1733.0
463,0,HpfZbCVA,fyqDJAhS,3501.0
463,0,glDvUhXc,HpfZbCVA,3628.0
463,0,FhKkSAFH,glDvUhXc,3628.0
463,0,taPJzyhF,FhKkSAFH,3628.0
1395,0,dCWftKsk,xOHMcnRu,2148.0
1395,0,CSzsuVOH,dCWftKsk,2148.0
1395,0,aUZoPZMc,CSzsuVOH,2148.0
1395,0,xOhGqygU,aUZoPZMc,2147.0
1395,0,qOuhMtTj,xOhGqygU,1236.0
1395,0,KCvWJpxq,qOuhMtTj,1236.0
725,0,eusqYKWT,HezLsNFQ,962.0
725,0,dCWftKsk,eusqYKWT,961.0
725,0,HpfZbCVA,dCWftKsk,924.0
725,0,glDvUhXc,HpfZbCVA,924.0
725,0,FhKkSAFH,glDvUhXc,924.0
725,0,taPJzyhF,FhKkSAFH,924.0
719,0,dCWftKsk,xOHMcnRu,277.0
719,0,HpfZbCVA,dCWftKsk,265.0
719,0,EYgpmtHR,HpfZbCVA,196.0
719,0,glDvUhXc,EYgpmtHR,196.0
719,0,FhKkSAFH,glDvUhXc,196.0
719,0,hSRFRBsa,FhKkSAFH,196.0
1221,0,bjEpkupt,gxlaiARP,8445.0
1221,0,FYgdoWMK,bjEpkupt,8390.0
1221,0,zAqZkkQx,FYgdoWMK,8396.0
1221,0,vFpuvjcu,zAqZkkQx,8396.0
1221,0,dlIiZmBi,vFpuvjcu,8396.0
291,0,jFmPCmzM,AjJCgCBk,141.0
291,0,fkZFUNSd,jFmPCmzM,159.0
291,0,cttUtMNm,fkZFUNSd,393.0
291,0,wHfmVQMh,cttUtMNm,393.0
291,0,mdGitRQe,wHfmVQMh,394.0
250,0,HpfZbCVA,dCWftKsk,4741.0
250,0,glDvUhXc,HpfZbCVA,4741.0
250,0,FhKkSAFH,glDvUhXc,4732.0
250,0,taPJzyhF,FhKkSAFH,4732.0
1568,0,eKMWhxRF,lqMPnIra,1569.0
1568,0,pRsoSsPh,eKMWhxRF,2258.0
1263,0,PywYzQHY,zijvldJJ,143.0
1623,0,iSMSiXHg,GYenbKMg,1287.0
14,0,nCsqpnJo,owFNQNZv,4414.0
14,0,gnmwaIOJ,nCsqpnJo,4414.0
14,0,pygvGZaF,gnmwaIOJ,4414.0
14,0,bsQVAuyn,pygvGZaF,4414.0
14,0,VTHwomVj,bsQVAuyn,3750.0
14,0,VbpBVdde,VTHwomVj,4405.0
14,0,ocwJSpah,VbpBVdde,4165.0
1643,0,OQuuHQtW,yQTlxjhE,278.0
1643,0,BZfkJyvP,OQuuHQtW,278.0
1643,0,pdLPgMHo,BZfkJyvP,278.0
1643,0,nCsqpnJo,pdLPgMHo,278.0
1643,0,gnmwaIOJ,nCsqpnJo,278.0
1643,0,pygvGZaF,gnmwaIOJ,278.0
1643,0,bsQVAuyn,pygvGZaF,278.0
1643,0,VTHwomVj,bsQVAuyn,278.0
1665,0,aTlqsXfd,iezkylgj,3568.0
1665,0,bSoWRArq,aTlqsXfd,3568.0
1665,0,RZSdunHk,bSoWRArq,3568.0
1665,0,wggFpXDl,RZSdunHk,3537.0
1665,0,PFPLEnYs,wggFpXDl,3537.0
1665,0,mkJuKiBe,PFPLEnYs,2104.0
1665,0,NioHjTzW,VcqDmTtv,3438.0
1665,0,iezkylgj,NioHjTzW,3438.0
1665,0,paIawFeA,nIakFMcq,1727.0
1665,0,VcqDmTtv,paIawFeA,1810.0
1190,0,bpTBwobH,InEujKOO,1528.0
1190,0,mSsugdoq,bpTBwobH,1529.0
1190,0,GOFcQtxc,mSsugdoq,1534.0
1190,0,CtbKcCWS,GOFcQtxc,1410.0
1190,0,tLfbIJdr,CtbKcCWS,1410.0
1190,0,NosTVaAF,tLfbIJdr,1682.0
1190,0,CZBrBkrq,NosTVaAF,1682.0
1190,0,DZOaDIuU,CZBrBkrq,1587.0
1190,0,djdidyfJ,DZOaDIuU,1425.0
1190,0,jnDfAorM,djdidyfJ,1411.0
1325,0,fgAPkwgD,TPescrDz,6.0
1175,0,ttCfyKrF,uDcqHVPS,1101.0
1175,0,QdPMJYQQ,ttCfyKrF,1101.0
1175,0,TcXrIYig,QdPMJYQQ,1101.0
1175,0,pYAYKpHc,TcXrIYig,1101.0
320,0,QPoJLiJK,lqMPnIra,151.0
320,0,udvGqqIc,QPoJLiJK,151.0
320,0,FFlVogkV,udvGqqIc,151.0
204,0,zCyzbjXU,lOtREfVG,290.0
204,0,SDiGilLw,zCyzbjXU,290.0
147,0,lOtREfVG,AmahvgQB,70.0
147,0,zCyzbjXU,lOtREfVG,36.0
147,0,SDiGilLw,zCyzbjXU,36.0
1141,0,vSdfqYeK,QdnKSSsO,449.0
1141,0,AmahvgQB,vSdfqYeK,449.0
318,0,zCyzbjXU,lOtREfVG,438.0
318,0,SDiGilLw,zCyzbjXU,438.0
291,0,QHFmFyLR,EkWBPXmr,67.0
291,0,neNWquOh,QHFmFyLR,67.0
291,0,KwaxxmSs,neNWquOh,67.0
291,0,GnsXgGJX,KwaxxmSs,67.0
291,0,VjdckTjW,GnsXgGJX,69.0
291,0,aUPouXsN,VjdckTjW,69.0
291,0,SlfNpref,aUPouXsN,71.0
291,0,nrKKniYe,SlfNpref,71.0
291,0,AjJCgCBk,nrKKniYe,112.0
1106,0,xiCfcAgb,mdGitRQe,1407.0
1549,0,pPqywgRl,yprCGtVa,18.0
1549,0,HGjkimBc,pPqywgRl,18.0
1549,0,lqMPnIra,HGjkimBc,23.0
1549,0,eKMWhxRF,lqMPnIra,23.0
1549,0,PKfyrIVb,eKMWhxRF,23.0
1549,0,uGNDunGF,PKfyrIVb,23.0
1317,0,xiCfcAgb,AszcEtOu,3626.0
52,0,FZsFzszJ,gzTQJVMW,665.0
52,0,ALhaazBT,FZsFzszJ,701.0
52,0,ZijVddwt,ALhaazBT,701.0
52,0,gzTQJVMW,RVEyrwjR,593.0
51,0,ZijVddwt,ALhaazBT,478.0
51,0,oiYuCTCe,ZijVddwt,478.0
51,0,SwLVnWPq,oiYuCTCe,23.0
51,0,xQSKBJml,SwLVnWPq,23.0
51,0,eXTjiXiW,xQSKBJml,23.0
51,0,UUCrlfWg,eXTjiXiW,23.0
51,0,YULSfngF,UUCrlfWg,23.0
51,0,ozuppJDT,YULSfngF,23.0
51,0,xGsoSfhX,ozuppJDT,23.0
1141,0,lOtREfVG,AmahvgQB,416.0
1141,0,SMhobJmy,lOtREfVG,416.0
215,0,JVRJClPS,cmBFyxQG,50.0
356,0,PKHBWIBu,nTVsVrjG,942.0
356,0,ICtDTIBO,PKHBWIBu,942.0
590,0,LVcdwgEp,ubzklVlS,3497.0
590,0,yLFlKjKg,LVcdwgEp,3553.0
705,0,awOEKaEj,qdrjbHYS,306.0
705,0,fFHpEWYG,awOEKaEj,313.0
705,0,jOxyxYyy,fFHpEWYG,672.0
705,0,gGlRqksC,jOxyxYyy,672.0
705,0,GRRjUQxz,gGlRqksC,672.0
705,0,MlQcmexA,GRRjUQxz,672.0
705,0,RHWjHSWx,MlQcmexA,712.0
705,0,VpmqCJUB,RHWjHSWx,808.0
705,0,EvIZgaUF,VpmqCJUB,808.0
705,0,mGgwEHaG,EvIZgaUF,830.0
705,0,DWuGRWkF,mGgwEHaG,837.0
705,0,ryMrZCSE,DWuGRWkF,858.0
705,0,fRxWIrbs,ryMrZCSE,1186.0
705,0,sKbmdUEJ,fRxWIrbs,1188.0
705,0,zWeVnnxO,sKbmdUEJ,1188.0
705,0,kXofjcRp,zWeVnnxO,1188.0
705,0,mCHzTQKa,kXofjcRp,1417.0
705,0,NJSgWoOc,mCHzTQKa,1452.0
705,0,RIpTuvwk,NJSgWoOc,1453.0
705,0,ubzklVlS,RIpTuvwk,1521.0
705,0,LVcdwgEp,ubzklVlS,1774.0
705,0,yLFlKjKg,LVcdwgEp,1774.0
705,0,qdrjbHYS,ozAxYCwR,123.0
1258,0,AszcEtOu,BpAiVnps,3087.0
1258,0,TCqyxHhF,AszcEtOu,3211.0
1258,0,TcEVvOUM,TCqyxHhF,3271.0
1258,0,qGnNRXVR,TcEVvOUM,3286.0
1258,0,yLFlKjKg,qGnNRXVR,3413.0
14,0,SOBUilCD,mdGitRQe,4378.0
14,0,xiCfcAgb,SOBUilCD,4378.0
14,0,RjtzWJgw,xiCfcAgb,4392.0
1374,0,cJinKFJn,XCZfXGna,657.0
1618,0,VWoPhHkb,rWJbJwsc,860.0
1618,0,AVJtqaBS,VWoPhHkb,860.0
1618,0,xeuxxNBT,AVJtqaBS,860.0
1618,0,bOMXeuCa,xeuxxNBT,860.0
1618,0,eKMWhxRF,lqMPnIra,243.0
1618,0,pRsoSsPh,eKMWhxRF,248.0
1618,0,pUxrqkbR,pRsoSsPh,248.0
1618,0,GmRorurF,pUxrqkbR,248.0
1618,0,rWJbJwsc,GmRorurF,248.0
14,0,owFNQNZv,RjtzWJgw,4413.0
1664,0,WyfCQhSW,ogOCBKAf,474.0
1664,0,RBBxesxu,WyfCQhSW,476.0
1664,0,dJJmWSZi,RBBxesxu,476.0
1664,0,JNybvbry,dJJmWSZi,476.0
1664,0,pKQmWfSR,JNybvbry,476.0
1664,0,AFMSRepx,pKQmWfSR,758.0
1664,0,WEgiiGlQ,AFMSRepx,803.0
1664,0,sLYsFXAH,WEgiiGlQ,803.0
1664,0,WjKdBsVK,sLYsFXAH,803.0
1664,0,STKMtPtJ,WjKdBsVK,803.0
1664,0,MyVorJBj,STKMtPtJ,803.0
1664,0,AayEawbi,MyVorJBj,803.0
1664,0,ymtXIyVJ,AayEawbi,865.0
148,0,AmahvgQB,vSdfqYeK,109.0
148,0,lOtREfVG,AmahvgQB,109.0
148,0,zCyzbjXU,lOtREfVG,109.0
148,0,SDiGilLw,zCyzbjXU,109.0
148,0,qQrteapK,SDiGilLw,109.0
148,0,blTjmaLj,qQrteapK,109.0
148,0,FXLsUIQr,blTjmaLj,109.0
148,0,fQmxveIO,FXLsUIQr,109.0
148,0,DRTLnTnI,fQmxveIO,109.0
148,0,pRsoSsPh,DRTLnTnI,109.0
148,0,pUxrqkbR,pRsoSsPh,109.0
590,0,RYTcAdhr,yLFlKjKg,1551.0
1644,0,SwLVnWPq,oiYuCTCe,462.0
1644,0,xQSKBJml,SwLVnWPq,462.0
1644,0,eXTjiXiW,xQSKBJml,462.0
1644,0,UUCrlfWg,eXTjiXiW,462.0
1644,0,lTvueOix,UUCrlfWg,462.0
1644,0,KrfyXGJm,lTvueOix,462.0
1644,0,HsdaZYKr,KrfyXGJm,462.0
1644,0,yDdeWpqj,HsdaZYKr,462.0
1644,0,cCSIoIah,yDdeWpqj,276.0
1644,0,ynnETaim,cCSIoIah,258.0
1644,0,EZJUvtOp,ynnETaim,258.0
1644,0,QIvHsQls,EZJUvtOp,258.0
1644,0,KoIfkWfm,QIvHsQls,258.0
1644,0,AoxuCYmM,KoIfkWfm,258.0
1618,0,kltlGPhk,bOMXeuCa,851.0
148,0,ggaXnTUz,mBSaKJib,108.0
148,0,zJsEFgSs,ggaXnTUz,108.0
148,0,exgtgIgV,zJsEFgSs,108.0
148,0,CvtLjMFW,exgtgIgV,108.0
148,0,vSdfqYeK,CvtLjMFW,108.0
148,0,GmRorurF,pUxrqkbR,38.0
148,0,rWJbJwsc,GmRorurF,38.0
148,0,uuIZngLh,rWJbJwsc,24.0
148,0,gHWJyJxY,uuIZngLh,24.0
1398,0,mhYSfvAq,UgzfanVk,16.0
590,0,VmCBWvEb,RYTcAdhr,1694.0
590,0,XDkzDtUZ,VmCBWvEb,1694.0
590,0,BYVXItej,XDkzDtUZ,1694.0
1644,0,xyEkzzzh,AoxuCYmM,181.0
1644,0,EzivGHuE,xyEkzzzh,181.0
1644,0,MKwfjOZk,EzivGHuE,181.0
1644,0,jUhOGaww,MKwfjOZk,181.0
1644,0,CZhqrbpp,jUhOGaww,181.0
1644,0,PaniFwRg,CZhqrbpp,181.0
1644,0,BYVXItej,PaniFwRg,181.0
1697,0,mWmEvZTH,ijSxrWBJ,39.0
1697,0,kMLkbKUX,mWmEvZTH,39.0
1697,0,REXhdYUf,kMLkbKUX,39.0
1697,0,ynGLeAnq,REXhdYUf,39.0
1697,0,xAsZAVUQ,ynGLeAnq,39.0
1697,0,dJOjnHRJ,xAsZAVUQ,39.0
1697,0,rQPeTBQp,dJOjnHRJ,39.0
1697,0,gheqVjAb,rQPeTBQp,39.0
1697,0,JrRIRrmn,gheqVjAb,39.0
1374,0,lOxXZcFl,cJinKFJn,652.0
1374,0,dxlyVRvH,lOxXZcFl,652.0
1141,0,ZdIQslRD,SMhobJmy,135.0
1141,0,noVetmot,ZdIQslRD,135.0
1141,0,MGitFLID,noVetmot,135.0
1141,0,kYpOneyC,MGitFLID,135.0
1646,0,rFdYeguL,KQSHMGnw,202.0
1646,0,zSOBHhoP,rFdYeguL,202.0
1646,0,qBoqSZqr,zSOBHhoP,202.0
1646,0,yeapPLlD,qBoqSZqr,202.0
1646,0,TvGyfQSI,yeapPLlD,218.0
1646,0,ShCqTXMl,TvGyfQSI,404.0
1646,0,xRJArdDK,ShCqTXMl,433.0
1646,0,zRaNzOkn,xRJArdDK,433.0
1645,0,dAjqsFfg,tJbXQuOE,2.0
1645,0,QewuHWYk,dAjqsFfg,2.0
1124,0,WhRBEXGR,JbCujTci,141.0
215,0,ZZUoaXbF,JVRJClPS,45.0
1593,0,sFyIuMsY,skXWrZzT,40.0
1593,0,JGXXNLkS,sFyIuMsY,40.0
1593,0,PFRWWlNS,JGXXNLkS,40.0
1379,0,pKTlpooZ,voXQjjKh,1346.0
1379,0,VcqDmTtv,pKTlpooZ,1346.0
1379,0,NioHjTzW,VcqDmTtv,638.0
1379,0,XGJiqzLW,NioHjTzW,638.0
705,0,isWzWnoW,yLFlKjKg,1666.0
705,0,fcSUqaEW,isWzWnoW,1666.0
705,0,YJykDsrc,fcSUqaEW,1666.0
1183,0,VcqDmTtv,nIakFMcq,1.0
1183,0,NioHjTzW,VcqDmTtv,1.0
1183,0,XGJiqzLW,NioHjTzW,1.0
1666,0,VbpBVdde,VTHwomVj,653.0
1666,0,swKAFNcH,VbpBVdde,1098.0
1258,0,FYhykdTj,SOVcCDqR,1221.0
1258,0,QpprBOSr,FYhykdTj,1181.0
1258,0,Plxavose,QpprBOSr,496.0
1700,0,eooROOMz,ukWnzNPU,46.0
1700,0,uxYyJnud,eooROOMz,52.0
1700,0,MyzsDSvl,uxYyJnud,52.0
1700,0,rxlNLBXr,MyzsDSvl,47.0
1700,0,losuIFuX,rxlNLBXr,45.0
1700,0,uskMapbi,losuIFuX,45.0
1700,0,yXOuyCwN,uskMapbi,45.0
1700,0,mSGryPaH,yXOuyCwN,45.0
1700,0,OVaoEscJ,mSGryPaH,45.0
1646,0,IMTItMKU,zRaNzOkn,250.0
1700,0,xQqwXgNZ,OVaoEscJ,23.0
1700,0,BMprcpdo,xQqwXgNZ,23.0
1341,0,vkwWhgCe,VXiNciom,114.0
245,0,wRBXcbqq,WhRBEXGR,8.0
245,0,XXYtSQEl,wRBXcbqq,8.0
245,0,MklhhYCQ,XXYtSQEl,8.0
245,0,MnTeelLR,MklhhYCQ,8.0
245,0,XnPpfSyF,MnTeelLR,8.0
245,0,otuYkIZd,XnPpfSyF,8.0
245,0,rSdxnGDj,otuYkIZd,8.0
1212,0,clVXMHJf,suvDbtPR,8.0
1212,0,UXEWVZzP,clVXMHJf,8.0
1212,0,MlYFoaez,UXEWVZzP,8.0
1212,0,XeinAhyy,MlYFoaez,8.0
1212,0,pGpZhRvq,XeinAhyy,8.0
1212,0,alaJPSTW,pGpZhRvq,8.0
1212,0,ngNzeSzC,alaJPSTW,8.0
1212,0,PHuvYJrP,ngNzeSzC,8.0
1212,0,FoxIDeQY,PHuvYJrP,8.0
1212,0,dZoxKDmD,FoxIDeQY,8.0
1212,0,ZOuLYtJj,dZoxKDmD,8.0
1212,0,SGnJOquj,ZOuLYtJj,8.0
1212,0,ogOCBKAf,SGnJOquj,8.0
1106,0,RjtzWJgw,xiCfcAgb,1356.0
1106,0,owFNQNZv,RjtzWJgw,1356.0
1106,0,nCsqpnJo,owFNQNZv,1356.0
1106,0,gnmwaIOJ,nCsqpnJo,1356.0
1106,0,pygvGZaF,gnmwaIOJ,1356.0
1106,0,bsQVAuyn,pygvGZaF,1356.0
1661,0,xiCfcAgb,AszcEtOu,167.0
1661,0,owFNQNZv,xiCfcAgb,204.0
1661,0,lTvueOix,owFNQNZv,204.0
1661,0,KrfyXGJm,lTvueOix,204.0
1661,0,HsdaZYKr,KrfyXGJm,204.0
1661,0,yDdeWpqj,HsdaZYKr,204.0
1661,0,TgYrKMTh,yDdeWpqj,205.0
1661,0,HMMQvpHF,TgYrKMTh,205.0
1661,0,iPwZOomy,HMMQvpHF,205.0
1661,0,ZevQgZaz,iPwZOomy,205.0
1661,0,xSynUqPV,ZevQgZaz,374.0
1317,0,owFNQNZv,xiCfcAgb,3899.0
1317,0,nCsqpnJo,owFNQNZv,3899.0
1317,0,gnmwaIOJ,nCsqpnJo,3899.0
1317,0,pygvGZaF,gnmwaIOJ,3899.0
1317,0,VTHwomVj,pygvGZaF,3899.0
1661,0,AszcEtOu,BpAiVnps,82.0
1704,0,RYTcAdhr,yLFlKjKg,61.0
1704,0,VmCBWvEb,RYTcAdhr,61.0
1704,0,pfLNjHVV,VmCBWvEb,61.0
1704,0,qzPLXpkx,pfLNjHVV,61.0
1704,0,zhMspDRK,qzPLXpkx,61.0
1704,0,yjLBxira,zhMspDRK,61.0
1704,0,BYVXItej,yjLBxira,61.0
1704,0,vfbdLzPe,BYVXItej,61.0
1704,0,LpqOzfFt,vfbdLzPe,61.0
1704,0,pxIybRUN,LpqOzfFt,61.0
1704,0,jcIgNgIp,pxIybRUN,61.0
1703,0,uSOMnpdQ,hUPYukZe,255.0
1703,0,KdjrLWjn,QpprBOSr,167.0
1703,0,AkOiWGvq,KdjrLWjn,194.0
1703,0,iykVulcc,AkOiWGvq,194.0
1703,0,VyxPahNP,iykVulcc,194.0
1703,0,LnANnMXh,VyxPahNP,194.0
1703,0,hUPYukZe,LnANnMXh,194.0
1677,0,eTnittuK,yQQuLFAg,15.0
1677,0,KdjrLWjn,eTnittuK,15.0
1677,0,AkOiWGvq,KdjrLWjn,15.0
1677,0,iykVulcc,AkOiWGvq,11.0
1677,0,YwUcqICt,iykVulcc,11.0
1677,0,kSdFeEek,YwUcqICt,11.0
1677,0,FwmrbmrQ,kSdFeEek,2.0
1677,0,uSOMnpdQ,FwmrbmrQ,2.0
51,0,XLVjRryq,NxbXiMUL,100.0
51,0,RVEyrwjR,XLVjRryq,100.0
51,0,gzTQJVMW,RVEyrwjR,100.0
51,0,FZsFzszJ,gzTQJVMW,100.0
51,0,ALhaazBT,FZsFzszJ,100.0
51,0,vDFCntfg,YvwuVYMF,20.0
51,0,NxbXiMUL,vDFCntfg,20.0
97,0,ysSWNERo,jFRqfnFl,75.0
97,0,lEwLedpG,ysSWNERo,75.0
97,0,lQIpGOTn,lEwLedpG,124.0
97,0,uhUmvvRs,lQIpGOTn,124.0
97,0,svgtEcQx,uhUmvvRs,124.0
97,0,HcPkwFHM,svgtEcQx,124.0
97,0,KjuJaNsu,HcPkwFHM,124.0
97,0,oNyGHMvy,KjuJaNsu,124.0
97,0,QdnKSSsO,oNyGHMvy,124.0
97,0,vSdfqYeK,QdnKSSsO,124.0
97,0,wDpyEsxh,vSdfqYeK,124.0
97,0,jIerKxIb,wDpyEsxh,124.0
97,0,IubGYoNi,jIerKxIb,124.0
97,0,fmQEzQWV,IubGYoNi,124.0
97,0,BpAiVnps,fmQEzQWV,124.0
97,0,AszcEtOu,BpAiVnps,124.0
97,0,xiCfcAgb,AszcEtOu,124.0
97,0,RjtzWJgw,xiCfcAgb,57.0
97,0,owFNQNZv,RjtzWJgw,57.0
97,0,nCsqpnJo,owFNQNZv,57.0
97,0,gnmwaIOJ,nCsqpnJo,57.0
97,0,pygvGZaF,gnmwaIOJ,57.0
97,0,bsQVAuyn,pygvGZaF,57.0
1184,0,SOVcCDqR,LhgNVAOU,23.0
1184,0,QpprBOSr,SOVcCDqR,23.0
1184,0,Plxavose,QpprBOSr,28.0
1184,0,xqQnPHkt,Plxavose,28.0
1184,0,IfTbUocE,xqQnPHkt,28.0
1184,0,OgnAStiZ,IfTbUocE,28.0
1184,0,NmJVuAxS,OgnAStiZ,28.0
1184,0,GwjQuetc,NmJVuAxS,134.0
1184,0,vXwparSo,GwjQuetc,135.0
1184,0,eoIplMjv,vXwparSo,135.0
874,0,WhRBEXGR,JbCujTci,8.0
874,0,wRBXcbqq,WhRBEXGR,8.0
874,0,XXYtSQEl,wRBXcbqq,8.0
874,0,MklhhYCQ,XXYtSQEl,8.0
1325,0,paIawFeA,nIakFMcq,331.0
1325,0,tYTpUUxD,paIawFeA,640.0
1643,0,zciPUDzN,RfgTYnKH,123.0
1643,0,jHHlfIjj,zciPUDzN,123.0
1643,0,FDNEUies,jHHlfIjj,123.0
1643,0,MRNmFwSk,FDNEUies,123.0
1643,0,FYonLsVT,MRNmFwSk,123.0
1643,0,yQTlxjhE,FYonLsVT,123.0
1643,0,xreoFKjO,BYVXItej,64.0
1643,0,vfbdLzPe,xreoFKjO,64.0
1643,0,LpqOzfFt,vfbdLzPe,64.0
1643,0,cmkMoJCe,LpqOzfFt,64.0
1643,0,SgSmBRUr,cmkMoJCe,64.0
1643,0,IQleWbDf,SgSmBRUr,64.0
1643,0,RfgTYnKH,IQleWbDf,64.0
1206,0,ubFzksan,tYTpUUxD,207.0
1206,0,RinxBkUZ,ubFzksan,207.0
1206,0,LhgNVAOU,RinxBkUZ,207.0
1206,0,bPdCVhrp,LhgNVAOU,209.0
1206,0,SOVcCDqR,bPdCVhrp,209.0
1206,0,FYhykdTj,SOVcCDqR,209.0
1206,0,QpprBOSr,FYhykdTj,207.0
1206,0,Plxavose,QpprBOSr,51.0
1025,0,nwkrSJhR,fjelfjhU,1.0
1025,0,hNkOvWXQ,nwkrSJhR,1.0
1025,0,eZiXxBSP,hNkOvWXQ,1.0
1025,0,SaZyOqOi,eZiXxBSP,1.0
1025,0,oRpydnwU,SaZyOqOi,1.0
1025,0,yyEOaSxi,oRpydnwU,1.0
1025,0,obftSQtS,yyEOaSxi,1.0
1025,0,yKgFraCR,obftSQtS,1.0
1025,0,LIDMLZkw,yKgFraCR,1.0
1025,0,JEpPbBSc,LIDMLZkw,1.0
1025,0,YkNJvTAu,JEpPbBSc,1.0
1025,0,TIlepZYr,YkNJvTAu,1.0
1025,0,UvdLYolu,TIlepZYr,1.0
1025,0,ZFKsyBay,UvdLYolu,1.0
1025,0,suvDbtPR,ZFKsyBay,1.0
1025,0,clVXMHJf,suvDbtPR,1.0
1025,0,UXEWVZzP,clVXMHJf,1.0
1025,0,MlYFoaez,UXEWVZzP,1.0
1025,0,XeinAhyy,MlYFoaez,1.0
1025,0,pGpZhRvq,XeinAhyy,1.0
1025,0,alaJPSTW,pGpZhRvq,1.0
1025,0,ngNzeSzC,alaJPSTW,1.0
1025,0,PHuvYJrP,ngNzeSzC,1.0
1025,0,FoxIDeQY,PHuvYJrP,1.0
1025,0,dZoxKDmD,FoxIDeQY,1.0
1025,0,ZOuLYtJj,dZoxKDmD,1.0
1025,0,SGnJOquj,ZOuLYtJj,1.0
1025,0,vacPrbQA,SGnJOquj,1.0
1025,0,bHagonKv,vacPrbQA,1.0
1025,0,Vlipnutt,bHagonKv,1.0
1025,0,XiLvnZTk,Vlipnutt,1.0
1025,0,FlYjxOxQ,XiLvnZTk,1.0
1025,0,yQQuLFAg,FlYjxOxQ,1.0
1025,0,rckblBTM,yQQuLFAg,1.0
1025,0,fGmFhgnx,rckblBTM,1.0
1025,0,zjjLSYAp,fGmFhgnx,1.0
1019,0,mxJvcQxS,PdLgkxcT,207.0
1019,0,tSdKaLnH,mxJvcQxS,207.0
1019,0,HoEIDywv,tSdKaLnH,207.0
1019,0,bLNlBUaT,HoEIDywv,155.0
1677,0,oajqUPaH,bPMnvhIP,1.0
1700,0,oPeQOpNY,zKlIayrT,17.0
1700,0,LurFzbrs,oPeQOpNY,17.0
1700,0,ukWnzNPU,LurFzbrs,17.0
1408,0,irunVpff,sPOOXkzZ,508.0
1408,0,NMFCXTQH,irunVpff,508.0
1408,0,wXyAETzh,NMFCXTQH,508.0
1408,0,rmmCKKeS,wXyAETzh,508.0
1408,0,VtPnVtjF,rmmCKKeS,508.0
1408,0,DKWSfiEo,VtPnVtjF,508.0
1408,0,CHKZpApa,DKWSfiEo,229.0
1408,0,YvLuczKe,CHKZpApa,229.0
1408,0,cThdGxLv,YvLuczKe,232.0
1106,0,VTHwomVj,bsQVAuyn,1093.0
1106,0,VbpBVdde,VTHwomVj,1093.0
705,0,YpVxAvQG,YJykDsrc,923.0
705,0,RinxBkUZ,YpVxAvQG,922.0
705,0,LhgNVAOU,RinxBkUZ,910.0
1325,0,cOiBEGlK,tYTpUUxD,881.0
1325,0,RinxBkUZ,cOiBEGlK,881.0
1325,0,LhgNVAOU,RinxBkUZ,854.0
1317,0,buRRNGGe,CheNYOmP,4914.0
1317,0,nChZnrmr,buRRNGGe,4902.0
1317,0,RSRIdzBF,nChZnrmr,4902.0
1317,0,rcsEeYnc,RSRIdzBF,4902.0
1317,0,jnDfAorM,rcsEeYnc,4902.0
122,0,BpAiVnps,RVGhYAxc,1.0
1305,0,QpprBOSr,SOVcCDqR,1308.0
705,0,SOVcCDqR,LhgNVAOU,633.0
705,0,QpprBOSr,SOVcCDqR,633.0
1325,0,uijbLdHW,LhgNVAOU,2091.0
1325,0,LjyXiIAT,uijbLdHW,2098.0
1325,0,InEujKOO,LjyXiIAT,2098.0
1190,0,yLFlKjKg,LVcdwgEp,852.0
1190,0,isWzWnoW,yLFlKjKg,1086.0
1190,0,fcSUqaEW,isWzWnoW,1086.0
1190,0,YJykDsrc,fcSUqaEW,1086.0
1190,0,YpVxAvQG,YJykDsrc,1407.0
1190,0,RinxBkUZ,YpVxAvQG,1431.0
1190,0,LhgNVAOU,RinxBkUZ,1431.0
1190,0,uijbLdHW,LhgNVAOU,2409.0
1190,0,LjyXiIAT,uijbLdHW,2447.0
1190,0,InEujKOO,LjyXiIAT,2447.0
1190,0,LVcdwgEp,ubzklVlS,69.0
705,0,Plxavose,QpprBOSr,440.0
705,0,iMjvswBX,Plxavose,40.0
705,0,CpULuhdq,iMjvswBX,40.0
705,0,tJbXQuOE,CpULuhdq,40.0
50,0,AszcEtOu,BpAiVnps,191.0
1325,0,DgFFenGX,InEujKOO,867.0
96,0,RVGhYAxc,xGsoSfhX,118.0
96,0,BpAiVnps,RVGhYAxc,118.0
96,0,LKVeVUNI,BpAiVnps,118.0
96,0,dbPZeeiE,LKVeVUNI,118.0
96,0,CsDsDrdU,dbPZeeiE,118.0
96,0,rJRvqICk,CsDsDrdU,118.0
96,0,AmahvgQB,rJRvqICk,118.0
96,0,aYSqaQmJ,AmahvgQB,118.0
96,0,zgCGmKZn,aYSqaQmJ,118.0
96,0,JKFFGKvY,zgCGmKZn,118.0
96,0,EVAUYvVR,JKFFGKvY,118.0
96,0,GYfZYaJh,EVAUYvVR,118.0
96,0,OpgRCgWV,GYfZYaJh,118.0
96,0,ntDOQspU,OpgRCgWV,118.0
96,0,AXkvSZpr,ntDOQspU,118.0
96,0,MlqbsUKu,AXkvSZpr,78.0
96,0,jaCrAUFK,MlqbsUKu,78.0
96,0,EKYbCcms,jaCrAUFK,69.0
96,0,OyAyNkqZ,EKYbCcms,69.0
96,0,XiXLaJEL,OyAyNkqZ,69.0
1253,0,rckblBTM,rUKSlFeh,17.0
1253,0,zjjLSYAp,rckblBTM,17.0
1253,0,wrsPDGBQ,zjjLSYAp,17.0
1253,0,UtwZFZsx,wrsPDGBQ,17.0
1253,0,QsteKrle,UtwZFZsx,17.0
1253,0,XMWgellz,QsteKrle,17.0
1253,0,EmkugZPX,XMWgellz,17.0
1253,0,YtrqvWdf,EmkugZPX,17.0
1253,0,RVGhYAxc,YtrqvWdf,17.0
1253,0,BpAiVnps,RVGhYAxc,17.0
1253,0,LKVeVUNI,BpAiVnps,17.0
1253,0,dbPZeeiE,LKVeVUNI,17.0
1253,0,CsDsDrdU,dbPZeeiE,17.0
1253,0,rJRvqICk,CsDsDrdU,17.0
1253,0,AmahvgQB,rJRvqICk,17.0
1253,0,aYSqaQmJ,AmahvgQB,17.0
1253,0,zgCGmKZn,aYSqaQmJ,17.0
1253,0,EVAUYvVR,zgCGmKZn,17.0
1253,0,GYfZYaJh,EVAUYvVR,17.0
1253,0,OpgRCgWV,GYfZYaJh,17.0
1253,0,sUYaNmKG,OpgRCgWV,17.0
1253,0,ntDOQspU,sUYaNmKG,17.0
1253,0,AXkvSZpr,ntDOQspU,17.0
1253,0,MlqbsUKu,AXkvSZpr,17.0
1253,0,jaCrAUFK,MlqbsUKu,17.0
1253,0,oynLwMrX,jaCrAUFK,17.0
1253,0,EKYbCcms,oynLwMrX,17.0
1253,0,cIQOVqQI,EKYbCcms,17.0
1253,0,OyAyNkqZ,cIQOVqQI,17.0
1253,0,XiXLaJEL,OyAyNkqZ,17.0
635,0,QpprBOSr,SOVcCDqR,388.0
226,0,QpprBOSr,SOVcCDqR,199.0
1671,0,kpWRWDUl,ihoYGoHN,3.0
1671,0,leVkrEcC,kpWRWDUl,3.0
1671,0,wgFmWmqT,leVkrEcC,3.0
1671,0,XTnubosJ,wgFmWmqT,3.0
1671,0,CcjcuryA,XTnubosJ,3.0
1671,0,FStgRiBS,CcjcuryA,3.0
1671,0,GkYZbgqg,FStgRiBS,3.0
1671,0,FlYjxOxQ,GkYZbgqg,3.0
1671,0,wFSILCzc,FlYjxOxQ,3.0
1671,0,yQQuLFAg,wFSILCzc,3.0
1699,0,paIawFeA,nIakFMcq,20.0
1699,0,VcqDmTtv,paIawFeA,21.0
1699,0,bSoWRArq,VcqDmTtv,41.0
1699,0,RZSdunHk,bSoWRArq,41.0
1699,0,wggFpXDl,RZSdunHk,41.0
1699,0,PFPLEnYs,wggFpXDl,41.0
1699,0,WjJrQPKY,PFPLEnYs,41.0
1699,0,OFDSKCGJ,WjJrQPKY,44.0
1699,0,ZVaTNlgO,OFDSKCGJ,49.0
1699,0,mJMjzUfK,ZVaTNlgO,49.0
1700,0,hPbxQISN,jnDfAorM,11.0
1700,0,zKlIayrT,hPbxQISN,11.0
96,0,xQSKBJml,SwLVnWPq,49.0
96,0,eXTjiXiW,xQSKBJml,49.0
96,0,UUCrlfWg,eXTjiXiW,49.0
96,0,YULSfngF,UUCrlfWg,49.0
96,0,ozuppJDT,YULSfngF,49.0
96,0,xGsoSfhX,ozuppJDT,49.0
1190,0,ubzklVlS,RIpTuvwk,60.0
1325,0,mSsugdoq,DgFFenGX,847.0
1190,0,RIpTuvwk,KQSHMGnw,32.0
1317,0,HhzNhCIb,VTHwomVj,2864.0
1317,0,VbpBVdde,HhzNhCIb,2864.0
1317,0,ocwJSpah,VbpBVdde,2864.0
1317,0,CheNYOmP,ocwJSpah,3122.0
250,0,uaQvVFAB,taPJzyhF,4704.0
250,0,MnTeelLR,uaQvVFAB,4695.0
866,0,YcrsfAeA,qOuhMtTj,1661.0
866,0,PxQNjmHA,YcrsfAeA,1928.0
866,0,AGvhWyhD,PxQNjmHA,1929.0
836,0,ffjXMuak,qeXIqBgp,8080.0
836,0,EDdQplwd,ffjXMuak,8080.0
836,0,XbgiSLmy,EDdQplwd,8089.0
836,0,pXlenLUq,XbgiSLmy,8089.0
836,0,DNyXiZzj,pXlenLUq,8089.0
836,0,rlKLMakt,DNyXiZzj,9049.0
836,0,hVJtIJom,rlKLMakt,8507.0
836,0,jbCYGAcv,hVJtIJom,8350.0
836,0,myLzZQdt,jbCYGAcv,8350.0
866,0,CSzsuVOH,gGjwcdJB,908.0
866,0,aUZoPZMc,CSzsuVOH,908.0
866,0,xOhGqygU,aUZoPZMc,908.0
866,0,qOuhMtTj,xOhGqygU,918.0
1699,0,TzOVcXdr,mJMjzUfK,43.0
1106,0,ocwJSpah,VbpBVdde,888.0
1106,0,CheNYOmP,ocwJSpah,888.0
725,0,uaQvVFAB,taPJzyhF,857.0
725,0,MnTeelLR,uaQvVFAB,856.0
1699,0,RsPctvEc,TzOVcXdr,24.0
1699,0,DHQonlzC,RsPctvEc,24.0
1699,0,VMhLZsWx,DHQonlzC,24.0
1699,0,djdidyfJ,VMhLZsWx,16.0
1699,0,jnDfAorM,djdidyfJ,16.0
1498,0,svgtEcQx,mnkgCFDT,170.0
1498,0,HcPkwFHM,svgtEcQx,172.0
1498,0,KjuJaNsu,HcPkwFHM,172.0
1498,0,QdnKSSsO,KjuJaNsu,182.0
1498,0,vSdfqYeK,QdnKSSsO,189.0
1498,0,wDpyEsxh,vSdfqYeK,189.0
1498,0,jIerKxIb,wDpyEsxh,189.0
1498,0,IubGYoNi,jIerKxIb,189.0
1498,0,fmQEzQWV,IubGYoNi,195.0
1498,0,BpAiVnps,fmQEzQWV,227.0
1498,0,AszcEtOu,BpAiVnps,428.0
1498,0,TCqyxHhF,AszcEtOu,530.0
1498,0,TcEVvOUM,TCqyxHhF,530.0
1498,0,qGnNRXVR,TcEVvOUM,530.0
1498,0,yLFlKjKg,qGnNRXVR,559.0
1498,0,RYTcAdhr,yLFlKjKg,915.0
1498,0,EzivGHuE,RYTcAdhr,915.0
1498,0,isWzWnoW,EzivGHuE,915.0
1498,0,fcSUqaEW,isWzWnoW,915.0
1498,0,YJykDsrc,fcSUqaEW,915.0
1498,0,YpVxAvQG,YJykDsrc,1404.0
1498,0,RinxBkUZ,YpVxAvQG,1437.0
1498,0,LhgNVAOU,RinxBkUZ,1442.0
1498,0,bPdCVhrp,LhgNVAOU,1781.0
1498,0,SOVcCDqR,bPdCVhrp,1806.0
1498,0,FYhykdTj,SOVcCDqR,1806.0
1498,0,QpprBOSr,FYhykdTj,1806.0
1498,0,Plxavose,QpprBOSr,2401.0
1498,0,xqQnPHkt,Plxavose,2408.0
1498,0,IfTbUocE,xqQnPHkt,2887.0
1498,0,JcXDDijg,IfTbUocE,3857.0
1498,0,jUsnmWea,JcXDDijg,3857.0
1498,0,EaDTtGYp,jUsnmWea,3857.0
1221,0,MnTeelLR,MklhhYCQ,4202.0
1221,0,WIZPpGvl,MnTeelLR,4202.0
1498,0,BJjcRhiE,EaDTtGYp,3837.0
1695,0,SsTrbdxo,UgzfanVk,119.0
1695,0,wGMdZeqa,SsTrbdxo,119.0
1695,0,yYFXObAF,wGMdZeqa,119.0
1695,0,xMwzCIXQ,yYFXObAF,119.0
1695,0,NmRushck,xMwzCIXQ,213.0
1695,0,JLvNOQnl,NmRushck,218.0
1325,0,jSFFeqWE,mSsugdoq,698.0
1325,0,SPymtbHS,jSFFeqWE,698.0
1325,0,uERHVBdu,SPymtbHS,698.0
1325,0,yWkNHrCP,uERHVBdu,698.0
1325,0,UyunGRcj,yWkNHrCP,668.0
1325,0,FhiUibmP,UyunGRcj,668.0
1049,0,dfrJZjmW,NjRgIRup,313.0
1049,0,AFcMAvOI,dfrJZjmW,362.0
1049,0,jUExBSiR,AFcMAvOI,362.0
1049,0,vPrJwoLq,jUExBSiR,362.0
1049,0,aHDoehBY,vPrJwoLq,362.0
1049,0,TgdVKieU,aHDoehBY,420.0
1049,0,DexqYjKS,TgdVKieU,420.0
1049,0,wuDdaesk,DexqYjKS,462.0
1184,0,YpVxAvQG,BMprcpdo,5.0
1184,0,RinxBkUZ,YpVxAvQG,5.0
1184,0,LhgNVAOU,RinxBkUZ,5.0
535,0,agMXkLfj,ixhHdGBo,63.0
1342,0,uijbLdHW,LhgNVAOU,107.0
1342,0,LjyXiIAT,uijbLdHW,107.0
1342,0,InEujKOO,LjyXiIAT,107.0
1342,0,mSsugdoq,InEujKOO,107.0
1342,0,VXiNciom,mSsugdoq,133.0
1342,0,RinxBkUZ,YpVxAvQG,31.0
1342,0,LhgNVAOU,RinxBkUZ,31.0
1342,0,YpVxAvQG,BMprcpdo,27.0
1342,0,BMprcpdo,OVaoEscJ,17.0
1342,0,AszcEtOu,BpAiVnps,3.0
1342,0,TCqyxHhF,AszcEtOu,3.0
1342,0,PIUpvPaY,TCqyxHhF,3.0
1342,0,XCZfXGna,PIUpvPaY,3.0
1342,0,FYonLsVT,XCZfXGna,3.0
1342,0,voXQjjKh,FYonLsVT,3.0
1342,0,pKTlpooZ,voXQjjKh,3.0
1342,0,OVaoEscJ,pKTlpooZ,3.0
97,0,BZCtSmhk,ywuGpANM,67.0
97,0,qeXIqBgp,BZCtSmhk,67.0
97,0,jFRqfnFl,qeXIqBgp,67.0
97,0,ywuGpANM,hpACGGyB,19.0
97,0,hpACGGyB,eaNsVWDR,14.0
1696,0,bjEpkupt,gxlaiARP,338.0
1696,0,FYgdoWMK,bjEpkupt,332.0
1696,0,zAqZkkQx,FYgdoWMK,283.0
1696,0,siiqKFuN,zAqZkkQx,283.0
1696,0,vFpuvjcu,siiqKFuN,283.0
1696,0,UgzfanVk,vFpuvjcu,283.0
1325,0,TPescrDz,FhiUibmP,151.0
1326,0,BZEEPDzF,fgAPkwgD,7.0
1357,0,FYonLsVT,XCZfXGna,15.0
1357,0,voXQjjKh,FYonLsVT,15.0
1357,0,pKTlpooZ,voXQjjKh,26.0
1357,0,OVaoEscJ,pKTlpooZ,26.0
1357,0,BMprcpdo,OVaoEscJ,122.0
1357,0,YpVxAvQG,BMprcpdo,139.0
1357,0,RinxBkUZ,YpVxAvQG,139.0
1357,0,LhgNVAOU,RinxBkUZ,139.0
1357,0,SOVcCDqR,LhgNVAOU,142.0
1357,0,QpprBOSr,SOVcCDqR,142.0
1357,0,Plxavose,QpprBOSr,142.0
1357,0,xqQnPHkt,Plxavose,142.0
1357,0,IfTbUocE,xqQnPHkt,142.0
1357,0,JcXDDijg,IfTbUocE,142.0
1357,0,jUsnmWea,JcXDDijg,142.0
1357,0,EaDTtGYp,jUsnmWea,142.0
1357,0,BJjcRhiE,EaDTtGYp,142.0
1305,0,xqQnPHkt,QpprBOSr,1092.0
1678,0,AosTMSAk,uwEtaQlz,5.0
1678,0,gJBgflgH,AosTMSAk,5.0
1678,0,HUSVGpqn,gJBgflgH,29.0
1678,0,DCZZhCfP,HUSVGpqn,29.0
1678,0,WwnuanyA,DCZZhCfP,29.0
1678,0,QpprBOSr,WwnuanyA,29.0
1678,0,Plxavose,QpprBOSr,29.0
1678,0,xqQnPHkt,Plxavose,29.0
1678,0,IfTbUocE,xqQnPHkt,29.0
1678,0,JcXDDijg,IfTbUocE,29.0
1678,0,jUsnmWea,JcXDDijg,29.0
1678,0,EaDTtGYp,jUsnmWea,29.0
1678,0,BJjcRhiE,EaDTtGYp,29.0
250,0,WIZPpGvl,MnTeelLR,4123.0
635,0,kFnjgEzS,QpprBOSr,344.0
1338,0,IfTbUocE,Plxavose,6230.0
1338,0,OgnAStiZ,IfTbUocE,6199.0
1338,0,NmJVuAxS,OgnAStiZ,6199.0
1183,0,AFcMAvOI,dfrJZjmW,16.0
1183,0,jUExBSiR,AFcMAvOI,16.0
1183,0,vPrJwoLq,jUExBSiR,16.0
1183,0,aHDoehBY,vPrJwoLq,16.0
1183,0,TgdVKieU,aHDoehBY,16.0
1183,0,DexqYjKS,TgdVKieU,16.0
1183,0,wuDdaesk,DexqYjKS,16.0
1357,0,bPMnvhIP,BJjcRhiE,42.0
1672,0,Plxavose,QpprBOSr,59.0
1672,0,xqQnPHkt,Plxavose,59.0
1672,0,IfTbUocE,xqQnPHkt,59.0
1672,0,OgnAStiZ,IfTbUocE,69.0
1672,0,kFnjgEzS,OgnAStiZ,69.0
1672,0,KeGqLKVV,kFnjgEzS,225.0
1672,0,NpOlpVEB,KeGqLKVV,225.0
1672,0,GwjQuetc,NpOlpVEB,225.0
1357,0,AszcEtOu,BpAiVnps,6.0
1357,0,TCqyxHhF,AszcEtOu,8.0
1357,0,PIUpvPaY,TCqyxHhF,8.0
1357,0,XCZfXGna,PIUpvPaY,8.0
1672,0,QpprBOSr,WwnuanyA,5.0
1594,0,bgJHPJde,KCvWJpxq,5212.0
1594,0,AyPgzIEO,bgJHPJde,5210.0
1594,0,mcahLsch,AyPgzIEO,5210.0
1594,0,KCvWJpxq,ySPnpMTg,50.0
1106,0,buRRNGGe,CheNYOmP,779.0
1106,0,nChZnrmr,buRRNGGe,779.0
1106,0,RSRIdzBF,nChZnrmr,779.0
1106,0,rcsEeYnc,RSRIdzBF,779.0
1106,0,jnDfAorM,rcsEeYnc,779.0
514,0,uKbbRztG,NZGnRwVn,32.0
514,0,uOqLwBTJ,uKbbRztG,32.0
514,0,fkZFUNSd,uOqLwBTJ,32.0
514,0,cttUtMNm,fkZFUNSd,32.0
514,0,wHfmVQMh,cttUtMNm,32.0
514,0,mdGitRQe,wHfmVQMh,32.0
514,0,SOBUilCD,mdGitRQe,32.0
514,0,xiCfcAgb,SOBUilCD,32.0
514,0,RjtzWJgw,xiCfcAgb,32.0
514,0,owFNQNZv,RjtzWJgw,32.0
514,0,nCsqpnJo,owFNQNZv,32.0
514,0,gnmwaIOJ,nCsqpnJo,32.0
514,0,pygvGZaF,gnmwaIOJ,32.0
514,0,VTHwomVj,pygvGZaF,32.0
514,0,VbpBVdde,VTHwomVj,32.0
514,0,ocwJSpah,VbpBVdde,32.0
514,0,CheNYOmP,ocwJSpah,32.0
514,0,buRRNGGe,CheNYOmP,32.0
514,0,nChZnrmr,buRRNGGe,32.0
514,0,rcsEeYnc,nChZnrmr,32.0
514,0,jnDfAorM,rcsEeYnc,32.0
97,0,VTHwomVj,bsQVAuyn,7.0
97,0,VbpBVdde,VTHwomVj,7.0
97,0,ocwJSpah,VbpBVdde,7.0
97,0,CheNYOmP,ocwJSpah,7.0
97,0,buRRNGGe,CheNYOmP,7.0
97,0,nChZnrmr,buRRNGGe,7.0
97,0,RSRIdzBF,nChZnrmr,7.0
97,0,rcsEeYnc,RSRIdzBF,7.0
97,0,jnDfAorM,rcsEeYnc,7.0
96,0,SwLVnWPq,oiYuCTCe,7.0
96,0,CoFyQOTC,jnDfAorM,5.0
96,0,HMiMHaRv,CoFyQOTC,5.0
96,0,kLfGGOkq,HMiMHaRv,5.0
96,0,ygVaThfM,kLfGGOkq,5.0
96,0,otuYkIZd,ygVaThfM,5.0
96,0,rSdxnGDj,otuYkIZd,5.0
96,0,MkXEUCdM,rSdxnGDj,5.0
96,0,oiYuCTCe,MkXEUCdM,5.0
1695,0,IMEhQaQS,jFRqfnFl,330.0
1707,0,PiHPpcZe,MPxbDKyu,2.0
1707,0,mBlbMFFC,PiHPpcZe,2.0
1707,0,BGChynOq,mBlbMFFC,2.0
1707,0,ffHVhHJj,BGChynOq,2.0
1707,0,itmFNPnQ,ffHVhHJj,2.0
1707,0,mEEGNlDG,itmFNPnQ,2.0
1707,0,jVOVHrFU,mEEGNlDG,2.0
1183,0,dfrJZjmW,NjRgIRup,9.0
1175,0,dfrJZjmW,NjRgIRup,2007.0
1175,0,AFcMAvOI,dfrJZjmW,2167.0
1175,0,FltmFbyo,AFcMAvOI,2167.0
1175,0,jUExBSiR,FltmFbyo,2167.0
1175,0,vPrJwoLq,jUExBSiR,2167.0
1175,0,aHDoehBY,vPrJwoLq,2167.0
1175,0,SmfTtMBe,aHDoehBY,2935.0
1175,0,TgdVKieU,SmfTtMBe,2935.0
1175,0,DexqYjKS,TgdVKieU,2935.0
1206,0,UmISPPJO,vIPMUZxJ,40.0
1594,0,EEpOhSPN,mcahLsch,8.0
1594,0,QJzYlSpE,EEpOhSPN,8.0
1594,0,eXUkyEOl,QJzYlSpE,8.0
1395,0,YcrsfAeA,KCvWJpxq,743.0
1395,0,cfrRCwNB,YcrsfAeA,743.0
1612,0,FlZnaZci,HpfZbCVA,15.0
1612,0,glDvUhXc,FlZnaZci,15.0
1612,0,FhKkSAFH,glDvUhXc,24.0
1612,0,taPJzyhF,FhKkSAFH,24.0
1612,0,cnbFkwhH,taPJzyhF,40.0
1612,0,RwPflEyQ,cnbFkwhH,40.0
1613,0,VHoqrdhk,RkUgARot,26.0
1613,0,NKkONliL,VHoqrdhk,26.0
1613,0,zUnCRHoa,NKkONliL,26.0
1613,0,LNbMEmtu,zUnCRHoa,26.0
1613,0,OUzlATeX,LNbMEmtu,26.0
1663,0,YQrIOijs,jnDfAorM,1749.0
1663,0,FSklzHpQ,YQrIOijs,1086.0
1663,0,cNArzmnq,FSklzHpQ,1043.0
1663,0,UNbrDjxM,cNArzmnq,1043.0
1338,0,LLWkkTwA,NmJVuAxS,6179.0
1338,0,ZTMEdEeK,LLWkkTwA,6173.0
467,0,eaNsVWDR,ejMjPdTH,15.0
467,0,hpACGGyB,eaNsVWDR,15.0
467,0,ywuGpANM,hpACGGyB,49.0
467,0,BZCtSmhk,ywuGpANM,107.0
467,0,aojHvPEg,BZCtSmhk,107.0
467,0,qeXIqBgp,aojHvPEg,107.0
467,0,ffjXMuak,qeXIqBgp,195.0
467,0,EDdQplwd,ffjXMuak,195.0
467,0,XbgiSLmy,EDdQplwd,195.0
467,0,pXlenLUq,XbgiSLmy,195.0
467,0,DNyXiZzj,pXlenLUq,195.0
467,0,FYgdoWMK,DNyXiZzj,199.0
467,0,ZKBLrnzS,FYgdoWMK,201.0
467,0,zAqZkkQx,ZKBLrnzS,201.0
467,0,sSUdZsSb,zAqZkkQx,201.0
467,0,siiqKFuN,sSUdZsSb,201.0
467,0,dlIiZmBi,siiqKFuN,201.0
467,0,CuIFmOPZ,dlIiZmBi,241.0
467,0,bkPedFyi,CuIFmOPZ,253.0
467,0,neCsPoxX,bkPedFyi,253.0
467,0,RMvkOcpU,neCsPoxX,253.0
467,0,qVxAOUMG,RMvkOcpU,280.0
467,0,bYKKzRQT,qVxAOUMG,280.0
467,0,CLqSCDPt,bYKKzRQT,280.0
467,0,ZzqCYjTC,CLqSCDPt,280.0
467,0,UtzkRwuC,ZzqCYjTC,280.0
467,0,cvCJiZVm,UtzkRwuC,280.0
467,0,XadmKFIl,cvCJiZVm,280.0
467,0,SlEBxfyW,XadmKFIl,280.0
1206,0,xqQnPHkt,Plxavose,47.0
853,0,IoxYvxeH,kVhbTVuU,27.0
853,0,yrlDljAC,IoxYvxeH,27.0
853,0,rBCwdRqs,yrlDljAC,27.0
853,0,olAnplnl,rBCwdRqs,27.0
853,0,hpCuKAjH,olAnplnl,27.0
853,0,tyeyrnYi,hpCuKAjH,27.0
853,0,HezLsNFQ,tyeyrnYi,27.0
853,0,eusqYKWT,HezLsNFQ,27.0
853,0,xOHMcnRu,eusqYKWT,27.0
853,0,dCWftKsk,xOHMcnRu,27.0
853,0,HpfZbCVA,dCWftKsk,27.0
853,0,glDvUhXc,HpfZbCVA,27.0
853,0,FhKkSAFH,glDvUhXc,27.0
853,0,taPJzyhF,FhKkSAFH,27.0
853,0,uaQvVFAB,taPJzyhF,27.0
853,0,MnTeelLR,uaQvVFAB,27.0
1175,0,tZuNjCsn,DexqYjKS,2943.0
1175,0,aUCLtnsj,tZuNjCsn,2943.0
1338,0,ogOCBKAf,ZTMEdEeK,5829.0
1663,0,GJEXlFdt,UNbrDjxM,871.0
1663,0,VMzKgUSR,GJEXlFdt,805.0
1663,0,BJDTCJYP,VMzKgUSR,805.0
1663,0,gyedwqXM,BJDTCJYP,805.0
1663,0,LYitljhu,gyedwqXM,805.0
1663,0,UhAwQaaX,LYitljhu,805.0
1663,0,LOIXCDqJ,UhAwQaaX,805.0
1663,0,FldHcjZC,LOIXCDqJ,756.0
1663,0,qNiTyrkl,FldHcjZC,455.0
400,0,YfaruHLV,nIbIRswk,1250.0
400,0,XpaxRhYo,YfaruHLV,1250.0
400,0,qYsYtTjJ,XpaxRhYo,1320.0
400,0,KlSqKJQr,qYsYtTjJ,1455.0
1206,0,IfTbUocE,xqQnPHkt,40.0
1206,0,OgnAStiZ,IfTbUocE,40.0
1206,0,NmJVuAxS,OgnAStiZ,40.0
1206,0,VFLsoIHD,NmJVuAxS,40.0
1206,0,vIPMUZxJ,VFLsoIHD,39.0
1592,0,CSzsuVOH,dCWftKsk,73.0
1592,0,aUZoPZMc,CSzsuVOH,73.0
1592,0,xOhGqygU,aUZoPZMc,74.0
1592,0,qOuhMtTj,xOhGqygU,93.0
1592,0,KCvWJpxq,qOuhMtTj,93.0
1592,0,YcrsfAeA,KCvWJpxq,124.0
1592,0,cfrRCwNB,YcrsfAeA,124.0
1592,0,sKTwWsMk,cfrRCwNB,143.0
1592,0,pmULGxKj,sKTwWsMk,498.0
1592,0,ToEONYdV,pmULGxKj,498.0
1593,0,uVXvGyfL,ciAbSxQX,3.0
1593,0,CwLKTicL,uVXvGyfL,3.0
1592,0,IawIHXne,ToEONYdV,479.0
467,0,qLQHuyIe,SlEBxfyW,253.0
467,0,NRaiNGwl,qLQHuyIe,253.0
467,0,dgLtpUgu,NRaiNGwl,241.0
467,0,GJEXlFdt,dgLtpUgu,241.0
467,0,BJDTCJYP,GJEXlFdt,241.0
467,0,UhAwQaaX,BJDTCJYP,241.0
467,0,LOIXCDqJ,UhAwQaaX,238.0
865,0,NXLrCKMp,xiTGCYEl,192.0
865,0,FyoAuDvn,NXLrCKMp,192.0
865,0,WOOyqinT,FyoAuDvn,224.0
865,0,mnkgCFDT,WOOyqinT,343.0
865,0,kVhbTVuU,mnkgCFDT,995.0
865,0,IoxYvxeH,kVhbTVuU,1135.0
865,0,yrlDljAC,IoxYvxeH,1216.0
865,0,rBCwdRqs,yrlDljAC,1216.0
865,0,olAnplnl,rBCwdRqs,1216.0
865,0,lLIyiFPN,olAnplnl,1216.0
865,0,cMNwDvJt,lLIyiFPN,1216.0
865,0,TcKqxHvb,cMNwDvJt,1216.0
865,0,JafKIKES,TcKqxHvb,1216.0
865,0,NxXUMgmK,JafKIKES,1216.0
865,0,AdCBnmxI,NxXUMgmK,1216.0
865,0,ufpbvrtF,AdCBnmxI,1216.0
1594,0,ySPnpMTg,yQTYDvhm,2.0
1395,0,TFSGEQcQ,cfrRCwNB,584.0
1395,0,fjFZwaYy,TFSGEQcQ,584.0
1395,0,lSWJJvzr,fjFZwaYy,584.0
778,0,FZsFzszJ,gzTQJVMW,613.0
778,0,KgwKZlse,FZsFzszJ,594.0
778,0,AoRkaUmb,KgwKZlse,594.0
778,0,ALhaazBT,AoRkaUmb,594.0
778,0,YqlTLIQa,ALhaazBT,566.0
778,0,AUmOMGnp,YqlTLIQa,566.0
778,0,XFPAZveS,AUmOMGnp,550.0
778,0,ojqTFFWy,XFPAZveS,12.0
1305,0,NmJVuAxS,xqQnPHkt,1070.0
1305,0,LLWkkTwA,NmJVuAxS,1060.0
1305,0,ogOCBKAf,LLWkkTwA,1060.0
1258,0,xqQnPHkt,Plxavose,491.0
1258,0,IfTbUocE,xqQnPHkt,491.0
1258,0,OgnAStiZ,IfTbUocE,491.0
1258,0,NmJVuAxS,OgnAStiZ,491.0
1258,0,VFLsoIHD,NmJVuAxS,491.0
1258,0,LLWkkTwA,VFLsoIHD,416.0
1258,0,ZTMEdEeK,LLWkkTwA,416.0
1258,0,ogOCBKAf,ZTMEdEeK,416.0
751,0,IMzgpfjO,BsiptQCD,826.0
751,0,AmGPOhem,IMzgpfjO,826.0
1355,0,EXDTntZv,AmGPOhem,124.0
1355,0,xFzHIeRy,EXDTntZv,114.0
1355,0,VycUzKpr,xFzHIeRy,95.0
1355,0,ARQSeSoV,VycUzKpr,95.0
1355,0,UmISPPJO,ARQSeSoV,17.0
1355,0,VPUbGzfh,UmISPPJO,17.0
1355,0,MVExtcyL,VPUbGzfh,17.0
1355,0,ogOCBKAf,MVExtcyL,17.0
1206,0,VPUbGzfh,UmISPPJO,18.0
1206,0,MVExtcyL,VPUbGzfh,18.0
1173,0,PNniCxAw,ogOCBKAf,1338.0
1173,0,aZaGhhAB,PNniCxAw,1421.0
635,0,VFLsoIHD,kFnjgEzS,338.0
635,0,LLWkkTwA,VFLsoIHD,336.0
635,0,ogOCBKAf,LLWkkTwA,336.0
467,0,waZdIIZY,LOIXCDqJ,231.0
467,0,eiOwifcC,waZdIIZY,231.0
467,0,ogOCBKAf,eiOwifcC,126.0
1529,0,vcQVCkqQ,kDvrGahi,2.0
1529,0,TzBLFSKE,vcQVCkqQ,2.0
1529,0,MmmkWPfy,TzBLFSKE,2.0
1529,0,AWJbGBWg,MmmkWPfy,2.0
1529,0,sHqmRcRD,AWJbGBWg,2.0
1529,0,wSzUgpVB,sHqmRcRD,2.0
1529,0,zrlQGdaK,wSzUgpVB,2.0
1529,0,UgzfanVk,zrlQGdaK,2.0
1529,0,mhYSfvAq,UgzfanVk,2.0
1529,0,CuIFmOPZ,mhYSfvAq,2.0
1529,0,bkPedFyi,CuIFmOPZ,2.0
1529,0,neCsPoxX,bkPedFyi,2.0
1529,0,RMvkOcpU,neCsPoxX,2.0
1529,0,qVxAOUMG,RMvkOcpU,2.0
1529,0,bYKKzRQT,qVxAOUMG,2.0
1529,0,CLqSCDPt,bYKKzRQT,2.0
1529,0,ZzqCYjTC,CLqSCDPt,2.0
1529,0,UtzkRwuC,ZzqCYjTC,2.0
1529,0,cvCJiZVm,UtzkRwuC,2.0
1529,0,MklhhYCQ,cvCJiZVm,2.0
1529,0,MnTeelLR,MklhhYCQ,2.0
1529,0,WIZPpGvl,MnTeelLR,2.0
1663,0,pGHnvifU,qNiTyrkl,452.0
1663,0,waZdIIZY,pGHnvifU,452.0
1663,0,eiOwifcC,waZdIIZY,452.0
1663,0,ogOCBKAf,eiOwifcC,447.0
1659,0,ogOCBKAf,eiOwifcC,152.0
751,0,lqTAOmVV,WwbQwfXi,2111.0
1206,0,tYTpUUxD,paIawFeA,3.0
1660,0,WyfCQhSW,ogOCBKAf,110.0
1660,0,RBBxesxu,WyfCQhSW,110.0
1660,0,npYXJyuT,RBBxesxu,119.0
1660,0,lFqTDxEu,npYXJyuT,119.0
1660,0,fyczPNat,lFqTDxEu,119.0
1659,0,cBsLzvxc,qflzswAf,18.0
1659,0,MTGLsZPE,cBsLzvxc,33.0
1659,0,bmCACwpU,MTGLsZPE,33.0
1659,0,ndVUpTXG,bmCACwpU,33.0
1659,0,mvSwkBgn,ndVUpTXG,33.0
1659,0,dbBlyJgh,mvSwkBgn,33.0
1660,0,LbqeOjDq,fyczPNat,49.0
1660,0,qdBHsTrj,LbqeOjDq,49.0
1660,0,QRWCUyXY,qdBHsTrj,49.0
725,0,WIZPpGvl,MnTeelLR,854.0
725,0,qflzswAf,WIZPpGvl,801.0
853,0,cNuIRYrx,OrbXRiVv,21.0
853,0,yNIUaSyZ,cNuIRYrx,21.0
853,0,xiTGCYEl,yNIUaSyZ,21.0
853,0,NXLrCKMp,xiTGCYEl,21.0
853,0,FyoAuDvn,NXLrCKMp,21.0
853,0,WOOyqinT,FyoAuDvn,21.0
853,0,mnkgCFDT,WOOyqinT,21.0
853,0,kVhbTVuU,mnkgCFDT,21.0
853,0,WIZPpGvl,MnTeelLR,16.0
853,0,qflzswAf,WIZPpGvl,16.0
250,0,qflzswAf,WIZPpGvl,3928.0
1221,0,qflzswAf,WIZPpGvl,4026.0
601,0,uaQvVFAB,taPJzyhF,36.0
601,0,MnTeelLR,uaQvVFAB,36.0
601,0,WIZPpGvl,MnTeelLR,36.0
601,0,qflzswAf,WIZPpGvl,36.0
242,0,AszcEtOu,BpAiVnps,157.0
242,0,xiCfcAgb,AszcEtOu,856.0
242,0,RjtzWJgw,xiCfcAgb,856.0
242,0,owFNQNZv,RjtzWJgw,867.0
242,0,nCsqpnJo,owFNQNZv,867.0
242,0,gnmwaIOJ,nCsqpnJo,867.0
242,0,pygvGZaF,gnmwaIOJ,867.0
242,0,bsQVAuyn,pygvGZaF,867.0
242,0,VTHwomVj,bsQVAuyn,867.0
242,0,VbpBVdde,VTHwomVj,915.0
242,0,ocwJSpah,VbpBVdde,915.0
242,0,CheNYOmP,ocwJSpah,930.0
242,0,xYUjBvzT,CheNYOmP,983.0
242,0,JXJZtHSD,xYUjBvzT,983.0
242,0,owqgejgM,JXJZtHSD,983.0
242,0,WIZPpGvl,owqgejgM,1050.0
242,0,qflzswAf,WIZPpGvl,1049.0
1660,0,bGxnPBxb,QRWCUyXY,34.0
1660,0,mvgVyONe,bGxnPBxb,34.0
1660,0,YlcUcHmr,mvgVyONe,34.0
1660,0,puuUveiG,YlcUcHmr,34.0
1660,0,CGfCHyje,puuUveiG,34.0
1660,0,qflzswAf,CGfCHyje,31.0
843,0,tbsBIgaj,WoCjyXMQ,173.0
843,0,ekoOPpVq,tbsBIgaj,173.0
843,0,rljVoTvk,ekoOPpVq,163.0
843,0,gxidCspv,rljVoTvk,163.0
843,0,wRTYbalx,gxidCspv,149.0
843,0,DHkaGHFf,wRTYbalx,149.0
843,0,FdBCLyPI,DHkaGHFf,149.0
843,0,CrOFTJlw,FdBCLyPI,149.0
843,0,PyGiRErs,CrOFTJlw,149.0
843,0,qflzswAf,PyGiRErs,129.0
1085,0,cudxYHxf,eJIFTpTd,1270.0
1085,0,WneZtuRq,cudxYHxf,1270.0
1395,0,nxFmOJAJ,lSWJJvzr,550.0
1395,0,GznDzxNt,nxFmOJAJ,550.0
1395,0,jappmlZc,GznDzxNt,550.0
1170,0,PNniCxAw,ogOCBKAf,679.0
1170,0,aZaGhhAB,PNniCxAw,686.0
1170,0,CVcknAiw,aZaGhhAB,686.0
1170,0,uGkwFELU,CVcknAiw,686.0
1170,0,LpjIkIID,uGkwFELU,688.0
1168,0,iqwUvhKg,isqWGISG,6.0
931,0,DetNfbBu,qeXIqBgp,1327.0
751,0,xRIuSSHV,lqTAOmVV,2008.0
751,0,HKxWWoBG,xRIuSSHV,2008.0
1607,0,CyKtNncX,aImltWBw,62.0
1607,0,UGBWqSzR,CyKtNncX,62.0
1607,0,ywuGpANM,UGBWqSzR,62.0
1708,0,ffjXMuak,qeXIqBgp,7.0
1708,0,EDdQplwd,ffjXMuak,7.0
1708,0,XbgiSLmy,EDdQplwd,7.0
1708,0,pXlenLUq,XbgiSLmy,7.0
1708,0,DNyXiZzj,pXlenLUq,7.0
1708,0,rEicsBoS,DNyXiZzj,12.0
1708,0,obgmJQzi,rEicsBoS,12.0
1708,0,MPxbDKyu,obgmJQzi,12.0
1708,0,BZCtSmhk,ywuGpANM,1.0
1708,0,aojHvPEg,BZCtSmhk,2.0
1708,0,qeXIqBgp,aojHvPEg,2.0
242,0,tBPmVbcK,qflzswAf,311.0
1173,0,QESMqsTJ,JJzKKoaf,1255.0
1173,0,CVcknAiw,aZaGhhAB,1130.0
1173,0,uGkwFELU,CVcknAiw,1130.0
1173,0,TCQmGnBb,uGkwFELU,1144.0
1173,0,JJzKKoaf,TCQmGnBb,1144.0
751,0,AjvyZYOZ,HKxWWoBG,840.0
751,0,LroBKvWh,AjvyZYOZ,809.0
751,0,BsiptQCD,LroBKvWh,809.0
1395,0,JGAJXRSN,jappmlZc,541.0
1395,0,SDEQaVyD,JGAJXRSN,541.0
900,0,qRJySzaf,HeRuYpNs,35.0
900,0,LTfflVxG,qRJySzaf,35.0
900,0,AhWKwjTz,LTfflVxG,35.0
900,0,VEiYdotb,AhWKwjTz,35.0
900,0,DgYBMgPg,VEiYdotb,35.0
900,0,vkArqzKY,DgYBMgPg,35.0
900,0,gzTQJVMW,vkArqzKY,35.0
900,0,FZsFzszJ,gzTQJVMW,22.0
900,0,KgwKZlse,FZsFzszJ,22.0
900,0,AoRkaUmb,KgwKZlse,22.0
900,0,ALhaazBT,AoRkaUmb,22.0
900,0,YqlTLIQa,ALhaazBT,21.0
900,0,AUmOMGnp,YqlTLIQa,21.0
900,0,XFPAZveS,AUmOMGnp,21.0
900,0,ojqTFFWy,XFPAZveS,15.0
1408,0,SXdpUnkd,NNAcmEYB,678.0
1408,0,cWGPtAwF,SXdpUnkd,678.0
1408,0,sPOOXkzZ,cWGPtAwF,678.0
1406,0,hqxwmRzJ,FXulXHgs,5.0
1406,0,VtPnVtjF,hqxwmRzJ,5.0
1406,0,hCpAddaw,VtPnVtjF,5.0
1406,0,CHKZpApa,hCpAddaw,5.0
1406,0,YvLuczKe,CHKZpApa,5.0
1406,0,cThdGxLv,YvLuczKe,5.0
1406,0,SUVVzOYC,cThdGxLv,5.0
1406,0,dAxtDTje,SUVVzOYC,4.0
1406,0,KGIBfEut,dAxtDTje,4.0
1406,0,kiTgZeoH,KGIBfEut,4.0
1406,0,eLmJkuZC,kiTgZeoH,4.0
1406,0,UgzfanVk,eLmJkuZC,4.0
1573,0,SoTLWNOq,kZlpJvjE,3.0
1573,0,eAajskRX,SoTLWNOq,3.0
1573,0,FXulXHgs,eAajskRX,3.0
1573,0,ElqrEMfW,FXulXHgs,3.0
1573,0,hqxwmRzJ,ElqrEMfW,3.0
1573,0,VtPnVtjF,hqxwmRzJ,3.0
1573,0,hCpAddaw,VtPnVtjF,3.0
1573,0,CHKZpApa,hCpAddaw,3.0
1573,0,YvLuczKe,CHKZpApa,3.0
1573,0,cThdGxLv,YvLuczKe,3.0
1573,0,SUVVzOYC,cThdGxLv,3.0
1573,0,dAxtDTje,SUVVzOYC,3.0
1573,0,KGIBfEut,dAxtDTje,3.0
1573,0,kiTgZeoH,KGIBfEut,3.0
1573,0,eLmJkuZC,kiTgZeoH,3.0
1573,0,UgzfanVk,eLmJkuZC,3.0
1032,0,EiPYisOM,QhscbmPA,652.0
1032,0,ElqrEMfW,EiPYisOM,652.0
1032,0,hqxwmRzJ,ElqrEMfW,652.0
1032,0,bbltEnah,hqxwmRzJ,50.0
1032,0,jJqyLkNG,bbltEnah,50.0
1032,0,NMFCXTQH,jJqyLkNG,50.0
1032,0,wXyAETzh,NMFCXTQH,50.0
1032,0,GxYrbHur,wXyAETzh,50.0
1032,0,uGbUWjny,GxYrbHur,50.0
1032,0,NsShbegC,uGbUWjny,39.0
1032,0,owraUoxF,NsShbegC,39.0
1032,0,oWTTFPnV,owraUoxF,39.0
1032,0,CHKZpApa,oWTTFPnV,39.0
1032,0,YvLuczKe,CHKZpApa,39.0
1032,0,cThdGxLv,YvLuczKe,39.0
1032,0,SUVVzOYC,cThdGxLv,39.0
1032,0,dAxtDTje,SUVVzOYC,18.0
1032,0,aunBMooM,dAxtDTje,18.0
1032,0,KGIBfEut,aunBMooM,18.0
1032,0,kiTgZeoH,KGIBfEut,18.0
1032,0,eLmJkuZC,kiTgZeoH,2.0
1032,0,uDnSXuvA,eLmJkuZC,2.0
1032,0,UgzfanVk,uDnSXuvA,2.0
1029,0,DhBIcFJB,tBPmVbcK,4349.0
400,0,zZZsLLct,ojqTFFWy,279.0
400,0,nIbIRswk,zZZsLLct,279.0
242,0,DhBIcFJB,tBPmVbcK,201.0
1121,0,IoxYvxeH,kVhbTVuU,86.0
1121,0,yrlDljAC,IoxYvxeH,90.0
1121,0,rBCwdRqs,yrlDljAC,90.0
1121,0,olAnplnl,rBCwdRqs,90.0
1121,0,hpCuKAjH,olAnplnl,90.0
1121,0,tyeyrnYi,hpCuKAjH,90.0
1121,0,HezLsNFQ,tyeyrnYi,90.0
1121,0,eusqYKWT,HezLsNFQ,110.0
1121,0,dCWftKsk,eusqYKWT,110.0
1121,0,HpfZbCVA,dCWftKsk,168.0
1121,0,glDvUhXc,HpfZbCVA,207.0
1121,0,FhKkSAFH,glDvUhXc,207.0
1121,0,taPJzyhF,FhKkSAFH,207.0
1121,0,uaQvVFAB,taPJzyhF,207.0
1121,0,MnTeelLR,uaQvVFAB,207.0
1121,0,WIZPpGvl,MnTeelLR,406.0
1121,0,qflzswAf,WIZPpGvl,406.0
1121,0,tBPmVbcK,qflzswAf,406.0
1121,0,DhBIcFJB,tBPmVbcK,406.0
751,0,AEUmstNW,WKiVoaSt,271.0
751,0,PfGRcOsd,AEUmstNW,269.0
751,0,bLWPtAll,PfGRcOsd,269.0
751,0,BDmybVdG,bLWPtAll,269.0
1125,0,CVPWCvNJ,BDmybVdG,319.0
1125,0,muVREKCV,CVPWCvNJ,481.0
1125,0,BsRMZbGV,muVREKCV,481.0
1170,0,odfRkvUj,LpjIkIID,469.0
1170,0,sCNvhPqY,odfRkvUj,469.0
1170,0,IjFZQfFh,sCNvhPqY,469.0
1170,0,TYAIdqeQ,IjFZQfFh,469.0
1170,0,Zysthhei,TYAIdqeQ,469.0
1170,0,oEaRMYXq,Zysthhei,469.0
867,0,uhArLFHO,cBsLzvxc,35.0
867,0,qZeFqHEu,uhArLFHO,35.0
867,0,cBsLzvxc,qflzswAf,19.0
868,0,zjOknQHK,CRVKBFrv,14.0
868,0,FrKNovDQ,zjOknQHK,14.0
868,0,nfCzcTzh,FrKNovDQ,14.0
868,0,GyLDNPGc,nfCzcTzh,28.0
868,0,qORtFjQM,GyLDNPGc,28.0
868,0,OZmcxPEb,qORtFjQM,28.0
868,0,qgVdByqj,OZmcxPEb,28.0
868,0,jQlVbeqW,qgVdByqj,28.0
1305,0,WyfCQhSW,ogOCBKAf,429.0
1305,0,erxKyHjj,WyfCQhSW,419.0
1305,0,KjiBWoqR,erxKyHjj,419.0
1083,0,EAwJtHSB,vyojaKRU,411.0
96,0,vyojaKRU,XiXLaJEL,27.0
1040,0,eaNsVWDR,CKorGRkE,88.0
1040,0,vyojaKRU,eaNsVWDR,1.0
1040,0,EAwJtHSB,vyojaKRU,1.0
1649,0,WyfCQhSW,ogOCBKAf,707.0
1649,0,erxKyHjj,WyfCQhSW,707.0
1649,0,KjiBWoqR,erxKyHjj,707.0
1649,0,bYNwHuWo,KjiBWoqR,707.0
1649,0,qWvzRbGV,bYNwHuWo,707.0
1649,0,PRzaSxQc,qWvzRbGV,707.0
1649,0,bfKiOFsS,PRzaSxQc,707.0
1649,0,eGbCulMV,bfKiOFsS,707.0
1649,0,CRVKBFrv,eGbCulMV,707.0
1649,0,zjOknQHK,CRVKBFrv,731.0
1649,0,TCeiTEZh,zjOknQHK,1176.0
1650,0,cBsLzvxc,qflzswAf,179.0
1650,0,MTGLsZPE,cBsLzvxc,370.0
1650,0,bmCACwpU,MTGLsZPE,370.0
1650,0,ndVUpTXG,bmCACwpU,370.0
1650,0,mvSwkBgn,ndVUpTXG,370.0
1650,0,dbBlyJgh,mvSwkBgn,370.0
1650,0,DyENAaIa,dbBlyJgh,370.0
1650,0,dXsdOXmC,DyENAaIa,370.0
1650,0,pWUEfFEM,dXsdOXmC,370.0
1124,0,CVPWCvNJ,BDmybVdG,1.0
1124,0,muVREKCV,CVPWCvNJ,1.0
1124,0,MpxTTzjt,muVREKCV,1.0
1124,0,BsRMZbGV,MpxTTzjt,1.0
1124,0,yRjqmRuq,BsRMZbGV,1.0
1124,0,pTTspriv,yRjqmRuq,1.0
1124,0,kjmHgYUi,pTTspriv,1.0
1124,0,UHSPJyEW,kjmHgYUi,1.0
1124,0,dOTSUZHl,UHSPJyEW,1.0
1124,0,ITdbUezF,dOTSUZHl,1.0
1124,0,UCTWITih,ITdbUezF,1.0
1124,0,HnEviCBr,UCTWITih,1.0
1124,0,nCgrSQNi,HnEviCBr,1.0
1124,0,KyrNRMTR,nCgrSQNi,1.0
1173,0,ZtKBYERA,QESMqsTJ,523.0
1173,0,BtOUMROM,ZtKBYERA,523.0
1173,0,cwRIXHps,BtOUMROM,523.0
1173,0,jFhGTpOu,cwRIXHps,501.0
1173,0,btKesaAl,jFhGTpOu,501.0
1173,0,UTtjkhMN,btKesaAl,501.0
1173,0,GbOoEgJY,UTtjkhMN,520.0
1173,0,KvUqhblU,GbOoEgJY,519.0
1173,0,VMlGrjvU,KvUqhblU,527.0
1173,0,WlXbaBoJ,VMlGrjvU,527.0
1530,0,kVeKzKrW,zuhYkREh,99.0
1529,0,kDvrGahi,ejMjPdTH,133.0
1530,0,PNUwxzRj,iaPnRXpR,20.0
1530,0,sxclJLmG,PNUwxzRj,20.0
1530,0,xMTNzVPt,sxclJLmG,20.0
1530,0,AudzmzeZ,xMTNzVPt,20.0
1530,0,QVFxizLc,AudzmzeZ,20.0
1530,0,BKywSEpu,QVFxizLc,20.0
1530,0,PrwDPVMa,BKywSEpu,20.0
1530,0,bjPEDqek,PrwDPVMa,20.0
1530,0,hNvVhacI,bjPEDqek,20.0
1530,0,RTnwKdcX,hNvVhacI,20.0
1530,0,SDEQaVyD,RTnwKdcX,20.0
1530,0,OMhVSsxv,SDEQaVyD,20.0
1530,0,UgzfanVk,OMhVSsxv,20.0
1530,0,fiwqiJeH,UgzfanVk,20.0
1530,0,JaCojcPE,fiwqiJeH,20.0
1530,0,vxTQjZcJ,JaCojcPE,20.0
1530,0,FfdGxPiD,vxTQjZcJ,72.0
1530,0,nGUGLxPd,FfdGxPiD,72.0
1530,0,hZwGajtf,nGUGLxPd,72.0
1530,0,zuhYkREh,hZwGajtf,72.0
1530,0,CEZTRnUo,qflzswAf,1.0
1530,0,funWfCdm,CEZTRnUo,1.0
1530,0,rnFrOJMw,funWfCdm,1.0
1530,0,iaPnRXpR,rnFrOJMw,1.0
867,0,sICvpcEb,qZeFqHEu,11.0
867,0,XwJbeVId,sICvpcEb,11.0
867,0,BuUVquxB,XwJbeVId,11.0
867,0,eLEJvIlJ,BuUVquxB,11.0
867,0,suvDbtPR,eLEJvIlJ,11.0
867,0,clVXMHJf,suvDbtPR,10.0
867,0,UXEWVZzP,clVXMHJf,10.0
751,0,OHOnJQtA,AmGPOhem,706.0
751,0,VwYVTziR,OHOnJQtA,706.0
751,0,MQGhRgQS,VwYVTziR,711.0
751,0,vHRzQkLM,MQGhRgQS,672.0
751,0,oPITKJYe,vHRzQkLM,672.0
751,0,POTYMsFk,oPITKJYe,672.0
751,0,LuAURVPA,POTYMsFk,662.0
751,0,DfYzlKXm,LuAURVPA,662.0
1170,0,FyAVeoLb,oEaRMYXq,446.0
1170,0,VjSiMBzK,FyAVeoLb,393.0
1170,0,JoqesOWP,VjSiMBzK,393.0
1170,0,ATKbycui,JoqesOWP,393.0
1128,0,yzzIynLu,DhBIcFJB,1922.0
1128,0,ByOODIxa,yzzIynLu,1922.0
1128,0,Ngsxsfae,ByOODIxa,1922.0
1128,0,qDNcQeuw,Ngsxsfae,1927.0
1128,0,DpfRSiIE,qDNcQeuw,1927.0
1128,0,QoKDjrWo,qflzswAf,1453.0
1128,0,tBPmVbcK,QoKDjrWo,1453.0
1128,0,DhBIcFJB,tBPmVbcK,1825.0
1356,0,BjxLEaiN,UTtjkhMN,32.0
1356,0,UsVsFgoS,BjxLEaiN,47.0
1395,0,UgzfanVk,SDEQaVyD,20.0
1407,0,rJvLUxkA,UgzfanVk,847.0
1407,0,dYlTtQAF,rJvLUxkA,847.0
1032,0,FrCulsqF,VYHZxBYO,292.0
1032,0,KCAssTym,FrCulsqF,292.0
1032,0,WhdKokFf,KCAssTym,623.0
1032,0,QhscbmPA,WhdKokFf,623.0
1128,0,XsvFZXJo,DpfRSiIE,1916.0
1128,0,dJdTBATy,XsvFZXJo,1251.0
1128,0,PzVFlDkT,dJdTBATy,1251.0
1066,0,TsaeiIGv,EkWBPXmr,2.0
1066,0,OsBkWRQx,TsaeiIGv,2.0
1066,0,udlIzhJE,OsBkWRQx,2.0
1066,0,DeduXMzE,udlIzhJE,2.0
1066,0,GXHjZCTL,DeduXMzE,2.0
1066,0,yolIeCeg,GXHjZCTL,2.0
1066,0,ozAxYCwR,yolIeCeg,2.0
1066,0,qdrjbHYS,ozAxYCwR,2.0
1066,0,AKdDiXyV,qdrjbHYS,12.0
1066,0,kZdBhxvo,AKdDiXyV,12.0
1066,0,VxCMIjeX,fxsyxfZK,527.0
1066,0,BOULhmAk,VxCMIjeX,530.0
1066,0,qhfHNtOQ,BOULhmAk,530.0
1170,0,VXqnYnlT,ATKbycui,204.0
1651,0,KiOCmsmI,bYNwHuWo,8.0
1651,0,QRngTwFS,KiOCmsmI,8.0
1651,0,PxKzEfaJ,QRngTwFS,8.0
1651,0,kKaTqilr,PxKzEfaJ,8.0
1651,0,UUyOnuCZ,kKaTqilr,8.0
1651,0,YbopoHtZ,UUyOnuCZ,1.0
1651,0,LIaalPFl,YbopoHtZ,1.0
1121,0,ByOODIxa,DhBIcFJB,405.0
1121,0,Ngsxsfae,ByOODIxa,405.0
1121,0,qDNcQeuw,Ngsxsfae,405.0
1121,0,DpfRSiIE,qDNcQeuw,405.0
1121,0,XsvFZXJo,DpfRSiIE,405.0
1121,0,NXLrCKMp,xiTGCYEl,2.0
1121,0,FyoAuDvn,NXLrCKMp,2.0
1121,0,WOOyqinT,FyoAuDvn,25.0
1121,0,mnkgCFDT,WOOyqinT,26.0
1121,0,kVhbTVuU,mnkgCFDT,82.0
242,0,ByOODIxa,DhBIcFJB,174.0
242,0,Ngsxsfae,ByOODIxa,174.0
242,0,qDNcQeuw,Ngsxsfae,174.0
242,0,DpfRSiIE,qDNcQeuw,174.0
242,0,XsvFZXJo,DpfRSiIE,174.0
1133,0,fJuPdFXq,tFSvrGay,378.0
1029,0,ByOODIxa,DhBIcFJB,4956.0
1029,0,HxSbXXdZ,ByOODIxa,4956.0
1029,0,zlRPdbBz,HxSbXXdZ,5060.0
1029,0,KQaXxZDT,zlRPdbBz,5060.0
867,0,MlYFoaez,UXEWVZzP,1.0
796,0,pPKqPUVW,pwpCkicC,30.0
796,0,slfxTuih,pPKqPUVW,30.0
1440,0,jJVVpGMf,pwpCkicC,66.0
1440,0,pPKqPUVW,jJVVpGMf,66.0
1440,0,slfxTuih,pPKqPUVW,66.0
564,0,slfxTuih,dLtneiKf,597.0
1462,0,tyrVGRMU,HajxumVd,93.0
1462,0,LhQSpAzy,tyrVGRMU,93.0
1462,0,pwpCkicC,LhQSpAzy,93.0
1462,0,jJVVpGMf,pwpCkicC,93.0
1462,0,tcYerYbk,jJVVpGMf,93.0
1462,0,pPKqPUVW,tcYerYbk,93.0
1462,0,iYTiOTOT,pPKqPUVW,93.0
1462,0,slfxTuih,iYTiOTOT,93.0
564,0,XFPAZveS,slfxTuih,407.0
1170,0,MYMMmWkN,VXqnYnlT,191.0
1170,0,tUdYLqkf,MYMMmWkN,191.0
156,0,QESMqsTJ,JJzKKoaf,58.0
156,0,ZtKBYERA,QESMqsTJ,72.0
156,0,BtOUMROM,ZtKBYERA,72.0
156,0,cwRIXHps,BtOUMROM,72.0
156,0,jFhGTpOu,cwRIXHps,72.0
156,0,btKesaAl,jFhGTpOu,72.0
156,0,UTtjkhMN,btKesaAl,72.0
156,0,BjxLEaiN,UTtjkhMN,72.0
156,0,joGrBgeB,BjxLEaiN,75.0
156,0,lczxXDao,joGrBgeB,77.0
156,0,YpVxAvQG,YJykDsrc,17.0
156,0,RinxBkUZ,YpVxAvQG,17.0
156,0,LhgNVAOU,RinxBkUZ,17.0
156,0,bPdCVhrp,LhgNVAOU,19.0
156,0,SOVcCDqR,bPdCVhrp,19.0
156,0,FYhykdTj,SOVcCDqR,19.0
156,0,QpprBOSr,FYhykdTj,19.0
156,0,Plxavose,QpprBOSr,22.0
156,0,xqQnPHkt,Plxavose,22.0
156,0,IfTbUocE,xqQnPHkt,22.0
156,0,OgnAStiZ,IfTbUocE,22.0
156,0,kFnjgEzS,OgnAStiZ,22.0
156,0,VFLsoIHD,kFnjgEzS,22.0
156,0,LLWkkTwA,VFLsoIHD,22.0
156,0,ZTMEdEeK,LLWkkTwA,22.0
156,0,ogOCBKAf,ZTMEdEeK,23.0
156,0,PNniCxAw,ogOCBKAf,39.0
156,0,aZaGhhAB,PNniCxAw,53.0
156,0,CVcknAiw,aZaGhhAB,53.0
156,0,uGkwFELU,CVcknAiw,53.0
156,0,IzKulrBJ,uGkwFELU,54.0
156,0,TCQmGnBb,IzKulrBJ,54.0
156,0,JJzKKoaf,TCQmGnBb,54.0
156,0,RYTcAdhr,yLFlKjKg,2.0
156,0,EzivGHuE,RYTcAdhr,2.0
156,0,isWzWnoW,EzivGHuE,2.0
156,0,fcSUqaEW,isWzWnoW,2.0
156,0,YJykDsrc,fcSUqaEW,2.0
1356,0,aZaGhhAB,ogOCBKAf,8.0
1356,0,CVcknAiw,aZaGhhAB,8.0
1356,0,uGkwFELU,CVcknAiw,8.0
1356,0,QESMqsTJ,uGkwFELU,8.0
1356,0,cwRIXHps,QESMqsTJ,8.0
1356,0,UTtjkhMN,cwRIXHps,8.0
1085,0,VYHZxBYO,vDTAjOOR,811.0
1087,0,zGXQZTlC,VYHZxBYO,881.0
1087,0,OgfqNfUY,zGXQZTlC,880.0
1087,0,YRiTgQXe,OgfqNfUY,876.0
1087,0,rAUblAml,YRiTgQXe,876.0
1087,0,fSQOYpje,rAUblAml,876.0
1087,0,hGRIMrVW,fSQOYpje,876.0
1132,0,BoavYDPS,RHzXTuOU,665.0
1132,0,yLXUQkCh,BoavYDPS,665.0
1132,0,UgnVLYPx,yLXUQkCh,767.0
1132,0,qgzMfcCH,UgnVLYPx,767.0
1132,0,CSwPNDqz,qgzMfcCH,767.0
1132,0,zIFSdUXT,CSwPNDqz,767.0
1167,0,PNniCxAw,ogOCBKAf,23.0
1167,0,aZaGhhAB,PNniCxAw,23.0
1167,0,CVcknAiw,aZaGhhAB,23.0
1167,0,uGkwFELU,CVcknAiw,23.0
1167,0,LpjIkIID,uGkwFELU,23.0
1167,0,odfRkvUj,LpjIkIID,24.0
1167,0,sCNvhPqY,odfRkvUj,24.0
1167,0,IjFZQfFh,sCNvhPqY,24.0
1167,0,TYAIdqeQ,IjFZQfFh,24.0
1167,0,Zysthhei,TYAIdqeQ,24.0
1167,0,oEaRMYXq,Zysthhei,24.0
1167,0,FyAVeoLb,oEaRMYXq,30.0
1167,0,VjSiMBzK,FyAVeoLb,30.0
1167,0,JoqesOWP,VjSiMBzK,30.0
1167,0,ZaTxFLgk,JoqesOWP,30.0
1167,0,idOCTaDY,ZaTxFLgk,36.0
1462,0,SVPLEqNI,slfxTuih,66.0
950,0,FZsFzszJ,gzTQJVMW,55.0
950,0,KgwKZlse,FZsFzszJ,54.0
950,0,AoRkaUmb,KgwKZlse,54.0
950,0,ALhaazBT,AoRkaUmb,54.0
950,0,YqlTLIQa,ALhaazBT,53.0
950,0,AUmOMGnp,YqlTLIQa,53.0
950,0,XFPAZveS,AUmOMGnp,53.0
938,0,tNmxviwt,wkWFjOvx,1.0
938,0,yHaTCNJc,tNmxviwt,1.0
938,0,lhSIyIfw,yHaTCNJc,1.0
938,0,cgSMZptb,lhSIyIfw,1.0
938,0,fdwLSfsa,cgSMZptb,1.0
938,0,wuAzVrCW,fdwLSfsa,1.0
938,0,mRKfPREJ,wuAzVrCW,1.0
938,0,HeRuYpNs,mRKfPREJ,1.0
938,0,qRJySzaf,HeRuYpNs,1.0
938,0,LTfflVxG,qRJySzaf,1.0
938,0,AhWKwjTz,LTfflVxG,1.0
938,0,VEiYdotb,AhWKwjTz,1.0
938,0,DgYBMgPg,VEiYdotb,1.0
938,0,yjQwxGED,DgYBMgPg,1.0
938,0,KPcRWbGT,yjQwxGED,1.0
938,0,uGRyXcfW,KPcRWbGT,1.0
938,0,HlhFjJtZ,uGRyXcfW,1.0
938,0,ALhaazBT,HlhFjJtZ,1.0
938,0,YqlTLIQa,ALhaazBT,1.0
938,0,AUmOMGnp,YqlTLIQa,1.0
938,0,XFPAZveS,AUmOMGnp,1.0
96,0,puwcRgFs,vyojaKRU,26.0
1407,0,aIrbaHhk,dYlTtQAF,779.0
1407,0,JALpXpKc,aIrbaHhk,779.0
1407,0,WcOcULlY,JALpXpKc,779.0
1407,0,mZFKHZkN,WcOcULlY,779.0
1172,0,PNniCxAw,ogOCBKAf,93.0
1172,0,aZaGhhAB,PNniCxAw,108.0
1172,0,CVcknAiw,aZaGhhAB,108.0
1172,0,uGkwFELU,CVcknAiw,108.0
1172,0,TCQmGnBb,uGkwFELU,108.0
1172,0,JJzKKoaf,TCQmGnBb,108.0
1172,0,QESMqsTJ,JJzKKoaf,117.0
1172,0,ZtKBYERA,QESMqsTJ,157.0
1172,0,ZzGQqLDR,ZtKBYERA,157.0
1172,0,cwRIXHps,ZzGQqLDR,157.0
1172,0,jFhGTpOu,cwRIXHps,157.0
1172,0,btKesaAl,jFhGTpOu,157.0
1172,0,UTtjkhMN,btKesaAl,157.0
1172,0,BjxLEaiN,UTtjkhMN,157.0
1172,0,joGrBgeB,BjxLEaiN,164.0
1172,0,dkKDnHnJ,joGrBgeB,166.0
1029,0,thNcyzdj,KQaXxZDT,4334.0
1029,0,gWHAQwVu,thNcyzdj,4334.0
1121,0,dJdTBATy,XsvFZXJo,269.0
1121,0,PzVFlDkT,dJdTBATy,269.0
1121,0,RHzXTuOU,PzVFlDkT,269.0
1128,0,RHzXTuOU,PzVFlDkT,1195.0
242,0,dJdTBATy,XsvFZXJo,119.0
242,0,PzVFlDkT,dJdTBATy,119.0
242,0,RHzXTuOU,PzVFlDkT,119.0
1172,0,TztxJAVO,dkKDnHnJ,96.0
1172,0,xtcBaTeK,TztxJAVO,96.0
1020,0,WyfCQhSW,ogOCBKAf,895.0
1020,0,erxKyHjj,WyfCQhSW,899.0
1020,0,KjiBWoqR,erxKyHjj,899.0
1020,0,bYNwHuWo,KjiBWoqR,899.0
1020,0,MFfExqBx,bYNwHuWo,899.0
1020,0,qWvzRbGV,MFfExqBx,899.0
1020,0,PRzaSxQc,qWvzRbGV,899.0
1020,0,bfKiOFsS,PRzaSxQc,899.0
1020,0,eGbCulMV,bfKiOFsS,899.0
1020,0,CRVKBFrv,eGbCulMV,899.0
1020,0,zjOknQHK,CRVKBFrv,958.0
1020,0,FrKNovDQ,zjOknQHK,958.0
1020,0,nfCzcTzh,FrKNovDQ,958.0
1020,0,ZYiWVpjK,nfCzcTzh,3444.0
1020,0,qTvRhwtK,ZYiWVpjK,3461.0
1020,0,rMamJjcH,qTvRhwtK,3461.0
1167,0,isqWGISG,idOCTaDY,2.0
1132,0,tBPmVbcK,qflzswAf,301.0
1132,0,DhBIcFJB,tBPmVbcK,301.0
1132,0,ByOODIxa,DhBIcFJB,301.0
1132,0,Ngsxsfae,ByOODIxa,301.0
1132,0,qDNcQeuw,Ngsxsfae,406.0
1132,0,DpfRSiIE,qDNcQeuw,406.0
1132,0,XsvFZXJo,DpfRSiIE,406.0
1132,0,dJdTBATy,XsvFZXJo,500.0
1132,0,PzVFlDkT,dJdTBATy,500.0
1132,0,RHzXTuOU,PzVFlDkT,500.0
1212,0,LCJSaMch,ChOayZDF,23.0
1128,0,BoavYDPS,RHzXTuOU,905.0
1128,0,yLXUQkCh,BoavYDPS,905.0
1121,0,KpBBeKJM,RHzXTuOU,237.0
242,0,yLXUQkCh,RHzXTuOU,100.0
242,0,KpBBeKJM,yLXUQkCh,100.0
1128,0,KpBBeKJM,yLXUQkCh,856.0
1172,0,cKQpuLql,xtcBaTeK,81.0
845,0,tBPmVbcK,qflzswAf,126.0
845,0,DhBIcFJB,tBPmVbcK,149.0
845,0,ByOODIxa,DhBIcFJB,149.0
845,0,HxSbXXdZ,ByOODIxa,149.0
845,0,zlRPdbBz,HxSbXXdZ,149.0
845,0,KQaXxZDT,zlRPdbBz,149.0
845,0,thNcyzdj,KQaXxZDT,153.0
845,0,gWHAQwVu,thNcyzdj,153.0
845,0,QrnyweDt,gWHAQwVu,165.0
845,0,KTKGWmNj,QrnyweDt,165.0
940,0,yjQwxGED,DgYBMgPg,5.0
940,0,KPcRWbGT,yjQwxGED,5.0
940,0,uGRyXcfW,KPcRWbGT,5.0
940,0,HlhFjJtZ,uGRyXcfW,5.0
940,0,ALhaazBT,HlhFjJtZ,5.0
1707,0,njiqgOWt,jVOVHrFU,1.0
1707,0,cIQOVqQI,njiqgOWt,1.0
1707,0,OyAyNkqZ,cIQOVqQI,1.0
1042,0,AoRkaUmb,bfpcjsiF,12.0
1042,0,ALhaazBT,AoRkaUmb,12.0
952,0,WzJZybAt,KbKyxild,48.0
952,0,wBZvskGC,WzJZybAt,48.0
1305,0,bYNwHuWo,KjiBWoqR,7.0
1210,0,xqQnPHkt,QpprBOSr,6.0
1210,0,IfTbUocE,xqQnPHkt,6.0
1210,0,OgnAStiZ,IfTbUocE,6.0
1210,0,NmJVuAxS,OgnAStiZ,6.0
1210,0,VFLsoIHD,NmJVuAxS,6.0
1210,0,LLWkkTwA,VFLsoIHD,6.0
1210,0,ZTMEdEeK,LLWkkTwA,6.0
1210,0,ogOCBKAf,ZTMEdEeK,6.0
1210,0,WyfCQhSW,ogOCBKAf,8.0
1210,0,erxKyHjj,WyfCQhSW,8.0
1210,0,KjiBWoqR,erxKyHjj,8.0
1210,0,bYNwHuWo,KjiBWoqR,8.0
1210,0,MFfExqBx,bYNwHuWo,8.0
1210,0,qWvzRbGV,MFfExqBx,8.0
1210,0,PRzaSxQc,qWvzRbGV,8.0
1210,0,bfKiOFsS,PRzaSxQc,8.0
1210,0,eGbCulMV,bfKiOFsS,8.0
1210,0,CRVKBFrv,eGbCulMV,8.0
1210,0,zjOknQHK,CRVKBFrv,8.0
1210,0,FrKNovDQ,zjOknQHK,8.0
1210,0,nfCzcTzh,FrKNovDQ,8.0
1210,0,ZYiWVpjK,nfCzcTzh,12.0
1210,0,qTvRhwtK,ZYiWVpjK,14.0
1210,0,rMamJjcH,qTvRhwtK,14.0
1210,0,XQBvMmKm,rMamJjcH,14.0
1210,0,hPGLMLbU,XQBvMmKm,46.0
1210,0,RIVMQHVF,hPGLMLbU,46.0
1210,0,TeSdyMFH,RIVMQHVF,46.0
1210,0,XDHbYGPc,TeSdyMFH,47.0
1210,0,qRqIHRjS,XDHbYGPc,47.0
1210,0,QFkvaGqn,qRqIHRjS,49.0
1210,0,OpqnHslm,QFkvaGqn,49.0
1210,0,NxijJQZJ,OpqnHslm,49.0
1210,0,dpFXbFTh,NxijJQZJ,58.0
936,0,pQuyecaE,RrjncJTc,4.0
936,0,cdkVqwDW,pQuyecaE,4.0
936,0,QOEvNTvQ,cdkVqwDW,4.0
936,0,RElITdVd,QOEvNTvQ,4.0
936,0,woHRqfeu,RElITdVd,4.0
1029,0,diQHouff,hEihXJEh,2779.0
1029,0,kynUbZOw,diQHouff,2779.0
1029,0,OCOnFIfy,kynUbZOw,2779.0
1066,0,TQJSOMwc,qhfHNtOQ,428.0
1128,0,UgnVLYPx,KpBBeKJM,803.0
1128,0,qgzMfcCH,UgnVLYPx,803.0
1128,0,CSwPNDqz,qgzMfcCH,803.0
1128,0,zIFSdUXT,CSwPNDqz,803.0
564,0,ojqTFFWy,XFPAZveS,10.0
1093,0,zrVEttwl,qmRscxuH,60.0
1093,0,KhQckqci,zrVEttwl,60.0
1093,0,NkYJOxxA,KhQckqci,60.0
1093,0,Phtvjmoj,NkYJOxxA,60.0
1020,0,XQBvMmKm,rMamJjcH,3457.0
1020,0,dtLFJEWb,XQBvMmKm,3559.0
1020,0,bCrrhAWe,dtLFJEWb,3621.0
1020,0,UcqSoUUq,bCrrhAWe,3657.0
1020,0,bDoBjPVm,UcqSoUUq,3657.0
1020,0,ZMonkEer,bDoBjPVm,3650.0
1029,0,EqKjvFoW,gWHAQwVu,4273.0
1029,0,NdHXpyCv,EqKjvFoW,4273.0
1029,0,zjKBXJki,NdHXpyCv,4273.0
1029,0,hEihXJEh,zjKBXJki,3997.0
1092,0,vDTAjOOR,yQmtaWgt,664.0
1092,0,VYHZxBYO,vDTAjOOR,654.0
547,0,jCwFOmxo,lPZtleot,20.0
547,0,fVolLZWv,jCwFOmxo,8.0
547,0,UPoJKlTB,fVolLZWv,8.0
547,0,yeocHgUH,UPoJKlTB,8.0
548,0,jCwFOmxo,lPZtleot,44.0
548,0,fVolLZWv,jCwFOmxo,6.0
548,0,UPoJKlTB,fVolLZWv,6.0
548,0,yeocHgUH,UPoJKlTB,6.0
1095,0,VpjCLGIP,KlSqKJQr,2587.0
1095,0,CHKrEoSO,VpjCLGIP,2587.0
1095,0,yObWvrcA,CHKrEoSO,2587.0
1095,0,YTkOXVzm,yObWvrcA,2587.0
1095,0,ywNJwhFn,YTkOXVzm,2446.0
1095,0,yTlhXKos,ywNJwhFn,2446.0
1092,0,imyhTmbO,tkPbrZUX,813.0
1092,0,bTSeOnqx,imyhTmbO,846.0
1092,0,IjwJTwcG,bTSeOnqx,1148.0
1092,0,ywNJwhFn,IjwJTwcG,1148.0
1092,0,yTlhXKos,ywNJwhFn,1175.0
1095,0,XojRXAAa,ojqTFFWy,1200.0
1095,0,nAqhCgXt,XojRXAAa,2401.0
1095,0,zZZsLLct,nAqhCgXt,2401.0
1095,0,uQlhjcGr,zZZsLLct,2401.0
1095,0,nIbIRswk,uQlhjcGr,2401.0
1095,0,YfaruHLV,nIbIRswk,2401.0
1095,0,XpaxRhYo,YfaruHLV,2401.0
1095,0,qYsYtTjJ,XpaxRhYo,2482.0
1095,0,KlSqKJQr,qYsYtTjJ,2520.0
1095,0,ojqTFFWy,zjKsBdNQ,301.0
1212,0,ChOayZDF,GwQtabhX,21.0
1670,0,tBPmVbcK,qflzswAf,49.0
1670,0,DhBIcFJB,tBPmVbcK,56.0
1670,0,Ngsxsfae,DhBIcFJB,56.0
1670,0,DpfRSiIE,Ngsxsfae,56.0
1670,0,XsvFZXJo,DpfRSiIE,56.0
1670,0,dJdTBATy,XsvFZXJo,59.0
1670,0,RHzXTuOU,dJdTBATy,59.0
1670,0,BoavYDPS,RHzXTuOU,75.0
1670,0,yLXUQkCh,BoavYDPS,75.0
1670,0,KpBBeKJM,yLXUQkCh,76.0
1670,0,qgzMfcCH,KpBBeKJM,76.0
1670,0,SdkcBhFl,qgzMfcCH,76.0
1670,0,nYgtSeyB,SdkcBhFl,82.0
1670,0,gcvrclRe,nYgtSeyB,82.0
1670,0,YzYhtyzO,gcvrclRe,82.0
1121,0,qgzMfcCH,KpBBeKJM,232.0
1121,0,CSwPNDqz,qgzMfcCH,232.0
1121,0,kyzXrTZq,CSwPNDqz,232.0
242,0,CSwPNDqz,KpBBeKJM,97.0
242,0,kyzXrTZq,CSwPNDqz,97.0
1128,0,kyzXrTZq,zIFSdUXT,960.0
873,0,WIZPpGvl,MnTeelLR,17.0
873,0,qflzswAf,WIZPpGvl,18.0
873,0,tBPmVbcK,qflzswAf,28.0
873,0,DhBIcFJB,tBPmVbcK,28.0
873,0,ByOODIxa,DhBIcFJB,28.0
873,0,Ngsxsfae,ByOODIxa,28.0
873,0,qDNcQeuw,Ngsxsfae,32.0
873,0,DpfRSiIE,qDNcQeuw,32.0
873,0,XsvFZXJo,DpfRSiIE,32.0
873,0,dJdTBATy,XsvFZXJo,35.0
873,0,PzVFlDkT,dJdTBATy,35.0
873,0,RHzXTuOU,PzVFlDkT,35.0
873,0,ZEXMhMxR,RHzXTuOU,101.0
873,0,eusqYKWT,HezLsNFQ,1.0
873,0,dCWftKsk,eusqYKWT,1.0
873,0,HpfZbCVA,dCWftKsk,1.0
873,0,glDvUhXc,HpfZbCVA,1.0
873,0,FhKkSAFH,glDvUhXc,1.0
873,0,taPJzyhF,FhKkSAFH,1.0
873,0,uaQvVFAB,taPJzyhF,1.0
873,0,MnTeelLR,uaQvVFAB,1.0
1020,0,BDmybVdG,sYDsxIhh,391.0
1024,0,WyfCQhSW,ogOCBKAf,846.0
1024,0,erxKyHjj,WyfCQhSW,872.0
1024,0,KjiBWoqR,erxKyHjj,872.0
1024,0,bYNwHuWo,KjiBWoqR,872.0
1024,0,MFfExqBx,bYNwHuWo,872.0
1024,0,qWvzRbGV,MFfExqBx,872.0
1024,0,PRzaSxQc,qWvzRbGV,872.0
1024,0,bfKiOFsS,PRzaSxQc,872.0
1024,0,eGbCulMV,bfKiOFsS,872.0
1024,0,CRVKBFrv,eGbCulMV,872.0
1024,0,zjOknQHK,CRVKBFrv,911.0
1024,0,FrKNovDQ,zjOknQHK,911.0
1024,0,nfCzcTzh,FrKNovDQ,911.0
1024,0,ZYiWVpjK,nfCzcTzh,2185.0
1024,0,qTvRhwtK,ZYiWVpjK,2204.0
1024,0,XQBvMmKm,qTvRhwtK,2204.0
1024,0,dtLFJEWb,XQBvMmKm,2632.0
1024,0,bCrrhAWe,dtLFJEWb,2982.0
1024,0,UcqSoUUq,bCrrhAWe,3055.0
1024,0,bDoBjPVm,UcqSoUUq,3055.0
1024,0,ZMonkEer,bDoBjPVm,3055.0
1024,0,WHGPMVcf,ZMonkEer,3072.0
1024,0,ISsnXLUH,WHGPMVcf,3092.0
1095,0,zjKsBdNQ,puwcRgFs,299.0
1405,0,CSzsuVOH,dCWftKsk,1.0
1405,0,aUZoPZMc,CSzsuVOH,1.0
1405,0,xOhGqygU,aUZoPZMc,1.0
1405,0,qOuhMtTj,xOhGqygU,1.0
1405,0,KCvWJpxq,qOuhMtTj,1.0
1405,0,YcrsfAeA,KCvWJpxq,1.0
1405,0,cfrRCwNB,YcrsfAeA,1.0
1405,0,TFSGEQcQ,cfrRCwNB,1.0
1405,0,fjFZwaYy,TFSGEQcQ,1.0
1405,0,nxFmOJAJ,fjFZwaYy,1.0
1405,0,GznDzxNt,nxFmOJAJ,1.0
1405,0,jappmlZc,GznDzxNt,1.0
1405,0,JGAJXRSN,jappmlZc,1.0
1405,0,SDEQaVyD,JGAJXRSN,1.0
1405,0,rJvLUxkA,SDEQaVyD,3.0
1405,0,dYlTtQAF,rJvLUxkA,3.0
1405,0,aIrbaHhk,dYlTtQAF,3.0
1405,0,WcOcULlY,aIrbaHhk,3.0
1405,0,mZFKHZkN,WcOcULlY,3.0
1405,0,hasgHIpb,mZFKHZkN,3.0
1405,0,zttQgzJF,hasgHIpb,3.0
1405,0,fDeHEcoN,zttQgzJF,3.0
1405,0,SLBRjSUI,fDeHEcoN,3.0
1405,0,vXHOZRfg,SLBRjSUI,3.0
1405,0,vVYNiaQm,vXHOZRfg,3.0
1405,0,PCoLzpeW,vVYNiaQm,3.0
1405,0,ZuMtkZMj,PCoLzpeW,3.0
1019,0,bReIRTiV,CVPWCvNJ,204.0
1019,0,PdLgkxcT,bReIRTiV,204.0
1020,0,WHGPMVcf,ZMonkEer,358.0
1020,0,ZREdtiHO,WHGPMVcf,381.0
1020,0,qwyUufRP,ZREdtiHO,381.0
1121,0,BOpyePJp,kyzXrTZq,219.0
1121,0,NcDEDzEB,BOpyePJp,219.0
1128,0,BOpyePJp,kyzXrTZq,813.0
1128,0,NcDEDzEB,BOpyePJp,813.0
242,0,BOpyePJp,kyzXrTZq,90.0
242,0,NcDEDzEB,BOpyePJp,90.0
1092,0,WIFNytoC,yTlhXKos,745.0
1092,0,PorTAzNX,WIFNytoC,745.0
1092,0,OjBZWzOO,PorTAzNX,803.0
1095,0,WIFNytoC,yTlhXKos,1600.0
1095,0,PorTAzNX,WIFNytoC,1600.0
1095,0,OjBZWzOO,PorTAzNX,1552.0
1095,0,KrLSLIZd,OjBZWzOO,1517.0
1095,0,yQmtaWgt,KrLSLIZd,1517.0
249,0,tBPmVbcK,qflzswAf,1.0
249,0,DhBIcFJB,tBPmVbcK,1.0
249,0,ByOODIxa,DhBIcFJB,1.0
249,0,HxSbXXdZ,ByOODIxa,1.0
249,0,zlRPdbBz,HxSbXXdZ,1.0
249,0,KQaXxZDT,zlRPdbBz,1.0
249,0,thNcyzdj,KQaXxZDT,1.0
249,0,gWHAQwVu,thNcyzdj,1.0
249,0,EqKjvFoW,gWHAQwVu,1.0
249,0,NdHXpyCv,EqKjvFoW,1.0
249,0,zjKBXJki,NdHXpyCv,1.0
249,0,hEihXJEh,zjKBXJki,1.0
249,0,iqMJUHot,hEihXJEh,1.0
249,0,CSBDiLzN,iqMJUHot,1.0
249,0,BeRwFfIz,CSBDiLzN,1.0
249,0,VjDsPPFB,BeRwFfIz,1.0
249,0,mmqTHjuO,VjDsPPFB,1.0
249,0,qPaBcVFr,mmqTHjuO,1.0
249,0,rGzXXKgE,qPaBcVFr,1.0
249,0,MuwhurCb,rGzXXKgE,1.0
249,0,tpYpVLnP,MuwhurCb,1.0
249,0,hfZqYEAo,tpYpVLnP,1.0
1024,0,ATfuHlGy,ISsnXLUH,595.0
1024,0,vEvIjqMc,ATfuHlGy,595.0
1024,0,JfDYhvZz,vEvIjqMc,578.0
1024,0,NwMeBpFQ,JfDYhvZz,578.0
1024,0,hNkOvWXQ,NwMeBpFQ,576.0
1092,0,EzrJiyuu,PYaiedjY,65.0
1092,0,mZAcIEme,EzrJiyuu,65.0
1092,0,LPSpTPgJ,mZAcIEme,65.0
1092,0,tkPbrZUX,LPSpTPgJ,65.0
1574,0,uuIZngLh,rWJbJwsc,1.0
1574,0,gHWJyJxY,uuIZngLh,1.0
1574,0,oXQrzcje,gHWJyJxY,1.0
1574,0,fyqDJAhS,oXQrzcje,1.0
1574,0,CSzsuVOH,fyqDJAhS,1.0
1574,0,aUZoPZMc,CSzsuVOH,1.0
1574,0,xOhGqygU,aUZoPZMc,1.0
1574,0,qOuhMtTj,xOhGqygU,1.0
1574,0,KCvWJpxq,qOuhMtTj,1.0
1574,0,YcrsfAeA,KCvWJpxq,1.0
1574,0,cfrRCwNB,YcrsfAeA,1.0
1574,0,TFSGEQcQ,cfrRCwNB,1.0
1574,0,fjFZwaYy,TFSGEQcQ,1.0
1574,0,nxFmOJAJ,fjFZwaYy,1.0
1574,0,GznDzxNt,nxFmOJAJ,1.0
1574,0,jappmlZc,GznDzxNt,1.0
1574,0,JGAJXRSN,jappmlZc,1.0
1574,0,SDEQaVyD,JGAJXRSN,1.0
1574,0,rJvLUxkA,SDEQaVyD,2.0
1574,0,dYlTtQAF,rJvLUxkA,2.0
1574,0,aIrbaHhk,dYlTtQAF,2.0
1574,0,WcOcULlY,aIrbaHhk,2.0
1574,0,mZFKHZkN,WcOcULlY,2.0
1574,0,hasgHIpb,mZFKHZkN,2.0
1574,0,zttQgzJF,hasgHIpb,2.0
1574,0,fDeHEcoN,zttQgzJF,2.0
1574,0,SLBRjSUI,fDeHEcoN,2.0
1574,0,vXHOZRfg,SLBRjSUI,2.0
1574,0,vVYNiaQm,vXHOZRfg,2.0
1574,0,PCoLzpeW,vVYNiaQm,2.0
1574,0,ZuMtkZMj,PCoLzpeW,2.0
1574,0,BcDUAKxF,ZuMtkZMj,3.0
1574,0,jJqyLkNG,BcDUAKxF,3.0
1574,0,kZlpJvjE,jJqyLkNG,3.0
1037,0,CRypXqTk,KlSqKJQr,482.0
1037,0,PYaiedjY,CRypXqTk,482.0
1037,0,EzrJiyuu,PYaiedjY,484.0
1037,0,mZAcIEme,EzrJiyuu,484.0
1037,0,LPSpTPgJ,mZAcIEme,484.0
1037,0,AoIEptMM,LPSpTPgJ,484.0
1037,0,imyhTmbO,AoIEptMM,488.0
1037,0,bTSeOnqx,imyhTmbO,493.0
1037,0,yCXbqkBs,bTSeOnqx,556.0
1037,0,wBoWGskO,yCXbqkBs,556.0
1037,0,FYojKDQC,wBoWGskO,556.0
1037,0,riqYNvhO,FYojKDQC,556.0
1037,0,nvXuJriv,riqYNvhO,579.0
1037,0,ljAdwZQx,nvXuJriv,607.0
1037,0,MMTihhSZ,ljAdwZQx,647.0
1037,0,njohAsHY,MMTihhSZ,647.0
1037,0,XAYpuJXt,njohAsHY,647.0
1037,0,aJLjpITr,XAYpuJXt,647.0
1037,0,bOLOjiIO,aJLjpITr,958.0
1037,0,wplYsKZY,bOLOjiIO,908.0
1037,0,NIHIRqnZ,wplYsKZY,908.0
1037,0,IkEoBHlk,NIHIRqnZ,863.0
1037,0,TPJRAOrt,IkEoBHlk,863.0
1037,0,wtfdArpr,TPJRAOrt,770.0
1037,0,VTbufxnV,wtfdArpr,770.0
1037,0,UEqgngwR,VTbufxnV,870.0
1037,0,noxZOiRl,UEqgngwR,870.0
1037,0,eLJZyPxv,noxZOiRl,870.0
1037,0,ZsmZvPrK,eLJZyPxv,866.0
1037,0,MMfKYZmE,ZsmZvPrK,866.0
1037,0,MvGjEBBL,MMfKYZmE,866.0
1031,0,PCoLzpeW,vVYNiaQm,682.0
1031,0,jhveKcoA,PCoLzpeW,682.0
1031,0,OjBZWzOO,jhveKcoA,682.0
751,0,oOCTcNdW,DfYzlKXm,276.0
751,0,pGtbhfkH,oOCTcNdW,276.0
751,0,fiQiCtwF,pGtbhfkH,276.0
751,0,bwmOWcVr,fiQiCtwF,276.0
751,0,YZpWLtUD,bwmOWcVr,276.0
1024,0,fAHeYbsJ,hNkOvWXQ,575.0
1024,0,YeMdKIsv,fAHeYbsJ,566.0
1024,0,JKUDRqIp,YeMdKIsv,566.0
1024,0,ixunSlAs,JKUDRqIp,566.0
1024,0,sYDsxIhh,ixunSlAs,566.0
1024,0,gOnMxlos,sYDsxIhh,531.0
1024,0,iIARpDWU,gOnMxlos,531.0
1024,0,BDmybVdG,iIARpDWU,59.0
1108,0,tBPmVbcK,qflzswAf,249.0
1108,0,DhBIcFJB,tBPmVbcK,249.0
1108,0,ByOODIxa,DhBIcFJB,262.0
1108,0,HxSbXXdZ,ByOODIxa,262.0
1108,0,zlRPdbBz,HxSbXXdZ,262.0
1108,0,KQaXxZDT,zlRPdbBz,262.0
1108,0,thNcyzdj,KQaXxZDT,263.0
1108,0,gWHAQwVu,thNcyzdj,263.0
1108,0,laDYeHNU,gWHAQwVu,263.0
1108,0,EqKjvFoW,laDYeHNU,263.0
1108,0,NdHXpyCv,EqKjvFoW,263.0
1108,0,zjKBXJki,NdHXpyCv,263.0
1108,0,hEihXJEh,zjKBXJki,263.0
1108,0,iqMJUHot,hEihXJEh,275.0
1108,0,CSBDiLzN,iqMJUHot,275.0
1108,0,BeRwFfIz,CSBDiLzN,275.0
1108,0,VjDsPPFB,BeRwFfIz,275.0
1108,0,mmqTHjuO,VjDsPPFB,275.0
1108,0,qPaBcVFr,mmqTHjuO,275.0
1108,0,rGzXXKgE,qPaBcVFr,275.0
1108,0,UMTLMNkc,rGzXXKgE,275.0
774,0,lzmDRtwN,AlpXiRiW,11.0
774,0,mVndxrwG,lzmDRtwN,10.0
1210,0,YpVxAvQG,YJykDsrc,1.0
1210,0,RinxBkUZ,YpVxAvQG,1.0
1210,0,LhgNVAOU,RinxBkUZ,1.0
1210,0,SOVcCDqR,LhgNVAOU,1.0
1210,0,QpprBOSr,SOVcCDqR,1.0
1350,0,BtOIBpGz,ETbpojBo,211.0
1350,0,zPRLnBWY,BtOIBpGz,211.0
1350,0,RIVMQHVF,hPGLMLbU,216.0
1350,0,KnZwSPch,RIVMQHVF,216.0
1350,0,kzVeZOug,KnZwSPch,217.0
1350,0,SjbStynf,kzVeZOug,217.0
1350,0,ETbpojBo,SjbStynf,217.0
1350,0,JPPpoTSL,zPRLnBWY,210.0
1350,0,nZBlQeCn,JPPpoTSL,210.0
1350,0,uuJJSerx,nZBlQeCn,210.0
1350,0,gQzVJRdQ,uuJJSerx,210.0
1350,0,ZYiWVpjK,nfCzcTzh,42.0
1350,0,qTvRhwtK,ZYiWVpjK,42.0
1350,0,rMamJjcH,qTvRhwtK,42.0
1350,0,XQBvMmKm,rMamJjcH,42.0
1350,0,hPGLMLbU,XQBvMmKm,158.0
1026,0,YczuIoUc,TQpFrPqQ,2.0
774,0,TDvESTZN,KCMgfriT,2.0
774,0,WlkKexEs,TDvESTZN,2.0
774,0,MyzUerZz,WlkKexEs,2.0
774,0,hTBkjNzq,MyzUerZz,2.0
774,0,aCcokpIU,hTBkjNzq,2.0
774,0,IWuAfYeM,aCcokpIU,2.0
774,0,AKEMZMhk,IWuAfYeM,2.0
774,0,oXDhDxhT,AKEMZMhk,2.0
774,0,twlwLPZj,oXDhDxhT,2.0
774,0,NjRgIRup,twlwLPZj,2.0
774,0,ygaPVVOX,NjRgIRup,2.0
774,0,SgmzKmGa,ygaPVVOX,2.0
774,0,oaiHprKy,SgmzKmGa,2.0
774,0,EKGAgXOm,oaiHprKy,2.0
774,0,RqCzrtQl,EKGAgXOm,2.0
774,0,CfDISmMN,RqCzrtQl,2.0
774,0,CtzBEXfZ,CfDISmMN,2.0
774,0,RpAFtJSl,CtzBEXfZ,2.0
774,0,PcvuCqyL,RpAFtJSl,2.0
774,0,QOMpmplr,PcvuCqyL,2.0
774,0,HNejbQWJ,QOMpmplr,2.0
774,0,dQfoCLXo,HNejbQWJ,2.0
774,0,NJLhSMnp,dQfoCLXo,2.0
774,0,lyEtzViy,NJLhSMnp,2.0
774,0,uVrlMgNx,lyEtzViy,2.0
774,0,ZsNhjIbg,uVrlMgNx,2.0
774,0,GhOGJPtU,ZsNhjIbg,2.0
774,0,WOuDNhbw,GhOGJPtU,2.0
774,0,oWUXSqrA,WOuDNhbw,2.0
774,0,CYkmgDbv,oWUXSqrA,2.0
774,0,ORrZduNE,CYkmgDbv,2.0
774,0,eypuAxqa,ORrZduNE,2.0
774,0,DSVnhmbs,eypuAxqa,2.0
774,0,hCKRONaA,DSVnhmbs,2.0
774,0,TGKbjQzH,hCKRONaA,2.0
774,0,RoreEsYU,TGKbjQzH,2.0
774,0,AlpXiRiW,RoreEsYU,2.0
774,0,TgetSQHU,mVndxrwG,9.0
751,0,aLRPqQhq,YZpWLtUD,283.0
751,0,mSljWdzX,aLRPqQhq,283.0
751,0,PAsYxpUt,mSljWdzX,283.0
751,0,ILhwWAuu,PAsYxpUt,283.0
751,0,IAqHsGfg,ILhwWAuu,283.0
751,0,JbVeQOiO,IAqHsGfg,283.0
751,0,WKiVoaSt,JbVeQOiO,283.0
1088,0,CVPWCvNJ,BDmybVdG,222.0
1088,0,muVREKCV,CVPWCvNJ,532.0
1088,0,BsRMZbGV,muVREKCV,532.0
1031,0,goRcVeQH,UgzfanVk,3.0
1031,0,rJvLUxkA,goRcVeQH,3.0
1031,0,dYlTtQAF,rJvLUxkA,3.0
1031,0,aIrbaHhk,dYlTtQAF,8.0
1031,0,JALpXpKc,aIrbaHhk,8.0
1031,0,WcOcULlY,JALpXpKc,8.0
1031,0,mZFKHZkN,WcOcULlY,8.0
1031,0,hasgHIpb,mZFKHZkN,22.0
1031,0,zttQgzJF,hasgHIpb,22.0
1031,0,fDeHEcoN,zttQgzJF,22.0
1031,0,SLBRjSUI,fDeHEcoN,22.0
1031,0,MGIiIvBH,SLBRjSUI,22.0
1031,0,LObiCWKO,MGIiIvBH,22.0
1031,0,wfyTeotc,LObiCWKO,22.0
1031,0,hBSPMzNd,wfyTeotc,39.0
1031,0,NMFCXTQH,hBSPMzNd,39.0
1031,0,irunVpff,NMFCXTQH,39.0
1031,0,SoTLWNOq,irunVpff,39.0
1031,0,rmmCKKeS,SoTLWNOq,39.0
1031,0,vVYNiaQm,rmmCKKeS,39.0
1350,0,WyfCQhSW,ogOCBKAf,4.0
1350,0,bYNwHuWo,WyfCQhSW,4.0
1350,0,MFfExqBx,bYNwHuWo,4.0
1350,0,qWvzRbGV,MFfExqBx,4.0
1350,0,PRzaSxQc,qWvzRbGV,4.0
1350,0,bfKiOFsS,PRzaSxQc,4.0
1350,0,eGbCulMV,bfKiOFsS,4.0
1350,0,CRVKBFrv,eGbCulMV,4.0
1350,0,zjOknQHK,CRVKBFrv,4.0
1350,0,FrKNovDQ,zjOknQHK,4.0
1350,0,nfCzcTzh,FrKNovDQ,4.0
1095,0,vDTAjOOR,yQmtaWgt,1434.0
1095,0,VYHZxBYO,vDTAjOOR,1434.0
1085,0,nvXuJriv,riqYNvhO,1706.0
1085,0,ljAdwZQx,nvXuJriv,1675.0
1085,0,MMTihhSZ,ljAdwZQx,1652.0
1085,0,njohAsHY,MMTihhSZ,1652.0
1085,0,XAYpuJXt,njohAsHY,1652.0
1085,0,eJIFTpTd,XAYpuJXt,1652.0
1085,0,vDTAjOOR,yQmtaWgt,791.0
1031,0,KrLSLIZd,OjBZWzOO,648.0
1031,0,yQmtaWgt,KrLSLIZd,648.0
1031,0,vDTAjOOR,yQmtaWgt,322.0
1031,0,VYHZxBYO,vDTAjOOR,322.0
1020,0,JKUDRqIp,YeMdKIsv,397.0
1020,0,ixunSlAs,JKUDRqIp,397.0
1020,0,sYDsxIhh,ixunSlAs,397.0
1020,0,RRRcnUab,qwyUufRP,329.0
1020,0,elkChQHJ,RRRcnUab,329.0
1020,0,fAHeYbsJ,elkChQHJ,329.0
1020,0,YeMdKIsv,fAHeYbsJ,325.0
1128,0,PslqBzpy,NcDEDzEB,746.0
1128,0,FcIwyDhH,PslqBzpy,746.0
1128,0,oFutYOve,FcIwyDhH,746.0
1128,0,TKdEYLTT,oFutYOve,746.0
1128,0,PRqBOnQV,TKdEYLTT,746.0
1128,0,tKHOTHLP,PRqBOnQV,746.0
1029,0,FrCulsqF,VYHZxBYO,1354.0
1029,0,otbIuZHd,FrCulsqF,1354.0
1121,0,PslqBzpy,NcDEDzEB,203.0
1121,0,FcIwyDhH,PslqBzpy,203.0
1121,0,oFutYOve,FcIwyDhH,203.0
1121,0,TKdEYLTT,oFutYOve,203.0
1121,0,PRqBOnQV,TKdEYLTT,203.0
1121,0,tKHOTHLP,PRqBOnQV,203.0
1121,0,JYjcxadu,tKHOTHLP,28.0
1121,0,dIzWcSEA,JYjcxadu,28.0
1121,0,MlpnqsOY,dIzWcSEA,2.0
1121,0,YIEuAZyW,MlpnqsOY,2.0
1121,0,iIARpDWU,YIEuAZyW,2.0
1121,0,BDmybVdG,iIARpDWU,2.0
242,0,PslqBzpy,NcDEDzEB,88.0
242,0,FcIwyDhH,PslqBzpy,88.0
242,0,oFutYOve,FcIwyDhH,88.0
242,0,TKdEYLTT,oFutYOve,88.0
242,0,PRqBOnQV,TKdEYLTT,88.0
242,0,tKHOTHLP,PRqBOnQV,88.0
242,0,JYjcxadu,tKHOTHLP,4.0
242,0,YIEuAZyW,JYjcxadu,4.0
242,0,iIARpDWU,YIEuAZyW,4.0
242,0,BDmybVdG,iIARpDWU,4.0
1029,0,MnOJOxue,otbIuZHd,1436.0
1029,0,xxspkKkA,MnOJOxue,1436.0
1029,0,yRzWvBCa,xxspkKkA,1436.0
1029,0,jaDdFMxy,yRzWvBCa,1436.0
1029,0,dNagXJoD,jaDdFMxy,1436.0
1023,0,bReIRTiV,CVPWCvNJ,521.0
1023,0,PdLgkxcT,bReIRTiV,521.0
1023,0,mxJvcQxS,PdLgkxcT,581.0
1023,0,tSdKaLnH,mxJvcQxS,581.0
1023,0,HoEIDywv,tSdKaLnH,581.0
1023,0,bLNlBUaT,HoEIDywv,581.0
1023,0,AwPzPEra,bLNlBUaT,594.0
1023,0,sgwCzsMk,AwPzPEra,594.0
1023,0,WJvaarbI,sgwCzsMk,594.0
1023,0,JzVUaFrl,WJvaarbI,594.0
1023,0,CVPWCvNJ,BDmybVdG,118.0
1368,0,imyhTmbO,tkPbrZUX,43.0
1368,0,bTSeOnqx,imyhTmbO,43.0
1368,0,yCXbqkBs,bTSeOnqx,50.0
1368,0,wBoWGskO,yCXbqkBs,50.0
1368,0,FYojKDQC,wBoWGskO,50.0
1368,0,riqYNvhO,FYojKDQC,50.0
1368,0,nvXuJriv,riqYNvhO,57.0
1368,0,ljAdwZQx,nvXuJriv,63.0
1368,0,MMTihhSZ,ljAdwZQx,77.0
1368,0,njohAsHY,MMTihhSZ,77.0
1368,0,vigCHzUD,njohAsHY,77.0
1368,0,MnGOlshE,vigCHzUD,77.0
1368,0,XojRXAAa,ojqTFFWy,10.0
1368,0,nAqhCgXt,XojRXAAa,41.0
1368,0,zZZsLLct,nAqhCgXt,41.0
1368,0,uQlhjcGr,zZZsLLct,41.0
1368,0,nIbIRswk,uQlhjcGr,41.0
1368,0,YfaruHLV,nIbIRswk,41.0
1368,0,PkIPVRtB,YfaruHLV,41.0
1368,0,XpaxRhYo,PkIPVRtB,41.0
1368,0,qYsYtTjJ,XpaxRhYo,41.0
1368,0,KlSqKJQr,qYsYtTjJ,41.0
1368,0,CRypXqTk,KlSqKJQr,41.0
1368,0,PYaiedjY,CRypXqTk,41.0
1368,0,EzrJiyuu,PYaiedjY,42.0
1368,0,mZAcIEme,EzrJiyuu,42.0
1368,0,LPSpTPgJ,mZAcIEme,42.0
1368,0,tkPbrZUX,LPSpTPgJ,42.0
330,0,aUZoPZMc,dCWftKsk,68.0
330,0,xOhGqygU,aUZoPZMc,68.0
330,0,qOuhMtTj,xOhGqygU,68.0
330,0,YcrsfAeA,qOuhMtTj,68.0
330,0,cfrRCwNB,YcrsfAeA,68.0
330,0,TFSGEQcQ,cfrRCwNB,68.0
330,0,fjFZwaYy,TFSGEQcQ,68.0
330,0,lSWJJvzr,fjFZwaYy,68.0
330,0,nxFmOJAJ,lSWJJvzr,68.0
330,0,jappmlZc,nxFmOJAJ,68.0
330,0,JGAJXRSN,jappmlZc,68.0
330,0,SDEQaVyD,JGAJXRSN,68.0
330,0,rJvLUxkA,SDEQaVyD,104.0
330,0,aIrbaHhk,rJvLUxkA,104.0
330,0,JALpXpKc,aIrbaHhk,104.0
330,0,WcOcULlY,JALpXpKc,104.0
330,0,hasgHIpb,WcOcULlY,104.0
330,0,SLBRjSUI,hasgHIpb,104.0
330,0,vztyQdds,SLBRjSUI,104.0
330,0,vVYNiaQm,vztyQdds,383.0
330,0,hXVJsXkF,vVYNiaQm,985.0
1113,0,ygaPVVOX,NjRgIRup,210.0
1113,0,SgmzKmGa,ygaPVVOX,210.0
1113,0,EKGAgXOm,SgmzKmGa,220.0
1113,0,CfDISmMN,EKGAgXOm,220.0
1113,0,RpAFtJSl,CfDISmMN,236.0
1113,0,PcvuCqyL,RpAFtJSl,245.0
1113,0,HNejbQWJ,PcvuCqyL,245.0
1113,0,lyEtzViy,HNejbQWJ,249.0
1113,0,uVrlMgNx,lyEtzViy,274.0
1113,0,ZsNhjIbg,uVrlMgNx,285.0
1113,0,GhOGJPtU,ZsNhjIbg,285.0
1113,0,WOuDNhbw,GhOGJPtU,292.0
1113,0,oWUXSqrA,WOuDNhbw,292.0
1113,0,CYkmgDbv,oWUXSqrA,292.0
1113,0,ORrZduNE,CYkmgDbv,294.0
1113,0,eypuAxqa,ORrZduNE,294.0
1113,0,DSVnhmbs,eypuAxqa,294.0
1113,0,hCKRONaA,DSVnhmbs,304.0
1113,0,TGKbjQzH,hCKRONaA,304.0
1113,0,RoreEsYU,TGKbjQzH,304.0
1113,0,AlpXiRiW,RoreEsYU,305.0
1113,0,btFKFkYA,AlpXiRiW,447.0
1113,0,jLrhssle,btFKFkYA,447.0
1113,0,FvRFCvLd,jLrhssle,447.0
1113,0,iZvOtZpy,FvRFCvLd,447.0
1113,0,tkjaIDXe,iZvOtZpy,447.0
1113,0,TfgNGDen,tkjaIDXe,447.0
1113,0,PAhNkZlS,TfgNGDen,447.0
1113,0,ppYufOCR,PAhNkZlS,447.0
1113,0,siLHVqvQ,ppYufOCR,447.0
1113,0,jZWnwWbL,siLHVqvQ,447.0
330,0,bnmlnfPt,hXVJsXkF,293.0
1108,0,fwxIzXcp,UMTLMNkc,221.0
1108,0,WmSrnULk,fwxIzXcp,221.0
1108,0,crCLDvLL,WmSrnULk,734.0
1108,0,gvtVkOCs,crCLDvLL,734.0
1108,0,wmQoUVus,gvtVkOCs,734.0
1108,0,BdLjIrSJ,wmQoUVus,734.0
1108,0,uBeHrtVj,BdLjIrSJ,734.0
1108,0,rpQJKYcp,uBeHrtVj,734.0
1108,0,jYzIDNQM,rpQJKYcp,734.0
1108,0,LGkMSSTO,jYzIDNQM,708.0
1108,0,SZGwgIRz,LGkMSSTO,708.0
1037,0,XojRXAAa,ojqTFFWy,224.0
1037,0,nAqhCgXt,XojRXAAa,433.0
1037,0,zZZsLLct,nAqhCgXt,433.0
1037,0,uQlhjcGr,zZZsLLct,433.0
1037,0,nIbIRswk,uQlhjcGr,433.0
1037,0,YfaruHLV,nIbIRswk,433.0
1037,0,PkIPVRtB,YfaruHLV,433.0
1037,0,XpaxRhYo,PkIPVRtB,433.0
1037,0,qYsYtTjJ,XpaxRhYo,444.0
1037,0,KlSqKJQr,qYsYtTjJ,466.0
1046,0,OdbRrJhV,RVEyrwjR,28.0
1046,0,NSvMYbfW,OdbRrJhV,28.0
1046,0,tkPbrZUX,NSvMYbfW,28.0
1046,0,imyhTmbO,tkPbrZUX,28.0
1046,0,bTSeOnqx,imyhTmbO,28.0
1046,0,yCXbqkBs,bTSeOnqx,28.0
1046,0,wBoWGskO,yCXbqkBs,28.0
1046,0,FYojKDQC,wBoWGskO,28.0
1046,0,riqYNvhO,FYojKDQC,28.0
1046,0,nvXuJriv,riqYNvhO,28.0
1046,0,ljAdwZQx,nvXuJriv,28.0
1046,0,MMTihhSZ,ljAdwZQx,28.0
1046,0,njohAsHY,MMTihhSZ,28.0
1046,0,XAYpuJXt,njohAsHY,28.0
1046,0,aJLjpITr,XAYpuJXt,28.0
1046,0,bOLOjiIO,aJLjpITr,28.0
1044,0,RyPegcUV,qPtpgxic,11.0
1044,0,OdbRrJhV,RyPegcUV,41.0
1044,0,NSvMYbfW,OdbRrJhV,44.0
1044,0,tkPbrZUX,NSvMYbfW,44.0
1044,0,imyhTmbO,tkPbrZUX,44.0
1044,0,bTSeOnqx,imyhTmbO,44.0
1044,0,yCXbqkBs,bTSeOnqx,44.0
1044,0,wBoWGskO,yCXbqkBs,44.0
1044,0,FYojKDQC,wBoWGskO,44.0
1044,0,riqYNvhO,FYojKDQC,44.0
1044,0,nvXuJriv,riqYNvhO,44.0
1044,0,ljAdwZQx,nvXuJriv,44.0
1044,0,MMTihhSZ,ljAdwZQx,44.0
1044,0,njohAsHY,MMTihhSZ,44.0
1044,0,XAYpuJXt,njohAsHY,44.0
1044,0,aJLjpITr,XAYpuJXt,44.0
1044,0,bOLOjiIO,aJLjpITr,44.0
1037,0,zjKsBdNQ,puwcRgFs,115.0
1037,0,ojqTFFWy,zjKsBdNQ,115.0
1113,0,pMUlUuQz,jZWnwWbL,477.0
1108,0,wdwKrYEW,SZGwgIRz,43.0
1108,0,JKvsAaVu,wdwKrYEW,43.0
1108,0,bXxqoWoM,JKvsAaVu,43.0
1108,0,lyukJwbV,bXxqoWoM,43.0
1044,0,wplYsKZY,bOLOjiIO,35.0
1044,0,NIHIRqnZ,wplYsKZY,35.0
1034,0,MnOJOxue,otbIuZHd,3.0
1034,0,xxspkKkA,MnOJOxue,3.0
1034,0,yRzWvBCa,xxspkKkA,3.0
1034,0,jaDdFMxy,yRzWvBCa,3.0
1034,0,dNagXJoD,jaDdFMxy,3.0
1034,0,rNCpaLXo,dNagXJoD,3.0
1034,0,OKRHcdUy,rNCpaLXo,3.0
1034,0,iPhdYOzt,OKRHcdUy,3.0
1034,0,tBPmVbcK,qflzswAf,1.0
1034,0,DhBIcFJB,tBPmVbcK,1.0
1034,0,ByOODIxa,DhBIcFJB,1.0
1034,0,HxSbXXdZ,ByOODIxa,1.0
1034,0,zlRPdbBz,HxSbXXdZ,1.0
1034,0,KQaXxZDT,zlRPdbBz,1.0
1034,0,thNcyzdj,KQaXxZDT,1.0
1034,0,gWHAQwVu,thNcyzdj,1.0
1034,0,EqKjvFoW,gWHAQwVu,1.0
1034,0,NdHXpyCv,EqKjvFoW,1.0
1034,0,zjKBXJki,NdHXpyCv,1.0
1034,0,hEihXJEh,zjKBXJki,1.0
1034,0,diQHouff,hEihXJEh,1.0
1034,0,kynUbZOw,diQHouff,1.0
1034,0,OCOnFIfy,kynUbZOw,1.0
1034,0,IZqJbTkm,OCOnFIfy,1.0
1034,0,wSvecpjF,IZqJbTkm,1.0
1034,0,oXipkDtF,wSvecpjF,1.0
1034,0,fRZGgvoY,oXipkDtF,1.0
1034,0,bAUDGUNb,fRZGgvoY,1.0
1034,0,VYHZxBYO,bAUDGUNb,1.0
1034,0,FrCulsqF,VYHZxBYO,1.0
1034,0,otbIuZHd,FrCulsqF,1.0
1108,0,dimGAuTR,lyukJwbV,25.0
1108,0,FXZSvJoP,dimGAuTR,25.0
1113,0,IfUoaxeT,pMUlUuQz,456.0
1046,0,wplYsKZY,bOLOjiIO,24.0
1046,0,NIHIRqnZ,wplYsKZY,24.0
1046,0,IkEoBHlk,NIHIRqnZ,24.0
1046,0,TPJRAOrt,IkEoBHlk,24.0
1044,0,IkEoBHlk,NIHIRqnZ,26.0
1044,0,TPJRAOrt,IkEoBHlk,26.0
1046,0,wtfdArpr,TPJRAOrt,21.0
1046,0,VTbufxnV,wtfdArpr,21.0
1044,0,wtfdArpr,TPJRAOrt,23.0
1044,0,VTbufxnV,wtfdArpr,23.0
1044,0,UEqgngwR,VTbufxnV,22.0
1044,0,noxZOiRl,UEqgngwR,22.0
1044,0,eLJZyPxv,noxZOiRl,22.0
1046,0,UEqgngwR,VTbufxnV,20.0
1046,0,noxZOiRl,UEqgngwR,20.0
1046,0,eLJZyPxv,noxZOiRl,20.0
1046,0,ZsmZvPrK,eLJZyPxv,20.0
1046,0,MMfKYZmE,ZsmZvPrK,20.0
1046,0,MvGjEBBL,MMfKYZmE,20.0
1044,0,ZsmZvPrK,eLJZyPxv,19.0
1044,0,MMfKYZmE,ZsmZvPrK,19.0
1044,0,MvGjEBBL,MMfKYZmE,19.0
536,0,xiCfcAgb,AszcEtOu,100.0
536,0,bsQVAuyn,xiCfcAgb,100.0
536,0,QoKDjrWo,bsQVAuyn,100.0
536,0,zjKBXJki,QoKDjrWo,160.0
536,0,OCOnFIfy,zjKBXJki,436.0
536,0,wSvecpjF,OCOnFIfy,436.0
536,0,FrCulsqF,wSvecpjF,436.0
536,0,rNCpaLXo,FrCulsqF,472.0
536,0,bfhpfFPJ,rNCpaLXo,472.0
536,0,wnmgNjXN,bfhpfFPJ,472.0
536,0,QIOPMpXz,wnmgNjXN,472.0
536,0,AszcEtOu,pdQlgkSh,1.0
