route_id,direction_id,from_stop,to_stop,volume
662,0,inJVXMtB,vfdAIPGv,1058.0
662,0,ubZrQMid,inJVXMtB,1058.0
662,0,gBkmsEyR,ubZrQMid,1058.0
662,0,cGoHBmgo,gBkmsEyR,941.0
662,0,EkWBPXmr,cGoHBmgo,941.0
662,0,vfdAIPGv,nsjiKPCz,828.0
585,0,wihERHzN,uiYVYPQX,3380.0
585,0,vspNPtqb,wihERHzN,3342.0
585,0,jiaBsTdI,vspNPtqb,3342.0
585,0,iVtHnErr,jiaBsTdI,3333.0
585,0,nsjiKPCz,iVtHnErr,3333.0
585,0,vfdAIPGv,nsjiKPCz,3269.0
585,0,inJVXMtB,vfdAIPGv,2467.0
585,0,ubZrQMid,inJVXMtB,2467.0
585,0,gBkmsEyR,ubZrQMid,2467.0
585,0,cGoHBmgo,gBkmsEyR,1389.0
585,0,EkWBPXmr,cGoHBmgo,1389.0
572,0,jiaBsTdI,jeadfqyj,2031.0
572,0,LIcqcPpV,jiaBsTdI,2036.0
572,0,JHNPaXkN,LIcqcPpV,2044.0
572,0,EWPMCuEz,JHNPaXkN,2035.0
572,0,iWoOHVbT,EWPMCuEz,2799.0
971,0,nsjiKPCz,AtcDBGpE,2077.0
971,0,vfdAIPGv,nsjiKPCz,2077.0
971,0,inJVXMtB,vfdAIPGv,1896.0
971,0,ubZrQMid,inJVXMtB,1896.0
971,0,gBkmsEyR,ubZrQMid,1896.0
971,0,cGoHBmgo,gBkmsEyR,1722.0
971,0,EkWBPXmr,cGoHBmgo,1559.0
1197,0,ilYJImqh,uDuzeUsq,632.0
1197,0,gpXWTuwm,ilYJImqh,632.0
1197,0,jKjAXpVP,gpXWTuwm,615.0
1197,0,XXPGaRGh,jKjAXpVP,615.0
1197,0,IMtkgxTU,XXPGaRGh,615.0
1197,0,MlQcmexA,IMtkgxTU,615.0
1197,0,tSmiUoPn,MlQcmexA,574.0
1197,0,VuxSFkGj,tSmiUoPn,574.0
1197,0,SQUoXVXU,VuxSFkGj,574.0
1197,0,tZiWmgTn,SQUoXVXU,517.0
1197,0,JpkWIkgn,tZiWmgTn,362.0
1197,0,gDnuvefz,JpkWIkgn,362.0
1197,0,rqBqDfoZ,gDnuvefz,362.0
1197,0,yhXmuUeN,rqBqDfoZ,360.0
1197,0,BqZQArDi,yhXmuUeN,166.0
1197,0,xbiDwIOu,BqZQArDi,166.0
1197,0,zVYhNTdK,xbiDwIOu,166.0
1197,0,EkWBPXmr,zVYhNTdK,166.0
971,0,AtcDBGpE,Oslgxmkx,2073.0
585,0,FcOkCcps,MqGZxRIW,1266.0
585,0,uiYVYPQX,FcOkCcps,2327.0
662,0,XVbubuGa,OwpcAtJV,1075.0
662,0,iuOUwLky,XVbubuGa,1075.0
662,0,nZnozRfz,iuOUwLky,1075.0
662,0,jeadfqyj,nZnozRfz,1075.0
662,0,vspNPtqb,jeadfqyj,744.0
662,0,jiaBsTdI,vspNPtqb,744.0
662,0,iVtHnErr,jiaBsTdI,744.0
662,0,nsjiKPCz,iVtHnErr,744.0
1255,0,gKoyUmab,rckblBTM,1833.0
1255,0,fGmFhgnx,gKoyUmab,1833.0
1255,0,XyHfgUxW,fGmFhgnx,2354.0
1255,0,zjjLSYAp,XyHfgUxW,2371.0
1255,0,wrsPDGBQ,zjjLSYAp,2371.0
1255,0,UtwZFZsx,wrsPDGBQ,3721.0
1255,0,QsteKrle,UtwZFZsx,3721.0
1255,0,vqGhvZJF,QsteKrle,3722.0
591,0,XMWgellz,vqGhvZJF,2463.0
591,0,LPldZjRa,XMWgellz,5269.0
591,0,adsviABF,LPldZjRa,5269.0
591,0,TqlJzItM,adsviABF,5185.0
591,0,IjwLXBRx,TqlJzItM,5152.0
591,0,nJRBvlcT,IjwLXBRx,5133.0
591,0,IkxLwyxa,nJRBvlcT,4628.0
591,0,CYSggHNR,IkxLwyxa,4630.0
591,0,VhgapMoa,CYSggHNR,4637.0
591,0,dKbqWpcD,VhgapMoa,4637.0
591,0,zYpZYpOA,dKbqWpcD,4637.0
591,0,xbeOVhLE,zYpZYpOA,4699.0
591,0,IpBcScgC,xbeOVhLE,4563.0
591,0,aYvzRwqU,IpBcScgC,4563.0
591,0,mVhkAqwx,aYvzRwqU,4561.0
591,0,GigUVtty,mVhkAqwx,4548.0
591,0,xQpNdvvD,GigUVtty,5076.0
591,0,VuxSFkGj,xQpNdvvD,5063.0
591,0,SQUoXVXU,VuxSFkGj,5063.0
591,0,tZiWmgTn,SQUoXVXU,5056.0
591,0,JpkWIkgn,tZiWmgTn,5056.0
591,0,gDnuvefz,JpkWIkgn,5056.0
591,0,rqBqDfoZ,gDnuvefz,5056.0
591,0,dkEskUud,rqBqDfoZ,4224.0
591,0,BqZQArDi,dkEskUud,1109.0
591,0,zVYhNTdK,BqZQArDi,1109.0
591,0,EkWBPXmr,zVYhNTdK,1102.0
647,0,XXPGaRGh,PrdzzRyE,1260.0
647,0,IMtkgxTU,XXPGaRGh,973.0
647,0,MlQcmexA,IMtkgxTU,973.0
647,0,CZmFLtlO,MlQcmexA,2131.0
647,0,SUoxgoEf,CZmFLtlO,2131.0
647,0,eVGAINdZ,SUoxgoEf,2091.0
647,0,zOQhKaAF,eVGAINdZ,2093.0
647,0,PaLbQtln,zOQhKaAF,2031.0
647,0,rqBqDfoZ,PaLbQtln,2031.0
647,0,dkEskUud,rqBqDfoZ,1915.0
647,0,zVYhNTdK,dkEskUud,902.0
647,0,EkWBPXmr,zVYhNTdK,902.0
572,0,CVXQsRBK,NgDeDdfx,1064.0
572,0,jBnsfrlR,CVXQsRBK,1064.0
572,0,jeadfqyj,jBnsfrlR,1064.0
971,0,vwEcxUej,lBopHXdD,1866.0
971,0,JBpFxiqb,vwEcxUej,1866.0
971,0,Oslgxmkx,JBpFxiqb,1866.0
585,0,tBNXSyMW,pZulUpHT,1272.0
585,0,OyJKKata,tBNXSyMW,1274.0
585,0,MqGZxRIW,OyJKKata,1274.0
989,0,twMezfOU,lkujKSJT,9782.0
989,0,OyJKKata,twMezfOU,9136.0
989,0,MqGZxRIW,OyJKKata,5123.0
989,0,FcOkCcps,MqGZxRIW,4333.0
679,0,LRmPOeoe,KHbKaRBy,9.0
679,0,twMezfOU,LRmPOeoe,766.0
679,0,HRURJMPd,twMezfOU,1298.0
679,0,jKjAXpVP,HRURJMPd,1298.0
679,0,XXPGaRGh,jKjAXpVP,1225.0
625,0,lBopHXdD,DKPrUpnj,1845.0
625,0,Oslgxmkx,lBopHXdD,1845.0
625,0,AtcDBGpE,Oslgxmkx,1625.0
625,0,nsjiKPCz,AtcDBGpE,1625.0
625,0,vfdAIPGv,nsjiKPCz,1616.0
625,0,ubZrQMid,vfdAIPGv,1568.0
625,0,gBkmsEyR,ubZrQMid,1568.0
625,0,cGoHBmgo,gBkmsEyR,1441.0
625,0,EkWBPXmr,cGoHBmgo,1400.0
662,0,TNbojCJf,issQYORv,1511.0
662,0,tGqVborR,TNbojCJf,1511.0
662,0,vJbDLuoa,tGqVborR,1511.0
662,0,FJLNitGY,vJbDLuoa,1488.0
662,0,peBgOXli,FJLNitGY,1139.0
662,0,KnWWIWQx,peBgOXli,1130.0
662,0,bRAzuzSs,KnWWIWQx,1130.0
662,0,OwpcAtJV,bRAzuzSs,1130.0
1376,0,mTvPylzX,JYcdyiOK,644.0
1376,0,mZseJHmU,mTvPylzX,644.0
1376,0,rClMLArS,mZseJHmU,1035.0
1376,0,MHYyLhRG,rClMLArS,1035.0
1376,0,CcTUkfkl,MHYyLhRG,1523.0
1376,0,tglFZOrp,CcTUkfkl,1523.0
1376,0,SqxhBMol,tglFZOrp,1523.0
1376,0,JvhqCmbT,SqxhBMol,1366.0
1376,0,xkdRvtRu,JvhqCmbT,1366.0
1376,0,SjZGieDS,xkdRvtRu,1336.0
1376,0,gDnuvefz,SjZGieDS,1765.0
1376,0,rqBqDfoZ,gDnuvefz,1765.0
1376,0,yhXmuUeN,rqBqDfoZ,1713.0
1376,0,BqZQArDi,yhXmuUeN,1078.0
1376,0,zVYhNTdK,BqZQArDi,1078.0
1376,0,EkWBPXmr,zVYhNTdK,1077.0
585,0,OeKkfJSz,HTcmpFUD,754.0
585,0,FZjXRNIl,OeKkfJSz,754.0
585,0,nqZDBuxM,FZjXRNIl,789.0
585,0,aAfSzptC,nqZDBuxM,793.0
585,0,pZulUpHT,aAfSzptC,793.0
989,0,IvQQZbJW,ztLkgYlA,9689.0
989,0,yaKWBgLg,IvQQZbJW,9658.0
989,0,lkujKSJT,yaKWBgLg,9658.0
658,0,HbnURplu,mtKVLjly,2248.0
658,0,IXwVPQjX,HbnURplu,2248.0
658,0,TNbojCJf,IXwVPQjX,2118.0
658,0,tGqVborR,TNbojCJf,2118.0
658,0,vJbDLuoa,tGqVborR,2118.0
658,0,uBBTYLuy,vJbDLuoa,2097.0
658,0,FJLNitGY,uBBTYLuy,2097.0
658,0,peBgOXli,FJLNitGY,1667.0
658,0,KnWWIWQx,peBgOXli,1473.0
658,0,bRAzuzSs,KnWWIWQx,1473.0
658,0,OwpcAtJV,bRAzuzSs,1473.0
658,0,XVbubuGa,OwpcAtJV,1349.0
658,0,iuOUwLky,XVbubuGa,1349.0
658,0,nZnozRfz,iuOUwLky,1349.0
658,0,jeadfqyj,nZnozRfz,1349.0
658,0,vspNPtqb,jeadfqyj,137.0
658,0,jiaBsTdI,vspNPtqb,132.0
658,0,iVtHnErr,jiaBsTdI,132.0
658,0,nsjiKPCz,iVtHnErr,132.0
658,0,vfdAIPGv,nsjiKPCz,127.0
658,0,inJVXMtB,vfdAIPGv,127.0
658,0,ubZrQMid,inJVXMtB,127.0
658,0,gBkmsEyR,ubZrQMid,127.0
658,0,cGoHBmgo,gBkmsEyR,127.0
658,0,EkWBPXmr,cGoHBmgo,127.0
625,0,NLDgVASg,QGNcLOop,1701.0
625,0,DKPrUpnj,NLDgVASg,1699.0
971,0,RkbXqAIs,MTAZIXBL,1588.0
971,0,NLDgVASg,RkbXqAIs,1482.0
971,0,DKPrUpnj,NLDgVASg,1482.0
971,0,CdibamDB,DKPrUpnj,1482.0
971,0,lBopHXdD,CdibamDB,1482.0
971,0,jqriedgy,EkCoFwMY,1617.0
971,0,MTAZIXBL,jqriedgy,1617.0
971,0,vkSwBwcN,OKtVrzTN,1706.0
971,0,QRSRIbba,vkSwBwcN,1706.0
971,0,EkCoFwMY,QRSRIbba,1705.0
622,0,gdbAGAQU,JvDZYJph,491.0
622,0,ANpclgWP,gdbAGAQU,491.0
622,0,LWqTSxPr,ANpclgWP,491.0
622,0,tBgOcvQf,LWqTSxPr,491.0
622,0,IvQQZbJW,tBgOcvQf,491.0
622,0,yaKWBgLg,IvQQZbJW,335.0
622,0,lkujKSJT,yaKWBgLg,335.0
622,0,twMezfOU,lkujKSJT,335.0
622,0,OyJKKata,twMezfOU,335.0
622,0,MqGZxRIW,OyJKKata,279.0
622,0,FcOkCcps,MqGZxRIW,279.0
622,0,uiYVYPQX,FcOkCcps,278.0
622,0,wihERHzN,uiYVYPQX,259.0
622,0,jiaBsTdI,wihERHzN,259.0
622,0,iVtHnErr,jiaBsTdI,259.0
622,0,nsjiKPCz,iVtHnErr,259.0
622,0,vfdAIPGv,nsjiKPCz,259.0
622,0,ubZrQMid,vfdAIPGv,221.0
622,0,gBkmsEyR,ubZrQMid,221.0
622,0,cGoHBmgo,gBkmsEyR,162.0
622,0,EkWBPXmr,cGoHBmgo,162.0
622,0,xYfYRJnz,yXfOYhmg,1003.0
622,0,bvZtLhoP,xYfYRJnz,1003.0
622,0,NoGATiBT,bvZtLhoP,1003.0
622,0,JvDZYJph,NoGATiBT,703.0
625,0,GZZaPhbw,uPlQduWZ,1698.0
625,0,EwdOCOAF,GZZaPhbw,1698.0
625,0,QGNcLOop,EwdOCOAF,1698.0
1194,0,kEQqRNXv,ZCsEtuOb,1077.0
1194,0,NfeOUEsA,kEQqRNXv,1077.0
1194,0,gdbAGAQU,NfeOUEsA,1067.0
1194,0,ANpclgWP,gdbAGAQU,1067.0
1194,0,LWqTSxPr,ANpclgWP,1058.0
1194,0,tBgOcvQf,LWqTSxPr,1058.0
1194,0,IvQQZbJW,tBgOcvQf,801.0
1194,0,yaKWBgLg,IvQQZbJW,777.0
1194,0,lkujKSJT,yaKWBgLg,777.0
1194,0,twMezfOU,lkujKSJT,763.0
1194,0,HRURJMPd,twMezfOU,693.0
1194,0,jKjAXpVP,HRURJMPd,693.0
1194,0,XXPGaRGh,jKjAXpVP,693.0
1194,0,IMtkgxTU,XXPGaRGh,693.0
1194,0,MlQcmexA,IMtkgxTU,693.0
1194,0,tSmiUoPn,MlQcmexA,668.0
1194,0,VuxSFkGj,tSmiUoPn,668.0
1194,0,SQUoXVXU,VuxSFkGj,668.0
1194,0,tZiWmgTn,SQUoXVXU,640.0
1194,0,JpkWIkgn,tZiWmgTn,640.0
1194,0,gDnuvefz,JpkWIkgn,640.0
1194,0,rqBqDfoZ,gDnuvefz,640.0
1194,0,yhXmuUeN,rqBqDfoZ,639.0
1194,0,dkEskUud,yhXmuUeN,639.0
1194,0,xbiDwIOu,dkEskUud,462.0
1194,0,zVYhNTdK,xbiDwIOu,462.0
1194,0,EkWBPXmr,zVYhNTdK,462.0
14,0,leJfirnk,yrRBvFtZ,1964.0
14,0,QRSRIbba,leJfirnk,1964.0
14,0,jqriedgy,QRSRIbba,1964.0
14,0,MTAZIXBL,jqriedgy,1964.0
14,0,RkbXqAIs,MTAZIXBL,1837.0
14,0,NLDgVASg,RkbXqAIs,2114.0
14,0,fcywqNMQ,NLDgVASg,2116.0
14,0,CdibamDB,fcywqNMQ,2605.0
14,0,lBopHXdD,CdibamDB,2605.0
14,0,vwEcxUej,lBopHXdD,2616.0
14,0,JBpFxiqb,vwEcxUej,2616.0
14,0,Oslgxmkx,JBpFxiqb,2616.0
14,0,AtcDBGpE,Oslgxmkx,2813.0
14,0,nsjiKPCz,AtcDBGpE,3063.0
14,0,vfdAIPGv,nsjiKPCz,2981.0
14,0,inJVXMtB,vfdAIPGv,2560.0
14,0,ubZrQMid,inJVXMtB,2560.0
14,0,gBkmsEyR,ubZrQMid,2560.0
14,0,cGoHBmgo,gBkmsEyR,1583.0
1194,0,hTaJTejf,XjSQdTLS,553.0
1194,0,AvILYntX,hTaJTejf,553.0
1194,0,BGAyznqC,AvILYntX,559.0
1194,0,PUIIuxlM,BGAyznqC,559.0
1194,0,bEuFbYIx,PUIIuxlM,660.0
1194,0,ZCsEtuOb,bEuFbYIx,665.0
971,0,RqfbhkOP,sUAChhLU,1714.0
971,0,WRCkhCoY,RqfbhkOP,1714.0
971,0,OKtVrzTN,WRCkhCoY,1735.0
14,0,wuyFtExA,EtvjcvTp,1376.0
14,0,MrybjzSo,wuyFtExA,1376.0
14,0,yrRBvFtZ,MrybjzSo,1376.0
173,0,YoEMZEcq,qCZHeqZn,976.0
1194,0,qkTCgKXX,YoEMZEcq,52.0
1194,0,XjSQdTLS,qkTCgKXX,52.0
625,0,LjPncvCg,ZkIfwknW,1628.0
625,0,cYHkZUeY,LjPncvCg,1629.0
625,0,JjkwBsaR,cYHkZUeY,1629.0
625,0,xWKOjfGB,JjkwBsaR,1629.0
625,0,zrJLwXnk,xWKOjfGB,1629.0
625,0,LUpTnILf,zrJLwXnk,1629.0
625,0,qezgFtTe,LUpTnILf,1340.0
625,0,EtAJJbBW,qezgFtTe,1340.0
625,0,uPlQduWZ,EtAJJbBW,1340.0
625,0,ZkIfwknW,XBhuaxff,1624.0
1104,0,ObeVuyMA,roHCvggS,39.0
1104,0,WqRwmxfX,ObeVuyMA,39.0
1104,0,fbgWGcSP,WqRwmxfX,39.0
1104,0,VctBMYxC,fbgWGcSP,39.0
1104,0,yXfOYhmg,VctBMYxC,39.0
1104,0,xYfYRJnz,yXfOYhmg,39.0
1104,0,bvZtLhoP,xYfYRJnz,39.0
1104,0,NoGATiBT,bvZtLhoP,39.0
1104,0,JvDZYJph,NoGATiBT,39.0
1104,0,gdbAGAQU,JvDZYJph,28.0
1104,0,ANpclgWP,gdbAGAQU,28.0
1104,0,LWqTSxPr,ANpclgWP,28.0
1104,0,tBgOcvQf,LWqTSxPr,28.0
1052,0,EPmEpfWC,RBwynnQe,500.0
1052,0,xfbmoJHP,EPmEpfWC,500.0
1052,0,WdOwNGhj,xfbmoJHP,138.0
1052,0,kKKRBhFF,WdOwNGhj,135.0
1052,0,NFInfBeu,kKKRBhFF,134.0
1052,0,VCQdmIoF,NFInfBeu,134.0
1052,0,ePrpofUw,VCQdmIoF,134.0
1052,0,KcvPUxQg,ePrpofUw,133.0
1052,0,BlnSxBAr,KcvPUxQg,133.0
1052,0,TCBUGaZf,BlnSxBAr,133.0
1052,0,pzcCDVmZ,TCBUGaZf,116.0
1052,0,AUBTKFbY,pzcCDVmZ,116.0
1052,0,fjevhefZ,AUBTKFbY,115.0
1052,0,vyQyYYqJ,fjevhefZ,115.0
1052,0,ztLkgYlA,vyQyYYqJ,115.0
1052,0,IvQQZbJW,ztLkgYlA,112.0
1052,0,yaKWBgLg,IvQQZbJW,112.0
1052,0,lkujKSJT,yaKWBgLg,112.0
1052,0,twMezfOU,lkujKSJT,112.0
1052,0,OyJKKata,twMezfOU,68.0
1052,0,duRJdiSr,OyJKKata,68.0
1052,0,uiYVYPQX,duRJdiSr,43.0
1052,0,ozAxYCwR,uiYVYPQX,42.0
455,0,BlnSxBAr,KcvPUxQg,6580.0
455,0,WuDSdBCd,BlnSxBAr,6651.0
455,0,icUsjZEb,WuDSdBCd,6602.0
455,0,lhadwkCG,icUsjZEb,6602.0
455,0,awnNVqry,lhadwkCG,6602.0
455,0,ohBbDhvM,awnNVqry,6608.0
455,0,EYCnMsAF,ohBbDhvM,6608.0
455,0,tNDnmkQy,EYCnMsAF,6613.0
455,0,XjEyEHqT,tNDnmkQy,6613.0
455,0,IvqxNjHK,XjEyEHqT,6633.0
455,0,SyrqOGJb,IvqxNjHK,6647.0
455,0,NcLanIdZ,SyrqOGJb,6650.0
455,0,OyNIynZV,NcLanIdZ,6449.0
455,0,FGvzNZYi,OyNIynZV,6449.0
455,0,ydoNqUsu,FGvzNZYi,6504.0
455,0,yYSDLmlm,ydoNqUsu,6149.0
455,0,eOdwAkBF,yYSDLmlm,6934.0
455,0,FDCDnriY,eOdwAkBF,6934.0
455,0,DCdKJxNH,FDCDnriY,6573.0
455,0,DsuTXcIa,DCdKJxNH,4353.0
455,0,bgWfLree,DsuTXcIa,4432.0
455,0,MlQcmexA,bgWfLree,4432.0
455,0,tSmiUoPn,MlQcmexA,3373.0
455,0,VuxSFkGj,tSmiUoPn,3373.0
455,0,SQUoXVXU,VuxSFkGj,3369.0
455,0,tZiWmgTn,SQUoXVXU,3100.0
455,0,JpkWIkgn,tZiWmgTn,3090.0
455,0,gDnuvefz,JpkWIkgn,3090.0
455,0,rqBqDfoZ,gDnuvefz,3090.0
455,0,yhXmuUeN,rqBqDfoZ,2721.0
455,0,BqZQArDi,yhXmuUeN,1947.0
455,0,xbiDwIOu,BqZQArDi,1836.0
455,0,zVYhNTdK,xbiDwIOu,1836.0
455,0,EkWBPXmr,zVYhNTdK,1836.0
985,0,aDaRCcaB,YxUFlvZH,1644.0
985,0,dQYZBhGJ,aDaRCcaB,1398.0
985,0,iFderoVa,dQYZBhGJ,1398.0
985,0,GQmprOhw,iFderoVa,1657.0
985,0,CbblRkaH,GQmprOhw,1677.0
985,0,BldTZUAI,CbblRkaH,1719.0
985,0,nBYHMnkU,BldTZUAI,1513.0
971,0,sUAChhLU,nBYHMnkU,1359.0
455,0,KcvPUxQg,ePrpofUw,4920.0
594,0,OeXJgkRW,grMhZquG,425.0
594,0,GdpNupee,OeXJgkRW,425.0
594,0,EiybrpzE,GdpNupee,422.0
594,0,YiexuWUO,EiybrpzE,422.0
594,0,NQsRzhNW,YiexuWUO,410.0
594,0,xAJVMHqO,NQsRzhNW,413.0
594,0,dycwBUSP,xAJVMHqO,413.0
594,0,igOcnIRX,dycwBUSP,413.0
594,0,dQYZBhGJ,igOcnIRX,206.0
594,0,iFderoVa,dQYZBhGJ,206.0
594,0,GQmprOhw,iFderoVa,206.0
594,0,CbblRkaH,GQmprOhw,201.0
594,0,BldTZUAI,CbblRkaH,201.0
594,0,nBYHMnkU,BldTZUAI,194.0
596,0,YxUFlvZH,vyItOGON,1246.0
596,0,KMLNQwjh,YxUFlvZH,1168.0
596,0,aDaRCcaB,KMLNQwjh,364.0
596,0,dQYZBhGJ,aDaRCcaB,340.0
596,0,iFderoVa,dQYZBhGJ,340.0
596,0,GQmprOhw,iFderoVa,340.0
596,0,CbblRkaH,GQmprOhw,266.0
596,0,BldTZUAI,CbblRkaH,266.0
596,0,nBYHMnkU,BldTZUAI,217.0
625,0,XNHVHmHa,apwTQKga,1271.0
625,0,vGqwislq,XNHVHmHa,1271.0
625,0,AwLiWVdI,vGqwislq,1289.0
625,0,XBhuaxff,AwLiWVdI,1289.0
985,0,ZfNDFPcl,UxPxrYmy,2187.0
985,0,KwXNMHkb,ZfNDFPcl,2187.0
985,0,YxUFlvZH,KwXNMHkb,2187.0
455,0,NFInfBeu,kKKRBhFF,4564.0
455,0,VCQdmIoF,NFInfBeu,4577.0
455,0,ePrpofUw,VCQdmIoF,4577.0
625,0,apwTQKga,lBjlyorh,1013.0
625,0,ZTCNsviV,ODNKqRCQ,550.0
625,0,GBYHqHQO,ZTCNsviV,550.0
625,0,lBjlyorh,GBYHqHQO,550.0
455,0,WdOwNGhj,xfbmoJHP,3305.0
455,0,kKKRBhFF,WdOwNGhj,3317.0
625,0,ODNKqRCQ,iPzquFzR,511.0
596,0,vyItOGON,tTbFYEPP,758.0
1061,0,NCSBLEus,AJLJQqsT,60.0
1061,0,xfbmoJHP,NCSBLEus,77.0
1061,0,WdOwNGhj,xfbmoJHP,77.0
1061,0,kKKRBhFF,WdOwNGhj,77.0
1061,0,NFInfBeu,kKKRBhFF,77.0
1061,0,VCQdmIoF,NFInfBeu,77.0
1061,0,ePrpofUw,VCQdmIoF,77.0
1061,0,KcvPUxQg,ePrpofUw,77.0
1061,0,BlnSxBAr,KcvPUxQg,77.0
1061,0,TCBUGaZf,BlnSxBAr,77.0
1061,0,pzcCDVmZ,TCBUGaZf,77.0
1061,0,AUBTKFbY,pzcCDVmZ,77.0
1061,0,fjevhefZ,AUBTKFbY,77.0
1061,0,vyQyYYqJ,fjevhefZ,77.0
1061,0,ztLkgYlA,vyQyYYqJ,77.0
1061,0,IvQQZbJW,ztLkgYlA,77.0
1061,0,yaKWBgLg,IvQQZbJW,77.0
1061,0,lkujKSJT,yaKWBgLg,77.0
1061,0,twMezfOU,lkujKSJT,77.0
1061,0,OyJKKata,twMezfOU,77.0
1061,0,MqGZxRIW,OyJKKata,77.0
1061,0,FcOkCcps,MqGZxRIW,77.0
1061,0,uiYVYPQX,FcOkCcps,77.0
1061,0,wihERHzN,uiYVYPQX,67.0
1061,0,vspNPtqb,wihERHzN,67.0
1061,0,jiaBsTdI,vspNPtqb,67.0
1061,0,iVtHnErr,jiaBsTdI,67.0
1061,0,nsjiKPCz,iVtHnErr,67.0
1061,0,vfdAIPGv,nsjiKPCz,67.0
1061,0,inJVXMtB,vfdAIPGv,49.0
1061,0,ubZrQMid,inJVXMtB,49.0
1061,0,gBkmsEyR,ubZrQMid,49.0
1061,0,cGoHBmgo,gBkmsEyR,42.0
1061,0,EkWBPXmr,cGoHBmgo,42.0
729,0,jisQZBDs,mXosqjnx,52.0
729,0,NcoWExwJ,jisQZBDs,6.0
729,0,hygBouPP,NcoWExwJ,6.0
729,0,iPzquFzR,hygBouPP,6.0
729,0,ODNKqRCQ,iPzquFzR,6.0
729,0,ZTCNsviV,ODNKqRCQ,6.0
729,0,GBYHqHQO,ZTCNsviV,6.0
729,0,lBjlyorh,GBYHqHQO,6.0
729,0,apwTQKga,lBjlyorh,6.0
729,0,XNHVHmHa,apwTQKga,6.0
729,0,vGqwislq,XNHVHmHa,6.0
729,0,AwLiWVdI,vGqwislq,6.0
729,0,XBhuaxff,AwLiWVdI,6.0
729,0,ZkIfwknW,XBhuaxff,6.0
729,0,LjPncvCg,ZkIfwknW,6.0
729,0,cYHkZUeY,LjPncvCg,6.0
729,0,JjkwBsaR,cYHkZUeY,6.0
729,0,xWKOjfGB,JjkwBsaR,6.0
729,0,zrJLwXnk,xWKOjfGB,6.0
729,0,LUpTnILf,zrJLwXnk,6.0
729,0,qezgFtTe,LUpTnILf,6.0
729,0,EtAJJbBW,qezgFtTe,6.0
729,0,uPlQduWZ,EtAJJbBW,6.0
729,0,GZZaPhbw,uPlQduWZ,6.0
729,0,EwdOCOAF,GZZaPhbw,6.0
729,0,QGNcLOop,EwdOCOAF,6.0
729,0,NLDgVASg,QGNcLOop,6.0
729,0,DKPrUpnj,NLDgVASg,6.0
729,0,lBopHXdD,DKPrUpnj,6.0
729,0,Oslgxmkx,lBopHXdD,6.0
729,0,AtcDBGpE,Oslgxmkx,6.0
729,0,nsjiKPCz,AtcDBGpE,6.0
729,0,vfdAIPGv,nsjiKPCz,6.0
729,0,ubZrQMid,vfdAIPGv,6.0
729,0,gBkmsEyR,ubZrQMid,6.0
729,0,cGoHBmgo,gBkmsEyR,6.0
729,0,EkWBPXmr,cGoHBmgo,6.0
985,0,hqOmlOIp,RrhmmPMm,1826.0
985,0,qJgsxHch,hqOmlOIp,1826.0
985,0,lxplrluY,qJgsxHch,1826.0
985,0,zTJYYUap,lxplrluY,1826.0
985,0,UxPxrYmy,zTJYYUap,1826.0
924,0,illGQStO,sTaleXyI,3723.0
924,0,AUrIxxcC,illGQStO,3611.0
924,0,zqZasXpA,AUrIxxcC,3644.0
924,0,EYGEAZtD,zqZasXpA,3644.0
924,0,AJLJQqsT,EYGEAZtD,3644.0
924,0,NCSBLEus,AJLJQqsT,3683.0
924,0,xfbmoJHP,NCSBLEus,3559.0
985,0,YxYhlArE,NqSePdAx,1652.0
985,0,sAswhpJr,YxYhlArE,1652.0
985,0,VyHGAkTo,sAswhpJr,1652.0
985,0,RrhmmPMm,VyHGAkTo,1652.0
1053,0,hkXbXhZN,scqbdPBp,102.0
1053,0,TgpuXBqx,hkXbXhZN,102.0
1053,0,IyPglFnI,TgpuXBqx,128.0
1053,0,atGiINkp,IyPglFnI,128.0
1053,0,tFIeEodn,atGiINkp,128.0
1053,0,yeBNAVLu,tFIeEodn,128.0
1053,0,xokKvraT,yeBNAVLu,101.0
1053,0,HaSZVkzu,xokKvraT,101.0
1053,0,yjaYbUGq,HaSZVkzu,101.0
1053,0,LbyQgJih,yjaYbUGq,101.0
1053,0,FPXdCAOW,LbyQgJih,101.0
1053,0,ouHKxPGS,FPXdCAOW,101.0
1053,0,TimDJQqX,ouHKxPGS,93.0
1053,0,buoLtkoi,TimDJQqX,93.0
1053,0,NEOaVWFJ,buoLtkoi,91.0
1053,0,RBwynnQe,NEOaVWFJ,91.0
1053,0,EPmEpfWC,RBwynnQe,91.0
1053,0,xfbmoJHP,EPmEpfWC,91.0
1053,0,WdOwNGhj,xfbmoJHP,27.0
1053,0,kKKRBhFF,WdOwNGhj,27.0
1053,0,NFInfBeu,kKKRBhFF,27.0
1053,0,KcvPUxQg,NFInfBeu,27.0
1053,0,BlnSxBAr,KcvPUxQg,4.0
1053,0,TCBUGaZf,BlnSxBAr,4.0
1053,0,pzcCDVmZ,TCBUGaZf,2.0
1053,0,AUBTKFbY,pzcCDVmZ,2.0
1053,0,fjevhefZ,AUBTKFbY,2.0
1053,0,vyQyYYqJ,fjevhefZ,2.0
1053,0,ztLkgYlA,vyQyYYqJ,2.0
1053,0,IvQQZbJW,ztLkgYlA,2.0
1053,0,yaKWBgLg,IvQQZbJW,2.0
1053,0,lkujKSJT,yaKWBgLg,2.0
1053,0,twMezfOU,lkujKSJT,2.0
1053,0,OyJKKata,twMezfOU,2.0
1053,0,uiYVYPQX,OyJKKata,2.0
1061,0,TJDsQDoO,HdBHspFM,33.0
1061,0,yTictHOU,TJDsQDoO,33.0
1061,0,illGQStO,yTictHOU,33.0
1061,0,AUrIxxcC,illGQStO,33.0
1061,0,zqZasXpA,AUrIxxcC,33.0
1061,0,EYGEAZtD,zqZasXpA,33.0
1061,0,AJLJQqsT,EYGEAZtD,33.0
985,0,sceVWPKZ,dvaPHMux,1405.0
985,0,kIKddsaQ,sceVWPKZ,1405.0
985,0,NqSePdAx,kIKddsaQ,1405.0
1047,0,illGQStO,gIrHwcsI,860.0
1047,0,AUrIxxcC,illGQStO,556.0
1047,0,zqZasXpA,AUrIxxcC,556.0
1047,0,EYGEAZtD,zqZasXpA,556.0
1047,0,AJLJQqsT,EYGEAZtD,556.0
1047,0,NCSBLEus,AJLJQqsT,518.0
1047,0,xfbmoJHP,NCSBLEus,509.0
1047,0,WdOwNGhj,xfbmoJHP,200.0
1047,0,kKKRBhFF,WdOwNGhj,185.0
1047,0,NFInfBeu,kKKRBhFF,184.0
1047,0,VCQdmIoF,NFInfBeu,184.0
1047,0,ePrpofUw,VCQdmIoF,184.0
1047,0,KcvPUxQg,ePrpofUw,181.0
1047,0,BlnSxBAr,KcvPUxQg,181.0
1047,0,TCBUGaZf,BlnSxBAr,181.0
1047,0,pzcCDVmZ,TCBUGaZf,136.0
1047,0,AUBTKFbY,pzcCDVmZ,136.0
1047,0,fjevhefZ,AUBTKFbY,122.0
1047,0,vyQyYYqJ,fjevhefZ,122.0
1047,0,ztLkgYlA,vyQyYYqJ,122.0
1047,0,IvQQZbJW,ztLkgYlA,111.0
1047,0,yaKWBgLg,IvQQZbJW,111.0
1047,0,lkujKSJT,yaKWBgLg,111.0
1047,0,twMezfOU,lkujKSJT,104.0
1047,0,OyJKKata,twMezfOU,104.0
1047,0,MqGZxRIW,OyJKKata,101.0
1047,0,FcOkCcps,MqGZxRIW,93.0
1068,0,aLFpJPgR,jEhGDfoN,1787.0
1068,0,cZLwCFQo,aLFpJPgR,1804.0
1068,0,rxrORjnb,cZLwCFQo,1804.0
1068,0,UVDfwOgc,rxrORjnb,1589.0
1068,0,TJDsQDoO,UVDfwOgc,1582.0
1068,0,illGQStO,TJDsQDoO,1576.0
1068,0,zqZasXpA,illGQStO,1571.0
1068,0,AJLJQqsT,zqZasXpA,1571.0
1068,0,NCSBLEus,AJLJQqsT,1567.0
1068,0,xfbmoJHP,NCSBLEus,1567.0
1068,0,WdOwNGhj,xfbmoJHP,1182.0
1068,0,kKKRBhFF,WdOwNGhj,932.0
1068,0,NFInfBeu,kKKRBhFF,931.0
1068,0,VCQdmIoF,NFInfBeu,931.0
1068,0,ePrpofUw,VCQdmIoF,931.0
1068,0,BlnSxBAr,ePrpofUw,931.0
1068,0,TCBUGaZf,BlnSxBAr,494.0
1068,0,pzcCDVmZ,TCBUGaZf,189.0
1068,0,sNuKvPuW,pzcCDVmZ,178.0
1068,0,fjevhefZ,sNuKvPuW,178.0
1068,0,vyQyYYqJ,fjevhefZ,176.0
1068,0,ztLkgYlA,vyQyYYqJ,173.0
1068,0,yaKWBgLg,ztLkgYlA,105.0
1068,0,lkujKSJT,yaKWBgLg,105.0
1068,0,twMezfOU,lkujKSJT,105.0
1068,0,OyJKKata,twMezfOU,104.0
1068,0,MqGZxRIW,OyJKKata,73.0
1068,0,FcOkCcps,MqGZxRIW,73.0
1068,0,uiYVYPQX,FcOkCcps,73.0
1068,0,wihERHzN,uiYVYPQX,44.0
1068,0,jiaBsTdI,wihERHzN,44.0
1068,0,iVtHnErr,jiaBsTdI,44.0
1068,0,nsjiKPCz,iVtHnErr,44.0
1068,0,vfdAIPGv,nsjiKPCz,44.0
1068,0,inJVXMtB,vfdAIPGv,40.0
1068,0,ubZrQMid,inJVXMtB,40.0
1068,0,gBkmsEyR,ubZrQMid,40.0
1068,0,cGoHBmgo,gBkmsEyR,35.0
1068,0,EkWBPXmr,cGoHBmgo,35.0
924,0,Vtdujofe,VKAAZZOV,3124.0
924,0,edTVGmZc,Vtdujofe,3124.0
924,0,iqwCaPZT,edTVGmZc,3124.0
924,0,qqDoWQdv,iqwCaPZT,3124.0
924,0,eymgjBxV,qqDoWQdv,2940.0
924,0,EonJeQKz,eymgjBxV,3087.0
924,0,vkWqgNph,EonJeQKz,3095.0
924,0,nJRQzVZQ,vkWqgNph,3095.0
924,0,xunvufHj,nJRQzVZQ,3165.0
924,0,rxrORjnb,xunvufHj,3159.0
924,0,UVDfwOgc,rxrORjnb,3073.0
924,0,HdBHspFM,UVDfwOgc,3073.0
924,0,TJDsQDoO,HdBHspFM,3306.0
924,0,yTictHOU,TJDsQDoO,3451.0
924,0,sTaleXyI,yTictHOU,3451.0
924,0,TNTzUMyF,HyvnzuHA,1957.0
924,0,avRuCqLk,TNTzUMyF,1957.0
924,0,wIAALBva,avRuCqLk,1957.0
924,0,nxBXRnVc,wIAALBva,1957.0
924,0,sXWHYDNZ,nxBXRnVc,2017.0
924,0,VKAAZZOV,sXWHYDNZ,2017.0
912,0,mgDGiHEE,FwvYcAgk,586.0
912,0,dQOncjgh,mgDGiHEE,793.0
912,0,QiaFfhxS,dQOncjgh,838.0
912,0,rilNZKmg,QiaFfhxS,838.0
912,0,MgfOYJbA,rilNZKmg,836.0
912,0,qIuTLVvj,MgfOYJbA,832.0
912,0,spmlaYUs,qIuTLVvj,710.0
912,0,qqDoWQdv,spmlaYUs,710.0
912,0,eymgjBxV,qqDoWQdv,700.0
912,0,EonJeQKz,eymgjBxV,691.0
912,0,vkWqgNph,EonJeQKz,691.0
912,0,nJRQzVZQ,vkWqgNph,691.0
912,0,xunvufHj,nJRQzVZQ,662.0
912,0,rxrORjnb,xunvufHj,662.0
912,0,UVDfwOgc,rxrORjnb,661.0
912,0,TJDsQDoO,UVDfwOgc,647.0
912,0,yTictHOU,TJDsQDoO,646.0
912,0,sTaleXyI,yTictHOU,646.0
912,0,illGQStO,sTaleXyI,645.0
912,0,AUrIxxcC,illGQStO,628.0
912,0,zqZasXpA,AUrIxxcC,628.0
912,0,EYGEAZtD,zqZasXpA,628.0
912,0,AJLJQqsT,EYGEAZtD,628.0
912,0,NCSBLEus,AJLJQqsT,616.0
912,0,xfbmoJHP,NCSBLEus,614.0
750,0,GIlSPhwi,SOtvIsgL,2030.0
750,0,ZPJGdbAJ,GIlSPhwi,2030.0
750,0,xfbmoJHP,ZPJGdbAJ,2028.0
912,0,Erqjkxzk,KKHFrKGl,298.0
912,0,ltPLChrK,Erqjkxzk,298.0
912,0,FwvYcAgk,ltPLChrK,298.0
35,0,fwfbiPwk,drmArhka,6247.0
35,0,cGoHBmgo,fwfbiPwk,7215.0
35,0,EkWBPXmr,cGoHBmgo,7215.0
417,0,TShNRujB,hxSTJhOz,9067.0
417,0,zVYhNTdK,TShNRujB,6255.0
417,0,EkWBPXmr,zVYhNTdK,6250.0
35,0,XypZkLUe,gaLZwYvS,6441.0
35,0,drmArhka,XypZkLUe,6441.0
417,0,hxSTJhOz,rDSiGFpR,9044.0
35,0,gaLZwYvS,qFzqwYZZ,6058.0
477,0,NKCxdwhs,mYoRZvtc,1617.0
477,0,eeSdZFhf,NKCxdwhs,1617.0
477,0,UaWwvNMO,eeSdZFhf,1561.0
477,0,gFAsBeQM,UaWwvNMO,1561.0
477,0,rDSiGFpR,gFAsBeQM,1154.0
35,0,qFzqwYZZ,MBTcSIip,6139.0
417,0,LOkvvGyU,FqxCUuHX,7091.0
417,0,DYErCrqd,LOkvvGyU,9096.0
417,0,LbKosGpD,DYErCrqd,9096.0
417,0,rDSiGFpR,LbKosGpD,8401.0
417,0,tSUFrefk,ZMeqpjWv,6281.0
417,0,FqxCUuHX,tSUFrefk,6309.0
35,0,ppabfQGz,rloRqLNl,7267.0
35,0,MBTcSIip,ppabfQGz,6930.0
417,0,AFWGXQGm,BsVmblhs,4175.0
417,0,WTiRZunt,AFWGXQGm,4175.0
417,0,ZMeqpjWv,WTiRZunt,4175.0
465,0,XFLojCJa,cPCRxZjy,8005.0
465,0,mHRdWDIt,XFLojCJa,8005.0
465,0,NBopaFdP,mHRdWDIt,7652.0
465,0,LbKosGpD,NBopaFdP,7652.0
465,0,rDSiGFpR,LbKosGpD,7628.0
465,0,hxSTJhOz,rDSiGFpR,4540.0
465,0,TShNRujB,hxSTJhOz,4478.0
465,0,zVYhNTdK,TShNRujB,1576.0
465,0,EkWBPXmr,zVYhNTdK,1574.0
357,0,cPCRxZjy,LPfgjVyT,4277.0
357,0,qpacHTVx,cPCRxZjy,4016.0
357,0,XFLojCJa,qpacHTVx,4016.0
357,0,mHRdWDIt,XFLojCJa,4016.0
357,0,NBopaFdP,mHRdWDIt,4000.0
357,0,LbKosGpD,NBopaFdP,4000.0
357,0,rDSiGFpR,LbKosGpD,3999.0
357,0,hxSTJhOz,rDSiGFpR,3236.0
357,0,TShNRujB,hxSTJhOz,3231.0
357,0,xbiDwIOu,TShNRujB,961.0
357,0,zVYhNTdK,xbiDwIOu,961.0
357,0,EkWBPXmr,zVYhNTdK,940.0
1139,0,LLvlNCEB,sDgMDbLK,1934.0
1139,0,ZMeqpjWv,LLvlNCEB,1916.0
1139,0,tSUFrefk,ZMeqpjWv,1916.0
1139,0,FqxCUuHX,tSUFrefk,1878.0
1139,0,LOkvvGyU,FqxCUuHX,1733.0
1139,0,DYErCrqd,LOkvvGyU,1733.0
1139,0,rDSiGFpR,DYErCrqd,1733.0
1139,0,hxSTJhOz,rDSiGFpR,1141.0
1139,0,TShNRujB,hxSTJhOz,1141.0
1139,0,xbiDwIOu,TShNRujB,604.0
1139,0,zVYhNTdK,xbiDwIOu,604.0
1139,0,EkWBPXmr,zVYhNTdK,604.0
417,0,oQvXmJfL,HYfXIyFk,3571.0
417,0,yayPNqiY,oQvXmJfL,3683.0
417,0,BsVmblhs,yayPNqiY,3667.0
357,0,LPfgjVyT,cniBuICf,3202.0
357,0,cniBuICf,WtPVEKaC,2642.0
417,0,TUpCuZAw,YmDpkIHQ,3477.0
417,0,HYfXIyFk,TUpCuZAw,3477.0
35,0,TiulEaYs,FliRNcXy,6269.0
35,0,dwUntJQR,TiulEaYs,6274.0
35,0,rloRqLNl,dwUntJQR,6274.0
1139,0,faYOimYm,EZnTnoxs,1455.0
1139,0,cmGUMIAA,faYOimYm,1497.0
1139,0,sDgMDbLK,cmGUMIAA,1497.0
357,0,WtPVEKaC,BYsSDXCP,2540.0
35,0,LfENZYTF,TNZDhyQb,5156.0
35,0,FliRNcXy,LfENZYTF,5156.0
357,0,BYsSDXCP,zjSAMvDn,2211.0
1139,0,aaOdCJPr,ezbmnBKa,1083.0
1139,0,EZnTnoxs,aaOdCJPr,1083.0
35,0,aFlzccOO,DYvQviUy,4870.0
35,0,TNZDhyQb,aFlzccOO,4592.0
1511,0,fubLBmAl,DOGyniWl,12113.0
1511,0,zjSAMvDn,fubLBmAl,12112.0
1511,0,BYsSDXCP,zjSAMvDn,11868.0
1511,0,WtPVEKaC,BYsSDXCP,11723.0
1511,0,cniBuICf,WtPVEKaC,9833.0
1511,0,LPfgjVyT,cniBuICf,9833.0
1511,0,cPCRxZjy,LPfgjVyT,7934.0
1511,0,XFLojCJa,cPCRxZjy,7405.0
1511,0,mHRdWDIt,XFLojCJa,7405.0
1511,0,NBopaFdP,mHRdWDIt,7300.0
1511,0,LbKosGpD,NBopaFdP,7300.0
1511,0,rDSiGFpR,LbKosGpD,7261.0
1511,0,hxSTJhOz,rDSiGFpR,5759.0
1511,0,TShNRujB,hxSTJhOz,5709.0
1511,0,xbiDwIOu,TShNRujB,4242.0
1511,0,zVYhNTdK,xbiDwIOu,4242.0
1511,0,EkWBPXmr,zVYhNTdK,4159.0
1139,0,OJyOyFXO,sHwmfZBx,719.0
1139,0,ezbmnBKa,OJyOyFXO,721.0
1741,0,YmkUpvHU,qKeCDDXI,1805.0
1741,0,GbYxEXTt,YmkUpvHU,1847.0
1741,0,ItndWSiW,GbYxEXTt,1847.0
1741,0,DOGyniWl,ItndWSiW,811.0
1741,0,fubLBmAl,DOGyniWl,811.0
1741,0,zjSAMvDn,fubLBmAl,811.0
1741,0,BYsSDXCP,zjSAMvDn,1051.0
1741,0,WtPVEKaC,BYsSDXCP,1003.0
1741,0,cniBuICf,WtPVEKaC,935.0
1741,0,LPfgjVyT,cniBuICf,937.0
1741,0,cPCRxZjy,LPfgjVyT,1143.0
1741,0,XFLojCJa,cPCRxZjy,1143.0
1741,0,mHRdWDIt,XFLojCJa,1143.0
1741,0,NBopaFdP,mHRdWDIt,1143.0
1741,0,LbKosGpD,NBopaFdP,1143.0
1245,0,OajDKDnO,jIFrASnh,555.0
1245,0,fQIJDuOA,OajDKDnO,555.0
1245,0,ZBegLuFw,fQIJDuOA,555.0
1245,0,yHDouIXe,ZBegLuFw,616.0
1245,0,aFlzccOO,yHDouIXe,600.0
1245,0,TNZDhyQb,aFlzccOO,770.0
1245,0,LfENZYTF,TNZDhyQb,1034.0
1245,0,FliRNcXy,LfENZYTF,1034.0
1245,0,TiulEaYs,FliRNcXy,1599.0
1245,0,dwUntJQR,TiulEaYs,1609.0
1245,0,ppabfQGz,dwUntJQR,1609.0
1245,0,MBTcSIip,ppabfQGz,1952.0
1245,0,qFzqwYZZ,MBTcSIip,2004.0
1245,0,gaLZwYvS,qFzqwYZZ,2370.0
1245,0,XypZkLUe,gaLZwYvS,2476.0
1245,0,drmArhka,XypZkLUe,2476.0
35,0,DYvQviUy,RfEbENxd,4115.0
1139,0,qGIkRenz,yrWAEsGy,802.0
1139,0,ytUqATXS,qGIkRenz,802.0
1139,0,sHwmfZBx,ytUqATXS,837.0
1511,0,GpnhEWuy,QDIpIlEK,9627.0
1511,0,YmkUpvHU,GpnhEWuy,9526.0
1511,0,GbYxEXTt,YmkUpvHU,11623.0
1511,0,DOGyniWl,GbYxEXTt,10870.0
77,0,jQaLNViL,XJRnAJHc,5683.0
77,0,RfEbENxd,jQaLNViL,4901.0
77,0,DYvQviUy,RfEbENxd,3638.0
77,0,aFlzccOO,DYvQviUy,3312.0
77,0,TNZDhyQb,aFlzccOO,2853.0
77,0,LfENZYTF,TNZDhyQb,2853.0
77,0,FliRNcXy,LfENZYTF,2853.0
77,0,TiulEaYs,FliRNcXy,2540.0
77,0,dwUntJQR,TiulEaYs,2540.0
77,0,rloRqLNl,dwUntJQR,2540.0
77,0,ppabfQGz,rloRqLNl,2300.0
77,0,MBTcSIip,ppabfQGz,2300.0
77,0,qFzqwYZZ,MBTcSIip,2282.0
77,0,gaLZwYvS,qFzqwYZZ,1955.0
77,0,XypZkLUe,gaLZwYvS,1947.0
77,0,drmArhka,XypZkLUe,1947.0
77,0,fwfbiPwk,drmArhka,1909.0
77,0,EkWBPXmr,fwfbiPwk,1441.0
1139,0,hCbDNPhh,kzneBolb,759.0
1139,0,oFLgHrco,hCbDNPhh,759.0
1139,0,yrWAEsGy,oFLgHrco,761.0
35,0,jQaLNViL,WynPMslR,4813.0
35,0,RfEbENxd,jQaLNViL,4350.0
1505,0,WCllcJIC,wxsBzgDc,7823.0
1505,0,OXcUkifL,WCllcJIC,8548.0
1505,0,POsNTwnJ,OXcUkifL,8930.0
1505,0,YmkUpvHU,POsNTwnJ,8904.0
1511,0,GgLRqpEG,uhUmvvRs,11438.0
1511,0,WFZVQzrl,GgLRqpEG,10462.0
1511,0,GiONHkbf,WFZVQzrl,9918.0
1511,0,QDIpIlEK,GiONHkbf,9142.0
233,0,GiONHkbf,aFxztqGh,2352.0
233,0,QDIpIlEK,GiONHkbf,2074.0
1505,0,wxsBzgDc,IfDrXrwx,7204.0
77,0,WUWIxCFc,OdzEGWPG,3834.0
77,0,XJRnAJHc,WUWIxCFc,3834.0
233,0,xwyDeZpB,ckoHNDVp,1640.0
233,0,aFxztqGh,xwyDeZpB,1838.0
1468,0,xwyDeZpB,ZsdtRkBt,339.0
1468,0,aFxztqGh,xwyDeZpB,339.0
1468,0,GiONHkbf,aFxztqGh,362.0
1468,0,QDIpIlEK,GiONHkbf,362.0
1468,0,GpnhEWuy,QDIpIlEK,173.0
35,0,vHkAlmCm,GnOurcjN,4082.0
35,0,WynPMslR,vHkAlmCm,4096.0
1505,0,poajKJhB,zUgDRwiy,7052.0
1505,0,wDKuLbjL,poajKJhB,7053.0
1505,0,IfDrXrwx,wDKuLbjL,7271.0
77,0,ruogAkOJ,cQHgTjKq,3565.0
77,0,tndfGrTh,ruogAkOJ,3565.0
77,0,OdzEGWPG,tndfGrTh,3565.0
233,0,TdXLhpcB,miDIXkTS,949.0
233,0,ckoHNDVp,TdXLhpcB,1312.0
233,0,miDIXkTS,EFeZyZmg,889.0
77,0,cQHgTjKq,wGTdgRcU,3299.0
1484,0,HcKLTTXk,UgdUAhSn,440.0
1484,0,mexFgKBp,HcKLTTXk,444.0
1484,0,KIvXTDlT,mexFgKBp,444.0
1484,0,TgzZcdmy,KIvXTDlT,444.0
1484,0,SEjojzMr,TgzZcdmy,444.0
1484,0,WCllcJIC,SEjojzMr,444.0
1484,0,OXcUkifL,WCllcJIC,444.0
1484,0,POsNTwnJ,OXcUkifL,422.0
1484,0,rRGVruPM,POsNTwnJ,422.0
1484,0,YmkUpvHU,rRGVruPM,422.0
1484,0,GbYxEXTt,YmkUpvHU,422.0
1484,0,DOGyniWl,GbYxEXTt,422.0
1484,0,fubLBmAl,DOGyniWl,422.0
1484,0,zjSAMvDn,fubLBmAl,422.0
1484,0,BYsSDXCP,zjSAMvDn,422.0
1484,0,WtPVEKaC,BYsSDXCP,420.0
1484,0,cniBuICf,WtPVEKaC,176.0
1484,0,LPfgjVyT,cniBuICf,176.0
1484,0,cPCRxZjy,LPfgjVyT,146.0
1484,0,XFLojCJa,cPCRxZjy,146.0
1484,0,mHRdWDIt,XFLojCJa,146.0
1484,0,NBopaFdP,mHRdWDIt,146.0
1484,0,LbKosGpD,NBopaFdP,146.0
1484,0,rDSiGFpR,LbKosGpD,146.0
1484,0,hxSTJhOz,rDSiGFpR,128.0
1484,0,TShNRujB,hxSTJhOz,128.0
1484,0,xbiDwIOu,TShNRujB,71.0
1484,0,zVYhNTdK,xbiDwIOu,71.0
1484,0,EkWBPXmr,zVYhNTdK,71.0
362,0,fpBSsIiN,kVypOvQA,133.0
362,0,vDrIQGSM,fpBSsIiN,133.0
362,0,wYGnXViz,vDrIQGSM,133.0
362,0,BCaYhIgf,wYGnXViz,133.0
362,0,jvuOCfJT,BCaYhIgf,147.0
362,0,vGKZybsV,jvuOCfJT,147.0
362,0,lEwLedpG,vGKZybsV,118.0
362,0,GtMUYUwJ,lEwLedpG,118.0
362,0,lQIpGOTn,GtMUYUwJ,118.0
362,0,uhUmvvRs,lQIpGOTn,108.0
362,0,GgLRqpEG,uhUmvvRs,73.0
362,0,WFZVQzrl,GgLRqpEG,72.0
362,0,GiONHkbf,WFZVQzrl,71.0
362,0,QDIpIlEK,GiONHkbf,71.0
362,0,GpnhEWuy,QDIpIlEK,56.0
362,0,YmkUpvHU,GpnhEWuy,56.0
362,0,GbYxEXTt,YmkUpvHU,56.0
362,0,DOGyniWl,GbYxEXTt,50.0
362,0,fubLBmAl,DOGyniWl,50.0
362,0,zjSAMvDn,fubLBmAl,50.0
362,0,BYsSDXCP,zjSAMvDn,49.0
362,0,WtPVEKaC,BYsSDXCP,45.0
362,0,cniBuICf,WtPVEKaC,45.0
362,0,LPfgjVyT,cniBuICf,45.0
362,0,cPCRxZjy,LPfgjVyT,31.0
362,0,qpacHTVx,cPCRxZjy,31.0
362,0,XFLojCJa,qpacHTVx,31.0
362,0,mHRdWDIt,XFLojCJa,31.0
362,0,NBopaFdP,mHRdWDIt,31.0
362,0,LbKosGpD,NBopaFdP,31.0
362,0,rDSiGFpR,LbKosGpD,31.0
362,0,hxSTJhOz,rDSiGFpR,27.0
362,0,TShNRujB,hxSTJhOz,25.0
362,0,xbiDwIOu,TShNRujB,25.0
362,0,zVYhNTdK,xbiDwIOu,25.0
362,0,EkWBPXmr,zVYhNTdK,25.0
1435,0,xgzyCPTg,HAmwZMhM,5984.0
1435,0,XWLETkPz,xgzyCPTg,5984.0
1435,0,RSQixiib,XWLETkPz,5984.0
1435,0,qrzeRBPC,RSQixiib,9701.0
1435,0,phXawcIY,qrzeRBPC,9701.0
1435,0,EXTmTMKf,phXawcIY,7242.0
35,0,yfIoPTHo,EXTmTMKf,3350.0
35,0,GnOurcjN,yfIoPTHo,3361.0
1750,0,nOepWjtB,zfmNZkKD,2781.0
1750,0,kNXaohyL,nOepWjtB,2781.0
1750,0,gJicbLzN,kNXaohyL,2781.0
1750,0,lRwVVbKf,gJicbLzN,2840.0
1750,0,HcKLTTXk,lRwVVbKf,5428.0
1750,0,IvXmMOhB,HcKLTTXk,5451.0
1750,0,KIvXTDlT,IvXmMOhB,5448.0
1750,0,TgzZcdmy,KIvXTDlT,5448.0
1750,0,SEjojzMr,TgzZcdmy,5448.0
1750,0,oBYetVBr,SEjojzMr,5129.0
1750,0,GiONHkbf,oBYetVBr,4848.0
1750,0,QDIpIlEK,GiONHkbf,4729.0
77,0,meZHMfSd,yTNmoAGc,3039.0
77,0,wGTdgRcU,meZHMfSd,3039.0
36,0,JGydtICe,RtTLxXUv,2657.0
36,0,zjGRmLyo,JGydtICe,2657.0
36,0,EXTmTMKf,zjGRmLyo,2657.0
36,0,yfIoPTHo,EXTmTMKf,2657.0
36,0,GnOurcjN,yfIoPTHo,2657.0
36,0,vHkAlmCm,GnOurcjN,2657.0
36,0,WynPMslR,vHkAlmCm,2657.0
36,0,jQaLNViL,WynPMslR,2657.0
36,0,RfEbENxd,jQaLNViL,1877.0
36,0,DYvQviUy,RfEbENxd,1488.0
36,0,aFlzccOO,DYvQviUy,1481.0
36,0,TNZDhyQb,aFlzccOO,1444.0
36,0,LfENZYTF,TNZDhyQb,1444.0
36,0,FliRNcXy,LfENZYTF,1444.0
36,0,TiulEaYs,FliRNcXy,1384.0
36,0,dwUntJQR,TiulEaYs,1384.0
36,0,rloRqLNl,dwUntJQR,1384.0
36,0,ppabfQGz,rloRqLNl,1164.0
36,0,MBTcSIip,ppabfQGz,1164.0
36,0,qFzqwYZZ,MBTcSIip,1047.0
36,0,gaLZwYvS,qFzqwYZZ,967.0
36,0,XypZkLUe,gaLZwYvS,967.0
36,0,drmArhka,XypZkLUe,967.0
36,0,fwfbiPwk,drmArhka,966.0
36,0,cGoHBmgo,fwfbiPwk,669.0
36,0,EkWBPXmr,cGoHBmgo,669.0
35,0,uCftfjda,aBQaRmrC,1465.0
35,0,JGydtICe,uCftfjda,1465.0
35,0,zjGRmLyo,JGydtICe,2951.0
35,0,EXTmTMKf,zjGRmLyo,2987.0
77,0,wDEypHfE,QCBPrBCl,2866.0
77,0,yTNmoAGc,wDEypHfE,2831.0
77,0,rGYrQqGa,OUTzwMHI,2820.0
77,0,QCBPrBCl,rGYrQqGa,2820.0
143,0,mexFgKBp,NrNaZyPp,2253.0
143,0,KIvXTDlT,mexFgKBp,1190.0
143,0,TgzZcdmy,KIvXTDlT,1190.0
143,0,SEjojzMr,TgzZcdmy,1190.0
143,0,WCllcJIC,SEjojzMr,841.0
143,0,OXcUkifL,WCllcJIC,841.0
143,0,POsNTwnJ,OXcUkifL,841.0
143,0,rRGVruPM,POsNTwnJ,841.0
143,0,YmkUpvHU,rRGVruPM,394.0
762,0,dHuMOmqh,HqehCtdr,4485.0
762,0,mdiSFJRM,dHuMOmqh,4612.0
762,0,ljNlRbnZ,mdiSFJRM,4612.0
762,0,VbMcfGsr,ljNlRbnZ,4217.0
762,0,MttNRhjN,VbMcfGsr,4217.0
762,0,HeidvHXY,MttNRhjN,4217.0
762,0,CCoJPQpR,HeidvHXY,4217.0
762,0,veAXvdUO,CCoJPQpR,7261.0
762,0,UgdUAhSn,veAXvdUO,7261.0
762,0,HcKLTTXk,UgdUAhSn,5640.0
762,0,zUgDRwiy,HcKLTTXk,5259.0
36,0,HxnLIWQq,tcbhlVZo,1575.0
36,0,wqGWmwVd,HxnLIWQq,2191.0
36,0,ACkvbmee,wqGWmwVd,2191.0
36,0,FtWuEuzF,ACkvbmee,2191.0
36,0,RtTLxXUv,FtWuEuzF,2191.0
852,0,nsbHlbAq,WhHfbZWj,1491.0
852,0,cwgbfpqq,nsbHlbAq,1491.0
852,0,fMrlznIn,cwgbfpqq,1491.0
852,0,uXKxCjNA,fMrlznIn,1491.0
852,0,bOiSLYGO,uXKxCjNA,1491.0
852,0,mhgPTzcZ,bOiSLYGO,1744.0
852,0,WFZVQzrl,mhgPTzcZ,1744.0
852,0,GiONHkbf,WFZVQzrl,1744.0
852,0,QDIpIlEK,GiONHkbf,1744.0
852,0,GpnhEWuy,QDIpIlEK,1744.0
852,0,YmkUpvHU,GpnhEWuy,1744.0
852,0,GbYxEXTt,YmkUpvHU,1744.0
852,0,DOGyniWl,GbYxEXTt,1744.0
852,0,fubLBmAl,DOGyniWl,1744.0
852,0,zjSAMvDn,fubLBmAl,1744.0
852,0,BYsSDXCP,zjSAMvDn,1693.0
852,0,WtPVEKaC,BYsSDXCP,1691.0
852,0,cniBuICf,WtPVEKaC,1657.0
852,0,LPfgjVyT,cniBuICf,1657.0
852,0,cPCRxZjy,LPfgjVyT,1517.0
852,0,XFLojCJa,cPCRxZjy,1516.0
852,0,mHRdWDIt,XFLojCJa,1516.0
852,0,NBopaFdP,mHRdWDIt,1513.0
852,0,LbKosGpD,NBopaFdP,1513.0
852,0,rDSiGFpR,LbKosGpD,1513.0
852,0,hxSTJhOz,rDSiGFpR,1454.0
852,0,TShNRujB,hxSTJhOz,1454.0
852,0,xbiDwIOu,TShNRujB,1204.0
852,0,zVYhNTdK,xbiDwIOu,1204.0
852,0,EkWBPXmr,zVYhNTdK,1204.0
780,0,VEiYdotb,AhWKwjTz,7190.0
780,0,DgYBMgPg,VEiYdotb,7190.0
780,0,vkArqzKY,DgYBMgPg,7468.0
780,0,gzTQJVMW,vkArqzKY,7468.0
780,0,FZsFzszJ,gzTQJVMW,3509.0
1511,0,ALhaazBT,FZsFzszJ,2517.0
1511,0,AUmOMGnp,ALhaazBT,2854.0
1511,0,ejMjPdTH,AUmOMGnp,2933.0
1511,0,eaNsVWDR,ejMjPdTH,3862.0
1511,0,hpACGGyB,eaNsVWDR,5714.0
1511,0,ywuGpANM,hpACGGyB,5957.0
1511,0,BZCtSmhk,ywuGpANM,9702.0
1511,0,qeXIqBgp,BZCtSmhk,10621.0
1511,0,jFRqfnFl,qeXIqBgp,10594.0
1511,0,ysSWNERo,jFRqfnFl,10877.0
1511,0,lEwLedpG,ysSWNERo,10818.0
1511,0,lQIpGOTn,lEwLedpG,11388.0
1511,0,uhUmvvRs,lQIpGOTn,11388.0
1441,0,JZbiEaEt,LsuNFzpq,1256.0
1441,0,RchOKnYD,JZbiEaEt,1050.0
1441,0,BMDeXhVp,RchOKnYD,1050.0
1441,0,ZqBGCTqq,BMDeXhVp,1050.0
1441,0,HxnLIWQq,ZqBGCTqq,1035.0
1441,0,wqGWmwVd,HxnLIWQq,1008.0
1441,0,ACkvbmee,wqGWmwVd,966.0
1441,0,FtWuEuzF,ACkvbmee,966.0
1441,0,RtTLxXUv,FtWuEuzF,963.0
1441,0,JGydtICe,RtTLxXUv,940.0
836,0,UGBWqSzR,aImltWBw,3127.0
836,0,ywuGpANM,UGBWqSzR,3153.0
836,0,BZCtSmhk,ywuGpANM,6436.0
565,0,PQDqFTyk,qQFDKzdu,844.0
565,0,SOzmnmNW,PQDqFTyk,584.0
565,0,OhBAPvsb,SOzmnmNW,584.0
762,0,HqehCtdr,OhBAPvsb,4753.0
803,0,lhYDMMsV,LNRgsQQF,1158.0
803,0,dHuMOmqh,lhYDMMsV,1158.0
803,0,shEBYolm,dHuMOmqh,820.0
803,0,ljNlRbnZ,shEBYolm,820.0
803,0,MttNRhjN,ljNlRbnZ,803.0
803,0,HeidvHXY,MttNRhjN,803.0
803,0,CCoJPQpR,HeidvHXY,803.0
803,0,veAXvdUO,CCoJPQpR,803.0
803,0,UgdUAhSn,veAXvdUO,803.0
803,0,HcKLTTXk,UgdUAhSn,680.0
803,0,IvXmMOhB,HcKLTTXk,680.0
803,0,KIvXTDlT,IvXmMOhB,549.0
803,0,TgzZcdmy,KIvXTDlT,498.0
803,0,SEjojzMr,TgzZcdmy,498.0
803,0,WCllcJIC,SEjojzMr,447.0
803,0,OXcUkifL,WCllcJIC,376.0
803,0,POsNTwnJ,OXcUkifL,281.0
803,0,rRGVruPM,POsNTwnJ,133.0
803,0,YmkUpvHU,rRGVruPM,133.0
77,0,tcHYhVZo,XkkxwlXm,2726.0
77,0,OUTzwMHI,tcHYhVZo,2567.0
1484,0,llFTEWtD,IulxyPoH,79.0
1484,0,SgXyhVwd,llFTEWtD,79.0
1484,0,fPhIOSOj,SgXyhVwd,101.0
1484,0,dHuMOmqh,fPhIOSOj,101.0
1484,0,mdiSFJRM,dHuMOmqh,228.0
1484,0,KSJnwxVm,mdiSFJRM,228.0
1484,0,shEBYolm,KSJnwxVm,228.0
1484,0,ljNlRbnZ,shEBYolm,228.0
1484,0,VbMcfGsr,ljNlRbnZ,241.0
1484,0,MttNRhjN,VbMcfGsr,241.0
1484,0,CCoJPQpR,MttNRhjN,241.0
1484,0,veAXvdUO,CCoJPQpR,276.0
1484,0,UgdUAhSn,veAXvdUO,276.0
1532,0,zVMCvpDh,tYiGccLM,665.0
1532,0,tdSVPjpA,zVMCvpDh,665.0
1532,0,nOepWjtB,tdSVPjpA,665.0
1532,0,kNXaohyL,nOepWjtB,665.0
1532,0,gJicbLzN,kNXaohyL,665.0
1532,0,lRwVVbKf,gJicbLzN,687.0
1532,0,HcKLTTXk,lRwVVbKf,1269.0
1532,0,IvXmMOhB,HcKLTTXk,2035.0
36,0,GMrJWgHs,OaJoPLeC,412.0
36,0,tTjpyeuP,GMrJWgHs,412.0
36,0,elxmPCDf,tTjpyeuP,412.0
36,0,tcbhlVZo,elxmPCDf,412.0
36,0,DFiOxLfP,OQfDwOIF,410.0
36,0,OaJoPLeC,DFiOxLfP,410.0
77,0,PQuXHWcA,ZFSCrBEp,2377.0
77,0,XkkxwlXm,PQuXHWcA,2377.0
994,0,KnIeolpt,RyhuDLev,6822.0
994,0,GMrJWgHs,KnIeolpt,6825.0
994,0,tTjpyeuP,GMrJWgHs,6800.0
994,0,elxmPCDf,tTjpyeuP,6800.0
994,0,tcbhlVZo,elxmPCDf,6800.0
994,0,HxnLIWQq,tcbhlVZo,3964.0
994,0,wqGWmwVd,HxnLIWQq,3963.0
994,0,ACkvbmee,wqGWmwVd,3961.0
994,0,FtWuEuzF,ACkvbmee,3961.0
994,0,RtTLxXUv,FtWuEuzF,3957.0
994,0,JGydtICe,RtTLxXUv,3721.0
560,0,IjDfGHsr,hzAARBgX,1774.0
560,0,TFRpjaAo,IjDfGHsr,1776.0
560,0,JhdinCeD,TFRpjaAo,1924.0
560,0,ZIieNEvD,JhdinCeD,1924.0
560,0,jvLymITs,ZIieNEvD,1924.0
560,0,jJVVpGMf,jvLymITs,1731.0
560,0,tcYerYbk,jJVVpGMf,1731.0
560,0,pPKqPUVW,tcYerYbk,1731.0
560,0,iYTiOTOT,pPKqPUVW,1731.0
560,0,dLtneiKf,iYTiOTOT,1734.0
560,0,slfxTuih,dLtneiKf,1734.0
560,0,XFPAZveS,slfxTuih,1527.0
560,0,WjGJosho,XFPAZveS,1234.0
77,0,fXFJjsZH,DKTMYVhM,2183.0
77,0,zKpOsJgw,fXFJjsZH,2183.0
77,0,ZFSCrBEp,zKpOsJgw,2183.0
994,0,fzmnvqlX,SEcoeimf,5443.0
994,0,RyhuDLev,fzmnvqlX,5443.0
994,0,zzxlwhdI,wssOAckJ,3202.0
994,0,SEcoeimf,zzxlwhdI,2583.0
1554,0,kTKiYpVR,EPQxNUoM,3892.0
1554,0,bjpXdchK,kTKiYpVR,2685.0
1554,0,dEgXqWEW,bjpXdchK,2685.0
1554,0,ZWGREbnj,dEgXqWEW,2685.0
1554,0,cgIzawVB,ZWGREbnj,2685.0
1554,0,CbYTLXWK,cgIzawVB,2685.0
1554,0,kWrGTFqC,CbYTLXWK,2685.0
1554,0,ubEwIGdf,kWrGTFqC,2682.0
1554,0,aBKtLgYB,ubEwIGdf,2682.0
1554,0,qduHdsCL,aBKtLgYB,2682.0
1554,0,GYMzAvFw,qduHdsCL,2682.0
1554,0,VXAxIwYs,GYMzAvFw,2682.0
1554,0,ZHWKFCEn,VXAxIwYs,2665.0
1554,0,KbemmdTp,ZHWKFCEn,2654.0
1554,0,wTVyxBBy,KbemmdTp,2654.0
1554,0,LNRgsQQF,wTVyxBBy,2654.0
1554,0,lhYDMMsV,LNRgsQQF,2644.0
1554,0,OhgtKZPi,lhYDMMsV,2644.0
1554,0,dHuMOmqh,OhgtKZPi,2644.0
1554,0,mdiSFJRM,dHuMOmqh,1841.0
1554,0,KSJnwxVm,mdiSFJRM,1743.0
1554,0,shEBYolm,KSJnwxVm,1743.0
1554,0,ljNlRbnZ,shEBYolm,1743.0
1554,0,VbMcfGsr,ljNlRbnZ,1732.0
1554,0,MttNRhjN,VbMcfGsr,1732.0
1554,0,HeidvHXY,MttNRhjN,1732.0
1554,0,CCoJPQpR,HeidvHXY,1732.0
1554,0,veAXvdUO,CCoJPQpR,1286.0
1554,0,UgdUAhSn,veAXvdUO,1286.0
1554,0,HcKLTTXk,UgdUAhSn,1280.0
1554,0,mexFgKBp,HcKLTTXk,1108.0
1554,0,KIvXTDlT,mexFgKBp,708.0
1554,0,TgzZcdmy,KIvXTDlT,708.0
1554,0,SEjojzMr,TgzZcdmy,708.0
1554,0,WCllcJIC,SEjojzMr,697.0
1554,0,OXcUkifL,WCllcJIC,407.0
1554,0,POsNTwnJ,OXcUkifL,404.0
1554,0,rRGVruPM,POsNTwnJ,404.0
1554,0,YmkUpvHU,rRGVruPM,217.0
994,0,wssOAckJ,obGcbWvT,2509.0
77,0,MwUoGUHv,aXWsLpyQ,1878.0
77,0,lndqhzzh,MwUoGUHv,1878.0
77,0,jOvjucEC,lndqhzzh,1878.0
77,0,HbaaqMIK,jOvjucEC,1878.0
77,0,SvkqEtGw,HbaaqMIK,1932.0
77,0,DKTMYVhM,SvkqEtGw,1932.0
941,0,avmqjzBH,aYSNYmnY,3389.0
941,0,jEVQeNyS,avmqjzBH,3650.0
941,0,HeRuYpNs,jEVQeNyS,3638.0
941,0,qRJySzaf,HeRuYpNs,3170.0
941,0,LTfflVxG,qRJySzaf,3170.0
941,0,AhWKwjTz,LTfflVxG,2291.0
941,0,VEiYdotb,AhWKwjTz,2058.0
941,0,DgYBMgPg,VEiYdotb,2058.0
941,0,yjQwxGED,DgYBMgPg,1508.0
941,0,KPcRWbGT,yjQwxGED,1508.0
941,0,uGRyXcfW,KPcRWbGT,1508.0
941,0,HlhFjJtZ,uGRyXcfW,1527.0
941,0,ALhaazBT,HlhFjJtZ,1527.0
1511,0,FZsFzszJ,gzTQJVMW,2411.0
994,0,QyfZGsFT,JgVaSAtG,2177.0
994,0,selTNsQi,QyfZGsFT,2177.0
994,0,SfBAqteg,selTNsQi,2177.0
994,0,obGcbWvT,SfBAqteg,2177.0
1511,0,gzTQJVMW,RVEyrwjR,2185.0
1558,0,KqFhDHZN,yHaTCNJc,342.0
1558,0,bCNvXuax,KqFhDHZN,1597.0
1558,0,HDmoIVra,bCNvXuax,1647.0
1558,0,tfRCwcQZ,HDmoIVra,1647.0
1558,0,ltfHcqwC,tfRCwcQZ,1767.0
1558,0,VUmYNFZt,ltfHcqwC,1767.0
1558,0,pnYEWPBG,VUmYNFZt,1767.0
1558,0,IANlmbvg,pnYEWPBG,2004.0
1558,0,LjfvDYFE,IANlmbvg,2460.0
1558,0,MhGEPaGW,LjfvDYFE,2469.0
1558,0,ZHWKFCEn,MhGEPaGW,2403.0
1558,0,LNRgsQQF,ZHWKFCEn,2382.0
1558,0,lhYDMMsV,LNRgsQQF,2394.0
1558,0,OhgtKZPi,lhYDMMsV,2394.0
1558,0,dHuMOmqh,OhgtKZPi,2394.0
1558,0,mdiSFJRM,dHuMOmqh,2228.0
1558,0,KSJnwxVm,mdiSFJRM,2035.0
1558,0,shEBYolm,KSJnwxVm,2035.0
1558,0,ljNlRbnZ,shEBYolm,2035.0
1558,0,VbMcfGsr,ljNlRbnZ,2033.0
1558,0,MttNRhjN,VbMcfGsr,2033.0
1558,0,CCoJPQpR,MttNRhjN,2033.0
1558,0,veAXvdUO,CCoJPQpR,1737.0
1558,0,UgdUAhSn,veAXvdUO,1737.0
1558,0,HcKLTTXk,UgdUAhSn,1731.0
1558,0,IvXmMOhB,HcKLTTXk,1519.0
1558,0,KIvXTDlT,IvXmMOhB,1383.0
1558,0,TgzZcdmy,KIvXTDlT,1381.0
1558,0,SEjojzMr,TgzZcdmy,1381.0
1558,0,WCllcJIC,SEjojzMr,1371.0
1558,0,OXcUkifL,WCllcJIC,982.0
1558,0,POsNTwnJ,OXcUkifL,953.0
1558,0,rRGVruPM,POsNTwnJ,953.0
1558,0,YmkUpvHU,rRGVruPM,806.0
1511,0,RVEyrwjR,XLVjRryq,609.0
1083,0,jobllKUJ,pqZYMbGr,3750.0
1083,0,cKlxsEIa,jobllKUJ,3750.0
1083,0,POeaLshN,cKlxsEIa,3750.0
1083,0,nvtqczOj,POeaLshN,3750.0
1083,0,FdzHSswJ,nvtqczOj,3495.0
1083,0,qmRscxuH,FdzHSswJ,3650.0
1083,0,zrVEttwl,qmRscxuH,3451.0
1083,0,KhQckqci,zrVEttwl,3451.0
1083,0,NkYJOxxA,KhQckqci,3451.0
1083,0,Phtvjmoj,NkYJOxxA,3453.0
1083,0,iRgZVaoH,Phtvjmoj,4801.0
1083,0,KbKyxild,iRgZVaoH,4801.0
1083,0,WzJZybAt,KbKyxild,4374.0
1083,0,wBZvskGC,WzJZybAt,4337.0
1083,0,pHbSfQWg,wBZvskGC,5660.0
1083,0,hlYcHDiv,pHbSfQWg,5660.0
1083,0,ZUUFaTkv,hlYcHDiv,5660.0
1083,0,jgCiOeaN,ZUUFaTkv,5692.0
1083,0,TikfrWrm,jgCiOeaN,5692.0
1083,0,RabBrvbh,TikfrWrm,6703.0
1083,0,yAsGVYQM,RabBrvbh,6703.0
1083,0,XFPAZveS,yAsGVYQM,17274.0
1083,0,ejMjPdTH,XFPAZveS,17342.0
1083,0,CKorGRkE,ejMjPdTH,9132.0
1083,0,eaNsVWDR,CKorGRkE,5414.0
77,0,TBShKgjD,yOopALph,1794.0
77,0,aXWsLpyQ,TBShKgjD,1794.0
779,0,khOlLZay,CDXhVrrJ,4019.0
736,0,NxbXiMUL,MyGqmywG,6992.0
1511,0,XLVjRryq,NxbXiMUL,232.0
367,0,CgMBzfIg,OXvlrfnG,2522.0
367,0,BCwVkMhO,CgMBzfIg,2522.0
367,0,MpBHVRZl,BCwVkMhO,2327.0
367,0,BWKNZpmt,MpBHVRZl,2330.0
367,0,hMBIVszx,BWKNZpmt,2342.0
367,0,JgVaSAtG,hMBIVszx,2342.0
367,0,QyfZGsFT,JgVaSAtG,2358.0
367,0,selTNsQi,QyfZGsFT,2358.0
367,0,SfBAqteg,selTNsQi,2358.0
367,0,obGcbWvT,SfBAqteg,2358.0
367,0,wssOAckJ,obGcbWvT,2327.0
367,0,zzxlwhdI,wssOAckJ,3000.0
367,0,SEcoeimf,zzxlwhdI,2937.0
367,0,fzmnvqlX,SEcoeimf,3877.0
367,0,RyhuDLev,fzmnvqlX,3877.0
367,0,KnIeolpt,RyhuDLev,4325.0
367,0,GMrJWgHs,KnIeolpt,4325.0
367,0,tTjpyeuP,GMrJWgHs,4505.0
367,0,elxmPCDf,tTjpyeuP,4505.0
367,0,tcbhlVZo,elxmPCDf,4505.0
367,0,HxnLIWQq,tcbhlVZo,5488.0
367,0,wqGWmwVd,HxnLIWQq,6059.0
367,0,ACkvbmee,wqGWmwVd,6069.0
367,0,FtWuEuzF,ACkvbmee,6069.0
367,0,RtTLxXUv,FtWuEuzF,6079.0
367,0,JGydtICe,RtTLxXUv,6952.0
1511,0,vDFCntfg,YvwuVYMF,197.0
1511,0,iEKDTvNf,vDFCntfg,197.0
1511,0,NxbXiMUL,iEKDTvNf,197.0
367,0,OXvlrfnG,iZfXNAue,2437.0
71,0,dEwNKLNy,vaPtcLuK,1512.0
367,0,Uacajbua,wcUGKfLa,1754.0
367,0,ZLCIvgrp,Uacajbua,1763.0
367,0,ucVTqZIB,ZLCIvgrp,1685.0
367,0,FDrhtNjK,ucVTqZIB,1685.0
367,0,YVGWiGkc,FDrhtNjK,1685.0
367,0,CqPWXNIf,YVGWiGkc,1685.0
367,0,iZfXNAue,CqPWXNIf,1666.0
821,0,FgbDpeSh,fvMkSwKl,42.0
821,0,LjhqQBRt,FgbDpeSh,432.0
821,0,HdFJhFPb,LjhqQBRt,437.0
821,0,BUdgWiYp,HdFJhFPb,437.0
821,0,uYhYmSwb,BUdgWiYp,450.0
821,0,wcUGKfLa,uYhYmSwb,450.0
821,0,ZJxogzZw,wcUGKfLa,316.0
821,0,Uacajbua,ZJxogzZw,316.0
821,0,ZLCIvgrp,Uacajbua,316.0
821,0,ucVTqZIB,ZLCIvgrp,316.0
821,0,FDrhtNjK,ucVTqZIB,316.0
821,0,YVGWiGkc,FDrhtNjK,316.0
821,0,CqPWXNIf,YVGWiGkc,316.0
821,0,iZfXNAue,CqPWXNIf,314.0
821,0,OXvlrfnG,iZfXNAue,224.0
821,0,CgMBzfIg,OXvlrfnG,220.0
821,0,BCwVkMhO,CgMBzfIg,220.0
821,0,MpBHVRZl,BCwVkMhO,220.0
821,0,BWKNZpmt,MpBHVRZl,76.0
821,0,hMBIVszx,BWKNZpmt,76.0
821,0,JgVaSAtG,hMBIVszx,76.0
821,0,QyfZGsFT,JgVaSAtG,70.0
821,0,selTNsQi,QyfZGsFT,70.0
821,0,SfBAqteg,selTNsQi,70.0
821,0,obGcbWvT,SfBAqteg,70.0
821,0,wssOAckJ,obGcbWvT,68.0
821,0,zzxlwhdI,wssOAckJ,68.0
821,0,SEcoeimf,zzxlwhdI,44.0
821,0,fzmnvqlX,SEcoeimf,38.0
821,0,RyhuDLev,fzmnvqlX,38.0
821,0,KnIeolpt,RyhuDLev,38.0
821,0,GMrJWgHs,KnIeolpt,38.0
821,0,tTjpyeuP,GMrJWgHs,36.0
821,0,elxmPCDf,tTjpyeuP,36.0
821,0,tcbhlVZo,elxmPCDf,36.0
821,0,ZqBGCTqq,tcbhlVZo,34.0
821,0,HxnLIWQq,ZqBGCTqq,24.0
821,0,wqGWmwVd,HxnLIWQq,24.0
821,0,ACkvbmee,wqGWmwVd,24.0
821,0,FtWuEuzF,ACkvbmee,24.0
821,0,RtTLxXUv,FtWuEuzF,24.0
821,0,JGydtICe,RtTLxXUv,23.0
616,0,fElpHioA,TJGhHrvm,939.0
616,0,PaLbQtln,fElpHioA,1078.0
616,0,rqBqDfoZ,PaLbQtln,1078.0
616,0,yhXmuUeN,rqBqDfoZ,2096.0
319,0,zVYhNTdK,yhXmuUeN,1903.0
319,0,EkWBPXmr,zVYhNTdK,1897.0
234,0,xewbkqhz,AHLLTOdf,5208.0
234,0,mklbELhb,xewbkqhz,5104.0
234,0,yhXmuUeN,mklbELhb,4986.0
234,0,BqZQArDi,yhXmuUeN,2814.0
234,0,xbiDwIOu,BqZQArDi,2814.0
234,0,zVYhNTdK,xbiDwIOu,2814.0
234,0,EkWBPXmr,zVYhNTdK,2805.0
234,0,AHLLTOdf,JSZZmOIY,5447.0
319,0,zavSPsgu,YjHuxjDZ,5474.0
319,0,UrQlyWkl,zavSPsgu,4662.0
319,0,mklbELhb,UrQlyWkl,3189.0
319,0,yhXmuUeN,mklbELhb,1807.0
399,0,WPPGaTFA,RupFhEwj,2668.0
399,0,JSZZmOIY,WPPGaTFA,2668.0
399,0,AHLLTOdf,JSZZmOIY,2359.0
399,0,xewbkqhz,AHLLTOdf,1408.0
399,0,mklbELhb,xewbkqhz,1407.0
399,0,yhXmuUeN,mklbELhb,1407.0
399,0,BqZQArDi,yhXmuUeN,780.0
399,0,xbiDwIOu,BqZQArDi,780.0
399,0,zVYhNTdK,xbiDwIOu,780.0
399,0,EkWBPXmr,zVYhNTdK,780.0
234,0,JSZZmOIY,tBJBJfdu,3978.0
319,0,CZfJWCoJ,xfYjeqNM,5126.0
319,0,IdWZOznf,CZfJWCoJ,5126.0
319,0,XGxJlapP,IdWZOznf,5189.0
319,0,YjHuxjDZ,XGxJlapP,5190.0
647,0,bCOJrgoA,qDeoslSZ,1175.0
647,0,uTcsgvmK,bCOJrgoA,1181.0
647,0,PrdzzRyE,uTcsgvmK,1181.0
1744,0,xfYjeqNM,UWSJuCAz,4536.0
319,0,xfYjeqNM,RSPZrGBg,5405.0
647,0,qDeoslSZ,hLEWSLqw,462.0
399,0,eciAPzhn,zYpZYpOA,1572.0
399,0,tOfkaukv,eciAPzhn,1572.0
399,0,exzjGTVf,tOfkaukv,1572.0
399,0,CcTUkfkl,exzjGTVf,1572.0
399,0,tglFZOrp,CcTUkfkl,2192.0
399,0,SqxhBMol,tglFZOrp,2192.0
399,0,vIqdsoZx,SqxhBMol,2595.0
399,0,RupFhEwj,vIqdsoZx,2595.0
234,0,UECnapuN,bWAbaUPC,4700.0
234,0,uVsOstge,UECnapuN,4946.0
234,0,tBJBJfdu,uVsOstge,4899.0
1197,0,CRZgpQHT,RQiSRtZp,630.0
1197,0,uDuzeUsq,CRZgpQHT,630.0
234,0,bWAbaUPC,cEOIeJTR,4819.0
293,0,cEOIeJTR,CfleTooC,2327.0
293,0,bWAbaUPC,cEOIeJTR,2327.0
293,0,qrSNpKDz,bWAbaUPC,1868.0
293,0,UECnapuN,qrSNpKDz,1847.0
293,0,FZYojuVE,UECnapuN,1847.0
293,0,uVsOstge,FZYojuVE,1827.0
293,0,tBJBJfdu,uVsOstge,1693.0
293,0,JSZZmOIY,tBJBJfdu,1162.0
293,0,AHLLTOdf,JSZZmOIY,1160.0
293,0,xewbkqhz,AHLLTOdf,1101.0
293,0,mklbELhb,xewbkqhz,1101.0
293,0,yhXmuUeN,mklbELhb,1064.0
293,0,BqZQArDi,yhXmuUeN,466.0
293,0,xbiDwIOu,BqZQArDi,466.0
293,0,zVYhNTdK,xbiDwIOu,466.0
293,0,EkWBPXmr,zVYhNTdK,465.0
465,0,nGRNUPgX,ARTSSefO,8249.0
465,0,cPCRxZjy,nGRNUPgX,7275.0
1197,0,jPryMrof,xMTUUeEc,694.0
1197,0,jkJwqjHm,jPryMrof,694.0
1197,0,jKMBgxbE,jkJwqjHm,694.0
1197,0,RQiSRtZp,jKMBgxbE,694.0
1317,0,PlyJazqR,vrgENeuF,1306.0
319,0,buAeVenh,EBckcZXF,5208.0
319,0,ARTSSefO,buAeVenh,5208.0
319,0,KMDYeUKg,ARTSSefO,5275.0
319,0,FrlvFFoW,KMDYeUKg,5503.0
319,0,UCIDNTPZ,FrlvFFoW,5482.0
319,0,RSPZrGBg,UCIDNTPZ,5492.0
399,0,CYSggHNR,IkxLwyxa,1071.0
399,0,VhgapMoa,CYSggHNR,1074.0
399,0,dKbqWpcD,VhgapMoa,1074.0
399,0,zYpZYpOA,dKbqWpcD,1074.0
146,0,zAwPDfkg,RWixPrCB,810.0
146,0,eBAbFKqQ,zAwPDfkg,810.0
146,0,cniBuICf,eBAbFKqQ,641.0
146,0,LPfgjVyT,cniBuICf,641.0
146,0,cPCRxZjy,LPfgjVyT,427.0
146,0,qpacHTVx,cPCRxZjy,426.0
146,0,XFLojCJa,qpacHTVx,426.0
146,0,mHRdWDIt,XFLojCJa,426.0
146,0,NBopaFdP,mHRdWDIt,422.0
146,0,LbKosGpD,NBopaFdP,422.0
146,0,rDSiGFpR,LbKosGpD,422.0
146,0,hxSTJhOz,rDSiGFpR,327.0
146,0,TShNRujB,hxSTJhOz,327.0
146,0,zVYhNTdK,TShNRujB,223.0
146,0,EkWBPXmr,zVYhNTdK,223.0
319,0,STSGJiIu,TdfMaTlB,5092.0
319,0,vpctkpYQ,STSGJiIu,5092.0
319,0,EBckcZXF,vpctkpYQ,5107.0
234,0,hCxxcqWU,IOcMwGKn,4912.0
234,0,pPReLBCT,hCxxcqWU,4910.0
234,0,gUXxyAlR,pPReLBCT,4826.0
234,0,cEOIeJTR,gUXxyAlR,4826.0
234,0,IOcMwGKn,ybjkPLXB,4861.0
399,0,nJRBvlcT,YmbmpLps,434.0
399,0,IkxLwyxa,nJRBvlcT,770.0
293,0,fjbmYxRB,SzEcLYsf,1659.0
293,0,hCxxcqWU,fjbmYxRB,1659.0
293,0,gUXxyAlR,hCxxcqWU,1719.0
293,0,CfleTooC,gUXxyAlR,2288.0
146,0,WweXYmbm,JODrgTwh,1273.0
146,0,RWixPrCB,WweXYmbm,1273.0
399,0,JGbfxLUL,KQSHMGnw,264.0
399,0,IjwLXBRx,JGbfxLUL,264.0
399,0,YmbmpLps,IjwLXBRx,264.0
989,0,fjevhefZ,AUBTKFbY,6837.0
989,0,vyQyYYqJ,fjevhefZ,6732.0
989,0,ztLkgYlA,vyQyYYqJ,6724.0
319,0,OPXtWBVk,gqwqEGtD,4786.0
319,0,SvGtXrYj,OPXtWBVk,4513.0
319,0,TdfMaTlB,SvGtXrYj,4416.0
234,0,OAywdpTB,BpAiVnps,3849.0
234,0,ufvngNip,OAywdpTB,4646.0
234,0,ybjkPLXB,ufvngNip,4646.0
357,0,dlzglDFV,yFEIEiOj,1425.0
357,0,pZATYgJX,dlzglDFV,1425.0
357,0,DkqFSkSd,pZATYgJX,1415.0
357,0,bZroqIhX,DkqFSkSd,1415.0
357,0,zjSAMvDn,bZroqIhX,1403.0
679,0,goaumTLR,jXeBpcDF,4147.0
679,0,vNMxowJX,goaumTLR,4142.0
679,0,voZaDctr,vNMxowJX,4024.0
679,0,cttUtMNm,voZaDctr,4024.0
465,0,OPXtWBVk,nPkrzCty,9833.0
465,0,SvGtXrYj,OPXtWBVk,9226.0
465,0,TdfMaTlB,SvGtXrYj,9243.0
465,0,STSGJiIu,TdfMaTlB,8467.0
465,0,buAeVenh,STSGJiIu,8467.0
465,0,ARTSSefO,buAeVenh,8467.0
1567,0,ZIPCqImv,ciAbSxQX,13243.0
1567,0,aWNaUdzp,ZIPCqImv,13243.0
1567,0,FCsbIOBe,aWNaUdzp,15481.0
1567,0,wyEQXfIU,FCsbIOBe,15481.0
1567,0,aRKvwhNi,wyEQXfIU,15481.0
1567,0,eyAJPdep,aRKvwhNi,14209.0
1567,0,RCkelXPh,eyAJPdep,15090.0
465,0,jcExlqwL,RCkelXPh,9097.0
465,0,YctaenCe,jcExlqwL,9959.0
465,0,tzYrVhKO,YctaenCe,9959.0
465,0,UgpyjFML,tzYrVhKO,9957.0
465,0,nPkrzCty,UgpyjFML,8221.0
711,0,ouPwTbuD,qGnNRXVR,2242.0
711,0,LPldZjRa,ouPwTbuD,2483.0
711,0,adsviABF,LPldZjRa,3340.0
711,0,TqlJzItM,adsviABF,4025.0
711,0,IjwLXBRx,TqlJzItM,3232.0
711,0,nJRBvlcT,IjwLXBRx,2562.0
711,0,IkxLwyxa,nJRBvlcT,2144.0
711,0,CYSggHNR,IkxLwyxa,2652.0
321,0,mnAVlSWp,LsQRoNsL,386.0
321,0,aLvvGSoW,mnAVlSWp,386.0
321,0,nPkrzCty,aLvvGSoW,557.0
321,0,OPXtWBVk,nPkrzCty,557.0
321,0,SvGtXrYj,OPXtWBVk,557.0
321,0,TdfMaTlB,SvGtXrYj,557.0
321,0,STSGJiIu,TdfMaTlB,439.0
321,0,vpctkpYQ,STSGJiIu,439.0
321,0,EBckcZXF,vpctkpYQ,439.0
321,0,buAeVenh,EBckcZXF,439.0
321,0,ARTSSefO,buAeVenh,439.0
321,0,KMDYeUKg,ARTSSefO,439.0
321,0,FrlvFFoW,KMDYeUKg,439.0
321,0,UCIDNTPZ,FrlvFFoW,439.0
321,0,RSPZrGBg,UCIDNTPZ,439.0
321,0,xfYjeqNM,RSPZrGBg,308.0
321,0,IdWZOznf,xfYjeqNM,308.0
989,0,AUBTKFbY,pzcCDVmZ,7407.0
319,0,vSdfqYeK,oBjbzljy,956.0
319,0,gqwqEGtD,vSdfqYeK,4987.0
357,0,zjQVJpHm,ICtDTIBO,739.0
357,0,RBVPcVzH,zjQVJpHm,739.0
357,0,yXKTuRtI,RBVPcVzH,739.0
357,0,yFEIEiOj,yXKTuRtI,1133.0
16,0,xGsoSfhX,ozuppJDT,6401.0
16,0,ufvngNip,xGsoSfhX,5944.0
16,0,ybjkPLXB,ufvngNip,5944.0
16,0,IOcMwGKn,ybjkPLXB,5173.0
16,0,hCxxcqWU,IOcMwGKn,5528.0
16,0,gUXxyAlR,hCxxcqWU,5510.0
16,0,cEOIeJTR,gUXxyAlR,5219.0
16,0,bWAbaUPC,cEOIeJTR,5260.0
16,0,UECnapuN,bWAbaUPC,5635.0
16,0,uVsOstge,UECnapuN,5609.0
16,0,tBJBJfdu,uVsOstge,5454.0
16,0,xewbkqhz,tBJBJfdu,6187.0
16,0,mklbELhb,xewbkqhz,6724.0
16,0,yhXmuUeN,mklbELhb,6042.0
465,0,RCkelXPh,eyAJPdep,2698.0
1505,0,KjuJaNsu,HcPkwFHM,17685.0
1505,0,oNyGHMvy,KjuJaNsu,18225.0
1505,0,QdnKSSsO,oNyGHMvy,18443.0
1505,0,vSdfqYeK,QdnKSSsO,18998.0
591,0,MpPYcjVn,BYVXItej,1518.0
591,0,DewKhksr,MpPYcjVn,1518.0
591,0,vqGhvZJF,DewKhksr,1518.0
1376,0,cMUNkugJ,dxlyVRvH,555.0
1376,0,DLdtTvFi,cMUNkugJ,555.0
1376,0,vRWSdFEN,DLdtTvFi,488.0
1376,0,tNTWUPxE,vRWSdFEN,614.0
1376,0,WPBOglHu,tNTWUPxE,605.0
1376,0,ftMGYADA,WPBOglHu,601.0
1376,0,lklhFYFG,ftMGYADA,637.0
1376,0,laWGsLMv,lklhFYFG,637.0
1376,0,JYcdyiOK,laWGsLMv,637.0
1380,0,kueIUJls,XGJiqzLW,533.0
1380,0,LYjhOoFf,kueIUJls,533.0
1380,0,QdWOxWia,LYjhOoFf,808.0
1380,0,gViLrCgA,QdWOxWia,834.0
1380,0,cCSIoIah,gViLrCgA,900.0
1380,0,DLdtTvFi,cCSIoIah,900.0
1380,0,vRWSdFEN,DLdtTvFi,915.0
1380,0,tNTWUPxE,vRWSdFEN,890.0
1380,0,WPBOglHu,tNTWUPxE,890.0
1380,0,ftMGYADA,WPBOglHu,885.0
1380,0,lklhFYFG,ftMGYADA,885.0
1380,0,laWGsLMv,lklhFYFG,871.0
1380,0,tqUAPVAa,laWGsLMv,871.0
1380,0,JYcdyiOK,tqUAPVAa,871.0
1380,0,mTvPylzX,JYcdyiOK,871.0
1380,0,qKDzyFqg,mTvPylzX,871.0
1380,0,mZseJHmU,qKDzyFqg,867.0
1380,0,rClMLArS,mZseJHmU,987.0
1380,0,MHYyLhRG,rClMLArS,987.0
1380,0,CcTUkfkl,MHYyLhRG,885.0
1380,0,tglFZOrp,CcTUkfkl,885.0
1380,0,SqxhBMol,tglFZOrp,669.0
1380,0,vIqdsoZx,SqxhBMol,669.0
1380,0,xkdRvtRu,vIqdsoZx,571.0
1380,0,SjZGieDS,xkdRvtRu,566.0
1380,0,tZiWmgTn,SjZGieDS,471.0
1380,0,gDnuvefz,tZiWmgTn,449.0
1380,0,rqBqDfoZ,gDnuvefz,449.0
1380,0,yhXmuUeN,rqBqDfoZ,363.0
1380,0,BqZQArDi,yhXmuUeN,227.0
1380,0,xbiDwIOu,BqZQArDi,227.0
1380,0,zVYhNTdK,xbiDwIOu,227.0
1380,0,EkWBPXmr,zVYhNTdK,227.0
16,0,xQSKBJml,SwLVnWPq,6398.0
16,0,eXTjiXiW,xQSKBJml,6398.0
16,0,UUCrlfWg,eXTjiXiW,6398.0
16,0,YULSfngF,UUCrlfWg,6398.0
16,0,ozuppJDT,YULSfngF,6394.0
1666,0,uskMapbi,losuIFuX,2902.0
1666,0,yXOuyCwN,uskMapbi,2902.0
1666,0,mSGryPaH,yXOuyCwN,2956.0
1666,0,PITuJYqk,mSGryPaH,2956.0
1666,0,XGJiqzLW,PITuJYqk,2956.0
1189,0,JxFLnqJu,pkhwWQVf,2321.0
1189,0,GDiQpvtB,JxFLnqJu,2321.0
1189,0,fGmFhgnx,GDiQpvtB,2294.0
1189,0,XyHfgUxW,fGmFhgnx,1296.0
1189,0,zjjLSYAp,XyHfgUxW,1296.0
1189,0,wrsPDGBQ,zjjLSYAp,1296.0
1189,0,UtwZFZsx,wrsPDGBQ,1154.0
1189,0,QsteKrle,UtwZFZsx,1154.0
1189,0,XMWgellz,QsteKrle,1154.0
1180,0,dAjqsFfg,tJbXQuOE,6426.0
1180,0,vizUtPmY,dAjqsFfg,6426.0
1180,0,QewuHWYk,vizUtPmY,6426.0
1180,0,fytASSfG,QewuHWYk,6039.0
1180,0,kFSxtGUW,fytASSfG,6039.0
1180,0,ULMVzkWs,kFSxtGUW,5461.0
1180,0,ZNjvBYak,ULMVzkWs,5461.0
1180,0,wPeqfEci,ZNjvBYak,5651.0
1180,0,MjMDaXaP,wPeqfEci,5651.0
1180,0,hSdNxZqe,MjMDaXaP,5651.0
1303,0,rckblBTM,yQQuLFAg,1053.0
1303,0,fGmFhgnx,rckblBTM,1053.0
1303,0,zjjLSYAp,fGmFhgnx,1140.0
1303,0,wrsPDGBQ,zjjLSYAp,1140.0
1303,0,QsteKrle,wrsPDGBQ,1293.0
1303,0,XMWgellz,QsteKrle,1293.0
1303,0,adsviABF,XMWgellz,1346.0
1303,0,XYiwYIqY,adsviABF,1337.0
1303,0,wvKdtztS,XYiwYIqY,1337.0
1303,0,LBOtcvsG,wvKdtztS,1307.0
1303,0,QncWjmnC,LBOtcvsG,1307.0
1303,0,ERcEoUXY,QncWjmnC,1307.0
1303,0,bWAbaUPC,ERcEoUXY,1015.0
1303,0,niqrIlpR,bWAbaUPC,840.0
1303,0,tBJBJfdu,niqrIlpR,714.0
1303,0,JSZZmOIY,tBJBJfdu,474.0
1303,0,AHLLTOdf,JSZZmOIY,474.0
1303,0,xewbkqhz,AHLLTOdf,417.0
1303,0,mklbELhb,xewbkqhz,417.0
1303,0,yhXmuUeN,mklbELhb,416.0
1303,0,BqZQArDi,yhXmuUeN,245.0
1303,0,xbiDwIOu,BqZQArDi,238.0
1303,0,zVYhNTdK,xbiDwIOu,238.0
1303,0,EkWBPXmr,zVYhNTdK,237.0
465,0,FFGyTMvJ,PkbhOCMh,168.0
465,0,eyAJPdep,FFGyTMvJ,265.0
16,0,rSdxnGDj,otuYkIZd,7265.0
16,0,MkXEUCdM,rSdxnGDj,5512.0
16,0,oiYuCTCe,MkXEUCdM,5512.0
16,0,SwLVnWPq,oiYuCTCe,5526.0
465,0,kjxfKqbD,hSRFRBsa,113.0
465,0,mSXRukCc,kjxfKqbD,138.0
465,0,PkbhOCMh,mSXRukCc,138.0
1262,0,jFRqfnFl,gmsNDepi,12401.0
1262,0,ysSWNERo,jFRqfnFl,11842.0
1262,0,lEwLedpG,ysSWNERo,11653.0
1262,0,GtMUYUwJ,lEwLedpG,11293.0
1262,0,lQIpGOTn,GtMUYUwJ,11240.0
1262,0,uhUmvvRs,lQIpGOTn,10232.0
1262,0,svgtEcQx,uhUmvvRs,10230.0
1262,0,HcPkwFHM,svgtEcQx,9169.0
1262,0,KjuJaNsu,HcPkwFHM,8853.0
1262,0,oNyGHMvy,KjuJaNsu,8256.0
1262,0,QdnKSSsO,oNyGHMvy,7977.0
1262,0,vSdfqYeK,QdnKSSsO,7597.0
1050,0,apXGdFyI,kVWIKiQU,387.0
1050,0,RmlHIOuG,apXGdFyI,360.0
1050,0,lyEmHaNr,RmlHIOuG,360.0
1050,0,wzWDodFe,lyEmHaNr,331.0
1050,0,siPRjksc,wzWDodFe,331.0
1050,0,GIlSPhwi,siPRjksc,331.0
1050,0,ZPJGdbAJ,GIlSPhwi,331.0
1050,0,xfbmoJHP,ZPJGdbAJ,331.0
1497,0,lOYrQfzi,oajqUPaH,1668.0
1497,0,iuewtDUr,lOYrQfzi,1672.0
1497,0,KdEmbmsx,iuewtDUr,1672.0
1497,0,GkYZbgqg,KdEmbmsx,1672.0
1497,0,FlYjxOxQ,GkYZbgqg,1672.0
1497,0,wFSILCzc,FlYjxOxQ,1672.0
1497,0,yQQuLFAg,wFSILCzc,1672.0
1497,0,rUKSlFeh,yQQuLFAg,1672.0
1497,0,rckblBTM,rUKSlFeh,1672.0
1497,0,gKoyUmab,rckblBTM,1672.0
1497,0,fGmFhgnx,gKoyUmab,1627.0
1497,0,XyHfgUxW,fGmFhgnx,1297.0
1497,0,zjjLSYAp,XyHfgUxW,1297.0
1497,0,wrsPDGBQ,zjjLSYAp,1296.0
1497,0,UtwZFZsx,wrsPDGBQ,775.0
1497,0,QsteKrle,UtwZFZsx,775.0
1497,0,vqGhvZJF,QsteKrle,775.0
1345,0,XiLvnZTk,leVkrEcC,290.0
1345,0,FStgRiBS,XiLvnZTk,71.0
1345,0,GkYZbgqg,FStgRiBS,71.0
1345,0,FlYjxOxQ,GkYZbgqg,71.0
1345,0,wFSILCzc,FlYjxOxQ,71.0
1345,0,yQQuLFAg,wFSILCzc,71.0
1345,0,rUKSlFeh,yQQuLFAg,33.0
1345,0,rckblBTM,rUKSlFeh,33.0
1345,0,gKoyUmab,rckblBTM,33.0
1345,0,fGmFhgnx,gKoyUmab,33.0
1345,0,XyHfgUxW,fGmFhgnx,29.0
1345,0,zjjLSYAp,XyHfgUxW,29.0
1345,0,nIakFMcq,zjjLSYAp,29.0
1345,0,yAgyFeHo,nIakFMcq,16.0
1345,0,QdWOxWia,yAgyFeHo,15.0
1345,0,gViLrCgA,QdWOxWia,15.0
1345,0,cCSIoIah,gViLrCgA,15.0
1345,0,DLdtTvFi,cCSIoIah,15.0
1318,0,CoFyQOTC,jnDfAorM,3947.0
1318,0,HMiMHaRv,CoFyQOTC,3947.0
1318,0,kLfGGOkq,HMiMHaRv,3947.0
1318,0,ygVaThfM,kLfGGOkq,3947.0
1318,0,otuYkIZd,ygVaThfM,3967.0
1318,0,rSdxnGDj,otuYkIZd,4772.0
835,0,BGChynOq,gKGqSXsa,8363.0
835,0,ffHVhHJj,BGChynOq,8045.0
835,0,itmFNPnQ,ffHVhHJj,8045.0
835,0,mEEGNlDG,itmFNPnQ,8045.0
835,0,njiqgOWt,mEEGNlDG,8028.0
1567,0,TEKQTTfp,YzXnYVPd,3537.0
1567,0,ciAbSxQX,TEKQTTfp,3321.0
1613,0,Buavuklo,OUzlATeX,52.0
1613,0,TGrxyeBm,Buavuklo,52.0
1613,0,lEkTDboF,TGrxyeBm,52.0
1613,0,ZOdTENQq,lEkTDboF,52.0
1613,0,ttqmlghz,ZOdTENQq,52.0
1613,0,dFTlYtXH,ttqmlghz,52.0
1613,0,PZLqDGdx,dFTlYtXH,52.0
1613,0,kjxfKqbD,PZLqDGdx,27.0
835,0,LpQEBEct,UxgUbJZk,7956.0
835,0,uypYDUnA,LpQEBEct,7956.0
835,0,gKGqSXsa,uypYDUnA,8136.0
1176,0,BdERaXqk,VWFAQayS,2848.0
1176,0,apXGdFyI,BdERaXqk,2848.0
1176,0,RmlHIOuG,apXGdFyI,2835.0
1176,0,gxWRCjNy,RmlHIOuG,2835.0
1176,0,lyEmHaNr,gxWRCjNy,2835.0
1176,0,wzWDodFe,lyEmHaNr,1999.0
1176,0,siPRjksc,wzWDodFe,1999.0
1176,0,SOtvIsgL,siPRjksc,1999.0
1176,0,GIlSPhwi,SOtvIsgL,2118.0
1176,0,ZPJGdbAJ,GIlSPhwi,2118.0
1176,0,IAmXeTgg,ZPJGdbAJ,2118.0
866,0,BgNaSNFf,zKrYjMnL,2652.0
866,0,IsieOPvU,BgNaSNFf,2666.0
866,0,UEPelLBG,IsieOPvU,2673.0
866,0,gpKesHQf,UEPelLBG,2673.0
866,0,lyZkKOPR,gpKesHQf,2673.0
866,0,DorRdqSK,lyZkKOPR,2673.0
866,0,cwgbfpqq,DorRdqSK,2673.0
866,0,fMrlznIn,cwgbfpqq,2673.0
866,0,uXKxCjNA,fMrlznIn,2673.0
866,0,bOiSLYGO,uXKxCjNA,2642.0
866,0,mhgPTzcZ,bOiSLYGO,2563.0
866,0,WFZVQzrl,mhgPTzcZ,2348.0
1255,0,rckblBTM,rUKSlFeh,1827.0
1303,0,bHagonKv,vacPrbQA,764.0
1303,0,XiLvnZTk,bHagonKv,764.0
1303,0,FlYjxOxQ,XiLvnZTk,767.0
1303,0,yQQuLFAg,FlYjxOxQ,843.0
16,0,CEZTRnUo,qflzswAf,6732.0
16,0,funWfCdm,CEZTRnUo,6732.0
16,0,rnFrOJMw,funWfCdm,6732.0
16,0,MklhhYCQ,rnFrOJMw,6743.0
16,0,MnTeelLR,MklhhYCQ,8538.0
16,0,XnPpfSyF,MnTeelLR,10956.0
16,0,otuYkIZd,XnPpfSyF,10956.0
750,0,CMzYUzyh,SrmEoNnE,1845.0
750,0,CJTVPZbh,CMzYUzyh,1845.0
750,0,DLAIfXxc,CJTVPZbh,1931.0
750,0,lyEmHaNr,DLAIfXxc,2241.0
750,0,wzWDodFe,lyEmHaNr,1489.0
750,0,siPRjksc,wzWDodFe,1489.0
750,0,SOtvIsgL,siPRjksc,1489.0
1030,0,agMXkLfj,PyGiRErs,7550.0
1030,0,qflzswAf,agMXkLfj,7550.0
1255,0,XiLvnZTk,Vlipnutt,1005.0
1255,0,FStgRiBS,XiLvnZTk,1019.0
1255,0,GkYZbgqg,FStgRiBS,1019.0
1255,0,FlYjxOxQ,GkYZbgqg,1019.0
1255,0,wFSILCzc,FlYjxOxQ,1019.0
1255,0,yQQuLFAg,wFSILCzc,1024.0
1255,0,rUKSlFeh,yQQuLFAg,1800.0
1567,0,MhxjGQjy,mhYSfvAq,4196.0
1567,0,EhUxMFuQ,MhxjGQjy,4196.0
1567,0,HZcfHzwe,EhUxMFuQ,4317.0
1567,0,KcDUQTDz,HZcfHzwe,4248.0
1567,0,qoWOoICL,KcDUQTDz,4248.0
1567,0,FwybjYQK,qoWOoICL,4248.0
1567,0,ZuDlysuz,FwybjYQK,4189.0
1567,0,IkwHYYuh,ZuDlysuz,4160.0
1567,0,YzXnYVPd,IkwHYYuh,3881.0
1664,0,JeEnofCX,mvZTxord,1238.0
1664,0,jnDfAorM,JeEnofCX,1326.0
1649,0,OOwDmsWF,TCeiTEZh,303.0
1649,0,RjRljmKl,OOwDmsWF,303.0
1649,0,QRWCUyXY,RjRljmKl,303.0
1649,0,bGxnPBxb,QRWCUyXY,302.0
1649,0,mvgVyONe,bGxnPBxb,302.0
1649,0,YlcUcHmr,mvgVyONe,302.0
1649,0,puuUveiG,YlcUcHmr,302.0
1649,0,CGfCHyje,puuUveiG,302.0
1649,0,qflzswAf,CGfCHyje,290.0
1125,0,SPorkGXj,XsvFZXJo,2794.0
1125,0,IJbUVGLH,SPorkGXj,2835.0
1125,0,ZqOseExI,IJbUVGLH,2835.0
1125,0,FdBCLyPI,ZqOseExI,2822.0
1125,0,XuFnwsQn,FdBCLyPI,2822.0
1125,0,CrOFTJlw,XuFnwsQn,2822.0
1125,0,PyGiRErs,CrOFTJlw,2707.0
1125,0,qflzswAf,PyGiRErs,2231.0
1075,0,suvDbtPR,ZFKsyBay,1346.0
1075,0,clVXMHJf,suvDbtPR,875.0
1075,0,UXEWVZzP,clVXMHJf,875.0
1075,0,MlYFoaez,UXEWVZzP,790.0
1075,0,XeinAhyy,MlYFoaez,789.0
1075,0,pGpZhRvq,XeinAhyy,789.0
1075,0,alaJPSTW,pGpZhRvq,789.0
1075,0,ngNzeSzC,alaJPSTW,789.0
1075,0,PHuvYJrP,ngNzeSzC,789.0
1075,0,FoxIDeQY,PHuvYJrP,789.0
1075,0,dZoxKDmD,FoxIDeQY,721.0
1075,0,ZOuLYtJj,dZoxKDmD,721.0
1303,0,SGnJOquj,ZOuLYtJj,242.0
1303,0,vacPrbQA,SGnJOquj,242.0
1075,0,UvdLYolu,TIlepZYr,1296.0
1075,0,ZFKsyBay,UvdLYolu,1296.0
1303,0,ZOuLYtJj,dZoxKDmD,207.0
1019,0,yKgFraCR,obftSQtS,2950.0
1019,0,LIDMLZkw,yKgFraCR,2962.0
1019,0,JEpPbBSc,LIDMLZkw,2962.0
1019,0,YkNJvTAu,JEpPbBSc,2979.0
1019,0,TIlepZYr,YkNJvTAu,2884.0
1019,0,BmQLYaPd,TIlepZYr,2876.0
1019,0,UvdLYolu,BmQLYaPd,2876.0
1019,0,ZFKsyBay,UvdLYolu,2876.0
1019,0,suvDbtPR,ZFKsyBay,2854.0
1019,0,clVXMHJf,suvDbtPR,834.0
1019,0,UXEWVZzP,clVXMHJf,834.0
1019,0,MlYFoaez,UXEWVZzP,830.0
1019,0,XeinAhyy,MlYFoaez,802.0
1019,0,pGpZhRvq,XeinAhyy,802.0
1019,0,alaJPSTW,pGpZhRvq,802.0
1019,0,ngNzeSzC,alaJPSTW,802.0
1019,0,PHuvYJrP,ngNzeSzC,802.0
1019,0,FoxIDeQY,PHuvYJrP,802.0
1019,0,dZoxKDmD,FoxIDeQY,802.0
1019,0,ZOuLYtJj,dZoxKDmD,802.0
1019,0,SGnJOquj,ZOuLYtJj,802.0
1019,0,vacPrbQA,SGnJOquj,797.0
1030,0,ixhHdGBo,aaeLLxLj,4203.0
1030,0,spVkBMtX,ixhHdGBo,4583.0
1030,0,uuLXjUrY,spVkBMtX,4583.0
1030,0,ekoOPpVq,uuLXjUrY,4583.0
1030,0,rljVoTvk,ekoOPpVq,4678.0
1030,0,gxidCspv,rljVoTvk,4678.0
1030,0,wRTYbalx,gxidCspv,5476.0
1030,0,DHkaGHFf,wRTYbalx,5476.0
1030,0,FdBCLyPI,DHkaGHFf,5311.0
1030,0,CrOFTJlw,FdBCLyPI,5323.0
1030,0,PyGiRErs,CrOFTJlw,4965.0
1071,0,cyLrdsLq,AlpXiRiW,1089.0
1071,0,pVHZNTmW,cyLrdsLq,1269.0
1071,0,qLlyWzVq,pVHZNTmW,1269.0
1071,0,lGJIVvqE,qLlyWzVq,1269.0
1071,0,CkiKkxJQ,lGJIVvqE,1713.0
1071,0,AdloNpXg,CkiKkxJQ,1717.0
1071,0,BmBzVYhd,AdloNpXg,1683.0
1071,0,YcVwXeam,BmBzVYhd,1873.0
1071,0,DDFCohxX,YcVwXeam,1873.0
1071,0,NfMyQHAw,DDFCohxX,1873.0
1071,0,PfZAlPvE,NfMyQHAw,1967.0
1071,0,UlmLxwtK,PfZAlPvE,1967.0
1071,0,nLuZmKFz,UlmLxwtK,1962.0
1071,0,nJRQzVZQ,nLuZmKFz,1962.0
1071,0,xunvufHj,nJRQzVZQ,1744.0
1071,0,rxrORjnb,xunvufHj,1744.0
1071,0,UVDfwOgc,rxrORjnb,1755.0
1071,0,TJDsQDoO,UVDfwOgc,1705.0
1071,0,yTictHOU,TJDsQDoO,1704.0
1071,0,illGQStO,yTictHOU,1682.0
1071,0,AUrIxxcC,illGQStO,1585.0
1071,0,zqZasXpA,AUrIxxcC,1586.0
1071,0,EYGEAZtD,zqZasXpA,1586.0
1071,0,AJLJQqsT,EYGEAZtD,1586.0
1071,0,NCSBLEus,AJLJQqsT,1637.0
1071,0,xfbmoJHP,NCSBLEus,1600.0
1071,0,WdOwNGhj,xfbmoJHP,895.0
1071,0,kKKRBhFF,WdOwNGhj,833.0
1071,0,NFInfBeu,kKKRBhFF,830.0
1071,0,VCQdmIoF,NFInfBeu,830.0
1071,0,ePrpofUw,VCQdmIoF,830.0
1071,0,KcvPUxQg,ePrpofUw,817.0
1071,0,BlnSxBAr,KcvPUxQg,817.0
1071,0,TCBUGaZf,BlnSxBAr,817.0
1071,0,pzcCDVmZ,TCBUGaZf,546.0
1071,0,AUBTKFbY,pzcCDVmZ,546.0
1071,0,fjevhefZ,AUBTKFbY,485.0
1071,0,vyQyYYqJ,fjevhefZ,485.0
1071,0,ztLkgYlA,vyQyYYqJ,485.0
1071,0,IvQQZbJW,ztLkgYlA,336.0
1071,0,yaKWBgLg,IvQQZbJW,336.0
1071,0,lkujKSJT,yaKWBgLg,336.0
1071,0,twMezfOU,lkujKSJT,319.0
1071,0,OyJKKata,twMezfOU,315.0
1071,0,FcOkCcps,OyJKKata,295.0
273,0,peBgOXli,yAqyhWkU,3461.0
273,0,KnWWIWQx,peBgOXli,3557.0
273,0,bRAzuzSs,KnWWIWQx,3557.0
273,0,OwpcAtJV,bRAzuzSs,3592.0
273,0,XVbubuGa,OwpcAtJV,3199.0
273,0,iuOUwLky,XVbubuGa,3199.0
273,0,jeadfqyj,iuOUwLky,3199.0
273,0,RkbXqAIs,MTAZIXBL,3623.0
273,0,TAifzqok,RkbXqAIs,3711.0
273,0,wWcBzuvM,TAifzqok,4157.0
273,0,GcGOdrPa,wWcBzuvM,4192.0
273,0,yAqyhWkU,GcGOdrPa,4192.0
273,0,QRSRIbba,leJfirnk,2154.0
273,0,EkCoFwMY,QRSRIbba,2191.0
273,0,jqriedgy,EkCoFwMY,2279.0
273,0,MTAZIXBL,jqriedgy,2279.0
273,0,wuyFtExA,EtvjcvTp,1182.0
273,0,MrybjzSo,wuyFtExA,1182.0
273,0,leJfirnk,MrybjzSo,1182.0
658,0,iCFxwoUV,XfoHenDx,894.0
658,0,WRCkhCoY,iCFxwoUV,894.0
658,0,gsCFEnid,WRCkhCoY,924.0
658,0,mtKVLjly,gsCFEnid,979.0
573,0,hxSTJhOz,rDSiGFpR,1026.0
573,0,TShNRujB,hxSTJhOz,1029.0
573,0,xbiDwIOu,TShNRujB,1514.0
573,0,zVYhNTdK,xbiDwIOu,1514.0
573,0,nprusgCY,zVYhNTdK,1515.0
573,0,LTDgdyOW,nprusgCY,1534.0
1593,0,ujKjPJkx,PFRWWlNS,5302.0
1593,0,VOQRbkUl,ujKjPJkx,5302.0
1593,0,ciAbSxQX,VOQRbkUl,6882.0
989,0,WdOwNGhj,xfbmoJHP,4591.0
989,0,kKKRBhFF,WdOwNGhj,4597.0
989,0,NFInfBeu,kKKRBhFF,5053.0
989,0,VCQdmIoF,NFInfBeu,5053.0
989,0,ePrpofUw,VCQdmIoF,5053.0
989,0,KcvPUxQg,ePrpofUw,6295.0
989,0,BlnSxBAr,KcvPUxQg,6373.0
989,0,TCBUGaZf,BlnSxBAr,7273.0
989,0,pzcCDVmZ,TCBUGaZf,7574.0
989,0,duRJdiSr,FcOkCcps,2956.0
989,0,uiYVYPQX,duRJdiSr,2766.0
989,0,ozAxYCwR,uiYVYPQX,919.0
595,0,zltqyTKX,kBaIvAJI,465.0
595,0,TRZUQkiC,zltqyTKX,465.0
595,0,wCUyFOIX,TRZUQkiC,465.0
595,0,RtYHfABF,wCUyFOIX,464.0
595,0,JKycCNae,RtYHfABF,461.0
595,0,cMdRoPmQ,JKycCNae,461.0
524,0,FcOkCcps,OyJKKata,6414.0
524,0,PrkhDzLx,FcOkCcps,6791.0
524,0,duRJdiSr,PrkhDzLx,6791.0
524,0,uBFbbvHN,duRJdiSr,7125.0
287,0,CrcsXCbZ,BRjWpQtg,5469.0
287,0,fcKeEgEf,CrcsXCbZ,5385.0
287,0,BpAiVnps,fcKeEgEf,5385.0
287,0,OAywdpTB,BpAiVnps,994.0
287,0,ufvngNip,OAywdpTB,994.0
287,0,ybjkPLXB,ufvngNip,994.0
287,0,IOcMwGKn,ybjkPLXB,452.0
287,0,hCxxcqWU,IOcMwGKn,445.0
287,0,gUXxyAlR,hCxxcqWU,445.0
287,0,cEOIeJTR,gUXxyAlR,120.0
287,0,bWAbaUPC,cEOIeJTR,120.0
287,0,UECnapuN,bWAbaUPC,51.0
287,0,uVsOstge,UECnapuN,51.0
287,0,tBJBJfdu,uVsOstge,51.0
287,0,xewbkqhz,tBJBJfdu,51.0
287,0,mklbELhb,xewbkqhz,51.0
287,0,yhXmuUeN,mklbELhb,46.0
287,0,xbiDwIOu,yhXmuUeN,46.0
287,0,zVYhNTdK,xbiDwIOu,46.0
706,0,UtwZFZsx,wrsPDGBQ,1470.0
706,0,QsteKrle,UtwZFZsx,1470.0
706,0,XMWgellz,QsteKrle,1472.0
706,0,LPldZjRa,XMWgellz,1566.0
706,0,adsviABF,LPldZjRa,1566.0
706,0,TqlJzItM,adsviABF,1182.0
706,0,IjwLXBRx,TqlJzItM,1139.0
706,0,nJRBvlcT,IjwLXBRx,1136.0
706,0,IkxLwyxa,nJRBvlcT,1083.0
706,0,CYSggHNR,IkxLwyxa,877.0
706,0,VhgapMoa,CYSggHNR,877.0
706,0,dKbqWpcD,VhgapMoa,877.0
706,0,zYpZYpOA,dKbqWpcD,877.0
706,0,xbeOVhLE,zYpZYpOA,595.0
706,0,IpBcScgC,xbeOVhLE,577.0
706,0,aYvzRwqU,IpBcScgC,577.0
706,0,mVhkAqwx,aYvzRwqU,577.0
706,0,GigUVtty,mVhkAqwx,568.0
706,0,bvSKVAYv,GigUVtty,502.0
706,0,eJHaFiJU,bvSKVAYv,406.0
706,0,uAAdoXdO,eJHaFiJU,406.0
706,0,Qsigtmbx,uAAdoXdO,406.0
706,0,XGiaFBsp,Qsigtmbx,406.0
706,0,duRJdiSr,XGiaFBsp,406.0
573,0,inRETCYL,LTDgdyOW,1263.0
658,0,nBYHMnkU,BldTZUAI,748.0
658,0,XfoHenDx,nBYHMnkU,748.0
523,0,hxSTJhOz,rDSiGFpR,4808.0
523,0,TShNRujB,hxSTJhOz,5006.0
523,0,JJRlkmgp,TShNRujB,6163.0
523,0,KRQMLlbw,JJRlkmgp,6174.0
523,0,MURlCahD,KRQMLlbw,6174.0
523,0,znFDupZg,MURlCahD,6174.0
573,0,DRkcXziO,ppabfQGz,88.0
573,0,fTOPrrgc,DRkcXziO,88.0
573,0,XPasGtVj,fTOPrrgc,88.0
573,0,VMviwLNE,XPasGtVj,88.0
573,0,BxuxHloR,VMviwLNE,88.0
573,0,gFAsBeQM,BxuxHloR,88.0
573,0,rDSiGFpR,gFAsBeQM,19.0
706,0,XyHfgUxW,fGmFhgnx,598.0
706,0,zjjLSYAp,XyHfgUxW,605.0
706,0,wrsPDGBQ,zjjLSYAp,605.0
706,0,iGTcFnmF,yQQuLFAg,371.0
706,0,rckblBTM,iGTcFnmF,373.0
706,0,fGmFhgnx,rckblBTM,384.0
1677,0,lOYrQfzi,oajqUPaH,2221.0
1677,0,iuewtDUr,lOYrQfzi,2227.0
1677,0,KdEmbmsx,iuewtDUr,2227.0
1677,0,GkYZbgqg,KdEmbmsx,2227.0
1677,0,FlYjxOxQ,GkYZbgqg,871.0
1677,0,wFSILCzc,FlYjxOxQ,795.0
1677,0,yQQuLFAg,wFSILCzc,795.0
1180,0,PhjcDdmq,vacPrbQA,6550.0
1180,0,bHagonKv,PhjcDdmq,6485.0
1180,0,Vlipnutt,bHagonKv,6539.0
1180,0,XiLvnZTk,Vlipnutt,6487.0
1180,0,FStgRiBS,XiLvnZTk,6343.0
1180,0,GkYZbgqg,FStgRiBS,6343.0
1180,0,FlYjxOxQ,GkYZbgqg,5833.0
1180,0,wFSILCzc,FlYjxOxQ,5833.0
1180,0,iMjvswBX,wFSILCzc,6557.0
1180,0,CpULuhdq,iMjvswBX,6605.0
1180,0,tJbXQuOE,CpULuhdq,6605.0
584,0,TsaeiIGv,EkWBPXmr,1532.0
584,0,OsBkWRQx,TsaeiIGv,3125.0
584,0,TlwaKrQx,OsBkWRQx,3125.0
584,0,udlIzhJE,TlwaKrQx,3125.0
1244,0,XVbubuGa,OwpcAtJV,2404.0
1244,0,CzqgXocH,XVbubuGa,2404.0
1244,0,nsjiKPCz,CzqgXocH,2404.0
1244,0,vfdAIPGv,nsjiKPCz,2405.0
574,0,iVtHnErr,jiaBsTdI,4.0
574,0,vfdAIPGv,iVtHnErr,4.0
1244,0,peBgOXli,yAqyhWkU,1382.0
1244,0,KnWWIWQx,peBgOXli,1496.0
1244,0,OwpcAtJV,KnWWIWQx,1496.0
711,0,VhgapMoa,CYSggHNR,2649.0
711,0,dKbqWpcD,VhgapMoa,2649.0
711,0,zYpZYpOA,dKbqWpcD,2649.0
711,0,xbeOVhLE,zYpZYpOA,3073.0
711,0,IpBcScgC,xbeOVhLE,3084.0
711,0,aYvzRwqU,IpBcScgC,3084.0
711,0,mVhkAqwx,aYvzRwqU,3084.0
711,0,GigUVtty,mVhkAqwx,3092.0
711,0,xQpNdvvD,GigUVtty,2464.0
711,0,bvSKVAYv,xQpNdvvD,2464.0
711,0,eJHaFiJU,bvSKVAYv,4484.0
711,0,uAAdoXdO,eJHaFiJU,4485.0
711,0,Qsigtmbx,uAAdoXdO,4485.0
711,0,XGiaFBsp,Qsigtmbx,4485.0
711,0,duRJdiSr,XGiaFBsp,4484.0
711,0,uiYVYPQX,duRJdiSr,4484.0
1414,0,FDCDnriY,ydoNqUsu,122.0
1414,0,DCdKJxNH,FDCDnriY,122.0
1414,0,DsuTXcIa,DCdKJxNH,122.0
1414,0,bgWfLree,DsuTXcIa,130.0
1414,0,nUYnioIh,bgWfLree,130.0
1414,0,mVhkAqwx,nUYnioIh,130.0
1414,0,GigUVtty,mVhkAqwx,130.0
1414,0,eJHaFiJU,GigUVtty,130.0
1414,0,uAAdoXdO,eJHaFiJU,130.0
1414,0,XGiaFBsp,uAAdoXdO,130.0
1414,0,uiYVYPQX,XGiaFBsp,130.0
1414,0,wihERHzN,uiYVYPQX,79.0
1414,0,jiaBsTdI,wihERHzN,79.0
1414,0,iVtHnErr,jiaBsTdI,79.0
1414,0,nsjiKPCz,iVtHnErr,79.0
1414,0,vfdAIPGv,nsjiKPCz,79.0
971,0,QeEdlYuU,dKSFzIqs,479.0
971,0,ussSBeXM,QeEdlYuU,479.0
971,0,qVzVrWDp,ussSBeXM,479.0
971,0,IuRRuHdp,qVzVrWDp,489.0
971,0,agmUQnfF,IuRRuHdp,489.0
971,0,CbblRkaH,agmUQnfF,618.0
971,0,BldTZUAI,CbblRkaH,479.0
971,0,nBYHMnkU,BldTZUAI,479.0
177,0,PUIIuxlM,BGAyznqC,641.0
177,0,bEuFbYIx,PUIIuxlM,648.0
177,0,saruwlzc,bEuFbYIx,750.0
177,0,kEQqRNXv,saruwlzc,750.0
177,0,JvDZYJph,kEQqRNXv,907.0
177,0,gdbAGAQU,JvDZYJph,1250.0
177,0,ANpclgWP,gdbAGAQU,1250.0
177,0,LWqTSxPr,ANpclgWP,1250.0
177,0,tBgOcvQf,LWqTSxPr,1250.0
173,0,gcUmxKgT,TUrDxvOa,724.0
858,0,spmlaYUs,qIuTLVvj,894.0
858,0,qqDoWQdv,spmlaYUs,894.0
858,0,eymgjBxV,qqDoWQdv,820.0
858,0,EonJeQKz,eymgjBxV,806.0
858,0,vkWqgNph,EonJeQKz,806.0
858,0,nJRQzVZQ,vkWqgNph,806.0
858,0,xunvufHj,nJRQzVZQ,798.0
858,0,rxrORjnb,xunvufHj,798.0
858,0,UVDfwOgc,rxrORjnb,798.0
858,0,TJDsQDoO,UVDfwOgc,782.0
858,0,yTictHOU,TJDsQDoO,781.0
858,0,sTaleXyI,yTictHOU,781.0
858,0,illGQStO,sTaleXyI,781.0
858,0,AUrIxxcC,illGQStO,763.0
858,0,zqZasXpA,AUrIxxcC,763.0
858,0,EYGEAZtD,zqZasXpA,763.0
858,0,AJLJQqsT,EYGEAZtD,763.0
858,0,NCSBLEus,AJLJQqsT,754.0
858,0,xfbmoJHP,NCSBLEus,754.0
1245,0,mgTKojDA,drmArhka,2452.0
1245,0,TsaeiIGv,mgTKojDA,2452.0
1245,0,OsBkWRQx,TsaeiIGv,3033.0
1245,0,udlIzhJE,OsBkWRQx,2762.0
578,0,zAVZRYih,yLSAaTAd,1029.0
578,0,hxSTJhOz,zAVZRYih,1750.0
578,0,TShNRujB,hxSTJhOz,1750.0
578,0,KqLiJxJl,TShNRujB,178.0
578,0,TsaeiIGv,KqLiJxJl,178.0
578,0,OsBkWRQx,TsaeiIGv,160.0
578,0,udlIzhJE,OsBkWRQx,160.0
16,0,KqLiJxJl,TShNRujB,4327.0
16,0,TsaeiIGv,KqLiJxJl,4562.0
16,0,OsBkWRQx,TsaeiIGv,7200.0
16,0,udlIzhJE,OsBkWRQx,7244.0
16,0,TShNRujB,yhXmuUeN,5509.0
1414,0,FGvzNZYi,DYKvrufv,70.0
1414,0,ydoNqUsu,FGvzNZYi,70.0
1665,0,HFKGyjhH,mkJuKiBe,4485.0
1665,0,wdfUFUDc,HFKGyjhH,4485.0
1665,0,MkXEUCdM,wdfUFUDc,2495.0
1665,0,oiYuCTCe,MkXEUCdM,2495.0
1189,0,LPldZjRa,XMWgellz,818.0
750,0,SrmEoNnE,jlZHvhwS,715.0
1530,0,ojqTFFWy,kVeKzKrW,346.0
584,0,DeduXMzE,udlIzhJE,3495.0
573,0,XEuSRnsw,inRETCYL,1267.0
584,0,GXHjZCTL,DeduXMzE,3468.0
584,0,yolIeCeg,GXHjZCTL,3468.0
584,0,ozAxYCwR,yolIeCeg,3480.0
584,0,qdrjbHYS,ozAxYCwR,2960.0
573,0,yolIeCeg,XEuSRnsw,1258.0
573,0,zGyJMIkT,yolIeCeg,1228.0
990,0,qdrjbHYS,ozAxYCwR,1619.0
482,0,XVbubuGa,OwpcAtJV,4992.0
482,0,iuOUwLky,XVbubuGa,4992.0
482,0,nZnozRfz,iuOUwLky,4994.0
482,0,jeadfqyj,nZnozRfz,4994.0
482,0,qdrjbHYS,jeadfqyj,4994.0
482,0,peBgOXli,yAqyhWkU,3371.0
482,0,KnWWIWQx,peBgOXli,3372.0
482,0,OwpcAtJV,KnWWIWQx,3372.0
482,0,TAifzqok,RkbXqAIs,2197.0
482,0,wWcBzuvM,TAifzqok,2228.0
482,0,GcGOdrPa,wWcBzuvM,2228.0
482,0,yAqyhWkU,GcGOdrPa,2228.0
482,0,RkbXqAIs,MTAZIXBL,2060.0
482,0,jqriedgy,EkCoFwMY,1049.0
482,0,MTAZIXBL,jqriedgy,1049.0
482,0,QRSRIbba,leJfirnk,1031.0
482,0,EkCoFwMY,QRSRIbba,1031.0
178,0,hTaJTejf,ClDeGdta,2004.0
178,0,AvILYntX,hTaJTejf,2004.0
178,0,BGAyznqC,AvILYntX,2004.0
178,0,PUIIuxlM,BGAyznqC,2004.0
178,0,bEuFbYIx,PUIIuxlM,1987.0
178,0,saruwlzc,bEuFbYIx,1969.0
178,0,kEQqRNXv,saruwlzc,1969.0
178,0,NfeOUEsA,kEQqRNXv,1969.0
178,0,gdbAGAQU,NfeOUEsA,1491.0
178,0,ANpclgWP,gdbAGAQU,1491.0
178,0,LWqTSxPr,ANpclgWP,1491.0
178,0,tBgOcvQf,LWqTSxPr,1491.0
482,0,wuyFtExA,EtvjcvTp,591.0
482,0,MrybjzSo,wuyFtExA,591.0
482,0,leJfirnk,MrybjzSo,591.0
177,0,qkTCgKXX,YoEMZEcq,530.0
177,0,XjSQdTLS,qkTCgKXX,530.0
177,0,hTaJTejf,XjSQdTLS,571.0
177,0,AvILYntX,hTaJTejf,571.0
177,0,BGAyznqC,AvILYntX,613.0
965,0,LjPncvCg,XBhuaxff,1379.0
965,0,XUEgpuYS,LjPncvCg,1379.0
965,0,lXZmsBCe,XUEgpuYS,1449.0
965,0,oftwwzSy,lXZmsBCe,1449.0
965,0,CKNrjFUU,oftwwzSy,1449.0
965,0,EtvjcvTp,CKNrjFUU,1441.0
965,0,wuyFtExA,EtvjcvTp,918.0
965,0,MrybjzSo,wuyFtExA,918.0
965,0,leJfirnk,MrybjzSo,906.0
965,0,QRSRIbba,leJfirnk,906.0
965,0,EkCoFwMY,QRSRIbba,906.0
965,0,jqriedgy,EkCoFwMY,906.0
965,0,MTAZIXBL,jqriedgy,906.0
965,0,RkbXqAIs,MTAZIXBL,622.0
965,0,TAifzqok,RkbXqAIs,601.0
965,0,wWcBzuvM,TAifzqok,601.0
965,0,GcGOdrPa,wWcBzuvM,601.0
965,0,yAqyhWkU,GcGOdrPa,601.0
965,0,peBgOXli,yAqyhWkU,375.0
965,0,KnWWIWQx,peBgOXli,375.0
965,0,OwpcAtJV,KnWWIWQx,375.0
965,0,XVbubuGa,OwpcAtJV,293.0
965,0,iuOUwLky,XVbubuGa,293.0
965,0,nZnozRfz,iuOUwLky,293.0
965,0,ozAxYCwR,nZnozRfz,293.0
486,0,PeYVqHeF,DJkAcxlA,240.0
486,0,cRLBVFvQ,PeYVqHeF,240.0
486,0,DacXSoOC,cRLBVFvQ,240.0
486,0,vTErLEZz,DacXSoOC,240.0
486,0,cZBPdCTc,vTErLEZz,240.0
486,0,PYzwbgep,cZBPdCTc,241.0
486,0,wtyUxRkq,PYzwbgep,241.0
486,0,VXthmpcS,wtyUxRkq,241.0
486,0,XUEgpuYS,VXthmpcS,287.0
486,0,lXZmsBCe,XUEgpuYS,287.0
486,0,oftwwzSy,lXZmsBCe,287.0
486,0,CKNrjFUU,oftwwzSy,287.0
486,0,EtvjcvTp,CKNrjFUU,287.0
486,0,wuyFtExA,EtvjcvTp,174.0
486,0,MrybjzSo,wuyFtExA,174.0
486,0,leJfirnk,MrybjzSo,127.0
486,0,QRSRIbba,leJfirnk,127.0
486,0,EkCoFwMY,QRSRIbba,127.0
486,0,jqriedgy,EkCoFwMY,127.0
486,0,MTAZIXBL,jqriedgy,127.0
486,0,RkbXqAIs,MTAZIXBL,93.0
486,0,TAifzqok,RkbXqAIs,92.0
486,0,wWcBzuvM,TAifzqok,92.0
486,0,GcGOdrPa,wWcBzuvM,92.0
486,0,yAqyhWkU,GcGOdrPa,92.0
486,0,peBgOXli,yAqyhWkU,85.0
486,0,KnWWIWQx,peBgOXli,85.0
486,0,bRAzuzSs,KnWWIWQx,85.0
486,0,OwpcAtJV,bRAzuzSs,85.0
486,0,XVbubuGa,OwpcAtJV,75.0
486,0,iuOUwLky,XVbubuGa,75.0
486,0,jeadfqyj,iuOUwLky,75.0
965,0,apwTQKga,lBjlyorh,650.0
965,0,XNHVHmHa,apwTQKga,650.0
965,0,vGqwislq,XNHVHmHa,650.0
965,0,AwLiWVdI,vGqwislq,653.0
965,0,XBhuaxff,AwLiWVdI,653.0
965,0,ZTCNsviV,ODNKqRCQ,256.0
965,0,GBYHqHQO,ZTCNsviV,256.0
965,0,lBjlyorh,GBYHqHQO,256.0
965,0,ODNKqRCQ,iPzquFzR,211.0
1052,0,xokKvraT,INegqJKU,123.0
1052,0,HaSZVkzu,xokKvraT,123.0
1052,0,yjaYbUGq,HaSZVkzu,123.0
1052,0,LbyQgJih,yjaYbUGq,123.0
1052,0,FPXdCAOW,LbyQgJih,123.0
1052,0,ouHKxPGS,FPXdCAOW,123.0
1052,0,TimDJQqX,ouHKxPGS,164.0
1052,0,buoLtkoi,TimDJQqX,164.0
1052,0,NEOaVWFJ,buoLtkoi,154.0
1052,0,RBwynnQe,NEOaVWFJ,154.0
1071,0,duRJdiSr,FcOkCcps,288.0
1071,0,uiYVYPQX,duRJdiSr,277.0
1047,0,duRJdiSr,FcOkCcps,40.0
1047,0,uiYVYPQX,duRJdiSr,40.0
523,0,osddylgA,znFDupZg,6172.0
523,0,uiYVYPQX,osddylgA,6172.0
523,0,rDSiGFpR,gFAsBeQM,1951.0
523,0,mYoRZvtc,RFaTWaew,1599.0
523,0,NKCxdwhs,mYoRZvtc,1879.0
523,0,eeSdZFhf,NKCxdwhs,1879.0
523,0,UaWwvNMO,eeSdZFhf,1941.0
523,0,gFAsBeQM,UaWwvNMO,1941.0
272,0,BYOnvRTX,oSOvYxXQ,2895.0
272,0,XGiaFBsp,BYOnvRTX,2895.0
272,0,tIegtsMs,XGiaFBsp,2895.0
272,0,VCRIbExe,tIegtsMs,2873.0
272,0,uiYVYPQX,VCRIbExe,2794.0
272,0,oSOvYxXQ,TJGhHrvm,2911.0
483,0,POdtxoZm,MnIYxXyj,823.0
483,0,WqMESkMM,POdtxoZm,823.0
483,0,zAVZRYih,WqMESkMM,823.0
483,0,hxSTJhOz,zAVZRYih,418.0
483,0,TShNRujB,hxSTJhOz,644.0
483,0,BqZQArDi,TShNRujB,983.0
483,0,JJRlkmgp,BqZQArDi,983.0
483,0,KRQMLlbw,JJRlkmgp,983.0
483,0,MURlCahD,KRQMLlbw,983.0
483,0,znFDupZg,MURlCahD,983.0
483,0,osddylgA,znFDupZg,983.0
483,0,uiYVYPQX,osddylgA,983.0
272,0,xkdRvtRu,tBJBJfdu,2959.0
272,0,SjZGieDS,xkdRvtRu,2997.0
272,0,tZiWmgTn,SjZGieDS,2930.0
272,0,TJGhHrvm,tZiWmgTn,2930.0
272,0,FZYojuVE,niqrIlpR,2343.0
272,0,tBJBJfdu,FZYojuVE,2343.0
600,0,vJitwYAE,nrUfCQxz,1249.0
600,0,iBiVOFur,vJitwYAE,1411.0
600,0,niqrIlpR,iBiVOFur,1411.0
600,0,FZYojuVE,niqrIlpR,1105.0
600,0,uVsOstge,FZYojuVE,1105.0
600,0,tBJBJfdu,uVsOstge,1105.0
600,0,FmTbQszJ,tBJBJfdu,874.0
600,0,xkdRvtRu,FmTbQszJ,876.0
600,0,tZiWmgTn,xkdRvtRu,685.0
600,0,TJGhHrvm,tZiWmgTn,685.0
600,0,oSOvYxXQ,TJGhHrvm,450.0
600,0,BYOnvRTX,oSOvYxXQ,192.0
600,0,XGiaFBsp,BYOnvRTX,192.0
600,0,PrkhDzLx,XGiaFBsp,192.0
600,0,hwOMxSYP,PrkhDzLx,187.0
600,0,duRJdiSr,hwOMxSYP,185.0
600,0,uiYVYPQX,duRJdiSr,185.0
272,0,qrSNpKDz,bWAbaUPC,2228.0
272,0,niqrIlpR,qrSNpKDz,2228.0
272,0,cEOIeJTR,CfleTooC,2010.0
272,0,bWAbaUPC,cEOIeJTR,2010.0
272,0,hCxxcqWU,IOcMwGKn,2845.0
272,0,pPReLBCT,hCxxcqWU,2850.0
272,0,gUXxyAlR,pPReLBCT,2898.0
272,0,CfleTooC,gUXxyAlR,2898.0
272,0,IOcMwGKn,ybjkPLXB,2717.0
272,0,OAywdpTB,BpAiVnps,1441.0
272,0,ybjkPLXB,OAywdpTB,1925.0
678,0,KTHxRvtW,GhNbXpjs,3383.0
678,0,gRVxNCAP,KTHxRvtW,3069.0
678,0,nJRBvlcT,gRVxNCAP,3073.0
678,0,IkxLwyxa,nJRBvlcT,3370.0
678,0,CYSggHNR,IkxLwyxa,2667.0
678,0,VhgapMoa,CYSggHNR,2667.0
678,0,dKbqWpcD,VhgapMoa,2667.0
678,0,zYpZYpOA,dKbqWpcD,2667.0
678,0,xbeOVhLE,zYpZYpOA,2197.0
678,0,IpBcScgC,xbeOVhLE,2174.0
678,0,aYvzRwqU,IpBcScgC,2174.0
678,0,GigUVtty,aYvzRwqU,2174.0
678,0,bvSKVAYv,GigUVtty,1835.0
706,0,uiYVYPQX,duRJdiSr,396.0
1105,0,xQSKBJml,SwLVnWPq,1362.0
1105,0,eXTjiXiW,xQSKBJml,1362.0
1105,0,UUCrlfWg,eXTjiXiW,1362.0
1105,0,YULSfngF,UUCrlfWg,1362.0
1105,0,ozuppJDT,YULSfngF,1362.0
1105,0,xGsoSfhX,ozuppJDT,1367.0
1105,0,ybjkPLXB,xGsoSfhX,1367.0
1105,0,IOcMwGKn,ybjkPLXB,1173.0
1105,0,hCxxcqWU,IOcMwGKn,1173.0
1105,0,gUXxyAlR,hCxxcqWU,1173.0
1105,0,CfleTooC,gUXxyAlR,1173.0
1105,0,cEOIeJTR,CfleTooC,317.0
1105,0,bWAbaUPC,cEOIeJTR,302.0
1105,0,qrSNpKDz,bWAbaUPC,277.0
1105,0,niqrIlpR,qrSNpKDz,277.0
1105,0,FZYojuVE,niqrIlpR,272.0
1105,0,tBJBJfdu,FZYojuVE,272.0
1105,0,xkdRvtRu,tBJBJfdu,194.0
1105,0,SjZGieDS,xkdRvtRu,194.0
1105,0,tZiWmgTn,SjZGieDS,189.0
1105,0,TJGhHrvm,tZiWmgTn,189.0
1105,0,oSOvYxXQ,TJGhHrvm,163.0
1105,0,PSZbZwJF,oSOvYxXQ,109.0
1105,0,BYOnvRTX,PSZbZwJF,109.0
1105,0,XGiaFBsp,BYOnvRTX,109.0
1105,0,duRJdiSr,XGiaFBsp,109.0
1105,0,uiYVYPQX,duRJdiSr,109.0
1666,0,kueIUJls,XGJiqzLW,2611.0
1666,0,OVaoEscJ,kueIUJls,2611.0
1666,0,xQqwXgNZ,OVaoEscJ,1254.0
1666,0,BMprcpdo,xQqwXgNZ,991.0
1105,0,rSdxnGDj,otuYkIZd,820.0
1105,0,MkXEUCdM,rSdxnGDj,820.0
1105,0,oiYuCTCe,MkXEUCdM,820.0
1105,0,SwLVnWPq,oiYuCTCe,1078.0
1105,0,CoFyQOTC,jnDfAorM,628.0
1105,0,HMiMHaRv,CoFyQOTC,628.0
1105,0,kLfGGOkq,HMiMHaRv,628.0
1105,0,ygVaThfM,kLfGGOkq,628.0
1105,0,otuYkIZd,ygVaThfM,628.0
272,0,zGyJMIkT,uiYVYPQX,4800.0
600,0,OPXtWBVk,nPkrzCty,1337.0
600,0,SvGtXrYj,OPXtWBVk,1337.0
600,0,TdfMaTlB,SvGtXrYj,1337.0
600,0,STSGJiIu,TdfMaTlB,1459.0
600,0,buAeVenh,STSGJiIu,1459.0
600,0,ARTSSefO,buAeVenh,1459.0
600,0,KMDYeUKg,ARTSSefO,1463.0
600,0,RSPZrGBg,KMDYeUKg,1497.0
600,0,xfYjeqNM,RSPZrGBg,1430.0
600,0,nrUfCQxz,xfYjeqNM,1359.0
973,0,TsaeiIGv,EkWBPXmr,1440.0
973,0,OsBkWRQx,TsaeiIGv,2289.0
973,0,udlIzhJE,OsBkWRQx,2289.0
973,0,srZucbpJ,udlIzhJE,2640.0
620,0,lwnNYJcg,uiSiNEQq,3.0
620,0,AGDZrVfo,lwnNYJcg,3.0
620,0,anmiXAus,AGDZrVfo,3.0
620,0,YJnTPbIZ,anmiXAus,3.0
620,0,xkPrOUqs,YJnTPbIZ,4.0
620,0,HAzkMqyk,xkPrOUqs,4.0
620,0,maNgUiZD,HAzkMqyk,4.0
620,0,etntpIwb,maNgUiZD,4.0
620,0,kJlOJSYi,etntpIwb,2.0
620,0,ObeVuyMA,kJlOJSYi,2.0
620,0,WqRwmxfX,ObeVuyMA,2.0
620,0,fbgWGcSP,WqRwmxfX,2.0
620,0,VctBMYxC,fbgWGcSP,2.0
620,0,xYfYRJnz,VctBMYxC,2.0
620,0,bvZtLhoP,xYfYRJnz,2.0
620,0,NoGATiBT,bvZtLhoP,2.0
620,0,JvDZYJph,NoGATiBT,2.0
620,0,gdbAGAQU,JvDZYJph,2.0
620,0,ANpclgWP,gdbAGAQU,2.0
620,0,LWqTSxPr,ANpclgWP,2.0
620,0,tBgOcvQf,LWqTSxPr,2.0
620,0,IvQQZbJW,tBgOcvQf,1.0
620,0,yaKWBgLg,IvQQZbJW,1.0
620,0,lkujKSJT,yaKWBgLg,1.0
620,0,twMezfOU,lkujKSJT,1.0
620,0,OyJKKata,twMezfOU,1.0
620,0,MqGZxRIW,OyJKKata,1.0
620,0,FcOkCcps,MqGZxRIW,1.0
620,0,uiYVYPQX,FcOkCcps,1.0
620,0,wihERHzN,uiYVYPQX,1.0
620,0,jiaBsTdI,wihERHzN,1.0
620,0,iVtHnErr,jiaBsTdI,1.0
620,0,nsjiKPCz,iVtHnErr,1.0
1245,0,NrpQUbAl,udlIzhJE,1894.0
16,0,srZucbpJ,udlIzhJE,7256.0
727,0,knCDNjnp,mLBQtksd,1462.0
727,0,nYVfIRsk,knCDNjnp,1463.0
727,0,IHZGJZTs,nYVfIRsk,1463.0
727,0,DYvQviUy,IHZGJZTs,1473.0
727,0,yHDouIXe,DYvQviUy,1262.0
1532,0,PWitnUnB,FUctipSE,2486.0
1532,0,zwmwkNcj,PWitnUnB,2486.0
1532,0,DJDPVkXF,zwmwkNcj,2486.0
1532,0,FrOiWYSP,DJDPVkXF,2321.0
1532,0,mNGfniSu,FrOiWYSP,2436.0
1532,0,qjwSVoCq,mNGfniSu,2769.0
1532,0,WvPJYXMk,qjwSVoCq,2674.0
1505,0,fmQEzQWV,IubGYoNi,21338.0
1505,0,HcPkwFHM,plWWPiMc,18164.0
1226,0,JLvNOQnl,NmRushck,10840.0
1226,0,BGChynOq,JLvNOQnl,11050.0
1226,0,ffHVhHJj,BGChynOq,10546.0
1226,0,itmFNPnQ,ffHVhHJj,10546.0
1226,0,jVOVHrFU,itmFNPnQ,10546.0
1221,0,bkPedFyi,dlIiZmBi,6210.0
1221,0,neCsPoxX,bkPedFyi,6321.0
1221,0,RMvkOcpU,neCsPoxX,6321.0
1221,0,qVxAOUMG,RMvkOcpU,6462.0
1221,0,bYKKzRQT,qVxAOUMG,6462.0
1221,0,CLqSCDPt,bYKKzRQT,6462.0
1221,0,ZzqCYjTC,CLqSCDPt,6452.0
1221,0,UtzkRwuC,ZzqCYjTC,6452.0
1221,0,cvCJiZVm,UtzkRwuC,6429.0
1221,0,MklhhYCQ,cvCJiZVm,6426.0
1303,0,dZoxKDmD,FoxIDeQY,7.0
1023,0,yyEOaSxi,gjOgguRV,2969.0
1023,0,obftSQtS,yyEOaSxi,2956.0
1023,0,yKgFraCR,obftSQtS,2945.0
1023,0,LIDMLZkw,yKgFraCR,2945.0
1023,0,JEpPbBSc,LIDMLZkw,2945.0
1023,0,YkNJvTAu,JEpPbBSc,2861.0
1023,0,TIlepZYr,YkNJvTAu,2463.0
1023,0,UvdLYolu,TIlepZYr,2174.0
1023,0,ZFKsyBay,UvdLYolu,2174.0
1023,0,suvDbtPR,ZFKsyBay,2151.0
1023,0,clVXMHJf,suvDbtPR,843.0
1023,0,UXEWVZzP,clVXMHJf,843.0
1023,0,MlYFoaez,UXEWVZzP,824.0
1023,0,XeinAhyy,MlYFoaez,798.0
1023,0,pGpZhRvq,XeinAhyy,798.0
1023,0,alaJPSTW,pGpZhRvq,798.0
1023,0,ngNzeSzC,alaJPSTW,798.0
1023,0,PHuvYJrP,ngNzeSzC,798.0
1023,0,FoxIDeQY,PHuvYJrP,798.0
1023,0,dZoxKDmD,FoxIDeQY,798.0
1023,0,ZOuLYtJj,dZoxKDmD,798.0
483,0,zGyJMIkT,uiYVYPQX,890.0
483,0,YbVmHVTt,zGyJMIkT,868.0
483,0,ZlnerNQG,YbVmHVTt,868.0
1198,0,QHFmFyLR,EkWBPXmr,519.0
1198,0,neNWquOh,QHFmFyLR,519.0
1198,0,KwaxxmSs,neNWquOh,519.0
1198,0,PSjGjQXK,KwaxxmSs,519.0
1198,0,FDPmqphv,PSjGjQXK,1195.0
1198,0,aVjdmBcp,FDPmqphv,1198.0
1198,0,nusTHAtB,aVjdmBcp,1198.0
1198,0,isVKhOXG,nusTHAtB,1198.0
1198,0,OWkTamRc,isVKhOXG,1198.0
1198,0,pHNyFRmN,OWkTamRc,1391.0
1198,0,SMriOOgF,pHNyFRmN,1839.0
1198,0,rWiIOjNx,SMriOOgF,1839.0
1198,0,bvSKVAYv,rWiIOjNx,1841.0
1198,0,JZGNdgml,bvSKVAYv,1917.0
1198,0,uHbImzAf,JZGNdgml,1917.0
1198,0,IzsieVnc,uHbImzAf,1907.0
1198,0,xNgkqoUR,IzsieVnc,1905.0
1198,0,lDiqRMWn,xNgkqoUR,1912.0
1198,0,gOJphFVT,lDiqRMWn,1912.0
990,0,awOEKaEj,qdrjbHYS,4721.0
990,0,kZdBhxvo,awOEKaEj,5385.0
990,0,ZBkAAevT,kZdBhxvo,6339.0
990,0,cMinRgYB,ZBkAAevT,6339.0
990,0,LRmPOeoe,cMinRgYB,6385.0
990,0,tBNXSyMW,LRmPOeoe,6437.0
990,0,ArHpJhVJ,tBNXSyMW,6876.0
273,0,FcOkCcps,jeadfqyj,3106.0
490,0,HTKZNJTs,FFLftRlg,3340.0
490,0,xkdRvtRu,HTKZNJTs,3195.0
490,0,SjZGieDS,xkdRvtRu,3060.0
490,0,pHNyFRmN,SjZGieDS,3013.0
750,0,PYFpJmOq,BjpwENcr,645.0
750,0,sWjnuVdS,PYFpJmOq,645.0
750,0,UsVsFgoS,sWjnuVdS,645.0
750,0,IxqYybMf,UsVsFgoS,701.0
750,0,ZZxaTLmM,IxqYybMf,701.0
750,0,lgdUBlCD,ZZxaTLmM,684.0
750,0,jlZHvhwS,lgdUBlCD,684.0
1076,0,TbetMXoD,zWZbZUaa,1425.0
1076,0,vHItlPPU,TbetMXoD,1394.0
1076,0,LggEHwJM,vHItlPPU,1382.0
1076,0,cXzNtQka,LggEHwJM,1382.0
1076,0,Hjpeultj,cXzNtQka,1382.0
750,0,oQxUwlRM,GrxyFhrL,554.0
750,0,pbsOcZdr,oQxUwlRM,554.0
750,0,eIGUaObZ,pbsOcZdr,590.0
750,0,EvlCTWAM,eIGUaObZ,590.0
750,0,BjpwENcr,EvlCTWAM,590.0
1023,0,SGnJOquj,ZOuLYtJj,795.0
1023,0,ogOCBKAf,SGnJOquj,777.0
626,0,TsaeiIGv,EkWBPXmr,1628.0
626,0,OsBkWRQx,TsaeiIGv,1891.0
626,0,udlIzhJE,OsBkWRQx,2058.0
626,0,cCEhgrAc,udlIzhJE,2125.0
626,0,cfShLPmI,cCEhgrAc,2126.0
16,0,cCEhgrAc,srZucbpJ,5617.0
16,0,cfShLPmI,cCEhgrAc,5617.0
584,0,awOEKaEj,qdrjbHYS,1611.0
584,0,gRuqifBH,awOEKaEj,1596.0
678,0,JZGNdgml,bvSKVAYv,2113.0
678,0,uHbImzAf,JZGNdgml,2113.0
523,0,qdrjbHYS,uiYVYPQX,4304.0
523,0,TPFTQSyz,qdrjbHYS,3113.0
523,0,awOEKaEj,TPFTQSyz,3194.0
523,0,gRuqifBH,awOEKaEj,3204.0
1744,0,nrUfCQxz,xfYjeqNM,5314.0
1744,0,iBiVOFur,nrUfCQxz,4796.0
1744,0,niqrIlpR,iBiVOFur,4452.0
678,0,hCxxcqWU,IOcMwGKn,4087.0
678,0,qMoZNsgo,hCxxcqWU,4091.0
678,0,udNzSSji,qMoZNsgo,4091.0
678,0,uKKyuZyC,udNzSSji,4091.0
678,0,GhNbXpjs,uKKyuZyC,4118.0
678,0,IOcMwGKn,ybjkPLXB,2517.0
1408,0,SUVVzOYC,cThdGxLv,318.0
1408,0,dAxtDTje,SUVVzOYC,1057.0
1408,0,aunBMooM,dAxtDTje,1057.0
1408,0,KGIBfEut,aunBMooM,1057.0
1408,0,kiTgZeoH,KGIBfEut,1057.0
1408,0,eLmJkuZC,kiTgZeoH,1201.0
1408,0,UgzfanVk,eLmJkuZC,1201.0
1567,0,mhYSfvAq,UgzfanVk,953.0
661,0,TsaeiIGv,EkWBPXmr,404.0
661,0,OsBkWRQx,TsaeiIGv,624.0
661,0,TlwaKrQx,OsBkWRQx,624.0
661,0,udlIzhJE,TlwaKrQx,624.0
661,0,DeduXMzE,udlIzhJE,720.0
661,0,GXHjZCTL,DeduXMzE,720.0
661,0,yolIeCeg,GXHjZCTL,720.0
661,0,zGyJMIkT,yolIeCeg,720.0
661,0,YbVmHVTt,zGyJMIkT,1079.0
661,0,ZlnerNQG,YbVmHVTt,1079.0
661,0,FVWAEAei,ZlnerNQG,1079.0
661,0,gVtshwcF,FVWAEAei,1085.0
272,0,YbVmHVTt,zGyJMIkT,4323.0
272,0,ZlnerNQG,YbVmHVTt,4323.0
272,0,FVWAEAei,ZlnerNQG,4323.0
272,0,gVtshwcF,FVWAEAei,4323.0
1245,0,HzfEGNJu,NrpQUbAl,1709.0
1245,0,FVWAEAei,HzfEGNJu,1709.0
1245,0,gVtshwcF,FVWAEAei,1699.0
264,0,ABRKsLIZ,uUBnPWGG,1822.0
264,0,RtBolNHG,ABRKsLIZ,1829.0
264,0,XGgrBziF,RtBolNHG,1927.0
264,0,FJLNitGY,XGgrBziF,1848.0
524,0,aAfSzptC,nqZDBuxM,1737.0
524,0,pZulUpHT,aAfSzptC,1737.0
524,0,tBNXSyMW,pZulUpHT,2290.0
524,0,OyJKKata,tBNXSyMW,2302.0
524,0,nqZDBuxM,FZjXRNIl,1736.0
1244,0,TAifzqok,RkbXqAIs,452.0
1244,0,wWcBzuvM,TAifzqok,452.0
1244,0,GcGOdrPa,wWcBzuvM,452.0
1244,0,yAqyhWkU,GcGOdrPa,452.0
658,0,QeEdlYuU,dKSFzIqs,346.0
658,0,ussSBeXM,QeEdlYuU,346.0
658,0,qVzVrWDp,ussSBeXM,346.0
658,0,IuRRuHdp,qVzVrWDp,349.0
658,0,agmUQnfF,IuRRuHdp,349.0
658,0,CbblRkaH,agmUQnfF,484.0
658,0,BldTZUAI,CbblRkaH,484.0
483,0,FVWAEAei,ZlnerNQG,859.0
483,0,gVtshwcF,FVWAEAei,859.0
912,0,WdOwNGhj,xfbmoJHP,272.0
47,0,kKKRBhFF,WdOwNGhj,3865.0
47,0,NFInfBeu,kKKRBhFF,3962.0
47,0,VCQdmIoF,NFInfBeu,3962.0
47,0,ePrpofUw,VCQdmIoF,3962.0
47,0,KcvPUxQg,ePrpofUw,4487.0
47,0,rbVbMNcM,KcvPUxQg,4777.0
47,0,JCIOAWOU,rbVbMNcM,5177.0
47,0,fZcVdMzo,JCIOAWOU,5451.0
47,0,QYwjKQRO,fZcVdMzo,5451.0
47,0,cNuXvIqU,QYwjKQRO,5451.0
47,0,eXTEGQHB,cNuXvIqU,5451.0
47,0,zTUODYgn,eXTEGQHB,5749.0
47,0,eTPMYwkC,zTUODYgn,5749.0
47,0,IMTItMKU,eTPMYwkC,5814.0
47,0,upMsEWKk,IMTItMKU,6377.0
47,0,KCqeuCwW,upMsEWKk,6377.0
47,0,xyBTaHvp,KCqeuCwW,6377.0
47,0,izUAPpdi,xyBTaHvp,8026.0
47,0,cNWTidvb,izUAPpdi,8026.0
47,0,yQQuLFAg,cNWTidvb,8087.0
47,0,rUKSlFeh,yQQuLFAg,7570.0
47,0,rckblBTM,rUKSlFeh,7572.0
635,0,gFAsBeQM,eeSdZFhf,488.0
635,0,lctVuVOk,gFAsBeQM,816.0
635,0,EocVuyzS,lctVuVOk,816.0
635,0,HUVJunNe,EocVuyzS,904.0
635,0,DvaIywQB,HUVJunNe,904.0
635,0,OCwYbEnq,DvaIywQB,904.0
635,0,rsJSqETv,OCwYbEnq,906.0
635,0,nrUfCQxz,rsJSqETv,906.0
635,0,CpnDMnJS,nrUfCQxz,1596.0
635,0,fSmTHZJS,CpnDMnJS,1601.0
635,0,WSTcrrBn,fSmTHZJS,1621.0
635,0,DyPueDjA,WSTcrrBn,1621.0
635,0,VJibZvbS,DyPueDjA,1570.0
635,0,uSZbdBno,VJibZvbS,1570.0
635,0,GtaXwPrK,uSZbdBno,1570.0
635,0,TcEVvOUM,GtaXwPrK,1570.0
635,0,qGnNRXVR,TcEVvOUM,1510.0
635,0,yLFlKjKg,qGnNRXVR,1466.0
635,0,isWzWnoW,yLFlKjKg,588.0
635,0,YJykDsrc,isWzWnoW,588.0
635,0,YpVxAvQG,YJykDsrc,523.0
635,0,LhgNVAOU,YpVxAvQG,523.0
635,0,SOVcCDqR,LhgNVAOU,477.0
226,0,nrUfCQxz,KMDYeUKg,301.0
226,0,CpnDMnJS,nrUfCQxz,422.0
226,0,fSmTHZJS,CpnDMnJS,422.0
226,0,QsPOuThV,fSmTHZJS,581.0
226,0,WSTcrrBn,QsPOuThV,581.0
226,0,JYrrjUtU,WSTcrrBn,588.0
226,0,DyPueDjA,JYrrjUtU,588.0
226,0,udNzSSji,DyPueDjA,588.0
226,0,VJibZvbS,udNzSSji,588.0
226,0,uSZbdBno,VJibZvbS,588.0
226,0,GtaXwPrK,uSZbdBno,588.0
226,0,PIUpvPaY,GtaXwPrK,588.0
226,0,XCZfXGna,PIUpvPaY,526.0
226,0,FYonLsVT,XCZfXGna,526.0
226,0,voXQjjKh,FYonLsVT,526.0
226,0,pKTlpooZ,voXQjjKh,470.0
226,0,OVaoEscJ,pKTlpooZ,433.0
226,0,BMprcpdo,OVaoEscJ,336.0
226,0,YpVxAvQG,BMprcpdo,285.0
226,0,RinxBkUZ,YpVxAvQG,285.0
226,0,LhgNVAOU,RinxBkUZ,284.0
226,0,SOVcCDqR,LhgNVAOU,257.0
208,0,wSspaAkq,bLzlxnwB,2233.0
208,0,NppIhzQC,wSspaAkq,2233.0
208,0,tTrMaEIS,NppIhzQC,2243.0
208,0,WeXgsZLY,tTrMaEIS,2299.0
208,0,VuPuNOXM,WeXgsZLY,2492.0
208,0,QgwCgjAi,VuPuNOXM,2492.0
208,0,vrgENeuF,QgwCgjAi,5149.0
208,0,xKmRiBBX,vrgENeuF,5149.0
208,0,kkrKJmiC,xKmRiBBX,5149.0
208,0,psXocZQH,kkrKJmiC,5134.0
208,0,yprCGtVa,psXocZQH,4848.0
208,0,pPqywgRl,yprCGtVa,4249.0
208,0,SJHseTdc,pPqywgRl,3083.0
208,0,HGjkimBc,SJHseTdc,3083.0
208,0,IubGYoNi,HGjkimBc,3083.0
208,0,fmQEzQWV,IubGYoNi,2674.0
208,0,BpAiVnps,fmQEzQWV,2339.0
1338,0,AszcEtOu,BpAiVnps,2246.0
1338,0,TCqyxHhF,AszcEtOu,2717.0
1338,0,PIUpvPaY,TCqyxHhF,2717.0
1338,0,XCZfXGna,PIUpvPaY,2838.0
1338,0,FYonLsVT,XCZfXGna,3621.0
1338,0,voXQjjKh,FYonLsVT,3621.0
1338,0,pKTlpooZ,voXQjjKh,3911.0
1338,0,OVaoEscJ,pKTlpooZ,3907.0
1338,0,BMprcpdo,OVaoEscJ,7937.0
1338,0,YpVxAvQG,BMprcpdo,10526.0
1338,0,RinxBkUZ,YpVxAvQG,10618.0
1338,0,LhgNVAOU,RinxBkUZ,10607.0
1338,0,SOVcCDqR,LhgNVAOU,10061.0
356,0,OrbXRiVv,anWZyaGW,2359.0
356,0,nEXpIbiD,OrbXRiVv,1386.0
1141,0,zfdolaES,nEXpIbiD,1031.0
1141,0,jiufRClk,zfdolaES,1036.0
1141,0,GVnbohJg,jiufRClk,1036.0
1141,0,TIKKmaif,GVnbohJg,1036.0
1141,0,nTVsVrjG,TIKKmaif,1186.0
1141,0,GTeEFWtM,nTVsVrjG,1186.0
1141,0,ZtIplJlB,GTeEFWtM,1186.0
1141,0,nmfQPmsh,ZtIplJlB,1186.0
1141,0,QdnKSSsO,nmfQPmsh,1112.0
1505,0,wDpyEsxh,vSdfqYeK,18636.0
1505,0,jIerKxIb,wDpyEsxh,18847.0
1505,0,IubGYoNi,jIerKxIb,20796.0
1505,0,BpAiVnps,fmQEzQWV,19739.0
1505,0,AszcEtOu,BpAiVnps,13457.0
1505,0,TCqyxHhF,AszcEtOu,13686.0
1505,0,PIUpvPaY,TCqyxHhF,13722.0
1505,0,XCZfXGna,PIUpvPaY,9262.0
1505,0,FYonLsVT,XCZfXGna,9429.0
1505,0,voXQjjKh,FYonLsVT,9534.0
1505,0,OVaoEscJ,voXQjjKh,8145.0
1141,0,fubLBmAl,DOGyniWl,854.0
1141,0,nEXpIbiD,fubLBmAl,992.0
367,0,qjwSVoCq,WynPMslR,8306.0
367,0,oFLgHrco,qjwSVoCq,8929.0
367,0,yrWAEsGy,oFLgHrco,8998.0
367,0,qGIkRenz,yrWAEsGy,8837.0
367,0,ytUqATXS,qGIkRenz,8825.0
367,0,TcsyXYNn,ytUqATXS,8744.0
367,0,qKeCDDXI,TcsyXYNn,8192.0
367,0,YmkUpvHU,qKeCDDXI,5990.0
1505,0,WOOyqinT,YmkUpvHU,9046.0
1505,0,mnkgCFDT,WOOyqinT,8008.0
1505,0,plWWPiMc,mnkgCFDT,17443.0
367,0,vHkAlmCm,GnOurcjN,7599.0
367,0,WynPMslR,vHkAlmCm,7615.0
1419,0,xgzyCPTg,HAmwZMhM,3760.0
1419,0,XWLETkPz,xgzyCPTg,3784.0
1419,0,HLAPntjh,XWLETkPz,3784.0
798,0,veAXvdUO,CCoJPQpR,3160.0
798,0,UgdUAhSn,veAXvdUO,3160.0
798,0,HcKLTTXk,UgdUAhSn,3160.0
798,0,IvXmMOhB,HcKLTTXk,3160.0
798,0,KIvXTDlT,IvXmMOhB,3160.0
798,0,TgzZcdmy,KIvXTDlT,3160.0
798,0,SEjojzMr,TgzZcdmy,3160.0
798,0,oBYetVBr,SEjojzMr,2915.0
798,0,GiONHkbf,oBYetVBr,2754.0
798,0,QDIpIlEK,GiONHkbf,2754.0
287,0,tkDBwPiV,uGNDunGF,4999.0
287,0,mqlWPdpA,tkDBwPiV,5087.0
287,0,lOdrwgOe,mqlWPdpA,5087.0
287,0,BRjWpQtg,lOdrwgOe,5062.0
1418,0,EzNIKkYA,BTtHvEzM,6981.0
367,0,zjGRmLyo,JGydtICe,6753.0
367,0,yfIoPTHo,zjGRmLyo,6638.0
367,0,GnOurcjN,yfIoPTHo,6636.0
528,0,mexFgKBp,NrNaZyPp,1135.0
528,0,KIvXTDlT,mexFgKBp,5888.0
528,0,TgzZcdmy,KIvXTDlT,5941.0
528,0,SEjojzMr,TgzZcdmy,6275.0
528,0,oBYetVBr,SEjojzMr,8322.0
528,0,QDIpIlEK,oBYetVBr,8690.0
798,0,bmqZcfhO,LDSuadxM,938.0
798,0,mdiSFJRM,bmqZcfhO,1193.0
798,0,ljNlRbnZ,mdiSFJRM,1484.0
798,0,VbMcfGsr,ljNlRbnZ,1684.0
798,0,MttNRhjN,VbMcfGsr,1684.0
798,0,HeidvHXY,MttNRhjN,1684.0
798,0,CCoJPQpR,HeidvHXY,1684.0
250,0,eusqYKWT,HezLsNFQ,3800.0
250,0,dCWftKsk,eusqYKWT,3513.0
46,0,ABufINme,ZijVddwt,6920.0
46,0,xQqwXgNZ,ABufINme,6890.0
46,0,BMprcpdo,xQqwXgNZ,7136.0
46,0,YpVxAvQG,BMprcpdo,6547.0
46,0,RinxBkUZ,YpVxAvQG,6547.0
46,0,LhgNVAOU,RinxBkUZ,6582.0
46,0,SOVcCDqR,LhgNVAOU,7980.0
761,0,qehlKNkR,glrALKnP,4395.0
761,0,sZNeRfOC,qehlKNkR,4499.0
761,0,HajxumVd,sZNeRfOC,4499.0
761,0,LhQSpAzy,HajxumVd,4596.0
761,0,pwpCkicC,LhQSpAzy,4596.0
761,0,pPKqPUVW,pwpCkicC,5052.0
761,0,slfxTuih,pPKqPUVW,5052.0
761,0,ejMjPdTH,slfxTuih,5145.0
46,0,ZijVddwt,ojqTFFWy,6764.0
1296,0,VkcYQwTj,BZCtSmhk,7496.0
1296,0,gmsNDepi,VkcYQwTj,7619.0
1296,0,jFRqfnFl,gmsNDepi,7854.0
1296,0,ysSWNERo,jFRqfnFl,8237.0
1296,0,lQIpGOTn,ysSWNERo,8394.0
1296,0,uhUmvvRs,lQIpGOTn,8404.0
1296,0,svgtEcQx,uhUmvvRs,8438.0
1296,0,HcPkwFHM,svgtEcQx,8224.0
1296,0,oNyGHMvy,HcPkwFHM,8224.0
1296,0,QdnKSSsO,oNyGHMvy,8172.0
1296,0,vSdfqYeK,QdnKSSsO,7833.0
1296,0,jIerKxIb,vSdfqYeK,7560.0
1296,0,IubGYoNi,jIerKxIb,7334.0
1296,0,fmQEzQWV,IubGYoNi,6875.0
1296,0,BpAiVnps,fmQEzQWV,5543.0
803,0,KbemmdTp,ZHWKFCEn,650.0
803,0,LNRgsQQF,KbemmdTp,708.0
143,0,OaJoPLeC,osIslFBH,878.0
143,0,GMrJWgHs,OaJoPLeC,876.0
803,0,ubEwIGdf,kWrGTFqC,299.0
803,0,aBKtLgYB,ubEwIGdf,299.0
803,0,qduHdsCL,aBKtLgYB,299.0
803,0,GYMzAvFw,qduHdsCL,299.0
803,0,VXAxIwYs,GYMzAvFw,299.0
803,0,ZHWKFCEn,VXAxIwYs,561.0
780,0,fdwLSfsa,cgSMZptb,4108.0
780,0,wuAzVrCW,fdwLSfsa,4576.0
780,0,mRKfPREJ,wuAzVrCW,4576.0
780,0,HeRuYpNs,mRKfPREJ,4576.0
780,0,qRJySzaf,HeRuYpNs,4216.0
780,0,LTfflVxG,qRJySzaf,4216.0
780,0,AhWKwjTz,LTfflVxG,5098.0
780,0,KgwKZlse,FZsFzszJ,3268.0
780,0,ALhaazBT,KgwKZlse,3239.0
780,0,YqlTLIQa,ALhaazBT,2954.0
780,0,AUmOMGnp,YqlTLIQa,2876.0
780,0,XFPAZveS,AUmOMGnp,2822.0
780,0,ejMjPdTH,XFPAZveS,1406.0
941,0,YqlTLIQa,ALhaazBT,1252.0
941,0,AUmOMGnp,YqlTLIQa,1248.0
941,0,XFPAZveS,AUmOMGnp,1230.0
941,0,ojqTFFWy,XFPAZveS,281.0
1374,0,pYVbvizw,GvhVJqUj,1442.0
1374,0,bdIbpKdP,pYVbvizw,1442.0
1374,0,VJibZvbS,bdIbpKdP,1442.0
1374,0,uSZbdBno,VJibZvbS,1450.0
1374,0,GtaXwPrK,uSZbdBno,1427.0
1374,0,SfxDAXEq,GtaXwPrK,1427.0
1374,0,PIUpvPaY,SfxDAXEq,1425.0
1374,0,XCZfXGna,PIUpvPaY,1531.0
1317,0,vrgENeuF,eTJQHplR,925.0
1317,0,psXocZQH,PlyJazqR,1477.0
1317,0,yprCGtVa,psXocZQH,1477.0
1317,0,pPqywgRl,yprCGtVa,2047.0
1317,0,SJHseTdc,pPqywgRl,1977.0
1317,0,HGjkimBc,SJHseTdc,1976.0
1317,0,IubGYoNi,HGjkimBc,2349.0
1317,0,fmQEzQWV,IubGYoNi,2577.0
1317,0,BpAiVnps,fmQEzQWV,2827.0
1317,0,AszcEtOu,BpAiVnps,2807.0
463,0,uaQvVFAB,taPJzyhF,6593.0
463,0,MnTeelLR,uaQvVFAB,7087.0
1666,0,CdwVKoMQ,swKAFNcH,3494.0
1666,0,VXVgVTNc,CdwVKoMQ,3494.0
1666,0,losuIFuX,VXVgVTNc,2181.0
1258,0,RYTcAdhr,yLFlKjKg,2866.0
1258,0,isWzWnoW,RYTcAdhr,2937.0
1258,0,fcSUqaEW,isWzWnoW,2937.0
1258,0,YJykDsrc,fcSUqaEW,2937.0
1258,0,YpVxAvQG,YJykDsrc,1742.0
1258,0,RinxBkUZ,YpVxAvQG,1742.0
1258,0,LhgNVAOU,RinxBkUZ,1742.0
1258,0,bPdCVhrp,LhgNVAOU,1293.0
1258,0,SOVcCDqR,bPdCVhrp,1293.0
1189,0,LoyIFaGV,hPbxQISN,1522.0
1189,0,iqbCzlPk,LoyIFaGV,1688.0
1189,0,bONecZHY,iqbCzlPk,1787.0
1189,0,JrYMJUzx,bONecZHY,1787.0
1189,0,WoSISRHq,JrYMJUzx,1389.0
1189,0,zAiczBZG,WoSISRHq,1389.0
1189,0,vkwWhgCe,zAiczBZG,1440.0
1189,0,KSSwmuEx,vkwWhgCe,1431.0
1189,0,pkhwWQVf,KSSwmuEx,1431.0
47,0,WdOwNGhj,xfbmoJHP,3131.0
648,0,KwaxxmSs,EkWBPXmr,1044.0
648,0,PSjGjQXK,KwaxxmSs,1044.0
648,0,FDPmqphv,PSjGjQXK,1906.0
648,0,ccqsUPnI,FDPmqphv,1943.0
648,0,oSOvYxXQ,ccqsUPnI,2338.0
648,0,PSZbZwJF,oSOvYxXQ,2162.0
648,0,GWqnIxTG,PSZbZwJF,2160.0
648,0,NjlFoRGi,GWqnIxTG,2238.0
648,0,bvSKVAYv,NjlFoRGi,2238.0
648,0,JZGNdgml,bvSKVAYv,1093.0
648,0,uHbImzAf,JZGNdgml,1093.0
648,0,IzsieVnc,uHbImzAf,1093.0
912,0,kKKRBhFF,WdOwNGhj,198.0
912,0,NFInfBeu,kKKRBhFF,198.0
912,0,VCQdmIoF,NFInfBeu,185.0
912,0,ePrpofUw,VCQdmIoF,185.0
912,0,KcvPUxQg,ePrpofUw,185.0
912,0,BlnSxBAr,KcvPUxQg,185.0
912,0,TCBUGaZf,BlnSxBAr,185.0
1472,0,jQaLNViL,gyQqEnFq,1935.0
1472,0,RfEbENxd,jQaLNViL,2491.0
1472,0,UFoaQvGg,RfEbENxd,3385.0
1472,0,DYvQviUy,UFoaQvGg,3385.0
1472,0,yHDouIXe,DYvQviUy,3725.0
1472,0,aFlzccOO,yHDouIXe,3849.0
1472,0,gpaAUChy,aFlzccOO,3849.0
1472,0,XAxmwtqw,gpaAUChy,4414.0
1472,0,YmDpkIHQ,XAxmwtqw,4414.0
1472,0,TUpCuZAw,YmDpkIHQ,4345.0
1472,0,HYfXIyFk,TUpCuZAw,4322.0
1472,0,yayPNqiY,HYfXIyFk,4320.0
1472,0,BsVmblhs,yayPNqiY,4320.0
1472,0,AFWGXQGm,BsVmblhs,4320.0
1472,0,ZMeqpjWv,AFWGXQGm,4320.0
1472,0,tSUFrefk,ZMeqpjWv,4292.0
1472,0,FqxCUuHX,tSUFrefk,4292.0
1472,0,LOkvvGyU,FqxCUuHX,3773.0
1472,0,DYErCrqd,LOkvvGyU,3773.0
1472,0,LbKosGpD,DYErCrqd,3773.0
1472,0,rDSiGFpR,LbKosGpD,2604.0
1472,0,hxSTJhOz,rDSiGFpR,2153.0
1472,0,TShNRujB,hxSTJhOz,2153.0
1472,0,gzZgDndk,TShNRujB,123.0
1262,0,eaNsVWDR,CKorGRkE,5085.0
1262,0,hpACGGyB,eaNsVWDR,5120.0
1262,0,VgUdLlOW,hpACGGyB,5900.0
1262,0,ywuGpANM,VgUdLlOW,5929.0
1262,0,BZCtSmhk,ywuGpANM,9290.0
1262,0,aojHvPEg,BZCtSmhk,9529.0
1262,0,qeXIqBgp,aojHvPEg,9529.0
1262,0,gmsNDepi,qeXIqBgp,11612.0
678,0,IzsieVnc,uHbImzAf,1553.0
490,0,vISVJoyz,pHNyFRmN,1908.0
490,0,RHWjHSWx,vISVJoyz,1867.0
1744,0,uVsOstge,niqrIlpR,3970.0
1744,0,HTKZNJTs,uVsOstge,4314.0
1744,0,qvujbmjR,HTKZNJTs,5251.0
1744,0,REvIjxsO,qvujbmjR,5239.0
1744,0,CylWjYTC,REvIjxsO,5745.0
1744,0,yMiwNCtj,CylWjYTC,5576.0
647,0,yYSDLmlm,ydoNqUsu,284.0
647,0,FDCDnriY,yYSDLmlm,403.0
647,0,hLEWSLqw,FDCDnriY,403.0
647,0,ydoNqUsu,OyNIynZV,169.0
214,0,OyNIynZV,NcLanIdZ,693.0
214,0,NcLanIdZ,SyrqOGJb,395.0
311,0,EYCnMsAF,vXPGJwVk,1434.0
311,0,XjEyEHqT,EYCnMsAF,1403.0
311,0,IvqxNjHK,XjEyEHqT,1403.0
311,0,SyrqOGJb,IvqxNjHK,1335.0
311,0,NcLanIdZ,SyrqOGJb,1329.0
311,0,pTpnumHG,NcLanIdZ,1001.0
272,0,LmhVzFNJ,gVtshwcF,3860.0
573,0,jBnsfrlR,zGyJMIkT,1103.0
573,0,sjphZSiX,jBnsfrlR,1103.0
573,0,NgDeDdfx,sjphZSiX,1103.0
578,0,GXHjZCTL,udlIzhJE,6.0
578,0,yolIeCeg,GXHjZCTL,6.0
264,0,twMezfOU,lkujKSJT,1727.0
264,0,EMzKPzug,twMezfOU,1727.0
264,0,KHbKaRBy,EMzKPzug,1825.0
264,0,uUBnPWGG,KHbKaRBy,1825.0
264,0,IvQQZbJW,ztLkgYlA,1436.0
264,0,yaKWBgLg,IvQQZbJW,1603.0
264,0,lkujKSJT,yaKWBgLg,1603.0
264,0,KcvPUxQg,ePrpofUw,593.0
264,0,BlnSxBAr,KcvPUxQg,593.0
264,0,TCBUGaZf,BlnSxBAr,1009.0
264,0,pzcCDVmZ,TCBUGaZf,1259.0
264,0,AUBTKFbY,pzcCDVmZ,1259.0
264,0,fjevhefZ,AUBTKFbY,1290.0
264,0,vyQyYYqJ,fjevhefZ,1290.0
264,0,ztLkgYlA,vyQyYYqJ,1290.0
264,0,NFInfBeu,kKKRBhFF,478.0
264,0,VCQdmIoF,NFInfBeu,478.0
264,0,ePrpofUw,VCQdmIoF,478.0
264,0,WdOwNGhj,xfbmoJHP,451.0
264,0,kKKRBhFF,WdOwNGhj,451.0
706,0,ozAxYCwR,uiYVYPQX,144.0
711,0,ozAxYCwR,uiYVYPQX,736.0
1567,0,jcExlqwL,RCkelXPh,7892.0
1747,0,HeRWBWAv,gbxdgQQp,4690.0
1747,0,xjaGpszF,HeRWBWAv,4690.0
1747,0,CTdLzzOf,xjaGpszF,3545.0
1747,0,IgEBJNwX,CTdLzzOf,3545.0
1747,0,Yhslgmod,IgEBJNwX,2875.0
1747,0,cTQVugNT,Yhslgmod,2738.0
1747,0,cNypyxpr,cTQVugNT,1068.0
1531,0,WRVBvtIE,aWeSqqrV,2731.0
1531,0,YspLWkZX,WRVBvtIE,3596.0
1531,0,pRBbbEoD,YspLWkZX,3549.0
1531,0,cfVAtKgo,pRBbbEoD,3388.0
1531,0,QMiQTlda,cfVAtKgo,3933.0
1531,0,MaKoROaE,QMiQTlda,3933.0
994,0,zjGRmLyo,JGydtICe,2681.0
994,0,EXTmTMKf,zjGRmLyo,2664.0
994,0,yfIoPTHo,EXTmTMKf,1776.0
994,0,GnOurcjN,yfIoPTHo,1776.0
994,0,vHkAlmCm,GnOurcjN,1361.0
994,0,YspLWkZX,vHkAlmCm,1361.0
994,0,pRBbbEoD,YspLWkZX,1017.0
994,0,cfVAtKgo,pRBbbEoD,1017.0
994,0,QMiQTlda,cfVAtKgo,1017.0
994,0,MaKoROaE,QMiQTlda,1017.0
1015,0,ZJxogzZw,wcUGKfLa,67.0
1015,0,Uacajbua,ZJxogzZw,67.0
1015,0,ZLCIvgrp,Uacajbua,67.0
1015,0,ucVTqZIB,ZLCIvgrp,67.0
1015,0,FDrhtNjK,ucVTqZIB,67.0
1015,0,YVGWiGkc,FDrhtNjK,67.0
1015,0,CqPWXNIf,YVGWiGkc,67.0
1015,0,iZfXNAue,CqPWXNIf,67.0
1015,0,OXvlrfnG,iZfXNAue,78.0
1015,0,CgMBzfIg,OXvlrfnG,83.0
1015,0,BCwVkMhO,CgMBzfIg,83.0
1015,0,MpBHVRZl,BCwVkMhO,83.0
1015,0,BWKNZpmt,MpBHVRZl,83.0
1015,0,hMBIVszx,BWKNZpmt,83.0
1015,0,JgVaSAtG,hMBIVszx,83.0
1015,0,QyfZGsFT,JgVaSAtG,83.0
1015,0,selTNsQi,QyfZGsFT,83.0
1015,0,SfBAqteg,selTNsQi,83.0
1015,0,obGcbWvT,SfBAqteg,83.0
1015,0,wssOAckJ,obGcbWvT,83.0
1015,0,zzxlwhdI,wssOAckJ,83.0
1015,0,SEcoeimf,zzxlwhdI,83.0
1015,0,fzmnvqlX,SEcoeimf,83.0
1015,0,RyhuDLev,fzmnvqlX,83.0
1015,0,KnIeolpt,RyhuDLev,83.0
1015,0,GMrJWgHs,KnIeolpt,83.0
1015,0,tTjpyeuP,GMrJWgHs,83.0
1015,0,iYbcLrkT,tTjpyeuP,83.0
1015,0,elxmPCDf,iYbcLrkT,83.0
1015,0,tcbhlVZo,elxmPCDf,83.0
1015,0,ZqBGCTqq,tcbhlVZo,83.0
1015,0,HxnLIWQq,ZqBGCTqq,77.0
1015,0,wqGWmwVd,HxnLIWQq,77.0
1015,0,ACkvbmee,wqGWmwVd,77.0
1015,0,FtWuEuzF,ACkvbmee,77.0
1015,0,RtTLxXUv,FtWuEuzF,77.0
1015,0,JGydtICe,RtTLxXUv,77.0
1015,0,xbhuXgnr,JGydtICe,77.0
1015,0,zjGRmLyo,xbhuXgnr,77.0
1015,0,EXTmTMKf,zjGRmLyo,77.0
1015,0,yfIoPTHo,EXTmTMKf,77.0
1015,0,GnOurcjN,yfIoPTHo,77.0
1015,0,vHkAlmCm,GnOurcjN,77.0
1015,0,YspLWkZX,vHkAlmCm,77.0
1015,0,pRBbbEoD,YspLWkZX,77.0
1015,0,cfVAtKgo,pRBbbEoD,77.0
1015,0,AUlesEuc,cfVAtKgo,77.0
1015,0,MaKoROaE,AUlesEuc,77.0
903,0,eCAYEbtu,moYdstNu,124.0
903,0,ZXZRiXZk,eCAYEbtu,128.0
903,0,lHJswKjJ,ZXZRiXZk,144.0
903,0,mOIvxNWl,lHJswKjJ,144.0
903,0,knEDXVsi,mOIvxNWl,144.0
903,0,fwLjTwPH,knEDXVsi,144.0
903,0,pNPkNoga,fwLjTwPH,146.0
903,0,rhOosuOh,pNPkNoga,135.0
903,0,VKJFREzF,rhOosuOh,135.0
903,0,EvOnizWo,VKJFREzF,135.0
903,0,PjaElYBL,EvOnizWo,135.0
903,0,YvwuVYMF,PjaElYBL,135.0
1506,0,tRncbstl,WFZVQzrl,8573.0
1506,0,gLCWwgiT,tRncbstl,7720.0
1506,0,jTofnsvB,gLCWwgiT,7655.0
1506,0,elmHqfIN,jTofnsvB,5281.0
1169,0,xWjNpCho,PaIXMFSn,540.0
1169,0,drCNaUUd,xWjNpCho,586.0
1169,0,GiLGTLpB,drCNaUUd,586.0
1169,0,uCrZVfKw,GiLGTLpB,586.0
1169,0,ibPVFfKv,uCrZVfKw,586.0
1169,0,MokitPrF,ibPVFfKv,586.0
1169,0,WWVpYMJI,MokitPrF,586.0
1169,0,UmISPPJO,WWVpYMJI,1021.0
1169,0,VPUbGzfh,UmISPPJO,1020.0
1169,0,MVExtcyL,VPUbGzfh,1020.0
1169,0,bciZjPUu,MVExtcyL,1020.0
1169,0,ogOCBKAf,bciZjPUu,987.0
1340,0,PhjcDdmq,ogOCBKAf,5242.0
1340,0,bHagonKv,PhjcDdmq,5259.0
1340,0,XiLvnZTk,bHagonKv,5278.0
1340,0,FStgRiBS,XiLvnZTk,5289.0
1340,0,GkYZbgqg,FStgRiBS,5289.0
1340,0,wFSILCzc,GkYZbgqg,5289.0
1340,0,yQQuLFAg,wFSILCzc,5480.0
1340,0,rckblBTM,yQQuLFAg,8774.0
1340,0,fGmFhgnx,rckblBTM,8668.0
1340,0,XyHfgUxW,fGmFhgnx,8786.0
1340,0,zjjLSYAp,XyHfgUxW,8886.0
1340,0,nIakFMcq,zjjLSYAp,8847.0
1506,0,paIawFeA,nIakFMcq,4811.0
1506,0,LYjhOoFf,paIawFeA,4870.0
1506,0,gViLrCgA,LYjhOoFf,6145.0
1506,0,cCSIoIah,gViLrCgA,7103.0
1506,0,DLdtTvFi,cCSIoIah,7008.0
1506,0,vRWSdFEN,DLdtTvFi,7099.0
1506,0,tDDddUJb,vRWSdFEN,9111.0
1506,0,RVGhYAxc,tDDddUJb,11225.0
1506,0,BpAiVnps,RVGhYAxc,11376.0
1506,0,LKVeVUNI,BpAiVnps,13167.0
1506,0,dbPZeeiE,LKVeVUNI,14734.0
1506,0,CsDsDrdU,dbPZeeiE,14239.0
1506,0,rJRvqICk,CsDsDrdU,13119.0
1506,0,AmahvgQB,rJRvqICk,13048.0
1506,0,aYSqaQmJ,AmahvgQB,12220.0
1506,0,zgCGmKZn,aYSqaQmJ,11806.0
1506,0,JKFFGKvY,zgCGmKZn,11361.0
1506,0,EVAUYvVR,JKFFGKvY,11337.0
1506,0,GYfZYaJh,EVAUYvVR,11309.0
1506,0,WFZVQzrl,GYfZYaJh,8808.0
973,0,cCEhgrAc,srZucbpJ,2631.0
973,0,cfShLPmI,cCEhgrAc,2631.0
973,0,tWKcfmbS,cfShLPmI,2632.0
973,0,rmNVGWDV,tWKcfmbS,2632.0
264,0,rivVbWxD,FJLNitGY,1838.0
1107,0,WMODaVhE,GSOqnCzV,737.0
1107,0,SzPBLAwy,WMODaVhE,737.0
1107,0,nEsTDuVQ,SzPBLAwy,763.0
1107,0,TTqWKaTM,nEsTDuVQ,763.0
1107,0,liUSqvwm,TTqWKaTM,763.0
1107,0,icUOEXSt,liUSqvwm,763.0
1107,0,ggnpPWOO,icUOEXSt,763.0
1107,0,nnnLtFmO,ggnpPWOO,763.0
1107,0,OLVfWwhL,nnnLtFmO,763.0
1107,0,wfDLjSSS,OLVfWwhL,568.0
1107,0,fslmqcXP,wfDLjSSS,570.0
1107,0,NxZLWDKg,fslmqcXP,620.0
1107,0,ysYPVGOc,NxZLWDKg,620.0
1107,0,GgxxeDsY,ysYPVGOc,620.0
1107,0,OIDfcbwB,GgxxeDsY,620.0
1107,0,PCRBVfUw,OIDfcbwB,620.0
1107,0,uTBXaSDE,PCRBVfUw,620.0
1107,0,hnvEGTpC,uTBXaSDE,620.0
1107,0,sAuLGTlR,hnvEGTpC,620.0
1107,0,ixhHdGBo,sAuLGTlR,602.0
1107,0,spVkBMtX,ixhHdGBo,602.0
1107,0,uuLXjUrY,spVkBMtX,602.0
1107,0,ekoOPpVq,uuLXjUrY,602.0
1107,0,rljVoTvk,ekoOPpVq,602.0
1107,0,gxidCspv,rljVoTvk,602.0
1107,0,wRTYbalx,gxidCspv,600.0
1107,0,ZqOseExI,wRTYbalx,600.0
1107,0,FdBCLyPI,ZqOseExI,600.0
1107,0,CrOFTJlw,FdBCLyPI,600.0
1107,0,PyGiRErs,CrOFTJlw,586.0
1107,0,qflzswAf,PyGiRErs,571.0
16,0,tWKcfmbS,cfShLPmI,5351.0
973,0,OQRQrPoA,rmNVGWDV,2621.0
970,0,inRETCYL,LTDgdyOW,69.0
970,0,XEuSRnsw,inRETCYL,72.0
970,0,nsjiKPCz,XEuSRnsw,72.0
970,0,cCEhgrAc,nsjiKPCz,92.0
970,0,ETEzvRZj,cCEhgrAc,92.0
970,0,NPGSYTMw,ETEzvRZj,92.0
970,0,tHIoZtFE,NPGSYTMw,92.0
970,0,XMbkTLpt,tHIoZtFE,92.0
970,0,SOFDNGxu,XMbkTLpt,92.0
970,0,OQRQrPoA,SOFDNGxu,92.0
272,0,CmbQeSBI,LmhVzFNJ,3805.0
272,0,RVyaKvKa,CmbQeSBI,3805.0
272,0,OQRQrPoA,RVyaKvKa,3805.0
1245,0,LmhVzFNJ,gVtshwcF,679.0
1245,0,CmbQeSBI,LmhVzFNJ,694.0
1245,0,RVyaKvKa,CmbQeSBI,694.0
1245,0,OQRQrPoA,RVyaKvKa,694.0
985,0,ERIWLSEl,lotPPedu,932.0
985,0,qsoLaWuJ,ERIWLSEl,932.0
985,0,WSBJbplj,qsoLaWuJ,933.0
985,0,THUDGZDu,WSBJbplj,933.0
985,0,XUEgpuYS,THUDGZDu,960.0
985,0,lXZmsBCe,XUEgpuYS,642.0
985,0,oftwwzSy,lXZmsBCe,642.0
985,0,CKNrjFUU,oftwwzSy,642.0
985,0,EtvjcvTp,CKNrjFUU,639.0
985,0,wuyFtExA,EtvjcvTp,274.0
985,0,MrybjzSo,wuyFtExA,274.0
985,0,leJfirnk,MrybjzSo,134.0
985,0,QRSRIbba,leJfirnk,134.0
985,0,EkCoFwMY,QRSRIbba,134.0
985,0,jqriedgy,EkCoFwMY,134.0
985,0,MTAZIXBL,jqriedgy,134.0
985,0,RkbXqAIs,MTAZIXBL,67.0
985,0,TAifzqok,RkbXqAIs,56.0
985,0,wWcBzuvM,TAifzqok,56.0
985,0,GcGOdrPa,wWcBzuvM,56.0
985,0,yAqyhWkU,GcGOdrPa,56.0
483,0,CmbQeSBI,gVtshwcF,266.0
483,0,RVyaKvKa,CmbQeSBI,266.0
483,0,OQRQrPoA,RVyaKvKa,266.0
584,0,kZdBhxvo,gRuqifBH,1054.0
584,0,ZBkAAevT,kZdBhxvo,1010.0
584,0,cMinRgYB,ZBkAAevT,1010.0
523,0,kZdBhxvo,gRuqifBH,2821.0
523,0,ZBkAAevT,kZdBhxvo,2821.0
523,0,cMinRgYB,ZBkAAevT,2821.0
1435,0,yfIoPTHo,EXTmTMKf,6555.0
1435,0,GnOurcjN,yfIoPTHo,6555.0
1435,0,vHkAlmCm,GnOurcjN,5516.0
1435,0,WynPMslR,vHkAlmCm,5466.0
1435,0,qjwSVoCq,WynPMslR,4373.0
1435,0,WvPJYXMk,qjwSVoCq,3778.0
264,0,OQRQrPoA,rivVbWxD,1428.0
750,0,kOVxiGFe,qUWcqGRU,188.0
750,0,WeqAZPal,kOVxiGFe,188.0
750,0,mfgtosUp,WeqAZPal,188.0
750,0,rDRMBgEM,mfgtosUp,188.0
750,0,GrxyFhrL,rDRMBgEM,189.0
1212,0,HaEOaLMB,dpFXbFTh,65.0
1212,0,IkeqCtDY,HaEOaLMB,61.0
1212,0,wpHpdxFs,IkeqCtDY,61.0
1212,0,QHulIYnO,wpHpdxFs,61.0
1212,0,sKtQEUzZ,QHulIYnO,61.0
1212,0,QYkjMXrW,sKtQEUzZ,61.0
1212,0,mxGSpCzE,QYkjMXrW,61.0
1212,0,WlZgmutc,mxGSpCzE,56.0
1212,0,acVCzwtl,WlZgmutc,56.0
1212,0,TIlepZYr,acVCzwtl,56.0
1212,0,BmQLYaPd,TIlepZYr,12.0
1212,0,UvdLYolu,BmQLYaPd,12.0
1212,0,ZFKsyBay,UvdLYolu,12.0
1212,0,suvDbtPR,ZFKsyBay,8.0
1212,0,clVXMHJf,suvDbtPR,7.0
1212,0,UXEWVZzP,clVXMHJf,7.0
1212,0,MlYFoaez,UXEWVZzP,7.0
1212,0,XeinAhyy,MlYFoaez,7.0
1212,0,pGpZhRvq,XeinAhyy,7.0
1212,0,alaJPSTW,pGpZhRvq,7.0
1212,0,ngNzeSzC,alaJPSTW,7.0
1212,0,PHuvYJrP,ngNzeSzC,7.0
1212,0,FoxIDeQY,PHuvYJrP,7.0
1212,0,dZoxKDmD,FoxIDeQY,7.0
1212,0,ZOuLYtJj,dZoxKDmD,7.0
1212,0,SGnJOquj,ZOuLYtJj,7.0
1212,0,ogOCBKAf,SGnJOquj,7.0
750,0,euIYYdlw,eViNbjWB,137.0
750,0,xRMPpTGi,euIYYdlw,137.0
750,0,MLYhGOjG,xRMPpTGi,137.0
750,0,lWnrzrzW,MLYhGOjG,137.0
750,0,zrFdTehz,lWnrzrzW,137.0
750,0,xHyAtnfx,zrFdTehz,137.0
750,0,qUWcqGRU,xHyAtnfx,137.0
584,0,LRmPOeoe,cMinRgYB,975.0
523,0,CPPLrzGV,cMinRgYB,2715.0
678,0,HRURJMPd,IzsieVnc,1545.0
678,0,WGGanwZU,HRURJMPd,1545.0
678,0,EMzKPzug,WGGanwZU,1278.0
524,0,OeKkfJSz,HTcmpFUD,899.0
524,0,FZjXRNIl,OeKkfJSz,899.0
490,0,FFLftRlg,vBGGqNND,2565.0
452,0,pHNyFRmN,OWkTamRc,4009.0
452,0,SMriOOgF,pHNyFRmN,4556.0
452,0,rWiIOjNx,SMriOOgF,4556.0
452,0,bvSKVAYv,rWiIOjNx,4556.0
678,0,AszcEtOu,BpAiVnps,1811.0
678,0,ybjkPLXB,AszcEtOu,2135.0
1193,0,neNWquOh,EkWBPXmr,528.0
1193,0,KwaxxmSs,neNWquOh,531.0
1193,0,PSjGjQXK,KwaxxmSs,531.0
1193,0,FDPmqphv,PSjGjQXK,848.0
1193,0,aVjdmBcp,FDPmqphv,851.0
1193,0,isVKhOXG,aVjdmBcp,851.0
1193,0,OWkTamRc,isVKhOXG,854.0
1193,0,pHNyFRmN,OWkTamRc,875.0
1193,0,SMriOOgF,pHNyFRmN,985.0
1193,0,rWiIOjNx,SMriOOgF,985.0
1193,0,bvSKVAYv,rWiIOjNx,985.0
1193,0,JZGNdgml,bvSKVAYv,1100.0
1193,0,uHbImzAf,JZGNdgml,1100.0
1193,0,IzsieVnc,uHbImzAf,1390.0
1193,0,aYIMvmGX,IzsieVnc,1390.0
1193,0,WGGanwZU,aYIMvmGX,1453.0
1193,0,ArHpJhVJ,WGGanwZU,1453.0
712,0,MlQcmexA,GRRjUQxz,4307.0
1318,0,MkXEUCdM,rSdxnGDj,4320.0
1318,0,oiYuCTCe,MkXEUCdM,4320.0
1318,0,SwLVnWPq,oiYuCTCe,4318.0
1318,0,xQSKBJml,SwLVnWPq,5747.0
1318,0,eXTjiXiW,xQSKBJml,5747.0
1318,0,UUCrlfWg,eXTjiXiW,5747.0
1318,0,YULSfngF,UUCrlfWg,5747.0
1318,0,xGsoSfhX,YULSfngF,5747.0
1318,0,RVGhYAxc,xGsoSfhX,5826.0
661,0,ymMncFZF,RVyaKvKa,1560.0
661,0,QKdRzNnX,ymMncFZF,1560.0
626,0,tWKcfmbS,cfShLPmI,2144.0
626,0,zXtHnUiq,tWKcfmbS,2144.0
16,0,hEhmxyDr,tWKcfmbS,5348.0
16,0,OxhtFIfA,hEhmxyDr,5348.0
272,0,CEyhPnMH,OQRQrPoA,3691.0
272,0,ogrZorIF,CEyhPnMH,3691.0
264,0,CEyhPnMH,OQRQrPoA,1335.0
264,0,ogrZorIF,CEyhPnMH,1335.0
973,0,CEyhPnMH,OQRQrPoA,2534.0
973,0,ogrZorIF,CEyhPnMH,2534.0
973,0,fumBmOZX,ogrZorIF,2534.0
264,0,fumBmOZX,ogrZorIF,1324.0
1169,0,YbopoHtZ,UUyOnuCZ,269.0
1169,0,LIaalPFl,YbopoHtZ,269.0
1169,0,XBBRJpEo,LIaalPFl,289.0
1169,0,yfDSCLNC,XBBRJpEo,437.0
1169,0,eUWmFhmU,yfDSCLNC,437.0
1169,0,PaIXMFSn,eUWmFhmU,437.0
1255,0,XMWgellz,vqGhvZJF,2723.0
187,0,QUMnpJQp,MwLdaJul,1715.0
187,0,FyIjwLBj,QUMnpJQp,1754.0
187,0,vXPGJwVk,FyIjwLBj,1753.0
187,0,GjiyfRqd,vXPGJwVk,1753.0
187,0,qzuHypgA,GjiyfRqd,2090.0
187,0,KCMgfriT,qzuHypgA,2078.0
187,0,hVMLOzME,KCMgfriT,2329.0
187,0,TDvESTZN,hVMLOzME,2329.0
187,0,sNuKvPuW,TDvESTZN,2311.0
187,0,AUBTKFbY,sNuKvPuW,2311.0
187,0,fjevhefZ,AUBTKFbY,1876.0
187,0,vyQyYYqJ,fjevhefZ,1876.0
187,0,ztLkgYlA,vyQyYYqJ,1851.0
187,0,IvQQZbJW,ztLkgYlA,319.0
1650,0,MlYFoaez,pWUEfFEM,1373.0
1650,0,XeinAhyy,MlYFoaez,848.0
1650,0,pGpZhRvq,XeinAhyy,848.0
1650,0,alaJPSTW,pGpZhRvq,848.0
1650,0,ngNzeSzC,alaJPSTW,848.0
1650,0,FoxIDeQY,ngNzeSzC,848.0
1650,0,dZoxKDmD,FoxIDeQY,848.0
1650,0,ZOuLYtJj,dZoxKDmD,848.0
1650,0,SGnJOquj,ZOuLYtJj,829.0
1650,0,ogOCBKAf,SGnJOquj,829.0
1075,0,SGnJOquj,ZOuLYtJj,708.0
1075,0,ogOCBKAf,SGnJOquj,688.0
661,0,CmbQeSBI,gVtshwcF,1247.0
661,0,RVyaKvKa,CmbQeSBI,1247.0
661,0,EQSFTfWT,QKdRzNnX,1592.0
661,0,pHgJPiEB,EQSFTfWT,1592.0
661,0,jLGvGvQf,pHgJPiEB,1592.0
661,0,issQYORv,jLGvGvQf,1592.0
973,0,TurKlwMz,NkWMDpBL,2354.0
973,0,OSkPauJr,TurKlwMz,2354.0
973,0,NdVNfPps,OSkPauJr,2355.0
973,0,cNHGbHfW,NdVNfPps,2392.0
523,0,vMBlttbG,CPPLrzGV,2009.0
523,0,zdEUiAFY,vMBlttbG,2009.0
990,0,tWpVdCtj,ArHpJhVJ,6262.0
990,0,EdJUuxct,tWpVdCtj,6169.0
1379,0,QHFmFyLR,EkWBPXmr,304.0
1379,0,neNWquOh,QHFmFyLR,304.0
1379,0,KwaxxmSs,neNWquOh,307.0
1379,0,PSjGjQXK,KwaxxmSs,314.0
1379,0,FDPmqphv,PSjGjQXK,770.0
1379,0,aVjdmBcp,FDPmqphv,808.0
1379,0,isVKhOXG,aVjdmBcp,808.0
1379,0,mKIQRbrs,isVKhOXG,922.0
1379,0,qvujbmjR,mKIQRbrs,1048.0
1379,0,SqxhBMol,qvujbmjR,1055.0
1379,0,MzWshIAL,SqxhBMol,1100.0
1379,0,NZGnRwVn,MzWshIAL,1155.0
1379,0,qVoRAqeW,NZGnRwVn,1306.0
1379,0,pYVbvizw,qVoRAqeW,1308.0
1379,0,IATYolYz,pYVbvizw,1308.0
574,0,ubZrQMid,vfdAIPGv,1471.0
574,0,KwaxxmSs,ubZrQMid,1471.0
712,0,qdrjbHYS,ozAxYCwR,251.0
712,0,awOEKaEj,qdrjbHYS,3523.0
712,0,fFHpEWYG,awOEKaEj,3847.0
712,0,jOxyxYyy,fFHpEWYG,4306.0
712,0,gGlRqksC,jOxyxYyy,4306.0
712,0,GRRjUQxz,gGlRqksC,4306.0
712,0,vISVJoyz,MlQcmexA,2431.0
712,0,RHWjHSWx,vISVJoyz,2431.0
712,0,VpmqCJUB,RHWjHSWx,2949.0
712,0,EvIZgaUF,VpmqCJUB,2937.0
712,0,mGgwEHaG,EvIZgaUF,3102.0
712,0,DWuGRWkF,mGgwEHaG,3102.0
712,0,ryMrZCSE,DWuGRWkF,3053.0
712,0,fRxWIrbs,ryMrZCSE,2668.0
712,0,QrdELzCu,fRxWIrbs,2668.0
712,0,YvwQRHTE,QrdELzCu,2668.0
712,0,HJTsgSzj,YvwQRHTE,2668.0
679,0,IMtkgxTU,XXPGaRGh,1268.0
679,0,MlQcmexA,IMtkgxTU,1268.0
679,0,RHWjHSWx,MlQcmexA,1094.0
679,0,EvIZgaUF,RHWjHSWx,1396.0
679,0,mGgwEHaG,EvIZgaUF,1242.0
679,0,DWuGRWkF,mGgwEHaG,1242.0
679,0,ryMrZCSE,DWuGRWkF,1291.0
679,0,fRxWIrbs,ryMrZCSE,2149.0
679,0,QrdELzCu,fRxWIrbs,2147.0
679,0,YvwQRHTE,QrdELzCu,2147.0
679,0,HJTsgSzj,YvwQRHTE,2147.0
679,0,TcTonWJL,HJTsgSzj,2974.0
679,0,VCDwRKse,TcTonWJL,3260.0
679,0,lZYsrfVZ,VCDwRKse,3260.0
273,0,fFHpEWYG,FcOkCcps,2738.0
108,0,pzcCDVmZ,TCBUGaZf,8389.0
108,0,oUmVLfUX,pzcCDVmZ,8389.0
108,0,fJdABIlw,oUmVLfUX,8389.0
108,0,mXwfazRz,fJdABIlw,8876.0
108,0,rBcVngYR,mXwfazRz,8987.0
108,0,NGAodVTg,rBcVngYR,9637.0
108,0,TvGyfQSI,NGAodVTg,9666.0
108,0,HFYkXdPG,TvGyfQSI,9640.0
108,0,KjgVoxgR,HFYkXdPG,10213.0
108,0,xTOrUJFO,KjgVoxgR,9959.0
108,0,EmkugZPX,xTOrUJFO,9721.0
458,0,rmVQyXvM,qGnNRXVR,31.0
458,0,lmdCTtOt,rmVQyXvM,31.0
458,0,ZENVichq,lmdCTtOt,31.0
458,0,ZQjUlkgz,ZENVichq,31.0
458,0,heyKMWAh,ZQjUlkgz,31.0
477,0,oeGMQkdJ,rDSiGFpR,1438.0
477,0,vkAUVqtk,oeGMQkdJ,1856.0
477,0,ifLglfbO,vkAUVqtk,1856.0
477,0,hgHcWJof,ifLglfbO,1856.0
477,0,vBGGqNND,hgHcWJof,1856.0
477,0,oFGeBzfg,vBGGqNND,1440.0
477,0,ZAvLUFLU,oFGeBzfg,1440.0
477,0,iBiVOFur,ZAvLUFLU,1440.0
477,0,AjJCgCBk,iBiVOFur,2125.0
1305,0,izYvwhlO,AjJCgCBk,1783.0
1305,0,DvUXLssj,izYvwhlO,2070.0
1305,0,womqVgRl,DvUXLssj,2070.0
457,0,suszCmcx,ojYgsDtJ,51.0
457,0,AHQzSmld,suszCmcx,51.0
457,0,lXxeIKQj,AHQzSmld,51.0
457,0,UWSJuCAz,lXxeIKQj,51.0
457,0,xfYjeqNM,UWSJuCAz,51.0
457,0,nrUfCQxz,xfYjeqNM,51.0
457,0,vJitwYAE,nrUfCQxz,30.0
457,0,iBiVOFur,vJitwYAE,30.0
457,0,SWnceHEw,iBiVOFur,30.0
457,0,AjJCgCBk,SWnceHEw,30.0
457,0,jFmPCmzM,AjJCgCBk,30.0
457,0,TrOiZJox,jFmPCmzM,30.0
457,0,fkZFUNSd,TrOiZJox,17.0
457,0,lTemnVVF,fkZFUNSd,17.0
457,0,pYVbvizw,lTemnVVF,17.0
457,0,vUKUaFbz,pYVbvizw,17.0
457,0,DRkcXziO,PbNNbEKu,20.0
457,0,fTOPrrgc,DRkcXziO,20.0
457,0,ErjukRDc,fTOPrrgc,20.0
457,0,ojYgsDtJ,ErjukRDc,20.0
684,0,aIerxCRO,lxSUNwOi,1984.0
684,0,ZHaurlhr,aIerxCRO,1984.0
684,0,KMDYeUKg,ZHaurlhr,2031.0
684,0,FrlvFFoW,KMDYeUKg,1956.0
684,0,buBFkWue,FrlvFFoW,1963.0
684,0,gaeBmadp,buBFkWue,2036.0
684,0,CpnDMnJS,gaeBmadp,2036.0
684,0,fSmTHZJS,CpnDMnJS,1990.0
684,0,WSTcrrBn,fSmTHZJS,1535.0
684,0,mayUcTNe,WSTcrrBn,1528.0
684,0,DyPueDjA,mayUcTNe,1528.0
684,0,qMoZNsgo,DyPueDjA,1525.0
684,0,udNzSSji,qMoZNsgo,1525.0
684,0,uKKyuZyC,udNzSSji,1525.0
684,0,GhNbXpjs,uKKyuZyC,1512.0
480,0,RDRtuZUD,FliRNcXy,533.0
480,0,HRxXRUxZ,RDRtuZUD,533.0
480,0,TiulEaYs,HRxXRUxZ,533.0
480,0,dwUntJQR,TiulEaYs,884.0
480,0,VQMcZIwA,dwUntJQR,884.0
480,0,RyfxjoUl,VQMcZIwA,1019.0
480,0,QIQMIQBO,RyfxjoUl,838.0
480,0,hOGVczfj,QIQMIQBO,747.0
1744,0,kXtCwJQx,hOGVczfj,4302.0
1744,0,UZvsWvxC,kXtCwJQx,4328.0
1744,0,Afgbwxue,UZvsWvxC,4316.0
1744,0,yHOAvGcL,Afgbwxue,4155.0
1744,0,AHQzSmld,yHOAvGcL,4631.0
1744,0,UWSJuCAz,AHQzSmld,4506.0
686,0,iBiVOFur,nrUfCQxz,2418.0
686,0,SWnceHEw,iBiVOFur,2211.0
686,0,AjJCgCBk,SWnceHEw,2205.0
686,0,wLUSsEhz,AjJCgCBk,2407.0
686,0,XHTcEfiO,wLUSsEhz,2388.0
686,0,izYvwhlO,XHTcEfiO,1407.0
686,0,DvUXLssj,izYvwhlO,1235.0
686,0,womqVgRl,DvUXLssj,1235.0
1744,0,XAxmwtqw,aFlzccOO,4099.0
1744,0,ThGrfpxl,XAxmwtqw,4099.0
1744,0,TUpCuZAw,ThGrfpxl,3864.0
1744,0,HYfXIyFk,TUpCuZAw,3862.0
1744,0,oQvXmJfL,HYfXIyFk,3866.0
1744,0,yayPNqiY,oQvXmJfL,4042.0
1744,0,pOvHFZPM,yayPNqiY,4042.0
1744,0,hOGVczfj,pOvHFZPM,4301.0
684,0,biJBLznK,UfJDroVz,319.0
684,0,TcsyXYNn,biJBLznK,319.0
684,0,qKeCDDXI,TcsyXYNn,319.0
684,0,YmkUpvHU,qKeCDDXI,944.0
684,0,GbYxEXTt,YmkUpvHU,1359.0
684,0,DOGyniWl,GbYxEXTt,1359.0
684,0,fubLBmAl,DOGyniWl,1460.0
684,0,nEXpIbiD,fubLBmAl,1460.0
684,0,eTJQHplR,nEXpIbiD,1463.0
684,0,vrgENeuF,eTJQHplR,1741.0
684,0,lxSUNwOi,vrgENeuF,1901.0
684,0,QontmjvH,JIllbhjr,184.0
684,0,oBtsEQRM,QontmjvH,184.0
684,0,UFoaQvGg,oBtsEQRM,216.0
684,0,uxsctOEt,UFoaQvGg,216.0
684,0,UfJDroVz,uxsctOEt,217.0
1744,0,DYvQviUy,RfEbENxd,3725.0
1744,0,aFlzccOO,DYvQviUy,3883.0
1744,0,jQaLNViL,gyQqEnFq,997.0
1744,0,RfEbENxd,jQaLNViL,2333.0
365,0,DgYBMgPg,mhsyTQmZ,3245.0
365,0,yjQwxGED,DgYBMgPg,1275.0
365,0,KPcRWbGT,yjQwxGED,1275.0
365,0,uGRyXcfW,KPcRWbGT,1275.0
365,0,HlhFjJtZ,uGRyXcfW,1275.0
365,0,ALhaazBT,HlhFjJtZ,1275.0
365,0,YqlTLIQa,ALhaazBT,1152.0
365,0,AUmOMGnp,YqlTLIQa,1152.0
365,0,SVPLEqNI,AUmOMGnp,1128.0
365,0,ejMjPdTH,SVPLEqNI,366.0
365,0,CKorGRkE,ejMjPdTH,225.0
365,0,eaNsVWDR,CKorGRkE,225.0
365,0,hpACGGyB,eaNsVWDR,225.0
365,0,VgUdLlOW,hpACGGyB,224.0
365,0,ywuGpANM,VgUdLlOW,224.0
365,0,BZCtSmhk,ywuGpANM,150.0
365,0,aojHvPEg,BZCtSmhk,150.0
365,0,qeXIqBgp,aojHvPEg,150.0
365,0,gmsNDepi,qeXIqBgp,150.0
365,0,jFRqfnFl,gmsNDepi,150.0
365,0,ysSWNERo,jFRqfnFl,147.0
1296,0,YqlTLIQa,ALhaazBT,4965.0
1296,0,AUmOMGnp,YqlTLIQa,4965.0
1296,0,ejMjPdTH,AUmOMGnp,5008.0
1296,0,eaNsVWDR,ejMjPdTH,5321.0
1296,0,ywuGpANM,eaNsVWDR,6701.0
1296,0,BZCtSmhk,ywuGpANM,7379.0
1296,0,BLvXEzeq,gzTQJVMW,4388.0
1296,0,AoRkaUmb,BLvXEzeq,4510.0
1296,0,ALhaazBT,AoRkaUmb,4510.0
1296,0,gzTQJVMW,RVEyrwjR,3864.0
736,0,XLVjRryq,NxbXiMUL,7404.0
736,0,RVEyrwjR,XLVjRryq,7631.0
1558,0,GbYxEXTt,YmkUpvHU,476.0
1558,0,ItndWSiW,GbYxEXTt,434.0
1558,0,DOGyniWl,ItndWSiW,400.0
1558,0,fubLBmAl,DOGyniWl,400.0
1558,0,nEXpIbiD,fubLBmAl,400.0
1558,0,eTJQHplR,nEXpIbiD,400.0
367,0,GbYxEXTt,YmkUpvHU,2631.0
367,0,DOGyniWl,GbYxEXTt,1398.0
367,0,fubLBmAl,DOGyniWl,1395.0
367,0,nEXpIbiD,fubLBmAl,1268.0
367,0,eTJQHplR,nEXpIbiD,1267.0
673,0,bgWfLree,DsuTXcIa,1361.0
673,0,nUYnioIh,bgWfLree,1361.0
673,0,UAkhVpHN,nUYnioIh,1361.0
673,0,EvIZgaUF,UAkhVpHN,1361.0
673,0,mGgwEHaG,EvIZgaUF,1316.0
673,0,DWuGRWkF,mGgwEHaG,1303.0
673,0,ryMrZCSE,DWuGRWkF,1198.0
673,0,fRxWIrbs,ryMrZCSE,697.0
673,0,sKbmdUEJ,fRxWIrbs,697.0
673,0,zWeVnnxO,sKbmdUEJ,697.0
673,0,kXofjcRp,zWeVnnxO,697.0
673,0,mCHzTQKa,kXofjcRp,508.0
673,0,VCDwRKse,mCHzTQKa,508.0
673,0,lZYsrfVZ,VCDwRKse,508.0
673,0,eOdwAkBF,ydoNqUsu,1341.0
673,0,FDCDnriY,eOdwAkBF,1340.0
673,0,DsuTXcIa,FDCDnriY,1525.0
673,0,enOsQere,LPBTmxgF,453.0
673,0,ydoNqUsu,enOsQere,453.0
481,0,JGbfxLUL,KQSHMGnw,1236.0
481,0,IjwLXBRx,JGbfxLUL,1236.0
481,0,YmbmpLps,IjwLXBRx,1236.0
481,0,nJRBvlcT,YmbmpLps,1314.0
481,0,IkxLwyxa,nJRBvlcT,1583.0
523,0,CorDNIJt,zdEUiAFY,1994.0
1198,0,yjunmuoE,IvQQZbJW,707.0
1198,0,ljAgYLSe,yjunmuoE,707.0
1198,0,dTWbWYya,ljAgYLSe,692.0
1198,0,CorDNIJt,dTWbWYya,692.0
584,0,vMBlttbG,LRmPOeoe,772.0
584,0,zdEUiAFY,vMBlttbG,772.0
584,0,CorDNIJt,zdEUiAFY,772.0
584,0,LciqyJfg,CorDNIJt,756.0
584,0,HTcmpFUD,LciqyJfg,756.0
523,0,LciqyJfg,CorDNIJt,1408.0
523,0,HTcmpFUD,LciqyJfg,1408.0
1198,0,LciqyJfg,CorDNIJt,690.0
1198,0,HTcmpFUD,LciqyJfg,690.0
1198,0,IvQQZbJW,lxBswvKX,673.0
178,0,TCMQvOqy,NmilzqZp,974.0
178,0,JyqrAKLu,TCMQvOqy,974.0
178,0,XxhwFmzZ,JyqrAKLu,974.0
178,0,sonNAVmZ,XxhwFmzZ,972.0
178,0,aWeAvoyP,sonNAVmZ,1049.0
178,0,exnIZrMP,aWeAvoyP,1049.0
178,0,KhRPPFUf,exnIZrMP,1022.0
178,0,zoqWMrrO,KhRPPFUf,1022.0
178,0,WSMobtPt,zoqWMrrO,1022.0
178,0,ClDeGdta,WSMobtPt,1022.0
1198,0,dBTDkDZt,gOJphFVT,1930.0
1198,0,tldUULAx,dBTDkDZt,2735.0
1198,0,lQHWhrGj,tldUULAx,2884.0
1198,0,OOOhsNkv,lQHWhrGj,2884.0
1198,0,CgcphXSb,OOOhsNkv,2884.0
1198,0,texSWQet,CgcphXSb,2884.0
1198,0,lxBswvKX,texSWQet,1556.0
187,0,AszcEtOu,BpAiVnps,1010.0
187,0,TCqyxHhF,AszcEtOu,1307.0
187,0,BHzRSlej,TCqyxHhF,1307.0
187,0,TcEVvOUM,BHzRSlej,1390.0
187,0,qGnNRXVR,TcEVvOUM,1387.0
187,0,ouPwTbuD,qGnNRXVR,1387.0
187,0,MwLdaJul,ouPwTbuD,1390.0
187,0,yjunmuoE,IvQQZbJW,313.0
187,0,ljAgYLSe,yjunmuoE,313.0
187,0,dTWbWYya,ljAgYLSe,313.0
187,0,CorDNIJt,dTWbWYya,313.0
187,0,LciqyJfg,CorDNIJt,313.0
187,0,HTcmpFUD,LciqyJfg,313.0
1662,0,XGJiqzLW,xSynUqPV,326.0
990,0,gmiMCrrb,EdJUuxct,6204.0
186,0,OeKkfJSz,HTcmpFUD,767.0
186,0,FZjXRNIl,OeKkfJSz,767.0
186,0,wHSBMatn,FZjXRNIl,767.0
186,0,pbVrXoGi,wHSBMatn,767.0
186,0,GuhaYkFL,pbVrXoGi,779.0
186,0,EdJUuxct,GuhaYkFL,779.0
186,0,gmiMCrrb,EdJUuxct,624.0
1689,0,oizEKkjz,YyUbakrH,134.0
1689,0,wqmVlyfa,oizEKkjz,130.0
1689,0,JvDZYJph,wqmVlyfa,130.0
1689,0,gdbAGAQU,JvDZYJph,113.0
1689,0,tBgOcvQf,gdbAGAQU,113.0
178,0,PYzwbgep,cZBPdCTc,572.0
178,0,wtyUxRkq,PYzwbgep,574.0
178,0,VXthmpcS,wtyUxRkq,719.0
178,0,xuEvBBdE,VXthmpcS,719.0
178,0,rAizOLWV,xuEvBBdE,719.0
178,0,JdZarNsv,rAizOLWV,719.0
178,0,NmilzqZp,JdZarNsv,719.0
295,0,KMLNQwjh,YxUFlvZH,342.0
295,0,aDaRCcaB,KMLNQwjh,342.0
295,0,dQYZBhGJ,aDaRCcaB,342.0
295,0,iFderoVa,dQYZBhGJ,342.0
295,0,GQmprOhw,iFderoVa,342.0
295,0,aWeAvoyP,GQmprOhw,344.0
295,0,exnIZrMP,aWeAvoyP,344.0
295,0,WSMobtPt,exnIZrMP,344.0
295,0,AvILYntX,WSMobtPt,374.0
295,0,BGAyznqC,AvILYntX,386.0
295,0,PUIIuxlM,BGAyznqC,386.0
295,0,bEuFbYIx,PUIIuxlM,386.0
295,0,ZCsEtuOb,bEuFbYIx,395.0
295,0,kEQqRNXv,ZCsEtuOb,481.0
295,0,NfeOUEsA,kEQqRNXv,481.0
295,0,gdbAGAQU,NfeOUEsA,641.0
295,0,ANpclgWP,gdbAGAQU,641.0
295,0,LWqTSxPr,ANpclgWP,604.0
295,0,tBgOcvQf,LWqTSxPr,604.0
178,0,PeYVqHeF,DJkAcxlA,412.0
178,0,cRLBVFvQ,PeYVqHeF,412.0
178,0,DacXSoOC,cRLBVFvQ,476.0
178,0,vTErLEZz,DacXSoOC,476.0
178,0,cZBPdCTc,vTErLEZz,530.0
295,0,KwXNMHkb,UxPxrYmy,283.0
295,0,YxUFlvZH,KwXNMHkb,283.0
178,0,hZxMsAHQ,WgelRheP,340.0
178,0,DJkAcxlA,hZxMsAHQ,340.0
595,0,kBaIvAJI,pobpsCoK,419.0
626,0,XCXPEDQh,MBttAlCW,438.0
626,0,FXyPWyvF,XCXPEDQh,438.0
626,0,yLDzmulm,FXyPWyvF,438.0
626,0,JzObVOMG,yLDzmulm,484.0
626,0,dwQybScW,JzObVOMG,484.0
626,0,WgelRheP,dwQybScW,484.0
1064,0,INegqJKU,AGDZrVfo,2524.0
1064,0,xokKvraT,INegqJKU,2501.0
1064,0,HaSZVkzu,xokKvraT,2501.0
1064,0,yjaYbUGq,HaSZVkzu,2501.0
1064,0,LbyQgJih,yjaYbUGq,2501.0
1064,0,FPXdCAOW,LbyQgJih,2501.0
1064,0,ouHKxPGS,FPXdCAOW,2501.0
1064,0,GEijdcGW,ouHKxPGS,2501.0
1064,0,MKKzwAOv,GEijdcGW,2501.0
1064,0,mhDCqtpx,MKKzwAOv,2501.0
1064,0,TJDsQDoO,mhDCqtpx,2501.0
1064,0,yTictHOU,TJDsQDoO,2492.0
1064,0,illGQStO,yTictHOU,2492.0
1064,0,AUrIxxcC,illGQStO,2492.0
1064,0,zqZasXpA,AUrIxxcC,2491.0
1064,0,EYGEAZtD,zqZasXpA,2491.0
1064,0,AJLJQqsT,EYGEAZtD,2491.0
1064,0,NCSBLEus,AJLJQqsT,2491.0
1064,0,xfbmoJHP,NCSBLEus,2290.0
1064,0,WdOwNGhj,xfbmoJHP,1363.0
1064,0,kKKRBhFF,WdOwNGhj,1207.0
1064,0,NFInfBeu,kKKRBhFF,1207.0
1064,0,VCQdmIoF,NFInfBeu,1207.0
1064,0,ePrpofUw,VCQdmIoF,1207.0
1064,0,KcvPUxQg,ePrpofUw,1207.0
1064,0,BlnSxBAr,KcvPUxQg,1207.0
1064,0,TCBUGaZf,BlnSxBAr,1207.0
1064,0,pzcCDVmZ,TCBUGaZf,1.0
1064,0,AUBTKFbY,pzcCDVmZ,1.0
1064,0,fjevhefZ,AUBTKFbY,1.0
1064,0,vyQyYYqJ,fjevhefZ,1.0
1064,0,lxBswvKX,vyQyYYqJ,1.0
295,0,hqOmlOIp,RrhmmPMm,193.0
295,0,qJgsxHch,hqOmlOIp,193.0
295,0,lxplrluY,qJgsxHch,193.0
295,0,zTJYYUap,lxplrluY,193.0
295,0,UxPxrYmy,zTJYYUap,193.0
295,0,YxYhlArE,NqSePdAx,164.0
295,0,sAswhpJr,YxYhlArE,164.0
295,0,VyHGAkTo,sAswhpJr,164.0
295,0,RrhmmPMm,VyHGAkTo,164.0
295,0,sceVWPKZ,dvaPHMux,119.0
295,0,NqSePdAx,sceVWPKZ,119.0
1702,0,KOOURKwq,ALndweLA,2971.0
1702,0,VkuawVVW,KOOURKwq,2949.0
1702,0,iooOeHkN,VkuawVVW,2980.0
1702,0,DgeiAShx,iooOeHkN,2980.0
712,0,LVcdwgEp,ubzklVlS,3143.0
712,0,xTOrUJFO,LVcdwgEp,2133.0
1567,0,YctaenCe,jcExlqwL,7243.0
1567,0,tzYrVhKO,YctaenCe,7243.0
1567,0,UgpyjFML,tzYrVhKO,7241.0
46,0,QpprBOSr,SOVcCDqR,7917.0
46,0,Plxavose,QpprBOSr,7580.0
46,0,CpULuhdq,Plxavose,7008.0
46,0,tJbXQuOE,CpULuhdq,7008.0
46,0,dAjqsFfg,tJbXQuOE,5414.0
46,0,vizUtPmY,dAjqsFfg,5414.0
46,0,fytASSfG,vizUtPmY,5326.0
46,0,kFSxtGUW,fytASSfG,5326.0
46,0,ULMVzkWs,kFSxtGUW,5216.0
46,0,ZNjvBYak,ULMVzkWs,5216.0
46,0,wPeqfEci,ZNjvBYak,5040.0
46,0,MjMDaXaP,wPeqfEci,5040.0
46,0,OGoFbxUJ,MjMDaXaP,5040.0
46,0,XNUmFqNT,OGoFbxUJ,5040.0
46,0,hSdNxZqe,XNUmFqNT,4704.0
1180,0,RFLUsFpq,apOzgzFy,5952.0
1180,0,NRaiNGwl,RFLUsFpq,5952.0
1180,0,dgLtpUgu,NRaiNGwl,5977.0
1180,0,GJEXlFdt,dgLtpUgu,6050.0
1180,0,VMzKgUSR,GJEXlFdt,6174.0
1180,0,BJDTCJYP,VMzKgUSR,6174.0
1180,0,gyedwqXM,BJDTCJYP,6174.0
1180,0,LYitljhu,gyedwqXM,6174.0
1180,0,UhAwQaaX,LYitljhu,6174.0
1180,0,LOIXCDqJ,UhAwQaaX,6174.0
1180,0,FldHcjZC,LOIXCDqJ,5983.0
1180,0,qNiTyrkl,FldHcjZC,5053.0
1180,0,waZdIIZY,qNiTyrkl,5053.0
1180,0,eiOwifcC,waZdIIZY,5053.0
1180,0,vacPrbQA,eiOwifcC,4921.0
657,0,TsaeiIGv,EkWBPXmr,4064.0
657,0,OsBkWRQx,TsaeiIGv,4133.0
657,0,udlIzhJE,OsBkWRQx,4133.0
657,0,DeduXMzE,udlIzhJE,4133.0
657,0,GXHjZCTL,DeduXMzE,4133.0
657,0,yolIeCeg,GXHjZCTL,4133.0
657,0,zGyJMIkT,yolIeCeg,4155.0
657,0,YbVmHVTt,zGyJMIkT,5531.0
657,0,ZlnerNQG,YbVmHVTt,5531.0
657,0,FVWAEAei,ZlnerNQG,5531.0
657,0,gVtshwcF,FVWAEAei,5535.0
657,0,LmhVzFNJ,gVtshwcF,5680.0
657,0,CmbQeSBI,LmhVzFNJ,5680.0
657,0,RVyaKvKa,CmbQeSBI,5680.0
657,0,ymMncFZF,RVyaKvKa,5680.0
657,0,OnjVGLlO,ymMncFZF,5680.0
657,0,QKdRzNnX,OnjVGLlO,5680.0
657,0,EQSFTfWT,QKdRzNnX,5766.0
657,0,pHgJPiEB,EQSFTfWT,5766.0
657,0,jLGvGvQf,pHgJPiEB,5766.0
657,0,issQYORv,jLGvGvQf,5766.0
657,0,mgIvIqkL,issQYORv,5861.0
657,0,MdBywaSB,mgIvIqkL,5861.0
173,0,FXuJEVFo,PspudWCJ,1386.0
173,0,qCZHeqZn,FXuJEVFo,1312.0
658,0,qkTCgKXX,YoEMZEcq,1.0
658,0,XjSQdTLS,qkTCgKXX,1.0
658,0,dKSFzIqs,XjSQdTLS,1.0
1468,0,liXJvIPl,PZviXSbJ,242.0
1468,0,mwBDLsCe,liXJvIPl,242.0
1468,0,OsteSFoc,mwBDLsCe,242.0
1468,0,rEXMwzJR,OsteSFoc,242.0
1468,0,ZsdtRkBt,rEXMwzJR,242.0
1532,0,tYiGccLM,zfmNZkKD,532.0
1532,0,FUctipSE,IvXmMOhB,1982.0
1532,0,ULIlEdjB,XHLHCkqn,473.0
1532,0,zfmNZkKD,ULIlEdjB,473.0
1750,0,GTWLqqnN,JafVjQhg,1010.0
1750,0,wefAcLKj,GTWLqqnN,1042.0
1750,0,XHLHCkqn,wefAcLKj,1039.0
1750,0,ULIlEdjB,XHLHCkqn,834.0
1750,0,zfmNZkKD,ULIlEdjB,810.0
1418,0,SapgsLPr,JPWycazw,5181.0
1418,0,OyAyNkqZ,SapgsLPr,5200.0
143,0,tTjpyeuP,GMrJWgHs,683.0
143,0,elxmPCDf,tTjpyeuP,683.0
143,0,tcbhlVZo,elxmPCDf,683.0
143,0,HxnLIWQq,tcbhlVZo,2070.0
143,0,wqGWmwVd,HxnLIWQq,2070.0
143,0,ACkvbmee,wqGWmwVd,2070.0
143,0,FtWuEuzF,ACkvbmee,2070.0
143,0,RtTLxXUv,FtWuEuzF,2058.0
143,0,JGydtICe,RtTLxXUv,2959.0
736,0,GYxWnXpv,ZgqhsueA,4188.0
736,0,mkpQpPSv,GYxWnXpv,4188.0
736,0,EIHKZlEa,mkpQpPSv,4188.0
736,0,oYdkYEMp,EIHKZlEa,4188.0
736,0,TkHOmLHQ,oYdkYEMp,4188.0
736,0,SwTowoaO,TkHOmLHQ,4188.0
736,0,YvwuVYMF,SwTowoaO,4516.0
491,0,lctVuVOk,QnkNgkDL,2961.0
491,0,wOZIcmuB,lctVuVOk,2959.0
600,0,wihERHzN,uiYVYPQX,19.0
227,0,jkmSVBKz,QkCkRebE,711.0
227,0,XwcxmOai,jkmSVBKz,711.0
711,0,qGnNRXVR,TcEVvOUM,2291.0
594,0,ZaRNMBdT,nxJXVeix,515.0
594,0,KwyfuOzT,ZaRNMBdT,515.0
594,0,grMhZquG,KwyfuOzT,444.0
1174,0,bciZjPUu,MVExtcyL,2311.0
1174,0,ogOCBKAf,bciZjPUu,2208.0
1125,0,NAwFzVQz,RuqLEiFp,1664.0
1125,0,jEliwrSM,NAwFzVQz,1749.0
1125,0,XsvFZXJo,jEliwrSM,1749.0
1125,0,kjmHgYUi,pTTspriv,938.0
1125,0,UHSPJyEW,kjmHgYUi,938.0
1125,0,dOTSUZHl,UHSPJyEW,938.0
1125,0,ITdbUezF,dOTSUZHl,938.0
1125,0,UCTWITih,ITdbUezF,938.0
1125,0,HnEviCBr,UCTWITih,941.0
1125,0,nCgrSQNi,HnEviCBr,1017.0
1125,0,KyrNRMTR,nCgrSQNi,1017.0
1125,0,IpOsGrUQ,KyrNRMTR,1272.0
1125,0,exRzHfND,IpOsGrUQ,1101.0
1125,0,bIhgcGjB,exRzHfND,1101.0
1125,0,dMpYNFzw,bIhgcGjB,1102.0
1125,0,slwzdYAd,dMpYNFzw,1102.0
1125,0,phodyDNv,slwzdYAd,1237.0
1125,0,gcvwQKzE,phodyDNv,1257.0
1125,0,RuqLEiFp,gcvwQKzE,1257.0
16,0,GfBReROC,OxhtFIfA,4550.0
16,0,CLjYTiBy,GfBReROC,4550.0
272,0,fumBmOZX,ogrZorIF,3676.0
272,0,CLjYTiBy,fumBmOZX,3676.0
1245,0,CEyhPnMH,OQRQrPoA,345.0
1245,0,ogrZorIF,CEyhPnMH,345.0
1245,0,fumBmOZX,ogrZorIF,345.0
1245,0,CLjYTiBy,fumBmOZX,345.0
264,0,CLjYTiBy,fumBmOZX,999.0
1193,0,QaQvGPmN,yRpreQRc,1166.0
1193,0,HNYicgCh,QaQvGPmN,1115.0
1193,0,RVNzMGgw,HNYicgCh,1071.0
1193,0,PqoYMtMO,RVNzMGgw,1071.0
971,0,dKSFzIqs,XjSQdTLS,18.0
1120,0,YmJRiEgw,LurStVaw,153.0
1120,0,TmUkjEUt,YmJRiEgw,139.0
1120,0,kIKddsaQ,TmUkjEUt,139.0
1120,0,NqSePdAx,kIKddsaQ,139.0
1120,0,YxYhlArE,NqSePdAx,131.0
1120,0,sAswhpJr,YxYhlArE,131.0
1120,0,VyHGAkTo,sAswhpJr,131.0
1120,0,RrhmmPMm,VyHGAkTo,131.0
1120,0,hqOmlOIp,RrhmmPMm,102.0
1120,0,qJgsxHch,hqOmlOIp,102.0
1120,0,lxplrluY,qJgsxHch,102.0
1120,0,zTJYYUap,lxplrluY,102.0
1120,0,UxPxrYmy,zTJYYUap,102.0
1120,0,ZfNDFPcl,UxPxrYmy,98.0
1120,0,KwXNMHkb,ZfNDFPcl,98.0
1120,0,YxUFlvZH,KwXNMHkb,98.0
1120,0,KMLNQwjh,YxUFlvZH,89.0
1120,0,aDaRCcaB,KMLNQwjh,89.0
1120,0,dQYZBhGJ,aDaRCcaB,89.0
1120,0,iFderoVa,dQYZBhGJ,89.0
1120,0,GQmprOhw,iFderoVa,89.0
1120,0,CbblRkaH,GQmprOhw,79.0
1120,0,BldTZUAI,CbblRkaH,79.0
1120,0,nBYHMnkU,BldTZUAI,77.0
929,0,GrIDUMrH,ymMHSssn,96.0
929,0,XxJaecnl,GrIDUMrH,96.0
929,0,QFazRNUC,XxJaecnl,96.0
929,0,HyvnzuHA,QFazRNUC,91.0
929,0,TNTzUMyF,HyvnzuHA,67.0
929,0,avRuCqLk,TNTzUMyF,67.0
929,0,wIAALBva,avRuCqLk,67.0
929,0,nxBXRnVc,wIAALBva,67.0
929,0,sXWHYDNZ,nxBXRnVc,67.0
929,0,VKAAZZOV,sXWHYDNZ,67.0
929,0,Vtdujofe,VKAAZZOV,67.0
929,0,edTVGmZc,Vtdujofe,67.0
929,0,iqwCaPZT,edTVGmZc,67.0
929,0,qqDoWQdv,iqwCaPZT,67.0
929,0,eymgjBxV,qqDoWQdv,48.0
929,0,EonJeQKz,eymgjBxV,48.0
929,0,vkWqgNph,EonJeQKz,48.0
929,0,nJRQzVZQ,vkWqgNph,48.0
929,0,xunvufHj,nJRQzVZQ,48.0
929,0,rxrORjnb,xunvufHj,19.0
929,0,UVDfwOgc,rxrORjnb,17.0
929,0,TJDsQDoO,UVDfwOgc,17.0
929,0,yTictHOU,TJDsQDoO,16.0
929,0,sTaleXyI,yTictHOU,16.0
929,0,illGQStO,sTaleXyI,16.0
929,0,AUrIxxcC,illGQStO,16.0
929,0,zqZasXpA,AUrIxxcC,16.0
929,0,EYGEAZtD,zqZasXpA,16.0
929,0,AJLJQqsT,EYGEAZtD,16.0
929,0,NCSBLEus,AJLJQqsT,16.0
929,0,xfbmoJHP,NCSBLEus,11.0
1120,0,FvRjKBvU,TJeJnSDd,89.0
1120,0,wuQzPlvL,FvRjKBvU,97.0
1120,0,NacgxEEi,wuQzPlvL,97.0
1120,0,ZbMvdFLw,NacgxEEi,97.0
1120,0,JUGtNdnF,ZbMvdFLw,97.0
1120,0,buTfkkhk,JUGtNdnF,97.0
1120,0,rwLqimtK,buTfkkhk,102.0
1120,0,LpwxWatG,rwLqimtK,113.0
1120,0,FbaONibz,LpwxWatG,113.0
1120,0,QImdosgy,FbaONibz,135.0
1120,0,KmBpjqPf,QImdosgy,144.0
1120,0,BCGYYxEK,KmBpjqPf,128.0
1120,0,Tjttdgfb,BCGYYxEK,128.0
1120,0,kOphzTYx,Tjttdgfb,128.0
1120,0,OqLLMkKT,kOphzTYx,128.0
1120,0,SbpvwGMk,OqLLMkKT,128.0
1120,0,twlXtIzd,SbpvwGMk,128.0
1120,0,dyfuQNKH,twlXtIzd,128.0
1120,0,nJqXilaA,dyfuQNKH,128.0
1120,0,tMAJjHeh,nJqXilaA,128.0
1120,0,LurStVaw,tMAJjHeh,128.0
1087,0,ddAfiRml,HHbKiMPc,380.0
1087,0,XfmqgVlB,ddAfiRml,380.0
1087,0,RldYRgxk,XfmqgVlB,380.0
1087,0,NmlfPGxe,RldYRgxk,380.0
1087,0,YlMTFYgN,NmlfPGxe,380.0
1087,0,pugbqfwh,YlMTFYgN,374.0
1087,0,INgMgzPi,pugbqfwh,395.0
1087,0,tKHOTHLP,INgMgzPi,395.0
657,0,UscCtYui,MdBywaSB,629.0
1703,0,zAAHYQhY,uSOMnpdQ,87.0
1703,0,jUhOGaww,zAAHYQhY,79.0
1703,0,CZhqrbpp,jUhOGaww,79.0
1703,0,BYVXItej,CZhqrbpp,79.0
1703,0,eEFiMPzB,BYVXItej,79.0
1703,0,rQuvSvCO,eEFiMPzB,79.0
1703,0,MpPYcjVn,rQuvSvCO,79.0
1703,0,DewKhksr,MpPYcjVn,79.0
1703,0,vqGhvZJF,DewKhksr,79.0
1703,0,XMWgellz,vqGhvZJF,79.0
626,0,GfBReROC,zXtHnUiq,2056.0
626,0,AjXddPle,GfBReROC,2056.0
272,0,NuwmOhpA,CLjYTiBy,3557.0
973,0,CLjYTiBy,fumBmOZX,2495.0
973,0,NuwmOhpA,CLjYTiBy,2562.0
970,0,CEyhPnMH,OQRQrPoA,51.0
970,0,ogrZorIF,CEyhPnMH,51.0
970,0,fumBmOZX,ogrZorIF,51.0
970,0,CLjYTiBy,fumBmOZX,51.0
970,0,NuwmOhpA,CLjYTiBy,51.0
16,0,NuwmOhpA,CLjYTiBy,3720.0
264,0,NuwmOhpA,CLjYTiBy,966.0
14,0,EtvjcvTp,CKNrjFUU,6.0
483,0,CEyhPnMH,OQRQrPoA,80.0
483,0,ogrZorIF,CEyhPnMH,80.0
483,0,fumBmOZX,ogrZorIF,80.0
483,0,CLjYTiBy,fumBmOZX,80.0
483,0,NuwmOhpA,CLjYTiBy,80.0
778,0,kPfQKpcS,wULIWnbW,626.0
778,0,VyooPFNZ,kPfQKpcS,626.0
778,0,JyEnLYHy,VyooPFNZ,626.0
778,0,wcUGKfLa,JyEnLYHy,626.0
778,0,ZJxogzZw,wcUGKfLa,1801.0
778,0,Uacajbua,ZJxogzZw,1801.0
778,0,ZLCIvgrp,Uacajbua,1801.0
778,0,ucVTqZIB,ZLCIvgrp,1770.0
778,0,FDrhtNjK,ucVTqZIB,1770.0
778,0,YVGWiGkc,FDrhtNjK,1770.0
778,0,CqPWXNIf,YVGWiGkc,1770.0
778,0,iZfXNAue,CqPWXNIf,1762.0
778,0,mBrhAdeU,ZKmlngva,588.0
778,0,YBkSbJNR,mBrhAdeU,621.0
778,0,xsVxMJpx,YBkSbJNR,621.0
778,0,wULIWnbW,xsVxMJpx,621.0
973,0,EXHVDpee,NuwmOhpA,2244.0
973,0,NkWMDpBL,EXHVDpee,2275.0
16,0,EXHVDpee,NuwmOhpA,3266.0
16,0,NkWMDpBL,EXHVDpee,3145.0
272,0,EXHVDpee,NuwmOhpA,2259.0
272,0,NkWMDpBL,EXHVDpee,2258.0
264,0,EXHVDpee,NuwmOhpA,666.0
264,0,NkWMDpBL,EXHVDpee,666.0
657,0,cNHGbHfW,UscCtYui,503.0
1193,0,OoNwiPDT,gmiMCrrb,2239.0
1193,0,ftvNhZKM,OoNwiPDT,2239.0
1193,0,KLTxOJqh,ftvNhZKM,2275.0
1193,0,IURTQlCB,KLTxOJqh,2275.0
1193,0,tWpVdCtj,ArHpJhVJ,1392.0
1193,0,EdJUuxct,tWpVdCtj,1485.0
1193,0,gmiMCrrb,EdJUuxct,1641.0
174,0,AszcEtOu,BpAiVnps,175.0
174,0,TCqyxHhF,AszcEtOu,240.0
174,0,TcEVvOUM,TCqyxHhF,240.0
174,0,qGnNRXVR,TcEVvOUM,240.0
174,0,ouPwTbuD,qGnNRXVR,241.0
174,0,MwLdaJul,ouPwTbuD,242.0
174,0,QUMnpJQp,MwLdaJul,275.0
174,0,FyIjwLBj,QUMnpJQp,298.0
174,0,vXPGJwVk,FyIjwLBj,298.0
174,0,qzuHypgA,vXPGJwVk,298.0
174,0,KCMgfriT,qzuHypgA,302.0
174,0,hVMLOzME,KCMgfriT,343.0
174,0,TDvESTZN,hVMLOzME,343.0
174,0,sNuKvPuW,TDvESTZN,343.0
174,0,AUBTKFbY,sNuKvPuW,343.0
174,0,fjevhefZ,AUBTKFbY,360.0
174,0,vyQyYYqJ,fjevhefZ,360.0
174,0,ztLkgYlA,vyQyYYqJ,360.0
174,0,OoNwiPDT,ztLkgYlA,360.0
174,0,ftvNhZKM,OoNwiPDT,360.0
174,0,KLTxOJqh,ftvNhZKM,360.0
174,0,IURTQlCB,KLTxOJqh,360.0
621,0,DeduXMzE,udlIzhJE,224.0
621,0,GXHjZCTL,DeduXMzE,224.0
621,0,yolIeCeg,GXHjZCTL,224.0
621,0,ozAxYCwR,yolIeCeg,224.0
621,0,qdrjbHYS,ozAxYCwR,224.0
621,0,AKdDiXyV,qdrjbHYS,321.0
621,0,kZdBhxvo,AKdDiXyV,435.0
621,0,ZBkAAevT,kZdBhxvo,435.0
621,0,cMinRgYB,ZBkAAevT,435.0
621,0,LRmPOeoe,cMinRgYB,435.0
621,0,tBNXSyMW,LRmPOeoe,435.0
621,0,ArHpJhVJ,tBNXSyMW,435.0
621,0,tWpVdCtj,ArHpJhVJ,435.0
621,0,EdJUuxct,tWpVdCtj,435.0
621,0,gmiMCrrb,EdJUuxct,435.0
621,0,OoNwiPDT,gmiMCrrb,435.0
621,0,ftvNhZKM,OoNwiPDT,435.0
621,0,KLTxOJqh,ftvNhZKM,435.0
621,0,idAQxYim,KLTxOJqh,435.0
621,0,OsBkWRQx,TsaeiIGv,175.0
621,0,udlIzhJE,OsBkWRQx,176.0
1690,0,RQiSRtZp,bCOJrgoA,97.0
1690,0,lQHWhrGj,RQiSRtZp,106.0
1690,0,OOOhsNkv,lQHWhrGj,106.0
1690,0,CgcphXSb,OOOhsNkv,106.0
1690,0,texSWQet,CgcphXSb,106.0
1690,0,lxBswvKX,texSWQet,106.0
1690,0,KLTxOJqh,lxBswvKX,129.0
1690,0,idAQxYim,KLTxOJqh,129.0
1255,0,EmkugZPX,XMWgellz,3745.0
621,0,TsaeiIGv,EkWBPXmr,83.0
621,0,ldInPGbn,idAQxYim,743.0
621,0,WGEhEMgb,ldInPGbn,934.0
621,0,WblAIghg,WGEhEMgb,934.0
621,0,yXfOYhmg,WblAIghg,934.0
973,0,RqfbhkOP,cNHGbHfW,2362.0
973,0,sUAChhLU,RqfbhkOP,2362.0
973,0,TCMQvOqy,sUAChhLU,1898.0
973,0,JyqrAKLu,TCMQvOqy,1826.0
973,0,XxhwFmzZ,JyqrAKLu,1835.0
973,0,GQmprOhw,XxhwFmzZ,1301.0
973,0,aWeAvoyP,GQmprOhw,860.0
973,0,exnIZrMP,aWeAvoyP,860.0
973,0,zoqWMrrO,exnIZrMP,879.0
973,0,WSMobtPt,zoqWMrrO,879.0
973,0,ClDeGdta,WSMobtPt,879.0
973,0,PqoYMtMO,ClDeGdta,70.0
170,0,EIcIoHUO,DULwephN,1337.0
170,0,JYRWJgVB,EIcIoHUO,1509.0
170,0,CFztBFJQ,JYRWJgVB,1519.0
173,0,AszcEtOu,BpAiVnps,514.0
173,0,TCqyxHhF,AszcEtOu,607.0
173,0,TcEVvOUM,TCqyxHhF,644.0
173,0,qGnNRXVR,TcEVvOUM,645.0
173,0,ouPwTbuD,qGnNRXVR,645.0
173,0,MwLdaJul,ouPwTbuD,645.0
173,0,QUMnpJQp,MwLdaJul,748.0
173,0,FyIjwLBj,QUMnpJQp,786.0
173,0,vXPGJwVk,FyIjwLBj,786.0
173,0,qzuHypgA,vXPGJwVk,786.0
173,0,KCMgfriT,qzuHypgA,930.0
173,0,hVMLOzME,KCMgfriT,989.0
173,0,TDvESTZN,hVMLOzME,989.0
173,0,bDgEiJAh,TDvESTZN,1279.0
1622,0,YstCZidS,qaJzTzwj,1780.0
1622,0,sHyVyxBf,YstCZidS,1780.0
1622,0,OGOfNBpR,sHyVyxBf,1773.0
1622,0,apZtGMSe,OGOfNBpR,1773.0
1622,0,busLwOKM,apZtGMSe,1784.0
1622,0,BRTaWOYs,busLwOKM,1784.0
1622,0,aYSqaQmJ,BRTaWOYs,1713.0
719,0,eusqYKWT,HezLsNFQ,1121.0
719,0,xOHMcnRu,eusqYKWT,586.0
400,0,ZOuLYtJj,dZoxKDmD,2179.0
400,0,dWLNxRJP,ZOuLYtJj,2179.0
626,0,RjboLjDb,AjXddPle,2054.0
626,0,FyJXToWe,RjboLjDb,2054.0
626,0,rINNylNh,FyJXToWe,2054.0
264,0,TurKlwMz,NkWMDpBL,617.0
474,0,iWFLhsvE,LdWodgsw,1051.0
474,0,qFzqwYZZ,iWFLhsvE,490.0
272,0,TurKlwMz,NkWMDpBL,2213.0
287,0,EkWBPXmr,zVYhNTdK,39.0
1193,0,ojINhgSe,IURTQlCB,1946.0
1193,0,SiflCzMU,ojINhgSe,1946.0
174,0,ojINhgSe,IURTQlCB,231.0
452,0,QHFmFyLR,EkWBPXmr,1609.0
452,0,neNWquOh,QHFmFyLR,1609.0
452,0,KwaxxmSs,neNWquOh,1624.0
452,0,PSjGjQXK,KwaxxmSs,1628.0
452,0,FDPmqphv,PSjGjQXK,3494.0
452,0,aVjdmBcp,FDPmqphv,3860.0
452,0,nusTHAtB,aVjdmBcp,3860.0
452,0,isVKhOXG,nusTHAtB,3892.0
452,0,OWkTamRc,isVKhOXG,3942.0
452,0,RkIYOvZu,bvSKVAYv,5805.0
452,0,ygKQkAfU,RkIYOvZu,5805.0
452,0,blwWmPPo,ygKQkAfU,8114.0
452,0,GWhCmjED,blwWmPPo,9204.0
452,0,dYaEdzoO,GWhCmjED,9397.0
452,0,LoxEXWve,dYaEdzoO,9404.0
648,0,SYyDHHKq,IzsieVnc,1022.0
648,0,yzZGrKJL,SYyDHHKq,1022.0
648,0,qDeoslSZ,yzZGrKJL,1022.0
648,0,JovbzjVh,qDeoslSZ,640.0
648,0,dYaEdzoO,JovbzjVh,621.0
648,0,LoxEXWve,dYaEdzoO,614.0
1197,0,xMTUUeEc,gmiMCrrb,311.0
295,0,xMTUUeEc,tBgOcvQf,1347.0
295,0,jPryMrof,xMTUUeEc,1347.0
295,0,jkJwqjHm,jPryMrof,1347.0
295,0,jKMBgxbE,jkJwqjHm,1347.0
295,0,RQiSRtZp,jKMBgxbE,1347.0
295,0,SoCzlzVw,RQiSRtZp,1335.0
295,0,hLEWSLqw,SoCzlzVw,1335.0
615,0,TShNRujB,hxSTJhOz,973.0
615,0,gzZgDndk,TShNRujB,1816.0
615,0,PSjGjQXK,gzZgDndk,1816.0
615,0,FDPmqphv,PSjGjQXK,1805.0
615,0,ccqsUPnI,FDPmqphv,1674.0
615,0,OGJVNXKe,ccqsUPnI,1279.0
615,0,hfsVeMMa,OGJVNXKe,1200.0
615,0,isVKhOXG,hfsVeMMa,910.0
615,0,OWkTamRc,isVKhOXG,910.0
615,0,pHNyFRmN,OWkTamRc,910.0
615,0,SMriOOgF,pHNyFRmN,910.0
615,0,vISVJoyz,SMriOOgF,910.0
615,0,RHWjHSWx,vISVJoyz,910.0
615,0,VpmqCJUB,RHWjHSWx,569.0
615,0,mWygMrMb,VpmqCJUB,569.0
615,0,dulnZXnF,mWygMrMb,569.0
615,0,RkIYOvZu,dulnZXnF,569.0
615,0,ygKQkAfU,RkIYOvZu,569.0
615,0,blwWmPPo,ygKQkAfU,470.0
615,0,GWhCmjED,blwWmPPo,470.0
615,0,dYaEdzoO,GWhCmjED,469.0
615,0,TIoMzhxD,dYaEdzoO,469.0
1744,0,dulnZXnF,yMiwNCtj,5530.0
1744,0,RkIYOvZu,dulnZXnF,5530.0
1744,0,ygKQkAfU,RkIYOvZu,5530.0
670,0,hCxxcqWU,IOcMwGKn,975.0
670,0,qMoZNsgo,hCxxcqWU,975.0
670,0,udNzSSji,qMoZNsgo,975.0
670,0,uKKyuZyC,udNzSSji,975.0
670,0,GhNbXpjs,uKKyuZyC,975.0
670,0,KTHxRvtW,GhNbXpjs,975.0
670,0,gRVxNCAP,KTHxRvtW,1116.0
670,0,nJRBvlcT,gRVxNCAP,1116.0
670,0,IkxLwyxa,nJRBvlcT,1195.0
670,0,CYSggHNR,IkxLwyxa,1423.0
670,0,VhgapMoa,CYSggHNR,1423.0
670,0,dKbqWpcD,VhgapMoa,1423.0
670,0,zYpZYpOA,dKbqWpcD,1423.0
670,0,xbeOVhLE,zYpZYpOA,1938.0
670,0,IpBcScgC,xbeOVhLE,2063.0
670,0,aYvzRwqU,IpBcScgC,2063.0
670,0,mWygMrMb,aYvzRwqU,2063.0
670,0,dulnZXnF,mWygMrMb,2063.0
670,0,RkIYOvZu,dulnZXnF,2063.0
670,0,ygKQkAfU,RkIYOvZu,2063.0
670,0,ufLmazVu,ygKQkAfU,1244.0
670,0,qDeoslSZ,ufLmazVu,1242.0
670,0,JovbzjVh,qDeoslSZ,662.0
670,0,dYaEdzoO,JovbzjVh,678.0
670,0,TIoMzhxD,dYaEdzoO,681.0
670,0,IOcMwGKn,ybjkPLXB,416.0
311,0,AszcEtOu,BpAiVnps,1676.0
311,0,TcEVvOUM,AszcEtOu,2293.0
311,0,qGnNRXVR,TcEVvOUM,2293.0
311,0,MwLdaJul,qGnNRXVR,2305.0
311,0,QUMnpJQp,MwLdaJul,1888.0
311,0,FyIjwLBj,QUMnpJQp,1701.0
311,0,vXPGJwVk,FyIjwLBj,1463.0
600,0,jcExlqwL,RCkelXPh,920.0
600,0,YctaenCe,jcExlqwL,1033.0
600,0,tzYrVhKO,YctaenCe,1033.0
600,0,UgpyjFML,tzYrVhKO,1033.0
600,0,nPkrzCty,UgpyjFML,1034.0
984,0,CKNrjFUU,qGgPbtbT,610.0
984,0,VCGhveHG,CKNrjFUU,610.0
984,0,WQdyWhSR,VCGhveHG,610.0
984,0,vCGIyJLJ,WQdyWhSR,610.0
984,0,VXthmpcS,vCGIyJLJ,711.0
984,0,xuEvBBdE,VXthmpcS,620.0
984,0,rAizOLWV,xuEvBBdE,620.0
984,0,JdZarNsv,rAizOLWV,603.0
984,0,NmilzqZp,JdZarNsv,603.0
984,0,TCMQvOqy,NmilzqZp,514.0
984,0,JyqrAKLu,TCMQvOqy,540.0
594,0,nxJXVeix,OHkaqvpq,514.0
179,0,OoNwiPDT,ztLkgYlA,889.0
179,0,ftvNhZKM,OoNwiPDT,889.0
179,0,KLTxOJqh,ftvNhZKM,889.0
179,0,IURTQlCB,KLTxOJqh,889.0
179,0,ojINhgSe,IURTQlCB,1346.0
179,0,pFAoJEPO,ojINhgSe,1346.0
179,0,fCvqoWrT,pFAoJEPO,1346.0
179,0,yRpreQRc,fCvqoWrT,1368.0
179,0,QaQvGPmN,yRpreQRc,1378.0
179,0,HNYicgCh,QaQvGPmN,1378.0
179,0,RVNzMGgw,HNYicgCh,1378.0
179,0,dKSFzIqs,RVNzMGgw,1378.0
179,0,QeEdlYuU,dKSFzIqs,579.0
179,0,LXDQjYxM,QeEdlYuU,579.0
179,0,qVzVrWDp,LXDQjYxM,579.0
1690,0,bCOJrgoA,tMEROJFH,88.0
1690,0,rfNgKlRc,idAQxYim,128.0
1690,0,BIvEdfHJ,rfNgKlRc,128.0
16,0,TurKlwMz,NkWMDpBL,3130.0
16,0,JvVxAKet,TurKlwMz,3130.0
970,0,EXHVDpee,NuwmOhpA,32.0
970,0,NkWMDpBL,EXHVDpee,32.0
970,0,TurKlwMz,NkWMDpBL,32.0
970,0,oVNIhiyF,TurKlwMz,32.0
272,0,oVNIhiyF,TurKlwMz,2163.0
264,0,oVNIhiyF,TurKlwMz,606.0
594,0,lotPPedu,nBYHMnkU,175.0
594,0,ERIWLSEl,lotPPedu,89.0
594,0,qsoLaWuJ,ERIWLSEl,89.0
594,0,WSBJbplj,qsoLaWuJ,89.0
594,0,THUDGZDu,WSBJbplj,89.0
594,0,XUEgpuYS,THUDGZDu,89.0
594,0,lXZmsBCe,XUEgpuYS,11.0
594,0,oftwwzSy,lXZmsBCe,11.0
594,0,CKNrjFUU,oftwwzSy,11.0
594,0,EtvjcvTp,CKNrjFUU,11.0
594,0,wuyFtExA,EtvjcvTp,6.0
594,0,MrybjzSo,wuyFtExA,6.0
594,0,yrRBvFtZ,MrybjzSo,6.0
985,0,lotPPedu,nBYHMnkU,793.0
596,0,lotPPedu,nBYHMnkU,122.0
596,0,ERIWLSEl,lotPPedu,96.0
596,0,qsoLaWuJ,ERIWLSEl,96.0
596,0,WSBJbplj,qsoLaWuJ,96.0
596,0,THUDGZDu,WSBJbplj,96.0
596,0,XUEgpuYS,THUDGZDu,96.0
596,0,lXZmsBCe,XUEgpuYS,51.0
596,0,oftwwzSy,lXZmsBCe,51.0
596,0,CKNrjFUU,oftwwzSy,51.0
596,0,EtvjcvTp,CKNrjFUU,51.0
596,0,wuyFtExA,EtvjcvTp,24.0
596,0,MrybjzSo,wuyFtExA,24.0
1120,0,lotPPedu,nBYHMnkU,31.0
1120,0,ERIWLSEl,lotPPedu,21.0
1120,0,qsoLaWuJ,ERIWLSEl,21.0
1120,0,WSBJbplj,qsoLaWuJ,21.0
1120,0,THUDGZDu,WSBJbplj,21.0
1120,0,XUEgpuYS,THUDGZDu,21.0
1120,0,lXZmsBCe,XUEgpuYS,9.0
1120,0,oftwwzSy,lXZmsBCe,9.0
1120,0,CKNrjFUU,oftwwzSy,9.0
1120,0,EtvjcvTp,CKNrjFUU,9.0
1120,0,wuyFtExA,EtvjcvTp,3.0
1120,0,MrybjzSo,wuyFtExA,3.0
1120,0,yrRBvFtZ,MrybjzSo,3.0
483,0,EXHVDpee,NuwmOhpA,36.0
483,0,NkWMDpBL,EXHVDpee,36.0
483,0,TurKlwMz,NkWMDpBL,36.0
483,0,oVNIhiyF,TurKlwMz,36.0
727,0,aFlzccOO,yHDouIXe,1098.0
1193,0,fCvqoWrT,SiflCzMU,1347.0
1193,0,yRpreQRc,fCvqoWrT,1266.0
657,0,RqfbhkOP,cNHGbHfW,482.0
657,0,sUAChhLU,RqfbhkOP,482.0
657,0,TCMQvOqy,sUAChhLU,301.0
657,0,JyqrAKLu,TCMQvOqy,178.0
657,0,XxhwFmzZ,JyqrAKLu,178.0
657,0,sonNAVmZ,XxhwFmzZ,178.0
657,0,aWeAvoyP,sonNAVmZ,126.0
657,0,exnIZrMP,aWeAvoyP,126.0
657,0,zoqWMrrO,exnIZrMP,126.0
657,0,WSMobtPt,zoqWMrrO,126.0
657,0,ClDeGdta,WSMobtPt,126.0
971,0,qkTCgKXX,YoEMZEcq,12.0
971,0,XjSQdTLS,qkTCgKXX,12.0
179,0,vyQyYYqJ,fjevhefZ,308.0
179,0,ztLkgYlA,vyQyYYqJ,308.0
179,0,AszcEtOu,BpAiVnps,62.0
179,0,TCqyxHhF,AszcEtOu,74.0
179,0,TcEVvOUM,TCqyxHhF,74.0
179,0,qGnNRXVR,TcEVvOUM,74.0
179,0,ouPwTbuD,qGnNRXVR,74.0
179,0,MwLdaJul,ouPwTbuD,74.0
179,0,QUMnpJQp,MwLdaJul,111.0
179,0,FyIjwLBj,QUMnpJQp,117.0
179,0,vXPGJwVk,FyIjwLBj,117.0
179,0,qzuHypgA,vXPGJwVk,117.0
179,0,KCMgfriT,qzuHypgA,149.0
179,0,hVMLOzME,KCMgfriT,183.0
179,0,TDvESTZN,hVMLOzME,183.0
179,0,sNuKvPuW,TDvESTZN,183.0
179,0,AUBTKFbY,sNuKvPuW,183.0
179,0,fjevhefZ,AUBTKFbY,203.0
313,0,qqQgwpPP,DYKvrufv,627.0
313,0,ORsEDdLG,qqQgwpPP,628.0
313,0,jsnedRvy,ORsEDdLG,965.0
313,0,PpWfKRbL,jsnedRvy,965.0
313,0,aaSaUDum,PpWfKRbL,1006.0
313,0,cmBFyxQG,aaSaUDum,1006.0
452,0,jsnedRvy,ORsEDdLG,8351.0
452,0,PpWfKRbL,jsnedRvy,8351.0
452,0,aaSaUDum,PpWfKRbL,8271.0
452,0,zENMipIx,aaSaUDum,8227.0
452,0,cmBFyxQG,zENMipIx,8227.0
174,0,pFAoJEPO,ojINhgSe,76.0
174,0,fCvqoWrT,pFAoJEPO,76.0
615,0,DRkcXziO,IIzQthVA,593.0
615,0,fTOPrrgc,DRkcXziO,593.0
615,0,XPasGtVj,fTOPrrgc,593.0
615,0,VMviwLNE,XPasGtVj,593.0
615,0,BxuxHloR,VMviwLNE,593.0
615,0,gFAsBeQM,BxuxHloR,593.0
615,0,rDSiGFpR,gFAsBeQM,593.0
615,0,hxSTJhOz,rDSiGFpR,971.0
174,0,yRpreQRc,fCvqoWrT,29.0
174,0,QaQvGPmN,yRpreQRc,29.0
174,0,HNYicgCh,QaQvGPmN,29.0
179,0,IuRRuHdp,qVzVrWDp,560.0
179,0,agmUQnfF,IuRRuHdp,560.0
179,0,CbblRkaH,agmUQnfF,498.0
179,0,BldTZUAI,CbblRkaH,595.0
179,0,nBYHMnkU,BldTZUAI,595.0
179,0,lotPPedu,nBYHMnkU,595.0
16,0,bbaQRYSI,JvVxAKet,2326.0
16,0,lDHqxCQW,bbaQRYSI,2326.0
16,0,qGgPbtbT,lDHqxCQW,2326.0
272,0,bbaQRYSI,oVNIhiyF,1304.0
272,0,lDHqxCQW,bbaQRYSI,1304.0
272,0,qGgPbtbT,lDHqxCQW,1304.0
970,0,bbaQRYSI,oVNIhiyF,31.0
970,0,lDHqxCQW,bbaQRYSI,31.0
970,0,qGgPbtbT,lDHqxCQW,31.0
264,0,bbaQRYSI,oVNIhiyF,383.0
264,0,lDHqxCQW,bbaQRYSI,383.0
264,0,qGgPbtbT,lDHqxCQW,383.0
179,0,ERIWLSEl,lotPPedu,494.0
179,0,qsoLaWuJ,ERIWLSEl,494.0
179,0,WSBJbplj,qsoLaWuJ,494.0
179,0,THUDGZDu,WSBJbplj,494.0
594,0,OHkaqvpq,SmQHomzq,512.0
910,0,EpCFePOD,vOivHtRX,26.0
910,0,KLSPMOeO,EpCFePOD,31.0
910,0,krXgCSzh,KLSPMOeO,59.0
910,0,yDCZcPdO,krXgCSzh,59.0
910,0,zyATMMRX,yDCZcPdO,24.0
910,0,XJpVddlh,zyATMMRX,24.0
910,0,CkgzgDTz,XJpVddlh,6.0
910,0,AaOxIRuX,CkgzgDTz,6.0
910,0,mOxeJcai,AaOxIRuX,6.0
910,0,RrhmmPMm,mOxeJcai,6.0
910,0,hqOmlOIp,RrhmmPMm,6.0
910,0,qJgsxHch,hqOmlOIp,6.0
910,0,lxplrluY,qJgsxHch,6.0
910,0,zTJYYUap,lxplrluY,6.0
910,0,UxPxrYmy,zTJYYUap,6.0
910,0,KwXNMHkb,UxPxrYmy,4.0
910,0,YxUFlvZH,KwXNMHkb,4.0
910,0,KMLNQwjh,YxUFlvZH,4.0
910,0,aDaRCcaB,KMLNQwjh,4.0
910,0,dQYZBhGJ,aDaRCcaB,2.0
910,0,iFderoVa,dQYZBhGJ,2.0
910,0,GQmprOhw,iFderoVa,2.0
910,0,CbblRkaH,GQmprOhw,2.0
910,0,BldTZUAI,CbblRkaH,2.0
910,0,nBYHMnkU,BldTZUAI,2.0
910,0,lotPPedu,nBYHMnkU,2.0
910,0,ERIWLSEl,lotPPedu,1.0
910,0,qsoLaWuJ,ERIWLSEl,1.0
910,0,WSBJbplj,qsoLaWuJ,1.0
910,0,THUDGZDu,WSBJbplj,1.0
910,0,XUEgpuYS,THUDGZDu,1.0
910,0,lXZmsBCe,XUEgpuYS,1.0
910,0,oftwwzSy,lXZmsBCe,1.0
910,0,CKNrjFUU,oftwwzSy,1.0
483,0,bbaQRYSI,oVNIhiyF,25.0
483,0,lDHqxCQW,bbaQRYSI,25.0
483,0,qGgPbtbT,lDHqxCQW,25.0
178,0,DzkWADkh,tBgOcvQf,784.0
178,0,MjMnNBLG,DzkWADkh,784.0
178,0,XiRzIewe,MjMnNBLG,784.0
178,0,udKeccMr,XiRzIewe,780.0
178,0,HEshVETB,udKeccMr,780.0
178,0,WKWTpoqQ,HEshVETB,780.0
990,0,DzkWADkh,gmiMCrrb,5814.0
990,0,MjMnNBLG,DzkWADkh,5852.0
990,0,XiRzIewe,MjMnNBLG,5852.0
990,0,HEshVETB,XiRzIewe,6441.0
1104,0,DzkWADkh,tBgOcvQf,5.0
1104,0,MjMnNBLG,DzkWADkh,5.0
1104,0,XiRzIewe,MjMnNBLG,5.0
1104,0,HEshVETB,XiRzIewe,5.0
1104,0,WKWTpoqQ,HEshVETB,5.0
106,0,AszcEtOu,BpAiVnps,5840.0
106,0,TCqyxHhF,AszcEtOu,6334.0
106,0,TcEVvOUM,TCqyxHhF,6371.0
106,0,qGnNRXVR,TcEVvOUM,6407.0
106,0,ouPwTbuD,qGnNRXVR,6407.0
106,0,MwLdaJul,ouPwTbuD,6725.0
106,0,QUMnpJQp,MwLdaJul,7410.0
106,0,FyIjwLBj,QUMnpJQp,7386.0
106,0,vXPGJwVk,FyIjwLBj,7276.0
106,0,GjiyfRqd,vXPGJwVk,7269.0
106,0,qzuHypgA,GjiyfRqd,6883.0
106,0,KCMgfriT,qzuHypgA,6901.0
106,0,hVMLOzME,KCMgfriT,6551.0
106,0,TDvESTZN,hVMLOzME,6551.0
984,0,bbaQRYSI,oVNIhiyF,177.0
984,0,lDHqxCQW,bbaQRYSI,177.0
984,0,qGgPbtbT,lDHqxCQW,177.0
173,0,JFVlrPHE,gcUmxKgT,443.0
594,0,WdOwNGhj,xfbmoJHP,412.0
594,0,LgyCGIBw,WdOwNGhj,412.0
594,0,OUgQnZLY,LgyCGIBw,508.0
594,0,SmQHomzq,OUgQnZLY,508.0
919,0,yVpVwFWL,HyvnzuHA,540.0
919,0,UYClvrsH,yVpVwFWL,540.0
919,0,GdIqHDLj,UYClvrsH,540.0
919,0,SclqdZtd,GdIqHDLj,540.0
919,0,LtmbDsIv,SclqdZtd,541.0
919,0,aRwBTLyd,LtmbDsIv,541.0
919,0,BpJuosmx,aRwBTLyd,541.0
919,0,tIHUlMxX,BpJuosmx,534.0
919,0,jucOpUOn,tIHUlMxX,534.0
919,0,qdCMxZSc,jucOpUOn,534.0
919,0,ptvIaUTy,qdCMxZSc,534.0
919,0,dvaPHMux,ptvIaUTy,534.0
16,0,VQfPRvUw,qGgPbtbT,42.0
297,0,lQHWhrGj,tldUULAx,181.0
297,0,OOOhsNkv,lQHWhrGj,181.0
297,0,CgcphXSb,OOOhsNkv,181.0
297,0,texSWQet,CgcphXSb,181.0
297,0,lxBswvKX,texSWQet,181.0
297,0,OoNwiPDT,lxBswvKX,248.0
297,0,ftvNhZKM,OoNwiPDT,248.0
297,0,KLTxOJqh,ftvNhZKM,248.0
297,0,IURTQlCB,KLTxOJqh,248.0
297,0,ojINhgSe,IURTQlCB,274.0
297,0,SiflCzMU,ojINhgSe,274.0
297,0,fCvqoWrT,SiflCzMU,328.0
297,0,yRpreQRc,fCvqoWrT,328.0
297,0,QaQvGPmN,yRpreQRc,328.0
297,0,HNYicgCh,QaQvGPmN,328.0
297,0,RVNzMGgw,HNYicgCh,328.0
297,0,QeEdlYuU,RVNzMGgw,328.0
297,0,LXDQjYxM,QeEdlYuU,328.0
297,0,qVzVrWDp,LXDQjYxM,328.0
297,0,IuRRuHdp,qVzVrWDp,328.0
297,0,QZgueNIh,IuRRuHdp,328.0
984,0,XxhwFmzZ,JyqrAKLu,531.0
984,0,QZgueNIh,XxhwFmzZ,1067.0
1690,0,OTfWLQWk,BIvEdfHJ,73.0
173,0,PspudWCJ,bDgEiJAh,1390.0
973,0,yGEvOQma,PqoYMtMO,29.0
973,0,gcrnRTRu,yGEvOQma,29.0
253,0,nEXpIbiD,DOGyniWl,2226.0
253,0,eTJQHplR,nEXpIbiD,2516.0
984,0,zGyJMIkT,yolIeCeg,2.0
984,0,YbVmHVTt,zGyJMIkT,2.0
984,0,ZlnerNQG,YbVmHVTt,2.0
984,0,FVWAEAei,ZlnerNQG,2.0
984,0,gVtshwcF,FVWAEAei,2.0
984,0,LmhVzFNJ,gVtshwcF,2.0
984,0,CmbQeSBI,LmhVzFNJ,2.0
984,0,RVyaKvKa,CmbQeSBI,2.0
984,0,OQRQrPoA,RVyaKvKa,2.0
984,0,CEyhPnMH,OQRQrPoA,4.0
984,0,ogrZorIF,CEyhPnMH,4.0
984,0,fumBmOZX,ogrZorIF,4.0
984,0,CLjYTiBy,fumBmOZX,4.0
984,0,NuwmOhpA,CLjYTiBy,4.0
984,0,EXHVDpee,NuwmOhpA,4.0
984,0,NkWMDpBL,EXHVDpee,95.0
984,0,TurKlwMz,NkWMDpBL,95.0
984,0,oVNIhiyF,TurKlwMz,95.0
1193,0,yGEvOQma,PqoYMtMO,145.0
1193,0,YoEMZEcq,yGEvOQma,145.0
173,0,TUrDxvOa,YoEMZEcq,553.0
170,0,qCZHeqZn,CPPeUlfG,637.0
984,0,JFVlrPHE,QZgueNIh,1157.0
170,0,CPPeUlfG,iFderoVa,386.0
170,0,KMLNQwjh,YxUFlvZH,380.0
170,0,aDaRCcaB,KMLNQwjh,380.0
170,0,dQYZBhGJ,aDaRCcaB,380.0
170,0,iFderoVa,dQYZBhGJ,380.0
170,0,KwXNMHkb,UxPxrYmy,350.0
170,0,YxUFlvZH,KwXNMHkb,350.0
170,0,hqOmlOIp,RrhmmPMm,219.0
170,0,qJgsxHch,hqOmlOIp,219.0
170,0,lxplrluY,qJgsxHch,219.0
170,0,zTJYYUap,lxplrluY,219.0
170,0,UxPxrYmy,zTJYYUap,219.0
170,0,sceVWPKZ,dvaPHMux,103.0
170,0,NqSePdAx,sceVWPKZ,103.0
170,0,YxYhlArE,NqSePdAx,139.0
170,0,sAswhpJr,YxYhlArE,139.0
170,0,VyHGAkTo,sAswhpJr,139.0
170,0,RrhmmPMm,VyHGAkTo,139.0
215,0,JovbzjVh,qDeoslSZ,387.0
215,0,LoxEXWve,JovbzjVh,387.0
215,0,TIoMzhxD,LoxEXWve,387.0
215,0,qqQgwpPP,TIoMzhxD,387.0
215,0,ORsEDdLG,qqQgwpPP,387.0
215,0,jsnedRvy,ORsEDdLG,193.0
215,0,PpWfKRbL,jsnedRvy,193.0
215,0,aaSaUDum,PpWfKRbL,155.0
215,0,cmBFyxQG,aaSaUDum,135.0
599,0,ijmqRmKp,roHCvggS,7.0
599,0,wQzAWTmt,ijmqRmKp,3.0
599,0,VVXTrukI,wQzAWTmt,3.0
599,0,dmAPiPeK,VVXTrukI,2.0
599,0,FXuJEVFo,dmAPiPeK,2.0
170,0,YoEMZEcq,qCZHeqZn,330.0
170,0,DULwephN,YoEMZEcq,330.0
71,0,tNSMkSfB,ZYCVVmjG,1331.0
71,0,vaPtcLuK,tNSMkSfB,1232.0
487,0,MURlCahD,KRQMLlbw,6.0
487,0,znFDupZg,MURlCahD,6.0
487,0,osddylgA,znFDupZg,6.0
487,0,uiYVYPQX,osddylgA,6.0
487,0,zGyJMIkT,uiYVYPQX,19.0
487,0,YbVmHVTt,zGyJMIkT,19.0
487,0,ZlnerNQG,YbVmHVTt,19.0
487,0,FVWAEAei,ZlnerNQG,19.0
487,0,gVtshwcF,FVWAEAei,19.0
487,0,LmhVzFNJ,gVtshwcF,19.0
487,0,CmbQeSBI,LmhVzFNJ,19.0
487,0,RVyaKvKa,CmbQeSBI,19.0
487,0,OQRQrPoA,RVyaKvKa,19.0
487,0,CEyhPnMH,OQRQrPoA,19.0
487,0,ogrZorIF,CEyhPnMH,19.0
487,0,fumBmOZX,ogrZorIF,19.0
487,0,CLjYTiBy,fumBmOZX,19.0
487,0,NuwmOhpA,CLjYTiBy,19.0
487,0,EXHVDpee,NuwmOhpA,19.0
487,0,NkWMDpBL,EXHVDpee,19.0
487,0,TurKlwMz,NkWMDpBL,19.0
487,0,oVNIhiyF,TurKlwMz,19.0
487,0,bbaQRYSI,oVNIhiyF,19.0
487,0,lDHqxCQW,bbaQRYSI,19.0
487,0,qGgPbtbT,lDHqxCQW,19.0
487,0,CKNrjFUU,qGgPbtbT,19.0
487,0,VCGhveHG,CKNrjFUU,19.0
487,0,WQdyWhSR,VCGhveHG,19.0
487,0,vCGIyJLJ,WQdyWhSR,19.0
487,0,VXthmpcS,vCGIyJLJ,19.0
1096,0,GaUJjHvw,BIoUkdqn,2488.0
1096,0,xqPbgbrZ,GaUJjHvw,2488.0
1096,0,nlMKoEWl,xqPbgbrZ,2488.0
1096,0,KbKyxild,nlMKoEWl,2488.0
1096,0,WzJZybAt,KbKyxild,2393.0
1096,0,wBZvskGC,WzJZybAt,2371.0
1096,0,hlYcHDiv,wBZvskGC,2284.0
1096,0,ZUUFaTkv,hlYcHDiv,2284.0
1096,0,jgCiOeaN,ZUUFaTkv,2284.0
1096,0,TikfrWrm,jgCiOeaN,2284.0
1096,0,RabBrvbh,TikfrWrm,2284.0
1096,0,yAsGVYQM,RabBrvbh,2284.0
1096,0,XFPAZveS,yAsGVYQM,999.0
1096,0,ejMjPdTH,XFPAZveS,943.0
1096,0,CKorGRkE,ejMjPdTH,524.0
1096,0,eaNsVWDR,CKorGRkE,471.0
1096,0,LIgtsZTQ,yfjUYWEe,2323.0
1096,0,BIoUkdqn,LIgtsZTQ,2323.0
1030,0,sklTQuFm,VYHZxBYO,3052.0
1030,0,QhyQakxZ,sklTQuFm,3052.0
1030,0,yscklMzl,QhyQakxZ,3052.0
1030,0,UDUmRzWP,yscklMzl,3155.0
1030,0,pzSSkNJo,UDUmRzWP,3155.0
1030,0,kVWwehGs,pzSSkNJo,3043.0
1030,0,fnQyKclP,kVWwehGs,3131.0
1030,0,oDVZRjmi,fnQyKclP,3131.0
1030,0,aaeLLxLj,oDVZRjmi,3131.0
626,0,tjcxfrSB,rINNylNh,1486.0
626,0,rHyPKpnR,tjcxfrSB,1486.0
626,0,lhvdYjIr,rHyPKpnR,1486.0
626,0,XkyHnVdm,lhvdYjIr,1832.0
626,0,aTKTVXJW,XkyHnVdm,1832.0
626,0,nFbddFoX,aTKTVXJW,1832.0
626,0,GudLituF,nFbddFoX,1832.0
966,0,oVNIhiyF,TurKlwMz,1198.0
966,0,bbaQRYSI,oVNIhiyF,1216.0
966,0,lDHqxCQW,bbaQRYSI,1216.0
966,0,qGgPbtbT,lDHqxCQW,1216.0
966,0,VQfPRvUw,qGgPbtbT,1816.0
966,0,VCGhveHG,VQfPRvUw,1869.0
966,0,WQdyWhSR,VCGhveHG,1869.0
966,0,vCGIyJLJ,WQdyWhSR,1863.0
966,0,ZlnerNQG,ozAxYCwR,476.0
966,0,YbVmHVTt,ZlnerNQG,476.0
966,0,FVWAEAei,YbVmHVTt,476.0
966,0,gVtshwcF,FVWAEAei,476.0
966,0,CmbQeSBI,gVtshwcF,575.0
966,0,RVyaKvKa,CmbQeSBI,575.0
966,0,OQRQrPoA,RVyaKvKa,575.0
966,0,CEyhPnMH,OQRQrPoA,833.0
966,0,ogrZorIF,CEyhPnMH,833.0
966,0,fumBmOZX,ogrZorIF,833.0
966,0,CLjYTiBy,fumBmOZX,833.0
966,0,NuwmOhpA,CLjYTiBy,885.0
966,0,EXHVDpee,NuwmOhpA,1197.0
966,0,NkWMDpBL,EXHVDpee,1197.0
966,0,TurKlwMz,NkWMDpBL,1197.0
179,0,PoshUaCl,THUDGZDu,487.0
626,0,eJrsnsoz,GudLituF,1831.0
626,0,qAUjPEMf,eJrsnsoz,1829.0
626,0,isMwZYXy,qAUjPEMf,1820.0
966,0,eJrsnsoz,vCGIyJLJ,1798.0
966,0,isMwZYXy,eJrsnsoz,1797.0
179,0,tkhDcqas,PoshUaCl,482.0
179,0,jOvtnfLH,tkhDcqas,482.0
595,0,JyqrAKLu,TCMQvOqy,61.0
595,0,XxhwFmzZ,JyqrAKLu,61.0
595,0,QZgueNIh,XxhwFmzZ,61.0
595,0,JFVlrPHE,QZgueNIh,62.0
595,0,cpLivUai,JFVlrPHE,62.0
595,0,NTpJpHDd,cpLivUai,62.0
595,0,HQNzQizX,NTpJpHDd,334.0
595,0,WwskMIzD,HQNzQizX,334.0
595,0,rrasSNoc,WwskMIzD,334.0
595,0,bgsGiKIs,rrasSNoc,334.0
595,0,bbaQRYSI,JvVxAKet,2.0
595,0,lDHqxCQW,bbaQRYSI,2.0
595,0,qGgPbtbT,lDHqxCQW,2.0
595,0,CKNrjFUU,qGgPbtbT,12.0
595,0,VCGhveHG,CKNrjFUU,12.0
595,0,WQdyWhSR,VCGhveHG,12.0
595,0,vCGIyJLJ,WQdyWhSR,12.0
595,0,VXthmpcS,vCGIyJLJ,48.0
595,0,xuEvBBdE,VXthmpcS,48.0
595,0,rAizOLWV,xuEvBBdE,48.0
595,0,JdZarNsv,rAizOLWV,48.0
595,0,NmilzqZp,JdZarNsv,48.0
595,0,TCMQvOqy,NmilzqZp,53.0
1178,0,WdOwNGhj,xfbmoJHP,3792.0
1178,0,kKKRBhFF,WdOwNGhj,3793.0
1178,0,NFInfBeu,kKKRBhFF,3867.0
1178,0,VCQdmIoF,NFInfBeu,3867.0
1178,0,ePrpofUw,VCQdmIoF,3867.0
1178,0,KcvPUxQg,ePrpofUw,4388.0
1178,0,rbVbMNcM,KcvPUxQg,4163.0
1178,0,QYwjKQRO,rbVbMNcM,5154.0
1178,0,cNuXvIqU,QYwjKQRO,5154.0
1178,0,eXTEGQHB,cNuXvIqU,5154.0
1178,0,zTUODYgn,eXTEGQHB,4917.0
1178,0,eTPMYwkC,zTUODYgn,4904.0
1505,0,xQqwXgNZ,OVaoEscJ,4017.0
452,0,TIoMzhxD,LoxEXWve,8381.0
452,0,iRpWiLQH,TIoMzhxD,8250.0
452,0,qqQgwpPP,iRpWiLQH,8127.0
452,0,ORsEDdLG,qqQgwpPP,8129.0
452,0,EuWqksqL,cmBFyxQG,8117.0
452,0,XRrjzlpH,EuWqksqL,8124.0
452,0,JVRJClPS,XRrjzlpH,8124.0
452,0,ZZUoaXbF,JVRJClPS,8052.0
452,0,fdiMUjeA,ZZUoaXbF,8035.0
452,0,lbTqXure,fdiMUjeA,8035.0
452,0,MyzUerZz,lbTqXure,8132.0
560,0,AesbwnPs,WywmvGMH,554.0
560,0,hzAARBgX,AesbwnPs,554.0
1338,0,QpprBOSr,SOVcCDqR,9215.0
1338,0,Plxavose,QpprBOSr,5951.0
1180,0,LAmktnrq,qflzswAf,2570.0
1180,0,JbCujTci,LAmktnrq,3282.0
1180,0,jSSkauKM,JbCujTci,5142.0
1180,0,qLQHuyIe,jSSkauKM,5943.0
1180,0,apOzgzFy,qLQHuyIe,5951.0
400,0,clVXMHJf,nfCzcTzh,1609.0
400,0,UXEWVZzP,clVXMHJf,1609.0
400,0,MlYFoaez,UXEWVZzP,1253.0
400,0,XeinAhyy,MlYFoaez,1263.0
400,0,pGpZhRvq,XeinAhyy,1263.0
400,0,alaJPSTW,pGpZhRvq,1263.0
400,0,ngNzeSzC,alaJPSTW,1263.0
400,0,PHuvYJrP,ngNzeSzC,1263.0
400,0,FoxIDeQY,PHuvYJrP,1366.0
400,0,dZoxKDmD,FoxIDeQY,1344.0
1407,0,lWiTdhQk,vhHLNRbD,1771.0
1407,0,kYxNkIzH,lWiTdhQk,1872.0
1407,0,nUxocPjZ,kYxNkIzH,1798.0
1407,0,WmvRfciC,nUxocPjZ,1780.0
1407,0,saptMzFY,WmvRfciC,1780.0
1407,0,YxAufxIm,saptMzFY,1807.0
1407,0,UFFAxqtN,YxAufxIm,1807.0
1407,0,cOTHHVzh,UFFAxqtN,1807.0
1407,0,sjfoFmFj,cOTHHVzh,1191.0
1407,0,WjGJosho,sjfoFmFj,1191.0
539,0,oZJRchiN,wVKhsyCZ,28.0
539,0,xmGwLlME,oZJRchiN,395.0
539,0,KcBICYpI,xmGwLlME,395.0
539,0,XQiQvefE,KcBICYpI,395.0
539,0,eyUKPfnA,XQiQvefE,395.0
539,0,ZgqhsueA,eyUKPfnA,375.0
539,0,YvwuVYMF,ZgqhsueA,375.0
539,0,FZsFzszJ,YvwuVYMF,375.0
539,0,ALhaazBT,FZsFzszJ,374.0
539,0,ZijVddwt,ALhaazBT,374.0
1030,0,vDTAjOOR,yQmtaWgt,1514.0
1030,0,VYHZxBYO,vDTAjOOR,1514.0
1092,0,KrLSLIZd,OjBZWzOO,950.0
1092,0,yQmtaWgt,KrLSLIZd,950.0
1030,0,ajteUQkz,VpHOqNar,1172.0
1030,0,XmmyKsTm,ajteUQkz,1172.0
1030,0,gNJqbiHM,XmmyKsTm,1172.0
1030,0,NrUUQlkk,gNJqbiHM,1172.0
1030,0,yQmtaWgt,NrUUQlkk,1172.0
1107,0,yhxUltpl,JRMVrfdD,50.0
1107,0,bEntPTsf,yhxUltpl,50.0
1107,0,qIHRQZMb,bEntPTsf,50.0
1107,0,GSOqnCzV,qIHRQZMb,50.0
1107,0,bghpxDOJ,XaVBQtHA,24.0
1107,0,JRMVrfdD,bghpxDOJ,24.0
1103,0,OoNwiPDT,ztLkgYlA,24.0
1103,0,ftvNhZKM,OoNwiPDT,24.0
1103,0,KLTxOJqh,ftvNhZKM,24.0
1103,0,idAQxYim,KLTxOJqh,24.0
1103,0,ldInPGbn,idAQxYim,29.0
1103,0,WGEhEMgb,ldInPGbn,29.0
1103,0,WblAIghg,WGEhEMgb,29.0
1103,0,yXfOYhmg,WblAIghg,29.0
1103,0,cHOtlpNd,yXfOYhmg,29.0
1103,0,bDgEiJAh,cHOtlpNd,29.0
1103,0,HYSXwpsm,bDgEiJAh,29.0
1103,0,MAxpakLW,HYSXwpsm,29.0
1103,0,wzaIlAwh,MAxpakLW,29.0
598,0,mwdAyONm,EIcIoHUO,1.0
598,0,VVXTrukI,mwdAyONm,1.0
598,0,UufKZTKG,VVXTrukI,3.0
598,0,kJlOJSYi,UufKZTKG,3.0
598,0,wzaIlAwh,kJlOJSYi,10.0
595,0,pjrUunbL,FnMlnlru,402.0
595,0,pobpsCoK,pjrUunbL,402.0
1104,0,TXAdjSyo,SmQHomzq,26.0
1104,0,UIFNotIh,TXAdjSyo,27.0
1104,0,roHCvggS,UIFNotIh,27.0
1104,0,WdOwNGhj,xfbmoJHP,24.0
1104,0,LgyCGIBw,WdOwNGhj,24.0
1104,0,OUgQnZLY,LgyCGIBw,24.0
1104,0,SmQHomzq,OUgQnZLY,24.0
1103,0,AszcEtOu,BpAiVnps,2.0
1103,0,TcEVvOUM,AszcEtOu,3.0
1103,0,qGnNRXVR,TcEVvOUM,3.0
1103,0,MwLdaJul,qGnNRXVR,3.0
1103,0,QUMnpJQp,MwLdaJul,4.0
1103,0,FyIjwLBj,QUMnpJQp,4.0
1103,0,vXPGJwVk,FyIjwLBj,4.0
1103,0,qzuHypgA,vXPGJwVk,4.0
1103,0,KCMgfriT,qzuHypgA,4.0
1103,0,TDvESTZN,KCMgfriT,5.0
1103,0,AUBTKFbY,TDvESTZN,5.0
1103,0,fjevhefZ,AUBTKFbY,5.0
1103,0,vyQyYYqJ,fjevhefZ,5.0
1103,0,ztLkgYlA,vyQyYYqJ,5.0
1622,0,VDSTHuJo,zdgoUaFA,1640.0
1622,0,ImyQzgIv,VDSTHuJo,1657.0
1622,0,BzikVGUK,ImyQzgIv,1657.0
1622,0,lniHSWWA,BzikVGUK,1667.0
1622,0,qaJzTzwj,lniHSWWA,1167.0
1622,0,PjfwSZnl,aYSqaQmJ,37.0
1622,0,vSdfqYeK,PjfwSZnl,7.0
1054,0,aYIMvmGX,qdrjbHYS,100.0
1054,0,WGGanwZU,aYIMvmGX,100.0
1054,0,ArHpJhVJ,WGGanwZU,139.0
1054,0,tWpVdCtj,ArHpJhVJ,139.0
1054,0,EdJUuxct,tWpVdCtj,139.0
1054,0,gmiMCrrb,EdJUuxct,139.0
1054,0,DzkWADkh,gmiMCrrb,141.0
1054,0,MjMnNBLG,DzkWADkh,141.0
1054,0,XiRzIewe,MjMnNBLG,141.0
1054,0,DalDuuww,XiRzIewe,141.0
1054,0,WlkKexEs,DalDuuww,141.0
1054,0,MyzUerZz,WlkKexEs,141.0
1054,0,hTBkjNzq,MyzUerZz,141.0
1054,0,aCcokpIU,hTBkjNzq,141.0
1054,0,IWuAfYeM,aCcokpIU,142.0
1054,0,AKEMZMhk,IWuAfYeM,142.0
1054,0,oXDhDxhT,AKEMZMhk,142.0
1054,0,twlwLPZj,oXDhDxhT,147.0
1054,0,NjRgIRup,twlwLPZj,147.0
1054,0,rlFkXMBS,NjRgIRup,685.0
1054,0,lxkWqJCv,rlFkXMBS,685.0
106,0,WlkKexEs,TDvESTZN,5646.0
106,0,MyzUerZz,WlkKexEs,4045.0
106,0,hTBkjNzq,MyzUerZz,4039.0
106,0,aCcokpIU,hTBkjNzq,3984.0
106,0,IWuAfYeM,aCcokpIU,3240.0
106,0,AKEMZMhk,IWuAfYeM,3240.0
106,0,oXDhDxhT,AKEMZMhk,3240.0
106,0,twlwLPZj,oXDhDxhT,2810.0
106,0,xfbmoJHP,twlwLPZj,2810.0
105,0,vSdfqYeK,QdnKSSsO,2383.0
105,0,wDpyEsxh,vSdfqYeK,2383.0
105,0,jIerKxIb,wDpyEsxh,2390.0
105,0,IubGYoNi,jIerKxIb,2732.0
105,0,fmQEzQWV,IubGYoNi,2808.0
105,0,BpAiVnps,fmQEzQWV,3456.0
105,0,AszcEtOu,BpAiVnps,3463.0
105,0,TcEVvOUM,AszcEtOu,4717.0
105,0,qGnNRXVR,TcEVvOUM,4717.0
105,0,MwLdaJul,qGnNRXVR,4726.0
105,0,QUMnpJQp,MwLdaJul,4737.0
105,0,FyIjwLBj,QUMnpJQp,4742.0
105,0,vXPGJwVk,FyIjwLBj,4742.0
105,0,qzuHypgA,vXPGJwVk,4742.0
105,0,JVRJClPS,qzuHypgA,4742.0
105,0,ZZUoaXbF,JVRJClPS,4734.0
105,0,fdiMUjeA,ZZUoaXbF,4732.0
105,0,lbTqXure,fdiMUjeA,4732.0
105,0,MyzUerZz,lbTqXure,4659.0
105,0,hTBkjNzq,MyzUerZz,2708.0
105,0,aCcokpIU,hTBkjNzq,2589.0
105,0,IWuAfYeM,aCcokpIU,2225.0
105,0,AKEMZMhk,IWuAfYeM,2225.0
105,0,oXDhDxhT,AKEMZMhk,2225.0
105,0,twlwLPZj,oXDhDxhT,1944.0
105,0,NjRgIRup,twlwLPZj,1929.0
105,0,plWWPiMc,mnkgCFDT,1594.0
105,0,HcPkwFHM,plWWPiMc,1622.0
105,0,KjuJaNsu,HcPkwFHM,2183.0
105,0,oNyGHMvy,KjuJaNsu,2185.0
105,0,QdnKSSsO,oNyGHMvy,2186.0
452,0,hTBkjNzq,MyzUerZz,7591.0
452,0,aCcokpIU,hTBkjNzq,5974.0
452,0,IWuAfYeM,aCcokpIU,5351.0
452,0,AKEMZMhk,IWuAfYeM,5351.0
452,0,oXDhDxhT,AKEMZMhk,5351.0
452,0,twlwLPZj,oXDhDxhT,3922.0
452,0,xfbmoJHP,twlwLPZj,3887.0
1745,0,AHQzSmld,CTeFabzs,1421.0
1745,0,UWSJuCAz,AHQzSmld,1421.0
1745,0,xfYjeqNM,UWSJuCAz,1421.0
1745,0,nrUfCQxz,xfYjeqNM,1421.0
1745,0,iBiVOFur,nrUfCQxz,1144.0
1745,0,niqrIlpR,iBiVOFur,1010.0
1745,0,uVsOstge,niqrIlpR,688.0
1745,0,HTKZNJTs,uVsOstge,671.0
1745,0,qvujbmjR,HTKZNJTs,659.0
1745,0,REvIjxsO,qvujbmjR,659.0
1745,0,CylWjYTC,REvIjxsO,659.0
1745,0,yMiwNCtj,CylWjYTC,584.0
1745,0,dulnZXnF,yMiwNCtj,583.0
1745,0,RkIYOvZu,dulnZXnF,583.0
1745,0,ygKQkAfU,RkIYOvZu,583.0
712,0,TcTonWJL,HJTsgSzj,2043.0
712,0,NJSgWoOc,TcTonWJL,2039.0
712,0,RIpTuvwk,NJSgWoOc,2847.0
712,0,ubzklVlS,RIpTuvwk,3611.0
679,0,RVGhYAxc,mdGitRQe,2952.0
46,0,hTBkjNzq,hSdNxZqe,4392.0
46,0,aCcokpIU,hTBkjNzq,3724.0
46,0,IWuAfYeM,aCcokpIU,3174.0
46,0,AKEMZMhk,IWuAfYeM,3174.0
46,0,oXDhDxhT,AKEMZMhk,3173.0
46,0,twlwLPZj,oXDhDxhT,3079.0
46,0,xfbmoJHP,twlwLPZj,3020.0
1180,0,hTBkjNzq,hSdNxZqe,4467.0
1180,0,aCcokpIU,hTBkjNzq,4063.0
1180,0,IWuAfYeM,aCcokpIU,3278.0
1180,0,AKEMZMhk,IWuAfYeM,3278.0
1180,0,oXDhDxhT,AKEMZMhk,3278.0
1180,0,twlwLPZj,oXDhDxhT,3231.0
1180,0,xfbmoJHP,twlwLPZj,3231.0
1567,0,nPkrzCty,UgpyjFML,3265.0
1141,0,jIerKxIb,nPkrzCty,939.0
1672,0,frLbpljr,GwjQuetc,46.0
1672,0,FPjpeXlp,frLbpljr,46.0
1672,0,vXwparSo,FPjpeXlp,34.0
1672,0,izsRTGJN,vXwparSo,9.0
1672,0,CAuqyjUy,izsRTGJN,9.0
1672,0,cIVzRhGw,CAuqyjUy,9.0
1672,0,fxlmulxX,cIVzRhGw,9.0
1672,0,NPkfSYbt,fxlmulxX,9.0
1672,0,VWFAQayS,NPkfSYbt,9.0
990,0,WKWTpoqQ,HEshVETB,6217.0
990,0,WlkKexEs,WKWTpoqQ,6926.0
990,0,MyzUerZz,WlkKexEs,6915.0
990,0,hTBkjNzq,MyzUerZz,5746.0
984,0,cpLivUai,JFVlrPHE,1151.0
984,0,fKUdbDza,cpLivUai,1151.0
984,0,DATqCMmz,fKUdbDza,1318.0
984,0,BSeIJfkI,DATqCMmz,2122.0
297,0,JFVlrPHE,QZgueNIh,315.0
297,0,cpLivUai,JFVlrPHE,315.0
297,0,fKUdbDza,cpLivUai,315.0
297,0,DATqCMmz,fKUdbDza,315.0
297,0,ILgjTtXh,DATqCMmz,315.0
173,0,cpLivUai,JFVlrPHE,426.0
173,0,fKUdbDza,cpLivUai,426.0
173,0,DATqCMmz,fKUdbDza,426.0
173,0,ILgjTtXh,DATqCMmz,426.0
990,0,aCcokpIU,hTBkjNzq,5730.0
858,0,aHGuzSTo,KAhfQHTl,368.0
858,0,ttlZXoMn,aHGuzSTo,368.0
858,0,eYRPTRrW,ttlZXoMn,365.0
858,0,ABXRUWWW,eYRPTRrW,365.0
858,0,RobpRsZS,ABXRUWWW,365.0
858,0,NALyFlzQ,RobpRsZS,875.0
858,0,qIuTLVvj,NALyFlzQ,875.0
990,0,IWuAfYeM,aCcokpIU,4404.0
990,0,AKEMZMhk,IWuAfYeM,4404.0
990,0,oXDhDxhT,AKEMZMhk,4404.0
595,0,oSlWllmq,bgsGiKIs,387.0
595,0,FnMlnlru,oSlWllmq,387.0
966,0,SogEaGxk,isMwZYXy,1031.0
966,0,lCifaItn,SogEaGxk,1031.0
858,0,YjKQPWoa,tUQXHMzJ,166.0
858,0,KAhfQHTl,YjKQPWoa,166.0
626,0,SogEaGxk,isMwZYXy,1479.0
626,0,lCifaItn,SogEaGxk,1479.0
1071,0,ozAxYCwR,uiYVYPQX,21.0
1075,0,RzNLGwXH,UfaDzlyU,951.0
1075,0,wRYiQgEn,RzNLGwXH,951.0
1075,0,yfISbYOh,wRYiQgEn,975.0
537,0,uzcbLUNR,GOFbtMrp,74.0
537,0,zezeKItL,uzcbLUNR,74.0
537,0,VpHOqNar,zezeKItL,74.0
537,0,vDTAjOOR,VpHOqNar,74.0
537,0,UDUmRzWP,vDTAjOOR,74.0
537,0,kVWwehGs,UDUmRzWP,74.0
537,0,ixhHdGBo,kVWwehGs,74.0
537,0,agMXkLfj,ixhHdGBo,74.0
537,0,SwLVnWPq,agMXkLfj,74.0
537,0,xGsoSfhX,SwLVnWPq,74.0
1103,0,OOrUJecL,wzaIlAwh,47.0
1103,0,VniBJCzY,OOrUJecL,47.0
1103,0,RtYHfABF,VniBJCzY,45.0
597,0,JyqrAKLu,TCMQvOqy,232.0
597,0,XxhwFmzZ,JyqrAKLu,232.0
597,0,QZgueNIh,XxhwFmzZ,232.0
597,0,JFVlrPHE,QZgueNIh,322.0
597,0,cpLivUai,JFVlrPHE,322.0
597,0,fKUdbDza,cpLivUai,322.0
597,0,DATqCMmz,fKUdbDza,358.0
597,0,ILgjTtXh,DATqCMmz,358.0
597,0,XaFkCXdj,ILgjTtXh,1119.0
597,0,VQfPRvUw,qGgPbtbT,68.0
597,0,VCGhveHG,VQfPRvUw,68.0
597,0,WQdyWhSR,VCGhveHG,68.0
597,0,vCGIyJLJ,WQdyWhSR,68.0
597,0,VXthmpcS,vCGIyJLJ,90.0
597,0,xuEvBBdE,VXthmpcS,90.0
597,0,rAizOLWV,xuEvBBdE,90.0
597,0,JdZarNsv,rAizOLWV,90.0
597,0,NmilzqZp,JdZarNsv,90.0
597,0,TCMQvOqy,NmilzqZp,117.0
297,0,bCOJrgoA,qDeoslSZ,84.0
297,0,IwMXsDOu,bCOJrgoA,84.0
297,0,gOJphFVT,IwMXsDOu,84.0
297,0,dBTDkDZt,gOJphFVT,84.0
297,0,tldUULAx,dBTDkDZt,84.0
598,0,OOrUJecL,wzaIlAwh,2.0
598,0,VniBJCzY,OOrUJecL,2.0
626,0,dFlAswnV,lCifaItn,1462.0
626,0,pjTBCsVx,dFlAswnV,1462.0
487,0,PoshUaCl,VXthmpcS,13.0
487,0,tkhDcqas,PoshUaCl,13.0
487,0,jOvtnfLH,tkhDcqas,13.0
487,0,VrqtMskC,jOvtnfLH,13.0
487,0,nwGGoSvm,VrqtMskC,13.0
487,0,msGFqCDa,nwGGoSvm,13.0
487,0,AoAbuPJW,msGFqCDa,13.0
487,0,WPcaURVq,AoAbuPJW,13.0
966,0,dFlAswnV,lCifaItn,956.0
966,0,pjTBCsVx,dFlAswnV,956.0
179,0,VrqtMskC,jOvtnfLH,440.0
179,0,nwGGoSvm,VrqtMskC,440.0
179,0,msGFqCDa,nwGGoSvm,440.0
179,0,AoAbuPJW,msGFqCDa,440.0
179,0,WPcaURVq,AoAbuPJW,440.0
984,0,zLDXwGdB,BSeIJfkI,1896.0
984,0,IWsbluFe,zLDXwGdB,1896.0
984,0,SUgOBtjk,IWsbluFe,1896.0
984,0,gACwumWT,SUgOBtjk,1896.0
984,0,JtZjSNXW,gACwumWT,1896.0
297,0,SUgOBtjk,ILgjTtXh,291.0
297,0,JtZjSNXW,SUgOBtjk,291.0
173,0,SUgOBtjk,ILgjTtXh,412.0
173,0,JtZjSNXW,SUgOBtjk,412.0
919,0,UosQUisT,Jrutayet,101.0
919,0,FQOgjaka,UosQUisT,101.0
919,0,URvEqJxF,FQOgjaka,101.0
919,0,JalqBTeK,URvEqJxF,101.0
919,0,UAwQbGIv,JalqBTeK,101.0
919,0,HyvnzuHA,UAwQbGIv,101.0
1057,0,tTbFYEPP,eIBTCCCb,115.0
626,0,XMFZXZdV,pjTBCsVx,1147.0
966,0,XMFZXZdV,pjTBCsVx,796.0
179,0,shsbwlrM,WPcaURVq,367.0
179,0,WgelRheP,shsbwlrM,367.0
626,0,MBttAlCW,ZAfIffxq,495.0
729,0,yTOnYgGF,EsTStEav,14.0
729,0,mXosqjnx,yTOnYgGF,14.0
177,0,DzkWADkh,tBgOcvQf,1664.0
177,0,MjMnNBLG,DzkWADkh,1664.0
177,0,XiRzIewe,MjMnNBLG,1664.0
177,0,udKeccMr,XiRzIewe,2174.0
177,0,HEshVETB,udKeccMr,2174.0
177,0,WKWTpoqQ,HEshVETB,2174.0
1366,0,YmkUpvHU,qKeCDDXI,2246.0
1366,0,WOOyqinT,YmkUpvHU,2246.0
1366,0,mnkgCFDT,WOOyqinT,2246.0
1366,0,svgtEcQx,mnkgCFDT,2244.0
1366,0,HcPkwFHM,svgtEcQx,2103.0
1366,0,KjuJaNsu,HcPkwFHM,2103.0
1366,0,oNyGHMvy,KjuJaNsu,2087.0
1366,0,vSdfqYeK,oNyGHMvy,1941.0
1366,0,wDpyEsxh,vSdfqYeK,1941.0
1366,0,jIerKxIb,wDpyEsxh,1929.0
1366,0,IubGYoNi,jIerKxIb,1842.0
1366,0,fmQEzQWV,IubGYoNi,1750.0
1366,0,BpAiVnps,fmQEzQWV,1598.0
501,0,QontmjvH,JIllbhjr,258.0
501,0,flXjJYer,QontmjvH,258.0
501,0,oBtsEQRM,flXjJYer,258.0
501,0,UFoaQvGg,oBtsEQRM,258.0
501,0,yHDouIXe,UFoaQvGg,258.0
501,0,aFlzccOO,yHDouIXe,258.0
501,0,XAxmwtqw,aFlzccOO,258.0
501,0,ThGrfpxl,XAxmwtqw,258.0
501,0,TUpCuZAw,ThGrfpxl,216.0
501,0,HYfXIyFk,TUpCuZAw,216.0
501,0,oQvXmJfL,HYfXIyFk,216.0
501,0,yayPNqiY,oQvXmJfL,216.0
501,0,pOvHFZPM,yayPNqiY,216.0
501,0,hOGVczfj,pOvHFZPM,216.0
501,0,kXtCwJQx,hOGVczfj,216.0
501,0,UZvsWvxC,kXtCwJQx,216.0
501,0,Afgbwxue,UZvsWvxC,216.0
501,0,yHOAvGcL,Afgbwxue,165.0
501,0,AHQzSmld,yHOAvGcL,165.0
501,0,UWSJuCAz,AHQzSmld,165.0
501,0,xfYjeqNM,UWSJuCAz,165.0
501,0,nrUfCQxz,xfYjeqNM,165.0
501,0,iBiVOFur,nrUfCQxz,130.0
501,0,UECnapuN,iBiVOFur,130.0
501,0,uVsOstge,UECnapuN,130.0
501,0,HTKZNJTs,uVsOstge,130.0
501,0,qvujbmjR,HTKZNJTs,129.0
501,0,REvIjxsO,qvujbmjR,129.0
501,0,CylWjYTC,REvIjxsO,129.0
501,0,yMiwNCtj,CylWjYTC,113.0
501,0,dulnZXnF,yMiwNCtj,113.0
501,0,RkIYOvZu,dulnZXnF,113.0
501,0,ygKQkAfU,RkIYOvZu,113.0
597,0,HcOWfPMU,XaFkCXdj,731.0
597,0,bbaQRYSI,oVNIhiyF,4.0
597,0,lDHqxCQW,bbaQRYSI,4.0
597,0,qGgPbtbT,lDHqxCQW,4.0
273,0,fkZFUNSd,TrOiZJox,2700.0
273,0,JYrrjUtU,fkZFUNSd,2700.0
273,0,cttUtMNm,JYrrjUtU,2700.0
273,0,wHfmVQMh,cttUtMNm,2653.0
273,0,mdGitRQe,wHfmVQMh,2290.0
273,0,RVGhYAxc,mdGitRQe,2060.0
626,0,DxyTpirl,XMFZXZdV,546.0
626,0,xvojPNrb,DxyTpirl,546.0
626,0,ZAfIffxq,xvojPNrb,546.0
966,0,DxyTpirl,XMFZXZdV,439.0
966,0,xvojPNrb,DxyTpirl,439.0
966,0,ZAfIffxq,xvojPNrb,439.0
625,0,XwjzzvVV,WgelRheP,463.0
625,0,exwEUcIO,XwjzzvVV,463.0
625,0,jisQZBDs,exwEUcIO,463.0
625,0,NcoWExwJ,jisQZBDs,438.0
625,0,hygBouPP,NcoWExwJ,438.0
625,0,iPzquFzR,hygBouPP,438.0
990,0,twlwLPZj,oXDhDxhT,4026.0
990,0,xfbmoJHP,twlwLPZj,4026.0
170,0,FCeDiZsN,CFztBFJQ,1425.0
595,0,twlwLPZj,cMdRoPmQ,395.0
595,0,NjRgIRup,twlwLPZj,210.0
1103,0,JKycCNae,RtYHfABF,42.0
1103,0,cMdRoPmQ,JKycCNae,42.0
1103,0,twlwLPZj,cMdRoPmQ,42.0
1103,0,NjRgIRup,twlwLPZj,34.0
1064,0,AGDZrVfo,IWkYeNgA,2328.0
1064,0,IWkYeNgA,uiSiNEQq,2303.0
129,0,huecLIWR,aeqnymTn,4.0
129,0,ttuFHhig,huecLIWR,5.0
129,0,WjngiDTm,ttuFHhig,5.0
129,0,jEhGDfoN,WjngiDTm,5.0
129,0,hPntpWoI,jEhGDfoN,232.0
129,0,aLFpJPgR,hPntpWoI,406.0
129,0,cZLwCFQo,aLFpJPgR,410.0
129,0,rxrORjnb,cZLwCFQo,410.0
129,0,UVDfwOgc,rxrORjnb,408.0
129,0,HdBHspFM,UVDfwOgc,408.0
129,0,TJDsQDoO,HdBHspFM,402.0
129,0,yTictHOU,TJDsQDoO,402.0
129,0,sTaleXyI,yTictHOU,402.0
129,0,illGQStO,sTaleXyI,399.0
129,0,AUrIxxcC,illGQStO,399.0
129,0,zqZasXpA,AUrIxxcC,399.0
129,0,EYGEAZtD,zqZasXpA,399.0
129,0,AJLJQqsT,EYGEAZtD,399.0
129,0,NCSBLEus,AJLJQqsT,399.0
129,0,xfbmoJHP,NCSBLEus,350.0
122,0,MKKzwAOv,GEijdcGW,60.0
122,0,mhDCqtpx,MKKzwAOv,56.0
122,0,TJDsQDoO,mhDCqtpx,56.0
122,0,yTictHOU,TJDsQDoO,27.0
122,0,sTaleXyI,yTictHOU,27.0
122,0,illGQStO,sTaleXyI,27.0
122,0,AUrIxxcC,illGQStO,27.0
122,0,zqZasXpA,AUrIxxcC,26.0
122,0,EYGEAZtD,zqZasXpA,26.0
122,0,AJLJQqsT,EYGEAZtD,26.0
122,0,NCSBLEus,AJLJQqsT,24.0
122,0,xfbmoJHP,NCSBLEus,24.0
1065,0,rxrORjnb,MJvZDjlV,724.0
1065,0,UVDfwOgc,rxrORjnb,724.0
1065,0,TJDsQDoO,UVDfwOgc,724.0
1065,0,yTictHOU,TJDsQDoO,724.0
1065,0,illGQStO,yTictHOU,724.0
1065,0,AUrIxxcC,illGQStO,659.0
1065,0,zqZasXpA,AUrIxxcC,659.0
1065,0,EYGEAZtD,zqZasXpA,659.0
1065,0,AJLJQqsT,EYGEAZtD,659.0
1065,0,NCSBLEus,AJLJQqsT,657.0
1065,0,xfbmoJHP,NCSBLEus,657.0
1065,0,MJvZDjlV,cdqhrjBE,715.0
924,0,HyvnzuHA,SJvhYGxR,1173.0
924,0,SJvhYGxR,HfcobGNa,1151.0
1176,0,PyfNKmSh,IAmXeTgg,159.0
924,0,EmJpSDwd,TExCPNxk,1112.0
924,0,jjHnlXVx,EmJpSDwd,1112.0
924,0,zmlEwfKx,jjHnlXVx,1108.0
924,0,BvLvsPYo,zmlEwfKx,1131.0
924,0,NcoKemSg,BvLvsPYo,1131.0
924,0,HfcobGNa,NcoKemSg,1131.0
924,0,BvinbONJ,FbaONibz,1067.0
924,0,GfvuifIZ,BvinbONJ,1086.0
924,0,TExCPNxk,GfvuifIZ,1086.0
924,0,LpwxWatG,rwLqimtK,779.0
924,0,FbaONibz,LpwxWatG,779.0
858,0,tUQXHMzJ,VPnRvCbn,156.0
121,0,MgfOYJbA,UCALextd,8.0
121,0,qIuTLVvj,MgfOYJbA,5.0
121,0,spmlaYUs,qIuTLVvj,3.0
121,0,qqDoWQdv,spmlaYUs,3.0
121,0,eymgjBxV,qqDoWQdv,3.0
121,0,EonJeQKz,eymgjBxV,3.0
121,0,vkWqgNph,EonJeQKz,3.0
121,0,nJRQzVZQ,vkWqgNph,3.0
121,0,xunvufHj,nJRQzVZQ,3.0
121,0,AhlYGwKp,xunvufHj,3.0
121,0,rxrORjnb,AhlYGwKp,3.0
121,0,UVDfwOgc,rxrORjnb,3.0
121,0,HdBHspFM,UVDfwOgc,3.0
121,0,TJDsQDoO,HdBHspFM,3.0
121,0,yTictHOU,TJDsQDoO,3.0
121,0,sTaleXyI,yTictHOU,3.0
121,0,illGQStO,sTaleXyI,3.0
121,0,AUrIxxcC,illGQStO,2.0
121,0,zqZasXpA,AUrIxxcC,2.0
121,0,EYGEAZtD,zqZasXpA,2.0
121,0,AJLJQqsT,EYGEAZtD,2.0
121,0,NCSBLEus,AJLJQqsT,2.0
121,0,xfbmoJHP,NCSBLEus,2.0
924,0,FvRjKBvU,TJeJnSDd,541.0
924,0,wuQzPlvL,FvRjKBvU,551.0
924,0,NacgxEEi,wuQzPlvL,551.0
924,0,ZbMvdFLw,NacgxEEi,551.0
924,0,JUGtNdnF,ZbMvdFLw,551.0
924,0,buTfkkhk,JUGtNdnF,551.0
924,0,rwLqimtK,buTfkkhk,747.0
926,0,JmVfbKXA,eebyhqqT,15.0
926,0,noGdINij,JmVfbKXA,24.0
926,0,UXYZCAgB,noGdINij,24.0
926,0,jjHnlXVx,UXYZCAgB,26.0
926,0,zmlEwfKx,jjHnlXVx,26.0
926,0,BvLvsPYo,zmlEwfKx,26.0
926,0,NcoKemSg,BvLvsPYo,26.0
926,0,HfcobGNa,NcoKemSg,26.0
926,0,SJvhYGxR,HfcobGNa,26.0
926,0,HyvnzuHA,SJvhYGxR,26.0
926,0,TNTzUMyF,HyvnzuHA,6.0
926,0,avRuCqLk,TNTzUMyF,6.0
926,0,wIAALBva,avRuCqLk,6.0
926,0,nxBXRnVc,wIAALBva,6.0
926,0,sXWHYDNZ,nxBXRnVc,6.0
926,0,VKAAZZOV,sXWHYDNZ,6.0
926,0,Vtdujofe,VKAAZZOV,6.0
926,0,edTVGmZc,Vtdujofe,6.0
926,0,iqwCaPZT,edTVGmZc,6.0
926,0,qqDoWQdv,iqwCaPZT,6.0
926,0,eymgjBxV,qqDoWQdv,6.0
926,0,EonJeQKz,eymgjBxV,6.0
926,0,vkWqgNph,EonJeQKz,6.0
926,0,nJRQzVZQ,vkWqgNph,6.0
926,0,xunvufHj,nJRQzVZQ,6.0
926,0,rxrORjnb,xunvufHj,6.0
926,0,UVDfwOgc,rxrORjnb,4.0
926,0,TJDsQDoO,UVDfwOgc,4.0
926,0,yTictHOU,TJDsQDoO,4.0
926,0,sTaleXyI,yTictHOU,4.0
926,0,illGQStO,sTaleXyI,4.0
926,0,AUrIxxcC,illGQStO,4.0
926,0,zqZasXpA,AUrIxxcC,4.0
926,0,EYGEAZtD,zqZasXpA,4.0
926,0,AJLJQqsT,EYGEAZtD,4.0
926,0,NCSBLEus,AJLJQqsT,4.0
926,0,xfbmoJHP,NCSBLEus,4.0
913,0,hnwTnEQV,wBOkqIeG,379.0
913,0,IKquIbHX,hnwTnEQV,379.0
913,0,oGdoEyKI,IKquIbHX,379.0
913,0,ehvgRqdw,oGdoEyKI,379.0
913,0,WoPCDSeI,ehvgRqdw,448.0
913,0,KKHFrKGl,WoPCDSeI,448.0
913,0,ltPLChrK,KKHFrKGl,395.0
913,0,FwvYcAgk,ltPLChrK,395.0
913,0,mgDGiHEE,FwvYcAgk,395.0
913,0,dQOncjgh,mgDGiHEE,384.0
913,0,QiaFfhxS,dQOncjgh,384.0
913,0,rilNZKmg,QiaFfhxS,384.0
913,0,MgfOYJbA,rilNZKmg,384.0
913,0,qIuTLVvj,MgfOYJbA,384.0
913,0,spmlaYUs,qIuTLVvj,367.0
913,0,qqDoWQdv,spmlaYUs,367.0
913,0,eymgjBxV,qqDoWQdv,236.0
913,0,EonJeQKz,eymgjBxV,236.0
913,0,vkWqgNph,EonJeQKz,236.0
913,0,nJRQzVZQ,vkWqgNph,236.0
913,0,xunvufHj,nJRQzVZQ,235.0
913,0,rxrORjnb,xunvufHj,235.0
913,0,UVDfwOgc,rxrORjnb,235.0
913,0,TJDsQDoO,UVDfwOgc,234.0
913,0,yTictHOU,TJDsQDoO,234.0
913,0,sTaleXyI,yTictHOU,234.0
913,0,illGQStO,sTaleXyI,234.0
913,0,AUrIxxcC,illGQStO,234.0
913,0,zqZasXpA,AUrIxxcC,234.0
913,0,EYGEAZtD,zqZasXpA,234.0
913,0,AJLJQqsT,EYGEAZtD,234.0
913,0,NCSBLEus,AJLJQqsT,234.0
913,0,xfbmoJHP,NCSBLEus,204.0
913,0,mEqtlIiP,jZLvbydT,167.0
913,0,pNfwvVoI,mEqtlIiP,167.0
913,0,sqkVVOFh,pNfwvVoI,168.0
913,0,DXDxufRt,sqkVVOFh,311.0
913,0,rnnOUpAJ,DXDxufRt,314.0
913,0,NKETZQBF,rnnOUpAJ,314.0
913,0,BcAnDlhE,NKETZQBF,314.0
913,0,gOHjFflk,BcAnDlhE,326.0
913,0,SteiLorf,gOHjFflk,340.0
913,0,NbdCRqNf,SteiLorf,350.0
913,0,smhnGuEj,NbdCRqNf,350.0
913,0,yrrrlzqi,smhnGuEj,350.0
913,0,GUgiDKEG,yrrrlzqi,350.0
913,0,IsszqyIy,GUgiDKEG,350.0
913,0,wBOkqIeG,IsszqyIy,352.0
764,0,aviECmtd,bSXtWlOz,56.0
764,0,LMgpokYk,aviECmtd,56.0
764,0,vafAyuvT,LMgpokYk,56.0
764,0,lPyqbuiQ,vafAyuvT,56.0
764,0,uAaGlvRh,lPyqbuiQ,56.0
764,0,GWRhXmMO,uAaGlvRh,56.0
764,0,pLpkESor,GWRhXmMO,56.0
764,0,mgDGiHEE,pLpkESor,61.0
764,0,dQOncjgh,mgDGiHEE,43.0
764,0,QiaFfhxS,dQOncjgh,42.0
764,0,rilNZKmg,QiaFfhxS,42.0
764,0,MgfOYJbA,rilNZKmg,41.0
764,0,qIuTLVvj,MgfOYJbA,41.0
764,0,spmlaYUs,qIuTLVvj,38.0
764,0,qqDoWQdv,spmlaYUs,38.0
764,0,eymgjBxV,qqDoWQdv,38.0
764,0,EonJeQKz,eymgjBxV,38.0
764,0,vkWqgNph,EonJeQKz,38.0
764,0,nJRQzVZQ,vkWqgNph,38.0
764,0,xunvufHj,nJRQzVZQ,30.0
764,0,rxrORjnb,xunvufHj,30.0
764,0,UVDfwOgc,rxrORjnb,30.0
764,0,TJDsQDoO,UVDfwOgc,30.0
764,0,yTictHOU,TJDsQDoO,30.0
764,0,sTaleXyI,yTictHOU,30.0
764,0,illGQStO,sTaleXyI,30.0
764,0,AUrIxxcC,illGQStO,30.0
764,0,zqZasXpA,AUrIxxcC,30.0
764,0,EYGEAZtD,zqZasXpA,30.0
764,0,AJLJQqsT,EYGEAZtD,30.0
764,0,NCSBLEus,AJLJQqsT,30.0
764,0,xfbmoJHP,NCSBLEus,30.0
764,0,bSXtWlOz,MbBQjXCf,34.0
916,0,efsWTgFW,oSDoGnju,305.0
916,0,csuoPXTA,efsWTgFW,305.0
916,0,NOXvlGiG,csuoPXTA,305.0
916,0,WoPCDSeI,NOXvlGiG,305.0
916,0,ZVaoBYIn,WoPCDSeI,305.0
916,0,KKHFrKGl,ZVaoBYIn,305.0
916,0,Erqjkxzk,KKHFrKGl,277.0
916,0,ltPLChrK,Erqjkxzk,277.0
916,0,FwvYcAgk,ltPLChrK,277.0
916,0,mgDGiHEE,FwvYcAgk,277.0
916,0,dQOncjgh,mgDGiHEE,274.0
916,0,QiaFfhxS,dQOncjgh,274.0
916,0,rilNZKmg,QiaFfhxS,274.0
916,0,MgfOYJbA,rilNZKmg,274.0
916,0,qIuTLVvj,MgfOYJbA,274.0
916,0,spmlaYUs,qIuTLVvj,274.0
916,0,qqDoWQdv,spmlaYUs,274.0
916,0,eymgjBxV,qqDoWQdv,245.0
916,0,EonJeQKz,eymgjBxV,245.0
916,0,vkWqgNph,EonJeQKz,245.0
916,0,nJRQzVZQ,vkWqgNph,245.0
916,0,xunvufHj,nJRQzVZQ,244.0
916,0,rxrORjnb,xunvufHj,244.0
916,0,UVDfwOgc,rxrORjnb,244.0
916,0,TJDsQDoO,UVDfwOgc,244.0
916,0,yTictHOU,TJDsQDoO,244.0
916,0,sTaleXyI,yTictHOU,244.0
916,0,illGQStO,sTaleXyI,244.0
916,0,AUrIxxcC,illGQStO,243.0
916,0,zqZasXpA,AUrIxxcC,243.0
916,0,EYGEAZtD,zqZasXpA,243.0
916,0,AJLJQqsT,EYGEAZtD,243.0
916,0,NCSBLEus,AJLJQqsT,243.0
916,0,xfbmoJHP,NCSBLEus,229.0
764,0,COEDLowM,hPReecFP,5.0
764,0,Auhwfubg,COEDLowM,5.0
764,0,MbBQjXCf,Auhwfubg,5.0
736,0,FZsFzszJ,gzTQJVMW,8572.0
736,0,KgwKZlse,FZsFzszJ,8287.0
736,0,AoRkaUmb,KgwKZlse,8280.0
736,0,ALhaazBT,AoRkaUmb,8280.0
736,0,YqlTLIQa,ALhaazBT,7928.0
736,0,AUmOMGnp,YqlTLIQa,7867.0
736,0,XFPAZveS,AUmOMGnp,7460.0
736,0,ojqTFFWy,XFPAZveS,5379.0
736,0,gzTQJVMW,RVEyrwjR,11794.0
562,0,saVSzyYs,TEuwlied,158.0
562,0,gzkuviLm,saVSzyYs,158.0
562,0,CkzMckPC,gzkuviLm,158.0
562,0,WywmvGMH,CkzMckPC,158.0
562,0,AesbwnPs,WywmvGMH,158.0
562,0,hzAARBgX,AesbwnPs,158.0
562,0,IjDfGHsr,hzAARBgX,158.0
562,0,TFRpjaAo,IjDfGHsr,158.0
562,0,JhdinCeD,TFRpjaAo,158.0
562,0,ZIieNEvD,JhdinCeD,158.0
562,0,jvLymITs,ZIieNEvD,158.0
562,0,jJVVpGMf,jvLymITs,149.0
562,0,tcYerYbk,jJVVpGMf,149.0
562,0,pPKqPUVW,tcYerYbk,149.0
562,0,iYTiOTOT,pPKqPUVW,149.0
562,0,dLtneiKf,iYTiOTOT,149.0
562,0,slfxTuih,dLtneiKf,149.0
562,0,XFPAZveS,slfxTuih,149.0
562,0,ojqTFFWy,XFPAZveS,146.0
823,0,iHPgoVQd,AlojXgfn,78.0
823,0,LEMCEoBI,iHPgoVQd,81.0
823,0,VbipnzIy,LEMCEoBI,81.0
823,0,vLvetIEj,VbipnzIy,84.0
823,0,veZdNrwJ,vLvetIEj,84.0
823,0,UHrZZaJI,veZdNrwJ,84.0
823,0,XYPsfiKq,UHrZZaJI,84.0
823,0,EZonlaGf,XYPsfiKq,86.0
823,0,ZLCIvgrp,EZonlaGf,98.0
823,0,ucVTqZIB,ZLCIvgrp,98.0
823,0,FDrhtNjK,ucVTqZIB,98.0
823,0,YVGWiGkc,FDrhtNjK,98.0
823,0,CqPWXNIf,YVGWiGkc,98.0
823,0,iZfXNAue,CqPWXNIf,98.0
823,0,OXvlrfnG,iZfXNAue,40.0
823,0,CgMBzfIg,OXvlrfnG,40.0
823,0,BCwVkMhO,CgMBzfIg,40.0
823,0,MpBHVRZl,BCwVkMhO,40.0
823,0,BWKNZpmt,MpBHVRZl,17.0
823,0,hMBIVszx,BWKNZpmt,17.0
823,0,JgVaSAtG,hMBIVszx,17.0
823,0,QyfZGsFT,JgVaSAtG,17.0
823,0,selTNsQi,QyfZGsFT,17.0
823,0,SfBAqteg,selTNsQi,17.0
823,0,obGcbWvT,SfBAqteg,17.0
823,0,wssOAckJ,obGcbWvT,16.0
823,0,zzxlwhdI,wssOAckJ,16.0
823,0,SEcoeimf,zzxlwhdI,16.0
823,0,fzmnvqlX,SEcoeimf,9.0
823,0,RyhuDLev,fzmnvqlX,9.0
823,0,KnIeolpt,RyhuDLev,9.0
823,0,GMrJWgHs,KnIeolpt,9.0
823,0,tTjpyeuP,GMrJWgHs,9.0
823,0,elxmPCDf,tTjpyeuP,9.0
823,0,tcbhlVZo,elxmPCDf,9.0
823,0,ZqBGCTqq,tcbhlVZo,7.0
823,0,HxnLIWQq,ZqBGCTqq,7.0
823,0,wqGWmwVd,HxnLIWQq,7.0
823,0,ACkvbmee,wqGWmwVd,7.0
823,0,FtWuEuzF,ACkvbmee,7.0
823,0,RtTLxXUv,FtWuEuzF,7.0
823,0,JGydtICe,RtTLxXUv,7.0
823,0,xbhuXgnr,JGydtICe,7.0
823,0,zjGRmLyo,xbhuXgnr,7.0
823,0,EXTmTMKf,zjGRmLyo,7.0
823,0,yfIoPTHo,EXTmTMKf,7.0
823,0,GnOurcjN,yfIoPTHo,7.0
823,0,vHkAlmCm,GnOurcjN,7.0
823,0,WynPMslR,vHkAlmCm,7.0
823,0,qjwSVoCq,WynPMslR,7.0
823,0,WvPJYXMk,qjwSVoCq,7.0
543,0,ocvrxaqr,FhTsxOaf,9.0
543,0,aYZQdfnX,ocvrxaqr,9.0
543,0,oUbtCHRB,aYZQdfnX,9.0
543,0,mNfpWfKJ,oUbtCHRB,9.0
543,0,kSklWvZO,mNfpWfKJ,9.0
543,0,wVKhsyCZ,kSklWvZO,9.0
543,0,oZJRchiN,wVKhsyCZ,9.0
543,0,xmGwLlME,oZJRchiN,9.0
543,0,KcBICYpI,xmGwLlME,9.0
543,0,XQiQvefE,KcBICYpI,9.0
543,0,eyUKPfnA,XQiQvefE,9.0
543,0,ZgqhsueA,eyUKPfnA,6.0
543,0,YvwuVYMF,ZgqhsueA,6.0
543,0,FZsFzszJ,YvwuVYMF,6.0
543,0,ALhaazBT,FZsFzszJ,6.0
543,0,ZijVddwt,ALhaazBT,6.0
1184,0,FkPbDkgy,eoIplMjv,107.0
1184,0,kVWIKiQU,FkPbDkgy,99.0
1184,0,apXGdFyI,kVWIKiQU,6.0
1184,0,RmlHIOuG,apXGdFyI,6.0
1184,0,lyEmHaNr,RmlHIOuG,6.0
1184,0,wzWDodFe,lyEmHaNr,6.0
1184,0,siPRjksc,wzWDodFe,6.0
1184,0,GIlSPhwi,siPRjksc,6.0
1184,0,ZPJGdbAJ,GIlSPhwi,6.0
1184,0,xfbmoJHP,ZPJGdbAJ,6.0
1176,0,tHYrXQBJ,DsTGnVil,1051.0
1176,0,cIVzRhGw,tHYrXQBJ,1051.0
1176,0,fxlmulxX,cIVzRhGw,1051.0
1176,0,NPkfSYbt,fxlmulxX,1051.0
1176,0,TCQmGnBb,IzKulrBJ,1035.0
1176,0,JJzKKoaf,TCQmGnBb,1035.0
1176,0,DsTGnVil,JJzKKoaf,1186.0
1065,0,yQXZAhRQ,OfWHUDWP,706.0
1065,0,jfvbdeGs,yQXZAhRQ,706.0
1065,0,cdqhrjBE,jfvbdeGs,706.0
1076,0,XDHbYGPc,hPGLMLbU,1389.0
1076,0,qRqIHRjS,XDHbYGPc,1389.0
1076,0,QFkvaGqn,qRqIHRjS,1383.0
1076,0,NxijJQZJ,QFkvaGqn,1383.0
1076,0,zWZbZUaa,NxijJQZJ,1355.0
1111,0,fwlhPJed,ApUtMocY,328.0
1111,0,KGmhUhiY,fwlhPJed,328.0
1111,0,yMrMMnQF,KGmhUhiY,328.0
1111,0,dlQsfdCi,yMrMMnQF,328.0
1111,0,HsmdKMgN,dlQsfdCi,328.0
1111,0,cWOjTgHp,HsmdKMgN,328.0
1111,0,NJsqxdTd,cWOjTgHp,328.0
1111,0,hfbFGrBz,NJsqxdTd,328.0
1111,0,YtTJoBxm,hfbFGrBz,328.0
1111,0,AlpXiRiW,YtTJoBxm,328.0
1111,0,cyLrdsLq,AlpXiRiW,209.0
1111,0,pVHZNTmW,cyLrdsLq,201.0
1111,0,qLlyWzVq,pVHZNTmW,201.0
1111,0,lGJIVvqE,qLlyWzVq,201.0
1111,0,CkiKkxJQ,lGJIVvqE,197.0
1111,0,AdloNpXg,CkiKkxJQ,195.0
1111,0,BmBzVYhd,AdloNpXg,195.0
1111,0,YcVwXeam,BmBzVYhd,185.0
1111,0,DDFCohxX,YcVwXeam,185.0
1111,0,NfMyQHAw,DDFCohxX,185.0
1111,0,PfZAlPvE,NfMyQHAw,176.0
1111,0,UlmLxwtK,PfZAlPvE,176.0
1111,0,nLuZmKFz,UlmLxwtK,169.0
1111,0,nJRQzVZQ,nLuZmKFz,169.0
1111,0,rxrORjnb,nJRQzVZQ,152.0
1111,0,TJDsQDoO,rxrORjnb,151.0
1111,0,yTictHOU,TJDsQDoO,151.0
1111,0,illGQStO,yTictHOU,148.0
1111,0,zqZasXpA,illGQStO,136.0
1111,0,AJLJQqsT,zqZasXpA,136.0
1111,0,NCSBLEus,AJLJQqsT,130.0
1111,0,xfbmoJHP,NCSBLEus,99.0
1111,0,ApUtMocY,IypCuTzh,338.0
1111,0,IypCuTzh,bqxardHa,323.0
619,0,tWpVdCtj,ArHpJhVJ,305.0
619,0,EdJUuxct,tWpVdCtj,305.0
619,0,gmiMCrrb,EdJUuxct,305.0
619,0,OoNwiPDT,gmiMCrrb,317.0
619,0,ftvNhZKM,OoNwiPDT,317.0
619,0,KLTxOJqh,ftvNhZKM,317.0
619,0,VLKPcfHc,KLTxOJqh,317.0
619,0,idAQxYim,VLKPcfHc,317.0
619,0,ldInPGbn,idAQxYim,318.0
619,0,WGEhEMgb,ldInPGbn,319.0
619,0,WblAIghg,WGEhEMgb,319.0
619,0,yXfOYhmg,WblAIghg,319.0
619,0,cHOtlpNd,yXfOYhmg,319.0
619,0,bDgEiJAh,cHOtlpNd,319.0
619,0,HYSXwpsm,bDgEiJAh,319.0
619,0,MAxpakLW,HYSXwpsm,319.0
619,0,iTmItNpT,MAxpakLW,319.0
619,0,ijmqRmKp,iTmItNpT,321.0
619,0,eDjMEvVD,ijmqRmKp,322.0
619,0,EsrGPUnZ,eDjMEvVD,326.0
619,0,pobpsCoK,EsrGPUnZ,326.0
619,0,FzyHNJLL,pobpsCoK,334.0
619,0,HdLAxGDi,FzyHNJLL,335.0
966,0,MBttAlCW,ZAfIffxq,374.0
616,0,OyNIynZV,DYKvrufv,198.0
616,0,ydoNqUsu,OyNIynZV,199.0
616,0,eOdwAkBF,ydoNqUsu,477.0
616,0,FDCDnriY,eOdwAkBF,477.0
616,0,DCdKJxNH,FDCDnriY,477.0
616,0,DsuTXcIa,DCdKJxNH,405.0
616,0,bgWfLree,DsuTXcIa,726.0
616,0,nUYnioIh,bgWfLree,726.0
616,0,UAkhVpHN,nUYnioIh,726.0
616,0,mVhkAqwx,UAkhVpHN,726.0
1054,0,TjHiuybL,lxkWqJCv,211.0
1054,0,rGxpSglN,TjHiuybL,211.0
1054,0,Rpsmzdru,rGxpSglN,243.0
1054,0,rluMkzbt,Rpsmzdru,243.0
1054,0,oTXyBJNn,rluMkzbt,215.0
1054,0,AIvMrZbX,oTXyBJNn,211.0
1054,0,DFuWYygu,AIvMrZbX,211.0
1054,0,iKWaHdND,DFuWYygu,211.0
1054,0,sZMRTtVP,iKWaHdND,211.0
1054,0,INegqJKU,sZMRTtVP,211.0
619,0,gozRELiL,HdLAxGDi,330.0
123,0,rluMkzbt,rREIWzym,27.0
123,0,oTXyBJNn,rluMkzbt,27.0
123,0,AIvMrZbX,oTXyBJNn,27.0
123,0,DFuWYygu,AIvMrZbX,27.0
123,0,iKWaHdND,DFuWYygu,27.0
123,0,sZMRTtVP,iKWaHdND,27.0
123,0,INegqJKU,sZMRTtVP,27.0
123,0,rREIWzym,TmbwpUyz,37.0
123,0,CxeJhmQn,PcvuCqyL,36.0
123,0,TmbwpUyz,CxeJhmQn,36.0
619,0,AKdDiXyV,qdrjbHYS,301.0
619,0,gRuqifBH,AKdDiXyV,301.0
619,0,kZdBhxvo,gRuqifBH,302.0
619,0,ZBkAAevT,kZdBhxvo,302.0
619,0,cMinRgYB,ZBkAAevT,302.0
619,0,LRmPOeoe,cMinRgYB,302.0
619,0,tBNXSyMW,LRmPOeoe,302.0
619,0,ArHpJhVJ,tBNXSyMW,302.0
619,0,eIBTCCCb,gozRELiL,325.0
1063,0,ygaPVVOX,NjRgIRup,2401.0
1063,0,SgmzKmGa,ygaPVVOX,2412.0
1063,0,oaiHprKy,SgmzKmGa,2416.0
1063,0,EKGAgXOm,oaiHprKy,2416.0
1063,0,RqCzrtQl,EKGAgXOm,2416.0
1063,0,CfDISmMN,RqCzrtQl,2419.0
1063,0,RpAFtJSl,CfDISmMN,2419.0
1063,0,PcvuCqyL,RpAFtJSl,2419.0
1063,0,CxeJhmQn,PcvuCqyL,2457.0
1063,0,TmbwpUyz,CxeJhmQn,2457.0
1063,0,rREIWzym,TmbwpUyz,2457.0
1063,0,rluMkzbt,rREIWzym,2461.0
1063,0,oTXyBJNn,rluMkzbt,2464.0
1063,0,AIvMrZbX,oTXyBJNn,2464.0
1063,0,DFuWYygu,AIvMrZbX,2464.0
1063,0,iKWaHdND,DFuWYygu,2464.0
1063,0,sZMRTtVP,iKWaHdND,2464.0
1063,0,gozRELiL,sZMRTtVP,2464.0
1063,0,eIBTCCCb,gozRELiL,2475.0
1048,0,rluMkzbt,hSpdOQMh,4.0
860,0,jkZnMKOY,DJFnuQGw,12.0
860,0,tpbgDvvo,jkZnMKOY,5.0
860,0,qqDoWQdv,tpbgDvvo,5.0
860,0,eymgjBxV,qqDoWQdv,1.0
860,0,EonJeQKz,eymgjBxV,1.0
860,0,vkWqgNph,EonJeQKz,1.0
860,0,nJRQzVZQ,vkWqgNph,1.0
860,0,xunvufHj,nJRQzVZQ,1.0
860,0,rxrORjnb,xunvufHj,1.0
860,0,UVDfwOgc,rxrORjnb,1.0
860,0,TJDsQDoO,UVDfwOgc,1.0
1059,0,TsaeiIGv,EkWBPXmr,8.0
1059,0,OsBkWRQx,TsaeiIGv,157.0
1059,0,udlIzhJE,OsBkWRQx,157.0
1059,0,DeduXMzE,udlIzhJE,299.0
1059,0,GXHjZCTL,DeduXMzE,299.0
1059,0,yolIeCeg,GXHjZCTL,299.0
1059,0,ozAxYCwR,yolIeCeg,299.0
1059,0,qdrjbHYS,ozAxYCwR,299.0
1059,0,AKdDiXyV,qdrjbHYS,336.0
1059,0,gRuqifBH,AKdDiXyV,337.0
1059,0,kZdBhxvo,gRuqifBH,358.0
1059,0,ZBkAAevT,kZdBhxvo,358.0
1059,0,cMinRgYB,ZBkAAevT,358.0
1059,0,LRmPOeoe,cMinRgYB,358.0
1059,0,tBNXSyMW,LRmPOeoe,358.0
1059,0,ArHpJhVJ,tBNXSyMW,358.0
1059,0,tWpVdCtj,ArHpJhVJ,366.0
1059,0,EdJUuxct,tWpVdCtj,366.0
1059,0,gmiMCrrb,EdJUuxct,366.0
1059,0,DzkWADkh,gmiMCrrb,390.0
1059,0,MjMnNBLG,DzkWADkh,390.0
1059,0,XiRzIewe,MjMnNBLG,390.0
1059,0,HEshVETB,XiRzIewe,402.0
1059,0,WKWTpoqQ,HEshVETB,402.0
1059,0,WlkKexEs,WKWTpoqQ,404.0
1059,0,MyzUerZz,WlkKexEs,404.0
1059,0,hTBkjNzq,MyzUerZz,404.0
1059,0,aCcokpIU,hTBkjNzq,404.0
1059,0,IWuAfYeM,aCcokpIU,426.0
1059,0,AKEMZMhk,IWuAfYeM,426.0
1059,0,oXDhDxhT,AKEMZMhk,426.0
1059,0,twlwLPZj,oXDhDxhT,437.0
1059,0,NjRgIRup,twlwLPZj,437.0
1059,0,ygaPVVOX,NjRgIRup,257.0
1059,0,SgmzKmGa,ygaPVVOX,234.0
922,0,ygaPVVOX,NjRgIRup,3218.0
922,0,SgmzKmGa,ygaPVVOX,3220.0
235,0,fkZFUNSd,jFmPCmzM,5945.0
235,0,JYrrjUtU,fkZFUNSd,5945.0
235,0,cttUtMNm,JYrrjUtU,5945.0
235,0,wHfmVQMh,cttUtMNm,5977.0
235,0,mdGitRQe,wHfmVQMh,5574.0
235,0,SOBUilCD,mdGitRQe,4423.0
235,0,RVGhYAxc,SOBUilCD,4423.0
619,0,TsaeiIGv,EkWBPXmr,1.0
619,0,OsBkWRQx,TsaeiIGv,3.0
619,0,udlIzhJE,OsBkWRQx,83.0
619,0,DeduXMzE,udlIzhJE,84.0
619,0,GXHjZCTL,DeduXMzE,85.0
619,0,yolIeCeg,GXHjZCTL,85.0
619,0,ozAxYCwR,yolIeCeg,85.0
619,0,qdrjbHYS,ozAxYCwR,85.0
619,0,IWkYeNgA,eIBTCCCb,303.0
1063,0,IWkYeNgA,eIBTCCCb,2303.0
730,0,qAUjPEMf,eJrsnsoz,1.0
730,0,isMwZYXy,qAUjPEMf,3.0
730,0,SogEaGxk,isMwZYXy,3.0
730,0,lCifaItn,SogEaGxk,3.0
730,0,dFlAswnV,lCifaItn,3.0
730,0,pjTBCsVx,dFlAswnV,3.0
730,0,XMFZXZdV,pjTBCsVx,3.0
730,0,DxyTpirl,XMFZXZdV,3.0
730,0,xvojPNrb,DxyTpirl,3.0
730,0,ZAfIffxq,xvojPNrb,3.0
730,0,MBttAlCW,ZAfIffxq,3.0
730,0,XCXPEDQh,MBttAlCW,3.0
730,0,FXyPWyvF,XCXPEDQh,3.0
730,0,vjmwMJTT,FXyPWyvF,3.0
730,0,IsTbDzyj,vjmwMJTT,28.0
729,0,sceVWPKZ,dvaPHMux,9.0
729,0,NqSePdAx,sceVWPKZ,9.0
729,0,YxYhlArE,NqSePdAx,9.0
729,0,sAswhpJr,YxYhlArE,9.0
729,0,VyHGAkTo,sAswhpJr,9.0
729,0,RrhmmPMm,VyHGAkTo,9.0
729,0,XeefDCzo,RrhmmPMm,9.0
729,0,UDPMiWKD,XeefDCzo,9.0
729,0,ypjNmqeK,UDPMiWKD,9.0
729,0,EsTStEav,ypjNmqeK,9.0
750,0,eViNbjWB,MtbBZIqI,131.0
730,0,zyATMMRX,IsTbDzyj,13.0
730,0,XJpVddlh,zyATMMRX,13.0
619,0,dbNaZeWx,IWkYeNgA,299.0
1063,0,dbNaZeWx,IWkYeNgA,2276.0
1063,0,hTBkjNzq,MyzUerZz,1827.0
1063,0,aCcokpIU,hTBkjNzq,2237.0
1063,0,IWuAfYeM,aCcokpIU,2237.0
1063,0,AKEMZMhk,IWuAfYeM,2237.0
1063,0,oXDhDxhT,AKEMZMhk,2237.0
1063,0,twlwLPZj,oXDhDxhT,2237.0
1063,0,NjRgIRup,twlwLPZj,2237.0
1048,0,awOEKaEj,qdrjbHYS,29.0
1048,0,gRuqifBH,awOEKaEj,29.0
1048,0,kZdBhxvo,gRuqifBH,41.0
1048,0,ZBkAAevT,kZdBhxvo,85.0
1048,0,cMinRgYB,ZBkAAevT,85.0
1048,0,LRmPOeoe,cMinRgYB,85.0
1048,0,tBNXSyMW,LRmPOeoe,85.0
1048,0,ArHpJhVJ,tBNXSyMW,85.0
1048,0,tWpVdCtj,ArHpJhVJ,85.0
1048,0,EdJUuxct,tWpVdCtj,85.0
1048,0,gmiMCrrb,EdJUuxct,85.0
1048,0,DzkWADkh,gmiMCrrb,108.0
1048,0,MjMnNBLG,DzkWADkh,108.0
1048,0,XiRzIewe,MjMnNBLG,108.0
1048,0,HEshVETB,XiRzIewe,125.0
1048,0,WKWTpoqQ,HEshVETB,125.0
1048,0,WlkKexEs,WKWTpoqQ,125.0
1048,0,MyzUerZz,WlkKexEs,138.0
1048,0,hTBkjNzq,MyzUerZz,199.0
1048,0,aCcokpIU,hTBkjNzq,240.0
1048,0,IWuAfYeM,aCcokpIU,246.0
1048,0,AKEMZMhk,IWuAfYeM,246.0
1048,0,oXDhDxhT,AKEMZMhk,247.0
1048,0,twlwLPZj,oXDhDxhT,252.0
1048,0,NjRgIRup,twlwLPZj,252.0
1048,0,ygaPVVOX,NjRgIRup,457.0
1048,0,SgmzKmGa,ygaPVVOX,457.0
1048,0,oaiHprKy,SgmzKmGa,484.0
1048,0,EKGAgXOm,oaiHprKy,484.0
1048,0,RqCzrtQl,EKGAgXOm,484.0
1048,0,CfDISmMN,RqCzrtQl,484.0
1048,0,hSpdOQMh,CfDISmMN,823.0
984,0,RLMiJrFV,JtZjSNXW,1506.0
984,0,cYArvsJE,RLMiJrFV,1506.0
984,0,EeAWpikH,cYArvsJE,1506.0
984,0,rrYLcPKJ,EeAWpikH,1506.0
984,0,IbNLqAKw,rrYLcPKJ,1506.0
297,0,RLMiJrFV,JtZjSNXW,175.0
297,0,cYArvsJE,RLMiJrFV,175.0
297,0,EeAWpikH,cYArvsJE,175.0
297,0,rrYLcPKJ,EeAWpikH,175.0
297,0,IbNLqAKw,rrYLcPKJ,175.0
173,0,RLMiJrFV,JtZjSNXW,293.0
173,0,cYArvsJE,RLMiJrFV,293.0
173,0,EeAWpikH,cYArvsJE,293.0
173,0,rrYLcPKJ,EeAWpikH,293.0
173,0,IbNLqAKw,rrYLcPKJ,293.0
730,0,CkgzgDTz,XJpVddlh,5.0
730,0,AaOxIRuX,CkgzgDTz,6.0
730,0,mOxeJcai,AaOxIRuX,6.0
730,0,IbNLqAKw,mOxeJcai,6.0
684,0,KTHxRvtW,GhNbXpjs,1207.0
684,0,gRVxNCAP,KTHxRvtW,1298.0
684,0,FHkpxOov,gRVxNCAP,1298.0
1452,0,RXuaQdiQ,orpkgmYq,7582.0
1452,0,mhTYFecR,RXuaQdiQ,8090.0
711,0,AszcEtOu,BpAiVnps,893.0
711,0,TcEVvOUM,AszcEtOu,1768.0
780,0,lhSIyIfw,OeZVKJdr,2653.0
686,0,HkSXkIZj,womqVgRl,1178.0
686,0,gRVxNCAP,HkSXkIZj,1126.0
686,0,FHkpxOov,gRVxNCAP,1126.0
780,0,yGpawgaV,JMPYaKbU,1230.0
780,0,MpBHVRZl,yGpawgaV,1199.0
736,0,vDFCntfg,YvwuVYMF,5964.0
736,0,iEKDTvNf,vDFCntfg,5968.0
736,0,MyGqmywG,iEKDTvNf,5968.0
821,0,xbhuXgnr,JGydtICe,15.0
821,0,zjGRmLyo,xbhuXgnr,15.0
821,0,EXTmTMKf,zjGRmLyo,15.0
821,0,yfIoPTHo,EXTmTMKf,14.0
821,0,GnOurcjN,yfIoPTHo,14.0
821,0,vHkAlmCm,GnOurcjN,14.0
821,0,WynPMslR,vHkAlmCm,14.0
821,0,jQaLNViL,WynPMslR,14.0
821,0,RfEbENxd,jQaLNViL,11.0
821,0,uxsctOEt,RfEbENxd,9.0
706,0,izUAPpdi,xyBTaHvp,14.0
706,0,FVYwGhLu,izUAPpdi,14.0
706,0,cNWTidvb,FVYwGhLu,14.0
706,0,wFSILCzc,cNWTidvb,14.0
706,0,yQQuLFAg,wFSILCzc,76.0
1125,0,yRjqmRuq,BsRMZbGV,564.0
1125,0,pTTspriv,yRjqmRuq,564.0
1059,0,oaiHprKy,SgmzKmGa,149.0
1059,0,EKGAgXOm,oaiHprKy,149.0
1059,0,RqCzrtQl,EKGAgXOm,149.0
1059,0,CfDISmMN,RqCzrtQl,149.0
922,0,oaiHprKy,SgmzKmGa,3152.0
922,0,EKGAgXOm,oaiHprKy,3152.0
922,0,RqCzrtQl,EKGAgXOm,3152.0
922,0,CfDISmMN,RqCzrtQl,3114.0
128,0,ygaPVVOX,NjRgIRup,114.0
128,0,SgmzKmGa,ygaPVVOX,114.0
128,0,oaiHprKy,SgmzKmGa,114.0
128,0,EKGAgXOm,oaiHprKy,114.0
128,0,RqCzrtQl,EKGAgXOm,114.0
128,0,CfDISmMN,RqCzrtQl,114.0
128,0,CtzBEXfZ,CfDISmMN,114.0
128,0,RpAFtJSl,CtzBEXfZ,114.0
128,0,PcvuCqyL,RpAFtJSl,114.0
128,0,ItWJsmqN,PcvuCqyL,114.0
128,0,QOMpmplr,ItWJsmqN,114.0
128,0,HNejbQWJ,QOMpmplr,114.0
128,0,dQfoCLXo,HNejbQWJ,114.0
128,0,TatGKSDD,dQfoCLXo,149.0
128,0,tDDYXOza,TatGKSDD,149.0
128,0,LdNZcaVd,tDDYXOza,1.0
128,0,XgeKmxEU,LdNZcaVd,1.0
128,0,ASAgeGQh,XgeKmxEU,1.0
128,0,vQqKfyzC,ASAgeGQh,1.0
128,0,RgDNNvUZ,vQqKfyzC,1.0
1054,0,gjxAdJvF,INegqJKU,137.0
1054,0,glTmyjXZ,gjxAdJvF,137.0
1054,0,TMphlUsu,glTmyjXZ,137.0
1054,0,xKAfsjzf,TMphlUsu,137.0
922,0,CtzBEXfZ,CfDISmMN,3197.0
1059,0,RpAFtJSl,CfDISmMN,143.0
984,0,UxEHDofF,IbNLqAKw,1296.0
984,0,KORPbuyR,UxEHDofF,1296.0
984,0,JfIhOMTg,KORPbuyR,1296.0
984,0,JdJprycd,JfIhOMTg,1296.0
297,0,UxEHDofF,IbNLqAKw,127.0
297,0,KORPbuyR,UxEHDofF,127.0
297,0,JfIhOMTg,KORPbuyR,127.0
297,0,JdJprycd,JfIhOMTg,127.0
173,0,UxEHDofF,IbNLqAKw,238.0
173,0,KORPbuyR,UxEHDofF,238.0
173,0,JfIhOMTg,KORPbuyR,238.0
173,0,JdJprycd,JfIhOMTg,238.0
1119,0,LggmrEeo,qrudAScT,239.0
1087,0,JYjcxadu,tKHOTHLP,343.0
1087,0,dIzWcSEA,JYjcxadu,343.0
1087,0,YIEuAZyW,dIzWcSEA,316.0
1087,0,iIARpDWU,YIEuAZyW,316.0
1087,0,BDmybVdG,iIARpDWU,46.0
750,0,rDmQAEpc,BDmybVdG,127.0
750,0,sKXIofXa,rDmQAEpc,127.0
750,0,MtbBZIqI,sKXIofXa,127.0
123,0,ygaPVVOX,NjRgIRup,21.0
123,0,SgmzKmGa,ygaPVVOX,21.0
123,0,oaiHprKy,SgmzKmGa,21.0
123,0,EKGAgXOm,oaiHprKy,21.0
123,0,RqCzrtQl,EKGAgXOm,21.0
123,0,CfDISmMN,RqCzrtQl,21.0
123,0,CtzBEXfZ,CfDISmMN,21.0
123,0,RpAFtJSl,CtzBEXfZ,21.0
123,0,PcvuCqyL,RpAFtJSl,21.0
122,0,xokKvraT,yeBNAVLu,41.0
122,0,HaSZVkzu,xokKvraT,41.0
122,0,yjaYbUGq,HaSZVkzu,41.0
122,0,LbyQgJih,yjaYbUGq,41.0
122,0,FPXdCAOW,LbyQgJih,41.0
122,0,ouHKxPGS,FPXdCAOW,41.0
122,0,GEijdcGW,ouHKxPGS,41.0
123,0,AszcEtOu,BpAiVnps,3.0
123,0,TcEVvOUM,AszcEtOu,3.0
123,0,qGnNRXVR,TcEVvOUM,3.0
123,0,ouPwTbuD,qGnNRXVR,3.0
123,0,MwLdaJul,ouPwTbuD,3.0
123,0,QUMnpJQp,MwLdaJul,4.0
123,0,FyIjwLBj,QUMnpJQp,4.0
123,0,vXPGJwVk,FyIjwLBj,4.0
123,0,qzuHypgA,vXPGJwVk,4.0
123,0,KCMgfriT,qzuHypgA,5.0
123,0,hVMLOzME,KCMgfriT,5.0
123,0,TDvESTZN,hVMLOzME,5.0
123,0,WlkKexEs,TDvESTZN,5.0
123,0,MyzUerZz,WlkKexEs,5.0
123,0,hTBkjNzq,MyzUerZz,5.0
123,0,aCcokpIU,hTBkjNzq,5.0
123,0,IWuAfYeM,aCcokpIU,5.0
123,0,AKEMZMhk,IWuAfYeM,5.0
123,0,oXDhDxhT,AKEMZMhk,5.0
123,0,twlwLPZj,oXDhDxhT,5.0
123,0,NjRgIRup,twlwLPZj,5.0
1059,0,PcvuCqyL,RpAFtJSl,76.0
922,0,RpAFtJSl,CtzBEXfZ,2938.0
922,0,PcvuCqyL,RpAFtJSl,2999.0
1054,0,ngHNiWhD,xKAfsjzf,116.0
1054,0,ZcBdJkwp,ngHNiWhD,116.0
123,0,gjxAdJvF,INegqJKU,4.0
123,0,glTmyjXZ,gjxAdJvF,4.0
123,0,TMphlUsu,glTmyjXZ,4.0
123,0,xKAfsjzf,TMphlUsu,4.0
123,0,ngHNiWhD,xKAfsjzf,3.0
123,0,ZcBdJkwp,ngHNiWhD,3.0
1659,0,juEdhOMs,vfRjIFnr,226.0
1659,0,ocUywYfN,juEdhOMs,226.0
1659,0,cPMyJryL,ocUywYfN,226.0
1659,0,eiOwifcC,cPMyJryL,226.0
1059,0,ItWJsmqN,PcvuCqyL,74.0
922,0,ItWJsmqN,PcvuCqyL,2901.0
122,0,hkXbXhZN,scqbdPBp,1.0
122,0,TgpuXBqx,hkXbXhZN,1.0
122,0,IyPglFnI,TgpuXBqx,7.0
122,0,atGiINkp,IyPglFnI,7.0
122,0,tFIeEodn,atGiINkp,7.0
122,0,yeBNAVLu,tFIeEodn,7.0
994,0,hMBIVszx,BWKNZpmt,1475.0
994,0,JgVaSAtG,hMBIVszx,1475.0
984,0,kIKddsaQ,JdJprycd,1246.0
984,0,eJBRTpyb,kIKddsaQ,1246.0
984,0,dvaPHMux,eJBRTpyb,1246.0
297,0,eJBRTpyb,JdJprycd,98.0
297,0,dvaPHMux,eJBRTpyb,98.0
173,0,eJBRTpyb,JdJprycd,200.0
173,0,dvaPHMux,eJBRTpyb,200.0
730,0,UxEHDofF,IbNLqAKw,2.0
730,0,KORPbuyR,UxEHDofF,2.0
730,0,JfIhOMTg,KORPbuyR,2.0
730,0,JdJprycd,JfIhOMTg,2.0
730,0,eJBRTpyb,JdJprycd,2.0
730,0,dvaPHMux,eJBRTpyb,2.0
919,0,dQfoCLXo,HNejbQWJ,81.0
919,0,NJLhSMnp,dQfoCLXo,81.0
919,0,vitXJVTB,NJLhSMnp,81.0
919,0,DPEjcwqA,vitXJVTB,81.0
919,0,AKFNXFCk,DPEjcwqA,81.0
919,0,HIkBoDID,AKFNXFCk,81.0
919,0,uKNLSXwU,HIkBoDID,82.0
919,0,QpjbbNqd,uKNLSXwU,82.0
919,0,qHHrAclK,QpjbbNqd,82.0
919,0,Jrutayet,qHHrAclK,82.0
1067,0,DzkWADkh,gmiMCrrb,301.0
1067,0,MjMnNBLG,DzkWADkh,309.0
1067,0,udKeccMr,MjMnNBLG,312.0
1067,0,HEshVETB,udKeccMr,312.0
1067,0,WKWTpoqQ,HEshVETB,312.0
1067,0,WlkKexEs,WKWTpoqQ,419.0
1067,0,MyzUerZz,WlkKexEs,509.0
1067,0,aCcokpIU,MyzUerZz,1256.0
1067,0,IWuAfYeM,aCcokpIU,1515.0
1067,0,AKEMZMhk,IWuAfYeM,1515.0
1067,0,oXDhDxhT,AKEMZMhk,1515.0
1067,0,twlwLPZj,oXDhDxhT,1516.0
1067,0,NjRgIRup,twlwLPZj,1697.0
1067,0,ygaPVVOX,NjRgIRup,1774.0
1067,0,SgmzKmGa,ygaPVVOX,1774.0
1067,0,EKGAgXOm,SgmzKmGa,1777.0
1067,0,CfDISmMN,EKGAgXOm,1777.0
1067,0,PcvuCqyL,CfDISmMN,1782.0
1067,0,QOMpmplr,PcvuCqyL,1782.0
1067,0,HNejbQWJ,QOMpmplr,1793.0
1067,0,UoWNmGnJ,HNejbQWJ,1903.0
1067,0,TatGKSDD,UoWNmGnJ,1903.0
916,0,gcIdZvqz,FgmIokcD,60.0
916,0,PRSWWHtT,gcIdZvqz,60.0
916,0,cTiyrkFA,PRSWWHtT,60.0
916,0,CyecXZGv,cTiyrkFA,72.0
916,0,czDOARXC,CyecXZGv,259.0
916,0,MjfuEiNR,czDOARXC,259.0
916,0,sdZgyTvj,MjfuEiNR,259.0
916,0,vcrPzYoe,sdZgyTvj,259.0
916,0,umgwnivO,vcrPzYoe,259.0
916,0,TuCFhCoF,umgwnivO,292.0
916,0,NnDAWHCn,TuCFhCoF,292.0
916,0,Kssiavoh,NnDAWHCn,296.0
916,0,pAoOtqpU,Kssiavoh,296.0
916,0,iKWenAnt,pAoOtqpU,298.0
916,0,oSDoGnju,iKWenAnt,296.0
457,0,iwdDmytU,vUKUaFbz,5.0
457,0,LYepRrQv,iwdDmytU,5.0
457,0,YuDiQHGe,LYepRrQv,5.0
457,0,EmkugZPX,YuDiQHGe,5.0
932,0,qeXIqBgp,DMAMxgNC,1645.0
1189,0,hPbxQISN,jnDfAorM,1512.0
932,0,hZwGajtf,nGUGLxPd,1718.0
932,0,zuhYkREh,hZwGajtf,1718.0
932,0,XFpFKXXh,zuhYkREh,1716.0
932,0,LOVJkcJs,XFpFKXXh,2015.0
932,0,BWOvyAui,LOVJkcJs,2015.0
932,0,jWegLIVv,BWOvyAui,2015.0
932,0,fNriHNfS,jWegLIVv,2015.0
932,0,lzHXrFnu,fNriHNfS,1718.0
932,0,DMAMxgNC,lzHXrFnu,1717.0
1124,0,SPorkGXj,OUlPxErG,75.0
1124,0,IJbUVGLH,SPorkGXj,82.0
1124,0,ZqOseExI,IJbUVGLH,82.0
1124,0,FdBCLyPI,ZqOseExI,82.0
1124,0,CrOFTJlw,FdBCLyPI,83.0
1124,0,PyGiRErs,CrOFTJlw,84.0
1124,0,JbCujTci,PyGiRErs,84.0
1124,0,exRzHfND,KyrNRMTR,14.0
1124,0,slwzdYAd,exRzHfND,14.0
1124,0,phodyDNv,slwzdYAd,14.0
1124,0,RuqLEiFp,phodyDNv,16.0
1124,0,NAwFzVQz,RuqLEiFp,17.0
1124,0,jEliwrSM,NAwFzVQz,63.0
1124,0,OUlPxErG,jEliwrSM,63.0
1128,0,JYjcxadu,tKHOTHLP,375.0
1128,0,dIzWcSEA,JYjcxadu,375.0
1128,0,YIEuAZyW,dIzWcSEA,339.0
1128,0,iIARpDWU,YIEuAZyW,339.0
1128,0,BDmybVdG,iIARpDWU,7.0
1066,0,ygaPVVOX,NjRgIRup,548.0
1066,0,SgmzKmGa,ygaPVVOX,548.0
1066,0,oaiHprKy,SgmzKmGa,552.0
1066,0,EKGAgXOm,oaiHprKy,552.0
1066,0,RqCzrtQl,EKGAgXOm,552.0
1066,0,CfDISmMN,RqCzrtQl,552.0
1066,0,RpAFtJSl,CfDISmMN,624.0
1066,0,PcvuCqyL,RpAFtJSl,625.0
1066,0,QOMpmplr,PcvuCqyL,625.0
1066,0,HNejbQWJ,QOMpmplr,630.0
1066,0,NIAyNhca,HNejbQWJ,630.0
1066,0,hTBkjNzq,MyzUerZz,387.0
1066,0,aCcokpIU,hTBkjNzq,509.0
1066,0,IWuAfYeM,aCcokpIU,509.0
1066,0,AKEMZMhk,IWuAfYeM,509.0
1066,0,oXDhDxhT,AKEMZMhk,509.0
1066,0,twlwLPZj,oXDhDxhT,509.0
1066,0,NjRgIRup,twlwLPZj,509.0
1067,0,LdNZcaVd,TatGKSDD,1880.0
1067,0,XgeKmxEU,LdNZcaVd,1.0
1066,0,fxsyxfZK,NIAyNhca,622.0
1066,0,MyzUerZz,WlkKexEs,175.0
1072,0,awOEKaEj,qdrjbHYS,253.0
1072,0,kZdBhxvo,awOEKaEj,253.0
1072,0,ZBkAAevT,kZdBhxvo,294.0
1072,0,cMinRgYB,ZBkAAevT,294.0
1072,0,LRmPOeoe,cMinRgYB,294.0
1072,0,tBNXSyMW,LRmPOeoe,294.0
1072,0,ArHpJhVJ,tBNXSyMW,305.0
1072,0,tWpVdCtj,ArHpJhVJ,314.0
1072,0,EdJUuxct,tWpVdCtj,314.0
1072,0,gmiMCrrb,EdJUuxct,314.0
1072,0,DzkWADkh,gmiMCrrb,450.0
1072,0,MjMnNBLG,DzkWADkh,450.0
1072,0,XiRzIewe,MjMnNBLG,450.0
1072,0,HEshVETB,XiRzIewe,508.0
1072,0,WKWTpoqQ,HEshVETB,508.0
1072,0,WlkKexEs,WKWTpoqQ,523.0
1072,0,MyzUerZz,WlkKexEs,784.0
1072,0,hTBkjNzq,MyzUerZz,967.0
1072,0,aCcokpIU,hTBkjNzq,1038.0
1072,0,IWuAfYeM,aCcokpIU,1045.0
1072,0,AKEMZMhk,IWuAfYeM,1045.0
1072,0,oXDhDxhT,AKEMZMhk,1045.0
1072,0,twlwLPZj,oXDhDxhT,1050.0
1072,0,NjRgIRup,twlwLPZj,1061.0
1072,0,ygaPVVOX,NjRgIRup,1709.0
1072,0,SgmzKmGa,ygaPVVOX,1709.0
1072,0,oaiHprKy,SgmzKmGa,1746.0
1072,0,EKGAgXOm,oaiHprKy,1746.0
1072,0,RqCzrtQl,EKGAgXOm,1746.0
1072,0,CfDISmMN,RqCzrtQl,1746.0
1072,0,RpAFtJSl,CfDISmMN,1836.0
1072,0,PcvuCqyL,RpAFtJSl,1842.0
1072,0,QOMpmplr,PcvuCqyL,1845.0
1072,0,HNejbQWJ,QOMpmplr,1896.0
1072,0,dQfoCLXo,HNejbQWJ,1903.0
1072,0,NJLhSMnp,dQfoCLXo,1903.0
922,0,QOMpmplr,ItWJsmqN,2720.0
922,0,HNejbQWJ,QOMpmplr,2716.0
922,0,dQfoCLXo,HNejbQWJ,2819.0
922,0,NJLhSMnp,dQfoCLXo,2819.0
1119,0,JyqrAKLu,TCMQvOqy,59.0
1119,0,XxhwFmzZ,JyqrAKLu,59.0
1119,0,QZgueNIh,XxhwFmzZ,59.0
1119,0,JFVlrPHE,QZgueNIh,63.0
1119,0,cpLivUai,JFVlrPHE,63.0
1119,0,fKUdbDza,cpLivUai,63.0
1119,0,DATqCMmz,fKUdbDza,67.0
1119,0,ILgjTtXh,DATqCMmz,67.0
1119,0,SUgOBtjk,ILgjTtXh,78.0
1119,0,gACwumWT,SUgOBtjk,78.0
1119,0,JtZjSNXW,gACwumWT,78.0
1119,0,RLMiJrFV,JtZjSNXW,111.0
1119,0,cYArvsJE,RLMiJrFV,111.0
1119,0,EeAWpikH,cYArvsJE,111.0
1119,0,rrYLcPKJ,EeAWpikH,111.0
1119,0,IbNLqAKw,rrYLcPKJ,111.0
1119,0,UxEHDofF,IbNLqAKw,150.0
1119,0,KORPbuyR,UxEHDofF,150.0
1119,0,JfIhOMTg,KORPbuyR,150.0
1119,0,JdJprycd,JfIhOMTg,150.0
1119,0,xjJdOfLG,JdJprycd,194.0
1119,0,QQHZGEng,xjJdOfLG,194.0
1119,0,EFaiAjAK,QQHZGEng,194.0
1119,0,eUBMdtJg,EFaiAjAK,224.0
920,0,jqOOThyw,dvaPHMux,82.0
920,0,aUsRFqQV,jqOOThyw,82.0
920,0,TGiiAnII,aUsRFqQV,82.0
920,0,tIkiTaAn,TGiiAnII,82.0
920,0,WmxXwpoc,tIkiTaAn,82.0
1059,0,QOMpmplr,ItWJsmqN,2.0
1059,0,HNejbQWJ,QOMpmplr,1.0
909,0,bCbInHHL,mXosqjnx,59.0
909,0,crypOuMD,bCbInHHL,59.0
909,0,yTOnYgGF,EsTStEav,44.0
909,0,mXosqjnx,yTOnYgGF,44.0
909,0,XeefDCzo,IbNLqAKw,4.0
909,0,UDPMiWKD,XeefDCzo,4.0
909,0,ypjNmqeK,UDPMiWKD,4.0
909,0,EsTStEav,ypjNmqeK,4.0
751,0,dfrJZjmW,NjRgIRup,1662.0
751,0,AFcMAvOI,dfrJZjmW,1971.0
751,0,FltmFbyo,AFcMAvOI,1971.0
751,0,jUExBSiR,FltmFbyo,1450.0
751,0,vPrJwoLq,jUExBSiR,1450.0
751,0,aHDoehBY,vPrJwoLq,1450.0
751,0,WwbQwfXi,aHDoehBY,2315.0
1119,0,KvSvcvIL,LggmrEeo,230.0
1176,0,PNniCxAw,vacPrbQA,1007.0
1176,0,aZaGhhAB,PNniCxAw,1074.0
1176,0,CVcknAiw,aZaGhhAB,1074.0
1176,0,uGkwFELU,CVcknAiw,1074.0
1176,0,IzKulrBJ,uGkwFELU,1074.0
1087,0,vCtwKmtA,hGRIMrVW,347.0
1087,0,wFiJapOA,vCtwKmtA,347.0
1087,0,HHbKiMPc,wFiJapOA,347.0
922,0,vitXJVTB,NJLhSMnp,2805.0
922,0,DPEjcwqA,vitXJVTB,2805.0
1072,0,lyEtzViy,NJLhSMnp,2154.0
1072,0,uVrlMgNx,lyEtzViy,2131.0
1075,0,sWtYImJU,oKUAvFAb,321.0
1075,0,momDhuqe,sWtYImJU,321.0
1075,0,zPQeyVVD,momDhuqe,330.0
1075,0,UrJBvWGq,zPQeyVVD,367.0
1075,0,thxCXWVL,UrJBvWGq,367.0
1075,0,AlpXiRiW,thxCXWVL,367.0
1132,0,RQpCZdJL,zIFSdUXT,1066.0
1132,0,YkRwsmPU,RQpCZdJL,1066.0
1132,0,hFLBtQiP,YkRwsmPU,1066.0
1132,0,kXKEwBKv,hFLBtQiP,1066.0
1132,0,rAvbFSrB,kXKEwBKv,1066.0
1132,0,dONffpoj,rAvbFSrB,1066.0
1132,0,ZgirRZil,dONffpoj,1066.0
1132,0,OFTTxfUx,ZgirRZil,1066.0
1132,0,ZWnHyyqY,OFTTxfUx,1066.0
1132,0,TvILSVoy,ZWnHyyqY,1066.0
1132,0,bkJSkGrT,TvILSVoy,1066.0
1132,0,tFSvrGay,bkJSkGrT,391.0
1076,0,rYcBAOGh,Hjpeultj,980.0
1076,0,QHfelpAR,rYcBAOGh,966.0
1076,0,RapSzmXO,QHfelpAR,966.0
1076,0,euDckIMa,RapSzmXO,863.0
1076,0,lodnRGFY,euDckIMa,862.0
1076,0,lCGwWknx,lodnRGFY,862.0
1076,0,tZcBjHOF,lCGwWknx,860.0
1076,0,VfuMcuJJ,tZcBjHOF,860.0
1076,0,lnzZDlDL,VfuMcuJJ,860.0
909,0,uNHtUGfb,crypOuMD,42.0
909,0,vOivHtRX,uNHtUGfb,48.0
922,0,AKFNXFCk,DPEjcwqA,2802.0
858,0,TEpDjcLc,AlpXiRiW,142.0
858,0,PORiPCGC,TEpDjcLc,142.0
858,0,VPnRvCbn,PORiPCGC,142.0
1072,0,ZsNhjIbg,uVrlMgNx,2154.0
1072,0,GhOGJPtU,ZsNhjIbg,2154.0
1067,0,TsaeiIGv,EkWBPXmr,15.0
1067,0,OsBkWRQx,TsaeiIGv,58.0
1067,0,TlwaKrQx,OsBkWRQx,58.0
1067,0,udlIzhJE,TlwaKrQx,58.0
1067,0,DeduXMzE,udlIzhJE,64.0
1067,0,GXHjZCTL,DeduXMzE,65.0
1067,0,yolIeCeg,GXHjZCTL,65.0
1067,0,ozAxYCwR,yolIeCeg,65.0
1067,0,qdrjbHYS,ozAxYCwR,65.0
1067,0,AKdDiXyV,qdrjbHYS,85.0
1067,0,gRuqifBH,AKdDiXyV,290.0
1067,0,kZdBhxvo,gRuqifBH,290.0
1067,0,ZBkAAevT,kZdBhxvo,290.0
1067,0,cMinRgYB,ZBkAAevT,290.0
1067,0,LRmPOeoe,cMinRgYB,290.0
1067,0,tBNXSyMW,LRmPOeoe,290.0
1067,0,ArHpJhVJ,tBNXSyMW,290.0
1067,0,tWpVdCtj,ArHpJhVJ,290.0
1067,0,gmiMCrrb,tWpVdCtj,290.0
1058,0,AGDZrVfo,HcOWfPMU,171.0
1058,0,INegqJKU,AGDZrVfo,63.0
1068,0,ttuFHhig,scqbdPBp,36.0
1068,0,WjngiDTm,ttuFHhig,36.0
1068,0,jEhGDfoN,WjngiDTm,36.0
1591,0,urhYpysk,TGjXCzny,818.0
1591,0,eYYHcaFH,urhYpysk,831.0
1591,0,aGRhAFxn,eYYHcaFH,831.0
1591,0,YzXnYVPd,aGRhAFxn,272.0
1591,0,TEKQTTfp,YzXnYVPd,168.0
922,0,HIkBoDID,AKFNXFCk,2697.0
922,0,uKNLSXwU,HIkBoDID,2905.0
922,0,QpjbbNqd,uKNLSXwU,2905.0
922,0,qHHrAclK,QpjbbNqd,2905.0
922,0,Jrutayet,qHHrAclK,2905.0
1058,0,xokKvraT,INegqJKU,28.0
1058,0,HaSZVkzu,xokKvraT,28.0
1058,0,yjaYbUGq,HaSZVkzu,28.0
1058,0,LbyQgJih,yjaYbUGq,28.0
1058,0,FPXdCAOW,LbyQgJih,28.0
1058,0,ouHKxPGS,FPXdCAOW,28.0
1058,0,GEijdcGW,ouHKxPGS,28.0
1058,0,MKKzwAOv,GEijdcGW,28.0
1058,0,mhDCqtpx,MKKzwAOv,28.0
1058,0,TJDsQDoO,mhDCqtpx,28.0
1119,0,QjcDKOzv,eUBMdtJg,209.0
1119,0,RUTwxhGS,QjcDKOzv,209.0
1119,0,uCoCFrtM,RUTwxhGS,209.0
1119,0,QzziCuGD,uCoCFrtM,209.0
1119,0,WmKWqOVN,QzziCuGD,209.0
1119,0,QBspXqKX,WmKWqOVN,209.0
1119,0,qYzIAyEg,QBspXqKX,209.0
1119,0,ZdKqQSZH,qYzIAyEg,209.0
1119,0,mSHqQduu,ZdKqQSZH,209.0
1119,0,MuzbvXqA,mSHqQduu,209.0
1119,0,qrudAScT,MuzbvXqA,225.0
920,0,SkzmPMHG,WmxXwpoc,95.0
920,0,MmDOtEna,SkzmPMHG,95.0
920,0,ZCeMNbFi,MmDOtEna,95.0
920,0,PBIThtAQ,ZCeMNbFi,95.0
920,0,iAuWJytQ,PBIThtAQ,95.0
920,0,RqKQqVrZ,iAuWJytQ,95.0
920,0,HyvnzuHA,RqKQqVrZ,95.0
920,0,TNTzUMyF,HyvnzuHA,7.0
920,0,avRuCqLk,TNTzUMyF,7.0
920,0,wIAALBva,avRuCqLk,7.0
920,0,nxBXRnVc,wIAALBva,7.0
920,0,sXWHYDNZ,nxBXRnVc,7.0
920,0,VKAAZZOV,sXWHYDNZ,7.0
922,0,UosQUisT,Jrutayet,1909.0
922,0,FQOgjaka,UosQUisT,1909.0
725,0,YmkUpvHU,qKeCDDXI,3001.0
725,0,WOOyqinT,YmkUpvHU,2920.0
725,0,mnkgCFDT,WOOyqinT,2340.0
856,0,ygaPVVOX,NjRgIRup,687.0
856,0,SgmzKmGa,ygaPVVOX,687.0
856,0,oaiHprKy,SgmzKmGa,698.0
856,0,EKGAgXOm,oaiHprKy,698.0
856,0,RqCzrtQl,EKGAgXOm,698.0
856,0,CfDISmMN,RqCzrtQl,698.0
856,0,CtzBEXfZ,CfDISmMN,710.0
856,0,RpAFtJSl,CtzBEXfZ,713.0
856,0,PcvuCqyL,RpAFtJSl,713.0
856,0,QOMpmplr,PcvuCqyL,713.0
856,0,HNejbQWJ,QOMpmplr,724.0
856,0,dQfoCLXo,HNejbQWJ,724.0
856,0,NJLhSMnp,dQfoCLXo,724.0
856,0,vitXJVTB,NJLhSMnp,738.0
856,0,DPEjcwqA,vitXJVTB,738.0
856,0,AKFNXFCk,DPEjcwqA,738.0
856,0,HIkBoDID,AKFNXFCk,766.0
856,0,FBcFacnd,HIkBoDID,848.0
856,0,URVlPKPB,FBcFacnd,848.0
856,0,dROKJpRC,URVlPKPB,904.0
856,0,UNRVYnCk,dROKJpRC,904.0
856,0,rvjuJASP,UNRVYnCk,503.0
856,0,BLgEghTV,rvjuJASP,503.0
856,0,EnXcRLvh,BLgEghTV,503.0
856,0,snhIMWCK,EnXcRLvh,471.0
856,0,oKUAvFAb,snhIMWCK,471.0
860,0,DJFnuQGw,KAhfQHTl,11.0
1072,0,WOuDNhbw,GhOGJPtU,2081.0
1072,0,oWUXSqrA,WOuDNhbw,2081.0
1072,0,CYkmgDbv,oWUXSqrA,2081.0
128,0,TCqyxHhF,AszcEtOu,5.0
128,0,TcEVvOUM,TCqyxHhF,5.0
128,0,qGnNRXVR,TcEVvOUM,5.0
128,0,ouPwTbuD,qGnNRXVR,5.0
128,0,MwLdaJul,ouPwTbuD,5.0
128,0,QUMnpJQp,MwLdaJul,5.0
128,0,FyIjwLBj,QUMnpJQp,5.0
128,0,vXPGJwVk,FyIjwLBj,5.0
128,0,qzuHypgA,vXPGJwVk,5.0
128,0,KCMgfriT,qzuHypgA,5.0
128,0,hVMLOzME,KCMgfriT,5.0
128,0,TDvESTZN,hVMLOzME,5.0
128,0,WlkKexEs,TDvESTZN,5.0
128,0,MyzUerZz,WlkKexEs,5.0
128,0,hTBkjNzq,MyzUerZz,5.0
128,0,aCcokpIU,hTBkjNzq,33.0
128,0,IWuAfYeM,aCcokpIU,33.0
128,0,AKEMZMhk,IWuAfYeM,33.0
128,0,oXDhDxhT,AKEMZMhk,33.0
128,0,twlwLPZj,oXDhDxhT,33.0
128,0,NjRgIRup,twlwLPZj,33.0
1262,0,tkDBwPiV,uGNDunGF,2776.0
1262,0,mqlWPdpA,tkDBwPiV,2751.0
1262,0,lOdrwgOe,mqlWPdpA,2751.0
1262,0,BRjWpQtg,lOdrwgOe,163.0
128,0,CrcsXCbZ,BRjWpQtg,1.0
128,0,fcKeEgEf,CrcsXCbZ,1.0
128,0,AszcEtOu,fcKeEgEf,1.0
1226,0,NmRushck,xMwzCIXQ,10553.0
922,0,URvEqJxF,FQOgjaka,1780.0
922,0,JalqBTeK,URvEqJxF,1780.0
922,0,UAwQbGIv,JalqBTeK,1780.0
922,0,HyvnzuHA,UAwQbGIv,1780.0
1047,0,gIrHwcsI,ouHKxPGS,2.0
929,0,ymMHSssn,wSxpBpYI,22.0
916,0,FgmIokcD,VNhVtVFP,55.0
140,0,rhOosuOh,pNPkNoga,49.0
140,0,VKJFREzF,rhOosuOh,49.0
140,0,EvOnizWo,VKJFREzF,66.0
140,0,PjaElYBL,EvOnizWo,66.0
140,0,YvwuVYMF,PjaElYBL,66.0
140,0,vDFCntfg,YvwuVYMF,18.0
140,0,iEKDTvNf,vDFCntfg,18.0
140,0,MyGqmywG,iEKDTvNf,18.0
140,0,NxbXiMUL,MyGqmywG,15.0
140,0,XLVjRryq,NxbXiMUL,14.0
140,0,RVEyrwjR,XLVjRryq,14.0
140,0,gzTQJVMW,RVEyrwjR,14.0
140,0,FZsFzszJ,gzTQJVMW,6.0
140,0,KgwKZlse,FZsFzszJ,6.0
140,0,AoRkaUmb,KgwKZlse,6.0
140,0,ALhaazBT,AoRkaUmb,6.0
140,0,YqlTLIQa,ALhaazBT,4.0
140,0,AUmOMGnp,YqlTLIQa,4.0
140,0,XFPAZveS,AUmOMGnp,4.0
140,0,ojqTFFWy,XFPAZveS,1.0
1063,0,MyzUerZz,WlkKexEs,1067.0
400,0,PrbXVSIs,MEUYJwAC,3281.0
400,0,BaMKWhPW,PrbXVSIs,3040.0
400,0,UrOuumcZ,BaMKWhPW,3040.0
400,0,ykQYJtnJ,UrOuumcZ,3054.0
400,0,riNnsYaQ,ykQYJtnJ,3054.0
400,0,nfCzcTzh,riNnsYaQ,6533.0
922,0,DJxHBCmY,HyvnzuHA,932.0
930,0,ygaPVVOX,NjRgIRup,14.0
930,0,SgmzKmGa,ygaPVVOX,14.0
930,0,oaiHprKy,SgmzKmGa,15.0
930,0,EKGAgXOm,oaiHprKy,15.0
930,0,RqCzrtQl,EKGAgXOm,15.0
930,0,CfDISmMN,RqCzrtQl,15.0
930,0,CtzBEXfZ,CfDISmMN,15.0
930,0,RpAFtJSl,CtzBEXfZ,15.0
930,0,PcvuCqyL,RpAFtJSl,15.0
930,0,QOMpmplr,PcvuCqyL,16.0
930,0,HNejbQWJ,QOMpmplr,16.0
930,0,dQfoCLXo,HNejbQWJ,21.0
930,0,NJLhSMnp,dQfoCLXo,21.0
930,0,vitXJVTB,NJLhSMnp,21.0
930,0,DPEjcwqA,vitXJVTB,21.0
930,0,AKFNXFCk,DPEjcwqA,21.0
930,0,HIkBoDID,AKFNXFCk,21.0
930,0,uKNLSXwU,HIkBoDID,55.0
930,0,QpjbbNqd,uKNLSXwU,55.0
930,0,qHHrAclK,QpjbbNqd,55.0
930,0,Jrutayet,qHHrAclK,55.0
930,0,UosQUisT,Jrutayet,56.0
930,0,FQOgjaka,UosQUisT,56.0
930,0,URvEqJxF,FQOgjaka,56.0
930,0,JalqBTeK,URvEqJxF,56.0
930,0,UAwQbGIv,JalqBTeK,56.0
930,0,HyvnzuHA,UAwQbGIv,56.0
930,0,BOfkKWXd,HyvnzuHA,80.0
930,0,ftNxmWZm,BOfkKWXd,98.0
930,0,yFvgNkDl,ftNxmWZm,98.0
930,0,lDGKQeaf,yFvgNkDl,98.0
930,0,wSxpBpYI,lDGKQeaf,46.0
120,0,AszcEtOu,BpAiVnps,5.0
120,0,TCqyxHhF,AszcEtOu,5.0
120,0,TcEVvOUM,TCqyxHhF,5.0
120,0,qGnNRXVR,TcEVvOUM,5.0
120,0,ouPwTbuD,qGnNRXVR,5.0
120,0,MwLdaJul,ouPwTbuD,5.0
120,0,QUMnpJQp,MwLdaJul,5.0
120,0,FyIjwLBj,QUMnpJQp,5.0
120,0,vXPGJwVk,FyIjwLBj,5.0
120,0,qzuHypgA,vXPGJwVk,5.0
120,0,KCMgfriT,qzuHypgA,5.0
120,0,hVMLOzME,KCMgfriT,5.0
120,0,TDvESTZN,hVMLOzME,5.0
120,0,WlkKexEs,TDvESTZN,5.0
120,0,MyzUerZz,WlkKexEs,5.0
120,0,hTBkjNzq,MyzUerZz,5.0
120,0,aCcokpIU,hTBkjNzq,5.0
120,0,IWuAfYeM,aCcokpIU,5.0
120,0,AKEMZMhk,IWuAfYeM,5.0
120,0,oXDhDxhT,AKEMZMhk,5.0
120,0,twlwLPZj,oXDhDxhT,5.0
120,0,NjRgIRup,twlwLPZj,5.0
120,0,ygaPVVOX,NjRgIRup,5.0
120,0,SgmzKmGa,ygaPVVOX,5.0
120,0,oaiHprKy,SgmzKmGa,6.0
120,0,EKGAgXOm,oaiHprKy,6.0
120,0,RqCzrtQl,EKGAgXOm,6.0
120,0,CfDISmMN,RqCzrtQl,6.0
120,0,RpAFtJSl,CfDISmMN,6.0
120,0,PcvuCqyL,RpAFtJSl,6.0
120,0,ItWJsmqN,PcvuCqyL,6.0
120,0,QOMpmplr,ItWJsmqN,6.0
120,0,HNejbQWJ,QOMpmplr,6.0
120,0,dQfoCLXo,HNejbQWJ,6.0
120,0,NJLhSMnp,dQfoCLXo,6.0
120,0,vitXJVTB,NJLhSMnp,6.0
120,0,DPEjcwqA,vitXJVTB,6.0
120,0,AKFNXFCk,DPEjcwqA,6.0
120,0,HIkBoDID,AKFNXFCk,6.0
120,0,FBcFacnd,HIkBoDID,6.0
120,0,vpSWiOiP,FBcFacnd,6.0
120,0,vhEQWrWH,vpSWiOiP,10.0
922,0,UUpfieFN,DJxHBCmY,909.0
911,0,ygaPVVOX,NjRgIRup,723.0
911,0,SgmzKmGa,ygaPVVOX,723.0
911,0,oaiHprKy,SgmzKmGa,733.0
911,0,EKGAgXOm,oaiHprKy,733.0
911,0,RqCzrtQl,EKGAgXOm,733.0
911,0,CfDISmMN,RqCzrtQl,733.0
911,0,CtzBEXfZ,CfDISmMN,750.0
911,0,RpAFtJSl,CtzBEXfZ,756.0
911,0,PcvuCqyL,RpAFtJSl,756.0
911,0,QOMpmplr,PcvuCqyL,756.0
911,0,HNejbQWJ,QOMpmplr,772.0
911,0,dQfoCLXo,HNejbQWJ,776.0
911,0,NJLhSMnp,dQfoCLXo,776.0
911,0,vitXJVTB,NJLhSMnp,810.0
911,0,DPEjcwqA,vitXJVTB,810.0
911,0,AKFNXFCk,DPEjcwqA,810.0
911,0,HIkBoDID,AKFNXFCk,817.0
911,0,FBcFacnd,HIkBoDID,822.0
911,0,URVlPKPB,FBcFacnd,822.0
911,0,vpSWiOiP,URVlPKPB,919.0
911,0,BvsSDYgP,vpSWiOiP,921.0
911,0,aCcokpIU,hTBkjNzq,506.0
911,0,IWuAfYeM,aCcokpIU,506.0
911,0,AKEMZMhk,IWuAfYeM,506.0
911,0,oXDhDxhT,AKEMZMhk,506.0
911,0,twlwLPZj,oXDhDxhT,511.0
911,0,NjRgIRup,twlwLPZj,511.0
911,0,hTBkjNzq,MyzUerZz,375.0
922,0,XHBoVocK,UUpfieFN,891.0
922,0,arebgYBg,XHBoVocK,891.0
922,0,TWTKfAgl,arebgYBg,891.0
922,0,BhcHYWlb,TWTKfAgl,877.0
922,0,zWmxGpLB,BhcHYWlb,877.0
922,0,JzAcwavY,zWmxGpLB,877.0
922,0,ZjbTkVDH,JzAcwavY,833.0
922,0,RLXxtVaJ,ZjbTkVDH,833.0
922,0,KvSvcvIL,RLXxtVaJ,768.0
911,0,KVgMjZao,BvsSDYgP,927.0
911,0,rvGAYltM,KVgMjZao,927.0
911,0,kUJgeRIS,rvGAYltM,872.0
911,0,pfeYSjby,kUJgeRIS,616.0
911,0,MyzUerZz,WlkKexEs,22.0
920,0,Vtdujofe,VKAAZZOV,2.0
920,0,edTVGmZc,Vtdujofe,2.0
920,0,iqwCaPZT,edTVGmZc,2.0
920,0,qqDoWQdv,iqwCaPZT,2.0
1141,0,UfJDroVz,lsFGVtlq,1257.0
1141,0,biJBLznK,UfJDroVz,1255.0
1141,0,TcsyXYNn,biJBLznK,1245.0
1141,0,qKeCDDXI,TcsyXYNn,1245.0
1141,0,YmkUpvHU,qKeCDDXI,1756.0
1141,0,GbYxEXTt,YmkUpvHU,996.0
1141,0,DOGyniWl,GbYxEXTt,383.0
1452,0,orpkgmYq,EPWXwPSq,7447.0
1099,0,uaUalZjh,HXvpcqcH,485.0
1099,0,tZxKeFkh,uaUalZjh,485.0
1099,0,yOopALph,tZxKeFkh,302.0
1099,0,TBShKgjD,yOopALph,159.0
1099,0,aXWsLpyQ,TBShKgjD,159.0
1099,0,MwUoGUHv,aXWsLpyQ,155.0
1099,0,lndqhzzh,MwUoGUHv,155.0
1099,0,jOvjucEC,lndqhzzh,155.0
1099,0,HbaaqMIK,jOvjucEC,155.0
1099,0,SvkqEtGw,HbaaqMIK,149.0
1099,0,DKTMYVhM,SvkqEtGw,149.0
1099,0,fXFJjsZH,DKTMYVhM,129.0
1099,0,zKpOsJgw,fXFJjsZH,129.0
1099,0,ZFSCrBEp,zKpOsJgw,129.0
1099,0,PQuXHWcA,ZFSCrBEp,127.0
1099,0,XkkxwlXm,PQuXHWcA,127.0
1099,0,tcHYhVZo,XkkxwlXm,118.0
1099,0,OUTzwMHI,tcHYhVZo,117.0
1099,0,rGYrQqGa,OUTzwMHI,104.0
1099,0,QCBPrBCl,rGYrQqGa,104.0
1099,0,wDEypHfE,QCBPrBCl,99.0
1099,0,yTNmoAGc,wDEypHfE,99.0
1099,0,meZHMfSd,yTNmoAGc,92.0
1099,0,wGTdgRcU,meZHMfSd,92.0
1099,0,cQHgTjKq,wGTdgRcU,80.0
1099,0,ruogAkOJ,cQHgTjKq,80.0
1099,0,tndfGrTh,ruogAkOJ,80.0
1099,0,OdzEGWPG,tndfGrTh,80.0
1099,0,WUWIxCFc,OdzEGWPG,72.0
1099,0,gyQqEnFq,WUWIxCFc,72.0
1099,0,KfdekYuk,lBxutteT,436.0
1099,0,qErQsNEG,KfdekYuk,436.0
1099,0,avVajdeO,qErQsNEG,436.0
1099,0,HXvpcqcH,avVajdeO,436.0
1099,0,DUFShJgp,nsdRxeeS,335.0
1099,0,JgwwvaMP,DUFShJgp,335.0
1099,0,lBxutteT,JgwwvaMP,335.0
1099,0,ulxuvpsp,kGQEnBYZ,44.0
1099,0,fOMMjSqm,ulxuvpsp,44.0
1099,0,XnIbYwkm,fOMMjSqm,58.0
1099,0,RnuEqbUH,XnIbYwkm,152.0
1099,0,iiHDFBMi,RnuEqbUH,170.0
1099,0,oERWQcSy,iiHDFBMi,170.0
1099,0,nsdRxeeS,oERWQcSy,170.0
1331,0,GtMUYUwJ,MoCDatJm,1027.0
1331,0,lQIpGOTn,GtMUYUwJ,989.0
1331,0,uhUmvvRs,lQIpGOTn,989.0
1331,0,plWWPiMc,uhUmvvRs,908.0
1331,0,HcPkwFHM,plWWPiMc,867.0
1331,0,KjuJaNsu,HcPkwFHM,867.0
1331,0,oNyGHMvy,KjuJaNsu,867.0
1331,0,QdnKSSsO,oNyGHMvy,859.0
1331,0,vSdfqYeK,QdnKSSsO,828.0
1331,0,wDpyEsxh,vSdfqYeK,785.0
1331,0,jIerKxIb,wDpyEsxh,785.0
1331,0,IubGYoNi,jIerKxIb,530.0
1331,0,fmQEzQWV,IubGYoNi,530.0
1331,0,BpAiVnps,fmQEzQWV,511.0
253,0,fMrlznIn,cwgbfpqq,4810.0
253,0,uXKxCjNA,fMrlznIn,4810.0
253,0,bOiSLYGO,uXKxCjNA,4810.0
253,0,WFZVQzrl,bOiSLYGO,4868.0
1174,0,QEnOoljA,ARQSeSoV,1812.0
1174,0,louTHuTF,jpQxXiev,791.0
1174,0,oVtKGSMs,louTHuTF,791.0
1174,0,kekwMubZ,oVtKGSMs,795.0
1174,0,xFzHIeRy,kekwMubZ,795.0
1174,0,qnfbEQfU,xFzHIeRy,769.0
1174,0,BGiGDHMe,qnfbEQfU,769.0
1174,0,VycUzKpr,BGiGDHMe,769.0
1174,0,ZzGQqLDR,VycUzKpr,786.0
1174,0,IlgMmocA,ZzGQqLDR,786.0
1174,0,ARQSeSoV,IlgMmocA,786.0
157,0,qGKRSiRy,zLLRyPMt,51.0
157,0,PayqNnwn,qGKRSiRy,51.0
157,0,xFzHIeRy,PayqNnwn,49.0
157,0,qnfbEQfU,xFzHIeRy,49.0
157,0,BGiGDHMe,qnfbEQfU,49.0
157,0,VycUzKpr,BGiGDHMe,49.0
157,0,ZzGQqLDR,VycUzKpr,49.0
157,0,IlgMmocA,ZzGQqLDR,49.0
157,0,ARQSeSoV,IlgMmocA,49.0
157,0,QEnOoljA,ARQSeSoV,38.0
1171,0,qGKRSiRy,nPcSKLPs,200.0
1171,0,PayqNnwn,qGKRSiRy,199.0
1171,0,xFzHIeRy,PayqNnwn,186.0
1171,0,qnfbEQfU,xFzHIeRy,186.0
1171,0,BGiGDHMe,qnfbEQfU,186.0
1171,0,VycUzKpr,BGiGDHMe,186.0
1171,0,ZzGQqLDR,VycUzKpr,184.0
1171,0,IlgMmocA,ZzGQqLDR,184.0
1171,0,ARQSeSoV,IlgMmocA,184.0
1171,0,QEnOoljA,ARQSeSoV,147.0
1171,0,IWPekdjH,BdHFoOCD,119.0
1171,0,nPcSKLPs,IWPekdjH,119.0
1171,0,BdHFoOCD,LXkzXiZv,90.0
1076,0,YjKQPWoa,tUQXHMzJ,359.0
1076,0,KAhfQHTl,YjKQPWoa,359.0
1076,0,tUQXHMzJ,VPnRvCbn,366.0
541,0,xmGwLlME,oZJRchiN,112.0
541,0,KcBICYpI,xmGwLlME,112.0
541,0,XQiQvefE,KcBICYpI,112.0
541,0,eyUKPfnA,XQiQvefE,112.0
736,0,TabXWeiJ,eyUKPfnA,2922.0
736,0,tDhKnafe,TabXWeiJ,2922.0
736,0,iGMYbQYg,tDhKnafe,2929.0
736,0,HeSMGtlu,iGMYbQYg,2929.0
736,0,ZgqhsueA,HeSMGtlu,2929.0
952,0,EEOGpCEL,gzTQJVMW,1585.0
952,0,OdbRrJhV,EEOGpCEL,1664.0
952,0,NSvMYbfW,OdbRrJhV,1664.0
952,0,qmRscxuH,NSvMYbfW,1664.0
952,0,zrVEttwl,qmRscxuH,664.0
952,0,KhQckqci,zrVEttwl,664.0
952,0,NkYJOxxA,KhQckqci,664.0
952,0,Phtvjmoj,NkYJOxxA,664.0
952,0,iRgZVaoH,Phtvjmoj,561.0
952,0,KbKyxild,iRgZVaoH,561.0
400,0,WQOJAyxG,KlSqKJQr,2506.0
400,0,ZcOxufIN,WQOJAyxG,2506.0
400,0,TqATzVvV,ZcOxufIN,2459.0
400,0,OTWTQCls,TqATzVvV,2378.0
400,0,MEUYJwAC,OTWTQCls,2543.0
1076,0,ZYiWVpjK,nfCzcTzh,1625.0
1076,0,qTvRhwtK,ZYiWVpjK,1614.0
1076,0,XQBvMmKm,qTvRhwtK,1614.0
1076,0,hPGLMLbU,XQBvMmKm,1057.0
1076,0,AlpXiRiW,lnzZDlDL,751.0
1076,0,TEpDjcLc,AlpXiRiW,398.0
1076,0,PORiPCGC,TEpDjcLc,398.0
1076,0,VPnRvCbn,PORiPCGC,398.0
463,0,WIZPpGvl,MnTeelLR,8839.0
463,0,qflzswAf,WIZPpGvl,7412.0
1029,0,tBPmVbcK,qflzswAf,8167.0
1076,0,WyfCQhSW,ogOCBKAf,749.0
1076,0,erxKyHjj,WyfCQhSW,788.0
1076,0,KjiBWoqR,erxKyHjj,788.0
1076,0,bYNwHuWo,KjiBWoqR,788.0
1076,0,MFfExqBx,bYNwHuWo,877.0
1076,0,qWvzRbGV,MFfExqBx,877.0
1076,0,PRzaSxQc,qWvzRbGV,877.0
1076,0,bfKiOFsS,PRzaSxQc,877.0
1076,0,eGbCulMV,bfKiOFsS,877.0
1076,0,CRVKBFrv,eGbCulMV,877.0
1076,0,zjOknQHK,CRVKBFrv,943.0
1076,0,FrKNovDQ,zjOknQHK,943.0
1076,0,nfCzcTzh,FrKNovDQ,943.0
1072,0,eypuAxqa,ORrZduNE,1971.0
1072,0,DSVnhmbs,eypuAxqa,1961.0
1072,0,hCKRONaA,DSVnhmbs,1624.0
1072,0,TGKbjQzH,hCKRONaA,1624.0
1072,0,RoreEsYU,TGKbjQzH,1624.0
1072,0,AlpXiRiW,RoreEsYU,1409.0
535,0,uzcbLUNR,GOFbtMrp,473.0
535,0,zezeKItL,uzcbLUNR,473.0
535,0,VpHOqNar,zezeKItL,473.0
535,0,vDTAjOOR,VpHOqNar,473.0
535,0,UDUmRzWP,vDTAjOOR,457.0
535,0,kVWwehGs,UDUmRzWP,457.0
535,0,ixhHdGBo,kVWwehGs,457.0
565,0,LDSuadxM,OhBAPvsb,313.0
565,0,LWMiptXI,adAJVrkD,284.0
565,0,IdjjXnkI,LWMiptXI,284.0
565,0,qQFDKzdu,IdjjXnkI,284.0
1118,0,yMrMMnQF,hUQezMGZ,17.0
1118,0,MrQhdzGM,yMrMMnQF,17.0
1118,0,HsmdKMgN,MrQhdzGM,17.0
1118,0,NJsqxdTd,HsmdKMgN,17.0
1118,0,hfbFGrBz,NJsqxdTd,17.0
1118,0,YtTJoBxm,hfbFGrBz,17.0
1118,0,AlpXiRiW,YtTJoBxm,17.0
856,0,sWtYImJU,oKUAvFAb,251.0
856,0,momDhuqe,sWtYImJU,251.0
1119,0,FHCcBeVW,KvSvcvIL,112.0
1119,0,foRSymXv,FHCcBeVW,112.0
1119,0,xuEvBBdE,vCGIyJLJ,13.0
1119,0,rAizOLWV,xuEvBBdE,13.0
1119,0,JdZarNsv,rAizOLWV,13.0
1119,0,NmilzqZp,JdZarNsv,13.0
1119,0,TCMQvOqy,NmilzqZp,13.0
922,0,FHCcBeVW,KvSvcvIL,579.0
922,0,foRSymXv,FHCcBeVW,579.0
1119,0,IKnBBuIf,foRSymXv,80.0
922,0,IKnBBuIf,foRSymXv,565.0
1349,0,TPvicaCo,iLbIERty,254.0
1349,0,kzVeZOug,TPvicaCo,254.0
1349,0,mxGSpCzE,kzVeZOug,254.0
1349,0,WlZgmutc,mxGSpCzE,254.0
1349,0,acVCzwtl,WlZgmutc,254.0
1072,0,ORrZduNE,CYkmgDbv,1931.0
856,0,zPQeyVVD,momDhuqe,244.0
925,0,DJxHBCmY,HyvnzuHA,26.0
925,0,UUpfieFN,DJxHBCmY,27.0
925,0,XHBoVocK,UUpfieFN,27.0
925,0,TWTKfAgl,XHBoVocK,27.0
925,0,BhcHYWlb,TWTKfAgl,27.0
925,0,xKeFZTyD,BhcHYWlb,31.0
1083,0,honleovC,JGCJnIWw,1552.0
1083,0,pqZYMbGr,honleovC,1598.0
1367,0,vfIotKLC,ZJoycWOZ,65.0
1367,0,tSXpsDyV,vfIotKLC,65.0
1367,0,IbLBdCXD,tSXpsDyV,65.0
1367,0,JGCJnIWw,IbLBdCXD,65.0
1367,0,honleovC,JGCJnIWw,58.0
1367,0,pqZYMbGr,honleovC,50.0
1367,0,jobllKUJ,pqZYMbGr,46.0
1367,0,cKlxsEIa,jobllKUJ,46.0
1367,0,POeaLshN,cKlxsEIa,46.0
1367,0,nvtqczOj,POeaLshN,46.0
1367,0,FdzHSswJ,nvtqczOj,27.0
1367,0,rfVXpFlV,FdzHSswJ,27.0
1367,0,zrVEttwl,rfVXpFlV,27.0
1367,0,KhQckqci,zrVEttwl,27.0
1367,0,NkYJOxxA,KhQckqci,27.0
1367,0,Phtvjmoj,NkYJOxxA,25.0
1367,0,iRgZVaoH,Phtvjmoj,25.0
1367,0,KbKyxild,iRgZVaoH,25.0
1367,0,WzJZybAt,KbKyxild,25.0
1367,0,wBZvskGC,WzJZybAt,25.0
1367,0,pHbSfQWg,wBZvskGC,24.0
1367,0,hlYcHDiv,pHbSfQWg,24.0
1367,0,ZUUFaTkv,hlYcHDiv,24.0
1367,0,jgCiOeaN,ZUUFaTkv,24.0
1367,0,TikfrWrm,jgCiOeaN,24.0
1367,0,RabBrvbh,TikfrWrm,24.0
1367,0,yAsGVYQM,RabBrvbh,24.0
1367,0,XFPAZveS,yAsGVYQM,4.0
1367,0,ojqTFFWy,XFPAZveS,4.0
1085,0,zMSEqitx,EllpaOUu,1225.0
1085,0,AnlrdaBb,zMSEqitx,1225.0
1085,0,yQmtaWgt,AnlrdaBb,1220.0
331,0,hqxwmRzJ,MjoEniNM,1066.0
331,0,DKWSfiEo,hqxwmRzJ,437.0
331,0,hCpAddaw,DKWSfiEo,161.0
331,0,cThdGxLv,hCpAddaw,161.0
331,0,dAxtDTje,cThdGxLv,161.0
331,0,aunBMooM,dAxtDTje,161.0
331,0,kiTgZeoH,aunBMooM,161.0
331,0,eLmJkuZC,kiTgZeoH,161.0
331,0,UgzfanVk,eLmJkuZC,161.0
1085,0,ixafYOrk,WneZtuRq,1097.0
1085,0,VWKzFLMH,ixafYOrk,1097.0
1085,0,EllpaOUu,VWKzFLMH,1083.0
331,0,MjoEniNM,UyZpITbv,304.0
1083,0,krjqWYyL,zBmTBInm,1561.0
1083,0,tSXpsDyV,krjqWYyL,1561.0
1083,0,IbLBdCXD,tSXpsDyV,1561.0
1083,0,JGCJnIWw,IbLBdCXD,1561.0
1040,0,LHNTbQin,TUZfegir,770.0
1040,0,EBDfudXo,LHNTbQin,770.0
1040,0,oVvGCedi,EBDfudXo,795.0
1040,0,zAhquueS,oVvGCedi,795.0
1040,0,SRJkWTfK,zAhquueS,839.0
1040,0,krjqWYyL,SRJkWTfK,509.0
1040,0,tSXpsDyV,krjqWYyL,509.0
1040,0,IbLBdCXD,tSXpsDyV,509.0
1040,0,JGCJnIWw,IbLBdCXD,509.0
1040,0,honleovC,JGCJnIWw,470.0
1040,0,pqZYMbGr,honleovC,469.0
1040,0,jobllKUJ,pqZYMbGr,457.0
1040,0,cKlxsEIa,jobllKUJ,457.0
1040,0,POeaLshN,cKlxsEIa,457.0
1040,0,nvtqczOj,POeaLshN,457.0
1040,0,FdzHSswJ,nvtqczOj,394.0
1040,0,qmRscxuH,FdzHSswJ,379.0
1040,0,zrVEttwl,qmRscxuH,358.0
1040,0,KhQckqci,zrVEttwl,358.0
1040,0,NkYJOxxA,KhQckqci,358.0
1040,0,Phtvjmoj,NkYJOxxA,358.0
1040,0,iRgZVaoH,Phtvjmoj,354.0
1040,0,KbKyxild,iRgZVaoH,354.0
1040,0,WzJZybAt,KbKyxild,352.0
1040,0,wBZvskGC,WzJZybAt,328.0
1040,0,pHbSfQWg,wBZvskGC,316.0
1040,0,hlYcHDiv,pHbSfQWg,316.0
1040,0,ZUUFaTkv,hlYcHDiv,316.0
1040,0,jgCiOeaN,ZUUFaTkv,316.0
1040,0,TikfrWrm,jgCiOeaN,316.0
1040,0,RabBrvbh,TikfrWrm,316.0
1040,0,yAsGVYQM,RabBrvbh,316.0
1040,0,XFPAZveS,yAsGVYQM,196.0
1040,0,ejMjPdTH,XFPAZveS,196.0
1119,0,qNguppPl,IKnBBuIf,77.0
1119,0,ypDcaLvL,qNguppPl,77.0
1119,0,gLfGMIXr,ypDcaLvL,77.0
1119,0,CPLwMSlA,gLfGMIXr,77.0
1119,0,cefvQkVf,CPLwMSlA,77.0
922,0,qNguppPl,IKnBBuIf,437.0
922,0,ypDcaLvL,qNguppPl,437.0
922,0,gLfGMIXr,ypDcaLvL,437.0
922,0,CPLwMSlA,gLfGMIXr,437.0
922,0,cefvQkVf,CPLwMSlA,437.0
1119,0,TJeJnSDd,cefvQkVf,70.0
922,0,TJeJnSDd,cefvQkVf,402.0
765,0,ygaPVVOX,NjRgIRup,71.0
765,0,SgmzKmGa,ygaPVVOX,71.0
765,0,oaiHprKy,SgmzKmGa,71.0
765,0,EKGAgXOm,oaiHprKy,71.0
765,0,RqCzrtQl,EKGAgXOm,71.0
765,0,CfDISmMN,RqCzrtQl,71.0
765,0,CtzBEXfZ,CfDISmMN,71.0
765,0,RpAFtJSl,CtzBEXfZ,71.0
765,0,PcvuCqyL,RpAFtJSl,71.0
765,0,QOMpmplr,PcvuCqyL,71.0
765,0,HNejbQWJ,QOMpmplr,71.0
765,0,dQfoCLXo,HNejbQWJ,71.0
765,0,NJLhSMnp,dQfoCLXo,71.0
765,0,vitXJVTB,NJLhSMnp,74.0
765,0,DPEjcwqA,vitXJVTB,74.0
765,0,AKFNXFCk,DPEjcwqA,74.0
765,0,HIkBoDID,AKFNXFCk,74.0
765,0,FBcFacnd,HIkBoDID,74.0
765,0,URVlPKPB,FBcFacnd,74.0
765,0,vpSWiOiP,URVlPKPB,78.0
765,0,BvsSDYgP,vpSWiOiP,78.0
765,0,KVgMjZao,BvsSDYgP,78.0
765,0,rvGAYltM,KVgMjZao,78.0
765,0,kUJgeRIS,rvGAYltM,78.0
765,0,JzyLKajw,kUJgeRIS,93.0
925,0,ygaPVVOX,NjRgIRup,3.0
925,0,SgmzKmGa,ygaPVVOX,3.0
925,0,oaiHprKy,SgmzKmGa,3.0
925,0,EKGAgXOm,oaiHprKy,3.0
925,0,RqCzrtQl,EKGAgXOm,3.0
925,0,CfDISmMN,RqCzrtQl,3.0
925,0,CtzBEXfZ,CfDISmMN,4.0
925,0,RpAFtJSl,CtzBEXfZ,4.0
925,0,PcvuCqyL,RpAFtJSl,4.0
925,0,QOMpmplr,PcvuCqyL,4.0
925,0,HNejbQWJ,QOMpmplr,4.0
925,0,dQfoCLXo,HNejbQWJ,5.0
925,0,NJLhSMnp,dQfoCLXo,5.0
925,0,vitXJVTB,NJLhSMnp,6.0
925,0,DPEjcwqA,vitXJVTB,6.0
925,0,AKFNXFCk,DPEjcwqA,6.0
925,0,HIkBoDID,AKFNXFCk,6.0
925,0,uKNLSXwU,HIkBoDID,7.0
925,0,QpjbbNqd,uKNLSXwU,7.0
925,0,qHHrAclK,QpjbbNqd,7.0
925,0,Jrutayet,qHHrAclK,7.0
925,0,UosQUisT,Jrutayet,7.0
925,0,FQOgjaka,UosQUisT,7.0
925,0,URvEqJxF,FQOgjaka,7.0
925,0,JalqBTeK,URvEqJxF,7.0
925,0,UAwQbGIv,JalqBTeK,7.0
925,0,HyvnzuHA,UAwQbGIv,7.0
925,0,ExMxhtei,xKeFZTyD,29.0
925,0,FDJgmOaw,ExMxhtei,29.0
925,0,xzbcUqWQ,FDJgmOaw,20.0
911,0,kaZSJtsS,pfeYSjby,342.0
911,0,DBpmioGn,kaZSJtsS,342.0
911,0,KKHFrKGl,DBpmioGn,342.0
916,0,gcglUzpd,KzAuSOOh,6.0
916,0,VNhVtVFP,gcglUzpd,6.0
764,0,rpRStibJ,rAXDXBKw,4.0
764,0,BSXQVxvJ,rpRStibJ,4.0
764,0,hPReecFP,BSXQVxvJ,4.0
932,0,xAcbGwmk,woHRqfeu,98.0
932,0,PpqbXLrX,xAcbGwmk,98.0
932,0,dikxlocD,PpqbXLrX,875.0
932,0,FZfLSowG,dikxlocD,875.0
932,0,nGUGLxPd,FZfLSowG,1132.0
914,0,QOMpmplr,PcvuCqyL,298.0
914,0,HNejbQWJ,QOMpmplr,302.0
914,0,dQfoCLXo,HNejbQWJ,303.0
914,0,NJLhSMnp,dQfoCLXo,303.0
914,0,vitXJVTB,NJLhSMnp,303.0
914,0,DPEjcwqA,vitXJVTB,303.0
914,0,AKFNXFCk,DPEjcwqA,303.0
914,0,HIkBoDID,AKFNXFCk,303.0
914,0,FBcFacnd,HIkBoDID,403.0
914,0,URVlPKPB,FBcFacnd,403.0
914,0,vpSWiOiP,URVlPKPB,418.0
914,0,BvsSDYgP,vpSWiOiP,418.0
914,0,KVgMjZao,BvsSDYgP,418.0
914,0,rvGAYltM,KVgMjZao,418.0
914,0,kUJgeRIS,rvGAYltM,418.0
914,0,pfeYSjby,kUJgeRIS,421.0
914,0,kaZSJtsS,pfeYSjby,421.0
914,0,DBpmioGn,kaZSJtsS,421.0
914,0,KKHFrKGl,DBpmioGn,421.0
914,0,YfFNBzii,KKHFrKGl,450.0
914,0,SAoMIbAp,YfFNBzii,450.0
914,0,aCcokpIU,hTBkjNzq,250.0
914,0,IWuAfYeM,aCcokpIU,250.0
914,0,AKEMZMhk,IWuAfYeM,250.0
914,0,oXDhDxhT,AKEMZMhk,250.0
914,0,twlwLPZj,oXDhDxhT,250.0
914,0,NjRgIRup,twlwLPZj,251.0
914,0,ygaPVVOX,NjRgIRup,292.0
914,0,SgmzKmGa,ygaPVVOX,292.0
914,0,oaiHprKy,SgmzKmGa,292.0
914,0,EKGAgXOm,oaiHprKy,292.0
914,0,RqCzrtQl,EKGAgXOm,292.0
914,0,CfDISmMN,RqCzrtQl,292.0
914,0,CtzBEXfZ,CfDISmMN,297.0
914,0,RpAFtJSl,CtzBEXfZ,297.0
914,0,PcvuCqyL,RpAFtJSl,297.0
914,0,hTBkjNzq,MyzUerZz,7.0
914,0,BUhYynpm,SAoMIbAp,370.0
914,0,iBcazcLz,BUhYynpm,370.0
914,0,anlBxctW,iBcazcLz,370.0
914,0,vPtmXBsW,anlBxctW,370.0
914,0,JOrMMBVL,vPtmXBsW,363.0
914,0,vRiXTWTq,JOrMMBVL,363.0
914,0,NUggIFcT,vRiXTWTq,363.0
914,0,ybeqLsHP,NUggIFcT,363.0
914,0,hCunccId,ybeqLsHP,363.0
914,0,bYiZlZfK,hCunccId,363.0
914,0,hGZrWSlb,bYiZlZfK,361.0
914,0,eWFmnMeJ,hGZrWSlb,359.0
914,0,APAIrxcy,eWFmnMeJ,359.0
914,0,kJHtAChU,APAIrxcy,359.0
914,0,WPLDPMYV,kJHtAChU,359.0
914,0,QJqMQbqf,WPLDPMYV,349.0
914,0,qgftSein,QJqMQbqf,237.0
914,0,umyCwwah,qgftSein,231.0
914,0,umudVILy,umyCwwah,231.0
765,0,iPmhSqDk,JzyLKajw,87.0
765,0,ZVTOmRdq,iPmhSqDk,87.0
765,0,vjFpNILE,ZVTOmRdq,87.0
765,0,QMycpMQA,vjFpNILE,87.0
765,0,goEFDDka,QMycpMQA,87.0
765,0,gzdfrKuT,goEFDDka,87.0
765,0,QpdZiknK,gzdfrKuT,87.0
765,0,tVSOiuPz,QpdZiknK,27.0
1117,0,ygaPVVOX,NjRgIRup,11.0
1117,0,SgmzKmGa,ygaPVVOX,11.0
1117,0,EKGAgXOm,SgmzKmGa,11.0
1117,0,CfDISmMN,EKGAgXOm,11.0
1117,0,PcvuCqyL,CfDISmMN,11.0
1117,0,QOMpmplr,PcvuCqyL,11.0
1117,0,HNejbQWJ,QOMpmplr,11.0
1117,0,lyEtzViy,HNejbQWJ,11.0
1117,0,uVrlMgNx,lyEtzViy,11.0
1117,0,GhOGJPtU,uVrlMgNx,11.0
1117,0,WOuDNhbw,GhOGJPtU,11.0
1117,0,CYkmgDbv,WOuDNhbw,11.0
1117,0,eypuAxqa,CYkmgDbv,11.0
1117,0,DSVnhmbs,eypuAxqa,11.0
1117,0,hCKRONaA,DSVnhmbs,11.0
1117,0,TGKbjQzH,hCKRONaA,11.0
1117,0,RoreEsYU,TGKbjQzH,11.0
1117,0,AlpXiRiW,RoreEsYU,11.0
1117,0,btFKFkYA,AlpXiRiW,24.0
1117,0,jLrhssle,btFKFkYA,24.0
1117,0,FvRFCvLd,jLrhssle,24.0
1117,0,tkjaIDXe,FvRFCvLd,24.0
1117,0,yhVlWvFp,tkjaIDXe,24.0
1117,0,PAhNkZlS,yhVlWvFp,24.0
1117,0,CxiOJZtJ,PAhNkZlS,24.0
856,0,UrJBvWGq,zPQeyVVD,225.0
856,0,thxCXWVL,UrJBvWGq,225.0
856,0,AlpXiRiW,thxCXWVL,225.0
915,0,zHlMZSZh,KKHFrKGl,282.0
915,0,YfFNBzii,zHlMZSZh,282.0
915,0,amcUazui,YfFNBzii,282.0
915,0,XOGHqVzK,amcUazui,282.0
915,0,uPxuFxvo,XOGHqVzK,282.0
915,0,aUXvtKAd,uPxuFxvo,282.0
915,0,pfeYSjby,rvGAYltM,253.0
915,0,kaZSJtsS,pfeYSjby,253.0
915,0,DBpmioGn,kaZSJtsS,253.0
915,0,KKHFrKGl,DBpmioGn,253.0
915,0,ygaPVVOX,NjRgIRup,211.0
915,0,SgmzKmGa,ygaPVVOX,221.0
915,0,oaiHprKy,SgmzKmGa,221.0
915,0,EKGAgXOm,oaiHprKy,221.0
915,0,RqCzrtQl,EKGAgXOm,221.0
915,0,CfDISmMN,RqCzrtQl,221.0
915,0,CtzBEXfZ,CfDISmMN,222.0
915,0,RpAFtJSl,CtzBEXfZ,222.0
915,0,PcvuCqyL,RpAFtJSl,222.0
915,0,QOMpmplr,PcvuCqyL,222.0
915,0,HNejbQWJ,QOMpmplr,223.0
915,0,dQfoCLXo,HNejbQWJ,223.0
915,0,NJLhSMnp,dQfoCLXo,223.0
915,0,vitXJVTB,NJLhSMnp,225.0
915,0,DPEjcwqA,vitXJVTB,225.0
915,0,AKFNXFCk,DPEjcwqA,225.0
915,0,HIkBoDID,AKFNXFCk,225.0
915,0,FBcFacnd,HIkBoDID,247.0
915,0,URVlPKPB,FBcFacnd,247.0
915,0,vpSWiOiP,URVlPKPB,250.0
915,0,BvsSDYgP,vpSWiOiP,250.0
915,0,KVgMjZao,BvsSDYgP,250.0
915,0,rvGAYltM,KVgMjZao,250.0
915,0,bWARUqJw,aUXvtKAd,269.0
915,0,YRAoXeLc,bWARUqJw,273.0
915,0,QBEEvEfk,YRAoXeLc,275.0
915,0,wUNonIvB,QBEEvEfk,275.0
915,0,ADLjcXqa,wUNonIvB,277.0
915,0,TfcuZRGs,ADLjcXqa,277.0
915,0,wCBeePzy,TfcuZRGs,259.0
915,0,xaFIWdbd,wCBeePzy,259.0
915,0,FqqChBVj,xaFIWdbd,259.0
915,0,DdnncojU,FqqChBVj,259.0
915,0,JFAOdLlH,DdnncojU,259.0
915,0,hOuYlHPh,JFAOdLlH,84.0
915,0,LSLEHghp,hOuYlHPh,61.0
915,0,sTCaNKUj,LSLEHghp,61.0
915,0,ZKALZXGO,sTCaNKUj,61.0
915,0,tsbSHhIt,ZKALZXGO,47.0
915,0,gFnNTJRr,tsbSHhIt,11.0
915,0,rDrqCYRb,gFnNTJRr,11.0
900,0,fTbQcCcQ,BSlPgNeK,91.0
900,0,ZLWEzNmI,fTbQcCcQ,74.0
900,0,QeXyWyya,ZLWEzNmI,74.0
900,0,PifXIFet,QeXyWyya,78.0
900,0,tNmxviwt,PifXIFet,78.0
900,0,yHaTCNJc,tNmxviwt,78.0
1568,0,vxTQjZcJ,UgzfanVk,287.0
765,0,CxOOaXfM,tVSOiuPz,8.0
765,0,OZlUZuJc,CxOOaXfM,8.0
765,0,bPGbdmLB,OZlUZuJc,8.0
765,0,YlKnpIom,bPGbdmLB,5.0
765,0,iyqZxomb,YlKnpIom,5.0
765,0,rAXDXBKw,iyqZxomb,5.0
952,0,gzTQJVMW,RVEyrwjR,600.0
34,0,CKldDLYq,EkWBPXmr,6456.0
34,0,tjYcJLRB,CKldDLYq,6504.0
34,0,iYMJvRAf,tjYcJLRB,5973.0
1244,0,ubZrQMid,vfdAIPGv,3748.0
1244,0,gBkmsEyR,ubZrQMid,3748.0
1244,0,hysxdiTF,gBkmsEyR,3010.0
1244,0,iYMJvRAf,hysxdiTF,3010.0
474,0,LPQBwisp,wOZIcmuB,1600.0
474,0,dpOKQcMh,LPQBwisp,1600.0
474,0,jLJTMrwU,dpOKQcMh,1719.0
474,0,LdWodgsw,jLJTMrwU,1719.0
212,0,tSUFrefk,ZMeqpjWv,387.0
212,0,FqxCUuHX,tSUFrefk,441.0
212,0,kGGyYXze,FqxCUuHX,662.0
212,0,aiNWVRbc,kGGyYXze,662.0
212,0,djOWqAVW,aiNWVRbc,662.0
212,0,LdWodgsw,djOWqAVW,662.0
212,0,iWFLhsvE,LdWodgsw,358.0
212,0,qFzqwYZZ,iWFLhsvE,222.0
212,0,gaLZwYvS,qFzqwYZZ,222.0
212,0,XypZkLUe,gaLZwYvS,6.0
212,0,drmArhka,XypZkLUe,6.0
426,0,DUgAaGlT,FJDNPLrp,684.0
426,0,ppabfQGz,DUgAaGlT,330.0
426,0,MBTcSIip,ppabfQGz,316.0
426,0,qFzqwYZZ,MBTcSIip,289.0
426,0,gaLZwYvS,qFzqwYZZ,104.0
426,0,XypZkLUe,gaLZwYvS,79.0
426,0,drmArhka,XypZkLUe,79.0
205,0,HefnspWQ,czFfIymd,319.0
205,0,lDeAZniB,HefnspWQ,279.0
205,0,sDgMDbLK,lDeAZniB,279.0
205,0,MUKiuGPJ,sDgMDbLK,279.0
205,0,BIPxiHLi,MUKiuGPJ,279.0
205,0,yrMfCrKd,BIPxiHLi,279.0
205,0,FJDNPLrp,yrMfCrKd,149.0
205,0,YyXnCqJL,FJDNPLrp,166.0
205,0,FXEtzSuC,YyXnCqJL,166.0
205,0,ppabfQGz,FXEtzSuC,166.0
426,0,HYfXIyFk,YmDpkIHQ,785.0
426,0,oQvXmJfL,HYfXIyFk,775.0
426,0,yayPNqiY,oQvXmJfL,682.0
426,0,FJDNPLrp,yayPNqiY,682.0
426,0,faYOimYm,EZnTnoxs,1119.0
426,0,nObXmJzU,faYOimYm,1121.0
426,0,YmDpkIHQ,nObXmJzU,1103.0
426,0,FBwCHGmG,mLBQtksd,2089.0
426,0,ezbmnBKa,FBwCHGmG,2089.0
426,0,aaOdCJPr,ezbmnBKa,1249.0
426,0,EZnTnoxs,aaOdCJPr,1266.0
426,0,BZCtSmhk,ywuGpANM,1239.0
426,0,VkcYQwTj,BZCtSmhk,1239.0
426,0,jFRqfnFl,VkcYQwTj,1396.0
426,0,ysSWNERo,jFRqfnFl,1401.0
426,0,lQIpGOTn,ysSWNERo,1439.0
426,0,uhUmvvRs,lQIpGOTn,1439.0
426,0,GgLRqpEG,uhUmvvRs,1439.0
426,0,WFZVQzrl,GgLRqpEG,1439.0
426,0,QDIpIlEK,WFZVQzrl,1525.0
426,0,IESGsZGI,QDIpIlEK,2223.0
426,0,mLBQtksd,IESGsZGI,2223.0
426,0,FZsFzszJ,gzTQJVMW,370.0
426,0,AoRkaUmb,FZsFzszJ,377.0
426,0,ALhaazBT,AoRkaUmb,377.0
426,0,AUmOMGnp,ALhaazBT,426.0
426,0,XFPAZveS,AUmOMGnp,436.0
426,0,eaNsVWDR,XFPAZveS,908.0
426,0,hpACGGyB,eaNsVWDR,908.0
426,0,ywuGpANM,hpACGGyB,974.0
426,0,gzTQJVMW,RVEyrwjR,338.0
727,0,WFZVQzrl,bOiSLYGO,260.0
727,0,GiONHkbf,WFZVQzrl,295.0
727,0,QDIpIlEK,GiONHkbf,295.0
727,0,GpnhEWuy,QDIpIlEK,1209.0
727,0,rRGVruPM,GpnhEWuy,1209.0
727,0,mLBQtksd,rRGVruPM,1212.0
460,0,YctaenCe,jcExlqwL,1367.0
460,0,tzYrVhKO,YctaenCe,1367.0
460,0,UgpyjFML,tzYrVhKO,1334.0
460,0,nPkrzCty,UgpyjFML,1703.0
460,0,OPXtWBVk,nPkrzCty,1736.0
460,0,SvGtXrYj,OPXtWBVk,1919.0
460,0,STSGJiIu,SvGtXrYj,1881.0
460,0,buAeVenh,STSGJiIu,1601.0
460,0,ARTSSefO,buAeVenh,1601.0
460,0,nGRNUPgX,ARTSSefO,1636.0
460,0,cPCRxZjy,nGRNUPgX,1598.0
460,0,klenweCZ,cPCRxZjy,2299.0
460,0,wdBsZaVr,klenweCZ,1547.0
460,0,FXEtzSuC,wdBsZaVr,1561.0
460,0,ppabfQGz,FXEtzSuC,1511.0
685,0,QncWjmnC,LBOtcvsG,1379.0
685,0,ERcEoUXY,QncWjmnC,1379.0
685,0,qKDzyFqg,ERcEoUXY,1377.0
685,0,uKbbRztG,qKDzyFqg,1351.0
685,0,cEOIeJTR,uKbbRztG,2087.0
574,0,fuApzGaS,KwaxxmSs,356.0
574,0,NQaaFyOm,fuApzGaS,192.0
574,0,oeGMQkdJ,NQaaFyOm,192.0
574,0,vkAUVqtk,oeGMQkdJ,189.0
482,0,duRJdiSr,qdrjbHYS,4338.0
482,0,uBFbbvHN,duRJdiSr,4341.0
482,0,YjUiSglA,uBFbbvHN,4341.0
482,0,xPaGbpFW,YjUiSglA,4341.0
482,0,LJLjKFnn,xPaGbpFW,4337.0
482,0,gzZgDndk,LJLjKFnn,4337.0
482,0,NQaaFyOm,gzZgDndk,2573.0
482,0,oeGMQkdJ,NQaaFyOm,630.0
482,0,vkAUVqtk,oeGMQkdJ,398.0
419,0,QHFmFyLR,EkWBPXmr,7985.0
419,0,neNWquOh,QHFmFyLR,8002.0
419,0,KwaxxmSs,neNWquOh,8140.0
419,0,gzZgDndk,KwaxxmSs,8349.0
419,0,NQaaFyOm,gzZgDndk,9799.0
419,0,iPNesxKP,NQaaFyOm,10082.0
572,0,fOfcyQgJ,iWoOHVbT,2683.0
572,0,YXOKWXAw,fOfcyQgJ,2674.0
572,0,gzZgDndk,YXOKWXAw,2674.0
572,0,NQaaFyOm,gzZgDndk,305.0
572,0,iPNesxKP,NQaaFyOm,317.0
616,0,GigUVtty,mVhkAqwx,723.0
616,0,xQpNdvvD,GigUVtty,711.0
616,0,VuxSFkGj,xQpNdvvD,711.0
616,0,SQUoXVXU,VuxSFkGj,715.0
616,0,tZiWmgTn,SQUoXVXU,715.0
616,0,TJGhHrvm,tZiWmgTn,737.0
616,0,NQaaFyOm,yhXmuUeN,1670.0
616,0,iPNesxKP,NQaaFyOm,333.0
321,0,zavSPsgu,YjHuxjDZ,217.0
321,0,UrQlyWkl,zavSPsgu,215.0
321,0,WqMESkMM,UrQlyWkl,146.0
321,0,TKmnSMXw,WqMESkMM,146.0
321,0,zAVZRYih,TKmnSMXw,146.0
474,0,JgaAcZvO,HrNWphPZ,963.0
474,0,oFGeBzfg,JgaAcZvO,963.0
474,0,fUdtRFJM,oFGeBzfg,963.0
474,0,UrQlyWkl,fUdtRFJM,958.0
474,0,WqMESkMM,UrQlyWkl,1718.0
474,0,TKmnSMXw,WqMESkMM,1718.0
474,0,zAVZRYih,TKmnSMXw,1718.0
474,0,AszcEtOu,BpAiVnps,384.0
474,0,ufvngNip,AszcEtOu,434.0
474,0,ybjkPLXB,ufvngNip,434.0
474,0,IOcMwGKn,ybjkPLXB,491.0
474,0,hCxxcqWU,IOcMwGKn,620.0
474,0,gUXxyAlR,hCxxcqWU,644.0
474,0,cEOIeJTR,gUXxyAlR,644.0
474,0,bWAbaUPC,cEOIeJTR,1314.0
474,0,HrNWphPZ,bWAbaUPC,1848.0
321,0,XGxJlapP,IdWZOznf,245.0
321,0,YjHuxjDZ,XGxJlapP,245.0
1255,0,lmZJehpq,EmkugZPX,3720.0
1255,0,tDDddUJb,lmZJehpq,3460.0
1255,0,RVGhYAxc,tDDddUJb,1969.0
1340,0,yAgyFeHo,nIakFMcq,4793.0
1340,0,QdWOxWia,yAgyFeHo,4109.0
1340,0,gViLrCgA,QdWOxWia,4094.0
1340,0,cCSIoIah,gViLrCgA,3886.0
1340,0,DLdtTvFi,cCSIoIah,3886.0
1340,0,vRWSdFEN,DLdtTvFi,3827.0
1340,0,tDDddUJb,vRWSdFEN,3723.0
1340,0,RVGhYAxc,tDDddUJb,3723.0
34,0,KplKuAnp,iYMJvRAf,4493.0
34,0,pSVDMeCH,KplKuAnp,4493.0
524,0,YjUiSglA,uBFbbvHN,7130.0
524,0,xPaGbpFW,YjUiSglA,7130.0
524,0,LJLjKFnn,xPaGbpFW,7130.0
524,0,fuApzGaS,LJLjKFnn,7130.0
524,0,NQaaFyOm,fuApzGaS,6076.0
524,0,iPNesxKP,NQaaFyOm,2913.0
524,0,wOZIcmuB,iPNesxKP,2457.0
524,0,LPQBwisp,wOZIcmuB,2438.0
524,0,dpOKQcMh,LPQBwisp,2438.0
524,0,jLJTMrwU,dpOKQcMh,2398.0
524,0,LdWodgsw,jLJTMrwU,2398.0
524,0,iWFLhsvE,LdWodgsw,2262.0
524,0,qFzqwYZZ,iWFLhsvE,867.0
524,0,vfDgNrFH,qFzqwYZZ,867.0
524,0,gaLZwYvS,vfDgNrFH,867.0
1244,0,KplKuAnp,iYMJvRAf,4281.0
1244,0,pSVDMeCH,KplKuAnp,4256.0
474,0,gaLZwYvS,qFzqwYZZ,484.0
460,0,MBTcSIip,ppabfQGz,1264.0
460,0,qFzqwYZZ,MBTcSIip,1140.0
460,0,vfDgNrFH,qFzqwYZZ,715.0
460,0,gaLZwYvS,vfDgNrFH,715.0
205,0,MBTcSIip,ppabfQGz,165.0
205,0,gaLZwYvS,MBTcSIip,86.0
205,0,szQKyBKA,eBAbFKqQ,437.0
205,0,czFfIymd,szQKyBKA,437.0
762,0,PXPVuGmP,fQRLOpha,4937.0
762,0,IulxyPoH,PXPVuGmP,4937.0
762,0,llFTEWtD,IulxyPoH,4771.0
762,0,fPhIOSOj,llFTEWtD,4771.0
762,0,PQDqFTyk,fPhIOSOj,4790.0
762,0,OhBAPvsb,PQDqFTyk,4483.0
491,0,YvLYpMPH,POdtxoZm,2962.0
491,0,QnkNgkDL,YvLYpMPH,2962.0
491,0,LPQBwisp,wOZIcmuB,2881.0
491,0,dpOKQcMh,LPQBwisp,2881.0
491,0,jLJTMrwU,dpOKQcMh,2130.0
491,0,LdWodgsw,jLJTMrwU,2130.0
491,0,iWFLhsvE,LdWodgsw,838.0
491,0,qFzqwYZZ,iWFLhsvE,534.0
491,0,gaLZwYvS,qFzqwYZZ,534.0
474,0,iPNesxKP,zAVZRYih,1672.0
474,0,wOZIcmuB,iPNesxKP,1044.0
491,0,qvujbmjR,mKIQRbrs,1389.0
491,0,SqxhBMol,qvujbmjR,1389.0
491,0,vIqdsoZx,SqxhBMol,1465.0
491,0,WPPGaTFA,vIqdsoZx,1394.0
491,0,zavSPsgu,WPPGaTFA,1478.0
491,0,UrQlyWkl,zavSPsgu,1478.0
491,0,POdtxoZm,UrQlyWkl,1057.0
491,0,xQpNdvvD,GigUVtty,1474.0
491,0,SQUoXVXU,xQpNdvvD,1510.0
491,0,mKIQRbrs,SQUoXVXU,1714.0
481,0,tglFZOrp,CcTUkfkl,1752.0
481,0,SqxhBMol,tglFZOrp,1752.0
481,0,vIqdsoZx,SqxhBMol,1689.0
481,0,RupFhEwj,vIqdsoZx,1689.0
481,0,WPPGaTFA,RupFhEwj,1141.0
481,0,zavSPsgu,WPPGaTFA,1047.0
481,0,UrQlyWkl,zavSPsgu,1046.0
491,0,bgWfLree,DsuTXcIa,1631.0
491,0,nUYnioIh,bgWfLree,1631.0
491,0,mVhkAqwx,nUYnioIh,1631.0
491,0,GigUVtty,mVhkAqwx,1657.0
633,0,IdWZOznf,CZfJWCoJ,1197.0
633,0,bFducDIy,IdWZOznf,1197.0
633,0,iFgeXSsz,bFducDIy,1197.0
633,0,NBopaFdP,iFgeXSsz,1017.0
633,0,LbKosGpD,NBopaFdP,1017.0
633,0,wOZIcmuB,LbKosGpD,1017.0
633,0,dpOKQcMh,wOZIcmuB,673.0
633,0,jLJTMrwU,dpOKQcMh,565.0
633,0,LdWodgsw,jLJTMrwU,565.0
633,0,iWFLhsvE,LdWodgsw,209.0
633,0,qFzqwYZZ,iWFLhsvE,112.0
633,0,gaLZwYvS,qFzqwYZZ,112.0
481,0,eciAPzhn,zYpZYpOA,2161.0
481,0,tOfkaukv,eciAPzhn,2161.0
481,0,exzjGTVf,tOfkaukv,2161.0
481,0,CcTUkfkl,exzjGTVf,2161.0
633,0,jkmSVBKz,QkCkRebE,2127.0
633,0,jcbMPQjL,jkmSVBKz,2127.0
633,0,xfYjeqNM,jcbMPQjL,1292.0
633,0,CZfJWCoJ,xfYjeqNM,1012.0
212,0,RZyHoyLx,JmbBeQIE,245.0
212,0,Gzlmcdek,RZyHoyLx,291.0
212,0,cPCRxZjy,Gzlmcdek,381.0
212,0,qpacHTVx,cPCRxZjy,381.0
212,0,jgXkfKmE,qpacHTVx,381.0
212,0,AFWGXQGm,jgXkfKmE,381.0
212,0,WTiRZunt,AFWGXQGm,381.0
212,0,ZMeqpjWv,WTiRZunt,381.0
205,0,WweXYmbm,JODrgTwh,378.0
205,0,RWixPrCB,WweXYmbm,378.0
205,0,zAwPDfkg,RWixPrCB,388.0
205,0,eBAbFKqQ,zAwPDfkg,392.0
319,0,cHhWsWUg,UlOflIKh,326.0
319,0,nPkrzCty,cHhWsWUg,326.0
633,0,EmkugZPX,XMWgellz,1870.0
633,0,lmZJehpq,EmkugZPX,1933.0
633,0,WPBOglHu,lmZJehpq,2008.0
633,0,ftMGYADA,WPBOglHu,2016.0
633,0,lklhFYFG,ftMGYADA,2016.0
633,0,rDcmNjNB,lklhFYFG,2001.0
633,0,pPReLBCT,rDcmNjNB,2001.0
633,0,AqgjLYqB,pPReLBCT,2079.0
633,0,QkCkRebE,AqgjLYqB,2079.0
460,0,RCkelXPh,eyAJPdep,2006.0
460,0,jcExlqwL,RCkelXPh,2006.0
633,0,QsteKrle,wrsPDGBQ,751.0
633,0,XMWgellz,QsteKrle,751.0
633,0,zjjLSYAp,fGmFhgnx,665.0
633,0,wrsPDGBQ,zjjLSYAp,665.0
633,0,rckblBTM,yQQuLFAg,610.0
633,0,fGmFhgnx,rckblBTM,617.0
633,0,bHagonKv,vacPrbQA,456.0
633,0,Vlipnutt,bHagonKv,456.0
633,0,CcjcuryA,Vlipnutt,462.0
633,0,yQQuLFAg,CcjcuryA,477.0
460,0,CEZTRnUo,qflzswAf,5070.0
460,0,funWfCdm,CEZTRnUo,5070.0
460,0,rnFrOJMw,funWfCdm,5070.0
460,0,MklhhYCQ,rnFrOJMw,5071.0
460,0,nzTRQfUi,MklhhYCQ,6814.0
460,0,nhSXMXjw,nzTRQfUi,6372.0
460,0,kjxfKqbD,nhSXMXjw,3809.0
460,0,mSXRukCc,kjxfKqbD,3809.0
460,0,FFGyTMvJ,mSXRukCc,3809.0
460,0,eyAJPdep,FFGyTMvJ,2767.0
12,0,AtcDBGpE,Oslgxmkx,727.0
12,0,nsjiKPCz,AtcDBGpE,727.0
12,0,vfdAIPGv,nsjiKPCz,727.0
12,0,inJVXMtB,vfdAIPGv,727.0
12,0,ubZrQMid,inJVXMtB,727.0
12,0,gBkmsEyR,ubZrQMid,727.0
12,0,cGoHBmgo,gBkmsEyR,727.0
12,0,fOfcyQgJ,cGoHBmgo,727.0
12,0,YXOKWXAw,fOfcyQgJ,727.0
12,0,gzZgDndk,YXOKWXAw,727.0
12,0,NQaaFyOm,gzZgDndk,548.0
12,0,iPNesxKP,NQaaFyOm,548.0
12,0,leJfirnk,yrRBvFtZ,240.0
12,0,QRSRIbba,leJfirnk,240.0
12,0,EkCoFwMY,QRSRIbba,240.0
12,0,jqriedgy,EkCoFwMY,240.0
12,0,MTAZIXBL,jqriedgy,240.0
12,0,RkbXqAIs,MTAZIXBL,318.0
12,0,NLDgVASg,RkbXqAIs,477.0
12,0,DKPrUpnj,NLDgVASg,477.0
12,0,CdibamDB,DKPrUpnj,685.0
12,0,lBopHXdD,CdibamDB,685.0
12,0,vwEcxUej,lBopHXdD,685.0
12,0,JBpFxiqb,vwEcxUej,685.0
12,0,Oslgxmkx,JBpFxiqb,685.0
490,0,pSVDMeCH,gaLZwYvS,1019.0
490,0,FTwVCxQy,pSVDMeCH,1019.0
490,0,RFaTWaew,FTwVCxQy,1019.0
490,0,mYoRZvtc,RFaTWaew,1396.0
490,0,NKCxdwhs,mYoRZvtc,2717.0
490,0,eeSdZFhf,NKCxdwhs,2717.0
490,0,UaWwvNMO,eeSdZFhf,3562.0
490,0,gFAsBeQM,UaWwvNMO,3562.0
477,0,mYoRZvtc,RFaTWaew,595.0
1707,0,PiHPpcZe,MPxbDKyu,3.0
1707,0,mBlbMFFC,PiHPpcZe,3.0
1707,0,BGChynOq,mBlbMFFC,3.0
1707,0,ffHVhHJj,BGChynOq,1.0
1707,0,itmFNPnQ,ffHVhHJj,1.0
1707,0,mEEGNlDG,itmFNPnQ,1.0
1707,0,jVOVHrFU,mEEGNlDG,1.0
572,0,wOZIcmuB,iPNesxKP,47.0
481,0,POdtxoZm,UrQlyWkl,3354.0
481,0,YvLYpMPH,POdtxoZm,3955.0
481,0,SemNVHvd,YvLYpMPH,3955.0
481,0,QnkNgkDL,SemNVHvd,3955.0
481,0,lctVuVOk,QnkNgkDL,4247.0
481,0,CYSggHNR,IkxLwyxa,1866.0
481,0,VhgapMoa,CYSggHNR,1794.0
481,0,dKbqWpcD,VhgapMoa,1794.0
481,0,zYpZYpOA,dKbqWpcD,1794.0
1701,0,gxWBbdrZ,aHsZaffM,825.0
1701,0,mDPYPXHa,gxWBbdrZ,825.0
1701,0,XHLHCkqn,mDPYPXHa,825.0
491,0,JovbzjVh,qDeoslSZ,1016.0
491,0,DCdKJxNH,JovbzjVh,1039.0
491,0,DsuTXcIa,DCdKJxNH,1039.0
477,0,FTwVCxQy,KplKuAnp,15.0
477,0,RFaTWaew,FTwVCxQy,15.0
1740,0,eciAPzhn,RoAYEvND,526.0
1740,0,tOfkaukv,eciAPzhn,526.0
1740,0,exzjGTVf,tOfkaukv,526.0
1740,0,CcTUkfkl,exzjGTVf,526.0
1740,0,SqxhBMol,CcTUkfkl,670.0
1740,0,vIqdsoZx,SqxhBMol,608.0
1740,0,WPPGaTFA,vIqdsoZx,485.0
1740,0,zavSPsgu,WPPGaTFA,519.0
1740,0,UrQlyWkl,zavSPsgu,519.0
34,0,FTwVCxQy,pSVDMeCH,3453.0
34,0,xnBCUPNx,FTwVCxQy,4223.0
1244,0,FTwVCxQy,pSVDMeCH,3631.0
1244,0,xnBCUPNx,FTwVCxQy,4259.0
419,0,lctVuVOk,iPNesxKP,8202.0
419,0,iLaGOhZk,lctVuVOk,9328.0
12,0,lctVuVOk,iPNesxKP,540.0
12,0,iLaGOhZk,lctVuVOk,540.0
12,0,wuyFtExA,EtvjcvTp,92.0
12,0,MrybjzSo,wuyFtExA,92.0
12,0,yrRBvFtZ,MrybjzSo,92.0
463,0,pSVDMeCH,gaLZwYvS,1208.0
463,0,FTwVCxQy,pSVDMeCH,1227.0
463,0,xnBCUPNx,FTwVCxQy,1736.0
463,0,PbNNbEKu,xnBCUPNx,1842.0
463,0,fTOPrrgc,PbNNbEKu,1909.0
463,0,ErjukRDc,fTOPrrgc,1905.0
463,0,ojYgsDtJ,ErjukRDc,1963.0
213,0,mYoRZvtc,RFaTWaew,124.0
213,0,WWGVlxtV,mYoRZvtc,443.0
213,0,xAtzquQH,WWGVlxtV,443.0
213,0,GHMmjNDZ,xAtzquQH,443.0
213,0,ZpgoacOO,GHMmjNDZ,443.0
204,0,ZyxFjabk,yQIotbyH,708.0
204,0,RyfxjoUl,ZyxFjabk,708.0
204,0,QIQMIQBO,RyfxjoUl,889.0
204,0,KHrhIPzf,QIQMIQBO,963.0
204,0,WAnDToyk,KHrhIPzf,983.0
481,0,EocVuyzS,lctVuVOk,1012.0
481,0,lwcIkPvE,EocVuyzS,802.0
1318,0,LKVeVUNI,BpAiVnps,3640.0
1318,0,dbPZeeiE,LKVeVUNI,3462.0
1318,0,CsDsDrdU,dbPZeeiE,3408.0
1318,0,OPXtWBVk,CsDsDrdU,3333.0
1318,0,BpAiVnps,RVGhYAxc,5258.0
419,0,ZpgoacOO,iLaGOhZk,7712.0
12,0,ZpgoacOO,iLaGOhZk,415.0
486,0,duRJdiSr,jeadfqyj,52.0
486,0,uBFbbvHN,duRJdiSr,52.0
486,0,YjUiSglA,uBFbbvHN,52.0
486,0,xPaGbpFW,YjUiSglA,52.0
486,0,LJLjKFnn,xPaGbpFW,51.0
486,0,gzZgDndk,LJLjKFnn,51.0
486,0,NQaaFyOm,gzZgDndk,50.0
419,0,eYoPTdNP,ZpgoacOO,6947.0
663,0,zjSAMvDn,DOGyniWl,238.0
663,0,ZaBRaevd,zjSAMvDn,256.0
663,0,EZnTnoxs,ZaBRaevd,255.0
663,0,faYOimYm,EZnTnoxs,147.0
663,0,cmGUMIAA,faYOimYm,147.0
663,0,sDgMDbLK,cmGUMIAA,147.0
663,0,MUKiuGPJ,sDgMDbLK,113.0
663,0,LLvlNCEB,MUKiuGPJ,113.0
663,0,oXfrIVbN,LLvlNCEB,113.0
663,0,AFWGXQGm,oXfrIVbN,113.0
663,0,WTiRZunt,AFWGXQGm,74.0
663,0,RGyQypSn,WTiRZunt,74.0
663,0,jsUuEBbk,RGyQypSn,74.0
663,0,WCllcJIC,SEjojzMr,102.0
663,0,OXcUkifL,WCllcJIC,102.0
663,0,POsNTwnJ,OXcUkifL,102.0
663,0,rRGVruPM,POsNTwnJ,102.0
663,0,YmkUpvHU,rRGVruPM,102.0
663,0,GbYxEXTt,YmkUpvHU,108.0
663,0,DOGyniWl,GbYxEXTt,108.0
1623,0,yLtehlsl,iSMSiXHg,1332.0
1623,0,ZfvMwthQ,yLtehlsl,1332.0
1623,0,rWJbJwsc,ZfvMwthQ,1332.0
663,0,KIvXTDlT,IvXmMOhB,46.0
663,0,TgzZcdmy,KIvXTDlT,46.0
663,0,SEjojzMr,TgzZcdmy,46.0
663,0,HcKLTTXk,lRwVVbKf,4.0
663,0,IvXmMOhB,HcKLTTXk,4.0
318,0,XwcxmOai,nrUfCQxz,3260.0
318,0,sCyvkPkr,XwcxmOai,3352.0
318,0,YLjwrcCY,sCyvkPkr,3365.0
318,0,RfzcmazU,YLjwrcCY,3473.0
318,0,ImIhxSnH,RfzcmazU,3507.0
458,0,cEOIeJTR,CfleTooC,61.0
458,0,bWAbaUPC,cEOIeJTR,61.0
458,0,qrSNpKDz,bWAbaUPC,61.0
458,0,HrNWphPZ,qrSNpKDz,61.0
458,0,jcbMPQjL,HrNWphPZ,61.0
458,0,KbyuLDsq,jcbMPQjL,61.0
458,0,rBcsOnfo,KbyuLDsq,61.0
458,0,XAYndOhY,rBcsOnfo,61.0
458,0,cPCRxZjy,XAYndOhY,61.0
458,0,qpacHTVx,cPCRxZjy,61.0
458,0,klenweCZ,qpacHTVx,61.0
458,0,JYcdyiOK,heyKMWAh,57.0
458,0,gDobDJgN,JYcdyiOK,57.0
458,0,gUXxyAlR,gDobDJgN,57.0
458,0,CfleTooC,gUXxyAlR,57.0
401,0,eJfPkird,kgNzHUbI,5903.0
572,0,kWtooBDW,wOZIcmuB,18.0
572,0,jkuUxjyr,kWtooBDW,18.0
572,0,LvbzkrjO,jkuUxjyr,18.0
572,0,FXEtzSuC,LvbzkrjO,18.0
572,0,bpXNEOYE,FXEtzSuC,18.0
572,0,IIzQthVA,bpXNEOYE,18.0
1244,0,MEVzYGii,xnBCUPNx,4603.0
1244,0,byZXHxZy,MEVzYGii,4687.0
616,0,wOZIcmuB,iPNesxKP,193.0
616,0,kWtooBDW,wOZIcmuB,193.0
616,0,jkuUxjyr,kWtooBDW,193.0
616,0,LvbzkrjO,jkuUxjyr,193.0
616,0,FXEtzSuC,LvbzkrjO,193.0
616,0,bpXNEOYE,FXEtzSuC,193.0
616,0,IIzQthVA,bpXNEOYE,193.0
1747,0,EfWhclss,DJsuwMnQ,5839.0
1747,0,SqxhBMol,EfWhclss,5498.0
1747,0,HrNWphPZ,nrKKniYe,4442.0
1747,0,jcbMPQjL,HrNWphPZ,4650.0
1747,0,KbyuLDsq,jcbMPQjL,5739.0
1747,0,XAYndOhY,KbyuLDsq,5724.0
458,0,wdBsZaVr,klenweCZ,2.0
458,0,FXEtzSuC,wdBsZaVr,2.0
458,0,bpXNEOYE,FXEtzSuC,2.0
458,0,IIzQthVA,bpXNEOYE,2.0
419,0,rlRRFZPO,eYoPTdNP,6908.0
12,0,eYoPTdNP,ZpgoacOO,369.0
235,0,BpAiVnps,MgruBUee,2903.0
34,0,MEVzYGii,xnBCUPNx,4673.0
34,0,yQIotbyH,MEVzYGii,4730.0
1244,0,yQIotbyH,byZXHxZy,4651.0
1441,0,LsuNFzpq,kVCEAUTv,1410.0
481,0,WtSrfmmv,msSSSjFI,985.0
481,0,lpqoYdNq,WtSrfmmv,985.0
481,0,BIPxiHLi,lpqoYdNq,985.0
481,0,yrMfCrKd,BIPxiHLi,1228.0
481,0,FJDNPLrp,yrMfCrKd,1256.0
481,0,YyXnCqJL,FJDNPLrp,1282.0
481,0,DUgAaGlT,YyXnCqJL,1282.0
419,0,yQfeHodw,rlRRFZPO,4478.0
419,0,YEqGDaQm,yQfeHodw,4478.0
419,0,QjBtnCad,YEqGDaQm,4517.0
205,0,NPqatCDm,oBjbzljy,228.0
205,0,XiaLQvRI,NPqatCDm,232.0
205,0,gNlImmtJ,XiaLQvRI,232.0
205,0,kdVJdnYB,gNlImmtJ,232.0
205,0,nMidlhrd,kdVJdnYB,232.0
205,0,JODrgTwh,nMidlhrd,232.0
1747,0,msSSSjFI,XAYndOhY,4988.0
1747,0,WtSrfmmv,msSSSjFI,4655.0
1747,0,lpqoYdNq,WtSrfmmv,4850.0
1747,0,BIPxiHLi,lpqoYdNq,4868.0
1747,0,yrMfCrKd,BIPxiHLi,4884.0
1747,0,KHrhIPzf,yrMfCrKd,4986.0
204,0,MEVzYGii,xnBCUPNx,208.0
204,0,yQIotbyH,MEVzYGii,208.0
209,0,HefnspWQ,czFfIymd,1148.0
209,0,lDeAZniB,HefnspWQ,1143.0
209,0,sDgMDbLK,lDeAZniB,1143.0
209,0,MUKiuGPJ,sDgMDbLK,1146.0
209,0,BIPxiHLi,MUKiuGPJ,1146.0
209,0,yrMfCrKd,BIPxiHLi,887.0
209,0,KHrhIPzf,yrMfCrKd,887.0
665,0,WtPVEKaC,BYsSDXCP,234.0
665,0,czFfIymd,WtPVEKaC,234.0
665,0,HefnspWQ,czFfIymd,88.0
665,0,lDeAZniB,HefnspWQ,81.0
665,0,sDgMDbLK,lDeAZniB,81.0
665,0,MUKiuGPJ,sDgMDbLK,81.0
665,0,BIPxiHLi,MUKiuGPJ,81.0
665,0,yrMfCrKd,BIPxiHLi,81.0
665,0,fubLBmAl,DOGyniWl,197.0
665,0,zjSAMvDn,fubLBmAl,197.0
665,0,BYsSDXCP,zjSAMvDn,197.0
665,0,GpnhEWuy,QDIpIlEK,136.0
665,0,rRGVruPM,GpnhEWuy,136.0
665,0,YmkUpvHU,rRGVruPM,136.0
665,0,GbYxEXTt,YmkUpvHU,137.0
665,0,DOGyniWl,GbYxEXTt,137.0
720,0,nsbHlbAq,WhHfbZWj,2933.0
720,0,cwgbfpqq,nsbHlbAq,2933.0
720,0,fMrlznIn,cwgbfpqq,2934.0
720,0,YzgNCqsj,fMrlznIn,2934.0
720,0,uXKxCjNA,YzgNCqsj,2934.0
720,0,bOiSLYGO,uXKxCjNA,2965.0
720,0,mhgPTzcZ,bOiSLYGO,3064.0
720,0,WFZVQzrl,mhgPTzcZ,862.0
720,0,QDIpIlEK,WFZVQzrl,1591.0
720,0,IESGsZGI,QDIpIlEK,1682.0
720,0,GpnhEWuy,IESGsZGI,1682.0
720,0,rRGVruPM,GpnhEWuy,1682.0
720,0,mLBQtksd,rRGVruPM,1681.0
720,0,knCDNjnp,mLBQtksd,548.0
720,0,nYVfIRsk,knCDNjnp,544.0
720,0,IHZGJZTs,nYVfIRsk,544.0
720,0,iOuVBZzk,IHZGJZTs,498.0
464,0,QHFmFyLR,EkWBPXmr,1095.0
464,0,neNWquOh,QHFmFyLR,1095.0
464,0,KwaxxmSs,neNWquOh,1095.0
464,0,gzZgDndk,KwaxxmSs,1149.0
464,0,NQaaFyOm,gzZgDndk,5026.0
464,0,iPNesxKP,NQaaFyOm,6272.0
464,0,lctVuVOk,iPNesxKP,8167.0
464,0,EocVuyzS,lctVuVOk,8418.0
464,0,lwcIkPvE,EocVuyzS,8418.0
464,0,suszCmcx,lwcIkPvE,8575.0
464,0,Fwqgdxfa,suszCmcx,8745.0
1747,0,DsuTXcIa,DCdKJxNH,4150.0
1747,0,bgWfLree,DsuTXcIa,5824.0
1747,0,nUYnioIh,bgWfLree,5824.0
1747,0,COReTzyE,nUYnioIh,5824.0
1747,0,DJsuwMnQ,COReTzyE,5919.0
1747,0,nrKKniYe,SqxhBMol,5183.0
463,0,suszCmcx,ojYgsDtJ,2514.0
463,0,Fwqgdxfa,suszCmcx,1877.0
1435,0,KabAcwBq,htzVSGDL,6493.0
1435,0,HAmwZMhM,KabAcwBq,6192.0
1681,0,UuoajKVN,fdwfslrS,90.0
1681,0,tmPrLnhA,UuoajKVN,90.0
1681,0,KHybvzQw,tmPrLnhA,90.0
1681,0,WywmvGMH,KHybvzQw,85.0
1681,0,AesbwnPs,WywmvGMH,83.0
1681,0,hzAARBgX,AesbwnPs,83.0
1681,0,IjDfGHsr,hzAARBgX,83.0
1681,0,TFRpjaAo,IjDfGHsr,83.0
1681,0,JhdinCeD,TFRpjaAo,70.0
1681,0,ZIieNEvD,JhdinCeD,70.0
1681,0,jvLymITs,ZIieNEvD,70.0
1681,0,jJVVpGMf,jvLymITs,3.0
1681,0,tcYerYbk,jJVVpGMf,3.0
1681,0,pPKqPUVW,tcYerYbk,3.0
1681,0,iYTiOTOT,pPKqPUVW,3.0
1681,0,dLtneiKf,iYTiOTOT,3.0
1681,0,slfxTuih,dLtneiKf,3.0
1681,0,XFPAZveS,slfxTuih,3.0
1681,0,ojqTFFWy,XFPAZveS,3.0
419,0,WAnDToyk,QjBtnCad,3954.0
419,0,UwPVTdeZ,WAnDToyk,4151.0
204,0,xnBCUPNx,gaLZwYvS,161.0
427,0,xnBCUPNx,FTwVCxQy,322.0
427,0,MEVzYGii,xnBCUPNx,368.0
427,0,ZyxFjabk,MEVzYGii,368.0
427,0,RyfxjoUl,ZyxFjabk,445.0
427,0,WAnDToyk,RyfxjoUl,445.0
427,0,DvHSShZC,WAnDToyk,367.0
209,0,WAnDToyk,KHrhIPzf,884.0
209,0,UwPVTdeZ,WAnDToyk,841.0
209,0,szQKyBKA,eBAbFKqQ,1481.0
209,0,czFfIymd,szQKyBKA,1481.0
208,0,ThGrfpxl,SyufMOPd,597.0
208,0,TUpCuZAw,ThGrfpxl,1291.0
208,0,HYfXIyFk,TUpCuZAw,1314.0
208,0,ILieppKf,HYfXIyFk,1323.0
209,0,STSGJiIu,TdfMaTlB,1442.0
209,0,vpctkpYQ,STSGJiIu,1443.0
209,0,wegNXhqe,vpctkpYQ,1458.0
209,0,RZyHoyLx,wegNXhqe,1458.0
209,0,kKHgYdYp,RZyHoyLx,1458.0
209,0,eBAbFKqQ,kKHgYdYp,993.0
209,0,dbPZeeiE,LKVeVUNI,683.0
209,0,CsDsDrdU,dbPZeeiE,683.0
209,0,DGTEnFlN,CsDsDrdU,977.0
209,0,OPXtWBVk,DGTEnFlN,977.0
209,0,SvGtXrYj,OPXtWBVk,1227.0
209,0,TdfMaTlB,SvGtXrYj,1227.0
1747,0,WAnDToyk,KHrhIPzf,4783.0
1747,0,UwPVTdeZ,WAnDToyk,4783.0
209,0,LKVeVUNI,BpAiVnps,579.0
727,0,gpaAUChy,aFlzccOO,731.0
727,0,XAxmwtqw,gpaAUChy,731.0
727,0,YmDpkIHQ,XAxmwtqw,731.0
727,0,nsbHlbAq,WhHfbZWj,143.0
727,0,cwgbfpqq,nsbHlbAq,143.0
727,0,fMrlznIn,cwgbfpqq,143.0
727,0,uXKxCjNA,fMrlznIn,143.0
727,0,bOiSLYGO,uXKxCjNA,143.0
825,0,mSlRsDTZ,DcYEFBXI,60.0
825,0,iHPgoVQd,mSlRsDTZ,60.0
825,0,LEMCEoBI,iHPgoVQd,60.0
825,0,VbipnzIy,LEMCEoBI,63.0
825,0,vLvetIEj,VbipnzIy,67.0
825,0,veZdNrwJ,vLvetIEj,67.0
825,0,UHrZZaJI,veZdNrwJ,67.0
825,0,XYPsfiKq,UHrZZaJI,67.0
825,0,EZonlaGf,XYPsfiKq,87.0
825,0,wcUGKfLa,EZonlaGf,95.0
825,0,ZJxogzZw,wcUGKfLa,59.0
825,0,Uacajbua,ZJxogzZw,59.0
825,0,ZLCIvgrp,Uacajbua,58.0
825,0,ucVTqZIB,ZLCIvgrp,58.0
825,0,FDrhtNjK,ucVTqZIB,58.0
825,0,YVGWiGkc,FDrhtNjK,58.0
825,0,CqPWXNIf,YVGWiGkc,58.0
825,0,iZfXNAue,CqPWXNIf,58.0
825,0,OXvlrfnG,iZfXNAue,58.0
825,0,CgMBzfIg,OXvlrfnG,58.0
825,0,BCwVkMhO,CgMBzfIg,58.0
825,0,MpBHVRZl,BCwVkMhO,58.0
825,0,BWKNZpmt,MpBHVRZl,5.0
825,0,hMBIVszx,BWKNZpmt,5.0
825,0,JgVaSAtG,hMBIVszx,5.0
825,0,QyfZGsFT,JgVaSAtG,5.0
825,0,selTNsQi,QyfZGsFT,5.0
825,0,SfBAqteg,selTNsQi,5.0
825,0,obGcbWvT,SfBAqteg,5.0
825,0,lbFoZTYJ,obGcbWvT,5.0
825,0,wssOAckJ,lbFoZTYJ,5.0
825,0,zzxlwhdI,wssOAckJ,5.0
825,0,SEcoeimf,zzxlwhdI,5.0
825,0,fzmnvqlX,SEcoeimf,5.0
825,0,RyhuDLev,fzmnvqlX,5.0
825,0,KnIeolpt,RyhuDLev,5.0
825,0,GMrJWgHs,KnIeolpt,5.0
825,0,tTjpyeuP,GMrJWgHs,5.0
825,0,iYbcLrkT,tTjpyeuP,5.0
825,0,elxmPCDf,iYbcLrkT,5.0
825,0,tcbhlVZo,elxmPCDf,5.0
825,0,ZqBGCTqq,tcbhlVZo,5.0
825,0,HxnLIWQq,ZqBGCTqq,5.0
825,0,wqGWmwVd,HxnLIWQq,5.0
825,0,ACkvbmee,wqGWmwVd,5.0
825,0,FtWuEuzF,ACkvbmee,5.0
825,0,RtTLxXUv,FtWuEuzF,5.0
825,0,JGydtICe,RtTLxXUv,5.0
825,0,xbhuXgnr,JGydtICe,5.0
825,0,zjGRmLyo,xbhuXgnr,5.0
825,0,EXTmTMKf,zjGRmLyo,5.0
825,0,yfIoPTHo,EXTmTMKf,3.0
825,0,GnOurcjN,yfIoPTHo,3.0
825,0,vHkAlmCm,GnOurcjN,3.0
825,0,WynPMslR,vHkAlmCm,3.0
825,0,qjwSVoCq,WynPMslR,3.0
825,0,WvPJYXMk,qjwSVoCq,3.0
356,0,QHFmFyLR,EkWBPXmr,727.0
356,0,neNWquOh,QHFmFyLR,727.0
356,0,KwaxxmSs,neNWquOh,733.0
356,0,gzZgDndk,KwaxxmSs,779.0
356,0,NQaaFyOm,gzZgDndk,2954.0
356,0,iPNesxKP,NQaaFyOm,3129.0
356,0,lctVuVOk,iPNesxKP,3813.0
356,0,EocVuyzS,lctVuVOk,3820.0
356,0,lwcIkPvE,EocVuyzS,3820.0
356,0,suszCmcx,lwcIkPvE,3844.0
356,0,UTBcifAN,suszCmcx,3950.0
227,0,fGmFhgnx,rckblBTM,110.0
227,0,zjjLSYAp,fGmFhgnx,156.0
227,0,nIakFMcq,zjjLSYAp,156.0
227,0,LYjhOoFf,nIakFMcq,280.0
227,0,QdWOxWia,LYjhOoFf,385.0
227,0,gViLrCgA,QdWOxWia,416.0
227,0,cCSIoIah,gViLrCgA,604.0
227,0,DLdtTvFi,cCSIoIah,604.0
227,0,vRWSdFEN,DLdtTvFi,619.0
227,0,WPBOglHu,vRWSdFEN,775.0
227,0,ftMGYADA,WPBOglHu,776.0
227,0,lklhFYFG,ftMGYADA,776.0
227,0,vNMxowJX,lklhFYFG,776.0
227,0,pPReLBCT,vNMxowJX,894.0
227,0,AqgjLYqB,pPReLBCT,854.0
227,0,QkCkRebE,AqgjLYqB,854.0
227,0,RfzcmazU,XwcxmOai,825.0
227,0,cEwgxjVO,RfzcmazU,834.0
825,0,vlhncUdg,wgnVmusT,20.0
825,0,xGVMKwkH,vlhncUdg,20.0
825,0,DcYEFBXI,xGVMKwkH,20.0
1740,0,YvLYpMPH,POdtxoZm,784.0
1740,0,QnkNgkDL,YvLYpMPH,784.0
1740,0,lctVuVOk,QnkNgkDL,784.0
1740,0,EocVuyzS,lctVuVOk,784.0
1740,0,lwcIkPvE,EocVuyzS,784.0
1740,0,suszCmcx,lwcIkPvE,784.0
1740,0,UTBcifAN,suszCmcx,784.0
481,0,suszCmcx,lwcIkPvE,389.0
1740,0,POdtxoZm,UrQlyWkl,521.0
1747,0,JovbzjVh,qDeoslSZ,2801.0
1747,0,DCdKJxNH,JovbzjVh,3010.0
682,0,zfZPgPol,jkmSVBKz,884.0
682,0,YLjwrcCY,zfZPgPol,859.0
682,0,RfzcmazU,YLjwrcCY,747.0
682,0,cEwgxjVO,RfzcmazU,555.0
682,0,jkmSVBKz,QkCkRebE,870.0
214,0,ydoNqUsu,OyNIynZV,682.0
214,0,yYSDLmlm,ydoNqUsu,989.0
214,0,FDCDnriY,yYSDLmlm,1135.0
214,0,hLEWSLqw,FDCDnriY,1132.0
1398,0,ZIPCqImv,ciAbSxQX,1356.0
1398,0,aWNaUdzp,ZIPCqImv,1356.0
1398,0,FCsbIOBe,aWNaUdzp,2244.0
1398,0,wyEQXfIU,FCsbIOBe,2244.0
1398,0,aRKvwhNi,wyEQXfIU,2244.0
1398,0,lsBVGYKC,aRKvwhNi,2265.0
1398,0,WhHfbZWj,lsBVGYKC,1890.0
1398,0,nsbHlbAq,WhHfbZWj,1449.0
1398,0,cwgbfpqq,nsbHlbAq,1437.0
1398,0,fMrlznIn,cwgbfpqq,1437.0
1398,0,uXKxCjNA,fMrlznIn,1437.0
1398,0,bOiSLYGO,uXKxCjNA,1437.0
1398,0,mhgPTzcZ,bOiSLYGO,1272.0
1398,0,WFZVQzrl,mhgPTzcZ,1029.0
1398,0,tRncbstl,WFZVQzrl,592.0
1398,0,QDIpIlEK,tRncbstl,499.0
1398,0,GpnhEWuy,QDIpIlEK,356.0
1398,0,YmkUpvHU,GpnhEWuy,317.0
1398,0,GbYxEXTt,YmkUpvHU,307.0
1398,0,DOGyniWl,GbYxEXTt,116.0
1398,0,fubLBmAl,DOGyniWl,116.0
1398,0,zjSAMvDn,fubLBmAl,116.0
1398,0,BYsSDXCP,zjSAMvDn,97.0
1398,0,WtPVEKaC,BYsSDXCP,97.0
1398,0,cniBuICf,WtPVEKaC,97.0
1398,0,LPfgjVyT,cniBuICf,97.0
146,0,NPqatCDm,oBjbzljy,207.0
146,0,XiaLQvRI,NPqatCDm,1031.0
146,0,gNlImmtJ,XiaLQvRI,1038.0
146,0,kdVJdnYB,gNlImmtJ,1038.0
146,0,nMidlhrd,kdVJdnYB,1028.0
146,0,JODrgTwh,nMidlhrd,1028.0
852,0,WhHfbZWj,lsBVGYKC,59.0
227,0,rckblBTM,QpprBOSr,103.0
1398,0,TEKQTTfp,YzXnYVPd,580.0
1398,0,ciAbSxQX,TEKQTTfp,580.0
1398,0,MhxjGQjy,mhYSfvAq,378.0
1398,0,EhUxMFuQ,MhxjGQjy,378.0
1398,0,HZcfHzwe,EhUxMFuQ,378.0
1398,0,KcDUQTDz,HZcfHzwe,385.0
1398,0,qoWOoICL,KcDUQTDz,385.0
1398,0,FwybjYQK,qoWOoICL,385.0
1398,0,ZuDlysuz,FwybjYQK,448.0
1398,0,IkwHYYuh,ZuDlysuz,448.0
1398,0,YzXnYVPd,IkwHYYuh,448.0
1065,0,OfWHUDWP,TQJSOMwc,631.0
1065,0,WdOwNGhj,xfbmoJHP,140.0
1065,0,kKKRBhFF,WdOwNGhj,17.0
1065,0,NFInfBeu,kKKRBhFF,17.0
1065,0,VCQdmIoF,NFInfBeu,17.0
1065,0,ePrpofUw,VCQdmIoF,17.0
1065,0,KcvPUxQg,ePrpofUw,17.0
1065,0,BlnSxBAr,KcvPUxQg,17.0
1065,0,TCBUGaZf,BlnSxBAr,17.0
1065,0,pzcCDVmZ,TCBUGaZf,17.0
1065,0,AUBTKFbY,pzcCDVmZ,17.0
1065,0,fjevhefZ,AUBTKFbY,17.0
1065,0,vyQyYYqJ,fjevhefZ,17.0
1065,0,ztLkgYlA,vyQyYYqJ,17.0
1065,0,IvQQZbJW,ztLkgYlA,17.0
1065,0,yaKWBgLg,IvQQZbJW,17.0
1065,0,lkujKSJT,yaKWBgLg,17.0
1065,0,twMezfOU,lkujKSJT,17.0
1065,0,OyJKKata,twMezfOU,17.0
34,0,taEXnGBL,yQIotbyH,3920.0
34,0,rZoajhYh,taEXnGBL,3920.0
1244,0,taEXnGBL,yQIotbyH,3864.0
1244,0,rZoajhYh,taEXnGBL,3864.0
481,0,taEXnGBL,DUgAaGlT,1124.0
481,0,rZoajhYh,taEXnGBL,1124.0
1140,0,QHFmFyLR,EkWBPXmr,606.0
1140,0,neNWquOh,QHFmFyLR,606.0
1140,0,KwaxxmSs,neNWquOh,606.0
1140,0,gzZgDndk,KwaxxmSs,616.0
1140,0,NQaaFyOm,gzZgDndk,1211.0
1140,0,iPNesxKP,NQaaFyOm,1488.0
1140,0,lctVuVOk,iPNesxKP,1665.0
1140,0,ZpgoacOO,lctVuVOk,1705.0
1140,0,eYoPTdNP,ZpgoacOO,1791.0
1140,0,rlRRFZPO,eYoPTdNP,1795.0
1140,0,JXTJImqP,rlRRFZPO,1795.0
1140,0,zZjujLYd,JXTJImqP,1795.0
1140,0,xaaBiNQT,zZjujLYd,1795.0
205,0,EdqXvVeI,nPkrzCty,109.0
205,0,oBjbzljy,EdqXvVeI,109.0
419,0,gbxdgQQp,UwPVTdeZ,4098.0
204,0,HUkyeYlq,WAnDToyk,928.0
204,0,PYpgWopD,HUkyeYlq,1053.0
204,0,lDeAZniB,PYpgWopD,1053.0
204,0,bLzlxnwB,lDeAZniB,1053.0
208,0,HUkyeYlq,uwQliGwX,1779.0
208,0,PYpgWopD,HUkyeYlq,1779.0
208,0,lDeAZniB,PYpgWopD,1779.0
208,0,bLzlxnwB,lDeAZniB,1779.0
208,0,uwQliGwX,ILieppKf,1257.0
712,0,RVGhYAxc,lmZJehpq,3311.0
712,0,BpAiVnps,RVGhYAxc,1300.0
400,0,ogOCBKAf,dWLNxRJP,1605.0
1340,0,BpAiVnps,RVGhYAxc,2704.0
147,0,QHFmFyLR,EkWBPXmr,272.0
147,0,neNWquOh,QHFmFyLR,272.0
147,0,KwaxxmSs,neNWquOh,272.0
147,0,gzZgDndk,KwaxxmSs,357.0
147,0,NQaaFyOm,gzZgDndk,862.0
147,0,iPNesxKP,NQaaFyOm,941.0
147,0,lctVuVOk,iPNesxKP,1112.0
147,0,EocVuyzS,lctVuVOk,1112.0
147,0,lwcIkPvE,EocVuyzS,1112.0
147,0,suszCmcx,lwcIkPvE,1112.0
147,0,UTBcifAN,suszCmcx,1120.0
147,0,HQVZivsH,UTBcifAN,1442.0
147,0,tTrMaEIS,HQVZivsH,1442.0
147,0,WeXgsZLY,tTrMaEIS,1442.0
685,0,bWAbaUPC,cEOIeJTR,2036.0
685,0,qrSNpKDz,bWAbaUPC,1714.0
685,0,HrNWphPZ,qrSNpKDz,1768.0
685,0,XwcxmOai,HrNWphPZ,1351.0
685,0,RfzcmazU,XwcxmOai,1464.0
685,0,cEwgxjVO,RfzcmazU,1473.0
685,0,fRBexIzo,cEwgxjVO,1573.0
204,0,wSspaAkq,bLzlxnwB,1074.0
204,0,NppIhzQC,wSspaAkq,1074.0
204,0,WtPVEKaC,NppIhzQC,1072.0
204,0,tTrMaEIS,WtPVEKaC,749.0
204,0,WeXgsZLY,tTrMaEIS,749.0
448,0,UfJDroVz,lsFGVtlq,13.0
448,0,biJBLznK,UfJDroVz,13.0
448,0,TcsyXYNn,biJBLznK,13.0
448,0,qKeCDDXI,TcsyXYNn,13.0
448,0,YmkUpvHU,qKeCDDXI,13.0
448,0,GbYxEXTt,YmkUpvHU,13.0
448,0,ItndWSiW,GbYxEXTt,13.0
448,0,DOGyniWl,ItndWSiW,13.0
448,0,fubLBmAl,DOGyniWl,13.0
448,0,zjSAMvDn,fubLBmAl,13.0
448,0,BYsSDXCP,zjSAMvDn,10.0
448,0,WtPVEKaC,BYsSDXCP,10.0
1740,0,HQVZivsH,UTBcifAN,572.0
318,0,iEKuRfDT,ImIhxSnH,3417.0
318,0,PlyJazqR,iEKuRfDT,2776.0
318,0,kkrKJmiC,PlyJazqR,2774.0
682,0,fRBexIzo,cEwgxjVO,537.0
227,0,fRBexIzo,cEwgxjVO,860.0
227,0,nDzrviXX,fRBexIzo,860.0
682,0,VCDwRKse,TPsFloRu,610.0
682,0,lZYsrfVZ,VCDwRKse,610.0
682,0,jXeBpcDF,lZYsrfVZ,610.0
682,0,goaumTLR,jXeBpcDF,706.0
682,0,vNMxowJX,goaumTLR,708.0
682,0,voZaDctr,vNMxowJX,708.0
682,0,rDcmNjNB,voZaDctr,708.0
682,0,pPReLBCT,rDcmNjNB,708.0
682,0,AqgjLYqB,pPReLBCT,708.0
682,0,QkCkRebE,AqgjLYqB,708.0
682,0,JGbfxLUL,KQSHMGnw,344.0
682,0,IjwLXBRx,JGbfxLUL,344.0
682,0,TPsFloRu,IjwLXBRx,346.0
200,0,nPkrzCty,lqMPnIra,59.0
200,0,OPXtWBVk,nPkrzCty,59.0
200,0,SvGtXrYj,OPXtWBVk,59.0
200,0,TdfMaTlB,SvGtXrYj,59.0
200,0,STSGJiIu,TdfMaTlB,59.0
200,0,vpctkpYQ,STSGJiIu,59.0
200,0,wegNXhqe,vpctkpYQ,59.0
200,0,RZyHoyLx,wegNXhqe,59.0
200,0,kKHgYdYp,RZyHoyLx,59.0
200,0,rLrKZBjw,kKHgYdYp,59.0
1255,0,BpAiVnps,RVGhYAxc,1117.0
356,0,HQVZivsH,UTBcifAN,2713.0
356,0,DeiIsjyA,HQVZivsH,2713.0
1741,0,uxsctOEt,RfEbENxd,1297.0
1741,0,UfJDroVz,uxsctOEt,1297.0
1741,0,biJBLznK,UfJDroVz,1297.0
1741,0,TcsyXYNn,biJBLznK,1297.0
1741,0,qKeCDDXI,TcsyXYNn,1297.0
1741,0,jQaLNViL,gyQqEnFq,293.0
1741,0,RfEbENxd,jQaLNViL,389.0
250,0,bZroqIhX,eTJQHplR,1829.0
419,0,HeRWBWAv,gbxdgQQp,4021.0
419,0,YmDpkIHQ,HeRWBWAv,4020.0
427,0,KplKuAnp,iYMJvRAf,33.0
427,0,FTwVCxQy,KplKuAnp,43.0
1244,0,LccdLENM,rZoajhYh,3171.0
1244,0,BaKUDeNn,LccdLENM,3171.0
1244,0,NuyYqrDq,BaKUDeNn,936.0
1747,0,gbxdgQQp,UwPVTdeZ,4660.0
727,0,mSXRukCc,kjxfKqbD,101.0
727,0,FFGyTMvJ,mSXRukCc,101.0
727,0,lsBVGYKC,FFGyTMvJ,101.0
727,0,WhHfbZWj,lsBVGYKC,103.0
1142,0,oBjbzljy,sZwmfbNt,494.0
1142,0,aYSqaQmJ,oBjbzljy,512.0
1142,0,PjfwSZnl,aYSqaQmJ,1596.0
1142,0,mLFZUgfn,PjfwSZnl,1679.0
1142,0,ftrZKujQ,mLFZUgfn,1679.0
1142,0,yXKTuRtI,ftrZKujQ,1679.0
425,0,jFRqfnFl,gmsNDepi,407.0
425,0,ysSWNERo,jFRqfnFl,407.0
425,0,lQIpGOTn,ysSWNERo,407.0
425,0,uhUmvvRs,lQIpGOTn,407.0
425,0,GgLRqpEG,uhUmvvRs,407.0
425,0,WFZVQzrl,GgLRqpEG,407.0
425,0,QDIpIlEK,WFZVQzrl,265.0
425,0,GpnhEWuy,QDIpIlEK,128.0
425,0,mLBQtksd,GpnhEWuy,128.0
425,0,rFvOiVZU,mLBQtksd,37.0
425,0,ezbmnBKa,rFvOiVZU,37.0
425,0,aaOdCJPr,ezbmnBKa,37.0
425,0,EZnTnoxs,aaOdCJPr,37.0
425,0,faYOimYm,EZnTnoxs,37.0
425,0,UGcgYMSg,faYOimYm,37.0
425,0,ThGrfpxl,UGcgYMSg,37.0
727,0,CEZTRnUo,qflzswAf,81.0
727,0,funWfCdm,CEZTRnUo,81.0
727,0,rnFrOJMw,funWfCdm,81.0
727,0,MklhhYCQ,rnFrOJMw,84.0
727,0,nzTRQfUi,MklhhYCQ,84.0
727,0,nhSXMXjw,nzTRQfUi,84.0
727,0,kjxfKqbD,nhSXMXjw,85.0
209,0,SyufMOPd,HeRWBWAv,441.0
481,0,yyqygEVd,rZoajhYh,845.0
481,0,LccdLENM,yyqygEVd,845.0
481,0,BaKUDeNn,LccdLENM,845.0
209,0,FYNyHfeM,UwPVTdeZ,440.0
209,0,gbxdgQQp,FYNyHfeM,440.0
209,0,HeRWBWAv,gbxdgQQp,440.0
1435,0,AUmOMGnp,YqlTLIQa,10262.0
1435,0,SVPLEqNI,AUmOMGnp,10954.0
1435,0,ejMjPdTH,SVPLEqNI,8959.0
1435,0,CKorGRkE,ejMjPdTH,9160.0
1435,0,eaNsVWDR,CKorGRkE,9160.0
1435,0,xzbhGFLT,eaNsVWDR,9100.0
1435,0,hpACGGyB,xzbhGFLT,9775.0
1435,0,VgUdLlOW,hpACGGyB,9756.0
1435,0,ywuGpANM,VgUdLlOW,9737.0
1435,0,BZCtSmhk,ywuGpANM,6487.0
1435,0,NbgxPNNK,BZCtSmhk,6839.0
1435,0,vOKcaAnW,NbgxPNNK,6651.0
1435,0,HOwZAROe,vOKcaAnW,6297.0
1435,0,opPTwucI,HOwZAROe,6474.0
1435,0,htzVSGDL,opPTwucI,6485.0
481,0,msSSSjFI,suszCmcx,329.0
720,0,kjxfKqbD,hSRFRBsa,236.0
720,0,mSXRukCc,kjxfKqbD,236.0
720,0,PkbhOCMh,mSXRukCc,236.0
720,0,FFGyTMvJ,PkbhOCMh,236.0
720,0,eyAJPdep,FFGyTMvJ,237.0
720,0,lsBVGYKC,eyAJPdep,449.0
720,0,WhHfbZWj,lsBVGYKC,1305.0
664,0,JXTJImqP,rlRRFZPO,581.0
664,0,zZjujLYd,JXTJImqP,581.0
664,0,tkQUdzPW,zZjujLYd,601.0
664,0,xaaBiNQT,tkQUdzPW,601.0
664,0,eddhjHaw,xaaBiNQT,752.0
664,0,HzpUPWzy,eddhjHaw,752.0
427,0,gbxdgQQp,DvHSShZC,370.0
427,0,HeRWBWAv,gbxdgQQp,370.0
427,0,nObXmJzU,HeRWBWAv,552.0
427,0,ScxuUYRs,nObXmJzU,568.0
427,0,HzpUPWzy,ScxuUYRs,567.0
227,0,QgwCgjAi,nDzrviXX,826.0
227,0,zAwPDfkg,QgwCgjAi,24.0
664,0,rlRRFZPO,BOjJhphU,105.0
233,0,GpnhEWuy,QDIpIlEK,198.0
233,0,YmkUpvHU,GpnhEWuy,160.0
253,0,WhHfbZWj,lsBVGYKC,3834.0
253,0,nsbHlbAq,WhHfbZWj,4772.0
253,0,cwgbfpqq,nsbHlbAq,4839.0
356,0,anWZyaGW,DeiIsjyA,2625.0
664,0,QJswlIXy,HzpUPWzy,328.0
34,0,NuyYqrDq,rZoajhYh,4467.0
34,0,gpaAUChy,NuyYqrDq,5123.0
1244,0,FRJCPtXT,NuyYqrDq,928.0
1244,0,lWMzEGsN,FRJCPtXT,928.0
1244,0,IgEBJNwX,lWMzEGsN,928.0
1471,0,lctVuVOk,iPNesxKP,2035.0
1471,0,iLaGOhZk,lctVuVOk,3385.0
1471,0,ZpgoacOO,iLaGOhZk,3385.0
1471,0,eYoPTdNP,ZpgoacOO,3874.0
1471,0,rlRRFZPO,eYoPTdNP,3874.0
1471,0,YEqGDaQm,rlRRFZPO,3902.0
1471,0,QjBtnCad,YEqGDaQm,3902.0
1471,0,WAnDToyk,QjBtnCad,3902.0
1471,0,UwPVTdeZ,WAnDToyk,3902.0
1471,0,gbxdgQQp,UwPVTdeZ,3902.0
1471,0,HeRWBWAv,gbxdgQQp,3902.0
1471,0,xjaGpszF,HeRWBWAv,3902.0
1471,0,ALSylDBQ,xjaGpszF,3902.0
1471,0,CTdLzzOf,ALSylDBQ,4493.0
1471,0,MOTjsakF,CTdLzzOf,4493.0
1142,0,NXLrCKMp,xiTGCYEl,1554.0
1142,0,FyoAuDvn,NXLrCKMp,1554.0
1142,0,GpnhEWuy,FyoAuDvn,1840.0
1142,0,rRGVruPM,GpnhEWuy,1937.0
1142,0,mLBQtksd,rRGVruPM,1855.0
1142,0,knCDNjnp,mLBQtksd,2119.0
1142,0,nYVfIRsk,knCDNjnp,2119.0
1142,0,IHZGJZTs,nYVfIRsk,1742.0
1142,0,EcsZBajf,IHZGJZTs,1742.0
1142,0,iOuVBZzk,EcsZBajf,1949.0
1471,0,NQaaFyOm,gzZgDndk,1459.0
1471,0,iPNesxKP,NQaaFyOm,1971.0
664,0,OrbXRiVv,QJswlIXy,324.0
448,0,QontmjvH,JIllbhjr,3.0
448,0,flXjJYer,QontmjvH,3.0
448,0,oBtsEQRM,flXjJYer,3.0
448,0,uxsctOEt,oBtsEQRM,3.0
448,0,lsFGVtlq,uxsctOEt,3.0
1740,0,DeiIsjyA,HQVZivsH,571.0
1740,0,anWZyaGW,DeiIsjyA,675.0
1740,0,OrbXRiVv,anWZyaGW,706.0
852,0,CEZTRnUo,qflzswAf,32.0
852,0,funWfCdm,CEZTRnUo,32.0
852,0,rnFrOJMw,funWfCdm,32.0
852,0,MklhhYCQ,rnFrOJMw,32.0
852,0,nzTRQfUi,MklhhYCQ,32.0
852,0,nhSXMXjw,nzTRQfUi,32.0
852,0,kjxfKqbD,nhSXMXjw,32.0
852,0,mSXRukCc,kjxfKqbD,32.0
852,0,FFGyTMvJ,mSXRukCc,32.0
852,0,eyAJPdep,FFGyTMvJ,32.0
852,0,lsBVGYKC,eyAJPdep,32.0
1140,0,eddhjHaw,xaaBiNQT,1376.0
1140,0,MmtauPfr,eddhjHaw,1377.0
427,0,NmoBNBiw,HzpUPWzy,768.0
427,0,MmtauPfr,NmoBNBiw,768.0
102,0,WdOwNGhj,xfbmoJHP,1346.0
102,0,kKKRBhFF,WdOwNGhj,1346.0
102,0,NFInfBeu,kKKRBhFF,1566.0
102,0,VCQdmIoF,NFInfBeu,1566.0
102,0,ePrpofUw,VCQdmIoF,1566.0
102,0,KcvPUxQg,ePrpofUw,1662.0
102,0,BlnSxBAr,KcvPUxQg,1740.0
102,0,WuDSdBCd,BlnSxBAr,2146.0
102,0,icUsjZEb,WuDSdBCd,2212.0
102,0,lhadwkCG,icUsjZEb,2212.0
102,0,awnNVqry,lhadwkCG,2212.0
102,0,mXwfazRz,awnNVqry,2212.0
102,0,NGAodVTg,mXwfazRz,2212.0
102,0,TvGyfQSI,NGAodVTg,2212.0
102,0,HFYkXdPG,TvGyfQSI,2212.0
102,0,KjgVoxgR,HFYkXdPG,2212.0
102,0,EmkugZPX,KjgVoxgR,2209.0
102,0,lmZJehpq,EmkugZPX,2208.0
102,0,RVGhYAxc,lmZJehpq,2208.0
102,0,BpAiVnps,RVGhYAxc,2190.0
102,0,LKVeVUNI,BpAiVnps,2188.0
102,0,dbPZeeiE,LKVeVUNI,1751.0
102,0,CsDsDrdU,dbPZeeiE,1725.0
102,0,rJRvqICk,CsDsDrdU,1382.0
102,0,AmahvgQB,rJRvqICk,1382.0
102,0,aYSqaQmJ,AmahvgQB,1359.0
1142,0,yFEIEiOj,yXKTuRtI,1296.0
1142,0,dlzglDFV,yFEIEiOj,1311.0
1142,0,pZATYgJX,dlzglDFV,1311.0
1142,0,DkqFSkSd,pZATYgJX,1311.0
1142,0,bZroqIhX,DkqFSkSd,1311.0
1142,0,cNuIRYrx,bZroqIhX,1311.0
34,0,IgEBJNwX,gpaAUChy,4434.0
34,0,NCVzutVL,IgEBJNwX,4656.0
1244,0,DSOJysaP,IgEBJNwX,1282.0
1142,0,yNIUaSyZ,cNuIRYrx,1302.0
1142,0,xiTGCYEl,yNIUaSyZ,1302.0
449,0,anWZyaGW,DeiIsjyA,16.0
449,0,OrbXRiVv,anWZyaGW,16.0
449,0,cNuIRYrx,OrbXRiVv,35.0
449,0,yNIUaSyZ,cNuIRYrx,35.0
449,0,xiTGCYEl,yNIUaSyZ,35.0
449,0,NXLrCKMp,xiTGCYEl,35.0
449,0,FyoAuDvn,NXLrCKMp,35.0
449,0,GpnhEWuy,FyoAuDvn,35.0
449,0,mLBQtksd,GpnhEWuy,35.0
449,0,knCDNjnp,mLBQtksd,35.0
449,0,nYVfIRsk,knCDNjnp,35.0
449,0,IHZGJZTs,nYVfIRsk,35.0
449,0,EcsZBajf,IHZGJZTs,35.0
1471,0,IgEBJNwX,MOTjsakF,4009.0
1471,0,NCVzutVL,IgEBJNwX,3820.0
427,0,FBwCHGmG,MmtauPfr,1614.0
427,0,cEsQRYAp,FBwCHGmG,1614.0
1140,0,LtGOEkbi,MmtauPfr,1223.0
1140,0,YGTBEvoR,LtGOEkbi,1219.0
1140,0,nYVfIRsk,YGTBEvoR,794.0
1141,0,QontmjvH,JIllbhjr,886.0
1141,0,flXjJYer,QontmjvH,886.0
1141,0,oBtsEQRM,flXjJYer,886.0
1141,0,UFoaQvGg,oBtsEQRM,1127.0
1141,0,uxsctOEt,UFoaQvGg,1127.0
1141,0,lsFGVtlq,uxsctOEt,1138.0
1453,0,NUTqiXnx,RfEbENxd,546.0
1453,0,lsFGVtlq,NUTqiXnx,546.0
1365,0,GpnhEWuy,QDIpIlEK,4747.0
1365,0,rRGVruPM,GpnhEWuy,4744.0
1365,0,mLBQtksd,rRGVruPM,4581.0
1365,0,knCDNjnp,mLBQtksd,3909.0
1365,0,nYVfIRsk,knCDNjnp,3909.0
1365,0,IHZGJZTs,nYVfIRsk,3909.0
1365,0,EcsZBajf,IHZGJZTs,3909.0
1453,0,RfEbENxd,jQaLNViL,490.0
682,0,XtlnoPeE,fRBexIzo,480.0
682,0,eTJQHplR,XtlnoPeE,393.0
682,0,bZroqIhX,eTJQHplR,441.0
682,0,cNuIRYrx,bZroqIhX,441.0
682,0,yNIUaSyZ,cNuIRYrx,440.0
682,0,xiTGCYEl,yNIUaSyZ,440.0
682,0,NXLrCKMp,xiTGCYEl,341.0
682,0,FyoAuDvn,NXLrCKMp,341.0
682,0,GpnhEWuy,FyoAuDvn,340.0
682,0,mLBQtksd,GpnhEWuy,339.0
682,0,knCDNjnp,mLBQtksd,172.0
682,0,nYVfIRsk,knCDNjnp,172.0
682,0,IHZGJZTs,nYVfIRsk,172.0
685,0,XtlnoPeE,fRBexIzo,1535.0
685,0,eTJQHplR,XtlnoPeE,1466.0
685,0,bZroqIhX,eTJQHplR,2060.0
685,0,cNuIRYrx,bZroqIhX,2053.0
685,0,yNIUaSyZ,cNuIRYrx,2053.0
685,0,xiTGCYEl,yNIUaSyZ,2053.0
685,0,NXLrCKMp,xiTGCYEl,1937.0
685,0,FyoAuDvn,NXLrCKMp,1937.0
685,0,GpnhEWuy,FyoAuDvn,1125.0
685,0,mLBQtksd,GpnhEWuy,1123.0
685,0,knCDNjnp,mLBQtksd,743.0
685,0,nYVfIRsk,knCDNjnp,743.0
685,0,IHZGJZTs,nYVfIRsk,743.0
1318,0,eTJQHplR,XqVVjUzr,5809.0
1365,0,LKVeVUNI,BpAiVnps,2076.0
1365,0,dbPZeeiE,LKVeVUNI,2621.0
1365,0,CsDsDrdU,dbPZeeiE,2819.0
1365,0,rJRvqICk,CsDsDrdU,2894.0
1365,0,AmahvgQB,rJRvqICk,2932.0
1365,0,zgCGmKZn,AmahvgQB,2932.0
1365,0,JKFFGKvY,zgCGmKZn,3887.0
1365,0,EVAUYvVR,JKFFGKvY,4001.0
1365,0,GYfZYaJh,EVAUYvVR,4001.0
1365,0,WFZVQzrl,GYfZYaJh,4290.0
1365,0,QDIpIlEK,WFZVQzrl,4638.0
1512,0,QHFmFyLR,EkWBPXmr,2005.0
1512,0,neNWquOh,QHFmFyLR,2005.0
1512,0,KwaxxmSs,neNWquOh,2118.0
1512,0,gzZgDndk,KwaxxmSs,2849.0
1512,0,NQaaFyOm,gzZgDndk,3973.0
1512,0,iPNesxKP,NQaaFyOm,6135.0
1512,0,lctVuVOk,iPNesxKP,6890.0
1512,0,EocVuyzS,lctVuVOk,7341.0
1512,0,lwcIkPvE,EocVuyzS,7551.0
1512,0,suszCmcx,lwcIkPvE,7558.0
1512,0,UTBcifAN,suszCmcx,8147.0
1512,0,HQVZivsH,UTBcifAN,10339.0
1512,0,DeiIsjyA,HQVZivsH,10339.0
1512,0,anWZyaGW,DeiIsjyA,12546.0
1512,0,OrbXRiVv,anWZyaGW,12778.0
1512,0,cNuIRYrx,OrbXRiVv,13249.0
1318,0,STSGJiIu,TdfMaTlB,3054.0
1318,0,vpctkpYQ,STSGJiIu,3333.0
1318,0,XqVVjUzr,vpctkpYQ,3378.0
250,0,cNuIRYrx,bZroqIhX,1839.0
725,0,CTdLzzOf,YmDpkIHQ,1301.0
725,0,MOTjsakF,CTdLzzOf,1301.0
725,0,IgEBJNwX,MOTjsakF,1301.0
725,0,Yhslgmod,IgEBJNwX,2047.0
725,0,UfJDroVz,Yhslgmod,2186.0
12,0,YEqGDaQm,eYoPTdNP,280.0
12,0,QjBtnCad,YEqGDaQm,280.0
12,0,WAnDToyk,QjBtnCad,280.0
12,0,UwPVTdeZ,WAnDToyk,280.0
12,0,gbxdgQQp,UwPVTdeZ,280.0
12,0,HeRWBWAv,gbxdgQQp,280.0
12,0,xjaGpszF,HeRWBWAv,280.0
12,0,CTdLzzOf,xjaGpszF,280.0
12,0,MOTjsakF,CTdLzzOf,280.0
12,0,IgEBJNwX,MOTjsakF,280.0
12,0,Yhslgmod,IgEBJNwX,280.0
1471,0,Yhslgmod,NCVzutVL,3674.0
1512,0,yNIUaSyZ,cNuIRYrx,13145.0
1512,0,xiTGCYEl,yNIUaSyZ,13145.0
170,0,oUmVLfUX,FCeDiZsN,1342.0
170,0,fJdABIlw,oUmVLfUX,1342.0
170,0,mXwfazRz,fJdABIlw,1221.0
170,0,NGAodVTg,mXwfazRz,921.0
170,0,TvGyfQSI,NGAodVTg,921.0
170,0,HFYkXdPG,TvGyfQSI,921.0
170,0,KjgVoxgR,HFYkXdPG,887.0
170,0,xTOrUJFO,KjgVoxgR,799.0
170,0,EmkugZPX,xTOrUJFO,797.0
170,0,lmZJehpq,EmkugZPX,793.0
170,0,tDDddUJb,lmZJehpq,785.0
664,0,cNuIRYrx,OrbXRiVv,385.0
664,0,yNIUaSyZ,cNuIRYrx,378.0
664,0,xiTGCYEl,yNIUaSyZ,378.0
664,0,DRkcXziO,IIzQthVA,3.0
664,0,fTOPrrgc,DRkcXziO,3.0
664,0,ErjukRDc,fTOPrrgc,7.0
664,0,BOjJhphU,ErjukRDc,7.0
666,0,WAnDToyk,KHrhIPzf,133.0
666,0,HUkyeYlq,WAnDToyk,133.0
666,0,PYpgWopD,HUkyeYlq,164.0
666,0,lDeAZniB,PYpgWopD,164.0
666,0,bLzlxnwB,lDeAZniB,164.0
666,0,wSspaAkq,bLzlxnwB,231.0
666,0,NppIhzQC,wSspaAkq,231.0
666,0,anWZyaGW,NppIhzQC,231.0
666,0,OrbXRiVv,anWZyaGW,231.0
666,0,cNuIRYrx,OrbXRiVv,231.0
666,0,yNIUaSyZ,cNuIRYrx,231.0
666,0,xiTGCYEl,yNIUaSyZ,231.0
725,0,biJBLznK,UfJDroVz,2173.0
725,0,TcsyXYNn,biJBLznK,2173.0
725,0,qKeCDDXI,TcsyXYNn,2725.0
253,0,GbYxEXTt,YmkUpvHU,3122.0
253,0,YmkUpvHU,GpnhEWuy,1620.0
253,0,GpnhEWuy,QDIpIlEK,1668.0
528,0,IESGsZGI,QDIpIlEK,838.0
528,0,GpnhEWuy,IESGsZGI,838.0
528,0,rRGVruPM,GpnhEWuy,838.0
528,0,YmkUpvHU,rRGVruPM,920.0
528,0,GbYxEXTt,YmkUpvHU,920.0
528,0,ItndWSiW,GbYxEXTt,920.0
233,0,GbYxEXTt,YmkUpvHU,110.0
233,0,ItndWSiW,GbYxEXTt,110.0
1468,0,rRGVruPM,GpnhEWuy,158.0
1468,0,YmkUpvHU,rRGVruPM,158.0
1468,0,GbYxEXTt,YmkUpvHU,158.0
253,0,GiONHkbf,WFZVQzrl,2410.0
253,0,QDIpIlEK,GiONHkbf,1562.0
1468,0,PZviXSbJ,hHvKehYu,15.0
1750,0,GpnhEWuy,QDIpIlEK,653.0
1750,0,rRGVruPM,GpnhEWuy,653.0
1750,0,YmkUpvHU,rRGVruPM,498.0
1750,0,GbYxEXTt,YmkUpvHU,498.0
798,0,GpnhEWuy,QDIpIlEK,693.0
798,0,rRGVruPM,GpnhEWuy,693.0
798,0,YmkUpvHU,rRGVruPM,692.0
798,0,GbYxEXTt,YmkUpvHU,692.0
803,0,GbYxEXTt,YmkUpvHU,91.0
803,0,ItndWSiW,GbYxEXTt,90.0
798,0,llFTEWtD,IulxyPoH,140.0
798,0,fPhIOSOj,llFTEWtD,140.0
798,0,PQDqFTyk,fPhIOSOj,140.0
798,0,lUWTaWkd,PQDqFTyk,150.0
798,0,LDSuadxM,lUWTaWkd,150.0
143,0,zjGRmLyo,JGydtICe,2970.0
143,0,EXTmTMKf,zjGRmLyo,2974.0
143,0,yfIoPTHo,EXTmTMKf,2065.0
143,0,GnOurcjN,yfIoPTHo,2328.0
1554,0,udTxdaUq,YmkUpvHU,23.0
1554,0,ItndWSiW,udTxdaUq,23.0
736,0,qheIKvdP,bInfxKVp,2461.0
736,0,rBGGtpqI,qheIKvdP,2441.0
736,0,DeWEzUGk,rBGGtpqI,2441.0
736,0,XQiQvefE,DeWEzUGk,2441.0
736,0,OSxOVFcp,XQiQvefE,2441.0
736,0,vjVhbIrq,OSxOVFcp,2441.0
736,0,LeICPOtv,vjVhbIrq,2709.0
736,0,WhCgdKgR,LeICPOtv,2709.0
736,0,eyUKPfnA,WhCgdKgR,2709.0
1740,0,cNuIRYrx,OrbXRiVv,517.0
1740,0,yNIUaSyZ,cNuIRYrx,515.0
1740,0,xiTGCYEl,yNIUaSyZ,511.0
250,0,yNIUaSyZ,cNuIRYrx,1380.0
250,0,xiTGCYEl,yNIUaSyZ,1380.0
1142,0,EGZEcfNZ,lqMPnIra,155.0
1142,0,SgGmeaHk,EGZEcfNZ,155.0
1142,0,tpTDqbZI,SgGmeaHk,191.0
1142,0,hhrNEaMZ,tpTDqbZI,191.0
1142,0,BeiMHrtx,hhrNEaMZ,191.0
1142,0,sZwmfbNt,BeiMHrtx,191.0
319,0,EdqXvVeI,nPkrzCty,591.0
319,0,oBjbzljy,EdqXvVeI,581.0
866,0,zKrYjMnL,AGvhWyhD,2205.0
866,0,tRncbstl,WFZVQzrl,440.0
866,0,GiONHkbf,tRncbstl,440.0
866,0,QDIpIlEK,GiONHkbf,359.0
866,0,GpnhEWuy,QDIpIlEK,184.0
866,0,rRGVruPM,GpnhEWuy,184.0
866,0,YmkUpvHU,rRGVruPM,141.0
866,0,GbYxEXTt,YmkUpvHU,132.0
866,0,ItndWSiW,GbYxEXTt,132.0
880,0,uFMjBiuq,OUzlATeX,17.0
880,0,yQTYDvhm,uFMjBiuq,17.0
880,0,ySPnpMTg,yQTYDvhm,17.0
880,0,ZIPCqImv,ySPnpMTg,17.0
880,0,aWNaUdzp,ZIPCqImv,17.0
880,0,FCsbIOBe,aWNaUdzp,17.0
880,0,wyEQXfIU,FCsbIOBe,17.0
880,0,WhHfbZWj,wyEQXfIU,17.0
880,0,nsbHlbAq,WhHfbZWj,11.0
880,0,cwgbfpqq,nsbHlbAq,11.0
880,0,fMrlznIn,cwgbfpqq,11.0
880,0,uXKxCjNA,fMrlznIn,11.0
880,0,bOiSLYGO,uXKxCjNA,11.0
880,0,mhgPTzcZ,bOiSLYGO,9.0
880,0,WFZVQzrl,mhgPTzcZ,9.0
880,0,GiONHkbf,WFZVQzrl,9.0
880,0,QDIpIlEK,GiONHkbf,9.0
880,0,OeFzXvJs,QDIpIlEK,4.0
880,0,IESGsZGI,OeFzXvJs,4.0
880,0,GpnhEWuy,IESGsZGI,4.0
880,0,YmkUpvHU,GpnhEWuy,4.0
880,0,udTxdaUq,YmkUpvHU,4.0
880,0,ItndWSiW,udTxdaUq,4.0
1318,0,SvGtXrYj,OPXtWBVk,3472.0
1318,0,TdfMaTlB,SvGtXrYj,3472.0
253,0,CEZTRnUo,qflzswAf,3474.0
253,0,funWfCdm,CEZTRnUo,3474.0
253,0,rnFrOJMw,funWfCdm,3474.0
253,0,MklhhYCQ,rnFrOJMw,3474.0
253,0,nzTRQfUi,MklhhYCQ,3510.0
253,0,nhSXMXjw,nzTRQfUi,3519.0
253,0,kjxfKqbD,nhSXMXjw,3519.0
253,0,mSXRukCc,kjxfKqbD,3539.0
253,0,FFGyTMvJ,mSXRukCc,3539.0
253,0,lsBVGYKC,FFGyTMvJ,3739.0
1398,0,mhYSfvAq,UgzfanVk,27.0
556,0,VqaowPBW,jclWPsvP,3.0
556,0,aYYzuUOl,VqaowPBW,3.0
556,0,tYpogBTU,aYYzuUOl,3.0
556,0,YrCeLzau,tYpogBTU,3.0
556,0,qcYsEYco,YrCeLzau,3.0
556,0,GOFbtMrp,qcYsEYco,3.0
556,0,uzcbLUNR,GOFbtMrp,3.0
556,0,zezeKItL,uzcbLUNR,3.0
556,0,VpHOqNar,zezeKItL,3.0
556,0,vDTAjOOR,VpHOqNar,3.0
556,0,UDUmRzWP,vDTAjOOR,2.0
556,0,kVWwehGs,UDUmRzWP,2.0
556,0,ixhHdGBo,kVWwehGs,2.0
556,0,agMXkLfj,ixhHdGBo,2.0
1453,0,jQaLNViL,XJRnAJHc,256.0
1453,0,WUWIxCFc,OdzEGWPG,514.0
1453,0,XJRnAJHc,WUWIxCFc,514.0
1453,0,cQHgTjKq,wGTdgRcU,517.0
1453,0,ruogAkOJ,cQHgTjKq,517.0
1453,0,tndfGrTh,ruogAkOJ,517.0
1453,0,OdzEGWPG,tndfGrTh,517.0
1453,0,meZHMfSd,yTNmoAGc,648.0
1453,0,wGTdgRcU,meZHMfSd,648.0
1453,0,wDEypHfE,QCBPrBCl,750.0
1453,0,yTNmoAGc,wDEypHfE,785.0
1453,0,rGYrQqGa,OUTzwMHI,899.0
1453,0,QCBPrBCl,rGYrQqGa,899.0
1453,0,FcnKVDJl,jQytwadI,1666.0
1453,0,mIuUuYnu,FcnKVDJl,1666.0
1453,0,OUTzwMHI,mIuUuYnu,1052.0
1453,0,JZbiEaEt,LsuNFzpq,5053.0
1453,0,RchOKnYD,JZbiEaEt,5625.0
1453,0,BMDeXhVp,RchOKnYD,5625.0
1453,0,jQytwadI,BMDeXhVp,5625.0
1733,0,hCbDNPhh,kzneBolb,260.0
1733,0,oFLgHrco,hCbDNPhh,260.0
1733,0,yrWAEsGy,oFLgHrco,260.0
1733,0,qGIkRenz,yrWAEsGy,260.0
1733,0,ytUqATXS,qGIkRenz,260.0
1733,0,TcsyXYNn,ytUqATXS,260.0
1733,0,qKeCDDXI,TcsyXYNn,260.0
1733,0,YmkUpvHU,qKeCDDXI,260.0
108,0,NFInfBeu,kKKRBhFF,5677.0
108,0,VCQdmIoF,NFInfBeu,5677.0
108,0,ePrpofUw,VCQdmIoF,5677.0
108,0,KcvPUxQg,ePrpofUw,6673.0
108,0,BlnSxBAr,KcvPUxQg,6785.0
108,0,TCBUGaZf,BlnSxBAr,6902.0
108,0,lmZJehpq,EmkugZPX,9676.0
108,0,tDDddUJb,lmZJehpq,9638.0
108,0,RVGhYAxc,tDDddUJb,9048.0
108,0,BpAiVnps,RVGhYAxc,5578.0
108,0,WdOwNGhj,xfbmoJHP,5236.0
108,0,kKKRBhFF,WdOwNGhj,5245.0
427,0,qKeCDDXI,cEsQRYAp,1613.0
1740,0,NXLrCKMp,xiTGCYEl,470.0
1740,0,FyoAuDvn,NXLrCKMp,470.0
1740,0,GpnhEWuy,FyoAuDvn,470.0
1740,0,mLBQtksd,GpnhEWuy,470.0
719,0,uxsctOEt,RfEbENxd,2665.0
719,0,UfJDroVz,uxsctOEt,2665.0
719,0,TcsyXYNn,UfJDroVz,2665.0
719,0,qKeCDDXI,TcsyXYNn,2665.0
719,0,jQaLNViL,gyQqEnFq,689.0
719,0,RfEbENxd,jQaLNViL,986.0
601,0,qvujbmjR,mKIQRbrs,1126.0
601,0,upZFxFqB,qvujbmjR,1126.0
601,0,SqxhBMol,upZFxFqB,1126.0
601,0,nrKKniYe,SqxhBMol,1223.0
601,0,HrNWphPZ,nrKKniYe,1782.0
601,0,XwcxmOai,HrNWphPZ,1834.0
601,0,RfzcmazU,XwcxmOai,1660.0
369,0,bZroqIhX,eTJQHplR,982.0
369,0,cNuIRYrx,bZroqIhX,982.0
369,0,yNIUaSyZ,cNuIRYrx,1191.0
369,0,xiTGCYEl,yNIUaSyZ,1191.0
369,0,NXLrCKMp,xiTGCYEl,2148.0
369,0,FyoAuDvn,NXLrCKMp,2148.0
369,0,GpnhEWuy,FyoAuDvn,2208.0
369,0,rRGVruPM,GpnhEWuy,2362.0
369,0,mLBQtksd,rRGVruPM,2441.0
1183,0,HACGurUy,ABBXwUbo,137.0
1183,0,IAWSKEHF,HACGurUy,168.0
1183,0,leVkrEcC,IAWSKEHF,164.0
1183,0,XiLvnZTk,leVkrEcC,155.0
1183,0,FStgRiBS,XiLvnZTk,54.0
1183,0,GkYZbgqg,FStgRiBS,54.0
1183,0,FlYjxOxQ,GkYZbgqg,54.0
1183,0,wFSILCzc,FlYjxOxQ,54.0
1183,0,yQQuLFAg,wFSILCzc,54.0
1183,0,rckblBTM,yQQuLFAg,31.0
1183,0,fGmFhgnx,rckblBTM,27.0
1183,0,XyHfgUxW,fGmFhgnx,22.0
1183,0,zjjLSYAp,XyHfgUxW,22.0
1183,0,nIakFMcq,zjjLSYAp,22.0
1326,0,pkhwWQVf,KSSwmuEx,956.0
1326,0,JxFLnqJu,pkhwWQVf,1142.0
1326,0,GDiQpvtB,JxFLnqJu,1142.0
1326,0,fGmFhgnx,GDiQpvtB,1142.0
1326,0,XyHfgUxW,fGmFhgnx,757.0
1326,0,zjjLSYAp,XyHfgUxW,751.0
1326,0,nIakFMcq,zjjLSYAp,751.0
1497,0,XMWgellz,vqGhvZJF,707.0
1497,0,EmkugZPX,XMWgellz,527.0
1497,0,lmZJehpq,EmkugZPX,527.0
1497,0,tDDddUJb,lmZJehpq,527.0
1497,0,RVGhYAxc,tDDddUJb,526.0
1497,0,BpAiVnps,RVGhYAxc,466.0
1124,0,XXYtSQEl,wRBXcbqq,102.0
1124,0,MklhhYCQ,XXYtSQEl,102.0
1124,0,nzTRQfUi,MklhhYCQ,73.0
1124,0,nhSXMXjw,nzTRQfUi,52.0
1124,0,kjxfKqbD,nhSXMXjw,39.0
1124,0,mSXRukCc,kjxfKqbD,39.0
1124,0,FFGyTMvJ,mSXRukCc,39.0
1124,0,lsBVGYKC,FFGyTMvJ,38.0
1124,0,WhHfbZWj,lsBVGYKC,38.0
1244,0,YQjdQVmS,DSOJysaP,1080.0
1244,0,JIllbhjr,YQjdQVmS,1080.0
449,0,iOuVBZzk,EcsZBajf,27.0
449,0,cTQVugNT,iOuVBZzk,27.0
449,0,iAOahMMx,cTQVugNT,27.0
449,0,LoadLeSC,iAOahMMx,27.0
449,0,MAwbjJfJ,LoadLeSC,27.0
449,0,jIFrASnh,MAwbjJfJ,27.0
1142,0,MvaVVzVx,iOuVBZzk,1967.0
1142,0,cTQVugNT,MvaVVzVx,1967.0
1142,0,iAOahMMx,cTQVugNT,654.0
1142,0,LoadLeSC,iAOahMMx,654.0
1142,0,MAwbjJfJ,LoadLeSC,654.0
1142,0,jIFrASnh,MAwbjJfJ,654.0
1245,0,LoadLeSC,VnwdBPma,1042.0
1245,0,jIFrASnh,LoadLeSC,1042.0
1245,0,jQaLNViL,gyQqEnFq,408.0
1245,0,VnwdBPma,jQaLNViL,431.0
682,0,iOuVBZzk,IHZGJZTs,131.0
682,0,MvaVVzVx,iOuVBZzk,131.0
682,0,VnwdBPma,MvaVVzVx,131.0
682,0,LoadLeSC,VnwdBPma,131.0
682,0,MAwbjJfJ,LoadLeSC,131.0
682,0,jIFrASnh,MAwbjJfJ,131.0
685,0,JGbfxLUL,KQSHMGnw,448.0
685,0,IjwLXBRx,JGbfxLUL,448.0
685,0,TPsFloRu,IjwLXBRx,517.0
685,0,VCDwRKse,TPsFloRu,1152.0
685,0,wvKdtztS,VCDwRKse,1154.0
685,0,LBOtcvsG,wvKdtztS,1154.0
34,0,cTQVugNT,NCVzutVL,4291.0
1471,0,MvaVVzVx,Yhslgmod,3428.0
1471,0,cTQVugNT,MvaVVzVx,3428.0
1740,0,knCDNjnp,mLBQtksd,313.0
1740,0,nYVfIRsk,knCDNjnp,313.0
1740,0,IHZGJZTs,nYVfIRsk,313.0
1740,0,iOuVBZzk,IHZGJZTs,313.0
1740,0,cTQVugNT,iOuVBZzk,313.0
1244,0,flXjJYer,JIllbhjr,1143.0
1244,0,oBtsEQRM,flXjJYer,1143.0
1365,0,MvaVVzVx,EcsZBajf,3802.0
1365,0,cTQVugNT,MvaVVzVx,3802.0
685,0,iOuVBZzk,IHZGJZTs,638.0
685,0,MvaVVzVx,iOuVBZzk,638.0
685,0,cTQVugNT,MvaVVzVx,638.0
720,0,cTQVugNT,iOuVBZzk,393.0
762,0,hFISFuCO,BxmxkKGC,5461.0
762,0,fQRLOpha,hFISFuCO,5461.0
1140,0,ulSrvocN,nYVfIRsk,1163.0
1140,0,CqefHKGq,ulSrvocN,1163.0
369,0,knCDNjnp,mLBQtksd,4414.0
369,0,nYVfIRsk,knCDNjnp,4414.0
369,0,ulSrvocN,nYVfIRsk,4493.0
369,0,CqefHKGq,ulSrvocN,4493.0
1178,0,dJJmWSZi,WyfCQhSW,5998.0
1178,0,JNybvbry,dJJmWSZi,5998.0
1178,0,pKQmWfSR,JNybvbry,5998.0
1178,0,AFMSRepx,pKQmWfSR,6601.0
1178,0,WEgiiGlQ,AFMSRepx,6932.0
1178,0,sLYsFXAH,WEgiiGlQ,6932.0
1178,0,WjKdBsVK,sLYsFXAH,6932.0
1178,0,STKMtPtJ,WjKdBsVK,6932.0
1178,0,MyVorJBj,STKMtPtJ,6932.0
1178,0,AayEawbi,MyVorJBj,6932.0
1178,0,MQIshiHv,AayEawbi,6757.0
1178,0,ZqROcYrU,MQIshiHv,6757.0
1178,0,pKwZMigm,ZqROcYrU,6757.0
1178,0,watqBVeC,pKwZMigm,6757.0
1178,0,PAegbDaK,watqBVeC,7660.0
1178,0,MCZGGmLQ,PAegbDaK,7520.0
1178,0,WIZPpGvl,MCZGGmLQ,6899.0
1178,0,qflzswAf,WIZPpGvl,6876.0
250,0,NXLrCKMp,xiTGCYEl,1220.0
250,0,FyoAuDvn,NXLrCKMp,1227.0
250,0,WOOyqinT,FyoAuDvn,1213.0
369,0,rSnWVhOw,CqefHKGq,4606.0
529,0,elmHqfIN,jTofnsvB,843.0
529,0,YhQOzAWJ,elmHqfIN,843.0
529,0,vNuEvleV,YhQOzAWJ,843.0
529,0,FUctipSE,vNuEvleV,843.0
529,0,PWitnUnB,FUctipSE,368.0
529,0,zwmwkNcj,PWitnUnB,368.0
529,0,DJDPVkXF,zwmwkNcj,368.0
529,0,FrOiWYSP,DJDPVkXF,349.0
529,0,mNGfniSu,FrOiWYSP,349.0
529,0,qjwSVoCq,mNGfniSu,203.0
1441,0,xbhuXgnr,JGydtICe,758.0
1441,0,zjGRmLyo,xbhuXgnr,758.0
1441,0,EXTmTMKf,zjGRmLyo,758.0
1441,0,yfIoPTHo,EXTmTMKf,758.0
1441,0,GnOurcjN,yfIoPTHo,758.0
1441,0,vHkAlmCm,GnOurcjN,631.0
1441,0,WynPMslR,vHkAlmCm,631.0
1441,0,qjwSVoCq,WynPMslR,538.0
1512,0,NXLrCKMp,xiTGCYEl,11934.0
1512,0,FyoAuDvn,NXLrCKMp,11934.0
1512,0,WOOyqinT,FyoAuDvn,11862.0
1512,0,mnkgCFDT,WOOyqinT,13096.0
102,0,zgCGmKZn,aYSqaQmJ,1292.0
102,0,JKFFGKvY,zgCGmKZn,1239.0
102,0,EVAUYvVR,JKFFGKvY,1239.0
102,0,GYfZYaJh,EVAUYvVR,1239.0
102,0,hSQYmgMj,GYfZYaJh,488.0
102,0,mnkgCFDT,hSQYmgMj,488.0
666,0,ZyxFjabk,yQIotbyH,78.0
666,0,RyfxjoUl,ZyxFjabk,78.0
666,0,QIQMIQBO,RyfxjoUl,78.0
666,0,KHrhIPzf,QIQMIQBO,78.0
666,0,NXLrCKMp,xiTGCYEl,185.0
666,0,FyoAuDvn,NXLrCKMp,185.0
666,0,WOOyqinT,FyoAuDvn,185.0
666,0,mnkgCFDT,WOOyqinT,185.0
232,0,NXLrCKMp,xiTGCYEl,2289.0
232,0,FyoAuDvn,NXLrCKMp,2289.0
232,0,WOOyqinT,FyoAuDvn,2670.0
232,0,VfTFpfzB,WOOyqinT,2788.0
427,0,YmkUpvHU,qKeCDDXI,1800.0
427,0,WOOyqinT,YmkUpvHU,1797.0
427,0,mnkgCFDT,WOOyqinT,1739.0
719,0,YmkUpvHU,qKeCDDXI,2303.0
719,0,WOOyqinT,YmkUpvHU,2204.0
719,0,mnkgCFDT,WOOyqinT,2095.0
143,0,mnkgCFDT,YmkUpvHU,142.0
528,0,pRBbbEoD,YspLWkZX,532.0
528,0,cfVAtKgo,pRBbbEoD,532.0
528,0,QMiQTlda,cfVAtKgo,533.0
528,0,MaKoROaE,QMiQTlda,533.0
528,0,NrNaZyPp,MaKoROaE,533.0
143,0,vHkAlmCm,GnOurcjN,2560.0
143,0,YspLWkZX,vHkAlmCm,2560.0
143,0,pRBbbEoD,YspLWkZX,2247.0
143,0,cfVAtKgo,pRBbbEoD,2245.0
143,0,QMiQTlda,cfVAtKgo,2249.0
143,0,MaKoROaE,QMiQTlda,2249.0
143,0,NrNaZyPp,MaKoROaE,2249.0
1452,0,gHieypBQ,IOpdOfiF,7083.0
1452,0,vfoDngvn,gHieypBQ,7083.0
1452,0,EPWXwPSq,vfoDngvn,7083.0
994,0,NrNaZyPp,MaKoROaE,1014.0
994,0,mexFgKBp,NrNaZyPp,500.0
72,0,rilZLDfI,TzZKgVDl,36.0
72,0,kTKiYpVR,rilZLDfI,71.0
72,0,bjpXdchK,kTKiYpVR,75.0
72,0,dEgXqWEW,bjpXdchK,75.0
72,0,ZWGREbnj,dEgXqWEW,75.0
72,0,cgIzawVB,ZWGREbnj,75.0
72,0,CbYTLXWK,cgIzawVB,75.0
72,0,kWrGTFqC,CbYTLXWK,75.0
72,0,ubEwIGdf,kWrGTFqC,75.0
72,0,aBKtLgYB,ubEwIGdf,75.0
72,0,qduHdsCL,aBKtLgYB,75.0
72,0,GYMzAvFw,qduHdsCL,75.0
72,0,VXAxIwYs,GYMzAvFw,75.0
72,0,ZHWKFCEn,VXAxIwYs,75.0
72,0,KbemmdTp,ZHWKFCEn,75.0
72,0,wTVyxBBy,KbemmdTp,75.0
72,0,LNRgsQQF,wTVyxBBy,75.0
72,0,lhYDMMsV,LNRgsQQF,69.0
72,0,OhgtKZPi,lhYDMMsV,69.0
72,0,MULNmVBJ,OhgtKZPi,69.0
313,0,NGAodVTg,cmBFyxQG,962.0
313,0,TvGyfQSI,NGAodVTg,959.0
313,0,HFYkXdPG,TvGyfQSI,959.0
313,0,KjgVoxgR,HFYkXdPG,965.0
313,0,EmkugZPX,KjgVoxgR,1115.0
313,0,lmZJehpq,EmkugZPX,1057.0
313,0,RVGhYAxc,lmZJehpq,1569.0
313,0,BpAiVnps,RVGhYAxc,1281.0
313,0,LKVeVUNI,BpAiVnps,1245.0
313,0,dbPZeeiE,LKVeVUNI,1071.0
313,0,CsDsDrdU,dbPZeeiE,1100.0
313,0,rJRvqICk,CsDsDrdU,1107.0
313,0,AmahvgQB,rJRvqICk,1107.0
313,0,aYSqaQmJ,AmahvgQB,1097.0
313,0,zgCGmKZn,aYSqaQmJ,1523.0
313,0,JKFFGKvY,zgCGmKZn,1490.0
313,0,EVAUYvVR,JKFFGKvY,1491.0
313,0,GYfZYaJh,EVAUYvVR,1494.0
313,0,hSQYmgMj,GYfZYaJh,1462.0
313,0,mnkgCFDT,hSQYmgMj,1462.0
1748,0,bZroqIhX,eTJQHplR,1779.0
1748,0,yNIUaSyZ,bZroqIhX,1779.0
1748,0,xiTGCYEl,yNIUaSyZ,1783.0
1748,0,NXLrCKMp,xiTGCYEl,3181.0
1748,0,FyoAuDvn,NXLrCKMp,3181.0
1748,0,WOOyqinT,FyoAuDvn,3181.0
1748,0,VfTFpfzB,WOOyqinT,3239.0
1263,0,cdpcgPuX,RufmISTr,5270.0
1263,0,qnxnYECs,cdpcgPuX,5270.0
1263,0,QNScHwgR,qnxnYECs,5260.0
1263,0,dLUoTBAU,QNScHwgR,5155.0
1263,0,NfHwMQdR,dLUoTBAU,3101.0
1263,0,EGZEcfNZ,NfHwMQdR,3101.0
1263,0,SgGmeaHk,EGZEcfNZ,3101.0
1263,0,tpTDqbZI,SgGmeaHk,3175.0
1263,0,hhrNEaMZ,tpTDqbZI,3175.0
1263,0,BeiMHrtx,hhrNEaMZ,3175.0
1263,0,sZwmfbNt,BeiMHrtx,3218.0
1263,0,oBjbzljy,sZwmfbNt,3893.0
1263,0,aYSqaQmJ,oBjbzljy,4667.0
1263,0,zgCGmKZn,aYSqaQmJ,5176.0
1497,0,LKVeVUNI,BpAiVnps,161.0
1497,0,dbPZeeiE,LKVeVUNI,143.0
1497,0,CsDsDrdU,dbPZeeiE,136.0
1497,0,rJRvqICk,CsDsDrdU,136.0
1497,0,AmahvgQB,rJRvqICk,136.0
1497,0,aYSqaQmJ,AmahvgQB,121.0
1497,0,JKFFGKvY,aYSqaQmJ,113.0
1497,0,EVAUYvVR,JKFFGKvY,113.0
1497,0,GYfZYaJh,EVAUYvVR,113.0
1497,0,hSQYmgMj,GYfZYaJh,3.0
1497,0,mnkgCFDT,hSQYmgMj,3.0
1178,0,WyfCQhSW,ogOCBKAf,5512.0
1075,0,THcpliIL,fikrodNW,1406.0
1075,0,HaEOaLMB,THcpliIL,1406.0
1075,0,IkeqCtDY,HaEOaLMB,1402.0
1075,0,wpHpdxFs,IkeqCtDY,1422.0
1075,0,QHulIYnO,wpHpdxFs,1422.0
1075,0,sKtQEUzZ,QHulIYnO,1443.0
1075,0,acVCzwtl,sKtQEUzZ,1445.0
1075,0,TIlepZYr,acVCzwtl,1439.0
535,0,agMXkLfj,ixhHdGBo,77.0
80,0,tjYcJLRB,EkWBPXmr,1037.0
80,0,iYMJvRAf,tjYcJLRB,1230.0
80,0,KplKuAnp,iYMJvRAf,1268.0
80,0,FTwVCxQy,KplKuAnp,1268.0
80,0,xnBCUPNx,FTwVCxQy,1621.0
80,0,MEVzYGii,xnBCUPNx,1633.0
80,0,yQIotbyH,MEVzYGii,1633.0
80,0,taEXnGBL,yQIotbyH,2324.0
80,0,rZoajhYh,taEXnGBL,2324.0
80,0,NuyYqrDq,rZoajhYh,2324.0
80,0,gpaAUChy,NuyYqrDq,2517.0
80,0,IgEBJNwX,gpaAUChy,2517.0
80,0,NCVzutVL,IgEBJNwX,2688.0
80,0,cTQVugNT,NCVzutVL,2694.0
80,0,cNypyxpr,cTQVugNT,3705.0
80,0,uRlXNIwL,cNypyxpr,4237.0
12,0,MvaVVzVx,Yhslgmod,262.0
12,0,cTQVugNT,MvaVVzVx,262.0
12,0,cNypyxpr,cTQVugNT,262.0
12,0,gyQqEnFq,cNypyxpr,262.0
1471,0,cNypyxpr,cTQVugNT,2995.0
1471,0,gyQqEnFq,cNypyxpr,2954.0
1747,0,gyQqEnFq,cNypyxpr,747.0
1740,0,cNypyxpr,cTQVugNT,225.0
1740,0,gyQqEnFq,cNypyxpr,169.0
1365,0,WvPJYXMk,cTQVugNT,1616.0
1365,0,gyQqEnFq,WvPJYXMk,1539.0
1244,0,TwyfqMnN,oBtsEQRM,490.0
1244,0,cNypyxpr,TwyfqMnN,490.0
1244,0,gyQqEnFq,cNypyxpr,450.0
1532,0,gyQqEnFq,WvPJYXMk,2199.0
529,0,WvPJYXMk,qjwSVoCq,201.0
529,0,gyQqEnFq,WvPJYXMk,201.0
1435,0,gyQqEnFq,WvPJYXMk,3606.0
1419,0,RSQixiib,HLAPntjh,3966.0
1419,0,qrzeRBPC,RSQixiib,666.0
1419,0,phXawcIY,qrzeRBPC,662.0
1419,0,EXTmTMKf,phXawcIY,654.0
1419,0,yfIoPTHo,EXTmTMKf,654.0
1419,0,GnOurcjN,yfIoPTHo,654.0
1419,0,vHkAlmCm,GnOurcjN,209.0
1419,0,WynPMslR,vHkAlmCm,209.0
1419,0,qjwSVoCq,WynPMslR,153.0
1419,0,WvPJYXMk,qjwSVoCq,153.0
1419,0,gyQqEnFq,WvPJYXMk,153.0
1441,0,gyQqEnFq,qjwSVoCq,522.0
1435,0,FZsFzszJ,gzTQJVMW,7881.0
1435,0,KgwKZlse,FZsFzszJ,8423.0
1435,0,ALhaazBT,KgwKZlse,8423.0
1435,0,YqlTLIQa,ALhaazBT,10118.0
1435,0,gzTQJVMW,RVEyrwjR,6625.0
1435,0,XLVjRryq,NxbXiMUL,1727.0
1435,0,RVEyrwjR,XLVjRryq,2307.0
1435,0,vDFCntfg,YvwuVYMF,1025.0
1435,0,NxbXiMUL,vDFCntfg,1043.0
902,0,GeRuyZeo,MzxDaMZj,69.0
902,0,YqAQHxyY,GeRuyZeo,69.0
902,0,qLRAgPvM,YqAQHxyY,68.0
902,0,yVpSHUpe,qLRAgPvM,68.0
902,0,PfzzVLdD,yVpSHUpe,68.0
902,0,yRZHSCWE,PfzzVLdD,68.0
902,0,rCrvifMW,yRZHSCWE,68.0
902,0,aPOYjvXT,rCrvifMW,68.0
1099,0,kGQEnBYZ,bGilRaMJ,7.0
685,0,cNypyxpr,cTQVugNT,310.0
685,0,gyQqEnFq,cNypyxpr,304.0
720,0,cNypyxpr,cTQVugNT,281.0
720,0,gyQqEnFq,cNypyxpr,78.0
1619,0,rxAHdfLr,NztIaxQU,1083.0
1619,0,dGXuUmCy,rxAHdfLr,1083.0
1619,0,dIJpAwev,dGXuUmCy,1083.0
1619,0,jcExlqwL,dIJpAwev,1099.0
1622,0,TKRrUtKV,jcExlqwL,1605.0
1622,0,JleZjXmc,TKRrUtKV,1605.0
1622,0,fTKGeENK,JleZjXmc,1605.0
1622,0,zdgoUaFA,fTKGeENK,1594.0
1701,0,kPoXDVhr,DgeiAShx,2450.0
1701,0,QkhvVJfO,kPoXDVhr,2567.0
1701,0,jBRcoEIn,QkhvVJfO,2551.0
1701,0,pNohcrtk,jBRcoEIn,2551.0
1701,0,aHsZaffM,pNohcrtk,749.0
835,0,cIQOVqQI,njiqgOWt,5122.0
835,0,OyAyNkqZ,cIQOVqQI,5076.0
1366,0,UfJDroVz,lsFGVtlq,1467.0
1366,0,biJBLznK,UfJDroVz,1467.0
1366,0,HrrdJKJb,biJBLznK,1467.0
1366,0,qKeCDDXI,HrrdJKJb,1468.0
528,0,aWeSqqrV,gyQqEnFq,278.0
528,0,WRVBvtIE,aWeSqqrV,278.0
528,0,YspLWkZX,WRVBvtIE,304.0
1124,0,nsbHlbAq,WhHfbZWj,32.0
1124,0,cwgbfpqq,nsbHlbAq,32.0
1124,0,fMrlznIn,cwgbfpqq,32.0
1124,0,uXKxCjNA,fMrlznIn,32.0
1124,0,bOiSLYGO,uXKxCjNA,32.0
1124,0,mhgPTzcZ,bOiSLYGO,31.0
1124,0,WFZVQzrl,mhgPTzcZ,23.0
1124,0,GiONHkbf,WFZVQzrl,22.0
1124,0,QDIpIlEK,GiONHkbf,13.0
401,0,zjOknQHK,CRVKBFrv,1795.0
401,0,FrKNovDQ,zjOknQHK,1795.0
401,0,kgNzHUbI,FrKNovDQ,1795.0
250,0,mnkgCFDT,WOOyqinT,1433.0
1537,0,jvuOCfJT,BCaYhIgf,58.0
1537,0,vGKZybsV,jvuOCfJT,58.0
1537,0,lEwLedpG,vGKZybsV,30.0
1537,0,GtMUYUwJ,lEwLedpG,30.0
1537,0,lQIpGOTn,GtMUYUwJ,30.0
1537,0,uhUmvvRs,lQIpGOTn,30.0
1537,0,GgLRqpEG,uhUmvvRs,1.0
1537,0,WFZVQzrl,GgLRqpEG,1.0
1331,0,MoCDatJm,EFeZyZmg,117.0
1379,0,bdIbpKdP,IATYolYz,1271.0
1379,0,VJibZvbS,bdIbpKdP,1271.0
1379,0,uSZbdBno,VJibZvbS,1281.0
1379,0,GtaXwPrK,uSZbdBno,1281.0
1379,0,SfxDAXEq,GtaXwPrK,1281.0
1379,0,PIUpvPaY,SfxDAXEq,1281.0
1379,0,XCZfXGna,PIUpvPaY,1660.0
1379,0,FYonLsVT,XCZfXGna,1641.0
1379,0,voXQjjKh,FYonLsVT,1641.0
186,0,DzkWADkh,gmiMCrrb,390.0
186,0,MjMnNBLG,DzkWADkh,390.0
186,0,XiRzIewe,MjMnNBLG,390.0
186,0,udKeccMr,XiRzIewe,457.0
186,0,HEshVETB,udKeccMr,457.0
186,0,WKWTpoqQ,HEshVETB,457.0
186,0,oUmVLfUX,WKWTpoqQ,481.0
186,0,fJdABIlw,oUmVLfUX,481.0
186,0,mXwfazRz,fJdABIlw,426.0
186,0,rBcVngYR,mXwfazRz,428.0
186,0,NGAodVTg,rBcVngYR,181.0
186,0,TvGyfQSI,NGAodVTg,181.0
186,0,HFYkXdPG,TvGyfQSI,181.0
186,0,KjgVoxgR,HFYkXdPG,200.0
186,0,xTOrUJFO,KjgVoxgR,188.0
186,0,EmkugZPX,xTOrUJFO,188.0
186,0,lmZJehpq,EmkugZPX,188.0
186,0,YtrqvWdf,lmZJehpq,188.0
1140,0,rSnWVhOw,CqefHKGq,1099.0
1140,0,xfoaGXVJ,rSnWVhOw,1098.0
1140,0,kzneBolb,xfoaGXVJ,1098.0
529,0,ZYYdVixc,VfTFpfzB,640.0
529,0,jWRsQoYS,ZYYdVixc,640.0
529,0,jTofnsvB,jWRsQoYS,640.0
1531,0,aWeSqqrV,gyQqEnFq,2667.0
142,0,elmHqfIN,jTofnsvB,4971.0
142,0,YhQOzAWJ,elmHqfIN,4971.0
142,0,vNuEvleV,YhQOzAWJ,4695.0
142,0,FUctipSE,vNuEvleV,3047.0
142,0,PWitnUnB,FUctipSE,3703.0
142,0,zwmwkNcj,PWitnUnB,3705.0
142,0,DJDPVkXF,zwmwkNcj,3705.0
1419,0,opPTwucI,HOwZAROe,2122.0
1419,0,htzVSGDL,opPTwucI,2161.0
1419,0,KabAcwBq,htzVSGDL,2161.0
1419,0,HAmwZMhM,KabAcwBq,2240.0
34,0,cNypyxpr,cTQVugNT,6230.0
34,0,WRVBvtIE,cNypyxpr,6234.0
34,0,RuAJZyMI,WRVBvtIE,5507.0
232,0,ZYYdVixc,VfTFpfzB,3187.0
369,0,RuAJZyMI,rSnWVhOw,4475.0
142,0,tRncbstl,WFZVQzrl,2742.0
142,0,gLCWwgiT,tRncbstl,3019.0
142,0,jTofnsvB,gLCWwgiT,3622.0
142,0,FrOiWYSP,DJDPVkXF,3295.0
142,0,mNGfniSu,FrOiWYSP,3333.0
374,0,uuIUswRF,YmeKOmok,14.0
374,0,EBKpcNVh,uuIUswRF,14.0
374,0,jLuliqpT,EBKpcNVh,14.0
374,0,OXvlrfnG,jLuliqpT,14.0
374,0,CgMBzfIg,OXvlrfnG,14.0
374,0,BCwVkMhO,CgMBzfIg,14.0
374,0,MpBHVRZl,BCwVkMhO,14.0
374,0,BWKNZpmt,MpBHVRZl,7.0
374,0,hMBIVszx,BWKNZpmt,7.0
374,0,JgVaSAtG,hMBIVszx,7.0
374,0,QyfZGsFT,JgVaSAtG,6.0
374,0,selTNsQi,QyfZGsFT,6.0
374,0,SfBAqteg,selTNsQi,6.0
374,0,obGcbWvT,SfBAqteg,6.0
374,0,lbFoZTYJ,obGcbWvT,6.0
374,0,wssOAckJ,lbFoZTYJ,6.0
374,0,zzxlwhdI,wssOAckJ,6.0
374,0,SEcoeimf,zzxlwhdI,6.0
374,0,fzmnvqlX,SEcoeimf,5.0
374,0,RyhuDLev,fzmnvqlX,5.0
374,0,KnIeolpt,RyhuDLev,4.0
374,0,GMrJWgHs,KnIeolpt,4.0
374,0,tTjpyeuP,GMrJWgHs,3.0
374,0,iYbcLrkT,tTjpyeuP,3.0
374,0,elxmPCDf,iYbcLrkT,3.0
374,0,tcbhlVZo,elxmPCDf,3.0
374,0,ZqBGCTqq,tcbhlVZo,2.0
374,0,HxnLIWQq,ZqBGCTqq,2.0
374,0,wqGWmwVd,HxnLIWQq,2.0
374,0,ACkvbmee,wqGWmwVd,2.0
374,0,FtWuEuzF,ACkvbmee,2.0
374,0,RtTLxXUv,FtWuEuzF,2.0
374,0,JGydtICe,RtTLxXUv,2.0
374,0,xbhuXgnr,JGydtICe,1.0
374,0,zjGRmLyo,xbhuXgnr,1.0
374,0,EXTmTMKf,zjGRmLyo,1.0
374,0,yfIoPTHo,EXTmTMKf,1.0
374,0,GnOurcjN,yfIoPTHo,1.0
374,0,vHkAlmCm,GnOurcjN,1.0
374,0,WynPMslR,vHkAlmCm,1.0
992,0,dbPZeeiE,LKVeVUNI,2859.0
992,0,CsDsDrdU,dbPZeeiE,3034.0
992,0,rJRvqICk,CsDsDrdU,3266.0
992,0,AmahvgQB,rJRvqICk,3266.0
992,0,aYSqaQmJ,AmahvgQB,3266.0
992,0,zgCGmKZn,aYSqaQmJ,3632.0
992,0,JKFFGKvY,zgCGmKZn,3632.0
992,0,GYfZYaJh,JKFFGKvY,3632.0
992,0,WFZVQzrl,GYfZYaJh,3677.0
992,0,tRncbstl,WFZVQzrl,4494.0
992,0,gLCWwgiT,tRncbstl,4494.0
992,0,jTofnsvB,gLCWwgiT,4494.0
992,0,elmHqfIN,jTofnsvB,4568.0
992,0,YhQOzAWJ,elmHqfIN,4568.0
992,0,vNuEvleV,YhQOzAWJ,4568.0
992,0,FUctipSE,vNuEvleV,4763.0
992,0,PWitnUnB,FUctipSE,4515.0
992,0,FrOiWYSP,PWitnUnB,4992.0
992,0,mNGfniSu,FrOiWYSP,4992.0
992,0,LKVeVUNI,BpAiVnps,2603.0
142,0,WFZVQzrl,JAgpxShP,205.0
47,0,fGmFhgnx,rckblBTM,8107.0
47,0,XyHfgUxW,fGmFhgnx,6542.0
47,0,zjjLSYAp,XyHfgUxW,6527.0
47,0,nIakFMcq,zjjLSYAp,6527.0
1748,0,ZYYdVixc,VfTFpfzB,5757.0
1748,0,gLCWwgiT,ZYYdVixc,6029.0
994,0,KIvXTDlT,mexFgKBp,103.0
994,0,TgzZcdmy,KIvXTDlT,103.0
994,0,SEjojzMr,TgzZcdmy,103.0
1486,0,QHFmFyLR,EkWBPXmr,43.0
1486,0,neNWquOh,QHFmFyLR,43.0
1486,0,KwaxxmSs,neNWquOh,43.0
1486,0,gzZgDndk,KwaxxmSs,45.0
1486,0,NQaaFyOm,gzZgDndk,118.0
1486,0,iPNesxKP,NQaaFyOm,125.0
1486,0,lctVuVOk,iPNesxKP,151.0
1486,0,EocVuyzS,lctVuVOk,152.0
1486,0,lwcIkPvE,EocVuyzS,152.0
1486,0,suszCmcx,lwcIkPvE,152.0
1486,0,UTBcifAN,suszCmcx,152.0
1486,0,HQVZivsH,UTBcifAN,213.0
1486,0,DeiIsjyA,HQVZivsH,213.0
1486,0,anWZyaGW,DeiIsjyA,636.0
1486,0,OrbXRiVv,anWZyaGW,671.0
1486,0,cNuIRYrx,OrbXRiVv,675.0
1486,0,yNIUaSyZ,cNuIRYrx,675.0
1486,0,xiTGCYEl,yNIUaSyZ,675.0
1486,0,NXLrCKMp,xiTGCYEl,675.0
1486,0,FyoAuDvn,NXLrCKMp,675.0
1486,0,WOOyqinT,FyoAuDvn,675.0
1486,0,VfTFpfzB,WOOyqinT,675.0
1486,0,ZYYdVixc,VfTFpfzB,675.0
1486,0,gLCWwgiT,ZYYdVixc,675.0
1486,0,jTofnsvB,gLCWwgiT,675.0
664,0,NXLrCKMp,xiTGCYEl,423.0
664,0,FyoAuDvn,NXLrCKMp,416.0
664,0,GpnhEWuy,FyoAuDvn,484.0
664,0,fNoKcjVu,GpnhEWuy,484.0
664,0,ZeFKXxfu,fNoKcjVu,605.0
664,0,wYWONrrr,ZeFKXxfu,240.0
664,0,jTofnsvB,wYWONrrr,240.0
1748,0,jTofnsvB,gLCWwgiT,6210.0
142,0,JAgpxShP,qufiaPgM,17.0
1713,0,HcKLTTXk,EFeZyZmg,14.0
1713,0,IvXmMOhB,HcKLTTXk,14.0
1713,0,KIvXTDlT,IvXmMOhB,14.0
1713,0,TgzZcdmy,KIvXTDlT,14.0
1713,0,SEjojzMr,TgzZcdmy,14.0
1015,0,NrNaZyPp,MaKoROaE,73.0
1015,0,mexFgKBp,NrNaZyPp,7.0
1015,0,KIvXTDlT,mexFgKBp,3.0
1015,0,TgzZcdmy,KIvXTDlT,3.0
1015,0,SEjojzMr,TgzZcdmy,3.0
292,0,SlfNpref,aUPouXsN,1577.0
292,0,mTbspdLq,SlfNpref,1577.0
292,0,nrKKniYe,mTbspdLq,1557.0
292,0,SWnceHEw,nrKKniYe,1882.0
292,0,AjJCgCBk,SWnceHEw,1882.0
292,0,jFmPCmzM,AjJCgCBk,2174.0
292,0,TrOiZJox,jFmPCmzM,2174.0
292,0,fkZFUNSd,TrOiZJox,2841.0
292,0,JYrrjUtU,fkZFUNSd,2198.0
292,0,cttUtMNm,JYrrjUtU,2196.0
292,0,EarJIhnU,cttUtMNm,2160.0
292,0,KZBDkcEB,EarJIhnU,2160.0
798,0,hFISFuCO,BxmxkKGC,15.0
798,0,fQRLOpha,hFISFuCO,15.0
798,0,PXPVuGmP,fQRLOpha,15.0
798,0,IulxyPoH,PXPVuGmP,15.0
1512,0,OpgRCgWV,mnkgCFDT,14484.0
177,0,oUmVLfUX,WKWTpoqQ,2960.0
177,0,fJdABIlw,oUmVLfUX,2960.0
177,0,mXwfazRz,fJdABIlw,2772.0
177,0,NGAodVTg,mXwfazRz,2723.0
177,0,TvGyfQSI,NGAodVTg,2723.0
177,0,HFYkXdPG,TvGyfQSI,2723.0
177,0,KjgVoxgR,HFYkXdPG,2621.0
177,0,xTOrUJFO,KjgVoxgR,2211.0
177,0,EmkugZPX,xTOrUJFO,2210.0
177,0,lmZJehpq,EmkugZPX,2172.0
177,0,tDDddUJb,lmZJehpq,2172.0
177,0,RVGhYAxc,tDDddUJb,2063.0
177,0,BpAiVnps,RVGhYAxc,1403.0
1300,0,LKVeVUNI,BpAiVnps,5700.0
1300,0,dbPZeeiE,LKVeVUNI,7323.0
1300,0,CsDsDrdU,dbPZeeiE,8000.0
1300,0,AmahvgQB,CsDsDrdU,8398.0
1300,0,aYSqaQmJ,AmahvgQB,9325.0
1300,0,zgCGmKZn,aYSqaQmJ,9559.0
1300,0,EVAUYvVR,zgCGmKZn,9605.0
1300,0,GYfZYaJh,EVAUYvVR,9605.0
1300,0,OpgRCgWV,GYfZYaJh,9751.0
232,0,wEeBJTuq,ZYYdVixc,4949.0
233,0,kXOxEoFm,lRwVVbKf,906.0
233,0,EFeZyZmg,kXOxEoFm,906.0
233,0,ULIlEdjB,XHLHCkqn,578.0
233,0,zfmNZkKD,ULIlEdjB,570.0
233,0,zVMCvpDh,zfmNZkKD,371.0
233,0,nOepWjtB,zVMCvpDh,371.0
233,0,kNXaohyL,nOepWjtB,371.0
233,0,gJicbLzN,kNXaohyL,371.0
233,0,lRwVVbKf,gJicbLzN,314.0
233,0,zQfdkFQV,JafVjQhg,796.0
233,0,GTWLqqnN,zQfdkFQV,796.0
233,0,wefAcLKj,GTWLqqnN,805.0
233,0,RxHTaOMh,wefAcLKj,805.0
233,0,WavUqaXE,RxHTaOMh,802.0
233,0,XHLHCkqn,WavUqaXE,885.0
233,0,JafVjQhg,RZCadHVt,613.0
1467,0,bZroqIhX,eTJQHplR,103.0
1467,0,cNuIRYrx,bZroqIhX,104.0
1467,0,yNIUaSyZ,cNuIRYrx,123.0
1467,0,xiTGCYEl,yNIUaSyZ,123.0
1467,0,NXLrCKMp,xiTGCYEl,211.0
1467,0,FyoAuDvn,NXLrCKMp,211.0
1467,0,WOOyqinT,FyoAuDvn,211.0
1467,0,VfTFpfzB,WOOyqinT,220.0
1467,0,ZYYdVixc,VfTFpfzB,398.0
1467,0,wEeBJTuq,ZYYdVixc,439.0
232,0,TsfVbSCQ,wEeBJTuq,4558.0
232,0,KLViSvpH,fvJrDdyT,3114.0
232,0,YXiYqIfc,KLViSvpH,2971.0
232,0,OBtWrzof,YXiYqIfc,3017.0
232,0,TxpOiGNK,OBtWrzof,2519.0
1531,0,NrNaZyPp,MaKoROaE,3934.0
1531,0,zUgDRwiy,NrNaZyPp,3053.0
80,0,QPpuxtew,uRlXNIwL,3831.0
80,0,gHkojtqc,QPpuxtew,3831.0
1452,0,iOuVBZzk,lsFGVtlq,33.0
1452,0,cTQVugNT,iOuVBZzk,33.0
1452,0,cNypyxpr,cTQVugNT,33.0
1452,0,uRlXNIwL,cNypyxpr,33.0
1452,0,QPpuxtew,uRlXNIwL,33.0
1452,0,gHkojtqc,QPpuxtew,33.0
1453,0,kVCEAUTv,dHuMOmqh,4471.0
1453,0,LsuNFzpq,kVCEAUTv,4864.0
1453,0,llFTEWtD,IulxyPoH,3773.0
1453,0,TvvslWVF,llFTEWtD,3773.0
1453,0,SgXyhVwd,TvvslWVF,3551.0
1453,0,fPhIOSOj,SgXyhVwd,3551.0
1453,0,PQDqFTyk,fPhIOSOj,3551.0
1453,0,SOzmnmNW,PQDqFTyk,3551.0
1453,0,OhBAPvsb,SOzmnmNW,3551.0
1453,0,dHuMOmqh,OhBAPvsb,3700.0
762,0,BxmxkKGC,ojqTFFWy,6226.0
1566,0,tRncbstl,WFZVQzrl,163.0
1566,0,gLCWwgiT,tRncbstl,163.0
1566,0,mUWkXJQU,gLCWwgiT,163.0
1566,0,dVVBCEuD,mUWkXJQU,163.0
1566,0,WOnIRuRn,dVVBCEuD,163.0
232,0,LArfnWEk,TsfVbSCQ,4423.0
1262,0,CKorGRkE,ojqTFFWy,1244.0
1263,0,JKFFGKvY,zgCGmKZn,4832.0
1263,0,EVAUYvVR,JKFFGKvY,4851.0
1263,0,GYfZYaJh,EVAUYvVR,4851.0
1263,0,OpgRCgWV,GYfZYaJh,7954.0
1467,0,TsfVbSCQ,wEeBJTuq,416.0
1467,0,coyRXGtt,TsfVbSCQ,416.0
1566,0,LKVeVUNI,BpAiVnps,5.0
1566,0,dbPZeeiE,LKVeVUNI,5.0
1566,0,CsDsDrdU,dbPZeeiE,5.0
1566,0,AmahvgQB,CsDsDrdU,5.0
1566,0,aYSqaQmJ,AmahvgQB,5.0
1566,0,zgCGmKZn,aYSqaQmJ,5.0
1566,0,JKFFGKvY,zgCGmKZn,5.0
1566,0,GYfZYaJh,JKFFGKvY,5.0
1566,0,WFZVQzrl,GYfZYaJh,5.0
1566,0,wdHHIViJ,WOnIRuRn,7.0
1133,0,CNyHgccZ,fJuPdFXq,1112.0
1133,0,zSTvyVov,CNyHgccZ,1112.0
1133,0,ixyllwBo,zSTvyVov,1112.0
1133,0,vUtsOMRz,ixyllwBo,1112.0
1133,0,mAuYaRAP,vUtsOMRz,1112.0
1133,0,GauoQJWJ,mAuYaRAP,1112.0
1133,0,zjuuJEOg,GauoQJWJ,1112.0
1133,0,TIygQLDW,zjuuJEOg,1112.0
1133,0,QkOFoFkV,TIygQLDW,1112.0
1133,0,wmKJhgsh,QkOFoFkV,1112.0
1133,0,IpOsGrUQ,wmKJhgsh,1112.0
1133,0,exRzHfND,IpOsGrUQ,925.0
1133,0,bIhgcGjB,exRzHfND,925.0
1133,0,dMpYNFzw,bIhgcGjB,925.0
1133,0,phodyDNv,dMpYNFzw,925.0
1133,0,gcvwQKzE,phodyDNv,822.0
1133,0,RuqLEiFp,gcvwQKzE,822.0
1133,0,NAwFzVQz,RuqLEiFp,647.0
1133,0,jEliwrSM,NAwFzVQz,647.0
1133,0,OUlPxErG,jEliwrSM,647.0
1133,0,SPorkGXj,OUlPxErG,528.0
1133,0,IJbUVGLH,SPorkGXj,528.0
1133,0,ZqOseExI,IJbUVGLH,528.0
1133,0,FdBCLyPI,ZqOseExI,404.0
1133,0,CrOFTJlw,FdBCLyPI,404.0
1133,0,PyGiRErs,CrOFTJlw,404.0
1133,0,qflzswAf,PyGiRErs,320.0
34,0,MtINPaKl,RuAJZyMI,4629.0
34,0,SGVPbDEb,MtINPaKl,2902.0
142,0,MtINPaKl,mNGfniSu,3109.0
142,0,SGVPbDEb,MtINPaKl,3230.0
369,0,MtINPaKl,RuAJZyMI,4029.0
369,0,SGVPbDEb,MtINPaKl,3393.0
1418,0,aWeSqqrV,gyQqEnFq,2576.0
1418,0,WRVBvtIE,aWeSqqrV,2715.0
1418,0,RuAJZyMI,WRVBvtIE,2731.0
1418,0,MtINPaKl,RuAJZyMI,3289.0
1418,0,SGVPbDEb,MtINPaKl,4768.0
71,0,ZYCVVmjG,YKGBeVKa,1315.0
992,0,MtINPaKl,mNGfniSu,5253.0
992,0,SGVPbDEb,MtINPaKl,6016.0
1623,0,FqfYfMFg,AmahvgQB,1409.0
1623,0,qBmbuqyA,FqfYfMFg,1459.0
1623,0,DjKOMvif,qBmbuqyA,1459.0
1623,0,kbmudFZh,DjKOMvif,1500.0
1623,0,AHkkayoK,kbmudFZh,1500.0
1623,0,NjUfThdh,AHkkayoK,1504.0
1623,0,yEChtXTr,NjUfThdh,1504.0
1623,0,BspMHRhr,yEChtXTr,944.0
1623,0,jkxhkeqK,BspMHRhr,1390.0
1623,0,RrdfQruE,jkxhkeqK,1370.0
1623,0,FHknKSNi,RrdfQruE,1370.0
1623,0,GYenbKMg,FHknKSNi,1372.0
250,0,IoxYvxeH,mnkgCFDT,5748.0
250,0,yrlDljAC,IoxYvxeH,6195.0
250,0,rBCwdRqs,yrlDljAC,6195.0
250,0,olAnplnl,rBCwdRqs,6195.0
250,0,hpCuKAjH,olAnplnl,6229.0
250,0,tyeyrnYi,hpCuKAjH,6229.0
464,0,ImIhxSnH,Fwqgdxfa,9314.0
464,0,iEKuRfDT,ImIhxSnH,9292.0
464,0,psXocZQH,iEKuRfDT,9940.0
464,0,yprCGtVa,psXocZQH,9940.0
464,0,pPqywgRl,yprCGtVa,10444.0
464,0,HGjkimBc,pPqywgRl,11564.0
464,0,lqMPnIra,HGjkimBc,11627.0
464,0,eKMWhxRF,lqMPnIra,9563.0
464,0,pRsoSsPh,eKMWhxRF,9090.0
464,0,pUxrqkbR,pRsoSsPh,10633.0
464,0,GmRorurF,pUxrqkbR,10623.0
464,0,rWJbJwsc,GmRorurF,6054.0
725,0,IoxYvxeH,mnkgCFDT,1132.0
725,0,yrlDljAC,IoxYvxeH,1001.0
725,0,rBCwdRqs,yrlDljAC,1001.0
725,0,olAnplnl,rBCwdRqs,1001.0
725,0,hpCuKAjH,olAnplnl,1001.0
725,0,tyeyrnYi,hpCuKAjH,1001.0
719,0,kVhbTVuU,mnkgCFDT,494.0
719,0,IoxYvxeH,kVhbTVuU,1480.0
719,0,yrlDljAC,IoxYvxeH,1429.0
719,0,FCQHCFVm,yrlDljAC,1429.0
719,0,rBCwdRqs,FCQHCFVm,1429.0
719,0,olAnplnl,rBCwdRqs,1429.0
719,0,hpCuKAjH,olAnplnl,1428.0
719,0,tyeyrnYi,hpCuKAjH,1428.0
318,0,psXocZQH,kkrKJmiC,2714.0
318,0,yprCGtVa,psXocZQH,2714.0
318,0,pPqywgRl,yprCGtVa,2695.0
318,0,SJHseTdc,pPqywgRl,2972.0
318,0,ydQuGMgP,SJHseTdc,2974.0
318,0,AmahvgQB,ydQuGMgP,3073.0
1075,0,AiDSpgcp,yfISbYOh,1352.0
1075,0,rQoGPwMA,AiDSpgcp,1352.0
1075,0,SwPLBeCY,rQoGPwMA,1352.0
1075,0,TgAaXvqD,SwPLBeCY,1362.0
1075,0,fikrodNW,TgAaXvqD,1367.0
1486,0,YhQOzAWJ,jTofnsvB,567.0
1486,0,zUgDRwiy,YhQOzAWJ,567.0
1506,0,YhQOzAWJ,elmHqfIN,5112.0
1506,0,zUgDRwiy,YhQOzAWJ,4767.0
679,0,jXeBpcDF,lZYsrfVZ,3413.0
679,0,wHfmVQMh,cttUtMNm,3992.0
679,0,mdGitRQe,wHfmVQMh,2700.0
712,0,EmkugZPX,xTOrUJFO,1810.0
712,0,lmZJehpq,EmkugZPX,1818.0
664,0,elmHqfIN,jTofnsvB,150.0
664,0,YhQOzAWJ,elmHqfIN,150.0
664,0,zUgDRwiy,YhQOzAWJ,150.0
1748,0,elmHqfIN,jTofnsvB,4660.0
1748,0,YhQOzAWJ,elmHqfIN,4660.0
1748,0,zUgDRwiy,YhQOzAWJ,4647.0
1584,0,wWIFrmtv,vbdtPbuh,31.0
1584,0,CTPkMihJ,wWIFrmtv,31.0
1584,0,VesdDWYE,CTPkMihJ,31.0
1584,0,ILlCOmHK,VesdDWYE,31.0
1584,0,uEdtlgzA,ILlCOmHK,31.0
1584,0,HcKLTTXk,uEdtlgzA,31.0
1584,0,IvXmMOhB,HcKLTTXk,31.0
1419,0,BZCtSmhk,ywuGpANM,1756.0
1419,0,NbgxPNNK,BZCtSmhk,1757.0
1419,0,vOKcaAnW,NbgxPNNK,1763.0
1419,0,HOwZAROe,vOKcaAnW,1763.0
560,0,avbDVyxh,WGPbPoOh,533.0
560,0,gzkuviLm,avbDVyxh,533.0
560,0,CkzMckPC,gzkuviLm,533.0
560,0,WywmvGMH,CkzMckPC,533.0
780,0,sPGYwoyj,XUTqNKWc,2612.0
780,0,OeZVKJdr,sPGYwoyj,2612.0
1419,0,VgUdLlOW,hpACGGyB,261.0
1419,0,ywuGpANM,VgUdLlOW,261.0
1262,0,AmahvgQB,vSdfqYeK,3543.0
1262,0,lOtREfVG,AmahvgQB,3089.0
1262,0,SMhobJmy,lOtREfVG,3089.0
1262,0,ZdIQslRD,SMhobJmy,2576.0
1331,0,kXOxEoFm,lRwVVbKf,51.0
1331,0,EFeZyZmg,kXOxEoFm,51.0
1512,0,ntDOQspU,OpgRCgWV,13111.0
1512,0,AXkvSZpr,ntDOQspU,13151.0
1263,0,ntDOQspU,OpgRCgWV,11736.0
1263,0,AXkvSZpr,ntDOQspU,11819.0
232,0,KUCrTzrk,LArfnWEk,3632.0
1331,0,GTWLqqnN,JafVjQhg,3.0
1331,0,wefAcLKj,GTWLqqnN,3.0
1331,0,RxHTaOMh,wefAcLKj,3.0
1331,0,XHLHCkqn,RxHTaOMh,3.0
1331,0,ULIlEdjB,XHLHCkqn,3.0
1331,0,zfmNZkKD,ULIlEdjB,3.0
1331,0,zVMCvpDh,zfmNZkKD,3.0
1331,0,nOepWjtB,zVMCvpDh,3.0
1331,0,kNXaohyL,nOepWjtB,3.0
1331,0,gJicbLzN,kNXaohyL,3.0
1331,0,lRwVVbKf,gJicbLzN,3.0
1330,0,dbPZeeiE,LKVeVUNI,2010.0
1330,0,CsDsDrdU,dbPZeeiE,2024.0
1330,0,rJRvqICk,CsDsDrdU,2504.0
1330,0,AmahvgQB,rJRvqICk,2504.0
1330,0,aYSqaQmJ,AmahvgQB,2562.0
1330,0,zgCGmKZn,aYSqaQmJ,2661.0
1330,0,JKFFGKvY,zgCGmKZn,2750.0
1330,0,EVAUYvVR,JKFFGKvY,2750.0
1330,0,GYfZYaJh,EVAUYvVR,2750.0
1330,0,OpgRCgWV,GYfZYaJh,3025.0
1330,0,ntDOQspU,OpgRCgWV,3251.0
1330,0,nEHOxUTI,ntDOQspU,3251.0
1330,0,PUsFNDSD,nEHOxUTI,3422.0
1330,0,LKVeVUNI,BpAiVnps,1758.0
1467,0,eQeMsQqL,coyRXGtt,294.0
1467,0,ckxYXcvo,eQeMsQqL,294.0
1467,0,cyoDDnik,ckxYXcvo,294.0
1467,0,xWbuLRdJ,cyoDDnik,294.0
1467,0,vbdtPbuh,xWbuLRdJ,294.0
1467,0,wWIFrmtv,vbdtPbuh,24.0
1748,0,okaePkJr,zUgDRwiy,1796.0
761,0,okaePkJr,zUgDRwiy,6014.0
34,0,DpeufCiu,SGVPbDEb,2044.0
142,0,DpeufCiu,SGVPbDEb,3085.0
565,0,okgTpqCg,FfkqCuZM,346.0
565,0,IKzXRYHu,okgTpqCg,341.0
565,0,adAJVrkD,IKzXRYHu,341.0
80,0,jiBUapiv,gHkojtqc,3599.0
80,0,ZsSjTAXN,jiBUapiv,3599.0
80,0,QzSmToFg,ZsSjTAXN,3599.0
232,0,CwNQJSvp,KUCrTzrk,3131.0
232,0,yoveVXvd,CwNQJSvp,3148.0
1330,0,StyZBhjt,PUsFNDSD,2529.0
1714,0,elmHqfIN,jTofnsvB,8.0
1714,0,YhQOzAWJ,elmHqfIN,8.0
1714,0,zUgDRwiy,YhQOzAWJ,8.0
1714,0,okaePkJr,zUgDRwiy,8.0
1714,0,xgGSyRKK,okaePkJr,8.0
761,0,PgJqeYYy,okaePkJr,6010.0
1330,0,HipgKeDY,StyZBhjt,2605.0
80,0,YpZAWuci,QzSmToFg,3350.0
1452,0,jiBUapiv,gHkojtqc,80.0
1452,0,ZsSjTAXN,jiBUapiv,80.0
1452,0,QzSmToFg,ZsSjTAXN,80.0
1452,0,YpZAWuci,QzSmToFg,80.0
1453,0,BxmxkKGC,ojqTFFWy,1926.0
1453,0,TQhrUKrf,BxmxkKGC,3333.0
1453,0,hFISFuCO,TQhrUKrf,3333.0
1453,0,IJrmTLNf,hFISFuCO,3333.0
1453,0,byRkdSCW,IJrmTLNf,3333.0
1453,0,fQRLOpha,byRkdSCW,3333.0
1453,0,PXPVuGmP,fQRLOpha,3393.0
1453,0,JpcivbxC,PXPVuGmP,3393.0
1453,0,IulxyPoH,JpcivbxC,3394.0
1486,0,okaePkJr,zUgDRwiy,369.0
1486,0,PgJqeYYy,okaePkJr,369.0
664,0,okaePkJr,zUgDRwiy,17.0
664,0,PgJqeYYy,okaePkJr,17.0
1748,0,PgJqeYYy,okaePkJr,1793.0
1531,0,okaePkJr,zUgDRwiy,1214.0
1531,0,PgJqeYYy,okaePkJr,917.0
232,0,fvJrDdyT,yoveVXvd,3118.0
1537,0,ULIlEdjB,XHLHCkqn,4.0
1537,0,zfmNZkKD,ULIlEdjB,4.0
1537,0,LASpLrUw,zfmNZkKD,4.0
1537,0,GnVcDFUF,LASpLrUw,46.0
1537,0,QzUmfmWq,GnVcDFUF,61.0
1537,0,FozFNjrC,QzUmfmWq,61.0
1537,0,loXKeyiW,FozFNjrC,61.0
1537,0,vDrIQGSM,loXKeyiW,61.0
1537,0,wYGnXViz,vDrIQGSM,61.0
1537,0,vePIvsJu,wYGnXViz,61.0
1537,0,BCaYhIgf,vePIvsJu,61.0
1326,0,KSSwmuEx,vkwWhgCe,946.0
1748,0,EsFyleAW,PgJqeYYy,294.0
1750,0,hFISFuCO,ojqTFFWy,147.0
1750,0,fQRLOpha,hFISFuCO,147.0
1750,0,PXPVuGmP,fQRLOpha,167.0
1750,0,IulxyPoH,PXPVuGmP,167.0
1750,0,llFTEWtD,IulxyPoH,224.0
1750,0,SgXyhVwd,llFTEWtD,224.0
1750,0,fPhIOSOj,SgXyhVwd,235.0
1750,0,HqehCtdr,fPhIOSOj,327.0
1750,0,JafVjQhg,HqehCtdr,329.0
1440,0,gHieypBQ,wrFiwNtD,795.0
1440,0,vfoDngvn,gHieypBQ,795.0
1440,0,EPWXwPSq,vfoDngvn,795.0
1440,0,orpkgmYq,EPWXwPSq,684.0
1440,0,RXuaQdiQ,orpkgmYq,466.0
1440,0,mhTYFecR,RXuaQdiQ,363.0
1440,0,RZCadHVt,mhTYFecR,323.0
1330,0,qqkwAIGc,HipgKeDY,2569.0
34,0,FaHpkwNs,DpeufCiu,1976.0
142,0,FaHpkwNs,DpeufCiu,2999.0
34,0,kohCEyKT,FaHpkwNs,1957.0
761,0,cQQRUhUD,PgJqeYYy,6430.0
761,0,ZpXtMmnA,cQQRUhUD,6430.0
992,0,DpeufCiu,SGVPbDEb,6165.0
992,0,FaHpkwNs,DpeufCiu,6165.0
992,0,kohCEyKT,FaHpkwNs,6165.0
1538,0,RzpCLtax,ByhOWHwN,25.0
1538,0,GVbuUhiB,RzpCLtax,25.0
1538,0,lBcqwpvX,GVbuUhiB,25.0
1538,0,ByhOWHwN,AXkvSZpr,6.0
1330,0,YXiYqIfc,qqkwAIGc,2568.0
1434,0,SGVPbDEb,MtINPaKl,1495.0
1434,0,DpeufCiu,SGVPbDEb,2362.0
1434,0,FaHpkwNs,DpeufCiu,2412.0
1434,0,wMslsCeS,FaHpkwNs,2412.0
1434,0,BTtHvEzM,wMslsCeS,2412.0
1434,0,EzNIKkYA,BTtHvEzM,3339.0
1434,0,TvsHOuao,EzNIKkYA,3774.0
1434,0,ezYUwAMR,TvsHOuao,3774.0
1434,0,QhiYKyAt,ezYUwAMR,3774.0
1418,0,TvsHOuao,EzNIKkYA,5892.0
1418,0,ezYUwAMR,TvsHOuao,5892.0
1418,0,QhiYKyAt,ezYUwAMR,5892.0
1486,0,cQQRUhUD,PgJqeYYy,288.0
1486,0,ZpXtMmnA,cQQRUhUD,288.0
796,0,NXLrCKMp,xiTGCYEl,617.0
796,0,FyoAuDvn,NXLrCKMp,617.0
796,0,WOOyqinT,FyoAuDvn,774.0
796,0,VfTFpfzB,WOOyqinT,776.0
796,0,ZYYdVixc,VfTFpfzB,1064.0
796,0,gLCWwgiT,ZYYdVixc,1252.0
796,0,jTofnsvB,gLCWwgiT,1356.0
796,0,elmHqfIN,jTofnsvB,1717.0
796,0,YhQOzAWJ,elmHqfIN,1717.0
796,0,zUgDRwiy,YhQOzAWJ,1717.0
796,0,okaePkJr,zUgDRwiy,1717.0
796,0,PgJqeYYy,okaePkJr,1717.0
796,0,cQQRUhUD,PgJqeYYy,1717.0
796,0,ZpXtMmnA,cQQRUhUD,1717.0
1434,0,aWeSqqrV,gyQqEnFq,1156.0
1434,0,WRVBvtIE,aWeSqqrV,1156.0
1434,0,RuAJZyMI,WRVBvtIE,1156.0
1434,0,MtINPaKl,RuAJZyMI,1473.0
232,0,NajoDNFv,TxpOiGNK,2511.0
232,0,aQxdJxqw,NajoDNFv,2485.0
232,0,GJDHvjGI,aQxdJxqw,2660.0
796,0,bZroqIhX,eTJQHplR,315.0
796,0,cNuIRYrx,bZroqIhX,315.0
796,0,yNIUaSyZ,cNuIRYrx,315.0
796,0,xiTGCYEl,yNIUaSyZ,315.0
1096,0,KCAssTym,FrCulsqF,1260.0
1096,0,WhdKokFf,KCAssTym,1287.0
1096,0,QhscbmPA,WhdKokFf,1287.0
1096,0,YVvBKwgW,QhscbmPA,1335.0
1096,0,CcDOWlNm,YVvBKwgW,1369.0
1096,0,yfjUYWEe,CcDOWlNm,1369.0
291,0,zijvldJJ,RVGhYAxc,7264.0
291,0,PywYzQHY,zijvldJJ,7466.0
291,0,RufmISTr,PywYzQHY,4687.0
291,0,qnxnYECs,RufmISTr,4714.0
291,0,QNScHwgR,qnxnYECs,4696.0
291,0,dLUoTBAU,QNScHwgR,4722.0
464,0,uuIZngLh,rWJbJwsc,4832.0
464,0,gHWJyJxY,uuIZngLh,4830.0
463,0,UWOHRooW,Fwqgdxfa,1803.0
463,0,ImIhxSnH,UWOHRooW,1875.0
463,0,iEKuRfDT,ImIhxSnH,1863.0
463,0,PlyJazqR,iEKuRfDT,1863.0
463,0,ylfNfbjf,PlyJazqR,1593.0
463,0,psXocZQH,ylfNfbjf,1593.0
463,0,yprCGtVa,psXocZQH,1879.0
463,0,pPqywgRl,yprCGtVa,2007.0
463,0,HGjkimBc,pPqywgRl,2010.0
463,0,lqMPnIra,HGjkimBc,2037.0
463,0,eKMWhxRF,lqMPnIra,3042.0
463,0,pRsoSsPh,eKMWhxRF,3218.0
463,0,pUxrqkbR,pRsoSsPh,3224.0
463,0,GmRorurF,pUxrqkbR,3254.0
463,0,rWJbJwsc,GmRorurF,3254.0
463,0,uuIZngLh,rWJbJwsc,3798.0
463,0,gHWJyJxY,uuIZngLh,3798.0
250,0,HezLsNFQ,tyeyrnYi,6131.0
1395,0,OrbXRiVv,anWZyaGW,489.0
1395,0,cNuIRYrx,OrbXRiVv,546.0
1395,0,yNIUaSyZ,cNuIRYrx,546.0
1395,0,xiTGCYEl,yNIUaSyZ,546.0
1395,0,NXLrCKMp,xiTGCYEl,775.0
1395,0,FyoAuDvn,NXLrCKMp,775.0
1395,0,WOOyqinT,FyoAuDvn,891.0
1395,0,mnkgCFDT,WOOyqinT,892.0
1395,0,kVhbTVuU,mnkgCFDT,1682.0
1395,0,IoxYvxeH,kVhbTVuU,1709.0
1395,0,yrlDljAC,IoxYvxeH,1783.0
1395,0,rBCwdRqs,yrlDljAC,1783.0
1395,0,olAnplnl,rBCwdRqs,1783.0
1395,0,hpCuKAjH,olAnplnl,1783.0
1395,0,tyeyrnYi,hpCuKAjH,1783.0
1395,0,HezLsNFQ,tyeyrnYi,1793.0
1395,0,eusqYKWT,HezLsNFQ,1930.0
1395,0,xOHMcnRu,eusqYKWT,2257.0
719,0,HezLsNFQ,tyeyrnYi,1426.0
1531,0,EsFyleAW,PgJqeYYy,245.0
1531,0,oPiGTUNA,EsFyleAW,222.0
1531,0,AsOznvtO,oPiGTUNA,222.0
1531,0,HjcVXSJw,AsOznvtO,222.0
1531,0,UPEwDZeZ,HjcVXSJw,222.0
1531,0,oTQudgUv,UPEwDZeZ,222.0
1531,0,wteskcXn,oTQudgUv,216.0
1748,0,oPiGTUNA,EsFyleAW,247.0
1748,0,AsOznvtO,oPiGTUNA,247.0
1748,0,TxpOiGNK,AsOznvtO,247.0
1418,0,FoqpqGcp,QhiYKyAt,5222.0
1418,0,DpeufCiu,SGVPbDEb,5796.0
1418,0,FaHpkwNs,DpeufCiu,5796.0
1418,0,iMMoIvpS,FaHpkwNs,7931.0
1418,0,wMslsCeS,iMMoIvpS,8093.0
1418,0,BTtHvEzM,wMslsCeS,8093.0
80,0,UWROvtjV,YpZAWuci,3097.0
80,0,aHnvxyXJ,UWROvtjV,3097.0
1452,0,UWROvtjV,YpZAWuci,240.0
1452,0,aHnvxyXJ,UWROvtjV,240.0
1330,0,TxpOiGNK,YXiYqIfc,1390.0
369,0,DpeufCiu,SGVPbDEb,2846.0
369,0,kohCEyKT,DpeufCiu,2846.0
369,0,DHQRQBBP,kohCEyKT,2989.0
142,0,kohCEyKT,FaHpkwNs,2991.0
142,0,DHQRQBBP,kohCEyKT,4004.0
34,0,ZKEtlMvK,kohCEyKT,2219.0
1681,0,vFcwPIzF,qrkdOgPU,134.0
1681,0,fdwfslrS,vFcwPIzF,87.0
1419,0,CKorGRkE,ejMjPdTH,196.0
1419,0,eaNsVWDR,CKorGRkE,196.0
1419,0,hpACGGyB,eaNsVWDR,196.0
133,0,pcONCDTC,nyQXyVHt,35.0
133,0,fkhDLNVv,pcONCDTC,33.0
133,0,ZgqhsueA,fkhDLNVv,33.0
133,0,GYxWnXpv,ZgqhsueA,16.0
133,0,mkpQpPSv,GYxWnXpv,16.0
133,0,EIHKZlEa,mkpQpPSv,16.0
133,0,oYdkYEMp,EIHKZlEa,16.0
133,0,TkHOmLHQ,oYdkYEMp,16.0
133,0,YvwuVYMF,TkHOmLHQ,16.0
133,0,vDFCntfg,YvwuVYMF,10.0
133,0,iEKDTvNf,vDFCntfg,10.0
133,0,MyGqmywG,iEKDTvNf,10.0
133,0,NxbXiMUL,MyGqmywG,10.0
133,0,XLVjRryq,NxbXiMUL,10.0
133,0,gzTQJVMW,XLVjRryq,10.0
133,0,FZsFzszJ,gzTQJVMW,7.0
133,0,KgwKZlse,FZsFzszJ,7.0
133,0,AoRkaUmb,KgwKZlse,7.0
133,0,ALhaazBT,AoRkaUmb,7.0
133,0,YqlTLIQa,ALhaazBT,7.0
133,0,AUmOMGnp,YqlTLIQa,7.0
133,0,XFPAZveS,AUmOMGnp,6.0
133,0,ojqTFFWy,XFPAZveS,5.0
130,0,fkhDLNVv,pcONCDTC,33.0
130,0,ZgqhsueA,fkhDLNVv,33.0
130,0,GYxWnXpv,ZgqhsueA,28.0
130,0,mkpQpPSv,GYxWnXpv,28.0
130,0,EIHKZlEa,mkpQpPSv,28.0
130,0,oYdkYEMp,EIHKZlEa,28.0
130,0,TkHOmLHQ,oYdkYEMp,28.0
130,0,SwTowoaO,TkHOmLHQ,28.0
130,0,YvwuVYMF,SwTowoaO,28.0
130,0,vDFCntfg,YvwuVYMF,26.0
130,0,iEKDTvNf,vDFCntfg,26.0
130,0,MyGqmywG,iEKDTvNf,26.0
130,0,NxbXiMUL,MyGqmywG,24.0
130,0,XLVjRryq,NxbXiMUL,23.0
130,0,RVEyrwjR,XLVjRryq,23.0
130,0,gzTQJVMW,RVEyrwjR,23.0
130,0,FZsFzszJ,gzTQJVMW,15.0
130,0,KgwKZlse,FZsFzszJ,15.0
130,0,AoRkaUmb,KgwKZlse,15.0
130,0,ALhaazBT,AoRkaUmb,15.0
130,0,YqlTLIQa,ALhaazBT,13.0
130,0,AUmOMGnp,YqlTLIQa,13.0
130,0,XFPAZveS,AUmOMGnp,13.0
130,0,ojqTFFWy,XFPAZveS,10.0
37,0,CKldDLYq,EkWBPXmr,478.0
37,0,tjYcJLRB,CKldDLYq,648.0
37,0,iYMJvRAf,tjYcJLRB,648.0
37,0,KplKuAnp,iYMJvRAf,658.0
37,0,pSVDMeCH,KplKuAnp,658.0
37,0,FTwVCxQy,pSVDMeCH,658.0
37,0,xnBCUPNx,FTwVCxQy,775.0
37,0,MEVzYGii,xnBCUPNx,1002.0
37,0,yQIotbyH,MEVzYGii,1002.0
37,0,taEXnGBL,yQIotbyH,1218.0
37,0,rZoajhYh,taEXnGBL,1218.0
37,0,NuyYqrDq,rZoajhYh,1277.0
37,0,gpaAUChy,NuyYqrDq,1313.0
37,0,IgEBJNwX,gpaAUChy,1313.0
37,0,NCVzutVL,IgEBJNwX,1333.0
37,0,cTQVugNT,NCVzutVL,1349.0
37,0,cNypyxpr,cTQVugNT,2179.0
37,0,WRVBvtIE,cNypyxpr,2179.0
37,0,RuAJZyMI,WRVBvtIE,2179.0
37,0,MtINPaKl,RuAJZyMI,2179.0
37,0,SGVPbDEb,MtINPaKl,2179.0
37,0,DpeufCiu,SGVPbDEb,2179.0
37,0,FaHpkwNs,DpeufCiu,2179.0
37,0,kohCEyKT,FaHpkwNs,2179.0
37,0,ZKEtlMvK,kohCEyKT,2179.0
37,0,pjRBTtLk,ZKEtlMvK,2179.0
369,0,ZKEtlMvK,DHQRQBBP,2971.0
369,0,pjRBTtLk,ZKEtlMvK,3280.0
142,0,ZKEtlMvK,DHQRQBBP,3976.0
142,0,pjRBTtLk,ZKEtlMvK,3978.0
1440,0,WRVBvtIE,gyQqEnFq,392.0
1440,0,RuAJZyMI,WRVBvtIE,392.0
1440,0,MtINPaKl,RuAJZyMI,438.0
1440,0,SGVPbDEb,MtINPaKl,440.0
1440,0,DpeufCiu,SGVPbDEb,559.0
1440,0,FaHpkwNs,DpeufCiu,559.0
1440,0,kohCEyKT,FaHpkwNs,559.0
1440,0,DHQRQBBP,kohCEyKT,559.0
1440,0,ZKEtlMvK,DHQRQBBP,559.0
1440,0,pjRBTtLk,ZKEtlMvK,801.0
1441,0,dHuMOmqh,LDSuadxM,1331.0
1441,0,kVCEAUTv,dHuMOmqh,2339.0
1441,0,llFTEWtD,IulxyPoH,986.0
1441,0,SgXyhVwd,llFTEWtD,986.0
1441,0,fPhIOSOj,SgXyhVwd,986.0
1441,0,SOzmnmNW,fPhIOSOj,986.0
1441,0,OhBAPvsb,SOzmnmNW,986.0
1441,0,LDSuadxM,OhBAPvsb,986.0
1441,0,PXPVuGmP,fQRLOpha,808.0
1441,0,IulxyPoH,PXPVuGmP,808.0
779,0,aNlaxeLS,ZecyfkGE,2528.0
779,0,zBPHjWVd,aNlaxeLS,2528.0
779,0,rPcYYZtd,zBPHjWVd,2553.0
779,0,ngtiheSM,rPcYYZtd,2374.0
994,0,BWKNZpmt,VriUyyDM,1467.0
779,0,pzScocJN,khOlLZay,2731.0
779,0,AOtPxxNt,pzScocJN,2713.0
779,0,pFQacbfu,AOtPxxNt,2666.0
779,0,ZecyfkGE,pFQacbfu,2666.0
992,0,ZKEtlMvK,kohCEyKT,7104.0
992,0,pjRBTtLk,ZKEtlMvK,7104.0
1441,0,hFISFuCO,BxmxkKGC,745.0
1441,0,byRkdSCW,hFISFuCO,745.0
1441,0,fQRLOpha,byRkdSCW,745.0
1702,0,qrLMfnQh,aQxdJxqw,1338.0
1702,0,nAnfzqIp,qrLMfnQh,1338.0
1702,0,BYibysYA,nAnfzqIp,1338.0
1531,0,NajoDNFv,wteskcXn,150.0
1531,0,aQxdJxqw,NajoDNFv,146.0
1221,0,CKorGRkE,ejMjPdTH,4138.0
1221,0,eaNsVWDR,CKorGRkE,4138.0
1221,0,hpACGGyB,eaNsVWDR,4139.0
1221,0,VgUdLlOW,hpACGGyB,4525.0
1221,0,ywuGpANM,VgUdLlOW,4526.0
1221,0,BZCtSmhk,ywuGpANM,7303.0
1221,0,aojHvPEg,BZCtSmhk,7301.0
1221,0,qeXIqBgp,aojHvPEg,7301.0
836,0,aojHvPEg,BZCtSmhk,5335.0
836,0,qeXIqBgp,aojHvPEg,5335.0
679,0,BpAiVnps,RVGhYAxc,2175.0
1330,0,NajoDNFv,TxpOiGNK,1382.0
1330,0,aQxdJxqw,NajoDNFv,1380.0
1568,0,YcrsfAeA,KCvWJpxq,4195.0
1568,0,cfrRCwNB,YcrsfAeA,4195.0
1568,0,TFSGEQcQ,cfrRCwNB,4556.0
1568,0,fjFZwaYy,TFSGEQcQ,4991.0
1568,0,lSWJJvzr,fjFZwaYy,5014.0
1568,0,nxFmOJAJ,lSWJJvzr,5063.0
1568,0,GznDzxNt,nxFmOJAJ,5063.0
1568,0,jappmlZc,GznDzxNt,5063.0
1568,0,JGAJXRSN,jappmlZc,5162.0
1568,0,SDEQaVyD,JGAJXRSN,5051.0
1226,0,SsTrbdxo,qzYXXYmc,10457.0
1226,0,yYFXObAF,SsTrbdxo,10457.0
1226,0,rmVgnKci,yYFXObAF,10457.0
1226,0,xMwzCIXQ,rmVgnKci,10407.0
1226,0,njiqgOWt,jVOVHrFU,9061.0
1263,0,MlqbsUKu,AXkvSZpr,12097.0
1263,0,jaCrAUFK,MlqbsUKu,12448.0
1263,0,oynLwMrX,jaCrAUFK,12258.0
1263,0,EKYbCcms,oynLwMrX,9324.0
14,0,CheNYOmP,ocwJSpah,5859.0
14,0,xYUjBvzT,CheNYOmP,6890.0
14,0,JXJZtHSD,xYUjBvzT,6890.0
14,0,owqgejgM,JXJZtHSD,2942.0
1226,0,PNUwxzRj,iaPnRXpR,7164.0
1226,0,sxclJLmG,PNUwxzRj,7164.0
1226,0,xMTNzVPt,sxclJLmG,7193.0
1226,0,AudzmzeZ,xMTNzVPt,7193.0
1226,0,QVFxizLc,AudzmzeZ,7251.0
1226,0,BKywSEpu,QVFxizLc,7251.0
1226,0,PrwDPVMa,BKywSEpu,7251.0
1226,0,bjPEDqek,PrwDPVMa,7174.0
1226,0,hNvVhacI,bjPEDqek,7174.0
1226,0,qzYXXYmc,hNvVhacI,7053.0
1512,0,EKYbCcms,jaCrAUFK,13379.0
1226,0,CEZTRnUo,qflzswAf,6018.0
1226,0,funWfCdm,CEZTRnUo,6018.0
1226,0,rnFrOJMw,funWfCdm,6018.0
1226,0,iaPnRXpR,rnFrOJMw,6020.0
1748,0,NajoDNFv,TxpOiGNK,260.0
1748,0,aQxdJxqw,NajoDNFv,325.0
1445,0,gHieypBQ,IOpdOfiF,794.0
1445,0,vfoDngvn,gHieypBQ,794.0
1445,0,EPWXwPSq,vfoDngvn,794.0
1445,0,orpkgmYq,EPWXwPSq,794.0
1445,0,RXuaQdiQ,orpkgmYq,794.0
1445,0,mhTYFecR,RXuaQdiQ,794.0
1445,0,RZCadHVt,mhTYFecR,794.0
761,0,NnzcSqlk,mhTYFecR,3828.0
34,0,aSxVTIYY,ZKEtlMvK,1609.0
34,0,fpInPVFL,aSxVTIYY,1609.0
80,0,aBlpKWpT,aHnvxyXJ,2858.0
1226,0,cIQOVqQI,njiqgOWt,9054.0
1226,0,OyAyNkqZ,cIQOVqQI,9039.0
1226,0,XiXLaJEL,OyAyNkqZ,9034.0
1226,0,fzSWURzx,XiXLaJEL,3958.0
1226,0,vyojaKRU,fzSWURzx,3873.0
1226,0,puwcRgFs,vyojaKRU,3398.0
1226,0,zjKsBdNQ,puwcRgFs,1070.0
1226,0,ojqTFFWy,zjKsBdNQ,1069.0
232,0,rxopZurY,GJDHvjGI,2078.0
1418,0,NNeqXfIi,FoqpqGcp,5380.0
1418,0,wbJSAzcX,NNeqXfIi,5377.0
80,0,RwWmKtXH,aBlpKWpT,2656.0
80,0,iWUiEObr,RwWmKtXH,2735.0
1452,0,aBlpKWpT,aHnvxyXJ,447.0
1452,0,YBtfPRlp,aBlpKWpT,447.0
1452,0,RwWmKtXH,YBtfPRlp,634.0
1452,0,iWUiEObr,RwWmKtXH,634.0
761,0,DgJlPOry,ZpXtMmnA,3594.0
761,0,inAMLXyk,DgJlPOry,3594.0
761,0,nTEapSQO,inAMLXyk,3594.0
761,0,AKaXSKPc,nTEapSQO,3594.0
796,0,DgJlPOry,ZpXtMmnA,807.0
796,0,inAMLXyk,DgJlPOry,807.0
796,0,nTEapSQO,inAMLXyk,807.0
796,0,AKaXSKPc,nTEapSQO,807.0
1452,0,mkMGVFdU,iWUiEObr,803.0
1452,0,xMYnsmAG,mkMGVFdU,1472.0
1452,0,IOpdOfiF,xMYnsmAG,1472.0
1486,0,inAMLXyk,ZpXtMmnA,254.0
1486,0,nTEapSQO,inAMLXyk,254.0
1486,0,AKaXSKPc,nTEapSQO,254.0
1263,0,cIQOVqQI,EKYbCcms,9717.0
1263,0,OyAyNkqZ,cIQOVqQI,9726.0
401,0,cXqKNsgk,eJfPkird,3196.0
401,0,adPAcDLJ,cXqKNsgk,3196.0
401,0,RTRcFCMg,adPAcDLJ,3183.0
401,0,yYShGLTs,RTRcFCMg,3183.0
401,0,VkUBejwv,yYShGLTs,3365.0
401,0,QuhVipGo,VkUBejwv,2710.0
401,0,IUBOlCKA,QuhVipGo,2528.0
401,0,knSDhEIY,IUBOlCKA,2627.0
401,0,bYtHLndm,knSDhEIY,2700.0
401,0,KbKyxild,bYtHLndm,2700.0
401,0,WzJZybAt,KbKyxild,1562.0
401,0,wBZvskGC,WzJZybAt,1517.0
401,0,hlYcHDiv,wBZvskGC,1447.0
401,0,ZUUFaTkv,hlYcHDiv,1447.0
401,0,TikfrWrm,ZUUFaTkv,1447.0
401,0,ojqTFFWy,TikfrWrm,439.0
249,0,hfZqYEAo,tpYpVLnP,4.0
249,0,PslqBzpy,hfZqYEAo,4.0
1349,0,cSSpAgNQ,WUuNWUBH,245.0
1349,0,ChOayZDF,cSSpAgNQ,245.0
1349,0,MCXOFAcE,ChOayZDF,245.0
1349,0,CrEPfbyi,MCXOFAcE,245.0
1349,0,GrmAtQAi,CrEPfbyi,245.0
1349,0,iLbIERty,GrmAtQAi,245.0
1349,0,TIlepZYr,acVCzwtl,245.0
1349,0,BmQLYaPd,TIlepZYr,29.0
1349,0,UvdLYolu,BmQLYaPd,29.0
1349,0,ZFKsyBay,UvdLYolu,29.0
1349,0,suvDbtPR,ZFKsyBay,29.0
1096,0,FrCulsqF,VYHZxBYO,1259.0
1019,0,kYVfgfZp,bLNlBUaT,162.0
1019,0,eZiXxBSP,kYVfgfZp,162.0
1019,0,SaZyOqOi,eZiXxBSP,162.0
1019,0,oRpydnwU,SaZyOqOi,234.0
1019,0,yyEOaSxi,oRpydnwU,234.0
1019,0,obftSQtS,yyEOaSxi,211.0
1029,0,rNCpaLXo,dNagXJoD,1458.0
232,0,qXMrbZDt,rxopZurY,2076.0
232,0,qOusBBOu,qXMrbZDt,2076.0
147,0,exgtgIgV,zJsEFgSs,193.0
147,0,CvtLjMFW,exgtgIgV,193.0
147,0,vSdfqYeK,CvtLjMFW,193.0
147,0,AmahvgQB,vSdfqYeK,193.0
1330,0,rxopZurY,aQxdJxqw,1108.0
1330,0,qXMrbZDt,rxopZurY,1108.0
1330,0,qOusBBOu,qXMrbZDt,1108.0
761,0,ECXJHxuC,AKaXSKPc,3767.0
761,0,mhTYFecR,ECXJHxuC,3767.0
541,0,oZJRchiN,wVKhsyCZ,34.0
541,0,ZgqhsueA,eyUKPfnA,36.0
541,0,YvwuVYMF,ZgqhsueA,36.0
541,0,FZsFzszJ,YvwuVYMF,36.0
541,0,ALhaazBT,FZsFzszJ,36.0
541,0,ejMjPdTH,ALhaazBT,36.0
1418,0,wHHoYczm,wbJSAzcX,5361.0
529,0,xiTGCYEl,cNuIRYrx,94.0
529,0,NXLrCKMp,xiTGCYEl,193.0
529,0,FyoAuDvn,NXLrCKMp,193.0
529,0,WOOyqinT,FyoAuDvn,193.0
529,0,VfTFpfzB,WOOyqinT,411.0
529,0,bZroqIhX,eTJQHplR,76.0
529,0,cNuIRYrx,bZroqIhX,76.0
1606,0,BgrWMruP,tNjBpHdR,51.0
1606,0,BlIFmvgd,BgrWMruP,51.0
1606,0,FGqBFXAc,BlIFmvgd,51.0
1606,0,MDGVFhVD,FGqBFXAc,51.0
1606,0,TjIpsyZG,MDGVFhVD,51.0
1606,0,pMhMmUyS,TjIpsyZG,51.0
1606,0,MaWmiWrW,pMhMmUyS,51.0
1606,0,XXnkNquo,MaWmiWrW,51.0
1606,0,GgMfrgKO,XiXLaJEL,19.0
1606,0,egyFOSbs,GgMfrgKO,19.0
1606,0,tNjBpHdR,egyFOSbs,19.0
232,0,ysAqwwWP,qOusBBOu,2060.0
232,0,vCxCuCVD,ysAqwwWP,2060.0
1330,0,vCxCuCVD,qOusBBOu,1104.0
1748,0,qXMrbZDt,aQxdJxqw,555.0
1748,0,qOusBBOu,qXMrbZDt,555.0
1748,0,vCxCuCVD,qOusBBOu,564.0
779,0,yHCBRtBd,xnXFAboh,4652.0
779,0,YYKDBDRS,yHCBRtBd,4652.0
779,0,CDXhVrrJ,YYKDBDRS,4652.0
992,0,vnfcOAch,pjRBTtLk,7035.0
992,0,ryJVAbFB,vnfcOAch,7035.0
992,0,ttVqQknl,ryJVAbFB,7035.0
1512,0,MlqbsUKu,AXkvSZpr,12614.0
1512,0,jaCrAUFK,MlqbsUKu,12631.0
1512,0,OyAyNkqZ,EKYbCcms,12541.0
1300,0,ntDOQspU,OpgRCgWV,9767.0
1300,0,MlqbsUKu,ntDOQspU,9790.0
1300,0,jaCrAUFK,MlqbsUKu,9789.0
1300,0,oynLwMrX,jaCrAUFK,9475.0
1300,0,EKYbCcms,oynLwMrX,8879.0
1300,0,OyAyNkqZ,EKYbCcms,8961.0
37,0,vnfcOAch,pjRBTtLk,1798.0
37,0,ryJVAbFB,vnfcOAch,1798.0
37,0,ttVqQknl,ryJVAbFB,1798.0
37,0,aZtqChJJ,ttVqQknl,1798.0
170,0,RVGhYAxc,tDDddUJb,734.0
170,0,BpAiVnps,RVGhYAxc,593.0
992,0,aZtqChJJ,ttVqQknl,7034.0
142,0,vnfcOAch,pjRBTtLk,2926.0
142,0,ryJVAbFB,vnfcOAch,2926.0
142,0,ttVqQknl,ryJVAbFB,2926.0
142,0,aZtqChJJ,ttVqQknl,2934.0
1662,0,yLVlVeFN,XGJiqzLW,144.0
1662,0,tPRfRHcU,yLVlVeFN,144.0
1662,0,gOEBySGW,tPRfRHcU,144.0
1662,0,yQTlxjhE,gOEBySGW,144.0
1662,0,OQuuHQtW,yQTlxjhE,147.0
1662,0,BZfkJyvP,OQuuHQtW,147.0
1662,0,pdLPgMHo,BZfkJyvP,147.0
1662,0,YULSfngF,pdLPgMHo,147.0
1662,0,FxdGzEpZ,YULSfngF,147.0
1662,0,xGsoSfhX,FxdGzEpZ,108.0
1662,0,MgruBUee,xGsoSfhX,108.0
1662,0,BpAiVnps,MgruBUee,108.0
80,0,yGnjFAhM,iWUiEObr,2552.0
232,0,LDSuadxM,vCxCuCVD,1965.0
796,0,ECXJHxuC,AKaXSKPc,641.0
796,0,mhTYFecR,ECXJHxuC,641.0
796,0,RZCadHVt,mhTYFecR,465.0
1440,0,vnfcOAch,pjRBTtLk,755.0
1440,0,ryJVAbFB,vnfcOAch,755.0
1440,0,ttVqQknl,ryJVAbFB,755.0
1440,0,aZtqChJJ,ttVqQknl,778.0
1440,0,wrFiwNtD,aZtqChJJ,779.0
1606,0,ZHlwRpuy,XXnkNquo,29.0
1606,0,kOgbwYhI,ZHlwRpuy,29.0
1606,0,LXShvwrY,kOgbwYhI,29.0
1606,0,TvvslWVF,LXShvwrY,29.0
1606,0,SgXyhVwd,TvvslWVF,25.0
1606,0,fPhIOSOj,SgXyhVwd,25.0
1606,0,PQDqFTyk,fPhIOSOj,25.0
1606,0,SOzmnmNW,PQDqFTyk,25.0
1606,0,OhBAPvsb,SOzmnmNW,25.0
1462,0,IIbmZtwl,SKQEJtAl,199.0
1462,0,TmzVTgQO,IIbmZtwl,199.0
1462,0,uQwuZjYR,TmzVTgQO,199.0
1462,0,pfDsKqbP,uQwuZjYR,199.0
1462,0,GKBCzMbq,pfDsKqbP,198.0
1462,0,orpkgmYq,GKBCzMbq,198.0
1462,0,RXuaQdiQ,orpkgmYq,198.0
1462,0,bmqZcfhO,RXuaQdiQ,184.0
1462,0,lUWTaWkd,bmqZcfhO,184.0
72,0,NnzcSqlk,MULNmVBJ,16.0
37,0,deapEAbC,aZtqChJJ,1401.0
992,0,deapEAbC,aZtqChJJ,6252.0
369,0,vnfcOAch,pjRBTtLk,2893.0
369,0,ryJVAbFB,vnfcOAch,2893.0
369,0,ttVqQknl,ryJVAbFB,2893.0
369,0,aZtqChJJ,ttVqQknl,2893.0
369,0,deapEAbC,aZtqChJJ,2893.0
142,0,wrFiwNtD,aZtqChJJ,2824.0
142,0,deapEAbC,wrFiwNtD,2844.0
1446,0,dHuMOmqh,LDSuadxM,925.0
1446,0,kVCEAUTv,dHuMOmqh,925.0
1446,0,LsuNFzpq,kVCEAUTv,925.0
1446,0,JZbiEaEt,LsuNFzpq,925.0
1446,0,RchOKnYD,JZbiEaEt,925.0
1446,0,BMDeXhVp,RchOKnYD,925.0
1446,0,jQytwadI,BMDeXhVp,925.0
1459,0,BxmxkKGC,RTafItqF,1134.0
1459,0,lfmzBYXb,BxmxkKGC,1134.0
1459,0,TQhrUKrf,lfmzBYXb,1134.0
1459,0,hFISFuCO,TQhrUKrf,1134.0
1459,0,IJrmTLNf,hFISFuCO,1134.0
1459,0,byRkdSCW,IJrmTLNf,1134.0
1459,0,fQRLOpha,byRkdSCW,1134.0
1459,0,PXPVuGmP,fQRLOpha,1134.0
1459,0,JpcivbxC,PXPVuGmP,1134.0
1459,0,IulxyPoH,JpcivbxC,1134.0
1459,0,llFTEWtD,IulxyPoH,1134.0
1459,0,TvvslWVF,llFTEWtD,1134.0
1459,0,SgXyhVwd,TvvslWVF,1011.0
1459,0,fPhIOSOj,SgXyhVwd,1011.0
1459,0,PQDqFTyk,fPhIOSOj,1011.0
1459,0,SOzmnmNW,PQDqFTyk,1011.0
1459,0,OhBAPvsb,SOzmnmNW,1011.0
1459,0,HqehCtdr,OhBAPvsb,1011.0
1459,0,dHuMOmqh,HqehCtdr,1011.0
1459,0,kVCEAUTv,dHuMOmqh,1011.0
1459,0,LsuNFzpq,kVCEAUTv,782.0
1459,0,JZbiEaEt,LsuNFzpq,781.0
1459,0,RchOKnYD,JZbiEaEt,706.0
1459,0,BMDeXhVp,RchOKnYD,706.0
1459,0,jQytwadI,BMDeXhVp,706.0
1395,0,QHFmFyLR,EkWBPXmr,91.0
1395,0,neNWquOh,QHFmFyLR,91.0
1395,0,KwaxxmSs,neNWquOh,91.0
1395,0,gzZgDndk,KwaxxmSs,124.0
1395,0,NQaaFyOm,gzZgDndk,199.0
1395,0,iPNesxKP,NQaaFyOm,201.0
1395,0,lctVuVOk,iPNesxKP,258.0
1395,0,EocVuyzS,lctVuVOk,258.0
1395,0,lwcIkPvE,EocVuyzS,258.0
1395,0,suszCmcx,lwcIkPvE,258.0
1395,0,UTBcifAN,suszCmcx,258.0
1395,0,HQVZivsH,UTBcifAN,443.0
1395,0,DeiIsjyA,HQVZivsH,443.0
1395,0,anWZyaGW,DeiIsjyA,476.0
47,0,paIawFeA,nIakFMcq,6809.0
47,0,bmUdUOzs,paIawFeA,6881.0
725,0,HezLsNFQ,tyeyrnYi,998.0
464,0,oXQrzcje,gHWJyJxY,2544.0
464,0,fyqDJAhS,oXQrzcje,2056.0
1486,0,qtbZyrFG,AKaXSKPc,245.0
1486,0,ECXJHxuC,qtbZyrFG,245.0
1486,0,mhTYFecR,ECXJHxuC,245.0
1512,0,XiXLaJEL,OyAyNkqZ,12225.0
1512,0,vyojaKRU,XiXLaJEL,8703.0
1512,0,puwcRgFs,vyojaKRU,8972.0
1512,0,ojqTFFWy,puwcRgFs,4864.0
1512,0,SEVBrkvc,ojqTFFWy,3573.0
1512,0,qPtpgxic,SEVBrkvc,3413.0
1512,0,gGkadTNm,qPtpgxic,1795.0
1512,0,CbcrfuAf,gGkadTNm,1711.0
779,0,lOyAoICg,CbcrfuAf,8030.0
779,0,GpOUDfXM,lOyAoICg,8030.0
779,0,UTnQirag,GpOUDfXM,7708.0
779,0,tkWZZFES,UTnQirag,7708.0
779,0,JKUqFAhf,tkWZZFES,7399.0
47,0,ojqTFFWy,bmUdUOzs,7339.0
779,0,SEVBrkvc,ojqTFFWy,402.0
779,0,KzCxlBoL,SEVBrkvc,453.0
779,0,qPtpgxic,KzCxlBoL,453.0
779,0,RyPegcUV,qPtpgxic,750.0
779,0,gGkadTNm,RyPegcUV,750.0
779,0,CbcrfuAf,gGkadTNm,1079.0
1434,0,FoqpqGcp,QhiYKyAt,3724.0
1434,0,NNeqXfIi,FoqpqGcp,4679.0
1434,0,wbJSAzcX,NNeqXfIi,4680.0
1434,0,wHHoYczm,wbJSAzcX,4740.0
1434,0,JPWycazw,wHHoYczm,5023.0
1434,0,SapgsLPr,JPWycazw,5023.0
1434,0,OyAyNkqZ,SapgsLPr,5143.0
1434,0,XiXLaJEL,OyAyNkqZ,6687.0
1434,0,fzSWURzx,XiXLaJEL,7916.0
1434,0,vyojaKRU,fzSWURzx,7950.0
1434,0,puwcRgFs,vyojaKRU,8007.0
1434,0,zjKsBdNQ,puwcRgFs,8017.0
1434,0,ojqTFFWy,zjKsBdNQ,8017.0
1434,0,RTafItqF,ojqTFFWy,8017.0
1434,0,SEVBrkvc,RTafItqF,10374.0
1434,0,KzCxlBoL,SEVBrkvc,9211.0
1434,0,qPtpgxic,KzCxlBoL,9211.0
1434,0,RyPegcUV,qPtpgxic,6096.0
1434,0,gGkadTNm,RyPegcUV,4833.0
1434,0,CbcrfuAf,gGkadTNm,4607.0
1418,0,JPWycazw,wHHoYczm,4994.0
1418,0,XiXLaJEL,OyAyNkqZ,3842.0
1418,0,fzSWURzx,XiXLaJEL,995.0
1418,0,vyojaKRU,fzSWURzx,869.0
1418,0,puwcRgFs,vyojaKRU,227.0
1418,0,zjKsBdNQ,puwcRgFs,227.0
1418,0,ojqTFFWy,zjKsBdNQ,227.0
761,0,lUWTaWkd,NnzcSqlk,4147.0
761,0,glrALKnP,lUWTaWkd,4392.0
1682,0,rIWwRQFx,HkgLsGZV,137.0
1682,0,cfakSbWj,rIWwRQFx,137.0
1682,0,oAtDCozl,cfakSbWj,137.0
1682,0,cbQZDOwf,oAtDCozl,142.0
1682,0,lrlWhBjT,cbQZDOwf,142.0
1682,0,KoIahnfw,lrlWhBjT,142.0
1682,0,TVdcjRlg,KoIahnfw,142.0
1682,0,HDoiyQXO,TVdcjRlg,146.0
1682,0,brwCoXzb,HDoiyQXO,158.0
1682,0,LZThInHz,brwCoXzb,158.0
1682,0,whTcIvgZ,LZThInHz,158.0
1682,0,NKGBUaFm,whTcIvgZ,155.0
1682,0,qrkdOgPU,NKGBUaFm,214.0
778,0,OXvlrfnG,iZfXNAue,1900.0
778,0,CgMBzfIg,OXvlrfnG,2049.0
778,0,BCwVkMhO,CgMBzfIg,2049.0
778,0,MpBHVRZl,BCwVkMhO,2049.0
778,0,zEOiVqLB,MpBHVRZl,2049.0
778,0,JvovwZNp,zEOiVqLB,1801.0
778,0,XUTqNKWc,JvovwZNp,1690.0
778,0,sPGYwoyj,XUTqNKWc,1690.0
778,0,OeZVKJdr,sPGYwoyj,1690.0
778,0,lhSIyIfw,OeZVKJdr,1662.0
778,0,cgSMZptb,lhSIyIfw,1662.0
778,0,fdwLSfsa,cgSMZptb,1662.0
778,0,wuAzVrCW,fdwLSfsa,1070.0
778,0,mRKfPREJ,wuAzVrCW,1070.0
778,0,HeRuYpNs,mRKfPREJ,1070.0
778,0,qRJySzaf,HeRuYpNs,943.0
778,0,LTfflVxG,qRJySzaf,943.0
780,0,zEOiVqLB,MpBHVRZl,1136.0
780,0,JvovwZNp,zEOiVqLB,2432.0
780,0,XUTqNKWc,JvovwZNp,2432.0
780,0,cgSMZptb,lhSIyIfw,4052.0
1300,0,XiXLaJEL,OyAyNkqZ,8783.0
1300,0,puwcRgFs,XiXLaJEL,11835.0
1300,0,ojqTFFWy,puwcRgFs,8994.0
1300,0,SEVBrkvc,ojqTFFWy,9824.0
1300,0,KzCxlBoL,SEVBrkvc,9678.0
1300,0,qPtpgxic,KzCxlBoL,9678.0
1300,0,gGkadTNm,qPtpgxic,10179.0
1300,0,CbcrfuAf,gGkadTNm,10019.0
1263,0,XiXLaJEL,OyAyNkqZ,9559.0
1263,0,fzSWURzx,XiXLaJEL,5894.0
1263,0,vyojaKRU,fzSWURzx,5363.0
1263,0,puwcRgFs,vyojaKRU,4546.0
1263,0,zjKsBdNQ,puwcRgFs,1430.0
1263,0,ojqTFFWy,zjKsBdNQ,1430.0
835,0,XiXLaJEL,OyAyNkqZ,5020.0
804,0,ZeFKXxfu,fNoKcjVu,240.0
804,0,wYWONrrr,ZeFKXxfu,341.0
804,0,jTofnsvB,wYWONrrr,341.0
804,0,elmHqfIN,jTofnsvB,383.0
804,0,YhQOzAWJ,elmHqfIN,383.0
804,0,zUgDRwiy,YhQOzAWJ,706.0
804,0,okaePkJr,zUgDRwiy,869.0
804,0,PgJqeYYy,okaePkJr,869.0
804,0,cQQRUhUD,PgJqeYYy,1062.0
804,0,ZpXtMmnA,cQQRUhUD,1062.0
804,0,DgJlPOry,ZpXtMmnA,1062.0
804,0,inAMLXyk,DgJlPOry,1062.0
804,0,AKaXSKPc,inAMLXyk,1062.0
804,0,HdtICUKG,AKaXSKPc,1093.0
804,0,mhTYFecR,HdtICUKG,1093.0
835,0,GgMfrgKO,XiXLaJEL,3074.0
835,0,tNjBpHdR,GgMfrgKO,2742.0
427,0,sUYaNmKG,mnkgCFDT,1372.0
427,0,ntDOQspU,sUYaNmKG,1372.0
427,0,MlqbsUKu,ntDOQspU,1372.0
427,0,jaCrAUFK,MlqbsUKu,1352.0
427,0,EKYbCcms,jaCrAUFK,1297.0
427,0,OyAyNkqZ,EKYbCcms,1098.0
427,0,XiXLaJEL,OyAyNkqZ,1098.0
318,0,YvLYpMPH,POdtxoZm,3290.0
318,0,DjKGsdyb,YvLYpMPH,3809.0
318,0,ExPvCHrU,DjKGsdyb,3706.0
318,0,OCwYbEnq,ExPvCHrU,3704.0
318,0,rsJSqETv,OCwYbEnq,3672.0
318,0,nrUfCQxz,rsJSqETv,3672.0
318,0,lOtREfVG,AmahvgQB,2058.0
227,0,eTJQHplR,zAwPDfkg,1.0
204,0,yfzTmEfw,QgwCgjAi,771.0
204,0,mBSaKJib,yfzTmEfw,771.0
204,0,ggaXnTUz,mBSaKJib,815.0
204,0,zJsEFgSs,ggaXnTUz,815.0
204,0,exgtgIgV,zJsEFgSs,832.0
204,0,CvtLjMFW,exgtgIgV,832.0
204,0,vSdfqYeK,CvtLjMFW,826.0
204,0,lOtREfVG,vSdfqYeK,826.0
1275,0,qQrteapK,lqMPnIra,1411.0
1275,0,sZwmfbNt,qQrteapK,1411.0
1275,0,oBjbzljy,sZwmfbNt,1262.0
1275,0,aYSqaQmJ,oBjbzljy,1262.0
1275,0,zgCGmKZn,aYSqaQmJ,1209.0
1275,0,JKFFGKvY,zgCGmKZn,1114.0
1275,0,EVAUYvVR,JKFFGKvY,1114.0
1275,0,GYfZYaJh,EVAUYvVR,1114.0
1275,0,OpgRCgWV,GYfZYaJh,1096.0
1275,0,ntDOQspU,OpgRCgWV,1096.0
1275,0,MlqbsUKu,ntDOQspU,1096.0
1275,0,jaCrAUFK,MlqbsUKu,1089.0
1275,0,EKYbCcms,jaCrAUFK,1084.0
1275,0,OyAyNkqZ,EKYbCcms,1084.0
1275,0,XiXLaJEL,OyAyNkqZ,1084.0
1568,0,qOuhMtTj,xOhGqygU,12158.0
1568,0,KCvWJpxq,qOuhMtTj,11415.0
804,0,NXLrCKMp,xiTGCYEl,150.0
804,0,FyoAuDvn,NXLrCKMp,150.0
804,0,GpnhEWuy,FyoAuDvn,184.0
804,0,fNoKcjVu,GpnhEWuy,184.0
804,0,jPdkntFF,mhTYFecR,1424.0
1606,0,dEaSAGSX,OhBAPvsb,22.0
1607,0,qtwbUNdN,afEeEQRA,63.0
1607,0,sLhwHcwM,qtwbUNdN,63.0
1607,0,gcDZQasu,sLhwHcwM,63.0
1607,0,WrRzSDVz,gcDZQasu,63.0
1607,0,FGqBFXAc,WrRzSDVz,63.0
1607,0,gCZfLTyw,FGqBFXAc,63.0
1607,0,JbEMfubM,gCZfLTyw,63.0
1607,0,aImltWBw,JbEMfubM,63.0
1607,0,lUWTaWkd,RZCadHVt,28.0
1607,0,hApOmpAO,lUWTaWkd,28.0
1607,0,glrALKnP,hApOmpAO,28.0
1607,0,qehlKNkR,glrALKnP,28.0
1607,0,ZFFevgPB,qehlKNkR,28.0
1607,0,YBasMniA,ZFFevgPB,28.0
1607,0,FgFNxkEY,YBasMniA,28.0
1607,0,YFmNKhTV,FgFNxkEY,28.0
1607,0,WtbGlmGs,YFmNKhTV,28.0
1607,0,afEeEQRA,WtbGlmGs,28.0
1083,0,vyojaKRU,eaNsVWDR,980.0
1607,0,RZCadHVt,ERlrnknW,25.0
75,0,rilZLDfI,TzZKgVDl,911.0
75,0,kTKiYpVR,rilZLDfI,925.0
75,0,bjpXdchK,kTKiYpVR,270.0
75,0,dEgXqWEW,bjpXdchK,270.0
75,0,ZWGREbnj,dEgXqWEW,270.0
75,0,cgIzawVB,ZWGREbnj,270.0
75,0,CbYTLXWK,cgIzawVB,267.0
75,0,kWrGTFqC,CbYTLXWK,267.0
75,0,ubEwIGdf,kWrGTFqC,255.0
75,0,aBKtLgYB,ubEwIGdf,255.0
75,0,qduHdsCL,aBKtLgYB,255.0
75,0,GYMzAvFw,qduHdsCL,255.0
75,0,VXAxIwYs,GYMzAvFw,255.0
75,0,ZHWKFCEn,VXAxIwYs,256.0
75,0,ljcnUKfU,ZHWKFCEn,236.0
75,0,ngHHCDQb,ljcnUKfU,236.0
75,0,gKNaWgzA,ngHHCDQb,229.0
75,0,mTKelVZs,gKNaWgzA,229.0
75,0,xjlhzjUh,mTKelVZs,227.0
75,0,fGCuvnjJ,xjlhzjUh,224.0
75,0,CsZszdUY,fGCuvnjJ,224.0
75,0,GFWgXvCF,CsZszdUY,224.0
75,0,TFRpjaAo,GFWgXvCF,224.0
75,0,JhdinCeD,TFRpjaAo,223.0
75,0,ZIieNEvD,JhdinCeD,223.0
75,0,jvLymITs,ZIieNEvD,223.0
75,0,jJVVpGMf,jvLymITs,223.0
75,0,tcYerYbk,jJVVpGMf,223.0
75,0,pPKqPUVW,tcYerYbk,223.0
75,0,iYTiOTOT,pPKqPUVW,223.0
75,0,dLtneiKf,iYTiOTOT,223.0
75,0,slfxTuih,dLtneiKf,223.0
75,0,XFPAZveS,slfxTuih,210.0
564,0,lUWTaWkd,RZCadHVt,194.0
564,0,hApOmpAO,lUWTaWkd,351.0
564,0,glrALKnP,hApOmpAO,351.0
564,0,FHApcaDQ,glrALKnP,818.0
1330,0,lUWTaWkd,vCxCuCVD,560.0
796,0,lUWTaWkd,RZCadHVt,308.0
796,0,glrALKnP,lUWTaWkd,308.0
1452,0,lUWTaWkd,mhTYFecR,6324.0
804,0,gQTRJpmv,jPdkntFF,1420.0
1748,0,NnzcSqlk,vCxCuCVD,467.0
1748,0,qehlKNkR,NnzcSqlk,507.0
1748,0,ZFFevgPB,qehlKNkR,507.0
1452,0,sZNeRfOC,YBasMniA,6607.0
1452,0,HajxumVd,sZNeRfOC,6607.0
564,0,gKNaWgzA,ngHHCDQb,540.0
564,0,mTKelVZs,gKNaWgzA,540.0
564,0,xjlhzjUh,mTKelVZs,536.0
564,0,fGCuvnjJ,xjlhzjUh,773.0
564,0,CsZszdUY,fGCuvnjJ,773.0
564,0,OqBnJDkE,CsZszdUY,773.0
564,0,ajCBPuBp,OqBnJDkE,773.0
80,0,sAYtjSkX,yGnjFAhM,2685.0
779,0,qKwvXMmm,uxBjVsKf,1182.0
779,0,BNQPEsdW,qKwvXMmm,1182.0
779,0,beniIHzL,BNQPEsdW,1174.0
77,0,yOopALph,IGRxApsM,35.0
835,0,FGqBFXAc,tNjBpHdR,56.0
1702,0,ALndweLA,BYibysYA,904.0
796,0,qehlKNkR,glrALKnP,281.0
796,0,sZNeRfOC,qehlKNkR,281.0
796,0,HajxumVd,sZNeRfOC,281.0
1486,0,qehlKNkR,mhTYFecR,65.0
1486,0,ZFFevgPB,qehlKNkR,65.0
1486,0,sZNeRfOC,ZFFevgPB,65.0
1486,0,HajxumVd,sZNeRfOC,65.0
1748,0,sZNeRfOC,ZFFevgPB,403.0
1748,0,HajxumVd,sZNeRfOC,403.0
1452,0,hApOmpAO,lUWTaWkd,6310.0
1452,0,qehlKNkR,hApOmpAO,6310.0
1452,0,ZFFevgPB,qehlKNkR,6310.0
1452,0,YBasMniA,ZFFevgPB,6310.0
1440,0,lUWTaWkd,RZCadHVt,86.0
1440,0,hApOmpAO,lUWTaWkd,86.0
1440,0,qehlKNkR,hApOmpAO,86.0
1440,0,ZFFevgPB,qehlKNkR,86.0
1440,0,sZNeRfOC,ZFFevgPB,86.0
1440,0,HajxumVd,sZNeRfOC,86.0
1462,0,hApOmpAO,lUWTaWkd,150.0
1462,0,qehlKNkR,hApOmpAO,150.0
1462,0,ZFFevgPB,qehlKNkR,150.0
1462,0,YBasMniA,ZFFevgPB,150.0
1462,0,sZNeRfOC,YBasMniA,150.0
1462,0,HajxumVd,sZNeRfOC,150.0
804,0,BGrlRyyC,gQTRJpmv,719.0
564,0,rydzAjNc,FHApcaDQ,396.0
564,0,cekWZWmD,rydzAjNc,396.0
564,0,ngHHCDQb,cekWZWmD,396.0
142,0,nunLDRbE,deapEAbC,981.0
142,0,oRUBDfuD,nunLDRbE,981.0
142,0,qQJgvOFz,oRUBDfuD,981.0
142,0,qVPPKIYf,qQJgvOFz,901.0
142,0,zvByLoIK,qVPPKIYf,881.0
804,0,WLRLSlmn,BGrlRyyC,657.0
75,0,EWgolfjF,HGpTnntY,955.0
75,0,TzZKgVDl,EWgolfjF,735.0
75,0,zzxlwhdI,wssOAckJ,7.0
75,0,HGpTnntY,zzxlwhdI,151.0
564,0,LhQSpAzy,ajCBPuBp,674.0
564,0,pwpCkicC,LhQSpAzy,674.0
1452,0,tyrVGRMU,HajxumVd,6587.0
1452,0,LhQSpAzy,tyrVGRMU,6620.0
1452,0,pwpCkicC,LhQSpAzy,6620.0
562,0,TEuwlied,dqlcNUVh,31.0
804,0,gDjMHgkU,WLRLSlmn,617.0
74,0,DksUClXl,oAtDCozl,165.0
74,0,CJfGjHZT,DksUClXl,165.0
74,0,oAltlCRB,CJfGjHZT,165.0
74,0,FfkqCuZM,oAltlCRB,165.0
74,0,okgTpqCg,FfkqCuZM,165.0
74,0,IKzXRYHu,okgTpqCg,166.0
74,0,adAJVrkD,IKzXRYHu,166.0
74,0,TbPzKyew,adAJVrkD,168.0
74,0,SXdGhQsI,TbPzKyew,168.0
74,0,gDjMHgkU,SXdGhQsI,168.0
365,0,BgwdUHsv,ysSWNERo,4.0
365,0,lEwLedpG,BgwdUHsv,4.0
365,0,lQIpGOTn,lEwLedpG,3.0
365,0,uhUmvvRs,lQIpGOTn,3.0
365,0,GgLRqpEG,uhUmvvRs,3.0
365,0,WFZVQzrl,GgLRqpEG,3.0
365,0,tRncbstl,WFZVQzrl,3.0
365,0,QDIpIlEK,tRncbstl,3.0
365,0,GpnhEWuy,QDIpIlEK,3.0
365,0,rRGVruPM,GpnhEWuy,3.0
37,0,nunLDRbE,deapEAbC,417.0
37,0,oRUBDfuD,nunLDRbE,417.0
37,0,qQJgvOFz,oRUBDfuD,417.0
37,0,qVPPKIYf,qQJgvOFz,417.0
37,0,osIslFBH,qVPPKIYf,412.0
565,0,vcCubJJz,ykEzhWPm,521.0
565,0,CJfGjHZT,vcCubJJz,521.0
565,0,oAltlCRB,CJfGjHZT,521.0
565,0,FfkqCuZM,oAltlCRB,521.0
565,0,lfmzBYXb,BxmxkKGC,413.0
565,0,TQhrUKrf,lfmzBYXb,413.0
565,0,hFISFuCO,TQhrUKrf,413.0
565,0,IJrmTLNf,hFISFuCO,413.0
565,0,byRkdSCW,IJrmTLNf,413.0
565,0,fQRLOpha,byRkdSCW,413.0
565,0,PXPVuGmP,fQRLOpha,440.0
565,0,ykEzhWPm,PXPVuGmP,440.0
565,0,BxmxkKGC,ojqTFFWy,261.0
1461,0,BxmxkKGC,RTafItqF,19.0
1461,0,TQhrUKrf,BxmxkKGC,19.0
1461,0,hFISFuCO,TQhrUKrf,19.0
1461,0,IJrmTLNf,hFISFuCO,19.0
1461,0,byRkdSCW,IJrmTLNf,19.0
1461,0,fQRLOpha,byRkdSCW,19.0
1461,0,PXPVuGmP,fQRLOpha,19.0
1461,0,JpcivbxC,PXPVuGmP,19.0
1461,0,IulxyPoH,JpcivbxC,19.0
1461,0,llFTEWtD,IulxyPoH,19.0
1461,0,TvvslWVF,llFTEWtD,19.0
1461,0,SgXyhVwd,TvvslWVF,19.0
1461,0,fPhIOSOj,SgXyhVwd,19.0
1461,0,SOzmnmNW,fPhIOSOj,19.0
1461,0,OhBAPvsb,SOzmnmNW,19.0
1461,0,fgmiKawi,OhBAPvsb,19.0
1461,0,kVCEAUTv,fgmiKawi,19.0
1461,0,LsuNFzpq,kVCEAUTv,19.0
1461,0,aJJPOUlY,LsuNFzpq,19.0
1461,0,MMyysWzk,aJJPOUlY,19.0
1461,0,LrboGrTs,MMyysWzk,19.0
1461,0,HYTJJriR,LrboGrTs,19.0
1461,0,fjkEEKNz,HYTJJriR,19.0
1461,0,vqmUkLVA,fjkEEKNz,19.0
80,0,yhYCDbZJ,sAYtjSkX,2427.0
80,0,ebBIwNsf,yhYCDbZJ,2427.0
992,0,nunLDRbE,deapEAbC,8231.0
992,0,oRUBDfuD,nunLDRbE,8231.0
992,0,qQJgvOFz,oRUBDfuD,8231.0
992,0,kbNsckqG,qQJgvOFz,8247.0
804,0,rpBBoUBR,gDjMHgkU,309.0
804,0,WwOeNuda,rpBBoUBR,309.0
804,0,KFegxKuC,WwOeNuda,309.0
804,0,aVjeFnZb,KFegxKuC,309.0
804,0,fvPlIFug,aVjeFnZb,309.0
1440,0,LhQSpAzy,HajxumVd,74.0
1440,0,pwpCkicC,LhQSpAzy,74.0
561,0,rIWwRQFx,HkgLsGZV,1992.0
561,0,cfakSbWj,rIWwRQFx,1992.0
561,0,oAtDCozl,cfakSbWj,1992.0
561,0,lfmzBYXb,BxmxkKGC,1805.0
561,0,TQhrUKrf,lfmzBYXb,1805.0
561,0,hFISFuCO,TQhrUKrf,1805.0
561,0,IJrmTLNf,hFISFuCO,1805.0
561,0,byRkdSCW,IJrmTLNf,1805.0
561,0,HkgLsGZV,byRkdSCW,1805.0
561,0,BxmxkKGC,ojqTFFWy,1644.0
796,0,LhQSpAzy,HajxumVd,26.0
796,0,pwpCkicC,LhQSpAzy,26.0
561,0,cbQZDOwf,oAtDCozl,1863.0
992,0,VHmQaoRO,kbNsckqG,8239.0
369,0,nunLDRbE,deapEAbC,2645.0
369,0,oRUBDfuD,nunLDRbE,2645.0
369,0,qQJgvOFz,oRUBDfuD,2645.0
369,0,kbNsckqG,qQJgvOFz,2645.0
369,0,VHmQaoRO,kbNsckqG,2645.0
779,0,NTCwKKsF,JKUqFAhf,5644.0
779,0,xnXFAboh,NTCwKKsF,5644.0
780,0,JMPYaKbU,IGRxApsM,1229.0
1178,0,izUAPpdi,xyBTaHvp,5695.0
1178,0,FVYwGhLu,izUAPpdi,5695.0
1178,0,cNWTidvb,FVYwGhLu,5609.0
1591,0,ciAbSxQX,TEKQTTfp,151.0
1591,0,ZIPCqImv,ciAbSxQX,98.0
1591,0,aWNaUdzp,ZIPCqImv,98.0
1591,0,FCsbIOBe,aWNaUdzp,77.0
1591,0,wyEQXfIU,FCsbIOBe,77.0
1591,0,gGjwcdJB,wyEQXfIU,77.0
567,0,rIWwRQFx,HkgLsGZV,58.0
567,0,cfakSbWj,rIWwRQFx,58.0
567,0,oAtDCozl,cfakSbWj,58.0
567,0,cbQZDOwf,oAtDCozl,58.0
567,0,lrlWhBjT,cbQZDOwf,58.0
567,0,KoIahnfw,lrlWhBjT,59.0
567,0,seSDLBYx,KoIahnfw,59.0
567,0,aBkDdFJm,seSDLBYx,59.0
567,0,UKIbRYBp,aBkDdFJm,59.0
567,0,wdXbjior,UKIbRYBp,59.0
567,0,rkDXPoao,wdXbjior,59.0
567,0,VMeHkHot,rkDXPoao,61.0
567,0,hpqGMkEd,VMeHkHot,61.0
567,0,ugwdZZUk,hpqGMkEd,61.0
1557,0,ugwdZZUk,ArfZenbk,2541.0
567,0,BxmxkKGC,ojqTFFWy,45.0
567,0,lfmzBYXb,BxmxkKGC,49.0
567,0,TQhrUKrf,lfmzBYXb,57.0
567,0,hFISFuCO,TQhrUKrf,57.0
567,0,IJrmTLNf,hFISFuCO,57.0
567,0,byRkdSCW,IJrmTLNf,57.0
567,0,HkgLsGZV,byRkdSCW,57.0
1557,0,yNIUaSyZ,cNuIRYrx,340.0
1557,0,xiTGCYEl,yNIUaSyZ,340.0
1557,0,NXLrCKMp,xiTGCYEl,399.0
1557,0,FyoAuDvn,NXLrCKMp,399.0
1557,0,GpnhEWuy,FyoAuDvn,505.0
1557,0,fNoKcjVu,GpnhEWuy,511.0
1557,0,ZeFKXxfu,fNoKcjVu,670.0
1557,0,wYWONrrr,ZeFKXxfu,686.0
1557,0,jTofnsvB,wYWONrrr,686.0
1557,0,YhQOzAWJ,jTofnsvB,1459.0
1557,0,mexFgKBp,YhQOzAWJ,1459.0
1557,0,okaePkJr,mexFgKBp,1631.0
1557,0,PgJqeYYy,okaePkJr,1928.0
1557,0,cQQRUhUD,PgJqeYYy,1966.0
1557,0,ZpXtMmnA,cQQRUhUD,1966.0
1557,0,inAMLXyk,ZpXtMmnA,2314.0
1557,0,nTEapSQO,inAMLXyk,2314.0
1557,0,AKaXSKPc,nTEapSQO,2314.0
1557,0,HdtICUKG,AKaXSKPc,2320.0
1557,0,qtbZyrFG,HdtICUKG,2320.0
1557,0,ECXJHxuC,qtbZyrFG,2320.0
1557,0,mhTYFecR,ECXJHxuC,2320.0
1557,0,ODVCvUnB,mhTYFecR,2458.0
1557,0,jPdkntFF,ODVCvUnB,2458.0
1557,0,gQTRJpmv,jPdkntFF,2459.0
1557,0,WLRLSlmn,gQTRJpmv,2474.0
1557,0,ArfZenbk,WLRLSlmn,2480.0
129,0,WdOwNGhj,xfbmoJHP,227.0
129,0,kKKRBhFF,WdOwNGhj,227.0
129,0,NFInfBeu,kKKRBhFF,227.0
129,0,VCQdmIoF,NFInfBeu,227.0
129,0,ePrpofUw,VCQdmIoF,227.0
129,0,KcvPUxQg,ePrpofUw,227.0
129,0,BlnSxBAr,KcvPUxQg,227.0
129,0,TCBUGaZf,BlnSxBAr,227.0
129,0,pzcCDVmZ,TCBUGaZf,227.0
129,0,oUmVLfUX,pzcCDVmZ,227.0
129,0,fJdABIlw,oUmVLfUX,227.0
129,0,mXwfazRz,fJdABIlw,227.0
129,0,NGAodVTg,mXwfazRz,227.0
129,0,TvGyfQSI,NGAodVTg,227.0
129,0,HFYkXdPG,TvGyfQSI,227.0
129,0,KjgVoxgR,HFYkXdPG,227.0
129,0,xTOrUJFO,KjgVoxgR,221.0
129,0,EmkugZPX,xTOrUJFO,221.0
129,0,lmZJehpq,EmkugZPX,221.0
129,0,tDDddUJb,lmZJehpq,221.0
567,0,oTJYLjwC,ugwdZZUk,51.0
1183,0,ABBXwUbo,wuDdaesk,118.0
1124,0,wRBXcbqq,WhRBEXGR,82.0
1175,0,QEnOoljA,pYAYKpHc,1127.0
1175,0,aLyOqIFS,QEnOoljA,1043.0
1175,0,UmISPPJO,aLyOqIFS,985.0
1175,0,VPUbGzfh,UmISPPJO,985.0
1175,0,MVExtcyL,VPUbGzfh,985.0
1175,0,bciZjPUu,MVExtcyL,985.0
1175,0,ogOCBKAf,bciZjPUu,935.0
1205,0,bHagonKv,uGkwFELU,15.0
1205,0,Vlipnutt,bHagonKv,8.0
1205,0,XiLvnZTk,Vlipnutt,8.0
1205,0,FStgRiBS,XiLvnZTk,8.0
1205,0,GkYZbgqg,FStgRiBS,8.0
1205,0,FlYjxOxQ,GkYZbgqg,8.0
1205,0,wFSILCzc,FlYjxOxQ,8.0
1205,0,yQQuLFAg,wFSILCzc,8.0
1205,0,rUKSlFeh,yQQuLFAg,8.0
1205,0,rckblBTM,rUKSlFeh,8.0
1205,0,gKoyUmab,rckblBTM,8.0
1205,0,fGmFhgnx,gKoyUmab,8.0
1205,0,XyHfgUxW,fGmFhgnx,8.0
1205,0,zjjLSYAp,XyHfgUxW,8.0
1205,0,nIakFMcq,zjjLSYAp,8.0
1174,0,aLyOqIFS,QEnOoljA,1669.0
1174,0,UmISPPJO,aLyOqIFS,1669.0
1174,0,VPUbGzfh,UmISPPJO,1786.0
1174,0,MVExtcyL,VPUbGzfh,1786.0
401,0,bYNwHuWo,KjiBWoqR,1451.0
401,0,MFfExqBx,bYNwHuWo,1469.0
401,0,qWvzRbGV,MFfExqBx,1381.0
401,0,PRzaSxQc,qWvzRbGV,1381.0
401,0,bfKiOFsS,PRzaSxQc,1381.0
401,0,eGbCulMV,bfKiOFsS,1381.0
401,0,CRVKBFrv,eGbCulMV,1381.0
1168,0,XBBRJpEo,iqwUvhKg,44.0
1168,0,yfDSCLNC,XBBRJpEo,42.0
1168,0,eUWmFhmU,yfDSCLNC,42.0
1168,0,PaIXMFSn,eUWmFhmU,42.0
1168,0,xWjNpCho,PaIXMFSn,42.0
1168,0,drCNaUUd,xWjNpCho,38.0
1168,0,GiLGTLpB,drCNaUUd,38.0
1168,0,uCrZVfKw,GiLGTLpB,38.0
1168,0,ibPVFfKv,uCrZVfKw,31.0
1168,0,MokitPrF,ibPVFfKv,31.0
1168,0,WWVpYMJI,MokitPrF,31.0
1168,0,UmISPPJO,WWVpYMJI,30.0
1168,0,VPUbGzfh,UmISPPJO,30.0
1168,0,MVExtcyL,VPUbGzfh,30.0
1168,0,bciZjPUu,MVExtcyL,30.0
1168,0,ogOCBKAf,bciZjPUu,30.0
1171,0,aLyOqIFS,QEnOoljA,141.0
1171,0,UmISPPJO,aLyOqIFS,141.0
1171,0,VPUbGzfh,UmISPPJO,141.0
1171,0,MVExtcyL,VPUbGzfh,141.0
1171,0,bciZjPUu,MVExtcyL,141.0
1171,0,ogOCBKAf,bciZjPUu,133.0
561,0,lrlWhBjT,cbQZDOwf,1862.0
427,0,vyojaKRU,XiXLaJEL,1019.0
427,0,puwcRgFs,vyojaKRU,995.0
427,0,ojqTFFWy,puwcRgFs,731.0
566,0,LjfvDYFE,IANlmbvg,4.0
566,0,VEafRBFt,LjfvDYFE,7.0
566,0,EPhoDTHz,VEafRBFt,7.0
566,0,WGPbPoOh,EPhoDTHz,7.0
566,0,avbDVyxh,WGPbPoOh,5.0
566,0,gzkuviLm,avbDVyxh,5.0
566,0,CkzMckPC,gzkuviLm,5.0
566,0,WywmvGMH,CkzMckPC,5.0
566,0,AesbwnPs,WywmvGMH,4.0
566,0,hzAARBgX,AesbwnPs,4.0
50,0,bmUdUOzs,VTHwomVj,1464.0
1748,0,LhQSpAzy,HajxumVd,340.0
1748,0,pwpCkicC,LhQSpAzy,340.0
1612,0,cpfNtAtG,RwPflEyQ,86.0
1612,0,hfvWjeWi,cpfNtAtG,86.0
1612,0,ffCPclBp,hfvWjeWi,86.0
1612,0,aIYUUJGk,ffCPclBp,86.0
1612,0,XNgGrRZp,aIYUUJGk,86.0
1612,0,nbddTMrG,XNgGrRZp,58.0
1612,0,wwRbiLuR,nbddTMrG,58.0
1612,0,zjuQPxhV,wwRbiLuR,58.0
1612,0,GjtgPBZH,zjuQPxhV,58.0
1612,0,AyRaCeuc,GjtgPBZH,58.0
1612,0,tYBUyXXf,AyRaCeuc,58.0
1652,0,MYMMmWkN,VXqnYnlT,2.0
1652,0,tUdYLqkf,MYMMmWkN,2.0
1652,0,tojmCcQB,tUdYLqkf,11.0
1652,0,jwBQsumG,tojmCcQB,11.0
1652,0,FtVXEmao,jwBQsumG,11.0
1652,0,LyncnjMw,FtVXEmao,11.0
1652,0,FoxIDeQY,LyncnjMw,11.0
564,0,jJVVpGMf,pwpCkicC,654.0
564,0,tcYerYbk,jJVVpGMf,654.0
564,0,pPKqPUVW,tcYerYbk,654.0
564,0,iYTiOTOT,pPKqPUVW,654.0
564,0,dLtneiKf,iYTiOTOT,654.0
1557,0,zjSZrmjo,ugwdZZUk,2057.0
567,0,zjSZrmjo,oTJYLjwC,20.0
178,0,oUmVLfUX,WKWTpoqQ,227.0
178,0,fJdABIlw,oUmVLfUX,227.0
178,0,mXwfazRz,fJdABIlw,197.0
178,0,NGAodVTg,mXwfazRz,180.0
178,0,TvGyfQSI,NGAodVTg,180.0
178,0,HFYkXdPG,TvGyfQSI,180.0
178,0,KjgVoxgR,HFYkXdPG,169.0
178,0,xTOrUJFO,KjgVoxgR,153.0
178,0,EmkugZPX,xTOrUJFO,153.0
178,0,lmZJehpq,EmkugZPX,146.0
178,0,tDDddUJb,lmZJehpq,146.0
80,0,BzJNmTUM,ebBIwNsf,2280.0
80,0,qLEwgwyN,BzJNmTUM,2280.0
80,0,WDOOnJlC,qLEwgwyN,2280.0
561,0,KoIahnfw,lrlWhBjT,610.0
561,0,seSDLBYx,KoIahnfw,560.0
561,0,aBkDdFJm,seSDLBYx,549.0
561,0,UKIbRYBp,aBkDdFJm,549.0
561,0,wdXbjior,UKIbRYBp,549.0
561,0,rkDXPoao,wdXbjior,549.0
369,0,MlXQVZuf,VHmQaoRO,2270.0
369,0,QxkHLGuk,MlXQVZuf,2270.0
369,0,oLzlCKof,QxkHLGuk,2260.0
369,0,AQHsowCO,oLzlCKof,2261.0
369,0,eHBdrFbQ,AQHsowCO,2340.0
369,0,nermFKBU,eHBdrFbQ,2340.0
369,0,syNMMSsu,nermFKBU,2340.0
369,0,aEhaaulL,syNMMSsu,2340.0
369,0,bzkCWXwV,aEhaaulL,2327.0
369,0,rPcYYZtd,bzkCWXwV,2327.0
992,0,MlXQVZuf,VHmQaoRO,6677.0
992,0,QxkHLGuk,MlXQVZuf,6677.0
992,0,oLzlCKof,QxkHLGuk,3974.0
992,0,AQHsowCO,oLzlCKof,2868.0
992,0,eHBdrFbQ,AQHsowCO,2585.0
992,0,nermFKBU,eHBdrFbQ,2567.0
992,0,syNMMSsu,nermFKBU,2567.0
992,0,aEhaaulL,syNMMSsu,2567.0
992,0,bzkCWXwV,aEhaaulL,1857.0
992,0,rPcYYZtd,bzkCWXwV,1857.0
1557,0,sUKTegUv,zjSZrmjo,1886.0
1557,0,ITgXIjdb,sUKTegUv,1886.0
1557,0,HnrldKFZ,ITgXIjdb,1886.0
1557,0,WkuKuFdE,HnrldKFZ,1754.0
1557,0,NsNpZaFg,WkuKuFdE,1754.0
1557,0,oyvIGXLL,NsNpZaFg,1708.0
1557,0,aDfjbwoX,oyvIGXLL,1692.0
1088,0,XgkALHoJ,RUSqbQft,659.0
1088,0,CLiKvSHW,XgkALHoJ,659.0
1088,0,ZnVCCcBH,CLiKvSHW,659.0
1088,0,OIitzYwb,ZnVCCcBH,659.0
1088,0,pACYXwGf,OIitzYwb,660.0
1088,0,VYHZxBYO,pACYXwGf,663.0
1093,0,JOgPNDzu,VYHZxBYO,574.0
1093,0,KCAssTym,JOgPNDzu,582.0
1093,0,WhdKokFf,KCAssTym,715.0
1093,0,QhscbmPA,WhdKokFf,715.0
1093,0,YVvBKwgW,QhscbmPA,622.0
1093,0,CcDOWlNm,YVvBKwgW,608.0
1093,0,yfjUYWEe,CcDOWlNm,608.0
1093,0,LIgtsZTQ,yfjUYWEe,1026.0
1093,0,OLfrsrRj,LIgtsZTQ,974.0
1093,0,nvtqczOj,OLfrsrRj,974.0
1093,0,FdzHSswJ,nvtqczOj,649.0
1093,0,qmRscxuH,FdzHSswJ,615.0
951,0,YGbVmztp,OWTXMrGR,1558.0
951,0,oHyqEJfk,YGbVmztp,1558.0
951,0,bfpcjsiF,oHyqEJfk,1558.0
951,0,CbcrfuAf,bfpcjsiF,1480.0
1085,0,zjKsBdNQ,puwcRgFs,14889.0
1085,0,ojqTFFWy,zjKsBdNQ,14889.0
71,0,qcBmUtcB,HqehCtdr,42.0
71,0,ODVCvUnB,qcBmUtcB,98.0
71,0,jPdkntFF,ODVCvUnB,98.0
71,0,gQTRJpmv,jPdkntFF,105.0
71,0,gRoGYEAJ,gQTRJpmv,107.0
71,0,BGrlRyyC,gRoGYEAJ,107.0
71,0,SXdGhQsI,BGrlRyyC,110.0
71,0,gDjMHgkU,SXdGhQsI,110.0
71,0,rpBBoUBR,gDjMHgkU,110.0
71,0,WwOeNuda,rpBBoUBR,110.0
71,0,KFegxKuC,WwOeNuda,110.0
71,0,aVjeFnZb,KFegxKuC,110.0
71,0,fvPlIFug,aVjeFnZb,110.0
71,0,tNQgpOjd,fvPlIFug,116.0
71,0,jbVnaCku,tNQgpOjd,116.0
71,0,RmfxCtxh,jbVnaCku,116.0
71,0,bJQxNaqG,RmfxCtxh,116.0
71,0,JZfQfeRA,bJQxNaqG,116.0
71,0,YKGBeVKa,JZfQfeRA,116.0
74,0,rpBBoUBR,gDjMHgkU,163.0
74,0,WwOeNuda,rpBBoUBR,163.0
74,0,KFegxKuC,WwOeNuda,163.0
74,0,aVjeFnZb,KFegxKuC,163.0
74,0,fvPlIFug,aVjeFnZb,163.0
74,0,tNQgpOjd,fvPlIFug,163.0
74,0,jbVnaCku,tNQgpOjd,163.0
74,0,RmfxCtxh,jbVnaCku,163.0
74,0,bJQxNaqG,RmfxCtxh,163.0
74,0,JZfQfeRA,bJQxNaqG,163.0
74,0,YKGBeVKa,JZfQfeRA,163.0
74,0,ZYCVVmjG,YKGBeVKa,157.0
71,0,llFTEWtD,IulxyPoH,2.0
71,0,TvvslWVF,llFTEWtD,2.0
71,0,SgXyhVwd,TvvslWVF,6.0
71,0,fPhIOSOj,SgXyhVwd,6.0
71,0,PQDqFTyk,fPhIOSOj,6.0
71,0,SOzmnmNW,PQDqFTyk,6.0
71,0,OhBAPvsb,SOzmnmNW,6.0
71,0,HqehCtdr,OhBAPvsb,30.0
74,0,lfmzBYXb,BxmxkKGC,160.0
74,0,TQhrUKrf,lfmzBYXb,160.0
74,0,hFISFuCO,TQhrUKrf,160.0
74,0,IJrmTLNf,hFISFuCO,160.0
74,0,byRkdSCW,IJrmTLNf,160.0
74,0,HkgLsGZV,byRkdSCW,160.0
74,0,rIWwRQFx,HkgLsGZV,160.0
74,0,cfakSbWj,rIWwRQFx,160.0
74,0,oAtDCozl,cfakSbWj,160.0
74,0,BxmxkKGC,ojqTFFWy,159.0
567,0,sUKTegUv,zjSZrmjo,2.0
1557,0,bZroqIhX,eTJQHplR,84.0
1557,0,cNuIRYrx,bZroqIhX,84.0
1178,0,upMsEWKk,IMTItMKU,5573.0
1178,0,KCqeuCwW,upMsEWKk,5573.0
1178,0,xyBTaHvp,KCqeuCwW,5573.0
1554,0,zTCljsJK,LWArqXfR,571.0
1554,0,kezsyYDB,zTCljsJK,571.0
1554,0,fyzkVZoU,kezsyYDB,571.0
1554,0,ashRAirR,fyzkVZoU,571.0
1554,0,omUHRQFc,ashRAirR,571.0
1554,0,pHFwnWxB,omUHRQFc,571.0
1554,0,EPQxNUoM,pHFwnWxB,571.0
549,0,oUbtCHRB,jwtMzuEb,9.0
549,0,kSklWvZO,oUbtCHRB,9.0
549,0,wVKhsyCZ,kSklWvZO,9.0
549,0,oZJRchiN,wVKhsyCZ,9.0
549,0,xmGwLlME,oZJRchiN,9.0
549,0,KcBICYpI,xmGwLlME,9.0
549,0,XQiQvefE,KcBICYpI,9.0
549,0,eyUKPfnA,XQiQvefE,9.0
549,0,ZgqhsueA,eyUKPfnA,9.0
549,0,YvwuVYMF,ZgqhsueA,9.0
549,0,FZsFzszJ,YvwuVYMF,9.0
549,0,ALhaazBT,FZsFzszJ,9.0
549,0,ejMjPdTH,ALhaazBT,9.0
1695,0,BGChynOq,JLvNOQnl,295.0
1695,0,ffHVhHJj,BGChynOq,476.0
1695,0,itmFNPnQ,ffHVhHJj,476.0
1695,0,mEEGNlDG,itmFNPnQ,476.0
1695,0,jVOVHrFU,mEEGNlDG,476.0
1695,0,qeXIqBgp,jVOVHrFU,476.0
1695,0,gmsNDepi,qeXIqBgp,476.0
1695,0,jFRqfnFl,gmsNDepi,427.0
563,0,rIWwRQFx,HkgLsGZV,175.0
563,0,cfakSbWj,rIWwRQFx,175.0
563,0,oAtDCozl,cfakSbWj,175.0
563,0,cbQZDOwf,oAtDCozl,175.0
563,0,lrlWhBjT,cbQZDOwf,175.0
563,0,KoIahnfw,lrlWhBjT,175.0
563,0,seSDLBYx,KoIahnfw,175.0
563,0,aBkDdFJm,seSDLBYx,175.0
563,0,UKIbRYBp,aBkDdFJm,175.0
563,0,IgyjIxcD,UKIbRYBp,175.0
563,0,fdjgUDEy,IgyjIxcD,175.0
562,0,dqlcNUVh,HeRuYpNs,23.0
563,0,BxmxkKGC,ojqTFFWy,153.0
563,0,lfmzBYXb,BxmxkKGC,153.0
563,0,TQhrUKrf,lfmzBYXb,153.0
563,0,hFISFuCO,TQhrUKrf,153.0
563,0,IJrmTLNf,hFISFuCO,153.0
563,0,byRkdSCW,IJrmTLNf,153.0
563,0,HkgLsGZV,byRkdSCW,153.0
80,0,EjMZgDJt,WDOOnJlC,1964.0
80,0,BDSRgQTg,EjMZgDJt,1964.0
1178,0,UckYThSh,eTPMYwkC,5437.0
1178,0,IMTItMKU,UckYThSh,5437.0
71,0,sxnLITXs,dEwNKLNy,511.0
71,0,oLzlCKof,sxnLITXs,491.0
1553,0,GpnhEWuy,FyoAuDvn,112.0
1553,0,fNoKcjVu,GpnhEWuy,112.0
1553,0,ZeFKXxfu,fNoKcjVu,261.0
1553,0,wYWONrrr,ZeFKXxfu,261.0
1553,0,jTofnsvB,wYWONrrr,261.0
1553,0,elmHqfIN,jTofnsvB,273.0
1553,0,YhQOzAWJ,elmHqfIN,273.0
1553,0,zUgDRwiy,YhQOzAWJ,579.0
1553,0,okaePkJr,zUgDRwiy,889.0
1553,0,PgJqeYYy,okaePkJr,889.0
1553,0,cQQRUhUD,PgJqeYYy,1065.0
1553,0,ZpXtMmnA,cQQRUhUD,1065.0
1553,0,DgJlPOry,ZpXtMmnA,1514.0
1553,0,inAMLXyk,DgJlPOry,1514.0
1553,0,nTEapSQO,inAMLXyk,1514.0
1553,0,AKaXSKPc,nTEapSQO,1514.0
1553,0,HdtICUKG,AKaXSKPc,1523.0
1553,0,qtbZyrFG,HdtICUKG,1523.0
1553,0,ECXJHxuC,qtbZyrFG,1523.0
1553,0,mhTYFecR,ECXJHxuC,1523.0
1553,0,ODVCvUnB,mhTYFecR,2168.0
1553,0,jPdkntFF,ODVCvUnB,2168.0
1553,0,gQTRJpmv,jPdkntFF,2168.0
1553,0,gRoGYEAJ,gQTRJpmv,2169.0
1553,0,BGrlRyyC,gRoGYEAJ,2169.0
1553,0,SXdGhQsI,BGrlRyyC,2169.0
1553,0,gDjMHgkU,SXdGhQsI,2169.0
1553,0,rpBBoUBR,gDjMHgkU,2186.0
1553,0,WwOeNuda,rpBBoUBR,2186.0
1553,0,KFegxKuC,WwOeNuda,2186.0
1553,0,aVjeFnZb,KFegxKuC,2186.0
1553,0,fvPlIFug,aVjeFnZb,2186.0
1553,0,tNQgpOjd,fvPlIFug,2189.0
1553,0,jbVnaCku,tNQgpOjd,2189.0
1553,0,RmfxCtxh,jbVnaCku,2189.0
1553,0,bJQxNaqG,RmfxCtxh,2189.0
1553,0,JZfQfeRA,bJQxNaqG,2189.0
1553,0,kZvDkitV,JZfQfeRA,2189.0
1553,0,yQpnsdnm,kZvDkitV,2859.0
1553,0,QgKtWMoe,xiTGCYEl,27.0
1553,0,FyoAuDvn,QgKtWMoe,27.0
1554,0,JvovwZNp,zEOiVqLB,350.0
1554,0,XUTqNKWc,JvovwZNp,461.0
1554,0,LWArqXfR,XUTqNKWc,461.0
546,0,oUbtCHRB,jwtMzuEb,15.0
546,0,kSklWvZO,oUbtCHRB,15.0
546,0,wVKhsyCZ,kSklWvZO,15.0
546,0,oZJRchiN,wVKhsyCZ,16.0
546,0,xmGwLlME,oZJRchiN,15.0
546,0,KcBICYpI,xmGwLlME,15.0
546,0,XQiQvefE,KcBICYpI,15.0
546,0,eyUKPfnA,XQiQvefE,15.0
1553,0,upwIMaLy,yQpnsdnm,371.0
1553,0,BdMcIGqZ,upwIMaLy,371.0
1553,0,fxKlXZDo,BdMcIGqZ,371.0
1553,0,SEKqfPxp,fxKlXZDo,371.0
1553,0,eyEAULLm,SEKqfPxp,371.0
1553,0,ZWbwKKqI,eyEAULLm,371.0
1553,0,AvRehgJa,ZWbwKKqI,371.0
1553,0,eUifXINV,AvRehgJa,371.0
1553,0,aNlaxeLS,eUifXINV,212.0
1553,0,zBPHjWVd,aNlaxeLS,44.0
1553,0,rPcYYZtd,zBPHjWVd,44.0
1553,0,ngtiheSM,rPcYYZtd,44.0
1553,0,uxBjVsKf,ngtiheSM,44.0
1553,0,VriUyyDM,uxBjVsKf,44.0
899,0,QBDSVwgM,PTCqqgjS,102.0
899,0,PfzzVLdD,QBDSVwgM,78.0
899,0,yRZHSCWE,PfzzVLdD,77.0
899,0,rCrvifMW,yRZHSCWE,77.0
899,0,aPOYjvXT,rCrvifMW,77.0
427,0,SEVBrkvc,ojqTFFWy,694.0
427,0,qPtpgxic,SEVBrkvc,693.0
427,0,gGkadTNm,qPtpgxic,653.0
427,0,CbcrfuAf,gGkadTNm,646.0
950,0,HeRuYpNs,UrTDCKsV,60.0
950,0,qRJySzaf,HeRuYpNs,55.0
950,0,LTfflVxG,qRJySzaf,55.0
950,0,AhWKwjTz,LTfflVxG,55.0
778,0,AhWKwjTz,LTfflVxG,942.0
1682,0,BxmxkKGC,RTafItqF,29.0
1682,0,lfmzBYXb,BxmxkKGC,29.0
1682,0,TQhrUKrf,lfmzBYXb,29.0
1682,0,hFISFuCO,TQhrUKrf,29.0
1682,0,IJrmTLNf,hFISFuCO,29.0
1682,0,byRkdSCW,IJrmTLNf,29.0
1682,0,HkgLsGZV,byRkdSCW,29.0
1696,0,oynLwMrX,IMEhQaQS,271.0
1696,0,EKYbCcms,oynLwMrX,420.0
1696,0,ffjXMuak,EKYbCcms,420.0
1696,0,EDdQplwd,ffjXMuak,420.0
1696,0,XbgiSLmy,EDdQplwd,420.0
1696,0,pXlenLUq,XbgiSLmy,420.0
1696,0,DNyXiZzj,pXlenLUq,420.0
1696,0,gxlaiARP,DNyXiZzj,368.0
1221,0,ffjXMuak,qeXIqBgp,8362.0
1221,0,EDdQplwd,ffjXMuak,8362.0
1221,0,XbgiSLmy,EDdQplwd,8362.0
1221,0,pXlenLUq,XbgiSLmy,8362.0
1221,0,DNyXiZzj,pXlenLUq,8362.0
1221,0,gxlaiARP,DNyXiZzj,8811.0
563,0,nuxwLmjk,fdjgUDEy,18.0
563,0,EZxvwLQu,nuxwLmjk,19.0
364,0,RTafItqF,ojqTFFWy,345.0
364,0,SEVBrkvc,RTafItqF,1052.0
364,0,KzCxlBoL,SEVBrkvc,1066.0
364,0,qPtpgxic,KzCxlBoL,1066.0
364,0,dWuojvTd,qPtpgxic,1196.0
364,0,sCEThkda,dWuojvTd,1196.0
364,0,HpZlYWor,sCEThkda,1196.0
364,0,ztmxtqSi,HpZlYWor,1196.0
364,0,GpOUDfXM,ztmxtqSi,1196.0
364,0,nYOFNZtG,GpOUDfXM,3173.0
1452,0,jJVVpGMf,pwpCkicC,6747.0
1452,0,tcYerYbk,jJVVpGMf,6747.0
1452,0,pPKqPUVW,tcYerYbk,6747.0
1452,0,iYTiOTOT,pPKqPUVW,6747.0
1452,0,slfxTuih,iYTiOTOT,6747.0
1452,0,SVPLEqNI,slfxTuih,4917.0
364,0,OpgRCgWV,mnkgCFDT,12.0
364,0,ntDOQspU,OpgRCgWV,12.0
364,0,IdVewllq,ntDOQspU,12.0
364,0,AXkvSZpr,IdVewllq,12.0
364,0,MlqbsUKu,AXkvSZpr,14.0
364,0,jaCrAUFK,MlqbsUKu,14.0
364,0,oynLwMrX,jaCrAUFK,14.0
364,0,EKYbCcms,oynLwMrX,14.0
364,0,cIQOVqQI,EKYbCcms,14.0
364,0,OyAyNkqZ,cIQOVqQI,66.0
364,0,XiXLaJEL,OyAyNkqZ,66.0
364,0,fzSWURzx,XiXLaJEL,81.0
364,0,vyojaKRU,fzSWURzx,81.0
364,0,puwcRgFs,vyojaKRU,83.0
364,0,zjKsBdNQ,puwcRgFs,83.0
364,0,ojqTFFWy,zjKsBdNQ,83.0
940,0,EZxvwLQu,nuxwLmjk,6.0
940,0,qRJySzaf,EZxvwLQu,6.0
940,0,LTfflVxG,qRJySzaf,6.0
940,0,AhWKwjTz,LTfflVxG,6.0
940,0,VEiYdotb,AhWKwjTz,6.0
940,0,DgYBMgPg,VEiYdotb,6.0
950,0,VEiYdotb,AhWKwjTz,54.0
950,0,DgYBMgPg,VEiYdotb,54.0
943,0,jEVQeNyS,OZSLHXCc,25.0
943,0,HeRuYpNs,jEVQeNyS,24.0
943,0,qRJySzaf,HeRuYpNs,13.0
943,0,LTfflVxG,qRJySzaf,13.0
943,0,AhWKwjTz,LTfflVxG,9.0
943,0,VEiYdotb,AhWKwjTz,9.0
943,0,DgYBMgPg,VEiYdotb,9.0
778,0,VEiYdotb,AhWKwjTz,896.0
778,0,DgYBMgPg,VEiYdotb,896.0
943,0,OZSLHXCc,qdLlCZel,5.0
900,0,lhSIyIfw,yHaTCNJc,69.0
900,0,cgSMZptb,lhSIyIfw,69.0
900,0,fdwLSfsa,cgSMZptb,69.0
900,0,wuAzVrCW,fdwLSfsa,68.0
900,0,mRKfPREJ,wuAzVrCW,68.0
900,0,HeRuYpNs,mRKfPREJ,68.0
900,0,qRJySzaf,HeRuYpNs,43.0
900,0,LTfflVxG,qRJySzaf,43.0
900,0,AhWKwjTz,LTfflVxG,43.0
900,0,VEiYdotb,AhWKwjTz,43.0
900,0,DgYBMgPg,VEiYdotb,43.0
75,0,ojqTFFWy,XFPAZveS,88.0
364,0,iPNesxKP,NQaaFyOm,2.0
364,0,lctVuVOk,iPNesxKP,2.0
364,0,EocVuyzS,lctVuVOk,2.0
364,0,lwcIkPvE,EocVuyzS,2.0
364,0,suszCmcx,lwcIkPvE,2.0
364,0,UTBcifAN,suszCmcx,2.0
364,0,HQVZivsH,UTBcifAN,2.0
364,0,DeiIsjyA,HQVZivsH,2.0
364,0,anWZyaGW,DeiIsjyA,2.0
364,0,OrbXRiVv,anWZyaGW,2.0
364,0,cNuIRYrx,OrbXRiVv,2.0
364,0,yNIUaSyZ,cNuIRYrx,2.0
364,0,xiTGCYEl,yNIUaSyZ,2.0
364,0,NXLrCKMp,xiTGCYEl,2.0
364,0,FyoAuDvn,NXLrCKMp,2.0
364,0,WOOyqinT,FyoAuDvn,2.0
364,0,mnkgCFDT,WOOyqinT,2.0
1075,0,XaMitbnP,qNEatmrc,792.0
1075,0,AWZaYJbg,XaMitbnP,792.0
1075,0,PuHLPXYe,AWZaYJbg,792.0
1075,0,ZafFyFXk,PuHLPXYe,797.0
1075,0,jiQkTSqX,ZafFyFXk,797.0
1075,0,UfaDzlyU,jiQkTSqX,796.0
1075,0,qNEatmrc,AlpXiRiW,663.0
1029,0,fRZGgvoY,oXipkDtF,2988.0
1029,0,bAUDGUNb,fRZGgvoY,2988.0
1029,0,VYHZxBYO,bAUDGUNb,2988.0
1452,0,ejMjPdTH,SVPLEqNI,1877.0
135,0,kUNGxXZI,SiNHgyIy,318.0
135,0,nVkihPOJ,kUNGxXZI,318.0
135,0,YvwuVYMF,nVkihPOJ,318.0
135,0,vDFCntfg,YvwuVYMF,106.0
135,0,iEKDTvNf,vDFCntfg,106.0
135,0,MyGqmywG,iEKDTvNf,106.0
135,0,NxbXiMUL,MyGqmywG,103.0
135,0,XLVjRryq,NxbXiMUL,96.0
135,0,gzTQJVMW,XLVjRryq,96.0
74,0,tNSMkSfB,ZYCVVmjG,131.0
80,0,cVeADzkw,BDSRgQTg,1927.0
80,0,pySAVSoY,cVeADzkw,1927.0
80,0,kMrSvhcD,pySAVSoY,1927.0
80,0,ImuPiggn,kMrSvhcD,1927.0
942,0,sCEThkda,dWuojvTd,1479.0
942,0,HpZlYWor,sCEThkda,1440.0
942,0,ztmxtqSi,HpZlYWor,1440.0
942,0,GpOUDfXM,ztmxtqSi,1440.0
942,0,UTnQirag,GpOUDfXM,1938.0
942,0,tkWZZFES,UTnQirag,1938.0
942,0,JKUqFAhf,tkWZZFES,2059.0
942,0,NTCwKKsF,JKUqFAhf,2059.0
942,0,xnXFAboh,NTCwKKsF,2059.0
942,0,KkzZXaKP,xnXFAboh,3894.0
942,0,pyLfKqPO,KkzZXaKP,3895.0
942,0,vesqHHzA,pyLfKqPO,3589.0
913,0,WdOwNGhj,xfbmoJHP,7.0
951,0,CRypXqTk,KlSqKJQr,593.0
951,0,PYaiedjY,CRypXqTk,593.0
951,0,EzrJiyuu,PYaiedjY,719.0
951,0,mZAcIEme,EzrJiyuu,719.0
951,0,LPSpTPgJ,mZAcIEme,719.0
951,0,AoIEptMM,LPSpTPgJ,719.0
951,0,OWTXMrGR,AoIEptMM,719.0
942,0,dWuojvTd,KgwKZlse,1209.0
938,0,tNmxviwt,wkWFjOvx,4.0
938,0,yHaTCNJc,tNmxviwt,4.0
938,0,lhSIyIfw,yHaTCNJc,4.0
938,0,cgSMZptb,lhSIyIfw,4.0
938,0,fdwLSfsa,cgSMZptb,4.0
938,0,wuAzVrCW,fdwLSfsa,4.0
938,0,mRKfPREJ,wuAzVrCW,4.0
938,0,HeRuYpNs,mRKfPREJ,4.0
135,0,ZIzswYos,lyJEgbqI,37.0
135,0,SiNHgyIy,ZIzswYos,46.0
1029,0,IZqJbTkm,OCOnFIfy,2888.0
1029,0,wSvecpjF,IZqJbTkm,3023.0
1029,0,oXipkDtF,wSvecpjF,3023.0
1088,0,yRjqmRuq,BsRMZbGV,414.0
1088,0,pTTspriv,yRjqmRuq,414.0
1088,0,VCFHkCli,pTTspriv,510.0
1088,0,PNxpREZf,VCFHkCli,510.0
1088,0,mHGLRRvz,PNxpREZf,493.0
1088,0,uuMvuwVk,mHGLRRvz,496.0
1088,0,yMEEwloH,uuMvuwVk,496.0
1088,0,mFLzcwSa,yMEEwloH,496.0
1088,0,mSfSOoJb,mFLzcwSa,496.0
1088,0,BSkSmoPQ,mSfSOoJb,496.0
1088,0,HMbsFjDI,BSkSmoPQ,478.0
1088,0,TPYHEEdQ,HMbsFjDI,478.0
1088,0,RUSqbQft,TPYHEEdQ,478.0
733,0,SEVBrkvc,ojqTFFWy,4619.0
733,0,KzCxlBoL,SEVBrkvc,5505.0
733,0,qPtpgxic,KzCxlBoL,5505.0
733,0,RyPegcUV,qPtpgxic,4319.0
733,0,gGkadTNm,RyPegcUV,4390.0
733,0,CbcrfuAf,gGkadTNm,4645.0
1445,0,vnfcOAch,pjRBTtLk,14.0
1445,0,ryJVAbFB,vnfcOAch,14.0
1445,0,ttVqQknl,ryJVAbFB,14.0
1445,0,aZtqChJJ,ttVqQknl,14.0
1445,0,IOpdOfiF,aZtqChJJ,45.0
1445,0,lUWTaWkd,RZCadHVt,45.0
1445,0,hApOmpAO,lUWTaWkd,45.0
1445,0,qehlKNkR,hApOmpAO,45.0
1445,0,ZFFevgPB,qehlKNkR,45.0
1445,0,sZNeRfOC,ZFFevgPB,45.0
1445,0,HajxumVd,sZNeRfOC,45.0
1445,0,LhQSpAzy,HajxumVd,45.0
1445,0,pwpCkicC,LhQSpAzy,45.0
1445,0,jJVVpGMf,pwpCkicC,45.0
1445,0,pPKqPUVW,jJVVpGMf,45.0
1445,0,slfxTuih,pPKqPUVW,45.0
1445,0,ejMjPdTH,slfxTuih,45.0
1748,0,pPKqPUVW,pwpCkicC,204.0
1748,0,ejMjPdTH,pPKqPUVW,204.0
836,0,aImltWBw,FGqBFXAc,56.0
950,0,vkArqzKY,DgYBMgPg,50.0
950,0,gzTQJVMW,vkArqzKY,50.0
778,0,vkArqzKY,DgYBMgPg,751.0
778,0,gzTQJVMW,vkArqzKY,751.0
900,0,vkArqzKY,DgYBMgPg,39.0
900,0,gzTQJVMW,vkArqzKY,39.0
133,0,bnvgwXNi,YUgtVNSj,22.0
133,0,nyQXyVHt,bnvgwXNi,22.0
1275,0,vyojaKRU,XiXLaJEL,229.0
1275,0,puwcRgFs,vyojaKRU,226.0
1275,0,ojqTFFWy,puwcRgFs,97.0
1275,0,SEVBrkvc,ojqTFFWy,97.0
1275,0,qPtpgxic,SEVBrkvc,97.0
1275,0,gGkadTNm,qPtpgxic,76.0
1275,0,CbcrfuAf,gGkadTNm,74.0
50,0,RjtzWJgw,xiCfcAgb,314.0
50,0,owFNQNZv,RjtzWJgw,319.0
50,0,nCsqpnJo,owFNQNZv,319.0
50,0,gnmwaIOJ,nCsqpnJo,319.0
50,0,pygvGZaF,gnmwaIOJ,319.0
50,0,bsQVAuyn,pygvGZaF,319.0
50,0,VTHwomVj,bsQVAuyn,319.0
50,0,qPtpgxic,bmUdUOzs,773.0
50,0,gGkadTNm,qPtpgxic,238.0
50,0,CbcrfuAf,gGkadTNm,224.0
1175,0,ttCfyKrF,uDcqHVPS,1008.0
1175,0,QdPMJYQQ,ttCfyKrF,1008.0
1175,0,TcXrIYig,QdPMJYQQ,1008.0
1175,0,pYAYKpHc,TcXrIYig,1008.0
401,0,WyfCQhSW,ogOCBKAf,1619.0
401,0,erxKyHjj,WyfCQhSW,1939.0
401,0,KjiBWoqR,erxKyHjj,1939.0
951,0,qYsYtTjJ,XpaxRhYo,45.0
951,0,KlSqKJQr,qYsYtTjJ,45.0
1407,0,vXHOZRfg,vztyQdds,441.0
1407,0,bbltEnah,vXHOZRfg,441.0
1407,0,NMFCXTQH,bbltEnah,441.0
1407,0,wXyAETzh,NMFCXTQH,441.0
1407,0,KuTZBRNJ,wXyAETzh,441.0
1407,0,rXoVyCYO,KuTZBRNJ,647.0
1407,0,gdHaMUeX,rXoVyCYO,647.0
1407,0,vhHLNRbD,gdHaMUeX,647.0
1083,0,MRbVmsQs,YkxcSjQG,990.0
1083,0,Nzhgxdpc,MRbVmsQs,990.0
1083,0,cGObbHGv,Nzhgxdpc,1092.0
1083,0,zBmTBInm,cGObbHGv,1092.0
949,0,JKUqFAhf,tkWZZFES,88.0
949,0,NTCwKKsF,JKUqFAhf,88.0
949,0,xnXFAboh,NTCwKKsF,88.0
949,0,oLGXsQoC,xnXFAboh,99.0
949,0,UTnQirag,GpOUDfXM,85.0
949,0,tkWZZFES,UTnQirag,85.0
949,0,lOyAoICg,CbcrfuAf,77.0
949,0,GpOUDfXM,lOyAoICg,77.0
949,0,RyPegcUV,qPtpgxic,4.0
949,0,gGkadTNm,RyPegcUV,4.0
949,0,CbcrfuAf,gGkadTNm,6.0
1300,0,YnUujGmz,CbcrfuAf,8348.0
427,0,YnUujGmz,CbcrfuAf,597.0
318,0,POdtxoZm,GnsXgGJX,4107.0
147,0,yfzTmEfw,QgwCgjAi,336.0
147,0,mBSaKJib,yfzTmEfw,336.0
147,0,ggaXnTUz,mBSaKJib,187.0
147,0,zJsEFgSs,ggaXnTUz,187.0
54,0,RjtzWJgw,xiCfcAgb,47.0
54,0,owFNQNZv,RjtzWJgw,47.0
54,0,nCsqpnJo,owFNQNZv,47.0
54,0,gnmwaIOJ,nCsqpnJo,47.0
54,0,pygvGZaF,gnmwaIOJ,47.0
54,0,bsQVAuyn,pygvGZaF,47.0
54,0,VTHwomVj,bsQVAuyn,47.0
54,0,bmUdUOzs,VTHwomVj,313.0
54,0,qPtpgxic,bmUdUOzs,313.0
54,0,gGkadTNm,qPtpgxic,313.0
54,0,CbcrfuAf,gGkadTNm,313.0
54,0,YnUujGmz,CbcrfuAf,313.0
951,0,YnUujGmz,CbcrfuAf,654.0
1083,0,puwcRgFs,EAwJtHSB,840.0
1083,0,YkxcSjQG,unXfmkmI,954.0
1040,0,VgroZBKv,WsxoHomq,666.0
1040,0,TUZfegir,VgroZBKv,666.0
1040,0,XeNLTPEj,MvGjEBBL,641.0
1040,0,PzIXuqgO,XeNLTPEj,641.0
1040,0,ZsxHmovG,PzIXuqgO,641.0
1040,0,KjUtPMMe,ZsxHmovG,683.0
1040,0,JGmgdpWx,KjUtPMMe,683.0
1040,0,WsxoHomq,JGmgdpWx,683.0
1557,0,xOfEMpYZ,aDfjbwoX,311.0
1512,0,TAPXcjBe,CbcrfuAf,771.0
733,0,TAPXcjBe,CbcrfuAf,5121.0
1275,0,TAPXcjBe,CbcrfuAf,53.0
1434,0,TAPXcjBe,CbcrfuAf,1505.0
947,0,hyEIkJeA,UvujAAYC,42.0
947,0,jadHWhqA,hyEIkJeA,42.0
947,0,oMurZdLt,jadHWhqA,42.0
947,0,KTeKlEmN,oMurZdLt,42.0
947,0,cRNMfSEx,KTeKlEmN,42.0
947,0,UhRSkRXw,cRNMfSEx,62.0
1085,0,XojRXAAa,ojqTFFWy,19671.0
1085,0,nAqhCgXt,XojRXAAa,6467.0
1085,0,zZZsLLct,nAqhCgXt,6467.0
1085,0,uQlhjcGr,zZZsLLct,6456.0
1085,0,nIbIRswk,uQlhjcGr,6456.0
1085,0,YfaruHLV,nIbIRswk,5465.0
1085,0,PkIPVRtB,YfaruHLV,5468.0
1085,0,XpaxRhYo,PkIPVRtB,5468.0
1085,0,qYsYtTjJ,XpaxRhYo,4095.0
1085,0,KlSqKJQr,qYsYtTjJ,4129.0
1085,0,CRypXqTk,KlSqKJQr,4611.0
1085,0,PYaiedjY,CRypXqTk,4611.0
1085,0,EzrJiyuu,PYaiedjY,3388.0
1085,0,mZAcIEme,EzrJiyuu,3388.0
1085,0,LPSpTPgJ,mZAcIEme,3388.0
1085,0,AoIEptMM,LPSpTPgJ,3388.0
1085,0,imyhTmbO,AoIEptMM,3581.0
1085,0,bTSeOnqx,imyhTmbO,3459.0
1085,0,yCXbqkBs,bTSeOnqx,3709.0
1085,0,wBoWGskO,yCXbqkBs,3709.0
1085,0,FYojKDQC,wBoWGskO,3709.0
1085,0,riqYNvhO,FYojKDQC,3709.0
564,0,slfxTuih,dLtneiKf,628.0
564,0,XFPAZveS,slfxTuih,440.0
564,0,ojqTFFWy,XFPAZveS,21.0
601,0,ImIhxSnH,RfzcmazU,1467.0
601,0,iEKuRfDT,ImIhxSnH,1467.0
601,0,PlyJazqR,iEKuRfDT,1463.0
601,0,ylfNfbjf,PlyJazqR,1463.0
601,0,psXocZQH,ylfNfbjf,1463.0
601,0,yprCGtVa,psXocZQH,1463.0
601,0,pPqywgRl,yprCGtVa,1301.0
1568,0,UgzfanVk,SDEQaVyD,733.0
1568,0,aUZoPZMc,CSzsuVOH,14325.0
1568,0,xOhGqygU,aUZoPZMc,14325.0
1083,0,FrCulsqF,VYHZxBYO,782.0
1083,0,KCAssTym,FrCulsqF,769.0
1083,0,AtxuoNjw,KCAssTym,1087.0
1083,0,ZmIcXqCD,AtxuoNjw,1087.0
1083,0,unXfmkmI,ZmIcXqCD,1087.0
80,0,SdEWNrvb,ImuPiggn,1785.0
80,0,ZIvIwqTW,SdEWNrvb,1785.0
992,0,uxBjVsKf,rPcYYZtd,144.0
779,0,uxBjVsKf,ngtiheSM,981.0
77,0,IGRxApsM,ZNFFlclk,4.0
50,0,xiCfcAgb,AszcEtOu,222.0
50,0,TAPXcjBe,CbcrfuAf,95.0
50,0,XsKXZwOQ,TAPXcjBe,95.0
733,0,XsKXZwOQ,TAPXcjBe,5113.0
1434,0,XsKXZwOQ,TAPXcjBe,1393.0
1512,0,XsKXZwOQ,TAPXcjBe,571.0
948,0,BUWlcDWA,vwlVkOsL,49.0
80,0,beniIHzL,ZIvIwqTW,75.0
1190,0,djdidyfJ,DZOaDIuU,1608.0
1190,0,jnDfAorM,djdidyfJ,1595.0
1042,0,VgroZBKv,WsxoHomq,34.0
1042,0,TUZfegir,VgroZBKv,34.0
1042,0,LHNTbQin,TUZfegir,37.0
1042,0,EBDfudXo,LHNTbQin,37.0
1042,0,oVvGCedi,EBDfudXo,41.0
1042,0,zAhquueS,oVvGCedi,41.0
1042,0,SRJkWTfK,zAhquueS,42.0
1042,0,krjqWYyL,SRJkWTfK,42.0
1042,0,tSXpsDyV,krjqWYyL,42.0
1042,0,IbLBdCXD,tSXpsDyV,42.0
1042,0,JGCJnIWw,IbLBdCXD,42.0
1042,0,honleovC,JGCJnIWw,42.0
1042,0,pqZYMbGr,honleovC,42.0
1042,0,jobllKUJ,pqZYMbGr,42.0
1042,0,cKlxsEIa,jobllKUJ,42.0
1042,0,POeaLshN,cKlxsEIa,42.0
1042,0,nvtqczOj,POeaLshN,42.0
1042,0,FdzHSswJ,nvtqczOj,42.0
1042,0,rfVXpFlV,FdzHSswJ,42.0
1042,0,OWTXMrGR,rfVXpFlV,42.0
1042,0,YGbVmztp,OWTXMrGR,42.0
1042,0,oHyqEJfk,YGbVmztp,42.0
1042,0,bfpcjsiF,oHyqEJfk,42.0
1042,0,KjUtPMMe,ZsxHmovG,33.0
1042,0,JGmgdpWx,KjUtPMMe,33.0
1042,0,WsxoHomq,JGmgdpWx,33.0
1042,0,XeNLTPEj,MvGjEBBL,28.0
1042,0,PzIXuqgO,XeNLTPEj,28.0
1042,0,ZsxHmovG,PzIXuqgO,28.0
80,0,uaUalZjh,beniIHzL,17.0
77,0,ZNFFlclk,uaUalZjh,17.0
733,0,hmRIiXJy,XsKXZwOQ,5341.0
947,0,UvujAAYC,pyLfKqPO,38.0
947,0,hmRIiXJy,UhRSkRXw,60.0
948,0,EzQcJxBW,BUWlcDWA,30.0
948,0,uEbOseyz,EzQcJxBW,30.0
948,0,reWBMWRs,uEbOseyz,30.0
948,0,RBoLoVJp,reWBMWRs,30.0
948,0,SwyyRrmD,RBoLoVJp,30.0
948,0,vwlVkOsL,YnUujGmz,2.0
899,0,yHCBRtBd,xnXFAboh,47.0
899,0,YYKDBDRS,yHCBRtBd,47.0
899,0,CDXhVrrJ,YYKDBDRS,47.0
899,0,khOlLZay,CDXhVrrJ,49.0
899,0,pzScocJN,khOlLZay,49.0
899,0,xOfEMpYZ,pzScocJN,52.0
899,0,NcNmxlsD,xOfEMpYZ,62.0
899,0,cYyOAQLx,NcNmxlsD,62.0
899,0,xKpFUSPW,cYyOAQLx,62.0
899,0,CFKdtsYk,xKpFUSPW,58.0
563,0,xnXFAboh,EZxvwLQu,1.0
944,0,KkzZXaKP,xnXFAboh,20.0
944,0,VgMINmpb,KkzZXaKP,32.0
944,0,JKUqFAhf,tkWZZFES,13.0
944,0,NTCwKKsF,JKUqFAhf,13.0
944,0,xnXFAboh,NTCwKKsF,13.0
944,0,UTnQirag,GpOUDfXM,12.0
944,0,tkWZZFES,UTnQirag,12.0
944,0,dWuojvTd,KgwKZlse,5.0
944,0,sCEThkda,dWuojvTd,7.0
944,0,HpZlYWor,sCEThkda,7.0
944,0,ztmxtqSi,HpZlYWor,7.0
944,0,GpOUDfXM,ztmxtqSi,7.0
733,0,tOhgfmkj,hmRIiXJy,4719.0
733,0,FjwhCXAK,tOhgfmkj,4732.0
1512,0,tOhgfmkj,XsKXZwOQ,551.0
1512,0,FjwhCXAK,tOhgfmkj,538.0
1434,0,FjwhCXAK,XsKXZwOQ,1251.0
899,0,UTnQirag,GpOUDfXM,37.0
899,0,tkWZZFES,UTnQirag,37.0
899,0,JKUqFAhf,tkWZZFES,37.0
899,0,NTCwKKsF,JKUqFAhf,37.0
899,0,xnXFAboh,NTCwKKsF,37.0
369,0,ngtiheSM,rPcYYZtd,2323.0
369,0,uxBjVsKf,ngtiheSM,2323.0
369,0,hvwrhWFk,uxBjVsKf,2323.0
369,0,azqUKhQu,hvwrhWFk,2323.0
1018,0,LKVeVUNI,BpAiVnps,63.0
1018,0,dbPZeeiE,LKVeVUNI,71.0
1018,0,CsDsDrdU,dbPZeeiE,76.0
1018,0,rJRvqICk,CsDsDrdU,76.0
1018,0,AmahvgQB,rJRvqICk,76.0
1018,0,aYSqaQmJ,AmahvgQB,76.0
1018,0,zgCGmKZn,aYSqaQmJ,83.0
1018,0,JKFFGKvY,zgCGmKZn,83.0
1018,0,EVAUYvVR,JKFFGKvY,83.0
1018,0,GYfZYaJh,EVAUYvVR,83.0
1018,0,WFZVQzrl,GYfZYaJh,84.0
1018,0,tRncbstl,WFZVQzrl,84.0
1018,0,gLCWwgiT,tRncbstl,84.0
1018,0,jTofnsvB,gLCWwgiT,84.0
1018,0,elmHqfIN,jTofnsvB,89.0
1018,0,YhQOzAWJ,elmHqfIN,89.0
1018,0,mexFgKBp,YhQOzAWJ,89.0
1018,0,FUctipSE,mexFgKBp,106.0
1018,0,PWitnUnB,FUctipSE,106.0
1018,0,FrOiWYSP,PWitnUnB,207.0
1018,0,mNGfniSu,FrOiWYSP,207.0
1018,0,MtINPaKl,mNGfniSu,207.0
1018,0,SGVPbDEb,MtINPaKl,207.0
1018,0,DpeufCiu,SGVPbDEb,207.0
1018,0,FaHpkwNs,DpeufCiu,207.0
1018,0,kohCEyKT,FaHpkwNs,207.0
1018,0,DHQRQBBP,kohCEyKT,207.0
1018,0,ZKEtlMvK,DHQRQBBP,207.0
1018,0,pjRBTtLk,ZKEtlMvK,207.0
1018,0,vnfcOAch,pjRBTtLk,207.0
1018,0,ryJVAbFB,vnfcOAch,207.0
1018,0,ttVqQknl,ryJVAbFB,207.0
1018,0,aZtqChJJ,ttVqQknl,207.0
1018,0,wrFiwNtD,aZtqChJJ,207.0
1018,0,deapEAbC,wrFiwNtD,207.0
1018,0,nunLDRbE,deapEAbC,207.0
1018,0,QbrsudyQ,nunLDRbE,207.0
1018,0,oRUBDfuD,QbrsudyQ,207.0
1018,0,qQJgvOFz,oRUBDfuD,207.0
1018,0,kbNsckqG,qQJgvOFz,207.0
1018,0,VHmQaoRO,kbNsckqG,207.0
1018,0,MlXQVZuf,VHmQaoRO,207.0
1018,0,QxkHLGuk,MlXQVZuf,207.0
1018,0,oLzlCKof,QxkHLGuk,207.0
1018,0,AQHsowCO,oLzlCKof,207.0
1018,0,eHBdrFbQ,AQHsowCO,207.0
1018,0,nermFKBU,eHBdrFbQ,207.0
1018,0,syNMMSsu,nermFKBU,207.0
1018,0,aEhaaulL,syNMMSsu,207.0
1018,0,bzkCWXwV,aEhaaulL,207.0
1018,0,rPcYYZtd,bzkCWXwV,207.0
1018,0,ngtiheSM,rPcYYZtd,207.0
1018,0,uxBjVsKf,ngtiheSM,207.0
1018,0,hvwrhWFk,uxBjVsKf,207.0
1018,0,azqUKhQu,hvwrhWFk,207.0
122,0,WdOwNGhj,xfbmoJHP,5.0
122,0,kKKRBhFF,WdOwNGhj,5.0
122,0,NFInfBeu,kKKRBhFF,5.0
122,0,VCQdmIoF,NFInfBeu,5.0
122,0,ePrpofUw,VCQdmIoF,5.0
122,0,KcvPUxQg,ePrpofUw,5.0
122,0,BlnSxBAr,KcvPUxQg,5.0
122,0,TCBUGaZf,BlnSxBAr,5.0
122,0,pzcCDVmZ,TCBUGaZf,5.0
122,0,oUmVLfUX,pzcCDVmZ,5.0
122,0,fJdABIlw,oUmVLfUX,5.0
122,0,mXwfazRz,fJdABIlw,5.0
122,0,NGAodVTg,mXwfazRz,4.0
122,0,TvGyfQSI,NGAodVTg,4.0
122,0,HFYkXdPG,TvGyfQSI,4.0
122,0,KjgVoxgR,HFYkXdPG,4.0
122,0,xTOrUJFO,KjgVoxgR,4.0
122,0,EmkugZPX,xTOrUJFO,4.0
122,0,lmZJehpq,EmkugZPX,4.0
122,0,tDDddUJb,lmZJehpq,4.0
122,0,RVGhYAxc,tDDddUJb,4.0
122,0,BpAiVnps,RVGhYAxc,3.0
777,0,zBPHjWVd,aNlaxeLS,1761.0
777,0,rPcYYZtd,zBPHjWVd,1929.0
777,0,ngtiheSM,rPcYYZtd,1929.0
777,0,uxBjVsKf,ngtiheSM,2190.0
777,0,hvwrhWFk,uxBjVsKf,2318.0
777,0,azqUKhQu,hvwrhWFk,2318.0
777,0,UTnQirag,GpOUDfXM,965.0
777,0,tkWZZFES,UTnQirag,965.0
777,0,JKUqFAhf,tkWZZFES,990.0
777,0,NTCwKKsF,JKUqFAhf,991.0
777,0,xnXFAboh,NTCwKKsF,991.0
777,0,yHCBRtBd,xnXFAboh,1093.0
777,0,YYKDBDRS,yHCBRtBd,1093.0
777,0,CDXhVrrJ,YYKDBDRS,1093.0
777,0,khOlLZay,CDXhVrrJ,1568.0
777,0,pzScocJN,khOlLZay,1568.0
777,0,AOtPxxNt,pzScocJN,1574.0
777,0,pFQacbfu,AOtPxxNt,1593.0
777,0,ZecyfkGE,pFQacbfu,1593.0
777,0,aNlaxeLS,ZecyfkGE,1593.0
777,0,lOyAoICg,CbcrfuAf,798.0
777,0,GpOUDfXM,lOyAoICg,798.0
777,0,KzCxlBoL,SEVBrkvc,18.0
777,0,qPtpgxic,KzCxlBoL,18.0
777,0,RyPegcUV,qPtpgxic,85.0
777,0,gGkadTNm,RyPegcUV,85.0
777,0,CbcrfuAf,gGkadTNm,103.0
1512,0,YvwuVYMF,FjwhCXAK,511.0
50,0,FjwhCXAK,XsKXZwOQ,76.0
50,0,YvwuVYMF,FjwhCXAK,76.0
733,0,dScsNKLk,FjwhCXAK,5126.0
1434,0,YvwuVYMF,FjwhCXAK,860.0
947,0,tOhgfmkj,hmRIiXJy,12.0
947,0,FjwhCXAK,tOhgfmkj,12.0
947,0,YvwuVYMF,FjwhCXAK,12.0
130,0,pcONCDTC,CkSrqRXW,2.0
1275,0,XsKXZwOQ,TAPXcjBe,40.0
1275,0,FjwhCXAK,XsKXZwOQ,40.0
1275,0,YvwuVYMF,FjwhCXAK,40.0
546,0,ZgqhsueA,eyUKPfnA,4.0
546,0,YvwuVYMF,ZgqhsueA,4.0
944,0,qdLlCZel,VgMINmpb,2.0
1102,0,QPpuxtew,gyQqEnFq,116.0
1102,0,gHkojtqc,QPpuxtew,116.0
1102,0,jiBUapiv,gHkojtqc,118.0
1102,0,ZsSjTAXN,jiBUapiv,118.0
1102,0,QzSmToFg,ZsSjTAXN,118.0
1102,0,YpZAWuci,QzSmToFg,118.0
1102,0,UWROvtjV,YpZAWuci,131.0
1102,0,aHnvxyXJ,UWROvtjV,131.0
1102,0,aBlpKWpT,aHnvxyXJ,135.0
1102,0,RwWmKtXH,aBlpKWpT,135.0
1102,0,iWUiEObr,RwWmKtXH,141.0
1102,0,yGnjFAhM,iWUiEObr,158.0
1102,0,sAYtjSkX,yGnjFAhM,158.0
1102,0,yhYCDbZJ,sAYtjSkX,159.0
1102,0,ebBIwNsf,yhYCDbZJ,159.0
1102,0,BzJNmTUM,ebBIwNsf,164.0
1102,0,qLEwgwyN,BzJNmTUM,164.0
1102,0,WDOOnJlC,qLEwgwyN,164.0
1102,0,EjMZgDJt,WDOOnJlC,199.0
1102,0,BDSRgQTg,EjMZgDJt,199.0
1102,0,cVeADzkw,BDSRgQTg,205.0
1102,0,pySAVSoY,cVeADzkw,205.0
1102,0,kMrSvhcD,pySAVSoY,205.0
1102,0,ImuPiggn,kMrSvhcD,205.0
1102,0,SdEWNrvb,ImuPiggn,211.0
1102,0,ZIvIwqTW,SdEWNrvb,211.0
1102,0,beniIHzL,ZIvIwqTW,341.0
1102,0,uaUalZjh,beniIHzL,341.0
1102,0,rwSrBzDN,uaUalZjh,458.0
779,0,uaUalZjh,beniIHzL,117.0
141,0,TAPXcjBe,CbcrfuAf,35.0
141,0,XsKXZwOQ,TAPXcjBe,35.0
141,0,hmRIiXJy,XsKXZwOQ,37.0
141,0,tOhgfmkj,hmRIiXJy,40.0
141,0,FjwhCXAK,tOhgfmkj,40.0
141,0,dScsNKLk,FjwhCXAK,41.0
141,0,mhrRBZGj,dScsNKLk,94.0
141,0,XvoliiTU,mhrRBZGj,94.0
141,0,BjKGijLD,XvoliiTU,94.0
141,0,RyPegcUV,qPtpgxic,18.0
141,0,gGkadTNm,RyPegcUV,18.0
141,0,CbcrfuAf,gGkadTNm,18.0
375,0,knCDNjnp,mLBQtksd,1.0
375,0,nYVfIRsk,knCDNjnp,1.0
375,0,CqefHKGq,nYVfIRsk,1.0
375,0,rSnWVhOw,CqefHKGq,1.0
375,0,RuAJZyMI,rSnWVhOw,1.0
375,0,MtINPaKl,RuAJZyMI,1.0
375,0,SGVPbDEb,MtINPaKl,1.0
375,0,DpeufCiu,SGVPbDEb,1.0
375,0,FaHpkwNs,DpeufCiu,1.0
375,0,kohCEyKT,FaHpkwNs,1.0
375,0,DHQRQBBP,kohCEyKT,1.0
375,0,ZKEtlMvK,DHQRQBBP,1.0
375,0,pjRBTtLk,ZKEtlMvK,1.0
375,0,vnfcOAch,pjRBTtLk,1.0
375,0,ryJVAbFB,vnfcOAch,1.0
375,0,ttVqQknl,ryJVAbFB,1.0
375,0,aZtqChJJ,ttVqQknl,1.0
375,0,wrFiwNtD,aZtqChJJ,1.0
375,0,deapEAbC,wrFiwNtD,1.0
375,0,nunLDRbE,deapEAbC,1.0
375,0,QbrsudyQ,nunLDRbE,1.0
375,0,oRUBDfuD,QbrsudyQ,1.0
375,0,qQJgvOFz,oRUBDfuD,1.0
375,0,kbNsckqG,qQJgvOFz,1.0
375,0,VHmQaoRO,kbNsckqG,1.0
375,0,MlXQVZuf,VHmQaoRO,2.0
375,0,QxkHLGuk,MlXQVZuf,2.0
375,0,sxnLITXs,QxkHLGuk,4.0
375,0,oLzlCKof,sxnLITXs,4.0
375,0,IyDNJzPw,oLzlCKof,4.0
375,0,AQHsowCO,IyDNJzPw,4.0
375,0,eHBdrFbQ,AQHsowCO,4.0
375,0,nermFKBU,eHBdrFbQ,4.0
375,0,syNMMSsu,nermFKBU,4.0
375,0,aEhaaulL,syNMMSsu,4.0
375,0,bzkCWXwV,aEhaaulL,4.0
375,0,rPcYYZtd,bzkCWXwV,4.0
375,0,ngtiheSM,rPcYYZtd,10.0
375,0,uxBjVsKf,ngtiheSM,10.0
375,0,CgMBzfIg,uxBjVsKf,10.0
375,0,azqUKhQu,CgMBzfIg,10.0
375,0,cNvMQUdA,azqUKhQu,10.0
375,0,YoiymRxk,cNvMQUdA,10.0
375,0,fkorQYac,YoiymRxk,10.0
375,0,NtHXPmMe,fkorQYac,10.0
733,0,JScPHHNr,dScsNKLk,3958.0
141,0,SEVBrkvc,ojqTFFWy,3.0
141,0,KzCxlBoL,SEVBrkvc,3.0
141,0,qPtpgxic,KzCxlBoL,3.0
141,0,kfbZMUOE,BjKGijLD,71.0
141,0,RaPTCLQp,kfbZMUOE,71.0
903,0,ZJxogzZw,wcUGKfLa,48.0
903,0,aRCjtsfP,ZJxogzZw,48.0
903,0,aPKnTaHY,aRCjtsfP,60.0
903,0,ZxAfSTio,aPKnTaHY,60.0
903,0,PfzzVLdD,ZxAfSTio,60.0
903,0,MNMOMIBL,PfzzVLdD,61.0
903,0,ySoPUuJQ,MNMOMIBL,61.0
903,0,fGauMtcM,ySoPUuJQ,61.0
903,0,mPXKcTmk,fGauMtcM,55.0
903,0,moYdstNu,mPXKcTmk,55.0
942,0,KgwKZlse,FZsFzszJ,25.0
942,0,FZsFzszJ,gGkadTNm,1.0
369,0,BsovYeFI,azqUKhQu,2172.0
1018,0,BsovYeFI,azqUKhQu,183.0
777,0,BsovYeFI,azqUKhQu,2311.0
777,0,SEVBrkvc,ojqTFFWy,14.0
899,0,pMQyFYNH,CFKdtsYk,56.0
931,0,DetNfbBu,qeXIqBgp,1434.0
931,0,KENvRSom,DetNfbBu,1546.0
931,0,ZMwphzOX,KENvRSom,1546.0
931,0,ePAEtpYE,ZMwphzOX,1948.0
931,0,YnixWiwg,ePAEtpYE,1948.0
931,0,BlXLXEoe,YnixWiwg,1948.0
931,0,QsFYEMLP,BlXLXEoe,1948.0
931,0,vcQVCkqQ,QsFYEMLP,1718.0
931,0,TzBLFSKE,vcQVCkqQ,1652.0
931,0,MmmkWPfy,TzBLFSKE,1652.0
931,0,OoTDKQHC,MmmkWPfy,1185.0
931,0,QZMOUeIv,OoTDKQHC,942.0
931,0,zAjDuGWM,QZMOUeIv,942.0
931,0,JojiQTkQ,zAjDuGWM,80.0
931,0,woHRqfeu,JojiQTkQ,80.0
936,0,yJFAEWOL,UfJzwqHV,1.0
936,0,BJyyGCqV,yJFAEWOL,1.0
936,0,gZsXxpWQ,BJyyGCqV,1.0
936,0,aXBkDCtb,gZsXxpWQ,1.0
936,0,QgJihzqk,aXBkDCtb,1.0
936,0,IojsotKp,QgJihzqk,1.0
936,0,RrjncJTc,IojsotKp,1.0
936,0,pQuyecaE,RrjncJTc,2.0
936,0,cdkVqwDW,pQuyecaE,2.0
936,0,QOEvNTvQ,cdkVqwDW,2.0
936,0,RElITdVd,QOEvNTvQ,2.0
936,0,woHRqfeu,RElITdVd,2.0
1682,0,RTafItqF,ojqTFFWy,3.0
899,0,PTCqqgjS,pMQyFYNH,52.0
899,0,lOyAoICg,CbcrfuAf,30.0
899,0,GpOUDfXM,lOyAoICg,30.0
900,0,ZJxogzZw,wcUGKfLa,46.0
900,0,aRCjtsfP,ZJxogzZw,46.0
900,0,aPKnTaHY,aRCjtsfP,59.0
900,0,ZxAfSTio,aPKnTaHY,59.0
900,0,oQmOaQyB,ZxAfSTio,59.0
900,0,BSlPgNeK,oQmOaQyB,59.0
899,0,gGkadTNm,RyPegcUV,14.0
899,0,CbcrfuAf,gGkadTNm,16.0
1408,0,XfgrRxbI,ejMjPdTH,1156.0
1408,0,UfJzwqHV,XfgrRxbI,1156.0
1408,0,yJFAEWOL,UfJzwqHV,1688.0
1408,0,BJyyGCqV,yJFAEWOL,1688.0
1408,0,gZsXxpWQ,BJyyGCqV,1688.0
1408,0,aXBkDCtb,gZsXxpWQ,1595.0
1408,0,QgJihzqk,aXBkDCtb,1595.0
1408,0,IojsotKp,QgJihzqk,1595.0
1408,0,NNAcmEYB,IojsotKp,1661.0
742,0,vjVhbIrq,ZEJEKYue,4.0
742,0,LeICPOtv,vjVhbIrq,4.0
742,0,WhCgdKgR,LeICPOtv,4.0
742,0,eyUKPfnA,WhCgdKgR,4.0
742,0,TabXWeiJ,eyUKPfnA,3.0
742,0,tDhKnafe,TabXWeiJ,3.0
742,0,iGMYbQYg,tDhKnafe,2.0
742,0,HeSMGtlu,iGMYbQYg,2.0
742,0,ZgqhsueA,HeSMGtlu,2.0
742,0,GYxWnXpv,ZgqhsueA,2.0
742,0,mkpQpPSv,GYxWnXpv,2.0
742,0,EIHKZlEa,mkpQpPSv,2.0
742,0,oYdkYEMp,EIHKZlEa,2.0
742,0,TkHOmLHQ,oYdkYEMp,2.0
742,0,SwTowoaO,TkHOmLHQ,2.0
742,0,YvwuVYMF,SwTowoaO,2.0
742,0,vDFCntfg,YvwuVYMF,2.0
742,0,iEKDTvNf,vDFCntfg,2.0
742,0,MyGqmywG,iEKDTvNf,2.0
742,0,NxbXiMUL,MyGqmywG,2.0
742,0,XLVjRryq,NxbXiMUL,2.0
742,0,RVEyrwjR,XLVjRryq,2.0
742,0,gzTQJVMW,RVEyrwjR,2.0
742,0,FZsFzszJ,gzTQJVMW,2.0
742,0,KgwKZlse,FZsFzszJ,2.0
742,0,ALhaazBT,KgwKZlse,2.0
742,0,YqlTLIQa,ALhaazBT,2.0
742,0,AUmOMGnp,YqlTLIQa,1.0
742,0,ejMjPdTH,AUmOMGnp,1.0
135,0,BLvXEzeq,gzTQJVMW,46.0
135,0,KgwKZlse,BLvXEzeq,45.0
135,0,AoRkaUmb,KgwKZlse,45.0
135,0,ALhaazBT,AoRkaUmb,45.0
135,0,YqlTLIQa,ALhaazBT,41.0
135,0,AUmOMGnp,YqlTLIQa,41.0
135,0,XFPAZveS,AUmOMGnp,40.0
135,0,ojqTFFWy,XFPAZveS,17.0
902,0,mhrRBZGj,dScsNKLk,86.0
902,0,XvoliiTU,mhrRBZGj,86.0
902,0,BjKGijLD,XvoliiTU,86.0
902,0,kfbZMUOE,BjKGijLD,86.0
902,0,RaPTCLQp,kfbZMUOE,86.0
902,0,IZbIkfGA,RaPTCLQp,92.0
902,0,UJfkeWEN,IZbIkfGA,92.0
902,0,MlIkmoKa,UJfkeWEN,92.0
902,0,FIOYHASJ,MlIkmoKa,92.0
902,0,KMHCIdcu,FIOYHASJ,92.0
902,0,GiBhHxRo,KMHCIdcu,86.0
1102,0,MEtvPAvc,rwSrBzDN,409.0
1102,0,GqIywbYh,MEtvPAvc,409.0
1102,0,wRFZkBWU,GqIywbYh,409.0
1102,0,TUmpHOaB,wRFZkBWU,409.0
134,0,SEVBrkvc,ojqTFFWy,21.0
134,0,KzCxlBoL,SEVBrkvc,22.0
134,0,qPtpgxic,KzCxlBoL,22.0
134,0,RyPegcUV,qPtpgxic,34.0
134,0,gGkadTNm,RyPegcUV,34.0
134,0,CbcrfuAf,gGkadTNm,36.0
134,0,TAPXcjBe,CbcrfuAf,69.0
134,0,XsKXZwOQ,TAPXcjBe,69.0
134,0,hmRIiXJy,XsKXZwOQ,75.0
134,0,tOhgfmkj,hmRIiXJy,75.0
134,0,FjwhCXAK,tOhgfmkj,75.0
134,0,dScsNKLk,FjwhCXAK,89.0
134,0,prUQvyGs,dScsNKLk,277.0
134,0,FTnfVqbf,prUQvyGs,277.0
134,0,ncqAMIfe,FTnfVqbf,277.0
134,0,uHruDGLY,ncqAMIfe,277.0
134,0,FOXeQKOT,uHruDGLY,49.0
134,0,FesfYZEN,FOXeQKOT,34.0
751,0,MQGhRgQS,VwYVTziR,564.0
751,0,vHRzQkLM,MQGhRgQS,567.0
751,0,oPITKJYe,vHRzQkLM,567.0
751,0,POTYMsFk,oPITKJYe,567.0
751,0,LuAURVPA,POTYMsFk,533.0
751,0,DfYzlKXm,LuAURVPA,533.0
899,0,SEVBrkvc,ojqTFFWy,11.0
899,0,KzCxlBoL,SEVBrkvc,11.0
899,0,qPtpgxic,KzCxlBoL,11.0
899,0,RyPegcUV,qPtpgxic,11.0
132,0,TAPXcjBe,CbcrfuAf,10.0
132,0,XsKXZwOQ,TAPXcjBe,10.0
132,0,hmRIiXJy,XsKXZwOQ,10.0
132,0,tOhgfmkj,hmRIiXJy,10.0
132,0,FjwhCXAK,tOhgfmkj,10.0
132,0,dScsNKLk,FjwhCXAK,10.0
132,0,JScPHHNr,dScsNKLk,21.0
132,0,BXAColfX,JScPHHNr,21.0
132,0,TenjteTV,BXAColfX,21.0
132,0,oFbMGQKy,TenjteTV,21.0
132,0,tTpRqbZv,oFbMGQKy,21.0
132,0,uzgDjeSU,tTpRqbZv,21.0
132,0,RvWjyDDD,uzgDjeSU,21.0
132,0,diAYwowt,RvWjyDDD,34.0
132,0,safClnnY,diAYwowt,34.0
132,0,tqLrxYqg,safClnnY,38.0
132,0,OrpTuTll,tqLrxYqg,23.0
132,0,oIfrlpqH,OrpTuTll,22.0
132,0,SEVBrkvc,ojqTFFWy,4.0
132,0,KzCxlBoL,SEVBrkvc,5.0
132,0,qPtpgxic,KzCxlBoL,5.0
132,0,RyPegcUV,qPtpgxic,5.0
132,0,gGkadTNm,RyPegcUV,5.0
132,0,CbcrfuAf,gGkadTNm,6.0
902,0,MzxDaMZj,GiBhHxRo,98.0
369,0,oeTroIck,BsovYeFI,1860.0
369,0,LlpMjrks,oeTroIck,1860.0
369,0,tnRCfdJr,LlpMjrks,1860.0
369,0,EWoqQawU,tnRCfdJr,1860.0
369,0,lRwzpFEA,EWoqQawU,1860.0
369,0,HJijptKA,lRwzpFEA,1857.0
369,0,wcUGKfLa,HJijptKA,1841.0
1018,0,oeTroIck,BsovYeFI,163.0
1018,0,LlpMjrks,oeTroIck,163.0
1018,0,tnRCfdJr,LlpMjrks,163.0
1018,0,EWoqQawU,tnRCfdJr,163.0
1018,0,lRwzpFEA,EWoqQawU,163.0
1018,0,HJijptKA,lRwzpFEA,163.0
1018,0,pkAaqtnD,HJijptKA,163.0
1018,0,mAREpQlu,pkAaqtnD,163.0
43,0,NuyYqrDq,BaKUDeNn,3.0
43,0,gpaAUChy,NuyYqrDq,3.0
43,0,IgEBJNwX,gpaAUChy,3.0
43,0,NCVzutVL,IgEBJNwX,3.0
43,0,cTQVugNT,NCVzutVL,3.0
43,0,cNypyxpr,cTQVugNT,3.0
43,0,WRVBvtIE,cNypyxpr,3.0
43,0,RuAJZyMI,WRVBvtIE,3.0
43,0,MtINPaKl,RuAJZyMI,3.0
43,0,SGVPbDEb,MtINPaKl,3.0
43,0,DpeufCiu,SGVPbDEb,3.0
43,0,FaHpkwNs,DpeufCiu,3.0
43,0,kohCEyKT,FaHpkwNs,3.0
43,0,ZKEtlMvK,kohCEyKT,3.0
43,0,pjRBTtLk,ZKEtlMvK,3.0
43,0,vnfcOAch,pjRBTtLk,3.0
43,0,ryJVAbFB,vnfcOAch,3.0
43,0,ttVqQknl,ryJVAbFB,3.0
43,0,aZtqChJJ,ttVqQknl,3.0
43,0,deapEAbC,aZtqChJJ,3.0
43,0,nunLDRbE,deapEAbC,3.0
43,0,oRUBDfuD,nunLDRbE,3.0
43,0,qQJgvOFz,oRUBDfuD,3.0
43,0,kbNsckqG,qQJgvOFz,3.0
43,0,VHmQaoRO,kbNsckqG,3.0
43,0,MlXQVZuf,VHmQaoRO,3.0
43,0,QxkHLGuk,MlXQVZuf,3.0
43,0,oLzlCKof,QxkHLGuk,3.0
43,0,AQHsowCO,oLzlCKof,3.0
43,0,eHBdrFbQ,AQHsowCO,3.0
43,0,nermFKBU,eHBdrFbQ,3.0
43,0,syNMMSsu,nermFKBU,3.0
43,0,aEhaaulL,syNMMSsu,3.0
43,0,bzkCWXwV,aEhaaulL,3.0
43,0,rPcYYZtd,bzkCWXwV,3.0
43,0,ngtiheSM,rPcYYZtd,3.0
43,0,uxBjVsKf,ngtiheSM,3.0
43,0,hvwrhWFk,uxBjVsKf,3.0
43,0,azqUKhQu,hvwrhWFk,3.0
43,0,BsovYeFI,azqUKhQu,3.0
43,0,oeTroIck,BsovYeFI,3.0
43,0,LlpMjrks,oeTroIck,3.0
43,0,tnRCfdJr,LlpMjrks,3.0
43,0,EWoqQawU,tnRCfdJr,3.0
43,0,lRwzpFEA,EWoqQawU,3.0
43,0,HJijptKA,lRwzpFEA,3.0
43,0,pkAaqtnD,HJijptKA,3.0
43,0,mAREpQlu,pkAaqtnD,3.0
777,0,oeTroIck,BsovYeFI,1744.0
777,0,LlpMjrks,oeTroIck,1775.0
777,0,tnRCfdJr,LlpMjrks,1775.0
777,0,EWoqQawU,tnRCfdJr,1775.0
777,0,lRwzpFEA,EWoqQawU,1775.0
777,0,HJijptKA,lRwzpFEA,1775.0
777,0,pkAaqtnD,HJijptKA,1767.0
777,0,mAREpQlu,pkAaqtnD,1767.0
902,0,pkAaqtnD,aPOYjvXT,61.0
902,0,mAREpQlu,pkAaqtnD,61.0
899,0,pkAaqtnD,aPOYjvXT,75.0
899,0,mAREpQlu,pkAaqtnD,75.0
131,0,RyPegcUV,qPtpgxic,19.0
131,0,gGkadTNm,RyPegcUV,19.0
131,0,CbcrfuAf,gGkadTNm,19.0
131,0,TAPXcjBe,CbcrfuAf,21.0
131,0,XsKXZwOQ,TAPXcjBe,21.0
131,0,hmRIiXJy,XsKXZwOQ,23.0
131,0,tOhgfmkj,hmRIiXJy,24.0
131,0,FjwhCXAK,tOhgfmkj,24.0
131,0,dScsNKLk,FjwhCXAK,24.0
131,0,JScPHHNr,dScsNKLk,32.0
131,0,BXAColfX,JScPHHNr,32.0
131,0,TenjteTV,BXAColfX,32.0
131,0,oFbMGQKy,TenjteTV,32.0
131,0,tTpRqbZv,oFbMGQKy,32.0
131,0,uzgDjeSU,tTpRqbZv,32.0
131,0,RvWjyDDD,uzgDjeSU,32.0
131,0,diAYwowt,RvWjyDDD,41.0
131,0,safClnnY,diAYwowt,41.0
131,0,CkSrqRXW,safClnnY,1.0
826,0,aFNbJDFF,mAREpQlu,238.0
733,0,BXAColfX,JScPHHNr,3557.0
733,0,TenjteTV,BXAColfX,3557.0
733,0,oFbMGQKy,TenjteTV,3557.0
733,0,tTpRqbZv,oFbMGQKy,3557.0
733,0,uzgDjeSU,tTpRqbZv,3557.0
733,0,RvWjyDDD,uzgDjeSU,3557.0
1102,0,kZbxJItD,TUmpHOaB,316.0
1102,0,WBGMFkPq,kZbxJItD,316.0
1102,0,ZrJSsOtw,WBGMFkPq,316.0
131,0,SEVBrkvc,ojqTFFWy,12.0
131,0,KzCxlBoL,SEVBrkvc,17.0
131,0,qPtpgxic,KzCxlBoL,17.0
826,0,WRVBvtIE,aWeSqqrV,8.0
826,0,RuAJZyMI,WRVBvtIE,8.0
826,0,MtINPaKl,RuAJZyMI,10.0
826,0,SGVPbDEb,MtINPaKl,10.0
826,0,DpeufCiu,SGVPbDEb,10.0
826,0,FaHpkwNs,DpeufCiu,10.0
826,0,kohCEyKT,FaHpkwNs,10.0
826,0,DHQRQBBP,kohCEyKT,10.0
826,0,ZKEtlMvK,DHQRQBBP,10.0
826,0,pjRBTtLk,ZKEtlMvK,10.0
826,0,vnfcOAch,pjRBTtLk,10.0
826,0,ryJVAbFB,vnfcOAch,10.0
826,0,ttVqQknl,ryJVAbFB,10.0
826,0,aZtqChJJ,ttVqQknl,10.0
826,0,wrFiwNtD,aZtqChJJ,10.0
826,0,deapEAbC,wrFiwNtD,11.0
826,0,nunLDRbE,deapEAbC,11.0
826,0,QbrsudyQ,nunLDRbE,11.0
826,0,oRUBDfuD,QbrsudyQ,11.0
826,0,qQJgvOFz,oRUBDfuD,11.0
826,0,kbNsckqG,qQJgvOFz,98.0
826,0,VHmQaoRO,kbNsckqG,98.0
826,0,MlXQVZuf,VHmQaoRO,98.0
826,0,QxkHLGuk,MlXQVZuf,98.0
826,0,sxnLITXs,QxkHLGuk,98.0
826,0,oLzlCKof,sxnLITXs,98.0
826,0,IyDNJzPw,oLzlCKof,98.0
826,0,AQHsowCO,IyDNJzPw,99.0
826,0,eHBdrFbQ,AQHsowCO,101.0
826,0,nermFKBU,eHBdrFbQ,119.0
826,0,syNMMSsu,nermFKBU,119.0
826,0,aEhaaulL,syNMMSsu,119.0
826,0,bzkCWXwV,aEhaaulL,132.0
826,0,rPcYYZtd,bzkCWXwV,132.0
826,0,ngtiheSM,rPcYYZtd,196.0
826,0,uxBjVsKf,ngtiheSM,196.0
826,0,hvwrhWFk,uxBjVsKf,196.0
826,0,azqUKhQu,hvwrhWFk,196.0
826,0,BsovYeFI,azqUKhQu,197.0
826,0,oeTroIck,BsovYeFI,197.0
826,0,LlpMjrks,oeTroIck,198.0
826,0,tnRCfdJr,LlpMjrks,198.0
826,0,EWoqQawU,tnRCfdJr,198.0
826,0,lRwzpFEA,EWoqQawU,198.0
826,0,HJijptKA,lRwzpFEA,198.0
826,0,pkAaqtnD,HJijptKA,198.0
826,0,mAREpQlu,pkAaqtnD,198.0
826,0,JGMtXKXa,aFNbJDFF,237.0
1102,0,gXuuFtgr,ZrJSsOtw,171.0
1102,0,AqLhpCGg,gXuuFtgr,171.0
733,0,NpVJqtjU,RvWjyDDD,2454.0
733,0,SVKOBqwN,NpVJqtjU,2454.0
733,0,jUFdobJP,SVKOBqwN,2454.0
1102,0,oGtLXKlU,AqLhpCGg,152.0
1102,0,fpLsOzrX,oGtLXKlU,73.0
1102,0,qkDUPxQJ,fpLsOzrX,73.0
826,0,DwCsfBrf,JGMtXKXa,210.0
826,0,uiqniiby,DwCsfBrf,210.0
826,0,tWWfaWxU,uiqniiby,210.0
826,0,foYyjDus,tWWfaWxU,210.0
826,0,sqMuVqoE,foYyjDus,193.0
822,0,kbNsckqG,qQJgvOFz,65.0
822,0,VHmQaoRO,kbNsckqG,65.0
822,0,MlXQVZuf,VHmQaoRO,65.0
822,0,QxkHLGuk,MlXQVZuf,65.0
822,0,sxnLITXs,QxkHLGuk,68.0
822,0,oLzlCKof,sxnLITXs,88.0
822,0,AQHsowCO,oLzlCKof,88.0
822,0,eHBdrFbQ,AQHsowCO,88.0
822,0,nermFKBU,eHBdrFbQ,88.0
822,0,syNMMSsu,nermFKBU,88.0
822,0,aEhaaulL,syNMMSsu,88.0
822,0,bzkCWXwV,aEhaaulL,106.0
822,0,rPcYYZtd,bzkCWXwV,106.0
822,0,ngtiheSM,rPcYYZtd,228.0
822,0,uxBjVsKf,ngtiheSM,228.0
822,0,hvwrhWFk,uxBjVsKf,238.0
822,0,azqUKhQu,hvwrhWFk,238.0
822,0,BsovYeFI,azqUKhQu,241.0
822,0,oeTroIck,BsovYeFI,275.0
822,0,LlpMjrks,oeTroIck,277.0
822,0,tnRCfdJr,LlpMjrks,277.0
822,0,EWoqQawU,tnRCfdJr,277.0
822,0,lRwzpFEA,EWoqQawU,277.0
822,0,EZonlaGf,lRwzpFEA,389.0
822,0,LnttpfXJ,EZonlaGf,389.0
822,0,nunLDRbE,deapEAbC,47.0
822,0,oRUBDfuD,nunLDRbE,47.0
822,0,qQJgvOFz,oRUBDfuD,47.0
733,0,stYOAUgx,jUFdobJP,2506.0
733,0,qatuIGdU,stYOAUgx,2506.0
826,0,zqVKryrK,sqMuVqoE,187.0
822,0,pjnGNdLD,LnttpfXJ,368.0
777,0,MZocsETE,mAREpQlu,507.0
777,0,wJsysHnP,MZocsETE,507.0
777,0,qoKVVYVH,wJsysHnP,507.0
777,0,ZbBLjsKS,qoKVVYVH,507.0
1102,0,ywTbPNnN,qkDUPxQJ,51.0
1102,0,XQUhYonT,ywTbPNnN,51.0
1102,0,kGQEnBYZ,XQUhYonT,51.0
733,0,DZhNCgqR,qatuIGdU,2552.0
733,0,XNqNMdqz,DZhNCgqR,2552.0
733,0,oUlRzwnE,XNqNMdqz,2552.0
826,0,AlojXgfn,zqVKryrK,167.0
1345,0,vRWSdFEN,DLdtTvFi,13.0
1345,0,tDDddUJb,vRWSdFEN,13.0
1345,0,RVGhYAxc,tDDddUJb,13.0
1345,0,BpAiVnps,RVGhYAxc,13.0
868,0,eYsqUgzf,jQlVbeqW,68.0
868,0,CGfCHyje,eYsqUgzf,68.0
868,0,qflzswAf,CGfCHyje,67.0
777,0,VvfGvRfV,ZbBLjsKS,498.0
777,0,gjjwmxRV,VvfGvRfV,498.0
777,0,sXTxOtpY,gjjwmxRV,498.0
777,0,aLhLfQkP,sXTxOtpY,480.0
777,0,eeUAfDeR,aLhLfQkP,480.0
777,0,sJpWePxb,eeUAfDeR,480.0
777,0,vBjvcVSA,sJpWePxb,2.0
777,0,TFYkWDkw,vBjvcVSA,1.0
777,0,JpVXpSar,TFYkWDkw,1.0
1099,0,foDxbakc,xDEugDFx,1.0
1099,0,bGilRaMJ,foDxbakc,1.0
822,0,TJYuPZgz,pjnGNdLD,364.0
822,0,fvMkSwKl,TJYuPZgz,40.0
822,0,cNypyxpr,cTQVugNT,12.0
822,0,RuAJZyMI,cNypyxpr,13.0
822,0,MtINPaKl,RuAJZyMI,13.0
822,0,SGVPbDEb,MtINPaKl,13.0
822,0,DpeufCiu,SGVPbDEb,13.0
822,0,FaHpkwNs,DpeufCiu,13.0
822,0,kohCEyKT,FaHpkwNs,13.0
822,0,DHQRQBBP,kohCEyKT,13.0
822,0,ZKEtlMvK,DHQRQBBP,13.0
822,0,pjRBTtLk,ZKEtlMvK,13.0
822,0,vnfcOAch,pjRBTtLk,13.0
822,0,ryJVAbFB,vnfcOAch,13.0
822,0,ttVqQknl,ryJVAbFB,13.0
822,0,aZtqChJJ,ttVqQknl,13.0
822,0,wrFiwNtD,aZtqChJJ,13.0
822,0,deapEAbC,wrFiwNtD,13.0
826,0,oahiQKZf,AlojXgfn,26.0
826,0,LJERpsJx,oahiQKZf,11.0
826,0,NgxTtWek,LJERpsJx,11.0
826,0,pTibEDEI,NgxTtWek,11.0
741,0,hmRIiXJy,XsKXZwOQ,2.0
741,0,tOhgfmkj,hmRIiXJy,2.0
741,0,FjwhCXAK,tOhgfmkj,2.0
741,0,YvwuVYMF,FjwhCXAK,2.0
741,0,JScPHHNr,YvwuVYMF,3.0
741,0,BXAColfX,JScPHHNr,3.0
741,0,TenjteTV,BXAColfX,3.0
741,0,oFbMGQKy,TenjteTV,3.0
741,0,tTpRqbZv,oFbMGQKy,3.0
741,0,uzgDjeSU,tTpRqbZv,3.0
741,0,RvWjyDDD,uzgDjeSU,3.0
741,0,NpVJqtjU,RvWjyDDD,3.0
741,0,SVKOBqwN,NpVJqtjU,3.0
741,0,jUFdobJP,SVKOBqwN,3.0
741,0,stYOAUgx,jUFdobJP,3.0
741,0,qatuIGdU,stYOAUgx,3.0
741,0,DZhNCgqR,qatuIGdU,6.0
741,0,XNqNMdqz,DZhNCgqR,6.0
741,0,oUlRzwnE,XNqNMdqz,6.0
741,0,ZEJEKYue,oUlRzwnE,7.0
741,0,RyPegcUV,qPtpgxic,1.0
741,0,gGkadTNm,RyPegcUV,1.0
741,0,CbcrfuAf,gGkadTNm,1.0
741,0,TAPXcjBe,CbcrfuAf,1.0
741,0,XsKXZwOQ,TAPXcjBe,1.0
1102,0,TRrMduWd,kGQEnBYZ,27.0
1102,0,wdZlcJUN,TRrMduWd,32.0
1102,0,HHtnqjHj,wdZlcJUN,32.0
778,0,QHzfYnaE,wXJrQzdz,32.0
778,0,ZKmlngva,QHzfYnaE,32.0
733,0,XQGQJTfc,oUlRzwnE,2499.0
733,0,YJlimzmz,XQGQJTfc,2499.0
733,0,GFyDwjlp,YJlimzmz,2499.0
733,0,RhHvrSFQ,GFyDwjlp,2499.0
733,0,cCtcUCYS,RhHvrSFQ,2499.0
733,0,bInfxKVp,cCtcUCYS,2515.0
1665,0,mkJuKiBe,PFPLEnYs,2214.0
547,0,xiCfcAgb,AszcEtOu,450.0
547,0,bsQVAuyn,xiCfcAgb,450.0
547,0,bmUdUOzs,bsQVAuyn,452.0
547,0,qPtpgxic,bmUdUOzs,455.0
547,0,gGkadTNm,qPtpgxic,458.0
547,0,dScsNKLk,gGkadTNm,460.0
547,0,RvWjyDDD,dScsNKLk,538.0
547,0,qatuIGdU,RvWjyDDD,538.0
547,0,YJlimzmz,qatuIGdU,538.0
547,0,DdFWFvrk,YJlimzmz,538.0
547,0,KCPTYZEU,DdFWFvrk,538.0
547,0,lPZtleot,KCPTYZEU,538.0
129,0,RVGhYAxc,tDDddUJb,216.0
913,0,kKKRBhFF,WdOwNGhj,2.0
913,0,NFInfBeu,kKKRBhFF,2.0
913,0,VCQdmIoF,NFInfBeu,2.0
913,0,ePrpofUw,VCQdmIoF,2.0
913,0,KcvPUxQg,ePrpofUw,2.0
913,0,BlnSxBAr,KcvPUxQg,2.0
913,0,TCBUGaZf,BlnSxBAr,2.0
548,0,qPtpgxic,ojqTFFWy,48.0
548,0,gGkadTNm,qPtpgxic,48.0
548,0,dScsNKLk,gGkadTNm,48.0
548,0,RvWjyDDD,dScsNKLk,48.0
548,0,qatuIGdU,RvWjyDDD,48.0
548,0,YJlimzmz,qatuIGdU,48.0
548,0,DdFWFvrk,YJlimzmz,48.0
548,0,KCPTYZEU,DdFWFvrk,48.0
548,0,lPZtleot,KCPTYZEU,48.0
547,0,AszcEtOu,pdQlgkSh,2.0
547,0,jCwFOmxo,lPZtleot,29.0
542,0,xiCfcAgb,AszcEtOu,7.0
542,0,bsQVAuyn,xiCfcAgb,7.0
542,0,bmUdUOzs,bsQVAuyn,7.0
542,0,qPtpgxic,bmUdUOzs,7.0
542,0,gGkadTNm,qPtpgxic,7.0
542,0,dScsNKLk,gGkadTNm,7.0
542,0,RvWjyDDD,dScsNKLk,9.0
542,0,qatuIGdU,RvWjyDDD,9.0
542,0,YJlimzmz,qatuIGdU,9.0
542,0,DdFWFvrk,YJlimzmz,9.0
542,0,KCPTYZEU,DdFWFvrk,9.0
542,0,lPZtleot,KCPTYZEU,9.0
542,0,jCwFOmxo,lPZtleot,9.0
542,0,fVolLZWv,jCwFOmxo,9.0
542,0,vnGoAIWR,fVolLZWv,9.0
542,0,UPoJKlTB,vnGoAIWR,9.0
542,0,mBDHTawz,UPoJKlTB,9.0
542,0,lMdnIgyP,mBDHTawz,9.0
523,0,FTwVCxQy,pSVDMeCH,536.0
523,0,RFaTWaew,FTwVCxQy,536.0
321,0,hxSTJhOz,zAVZRYih,57.0
321,0,TShNRujB,hxSTJhOz,57.0
1664,0,VNhDHTgU,ymtXIyVJ,1153.0
1664,0,mvZTxord,VNhDHTgU,1153.0
1255,0,PhjcDdmq,ogOCBKAf,905.0
1255,0,bHagonKv,PhjcDdmq,905.0
1255,0,Vlipnutt,bHagonKv,906.0
1567,0,UgzfanVk,sHqmRcRD,307.0
14,0,fOfcyQgJ,cGoHBmgo,1295.0
14,0,YXOKWXAw,fOfcyQgJ,1679.0
14,0,PSjGjQXK,YXOKWXAw,1679.0
480,0,BgYvcKFh,bKKUjGhb,2453.0
480,0,QRrhNfpu,BgYvcKFh,2453.0
480,0,qSowWcvN,QRrhNfpu,2453.0
480,0,vBGGqNND,qSowWcvN,1898.0
1618,0,xIAmzSOf,kltlGPhk,1083.0
1618,0,HFPiIGml,xIAmzSOf,1083.0
1326,0,mZrMXUGc,BZEEPDzF,120.0
1326,0,ovqyecwa,mZrMXUGc,642.0
1326,0,PhEXDKmN,ovqyecwa,642.0
1326,0,vfoMHDCS,PhEXDKmN,642.0
1326,0,LEPzGjdo,vfoMHDCS,642.0
1326,0,VeNIGKmR,LEPzGjdo,581.0
1326,0,vkwWhgCe,VeNIGKmR,581.0
1669,0,SrxxnOEl,zjFHHUbS,112.0
1669,0,AXxrYyXG,SrxxnOEl,112.0
1669,0,QexJFwXO,AXxrYyXG,112.0
1669,0,exRzHfND,QexJFwXO,101.0
1669,0,slwzdYAd,exRzHfND,101.0
1669,0,phodyDNv,slwzdYAd,101.0
1669,0,gcvwQKzE,phodyDNv,96.0
1669,0,RuqLEiFp,gcvwQKzE,96.0
1669,0,jEliwrSM,RuqLEiFp,75.0
1669,0,OUlPxErG,jEliwrSM,75.0
1669,0,SPorkGXj,OUlPxErG,64.0
1669,0,ZqOseExI,SPorkGXj,64.0
1669,0,CrOFTJlw,ZqOseExI,64.0
1669,0,PyGiRErs,CrOFTJlw,64.0
1669,0,qflzswAf,PyGiRErs,49.0
874,0,RuqLEiFp,ZEXMhMxR,139.0
874,0,NAwFzVQz,RuqLEiFp,39.0
874,0,jEliwrSM,NAwFzVQz,39.0
874,0,XsvFZXJo,jEliwrSM,39.0
874,0,SPorkGXj,XsvFZXJo,39.0
874,0,IJbUVGLH,SPorkGXj,39.0
874,0,ZqOseExI,IJbUVGLH,39.0
874,0,FdBCLyPI,ZqOseExI,37.0
874,0,CrOFTJlw,FdBCLyPI,24.0
874,0,PyGiRErs,CrOFTJlw,16.0
874,0,JbCujTci,PyGiRErs,14.0
874,0,WhRBEXGR,JbCujTci,6.0
874,0,wRBXcbqq,WhRBEXGR,6.0
874,0,XXYtSQEl,wRBXcbqq,6.0
874,0,MklhhYCQ,XXYtSQEl,6.0
1349,0,clVXMHJf,suvDbtPR,1.0
1349,0,UXEWVZzP,clVXMHJf,1.0
1349,0,MlYFoaez,UXEWVZzP,1.0
1349,0,XeinAhyy,MlYFoaez,1.0
1349,0,pGpZhRvq,XeinAhyy,1.0
1349,0,alaJPSTW,pGpZhRvq,1.0
1349,0,ngNzeSzC,alaJPSTW,1.0
1349,0,PHuvYJrP,ngNzeSzC,1.0
1349,0,FoxIDeQY,PHuvYJrP,1.0
1349,0,dZoxKDmD,FoxIDeQY,1.0
1349,0,ZOuLYtJj,dZoxKDmD,1.0
1349,0,SGnJOquj,ZOuLYtJj,1.0
1349,0,ogOCBKAf,SGnJOquj,1.0
331,0,MhxjGQjy,UgzfanVk,122.0
331,0,EhUxMFuQ,MhxjGQjy,122.0
331,0,HZcfHzwe,EhUxMFuQ,97.0
331,0,qoWOoICL,HZcfHzwe,97.0
331,0,FwybjYQK,qoWOoICL,97.0
331,0,ZuDlysuz,FwybjYQK,97.0
331,0,IkwHYYuh,ZuDlysuz,97.0
331,0,YzXnYVPd,IkwHYYuh,97.0
331,0,TEKQTTfp,YzXnYVPd,97.0
331,0,ZIPCqImv,TEKQTTfp,97.0
331,0,aWNaUdzp,ZIPCqImv,97.0
331,0,FCsbIOBe,aWNaUdzp,97.0
331,0,gGjwcdJB,FCsbIOBe,97.0
1040,0,CKorGRkE,ejMjPdTH,161.0
601,0,FcOkCcps,qdrjbHYS,703.0
601,0,fFHpEWYG,FcOkCcps,756.0
601,0,jOxyxYyy,fFHpEWYG,757.0
601,0,zOQhKaAF,jOxyxYyy,757.0
273,0,jOxyxYyy,fFHpEWYG,1985.0
273,0,zOQhKaAF,jOxyxYyy,1985.0
600,0,RCkelXPh,eyAJPdep,121.0
601,0,hfsVeMMa,zOQhKaAF,819.0
273,0,hfsVeMMa,zOQhKaAF,2208.0
318,0,QHFmFyLR,EkWBPXmr,1172.0
318,0,neNWquOh,QHFmFyLR,1172.0
318,0,KwaxxmSs,neNWquOh,1184.0
318,0,PSjGjQXK,KwaxxmSs,1217.0
318,0,GnsXgGJX,PSjGjQXK,3755.0
482,0,ifLglfbO,vkAUVqtk,252.0
482,0,hgHcWJof,ifLglfbO,252.0
482,0,qSowWcvN,hgHcWJof,252.0
14,0,GnsXgGJX,PSjGjQXK,2635.0
14,0,VjdckTjW,GnsXgGJX,3314.0
490,0,bKKUjGhb,gFAsBeQM,3520.0
490,0,QRrhNfpu,bKKUjGhb,3541.0
490,0,qSowWcvN,QRrhNfpu,3406.0
480,0,bKKUjGhb,LbKosGpD,2728.0
1741,0,bKKUjGhb,LbKosGpD,831.0
1741,0,QRrhNfpu,bKKUjGhb,829.0
1741,0,qSowWcvN,QRrhNfpu,829.0
480,0,qpacHTVx,cPCRxZjy,404.0
480,0,XFLojCJa,qpacHTVx,404.0
480,0,mHRdWDIt,XFLojCJa,234.0
480,0,NBopaFdP,mHRdWDIt,561.0
480,0,LbKosGpD,NBopaFdP,561.0
490,0,vBGGqNND,qSowWcvN,1269.0
235,0,QHFmFyLR,EkWBPXmr,2669.0
235,0,neNWquOh,QHFmFyLR,2669.0
235,0,KwaxxmSs,neNWquOh,2682.0
235,0,PSjGjQXK,KwaxxmSs,2688.0
235,0,GnsXgGJX,PSjGjQXK,7060.0
235,0,VjdckTjW,GnsXgGJX,7286.0
235,0,ohvLIfWG,VjdckTjW,7290.0
1741,0,vBGGqNND,qSowWcvN,482.0
1374,0,QHFmFyLR,EkWBPXmr,1201.0
1374,0,neNWquOh,QHFmFyLR,1201.0
1374,0,KwaxxmSs,neNWquOh,1214.0
1374,0,PSjGjQXK,KwaxxmSs,1215.0
1374,0,FDPmqphv,PSjGjQXK,2404.0
1374,0,aVjdmBcp,FDPmqphv,3151.0
1374,0,mKIQRbrs,aVjdmBcp,3151.0
273,0,isVKhOXG,hfsVeMMa,2471.0
273,0,mKIQRbrs,isVKhOXG,2405.0
480,0,FFLftRlg,vBGGqNND,1494.0
480,0,HTKZNJTs,FFLftRlg,1533.0
480,0,FmTbQszJ,HTKZNJTs,1791.0
480,0,JvhqCmbT,FmTbQszJ,2372.0
480,0,xkdRvtRu,JvhqCmbT,2372.0
320,0,vkAUVqtk,oeGMQkdJ,101.0
320,0,ifLglfbO,vkAUVqtk,101.0
320,0,hgHcWJof,ifLglfbO,101.0
320,0,POdtxoZm,hgHcWJof,101.0
320,0,DjKGsdyb,POdtxoZm,191.0
398,0,QHFmFyLR,EkWBPXmr,192.0
398,0,neNWquOh,QHFmFyLR,192.0
398,0,KwaxxmSs,neNWquOh,192.0
398,0,PSjGjQXK,KwaxxmSs,192.0
398,0,GnsXgGJX,PSjGjQXK,401.0
398,0,VjdckTjW,GnsXgGJX,401.0
398,0,ohvLIfWG,VjdckTjW,401.0
398,0,HTKZNJTs,ohvLIfWG,401.0
398,0,FmTbQszJ,HTKZNJTs,401.0
1741,0,FFLftRlg,vBGGqNND,576.0
1741,0,HTKZNJTs,FFLftRlg,576.0
1358,0,lOYrQfzi,oajqUPaH,98.0
1358,0,iuewtDUr,lOYrQfzi,98.0
1358,0,KdEmbmsx,iuewtDUr,98.0
1358,0,GkYZbgqg,KdEmbmsx,98.0
1358,0,FlYjxOxQ,GkYZbgqg,98.0
1358,0,wFSILCzc,FlYjxOxQ,98.0
1358,0,yQQuLFAg,wFSILCzc,98.0
1358,0,rckblBTM,yQQuLFAg,98.0
1358,0,fGmFhgnx,rckblBTM,98.0
1358,0,XyHfgUxW,fGmFhgnx,98.0
1358,0,zjjLSYAp,XyHfgUxW,98.0
1358,0,nIakFMcq,zjjLSYAp,98.0
1358,0,yAgyFeHo,nIakFMcq,96.0
1358,0,QdWOxWia,yAgyFeHo,12.0
235,0,aUPouXsN,ohvLIfWG,6168.0
14,0,aUPouXsN,VjdckTjW,3204.0
273,0,qvujbmjR,mKIQRbrs,2168.0
273,0,SqxhBMol,qvujbmjR,2168.0
590,0,QHFmFyLR,EkWBPXmr,1457.0
590,0,neNWquOh,QHFmFyLR,1457.0
590,0,BQqYmuyR,neNWquOh,1461.0
590,0,PSjGjQXK,BQqYmuyR,1467.0
590,0,FDPmqphv,PSjGjQXK,4141.0
590,0,aVjdmBcp,FDPmqphv,4496.0
590,0,isVKhOXG,aVjdmBcp,4496.0
590,0,pHNyFRmN,isVKhOXG,4524.0
590,0,SMriOOgF,pHNyFRmN,4549.0
590,0,RHWjHSWx,SMriOOgF,4549.0
214,0,SyrqOGJb,IvqxNjHK,382.0
214,0,IvqxNjHK,XjEyEHqT,381.0
218,0,BoBfKnBc,WuSgkufa,53.0
218,0,tjNvNzFb,BoBfKnBc,53.0
218,0,mxxFIxNX,tjNvNzFb,53.0
218,0,mxpYyFEY,mxxFIxNX,53.0
218,0,awnNVqry,mxpYyFEY,53.0
218,0,EYCnMsAF,awnNVqry,53.0
218,0,XjEyEHqT,EYCnMsAF,53.0
218,0,IvqxNjHK,XjEyEHqT,53.0
218,0,SyrqOGJb,IvqxNjHK,53.0
218,0,NcLanIdZ,SyrqOGJb,53.0
218,0,OyNIynZV,NcLanIdZ,48.0
218,0,ydoNqUsu,OyNIynZV,48.0
218,0,yYSDLmlm,ydoNqUsu,29.0
218,0,FDCDnriY,yYSDLmlm,29.0
218,0,hLEWSLqw,FDCDnriY,29.0
601,0,mKIQRbrs,hfsVeMMa,809.0
480,0,SqxhBMol,xkdRvtRu,2450.0
1374,0,qvujbmjR,mKIQRbrs,2499.0
1374,0,SqxhBMol,qvujbmjR,2619.0
480,0,kXtCwJQx,hOGVczfj,746.0
686,0,fubLBmAl,DOGyniWl,1474.0
686,0,nEXpIbiD,fubLBmAl,1474.0
686,0,eTJQHplR,nEXpIbiD,1475.0
686,0,vrgENeuF,eTJQHplR,1569.0
686,0,lxSUNwOi,vrgENeuF,1634.0
686,0,aIerxCRO,lxSUNwOi,1647.0
686,0,ZHaurlhr,aIerxCRO,1647.0
686,0,KMDYeUKg,ZHaurlhr,1785.0
686,0,RSPZrGBg,KMDYeUKg,1800.0
686,0,nrUfCQxz,RSPZrGBg,1799.0
686,0,YmkUpvHU,qKeCDDXI,350.0
686,0,GbYxEXTt,YmkUpvHU,1380.0
686,0,DOGyniWl,GbYxEXTt,1380.0
1358,0,gViLrCgA,QdWOxWia,7.0
1358,0,cCSIoIah,gViLrCgA,4.0
1358,0,DLdtTvFi,cCSIoIah,4.0
1413,0,DeduXMzE,udlIzhJE,51.0
1413,0,GXHjZCTL,DeduXMzE,51.0
1413,0,yolIeCeg,GXHjZCTL,51.0
1413,0,ozAxYCwR,yolIeCeg,51.0
1413,0,qdrjbHYS,ozAxYCwR,51.0
1413,0,AKdDiXyV,qdrjbHYS,51.0
1413,0,fFHpEWYG,AKdDiXyV,51.0
1413,0,jOxyxYyy,fFHpEWYG,51.0
1413,0,gGlRqksC,jOxyxYyy,51.0
1413,0,GRRjUQxz,gGlRqksC,51.0
1413,0,evYofZgS,GRRjUQxz,51.0
1413,0,RHWjHSWx,evYofZgS,51.0
1413,0,VpmqCJUB,RHWjHSWx,51.0
1413,0,dulnZXnF,VpmqCJUB,51.0
1413,0,RkIYOvZu,dulnZXnF,51.0
1413,0,ygKQkAfU,RkIYOvZu,51.0
295,0,qDeoslSZ,hLEWSLqw,1305.0
490,0,VpmqCJUB,RHWjHSWx,1961.0
490,0,dulnZXnF,VpmqCJUB,1961.0
490,0,RkIYOvZu,dulnZXnF,1961.0
490,0,ygKQkAfU,RkIYOvZu,1961.0
670,0,AszcEtOu,BpAiVnps,242.0
670,0,ybjkPLXB,AszcEtOu,281.0
273,0,nrKKniYe,SqxhBMol,1964.0
235,0,SlfNpref,aUPouXsN,5653.0
235,0,nrKKniYe,SlfNpref,5653.0
226,0,aIerxCRO,lxSUNwOi,144.0
226,0,ZHaurlhr,aIerxCRO,144.0
226,0,KMDYeUKg,ZHaurlhr,186.0
253,0,DOGyniWl,GbYxEXTt,1412.0
226,0,lxSUNwOi,NgBSBxMr,128.0
600,0,CEZTRnUo,qflzswAf,26.0
600,0,funWfCdm,CEZTRnUo,26.0
600,0,rnFrOJMw,funWfCdm,26.0
600,0,MklhhYCQ,rnFrOJMw,26.0
600,0,nzTRQfUi,MklhhYCQ,26.0
600,0,PZLqDGdx,nzTRQfUi,26.0
600,0,kjxfKqbD,PZLqDGdx,26.0
600,0,mSXRukCc,kjxfKqbD,26.0
600,0,FFGyTMvJ,mSXRukCc,26.0
600,0,eyAJPdep,FFGyTMvJ,26.0
1689,0,xMTUUeEc,tBgOcvQf,62.0
1689,0,jPryMrof,xMTUUeEc,62.0
1689,0,jkJwqjHm,jPryMrof,62.0
1689,0,jKMBgxbE,jkJwqjHm,62.0
1689,0,tldUULAx,jKMBgxbE,62.0
1689,0,yzZGrKJL,tldUULAx,52.0
1689,0,qDeoslSZ,yzZGrKJL,52.0
214,0,XjEyEHqT,EYCnMsAF,346.0
214,0,qDeoslSZ,hLEWSLqw,932.0
490,0,blwWmPPo,ygKQkAfU,1330.0
490,0,hLEWSLqw,blwWmPPo,1330.0
490,0,qDeoslSZ,hLEWSLqw,1323.0
1745,0,blwWmPPo,ygKQkAfU,442.0
1745,0,hLEWSLqw,blwWmPPo,442.0
1745,0,tMEROJFH,hLEWSLqw,442.0
1744,0,blwWmPPo,ygKQkAfU,2728.0
1744,0,ufLmazVu,blwWmPPo,2728.0
1744,0,tMEROJFH,ufLmazVu,2683.0
501,0,blwWmPPo,ygKQkAfU,91.0
501,0,ufLmazVu,blwWmPPo,91.0
501,0,qDeoslSZ,ufLmazVu,91.0
647,0,plmttHNh,mBUKTvtr,79.0
647,0,GIAembsg,plmttHNh,79.0
647,0,OyNIynZV,GIAembsg,79.0
214,0,EYCnMsAF,awnNVqry,6.0
218,0,qDeoslSZ,hLEWSLqw,28.0
590,0,VpmqCJUB,RHWjHSWx,4438.0
590,0,EvIZgaUF,VpmqCJUB,4438.0
590,0,mGgwEHaG,EvIZgaUF,4460.0
590,0,DWuGRWkF,mGgwEHaG,4460.0
1741,0,JvhqCmbT,HTKZNJTs,513.0
1741,0,pfHqWMIj,JvhqCmbT,513.0
1741,0,yZEnTGkU,pfHqWMIj,513.0
1741,0,svamcGgQ,yZEnTGkU,566.0
1741,0,OkTOljoV,svamcGgQ,566.0
1741,0,RoAYEvND,OkTOljoV,566.0
480,0,yZEnTGkU,SqxhBMol,2047.0
480,0,svamcGgQ,yZEnTGkU,2601.0
480,0,OkTOljoV,svamcGgQ,2601.0
480,0,ryMrZCSE,OkTOljoV,2601.0
1505,0,BMprcpdo,xQqwXgNZ,3500.0
320,0,ExPvCHrU,DjKGsdyb,272.0
320,0,OCwYbEnq,ExPvCHrU,272.0
320,0,nrUfCQxz,OCwYbEnq,304.0
320,0,XwcxmOai,nrUfCQxz,304.0
590,0,ryMrZCSE,DWuGRWkF,4523.0
480,0,UZvsWvxC,kXtCwJQx,720.0
480,0,Afgbwxue,UZvsWvxC,720.0
480,0,yHOAvGcL,Afgbwxue,720.0
480,0,cPCRxZjy,yHOAvGcL,250.0
1645,0,ASOyxnpu,QewuHWYk,252.0
1645,0,sWFNlbjw,ASOyxnpu,420.0
1645,0,qTqvnQiR,sWFNlbjw,420.0
1645,0,FyIjwLBj,qTqvnQiR,378.0
1645,0,DdAJghjk,FyIjwLBj,333.0
1645,0,IglTFvIG,DdAJghjk,324.0
1645,0,esXmHZAz,IglTFvIG,324.0
1645,0,VUTBmskZ,esXmHZAz,324.0
1645,0,KQSHMGnw,VUTBmskZ,324.0
1745,0,hOGVczfj,pOvHFZPM,442.0
1745,0,kXtCwJQx,hOGVczfj,442.0
1745,0,UZvsWvxC,kXtCwJQx,442.0
1745,0,Afgbwxue,UZvsWvxC,442.0
1745,0,yHOAvGcL,Afgbwxue,442.0
1745,0,CTeFabzs,yHOAvGcL,442.0
1745,0,TUpCuZAw,ThGrfpxl,386.0
1745,0,HYfXIyFk,TUpCuZAw,386.0
1745,0,oQvXmJfL,HYfXIyFk,386.0
1745,0,yayPNqiY,oQvXmJfL,386.0
1745,0,pOvHFZPM,yayPNqiY,386.0
1745,0,XAxmwtqw,aFlzccOO,244.0
1745,0,ThGrfpxl,XAxmwtqw,244.0
1745,0,aFlzccOO,DYvQviUy,171.0
1745,0,DYvQviUy,RfEbENxd,145.0
1745,0,jQaLNViL,gyQqEnFq,63.0
1745,0,RfEbENxd,jQaLNViL,63.0
235,0,AjJCgCBk,nrKKniYe,5772.0
14,0,SlfNpref,aUPouXsN,3526.0
14,0,nrKKniYe,SlfNpref,3526.0
14,0,AjJCgCBk,nrKKniYe,3633.0
1106,0,awOEKaEj,qdrjbHYS,451.0
1106,0,fFHpEWYG,awOEKaEj,459.0
1106,0,jOxyxYyy,fFHpEWYG,459.0
1106,0,eVGAINdZ,jOxyxYyy,459.0
1106,0,zOQhKaAF,eVGAINdZ,459.0
1106,0,hfsVeMMa,zOQhKaAF,499.0
1106,0,isVKhOXG,hfsVeMMa,512.0
1106,0,mKIQRbrs,isVKhOXG,512.0
1106,0,qvujbmjR,mKIQRbrs,512.0
1106,0,SqxhBMol,qvujbmjR,512.0
1106,0,nrKKniYe,SqxhBMol,512.0
1106,0,SWnceHEw,nrKKniYe,578.0
1106,0,AjJCgCBk,SWnceHEw,578.0
273,0,SWnceHEw,nrKKniYe,1913.0
273,0,AjJCgCBk,SWnceHEw,1913.0
287,0,eKMWhxRF,lqMPnIra,247.0
287,0,PKfyrIVb,eKMWhxRF,247.0
287,0,uGNDunGF,PKfyrIVb,247.0
1065,0,MqGZxRIW,OyJKKata,8.0
1065,0,FcOkCcps,MqGZxRIW,8.0
1374,0,MzWshIAL,SqxhBMol,1799.0
1374,0,NZGnRwVn,MzWshIAL,1937.0
1305,0,SlfNpref,aUPouXsN,1470.0
1305,0,nrKKniYe,SlfNpref,1470.0
1305,0,AjJCgCBk,nrKKniYe,1605.0
235,0,jFmPCmzM,AjJCgCBk,5289.0
273,0,jFmPCmzM,AjJCgCBk,1704.0
539,0,SwLVnWPq,ZijVddwt,9.0
539,0,xGsoSfhX,SwLVnWPq,6.0
1197,0,OeKkfJSz,HTcmpFUD,72.0
1197,0,FZjXRNIl,OeKkfJSz,72.0
1197,0,wHSBMatn,FZjXRNIl,72.0
1197,0,pbVrXoGi,wHSBMatn,72.0
1197,0,GuhaYkFL,pbVrXoGi,72.0
1197,0,EdJUuxct,GuhaYkFL,72.0
1197,0,gmiMCrrb,EdJUuxct,72.0
292,0,QHFmFyLR,EkWBPXmr,486.0
292,0,neNWquOh,QHFmFyLR,486.0
292,0,KwaxxmSs,neNWquOh,486.0
292,0,PSjGjQXK,KwaxxmSs,488.0
292,0,GnsXgGJX,PSjGjQXK,1096.0
292,0,VjdckTjW,GnsXgGJX,1114.0
292,0,ohvLIfWG,VjdckTjW,1169.0
292,0,aUPouXsN,ohvLIfWG,1171.0
477,0,jFmPCmzM,AjJCgCBk,1733.0
1750,0,DOGyniWl,GbYxEXTt,269.0
1750,0,fubLBmAl,DOGyniWl,269.0
1750,0,nEXpIbiD,fubLBmAl,269.0
1750,0,eTJQHplR,nEXpIbiD,265.0
803,0,kWrGTFqC,cgIzawVB,3.0
1106,0,jFmPCmzM,AjJCgCBk,565.0
1106,0,TrOiZJox,jFmPCmzM,512.0
273,0,TrOiZJox,jFmPCmzM,1364.0
213,0,eYoPTdNP,ZpgoacOO,399.0
213,0,rlRRFZPO,eYoPTdNP,399.0
213,0,JXTJImqP,rlRRFZPO,399.0
213,0,rwHPNAJf,JXTJImqP,399.0
213,0,suszCmcx,rwHPNAJf,399.0
213,0,dfkLIYlO,suszCmcx,399.0
213,0,RiVtboFJ,dfkLIYlO,399.0
686,0,UFoaQvGg,RfEbENxd,100.0
686,0,uxsctOEt,UFoaQvGg,100.0
686,0,UfJDroVz,uxsctOEt,100.0
686,0,biJBLznK,UfJDroVz,100.0
686,0,TcsyXYNn,biJBLznK,100.0
686,0,qKeCDDXI,TcsyXYNn,100.0
686,0,jQaLNViL,gyQqEnFq,47.0
686,0,RfEbENxd,jQaLNViL,47.0
635,0,pSVDMeCH,gaLZwYvS,70.0
635,0,FTwVCxQy,pSVDMeCH,70.0
635,0,RFaTWaew,FTwVCxQy,70.0
635,0,mYoRZvtc,RFaTWaew,210.0
635,0,NKCxdwhs,mYoRZvtc,354.0
635,0,eeSdZFhf,NKCxdwhs,354.0
1413,0,blwWmPPo,ygKQkAfU,44.0
1413,0,dYaEdzoO,blwWmPPo,44.0
1413,0,TIoMzhxD,dYaEdzoO,44.0
648,0,TIoMzhxD,LoxEXWve,562.0
590,0,fRxWIrbs,ryMrZCSE,4172.0
590,0,QrdELzCu,fRxWIrbs,4172.0
590,0,YvwQRHTE,QrdELzCu,4172.0
590,0,HJTsgSzj,YvwQRHTE,4169.0
1413,0,iRpWiLQH,TIoMzhxD,21.0
1413,0,LPBTmxgF,iRpWiLQH,21.0
670,0,pTpnumHG,TIoMzhxD,465.0
670,0,LPBTmxgF,pTpnumHG,465.0
615,0,pTpnumHG,TIoMzhxD,343.0
615,0,LPBTmxgF,pTpnumHG,343.0
311,0,plWWPiMc,mnkgCFDT,423.0
311,0,HcPkwFHM,plWWPiMc,492.0
311,0,KjuJaNsu,HcPkwFHM,759.0
311,0,oNyGHMvy,KjuJaNsu,759.0
311,0,QdnKSSsO,oNyGHMvy,788.0
311,0,vSdfqYeK,QdnKSSsO,929.0
311,0,wDpyEsxh,vSdfqYeK,929.0
311,0,jIerKxIb,wDpyEsxh,929.0
311,0,IubGYoNi,jIerKxIb,1114.0
311,0,fmQEzQWV,IubGYoNi,1296.0
311,0,BpAiVnps,fmQEzQWV,1584.0
311,0,LPBTmxgF,pTpnumHG,797.0
213,0,KplKuAnp,iYMJvRAf,9.0
213,0,pSVDMeCH,KplKuAnp,9.0
213,0,RFaTWaew,pSVDMeCH,12.0
213,0,TUeJMYAe,RiVtboFJ,449.0
213,0,nDzrviXX,TUeJMYAe,449.0
648,0,QdIKKqKN,TIoMzhxD,57.0
648,0,ZIZoBDen,QdIKKqKN,56.0
648,0,DYLgRRdw,ZIZoBDen,56.0
648,0,QvJRXCKm,DYLgRRdw,56.0
480,0,fRxWIrbs,ryMrZCSE,1807.0
480,0,QrdELzCu,fRxWIrbs,1807.0
480,0,YvwQRHTE,QrdELzCu,1807.0
480,0,HJTsgSzj,YvwQRHTE,1904.0
147,0,VuPuNOXM,WeXgsZLY,881.0
147,0,QgwCgjAi,VuPuNOXM,881.0
213,0,QgwCgjAi,nDzrviXX,403.0
204,0,VuPuNOXM,WeXgsZLY,817.0
204,0,QgwCgjAi,VuPuNOXM,817.0
1468,0,DOGyniWl,GbYxEXTt,104.0
1468,0,nEXpIbiD,DOGyniWl,104.0
1468,0,eTJQHplR,nEXpIbiD,104.0
798,0,DOGyniWl,GbYxEXTt,333.0
798,0,fubLBmAl,DOGyniWl,333.0
798,0,nEXpIbiD,fubLBmAl,333.0
798,0,eTJQHplR,nEXpIbiD,333.0
528,0,DOGyniWl,ItndWSiW,103.0
528,0,fubLBmAl,DOGyniWl,103.0
528,0,nEXpIbiD,fubLBmAl,103.0
528,0,eTJQHplR,nEXpIbiD,103.0
590,0,TcTonWJL,HJTsgSzj,3938.0
480,0,TcTonWJL,HJTsgSzj,1252.0
1700,0,uxYyJnud,eooROOMz,59.0
1700,0,MyzsDSvl,uxYyJnud,59.0
1700,0,rxlNLBXr,MyzsDSvl,53.0
1700,0,losuIFuX,rxlNLBXr,43.0
1700,0,uskMapbi,losuIFuX,43.0
1700,0,yXOuyCwN,uskMapbi,43.0
1700,0,mSGryPaH,yXOuyCwN,43.0
1700,0,OVaoEscJ,mSGryPaH,43.0
1700,0,xQqwXgNZ,OVaoEscJ,21.0
1700,0,BMprcpdo,xQqwXgNZ,21.0
14,0,jFmPCmzM,AjJCgCBk,3703.0
14,0,fkZFUNSd,jFmPCmzM,3476.0
14,0,cttUtMNm,fkZFUNSd,3839.0
14,0,wHfmVQMh,cttUtMNm,3832.0
1106,0,fkZFUNSd,TrOiZJox,1243.0
1106,0,cttUtMNm,fkZFUNSd,1243.0
1106,0,wHfmVQMh,cttUtMNm,1243.0
673,0,jXeBpcDF,lZYsrfVZ,356.0
673,0,goaumTLR,jXeBpcDF,356.0
673,0,vNMxowJX,goaumTLR,356.0
673,0,voZaDctr,vNMxowJX,356.0
673,0,cttUtMNm,voZaDctr,356.0
673,0,wHfmVQMh,cttUtMNm,356.0
477,0,fkZFUNSd,jFmPCmzM,1110.0
477,0,cttUtMNm,fkZFUNSd,1110.0
477,0,wHfmVQMh,cttUtMNm,1104.0
14,0,mdGitRQe,wHfmVQMh,3841.0
477,0,mdGitRQe,wHfmVQMh,863.0
1374,0,GvhVJqUj,NZGnRwVn,1440.0
398,0,JvhqCmbT,FmTbQszJ,270.0
398,0,xkdRvtRu,JvhqCmbT,270.0
398,0,upZFxFqB,xkdRvtRu,270.0
398,0,SqxhBMol,upZFxFqB,270.0
398,0,yZEnTGkU,SqxhBMol,270.0
398,0,svamcGgQ,yZEnTGkU,270.0
398,0,OkTOljoV,svamcGgQ,270.0
398,0,ryMrZCSE,OkTOljoV,270.0
398,0,fRxWIrbs,ryMrZCSE,270.0
398,0,QrdELzCu,fRxWIrbs,270.0
398,0,YvwQRHTE,QrdELzCu,270.0
398,0,HJTsgSzj,YvwQRHTE,270.0
398,0,TcTonWJL,HJTsgSzj,270.0
398,0,WtptgYtz,TcTonWJL,270.0
480,0,WtptgYtz,TcTonWJL,1289.0
1106,0,mdGitRQe,wHfmVQMh,1160.0
673,0,mdGitRQe,wHfmVQMh,150.0
1023,0,CwhdRXLi,JzVUaFrl,627.0
1023,0,gjOgguRV,CwhdRXLi,627.0
213,0,zAwPDfkg,QgwCgjAi,3.0
213,0,eTJQHplR,zAwPDfkg,3.0
94,0,VuPuNOXM,WeXgsZLY,1.0
94,0,QgwCgjAi,VuPuNOXM,1.0
94,0,zAwPDfkg,QgwCgjAi,1.0
94,0,NFETpHWK,zAwPDfkg,1.0
94,0,eTJQHplR,NFETpHWK,1.0
1366,0,UFoaQvGg,RfEbENxd,1464.0
1366,0,uxsctOEt,UFoaQvGg,1464.0
1366,0,lsFGVtlq,uxsctOEt,1464.0
1366,0,jQaLNViL,gyQqEnFq,761.0
1366,0,RfEbENxd,jQaLNViL,898.0
1567,0,lqMPnIra,nPkrzCty,2763.0
398,0,NJSgWoOc,WtptgYtz,159.0
398,0,HFKfgJoc,NJSgWoOc,159.0
398,0,KQSHMGnw,HFKfgJoc,159.0
684,0,NJSgWoOc,FHkpxOov,519.0
684,0,HFKfgJoc,NJSgWoOc,518.0
684,0,KQSHMGnw,HFKfgJoc,518.0
480,0,NJSgWoOc,WtptgYtz,1202.0
480,0,HFKfgJoc,NJSgWoOc,1202.0
480,0,KQSHMGnw,HFKfgJoc,1202.0
686,0,NJSgWoOc,FHkpxOov,390.0
686,0,HFKfgJoc,NJSgWoOc,390.0
686,0,KQSHMGnw,HFKfgJoc,390.0
590,0,NJSgWoOc,TcTonWJL,3950.0
590,0,RIpTuvwk,NJSgWoOc,3952.0
1189,0,adsviABF,LPldZjRa,63.0
1189,0,TqlJzItM,adsviABF,48.0
1189,0,KQSHMGnw,TqlJzItM,48.0
356,0,zfdolaES,nEXpIbiD,1066.0
356,0,jiufRClk,zfdolaES,1066.0
356,0,GVnbohJg,jiufRClk,1066.0
356,0,TIKKmaif,GVnbohJg,1086.0
356,0,nTVsVrjG,TIKKmaif,842.0
146,0,EdqXvVeI,nPkrzCty,7.0
146,0,oBjbzljy,EdqXvVeI,7.0
235,0,MgruBUee,RVGhYAxc,3916.0
273,0,BpAiVnps,RVGhYAxc,1648.0
186,0,tDDddUJb,YtrqvWdf,108.0
186,0,RVGhYAxc,tDDddUJb,108.0
186,0,BpAiVnps,RVGhYAxc,95.0
673,0,RVGhYAxc,mdGitRQe,136.0
673,0,BpAiVnps,RVGhYAxc,136.0
178,0,RVGhYAxc,tDDddUJb,77.0
178,0,BpAiVnps,RVGhYAxc,64.0
1104,0,fJdABIlw,WKWTpoqQ,4.0
1104,0,uDcoTtDr,fJdABIlw,2.0
1104,0,NGAodVTg,uDcoTtDr,2.0
1104,0,TvGyfQSI,NGAodVTg,2.0
1104,0,HFYkXdPG,TvGyfQSI,2.0
1104,0,KjgVoxgR,HFYkXdPG,2.0
1104,0,EmkugZPX,KjgVoxgR,2.0
1104,0,lmZJehpq,EmkugZPX,2.0
1104,0,RVGhYAxc,lmZJehpq,2.0
1104,0,BpAiVnps,RVGhYAxc,2.0
477,0,SOBUilCD,mdGitRQe,769.0
477,0,RVGhYAxc,SOBUilCD,769.0
477,0,BpAiVnps,RVGhYAxc,737.0
539,0,pdQlgkSh,xGsoSfhX,4.0
1272,0,cHhWsWUg,SMhobJmy,1355.0
1272,0,nPkrzCty,cHhWsWUg,1355.0
1272,0,jIerKxIb,nPkrzCty,1322.0
52,0,oiYuCTCe,ZijVddwt,1109.0
52,0,SwLVnWPq,oiYuCTCe,271.0
52,0,xQSKBJml,SwLVnWPq,271.0
52,0,eXTjiXiW,xQSKBJml,271.0
52,0,UUCrlfWg,eXTjiXiW,271.0
52,0,YULSfngF,UUCrlfWg,271.0
52,0,ozuppJDT,YULSfngF,271.0
52,0,xGsoSfhX,ozuppJDT,271.0
52,0,RVGhYAxc,xGsoSfhX,168.0
52,0,BpAiVnps,RVGhYAxc,168.0
1341,0,pkhwWQVf,vkwWhgCe,198.0
1341,0,JxFLnqJu,pkhwWQVf,198.0
1341,0,GDiQpvtB,JxFLnqJu,198.0
1341,0,fGmFhgnx,GDiQpvtB,198.0
1341,0,XyHfgUxW,fGmFhgnx,53.0
1341,0,zjjLSYAp,XyHfgUxW,53.0
1341,0,nIakFMcq,zjjLSYAp,53.0
1341,0,LYjhOoFf,nIakFMcq,22.0
1341,0,QdWOxWia,LYjhOoFf,13.0
1341,0,gViLrCgA,QdWOxWia,13.0
1341,0,cCSIoIah,gViLrCgA,13.0
1341,0,DLdtTvFi,cCSIoIah,13.0
1341,0,vRWSdFEN,DLdtTvFi,13.0
1341,0,tDDddUJb,vRWSdFEN,13.0
1341,0,RVGhYAxc,tDDddUJb,13.0
1341,0,BpAiVnps,RVGhYAxc,12.0
1549,0,tkDBwPiV,uGNDunGF,24.0
1549,0,mqlWPdpA,tkDBwPiV,18.0
1549,0,lOdrwgOe,mqlWPdpA,18.0
1549,0,BRjWpQtg,lOdrwgOe,5.0
1549,0,CrcsXCbZ,BRjWpQtg,5.0
1549,0,fcKeEgEf,CrcsXCbZ,5.0
1549,0,MgruBUee,fcKeEgEf,5.0
590,0,ubzklVlS,RIpTuvwk,3879.0
1305,0,HkSXkIZj,womqVgRl,2068.0
1305,0,NlwRCqPo,HkSXkIZj,2140.0
1305,0,ubzklVlS,NlwRCqPo,2140.0
1262,0,CrcsXCbZ,BRjWpQtg,162.0
1262,0,noVetmot,ZdIQslRD,2555.0
1262,0,MGitFLID,noVetmot,2555.0
1262,0,kYpOneyC,MGitFLID,2555.0
1262,0,fQmxveIO,kYpOneyC,2546.0
1262,0,DRTLnTnI,fQmxveIO,2546.0
1262,0,eKMWhxRF,DRTLnTnI,2546.0
1262,0,PKfyrIVb,eKMWhxRF,2208.0
1262,0,uGNDunGF,PKfyrIVb,2208.0
319,0,SNVRXPiu,ZrWksDco,10.0
319,0,NzFpkpXH,SNVRXPiu,10.0
319,0,EVcIyerQ,NzFpkpXH,10.0
319,0,dEEWjOTq,EVcIyerQ,10.0
319,0,UlOflIKh,dEEWjOTq,10.0
601,0,HGjkimBc,pPqywgRl,1235.0
601,0,lqMPnIra,HGjkimBc,1235.0
1141,0,lqMPnIra,jIerKxIb,2367.0
1272,0,jFRqfnFl,VkcYQwTj,1021.0
1272,0,ysSWNERo,jFRqfnFl,1022.0
1272,0,lQIpGOTn,ysSWNERo,1029.0
1272,0,uhUmvvRs,lQIpGOTn,1029.0
1272,0,svgtEcQx,uhUmvvRs,1029.0
1272,0,HcPkwFHM,svgtEcQx,1029.0
1272,0,KjuJaNsu,HcPkwFHM,1029.0
1272,0,oNyGHMvy,KjuJaNsu,1029.0
1272,0,QdnKSSsO,oNyGHMvy,1029.0
1272,0,vSdfqYeK,QdnKSSsO,1029.0
1272,0,AmahvgQB,vSdfqYeK,1029.0
1272,0,lOtREfVG,AmahvgQB,1029.0
1272,0,SMhobJmy,lOtREfVG,1029.0
1272,0,lqMPnIra,jIerKxIb,1115.0
1272,0,BZCtSmhk,ywuGpANM,999.0
1272,0,VkcYQwTj,BZCtSmhk,999.0
1272,0,FZsFzszJ,gzTQJVMW,154.0
1272,0,ALhaazBT,FZsFzszJ,160.0
1272,0,AUmOMGnp,ALhaazBT,182.0
1272,0,ejMjPdTH,AUmOMGnp,183.0
1272,0,NJxrRaUf,ejMjPdTH,347.0
1272,0,hpACGGyB,NJxrRaUf,347.0
1272,0,ywuGpANM,hpACGGyB,349.0
1272,0,gzTQJVMW,RVEyrwjR,147.0
1272,0,RVEyrwjR,XLVjRryq,136.0
1272,0,XLVjRryq,NxbXiMUL,45.0
1272,0,vDFCntfg,YvwuVYMF,39.0
1272,0,NxbXiMUL,vDFCntfg,39.0
320,0,sCyvkPkr,XwcxmOai,475.0
320,0,YLjwrcCY,sCyvkPkr,475.0
320,0,RfzcmazU,YLjwrcCY,475.0
320,0,ImIhxSnH,RfzcmazU,475.0
320,0,iEKuRfDT,ImIhxSnH,475.0
320,0,PlyJazqR,iEKuRfDT,475.0
320,0,kkrKJmiC,PlyJazqR,475.0
320,0,psXocZQH,kkrKJmiC,475.0
320,0,yprCGtVa,psXocZQH,475.0
320,0,pPqywgRl,yprCGtVa,541.0
320,0,SJHseTdc,pPqywgRl,541.0
320,0,lqMPnIra,SJHseTdc,541.0
291,0,SOBUilCD,mdGitRQe,1224.0
291,0,RVGhYAxc,SOBUilCD,1224.0
291,0,NfHwMQdR,dLUoTBAU,610.0
291,0,nPkrzCty,NfHwMQdR,610.0
291,0,lqMPnIra,nPkrzCty,610.0
1619,0,oIlHYibo,EnhcBMcG,1176.0
1619,0,rcxPdVgD,oIlHYibo,1176.0
1619,0,NztIaxQU,rcxPdVgD,1081.0
1619,0,YctaenCe,jcExlqwL,240.0
1619,0,tzYrVhKO,YctaenCe,240.0
1619,0,UgpyjFML,tzYrVhKO,240.0
1619,0,nPkrzCty,UgpyjFML,224.0
1619,0,CuLSONdy,nPkrzCty,224.0
1613,0,mSXRukCc,kjxfKqbD,2.0
1613,0,zvLqJZxI,mSXRukCc,2.0
1613,0,FFGyTMvJ,zvLqJZxI,2.0
1613,0,gGjwcdJB,FFGyTMvJ,2.0
464,0,HpfZbCVA,fyqDJAhS,866.0
464,0,EYgpmtHR,HpfZbCVA,797.0
464,0,glDvUhXc,EYgpmtHR,725.0
464,0,FhKkSAFH,glDvUhXc,725.0
464,0,hSRFRBsa,FhKkSAFH,725.0
1568,0,pUxrqkbR,pRsoSsPh,6902.0
1568,0,GmRorurF,pUxrqkbR,6956.0
1568,0,rWJbJwsc,GmRorurF,11525.0
1568,0,uuIZngLh,rWJbJwsc,12752.0
1568,0,gHWJyJxY,uuIZngLh,12754.0
1568,0,oXQrzcje,gHWJyJxY,12754.0
1568,0,fyqDJAhS,oXQrzcje,13312.0
1568,0,CSzsuVOH,fyqDJAhS,14322.0
129,0,zijvldJJ,RVGhYAxc,186.0
129,0,drFxsmcp,zijvldJJ,186.0
129,0,PywYzQHY,drFxsmcp,186.0
1263,0,RufmISTr,PywYzQHY,1824.0
463,0,oXQrzcje,gHWJyJxY,3735.0
463,0,fyqDJAhS,oXQrzcje,3665.0
463,0,HpfZbCVA,fyqDJAhS,3591.0
463,0,glDvUhXc,HpfZbCVA,3743.0
463,0,FhKkSAFH,glDvUhXc,3743.0
463,0,taPJzyhF,FhKkSAFH,3743.0
1395,0,dCWftKsk,xOHMcnRu,2259.0
1395,0,CSzsuVOH,dCWftKsk,2259.0
1395,0,aUZoPZMc,CSzsuVOH,2259.0
1395,0,xOhGqygU,aUZoPZMc,2259.0
1395,0,qOuhMtTj,xOhGqygU,1313.0
1395,0,KCvWJpxq,qOuhMtTj,1313.0
725,0,eusqYKWT,HezLsNFQ,940.0
725,0,dCWftKsk,eusqYKWT,939.0
725,0,HpfZbCVA,dCWftKsk,906.0
725,0,glDvUhXc,HpfZbCVA,906.0
725,0,FhKkSAFH,glDvUhXc,906.0
725,0,taPJzyhF,FhKkSAFH,906.0
1221,0,bjEpkupt,gxlaiARP,8599.0
1221,0,FYgdoWMK,bjEpkupt,8528.0
1221,0,zAqZkkQx,FYgdoWMK,8529.0
1221,0,vFpuvjcu,zAqZkkQx,8529.0
1221,0,dlIiZmBi,vFpuvjcu,8529.0
601,0,eKMWhxRF,lqMPnIra,566.0
601,0,pRsoSsPh,eKMWhxRF,566.0
601,0,pUxrqkbR,pRsoSsPh,566.0
601,0,GmRorurF,pUxrqkbR,566.0
601,0,rWJbJwsc,GmRorurF,566.0
601,0,uuIZngLh,rWJbJwsc,500.0
601,0,gHWJyJxY,uuIZngLh,500.0
601,0,oXQrzcje,gHWJyJxY,381.0
601,0,fyqDJAhS,oXQrzcje,381.0
601,0,HpfZbCVA,fyqDJAhS,300.0
601,0,glDvUhXc,HpfZbCVA,300.0
601,0,FhKkSAFH,glDvUhXc,300.0
601,0,taPJzyhF,FhKkSAFH,300.0
291,0,jFmPCmzM,AjJCgCBk,167.0
291,0,fkZFUNSd,jFmPCmzM,185.0
291,0,cttUtMNm,fkZFUNSd,484.0
291,0,wHfmVQMh,cttUtMNm,484.0
291,0,mdGitRQe,wHfmVQMh,484.0
250,0,HpfZbCVA,dCWftKsk,4691.0
250,0,glDvUhXc,HpfZbCVA,4691.0
250,0,FhKkSAFH,glDvUhXc,4678.0
250,0,taPJzyhF,FhKkSAFH,4678.0
1568,0,eKMWhxRF,lqMPnIra,1610.0
1568,0,pRsoSsPh,eKMWhxRF,2242.0
1623,0,iSMSiXHg,GYenbKMg,1317.0
14,0,nCsqpnJo,owFNQNZv,4548.0
14,0,gnmwaIOJ,nCsqpnJo,4548.0
14,0,pygvGZaF,gnmwaIOJ,4548.0
14,0,bsQVAuyn,pygvGZaF,4548.0
14,0,VTHwomVj,bsQVAuyn,3840.0
14,0,VbpBVdde,VTHwomVj,4478.0
14,0,ocwJSpah,VbpBVdde,4128.0
1643,0,OQuuHQtW,yQTlxjhE,339.0
1643,0,BZfkJyvP,OQuuHQtW,339.0
1643,0,pdLPgMHo,BZfkJyvP,339.0
1643,0,nCsqpnJo,pdLPgMHo,339.0
1643,0,gnmwaIOJ,nCsqpnJo,339.0
1643,0,pygvGZaF,gnmwaIOJ,338.0
1643,0,bsQVAuyn,pygvGZaF,338.0
1643,0,VTHwomVj,bsQVAuyn,338.0
1665,0,aTlqsXfd,iezkylgj,3825.0
1665,0,bSoWRArq,aTlqsXfd,3825.0
1665,0,RZSdunHk,bSoWRArq,3825.0
1665,0,wggFpXDl,RZSdunHk,3803.0
1665,0,PFPLEnYs,wggFpXDl,3803.0
1665,0,NioHjTzW,VcqDmTtv,3662.0
1665,0,iezkylgj,NioHjTzW,3662.0
1665,0,paIawFeA,nIakFMcq,1843.0
1665,0,VcqDmTtv,paIawFeA,1921.0
1178,0,VFLsoIHD,NmJVuAxS,6364.0
1178,0,LLWkkTwA,VFLsoIHD,6474.0
1178,0,ZTMEdEeK,LLWkkTwA,6417.0
1178,0,ogOCBKAf,ZTMEdEeK,6714.0
1178,0,xqQnPHkt,cNWTidvb,5515.0
1178,0,IfTbUocE,xqQnPHkt,5115.0
1178,0,OgnAStiZ,IfTbUocE,6119.0
1178,0,NmJVuAxS,OgnAStiZ,6119.0
1190,0,bpTBwobH,InEujKOO,1549.0
1190,0,mSsugdoq,bpTBwobH,1549.0
1190,0,GOFcQtxc,mSsugdoq,1553.0
1190,0,CtbKcCWS,GOFcQtxc,1406.0
1190,0,tLfbIJdr,CtbKcCWS,1406.0
1190,0,NosTVaAF,tLfbIJdr,1881.0
1190,0,CZBrBkrq,NosTVaAF,1881.0
1190,0,DZOaDIuU,CZBrBkrq,1821.0
1325,0,fgAPkwgD,TPescrDz,7.0
1593,0,uVXvGyfL,ciAbSxQX,1.0
1593,0,CwLKTicL,uVXvGyfL,1.0
1212,0,LCJSaMch,ChOayZDF,27.0
1212,0,GHvODCIP,LCJSaMch,33.0
1212,0,MCXOFAcE,GHvODCIP,33.0
1212,0,HcupqiOA,MCXOFAcE,33.0
1212,0,MRtqPpeq,HcupqiOA,33.0
1212,0,CrEPfbyi,MRtqPpeq,33.0
1212,0,dpFXbFTh,CrEPfbyi,34.0
320,0,QPoJLiJK,lqMPnIra,175.0
320,0,udvGqqIc,QPoJLiJK,175.0
320,0,FFlVogkV,udvGqqIc,175.0
204,0,zCyzbjXU,lOtREfVG,285.0
204,0,SDiGilLw,zCyzbjXU,285.0
147,0,lOtREfVG,AmahvgQB,100.0
147,0,zCyzbjXU,lOtREfVG,59.0
147,0,SDiGilLw,zCyzbjXU,59.0
1141,0,vSdfqYeK,QdnKSSsO,407.0
1141,0,AmahvgQB,vSdfqYeK,407.0
318,0,zCyzbjXU,lOtREfVG,534.0
318,0,SDiGilLw,zCyzbjXU,534.0
1106,0,xiCfcAgb,mdGitRQe,1361.0
291,0,AjJCgCBk,nrKKniYe,124.0
291,0,QHFmFyLR,EkWBPXmr,50.0
291,0,neNWquOh,QHFmFyLR,50.0
291,0,KwaxxmSs,neNWquOh,50.0
291,0,GnsXgGJX,KwaxxmSs,50.0
291,0,VjdckTjW,GnsXgGJX,56.0
291,0,aUPouXsN,VjdckTjW,56.0
291,0,SlfNpref,aUPouXsN,58.0
291,0,nrKKniYe,SlfNpref,58.0
1549,0,pPqywgRl,yprCGtVa,13.0
1549,0,HGjkimBc,pPqywgRl,13.0
1549,0,lqMPnIra,HGjkimBc,19.0
1549,0,eKMWhxRF,lqMPnIra,19.0
1549,0,PKfyrIVb,eKMWhxRF,19.0
1549,0,uGNDunGF,PKfyrIVb,19.0
1317,0,xiCfcAgb,AszcEtOu,3697.0
52,0,FZsFzszJ,gzTQJVMW,577.0
52,0,ALhaazBT,FZsFzszJ,609.0
52,0,ZijVddwt,ALhaazBT,609.0
52,0,gzTQJVMW,RVEyrwjR,504.0
51,0,ZijVddwt,ALhaazBT,402.0
51,0,oiYuCTCe,ZijVddwt,402.0
51,0,SwLVnWPq,oiYuCTCe,26.0
51,0,xQSKBJml,SwLVnWPq,26.0
51,0,eXTjiXiW,xQSKBJml,26.0
51,0,UUCrlfWg,eXTjiXiW,26.0
51,0,YULSfngF,UUCrlfWg,26.0
51,0,ozuppJDT,YULSfngF,26.0
51,0,xGsoSfhX,ozuppJDT,26.0
590,0,LVcdwgEp,ubzklVlS,4025.0
1141,0,lOtREfVG,AmahvgQB,376.0
1141,0,SMhobJmy,lOtREfVG,376.0
215,0,JVRJClPS,cmBFyxQG,30.0
356,0,PKHBWIBu,nTVsVrjG,837.0
356,0,ICtDTIBO,PKHBWIBu,837.0
590,0,yLFlKjKg,LVcdwgEp,4076.0
705,0,awOEKaEj,qdrjbHYS,331.0
705,0,fFHpEWYG,awOEKaEj,346.0
705,0,jOxyxYyy,fFHpEWYG,854.0
705,0,gGlRqksC,jOxyxYyy,854.0
705,0,GRRjUQxz,gGlRqksC,854.0
705,0,MlQcmexA,GRRjUQxz,854.0
705,0,RHWjHSWx,MlQcmexA,887.0
705,0,VpmqCJUB,RHWjHSWx,975.0
705,0,EvIZgaUF,VpmqCJUB,975.0
705,0,mGgwEHaG,EvIZgaUF,987.0
705,0,DWuGRWkF,mGgwEHaG,1000.0
705,0,ryMrZCSE,DWuGRWkF,1005.0
705,0,fRxWIrbs,ryMrZCSE,1384.0
705,0,sKbmdUEJ,fRxWIrbs,1386.0
705,0,zWeVnnxO,sKbmdUEJ,1386.0
705,0,kXofjcRp,zWeVnnxO,1386.0
705,0,mCHzTQKa,kXofjcRp,1609.0
705,0,NJSgWoOc,mCHzTQKa,1650.0
705,0,RIpTuvwk,NJSgWoOc,1652.0
705,0,ubzklVlS,RIpTuvwk,1728.0
705,0,LVcdwgEp,ubzklVlS,2016.0
705,0,yLFlKjKg,LVcdwgEp,2016.0
705,0,qdrjbHYS,ozAxYCwR,134.0
1305,0,yLFlKjKg,ubzklVlS,2074.0
1258,0,AszcEtOu,BpAiVnps,3363.0
1258,0,TCqyxHhF,AszcEtOu,3504.0
1258,0,TcEVvOUM,TCqyxHhF,3619.0
1258,0,qGnNRXVR,TcEVvOUM,3629.0
1258,0,yLFlKjKg,qGnNRXVR,3756.0
1305,0,aUPouXsN,VjdckTjW,1138.0
14,0,SOBUilCD,mdGitRQe,4511.0
14,0,xiCfcAgb,SOBUilCD,4511.0
14,0,RjtzWJgw,xiCfcAgb,4516.0
1374,0,cJinKFJn,XCZfXGna,746.0
1618,0,eKMWhxRF,lqMPnIra,265.0
1618,0,pRsoSsPh,eKMWhxRF,268.0
1618,0,pUxrqkbR,pRsoSsPh,268.0
1618,0,GmRorurF,pUxrqkbR,268.0
1618,0,rWJbJwsc,GmRorurF,268.0
1618,0,VWoPhHkb,rWJbJwsc,986.0
1618,0,AVJtqaBS,VWoPhHkb,986.0
1618,0,xeuxxNBT,AVJtqaBS,986.0
1618,0,bOMXeuCa,xeuxxNBT,986.0
14,0,owFNQNZv,RjtzWJgw,4545.0
1664,0,RBBxesxu,WyfCQhSW,410.0
1664,0,dJJmWSZi,RBBxesxu,410.0
1664,0,JNybvbry,dJJmWSZi,410.0
1664,0,pKQmWfSR,JNybvbry,410.0
1664,0,AFMSRepx,pKQmWfSR,756.0
1664,0,WEgiiGlQ,AFMSRepx,800.0
1664,0,sLYsFXAH,WEgiiGlQ,800.0
1664,0,WjKdBsVK,sLYsFXAH,800.0
1664,0,STKMtPtJ,WjKdBsVK,800.0
1664,0,MyVorJBj,STKMtPtJ,800.0
1664,0,AayEawbi,MyVorJBj,800.0
1664,0,ymtXIyVJ,AayEawbi,911.0
590,0,RYTcAdhr,yLFlKjKg,1603.0
1644,0,SwLVnWPq,oiYuCTCe,549.0
1644,0,xQSKBJml,SwLVnWPq,549.0
1644,0,eXTjiXiW,xQSKBJml,549.0
1644,0,UUCrlfWg,eXTjiXiW,549.0
1644,0,lTvueOix,UUCrlfWg,549.0
1644,0,KrfyXGJm,lTvueOix,549.0
1644,0,HsdaZYKr,KrfyXGJm,549.0
1644,0,yDdeWpqj,HsdaZYKr,549.0
1644,0,cCSIoIah,yDdeWpqj,382.0
1644,0,ynnETaim,cCSIoIah,372.0
1644,0,EZJUvtOp,ynnETaim,372.0
1644,0,QIvHsQls,EZJUvtOp,372.0
1644,0,KoIfkWfm,QIvHsQls,372.0
1644,0,AoxuCYmM,KoIfkWfm,372.0
1618,0,kltlGPhk,bOMXeuCa,984.0
1263,0,PywYzQHY,zijvldJJ,133.0
148,0,ggaXnTUz,mBSaKJib,89.0
148,0,zJsEFgSs,ggaXnTUz,89.0
148,0,exgtgIgV,zJsEFgSs,89.0
148,0,CvtLjMFW,exgtgIgV,89.0
148,0,vSdfqYeK,CvtLjMFW,89.0
148,0,AmahvgQB,vSdfqYeK,89.0
148,0,lOtREfVG,AmahvgQB,89.0
148,0,zCyzbjXU,lOtREfVG,89.0
148,0,SDiGilLw,zCyzbjXU,89.0
148,0,qQrteapK,SDiGilLw,89.0
148,0,blTjmaLj,qQrteapK,89.0
148,0,FXLsUIQr,blTjmaLj,89.0
148,0,fQmxveIO,FXLsUIQr,89.0
148,0,DRTLnTnI,fQmxveIO,89.0
148,0,pRsoSsPh,DRTLnTnI,89.0
148,0,pUxrqkbR,pRsoSsPh,88.0
148,0,GmRorurF,pUxrqkbR,35.0
148,0,rWJbJwsc,GmRorurF,35.0
148,0,uuIZngLh,rWJbJwsc,21.0
148,0,gHWJyJxY,uuIZngLh,21.0
590,0,VmCBWvEb,RYTcAdhr,1745.0
590,0,XDkzDtUZ,VmCBWvEb,1745.0
590,0,BYVXItej,XDkzDtUZ,1745.0
1644,0,xyEkzzzh,AoxuCYmM,280.0
1644,0,EzivGHuE,xyEkzzzh,280.0
1644,0,MKwfjOZk,EzivGHuE,280.0
1644,0,jUhOGaww,MKwfjOZk,280.0
1644,0,CZhqrbpp,jUhOGaww,280.0
1644,0,PaniFwRg,CZhqrbpp,280.0
1644,0,BYVXItej,PaniFwRg,280.0
1697,0,mWmEvZTH,ijSxrWBJ,37.0
1697,0,kMLkbKUX,mWmEvZTH,37.0
1697,0,REXhdYUf,kMLkbKUX,37.0
1697,0,ynGLeAnq,REXhdYUf,37.0
1697,0,xAsZAVUQ,ynGLeAnq,37.0
1697,0,dJOjnHRJ,xAsZAVUQ,37.0
1697,0,rQPeTBQp,dJOjnHRJ,37.0
1697,0,gheqVjAb,rQPeTBQp,37.0
1697,0,JrRIRrmn,gheqVjAb,37.0
1374,0,lOxXZcFl,cJinKFJn,737.0
1374,0,dxlyVRvH,lOxXZcFl,737.0
1141,0,ZdIQslRD,SMhobJmy,135.0
1141,0,noVetmot,ZdIQslRD,135.0
1141,0,MGitFLID,noVetmot,135.0
1141,0,kYpOneyC,MGitFLID,135.0
1646,0,rFdYeguL,KQSHMGnw,151.0
1646,0,zSOBHhoP,rFdYeguL,151.0
1646,0,qBoqSZqr,zSOBHhoP,151.0
1646,0,yeapPLlD,qBoqSZqr,151.0
1646,0,TvGyfQSI,yeapPLlD,167.0
1646,0,ShCqTXMl,TvGyfQSI,356.0
1646,0,xRJArdDK,ShCqTXMl,413.0
1646,0,zRaNzOkn,xRJArdDK,413.0
1645,0,dAjqsFfg,tJbXQuOE,2.0
1645,0,QewuHWYk,dAjqsFfg,2.0
215,0,ZZUoaXbF,JVRJClPS,25.0
1593,0,sFyIuMsY,skXWrZzT,38.0
1593,0,JGXXNLkS,sFyIuMsY,38.0
1593,0,PFRWWlNS,JGXXNLkS,38.0
1379,0,pKTlpooZ,voXQjjKh,1573.0
1379,0,VcqDmTtv,pKTlpooZ,1573.0
1379,0,NioHjTzW,VcqDmTtv,792.0
1379,0,XGJiqzLW,NioHjTzW,792.0
1666,0,VbpBVdde,VTHwomVj,739.0
1666,0,swKAFNcH,VbpBVdde,1285.0
705,0,isWzWnoW,yLFlKjKg,1894.0
705,0,fcSUqaEW,isWzWnoW,1894.0
705,0,YJykDsrc,fcSUqaEW,1894.0
1183,0,VcqDmTtv,nIakFMcq,6.0
1183,0,NioHjTzW,VcqDmTtv,6.0
1183,0,XGJiqzLW,NioHjTzW,6.0
1258,0,FYhykdTj,SOVcCDqR,1290.0
1258,0,QpprBOSr,FYhykdTj,1232.0
1258,0,Plxavose,QpprBOSr,474.0
1700,0,eooROOMz,ukWnzNPU,41.0
1305,0,QHFmFyLR,EkWBPXmr,447.0
1305,0,neNWquOh,QHFmFyLR,447.0
1305,0,KwaxxmSs,neNWquOh,448.0
1305,0,PSjGjQXK,KwaxxmSs,464.0
1305,0,GnsXgGJX,PSjGjQXK,896.0
1305,0,VjdckTjW,GnsXgGJX,897.0
1305,0,isWzWnoW,yLFlKjKg,1847.0
1305,0,YJykDsrc,isWzWnoW,1847.0
1646,0,IMTItMKU,zRaNzOkn,266.0
1341,0,vkwWhgCe,VXiNciom,208.0
245,0,wRBXcbqq,WhRBEXGR,5.0
245,0,XXYtSQEl,wRBXcbqq,5.0
245,0,MklhhYCQ,XXYtSQEl,5.0
245,0,MnTeelLR,MklhhYCQ,5.0
245,0,XnPpfSyF,MnTeelLR,5.0
245,0,otuYkIZd,XnPpfSyF,5.0
245,0,rSdxnGDj,otuYkIZd,5.0
157,0,aLyOqIFS,QEnOoljA,36.0
157,0,UmISPPJO,aLyOqIFS,36.0
157,0,VPUbGzfh,UmISPPJO,36.0
157,0,MVExtcyL,VPUbGzfh,36.0
157,0,bciZjPUu,MVExtcyL,36.0
157,0,ogOCBKAf,bciZjPUu,25.0
157,0,PhjcDdmq,ogOCBKAf,1.0
157,0,bHagonKv,PhjcDdmq,1.0
157,0,Vlipnutt,bHagonKv,1.0
157,0,CcjcuryA,Vlipnutt,1.0
157,0,FStgRiBS,CcjcuryA,1.0
157,0,GkYZbgqg,FStgRiBS,1.0
157,0,FlYjxOxQ,GkYZbgqg,1.0
157,0,wFSILCzc,FlYjxOxQ,1.0
157,0,yQQuLFAg,wFSILCzc,1.0
157,0,rUKSlFeh,yQQuLFAg,1.0
157,0,rckblBTM,rUKSlFeh,1.0
157,0,gKoyUmab,rckblBTM,1.0
157,0,fGmFhgnx,gKoyUmab,1.0
157,0,XyHfgUxW,fGmFhgnx,1.0
157,0,zjjLSYAp,XyHfgUxW,1.0
157,0,wrsPDGBQ,zjjLSYAp,1.0
1106,0,RjtzWJgw,xiCfcAgb,1320.0
1106,0,owFNQNZv,RjtzWJgw,1320.0
1106,0,nCsqpnJo,owFNQNZv,1320.0
1106,0,gnmwaIOJ,nCsqpnJo,1320.0
1106,0,pygvGZaF,gnmwaIOJ,1320.0
1106,0,bsQVAuyn,pygvGZaF,1320.0
1661,0,xiCfcAgb,AszcEtOu,185.0
1661,0,owFNQNZv,xiCfcAgb,214.0
1661,0,lTvueOix,owFNQNZv,214.0
1661,0,KrfyXGJm,lTvueOix,214.0
1661,0,HsdaZYKr,KrfyXGJm,214.0
1661,0,yDdeWpqj,HsdaZYKr,214.0
1661,0,TgYrKMTh,yDdeWpqj,214.0
1661,0,HMMQvpHF,TgYrKMTh,214.0
1661,0,iPwZOomy,HMMQvpHF,214.0
1661,0,ZevQgZaz,iPwZOomy,214.0
1661,0,xSynUqPV,ZevQgZaz,396.0
1317,0,owFNQNZv,xiCfcAgb,4002.0
1317,0,nCsqpnJo,owFNQNZv,4002.0
1317,0,gnmwaIOJ,nCsqpnJo,4002.0
1317,0,pygvGZaF,gnmwaIOJ,4002.0
1317,0,VTHwomVj,pygvGZaF,4002.0
1661,0,AszcEtOu,BpAiVnps,78.0
1704,0,RYTcAdhr,yLFlKjKg,63.0
1704,0,VmCBWvEb,RYTcAdhr,63.0
1704,0,pfLNjHVV,VmCBWvEb,63.0
1704,0,qzPLXpkx,pfLNjHVV,63.0
1704,0,zhMspDRK,qzPLXpkx,63.0
1704,0,yjLBxira,zhMspDRK,63.0
1704,0,BYVXItej,yjLBxira,63.0
1704,0,vfbdLzPe,BYVXItej,63.0
1704,0,LpqOzfFt,vfbdLzPe,63.0
1704,0,pxIybRUN,LpqOzfFt,63.0
1704,0,jcIgNgIp,pxIybRUN,63.0
1703,0,uSOMnpdQ,hUPYukZe,269.0
1703,0,KdjrLWjn,QpprBOSr,170.0
1703,0,AkOiWGvq,KdjrLWjn,205.0
1703,0,iykVulcc,AkOiWGvq,209.0
1703,0,VyxPahNP,iykVulcc,209.0
1703,0,LnANnMXh,VyxPahNP,209.0
1703,0,hUPYukZe,LnANnMXh,209.0
1677,0,eTnittuK,yQQuLFAg,23.0
1677,0,KdjrLWjn,eTnittuK,23.0
1677,0,AkOiWGvq,KdjrLWjn,23.0
1677,0,iykVulcc,AkOiWGvq,11.0
1677,0,YwUcqICt,iykVulcc,11.0
1677,0,kSdFeEek,YwUcqICt,11.0
1677,0,FwmrbmrQ,kSdFeEek,3.0
1677,0,uSOMnpdQ,FwmrbmrQ,3.0
1677,0,oajqUPaH,bPMnvhIP,5.0
51,0,XLVjRryq,NxbXiMUL,69.0
51,0,RVEyrwjR,XLVjRryq,69.0
51,0,gzTQJVMW,RVEyrwjR,69.0
51,0,FZsFzszJ,gzTQJVMW,69.0
51,0,ALhaazBT,FZsFzszJ,69.0
51,0,vDFCntfg,YvwuVYMF,16.0
51,0,NxbXiMUL,vDFCntfg,16.0
97,0,ysSWNERo,jFRqfnFl,87.0
97,0,lEwLedpG,ysSWNERo,87.0
97,0,lQIpGOTn,lEwLedpG,121.0
97,0,uhUmvvRs,lQIpGOTn,121.0
97,0,svgtEcQx,uhUmvvRs,121.0
97,0,HcPkwFHM,svgtEcQx,121.0
97,0,KjuJaNsu,HcPkwFHM,121.0
97,0,oNyGHMvy,KjuJaNsu,121.0
97,0,QdnKSSsO,oNyGHMvy,121.0
97,0,vSdfqYeK,QdnKSSsO,121.0
97,0,wDpyEsxh,vSdfqYeK,121.0
97,0,jIerKxIb,wDpyEsxh,121.0
97,0,IubGYoNi,jIerKxIb,121.0
97,0,fmQEzQWV,IubGYoNi,121.0
97,0,BpAiVnps,fmQEzQWV,121.0
97,0,AszcEtOu,BpAiVnps,121.0
97,0,xiCfcAgb,AszcEtOu,121.0
97,0,RjtzWJgw,xiCfcAgb,45.0
97,0,owFNQNZv,RjtzWJgw,45.0
97,0,nCsqpnJo,owFNQNZv,45.0
97,0,gnmwaIOJ,nCsqpnJo,45.0
97,0,pygvGZaF,gnmwaIOJ,45.0
97,0,bsQVAuyn,pygvGZaF,45.0
1664,0,WyfCQhSW,ogOCBKAf,404.0
1049,0,dfrJZjmW,NjRgIRup,325.0
1049,0,AFcMAvOI,dfrJZjmW,352.0
1049,0,jUExBSiR,AFcMAvOI,352.0
1049,0,vPrJwoLq,jUExBSiR,352.0
1049,0,aHDoehBY,vPrJwoLq,352.0
1049,0,TgdVKieU,aHDoehBY,395.0
1049,0,DexqYjKS,TgdVKieU,395.0
1049,0,wuDdaesk,DexqYjKS,435.0
1184,0,SOVcCDqR,LhgNVAOU,19.0
1184,0,QpprBOSr,SOVcCDqR,19.0
1184,0,Plxavose,QpprBOSr,24.0
1184,0,xqQnPHkt,Plxavose,24.0
1184,0,IfTbUocE,xqQnPHkt,24.0
1184,0,OgnAStiZ,IfTbUocE,24.0
1184,0,NmJVuAxS,OgnAStiZ,24.0
1184,0,GwjQuetc,NmJVuAxS,100.0
1184,0,vXwparSo,GwjQuetc,101.0
1184,0,eoIplMjv,vXwparSo,101.0
1141,0,SNVRXPiu,ZrWksDco,9.0
1141,0,NzFpkpXH,SNVRXPiu,9.0
1141,0,EVcIyerQ,NzFpkpXH,9.0
1141,0,dEEWjOTq,EVcIyerQ,9.0
1141,0,UlOflIKh,dEEWjOTq,9.0
1141,0,cHhWsWUg,UlOflIKh,9.0
1141,0,nPkrzCty,cHhWsWUg,9.0
245,0,RuqLEiFp,phodyDNv,1.0
245,0,NAwFzVQz,RuqLEiFp,1.0
245,0,jEliwrSM,NAwFzVQz,1.0
245,0,OUlPxErG,jEliwrSM,1.0
245,0,SPorkGXj,OUlPxErG,1.0
245,0,IJbUVGLH,SPorkGXj,1.0
245,0,ZqOseExI,IJbUVGLH,1.0
245,0,FdBCLyPI,ZqOseExI,1.0
245,0,CrOFTJlw,FdBCLyPI,1.0
245,0,PyGiRErs,CrOFTJlw,1.0
245,0,JbCujTci,PyGiRErs,1.0
245,0,WhRBEXGR,JbCujTci,1.0
245,0,MkXEUCdM,rSdxnGDj,1.0
245,0,oiYuCTCe,MkXEUCdM,1.0
245,0,SwLVnWPq,oiYuCTCe,1.0
245,0,xQSKBJml,SwLVnWPq,1.0
245,0,eXTjiXiW,xQSKBJml,1.0
245,0,UUCrlfWg,eXTjiXiW,1.0
245,0,YULSfngF,UUCrlfWg,1.0
245,0,ozuppJDT,YULSfngF,1.0
245,0,xGsoSfhX,ozuppJDT,1.0
245,0,RVGhYAxc,xGsoSfhX,1.0
1019,0,mxJvcQxS,PdLgkxcT,203.0
1019,0,tSdKaLnH,mxJvcQxS,203.0
1019,0,HoEIDywv,tSdKaLnH,203.0
1019,0,bLNlBUaT,HoEIDywv,155.0
1325,0,paIawFeA,nIakFMcq,349.0
1325,0,tYTpUUxD,paIawFeA,713.0
1643,0,zciPUDzN,RfgTYnKH,202.0
1643,0,jHHlfIjj,zciPUDzN,202.0
1643,0,FDNEUies,jHHlfIjj,202.0
1643,0,MRNmFwSk,FDNEUies,202.0
1643,0,FYonLsVT,MRNmFwSk,202.0
1643,0,yQTlxjhE,FYonLsVT,202.0
1643,0,xreoFKjO,BYVXItej,127.0
1643,0,vfbdLzPe,xreoFKjO,127.0
1643,0,LpqOzfFt,vfbdLzPe,127.0
1643,0,cmkMoJCe,LpqOzfFt,127.0
1643,0,SgSmBRUr,cmkMoJCe,127.0
1643,0,IQleWbDf,SgSmBRUr,127.0
1643,0,RfgTYnKH,IQleWbDf,127.0
1206,0,ubFzksan,tYTpUUxD,212.0
1206,0,RinxBkUZ,ubFzksan,212.0
1206,0,LhgNVAOU,RinxBkUZ,212.0
1206,0,bPdCVhrp,LhgNVAOU,218.0
1206,0,SOVcCDqR,bPdCVhrp,219.0
1206,0,FYhykdTj,SOVcCDqR,219.0
1206,0,QpprBOSr,FYhykdTj,217.0
1206,0,Plxavose,QpprBOSr,63.0
1023,0,sgwCzsMk,AwPzPEra,623.0
1023,0,WJvaarbI,sgwCzsMk,623.0
1023,0,JzVUaFrl,WJvaarbI,623.0
1700,0,oPeQOpNY,zKlIayrT,11.0
1700,0,LurFzbrs,oPeQOpNY,11.0
1700,0,ukWnzNPU,LurFzbrs,11.0
1408,0,irunVpff,sPOOXkzZ,390.0
1408,0,NMFCXTQH,irunVpff,390.0
1408,0,wXyAETzh,NMFCXTQH,390.0
1408,0,rmmCKKeS,wXyAETzh,390.0
1408,0,VtPnVtjF,rmmCKKeS,390.0
1408,0,DKWSfiEo,VtPnVtjF,390.0
1408,0,CHKZpApa,DKWSfiEo,171.0
1408,0,YvLuczKe,CHKZpApa,171.0
1408,0,cThdGxLv,YvLuczKe,181.0
874,0,nzTRQfUi,MklhhYCQ,1.0
874,0,nhSXMXjw,nzTRQfUi,1.0
874,0,kjxfKqbD,nhSXMXjw,1.0
874,0,mSXRukCc,kjxfKqbD,1.0
874,0,FFGyTMvJ,mSXRukCc,1.0
874,0,lsBVGYKC,FFGyTMvJ,1.0
874,0,WhHfbZWj,lsBVGYKC,1.0
1106,0,VTHwomVj,bsQVAuyn,1042.0
1106,0,VbpBVdde,VTHwomVj,1042.0
1124,0,yRjqmRuq,BsRMZbGV,9.0
1124,0,pTTspriv,yRjqmRuq,9.0
1124,0,kjmHgYUi,pTTspriv,9.0
1124,0,UHSPJyEW,kjmHgYUi,9.0
1124,0,dOTSUZHl,UHSPJyEW,9.0
1124,0,ITdbUezF,dOTSUZHl,9.0
1124,0,UCTWITih,ITdbUezF,9.0
1124,0,HnEviCBr,UCTWITih,9.0
1124,0,nCgrSQNi,HnEviCBr,9.0
1124,0,KyrNRMTR,nCgrSQNi,9.0
1124,0,WhRBEXGR,JbCujTci,172.0
1671,0,ihoYGoHN,IAWSKEHF,3.0
1671,0,kpWRWDUl,ihoYGoHN,5.0
1671,0,leVkrEcC,kpWRWDUl,5.0
1671,0,wgFmWmqT,leVkrEcC,5.0
1671,0,XTnubosJ,wgFmWmqT,5.0
1671,0,CcjcuryA,XTnubosJ,5.0
1671,0,FStgRiBS,CcjcuryA,4.0
1671,0,GkYZbgqg,FStgRiBS,4.0
1671,0,FlYjxOxQ,GkYZbgqg,4.0
1671,0,wFSILCzc,FlYjxOxQ,4.0
1671,0,yQQuLFAg,wFSILCzc,4.0
1671,0,eTnittuK,yQQuLFAg,3.0
1671,0,AkOiWGvq,eTnittuK,3.0
1305,0,YpVxAvQG,YJykDsrc,1626.0
1305,0,LhgNVAOU,YpVxAvQG,1627.0
705,0,YpVxAvQG,YJykDsrc,1077.0
705,0,RinxBkUZ,YpVxAvQG,1077.0
705,0,LhgNVAOU,RinxBkUZ,1063.0
1325,0,cOiBEGlK,tYTpUUxD,928.0
1325,0,RinxBkUZ,cOiBEGlK,928.0
1325,0,LhgNVAOU,RinxBkUZ,901.0
1317,0,buRRNGGe,CheNYOmP,4503.0
1317,0,nChZnrmr,buRRNGGe,4488.0
1317,0,RSRIdzBF,nChZnrmr,4488.0
1317,0,rcsEeYnc,RSRIdzBF,4488.0
1317,0,jnDfAorM,rcsEeYnc,4488.0
50,0,AszcEtOu,BpAiVnps,160.0
1305,0,SOVcCDqR,LhgNVAOU,1484.0
1305,0,QpprBOSr,SOVcCDqR,1484.0
1325,0,uijbLdHW,LhgNVAOU,2089.0
1325,0,LjyXiIAT,uijbLdHW,2096.0
1325,0,InEujKOO,LjyXiIAT,2096.0
1190,0,yLFlKjKg,LVcdwgEp,854.0
1190,0,isWzWnoW,yLFlKjKg,1139.0
1190,0,fcSUqaEW,isWzWnoW,1139.0
1190,0,YJykDsrc,fcSUqaEW,1139.0
1190,0,YpVxAvQG,YJykDsrc,1437.0
1190,0,RinxBkUZ,YpVxAvQG,1468.0
1190,0,LhgNVAOU,RinxBkUZ,1468.0
1190,0,uijbLdHW,LhgNVAOU,2468.0
1190,0,LjyXiIAT,uijbLdHW,2506.0
1190,0,InEujKOO,LjyXiIAT,2506.0
250,0,uaQvVFAB,taPJzyhF,4665.0
250,0,MnTeelLR,uaQvVFAB,4650.0
705,0,SOVcCDqR,LhgNVAOU,755.0
705,0,QpprBOSr,SOVcCDqR,755.0
705,0,Plxavose,QpprBOSr,562.0
705,0,iMjvswBX,Plxavose,21.0
705,0,CpULuhdq,iMjvswBX,21.0
705,0,tJbXQuOE,CpULuhdq,21.0
1325,0,DgFFenGX,InEujKOO,776.0
719,0,dCWftKsk,xOHMcnRu,375.0
96,0,RVGhYAxc,xGsoSfhX,155.0
96,0,BpAiVnps,RVGhYAxc,155.0
96,0,LKVeVUNI,BpAiVnps,155.0
96,0,dbPZeeiE,LKVeVUNI,155.0
96,0,CsDsDrdU,dbPZeeiE,155.0
96,0,rJRvqICk,CsDsDrdU,155.0
96,0,AmahvgQB,rJRvqICk,155.0
96,0,aYSqaQmJ,AmahvgQB,155.0
96,0,zgCGmKZn,aYSqaQmJ,155.0
96,0,JKFFGKvY,zgCGmKZn,155.0
96,0,EVAUYvVR,JKFFGKvY,155.0
96,0,GYfZYaJh,EVAUYvVR,155.0
96,0,OpgRCgWV,GYfZYaJh,155.0
96,0,ntDOQspU,OpgRCgWV,155.0
96,0,AXkvSZpr,ntDOQspU,155.0
96,0,MlqbsUKu,AXkvSZpr,114.0
96,0,jaCrAUFK,MlqbsUKu,113.0
96,0,EKYbCcms,jaCrAUFK,107.0
96,0,OyAyNkqZ,EKYbCcms,107.0
96,0,XiXLaJEL,OyAyNkqZ,107.0
1253,0,rckblBTM,rUKSlFeh,13.0
1253,0,zjjLSYAp,rckblBTM,13.0
1253,0,wrsPDGBQ,zjjLSYAp,13.0
1253,0,UtwZFZsx,wrsPDGBQ,13.0
1253,0,QsteKrle,UtwZFZsx,13.0
1253,0,XMWgellz,QsteKrle,13.0
1253,0,EmkugZPX,XMWgellz,13.0
1253,0,YtrqvWdf,EmkugZPX,13.0
1253,0,RVGhYAxc,YtrqvWdf,13.0
1253,0,BpAiVnps,RVGhYAxc,13.0
1253,0,LKVeVUNI,BpAiVnps,13.0
1253,0,dbPZeeiE,LKVeVUNI,13.0
1253,0,CsDsDrdU,dbPZeeiE,13.0
1253,0,rJRvqICk,CsDsDrdU,13.0
1253,0,AmahvgQB,rJRvqICk,13.0
1253,0,aYSqaQmJ,AmahvgQB,13.0
1253,0,zgCGmKZn,aYSqaQmJ,13.0
1253,0,EVAUYvVR,zgCGmKZn,13.0
1253,0,GYfZYaJh,EVAUYvVR,13.0
1253,0,OpgRCgWV,GYfZYaJh,13.0
1253,0,sUYaNmKG,OpgRCgWV,13.0
1253,0,ntDOQspU,sUYaNmKG,13.0
1253,0,AXkvSZpr,ntDOQspU,13.0
1253,0,MlqbsUKu,AXkvSZpr,13.0
1253,0,jaCrAUFK,MlqbsUKu,13.0
1253,0,oynLwMrX,jaCrAUFK,13.0
1253,0,EKYbCcms,oynLwMrX,13.0
1253,0,cIQOVqQI,EKYbCcms,13.0
1253,0,OyAyNkqZ,cIQOVqQI,13.0
1253,0,XiXLaJEL,OyAyNkqZ,13.0
635,0,QpprBOSr,SOVcCDqR,459.0
226,0,QpprBOSr,SOVcCDqR,252.0
1699,0,paIawFeA,nIakFMcq,18.0
1699,0,VcqDmTtv,paIawFeA,19.0
1699,0,bSoWRArq,VcqDmTtv,26.0
1699,0,RZSdunHk,bSoWRArq,26.0
1699,0,wggFpXDl,RZSdunHk,26.0
1699,0,PFPLEnYs,wggFpXDl,26.0
1699,0,WjJrQPKY,PFPLEnYs,26.0
1699,0,OFDSKCGJ,WjJrQPKY,30.0
1699,0,ZVaTNlgO,OFDSKCGJ,34.0
1699,0,mJMjzUfK,ZVaTNlgO,34.0
96,0,xQSKBJml,SwLVnWPq,48.0
96,0,eXTjiXiW,xQSKBJml,48.0
96,0,UUCrlfWg,eXTjiXiW,48.0
96,0,YULSfngF,UUCrlfWg,48.0
96,0,ozuppJDT,YULSfngF,48.0
96,0,xGsoSfhX,ozuppJDT,48.0
866,0,YcrsfAeA,qOuhMtTj,1813.0
866,0,PxQNjmHA,YcrsfAeA,2046.0
866,0,AGvhWyhD,PxQNjmHA,2047.0
865,0,NXLrCKMp,xiTGCYEl,268.0
865,0,FyoAuDvn,NXLrCKMp,268.0
865,0,WOOyqinT,FyoAuDvn,304.0
865,0,mnkgCFDT,WOOyqinT,590.0
865,0,kVhbTVuU,mnkgCFDT,1283.0
865,0,IoxYvxeH,kVhbTVuU,1415.0
865,0,yrlDljAC,IoxYvxeH,1528.0
865,0,rBCwdRqs,yrlDljAC,1528.0
865,0,olAnplnl,rBCwdRqs,1528.0
865,0,lLIyiFPN,olAnplnl,1528.0
865,0,cMNwDvJt,lLIyiFPN,1528.0
865,0,TcKqxHvb,cMNwDvJt,1528.0
865,0,JafKIKES,TcKqxHvb,1528.0
865,0,NxXUMgmK,JafKIKES,1528.0
1190,0,ubzklVlS,RIpTuvwk,45.0
1190,0,LVcdwgEp,ubzklVlS,54.0
1190,0,RIpTuvwk,KQSHMGnw,23.0
1325,0,mSsugdoq,DgFFenGX,751.0
719,0,HpfZbCVA,dCWftKsk,330.0
719,0,EYgpmtHR,HpfZbCVA,237.0
1317,0,HhzNhCIb,VTHwomVj,2562.0
1317,0,VbpBVdde,HhzNhCIb,2562.0
1317,0,ocwJSpah,VbpBVdde,2562.0
1317,0,CheNYOmP,ocwJSpah,2800.0
866,0,CSzsuVOH,gGjwcdJB,1067.0
866,0,aUZoPZMc,CSzsuVOH,1067.0
866,0,xOhGqygU,aUZoPZMc,1067.0
866,0,qOuhMtTj,xOhGqygU,1070.0
1699,0,TzOVcXdr,mJMjzUfK,28.0
1700,0,hPbxQISN,jnDfAorM,3.0
1700,0,zKlIayrT,hPbxQISN,3.0
1106,0,ocwJSpah,VbpBVdde,846.0
1106,0,CheNYOmP,ocwJSpah,846.0
1699,0,RsPctvEc,TzOVcXdr,27.0
1699,0,DHQonlzC,RsPctvEc,27.0
1699,0,VMhLZsWx,DHQonlzC,27.0
1699,0,djdidyfJ,VMhLZsWx,19.0
1699,0,jnDfAorM,djdidyfJ,19.0
96,0,SwLVnWPq,oiYuCTCe,6.0
1498,0,svgtEcQx,mnkgCFDT,226.0
1498,0,HcPkwFHM,svgtEcQx,226.0
1498,0,KjuJaNsu,HcPkwFHM,226.0
1498,0,QdnKSSsO,KjuJaNsu,247.0
1498,0,vSdfqYeK,QdnKSSsO,258.0
1498,0,wDpyEsxh,vSdfqYeK,258.0
1498,0,jIerKxIb,wDpyEsxh,258.0
1498,0,IubGYoNi,jIerKxIb,259.0
1498,0,fmQEzQWV,IubGYoNi,269.0
1498,0,BpAiVnps,fmQEzQWV,294.0
1498,0,AszcEtOu,BpAiVnps,453.0
1498,0,TCqyxHhF,AszcEtOu,557.0
1498,0,TcEVvOUM,TCqyxHhF,557.0
1498,0,qGnNRXVR,TcEVvOUM,557.0
1498,0,yLFlKjKg,qGnNRXVR,598.0
1498,0,RYTcAdhr,yLFlKjKg,915.0
1498,0,EzivGHuE,RYTcAdhr,915.0
1498,0,isWzWnoW,EzivGHuE,915.0
1498,0,fcSUqaEW,isWzWnoW,915.0
1498,0,YJykDsrc,fcSUqaEW,915.0
1498,0,YpVxAvQG,YJykDsrc,1400.0
1498,0,RinxBkUZ,YpVxAvQG,1435.0
1498,0,LhgNVAOU,RinxBkUZ,1436.0
1498,0,bPdCVhrp,LhgNVAOU,1712.0
1498,0,SOVcCDqR,bPdCVhrp,1733.0
1498,0,FYhykdTj,SOVcCDqR,1733.0
1498,0,QpprBOSr,FYhykdTj,1733.0
1498,0,Plxavose,QpprBOSr,2298.0
1498,0,xqQnPHkt,Plxavose,2317.0
1498,0,IfTbUocE,xqQnPHkt,2741.0
1498,0,JcXDDijg,IfTbUocE,3614.0
1498,0,jUsnmWea,JcXDDijg,3614.0
1498,0,EaDTtGYp,jUsnmWea,3614.0
1221,0,MnTeelLR,MklhhYCQ,4591.0
1221,0,WIZPpGvl,MnTeelLR,4591.0
719,0,glDvUhXc,EYgpmtHR,228.0
719,0,FhKkSAFH,glDvUhXc,228.0
719,0,hSRFRBsa,FhKkSAFH,228.0
1498,0,BJjcRhiE,EaDTtGYp,3579.0
1695,0,SsTrbdxo,UgzfanVk,162.0
1695,0,wGMdZeqa,SsTrbdxo,162.0
1695,0,yYFXObAF,wGMdZeqa,162.0
1695,0,xMwzCIXQ,yYFXObAF,162.0
1695,0,NmRushck,xMwzCIXQ,283.0
1695,0,JLvNOQnl,NmRushck,293.0
1325,0,jSFFeqWE,mSsugdoq,608.0
1325,0,SPymtbHS,jSFFeqWE,608.0
1325,0,uERHVBdu,SPymtbHS,608.0
1325,0,yWkNHrCP,uERHVBdu,608.0
1325,0,UyunGRcj,yWkNHrCP,575.0
1325,0,FhiUibmP,UyunGRcj,575.0
1184,0,kueIUJls,XGJiqzLW,4.0
1184,0,OVaoEscJ,kueIUJls,4.0
1184,0,BMprcpdo,OVaoEscJ,4.0
1184,0,YpVxAvQG,BMprcpdo,5.0
1184,0,RinxBkUZ,YpVxAvQG,5.0
1184,0,LhgNVAOU,RinxBkUZ,5.0
1342,0,YpVxAvQG,BMprcpdo,36.0
1342,0,RinxBkUZ,YpVxAvQG,39.0
1342,0,LhgNVAOU,RinxBkUZ,39.0
1342,0,uijbLdHW,LhgNVAOU,140.0
1342,0,LjyXiIAT,uijbLdHW,140.0
1342,0,InEujKOO,LjyXiIAT,140.0
1342,0,mSsugdoq,InEujKOO,140.0
1342,0,VXiNciom,mSsugdoq,174.0
1342,0,BMprcpdo,OVaoEscJ,19.0
1342,0,AszcEtOu,BpAiVnps,7.0
1342,0,TCqyxHhF,AszcEtOu,7.0
1342,0,PIUpvPaY,TCqyxHhF,7.0
1342,0,XCZfXGna,PIUpvPaY,7.0
1342,0,FYonLsVT,XCZfXGna,7.0
1342,0,voXQjjKh,FYonLsVT,7.0
1342,0,pKTlpooZ,voXQjjKh,7.0
1342,0,OVaoEscJ,pKTlpooZ,7.0
97,0,BZCtSmhk,ywuGpANM,76.0
97,0,qeXIqBgp,BZCtSmhk,76.0
97,0,jFRqfnFl,qeXIqBgp,76.0
97,0,ywuGpANM,hpACGGyB,16.0
97,0,hpACGGyB,eaNsVWDR,14.0
1696,0,bjEpkupt,gxlaiARP,365.0
1696,0,FYgdoWMK,bjEpkupt,354.0
1696,0,zAqZkkQx,FYgdoWMK,284.0
1696,0,siiqKFuN,zAqZkkQx,284.0
1696,0,vFpuvjcu,siiqKFuN,284.0
1696,0,UgzfanVk,vFpuvjcu,284.0
400,0,nIbIRswk,zZZsLLct,322.0
400,0,YfaruHLV,nIbIRswk,1257.0
400,0,XpaxRhYo,YfaruHLV,1257.0
400,0,qYsYtTjJ,XpaxRhYo,1321.0
400,0,KlSqKJQr,qYsYtTjJ,1464.0
1325,0,TPescrDz,FhiUibmP,131.0
1326,0,BZEEPDzF,fgAPkwgD,11.0
1357,0,FYonLsVT,XCZfXGna,14.0
1357,0,voXQjjKh,FYonLsVT,14.0
1357,0,pKTlpooZ,voXQjjKh,31.0
1357,0,OVaoEscJ,pKTlpooZ,31.0
1357,0,BMprcpdo,OVaoEscJ,123.0
1357,0,YpVxAvQG,BMprcpdo,143.0
1357,0,RinxBkUZ,YpVxAvQG,143.0
1357,0,LhgNVAOU,RinxBkUZ,143.0
1357,0,SOVcCDqR,LhgNVAOU,148.0
1357,0,QpprBOSr,SOVcCDqR,148.0
1357,0,Plxavose,QpprBOSr,148.0
1357,0,xqQnPHkt,Plxavose,148.0
1357,0,IfTbUocE,xqQnPHkt,148.0
1357,0,JcXDDijg,IfTbUocE,148.0
1357,0,jUsnmWea,JcXDDijg,148.0
1357,0,EaDTtGYp,jUsnmWea,148.0
1357,0,BJjcRhiE,EaDTtGYp,148.0
1305,0,xqQnPHkt,QpprBOSr,1275.0
1678,0,AosTMSAk,uwEtaQlz,7.0
1678,0,gJBgflgH,AosTMSAk,7.0
1678,0,HUSVGpqn,gJBgflgH,23.0
1678,0,DCZZhCfP,HUSVGpqn,23.0
1678,0,WwnuanyA,DCZZhCfP,23.0
1678,0,QpprBOSr,WwnuanyA,23.0
1678,0,Plxavose,QpprBOSr,23.0
1678,0,xqQnPHkt,Plxavose,23.0
1678,0,IfTbUocE,xqQnPHkt,23.0
1678,0,JcXDDijg,IfTbUocE,23.0
1678,0,jUsnmWea,JcXDDijg,23.0
1678,0,EaDTtGYp,jUsnmWea,23.0
1678,0,BJjcRhiE,EaDTtGYp,23.0
250,0,WIZPpGvl,MnTeelLR,4193.0
635,0,kFnjgEzS,QpprBOSr,415.0
1338,0,IfTbUocE,Plxavose,6614.0
1338,0,OgnAStiZ,IfTbUocE,6592.0
1338,0,NmJVuAxS,OgnAStiZ,6592.0
1357,0,bPMnvhIP,BJjcRhiE,49.0
1183,0,AFcMAvOI,dfrJZjmW,19.0
1183,0,jUExBSiR,AFcMAvOI,19.0
1183,0,vPrJwoLq,jUExBSiR,19.0
1183,0,aHDoehBY,vPrJwoLq,19.0
1183,0,TgdVKieU,aHDoehBY,19.0
1183,0,DexqYjKS,TgdVKieU,19.0
1183,0,wuDdaesk,DexqYjKS,19.0
1357,0,TCqyxHhF,AszcEtOu,11.0
1357,0,PIUpvPaY,TCqyxHhF,11.0
1357,0,XCZfXGna,PIUpvPaY,11.0
1672,0,Plxavose,QpprBOSr,68.0
1672,0,xqQnPHkt,Plxavose,68.0
1672,0,IfTbUocE,xqQnPHkt,71.0
1672,0,OgnAStiZ,IfTbUocE,82.0
1672,0,kFnjgEzS,OgnAStiZ,82.0
1672,0,KeGqLKVV,kFnjgEzS,210.0
1672,0,NpOlpVEB,KeGqLKVV,210.0
1672,0,GwjQuetc,NpOlpVEB,210.0
1357,0,AszcEtOu,BpAiVnps,6.0
1672,0,QpprBOSr,WwnuanyA,5.0
1594,0,bgJHPJde,KCvWJpxq,5700.0
1594,0,AyPgzIEO,bgJHPJde,5699.0
1594,0,mcahLsch,AyPgzIEO,5699.0
836,0,ffjXMuak,qeXIqBgp,8884.0
836,0,EDdQplwd,ffjXMuak,8883.0
836,0,XbgiSLmy,EDdQplwd,8893.0
836,0,pXlenLUq,XbgiSLmy,8893.0
836,0,DNyXiZzj,pXlenLUq,8893.0
836,0,rlKLMakt,DNyXiZzj,9720.0
836,0,hVJtIJom,rlKLMakt,9241.0
836,0,jbCYGAcv,hVJtIJom,9081.0
836,0,myLzZQdt,jbCYGAcv,9081.0
1594,0,KCvWJpxq,ySPnpMTg,36.0
1106,0,buRRNGGe,CheNYOmP,718.0
1106,0,nChZnrmr,buRRNGGe,718.0
1106,0,RSRIdzBF,nChZnrmr,718.0
1106,0,rcsEeYnc,RSRIdzBF,718.0
1106,0,jnDfAorM,rcsEeYnc,718.0
514,0,uKbbRztG,NZGnRwVn,21.0
514,0,uOqLwBTJ,uKbbRztG,21.0
514,0,fkZFUNSd,uOqLwBTJ,21.0
514,0,cttUtMNm,fkZFUNSd,21.0
514,0,wHfmVQMh,cttUtMNm,21.0
514,0,mdGitRQe,wHfmVQMh,21.0
514,0,SOBUilCD,mdGitRQe,21.0
514,0,xiCfcAgb,SOBUilCD,21.0
514,0,RjtzWJgw,xiCfcAgb,21.0
514,0,owFNQNZv,RjtzWJgw,21.0
514,0,nCsqpnJo,owFNQNZv,21.0
514,0,gnmwaIOJ,nCsqpnJo,21.0
514,0,pygvGZaF,gnmwaIOJ,21.0
514,0,VTHwomVj,pygvGZaF,21.0
514,0,VbpBVdde,VTHwomVj,21.0
514,0,ocwJSpah,VbpBVdde,21.0
514,0,CheNYOmP,ocwJSpah,21.0
514,0,buRRNGGe,CheNYOmP,21.0
514,0,nChZnrmr,buRRNGGe,21.0
514,0,rcsEeYnc,nChZnrmr,21.0
514,0,jnDfAorM,rcsEeYnc,21.0
97,0,VTHwomVj,bsQVAuyn,8.0
97,0,VbpBVdde,VTHwomVj,8.0
97,0,ocwJSpah,VbpBVdde,8.0
97,0,CheNYOmP,ocwJSpah,8.0
97,0,buRRNGGe,CheNYOmP,8.0
97,0,nChZnrmr,buRRNGGe,8.0
97,0,RSRIdzBF,nChZnrmr,8.0
97,0,rcsEeYnc,RSRIdzBF,8.0
97,0,jnDfAorM,rcsEeYnc,8.0
96,0,CoFyQOTC,jnDfAorM,4.0
96,0,HMiMHaRv,CoFyQOTC,4.0
96,0,kLfGGOkq,HMiMHaRv,4.0
96,0,ygVaThfM,kLfGGOkq,4.0
96,0,otuYkIZd,ygVaThfM,4.0
96,0,rSdxnGDj,otuYkIZd,4.0
96,0,MkXEUCdM,rSdxnGDj,4.0
96,0,oiYuCTCe,MkXEUCdM,4.0
1695,0,IMEhQaQS,jFRqfnFl,425.0
1395,0,YcrsfAeA,KCvWJpxq,731.0
1395,0,cfrRCwNB,YcrsfAeA,731.0
1395,0,TFSGEQcQ,cfrRCwNB,541.0
1395,0,fjFZwaYy,TFSGEQcQ,541.0
1395,0,lSWJJvzr,fjFZwaYy,541.0
1395,0,nxFmOJAJ,lSWJJvzr,502.0
1395,0,GznDzxNt,nxFmOJAJ,502.0
1395,0,jappmlZc,GznDzxNt,502.0
1395,0,JGAJXRSN,jappmlZc,495.0
1395,0,SDEQaVyD,JGAJXRSN,495.0
1183,0,dfrJZjmW,NjRgIRup,7.0
1175,0,dfrJZjmW,NjRgIRup,1908.0
1175,0,AFcMAvOI,dfrJZjmW,2028.0
1175,0,FltmFbyo,AFcMAvOI,2028.0
1175,0,jUExBSiR,FltmFbyo,2028.0
1175,0,vPrJwoLq,jUExBSiR,2028.0
1175,0,aHDoehBY,vPrJwoLq,2028.0
1175,0,SmfTtMBe,aHDoehBY,2737.0
1175,0,TgdVKieU,SmfTtMBe,2737.0
1175,0,DexqYjKS,TgdVKieU,2737.0
1594,0,EEpOhSPN,mcahLsch,28.0
1594,0,QJzYlSpE,EEpOhSPN,28.0
1594,0,eXUkyEOl,QJzYlSpE,28.0
1612,0,FlZnaZci,HpfZbCVA,9.0
1612,0,glDvUhXc,FlZnaZci,9.0
1612,0,FhKkSAFH,glDvUhXc,22.0
1612,0,taPJzyhF,FhKkSAFH,22.0
1612,0,cnbFkwhH,taPJzyhF,44.0
1612,0,RwPflEyQ,cnbFkwhH,44.0
1613,0,VHoqrdhk,RkUgARot,10.0
1613,0,NKkONliL,VHoqrdhk,10.0
1613,0,zUnCRHoa,NKkONliL,10.0
1613,0,LNbMEmtu,zUnCRHoa,10.0
1613,0,OUzlATeX,LNbMEmtu,10.0
1663,0,YQrIOijs,jnDfAorM,1899.0
1663,0,FSklzHpQ,YQrIOijs,1114.0
1663,0,cNArzmnq,FSklzHpQ,1034.0
1663,0,UNbrDjxM,cNArzmnq,1034.0
1338,0,LLWkkTwA,NmJVuAxS,6584.0
1338,0,ZTMEdEeK,LLWkkTwA,6581.0
467,0,eaNsVWDR,ejMjPdTH,23.0
467,0,hpACGGyB,eaNsVWDR,23.0
467,0,ywuGpANM,hpACGGyB,41.0
467,0,BZCtSmhk,ywuGpANM,84.0
467,0,aojHvPEg,BZCtSmhk,84.0
467,0,qeXIqBgp,aojHvPEg,84.0
467,0,ffjXMuak,qeXIqBgp,161.0
467,0,EDdQplwd,ffjXMuak,161.0
467,0,XbgiSLmy,EDdQplwd,161.0
467,0,pXlenLUq,XbgiSLmy,161.0
467,0,DNyXiZzj,pXlenLUq,161.0
467,0,FYgdoWMK,DNyXiZzj,167.0
467,0,ZKBLrnzS,FYgdoWMK,167.0
467,0,zAqZkkQx,ZKBLrnzS,167.0
467,0,sSUdZsSb,zAqZkkQx,167.0
467,0,siiqKFuN,sSUdZsSb,167.0
467,0,dlIiZmBi,siiqKFuN,167.0
467,0,CuIFmOPZ,dlIiZmBi,232.0
467,0,bkPedFyi,CuIFmOPZ,257.0
467,0,neCsPoxX,bkPedFyi,257.0
467,0,RMvkOcpU,neCsPoxX,257.0
467,0,qVxAOUMG,RMvkOcpU,285.0
467,0,bYKKzRQT,qVxAOUMG,285.0
467,0,CLqSCDPt,bYKKzRQT,285.0
467,0,ZzqCYjTC,CLqSCDPt,285.0
467,0,UtzkRwuC,ZzqCYjTC,285.0
467,0,cvCJiZVm,UtzkRwuC,285.0
467,0,XadmKFIl,cvCJiZVm,285.0
467,0,SlEBxfyW,XadmKFIl,285.0
1206,0,xqQnPHkt,Plxavose,57.0
853,0,IoxYvxeH,kVhbTVuU,59.0
853,0,yrlDljAC,IoxYvxeH,59.0
853,0,rBCwdRqs,yrlDljAC,59.0
853,0,olAnplnl,rBCwdRqs,59.0
853,0,hpCuKAjH,olAnplnl,59.0
853,0,tyeyrnYi,hpCuKAjH,59.0
853,0,HezLsNFQ,tyeyrnYi,59.0
853,0,eusqYKWT,HezLsNFQ,59.0
853,0,xOHMcnRu,eusqYKWT,59.0
853,0,dCWftKsk,xOHMcnRu,59.0
853,0,HpfZbCVA,dCWftKsk,59.0
853,0,glDvUhXc,HpfZbCVA,59.0
853,0,FhKkSAFH,glDvUhXc,59.0
853,0,taPJzyhF,FhKkSAFH,59.0
853,0,uaQvVFAB,taPJzyhF,59.0
853,0,MnTeelLR,uaQvVFAB,59.0
1175,0,tZuNjCsn,DexqYjKS,2743.0
1175,0,aUCLtnsj,tZuNjCsn,2743.0
1338,0,ogOCBKAf,ZTMEdEeK,6290.0
1663,0,GJEXlFdt,UNbrDjxM,890.0
1663,0,VMzKgUSR,GJEXlFdt,779.0
1663,0,BJDTCJYP,VMzKgUSR,779.0
1663,0,gyedwqXM,BJDTCJYP,779.0
1663,0,LYitljhu,gyedwqXM,779.0
1663,0,UhAwQaaX,LYitljhu,779.0
1663,0,LOIXCDqJ,UhAwQaaX,779.0
1663,0,FldHcjZC,LOIXCDqJ,719.0
1663,0,qNiTyrkl,FldHcjZC,452.0
1592,0,CSzsuVOH,dCWftKsk,114.0
1592,0,aUZoPZMc,CSzsuVOH,114.0
1592,0,xOhGqygU,aUZoPZMc,114.0
1592,0,qOuhMtTj,xOhGqygU,134.0
1592,0,KCvWJpxq,qOuhMtTj,134.0
1592,0,YcrsfAeA,KCvWJpxq,159.0
1592,0,cfrRCwNB,YcrsfAeA,159.0
1592,0,sKTwWsMk,cfrRCwNB,194.0
1592,0,pmULGxKj,sKTwWsMk,596.0
1592,0,ToEONYdV,pmULGxKj,596.0
1592,0,IawIHXne,ToEONYdV,584.0
467,0,qLQHuyIe,SlEBxfyW,251.0
467,0,NRaiNGwl,qLQHuyIe,251.0
467,0,dgLtpUgu,NRaiNGwl,226.0
467,0,GJEXlFdt,dgLtpUgu,226.0
467,0,BJDTCJYP,GJEXlFdt,226.0
467,0,UhAwQaaX,BJDTCJYP,226.0
467,0,LOIXCDqJ,UhAwQaaX,223.0
725,0,uaQvVFAB,taPJzyhF,809.0
725,0,MnTeelLR,uaQvVFAB,809.0
725,0,WIZPpGvl,MnTeelLR,807.0
865,0,AdCBnmxI,NxXUMgmK,1527.0
865,0,ufpbvrtF,AdCBnmxI,1527.0
1594,0,ySPnpMTg,yQTYDvhm,1.0
778,0,FZsFzszJ,gzTQJVMW,513.0
778,0,KgwKZlse,FZsFzszJ,503.0
778,0,AoRkaUmb,KgwKZlse,503.0
778,0,ALhaazBT,AoRkaUmb,503.0
778,0,YqlTLIQa,ALhaazBT,470.0
778,0,AUmOMGnp,YqlTLIQa,470.0
778,0,XFPAZveS,AUmOMGnp,470.0
778,0,ojqTFFWy,XFPAZveS,22.0
1305,0,NmJVuAxS,xqQnPHkt,1254.0
1305,0,LLWkkTwA,NmJVuAxS,1247.0
1305,0,ogOCBKAf,LLWkkTwA,1247.0
1258,0,xqQnPHkt,Plxavose,466.0
1258,0,IfTbUocE,xqQnPHkt,466.0
1258,0,OgnAStiZ,IfTbUocE,466.0
1258,0,NmJVuAxS,OgnAStiZ,466.0
1258,0,VFLsoIHD,NmJVuAxS,466.0
1258,0,LLWkkTwA,VFLsoIHD,372.0
1258,0,ZTMEdEeK,LLWkkTwA,372.0
1258,0,ogOCBKAf,ZTMEdEeK,372.0
467,0,waZdIIZY,LOIXCDqJ,215.0
467,0,eiOwifcC,waZdIIZY,215.0
467,0,ogOCBKAf,eiOwifcC,117.0
751,0,IMzgpfjO,BsiptQCD,651.0
751,0,AmGPOhem,IMzgpfjO,651.0
1355,0,EXDTntZv,AmGPOhem,133.0
1355,0,xFzHIeRy,EXDTntZv,118.0
1355,0,VycUzKpr,xFzHIeRy,98.0
1355,0,ARQSeSoV,VycUzKpr,98.0
1355,0,UmISPPJO,ARQSeSoV,15.0
1355,0,VPUbGzfh,UmISPPJO,15.0
1355,0,MVExtcyL,VPUbGzfh,15.0
1355,0,ogOCBKAf,MVExtcyL,15.0
1206,0,IfTbUocE,xqQnPHkt,51.0
1206,0,OgnAStiZ,IfTbUocE,51.0
1206,0,NmJVuAxS,OgnAStiZ,51.0
1206,0,VFLsoIHD,NmJVuAxS,51.0
1206,0,vIPMUZxJ,VFLsoIHD,49.0
1206,0,UmISPPJO,vIPMUZxJ,49.0
1206,0,VPUbGzfh,UmISPPJO,30.0
1206,0,MVExtcyL,VPUbGzfh,30.0
1173,0,PNniCxAw,ogOCBKAf,1692.0
1173,0,aZaGhhAB,PNniCxAw,1856.0
635,0,VFLsoIHD,kFnjgEzS,399.0
635,0,LLWkkTwA,VFLsoIHD,399.0
635,0,ogOCBKAf,LLWkkTwA,399.0
1529,0,vcQVCkqQ,kDvrGahi,3.0
1529,0,TzBLFSKE,vcQVCkqQ,3.0
1529,0,MmmkWPfy,TzBLFSKE,3.0
1529,0,AWJbGBWg,MmmkWPfy,3.0
1529,0,sHqmRcRD,AWJbGBWg,3.0
1529,0,wSzUgpVB,sHqmRcRD,3.0
1529,0,zrlQGdaK,wSzUgpVB,3.0
1529,0,UgzfanVk,zrlQGdaK,3.0
1529,0,mhYSfvAq,UgzfanVk,3.0
1529,0,CuIFmOPZ,mhYSfvAq,3.0
1529,0,bkPedFyi,CuIFmOPZ,3.0
1529,0,neCsPoxX,bkPedFyi,3.0
1529,0,RMvkOcpU,neCsPoxX,3.0
1529,0,qVxAOUMG,RMvkOcpU,3.0
1529,0,bYKKzRQT,qVxAOUMG,3.0
1529,0,CLqSCDPt,bYKKzRQT,3.0
1529,0,ZzqCYjTC,CLqSCDPt,3.0
1529,0,UtzkRwuC,ZzqCYjTC,3.0
1529,0,cvCJiZVm,UtzkRwuC,3.0
1529,0,MklhhYCQ,cvCJiZVm,3.0
1529,0,MnTeelLR,MklhhYCQ,3.0
1529,0,WIZPpGvl,MnTeelLR,3.0
1663,0,pGHnvifU,qNiTyrkl,447.0
1663,0,waZdIIZY,pGHnvifU,447.0
1663,0,eiOwifcC,waZdIIZY,447.0
1663,0,ogOCBKAf,eiOwifcC,444.0
1659,0,ogOCBKAf,eiOwifcC,223.0
1659,0,KttMmUZl,dbBlyJgh,50.0
1659,0,kEIvmolg,KttMmUZl,50.0
1659,0,vfRjIFnr,kEIvmolg,50.0
751,0,lqTAOmVV,WwbQwfXi,1863.0
1206,0,tYTpUUxD,paIawFeA,4.0
1660,0,WyfCQhSW,ogOCBKAf,113.0
1660,0,RBBxesxu,WyfCQhSW,113.0
1660,0,npYXJyuT,RBBxesxu,113.0
1660,0,lFqTDxEu,npYXJyuT,113.0
1660,0,fyczPNat,lFqTDxEu,113.0
1659,0,cBsLzvxc,qflzswAf,29.0
1659,0,MTGLsZPE,cBsLzvxc,47.0
1659,0,bmCACwpU,MTGLsZPE,47.0
1659,0,ndVUpTXG,bmCACwpU,47.0
1659,0,mvSwkBgn,ndVUpTXG,47.0
1659,0,dbBlyJgh,mvSwkBgn,47.0
1660,0,LbqeOjDq,fyczPNat,44.0
1660,0,qdBHsTrj,LbqeOjDq,44.0
1660,0,QRWCUyXY,qdBHsTrj,44.0
242,0,xiCfcAgb,AszcEtOu,983.0
242,0,RjtzWJgw,xiCfcAgb,983.0
242,0,owFNQNZv,RjtzWJgw,994.0
242,0,nCsqpnJo,owFNQNZv,994.0
242,0,gnmwaIOJ,nCsqpnJo,994.0
242,0,pygvGZaF,gnmwaIOJ,995.0
242,0,bsQVAuyn,pygvGZaF,995.0
242,0,VTHwomVj,bsQVAuyn,995.0
242,0,VbpBVdde,VTHwomVj,1053.0
242,0,ocwJSpah,VbpBVdde,1053.0
242,0,CheNYOmP,ocwJSpah,1074.0
242,0,xYUjBvzT,CheNYOmP,1156.0
242,0,JXJZtHSD,xYUjBvzT,1156.0
242,0,owqgejgM,JXJZtHSD,1156.0
242,0,WIZPpGvl,owqgejgM,1219.0
242,0,qflzswAf,WIZPpGvl,1218.0
725,0,qflzswAf,WIZPpGvl,738.0
853,0,cNuIRYrx,OrbXRiVv,57.0
853,0,yNIUaSyZ,cNuIRYrx,57.0
853,0,xiTGCYEl,yNIUaSyZ,57.0
853,0,NXLrCKMp,xiTGCYEl,57.0
853,0,FyoAuDvn,NXLrCKMp,57.0
853,0,WOOyqinT,FyoAuDvn,57.0
853,0,mnkgCFDT,WOOyqinT,57.0
853,0,kVhbTVuU,mnkgCFDT,57.0
853,0,WIZPpGvl,MnTeelLR,50.0
853,0,qflzswAf,WIZPpGvl,50.0
250,0,qflzswAf,WIZPpGvl,3936.0
1221,0,qflzswAf,WIZPpGvl,4313.0
601,0,uaQvVFAB,taPJzyhF,33.0
601,0,MnTeelLR,uaQvVFAB,33.0
601,0,WIZPpGvl,MnTeelLR,33.0
601,0,qflzswAf,WIZPpGvl,33.0
242,0,AszcEtOu,BpAiVnps,201.0
1660,0,bGxnPBxb,QRWCUyXY,46.0
1660,0,mvgVyONe,bGxnPBxb,46.0
1660,0,YlcUcHmr,mvgVyONe,46.0
1660,0,puuUveiG,YlcUcHmr,46.0
1660,0,CGfCHyje,puuUveiG,46.0
1660,0,qflzswAf,CGfCHyje,41.0
843,0,tbsBIgaj,WoCjyXMQ,166.0
843,0,ekoOPpVq,tbsBIgaj,166.0
843,0,rljVoTvk,ekoOPpVq,150.0
843,0,gxidCspv,rljVoTvk,150.0
843,0,wRTYbalx,gxidCspv,140.0
843,0,DHkaGHFf,wRTYbalx,140.0
843,0,FdBCLyPI,DHkaGHFf,140.0
843,0,CrOFTJlw,FdBCLyPI,140.0
843,0,PyGiRErs,CrOFTJlw,140.0
843,0,qflzswAf,PyGiRErs,121.0
1085,0,cudxYHxf,eJIFTpTd,1157.0
1085,0,WneZtuRq,cudxYHxf,1157.0
1170,0,PNniCxAw,ogOCBKAf,843.0
1170,0,aZaGhhAB,PNniCxAw,853.0
1170,0,CVcknAiw,aZaGhhAB,853.0
1170,0,uGkwFELU,CVcknAiw,853.0
1170,0,LpjIkIID,uGkwFELU,856.0
751,0,xRIuSSHV,lqTAOmVV,1734.0
751,0,HKxWWoBG,xRIuSSHV,1734.0
1607,0,CyKtNncX,aImltWBw,26.0
1607,0,UGBWqSzR,CyKtNncX,26.0
1607,0,ywuGpANM,UGBWqSzR,26.0
1708,0,ffjXMuak,qeXIqBgp,10.0
1708,0,EDdQplwd,ffjXMuak,10.0
1708,0,XbgiSLmy,EDdQplwd,10.0
1708,0,pXlenLUq,XbgiSLmy,10.0
1708,0,DNyXiZzj,pXlenLUq,10.0
1708,0,rEicsBoS,DNyXiZzj,13.0
1708,0,obgmJQzi,rEicsBoS,13.0
1708,0,MPxbDKyu,obgmJQzi,13.0
1708,0,BZCtSmhk,ywuGpANM,3.0
1708,0,aojHvPEg,BZCtSmhk,3.0
1708,0,qeXIqBgp,aojHvPEg,3.0
1708,0,hpACGGyB,eaNsVWDR,1.0
1708,0,VgUdLlOW,hpACGGyB,1.0
1708,0,ywuGpANM,VgUdLlOW,1.0
242,0,tBPmVbcK,qflzswAf,396.0
1173,0,QESMqsTJ,JJzKKoaf,1565.0
1173,0,CVcknAiw,aZaGhhAB,1486.0
1173,0,uGkwFELU,CVcknAiw,1486.0
1173,0,TCQmGnBb,uGkwFELU,1493.0
1173,0,JJzKKoaf,TCQmGnBb,1493.0
751,0,AjvyZYOZ,HKxWWoBG,662.0
751,0,LroBKvWh,AjvyZYOZ,625.0
751,0,BsiptQCD,LroBKvWh,625.0
900,0,FZsFzszJ,gzTQJVMW,18.0
900,0,KgwKZlse,FZsFzszJ,18.0
900,0,AoRkaUmb,KgwKZlse,18.0
900,0,ALhaazBT,AoRkaUmb,18.0
900,0,YqlTLIQa,ALhaazBT,18.0
900,0,AUmOMGnp,YqlTLIQa,18.0
900,0,XFPAZveS,AUmOMGnp,18.0
900,0,ojqTFFWy,XFPAZveS,15.0
1408,0,SXdpUnkd,NNAcmEYB,550.0
1408,0,cWGPtAwF,SXdpUnkd,550.0
1408,0,sPOOXkzZ,cWGPtAwF,550.0
1573,0,SoTLWNOq,kZlpJvjE,6.0
1573,0,eAajskRX,SoTLWNOq,6.0
1573,0,FXulXHgs,eAajskRX,6.0
1573,0,ElqrEMfW,FXulXHgs,6.0
1573,0,hqxwmRzJ,ElqrEMfW,6.0
1573,0,VtPnVtjF,hqxwmRzJ,6.0
1573,0,hCpAddaw,VtPnVtjF,6.0
1573,0,CHKZpApa,hCpAddaw,6.0
1573,0,YvLuczKe,CHKZpApa,6.0
1573,0,cThdGxLv,YvLuczKe,6.0
1573,0,SUVVzOYC,cThdGxLv,6.0
1573,0,dAxtDTje,SUVVzOYC,4.0
1573,0,KGIBfEut,dAxtDTje,4.0
1573,0,kiTgZeoH,KGIBfEut,4.0
1573,0,eLmJkuZC,kiTgZeoH,4.0
1573,0,UgzfanVk,eLmJkuZC,4.0
1032,0,EiPYisOM,QhscbmPA,606.0
1032,0,ElqrEMfW,EiPYisOM,606.0
1032,0,hqxwmRzJ,ElqrEMfW,606.0
1032,0,bbltEnah,hqxwmRzJ,27.0
1032,0,jJqyLkNG,bbltEnah,27.0
1032,0,NMFCXTQH,jJqyLkNG,27.0
1032,0,wXyAETzh,NMFCXTQH,27.0
1032,0,GxYrbHur,wXyAETzh,27.0
1032,0,uGbUWjny,GxYrbHur,27.0
1032,0,NsShbegC,uGbUWjny,17.0
1032,0,owraUoxF,NsShbegC,17.0
1032,0,oWTTFPnV,owraUoxF,17.0
1032,0,CHKZpApa,oWTTFPnV,17.0
1032,0,YvLuczKe,CHKZpApa,17.0
1032,0,cThdGxLv,YvLuczKe,17.0
1032,0,SUVVzOYC,cThdGxLv,17.0
1032,0,dAxtDTje,SUVVzOYC,9.0
1032,0,aunBMooM,dAxtDTje,9.0
1032,0,KGIBfEut,aunBMooM,9.0
1032,0,kiTgZeoH,KGIBfEut,9.0
1032,0,eLmJkuZC,kiTgZeoH,3.0
1032,0,uDnSXuvA,eLmJkuZC,3.0
1032,0,UgzfanVk,uDnSXuvA,3.0
1029,0,DhBIcFJB,tBPmVbcK,4681.0
400,0,zZZsLLct,ojqTFFWy,321.0
242,0,DhBIcFJB,tBPmVbcK,256.0
751,0,aLRPqQhq,YZpWLtUD,189.0
751,0,mSljWdzX,aLRPqQhq,189.0
751,0,PAsYxpUt,mSljWdzX,189.0
751,0,ILhwWAuu,PAsYxpUt,189.0
751,0,IAqHsGfg,ILhwWAuu,189.0
751,0,JbVeQOiO,IAqHsGfg,189.0
751,0,WKiVoaSt,JbVeQOiO,189.0
751,0,AEUmstNW,WKiVoaSt,198.0
751,0,PfGRcOsd,AEUmstNW,194.0
751,0,bLWPtAll,PfGRcOsd,194.0
751,0,BDmybVdG,bLWPtAll,194.0
1125,0,CVPWCvNJ,BDmybVdG,324.0
1125,0,muVREKCV,CVPWCvNJ,484.0
1125,0,BsRMZbGV,muVREKCV,484.0
1170,0,odfRkvUj,LpjIkIID,546.0
1170,0,sCNvhPqY,odfRkvUj,546.0
1170,0,IjFZQfFh,sCNvhPqY,546.0
1170,0,TYAIdqeQ,IjFZQfFh,546.0
1170,0,Zysthhei,TYAIdqeQ,546.0
1170,0,oEaRMYXq,Zysthhei,546.0
1168,0,iqwUvhKg,isqWGISG,8.0
867,0,uhArLFHO,cBsLzvxc,43.0
867,0,qZeFqHEu,uhArLFHO,43.0
867,0,cBsLzvxc,qflzswAf,27.0
868,0,zjOknQHK,CRVKBFrv,19.0
868,0,FrKNovDQ,zjOknQHK,19.0
868,0,nfCzcTzh,FrKNovDQ,19.0
868,0,GyLDNPGc,nfCzcTzh,22.0
868,0,qORtFjQM,GyLDNPGc,22.0
868,0,OZmcxPEb,qORtFjQM,22.0
868,0,qgVdByqj,OZmcxPEb,22.0
868,0,jQlVbeqW,qgVdByqj,22.0
1395,0,UgzfanVk,SDEQaVyD,32.0
1305,0,WyfCQhSW,ogOCBKAf,541.0
1305,0,erxKyHjj,WyfCQhSW,521.0
1305,0,KjiBWoqR,erxKyHjj,521.0
1083,0,EAwJtHSB,vyojaKRU,520.0
96,0,vyojaKRU,XiXLaJEL,38.0
1040,0,eaNsVWDR,CKorGRkE,91.0
1649,0,WyfCQhSW,ogOCBKAf,802.0
1649,0,erxKyHjj,WyfCQhSW,802.0
1649,0,KjiBWoqR,erxKyHjj,802.0
1649,0,bYNwHuWo,KjiBWoqR,802.0
1649,0,qWvzRbGV,bYNwHuWo,802.0
1649,0,PRzaSxQc,qWvzRbGV,802.0
1649,0,bfKiOFsS,PRzaSxQc,802.0
1649,0,eGbCulMV,bfKiOFsS,802.0
1649,0,CRVKBFrv,eGbCulMV,802.0
1649,0,zjOknQHK,CRVKBFrv,823.0
1649,0,TCeiTEZh,zjOknQHK,1296.0
1650,0,cBsLzvxc,qflzswAf,177.0
1650,0,MTGLsZPE,cBsLzvxc,404.0
1650,0,bmCACwpU,MTGLsZPE,404.0
1650,0,ndVUpTXG,bmCACwpU,404.0
1650,0,mvSwkBgn,ndVUpTXG,404.0
1650,0,dbBlyJgh,mvSwkBgn,404.0
1650,0,DyENAaIa,dbBlyJgh,405.0
1650,0,dXsdOXmC,DyENAaIa,405.0
1650,0,pWUEfFEM,dXsdOXmC,405.0
1170,0,FyAVeoLb,oEaRMYXq,444.0
1124,0,CVPWCvNJ,BDmybVdG,1.0
1124,0,muVREKCV,CVPWCvNJ,1.0
1124,0,MpxTTzjt,muVREKCV,1.0
1124,0,BsRMZbGV,MpxTTzjt,1.0
1173,0,ZtKBYERA,QESMqsTJ,810.0
1173,0,BtOUMROM,ZtKBYERA,810.0
1173,0,cwRIXHps,BtOUMROM,810.0
1173,0,jFhGTpOu,cwRIXHps,791.0
1173,0,btKesaAl,jFhGTpOu,791.0
1173,0,UTtjkhMN,btKesaAl,791.0
1173,0,GbOoEgJY,UTtjkhMN,810.0
1173,0,KvUqhblU,GbOoEgJY,810.0
1173,0,VMlGrjvU,KvUqhblU,808.0
1173,0,WlXbaBoJ,VMlGrjvU,808.0
1530,0,kVeKzKrW,zuhYkREh,133.0
1530,0,FfdGxPiD,vxTQjZcJ,66.0
1530,0,nGUGLxPd,FfdGxPiD,66.0
1530,0,hZwGajtf,nGUGLxPd,66.0
1530,0,zuhYkREh,hZwGajtf,66.0
1529,0,kDvrGahi,ejMjPdTH,173.0
1530,0,PNUwxzRj,iaPnRXpR,17.0
1530,0,sxclJLmG,PNUwxzRj,17.0
1530,0,xMTNzVPt,sxclJLmG,17.0
1530,0,AudzmzeZ,xMTNzVPt,17.0
1530,0,QVFxizLc,AudzmzeZ,17.0
1530,0,BKywSEpu,QVFxizLc,17.0
1530,0,PrwDPVMa,BKywSEpu,17.0
1530,0,bjPEDqek,PrwDPVMa,17.0
1530,0,hNvVhacI,bjPEDqek,17.0
1530,0,RTnwKdcX,hNvVhacI,17.0
1530,0,SDEQaVyD,RTnwKdcX,17.0
1530,0,OMhVSsxv,SDEQaVyD,17.0
1530,0,UgzfanVk,OMhVSsxv,17.0
1530,0,fiwqiJeH,UgzfanVk,17.0
1530,0,JaCojcPE,fiwqiJeH,17.0
1530,0,vxTQjZcJ,JaCojcPE,17.0
867,0,sICvpcEb,qZeFqHEu,13.0
867,0,XwJbeVId,sICvpcEb,13.0
867,0,BuUVquxB,XwJbeVId,13.0
867,0,eLEJvIlJ,BuUVquxB,13.0
867,0,suvDbtPR,eLEJvIlJ,13.0
867,0,clVXMHJf,suvDbtPR,12.0
867,0,UXEWVZzP,clVXMHJf,12.0
751,0,OHOnJQtA,AmGPOhem,570.0
751,0,VwYVTziR,OHOnJQtA,570.0
1170,0,VjSiMBzK,FyAVeoLb,389.0
1170,0,JoqesOWP,VjSiMBzK,389.0
1170,0,ATKbycui,JoqesOWP,389.0
1128,0,yzzIynLu,DhBIcFJB,1953.0
1128,0,ByOODIxa,yzzIynLu,1953.0
1128,0,Ngsxsfae,ByOODIxa,1953.0
1128,0,qDNcQeuw,Ngsxsfae,1968.0
1128,0,DpfRSiIE,qDNcQeuw,1968.0
1128,0,QoKDjrWo,qflzswAf,1450.0
1128,0,tBPmVbcK,QoKDjrWo,1450.0
1128,0,DhBIcFJB,tBPmVbcK,1830.0
1356,0,BjxLEaiN,UTtjkhMN,40.0
1356,0,UsVsFgoS,BjxLEaiN,55.0
1407,0,rJvLUxkA,UgzfanVk,944.0
1407,0,dYlTtQAF,rJvLUxkA,944.0
1032,0,FrCulsqF,VYHZxBYO,242.0
1032,0,KCAssTym,FrCulsqF,242.0
1032,0,WhdKokFf,KCAssTym,574.0
1032,0,QhscbmPA,WhdKokFf,574.0
1121,0,WIZPpGvl,MnTeelLR,449.0
1121,0,qflzswAf,WIZPpGvl,449.0
1121,0,tBPmVbcK,qflzswAf,449.0
1121,0,DhBIcFJB,tBPmVbcK,449.0
1121,0,ByOODIxa,DhBIcFJB,449.0
1121,0,Ngsxsfae,ByOODIxa,449.0
1121,0,qDNcQeuw,Ngsxsfae,449.0
1121,0,DpfRSiIE,qDNcQeuw,449.0
1121,0,XsvFZXJo,DpfRSiIE,449.0
1121,0,dJdTBATy,XsvFZXJo,258.0
1121,0,PzVFlDkT,dJdTBATy,258.0
1128,0,XsvFZXJo,DpfRSiIE,1952.0
1128,0,dJdTBATy,XsvFZXJo,1264.0
1128,0,PzVFlDkT,dJdTBATy,1264.0
1066,0,TsaeiIGv,EkWBPXmr,1.0
1066,0,OsBkWRQx,TsaeiIGv,1.0
1066,0,udlIzhJE,OsBkWRQx,1.0
1066,0,DeduXMzE,udlIzhJE,4.0
1066,0,GXHjZCTL,DeduXMzE,4.0
1066,0,yolIeCeg,GXHjZCTL,4.0
1066,0,ozAxYCwR,yolIeCeg,4.0
1066,0,qdrjbHYS,ozAxYCwR,4.0
1066,0,AKdDiXyV,qdrjbHYS,16.0
1066,0,kZdBhxvo,AKdDiXyV,16.0
1066,0,ZBkAAevT,kZdBhxvo,16.0
1066,0,cMinRgYB,ZBkAAevT,16.0
1066,0,LRmPOeoe,cMinRgYB,16.0
1066,0,tBNXSyMW,LRmPOeoe,16.0
1066,0,ArHpJhVJ,tBNXSyMW,16.0
1066,0,tWpVdCtj,ArHpJhVJ,16.0
1066,0,EdJUuxct,tWpVdCtj,16.0
1066,0,gmiMCrrb,EdJUuxct,16.0
1066,0,DzkWADkh,gmiMCrrb,16.0
1066,0,MjMnNBLG,DzkWADkh,16.0
1066,0,XiRzIewe,MjMnNBLG,16.0
1066,0,HEshVETB,XiRzIewe,16.0
1066,0,WKWTpoqQ,HEshVETB,16.0
1066,0,WlkKexEs,WKWTpoqQ,16.0
1066,0,VxCMIjeX,fxsyxfZK,614.0
1066,0,BOULhmAk,VxCMIjeX,615.0
1066,0,qhfHNtOQ,BOULhmAk,615.0
1170,0,VXqnYnlT,ATKbycui,232.0
1651,0,KiOCmsmI,bYNwHuWo,13.0
1651,0,QRngTwFS,KiOCmsmI,13.0
1651,0,PxKzEfaJ,QRngTwFS,13.0
1651,0,kKaTqilr,PxKzEfaJ,13.0
1651,0,UUyOnuCZ,kKaTqilr,13.0
1651,0,YbopoHtZ,UUyOnuCZ,1.0
1651,0,LIaalPFl,YbopoHtZ,1.0
1121,0,NXLrCKMp,xiTGCYEl,11.0
1121,0,FyoAuDvn,NXLrCKMp,11.0
1121,0,WOOyqinT,FyoAuDvn,64.0
1121,0,mnkgCFDT,WOOyqinT,64.0
1121,0,kVhbTVuU,mnkgCFDT,145.0
1121,0,IoxYvxeH,kVhbTVuU,155.0
1121,0,yrlDljAC,IoxYvxeH,158.0
1121,0,rBCwdRqs,yrlDljAC,158.0
1121,0,olAnplnl,rBCwdRqs,158.0
1121,0,hpCuKAjH,olAnplnl,158.0
1121,0,tyeyrnYi,hpCuKAjH,158.0
1121,0,HezLsNFQ,tyeyrnYi,158.0
1121,0,eusqYKWT,HezLsNFQ,168.0
1121,0,dCWftKsk,eusqYKWT,168.0
1121,0,HpfZbCVA,dCWftKsk,220.0
1121,0,glDvUhXc,HpfZbCVA,221.0
1121,0,FhKkSAFH,glDvUhXc,221.0
1121,0,taPJzyhF,FhKkSAFH,221.0
1121,0,uaQvVFAB,taPJzyhF,221.0
1121,0,MnTeelLR,uaQvVFAB,221.0
242,0,ByOODIxa,DhBIcFJB,227.0
242,0,Ngsxsfae,ByOODIxa,227.0
242,0,qDNcQeuw,Ngsxsfae,227.0
242,0,DpfRSiIE,qDNcQeuw,227.0
242,0,XsvFZXJo,DpfRSiIE,227.0
1133,0,fJuPdFXq,tFSvrGay,425.0
1029,0,ByOODIxa,DhBIcFJB,5290.0
1029,0,HxSbXXdZ,ByOODIxa,5290.0
1029,0,zlRPdbBz,HxSbXXdZ,5429.0
1029,0,KQaXxZDT,zlRPdbBz,5429.0
867,0,MlYFoaez,UXEWVZzP,3.0
796,0,pPKqPUVW,pwpCkicC,22.0
796,0,slfxTuih,pPKqPUVW,22.0
1440,0,jJVVpGMf,pwpCkicC,62.0
1440,0,pPKqPUVW,jJVVpGMf,62.0
1440,0,slfxTuih,pPKqPUVW,62.0
1462,0,tyrVGRMU,HajxumVd,142.0
1462,0,LhQSpAzy,tyrVGRMU,142.0
1462,0,pwpCkicC,LhQSpAzy,142.0
1462,0,jJVVpGMf,pwpCkicC,142.0
1462,0,tcYerYbk,jJVVpGMf,142.0
1462,0,pPKqPUVW,tcYerYbk,142.0
1462,0,iYTiOTOT,pPKqPUVW,142.0
1462,0,slfxTuih,iYTiOTOT,142.0
1170,0,MYMMmWkN,VXqnYnlT,217.0
1170,0,tUdYLqkf,MYMMmWkN,217.0
156,0,QESMqsTJ,JJzKKoaf,54.0
156,0,ZtKBYERA,QESMqsTJ,59.0
156,0,BtOUMROM,ZtKBYERA,59.0
156,0,cwRIXHps,BtOUMROM,59.0
156,0,jFhGTpOu,cwRIXHps,59.0
156,0,btKesaAl,jFhGTpOu,59.0
156,0,UTtjkhMN,btKesaAl,59.0
156,0,BjxLEaiN,UTtjkhMN,59.0
156,0,joGrBgeB,BjxLEaiN,61.0
156,0,lczxXDao,joGrBgeB,62.0
156,0,YpVxAvQG,YJykDsrc,10.0
156,0,RinxBkUZ,YpVxAvQG,10.0
156,0,LhgNVAOU,RinxBkUZ,10.0
156,0,bPdCVhrp,LhgNVAOU,14.0
156,0,SOVcCDqR,bPdCVhrp,14.0
156,0,FYhykdTj,SOVcCDqR,14.0
156,0,QpprBOSr,FYhykdTj,14.0
156,0,Plxavose,QpprBOSr,18.0
156,0,xqQnPHkt,Plxavose,18.0
156,0,IfTbUocE,xqQnPHkt,18.0
156,0,OgnAStiZ,IfTbUocE,18.0
156,0,kFnjgEzS,OgnAStiZ,18.0
156,0,VFLsoIHD,kFnjgEzS,18.0
156,0,LLWkkTwA,VFLsoIHD,18.0
156,0,ZTMEdEeK,LLWkkTwA,18.0
156,0,ogOCBKAf,ZTMEdEeK,19.0
156,0,PNniCxAw,ogOCBKAf,31.0
156,0,aZaGhhAB,PNniCxAw,52.0
156,0,CVcknAiw,aZaGhhAB,52.0
156,0,uGkwFELU,CVcknAiw,52.0
156,0,IzKulrBJ,uGkwFELU,52.0
156,0,TCQmGnBb,IzKulrBJ,52.0
156,0,JJzKKoaf,TCQmGnBb,52.0
156,0,RYTcAdhr,yLFlKjKg,1.0
156,0,EzivGHuE,RYTcAdhr,1.0
156,0,isWzWnoW,EzivGHuE,1.0
156,0,fcSUqaEW,isWzWnoW,1.0
156,0,YJykDsrc,fcSUqaEW,1.0
1356,0,aZaGhhAB,ogOCBKAf,14.0
1356,0,CVcknAiw,aZaGhhAB,14.0
1356,0,uGkwFELU,CVcknAiw,14.0
1356,0,QESMqsTJ,uGkwFELU,14.0
1356,0,cwRIXHps,QESMqsTJ,14.0
1356,0,UTtjkhMN,cwRIXHps,14.0
1085,0,VYHZxBYO,vDTAjOOR,764.0
1087,0,zGXQZTlC,VYHZxBYO,893.0
1087,0,OgfqNfUY,zGXQZTlC,891.0
1087,0,YRiTgQXe,OgfqNfUY,883.0
1087,0,rAUblAml,YRiTgQXe,883.0
1087,0,fSQOYpje,rAUblAml,883.0
1087,0,hGRIMrVW,fSQOYpje,883.0
1132,0,BoavYDPS,RHzXTuOU,799.0
1132,0,yLXUQkCh,BoavYDPS,799.0
1132,0,UgnVLYPx,yLXUQkCh,878.0
1132,0,qgzMfcCH,UgnVLYPx,878.0
1132,0,CSwPNDqz,qgzMfcCH,878.0
1132,0,zIFSdUXT,CSwPNDqz,878.0
1167,0,PNniCxAw,ogOCBKAf,25.0
1167,0,aZaGhhAB,PNniCxAw,25.0
1167,0,CVcknAiw,aZaGhhAB,25.0
1167,0,uGkwFELU,CVcknAiw,25.0
1167,0,LpjIkIID,uGkwFELU,25.0
1167,0,odfRkvUj,LpjIkIID,25.0
1167,0,sCNvhPqY,odfRkvUj,25.0
1167,0,IjFZQfFh,sCNvhPqY,25.0
1167,0,TYAIdqeQ,IjFZQfFh,25.0
1167,0,Zysthhei,TYAIdqeQ,25.0
1167,0,oEaRMYXq,Zysthhei,25.0
1167,0,FyAVeoLb,oEaRMYXq,30.0
1167,0,VjSiMBzK,FyAVeoLb,30.0
1167,0,JoqesOWP,VjSiMBzK,30.0
1167,0,ZaTxFLgk,JoqesOWP,30.0
1167,0,idOCTaDY,ZaTxFLgk,38.0
1462,0,SVPLEqNI,slfxTuih,122.0
950,0,FZsFzszJ,gzTQJVMW,43.0
950,0,KgwKZlse,FZsFzszJ,41.0
950,0,AoRkaUmb,KgwKZlse,41.0
950,0,ALhaazBT,AoRkaUmb,41.0
950,0,YqlTLIQa,ALhaazBT,37.0
950,0,AUmOMGnp,YqlTLIQa,37.0
950,0,XFPAZveS,AUmOMGnp,37.0
943,0,yjQwxGED,DgYBMgPg,3.0
943,0,KPcRWbGT,yjQwxGED,3.0
943,0,uGRyXcfW,KPcRWbGT,3.0
943,0,HlhFjJtZ,uGRyXcfW,3.0
943,0,ALhaazBT,HlhFjJtZ,3.0
943,0,YqlTLIQa,ALhaazBT,3.0
943,0,AUmOMGnp,YqlTLIQa,3.0
943,0,XFPAZveS,AUmOMGnp,3.0
96,0,puwcRgFs,vyojaKRU,32.0
1407,0,aIrbaHhk,dYlTtQAF,868.0
1407,0,JALpXpKc,aIrbaHhk,868.0
1407,0,WcOcULlY,JALpXpKc,868.0
1407,0,mZFKHZkN,WcOcULlY,868.0
1407,0,hasgHIpb,mZFKHZkN,284.0
1407,0,zttQgzJF,hasgHIpb,174.0
1407,0,fDeHEcoN,zttQgzJF,165.0
1407,0,vztyQdds,fDeHEcoN,165.0
1172,0,QESMqsTJ,JJzKKoaf,121.0
1172,0,ZtKBYERA,QESMqsTJ,159.0
1172,0,ZzGQqLDR,ZtKBYERA,159.0
1172,0,cwRIXHps,ZzGQqLDR,159.0
1172,0,jFhGTpOu,cwRIXHps,159.0
1172,0,btKesaAl,jFhGTpOu,159.0
1172,0,UTtjkhMN,btKesaAl,159.0
1172,0,BjxLEaiN,UTtjkhMN,159.0
1172,0,joGrBgeB,BjxLEaiN,172.0
1172,0,dkKDnHnJ,joGrBgeB,172.0
1172,0,PNniCxAw,ogOCBKAf,90.0
1172,0,aZaGhhAB,PNniCxAw,109.0
1172,0,CVcknAiw,aZaGhhAB,109.0
1172,0,uGkwFELU,CVcknAiw,109.0
1172,0,TCQmGnBb,uGkwFELU,111.0
1172,0,JJzKKoaf,TCQmGnBb,111.0
1406,0,hqxwmRzJ,FXulXHgs,2.0
1406,0,VtPnVtjF,hqxwmRzJ,2.0
1406,0,hCpAddaw,VtPnVtjF,2.0
1406,0,CHKZpApa,hCpAddaw,2.0
1406,0,YvLuczKe,CHKZpApa,2.0
1406,0,cThdGxLv,YvLuczKe,2.0
1406,0,SUVVzOYC,cThdGxLv,2.0
1029,0,thNcyzdj,KQaXxZDT,4574.0
1029,0,gWHAQwVu,thNcyzdj,4574.0
1128,0,RHzXTuOU,PzVFlDkT,1187.0
1121,0,RHzXTuOU,PzVFlDkT,257.0
242,0,dJdTBATy,XsvFZXJo,138.0
242,0,PzVFlDkT,dJdTBATy,138.0
242,0,RHzXTuOU,PzVFlDkT,138.0
1042,0,AoRkaUmb,bfpcjsiF,2.0
1042,0,ALhaazBT,AoRkaUmb,2.0
1042,0,YqlTLIQa,ALhaazBT,1.0
1042,0,AUmOMGnp,YqlTLIQa,1.0
1172,0,TztxJAVO,dkKDnHnJ,104.0
1172,0,xtcBaTeK,TztxJAVO,104.0
1020,0,ZYiWVpjK,nfCzcTzh,3783.0
1020,0,qTvRhwtK,ZYiWVpjK,3803.0
1020,0,rMamJjcH,qTvRhwtK,3803.0
1167,0,isqWGISG,idOCTaDY,4.0
1132,0,tBPmVbcK,qflzswAf,339.0
1132,0,DhBIcFJB,tBPmVbcK,339.0
1132,0,ByOODIxa,DhBIcFJB,339.0
1132,0,Ngsxsfae,ByOODIxa,339.0
1132,0,qDNcQeuw,Ngsxsfae,487.0
1132,0,DpfRSiIE,qDNcQeuw,487.0
1132,0,XsvFZXJo,DpfRSiIE,487.0
1132,0,dJdTBATy,XsvFZXJo,594.0
1132,0,PzVFlDkT,dJdTBATy,594.0
1132,0,RHzXTuOU,PzVFlDkT,594.0
242,0,yLXUQkCh,RHzXTuOU,116.0
1128,0,BoavYDPS,RHzXTuOU,877.0
1128,0,yLXUQkCh,BoavYDPS,877.0
1121,0,KpBBeKJM,RHzXTuOU,225.0
1128,0,KpBBeKJM,yLXUQkCh,833.0
242,0,KpBBeKJM,yLXUQkCh,115.0
1172,0,cKQpuLql,xtcBaTeK,78.0
168,0,mUBHBHFI,lczxXDao,1.0
168,0,xtcBaTeK,mUBHBHFI,1.0
168,0,cKQpuLql,xtcBaTeK,1.0
845,0,tBPmVbcK,qflzswAf,89.0
845,0,DhBIcFJB,tBPmVbcK,103.0
845,0,ByOODIxa,DhBIcFJB,103.0
845,0,HxSbXXdZ,ByOODIxa,103.0
845,0,zlRPdbBz,HxSbXXdZ,103.0
845,0,KQaXxZDT,zlRPdbBz,103.0
845,0,thNcyzdj,KQaXxZDT,113.0
845,0,gWHAQwVu,thNcyzdj,113.0
845,0,QrnyweDt,gWHAQwVu,121.0
845,0,KTKGWmNj,QrnyweDt,121.0
940,0,yjQwxGED,DgYBMgPg,3.0
940,0,KPcRWbGT,yjQwxGED,3.0
940,0,uGRyXcfW,KPcRWbGT,3.0
940,0,HlhFjJtZ,uGRyXcfW,3.0
940,0,ALhaazBT,HlhFjJtZ,3.0
952,0,WzJZybAt,KbKyxild,43.0
952,0,wBZvskGC,WzJZybAt,43.0
1305,0,bYNwHuWo,KjiBWoqR,6.0
1210,0,ZYiWVpjK,nfCzcTzh,11.0
1210,0,qTvRhwtK,ZYiWVpjK,14.0
1210,0,rMamJjcH,qTvRhwtK,14.0
1210,0,XQBvMmKm,rMamJjcH,14.0
1210,0,hPGLMLbU,XQBvMmKm,43.0
1210,0,RIVMQHVF,hPGLMLbU,43.0
1210,0,TeSdyMFH,RIVMQHVF,43.0
1210,0,XDHbYGPc,TeSdyMFH,47.0
1210,0,qRqIHRjS,XDHbYGPc,47.0
1210,0,QFkvaGqn,qRqIHRjS,47.0
1210,0,OpqnHslm,QFkvaGqn,47.0
1210,0,NxijJQZJ,OpqnHslm,47.0
1210,0,dpFXbFTh,NxijJQZJ,51.0
1210,0,YpVxAvQG,YJykDsrc,3.0
1210,0,RinxBkUZ,YpVxAvQG,3.0
1210,0,LhgNVAOU,RinxBkUZ,3.0
1210,0,SOVcCDqR,LhgNVAOU,4.0
1210,0,QpprBOSr,SOVcCDqR,4.0
1210,0,xqQnPHkt,QpprBOSr,5.0
1210,0,IfTbUocE,xqQnPHkt,5.0
1210,0,OgnAStiZ,IfTbUocE,5.0
1210,0,NmJVuAxS,OgnAStiZ,5.0
1210,0,VFLsoIHD,NmJVuAxS,5.0
1210,0,LLWkkTwA,VFLsoIHD,5.0
1210,0,ZTMEdEeK,LLWkkTwA,5.0
1210,0,ogOCBKAf,ZTMEdEeK,5.0
1210,0,WyfCQhSW,ogOCBKAf,7.0
1210,0,erxKyHjj,WyfCQhSW,7.0
1210,0,KjiBWoqR,erxKyHjj,7.0
1210,0,bYNwHuWo,KjiBWoqR,7.0
1210,0,MFfExqBx,bYNwHuWo,7.0
1210,0,qWvzRbGV,MFfExqBx,7.0
1210,0,PRzaSxQc,qWvzRbGV,7.0
1210,0,bfKiOFsS,PRzaSxQc,7.0
1210,0,eGbCulMV,bfKiOFsS,7.0
1210,0,CRVKBFrv,eGbCulMV,7.0
1210,0,zjOknQHK,CRVKBFrv,7.0
1210,0,FrKNovDQ,zjOknQHK,7.0
1210,0,nfCzcTzh,FrKNovDQ,7.0
1029,0,diQHouff,hEihXJEh,2893.0
1029,0,kynUbZOw,diQHouff,2893.0
1029,0,OCOnFIfy,kynUbZOw,2893.0
1066,0,TQJSOMwc,qhfHNtOQ,503.0
1128,0,UgnVLYPx,KpBBeKJM,761.0
1128,0,qgzMfcCH,UgnVLYPx,761.0
1128,0,CSwPNDqz,qgzMfcCH,761.0
1128,0,zIFSdUXT,CSwPNDqz,761.0
1093,0,zrVEttwl,qmRscxuH,48.0
1093,0,KhQckqci,zrVEttwl,48.0
1093,0,NkYJOxxA,KhQckqci,48.0
1093,0,Phtvjmoj,NkYJOxxA,48.0
1020,0,XQBvMmKm,rMamJjcH,3798.0
1020,0,dtLFJEWb,XQBvMmKm,3897.0
1020,0,bCrrhAWe,dtLFJEWb,3977.0
1020,0,UcqSoUUq,bCrrhAWe,4013.0
1020,0,bDoBjPVm,UcqSoUUq,4013.0
1020,0,WyfCQhSW,ogOCBKAf,986.0
1020,0,erxKyHjj,WyfCQhSW,989.0
1020,0,KjiBWoqR,erxKyHjj,989.0
1020,0,bYNwHuWo,KjiBWoqR,989.0
1020,0,MFfExqBx,bYNwHuWo,989.0
1020,0,qWvzRbGV,MFfExqBx,989.0
1020,0,PRzaSxQc,qWvzRbGV,989.0
1020,0,bfKiOFsS,PRzaSxQc,989.0
1020,0,eGbCulMV,bfKiOFsS,989.0
1020,0,CRVKBFrv,eGbCulMV,989.0
1020,0,zjOknQHK,CRVKBFrv,1045.0
1020,0,FrKNovDQ,zjOknQHK,1045.0
1020,0,nfCzcTzh,FrKNovDQ,1045.0
1020,0,ZMonkEer,bDoBjPVm,4005.0
1029,0,EqKjvFoW,gWHAQwVu,4484.0
1029,0,NdHXpyCv,EqKjvFoW,4484.0
1029,0,zjKBXJki,NdHXpyCv,4484.0
1029,0,hEihXJEh,zjKBXJki,4201.0
1031,0,hBSPMzNd,wfyTeotc,27.0
1031,0,NMFCXTQH,hBSPMzNd,27.0
1031,0,irunVpff,NMFCXTQH,27.0
1031,0,SoTLWNOq,irunVpff,27.0
1031,0,rmmCKKeS,SoTLWNOq,27.0
1031,0,vVYNiaQm,rmmCKKeS,27.0
1031,0,PCoLzpeW,vVYNiaQm,656.0
1031,0,jhveKcoA,PCoLzpeW,656.0
1031,0,OjBZWzOO,jhveKcoA,656.0
1031,0,KrLSLIZd,OjBZWzOO,622.0
1031,0,yQmtaWgt,KrLSLIZd,622.0
1031,0,vDTAjOOR,yQmtaWgt,297.0
1031,0,VYHZxBYO,vDTAjOOR,297.0
1092,0,vDTAjOOR,yQmtaWgt,656.0
1092,0,VYHZxBYO,vDTAjOOR,648.0
547,0,fVolLZWv,jCwFOmxo,14.0
547,0,UPoJKlTB,fVolLZWv,14.0
547,0,yeocHgUH,UPoJKlTB,14.0
548,0,jCwFOmxo,lPZtleot,43.0
548,0,fVolLZWv,jCwFOmxo,9.0
548,0,UPoJKlTB,fVolLZWv,9.0
548,0,yeocHgUH,UPoJKlTB,9.0
1406,0,dAxtDTje,SUVVzOYC,1.0
1406,0,KGIBfEut,dAxtDTje,1.0
1406,0,kiTgZeoH,KGIBfEut,1.0
1406,0,eLmJkuZC,kiTgZeoH,1.0
1406,0,UgzfanVk,eLmJkuZC,1.0
1095,0,VpjCLGIP,KlSqKJQr,2619.0
1095,0,CHKrEoSO,VpjCLGIP,2619.0
1095,0,yObWvrcA,CHKrEoSO,2619.0
1095,0,YTkOXVzm,yObWvrcA,2619.0
1095,0,ywNJwhFn,YTkOXVzm,2475.0
1095,0,yTlhXKos,ywNJwhFn,2475.0
1092,0,imyhTmbO,tkPbrZUX,809.0
1092,0,bTSeOnqx,imyhTmbO,846.0
1092,0,IjwJTwcG,bTSeOnqx,1183.0
1092,0,ywNJwhFn,IjwJTwcG,1183.0
1092,0,yTlhXKos,ywNJwhFn,1221.0
1095,0,XojRXAAa,ojqTFFWy,1328.0
1095,0,nAqhCgXt,XojRXAAa,2452.0
1095,0,zZZsLLct,nAqhCgXt,2452.0
1095,0,uQlhjcGr,zZZsLLct,2452.0
1095,0,nIbIRswk,uQlhjcGr,2452.0
1095,0,YfaruHLV,nIbIRswk,2452.0
1095,0,XpaxRhYo,YfaruHLV,2452.0
1095,0,qYsYtTjJ,XpaxRhYo,2513.0
1095,0,KlSqKJQr,qYsYtTjJ,2545.0
1212,0,ChOayZDF,GwQtabhX,27.0
1211,0,zPRLnBWY,iyuxsgWB,1.0
1211,0,nZwvOJob,zPRLnBWY,1.0
1211,0,ydLnlKFF,nZwvOJob,1.0
1211,0,JPPpoTSL,ydLnlKFF,1.0
1211,0,yEJgDNUp,JPPpoTSL,1.0
1211,0,HWVPgVIj,yEJgDNUp,1.0
1670,0,tBPmVbcK,qflzswAf,82.0
1670,0,DhBIcFJB,tBPmVbcK,92.0
1670,0,Ngsxsfae,DhBIcFJB,92.0
1670,0,DpfRSiIE,Ngsxsfae,92.0
1670,0,XsvFZXJo,DpfRSiIE,92.0
1670,0,dJdTBATy,XsvFZXJo,102.0
1670,0,RHzXTuOU,dJdTBATy,102.0
1670,0,BoavYDPS,RHzXTuOU,121.0
1670,0,yLXUQkCh,BoavYDPS,121.0
1670,0,KpBBeKJM,yLXUQkCh,125.0
1670,0,qgzMfcCH,KpBBeKJM,125.0
1670,0,SdkcBhFl,qgzMfcCH,125.0
1670,0,nYgtSeyB,SdkcBhFl,132.0
1670,0,gcvrclRe,nYgtSeyB,132.0
1670,0,YzYhtyzO,gcvrclRe,132.0
1128,0,kyzXrTZq,zIFSdUXT,935.0
1121,0,qgzMfcCH,KpBBeKJM,218.0
1121,0,CSwPNDqz,qgzMfcCH,218.0
1121,0,kyzXrTZq,CSwPNDqz,218.0
242,0,CSwPNDqz,KpBBeKJM,109.0
242,0,kyzXrTZq,CSwPNDqz,109.0
873,0,qflzswAf,WIZPpGvl,23.0
873,0,tBPmVbcK,qflzswAf,39.0
873,0,DhBIcFJB,tBPmVbcK,40.0
873,0,ByOODIxa,DhBIcFJB,41.0
873,0,Ngsxsfae,ByOODIxa,41.0
873,0,qDNcQeuw,Ngsxsfae,43.0
873,0,DpfRSiIE,qDNcQeuw,43.0
873,0,XsvFZXJo,DpfRSiIE,43.0
873,0,dJdTBATy,XsvFZXJo,44.0
873,0,PzVFlDkT,dJdTBATy,44.0
873,0,RHzXTuOU,PzVFlDkT,44.0
873,0,ZEXMhMxR,RHzXTuOU,139.0
873,0,WIZPpGvl,MnTeelLR,18.0
1020,0,BDmybVdG,sYDsxIhh,376.0
1024,0,WyfCQhSW,ogOCBKAf,883.0
1024,0,erxKyHjj,WyfCQhSW,902.0
1024,0,KjiBWoqR,erxKyHjj,902.0
1024,0,bYNwHuWo,KjiBWoqR,902.0
1024,0,MFfExqBx,bYNwHuWo,902.0
1024,0,qWvzRbGV,MFfExqBx,902.0
1024,0,PRzaSxQc,qWvzRbGV,902.0
1024,0,bfKiOFsS,PRzaSxQc,902.0
1024,0,eGbCulMV,bfKiOFsS,902.0
1024,0,CRVKBFrv,eGbCulMV,902.0
1024,0,zjOknQHK,CRVKBFrv,947.0
1024,0,FrKNovDQ,zjOknQHK,947.0
1024,0,nfCzcTzh,FrKNovDQ,947.0
1024,0,ZYiWVpjK,nfCzcTzh,2151.0
1024,0,qTvRhwtK,ZYiWVpjK,2177.0
1024,0,XQBvMmKm,qTvRhwtK,2177.0
1024,0,dtLFJEWb,XQBvMmKm,2571.0
1024,0,bCrrhAWe,dtLFJEWb,2922.0
1024,0,UcqSoUUq,bCrrhAWe,3005.0
1024,0,bDoBjPVm,UcqSoUUq,3005.0
1024,0,ZMonkEer,bDoBjPVm,3005.0
1024,0,WHGPMVcf,ZMonkEer,3019.0
1024,0,ISsnXLUH,WHGPMVcf,3042.0
1095,0,zjKsBdNQ,puwcRgFs,337.0
1095,0,ojqTFFWy,zjKsBdNQ,337.0
1092,0,EzrJiyuu,PYaiedjY,65.0
1092,0,mZAcIEme,EzrJiyuu,65.0
1092,0,LPSpTPgJ,mZAcIEme,65.0
1092,0,tkPbrZUX,LPSpTPgJ,65.0
1405,0,CSzsuVOH,dCWftKsk,1.0
1405,0,aUZoPZMc,CSzsuVOH,1.0
1405,0,xOhGqygU,aUZoPZMc,1.0
1405,0,qOuhMtTj,xOhGqygU,1.0
1405,0,KCvWJpxq,qOuhMtTj,1.0
1405,0,YcrsfAeA,KCvWJpxq,1.0
1405,0,cfrRCwNB,YcrsfAeA,1.0
1405,0,TFSGEQcQ,cfrRCwNB,1.0
1405,0,fjFZwaYy,TFSGEQcQ,1.0
1405,0,nxFmOJAJ,fjFZwaYy,1.0
1405,0,GznDzxNt,nxFmOJAJ,1.0
1405,0,jappmlZc,GznDzxNt,1.0
1405,0,JGAJXRSN,jappmlZc,1.0
1405,0,SDEQaVyD,JGAJXRSN,1.0
1405,0,rJvLUxkA,SDEQaVyD,1.0
1405,0,dYlTtQAF,rJvLUxkA,1.0
1405,0,aIrbaHhk,dYlTtQAF,1.0
1405,0,WcOcULlY,aIrbaHhk,1.0
1405,0,mZFKHZkN,WcOcULlY,1.0
1405,0,hasgHIpb,mZFKHZkN,1.0
1405,0,zttQgzJF,hasgHIpb,1.0
1405,0,fDeHEcoN,zttQgzJF,1.0
1405,0,SLBRjSUI,fDeHEcoN,1.0
1405,0,vXHOZRfg,SLBRjSUI,1.0
1405,0,vVYNiaQm,vXHOZRfg,1.0
1405,0,PCoLzpeW,vVYNiaQm,1.0
1405,0,ZuMtkZMj,PCoLzpeW,1.0
1019,0,bReIRTiV,CVPWCvNJ,196.0
1019,0,PdLgkxcT,bReIRTiV,194.0
1020,0,WHGPMVcf,ZMonkEer,358.0
1020,0,ZREdtiHO,WHGPMVcf,371.0
1020,0,qwyUufRP,ZREdtiHO,371.0
1128,0,BOpyePJp,kyzXrTZq,772.0
1128,0,NcDEDzEB,BOpyePJp,772.0
1121,0,BOpyePJp,kyzXrTZq,198.0
1121,0,NcDEDzEB,BOpyePJp,198.0
242,0,BOpyePJp,kyzXrTZq,100.0
242,0,NcDEDzEB,BOpyePJp,100.0
1092,0,WIFNytoC,yTlhXKos,776.0
1092,0,PorTAzNX,WIFNytoC,776.0
1092,0,OjBZWzOO,PorTAzNX,793.0
249,0,AszcEtOu,BpAiVnps,2.0
249,0,xiCfcAgb,AszcEtOu,2.0
249,0,RjtzWJgw,xiCfcAgb,2.0
249,0,owFNQNZv,RjtzWJgw,2.0
249,0,nCsqpnJo,owFNQNZv,2.0
249,0,gnmwaIOJ,nCsqpnJo,2.0
249,0,pygvGZaF,gnmwaIOJ,2.0
249,0,bsQVAuyn,pygvGZaF,2.0
249,0,VTHwomVj,bsQVAuyn,2.0
249,0,VbpBVdde,VTHwomVj,2.0
249,0,ocwJSpah,VbpBVdde,2.0
249,0,CheNYOmP,ocwJSpah,2.0
249,0,xYUjBvzT,CheNYOmP,2.0
249,0,JXJZtHSD,xYUjBvzT,2.0
249,0,owqgejgM,JXJZtHSD,2.0
249,0,MklhhYCQ,owqgejgM,2.0
249,0,MnTeelLR,MklhhYCQ,2.0
249,0,WIZPpGvl,MnTeelLR,2.0
249,0,qflzswAf,WIZPpGvl,2.0
249,0,tBPmVbcK,qflzswAf,2.0
249,0,DhBIcFJB,tBPmVbcK,2.0
249,0,ByOODIxa,DhBIcFJB,3.0
249,0,HxSbXXdZ,ByOODIxa,3.0
249,0,zlRPdbBz,HxSbXXdZ,3.0
249,0,KQaXxZDT,zlRPdbBz,3.0
249,0,thNcyzdj,KQaXxZDT,3.0
249,0,gWHAQwVu,thNcyzdj,3.0
249,0,EqKjvFoW,gWHAQwVu,3.0
249,0,NdHXpyCv,EqKjvFoW,3.0
249,0,zjKBXJki,NdHXpyCv,3.0
249,0,hEihXJEh,zjKBXJki,3.0
249,0,iqMJUHot,hEihXJEh,3.0
249,0,CSBDiLzN,iqMJUHot,3.0
249,0,BeRwFfIz,CSBDiLzN,3.0
249,0,VjDsPPFB,BeRwFfIz,3.0
249,0,mmqTHjuO,VjDsPPFB,3.0
249,0,qPaBcVFr,mmqTHjuO,3.0
249,0,rGzXXKgE,qPaBcVFr,3.0
249,0,MuwhurCb,rGzXXKgE,3.0
249,0,tpYpVLnP,MuwhurCb,3.0
1024,0,ATfuHlGy,ISsnXLUH,577.0
1024,0,vEvIjqMc,ATfuHlGy,577.0
1024,0,JfDYhvZz,vEvIjqMc,563.0
1024,0,NwMeBpFQ,JfDYhvZz,563.0
1024,0,hNkOvWXQ,NwMeBpFQ,563.0
1095,0,WIFNytoC,yTlhXKos,1662.0
1095,0,PorTAzNX,WIFNytoC,1662.0
1574,0,eKMWhxRF,lqMPnIra,2.0
1574,0,pRsoSsPh,eKMWhxRF,2.0
1574,0,pUxrqkbR,pRsoSsPh,2.0
1574,0,GmRorurF,pUxrqkbR,2.0
1574,0,rWJbJwsc,GmRorurF,2.0
1574,0,uuIZngLh,rWJbJwsc,2.0
1574,0,gHWJyJxY,uuIZngLh,2.0
1574,0,oXQrzcje,gHWJyJxY,2.0
1574,0,fyqDJAhS,oXQrzcje,2.0
1574,0,CSzsuVOH,fyqDJAhS,3.0
1574,0,aUZoPZMc,CSzsuVOH,3.0
1574,0,xOhGqygU,aUZoPZMc,3.0
1574,0,qOuhMtTj,xOhGqygU,3.0
1574,0,KCvWJpxq,qOuhMtTj,3.0
1574,0,YcrsfAeA,KCvWJpxq,3.0
1574,0,cfrRCwNB,YcrsfAeA,3.0
1574,0,TFSGEQcQ,cfrRCwNB,3.0
1574,0,fjFZwaYy,TFSGEQcQ,3.0
1574,0,nxFmOJAJ,fjFZwaYy,3.0
1574,0,GznDzxNt,nxFmOJAJ,3.0
1574,0,jappmlZc,GznDzxNt,3.0
1574,0,JGAJXRSN,jappmlZc,3.0
1574,0,SDEQaVyD,JGAJXRSN,3.0
1574,0,rJvLUxkA,SDEQaVyD,3.0
1574,0,dYlTtQAF,rJvLUxkA,3.0
1574,0,aIrbaHhk,dYlTtQAF,3.0
1574,0,WcOcULlY,aIrbaHhk,3.0
1574,0,mZFKHZkN,WcOcULlY,3.0
1574,0,hasgHIpb,mZFKHZkN,3.0
1574,0,zttQgzJF,hasgHIpb,3.0
1574,0,fDeHEcoN,zttQgzJF,3.0
1574,0,SLBRjSUI,fDeHEcoN,3.0
1574,0,vXHOZRfg,SLBRjSUI,3.0
1574,0,vVYNiaQm,vXHOZRfg,3.0
1574,0,PCoLzpeW,vVYNiaQm,3.0
1574,0,ZuMtkZMj,PCoLzpeW,3.0
1574,0,BcDUAKxF,ZuMtkZMj,3.0
1574,0,jJqyLkNG,BcDUAKxF,3.0
1574,0,kZlpJvjE,jJqyLkNG,3.0
1037,0,bOLOjiIO,aJLjpITr,809.0
1037,0,wplYsKZY,bOLOjiIO,717.0
1037,0,NIHIRqnZ,wplYsKZY,717.0
1037,0,IkEoBHlk,NIHIRqnZ,682.0
1037,0,TPJRAOrt,IkEoBHlk,682.0
1037,0,wtfdArpr,TPJRAOrt,632.0
1037,0,VTbufxnV,wtfdArpr,632.0
1037,0,UEqgngwR,VTbufxnV,714.0
1037,0,noxZOiRl,UEqgngwR,714.0
1037,0,eLJZyPxv,noxZOiRl,714.0
1037,0,ZsmZvPrK,eLJZyPxv,705.0
1037,0,MMfKYZmE,ZsmZvPrK,705.0
1037,0,MvGjEBBL,MMfKYZmE,705.0
1088,0,CVPWCvNJ,BDmybVdG,115.0
1088,0,muVREKCV,CVPWCvNJ,400.0
1088,0,BsRMZbGV,muVREKCV,400.0
1037,0,CRypXqTk,KlSqKJQr,396.0
1037,0,PYaiedjY,CRypXqTk,396.0
1037,0,EzrJiyuu,PYaiedjY,406.0
1037,0,mZAcIEme,EzrJiyuu,406.0
1037,0,LPSpTPgJ,mZAcIEme,406.0
1037,0,AoIEptMM,LPSpTPgJ,406.0
1037,0,imyhTmbO,AoIEptMM,408.0
1037,0,bTSeOnqx,imyhTmbO,409.0
1037,0,yCXbqkBs,bTSeOnqx,465.0
1037,0,wBoWGskO,yCXbqkBs,465.0
1037,0,FYojKDQC,wBoWGskO,465.0
1037,0,riqYNvhO,FYojKDQC,465.0
1037,0,nvXuJriv,riqYNvhO,490.0
1037,0,ljAdwZQx,nvXuJriv,515.0
1037,0,MMTihhSZ,ljAdwZQx,553.0
1037,0,njohAsHY,MMTihhSZ,553.0
1037,0,XAYpuJXt,njohAsHY,553.0
1037,0,aJLjpITr,XAYpuJXt,553.0
773,0,NRqyalPm,ZpPhVVpM,3.0
773,0,ESCCbptK,NRqyalPm,3.0
773,0,AlpXiRiW,ESCCbptK,6.0
751,0,oOCTcNdW,DfYzlKXm,193.0
751,0,pGtbhfkH,oOCTcNdW,192.0
751,0,fiQiCtwF,pGtbhfkH,192.0
751,0,bwmOWcVr,fiQiCtwF,192.0
751,0,YZpWLtUD,bwmOWcVr,192.0
1024,0,fAHeYbsJ,hNkOvWXQ,561.0
1024,0,YeMdKIsv,fAHeYbsJ,548.0
1024,0,JKUDRqIp,YeMdKIsv,548.0
1024,0,ixunSlAs,JKUDRqIp,548.0
1024,0,sYDsxIhh,ixunSlAs,548.0
1024,0,gOnMxlos,sYDsxIhh,516.0
1024,0,iIARpDWU,gOnMxlos,514.0
1024,0,BDmybVdG,iIARpDWU,69.0
1108,0,tBPmVbcK,qflzswAf,211.0
1108,0,DhBIcFJB,tBPmVbcK,211.0
1108,0,ByOODIxa,DhBIcFJB,220.0
1108,0,HxSbXXdZ,ByOODIxa,220.0
1108,0,zlRPdbBz,HxSbXXdZ,220.0
1108,0,KQaXxZDT,zlRPdbBz,220.0
1108,0,thNcyzdj,KQaXxZDT,221.0
1108,0,gWHAQwVu,thNcyzdj,221.0
1108,0,laDYeHNU,gWHAQwVu,221.0
1108,0,EqKjvFoW,laDYeHNU,221.0
1108,0,NdHXpyCv,EqKjvFoW,221.0
1108,0,zjKBXJki,NdHXpyCv,221.0
1108,0,hEihXJEh,zjKBXJki,221.0
1108,0,iqMJUHot,hEihXJEh,240.0
1108,0,CSBDiLzN,iqMJUHot,240.0
1108,0,BeRwFfIz,CSBDiLzN,240.0
1108,0,VjDsPPFB,BeRwFfIz,240.0
1108,0,mmqTHjuO,VjDsPPFB,240.0
1108,0,qPaBcVFr,mmqTHjuO,240.0
1108,0,rGzXXKgE,qPaBcVFr,240.0
1108,0,UMTLMNkc,rGzXXKgE,240.0
774,0,lzmDRtwN,AlpXiRiW,7.0
1350,0,BtOIBpGz,ETbpojBo,202.0
1350,0,zPRLnBWY,BtOIBpGz,202.0
1350,0,qTvRhwtK,ZYiWVpjK,33.0
1350,0,rMamJjcH,qTvRhwtK,33.0
1350,0,XQBvMmKm,rMamJjcH,33.0
1350,0,hPGLMLbU,XQBvMmKm,143.0
1350,0,RIVMQHVF,hPGLMLbU,206.0
1350,0,KnZwSPch,RIVMQHVF,206.0
1350,0,kzVeZOug,KnZwSPch,206.0
1350,0,SjbStynf,kzVeZOug,206.0
1350,0,ETbpojBo,SjbStynf,206.0
1350,0,JPPpoTSL,zPRLnBWY,201.0
1350,0,nZBlQeCn,JPPpoTSL,201.0
1350,0,uuJJSerx,nZBlQeCn,201.0
1350,0,gQzVJRdQ,uuJJSerx,201.0
1350,0,ZYiWVpjK,nfCzcTzh,32.0
1095,0,OjBZWzOO,PorTAzNX,1608.0
1095,0,KrLSLIZd,OjBZWzOO,1569.0
1095,0,yQmtaWgt,KrLSLIZd,1569.0
1108,0,fwxIzXcp,UMTLMNkc,205.0
774,0,mVndxrwG,lzmDRtwN,4.0
774,0,TgetSQHU,mVndxrwG,4.0
1031,0,goRcVeQH,UgzfanVk,1.0
1031,0,rJvLUxkA,goRcVeQH,1.0
1031,0,dYlTtQAF,rJvLUxkA,1.0
1031,0,aIrbaHhk,dYlTtQAF,5.0
1031,0,JALpXpKc,aIrbaHhk,5.0
1031,0,WcOcULlY,JALpXpKc,5.0
1031,0,mZFKHZkN,WcOcULlY,5.0
1031,0,hasgHIpb,mZFKHZkN,20.0
1031,0,zttQgzJF,hasgHIpb,20.0
1031,0,fDeHEcoN,zttQgzJF,20.0
1031,0,SLBRjSUI,fDeHEcoN,20.0
1031,0,MGIiIvBH,SLBRjSUI,20.0
1031,0,LObiCWKO,MGIiIvBH,20.0
1031,0,wfyTeotc,LObiCWKO,20.0
1350,0,WyfCQhSW,ogOCBKAf,2.0
1350,0,bYNwHuWo,WyfCQhSW,2.0
1350,0,MFfExqBx,bYNwHuWo,2.0
1350,0,qWvzRbGV,MFfExqBx,2.0
1350,0,PRzaSxQc,qWvzRbGV,2.0
1350,0,bfKiOFsS,PRzaSxQc,2.0
1350,0,eGbCulMV,bfKiOFsS,2.0
1350,0,CRVKBFrv,eGbCulMV,2.0
1350,0,zjOknQHK,CRVKBFrv,3.0
1350,0,FrKNovDQ,zjOknQHK,3.0
1350,0,nfCzcTzh,FrKNovDQ,3.0
1095,0,vDTAjOOR,yQmtaWgt,1512.0
1095,0,VYHZxBYO,vDTAjOOR,1512.0
1085,0,nvXuJriv,riqYNvhO,1647.0
1085,0,ljAdwZQx,nvXuJriv,1649.0
1085,0,MMTihhSZ,ljAdwZQx,1628.0
1085,0,njohAsHY,MMTihhSZ,1628.0
1085,0,XAYpuJXt,njohAsHY,1628.0
1085,0,eJIFTpTd,XAYpuJXt,1628.0
1085,0,vDTAjOOR,yQmtaWgt,756.0
1020,0,JKUDRqIp,YeMdKIsv,387.0
1020,0,ixunSlAs,JKUDRqIp,387.0
1020,0,sYDsxIhh,ixunSlAs,387.0
1020,0,RRRcnUab,qwyUufRP,327.0
1020,0,elkChQHJ,RRRcnUab,327.0
1020,0,fAHeYbsJ,elkChQHJ,327.0
1020,0,YeMdKIsv,fAHeYbsJ,320.0
1029,0,FrCulsqF,VYHZxBYO,1405.0
1029,0,otbIuZHd,FrCulsqF,1405.0
1121,0,PslqBzpy,NcDEDzEB,178.0
1121,0,FcIwyDhH,PslqBzpy,178.0
1121,0,oFutYOve,FcIwyDhH,178.0
1121,0,TKdEYLTT,oFutYOve,178.0
1121,0,PRqBOnQV,TKdEYLTT,178.0
1121,0,tKHOTHLP,PRqBOnQV,178.0
1121,0,JYjcxadu,tKHOTHLP,73.0
1121,0,dIzWcSEA,JYjcxadu,73.0
1121,0,MlpnqsOY,dIzWcSEA,1.0
1121,0,YIEuAZyW,MlpnqsOY,1.0
1121,0,iIARpDWU,YIEuAZyW,1.0
1121,0,BDmybVdG,iIARpDWU,1.0
242,0,PslqBzpy,NcDEDzEB,98.0
242,0,FcIwyDhH,PslqBzpy,98.0
242,0,oFutYOve,FcIwyDhH,98.0
242,0,TKdEYLTT,oFutYOve,98.0
242,0,PRqBOnQV,TKdEYLTT,98.0
242,0,tKHOTHLP,PRqBOnQV,98.0
242,0,JYjcxadu,tKHOTHLP,4.0
242,0,YIEuAZyW,JYjcxadu,4.0
242,0,iIARpDWU,YIEuAZyW,4.0
242,0,BDmybVdG,iIARpDWU,4.0
1128,0,PslqBzpy,NcDEDzEB,737.0
1128,0,FcIwyDhH,PslqBzpy,737.0
1128,0,oFutYOve,FcIwyDhH,737.0
1128,0,TKdEYLTT,oFutYOve,737.0
1128,0,PRqBOnQV,TKdEYLTT,737.0
1128,0,tKHOTHLP,PRqBOnQV,737.0
1022,0,UcqSoUUq,bCrrhAWe,2.0
1022,0,bDoBjPVm,UcqSoUUq,2.0
1022,0,ZMonkEer,bDoBjPVm,2.0
1022,0,WHGPMVcf,ZMonkEer,2.0
1022,0,ZREdtiHO,WHGPMVcf,2.0
1022,0,qwyUufRP,ZREdtiHO,2.0
1022,0,RRRcnUab,qwyUufRP,2.0
1022,0,elkChQHJ,RRRcnUab,2.0
1022,0,fAHeYbsJ,elkChQHJ,2.0
1022,0,YeMdKIsv,fAHeYbsJ,2.0
1022,0,JKUDRqIp,YeMdKIsv,2.0
1022,0,ixunSlAs,JKUDRqIp,2.0
1022,0,sYDsxIhh,ixunSlAs,2.0
1022,0,gOnMxlos,sYDsxIhh,2.0
1029,0,MnOJOxue,otbIuZHd,1460.0
1029,0,xxspkKkA,MnOJOxue,1460.0
1029,0,yRzWvBCa,xxspkKkA,1460.0
1029,0,jaDdFMxy,yRzWvBCa,1460.0
1029,0,dNagXJoD,jaDdFMxy,1460.0
249,0,FcIwyDhH,PslqBzpy,1.0
249,0,oFutYOve,FcIwyDhH,1.0
249,0,TKdEYLTT,oFutYOve,1.0
249,0,PRqBOnQV,TKdEYLTT,1.0
249,0,tKHOTHLP,PRqBOnQV,1.0
249,0,JYjcxadu,tKHOTHLP,1.0
249,0,MlpnqsOY,JYjcxadu,1.0
249,0,YIEuAZyW,MlpnqsOY,1.0
249,0,iIARpDWU,YIEuAZyW,1.0
1023,0,bReIRTiV,CVPWCvNJ,537.0
1023,0,PdLgkxcT,bReIRTiV,537.0
1023,0,mxJvcQxS,PdLgkxcT,613.0
1023,0,tSdKaLnH,mxJvcQxS,613.0
1023,0,HoEIDywv,tSdKaLnH,613.0
1023,0,bLNlBUaT,HoEIDywv,613.0
1023,0,AwPzPEra,bLNlBUaT,621.0
1023,0,CVPWCvNJ,BDmybVdG,130.0
1108,0,WmSrnULk,fwxIzXcp,204.0
1368,0,XojRXAAa,ojqTFFWy,14.0
1368,0,nAqhCgXt,XojRXAAa,47.0
1368,0,zZZsLLct,nAqhCgXt,47.0
1368,0,uQlhjcGr,zZZsLLct,47.0
1368,0,nIbIRswk,uQlhjcGr,47.0
1368,0,YfaruHLV,nIbIRswk,47.0
1368,0,PkIPVRtB,YfaruHLV,47.0
1368,0,XpaxRhYo,PkIPVRtB,47.0
1368,0,qYsYtTjJ,XpaxRhYo,48.0
1368,0,KlSqKJQr,qYsYtTjJ,48.0
1368,0,CRypXqTk,KlSqKJQr,48.0
1368,0,PYaiedjY,CRypXqTk,48.0
1368,0,EzrJiyuu,PYaiedjY,51.0
1368,0,mZAcIEme,EzrJiyuu,51.0
1368,0,LPSpTPgJ,mZAcIEme,51.0
1368,0,tkPbrZUX,LPSpTPgJ,51.0
1368,0,imyhTmbO,tkPbrZUX,51.0
1368,0,bTSeOnqx,imyhTmbO,51.0
1368,0,yCXbqkBs,bTSeOnqx,70.0
1368,0,wBoWGskO,yCXbqkBs,70.0
1368,0,FYojKDQC,wBoWGskO,70.0
1368,0,riqYNvhO,FYojKDQC,70.0
1368,0,nvXuJriv,riqYNvhO,77.0
1368,0,ljAdwZQx,nvXuJriv,86.0
1368,0,MMTihhSZ,ljAdwZQx,91.0
1368,0,njohAsHY,MMTihhSZ,91.0
1368,0,vigCHzUD,njohAsHY,91.0
1368,0,MnGOlshE,vigCHzUD,91.0
330,0,vVYNiaQm,vztyQdds,337.0
330,0,hXVJsXkF,vVYNiaQm,916.0
330,0,aUZoPZMc,dCWftKsk,71.0
330,0,xOhGqygU,aUZoPZMc,71.0
330,0,qOuhMtTj,xOhGqygU,71.0
330,0,YcrsfAeA,qOuhMtTj,71.0
330,0,cfrRCwNB,YcrsfAeA,71.0
330,0,TFSGEQcQ,cfrRCwNB,71.0
330,0,fjFZwaYy,TFSGEQcQ,71.0
330,0,lSWJJvzr,fjFZwaYy,71.0
330,0,nxFmOJAJ,lSWJJvzr,71.0
330,0,jappmlZc,nxFmOJAJ,71.0
330,0,JGAJXRSN,jappmlZc,71.0
330,0,SDEQaVyD,JGAJXRSN,71.0
330,0,rJvLUxkA,SDEQaVyD,118.0
330,0,aIrbaHhk,rJvLUxkA,118.0
330,0,JALpXpKc,aIrbaHhk,118.0
330,0,WcOcULlY,JALpXpKc,118.0
330,0,hasgHIpb,WcOcULlY,118.0
330,0,SLBRjSUI,hasgHIpb,118.0
330,0,vztyQdds,SLBRjSUI,118.0
1113,0,ygaPVVOX,NjRgIRup,169.0
1113,0,SgmzKmGa,ygaPVVOX,169.0
1113,0,EKGAgXOm,SgmzKmGa,176.0
1113,0,CfDISmMN,EKGAgXOm,176.0
1113,0,RpAFtJSl,CfDISmMN,183.0
1113,0,PcvuCqyL,RpAFtJSl,188.0
1113,0,HNejbQWJ,PcvuCqyL,188.0
1113,0,lyEtzViy,HNejbQWJ,192.0
1113,0,uVrlMgNx,lyEtzViy,215.0
1113,0,ZsNhjIbg,uVrlMgNx,224.0
1113,0,GhOGJPtU,ZsNhjIbg,224.0
1113,0,WOuDNhbw,GhOGJPtU,236.0
1113,0,oWUXSqrA,WOuDNhbw,236.0
1113,0,CYkmgDbv,oWUXSqrA,236.0
1113,0,ORrZduNE,CYkmgDbv,247.0
1113,0,eypuAxqa,ORrZduNE,247.0
1113,0,DSVnhmbs,eypuAxqa,251.0
1113,0,hCKRONaA,DSVnhmbs,259.0
1113,0,TGKbjQzH,hCKRONaA,259.0
1113,0,RoreEsYU,TGKbjQzH,259.0
1113,0,AlpXiRiW,RoreEsYU,260.0
1113,0,btFKFkYA,AlpXiRiW,377.0
1113,0,jLrhssle,btFKFkYA,377.0
1113,0,FvRFCvLd,jLrhssle,377.0
1113,0,iZvOtZpy,FvRFCvLd,377.0
1113,0,tkjaIDXe,iZvOtZpy,377.0
1113,0,TfgNGDen,tkjaIDXe,377.0
1113,0,PAhNkZlS,TfgNGDen,377.0
1113,0,ppYufOCR,PAhNkZlS,377.0
1113,0,siLHVqvQ,ppYufOCR,377.0
1113,0,jZWnwWbL,siLHVqvQ,377.0
330,0,bnmlnfPt,hXVJsXkF,312.0
1108,0,crCLDvLL,WmSrnULk,754.0
1108,0,gvtVkOCs,crCLDvLL,754.0
1108,0,wmQoUVus,gvtVkOCs,754.0
1108,0,BdLjIrSJ,wmQoUVus,754.0
1108,0,uBeHrtVj,BdLjIrSJ,754.0
1108,0,rpQJKYcp,uBeHrtVj,754.0
1108,0,jYzIDNQM,rpQJKYcp,754.0
1108,0,LGkMSSTO,jYzIDNQM,732.0
1108,0,SZGwgIRz,LGkMSSTO,732.0
1037,0,XojRXAAa,ojqTFFWy,179.0
1037,0,nAqhCgXt,XojRXAAa,333.0
1037,0,zZZsLLct,nAqhCgXt,333.0
1037,0,uQlhjcGr,zZZsLLct,333.0
1037,0,nIbIRswk,uQlhjcGr,333.0
1037,0,YfaruHLV,nIbIRswk,333.0
1037,0,PkIPVRtB,YfaruHLV,333.0
1037,0,XpaxRhYo,PkIPVRtB,333.0
1037,0,qYsYtTjJ,XpaxRhYo,342.0
1037,0,KlSqKJQr,qYsYtTjJ,362.0
1046,0,OdbRrJhV,RVEyrwjR,12.0
1046,0,NSvMYbfW,OdbRrJhV,12.0
1046,0,tkPbrZUX,NSvMYbfW,12.0
1046,0,imyhTmbO,tkPbrZUX,12.0
1046,0,bTSeOnqx,imyhTmbO,12.0
1046,0,yCXbqkBs,bTSeOnqx,12.0
1046,0,wBoWGskO,yCXbqkBs,12.0
1046,0,FYojKDQC,wBoWGskO,12.0
1046,0,riqYNvhO,FYojKDQC,12.0
1046,0,nvXuJriv,riqYNvhO,12.0
1046,0,ljAdwZQx,nvXuJriv,12.0
1046,0,MMTihhSZ,ljAdwZQx,12.0
1046,0,njohAsHY,MMTihhSZ,12.0
1046,0,XAYpuJXt,njohAsHY,12.0
1046,0,aJLjpITr,XAYpuJXt,12.0
1046,0,bOLOjiIO,aJLjpITr,12.0
1044,0,RyPegcUV,qPtpgxic,25.0
1044,0,OdbRrJhV,RyPegcUV,61.0
1044,0,NSvMYbfW,OdbRrJhV,68.0
1044,0,tkPbrZUX,NSvMYbfW,68.0
1044,0,imyhTmbO,tkPbrZUX,68.0
1044,0,bTSeOnqx,imyhTmbO,68.0
1044,0,yCXbqkBs,bTSeOnqx,68.0
1044,0,wBoWGskO,yCXbqkBs,68.0
1044,0,FYojKDQC,wBoWGskO,68.0
1044,0,riqYNvhO,FYojKDQC,68.0
1044,0,nvXuJriv,riqYNvhO,68.0
1044,0,ljAdwZQx,nvXuJriv,68.0
1044,0,MMTihhSZ,ljAdwZQx,68.0
1044,0,njohAsHY,MMTihhSZ,68.0
1044,0,XAYpuJXt,njohAsHY,68.0
1044,0,aJLjpITr,XAYpuJXt,68.0
1044,0,bOLOjiIO,aJLjpITr,68.0
1037,0,zjKsBdNQ,puwcRgFs,84.0
1037,0,ojqTFFWy,zjKsBdNQ,84.0
1113,0,pMUlUuQz,jZWnwWbL,404.0
1108,0,wdwKrYEW,SZGwgIRz,29.0
1108,0,JKvsAaVu,wdwKrYEW,29.0
1108,0,bXxqoWoM,JKvsAaVu,29.0
1108,0,lyukJwbV,bXxqoWoM,29.0
1046,0,wplYsKZY,bOLOjiIO,10.0
1046,0,NIHIRqnZ,wplYsKZY,10.0
1044,0,wplYsKZY,bOLOjiIO,62.0
1044,0,NIHIRqnZ,wplYsKZY,62.0
1034,0,MnOJOxue,otbIuZHd,4.0
1034,0,xxspkKkA,MnOJOxue,4.0
1034,0,yRzWvBCa,xxspkKkA,4.0
1034,0,jaDdFMxy,yRzWvBCa,4.0
1034,0,dNagXJoD,jaDdFMxy,4.0
1034,0,rNCpaLXo,dNagXJoD,4.0
1034,0,OKRHcdUy,rNCpaLXo,7.0
1034,0,iPhdYOzt,OKRHcdUy,7.0
1034,0,tBPmVbcK,qflzswAf,2.0
1034,0,DhBIcFJB,tBPmVbcK,2.0
1034,0,ByOODIxa,DhBIcFJB,2.0
1034,0,HxSbXXdZ,ByOODIxa,2.0
1034,0,zlRPdbBz,HxSbXXdZ,2.0
1034,0,KQaXxZDT,zlRPdbBz,2.0
1034,0,thNcyzdj,KQaXxZDT,2.0
1034,0,gWHAQwVu,thNcyzdj,2.0
1034,0,EqKjvFoW,gWHAQwVu,2.0
1034,0,NdHXpyCv,EqKjvFoW,2.0
1034,0,zjKBXJki,NdHXpyCv,2.0
1034,0,hEihXJEh,zjKBXJki,2.0
1034,0,diQHouff,hEihXJEh,2.0
1034,0,kynUbZOw,diQHouff,2.0
1034,0,OCOnFIfy,kynUbZOw,2.0
1034,0,IZqJbTkm,OCOnFIfy,2.0
1034,0,wSvecpjF,IZqJbTkm,2.0
1034,0,oXipkDtF,wSvecpjF,2.0
1034,0,fRZGgvoY,oXipkDtF,2.0
1034,0,bAUDGUNb,fRZGgvoY,2.0
1034,0,VYHZxBYO,bAUDGUNb,2.0
1034,0,FrCulsqF,VYHZxBYO,3.0
1034,0,otbIuZHd,FrCulsqF,3.0
1108,0,dimGAuTR,lyukJwbV,16.0
1108,0,FXZSvJoP,dimGAuTR,16.0
1113,0,IfUoaxeT,pMUlUuQz,392.0
1046,0,IkEoBHlk,NIHIRqnZ,9.0
1046,0,TPJRAOrt,IkEoBHlk,9.0
1044,0,IkEoBHlk,NIHIRqnZ,56.0
1044,0,TPJRAOrt,IkEoBHlk,56.0
1044,0,wtfdArpr,TPJRAOrt,52.0
1044,0,VTbufxnV,wtfdArpr,52.0
1044,0,UEqgngwR,VTbufxnV,50.0
1044,0,noxZOiRl,UEqgngwR,50.0
1044,0,eLJZyPxv,noxZOiRl,50.0
1046,0,wtfdArpr,TPJRAOrt,6.0
1046,0,VTbufxnV,wtfdArpr,6.0
1046,0,UEqgngwR,VTbufxnV,6.0
1046,0,noxZOiRl,UEqgngwR,6.0
1046,0,eLJZyPxv,noxZOiRl,6.0
1046,0,ZsmZvPrK,eLJZyPxv,6.0
1046,0,MMfKYZmE,ZsmZvPrK,6.0
1046,0,MvGjEBBL,MMfKYZmE,6.0
1044,0,ZsmZvPrK,eLJZyPxv,27.0
1044,0,MMfKYZmE,ZsmZvPrK,27.0
1044,0,MvGjEBBL,MMfKYZmE,27.0
1044,0,KzCxlBoL,SEVBrkvc,1.0
1044,0,qPtpgxic,KzCxlBoL,1.0
536,0,xiCfcAgb,AszcEtOu,103.0
536,0,bsQVAuyn,xiCfcAgb,103.0
536,0,QoKDjrWo,bsQVAuyn,103.0
536,0,zjKBXJki,QoKDjrWo,150.0
536,0,OCOnFIfy,zjKBXJki,433.0
536,0,wSvecpjF,OCOnFIfy,433.0
536,0,FrCulsqF,wSvecpjF,433.0
536,0,rNCpaLXo,FrCulsqF,454.0
536,0,bfhpfFPJ,rNCpaLXo,454.0
536,0,wnmgNjXN,bfhpfFPJ,454.0
536,0,QIOPMpXz,wnmgNjXN,454.0
536,0,AszcEtOu,pdQlgkSh,2.0
554,0,zjKBXJki,QoKDjrWo,2.0
554,0,OCOnFIfy,zjKBXJki,2.0
554,0,wSvecpjF,OCOnFIfy,2.0
554,0,FrCulsqF,wSvecpjF,2.0
554,0,rNCpaLXo,FrCulsqF,2.0
554,0,bfhpfFPJ,rNCpaLXo,2.0
554,0,wnmgNjXN,bfhpfFPJ,2.0
554,0,QIOPMpXz,wnmgNjXN,2.0
554,0,pMAPWHDR,QIOPMpXz,2.0
554,0,DloyTqLq,pMAPWHDR,2.0
554,0,tYpogBTU,DloyTqLq,2.0
554,0,QMuQosCI,tYpogBTU,2.0
554,0,EtVMSKdU,QMuQosCI,2.0
554,0,LqWmEOho,EtVMSKdU,2.0
