route_id,direction_id,from_stop,to_stop,volume
572,0,EWPMCuEz,JHNPaXkN,993.0
572,0,iWoOHVbT,EWPMCuEz,1554.0
585,0,inJVXMtB,vfdAIPGv,3797.0
585,0,ubZrQMid,inJVXMtB,3797.0
585,0,gBkmsEyR,ubZrQMid,3797.0
585,0,cGoHBmgo,gBkmsEyR,2794.0
585,0,EkWBPXmr,cGoHBmgo,2794.0
585,0,vfdAIPGv,nsjiKPCz,3315.0
585,0,wihERHzN,uiYVYPQX,3447.0
585,0,vspNPtqb,wihERHzN,3394.0
585,0,jiaBsTdI,vspNPtqb,3394.0
585,0,iVtHnErr,jiaBsTdI,3383.0
585,0,nsjiKPCz,iVtHnErr,3383.0
585,0,OyJKKata,tBNXSyMW,1115.0
585,0,MqGZxRIW,OyJKKata,1115.0
585,0,FcOkCcps,MqGZxRIW,1225.0
585,0,uiYVYPQX,FcOkCcps,2481.0
625,0,AtcDBGpE,Oslgxmkx,2407.0
625,0,nsjiKPCz,AtcDBGpE,2407.0
625,0,vfdAIPGv,nsjiKPCz,2346.0
625,0,ubZrQMid,vfdAIPGv,2277.0
625,0,gBkmsEyR,ubZrQMid,2277.0
625,0,cGoHBmgo,gBkmsEyR,2136.0
625,0,EkWBPXmr,cGoHBmgo,2081.0
662,0,XVbubuGa,OwpcAtJV,2003.0
662,0,iuOUwLky,XVbubuGa,2003.0
662,0,nZnozRfz,iuOUwLky,2003.0
662,0,jeadfqyj,nZnozRfz,2003.0
662,0,vspNPtqb,jeadfqyj,1576.0
662,0,jiaBsTdI,vspNPtqb,1576.0
662,0,iVtHnErr,jiaBsTdI,1538.0
662,0,nsjiKPCz,iVtHnErr,1538.0
662,0,vfdAIPGv,nsjiKPCz,1529.0
662,0,inJVXMtB,vfdAIPGv,1414.0
662,0,ubZrQMid,inJVXMtB,1414.0
662,0,gBkmsEyR,ubZrQMid,1414.0
662,0,cGoHBmgo,gBkmsEyR,1294.0
662,0,EkWBPXmr,cGoHBmgo,1267.0
647,0,XXPGaRGh,PrdzzRyE,667.0
647,0,IMtkgxTU,XXPGaRGh,457.0
647,0,MlQcmexA,IMtkgxTU,457.0
647,0,CZmFLtlO,MlQcmexA,1266.0
647,0,SUoxgoEf,CZmFLtlO,1266.0
647,0,eVGAINdZ,SUoxgoEf,1214.0
647,0,zOQhKaAF,eVGAINdZ,1214.0
647,0,PaLbQtln,zOQhKaAF,1156.0
647,0,rqBqDfoZ,PaLbQtln,1156.0
647,0,dkEskUud,rqBqDfoZ,952.0
647,0,zVYhNTdK,dkEskUud,487.0
647,0,EkWBPXmr,zVYhNTdK,487.0
572,0,CVXQsRBK,NgDeDdfx,780.0
572,0,jBnsfrlR,CVXQsRBK,780.0
572,0,jeadfqyj,jBnsfrlR,780.0
572,0,jiaBsTdI,jeadfqyj,932.0
572,0,LIcqcPpV,jiaBsTdI,981.0
572,0,JHNPaXkN,LIcqcPpV,994.0
625,0,Oslgxmkx,lBopHXdD,2374.0
585,0,tBNXSyMW,pZulUpHT,1082.0
989,0,twMezfOU,lkujKSJT,9188.0
989,0,OyJKKata,twMezfOU,9004.0
989,0,MqGZxRIW,OyJKKata,5685.0
989,0,FcOkCcps,MqGZxRIW,4652.0
990,0,LRmPOeoe,cMinRgYB,7155.0
990,0,tBNXSyMW,LRmPOeoe,7181.0
625,0,lBopHXdD,DKPrUpnj,1962.0
662,0,TNbojCJf,issQYORv,2424.0
662,0,tGqVborR,TNbojCJf,2424.0
662,0,vJbDLuoa,tGqVborR,2424.0
662,0,FJLNitGY,vJbDLuoa,2418.0
662,0,peBgOXli,FJLNitGY,2063.0
662,0,KnWWIWQx,peBgOXli,2003.0
662,0,bRAzuzSs,KnWWIWQx,2003.0
662,0,OwpcAtJV,bRAzuzSs,2021.0
1376,0,mTvPylzX,JYcdyiOK,1220.0
1376,0,mZseJHmU,mTvPylzX,1220.0
1376,0,rClMLArS,mZseJHmU,1469.0
1376,0,MHYyLhRG,rClMLArS,1469.0
1376,0,CcTUkfkl,MHYyLhRG,1467.0
1376,0,tglFZOrp,CcTUkfkl,1467.0
1376,0,SqxhBMol,tglFZOrp,1423.0
1376,0,JvhqCmbT,SqxhBMol,1401.0
1376,0,xkdRvtRu,JvhqCmbT,1395.0
1376,0,SjZGieDS,xkdRvtRu,1389.0
1376,0,gDnuvefz,SjZGieDS,1696.0
1376,0,rqBqDfoZ,gDnuvefz,1684.0
1376,0,yhXmuUeN,rqBqDfoZ,1067.0
1376,0,BqZQArDi,yhXmuUeN,556.0
1376,0,zVYhNTdK,BqZQArDi,556.0
1376,0,EkWBPXmr,zVYhNTdK,556.0
585,0,OeKkfJSz,HTcmpFUD,505.0
585,0,FZjXRNIl,OeKkfJSz,505.0
585,0,nqZDBuxM,FZjXRNIl,530.0
585,0,aAfSzptC,nqZDBuxM,547.0
585,0,pZulUpHT,aAfSzptC,547.0
989,0,IvQQZbJW,ztLkgYlA,10069.0
989,0,yaKWBgLg,IvQQZbJW,10015.0
989,0,lkujKSJT,yaKWBgLg,10015.0
625,0,NLDgVASg,QGNcLOop,1744.0
625,0,DKPrUpnj,NLDgVASg,1734.0
971,0,RkbXqAIs,MTAZIXBL,2422.0
971,0,NLDgVASg,RkbXqAIs,2271.0
971,0,DKPrUpnj,NLDgVASg,2271.0
971,0,CdibamDB,DKPrUpnj,2271.0
971,0,lBopHXdD,CdibamDB,2271.0
971,0,vwEcxUej,lBopHXdD,2271.0
971,0,JBpFxiqb,vwEcxUej,2271.0
971,0,Oslgxmkx,JBpFxiqb,2271.0
971,0,AtcDBGpE,Oslgxmkx,2271.0
971,0,nsjiKPCz,AtcDBGpE,2271.0
971,0,vfdAIPGv,nsjiKPCz,2267.0
971,0,inJVXMtB,vfdAIPGv,2075.0
971,0,ubZrQMid,inJVXMtB,2075.0
971,0,gBkmsEyR,ubZrQMid,2067.0
971,0,cGoHBmgo,gBkmsEyR,1883.0
971,0,EkWBPXmr,cGoHBmgo,1787.0
971,0,jqriedgy,EkCoFwMY,2192.0
971,0,MTAZIXBL,jqriedgy,2192.0
971,0,vkSwBwcN,OKtVrzTN,2330.0
971,0,QRSRIbba,vkSwBwcN,2330.0
971,0,EkCoFwMY,QRSRIbba,2273.0
1194,0,gdbAGAQU,NfeOUEsA,409.0
1194,0,ANpclgWP,gdbAGAQU,409.0
1194,0,LWqTSxPr,ANpclgWP,409.0
1194,0,tBgOcvQf,LWqTSxPr,409.0
1194,0,IvQQZbJW,tBgOcvQf,414.0
1194,0,yaKWBgLg,IvQQZbJW,414.0
1194,0,lkujKSJT,yaKWBgLg,414.0
1194,0,twMezfOU,lkujKSJT,389.0
1194,0,HRURJMPd,twMezfOU,388.0
1194,0,jKjAXpVP,HRURJMPd,388.0
1194,0,XXPGaRGh,jKjAXpVP,234.0
1194,0,IMtkgxTU,XXPGaRGh,234.0
1194,0,MlQcmexA,IMtkgxTU,234.0
1194,0,tSmiUoPn,MlQcmexA,214.0
1194,0,VuxSFkGj,tSmiUoPn,214.0
1194,0,SQUoXVXU,VuxSFkGj,214.0
1194,0,tZiWmgTn,SQUoXVXU,195.0
1194,0,JpkWIkgn,tZiWmgTn,195.0
1194,0,gDnuvefz,JpkWIkgn,195.0
1194,0,rqBqDfoZ,gDnuvefz,195.0
1194,0,yhXmuUeN,rqBqDfoZ,190.0
1194,0,dkEskUud,yhXmuUeN,190.0
1194,0,xbiDwIOu,dkEskUud,104.0
1194,0,zVYhNTdK,xbiDwIOu,104.0
1194,0,EkWBPXmr,zVYhNTdK,104.0
622,0,xYfYRJnz,yXfOYhmg,941.0
622,0,bvZtLhoP,xYfYRJnz,941.0
622,0,NoGATiBT,bvZtLhoP,941.0
622,0,JvDZYJph,NoGATiBT,619.0
622,0,gdbAGAQU,JvDZYJph,360.0
622,0,ANpclgWP,gdbAGAQU,360.0
622,0,LWqTSxPr,ANpclgWP,360.0
622,0,tBgOcvQf,LWqTSxPr,360.0
622,0,IvQQZbJW,tBgOcvQf,360.0
622,0,yaKWBgLg,IvQQZbJW,360.0
622,0,lkujKSJT,yaKWBgLg,360.0
622,0,twMezfOU,lkujKSJT,360.0
622,0,OyJKKata,twMezfOU,360.0
622,0,MqGZxRIW,OyJKKata,303.0
622,0,FcOkCcps,MqGZxRIW,303.0
622,0,uiYVYPQX,FcOkCcps,303.0
622,0,wihERHzN,uiYVYPQX,170.0
622,0,jiaBsTdI,wihERHzN,170.0
622,0,iVtHnErr,jiaBsTdI,170.0
622,0,nsjiKPCz,iVtHnErr,170.0
622,0,vfdAIPGv,nsjiKPCz,170.0
622,0,ubZrQMid,vfdAIPGv,145.0
622,0,gBkmsEyR,ubZrQMid,145.0
622,0,cGoHBmgo,gBkmsEyR,105.0
622,0,EkWBPXmr,cGoHBmgo,105.0
625,0,GZZaPhbw,uPlQduWZ,2034.0
625,0,EwdOCOAF,GZZaPhbw,2034.0
625,0,QGNcLOop,EwdOCOAF,2034.0
1194,0,kEQqRNXv,ZCsEtuOb,369.0
1194,0,NfeOUEsA,kEQqRNXv,369.0
14,0,leJfirnk,yrRBvFtZ,2555.0
14,0,QRSRIbba,leJfirnk,2555.0
14,0,jqriedgy,QRSRIbba,2472.0
14,0,MTAZIXBL,jqriedgy,2488.0
14,0,RkbXqAIs,MTAZIXBL,2533.0
14,0,NLDgVASg,RkbXqAIs,2788.0
14,0,fcywqNMQ,NLDgVASg,2798.0
14,0,CdibamDB,fcywqNMQ,3509.0
14,0,lBopHXdD,CdibamDB,3509.0
14,0,vwEcxUej,lBopHXdD,3623.0
14,0,JBpFxiqb,vwEcxUej,3623.0
14,0,Oslgxmkx,JBpFxiqb,3623.0
14,0,AtcDBGpE,Oslgxmkx,3799.0
14,0,nsjiKPCz,AtcDBGpE,4039.0
14,0,vfdAIPGv,nsjiKPCz,3978.0
14,0,inJVXMtB,vfdAIPGv,3634.0
14,0,ubZrQMid,inJVXMtB,3634.0
14,0,gBkmsEyR,ubZrQMid,3592.0
14,0,cGoHBmgo,gBkmsEyR,2596.0
971,0,QeEdlYuU,dKSFzIqs,1406.0
971,0,ussSBeXM,QeEdlYuU,1406.0
971,0,qVzVrWDp,ussSBeXM,1406.0
971,0,IuRRuHdp,qVzVrWDp,1405.0
971,0,agmUQnfF,IuRRuHdp,1405.0
971,0,CbblRkaH,agmUQnfF,1668.0
971,0,BldTZUAI,CbblRkaH,1605.0
971,0,nBYHMnkU,BldTZUAI,1605.0
971,0,sUAChhLU,nBYHMnkU,2057.0
971,0,RqfbhkOP,sUAChhLU,2376.0
971,0,WRCkhCoY,RqfbhkOP,2376.0
971,0,OKtVrzTN,WRCkhCoY,2376.0
14,0,wuyFtExA,EtvjcvTp,1672.0
14,0,MrybjzSo,wuyFtExA,1672.0
14,0,yrRBvFtZ,MrybjzSo,1672.0
1194,0,bEuFbYIx,PUIIuxlM,534.0
1194,0,ZCsEtuOb,bEuFbYIx,534.0
625,0,LjPncvCg,ZkIfwknW,2185.0
625,0,cYHkZUeY,LjPncvCg,2186.0
625,0,JjkwBsaR,cYHkZUeY,2186.0
625,0,xWKOjfGB,JjkwBsaR,2186.0
625,0,zrJLwXnk,xWKOjfGB,2149.0
625,0,LUpTnILf,zrJLwXnk,2149.0
625,0,qezgFtTe,LUpTnILf,1736.0
625,0,EtAJJbBW,qezgFtTe,1736.0
625,0,uPlQduWZ,EtAJJbBW,1736.0
625,0,ZkIfwknW,XBhuaxff,2171.0
1052,0,EPmEpfWC,RBwynnQe,409.0
1052,0,xfbmoJHP,EPmEpfWC,409.0
1052,0,WdOwNGhj,xfbmoJHP,138.0
1052,0,kKKRBhFF,WdOwNGhj,136.0
1052,0,NFInfBeu,kKKRBhFF,136.0
1052,0,VCQdmIoF,NFInfBeu,102.0
1052,0,ePrpofUw,VCQdmIoF,102.0
1052,0,KcvPUxQg,ePrpofUw,102.0
1052,0,BlnSxBAr,KcvPUxQg,100.0
1052,0,TCBUGaZf,BlnSxBAr,70.0
1052,0,pzcCDVmZ,TCBUGaZf,56.0
1052,0,AUBTKFbY,pzcCDVmZ,56.0
1052,0,fjevhefZ,AUBTKFbY,56.0
1052,0,vyQyYYqJ,fjevhefZ,56.0
1052,0,ztLkgYlA,vyQyYYqJ,56.0
1052,0,IvQQZbJW,ztLkgYlA,54.0
1052,0,yaKWBgLg,IvQQZbJW,54.0
1052,0,lkujKSJT,yaKWBgLg,54.0
1052,0,twMezfOU,lkujKSJT,54.0
455,0,BlnSxBAr,KcvPUxQg,6429.0
455,0,WuDSdBCd,BlnSxBAr,6502.0
455,0,icUsjZEb,WuDSdBCd,6507.0
455,0,lhadwkCG,icUsjZEb,6507.0
455,0,awnNVqry,lhadwkCG,6507.0
455,0,ohBbDhvM,awnNVqry,6516.0
455,0,EYCnMsAF,ohBbDhvM,6516.0
455,0,tNDnmkQy,EYCnMsAF,6499.0
455,0,XjEyEHqT,tNDnmkQy,6499.0
455,0,IvqxNjHK,XjEyEHqT,6533.0
455,0,SyrqOGJb,IvqxNjHK,6545.0
455,0,NcLanIdZ,SyrqOGJb,6550.0
455,0,OyNIynZV,NcLanIdZ,6344.0
455,0,FGvzNZYi,OyNIynZV,6341.0
455,0,ydoNqUsu,FGvzNZYi,6404.0
455,0,yYSDLmlm,ydoNqUsu,6111.0
455,0,eOdwAkBF,yYSDLmlm,7148.0
455,0,FDCDnriY,eOdwAkBF,7211.0
455,0,DCdKJxNH,FDCDnriY,7022.0
455,0,DsuTXcIa,DCdKJxNH,4657.0
455,0,bgWfLree,DsuTXcIa,4603.0
455,0,MlQcmexA,bgWfLree,4603.0
455,0,tSmiUoPn,MlQcmexA,3482.0
455,0,VuxSFkGj,tSmiUoPn,3482.0
455,0,SQUoXVXU,VuxSFkGj,3473.0
455,0,tZiWmgTn,SQUoXVXU,3243.0
455,0,JpkWIkgn,tZiWmgTn,3236.0
455,0,gDnuvefz,JpkWIkgn,3236.0
455,0,rqBqDfoZ,gDnuvefz,3236.0
455,0,yhXmuUeN,rqBqDfoZ,2925.0
455,0,BqZQArDi,yhXmuUeN,1936.0
455,0,xbiDwIOu,BqZQArDi,1784.0
455,0,zVYhNTdK,xbiDwIOu,1784.0
455,0,EkWBPXmr,zVYhNTdK,1784.0
985,0,aDaRCcaB,YxUFlvZH,1840.0
985,0,dQYZBhGJ,aDaRCcaB,1578.0
985,0,iFderoVa,dQYZBhGJ,1575.0
985,0,GQmprOhw,iFderoVa,1802.0
985,0,CbblRkaH,GQmprOhw,1324.0
985,0,BldTZUAI,CbblRkaH,1387.0
985,0,nBYHMnkU,BldTZUAI,1387.0
455,0,KcvPUxQg,ePrpofUw,4543.0
596,0,YxUFlvZH,vyItOGON,1278.0
596,0,KMLNQwjh,YxUFlvZH,1255.0
596,0,aDaRCcaB,KMLNQwjh,398.0
596,0,dQYZBhGJ,aDaRCcaB,373.0
596,0,iFderoVa,dQYZBhGJ,326.0
596,0,GQmprOhw,iFderoVa,326.0
596,0,CbblRkaH,GQmprOhw,246.0
596,0,BldTZUAI,CbblRkaH,246.0
596,0,nBYHMnkU,BldTZUAI,246.0
625,0,XNHVHmHa,apwTQKga,1551.0
625,0,vGqwislq,XNHVHmHa,1551.0
625,0,AwLiWVdI,vGqwislq,1566.0
625,0,XBhuaxff,AwLiWVdI,1566.0
985,0,ZfNDFPcl,UxPxrYmy,2330.0
985,0,KwXNMHkb,ZfNDFPcl,2330.0
985,0,YxUFlvZH,KwXNMHkb,2330.0
455,0,NFInfBeu,kKKRBhFF,4183.0
455,0,VCQdmIoF,NFInfBeu,4217.0
455,0,ePrpofUw,VCQdmIoF,4217.0
625,0,apwTQKga,lBjlyorh,1250.0
625,0,ZTCNsviV,ODNKqRCQ,696.0
625,0,GBYHqHQO,ZTCNsviV,696.0
625,0,lBjlyorh,GBYHqHQO,696.0
455,0,WdOwNGhj,xfbmoJHP,3041.0
455,0,kKKRBhFF,WdOwNGhj,3046.0
625,0,ODNKqRCQ,iPzquFzR,621.0
596,0,vyItOGON,tTbFYEPP,788.0
924,0,NCSBLEus,AJLJQqsT,4287.0
924,0,xfbmoJHP,NCSBLEus,4155.0
985,0,hqOmlOIp,RrhmmPMm,1847.0
985,0,qJgsxHch,hqOmlOIp,1847.0
985,0,lxplrluY,qJgsxHch,1847.0
985,0,zTJYYUap,lxplrluY,1847.0
985,0,UxPxrYmy,zTJYYUap,1847.0
924,0,illGQStO,sTaleXyI,4200.0
924,0,AUrIxxcC,illGQStO,4094.0
924,0,zqZasXpA,AUrIxxcC,4135.0
924,0,EYGEAZtD,zqZasXpA,4135.0
924,0,AJLJQqsT,EYGEAZtD,4135.0
985,0,YxYhlArE,NqSePdAx,1619.0
985,0,sAswhpJr,YxYhlArE,1619.0
985,0,VyHGAkTo,sAswhpJr,1619.0
985,0,RrhmmPMm,VyHGAkTo,1619.0
924,0,TJDsQDoO,HdBHspFM,3809.0
924,0,yTictHOU,TJDsQDoO,3930.0
924,0,sTaleXyI,yTictHOU,3930.0
985,0,sceVWPKZ,dvaPHMux,1295.0
985,0,kIKddsaQ,sceVWPKZ,1295.0
985,0,NqSePdAx,kIKddsaQ,1295.0
129,0,cZLwCFQo,aLFpJPgR,2246.0
129,0,rxrORjnb,cZLwCFQo,2246.0
129,0,UVDfwOgc,rxrORjnb,2076.0
129,0,HdBHspFM,UVDfwOgc,2076.0
129,0,TJDsQDoO,HdBHspFM,2065.0
129,0,yTictHOU,TJDsQDoO,2065.0
129,0,sTaleXyI,yTictHOU,2065.0
129,0,illGQStO,sTaleXyI,2059.0
129,0,AUrIxxcC,illGQStO,2059.0
129,0,zqZasXpA,AUrIxxcC,2059.0
129,0,EYGEAZtD,zqZasXpA,2059.0
129,0,AJLJQqsT,EYGEAZtD,2059.0
129,0,NCSBLEus,AJLJQqsT,2055.0
129,0,xfbmoJHP,NCSBLEus,2000.0
1047,0,illGQStO,gIrHwcsI,863.0
1047,0,AUrIxxcC,illGQStO,518.0
1047,0,zqZasXpA,AUrIxxcC,518.0
1047,0,EYGEAZtD,zqZasXpA,518.0
1047,0,AJLJQqsT,EYGEAZtD,518.0
1047,0,NCSBLEus,AJLJQqsT,475.0
1047,0,xfbmoJHP,NCSBLEus,475.0
1047,0,WdOwNGhj,xfbmoJHP,211.0
1047,0,kKKRBhFF,WdOwNGhj,181.0
1047,0,NFInfBeu,kKKRBhFF,181.0
1047,0,VCQdmIoF,NFInfBeu,181.0
1047,0,ePrpofUw,VCQdmIoF,181.0
1047,0,KcvPUxQg,ePrpofUw,177.0
1047,0,BlnSxBAr,KcvPUxQg,177.0
1047,0,TCBUGaZf,BlnSxBAr,177.0
1047,0,pzcCDVmZ,TCBUGaZf,140.0
1047,0,AUBTKFbY,pzcCDVmZ,140.0
1047,0,fjevhefZ,AUBTKFbY,122.0
1047,0,vyQyYYqJ,fjevhefZ,122.0
1047,0,ztLkgYlA,vyQyYYqJ,122.0
1047,0,IvQQZbJW,ztLkgYlA,110.0
1047,0,yaKWBgLg,IvQQZbJW,110.0
1047,0,lkujKSJT,yaKWBgLg,110.0
1047,0,twMezfOU,lkujKSJT,107.0
1047,0,OyJKKata,twMezfOU,107.0
1047,0,MqGZxRIW,OyJKKata,105.0
1047,0,FcOkCcps,MqGZxRIW,90.0
129,0,hPntpWoI,jEhGDfoN,2155.0
129,0,aLFpJPgR,hPntpWoI,2224.0
924,0,Vtdujofe,VKAAZZOV,3522.0
924,0,edTVGmZc,Vtdujofe,3522.0
924,0,iqwCaPZT,edTVGmZc,3522.0
924,0,qqDoWQdv,iqwCaPZT,3522.0
924,0,eymgjBxV,qqDoWQdv,3429.0
924,0,EonJeQKz,eymgjBxV,3566.0
924,0,vkWqgNph,EonJeQKz,3567.0
924,0,nJRQzVZQ,vkWqgNph,3567.0
924,0,xunvufHj,nJRQzVZQ,3539.0
924,0,rxrORjnb,xunvufHj,3539.0
924,0,UVDfwOgc,rxrORjnb,3478.0
924,0,HdBHspFM,UVDfwOgc,3478.0
924,0,TNTzUMyF,HyvnzuHA,2262.0
924,0,avRuCqLk,TNTzUMyF,2262.0
924,0,wIAALBva,avRuCqLk,2262.0
924,0,nxBXRnVc,wIAALBva,2262.0
924,0,sXWHYDNZ,nxBXRnVc,2363.0
924,0,VKAAZZOV,sXWHYDNZ,2363.0
912,0,mgDGiHEE,FwvYcAgk,464.0
912,0,dQOncjgh,mgDGiHEE,725.0
912,0,QiaFfhxS,dQOncjgh,762.0
912,0,rilNZKmg,QiaFfhxS,762.0
912,0,MgfOYJbA,rilNZKmg,751.0
912,0,qIuTLVvj,MgfOYJbA,751.0
912,0,spmlaYUs,qIuTLVvj,654.0
912,0,qqDoWQdv,spmlaYUs,654.0
912,0,eymgjBxV,qqDoWQdv,646.0
912,0,EonJeQKz,eymgjBxV,641.0
912,0,vkWqgNph,EonJeQKz,641.0
912,0,nJRQzVZQ,vkWqgNph,641.0
912,0,xunvufHj,nJRQzVZQ,608.0
912,0,rxrORjnb,xunvufHj,608.0
912,0,UVDfwOgc,rxrORjnb,608.0
912,0,TJDsQDoO,UVDfwOgc,587.0
912,0,yTictHOU,TJDsQDoO,587.0
912,0,sTaleXyI,yTictHOU,587.0
912,0,illGQStO,sTaleXyI,584.0
912,0,AUrIxxcC,illGQStO,562.0
912,0,zqZasXpA,AUrIxxcC,562.0
912,0,EYGEAZtD,zqZasXpA,562.0
912,0,AJLJQqsT,EYGEAZtD,562.0
912,0,NCSBLEus,AJLJQqsT,550.0
912,0,xfbmoJHP,NCSBLEus,550.0
1176,0,GIlSPhwi,SOtvIsgL,2393.0
1176,0,ZPJGdbAJ,GIlSPhwi,2393.0
1176,0,IAmXeTgg,ZPJGdbAJ,2393.0
35,0,fwfbiPwk,drmArhka,7194.0
35,0,cGoHBmgo,fwfbiPwk,7585.0
35,0,EkWBPXmr,cGoHBmgo,7585.0
417,0,TShNRujB,hxSTJhOz,8573.0
417,0,zVYhNTdK,TShNRujB,5347.0
417,0,EkWBPXmr,zVYhNTdK,5347.0
35,0,XypZkLUe,gaLZwYvS,7365.0
35,0,drmArhka,XypZkLUe,7365.0
417,0,hxSTJhOz,rDSiGFpR,7994.0
35,0,gaLZwYvS,qFzqwYZZ,7084.0
477,0,NKCxdwhs,mYoRZvtc,2617.0
477,0,eeSdZFhf,NKCxdwhs,2617.0
477,0,UaWwvNMO,eeSdZFhf,2877.0
477,0,gFAsBeQM,UaWwvNMO,2877.0
477,0,rDSiGFpR,gFAsBeQM,2522.0
35,0,qFzqwYZZ,MBTcSIip,7769.0
417,0,LOkvvGyU,FqxCUuHX,6957.0
417,0,DYErCrqd,LOkvvGyU,8773.0
417,0,LbKosGpD,DYErCrqd,8773.0
417,0,rDSiGFpR,LbKosGpD,7732.0
417,0,tSUFrefk,ZMeqpjWv,6134.0
417,0,FqxCUuHX,tSUFrefk,6149.0
35,0,ppabfQGz,rloRqLNl,8960.0
35,0,MBTcSIip,ppabfQGz,8665.0
417,0,AFWGXQGm,BsVmblhs,4091.0
417,0,WTiRZunt,AFWGXQGm,4091.0
417,0,ZMeqpjWv,WTiRZunt,4091.0
465,0,XFLojCJa,cPCRxZjy,4968.0
465,0,mHRdWDIt,XFLojCJa,4968.0
465,0,NBopaFdP,mHRdWDIt,4786.0
465,0,LbKosGpD,NBopaFdP,4560.0
465,0,rDSiGFpR,LbKosGpD,4551.0
465,0,hxSTJhOz,rDSiGFpR,3522.0
465,0,TShNRujB,hxSTJhOz,3522.0
465,0,zVYhNTdK,TShNRujB,2259.0
465,0,EkWBPXmr,zVYhNTdK,2258.0
357,0,cPCRxZjy,LPfgjVyT,4102.0
357,0,qpacHTVx,cPCRxZjy,3813.0
357,0,XFLojCJa,qpacHTVx,3813.0
357,0,mHRdWDIt,XFLojCJa,3813.0
357,0,NBopaFdP,mHRdWDIt,3577.0
357,0,LbKosGpD,NBopaFdP,3577.0
357,0,rDSiGFpR,LbKosGpD,3576.0
357,0,hxSTJhOz,rDSiGFpR,2641.0
357,0,TShNRujB,hxSTJhOz,2598.0
357,0,xbiDwIOu,TShNRujB,956.0
357,0,zVYhNTdK,xbiDwIOu,956.0
357,0,EkWBPXmr,zVYhNTdK,956.0
1139,0,LLvlNCEB,sDgMDbLK,1190.0
1139,0,ZMeqpjWv,LLvlNCEB,1190.0
1139,0,tSUFrefk,ZMeqpjWv,1190.0
1139,0,FqxCUuHX,tSUFrefk,1149.0
1139,0,LOkvvGyU,FqxCUuHX,1037.0
1139,0,DYErCrqd,LOkvvGyU,1037.0
1139,0,rDSiGFpR,DYErCrqd,1037.0
1139,0,hxSTJhOz,rDSiGFpR,794.0
1139,0,TShNRujB,hxSTJhOz,794.0
1139,0,xbiDwIOu,TShNRujB,536.0
1139,0,zVYhNTdK,xbiDwIOu,536.0
1139,0,EkWBPXmr,zVYhNTdK,536.0
357,0,LPfgjVyT,cniBuICf,3326.0
357,0,cniBuICf,WtPVEKaC,2914.0
417,0,TUpCuZAw,YmDpkIHQ,3611.0
417,0,HYfXIyFk,TUpCuZAw,3611.0
417,0,oQvXmJfL,HYfXIyFk,3658.0
417,0,yayPNqiY,oQvXmJfL,3550.0
417,0,BsVmblhs,yayPNqiY,3523.0
35,0,TiulEaYs,FliRNcXy,8663.0
35,0,dwUntJQR,TiulEaYs,8708.0
35,0,rloRqLNl,dwUntJQR,8709.0
1139,0,faYOimYm,EZnTnoxs,857.0
1139,0,cmGUMIAA,faYOimYm,899.0
1139,0,sDgMDbLK,cmGUMIAA,899.0
357,0,WtPVEKaC,BYsSDXCP,3128.0
35,0,LfENZYTF,TNZDhyQb,7477.0
35,0,FliRNcXy,LfENZYTF,7563.0
357,0,BYsSDXCP,zjSAMvDn,2588.0
1139,0,aaOdCJPr,ezbmnBKa,609.0
1139,0,EZnTnoxs,aaOdCJPr,609.0
35,0,aFlzccOO,DYvQviUy,7192.0
35,0,TNZDhyQb,aFlzccOO,6886.0
1511,0,fubLBmAl,DOGyniWl,13790.0
1511,0,zjSAMvDn,fubLBmAl,13790.0
1511,0,BYsSDXCP,zjSAMvDn,13563.0
1511,0,WtPVEKaC,BYsSDXCP,13379.0
1511,0,cniBuICf,WtPVEKaC,11643.0
1511,0,LPfgjVyT,cniBuICf,11643.0
1511,0,cPCRxZjy,LPfgjVyT,9451.0
1511,0,XFLojCJa,cPCRxZjy,9116.0
1511,0,mHRdWDIt,XFLojCJa,9116.0
1511,0,NBopaFdP,mHRdWDIt,9107.0
1511,0,LbKosGpD,NBopaFdP,9011.0
1511,0,rDSiGFpR,LbKosGpD,8784.0
1511,0,hxSTJhOz,rDSiGFpR,5810.0
1511,0,TShNRujB,hxSTJhOz,5625.0
1511,0,xbiDwIOu,TShNRujB,3599.0
1511,0,zVYhNTdK,xbiDwIOu,3599.0
1511,0,EkWBPXmr,zVYhNTdK,3576.0
727,0,knCDNjnp,mLBQtksd,2423.0
727,0,nYVfIRsk,knCDNjnp,2415.0
727,0,IHZGJZTs,nYVfIRsk,2406.0
727,0,DYvQviUy,IHZGJZTs,2357.0
727,0,yHDouIXe,DYvQviUy,1681.0
727,0,aFlzccOO,yHDouIXe,1429.0
727,0,gpaAUChy,aFlzccOO,1008.0
727,0,XAxmwtqw,gpaAUChy,1008.0
727,0,YmDpkIHQ,XAxmwtqw,1008.0
1245,0,OajDKDnO,jIFrASnh,1012.0
1245,0,fQIJDuOA,OajDKDnO,1012.0
1245,0,ZBegLuFw,fQIJDuOA,1012.0
1245,0,yHDouIXe,ZBegLuFw,1073.0
1245,0,aFlzccOO,yHDouIXe,845.0
1245,0,TNZDhyQb,aFlzccOO,692.0
1245,0,LfENZYTF,TNZDhyQb,771.0
1245,0,FliRNcXy,LfENZYTF,893.0
1245,0,TiulEaYs,FliRNcXy,1302.0
1245,0,dwUntJQR,TiulEaYs,1270.0
1245,0,ppabfQGz,dwUntJQR,1270.0
1245,0,MBTcSIip,ppabfQGz,1564.0
1245,0,qFzqwYZZ,MBTcSIip,1563.0
1245,0,gaLZwYvS,qFzqwYZZ,2219.0
1245,0,XypZkLUe,gaLZwYvS,2348.0
1245,0,drmArhka,XypZkLUe,2348.0
35,0,DYvQviUy,RfEbENxd,6391.0
1511,0,GpnhEWuy,QDIpIlEK,13096.0
1511,0,YmkUpvHU,GpnhEWuy,12975.0
1511,0,GbYxEXTt,YmkUpvHU,13832.0
1511,0,DOGyniWl,GbYxEXTt,12814.0
77,0,jQaLNViL,XJRnAJHc,6365.0
77,0,RfEbENxd,jQaLNViL,5524.0
77,0,DYvQviUy,RfEbENxd,4136.0
77,0,aFlzccOO,DYvQviUy,3797.0
77,0,TNZDhyQb,aFlzccOO,3442.0
77,0,LfENZYTF,TNZDhyQb,3442.0
77,0,FliRNcXy,LfENZYTF,3326.0
77,0,TiulEaYs,FliRNcXy,3043.0
77,0,dwUntJQR,TiulEaYs,3043.0
77,0,rloRqLNl,dwUntJQR,3043.0
77,0,ppabfQGz,rloRqLNl,2786.0
77,0,MBTcSIip,ppabfQGz,2786.0
77,0,qFzqwYZZ,MBTcSIip,2767.0
77,0,gaLZwYvS,qFzqwYZZ,2418.0
77,0,XypZkLUe,gaLZwYvS,2412.0
77,0,drmArhka,XypZkLUe,2412.0
77,0,fwfbiPwk,drmArhka,2370.0
77,0,EkWBPXmr,fwfbiPwk,1846.0
1139,0,hCbDNPhh,kzneBolb,504.0
1139,0,oFLgHrco,hCbDNPhh,504.0
1139,0,yrWAEsGy,oFLgHrco,504.0
1139,0,qGIkRenz,yrWAEsGy,528.0
1139,0,ytUqATXS,qGIkRenz,528.0
1139,0,sHwmfZBx,ytUqATXS,541.0
1139,0,OJyOyFXO,sHwmfZBx,541.0
1139,0,ezbmnBKa,OJyOyFXO,556.0
35,0,jQaLNViL,WynPMslR,7623.0
35,0,RfEbENxd,jQaLNViL,7034.0
1505,0,WCllcJIC,wxsBzgDc,4283.0
1505,0,OXcUkifL,WCllcJIC,5123.0
1505,0,POsNTwnJ,OXcUkifL,5312.0
1505,0,YmkUpvHU,POsNTwnJ,5301.0
233,0,GiONHkbf,aFxztqGh,1521.0
233,0,QDIpIlEK,GiONHkbf,1453.0
77,0,WUWIxCFc,OdzEGWPG,4954.0
77,0,XJRnAJHc,WUWIxCFc,4954.0
233,0,xwyDeZpB,ckoHNDVp,1238.0
233,0,aFxztqGh,xwyDeZpB,1400.0
35,0,vHkAlmCm,GnOurcjN,6849.0
35,0,WynPMslR,vHkAlmCm,6882.0
1505,0,poajKJhB,zUgDRwiy,3327.0
1505,0,wDKuLbjL,poajKJhB,3327.0
1505,0,IfDrXrwx,wDKuLbjL,3562.0
1505,0,wxsBzgDc,IfDrXrwx,3518.0
1468,0,liXJvIPl,PZviXSbJ,199.0
1468,0,mwBDLsCe,liXJvIPl,199.0
1468,0,OsteSFoc,mwBDLsCe,199.0
1468,0,rEXMwzJR,OsteSFoc,199.0
1468,0,ZsdtRkBt,rEXMwzJR,199.0
1468,0,xwyDeZpB,ZsdtRkBt,327.0
1468,0,aFxztqGh,xwyDeZpB,327.0
1468,0,GiONHkbf,aFxztqGh,370.0
1468,0,QDIpIlEK,GiONHkbf,370.0
1468,0,GpnhEWuy,QDIpIlEK,207.0
1468,0,rRGVruPM,GpnhEWuy,207.0
1468,0,YmkUpvHU,rRGVruPM,207.0
1468,0,GbYxEXTt,YmkUpvHU,207.0
1468,0,DOGyniWl,GbYxEXTt,161.0
1468,0,nEXpIbiD,DOGyniWl,161.0
357,0,zjSAMvDn,bZroqIhX,1625.0
77,0,ruogAkOJ,cQHgTjKq,4697.0
77,0,tndfGrTh,ruogAkOJ,4697.0
77,0,OdzEGWPG,tndfGrTh,4697.0
233,0,TdXLhpcB,miDIXkTS,1680.0
233,0,ckoHNDVp,TdXLhpcB,1980.0
233,0,miDIXkTS,EFeZyZmg,1442.0
77,0,cQHgTjKq,wGTdgRcU,4411.0
1532,0,HcKLTTXk,lRwVVbKf,1791.0
1532,0,IvXmMOhB,HcKLTTXk,2298.0
1532,0,FUctipSE,IvXmMOhB,2492.0
1532,0,PWitnUnB,FUctipSE,2919.0
1532,0,zwmwkNcj,PWitnUnB,2918.0
1532,0,DJDPVkXF,zwmwkNcj,2918.0
1532,0,FrOiWYSP,DJDPVkXF,2700.0
1532,0,mNGfniSu,FrOiWYSP,2820.0
1532,0,qjwSVoCq,mNGfniSu,3144.0
1532,0,WvPJYXMk,qjwSVoCq,3242.0
1511,0,lQIpGOTn,lEwLedpG,14144.0
1511,0,uhUmvvRs,lQIpGOTn,14296.0
1511,0,GgLRqpEG,uhUmvvRs,14327.0
1511,0,WFZVQzrl,GgLRqpEG,14307.0
1511,0,GiONHkbf,WFZVQzrl,13865.0
1511,0,QDIpIlEK,GiONHkbf,12962.0
1419,0,xgzyCPTg,HAmwZMhM,5823.0
1419,0,XWLETkPz,xgzyCPTg,5991.0
1419,0,HLAPntjh,XWLETkPz,5991.0
1419,0,RSQixiib,HLAPntjh,6478.0
1419,0,qrzeRBPC,RSQixiib,6991.0
1419,0,phXawcIY,qrzeRBPC,6990.0
1419,0,EXTmTMKf,phXawcIY,4943.0
35,0,yfIoPTHo,EXTmTMKf,6173.0
35,0,GnOurcjN,yfIoPTHo,6270.0
1532,0,tYiGccLM,zfmNZkKD,1409.0
1532,0,zVMCvpDh,tYiGccLM,1520.0
1532,0,tdSVPjpA,zVMCvpDh,1520.0
1532,0,nOepWjtB,tdSVPjpA,1520.0
1532,0,kNXaohyL,nOepWjtB,1520.0
1532,0,gJicbLzN,kNXaohyL,1520.0
1532,0,lRwVVbKf,gJicbLzN,1531.0
77,0,meZHMfSd,yTNmoAGc,4113.0
77,0,wGTdgRcU,meZHMfSd,4113.0
35,0,zjGRmLyo,JGydtICe,5500.0
35,0,EXTmTMKf,zjGRmLyo,5572.0
35,0,JGydtICe,uCftfjda,1934.0
1532,0,ULIlEdjB,XHLHCkqn,1078.0
1532,0,zfmNZkKD,ULIlEdjB,1078.0
35,0,uCftfjda,aBQaRmrC,1540.0
77,0,wDEypHfE,QCBPrBCl,3711.0
77,0,yTNmoAGc,wDEypHfE,3711.0
77,0,rGYrQqGa,OUTzwMHI,3660.0
77,0,QCBPrBCl,rGYrQqGa,3660.0
798,0,bmqZcfhO,LDSuadxM,1673.0
798,0,mdiSFJRM,bmqZcfhO,1864.0
798,0,ljNlRbnZ,mdiSFJRM,1864.0
798,0,VbMcfGsr,ljNlRbnZ,2070.0
798,0,MttNRhjN,VbMcfGsr,2070.0
798,0,HeidvHXY,MttNRhjN,2070.0
798,0,CCoJPQpR,HeidvHXY,2070.0
798,0,veAXvdUO,CCoJPQpR,3703.0
798,0,UgdUAhSn,veAXvdUO,3703.0
798,0,HcKLTTXk,UgdUAhSn,3703.0
798,0,IvXmMOhB,HcKLTTXk,3703.0
798,0,KIvXTDlT,IvXmMOhB,3703.0
798,0,TgzZcdmy,KIvXTDlT,3703.0
798,0,SEjojzMr,TgzZcdmy,3703.0
798,0,oBYetVBr,SEjojzMr,3362.0
798,0,GiONHkbf,oBYetVBr,3038.0
798,0,QDIpIlEK,GiONHkbf,3038.0
798,0,GpnhEWuy,QDIpIlEK,1203.0
798,0,rRGVruPM,GpnhEWuy,1203.0
798,0,YmkUpvHU,rRGVruPM,1197.0
798,0,GbYxEXTt,YmkUpvHU,1197.0
798,0,DOGyniWl,GbYxEXTt,811.0
798,0,fubLBmAl,DOGyniWl,811.0
798,0,nEXpIbiD,fubLBmAl,811.0
143,0,HxnLIWQq,tcbhlVZo,3408.0
143,0,wqGWmwVd,HxnLIWQq,4152.0
143,0,ACkvbmee,wqGWmwVd,4153.0
143,0,FtWuEuzF,ACkvbmee,4153.0
143,0,RtTLxXUv,FtWuEuzF,4146.0
143,0,JGydtICe,RtTLxXUv,4751.0
719,0,eusqYKWT,HezLsNFQ,1431.0
719,0,xOHMcnRu,eusqYKWT,1420.0
465,0,RCkelXPh,eyAJPdep,4404.0
465,0,jcExlqwL,RCkelXPh,5448.0
465,0,YctaenCe,jcExlqwL,6036.0
465,0,tzYrVhKO,YctaenCe,6046.0
465,0,UgpyjFML,tzYrVhKO,6204.0
465,0,nPkrzCty,UgpyjFML,4796.0
465,0,OPXtWBVk,nPkrzCty,6447.0
465,0,SvGtXrYj,OPXtWBVk,6003.0
465,0,TdfMaTlB,SvGtXrYj,5832.0
465,0,STSGJiIu,TdfMaTlB,4965.0
465,0,buAeVenh,STSGJiIu,4965.0
465,0,ARTSSefO,buAeVenh,4963.0
465,0,nGRNUPgX,ARTSSefO,4870.0
465,0,cPCRxZjy,nGRNUPgX,4432.0
780,0,VEiYdotb,AhWKwjTz,6948.0
780,0,DgYBMgPg,VEiYdotb,6948.0
780,0,vkArqzKY,DgYBMgPg,7514.0
780,0,gzTQJVMW,vkArqzKY,7514.0
1511,0,FZsFzszJ,gzTQJVMW,2749.0
1511,0,ALhaazBT,FZsFzszJ,2774.0
1511,0,AUmOMGnp,ALhaazBT,2953.0
1511,0,ejMjPdTH,AUmOMGnp,2997.0
1511,0,eaNsVWDR,ejMjPdTH,4066.0
1511,0,hpACGGyB,eaNsVWDR,5672.0
1511,0,ywuGpANM,hpACGGyB,5872.0
1511,0,BZCtSmhk,ywuGpANM,8643.0
1511,0,qeXIqBgp,BZCtSmhk,9452.0
1511,0,jFRqfnFl,qeXIqBgp,13450.0
1511,0,ysSWNERo,jFRqfnFl,13667.0
1511,0,lEwLedpG,ysSWNERo,13683.0
1441,0,JZbiEaEt,LsuNFzpq,1926.0
1441,0,RchOKnYD,JZbiEaEt,1487.0
1441,0,BMDeXhVp,RchOKnYD,1487.0
1441,0,ZqBGCTqq,BMDeXhVp,1487.0
1441,0,HxnLIWQq,ZqBGCTqq,948.0
1441,0,wqGWmwVd,HxnLIWQq,918.0
1441,0,ACkvbmee,wqGWmwVd,897.0
1441,0,FtWuEuzF,ACkvbmee,897.0
1441,0,RtTLxXUv,FtWuEuzF,897.0
1441,0,JGydtICe,RtTLxXUv,1015.0
836,0,UGBWqSzR,aImltWBw,1685.0
836,0,ywuGpANM,UGBWqSzR,2194.0
836,0,BZCtSmhk,ywuGpANM,6658.0
803,0,lhYDMMsV,LNRgsQQF,1144.0
803,0,dHuMOmqh,lhYDMMsV,1145.0
803,0,shEBYolm,dHuMOmqh,791.0
803,0,ljNlRbnZ,shEBYolm,791.0
803,0,MttNRhjN,ljNlRbnZ,782.0
803,0,HeidvHXY,MttNRhjN,782.0
803,0,CCoJPQpR,HeidvHXY,782.0
803,0,veAXvdUO,CCoJPQpR,782.0
803,0,UgdUAhSn,veAXvdUO,782.0
803,0,HcKLTTXk,UgdUAhSn,668.0
803,0,IvXmMOhB,HcKLTTXk,668.0
803,0,KIvXTDlT,IvXmMOhB,540.0
803,0,TgzZcdmy,KIvXTDlT,528.0
803,0,SEjojzMr,TgzZcdmy,528.0
803,0,WCllcJIC,SEjojzMr,495.0
803,0,OXcUkifL,WCllcJIC,438.0
803,0,POsNTwnJ,OXcUkifL,356.0
803,0,rRGVruPM,POsNTwnJ,163.0
803,0,YmkUpvHU,rRGVruPM,163.0
77,0,tcHYhVZo,XkkxwlXm,3313.0
77,0,OUTzwMHI,tcHYhVZo,3180.0
798,0,llFTEWtD,IulxyPoH,374.0
798,0,fPhIOSOj,llFTEWtD,374.0
798,0,PQDqFTyk,fPhIOSOj,374.0
798,0,lUWTaWkd,PQDqFTyk,380.0
798,0,LDSuadxM,lUWTaWkd,380.0
143,0,OaJoPLeC,osIslFBH,1378.0
143,0,GMrJWgHs,OaJoPLeC,1377.0
143,0,tTjpyeuP,GMrJWgHs,1272.0
143,0,elxmPCDf,tTjpyeuP,1272.0
143,0,tcbhlVZo,elxmPCDf,1272.0
77,0,PQuXHWcA,ZFSCrBEp,2861.0
77,0,XkkxwlXm,PQuXHWcA,2861.0
803,0,ubEwIGdf,kWrGTFqC,329.0
803,0,aBKtLgYB,ubEwIGdf,329.0
803,0,qduHdsCL,aBKtLgYB,329.0
803,0,GYMzAvFw,qduHdsCL,329.0
803,0,VXAxIwYs,GYMzAvFw,329.0
803,0,ZHWKFCEn,VXAxIwYs,604.0
803,0,KbemmdTp,ZHWKFCEn,698.0
803,0,LNRgsQQF,KbemmdTp,728.0
994,0,KnIeolpt,RyhuDLev,6067.0
994,0,GMrJWgHs,KnIeolpt,6068.0
994,0,tTjpyeuP,GMrJWgHs,6042.0
994,0,elxmPCDf,tTjpyeuP,6042.0
994,0,tcbhlVZo,elxmPCDf,6042.0
994,0,HxnLIWQq,tcbhlVZo,3377.0
994,0,wqGWmwVd,HxnLIWQq,3349.0
994,0,ACkvbmee,wqGWmwVd,3348.0
994,0,FtWuEuzF,ACkvbmee,3348.0
994,0,RtTLxXUv,FtWuEuzF,3346.0
994,0,JGydtICe,RtTLxXUv,3188.0
560,0,IjDfGHsr,hzAARBgX,1526.0
560,0,TFRpjaAo,IjDfGHsr,1533.0
560,0,JhdinCeD,TFRpjaAo,1579.0
560,0,ZIieNEvD,JhdinCeD,1579.0
560,0,jvLymITs,ZIieNEvD,1579.0
560,0,jJVVpGMf,jvLymITs,1405.0
560,0,tcYerYbk,jJVVpGMf,1405.0
560,0,pPKqPUVW,tcYerYbk,1405.0
560,0,iYTiOTOT,pPKqPUVW,1405.0
560,0,dLtneiKf,iYTiOTOT,1407.0
560,0,slfxTuih,dLtneiKf,1407.0
560,0,XFPAZveS,slfxTuih,1251.0
560,0,WjGJosho,XFPAZveS,1077.0
77,0,fXFJjsZH,DKTMYVhM,2667.0
77,0,zKpOsJgw,fXFJjsZH,2667.0
77,0,ZFSCrBEp,zKpOsJgw,2667.0
994,0,fzmnvqlX,SEcoeimf,4713.0
994,0,RyhuDLev,fzmnvqlX,4713.0
77,0,SvkqEtGw,HbaaqMIK,2340.0
77,0,DKTMYVhM,SvkqEtGw,2340.0
994,0,zzxlwhdI,wssOAckJ,3974.0
994,0,SEcoeimf,zzxlwhdI,2403.0
1554,0,kTKiYpVR,EPQxNUoM,1333.0
1554,0,bjpXdchK,kTKiYpVR,1325.0
1554,0,dEgXqWEW,bjpXdchK,1325.0
1554,0,ZWGREbnj,dEgXqWEW,1325.0
1554,0,cgIzawVB,ZWGREbnj,1325.0
1554,0,CbYTLXWK,cgIzawVB,1325.0
1554,0,kWrGTFqC,CbYTLXWK,1325.0
1554,0,ubEwIGdf,kWrGTFqC,1322.0
1554,0,aBKtLgYB,ubEwIGdf,1322.0
1554,0,qduHdsCL,aBKtLgYB,1322.0
1554,0,GYMzAvFw,qduHdsCL,1322.0
1554,0,VXAxIwYs,GYMzAvFw,1322.0
1554,0,ZHWKFCEn,VXAxIwYs,1320.0
1554,0,KbemmdTp,ZHWKFCEn,1318.0
1554,0,wTVyxBBy,KbemmdTp,1318.0
1554,0,LNRgsQQF,wTVyxBBy,1318.0
1554,0,lhYDMMsV,LNRgsQQF,1317.0
1554,0,OhgtKZPi,lhYDMMsV,1317.0
1554,0,dHuMOmqh,OhgtKZPi,1317.0
1554,0,mdiSFJRM,dHuMOmqh,983.0
1554,0,KSJnwxVm,mdiSFJRM,983.0
1554,0,shEBYolm,KSJnwxVm,983.0
1554,0,ljNlRbnZ,shEBYolm,983.0
1554,0,VbMcfGsr,ljNlRbnZ,978.0
1554,0,MttNRhjN,VbMcfGsr,978.0
1554,0,HeidvHXY,MttNRhjN,978.0
1554,0,CCoJPQpR,HeidvHXY,978.0
1554,0,veAXvdUO,CCoJPQpR,841.0
1554,0,UgdUAhSn,veAXvdUO,841.0
1554,0,HcKLTTXk,UgdUAhSn,839.0
1554,0,mexFgKBp,HcKLTTXk,744.0
1554,0,KIvXTDlT,mexFgKBp,554.0
1554,0,TgzZcdmy,KIvXTDlT,554.0
1554,0,SEjojzMr,TgzZcdmy,554.0
1554,0,WCllcJIC,SEjojzMr,521.0
1554,0,OXcUkifL,WCllcJIC,287.0
1554,0,POsNTwnJ,OXcUkifL,287.0
1554,0,rRGVruPM,POsNTwnJ,287.0
1554,0,YmkUpvHU,rRGVruPM,175.0
994,0,wssOAckJ,obGcbWvT,3248.0
71,0,vaPtcLuK,tNSMkSfB,94.0
71,0,dEwNKLNy,vaPtcLuK,410.0
77,0,MwUoGUHv,aXWsLpyQ,2237.0
77,0,lndqhzzh,MwUoGUHv,2237.0
77,0,jOvjucEC,lndqhzzh,2237.0
77,0,HbaaqMIK,jOvjucEC,2237.0
365,0,DgYBMgPg,mhsyTQmZ,2872.0
365,0,yjQwxGED,DgYBMgPg,1193.0
365,0,KPcRWbGT,yjQwxGED,1193.0
365,0,uGRyXcfW,KPcRWbGT,1193.0
365,0,HlhFjJtZ,uGRyXcfW,1193.0
365,0,ALhaazBT,HlhFjJtZ,1193.0
365,0,YqlTLIQa,ALhaazBT,1049.0
365,0,AUmOMGnp,YqlTLIQa,1049.0
365,0,SVPLEqNI,AUmOMGnp,1034.0
365,0,ejMjPdTH,SVPLEqNI,371.0
365,0,CKorGRkE,ejMjPdTH,244.0
365,0,eaNsVWDR,CKorGRkE,244.0
365,0,hpACGGyB,eaNsVWDR,244.0
365,0,VgUdLlOW,hpACGGyB,244.0
365,0,ywuGpANM,VgUdLlOW,244.0
365,0,BZCtSmhk,ywuGpANM,184.0
365,0,aojHvPEg,BZCtSmhk,184.0
365,0,qeXIqBgp,aojHvPEg,184.0
365,0,gmsNDepi,qeXIqBgp,184.0
365,0,jFRqfnFl,gmsNDepi,184.0
365,0,ysSWNERo,jFRqfnFl,182.0
365,0,BgwdUHsv,ysSWNERo,16.0
365,0,lEwLedpG,BgwdUHsv,15.0
365,0,lQIpGOTn,lEwLedpG,9.0
365,0,uhUmvvRs,lQIpGOTn,9.0
365,0,GgLRqpEG,uhUmvvRs,8.0
365,0,WFZVQzrl,GgLRqpEG,8.0
365,0,tRncbstl,WFZVQzrl,8.0
365,0,QDIpIlEK,tRncbstl,8.0
365,0,GpnhEWuy,QDIpIlEK,8.0
365,0,rRGVruPM,GpnhEWuy,8.0
365,0,YmkUpvHU,rRGVruPM,4.0
365,0,GbYxEXTt,YmkUpvHU,4.0
365,0,DOGyniWl,GbYxEXTt,4.0
365,0,fubLBmAl,DOGyniWl,4.0
365,0,zjSAMvDn,fubLBmAl,4.0
365,0,BYsSDXCP,zjSAMvDn,4.0
365,0,HvQMjFdy,BYsSDXCP,4.0
365,0,cniBuICf,HvQMjFdy,4.0
365,0,LPfgjVyT,cniBuICf,4.0
365,0,cPCRxZjy,LPfgjVyT,4.0
365,0,qpacHTVx,cPCRxZjy,4.0
365,0,XFLojCJa,qpacHTVx,4.0
365,0,mHRdWDIt,XFLojCJa,4.0
365,0,NBopaFdP,mHRdWDIt,4.0
365,0,LbKosGpD,NBopaFdP,4.0
365,0,rDSiGFpR,LbKosGpD,4.0
365,0,hxSTJhOz,rDSiGFpR,3.0
365,0,TShNRujB,hxSTJhOz,3.0
365,0,BqZQArDi,TShNRujB,3.0
365,0,xbiDwIOu,BqZQArDi,3.0
365,0,EkWBPXmr,xbiDwIOu,3.0
994,0,QyfZGsFT,JgVaSAtG,3058.0
994,0,selTNsQi,QyfZGsFT,3058.0
994,0,SfBAqteg,selTNsQi,3058.0
994,0,obGcbWvT,SfBAqteg,3058.0
1511,0,gzTQJVMW,RVEyrwjR,2308.0
1558,0,KqFhDHZN,yHaTCNJc,213.0
1558,0,bCNvXuax,KqFhDHZN,854.0
1558,0,HDmoIVra,bCNvXuax,881.0
1558,0,tfRCwcQZ,HDmoIVra,881.0
1558,0,ltfHcqwC,tfRCwcQZ,997.0
1558,0,VUmYNFZt,ltfHcqwC,997.0
1558,0,pnYEWPBG,VUmYNFZt,997.0
1558,0,IANlmbvg,pnYEWPBG,1268.0
1558,0,LjfvDYFE,IANlmbvg,1701.0
1558,0,MhGEPaGW,LjfvDYFE,1713.0
1558,0,ZHWKFCEn,MhGEPaGW,1675.0
1558,0,LNRgsQQF,ZHWKFCEn,1659.0
1558,0,lhYDMMsV,LNRgsQQF,1656.0
1558,0,OhgtKZPi,lhYDMMsV,1656.0
1558,0,dHuMOmqh,OhgtKZPi,1656.0
1558,0,mdiSFJRM,dHuMOmqh,1513.0
1558,0,KSJnwxVm,mdiSFJRM,1513.0
1558,0,shEBYolm,KSJnwxVm,1513.0
1558,0,ljNlRbnZ,shEBYolm,1513.0
1558,0,VbMcfGsr,ljNlRbnZ,1511.0
1558,0,MttNRhjN,VbMcfGsr,1511.0
1558,0,CCoJPQpR,MttNRhjN,1511.0
1558,0,veAXvdUO,CCoJPQpR,1376.0
1558,0,UgdUAhSn,veAXvdUO,1376.0
1558,0,HcKLTTXk,UgdUAhSn,1370.0
1558,0,IvXmMOhB,HcKLTTXk,1363.0
1558,0,KIvXTDlT,IvXmMOhB,1231.0
1558,0,TgzZcdmy,KIvXTDlT,1186.0
1558,0,SEjojzMr,TgzZcdmy,1186.0
1558,0,WCllcJIC,SEjojzMr,1182.0
1558,0,OXcUkifL,WCllcJIC,654.0
1558,0,POsNTwnJ,OXcUkifL,646.0
1558,0,rRGVruPM,POsNTwnJ,621.0
1558,0,YmkUpvHU,rRGVruPM,439.0
1558,0,GbYxEXTt,YmkUpvHU,439.0
1558,0,ItndWSiW,GbYxEXTt,439.0
1558,0,DOGyniWl,ItndWSiW,397.0
1558,0,fubLBmAl,DOGyniWl,397.0
1558,0,nEXpIbiD,fubLBmAl,397.0
1511,0,RVEyrwjR,XLVjRryq,513.0
1083,0,jobllKUJ,pqZYMbGr,3746.0
1083,0,cKlxsEIa,jobllKUJ,3746.0
1083,0,POeaLshN,cKlxsEIa,3746.0
1083,0,nvtqczOj,POeaLshN,3746.0
1083,0,FdzHSswJ,nvtqczOj,3451.0
1083,0,qmRscxuH,FdzHSswJ,3720.0
1083,0,zrVEttwl,qmRscxuH,3568.0
1083,0,KhQckqci,zrVEttwl,3573.0
1083,0,NkYJOxxA,KhQckqci,3573.0
1083,0,Phtvjmoj,NkYJOxxA,3573.0
1083,0,iRgZVaoH,Phtvjmoj,4826.0
1083,0,KbKyxild,iRgZVaoH,4826.0
1083,0,WzJZybAt,KbKyxild,4373.0
1083,0,wBZvskGC,WzJZybAt,4342.0
1083,0,pHbSfQWg,wBZvskGC,5619.0
1083,0,hlYcHDiv,pHbSfQWg,5619.0
1083,0,ZUUFaTkv,hlYcHDiv,5618.0
1083,0,jgCiOeaN,ZUUFaTkv,5661.0
1083,0,TikfrWrm,jgCiOeaN,5661.0
1083,0,RabBrvbh,TikfrWrm,5711.0
1083,0,yAsGVYQM,RabBrvbh,5711.0
1083,0,XFPAZveS,yAsGVYQM,13098.0
1083,0,ejMjPdTH,XFPAZveS,13224.0
1083,0,CKorGRkE,ejMjPdTH,9857.0
1083,0,eaNsVWDR,CKorGRkE,8899.0
77,0,TBShKgjD,yOopALph,2200.0
77,0,aXWsLpyQ,TBShKgjD,2200.0
780,0,wuAzVrCW,fdwLSfsa,4580.0
780,0,mRKfPREJ,wuAzVrCW,4580.0
780,0,HeRuYpNs,mRKfPREJ,4580.0
780,0,qRJySzaf,HeRuYpNs,4221.0
780,0,LTfflVxG,qRJySzaf,4221.0
780,0,AhWKwjTz,LTfflVxG,5227.0
779,0,beniIHzL,BNQPEsdW,1640.0
77,0,yOopALph,IGRxApsM,88.0
77,0,IGRxApsM,ZNFFlclk,40.0
736,0,NxbXiMUL,MyGqmywG,7379.0
1511,0,XLVjRryq,NxbXiMUL,160.0
367,0,CgMBzfIg,OXvlrfnG,3029.0
367,0,BCwVkMhO,CgMBzfIg,3029.0
367,0,MpBHVRZl,BCwVkMhO,2745.0
367,0,BWKNZpmt,MpBHVRZl,2867.0
367,0,hMBIVszx,BWKNZpmt,2884.0
367,0,JgVaSAtG,hMBIVszx,2884.0
367,0,QyfZGsFT,JgVaSAtG,2919.0
367,0,selTNsQi,QyfZGsFT,2919.0
367,0,SfBAqteg,selTNsQi,2919.0
367,0,obGcbWvT,SfBAqteg,2919.0
367,0,wssOAckJ,obGcbWvT,2937.0
367,0,zzxlwhdI,wssOAckJ,3758.0
367,0,SEcoeimf,zzxlwhdI,3674.0
367,0,fzmnvqlX,SEcoeimf,4556.0
367,0,RyhuDLev,fzmnvqlX,4556.0
367,0,KnIeolpt,RyhuDLev,5047.0
367,0,GMrJWgHs,KnIeolpt,5047.0
367,0,tTjpyeuP,GMrJWgHs,5135.0
367,0,elxmPCDf,tTjpyeuP,5135.0
367,0,tcbhlVZo,elxmPCDf,5135.0
367,0,HxnLIWQq,tcbhlVZo,5963.0
367,0,wqGWmwVd,HxnLIWQq,6562.0
367,0,ACkvbmee,wqGWmwVd,6566.0
367,0,FtWuEuzF,ACkvbmee,6566.0
367,0,RtTLxXUv,FtWuEuzF,6570.0
367,0,JGydtICe,RtTLxXUv,7346.0
1511,0,vDFCntfg,YvwuVYMF,111.0
1511,0,iEKDTvNf,vDFCntfg,111.0
1511,0,NxbXiMUL,iEKDTvNf,111.0
367,0,OXvlrfnG,iZfXNAue,2873.0
367,0,Uacajbua,wcUGKfLa,1999.0
367,0,ZLCIvgrp,Uacajbua,1999.0
367,0,ucVTqZIB,ZLCIvgrp,1999.0
367,0,FDrhtNjK,ucVTqZIB,1999.0
367,0,YVGWiGkc,FDrhtNjK,1999.0
367,0,CqPWXNIf,YVGWiGkc,1999.0
367,0,iZfXNAue,CqPWXNIf,1999.0
616,0,fElpHioA,TJGhHrvm,634.0
616,0,PaLbQtln,fElpHioA,795.0
616,0,rqBqDfoZ,PaLbQtln,795.0
616,0,yhXmuUeN,rqBqDfoZ,831.0
319,0,zVYhNTdK,yhXmuUeN,1931.0
319,0,EkWBPXmr,zVYhNTdK,1925.0
234,0,xewbkqhz,AHLLTOdf,6051.0
234,0,mklbELhb,xewbkqhz,5978.0
234,0,yhXmuUeN,mklbELhb,5882.0
234,0,BqZQArDi,yhXmuUeN,3114.0
234,0,xbiDwIOu,BqZQArDi,3107.0
234,0,zVYhNTdK,xbiDwIOu,3107.0
234,0,EkWBPXmr,zVYhNTdK,3095.0
234,0,AHLLTOdf,JSZZmOIY,5713.0
319,0,zavSPsgu,YjHuxjDZ,5858.0
319,0,UrQlyWkl,zavSPsgu,5479.0
319,0,mklbELhb,UrQlyWkl,4025.0
319,0,yhXmuUeN,mklbELhb,2244.0
399,0,WPPGaTFA,RupFhEwj,3352.0
399,0,JSZZmOIY,WPPGaTFA,3352.0
399,0,AHLLTOdf,JSZZmOIY,3111.0
399,0,xewbkqhz,AHLLTOdf,2137.0
399,0,mklbELhb,xewbkqhz,2136.0
399,0,yhXmuUeN,mklbELhb,2136.0
399,0,BqZQArDi,yhXmuUeN,1049.0
399,0,xbiDwIOu,BqZQArDi,1049.0
399,0,zVYhNTdK,xbiDwIOu,1049.0
399,0,EkWBPXmr,zVYhNTdK,1049.0
234,0,JSZZmOIY,tBJBJfdu,4593.0
591,0,xQpNdvvD,GigUVtty,2722.0
591,0,VuxSFkGj,xQpNdvvD,2712.0
591,0,SQUoXVXU,VuxSFkGj,2712.0
591,0,tZiWmgTn,SQUoXVXU,2687.0
591,0,JpkWIkgn,tZiWmgTn,2687.0
591,0,gDnuvefz,JpkWIkgn,2687.0
591,0,rqBqDfoZ,gDnuvefz,2687.0
591,0,dkEskUud,rqBqDfoZ,2408.0
591,0,BqZQArDi,dkEskUud,914.0
591,0,zVYhNTdK,BqZQArDi,914.0
591,0,EkWBPXmr,zVYhNTdK,913.0
399,0,tglFZOrp,CcTUkfkl,2990.0
399,0,SqxhBMol,tglFZOrp,2990.0
399,0,vIqdsoZx,SqxhBMol,3293.0
399,0,RupFhEwj,vIqdsoZx,3293.0
319,0,CZfJWCoJ,xfYjeqNM,5519.0
319,0,IdWZOznf,CZfJWCoJ,5519.0
319,0,XGxJlapP,IdWZOznf,5519.0
319,0,YjHuxjDZ,XGxJlapP,5521.0
647,0,bCOJrgoA,qDeoslSZ,524.0
647,0,uTcsgvmK,bCOJrgoA,525.0
647,0,PrdzzRyE,uTcsgvmK,525.0
1744,0,xfYjeqNM,UWSJuCAz,5469.0
319,0,xfYjeqNM,RSPZrGBg,6060.0
399,0,eciAPzhn,zYpZYpOA,2002.0
399,0,tOfkaukv,eciAPzhn,2002.0
399,0,exzjGTVf,tOfkaukv,2002.0
399,0,CcTUkfkl,exzjGTVf,2002.0
234,0,UECnapuN,bWAbaUPC,5542.0
234,0,uVsOstge,UECnapuN,5687.0
234,0,tBJBJfdu,uVsOstge,5647.0
234,0,bWAbaUPC,cEOIeJTR,5930.0
293,0,cEOIeJTR,CfleTooC,2028.0
293,0,bWAbaUPC,cEOIeJTR,2028.0
293,0,qrSNpKDz,bWAbaUPC,1782.0
293,0,UECnapuN,qrSNpKDz,1782.0
293,0,FZYojuVE,UECnapuN,1762.0
293,0,uVsOstge,FZYojuVE,1750.0
293,0,tBJBJfdu,uVsOstge,1678.0
293,0,JSZZmOIY,tBJBJfdu,1141.0
293,0,AHLLTOdf,JSZZmOIY,1140.0
293,0,xewbkqhz,AHLLTOdf,1098.0
293,0,mklbELhb,xewbkqhz,1098.0
293,0,yhXmuUeN,mklbELhb,1074.0
293,0,BqZQArDi,yhXmuUeN,514.0
293,0,xbiDwIOu,BqZQArDi,514.0
293,0,zVYhNTdK,xbiDwIOu,514.0
293,0,EkWBPXmr,zVYhNTdK,509.0
319,0,KMDYeUKg,ARTSSefO,5755.0
319,0,FrlvFFoW,KMDYeUKg,6242.0
319,0,UCIDNTPZ,FrlvFFoW,6229.0
319,0,RSPZrGBg,UCIDNTPZ,6247.0
399,0,CYSggHNR,IkxLwyxa,1153.0
399,0,VhgapMoa,CYSggHNR,1153.0
399,0,dKbqWpcD,VhgapMoa,1153.0
399,0,zYpZYpOA,dKbqWpcD,1153.0
1317,0,PlyJazqR,vrgENeuF,1771.0
319,0,buAeVenh,EBckcZXF,5694.0
319,0,ARTSSefO,buAeVenh,5694.0
319,0,STSGJiIu,TdfMaTlB,5452.0
319,0,vpctkpYQ,STSGJiIu,5452.0
319,0,EBckcZXF,vpctkpYQ,5370.0
234,0,hCxxcqWU,IOcMwGKn,5126.0
234,0,pPReLBCT,hCxxcqWU,5247.0
234,0,gUXxyAlR,pPReLBCT,5965.0
234,0,cEOIeJTR,gUXxyAlR,5965.0
234,0,IOcMwGKn,ybjkPLXB,4896.0
399,0,nJRBvlcT,YmbmpLps,434.0
399,0,IkxLwyxa,nJRBvlcT,726.0
293,0,fjbmYxRB,SzEcLYsf,2594.0
293,0,hCxxcqWU,fjbmYxRB,2594.0
293,0,gUXxyAlR,hCxxcqWU,2671.0
293,0,CfleTooC,gUXxyAlR,3551.0
146,0,WweXYmbm,JODrgTwh,212.0
146,0,RWixPrCB,WweXYmbm,212.0
146,0,zAwPDfkg,RWixPrCB,457.0
146,0,eBAbFKqQ,zAwPDfkg,457.0
146,0,cniBuICf,eBAbFKqQ,457.0
146,0,LPfgjVyT,cniBuICf,457.0
146,0,cPCRxZjy,LPfgjVyT,324.0
146,0,qpacHTVx,cPCRxZjy,324.0
146,0,XFLojCJa,qpacHTVx,324.0
146,0,mHRdWDIt,XFLojCJa,324.0
146,0,NBopaFdP,mHRdWDIt,242.0
146,0,LbKosGpD,NBopaFdP,242.0
146,0,rDSiGFpR,LbKosGpD,242.0
146,0,hxSTJhOz,rDSiGFpR,157.0
146,0,TShNRujB,hxSTJhOz,157.0
146,0,zVYhNTdK,TShNRujB,74.0
146,0,EkWBPXmr,zVYhNTdK,74.0
399,0,JGbfxLUL,KQSHMGnw,324.0
399,0,IjwLXBRx,JGbfxLUL,324.0
399,0,YmbmpLps,IjwLXBRx,324.0
989,0,fjevhefZ,AUBTKFbY,6809.0
989,0,vyQyYYqJ,fjevhefZ,6808.0
989,0,ztLkgYlA,vyQyYYqJ,6776.0
319,0,OPXtWBVk,gqwqEGtD,5199.0
319,0,SvGtXrYj,OPXtWBVk,5137.0
319,0,TdfMaTlB,SvGtXrYj,4986.0
234,0,OAywdpTB,BpAiVnps,4093.0
234,0,ufvngNip,OAywdpTB,4873.0
234,0,ybjkPLXB,ufvngNip,4873.0
357,0,dlzglDFV,yFEIEiOj,889.0
357,0,pZATYgJX,dlzglDFV,889.0
357,0,DkqFSkSd,pZATYgJX,878.0
357,0,bZroqIhX,DkqFSkSd,878.0
591,0,TqlJzItM,adsviABF,3411.0
591,0,IjwLXBRx,TqlJzItM,3415.0
591,0,nJRBvlcT,IjwLXBRx,3337.0
591,0,IkxLwyxa,nJRBvlcT,2865.0
591,0,CYSggHNR,IkxLwyxa,2633.0
591,0,VhgapMoa,CYSggHNR,2635.0
591,0,dKbqWpcD,VhgapMoa,2635.0
591,0,zYpZYpOA,dKbqWpcD,2635.0
591,0,xbeOVhLE,zYpZYpOA,2346.0
591,0,IpBcScgC,xbeOVhLE,2261.0
591,0,aYvzRwqU,IpBcScgC,2261.0
591,0,mVhkAqwx,aYvzRwqU,2261.0
591,0,GigUVtty,mVhkAqwx,2260.0
679,0,goaumTLR,jXeBpcDF,3635.0
679,0,vNMxowJX,goaumTLR,3632.0
679,0,voZaDctr,vNMxowJX,3500.0
679,0,cttUtMNm,voZaDctr,3500.0
465,0,kjxfKqbD,hSRFRBsa,1143.0
465,0,mSXRukCc,kjxfKqbD,1143.0
465,0,PkbhOCMh,mSXRukCc,1143.0
465,0,FFGyTMvJ,PkbhOCMh,1187.0
465,0,eyAJPdep,FFGyTMvJ,1383.0
321,0,mnAVlSWp,LsQRoNsL,317.0
321,0,aLvvGSoW,mnAVlSWp,317.0
321,0,nPkrzCty,aLvvGSoW,386.0
321,0,OPXtWBVk,nPkrzCty,386.0
321,0,SvGtXrYj,OPXtWBVk,386.0
321,0,TdfMaTlB,SvGtXrYj,386.0
321,0,STSGJiIu,TdfMaTlB,266.0
321,0,vpctkpYQ,STSGJiIu,266.0
321,0,EBckcZXF,vpctkpYQ,266.0
321,0,buAeVenh,EBckcZXF,266.0
321,0,ARTSSefO,buAeVenh,266.0
321,0,KMDYeUKg,ARTSSefO,266.0
321,0,FrlvFFoW,KMDYeUKg,266.0
321,0,UCIDNTPZ,FrlvFFoW,266.0
321,0,RSPZrGBg,UCIDNTPZ,266.0
321,0,xfYjeqNM,RSPZrGBg,234.0
321,0,IdWZOznf,xfYjeqNM,234.0
321,0,XGxJlapP,IdWZOznf,234.0
321,0,YjHuxjDZ,XGxJlapP,234.0
321,0,zavSPsgu,YjHuxjDZ,173.0
321,0,UrQlyWkl,zavSPsgu,173.0
321,0,WqMESkMM,UrQlyWkl,108.0
321,0,TKmnSMXw,WqMESkMM,108.0
321,0,zAVZRYih,TKmnSMXw,108.0
321,0,hxSTJhOz,zAVZRYih,92.0
321,0,TShNRujB,hxSTJhOz,92.0
321,0,zVYhNTdK,TShNRujB,41.0
321,0,EkWBPXmr,zVYhNTdK,41.0
989,0,AUBTKFbY,pzcCDVmZ,7368.0
319,0,gqwqEGtD,vSdfqYeK,5454.0
319,0,vSdfqYeK,oBjbzljy,1063.0
357,0,zjQVJpHm,ICtDTIBO,650.0
357,0,RBVPcVzH,zjQVJpHm,650.0
357,0,yXKTuRtI,RBVPcVzH,650.0
357,0,yFEIEiOj,yXKTuRtI,650.0
591,0,LPldZjRa,XMWgellz,3586.0
591,0,adsviABF,LPldZjRa,3420.0
16,0,xGsoSfhX,ozuppJDT,9506.0
16,0,ufvngNip,xGsoSfhX,7346.0
16,0,ybjkPLXB,ufvngNip,7346.0
16,0,IOcMwGKn,ybjkPLXB,6274.0
16,0,hCxxcqWU,IOcMwGKn,6503.0
16,0,gUXxyAlR,hCxxcqWU,6531.0
16,0,cEOIeJTR,gUXxyAlR,5631.0
16,0,bWAbaUPC,cEOIeJTR,5428.0
16,0,UECnapuN,bWAbaUPC,5674.0
16,0,uVsOstge,UECnapuN,5653.0
16,0,tBJBJfdu,uVsOstge,5610.0
16,0,xewbkqhz,tBJBJfdu,6234.0
16,0,mklbELhb,xewbkqhz,6777.0
16,0,yhXmuUeN,mklbELhb,6039.0
591,0,MpPYcjVn,BYVXItej,1395.0
591,0,DewKhksr,MpPYcjVn,1395.0
591,0,vqGhvZJF,DewKhksr,1395.0
591,0,XMWgellz,vqGhvZJF,1308.0
1376,0,cMUNkugJ,dxlyVRvH,348.0
1376,0,DLdtTvFi,cMUNkugJ,349.0
1376,0,vRWSdFEN,DLdtTvFi,1111.0
1376,0,tNTWUPxE,vRWSdFEN,1196.0
1376,0,WPBOglHu,tNTWUPxE,1199.0
1376,0,ftMGYADA,WPBOglHu,1199.0
1376,0,lklhFYFG,ftMGYADA,1206.0
1376,0,laWGsLMv,lklhFYFG,1206.0
1376,0,JYcdyiOK,laWGsLMv,1206.0
1380,0,kueIUJls,XGJiqzLW,382.0
1380,0,LYjhOoFf,kueIUJls,382.0
1380,0,QdWOxWia,LYjhOoFf,674.0
1380,0,gViLrCgA,QdWOxWia,682.0
1380,0,cCSIoIah,gViLrCgA,718.0
1380,0,DLdtTvFi,cCSIoIah,718.0
1380,0,vRWSdFEN,DLdtTvFi,718.0
1380,0,tNTWUPxE,vRWSdFEN,718.0
1380,0,WPBOglHu,tNTWUPxE,718.0
1380,0,ftMGYADA,WPBOglHu,718.0
1380,0,lklhFYFG,ftMGYADA,718.0
1380,0,laWGsLMv,lklhFYFG,715.0
1380,0,tqUAPVAa,laWGsLMv,715.0
1380,0,JYcdyiOK,tqUAPVAa,715.0
1380,0,mTvPylzX,JYcdyiOK,715.0
1380,0,qKDzyFqg,mTvPylzX,715.0
1380,0,mZseJHmU,qKDzyFqg,715.0
1380,0,rClMLArS,mZseJHmU,594.0
1380,0,MHYyLhRG,rClMLArS,594.0
1380,0,CcTUkfkl,MHYyLhRG,556.0
1380,0,tglFZOrp,CcTUkfkl,556.0
1380,0,SqxhBMol,tglFZOrp,533.0
1380,0,vIqdsoZx,SqxhBMol,533.0
1380,0,xkdRvtRu,vIqdsoZx,499.0
1380,0,SjZGieDS,xkdRvtRu,495.0
1380,0,tZiWmgTn,SjZGieDS,377.0
1380,0,gDnuvefz,tZiWmgTn,358.0
1380,0,rqBqDfoZ,gDnuvefz,358.0
1380,0,yhXmuUeN,rqBqDfoZ,280.0
1380,0,BqZQArDi,yhXmuUeN,130.0
1380,0,xbiDwIOu,BqZQArDi,130.0
1380,0,zVYhNTdK,xbiDwIOu,130.0
1380,0,EkWBPXmr,zVYhNTdK,130.0
1506,0,paIawFeA,nIakFMcq,4981.0
1506,0,LYjhOoFf,paIawFeA,5057.0
1506,0,gViLrCgA,LYjhOoFf,6344.0
1506,0,cCSIoIah,gViLrCgA,7472.0
1506,0,DLdtTvFi,cCSIoIah,7505.0
1506,0,vRWSdFEN,DLdtTvFi,7367.0
1506,0,tDDddUJb,vRWSdFEN,8707.0
1506,0,RVGhYAxc,tDDddUJb,9900.0
1506,0,BpAiVnps,RVGhYAxc,9988.0
852,0,mhgPTzcZ,bOiSLYGO,406.0
852,0,WFZVQzrl,mhgPTzcZ,406.0
852,0,GiONHkbf,WFZVQzrl,406.0
852,0,QDIpIlEK,GiONHkbf,406.0
852,0,GpnhEWuy,QDIpIlEK,406.0
852,0,YmkUpvHU,GpnhEWuy,406.0
852,0,GbYxEXTt,YmkUpvHU,406.0
852,0,DOGyniWl,GbYxEXTt,406.0
852,0,fubLBmAl,DOGyniWl,406.0
852,0,zjSAMvDn,fubLBmAl,406.0
852,0,BYsSDXCP,zjSAMvDn,380.0
852,0,WtPVEKaC,BYsSDXCP,376.0
852,0,cniBuICf,WtPVEKaC,310.0
852,0,LPfgjVyT,cniBuICf,310.0
852,0,cPCRxZjy,LPfgjVyT,222.0
852,0,XFLojCJa,cPCRxZjy,222.0
852,0,mHRdWDIt,XFLojCJa,222.0
852,0,NBopaFdP,mHRdWDIt,222.0
852,0,LbKosGpD,NBopaFdP,222.0
852,0,rDSiGFpR,LbKosGpD,222.0
852,0,hxSTJhOz,rDSiGFpR,208.0
852,0,TShNRujB,hxSTJhOz,208.0
852,0,xbiDwIOu,TShNRujB,161.0
852,0,zVYhNTdK,xbiDwIOu,161.0
852,0,EkWBPXmr,zVYhNTdK,161.0
16,0,xQSKBJml,SwLVnWPq,9485.0
16,0,eXTjiXiW,xQSKBJml,9549.0
16,0,UUCrlfWg,eXTjiXiW,9549.0
16,0,YULSfngF,UUCrlfWg,9686.0
16,0,ozuppJDT,YULSfngF,9502.0
1052,0,TimDJQqX,ouHKxPGS,192.0
1052,0,buoLtkoi,TimDJQqX,192.0
1052,0,NEOaVWFJ,buoLtkoi,243.0
1052,0,RBwynnQe,NEOaVWFJ,243.0
1665,0,HFKGyjhH,mkJuKiBe,4549.0
1665,0,wdfUFUDc,HFKGyjhH,4549.0
1665,0,MkXEUCdM,wdfUFUDc,2627.0
1665,0,oiYuCTCe,MkXEUCdM,2627.0
16,0,SwLVnWPq,oiYuCTCe,8476.0
227,0,zjjLSYAp,fGmFhgnx,744.0
227,0,nIakFMcq,zjjLSYAp,744.0
227,0,LYjhOoFf,nIakFMcq,831.0
227,0,QdWOxWia,LYjhOoFf,895.0
227,0,gViLrCgA,QdWOxWia,946.0
227,0,cCSIoIah,gViLrCgA,1199.0
227,0,DLdtTvFi,cCSIoIah,1199.0
227,0,vRWSdFEN,DLdtTvFi,1210.0
227,0,WPBOglHu,vRWSdFEN,1353.0
227,0,ftMGYADA,WPBOglHu,1577.0
227,0,lklhFYFG,ftMGYADA,1577.0
227,0,vNMxowJX,lklhFYFG,1577.0
227,0,pPReLBCT,vNMxowJX,1709.0
1180,0,dAjqsFfg,tJbXQuOE,6789.0
1180,0,vizUtPmY,dAjqsFfg,6789.0
1180,0,QewuHWYk,vizUtPmY,6789.0
1180,0,fytASSfG,QewuHWYk,6531.0
1180,0,kFSxtGUW,fytASSfG,6531.0
1180,0,ULMVzkWs,kFSxtGUW,5626.0
1180,0,ZNjvBYak,ULMVzkWs,5628.0
1180,0,wPeqfEci,ZNjvBYak,5680.0
1180,0,MjMDaXaP,wPeqfEci,5680.0
1180,0,hSdNxZqe,MjMDaXaP,5680.0
227,0,rckblBTM,QpprBOSr,493.0
227,0,fGmFhgnx,rckblBTM,494.0
16,0,rSdxnGDj,otuYkIZd,9091.0
16,0,MkXEUCdM,rSdxnGDj,7848.0
16,0,oiYuCTCe,MkXEUCdM,7883.0
1262,0,jFRqfnFl,gmsNDepi,4070.0
1262,0,ysSWNERo,jFRqfnFl,4095.0
1262,0,lEwLedpG,ysSWNERo,3955.0
1262,0,GtMUYUwJ,lEwLedpG,3653.0
1262,0,lQIpGOTn,GtMUYUwJ,3599.0
1262,0,uhUmvvRs,lQIpGOTn,3591.0
1262,0,svgtEcQx,uhUmvvRs,3943.0
1262,0,HcPkwFHM,svgtEcQx,4137.0
1262,0,KjuJaNsu,HcPkwFHM,4045.0
1262,0,oNyGHMvy,KjuJaNsu,4009.0
1262,0,QdnKSSsO,oNyGHMvy,3994.0
1262,0,vSdfqYeK,QdnKSSsO,4208.0
1050,0,apXGdFyI,kVWIKiQU,341.0
1050,0,RmlHIOuG,apXGdFyI,306.0
1050,0,lyEmHaNr,RmlHIOuG,306.0
1050,0,wzWDodFe,lyEmHaNr,280.0
1050,0,siPRjksc,wzWDodFe,280.0
1050,0,GIlSPhwi,siPRjksc,280.0
1050,0,ZPJGdbAJ,GIlSPhwi,280.0
1050,0,xfbmoJHP,ZPJGdbAJ,280.0
1567,0,ZIPCqImv,ciAbSxQX,4332.0
1567,0,aWNaUdzp,ZIPCqImv,4332.0
1567,0,FCsbIOBe,aWNaUdzp,7027.0
1567,0,wyEQXfIU,FCsbIOBe,7027.0
1567,0,aRKvwhNi,wyEQXfIU,7024.0
1567,0,eyAJPdep,aRKvwhNi,6042.0
1567,0,RCkelXPh,eyAJPdep,5963.0
1677,0,lOYrQfzi,oajqUPaH,3311.0
1677,0,iuewtDUr,lOYrQfzi,3316.0
1677,0,KdEmbmsx,iuewtDUr,3316.0
1677,0,GkYZbgqg,KdEmbmsx,3316.0
1677,0,FlYjxOxQ,GkYZbgqg,1452.0
1677,0,wFSILCzc,FlYjxOxQ,1452.0
1677,0,yQQuLFAg,wFSILCzc,1452.0
1318,0,CoFyQOTC,jnDfAorM,5125.0
1318,0,HMiMHaRv,CoFyQOTC,5125.0
1318,0,kLfGGOkq,HMiMHaRv,5125.0
1318,0,ygVaThfM,kLfGGOkq,5125.0
1318,0,otuYkIZd,ygVaThfM,5146.0
1318,0,rSdxnGDj,otuYkIZd,4922.0
1318,0,MkXEUCdM,rSdxnGDj,4443.0
1318,0,oiYuCTCe,MkXEUCdM,4408.0
1318,0,SwLVnWPq,oiYuCTCe,4703.0
1318,0,xQSKBJml,SwLVnWPq,5959.0
1318,0,eXTjiXiW,xQSKBJml,5895.0
1318,0,UUCrlfWg,eXTjiXiW,5895.0
1318,0,YULSfngF,UUCrlfWg,5758.0
1318,0,xGsoSfhX,YULSfngF,5741.0
1318,0,RVGhYAxc,xGsoSfhX,5840.0
1318,0,BpAiVnps,RVGhYAxc,5670.0
835,0,BGChynOq,gKGqSXsa,13003.0
835,0,ffHVhHJj,BGChynOq,12149.0
835,0,itmFNPnQ,ffHVhHJj,12149.0
835,0,mEEGNlDG,itmFNPnQ,12149.0
835,0,njiqgOWt,mEEGNlDG,12146.0
1567,0,TEKQTTfp,YzXnYVPd,3662.0
1567,0,ciAbSxQX,TEKQTTfp,3584.0
835,0,LpQEBEct,UxgUbJZk,12450.0
835,0,uypYDUnA,LpQEBEct,12450.0
835,0,gKGqSXsa,uypYDUnA,12533.0
1176,0,BdERaXqk,VWFAQayS,2692.0
1176,0,apXGdFyI,BdERaXqk,2692.0
1176,0,RmlHIOuG,apXGdFyI,2580.0
1176,0,gxWRCjNy,RmlHIOuG,2580.0
1176,0,lyEmHaNr,gxWRCjNy,2580.0
1176,0,wzWDodFe,lyEmHaNr,1760.0
1176,0,siPRjksc,wzWDodFe,1760.0
1176,0,SOtvIsgL,siPRjksc,1760.0
866,0,BgNaSNFf,zKrYjMnL,3528.0
866,0,IsieOPvU,BgNaSNFf,3573.0
866,0,UEPelLBG,IsieOPvU,3576.0
866,0,gpKesHQf,UEPelLBG,3576.0
866,0,lyZkKOPR,gpKesHQf,3576.0
866,0,DorRdqSK,lyZkKOPR,3576.0
866,0,cwgbfpqq,DorRdqSK,3576.0
866,0,fMrlznIn,cwgbfpqq,3134.0
866,0,uXKxCjNA,fMrlznIn,3134.0
866,0,bOiSLYGO,uXKxCjNA,3134.0
866,0,mhgPTzcZ,bOiSLYGO,3001.0
866,0,WFZVQzrl,mhgPTzcZ,2711.0
1255,0,rckblBTM,rUKSlFeh,940.0
1255,0,gKoyUmab,rckblBTM,940.0
1255,0,fGmFhgnx,gKoyUmab,940.0
1255,0,XyHfgUxW,fGmFhgnx,1284.0
1255,0,zjjLSYAp,XyHfgUxW,1284.0
1255,0,wrsPDGBQ,zjjLSYAp,1284.0
1255,0,UtwZFZsx,wrsPDGBQ,2203.0
1255,0,QsteKrle,UtwZFZsx,2203.0
1255,0,vqGhvZJF,QsteKrle,2203.0
1340,0,PhjcDdmq,ogOCBKAf,4694.0
1340,0,bHagonKv,PhjcDdmq,4723.0
1340,0,XiLvnZTk,bHagonKv,4728.0
1340,0,FStgRiBS,XiLvnZTk,4788.0
1340,0,GkYZbgqg,FStgRiBS,4788.0
1340,0,wFSILCzc,GkYZbgqg,4790.0
1340,0,yQQuLFAg,wFSILCzc,4922.0
1340,0,rckblBTM,yQQuLFAg,6406.0
1340,0,fGmFhgnx,rckblBTM,6430.0
1340,0,XyHfgUxW,fGmFhgnx,6642.0
1340,0,zjjLSYAp,XyHfgUxW,6663.0
1340,0,nIakFMcq,zjjLSYAp,6616.0
1340,0,yAgyFeHo,nIakFMcq,5210.0
1340,0,QdWOxWia,yAgyFeHo,4606.0
1340,0,gViLrCgA,QdWOxWia,4602.0
1340,0,cCSIoIah,gViLrCgA,4366.0
1340,0,DLdtTvFi,cCSIoIah,4366.0
1340,0,vRWSdFEN,DLdtTvFi,3676.0
1340,0,tDDddUJb,vRWSdFEN,3561.0
1340,0,RVGhYAxc,tDDddUJb,3561.0
1340,0,BpAiVnps,RVGhYAxc,2985.0
1226,0,JLvNOQnl,NmRushck,12228.0
1226,0,BGChynOq,JLvNOQnl,12452.0
1226,0,ffHVhHJj,BGChynOq,11863.0
1226,0,itmFNPnQ,ffHVhHJj,11863.0
1226,0,jVOVHrFU,itmFNPnQ,11863.0
16,0,CEZTRnUo,qflzswAf,6683.0
16,0,funWfCdm,CEZTRnUo,6683.0
16,0,rnFrOJMw,funWfCdm,6683.0
16,0,MklhhYCQ,rnFrOJMw,6686.0
16,0,MnTeelLR,MklhhYCQ,8411.0
16,0,XnPpfSyF,MnTeelLR,11607.0
16,0,otuYkIZd,XnPpfSyF,11589.0
750,0,CMzYUzyh,SrmEoNnE,1943.0
750,0,CJTVPZbh,CMzYUzyh,1943.0
750,0,DLAIfXxc,CJTVPZbh,2041.0
750,0,lyEmHaNr,DLAIfXxc,2327.0
750,0,wzWDodFe,lyEmHaNr,2143.0
750,0,siPRjksc,wzWDodFe,2143.0
750,0,SOtvIsgL,siPRjksc,2143.0
750,0,GIlSPhwi,SOtvIsgL,2143.0
750,0,ZPJGdbAJ,GIlSPhwi,2143.0
750,0,xfbmoJHP,ZPJGdbAJ,2138.0
1030,0,agMXkLfj,PyGiRErs,8181.0
1030,0,qflzswAf,agMXkLfj,8181.0
1591,0,urhYpysk,TGjXCzny,600.0
1591,0,eYYHcaFH,urhYpysk,610.0
1591,0,aGRhAFxn,eYYHcaFH,610.0
1591,0,YzXnYVPd,aGRhAFxn,128.0
1591,0,TEKQTTfp,YzXnYVPd,105.0
1591,0,ciAbSxQX,TEKQTTfp,102.0
1591,0,ZIPCqImv,ciAbSxQX,86.0
1591,0,aWNaUdzp,ZIPCqImv,86.0
1591,0,FCsbIOBe,aWNaUdzp,65.0
1591,0,wyEQXfIU,FCsbIOBe,65.0
1591,0,gGjwcdJB,wyEQXfIU,65.0
633,0,CcjcuryA,Vlipnutt,994.0
633,0,yQQuLFAg,CcjcuryA,998.0
633,0,rckblBTM,yQQuLFAg,1111.0
633,0,fGmFhgnx,rckblBTM,1113.0
633,0,zjjLSYAp,fGmFhgnx,1158.0
633,0,wrsPDGBQ,zjjLSYAp,1158.0
633,0,QsteKrle,wrsPDGBQ,1227.0
633,0,XMWgellz,QsteKrle,1227.0
633,0,EmkugZPX,XMWgellz,2300.0
633,0,lmZJehpq,EmkugZPX,2341.0
633,0,WPBOglHu,lmZJehpq,2341.0
633,0,ftMGYADA,WPBOglHu,2117.0
633,0,lklhFYFG,ftMGYADA,2117.0
633,0,rDcmNjNB,lklhFYFG,2104.0
633,0,pPReLBCT,rDcmNjNB,2104.0
1567,0,MhxjGQjy,mhYSfvAq,4517.0
1567,0,EhUxMFuQ,MhxjGQjy,4517.0
1567,0,HZcfHzwe,EhUxMFuQ,4622.0
1567,0,KcDUQTDz,HZcfHzwe,4543.0
1567,0,qoWOoICL,KcDUQTDz,4543.0
1567,0,FwybjYQK,qoWOoICL,4543.0
1567,0,ZuDlysuz,FwybjYQK,4500.0
1567,0,IkwHYYuh,ZuDlysuz,4479.0
1567,0,YzXnYVPd,IkwHYYuh,4109.0
1664,0,JeEnofCX,mvZTxord,966.0
1664,0,jnDfAorM,JeEnofCX,966.0
1530,0,ojqTFFWy,kVeKzKrW,308.0
1649,0,OOwDmsWF,TCeiTEZh,305.0
1649,0,RjRljmKl,OOwDmsWF,305.0
1649,0,QRWCUyXY,RjRljmKl,305.0
1649,0,bGxnPBxb,QRWCUyXY,301.0
1649,0,mvgVyONe,bGxnPBxb,301.0
1649,0,YlcUcHmr,mvgVyONe,301.0
1649,0,puuUveiG,YlcUcHmr,301.0
1649,0,CGfCHyje,puuUveiG,301.0
1649,0,qflzswAf,CGfCHyje,287.0
1125,0,SPorkGXj,XsvFZXJo,2971.0
1125,0,IJbUVGLH,SPorkGXj,2987.0
1125,0,ZqOseExI,IJbUVGLH,2987.0
1125,0,FdBCLyPI,ZqOseExI,2970.0
1125,0,XuFnwsQn,FdBCLyPI,2970.0
1125,0,CrOFTJlw,XuFnwsQn,2970.0
1125,0,PyGiRErs,CrOFTJlw,2728.0
1125,0,qflzswAf,PyGiRErs,2126.0
1408,0,SUVVzOYC,cThdGxLv,257.0
1408,0,dAxtDTje,SUVVzOYC,979.0
1408,0,aunBMooM,dAxtDTje,979.0
1408,0,KGIBfEut,aunBMooM,979.0
1408,0,kiTgZeoH,KGIBfEut,979.0
1408,0,eLmJkuZC,kiTgZeoH,1131.0
1408,0,UgzfanVk,eLmJkuZC,1131.0
1567,0,mhYSfvAq,UgzfanVk,795.0
1075,0,UvdLYolu,TIlepZYr,1459.0
1075,0,ZFKsyBay,UvdLYolu,1459.0
1075,0,suvDbtPR,ZFKsyBay,1531.0
1075,0,clVXMHJf,suvDbtPR,933.0
1075,0,UXEWVZzP,clVXMHJf,933.0
1075,0,MlYFoaez,UXEWVZzP,857.0
1075,0,XeinAhyy,MlYFoaez,854.0
1075,0,pGpZhRvq,XeinAhyy,854.0
1075,0,alaJPSTW,pGpZhRvq,854.0
1075,0,ngNzeSzC,alaJPSTW,854.0
1075,0,PHuvYJrP,ngNzeSzC,854.0
1075,0,FoxIDeQY,PHuvYJrP,854.0
1075,0,dZoxKDmD,FoxIDeQY,812.0
1075,0,ZOuLYtJj,dZoxKDmD,812.0
1075,0,SGnJOquj,ZOuLYtJj,812.0
1075,0,ogOCBKAf,SGnJOquj,791.0
400,0,ZOuLYtJj,dZoxKDmD,2740.0
400,0,dWLNxRJP,ZOuLYtJj,2740.0
400,0,ogOCBKAf,dWLNxRJP,2111.0
1019,0,yKgFraCR,obftSQtS,2857.0
1019,0,LIDMLZkw,yKgFraCR,2860.0
1019,0,JEpPbBSc,LIDMLZkw,2860.0
1019,0,YkNJvTAu,JEpPbBSc,2854.0
1019,0,TIlepZYr,YkNJvTAu,2762.0
1019,0,BmQLYaPd,TIlepZYr,2751.0
1019,0,UvdLYolu,BmQLYaPd,2751.0
1019,0,ZFKsyBay,UvdLYolu,2751.0
1019,0,suvDbtPR,ZFKsyBay,2743.0
1019,0,clVXMHJf,suvDbtPR,615.0
1019,0,UXEWVZzP,clVXMHJf,615.0
1019,0,MlYFoaez,UXEWVZzP,613.0
1019,0,XeinAhyy,MlYFoaez,611.0
1019,0,pGpZhRvq,XeinAhyy,611.0
1019,0,alaJPSTW,pGpZhRvq,611.0
1019,0,ngNzeSzC,alaJPSTW,611.0
1019,0,PHuvYJrP,ngNzeSzC,611.0
1019,0,FoxIDeQY,PHuvYJrP,611.0
1019,0,dZoxKDmD,FoxIDeQY,611.0
1019,0,ZOuLYtJj,dZoxKDmD,611.0
1019,0,SGnJOquj,ZOuLYtJj,611.0
1019,0,vacPrbQA,SGnJOquj,610.0
633,0,bHagonKv,vacPrbQA,980.0
633,0,Vlipnutt,bHagonKv,980.0
1030,0,ixhHdGBo,aaeLLxLj,4423.0
1030,0,spVkBMtX,ixhHdGBo,4773.0
1030,0,uuLXjUrY,spVkBMtX,4773.0
1030,0,ekoOPpVq,uuLXjUrY,4773.0
1030,0,rljVoTvk,ekoOPpVq,4822.0
1030,0,gxidCspv,rljVoTvk,4822.0
1030,0,wRTYbalx,gxidCspv,5666.0
1030,0,DHkaGHFf,wRTYbalx,5666.0
1030,0,FdBCLyPI,DHkaGHFf,5503.0
1030,0,CrOFTJlw,FdBCLyPI,5511.0
1030,0,PyGiRErs,CrOFTJlw,5046.0
750,0,eViNbjWB,MtbBZIqI,147.0
750,0,euIYYdlw,eViNbjWB,150.0
750,0,xRMPpTGi,euIYYdlw,150.0
750,0,MLYhGOjG,xRMPpTGi,150.0
750,0,lWnrzrzW,MLYhGOjG,150.0
750,0,zrFdTehz,lWnrzrzW,150.0
750,0,xHyAtnfx,zrFdTehz,150.0
750,0,qUWcqGRU,xHyAtnfx,149.0
750,0,kOVxiGFe,qUWcqGRU,193.0
750,0,WeqAZPal,kOVxiGFe,193.0
750,0,mfgtosUp,WeqAZPal,193.0
750,0,rDRMBgEM,mfgtosUp,193.0
750,0,GrxyFhrL,rDRMBgEM,193.0
750,0,oQxUwlRM,GrxyFhrL,652.0
750,0,pbsOcZdr,oQxUwlRM,652.0
750,0,eIGUaObZ,pbsOcZdr,674.0
750,0,EvlCTWAM,eIGUaObZ,674.0
750,0,BjpwENcr,EvlCTWAM,674.0
750,0,PYFpJmOq,BjpwENcr,692.0
750,0,sWjnuVdS,PYFpJmOq,684.0
750,0,UsVsFgoS,sWjnuVdS,684.0
750,0,IxqYybMf,UsVsFgoS,682.0
750,0,ZZxaTLmM,IxqYybMf,682.0
750,0,lgdUBlCD,ZZxaTLmM,670.0
750,0,jlZHvhwS,lgdUBlCD,670.0
750,0,SrmEoNnE,jlZHvhwS,691.0
1244,0,peBgOXli,yAqyhWkU,1626.0
1244,0,KnWWIWQx,peBgOXli,1653.0
1244,0,OwpcAtJV,KnWWIWQx,1653.0
1244,0,XVbubuGa,OwpcAtJV,2703.0
1244,0,CzqgXocH,XVbubuGa,2703.0
1244,0,nsjiKPCz,CzqgXocH,2703.0
1244,0,vfdAIPGv,nsjiKPCz,2725.0
1244,0,ubZrQMid,vfdAIPGv,3991.0
573,0,hxSTJhOz,rDSiGFpR,824.0
573,0,TShNRujB,hxSTJhOz,826.0
573,0,xbiDwIOu,TShNRujB,1209.0
573,0,zVYhNTdK,xbiDwIOu,1209.0
573,0,nprusgCY,zVYhNTdK,1209.0
573,0,LTDgdyOW,nprusgCY,1221.0
989,0,WdOwNGhj,xfbmoJHP,4493.0
989,0,kKKRBhFF,WdOwNGhj,4497.0
989,0,NFInfBeu,kKKRBhFF,4924.0
989,0,VCQdmIoF,NFInfBeu,4924.0
989,0,ePrpofUw,VCQdmIoF,4924.0
989,0,KcvPUxQg,ePrpofUw,6068.0
989,0,BlnSxBAr,KcvPUxQg,6182.0
989,0,TCBUGaZf,BlnSxBAr,7165.0
989,0,pzcCDVmZ,TCBUGaZf,7454.0
989,0,duRJdiSr,FcOkCcps,3093.0
989,0,uiYVYPQX,duRJdiSr,2987.0
989,0,ozAxYCwR,uiYVYPQX,637.0
706,0,UtwZFZsx,wrsPDGBQ,1977.0
706,0,QsteKrle,UtwZFZsx,1977.0
706,0,XMWgellz,QsteKrle,1980.0
706,0,LPldZjRa,XMWgellz,2063.0
706,0,adsviABF,LPldZjRa,2063.0
706,0,TqlJzItM,adsviABF,1701.0
706,0,IjwLXBRx,TqlJzItM,1650.0
706,0,nJRBvlcT,IjwLXBRx,1646.0
706,0,IkxLwyxa,nJRBvlcT,1414.0
706,0,CYSggHNR,IkxLwyxa,1241.0
706,0,VhgapMoa,CYSggHNR,1241.0
706,0,dKbqWpcD,VhgapMoa,1241.0
706,0,zYpZYpOA,dKbqWpcD,1241.0
706,0,xbeOVhLE,zYpZYpOA,1003.0
706,0,IpBcScgC,xbeOVhLE,993.0
706,0,aYvzRwqU,IpBcScgC,993.0
706,0,mVhkAqwx,aYvzRwqU,993.0
706,0,GigUVtty,mVhkAqwx,976.0
706,0,bvSKVAYv,GigUVtty,883.0
706,0,eJHaFiJU,bvSKVAYv,753.0
706,0,uAAdoXdO,eJHaFiJU,753.0
706,0,Qsigtmbx,uAAdoXdO,753.0
706,0,XGiaFBsp,Qsigtmbx,753.0
706,0,duRJdiSr,XGiaFBsp,753.0
706,0,iGTcFnmF,yQQuLFAg,429.0
706,0,rckblBTM,iGTcFnmF,432.0
706,0,fGmFhgnx,rckblBTM,449.0
706,0,XyHfgUxW,fGmFhgnx,1228.0
706,0,zjjLSYAp,XyHfgUxW,1244.0
706,0,wrsPDGBQ,zjjLSYAp,1244.0
573,0,inRETCYL,LTDgdyOW,1214.0
658,0,CbblRkaH,agmUQnfF,160.0
658,0,BldTZUAI,CbblRkaH,160.0
658,0,nBYHMnkU,BldTZUAI,160.0
658,0,XfoHenDx,nBYHMnkU,160.0
658,0,iCFxwoUV,XfoHenDx,161.0
658,0,WRCkhCoY,iCFxwoUV,161.0
658,0,gsCFEnid,WRCkhCoY,161.0
658,0,mtKVLjly,gsCFEnid,227.0
658,0,HbnURplu,mtKVLjly,227.0
658,0,IXwVPQjX,HbnURplu,227.0
658,0,TNbojCJf,IXwVPQjX,143.0
658,0,tGqVborR,TNbojCJf,143.0
658,0,vJbDLuoa,tGqVborR,143.0
658,0,uBBTYLuy,vJbDLuoa,125.0
658,0,FJLNitGY,uBBTYLuy,125.0
658,0,peBgOXli,FJLNitGY,125.0
658,0,KnWWIWQx,peBgOXli,123.0
658,0,bRAzuzSs,KnWWIWQx,123.0
658,0,OwpcAtJV,bRAzuzSs,123.0
658,0,XVbubuGa,OwpcAtJV,66.0
658,0,iuOUwLky,XVbubuGa,66.0
658,0,nZnozRfz,iuOUwLky,66.0
658,0,jeadfqyj,nZnozRfz,66.0
658,0,vspNPtqb,jeadfqyj,7.0
941,0,avmqjzBH,aYSNYmnY,2834.0
941,0,jEVQeNyS,avmqjzBH,3099.0
941,0,HeRuYpNs,jEVQeNyS,3099.0
941,0,qRJySzaf,HeRuYpNs,2598.0
941,0,LTfflVxG,qRJySzaf,2598.0
941,0,AhWKwjTz,LTfflVxG,1599.0
941,0,VEiYdotb,AhWKwjTz,1548.0
941,0,DgYBMgPg,VEiYdotb,1548.0
941,0,yjQwxGED,DgYBMgPg,1149.0
941,0,KPcRWbGT,yjQwxGED,1149.0
941,0,uGRyXcfW,KPcRWbGT,1149.0
941,0,HlhFjJtZ,uGRyXcfW,1159.0
941,0,ALhaazBT,HlhFjJtZ,1159.0
711,0,nJRBvlcT,IjwLXBRx,1764.0
711,0,IkxLwyxa,nJRBvlcT,1730.0
711,0,CYSggHNR,IkxLwyxa,2237.0
711,0,VhgapMoa,CYSggHNR,2237.0
711,0,dKbqWpcD,VhgapMoa,2237.0
711,0,zYpZYpOA,dKbqWpcD,2237.0
711,0,xbeOVhLE,zYpZYpOA,2909.0
711,0,IpBcScgC,xbeOVhLE,2954.0
711,0,aYvzRwqU,IpBcScgC,2954.0
711,0,mVhkAqwx,aYvzRwqU,2954.0
711,0,GigUVtty,mVhkAqwx,2932.0
711,0,xQpNdvvD,GigUVtty,2299.0
711,0,bvSKVAYv,xQpNdvvD,2299.0
711,0,eJHaFiJU,bvSKVAYv,4143.0
711,0,uAAdoXdO,eJHaFiJU,4143.0
711,0,Qsigtmbx,uAAdoXdO,4143.0
711,0,XGiaFBsp,Qsigtmbx,4143.0
711,0,duRJdiSr,XGiaFBsp,4141.0
1180,0,PhjcDdmq,vacPrbQA,9329.0
1180,0,bHagonKv,PhjcDdmq,9240.0
1180,0,Vlipnutt,bHagonKv,9280.0
1180,0,XiLvnZTk,Vlipnutt,9291.0
1180,0,FStgRiBS,XiLvnZTk,9293.0
1180,0,GkYZbgqg,FStgRiBS,9295.0
1180,0,FlYjxOxQ,GkYZbgqg,8802.0
1180,0,wFSILCzc,FlYjxOxQ,8802.0
1180,0,iMjvswBX,wFSILCzc,6889.0
1180,0,CpULuhdq,iMjvswBX,6914.0
1180,0,tJbXQuOE,CpULuhdq,6914.0
584,0,TsaeiIGv,EkWBPXmr,1700.0
584,0,OsBkWRQx,TsaeiIGv,3343.0
584,0,TlwaKrQx,OsBkWRQx,3343.0
584,0,udlIzhJE,TlwaKrQx,3343.0
711,0,uiYVYPQX,duRJdiSr,4140.0
177,0,gdbAGAQU,JvDZYJph,3027.0
177,0,ANpclgWP,gdbAGAQU,3027.0
177,0,LWqTSxPr,ANpclgWP,3027.0
177,0,tBgOcvQf,LWqTSxPr,3027.0
1414,0,FDCDnriY,ydoNqUsu,129.0
1414,0,DCdKJxNH,FDCDnriY,129.0
1414,0,DsuTXcIa,DCdKJxNH,129.0
1414,0,bgWfLree,DsuTXcIa,133.0
1414,0,nUYnioIh,bgWfLree,133.0
1414,0,mVhkAqwx,nUYnioIh,133.0
1414,0,GigUVtty,mVhkAqwx,133.0
1414,0,eJHaFiJU,GigUVtty,134.0
1414,0,uAAdoXdO,eJHaFiJU,134.0
1414,0,XGiaFBsp,uAAdoXdO,134.0
1414,0,uiYVYPQX,XGiaFBsp,134.0
1414,0,wihERHzN,uiYVYPQX,116.0
1414,0,jiaBsTdI,wihERHzN,56.0
1414,0,iVtHnErr,jiaBsTdI,56.0
1414,0,nsjiKPCz,iVtHnErr,56.0
1414,0,vfdAIPGv,nsjiKPCz,56.0
177,0,PUIIuxlM,BGAyznqC,2780.0
177,0,bEuFbYIx,PUIIuxlM,2949.0
177,0,saruwlzc,bEuFbYIx,2935.0
177,0,kEQqRNXv,saruwlzc,2935.0
177,0,JvDZYJph,kEQqRNXv,3299.0
1071,0,NCSBLEus,AJLJQqsT,1538.0
1071,0,xfbmoJHP,NCSBLEus,1532.0
1071,0,WdOwNGhj,xfbmoJHP,794.0
1071,0,kKKRBhFF,WdOwNGhj,718.0
1071,0,NFInfBeu,kKKRBhFF,714.0
1071,0,VCQdmIoF,NFInfBeu,714.0
1071,0,ePrpofUw,VCQdmIoF,714.0
1071,0,KcvPUxQg,ePrpofUw,712.0
1071,0,BlnSxBAr,KcvPUxQg,712.0
1071,0,TCBUGaZf,BlnSxBAr,707.0
1071,0,pzcCDVmZ,TCBUGaZf,451.0
1071,0,AUBTKFbY,pzcCDVmZ,451.0
1071,0,fjevhefZ,AUBTKFbY,372.0
1071,0,vyQyYYqJ,fjevhefZ,372.0
1071,0,ztLkgYlA,vyQyYYqJ,372.0
1071,0,IvQQZbJW,ztLkgYlA,275.0
1071,0,yaKWBgLg,IvQQZbJW,275.0
1071,0,lkujKSJT,yaKWBgLg,275.0
1071,0,twMezfOU,lkujKSJT,272.0
1071,0,OyJKKata,twMezfOU,268.0
1071,0,FcOkCcps,OyJKKata,259.0
129,0,WdOwNGhj,xfbmoJHP,1401.0
129,0,kKKRBhFF,WdOwNGhj,1194.0
129,0,NFInfBeu,kKKRBhFF,1194.0
129,0,VCQdmIoF,NFInfBeu,1194.0
129,0,ePrpofUw,VCQdmIoF,1194.0
129,0,KcvPUxQg,ePrpofUw,1194.0
129,0,BlnSxBAr,KcvPUxQg,1194.0
129,0,TCBUGaZf,BlnSxBAr,1194.0
1245,0,mgTKojDA,drmArhka,2377.0
1245,0,TsaeiIGv,mgTKojDA,2377.0
1245,0,OsBkWRQx,TsaeiIGv,3327.0
1245,0,udlIzhJE,OsBkWRQx,3190.0
578,0,zAVZRYih,yLSAaTAd,133.0
578,0,hxSTJhOz,zAVZRYih,134.0
578,0,TShNRujB,hxSTJhOz,134.0
578,0,KqLiJxJl,TShNRujB,134.0
578,0,TsaeiIGv,KqLiJxJl,134.0
578,0,OsBkWRQx,TsaeiIGv,119.0
578,0,udlIzhJE,OsBkWRQx,119.0
16,0,KqLiJxJl,TShNRujB,4933.0
16,0,TsaeiIGv,KqLiJxJl,5174.0
16,0,OsBkWRQx,TsaeiIGv,7391.0
16,0,udlIzhJE,OsBkWRQx,7483.0
16,0,TShNRujB,yhXmuUeN,5447.0
1414,0,FGvzNZYi,DYKvrufv,91.0
1414,0,ydoNqUsu,FGvzNZYi,91.0
706,0,uiYVYPQX,duRJdiSr,746.0
584,0,DeduXMzE,udlIzhJE,3666.0
573,0,XEuSRnsw,inRETCYL,1216.0
584,0,GXHjZCTL,DeduXMzE,3638.0
584,0,yolIeCeg,GXHjZCTL,3638.0
584,0,ozAxYCwR,yolIeCeg,3640.0
584,0,qdrjbHYS,ozAxYCwR,3011.0
573,0,yolIeCeg,XEuSRnsw,1196.0
573,0,zGyJMIkT,yolIeCeg,1177.0
990,0,qdrjbHYS,ozAxYCwR,1192.0
482,0,XVbubuGa,OwpcAtJV,4292.0
482,0,iuOUwLky,XVbubuGa,4292.0
482,0,nZnozRfz,iuOUwLky,4294.0
482,0,jeadfqyj,nZnozRfz,4294.0
482,0,qdrjbHYS,jeadfqyj,4294.0
482,0,peBgOXli,yAqyhWkU,2771.0
482,0,KnWWIWQx,peBgOXli,2771.0
482,0,OwpcAtJV,KnWWIWQx,2771.0
482,0,TAifzqok,RkbXqAIs,1733.0
482,0,wWcBzuvM,TAifzqok,1746.0
482,0,GcGOdrPa,wWcBzuvM,1746.0
482,0,yAqyhWkU,GcGOdrPa,1746.0
482,0,RkbXqAIs,MTAZIXBL,1617.0
482,0,jqriedgy,EkCoFwMY,834.0
482,0,MTAZIXBL,jqriedgy,834.0
482,0,QRSRIbba,leJfirnk,827.0
482,0,EkCoFwMY,QRSRIbba,827.0
177,0,hTaJTejf,XjSQdTLS,2730.0
177,0,AvILYntX,hTaJTejf,2730.0
177,0,BGAyznqC,AvILYntX,2759.0
482,0,wuyFtExA,EtvjcvTp,570.0
482,0,MrybjzSo,wuyFtExA,570.0
482,0,leJfirnk,MrybjzSo,570.0
985,0,ERIWLSEl,lotPPedu,1327.0
985,0,qsoLaWuJ,ERIWLSEl,1327.0
985,0,WSBJbplj,qsoLaWuJ,1329.0
985,0,THUDGZDu,WSBJbplj,1329.0
985,0,XUEgpuYS,THUDGZDu,1293.0
985,0,lXZmsBCe,XUEgpuYS,1040.0
985,0,oftwwzSy,lXZmsBCe,1040.0
985,0,CKNrjFUU,oftwwzSy,1040.0
985,0,EtvjcvTp,CKNrjFUU,1040.0
985,0,wuyFtExA,EtvjcvTp,730.0
985,0,MrybjzSo,wuyFtExA,730.0
985,0,leJfirnk,MrybjzSo,594.0
985,0,QRSRIbba,leJfirnk,594.0
985,0,EkCoFwMY,QRSRIbba,594.0
985,0,jqriedgy,EkCoFwMY,594.0
985,0,MTAZIXBL,jqriedgy,594.0
985,0,RkbXqAIs,MTAZIXBL,506.0
985,0,TAifzqok,RkbXqAIs,487.0
985,0,wWcBzuvM,TAifzqok,487.0
985,0,GcGOdrPa,wWcBzuvM,487.0
985,0,yAqyhWkU,GcGOdrPa,487.0
985,0,peBgOXli,yAqyhWkU,292.0
985,0,KnWWIWQx,peBgOXli,292.0
985,0,bRAzuzSs,KnWWIWQx,292.0
985,0,OwpcAtJV,bRAzuzSs,292.0
985,0,XVbubuGa,OwpcAtJV,241.0
985,0,iuOUwLky,XVbubuGa,241.0
985,0,nZnozRfz,iuOUwLky,241.0
985,0,jeadfqyj,nZnozRfz,241.0
170,0,EIcIoHUO,DULwephN,941.0
170,0,JYRWJgVB,EIcIoHUO,941.0
170,0,CFztBFJQ,JYRWJgVB,941.0
170,0,FCeDiZsN,CFztBFJQ,828.0
486,0,PYzwbgep,cZBPdCTc,1460.0
486,0,wtyUxRkq,PYzwbgep,1460.0
486,0,VXthmpcS,wtyUxRkq,1460.0
486,0,XUEgpuYS,VXthmpcS,1337.0
486,0,lXZmsBCe,XUEgpuYS,1337.0
486,0,oftwwzSy,lXZmsBCe,1337.0
486,0,CKNrjFUU,oftwwzSy,1337.0
486,0,EtvjcvTp,CKNrjFUU,1332.0
486,0,wuyFtExA,EtvjcvTp,743.0
486,0,MrybjzSo,wuyFtExA,743.0
486,0,leJfirnk,MrybjzSo,743.0
486,0,QRSRIbba,leJfirnk,743.0
486,0,EkCoFwMY,QRSRIbba,743.0
486,0,jqriedgy,EkCoFwMY,743.0
486,0,MTAZIXBL,jqriedgy,743.0
486,0,RkbXqAIs,MTAZIXBL,704.0
486,0,TAifzqok,RkbXqAIs,697.0
486,0,wWcBzuvM,TAifzqok,697.0
486,0,GcGOdrPa,wWcBzuvM,697.0
486,0,yAqyhWkU,GcGOdrPa,697.0
486,0,peBgOXli,yAqyhWkU,449.0
486,0,KnWWIWQx,peBgOXli,449.0
486,0,bRAzuzSs,KnWWIWQx,449.0
486,0,OwpcAtJV,bRAzuzSs,449.0
486,0,XVbubuGa,OwpcAtJV,364.0
486,0,iuOUwLky,XVbubuGa,364.0
486,0,jeadfqyj,iuOUwLky,364.0
486,0,duRJdiSr,jeadfqyj,212.0
985,0,lotPPedu,nBYHMnkU,986.0
596,0,lotPPedu,nBYHMnkU,201.0
596,0,ERIWLSEl,lotPPedu,160.0
596,0,qsoLaWuJ,ERIWLSEl,160.0
596,0,WSBJbplj,qsoLaWuJ,160.0
596,0,THUDGZDu,WSBJbplj,160.0
596,0,XUEgpuYS,THUDGZDu,160.0
596,0,lXZmsBCe,XUEgpuYS,131.0
596,0,oftwwzSy,lXZmsBCe,131.0
596,0,CKNrjFUU,oftwwzSy,131.0
596,0,EtvjcvTp,CKNrjFUU,131.0
596,0,wuyFtExA,EtvjcvTp,88.0
596,0,MrybjzSo,wuyFtExA,88.0
596,0,leJfirnk,MrybjzSo,65.0
596,0,QRSRIbba,leJfirnk,65.0
596,0,EkCoFwMY,QRSRIbba,65.0
596,0,jqriedgy,EkCoFwMY,65.0
596,0,MTAZIXBL,jqriedgy,65.0
596,0,RkbXqAIs,MTAZIXBL,47.0
596,0,TAifzqok,RkbXqAIs,45.0
596,0,wWcBzuvM,TAifzqok,45.0
596,0,GcGOdrPa,wWcBzuvM,45.0
596,0,yAqyhWkU,GcGOdrPa,45.0
596,0,peBgOXli,yAqyhWkU,23.0
596,0,KnWWIWQx,peBgOXli,23.0
596,0,OwpcAtJV,KnWWIWQx,23.0
596,0,XVbubuGa,OwpcAtJV,21.0
596,0,iuOUwLky,XVbubuGa,21.0
596,0,nZnozRfz,iuOUwLky,21.0
596,0,duRJdiSr,nZnozRfz,21.0
486,0,PeYVqHeF,DJkAcxlA,893.0
486,0,cRLBVFvQ,PeYVqHeF,893.0
486,0,DacXSoOC,cRLBVFvQ,893.0
486,0,vTErLEZz,DacXSoOC,893.0
486,0,cZBPdCTc,vTErLEZz,900.0
486,0,hZxMsAHQ,WgelRheP,632.0
486,0,DJkAcxlA,hZxMsAHQ,632.0
1047,0,duRJdiSr,FcOkCcps,30.0
1047,0,uiYVYPQX,duRJdiSr,30.0
1071,0,nLuZmKFz,UlmLxwtK,2143.0
1071,0,nJRQzVZQ,nLuZmKFz,2143.0
1071,0,xunvufHj,nJRQzVZQ,1797.0
1071,0,rxrORjnb,xunvufHj,1797.0
1071,0,UVDfwOgc,rxrORjnb,1790.0
1071,0,TJDsQDoO,UVDfwOgc,1723.0
1071,0,yTictHOU,TJDsQDoO,1720.0
1071,0,illGQStO,yTictHOU,1684.0
1071,0,AUrIxxcC,illGQStO,1584.0
1071,0,zqZasXpA,AUrIxxcC,1584.0
1071,0,EYGEAZtD,zqZasXpA,1584.0
1071,0,AJLJQqsT,EYGEAZtD,1584.0
1071,0,duRJdiSr,FcOkCcps,252.0
1071,0,uiYVYPQX,duRJdiSr,240.0
1071,0,PfZAlPvE,NfMyQHAw,2127.0
1071,0,UlmLxwtK,PfZAlPvE,2127.0
1071,0,YcVwXeam,BmBzVYhd,2039.0
1071,0,DDFCohxX,YcVwXeam,2039.0
1071,0,NfMyQHAw,DDFCohxX,2039.0
523,0,TShNRujB,hxSTJhOz,4275.0
523,0,JJRlkmgp,TShNRujB,5558.0
523,0,KRQMLlbw,JJRlkmgp,5617.0
523,0,MURlCahD,KRQMLlbw,5617.0
523,0,znFDupZg,MURlCahD,5617.0
523,0,osddylgA,znFDupZg,5619.0
523,0,uiYVYPQX,osddylgA,5619.0
523,0,hxSTJhOz,rDSiGFpR,4128.0
573,0,DRkcXziO,ppabfQGz,69.0
573,0,fTOPrrgc,DRkcXziO,69.0
573,0,XPasGtVj,fTOPrrgc,69.0
573,0,VMviwLNE,XPasGtVj,69.0
573,0,BxuxHloR,VMviwLNE,69.0
573,0,gFAsBeQM,BxuxHloR,69.0
523,0,rDSiGFpR,gFAsBeQM,1536.0
523,0,mYoRZvtc,RFaTWaew,1400.0
523,0,NKCxdwhs,mYoRZvtc,1645.0
523,0,eeSdZFhf,NKCxdwhs,1645.0
523,0,UaWwvNMO,eeSdZFhf,1689.0
523,0,gFAsBeQM,UaWwvNMO,1689.0
272,0,BYOnvRTX,oSOvYxXQ,2514.0
272,0,XGiaFBsp,BYOnvRTX,2514.0
272,0,tIegtsMs,XGiaFBsp,2514.0
272,0,VCRIbExe,tIegtsMs,2507.0
272,0,uiYVYPQX,VCRIbExe,2507.0
272,0,oSOvYxXQ,TJGhHrvm,2491.0
483,0,POdtxoZm,MnIYxXyj,675.0
483,0,WqMESkMM,POdtxoZm,675.0
483,0,zAVZRYih,WqMESkMM,675.0
483,0,hxSTJhOz,zAVZRYih,329.0
483,0,TShNRujB,hxSTJhOz,853.0
483,0,BqZQArDi,TShNRujB,1178.0
483,0,JJRlkmgp,BqZQArDi,1178.0
483,0,KRQMLlbw,JJRlkmgp,1178.0
483,0,MURlCahD,KRQMLlbw,1178.0
483,0,znFDupZg,MURlCahD,1178.0
483,0,osddylgA,znFDupZg,1178.0
483,0,uiYVYPQX,osddylgA,1178.0
272,0,xkdRvtRu,tBJBJfdu,2664.0
272,0,SjZGieDS,xkdRvtRu,2687.0
272,0,tZiWmgTn,SjZGieDS,2634.0
272,0,TJGhHrvm,tZiWmgTn,2634.0
481,0,tglFZOrp,CcTUkfkl,2181.0
481,0,SqxhBMol,tglFZOrp,2142.0
481,0,vIqdsoZx,SqxhBMol,1633.0
272,0,FZYojuVE,niqrIlpR,2092.0
272,0,tBJBJfdu,FZYojuVE,2092.0
600,0,vJitwYAE,nrUfCQxz,978.0
600,0,iBiVOFur,vJitwYAE,1090.0
600,0,niqrIlpR,iBiVOFur,1059.0
600,0,FZYojuVE,niqrIlpR,796.0
600,0,uVsOstge,FZYojuVE,796.0
600,0,tBJBJfdu,uVsOstge,796.0
600,0,FmTbQszJ,tBJBJfdu,554.0
600,0,xkdRvtRu,FmTbQszJ,555.0
600,0,tZiWmgTn,xkdRvtRu,382.0
600,0,TJGhHrvm,tZiWmgTn,382.0
600,0,oSOvYxXQ,TJGhHrvm,298.0
600,0,BYOnvRTX,oSOvYxXQ,124.0
600,0,XGiaFBsp,BYOnvRTX,124.0
600,0,PrkhDzLx,XGiaFBsp,124.0
600,0,hwOMxSYP,PrkhDzLx,120.0
600,0,duRJdiSr,hwOMxSYP,119.0
600,0,uiYVYPQX,duRJdiSr,119.0
272,0,qrSNpKDz,bWAbaUPC,1991.0
272,0,niqrIlpR,qrSNpKDz,1991.0
272,0,cEOIeJTR,CfleTooC,1772.0
272,0,bWAbaUPC,cEOIeJTR,1772.0
272,0,hCxxcqWU,IOcMwGKn,3067.0
272,0,pPReLBCT,hCxxcqWU,3067.0
272,0,gUXxyAlR,pPReLBCT,3100.0
272,0,CfleTooC,gUXxyAlR,3100.0
272,0,IOcMwGKn,ybjkPLXB,2994.0
272,0,OAywdpTB,BpAiVnps,1905.0
272,0,ybjkPLXB,OAywdpTB,2707.0
711,0,TqlJzItM,adsviABF,2903.0
711,0,IjwLXBRx,TqlJzItM,2744.0
711,0,adsviABF,LPldZjRa,2308.0
1105,0,xQSKBJml,SwLVnWPq,437.0
1105,0,eXTjiXiW,xQSKBJml,437.0
1105,0,UUCrlfWg,eXTjiXiW,437.0
1105,0,YULSfngF,UUCrlfWg,437.0
1105,0,ozuppJDT,YULSfngF,437.0
1105,0,xGsoSfhX,ozuppJDT,440.0
1105,0,ybjkPLXB,xGsoSfhX,440.0
1105,0,IOcMwGKn,ybjkPLXB,440.0
1105,0,hCxxcqWU,IOcMwGKn,440.0
1105,0,gUXxyAlR,hCxxcqWU,440.0
1105,0,CfleTooC,gUXxyAlR,440.0
1105,0,cEOIeJTR,CfleTooC,246.0
1105,0,bWAbaUPC,cEOIeJTR,246.0
1105,0,qrSNpKDz,bWAbaUPC,246.0
1105,0,niqrIlpR,qrSNpKDz,246.0
1105,0,FZYojuVE,niqrIlpR,246.0
1105,0,tBJBJfdu,FZYojuVE,246.0
1105,0,xkdRvtRu,tBJBJfdu,246.0
1105,0,SjZGieDS,xkdRvtRu,246.0
1105,0,tZiWmgTn,SjZGieDS,243.0
1105,0,TJGhHrvm,tZiWmgTn,243.0
1105,0,oSOvYxXQ,TJGhHrvm,217.0
1105,0,PSZbZwJF,oSOvYxXQ,161.0
1105,0,BYOnvRTX,PSZbZwJF,161.0
1105,0,XGiaFBsp,BYOnvRTX,161.0
1105,0,duRJdiSr,XGiaFBsp,161.0
1105,0,uiYVYPQX,duRJdiSr,161.0
1666,0,uskMapbi,losuIFuX,2286.0
1666,0,yXOuyCwN,uskMapbi,2286.0
1666,0,mSGryPaH,yXOuyCwN,2339.0
1666,0,PITuJYqk,mSGryPaH,2339.0
1666,0,XGJiqzLW,PITuJYqk,2339.0
1666,0,kueIUJls,XGJiqzLW,2116.0
1666,0,OVaoEscJ,kueIUJls,2116.0
1666,0,xQqwXgNZ,OVaoEscJ,1154.0
1666,0,BMprcpdo,xQqwXgNZ,843.0
1472,0,RfEbENxd,jQaLNViL,2922.0
1472,0,UFoaQvGg,RfEbENxd,3769.0
1472,0,DYvQviUy,UFoaQvGg,3769.0
1472,0,yHDouIXe,DYvQviUy,4040.0
1472,0,aFlzccOO,yHDouIXe,4229.0
1472,0,gpaAUChy,aFlzccOO,4229.0
1472,0,XAxmwtqw,gpaAUChy,4701.0
1472,0,YmDpkIHQ,XAxmwtqw,4701.0
1472,0,TUpCuZAw,YmDpkIHQ,4584.0
1472,0,HYfXIyFk,TUpCuZAw,4461.0
1472,0,yayPNqiY,HYfXIyFk,4447.0
1472,0,BsVmblhs,yayPNqiY,4447.0
1472,0,AFWGXQGm,BsVmblhs,4447.0
1472,0,ZMeqpjWv,AFWGXQGm,4447.0
1472,0,tSUFrefk,ZMeqpjWv,4403.0
1472,0,FqxCUuHX,tSUFrefk,4385.0
1472,0,LOkvvGyU,FqxCUuHX,3859.0
1472,0,DYErCrqd,LOkvvGyU,3859.0
1472,0,LbKosGpD,DYErCrqd,3859.0
1472,0,rDSiGFpR,LbKosGpD,2712.0
1105,0,rSdxnGDj,otuYkIZd,368.0
1105,0,MkXEUCdM,rSdxnGDj,368.0
1105,0,oiYuCTCe,MkXEUCdM,368.0
1105,0,SwLVnWPq,oiYuCTCe,390.0
1105,0,CoFyQOTC,jnDfAorM,323.0
1105,0,HMiMHaRv,CoFyQOTC,323.0
1105,0,kLfGGOkq,HMiMHaRv,323.0
1105,0,ygVaThfM,kLfGGOkq,323.0
1105,0,otuYkIZd,ygVaThfM,323.0
1071,0,CkiKkxJQ,lGJIVvqE,1873.0
1071,0,AdloNpXg,CkiKkxJQ,1888.0
1071,0,BmBzVYhd,AdloNpXg,1844.0
1071,0,cyLrdsLq,AlpXiRiW,1199.0
1071,0,pVHZNTmW,cyLrdsLq,1371.0
1071,0,qLlyWzVq,pVHZNTmW,1371.0
1071,0,lGJIVvqE,qLlyWzVq,1371.0
273,0,peBgOXli,yAqyhWkU,2914.0
273,0,KnWWIWQx,peBgOXli,2950.0
273,0,bRAzuzSs,KnWWIWQx,2950.0
273,0,OwpcAtJV,bRAzuzSs,2945.0
273,0,XVbubuGa,OwpcAtJV,2547.0
273,0,iuOUwLky,XVbubuGa,2547.0
273,0,jeadfqyj,iuOUwLky,2547.0
273,0,TAifzqok,RkbXqAIs,3602.0
273,0,wWcBzuvM,TAifzqok,3804.0
273,0,GcGOdrPa,wWcBzuvM,3822.0
273,0,yAqyhWkU,GcGOdrPa,3822.0
272,0,zGyJMIkT,uiYVYPQX,4759.0
600,0,STSGJiIu,TdfMaTlB,844.0
600,0,buAeVenh,STSGJiIu,844.0
600,0,ARTSSefO,buAeVenh,844.0
600,0,KMDYeUKg,ARTSSefO,857.0
600,0,RSPZrGBg,KMDYeUKg,997.0
600,0,xfYjeqNM,RSPZrGBg,985.0
600,0,nrUfCQxz,xfYjeqNM,985.0
678,0,KTHxRvtW,GhNbXpjs,2996.0
678,0,gRVxNCAP,KTHxRvtW,2682.0
678,0,nJRBvlcT,gRVxNCAP,2682.0
678,0,IkxLwyxa,nJRBvlcT,2508.0
678,0,CYSggHNR,IkxLwyxa,1849.0
678,0,VhgapMoa,CYSggHNR,1849.0
678,0,dKbqWpcD,VhgapMoa,1849.0
678,0,zYpZYpOA,dKbqWpcD,1849.0
678,0,xbeOVhLE,zYpZYpOA,1418.0
678,0,IpBcScgC,xbeOVhLE,1376.0
678,0,aYvzRwqU,IpBcScgC,1376.0
678,0,GigUVtty,aYvzRwqU,1376.0
678,0,bvSKVAYv,GigUVtty,1074.0
600,0,OPXtWBVk,nPkrzCty,783.0
600,0,SvGtXrYj,OPXtWBVk,783.0
600,0,TdfMaTlB,SvGtXrYj,783.0
524,0,FcOkCcps,OyJKKata,5547.0
524,0,PrkhDzLx,FcOkCcps,5958.0
973,0,TsaeiIGv,EkWBPXmr,1605.0
973,0,OsBkWRQx,TsaeiIGv,2125.0
973,0,udlIzhJE,OsBkWRQx,2125.0
973,0,srZucbpJ,udlIzhJE,2339.0
1064,0,IWkYeNgA,uiSiNEQq,2167.0
1064,0,AGDZrVfo,IWkYeNgA,2189.0
1064,0,INegqJKU,AGDZrVfo,2189.0
1064,0,xokKvraT,INegqJKU,2164.0
1064,0,HaSZVkzu,xokKvraT,2164.0
1064,0,yjaYbUGq,HaSZVkzu,2164.0
1064,0,LbyQgJih,yjaYbUGq,2164.0
1064,0,FPXdCAOW,LbyQgJih,2164.0
1064,0,ouHKxPGS,FPXdCAOW,2164.0
1064,0,GEijdcGW,ouHKxPGS,2157.0
1064,0,MKKzwAOv,GEijdcGW,2157.0
1064,0,mhDCqtpx,MKKzwAOv,2157.0
1064,0,TJDsQDoO,mhDCqtpx,2157.0
1064,0,yTictHOU,TJDsQDoO,2151.0
1064,0,illGQStO,yTictHOU,2151.0
1064,0,AUrIxxcC,illGQStO,2151.0
1064,0,zqZasXpA,AUrIxxcC,2151.0
1064,0,EYGEAZtD,zqZasXpA,2151.0
1064,0,AJLJQqsT,EYGEAZtD,2151.0
1064,0,NCSBLEus,AJLJQqsT,2146.0
1064,0,xfbmoJHP,NCSBLEus,2048.0
1064,0,WdOwNGhj,xfbmoJHP,1630.0
1064,0,kKKRBhFF,WdOwNGhj,1603.0
1064,0,NFInfBeu,kKKRBhFF,1603.0
1064,0,VCQdmIoF,NFInfBeu,1603.0
1064,0,ePrpofUw,VCQdmIoF,1603.0
1064,0,KcvPUxQg,ePrpofUw,1603.0
1064,0,BlnSxBAr,KcvPUxQg,1603.0
1064,0,TCBUGaZf,BlnSxBAr,1603.0
1245,0,NrpQUbAl,udlIzhJE,2511.0
16,0,srZucbpJ,udlIzhJE,7515.0
762,0,VbMcfGsr,ljNlRbnZ,5114.0
762,0,MttNRhjN,VbMcfGsr,5114.0
762,0,HeidvHXY,MttNRhjN,5114.0
762,0,CCoJPQpR,HeidvHXY,5114.0
762,0,veAXvdUO,CCoJPQpR,6717.0
762,0,UgdUAhSn,veAXvdUO,6717.0
762,0,HcKLTTXk,UgdUAhSn,4715.0
1505,0,HcPkwFHM,plWWPiMc,16440.0
1505,0,KjuJaNsu,HcPkwFHM,16480.0
1505,0,oNyGHMvy,KjuJaNsu,16337.0
1505,0,QdnKSSsO,oNyGHMvy,17106.0
1505,0,vSdfqYeK,QdnKSSsO,17354.0
711,0,qGnNRXVR,TcEVvOUM,2104.0
711,0,ouPwTbuD,qGnNRXVR,2070.0
711,0,LPldZjRa,ouPwTbuD,2323.0
400,0,FoxIDeQY,PHuvYJrP,1797.0
400,0,dZoxKDmD,FoxIDeQY,1789.0
1180,0,vacPrbQA,eiOwifcC,5945.0
1125,0,kjmHgYUi,pTTspriv,1249.0
1125,0,UHSPJyEW,kjmHgYUi,1249.0
1125,0,dOTSUZHl,UHSPJyEW,1249.0
1125,0,ITdbUezF,dOTSUZHl,1249.0
1125,0,UCTWITih,ITdbUezF,1249.0
1125,0,HnEviCBr,UCTWITih,1249.0
1125,0,nCgrSQNi,HnEviCBr,1251.0
1125,0,KyrNRMTR,nCgrSQNi,1251.0
1125,0,IpOsGrUQ,KyrNRMTR,1506.0
1125,0,exRzHfND,IpOsGrUQ,1324.0
1125,0,bIhgcGjB,exRzHfND,1324.0
1125,0,dMpYNFzw,bIhgcGjB,1324.0
1125,0,slwzdYAd,dMpYNFzw,1324.0
1125,0,phodyDNv,slwzdYAd,1436.0
1125,0,gcvwQKzE,phodyDNv,1459.0
1125,0,RuqLEiFp,gcvwQKzE,1459.0
1125,0,NAwFzVQz,RuqLEiFp,1931.0
1125,0,jEliwrSM,NAwFzVQz,1982.0
1125,0,XsvFZXJo,jEliwrSM,1982.0
1023,0,yyEOaSxi,gjOgguRV,3056.0
1023,0,obftSQtS,yyEOaSxi,3040.0
1023,0,yKgFraCR,obftSQtS,3026.0
1023,0,LIDMLZkw,yKgFraCR,3026.0
1023,0,JEpPbBSc,LIDMLZkw,3026.0
1023,0,YkNJvTAu,JEpPbBSc,2922.0
1023,0,TIlepZYr,YkNJvTAu,2678.0
1023,0,UvdLYolu,TIlepZYr,2291.0
1023,0,ZFKsyBay,UvdLYolu,2291.0
1023,0,suvDbtPR,ZFKsyBay,2271.0
1023,0,clVXMHJf,suvDbtPR,919.0
1023,0,UXEWVZzP,clVXMHJf,919.0
1023,0,MlYFoaez,UXEWVZzP,910.0
1023,0,XeinAhyy,MlYFoaez,876.0
1023,0,pGpZhRvq,XeinAhyy,876.0
1023,0,alaJPSTW,pGpZhRvq,876.0
1023,0,ngNzeSzC,alaJPSTW,876.0
1023,0,PHuvYJrP,ngNzeSzC,876.0
1023,0,FoxIDeQY,PHuvYJrP,876.0
1023,0,dZoxKDmD,FoxIDeQY,876.0
1023,0,ZOuLYtJj,dZoxKDmD,876.0
1023,0,SGnJOquj,ZOuLYtJj,876.0
1023,0,ogOCBKAf,SGnJOquj,863.0
483,0,zGyJMIkT,uiYVYPQX,1100.0
483,0,YbVmHVTt,zGyJMIkT,1100.0
483,0,ZlnerNQG,YbVmHVTt,1100.0
1198,0,QHFmFyLR,EkWBPXmr,517.0
1198,0,neNWquOh,QHFmFyLR,517.0
1198,0,KwaxxmSs,neNWquOh,517.0
1198,0,PSjGjQXK,KwaxxmSs,517.0
1198,0,FDPmqphv,PSjGjQXK,1410.0
1198,0,aVjdmBcp,FDPmqphv,1411.0
1198,0,nusTHAtB,aVjdmBcp,1411.0
1198,0,isVKhOXG,nusTHAtB,1419.0
1198,0,OWkTamRc,isVKhOXG,1433.0
1198,0,pHNyFRmN,OWkTamRc,1626.0
1198,0,SMriOOgF,pHNyFRmN,1634.0
1198,0,rWiIOjNx,SMriOOgF,1634.0
1198,0,bvSKVAYv,rWiIOjNx,1634.0
1198,0,JZGNdgml,bvSKVAYv,1824.0
1198,0,uHbImzAf,JZGNdgml,1824.0
1198,0,IzsieVnc,uHbImzAf,1796.0
1198,0,xNgkqoUR,IzsieVnc,1774.0
1198,0,lDiqRMWn,xNgkqoUR,1776.0
1198,0,gOJphFVT,lDiqRMWn,1776.0
990,0,awOEKaEj,qdrjbHYS,4678.0
990,0,kZdBhxvo,awOEKaEj,5938.0
990,0,ZBkAAevT,kZdBhxvo,6850.0
990,0,cMinRgYB,ZBkAAevT,6850.0
990,0,ArHpJhVJ,tBNXSyMW,7237.0
273,0,FcOkCcps,jeadfqyj,2528.0
273,0,jqriedgy,EkCoFwMY,2223.0
273,0,MTAZIXBL,jqriedgy,2223.0
273,0,RkbXqAIs,MTAZIXBL,3520.0
678,0,AszcEtOu,BpAiVnps,1954.0
678,0,ybjkPLXB,AszcEtOu,2107.0
678,0,IOcMwGKn,ybjkPLXB,2440.0
678,0,hCxxcqWU,IOcMwGKn,3307.0
678,0,qMoZNsgo,hCxxcqWU,3528.0
678,0,udNzSSji,qMoZNsgo,3528.0
678,0,uKKyuZyC,udNzSSji,3528.0
678,0,GhNbXpjs,uKKyuZyC,3580.0
678,0,JZGNdgml,bvSKVAYv,1395.0
678,0,uHbImzAf,JZGNdgml,1395.0
678,0,IzsieVnc,uHbImzAf,884.0
678,0,HRURJMPd,IzsieVnc,856.0
678,0,WGGanwZU,HRURJMPd,856.0
187,0,hVMLOzME,KCMgfriT,2664.0
187,0,TDvESTZN,hVMLOzME,2664.0
187,0,sNuKvPuW,TDvESTZN,2635.0
187,0,AUBTKFbY,sNuKvPuW,2635.0
1180,0,RFLUsFpq,apOzgzFy,7030.0
1180,0,NRaiNGwl,RFLUsFpq,7030.0
1180,0,dgLtpUgu,NRaiNGwl,7030.0
1180,0,GJEXlFdt,dgLtpUgu,7070.0
1180,0,VMzKgUSR,GJEXlFdt,7156.0
1180,0,BJDTCJYP,VMzKgUSR,7156.0
1180,0,gyedwqXM,BJDTCJYP,7156.0
1180,0,LYitljhu,gyedwqXM,7156.0
1180,0,UhAwQaaX,LYitljhu,7156.0
1180,0,LOIXCDqJ,UhAwQaaX,7155.0
1180,0,FldHcjZC,LOIXCDqJ,7027.0
1180,0,qNiTyrkl,FldHcjZC,6036.0
1180,0,waZdIIZY,qNiTyrkl,6036.0
1180,0,eiOwifcC,waZdIIZY,6025.0
1076,0,TbetMXoD,zWZbZUaa,1525.0
1076,0,vHItlPPU,TbetMXoD,1525.0
1076,0,LggEHwJM,vHItlPPU,1524.0
1076,0,cXzNtQka,LggEHwJM,1524.0
1076,0,Hjpeultj,cXzNtQka,1524.0
626,0,TsaeiIGv,EkWBPXmr,1513.0
626,0,OsBkWRQx,TsaeiIGv,1816.0
626,0,udlIzhJE,OsBkWRQx,1949.0
626,0,cCEhgrAc,udlIzhJE,2026.0
626,0,cfShLPmI,cCEhgrAc,2027.0
16,0,cCEhgrAc,srZucbpJ,6086.0
16,0,cfShLPmI,cCEhgrAc,6086.0
584,0,awOEKaEj,qdrjbHYS,1827.0
584,0,gRuqifBH,awOEKaEj,1519.0
273,0,QRSRIbba,leJfirnk,2037.0
273,0,EkCoFwMY,QRSRIbba,2067.0
273,0,wuyFtExA,EtvjcvTp,1138.0
273,0,MrybjzSo,wuyFtExA,1138.0
273,0,leJfirnk,MrybjzSo,1138.0
598,0,OOrUJecL,wzaIlAwh,65.0
598,0,VniBJCzY,OOrUJecL,65.0
598,0,RtYHfABF,VniBJCzY,64.0
598,0,JKycCNae,RtYHfABF,63.0
598,0,cMdRoPmQ,JKycCNae,63.0
523,0,qdrjbHYS,uiYVYPQX,3832.0
523,0,TPFTQSyz,qdrjbHYS,2736.0
523,0,awOEKaEj,TPFTQSyz,2737.0
523,0,gRuqifBH,awOEKaEj,2737.0
1198,0,lQHWhrGj,tldUULAx,2539.0
1198,0,OOOhsNkv,lQHWhrGj,2539.0
1198,0,CgcphXSb,OOOhsNkv,2539.0
1198,0,texSWQet,CgcphXSb,2539.0
1198,0,lxBswvKX,texSWQet,1377.0
1198,0,IvQQZbJW,lxBswvKX,382.0
661,0,TsaeiIGv,EkWBPXmr,496.0
661,0,OsBkWRQx,TsaeiIGv,740.0
661,0,TlwaKrQx,OsBkWRQx,740.0
661,0,udlIzhJE,TlwaKrQx,740.0
661,0,DeduXMzE,udlIzhJE,846.0
661,0,GXHjZCTL,DeduXMzE,846.0
661,0,yolIeCeg,GXHjZCTL,846.0
661,0,zGyJMIkT,yolIeCeg,849.0
661,0,YbVmHVTt,zGyJMIkT,1381.0
661,0,ZlnerNQG,YbVmHVTt,1381.0
661,0,FVWAEAei,ZlnerNQG,1381.0
661,0,gVtshwcF,FVWAEAei,1390.0
1245,0,HzfEGNJu,NrpQUbAl,2370.0
1245,0,FVWAEAei,HzfEGNJu,2370.0
1245,0,gVtshwcF,FVWAEAei,2353.0
272,0,YbVmHVTt,zGyJMIkT,4729.0
272,0,ZlnerNQG,YbVmHVTt,4522.0
272,0,FVWAEAei,ZlnerNQG,4522.0
272,0,gVtshwcF,FVWAEAei,4522.0
264,0,ABRKsLIZ,uUBnPWGG,1264.0
264,0,RtBolNHG,ABRKsLIZ,1264.0
264,0,XGgrBziF,RtBolNHG,1254.0
264,0,FJLNitGY,XGgrBziF,1158.0
1244,0,TAifzqok,RkbXqAIs,885.0
1244,0,wWcBzuvM,TAifzqok,885.0
1244,0,GcGOdrPa,wWcBzuvM,885.0
1244,0,yAqyhWkU,GcGOdrPa,885.0
711,0,ozAxYCwR,uiYVYPQX,804.0
658,0,QeEdlYuU,dKSFzIqs,107.0
658,0,ussSBeXM,QeEdlYuU,107.0
658,0,qVzVrWDp,ussSBeXM,107.0
658,0,IuRRuHdp,qVzVrWDp,119.0
658,0,agmUQnfF,IuRRuHdp,119.0
965,0,ZTCNsviV,ODNKqRCQ,227.0
965,0,GBYHqHQO,ZTCNsviV,227.0
965,0,lBjlyorh,GBYHqHQO,227.0
965,0,apwTQKga,lBjlyorh,227.0
965,0,XNHVHmHa,apwTQKga,227.0
965,0,vGqwislq,XNHVHmHa,227.0
965,0,AwLiWVdI,vGqwislq,316.0
965,0,XBhuaxff,AwLiWVdI,316.0
965,0,LjPncvCg,XBhuaxff,316.0
965,0,XUEgpuYS,LjPncvCg,316.0
965,0,lXZmsBCe,XUEgpuYS,331.0
965,0,oftwwzSy,lXZmsBCe,331.0
965,0,CKNrjFUU,oftwwzSy,331.0
965,0,EtvjcvTp,CKNrjFUU,328.0
965,0,wuyFtExA,EtvjcvTp,265.0
965,0,MrybjzSo,wuyFtExA,265.0
965,0,leJfirnk,MrybjzSo,265.0
965,0,QRSRIbba,leJfirnk,265.0
965,0,EkCoFwMY,QRSRIbba,265.0
965,0,jqriedgy,EkCoFwMY,265.0
965,0,MTAZIXBL,jqriedgy,265.0
965,0,RkbXqAIs,MTAZIXBL,265.0
965,0,TAifzqok,RkbXqAIs,265.0
965,0,wWcBzuvM,TAifzqok,265.0
965,0,GcGOdrPa,wWcBzuvM,265.0
965,0,yAqyhWkU,GcGOdrPa,265.0
965,0,peBgOXli,yAqyhWkU,265.0
965,0,KnWWIWQx,peBgOXli,265.0
965,0,OwpcAtJV,KnWWIWQx,265.0
965,0,ODNKqRCQ,iPzquFzR,201.0
483,0,FVWAEAei,ZlnerNQG,1090.0
483,0,gVtshwcF,FVWAEAei,1090.0
912,0,WdOwNGhj,xfbmoJHP,269.0
47,0,kKKRBhFF,WdOwNGhj,4239.0
47,0,NFInfBeu,kKKRBhFF,4353.0
47,0,VCQdmIoF,NFInfBeu,4353.0
47,0,ePrpofUw,VCQdmIoF,4353.0
47,0,KcvPUxQg,ePrpofUw,4870.0
47,0,rbVbMNcM,KcvPUxQg,5140.0
47,0,JCIOAWOU,rbVbMNcM,5626.0
47,0,fZcVdMzo,JCIOAWOU,5614.0
47,0,QYwjKQRO,fZcVdMzo,5614.0
47,0,cNuXvIqU,QYwjKQRO,5614.0
47,0,eXTEGQHB,cNuXvIqU,5614.0
47,0,zTUODYgn,eXTEGQHB,5908.0
47,0,eTPMYwkC,zTUODYgn,5908.0
47,0,IMTItMKU,eTPMYwkC,6040.0
47,0,upMsEWKk,IMTItMKU,6644.0
47,0,KCqeuCwW,upMsEWKk,6644.0
47,0,xyBTaHvp,KCqeuCwW,6644.0
47,0,izUAPpdi,xyBTaHvp,8037.0
47,0,cNWTidvb,izUAPpdi,8037.0
47,0,yQQuLFAg,cNWTidvb,9303.0
47,0,rUKSlFeh,yQQuLFAg,11028.0
47,0,rckblBTM,rUKSlFeh,11038.0
635,0,lctVuVOk,gFAsBeQM,941.0
635,0,EocVuyzS,lctVuVOk,945.0
635,0,HUVJunNe,EocVuyzS,1098.0
635,0,DvaIywQB,HUVJunNe,1098.0
635,0,OCwYbEnq,DvaIywQB,1098.0
635,0,rsJSqETv,OCwYbEnq,1098.0
635,0,nrUfCQxz,rsJSqETv,1098.0
635,0,CpnDMnJS,nrUfCQxz,1476.0
635,0,fSmTHZJS,CpnDMnJS,1476.0
635,0,WSTcrrBn,fSmTHZJS,1475.0
635,0,DyPueDjA,WSTcrrBn,1475.0
635,0,VJibZvbS,DyPueDjA,1480.0
635,0,uSZbdBno,VJibZvbS,1593.0
635,0,GtaXwPrK,uSZbdBno,1593.0
635,0,TcEVvOUM,GtaXwPrK,1593.0
635,0,qGnNRXVR,TcEVvOUM,1549.0
635,0,yLFlKjKg,qGnNRXVR,1546.0
635,0,isWzWnoW,yLFlKjKg,599.0
635,0,YJykDsrc,isWzWnoW,599.0
635,0,YpVxAvQG,YJykDsrc,552.0
635,0,LhgNVAOU,YpVxAvQG,552.0
635,0,SOVcCDqR,LhgNVAOU,523.0
226,0,nrUfCQxz,KMDYeUKg,330.0
226,0,CpnDMnJS,nrUfCQxz,338.0
226,0,fSmTHZJS,CpnDMnJS,338.0
226,0,QsPOuThV,fSmTHZJS,479.0
226,0,WSTcrrBn,QsPOuThV,479.0
226,0,JYrrjUtU,WSTcrrBn,482.0
226,0,DyPueDjA,JYrrjUtU,482.0
226,0,udNzSSji,DyPueDjA,482.0
226,0,VJibZvbS,udNzSSji,482.0
226,0,uSZbdBno,VJibZvbS,482.0
226,0,GtaXwPrK,uSZbdBno,482.0
226,0,PIUpvPaY,GtaXwPrK,482.0
226,0,XCZfXGna,PIUpvPaY,416.0
226,0,FYonLsVT,XCZfXGna,416.0
226,0,voXQjjKh,FYonLsVT,416.0
226,0,pKTlpooZ,voXQjjKh,366.0
226,0,OVaoEscJ,pKTlpooZ,335.0
226,0,BMprcpdo,OVaoEscJ,255.0
226,0,YpVxAvQG,BMprcpdo,199.0
226,0,RinxBkUZ,YpVxAvQG,199.0
226,0,LhgNVAOU,RinxBkUZ,199.0
226,0,SOVcCDqR,LhgNVAOU,141.0
208,0,wSspaAkq,bLzlxnwB,2048.0
208,0,NppIhzQC,wSspaAkq,2048.0
208,0,tTrMaEIS,NppIhzQC,1990.0
208,0,WeXgsZLY,tTrMaEIS,1990.0
208,0,VuPuNOXM,WeXgsZLY,2085.0
208,0,QgwCgjAi,VuPuNOXM,2085.0
208,0,vrgENeuF,QgwCgjAi,4857.0
208,0,xKmRiBBX,vrgENeuF,4857.0
208,0,kkrKJmiC,xKmRiBBX,4857.0
208,0,psXocZQH,kkrKJmiC,4857.0
208,0,yprCGtVa,psXocZQH,4584.0
208,0,pPqywgRl,yprCGtVa,4038.0
208,0,SJHseTdc,pPqywgRl,2902.0
208,0,HGjkimBc,SJHseTdc,2902.0
208,0,IubGYoNi,HGjkimBc,2902.0
208,0,fmQEzQWV,IubGYoNi,2586.0
208,0,BpAiVnps,fmQEzQWV,2195.0
1338,0,AszcEtOu,BpAiVnps,3766.0
1338,0,TCqyxHhF,AszcEtOu,5447.0
1338,0,PIUpvPaY,TCqyxHhF,5447.0
1338,0,XCZfXGna,PIUpvPaY,5599.0
1338,0,FYonLsVT,XCZfXGna,6498.0
1338,0,voXQjjKh,FYonLsVT,6500.0
1338,0,pKTlpooZ,voXQjjKh,6858.0
1338,0,OVaoEscJ,pKTlpooZ,6854.0
1338,0,BMprcpdo,OVaoEscJ,9786.0
1338,0,YpVxAvQG,BMprcpdo,12284.0
1338,0,RinxBkUZ,YpVxAvQG,12371.0
1338,0,LhgNVAOU,RinxBkUZ,12324.0
1338,0,SOVcCDqR,LhgNVAOU,11624.0
1317,0,vrgENeuF,eTJQHplR,1032.0
1317,0,psXocZQH,PlyJazqR,1810.0
1317,0,yprCGtVa,psXocZQH,1810.0
1317,0,pPqywgRl,yprCGtVa,2347.0
1317,0,SJHseTdc,pPqywgRl,2487.0
1317,0,HGjkimBc,SJHseTdc,2487.0
1317,0,IubGYoNi,HGjkimBc,3815.0
1317,0,fmQEzQWV,IubGYoNi,5287.0
1317,0,BpAiVnps,fmQEzQWV,6254.0
528,0,DOGyniWl,ItndWSiW,1955.0
528,0,fubLBmAl,DOGyniWl,1955.0
528,0,nEXpIbiD,fubLBmAl,1985.0
528,0,eTJQHplR,nEXpIbiD,1985.0
1505,0,plWWPiMc,mnkgCFDT,15512.0
1505,0,wDpyEsxh,vSdfqYeK,17562.0
1505,0,jIerKxIb,wDpyEsxh,17848.0
1505,0,IubGYoNi,jIerKxIb,18144.0
1505,0,fmQEzQWV,IubGYoNi,17540.0
1505,0,BpAiVnps,fmQEzQWV,15808.0
1505,0,AszcEtOu,BpAiVnps,11427.0
1505,0,TCqyxHhF,AszcEtOu,12654.0
1505,0,PIUpvPaY,TCqyxHhF,12668.0
1505,0,XCZfXGna,PIUpvPaY,8829.0
1505,0,FYonLsVT,XCZfXGna,9066.0
1505,0,voXQjjKh,FYonLsVT,8975.0
1505,0,OVaoEscJ,voXQjjKh,7338.0
367,0,qjwSVoCq,WynPMslR,8101.0
367,0,oFLgHrco,qjwSVoCq,8378.0
367,0,yrWAEsGy,oFLgHrco,8431.0
367,0,qGIkRenz,yrWAEsGy,8365.0
367,0,ytUqATXS,qGIkRenz,8345.0
367,0,TcsyXYNn,ytUqATXS,8303.0
367,0,qKeCDDXI,TcsyXYNn,7599.0
367,0,YmkUpvHU,qKeCDDXI,5757.0
1505,0,WOOyqinT,YmkUpvHU,7923.0
1505,0,mnkgCFDT,WOOyqinT,7629.0
367,0,vHkAlmCm,GnOurcjN,7737.0
367,0,WynPMslR,vHkAlmCm,7754.0
1750,0,IvXmMOhB,HcKLTTXk,4779.0
1750,0,KIvXTDlT,IvXmMOhB,4794.0
1750,0,TgzZcdmy,KIvXTDlT,4794.0
1750,0,SEjojzMr,TgzZcdmy,4794.0
1750,0,oBYetVBr,SEjojzMr,4501.0
1750,0,GiONHkbf,oBYetVBr,4191.0
1750,0,QDIpIlEK,GiONHkbf,4100.0
1331,0,kXOxEoFm,lRwVVbKf,1386.0
1331,0,EFeZyZmg,kXOxEoFm,1386.0
1331,0,MoCDatJm,EFeZyZmg,1396.0
1331,0,GtMUYUwJ,MoCDatJm,2239.0
1331,0,lQIpGOTn,GtMUYUwJ,2216.0
1331,0,uhUmvvRs,lQIpGOTn,2216.0
1331,0,plWWPiMc,uhUmvvRs,2188.0
1331,0,HcPkwFHM,plWWPiMc,2097.0
1331,0,KjuJaNsu,HcPkwFHM,2097.0
1331,0,oNyGHMvy,KjuJaNsu,2097.0
1331,0,QdnKSSsO,oNyGHMvy,2037.0
1331,0,vSdfqYeK,QdnKSSsO,2002.0
1331,0,wDpyEsxh,vSdfqYeK,1960.0
1331,0,jIerKxIb,wDpyEsxh,1960.0
1331,0,IubGYoNi,jIerKxIb,1691.0
1331,0,fmQEzQWV,IubGYoNi,1666.0
1331,0,BpAiVnps,fmQEzQWV,1425.0
46,0,ABufINme,ZijVddwt,7637.0
46,0,xQqwXgNZ,ABufINme,7780.0
46,0,BMprcpdo,xQqwXgNZ,8104.0
46,0,YpVxAvQG,BMprcpdo,7305.0
46,0,RinxBkUZ,YpVxAvQG,7305.0
46,0,LhgNVAOU,RinxBkUZ,7366.0
46,0,SOVcCDqR,LhgNVAOU,8553.0
1418,0,EzNIKkYA,BTtHvEzM,3412.0
1750,0,nOepWjtB,zfmNZkKD,2419.0
1750,0,kNXaohyL,nOepWjtB,2419.0
1750,0,gJicbLzN,kNXaohyL,2419.0
1750,0,lRwVVbKf,gJicbLzN,2507.0
1750,0,HcKLTTXk,lRwVVbKf,4735.0
367,0,zjGRmLyo,JGydtICe,7074.0
367,0,yfIoPTHo,zjGRmLyo,6933.0
367,0,GnOurcjN,yfIoPTHo,6933.0
994,0,mexFgKBp,NrNaZyPp,710.0
994,0,KIvXTDlT,mexFgKBp,319.0
994,0,TgzZcdmy,KIvXTDlT,323.0
994,0,SEjojzMr,TgzZcdmy,438.0
994,0,WCllcJIC,SEjojzMr,315.0
994,0,OXcUkifL,WCllcJIC,315.0
994,0,POsNTwnJ,OXcUkifL,314.0
994,0,YmkUpvHU,POsNTwnJ,314.0
994,0,WOOyqinT,YmkUpvHU,314.0
994,0,mnkgCFDT,WOOyqinT,314.0
994,0,svgtEcQx,mnkgCFDT,314.0
994,0,HcPkwFHM,svgtEcQx,313.0
994,0,KjuJaNsu,HcPkwFHM,313.0
994,0,oNyGHMvy,KjuJaNsu,313.0
994,0,QdnKSSsO,oNyGHMvy,313.0
994,0,vSdfqYeK,QdnKSSsO,301.0
994,0,wDpyEsxh,vSdfqYeK,301.0
994,0,jIerKxIb,wDpyEsxh,301.0
994,0,IubGYoNi,jIerKxIb,301.0
994,0,fmQEzQWV,IubGYoNi,271.0
994,0,BpAiVnps,fmQEzQWV,224.0
761,0,lUWTaWkd,NnzcSqlk,5397.0
761,0,glrALKnP,lUWTaWkd,5496.0
761,0,qehlKNkR,glrALKnP,5652.0
761,0,sZNeRfOC,qehlKNkR,5680.0
761,0,HajxumVd,sZNeRfOC,5680.0
761,0,LhQSpAzy,HajxumVd,5237.0
761,0,pwpCkicC,LhQSpAzy,5237.0
761,0,pPKqPUVW,pwpCkicC,5638.0
761,0,slfxTuih,pPKqPUVW,5638.0
761,0,ejMjPdTH,slfxTuih,5486.0
46,0,ZijVddwt,ojqTFFWy,7357.0
250,0,eusqYKWT,HezLsNFQ,4888.0
250,0,dCWftKsk,eusqYKWT,4024.0
1452,0,mhTYFecR,RXuaQdiQ,5496.0
1452,0,lUWTaWkd,mhTYFecR,5461.0
1452,0,hApOmpAO,lUWTaWkd,5257.0
1452,0,qehlKNkR,hApOmpAO,5257.0
1452,0,ZFFevgPB,qehlKNkR,5257.0
1452,0,YBasMniA,ZFFevgPB,5257.0
1452,0,sZNeRfOC,YBasMniA,5623.0
1452,0,HajxumVd,sZNeRfOC,5623.0
1452,0,tyrVGRMU,HajxumVd,5762.0
1452,0,LhQSpAzy,tyrVGRMU,5788.0
1452,0,pwpCkicC,LhQSpAzy,5788.0
1452,0,jJVVpGMf,pwpCkicC,5850.0
1452,0,tcYerYbk,jJVVpGMf,5850.0
1452,0,pPKqPUVW,tcYerYbk,5850.0
1452,0,iYTiOTOT,pPKqPUVW,5850.0
1452,0,slfxTuih,iYTiOTOT,5850.0
1452,0,SVPLEqNI,slfxTuih,4770.0
1452,0,ejMjPdTH,SVPLEqNI,1420.0
565,0,PQDqFTyk,qQFDKzdu,846.0
1226,0,puwcRgFs,vyojaKRU,4535.0
1226,0,zjKsBdNQ,puwcRgFs,1390.0
1226,0,ojqTFFWy,zjKsBdNQ,1390.0
143,0,zjGRmLyo,JGydtICe,2740.0
143,0,EXTmTMKf,zjGRmLyo,2729.0
143,0,yfIoPTHo,EXTmTMKf,1858.0
143,0,GnOurcjN,yfIoPTHo,1954.0
143,0,vHkAlmCm,GnOurcjN,2261.0
143,0,YspLWkZX,vHkAlmCm,2255.0
143,0,pRBbbEoD,YspLWkZX,2962.0
143,0,cfVAtKgo,pRBbbEoD,2910.0
143,0,QMiQTlda,cfVAtKgo,3416.0
143,0,MaKoROaE,QMiQTlda,3416.0
143,0,NrNaZyPp,MaKoROaE,3410.0
143,0,mexFgKBp,NrNaZyPp,2953.0
143,0,KIvXTDlT,mexFgKBp,2367.0
143,0,TgzZcdmy,KIvXTDlT,2368.0
143,0,SEjojzMr,TgzZcdmy,2368.0
143,0,WCllcJIC,SEjojzMr,1179.0
1331,0,lRwVVbKf,gJicbLzN,969.0
564,0,gKNaWgzA,ngHHCDQb,518.0
564,0,mTKelVZs,gKNaWgzA,518.0
564,0,xjlhzjUh,mTKelVZs,521.0
564,0,fGCuvnjJ,xjlhzjUh,860.0
564,0,CsZszdUY,fGCuvnjJ,860.0
564,0,OqBnJDkE,CsZszdUY,860.0
564,0,ajCBPuBp,OqBnJDkE,860.0
564,0,LhQSpAzy,ajCBPuBp,741.0
564,0,pwpCkicC,LhQSpAzy,741.0
564,0,jJVVpGMf,pwpCkicC,731.0
564,0,tcYerYbk,jJVVpGMf,731.0
564,0,pPKqPUVW,tcYerYbk,731.0
564,0,iYTiOTOT,pPKqPUVW,731.0
564,0,dLtneiKf,iYTiOTOT,731.0
564,0,slfxTuih,dLtneiKf,723.0
564,0,XFPAZveS,slfxTuih,483.0
564,0,ojqTFFWy,XFPAZveS,97.0
780,0,fdwLSfsa,cgSMZptb,3710.0
780,0,FZsFzszJ,gzTQJVMW,3140.0
780,0,KgwKZlse,FZsFzszJ,2967.0
780,0,ALhaazBT,KgwKZlse,2967.0
780,0,YqlTLIQa,ALhaazBT,2677.0
780,0,AUmOMGnp,YqlTLIQa,2676.0
780,0,XFPAZveS,AUmOMGnp,2644.0
780,0,ejMjPdTH,XFPAZveS,1348.0
1379,0,pYVbvizw,qVoRAqeW,2146.0
1379,0,IATYolYz,pYVbvizw,2146.0
1379,0,bdIbpKdP,IATYolYz,2111.0
1379,0,VJibZvbS,bdIbpKdP,2062.0
1379,0,uSZbdBno,VJibZvbS,1990.0
1379,0,GtaXwPrK,uSZbdBno,1973.0
1379,0,SfxDAXEq,GtaXwPrK,1973.0
1379,0,PIUpvPaY,SfxDAXEq,1969.0
1379,0,XCZfXGna,PIUpvPaY,1914.0
463,0,uaQvVFAB,taPJzyhF,8626.0
463,0,MnTeelLR,uaQvVFAB,9199.0
1666,0,CdwVKoMQ,swKAFNcH,4347.0
1666,0,VXVgVTNc,CdwVKoMQ,4347.0
1666,0,losuIFuX,VXVgVTNc,1693.0
1189,0,LoyIFaGV,hPbxQISN,1136.0
1189,0,iqbCzlPk,LoyIFaGV,1259.0
1189,0,bONecZHY,iqbCzlPk,1397.0
1189,0,JrYMJUzx,bONecZHY,1397.0
1189,0,WoSISRHq,JrYMJUzx,692.0
1189,0,zAiczBZG,WoSISRHq,692.0
1189,0,vkwWhgCe,zAiczBZG,792.0
1189,0,KSSwmuEx,vkwWhgCe,782.0
1189,0,pkhwWQVf,KSSwmuEx,776.0
1189,0,JxFLnqJu,pkhwWQVf,858.0
1189,0,GDiQpvtB,JxFLnqJu,858.0
1296,0,gmsNDepi,VkcYQwTj,23590.0
1296,0,jFRqfnFl,gmsNDepi,24904.0
1296,0,ysSWNERo,jFRqfnFl,24722.0
1296,0,lQIpGOTn,ysSWNERo,24739.0
1296,0,uhUmvvRs,lQIpGOTn,24004.0
1296,0,svgtEcQx,uhUmvvRs,22577.0
1296,0,HcPkwFHM,svgtEcQx,21062.0
1296,0,oNyGHMvy,HcPkwFHM,21056.0
1296,0,QdnKSSsO,oNyGHMvy,19815.0
1296,0,vSdfqYeK,QdnKSSsO,18413.0
1296,0,jIerKxIb,vSdfqYeK,15442.0
1296,0,IubGYoNi,jIerKxIb,12977.0
1296,0,fmQEzQWV,IubGYoNi,12082.0
1296,0,BpAiVnps,fmQEzQWV,10269.0
47,0,WdOwNGhj,xfbmoJHP,3679.0
648,0,KwaxxmSs,EkWBPXmr,505.0
648,0,PSjGjQXK,KwaxxmSs,505.0
648,0,FDPmqphv,PSjGjQXK,1202.0
648,0,ccqsUPnI,FDPmqphv,1353.0
648,0,oSOvYxXQ,ccqsUPnI,1353.0
648,0,PSZbZwJF,oSOvYxXQ,1322.0
648,0,GWqnIxTG,PSZbZwJF,1322.0
648,0,NjlFoRGi,GWqnIxTG,1322.0
648,0,bvSKVAYv,NjlFoRGi,1311.0
648,0,JZGNdgml,bvSKVAYv,382.0
648,0,uHbImzAf,JZGNdgml,382.0
648,0,IzsieVnc,uHbImzAf,382.0
679,0,HRURJMPd,twMezfOU,669.0
679,0,jKjAXpVP,HRURJMPd,669.0
912,0,kKKRBhFF,WdOwNGhj,154.0
912,0,NFInfBeu,kKKRBhFF,153.0
912,0,VCQdmIoF,NFInfBeu,153.0
912,0,ePrpofUw,VCQdmIoF,153.0
912,0,KcvPUxQg,ePrpofUw,153.0
912,0,BlnSxBAr,KcvPUxQg,153.0
912,0,TCBUGaZf,BlnSxBAr,153.0
1472,0,hxSTJhOz,rDSiGFpR,2065.0
1472,0,TShNRujB,hxSTJhOz,2065.0
1472,0,gzZgDndk,TShNRujB,141.0
1558,0,eTJQHplR,nEXpIbiD,259.0
1296,0,ywuGpANM,eaNsVWDR,19557.0
1296,0,BZCtSmhk,ywuGpANM,22259.0
1296,0,VkcYQwTj,BZCtSmhk,22774.0
490,0,xkdRvtRu,HTKZNJTs,1754.0
490,0,SjZGieDS,xkdRvtRu,1735.0
490,0,pHNyFRmN,SjZGieDS,1385.0
1744,0,iBiVOFur,nrUfCQxz,6068.0
1744,0,niqrIlpR,iBiVOFur,5400.0
1744,0,uVsOstge,niqrIlpR,4911.0
1744,0,HTKZNJTs,uVsOstge,5066.0
1744,0,qvujbmjR,HTKZNJTs,5805.0
1744,0,REvIjxsO,qvujbmjR,5783.0
1744,0,CylWjYTC,REvIjxsO,6083.0
1744,0,yMiwNCtj,CylWjYTC,6009.0
647,0,yYSDLmlm,ydoNqUsu,43.0
647,0,FDCDnriY,yYSDLmlm,43.0
647,0,hLEWSLqw,FDCDnriY,43.0
647,0,qDeoslSZ,hLEWSLqw,50.0
647,0,ydoNqUsu,OyNIynZV,34.0
214,0,OyNIynZV,NcLanIdZ,830.0
214,0,NcLanIdZ,SyrqOGJb,579.0
214,0,EYCnMsAF,awnNVqry,56.0
214,0,XjEyEHqT,EYCnMsAF,481.0
214,0,IvqxNjHK,XjEyEHqT,552.0
214,0,SyrqOGJb,IvqxNjHK,575.0
272,0,LmhVzFNJ,gVtshwcF,4340.0
573,0,jBnsfrlR,zGyJMIkT,1203.0
573,0,sjphZSiX,jBnsfrlR,1203.0
573,0,NgDeDdfx,sjphZSiX,1203.0
264,0,KHbKaRBy,EMzKPzug,1263.0
264,0,uUBnPWGG,KHbKaRBy,1263.0
706,0,ozAxYCwR,uiYVYPQX,136.0
1221,0,bkPedFyi,dlIiZmBi,7681.0
1221,0,neCsPoxX,bkPedFyi,7760.0
1221,0,RMvkOcpU,neCsPoxX,7760.0
1221,0,qVxAOUMG,RMvkOcpU,7882.0
1221,0,bYKKzRQT,qVxAOUMG,7882.0
1221,0,CLqSCDPt,bYKKzRQT,7882.0
1221,0,ZzqCYjTC,CLqSCDPt,7877.0
1221,0,UtzkRwuC,ZzqCYjTC,7877.0
1221,0,cvCJiZVm,UtzkRwuC,7857.0
1221,0,MklhhYCQ,cvCJiZVm,7818.0
994,0,zjGRmLyo,JGydtICe,2118.0
994,0,EXTmTMKf,zjGRmLyo,2105.0
994,0,yfIoPTHo,EXTmTMKf,1526.0
994,0,GnOurcjN,yfIoPTHo,1526.0
994,0,vHkAlmCm,GnOurcjN,1190.0
994,0,YspLWkZX,vHkAlmCm,1190.0
994,0,pRBbbEoD,YspLWkZX,945.0
994,0,cfVAtKgo,pRBbbEoD,944.0
994,0,QMiQTlda,cfVAtKgo,944.0
994,0,MaKoROaE,QMiQTlda,944.0
779,0,khOlLZay,CDXhVrrJ,5023.0
264,0,TCBUGaZf,BlnSxBAr,701.0
264,0,pzcCDVmZ,TCBUGaZf,920.0
264,0,AUBTKFbY,pzcCDVmZ,921.0
264,0,fjevhefZ,AUBTKFbY,942.0
264,0,vyQyYYqJ,fjevhefZ,942.0
264,0,ztLkgYlA,vyQyYYqJ,942.0
264,0,IvQQZbJW,ztLkgYlA,1042.0
264,0,yaKWBgLg,IvQQZbJW,1044.0
264,0,lkujKSJT,yaKWBgLg,1044.0
264,0,twMezfOU,lkujKSJT,1169.0
264,0,EMzKPzug,twMezfOU,1169.0
264,0,rivVbWxD,FJLNitGY,1156.0
16,0,tWKcfmbS,cfShLPmI,5808.0
1107,0,WMODaVhE,GSOqnCzV,738.0
1107,0,SzPBLAwy,WMODaVhE,738.0
1107,0,nEsTDuVQ,SzPBLAwy,781.0
1107,0,TTqWKaTM,nEsTDuVQ,781.0
1107,0,liUSqvwm,TTqWKaTM,781.0
1107,0,icUOEXSt,liUSqvwm,781.0
1107,0,ggnpPWOO,icUOEXSt,781.0
1107,0,nnnLtFmO,ggnpPWOO,781.0
1107,0,OLVfWwhL,nnnLtFmO,781.0
1107,0,wfDLjSSS,OLVfWwhL,781.0
1107,0,fslmqcXP,wfDLjSSS,782.0
1107,0,NxZLWDKg,fslmqcXP,835.0
1107,0,ysYPVGOc,NxZLWDKg,835.0
1107,0,GgxxeDsY,ysYPVGOc,835.0
1107,0,OIDfcbwB,GgxxeDsY,835.0
1107,0,PCRBVfUw,OIDfcbwB,835.0
1107,0,uTBXaSDE,PCRBVfUw,835.0
1107,0,hnvEGTpC,uTBXaSDE,835.0
1107,0,sAuLGTlR,hnvEGTpC,835.0
1107,0,ixhHdGBo,sAuLGTlR,815.0
1107,0,spVkBMtX,ixhHdGBo,815.0
1107,0,uuLXjUrY,spVkBMtX,815.0
1107,0,ekoOPpVq,uuLXjUrY,815.0
1107,0,rljVoTvk,ekoOPpVq,815.0
1107,0,gxidCspv,rljVoTvk,815.0
1107,0,wRTYbalx,gxidCspv,814.0
1107,0,ZqOseExI,wRTYbalx,814.0
1107,0,FdBCLyPI,ZqOseExI,814.0
1107,0,CrOFTJlw,FdBCLyPI,814.0
1107,0,PyGiRErs,CrOFTJlw,772.0
1107,0,qflzswAf,PyGiRErs,750.0
973,0,cCEhgrAc,srZucbpJ,2332.0
973,0,cfShLPmI,cCEhgrAc,2332.0
973,0,tWKcfmbS,cfShLPmI,2332.0
973,0,rmNVGWDV,tWKcfmbS,2332.0
973,0,OQRQrPoA,rmNVGWDV,2332.0
1245,0,LmhVzFNJ,gVtshwcF,1341.0
1245,0,CmbQeSBI,LmhVzFNJ,1345.0
1245,0,RVyaKvKa,CmbQeSBI,1345.0
1245,0,OQRQrPoA,RVyaKvKa,1345.0
272,0,CmbQeSBI,LmhVzFNJ,4320.0
272,0,RVyaKvKa,CmbQeSBI,4320.0
272,0,OQRQrPoA,RVyaKvKa,4320.0
524,0,nqZDBuxM,FZjXRNIl,1449.0
524,0,aAfSzptC,nqZDBuxM,1450.0
524,0,pZulUpHT,aAfSzptC,1450.0
273,0,EtvjcvTp,CKNrjFUU,6.0
264,0,KcvPUxQg,ePrpofUw,470.0
264,0,BlnSxBAr,KcvPUxQg,470.0
264,0,NFInfBeu,kKKRBhFF,404.0
264,0,VCQdmIoF,NFInfBeu,404.0
264,0,ePrpofUw,VCQdmIoF,404.0
264,0,WdOwNGhj,xfbmoJHP,383.0
264,0,kKKRBhFF,WdOwNGhj,383.0
483,0,CmbQeSBI,gVtshwcF,531.0
483,0,RVyaKvKa,CmbQeSBI,531.0
483,0,OQRQrPoA,RVyaKvKa,531.0
584,0,kZdBhxvo,gRuqifBH,1204.0
584,0,ZBkAAevT,kZdBhxvo,1169.0
584,0,cMinRgYB,ZBkAAevT,1169.0
523,0,kZdBhxvo,gRuqifBH,2228.0
523,0,ZBkAAevT,kZdBhxvo,2228.0
523,0,cMinRgYB,ZBkAAevT,2228.0
1472,0,jQaLNViL,gyQqEnFq,2191.0
1419,0,yfIoPTHo,EXTmTMKf,4253.0
1419,0,GnOurcjN,yfIoPTHo,4198.0
1419,0,vHkAlmCm,GnOurcjN,3154.0
1419,0,WynPMslR,vHkAlmCm,3109.0
1419,0,qjwSVoCq,WynPMslR,2512.0
1419,0,WvPJYXMk,qjwSVoCq,2088.0
264,0,OQRQrPoA,rivVbWxD,940.0
584,0,LRmPOeoe,cMinRgYB,1126.0
678,0,EMzKPzug,WGGanwZU,645.0
524,0,OeKkfJSz,HTcmpFUD,702.0
524,0,FZjXRNIl,OeKkfJSz,702.0
523,0,CPPLrzGV,cMinRgYB,2126.0
490,0,FFLftRlg,vBGGqNND,1444.0
490,0,HTKZNJTs,FFLftRlg,1815.0
490,0,vISVJoyz,pHNyFRmN,1373.0
490,0,RHWjHSWx,vISVJoyz,1313.0
452,0,pHNyFRmN,OWkTamRc,4836.0
452,0,SMriOOgF,pHNyFRmN,4840.0
452,0,rWiIOjNx,SMriOOgF,4840.0
452,0,bvSKVAYv,rWiIOjNx,4840.0
524,0,tBNXSyMW,pZulUpHT,2088.0
1193,0,pHNyFRmN,OWkTamRc,623.0
1193,0,SMriOOgF,pHNyFRmN,623.0
1193,0,rWiIOjNx,SMriOOgF,623.0
1193,0,bvSKVAYv,rWiIOjNx,623.0
1193,0,JZGNdgml,bvSKVAYv,708.0
1193,0,uHbImzAf,JZGNdgml,708.0
1193,0,IzsieVnc,uHbImzAf,915.0
1193,0,aYIMvmGX,IzsieVnc,915.0
1193,0,WGGanwZU,aYIMvmGX,980.0
1193,0,ArHpJhVJ,WGGanwZU,980.0
46,0,QpprBOSr,SOVcCDqR,8481.0
46,0,Plxavose,QpprBOSr,7801.0
46,0,CpULuhdq,Plxavose,7337.0
46,0,tJbXQuOE,CpULuhdq,7337.0
46,0,dAjqsFfg,tJbXQuOE,5838.0
46,0,vizUtPmY,dAjqsFfg,5838.0
46,0,fytASSfG,vizUtPmY,5445.0
46,0,kFSxtGUW,fytASSfG,5445.0
46,0,ULMVzkWs,kFSxtGUW,5314.0
46,0,ZNjvBYak,ULMVzkWs,5313.0
46,0,wPeqfEci,ZNjvBYak,5084.0
46,0,MjMDaXaP,wPeqfEci,5084.0
46,0,OGoFbxUJ,MjMDaXaP,5084.0
46,0,XNUmFqNT,OGoFbxUJ,5084.0
46,0,hSdNxZqe,XNUmFqNT,4989.0
678,0,KHbKaRBy,EMzKPzug,6.0
626,0,tWKcfmbS,cfShLPmI,2002.0
626,0,zXtHnUiq,tWKcfmbS,2002.0
16,0,hEhmxyDr,tWKcfmbS,5728.0
16,0,OxhtFIfA,hEhmxyDr,5728.0
264,0,CEyhPnMH,OQRQrPoA,864.0
264,0,ogrZorIF,CEyhPnMH,864.0
483,0,CEyhPnMH,OQRQrPoA,97.0
483,0,ogrZorIF,CEyhPnMH,97.0
483,0,fumBmOZX,ogrZorIF,97.0
264,0,fumBmOZX,ogrZorIF,855.0
1169,0,YbopoHtZ,UUyOnuCZ,192.0
1169,0,LIaalPFl,YbopoHtZ,192.0
1169,0,XBBRJpEo,LIaalPFl,193.0
1169,0,yfDSCLNC,XBBRJpEo,351.0
1169,0,eUWmFhmU,yfDSCLNC,351.0
1169,0,PaIXMFSn,eUWmFhmU,351.0
1169,0,xWjNpCho,PaIXMFSn,450.0
1169,0,drCNaUUd,xWjNpCho,498.0
1169,0,GiLGTLpB,drCNaUUd,498.0
1169,0,uCrZVfKw,GiLGTLpB,498.0
1169,0,ibPVFfKv,uCrZVfKw,498.0
1169,0,MokitPrF,ibPVFfKv,498.0
1169,0,WWVpYMJI,MokitPrF,498.0
1169,0,UmISPPJO,WWVpYMJI,839.0
1169,0,VPUbGzfh,UmISPPJO,946.0
1169,0,MVExtcyL,VPUbGzfh,946.0
1169,0,bciZjPUu,MVExtcyL,946.0
1169,0,ogOCBKAf,bciZjPUu,926.0
990,0,tWpVdCtj,ArHpJhVJ,6624.0
990,0,EdJUuxct,tWpVdCtj,6624.0
187,0,TcEVvOUM,BHzRSlej,1649.0
187,0,qGnNRXVR,TcEVvOUM,1649.0
187,0,ouPwTbuD,qGnNRXVR,1649.0
187,0,MwLdaJul,ouPwTbuD,1651.0
187,0,QUMnpJQp,MwLdaJul,1946.0
187,0,FyIjwLBj,QUMnpJQp,2010.0
187,0,vXPGJwVk,FyIjwLBj,2000.0
187,0,GjiyfRqd,vXPGJwVk,2000.0
187,0,qzuHypgA,GjiyfRqd,2305.0
187,0,KCMgfriT,qzuHypgA,2278.0
187,0,fjevhefZ,AUBTKFbY,1936.0
187,0,vyQyYYqJ,fjevhefZ,1936.0
187,0,ztLkgYlA,vyQyYYqJ,1892.0
187,0,IvQQZbJW,ztLkgYlA,331.0
1650,0,MlYFoaez,pWUEfFEM,1403.0
1650,0,XeinAhyy,MlYFoaez,721.0
1650,0,pGpZhRvq,XeinAhyy,721.0
1650,0,alaJPSTW,pGpZhRvq,721.0
1650,0,ngNzeSzC,alaJPSTW,721.0
1650,0,FoxIDeQY,ngNzeSzC,721.0
1650,0,dZoxKDmD,FoxIDeQY,721.0
1650,0,ZOuLYtJj,dZoxKDmD,721.0
1650,0,SGnJOquj,ZOuLYtJj,721.0
1650,0,ogOCBKAf,SGnJOquj,721.0
400,0,XeinAhyy,MlYFoaez,1751.0
400,0,pGpZhRvq,XeinAhyy,1751.0
400,0,alaJPSTW,pGpZhRvq,1751.0
400,0,ngNzeSzC,alaJPSTW,1751.0
400,0,PHuvYJrP,ngNzeSzC,1747.0
661,0,CmbQeSBI,gVtshwcF,1337.0
661,0,RVyaKvKa,CmbQeSBI,1337.0
661,0,ymMncFZF,RVyaKvKa,1658.0
661,0,QKdRzNnX,ymMncFZF,1658.0
661,0,EQSFTfWT,QKdRzNnX,1694.0
661,0,pHgJPiEB,EQSFTfWT,1694.0
661,0,jLGvGvQf,pHgJPiEB,1694.0
661,0,issQYORv,jLGvGvQf,1694.0
584,0,vMBlttbG,LRmPOeoe,746.0
584,0,zdEUiAFY,vMBlttbG,746.0
1379,0,QHFmFyLR,EkWBPXmr,431.0
1379,0,neNWquOh,QHFmFyLR,431.0
1379,0,KwaxxmSs,neNWquOh,435.0
1379,0,PSjGjQXK,KwaxxmSs,435.0
1379,0,FDPmqphv,PSjGjQXK,785.0
1379,0,aVjdmBcp,FDPmqphv,1621.0
1379,0,isVKhOXG,aVjdmBcp,1621.0
1379,0,mKIQRbrs,isVKhOXG,1717.0
1379,0,qvujbmjR,mKIQRbrs,1981.0
1379,0,SqxhBMol,qvujbmjR,1990.0
1379,0,MzWshIAL,SqxhBMol,2096.0
1379,0,NZGnRwVn,MzWshIAL,2175.0
1379,0,qVoRAqeW,NZGnRwVn,2145.0
14,0,fOfcyQgJ,cGoHBmgo,2141.0
14,0,YXOKWXAw,fOfcyQgJ,2440.0
14,0,PSjGjQXK,YXOKWXAw,2440.0
712,0,qdrjbHYS,ozAxYCwR,159.0
712,0,awOEKaEj,qdrjbHYS,2915.0
712,0,fFHpEWYG,awOEKaEj,3030.0
712,0,jOxyxYyy,fFHpEWYG,3439.0
712,0,gGlRqksC,jOxyxYyy,3439.0
712,0,GRRjUQxz,gGlRqksC,3439.0
712,0,MlQcmexA,GRRjUQxz,3439.0
712,0,vISVJoyz,MlQcmexA,1750.0
712,0,RHWjHSWx,vISVJoyz,1750.0
712,0,VpmqCJUB,RHWjHSWx,2273.0
712,0,EvIZgaUF,VpmqCJUB,2151.0
712,0,mGgwEHaG,EvIZgaUF,2151.0
712,0,DWuGRWkF,mGgwEHaG,2151.0
712,0,ryMrZCSE,DWuGRWkF,2097.0
712,0,fRxWIrbs,ryMrZCSE,1725.0
712,0,QrdELzCu,fRxWIrbs,1729.0
712,0,YvwQRHTE,QrdELzCu,1729.0
712,0,HJTsgSzj,YvwQRHTE,1729.0
679,0,twMezfOU,LRmPOeoe,415.0
679,0,XXPGaRGh,jKjAXpVP,671.0
679,0,IMtkgxTU,XXPGaRGh,671.0
679,0,MlQcmexA,IMtkgxTU,671.0
679,0,RHWjHSWx,MlQcmexA,560.0
679,0,EvIZgaUF,RHWjHSWx,830.0
679,0,mGgwEHaG,EvIZgaUF,787.0
679,0,DWuGRWkF,mGgwEHaG,787.0
679,0,ryMrZCSE,DWuGRWkF,817.0
679,0,fRxWIrbs,ryMrZCSE,1450.0
679,0,QrdELzCu,fRxWIrbs,1450.0
679,0,YvwQRHTE,QrdELzCu,1450.0
679,0,HJTsgSzj,YvwQRHTE,1450.0
679,0,TcTonWJL,HJTsgSzj,2195.0
679,0,VCDwRKse,TcTonWJL,2706.0
679,0,lZYsrfVZ,VCDwRKse,2706.0
273,0,fFHpEWYG,FcOkCcps,1673.0
729,0,yTOnYgGF,EsTStEav,6.0
729,0,mXosqjnx,yTOnYgGF,6.0
729,0,jisQZBDs,mXosqjnx,10.0
729,0,NcoWExwJ,jisQZBDs,5.0
729,0,hygBouPP,NcoWExwJ,5.0
729,0,iPzquFzR,hygBouPP,5.0
729,0,ODNKqRCQ,iPzquFzR,5.0
729,0,ZTCNsviV,ODNKqRCQ,5.0
729,0,GBYHqHQO,ZTCNsviV,5.0
729,0,lBjlyorh,GBYHqHQO,5.0
729,0,apwTQKga,lBjlyorh,5.0
729,0,XNHVHmHa,apwTQKga,5.0
729,0,vGqwislq,XNHVHmHa,5.0
729,0,AwLiWVdI,vGqwislq,5.0
729,0,XBhuaxff,AwLiWVdI,5.0
729,0,ZkIfwknW,XBhuaxff,5.0
729,0,LjPncvCg,ZkIfwknW,5.0
729,0,cYHkZUeY,LjPncvCg,5.0
729,0,JjkwBsaR,cYHkZUeY,5.0
729,0,xWKOjfGB,JjkwBsaR,5.0
729,0,zrJLwXnk,xWKOjfGB,5.0
729,0,LUpTnILf,zrJLwXnk,5.0
729,0,qezgFtTe,LUpTnILf,5.0
729,0,EtAJJbBW,qezgFtTe,5.0
729,0,uPlQduWZ,EtAJJbBW,5.0
729,0,GZZaPhbw,uPlQduWZ,5.0
729,0,EwdOCOAF,GZZaPhbw,5.0
729,0,QGNcLOop,EwdOCOAF,5.0
729,0,NLDgVASg,QGNcLOop,4.0
729,0,DKPrUpnj,NLDgVASg,4.0
729,0,lBopHXdD,DKPrUpnj,4.0
729,0,Oslgxmkx,lBopHXdD,4.0
729,0,AtcDBGpE,Oslgxmkx,4.0
729,0,nsjiKPCz,AtcDBGpE,4.0
729,0,vfdAIPGv,nsjiKPCz,4.0
729,0,ubZrQMid,vfdAIPGv,4.0
729,0,gBkmsEyR,ubZrQMid,4.0
729,0,cGoHBmgo,gBkmsEyR,4.0
729,0,EkWBPXmr,cGoHBmgo,4.0
108,0,pzcCDVmZ,TCBUGaZf,9711.0
108,0,oUmVLfUX,pzcCDVmZ,9711.0
108,0,fJdABIlw,oUmVLfUX,9711.0
108,0,mXwfazRz,fJdABIlw,10230.0
108,0,rBcVngYR,mXwfazRz,10252.0
108,0,NGAodVTg,rBcVngYR,10824.0
108,0,TvGyfQSI,NGAodVTg,10846.0
108,0,HFYkXdPG,TvGyfQSI,10955.0
108,0,KjgVoxgR,HFYkXdPG,11483.0
108,0,xTOrUJFO,KjgVoxgR,11427.0
457,0,suszCmcx,ojYgsDtJ,45.0
457,0,AHQzSmld,suszCmcx,46.0
457,0,lXxeIKQj,AHQzSmld,46.0
457,0,UWSJuCAz,lXxeIKQj,46.0
457,0,xfYjeqNM,UWSJuCAz,46.0
457,0,nrUfCQxz,xfYjeqNM,46.0
457,0,vJitwYAE,nrUfCQxz,46.0
457,0,iBiVOFur,vJitwYAE,46.0
457,0,SWnceHEw,iBiVOFur,46.0
457,0,AjJCgCBk,SWnceHEw,46.0
457,0,jFmPCmzM,AjJCgCBk,46.0
457,0,TrOiZJox,jFmPCmzM,46.0
457,0,fkZFUNSd,TrOiZJox,32.0
457,0,lTemnVVF,fkZFUNSd,32.0
457,0,pYVbvizw,lTemnVVF,32.0
457,0,vUKUaFbz,pYVbvizw,32.0
684,0,KMDYeUKg,ZHaurlhr,3056.0
684,0,FrlvFFoW,KMDYeUKg,2578.0
684,0,buBFkWue,FrlvFFoW,2660.0
684,0,gaeBmadp,buBFkWue,2677.0
684,0,CpnDMnJS,gaeBmadp,2677.0
684,0,fSmTHZJS,CpnDMnJS,2667.0
684,0,WSTcrrBn,fSmTHZJS,2289.0
684,0,mayUcTNe,WSTcrrBn,2286.0
684,0,DyPueDjA,mayUcTNe,2286.0
684,0,qMoZNsgo,DyPueDjA,2295.0
684,0,udNzSSji,qMoZNsgo,2295.0
684,0,uKKyuZyC,udNzSSji,2295.0
684,0,GhNbXpjs,uKKyuZyC,2278.0
684,0,aIerxCRO,lxSUNwOi,3146.0
684,0,ZHaurlhr,aIerxCRO,3146.0
480,0,RDRtuZUD,FliRNcXy,587.0
480,0,HRxXRUxZ,RDRtuZUD,587.0
480,0,TiulEaYs,HRxXRUxZ,587.0
480,0,dwUntJQR,TiulEaYs,802.0
480,0,VQMcZIwA,dwUntJQR,802.0
480,0,RyfxjoUl,VQMcZIwA,989.0
480,0,QIQMIQBO,RyfxjoUl,866.0
480,0,hOGVczfj,QIQMIQBO,797.0
480,0,kXtCwJQx,hOGVczfj,727.0
480,0,UZvsWvxC,kXtCwJQx,727.0
480,0,Afgbwxue,UZvsWvxC,728.0
480,0,yHOAvGcL,Afgbwxue,728.0
480,0,cPCRxZjy,yHOAvGcL,266.0
480,0,qpacHTVx,cPCRxZjy,458.0
480,0,XFLojCJa,qpacHTVx,458.0
684,0,biJBLznK,UfJDroVz,2160.0
684,0,TcsyXYNn,biJBLznK,2160.0
684,0,qKeCDDXI,TcsyXYNn,2160.0
684,0,YmkUpvHU,qKeCDDXI,2816.0
684,0,GbYxEXTt,YmkUpvHU,3207.0
684,0,DOGyniWl,GbYxEXTt,2020.0
684,0,fubLBmAl,DOGyniWl,2267.0
684,0,nEXpIbiD,fubLBmAl,2267.0
684,0,eTJQHplR,nEXpIbiD,2270.0
684,0,vrgENeuF,eTJQHplR,3254.0
684,0,lxSUNwOi,vrgENeuF,3088.0
684,0,QontmjvH,JIllbhjr,1080.0
684,0,oBtsEQRM,QontmjvH,1080.0
684,0,UFoaQvGg,oBtsEQRM,1980.0
684,0,uxsctOEt,UFoaQvGg,1980.0
684,0,UfJDroVz,uxsctOEt,2028.0
1750,0,GpnhEWuy,QDIpIlEK,1674.0
1750,0,rRGVruPM,GpnhEWuy,1674.0
1750,0,YmkUpvHU,rRGVruPM,1655.0
1750,0,GbYxEXTt,YmkUpvHU,1655.0
1750,0,DOGyniWl,GbYxEXTt,1392.0
1750,0,fubLBmAl,DOGyniWl,1392.0
1750,0,nEXpIbiD,fubLBmAl,1392.0
1750,0,eTJQHplR,nEXpIbiD,1285.0
1453,0,rGYrQqGa,OUTzwMHI,887.0
1453,0,QCBPrBCl,rGYrQqGa,887.0
1453,0,wDEypHfE,QCBPrBCl,710.0
1453,0,yTNmoAGc,wDEypHfE,710.0
1453,0,meZHMfSd,yTNmoAGc,521.0
1453,0,wGTdgRcU,meZHMfSd,521.0
1453,0,cQHgTjKq,wGTdgRcU,410.0
1453,0,ruogAkOJ,cQHgTjKq,420.0
1453,0,tndfGrTh,ruogAkOJ,420.0
1453,0,OdzEGWPG,tndfGrTh,420.0
1453,0,WUWIxCFc,OdzEGWPG,418.0
1453,0,XJRnAJHc,WUWIxCFc,418.0
1453,0,jQaLNViL,XJRnAJHc,170.0
1453,0,RfEbENxd,jQaLNViL,229.0
1453,0,NUTqiXnx,RfEbENxd,283.0
367,0,GbYxEXTt,YmkUpvHU,2418.0
367,0,DOGyniWl,GbYxEXTt,1657.0
367,0,fubLBmAl,DOGyniWl,1657.0
367,0,nEXpIbiD,fubLBmAl,1595.0
367,0,eTJQHplR,nEXpIbiD,1415.0
1296,0,eaNsVWDR,ejMjPdTH,14389.0
1296,0,BLvXEzeq,gzTQJVMW,11898.0
1296,0,AoRkaUmb,BLvXEzeq,12017.0
1296,0,ALhaazBT,AoRkaUmb,12017.0
1296,0,YqlTLIQa,ALhaazBT,13203.0
1296,0,AUmOMGnp,YqlTLIQa,13203.0
1296,0,ejMjPdTH,AUmOMGnp,13377.0
950,0,HeRuYpNs,UrTDCKsV,50.0
950,0,qRJySzaf,HeRuYpNs,47.0
950,0,LTfflVxG,qRJySzaf,47.0
950,0,AhWKwjTz,LTfflVxG,47.0
950,0,VEiYdotb,AhWKwjTz,46.0
950,0,DgYBMgPg,VEiYdotb,46.0
950,0,vkArqzKY,DgYBMgPg,38.0
950,0,gzTQJVMW,vkArqzKY,38.0
1296,0,gzTQJVMW,RVEyrwjR,10794.0
780,0,yGpawgaV,JMPYaKbU,1291.0
780,0,MpBHVRZl,yGpawgaV,1259.0
673,0,bgWfLree,DsuTXcIa,765.0
673,0,nUYnioIh,bgWfLree,765.0
673,0,UAkhVpHN,nUYnioIh,765.0
673,0,EvIZgaUF,UAkhVpHN,765.0
673,0,mGgwEHaG,EvIZgaUF,762.0
673,0,DWuGRWkF,mGgwEHaG,762.0
673,0,ryMrZCSE,DWuGRWkF,762.0
673,0,fRxWIrbs,ryMrZCSE,466.0
673,0,sKbmdUEJ,fRxWIrbs,462.0
673,0,zWeVnnxO,sKbmdUEJ,462.0
673,0,kXofjcRp,zWeVnnxO,462.0
673,0,mCHzTQKa,kXofjcRp,357.0
673,0,VCDwRKse,mCHzTQKa,357.0
673,0,lZYsrfVZ,VCDwRKse,357.0
673,0,eOdwAkBF,ydoNqUsu,473.0
673,0,FDCDnriY,eOdwAkBF,473.0
673,0,DsuTXcIa,FDCDnriY,548.0
673,0,enOsQere,LPBTmxgF,113.0
673,0,ydoNqUsu,enOsQere,113.0
481,0,JGbfxLUL,KQSHMGnw,1408.0
481,0,IjwLXBRx,JGbfxLUL,1408.0
481,0,YmbmpLps,IjwLXBRx,1408.0
481,0,nJRBvlcT,YmbmpLps,1503.0
481,0,IkxLwyxa,nJRBvlcT,1770.0
1567,0,jcExlqwL,RCkelXPh,4787.0
1567,0,YctaenCe,jcExlqwL,3879.0
1567,0,tzYrVhKO,YctaenCe,3869.0
1567,0,UgpyjFML,tzYrVhKO,3710.0
287,0,tkDBwPiV,uGNDunGF,352.0
287,0,mqlWPdpA,tkDBwPiV,353.0
287,0,lOdrwgOe,mqlWPdpA,353.0
287,0,BRjWpQtg,lOdrwgOe,330.0
287,0,CrcsXCbZ,BRjWpQtg,330.0
287,0,fcKeEgEf,CrcsXCbZ,243.0
287,0,BpAiVnps,fcKeEgEf,243.0
287,0,OAywdpTB,BpAiVnps,242.0
287,0,ufvngNip,OAywdpTB,242.0
287,0,ybjkPLXB,ufvngNip,242.0
584,0,CorDNIJt,zdEUiAFY,734.0
1198,0,yjunmuoE,IvQQZbJW,393.0
1198,0,ljAgYLSe,yjunmuoE,393.0
1198,0,dTWbWYya,ljAgYLSe,385.0
1198,0,CorDNIJt,dTWbWYya,384.0
584,0,LciqyJfg,CorDNIJt,706.0
584,0,HTcmpFUD,LciqyJfg,706.0
523,0,vMBlttbG,CPPLrzGV,1459.0
523,0,zdEUiAFY,vMBlttbG,1459.0
523,0,CorDNIJt,zdEUiAFY,1459.0
523,0,LciqyJfg,CorDNIJt,861.0
523,0,HTcmpFUD,LciqyJfg,861.0
1198,0,LciqyJfg,CorDNIJt,381.0
1198,0,HTcmpFUD,LciqyJfg,381.0
1702,0,KOOURKwq,ALndweLA,2288.0
1702,0,VkuawVVW,KOOURKwq,2252.0
1702,0,iooOeHkN,VkuawVVW,2276.0
1702,0,DgeiAShx,iooOeHkN,2276.0
1198,0,dBTDkDZt,gOJphFVT,1791.0
1198,0,tldUULAx,dBTDkDZt,2469.0
187,0,AszcEtOu,BpAiVnps,1246.0
187,0,TCqyxHhF,AszcEtOu,1517.0
187,0,BHzRSlej,TCqyxHhF,1517.0
187,0,yjunmuoE,IvQQZbJW,330.0
187,0,ljAgYLSe,yjunmuoE,330.0
187,0,dTWbWYya,ljAgYLSe,330.0
187,0,CorDNIJt,dTWbWYya,330.0
187,0,LciqyJfg,CorDNIJt,330.0
187,0,HTcmpFUD,LciqyJfg,330.0
990,0,gmiMCrrb,EdJUuxct,6668.0
186,0,OeKkfJSz,HTcmpFUD,572.0
186,0,FZjXRNIl,OeKkfJSz,572.0
186,0,wHSBMatn,FZjXRNIl,572.0
186,0,pbVrXoGi,wHSBMatn,572.0
186,0,GuhaYkFL,pbVrXoGi,578.0
186,0,EdJUuxct,GuhaYkFL,578.0
186,0,gmiMCrrb,EdJUuxct,472.0
973,0,TCMQvOqy,sUAChhLU,2273.0
973,0,JyqrAKLu,TCMQvOqy,2348.0
973,0,XxhwFmzZ,JyqrAKLu,2348.0
973,0,GQmprOhw,XxhwFmzZ,1927.0
973,0,aWeAvoyP,GQmprOhw,2127.0
973,0,exnIZrMP,aWeAvoyP,2127.0
973,0,zoqWMrrO,exnIZrMP,2140.0
973,0,WSMobtPt,zoqWMrrO,2140.0
973,0,ClDeGdta,WSMobtPt,2140.0
973,0,PqoYMtMO,ClDeGdta,795.0
1689,0,oizEKkjz,YyUbakrH,23.0
1689,0,wqmVlyfa,oizEKkjz,34.0
1689,0,JvDZYJph,wqmVlyfa,34.0
1689,0,gdbAGAQU,JvDZYJph,131.0
1689,0,tBgOcvQf,gdbAGAQU,131.0
170,0,YoEMZEcq,qCZHeqZn,831.0
177,0,qkTCgKXX,YoEMZEcq,650.0
177,0,XjSQdTLS,qkTCgKXX,650.0
595,0,kBaIvAJI,pobpsCoK,763.0
595,0,zltqyTKX,kBaIvAJI,811.0
595,0,TRZUQkiC,zltqyTKX,811.0
595,0,wCUyFOIX,TRZUQkiC,811.0
595,0,RtYHfABF,wCUyFOIX,811.0
595,0,JKycCNae,RtYHfABF,811.0
595,0,cMdRoPmQ,JKycCNae,811.0
965,0,XVbubuGa,OwpcAtJV,263.0
965,0,iuOUwLky,XVbubuGa,263.0
965,0,nZnozRfz,iuOUwLky,263.0
965,0,ozAxYCwR,nZnozRfz,263.0
1052,0,xokKvraT,INegqJKU,144.0
1052,0,HaSZVkzu,xokKvraT,144.0
1052,0,yjaYbUGq,HaSZVkzu,144.0
1052,0,LbyQgJih,yjaYbUGq,144.0
1052,0,FPXdCAOW,LbyQgJih,144.0
1052,0,ouHKxPGS,FPXdCAOW,144.0
1058,0,INegqJKU,AGDZrVfo,308.0
1058,0,xokKvraT,INegqJKU,344.0
1058,0,HaSZVkzu,xokKvraT,344.0
1058,0,yjaYbUGq,HaSZVkzu,344.0
1058,0,LbyQgJih,yjaYbUGq,344.0
1058,0,FPXdCAOW,LbyQgJih,344.0
1058,0,ouHKxPGS,FPXdCAOW,344.0
1058,0,GEijdcGW,ouHKxPGS,344.0
1058,0,MKKzwAOv,GEijdcGW,363.0
1058,0,mhDCqtpx,MKKzwAOv,343.0
1058,0,TJDsQDoO,mhDCqtpx,343.0
1058,0,yTictHOU,TJDsQDoO,265.0
1058,0,illGQStO,yTictHOU,265.0
1058,0,AUrIxxcC,illGQStO,265.0
1058,0,zqZasXpA,AUrIxxcC,263.0
1058,0,EYGEAZtD,zqZasXpA,263.0
1058,0,AJLJQqsT,EYGEAZtD,263.0
1058,0,NCSBLEus,AJLJQqsT,262.0
1058,0,xfbmoJHP,NCSBLEus,174.0
1064,0,pzcCDVmZ,TCBUGaZf,1.0
1064,0,AUBTKFbY,pzcCDVmZ,1.0
1064,0,fjevhefZ,AUBTKFbY,1.0
1064,0,vyQyYYqJ,fjevhefZ,1.0
1064,0,lxBswvKX,vyQyYYqJ,1.0
712,0,LVcdwgEp,ubzklVlS,2175.0
712,0,xTOrUJFO,LVcdwgEp,2147.0
657,0,TsaeiIGv,EkWBPXmr,3037.0
657,0,OsBkWRQx,TsaeiIGv,3680.0
657,0,udlIzhJE,OsBkWRQx,3680.0
657,0,DeduXMzE,udlIzhJE,3680.0
657,0,GXHjZCTL,DeduXMzE,3680.0
657,0,yolIeCeg,GXHjZCTL,3680.0
657,0,zGyJMIkT,yolIeCeg,3694.0
657,0,YbVmHVTt,zGyJMIkT,4498.0
657,0,ZlnerNQG,YbVmHVTt,4498.0
657,0,FVWAEAei,ZlnerNQG,4498.0
657,0,gVtshwcF,FVWAEAei,4506.0
657,0,LmhVzFNJ,gVtshwcF,4613.0
657,0,CmbQeSBI,LmhVzFNJ,4613.0
657,0,RVyaKvKa,CmbQeSBI,4613.0
657,0,ymMncFZF,RVyaKvKa,4613.0
657,0,OnjVGLlO,ymMncFZF,4613.0
657,0,QKdRzNnX,OnjVGLlO,4613.0
657,0,EQSFTfWT,QKdRzNnX,4724.0
657,0,pHgJPiEB,EQSFTfWT,4724.0
657,0,jLGvGvQf,pHgJPiEB,4724.0
657,0,issQYORv,jLGvGvQf,4724.0
657,0,mgIvIqkL,issQYORv,4835.0
657,0,MdBywaSB,mgIvIqkL,4835.0
1701,0,gxWBbdrZ,aHsZaffM,826.0
1701,0,mDPYPXHa,gxWBbdrZ,826.0
1701,0,XHLHCkqn,mDPYPXHa,826.0
1419,0,opPTwucI,HOwZAROe,4544.0
1419,0,htzVSGDL,opPTwucI,4531.0
1419,0,KabAcwBq,htzVSGDL,4534.0
1419,0,HAmwZMhM,KabAcwBq,4981.0
565,0,SOzmnmNW,PQDqFTyk,559.0
565,0,OhBAPvsb,SOzmnmNW,540.0
762,0,HqehCtdr,OhBAPvsb,6414.0
762,0,dHuMOmqh,HqehCtdr,5335.0
762,0,mdiSFJRM,dHuMOmqh,5456.0
762,0,ljNlRbnZ,mdiSFJRM,5456.0
736,0,qheIKvdP,bInfxKVp,2904.0
736,0,rBGGtpqI,qheIKvdP,2879.0
736,0,DeWEzUGk,rBGGtpqI,2879.0
736,0,XQiQvefE,DeWEzUGk,2879.0
736,0,OSxOVFcp,XQiQvefE,2879.0
736,0,vjVhbIrq,OSxOVFcp,2879.0
736,0,LeICPOtv,vjVhbIrq,2989.0
736,0,WhCgdKgR,LeICPOtv,2989.0
736,0,eyUKPfnA,WhCgdKgR,2989.0
736,0,TabXWeiJ,eyUKPfnA,3003.0
736,0,tDhKnafe,TabXWeiJ,3003.0
736,0,iGMYbQYg,tDhKnafe,2979.0
736,0,HeSMGtlu,iGMYbQYg,2979.0
736,0,ZgqhsueA,HeSMGtlu,2979.0
736,0,GYxWnXpv,ZgqhsueA,3736.0
736,0,mkpQpPSv,GYxWnXpv,3736.0
736,0,EIHKZlEa,mkpQpPSv,3736.0
736,0,oYdkYEMp,EIHKZlEa,3736.0
736,0,TkHOmLHQ,oYdkYEMp,3736.0
736,0,SwTowoaO,TkHOmLHQ,3736.0
736,0,YvwuVYMF,SwTowoaO,4011.0
573,0,rDSiGFpR,gFAsBeQM,44.0
600,0,wihERHzN,uiYVYPQX,1.0
227,0,jkmSVBKz,QkCkRebE,1086.0
227,0,XwcxmOai,jkmSVBKz,1086.0
1189,0,fGmFhgnx,GDiQpvtB,852.0
1189,0,XyHfgUxW,fGmFhgnx,468.0
1189,0,zjjLSYAp,XyHfgUxW,468.0
1189,0,wrsPDGBQ,zjjLSYAp,468.0
1189,0,UtwZFZsx,wrsPDGBQ,354.0
1189,0,QsteKrle,UtwZFZsx,354.0
1189,0,XMWgellz,QsteKrle,354.0
1189,0,LPldZjRa,XMWgellz,60.0
1669,0,SrxxnOEl,zjFHHUbS,89.0
1669,0,AXxrYyXG,SrxxnOEl,89.0
1669,0,QexJFwXO,AXxrYyXG,89.0
1669,0,exRzHfND,QexJFwXO,80.0
1669,0,slwzdYAd,exRzHfND,80.0
1669,0,phodyDNv,slwzdYAd,80.0
1669,0,gcvwQKzE,phodyDNv,80.0
1669,0,RuqLEiFp,gcvwQKzE,80.0
1669,0,jEliwrSM,RuqLEiFp,69.0
1669,0,OUlPxErG,jEliwrSM,69.0
1669,0,SPorkGXj,OUlPxErG,67.0
1669,0,ZqOseExI,SPorkGXj,67.0
1669,0,CrOFTJlw,ZqOseExI,67.0
1669,0,PyGiRErs,CrOFTJlw,67.0
1669,0,qflzswAf,PyGiRErs,54.0
16,0,GfBReROC,OxhtFIfA,4862.0
16,0,CLjYTiBy,GfBReROC,4862.0
272,0,CEyhPnMH,OQRQrPoA,4580.0
272,0,ogrZorIF,CEyhPnMH,4580.0
272,0,fumBmOZX,ogrZorIF,4605.0
272,0,CLjYTiBy,fumBmOZX,4605.0
1245,0,CEyhPnMH,OQRQrPoA,324.0
1245,0,ogrZorIF,CEyhPnMH,324.0
1245,0,fumBmOZX,ogrZorIF,324.0
1245,0,CLjYTiBy,fumBmOZX,324.0
264,0,CLjYTiBy,fumBmOZX,697.0
594,0,EiybrpzE,GdpNupee,601.0
594,0,YiexuWUO,EiybrpzE,601.0
594,0,NQsRzhNW,YiexuWUO,405.0
594,0,xAJVMHqO,NQsRzhNW,405.0
594,0,dycwBUSP,xAJVMHqO,405.0
594,0,igOcnIRX,dycwBUSP,405.0
594,0,dQYZBhGJ,igOcnIRX,124.0
594,0,iFderoVa,dQYZBhGJ,124.0
594,0,GQmprOhw,iFderoVa,124.0
594,0,CbblRkaH,GQmprOhw,124.0
594,0,BldTZUAI,CbblRkaH,124.0
594,0,nBYHMnkU,BldTZUAI,124.0
594,0,lotPPedu,nBYHMnkU,124.0
594,0,ERIWLSEl,lotPPedu,16.0
594,0,qsoLaWuJ,ERIWLSEl,16.0
594,0,WSBJbplj,qsoLaWuJ,16.0
594,0,THUDGZDu,WSBJbplj,16.0
594,0,XUEgpuYS,THUDGZDu,16.0
594,0,lXZmsBCe,XUEgpuYS,11.0
594,0,oftwwzSy,lXZmsBCe,11.0
594,0,CKNrjFUU,oftwwzSy,11.0
594,0,EtvjcvTp,CKNrjFUU,11.0
594,0,wuyFtExA,EtvjcvTp,11.0
594,0,MrybjzSo,wuyFtExA,11.0
594,0,yrRBvFtZ,MrybjzSo,11.0
594,0,leJfirnk,yrRBvFtZ,9.0
594,0,QRSRIbba,leJfirnk,9.0
594,0,EkCoFwMY,QRSRIbba,9.0
594,0,jqriedgy,EkCoFwMY,9.0
594,0,MTAZIXBL,jqriedgy,9.0
594,0,RkbXqAIs,MTAZIXBL,8.0
594,0,grMhZquG,KwyfuOzT,652.0
594,0,OeXJgkRW,grMhZquG,629.0
594,0,GdpNupee,OeXJgkRW,629.0
1119,0,LggmrEeo,qrudAScT,307.0
1120,0,KmBpjqPf,QImdosgy,163.0
1120,0,BCGYYxEK,KmBpjqPf,154.0
1120,0,Tjttdgfb,BCGYYxEK,154.0
1120,0,kOphzTYx,Tjttdgfb,154.0
1120,0,OqLLMkKT,kOphzTYx,154.0
1120,0,SbpvwGMk,OqLLMkKT,154.0
1120,0,twlXtIzd,SbpvwGMk,154.0
1120,0,dyfuQNKH,twlXtIzd,154.0
1120,0,nJqXilaA,dyfuQNKH,154.0
1120,0,tMAJjHeh,nJqXilaA,154.0
1120,0,LurStVaw,tMAJjHeh,150.0
1120,0,YmJRiEgw,LurStVaw,174.0
1120,0,TmUkjEUt,YmJRiEgw,163.0
1120,0,kIKddsaQ,TmUkjEUt,163.0
1120,0,NqSePdAx,kIKddsaQ,163.0
1120,0,YxYhlArE,NqSePdAx,158.0
1120,0,sAswhpJr,YxYhlArE,158.0
1120,0,VyHGAkTo,sAswhpJr,158.0
1120,0,RrhmmPMm,VyHGAkTo,158.0
1120,0,hqOmlOIp,RrhmmPMm,149.0
1120,0,qJgsxHch,hqOmlOIp,149.0
1120,0,lxplrluY,qJgsxHch,149.0
1120,0,zTJYYUap,lxplrluY,149.0
1120,0,UxPxrYmy,zTJYYUap,149.0
1120,0,ZfNDFPcl,UxPxrYmy,146.0
1120,0,KwXNMHkb,ZfNDFPcl,146.0
1120,0,YxUFlvZH,KwXNMHkb,146.0
1120,0,KMLNQwjh,YxUFlvZH,137.0
1120,0,aDaRCcaB,KMLNQwjh,137.0
1120,0,dQYZBhGJ,aDaRCcaB,137.0
1120,0,iFderoVa,dQYZBhGJ,118.0
1120,0,GQmprOhw,iFderoVa,118.0
1120,0,CbblRkaH,GQmprOhw,110.0
1120,0,BldTZUAI,CbblRkaH,110.0
1120,0,nBYHMnkU,BldTZUAI,110.0
1120,0,lotPPedu,nBYHMnkU,104.0
1120,0,ERIWLSEl,lotPPedu,102.0
1120,0,qsoLaWuJ,ERIWLSEl,102.0
1120,0,WSBJbplj,qsoLaWuJ,102.0
1120,0,THUDGZDu,WSBJbplj,102.0
1120,0,XUEgpuYS,THUDGZDu,102.0
1120,0,lXZmsBCe,XUEgpuYS,97.0
1120,0,oftwwzSy,lXZmsBCe,97.0
1120,0,CKNrjFUU,oftwwzSy,97.0
1120,0,EtvjcvTp,CKNrjFUU,97.0
1120,0,wuyFtExA,EtvjcvTp,79.0
1120,0,MrybjzSo,wuyFtExA,79.0
1120,0,yrRBvFtZ,MrybjzSo,79.0
1120,0,leJfirnk,yrRBvFtZ,78.0
1120,0,QRSRIbba,leJfirnk,78.0
1120,0,EkCoFwMY,QRSRIbba,78.0
1120,0,jqriedgy,EkCoFwMY,78.0
1120,0,MTAZIXBL,jqriedgy,78.0
1120,0,RkbXqAIs,MTAZIXBL,44.0
929,0,GrIDUMrH,ymMHSssn,61.0
929,0,XxJaecnl,GrIDUMrH,61.0
929,0,QFazRNUC,XxJaecnl,61.0
929,0,HyvnzuHA,QFazRNUC,52.0
929,0,TNTzUMyF,HyvnzuHA,42.0
929,0,avRuCqLk,TNTzUMyF,42.0
929,0,wIAALBva,avRuCqLk,42.0
929,0,nxBXRnVc,wIAALBva,42.0
929,0,sXWHYDNZ,nxBXRnVc,42.0
929,0,VKAAZZOV,sXWHYDNZ,42.0
929,0,Vtdujofe,VKAAZZOV,42.0
929,0,edTVGmZc,Vtdujofe,42.0
929,0,iqwCaPZT,edTVGmZc,42.0
929,0,qqDoWQdv,iqwCaPZT,42.0
929,0,eymgjBxV,qqDoWQdv,34.0
929,0,EonJeQKz,eymgjBxV,34.0
929,0,vkWqgNph,EonJeQKz,34.0
929,0,nJRQzVZQ,vkWqgNph,34.0
929,0,xunvufHj,nJRQzVZQ,34.0
929,0,rxrORjnb,xunvufHj,34.0
929,0,UVDfwOgc,rxrORjnb,33.0
929,0,TJDsQDoO,UVDfwOgc,33.0
929,0,yTictHOU,TJDsQDoO,32.0
929,0,sTaleXyI,yTictHOU,32.0
929,0,illGQStO,sTaleXyI,32.0
929,0,AUrIxxcC,illGQStO,32.0
929,0,zqZasXpA,AUrIxxcC,32.0
929,0,EYGEAZtD,zqZasXpA,32.0
929,0,AJLJQqsT,EYGEAZtD,32.0
929,0,NCSBLEus,AJLJQqsT,32.0
929,0,xfbmoJHP,NCSBLEus,15.0
1120,0,wuQzPlvL,FvRjKBvU,135.0
1120,0,NacgxEEi,wuQzPlvL,135.0
1120,0,ZbMvdFLw,NacgxEEi,135.0
1120,0,JUGtNdnF,ZbMvdFLw,135.0
1120,0,buTfkkhk,JUGtNdnF,135.0
1120,0,rwLqimtK,buTfkkhk,135.0
1120,0,LpwxWatG,rwLqimtK,140.0
1120,0,FbaONibz,LpwxWatG,140.0
1120,0,QImdosgy,FbaONibz,155.0
1120,0,FvRjKBvU,TJeJnSDd,77.0
657,0,UscCtYui,MdBywaSB,558.0
1703,0,zAAHYQhY,uSOMnpdQ,42.0
1703,0,jUhOGaww,zAAHYQhY,31.0
1703,0,CZhqrbpp,jUhOGaww,31.0
1703,0,BYVXItej,CZhqrbpp,31.0
1703,0,eEFiMPzB,BYVXItej,31.0
1703,0,rQuvSvCO,eEFiMPzB,31.0
1703,0,MpPYcjVn,rQuvSvCO,31.0
1703,0,DewKhksr,MpPYcjVn,31.0
1703,0,vqGhvZJF,DewKhksr,31.0
1703,0,XMWgellz,vqGhvZJF,31.0
626,0,GfBReROC,zXtHnUiq,1889.0
626,0,AjXddPle,GfBReROC,1889.0
272,0,NuwmOhpA,CLjYTiBy,4501.0
729,0,EsTStEav,ypjNmqeK,1.0
973,0,CEyhPnMH,OQRQrPoA,2467.0
973,0,ogrZorIF,CEyhPnMH,2467.0
973,0,fumBmOZX,ogrZorIF,2467.0
973,0,CLjYTiBy,fumBmOZX,2467.0
973,0,NuwmOhpA,CLjYTiBy,2487.0
16,0,NuwmOhpA,CLjYTiBy,4013.0
264,0,NuwmOhpA,CLjYTiBy,676.0
14,0,EtvjcvTp,CKNrjFUU,6.0
483,0,CLjYTiBy,fumBmOZX,88.0
483,0,NuwmOhpA,CLjYTiBy,88.0
778,0,kPfQKpcS,wULIWnbW,521.0
778,0,VyooPFNZ,kPfQKpcS,521.0
778,0,JyEnLYHy,VyooPFNZ,521.0
778,0,wcUGKfLa,JyEnLYHy,521.0
778,0,ZJxogzZw,wcUGKfLa,2193.0
778,0,Uacajbua,ZJxogzZw,2193.0
778,0,ZLCIvgrp,Uacajbua,2193.0
778,0,ucVTqZIB,ZLCIvgrp,2093.0
778,0,FDrhtNjK,ucVTqZIB,2093.0
778,0,YVGWiGkc,FDrhtNjK,2093.0
778,0,CqPWXNIf,YVGWiGkc,2093.0
778,0,iZfXNAue,CqPWXNIf,2056.0
778,0,OXvlrfnG,iZfXNAue,2368.0
778,0,CgMBzfIg,OXvlrfnG,2419.0
778,0,BCwVkMhO,CgMBzfIg,2419.0
778,0,MpBHVRZl,BCwVkMhO,2418.0
994,0,BWKNZpmt,VriUyyDM,2652.0
994,0,hMBIVszx,BWKNZpmt,2662.0
994,0,JgVaSAtG,hMBIVszx,2662.0
821,0,LjhqQBRt,FgbDpeSh,347.0
821,0,HdFJhFPb,LjhqQBRt,350.0
821,0,BUdgWiYp,HdFJhFPb,350.0
821,0,uYhYmSwb,BUdgWiYp,357.0
821,0,wcUGKfLa,uYhYmSwb,357.0
821,0,ZJxogzZw,wcUGKfLa,214.0
821,0,Uacajbua,ZJxogzZw,214.0
821,0,ZLCIvgrp,Uacajbua,214.0
821,0,ucVTqZIB,ZLCIvgrp,214.0
821,0,FDrhtNjK,ucVTqZIB,214.0
821,0,YVGWiGkc,FDrhtNjK,214.0
821,0,CqPWXNIf,YVGWiGkc,214.0
821,0,iZfXNAue,CqPWXNIf,210.0
821,0,OXvlrfnG,iZfXNAue,158.0
821,0,CgMBzfIg,OXvlrfnG,155.0
821,0,BCwVkMhO,CgMBzfIg,155.0
821,0,MpBHVRZl,BCwVkMhO,155.0
821,0,BWKNZpmt,MpBHVRZl,71.0
821,0,hMBIVszx,BWKNZpmt,71.0
821,0,JgVaSAtG,hMBIVszx,71.0
821,0,QyfZGsFT,JgVaSAtG,69.0
821,0,selTNsQi,QyfZGsFT,69.0
821,0,SfBAqteg,selTNsQi,69.0
821,0,obGcbWvT,SfBAqteg,69.0
821,0,wssOAckJ,obGcbWvT,65.0
821,0,zzxlwhdI,wssOAckJ,65.0
821,0,SEcoeimf,zzxlwhdI,51.0
821,0,fzmnvqlX,SEcoeimf,50.0
821,0,RyhuDLev,fzmnvqlX,50.0
821,0,KnIeolpt,RyhuDLev,50.0
821,0,GMrJWgHs,KnIeolpt,50.0
821,0,tTjpyeuP,GMrJWgHs,50.0
821,0,elxmPCDf,tTjpyeuP,50.0
821,0,tcbhlVZo,elxmPCDf,50.0
821,0,ZqBGCTqq,tcbhlVZo,49.0
821,0,HxnLIWQq,ZqBGCTqq,47.0
821,0,wqGWmwVd,HxnLIWQq,47.0
821,0,ACkvbmee,wqGWmwVd,47.0
821,0,FtWuEuzF,ACkvbmee,47.0
821,0,RtTLxXUv,FtWuEuzF,47.0
821,0,JGydtICe,RtTLxXUv,47.0
821,0,xbhuXgnr,JGydtICe,47.0
821,0,zjGRmLyo,xbhuXgnr,47.0
821,0,EXTmTMKf,zjGRmLyo,47.0
821,0,yfIoPTHo,EXTmTMKf,47.0
821,0,GnOurcjN,yfIoPTHo,47.0
821,0,vHkAlmCm,GnOurcjN,46.0
821,0,WynPMslR,vHkAlmCm,46.0
821,0,jQaLNViL,WynPMslR,46.0
973,0,EXHVDpee,NuwmOhpA,2385.0
973,0,NkWMDpBL,EXHVDpee,2389.0
16,0,EXHVDpee,NuwmOhpA,3405.0
16,0,NkWMDpBL,EXHVDpee,3368.0
272,0,EXHVDpee,NuwmOhpA,2549.0
272,0,NkWMDpBL,EXHVDpee,2549.0
264,0,EXHVDpee,NuwmOhpA,470.0
264,0,NkWMDpBL,EXHVDpee,470.0
990,0,DzkWADkh,gmiMCrrb,6773.0
1193,0,FDPmqphv,PSjGjQXK,600.0
1193,0,aVjdmBcp,FDPmqphv,601.0
1193,0,isVKhOXG,aVjdmBcp,601.0
1193,0,OWkTamRc,isVKhOXG,601.0
1193,0,tWpVdCtj,ArHpJhVJ,1155.0
1193,0,EdJUuxct,tWpVdCtj,1155.0
1193,0,gmiMCrrb,EdJUuxct,1262.0
1193,0,OoNwiPDT,gmiMCrrb,2089.0
1193,0,ftvNhZKM,OoNwiPDT,2089.0
1193,0,KLTxOJqh,ftvNhZKM,2089.0
1193,0,IURTQlCB,KLTxOJqh,2089.0
973,0,TurKlwMz,NkWMDpBL,2492.0
973,0,OSkPauJr,TurKlwMz,2582.0
973,0,NdVNfPps,OSkPauJr,2582.0
1193,0,neNWquOh,EkWBPXmr,98.0
1193,0,KwaxxmSs,neNWquOh,99.0
1193,0,PSjGjQXK,KwaxxmSs,99.0
621,0,DeduXMzE,udlIzhJE,173.0
621,0,GXHjZCTL,DeduXMzE,173.0
621,0,yolIeCeg,GXHjZCTL,173.0
621,0,ozAxYCwR,yolIeCeg,173.0
621,0,qdrjbHYS,ozAxYCwR,173.0
621,0,AKdDiXyV,qdrjbHYS,213.0
621,0,kZdBhxvo,AKdDiXyV,293.0
621,0,ZBkAAevT,kZdBhxvo,293.0
621,0,cMinRgYB,ZBkAAevT,293.0
621,0,LRmPOeoe,cMinRgYB,293.0
621,0,tBNXSyMW,LRmPOeoe,293.0
621,0,ArHpJhVJ,tBNXSyMW,293.0
621,0,tWpVdCtj,ArHpJhVJ,293.0
621,0,EdJUuxct,tWpVdCtj,293.0
621,0,gmiMCrrb,EdJUuxct,293.0
621,0,OoNwiPDT,gmiMCrrb,293.0
621,0,ftvNhZKM,OoNwiPDT,293.0
621,0,KLTxOJqh,ftvNhZKM,293.0
621,0,idAQxYim,KLTxOJqh,293.0
984,0,VXthmpcS,vCGIyJLJ,1220.0
984,0,xuEvBBdE,VXthmpcS,1298.0
984,0,rAizOLWV,xuEvBBdE,1298.0
984,0,JdZarNsv,rAizOLWV,1283.0
984,0,NmilzqZp,JdZarNsv,1283.0
984,0,TCMQvOqy,NmilzqZp,1198.0
620,0,xkPrOUqs,YJnTPbIZ,9.0
620,0,HAzkMqyk,xkPrOUqs,9.0
620,0,maNgUiZD,HAzkMqyk,8.0
620,0,etntpIwb,maNgUiZD,8.0
620,0,kJlOJSYi,etntpIwb,8.0
620,0,ObeVuyMA,kJlOJSYi,4.0
620,0,WqRwmxfX,ObeVuyMA,4.0
620,0,fbgWGcSP,WqRwmxfX,4.0
620,0,VctBMYxC,fbgWGcSP,4.0
620,0,xYfYRJnz,VctBMYxC,4.0
620,0,bvZtLhoP,xYfYRJnz,4.0
620,0,NoGATiBT,bvZtLhoP,4.0
620,0,JvDZYJph,NoGATiBT,1.0
621,0,OsBkWRQx,TsaeiIGv,142.0
621,0,udlIzhJE,OsBkWRQx,142.0
621,0,TsaeiIGv,EkWBPXmr,79.0
621,0,ldInPGbn,idAQxYim,531.0
621,0,WGEhEMgb,ldInPGbn,725.0
621,0,WblAIghg,WGEhEMgb,725.0
621,0,yXfOYhmg,WblAIghg,725.0
973,0,cNHGbHfW,NdVNfPps,2611.0
973,0,RqfbhkOP,cNHGbHfW,2611.0
973,0,sUAChhLU,RqfbhkOP,2611.0
720,0,nsbHlbAq,WhHfbZWj,1490.0
720,0,cwgbfpqq,nsbHlbAq,1490.0
720,0,fMrlznIn,cwgbfpqq,1490.0
720,0,YzgNCqsj,fMrlznIn,1490.0
720,0,uXKxCjNA,YzgNCqsj,1490.0
720,0,bOiSLYGO,uXKxCjNA,1490.0
720,0,mhgPTzcZ,bOiSLYGO,1545.0
1270,0,svgtEcQx,uhUmvvRs,1.0
1270,0,HcPkwFHM,svgtEcQx,1.0
1270,0,oNyGHMvy,HcPkwFHM,1.0
1270,0,QdnKSSsO,oNyGHMvy,1.0
1270,0,vSdfqYeK,QdnKSSsO,1.0
1270,0,jIerKxIb,vSdfqYeK,1.0
1270,0,IubGYoNi,jIerKxIb,1.0
1270,0,fmQEzQWV,IubGYoNi,1.0
1270,0,BpAiVnps,fmQEzQWV,1.0
1270,0,AszcEtOu,BpAiVnps,1.0
1270,0,TCqyxHhF,AszcEtOu,1.0
1270,0,TcEVvOUM,TCqyxHhF,1.0
1270,0,qGnNRXVR,TcEVvOUM,1.0
1270,0,ouPwTbuD,qGnNRXVR,1.0
1270,0,MwLdaJul,ouPwTbuD,1.0
1270,0,QUMnpJQp,MwLdaJul,1.0
1270,0,FyIjwLBj,QUMnpJQp,1.0
1270,0,vXPGJwVk,FyIjwLBj,1.0
1270,0,qzuHypgA,vXPGJwVk,1.0
1270,0,KCMgfriT,qzuHypgA,1.0
1270,0,hVMLOzME,KCMgfriT,1.0
1270,0,TDvESTZN,hVMLOzME,1.0
1270,0,sNuKvPuW,TDvESTZN,1.0
1270,0,AUBTKFbY,sNuKvPuW,1.0
1270,0,fjevhefZ,AUBTKFbY,1.0
1270,0,vyQyYYqJ,fjevhefZ,1.0
1270,0,ztLkgYlA,vyQyYYqJ,1.0
1270,0,OoNwiPDT,ztLkgYlA,1.0
1270,0,ftvNhZKM,OoNwiPDT,1.0
1270,0,KLTxOJqh,ftvNhZKM,1.0
1270,0,idAQxYim,KLTxOJqh,1.0
1270,0,ldInPGbn,idAQxYim,1.0
1270,0,WGEhEMgb,ldInPGbn,1.0
1270,0,WblAIghg,WGEhEMgb,1.0
1270,0,yXfOYhmg,WblAIghg,1.0
626,0,RjboLjDb,AjXddPle,1890.0
626,0,FyJXToWe,RjboLjDb,1890.0
626,0,rINNylNh,FyJXToWe,1890.0
264,0,TurKlwMz,NkWMDpBL,469.0
16,0,TurKlwMz,NkWMDpBL,3342.0
272,0,TurKlwMz,NkWMDpBL,2386.0
1193,0,ojINhgSe,IURTQlCB,2342.0
1193,0,SiflCzMU,ojINhgSe,2342.0
1194,0,hTaJTejf,XjSQdTLS,487.0
1194,0,AvILYntX,hTaJTejf,487.0
1194,0,BGAyznqC,AvILYntX,487.0
1194,0,PUIIuxlM,BGAyznqC,487.0
1194,0,qkTCgKXX,YoEMZEcq,140.0
1194,0,XjSQdTLS,qkTCgKXX,140.0
174,0,AszcEtOu,BpAiVnps,186.0
174,0,TCqyxHhF,AszcEtOu,226.0
174,0,TcEVvOUM,TCqyxHhF,226.0
174,0,qGnNRXVR,TcEVvOUM,226.0
174,0,ouPwTbuD,qGnNRXVR,226.0
174,0,MwLdaJul,ouPwTbuD,226.0
174,0,QUMnpJQp,MwLdaJul,320.0
174,0,FyIjwLBj,QUMnpJQp,353.0
174,0,vXPGJwVk,FyIjwLBj,353.0
174,0,qzuHypgA,vXPGJwVk,353.0
174,0,KCMgfriT,qzuHypgA,400.0
174,0,hVMLOzME,KCMgfriT,460.0
174,0,TDvESTZN,hVMLOzME,460.0
174,0,sNuKvPuW,TDvESTZN,461.0
174,0,AUBTKFbY,sNuKvPuW,461.0
174,0,fjevhefZ,AUBTKFbY,575.0
174,0,vyQyYYqJ,fjevhefZ,576.0
174,0,ztLkgYlA,vyQyYYqJ,576.0
174,0,OoNwiPDT,ztLkgYlA,576.0
174,0,ftvNhZKM,OoNwiPDT,576.0
174,0,KLTxOJqh,ftvNhZKM,576.0
174,0,IURTQlCB,KLTxOJqh,576.0
174,0,ojINhgSe,IURTQlCB,576.0
452,0,QHFmFyLR,EkWBPXmr,2346.0
452,0,neNWquOh,QHFmFyLR,2346.0
452,0,KwaxxmSs,neNWquOh,2350.0
452,0,PSjGjQXK,KwaxxmSs,2352.0
452,0,FDPmqphv,PSjGjQXK,4966.0
452,0,aVjdmBcp,FDPmqphv,5179.0
452,0,nusTHAtB,aVjdmBcp,5179.0
452,0,isVKhOXG,nusTHAtB,5206.0
452,0,OWkTamRc,isVKhOXG,5177.0
452,0,RkIYOvZu,bvSKVAYv,5876.0
452,0,ygKQkAfU,RkIYOvZu,5876.0
452,0,blwWmPPo,ygKQkAfU,7453.0
452,0,GWhCmjED,blwWmPPo,8513.0
452,0,dYaEdzoO,GWhCmjED,8759.0
452,0,LoxEXWve,dYaEdzoO,8759.0
1744,0,dulnZXnF,yMiwNCtj,5971.0
1744,0,RkIYOvZu,dulnZXnF,5971.0
1744,0,ygKQkAfU,RkIYOvZu,5971.0
1744,0,blwWmPPo,ygKQkAfU,3174.0
1744,0,ufLmazVu,blwWmPPo,3174.0
215,0,LoxEXWve,JovbzjVh,1212.0
670,0,hCxxcqWU,IOcMwGKn,702.0
670,0,qMoZNsgo,hCxxcqWU,702.0
670,0,udNzSSji,qMoZNsgo,702.0
670,0,uKKyuZyC,udNzSSji,702.0
670,0,GhNbXpjs,uKKyuZyC,702.0
670,0,KTHxRvtW,GhNbXpjs,702.0
670,0,gRVxNCAP,KTHxRvtW,836.0
670,0,nJRBvlcT,gRVxNCAP,836.0
670,0,IkxLwyxa,nJRBvlcT,893.0
670,0,CYSggHNR,IkxLwyxa,1016.0
670,0,VhgapMoa,CYSggHNR,1016.0
670,0,dKbqWpcD,VhgapMoa,1016.0
670,0,zYpZYpOA,dKbqWpcD,1016.0
670,0,xbeOVhLE,zYpZYpOA,1404.0
670,0,IpBcScgC,xbeOVhLE,1404.0
670,0,aYvzRwqU,IpBcScgC,1404.0
670,0,mWygMrMb,aYvzRwqU,1404.0
670,0,dulnZXnF,mWygMrMb,1404.0
670,0,RkIYOvZu,dulnZXnF,1404.0
670,0,ygKQkAfU,RkIYOvZu,1404.0
670,0,ufLmazVu,ygKQkAfU,858.0
670,0,qDeoslSZ,ufLmazVu,853.0
670,0,JovbzjVh,qDeoslSZ,492.0
670,0,dYaEdzoO,JovbzjVh,493.0
670,0,TIoMzhxD,dYaEdzoO,496.0
670,0,IOcMwGKn,ybjkPLXB,375.0
311,0,AszcEtOu,BpAiVnps,2859.0
311,0,TcEVvOUM,AszcEtOu,3045.0
311,0,qGnNRXVR,TcEVvOUM,3045.0
311,0,MwLdaJul,qGnNRXVR,3048.0
311,0,QUMnpJQp,MwLdaJul,1664.0
311,0,FyIjwLBj,QUMnpJQp,1511.0
311,0,vXPGJwVk,FyIjwLBj,1287.0
311,0,EYCnMsAF,vXPGJwVk,1282.0
311,0,XjEyEHqT,EYCnMsAF,1282.0
311,0,IvqxNjHK,XjEyEHqT,1282.0
311,0,SyrqOGJb,IvqxNjHK,1248.0
311,0,NcLanIdZ,SyrqOGJb,1248.0
311,0,pTpnumHG,NcLanIdZ,883.0
214,0,ydoNqUsu,OyNIynZV,763.0
1744,0,nrUfCQxz,xfYjeqNM,6266.0
174,0,pFAoJEPO,ojINhgSe,491.0
174,0,fCvqoWrT,pFAoJEPO,491.0
174,0,yRpreQRc,fCvqoWrT,434.0
174,0,QaQvGPmN,yRpreQRc,329.0
174,0,HNYicgCh,QaQvGPmN,329.0
174,0,RVNzMGgw,HNYicgCh,315.0
174,0,PqoYMtMO,RVNzMGgw,315.0
971,0,dKSFzIqs,XjSQdTLS,134.0
1690,0,bCOJrgoA,tMEROJFH,40.0
1690,0,RQiSRtZp,bCOJrgoA,42.0
1690,0,lQHWhrGj,RQiSRtZp,44.0
1690,0,OOOhsNkv,lQHWhrGj,44.0
1690,0,CgcphXSb,OOOhsNkv,44.0
1690,0,texSWQet,CgcphXSb,44.0
1690,0,lxBswvKX,texSWQet,44.0
1690,0,KLTxOJqh,lxBswvKX,50.0
1690,0,idAQxYim,KLTxOJqh,50.0
1690,0,rfNgKlRc,idAQxYim,51.0
1690,0,BIvEdfHJ,rfNgKlRc,51.0
16,0,JvVxAKet,TurKlwMz,3364.0
272,0,oVNIhiyF,TurKlwMz,2327.0
264,0,oVNIhiyF,TurKlwMz,467.0
483,0,EXHVDpee,NuwmOhpA,47.0
483,0,NkWMDpBL,EXHVDpee,47.0
483,0,TurKlwMz,NkWMDpBL,47.0
483,0,oVNIhiyF,TurKlwMz,47.0
1193,0,fCvqoWrT,SiflCzMU,2185.0
1193,0,yRpreQRc,fCvqoWrT,2168.0
1193,0,QaQvGPmN,yRpreQRc,2023.0
1193,0,HNYicgCh,QaQvGPmN,1962.0
1193,0,RVNzMGgw,HNYicgCh,1936.0
1193,0,PqoYMtMO,RVNzMGgw,1936.0
657,0,cNHGbHfW,UscCtYui,461.0
657,0,RqfbhkOP,cNHGbHfW,461.0
657,0,sUAChhLU,RqfbhkOP,461.0
657,0,TCMQvOqy,sUAChhLU,233.0
657,0,JyqrAKLu,TCMQvOqy,230.0
657,0,XxhwFmzZ,JyqrAKLu,230.0
657,0,sonNAVmZ,XxhwFmzZ,230.0
657,0,aWeAvoyP,sonNAVmZ,167.0
657,0,exnIZrMP,aWeAvoyP,167.0
657,0,zoqWMrrO,exnIZrMP,167.0
657,0,WSMobtPt,zoqWMrrO,167.0
657,0,ClDeGdta,WSMobtPt,167.0
215,0,jsnedRvy,ORsEDdLG,572.0
215,0,PpWfKRbL,jsnedRvy,572.0
215,0,aaSaUDum,PpWfKRbL,531.0
215,0,cmBFyxQG,aaSaUDum,452.0
1690,0,MbjjKgbE,OTfWLQWk,7.0
16,0,bbaQRYSI,JvVxAKet,2521.0
16,0,lDHqxCQW,bbaQRYSI,2521.0
16,0,qGgPbtbT,lDHqxCQW,2521.0
272,0,bbaQRYSI,oVNIhiyF,1409.0
272,0,lDHqxCQW,bbaQRYSI,1409.0
272,0,qGgPbtbT,lDHqxCQW,1409.0
264,0,bbaQRYSI,oVNIhiyF,315.0
264,0,lDHqxCQW,bbaQRYSI,315.0
264,0,qGgPbtbT,lDHqxCQW,315.0
599,0,ijmqRmKp,roHCvggS,10.0
599,0,wQzAWTmt,ijmqRmKp,9.0
599,0,VVXTrukI,wQzAWTmt,9.0
599,0,dmAPiPeK,VVXTrukI,6.0
599,0,FXuJEVFo,dmAPiPeK,6.0
599,0,NcjHcLny,FXuJEVFo,4.0
599,0,ZpEHfPul,NcjHcLny,4.0
599,0,geoeexsQ,ZpEHfPul,4.0
599,0,yRpreQRc,geoeexsQ,4.0
599,0,QaQvGPmN,yRpreQRc,4.0
599,0,HNYicgCh,QaQvGPmN,4.0
599,0,RVNzMGgw,HNYicgCh,4.0
599,0,dKSFzIqs,RVNzMGgw,4.0
599,0,QeEdlYuU,dKSFzIqs,4.0
599,0,LXDQjYxM,QeEdlYuU,4.0
599,0,qVzVrWDp,LXDQjYxM,4.0
599,0,IuRRuHdp,qVzVrWDp,4.0
599,0,agmUQnfF,IuRRuHdp,4.0
599,0,CbblRkaH,agmUQnfF,4.0
599,0,BldTZUAI,CbblRkaH,4.0
599,0,nBYHMnkU,BldTZUAI,4.0
599,0,lotPPedu,nBYHMnkU,4.0
599,0,ERIWLSEl,lotPPedu,4.0
599,0,qsoLaWuJ,ERIWLSEl,4.0
599,0,WSBJbplj,qsoLaWuJ,4.0
599,0,THUDGZDu,WSBJbplj,4.0
599,0,XUEgpuYS,THUDGZDu,4.0
599,0,lXZmsBCe,XUEgpuYS,2.0
599,0,oftwwzSy,lXZmsBCe,2.0
599,0,CKNrjFUU,oftwwzSy,2.0
1057,0,tTbFYEPP,eIBTCCCb,188.0
483,0,bbaQRYSI,oVNIhiyF,32.0
483,0,lDHqxCQW,bbaQRYSI,32.0
483,0,qGgPbtbT,lDHqxCQW,32.0
177,0,DzkWADkh,tBgOcvQf,2516.0
177,0,MjMnNBLG,DzkWADkh,2561.0
177,0,XiRzIewe,MjMnNBLG,2561.0
177,0,udKeccMr,XiRzIewe,3137.0
177,0,HEshVETB,udKeccMr,3137.0
177,0,WKWTpoqQ,HEshVETB,3137.0
106,0,TCqyxHhF,AszcEtOu,10456.0
106,0,TcEVvOUM,TCqyxHhF,10482.0
106,0,qGnNRXVR,TcEVvOUM,10502.0
106,0,ouPwTbuD,qGnNRXVR,10503.0
106,0,MwLdaJul,ouPwTbuD,10702.0
106,0,QUMnpJQp,MwLdaJul,10996.0
106,0,FyIjwLBj,QUMnpJQp,10859.0
106,0,vXPGJwVk,FyIjwLBj,10709.0
106,0,GjiyfRqd,vXPGJwVk,10693.0
106,0,qzuHypgA,GjiyfRqd,10036.0
106,0,KCMgfriT,qzuHypgA,10044.0
106,0,hVMLOzME,KCMgfriT,9592.0
106,0,TDvESTZN,hVMLOzME,9592.0
106,0,AszcEtOu,BpAiVnps,7245.0
179,0,OoNwiPDT,ztLkgYlA,127.0
179,0,ftvNhZKM,OoNwiPDT,127.0
179,0,KLTxOJqh,ftvNhZKM,127.0
179,0,IURTQlCB,KLTxOJqh,127.0
179,0,ojINhgSe,IURTQlCB,174.0
179,0,pFAoJEPO,ojINhgSe,175.0
179,0,fCvqoWrT,pFAoJEPO,175.0
179,0,yRpreQRc,fCvqoWrT,222.0
179,0,QaQvGPmN,yRpreQRc,225.0
179,0,HNYicgCh,QaQvGPmN,225.0
179,0,RVNzMGgw,HNYicgCh,225.0
179,0,dKSFzIqs,RVNzMGgw,225.0
179,0,QeEdlYuU,dKSFzIqs,225.0
179,0,LXDQjYxM,QeEdlYuU,225.0
179,0,qVzVrWDp,LXDQjYxM,225.0
179,0,IuRRuHdp,qVzVrWDp,225.0
179,0,agmUQnfF,IuRRuHdp,225.0
179,0,CbblRkaH,agmUQnfF,225.0
179,0,BldTZUAI,CbblRkaH,225.0
179,0,nBYHMnkU,BldTZUAI,225.0
179,0,lotPPedu,nBYHMnkU,225.0
984,0,bbaQRYSI,oVNIhiyF,592.0
984,0,lDHqxCQW,bbaQRYSI,592.0
984,0,qGgPbtbT,lDHqxCQW,592.0
984,0,CKNrjFUU,qGgPbtbT,921.0
984,0,VCGhveHG,CKNrjFUU,921.0
984,0,WQdyWhSR,VCGhveHG,921.0
984,0,vCGIyJLJ,WQdyWhSR,921.0
594,0,WdOwNGhj,xfbmoJHP,596.0
594,0,LgyCGIBw,WdOwNGhj,596.0
594,0,OUgQnZLY,LgyCGIBw,693.0
594,0,SmQHomzq,OUgQnZLY,693.0
594,0,OHkaqvpq,SmQHomzq,696.0
594,0,nxJXVeix,OHkaqvpq,696.0
594,0,ZaRNMBdT,nxJXVeix,696.0
594,0,KwyfuOzT,ZaRNMBdT,696.0
129,0,pzcCDVmZ,TCBUGaZf,828.0
179,0,sNuKvPuW,TDvESTZN,71.0
179,0,AUBTKFbY,sNuKvPuW,71.0
179,0,fjevhefZ,AUBTKFbY,71.0
179,0,vyQyYYqJ,fjevhefZ,71.0
179,0,ztLkgYlA,vyQyYYqJ,71.0
179,0,KCMgfriT,qzuHypgA,39.0
179,0,hVMLOzME,KCMgfriT,39.0
179,0,TDvESTZN,hVMLOzME,39.0
179,0,FyIjwLBj,QUMnpJQp,12.0
179,0,vXPGJwVk,FyIjwLBj,12.0
179,0,qzuHypgA,vXPGJwVk,12.0
179,0,QUMnpJQp,MwLdaJul,4.0
264,0,VQfPRvUw,qGgPbtbT,5.0
16,0,VQfPRvUw,qGgPbtbT,22.0
272,0,VQfPRvUw,qGgPbtbT,7.0
984,0,JyqrAKLu,TCMQvOqy,1076.0
984,0,XxhwFmzZ,JyqrAKLu,1076.0
984,0,QZgueNIh,XxhwFmzZ,1496.0
1690,0,OTfWLQWk,BIvEdfHJ,17.0
1744,0,RfEbENxd,jQaLNViL,2485.0
1744,0,DYvQviUy,RfEbENxd,3747.0
1744,0,aFlzccOO,DYvQviUy,4006.0
1744,0,XAxmwtqw,aFlzccOO,4501.0
1744,0,ThGrfpxl,XAxmwtqw,4501.0
1744,0,TUpCuZAw,ThGrfpxl,4380.0
1744,0,HYfXIyFk,TUpCuZAw,4380.0
1744,0,oQvXmJfL,HYfXIyFk,4417.0
1744,0,yayPNqiY,oQvXmJfL,4640.0
1744,0,pOvHFZPM,yayPNqiY,4640.0
1744,0,hOGVczfj,pOvHFZPM,4572.0
1744,0,kXtCwJQx,hOGVczfj,4642.0
1744,0,UZvsWvxC,kXtCwJQx,4642.0
1744,0,Afgbwxue,UZvsWvxC,4658.0
1744,0,yHOAvGcL,Afgbwxue,4499.0
1744,0,AHQzSmld,yHOAvGcL,4520.0
1744,0,UWSJuCAz,AHQzSmld,5462.0
171,0,AszcEtOu,BpAiVnps,192.0
171,0,TcEVvOUM,AszcEtOu,333.0
171,0,qGnNRXVR,TcEVvOUM,333.0
171,0,ouPwTbuD,qGnNRXVR,333.0
171,0,MwLdaJul,ouPwTbuD,334.0
171,0,QUMnpJQp,MwLdaJul,400.0
171,0,FyIjwLBj,QUMnpJQp,419.0
171,0,vXPGJwVk,FyIjwLBj,419.0
171,0,qzuHypgA,vXPGJwVk,419.0
171,0,KCMgfriT,qzuHypgA,651.0
171,0,hVMLOzME,KCMgfriT,718.0
171,0,TDvESTZN,hVMLOzME,718.0
171,0,bDgEiJAh,TDvESTZN,1217.0
171,0,PspudWCJ,bDgEiJAh,1317.0
984,0,CEyhPnMH,OQRQrPoA,412.0
984,0,ogrZorIF,CEyhPnMH,412.0
984,0,fumBmOZX,ogrZorIF,412.0
984,0,CLjYTiBy,fumBmOZX,412.0
984,0,NuwmOhpA,CLjYTiBy,437.0
984,0,EXHVDpee,NuwmOhpA,511.0
984,0,NkWMDpBL,EXHVDpee,512.0
984,0,TurKlwMz,NkWMDpBL,512.0
984,0,oVNIhiyF,TurKlwMz,512.0
170,0,qCZHeqZn,CPPeUlfG,432.0
990,0,MjMnNBLG,DzkWADkh,6705.0
990,0,XiRzIewe,MjMnNBLG,6705.0
990,0,HEshVETB,XiRzIewe,7430.0
171,0,FXuJEVFo,PspudWCJ,1311.0
171,0,qCZHeqZn,FXuJEVFo,1311.0
1193,0,yGEvOQma,PqoYMtMO,399.0
1193,0,YoEMZEcq,yGEvOQma,399.0
170,0,DULwephN,YoEMZEcq,447.0
984,0,JFVlrPHE,QZgueNIh,1587.0
170,0,KMLNQwjh,YxUFlvZH,190.0
170,0,aDaRCcaB,KMLNQwjh,190.0
170,0,dQYZBhGJ,aDaRCcaB,190.0
170,0,iFderoVa,dQYZBhGJ,190.0
170,0,CPPeUlfG,iFderoVa,190.0
170,0,KwXNMHkb,UxPxrYmy,182.0
170,0,YxUFlvZH,KwXNMHkb,182.0
170,0,hqOmlOIp,RrhmmPMm,102.0
170,0,qJgsxHch,hqOmlOIp,102.0
170,0,lxplrluY,qJgsxHch,102.0
170,0,zTJYYUap,lxplrluY,102.0
170,0,UxPxrYmy,zTJYYUap,102.0
170,0,YxYhlArE,NqSePdAx,74.0
170,0,sAswhpJr,YxYhlArE,74.0
170,0,VyHGAkTo,sAswhpJr,74.0
170,0,RrhmmPMm,VyHGAkTo,74.0
170,0,sceVWPKZ,dvaPHMux,57.0
170,0,NqSePdAx,sceVWPKZ,57.0
215,0,JovbzjVh,qDeoslSZ,839.0
215,0,TIoMzhxD,LoxEXWve,1138.0
215,0,qqQgwpPP,TIoMzhxD,676.0
215,0,ORsEDdLG,qqQgwpPP,797.0
1317,0,AszcEtOu,BpAiVnps,4558.0
487,0,TShNRujB,hxSTJhOz,38.0
487,0,BqZQArDi,TShNRujB,38.0
487,0,JJRlkmgp,BqZQArDi,38.0
487,0,KRQMLlbw,JJRlkmgp,38.0
487,0,MURlCahD,KRQMLlbw,39.0
487,0,znFDupZg,MURlCahD,39.0
487,0,osddylgA,znFDupZg,39.0
487,0,uiYVYPQX,osddylgA,39.0
487,0,zGyJMIkT,uiYVYPQX,186.0
487,0,YbVmHVTt,zGyJMIkT,186.0
487,0,ZlnerNQG,YbVmHVTt,186.0
487,0,FVWAEAei,ZlnerNQG,186.0
487,0,gVtshwcF,FVWAEAei,186.0
487,0,LmhVzFNJ,gVtshwcF,186.0
487,0,CmbQeSBI,LmhVzFNJ,186.0
487,0,RVyaKvKa,CmbQeSBI,186.0
487,0,OQRQrPoA,RVyaKvKa,186.0
487,0,CEyhPnMH,OQRQrPoA,186.0
487,0,ogrZorIF,CEyhPnMH,186.0
487,0,fumBmOZX,ogrZorIF,186.0
487,0,CLjYTiBy,fumBmOZX,186.0
487,0,NuwmOhpA,CLjYTiBy,186.0
487,0,EXHVDpee,NuwmOhpA,186.0
487,0,NkWMDpBL,EXHVDpee,186.0
487,0,TurKlwMz,NkWMDpBL,186.0
487,0,oVNIhiyF,TurKlwMz,186.0
487,0,bbaQRYSI,oVNIhiyF,186.0
487,0,lDHqxCQW,bbaQRYSI,186.0
487,0,qGgPbtbT,lDHqxCQW,186.0
487,0,CKNrjFUU,qGgPbtbT,186.0
487,0,VCGhveHG,CKNrjFUU,186.0
487,0,WQdyWhSR,VCGhveHG,186.0
487,0,vCGIyJLJ,WQdyWhSR,186.0
487,0,VXthmpcS,vCGIyJLJ,186.0
966,0,NkWMDpBL,EXHVDpee,1593.0
966,0,TurKlwMz,NkWMDpBL,1593.0
966,0,oVNIhiyF,TurKlwMz,1593.0
966,0,bbaQRYSI,oVNIhiyF,1612.0
966,0,lDHqxCQW,bbaQRYSI,1612.0
966,0,qGgPbtbT,lDHqxCQW,1612.0
966,0,VQfPRvUw,qGgPbtbT,2255.0
966,0,VCGhveHG,VQfPRvUw,2305.0
966,0,WQdyWhSR,VCGhveHG,2305.0
71,0,tNSMkSfB,ZYCVVmjG,334.0
1093,0,LIgtsZTQ,yfjUYWEe,2971.0
1093,0,OLfrsrRj,LIgtsZTQ,3061.0
1093,0,nvtqczOj,OLfrsrRj,3061.0
1093,0,FdzHSswJ,nvtqczOj,2770.0
1093,0,qmRscxuH,FdzHSswJ,2746.0
1093,0,zrVEttwl,qmRscxuH,2342.0
1093,0,KhQckqci,zrVEttwl,2342.0
1093,0,NkYJOxxA,KhQckqci,2342.0
1093,0,Phtvjmoj,NkYJOxxA,2342.0
1093,0,iRgZVaoH,Phtvjmoj,2300.0
1093,0,KbKyxild,iRgZVaoH,2300.0
1093,0,WzJZybAt,KbKyxild,2214.0
1093,0,wBZvskGC,WzJZybAt,2197.0
1093,0,pHbSfQWg,wBZvskGC,2098.0
1093,0,hlYcHDiv,pHbSfQWg,2098.0
1093,0,ZUUFaTkv,hlYcHDiv,2098.0
1093,0,jgCiOeaN,ZUUFaTkv,2098.0
1093,0,TikfrWrm,jgCiOeaN,2098.0
1093,0,RabBrvbh,TikfrWrm,2098.0
1093,0,yAsGVYQM,RabBrvbh,2098.0
1093,0,XFPAZveS,yAsGVYQM,975.0
1093,0,ejMjPdTH,XFPAZveS,903.0
1093,0,CKorGRkE,ejMjPdTH,514.0
1093,0,eaNsVWDR,CKorGRkE,506.0
1030,0,sklTQuFm,VYHZxBYO,3133.0
1030,0,QhyQakxZ,sklTQuFm,3133.0
1030,0,yscklMzl,QhyQakxZ,3133.0
1030,0,UDUmRzWP,yscklMzl,3348.0
1030,0,pzSSkNJo,UDUmRzWP,3348.0
1030,0,kVWwehGs,pzSSkNJo,3246.0
1030,0,fnQyKclP,kVWwehGs,3329.0
1030,0,oDVZRjmi,fnQyKclP,3329.0
1030,0,aaeLLxLj,oDVZRjmi,3329.0
626,0,tjcxfrSB,rINNylNh,1480.0
626,0,rHyPKpnR,tjcxfrSB,1480.0
626,0,lhvdYjIr,rHyPKpnR,1480.0
626,0,XkyHnVdm,lhvdYjIr,1891.0
626,0,aTKTVXJW,XkyHnVdm,1891.0
626,0,nFbddFoX,aTKTVXJW,1891.0
626,0,GudLituF,nFbddFoX,1891.0
966,0,ZlnerNQG,ozAxYCwR,728.0
966,0,YbVmHVTt,ZlnerNQG,728.0
966,0,FVWAEAei,YbVmHVTt,728.0
966,0,gVtshwcF,FVWAEAei,728.0
966,0,CmbQeSBI,gVtshwcF,820.0
966,0,RVyaKvKa,CmbQeSBI,820.0
966,0,OQRQrPoA,RVyaKvKa,820.0
966,0,CEyhPnMH,OQRQrPoA,1145.0
966,0,ogrZorIF,CEyhPnMH,1145.0
966,0,fumBmOZX,ogrZorIF,1145.0
966,0,CLjYTiBy,fumBmOZX,1145.0
966,0,NuwmOhpA,CLjYTiBy,1191.0
966,0,EXHVDpee,NuwmOhpA,1561.0
966,0,vCGIyJLJ,WQdyWhSR,2273.0
179,0,ERIWLSEl,lotPPedu,204.0
179,0,qsoLaWuJ,ERIWLSEl,204.0
179,0,WSBJbplj,qsoLaWuJ,204.0
179,0,THUDGZDu,WSBJbplj,204.0
179,0,PoshUaCl,THUDGZDu,204.0
626,0,eJrsnsoz,GudLituF,1886.0
626,0,qAUjPEMf,eJrsnsoz,1886.0
626,0,isMwZYXy,qAUjPEMf,1874.0
487,0,PoshUaCl,VXthmpcS,223.0
487,0,tkhDcqas,PoshUaCl,223.0
487,0,jOvtnfLH,tkhDcqas,223.0
966,0,eJrsnsoz,vCGIyJLJ,2100.0
966,0,isMwZYXy,eJrsnsoz,2100.0
179,0,tkhDcqas,PoshUaCl,203.0
179,0,jOvtnfLH,tkhDcqas,203.0
1087,0,ddAfiRml,HHbKiMPc,210.0
1087,0,XfmqgVlB,ddAfiRml,210.0
1087,0,RldYRgxk,XfmqgVlB,210.0
1087,0,NmlfPGxe,RldYRgxk,210.0
1087,0,YlMTFYgN,NmlfPGxe,210.0
1087,0,pugbqfwh,YlMTFYgN,203.0
1087,0,INgMgzPi,pugbqfwh,232.0
1087,0,tKHOTHLP,INgMgzPi,232.0
1087,0,JYjcxadu,tKHOTHLP,110.0
1087,0,dIzWcSEA,JYjcxadu,110.0
1087,0,YIEuAZyW,dIzWcSEA,110.0
1087,0,iIARpDWU,YIEuAZyW,110.0
1087,0,BDmybVdG,iIARpDWU,41.0
750,0,rDmQAEpc,BDmybVdG,143.0
750,0,sKXIofXa,rDmQAEpc,143.0
750,0,MtbBZIqI,sKXIofXa,143.0
595,0,bbaQRYSI,JvVxAKet,6.0
595,0,lDHqxCQW,bbaQRYSI,6.0
595,0,qGgPbtbT,lDHqxCQW,6.0
595,0,CKNrjFUU,qGgPbtbT,11.0
595,0,VCGhveHG,CKNrjFUU,11.0
595,0,WQdyWhSR,VCGhveHG,11.0
595,0,vCGIyJLJ,WQdyWhSR,11.0
595,0,VXthmpcS,vCGIyJLJ,42.0
595,0,xuEvBBdE,VXthmpcS,44.0
595,0,rAizOLWV,xuEvBBdE,44.0
595,0,JdZarNsv,rAizOLWV,44.0
595,0,NmilzqZp,JdZarNsv,44.0
595,0,TCMQvOqy,NmilzqZp,201.0
595,0,JyqrAKLu,TCMQvOqy,201.0
595,0,XxhwFmzZ,JyqrAKLu,201.0
595,0,QZgueNIh,XxhwFmzZ,201.0
595,0,JFVlrPHE,QZgueNIh,202.0
595,0,cpLivUai,JFVlrPHE,202.0
595,0,NTpJpHDd,cpLivUai,202.0
595,0,HQNzQizX,NTpJpHDd,489.0
595,0,WwskMIzD,HQNzQizX,489.0
595,0,rrasSNoc,WwskMIzD,490.0
595,0,bgsGiKIs,rrasSNoc,490.0
990,0,WKWTpoqQ,HEshVETB,6997.0
990,0,WlkKexEs,WKWTpoqQ,7419.0
990,0,MyzUerZz,WlkKexEs,7394.0
1178,0,QYwjKQRO,rbVbMNcM,6102.0
1178,0,cNuXvIqU,QYwjKQRO,6102.0
1178,0,eXTEGQHB,cNuXvIqU,6102.0
1178,0,zTUODYgn,eXTEGQHB,6028.0
1178,0,eTPMYwkC,zTUODYgn,5989.0
1178,0,WdOwNGhj,xfbmoJHP,4823.0
1178,0,kKKRBhFF,WdOwNGhj,4823.0
1178,0,NFInfBeu,kKKRBhFF,4852.0
1178,0,VCQdmIoF,NFInfBeu,4852.0
1178,0,ePrpofUw,VCQdmIoF,4852.0
1178,0,KcvPUxQg,ePrpofUw,5230.0
1178,0,rbVbMNcM,KcvPUxQg,4916.0
1505,0,xQqwXgNZ,OVaoEscJ,4064.0
452,0,TIoMzhxD,LoxEXWve,7751.0
452,0,iRpWiLQH,TIoMzhxD,7956.0
452,0,qqQgwpPP,iRpWiLQH,7830.0
452,0,ORsEDdLG,qqQgwpPP,7831.0
452,0,jsnedRvy,ORsEDdLG,8059.0
452,0,PpWfKRbL,jsnedRvy,8057.0
452,0,aaSaUDum,PpWfKRbL,8029.0
452,0,zENMipIx,aaSaUDum,7996.0
452,0,cmBFyxQG,zENMipIx,7996.0
452,0,EuWqksqL,cmBFyxQG,7970.0
452,0,XRrjzlpH,EuWqksqL,7979.0
452,0,JVRJClPS,XRrjzlpH,7979.0
452,0,ZZUoaXbF,JVRJClPS,7949.0
452,0,fdiMUjeA,ZZUoaXbF,7949.0
452,0,lbTqXure,fdiMUjeA,7949.0
452,0,MyzUerZz,lbTqXure,8050.0
560,0,AesbwnPs,WywmvGMH,498.0
560,0,hzAARBgX,AesbwnPs,498.0
941,0,YqlTLIQa,ALhaazBT,920.0
941,0,AUmOMGnp,YqlTLIQa,919.0
941,0,XFPAZveS,AUmOMGnp,912.0
941,0,ojqTFFWy,XFPAZveS,275.0
1338,0,QpprBOSr,SOVcCDqR,10849.0
1338,0,Plxavose,QpprBOSr,7836.0
1666,0,VbpBVdde,VTHwomVj,1679.0
1666,0,swKAFNcH,VbpBVdde,2622.0
1326,0,vfoMHDCS,PhEXDKmN,1011.0
1326,0,LEPzGjdo,vfoMHDCS,1011.0
1326,0,VeNIGKmR,LEPzGjdo,963.0
1326,0,vkwWhgCe,VeNIGKmR,963.0
1326,0,KSSwmuEx,vkwWhgCe,1350.0
1326,0,pkhwWQVf,KSSwmuEx,1358.0
1326,0,JxFLnqJu,pkhwWQVf,1358.0
1326,0,GDiQpvtB,JxFLnqJu,1358.0
1326,0,fGmFhgnx,GDiQpvtB,1357.0
1180,0,LAmktnrq,qflzswAf,7602.0
1180,0,JbCujTci,LAmktnrq,4005.0
1180,0,jSSkauKM,JbCujTci,6344.0
1180,0,qLQHuyIe,jSSkauKM,6929.0
1180,0,apOzgzFy,qLQHuyIe,6940.0
400,0,clVXMHJf,nfCzcTzh,2294.0
400,0,UXEWVZzP,clVXMHJf,2296.0
400,0,MlYFoaez,UXEWVZzP,1880.0
539,0,oZJRchiN,wVKhsyCZ,34.0
539,0,xmGwLlME,oZJRchiN,534.0
539,0,KcBICYpI,xmGwLlME,534.0
539,0,XQiQvefE,KcBICYpI,534.0
539,0,eyUKPfnA,XQiQvefE,534.0
539,0,ZgqhsueA,eyUKPfnA,534.0
539,0,YvwuVYMF,ZgqhsueA,534.0
539,0,FZsFzszJ,YvwuVYMF,534.0
539,0,ALhaazBT,FZsFzszJ,457.0
539,0,ZijVddwt,ALhaazBT,457.0
1030,0,vDTAjOOR,yQmtaWgt,1630.0
1030,0,VYHZxBYO,vDTAjOOR,1644.0
1092,0,KrLSLIZd,OjBZWzOO,2436.0
1092,0,yQmtaWgt,KrLSLIZd,2436.0
1030,0,ajteUQkz,VpHOqNar,1375.0
1030,0,XmmyKsTm,ajteUQkz,1375.0
1030,0,gNJqbiHM,XmmyKsTm,1375.0
1030,0,NrUUQlkk,gNJqbiHM,1375.0
1030,0,yQmtaWgt,NrUUQlkk,1375.0
1107,0,yhxUltpl,JRMVrfdD,65.0
1107,0,bEntPTsf,yhxUltpl,65.0
1107,0,qIHRQZMb,bEntPTsf,65.0
1107,0,GSOqnCzV,qIHRQZMb,65.0
1107,0,bghpxDOJ,XaVBQtHA,29.0
1107,0,JRMVrfdD,bghpxDOJ,29.0
598,0,UnubcmDK,PUIIuxlM,41.0
598,0,LuFdSicn,UnubcmDK,41.0
598,0,CGFcscTW,LuFdSicn,41.0
598,0,EIcIoHUO,CGFcscTW,45.0
598,0,mwdAyONm,EIcIoHUO,45.0
598,0,VVXTrukI,mwdAyONm,45.0
598,0,UufKZTKG,VVXTrukI,45.0
598,0,kJlOJSYi,UufKZTKG,45.0
598,0,wzaIlAwh,kJlOJSYi,52.0
598,0,sonNAVmZ,XxhwFmzZ,5.0
598,0,aWeAvoyP,sonNAVmZ,5.0
598,0,exnIZrMP,aWeAvoyP,5.0
598,0,KhRPPFUf,exnIZrMP,5.0
598,0,zoqWMrrO,KhRPPFUf,5.0
598,0,WSMobtPt,zoqWMrrO,5.0
598,0,ClDeGdta,WSMobtPt,5.0
598,0,hTaJTejf,ClDeGdta,6.0
598,0,AvILYntX,hTaJTejf,6.0
598,0,BGAyznqC,AvILYntX,6.0
598,0,PUIIuxlM,BGAyznqC,6.0
598,0,VCGhveHG,VQfPRvUw,1.0
598,0,WQdyWhSR,VCGhveHG,1.0
598,0,vCGIyJLJ,WQdyWhSR,1.0
598,0,VXthmpcS,vCGIyJLJ,4.0
598,0,xuEvBBdE,VXthmpcS,4.0
598,0,rAizOLWV,xuEvBBdE,4.0
598,0,JdZarNsv,rAizOLWV,4.0
598,0,NmilzqZp,JdZarNsv,4.0
598,0,TCMQvOqy,NmilzqZp,4.0
598,0,JyqrAKLu,TCMQvOqy,4.0
598,0,XxhwFmzZ,JyqrAKLu,4.0
990,0,hTBkjNzq,MyzUerZz,5876.0
990,0,aCcokpIU,hTBkjNzq,5875.0
990,0,IWuAfYeM,aCcokpIU,4624.0
990,0,AKEMZMhk,IWuAfYeM,4624.0
990,0,oXDhDxhT,AKEMZMhk,4624.0
599,0,LgyCGIBw,kKKRBhFF,10.0
599,0,OUgQnZLY,LgyCGIBw,10.0
599,0,SmQHomzq,OUgQnZLY,10.0
599,0,TXAdjSyo,SmQHomzq,10.0
599,0,UIFNotIh,TXAdjSyo,10.0
599,0,roHCvggS,UIFNotIh,10.0
595,0,pjrUunbL,FnMlnlru,743.0
595,0,pobpsCoK,pjrUunbL,743.0
599,0,WdOwNGhj,xfbmoJHP,8.0
599,0,kKKRBhFF,WdOwNGhj,8.0
1180,0,hTBkjNzq,hSdNxZqe,4756.0
1180,0,aCcokpIU,hTBkjNzq,4741.0
1180,0,IWuAfYeM,aCcokpIU,3919.0
1180,0,AKEMZMhk,IWuAfYeM,3919.0
1180,0,oXDhDxhT,AKEMZMhk,3919.0
1622,0,VDSTHuJo,zdgoUaFA,1500.0
1622,0,ImyQzgIv,VDSTHuJo,1513.0
1622,0,BzikVGUK,ImyQzgIv,1513.0
1622,0,lniHSWWA,BzikVGUK,1513.0
1622,0,qaJzTzwj,lniHSWWA,1121.0
1622,0,YstCZidS,qaJzTzwj,1621.0
1622,0,sHyVyxBf,YstCZidS,1621.0
1622,0,OGOfNBpR,sHyVyxBf,1604.0
1622,0,apZtGMSe,OGOfNBpR,1604.0
1622,0,busLwOKM,apZtGMSe,1490.0
1622,0,BRTaWOYs,busLwOKM,1490.0
1622,0,aYSqaQmJ,BRTaWOYs,1437.0
1622,0,PjfwSZnl,aYSqaQmJ,73.0
1622,0,vSdfqYeK,PjfwSZnl,33.0
1054,0,aYIMvmGX,qdrjbHYS,65.0
1054,0,WGGanwZU,aYIMvmGX,76.0
1054,0,ArHpJhVJ,WGGanwZU,78.0
1054,0,tWpVdCtj,ArHpJhVJ,78.0
1054,0,EdJUuxct,tWpVdCtj,78.0
1054,0,gmiMCrrb,EdJUuxct,78.0
1054,0,DzkWADkh,gmiMCrrb,78.0
1054,0,MjMnNBLG,DzkWADkh,78.0
1054,0,XiRzIewe,MjMnNBLG,78.0
1054,0,DalDuuww,XiRzIewe,78.0
1054,0,WlkKexEs,DalDuuww,78.0
1054,0,MyzUerZz,WlkKexEs,78.0
1054,0,hTBkjNzq,MyzUerZz,78.0
1054,0,aCcokpIU,hTBkjNzq,78.0
1054,0,IWuAfYeM,aCcokpIU,78.0
1054,0,AKEMZMhk,IWuAfYeM,78.0
1054,0,oXDhDxhT,AKEMZMhk,78.0
1054,0,twlwLPZj,oXDhDxhT,80.0
1054,0,NjRgIRup,twlwLPZj,80.0
1054,0,rlFkXMBS,NjRgIRup,331.0
1054,0,lxkWqJCv,rlFkXMBS,331.0
452,0,hTBkjNzq,MyzUerZz,7652.0
452,0,aCcokpIU,hTBkjNzq,5870.0
452,0,IWuAfYeM,aCcokpIU,5395.0
452,0,AKEMZMhk,IWuAfYeM,5395.0
452,0,oXDhDxhT,AKEMZMhk,5395.0
452,0,twlwLPZj,oXDhDxhT,4014.0
452,0,xfbmoJHP,twlwLPZj,4007.0
106,0,WlkKexEs,TDvESTZN,8649.0
106,0,MyzUerZz,WlkKexEs,7644.0
106,0,hTBkjNzq,MyzUerZz,7592.0
106,0,aCcokpIU,hTBkjNzq,7422.0
106,0,IWuAfYeM,aCcokpIU,6459.0
106,0,AKEMZMhk,IWuAfYeM,6459.0
106,0,oXDhDxhT,AKEMZMhk,6459.0
106,0,twlwLPZj,oXDhDxhT,5908.0
106,0,xfbmoJHP,twlwLPZj,5905.0
46,0,hTBkjNzq,hSdNxZqe,4596.0
46,0,aCcokpIU,hTBkjNzq,4059.0
46,0,IWuAfYeM,aCcokpIU,3453.0
46,0,AKEMZMhk,IWuAfYeM,3453.0
46,0,oXDhDxhT,AKEMZMhk,3453.0
46,0,twlwLPZj,oXDhDxhT,3336.0
46,0,xfbmoJHP,twlwLPZj,3299.0
1180,0,twlwLPZj,oXDhDxhT,3841.0
1180,0,xfbmoJHP,twlwLPZj,3841.0
1262,0,tkDBwPiV,uGNDunGF,4559.0
1262,0,mqlWPdpA,tkDBwPiV,4682.0
1262,0,lOdrwgOe,mqlWPdpA,4682.0
1262,0,BRjWpQtg,lOdrwgOe,2636.0
1262,0,CrcsXCbZ,BRjWpQtg,2636.0
105,0,plWWPiMc,mnkgCFDT,811.0
105,0,HcPkwFHM,plWWPiMc,827.0
105,0,KjuJaNsu,HcPkwFHM,867.0
105,0,oNyGHMvy,KjuJaNsu,869.0
105,0,QdnKSSsO,oNyGHMvy,883.0
105,0,vSdfqYeK,QdnKSSsO,991.0
105,0,wDpyEsxh,vSdfqYeK,991.0
105,0,jIerKxIb,wDpyEsxh,991.0
105,0,IubGYoNi,jIerKxIb,1259.0
105,0,fmQEzQWV,IubGYoNi,1267.0
105,0,BpAiVnps,fmQEzQWV,1488.0
105,0,AszcEtOu,BpAiVnps,1491.0
105,0,TcEVvOUM,AszcEtOu,1497.0
105,0,qGnNRXVR,TcEVvOUM,1497.0
105,0,MwLdaJul,qGnNRXVR,1497.0
105,0,QUMnpJQp,MwLdaJul,1503.0
105,0,FyIjwLBj,QUMnpJQp,1504.0
105,0,vXPGJwVk,FyIjwLBj,1504.0
105,0,qzuHypgA,vXPGJwVk,1504.0
105,0,JVRJClPS,qzuHypgA,1504.0
105,0,ZZUoaXbF,JVRJClPS,1504.0
105,0,fdiMUjeA,ZZUoaXbF,1504.0
105,0,lbTqXure,fdiMUjeA,1504.0
105,0,MyzUerZz,lbTqXure,1442.0
105,0,hTBkjNzq,MyzUerZz,1038.0
984,0,cpLivUai,JFVlrPHE,1421.0
984,0,fKUdbDza,cpLivUai,1436.0
984,0,DATqCMmz,fKUdbDza,1705.0
984,0,BSeIJfkI,DATqCMmz,2562.0
984,0,YbVmHVTt,zGyJMIkT,48.0
984,0,ZlnerNQG,YbVmHVTt,255.0
984,0,FVWAEAei,ZlnerNQG,255.0
984,0,gVtshwcF,FVWAEAei,255.0
984,0,LmhVzFNJ,gVtshwcF,290.0
984,0,CmbQeSBI,LmhVzFNJ,290.0
984,0,RVyaKvKa,CmbQeSBI,290.0
984,0,OQRQrPoA,RVyaKvKa,290.0
297,0,lQHWhrGj,tldUULAx,100.0
297,0,OOOhsNkv,lQHWhrGj,100.0
297,0,CgcphXSb,OOOhsNkv,100.0
297,0,texSWQet,CgcphXSb,100.0
297,0,lxBswvKX,texSWQet,100.0
297,0,OoNwiPDT,lxBswvKX,172.0
297,0,ftvNhZKM,OoNwiPDT,172.0
297,0,KLTxOJqh,ftvNhZKM,248.0
297,0,IURTQlCB,KLTxOJqh,248.0
297,0,ojINhgSe,IURTQlCB,299.0
297,0,SiflCzMU,ojINhgSe,299.0
297,0,fCvqoWrT,SiflCzMU,356.0
297,0,yRpreQRc,fCvqoWrT,356.0
297,0,QaQvGPmN,yRpreQRc,361.0
297,0,HNYicgCh,QaQvGPmN,361.0
297,0,RVNzMGgw,HNYicgCh,361.0
297,0,QeEdlYuU,RVNzMGgw,361.0
297,0,LXDQjYxM,QeEdlYuU,361.0
297,0,qVzVrWDp,LXDQjYxM,361.0
297,0,IuRRuHdp,qVzVrWDp,361.0
297,0,QZgueNIh,IuRRuHdp,361.0
297,0,JFVlrPHE,QZgueNIh,361.0
297,0,cpLivUai,JFVlrPHE,361.0
297,0,fKUdbDza,cpLivUai,361.0
297,0,DATqCMmz,fKUdbDza,361.0
297,0,ILgjTtXh,DATqCMmz,361.0
105,0,aCcokpIU,hTBkjNzq,991.0
736,0,gzTQJVMW,RVEyrwjR,23488.0
736,0,FZsFzszJ,gzTQJVMW,19776.0
736,0,KgwKZlse,FZsFzszJ,19506.0
736,0,AoRkaUmb,KgwKZlse,19506.0
736,0,ALhaazBT,AoRkaUmb,19506.0
736,0,YqlTLIQa,ALhaazBT,19368.0
736,0,AUmOMGnp,YqlTLIQa,19329.0
736,0,XFPAZveS,AUmOMGnp,19325.0
736,0,ojqTFFWy,XFPAZveS,7326.0
1331,0,zVMCvpDh,zfmNZkKD,964.0
1331,0,nOepWjtB,zVMCvpDh,964.0
1331,0,kNXaohyL,nOepWjtB,964.0
1331,0,gJicbLzN,kNXaohyL,964.0
595,0,oSlWllmq,bgsGiKIs,720.0
595,0,FnMlnlru,oSlWllmq,720.0
858,0,aHGuzSTo,KAhfQHTl,339.0
858,0,ttlZXoMn,aHGuzSTo,339.0
858,0,eYRPTRrW,ttlZXoMn,387.0
858,0,ABXRUWWW,eYRPTRrW,387.0
858,0,RobpRsZS,ABXRUWWW,387.0
858,0,NALyFlzQ,RobpRsZS,921.0
858,0,qIuTLVvj,NALyFlzQ,921.0
858,0,spmlaYUs,qIuTLVvj,900.0
858,0,qqDoWQdv,spmlaYUs,900.0
858,0,eymgjBxV,qqDoWQdv,885.0
858,0,EonJeQKz,eymgjBxV,875.0
858,0,vkWqgNph,EonJeQKz,875.0
858,0,nJRQzVZQ,vkWqgNph,875.0
858,0,xunvufHj,nJRQzVZQ,869.0
858,0,rxrORjnb,xunvufHj,869.0
858,0,UVDfwOgc,rxrORjnb,869.0
858,0,TJDsQDoO,UVDfwOgc,865.0
858,0,yTictHOU,TJDsQDoO,863.0
858,0,sTaleXyI,yTictHOU,863.0
858,0,illGQStO,sTaleXyI,858.0
858,0,AUrIxxcC,illGQStO,849.0
858,0,zqZasXpA,AUrIxxcC,849.0
858,0,EYGEAZtD,zqZasXpA,849.0
858,0,AJLJQqsT,EYGEAZtD,849.0
858,0,NCSBLEus,AJLJQqsT,842.0
858,0,xfbmoJHP,NCSBLEus,842.0
966,0,SogEaGxk,isMwZYXy,1203.0
966,0,lCifaItn,SogEaGxk,1203.0
913,0,mEqtlIiP,jZLvbydT,163.0
913,0,pNfwvVoI,mEqtlIiP,163.0
913,0,sqkVVOFh,pNfwvVoI,163.0
913,0,DXDxufRt,sqkVVOFh,236.0
913,0,rnnOUpAJ,DXDxufRt,238.0
913,0,NKETZQBF,rnnOUpAJ,238.0
913,0,BcAnDlhE,NKETZQBF,238.0
913,0,gOHjFflk,BcAnDlhE,247.0
913,0,SteiLorf,gOHjFflk,247.0
913,0,NbdCRqNf,SteiLorf,251.0
913,0,smhnGuEj,NbdCRqNf,251.0
913,0,yrrrlzqi,smhnGuEj,251.0
913,0,GUgiDKEG,yrrrlzqi,251.0
913,0,IsszqyIy,GUgiDKEG,251.0
913,0,wBOkqIeG,IsszqyIy,255.0
913,0,hnwTnEQV,wBOkqIeG,282.0
913,0,IKquIbHX,hnwTnEQV,282.0
913,0,oGdoEyKI,IKquIbHX,282.0
913,0,ehvgRqdw,oGdoEyKI,282.0
913,0,WoPCDSeI,ehvgRqdw,363.0
913,0,KKHFrKGl,WoPCDSeI,363.0
913,0,ltPLChrK,KKHFrKGl,316.0
913,0,FwvYcAgk,ltPLChrK,316.0
913,0,mgDGiHEE,FwvYcAgk,316.0
913,0,dQOncjgh,mgDGiHEE,316.0
913,0,QiaFfhxS,dQOncjgh,316.0
913,0,rilNZKmg,QiaFfhxS,316.0
913,0,MgfOYJbA,rilNZKmg,316.0
913,0,qIuTLVvj,MgfOYJbA,316.0
913,0,spmlaYUs,qIuTLVvj,303.0
913,0,qqDoWQdv,spmlaYUs,303.0
913,0,eymgjBxV,qqDoWQdv,247.0
913,0,EonJeQKz,eymgjBxV,247.0
913,0,vkWqgNph,EonJeQKz,247.0
913,0,nJRQzVZQ,vkWqgNph,247.0
913,0,xunvufHj,nJRQzVZQ,245.0
913,0,rxrORjnb,xunvufHj,245.0
913,0,UVDfwOgc,rxrORjnb,245.0
913,0,TJDsQDoO,UVDfwOgc,245.0
913,0,yTictHOU,TJDsQDoO,243.0
913,0,sTaleXyI,yTictHOU,243.0
913,0,illGQStO,sTaleXyI,243.0
913,0,AUrIxxcC,illGQStO,243.0
913,0,zqZasXpA,AUrIxxcC,243.0
913,0,EYGEAZtD,zqZasXpA,243.0
913,0,AJLJQqsT,EYGEAZtD,243.0
913,0,NCSBLEus,AJLJQqsT,243.0
913,0,xfbmoJHP,NCSBLEus,202.0
913,0,WdOwNGhj,xfbmoJHP,11.0
913,0,kKKRBhFF,WdOwNGhj,7.0
913,0,NFInfBeu,kKKRBhFF,7.0
913,0,VCQdmIoF,NFInfBeu,7.0
913,0,ePrpofUw,VCQdmIoF,7.0
913,0,KcvPUxQg,ePrpofUw,7.0
913,0,BlnSxBAr,KcvPUxQg,7.0
913,0,TCBUGaZf,BlnSxBAr,7.0
913,0,pzcCDVmZ,TCBUGaZf,1.0
913,0,AUBTKFbY,pzcCDVmZ,1.0
913,0,fjevhefZ,AUBTKFbY,1.0
913,0,vyQyYYqJ,fjevhefZ,1.0
913,0,ztLkgYlA,vyQyYYqJ,1.0
913,0,IvQQZbJW,ztLkgYlA,1.0
913,0,yaKWBgLg,IvQQZbJW,1.0
913,0,lkujKSJT,yaKWBgLg,1.0
913,0,twMezfOU,lkujKSJT,1.0
913,0,OyJKKata,twMezfOU,1.0
913,0,MqGZxRIW,OyJKKata,1.0
913,0,FcOkCcps,MqGZxRIW,1.0
913,0,uiYVYPQX,FcOkCcps,1.0
913,0,wihERHzN,uiYVYPQX,1.0
626,0,SogEaGxk,isMwZYXy,1594.0
626,0,lCifaItn,SogEaGxk,1594.0
1071,0,ozAxYCwR,uiYVYPQX,25.0
1075,0,RzNLGwXH,UfaDzlyU,960.0
1075,0,wRYiQgEn,RzNLGwXH,960.0
1075,0,yfISbYOh,wRYiQgEn,986.0
537,0,uzcbLUNR,GOFbtMrp,29.0
537,0,zezeKItL,uzcbLUNR,29.0
537,0,VpHOqNar,zezeKItL,29.0
537,0,vDTAjOOR,VpHOqNar,29.0
537,0,UDUmRzWP,vDTAjOOR,29.0
537,0,kVWwehGs,UDUmRzWP,29.0
537,0,ixhHdGBo,kVWwehGs,29.0
537,0,agMXkLfj,ixhHdGBo,29.0
537,0,SwLVnWPq,agMXkLfj,29.0
537,0,xGsoSfhX,SwLVnWPq,29.0
595,0,NuwmOhpA,CLjYTiBy,1.0
595,0,EXHVDpee,NuwmOhpA,1.0
595,0,TurKlwMz,EXHVDpee,1.0
595,0,JvVxAKet,TurKlwMz,1.0
597,0,JyqrAKLu,TCMQvOqy,275.0
597,0,XxhwFmzZ,JyqrAKLu,275.0
597,0,QZgueNIh,XxhwFmzZ,275.0
597,0,JFVlrPHE,QZgueNIh,326.0
597,0,cpLivUai,JFVlrPHE,326.0
597,0,fKUdbDza,cpLivUai,354.0
597,0,DATqCMmz,fKUdbDza,362.0
597,0,ILgjTtXh,DATqCMmz,362.0
597,0,XaFkCXdj,ILgjTtXh,1076.0
597,0,ZlnerNQG,ozAxYCwR,68.0
597,0,FVWAEAei,ZlnerNQG,68.0
597,0,gVtshwcF,FVWAEAei,68.0
597,0,CmbQeSBI,gVtshwcF,75.0
597,0,RVyaKvKa,CmbQeSBI,75.0
597,0,OQRQrPoA,RVyaKvKa,75.0
597,0,CEyhPnMH,OQRQrPoA,105.0
597,0,ogrZorIF,CEyhPnMH,105.0
597,0,fumBmOZX,ogrZorIF,105.0
597,0,CLjYTiBy,fumBmOZX,105.0
597,0,NuwmOhpA,CLjYTiBy,110.0
597,0,EXHVDpee,NuwmOhpA,125.0
597,0,NkWMDpBL,EXHVDpee,125.0
597,0,TurKlwMz,NkWMDpBL,125.0
597,0,oVNIhiyF,TurKlwMz,125.0
597,0,bbaQRYSI,oVNIhiyF,134.0
597,0,lDHqxCQW,bbaQRYSI,134.0
597,0,qGgPbtbT,lDHqxCQW,134.0
597,0,VQfPRvUw,qGgPbtbT,182.0
597,0,VCGhveHG,VQfPRvUw,182.0
597,0,WQdyWhSR,VCGhveHG,182.0
597,0,vCGIyJLJ,WQdyWhSR,182.0
597,0,VXthmpcS,vCGIyJLJ,216.0
597,0,xuEvBBdE,VXthmpcS,216.0
597,0,rAizOLWV,xuEvBBdE,216.0
597,0,JdZarNsv,rAizOLWV,216.0
597,0,NmilzqZp,JdZarNsv,216.0
597,0,TCMQvOqy,NmilzqZp,231.0
1067,0,XgeKmxEU,LdNZcaVd,59.0
1067,0,ASAgeGQh,XgeKmxEU,58.0
1067,0,ZcBdJkwp,ASAgeGQh,59.0
115,0,hkXbXhZN,scqbdPBp,165.0
115,0,TgpuXBqx,hkXbXhZN,165.0
115,0,IyPglFnI,TgpuXBqx,185.0
115,0,atGiINkp,IyPglFnI,185.0
115,0,tFIeEodn,atGiINkp,185.0
115,0,yeBNAVLu,tFIeEodn,185.0
1057,0,eIBTCCCb,gozRELiL,2534.0
626,0,dFlAswnV,lCifaItn,1586.0
626,0,pjTBCsVx,dFlAswnV,1586.0
487,0,VrqtMskC,jOvtnfLH,149.0
487,0,nwGGoSvm,VrqtMskC,149.0
487,0,msGFqCDa,nwGGoSvm,149.0
487,0,AoAbuPJW,msGFqCDa,149.0
487,0,WPcaURVq,AoAbuPJW,149.0
966,0,dFlAswnV,lCifaItn,1108.0
966,0,pjTBCsVx,dFlAswnV,1108.0
179,0,VrqtMskC,jOvtnfLH,154.0
179,0,nwGGoSvm,VrqtMskC,154.0
179,0,msGFqCDa,nwGGoSvm,154.0
179,0,AoAbuPJW,msGFqCDa,154.0
179,0,WPcaURVq,AoAbuPJW,154.0
984,0,zLDXwGdB,BSeIJfkI,2360.0
984,0,IWsbluFe,zLDXwGdB,2360.0
984,0,SUgOBtjk,IWsbluFe,2360.0
984,0,gACwumWT,SUgOBtjk,2360.0
984,0,JtZjSNXW,gACwumWT,2360.0
297,0,SUgOBtjk,ILgjTtXh,360.0
297,0,JtZjSNXW,SUgOBtjk,360.0
171,0,gcUmxKgT,TUrDxvOa,201.0
171,0,JFVlrPHE,gcUmxKgT,201.0
171,0,cpLivUai,JFVlrPHE,201.0
171,0,fKUdbDza,cpLivUai,201.0
171,0,DATqCMmz,fKUdbDza,201.0
171,0,ILgjTtXh,DATqCMmz,201.0
171,0,SUgOBtjk,ILgjTtXh,201.0
171,0,JtZjSNXW,SUgOBtjk,201.0
919,0,yVpVwFWL,HyvnzuHA,107.0
919,0,UYClvrsH,yVpVwFWL,107.0
919,0,GdIqHDLj,UYClvrsH,107.0
919,0,SclqdZtd,GdIqHDLj,107.0
919,0,LtmbDsIv,SclqdZtd,108.0
919,0,aRwBTLyd,LtmbDsIv,108.0
919,0,BpJuosmx,aRwBTLyd,108.0
919,0,tIHUlMxX,BpJuosmx,111.0
919,0,jucOpUOn,tIHUlMxX,111.0
919,0,qdCMxZSc,jucOpUOn,111.0
919,0,ptvIaUTy,qdCMxZSc,111.0
919,0,dvaPHMux,ptvIaUTy,111.0
297,0,bCOJrgoA,qDeoslSZ,53.0
297,0,IwMXsDOu,bCOJrgoA,53.0
297,0,gOJphFVT,IwMXsDOu,53.0
297,0,dBTDkDZt,gOJphFVT,53.0
297,0,tldUULAx,dBTDkDZt,53.0
1088,0,HMbsFjDI,BSkSmoPQ,519.0
1088,0,TPYHEEdQ,HMbsFjDI,519.0
1088,0,RUSqbQft,TPYHEEdQ,519.0
1088,0,XgkALHoJ,RUSqbQft,519.0
1088,0,CLiKvSHW,XgkALHoJ,519.0
1088,0,ZnVCCcBH,CLiKvSHW,519.0
1088,0,OIitzYwb,ZnVCCcBH,519.0
1088,0,pACYXwGf,OIitzYwb,519.0
1088,0,VYHZxBYO,pACYXwGf,519.0
105,0,IWuAfYeM,aCcokpIU,928.0
105,0,AKEMZMhk,IWuAfYeM,928.0
105,0,oXDhDxhT,AKEMZMhk,928.0
626,0,XMFZXZdV,pjTBCsVx,1267.0
487,0,shsbwlrM,WPcaURVq,105.0
487,0,WgelRheP,shsbwlrM,105.0
966,0,XMFZXZdV,pjTBCsVx,940.0
179,0,shsbwlrM,WPcaURVq,129.0
179,0,WgelRheP,shsbwlrM,129.0
626,0,MBttAlCW,ZAfIffxq,483.0
626,0,XCXPEDQh,MBttAlCW,326.0
626,0,FXyPWyvF,XCXPEDQh,326.0
626,0,yLDzmulm,FXyPWyvF,326.0
626,0,JzObVOMG,yLDzmulm,331.0
626,0,dwQybScW,JzObVOMG,331.0
626,0,WgelRheP,dwQybScW,331.0
910,0,krXgCSzh,KLSPMOeO,15.0
910,0,yDCZcPdO,krXgCSzh,15.0
910,0,zyATMMRX,yDCZcPdO,15.0
910,0,XJpVddlh,zyATMMRX,15.0
910,0,CkgzgDTz,XJpVddlh,10.0
910,0,AaOxIRuX,CkgzgDTz,10.0
910,0,mOxeJcai,AaOxIRuX,10.0
910,0,RrhmmPMm,mOxeJcai,10.0
910,0,hqOmlOIp,RrhmmPMm,8.0
910,0,qJgsxHch,hqOmlOIp,8.0
910,0,lxplrluY,qJgsxHch,8.0
910,0,zTJYYUap,lxplrluY,8.0
910,0,UxPxrYmy,zTJYYUap,8.0
910,0,KwXNMHkb,UxPxrYmy,8.0
910,0,YxUFlvZH,KwXNMHkb,8.0
910,0,KMLNQwjh,YxUFlvZH,8.0
910,0,aDaRCcaB,KMLNQwjh,8.0
910,0,dQYZBhGJ,aDaRCcaB,8.0
910,0,iFderoVa,dQYZBhGJ,8.0
910,0,GQmprOhw,iFderoVa,8.0
910,0,CbblRkaH,GQmprOhw,8.0
910,0,BldTZUAI,CbblRkaH,8.0
910,0,nBYHMnkU,BldTZUAI,8.0
910,0,lotPPedu,nBYHMnkU,8.0
910,0,ERIWLSEl,lotPPedu,8.0
910,0,qsoLaWuJ,ERIWLSEl,8.0
910,0,WSBJbplj,qsoLaWuJ,8.0
910,0,THUDGZDu,WSBJbplj,8.0
910,0,KLSPMOeO,EpCFePOD,13.0
910,0,EpCFePOD,vOivHtRX,11.0
1366,0,YmkUpvHU,qKeCDDXI,5675.0
1366,0,WOOyqinT,YmkUpvHU,5462.0
1366,0,mnkgCFDT,WOOyqinT,5270.0
1366,0,svgtEcQx,mnkgCFDT,3465.0
1366,0,HcPkwFHM,svgtEcQx,3326.0
1366,0,KjuJaNsu,HcPkwFHM,3326.0
1366,0,oNyGHMvy,KjuJaNsu,3315.0
1366,0,vSdfqYeK,oNyGHMvy,3088.0
1366,0,wDpyEsxh,vSdfqYeK,2653.0
1366,0,jIerKxIb,wDpyEsxh,2639.0
1366,0,IubGYoNi,jIerKxIb,2568.0
1366,0,fmQEzQWV,IubGYoNi,2457.0
1366,0,BpAiVnps,fmQEzQWV,1899.0
1744,0,jQaLNViL,gyQqEnFq,1148.0
712,0,TcTonWJL,HJTsgSzj,1232.0
712,0,NJSgWoOc,TcTonWJL,1226.0
712,0,RIpTuvwk,NJSgWoOc,2158.0
712,0,ubzklVlS,RIpTuvwk,2788.0
1618,0,VWoPhHkb,rWJbJwsc,1000.0
1618,0,AVJtqaBS,VWoPhHkb,1000.0
1618,0,xeuxxNBT,AVJtqaBS,1000.0
1618,0,bOMXeuCa,xeuxxNBT,1000.0
1618,0,kltlGPhk,bOMXeuCa,988.0
1618,0,xIAmzSOf,kltlGPhk,1123.0
1618,0,HFPiIGml,xIAmzSOf,1123.0
597,0,HcOWfPMU,XaFkCXdj,634.0
1057,0,ygaPVVOX,NjRgIRup,2384.0
1057,0,SgmzKmGa,ygaPVVOX,2397.0
1057,0,oaiHprKy,SgmzKmGa,2398.0
1057,0,EKGAgXOm,oaiHprKy,2398.0
1057,0,RqCzrtQl,EKGAgXOm,2398.0
1057,0,CfDISmMN,RqCzrtQl,2399.0
1057,0,RpAFtJSl,CfDISmMN,2399.0
1057,0,PcvuCqyL,RpAFtJSl,2401.0
1057,0,CxeJhmQn,PcvuCqyL,2455.0
1057,0,TmbwpUyz,CxeJhmQn,2455.0
1057,0,rREIWzym,TmbwpUyz,2459.0
1057,0,rluMkzbt,rREIWzym,2459.0
1057,0,oTXyBJNn,rluMkzbt,2459.0
1057,0,AIvMrZbX,oTXyBJNn,2459.0
1057,0,DFuWYygu,AIvMrZbX,2459.0
1057,0,iKWaHdND,DFuWYygu,2459.0
1057,0,sZMRTtVP,iKWaHdND,2459.0
1057,0,gozRELiL,sZMRTtVP,2459.0
105,0,twlwLPZj,oXDhDxhT,889.0
235,0,JYrrjUtU,fkZFUNSd,7631.0
235,0,cttUtMNm,JYrrjUtU,7584.0
235,0,wHfmVQMh,cttUtMNm,7385.0
235,0,mdGitRQe,wHfmVQMh,6713.0
235,0,SOBUilCD,mdGitRQe,6635.0
235,0,RVGhYAxc,SOBUilCD,6635.0
626,0,DxyTpirl,XMFZXZdV,525.0
626,0,xvojPNrb,DxyTpirl,525.0
626,0,ZAfIffxq,xvojPNrb,525.0
966,0,DxyTpirl,XMFZXZdV,502.0
966,0,xvojPNrb,DxyTpirl,502.0
966,0,ZAfIffxq,xvojPNrb,502.0
625,0,XwjzzvVV,WgelRheP,435.0
625,0,exwEUcIO,XwjzzvVV,435.0
625,0,jisQZBDs,exwEUcIO,435.0
625,0,NcoWExwJ,jisQZBDs,430.0
625,0,hygBouPP,NcoWExwJ,430.0
625,0,iPzquFzR,hygBouPP,430.0
990,0,twlwLPZj,oXDhDxhT,4400.0
990,0,xfbmoJHP,twlwLPZj,4400.0
595,0,twlwLPZj,cMdRoPmQ,750.0
595,0,NjRgIRup,twlwLPZj,396.0
598,0,twlwLPZj,cMdRoPmQ,27.0
598,0,xfbmoJHP,twlwLPZj,22.0
1058,0,AGDZrVfo,HcOWfPMU,196.0
129,0,huecLIWR,aeqnymTn,4.0
129,0,ttuFHhig,huecLIWR,4.0
129,0,WjngiDTm,ttuFHhig,3.0
129,0,jEhGDfoN,WjngiDTm,3.0
115,0,xokKvraT,yeBNAVLu,111.0
115,0,HaSZVkzu,xokKvraT,111.0
115,0,yjaYbUGq,HaSZVkzu,111.0
115,0,LbyQgJih,yjaYbUGq,111.0
115,0,FPXdCAOW,LbyQgJih,111.0
115,0,ouHKxPGS,FPXdCAOW,111.0
115,0,TimDJQqX,ouHKxPGS,97.0
115,0,buoLtkoi,TimDJQqX,97.0
115,0,NEOaVWFJ,buoLtkoi,97.0
115,0,RBwynnQe,NEOaVWFJ,97.0
115,0,EPmEpfWC,RBwynnQe,97.0
115,0,TtVVOWLP,EPmEpfWC,97.0
115,0,xfbmoJHP,TtVVOWLP,97.0
1065,0,rxrORjnb,MJvZDjlV,488.0
1065,0,UVDfwOgc,rxrORjnb,488.0
1065,0,TJDsQDoO,UVDfwOgc,484.0
1065,0,yTictHOU,TJDsQDoO,484.0
1065,0,illGQStO,yTictHOU,483.0
1065,0,AUrIxxcC,illGQStO,395.0
1065,0,zqZasXpA,AUrIxxcC,395.0
1065,0,EYGEAZtD,zqZasXpA,395.0
1065,0,AJLJQqsT,EYGEAZtD,395.0
1065,0,NCSBLEus,AJLJQqsT,386.0
1065,0,xfbmoJHP,NCSBLEus,386.0
1065,0,MJvZDjlV,cdqhrjBE,461.0
924,0,HyvnzuHA,SJvhYGxR,1172.0
924,0,SJvhYGxR,HfcobGNa,1176.0
924,0,BvLvsPYo,zmlEwfKx,1156.0
924,0,NcoKemSg,BvLvsPYo,1156.0
924,0,HfcobGNa,NcoKemSg,1156.0
924,0,EmJpSDwd,TExCPNxk,1136.0
924,0,jjHnlXVx,EmJpSDwd,1136.0
924,0,zmlEwfKx,jjHnlXVx,1136.0
924,0,BvinbONJ,FbaONibz,1099.0
924,0,GfvuifIZ,BvinbONJ,1154.0
924,0,TExCPNxk,GfvuifIZ,1154.0
1075,0,zPQeyVVD,momDhuqe,327.0
1075,0,UrJBvWGq,zPQeyVVD,364.0
1075,0,thxCXWVL,UrJBvWGq,364.0
1075,0,AlpXiRiW,thxCXWVL,364.0
924,0,LpwxWatG,rwLqimtK,770.0
924,0,FbaONibz,LpwxWatG,770.0
121,0,MgfOYJbA,UCALextd,12.0
121,0,qIuTLVvj,MgfOYJbA,8.0
121,0,spmlaYUs,qIuTLVvj,8.0
121,0,qqDoWQdv,spmlaYUs,8.0
121,0,eymgjBxV,qqDoWQdv,8.0
121,0,EonJeQKz,eymgjBxV,8.0
121,0,vkWqgNph,EonJeQKz,8.0
121,0,nJRQzVZQ,vkWqgNph,8.0
121,0,xunvufHj,nJRQzVZQ,8.0
121,0,AhlYGwKp,xunvufHj,8.0
121,0,rxrORjnb,AhlYGwKp,8.0
121,0,UVDfwOgc,rxrORjnb,8.0
121,0,HdBHspFM,UVDfwOgc,8.0
121,0,TJDsQDoO,HdBHspFM,8.0
121,0,yTictHOU,TJDsQDoO,8.0
121,0,sTaleXyI,yTictHOU,8.0
121,0,illGQStO,sTaleXyI,8.0
121,0,AUrIxxcC,illGQStO,8.0
121,0,zqZasXpA,AUrIxxcC,8.0
121,0,EYGEAZtD,zqZasXpA,8.0
121,0,AJLJQqsT,EYGEAZtD,8.0
121,0,NCSBLEus,AJLJQqsT,8.0
121,0,xfbmoJHP,NCSBLEus,8.0
924,0,FvRjKBvU,TJeJnSDd,561.0
924,0,wuQzPlvL,FvRjKBvU,603.0
924,0,NacgxEEi,wuQzPlvL,603.0
924,0,ZbMvdFLw,NacgxEEi,603.0
924,0,JUGtNdnF,ZbMvdFLw,603.0
924,0,buTfkkhk,JUGtNdnF,603.0
924,0,rwLqimtK,buTfkkhk,762.0
764,0,mgDGiHEE,pLpkESor,74.0
764,0,dQOncjgh,mgDGiHEE,51.0
764,0,QiaFfhxS,dQOncjgh,51.0
764,0,rilNZKmg,QiaFfhxS,51.0
764,0,MgfOYJbA,rilNZKmg,51.0
764,0,qIuTLVvj,MgfOYJbA,51.0
764,0,spmlaYUs,qIuTLVvj,49.0
764,0,qqDoWQdv,spmlaYUs,49.0
764,0,eymgjBxV,qqDoWQdv,49.0
764,0,EonJeQKz,eymgjBxV,49.0
764,0,vkWqgNph,EonJeQKz,49.0
764,0,nJRQzVZQ,vkWqgNph,49.0
764,0,xunvufHj,nJRQzVZQ,41.0
764,0,rxrORjnb,xunvufHj,41.0
764,0,UVDfwOgc,rxrORjnb,41.0
764,0,TJDsQDoO,UVDfwOgc,41.0
764,0,yTictHOU,TJDsQDoO,41.0
764,0,sTaleXyI,yTictHOU,41.0
764,0,illGQStO,sTaleXyI,41.0
764,0,AUrIxxcC,illGQStO,41.0
764,0,zqZasXpA,AUrIxxcC,41.0
764,0,EYGEAZtD,zqZasXpA,41.0
764,0,AJLJQqsT,EYGEAZtD,41.0
764,0,NCSBLEus,AJLJQqsT,41.0
764,0,xfbmoJHP,NCSBLEus,40.0
912,0,Erqjkxzk,KKHFrKGl,235.0
912,0,ltPLChrK,Erqjkxzk,235.0
912,0,FwvYcAgk,ltPLChrK,235.0
764,0,bSXtWlOz,MbBQjXCf,33.0
764,0,aviECmtd,bSXtWlOz,64.0
764,0,LMgpokYk,aviECmtd,64.0
764,0,vafAyuvT,LMgpokYk,64.0
764,0,lPyqbuiQ,vafAyuvT,64.0
764,0,uAaGlvRh,lPyqbuiQ,64.0
764,0,GWRhXmMO,uAaGlvRh,64.0
764,0,pLpkESor,GWRhXmMO,64.0
1118,0,yMrMMnQF,hUQezMGZ,17.0
1118,0,MrQhdzGM,yMrMMnQF,17.0
1118,0,HsmdKMgN,MrQhdzGM,17.0
1118,0,NJsqxdTd,HsmdKMgN,17.0
1118,0,hfbFGrBz,NJsqxdTd,17.0
1118,0,YtTJoBxm,hfbFGrBz,17.0
1118,0,AlpXiRiW,YtTJoBxm,17.0
1118,0,cyLrdsLq,AlpXiRiW,15.0
1118,0,pVHZNTmW,cyLrdsLq,15.0
1118,0,qLlyWzVq,pVHZNTmW,15.0
1118,0,lGJIVvqE,qLlyWzVq,15.0
1118,0,CkiKkxJQ,lGJIVvqE,15.0
1118,0,BmBzVYhd,CkiKkxJQ,15.0
1118,0,DDFCohxX,BmBzVYhd,15.0
1118,0,NfMyQHAw,DDFCohxX,15.0
1118,0,UlmLxwtK,NfMyQHAw,15.0
1118,0,nLuZmKFz,UlmLxwtK,15.0
1118,0,rxrORjnb,nLuZmKFz,15.0
1118,0,yTictHOU,rxrORjnb,7.0
1118,0,sTaleXyI,yTictHOU,7.0
1118,0,illGQStO,sTaleXyI,7.0
1118,0,zqZasXpA,illGQStO,7.0
1118,0,AJLJQqsT,zqZasXpA,7.0
1118,0,NCSBLEus,AJLJQqsT,7.0
1118,0,xfbmoJHP,NCSBLEus,7.0
929,0,ymMHSssn,wSxpBpYI,15.0
916,0,TuCFhCoF,umgwnivO,156.0
916,0,NnDAWHCn,TuCFhCoF,156.0
916,0,Kssiavoh,NnDAWHCn,160.0
916,0,pAoOtqpU,Kssiavoh,160.0
916,0,iKWenAnt,pAoOtqpU,161.0
916,0,oSDoGnju,iKWenAnt,166.0
916,0,efsWTgFW,oSDoGnju,184.0
916,0,csuoPXTA,efsWTgFW,184.0
916,0,NOXvlGiG,csuoPXTA,184.0
916,0,WoPCDSeI,NOXvlGiG,184.0
916,0,ZVaoBYIn,WoPCDSeI,184.0
916,0,KKHFrKGl,ZVaoBYIn,184.0
916,0,Erqjkxzk,KKHFrKGl,156.0
916,0,ltPLChrK,Erqjkxzk,156.0
916,0,FwvYcAgk,ltPLChrK,156.0
916,0,mgDGiHEE,FwvYcAgk,156.0
916,0,dQOncjgh,mgDGiHEE,154.0
916,0,QiaFfhxS,dQOncjgh,154.0
916,0,rilNZKmg,QiaFfhxS,154.0
916,0,MgfOYJbA,rilNZKmg,153.0
916,0,qIuTLVvj,MgfOYJbA,153.0
916,0,spmlaYUs,qIuTLVvj,153.0
916,0,qqDoWQdv,spmlaYUs,153.0
916,0,eymgjBxV,qqDoWQdv,128.0
916,0,EonJeQKz,eymgjBxV,128.0
916,0,vkWqgNph,EonJeQKz,128.0
916,0,nJRQzVZQ,vkWqgNph,128.0
916,0,xunvufHj,nJRQzVZQ,126.0
916,0,rxrORjnb,xunvufHj,126.0
916,0,UVDfwOgc,rxrORjnb,126.0
916,0,TJDsQDoO,UVDfwOgc,126.0
916,0,yTictHOU,TJDsQDoO,126.0
916,0,sTaleXyI,yTictHOU,126.0
916,0,illGQStO,sTaleXyI,126.0
916,0,AUrIxxcC,illGQStO,126.0
916,0,zqZasXpA,AUrIxxcC,126.0
916,0,EYGEAZtD,zqZasXpA,126.0
916,0,AJLJQqsT,EYGEAZtD,126.0
916,0,NCSBLEus,AJLJQqsT,126.0
916,0,xfbmoJHP,NCSBLEus,123.0
105,0,NjRgIRup,twlwLPZj,884.0
135,0,ZIzswYos,lyJEgbqI,45.0
135,0,SiNHgyIy,ZIzswYos,52.0
135,0,kUNGxXZI,SiNHgyIy,391.0
135,0,nVkihPOJ,kUNGxXZI,391.0
135,0,YvwuVYMF,nVkihPOJ,391.0
135,0,vDFCntfg,YvwuVYMF,113.0
135,0,iEKDTvNf,vDFCntfg,113.0
135,0,MyGqmywG,iEKDTvNf,113.0
135,0,NxbXiMUL,MyGqmywG,112.0
135,0,XLVjRryq,NxbXiMUL,104.0
135,0,gzTQJVMW,XLVjRryq,104.0
135,0,BLvXEzeq,gzTQJVMW,43.0
135,0,KgwKZlse,BLvXEzeq,42.0
135,0,AoRkaUmb,KgwKZlse,42.0
135,0,ALhaazBT,AoRkaUmb,42.0
135,0,YqlTLIQa,ALhaazBT,39.0
135,0,AUmOMGnp,YqlTLIQa,38.0
135,0,XFPAZveS,AUmOMGnp,35.0
135,0,ojqTFFWy,XFPAZveS,26.0
562,0,saVSzyYs,TEuwlied,268.0
562,0,gzkuviLm,saVSzyYs,268.0
562,0,CkzMckPC,gzkuviLm,268.0
562,0,WywmvGMH,CkzMckPC,268.0
562,0,AesbwnPs,WywmvGMH,268.0
562,0,hzAARBgX,AesbwnPs,268.0
562,0,IjDfGHsr,hzAARBgX,268.0
562,0,TFRpjaAo,IjDfGHsr,268.0
562,0,JhdinCeD,TFRpjaAo,268.0
562,0,ZIieNEvD,JhdinCeD,268.0
562,0,jvLymITs,ZIieNEvD,268.0
562,0,jJVVpGMf,jvLymITs,266.0
562,0,tcYerYbk,jJVVpGMf,266.0
562,0,pPKqPUVW,tcYerYbk,266.0
562,0,iYTiOTOT,pPKqPUVW,266.0
562,0,dLtneiKf,iYTiOTOT,266.0
562,0,slfxTuih,dLtneiKf,266.0
562,0,XFPAZveS,slfxTuih,266.0
562,0,ojqTFFWy,XFPAZveS,262.0
825,0,iHPgoVQd,mSlRsDTZ,154.0
825,0,LEMCEoBI,iHPgoVQd,155.0
825,0,VbipnzIy,LEMCEoBI,173.0
825,0,vLvetIEj,VbipnzIy,179.0
825,0,veZdNrwJ,vLvetIEj,179.0
825,0,UHrZZaJI,veZdNrwJ,179.0
825,0,XYPsfiKq,UHrZZaJI,179.0
825,0,EZonlaGf,XYPsfiKq,209.0
825,0,wcUGKfLa,EZonlaGf,213.0
825,0,ZJxogzZw,wcUGKfLa,179.0
825,0,Uacajbua,ZJxogzZw,179.0
825,0,ZLCIvgrp,Uacajbua,174.0
825,0,ucVTqZIB,ZLCIvgrp,174.0
825,0,FDrhtNjK,ucVTqZIB,174.0
825,0,YVGWiGkc,FDrhtNjK,174.0
825,0,CqPWXNIf,YVGWiGkc,174.0
825,0,iZfXNAue,CqPWXNIf,174.0
825,0,OXvlrfnG,iZfXNAue,110.0
825,0,CgMBzfIg,OXvlrfnG,110.0
825,0,BCwVkMhO,CgMBzfIg,110.0
825,0,MpBHVRZl,BCwVkMhO,110.0
825,0,BWKNZpmt,MpBHVRZl,34.0
825,0,hMBIVszx,BWKNZpmt,34.0
825,0,JgVaSAtG,hMBIVszx,34.0
825,0,QyfZGsFT,JgVaSAtG,33.0
825,0,selTNsQi,QyfZGsFT,33.0
825,0,SfBAqteg,selTNsQi,33.0
825,0,obGcbWvT,SfBAqteg,33.0
825,0,lbFoZTYJ,obGcbWvT,31.0
825,0,wssOAckJ,lbFoZTYJ,30.0
825,0,zzxlwhdI,wssOAckJ,30.0
825,0,SEcoeimf,zzxlwhdI,30.0
825,0,fzmnvqlX,SEcoeimf,29.0
825,0,RyhuDLev,fzmnvqlX,29.0
825,0,KnIeolpt,RyhuDLev,29.0
825,0,GMrJWgHs,KnIeolpt,29.0
825,0,tTjpyeuP,GMrJWgHs,29.0
825,0,iYbcLrkT,tTjpyeuP,29.0
825,0,elxmPCDf,iYbcLrkT,29.0
825,0,tcbhlVZo,elxmPCDf,29.0
825,0,ZqBGCTqq,tcbhlVZo,24.0
825,0,HxnLIWQq,ZqBGCTqq,24.0
825,0,wqGWmwVd,HxnLIWQq,24.0
825,0,ACkvbmee,wqGWmwVd,24.0
825,0,FtWuEuzF,ACkvbmee,24.0
825,0,RtTLxXUv,FtWuEuzF,24.0
825,0,JGydtICe,RtTLxXUv,24.0
825,0,xbhuXgnr,JGydtICe,23.0
825,0,zjGRmLyo,xbhuXgnr,23.0
825,0,EXTmTMKf,zjGRmLyo,23.0
825,0,yfIoPTHo,EXTmTMKf,16.0
825,0,GnOurcjN,yfIoPTHo,16.0
825,0,vHkAlmCm,GnOurcjN,16.0
825,0,WynPMslR,vHkAlmCm,16.0
825,0,qjwSVoCq,WynPMslR,16.0
825,0,WvPJYXMk,qjwSVoCq,16.0
543,0,ocvrxaqr,FhTsxOaf,2.0
543,0,aYZQdfnX,ocvrxaqr,2.0
543,0,oUbtCHRB,aYZQdfnX,2.0
543,0,mNfpWfKJ,oUbtCHRB,2.0
543,0,kSklWvZO,mNfpWfKJ,2.0
543,0,wVKhsyCZ,kSklWvZO,2.0
543,0,oZJRchiN,wVKhsyCZ,2.0
543,0,xmGwLlME,oZJRchiN,2.0
543,0,KcBICYpI,xmGwLlME,2.0
543,0,XQiQvefE,KcBICYpI,2.0
543,0,eyUKPfnA,XQiQvefE,2.0
543,0,ZgqhsueA,eyUKPfnA,2.0
543,0,YvwuVYMF,ZgqhsueA,2.0
543,0,FZsFzszJ,YvwuVYMF,2.0
543,0,ALhaazBT,FZsFzszJ,2.0
543,0,ZijVddwt,ALhaazBT,2.0
235,0,fkZFUNSd,jFmPCmzM,7624.0
1672,0,izsRTGJN,vXwparSo,22.0
1672,0,CAuqyjUy,izsRTGJN,22.0
1672,0,cIVzRhGw,CAuqyjUy,22.0
1672,0,fxlmulxX,cIVzRhGw,22.0
1672,0,NPkfSYbt,fxlmulxX,22.0
1672,0,VWFAQayS,NPkfSYbt,22.0
1176,0,PyfNKmSh,IAmXeTgg,158.0
1672,0,vXwparSo,FPjpeXlp,35.0
1176,0,tHYrXQBJ,DsTGnVil,1141.0
1176,0,cIVzRhGw,tHYrXQBJ,1141.0
1176,0,fxlmulxX,cIVzRhGw,1141.0
1176,0,NPkfSYbt,fxlmulxX,1141.0
1176,0,EcbaOvXo,NPkfSYbt,998.0
1176,0,GEGYzlFG,EcbaOvXo,998.0
1176,0,gRFfvBeo,GEGYzlFG,998.0
1176,0,VRIIzByt,gRFfvBeo,998.0
1176,0,NayUSBAK,VRIIzByt,998.0
1176,0,VWFAQayS,NayUSBAK,998.0
1176,0,TCQmGnBb,IzKulrBJ,1015.0
1176,0,JJzKKoaf,TCQmGnBb,1015.0
1176,0,DsTGnVil,JJzKKoaf,1200.0
1065,0,yQXZAhRQ,OfWHUDWP,438.0
1065,0,jfvbdeGs,yQXZAhRQ,438.0
1065,0,cdqhrjBE,jfvbdeGs,438.0
1111,0,fwlhPJed,ApUtMocY,489.0
1111,0,KGmhUhiY,fwlhPJed,489.0
1111,0,yMrMMnQF,KGmhUhiY,489.0
1111,0,dlQsfdCi,yMrMMnQF,489.0
1111,0,HsmdKMgN,dlQsfdCi,489.0
1111,0,cWOjTgHp,HsmdKMgN,489.0
1111,0,NJsqxdTd,cWOjTgHp,489.0
1111,0,hfbFGrBz,NJsqxdTd,489.0
1111,0,YtTJoBxm,hfbFGrBz,489.0
1111,0,AlpXiRiW,YtTJoBxm,489.0
1111,0,cyLrdsLq,AlpXiRiW,377.0
1111,0,pVHZNTmW,cyLrdsLq,371.0
1111,0,qLlyWzVq,pVHZNTmW,371.0
1111,0,lGJIVvqE,qLlyWzVq,371.0
1111,0,CkiKkxJQ,lGJIVvqE,356.0
1111,0,AdloNpXg,CkiKkxJQ,355.0
1111,0,BmBzVYhd,AdloNpXg,355.0
1111,0,YcVwXeam,BmBzVYhd,345.0
1111,0,DDFCohxX,YcVwXeam,345.0
1111,0,NfMyQHAw,DDFCohxX,345.0
1111,0,PfZAlPvE,NfMyQHAw,333.0
1111,0,UlmLxwtK,PfZAlPvE,333.0
1111,0,nLuZmKFz,UlmLxwtK,309.0
1111,0,nJRQzVZQ,nLuZmKFz,309.0
1111,0,rxrORjnb,nJRQzVZQ,285.0
1111,0,TJDsQDoO,rxrORjnb,285.0
1111,0,yTictHOU,TJDsQDoO,277.0
1111,0,illGQStO,yTictHOU,272.0
1111,0,zqZasXpA,illGQStO,269.0
1111,0,AJLJQqsT,zqZasXpA,269.0
1111,0,NCSBLEus,AJLJQqsT,267.0
1111,0,xfbmoJHP,NCSBLEus,267.0
1111,0,ApUtMocY,IypCuTzh,504.0
1111,0,IypCuTzh,bqxardHa,441.0
535,0,uzcbLUNR,GOFbtMrp,473.0
535,0,zezeKItL,uzcbLUNR,473.0
535,0,VpHOqNar,zezeKItL,473.0
535,0,vDTAjOOR,VpHOqNar,473.0
535,0,UDUmRzWP,vDTAjOOR,445.0
535,0,kVWwehGs,UDUmRzWP,445.0
535,0,ixhHdGBo,kVWwehGs,445.0
535,0,agMXkLfj,ixhHdGBo,95.0
619,0,AKdDiXyV,qdrjbHYS,1.0
619,0,gRuqifBH,AKdDiXyV,1.0
619,0,kZdBhxvo,gRuqifBH,1.0
619,0,ZBkAAevT,kZdBhxvo,1.0
619,0,cMinRgYB,ZBkAAevT,1.0
619,0,LRmPOeoe,cMinRgYB,1.0
619,0,tBNXSyMW,LRmPOeoe,1.0
619,0,ArHpJhVJ,tBNXSyMW,1.0
619,0,tWpVdCtj,ArHpJhVJ,1.0
619,0,EdJUuxct,tWpVdCtj,1.0
619,0,gmiMCrrb,EdJUuxct,1.0
619,0,OoNwiPDT,gmiMCrrb,1.0
619,0,ftvNhZKM,OoNwiPDT,1.0
619,0,KLTxOJqh,ftvNhZKM,1.0
619,0,VLKPcfHc,KLTxOJqh,1.0
619,0,idAQxYim,VLKPcfHc,1.0
619,0,ldInPGbn,idAQxYim,2.0
619,0,WGEhEMgb,ldInPGbn,3.0
619,0,WblAIghg,WGEhEMgb,3.0
619,0,yXfOYhmg,WblAIghg,3.0
619,0,cHOtlpNd,yXfOYhmg,3.0
619,0,bDgEiJAh,cHOtlpNd,3.0
619,0,HYSXwpsm,bDgEiJAh,3.0
619,0,MAxpakLW,HYSXwpsm,3.0
619,0,iTmItNpT,MAxpakLW,3.0
619,0,ijmqRmKp,iTmItNpT,4.0
619,0,eDjMEvVD,ijmqRmKp,5.0
619,0,EsrGPUnZ,eDjMEvVD,7.0
619,0,pobpsCoK,EsrGPUnZ,7.0
619,0,FzyHNJLL,pobpsCoK,7.0
619,0,HdLAxGDi,FzyHNJLL,7.0
620,0,YJnTPbIZ,anmiXAus,2.0
966,0,MBttAlCW,ZAfIffxq,466.0
123,0,MyzUerZz,WlkKexEs,48.0
123,0,hTBkjNzq,MyzUerZz,53.0
123,0,aCcokpIU,hTBkjNzq,88.0
123,0,IWuAfYeM,aCcokpIU,93.0
123,0,AKEMZMhk,IWuAfYeM,93.0
123,0,oXDhDxhT,AKEMZMhk,93.0
123,0,twlwLPZj,oXDhDxhT,93.0
123,0,NjRgIRup,twlwLPZj,95.0
123,0,ygaPVVOX,NjRgIRup,285.0
123,0,SgmzKmGa,ygaPVVOX,285.0
123,0,oaiHprKy,SgmzKmGa,296.0
123,0,EKGAgXOm,oaiHprKy,296.0
123,0,RqCzrtQl,EKGAgXOm,296.0
123,0,CfDISmMN,RqCzrtQl,296.0
123,0,CtzBEXfZ,CfDISmMN,296.0
123,0,RpAFtJSl,CtzBEXfZ,296.0
123,0,PcvuCqyL,RpAFtJSl,296.0
123,0,CxeJhmQn,PcvuCqyL,332.0
123,0,TmbwpUyz,CxeJhmQn,332.0
123,0,rREIWzym,TmbwpUyz,345.0
123,0,rluMkzbt,rREIWzym,334.0
123,0,oTXyBJNn,rluMkzbt,348.0
123,0,AIvMrZbX,oTXyBJNn,348.0
123,0,DFuWYygu,AIvMrZbX,348.0
123,0,iKWaHdND,DFuWYygu,348.0
123,0,sZMRTtVP,iKWaHdND,348.0
123,0,INegqJKU,sZMRTtVP,348.0
619,0,gozRELiL,HdLAxGDi,6.0
1054,0,Rpsmzdru,rGxpSglN,20.0
1054,0,rluMkzbt,Rpsmzdru,20.0
1054,0,oTXyBJNn,rluMkzbt,20.0
1054,0,AIvMrZbX,oTXyBJNn,20.0
1054,0,DFuWYygu,AIvMrZbX,20.0
1054,0,iKWaHdND,DFuWYygu,20.0
1054,0,sZMRTtVP,iKWaHdND,20.0
1054,0,INegqJKU,sZMRTtVP,20.0
123,0,TcEVvOUM,AszcEtOu,22.0
123,0,qGnNRXVR,TcEVvOUM,22.0
123,0,ouPwTbuD,qGnNRXVR,22.0
123,0,MwLdaJul,ouPwTbuD,23.0
123,0,QUMnpJQp,MwLdaJul,25.0
123,0,FyIjwLBj,QUMnpJQp,25.0
123,0,vXPGJwVk,FyIjwLBj,25.0
123,0,qzuHypgA,vXPGJwVk,25.0
123,0,KCMgfriT,qzuHypgA,26.0
123,0,hVMLOzME,KCMgfriT,28.0
123,0,TDvESTZN,hVMLOzME,28.0
123,0,WlkKexEs,TDvESTZN,28.0
123,0,AszcEtOu,BpAiVnps,5.0
1054,0,TjHiuybL,lxkWqJCv,56.0
1054,0,rGxpSglN,TjHiuybL,56.0
619,0,eIBTCCCb,gozRELiL,3.0
1059,0,TsaeiIGv,EkWBPXmr,26.0
1059,0,OsBkWRQx,TsaeiIGv,48.0
1059,0,udlIzhJE,OsBkWRQx,48.0
1059,0,DeduXMzE,udlIzhJE,59.0
1059,0,GXHjZCTL,DeduXMzE,59.0
1059,0,yolIeCeg,GXHjZCTL,59.0
1059,0,ozAxYCwR,yolIeCeg,59.0
1059,0,qdrjbHYS,ozAxYCwR,59.0
1059,0,AKdDiXyV,qdrjbHYS,85.0
1059,0,gRuqifBH,AKdDiXyV,87.0
1059,0,kZdBhxvo,gRuqifBH,105.0
1059,0,ZBkAAevT,kZdBhxvo,105.0
1059,0,cMinRgYB,ZBkAAevT,105.0
1059,0,LRmPOeoe,cMinRgYB,105.0
1059,0,tBNXSyMW,LRmPOeoe,105.0
1059,0,ArHpJhVJ,tBNXSyMW,105.0
1059,0,tWpVdCtj,ArHpJhVJ,119.0
1059,0,EdJUuxct,tWpVdCtj,119.0
1059,0,gmiMCrrb,EdJUuxct,119.0
1059,0,DzkWADkh,gmiMCrrb,143.0
1059,0,MjMnNBLG,DzkWADkh,143.0
1059,0,XiRzIewe,MjMnNBLG,143.0
1059,0,HEshVETB,XiRzIewe,173.0
1059,0,WKWTpoqQ,HEshVETB,173.0
1059,0,WlkKexEs,WKWTpoqQ,173.0
1059,0,MyzUerZz,WlkKexEs,173.0
1059,0,hTBkjNzq,MyzUerZz,173.0
1059,0,aCcokpIU,hTBkjNzq,173.0
1059,0,IWuAfYeM,aCcokpIU,192.0
1059,0,AKEMZMhk,IWuAfYeM,192.0
1059,0,oXDhDxhT,AKEMZMhk,192.0
1059,0,twlwLPZj,oXDhDxhT,201.0
1059,0,NjRgIRup,twlwLPZj,201.0
1059,0,ygaPVVOX,NjRgIRup,201.0
1059,0,SgmzKmGa,ygaPVVOX,201.0
922,0,ygaPVVOX,NjRgIRup,3749.0
922,0,SgmzKmGa,ygaPVVOX,3753.0
122,0,hkXbXhZN,scqbdPBp,6.0
122,0,TgpuXBqx,hkXbXhZN,6.0
122,0,IyPglFnI,TgpuXBqx,7.0
122,0,atGiINkp,IyPglFnI,7.0
122,0,tFIeEodn,atGiINkp,7.0
122,0,yeBNAVLu,tFIeEodn,7.0
122,0,xokKvraT,yeBNAVLu,7.0
122,0,HaSZVkzu,xokKvraT,7.0
122,0,yjaYbUGq,HaSZVkzu,7.0
122,0,LbyQgJih,yjaYbUGq,7.0
122,0,FPXdCAOW,LbyQgJih,7.0
122,0,ouHKxPGS,FPXdCAOW,7.0
122,0,GEijdcGW,ouHKxPGS,7.0
122,0,MKKzwAOv,GEijdcGW,7.0
122,0,mhDCqtpx,MKKzwAOv,7.0
122,0,TJDsQDoO,mhDCqtpx,7.0
122,0,yTictHOU,TJDsQDoO,3.0
122,0,sTaleXyI,yTictHOU,3.0
122,0,illGQStO,sTaleXyI,2.0
122,0,AUrIxxcC,illGQStO,2.0
122,0,zqZasXpA,AUrIxxcC,2.0
122,0,EYGEAZtD,zqZasXpA,2.0
122,0,AJLJQqsT,EYGEAZtD,2.0
859,0,oKUAvFAb,FhDBllly,2.0
859,0,sWtYImJU,oKUAvFAb,1.0
859,0,momDhuqe,sWtYImJU,1.0
859,0,zPQeyVVD,momDhuqe,1.0
859,0,UrJBvWGq,zPQeyVVD,1.0
859,0,thxCXWVL,UrJBvWGq,1.0
859,0,AlpXiRiW,thxCXWVL,1.0
727,0,nsbHlbAq,WhHfbZWj,5675.0
727,0,cwgbfpqq,nsbHlbAq,5700.0
727,0,fMrlznIn,cwgbfpqq,5666.0
727,0,uXKxCjNA,fMrlznIn,5666.0
727,0,bOiSLYGO,uXKxCjNA,5666.0
727,0,WFZVQzrl,bOiSLYGO,4684.0
909,0,yTOnYgGF,EsTStEav,61.0
909,0,mXosqjnx,yTOnYgGF,61.0
909,0,XeefDCzo,IbNLqAKw,37.0
909,0,UDPMiWKD,XeefDCzo,37.0
909,0,ypjNmqeK,UDPMiWKD,37.0
909,0,EsTStEav,ypjNmqeK,37.0
730,0,TsaeiIGv,EkWBPXmr,2.0
730,0,OsBkWRQx,TsaeiIGv,2.0
730,0,udlIzhJE,OsBkWRQx,2.0
730,0,cCEhgrAc,udlIzhJE,2.0
730,0,cfShLPmI,cCEhgrAc,2.0
730,0,tWKcfmbS,cfShLPmI,2.0
730,0,zXtHnUiq,tWKcfmbS,2.0
730,0,GfBReROC,zXtHnUiq,2.0
730,0,AjXddPle,GfBReROC,2.0
730,0,RjboLjDb,AjXddPle,2.0
730,0,FyJXToWe,RjboLjDb,2.0
730,0,rINNylNh,FyJXToWe,2.0
730,0,tjcxfrSB,rINNylNh,2.0
730,0,rHyPKpnR,tjcxfrSB,2.0
730,0,lhvdYjIr,rHyPKpnR,2.0
730,0,XkyHnVdm,lhvdYjIr,2.0
730,0,aTKTVXJW,XkyHnVdm,2.0
730,0,nFbddFoX,aTKTVXJW,2.0
730,0,GudLituF,nFbddFoX,2.0
730,0,eJrsnsoz,GudLituF,2.0
730,0,qAUjPEMf,eJrsnsoz,2.0
730,0,isMwZYXy,qAUjPEMf,2.0
730,0,SogEaGxk,isMwZYXy,2.0
730,0,lCifaItn,SogEaGxk,2.0
730,0,dFlAswnV,lCifaItn,2.0
730,0,pjTBCsVx,dFlAswnV,2.0
730,0,XMFZXZdV,pjTBCsVx,2.0
730,0,DxyTpirl,XMFZXZdV,2.0
730,0,xvojPNrb,DxyTpirl,2.0
730,0,ZAfIffxq,xvojPNrb,2.0
730,0,MBttAlCW,ZAfIffxq,2.0
730,0,XCXPEDQh,MBttAlCW,2.0
730,0,FXyPWyvF,XCXPEDQh,2.0
730,0,vjmwMJTT,FXyPWyvF,2.0
730,0,IsTbDzyj,vjmwMJTT,7.0
730,0,zyATMMRX,IsTbDzyj,16.0
730,0,XJpVddlh,zyATMMRX,16.0
619,0,IWkYeNgA,eIBTCCCb,2.0
619,0,dbNaZeWx,IWkYeNgA,2.0
1048,0,ygaPVVOX,NjRgIRup,527.0
1048,0,SgmzKmGa,ygaPVVOX,528.0
1048,0,oaiHprKy,SgmzKmGa,564.0
1048,0,EKGAgXOm,oaiHprKy,564.0
1048,0,RqCzrtQl,EKGAgXOm,564.0
1048,0,CfDISmMN,RqCzrtQl,564.0
1048,0,hSpdOQMh,CfDISmMN,902.0
1048,0,aCcokpIU,hTBkjNzq,248.0
1048,0,IWuAfYeM,aCcokpIU,260.0
1048,0,AKEMZMhk,IWuAfYeM,260.0
1048,0,oXDhDxhT,AKEMZMhk,260.0
1048,0,twlwLPZj,oXDhDxhT,266.0
1048,0,NjRgIRup,twlwLPZj,266.0
984,0,RLMiJrFV,JtZjSNXW,1877.0
984,0,cYArvsJE,RLMiJrFV,1877.0
984,0,EeAWpikH,cYArvsJE,1877.0
984,0,rrYLcPKJ,EeAWpikH,1877.0
984,0,IbNLqAKw,rrYLcPKJ,1877.0
297,0,RLMiJrFV,JtZjSNXW,245.0
297,0,cYArvsJE,RLMiJrFV,245.0
297,0,EeAWpikH,cYArvsJE,245.0
297,0,rrYLcPKJ,EeAWpikH,245.0
297,0,IbNLqAKw,rrYLcPKJ,245.0
171,0,RLMiJrFV,JtZjSNXW,130.0
171,0,cYArvsJE,RLMiJrFV,130.0
171,0,EeAWpikH,cYArvsJE,130.0
171,0,rrYLcPKJ,EeAWpikH,130.0
171,0,IbNLqAKw,rrYLcPKJ,130.0
919,0,UosQUisT,Jrutayet,16.0
919,0,FQOgjaka,UosQUisT,16.0
919,0,URvEqJxF,FQOgjaka,16.0
919,0,JalqBTeK,URvEqJxF,16.0
919,0,UAwQbGIv,JalqBTeK,16.0
919,0,HyvnzuHA,UAwQbGIv,16.0
684,0,KTHxRvtW,GhNbXpjs,1976.0
684,0,gRVxNCAP,KTHxRvtW,2014.0
684,0,FHkpxOov,gRVxNCAP,2014.0
1440,0,RXuaQdiQ,orpkgmYq,1646.0
1440,0,mhTYFecR,RXuaQdiQ,2129.0
762,0,zUgDRwiy,HcKLTTXk,4313.0
711,0,AszcEtOu,BpAiVnps,1156.0
711,0,TcEVvOUM,AszcEtOu,1553.0
736,0,XLVjRryq,NxbXiMUL,9110.0
736,0,RVEyrwjR,XLVjRryq,9789.0
736,0,vDFCntfg,YvwuVYMF,6264.0
736,0,iEKDTvNf,vDFCntfg,6270.0
736,0,MyGqmywG,iEKDTvNf,6270.0
821,0,RfEbENxd,jQaLNViL,11.0
821,0,uxsctOEt,RfEbENxd,9.0
778,0,mBrhAdeU,ZKmlngva,493.0
778,0,YBkSbJNR,mBrhAdeU,521.0
778,0,xsVxMJpx,YBkSbJNR,521.0
778,0,wULIWnbW,xsVxMJpx,521.0
1262,0,fQmxveIO,kYpOneyC,2569.0
1262,0,DRTLnTnI,fQmxveIO,2569.0
1262,0,eKMWhxRF,DRTLnTnI,2569.0
1262,0,PKfyrIVb,eKMWhxRF,1694.0
1262,0,uGNDunGF,PKfyrIVb,1694.0
1262,0,VgUdLlOW,hpACGGyB,1934.0
1262,0,ywuGpANM,VgUdLlOW,1950.0
1262,0,BZCtSmhk,ywuGpANM,2619.0
1262,0,aojHvPEg,BZCtSmhk,2619.0
1262,0,qeXIqBgp,aojHvPEg,2619.0
1262,0,gmsNDepi,qeXIqBgp,2816.0
1125,0,yRjqmRuq,BsRMZbGV,478.0
1125,0,pTTspriv,yRjqmRuq,478.0
1048,0,rluMkzbt,hSpdOQMh,41.0
1059,0,oaiHprKy,SgmzKmGa,105.0
1059,0,EKGAgXOm,oaiHprKy,105.0
1059,0,RqCzrtQl,EKGAgXOm,105.0
1059,0,CfDISmMN,RqCzrtQl,105.0
922,0,oaiHprKy,SgmzKmGa,3661.0
922,0,EKGAgXOm,oaiHprKy,3661.0
922,0,RqCzrtQl,EKGAgXOm,3661.0
922,0,CfDISmMN,RqCzrtQl,3618.0
123,0,gjxAdJvF,INegqJKU,147.0
123,0,glTmyjXZ,gjxAdJvF,147.0
123,0,TMphlUsu,glTmyjXZ,147.0
123,0,xKAfsjzf,TMphlUsu,147.0
922,0,CtzBEXfZ,CfDISmMN,3722.0
1059,0,RpAFtJSl,CfDISmMN,104.0
858,0,YjKQPWoa,tUQXHMzJ,119.0
858,0,KAhfQHTl,YjKQPWoa,119.0
984,0,UxEHDofF,IbNLqAKw,1573.0
984,0,KORPbuyR,UxEHDofF,1573.0
984,0,JfIhOMTg,KORPbuyR,1573.0
984,0,JdJprycd,JfIhOMTg,1573.0
297,0,UxEHDofF,IbNLqAKw,173.0
297,0,KORPbuyR,UxEHDofF,173.0
297,0,JfIhOMTg,KORPbuyR,173.0
297,0,JdJprycd,JfIhOMTg,173.0
171,0,UxEHDofF,IbNLqAKw,92.0
171,0,KORPbuyR,UxEHDofF,92.0
171,0,JfIhOMTg,KORPbuyR,92.0
171,0,JdJprycd,JfIhOMTg,92.0
922,0,UUpfieFN,DJxHBCmY,928.0
922,0,XHBoVocK,UUpfieFN,921.0
922,0,arebgYBg,XHBoVocK,921.0
922,0,TWTKfAgl,arebgYBg,921.0
922,0,BhcHYWlb,TWTKfAgl,909.0
922,0,zWmxGpLB,BhcHYWlb,909.0
922,0,JzAcwavY,zWmxGpLB,909.0
922,0,ZjbTkVDH,JzAcwavY,869.0
922,0,RLXxtVaJ,ZjbTkVDH,869.0
922,0,KvSvcvIL,RLXxtVaJ,792.0
922,0,RpAFtJSl,CtzBEXfZ,3393.0
922,0,PcvuCqyL,RpAFtJSl,3393.0
123,0,ngHNiWhD,xKAfsjzf,108.0
123,0,ZcBdJkwp,ngHNiWhD,108.0
1054,0,gjxAdJvF,INegqJKU,1.0
1054,0,glTmyjXZ,gjxAdJvF,1.0
1054,0,TMphlUsu,glTmyjXZ,1.0
1054,0,xKAfsjzf,TMphlUsu,1.0
1054,0,ngHNiWhD,xKAfsjzf,1.0
1054,0,ZcBdJkwp,ngHNiWhD,1.0
1067,0,TatGKSDD,UoWNmGnJ,2272.0
1067,0,LdNZcaVd,TatGKSDD,2261.0
128,0,ygaPVVOX,NjRgIRup,2.0
128,0,SgmzKmGa,ygaPVVOX,2.0
128,0,oaiHprKy,SgmzKmGa,2.0
128,0,EKGAgXOm,oaiHprKy,2.0
128,0,RqCzrtQl,EKGAgXOm,2.0
128,0,CfDISmMN,RqCzrtQl,2.0
128,0,CtzBEXfZ,CfDISmMN,2.0
128,0,RpAFtJSl,CtzBEXfZ,2.0
128,0,PcvuCqyL,RpAFtJSl,2.0
128,0,ItWJsmqN,PcvuCqyL,2.0
128,0,QOMpmplr,ItWJsmqN,2.0
128,0,HNejbQWJ,QOMpmplr,2.0
128,0,dQfoCLXo,HNejbQWJ,2.0
128,0,TatGKSDD,dQfoCLXo,2.0
128,0,tDDYXOza,TatGKSDD,2.0
128,0,LdNZcaVd,tDDYXOza,2.0
128,0,XgeKmxEU,LdNZcaVd,2.0
128,0,ASAgeGQh,XgeKmxEU,2.0
128,0,vQqKfyzC,ASAgeGQh,2.0
1672,0,frLbpljr,GwjQuetc,49.0
1672,0,FPjpeXlp,frLbpljr,49.0
1659,0,juEdhOMs,vfRjIFnr,207.0
1659,0,ocUywYfN,juEdhOMs,207.0
1659,0,cPMyJryL,ocUywYfN,207.0
1659,0,eiOwifcC,cPMyJryL,207.0
1059,0,PcvuCqyL,RpAFtJSl,90.0
1059,0,ItWJsmqN,PcvuCqyL,90.0
922,0,ItWJsmqN,PcvuCqyL,3303.0
984,0,kIKddsaQ,JdJprycd,1543.0
984,0,eJBRTpyb,kIKddsaQ,1543.0
984,0,dvaPHMux,eJBRTpyb,1543.0
297,0,eJBRTpyb,JdJprycd,153.0
297,0,dvaPHMux,eJBRTpyb,153.0
171,0,eJBRTpyb,JdJprycd,71.0
171,0,dvaPHMux,eJBRTpyb,71.0
730,0,AaOxIRuX,CkgzgDTz,4.0
730,0,mOxeJcai,AaOxIRuX,4.0
730,0,IbNLqAKw,mOxeJcai,4.0
730,0,UxEHDofF,IbNLqAKw,4.0
730,0,KORPbuyR,UxEHDofF,4.0
730,0,JfIhOMTg,KORPbuyR,4.0
730,0,JdJprycd,JfIhOMTg,4.0
730,0,eJBRTpyb,JdJprycd,4.0
730,0,dvaPHMux,eJBRTpyb,4.0
730,0,CkgzgDTz,XJpVddlh,3.0
1067,0,TsaeiIGv,EkWBPXmr,25.0
1067,0,OsBkWRQx,TsaeiIGv,93.0
1067,0,TlwaKrQx,OsBkWRQx,93.0
1067,0,udlIzhJE,TlwaKrQx,93.0
1067,0,DeduXMzE,udlIzhJE,95.0
1067,0,GXHjZCTL,DeduXMzE,126.0
1067,0,yolIeCeg,GXHjZCTL,126.0
1067,0,ozAxYCwR,yolIeCeg,126.0
1067,0,qdrjbHYS,ozAxYCwR,139.0
1067,0,AKdDiXyV,qdrjbHYS,153.0
1067,0,gRuqifBH,AKdDiXyV,354.0
1067,0,kZdBhxvo,gRuqifBH,354.0
1067,0,ZBkAAevT,kZdBhxvo,354.0
1067,0,cMinRgYB,ZBkAAevT,354.0
1067,0,LRmPOeoe,cMinRgYB,354.0
1067,0,tBNXSyMW,LRmPOeoe,354.0
1067,0,ArHpJhVJ,tBNXSyMW,354.0
1067,0,tWpVdCtj,ArHpJhVJ,354.0
1067,0,gmiMCrrb,tWpVdCtj,354.0
1067,0,DzkWADkh,gmiMCrrb,369.0
1067,0,MjMnNBLG,DzkWADkh,369.0
1067,0,udKeccMr,MjMnNBLG,375.0
1067,0,HEshVETB,udKeccMr,375.0
1067,0,WKWTpoqQ,HEshVETB,375.0
1067,0,WlkKexEs,WKWTpoqQ,390.0
1067,0,MyzUerZz,WlkKexEs,907.0
1067,0,aCcokpIU,MyzUerZz,1215.0
1067,0,IWuAfYeM,aCcokpIU,1586.0
1067,0,AKEMZMhk,IWuAfYeM,1586.0
1067,0,oXDhDxhT,AKEMZMhk,1586.0
1067,0,twlwLPZj,oXDhDxhT,1586.0
1067,0,NjRgIRup,twlwLPZj,1936.0
1067,0,ygaPVVOX,NjRgIRup,2103.0
1067,0,SgmzKmGa,ygaPVVOX,2103.0
1067,0,EKGAgXOm,SgmzKmGa,2110.0
1067,0,CfDISmMN,EKGAgXOm,2110.0
1067,0,PcvuCqyL,CfDISmMN,2119.0
1067,0,QOMpmplr,PcvuCqyL,2146.0
1067,0,HNejbQWJ,QOMpmplr,2157.0
1067,0,UoWNmGnJ,HNejbQWJ,2271.0
1048,0,hTBkjNzq,MyzUerZz,208.0
1048,0,ZBkAAevT,kZdBhxvo,75.0
1048,0,cMinRgYB,ZBkAAevT,75.0
1048,0,LRmPOeoe,cMinRgYB,75.0
1048,0,tBNXSyMW,LRmPOeoe,75.0
1048,0,ArHpJhVJ,tBNXSyMW,75.0
1048,0,tWpVdCtj,ArHpJhVJ,81.0
1048,0,EdJUuxct,tWpVdCtj,81.0
1048,0,gmiMCrrb,EdJUuxct,81.0
1048,0,DzkWADkh,gmiMCrrb,115.0
1048,0,MjMnNBLG,DzkWADkh,115.0
1048,0,XiRzIewe,MjMnNBLG,115.0
1048,0,HEshVETB,XiRzIewe,139.0
1048,0,WKWTpoqQ,HEshVETB,139.0
1048,0,WlkKexEs,WKWTpoqQ,139.0
1048,0,MyzUerZz,WlkKexEs,161.0
1048,0,awOEKaEj,qdrjbHYS,34.0
1048,0,gRuqifBH,awOEKaEj,34.0
1048,0,kZdBhxvo,gRuqifBH,40.0
1047,0,gIrHwcsI,ouHKxPGS,24.0
916,0,czDOARXC,CyecXZGv,138.0
916,0,MjfuEiNR,czDOARXC,138.0
916,0,sdZgyTvj,MjfuEiNR,138.0
916,0,vcrPzYoe,sdZgyTvj,138.0
916,0,umgwnivO,vcrPzYoe,138.0
528,0,SEjojzMr,TgzZcdmy,5790.0
528,0,oBYetVBr,SEjojzMr,7706.0
528,0,QDIpIlEK,oBYetVBr,7971.0
273,0,fkZFUNSd,TrOiZJox,2783.0
273,0,JYrrjUtU,fkZFUNSd,2783.0
273,0,cttUtMNm,JYrrjUtU,2783.0
273,0,wHfmVQMh,cttUtMNm,2783.0
273,0,mdGitRQe,wHfmVQMh,2486.0
273,0,RVGhYAxc,mdGitRQe,2250.0
1124,0,SPorkGXj,OUlPxErG,178.0
1124,0,IJbUVGLH,SPorkGXj,180.0
1124,0,ZqOseExI,IJbUVGLH,180.0
1124,0,FdBCLyPI,ZqOseExI,180.0
1124,0,CrOFTJlw,FdBCLyPI,180.0
1124,0,PyGiRErs,CrOFTJlw,182.0
1124,0,JbCujTci,PyGiRErs,182.0
1124,0,exRzHfND,KyrNRMTR,101.0
1124,0,slwzdYAd,exRzHfND,101.0
1124,0,phodyDNv,slwzdYAd,103.0
1124,0,RuqLEiFp,phodyDNv,105.0
1124,0,NAwFzVQz,RuqLEiFp,120.0
1124,0,jEliwrSM,NAwFzVQz,142.0
1124,0,OUlPxErG,jEliwrSM,142.0
1128,0,JYjcxadu,tKHOTHLP,423.0
1128,0,dIzWcSEA,JYjcxadu,423.0
1128,0,YIEuAZyW,dIzWcSEA,369.0
1128,0,iIARpDWU,YIEuAZyW,369.0
1128,0,BDmybVdG,iIARpDWU,11.0
1066,0,twlwLPZj,oXDhDxhT,287.0
1066,0,NjRgIRup,twlwLPZj,287.0
1066,0,ygaPVVOX,NjRgIRup,322.0
1066,0,SgmzKmGa,ygaPVVOX,322.0
1066,0,oaiHprKy,SgmzKmGa,329.0
1066,0,EKGAgXOm,oaiHprKy,329.0
1066,0,RqCzrtQl,EKGAgXOm,329.0
1066,0,CfDISmMN,RqCzrtQl,329.0
1066,0,RpAFtJSl,CfDISmMN,396.0
1066,0,PcvuCqyL,RpAFtJSl,398.0
1066,0,QOMpmplr,PcvuCqyL,398.0
1066,0,HNejbQWJ,QOMpmplr,403.0
1066,0,NIAyNhca,HNejbQWJ,403.0
1066,0,fxsyxfZK,NIAyNhca,387.0
1066,0,OsBkWRQx,TsaeiIGv,3.0
1066,0,udlIzhJE,OsBkWRQx,3.0
1066,0,DeduXMzE,udlIzhJE,3.0
1066,0,GXHjZCTL,DeduXMzE,3.0
1066,0,yolIeCeg,GXHjZCTL,3.0
1066,0,ozAxYCwR,yolIeCeg,3.0
1066,0,qdrjbHYS,ozAxYCwR,3.0
1066,0,AKdDiXyV,qdrjbHYS,6.0
1066,0,kZdBhxvo,AKdDiXyV,6.0
1066,0,ZBkAAevT,kZdBhxvo,6.0
1066,0,cMinRgYB,ZBkAAevT,6.0
1066,0,LRmPOeoe,cMinRgYB,6.0
1066,0,tBNXSyMW,LRmPOeoe,6.0
1066,0,ArHpJhVJ,tBNXSyMW,6.0
1066,0,tWpVdCtj,ArHpJhVJ,6.0
1066,0,EdJUuxct,tWpVdCtj,6.0
1066,0,gmiMCrrb,EdJUuxct,6.0
1066,0,DzkWADkh,gmiMCrrb,6.0
1066,0,MjMnNBLG,DzkWADkh,6.0
1066,0,XiRzIewe,MjMnNBLG,6.0
1066,0,HEshVETB,XiRzIewe,6.0
1066,0,WKWTpoqQ,HEshVETB,6.0
1066,0,WlkKexEs,WKWTpoqQ,6.0
1066,0,MyzUerZz,WlkKexEs,123.0
1066,0,hTBkjNzq,MyzUerZz,243.0
1066,0,aCcokpIU,hTBkjNzq,282.0
1066,0,IWuAfYeM,aCcokpIU,282.0
1066,0,AKEMZMhk,IWuAfYeM,282.0
1066,0,oXDhDxhT,AKEMZMhk,282.0
922,0,QOMpmplr,ItWJsmqN,3080.0
922,0,HNejbQWJ,QOMpmplr,3080.0
922,0,dQfoCLXo,HNejbQWJ,3204.0
922,0,NJLhSMnp,dQfoCLXo,3204.0
1659,0,KttMmUZl,dbBlyJgh,42.0
1659,0,kEIvmolg,KttMmUZl,42.0
1659,0,vfRjIFnr,kEIvmolg,42.0
1119,0,fKUdbDza,cpLivUai,77.0
1119,0,DATqCMmz,fKUdbDza,80.0
1119,0,ILgjTtXh,DATqCMmz,80.0
1119,0,SUgOBtjk,ILgjTtXh,90.0
1119,0,gACwumWT,SUgOBtjk,90.0
1119,0,JtZjSNXW,gACwumWT,90.0
1119,0,RLMiJrFV,JtZjSNXW,131.0
1119,0,cYArvsJE,RLMiJrFV,131.0
1119,0,EeAWpikH,cYArvsJE,131.0
1119,0,rrYLcPKJ,EeAWpikH,131.0
1119,0,IbNLqAKw,rrYLcPKJ,131.0
1119,0,UxEHDofF,IbNLqAKw,155.0
1119,0,KORPbuyR,UxEHDofF,155.0
1119,0,JfIhOMTg,KORPbuyR,155.0
1119,0,JdJprycd,JfIhOMTg,155.0
1119,0,xjJdOfLG,JdJprycd,183.0
1119,0,QQHZGEng,xjJdOfLG,183.0
1119,0,EFaiAjAK,QQHZGEng,183.0
1119,0,eUBMdtJg,EFaiAjAK,208.0
1119,0,JyqrAKLu,TCMQvOqy,62.0
1119,0,XxhwFmzZ,JyqrAKLu,62.0
1119,0,QZgueNIh,XxhwFmzZ,62.0
1119,0,JFVlrPHE,QZgueNIh,70.0
1119,0,cpLivUai,JFVlrPHE,70.0
920,0,jqOOThyw,dvaPHMux,65.0
920,0,aUsRFqQV,jqOOThyw,65.0
920,0,TGiiAnII,aUsRFqQV,65.0
920,0,tIkiTaAn,TGiiAnII,65.0
920,0,WmxXwpoc,tIkiTaAn,65.0
1059,0,QOMpmplr,ItWJsmqN,3.0
1059,0,HNejbQWJ,QOMpmplr,3.0
909,0,xuEvBBdE,VXthmpcS,26.0
909,0,rAizOLWV,xuEvBBdE,26.0
909,0,JdZarNsv,rAizOLWV,26.0
909,0,NmilzqZp,JdZarNsv,26.0
909,0,TCMQvOqy,NmilzqZp,26.0
909,0,JyqrAKLu,TCMQvOqy,26.0
909,0,XxhwFmzZ,JyqrAKLu,26.0
909,0,QZgueNIh,XxhwFmzZ,26.0
909,0,JFVlrPHE,QZgueNIh,26.0
909,0,cpLivUai,JFVlrPHE,26.0
909,0,fKUdbDza,cpLivUai,26.0
909,0,DATqCMmz,fKUdbDza,27.0
909,0,ILgjTtXh,DATqCMmz,27.0
909,0,SUgOBtjk,ILgjTtXh,28.0
909,0,JtZjSNXW,SUgOBtjk,28.0
909,0,RLMiJrFV,JtZjSNXW,28.0
909,0,cYArvsJE,RLMiJrFV,28.0
909,0,EeAWpikH,cYArvsJE,28.0
909,0,rrYLcPKJ,EeAWpikH,28.0
909,0,IbNLqAKw,rrYLcPKJ,28.0
909,0,bCbInHHL,mXosqjnx,58.0
909,0,crypOuMD,bCbInHHL,58.0
751,0,dfrJZjmW,NjRgIRup,1277.0
751,0,AFcMAvOI,dfrJZjmW,1555.0
751,0,FltmFbyo,AFcMAvOI,1555.0
751,0,jUExBSiR,FltmFbyo,1555.0
751,0,vPrJwoLq,jUExBSiR,1555.0
751,0,aHDoehBY,vPrJwoLq,1555.0
751,0,WwbQwfXi,aHDoehBY,2401.0
1119,0,KvSvcvIL,LggmrEeo,299.0
1087,0,YRiTgQXe,OgfqNfUY,184.0
1087,0,rAUblAml,YRiTgQXe,184.0
1087,0,fSQOYpje,rAUblAml,184.0
1087,0,hGRIMrVW,fSQOYpje,184.0
1087,0,vCtwKmtA,hGRIMrVW,184.0
1087,0,wFiJapOA,vCtwKmtA,184.0
1087,0,HHbKiMPc,wFiJapOA,184.0
1072,0,awOEKaEj,qdrjbHYS,194.0
1072,0,kZdBhxvo,awOEKaEj,194.0
1072,0,ZBkAAevT,kZdBhxvo,210.0
1072,0,cMinRgYB,ZBkAAevT,210.0
1072,0,LRmPOeoe,cMinRgYB,210.0
1072,0,tBNXSyMW,LRmPOeoe,210.0
1072,0,ArHpJhVJ,tBNXSyMW,213.0
1072,0,tWpVdCtj,ArHpJhVJ,224.0
1072,0,EdJUuxct,tWpVdCtj,224.0
1072,0,gmiMCrrb,EdJUuxct,224.0
1072,0,DzkWADkh,gmiMCrrb,401.0
1072,0,MjMnNBLG,DzkWADkh,401.0
1072,0,XiRzIewe,MjMnNBLG,401.0
1072,0,HEshVETB,XiRzIewe,462.0
1072,0,WKWTpoqQ,HEshVETB,462.0
1072,0,WlkKexEs,WKWTpoqQ,462.0
1072,0,MyzUerZz,WlkKexEs,792.0
1072,0,hTBkjNzq,MyzUerZz,869.0
1072,0,aCcokpIU,hTBkjNzq,970.0
1072,0,IWuAfYeM,aCcokpIU,983.0
1072,0,AKEMZMhk,IWuAfYeM,983.0
1072,0,oXDhDxhT,AKEMZMhk,983.0
1072,0,twlwLPZj,oXDhDxhT,985.0
1072,0,NjRgIRup,twlwLPZj,990.0
1072,0,ygaPVVOX,NjRgIRup,1721.0
1072,0,SgmzKmGa,ygaPVVOX,1721.0
1072,0,oaiHprKy,SgmzKmGa,1763.0
1072,0,EKGAgXOm,oaiHprKy,1763.0
1072,0,RqCzrtQl,EKGAgXOm,1763.0
1072,0,CfDISmMN,RqCzrtQl,1763.0
1072,0,RpAFtJSl,CfDISmMN,1849.0
1072,0,PcvuCqyL,RpAFtJSl,1862.0
1072,0,QOMpmplr,PcvuCqyL,1862.0
1072,0,HNejbQWJ,QOMpmplr,1931.0
1072,0,dQfoCLXo,HNejbQWJ,1939.0
1072,0,NJLhSMnp,dQfoCLXo,1939.0
1072,0,lyEtzViy,NJLhSMnp,2252.0
1072,0,uVrlMgNx,lyEtzViy,2228.0
1076,0,euDckIMa,RapSzmXO,853.0
1076,0,lodnRGFY,euDckIMa,854.0
1076,0,lCGwWknx,lodnRGFY,854.0
1076,0,tZcBjHOF,lCGwWknx,845.0
1076,0,VfuMcuJJ,tZcBjHOF,845.0
1076,0,lnzZDlDL,VfuMcuJJ,845.0
909,0,uNHtUGfb,crypOuMD,22.0
919,0,ygaPVVOX,NjRgIRup,3.0
919,0,SgmzKmGa,ygaPVVOX,3.0
919,0,oaiHprKy,SgmzKmGa,3.0
919,0,EKGAgXOm,oaiHprKy,3.0
919,0,RqCzrtQl,EKGAgXOm,3.0
919,0,CfDISmMN,RqCzrtQl,3.0
919,0,CtzBEXfZ,CfDISmMN,3.0
919,0,RpAFtJSl,CtzBEXfZ,3.0
919,0,PcvuCqyL,RpAFtJSl,3.0
919,0,QOMpmplr,PcvuCqyL,3.0
919,0,HNejbQWJ,QOMpmplr,3.0
919,0,dQfoCLXo,HNejbQWJ,3.0
919,0,NJLhSMnp,dQfoCLXo,3.0
919,0,vitXJVTB,NJLhSMnp,3.0
919,0,DPEjcwqA,vitXJVTB,3.0
919,0,AKFNXFCk,DPEjcwqA,3.0
919,0,HIkBoDID,AKFNXFCk,3.0
919,0,uKNLSXwU,HIkBoDID,3.0
919,0,QpjbbNqd,uKNLSXwU,3.0
919,0,qHHrAclK,QpjbbNqd,3.0
919,0,Jrutayet,qHHrAclK,3.0
920,0,SkzmPMHG,WmxXwpoc,88.0
920,0,MmDOtEna,SkzmPMHG,88.0
920,0,ZCeMNbFi,MmDOtEna,88.0
909,0,vOivHtRX,uNHtUGfb,27.0
922,0,vitXJVTB,NJLhSMnp,3196.0
922,0,DPEjcwqA,vitXJVTB,3196.0
922,0,AKFNXFCk,DPEjcwqA,3196.0
1072,0,ZsNhjIbg,uVrlMgNx,2212.0
1072,0,GhOGJPtU,ZsNhjIbg,2212.0
1075,0,sWtYImJU,oKUAvFAb,308.0
1075,0,momDhuqe,sWtYImJU,308.0
926,0,JmVfbKXA,eebyhqqT,3.0
926,0,noGdINij,JmVfbKXA,9.0
926,0,UXYZCAgB,noGdINij,9.0
926,0,jjHnlXVx,UXYZCAgB,11.0
926,0,zmlEwfKx,jjHnlXVx,11.0
926,0,BvLvsPYo,zmlEwfKx,11.0
926,0,NcoKemSg,BvLvsPYo,11.0
926,0,HfcobGNa,NcoKemSg,11.0
926,0,SJvhYGxR,HfcobGNa,11.0
926,0,HyvnzuHA,SJvhYGxR,11.0
926,0,TNTzUMyF,HyvnzuHA,3.0
926,0,avRuCqLk,TNTzUMyF,3.0
926,0,wIAALBva,avRuCqLk,3.0
926,0,nxBXRnVc,wIAALBva,3.0
926,0,sXWHYDNZ,nxBXRnVc,3.0
926,0,VKAAZZOV,sXWHYDNZ,3.0
926,0,Vtdujofe,VKAAZZOV,3.0
926,0,edTVGmZc,Vtdujofe,3.0
926,0,iqwCaPZT,edTVGmZc,3.0
926,0,qqDoWQdv,iqwCaPZT,3.0
926,0,eymgjBxV,qqDoWQdv,1.0
926,0,EonJeQKz,eymgjBxV,1.0
926,0,vkWqgNph,EonJeQKz,1.0
926,0,nJRQzVZQ,vkWqgNph,1.0
926,0,xunvufHj,nJRQzVZQ,1.0
926,0,rxrORjnb,xunvufHj,1.0
1226,0,njiqgOWt,jVOVHrFU,11792.0
922,0,HIkBoDID,AKFNXFCk,3102.0
922,0,uKNLSXwU,HIkBoDID,3176.0
922,0,QpjbbNqd,uKNLSXwU,3176.0
922,0,qHHrAclK,QpjbbNqd,3176.0
922,0,Jrutayet,qHHrAclK,3176.0
186,0,DzkWADkh,gmiMCrrb,324.0
186,0,MjMnNBLG,DzkWADkh,324.0
186,0,XiRzIewe,MjMnNBLG,324.0
186,0,udKeccMr,XiRzIewe,445.0
186,0,HEshVETB,udKeccMr,445.0
186,0,WKWTpoqQ,HEshVETB,445.0
1119,0,QjcDKOzv,eUBMdtJg,238.0
1119,0,RUTwxhGS,QjcDKOzv,238.0
1119,0,uCoCFrtM,RUTwxhGS,238.0
1119,0,QzziCuGD,uCoCFrtM,238.0
1119,0,WmKWqOVN,QzziCuGD,238.0
1119,0,QBspXqKX,WmKWqOVN,238.0
1119,0,qYzIAyEg,QBspXqKX,238.0
1119,0,ZdKqQSZH,qYzIAyEg,238.0
1119,0,mSHqQduu,ZdKqQSZH,238.0
1119,0,MuzbvXqA,mSHqQduu,238.0
1119,0,qrudAScT,MuzbvXqA,247.0
920,0,PBIThtAQ,ZCeMNbFi,88.0
920,0,iAuWJytQ,PBIThtAQ,88.0
920,0,RqKQqVrZ,iAuWJytQ,88.0
920,0,HyvnzuHA,RqKQqVrZ,88.0
920,0,TNTzUMyF,HyvnzuHA,7.0
920,0,avRuCqLk,TNTzUMyF,7.0
920,0,wIAALBva,avRuCqLk,7.0
920,0,nxBXRnVc,wIAALBva,7.0
920,0,sXWHYDNZ,nxBXRnVc,7.0
920,0,VKAAZZOV,sXWHYDNZ,7.0
922,0,UosQUisT,Jrutayet,2085.0
922,0,FQOgjaka,UosQUisT,2085.0
1072,0,WOuDNhbw,GhOGJPtU,2151.0
1072,0,oWUXSqrA,WOuDNhbw,2151.0
1072,0,CYkmgDbv,oWUXSqrA,2151.0
1076,0,rYcBAOGh,Hjpeultj,1014.0
1076,0,QHfelpAR,rYcBAOGh,975.0
1076,0,RapSzmXO,QHfelpAR,975.0
922,0,URvEqJxF,FQOgjaka,2008.0
922,0,JalqBTeK,URvEqJxF,2008.0
922,0,UAwQbGIv,JalqBTeK,2008.0
922,0,HyvnzuHA,UAwQbGIv,2008.0
916,0,FgmIokcD,VNhVtVFP,33.0
916,0,gcIdZvqz,FgmIokcD,39.0
916,0,PRSWWHtT,gcIdZvqz,39.0
916,0,cTiyrkFA,PRSWWHtT,39.0
916,0,CyecXZGv,cTiyrkFA,41.0
1226,0,NmRushck,xMwzCIXQ,12100.0
856,0,ygaPVVOX,NjRgIRup,869.0
856,0,SgmzKmGa,ygaPVVOX,869.0
856,0,oaiHprKy,SgmzKmGa,881.0
856,0,EKGAgXOm,oaiHprKy,881.0
856,0,RqCzrtQl,EKGAgXOm,881.0
856,0,CfDISmMN,RqCzrtQl,881.0
856,0,CtzBEXfZ,CfDISmMN,894.0
856,0,RpAFtJSl,CtzBEXfZ,900.0
856,0,PcvuCqyL,RpAFtJSl,900.0
856,0,QOMpmplr,PcvuCqyL,900.0
856,0,HNejbQWJ,QOMpmplr,907.0
856,0,dQfoCLXo,HNejbQWJ,907.0
856,0,NJLhSMnp,dQfoCLXo,907.0
856,0,vitXJVTB,NJLhSMnp,912.0
856,0,DPEjcwqA,vitXJVTB,912.0
856,0,AKFNXFCk,DPEjcwqA,912.0
856,0,HIkBoDID,AKFNXFCk,919.0
856,0,FBcFacnd,HIkBoDID,923.0
856,0,URVlPKPB,FBcFacnd,923.0
858,0,TEpDjcLc,AlpXiRiW,107.0
858,0,PORiPCGC,TEpDjcLc,107.0
858,0,VPnRvCbn,PORiPCGC,107.0
858,0,tUQXHMzJ,VPnRvCbn,109.0
140,0,rhOosuOh,pNPkNoga,73.0
140,0,VKJFREzF,rhOosuOh,73.0
140,0,EvOnizWo,VKJFREzF,70.0
140,0,PjaElYBL,EvOnizWo,70.0
140,0,YvwuVYMF,PjaElYBL,70.0
140,0,vDFCntfg,YvwuVYMF,8.0
140,0,iEKDTvNf,vDFCntfg,8.0
140,0,MyGqmywG,iEKDTvNf,8.0
140,0,NxbXiMUL,MyGqmywG,8.0
140,0,XLVjRryq,NxbXiMUL,7.0
140,0,RVEyrwjR,XLVjRryq,7.0
140,0,gzTQJVMW,RVEyrwjR,7.0
140,0,FZsFzszJ,gzTQJVMW,4.0
140,0,KgwKZlse,FZsFzszJ,4.0
140,0,AoRkaUmb,KgwKZlse,4.0
140,0,ALhaazBT,AoRkaUmb,4.0
140,0,YqlTLIQa,ALhaazBT,4.0
140,0,AUmOMGnp,YqlTLIQa,4.0
140,0,XFPAZveS,AUmOMGnp,4.0
140,0,ojqTFFWy,XFPAZveS,2.0
1681,0,UuoajKVN,fdwfslrS,27.0
1681,0,tmPrLnhA,UuoajKVN,27.0
1681,0,KHybvzQw,tmPrLnhA,27.0
1681,0,WywmvGMH,KHybvzQw,25.0
1681,0,AesbwnPs,WywmvGMH,24.0
1681,0,hzAARBgX,AesbwnPs,24.0
1681,0,IjDfGHsr,hzAARBgX,24.0
1681,0,TFRpjaAo,IjDfGHsr,24.0
1681,0,JhdinCeD,TFRpjaAo,16.0
1681,0,ZIieNEvD,JhdinCeD,16.0
1681,0,jvLymITs,ZIieNEvD,16.0
1681,0,jJVVpGMf,jvLymITs,1.0
1681,0,tcYerYbk,jJVVpGMf,1.0
1681,0,pPKqPUVW,tcYerYbk,1.0
1681,0,iYTiOTOT,pPKqPUVW,1.0
1681,0,dLtneiKf,iYTiOTOT,1.0
1681,0,slfxTuih,dLtneiKf,1.0
1681,0,XFPAZveS,slfxTuih,1.0
1681,0,ojqTFFWy,XFPAZveS,1.0
903,0,lHJswKjJ,ZXZRiXZk,134.0
903,0,mOIvxNWl,lHJswKjJ,134.0
903,0,knEDXVsi,mOIvxNWl,134.0
903,0,fwLjTwPH,knEDXVsi,134.0
903,0,pNPkNoga,fwLjTwPH,136.0
903,0,rhOosuOh,pNPkNoga,106.0
903,0,VKJFREzF,rhOosuOh,106.0
903,0,EvOnizWo,VKJFREzF,106.0
903,0,PjaElYBL,EvOnizWo,106.0
903,0,YvwuVYMF,PjaElYBL,106.0
903,0,eCAYEbtu,moYdstNu,106.0
903,0,ZXZRiXZk,eCAYEbtu,110.0
1677,0,oajqUPaH,bPMnvhIP,234.0
400,0,PrbXVSIs,MEUYJwAC,4440.0
400,0,BaMKWhPW,PrbXVSIs,4239.0
400,0,UrOuumcZ,BaMKWhPW,4239.0
400,0,ykQYJtnJ,UrOuumcZ,4247.0
400,0,riNnsYaQ,ykQYJtnJ,4247.0
400,0,nfCzcTzh,riNnsYaQ,7972.0
922,0,DJxHBCmY,HyvnzuHA,945.0
930,0,ygaPVVOX,NjRgIRup,10.0
930,0,SgmzKmGa,ygaPVVOX,10.0
930,0,oaiHprKy,SgmzKmGa,11.0
930,0,EKGAgXOm,oaiHprKy,11.0
930,0,RqCzrtQl,EKGAgXOm,11.0
930,0,CfDISmMN,RqCzrtQl,11.0
930,0,CtzBEXfZ,CfDISmMN,11.0
930,0,RpAFtJSl,CtzBEXfZ,11.0
930,0,PcvuCqyL,RpAFtJSl,11.0
930,0,QOMpmplr,PcvuCqyL,11.0
930,0,HNejbQWJ,QOMpmplr,11.0
930,0,dQfoCLXo,HNejbQWJ,16.0
930,0,NJLhSMnp,dQfoCLXo,16.0
930,0,vitXJVTB,NJLhSMnp,16.0
930,0,DPEjcwqA,vitXJVTB,16.0
930,0,AKFNXFCk,DPEjcwqA,16.0
930,0,HIkBoDID,AKFNXFCk,16.0
930,0,uKNLSXwU,HIkBoDID,44.0
930,0,QpjbbNqd,uKNLSXwU,44.0
930,0,qHHrAclK,QpjbbNqd,44.0
930,0,Jrutayet,qHHrAclK,44.0
930,0,UosQUisT,Jrutayet,44.0
930,0,FQOgjaka,UosQUisT,44.0
930,0,URvEqJxF,FQOgjaka,44.0
930,0,JalqBTeK,URvEqJxF,44.0
930,0,UAwQbGIv,JalqBTeK,44.0
930,0,HyvnzuHA,UAwQbGIv,44.0
930,0,BOfkKWXd,HyvnzuHA,64.0
930,0,ftNxmWZm,BOfkKWXd,84.0
930,0,yFvgNkDl,ftNxmWZm,84.0
930,0,lDGKQeaf,yFvgNkDl,84.0
859,0,juSMKfMs,HIkBoDID,2.0
859,0,dDGkIGrA,juSMKfMs,2.0
859,0,FhDBllly,dDGkIGrA,2.0
930,0,wSxpBpYI,lDGKQeaf,51.0
539,0,SwLVnWPq,ZijVddwt,19.0
539,0,xGsoSfhX,SwLVnWPq,18.0
120,0,TCqyxHhF,AszcEtOu,7.0
120,0,TcEVvOUM,TCqyxHhF,7.0
120,0,qGnNRXVR,TcEVvOUM,7.0
120,0,ouPwTbuD,qGnNRXVR,7.0
120,0,MwLdaJul,ouPwTbuD,7.0
120,0,QUMnpJQp,MwLdaJul,7.0
120,0,FyIjwLBj,QUMnpJQp,7.0
120,0,vXPGJwVk,FyIjwLBj,7.0
120,0,qzuHypgA,vXPGJwVk,7.0
120,0,KCMgfriT,qzuHypgA,7.0
120,0,hVMLOzME,KCMgfriT,7.0
120,0,TDvESTZN,hVMLOzME,7.0
120,0,WlkKexEs,TDvESTZN,7.0
120,0,MyzUerZz,WlkKexEs,7.0
120,0,hTBkjNzq,MyzUerZz,7.0
120,0,aCcokpIU,hTBkjNzq,7.0
120,0,IWuAfYeM,aCcokpIU,7.0
120,0,AKEMZMhk,IWuAfYeM,7.0
120,0,oXDhDxhT,AKEMZMhk,7.0
120,0,twlwLPZj,oXDhDxhT,7.0
120,0,NjRgIRup,twlwLPZj,7.0
120,0,ygaPVVOX,NjRgIRup,8.0
120,0,SgmzKmGa,ygaPVVOX,8.0
120,0,oaiHprKy,SgmzKmGa,8.0
120,0,EKGAgXOm,oaiHprKy,8.0
120,0,RqCzrtQl,EKGAgXOm,8.0
120,0,CfDISmMN,RqCzrtQl,8.0
120,0,RpAFtJSl,CfDISmMN,8.0
120,0,PcvuCqyL,RpAFtJSl,8.0
120,0,ItWJsmqN,PcvuCqyL,8.0
120,0,QOMpmplr,ItWJsmqN,8.0
120,0,HNejbQWJ,QOMpmplr,8.0
120,0,dQfoCLXo,HNejbQWJ,8.0
120,0,NJLhSMnp,dQfoCLXo,8.0
120,0,vitXJVTB,NJLhSMnp,8.0
120,0,DPEjcwqA,vitXJVTB,8.0
120,0,AKFNXFCk,DPEjcwqA,8.0
120,0,HIkBoDID,AKFNXFCk,8.0
120,0,FBcFacnd,HIkBoDID,8.0
120,0,vpSWiOiP,FBcFacnd,9.0
120,0,vhEQWrWH,vpSWiOiP,9.0
856,0,dROKJpRC,URVlPKPB,966.0
856,0,UNRVYnCk,dROKJpRC,966.0
766,0,ygaPVVOX,NjRgIRup,394.0
766,0,SgmzKmGa,ygaPVVOX,394.0
766,0,oaiHprKy,SgmzKmGa,396.0
766,0,EKGAgXOm,oaiHprKy,396.0
766,0,RqCzrtQl,EKGAgXOm,396.0
766,0,CfDISmMN,RqCzrtQl,396.0
766,0,CtzBEXfZ,CfDISmMN,403.0
766,0,RpAFtJSl,CtzBEXfZ,404.0
766,0,PcvuCqyL,RpAFtJSl,404.0
766,0,QOMpmplr,PcvuCqyL,404.0
766,0,HNejbQWJ,QOMpmplr,419.0
766,0,dQfoCLXo,HNejbQWJ,427.0
766,0,NJLhSMnp,dQfoCLXo,427.0
766,0,vitXJVTB,NJLhSMnp,490.0
766,0,DPEjcwqA,vitXJVTB,490.0
766,0,AKFNXFCk,DPEjcwqA,490.0
766,0,HIkBoDID,AKFNXFCk,496.0
766,0,FBcFacnd,HIkBoDID,498.0
766,0,URVlPKPB,FBcFacnd,498.0
766,0,vpSWiOiP,URVlPKPB,539.0
766,0,BvsSDYgP,vpSWiOiP,543.0
932,0,xAcbGwmk,woHRqfeu,67.0
932,0,PpqbXLrX,xAcbGwmk,67.0
932,0,dikxlocD,PpqbXLrX,944.0
932,0,FZfLSowG,dikxlocD,944.0
932,0,nGUGLxPd,FZfLSowG,1194.0
932,0,hZwGajtf,nGUGLxPd,1267.0
932,0,zuhYkREh,hZwGajtf,1267.0
932,0,XFpFKXXh,zuhYkREh,1267.0
932,0,LOVJkcJs,XFpFKXXh,1606.0
932,0,BWOvyAui,LOVJkcJs,1606.0
932,0,jWegLIVv,BWOvyAui,1606.0
932,0,fNriHNfS,jWegLIVv,1603.0
932,0,lzHXrFnu,fNriHNfS,1399.0
932,0,DMAMxgNC,lzHXrFnu,1377.0
932,0,qeXIqBgp,DMAMxgNC,1244.0
1119,0,NuwmOhpA,CLjYTiBy,31.0
1119,0,EXHVDpee,NuwmOhpA,38.0
1119,0,NkWMDpBL,EXHVDpee,38.0
1119,0,TurKlwMz,NkWMDpBL,38.0
1119,0,oVNIhiyF,TurKlwMz,38.0
1119,0,JvVxAKet,oVNIhiyF,38.0
1119,0,bbaQRYSI,JvVxAKet,40.0
1119,0,lDHqxCQW,bbaQRYSI,40.0
1119,0,qGgPbtbT,lDHqxCQW,40.0
1119,0,VQfPRvUw,qGgPbtbT,42.0
1119,0,VCGhveHG,VQfPRvUw,42.0
1119,0,WQdyWhSR,VCGhveHG,42.0
1119,0,vCGIyJLJ,WQdyWhSR,42.0
1119,0,xuEvBBdE,vCGIyJLJ,53.0
1119,0,rAizOLWV,xuEvBBdE,53.0
1119,0,JdZarNsv,rAizOLWV,53.0
1119,0,NmilzqZp,JdZarNsv,53.0
1119,0,TCMQvOqy,NmilzqZp,56.0
911,0,hTBkjNzq,MyzUerZz,156.0
911,0,aCcokpIU,hTBkjNzq,211.0
911,0,IWuAfYeM,aCcokpIU,211.0
911,0,AKEMZMhk,IWuAfYeM,211.0
911,0,oXDhDxhT,AKEMZMhk,211.0
911,0,twlwLPZj,oXDhDxhT,211.0
911,0,NjRgIRup,twlwLPZj,212.0
911,0,ygaPVVOX,NjRgIRup,393.0
911,0,SgmzKmGa,ygaPVVOX,393.0
911,0,oaiHprKy,SgmzKmGa,402.0
911,0,EKGAgXOm,oaiHprKy,402.0
911,0,RqCzrtQl,EKGAgXOm,402.0
911,0,CfDISmMN,RqCzrtQl,402.0
911,0,CtzBEXfZ,CfDISmMN,438.0
911,0,RpAFtJSl,CtzBEXfZ,439.0
911,0,PcvuCqyL,RpAFtJSl,439.0
911,0,QOMpmplr,PcvuCqyL,439.0
911,0,HNejbQWJ,QOMpmplr,452.0
911,0,dQfoCLXo,HNejbQWJ,452.0
911,0,NJLhSMnp,dQfoCLXo,452.0
911,0,vitXJVTB,NJLhSMnp,465.0
911,0,DPEjcwqA,vitXJVTB,465.0
911,0,AKFNXFCk,DPEjcwqA,465.0
911,0,HIkBoDID,AKFNXFCk,472.0
911,0,FBcFacnd,HIkBoDID,476.0
911,0,URVlPKPB,FBcFacnd,476.0
911,0,vpSWiOiP,URVlPKPB,594.0
911,0,BvsSDYgP,vpSWiOiP,594.0
911,0,KVgMjZao,BvsSDYgP,600.0
911,0,rvGAYltM,KVgMjZao,600.0
911,0,kUJgeRIS,rvGAYltM,600.0
911,0,pfeYSjby,kUJgeRIS,661.0
911,0,MyzUerZz,WlkKexEs,19.0
1076,0,XDHbYGPc,hPGLMLbU,1466.0
1076,0,qRqIHRjS,XDHbYGPc,1465.0
1076,0,QFkvaGqn,qRqIHRjS,1452.0
1076,0,NxijJQZJ,QFkvaGqn,1452.0
1076,0,zWZbZUaa,NxijJQZJ,1416.0
856,0,rvjuJASP,UNRVYnCk,469.0
856,0,BLgEghTV,rvjuJASP,469.0
856,0,EnXcRLvh,BLgEghTV,469.0
1440,0,orpkgmYq,EPWXwPSq,1696.0
1099,0,uaUalZjh,HXvpcqcH,627.0
1099,0,tZxKeFkh,uaUalZjh,627.0
1099,0,yOopALph,tZxKeFkh,456.0
1099,0,TBShKgjD,yOopALph,273.0
1099,0,aXWsLpyQ,TBShKgjD,273.0
1099,0,MwUoGUHv,aXWsLpyQ,268.0
1099,0,lndqhzzh,MwUoGUHv,268.0
1099,0,jOvjucEC,lndqhzzh,268.0
1099,0,HbaaqMIK,jOvjucEC,268.0
1099,0,SvkqEtGw,HbaaqMIK,256.0
1099,0,DKTMYVhM,SvkqEtGw,256.0
1099,0,fXFJjsZH,DKTMYVhM,211.0
1099,0,zKpOsJgw,fXFJjsZH,211.0
1099,0,ZFSCrBEp,zKpOsJgw,211.0
1099,0,PQuXHWcA,ZFSCrBEp,201.0
1099,0,XkkxwlXm,PQuXHWcA,201.0
1099,0,tcHYhVZo,XkkxwlXm,194.0
1099,0,OUTzwMHI,tcHYhVZo,191.0
1099,0,rGYrQqGa,OUTzwMHI,171.0
1099,0,QCBPrBCl,rGYrQqGa,171.0
1099,0,wDEypHfE,QCBPrBCl,155.0
1099,0,yTNmoAGc,wDEypHfE,155.0
1099,0,meZHMfSd,yTNmoAGc,153.0
1099,0,wGTdgRcU,meZHMfSd,153.0
1099,0,cQHgTjKq,wGTdgRcU,144.0
1099,0,ruogAkOJ,cQHgTjKq,144.0
1099,0,tndfGrTh,ruogAkOJ,144.0
1099,0,OdzEGWPG,tndfGrTh,144.0
1099,0,WUWIxCFc,OdzEGWPG,141.0
1099,0,gyQqEnFq,WUWIxCFc,141.0
1099,0,KfdekYuk,lBxutteT,532.0
1099,0,qErQsNEG,KfdekYuk,532.0
1099,0,avVajdeO,qErQsNEG,532.0
1099,0,HXvpcqcH,avVajdeO,532.0
1099,0,DUFShJgp,nsdRxeeS,450.0
1099,0,JgwwvaMP,DUFShJgp,450.0
1099,0,lBxutteT,JgwwvaMP,450.0
1099,0,XnIbYwkm,fOMMjSqm,94.0
1099,0,RnuEqbUH,XnIbYwkm,201.0
1099,0,iiHDFBMi,RnuEqbUH,230.0
1099,0,oERWQcSy,iiHDFBMi,230.0
1099,0,nsdRxeeS,oERWQcSy,230.0
1174,0,QEnOoljA,ARQSeSoV,1465.0
1174,0,louTHuTF,jpQxXiev,555.0
1174,0,oVtKGSMs,louTHuTF,555.0
1174,0,kekwMubZ,oVtKGSMs,555.0
1174,0,xFzHIeRy,kekwMubZ,555.0
1174,0,qnfbEQfU,xFzHIeRy,555.0
1174,0,BGiGDHMe,qnfbEQfU,555.0
1174,0,VycUzKpr,BGiGDHMe,555.0
1174,0,ZzGQqLDR,VycUzKpr,579.0
1174,0,IlgMmocA,ZzGQqLDR,579.0
1174,0,ARQSeSoV,IlgMmocA,579.0
157,0,qGKRSiRy,zLLRyPMt,51.0
157,0,PayqNnwn,qGKRSiRy,48.0
157,0,xFzHIeRy,PayqNnwn,48.0
157,0,qnfbEQfU,xFzHIeRy,48.0
157,0,BGiGDHMe,qnfbEQfU,48.0
157,0,VycUzKpr,BGiGDHMe,48.0
157,0,ZzGQqLDR,VycUzKpr,48.0
157,0,IlgMmocA,ZzGQqLDR,48.0
157,0,ARQSeSoV,IlgMmocA,48.0
157,0,QEnOoljA,ARQSeSoV,35.0
1171,0,qGKRSiRy,nPcSKLPs,186.0
1171,0,PayqNnwn,qGKRSiRy,182.0
1171,0,xFzHIeRy,PayqNnwn,182.0
1171,0,qnfbEQfU,xFzHIeRy,182.0
1171,0,BGiGDHMe,qnfbEQfU,182.0
1171,0,VycUzKpr,BGiGDHMe,182.0
1171,0,ZzGQqLDR,VycUzKpr,181.0
1171,0,IlgMmocA,ZzGQqLDR,181.0
1171,0,ARQSeSoV,IlgMmocA,181.0
1171,0,QEnOoljA,ARQSeSoV,131.0
1171,0,BdHFoOCD,LXkzXiZv,83.0
1171,0,IWPekdjH,BdHFoOCD,99.0
1171,0,nPcSKLPs,IWPekdjH,99.0
766,0,KVgMjZao,BvsSDYgP,537.0
766,0,rvGAYltM,KVgMjZao,537.0
1407,0,YxAufxIm,saptMzFY,1968.0
1407,0,UFFAxqtN,YxAufxIm,1968.0
1407,0,cOTHHVzh,UFFAxqtN,1968.0
1407,0,sjfoFmFj,cOTHHVzh,1131.0
1407,0,WjGJosho,sjfoFmFj,1131.0
856,0,snhIMWCK,EnXcRLvh,396.0
856,0,oKUAvFAb,snhIMWCK,396.0
1076,0,YjKQPWoa,tUQXHMzJ,364.0
1076,0,KAhfQHTl,YjKQPWoa,364.0
1076,0,tUQXHMzJ,VPnRvCbn,373.0
952,0,EEOGpCEL,gzTQJVMW,2079.0
952,0,OdbRrJhV,EEOGpCEL,2231.0
952,0,NSvMYbfW,OdbRrJhV,2231.0
952,0,qmRscxuH,NSvMYbfW,2231.0
952,0,zrVEttwl,qmRscxuH,1088.0
952,0,KhQckqci,zrVEttwl,1088.0
952,0,NkYJOxxA,KhQckqci,1088.0
952,0,Phtvjmoj,NkYJOxxA,1088.0
952,0,iRgZVaoH,Phtvjmoj,991.0
952,0,KbKyxild,iRgZVaoH,991.0
400,0,WQOJAyxG,KlSqKJQr,3963.0
400,0,ZcOxufIN,WQOJAyxG,3963.0
400,0,TqATzVvV,ZcOxufIN,3887.0
400,0,OTWTQCls,TqATzVvV,3780.0
400,0,MEUYJwAC,OTWTQCls,3901.0
1076,0,ZYiWVpjK,nfCzcTzh,1943.0
1076,0,qTvRhwtK,ZYiWVpjK,1888.0
1076,0,XQBvMmKm,qTvRhwtK,1888.0
1076,0,hPGLMLbU,XQBvMmKm,1181.0
1076,0,AlpXiRiW,lnzZDlDL,720.0
1076,0,TEpDjcLc,AlpXiRiW,387.0
1076,0,PORiPCGC,TEpDjcLc,387.0
1076,0,VPnRvCbn,PORiPCGC,387.0
1076,0,WyfCQhSW,ogOCBKAf,788.0
1076,0,erxKyHjj,WyfCQhSW,813.0
1076,0,KjiBWoqR,erxKyHjj,813.0
1076,0,bYNwHuWo,KjiBWoqR,813.0
1076,0,MFfExqBx,bYNwHuWo,900.0
1076,0,qWvzRbGV,MFfExqBx,900.0
1076,0,PRzaSxQc,qWvzRbGV,900.0
1076,0,bfKiOFsS,PRzaSxQc,900.0
1076,0,eGbCulMV,bfKiOFsS,900.0
1076,0,CRVKBFrv,eGbCulMV,900.0
1076,0,zjOknQHK,CRVKBFrv,981.0
1076,0,FrKNovDQ,zjOknQHK,981.0
1076,0,nfCzcTzh,FrKNovDQ,981.0
1072,0,eypuAxqa,ORrZduNE,2008.0
1072,0,DSVnhmbs,eypuAxqa,1996.0
1072,0,hCKRONaA,DSVnhmbs,1516.0
1072,0,TGKbjQzH,hCKRONaA,1516.0
1072,0,RoreEsYU,TGKbjQzH,1516.0
1072,0,AlpXiRiW,RoreEsYU,1372.0
766,0,kUJgeRIS,rvGAYltM,494.0
565,0,LDSuadxM,OhBAPvsb,377.0
764,0,COEDLowM,hPReecFP,13.0
764,0,Auhwfubg,COEDLowM,13.0
764,0,MbBQjXCf,Auhwfubg,13.0
856,0,sWtYImJU,oKUAvFAb,130.0
856,0,momDhuqe,sWtYImJU,130.0
1119,0,FHCcBeVW,KvSvcvIL,145.0
1119,0,foRSymXv,FHCcBeVW,145.0
922,0,FHCcBeVW,KvSvcvIL,608.0
922,0,foRSymXv,FHCcBeVW,608.0
1119,0,IKnBBuIf,foRSymXv,71.0
922,0,IKnBBuIf,foRSymXv,586.0
1072,0,ORrZduNE,CYkmgDbv,1969.0
1407,0,rXoVyCYO,KuTZBRNJ,885.0
1407,0,gdHaMUeX,rXoVyCYO,885.0
1407,0,vhHLNRbD,gdHaMUeX,885.0
1407,0,lWiTdhQk,vhHLNRbD,895.0
1407,0,kYxNkIzH,lWiTdhQk,2038.0
1407,0,nUxocPjZ,kYxNkIzH,1928.0
1407,0,WmvRfciC,nUxocPjZ,1920.0
1407,0,saptMzFY,WmvRfciC,1920.0
1083,0,honleovC,JGCJnIWw,1539.0
1083,0,pqZYMbGr,honleovC,1578.0
1367,0,vfIotKLC,ZJoycWOZ,65.0
1367,0,tSXpsDyV,vfIotKLC,65.0
1367,0,IbLBdCXD,tSXpsDyV,65.0
1367,0,JGCJnIWw,IbLBdCXD,65.0
1367,0,honleovC,JGCJnIWw,55.0
1367,0,pqZYMbGr,honleovC,52.0
1367,0,jobllKUJ,pqZYMbGr,46.0
1367,0,cKlxsEIa,jobllKUJ,46.0
1367,0,POeaLshN,cKlxsEIa,46.0
1367,0,nvtqczOj,POeaLshN,46.0
1367,0,FdzHSswJ,nvtqczOj,30.0
1367,0,rfVXpFlV,FdzHSswJ,30.0
1367,0,zrVEttwl,rfVXpFlV,29.0
1367,0,KhQckqci,zrVEttwl,24.0
1367,0,NkYJOxxA,KhQckqci,24.0
1367,0,Phtvjmoj,NkYJOxxA,24.0
1367,0,iRgZVaoH,Phtvjmoj,23.0
1367,0,KbKyxild,iRgZVaoH,23.0
1367,0,WzJZybAt,KbKyxild,23.0
1367,0,wBZvskGC,WzJZybAt,23.0
1367,0,pHbSfQWg,wBZvskGC,23.0
1367,0,hlYcHDiv,pHbSfQWg,23.0
1367,0,ZUUFaTkv,hlYcHDiv,23.0
1367,0,jgCiOeaN,ZUUFaTkv,23.0
1367,0,TikfrWrm,jgCiOeaN,23.0
1367,0,RabBrvbh,TikfrWrm,23.0
1367,0,yAsGVYQM,RabBrvbh,23.0
1367,0,XFPAZveS,yAsGVYQM,3.0
1367,0,ojqTFFWy,XFPAZveS,3.0
331,0,hqxwmRzJ,MjoEniNM,917.0
331,0,DKWSfiEo,hqxwmRzJ,413.0
331,0,hCpAddaw,DKWSfiEo,171.0
331,0,cThdGxLv,hCpAddaw,171.0
331,0,dAxtDTje,cThdGxLv,171.0
331,0,aunBMooM,dAxtDTje,171.0
331,0,kiTgZeoH,aunBMooM,171.0
331,0,eLmJkuZC,kiTgZeoH,171.0
331,0,UgzfanVk,eLmJkuZC,171.0
331,0,MjoEniNM,UyZpITbv,273.0
1083,0,krjqWYyL,zBmTBInm,1530.0
1083,0,tSXpsDyV,krjqWYyL,1530.0
1083,0,IbLBdCXD,tSXpsDyV,1530.0
1083,0,JGCJnIWw,IbLBdCXD,1530.0
1042,0,SRJkWTfK,zAhquueS,194.0
1042,0,krjqWYyL,SRJkWTfK,194.0
1042,0,tSXpsDyV,krjqWYyL,194.0
1042,0,IbLBdCXD,tSXpsDyV,194.0
1042,0,JGCJnIWw,IbLBdCXD,194.0
1042,0,honleovC,JGCJnIWw,194.0
1042,0,pqZYMbGr,honleovC,194.0
1042,0,jobllKUJ,pqZYMbGr,194.0
1042,0,cKlxsEIa,jobllKUJ,194.0
1042,0,POeaLshN,cKlxsEIa,194.0
1042,0,nvtqczOj,POeaLshN,194.0
1042,0,FdzHSswJ,nvtqczOj,194.0
1042,0,rfVXpFlV,FdzHSswJ,194.0
1042,0,OWTXMrGR,rfVXpFlV,194.0
1042,0,YGbVmztp,OWTXMrGR,194.0
1042,0,oHyqEJfk,YGbVmztp,194.0
1042,0,bfpcjsiF,oHyqEJfk,194.0
1042,0,AoRkaUmb,bfpcjsiF,194.0
1042,0,ALhaazBT,AoRkaUmb,194.0
1042,0,YqlTLIQa,ALhaazBT,188.0
1042,0,AUmOMGnp,YqlTLIQa,188.0
1042,0,XFPAZveS,AUmOMGnp,186.0
1042,0,ejMjPdTH,XFPAZveS,186.0
1119,0,qNguppPl,IKnBBuIf,69.0
1119,0,ypDcaLvL,qNguppPl,69.0
1119,0,gLfGMIXr,ypDcaLvL,69.0
1119,0,CPLwMSlA,gLfGMIXr,69.0
1119,0,cefvQkVf,CPLwMSlA,69.0
922,0,qNguppPl,IKnBBuIf,466.0
922,0,ypDcaLvL,qNguppPl,466.0
922,0,gLfGMIXr,ypDcaLvL,466.0
922,0,CPLwMSlA,gLfGMIXr,466.0
922,0,cefvQkVf,CPLwMSlA,466.0
1119,0,TJeJnSDd,cefvQkVf,61.0
922,0,TJeJnSDd,cefvQkVf,443.0
766,0,JzyLKajw,kUJgeRIS,159.0
925,0,ygaPVVOX,NjRgIRup,2.0
925,0,SgmzKmGa,ygaPVVOX,2.0
925,0,oaiHprKy,SgmzKmGa,2.0
925,0,EKGAgXOm,oaiHprKy,2.0
925,0,RqCzrtQl,EKGAgXOm,2.0
925,0,CfDISmMN,RqCzrtQl,2.0
925,0,CtzBEXfZ,CfDISmMN,2.0
925,0,RpAFtJSl,CtzBEXfZ,2.0
925,0,PcvuCqyL,RpAFtJSl,2.0
925,0,QOMpmplr,PcvuCqyL,2.0
925,0,HNejbQWJ,QOMpmplr,2.0
925,0,dQfoCLXo,HNejbQWJ,3.0
925,0,NJLhSMnp,dQfoCLXo,3.0
925,0,vitXJVTB,NJLhSMnp,3.0
925,0,DPEjcwqA,vitXJVTB,3.0
925,0,AKFNXFCk,DPEjcwqA,3.0
925,0,HIkBoDID,AKFNXFCk,3.0
925,0,uKNLSXwU,HIkBoDID,3.0
925,0,QpjbbNqd,uKNLSXwU,3.0
925,0,qHHrAclK,QpjbbNqd,3.0
925,0,Jrutayet,qHHrAclK,3.0
925,0,UosQUisT,Jrutayet,3.0
925,0,FQOgjaka,UosQUisT,3.0
925,0,URvEqJxF,FQOgjaka,3.0
925,0,JalqBTeK,URvEqJxF,3.0
925,0,UAwQbGIv,JalqBTeK,3.0
925,0,HyvnzuHA,UAwQbGIv,3.0
925,0,DJxHBCmY,HyvnzuHA,18.0
925,0,UUpfieFN,DJxHBCmY,18.0
925,0,XHBoVocK,UUpfieFN,18.0
925,0,TWTKfAgl,XHBoVocK,18.0
925,0,BhcHYWlb,TWTKfAgl,20.0
925,0,xKeFZTyD,BhcHYWlb,20.0
925,0,ExMxhtei,xKeFZTyD,21.0
925,0,FDJgmOaw,ExMxhtei,21.0
925,0,xzbcUqWQ,FDJgmOaw,8.0
911,0,kaZSJtsS,pfeYSjby,453.0
911,0,DBpmioGn,kaZSJtsS,453.0
911,0,KKHFrKGl,DBpmioGn,453.0
916,0,gcglUzpd,KzAuSOOh,15.0
916,0,VNhVtVFP,gcglUzpd,15.0
914,0,YfFNBzii,KKHFrKGl,426.0
914,0,SAoMIbAp,YfFNBzii,426.0
914,0,BUhYynpm,SAoMIbAp,336.0
914,0,iBcazcLz,BUhYynpm,336.0
914,0,anlBxctW,iBcazcLz,336.0
914,0,vPtmXBsW,anlBxctW,336.0
914,0,JOrMMBVL,vPtmXBsW,330.0
914,0,aCcokpIU,hTBkjNzq,235.0
914,0,IWuAfYeM,aCcokpIU,235.0
914,0,AKEMZMhk,IWuAfYeM,235.0
914,0,oXDhDxhT,AKEMZMhk,235.0
914,0,twlwLPZj,oXDhDxhT,235.0
914,0,NjRgIRup,twlwLPZj,236.0
914,0,ygaPVVOX,NjRgIRup,282.0
914,0,SgmzKmGa,ygaPVVOX,282.0
914,0,oaiHprKy,SgmzKmGa,283.0
914,0,EKGAgXOm,oaiHprKy,283.0
914,0,RqCzrtQl,EKGAgXOm,283.0
914,0,CfDISmMN,RqCzrtQl,283.0
914,0,CtzBEXfZ,CfDISmMN,284.0
914,0,RpAFtJSl,CtzBEXfZ,284.0
914,0,PcvuCqyL,RpAFtJSl,284.0
914,0,QOMpmplr,PcvuCqyL,286.0
914,0,HNejbQWJ,QOMpmplr,287.0
914,0,dQfoCLXo,HNejbQWJ,288.0
914,0,NJLhSMnp,dQfoCLXo,288.0
914,0,vitXJVTB,NJLhSMnp,297.0
914,0,DPEjcwqA,vitXJVTB,297.0
914,0,AKFNXFCk,DPEjcwqA,297.0
914,0,HIkBoDID,AKFNXFCk,297.0
914,0,FBcFacnd,HIkBoDID,376.0
914,0,URVlPKPB,FBcFacnd,376.0
914,0,vpSWiOiP,URVlPKPB,379.0
914,0,BvsSDYgP,vpSWiOiP,379.0
914,0,KVgMjZao,BvsSDYgP,379.0
914,0,rvGAYltM,KVgMjZao,379.0
914,0,kUJgeRIS,rvGAYltM,379.0
914,0,pfeYSjby,kUJgeRIS,390.0
914,0,kaZSJtsS,pfeYSjby,390.0
914,0,DBpmioGn,kaZSJtsS,390.0
914,0,KKHFrKGl,DBpmioGn,390.0
914,0,MyzUerZz,WlkKexEs,5.0
914,0,hTBkjNzq,MyzUerZz,5.0
914,0,vRiXTWTq,JOrMMBVL,327.0
914,0,NUggIFcT,vRiXTWTq,327.0
914,0,ybeqLsHP,NUggIFcT,327.0
914,0,hCunccId,ybeqLsHP,327.0
914,0,bYiZlZfK,hCunccId,327.0
914,0,hGZrWSlb,bYiZlZfK,323.0
914,0,eWFmnMeJ,hGZrWSlb,314.0
914,0,APAIrxcy,eWFmnMeJ,291.0
914,0,kJHtAChU,APAIrxcy,291.0
914,0,WPLDPMYV,kJHtAChU,291.0
914,0,QJqMQbqf,WPLDPMYV,287.0
914,0,qgftSein,QJqMQbqf,195.0
914,0,umyCwwah,qgftSein,192.0
914,0,umudVILy,umyCwwah,192.0
766,0,iPmhSqDk,JzyLKajw,127.0
766,0,ZVTOmRdq,iPmhSqDk,127.0
766,0,vjFpNILE,ZVTOmRdq,127.0
766,0,QMycpMQA,vjFpNILE,127.0
766,0,goEFDDka,QMycpMQA,127.0
766,0,gzdfrKuT,goEFDDka,127.0
766,0,QpdZiknK,gzdfrKuT,127.0
766,0,tVSOiuPz,QpdZiknK,34.0
1117,0,ygaPVVOX,NjRgIRup,4.0
1117,0,SgmzKmGa,ygaPVVOX,4.0
1117,0,EKGAgXOm,SgmzKmGa,4.0
1117,0,CfDISmMN,EKGAgXOm,4.0
1117,0,PcvuCqyL,CfDISmMN,5.0
1117,0,QOMpmplr,PcvuCqyL,5.0
1117,0,HNejbQWJ,QOMpmplr,8.0
1117,0,lyEtzViy,HNejbQWJ,8.0
1117,0,uVrlMgNx,lyEtzViy,8.0
1117,0,GhOGJPtU,uVrlMgNx,8.0
1117,0,WOuDNhbw,GhOGJPtU,8.0
1117,0,CYkmgDbv,WOuDNhbw,8.0
1117,0,eypuAxqa,CYkmgDbv,8.0
1117,0,DSVnhmbs,eypuAxqa,8.0
1117,0,hCKRONaA,DSVnhmbs,8.0
1117,0,TGKbjQzH,hCKRONaA,8.0
1117,0,RoreEsYU,TGKbjQzH,8.0
1117,0,AlpXiRiW,RoreEsYU,8.0
1117,0,btFKFkYA,AlpXiRiW,16.0
1117,0,jLrhssle,btFKFkYA,16.0
1117,0,FvRFCvLd,jLrhssle,16.0
1117,0,tkjaIDXe,FvRFCvLd,16.0
1117,0,yhVlWvFp,tkjaIDXe,16.0
1117,0,PAhNkZlS,yhVlWvFp,16.0
1117,0,CxiOJZtJ,PAhNkZlS,16.0
856,0,zPQeyVVD,momDhuqe,116.0
856,0,UrJBvWGq,zPQeyVVD,116.0
856,0,thxCXWVL,UrJBvWGq,116.0
856,0,AlpXiRiW,thxCXWVL,116.0
915,0,zHlMZSZh,KKHFrKGl,230.0
915,0,YfFNBzii,zHlMZSZh,230.0
915,0,amcUazui,YfFNBzii,230.0
915,0,XOGHqVzK,amcUazui,230.0
915,0,uPxuFxvo,XOGHqVzK,230.0
915,0,aUXvtKAd,uPxuFxvo,230.0
915,0,ygaPVVOX,NjRgIRup,135.0
915,0,SgmzKmGa,ygaPVVOX,140.0
915,0,oaiHprKy,SgmzKmGa,142.0
915,0,EKGAgXOm,oaiHprKy,142.0
915,0,RqCzrtQl,EKGAgXOm,142.0
915,0,CfDISmMN,RqCzrtQl,142.0
915,0,CtzBEXfZ,CfDISmMN,146.0
915,0,RpAFtJSl,CtzBEXfZ,146.0
915,0,PcvuCqyL,RpAFtJSl,146.0
915,0,QOMpmplr,PcvuCqyL,146.0
915,0,HNejbQWJ,QOMpmplr,146.0
915,0,dQfoCLXo,HNejbQWJ,146.0
915,0,NJLhSMnp,dQfoCLXo,146.0
915,0,vitXJVTB,NJLhSMnp,149.0
915,0,DPEjcwqA,vitXJVTB,149.0
915,0,AKFNXFCk,DPEjcwqA,149.0
915,0,HIkBoDID,AKFNXFCk,149.0
915,0,FBcFacnd,HIkBoDID,168.0
915,0,URVlPKPB,FBcFacnd,168.0
915,0,vpSWiOiP,URVlPKPB,172.0
915,0,BvsSDYgP,vpSWiOiP,172.0
915,0,KVgMjZao,BvsSDYgP,173.0
915,0,rvGAYltM,KVgMjZao,173.0
915,0,pfeYSjby,rvGAYltM,180.0
915,0,kaZSJtsS,pfeYSjby,180.0
915,0,DBpmioGn,kaZSJtsS,180.0
915,0,KKHFrKGl,DBpmioGn,180.0
915,0,bWARUqJw,aUXvtKAd,206.0
915,0,YRAoXeLc,bWARUqJw,194.0
915,0,QBEEvEfk,YRAoXeLc,190.0
915,0,wUNonIvB,QBEEvEfk,190.0
920,0,Vtdujofe,VKAAZZOV,6.0
920,0,edTVGmZc,Vtdujofe,6.0
920,0,iqwCaPZT,edTVGmZc,6.0
920,0,qqDoWQdv,iqwCaPZT,6.0
915,0,ADLjcXqa,wUNonIvB,188.0
915,0,TfcuZRGs,ADLjcXqa,188.0
915,0,wCBeePzy,TfcuZRGs,157.0
915,0,xaFIWdbd,wCBeePzy,157.0
915,0,FqqChBVj,xaFIWdbd,157.0
915,0,DdnncojU,FqqChBVj,157.0
915,0,JFAOdLlH,DdnncojU,157.0
915,0,hOuYlHPh,JFAOdLlH,52.0
915,0,LSLEHghp,hOuYlHPh,43.0
915,0,sTCaNKUj,LSLEHghp,43.0
915,0,ZKALZXGO,sTCaNKUj,43.0
915,0,tsbSHhIt,ZKALZXGO,39.0
915,0,gFnNTJRr,tsbSHhIt,18.0
915,0,rDrqCYRb,gFnNTJRr,18.0
1568,0,vxTQjZcJ,UgzfanVk,188.0
766,0,CxOOaXfM,tVSOiuPz,13.0
766,0,OZlUZuJc,CxOOaXfM,13.0
766,0,bPGbdmLB,OZlUZuJc,13.0
766,0,YlKnpIom,bPGbdmLB,13.0
766,0,iyqZxomb,YlKnpIom,13.0
766,0,rAXDXBKw,iyqZxomb,13.0
1072,0,qdrjbHYS,ozAxYCwR,27.0
764,0,rpRStibJ,rAXDXBKw,7.0
764,0,BSXQVxvJ,rpRStibJ,7.0
764,0,hPReecFP,BSXQVxvJ,7.0
463,0,WIZPpGvl,MnTeelLR,6108.0
463,0,qflzswAf,WIZPpGvl,4501.0
34,0,CKldDLYq,EkWBPXmr,6517.0
34,0,tjYcJLRB,CKldDLYq,6746.0
34,0,iYMJvRAf,tjYcJLRB,6231.0
1244,0,gBkmsEyR,ubZrQMid,3977.0
1244,0,hysxdiTF,gBkmsEyR,3229.0
1244,0,iYMJvRAf,hysxdiTF,3229.0
524,0,LPQBwisp,wOZIcmuB,3021.0
524,0,dpOKQcMh,LPQBwisp,3021.0
524,0,jLJTMrwU,dpOKQcMh,2922.0
524,0,LdWodgsw,jLJTMrwU,2922.0
524,0,iWFLhsvE,LdWodgsw,2531.0
524,0,qFzqwYZZ,iWFLhsvE,816.0
481,0,YyXnCqJL,FJDNPLrp,1314.0
481,0,DUgAaGlT,YyXnCqJL,1314.0
481,0,taEXnGBL,DUgAaGlT,1172.0
205,0,HefnspWQ,czFfIymd,506.0
205,0,lDeAZniB,HefnspWQ,506.0
205,0,sDgMDbLK,lDeAZniB,408.0
205,0,MUKiuGPJ,sDgMDbLK,408.0
205,0,BIPxiHLi,MUKiuGPJ,408.0
205,0,yrMfCrKd,BIPxiHLi,408.0
205,0,FJDNPLrp,yrMfCrKd,211.0
205,0,YyXnCqJL,FJDNPLrp,216.0
205,0,FXEtzSuC,YyXnCqJL,216.0
205,0,ppabfQGz,FXEtzSuC,216.0
426,0,faYOimYm,EZnTnoxs,867.0
426,0,nObXmJzU,faYOimYm,867.0
426,0,YmDpkIHQ,nObXmJzU,860.0
426,0,HYfXIyFk,YmDpkIHQ,459.0
426,0,oQvXmJfL,HYfXIyFk,454.0
426,0,yayPNqiY,oQvXmJfL,442.0
426,0,FJDNPLrp,yayPNqiY,442.0
426,0,DUgAaGlT,FJDNPLrp,433.0
426,0,ppabfQGz,DUgAaGlT,228.0
426,0,MBTcSIip,ppabfQGz,228.0
426,0,qFzqwYZZ,MBTcSIip,209.0
426,0,gaLZwYvS,qFzqwYZZ,24.0
426,0,XypZkLUe,gaLZwYvS,9.0
426,0,drmArhka,XypZkLUe,9.0
426,0,aaOdCJPr,ezbmnBKa,1027.0
426,0,EZnTnoxs,aaOdCJPr,1030.0
727,0,GpnhEWuy,QDIpIlEK,2233.0
727,0,rRGVruPM,GpnhEWuy,2231.0
727,0,mLBQtksd,rRGVruPM,2291.0
232,0,YXiYqIfc,KLViSvpH,3671.0
232,0,OBtWrzof,YXiYqIfc,3671.0
232,0,TxpOiGNK,OBtWrzof,3607.0
779,0,pzScocJN,khOlLZay,4356.0
779,0,AOtPxxNt,pzScocJN,4351.0
779,0,pFQacbfu,AOtPxxNt,4304.0
779,0,ZecyfkGE,pFQacbfu,4304.0
779,0,aNlaxeLS,ZecyfkGE,4230.0
779,0,zBPHjWVd,aNlaxeLS,4230.0
779,0,rPcYYZtd,zBPHjWVd,4251.0
779,0,ngtiheSM,rPcYYZtd,4046.0
460,0,OPXtWBVk,nPkrzCty,1902.0
460,0,SvGtXrYj,OPXtWBVk,2036.0
460,0,STSGJiIu,SvGtXrYj,2017.0
460,0,buAeVenh,STSGJiIu,1691.0
460,0,ARTSSefO,buAeVenh,1691.0
460,0,nGRNUPgX,ARTSSefO,1758.0
460,0,cPCRxZjy,nGRNUPgX,1746.0
460,0,klenweCZ,cPCRxZjy,2203.0
460,0,wdBsZaVr,klenweCZ,1410.0
460,0,FXEtzSuC,wdBsZaVr,1795.0
460,0,ppabfQGz,FXEtzSuC,1682.0
426,0,jFRqfnFl,VkcYQwTj,1505.0
426,0,ysSWNERo,jFRqfnFl,1505.0
426,0,lQIpGOTn,ysSWNERo,1531.0
426,0,uhUmvvRs,lQIpGOTn,1532.0
426,0,GgLRqpEG,uhUmvvRs,1532.0
426,0,WFZVQzrl,GgLRqpEG,1532.0
426,0,QDIpIlEK,WFZVQzrl,1587.0
426,0,IESGsZGI,QDIpIlEK,2143.0
426,0,mLBQtksd,IESGsZGI,2143.0
426,0,FBwCHGmG,mLBQtksd,1910.0
426,0,ezbmnBKa,FBwCHGmG,1910.0
727,0,GiONHkbf,WFZVQzrl,2393.0
727,0,QDIpIlEK,GiONHkbf,1594.0
426,0,eaNsVWDR,XFPAZveS,949.0
426,0,hpACGGyB,eaNsVWDR,949.0
426,0,ywuGpANM,hpACGGyB,989.0
426,0,BZCtSmhk,ywuGpANM,1302.0
426,0,VkcYQwTj,BZCtSmhk,1302.0
825,0,vlhncUdg,wgnVmusT,28.0
825,0,xGVMKwkH,vlhncUdg,28.0
825,0,DcYEFBXI,xGVMKwkH,28.0
825,0,mSlRsDTZ,DcYEFBXI,76.0
574,0,ubZrQMid,vfdAIPGv,240.0
574,0,KwaxxmSs,ubZrQMid,240.0
574,0,fuApzGaS,KwaxxmSs,240.0
574,0,NQaaFyOm,fuApzGaS,114.0
574,0,oeGMQkdJ,NQaaFyOm,114.0
574,0,vkAUVqtk,oeGMQkdJ,113.0
482,0,duRJdiSr,qdrjbHYS,1686.0
482,0,uBFbbvHN,duRJdiSr,1686.0
482,0,YjUiSglA,uBFbbvHN,1686.0
482,0,xPaGbpFW,YjUiSglA,1686.0
482,0,LJLjKFnn,xPaGbpFW,1686.0
482,0,gzZgDndk,LJLjKFnn,1686.0
482,0,NQaaFyOm,gzZgDndk,1086.0
482,0,oeGMQkdJ,NQaaFyOm,434.0
482,0,vkAUVqtk,oeGMQkdJ,235.0
419,0,QHFmFyLR,EkWBPXmr,7362.0
419,0,neNWquOh,QHFmFyLR,7362.0
419,0,KwaxxmSs,neNWquOh,7422.0
419,0,gzZgDndk,KwaxxmSs,7543.0
419,0,NQaaFyOm,gzZgDndk,9022.0
419,0,iPNesxKP,NQaaFyOm,9394.0
524,0,uBFbbvHN,duRJdiSr,7684.0
524,0,YjUiSglA,uBFbbvHN,7697.0
524,0,xPaGbpFW,YjUiSglA,7697.0
524,0,LJLjKFnn,xPaGbpFW,7694.0
524,0,fuApzGaS,LJLjKFnn,7694.0
524,0,NQaaFyOm,fuApzGaS,6106.0
524,0,iPNesxKP,NQaaFyOm,3030.0
572,0,fOfcyQgJ,iWoOHVbT,1508.0
572,0,YXOKWXAw,fOfcyQgJ,1514.0
572,0,gzZgDndk,YXOKWXAw,1514.0
572,0,NQaaFyOm,gzZgDndk,216.0
572,0,iPNesxKP,NQaaFyOm,216.0
477,0,oeGMQkdJ,rDSiGFpR,2791.0
474,0,WqMESkMM,UrQlyWkl,2189.0
474,0,TKmnSMXw,WqMESkMM,2189.0
474,0,zAVZRYih,TKmnSMXw,2189.0
474,0,JgaAcZvO,HrNWphPZ,1408.0
474,0,oFGeBzfg,JgaAcZvO,1455.0
474,0,fUdtRFJM,oFGeBzfg,1455.0
474,0,UrQlyWkl,fUdtRFJM,1452.0
474,0,gUXxyAlR,hCxxcqWU,1483.0
474,0,cEOIeJTR,gUXxyAlR,1483.0
474,0,bWAbaUPC,cEOIeJTR,2140.0
474,0,HrNWphPZ,bWAbaUPC,2418.0
474,0,ufvngNip,AszcEtOu,1200.0
474,0,ybjkPLXB,ufvngNip,1200.0
474,0,IOcMwGKn,ybjkPLXB,1240.0
474,0,hCxxcqWU,IOcMwGKn,1387.0
34,0,KplKuAnp,iYMJvRAf,5358.0
34,0,pSVDMeCH,KplKuAnp,5358.0
524,0,duRJdiSr,PrkhDzLx,5957.0
524,0,wOZIcmuB,iPNesxKP,2275.0
524,0,vfDgNrFH,qFzqwYZZ,815.0
524,0,gaLZwYvS,vfDgNrFH,815.0
524,0,OyJKKata,tBNXSyMW,2163.0
1244,0,KplKuAnp,iYMJvRAf,4031.0
1244,0,pSVDMeCH,KplKuAnp,4031.0
460,0,MBTcSIip,ppabfQGz,1457.0
460,0,qFzqwYZZ,MBTcSIip,1213.0
460,0,vfDgNrFH,qFzqwYZZ,1192.0
460,0,gaLZwYvS,vfDgNrFH,1192.0
205,0,MBTcSIip,ppabfQGz,210.0
205,0,gaLZwYvS,MBTcSIip,119.0
205,0,szQKyBKA,eBAbFKqQ,638.0
205,0,czFfIymd,szQKyBKA,638.0
762,0,PXPVuGmP,fQRLOpha,6059.0
762,0,IulxyPoH,PXPVuGmP,6059.0
762,0,llFTEWtD,IulxyPoH,6754.0
762,0,fPhIOSOj,llFTEWtD,6754.0
762,0,PQDqFTyk,fPhIOSOj,6633.0
762,0,OhBAPvsb,PQDqFTyk,6272.0
491,0,YvLYpMPH,POdtxoZm,2371.0
491,0,QnkNgkDL,YvLYpMPH,2371.0
491,0,lctVuVOk,QnkNgkDL,2368.0
491,0,wOZIcmuB,lctVuVOk,2363.0
491,0,LPQBwisp,wOZIcmuB,2329.0
491,0,dpOKQcMh,LPQBwisp,2329.0
491,0,jLJTMrwU,dpOKQcMh,1823.0
491,0,LdWodgsw,jLJTMrwU,1823.0
491,0,iWFLhsvE,LdWodgsw,769.0
491,0,qFzqwYZZ,iWFLhsvE,622.0
491,0,gaLZwYvS,qFzqwYZZ,622.0
474,0,iPNesxKP,zAVZRYih,2112.0
474,0,wOZIcmuB,iPNesxKP,1395.0
474,0,LPQBwisp,wOZIcmuB,1395.0
474,0,dpOKQcMh,LPQBwisp,1395.0
474,0,jLJTMrwU,dpOKQcMh,1323.0
474,0,LdWodgsw,jLJTMrwU,1323.0
474,0,iWFLhsvE,LdWodgsw,655.0
474,0,qFzqwYZZ,iWFLhsvE,531.0
474,0,gaLZwYvS,qFzqwYZZ,531.0
491,0,qvujbmjR,mKIQRbrs,1303.0
491,0,SqxhBMol,qvujbmjR,1303.0
491,0,vIqdsoZx,SqxhBMol,1384.0
491,0,WPPGaTFA,vIqdsoZx,1216.0
491,0,zavSPsgu,WPPGaTFA,1264.0
491,0,UrQlyWkl,zavSPsgu,1264.0
491,0,POdtxoZm,UrQlyWkl,861.0
491,0,xQpNdvvD,GigUVtty,1327.0
491,0,SQUoXVXU,xQpNdvvD,1363.0
491,0,mKIQRbrs,SQUoXVXU,1538.0
491,0,bgWfLree,DsuTXcIa,1723.0
491,0,nUYnioIh,bgWfLree,1723.0
491,0,mVhkAqwx,nUYnioIh,1723.0
491,0,GigUVtty,mVhkAqwx,1733.0
491,0,JovbzjVh,qDeoslSZ,1099.0
491,0,DCdKJxNH,JovbzjVh,1121.0
491,0,DsuTXcIa,DCdKJxNH,1123.0
481,0,eciAPzhn,zYpZYpOA,2554.0
481,0,tOfkaukv,eciAPzhn,2554.0
481,0,exzjGTVf,tOfkaukv,2554.0
481,0,CcTUkfkl,exzjGTVf,2554.0
481,0,RupFhEwj,vIqdsoZx,1628.0
481,0,WPPGaTFA,RupFhEwj,1014.0
481,0,zavSPsgu,WPPGaTFA,1043.0
481,0,UrQlyWkl,zavSPsgu,1043.0
633,0,jkmSVBKz,QkCkRebE,1842.0
633,0,jcbMPQjL,jkmSVBKz,1842.0
633,0,xfYjeqNM,jcbMPQjL,1128.0
633,0,CZfJWCoJ,xfYjeqNM,912.0
633,0,IdWZOznf,CZfJWCoJ,912.0
633,0,bFducDIy,IdWZOznf,912.0
633,0,iFgeXSsz,bFducDIy,912.0
633,0,NBopaFdP,iFgeXSsz,835.0
633,0,LbKosGpD,NBopaFdP,835.0
633,0,wOZIcmuB,LbKosGpD,835.0
633,0,dpOKQcMh,wOZIcmuB,519.0
633,0,jLJTMrwU,dpOKQcMh,446.0
633,0,LdWodgsw,jLJTMrwU,446.0
633,0,iWFLhsvE,LdWodgsw,245.0
633,0,qFzqwYZZ,iWFLhsvE,146.0
633,0,gaLZwYvS,qFzqwYZZ,146.0
205,0,zAwPDfkg,RWixPrCB,754.0
205,0,eBAbFKqQ,zAwPDfkg,754.0
205,0,WweXYmbm,JODrgTwh,739.0
205,0,RWixPrCB,WweXYmbm,739.0
481,0,CYSggHNR,IkxLwyxa,1962.0
481,0,VhgapMoa,CYSggHNR,1921.0
481,0,dKbqWpcD,VhgapMoa,1921.0
481,0,zYpZYpOA,dKbqWpcD,1921.0
474,0,AszcEtOu,BpAiVnps,833.0
460,0,mSXRukCc,kjxfKqbD,4202.0
460,0,FFGyTMvJ,mSXRukCc,4202.0
460,0,eyAJPdep,FFGyTMvJ,3069.0
460,0,RCkelXPh,eyAJPdep,3143.0
460,0,jcExlqwL,RCkelXPh,3143.0
460,0,YctaenCe,jcExlqwL,2527.0
460,0,tzYrVhKO,YctaenCe,2527.0
460,0,UgpyjFML,tzYrVhKO,2504.0
460,0,nPkrzCty,UgpyjFML,2583.0
319,0,cHhWsWUg,UlOflIKh,342.0
319,0,nPkrzCty,cHhWsWUg,342.0
633,0,AqgjLYqB,pPReLBCT,1854.0
633,0,QkCkRebE,AqgjLYqB,1854.0
712,0,RVGhYAxc,lmZJehpq,3885.0
460,0,CEZTRnUo,qflzswAf,5508.0
460,0,funWfCdm,CEZTRnUo,5508.0
460,0,rnFrOJMw,funWfCdm,5508.0
460,0,MklhhYCQ,rnFrOJMw,5511.0
460,0,nzTRQfUi,MklhhYCQ,7296.0
460,0,nhSXMXjw,nzTRQfUi,6911.0
460,0,kjxfKqbD,nhSXMXjw,4117.0
481,0,POdtxoZm,UrQlyWkl,2841.0
481,0,YvLYpMPH,POdtxoZm,3693.0
481,0,SemNVHvd,YvLYpMPH,3693.0
481,0,QnkNgkDL,SemNVHvd,3698.0
481,0,lctVuVOk,QnkNgkDL,3669.0
523,0,FTwVCxQy,pSVDMeCH,580.0
523,0,RFaTWaew,FTwVCxQy,580.0
477,0,mYoRZvtc,RFaTWaew,914.0
616,0,NQaaFyOm,yhXmuUeN,565.0
616,0,iPNesxKP,NQaaFyOm,282.0
616,0,xQpNdvvD,GigUVtty,493.0
616,0,VuxSFkGj,xQpNdvvD,493.0
616,0,SQUoXVXU,VuxSFkGj,493.0
616,0,tZiWmgTn,SQUoXVXU,488.0
616,0,TJGhHrvm,tZiWmgTn,485.0
616,0,bgWfLree,DsuTXcIa,485.0
616,0,nUYnioIh,bgWfLree,485.0
616,0,UAkhVpHN,nUYnioIh,485.0
616,0,mVhkAqwx,UAkhVpHN,485.0
616,0,GigUVtty,mVhkAqwx,518.0
616,0,eOdwAkBF,ydoNqUsu,430.0
616,0,FDCDnriY,eOdwAkBF,430.0
616,0,DCdKJxNH,FDCDnriY,430.0
616,0,DsuTXcIa,DCdKJxNH,371.0
616,0,OyNIynZV,DYKvrufv,315.0
616,0,ydoNqUsu,OyNIynZV,315.0
1567,0,nPkrzCty,UgpyjFML,1886.0
34,0,FTwVCxQy,pSVDMeCH,4429.0
34,0,xnBCUPNx,FTwVCxQy,5436.0
212,0,RZyHoyLx,JmbBeQIE,127.0
212,0,Gzlmcdek,RZyHoyLx,127.0
212,0,cPCRxZjy,Gzlmcdek,127.0
212,0,qpacHTVx,cPCRxZjy,127.0
212,0,jgXkfKmE,qpacHTVx,127.0
212,0,AFWGXQGm,jgXkfKmE,127.0
212,0,WTiRZunt,AFWGXQGm,127.0
212,0,ZMeqpjWv,WTiRZunt,127.0
212,0,tSUFrefk,ZMeqpjWv,127.0
212,0,FqxCUuHX,tSUFrefk,127.0
212,0,kGGyYXze,FqxCUuHX,127.0
212,0,aiNWVRbc,kGGyYXze,127.0
212,0,djOWqAVW,aiNWVRbc,127.0
212,0,LdWodgsw,djOWqAVW,127.0
1244,0,FTwVCxQy,pSVDMeCH,3550.0
1244,0,xnBCUPNx,FTwVCxQy,4085.0
143,0,OXcUkifL,WCllcJIC,1141.0
143,0,POsNTwnJ,OXcUkifL,683.0
143,0,rRGVruPM,POsNTwnJ,664.0
232,0,KLViSvpH,fvJrDdyT,3805.0
419,0,lctVuVOk,iPNesxKP,7593.0
419,0,iLaGOhZk,lctVuVOk,8612.0
12,0,NLDgVASg,RkbXqAIs,242.0
12,0,DKPrUpnj,NLDgVASg,242.0
12,0,CdibamDB,DKPrUpnj,280.0
12,0,lBopHXdD,CdibamDB,280.0
12,0,vwEcxUej,lBopHXdD,280.0
12,0,JBpFxiqb,vwEcxUej,280.0
12,0,Oslgxmkx,JBpFxiqb,280.0
12,0,AtcDBGpE,Oslgxmkx,284.0
12,0,nsjiKPCz,AtcDBGpE,284.0
12,0,vfdAIPGv,nsjiKPCz,284.0
12,0,inJVXMtB,vfdAIPGv,284.0
12,0,ubZrQMid,inJVXMtB,284.0
12,0,gBkmsEyR,ubZrQMid,284.0
12,0,cGoHBmgo,gBkmsEyR,284.0
12,0,fOfcyQgJ,cGoHBmgo,284.0
12,0,YXOKWXAw,fOfcyQgJ,284.0
12,0,gzZgDndk,YXOKWXAw,284.0
12,0,NQaaFyOm,gzZgDndk,284.0
12,0,iPNesxKP,NQaaFyOm,284.0
12,0,lctVuVOk,iPNesxKP,284.0
12,0,iLaGOhZk,lctVuVOk,284.0
12,0,RkbXqAIs,MTAZIXBL,229.0
12,0,leJfirnk,yrRBvFtZ,151.0
12,0,QRSRIbba,leJfirnk,151.0
12,0,EkCoFwMY,QRSRIbba,151.0
12,0,jqriedgy,EkCoFwMY,151.0
12,0,MTAZIXBL,jqriedgy,151.0
12,0,wuyFtExA,EtvjcvTp,107.0
12,0,MrybjzSo,wuyFtExA,107.0
12,0,yrRBvFtZ,MrybjzSo,107.0
463,0,pSVDMeCH,gaLZwYvS,1543.0
463,0,FTwVCxQy,pSVDMeCH,1550.0
463,0,xnBCUPNx,FTwVCxQy,2023.0
463,0,PbNNbEKu,xnBCUPNx,2324.0
463,0,fTOPrrgc,PbNNbEKu,2382.0
463,0,ErjukRDc,fTOPrrgc,2382.0
463,0,ojYgsDtJ,ErjukRDc,2358.0
481,0,EocVuyzS,lctVuVOk,1386.0
481,0,lwcIkPvE,EocVuyzS,1386.0
318,0,XwcxmOai,nrUfCQxz,4536.0
318,0,sCyvkPkr,XwcxmOai,5471.0
318,0,YLjwrcCY,sCyvkPkr,5551.0
318,0,RfzcmazU,YLjwrcCY,5410.0
318,0,ImIhxSnH,RfzcmazU,5336.0
1747,0,KbyuLDsq,jcbMPQjL,5880.0
1747,0,XAYndOhY,KbyuLDsq,5881.0
1747,0,msSSSjFI,XAYndOhY,5085.0
480,0,mHRdWDIt,XFLojCJa,345.0
1318,0,LKVeVUNI,BpAiVnps,4046.0
1318,0,dbPZeeiE,LKVeVUNI,3879.0
1318,0,CsDsDrdU,dbPZeeiE,3842.0
1318,0,OPXtWBVk,CsDsDrdU,4348.0
419,0,ZpgoacOO,iLaGOhZk,6828.0
12,0,ZpgoacOO,iLaGOhZk,168.0
419,0,eYoPTdNP,ZpgoacOO,5969.0
663,0,zjSAMvDn,DOGyniWl,141.0
663,0,ZaBRaevd,zjSAMvDn,132.0
663,0,EZnTnoxs,ZaBRaevd,127.0
663,0,faYOimYm,EZnTnoxs,87.0
663,0,cmGUMIAA,faYOimYm,87.0
663,0,sDgMDbLK,cmGUMIAA,87.0
663,0,MUKiuGPJ,sDgMDbLK,55.0
663,0,LLvlNCEB,MUKiuGPJ,55.0
663,0,oXfrIVbN,LLvlNCEB,55.0
663,0,AFWGXQGm,oXfrIVbN,55.0
663,0,WTiRZunt,AFWGXQGm,32.0
663,0,RGyQypSn,WTiRZunt,32.0
663,0,jsUuEBbk,RGyQypSn,32.0
663,0,WCllcJIC,SEjojzMr,55.0
663,0,OXcUkifL,WCllcJIC,55.0
663,0,POsNTwnJ,OXcUkifL,58.0
663,0,rRGVruPM,POsNTwnJ,58.0
663,0,YmkUpvHU,rRGVruPM,58.0
663,0,GbYxEXTt,YmkUpvHU,68.0
663,0,DOGyniWl,GbYxEXTt,68.0
233,0,GpnhEWuy,QDIpIlEK,717.0
233,0,YmkUpvHU,GpnhEWuy,716.0
1623,0,yLtehlsl,iSMSiXHg,580.0
1623,0,ZfvMwthQ,yLtehlsl,580.0
1623,0,rWJbJwsc,ZfvMwthQ,580.0
401,0,eJfPkird,kgNzHUbI,5881.0
1244,0,MEVzYGii,xnBCUPNx,4218.0
1244,0,byZXHxZy,MEVzYGii,4261.0
616,0,wOZIcmuB,iPNesxKP,188.0
616,0,kWtooBDW,wOZIcmuB,188.0
616,0,jkuUxjyr,kWtooBDW,188.0
616,0,LvbzkrjO,jkuUxjyr,188.0
616,0,FXEtzSuC,LvbzkrjO,188.0
616,0,bpXNEOYE,FXEtzSuC,188.0
616,0,IIzQthVA,bpXNEOYE,188.0
1747,0,HrNWphPZ,nrKKniYe,5475.0
1747,0,jcbMPQjL,HrNWphPZ,5516.0
419,0,rlRRFZPO,eYoPTdNP,5933.0
458,0,JYcdyiOK,heyKMWAh,34.0
458,0,gDobDJgN,JYcdyiOK,34.0
458,0,gUXxyAlR,gDobDJgN,34.0
458,0,CfleTooC,gUXxyAlR,34.0
458,0,cEOIeJTR,CfleTooC,34.0
458,0,bWAbaUPC,cEOIeJTR,34.0
458,0,qrSNpKDz,bWAbaUPC,34.0
458,0,HrNWphPZ,qrSNpKDz,34.0
458,0,jcbMPQjL,HrNWphPZ,34.0
458,0,KbyuLDsq,jcbMPQjL,34.0
458,0,rBcsOnfo,KbyuLDsq,34.0
458,0,XAYndOhY,rBcsOnfo,34.0
458,0,cPCRxZjy,XAYndOhY,34.0
458,0,qpacHTVx,cPCRxZjy,34.0
458,0,klenweCZ,qpacHTVx,34.0
34,0,MEVzYGii,xnBCUPNx,5998.0
34,0,yQIotbyH,MEVzYGii,6081.0
1244,0,yQIotbyH,byZXHxZy,4212.0
458,0,wdBsZaVr,klenweCZ,5.0
458,0,FXEtzSuC,wdBsZaVr,5.0
458,0,bpXNEOYE,FXEtzSuC,5.0
458,0,IIzQthVA,bpXNEOYE,5.0
1441,0,LsuNFzpq,kVCEAUTv,1953.0
426,0,FZsFzszJ,gzTQJVMW,541.0
426,0,AoRkaUmb,FZsFzszJ,542.0
426,0,ALhaazBT,AoRkaUmb,542.0
426,0,AUmOMGnp,ALhaazBT,574.0
426,0,XFPAZveS,AUmOMGnp,582.0
426,0,gzTQJVMW,RVEyrwjR,516.0
481,0,WtSrfmmv,msSSSjFI,1109.0
481,0,lpqoYdNq,WtSrfmmv,1109.0
481,0,BIPxiHLi,lpqoYdNq,1105.0
481,0,yrMfCrKd,BIPxiHLi,1105.0
481,0,FJDNPLrp,yrMfCrKd,1261.0
1435,0,hpACGGyB,xzbhGFLT,9787.0
1435,0,VgUdLlOW,hpACGGyB,9758.0
1435,0,ywuGpANM,VgUdLlOW,9732.0
1435,0,BZCtSmhk,ywuGpANM,6522.0
1435,0,NbgxPNNK,BZCtSmhk,6374.0
1435,0,vOKcaAnW,NbgxPNNK,6192.0
1435,0,HOwZAROe,vOKcaAnW,6188.0
1435,0,opPTwucI,HOwZAROe,5559.0
1435,0,htzVSGDL,opPTwucI,5496.0
1435,0,KabAcwBq,htzVSGDL,5492.0
1435,0,HAmwZMhM,KabAcwBq,4417.0
1435,0,xgzyCPTg,HAmwZMhM,3991.0
1435,0,XWLETkPz,xgzyCPTg,3991.0
1435,0,RSQixiib,XWLETkPz,3991.0
1435,0,qrzeRBPC,RSQixiib,2809.0
1435,0,phXawcIY,qrzeRBPC,2809.0
1435,0,EXTmTMKf,phXawcIY,2809.0
762,0,hFISFuCO,BxmxkKGC,6480.0
762,0,fQRLOpha,hFISFuCO,6480.0
1435,0,ejMjPdTH,SVPLEqNI,9595.0
1435,0,CKorGRkE,ejMjPdTH,9595.0
1435,0,eaNsVWDR,CKorGRkE,9595.0
1435,0,xzbhGFLT,eaNsVWDR,9576.0
419,0,yQfeHodw,rlRRFZPO,4036.0
419,0,YEqGDaQm,yQfeHodw,4036.0
419,0,QjBtnCad,YEqGDaQm,4059.0
205,0,NPqatCDm,oBjbzljy,474.0
205,0,XiaLQvRI,NPqatCDm,476.0
205,0,gNlImmtJ,XiaLQvRI,485.0
205,0,kdVJdnYB,gNlImmtJ,485.0
205,0,nMidlhrd,kdVJdnYB,485.0
205,0,JODrgTwh,nMidlhrd,485.0
1747,0,WtSrfmmv,msSSSjFI,4757.0
1747,0,lpqoYdNq,WtSrfmmv,4908.0
1747,0,BIPxiHLi,lpqoYdNq,4880.0
1747,0,yrMfCrKd,BIPxiHLi,4880.0
1747,0,KHrhIPzf,yrMfCrKd,4921.0
204,0,xnBCUPNx,gaLZwYvS,213.0
204,0,MEVzYGii,xnBCUPNx,445.0
204,0,yQIotbyH,MEVzYGii,445.0
204,0,ZyxFjabk,yQIotbyH,954.0
204,0,RyfxjoUl,ZyxFjabk,954.0
204,0,QIQMIQBO,RyfxjoUl,1077.0
204,0,KHrhIPzf,QIQMIQBO,1299.0
209,0,HefnspWQ,czFfIymd,459.0
209,0,lDeAZniB,HefnspWQ,452.0
209,0,sDgMDbLK,lDeAZniB,452.0
209,0,MUKiuGPJ,sDgMDbLK,452.0
209,0,BIPxiHLi,MUKiuGPJ,452.0
209,0,yrMfCrKd,BIPxiHLi,452.0
209,0,KHrhIPzf,yrMfCrKd,452.0
665,0,fubLBmAl,DOGyniWl,163.0
665,0,zjSAMvDn,fubLBmAl,163.0
665,0,BYsSDXCP,zjSAMvDn,163.0
665,0,WtPVEKaC,BYsSDXCP,163.0
665,0,czFfIymd,WtPVEKaC,163.0
665,0,HefnspWQ,czFfIymd,20.0
665,0,lDeAZniB,HefnspWQ,20.0
665,0,sDgMDbLK,lDeAZniB,20.0
665,0,MUKiuGPJ,sDgMDbLK,20.0
665,0,BIPxiHLi,MUKiuGPJ,20.0
665,0,yrMfCrKd,BIPxiHLi,20.0
464,0,QHFmFyLR,EkWBPXmr,1243.0
464,0,neNWquOh,QHFmFyLR,1243.0
464,0,KwaxxmSs,neNWquOh,1243.0
464,0,gzZgDndk,KwaxxmSs,1243.0
464,0,NQaaFyOm,gzZgDndk,2641.0
464,0,iPNesxKP,NQaaFyOm,3314.0
464,0,lctVuVOk,iPNesxKP,3954.0
464,0,EocVuyzS,lctVuVOk,4219.0
464,0,lwcIkPvE,EocVuyzS,4219.0
464,0,suszCmcx,lwcIkPvE,4392.0
464,0,Fwqgdxfa,suszCmcx,4499.0
463,0,suszCmcx,ojYgsDtJ,2647.0
463,0,Fwqgdxfa,suszCmcx,1912.0
682,0,zfZPgPol,jkmSVBKz,940.0
682,0,YLjwrcCY,zfZPgPol,926.0
682,0,RfzcmazU,YLjwrcCY,987.0
682,0,jkmSVBKz,QkCkRebE,926.0
1747,0,DsuTXcIa,DCdKJxNH,4256.0
1747,0,bgWfLree,DsuTXcIa,5678.0
1747,0,nUYnioIh,bgWfLree,5678.0
1747,0,COReTzyE,nUYnioIh,5678.0
1747,0,DJsuwMnQ,COReTzyE,5973.0
1747,0,EfWhclss,DJsuwMnQ,5791.0
1747,0,SqxhBMol,EfWhclss,5528.0
1747,0,nrKKniYe,SqxhBMol,5761.0
1747,0,WAnDToyk,KHrhIPzf,4734.0
1747,0,UwPVTdeZ,WAnDToyk,4734.0
419,0,WAnDToyk,QjBtnCad,3540.0
419,0,UwPVTdeZ,WAnDToyk,3603.0
204,0,WAnDToyk,KHrhIPzf,1395.0
209,0,szQKyBKA,eBAbFKqQ,796.0
209,0,czFfIymd,szQKyBKA,796.0
209,0,WAnDToyk,KHrhIPzf,445.0
209,0,UwPVTdeZ,WAnDToyk,394.0
208,0,ThGrfpxl,SyufMOPd,293.0
208,0,TUpCuZAw,ThGrfpxl,963.0
208,0,HYfXIyFk,TUpCuZAw,1086.0
208,0,ILieppKf,HYfXIyFk,1124.0
209,0,STSGJiIu,TdfMaTlB,852.0
209,0,vpctkpYQ,STSGJiIu,854.0
209,0,wegNXhqe,vpctkpYQ,854.0
209,0,RZyHoyLx,wegNXhqe,854.0
209,0,kKHgYdYp,RZyHoyLx,854.0
209,0,eBAbFKqQ,kKHgYdYp,521.0
209,0,dbPZeeiE,LKVeVUNI,511.0
209,0,CsDsDrdU,dbPZeeiE,511.0
209,0,DGTEnFlN,CsDsDrdU,647.0
209,0,OPXtWBVk,DGTEnFlN,647.0
209,0,SvGtXrYj,OPXtWBVk,718.0
209,0,TdfMaTlB,SvGtXrYj,718.0
727,0,WhHfbZWj,lsBVGYKC,5097.0
1441,0,xbhuXgnr,JGydtICe,846.0
1441,0,zjGRmLyo,xbhuXgnr,847.0
1441,0,EXTmTMKf,zjGRmLyo,847.0
1441,0,yfIoPTHo,EXTmTMKf,847.0
1441,0,GnOurcjN,yfIoPTHo,847.0
1441,0,vHkAlmCm,GnOurcjN,1250.0
1441,0,WynPMslR,vHkAlmCm,1250.0
1441,0,qjwSVoCq,WynPMslR,956.0
1441,0,gyQqEnFq,qjwSVoCq,909.0
900,0,ZLWEzNmI,fTbQcCcQ,84.0
900,0,QeXyWyya,ZLWEzNmI,86.0
900,0,PifXIFet,QeXyWyya,90.0
900,0,tNmxviwt,PifXIFet,91.0
900,0,yHaTCNJc,tNmxviwt,91.0
356,0,QHFmFyLR,EkWBPXmr,1118.0
356,0,neNWquOh,QHFmFyLR,1118.0
356,0,KwaxxmSs,neNWquOh,1127.0
356,0,gzZgDndk,KwaxxmSs,1128.0
356,0,NQaaFyOm,gzZgDndk,3153.0
356,0,iPNesxKP,NQaaFyOm,3486.0
356,0,lctVuVOk,iPNesxKP,4175.0
356,0,EocVuyzS,lctVuVOk,4180.0
356,0,lwcIkPvE,EocVuyzS,4180.0
356,0,suszCmcx,lwcIkPvE,4241.0
356,0,UTBcifAN,suszCmcx,4614.0
227,0,AqgjLYqB,pPReLBCT,1208.0
227,0,QkCkRebE,AqgjLYqB,1208.0
227,0,RfzcmazU,XwcxmOai,1051.0
227,0,cEwgxjVO,RfzcmazU,988.0
1741,0,YmkUpvHU,qKeCDDXI,120.0
1741,0,GbYxEXTt,YmkUpvHU,120.0
1741,0,ItndWSiW,GbYxEXTt,120.0
1741,0,DOGyniWl,ItndWSiW,192.0
1741,0,fubLBmAl,DOGyniWl,192.0
1741,0,zjSAMvDn,fubLBmAl,192.0
1741,0,BYsSDXCP,zjSAMvDn,250.0
1741,0,WtPVEKaC,BYsSDXCP,199.0
1741,0,cniBuICf,WtPVEKaC,188.0
1741,0,LPfgjVyT,cniBuICf,188.0
1750,0,ULIlEdjB,XHLHCkqn,927.0
1750,0,zfmNZkKD,ULIlEdjB,901.0
852,0,nsbHlbAq,WhHfbZWj,156.0
852,0,cwgbfpqq,nsbHlbAq,156.0
852,0,fMrlznIn,cwgbfpqq,156.0
852,0,uXKxCjNA,fMrlznIn,156.0
852,0,bOiSLYGO,uXKxCjNA,156.0
481,0,suszCmcx,lwcIkPvE,993.0
1747,0,JovbzjVh,qDeoslSZ,2485.0
1747,0,DCdKJxNH,JovbzjVh,2978.0
449,0,eciAPzhn,RoAYEvND,133.0
449,0,tOfkaukv,eciAPzhn,133.0
449,0,exzjGTVf,tOfkaukv,133.0
449,0,CcTUkfkl,exzjGTVf,133.0
449,0,SqxhBMol,CcTUkfkl,133.0
449,0,vIqdsoZx,SqxhBMol,133.0
449,0,WPPGaTFA,vIqdsoZx,133.0
449,0,zavSPsgu,WPPGaTFA,133.0
449,0,UrQlyWkl,zavSPsgu,133.0
449,0,POdtxoZm,UrQlyWkl,209.0
449,0,YvLYpMPH,POdtxoZm,232.0
449,0,QnkNgkDL,YvLYpMPH,232.0
449,0,lctVuVOk,QnkNgkDL,232.0
449,0,EocVuyzS,lctVuVOk,232.0
449,0,suszCmcx,EocVuyzS,232.0
449,0,UTBcifAN,suszCmcx,232.0
682,0,cEwgxjVO,RfzcmazU,710.0
146,0,NPqatCDm,oBjbzljy,17.0
146,0,XiaLQvRI,NPqatCDm,17.0
146,0,gNlImmtJ,XiaLQvRI,17.0
146,0,kdVJdnYB,gNlImmtJ,17.0
146,0,nMidlhrd,kdVJdnYB,17.0
146,0,JODrgTwh,nMidlhrd,17.0
1065,0,OfWHUDWP,TQJSOMwc,371.0
1065,0,WdOwNGhj,xfbmoJHP,61.0
1065,0,kKKRBhFF,WdOwNGhj,9.0
1065,0,NFInfBeu,kKKRBhFF,9.0
1065,0,VCQdmIoF,NFInfBeu,9.0
1065,0,ePrpofUw,VCQdmIoF,9.0
1065,0,KcvPUxQg,ePrpofUw,9.0
1065,0,BlnSxBAr,KcvPUxQg,9.0
1065,0,TCBUGaZf,BlnSxBAr,9.0
1065,0,pzcCDVmZ,TCBUGaZf,9.0
1065,0,AUBTKFbY,pzcCDVmZ,9.0
1065,0,fjevhefZ,AUBTKFbY,9.0
1065,0,vyQyYYqJ,fjevhefZ,9.0
1065,0,ztLkgYlA,vyQyYYqJ,9.0
1065,0,IvQQZbJW,ztLkgYlA,9.0
1065,0,yaKWBgLg,IvQQZbJW,9.0
1065,0,lkujKSJT,yaKWBgLg,9.0
1065,0,twMezfOU,lkujKSJT,9.0
1065,0,OyJKKata,twMezfOU,9.0
34,0,taEXnGBL,yQIotbyH,5653.0
34,0,rZoajhYh,taEXnGBL,5653.0
481,0,rZoajhYh,taEXnGBL,1171.0
1140,0,QHFmFyLR,EkWBPXmr,682.0
1140,0,neNWquOh,QHFmFyLR,682.0
1140,0,KwaxxmSs,neNWquOh,682.0
1140,0,gzZgDndk,KwaxxmSs,682.0
1140,0,NQaaFyOm,gzZgDndk,1151.0
1140,0,iPNesxKP,NQaaFyOm,1273.0
1140,0,lctVuVOk,iPNesxKP,1450.0
1140,0,ZpgoacOO,lctVuVOk,1499.0
1140,0,eYoPTdNP,ZpgoacOO,1575.0
1140,0,rlRRFZPO,eYoPTdNP,1579.0
1140,0,JXTJImqP,rlRRFZPO,1579.0
1140,0,zZjujLYd,JXTJImqP,1579.0
1140,0,xaaBiNQT,zZjujLYd,1579.0
208,0,uwQliGwX,ILieppKf,1063.0
208,0,HUkyeYlq,uwQliGwX,1601.0
208,0,PYpgWopD,HUkyeYlq,1601.0
208,0,lDeAZniB,PYpgWopD,1601.0
663,0,KIvXTDlT,IvXmMOhB,21.0
663,0,TgzZcdmy,KIvXTDlT,21.0
663,0,SEjojzMr,TgzZcdmy,21.0
663,0,HcKLTTXk,lRwVVbKf,2.0
663,0,IvXmMOhB,HcKLTTXk,2.0
419,0,gbxdgQQp,UwPVTdeZ,3571.0
1747,0,gbxdgQQp,UwPVTdeZ,4563.0
1142,0,NXLrCKMp,xiTGCYEl,1849.0
1142,0,FyoAuDvn,NXLrCKMp,1849.0
1142,0,GpnhEWuy,FyoAuDvn,1855.0
1142,0,rRGVruPM,GpnhEWuy,1917.0
1142,0,mLBQtksd,rRGVruPM,1776.0
1142,0,knCDNjnp,mLBQtksd,2003.0
1142,0,nYVfIRsk,knCDNjnp,2003.0
1142,0,IHZGJZTs,nYVfIRsk,2004.0
1142,0,EcsZBajf,IHZGJZTs,2004.0
1142,0,iOuVBZzk,EcsZBajf,2225.0
204,0,HUkyeYlq,WAnDToyk,1379.0
204,0,PYpgWopD,HUkyeYlq,1480.0
204,0,lDeAZniB,PYpgWopD,1480.0
204,0,bLzlxnwB,lDeAZniB,1480.0
208,0,bLzlxnwB,lDeAZniB,1600.0
665,0,GpnhEWuy,QDIpIlEK,90.0
665,0,rRGVruPM,GpnhEWuy,90.0
665,0,YmkUpvHU,rRGVruPM,90.0
665,0,GbYxEXTt,YmkUpvHU,91.0
665,0,DOGyniWl,GbYxEXTt,91.0
481,0,msSSSjFI,suszCmcx,526.0
209,0,LKVeVUNI,BpAiVnps,430.0
205,0,EdqXvVeI,nPkrzCty,276.0
205,0,oBjbzljy,EdqXvVeI,276.0
356,0,HQVZivsH,UTBcifAN,3638.0
682,0,goaumTLR,jXeBpcDF,713.0
682,0,vNMxowJX,goaumTLR,713.0
682,0,voZaDctr,vNMxowJX,713.0
682,0,rDcmNjNB,voZaDctr,713.0
682,0,pPReLBCT,rDcmNjNB,713.0
682,0,AqgjLYqB,pPReLBCT,713.0
682,0,QkCkRebE,AqgjLYqB,713.0
682,0,fRBexIzo,cEwgxjVO,781.0
204,0,wSspaAkq,bLzlxnwB,1702.0
204,0,NppIhzQC,wSspaAkq,1702.0
204,0,WtPVEKaC,NppIhzQC,1673.0
204,0,tTrMaEIS,WtPVEKaC,974.0
204,0,WeXgsZLY,tTrMaEIS,974.0
685,0,qrSNpKDz,bWAbaUPC,845.0
685,0,HrNWphPZ,qrSNpKDz,1033.0
685,0,XwcxmOai,HrNWphPZ,1003.0
685,0,RfzcmazU,XwcxmOai,1003.0
685,0,cEwgxjVO,RfzcmazU,847.0
685,0,fRBexIzo,cEwgxjVO,847.0
685,0,qKDzyFqg,ERcEoUXY,720.0
685,0,uKbbRztG,qKDzyFqg,699.0
685,0,cEOIeJTR,uKbbRztG,1008.0
685,0,bWAbaUPC,cEOIeJTR,1030.0
227,0,fRBexIzo,cEwgxjVO,1008.0
227,0,nDzrviXX,fRBexIzo,1008.0
682,0,VCDwRKse,TPsFloRu,531.0
682,0,lZYsrfVZ,VCDwRKse,531.0
682,0,jXeBpcDF,lZYsrfVZ,532.0
682,0,JGbfxLUL,KQSHMGnw,280.0
682,0,IjwLXBRx,JGbfxLUL,280.0
682,0,TPsFloRu,IjwLXBRx,280.0
1255,0,EmkugZPX,XMWgellz,1314.0
1255,0,lmZJehpq,EmkugZPX,1304.0
1255,0,tDDddUJb,lmZJehpq,1304.0
1255,0,RVGhYAxc,tDDddUJb,1203.0
1255,0,BpAiVnps,RVGhYAxc,678.0
852,0,WhHfbZWj,lsBVGYKC,52.0
356,0,DeiIsjyA,HQVZivsH,3197.0
486,0,uBFbbvHN,duRJdiSr,67.0
486,0,YjUiSglA,uBFbbvHN,67.0
486,0,xPaGbpFW,YjUiSglA,67.0
486,0,LJLjKFnn,xPaGbpFW,67.0
486,0,gzZgDndk,LJLjKFnn,67.0
486,0,NQaaFyOm,gzZgDndk,47.0
143,0,YmkUpvHU,rRGVruPM,227.0
1750,0,GTWLqqnN,JafVjQhg,746.0
1750,0,wefAcLKj,GTWLqqnN,751.0
1750,0,XHLHCkqn,wefAcLKj,751.0
1418,0,SapgsLPr,JPWycazw,2782.0
1418,0,OyAyNkqZ,SapgsLPr,2817.0
419,0,HeRWBWAv,gbxdgQQp,3545.0
419,0,YmDpkIHQ,HeRWBWAv,3545.0
34,0,NuyYqrDq,rZoajhYh,6092.0
1244,0,taEXnGBL,yQIotbyH,3965.0
1244,0,rZoajhYh,taEXnGBL,3965.0
1244,0,LccdLENM,rZoajhYh,3454.0
1244,0,BaKUDeNn,LccdLENM,3454.0
1244,0,NuyYqrDq,BaKUDeNn,1262.0
1747,0,HeRWBWAv,gbxdgQQp,4569.0
1747,0,xjaGpszF,HeRWBWAv,4569.0
214,0,yYSDLmlm,ydoNqUsu,1162.0
214,0,FDCDnriY,yYSDLmlm,1326.0
214,0,hLEWSLqw,FDCDnriY,1326.0
727,0,mSXRukCc,kjxfKqbD,4240.0
727,0,FFGyTMvJ,mSXRukCc,4240.0
727,0,lsBVGYKC,FFGyTMvJ,4288.0
1142,0,oBjbzljy,sZwmfbNt,546.0
1142,0,aYSqaQmJ,oBjbzljy,567.0
1142,0,PjfwSZnl,aYSqaQmJ,1140.0
1142,0,mLFZUgfn,PjfwSZnl,1231.0
1142,0,ftrZKujQ,mLFZUgfn,1231.0
1142,0,yXKTuRtI,ftrZKujQ,1231.0
1142,0,yFEIEiOj,yXKTuRtI,1229.0
1142,0,dlzglDFV,yFEIEiOj,1247.0
1142,0,pZATYgJX,dlzglDFV,1247.0
1142,0,DkqFSkSd,pZATYgJX,1247.0
1142,0,bZroqIhX,DkqFSkSd,1247.0
1142,0,cNuIRYrx,bZroqIhX,1305.0
1142,0,yNIUaSyZ,cNuIRYrx,1288.0
1142,0,xiTGCYEl,yNIUaSyZ,1288.0
1506,0,EVAUYvVR,JKFFGKvY,10237.0
1506,0,GYfZYaJh,EVAUYvVR,10202.0
1506,0,WFZVQzrl,GYfZYaJh,8601.0
425,0,jFRqfnFl,gmsNDepi,415.0
425,0,ysSWNERo,jFRqfnFl,415.0
425,0,lQIpGOTn,ysSWNERo,415.0
425,0,uhUmvvRs,lQIpGOTn,415.0
425,0,GgLRqpEG,uhUmvvRs,415.0
425,0,WFZVQzrl,GgLRqpEG,415.0
425,0,QDIpIlEK,WFZVQzrl,237.0
425,0,GpnhEWuy,QDIpIlEK,125.0
425,0,mLBQtksd,GpnhEWuy,123.0
425,0,rFvOiVZU,mLBQtksd,32.0
425,0,ezbmnBKa,rFvOiVZU,32.0
425,0,aaOdCJPr,ezbmnBKa,32.0
425,0,EZnTnoxs,aaOdCJPr,32.0
425,0,faYOimYm,EZnTnoxs,32.0
425,0,UGcgYMSg,faYOimYm,32.0
425,0,ThGrfpxl,UGcgYMSg,32.0
727,0,CEZTRnUo,qflzswAf,3622.0
727,0,funWfCdm,CEZTRnUo,3622.0
727,0,rnFrOJMw,funWfCdm,3622.0
727,0,MklhhYCQ,rnFrOJMw,3636.0
727,0,nzTRQfUi,MklhhYCQ,3668.0
727,0,nhSXMXjw,nzTRQfUi,3687.0
727,0,kjxfKqbD,nhSXMXjw,3703.0
685,0,QncWjmnC,LBOtcvsG,801.0
685,0,ERcEoUXY,QncWjmnC,801.0
481,0,yyqygEVd,rZoajhYh,925.0
481,0,LccdLENM,yyqygEVd,925.0
481,0,BaKUDeNn,LccdLENM,925.0
209,0,FYNyHfeM,UwPVTdeZ,285.0
209,0,gbxdgQQp,FYNyHfeM,285.0
209,0,HeRWBWAv,gbxdgQQp,285.0
209,0,SyufMOPd,HeRWBWAv,285.0
429,0,KplKuAnp,iYMJvRAf,4.0
429,0,FTwVCxQy,KplKuAnp,4.0
429,0,xnBCUPNx,FTwVCxQy,45.0
429,0,MEVzYGii,xnBCUPNx,45.0
429,0,ZyxFjabk,MEVzYGii,45.0
429,0,RyfxjoUl,ZyxFjabk,82.0
429,0,WAnDToyk,RyfxjoUl,82.0
429,0,DvHSShZC,WAnDToyk,82.0
429,0,gbxdgQQp,DvHSShZC,97.0
429,0,HeRWBWAv,gbxdgQQp,97.0
429,0,nObXmJzU,HeRWBWAv,195.0
429,0,ScxuUYRs,nObXmJzU,207.0
429,0,HzpUPWzy,ScxuUYRs,211.0
664,0,rlRRFZPO,BOjJhphU,141.0
664,0,JXTJImqP,rlRRFZPO,141.0
664,0,zZjujLYd,JXTJImqP,141.0
664,0,tkQUdzPW,zZjujLYd,152.0
664,0,xaaBiNQT,tkQUdzPW,152.0
664,0,eddhjHaw,xaaBiNQT,252.0
664,0,HzpUPWzy,eddhjHaw,252.0
1398,0,ZIPCqImv,ciAbSxQX,576.0
1398,0,aWNaUdzp,ZIPCqImv,576.0
1398,0,FCsbIOBe,aWNaUdzp,1357.0
1398,0,wyEQXfIU,FCsbIOBe,1357.0
1398,0,aRKvwhNi,wyEQXfIU,1357.0
1398,0,lsBVGYKC,aRKvwhNi,1357.0
1398,0,WhHfbZWj,lsBVGYKC,1357.0
1398,0,nsbHlbAq,WhHfbZWj,953.0
1398,0,cwgbfpqq,nsbHlbAq,953.0
1398,0,fMrlznIn,cwgbfpqq,953.0
1398,0,uXKxCjNA,fMrlznIn,953.0
1398,0,bOiSLYGO,uXKxCjNA,953.0
1398,0,mhgPTzcZ,bOiSLYGO,849.0
1398,0,WFZVQzrl,mhgPTzcZ,621.0
1398,0,tRncbstl,WFZVQzrl,419.0
1398,0,QDIpIlEK,tRncbstl,414.0
1398,0,GpnhEWuy,QDIpIlEK,303.0
1398,0,YmkUpvHU,GpnhEWuy,235.0
1398,0,GbYxEXTt,YmkUpvHU,233.0
1398,0,DOGyniWl,GbYxEXTt,18.0
1398,0,fubLBmAl,DOGyniWl,18.0
1398,0,zjSAMvDn,fubLBmAl,18.0
1398,0,BYsSDXCP,zjSAMvDn,1.0
227,0,QgwCgjAi,nDzrviXX,962.0
227,0,zAwPDfkg,QgwCgjAi,246.0
356,0,anWZyaGW,DeiIsjyA,3278.0
1741,0,RfEbENxd,jQaLNViL,53.0
1741,0,uxsctOEt,RfEbENxd,64.0
1741,0,UfJDroVz,uxsctOEt,64.0
1741,0,biJBLznK,UfJDroVz,64.0
1741,0,TcsyXYNn,biJBLznK,64.0
1741,0,qKeCDDXI,TcsyXYNn,64.0
34,0,gpaAUChy,NuyYqrDq,6804.0
1244,0,FRJCPtXT,NuyYqrDq,1257.0
1244,0,lWMzEGsN,FRJCPtXT,1257.0
1244,0,IgEBJNwX,lWMzEGsN,1257.0
1471,0,iPNesxKP,NQaaFyOm,2216.0
1471,0,lctVuVOk,iPNesxKP,2290.0
1471,0,iLaGOhZk,lctVuVOk,3424.0
1471,0,ZpgoacOO,iLaGOhZk,3424.0
1471,0,eYoPTdNP,ZpgoacOO,3892.0
1471,0,rlRRFZPO,eYoPTdNP,3892.0
1471,0,YEqGDaQm,rlRRFZPO,3927.0
1471,0,QjBtnCad,YEqGDaQm,3927.0
1471,0,WAnDToyk,QjBtnCad,3927.0
1471,0,UwPVTdeZ,WAnDToyk,3927.0
1471,0,gbxdgQQp,UwPVTdeZ,3927.0
1471,0,HeRWBWAv,gbxdgQQp,3930.0
1471,0,xjaGpszF,HeRWBWAv,3930.0
1471,0,ALSylDBQ,xjaGpszF,3930.0
1471,0,CTdLzzOf,ALSylDBQ,4534.0
1471,0,MOTjsakF,CTdLzzOf,4534.0
1747,0,CTdLzzOf,xjaGpszF,3496.0
1747,0,IgEBJNwX,CTdLzzOf,3496.0
1471,0,NQaaFyOm,gzZgDndk,1749.0
356,0,OrbXRiVv,anWZyaGW,2955.0
448,0,QontmjvH,JIllbhjr,2.0
448,0,flXjJYer,QontmjvH,2.0
448,0,oBtsEQRM,flXjJYer,2.0
448,0,uxsctOEt,oBtsEQRM,2.0
448,0,lsFGVtlq,uxsctOEt,2.0
448,0,UfJDroVz,lsFGVtlq,2.0
448,0,biJBLznK,UfJDroVz,2.0
448,0,TcsyXYNn,biJBLznK,2.0
448,0,qKeCDDXI,TcsyXYNn,2.0
448,0,YmkUpvHU,qKeCDDXI,2.0
448,0,GbYxEXTt,YmkUpvHU,2.0
448,0,ItndWSiW,GbYxEXTt,2.0
448,0,DOGyniWl,ItndWSiW,2.0
448,0,fubLBmAl,DOGyniWl,2.0
448,0,zjSAMvDn,fubLBmAl,2.0
1741,0,jQaLNViL,gyQqEnFq,2.0
798,0,PXPVuGmP,fQRLOpha,78.0
798,0,IulxyPoH,PXPVuGmP,78.0
449,0,HQVZivsH,UTBcifAN,204.0
449,0,DeiIsjyA,HQVZivsH,204.0
449,0,anWZyaGW,DeiIsjyA,265.0
449,0,OrbXRiVv,anWZyaGW,294.0
685,0,XtlnoPeE,fRBexIzo,831.0
685,0,eTJQHplR,XtlnoPeE,767.0
685,0,bZroqIhX,eTJQHplR,1165.0
682,0,XtlnoPeE,fRBexIzo,713.0
682,0,eTJQHplR,XtlnoPeE,603.0
682,0,bZroqIhX,eTJQHplR,1187.0
1398,0,TEKQTTfp,YzXnYVPd,382.0
1398,0,ciAbSxQX,TEKQTTfp,382.0
852,0,CEZTRnUo,qflzswAf,13.0
852,0,funWfCdm,CEZTRnUo,13.0
852,0,rnFrOJMw,funWfCdm,13.0
852,0,MklhhYCQ,rnFrOJMw,13.0
852,0,nzTRQfUi,MklhhYCQ,13.0
852,0,nhSXMXjw,nzTRQfUi,13.0
852,0,kjxfKqbD,nhSXMXjw,13.0
852,0,mSXRukCc,kjxfKqbD,13.0
852,0,FFGyTMvJ,mSXRukCc,13.0
852,0,eyAJPdep,FFGyTMvJ,13.0
852,0,lsBVGYKC,eyAJPdep,13.0
1398,0,MhxjGQjy,mhYSfvAq,261.0
1398,0,EhUxMFuQ,MhxjGQjy,261.0
1398,0,HZcfHzwe,EhUxMFuQ,261.0
1398,0,KcDUQTDz,HZcfHzwe,267.0
1398,0,qoWOoICL,KcDUQTDz,267.0
1398,0,FwybjYQK,qoWOoICL,267.0
1398,0,ZuDlysuz,FwybjYQK,313.0
1398,0,IkwHYYuh,ZuDlysuz,313.0
1398,0,YzXnYVPd,IkwHYYuh,313.0
1140,0,eddhjHaw,xaaBiNQT,1293.0
1140,0,MmtauPfr,eddhjHaw,1293.0
482,0,EtvjcvTp,CKNrjFUU,1.0
429,0,NmoBNBiw,HzpUPWzy,434.0
429,0,MmtauPfr,NmoBNBiw,434.0
108,0,WdOwNGhj,xfbmoJHP,5955.0
108,0,kKKRBhFF,WdOwNGhj,5955.0
108,0,NFInfBeu,kKKRBhFF,6505.0
108,0,VCQdmIoF,NFInfBeu,6505.0
108,0,ePrpofUw,VCQdmIoF,6505.0
108,0,KcvPUxQg,ePrpofUw,7448.0
108,0,BlnSxBAr,KcvPUxQg,7705.0
108,0,TCBUGaZf,BlnSxBAr,7778.0
108,0,EmkugZPX,xTOrUJFO,11177.0
108,0,lmZJehpq,EmkugZPX,11050.0
108,0,tDDddUJb,lmZJehpq,11050.0
1506,0,LKVeVUNI,BpAiVnps,11888.0
1506,0,dbPZeeiE,LKVeVUNI,13088.0
1506,0,CsDsDrdU,dbPZeeiE,12473.0
1506,0,rJRvqICk,CsDsDrdU,11183.0
1506,0,AmahvgQB,rJRvqICk,10804.0
1506,0,aYSqaQmJ,AmahvgQB,10512.0
1512,0,iPNesxKP,NQaaFyOm,6452.0
1512,0,lctVuVOk,iPNesxKP,8447.0
1512,0,EocVuyzS,lctVuVOk,8588.0
1512,0,lwcIkPvE,EocVuyzS,8588.0
1512,0,suszCmcx,lwcIkPvE,8605.0
1512,0,UTBcifAN,suszCmcx,9437.0
1512,0,HQVZivsH,UTBcifAN,11629.0
1512,0,DeiIsjyA,HQVZivsH,11629.0
1512,0,anWZyaGW,DeiIsjyA,13979.0
1512,0,OrbXRiVv,anWZyaGW,14147.0
1512,0,cNuIRYrx,OrbXRiVv,14441.0
34,0,IgEBJNwX,gpaAUChy,6198.0
34,0,NCVzutVL,IgEBJNwX,6177.0
1244,0,DSOJysaP,IgEBJNwX,1361.0
682,0,cNuIRYrx,bZroqIhX,1090.0
682,0,yNIUaSyZ,cNuIRYrx,1088.0
682,0,xiTGCYEl,yNIUaSyZ,1088.0
682,0,NXLrCKMp,xiTGCYEl,967.0
682,0,FyoAuDvn,NXLrCKMp,967.0
682,0,GpnhEWuy,FyoAuDvn,964.0
682,0,mLBQtksd,GpnhEWuy,962.0
682,0,knCDNjnp,mLBQtksd,712.0
682,0,nYVfIRsk,knCDNjnp,712.0
682,0,IHZGJZTs,nYVfIRsk,712.0
449,0,cNuIRYrx,OrbXRiVv,235.0
449,0,yNIUaSyZ,cNuIRYrx,235.0
449,0,xiTGCYEl,yNIUaSyZ,235.0
449,0,NXLrCKMp,xiTGCYEl,148.0
449,0,FyoAuDvn,NXLrCKMp,148.0
449,0,GpnhEWuy,FyoAuDvn,148.0
449,0,mLBQtksd,GpnhEWuy,148.0
449,0,knCDNjnp,mLBQtksd,82.0
449,0,nYVfIRsk,knCDNjnp,82.0
449,0,IHZGJZTs,nYVfIRsk,82.0
449,0,EcsZBajf,IHZGJZTs,82.0
1747,0,Yhslgmod,IgEBJNwX,2755.0
1471,0,IgEBJNwX,MOTjsakF,4093.0
1471,0,NCVzutVL,IgEBJNwX,4563.0
1140,0,LtGOEkbi,MmtauPfr,1094.0
1140,0,YGTBEvoR,LtGOEkbi,1076.0
1140,0,nYVfIRsk,YGTBEvoR,696.0
1453,0,lsFGVtlq,NUTqiXnx,282.0
1365,0,GpnhEWuy,QDIpIlEK,5599.0
1365,0,rRGVruPM,GpnhEWuy,5594.0
1365,0,mLBQtksd,rRGVruPM,5336.0
1365,0,knCDNjnp,mLBQtksd,4197.0
1365,0,nYVfIRsk,knCDNjnp,4197.0
1365,0,IHZGJZTs,nYVfIRsk,4197.0
1365,0,EcsZBajf,IHZGJZTs,4197.0
1318,0,eTJQHplR,XqVVjUzr,6351.0
712,0,BpAiVnps,RVGhYAxc,2301.0
1365,0,LKVeVUNI,BpAiVnps,2951.0
1365,0,dbPZeeiE,LKVeVUNI,3545.0
1365,0,CsDsDrdU,dbPZeeiE,3754.0
1365,0,rJRvqICk,CsDsDrdU,3813.0
1365,0,AmahvgQB,rJRvqICk,3889.0
1365,0,zgCGmKZn,AmahvgQB,3902.0
1365,0,JKFFGKvY,zgCGmKZn,4860.0
1365,0,EVAUYvVR,JKFFGKvY,5080.0
1365,0,GYfZYaJh,EVAUYvVR,5080.0
1365,0,WFZVQzrl,GYfZYaJh,5282.0
1365,0,QDIpIlEK,WFZVQzrl,5430.0
1318,0,STSGJiIu,TdfMaTlB,4216.0
1318,0,vpctkpYQ,STSGJiIu,4540.0
1318,0,XqVVjUzr,vpctkpYQ,4846.0
1467,0,bZroqIhX,eTJQHplR,748.0
1467,0,cNuIRYrx,bZroqIhX,760.0
725,0,CTdLzzOf,YmDpkIHQ,1039.0
725,0,MOTjsakF,CTdLzzOf,1039.0
725,0,IgEBJNwX,MOTjsakF,1039.0
725,0,Yhslgmod,IgEBJNwX,2031.0
725,0,UfJDroVz,Yhslgmod,2134.0
1471,0,Yhslgmod,NCVzutVL,4488.0
1512,0,QHFmFyLR,EkWBPXmr,2524.0
1512,0,neNWquOh,QHFmFyLR,2524.0
1512,0,KwaxxmSs,neNWquOh,2578.0
1512,0,gzZgDndk,KwaxxmSs,2599.0
1512,0,NQaaFyOm,gzZgDndk,5694.0
1512,0,yNIUaSyZ,cNuIRYrx,14442.0
1512,0,xiTGCYEl,yNIUaSyZ,14442.0
47,0,fGmFhgnx,rckblBTM,11324.0
47,0,XyHfgUxW,fGmFhgnx,10118.0
47,0,zjjLSYAp,XyHfgUxW,10200.0
47,0,nIakFMcq,zjjLSYAp,10185.0
664,0,QJswlIXy,HzpUPWzy,224.0
664,0,OrbXRiVv,QJswlIXy,224.0
664,0,cNuIRYrx,OrbXRiVv,250.0
664,0,yNIUaSyZ,cNuIRYrx,250.0
664,0,xiTGCYEl,yNIUaSyZ,250.0
725,0,biJBLznK,UfJDroVz,2127.0
725,0,TcsyXYNn,biJBLznK,2127.0
725,0,qKeCDDXI,TcsyXYNn,2770.0
725,0,YmkUpvHU,qKeCDDXI,2547.0
528,0,GbYxEXTt,YmkUpvHU,2438.0
528,0,ItndWSiW,GbYxEXTt,2438.0
1141,0,UfJDroVz,lsFGVtlq,493.0
1141,0,biJBLznK,UfJDroVz,493.0
1141,0,TcsyXYNn,biJBLznK,493.0
1141,0,qKeCDDXI,TcsyXYNn,493.0
1141,0,YmkUpvHU,qKeCDDXI,468.0
1141,0,GbYxEXTt,YmkUpvHU,468.0
233,0,GbYxEXTt,YmkUpvHU,520.0
233,0,ItndWSiW,GbYxEXTt,520.0
1366,0,jQaLNViL,gyQqEnFq,1962.0
1366,0,RfEbENxd,jQaLNViL,2286.0
1366,0,UFoaQvGg,RfEbENxd,4330.0
1366,0,uxsctOEt,UFoaQvGg,4330.0
1366,0,lsFGVtlq,uxsctOEt,4347.0
1366,0,UfJDroVz,lsFGVtlq,4359.0
1366,0,biJBLznK,UfJDroVz,4359.0
1366,0,HrrdJKJb,biJBLznK,4359.0
1366,0,qKeCDDXI,HrrdJKJb,4359.0
528,0,IESGsZGI,QDIpIlEK,2136.0
528,0,GpnhEWuy,IESGsZGI,2136.0
528,0,rRGVruPM,GpnhEWuy,2148.0
528,0,YmkUpvHU,rRGVruPM,2183.0
528,0,KIvXTDlT,mexFgKBp,5705.0
528,0,TgzZcdmy,KIvXTDlT,5762.0
1468,0,PZviXSbJ,hHvKehYu,6.0
253,0,WhHfbZWj,lsBVGYKC,234.0
253,0,nsbHlbAq,WhHfbZWj,480.0
253,0,cwgbfpqq,nsbHlbAq,480.0
253,0,fMrlznIn,cwgbfpqq,480.0
253,0,uXKxCjNA,fMrlznIn,480.0
253,0,bOiSLYGO,uXKxCjNA,480.0
253,0,WFZVQzrl,bOiSLYGO,632.0
253,0,GiONHkbf,WFZVQzrl,632.0
253,0,QDIpIlEK,GiONHkbf,632.0
253,0,GpnhEWuy,QDIpIlEK,632.0
253,0,YmkUpvHU,GpnhEWuy,632.0
253,0,GbYxEXTt,YmkUpvHU,631.0
233,0,WavUqaXE,RxHTaOMh,2227.0
233,0,XHLHCkqn,WavUqaXE,2338.0
233,0,ULIlEdjB,XHLHCkqn,1596.0
233,0,zfmNZkKD,ULIlEdjB,1591.0
233,0,zVMCvpDh,zfmNZkKD,956.0
233,0,nOepWjtB,zVMCvpDh,956.0
233,0,kNXaohyL,nOepWjtB,956.0
233,0,gJicbLzN,kNXaohyL,956.0
233,0,lRwVVbKf,gJicbLzN,946.0
233,0,kXOxEoFm,lRwVVbKf,1461.0
233,0,EFeZyZmg,kXOxEoFm,1461.0
528,0,mexFgKBp,NrNaZyPp,681.0
803,0,GbYxEXTt,YmkUpvHU,100.0
803,0,ItndWSiW,GbYxEXTt,100.0
1554,0,udTxdaUq,YmkUpvHU,27.0
1554,0,ItndWSiW,udTxdaUq,27.0
821,0,FgbDpeSh,fvMkSwKl,20.0
685,0,cNuIRYrx,bZroqIhX,1163.0
685,0,yNIUaSyZ,cNuIRYrx,1163.0
685,0,xiTGCYEl,yNIUaSyZ,1163.0
1748,0,bZroqIhX,eTJQHplR,1884.0
1748,0,yNIUaSyZ,bZroqIhX,2146.0
1748,0,xiTGCYEl,yNIUaSyZ,2146.0
1142,0,EGZEcfNZ,lqMPnIra,169.0
1142,0,SgGmeaHk,EGZEcfNZ,169.0
1142,0,tpTDqbZI,SgGmeaHk,226.0
1142,0,hhrNEaMZ,tpTDqbZI,226.0
1142,0,BeiMHrtx,hhrNEaMZ,226.0
1142,0,sZwmfbNt,BeiMHrtx,251.0
253,0,mSXRukCc,kjxfKqbD,201.0
253,0,FFGyTMvJ,mSXRukCc,201.0
253,0,lsBVGYKC,FFGyTMvJ,201.0
319,0,EdqXvVeI,nPkrzCty,693.0
319,0,oBjbzljy,EdqXvVeI,693.0
313,0,EmkugZPX,KjgVoxgR,2108.0
313,0,lmZJehpq,EmkugZPX,2056.0
313,0,RVGhYAxc,lmZJehpq,2056.0
313,0,BpAiVnps,RVGhYAxc,1957.0
313,0,LKVeVUNI,BpAiVnps,1716.0
313,0,dbPZeeiE,LKVeVUNI,1365.0
313,0,CsDsDrdU,dbPZeeiE,1348.0
313,0,rJRvqICk,CsDsDrdU,1126.0
313,0,AmahvgQB,rJRvqICk,1126.0
313,0,aYSqaQmJ,AmahvgQB,1100.0
1318,0,SvGtXrYj,OPXtWBVk,4470.0
1318,0,TdfMaTlB,SvGtXrYj,4470.0
866,0,zKrYjMnL,AGvhWyhD,2153.0
866,0,tRncbstl,WFZVQzrl,535.0
866,0,GiONHkbf,tRncbstl,535.0
866,0,QDIpIlEK,GiONHkbf,466.0
866,0,GpnhEWuy,QDIpIlEK,322.0
866,0,rRGVruPM,GpnhEWuy,322.0
866,0,YmkUpvHU,rRGVruPM,291.0
866,0,GbYxEXTt,YmkUpvHU,141.0
866,0,ItndWSiW,GbYxEXTt,141.0
253,0,CEZTRnUo,qflzswAf,196.0
253,0,funWfCdm,CEZTRnUo,196.0
253,0,rnFrOJMw,funWfCdm,196.0
253,0,MklhhYCQ,rnFrOJMw,196.0
253,0,nzTRQfUi,MklhhYCQ,196.0
253,0,nhSXMXjw,nzTRQfUi,196.0
253,0,kjxfKqbD,nhSXMXjw,196.0
1124,0,WhRBEXGR,JbCujTci,140.0
1124,0,wRBXcbqq,WhRBEXGR,187.0
1124,0,XXYtSQEl,wRBXcbqq,187.0
1124,0,MklhhYCQ,XXYtSQEl,187.0
1124,0,nzTRQfUi,MklhhYCQ,187.0
1124,0,nhSXMXjw,nzTRQfUi,162.0
1124,0,kjxfKqbD,nhSXMXjw,150.0
1124,0,mSXRukCc,kjxfKqbD,150.0
1124,0,FFGyTMvJ,mSXRukCc,150.0
1124,0,lsBVGYKC,FFGyTMvJ,149.0
1124,0,WhHfbZWj,lsBVGYKC,149.0
1124,0,nsbHlbAq,WhHfbZWj,129.0
1124,0,cwgbfpqq,nsbHlbAq,129.0
1124,0,fMrlznIn,cwgbfpqq,129.0
1124,0,uXKxCjNA,fMrlznIn,129.0
1124,0,bOiSLYGO,uXKxCjNA,129.0
1124,0,mhgPTzcZ,bOiSLYGO,123.0
1124,0,WFZVQzrl,mhgPTzcZ,120.0
1124,0,GiONHkbf,WFZVQzrl,106.0
1124,0,QDIpIlEK,GiONHkbf,43.0
1124,0,GpnhEWuy,QDIpIlEK,30.0
1124,0,YmkUpvHU,GpnhEWuy,7.0
1124,0,GbYxEXTt,YmkUpvHU,7.0
1124,0,kjmHgYUi,pTTspriv,72.0
1124,0,UHSPJyEW,kjmHgYUi,72.0
1124,0,dOTSUZHl,UHSPJyEW,72.0
1124,0,ITdbUezF,dOTSUZHl,72.0
1124,0,UCTWITih,ITdbUezF,72.0
1124,0,HnEviCBr,UCTWITih,72.0
1124,0,nCgrSQNi,HnEviCBr,83.0
1124,0,KyrNRMTR,nCgrSQNi,83.0
1052,0,OyJKKata,twMezfOU,17.0
1052,0,duRJdiSr,OyJKKata,17.0
1141,0,QontmjvH,JIllbhjr,228.0
1141,0,flXjJYer,QontmjvH,228.0
1141,0,oBtsEQRM,flXjJYer,228.0
1141,0,UFoaQvGg,oBtsEQRM,384.0
1141,0,uxsctOEt,UFoaQvGg,384.0
1141,0,lsFGVtlq,uxsctOEt,390.0
1453,0,FcnKVDJl,jQytwadI,1690.0
1453,0,mIuUuYnu,FcnKVDJl,1690.0
1453,0,OUTzwMHI,mIuUuYnu,1186.0
1453,0,JZbiEaEt,LsuNFzpq,5767.0
1453,0,RchOKnYD,JZbiEaEt,6133.0
1453,0,BMDeXhVp,RchOKnYD,6133.0
1453,0,jQytwadI,BMDeXhVp,6133.0
1512,0,NXLrCKMp,xiTGCYEl,13401.0
1512,0,FyoAuDvn,NXLrCKMp,13401.0
108,0,RVGhYAxc,tDDddUJb,10151.0
108,0,BpAiVnps,RVGhYAxc,7040.0
429,0,FBwCHGmG,MmtauPfr,1103.0
429,0,cEsQRYAp,FBwCHGmG,1103.0
429,0,qKeCDDXI,cEsQRYAp,1103.0
1733,0,hCbDNPhh,kzneBolb,94.0
1733,0,oFLgHrco,hCbDNPhh,94.0
1733,0,yrWAEsGy,oFLgHrco,94.0
1733,0,qGIkRenz,yrWAEsGy,94.0
1733,0,ytUqATXS,qGIkRenz,94.0
1733,0,TcsyXYNn,ytUqATXS,94.0
1733,0,qKeCDDXI,TcsyXYNn,94.0
273,0,qvujbmjR,mKIQRbrs,2678.0
273,0,SqxhBMol,qvujbmjR,2635.0
273,0,nrKKniYe,SqxhBMol,2046.0
273,0,SWnceHEw,nrKKniYe,1964.0
685,0,NXLrCKMp,xiTGCYEl,1120.0
685,0,FyoAuDvn,NXLrCKMp,1120.0
685,0,GpnhEWuy,FyoAuDvn,729.0
685,0,mLBQtksd,GpnhEWuy,729.0
235,0,SlfNpref,aUPouXsN,7624.0
235,0,nrKKniYe,SlfNpref,7624.0
235,0,AjJCgCBk,nrKKniYe,7063.0
369,0,bZroqIhX,eTJQHplR,1233.0
369,0,cNuIRYrx,bZroqIhX,1385.0
369,0,yNIUaSyZ,cNuIRYrx,1385.0
369,0,xiTGCYEl,yNIUaSyZ,1385.0
369,0,NXLrCKMp,xiTGCYEl,2174.0
369,0,FyoAuDvn,NXLrCKMp,2174.0
369,0,GpnhEWuy,FyoAuDvn,2199.0
369,0,rRGVruPM,GpnhEWuy,2354.0
369,0,mLBQtksd,rRGVruPM,2421.0
1358,0,lOYrQfzi,oajqUPaH,1030.0
1358,0,iuewtDUr,lOYrQfzi,1035.0
1358,0,KdEmbmsx,iuewtDUr,1035.0
1358,0,GkYZbgqg,KdEmbmsx,1035.0
1358,0,FlYjxOxQ,GkYZbgqg,1035.0
1358,0,wFSILCzc,FlYjxOxQ,1035.0
1358,0,yQQuLFAg,wFSILCzc,1035.0
1358,0,rckblBTM,yQQuLFAg,1035.0
1358,0,fGmFhgnx,rckblBTM,1035.0
1358,0,XyHfgUxW,fGmFhgnx,659.0
1358,0,zjjLSYAp,XyHfgUxW,659.0
1358,0,nIakFMcq,zjjLSYAp,656.0
1358,0,yAgyFeHo,nIakFMcq,656.0
1358,0,QdWOxWia,yAgyFeHo,565.0
1358,0,gViLrCgA,QdWOxWia,561.0
1358,0,cCSIoIah,gViLrCgA,557.0
1358,0,DLdtTvFi,cCSIoIah,557.0
1358,0,vRWSdFEN,DLdtTvFi,526.0
1358,0,tDDddUJb,vRWSdFEN,526.0
1358,0,RVGhYAxc,tDDddUJb,526.0
1358,0,BpAiVnps,RVGhYAxc,463.0
1358,0,oajqUPaH,bPMnvhIP,45.0
720,0,lsBVGYKC,eyAJPdep,341.0
720,0,WhHfbZWj,lsBVGYKC,363.0
720,0,WFZVQzrl,mhgPTzcZ,434.0
720,0,QDIpIlEK,WFZVQzrl,434.0
720,0,IESGsZGI,QDIpIlEK,434.0
720,0,GpnhEWuy,IESGsZGI,434.0
720,0,rRGVruPM,GpnhEWuy,434.0
720,0,mLBQtksd,rRGVruPM,434.0
1244,0,YQjdQVmS,DSOJysaP,1244.0
1244,0,JIllbhjr,YQjdQVmS,1244.0
682,0,iOuVBZzk,IHZGJZTs,584.0
682,0,MvaVVzVx,iOuVBZzk,584.0
682,0,VnwdBPma,MvaVVzVx,584.0
682,0,LoadLeSC,VnwdBPma,230.0
682,0,MAwbjJfJ,LoadLeSC,230.0
682,0,jIFrASnh,MAwbjJfJ,230.0
449,0,iOuVBZzk,EcsZBajf,73.0
449,0,cTQVugNT,iOuVBZzk,73.0
449,0,iAOahMMx,cTQVugNT,10.0
449,0,LoadLeSC,iAOahMMx,10.0
449,0,MAwbjJfJ,LoadLeSC,10.0
449,0,jIFrASnh,MAwbjJfJ,10.0
1142,0,MvaVVzVx,iOuVBZzk,2172.0
1142,0,cTQVugNT,MvaVVzVx,2172.0
1142,0,iAOahMMx,cTQVugNT,811.0
1142,0,LoadLeSC,iAOahMMx,811.0
1142,0,MAwbjJfJ,LoadLeSC,811.0
1142,0,jIFrASnh,MAwbjJfJ,811.0
1245,0,LoadLeSC,VnwdBPma,1331.0
1245,0,jIFrASnh,LoadLeSC,1331.0
1245,0,jQaLNViL,gyQqEnFq,560.0
1245,0,VnwdBPma,jQaLNViL,643.0
1419,0,BZCtSmhk,ywuGpANM,3740.0
1419,0,NbgxPNNK,BZCtSmhk,4149.0
1419,0,vOKcaAnW,NbgxPNNK,4155.0
1419,0,HOwZAROe,vOKcaAnW,3733.0
1419,0,CKorGRkE,ejMjPdTH,1798.0
1419,0,eaNsVWDR,CKorGRkE,1798.0
1419,0,hpACGGyB,eaNsVWDR,1799.0
1419,0,VgUdLlOW,hpACGGyB,1886.0
1419,0,ywuGpANM,VgUdLlOW,1888.0
34,0,cTQVugNT,NCVzutVL,5789.0
1747,0,cTQVugNT,Yhslgmod,2567.0
1471,0,MvaVVzVx,Yhslgmod,4252.0
1471,0,cTQVugNT,MvaVVzVx,4252.0
1244,0,flXjJYer,JIllbhjr,1403.0
1244,0,oBtsEQRM,flXjJYer,1403.0
1365,0,MvaVVzVx,EcsZBajf,4000.0
1365,0,cTQVugNT,MvaVVzVx,4000.0
1435,0,FZsFzszJ,gzTQJVMW,2922.0
1435,0,KgwKZlse,FZsFzszJ,2996.0
1435,0,ALhaazBT,KgwKZlse,2996.0
1435,0,YqlTLIQa,ALhaazBT,3246.0
1435,0,AUmOMGnp,YqlTLIQa,3288.0
1435,0,SVPLEqNI,AUmOMGnp,3369.0
1435,0,gzTQJVMW,RVEyrwjR,2791.0
374,0,uuIUswRF,YmeKOmok,11.0
374,0,EBKpcNVh,uuIUswRF,11.0
374,0,jLuliqpT,EBKpcNVh,11.0
374,0,OXvlrfnG,jLuliqpT,11.0
374,0,CgMBzfIg,OXvlrfnG,11.0
374,0,BCwVkMhO,CgMBzfIg,11.0
374,0,MpBHVRZl,BCwVkMhO,11.0
374,0,BWKNZpmt,MpBHVRZl,8.0
374,0,hMBIVszx,BWKNZpmt,8.0
374,0,JgVaSAtG,hMBIVszx,8.0
374,0,QyfZGsFT,JgVaSAtG,7.0
374,0,selTNsQi,QyfZGsFT,7.0
374,0,SfBAqteg,selTNsQi,7.0
374,0,obGcbWvT,SfBAqteg,7.0
374,0,lbFoZTYJ,obGcbWvT,7.0
374,0,wssOAckJ,lbFoZTYJ,7.0
374,0,zzxlwhdI,wssOAckJ,7.0
374,0,SEcoeimf,zzxlwhdI,7.0
374,0,fzmnvqlX,SEcoeimf,5.0
374,0,RyhuDLev,fzmnvqlX,5.0
374,0,KnIeolpt,RyhuDLev,5.0
374,0,GMrJWgHs,KnIeolpt,5.0
374,0,tTjpyeuP,GMrJWgHs,5.0
374,0,iYbcLrkT,tTjpyeuP,5.0
374,0,elxmPCDf,iYbcLrkT,5.0
374,0,tcbhlVZo,elxmPCDf,5.0
374,0,ZqBGCTqq,tcbhlVZo,5.0
374,0,HxnLIWQq,ZqBGCTqq,5.0
374,0,wqGWmwVd,HxnLIWQq,5.0
374,0,ACkvbmee,wqGWmwVd,5.0
374,0,FtWuEuzF,ACkvbmee,5.0
374,0,RtTLxXUv,FtWuEuzF,5.0
374,0,JGydtICe,RtTLxXUv,5.0
720,0,knCDNjnp,mLBQtksd,431.0
720,0,nYVfIRsk,knCDNjnp,431.0
720,0,IHZGJZTs,nYVfIRsk,431.0
720,0,iOuVBZzk,IHZGJZTs,431.0
720,0,cTQVugNT,iOuVBZzk,431.0
720,0,kjxfKqbD,hSRFRBsa,308.0
720,0,mSXRukCc,kjxfKqbD,308.0
720,0,PkbhOCMh,mSXRukCc,308.0
720,0,FFGyTMvJ,PkbhOCMh,309.0
720,0,eyAJPdep,FFGyTMvJ,310.0
1140,0,ulSrvocN,nYVfIRsk,672.0
1140,0,CqefHKGq,ulSrvocN,672.0
369,0,knCDNjnp,mLBQtksd,4272.0
369,0,nYVfIRsk,knCDNjnp,4273.0
369,0,ulSrvocN,nYVfIRsk,4335.0
369,0,CqefHKGq,ulSrvocN,4367.0
1178,0,dJJmWSZi,WyfCQhSW,6378.0
1178,0,JNybvbry,dJJmWSZi,6378.0
1178,0,pKQmWfSR,JNybvbry,6378.0
1178,0,AFMSRepx,pKQmWfSR,6717.0
1178,0,WEgiiGlQ,AFMSRepx,6951.0
1178,0,sLYsFXAH,WEgiiGlQ,6951.0
1178,0,WjKdBsVK,sLYsFXAH,6951.0
1178,0,STKMtPtJ,WjKdBsVK,6951.0
1178,0,MyVorJBj,STKMtPtJ,6951.0
1178,0,AayEawbi,MyVorJBj,6951.0
1178,0,MQIshiHv,AayEawbi,6873.0
1178,0,ZqROcYrU,MQIshiHv,6848.0
1178,0,pKwZMigm,ZqROcYrU,6848.0
1178,0,watqBVeC,pKwZMigm,6848.0
1178,0,PAegbDaK,watqBVeC,6930.0
1178,0,MCZGGmLQ,PAegbDaK,6772.0
1178,0,WIZPpGvl,MCZGGmLQ,7103.0
1178,0,qflzswAf,WIZPpGvl,7089.0
1467,0,yNIUaSyZ,cNuIRYrx,757.0
1467,0,xiTGCYEl,yNIUaSyZ,757.0
1467,0,NXLrCKMp,xiTGCYEl,830.0
1467,0,FyoAuDvn,NXLrCKMp,830.0
1467,0,WOOyqinT,FyoAuDvn,830.0
369,0,rSnWVhOw,CqefHKGq,4372.0
529,0,elmHqfIN,jTofnsvB,3039.0
529,0,YhQOzAWJ,elmHqfIN,3039.0
529,0,vNuEvleV,YhQOzAWJ,3039.0
529,0,FUctipSE,vNuEvleV,821.0
529,0,PWitnUnB,FUctipSE,388.0
529,0,zwmwkNcj,PWitnUnB,388.0
529,0,DJDPVkXF,zwmwkNcj,388.0
529,0,FrOiWYSP,DJDPVkXF,301.0
529,0,mNGfniSu,FrOiWYSP,301.0
529,0,qjwSVoCq,mNGfniSu,172.0
1512,0,WOOyqinT,FyoAuDvn,13481.0
1512,0,mnkgCFDT,WOOyqinT,13860.0
725,0,WOOyqinT,YmkUpvHU,2505.0
725,0,mnkgCFDT,WOOyqinT,2062.0
429,0,YmkUpvHU,qKeCDDXI,1187.0
429,0,WOOyqinT,YmkUpvHU,1187.0
429,0,mnkgCFDT,WOOyqinT,1148.0
232,0,NXLrCKMp,xiTGCYEl,2407.0
232,0,FyoAuDvn,NXLrCKMp,2407.0
232,0,WOOyqinT,FyoAuDvn,2685.0
232,0,VfTFpfzB,WOOyqinT,2773.0
528,0,YspLWkZX,WRVBvtIE,258.0
528,0,pRBbbEoD,YspLWkZX,459.0
528,0,cfVAtKgo,pRBbbEoD,459.0
528,0,QMiQTlda,cfVAtKgo,462.0
528,0,MaKoROaE,QMiQTlda,462.0
528,0,NrNaZyPp,MaKoROaE,462.0
1506,0,zgCGmKZn,aYSqaQmJ,10787.0
1506,0,JKFFGKvY,zgCGmKZn,10206.0
1701,0,pNohcrtk,jBRcoEIn,2065.0
1701,0,aHsZaffM,pNohcrtk,735.0
143,0,mnkgCFDT,YmkUpvHU,125.0
994,0,NrNaZyPp,MaKoROaE,941.0
292,0,fkZFUNSd,TrOiZJox,2663.0
292,0,JYrrjUtU,fkZFUNSd,2663.0
292,0,cttUtMNm,JYrrjUtU,2663.0
292,0,EarJIhnU,cttUtMNm,2625.0
292,0,KZBDkcEB,EarJIhnU,2625.0
313,0,qqQgwpPP,DYKvrufv,570.0
313,0,ORsEDdLG,qqQgwpPP,570.0
313,0,jsnedRvy,ORsEDdLG,890.0
313,0,PpWfKRbL,jsnedRvy,892.0
313,0,aaSaUDum,PpWfKRbL,926.0
313,0,cmBFyxQG,aaSaUDum,926.0
313,0,NGAodVTg,cmBFyxQG,926.0
313,0,TvGyfQSI,NGAodVTg,926.0
313,0,HFYkXdPG,TvGyfQSI,926.0
313,0,KjgVoxgR,HFYkXdPG,936.0
313,0,zgCGmKZn,aYSqaQmJ,814.0
313,0,JKFFGKvY,zgCGmKZn,588.0
313,0,EVAUYvVR,JKFFGKvY,580.0
313,0,GYfZYaJh,EVAUYvVR,580.0
313,0,hSQYmgMj,GYfZYaJh,519.0
313,0,mnkgCFDT,hSQYmgMj,519.0
1467,0,VfTFpfzB,WOOyqinT,831.0
1263,0,cdpcgPuX,RufmISTr,5955.0
1263,0,qnxnYECs,cdpcgPuX,5955.0
1263,0,QNScHwgR,qnxnYECs,5952.0
1263,0,dLUoTBAU,QNScHwgR,5796.0
1263,0,NfHwMQdR,dLUoTBAU,3722.0
1263,0,EGZEcfNZ,NfHwMQdR,3722.0
1263,0,SgGmeaHk,EGZEcfNZ,3722.0
1263,0,tpTDqbZI,SgGmeaHk,3726.0
1263,0,hhrNEaMZ,tpTDqbZI,3726.0
1263,0,BeiMHrtx,hhrNEaMZ,3726.0
1263,0,sZwmfbNt,BeiMHrtx,3731.0
1263,0,oBjbzljy,sZwmfbNt,4176.0
1263,0,aYSqaQmJ,oBjbzljy,4391.0
1263,0,zgCGmKZn,aYSqaQmJ,3822.0
712,0,EmkugZPX,xTOrUJFO,1944.0
712,0,lmZJehpq,EmkugZPX,1980.0
102,0,icUsjZEb,WuDSdBCd,24.0
102,0,lhadwkCG,icUsjZEb,24.0
102,0,awnNVqry,lhadwkCG,24.0
102,0,mXwfazRz,awnNVqry,24.0
102,0,NGAodVTg,mXwfazRz,24.0
102,0,TvGyfQSI,NGAodVTg,24.0
102,0,HFYkXdPG,TvGyfQSI,24.0
102,0,KjgVoxgR,HFYkXdPG,24.0
102,0,EmkugZPX,KjgVoxgR,24.0
102,0,lmZJehpq,EmkugZPX,24.0
102,0,RVGhYAxc,lmZJehpq,24.0
102,0,BpAiVnps,RVGhYAxc,24.0
102,0,LKVeVUNI,BpAiVnps,24.0
102,0,dbPZeeiE,LKVeVUNI,9.0
102,0,CsDsDrdU,dbPZeeiE,9.0
102,0,rJRvqICk,CsDsDrdU,9.0
102,0,AmahvgQB,rJRvqICk,9.0
102,0,aYSqaQmJ,AmahvgQB,9.0
102,0,zgCGmKZn,aYSqaQmJ,9.0
102,0,JKFFGKvY,zgCGmKZn,5.0
102,0,EVAUYvVR,JKFFGKvY,5.0
102,0,GYfZYaJh,EVAUYvVR,5.0
102,0,hSQYmgMj,GYfZYaJh,4.0
102,0,mnkgCFDT,hSQYmgMj,4.0
1677,0,eTnittuK,yQQuLFAg,565.0
1677,0,KdjrLWjn,eTnittuK,565.0
1677,0,AkOiWGvq,KdjrLWjn,565.0
1677,0,iykVulcc,AkOiWGvq,564.0
1677,0,YwUcqICt,iykVulcc,564.0
1677,0,kSdFeEek,YwUcqICt,564.0
1677,0,FwmrbmrQ,kSdFeEek,551.0
1677,0,uSOMnpdQ,FwmrbmrQ,551.0
1677,0,KRmLfGnR,uSOMnpdQ,549.0
1677,0,gIknnlAi,KRmLfGnR,549.0
1677,0,nIakFMcq,gIknnlAi,549.0
1133,0,CNyHgccZ,fJuPdFXq,883.0
1133,0,zSTvyVov,CNyHgccZ,883.0
1133,0,ixyllwBo,zSTvyVov,883.0
1133,0,vUtsOMRz,ixyllwBo,883.0
1133,0,mAuYaRAP,vUtsOMRz,883.0
1133,0,GauoQJWJ,mAuYaRAP,883.0
1133,0,zjuuJEOg,GauoQJWJ,883.0
1133,0,TIygQLDW,zjuuJEOg,883.0
1133,0,QkOFoFkV,TIygQLDW,883.0
1133,0,wmKJhgsh,QkOFoFkV,883.0
1133,0,IpOsGrUQ,wmKJhgsh,883.0
1133,0,exRzHfND,IpOsGrUQ,721.0
1133,0,bIhgcGjB,exRzHfND,721.0
1133,0,dMpYNFzw,bIhgcGjB,721.0
1133,0,phodyDNv,dMpYNFzw,721.0
1133,0,gcvwQKzE,phodyDNv,634.0
1133,0,RuqLEiFp,gcvwQKzE,634.0
1133,0,NAwFzVQz,RuqLEiFp,484.0
1133,0,jEliwrSM,NAwFzVQz,484.0
1133,0,OUlPxErG,jEliwrSM,484.0
1133,0,SPorkGXj,OUlPxErG,353.0
1133,0,IJbUVGLH,SPorkGXj,353.0
1133,0,ZqOseExI,IJbUVGLH,353.0
1133,0,FdBCLyPI,ZqOseExI,255.0
1133,0,CrOFTJlw,FdBCLyPI,255.0
1133,0,PyGiRErs,CrOFTJlw,255.0
1133,0,qflzswAf,PyGiRErs,255.0
1075,0,THcpliIL,fikrodNW,1517.0
1075,0,HaEOaLMB,THcpliIL,1517.0
1075,0,IkeqCtDY,HaEOaLMB,1517.0
1075,0,wpHpdxFs,IkeqCtDY,1560.0
1075,0,QHulIYnO,wpHpdxFs,1560.0
1075,0,sKtQEUzZ,QHulIYnO,1576.0
1075,0,acVCzwtl,sKtQEUzZ,1576.0
1075,0,TIlepZYr,acVCzwtl,1576.0
751,0,AEUmstNW,WKiVoaSt,199.0
751,0,PfGRcOsd,AEUmstNW,191.0
751,0,bLWPtAll,PfGRcOsd,191.0
751,0,BDmybVdG,bLWPtAll,191.0
1124,0,CVPWCvNJ,BDmybVdG,2.0
1124,0,muVREKCV,CVPWCvNJ,2.0
1124,0,MpxTTzjt,muVREKCV,2.0
1124,0,BsRMZbGV,MpxTTzjt,2.0
1124,0,yRjqmRuq,BsRMZbGV,40.0
1124,0,pTTspriv,yRjqmRuq,40.0
80,0,tjYcJLRB,EkWBPXmr,1479.0
80,0,iYMJvRAf,tjYcJLRB,1674.0
80,0,KplKuAnp,iYMJvRAf,1700.0
80,0,FTwVCxQy,KplKuAnp,1700.0
80,0,xnBCUPNx,FTwVCxQy,2106.0
80,0,MEVzYGii,xnBCUPNx,2135.0
80,0,yQIotbyH,MEVzYGii,2135.0
80,0,taEXnGBL,yQIotbyH,2412.0
80,0,rZoajhYh,taEXnGBL,2412.0
80,0,NuyYqrDq,rZoajhYh,2412.0
80,0,gpaAUChy,NuyYqrDq,2608.0
80,0,IgEBJNwX,gpaAUChy,2608.0
80,0,NCVzutVL,IgEBJNwX,2673.0
80,0,cTQVugNT,NCVzutVL,2799.0
80,0,cNypyxpr,cTQVugNT,3656.0
80,0,uRlXNIwL,cNypyxpr,4158.0
1471,0,cNypyxpr,cTQVugNT,4043.0
1471,0,gyQqEnFq,cNypyxpr,3988.0
12,0,eYoPTdNP,ZpgoacOO,135.0
12,0,YEqGDaQm,eYoPTdNP,135.0
12,0,QjBtnCad,YEqGDaQm,135.0
12,0,WAnDToyk,QjBtnCad,135.0
12,0,UwPVTdeZ,WAnDToyk,135.0
12,0,gbxdgQQp,UwPVTdeZ,135.0
12,0,HeRWBWAv,gbxdgQQp,135.0
12,0,xjaGpszF,HeRWBWAv,135.0
12,0,CTdLzzOf,xjaGpszF,135.0
12,0,MOTjsakF,CTdLzzOf,135.0
12,0,IgEBJNwX,MOTjsakF,135.0
12,0,Yhslgmod,IgEBJNwX,135.0
12,0,MvaVVzVx,Yhslgmod,135.0
12,0,cTQVugNT,MvaVVzVx,135.0
12,0,cNypyxpr,cTQVugNT,135.0
12,0,gyQqEnFq,cNypyxpr,135.0
1747,0,cNypyxpr,cTQVugNT,1100.0
1747,0,gyQqEnFq,cNypyxpr,776.0
1740,0,anWZyaGW,DeiIsjyA,25.0
1740,0,OrbXRiVv,anWZyaGW,25.0
1740,0,cNuIRYrx,OrbXRiVv,25.0
1740,0,yNIUaSyZ,cNuIRYrx,25.0
1740,0,xiTGCYEl,yNIUaSyZ,25.0
1740,0,NXLrCKMp,xiTGCYEl,25.0
1740,0,FyoAuDvn,NXLrCKMp,25.0
1740,0,GpnhEWuy,FyoAuDvn,25.0
1740,0,mLBQtksd,GpnhEWuy,25.0
1740,0,knCDNjnp,mLBQtksd,25.0
1740,0,nYVfIRsk,knCDNjnp,25.0
1740,0,IHZGJZTs,nYVfIRsk,25.0
1740,0,iOuVBZzk,IHZGJZTs,25.0
1740,0,cTQVugNT,iOuVBZzk,25.0
1740,0,cNypyxpr,cTQVugNT,25.0
1740,0,gyQqEnFq,cNypyxpr,25.0
1365,0,WvPJYXMk,cTQVugNT,1951.0
1365,0,gyQqEnFq,WvPJYXMk,1883.0
1244,0,TwyfqMnN,oBtsEQRM,682.0
1244,0,cNypyxpr,TwyfqMnN,682.0
1244,0,gyQqEnFq,cNypyxpr,627.0
1532,0,gyQqEnFq,WvPJYXMk,2165.0
529,0,WvPJYXMk,qjwSVoCq,167.0
529,0,gyQqEnFq,WvPJYXMk,167.0
1419,0,gyQqEnFq,WvPJYXMk,1877.0
31,0,KnIeolpt,RyhuDLev,33.0
31,0,GMrJWgHs,KnIeolpt,33.0
31,0,tTjpyeuP,GMrJWgHs,33.0
31,0,elxmPCDf,tTjpyeuP,33.0
31,0,tcbhlVZo,elxmPCDf,33.0
31,0,HxnLIWQq,tcbhlVZo,33.0
31,0,wqGWmwVd,HxnLIWQq,33.0
31,0,ACkvbmee,wqGWmwVd,33.0
31,0,FtWuEuzF,ACkvbmee,33.0
31,0,RtTLxXUv,FtWuEuzF,33.0
31,0,JGydtICe,RtTLxXUv,33.0
31,0,zjGRmLyo,JGydtICe,33.0
31,0,EXTmTMKf,zjGRmLyo,33.0
31,0,yfIoPTHo,EXTmTMKf,33.0
31,0,GnOurcjN,yfIoPTHo,33.0
31,0,vHkAlmCm,GnOurcjN,33.0
31,0,WynPMslR,vHkAlmCm,33.0
31,0,qjwSVoCq,WynPMslR,33.0
31,0,WvPJYXMk,qjwSVoCq,33.0
31,0,gyQqEnFq,WvPJYXMk,33.0
31,0,fzmnvqlX,SEcoeimf,26.0
31,0,RyhuDLev,fzmnvqlX,26.0
31,0,zzxlwhdI,wssOAckJ,13.0
31,0,SEcoeimf,zzxlwhdI,13.0
1435,0,yfIoPTHo,EXTmTMKf,2622.0
1435,0,GnOurcjN,yfIoPTHo,2622.0
1435,0,vHkAlmCm,GnOurcjN,1662.0
1435,0,WynPMslR,vHkAlmCm,1654.0
1435,0,qjwSVoCq,WynPMslR,1295.0
1435,0,WvPJYXMk,qjwSVoCq,1295.0
1435,0,gyQqEnFq,WvPJYXMk,1295.0
1435,0,XLVjRryq,NxbXiMUL,995.0
1435,0,RVEyrwjR,XLVjRryq,1436.0
1435,0,vDFCntfg,YvwuVYMF,492.0
1435,0,NxbXiMUL,vDFCntfg,498.0
1099,0,ulxuvpsp,kGQEnBYZ,45.0
1099,0,fOMMjSqm,ulxuvpsp,45.0
825,0,gyQqEnFq,WvPJYXMk,1.0
685,0,knCDNjnp,mLBQtksd,398.0
685,0,nYVfIRsk,knCDNjnp,398.0
685,0,IHZGJZTs,nYVfIRsk,398.0
685,0,iOuVBZzk,IHZGJZTs,398.0
685,0,MvaVVzVx,iOuVBZzk,398.0
685,0,cTQVugNT,MvaVVzVx,398.0
685,0,cNypyxpr,cTQVugNT,398.0
685,0,gyQqEnFq,cNypyxpr,394.0
720,0,cNypyxpr,cTQVugNT,333.0
720,0,gyQqEnFq,cNypyxpr,119.0
1619,0,rxAHdfLr,NztIaxQU,752.0
1619,0,dGXuUmCy,rxAHdfLr,752.0
1619,0,dIJpAwev,dGXuUmCy,752.0
1619,0,jcExlqwL,dIJpAwev,752.0
1619,0,YctaenCe,jcExlqwL,536.0
1619,0,tzYrVhKO,YctaenCe,536.0
1619,0,UgpyjFML,tzYrVhKO,536.0
1619,0,nPkrzCty,UgpyjFML,536.0
1701,0,kPoXDVhr,DgeiAShx,2079.0
1701,0,QkhvVJfO,kPoXDVhr,2079.0
1701,0,jBRcoEIn,QkhvVJfO,2041.0
835,0,cIQOVqQI,njiqgOWt,5262.0
835,0,OyAyNkqZ,cIQOVqQI,5234.0
528,0,aWeSqqrV,gyQqEnFq,241.0
528,0,WRVBvtIE,aWeSqqrV,242.0
1398,0,mhYSfvAq,UgzfanVk,6.0
102,0,NFInfBeu,kKKRBhFF,1.0
102,0,VCQdmIoF,NFInfBeu,1.0
102,0,ePrpofUw,VCQdmIoF,1.0
102,0,KcvPUxQg,ePrpofUw,1.0
102,0,BlnSxBAr,KcvPUxQg,1.0
102,0,WuDSdBCd,BlnSxBAr,1.0
250,0,NXLrCKMp,xiTGCYEl,1059.0
250,0,FyoAuDvn,NXLrCKMp,1059.0
250,0,WOOyqinT,FyoAuDvn,1101.0
250,0,mnkgCFDT,WOOyqinT,1369.0
318,0,iEKuRfDT,ImIhxSnH,5229.0
318,0,PlyJazqR,iEKuRfDT,4608.0
318,0,kkrKJmiC,PlyJazqR,4600.0
318,0,psXocZQH,kkrKJmiC,4376.0
318,0,yprCGtVa,psXocZQH,4376.0
318,0,pPqywgRl,yprCGtVa,4539.0
318,0,SJHseTdc,pPqywgRl,4763.0
318,0,ydQuGMgP,SJHseTdc,4760.0
318,0,AmahvgQB,ydQuGMgP,4958.0
250,0,bZroqIhX,eTJQHplR,409.0
250,0,cNuIRYrx,bZroqIhX,411.0
250,0,yNIUaSyZ,cNuIRYrx,411.0
250,0,xiTGCYEl,yNIUaSyZ,411.0
1263,0,JKFFGKvY,zgCGmKZn,3157.0
142,0,WFZVQzrl,JAgpxShP,618.0
1141,0,fubLBmAl,DOGyniWl,661.0
1141,0,nEXpIbiD,fubLBmAl,723.0
1141,0,zfdolaES,nEXpIbiD,733.0
1141,0,jiufRClk,zfdolaES,734.0
1141,0,GVnbohJg,jiufRClk,734.0
1141,0,TIKKmaif,GVnbohJg,734.0
1141,0,nTVsVrjG,TIKKmaif,862.0
1141,0,GTeEFWtM,nTVsVrjG,862.0
1141,0,ZtIplJlB,GTeEFWtM,862.0
1141,0,nmfQPmsh,ZtIplJlB,862.0
1141,0,QdnKSSsO,nmfQPmsh,796.0
1140,0,rSnWVhOw,CqefHKGq,648.0
1140,0,xfoaGXVJ,rSnWVhOw,648.0
1140,0,kzneBolb,xfoaGXVJ,648.0
529,0,WOOyqinT,FyoAuDvn,1650.0
529,0,VfTFpfzB,WOOyqinT,1953.0
529,0,ZYYdVixc,VfTFpfzB,4125.0
529,0,jWRsQoYS,ZYYdVixc,4125.0
529,0,jTofnsvB,jWRsQoYS,4125.0
1531,0,aWeSqqrV,gyQqEnFq,2310.0
1531,0,WRVBvtIE,aWeSqqrV,2381.0
1531,0,YspLWkZX,WRVBvtIE,2995.0
1531,0,pRBbbEoD,YspLWkZX,2511.0
142,0,elmHqfIN,jTofnsvB,5504.0
142,0,YhQOzAWJ,elmHqfIN,5504.0
142,0,vNuEvleV,YhQOzAWJ,5024.0
142,0,FUctipSE,vNuEvleV,2932.0
142,0,PWitnUnB,FUctipSE,3496.0
142,0,zwmwkNcj,PWitnUnB,3509.0
142,0,DJDPVkXF,zwmwkNcj,3509.0
529,0,bZroqIhX,eTJQHplR,491.0
529,0,cNuIRYrx,bZroqIhX,616.0
529,0,xiTGCYEl,cNuIRYrx,616.0
529,0,NXLrCKMp,xiTGCYEl,1564.0
529,0,FyoAuDvn,NXLrCKMp,1564.0
992,0,LKVeVUNI,BpAiVnps,3084.0
992,0,dbPZeeiE,LKVeVUNI,3453.0
992,0,CsDsDrdU,dbPZeeiE,3657.0
992,0,rJRvqICk,CsDsDrdU,3903.0
992,0,AmahvgQB,rJRvqICk,3903.0
992,0,aYSqaQmJ,AmahvgQB,3903.0
992,0,zgCGmKZn,aYSqaQmJ,4179.0
992,0,JKFFGKvY,zgCGmKZn,4179.0
992,0,GYfZYaJh,JKFFGKvY,4179.0
992,0,WFZVQzrl,GYfZYaJh,4215.0
992,0,tRncbstl,WFZVQzrl,5116.0
992,0,gLCWwgiT,tRncbstl,5116.0
992,0,jTofnsvB,gLCWwgiT,5116.0
992,0,elmHqfIN,jTofnsvB,5211.0
992,0,YhQOzAWJ,elmHqfIN,5211.0
992,0,vNuEvleV,YhQOzAWJ,4981.0
992,0,FUctipSE,vNuEvleV,5152.0
992,0,PWitnUnB,FUctipSE,4888.0
992,0,FrOiWYSP,PWitnUnB,5241.0
142,0,FrOiWYSP,DJDPVkXF,3123.0
142,0,mNGfniSu,FrOiWYSP,3161.0
369,0,RuAJZyMI,rSnWVhOw,4391.0
1506,0,tRncbstl,WFZVQzrl,7180.0
34,0,cNypyxpr,cTQVugNT,8136.0
34,0,WRVBvtIE,cNypyxpr,8137.0
34,0,RuAJZyMI,WRVBvtIE,7598.0
356,0,nEXpIbiD,OrbXRiVv,1861.0
142,0,tRncbstl,WFZVQzrl,4228.0
142,0,gLCWwgiT,tRncbstl,4359.0
142,0,jTofnsvB,gLCWwgiT,4861.0
992,0,mNGfniSu,FrOiWYSP,5242.0
1506,0,gLCWwgiT,tRncbstl,6270.0
1748,0,ZYYdVixc,VfTFpfzB,1863.0
1748,0,gLCWwgiT,ZYYdVixc,1999.0
1748,0,NXLrCKMp,xiTGCYEl,1279.0
1748,0,FyoAuDvn,NXLrCKMp,1279.0
1748,0,WOOyqinT,FyoAuDvn,1076.0
1748,0,VfTFpfzB,WOOyqinT,1131.0
1748,0,jTofnsvB,gLCWwgiT,2201.0
1506,0,jTofnsvB,gLCWwgiT,6249.0
664,0,NXLrCKMp,xiTGCYEl,136.0
664,0,FyoAuDvn,NXLrCKMp,136.0
664,0,GpnhEWuy,FyoAuDvn,136.0
664,0,fNoKcjVu,GpnhEWuy,136.0
664,0,ZeFKXxfu,fNoKcjVu,136.0
664,0,wYWONrrr,ZeFKXxfu,133.0
664,0,jTofnsvB,wYWONrrr,133.0
778,0,ZKmlngva,QHzfYnaE,27.0
798,0,hFISFuCO,BxmxkKGC,77.0
798,0,fQRLOpha,hFISFuCO,77.0
1512,0,OpgRCgWV,mnkgCFDT,15775.0
1300,0,LKVeVUNI,BpAiVnps,8106.0
1300,0,dbPZeeiE,LKVeVUNI,9899.0
1300,0,CsDsDrdU,dbPZeeiE,10574.0
1300,0,AmahvgQB,CsDsDrdU,11268.0
1300,0,aYSqaQmJ,AmahvgQB,15466.0
1300,0,zgCGmKZn,aYSqaQmJ,16839.0
1300,0,EVAUYvVR,zgCGmKZn,17170.0
1300,0,GYfZYaJh,EVAUYvVR,17176.0
1300,0,OpgRCgWV,GYfZYaJh,18404.0
177,0,oUmVLfUX,WKWTpoqQ,3576.0
177,0,fJdABIlw,oUmVLfUX,3576.0
177,0,mXwfazRz,fJdABIlw,3349.0
177,0,NGAodVTg,mXwfazRz,3238.0
177,0,TvGyfQSI,NGAodVTg,3238.0
177,0,HFYkXdPG,TvGyfQSI,3238.0
177,0,KjgVoxgR,HFYkXdPG,3058.0
177,0,xTOrUJFO,KjgVoxgR,2672.0
177,0,EmkugZPX,xTOrUJFO,2672.0
177,0,lmZJehpq,EmkugZPX,2643.0
177,0,tDDddUJb,lmZJehpq,2643.0
177,0,RVGhYAxc,tDDddUJb,2430.0
177,0,BpAiVnps,RVGhYAxc,1980.0
1506,0,elmHqfIN,jTofnsvB,4810.0
232,0,ZYYdVixc,VfTFpfzB,3223.0
232,0,wEeBJTuq,ZYYdVixc,4703.0
233,0,zQfdkFQV,JafVjQhg,2223.0
233,0,GTWLqqnN,zQfdkFQV,2223.0
233,0,wefAcLKj,GTWLqqnN,2221.0
233,0,RxHTaOMh,wefAcLKj,2221.0
233,0,JafVjQhg,RZCadHVt,1162.0
1467,0,ZYYdVixc,VfTFpfzB,429.0
1467,0,wEeBJTuq,ZYYdVixc,471.0
142,0,MtINPaKl,mNGfniSu,2630.0
232,0,TsfVbSCQ,wEeBJTuq,4498.0
318,0,DjKGsdyb,YvLYpMPH,4973.0
318,0,ExPvCHrU,DjKGsdyb,4833.0
318,0,OCwYbEnq,ExPvCHrU,4832.0
318,0,rsJSqETv,OCwYbEnq,4833.0
318,0,nrUfCQxz,rsJSqETv,4833.0
80,0,QPpuxtew,uRlXNIwL,4712.0
80,0,gHkojtqc,QPpuxtew,4712.0
1452,0,iOuVBZzk,lsFGVtlq,60.0
1452,0,cTQVugNT,iOuVBZzk,60.0
1452,0,cNypyxpr,cTQVugNT,60.0
1452,0,uRlXNIwL,cNypyxpr,60.0
1452,0,QPpuxtew,uRlXNIwL,60.0
1452,0,gHkojtqc,QPpuxtew,60.0
1453,0,dHuMOmqh,OhBAPvsb,4992.0
1453,0,kVCEAUTv,dHuMOmqh,5345.0
1453,0,LsuNFzpq,kVCEAUTv,5585.0
1453,0,TQhrUKrf,BxmxkKGC,4712.0
1453,0,hFISFuCO,TQhrUKrf,4712.0
1453,0,IJrmTLNf,hFISFuCO,4712.0
1453,0,byRkdSCW,IJrmTLNf,4712.0
1453,0,fQRLOpha,byRkdSCW,4712.0
1453,0,PXPVuGmP,fQRLOpha,4770.0
1453,0,JpcivbxC,PXPVuGmP,4770.0
1453,0,IulxyPoH,JpcivbxC,4766.0
1453,0,llFTEWtD,IulxyPoH,5051.0
1453,0,TvvslWVF,llFTEWtD,5051.0
1453,0,SgXyhVwd,TvvslWVF,4627.0
1453,0,fPhIOSOj,SgXyhVwd,4627.0
1453,0,PQDqFTyk,fPhIOSOj,4627.0
1453,0,SOzmnmNW,PQDqFTyk,4627.0
1453,0,OhBAPvsb,SOzmnmNW,4627.0
762,0,BxmxkKGC,ojqTFFWy,4323.0
232,0,LArfnWEk,TsfVbSCQ,4425.0
1440,0,wrFiwNtD,aZtqChJJ,1080.0
1440,0,gHieypBQ,wrFiwNtD,1380.0
1440,0,vfoDngvn,gHieypBQ,1380.0
1440,0,EPWXwPSq,vfoDngvn,1380.0
1262,0,CKorGRkE,ojqTFFWy,546.0
1262,0,eaNsVWDR,CKorGRkE,1416.0
1262,0,hpACGGyB,eaNsVWDR,1416.0
1263,0,EVAUYvVR,JKFFGKvY,3133.0
1263,0,GYfZYaJh,EVAUYvVR,3134.0
1263,0,OpgRCgWV,GYfZYaJh,3034.0
1178,0,WyfCQhSW,ogOCBKAf,5922.0
1300,0,ntDOQspU,OpgRCgWV,19378.0
1467,0,TsfVbSCQ,wEeBJTuq,455.0
1467,0,coyRXGtt,TsfVbSCQ,455.0
34,0,MtINPaKl,RuAJZyMI,6778.0
34,0,SGVPbDEb,MtINPaKl,4846.0
369,0,MtINPaKl,RuAJZyMI,4155.0
369,0,SGVPbDEb,MtINPaKl,3774.0
142,0,SGVPbDEb,MtINPaKl,2619.0
1440,0,WRVBvtIE,gyQqEnFq,1596.0
1440,0,RuAJZyMI,WRVBvtIE,1604.0
1440,0,MtINPaKl,RuAJZyMI,1443.0
1440,0,SGVPbDEb,MtINPaKl,1443.0
1441,0,dHuMOmqh,LDSuadxM,2948.0
1441,0,kVCEAUTv,dHuMOmqh,3719.0
1441,0,llFTEWtD,IulxyPoH,1821.0
1441,0,SgXyhVwd,llFTEWtD,1821.0
1441,0,fPhIOSOj,SgXyhVwd,1829.0
1441,0,SOzmnmNW,fPhIOSOj,1829.0
1441,0,OhBAPvsb,SOzmnmNW,1848.0
1441,0,LDSuadxM,OhBAPvsb,1848.0
992,0,MtINPaKl,mNGfniSu,5312.0
992,0,SGVPbDEb,MtINPaKl,6256.0
1622,0,TKRrUtKV,jcExlqwL,1485.0
1622,0,JleZjXmc,TKRrUtKV,1485.0
1622,0,fTKGeENK,JleZjXmc,1485.0
1622,0,zdgoUaFA,fTKGeENK,1477.0
318,0,QHFmFyLR,EkWBPXmr,1258.0
318,0,neNWquOh,QHFmFyLR,1258.0
318,0,KwaxxmSs,neNWquOh,1265.0
318,0,PSjGjQXK,KwaxxmSs,1265.0
318,0,GnsXgGJX,PSjGjQXK,3730.0
318,0,POdtxoZm,GnsXgGJX,4797.0
318,0,YvLYpMPH,POdtxoZm,4151.0
1623,0,FqfYfMFg,AmahvgQB,629.0
1623,0,qBmbuqyA,FqfYfMFg,688.0
1623,0,DjKOMvif,qBmbuqyA,688.0
1623,0,kbmudFZh,DjKOMvif,832.0
1623,0,AHkkayoK,kbmudFZh,832.0
1623,0,NjUfThdh,AHkkayoK,838.0
1623,0,yEChtXTr,NjUfThdh,838.0
1623,0,BspMHRhr,yEChtXTr,391.0
1623,0,jkxhkeqK,BspMHRhr,705.0
1623,0,RrdfQruE,jkxhkeqK,705.0
1623,0,FHknKSNi,RrdfQruE,705.0
1623,0,GYenbKMg,FHknKSNi,680.0
463,0,UWOHRooW,Fwqgdxfa,1845.0
463,0,ImIhxSnH,UWOHRooW,1876.0
463,0,iEKuRfDT,ImIhxSnH,1874.0
463,0,PlyJazqR,iEKuRfDT,1874.0
463,0,ylfNfbjf,PlyJazqR,1519.0
463,0,psXocZQH,ylfNfbjf,1519.0
463,0,yprCGtVa,psXocZQH,1792.0
463,0,pPqywgRl,yprCGtVa,1953.0
463,0,HGjkimBc,pPqywgRl,1853.0
463,0,lqMPnIra,HGjkimBc,1887.0
463,0,eKMWhxRF,lqMPnIra,2899.0
463,0,pRsoSsPh,eKMWhxRF,3003.0
463,0,pUxrqkbR,pRsoSsPh,3003.0
463,0,GmRorurF,pUxrqkbR,3021.0
463,0,rWJbJwsc,GmRorurF,3021.0
464,0,ImIhxSnH,Fwqgdxfa,4935.0
464,0,iEKuRfDT,ImIhxSnH,5042.0
464,0,psXocZQH,iEKuRfDT,5661.0
464,0,yprCGtVa,psXocZQH,5661.0
464,0,pPqywgRl,yprCGtVa,6059.0
464,0,HGjkimBc,pPqywgRl,7269.0
464,0,lqMPnIra,HGjkimBc,7653.0
464,0,eKMWhxRF,lqMPnIra,4581.0
464,0,pRsoSsPh,eKMWhxRF,5301.0
464,0,pUxrqkbR,pRsoSsPh,8606.0
464,0,GmRorurF,pUxrqkbR,8608.0
464,0,rWJbJwsc,GmRorurF,8608.0
250,0,IoxYvxeH,mnkgCFDT,5380.0
250,0,yrlDljAC,IoxYvxeH,6921.0
250,0,rBCwdRqs,yrlDljAC,6921.0
250,0,olAnplnl,rBCwdRqs,6921.0
250,0,hpCuKAjH,olAnplnl,7378.0
250,0,tyeyrnYi,hpCuKAjH,7378.0
725,0,IoxYvxeH,mnkgCFDT,1073.0
725,0,yrlDljAC,IoxYvxeH,1049.0
725,0,rBCwdRqs,yrlDljAC,1049.0
725,0,olAnplnl,rBCwdRqs,1049.0
725,0,hpCuKAjH,olAnplnl,1049.0
725,0,tyeyrnYi,hpCuKAjH,1049.0
292,0,jFmPCmzM,AjJCgCBk,2077.0
292,0,TrOiZJox,jFmPCmzM,2077.0
1531,0,cfVAtKgo,pRBbbEoD,2321.0
1531,0,QMiQTlda,cfVAtKgo,2426.0
1531,0,MaKoROaE,QMiQTlda,2426.0
1531,0,NrNaZyPp,MaKoROaE,2426.0
1531,0,zUgDRwiy,NrNaZyPp,1895.0
1506,0,YhQOzAWJ,elmHqfIN,4695.0
1506,0,zUgDRwiy,YhQOzAWJ,4630.0
664,0,elmHqfIN,jTofnsvB,66.0
664,0,YhQOzAWJ,elmHqfIN,66.0
664,0,zUgDRwiy,YhQOzAWJ,66.0
903,0,mPXKcTmk,fGauMtcM,53.0
903,0,moYdstNu,mPXKcTmk,51.0
679,0,jXeBpcDF,lZYsrfVZ,3022.0
679,0,wHfmVQMh,cttUtMNm,3223.0
679,0,mdGitRQe,wHfmVQMh,2384.0
679,0,RVGhYAxc,mdGitRQe,2290.0
1262,0,AmahvgQB,vSdfqYeK,3119.0
1262,0,lOtREfVG,AmahvgQB,2994.0
1262,0,SMhobJmy,lOtREfVG,2994.0
1262,0,ZdIQslRD,SMhobJmy,2574.0
1748,0,elmHqfIN,jTofnsvB,2125.0
1748,0,YhQOzAWJ,elmHqfIN,2125.0
1748,0,zUgDRwiy,YhQOzAWJ,2113.0
1512,0,ntDOQspU,OpgRCgWV,15716.0
1512,0,AXkvSZpr,ntDOQspU,14507.0
1263,0,ntDOQspU,OpgRCgWV,4146.0
1263,0,AXkvSZpr,ntDOQspU,4160.0
204,0,yfzTmEfw,QgwCgjAi,838.0
204,0,mBSaKJib,yfzTmEfw,838.0
204,0,ggaXnTUz,mBSaKJib,596.0
204,0,zJsEFgSs,ggaXnTUz,596.0
204,0,exgtgIgV,zJsEFgSs,596.0
204,0,CvtLjMFW,exgtgIgV,596.0
204,0,vSdfqYeK,CvtLjMFW,590.0
204,0,lOtREfVG,vSdfqYeK,590.0
232,0,KUCrTzrk,LArfnWEk,4254.0
1330,0,dbPZeeiE,LKVeVUNI,2629.0
1330,0,CsDsDrdU,dbPZeeiE,2658.0
1330,0,rJRvqICk,CsDsDrdU,3006.0
1330,0,AmahvgQB,rJRvqICk,3006.0
1330,0,aYSqaQmJ,AmahvgQB,3084.0
1330,0,zgCGmKZn,aYSqaQmJ,3301.0
1330,0,JKFFGKvY,zgCGmKZn,3438.0
1330,0,EVAUYvVR,JKFFGKvY,3438.0
1330,0,GYfZYaJh,EVAUYvVR,3438.0
1330,0,OpgRCgWV,GYfZYaJh,3658.0
1330,0,ntDOQspU,OpgRCgWV,3680.0
1330,0,nEHOxUTI,ntDOQspU,3680.0
1330,0,PUsFNDSD,nEHOxUTI,3850.0
1330,0,LKVeVUNI,BpAiVnps,2258.0
1467,0,eQeMsQqL,coyRXGtt,282.0
1467,0,ckxYXcvo,eQeMsQqL,282.0
1467,0,cyoDDnik,ckxYXcvo,282.0
1467,0,xWbuLRdJ,cyoDDnik,282.0
1467,0,vbdtPbuh,xWbuLRdJ,282.0
1467,0,wWIFrmtv,vbdtPbuh,11.0
1748,0,okaePkJr,zUgDRwiy,1495.0
761,0,okaePkJr,zUgDRwiy,6251.0
34,0,DpeufCiu,SGVPbDEb,4090.0
142,0,DpeufCiu,SGVPbDEb,2340.0
565,0,IKzXRYHu,okgTpqCg,339.0
565,0,adAJVrkD,IKzXRYHu,339.0
565,0,LWMiptXI,adAJVrkD,233.0
565,0,IdjjXnkI,LWMiptXI,233.0
565,0,qQFDKzdu,IdjjXnkI,233.0
565,0,okgTpqCg,FfkqCuZM,340.0
560,0,avbDVyxh,WGPbPoOh,483.0
560,0,gzkuviLm,avbDVyxh,483.0
560,0,CkzMckPC,gzkuviLm,483.0
560,0,WywmvGMH,CkzMckPC,483.0
72,0,bjpXdchK,kTKiYpVR,37.0
72,0,dEgXqWEW,bjpXdchK,37.0
72,0,ZWGREbnj,dEgXqWEW,37.0
72,0,cgIzawVB,ZWGREbnj,37.0
72,0,CbYTLXWK,cgIzawVB,37.0
72,0,kWrGTFqC,CbYTLXWK,37.0
72,0,ubEwIGdf,kWrGTFqC,37.0
72,0,aBKtLgYB,ubEwIGdf,37.0
72,0,qduHdsCL,aBKtLgYB,37.0
72,0,GYMzAvFw,qduHdsCL,37.0
72,0,VXAxIwYs,GYMzAvFw,37.0
72,0,ZHWKFCEn,VXAxIwYs,37.0
72,0,KbemmdTp,ZHWKFCEn,37.0
72,0,wTVyxBBy,KbemmdTp,37.0
72,0,LNRgsQQF,wTVyxBBy,37.0
72,0,lhYDMMsV,LNRgsQQF,36.0
72,0,OhgtKZPi,lhYDMMsV,36.0
72,0,MULNmVBJ,OhgtKZPi,36.0
80,0,jiBUapiv,gHkojtqc,4496.0
80,0,ZsSjTAXN,jiBUapiv,4496.0
80,0,QzSmToFg,ZsSjTAXN,4496.0
1330,0,StyZBhjt,PUsFNDSD,2915.0
232,0,CwNQJSvp,KUCrTzrk,3848.0
232,0,yoveVXvd,CwNQJSvp,3862.0
1748,0,PgJqeYYy,okaePkJr,1485.0
761,0,PgJqeYYy,okaePkJr,6216.0
1330,0,HipgKeDY,StyZBhjt,3014.0
80,0,YpZAWuci,QzSmToFg,4264.0
1452,0,jiBUapiv,gHkojtqc,69.0
1452,0,ZsSjTAXN,jiBUapiv,69.0
1452,0,QzSmToFg,ZsSjTAXN,69.0
1452,0,YpZAWuci,QzSmToFg,69.0
1453,0,BxmxkKGC,ojqTFFWy,1776.0
1531,0,okaePkJr,zUgDRwiy,1350.0
1531,0,PgJqeYYy,okaePkJr,1329.0
664,0,okaePkJr,zUgDRwiy,13.0
664,0,PgJqeYYy,okaePkJr,13.0
1330,0,qqkwAIGc,HipgKeDY,3003.0
1330,0,YXiYqIfc,qqkwAIGc,3003.0
1330,0,TxpOiGNK,YXiYqIfc,1612.0
1452,0,gHieypBQ,IOpdOfiF,5730.0
1452,0,vfoDngvn,gHieypBQ,5730.0
1452,0,EPWXwPSq,vfoDngvn,5730.0
1452,0,orpkgmYq,EPWXwPSq,5560.0
1452,0,RXuaQdiQ,orpkgmYq,5404.0
232,0,fvJrDdyT,yoveVXvd,3815.0
1418,0,FoqpqGcp,QhiYKyAt,2381.0
34,0,FaHpkwNs,DpeufCiu,4085.0
142,0,FaHpkwNs,DpeufCiu,2282.0
34,0,kohCEyKT,FaHpkwNs,4070.0
142,0,kohCEyKT,FaHpkwNs,2280.0
992,0,DpeufCiu,SGVPbDEb,6318.0
992,0,FaHpkwNs,DpeufCiu,6318.0
992,0,kohCEyKT,FaHpkwNs,6318.0
1531,0,EsFyleAW,PgJqeYYy,1030.0
1531,0,oPiGTUNA,EsFyleAW,1030.0
1531,0,AsOznvtO,oPiGTUNA,1030.0
1531,0,HjcVXSJw,AsOznvtO,1030.0
1531,0,UPEwDZeZ,HjcVXSJw,1030.0
1531,0,oTQudgUv,UPEwDZeZ,1030.0
1531,0,wteskcXn,oTQudgUv,1029.0
761,0,cQQRUhUD,PgJqeYYy,6530.0
761,0,ZpXtMmnA,cQQRUhUD,6530.0
1434,0,TvsHOuao,EzNIKkYA,6094.0
1434,0,ezYUwAMR,TvsHOuao,6094.0
1434,0,QhiYKyAt,ezYUwAMR,6094.0
796,0,cNuIRYrx,bZroqIhX,783.0
796,0,yNIUaSyZ,cNuIRYrx,783.0
796,0,xiTGCYEl,yNIUaSyZ,783.0
796,0,NXLrCKMp,xiTGCYEl,1088.0
796,0,FyoAuDvn,NXLrCKMp,1088.0
796,0,WOOyqinT,FyoAuDvn,1088.0
796,0,VfTFpfzB,WOOyqinT,1123.0
796,0,ZYYdVixc,VfTFpfzB,1539.0
796,0,gLCWwgiT,ZYYdVixc,1764.0
796,0,jTofnsvB,gLCWwgiT,2216.0
796,0,elmHqfIN,jTofnsvB,2619.0
796,0,YhQOzAWJ,elmHqfIN,2619.0
796,0,zUgDRwiy,YhQOzAWJ,2619.0
796,0,okaePkJr,zUgDRwiy,2619.0
796,0,PgJqeYYy,okaePkJr,2619.0
796,0,cQQRUhUD,PgJqeYYy,2619.0
796,0,ZpXtMmnA,cQQRUhUD,2619.0
1434,0,SGVPbDEb,MtINPaKl,5005.0
1434,0,DpeufCiu,SGVPbDEb,6788.0
1434,0,FaHpkwNs,DpeufCiu,6788.0
1434,0,wMslsCeS,FaHpkwNs,8559.0
1434,0,BTtHvEzM,wMslsCeS,8559.0
1434,0,EzNIKkYA,BTtHvEzM,4995.0
1434,0,aWeSqqrV,gyQqEnFq,2731.0
1434,0,WRVBvtIE,aWeSqqrV,2871.0
1434,0,RuAJZyMI,WRVBvtIE,2886.0
1434,0,MtINPaKl,RuAJZyMI,3618.0
232,0,NajoDNFv,TxpOiGNK,3577.0
232,0,aQxdJxqw,NajoDNFv,3630.0
232,0,GJDHvjGI,aQxdJxqw,3965.0
796,0,bZroqIhX,eTJQHplR,475.0
47,0,paIawFeA,nIakFMcq,8110.0
47,0,bmUdUOzs,paIawFeA,8200.0
463,0,uuIZngLh,rWJbJwsc,3727.0
463,0,gHWJyJxY,uuIZngLh,3727.0
464,0,uuIZngLh,rWJbJwsc,6931.0
464,0,gHWJyJxY,uuIZngLh,6931.0
853,0,OrbXRiVv,anWZyaGW,421.0
853,0,cNuIRYrx,OrbXRiVv,463.0
853,0,yNIUaSyZ,cNuIRYrx,463.0
853,0,xiTGCYEl,yNIUaSyZ,463.0
853,0,NXLrCKMp,xiTGCYEl,463.0
853,0,FyoAuDvn,NXLrCKMp,463.0
853,0,WOOyqinT,FyoAuDvn,463.0
853,0,mnkgCFDT,WOOyqinT,463.0
853,0,kVhbTVuU,mnkgCFDT,463.0
853,0,IoxYvxeH,kVhbTVuU,470.0
853,0,yrlDljAC,IoxYvxeH,379.0
853,0,rBCwdRqs,yrlDljAC,379.0
853,0,olAnplnl,rBCwdRqs,379.0
853,0,hpCuKAjH,olAnplnl,379.0
853,0,tyeyrnYi,hpCuKAjH,379.0
853,0,HezLsNFQ,tyeyrnYi,379.0
853,0,eusqYKWT,HezLsNFQ,65.0
853,0,xOHMcnRu,eusqYKWT,43.0
250,0,HezLsNFQ,tyeyrnYi,7350.0
1748,0,EsFyleAW,PgJqeYYy,349.0
1748,0,oPiGTUNA,EsFyleAW,298.0
1748,0,AsOznvtO,oPiGTUNA,298.0
1748,0,TxpOiGNK,AsOznvtO,298.0
1750,0,llFTEWtD,IulxyPoH,251.0
1750,0,SgXyhVwd,llFTEWtD,251.0
1750,0,fPhIOSOj,SgXyhVwd,343.0
1750,0,HqehCtdr,fPhIOSOj,458.0
1750,0,JafVjQhg,HqehCtdr,472.0
1750,0,hFISFuCO,ojqTFFWy,120.0
1750,0,fQRLOpha,hFISFuCO,120.0
1750,0,PXPVuGmP,fQRLOpha,137.0
1750,0,IulxyPoH,PXPVuGmP,137.0
1418,0,wMslsCeS,iMMoIvpS,206.0
1418,0,BTtHvEzM,wMslsCeS,206.0
71,0,ZYCVVmjG,YKGBeVKa,336.0
374,0,xbhuXgnr,JGydtICe,4.0
374,0,zjGRmLyo,xbhuXgnr,4.0
374,0,EXTmTMKf,zjGRmLyo,4.0
80,0,UWROvtjV,YpZAWuci,4037.0
80,0,aHnvxyXJ,UWROvtjV,4037.0
1452,0,UWROvtjV,YpZAWuci,209.0
1452,0,aHnvxyXJ,UWROvtjV,209.0
369,0,DpeufCiu,SGVPbDEb,3301.0
369,0,kohCEyKT,DpeufCiu,3301.0
369,0,DHQRQBBP,kohCEyKT,3459.0
142,0,DHQRQBBP,kohCEyKT,3187.0
34,0,ZKEtlMvK,kohCEyKT,4376.0
1440,0,DpeufCiu,SGVPbDEb,865.0
1440,0,FaHpkwNs,DpeufCiu,865.0
1440,0,kohCEyKT,FaHpkwNs,865.0
1440,0,DHQRQBBP,kohCEyKT,865.0
130,0,fkhDLNVv,pcONCDTC,41.0
130,0,ZgqhsueA,fkhDLNVv,41.0
130,0,GYxWnXpv,ZgqhsueA,30.0
130,0,mkpQpPSv,GYxWnXpv,30.0
130,0,EIHKZlEa,mkpQpPSv,30.0
130,0,oYdkYEMp,EIHKZlEa,30.0
130,0,TkHOmLHQ,oYdkYEMp,30.0
130,0,SwTowoaO,TkHOmLHQ,30.0
130,0,YvwuVYMF,SwTowoaO,30.0
130,0,vDFCntfg,YvwuVYMF,25.0
130,0,iEKDTvNf,vDFCntfg,25.0
130,0,MyGqmywG,iEKDTvNf,25.0
130,0,NxbXiMUL,MyGqmywG,24.0
130,0,XLVjRryq,NxbXiMUL,23.0
130,0,RVEyrwjR,XLVjRryq,23.0
130,0,gzTQJVMW,RVEyrwjR,23.0
130,0,FZsFzszJ,gzTQJVMW,11.0
130,0,KgwKZlse,FZsFzszJ,9.0
130,0,AoRkaUmb,KgwKZlse,9.0
130,0,ALhaazBT,AoRkaUmb,9.0
130,0,YqlTLIQa,ALhaazBT,9.0
130,0,AUmOMGnp,YqlTLIQa,9.0
130,0,XFPAZveS,AUmOMGnp,9.0
130,0,ojqTFFWy,XFPAZveS,7.0
34,0,aSxVTIYY,ZKEtlMvK,2098.0
369,0,ZKEtlMvK,DHQRQBBP,3296.0
369,0,pjRBTtLk,ZKEtlMvK,3765.0
1440,0,ZKEtlMvK,DHQRQBBP,863.0
1440,0,pjRBTtLk,ZKEtlMvK,1127.0
142,0,ZKEtlMvK,DHQRQBBP,3341.0
142,0,pjRBTtLk,ZKEtlMvK,4852.0
1441,0,hFISFuCO,BxmxkKGC,1542.0
1441,0,byRkdSCW,hFISFuCO,1542.0
1441,0,fQRLOpha,byRkdSCW,1542.0
1441,0,PXPVuGmP,fQRLOpha,1555.0
1441,0,IulxyPoH,PXPVuGmP,1555.0
992,0,ZKEtlMvK,kohCEyKT,6886.0
992,0,pjRBTtLk,ZKEtlMvK,6886.0
1702,0,qrLMfnQh,aQxdJxqw,1298.0
1702,0,nAnfzqIp,qrLMfnQh,1298.0
1702,0,BYibysYA,nAnfzqIp,1298.0
1531,0,NajoDNFv,wteskcXn,665.0
1531,0,aQxdJxqw,NajoDNFv,650.0
1330,0,NajoDNFv,TxpOiGNK,1579.0
1330,0,aQxdJxqw,NajoDNFv,1579.0
679,0,BpAiVnps,RVGhYAxc,1685.0
1568,0,YcrsfAeA,KCvWJpxq,3713.0
1568,0,cfrRCwNB,YcrsfAeA,3715.0
1568,0,TFSGEQcQ,cfrRCwNB,4256.0
1568,0,fjFZwaYy,TFSGEQcQ,4604.0
1568,0,lSWJJvzr,fjFZwaYy,4624.0
1568,0,nxFmOJAJ,lSWJJvzr,4665.0
1568,0,GznDzxNt,nxFmOJAJ,4665.0
1568,0,jappmlZc,GznDzxNt,4665.0
1568,0,JGAJXRSN,jappmlZc,4612.0
1568,0,SDEQaVyD,JGAJXRSN,4533.0
1226,0,SsTrbdxo,qzYXXYmc,12047.0
1226,0,yYFXObAF,SsTrbdxo,12047.0
1226,0,rmVgnKci,yYFXObAF,12047.0
1226,0,xMwzCIXQ,rmVgnKci,11988.0
1263,0,MlqbsUKu,AXkvSZpr,4471.0
1263,0,jaCrAUFK,MlqbsUKu,4453.0
1263,0,oynLwMrX,jaCrAUFK,4456.0
1263,0,EKYbCcms,oynLwMrX,4447.0
1300,0,jaCrAUFK,MlqbsUKu,21526.0
1300,0,oynLwMrX,jaCrAUFK,22136.0
1300,0,EKYbCcms,oynLwMrX,18891.0
1226,0,CEZTRnUo,qflzswAf,7117.0
1226,0,funWfCdm,CEZTRnUo,7117.0
1226,0,rnFrOJMw,funWfCdm,7117.0
1226,0,iaPnRXpR,rnFrOJMw,7150.0
1226,0,PNUwxzRj,iaPnRXpR,8359.0
1226,0,sxclJLmG,PNUwxzRj,8359.0
1226,0,xMTNzVPt,sxclJLmG,8380.0
1226,0,AudzmzeZ,xMTNzVPt,8380.0
1226,0,QVFxizLc,AudzmzeZ,8388.0
1226,0,BKywSEpu,QVFxizLc,8388.0
1226,0,PrwDPVMa,BKywSEpu,8388.0
1226,0,bjPEDqek,PrwDPVMa,8306.0
1226,0,hNvVhacI,bjPEDqek,8306.0
1226,0,qzYXXYmc,hNvVhacI,8278.0
836,0,aojHvPEg,BZCtSmhk,5576.0
836,0,qeXIqBgp,aojHvPEg,5563.0
1748,0,NajoDNFv,TxpOiGNK,328.0
1748,0,aQxdJxqw,NajoDNFv,332.0
1440,0,RZCadHVt,mhTYFecR,1689.0
761,0,NnzcSqlk,mhTYFecR,4820.0
72,0,rilZLDfI,TzZKgVDl,1.0
72,0,kTKiYpVR,rilZLDfI,24.0
72,0,NnzcSqlk,MULNmVBJ,8.0
1330,0,rxopZurY,aQxdJxqw,988.0
34,0,fpInPVFL,aSxVTIYY,1747.0
546,0,oUbtCHRB,jwtMzuEb,11.0
546,0,kSklWvZO,oUbtCHRB,11.0
546,0,wVKhsyCZ,kSklWvZO,11.0
546,0,oZJRchiN,wVKhsyCZ,11.0
546,0,xmGwLlME,oZJRchiN,11.0
546,0,KcBICYpI,xmGwLlME,11.0
546,0,XQiQvefE,KcBICYpI,11.0
546,0,eyUKPfnA,XQiQvefE,11.0
546,0,ZgqhsueA,eyUKPfnA,7.0
546,0,YvwuVYMF,ZgqhsueA,7.0
546,0,FZsFzszJ,YvwuVYMF,6.0
80,0,aBlpKWpT,aHnvxyXJ,3688.0
1452,0,aBlpKWpT,aHnvxyXJ,479.0
1452,0,YBtfPRlp,aBlpKWpT,479.0
1099,0,kGQEnBYZ,bGilRaMJ,8.0
1434,0,FoqpqGcp,QhiYKyAt,5010.0
232,0,rxopZurY,GJDHvjGI,3216.0
1418,0,TvsHOuao,EzNIKkYA,1612.0
1418,0,ezYUwAMR,TvsHOuao,1612.0
1418,0,QhiYKyAt,ezYUwAMR,1612.0
900,0,fTbQcCcQ,BSlPgNeK,88.0
549,0,oUbtCHRB,jwtMzuEb,6.0
549,0,kSklWvZO,oUbtCHRB,6.0
549,0,wVKhsyCZ,kSklWvZO,6.0
549,0,oZJRchiN,wVKhsyCZ,6.0
549,0,xmGwLlME,oZJRchiN,6.0
549,0,KcBICYpI,xmGwLlME,6.0
549,0,XQiQvefE,KcBICYpI,6.0
549,0,eyUKPfnA,XQiQvefE,6.0
549,0,ZgqhsueA,eyUKPfnA,6.0
549,0,YvwuVYMF,ZgqhsueA,6.0
549,0,FZsFzszJ,YvwuVYMF,6.0
549,0,ALhaazBT,FZsFzszJ,6.0
549,0,ejMjPdTH,ALhaazBT,5.0
1434,0,NNeqXfIi,FoqpqGcp,5975.0
1418,0,NNeqXfIi,FoqpqGcp,2828.0
1418,0,aWeSqqrV,gyQqEnFq,26.0
1418,0,WRVBvtIE,aWeSqqrV,26.0
1418,0,RuAJZyMI,WRVBvtIE,26.0
1418,0,MtINPaKl,RuAJZyMI,33.0
1418,0,SGVPbDEb,MtINPaKl,33.0
1418,0,DpeufCiu,SGVPbDEb,49.0
1418,0,FaHpkwNs,DpeufCiu,49.0
1418,0,iMMoIvpS,FaHpkwNs,49.0
1418,0,wbJSAzcX,NNeqXfIi,2825.0
80,0,RwWmKtXH,aBlpKWpT,3519.0
80,0,iWUiEObr,RwWmKtXH,3608.0
1452,0,RwWmKtXH,YBtfPRlp,700.0
1452,0,iWUiEObr,RwWmKtXH,700.0
1226,0,cIQOVqQI,njiqgOWt,10201.0
1226,0,OyAyNkqZ,cIQOVqQI,10182.0
1226,0,XiXLaJEL,OyAyNkqZ,10167.0
1226,0,fzSWURzx,XiXLaJEL,5153.0
1226,0,vyojaKRU,fzSWURzx,5094.0
761,0,DgJlPOry,ZpXtMmnA,4813.0
761,0,inAMLXyk,DgJlPOry,4813.0
761,0,nTEapSQO,inAMLXyk,4813.0
761,0,AKaXSKPc,nTEapSQO,4813.0
1452,0,mkMGVFdU,iWUiEObr,973.0
1452,0,xMYnsmAG,mkMGVFdU,1746.0
1452,0,IOpdOfiF,xMYnsmAG,1747.0
796,0,DgJlPOry,ZpXtMmnA,1505.0
796,0,inAMLXyk,DgJlPOry,1505.0
796,0,nTEapSQO,inAMLXyk,1505.0
796,0,AKaXSKPc,nTEapSQO,1505.0
1300,0,OyAyNkqZ,EKYbCcms,17465.0
401,0,cXqKNsgk,eJfPkird,2422.0
401,0,adPAcDLJ,cXqKNsgk,2422.0
401,0,RTRcFCMg,adPAcDLJ,2412.0
401,0,yYShGLTs,RTRcFCMg,2412.0
401,0,VkUBejwv,yYShGLTs,2533.0
401,0,QuhVipGo,VkUBejwv,2080.0
401,0,IUBOlCKA,QuhVipGo,1956.0
401,0,knSDhEIY,IUBOlCKA,2049.0
401,0,bYtHLndm,knSDhEIY,2154.0
401,0,KbKyxild,bYtHLndm,2154.0
401,0,WzJZybAt,KbKyxild,1016.0
401,0,wBZvskGC,WzJZybAt,974.0
401,0,hlYcHDiv,wBZvskGC,910.0
401,0,ZUUFaTkv,hlYcHDiv,910.0
401,0,TikfrWrm,ZUUFaTkv,910.0
401,0,ojqTFFWy,TikfrWrm,356.0
1349,0,cSSpAgNQ,WUuNWUBH,351.0
1349,0,ChOayZDF,cSSpAgNQ,351.0
1349,0,MCXOFAcE,ChOayZDF,351.0
1349,0,CrEPfbyi,MCXOFAcE,351.0
1349,0,GrmAtQAi,CrEPfbyi,351.0
1349,0,iLbIERty,GrmAtQAi,351.0
1349,0,TPvicaCo,iLbIERty,351.0
1349,0,kzVeZOug,TPvicaCo,351.0
1349,0,mxGSpCzE,kzVeZOug,351.0
1349,0,WlZgmutc,mxGSpCzE,351.0
1349,0,acVCzwtl,WlZgmutc,351.0
1349,0,TIlepZYr,acVCzwtl,238.0
1349,0,BmQLYaPd,TIlepZYr,45.0
1349,0,UvdLYolu,BmQLYaPd,45.0
1349,0,ZFKsyBay,UvdLYolu,45.0
1349,0,suvDbtPR,ZFKsyBay,45.0
1093,0,JOgPNDzu,VYHZxBYO,1626.0
1093,0,KCAssTym,JOgPNDzu,1640.0
1093,0,WhdKokFf,KCAssTym,1780.0
1093,0,QhscbmPA,WhdKokFf,1780.0
1093,0,YVvBKwgW,QhscbmPA,1724.0
1093,0,CcDOWlNm,YVvBKwgW,1759.0
1093,0,yfjUYWEe,CcDOWlNm,1759.0
1019,0,kYVfgfZp,bLNlBUaT,166.0
1019,0,eZiXxBSP,kYVfgfZp,166.0
1019,0,SaZyOqOi,eZiXxBSP,166.0
1019,0,oRpydnwU,SaZyOqOi,227.0
1019,0,yyEOaSxi,oRpydnwU,227.0
1019,0,obftSQtS,yyEOaSxi,205.0
232,0,qXMrbZDt,rxopZurY,3202.0
232,0,qOusBBOu,qXMrbZDt,3202.0
761,0,ECXJHxuC,AKaXSKPc,4982.0
761,0,mhTYFecR,ECXJHxuC,4982.0
541,0,oZJRchiN,wVKhsyCZ,53.0
541,0,xmGwLlME,oZJRchiN,53.0
541,0,KcBICYpI,xmGwLlME,53.0
541,0,XQiQvefE,KcBICYpI,53.0
541,0,eyUKPfnA,XQiQvefE,53.0
541,0,ZgqhsueA,eyUKPfnA,53.0
541,0,YvwuVYMF,ZgqhsueA,53.0
541,0,FZsFzszJ,YvwuVYMF,53.0
541,0,ALhaazBT,FZsFzszJ,53.0
541,0,ejMjPdTH,ALhaazBT,53.0
1029,0,rNCpaLXo,dNagXJoD,1519.0
1434,0,wbJSAzcX,NNeqXfIi,5975.0
1434,0,wHHoYczm,wbJSAzcX,6218.0
1418,0,wHHoYczm,wbJSAzcX,2667.0
835,0,FGqBFXAc,tNjBpHdR,195.0
835,0,GgMfrgKO,XiXLaJEL,1935.0
835,0,tNjBpHdR,GgMfrgKO,1502.0
232,0,ysAqwwWP,qOusBBOu,3182.0
232,0,vCxCuCVD,ysAqwwWP,3182.0
1330,0,qXMrbZDt,rxopZurY,987.0
1330,0,qOusBBOu,qXMrbZDt,987.0
1330,0,vCxCuCVD,qOusBBOu,987.0
1748,0,qXMrbZDt,aQxdJxqw,437.0
1748,0,qOusBBOu,qXMrbZDt,437.0
1748,0,vCxCuCVD,qOusBBOu,449.0
142,0,JAgpxShP,qufiaPgM,119.0
142,0,vnfcOAch,pjRBTtLk,4001.0
142,0,ryJVAbFB,vnfcOAch,4001.0
142,0,ttVqQknl,ryJVAbFB,4003.0
779,0,yHCBRtBd,xnXFAboh,6502.0
779,0,YYKDBDRS,yHCBRtBd,6502.0
779,0,CDXhVrrJ,YYKDBDRS,6502.0
1681,0,vFcwPIzF,qrkdOgPU,67.0
1681,0,fdwfslrS,vFcwPIzF,26.0
1512,0,MlqbsUKu,AXkvSZpr,13995.0
1512,0,jaCrAUFK,MlqbsUKu,13961.0
1512,0,EKYbCcms,jaCrAUFK,13702.0
1512,0,OyAyNkqZ,EKYbCcms,8649.0
1638,0,zQfdkFQV,JafVjQhg,22.0
1638,0,GTWLqqnN,zQfdkFQV,22.0
1638,0,eZeSgSXQ,GTWLqqnN,24.0
1638,0,vBTWrpdh,eZeSgSXQ,24.0
1638,0,xLimUqeT,vBTWrpdh,123.0
1638,0,YcNsXGIy,xLimUqeT,123.0
1638,0,nhwTsEoX,YcNsXGIy,123.0
1638,0,JafVjQhg,RZCadHVt,19.0
1300,0,MlqbsUKu,ntDOQspU,21198.0
147,0,yfzTmEfw,QgwCgjAi,848.0
147,0,mBSaKJib,yfzTmEfw,848.0
147,0,ggaXnTUz,mBSaKJib,699.0
147,0,zJsEFgSs,ggaXnTUz,699.0
147,0,exgtgIgV,zJsEFgSs,708.0
147,0,CvtLjMFW,exgtgIgV,708.0
147,0,vSdfqYeK,CvtLjMFW,708.0
147,0,AmahvgQB,vSdfqYeK,708.0
1263,0,cIQOVqQI,EKYbCcms,4308.0
1263,0,OyAyNkqZ,cIQOVqQI,4308.0
47,0,ojqTFFWy,bmUdUOzs,7985.0
142,0,aZtqChJJ,ttVqQknl,3997.0
170,0,oUmVLfUX,FCeDiZsN,791.0
170,0,fJdABIlw,oUmVLfUX,791.0
170,0,mXwfazRz,fJdABIlw,718.0
170,0,NGAodVTg,mXwfazRz,436.0
170,0,TvGyfQSI,NGAodVTg,436.0
170,0,HFYkXdPG,TvGyfQSI,436.0
170,0,KjgVoxgR,HFYkXdPG,406.0
170,0,xTOrUJFO,KjgVoxgR,355.0
170,0,EmkugZPX,xTOrUJFO,352.0
170,0,lmZJehpq,EmkugZPX,352.0
170,0,tDDddUJb,lmZJehpq,352.0
170,0,RVGhYAxc,tDDddUJb,351.0
170,0,BpAiVnps,RVGhYAxc,299.0
992,0,vnfcOAch,pjRBTtLk,6702.0
992,0,ryJVAbFB,vnfcOAch,6702.0
992,0,ttVqQknl,ryJVAbFB,6702.0
992,0,aZtqChJJ,ttVqQknl,6712.0
122,0,NCSBLEus,AJLJQqsT,1.0
122,0,xfbmoJHP,NCSBLEus,1.0
122,0,WdOwNGhj,xfbmoJHP,1.0
122,0,kKKRBhFF,WdOwNGhj,1.0
122,0,NFInfBeu,kKKRBhFF,1.0
122,0,VCQdmIoF,NFInfBeu,1.0
122,0,ePrpofUw,VCQdmIoF,1.0
122,0,KcvPUxQg,ePrpofUw,1.0
122,0,BlnSxBAr,KcvPUxQg,1.0
122,0,TCBUGaZf,BlnSxBAr,1.0
122,0,pzcCDVmZ,TCBUGaZf,1.0
122,0,oUmVLfUX,pzcCDVmZ,1.0
122,0,fJdABIlw,oUmVLfUX,1.0
122,0,mXwfazRz,fJdABIlw,1.0
122,0,NGAodVTg,mXwfazRz,1.0
122,0,TvGyfQSI,NGAodVTg,1.0
122,0,HFYkXdPG,TvGyfQSI,1.0
122,0,KjgVoxgR,HFYkXdPG,1.0
122,0,xTOrUJFO,KjgVoxgR,1.0
122,0,EmkugZPX,xTOrUJFO,1.0
122,0,lmZJehpq,EmkugZPX,1.0
122,0,tDDddUJb,lmZJehpq,1.0
122,0,RVGhYAxc,tDDddUJb,1.0
122,0,BpAiVnps,RVGhYAxc,1.0
129,0,oUmVLfUX,pzcCDVmZ,729.0
129,0,fJdABIlw,oUmVLfUX,729.0
129,0,mXwfazRz,fJdABIlw,729.0
129,0,NGAodVTg,mXwfazRz,724.0
129,0,TvGyfQSI,NGAodVTg,724.0
129,0,HFYkXdPG,TvGyfQSI,724.0
129,0,KjgVoxgR,HFYkXdPG,720.0
129,0,xTOrUJFO,KjgVoxgR,713.0
129,0,EmkugZPX,xTOrUJFO,713.0
129,0,lmZJehpq,EmkugZPX,713.0
369,0,vnfcOAch,pjRBTtLk,3363.0
369,0,ryJVAbFB,vnfcOAch,3363.0
369,0,ttVqQknl,ryJVAbFB,3361.0
369,0,aZtqChJJ,ttVqQknl,3361.0
80,0,yGnjFAhM,iWUiEObr,3250.0
232,0,LDSuadxM,vCxCuCVD,2251.0
1330,0,lUWTaWkd,vCxCuCVD,655.0
796,0,ECXJHxuC,AKaXSKPc,1276.0
796,0,mhTYFecR,ECXJHxuC,1276.0
796,0,RZCadHVt,mhTYFecR,1002.0
1440,0,vnfcOAch,pjRBTtLk,984.0
1440,0,ryJVAbFB,vnfcOAch,984.0
1440,0,ttVqQknl,ryJVAbFB,984.0
1440,0,aZtqChJJ,ttVqQknl,1000.0
142,0,wrFiwNtD,aZtqChJJ,3668.0
142,0,deapEAbC,wrFiwNtD,3699.0
992,0,deapEAbC,aZtqChJJ,5960.0
369,0,deapEAbC,aZtqChJJ,3360.0
853,0,QHFmFyLR,EkWBPXmr,132.0
853,0,neNWquOh,QHFmFyLR,132.0
853,0,KwaxxmSs,neNWquOh,132.0
853,0,gzZgDndk,KwaxxmSs,132.0
853,0,NQaaFyOm,gzZgDndk,238.0
853,0,iPNesxKP,NQaaFyOm,239.0
853,0,lctVuVOk,iPNesxKP,288.0
853,0,EocVuyzS,lctVuVOk,290.0
853,0,lwcIkPvE,EocVuyzS,290.0
853,0,suszCmcx,lwcIkPvE,290.0
853,0,UTBcifAN,suszCmcx,290.0
853,0,HQVZivsH,UTBcifAN,368.0
853,0,DeiIsjyA,HQVZivsH,368.0
853,0,anWZyaGW,DeiIsjyA,405.0
719,0,RfEbENxd,jQaLNViL,321.0
719,0,uxsctOEt,RfEbENxd,517.0
719,0,UfJDroVz,uxsctOEt,517.0
719,0,TcsyXYNn,UfJDroVz,517.0
719,0,qKeCDDXI,TcsyXYNn,578.0
719,0,YmkUpvHU,qKeCDDXI,697.0
719,0,WOOyqinT,YmkUpvHU,697.0
719,0,mnkgCFDT,WOOyqinT,697.0
719,0,kVhbTVuU,mnkgCFDT,704.0
719,0,IoxYvxeH,kVhbTVuU,718.0
719,0,yrlDljAC,IoxYvxeH,662.0
719,0,FCQHCFVm,yrlDljAC,662.0
719,0,rBCwdRqs,FCQHCFVm,662.0
719,0,olAnplnl,rBCwdRqs,662.0
719,0,hpCuKAjH,olAnplnl,668.0
719,0,tyeyrnYi,hpCuKAjH,668.0
719,0,HezLsNFQ,tyeyrnYi,668.0
1512,0,XiXLaJEL,OyAyNkqZ,8169.0
1512,0,vyojaKRU,XiXLaJEL,4882.0
1512,0,puwcRgFs,vyojaKRU,4674.0
1512,0,ojqTFFWy,puwcRgFs,2256.0
1512,0,SEVBrkvc,ojqTFFWy,1367.0
1512,0,qPtpgxic,SEVBrkvc,1314.0
1512,0,gGkadTNm,qPtpgxic,952.0
1512,0,CbcrfuAf,gGkadTNm,934.0
779,0,lOyAoICg,CbcrfuAf,9643.0
779,0,GpOUDfXM,lOyAoICg,9643.0
779,0,UTnQirag,GpOUDfXM,8860.0
779,0,tkWZZFES,UTnQirag,8860.0
779,0,JKUqFAhf,tkWZZFES,8580.0
779,0,SEVBrkvc,ojqTFFWy,403.0
779,0,KzCxlBoL,SEVBrkvc,439.0
779,0,qPtpgxic,KzCxlBoL,439.0
779,0,RyPegcUV,qPtpgxic,680.0
779,0,gGkadTNm,RyPegcUV,680.0
779,0,CbcrfuAf,gGkadTNm,880.0
1434,0,JPWycazw,wHHoYczm,6531.0
1434,0,SapgsLPr,JPWycazw,6536.0
1434,0,OyAyNkqZ,SapgsLPr,6679.0
1434,0,XiXLaJEL,OyAyNkqZ,8520.0
1434,0,fzSWURzx,XiXLaJEL,8963.0
1434,0,vyojaKRU,fzSWURzx,8912.0
1434,0,puwcRgFs,vyojaKRU,9308.0
1434,0,zjKsBdNQ,puwcRgFs,9322.0
1434,0,ojqTFFWy,zjKsBdNQ,9322.0
1434,0,RTafItqF,ojqTFFWy,9280.0
1434,0,SEVBrkvc,RTafItqF,10879.0
1434,0,KzCxlBoL,SEVBrkvc,9933.0
1434,0,qPtpgxic,KzCxlBoL,9846.0
1434,0,RyPegcUV,qPtpgxic,6733.0
1434,0,gGkadTNm,RyPegcUV,5976.0
1434,0,CbcrfuAf,gGkadTNm,5817.0
1300,0,XiXLaJEL,OyAyNkqZ,16939.0
1300,0,puwcRgFs,XiXLaJEL,17946.0
1300,0,ojqTFFWy,puwcRgFs,11616.0
1300,0,SEVBrkvc,ojqTFFWy,11441.0
1300,0,KzCxlBoL,SEVBrkvc,11290.0
1300,0,qPtpgxic,KzCxlBoL,11290.0
1300,0,gGkadTNm,qPtpgxic,10710.0
1300,0,CbcrfuAf,gGkadTNm,10375.0
1418,0,JPWycazw,wHHoYczm,2669.0
1418,0,XiXLaJEL,OyAyNkqZ,2662.0
1418,0,fzSWURzx,XiXLaJEL,590.0
1418,0,vyojaKRU,fzSWURzx,585.0
1418,0,puwcRgFs,vyojaKRU,220.0
1418,0,zjKsBdNQ,puwcRgFs,220.0
1418,0,ojqTFFWy,zjKsBdNQ,220.0
1085,0,zjKsBdNQ,puwcRgFs,15164.0
1085,0,ojqTFFWy,zjKsBdNQ,15164.0
778,0,zEOiVqLB,MpBHVRZl,2397.0
778,0,JvovwZNp,zEOiVqLB,2209.0
778,0,XUTqNKWc,JvovwZNp,2111.0
778,0,sPGYwoyj,XUTqNKWc,2111.0
778,0,OeZVKJdr,sPGYwoyj,2111.0
778,0,lhSIyIfw,OeZVKJdr,2074.0
778,0,cgSMZptb,lhSIyIfw,2074.0
778,0,fdwLSfsa,cgSMZptb,2074.0
778,0,wuAzVrCW,fdwLSfsa,1439.0
778,0,mRKfPREJ,wuAzVrCW,1439.0
778,0,HeRuYpNs,mRKfPREJ,1439.0
778,0,qRJySzaf,HeRuYpNs,1299.0
778,0,LTfflVxG,qRJySzaf,1299.0
1258,0,RYTcAdhr,yLFlKjKg,3063.0
1258,0,isWzWnoW,RYTcAdhr,3063.0
1258,0,fcSUqaEW,isWzWnoW,3063.0
1258,0,YJykDsrc,fcSUqaEW,3063.0
835,0,XiXLaJEL,OyAyNkqZ,4132.0
780,0,lhSIyIfw,OeZVKJdr,2799.0
1263,0,XiXLaJEL,OyAyNkqZ,4242.0
1263,0,fzSWURzx,XiXLaJEL,2098.0
1638,0,GzRNfXCs,nhwTsEoX,117.0
1638,0,BFOlxony,GzRNfXCs,117.0
429,0,sUYaNmKG,mnkgCFDT,645.0
429,0,ntDOQspU,sUYaNmKG,645.0
429,0,MlqbsUKu,ntDOQspU,644.0
429,0,jaCrAUFK,MlqbsUKu,621.0
429,0,erTTuCGB,jaCrAUFK,620.0
429,0,OyAyNkqZ,erTTuCGB,556.0
429,0,XiXLaJEL,OyAyNkqZ,556.0
1275,0,qQrteapK,lqMPnIra,1187.0
1275,0,sZwmfbNt,qQrteapK,1187.0
1275,0,oBjbzljy,sZwmfbNt,1046.0
1275,0,aYSqaQmJ,oBjbzljy,1046.0
1275,0,zgCGmKZn,aYSqaQmJ,1046.0
1275,0,JKFFGKvY,zgCGmKZn,1046.0
1275,0,EVAUYvVR,JKFFGKvY,1046.0
1275,0,GYfZYaJh,EVAUYvVR,1046.0
1275,0,OpgRCgWV,GYfZYaJh,1046.0
1275,0,ntDOQspU,OpgRCgWV,1046.0
1275,0,MlqbsUKu,ntDOQspU,1046.0
1275,0,jaCrAUFK,MlqbsUKu,1046.0
1275,0,EKYbCcms,jaCrAUFK,1046.0
1275,0,OyAyNkqZ,EKYbCcms,1046.0
1275,0,XiXLaJEL,OyAyNkqZ,1046.0
1568,0,qOuhMtTj,xOhGqygU,3139.0
1568,0,KCvWJpxq,qOuhMtTj,3139.0
1638,0,aDIiTyCi,BFOlxony,116.0
1083,0,vyojaKRU,eaNsVWDR,1093.0
1638,0,RZCadHVt,ERlrnknW,8.0
75,0,rilZLDfI,TzZKgVDl,218.0
75,0,kTKiYpVR,rilZLDfI,202.0
75,0,bjpXdchK,kTKiYpVR,211.0
75,0,dEgXqWEW,bjpXdchK,211.0
75,0,ZWGREbnj,dEgXqWEW,211.0
75,0,cgIzawVB,ZWGREbnj,211.0
75,0,CbYTLXWK,cgIzawVB,211.0
75,0,kWrGTFqC,CbYTLXWK,211.0
75,0,ubEwIGdf,kWrGTFqC,200.0
75,0,aBKtLgYB,ubEwIGdf,200.0
75,0,qduHdsCL,aBKtLgYB,200.0
75,0,GYMzAvFw,qduHdsCL,200.0
75,0,VXAxIwYs,GYMzAvFw,200.0
75,0,ZHWKFCEn,VXAxIwYs,200.0
75,0,ljcnUKfU,ZHWKFCEn,196.0
75,0,ngHHCDQb,ljcnUKfU,196.0
75,0,gKNaWgzA,ngHHCDQb,192.0
75,0,mTKelVZs,gKNaWgzA,192.0
75,0,xjlhzjUh,mTKelVZs,189.0
75,0,fGCuvnjJ,xjlhzjUh,188.0
75,0,CsZszdUY,fGCuvnjJ,188.0
75,0,GFWgXvCF,CsZszdUY,188.0
75,0,TFRpjaAo,GFWgXvCF,188.0
75,0,JhdinCeD,TFRpjaAo,188.0
75,0,ZIieNEvD,JhdinCeD,188.0
75,0,jvLymITs,ZIieNEvD,188.0
75,0,jJVVpGMf,jvLymITs,180.0
75,0,tcYerYbk,jJVVpGMf,180.0
75,0,pPKqPUVW,tcYerYbk,180.0
75,0,iYTiOTOT,pPKqPUVW,180.0
75,0,dLtneiKf,iYTiOTOT,180.0
75,0,slfxTuih,dLtneiKf,180.0
75,0,XFPAZveS,slfxTuih,166.0
564,0,lUWTaWkd,RZCadHVt,180.0
564,0,hApOmpAO,lUWTaWkd,341.0
564,0,glrALKnP,hApOmpAO,341.0
564,0,FHApcaDQ,glrALKnP,846.0
796,0,lUWTaWkd,RZCadHVt,836.0
796,0,glrALKnP,lUWTaWkd,836.0
804,0,NXLrCKMp,xiTGCYEl,145.0
804,0,FyoAuDvn,NXLrCKMp,145.0
804,0,GpnhEWuy,FyoAuDvn,163.0
804,0,fNoKcjVu,GpnhEWuy,163.0
804,0,ZeFKXxfu,fNoKcjVu,170.0
804,0,wYWONrrr,ZeFKXxfu,287.0
804,0,jTofnsvB,wYWONrrr,287.0
804,0,elmHqfIN,jTofnsvB,317.0
804,0,YhQOzAWJ,elmHqfIN,317.0
804,0,zUgDRwiy,YhQOzAWJ,650.0
804,0,okaePkJr,zUgDRwiy,813.0
804,0,PgJqeYYy,okaePkJr,813.0
804,0,cQQRUhUD,PgJqeYYy,953.0
804,0,ZpXtMmnA,cQQRUhUD,953.0
804,0,DgJlPOry,ZpXtMmnA,953.0
804,0,inAMLXyk,DgJlPOry,953.0
804,0,AKaXSKPc,inAMLXyk,953.0
804,0,HdtICUKG,AKaXSKPc,984.0
804,0,mhTYFecR,HdtICUKG,984.0
804,0,jPdkntFF,mhTYFecR,1219.0
804,0,gQTRJpmv,jPdkntFF,1219.0
1748,0,NnzcSqlk,vCxCuCVD,338.0
1748,0,qehlKNkR,NnzcSqlk,338.0
1748,0,ZFFevgPB,qehlKNkR,338.0
1440,0,lUWTaWkd,RZCadHVt,809.0
1440,0,hApOmpAO,lUWTaWkd,853.0
1440,0,qehlKNkR,hApOmpAO,853.0
1440,0,ZFFevgPB,qehlKNkR,853.0
796,0,qehlKNkR,glrALKnP,803.0
796,0,sZNeRfOC,qehlKNkR,803.0
796,0,HajxumVd,sZNeRfOC,803.0
1440,0,sZNeRfOC,ZFFevgPB,787.0
1440,0,HajxumVd,sZNeRfOC,787.0
80,0,sAYtjSkX,yGnjFAhM,3153.0
779,0,qKwvXMmm,uxBjVsKf,1642.0
779,0,BNQPEsdW,qKwvXMmm,1642.0
54,0,bmUdUOzs,VTHwomVj,1747.0
235,0,MgruBUee,RVGhYAxc,4087.0
235,0,BpAiVnps,MgruBUee,2909.0
1702,0,ALndweLA,BYibysYA,804.0
1748,0,sZNeRfOC,ZFFevgPB,343.0
1748,0,HajxumVd,sZNeRfOC,343.0
804,0,BGrlRyyC,gQTRJpmv,831.0
564,0,rydzAjNc,FHApcaDQ,350.0
564,0,cekWZWmD,rydzAjNc,350.0
564,0,ngHHCDQb,cekWZWmD,350.0
142,0,nunLDRbE,deapEAbC,1606.0
142,0,oRUBDfuD,nunLDRbE,1606.0
142,0,qQJgvOFz,oRUBDfuD,1606.0
142,0,qVPPKIYf,qQJgvOFz,1403.0
142,0,zvByLoIK,qVPPKIYf,1379.0
804,0,WLRLSlmn,BGrlRyyC,797.0
565,0,vcCubJJz,ykEzhWPm,546.0
565,0,CJfGjHZT,vcCubJJz,546.0
565,0,oAltlCRB,CJfGjHZT,546.0
565,0,FfkqCuZM,oAltlCRB,546.0
1440,0,LhQSpAzy,HajxumVd,685.0
1440,0,pwpCkicC,LhQSpAzy,685.0
815,0,VEafRBFt,LjfvDYFE,20.0
815,0,EPhoDTHz,VEafRBFt,20.0
815,0,WGPbPoOh,EPhoDTHz,20.0
815,0,avbDVyxh,WGPbPoOh,19.0
815,0,gzkuviLm,avbDVyxh,19.0
815,0,CkzMckPC,gzkuviLm,19.0
815,0,WywmvGMH,CkzMckPC,19.0
815,0,AesbwnPs,WywmvGMH,19.0
815,0,hzAARBgX,AesbwnPs,19.0
815,0,IjDfGHsr,hzAARBgX,18.0
815,0,TFRpjaAo,IjDfGHsr,18.0
815,0,JhdinCeD,TFRpjaAo,18.0
815,0,ZIieNEvD,JhdinCeD,18.0
815,0,jvLymITs,ZIieNEvD,18.0
815,0,IANlmbvg,pnYEWPBG,10.0
815,0,LjfvDYFE,IANlmbvg,11.0
780,0,sPGYwoyj,XUTqNKWc,2766.0
780,0,OeZVKJdr,sPGYwoyj,2766.0
780,0,cgSMZptb,lhSIyIfw,3681.0
804,0,gDjMHgkU,WLRLSlmn,738.0
565,0,BxmxkKGC,ojqTFFWy,32.0
565,0,lfmzBYXb,BxmxkKGC,435.0
565,0,TQhrUKrf,lfmzBYXb,435.0
565,0,hFISFuCO,TQhrUKrf,435.0
565,0,IJrmTLNf,hFISFuCO,435.0
565,0,byRkdSCW,IJrmTLNf,435.0
565,0,fQRLOpha,byRkdSCW,435.0
565,0,PXPVuGmP,fQRLOpha,444.0
565,0,ykEzhWPm,PXPVuGmP,444.0
80,0,yhYCDbZJ,sAYtjSkX,2756.0
80,0,ebBIwNsf,yhYCDbZJ,2756.0
992,0,nunLDRbE,deapEAbC,8204.0
992,0,oRUBDfuD,nunLDRbE,8204.0
992,0,qQJgvOFz,oRUBDfuD,8204.0
992,0,kbNsckqG,qQJgvOFz,8221.0
561,0,BxmxkKGC,ojqTFFWy,1171.0
561,0,lfmzBYXb,BxmxkKGC,1568.0
561,0,TQhrUKrf,lfmzBYXb,1581.0
804,0,rpBBoUBR,gDjMHgkU,394.0
804,0,WwOeNuda,rpBBoUBR,394.0
804,0,KFegxKuC,WwOeNuda,394.0
804,0,aVjeFnZb,KFegxKuC,394.0
804,0,fvPlIFug,aVjeFnZb,394.0
75,0,EWgolfjF,HGpTnntY,367.0
75,0,TzZKgVDl,EWgolfjF,108.0
75,0,zzxlwhdI,wssOAckJ,10.0
75,0,HGpTnntY,zzxlwhdI,199.0
561,0,rIWwRQFx,HkgLsGZV,1715.0
561,0,cfakSbWj,rIWwRQFx,1715.0
561,0,oAtDCozl,cfakSbWj,1715.0
561,0,hFISFuCO,TQhrUKrf,1579.0
561,0,IJrmTLNf,hFISFuCO,1579.0
561,0,byRkdSCW,IJrmTLNf,1579.0
561,0,HkgLsGZV,byRkdSCW,1579.0
561,0,cbQZDOwf,oAtDCozl,1673.0
992,0,VHmQaoRO,kbNsckqG,8219.0
369,0,nunLDRbE,deapEAbC,3034.0
369,0,oRUBDfuD,nunLDRbE,3034.0
369,0,qQJgvOFz,oRUBDfuD,3034.0
369,0,kbNsckqG,qQJgvOFz,3163.0
369,0,VHmQaoRO,kbNsckqG,3163.0
33,0,aWeSqqrV,gyQqEnFq,129.0
33,0,WRVBvtIE,aWeSqqrV,129.0
33,0,RuAJZyMI,WRVBvtIE,129.0
33,0,MtINPaKl,RuAJZyMI,129.0
33,0,SGVPbDEb,MtINPaKl,129.0
33,0,DpeufCiu,SGVPbDEb,129.0
33,0,FaHpkwNs,DpeufCiu,129.0
33,0,kohCEyKT,FaHpkwNs,129.0
33,0,ZKEtlMvK,kohCEyKT,129.0
33,0,pjRBTtLk,ZKEtlMvK,129.0
33,0,vnfcOAch,pjRBTtLk,129.0
33,0,ryJVAbFB,vnfcOAch,129.0
33,0,ttVqQknl,ryJVAbFB,129.0
33,0,aZtqChJJ,ttVqQknl,129.0
33,0,deapEAbC,aZtqChJJ,129.0
33,0,nunLDRbE,deapEAbC,129.0
33,0,oRUBDfuD,nunLDRbE,129.0
33,0,qQJgvOFz,oRUBDfuD,129.0
33,0,kbNsckqG,qQJgvOFz,129.0
33,0,VHmQaoRO,kbNsckqG,129.0
382,0,YKGBeVKa,EPQxNUoM,607.0
382,0,ZYCVVmjG,YKGBeVKa,607.0
382,0,tNSMkSfB,ZYCVVmjG,607.0
382,0,vaPtcLuK,tNSMkSfB,605.0
382,0,dEwNKLNy,vaPtcLuK,605.0
382,0,fzmnvqlX,dEwNKLNy,25.0
382,0,RyhuDLev,fzmnvqlX,25.0
779,0,NTCwKKsF,JKUqFAhf,7143.0
779,0,xnXFAboh,NTCwKKsF,7143.0
80,0,SdEWNrvb,ImuPiggn,2066.0
80,0,ZIvIwqTW,SdEWNrvb,2066.0
80,0,beniIHzL,ZIvIwqTW,59.0
780,0,JMPYaKbU,IGRxApsM,1302.0
816,0,rIWwRQFx,HkgLsGZV,32.0
816,0,cfakSbWj,rIWwRQFx,32.0
816,0,oAtDCozl,cfakSbWj,32.0
816,0,cbQZDOwf,oAtDCozl,32.0
816,0,lrlWhBjT,cbQZDOwf,32.0
816,0,KoIahnfw,lrlWhBjT,35.0
816,0,seSDLBYx,KoIahnfw,35.0
816,0,aBkDdFJm,seSDLBYx,35.0
816,0,UKIbRYBp,aBkDdFJm,35.0
816,0,wdXbjior,UKIbRYBp,35.0
816,0,rkDXPoao,wdXbjior,35.0
816,0,VMeHkHot,rkDXPoao,37.0
816,0,hpqGMkEd,VMeHkHot,37.0
816,0,ugwdZZUk,hpqGMkEd,37.0
1557,0,GpnhEWuy,FyoAuDvn,347.0
1557,0,fNoKcjVu,GpnhEWuy,362.0
1557,0,ZeFKXxfu,fNoKcjVu,517.0
1557,0,wYWONrrr,ZeFKXxfu,536.0
1557,0,jTofnsvB,wYWONrrr,536.0
1557,0,YhQOzAWJ,jTofnsvB,1338.0
1557,0,mexFgKBp,YhQOzAWJ,1339.0
1557,0,okaePkJr,mexFgKBp,1612.0
1557,0,PgJqeYYy,okaePkJr,1633.0
1557,0,cQQRUhUD,PgJqeYYy,1668.0
1557,0,ZpXtMmnA,cQQRUhUD,1668.0
1557,0,inAMLXyk,ZpXtMmnA,1857.0
1557,0,nTEapSQO,inAMLXyk,1857.0
1557,0,AKaXSKPc,nTEapSQO,1857.0
1557,0,HdtICUKG,AKaXSKPc,1862.0
1557,0,qtbZyrFG,HdtICUKG,1862.0
1557,0,ECXJHxuC,qtbZyrFG,1862.0
1557,0,mhTYFecR,ECXJHxuC,1862.0
1557,0,ODVCvUnB,mhTYFecR,1990.0
1557,0,jPdkntFF,ODVCvUnB,1990.0
1557,0,gQTRJpmv,jPdkntFF,1990.0
1557,0,WLRLSlmn,gQTRJpmv,1995.0
1557,0,ArfZenbk,WLRLSlmn,2004.0
1557,0,ugwdZZUk,ArfZenbk,2014.0
1557,0,cNuIRYrx,bZroqIhX,206.0
1557,0,yNIUaSyZ,cNuIRYrx,206.0
1557,0,xiTGCYEl,yNIUaSyZ,206.0
1557,0,NXLrCKMp,xiTGCYEl,272.0
1557,0,FyoAuDvn,NXLrCKMp,272.0
129,0,tDDddUJb,lmZJehpq,303.0
816,0,oTJYLjwC,ugwdZZUk,30.0
1175,0,QEnOoljA,pYAYKpHc,454.0
1175,0,aLyOqIFS,QEnOoljA,264.0
1175,0,UmISPPJO,aLyOqIFS,251.0
1175,0,VPUbGzfh,UmISPPJO,251.0
1175,0,MVExtcyL,VPUbGzfh,251.0
1175,0,bciZjPUu,MVExtcyL,251.0
1175,0,ogOCBKAf,bciZjPUu,251.0
1205,0,bHagonKv,uGkwFELU,4.0
1205,0,Vlipnutt,bHagonKv,4.0
1205,0,XiLvnZTk,Vlipnutt,4.0
1205,0,FStgRiBS,XiLvnZTk,4.0
1205,0,GkYZbgqg,FStgRiBS,4.0
1205,0,FlYjxOxQ,GkYZbgqg,4.0
1205,0,wFSILCzc,FlYjxOxQ,4.0
1205,0,yQQuLFAg,wFSILCzc,4.0
1205,0,rUKSlFeh,yQQuLFAg,4.0
1205,0,rckblBTM,rUKSlFeh,4.0
1205,0,gKoyUmab,rckblBTM,4.0
1205,0,fGmFhgnx,gKoyUmab,4.0
1205,0,XyHfgUxW,fGmFhgnx,4.0
1205,0,zjjLSYAp,XyHfgUxW,4.0
1205,0,nIakFMcq,zjjLSYAp,4.0
1174,0,aLyOqIFS,QEnOoljA,1300.0
1174,0,UmISPPJO,aLyOqIFS,1300.0
1174,0,VPUbGzfh,UmISPPJO,1299.0
1174,0,MVExtcyL,VPUbGzfh,1299.0
1174,0,bciZjPUu,MVExtcyL,1299.0
1174,0,ogOCBKAf,bciZjPUu,1224.0
401,0,bYNwHuWo,KjiBWoqR,773.0
401,0,MFfExqBx,bYNwHuWo,772.0
401,0,qWvzRbGV,MFfExqBx,734.0
401,0,PRzaSxQc,qWvzRbGV,734.0
401,0,bfKiOFsS,PRzaSxQc,734.0
401,0,eGbCulMV,bfKiOFsS,734.0
401,0,CRVKBFrv,eGbCulMV,734.0
401,0,zjOknQHK,CRVKBFrv,1347.0
401,0,FrKNovDQ,zjOknQHK,1347.0
401,0,kgNzHUbI,FrKNovDQ,1347.0
157,0,aLyOqIFS,QEnOoljA,32.0
157,0,UmISPPJO,aLyOqIFS,32.0
157,0,VPUbGzfh,UmISPPJO,32.0
157,0,MVExtcyL,VPUbGzfh,32.0
157,0,bciZjPUu,MVExtcyL,32.0
157,0,ogOCBKAf,bciZjPUu,18.0
157,0,PhjcDdmq,ogOCBKAf,3.0
157,0,bHagonKv,PhjcDdmq,3.0
157,0,Vlipnutt,bHagonKv,3.0
157,0,CcjcuryA,Vlipnutt,3.0
157,0,FStgRiBS,CcjcuryA,3.0
157,0,GkYZbgqg,FStgRiBS,3.0
157,0,FlYjxOxQ,GkYZbgqg,3.0
157,0,wFSILCzc,FlYjxOxQ,3.0
157,0,yQQuLFAg,wFSILCzc,3.0
157,0,rUKSlFeh,yQQuLFAg,3.0
157,0,rckblBTM,rUKSlFeh,3.0
157,0,gKoyUmab,rckblBTM,3.0
157,0,fGmFhgnx,gKoyUmab,3.0
157,0,XyHfgUxW,fGmFhgnx,3.0
157,0,zjjLSYAp,XyHfgUxW,3.0
157,0,wrsPDGBQ,zjjLSYAp,3.0
1168,0,XBBRJpEo,iqwUvhKg,26.0
1168,0,yfDSCLNC,XBBRJpEo,23.0
1168,0,eUWmFhmU,yfDSCLNC,23.0
1168,0,PaIXMFSn,eUWmFhmU,23.0
1168,0,xWjNpCho,PaIXMFSn,23.0
1168,0,drCNaUUd,xWjNpCho,21.0
1168,0,GiLGTLpB,drCNaUUd,21.0
1168,0,uCrZVfKw,GiLGTLpB,21.0
1168,0,ibPVFfKv,uCrZVfKw,21.0
1168,0,MokitPrF,ibPVFfKv,21.0
1168,0,WWVpYMJI,MokitPrF,21.0
1168,0,UmISPPJO,WWVpYMJI,21.0
1168,0,VPUbGzfh,UmISPPJO,21.0
1168,0,MVExtcyL,VPUbGzfh,21.0
1168,0,bciZjPUu,MVExtcyL,21.0
1168,0,ogOCBKAf,bciZjPUu,21.0
1171,0,aLyOqIFS,QEnOoljA,114.0
1171,0,UmISPPJO,aLyOqIFS,114.0
1171,0,VPUbGzfh,UmISPPJO,114.0
1171,0,MVExtcyL,VPUbGzfh,114.0
1171,0,bciZjPUu,MVExtcyL,114.0
1171,0,ogOCBKAf,bciZjPUu,108.0
561,0,lrlWhBjT,cbQZDOwf,1671.0
429,0,vyojaKRU,XiXLaJEL,472.0
429,0,puwcRgFs,vyojaKRU,456.0
429,0,ojqTFFWy,puwcRgFs,242.0
292,0,SlfNpref,aUPouXsN,1522.0
292,0,mTbspdLq,SlfNpref,1522.0
292,0,nrKKniYe,mTbspdLq,1522.0
292,0,SWnceHEw,nrKKniYe,1820.0
292,0,AjJCgCBk,SWnceHEw,1820.0
1263,0,vyojaKRU,fzSWURzx,1757.0
1263,0,puwcRgFs,vyojaKRU,1179.0
1263,0,zjKsBdNQ,puwcRgFs,141.0
1263,0,ojqTFFWy,zjKsBdNQ,140.0
1748,0,LhQSpAzy,HajxumVd,253.0
1748,0,pwpCkicC,LhQSpAzy,253.0
1326,0,XyHfgUxW,fGmFhgnx,537.0
1557,0,zjSZrmjo,ugwdZZUk,1466.0
816,0,zjSZrmjo,oTJYLjwC,7.0
80,0,BzJNmTUM,ebBIwNsf,2575.0
80,0,qLEwgwyN,BzJNmTUM,2575.0
80,0,WDOOnJlC,qLEwgwyN,2575.0
561,0,KoIahnfw,lrlWhBjT,588.0
561,0,seSDLBYx,KoIahnfw,582.0
561,0,aBkDdFJm,seSDLBYx,575.0
561,0,UKIbRYBp,aBkDdFJm,575.0
561,0,wdXbjior,UKIbRYBp,575.0
561,0,rkDXPoao,wdXbjior,575.0
664,0,EsFyleAW,PgJqeYYy,1.0
1682,0,HDoiyQXO,TVdcjRlg,27.0
1682,0,brwCoXzb,HDoiyQXO,27.0
1682,0,LZThInHz,brwCoXzb,27.0
1682,0,whTcIvgZ,LZThInHz,27.0
1682,0,NKGBUaFm,whTcIvgZ,27.0
1682,0,qrkdOgPU,NKGBUaFm,88.0
992,0,MlXQVZuf,VHmQaoRO,6697.0
992,0,QxkHLGuk,MlXQVZuf,6697.0
985,0,vspNPtqb,jeadfqyj,32.0
985,0,jiaBsTdI,vspNPtqb,32.0
985,0,iVtHnErr,jiaBsTdI,32.0
985,0,nsjiKPCz,iVtHnErr,32.0
985,0,vfdAIPGv,nsjiKPCz,32.0
985,0,inJVXMtB,vfdAIPGv,32.0
985,0,ubZrQMid,inJVXMtB,32.0
985,0,gBkmsEyR,ubZrQMid,32.0
985,0,cGoHBmgo,gBkmsEyR,32.0
369,0,MlXQVZuf,VHmQaoRO,2761.0
369,0,QxkHLGuk,MlXQVZuf,2761.0
33,0,MlXQVZuf,VHmQaoRO,106.0
33,0,QxkHLGuk,MlXQVZuf,106.0
71,0,tNQgpOjd,fvPlIFug,331.0
71,0,jbVnaCku,tNQgpOjd,331.0
71,0,RmfxCtxh,jbVnaCku,331.0
71,0,bJQxNaqG,RmfxCtxh,331.0
71,0,JZfQfeRA,bJQxNaqG,331.0
71,0,YKGBeVKa,JZfQfeRA,331.0
71,0,ODVCvUnB,qcBmUtcB,301.0
71,0,jPdkntFF,ODVCvUnB,301.0
71,0,gQTRJpmv,jPdkntFF,306.0
71,0,gRoGYEAJ,gQTRJpmv,313.0
71,0,BGrlRyyC,gRoGYEAJ,313.0
71,0,SXdGhQsI,BGrlRyyC,320.0
71,0,gDjMHgkU,SXdGhQsI,320.0
71,0,rpBBoUBR,gDjMHgkU,320.0
71,0,WwOeNuda,rpBBoUBR,320.0
71,0,KFegxKuC,WwOeNuda,320.0
71,0,aVjeFnZb,KFegxKuC,320.0
71,0,fvPlIFug,aVjeFnZb,320.0
71,0,qcBmUtcB,HqehCtdr,235.0
74,0,TbPzKyew,adAJVrkD,10.0
74,0,SXdGhQsI,TbPzKyew,10.0
74,0,gDjMHgkU,SXdGhQsI,10.0
74,0,rpBBoUBR,gDjMHgkU,10.0
74,0,WwOeNuda,rpBBoUBR,10.0
74,0,KFegxKuC,WwOeNuda,10.0
74,0,aVjeFnZb,KFegxKuC,10.0
74,0,fvPlIFug,aVjeFnZb,10.0
74,0,tNQgpOjd,fvPlIFug,10.0
74,0,jbVnaCku,tNQgpOjd,10.0
74,0,RmfxCtxh,jbVnaCku,10.0
74,0,bJQxNaqG,RmfxCtxh,10.0
74,0,JZfQfeRA,bJQxNaqG,10.0
74,0,YKGBeVKa,JZfQfeRA,10.0
74,0,ZYCVVmjG,YKGBeVKa,3.0
71,0,lfmzBYXb,BxmxkKGC,179.0
71,0,TQhrUKrf,lfmzBYXb,179.0
71,0,hFISFuCO,TQhrUKrf,179.0
71,0,IJrmTLNf,hFISFuCO,179.0
71,0,byRkdSCW,IJrmTLNf,179.0
71,0,fQRLOpha,byRkdSCW,179.0
71,0,PXPVuGmP,fQRLOpha,181.0
71,0,JpcivbxC,PXPVuGmP,181.0
71,0,IulxyPoH,JpcivbxC,181.0
71,0,llFTEWtD,IulxyPoH,195.0
71,0,TvvslWVF,llFTEWtD,195.0
71,0,SgXyhVwd,TvvslWVF,195.0
71,0,fPhIOSOj,SgXyhVwd,195.0
71,0,PQDqFTyk,fPhIOSOj,195.0
71,0,SOzmnmNW,PQDqFTyk,195.0
71,0,OhBAPvsb,SOzmnmNW,195.0
71,0,HqehCtdr,OhBAPvsb,225.0
1557,0,sUKTegUv,zjSZrmjo,1245.0
1557,0,ITgXIjdb,sUKTegUv,1245.0
1557,0,HnrldKFZ,ITgXIjdb,1245.0
1557,0,bZroqIhX,eTJQHplR,86.0
74,0,IKzXRYHu,okgTpqCg,2.0
74,0,adAJVrkD,IKzXRYHu,2.0
74,0,okgTpqCg,FfkqCuZM,1.0
1695,0,BGChynOq,JLvNOQnl,255.0
1695,0,ffHVhHJj,BGChynOq,452.0
1695,0,itmFNPnQ,ffHVhHJj,452.0
1695,0,mEEGNlDG,itmFNPnQ,452.0
1695,0,jVOVHrFU,mEEGNlDG,452.0
1695,0,qeXIqBgp,jVOVHrFU,452.0
1695,0,gmsNDepi,qeXIqBgp,452.0
1695,0,jFRqfnFl,gmsNDepi,425.0
796,0,LhQSpAzy,HajxumVd,403.0
796,0,pwpCkicC,LhQSpAzy,403.0
563,0,rIWwRQFx,HkgLsGZV,194.0
563,0,cfakSbWj,rIWwRQFx,194.0
563,0,oAtDCozl,cfakSbWj,194.0
563,0,cbQZDOwf,oAtDCozl,194.0
563,0,lrlWhBjT,cbQZDOwf,194.0
563,0,KoIahnfw,lrlWhBjT,194.0
563,0,seSDLBYx,KoIahnfw,194.0
563,0,aBkDdFJm,seSDLBYx,194.0
563,0,UKIbRYBp,aBkDdFJm,194.0
563,0,IgyjIxcD,UKIbRYBp,194.0
563,0,fdjgUDEy,IgyjIxcD,194.0
562,0,dqlcNUVh,HeRuYpNs,17.0
562,0,TEuwlied,dqlcNUVh,17.0
943,0,jEVQeNyS,OZSLHXCc,25.0
943,0,HeRuYpNs,jEVQeNyS,23.0
14,0,xYUjBvzT,CheNYOmP,8028.0
14,0,JXJZtHSD,xYUjBvzT,8028.0
14,0,owqgejgM,JXJZtHSD,3041.0
563,0,BxmxkKGC,ojqTFFWy,181.0
563,0,lfmzBYXb,BxmxkKGC,191.0
563,0,TQhrUKrf,lfmzBYXb,191.0
563,0,hFISFuCO,TQhrUKrf,191.0
563,0,IJrmTLNf,hFISFuCO,191.0
563,0,byRkdSCW,IJrmTLNf,191.0
563,0,HkgLsGZV,byRkdSCW,191.0
80,0,EjMZgDJt,WDOOnJlC,2231.0
80,0,BDSRgQTg,EjMZgDJt,2231.0
992,0,oLzlCKof,QxkHLGuk,3954.0
369,0,oLzlCKof,QxkHLGuk,2743.0
33,0,sxnLITXs,QxkHLGuk,45.0
33,0,oLzlCKof,sxnLITXs,45.0
71,0,sxnLITXs,dEwNKLNy,207.0
71,0,oLzlCKof,sxnLITXs,187.0
563,0,EZxvwLQu,nuxwLmjk,12.0
563,0,xnXFAboh,EZxvwLQu,12.0
1326,0,zjjLSYAp,XyHfgUxW,505.0
1326,0,nIakFMcq,zjjLSYAp,505.0
1553,0,GpnhEWuy,FyoAuDvn,185.0
1553,0,fNoKcjVu,GpnhEWuy,185.0
1553,0,ZeFKXxfu,fNoKcjVu,251.0
1553,0,wYWONrrr,ZeFKXxfu,251.0
1553,0,jTofnsvB,wYWONrrr,251.0
1553,0,elmHqfIN,jTofnsvB,269.0
1553,0,YhQOzAWJ,elmHqfIN,269.0
1553,0,zUgDRwiy,YhQOzAWJ,555.0
1553,0,okaePkJr,zUgDRwiy,650.0
1553,0,PgJqeYYy,okaePkJr,650.0
1553,0,cQQRUhUD,PgJqeYYy,687.0
1553,0,ZpXtMmnA,cQQRUhUD,687.0
1553,0,DgJlPOry,ZpXtMmnA,774.0
1553,0,inAMLXyk,DgJlPOry,774.0
1553,0,nTEapSQO,inAMLXyk,774.0
1553,0,AKaXSKPc,nTEapSQO,774.0
1553,0,HdtICUKG,AKaXSKPc,776.0
1553,0,qtbZyrFG,HdtICUKG,776.0
1553,0,ECXJHxuC,qtbZyrFG,776.0
1553,0,mhTYFecR,ECXJHxuC,776.0
1553,0,ODVCvUnB,mhTYFecR,823.0
1553,0,jPdkntFF,ODVCvUnB,823.0
1553,0,gQTRJpmv,jPdkntFF,823.0
1553,0,gRoGYEAJ,gQTRJpmv,823.0
1553,0,BGrlRyyC,gRoGYEAJ,823.0
1553,0,SXdGhQsI,BGrlRyyC,823.0
1553,0,gDjMHgkU,SXdGhQsI,823.0
1553,0,rpBBoUBR,gDjMHgkU,826.0
1553,0,WwOeNuda,rpBBoUBR,826.0
1553,0,KFegxKuC,WwOeNuda,826.0
1553,0,aVjeFnZb,KFegxKuC,826.0
1553,0,fvPlIFug,aVjeFnZb,826.0
1553,0,tNQgpOjd,fvPlIFug,827.0
1553,0,jbVnaCku,tNQgpOjd,827.0
1553,0,RmfxCtxh,jbVnaCku,827.0
1553,0,bJQxNaqG,RmfxCtxh,827.0
1553,0,JZfQfeRA,bJQxNaqG,827.0
1553,0,kZvDkitV,JZfQfeRA,827.0
1553,0,yQpnsdnm,kZvDkitV,832.0
383,0,cNypyxpr,cTQVugNT,11.0
383,0,WRVBvtIE,cNypyxpr,11.0
383,0,RuAJZyMI,WRVBvtIE,11.0
383,0,MtINPaKl,RuAJZyMI,45.0
383,0,SGVPbDEb,MtINPaKl,64.0
383,0,DpeufCiu,SGVPbDEb,92.0
383,0,FaHpkwNs,DpeufCiu,92.0
383,0,kohCEyKT,FaHpkwNs,92.0
383,0,ZKEtlMvK,kohCEyKT,92.0
383,0,pjRBTtLk,ZKEtlMvK,92.0
383,0,vnfcOAch,pjRBTtLk,102.0
383,0,ryJVAbFB,vnfcOAch,102.0
383,0,ttVqQknl,ryJVAbFB,102.0
383,0,aZtqChJJ,ttVqQknl,102.0
383,0,deapEAbC,aZtqChJJ,102.0
383,0,nunLDRbE,deapEAbC,273.0
383,0,oRUBDfuD,nunLDRbE,273.0
383,0,qQJgvOFz,oRUBDfuD,273.0
383,0,kbNsckqG,qQJgvOFz,273.0
383,0,VHmQaoRO,kbNsckqG,273.0
383,0,MlXQVZuf,VHmQaoRO,302.0
383,0,HGpTnntY,MlXQVZuf,302.0
383,0,EWgolfjF,HGpTnntY,618.0
383,0,TzZKgVDl,EWgolfjF,618.0
383,0,rilZLDfI,TzZKgVDl,618.0
383,0,kTKiYpVR,rilZLDfI,622.0
383,0,yQpnsdnm,kTKiYpVR,622.0
1553,0,QgKtWMoe,xiTGCYEl,42.0
1553,0,FyoAuDvn,QgKtWMoe,42.0
992,0,AQHsowCO,oLzlCKof,2482.0
992,0,eHBdrFbQ,AQHsowCO,2327.0
992,0,nermFKBU,eHBdrFbQ,2286.0
992,0,syNMMSsu,nermFKBU,2286.0
992,0,aEhaaulL,syNMMSsu,2286.0
992,0,bzkCWXwV,aEhaaulL,1915.0
992,0,rPcYYZtd,bzkCWXwV,1915.0
1554,0,JvovwZNp,zEOiVqLB,183.0
1554,0,XUTqNKWc,JvovwZNp,281.0
1554,0,LWArqXfR,XUTqNKWc,281.0
1554,0,zTCljsJK,LWArqXfR,342.0
1554,0,kezsyYDB,zTCljsJK,342.0
1554,0,fyzkVZoU,kezsyYDB,343.0
1554,0,ashRAirR,fyzkVZoU,343.0
1554,0,omUHRQFc,ashRAirR,343.0
1554,0,pHFwnWxB,omUHRQFc,343.0
1554,0,EPQxNUoM,pHFwnWxB,343.0
369,0,AQHsowCO,oLzlCKof,2726.0
900,0,lhSIyIfw,yHaTCNJc,87.0
1682,0,rIWwRQFx,HkgLsGZV,18.0
1682,0,cfakSbWj,rIWwRQFx,18.0
1682,0,oAtDCozl,cfakSbWj,18.0
1682,0,cbQZDOwf,oAtDCozl,26.0
1682,0,lrlWhBjT,cbQZDOwf,26.0
1682,0,KoIahnfw,lrlWhBjT,26.0
1682,0,TVdcjRlg,KoIahnfw,26.0
780,0,JvovwZNp,zEOiVqLB,2687.0
780,0,XUTqNKWc,JvovwZNp,2687.0
780,0,zEOiVqLB,MpBHVRZl,1166.0
778,0,AhWKwjTz,LTfflVxG,1297.0
951,0,YGbVmztp,OWTXMrGR,1262.0
951,0,oHyqEJfk,YGbVmztp,1262.0
951,0,bfpcjsiF,oHyqEJfk,1262.0
951,0,CbcrfuAf,bfpcjsiF,1125.0
1221,0,ffjXMuak,qeXIqBgp,10394.0
1221,0,EDdQplwd,ffjXMuak,10394.0
1221,0,XbgiSLmy,EDdQplwd,10394.0
1221,0,pXlenLUq,XbgiSLmy,10394.0
1221,0,DNyXiZzj,pXlenLUq,10394.0
1221,0,gxlaiARP,DNyXiZzj,11223.0
1221,0,CKorGRkE,ejMjPdTH,4185.0
1221,0,eaNsVWDR,CKorGRkE,4276.0
1221,0,hpACGGyB,eaNsVWDR,4279.0
1221,0,VgUdLlOW,hpACGGyB,4715.0
1221,0,ywuGpANM,VgUdLlOW,4715.0
1221,0,BZCtSmhk,ywuGpANM,8937.0
1221,0,aojHvPEg,BZCtSmhk,8938.0
1221,0,qeXIqBgp,aojHvPEg,8938.0
943,0,qRJySzaf,HeRuYpNs,15.0
943,0,LTfflVxG,qRJySzaf,15.0
943,0,AhWKwjTz,LTfflVxG,8.0
943,0,VEiYdotb,AhWKwjTz,8.0
943,0,DgYBMgPg,VEiYdotb,8.0
943,0,yjQwxGED,DgYBMgPg,7.0
943,0,KPcRWbGT,yjQwxGED,7.0
943,0,uGRyXcfW,KPcRWbGT,7.0
943,0,HlhFjJtZ,uGRyXcfW,7.0
943,0,ALhaazBT,HlhFjJtZ,7.0
943,0,YqlTLIQa,ALhaazBT,5.0
943,0,AUmOMGnp,YqlTLIQa,5.0
943,0,XFPAZveS,AUmOMGnp,3.0
943,0,ojqTFFWy,XFPAZveS,1.0
1557,0,WkuKuFdE,HnrldKFZ,1148.0
1557,0,NsNpZaFg,WkuKuFdE,1148.0
1557,0,oyvIGXLL,NsNpZaFg,1104.0
1557,0,aDfjbwoX,oyvIGXLL,1098.0
364,0,RTafItqF,ojqTFFWy,360.0
364,0,SEVBrkvc,RTafItqF,1119.0
364,0,KzCxlBoL,SEVBrkvc,1128.0
364,0,qPtpgxic,KzCxlBoL,1128.0
364,0,dWuojvTd,qPtpgxic,1266.0
364,0,sCEThkda,dWuojvTd,1266.0
364,0,HpZlYWor,sCEThkda,1266.0
364,0,ztmxtqSi,HpZlYWor,1266.0
364,0,GpOUDfXM,ztmxtqSi,1266.0
364,0,nYOFNZtG,GpOUDfXM,3104.0
115,0,WdOwNGhj,xfbmoJHP,27.0
364,0,mnkgCFDT,WOOyqinT,6.0
364,0,OpgRCgWV,mnkgCFDT,6.0
364,0,ntDOQspU,OpgRCgWV,6.0
364,0,IdVewllq,ntDOQspU,6.0
364,0,AXkvSZpr,IdVewllq,6.0
364,0,MlqbsUKu,AXkvSZpr,11.0
364,0,jaCrAUFK,MlqbsUKu,11.0
364,0,oynLwMrX,jaCrAUFK,11.0
364,0,EKYbCcms,oynLwMrX,11.0
364,0,cIQOVqQI,EKYbCcms,11.0
364,0,OyAyNkqZ,cIQOVqQI,68.0
364,0,XiXLaJEL,OyAyNkqZ,68.0
364,0,fzSWURzx,XiXLaJEL,81.0
364,0,vyojaKRU,fzSWURzx,81.0
364,0,puwcRgFs,vyojaKRU,85.0
364,0,zjKsBdNQ,puwcRgFs,85.0
364,0,ojqTFFWy,zjKsBdNQ,85.0
778,0,VEiYdotb,AhWKwjTz,1257.0
778,0,DgYBMgPg,VEiYdotb,1257.0
943,0,OZSLHXCc,qdLlCZel,1.0
900,0,cgSMZptb,lhSIyIfw,83.0
900,0,fdwLSfsa,cgSMZptb,83.0
900,0,wuAzVrCW,fdwLSfsa,82.0
900,0,mRKfPREJ,wuAzVrCW,82.0
900,0,HeRuYpNs,mRKfPREJ,82.0
900,0,qRJySzaf,HeRuYpNs,67.0
900,0,LTfflVxG,qRJySzaf,67.0
900,0,AhWKwjTz,LTfflVxG,67.0
900,0,VEiYdotb,AhWKwjTz,67.0
900,0,DgYBMgPg,VEiYdotb,67.0
742,0,vjVhbIrq,ZEJEKYue,2.0
742,0,LeICPOtv,vjVhbIrq,2.0
742,0,WhCgdKgR,LeICPOtv,2.0
742,0,eyUKPfnA,WhCgdKgR,2.0
742,0,TabXWeiJ,eyUKPfnA,2.0
742,0,tDhKnafe,TabXWeiJ,2.0
742,0,iGMYbQYg,tDhKnafe,2.0
742,0,HeSMGtlu,iGMYbQYg,2.0
742,0,ZgqhsueA,HeSMGtlu,2.0
742,0,GYxWnXpv,ZgqhsueA,2.0
742,0,mkpQpPSv,GYxWnXpv,2.0
742,0,EIHKZlEa,mkpQpPSv,2.0
742,0,oYdkYEMp,EIHKZlEa,2.0
742,0,TkHOmLHQ,oYdkYEMp,2.0
742,0,SwTowoaO,TkHOmLHQ,2.0
742,0,YvwuVYMF,SwTowoaO,2.0
742,0,vDFCntfg,YvwuVYMF,2.0
742,0,iEKDTvNf,vDFCntfg,2.0
742,0,MyGqmywG,iEKDTvNf,2.0
742,0,NxbXiMUL,MyGqmywG,2.0
742,0,XLVjRryq,NxbXiMUL,2.0
742,0,RVEyrwjR,XLVjRryq,2.0
742,0,gzTQJVMW,RVEyrwjR,2.0
71,0,BxmxkKGC,ojqTFFWy,85.0
80,0,cVeADzkw,BDSRgQTg,2165.0
80,0,pySAVSoY,cVeADzkw,2165.0
80,0,kMrSvhcD,pySAVSoY,2165.0
80,0,ImuPiggn,kMrSvhcD,2165.0
942,0,sCEThkda,dWuojvTd,1214.0
942,0,HpZlYWor,sCEThkda,1214.0
942,0,ztmxtqSi,HpZlYWor,1214.0
942,0,GpOUDfXM,ztmxtqSi,1214.0
942,0,UTnQirag,GpOUDfXM,1613.0
942,0,tkWZZFES,UTnQirag,1613.0
942,0,JKUqFAhf,tkWZZFES,1680.0
942,0,NTCwKKsF,JKUqFAhf,1680.0
942,0,xnXFAboh,NTCwKKsF,1680.0
942,0,KkzZXaKP,xnXFAboh,3167.0
942,0,pyLfKqPO,KkzZXaKP,3169.0
942,0,vesqHHzA,pyLfKqPO,2913.0
733,0,SEVBrkvc,ojqTFFWy,4298.0
733,0,KzCxlBoL,SEVBrkvc,5381.0
733,0,qPtpgxic,KzCxlBoL,5468.0
733,0,RyPegcUV,qPtpgxic,4351.0
942,0,dWuojvTd,KgwKZlse,984.0
1553,0,upwIMaLy,yQpnsdnm,228.0
1553,0,BdMcIGqZ,upwIMaLy,228.0
1553,0,fxKlXZDo,BdMcIGqZ,228.0
1553,0,SEKqfPxp,fxKlXZDo,228.0
1553,0,eyEAULLm,SEKqfPxp,228.0
1553,0,ZWbwKKqI,eyEAULLm,228.0
1553,0,AvRehgJa,ZWbwKKqI,228.0
1553,0,eUifXINV,AvRehgJa,228.0
951,0,CRypXqTk,KlSqKJQr,561.0
951,0,PYaiedjY,CRypXqTk,561.0
951,0,EzrJiyuu,PYaiedjY,645.0
951,0,mZAcIEme,EzrJiyuu,645.0
951,0,LPSpTPgJ,mZAcIEme,645.0
951,0,AoIEptMM,LPSpTPgJ,645.0
951,0,OWTXMrGR,AoIEptMM,645.0
942,0,FZsFzszJ,gGkadTNm,56.0
942,0,KgwKZlse,FZsFzszJ,56.0
1029,0,IZqJbTkm,OCOnFIfy,2649.0
1029,0,wSvecpjF,IZqJbTkm,2750.0
1029,0,oXipkDtF,wSvecpjF,2750.0
1029,0,fRZGgvoY,oXipkDtF,2721.0
1029,0,bAUDGUNb,fRZGgvoY,2721.0
1029,0,VYHZxBYO,bAUDGUNb,2721.0
733,0,gGkadTNm,RyPegcUV,4159.0
733,0,CbcrfuAf,gGkadTNm,4593.0
429,0,SEVBrkvc,ojqTFFWy,207.0
429,0,qPtpgxic,SEVBrkvc,202.0
429,0,gGkadTNm,qPtpgxic,182.0
429,0,CbcrfuAf,gGkadTNm,178.0
1748,0,pPKqPUVW,pwpCkicC,223.0
1748,0,ejMjPdTH,pPKqPUVW,223.0
778,0,vkArqzKY,DgYBMgPg,1135.0
778,0,gzTQJVMW,vkArqzKY,1135.0
900,0,vkArqzKY,DgYBMgPg,63.0
900,0,gzTQJVMW,vkArqzKY,63.0
75,0,ojqTFFWy,XFPAZveS,62.0
54,0,RjtzWJgw,xiCfcAgb,300.0
54,0,owFNQNZv,RjtzWJgw,307.0
54,0,nCsqpnJo,owFNQNZv,307.0
54,0,gnmwaIOJ,nCsqpnJo,307.0
54,0,pygvGZaF,gnmwaIOJ,307.0
54,0,bsQVAuyn,pygvGZaF,307.0
54,0,VTHwomVj,bsQVAuyn,307.0
54,0,qPtpgxic,bmUdUOzs,987.0
54,0,gGkadTNm,qPtpgxic,537.0
54,0,CbcrfuAf,gGkadTNm,488.0
951,0,qYsYtTjJ,XpaxRhYo,31.0
951,0,KlSqKJQr,qYsYtTjJ,31.0
1083,0,YkxcSjQG,unXfmkmI,1053.0
1083,0,MRbVmsQs,YkxcSjQG,1088.0
1083,0,Nzhgxdpc,MRbVmsQs,1088.0
1083,0,cGObbHGv,Nzhgxdpc,1159.0
1083,0,zBmTBInm,cGObbHGv,1159.0
1407,0,vXHOZRfg,vztyQdds,395.0
1407,0,bbltEnah,vXHOZRfg,395.0
1407,0,NMFCXTQH,bbltEnah,395.0
1407,0,wXyAETzh,NMFCXTQH,395.0
1407,0,KuTZBRNJ,wXyAETzh,397.0
1045,0,SRJkWTfK,zAhquueS,821.0
1045,0,krjqWYyL,SRJkWTfK,378.0
1045,0,tSXpsDyV,krjqWYyL,378.0
1045,0,IbLBdCXD,tSXpsDyV,378.0
1045,0,JGCJnIWw,IbLBdCXD,378.0
1045,0,honleovC,JGCJnIWw,332.0
1045,0,pqZYMbGr,honleovC,330.0
1045,0,jobllKUJ,pqZYMbGr,302.0
1045,0,cKlxsEIa,jobllKUJ,302.0
1045,0,POeaLshN,cKlxsEIa,302.0
1045,0,nvtqczOj,POeaLshN,302.0
1045,0,FdzHSswJ,nvtqczOj,252.0
1045,0,rfVXpFlV,FdzHSswJ,122.0
1045,0,OWTXMrGR,rfVXpFlV,122.0
1045,0,YGbVmztp,OWTXMrGR,122.0
1045,0,oHyqEJfk,YGbVmztp,122.0
1045,0,YnUujGmz,oHyqEJfk,10.0
1045,0,oVvGCedi,EBDfudXo,746.0
1045,0,zAhquueS,oVvGCedi,746.0
1045,0,XeNLTPEj,MvGjEBBL,664.0
1045,0,PzIXuqgO,XeNLTPEj,664.0
1045,0,ZsxHmovG,PzIXuqgO,664.0
1045,0,KjUtPMMe,ZsxHmovG,685.0
1045,0,JGmgdpWx,KjUtPMMe,685.0
1045,0,WsxoHomq,JGmgdpWx,685.0
1045,0,VgroZBKv,WsxoHomq,686.0
1045,0,TUZfegir,VgroZBKv,686.0
1045,0,LHNTbQin,TUZfegir,720.0
1045,0,EBDfudXo,LHNTbQin,720.0
949,0,JKUqFAhf,tkWZZFES,105.0
949,0,NTCwKKsF,JKUqFAhf,105.0
949,0,xnXFAboh,NTCwKKsF,105.0
949,0,oLGXsQoC,xnXFAboh,110.0
949,0,UTnQirag,GpOUDfXM,104.0
949,0,tkWZZFES,UTnQirag,104.0
949,0,lOyAoICg,CbcrfuAf,85.0
949,0,GpOUDfXM,lOyAoICg,85.0
949,0,KzCxlBoL,SEVBrkvc,3.0
949,0,qPtpgxic,KzCxlBoL,3.0
949,0,RyPegcUV,qPtpgxic,6.0
949,0,gGkadTNm,RyPegcUV,6.0
949,0,CbcrfuAf,gGkadTNm,7.0
369,0,eHBdrFbQ,AQHsowCO,2748.0
369,0,nermFKBU,eHBdrFbQ,2748.0
369,0,syNMMSsu,nermFKBU,2748.0
369,0,aEhaaulL,syNMMSsu,2748.0
1553,0,aNlaxeLS,eUifXINV,155.0
1553,0,zBPHjWVd,aNlaxeLS,147.0
1553,0,rPcYYZtd,zBPHjWVd,147.0
1553,0,ngtiheSM,rPcYYZtd,18.0
1553,0,uxBjVsKf,ngtiheSM,18.0
1553,0,VriUyyDM,uxBjVsKf,18.0
1300,0,YnUujGmz,CbcrfuAf,8836.0
429,0,YnUujGmz,CbcrfuAf,148.0
340,0,OpgRCgWV,CoebvEmQ,36.0
340,0,ntDOQspU,OpgRCgWV,36.0
340,0,AXkvSZpr,ntDOQspU,36.0
340,0,MlqbsUKu,AXkvSZpr,36.0
340,0,jaCrAUFK,MlqbsUKu,36.0
340,0,erTTuCGB,jaCrAUFK,36.0
340,0,OyAyNkqZ,erTTuCGB,36.0
340,0,XiXLaJEL,OyAyNkqZ,36.0
340,0,vyojaKRU,XiXLaJEL,36.0
340,0,puwcRgFs,vyojaKRU,36.0
340,0,ojqTFFWy,puwcRgFs,36.0
340,0,SEVBrkvc,ojqTFFWy,36.0
340,0,qPtpgxic,SEVBrkvc,36.0
340,0,gGkadTNm,qPtpgxic,36.0
340,0,CbcrfuAf,gGkadTNm,36.0
340,0,YnUujGmz,CbcrfuAf,36.0
54,0,YnUujGmz,CbcrfuAf,401.0
1175,0,ttCfyKrF,uDcqHVPS,361.0
1175,0,QdPMJYQQ,ttCfyKrF,361.0
1175,0,TcXrIYig,QdPMJYQQ,361.0
1175,0,pYAYKpHc,TcXrIYig,361.0
401,0,WyfCQhSW,ogOCBKAf,1457.0
401,0,erxKyHjj,WyfCQhSW,1709.0
401,0,KjiBWoqR,erxKyHjj,1709.0
951,0,YnUujGmz,CbcrfuAf,546.0
1083,0,puwcRgFs,EAwJtHSB,833.0
1557,0,xOfEMpYZ,aDfjbwoX,228.0
1512,0,TAPXcjBe,CbcrfuAf,292.0
733,0,TAPXcjBe,CbcrfuAf,5215.0
1434,0,TAPXcjBe,CbcrfuAf,1975.0
1275,0,vyojaKRU,XiXLaJEL,97.0
1275,0,puwcRgFs,vyojaKRU,95.0
1275,0,ojqTFFWy,puwcRgFs,95.0
1275,0,SEVBrkvc,ojqTFFWy,95.0
1275,0,qPtpgxic,SEVBrkvc,95.0
1275,0,gGkadTNm,qPtpgxic,70.0
1275,0,CbcrfuAf,gGkadTNm,70.0
1275,0,TAPXcjBe,CbcrfuAf,70.0
947,0,UhRSkRXw,cRNMfSEx,27.0
733,0,XsKXZwOQ,TAPXcjBe,5197.0
948,0,BUWlcDWA,vwlVkOsL,86.0
948,0,EzQcJxBW,BUWlcDWA,80.0
948,0,uEbOseyz,EzQcJxBW,80.0
948,0,reWBMWRs,uEbOseyz,80.0
948,0,RBoLoVJp,reWBMWRs,80.0
948,0,SwyyRrmD,RBoLoVJp,80.0
948,0,avmqjzBH,SwyyRrmD,50.0
1085,0,XojRXAAa,ojqTFFWy,20657.0
1085,0,nAqhCgXt,XojRXAAa,7593.0
1085,0,zZZsLLct,nAqhCgXt,7593.0
1085,0,uQlhjcGr,zZZsLLct,7564.0
1085,0,nIbIRswk,uQlhjcGr,7564.0
1085,0,YfaruHLV,nIbIRswk,5886.0
1085,0,PkIPVRtB,YfaruHLV,5886.0
1085,0,XpaxRhYo,PkIPVRtB,5886.0
1085,0,qYsYtTjJ,XpaxRhYo,4458.0
1085,0,KlSqKJQr,qYsYtTjJ,4494.0
1085,0,CRypXqTk,KlSqKJQr,4997.0
1085,0,PYaiedjY,CRypXqTk,4997.0
1085,0,EzrJiyuu,PYaiedjY,3743.0
1085,0,mZAcIEme,EzrJiyuu,3743.0
1085,0,LPSpTPgJ,mZAcIEme,3743.0
1085,0,AoIEptMM,LPSpTPgJ,3743.0
1085,0,imyhTmbO,AoIEptMM,3948.0
1085,0,bTSeOnqx,imyhTmbO,3825.0
1085,0,yCXbqkBs,bTSeOnqx,4039.0
1085,0,wBoWGskO,yCXbqkBs,4039.0
1085,0,FYojKDQC,wBoWGskO,4039.0
1085,0,riqYNvhO,FYojKDQC,4039.0
273,0,AjJCgCBk,SWnceHEw,1790.0
273,0,jFmPCmzM,AjJCgCBk,1588.0
273,0,TrOiZJox,jFmPCmzM,1347.0
273,0,BpAiVnps,RVGhYAxc,1575.0
1568,0,UgzfanVk,SDEQaVyD,565.0
1568,0,aUZoPZMc,CSzsuVOH,4327.0
1568,0,xOhGqygU,aUZoPZMc,4327.0
1083,0,FrCulsqF,VYHZxBYO,742.0
1083,0,KCAssTym,FrCulsqF,742.0
1083,0,AtxuoNjw,KCAssTym,1090.0
1083,0,ZmIcXqCD,AtxuoNjw,1090.0
1083,0,unXfmkmI,ZmIcXqCD,1090.0
1088,0,VCFHkCli,pTTspriv,602.0
1088,0,PNxpREZf,VCFHkCli,602.0
1088,0,mHGLRRvz,PNxpREZf,572.0
1088,0,uuMvuwVk,mHGLRRvz,581.0
1088,0,yMEEwloH,uuMvuwVk,581.0
1088,0,mFLzcwSa,yMEEwloH,581.0
1088,0,mSfSOoJb,mFLzcwSa,581.0
1088,0,BSkSmoPQ,mSfSOoJb,581.0
992,0,uxBjVsKf,rPcYYZtd,180.0
779,0,uxBjVsKf,ngtiheSM,1346.0
369,0,bzkCWXwV,aEhaaulL,2792.0
369,0,rPcYYZtd,bzkCWXwV,2792.0
1075,0,qNEatmrc,AlpXiRiW,674.0
1075,0,XaMitbnP,qNEatmrc,778.0
1075,0,AWZaYJbg,XaMitbnP,778.0
1075,0,PuHLPXYe,AWZaYJbg,778.0
1075,0,ZafFyFXk,PuHLPXYe,782.0
1075,0,jiQkTSqX,ZafFyFXk,782.0
1075,0,UfaDzlyU,jiQkTSqX,781.0
1075,0,AiDSpgcp,yfISbYOh,1404.0
1075,0,rQoGPwMA,AiDSpgcp,1404.0
1075,0,SwPLBeCY,rQoGPwMA,1404.0
1075,0,TgAaXvqD,SwPLBeCY,1427.0
1075,0,fikrodNW,TgAaXvqD,1433.0
1512,0,XsKXZwOQ,TAPXcjBe,228.0
1434,0,XsKXZwOQ,TAPXcjBe,1855.0
139,0,EvOnizWo,VKJFREzF,16.0
139,0,PjaElYBL,EvOnizWo,16.0
139,0,YvwuVYMF,PjaElYBL,16.0
139,0,vDFCntfg,YvwuVYMF,11.0
139,0,iEKDTvNf,vDFCntfg,11.0
139,0,MyGqmywG,iEKDTvNf,11.0
139,0,NxbXiMUL,MyGqmywG,11.0
948,0,vwlVkOsL,YnUujGmz,16.0
80,0,uaUalZjh,beniIHzL,23.0
780,0,ZNFFlclk,uaUalZjh,24.0
779,0,uaUalZjh,beniIHzL,138.0
733,0,hmRIiXJy,XsKXZwOQ,5455.0
947,0,hmRIiXJy,UhRSkRXw,22.0
947,0,hyEIkJeA,UvujAAYC,12.0
947,0,jadHWhqA,hyEIkJeA,12.0
947,0,oMurZdLt,jadHWhqA,12.0
947,0,KTeKlEmN,oMurZdLt,12.0
947,0,cRNMfSEx,KTeKlEmN,12.0
130,0,pcONCDTC,CkSrqRXW,4.0
899,0,UTnQirag,GpOUDfXM,57.0
899,0,tkWZZFES,UTnQirag,57.0
899,0,JKUqFAhf,tkWZZFES,57.0
899,0,NTCwKKsF,JKUqFAhf,57.0
899,0,xnXFAboh,NTCwKKsF,57.0
899,0,yHCBRtBd,xnXFAboh,71.0
899,0,YYKDBDRS,yHCBRtBd,71.0
899,0,CDXhVrrJ,YYKDBDRS,71.0
899,0,khOlLZay,CDXhVrrJ,72.0
899,0,pzScocJN,khOlLZay,72.0
899,0,xOfEMpYZ,pzScocJN,74.0
899,0,NcNmxlsD,xOfEMpYZ,75.0
899,0,cYyOAQLx,NcNmxlsD,75.0
899,0,xKpFUSPW,cYyOAQLx,75.0
899,0,CFKdtsYk,xKpFUSPW,75.0
899,0,RyPegcUV,qPtpgxic,17.0
899,0,gGkadTNm,RyPegcUV,30.0
899,0,CbcrfuAf,gGkadTNm,30.0
899,0,lOyAoICg,CbcrfuAf,46.0
899,0,GpOUDfXM,lOyAoICg,46.0
944,0,KkzZXaKP,xnXFAboh,13.0
944,0,VgMINmpb,KkzZXaKP,13.0
944,0,JKUqFAhf,tkWZZFES,7.0
944,0,NTCwKKsF,JKUqFAhf,7.0
944,0,xnXFAboh,NTCwKKsF,7.0
944,0,UTnQirag,GpOUDfXM,5.0
944,0,tkWZZFES,UTnQirag,5.0
948,0,KkzZXaKP,avmqjzBH,12.0
948,0,VgMINmpb,KkzZXaKP,12.0
944,0,sCEThkda,dWuojvTd,1.0
944,0,HpZlYWor,sCEThkda,1.0
944,0,ztmxtqSi,HpZlYWor,1.0
944,0,GpOUDfXM,ztmxtqSi,1.0
733,0,tOhgfmkj,hmRIiXJy,4815.0
733,0,FjwhCXAK,tOhgfmkj,4824.0
1434,0,FjwhCXAK,XsKXZwOQ,1683.0
937,0,UTnQirag,GpOUDfXM,1.0
937,0,tkWZZFES,UTnQirag,1.0
937,0,JKUqFAhf,tkWZZFES,1.0
937,0,NTCwKKsF,JKUqFAhf,1.0
937,0,xnXFAboh,NTCwKKsF,1.0
937,0,yHCBRtBd,xnXFAboh,2.0
937,0,YYKDBDRS,yHCBRtBd,2.0
937,0,CDXhVrrJ,YYKDBDRS,2.0
937,0,khOlLZay,CDXhVrrJ,2.0
937,0,pzScocJN,khOlLZay,2.0
937,0,xOfEMpYZ,pzScocJN,2.0
937,0,NcNmxlsD,xOfEMpYZ,2.0
937,0,cYyOAQLx,NcNmxlsD,2.0
369,0,ngtiheSM,rPcYYZtd,2892.0
369,0,uxBjVsKf,ngtiheSM,2893.0
369,0,hvwrhWFk,uxBjVsKf,2964.0
369,0,azqUKhQu,hvwrhWFk,2964.0
777,0,uxBjVsKf,ngtiheSM,2685.0
777,0,hvwrhWFk,uxBjVsKf,2783.0
777,0,azqUKhQu,hvwrhWFk,2783.0
777,0,zBPHjWVd,aNlaxeLS,2269.0
777,0,rPcYYZtd,zBPHjWVd,2436.0
777,0,ngtiheSM,rPcYYZtd,2436.0
777,0,JKUqFAhf,tkWZZFES,1437.0
777,0,NTCwKKsF,JKUqFAhf,1441.0
777,0,xnXFAboh,NTCwKKsF,1441.0
777,0,yHCBRtBd,xnXFAboh,1578.0
777,0,YYKDBDRS,yHCBRtBd,1578.0
777,0,CDXhVrrJ,YYKDBDRS,1578.0
777,0,khOlLZay,CDXhVrrJ,2226.0
777,0,pzScocJN,khOlLZay,2226.0
777,0,AOtPxxNt,pzScocJN,2229.0
777,0,pFQacbfu,AOtPxxNt,2261.0
777,0,ZecyfkGE,pFQacbfu,2261.0
777,0,aNlaxeLS,ZecyfkGE,2261.0
777,0,UTnQirag,GpOUDfXM,1402.0
777,0,tkWZZFES,UTnQirag,1402.0
777,0,lOyAoICg,CbcrfuAf,1294.0
777,0,GpOUDfXM,lOyAoICg,1294.0
777,0,RyPegcUV,qPtpgxic,97.0
777,0,gGkadTNm,RyPegcUV,97.0
777,0,CbcrfuAf,gGkadTNm,109.0
1512,0,tOhgfmkj,XsKXZwOQ,222.0
1512,0,FjwhCXAK,tOhgfmkj,213.0
1512,0,YvwuVYMF,FjwhCXAK,213.0
733,0,dScsNKLk,FjwhCXAK,5117.0
1434,0,YvwuVYMF,FjwhCXAK,1359.0
947,0,tOhgfmkj,hmRIiXJy,16.0
947,0,FjwhCXAK,tOhgfmkj,16.0
947,0,YvwuVYMF,FjwhCXAK,16.0
133,0,nyQXyVHt,bnvgwXNi,10.0
133,0,pcONCDTC,nyQXyVHt,13.0
133,0,fkhDLNVv,pcONCDTC,9.0
133,0,ZgqhsueA,fkhDLNVv,9.0
133,0,GYxWnXpv,ZgqhsueA,6.0
133,0,mkpQpPSv,GYxWnXpv,6.0
133,0,EIHKZlEa,mkpQpPSv,6.0
133,0,oYdkYEMp,EIHKZlEa,6.0
133,0,TkHOmLHQ,oYdkYEMp,6.0
133,0,YvwuVYMF,TkHOmLHQ,6.0
1275,0,XsKXZwOQ,TAPXcjBe,53.0
1275,0,FjwhCXAK,XsKXZwOQ,53.0
1275,0,YvwuVYMF,FjwhCXAK,53.0
944,0,qdLlCZel,VgMINmpb,1.0
948,0,qDNzarNO,VgMINmpb,3.0
1102,0,QPpuxtew,gyQqEnFq,122.0
1102,0,gHkojtqc,QPpuxtew,122.0
1102,0,jiBUapiv,gHkojtqc,128.0
1102,0,ZsSjTAXN,jiBUapiv,128.0
1102,0,QzSmToFg,ZsSjTAXN,128.0
1102,0,YpZAWuci,QzSmToFg,128.0
1102,0,UWROvtjV,YpZAWuci,131.0
1102,0,aHnvxyXJ,UWROvtjV,131.0
1102,0,aBlpKWpT,aHnvxyXJ,136.0
1102,0,RwWmKtXH,aBlpKWpT,136.0
1102,0,iWUiEObr,RwWmKtXH,140.0
1102,0,yGnjFAhM,iWUiEObr,155.0
1102,0,sAYtjSkX,yGnjFAhM,155.0
1102,0,yhYCDbZJ,sAYtjSkX,163.0
1102,0,ebBIwNsf,yhYCDbZJ,163.0
1102,0,BzJNmTUM,ebBIwNsf,171.0
1102,0,qLEwgwyN,BzJNmTUM,171.0
1102,0,WDOOnJlC,qLEwgwyN,171.0
1102,0,EjMZgDJt,WDOOnJlC,213.0
1102,0,BDSRgQTg,EjMZgDJt,213.0
1102,0,cVeADzkw,BDSRgQTg,219.0
1102,0,pySAVSoY,cVeADzkw,219.0
1102,0,kMrSvhcD,pySAVSoY,219.0
1102,0,ImuPiggn,kMrSvhcD,219.0
1102,0,SdEWNrvb,ImuPiggn,221.0
1102,0,ZIvIwqTW,SdEWNrvb,221.0
1102,0,beniIHzL,ZIvIwqTW,364.0
1102,0,uaUalZjh,beniIHzL,364.0
1102,0,rwSrBzDN,uaUalZjh,501.0
141,0,TAPXcjBe,CbcrfuAf,35.0
141,0,XsKXZwOQ,TAPXcjBe,35.0
141,0,hmRIiXJy,XsKXZwOQ,37.0
141,0,tOhgfmkj,hmRIiXJy,37.0
141,0,FjwhCXAK,tOhgfmkj,37.0
141,0,dScsNKLk,FjwhCXAK,37.0
141,0,mhrRBZGj,dScsNKLk,89.0
141,0,XvoliiTU,mhrRBZGj,89.0
141,0,BjKGijLD,XvoliiTU,89.0
141,0,RyPegcUV,qPtpgxic,12.0
141,0,gGkadTNm,RyPegcUV,12.0
141,0,CbcrfuAf,gGkadTNm,17.0
139,0,XLVjRryq,NxbXiMUL,8.0
139,0,gzTQJVMW,XLVjRryq,8.0
375,0,pjRBTtLk,ZKEtlMvK,2.0
375,0,vnfcOAch,pjRBTtLk,2.0
375,0,ryJVAbFB,vnfcOAch,2.0
375,0,ttVqQknl,ryJVAbFB,2.0
375,0,aZtqChJJ,ttVqQknl,2.0
375,0,wrFiwNtD,aZtqChJJ,2.0
375,0,deapEAbC,wrFiwNtD,2.0
375,0,nunLDRbE,deapEAbC,2.0
375,0,QbrsudyQ,nunLDRbE,2.0
375,0,oRUBDfuD,QbrsudyQ,2.0
375,0,qQJgvOFz,oRUBDfuD,2.0
375,0,kbNsckqG,qQJgvOFz,2.0
375,0,VHmQaoRO,kbNsckqG,2.0
375,0,MlXQVZuf,VHmQaoRO,2.0
375,0,QxkHLGuk,MlXQVZuf,2.0
375,0,sxnLITXs,QxkHLGuk,2.0
375,0,oLzlCKof,sxnLITXs,2.0
375,0,IyDNJzPw,oLzlCKof,2.0
375,0,AQHsowCO,IyDNJzPw,2.0
375,0,eHBdrFbQ,AQHsowCO,3.0
375,0,nermFKBU,eHBdrFbQ,3.0
375,0,syNMMSsu,nermFKBU,3.0
375,0,aEhaaulL,syNMMSsu,3.0
375,0,bzkCWXwV,aEhaaulL,4.0
375,0,rPcYYZtd,bzkCWXwV,4.0
375,0,ngtiheSM,rPcYYZtd,8.0
375,0,uxBjVsKf,ngtiheSM,8.0
375,0,CgMBzfIg,uxBjVsKf,8.0
375,0,azqUKhQu,CgMBzfIg,8.0
375,0,cNvMQUdA,azqUKhQu,8.0
375,0,YoiymRxk,cNvMQUdA,8.0
375,0,fkorQYac,YoiymRxk,8.0
375,0,NtHXPmMe,fkorQYac,8.0
733,0,JScPHHNr,dScsNKLk,3943.0
141,0,kfbZMUOE,BjKGijLD,67.0
141,0,RaPTCLQp,kfbZMUOE,67.0
903,0,ZJxogzZw,wcUGKfLa,37.0
903,0,aRCjtsfP,ZJxogzZw,37.0
903,0,aPKnTaHY,aRCjtsfP,53.0
903,0,ZxAfSTio,aPKnTaHY,53.0
903,0,PfzzVLdD,ZxAfSTio,53.0
903,0,MNMOMIBL,PfzzVLdD,55.0
903,0,ySoPUuJQ,MNMOMIBL,55.0
903,0,fGauMtcM,ySoPUuJQ,55.0
946,0,KgwKZlse,FZsFzszJ,16.0
946,0,dWuojvTd,KgwKZlse,24.0
946,0,sCEThkda,dWuojvTd,25.0
369,0,BsovYeFI,azqUKhQu,2883.0
777,0,BsovYeFI,azqUKhQu,2689.0
375,0,NXLrCKMp,xiTGCYEl,1.0
375,0,FyoAuDvn,NXLrCKMp,1.0
375,0,GpnhEWuy,FyoAuDvn,1.0
375,0,rRGVruPM,GpnhEWuy,1.0
375,0,mLBQtksd,rRGVruPM,1.0
375,0,knCDNjnp,mLBQtksd,1.0
375,0,nYVfIRsk,knCDNjnp,1.0
375,0,CqefHKGq,nYVfIRsk,1.0
375,0,rSnWVhOw,CqefHKGq,1.0
375,0,RuAJZyMI,rSnWVhOw,1.0
375,0,MtINPaKl,RuAJZyMI,1.0
375,0,SGVPbDEb,MtINPaKl,1.0
375,0,DpeufCiu,SGVPbDEb,1.0
375,0,FaHpkwNs,DpeufCiu,1.0
375,0,kohCEyKT,FaHpkwNs,1.0
375,0,DHQRQBBP,kohCEyKT,1.0
375,0,ZKEtlMvK,DHQRQBBP,1.0
899,0,pMQyFYNH,CFKdtsYk,67.0
931,0,DetNfbBu,qeXIqBgp,1202.0
931,0,KENvRSom,DetNfbBu,1457.0
931,0,ZMwphzOX,KENvRSom,1457.0
931,0,ePAEtpYE,ZMwphzOX,1876.0
931,0,YnixWiwg,ePAEtpYE,1876.0
931,0,BlXLXEoe,YnixWiwg,1876.0
931,0,QsFYEMLP,BlXLXEoe,1876.0
931,0,vcQVCkqQ,QsFYEMLP,1531.0
931,0,TzBLFSKE,vcQVCkqQ,1531.0
931,0,MmmkWPfy,TzBLFSKE,1531.0
931,0,OoTDKQHC,MmmkWPfy,1338.0
931,0,QZMOUeIv,OoTDKQHC,1103.0
931,0,zAjDuGWM,QZMOUeIv,1103.0
931,0,JojiQTkQ,zAjDuGWM,47.0
931,0,woHRqfeu,JojiQTkQ,47.0
400,0,YfaruHLV,nIbIRswk,2295.0
400,0,XpaxRhYo,YfaruHLV,2295.0
400,0,qYsYtTjJ,XpaxRhYo,2373.0
400,0,KlSqKJQr,qYsYtTjJ,2483.0
899,0,PTCqqgjS,pMQyFYNH,66.0
900,0,ZJxogzZw,wcUGKfLa,34.0
900,0,aRCjtsfP,ZJxogzZw,34.0
900,0,aPKnTaHY,aRCjtsfP,40.0
900,0,ZxAfSTio,aPKnTaHY,40.0
900,0,oQmOaQyB,ZxAfSTio,40.0
900,0,BSlPgNeK,oQmOaQyB,41.0
354,0,XfgrRxbI,ejMjPdTH,1003.0
354,0,UfJzwqHV,XfgrRxbI,1003.0
354,0,yJFAEWOL,UfJzwqHV,1154.0
354,0,BJyyGCqV,yJFAEWOL,1154.0
354,0,gZsXxpWQ,BJyyGCqV,1154.0
354,0,aXBkDCtb,gZsXxpWQ,1154.0
354,0,QgJihzqk,aXBkDCtb,1154.0
354,0,IojsotKp,QgJihzqk,1154.0
354,0,pKlyQyMp,IojsotKp,1154.0
133,0,bnvgwXNi,YUgtVNSj,9.0
133,0,vDFCntfg,YvwuVYMF,5.0
133,0,iEKDTvNf,vDFCntfg,5.0
133,0,MyGqmywG,iEKDTvNf,5.0
133,0,NxbXiMUL,MyGqmywG,5.0
133,0,XLVjRryq,NxbXiMUL,5.0
133,0,gzTQJVMW,XLVjRryq,5.0
133,0,FZsFzszJ,gzTQJVMW,5.0
133,0,KgwKZlse,FZsFzszJ,5.0
133,0,AoRkaUmb,KgwKZlse,5.0
133,0,ALhaazBT,AoRkaUmb,5.0
133,0,YqlTLIQa,ALhaazBT,5.0
133,0,AUmOMGnp,YqlTLIQa,5.0
133,0,XFPAZveS,AUmOMGnp,5.0
133,0,ojqTFFWy,XFPAZveS,3.0
902,0,mhrRBZGj,dScsNKLk,82.0
902,0,XvoliiTU,mhrRBZGj,82.0
902,0,BjKGijLD,XvoliiTU,82.0
902,0,kfbZMUOE,BjKGijLD,82.0
902,0,RaPTCLQp,kfbZMUOE,82.0
902,0,IZbIkfGA,RaPTCLQp,97.0
902,0,UJfkeWEN,IZbIkfGA,97.0
902,0,MlIkmoKa,UJfkeWEN,97.0
902,0,FIOYHASJ,MlIkmoKa,97.0
902,0,KMHCIdcu,FIOYHASJ,97.0
902,0,GiBhHxRo,KMHCIdcu,81.0
1102,0,MEtvPAvc,rwSrBzDN,453.0
1102,0,GqIywbYh,MEtvPAvc,453.0
1102,0,wRFZkBWU,GqIywbYh,453.0
1102,0,TUmpHOaB,wRFZkBWU,453.0
134,0,TAPXcjBe,CbcrfuAf,73.0
134,0,XsKXZwOQ,TAPXcjBe,73.0
134,0,hmRIiXJy,XsKXZwOQ,80.0
134,0,tOhgfmkj,hmRIiXJy,83.0
134,0,FjwhCXAK,tOhgfmkj,83.0
134,0,dScsNKLk,FjwhCXAK,103.0
134,0,prUQvyGs,dScsNKLk,270.0
134,0,FTnfVqbf,prUQvyGs,270.0
134,0,ncqAMIfe,FTnfVqbf,270.0
134,0,uHruDGLY,ncqAMIfe,270.0
134,0,FOXeQKOT,uHruDGLY,55.0
134,0,FesfYZEN,FOXeQKOT,47.0
134,0,SEVBrkvc,ojqTFFWy,15.0
134,0,KzCxlBoL,SEVBrkvc,16.0
134,0,qPtpgxic,KzCxlBoL,16.0
134,0,RyPegcUV,qPtpgxic,20.0
134,0,gGkadTNm,RyPegcUV,20.0
134,0,CbcrfuAf,gGkadTNm,20.0
899,0,QBDSVwgM,PTCqqgjS,48.0
902,0,qLRAgPvM,YqAQHxyY,42.0
902,0,yVpSHUpe,qLRAgPvM,42.0
902,0,PfzzVLdD,yVpSHUpe,42.0
899,0,SEVBrkvc,ojqTFFWy,15.0
899,0,KzCxlBoL,SEVBrkvc,15.0
899,0,qPtpgxic,KzCxlBoL,15.0
1407,0,hasgHIpb,mZFKHZkN,212.0
1407,0,zttQgzJF,hasgHIpb,165.0
1407,0,fDeHEcoN,zttQgzJF,153.0
1407,0,vztyQdds,fDeHEcoN,153.0
132,0,TAPXcjBe,CbcrfuAf,8.0
132,0,XsKXZwOQ,TAPXcjBe,8.0
132,0,hmRIiXJy,XsKXZwOQ,8.0
132,0,tOhgfmkj,hmRIiXJy,8.0
132,0,FjwhCXAK,tOhgfmkj,8.0
132,0,dScsNKLk,FjwhCXAK,8.0
132,0,JScPHHNr,dScsNKLk,16.0
132,0,BXAColfX,JScPHHNr,16.0
132,0,TenjteTV,BXAColfX,16.0
132,0,oFbMGQKy,TenjteTV,16.0
132,0,tTpRqbZv,oFbMGQKy,16.0
132,0,uzgDjeSU,tTpRqbZv,16.0
132,0,RvWjyDDD,uzgDjeSU,16.0
132,0,diAYwowt,RvWjyDDD,30.0
132,0,safClnnY,diAYwowt,30.0
132,0,tqLrxYqg,safClnnY,33.0
132,0,OrpTuTll,tqLrxYqg,17.0
132,0,oIfrlpqH,OrpTuTll,14.0
132,0,SEVBrkvc,ojqTFFWy,5.0
132,0,KzCxlBoL,SEVBrkvc,5.0
132,0,qPtpgxic,KzCxlBoL,5.0
132,0,RyPegcUV,qPtpgxic,5.0
132,0,gGkadTNm,RyPegcUV,5.0
132,0,CbcrfuAf,gGkadTNm,7.0
902,0,MzxDaMZj,GiBhHxRo,94.0
369,0,oeTroIck,BsovYeFI,2548.0
369,0,LlpMjrks,oeTroIck,2571.0
369,0,tnRCfdJr,LlpMjrks,2571.0
369,0,EWoqQawU,tnRCfdJr,2571.0
369,0,lRwzpFEA,EWoqQawU,2571.0
369,0,HJijptKA,lRwzpFEA,2569.0
369,0,wcUGKfLa,HJijptKA,2561.0
777,0,oeTroIck,BsovYeFI,1788.0
777,0,LlpMjrks,oeTroIck,1793.0
777,0,tnRCfdJr,LlpMjrks,1793.0
777,0,EWoqQawU,tnRCfdJr,1793.0
777,0,lRwzpFEA,EWoqQawU,1793.0
777,0,HJijptKA,lRwzpFEA,1793.0
777,0,pkAaqtnD,HJijptKA,1784.0
777,0,mAREpQlu,pkAaqtnD,1785.0
902,0,GeRuyZeo,MzxDaMZj,43.0
902,0,YqAQHxyY,GeRuyZeo,43.0
902,0,yRZHSCWE,PfzzVLdD,41.0
902,0,rCrvifMW,yRZHSCWE,41.0
902,0,aPOYjvXT,rCrvifMW,41.0
902,0,pkAaqtnD,aPOYjvXT,41.0
902,0,mAREpQlu,pkAaqtnD,41.0
899,0,PfzzVLdD,QBDSVwgM,34.0
899,0,yRZHSCWE,PfzzVLdD,32.0
899,0,rCrvifMW,yRZHSCWE,32.0
899,0,aPOYjvXT,rCrvifMW,32.0
899,0,pkAaqtnD,aPOYjvXT,32.0
899,0,mAREpQlu,pkAaqtnD,31.0
777,0,SEVBrkvc,ojqTFFWy,31.0
777,0,KzCxlBoL,SEVBrkvc,39.0
777,0,qPtpgxic,KzCxlBoL,39.0
131,0,TAPXcjBe,CbcrfuAf,16.0
131,0,XsKXZwOQ,TAPXcjBe,16.0
131,0,hmRIiXJy,XsKXZwOQ,18.0
131,0,tOhgfmkj,hmRIiXJy,19.0
131,0,FjwhCXAK,tOhgfmkj,19.0
131,0,dScsNKLk,FjwhCXAK,19.0
131,0,JScPHHNr,dScsNKLk,29.0
131,0,BXAColfX,JScPHHNr,29.0
131,0,TenjteTV,BXAColfX,29.0
131,0,oFbMGQKy,TenjteTV,29.0
131,0,tTpRqbZv,oFbMGQKy,29.0
131,0,uzgDjeSU,tTpRqbZv,29.0
131,0,RvWjyDDD,uzgDjeSU,29.0
131,0,diAYwowt,RvWjyDDD,36.0
131,0,safClnnY,diAYwowt,36.0
131,0,CkSrqRXW,safClnnY,3.0
826,0,aWeSqqrV,gyQqEnFq,6.0
826,0,WRVBvtIE,aWeSqqrV,11.0
826,0,RuAJZyMI,WRVBvtIE,11.0
826,0,MtINPaKl,RuAJZyMI,11.0
826,0,SGVPbDEb,MtINPaKl,11.0
826,0,DpeufCiu,SGVPbDEb,11.0
826,0,FaHpkwNs,DpeufCiu,11.0
826,0,kohCEyKT,FaHpkwNs,11.0
826,0,DHQRQBBP,kohCEyKT,17.0
826,0,ZKEtlMvK,DHQRQBBP,17.0
826,0,pjRBTtLk,ZKEtlMvK,17.0
826,0,vnfcOAch,pjRBTtLk,17.0
826,0,ryJVAbFB,vnfcOAch,17.0
826,0,ttVqQknl,ryJVAbFB,17.0
826,0,aZtqChJJ,ttVqQknl,17.0
826,0,wrFiwNtD,aZtqChJJ,17.0
826,0,deapEAbC,wrFiwNtD,18.0
826,0,nunLDRbE,deapEAbC,23.0
826,0,QbrsudyQ,nunLDRbE,23.0
826,0,oRUBDfuD,QbrsudyQ,23.0
826,0,qQJgvOFz,oRUBDfuD,23.0
826,0,kbNsckqG,qQJgvOFz,114.0
826,0,VHmQaoRO,kbNsckqG,114.0
826,0,MlXQVZuf,VHmQaoRO,115.0
826,0,QxkHLGuk,MlXQVZuf,115.0
826,0,sxnLITXs,QxkHLGuk,117.0
826,0,oLzlCKof,sxnLITXs,117.0
826,0,IyDNJzPw,oLzlCKof,117.0
826,0,AQHsowCO,IyDNJzPw,117.0
826,0,eHBdrFbQ,AQHsowCO,117.0
826,0,nermFKBU,eHBdrFbQ,158.0
826,0,syNMMSsu,nermFKBU,158.0
826,0,aEhaaulL,syNMMSsu,158.0
826,0,bzkCWXwV,aEhaaulL,159.0
826,0,rPcYYZtd,bzkCWXwV,159.0
826,0,ngtiheSM,rPcYYZtd,247.0
826,0,uxBjVsKf,ngtiheSM,247.0
826,0,hvwrhWFk,uxBjVsKf,247.0
826,0,azqUKhQu,hvwrhWFk,247.0
826,0,BsovYeFI,azqUKhQu,250.0
826,0,oeTroIck,BsovYeFI,250.0
826,0,LlpMjrks,oeTroIck,258.0
826,0,tnRCfdJr,LlpMjrks,258.0
826,0,EWoqQawU,tnRCfdJr,258.0
826,0,lRwzpFEA,EWoqQawU,258.0
826,0,HJijptKA,lRwzpFEA,258.0
826,0,pkAaqtnD,HJijptKA,258.0
826,0,mAREpQlu,pkAaqtnD,258.0
826,0,aFNbJDFF,mAREpQlu,283.0
733,0,BXAColfX,JScPHHNr,3604.0
733,0,TenjteTV,BXAColfX,3604.0
733,0,oFbMGQKy,TenjteTV,3604.0
733,0,tTpRqbZv,oFbMGQKy,3604.0
733,0,uzgDjeSU,tTpRqbZv,3604.0
733,0,RvWjyDDD,uzgDjeSU,3604.0
1102,0,kZbxJItD,TUmpHOaB,360.0
1102,0,WBGMFkPq,kZbxJItD,360.0
1102,0,ZrJSsOtw,WBGMFkPq,360.0
131,0,SEVBrkvc,ojqTFFWy,6.0
131,0,KzCxlBoL,SEVBrkvc,11.0
131,0,qPtpgxic,KzCxlBoL,11.0
131,0,RyPegcUV,qPtpgxic,12.0
131,0,gGkadTNm,RyPegcUV,12.0
131,0,CbcrfuAf,gGkadTNm,13.0
826,0,JGMtXKXa,aFNbJDFF,270.0
1102,0,gXuuFtgr,ZrJSsOtw,194.0
1102,0,AqLhpCGg,gXuuFtgr,194.0
733,0,NpVJqtjU,RvWjyDDD,2538.0
733,0,SVKOBqwN,NpVJqtjU,2538.0
733,0,jUFdobJP,SVKOBqwN,2538.0
1102,0,oGtLXKlU,AqLhpCGg,174.0
1102,0,fpLsOzrX,oGtLXKlU,95.0
1102,0,qkDUPxQJ,fpLsOzrX,95.0
826,0,DwCsfBrf,JGMtXKXa,245.0
826,0,uiqniiby,DwCsfBrf,245.0
826,0,tWWfaWxU,uiqniiby,245.0
826,0,foYyjDus,tWWfaWxU,245.0
826,0,sqMuVqoE,foYyjDus,239.0
822,0,cNypyxpr,cTQVugNT,8.0
822,0,RuAJZyMI,cNypyxpr,9.0
822,0,MtINPaKl,RuAJZyMI,9.0
822,0,SGVPbDEb,MtINPaKl,9.0
822,0,DpeufCiu,SGVPbDEb,9.0
822,0,FaHpkwNs,DpeufCiu,9.0
822,0,kohCEyKT,FaHpkwNs,9.0
822,0,DHQRQBBP,kohCEyKT,9.0
822,0,ZKEtlMvK,DHQRQBBP,9.0
822,0,pjRBTtLk,ZKEtlMvK,9.0
822,0,vnfcOAch,pjRBTtLk,14.0
822,0,ryJVAbFB,vnfcOAch,14.0
822,0,ttVqQknl,ryJVAbFB,14.0
822,0,aZtqChJJ,ttVqQknl,14.0
822,0,wrFiwNtD,aZtqChJJ,14.0
822,0,deapEAbC,wrFiwNtD,27.0
822,0,nunLDRbE,deapEAbC,49.0
822,0,oRUBDfuD,nunLDRbE,49.0
822,0,qQJgvOFz,oRUBDfuD,49.0
822,0,kbNsckqG,qQJgvOFz,58.0
822,0,VHmQaoRO,kbNsckqG,58.0
822,0,MlXQVZuf,VHmQaoRO,63.0
822,0,QxkHLGuk,MlXQVZuf,63.0
822,0,sxnLITXs,QxkHLGuk,65.0
822,0,oLzlCKof,sxnLITXs,85.0
822,0,AQHsowCO,oLzlCKof,85.0
822,0,eHBdrFbQ,AQHsowCO,86.0
822,0,nermFKBU,eHBdrFbQ,86.0
822,0,syNMMSsu,nermFKBU,86.0
822,0,aEhaaulL,syNMMSsu,86.0
822,0,bzkCWXwV,aEhaaulL,96.0
822,0,rPcYYZtd,bzkCWXwV,96.0
822,0,ngtiheSM,rPcYYZtd,218.0
822,0,uxBjVsKf,ngtiheSM,218.0
822,0,hvwrhWFk,uxBjVsKf,218.0
822,0,azqUKhQu,hvwrhWFk,218.0
822,0,BsovYeFI,azqUKhQu,221.0
822,0,oeTroIck,BsovYeFI,267.0
822,0,LlpMjrks,oeTroIck,269.0
822,0,tnRCfdJr,LlpMjrks,269.0
822,0,EWoqQawU,tnRCfdJr,269.0
822,0,lRwzpFEA,EWoqQawU,269.0
822,0,EZonlaGf,lRwzpFEA,371.0
822,0,LnttpfXJ,EZonlaGf,371.0
733,0,stYOAUgx,jUFdobJP,2562.0
733,0,qatuIGdU,stYOAUgx,2562.0
822,0,pjnGNdLD,LnttpfXJ,347.0
777,0,MZocsETE,mAREpQlu,484.0
777,0,wJsysHnP,MZocsETE,484.0
777,0,qoKVVYVH,wJsysHnP,484.0
777,0,ZbBLjsKS,qoKVVYVH,484.0
1102,0,ywTbPNnN,qkDUPxQJ,60.0
1102,0,XQUhYonT,ywTbPNnN,60.0
1102,0,kGQEnBYZ,XQUhYonT,60.0
826,0,zqVKryrK,sqMuVqoE,234.0
733,0,DZhNCgqR,qatuIGdU,2554.0
733,0,XNqNMdqz,DZhNCgqR,2554.0
733,0,oUlRzwnE,XNqNMdqz,2554.0
822,0,TJYuPZgz,pjnGNdLD,343.0
826,0,AlojXgfn,zqVKryrK,222.0
868,0,eYsqUgzf,jQlVbeqW,77.0
868,0,CGfCHyje,eYsqUgzf,77.0
868,0,qflzswAf,CGfCHyje,77.0
777,0,VvfGvRfV,ZbBLjsKS,480.0
777,0,gjjwmxRV,VvfGvRfV,480.0
777,0,sXTxOtpY,gjjwmxRV,480.0
1102,0,TRrMduWd,kGQEnBYZ,29.0
777,0,aLhLfQkP,sXTxOtpY,452.0
777,0,eeUAfDeR,aLhLfQkP,452.0
777,0,sJpWePxb,eeUAfDeR,452.0
777,0,vBjvcVSA,sJpWePxb,8.0
777,0,TFYkWDkw,vBjvcVSA,8.0
777,0,JpVXpSar,TFYkWDkw,8.0
1099,0,foDxbakc,xDEugDFx,8.0
1099,0,bGilRaMJ,foDxbakc,8.0
822,0,fvMkSwKl,TJYuPZgz,16.0
826,0,oahiQKZf,AlojXgfn,51.0
826,0,LJERpsJx,oahiQKZf,26.0
826,0,NgxTtWek,LJERpsJx,26.0
826,0,pTibEDEI,NgxTtWek,26.0
741,0,TAPXcjBe,CbcrfuAf,2.0
741,0,XsKXZwOQ,TAPXcjBe,2.0
741,0,hmRIiXJy,XsKXZwOQ,2.0
741,0,tOhgfmkj,hmRIiXJy,2.0
741,0,FjwhCXAK,tOhgfmkj,2.0
741,0,YvwuVYMF,FjwhCXAK,2.0
741,0,JScPHHNr,YvwuVYMF,4.0
741,0,BXAColfX,JScPHHNr,4.0
741,0,TenjteTV,BXAColfX,4.0
741,0,oFbMGQKy,TenjteTV,4.0
741,0,tTpRqbZv,oFbMGQKy,4.0
741,0,uzgDjeSU,tTpRqbZv,4.0
741,0,RvWjyDDD,uzgDjeSU,4.0
741,0,NpVJqtjU,RvWjyDDD,4.0
741,0,SVKOBqwN,NpVJqtjU,4.0
741,0,jUFdobJP,SVKOBqwN,4.0
741,0,stYOAUgx,jUFdobJP,4.0
741,0,qatuIGdU,stYOAUgx,4.0
741,0,DZhNCgqR,qatuIGdU,4.0
741,0,XNqNMdqz,DZhNCgqR,4.0
741,0,oUlRzwnE,XNqNMdqz,4.0
741,0,ZEJEKYue,oUlRzwnE,4.0
1102,0,wdZlcJUN,TRrMduWd,25.0
1102,0,HHtnqjHj,wdZlcJUN,25.0
778,0,QHzfYnaE,wXJrQzdz,25.0
741,0,RyPegcUV,qPtpgxic,1.0
741,0,gGkadTNm,RyPegcUV,1.0
741,0,CbcrfuAf,gGkadTNm,1.0
733,0,XQGQJTfc,oUlRzwnE,2579.0
733,0,YJlimzmz,XQGQJTfc,2579.0
733,0,GFyDwjlp,YJlimzmz,2579.0
733,0,RhHvrSFQ,GFyDwjlp,2579.0
733,0,cCtcUCYS,RhHvrSFQ,2579.0
733,0,bInfxKVp,cCtcUCYS,2579.0
547,0,qPtpgxic,bmUdUOzs,620.0
547,0,gGkadTNm,qPtpgxic,621.0
547,0,dScsNKLk,gGkadTNm,685.0
547,0,RvWjyDDD,dScsNKLk,689.0
547,0,qatuIGdU,RvWjyDDD,689.0
547,0,YJlimzmz,qatuIGdU,689.0
547,0,DdFWFvrk,YJlimzmz,689.0
547,0,KCPTYZEU,DdFWFvrk,689.0
547,0,lPZtleot,KCPTYZEU,689.0
129,0,RVGhYAxc,tDDddUJb,289.0
547,0,xiCfcAgb,AszcEtOu,41.0
547,0,bsQVAuyn,xiCfcAgb,41.0
547,0,bmUdUOzs,bsQVAuyn,43.0
547,0,AszcEtOu,pdQlgkSh,4.0
548,0,qPtpgxic,ojqTFFWy,75.0
548,0,gGkadTNm,qPtpgxic,75.0
548,0,dScsNKLk,gGkadTNm,75.0
548,0,RvWjyDDD,dScsNKLk,75.0
548,0,qatuIGdU,RvWjyDDD,75.0
548,0,YJlimzmz,qatuIGdU,75.0
548,0,DdFWFvrk,YJlimzmz,75.0
548,0,KCPTYZEU,DdFWFvrk,75.0
548,0,lPZtleot,KCPTYZEU,75.0
542,0,qPtpgxic,bmUdUOzs,7.0
542,0,gGkadTNm,qPtpgxic,7.0
542,0,dScsNKLk,gGkadTNm,10.0
542,0,RvWjyDDD,dScsNKLk,10.0
542,0,qatuIGdU,RvWjyDDD,10.0
542,0,YJlimzmz,qatuIGdU,10.0
542,0,DdFWFvrk,YJlimzmz,10.0
542,0,KCPTYZEU,DdFWFvrk,10.0
542,0,lPZtleot,KCPTYZEU,10.0
542,0,jCwFOmxo,lPZtleot,10.0
542,0,fVolLZWv,jCwFOmxo,10.0
542,0,vnGoAIWR,fVolLZWv,10.0
542,0,UPoJKlTB,vnGoAIWR,10.0
542,0,mBDHTawz,UPoJKlTB,10.0
542,0,lMdnIgyP,mBDHTawz,10.0
477,0,vkAUVqtk,oeGMQkdJ,3068.0
477,0,ifLglfbO,vkAUVqtk,3068.0
615,0,DRkcXziO,IIzQthVA,736.0
615,0,fTOPrrgc,DRkcXziO,736.0
615,0,XPasGtVj,fTOPrrgc,736.0
615,0,VMviwLNE,XPasGtVj,736.0
615,0,BxuxHloR,VMviwLNE,736.0
615,0,gFAsBeQM,BxuxHloR,736.0
615,0,rDSiGFpR,gFAsBeQM,736.0
615,0,hxSTJhOz,rDSiGFpR,871.0
615,0,TShNRujB,hxSTJhOz,871.0
615,0,gzZgDndk,TShNRujB,1746.0
615,0,PSjGjQXK,gzZgDndk,1746.0
615,0,FDPmqphv,PSjGjQXK,1746.0
798,0,eTJQHplR,nEXpIbiD,505.0
1326,0,mZrMXUGc,BZEEPDzF,98.0
1326,0,ovqyecwa,mZrMXUGc,480.0
1326,0,PhEXDKmN,ovqyecwa,480.0
1255,0,XiLvnZTk,Vlipnutt,88.0
1255,0,FStgRiBS,XiLvnZTk,88.0
1255,0,GkYZbgqg,FStgRiBS,88.0
1255,0,FlYjxOxQ,GkYZbgqg,303.0
1255,0,wFSILCzc,FlYjxOxQ,303.0
1255,0,yQQuLFAg,wFSILCzc,303.0
1255,0,rUKSlFeh,yQQuLFAg,938.0
1567,0,UgzfanVk,sHqmRcRD,249.0
1349,0,clVXMHJf,suvDbtPR,4.0
1349,0,UXEWVZzP,clVXMHJf,4.0
1349,0,MlYFoaez,UXEWVZzP,4.0
1349,0,XeinAhyy,MlYFoaez,3.0
1349,0,pGpZhRvq,XeinAhyy,3.0
1349,0,alaJPSTW,pGpZhRvq,3.0
1349,0,ngNzeSzC,alaJPSTW,3.0
1349,0,PHuvYJrP,ngNzeSzC,3.0
1349,0,FoxIDeQY,PHuvYJrP,3.0
1349,0,dZoxKDmD,FoxIDeQY,3.0
1349,0,ZOuLYtJj,dZoxKDmD,3.0
1349,0,SGnJOquj,ZOuLYtJj,3.0
1349,0,ogOCBKAf,SGnJOquj,3.0
1085,0,zMSEqitx,EllpaOUu,1014.0
1085,0,AnlrdaBb,zMSEqitx,1014.0
1085,0,yQmtaWgt,AnlrdaBb,1010.0
331,0,MhxjGQjy,UgzfanVk,120.0
331,0,EhUxMFuQ,MhxjGQjy,120.0
331,0,HZcfHzwe,EhUxMFuQ,120.0
331,0,qoWOoICL,HZcfHzwe,120.0
331,0,FwybjYQK,qoWOoICL,120.0
331,0,ZuDlysuz,FwybjYQK,120.0
331,0,IkwHYYuh,ZuDlysuz,120.0
331,0,YzXnYVPd,IkwHYYuh,120.0
331,0,TEKQTTfp,YzXnYVPd,120.0
331,0,ZIPCqImv,TEKQTTfp,120.0
331,0,aWNaUdzp,ZIPCqImv,120.0
331,0,FCsbIOBe,aWNaUdzp,120.0
331,0,gGjwcdJB,FCsbIOBe,120.0
1085,0,ixafYOrk,WneZtuRq,1048.0
1085,0,VWKzFLMH,ixafYOrk,1048.0
1085,0,EllpaOUu,VWKzFLMH,1020.0
273,0,jOxyxYyy,fFHpEWYG,2350.0
273,0,zOQhKaAF,jOxyxYyy,2350.0
615,0,ccqsUPnI,FDPmqphv,1735.0
615,0,OGJVNXKe,ccqsUPnI,1735.0
600,0,kjxfKqbD,PZLqDGdx,291.0
600,0,mSXRukCc,kjxfKqbD,291.0
600,0,FFGyTMvJ,mSXRukCc,291.0
600,0,eyAJPdep,FFGyTMvJ,291.0
600,0,RCkelXPh,eyAJPdep,382.0
600,0,jcExlqwL,RCkelXPh,514.0
600,0,YctaenCe,jcExlqwL,568.0
600,0,tzYrVhKO,YctaenCe,568.0
600,0,UgpyjFML,tzYrVhKO,568.0
600,0,nPkrzCty,UgpyjFML,570.0
706,0,yQQuLFAg,wFSILCzc,146.0
273,0,hfsVeMMa,zOQhKaAF,2506.0
615,0,hfsVeMMa,OGJVNXKe,1684.0
482,0,ifLglfbO,vkAUVqtk,145.0
482,0,hgHcWJof,ifLglfbO,145.0
482,0,qSowWcvN,hgHcWJof,145.0
14,0,GnsXgGJX,PSjGjQXK,3490.0
14,0,VjdckTjW,GnsXgGJX,4218.0
486,0,oeGMQkdJ,NQaaFyOm,1.0
486,0,vkAUVqtk,oeGMQkdJ,1.0
486,0,ifLglfbO,vkAUVqtk,1.0
486,0,hgHcWJof,ifLglfbO,1.0
486,0,qSowWcvN,hgHcWJof,1.0
477,0,hgHcWJof,ifLglfbO,3066.0
477,0,vBGGqNND,hgHcWJof,3066.0
490,0,pSVDMeCH,gaLZwYvS,706.0
490,0,FTwVCxQy,pSVDMeCH,706.0
490,0,RFaTWaew,FTwVCxQy,706.0
490,0,mYoRZvtc,RFaTWaew,714.0
490,0,NKCxdwhs,mYoRZvtc,968.0
490,0,eeSdZFhf,NKCxdwhs,968.0
490,0,UaWwvNMO,eeSdZFhf,1339.0
490,0,gFAsBeQM,UaWwvNMO,1339.0
490,0,bKKUjGhb,gFAsBeQM,1395.0
490,0,QRrhNfpu,bKKUjGhb,1399.0
490,0,qSowWcvN,QRrhNfpu,1343.0
480,0,bKKUjGhb,LbKosGpD,2692.0
480,0,BgYvcKFh,bKKUjGhb,2703.0
480,0,QRrhNfpu,BgYvcKFh,2703.0
480,0,qSowWcvN,QRrhNfpu,2703.0
480,0,NBopaFdP,mHRdWDIt,544.0
480,0,LbKosGpD,NBopaFdP,544.0
1741,0,cPCRxZjy,LPfgjVyT,214.0
1741,0,XFLojCJa,cPCRxZjy,214.0
1741,0,mHRdWDIt,XFLojCJa,214.0
1741,0,NBopaFdP,mHRdWDIt,214.0
1741,0,LbKosGpD,NBopaFdP,214.0
1741,0,bKKUjGhb,LbKosGpD,214.0
235,0,QHFmFyLR,EkWBPXmr,3319.0
235,0,neNWquOh,QHFmFyLR,3319.0
235,0,KwaxxmSs,neNWquOh,3329.0
235,0,PSjGjQXK,KwaxxmSs,3341.0
235,0,GnsXgGJX,PSjGjQXK,8316.0
235,0,VjdckTjW,GnsXgGJX,8492.0
235,0,ohvLIfWG,VjdckTjW,9153.0
490,0,vBGGqNND,qSowWcvN,878.0
480,0,vBGGqNND,qSowWcvN,2056.0
1197,0,jPryMrof,xMTUUeEc,135.0
1197,0,jkJwqjHm,jPryMrof,135.0
1197,0,jKMBgxbE,jkJwqjHm,135.0
1197,0,RQiSRtZp,jKMBgxbE,135.0
1197,0,CRZgpQHT,RQiSRtZp,114.0
1197,0,uDuzeUsq,CRZgpQHT,114.0
1197,0,ilYJImqh,uDuzeUsq,114.0
1197,0,gpXWTuwm,ilYJImqh,114.0
1197,0,jKjAXpVP,gpXWTuwm,114.0
1197,0,XXPGaRGh,jKjAXpVP,114.0
1197,0,IMtkgxTU,XXPGaRGh,114.0
1197,0,MlQcmexA,IMtkgxTU,114.0
1197,0,tSmiUoPn,MlQcmexA,114.0
1197,0,VuxSFkGj,tSmiUoPn,114.0
1197,0,SQUoXVXU,VuxSFkGj,114.0
1197,0,tZiWmgTn,SQUoXVXU,114.0
273,0,isVKhOXG,hfsVeMMa,2681.0
273,0,mKIQRbrs,isVKhOXG,2663.0
615,0,isVKhOXG,hfsVeMMa,1328.0
615,0,OWkTamRc,isVKhOXG,1328.0
615,0,pHNyFRmN,OWkTamRc,1325.0
615,0,SMriOOgF,pHNyFRmN,1325.0
615,0,vISVJoyz,SMriOOgF,1325.0
320,0,vkAUVqtk,oeGMQkdJ,45.0
320,0,ifLglfbO,vkAUVqtk,45.0
320,0,hgHcWJof,ifLglfbO,45.0
320,0,POdtxoZm,hgHcWJof,45.0
320,0,DjKGsdyb,POdtxoZm,74.0
398,0,QHFmFyLR,EkWBPXmr,619.0
398,0,neNWquOh,QHFmFyLR,619.0
398,0,KwaxxmSs,neNWquOh,619.0
398,0,PSjGjQXK,KwaxxmSs,619.0
398,0,GnsXgGJX,PSjGjQXK,1465.0
398,0,VjdckTjW,GnsXgGJX,1581.0
398,0,ohvLIfWG,VjdckTjW,1581.0
398,0,HTKZNJTs,ohvLIfWG,1582.0
398,0,FmTbQszJ,HTKZNJTs,1582.0
480,0,FFLftRlg,vBGGqNND,1949.0
480,0,HTKZNJTs,FFLftRlg,1960.0
480,0,FmTbQszJ,HTKZNJTs,2324.0
235,0,aUPouXsN,ohvLIfWG,8152.0
14,0,aUPouXsN,VjdckTjW,4023.0
590,0,QHFmFyLR,EkWBPXmr,894.0
590,0,neNWquOh,QHFmFyLR,894.0
590,0,BQqYmuyR,neNWquOh,899.0
590,0,PSjGjQXK,BQqYmuyR,899.0
590,0,FDPmqphv,PSjGjQXK,2502.0
590,0,aVjdmBcp,FDPmqphv,2633.0
590,0,isVKhOXG,aVjdmBcp,2633.0
590,0,pHNyFRmN,isVKhOXG,2651.0
590,0,SMriOOgF,pHNyFRmN,2680.0
590,0,RHWjHSWx,SMriOOgF,2680.0
615,0,RHWjHSWx,vISVJoyz,1324.0
480,0,JvhqCmbT,FmTbQszJ,2881.0
480,0,xkdRvtRu,JvhqCmbT,2881.0
480,0,SqxhBMol,xkdRvtRu,2938.0
615,0,VpmqCJUB,RHWjHSWx,971.0
706,0,izUAPpdi,xyBTaHvp,16.0
706,0,FVYwGhLu,izUAPpdi,16.0
706,0,cNWTidvb,FVYwGhLu,16.0
706,0,wFSILCzc,cNWTidvb,16.0
490,0,VpmqCJUB,RHWjHSWx,1527.0
490,0,dulnZXnF,VpmqCJUB,1527.0
490,0,RkIYOvZu,dulnZXnF,1527.0
490,0,ygKQkAfU,RkIYOvZu,1527.0
615,0,mWygMrMb,VpmqCJUB,922.0
615,0,dulnZXnF,mWygMrMb,922.0
615,0,RkIYOvZu,dulnZXnF,922.0
615,0,ygKQkAfU,RkIYOvZu,922.0
670,0,AszcEtOu,BpAiVnps,216.0
670,0,ybjkPLXB,AszcEtOu,249.0
226,0,aIerxCRO,lxSUNwOi,220.0
226,0,ZHaurlhr,aIerxCRO,220.0
226,0,KMDYeUKg,ZHaurlhr,262.0
226,0,NgBSBxMr,eTJQHplR,74.0
226,0,lxSUNwOi,NgBSBxMr,210.0
601,0,qvujbmjR,mKIQRbrs,437.0
601,0,upZFxFqB,qvujbmjR,437.0
601,0,SqxhBMol,upZFxFqB,437.0
601,0,nrKKniYe,SqxhBMol,578.0
601,0,HrNWphPZ,nrKKniYe,794.0
685,0,VCDwRKse,TPsFloRu,764.0
685,0,wvKdtztS,VCDwRKse,764.0
685,0,LBOtcvsG,wvKdtztS,764.0
685,0,JGbfxLUL,KQSHMGnw,239.0
685,0,IjwLXBRx,JGbfxLUL,239.0
685,0,TPsFloRu,IjwLXBRx,406.0
600,0,CEZTRnUo,qflzswAf,16.0
600,0,funWfCdm,CEZTRnUo,16.0
600,0,rnFrOJMw,funWfCdm,16.0
600,0,MklhhYCQ,rnFrOJMw,16.0
600,0,nzTRQfUi,MklhhYCQ,16.0
600,0,PZLqDGdx,nzTRQfUi,16.0
648,0,SYyDHHKq,IzsieVnc,471.0
648,0,yzZGrKJL,SYyDHHKq,471.0
648,0,qDeoslSZ,yzZGrKJL,471.0
1689,0,xMTUUeEc,tBgOcvQf,117.0
1689,0,jPryMrof,xMTUUeEc,117.0
1689,0,jkJwqjHm,jPryMrof,117.0
1689,0,jKMBgxbE,jkJwqjHm,117.0
1689,0,tldUULAx,jKMBgxbE,117.0
1689,0,yzZGrKJL,tldUULAx,114.0
1689,0,qDeoslSZ,yzZGrKJL,114.0
214,0,qDeoslSZ,hLEWSLqw,870.0
296,0,KwXNMHkb,UxPxrYmy,73.0
296,0,YxUFlvZH,KwXNMHkb,73.0
296,0,KMLNQwjh,YxUFlvZH,73.0
296,0,aDaRCcaB,KMLNQwjh,73.0
296,0,dQYZBhGJ,aDaRCcaB,73.0
296,0,iFderoVa,dQYZBhGJ,73.0
296,0,GQmprOhw,iFderoVa,73.0
296,0,aWeAvoyP,GQmprOhw,73.0
296,0,exnIZrMP,aWeAvoyP,73.0
296,0,WSMobtPt,exnIZrMP,73.0
296,0,AvILYntX,WSMobtPt,73.0
296,0,BGAyznqC,AvILYntX,73.0
296,0,PUIIuxlM,BGAyznqC,73.0
296,0,bEuFbYIx,PUIIuxlM,73.0
296,0,ZCsEtuOb,bEuFbYIx,73.0
296,0,kEQqRNXv,ZCsEtuOb,73.0
296,0,NfeOUEsA,kEQqRNXv,73.0
296,0,gdbAGAQU,NfeOUEsA,73.0
296,0,ANpclgWP,gdbAGAQU,73.0
296,0,LWqTSxPr,ANpclgWP,73.0
296,0,tBgOcvQf,LWqTSxPr,73.0
296,0,xMTUUeEc,tBgOcvQf,73.0
296,0,jPryMrof,xMTUUeEc,73.0
296,0,jkJwqjHm,jPryMrof,73.0
296,0,jKMBgxbE,jkJwqjHm,73.0
296,0,RQiSRtZp,jKMBgxbE,73.0
296,0,SoCzlzVw,RQiSRtZp,73.0
296,0,hLEWSLqw,SoCzlzVw,73.0
296,0,qDeoslSZ,hLEWSLqw,73.0
296,0,hqOmlOIp,RrhmmPMm,38.0
296,0,qJgsxHch,hqOmlOIp,38.0
296,0,lxplrluY,qJgsxHch,38.0
296,0,zTJYYUap,lxplrluY,38.0
296,0,UxPxrYmy,zTJYYUap,38.0
296,0,YxYhlArE,NqSePdAx,21.0
296,0,sAswhpJr,YxYhlArE,21.0
296,0,VyHGAkTo,sAswhpJr,21.0
296,0,RrhmmPMm,VyHGAkTo,21.0
296,0,sceVWPKZ,dvaPHMux,20.0
296,0,NqSePdAx,sceVWPKZ,20.0
490,0,blwWmPPo,ygKQkAfU,1035.0
490,0,hLEWSLqw,blwWmPPo,1035.0
490,0,qDeoslSZ,hLEWSLqw,1033.0
1744,0,tMEROJFH,ufLmazVu,2822.0
647,0,plmttHNh,mBUKTvtr,27.0
647,0,GIAembsg,plmttHNh,27.0
647,0,OyNIynZV,GIAembsg,27.0
214,0,awnNVqry,lhadwkCG,53.0
590,0,VpmqCJUB,RHWjHSWx,2538.0
590,0,EvIZgaUF,VpmqCJUB,2538.0
590,0,mGgwEHaG,EvIZgaUF,2541.0
590,0,DWuGRWkF,mGgwEHaG,2541.0
1741,0,QRrhNfpu,bKKUjGhb,213.0
1741,0,qSowWcvN,QRrhNfpu,213.0
1741,0,vBGGqNND,qSowWcvN,213.0
1741,0,FFLftRlg,vBGGqNND,213.0
1741,0,HTKZNJTs,FFLftRlg,213.0
1741,0,JvhqCmbT,HTKZNJTs,213.0
1741,0,pfHqWMIj,JvhqCmbT,213.0
1741,0,yZEnTGkU,pfHqWMIj,213.0
1741,0,svamcGgQ,yZEnTGkU,213.0
1741,0,OkTOljoV,svamcGgQ,213.0
1741,0,RoAYEvND,OkTOljoV,213.0
480,0,yZEnTGkU,SqxhBMol,2582.0
480,0,svamcGgQ,yZEnTGkU,3099.0
480,0,OkTOljoV,svamcGgQ,3099.0
480,0,ryMrZCSE,OkTOljoV,3099.0
320,0,ExPvCHrU,DjKGsdyb,68.0
320,0,OCwYbEnq,ExPvCHrU,68.0
320,0,nrUfCQxz,OCwYbEnq,68.0
320,0,XwcxmOai,nrUfCQxz,68.0
648,0,JovbzjVh,qDeoslSZ,26.0
398,0,JvhqCmbT,FmTbQszJ,1496.0
398,0,xkdRvtRu,JvhqCmbT,1496.0
398,0,upZFxFqB,xkdRvtRu,1496.0
398,0,SqxhBMol,upZFxFqB,1496.0
398,0,yZEnTGkU,SqxhBMol,1496.0
398,0,svamcGgQ,yZEnTGkU,1496.0
398,0,OkTOljoV,svamcGgQ,1496.0
398,0,ryMrZCSE,OkTOljoV,1496.0
1505,0,BMprcpdo,xQqwXgNZ,3727.0
1178,0,upMsEWKk,IMTItMKU,6698.0
1178,0,KCqeuCwW,upMsEWKk,6698.0
1178,0,xyBTaHvp,KCqeuCwW,6698.0
14,0,SlfNpref,aUPouXsN,4389.0
14,0,nrKKniYe,SlfNpref,4389.0
14,0,AjJCgCBk,nrKKniYe,4488.0
477,0,oFGeBzfg,vBGGqNND,854.0
477,0,ZAvLUFLU,oFGeBzfg,854.0
477,0,iBiVOFur,ZAvLUFLU,854.0
477,0,AjJCgCBk,iBiVOFur,1667.0
686,0,fubLBmAl,DOGyniWl,120.0
686,0,nEXpIbiD,fubLBmAl,120.0
686,0,eTJQHplR,nEXpIbiD,120.0
686,0,vrgENeuF,eTJQHplR,122.0
686,0,lxSUNwOi,vrgENeuF,198.0
686,0,aIerxCRO,lxSUNwOi,218.0
686,0,ZHaurlhr,aIerxCRO,218.0
686,0,KMDYeUKg,ZHaurlhr,240.0
686,0,RSPZrGBg,KMDYeUKg,240.0
686,0,nrUfCQxz,RSPZrGBg,240.0
686,0,iBiVOFur,nrUfCQxz,240.0
686,0,SWnceHEw,iBiVOFur,240.0
686,0,AjJCgCBk,SWnceHEw,239.0
686,0,YmkUpvHU,qKeCDDXI,65.0
686,0,GbYxEXTt,YmkUpvHU,82.0
686,0,DOGyniWl,GbYxEXTt,82.0
287,0,IOcMwGKn,ybjkPLXB,41.0
287,0,hCxxcqWU,IOcMwGKn,39.0
287,0,gUXxyAlR,hCxxcqWU,39.0
287,0,cEOIeJTR,gUXxyAlR,14.0
287,0,bWAbaUPC,cEOIeJTR,14.0
686,0,wLUSsEhz,AjJCgCBk,182.0
686,0,XHTcEfiO,wLUSsEhz,182.0
686,0,izYvwhlO,XHTcEfiO,162.0
836,0,aImltWBw,FGqBFXAc,63.0
477,0,jFmPCmzM,AjJCgCBk,1357.0
235,0,jFmPCmzM,AjJCgCBk,6910.0
1197,0,OeKkfJSz,HTcmpFUD,20.0
1197,0,FZjXRNIl,OeKkfJSz,20.0
1197,0,wHSBMatn,FZjXRNIl,20.0
1197,0,pbVrXoGi,wHSBMatn,20.0
1197,0,GuhaYkFL,pbVrXoGi,21.0
1197,0,EdJUuxct,GuhaYkFL,21.0
1197,0,gmiMCrrb,EdJUuxct,21.0
1197,0,xMTUUeEc,gmiMCrrb,21.0
1331,0,ULIlEdjB,XHLHCkqn,373.0
1331,0,zfmNZkKD,ULIlEdjB,373.0
1331,0,GTWLqqnN,JafVjQhg,209.0
1331,0,wefAcLKj,GTWLqqnN,209.0
1331,0,RxHTaOMh,wefAcLKj,209.0
1331,0,XHLHCkqn,RxHTaOMh,209.0
292,0,QHFmFyLR,EkWBPXmr,493.0
292,0,neNWquOh,QHFmFyLR,493.0
292,0,KwaxxmSs,neNWquOh,493.0
292,0,PSjGjQXK,KwaxxmSs,493.0
292,0,GnsXgGJX,PSjGjQXK,1099.0
292,0,VjdckTjW,GnsXgGJX,1115.0
292,0,ohvLIfWG,VjdckTjW,1173.0
292,0,aUPouXsN,ohvLIfWG,1173.0
14,0,jFmPCmzM,AjJCgCBk,4533.0
1664,0,ymtXIyVJ,AayEawbi,717.0
1664,0,VNhDHTgU,ymtXIyVJ,896.0
1664,0,mvZTxord,VNhDHTgU,896.0
1065,0,MqGZxRIW,OyJKKata,3.0
1065,0,FcOkCcps,MqGZxRIW,3.0
635,0,pSVDMeCH,gaLZwYvS,154.0
635,0,FTwVCxQy,pSVDMeCH,154.0
635,0,RFaTWaew,FTwVCxQy,154.0
635,0,mYoRZvtc,RFaTWaew,475.0
635,0,NKCxdwhs,mYoRZvtc,587.0
635,0,eeSdZFhf,NKCxdwhs,587.0
635,0,gFAsBeQM,eeSdZFhf,690.0
648,0,dYaEdzoO,JovbzjVh,24.0
648,0,LoxEXWve,dYaEdzoO,24.0
648,0,TIoMzhxD,LoxEXWve,24.0
615,0,blwWmPPo,ygKQkAfU,266.0
615,0,GWhCmjED,blwWmPPo,266.0
615,0,dYaEdzoO,GWhCmjED,266.0
615,0,TIoMzhxD,dYaEdzoO,266.0
590,0,ryMrZCSE,DWuGRWkF,2557.0
590,0,fRxWIrbs,ryMrZCSE,3213.0
590,0,QrdELzCu,fRxWIrbs,3213.0
590,0,YvwQRHTE,QrdELzCu,3213.0
590,0,HJTsgSzj,YvwQRHTE,3210.0
1529,0,vcQVCkqQ,kDvrGahi,28.0
1529,0,TzBLFSKE,vcQVCkqQ,28.0
1529,0,MmmkWPfy,TzBLFSKE,28.0
1529,0,AWJbGBWg,MmmkWPfy,28.0
1529,0,sHqmRcRD,AWJbGBWg,28.0
1529,0,wSzUgpVB,sHqmRcRD,28.0
1529,0,zrlQGdaK,wSzUgpVB,28.0
1529,0,UgzfanVk,zrlQGdaK,28.0
1529,0,mhYSfvAq,UgzfanVk,28.0
1529,0,CuIFmOPZ,mhYSfvAq,28.0
1529,0,bkPedFyi,CuIFmOPZ,28.0
1529,0,neCsPoxX,bkPedFyi,28.0
1529,0,RMvkOcpU,neCsPoxX,28.0
1529,0,qVxAOUMG,RMvkOcpU,28.0
1529,0,bYKKzRQT,qVxAOUMG,28.0
1529,0,CLqSCDPt,bYKKzRQT,28.0
1529,0,ZzqCYjTC,CLqSCDPt,28.0
1529,0,UtzkRwuC,ZzqCYjTC,28.0
1529,0,cvCJiZVm,UtzkRwuC,28.0
1529,0,MklhhYCQ,cvCJiZVm,28.0
1303,0,ZOuLYtJj,dZoxKDmD,11.0
1303,0,SGnJOquj,ZOuLYtJj,11.0
1303,0,vacPrbQA,SGnJOquj,11.0
1303,0,bHagonKv,vacPrbQA,11.0
1303,0,XiLvnZTk,bHagonKv,11.0
1303,0,FlYjxOxQ,XiLvnZTk,11.0
1303,0,yQQuLFAg,FlYjxOxQ,11.0
1303,0,rckblBTM,yQQuLFAg,11.0
1303,0,fGmFhgnx,rckblBTM,11.0
1303,0,zjjLSYAp,fGmFhgnx,11.0
1303,0,wrsPDGBQ,zjjLSYAp,11.0
1303,0,QsteKrle,wrsPDGBQ,11.0
1303,0,XMWgellz,QsteKrle,11.0
1303,0,adsviABF,XMWgellz,11.0
1303,0,XYiwYIqY,adsviABF,11.0
1303,0,wvKdtztS,XYiwYIqY,11.0
1413,0,DeduXMzE,udlIzhJE,20.0
1413,0,GXHjZCTL,DeduXMzE,20.0
1413,0,yolIeCeg,GXHjZCTL,20.0
1413,0,ozAxYCwR,yolIeCeg,20.0
1413,0,qdrjbHYS,ozAxYCwR,20.0
1413,0,AKdDiXyV,qdrjbHYS,20.0
1413,0,fFHpEWYG,AKdDiXyV,20.0
1413,0,jOxyxYyy,fFHpEWYG,20.0
1413,0,gGlRqksC,jOxyxYyy,20.0
1413,0,GRRjUQxz,gGlRqksC,20.0
1413,0,evYofZgS,GRRjUQxz,20.0
1413,0,RHWjHSWx,evYofZgS,20.0
1413,0,VpmqCJUB,RHWjHSWx,20.0
1413,0,dulnZXnF,VpmqCJUB,20.0
1413,0,RkIYOvZu,dulnZXnF,20.0
1413,0,ygKQkAfU,RkIYOvZu,20.0
1413,0,blwWmPPo,ygKQkAfU,20.0
1413,0,dYaEdzoO,blwWmPPo,20.0
1413,0,TIoMzhxD,dYaEdzoO,20.0
1413,0,iRpWiLQH,TIoMzhxD,20.0
1413,0,LPBTmxgF,iRpWiLQH,20.0
670,0,pTpnumHG,TIoMzhxD,337.0
670,0,LPBTmxgF,pTpnumHG,337.0
615,0,pTpnumHG,TIoMzhxD,185.0
615,0,LPBTmxgF,pTpnumHG,185.0
311,0,plWWPiMc,mnkgCFDT,852.0
311,0,HcPkwFHM,plWWPiMc,900.0
311,0,KjuJaNsu,HcPkwFHM,935.0
311,0,oNyGHMvy,KjuJaNsu,936.0
311,0,QdnKSSsO,oNyGHMvy,1270.0
311,0,vSdfqYeK,QdnKSSsO,1536.0
311,0,wDpyEsxh,vSdfqYeK,1536.0
311,0,jIerKxIb,wDpyEsxh,1623.0
311,0,IubGYoNi,jIerKxIb,2041.0
311,0,fmQEzQWV,IubGYoNi,2208.0
311,0,BpAiVnps,fmQEzQWV,2793.0
311,0,LPBTmxgF,pTpnumHG,764.0
1255,0,XMWgellz,vqGhvZJF,2183.0
601,0,fFHpEWYG,FcOkCcps,130.0
601,0,jOxyxYyy,fFHpEWYG,130.0
601,0,zOQhKaAF,jOxyxYyy,130.0
601,0,hfsVeMMa,zOQhKaAF,266.0
601,0,mKIQRbrs,hfsVeMMa,315.0
601,0,XwcxmOai,HrNWphPZ,825.0
601,0,RfzcmazU,XwcxmOai,825.0
648,0,QdIKKqKN,TIoMzhxD,26.0
648,0,ZIZoBDen,QdIKKqKN,26.0
648,0,DYLgRRdw,ZIZoBDen,26.0
648,0,QvJRXCKm,DYLgRRdw,26.0
398,0,fRxWIrbs,ryMrZCSE,763.0
398,0,QrdELzCu,fRxWIrbs,763.0
398,0,YvwQRHTE,QrdELzCu,763.0
398,0,HJTsgSzj,YvwQRHTE,763.0
480,0,fRxWIrbs,ryMrZCSE,1837.0
480,0,QrdELzCu,fRxWIrbs,1837.0
480,0,YvwQRHTE,QrdELzCu,1837.0
480,0,HJTsgSzj,YvwQRHTE,1903.0
147,0,QHFmFyLR,EkWBPXmr,357.0
147,0,neNWquOh,QHFmFyLR,357.0
147,0,KwaxxmSs,neNWquOh,357.0
147,0,gzZgDndk,KwaxxmSs,357.0
147,0,NQaaFyOm,gzZgDndk,435.0
147,0,iPNesxKP,NQaaFyOm,458.0
147,0,lctVuVOk,iPNesxKP,547.0
147,0,EocVuyzS,lctVuVOk,548.0
147,0,lwcIkPvE,EocVuyzS,548.0
147,0,suszCmcx,lwcIkPvE,672.0
147,0,UTBcifAN,suszCmcx,672.0
147,0,HQVZivsH,UTBcifAN,862.0
147,0,tTrMaEIS,HQVZivsH,862.0
147,0,WeXgsZLY,tTrMaEIS,862.0
147,0,VuPuNOXM,WeXgsZLY,862.0
147,0,QgwCgjAi,VuPuNOXM,862.0
204,0,VuPuNOXM,WeXgsZLY,1011.0
204,0,QgwCgjAi,VuPuNOXM,1011.0
1468,0,eTJQHplR,nEXpIbiD,139.0
253,0,DOGyniWl,GbYxEXTt,205.0
253,0,nEXpIbiD,DOGyniWl,205.0
253,0,eTJQHplR,nEXpIbiD,204.0
480,0,TcTonWJL,HJTsgSzj,1334.0
1700,0,uxYyJnud,eooROOMz,61.0
1700,0,MyzsDSvl,uxYyJnud,61.0
1700,0,rxlNLBXr,MyzsDSvl,60.0
1700,0,losuIFuX,rxlNLBXr,59.0
1700,0,uskMapbi,losuIFuX,59.0
1700,0,yXOuyCwN,uskMapbi,59.0
1700,0,mSGryPaH,yXOuyCwN,59.0
1700,0,OVaoEscJ,mSGryPaH,59.0
1700,0,xQqwXgNZ,OVaoEscJ,28.0
1700,0,BMprcpdo,xQqwXgNZ,28.0
601,0,ImIhxSnH,RfzcmazU,824.0
601,0,iEKuRfDT,ImIhxSnH,824.0
601,0,PlyJazqR,iEKuRfDT,824.0
601,0,ylfNfbjf,PlyJazqR,824.0
601,0,psXocZQH,ylfNfbjf,824.0
601,0,yprCGtVa,psXocZQH,824.0
14,0,fkZFUNSd,jFmPCmzM,4161.0
14,0,cttUtMNm,fkZFUNSd,4986.0
14,0,wHfmVQMh,cttUtMNm,4975.0
673,0,jXeBpcDF,lZYsrfVZ,208.0
673,0,goaumTLR,jXeBpcDF,208.0
673,0,vNMxowJX,goaumTLR,206.0
673,0,voZaDctr,vNMxowJX,206.0
673,0,cttUtMNm,voZaDctr,206.0
673,0,wHfmVQMh,cttUtMNm,206.0
477,0,fkZFUNSd,jFmPCmzM,619.0
477,0,cttUtMNm,fkZFUNSd,619.0
477,0,wHfmVQMh,cttUtMNm,619.0
14,0,mdGitRQe,wHfmVQMh,4970.0
477,0,mdGitRQe,wHfmVQMh,455.0
398,0,TcTonWJL,HJTsgSzj,418.0
398,0,WtptgYtz,TcTonWJL,418.0
480,0,WtptgYtz,TcTonWJL,1349.0
686,0,DvUXLssj,izYvwhlO,293.0
686,0,womqVgRl,DvUXLssj,293.0
686,0,HkSXkIZj,womqVgRl,293.0
686,0,gRVxNCAP,HkSXkIZj,293.0
686,0,FHkpxOov,gRVxNCAP,293.0
673,0,mdGitRQe,wHfmVQMh,106.0
1567,0,lqMPnIra,nPkrzCty,915.0
658,0,jiaBsTdI,vspNPtqb,5.0
658,0,iVtHnErr,jiaBsTdI,5.0
658,0,nsjiKPCz,iVtHnErr,5.0
658,0,vfdAIPGv,nsjiKPCz,5.0
658,0,inJVXMtB,vfdAIPGv,5.0
658,0,ubZrQMid,inJVXMtB,5.0
658,0,gBkmsEyR,ubZrQMid,5.0
658,0,cGoHBmgo,gBkmsEyR,5.0
658,0,EkWBPXmr,cGoHBmgo,5.0
398,0,NJSgWoOc,WtptgYtz,294.0
398,0,HFKfgJoc,NJSgWoOc,294.0
398,0,KQSHMGnw,HFKfgJoc,294.0
684,0,NJSgWoOc,FHkpxOov,1196.0
684,0,HFKfgJoc,NJSgWoOc,1189.0
684,0,KQSHMGnw,HFKfgJoc,1189.0
480,0,NJSgWoOc,WtptgYtz,1178.0
480,0,HFKfgJoc,NJSgWoOc,1178.0
480,0,KQSHMGnw,HFKfgJoc,1178.0
686,0,NJSgWoOc,FHkpxOov,213.0
686,0,HFKfgJoc,NJSgWoOc,142.0
686,0,KQSHMGnw,HFKfgJoc,142.0
1645,0,sWFNlbjw,ASOyxnpu,426.0
1645,0,qTqvnQiR,sWFNlbjw,426.0
1645,0,FyIjwLBj,qTqvnQiR,396.0
1645,0,DdAJghjk,FyIjwLBj,229.0
1645,0,IglTFvIG,DdAJghjk,197.0
1645,0,esXmHZAz,IglTFvIG,197.0
1645,0,VUTBmskZ,esXmHZAz,197.0
1645,0,KQSHMGnw,VUTBmskZ,197.0
1645,0,ASOyxnpu,QewuHWYk,271.0
1189,0,adsviABF,LPldZjRa,56.0
1189,0,TqlJzItM,adsviABF,42.0
1189,0,KQSHMGnw,TqlJzItM,42.0
356,0,zfdolaES,nEXpIbiD,981.0
356,0,jiufRClk,zfdolaES,981.0
356,0,GVnbohJg,jiufRClk,981.0
356,0,TIKKmaif,GVnbohJg,998.0
356,0,nTVsVrjG,TIKKmaif,810.0
1671,0,ihoYGoHN,IAWSKEHF,26.0
1671,0,kpWRWDUl,ihoYGoHN,32.0
1671,0,leVkrEcC,kpWRWDUl,32.0
1671,0,wgFmWmqT,leVkrEcC,32.0
1671,0,XTnubosJ,wgFmWmqT,32.0
1671,0,CcjcuryA,XTnubosJ,32.0
1671,0,FStgRiBS,CcjcuryA,27.0
1671,0,GkYZbgqg,FStgRiBS,25.0
1671,0,FlYjxOxQ,GkYZbgqg,25.0
1671,0,wFSILCzc,FlYjxOxQ,25.0
1671,0,yQQuLFAg,wFSILCzc,25.0
186,0,oUmVLfUX,WKWTpoqQ,446.0
186,0,fJdABIlw,oUmVLfUX,446.0
186,0,mXwfazRz,fJdABIlw,404.0
186,0,rBcVngYR,mXwfazRz,432.0
186,0,NGAodVTg,rBcVngYR,189.0
186,0,TvGyfQSI,NGAodVTg,189.0
186,0,HFYkXdPG,TvGyfQSI,190.0
186,0,KjgVoxgR,HFYkXdPG,201.0
186,0,xTOrUJFO,KjgVoxgR,202.0
186,0,EmkugZPX,xTOrUJFO,202.0
186,0,lmZJehpq,EmkugZPX,201.0
186,0,YtrqvWdf,lmZJehpq,201.0
186,0,tDDddUJb,YtrqvWdf,79.0
186,0,RVGhYAxc,tDDddUJb,79.0
186,0,BpAiVnps,RVGhYAxc,61.0
673,0,RVGhYAxc,mdGitRQe,97.0
673,0,BpAiVnps,RVGhYAxc,97.0
129,0,zijvldJJ,RVGhYAxc,164.0
121,0,WdOwNGhj,xfbmoJHP,3.0
121,0,kKKRBhFF,WdOwNGhj,3.0
121,0,NFInfBeu,kKKRBhFF,3.0
121,0,VCQdmIoF,NFInfBeu,3.0
121,0,ePrpofUw,VCQdmIoF,3.0
121,0,KcvPUxQg,ePrpofUw,3.0
121,0,BlnSxBAr,KcvPUxQg,3.0
121,0,TCBUGaZf,BlnSxBAr,3.0
121,0,pzcCDVmZ,TCBUGaZf,3.0
121,0,oUmVLfUX,pzcCDVmZ,3.0
121,0,fJdABIlw,oUmVLfUX,3.0
121,0,mXwfazRz,fJdABIlw,3.0
121,0,NGAodVTg,mXwfazRz,3.0
121,0,TvGyfQSI,NGAodVTg,3.0
121,0,HFYkXdPG,TvGyfQSI,3.0
121,0,KjgVoxgR,HFYkXdPG,3.0
121,0,xTOrUJFO,KjgVoxgR,3.0
121,0,EmkugZPX,xTOrUJFO,3.0
121,0,lmZJehpq,EmkugZPX,3.0
121,0,tDDddUJb,lmZJehpq,3.0
121,0,RVGhYAxc,tDDddUJb,3.0
121,0,BpAiVnps,RVGhYAxc,3.0
477,0,SOBUilCD,mdGitRQe,375.0
477,0,RVGhYAxc,SOBUilCD,375.0
477,0,BpAiVnps,RVGhYAxc,263.0
539,0,pdQlgkSh,xGsoSfhX,8.0
52,0,oiYuCTCe,ZijVddwt,2402.0
52,0,SwLVnWPq,oiYuCTCe,435.0
52,0,xQSKBJml,SwLVnWPq,435.0
52,0,eXTjiXiW,xQSKBJml,435.0
52,0,UUCrlfWg,eXTjiXiW,435.0
52,0,YULSfngF,UUCrlfWg,435.0
52,0,ozuppJDT,YULSfngF,435.0
52,0,xGsoSfhX,ozuppJDT,435.0
52,0,RVGhYAxc,xGsoSfhX,237.0
52,0,BpAiVnps,RVGhYAxc,237.0
245,0,SPorkGXj,OUlPxErG,64.0
245,0,IJbUVGLH,SPorkGXj,64.0
245,0,ZqOseExI,IJbUVGLH,64.0
245,0,FdBCLyPI,ZqOseExI,64.0
245,0,CrOFTJlw,FdBCLyPI,64.0
245,0,PyGiRErs,CrOFTJlw,64.0
245,0,JbCujTci,PyGiRErs,64.0
245,0,WhRBEXGR,JbCujTci,64.0
245,0,wRBXcbqq,WhRBEXGR,67.0
245,0,XXYtSQEl,wRBXcbqq,67.0
245,0,MklhhYCQ,XXYtSQEl,67.0
245,0,MnTeelLR,MklhhYCQ,67.0
245,0,XnPpfSyF,MnTeelLR,67.0
245,0,otuYkIZd,XnPpfSyF,67.0
245,0,rSdxnGDj,otuYkIZd,67.0
245,0,MkXEUCdM,rSdxnGDj,64.0
245,0,oiYuCTCe,MkXEUCdM,64.0
245,0,SwLVnWPq,oiYuCTCe,64.0
245,0,xQSKBJml,SwLVnWPq,64.0
245,0,eXTjiXiW,xQSKBJml,64.0
245,0,UUCrlfWg,eXTjiXiW,64.0
245,0,YULSfngF,UUCrlfWg,64.0
245,0,ozuppJDT,YULSfngF,64.0
245,0,xGsoSfhX,ozuppJDT,64.0
245,0,RVGhYAxc,xGsoSfhX,64.0
245,0,BpAiVnps,RVGhYAxc,46.0
245,0,NAwFzVQz,RuqLEiFp,45.0
245,0,jEliwrSM,NAwFzVQz,45.0
245,0,OUlPxErG,jEliwrSM,45.0
245,0,phodyDNv,slwzdYAd,37.0
245,0,RuqLEiFp,phodyDNv,37.0
245,0,exRzHfND,KyrNRMTR,34.0
245,0,slwzdYAd,exRzHfND,34.0
245,0,nCgrSQNi,HnEviCBr,23.0
245,0,KyrNRMTR,nCgrSQNi,23.0
245,0,kjmHgYUi,pTTspriv,21.0
245,0,UHSPJyEW,kjmHgYUi,21.0
245,0,dOTSUZHl,UHSPJyEW,21.0
245,0,ITdbUezF,dOTSUZHl,21.0
245,0,UCTWITih,ITdbUezF,21.0
245,0,HnEviCBr,UCTWITih,21.0
537,0,pdQlgkSh,xGsoSfhX,1.0
1141,0,DOGyniWl,GbYxEXTt,374.0
590,0,TcTonWJL,HJTsgSzj,3438.0
590,0,NJSgWoOc,TcTonWJL,3438.0
590,0,RIpTuvwk,NJSgWoOc,3446.0
590,0,ubzklVlS,RIpTuvwk,3495.0
287,0,eKMWhxRF,lqMPnIra,110.0
287,0,PKfyrIVb,eKMWhxRF,110.0
287,0,uGNDunGF,PKfyrIVb,110.0
648,0,PnlUHDyC,QvJRXCKm,1.0
601,0,pPqywgRl,yprCGtVa,699.0
601,0,HGjkimBc,pPqywgRl,699.0
601,0,lqMPnIra,HGjkimBc,699.0
1141,0,vSdfqYeK,QdnKSSsO,467.0
1141,0,AmahvgQB,vSdfqYeK,467.0
1141,0,lOtREfVG,AmahvgQB,441.0
1141,0,SMhobJmy,lOtREfVG,441.0
1141,0,ZdIQslRD,SMhobJmy,183.0
1141,0,noVetmot,ZdIQslRD,183.0
1141,0,MGitFLID,noVetmot,183.0
1141,0,kYpOneyC,MGitFLID,183.0
1141,0,ZrWksDco,kYpOneyC,115.0
1141,0,SNVRXPiu,ZrWksDco,115.0
1141,0,NzFpkpXH,SNVRXPiu,115.0
1141,0,EVcIyerQ,NzFpkpXH,115.0
1141,0,dEEWjOTq,EVcIyerQ,115.0
1141,0,UlOflIKh,dEEWjOTq,115.0
1141,0,cHhWsWUg,UlOflIKh,115.0
1141,0,nPkrzCty,cHhWsWUg,115.0
1141,0,jIerKxIb,nPkrzCty,115.0
1141,0,lqMPnIra,jIerKxIb,115.0
1272,0,vDFCntfg,YvwuVYMF,50.0
1272,0,NxbXiMUL,vDFCntfg,50.0
1272,0,XLVjRryq,NxbXiMUL,50.0
1272,0,RVEyrwjR,XLVjRryq,50.0
1272,0,gzTQJVMW,RVEyrwjR,50.0
1272,0,FZsFzszJ,gzTQJVMW,50.0
1272,0,ALhaazBT,FZsFzszJ,50.0
1272,0,AUmOMGnp,ALhaazBT,50.0
1272,0,ejMjPdTH,AUmOMGnp,50.0
1272,0,NJxrRaUf,ejMjPdTH,50.0
1272,0,hpACGGyB,NJxrRaUf,50.0
1272,0,ywuGpANM,hpACGGyB,51.0
1272,0,BZCtSmhk,ywuGpANM,51.0
1272,0,VkcYQwTj,BZCtSmhk,51.0
1272,0,jFRqfnFl,VkcYQwTj,51.0
1272,0,ysSWNERo,jFRqfnFl,51.0
1272,0,lQIpGOTn,ysSWNERo,51.0
1272,0,uhUmvvRs,lQIpGOTn,51.0
1272,0,svgtEcQx,uhUmvvRs,51.0
1272,0,HcPkwFHM,svgtEcQx,51.0
1272,0,KjuJaNsu,HcPkwFHM,51.0
1272,0,oNyGHMvy,KjuJaNsu,51.0
1272,0,QdnKSSsO,oNyGHMvy,51.0
1272,0,vSdfqYeK,QdnKSSsO,51.0
1272,0,AmahvgQB,vSdfqYeK,51.0
1272,0,lOtREfVG,AmahvgQB,51.0
1272,0,SMhobJmy,lOtREfVG,51.0
1272,0,cHhWsWUg,SMhobJmy,51.0
1272,0,nPkrzCty,cHhWsWUg,51.0
1272,0,jIerKxIb,nPkrzCty,51.0
1272,0,lqMPnIra,jIerKxIb,51.0
291,0,PywYzQHY,zijvldJJ,2907.0
291,0,RufmISTr,PywYzQHY,2907.0
291,0,qnxnYECs,RufmISTr,2941.0
291,0,QNScHwgR,qnxnYECs,2927.0
291,0,dLUoTBAU,QNScHwgR,2963.0
291,0,NfHwMQdR,dLUoTBAU,278.0
291,0,nPkrzCty,NfHwMQdR,278.0
291,0,lqMPnIra,nPkrzCty,278.0
1619,0,oIlHYibo,EnhcBMcG,833.0
1619,0,rcxPdVgD,oIlHYibo,833.0
1619,0,NztIaxQU,rcxPdVgD,741.0
1619,0,CuLSONdy,nPkrzCty,532.0
1050,0,kVWIKiQU,FkPbDkgy,1.0
464,0,oXQrzcje,gHWJyJxY,4610.0
464,0,fyqDJAhS,oXQrzcje,4602.0
464,0,HpfZbCVA,fyqDJAhS,2785.0
464,0,EYgpmtHR,HpfZbCVA,2676.0
464,0,glDvUhXc,EYgpmtHR,2633.0
464,0,FhKkSAFH,glDvUhXc,2633.0
464,0,hSRFRBsa,FhKkSAFH,2633.0
601,0,eKMWhxRF,lqMPnIra,512.0
601,0,pRsoSsPh,eKMWhxRF,512.0
601,0,pUxrqkbR,pRsoSsPh,512.0
601,0,GmRorurF,pUxrqkbR,512.0
601,0,rWJbJwsc,GmRorurF,512.0
601,0,uuIZngLh,rWJbJwsc,441.0
601,0,gHWJyJxY,uuIZngLh,441.0
601,0,oXQrzcje,gHWJyJxY,353.0
601,0,fyqDJAhS,oXQrzcje,353.0
601,0,HpfZbCVA,fyqDJAhS,317.0
601,0,glDvUhXc,HpfZbCVA,317.0
601,0,FhKkSAFH,glDvUhXc,317.0
601,0,taPJzyhF,FhKkSAFH,317.0
291,0,zijvldJJ,RVGhYAxc,2748.0
1178,0,UckYThSh,eTPMYwkC,6557.0
1178,0,IMTItMKU,UckYThSh,6557.0
1178,0,izUAPpdi,xyBTaHvp,6745.0
1178,0,FVYwGhLu,izUAPpdi,6745.0
1178,0,cNWTidvb,FVYwGhLu,6721.0
1178,0,xqQnPHkt,cNWTidvb,7848.0
1178,0,IfTbUocE,xqQnPHkt,7834.0
1178,0,OgnAStiZ,IfTbUocE,8663.0
1178,0,NmJVuAxS,OgnAStiZ,8663.0
1178,0,VFLsoIHD,NmJVuAxS,8679.0
1178,0,LLWkkTwA,VFLsoIHD,8719.0
1178,0,ZTMEdEeK,LLWkkTwA,8675.0
1178,0,ogOCBKAf,ZTMEdEeK,8710.0
129,0,drFxsmcp,zijvldJJ,132.0
129,0,PywYzQHY,drFxsmcp,132.0
1263,0,RufmISTr,PywYzQHY,1867.0
463,0,oXQrzcje,gHWJyJxY,3654.0
463,0,fyqDJAhS,oXQrzcje,3654.0
463,0,HpfZbCVA,fyqDJAhS,4527.0
463,0,glDvUhXc,HpfZbCVA,4694.0
463,0,FhKkSAFH,glDvUhXc,4694.0
463,0,taPJzyhF,FhKkSAFH,4694.0
725,0,HezLsNFQ,tyeyrnYi,1048.0
725,0,eusqYKWT,HezLsNFQ,1002.0
725,0,dCWftKsk,eusqYKWT,999.0
725,0,HpfZbCVA,dCWftKsk,942.0
725,0,glDvUhXc,HpfZbCVA,942.0
725,0,FhKkSAFH,glDvUhXc,942.0
725,0,taPJzyhF,FhKkSAFH,942.0
1395,0,OrbXRiVv,anWZyaGW,70.0
1395,0,cNuIRYrx,OrbXRiVv,82.0
1395,0,yNIUaSyZ,cNuIRYrx,82.0
1395,0,xiTGCYEl,yNIUaSyZ,82.0
1395,0,NXLrCKMp,xiTGCYEl,309.0
1395,0,FyoAuDvn,NXLrCKMp,309.0
1395,0,WOOyqinT,FyoAuDvn,363.0
1395,0,mnkgCFDT,WOOyqinT,363.0
1395,0,kVhbTVuU,mnkgCFDT,975.0
1395,0,IoxYvxeH,kVhbTVuU,1013.0
1395,0,yrlDljAC,IoxYvxeH,1136.0
1395,0,rBCwdRqs,yrlDljAC,1136.0
1395,0,olAnplnl,rBCwdRqs,1136.0
1395,0,hpCuKAjH,olAnplnl,1136.0
1395,0,tyeyrnYi,hpCuKAjH,1136.0
1395,0,HezLsNFQ,tyeyrnYi,1136.0
1395,0,eusqYKWT,HezLsNFQ,1496.0
1395,0,xOHMcnRu,eusqYKWT,1801.0
1395,0,dCWftKsk,xOHMcnRu,1801.0
1395,0,CSzsuVOH,dCWftKsk,1801.0
1395,0,aUZoPZMc,CSzsuVOH,1801.0
1395,0,xOhGqygU,aUZoPZMc,1801.0
1395,0,qOuhMtTj,xOhGqygU,879.0
1395,0,KCvWJpxq,qOuhMtTj,879.0
719,0,dCWftKsk,xOHMcnRu,534.0
719,0,HpfZbCVA,dCWftKsk,474.0
719,0,EYgpmtHR,HpfZbCVA,391.0
719,0,glDvUhXc,EYgpmtHR,391.0
719,0,FhKkSAFH,glDvUhXc,391.0
719,0,hSRFRBsa,FhKkSAFH,391.0
250,0,HpfZbCVA,dCWftKsk,3982.0
250,0,glDvUhXc,HpfZbCVA,3982.0
250,0,FhKkSAFH,glDvUhXc,3982.0
250,0,taPJzyhF,FhKkSAFH,3982.0
719,0,jQaLNViL,gyQqEnFq,140.0
1221,0,bjEpkupt,gxlaiARP,11011.0
1221,0,FYgdoWMK,bjEpkupt,11103.0
1221,0,zAqZkkQx,FYgdoWMK,11092.0
1221,0,vFpuvjcu,zAqZkkQx,11092.0
1221,0,dlIiZmBi,vFpuvjcu,11092.0
291,0,cttUtMNm,fkZFUNSd,379.0
291,0,wHfmVQMh,cttUtMNm,379.0
291,0,mdGitRQe,wHfmVQMh,387.0
291,0,SOBUilCD,mdGitRQe,771.0
291,0,RVGhYAxc,SOBUilCD,771.0
1263,0,PywYzQHY,zijvldJJ,138.0
1623,0,iSMSiXHg,GYenbKMg,574.0
14,0,nCsqpnJo,owFNQNZv,5961.0
14,0,gnmwaIOJ,nCsqpnJo,5961.0
14,0,pygvGZaF,gnmwaIOJ,5961.0
14,0,bsQVAuyn,pygvGZaF,5961.0
14,0,VTHwomVj,bsQVAuyn,4964.0
14,0,VbpBVdde,VTHwomVj,6490.0
14,0,ocwJSpah,VbpBVdde,5547.0
14,0,CheNYOmP,ocwJSpah,7089.0
1665,0,aTlqsXfd,iezkylgj,2532.0
1665,0,bSoWRArq,aTlqsXfd,2532.0
1665,0,RZSdunHk,bSoWRArq,2532.0
1665,0,wggFpXDl,RZSdunHk,2483.0
1665,0,PFPLEnYs,wggFpXDl,2483.0
1665,0,mkJuKiBe,PFPLEnYs,1964.0
1665,0,NioHjTzW,VcqDmTtv,2309.0
1665,0,iezkylgj,NioHjTzW,2309.0
1665,0,paIawFeA,nIakFMcq,1554.0
1665,0,VcqDmTtv,paIawFeA,1625.0
1183,0,HACGurUy,ABBXwUbo,128.0
1183,0,IAWSKEHF,HACGurUy,114.0
1183,0,leVkrEcC,IAWSKEHF,114.0
1183,0,XiLvnZTk,leVkrEcC,109.0
1190,0,bpTBwobH,InEujKOO,655.0
1190,0,mSsugdoq,bpTBwobH,656.0
1190,0,GOFcQtxc,mSsugdoq,657.0
1190,0,CtbKcCWS,GOFcQtxc,647.0
1190,0,tLfbIJdr,CtbKcCWS,647.0
1190,0,NosTVaAF,tLfbIJdr,1284.0
1190,0,CZBrBkrq,NosTVaAF,1284.0
1190,0,DZOaDIuU,CZBrBkrq,1176.0
1190,0,djdidyfJ,DZOaDIuU,1061.0
1190,0,jnDfAorM,djdidyfJ,1044.0
1325,0,fgAPkwgD,TPescrDz,6.0
865,0,HwvMiFbO,ufpbvrtF,103.0
865,0,BWuENvCw,HwvMiFbO,173.0
865,0,mjzDXpvt,BWuENvCw,171.0
865,0,ZIPCqImv,mjzDXpvt,134.0
1212,0,HaEOaLMB,dpFXbFTh,50.0
1212,0,IkeqCtDY,HaEOaLMB,49.0
1212,0,wpHpdxFs,IkeqCtDY,49.0
1212,0,QHulIYnO,wpHpdxFs,49.0
1212,0,sKtQEUzZ,QHulIYnO,49.0
1212,0,QYkjMXrW,sKtQEUzZ,49.0
1212,0,mxGSpCzE,QYkjMXrW,49.0
1212,0,WlZgmutc,mxGSpCzE,41.0
1212,0,acVCzwtl,WlZgmutc,41.0
1212,0,TIlepZYr,acVCzwtl,41.0
1212,0,BmQLYaPd,TIlepZYr,4.0
1212,0,UvdLYolu,BmQLYaPd,4.0
1212,0,ZFKsyBay,UvdLYolu,4.0
1212,0,suvDbtPR,ZFKsyBay,3.0
1212,0,clVXMHJf,suvDbtPR,2.0
1212,0,UXEWVZzP,clVXMHJf,2.0
1212,0,MlYFoaez,UXEWVZzP,2.0
1212,0,XeinAhyy,MlYFoaez,2.0
1212,0,pGpZhRvq,XeinAhyy,2.0
1212,0,alaJPSTW,pGpZhRvq,2.0
1212,0,ngNzeSzC,alaJPSTW,2.0
1212,0,PHuvYJrP,ngNzeSzC,2.0
1212,0,FoxIDeQY,PHuvYJrP,2.0
1212,0,dZoxKDmD,FoxIDeQY,2.0
1212,0,ZOuLYtJj,dZoxKDmD,2.0
1212,0,SGnJOquj,ZOuLYtJj,2.0
1212,0,ogOCBKAf,SGnJOquj,2.0
320,0,sCyvkPkr,XwcxmOai,72.0
320,0,YLjwrcCY,sCyvkPkr,72.0
320,0,RfzcmazU,YLjwrcCY,72.0
320,0,ImIhxSnH,RfzcmazU,72.0
320,0,iEKuRfDT,ImIhxSnH,72.0
320,0,PlyJazqR,iEKuRfDT,72.0
320,0,kkrKJmiC,PlyJazqR,72.0
320,0,psXocZQH,kkrKJmiC,72.0
320,0,yprCGtVa,psXocZQH,72.0
320,0,pPqywgRl,yprCGtVa,150.0
320,0,SJHseTdc,pPqywgRl,150.0
320,0,lqMPnIra,SJHseTdc,150.0
320,0,QPoJLiJK,lqMPnIra,150.0
320,0,udvGqqIc,QPoJLiJK,150.0
320,0,FFlVogkV,udvGqqIc,150.0
318,0,lOtREfVG,AmahvgQB,1250.0
318,0,zCyzbjXU,lOtREfVG,413.0
318,0,SDiGilLw,zCyzbjXU,413.0
204,0,zCyzbjXU,lOtREfVG,218.0
204,0,SDiGilLw,zCyzbjXU,218.0
147,0,lOtREfVG,AmahvgQB,64.0
147,0,zCyzbjXU,lOtREfVG,44.0
147,0,SDiGilLw,zCyzbjXU,44.0
14,0,SOBUilCD,mdGitRQe,5753.0
14,0,xiCfcAgb,SOBUilCD,5753.0
1262,0,noVetmot,ZdIQslRD,2573.0
1262,0,MGitFLID,noVetmot,2573.0
1262,0,kYpOneyC,MGitFLID,2573.0
773,0,AlpXiRiW,ESCCbptK,1.0
773,0,cyLrdsLq,AlpXiRiW,1.0
773,0,pVHZNTmW,cyLrdsLq,1.0
773,0,qLlyWzVq,pVHZNTmW,1.0
773,0,lGJIVvqE,qLlyWzVq,1.0
773,0,CkiKkxJQ,lGJIVvqE,1.0
773,0,AdloNpXg,CkiKkxJQ,1.0
773,0,BmBzVYhd,AdloNpXg,1.0
773,0,YcVwXeam,BmBzVYhd,1.0
773,0,DDFCohxX,YcVwXeam,1.0
773,0,NfMyQHAw,DDFCohxX,1.0
773,0,PfZAlPvE,NfMyQHAw,1.0
773,0,UlmLxwtK,PfZAlPvE,1.0
773,0,nLuZmKFz,UlmLxwtK,1.0
773,0,nJRQzVZQ,nLuZmKFz,1.0
773,0,xunvufHj,nJRQzVZQ,1.0
773,0,rxrORjnb,xunvufHj,1.0
773,0,UVDfwOgc,rxrORjnb,1.0
773,0,TJDsQDoO,UVDfwOgc,1.0
773,0,yTictHOU,TJDsQDoO,1.0
773,0,sTaleXyI,yTictHOU,1.0
773,0,illGQStO,sTaleXyI,1.0
773,0,AUrIxxcC,illGQStO,1.0
773,0,zqZasXpA,AUrIxxcC,1.0
773,0,EYGEAZtD,zqZasXpA,1.0
773,0,AJLJQqsT,EYGEAZtD,1.0
773,0,NCSBLEus,AJLJQqsT,1.0
773,0,xfbmoJHP,NCSBLEus,1.0
773,0,WdOwNGhj,xfbmoJHP,1.0
773,0,kKKRBhFF,WdOwNGhj,1.0
773,0,NFInfBeu,kKKRBhFF,1.0
773,0,VCQdmIoF,NFInfBeu,1.0
773,0,ePrpofUw,VCQdmIoF,1.0
773,0,KcvPUxQg,ePrpofUw,1.0
773,0,BlnSxBAr,KcvPUxQg,1.0
773,0,TCBUGaZf,BlnSxBAr,1.0
773,0,pzcCDVmZ,TCBUGaZf,1.0
773,0,fJdABIlw,pzcCDVmZ,1.0
773,0,uDcoTtDr,fJdABIlw,1.0
773,0,NGAodVTg,uDcoTtDr,1.0
773,0,TvGyfQSI,NGAodVTg,1.0
773,0,HFYkXdPG,TvGyfQSI,1.0
773,0,KjgVoxgR,HFYkXdPG,1.0
773,0,EmkugZPX,KjgVoxgR,1.0
773,0,lmZJehpq,EmkugZPX,1.0
773,0,RVGhYAxc,lmZJehpq,1.0
1317,0,xiCfcAgb,AszcEtOu,7127.0
52,0,FZsFzszJ,gzTQJVMW,1311.0
52,0,ALhaazBT,FZsFzszJ,1333.0
52,0,ZijVddwt,ALhaazBT,1905.0
52,0,gzTQJVMW,RVEyrwjR,1264.0
215,0,JVRJClPS,cmBFyxQG,73.0
115,0,kKKRBhFF,WdOwNGhj,8.0
115,0,NFInfBeu,kKKRBhFF,8.0
115,0,VCQdmIoF,NFInfBeu,8.0
115,0,ePrpofUw,VCQdmIoF,8.0
115,0,KcvPUxQg,ePrpofUw,8.0
115,0,BlnSxBAr,KcvPUxQg,8.0
115,0,TCBUGaZf,BlnSxBAr,8.0
115,0,pzcCDVmZ,TCBUGaZf,8.0
115,0,fJdABIlw,pzcCDVmZ,8.0
115,0,uDcoTtDr,fJdABIlw,8.0
115,0,NGAodVTg,uDcoTtDr,8.0
115,0,TvGyfQSI,NGAodVTg,8.0
115,0,HFYkXdPG,TvGyfQSI,8.0
115,0,KjgVoxgR,HFYkXdPG,8.0
590,0,LVcdwgEp,ubzklVlS,3539.0
356,0,PKHBWIBu,nTVsVrjG,806.0
356,0,ICtDTIBO,PKHBWIBu,806.0
590,0,yLFlKjKg,LVcdwgEp,3710.0
705,0,qdrjbHYS,ozAxYCwR,166.0
705,0,awOEKaEj,qdrjbHYS,675.0
705,0,fFHpEWYG,awOEKaEj,828.0
705,0,jOxyxYyy,fFHpEWYG,888.0
705,0,gGlRqksC,jOxyxYyy,888.0
705,0,GRRjUQxz,gGlRqksC,888.0
705,0,MlQcmexA,GRRjUQxz,888.0
705,0,RHWjHSWx,MlQcmexA,922.0
705,0,VpmqCJUB,RHWjHSWx,998.0
705,0,EvIZgaUF,VpmqCJUB,1001.0
705,0,mGgwEHaG,EvIZgaUF,1044.0
705,0,DWuGRWkF,mGgwEHaG,1044.0
705,0,ryMrZCSE,DWuGRWkF,1044.0
705,0,fRxWIrbs,ryMrZCSE,1340.0
705,0,sKbmdUEJ,fRxWIrbs,1340.0
705,0,zWeVnnxO,sKbmdUEJ,1340.0
705,0,kXofjcRp,zWeVnnxO,1340.0
705,0,mCHzTQKa,kXofjcRp,1545.0
705,0,NJSgWoOc,mCHzTQKa,1596.0
705,0,RIpTuvwk,NJSgWoOc,1599.0
705,0,ubzklVlS,RIpTuvwk,1673.0
705,0,LVcdwgEp,ubzklVlS,2039.0
705,0,yLFlKjKg,LVcdwgEp,2039.0
1258,0,AszcEtOu,BpAiVnps,1758.0
1258,0,TCqyxHhF,AszcEtOu,2081.0
1258,0,TcEVvOUM,TCqyxHhF,2101.0
1258,0,qGnNRXVR,TcEVvOUM,2101.0
1258,0,yLFlKjKg,qGnNRXVR,2293.0
1189,0,hPbxQISN,jnDfAorM,1125.0
1255,0,PhjcDdmq,ogOCBKAf,70.0
1255,0,bHagonKv,PhjcDdmq,70.0
1255,0,Vlipnutt,bHagonKv,70.0
14,0,RjtzWJgw,xiCfcAgb,5753.0
1374,0,GvhVJqUj,NZGnRwVn,311.0
1374,0,pYVbvizw,GvhVJqUj,311.0
1374,0,bdIbpKdP,pYVbvizw,311.0
1374,0,VJibZvbS,bdIbpKdP,311.0
1374,0,uSZbdBno,VJibZvbS,324.0
1374,0,GtaXwPrK,uSZbdBno,324.0
1374,0,SfxDAXEq,GtaXwPrK,324.0
1374,0,PIUpvPaY,SfxDAXEq,326.0
1374,0,XCZfXGna,PIUpvPaY,531.0
1374,0,cJinKFJn,XCZfXGna,531.0
14,0,owFNQNZv,RjtzWJgw,5806.0
1664,0,RBBxesxu,WyfCQhSW,380.0
1664,0,dJJmWSZi,RBBxesxu,380.0
1664,0,JNybvbry,dJJmWSZi,380.0
1664,0,pKQmWfSR,JNybvbry,380.0
1664,0,AFMSRepx,pKQmWfSR,586.0
1664,0,WEgiiGlQ,AFMSRepx,636.0
1664,0,sLYsFXAH,WEgiiGlQ,636.0
1664,0,WjKdBsVK,sLYsFXAH,636.0
1664,0,STKMtPtJ,WjKdBsVK,636.0
1664,0,MyVorJBj,STKMtPtJ,636.0
1664,0,AayEawbi,MyVorJBj,636.0
1664,0,WyfCQhSW,ogOCBKAf,378.0
291,0,QHFmFyLR,EkWBPXmr,4.0
291,0,neNWquOh,QHFmFyLR,4.0
291,0,KwaxxmSs,neNWquOh,5.0
291,0,GnsXgGJX,KwaxxmSs,5.0
291,0,VjdckTjW,GnsXgGJX,5.0
291,0,aUPouXsN,VjdckTjW,5.0
291,0,SlfNpref,aUPouXsN,98.0
291,0,nrKKniYe,SlfNpref,98.0
291,0,AjJCgCBk,nrKKniYe,98.0
291,0,jFmPCmzM,AjJCgCBk,115.0
291,0,fkZFUNSd,jFmPCmzM,115.0
590,0,RYTcAdhr,yLFlKjKg,1515.0
590,0,VmCBWvEb,RYTcAdhr,1760.0
590,0,XDkzDtUZ,VmCBWvEb,1760.0
590,0,BYVXItej,XDkzDtUZ,1760.0
1374,0,QHFmFyLR,EkWBPXmr,128.0
1374,0,neNWquOh,QHFmFyLR,128.0
1374,0,KwaxxmSs,neNWquOh,130.0
1374,0,PSjGjQXK,KwaxxmSs,130.0
1374,0,FDPmqphv,PSjGjQXK,184.0
1374,0,aVjdmBcp,FDPmqphv,184.0
1374,0,mKIQRbrs,aVjdmBcp,184.0
1374,0,qvujbmjR,mKIQRbrs,250.0
1374,0,SqxhBMol,qvujbmjR,250.0
1374,0,MzWshIAL,SqxhBMol,257.0
1374,0,NZGnRwVn,MzWshIAL,266.0
1374,0,lOxXZcFl,cJinKFJn,524.0
1374,0,dxlyVRvH,lOxXZcFl,524.0
1379,0,FYonLsVT,XCZfXGna,877.0
1379,0,voXQjjKh,FYonLsVT,875.0
1646,0,rFdYeguL,KQSHMGnw,130.0
1646,0,zSOBHhoP,rFdYeguL,130.0
1646,0,qBoqSZqr,zSOBHhoP,130.0
1646,0,yeapPLlD,qBoqSZqr,130.0
1646,0,TvGyfQSI,yeapPLlD,148.0
1646,0,ShCqTXMl,TvGyfQSI,277.0
1646,0,xRJArdDK,ShCqTXMl,296.0
1646,0,zRaNzOkn,xRJArdDK,296.0
1645,0,dAjqsFfg,tJbXQuOE,2.0
1645,0,QewuHWYk,dAjqsFfg,2.0
215,0,ZZUoaXbF,JVRJClPS,52.0
1379,0,pKTlpooZ,voXQjjKh,817.0
1379,0,VcqDmTtv,pKTlpooZ,817.0
1379,0,NioHjTzW,VcqDmTtv,345.0
1379,0,XGJiqzLW,NioHjTzW,345.0
1662,0,XGJiqzLW,xSynUqPV,125.0
1700,0,eooROOMz,ukWnzNPU,65.0
705,0,isWzWnoW,yLFlKjKg,1914.0
705,0,fcSUqaEW,isWzWnoW,1914.0
705,0,YJykDsrc,fcSUqaEW,1914.0
1183,0,ABBXwUbo,wuDdaesk,114.0
1183,0,FStgRiBS,XiLvnZTk,20.0
1183,0,GkYZbgqg,FStgRiBS,20.0
1183,0,FlYjxOxQ,GkYZbgqg,20.0
1183,0,wFSILCzc,FlYjxOxQ,20.0
1183,0,yQQuLFAg,wFSILCzc,20.0
1183,0,rckblBTM,yQQuLFAg,13.0
1183,0,fGmFhgnx,rckblBTM,13.0
1183,0,XyHfgUxW,fGmFhgnx,1.0
1183,0,zjjLSYAp,XyHfgUxW,1.0
1183,0,nIakFMcq,zjjLSYAp,1.0
1341,0,vkwWhgCe,VXiNciom,149.0
1341,0,pkhwWQVf,vkwWhgCe,124.0
1341,0,JxFLnqJu,pkhwWQVf,124.0
1341,0,GDiQpvtB,JxFLnqJu,124.0
1341,0,fGmFhgnx,GDiQpvtB,114.0
1341,0,XyHfgUxW,fGmFhgnx,20.0
1341,0,zjjLSYAp,XyHfgUxW,20.0
1341,0,nIakFMcq,zjjLSYAp,20.0
874,0,RuqLEiFp,ZEXMhMxR,138.0
874,0,NAwFzVQz,RuqLEiFp,44.0
874,0,jEliwrSM,NAwFzVQz,44.0
874,0,XsvFZXJo,jEliwrSM,44.0
874,0,SPorkGXj,XsvFZXJo,44.0
874,0,IJbUVGLH,SPorkGXj,44.0
874,0,ZqOseExI,IJbUVGLH,44.0
874,0,FdBCLyPI,ZqOseExI,43.0
874,0,CrOFTJlw,FdBCLyPI,35.0
874,0,PyGiRErs,CrOFTJlw,23.0
874,0,JbCujTci,PyGiRErs,20.0
874,0,WhRBEXGR,JbCujTci,6.0
874,0,wRBXcbqq,WhRBEXGR,6.0
874,0,XXYtSQEl,wRBXcbqq,6.0
874,0,MklhhYCQ,XXYtSQEl,6.0
1317,0,owFNQNZv,xiCfcAgb,7291.0
1317,0,nCsqpnJo,owFNQNZv,7291.0
1317,0,gnmwaIOJ,nCsqpnJo,7291.0
1317,0,pygvGZaF,gnmwaIOJ,7291.0
1317,0,VTHwomVj,pygvGZaF,7291.0
1661,0,xSynUqPV,ZevQgZaz,162.0
705,0,YpVxAvQG,YJykDsrc,1216.0
705,0,RinxBkUZ,YpVxAvQG,1216.0
705,0,LhgNVAOU,RinxBkUZ,1204.0
705,0,SOVcCDqR,LhgNVAOU,349.0
705,0,QpprBOSr,SOVcCDqR,342.0
1703,0,KdjrLWjn,QpprBOSr,114.0
1703,0,AkOiWGvq,KdjrLWjn,122.0
1703,0,iykVulcc,AkOiWGvq,124.0
1703,0,VyxPahNP,iykVulcc,124.0
1703,0,LnANnMXh,VyxPahNP,124.0
1703,0,hUPYukZe,LnANnMXh,124.0
1703,0,uSOMnpdQ,hUPYukZe,124.0
1704,0,RYTcAdhr,yLFlKjKg,26.0
1704,0,VmCBWvEb,RYTcAdhr,26.0
1704,0,pfLNjHVV,VmCBWvEb,26.0
1704,0,qzPLXpkx,pfLNjHVV,26.0
1704,0,zhMspDRK,qzPLXpkx,26.0
1704,0,yjLBxira,zhMspDRK,26.0
1704,0,BYVXItej,yjLBxira,26.0
1704,0,vfbdLzPe,BYVXItej,26.0
1704,0,LpqOzfFt,vfbdLzPe,26.0
1704,0,pxIybRUN,LpqOzfFt,26.0
1704,0,jcIgNgIp,pxIybRUN,26.0
1106,0,awOEKaEj,qdrjbHYS,128.0
1106,0,fFHpEWYG,awOEKaEj,128.0
1106,0,jOxyxYyy,fFHpEWYG,128.0
1106,0,eVGAINdZ,jOxyxYyy,128.0
1106,0,zOQhKaAF,eVGAINdZ,128.0
1106,0,hfsVeMMa,zOQhKaAF,128.0
1106,0,isVKhOXG,hfsVeMMa,128.0
1106,0,mKIQRbrs,isVKhOXG,128.0
1106,0,qvujbmjR,mKIQRbrs,128.0
1106,0,SqxhBMol,qvujbmjR,128.0
1106,0,nrKKniYe,SqxhBMol,128.0
1106,0,SWnceHEw,nrKKniYe,128.0
1106,0,AjJCgCBk,SWnceHEw,128.0
1106,0,jFmPCmzM,AjJCgCBk,128.0
1106,0,TrOiZJox,jFmPCmzM,128.0
1106,0,fkZFUNSd,TrOiZJox,128.0
1106,0,cttUtMNm,fkZFUNSd,128.0
1106,0,wHfmVQMh,cttUtMNm,128.0
1106,0,mdGitRQe,wHfmVQMh,128.0
1106,0,xiCfcAgb,mdGitRQe,128.0
1106,0,RjtzWJgw,xiCfcAgb,128.0
1106,0,owFNQNZv,RjtzWJgw,128.0
1106,0,nCsqpnJo,owFNQNZv,128.0
1106,0,gnmwaIOJ,nCsqpnJo,128.0
1106,0,pygvGZaF,gnmwaIOJ,128.0
1106,0,bsQVAuyn,pygvGZaF,128.0
1618,0,eKMWhxRF,lqMPnIra,249.0
1618,0,pRsoSsPh,eKMWhxRF,250.0
1618,0,pUxrqkbR,pRsoSsPh,250.0
1618,0,GmRorurF,pUxrqkbR,250.0
1618,0,rWJbJwsc,GmRorurF,250.0
1049,0,dfrJZjmW,NjRgIRup,366.0
1049,0,AFcMAvOI,dfrJZjmW,401.0
1049,0,jUExBSiR,AFcMAvOI,401.0
1049,0,vPrJwoLq,jUExBSiR,401.0
1049,0,aHDoehBY,vPrJwoLq,401.0
1049,0,TgdVKieU,aHDoehBY,464.0
1049,0,DexqYjKS,TgdVKieU,464.0
1049,0,wuDdaesk,DexqYjKS,587.0
865,0,aWNaUdzp,ZIPCqImv,130.0
865,0,FCsbIOBe,aWNaUdzp,45.0
865,0,wyEQXfIU,FCsbIOBe,45.0
865,0,gGjwcdJB,wyEQXfIU,45.0
1573,0,SoTLWNOq,kZlpJvjE,8.0
1573,0,eAajskRX,SoTLWNOq,7.0
1573,0,FXulXHgs,eAajskRX,7.0
1573,0,ElqrEMfW,FXulXHgs,7.0
1573,0,hqxwmRzJ,ElqrEMfW,7.0
1573,0,VtPnVtjF,hqxwmRzJ,7.0
1573,0,hCpAddaw,VtPnVtjF,7.0
1573,0,CHKZpApa,hCpAddaw,7.0
1573,0,YvLuczKe,CHKZpApa,7.0
1573,0,cThdGxLv,YvLuczKe,7.0
1573,0,SUVVzOYC,cThdGxLv,7.0
1573,0,dAxtDTje,SUVVzOYC,7.0
1573,0,KGIBfEut,dAxtDTje,7.0
1573,0,kiTgZeoH,KGIBfEut,7.0
1573,0,eLmJkuZC,kiTgZeoH,7.0
1573,0,UgzfanVk,eLmJkuZC,7.0
1573,0,MhxjGQjy,UgzfanVk,1.0
1573,0,EhUxMFuQ,MhxjGQjy,1.0
1573,0,HZcfHzwe,EhUxMFuQ,1.0
1573,0,KcDUQTDz,HZcfHzwe,1.0
1573,0,qoWOoICL,KcDUQTDz,1.0
1573,0,ZuDlysuz,qoWOoICL,1.0
1573,0,IkwHYYuh,ZuDlysuz,1.0
1573,0,YzXnYVPd,IkwHYYuh,1.0
1573,0,TEKQTTfp,YzXnYVPd,1.0
1573,0,ciAbSxQX,TEKQTTfp,1.0
1573,0,ZIPCqImv,ciAbSxQX,1.0
1573,0,aWNaUdzp,ZIPCqImv,1.0
1573,0,FCsbIOBe,aWNaUdzp,1.0
1573,0,wyEQXfIU,FCsbIOBe,1.0
1573,0,gGjwcdJB,wyEQXfIU,1.0
1573,0,eyAJPdep,gGjwcdJB,1.0
1573,0,RCkelXPh,eyAJPdep,1.0
1573,0,jcExlqwL,RCkelXPh,1.0
1019,0,mxJvcQxS,PdLgkxcT,210.0
1019,0,tSdKaLnH,mxJvcQxS,210.0
1019,0,HoEIDywv,tSdKaLnH,210.0
1019,0,bLNlBUaT,HoEIDywv,159.0
1643,0,zciPUDzN,RfgTYnKH,63.0
1643,0,jHHlfIjj,zciPUDzN,63.0
1643,0,FDNEUies,jHHlfIjj,63.0
1643,0,MRNmFwSk,FDNEUies,63.0
1643,0,FYonLsVT,MRNmFwSk,63.0
1643,0,yQTlxjhE,FYonLsVT,63.0
1643,0,OQuuHQtW,yQTlxjhE,63.0
1643,0,BZfkJyvP,OQuuHQtW,63.0
1643,0,pdLPgMHo,BZfkJyvP,63.0
1643,0,nCsqpnJo,pdLPgMHo,63.0
1643,0,gnmwaIOJ,nCsqpnJo,63.0
1643,0,pygvGZaF,gnmwaIOJ,63.0
1643,0,bsQVAuyn,pygvGZaF,63.0
1643,0,VTHwomVj,bsQVAuyn,63.0
1646,0,IMTItMKU,zRaNzOkn,199.0
1258,0,YpVxAvQG,YJykDsrc,1926.0
1258,0,RinxBkUZ,YpVxAvQG,1926.0
1258,0,LhgNVAOU,RinxBkUZ,1925.0
1258,0,bPdCVhrp,LhgNVAOU,1287.0
1258,0,SOVcCDqR,bPdCVhrp,1287.0
1258,0,FYhykdTj,SOVcCDqR,1287.0
1258,0,QpprBOSr,FYhykdTj,1280.0
1258,0,Plxavose,QpprBOSr,403.0
1325,0,paIawFeA,nIakFMcq,397.0
1325,0,tYTpUUxD,paIawFeA,538.0
1025,0,eZiXxBSP,hNkOvWXQ,2.0
1025,0,SaZyOqOi,eZiXxBSP,2.0
1025,0,oRpydnwU,SaZyOqOi,2.0
1025,0,yyEOaSxi,oRpydnwU,2.0
1025,0,obftSQtS,yyEOaSxi,2.0
1025,0,yKgFraCR,obftSQtS,2.0
1025,0,LIDMLZkw,yKgFraCR,2.0
1025,0,JEpPbBSc,LIDMLZkw,2.0
1025,0,YkNJvTAu,JEpPbBSc,2.0
1025,0,TIlepZYr,YkNJvTAu,2.0
1025,0,UvdLYolu,TIlepZYr,2.0
1025,0,ZFKsyBay,UvdLYolu,2.0
1025,0,suvDbtPR,ZFKsyBay,2.0
1025,0,clVXMHJf,suvDbtPR,2.0
1025,0,UXEWVZzP,clVXMHJf,2.0
1025,0,MlYFoaez,UXEWVZzP,2.0
1025,0,XeinAhyy,MlYFoaez,2.0
1025,0,pGpZhRvq,XeinAhyy,2.0
1025,0,alaJPSTW,pGpZhRvq,2.0
1025,0,ngNzeSzC,alaJPSTW,2.0
1025,0,PHuvYJrP,ngNzeSzC,2.0
1025,0,FoxIDeQY,PHuvYJrP,2.0
1025,0,dZoxKDmD,FoxIDeQY,2.0
1025,0,ZOuLYtJj,dZoxKDmD,2.0
1025,0,SGnJOquj,ZOuLYtJj,2.0
1025,0,vacPrbQA,SGnJOquj,2.0
1025,0,bHagonKv,vacPrbQA,2.0
1025,0,Vlipnutt,bHagonKv,2.0
1025,0,XiLvnZTk,Vlipnutt,2.0
1025,0,FlYjxOxQ,XiLvnZTk,2.0
1025,0,yQQuLFAg,FlYjxOxQ,2.0
1025,0,rckblBTM,yQQuLFAg,2.0
1025,0,fGmFhgnx,rckblBTM,2.0
1025,0,zjjLSYAp,fGmFhgnx,2.0
1700,0,oPeQOpNY,zKlIayrT,17.0
1700,0,LurFzbrs,oPeQOpNY,17.0
1700,0,ukWnzNPU,LurFzbrs,17.0
1408,0,SXdpUnkd,NNAcmEYB,740.0
1408,0,cWGPtAwF,SXdpUnkd,740.0
1408,0,sPOOXkzZ,cWGPtAwF,740.0
1408,0,irunVpff,sPOOXkzZ,483.0
1408,0,NMFCXTQH,irunVpff,481.0
1408,0,wXyAETzh,NMFCXTQH,481.0
1408,0,rmmCKKeS,wXyAETzh,481.0
1408,0,VtPnVtjF,rmmCKKeS,481.0
1408,0,DKWSfiEo,VtPnVtjF,481.0
1408,0,CHKZpApa,DKWSfiEo,178.0
1408,0,YvLuczKe,CHKZpApa,178.0
1408,0,cThdGxLv,YvLuczKe,180.0
250,0,uaQvVFAB,taPJzyhF,3809.0
250,0,MnTeelLR,uaQvVFAB,3805.0
546,0,ALhaazBT,FZsFzszJ,5.0
546,0,ZijVddwt,ALhaazBT,5.0
1671,0,eTnittuK,yQQuLFAg,2.0
1671,0,AkOiWGvq,eTnittuK,2.0
1325,0,cOiBEGlK,tYTpUUxD,717.0
1325,0,RinxBkUZ,cOiBEGlK,717.0
1325,0,LhgNVAOU,RinxBkUZ,717.0
115,0,EmkugZPX,KjgVoxgR,7.0
115,0,lmZJehpq,EmkugZPX,7.0
115,0,RVGhYAxc,lmZJehpq,7.0
115,0,BpAiVnps,RVGhYAxc,6.0
1537,0,ULIlEdjB,XHLHCkqn,24.0
1537,0,zfmNZkKD,ULIlEdjB,24.0
1537,0,LASpLrUw,zfmNZkKD,24.0
1537,0,GnVcDFUF,LASpLrUw,24.0
1537,0,QzUmfmWq,GnVcDFUF,24.0
1537,0,FozFNjrC,QzUmfmWq,24.0
1537,0,loXKeyiW,FozFNjrC,24.0
1537,0,vDrIQGSM,loXKeyiW,25.0
1537,0,wYGnXViz,vDrIQGSM,25.0
1537,0,vePIvsJu,wYGnXViz,25.0
1537,0,BCaYhIgf,vePIvsJu,25.0
1537,0,jvuOCfJT,BCaYhIgf,25.0
1537,0,vGKZybsV,jvuOCfJT,25.0
1325,0,uijbLdHW,LhgNVAOU,1401.0
1325,0,LjyXiIAT,uijbLdHW,1401.0
1325,0,InEujKOO,LjyXiIAT,1401.0
1317,0,buRRNGGe,CheNYOmP,6275.0
1317,0,nChZnrmr,buRRNGGe,6251.0
1317,0,RSRIdzBF,nChZnrmr,6251.0
1317,0,rcsEeYnc,RSRIdzBF,6251.0
1317,0,jnDfAorM,rcsEeYnc,6251.0
705,0,Plxavose,QpprBOSr,89.0
705,0,iMjvswBX,Plxavose,18.0
705,0,CpULuhdq,iMjvswBX,18.0
705,0,tJbXQuOE,CpULuhdq,18.0
54,0,xiCfcAgb,AszcEtOu,204.0
54,0,AszcEtOu,BpAiVnps,202.0
1325,0,DgFFenGX,InEujKOO,1359.0
1612,0,nbddTMrG,XNgGrRZp,8.0
1612,0,wwRbiLuR,nbddTMrG,8.0
1612,0,zjuQPxhV,wwRbiLuR,8.0
1612,0,GjtgPBZH,zjuQPxhV,8.0
1612,0,AyRaCeuc,GjtgPBZH,8.0
1612,0,tYBUyXXf,AyRaCeuc,8.0
1032,0,bbltEnah,hqxwmRzJ,52.0
1032,0,jJqyLkNG,bbltEnah,52.0
1032,0,NMFCXTQH,jJqyLkNG,52.0
1032,0,wXyAETzh,NMFCXTQH,52.0
635,0,QpprBOSr,SOVcCDqR,513.0
226,0,QpprBOSr,SOVcCDqR,140.0
1699,0,paIawFeA,nIakFMcq,29.0
1699,0,VcqDmTtv,paIawFeA,29.0
1699,0,bSoWRArq,VcqDmTtv,47.0
1699,0,RZSdunHk,bSoWRArq,47.0
1699,0,wggFpXDl,RZSdunHk,47.0
1699,0,PFPLEnYs,wggFpXDl,47.0
1699,0,WjJrQPKY,PFPLEnYs,47.0
1699,0,OFDSKCGJ,WjJrQPKY,47.0
1699,0,ZVaTNlgO,OFDSKCGJ,50.0
1699,0,mJMjzUfK,ZVaTNlgO,50.0
1700,0,hPbxQISN,jnDfAorM,15.0
1700,0,zKlIayrT,hPbxQISN,15.0
1317,0,HhzNhCIb,VTHwomVj,4292.0
1317,0,VbpBVdde,HhzNhCIb,4292.0
1317,0,ocwJSpah,VbpBVdde,4292.0
1317,0,CheNYOmP,ocwJSpah,4672.0
96,0,xQSKBJml,SwLVnWPq,41.0
96,0,eXTjiXiW,xQSKBJml,41.0
96,0,UUCrlfWg,eXTjiXiW,41.0
96,0,YULSfngF,UUCrlfWg,41.0
96,0,ozuppJDT,YULSfngF,41.0
96,0,xGsoSfhX,ozuppJDT,41.0
96,0,RVGhYAxc,xGsoSfhX,41.0
96,0,BpAiVnps,RVGhYAxc,41.0
96,0,LKVeVUNI,BpAiVnps,41.0
96,0,dbPZeeiE,LKVeVUNI,41.0
96,0,CsDsDrdU,dbPZeeiE,41.0
96,0,rJRvqICk,CsDsDrdU,41.0
96,0,AmahvgQB,rJRvqICk,41.0
96,0,aYSqaQmJ,AmahvgQB,41.0
96,0,zgCGmKZn,aYSqaQmJ,41.0
96,0,JKFFGKvY,zgCGmKZn,41.0
96,0,EVAUYvVR,JKFFGKvY,41.0
96,0,GYfZYaJh,EVAUYvVR,41.0
96,0,OpgRCgWV,GYfZYaJh,41.0
96,0,ntDOQspU,OpgRCgWV,41.0
96,0,AXkvSZpr,ntDOQspU,41.0
1325,0,mSsugdoq,DgFFenGX,1339.0
1190,0,RIpTuvwk,KQSHMGnw,19.0
1190,0,ubzklVlS,RIpTuvwk,26.0
1190,0,LVcdwgEp,ubzklVlS,40.0
1190,0,yLFlKjKg,LVcdwgEp,40.0
1190,0,isWzWnoW,yLFlKjKg,127.0
1190,0,fcSUqaEW,isWzWnoW,127.0
1190,0,YJykDsrc,fcSUqaEW,127.0
1190,0,YpVxAvQG,YJykDsrc,208.0
1190,0,RinxBkUZ,YpVxAvQG,227.0
1190,0,LhgNVAOU,RinxBkUZ,227.0
1190,0,uijbLdHW,LhgNVAOU,626.0
1190,0,LjyXiIAT,uijbLdHW,626.0
1190,0,InEujKOO,LjyXiIAT,626.0
866,0,CSzsuVOH,gGjwcdJB,2169.0
866,0,aUZoPZMc,CSzsuVOH,2169.0
866,0,xOhGqygU,aUZoPZMc,2169.0
866,0,qOuhMtTj,xOhGqygU,2219.0
866,0,YcrsfAeA,qOuhMtTj,2222.0
866,0,PxQNjmHA,YcrsfAeA,2303.0
866,0,AGvhWyhD,PxQNjmHA,2303.0
1699,0,TzOVcXdr,mJMjzUfK,48.0
1106,0,VTHwomVj,bsQVAuyn,108.0
1106,0,VbpBVdde,VTHwomVj,108.0
1106,0,ocwJSpah,VbpBVdde,108.0
1106,0,CheNYOmP,ocwJSpah,108.0
1699,0,RsPctvEc,TzOVcXdr,16.0
1699,0,DHQonlzC,RsPctvEc,16.0
1699,0,VMhLZsWx,DHQonlzC,16.0
1699,0,djdidyfJ,VMhLZsWx,11.0
1699,0,jnDfAorM,djdidyfJ,11.0
1678,0,IfTbUocE,xqQnPHkt,1645.0
1678,0,JcXDDijg,IfTbUocE,3943.0
1678,0,jUsnmWea,JcXDDijg,3943.0
1678,0,EaDTtGYp,jUsnmWea,3943.0
1678,0,vbDiZAaI,BMprcpdo,677.0
1678,0,piDlsDeZ,vbDiZAaI,677.0
1678,0,uwEtaQlz,piDlsDeZ,677.0
1678,0,AosTMSAk,uwEtaQlz,682.0
1678,0,gJBgflgH,AosTMSAk,682.0
1678,0,HUSVGpqn,gJBgflgH,708.0
1678,0,DCZZhCfP,HUSVGpqn,708.0
1678,0,WwnuanyA,DCZZhCfP,708.0
1678,0,QpprBOSr,WwnuanyA,710.0
1678,0,Plxavose,QpprBOSr,1624.0
1678,0,xqQnPHkt,Plxavose,1636.0
1221,0,MnTeelLR,MklhhYCQ,6066.0
1221,0,WIZPpGvl,MnTeelLR,6066.0
1338,0,IfTbUocE,Plxavose,7716.0
1678,0,BJjcRhiE,EaDTtGYp,3910.0
1695,0,SsTrbdxo,UgzfanVk,156.0
1695,0,wGMdZeqa,SsTrbdxo,156.0
1695,0,yYFXObAF,wGMdZeqa,156.0
1695,0,xMwzCIXQ,yYFXObAF,156.0
1695,0,NmRushck,xMwzCIXQ,254.0
1695,0,JLvNOQnl,NmRushck,254.0
1325,0,jSFFeqWE,mSsugdoq,1053.0
1325,0,SPymtbHS,jSFFeqWE,1053.0
1325,0,uERHVBdu,SPymtbHS,1053.0
1325,0,yWkNHrCP,uERHVBdu,1053.0
1325,0,UyunGRcj,yWkNHrCP,554.0
1325,0,FhiUibmP,UyunGRcj,554.0
1184,0,vXwparSo,GwjQuetc,1.0
1184,0,eoIplMjv,vXwparSo,1.0
1184,0,FkPbDkgy,eoIplMjv,1.0
1184,0,kVWIKiQU,FkPbDkgy,1.0
1176,0,PNniCxAw,vacPrbQA,1037.0
1176,0,aZaGhhAB,PNniCxAw,1100.0
1176,0,CVcknAiw,aZaGhhAB,1100.0
1176,0,uGkwFELU,CVcknAiw,1100.0
1176,0,IzKulrBJ,uGkwFELU,1101.0
1342,0,YpVxAvQG,BMprcpdo,30.0
1342,0,RinxBkUZ,YpVxAvQG,32.0
1342,0,LhgNVAOU,RinxBkUZ,32.0
1342,0,uijbLdHW,LhgNVAOU,115.0
1342,0,LjyXiIAT,uijbLdHW,128.0
1342,0,InEujKOO,LjyXiIAT,128.0
1342,0,mSsugdoq,InEujKOO,128.0
1342,0,VXiNciom,mSsugdoq,154.0
1342,0,BMprcpdo,OVaoEscJ,6.0
97,0,ywuGpANM,hpACGGyB,4.0
97,0,BZCtSmhk,ywuGpANM,4.0
97,0,qeXIqBgp,BZCtSmhk,4.0
97,0,jFRqfnFl,qeXIqBgp,4.0
97,0,ysSWNERo,jFRqfnFl,4.0
97,0,lEwLedpG,ysSWNERo,4.0
97,0,lQIpGOTn,lEwLedpG,41.0
97,0,uhUmvvRs,lQIpGOTn,41.0
97,0,svgtEcQx,uhUmvvRs,41.0
97,0,HcPkwFHM,svgtEcQx,41.0
97,0,KjuJaNsu,HcPkwFHM,41.0
97,0,oNyGHMvy,KjuJaNsu,41.0
97,0,QdnKSSsO,oNyGHMvy,41.0
97,0,vSdfqYeK,QdnKSSsO,41.0
97,0,wDpyEsxh,vSdfqYeK,41.0
97,0,jIerKxIb,wDpyEsxh,41.0
97,0,IubGYoNi,jIerKxIb,41.0
97,0,fmQEzQWV,IubGYoNi,41.0
97,0,BpAiVnps,fmQEzQWV,41.0
97,0,AszcEtOu,BpAiVnps,41.0
97,0,xiCfcAgb,AszcEtOu,41.0
1568,0,eKMWhxRF,lqMPnIra,1906.0
1568,0,pRsoSsPh,eKMWhxRF,1956.0
1568,0,pUxrqkbR,pRsoSsPh,3397.0
1568,0,GmRorurF,pUxrqkbR,3404.0
1568,0,rWJbJwsc,GmRorurF,3404.0
1568,0,uuIZngLh,rWJbJwsc,4198.0
1568,0,gHWJyJxY,uuIZngLh,4198.0
1568,0,oXQrzcje,gHWJyJxY,4198.0
1568,0,fyqDJAhS,oXQrzcje,4206.0
1568,0,CSzsuVOH,fyqDJAhS,4326.0
1395,0,HQVZivsH,UTBcifAN,67.0
1395,0,DeiIsjyA,HQVZivsH,67.0
1395,0,anWZyaGW,DeiIsjyA,67.0
400,0,nIbIRswk,zZZsLLct,648.0
1325,0,TPescrDz,FhiUibmP,122.0
1326,0,BZEEPDzF,fgAPkwgD,9.0
250,0,WIZPpGvl,MnTeelLR,3653.0
635,0,kFnjgEzS,QpprBOSr,447.0
1338,0,OgnAStiZ,IfTbUocE,6714.0
1338,0,NmJVuAxS,OgnAStiZ,6714.0
1678,0,bPMnvhIP,BJjcRhiE,233.0
836,0,ffjXMuak,qeXIqBgp,14130.0
836,0,EDdQplwd,ffjXMuak,14130.0
836,0,XbgiSLmy,EDdQplwd,14135.0
836,0,pXlenLUq,XbgiSLmy,14135.0
836,0,DNyXiZzj,pXlenLUq,14135.0
836,0,rlKLMakt,DNyXiZzj,15174.0
836,0,hVJtIJom,rlKLMakt,14576.0
836,0,jbCYGAcv,hVJtIJom,14511.0
836,0,myLzZQdt,jbCYGAcv,14511.0
1106,0,buRRNGGe,CheNYOmP,93.0
1106,0,nChZnrmr,buRRNGGe,93.0
1106,0,RSRIdzBF,nChZnrmr,93.0
1106,0,rcsEeYnc,RSRIdzBF,93.0
1106,0,jnDfAorM,rcsEeYnc,93.0
1580,0,JJutwAtq,rPxojMaQ,20.0
1580,0,AskNovdG,JJutwAtq,20.0
1580,0,AjbAuHxT,AskNovdG,20.0
1580,0,isKbeCce,AjbAuHxT,20.0
1580,0,Rfsklmcd,isKbeCce,20.0
1580,0,bAkINhTV,Rfsklmcd,20.0
1580,0,VgUdLlOW,bAkINhTV,20.0
1580,0,ywuGpANM,VgUdLlOW,20.0
1580,0,BZCtSmhk,ywuGpANM,20.0
1580,0,qeXIqBgp,BZCtSmhk,20.0
1580,0,gmsNDepi,qeXIqBgp,20.0
1580,0,jFRqfnFl,gmsNDepi,20.0
1580,0,IMEhQaQS,jFRqfnFl,20.0
1695,0,IMEhQaQS,jFRqfnFl,424.0
1183,0,dfrJZjmW,NjRgIRup,3.0
1183,0,AFcMAvOI,dfrJZjmW,14.0
1183,0,jUExBSiR,AFcMAvOI,14.0
1183,0,vPrJwoLq,jUExBSiR,14.0
1183,0,aHDoehBY,vPrJwoLq,14.0
1183,0,TgdVKieU,aHDoehBY,14.0
1183,0,DexqYjKS,TgdVKieU,14.0
1183,0,wuDdaesk,DexqYjKS,14.0
1672,0,Plxavose,QpprBOSr,21.0
1672,0,xqQnPHkt,Plxavose,21.0
1672,0,IfTbUocE,xqQnPHkt,26.0
1672,0,OgnAStiZ,IfTbUocE,40.0
1672,0,kFnjgEzS,OgnAStiZ,40.0
1672,0,KeGqLKVV,kFnjgEzS,44.0
1672,0,NpOlpVEB,KeGqLKVV,44.0
1672,0,GwjQuetc,NpOlpVEB,44.0
1672,0,QpprBOSr,WwnuanyA,2.0
1175,0,dfrJZjmW,NjRgIRup,1718.0
1175,0,AFcMAvOI,dfrJZjmW,1820.0
1175,0,FltmFbyo,AFcMAvOI,1820.0
1175,0,jUExBSiR,FltmFbyo,1820.0
1175,0,vPrJwoLq,jUExBSiR,1820.0
1175,0,aHDoehBY,vPrJwoLq,1820.0
1175,0,SmfTtMBe,aHDoehBY,1941.0
1175,0,TgdVKieU,SmfTtMBe,1941.0
1175,0,DexqYjKS,TgdVKieU,1941.0
1395,0,YcrsfAeA,KCvWJpxq,626.0
1395,0,cfrRCwNB,YcrsfAeA,626.0
1613,0,VHoqrdhk,RkUgARot,5.0
1613,0,NKkONliL,VHoqrdhk,5.0
1613,0,zUnCRHoa,NKkONliL,5.0
1613,0,LNbMEmtu,zUnCRHoa,5.0
1613,0,OUzlATeX,LNbMEmtu,5.0
1663,0,YQrIOijs,jnDfAorM,860.0
1663,0,FSklzHpQ,YQrIOijs,860.0
1663,0,cNArzmnq,FSklzHpQ,815.0
1663,0,UNbrDjxM,cNArzmnq,815.0
1338,0,LLWkkTwA,NmJVuAxS,6713.0
1338,0,ZTMEdEeK,LLWkkTwA,6708.0
853,0,dCWftKsk,xOHMcnRu,27.0
853,0,HpfZbCVA,dCWftKsk,27.0
853,0,glDvUhXc,HpfZbCVA,27.0
853,0,FhKkSAFH,glDvUhXc,27.0
853,0,taPJzyhF,FhKkSAFH,27.0
853,0,uaQvVFAB,taPJzyhF,27.0
853,0,MnTeelLR,uaQvVFAB,27.0
1537,0,lEwLedpG,vGKZybsV,1.0
1537,0,GtMUYUwJ,lEwLedpG,1.0
1537,0,lQIpGOTn,GtMUYUwJ,1.0
1537,0,uhUmvvRs,lQIpGOTn,1.0
1537,0,GgLRqpEG,uhUmvvRs,1.0
1175,0,tZuNjCsn,DexqYjKS,1950.0
1175,0,aUCLtnsj,tZuNjCsn,1950.0
952,0,gzTQJVMW,RVEyrwjR,1284.0
1338,0,ogOCBKAf,ZTMEdEeK,6672.0
1663,0,GJEXlFdt,UNbrDjxM,655.0
1592,0,CSzsuVOH,dCWftKsk,76.0
1592,0,aUZoPZMc,CSzsuVOH,76.0
1592,0,xOhGqygU,aUZoPZMc,76.0
1592,0,qOuhMtTj,xOhGqygU,93.0
1592,0,KCvWJpxq,qOuhMtTj,93.0
1592,0,YcrsfAeA,KCvWJpxq,93.0
1592,0,cfrRCwNB,YcrsfAeA,128.0
1592,0,sKTwWsMk,cfrRCwNB,153.0
1592,0,pmULGxKj,sKTwWsMk,639.0
1592,0,ToEONYdV,pmULGxKj,639.0
1592,0,IawIHXne,ToEONYdV,620.0
725,0,uaQvVFAB,taPJzyhF,925.0
725,0,MnTeelLR,uaQvVFAB,925.0
725,0,WIZPpGvl,MnTeelLR,924.0
1663,0,VMzKgUSR,GJEXlFdt,588.0
1663,0,BJDTCJYP,VMzKgUSR,588.0
1663,0,gyedwqXM,BJDTCJYP,588.0
1663,0,LYitljhu,gyedwqXM,588.0
1663,0,UhAwQaaX,LYitljhu,588.0
1663,0,LOIXCDqJ,UhAwQaaX,588.0
865,0,NXLrCKMp,xiTGCYEl,115.0
865,0,FyoAuDvn,NXLrCKMp,115.0
865,0,WOOyqinT,FyoAuDvn,135.0
865,0,mnkgCFDT,WOOyqinT,378.0
865,0,kVhbTVuU,mnkgCFDT,664.0
865,0,IoxYvxeH,kVhbTVuU,664.0
865,0,yrlDljAC,IoxYvxeH,664.0
865,0,rBCwdRqs,yrlDljAC,664.0
865,0,olAnplnl,rBCwdRqs,664.0
865,0,lLIyiFPN,olAnplnl,664.0
865,0,cMNwDvJt,lLIyiFPN,664.0
865,0,TcKqxHvb,cMNwDvJt,664.0
865,0,JafKIKES,TcKqxHvb,664.0
865,0,NxXUMgmK,JafKIKES,664.0
865,0,AdCBnmxI,NxXUMgmK,664.0
865,0,ufpbvrtF,AdCBnmxI,664.0
1707,0,PiHPpcZe,MPxbDKyu,2.0
1707,0,mBlbMFFC,PiHPpcZe,2.0
1707,0,BGChynOq,mBlbMFFC,2.0
1663,0,FldHcjZC,LOIXCDqJ,551.0
1395,0,TFSGEQcQ,cfrRCwNB,505.0
1395,0,fjFZwaYy,TFSGEQcQ,505.0
1395,0,lSWJJvzr,fjFZwaYy,505.0
778,0,FZsFzszJ,gzTQJVMW,835.0
778,0,KgwKZlse,FZsFzszJ,829.0
778,0,AoRkaUmb,KgwKZlse,829.0
778,0,ALhaazBT,AoRkaUmb,829.0
778,0,YqlTLIQa,ALhaazBT,760.0
778,0,AUmOMGnp,YqlTLIQa,760.0
778,0,XFPAZveS,AUmOMGnp,743.0
778,0,ojqTFFWy,XFPAZveS,17.0
635,0,VFLsoIHD,kFnjgEzS,429.0
635,0,LLWkkTwA,VFLsoIHD,424.0
635,0,ogOCBKAf,LLWkkTwA,424.0
1258,0,xqQnPHkt,Plxavose,401.0
1258,0,IfTbUocE,xqQnPHkt,401.0
1258,0,OgnAStiZ,IfTbUocE,401.0
1258,0,NmJVuAxS,OgnAStiZ,401.0
1258,0,VFLsoIHD,NmJVuAxS,401.0
1258,0,LLWkkTwA,VFLsoIHD,398.0
1258,0,ZTMEdEeK,LLWkkTwA,398.0
1258,0,ogOCBKAf,ZTMEdEeK,398.0
1529,0,MnTeelLR,MklhhYCQ,1.0
1529,0,WIZPpGvl,MnTeelLR,1.0
1663,0,qNiTyrkl,FldHcjZC,437.0
1663,0,pGHnvifU,qNiTyrkl,437.0
1663,0,waZdIIZY,pGHnvifU,437.0
1663,0,eiOwifcC,waZdIIZY,437.0
1663,0,ogOCBKAf,eiOwifcC,430.0
1659,0,ogOCBKAf,eiOwifcC,201.0
1085,0,cudxYHxf,eJIFTpTd,1193.0
1085,0,WneZtuRq,cudxYHxf,1193.0
751,0,lqTAOmVV,WwbQwfXi,1934.0
900,0,FZsFzszJ,gzTQJVMW,36.0
900,0,KgwKZlse,FZsFzszJ,36.0
900,0,AoRkaUmb,KgwKZlse,36.0
900,0,ALhaazBT,AoRkaUmb,36.0
900,0,YqlTLIQa,ALhaazBT,35.0
900,0,AUmOMGnp,YqlTLIQa,35.0
900,0,XFPAZveS,AUmOMGnp,35.0
900,0,ojqTFFWy,XFPAZveS,16.0
1175,0,EcbaOvXo,aUCLtnsj,199.0
1175,0,GEGYzlFG,EcbaOvXo,199.0
1175,0,gRFfvBeo,GEGYzlFG,199.0
1175,0,VRIIzByt,gRFfvBeo,199.0
1175,0,NayUSBAK,VRIIzByt,199.0
1175,0,uDcqHVPS,NayUSBAK,199.0
867,0,sICvpcEb,qZeFqHEu,17.0
867,0,XwJbeVId,sICvpcEb,17.0
867,0,BuUVquxB,XwJbeVId,17.0
867,0,eLEJvIlJ,BuUVquxB,17.0
867,0,suvDbtPR,eLEJvIlJ,17.0
867,0,clVXMHJf,suvDbtPR,14.0
1660,0,WyfCQhSW,ogOCBKAf,131.0
1660,0,RBBxesxu,WyfCQhSW,131.0
1660,0,npYXJyuT,RBBxesxu,142.0
1660,0,lFqTDxEu,npYXJyuT,142.0
1660,0,fyczPNat,lFqTDxEu,142.0
1659,0,cBsLzvxc,qflzswAf,41.0
1659,0,MTGLsZPE,cBsLzvxc,41.0
1659,0,bmCACwpU,MTGLsZPE,41.0
1659,0,ndVUpTXG,bmCACwpU,41.0
1659,0,mvSwkBgn,ndVUpTXG,41.0
1659,0,dbBlyJgh,mvSwkBgn,41.0
1660,0,LbqeOjDq,fyczPNat,49.0
1660,0,qdBHsTrj,LbqeOjDq,49.0
1660,0,QRWCUyXY,qdBHsTrj,49.0
14,0,WIZPpGvl,MnTeelLR,4721.0
14,0,qflzswAf,WIZPpGvl,4631.0
725,0,qflzswAf,WIZPpGvl,867.0
853,0,WIZPpGvl,MnTeelLR,19.0
853,0,qflzswAf,WIZPpGvl,19.0
250,0,qflzswAf,WIZPpGvl,3456.0
1221,0,qflzswAf,WIZPpGvl,5545.0
1660,0,bGxnPBxb,QRWCUyXY,47.0
1660,0,mvgVyONe,bGxnPBxb,47.0
1660,0,YlcUcHmr,mvgVyONe,47.0
1660,0,puuUveiG,YlcUcHmr,47.0
1660,0,CGfCHyje,puuUveiG,47.0
1660,0,qflzswAf,CGfCHyje,40.0
843,0,tbsBIgaj,WoCjyXMQ,175.0
843,0,ekoOPpVq,tbsBIgaj,175.0
843,0,rljVoTvk,ekoOPpVq,154.0
843,0,gxidCspv,rljVoTvk,154.0
843,0,wRTYbalx,gxidCspv,148.0
843,0,DHkaGHFf,wRTYbalx,148.0
843,0,FdBCLyPI,DHkaGHFf,148.0
843,0,CrOFTJlw,FdBCLyPI,148.0
843,0,PyGiRErs,CrOFTJlw,148.0
843,0,qflzswAf,PyGiRErs,121.0
1395,0,nxFmOJAJ,lSWJJvzr,466.0
1395,0,GznDzxNt,nxFmOJAJ,466.0
1395,0,jappmlZc,GznDzxNt,466.0
1170,0,PNniCxAw,ogOCBKAf,825.0
1170,0,aZaGhhAB,PNniCxAw,826.0
1170,0,CVcknAiw,aZaGhhAB,826.0
1170,0,uGkwFELU,CVcknAiw,826.0
1170,0,LpjIkIID,uGkwFELU,827.0
751,0,xRIuSSHV,lqTAOmVV,1813.0
751,0,HKxWWoBG,xRIuSSHV,1813.0
1638,0,UGBWqSzR,aDIiTyCi,66.0
1638,0,ywuGpANM,UGBWqSzR,66.0
1212,0,GHvODCIP,LCJSaMch,28.0
1212,0,MCXOFAcE,GHvODCIP,28.0
1212,0,HcupqiOA,MCXOFAcE,28.0
1212,0,MRtqPpeq,HcupqiOA,28.0
1212,0,CrEPfbyi,MRtqPpeq,28.0
1212,0,dpFXbFTh,CrEPfbyi,28.0
1173,0,QESMqsTJ,JJzKKoaf,1346.0
1173,0,PNniCxAw,ogOCBKAf,1079.0
1173,0,aZaGhhAB,PNniCxAw,1181.0
1173,0,CVcknAiw,aZaGhhAB,1181.0
1173,0,uGkwFELU,CVcknAiw,1181.0
1173,0,TCQmGnBb,uGkwFELU,1182.0
1173,0,JJzKKoaf,TCQmGnBb,1182.0
1206,0,ubFzksan,tYTpUUxD,1.0
1206,0,RinxBkUZ,ubFzksan,1.0
1206,0,LhgNVAOU,RinxBkUZ,1.0
1206,0,bPdCVhrp,LhgNVAOU,1.0
1206,0,SOVcCDqR,bPdCVhrp,1.0
1206,0,FYhykdTj,SOVcCDqR,1.0
1206,0,QpprBOSr,FYhykdTj,1.0
1206,0,Plxavose,QpprBOSr,1.0
1206,0,xqQnPHkt,Plxavose,1.0
1206,0,IfTbUocE,xqQnPHkt,1.0
1206,0,OgnAStiZ,IfTbUocE,1.0
1206,0,NmJVuAxS,OgnAStiZ,1.0
1206,0,VFLsoIHD,NmJVuAxS,1.0
1206,0,vIPMUZxJ,VFLsoIHD,1.0
1206,0,UmISPPJO,vIPMUZxJ,1.0
1395,0,JGAJXRSN,jappmlZc,461.0
1395,0,SDEQaVyD,JGAJXRSN,461.0
1032,0,EiPYisOM,QhscbmPA,547.0
1032,0,ElqrEMfW,EiPYisOM,547.0
1032,0,hqxwmRzJ,ElqrEMfW,547.0
1032,0,GxYrbHur,wXyAETzh,51.0
1032,0,uGbUWjny,GxYrbHur,51.0
1032,0,NsShbegC,uGbUWjny,37.0
1032,0,owraUoxF,NsShbegC,37.0
1032,0,oWTTFPnV,owraUoxF,37.0
1032,0,CHKZpApa,oWTTFPnV,37.0
1032,0,YvLuczKe,CHKZpApa,37.0
1032,0,cThdGxLv,YvLuczKe,37.0
1032,0,SUVVzOYC,cThdGxLv,37.0
1032,0,dAxtDTje,SUVVzOYC,14.0
1032,0,aunBMooM,dAxtDTje,14.0
1032,0,KGIBfEut,aunBMooM,14.0
1032,0,kiTgZeoH,KGIBfEut,14.0
1032,0,eLmJkuZC,kiTgZeoH,1.0
1032,0,uDnSXuvA,eLmJkuZC,1.0
1032,0,UgzfanVk,uDnSXuvA,1.0
1029,0,tBPmVbcK,qflzswAf,4636.0
1029,0,DhBIcFJB,tBPmVbcK,4652.0
400,0,zZZsLLct,ojqTFFWy,644.0
242,0,AszcEtOu,BpAiVnps,50.0
242,0,xiCfcAgb,AszcEtOu,71.0
242,0,RjtzWJgw,xiCfcAgb,71.0
242,0,owFNQNZv,RjtzWJgw,71.0
242,0,nCsqpnJo,owFNQNZv,71.0
242,0,gnmwaIOJ,nCsqpnJo,71.0
242,0,pygvGZaF,gnmwaIOJ,71.0
242,0,bsQVAuyn,pygvGZaF,71.0
242,0,VTHwomVj,bsQVAuyn,71.0
242,0,VbpBVdde,VTHwomVj,71.0
242,0,ocwJSpah,VbpBVdde,71.0
242,0,CheNYOmP,ocwJSpah,71.0
242,0,xYUjBvzT,CheNYOmP,71.0
242,0,JXJZtHSD,xYUjBvzT,71.0
242,0,owqgejgM,JXJZtHSD,71.0
242,0,WIZPpGvl,owqgejgM,124.0
242,0,qflzswAf,WIZPpGvl,124.0
242,0,tBPmVbcK,qflzswAf,124.0
242,0,DhBIcFJB,tBPmVbcK,124.0
751,0,vHRzQkLM,MQGhRgQS,596.0
751,0,oPITKJYe,vHRzQkLM,596.0
751,0,POTYMsFk,oPITKJYe,596.0
751,0,LuAURVPA,POTYMsFk,584.0
751,0,DfYzlKXm,LuAURVPA,584.0
1125,0,CVPWCvNJ,BDmybVdG,205.0
1125,0,muVREKCV,CVPWCvNJ,438.0
1125,0,BsRMZbGV,muVREKCV,438.0
1170,0,odfRkvUj,LpjIkIID,519.0
1170,0,sCNvhPqY,odfRkvUj,519.0
1170,0,IjFZQfFh,sCNvhPqY,519.0
1170,0,TYAIdqeQ,IjFZQfFh,519.0
1170,0,Zysthhei,TYAIdqeQ,519.0
1170,0,oEaRMYXq,Zysthhei,519.0
867,0,uhArLFHO,cBsLzvxc,49.0
867,0,qZeFqHEu,uhArLFHO,49.0
867,0,cBsLzvxc,qflzswAf,30.0
868,0,zjOknQHK,CRVKBFrv,25.0
868,0,FrKNovDQ,zjOknQHK,25.0
868,0,nfCzcTzh,FrKNovDQ,25.0
868,0,GyLDNPGc,nfCzcTzh,29.0
868,0,qORtFjQM,GyLDNPGc,29.0
868,0,OZmcxPEb,qORtFjQM,29.0
868,0,qgVdByqj,OZmcxPEb,29.0
868,0,jQlVbeqW,qgVdByqj,29.0
751,0,AjvyZYOZ,HKxWWoBG,609.0
1395,0,UgzfanVk,SDEQaVyD,31.0
1083,0,EAwJtHSB,vyojaKRU,533.0
1042,0,eaNsVWDR,ejMjPdTH,132.0
1042,0,vyojaKRU,eaNsVWDR,2.0
1042,0,EAwJtHSB,vyojaKRU,2.0
1042,0,VgroZBKv,WsxoHomq,136.0
1042,0,TUZfegir,VgroZBKv,136.0
1042,0,LHNTbQin,TUZfegir,157.0
1042,0,EBDfudXo,LHNTbQin,157.0
1042,0,oVvGCedi,EBDfudXo,167.0
1042,0,zAhquueS,oVvGCedi,167.0
1042,0,KjUtPMMe,ZsxHmovG,124.0
1042,0,JGmgdpWx,KjUtPMMe,124.0
1042,0,WsxoHomq,JGmgdpWx,124.0
1042,0,XeNLTPEj,MvGjEBBL,113.0
1042,0,PzIXuqgO,XeNLTPEj,113.0
1042,0,ZsxHmovG,PzIXuqgO,113.0
1649,0,WyfCQhSW,ogOCBKAf,658.0
1649,0,erxKyHjj,WyfCQhSW,658.0
1649,0,KjiBWoqR,erxKyHjj,658.0
1649,0,bYNwHuWo,KjiBWoqR,658.0
1649,0,qWvzRbGV,bYNwHuWo,658.0
1649,0,PRzaSxQc,qWvzRbGV,658.0
1649,0,bfKiOFsS,PRzaSxQc,658.0
1649,0,eGbCulMV,bfKiOFsS,658.0
1649,0,CRVKBFrv,eGbCulMV,658.0
1649,0,zjOknQHK,CRVKBFrv,701.0
1649,0,TCeiTEZh,zjOknQHK,1212.0
1650,0,cBsLzvxc,qflzswAf,132.0
1650,0,MTGLsZPE,cBsLzvxc,335.0
1650,0,bmCACwpU,MTGLsZPE,335.0
1650,0,ndVUpTXG,bmCACwpU,335.0
1650,0,mvSwkBgn,ndVUpTXG,335.0
1650,0,dbBlyJgh,mvSwkBgn,335.0
1650,0,DyENAaIa,dbBlyJgh,335.0
1650,0,dXsdOXmC,DyENAaIa,335.0
1650,0,pWUEfFEM,dXsdOXmC,335.0
1170,0,FyAVeoLb,oEaRMYXq,487.0
1066,0,VxCMIjeX,fxsyxfZK,369.0
1173,0,ZtKBYERA,QESMqsTJ,570.0
1173,0,BtOUMROM,ZtKBYERA,570.0
1173,0,cwRIXHps,BtOUMROM,570.0
1173,0,jFhGTpOu,cwRIXHps,564.0
1173,0,btKesaAl,jFhGTpOu,564.0
1173,0,UTtjkhMN,btKesaAl,564.0
1173,0,GbOoEgJY,UTtjkhMN,564.0
1173,0,KvUqhblU,GbOoEgJY,564.0
1173,0,VMlGrjvU,KvUqhblU,564.0
1173,0,WlXbaBoJ,VMlGrjvU,564.0
1530,0,PNUwxzRj,iaPnRXpR,19.0
1530,0,sxclJLmG,PNUwxzRj,19.0
1530,0,xMTNzVPt,sxclJLmG,19.0
1530,0,AudzmzeZ,xMTNzVPt,19.0
1530,0,QVFxizLc,AudzmzeZ,19.0
1530,0,BKywSEpu,QVFxizLc,19.0
1530,0,PrwDPVMa,BKywSEpu,19.0
1530,0,bjPEDqek,PrwDPVMa,19.0
1530,0,hNvVhacI,bjPEDqek,19.0
1530,0,RTnwKdcX,hNvVhacI,19.0
1530,0,SDEQaVyD,RTnwKdcX,19.0
1530,0,OMhVSsxv,SDEQaVyD,19.0
1530,0,UgzfanVk,OMhVSsxv,19.0
1530,0,fiwqiJeH,UgzfanVk,19.0
1530,0,JaCojcPE,fiwqiJeH,19.0
1530,0,vxTQjZcJ,JaCojcPE,19.0
1530,0,FfdGxPiD,vxTQjZcJ,30.0
1530,0,nGUGLxPd,FfdGxPiD,30.0
1530,0,hZwGajtf,nGUGLxPd,30.0
1530,0,zuhYkREh,hZwGajtf,30.0
1530,0,kVeKzKrW,zuhYkREh,30.0
1529,0,kDvrGahi,ejMjPdTH,206.0
867,0,UXEWVZzP,clVXMHJf,12.0
1170,0,VjSiMBzK,FyAVeoLb,380.0
1170,0,JoqesOWP,VjSiMBzK,380.0
1170,0,ATKbycui,JoqesOWP,380.0
1121,0,WIZPpGvl,MnTeelLR,607.0
1121,0,qflzswAf,WIZPpGvl,607.0
1121,0,tBPmVbcK,qflzswAf,607.0
1121,0,DhBIcFJB,tBPmVbcK,607.0
1121,0,ByOODIxa,DhBIcFJB,607.0
1121,0,Ngsxsfae,ByOODIxa,607.0
1121,0,qDNcQeuw,Ngsxsfae,607.0
1121,0,DpfRSiIE,qDNcQeuw,607.0
1128,0,yzzIynLu,DhBIcFJB,2326.0
1128,0,ByOODIxa,yzzIynLu,2326.0
1128,0,Ngsxsfae,ByOODIxa,2326.0
1128,0,qDNcQeuw,Ngsxsfae,2369.0
1128,0,DpfRSiIE,qDNcQeuw,2369.0
1407,0,rJvLUxkA,UgzfanVk,985.0
1407,0,dYlTtQAF,rJvLUxkA,985.0
1408,0,yJFAEWOL,UfJzwqHV,752.0
1408,0,BJyyGCqV,yJFAEWOL,752.0
1408,0,gZsXxpWQ,BJyyGCqV,752.0
1408,0,aXBkDCtb,gZsXxpWQ,665.0
1408,0,QgJihzqk,aXBkDCtb,665.0
1408,0,IojsotKp,QgJihzqk,665.0
1408,0,NNAcmEYB,IojsotKp,754.0
1032,0,FrCulsqF,VYHZxBYO,233.0
1032,0,KCAssTym,FrCulsqF,233.0
1032,0,WhdKokFf,KCAssTym,521.0
1032,0,QhscbmPA,WhdKokFf,521.0
1168,0,iqwUvhKg,isqWGISG,4.0
1128,0,QoKDjrWo,qflzswAf,1627.0
1128,0,tBPmVbcK,QoKDjrWo,1627.0
1128,0,DhBIcFJB,tBPmVbcK,2095.0
1128,0,XsvFZXJo,DpfRSiIE,2363.0
1128,0,dJdTBATy,XsvFZXJo,1583.0
1128,0,PzVFlDkT,dJdTBATy,1583.0
1066,0,BOULhmAk,VxCMIjeX,365.0
1066,0,qhfHNtOQ,BOULhmAk,365.0
1170,0,VXqnYnlT,ATKbycui,175.0
1121,0,XsvFZXJo,DpfRSiIE,606.0
1121,0,NXLrCKMp,xiTGCYEl,31.0
1121,0,FyoAuDvn,NXLrCKMp,31.0
1121,0,WOOyqinT,FyoAuDvn,60.0
1121,0,mnkgCFDT,WOOyqinT,136.0
1121,0,kVhbTVuU,mnkgCFDT,211.0
1121,0,IoxYvxeH,kVhbTVuU,213.0
1121,0,yrlDljAC,IoxYvxeH,215.0
1121,0,rBCwdRqs,yrlDljAC,215.0
1121,0,olAnplnl,rBCwdRqs,215.0
1121,0,hpCuKAjH,olAnplnl,218.0
1121,0,tyeyrnYi,hpCuKAjH,218.0
1121,0,HezLsNFQ,tyeyrnYi,218.0
1121,0,eusqYKWT,HezLsNFQ,228.0
1121,0,dCWftKsk,eusqYKWT,228.0
1121,0,HpfZbCVA,dCWftKsk,275.0
1121,0,glDvUhXc,HpfZbCVA,293.0
1121,0,FhKkSAFH,glDvUhXc,293.0
1121,0,taPJzyhF,FhKkSAFH,293.0
1121,0,uaQvVFAB,taPJzyhF,293.0
1121,0,MnTeelLR,uaQvVFAB,293.0
1121,0,bZroqIhX,eTJQHplR,18.0
1121,0,cNuIRYrx,bZroqIhX,18.0
1121,0,yNIUaSyZ,cNuIRYrx,18.0
1121,0,xiTGCYEl,yNIUaSyZ,18.0
242,0,ByOODIxa,DhBIcFJB,121.0
242,0,Ngsxsfae,ByOODIxa,121.0
242,0,qDNcQeuw,Ngsxsfae,121.0
242,0,DpfRSiIE,qDNcQeuw,121.0
242,0,XsvFZXJo,DpfRSiIE,121.0
1133,0,fJuPdFXq,tFSvrGay,386.0
1029,0,ByOODIxa,DhBIcFJB,5477.0
1029,0,HxSbXXdZ,ByOODIxa,5477.0
1029,0,zlRPdbBz,HxSbXXdZ,5593.0
1029,0,KQaXxZDT,zlRPdbBz,5593.0
867,0,MlYFoaez,UXEWVZzP,4.0
796,0,pPKqPUVW,pwpCkicC,402.0
796,0,slfxTuih,pPKqPUVW,402.0
1440,0,jJVVpGMf,pwpCkicC,648.0
1440,0,pPKqPUVW,jJVVpGMf,648.0
1440,0,slfxTuih,pPKqPUVW,648.0
1170,0,MYMMmWkN,VXqnYnlT,169.0
1170,0,tUdYLqkf,MYMMmWkN,169.0
1651,0,KiOCmsmI,bYNwHuWo,5.0
1651,0,QRngTwFS,KiOCmsmI,5.0
1651,0,PxKzEfaJ,QRngTwFS,5.0
1651,0,kKaTqilr,PxKzEfaJ,5.0
1651,0,UUyOnuCZ,kKaTqilr,5.0
156,0,QESMqsTJ,JJzKKoaf,59.0
156,0,ZtKBYERA,QESMqsTJ,69.0
156,0,BtOUMROM,ZtKBYERA,69.0
156,0,cwRIXHps,BtOUMROM,69.0
156,0,jFhGTpOu,cwRIXHps,69.0
156,0,btKesaAl,jFhGTpOu,69.0
156,0,UTtjkhMN,btKesaAl,69.0
156,0,BjxLEaiN,UTtjkhMN,69.0
156,0,joGrBgeB,BjxLEaiN,69.0
156,0,lczxXDao,joGrBgeB,73.0
156,0,YpVxAvQG,YJykDsrc,10.0
156,0,RinxBkUZ,YpVxAvQG,11.0
156,0,LhgNVAOU,RinxBkUZ,11.0
156,0,bPdCVhrp,LhgNVAOU,14.0
156,0,SOVcCDqR,bPdCVhrp,14.0
156,0,FYhykdTj,SOVcCDqR,14.0
156,0,QpprBOSr,FYhykdTj,14.0
156,0,Plxavose,QpprBOSr,17.0
156,0,xqQnPHkt,Plxavose,17.0
156,0,IfTbUocE,xqQnPHkt,17.0
156,0,OgnAStiZ,IfTbUocE,18.0
156,0,kFnjgEzS,OgnAStiZ,18.0
156,0,VFLsoIHD,kFnjgEzS,18.0
156,0,LLWkkTwA,VFLsoIHD,18.0
156,0,ZTMEdEeK,LLWkkTwA,18.0
156,0,ogOCBKAf,ZTMEdEeK,19.0
156,0,PNniCxAw,ogOCBKAf,28.0
156,0,aZaGhhAB,PNniCxAw,49.0
156,0,CVcknAiw,aZaGhhAB,49.0
156,0,uGkwFELU,CVcknAiw,49.0
156,0,IzKulrBJ,uGkwFELU,49.0
156,0,TCQmGnBb,IzKulrBJ,49.0
156,0,JJzKKoaf,TCQmGnBb,49.0
156,0,RYTcAdhr,yLFlKjKg,2.0
156,0,EzivGHuE,RYTcAdhr,2.0
156,0,isWzWnoW,EzivGHuE,2.0
156,0,fcSUqaEW,isWzWnoW,2.0
156,0,YJykDsrc,fcSUqaEW,2.0
751,0,LroBKvWh,AjvyZYOZ,597.0
751,0,BsiptQCD,LroBKvWh,597.0
751,0,IMzgpfjO,BsiptQCD,607.0
751,0,AmGPOhem,IMzgpfjO,607.0
1087,0,zGXQZTlC,VYHZxBYO,193.0
1087,0,OgfqNfUY,zGXQZTlC,193.0
751,0,OHOnJQtA,AmGPOhem,617.0
751,0,VwYVTziR,OHOnJQtA,617.0
751,0,MQGhRgQS,VwYVTziR,625.0
97,0,RjtzWJgw,xiCfcAgb,37.0
97,0,owFNQNZv,RjtzWJgw,37.0
97,0,nCsqpnJo,owFNQNZv,37.0
97,0,gnmwaIOJ,nCsqpnJo,37.0
97,0,pygvGZaF,gnmwaIOJ,37.0
97,0,bsQVAuyn,pygvGZaF,37.0
1167,0,PNniCxAw,ogOCBKAf,24.0
1167,0,aZaGhhAB,PNniCxAw,24.0
1167,0,CVcknAiw,aZaGhhAB,24.0
1167,0,uGkwFELU,CVcknAiw,24.0
1167,0,LpjIkIID,uGkwFELU,24.0
1167,0,odfRkvUj,LpjIkIID,25.0
1167,0,sCNvhPqY,odfRkvUj,25.0
1167,0,IjFZQfFh,sCNvhPqY,25.0
1167,0,TYAIdqeQ,IjFZQfFh,25.0
1167,0,Zysthhei,TYAIdqeQ,25.0
1167,0,oEaRMYXq,Zysthhei,25.0
1167,0,FyAVeoLb,oEaRMYXq,29.0
1167,0,VjSiMBzK,FyAVeoLb,29.0
1167,0,JoqesOWP,VjSiMBzK,29.0
1167,0,ZaTxFLgk,JoqesOWP,29.0
1167,0,idOCTaDY,ZaTxFLgk,32.0
950,0,FZsFzszJ,gzTQJVMW,29.0
950,0,KgwKZlse,FZsFzszJ,27.0
950,0,AoRkaUmb,KgwKZlse,27.0
950,0,ALhaazBT,AoRkaUmb,27.0
950,0,YqlTLIQa,ALhaazBT,25.0
950,0,AUmOMGnp,YqlTLIQa,25.0
950,0,XFPAZveS,AUmOMGnp,25.0
139,0,FZsFzszJ,gzTQJVMW,3.0
139,0,KgwKZlse,FZsFzszJ,3.0
139,0,AoRkaUmb,KgwKZlse,3.0
139,0,ALhaazBT,AoRkaUmb,3.0
139,0,YqlTLIQa,ALhaazBT,2.0
139,0,AUmOMGnp,YqlTLIQa,2.0
139,0,XFPAZveS,AUmOMGnp,2.0
742,0,FZsFzszJ,gzTQJVMW,1.0
742,0,KgwKZlse,FZsFzszJ,1.0
742,0,ALhaazBT,KgwKZlse,1.0
742,0,YqlTLIQa,ALhaazBT,1.0
742,0,AUmOMGnp,YqlTLIQa,1.0
742,0,ejMjPdTH,AUmOMGnp,1.0
1407,0,aIrbaHhk,dYlTtQAF,881.0
1407,0,JALpXpKc,aIrbaHhk,881.0
1407,0,WcOcULlY,JALpXpKc,881.0
1407,0,mZFKHZkN,WcOcULlY,881.0
1172,0,QESMqsTJ,JJzKKoaf,128.0
1172,0,ZtKBYERA,QESMqsTJ,176.0
1172,0,ZzGQqLDR,ZtKBYERA,176.0
1172,0,cwRIXHps,ZzGQqLDR,176.0
1172,0,jFhGTpOu,cwRIXHps,180.0
1172,0,btKesaAl,jFhGTpOu,180.0
1172,0,UTtjkhMN,btKesaAl,180.0
1172,0,BjxLEaiN,UTtjkhMN,180.0
1172,0,joGrBgeB,BjxLEaiN,180.0
1172,0,dkKDnHnJ,joGrBgeB,183.0
1172,0,PNniCxAw,ogOCBKAf,91.0
1172,0,aZaGhhAB,PNniCxAw,112.0
1172,0,CVcknAiw,aZaGhhAB,112.0
1172,0,uGkwFELU,CVcknAiw,112.0
1172,0,TCQmGnBb,uGkwFELU,112.0
1172,0,JJzKKoaf,TCQmGnBb,112.0
1408,0,XfgrRxbI,ejMjPdTH,163.0
1408,0,UfJzwqHV,XfgrRxbI,163.0
1029,0,thNcyzdj,KQaXxZDT,4615.0
1029,0,gWHAQwVu,thNcyzdj,4615.0
1121,0,dJdTBATy,XsvFZXJo,378.0
1121,0,PzVFlDkT,dJdTBATy,378.0
1121,0,RHzXTuOU,PzVFlDkT,378.0
1128,0,RHzXTuOU,PzVFlDkT,1500.0
242,0,dJdTBATy,XsvFZXJo,103.0
242,0,PzVFlDkT,dJdTBATy,103.0
242,0,RHzXTuOU,PzVFlDkT,103.0
1172,0,TztxJAVO,dkKDnHnJ,104.0
1172,0,xtcBaTeK,TztxJAVO,104.0
1167,0,isqWGISG,idOCTaDY,3.0
1132,0,dJdTBATy,XsvFZXJo,226.0
1132,0,PzVFlDkT,dJdTBATy,226.0
1132,0,RHzXTuOU,PzVFlDkT,227.0
1132,0,BoavYDPS,RHzXTuOU,384.0
1132,0,yLXUQkCh,BoavYDPS,384.0
1132,0,UgnVLYPx,yLXUQkCh,505.0
1132,0,qgzMfcCH,UgnVLYPx,505.0
1132,0,CSwPNDqz,qgzMfcCH,505.0
1132,0,zIFSdUXT,CSwPNDqz,505.0
1132,0,RQpCZdJL,zIFSdUXT,691.0
1132,0,YkRwsmPU,RQpCZdJL,691.0
1132,0,hFLBtQiP,YkRwsmPU,691.0
1132,0,kXKEwBKv,hFLBtQiP,691.0
1132,0,rAvbFSrB,kXKEwBKv,691.0
1132,0,dONffpoj,rAvbFSrB,691.0
1132,0,ZgirRZil,dONffpoj,691.0
1132,0,OFTTxfUx,ZgirRZil,691.0
1132,0,ZWnHyyqY,OFTTxfUx,691.0
1132,0,TvILSVoy,ZWnHyyqY,691.0
1132,0,bkJSkGrT,TvILSVoy,691.0
1212,0,LCJSaMch,ChOayZDF,1.0
1132,0,qDNcQeuw,Ngsxsfae,118.0
1132,0,DpfRSiIE,qDNcQeuw,118.0
1132,0,XsvFZXJo,DpfRSiIE,118.0
1132,0,tFSvrGay,bkJSkGrT,392.0
1121,0,KpBBeKJM,RHzXTuOU,334.0
1128,0,BoavYDPS,RHzXTuOU,1100.0
1128,0,yLXUQkCh,BoavYDPS,1100.0
1305,0,NlwRCqPo,HkSXkIZj,7.0
1305,0,ubzklVlS,NlwRCqPo,7.0
1305,0,yLFlKjKg,ubzklVlS,7.0
1305,0,isWzWnoW,yLFlKjKg,7.0
1305,0,YJykDsrc,isWzWnoW,7.0
1305,0,YpVxAvQG,YJykDsrc,7.0
1305,0,LhgNVAOU,YpVxAvQG,7.0
1305,0,SOVcCDqR,LhgNVAOU,7.0
1305,0,QpprBOSr,SOVcCDqR,7.0
1305,0,xqQnPHkt,QpprBOSr,7.0
1305,0,NmJVuAxS,xqQnPHkt,7.0
1305,0,LLWkkTwA,NmJVuAxS,7.0
1305,0,ogOCBKAf,LLWkkTwA,7.0
1305,0,WyfCQhSW,ogOCBKAf,7.0
1305,0,erxKyHjj,WyfCQhSW,7.0
1305,0,KjiBWoqR,erxKyHjj,7.0
242,0,yLXUQkCh,RHzXTuOU,100.0
242,0,KpBBeKJM,yLXUQkCh,100.0
1128,0,KpBBeKJM,yLXUQkCh,1039.0
1172,0,cKQpuLql,xtcBaTeK,83.0
845,0,tBPmVbcK,qflzswAf,145.0
845,0,DhBIcFJB,tBPmVbcK,162.0
845,0,ByOODIxa,DhBIcFJB,162.0
845,0,HxSbXXdZ,ByOODIxa,162.0
845,0,zlRPdbBz,HxSbXXdZ,162.0
845,0,KQaXxZDT,zlRPdbBz,162.0
845,0,thNcyzdj,KQaXxZDT,170.0
845,0,gWHAQwVu,thNcyzdj,170.0
845,0,QrnyweDt,gWHAQwVu,180.0
845,0,KTKGWmNj,QrnyweDt,180.0
952,0,WzJZybAt,KbKyxild,50.0
952,0,wBZvskGC,WzJZybAt,50.0
1211,0,WyfCQhSW,ogOCBKAf,10.0
1211,0,erxKyHjj,WyfCQhSW,10.0
1211,0,KjiBWoqR,erxKyHjj,10.0
1211,0,bYNwHuWo,KjiBWoqR,10.0
1211,0,MFfExqBx,bYNwHuWo,10.0
1211,0,qWvzRbGV,MFfExqBx,10.0
1211,0,PRzaSxQc,qWvzRbGV,10.0
1211,0,bfKiOFsS,PRzaSxQc,10.0
1211,0,eGbCulMV,bfKiOFsS,10.0
1211,0,CRVKBFrv,eGbCulMV,10.0
1211,0,zjOknQHK,CRVKBFrv,12.0
1211,0,FrKNovDQ,zjOknQHK,12.0
1211,0,nfCzcTzh,FrKNovDQ,12.0
1211,0,ZYiWVpjK,nfCzcTzh,15.0
1211,0,qTvRhwtK,ZYiWVpjK,16.0
1211,0,rMamJjcH,qTvRhwtK,16.0
1211,0,XQBvMmKm,rMamJjcH,16.0
1211,0,hPGLMLbU,XQBvMmKm,48.0
1211,0,RIVMQHVF,hPGLMLbU,48.0
1211,0,KnZwSPch,RIVMQHVF,48.0
1211,0,TeSdyMFH,KnZwSPch,48.0
1211,0,XDHbYGPc,TeSdyMFH,50.0
1211,0,qRqIHRjS,XDHbYGPc,50.0
1211,0,QFkvaGqn,qRqIHRjS,51.0
1211,0,OpqnHslm,QFkvaGqn,51.0
1211,0,NxijJQZJ,OpqnHslm,51.0
1211,0,iyuxsgWB,NxijJQZJ,51.0
1066,0,TQJSOMwc,qhfHNtOQ,278.0
1128,0,UgnVLYPx,KpBBeKJM,971.0
1128,0,qgzMfcCH,UgnVLYPx,971.0
1128,0,CSwPNDqz,qgzMfcCH,971.0
1128,0,zIFSdUXT,CSwPNDqz,971.0
1020,0,bCrrhAWe,dtLFJEWb,3658.0
1020,0,UcqSoUUq,bCrrhAWe,3697.0
1020,0,bDoBjPVm,UcqSoUUq,3697.0
1020,0,WyfCQhSW,ogOCBKAf,904.0
1020,0,erxKyHjj,WyfCQhSW,905.0
1020,0,KjiBWoqR,erxKyHjj,905.0
1020,0,bYNwHuWo,KjiBWoqR,905.0
1020,0,MFfExqBx,bYNwHuWo,905.0
1020,0,qWvzRbGV,MFfExqBx,905.0
1020,0,PRzaSxQc,qWvzRbGV,905.0
1020,0,bfKiOFsS,PRzaSxQc,905.0
1020,0,eGbCulMV,bfKiOFsS,905.0
1020,0,CRVKBFrv,eGbCulMV,905.0
1020,0,zjOknQHK,CRVKBFrv,912.0
1020,0,FrKNovDQ,zjOknQHK,912.0
1020,0,nfCzcTzh,FrKNovDQ,912.0
1020,0,ZYiWVpjK,nfCzcTzh,3547.0
1020,0,qTvRhwtK,ZYiWVpjK,3565.0
1020,0,rMamJjcH,qTvRhwtK,3565.0
1020,0,XQBvMmKm,rMamJjcH,3565.0
1020,0,dtLFJEWb,XQBvMmKm,3582.0
1020,0,ZMonkEer,bDoBjPVm,3693.0
1029,0,EqKjvFoW,gWHAQwVu,4556.0
1029,0,NdHXpyCv,EqKjvFoW,4556.0
1029,0,zjKBXJki,NdHXpyCv,4556.0
1029,0,hEihXJEh,zjKBXJki,4207.0
1092,0,vDTAjOOR,yQmtaWgt,2142.0
1092,0,VYHZxBYO,vDTAjOOR,2134.0
547,0,jCwFOmxo,lPZtleot,23.0
547,0,fVolLZWv,jCwFOmxo,7.0
547,0,UPoJKlTB,fVolLZWv,7.0
547,0,yeocHgUH,UPoJKlTB,7.0
548,0,jCwFOmxo,lPZtleot,74.0
548,0,fVolLZWv,jCwFOmxo,2.0
548,0,UPoJKlTB,fVolLZWv,2.0
548,0,yeocHgUH,UPoJKlTB,2.0
1092,0,CRypXqTk,KlSqKJQr,2669.0
1092,0,PYaiedjY,CRypXqTk,2669.0
1092,0,EzrJiyuu,PYaiedjY,2722.0
1092,0,mZAcIEme,EzrJiyuu,2722.0
1092,0,LPSpTPgJ,mZAcIEme,2722.0
1092,0,tkPbrZUX,LPSpTPgJ,2722.0
1092,0,imyhTmbO,tkPbrZUX,3591.0
1092,0,bTSeOnqx,imyhTmbO,3633.0
1092,0,IjwJTwcG,bTSeOnqx,3994.0
1092,0,ywNJwhFn,IjwJTwcG,3994.0
1092,0,yTlhXKos,ywNJwhFn,3855.0
1092,0,XojRXAAa,ojqTFFWy,923.0
1092,0,nAqhCgXt,XojRXAAa,2416.0
1092,0,zZZsLLct,nAqhCgXt,2416.0
1092,0,uQlhjcGr,zZZsLLct,2416.0
1092,0,nIbIRswk,uQlhjcGr,2416.0
1092,0,YfaruHLV,nIbIRswk,2416.0
1092,0,PkIPVRtB,YfaruHLV,2416.0
1092,0,XpaxRhYo,PkIPVRtB,2416.0
1092,0,qYsYtTjJ,XpaxRhYo,2524.0
1092,0,KlSqKJQr,qYsYtTjJ,2564.0
1092,0,zjKsBdNQ,puwcRgFs,375.0
1092,0,ojqTFFWy,zjKsBdNQ,375.0
1211,0,zPRLnBWY,iyuxsgWB,20.0
1211,0,nZwvOJob,zPRLnBWY,20.0
1211,0,ydLnlKFF,nZwvOJob,20.0
1211,0,JPPpoTSL,ydLnlKFF,20.0
1211,0,yEJgDNUp,JPPpoTSL,20.0
1211,0,HWVPgVIj,yEJgDNUp,20.0
1670,0,tBPmVbcK,qflzswAf,58.0
1670,0,DhBIcFJB,tBPmVbcK,68.0
1670,0,Ngsxsfae,DhBIcFJB,68.0
1670,0,DpfRSiIE,Ngsxsfae,68.0
1670,0,XsvFZXJo,DpfRSiIE,68.0
1670,0,dJdTBATy,XsvFZXJo,71.0
1670,0,RHzXTuOU,dJdTBATy,71.0
1670,0,BoavYDPS,RHzXTuOU,82.0
1670,0,yLXUQkCh,BoavYDPS,82.0
1670,0,KpBBeKJM,yLXUQkCh,84.0
1670,0,qgzMfcCH,KpBBeKJM,84.0
1670,0,SdkcBhFl,qgzMfcCH,84.0
1670,0,nYgtSeyB,SdkcBhFl,94.0
1670,0,gcvrclRe,nYgtSeyB,94.0
1670,0,YzYhtyzO,gcvrclRe,94.0
1128,0,kyzXrTZq,zIFSdUXT,1123.0
1121,0,qgzMfcCH,KpBBeKJM,319.0
1121,0,CSwPNDqz,qgzMfcCH,319.0
1121,0,kyzXrTZq,CSwPNDqz,319.0
242,0,CSwPNDqz,KpBBeKJM,98.0
242,0,kyzXrTZq,CSwPNDqz,98.0
873,0,WIZPpGvl,MnTeelLR,15.0
873,0,qflzswAf,WIZPpGvl,18.0
873,0,tBPmVbcK,qflzswAf,33.0
873,0,DhBIcFJB,tBPmVbcK,35.0
873,0,ByOODIxa,DhBIcFJB,42.0
873,0,Ngsxsfae,ByOODIxa,42.0
873,0,qDNcQeuw,Ngsxsfae,45.0
873,0,DpfRSiIE,qDNcQeuw,45.0
873,0,XsvFZXJo,DpfRSiIE,45.0
873,0,dJdTBATy,XsvFZXJo,45.0
873,0,PzVFlDkT,dJdTBATy,45.0
873,0,RHzXTuOU,PzVFlDkT,45.0
873,0,ZEXMhMxR,RHzXTuOU,130.0
873,0,glDvUhXc,HpfZbCVA,7.0
873,0,FhKkSAFH,glDvUhXc,7.0
873,0,taPJzyhF,FhKkSAFH,7.0
873,0,uaQvVFAB,taPJzyhF,7.0
873,0,MnTeelLR,uaQvVFAB,7.0
1020,0,BDmybVdG,sYDsxIhh,265.0
1211,0,nZBlQeCn,HWVPgVIj,1.0
1031,0,goRcVeQH,UgzfanVk,4.0
1031,0,rJvLUxkA,goRcVeQH,4.0
1031,0,dYlTtQAF,rJvLUxkA,4.0
1031,0,aIrbaHhk,dYlTtQAF,20.0
1031,0,JALpXpKc,aIrbaHhk,20.0
1031,0,WcOcULlY,JALpXpKc,20.0
1031,0,mZFKHZkN,WcOcULlY,20.0
1031,0,hasgHIpb,mZFKHZkN,49.0
1031,0,zttQgzJF,hasgHIpb,49.0
1031,0,fDeHEcoN,zttQgzJF,49.0
1031,0,SLBRjSUI,fDeHEcoN,49.0
1031,0,MGIiIvBH,SLBRjSUI,49.0
1031,0,LObiCWKO,MGIiIvBH,49.0
1031,0,wfyTeotc,LObiCWKO,49.0
1031,0,hBSPMzNd,wfyTeotc,92.0
1031,0,NMFCXTQH,hBSPMzNd,92.0
1031,0,irunVpff,NMFCXTQH,92.0
1031,0,SoTLWNOq,irunVpff,93.0
1031,0,rmmCKKeS,SoTLWNOq,93.0
1031,0,vVYNiaQm,rmmCKKeS,93.0
1020,0,WHGPMVcf,ZMonkEer,235.0
1020,0,ZREdtiHO,WHGPMVcf,251.0
1020,0,qwyUufRP,ZREdtiHO,251.0
1121,0,BOpyePJp,kyzXrTZq,278.0
1121,0,NcDEDzEB,BOpyePJp,278.0
242,0,BOpyePJp,kyzXrTZq,94.0
242,0,NcDEDzEB,BOpyePJp,94.0
1128,0,BOpyePJp,kyzXrTZq,909.0
1128,0,NcDEDzEB,BOpyePJp,909.0
1024,0,ATfuHlGy,ISsnXLUH,671.0
1024,0,vEvIjqMc,ATfuHlGy,671.0
1024,0,JfDYhvZz,vEvIjqMc,671.0
1024,0,NwMeBpFQ,JfDYhvZz,671.0
1024,0,hNkOvWXQ,NwMeBpFQ,671.0
1024,0,fAHeYbsJ,hNkOvWXQ,665.0
1024,0,YeMdKIsv,fAHeYbsJ,654.0
1024,0,JKUDRqIp,YeMdKIsv,654.0
1024,0,ixunSlAs,JKUDRqIp,654.0
1024,0,sYDsxIhh,ixunSlAs,654.0
1024,0,gOnMxlos,sYDsxIhh,640.0
1024,0,iIARpDWU,gOnMxlos,637.0
1029,0,diQHouff,hEihXJEh,2674.0
1029,0,kynUbZOw,diQHouff,2674.0
1029,0,OCOnFIfy,kynUbZOw,2674.0
1092,0,WIFNytoC,yTlhXKos,2358.0
1092,0,PorTAzNX,WIFNytoC,2358.0
1092,0,OjBZWzOO,PorTAzNX,2335.0
248,0,kjmHgYUi,pTTspriv,2.0
248,0,UHSPJyEW,kjmHgYUi,2.0
248,0,dOTSUZHl,UHSPJyEW,2.0
248,0,ITdbUezF,dOTSUZHl,2.0
248,0,UCTWITih,ITdbUezF,2.0
248,0,FizaUowp,UCTWITih,15.0
248,0,JMGkyukF,FizaUowp,8.0
1121,0,PslqBzpy,NcDEDzEB,256.0
1128,0,PslqBzpy,NcDEDzEB,942.0
1019,0,bReIRTiV,CVPWCvNJ,199.0
1019,0,PdLgkxcT,bReIRTiV,196.0
248,0,kURrZnug,JMGkyukF,8.0
248,0,NxZLWDKg,kURrZnug,8.0
248,0,ysYPVGOc,NxZLWDKg,7.0
248,0,GgxxeDsY,ysYPVGOc,7.0
248,0,OIDfcbwB,GgxxeDsY,7.0
248,0,PCRBVfUw,OIDfcbwB,7.0
248,0,uTBXaSDE,PCRBVfUw,7.0
248,0,hnvEGTpC,uTBXaSDE,7.0
248,0,sAuLGTlR,hnvEGTpC,7.0
248,0,ixhHdGBo,sAuLGTlR,7.0
248,0,spVkBMtX,ixhHdGBo,7.0
248,0,uuLXjUrY,spVkBMtX,7.0
248,0,ekoOPpVq,uuLXjUrY,7.0
248,0,rljVoTvk,ekoOPpVq,7.0
248,0,gxidCspv,rljVoTvk,7.0
248,0,wRTYbalx,gxidCspv,7.0
248,0,ZqOseExI,wRTYbalx,7.0
248,0,FdBCLyPI,ZqOseExI,6.0
248,0,CrOFTJlw,FdBCLyPI,6.0
248,0,PyGiRErs,CrOFTJlw,4.0
248,0,JbCujTci,PyGiRErs,4.0
248,0,WhRBEXGR,JbCujTci,4.0
248,0,wRBXcbqq,WhRBEXGR,4.0
248,0,XXYtSQEl,wRBXcbqq,4.0
248,0,MklhhYCQ,XXYtSQEl,4.0
1024,0,ZYiWVpjK,nfCzcTzh,2635.0
1024,0,qTvRhwtK,ZYiWVpjK,2670.0
1024,0,XQBvMmKm,qTvRhwtK,2670.0
1024,0,dtLFJEWb,XQBvMmKm,3204.0
1024,0,bCrrhAWe,dtLFJEWb,3582.0
1024,0,UcqSoUUq,bCrrhAWe,3676.0
1024,0,bDoBjPVm,UcqSoUUq,3676.0
1024,0,ZMonkEer,bDoBjPVm,3676.0
1024,0,WHGPMVcf,ZMonkEer,3704.0
1024,0,ISsnXLUH,WHGPMVcf,3726.0
1024,0,WyfCQhSW,ogOCBKAf,1044.0
1024,0,erxKyHjj,WyfCQhSW,1065.0
1024,0,KjiBWoqR,erxKyHjj,1065.0
1024,0,bYNwHuWo,KjiBWoqR,1065.0
1024,0,MFfExqBx,bYNwHuWo,1065.0
1024,0,qWvzRbGV,MFfExqBx,1065.0
1024,0,PRzaSxQc,qWvzRbGV,1065.0
1024,0,bfKiOFsS,PRzaSxQc,1065.0
1024,0,eGbCulMV,bfKiOFsS,1065.0
1024,0,CRVKBFrv,eGbCulMV,1065.0
1024,0,zjOknQHK,CRVKBFrv,1094.0
1024,0,FrKNovDQ,zjOknQHK,1094.0
1024,0,nfCzcTzh,FrKNovDQ,1094.0
1020,0,RRRcnUab,qwyUufRP,202.0
1020,0,elkChQHJ,RRRcnUab,202.0
1020,0,fAHeYbsJ,elkChQHJ,202.0
1023,0,AwPzPEra,bLNlBUaT,433.0
1574,0,CSzsuVOH,fyqDJAhS,1.0
1574,0,aUZoPZMc,CSzsuVOH,1.0
1574,0,xOhGqygU,aUZoPZMc,1.0
1574,0,qOuhMtTj,xOhGqygU,1.0
1574,0,KCvWJpxq,qOuhMtTj,1.0
1574,0,YcrsfAeA,KCvWJpxq,1.0
1574,0,cfrRCwNB,YcrsfAeA,1.0
1574,0,TFSGEQcQ,cfrRCwNB,1.0
1574,0,fjFZwaYy,TFSGEQcQ,1.0
1574,0,nxFmOJAJ,fjFZwaYy,1.0
1574,0,GznDzxNt,nxFmOJAJ,1.0
1574,0,jappmlZc,GznDzxNt,1.0
1574,0,JGAJXRSN,jappmlZc,1.0
1574,0,SDEQaVyD,JGAJXRSN,1.0
1574,0,rJvLUxkA,SDEQaVyD,1.0
1574,0,dYlTtQAF,rJvLUxkA,1.0
1574,0,aIrbaHhk,dYlTtQAF,1.0
1574,0,WcOcULlY,aIrbaHhk,1.0
1574,0,mZFKHZkN,WcOcULlY,1.0
1574,0,hasgHIpb,mZFKHZkN,1.0
1574,0,zttQgzJF,hasgHIpb,1.0
1574,0,fDeHEcoN,zttQgzJF,1.0
1574,0,SLBRjSUI,fDeHEcoN,1.0
1574,0,vXHOZRfg,SLBRjSUI,1.0
1574,0,vVYNiaQm,vXHOZRfg,1.0
1574,0,PCoLzpeW,vVYNiaQm,1.0
1574,0,ZuMtkZMj,PCoLzpeW,1.0
1574,0,BcDUAKxF,ZuMtkZMj,1.0
1574,0,jJqyLkNG,BcDUAKxF,1.0
1574,0,kZlpJvjE,jJqyLkNG,2.0
1044,0,SEVBrkvc,ojqTFFWy,244.0
1044,0,KzCxlBoL,SEVBrkvc,244.0
1044,0,qPtpgxic,KzCxlBoL,244.0
1044,0,RyPegcUV,qPtpgxic,286.0
1044,0,OdbRrJhV,RyPegcUV,286.0
1044,0,NSvMYbfW,OdbRrJhV,286.0
1044,0,tkPbrZUX,NSvMYbfW,286.0
1044,0,imyhTmbO,tkPbrZUX,286.0
1044,0,bTSeOnqx,imyhTmbO,286.0
1044,0,yCXbqkBs,bTSeOnqx,286.0
1044,0,wBoWGskO,yCXbqkBs,286.0
1044,0,FYojKDQC,wBoWGskO,286.0
1044,0,riqYNvhO,FYojKDQC,286.0
1044,0,nvXuJriv,riqYNvhO,286.0
1044,0,ljAdwZQx,nvXuJriv,286.0
1044,0,MMTihhSZ,ljAdwZQx,286.0
1044,0,njohAsHY,MMTihhSZ,286.0
1044,0,XAYpuJXt,njohAsHY,286.0
1044,0,aJLjpITr,XAYpuJXt,286.0
1044,0,bOLOjiIO,aJLjpITr,286.0
1044,0,wplYsKZY,bOLOjiIO,240.0
1044,0,NIHIRqnZ,wplYsKZY,240.0
1044,0,IkEoBHlk,NIHIRqnZ,225.0
1044,0,TPJRAOrt,IkEoBHlk,225.0
1044,0,wtfdArpr,TPJRAOrt,154.0
1044,0,VTbufxnV,wtfdArpr,154.0
1044,0,UEqgngwR,VTbufxnV,142.0
1044,0,noxZOiRl,UEqgngwR,142.0
1044,0,eLJZyPxv,noxZOiRl,142.0
1044,0,ZsmZvPrK,eLJZyPxv,132.0
1044,0,MMfKYZmE,ZsmZvPrK,132.0
1044,0,MvGjEBBL,MMfKYZmE,132.0
1046,0,bOLOjiIO,aJLjpITr,813.0
1046,0,wplYsKZY,bOLOjiIO,767.0
1046,0,NIHIRqnZ,wplYsKZY,767.0
1046,0,IkEoBHlk,NIHIRqnZ,747.0
1046,0,TPJRAOrt,IkEoBHlk,747.0
1046,0,wtfdArpr,TPJRAOrt,661.0
1046,0,VTbufxnV,wtfdArpr,661.0
1046,0,UEqgngwR,VTbufxnV,751.0
1046,0,noxZOiRl,UEqgngwR,751.0
1046,0,eLJZyPxv,noxZOiRl,751.0
1046,0,ZsmZvPrK,eLJZyPxv,773.0
1046,0,MMfKYZmE,ZsmZvPrK,773.0
1046,0,MvGjEBBL,MMfKYZmE,773.0
1088,0,CVPWCvNJ,BDmybVdG,139.0
1088,0,muVREKCV,CVPWCvNJ,456.0
1088,0,BsRMZbGV,muVREKCV,456.0
1088,0,yRjqmRuq,BsRMZbGV,456.0
1088,0,pTTspriv,yRjqmRuq,456.0
1085,0,nvXuJriv,riqYNvhO,1959.0
1085,0,ljAdwZQx,nvXuJriv,1913.0
1085,0,MMTihhSZ,ljAdwZQx,1833.0
1085,0,njohAsHY,MMTihhSZ,1833.0
1085,0,XAYpuJXt,njohAsHY,1833.0
1046,0,aJLjpITr,XAYpuJXt,516.0
751,0,oOCTcNdW,DfYzlKXm,217.0
751,0,pGtbhfkH,oOCTcNdW,217.0
751,0,fiQiCtwF,pGtbhfkH,217.0
751,0,bwmOWcVr,fiQiCtwF,217.0
751,0,YZpWLtUD,bwmOWcVr,217.0
1024,0,BDmybVdG,iIARpDWU,87.0
1108,0,tBPmVbcK,qflzswAf,248.0
1108,0,DhBIcFJB,tBPmVbcK,248.0
1108,0,ByOODIxa,DhBIcFJB,676.0
1108,0,HxSbXXdZ,ByOODIxa,676.0
1108,0,zlRPdbBz,HxSbXXdZ,676.0
1108,0,KQaXxZDT,zlRPdbBz,676.0
1108,0,thNcyzdj,KQaXxZDT,676.0
1108,0,gWHAQwVu,thNcyzdj,676.0
1108,0,laDYeHNU,gWHAQwVu,676.0
1108,0,EqKjvFoW,laDYeHNU,676.0
1108,0,NdHXpyCv,EqKjvFoW,676.0
1108,0,zjKBXJki,NdHXpyCv,676.0
1108,0,hEihXJEh,zjKBXJki,676.0
1108,0,iqMJUHot,hEihXJEh,684.0
1108,0,CSBDiLzN,iqMJUHot,684.0
1108,0,BeRwFfIz,CSBDiLzN,684.0
1108,0,VjDsPPFB,BeRwFfIz,684.0
1108,0,mmqTHjuO,VjDsPPFB,684.0
1108,0,qPaBcVFr,mmqTHjuO,684.0
1108,0,rGzXXKgE,qPaBcVFr,684.0
1108,0,UMTLMNkc,rGzXXKgE,684.0
774,0,ygaPVVOX,NjRgIRup,1.0
774,0,SgmzKmGa,ygaPVVOX,1.0
774,0,oaiHprKy,SgmzKmGa,1.0
774,0,EKGAgXOm,oaiHprKy,1.0
774,0,RqCzrtQl,EKGAgXOm,1.0
774,0,CfDISmMN,RqCzrtQl,1.0
774,0,CtzBEXfZ,CfDISmMN,3.0
774,0,RpAFtJSl,CtzBEXfZ,3.0
774,0,PcvuCqyL,RpAFtJSl,3.0
774,0,QOMpmplr,PcvuCqyL,3.0
774,0,HNejbQWJ,QOMpmplr,3.0
774,0,dQfoCLXo,HNejbQWJ,3.0
774,0,NJLhSMnp,dQfoCLXo,3.0
774,0,lyEtzViy,NJLhSMnp,3.0
774,0,uVrlMgNx,lyEtzViy,3.0
774,0,ZsNhjIbg,uVrlMgNx,3.0
774,0,GhOGJPtU,ZsNhjIbg,3.0
774,0,WOuDNhbw,GhOGJPtU,3.0
774,0,oWUXSqrA,WOuDNhbw,3.0
774,0,CYkmgDbv,oWUXSqrA,3.0
774,0,ORrZduNE,CYkmgDbv,3.0
774,0,eypuAxqa,ORrZduNE,3.0
774,0,DSVnhmbs,eypuAxqa,3.0
774,0,hCKRONaA,DSVnhmbs,3.0
774,0,TGKbjQzH,hCKRONaA,3.0
774,0,RoreEsYU,TGKbjQzH,3.0
774,0,AlpXiRiW,RoreEsYU,3.0
774,0,lzmDRtwN,AlpXiRiW,5.0
1025,0,qUWcqGRU,xHyAtnfx,1.0
1025,0,ayGLxrdm,qUWcqGRU,1.0
1025,0,MqCkapaa,ayGLxrdm,1.0
1025,0,fjelfjhU,MqCkapaa,1.0
774,0,mVndxrwG,lzmDRtwN,1.0
774,0,TgetSQHU,mVndxrwG,1.0
1031,0,PCoLzpeW,vVYNiaQm,592.0
1031,0,jhveKcoA,PCoLzpeW,592.0
1031,0,OjBZWzOO,jhveKcoA,592.0
1350,0,ZYiWVpjK,nfCzcTzh,62.0
1350,0,qTvRhwtK,ZYiWVpjK,62.0
1350,0,rMamJjcH,qTvRhwtK,62.0
1350,0,XQBvMmKm,rMamJjcH,62.0
1350,0,hPGLMLbU,XQBvMmKm,164.0
1350,0,RIVMQHVF,hPGLMLbU,223.0
1350,0,KnZwSPch,RIVMQHVF,223.0
1350,0,kzVeZOug,KnZwSPch,223.0
1350,0,SjbStynf,kzVeZOug,223.0
1350,0,ETbpojBo,SjbStynf,223.0
1350,0,BtOIBpGz,ETbpojBo,223.0
1350,0,zPRLnBWY,BtOIBpGz,223.0
1350,0,JPPpoTSL,zPRLnBWY,223.0
1350,0,nZBlQeCn,JPPpoTSL,223.0
1350,0,uuJJSerx,nZBlQeCn,223.0
1350,0,gQzVJRdQ,uuJJSerx,223.0
1350,0,WyfCQhSW,ogOCBKAf,7.0
1350,0,bYNwHuWo,WyfCQhSW,7.0
1350,0,MFfExqBx,bYNwHuWo,7.0
1350,0,qWvzRbGV,MFfExqBx,7.0
1350,0,PRzaSxQc,qWvzRbGV,7.0
1350,0,bfKiOFsS,PRzaSxQc,7.0
1350,0,eGbCulMV,bfKiOFsS,7.0
1350,0,CRVKBFrv,eGbCulMV,7.0
1350,0,zjOknQHK,CRVKBFrv,15.0
1350,0,FrKNovDQ,zjOknQHK,15.0
1350,0,nfCzcTzh,FrKNovDQ,15.0
1085,0,eJIFTpTd,XAYpuJXt,1546.0
1085,0,vDTAjOOR,yQmtaWgt,616.0
1085,0,VYHZxBYO,vDTAjOOR,616.0
1031,0,KrLSLIZd,OjBZWzOO,590.0
1031,0,yQmtaWgt,KrLSLIZd,590.0
1031,0,vDTAjOOR,yQmtaWgt,253.0
1031,0,VYHZxBYO,vDTAjOOR,253.0
1020,0,JKUDRqIp,YeMdKIsv,285.0
1020,0,ixunSlAs,JKUDRqIp,285.0
1020,0,sYDsxIhh,ixunSlAs,285.0
1020,0,YeMdKIsv,fAHeYbsJ,196.0
1128,0,FcIwyDhH,PslqBzpy,932.0
1128,0,oFutYOve,FcIwyDhH,932.0
1128,0,TKdEYLTT,oFutYOve,932.0
1128,0,PRqBOnQV,TKdEYLTT,932.0
1128,0,tKHOTHLP,PRqBOnQV,932.0
751,0,aLRPqQhq,YZpWLtUD,210.0
751,0,mSljWdzX,aLRPqQhq,210.0
751,0,PAsYxpUt,mSljWdzX,210.0
751,0,ILhwWAuu,PAsYxpUt,210.0
751,0,IAqHsGfg,ILhwWAuu,210.0
751,0,JbVeQOiO,IAqHsGfg,210.0
751,0,WKiVoaSt,JbVeQOiO,210.0
1029,0,FrCulsqF,VYHZxBYO,1527.0
1029,0,otbIuZHd,FrCulsqF,1527.0
1121,0,FcIwyDhH,PslqBzpy,253.0
1121,0,oFutYOve,FcIwyDhH,253.0
1121,0,TKdEYLTT,oFutYOve,253.0
1121,0,PRqBOnQV,TKdEYLTT,253.0
1121,0,tKHOTHLP,PRqBOnQV,253.0
1121,0,JYjcxadu,tKHOTHLP,49.0
1121,0,dIzWcSEA,JYjcxadu,49.0
1121,0,MlpnqsOY,dIzWcSEA,4.0
1121,0,YIEuAZyW,MlpnqsOY,4.0
1121,0,iIARpDWU,YIEuAZyW,4.0
1121,0,BDmybVdG,iIARpDWU,3.0
242,0,PslqBzpy,NcDEDzEB,82.0
242,0,FcIwyDhH,PslqBzpy,82.0
242,0,oFutYOve,FcIwyDhH,82.0
242,0,TKdEYLTT,oFutYOve,82.0
242,0,PRqBOnQV,TKdEYLTT,82.0
242,0,tKHOTHLP,PRqBOnQV,82.0
242,0,JYjcxadu,tKHOTHLP,1.0
242,0,YIEuAZyW,JYjcxadu,1.0
242,0,iIARpDWU,YIEuAZyW,1.0
242,0,BDmybVdG,iIARpDWU,1.0
1029,0,MnOJOxue,otbIuZHd,1512.0
1029,0,xxspkKkA,MnOJOxue,1512.0
1029,0,yRzWvBCa,xxspkKkA,1512.0
1029,0,jaDdFMxy,yRzWvBCa,1512.0
1029,0,dNagXJoD,jaDdFMxy,1512.0
1023,0,CVPWCvNJ,BDmybVdG,110.0
1023,0,bReIRTiV,CVPWCvNJ,339.0
1023,0,PdLgkxcT,bReIRTiV,339.0
1023,0,mxJvcQxS,PdLgkxcT,415.0
1023,0,tSdKaLnH,mxJvcQxS,415.0
1023,0,HoEIDywv,tSdKaLnH,415.0
1023,0,bLNlBUaT,HoEIDywv,415.0
1023,0,sgwCzsMk,AwPzPEra,432.0
1023,0,WJvaarbI,sgwCzsMk,432.0
1023,0,JzVUaFrl,WJvaarbI,432.0
1023,0,CwhdRXLi,JzVUaFrl,432.0
1023,0,gjOgguRV,CwhdRXLi,432.0
1368,0,imyhTmbO,tkPbrZUX,52.0
1368,0,bTSeOnqx,imyhTmbO,52.0
1368,0,yCXbqkBs,bTSeOnqx,75.0
1368,0,wBoWGskO,yCXbqkBs,75.0
1368,0,FYojKDQC,wBoWGskO,75.0
1368,0,riqYNvhO,FYojKDQC,75.0
1368,0,nvXuJriv,riqYNvhO,79.0
1368,0,ljAdwZQx,nvXuJriv,89.0
1368,0,MMTihhSZ,ljAdwZQx,105.0
1368,0,njohAsHY,MMTihhSZ,105.0
1368,0,vigCHzUD,njohAsHY,105.0
1368,0,MnGOlshE,vigCHzUD,105.0
1368,0,XojRXAAa,ojqTFFWy,6.0
1368,0,nAqhCgXt,XojRXAAa,46.0
1368,0,zZZsLLct,nAqhCgXt,46.0
1368,0,uQlhjcGr,zZZsLLct,46.0
1368,0,nIbIRswk,uQlhjcGr,46.0
1368,0,YfaruHLV,nIbIRswk,46.0
1368,0,PkIPVRtB,YfaruHLV,46.0
1368,0,XpaxRhYo,PkIPVRtB,46.0
1368,0,qYsYtTjJ,XpaxRhYo,46.0
1368,0,KlSqKJQr,qYsYtTjJ,46.0
1368,0,CRypXqTk,KlSqKJQr,46.0
1368,0,PYaiedjY,CRypXqTk,46.0
1368,0,EzrJiyuu,PYaiedjY,48.0
1368,0,mZAcIEme,EzrJiyuu,48.0
1368,0,LPSpTPgJ,mZAcIEme,48.0
1368,0,tkPbrZUX,LPSpTPgJ,48.0
330,0,aUZoPZMc,dCWftKsk,84.0
330,0,xOhGqygU,aUZoPZMc,84.0
330,0,qOuhMtTj,xOhGqygU,84.0
330,0,YcrsfAeA,qOuhMtTj,84.0
330,0,cfrRCwNB,YcrsfAeA,84.0
330,0,TFSGEQcQ,cfrRCwNB,84.0
330,0,fjFZwaYy,TFSGEQcQ,84.0
330,0,lSWJJvzr,fjFZwaYy,84.0
330,0,nxFmOJAJ,lSWJJvzr,84.0
330,0,jappmlZc,nxFmOJAJ,84.0
330,0,JGAJXRSN,jappmlZc,84.0
330,0,SDEQaVyD,JGAJXRSN,84.0
330,0,rJvLUxkA,SDEQaVyD,126.0
330,0,aIrbaHhk,rJvLUxkA,126.0
330,0,JALpXpKc,aIrbaHhk,126.0
330,0,WcOcULlY,JALpXpKc,126.0
330,0,hasgHIpb,WcOcULlY,126.0
330,0,SLBRjSUI,hasgHIpb,126.0
330,0,vztyQdds,SLBRjSUI,126.0
330,0,vVYNiaQm,vztyQdds,429.0
330,0,hXVJsXkF,vVYNiaQm,925.0
1113,0,ygaPVVOX,NjRgIRup,251.0
1113,0,SgmzKmGa,ygaPVVOX,251.0
1113,0,EKGAgXOm,SgmzKmGa,256.0
1113,0,CfDISmMN,EKGAgXOm,256.0
1113,0,RpAFtJSl,CfDISmMN,262.0
1113,0,PcvuCqyL,RpAFtJSl,277.0
1113,0,HNejbQWJ,PcvuCqyL,278.0
1113,0,lyEtzViy,HNejbQWJ,278.0
1113,0,uVrlMgNx,lyEtzViy,302.0
1113,0,ZsNhjIbg,uVrlMgNx,317.0
1113,0,GhOGJPtU,ZsNhjIbg,317.0
1113,0,WOuDNhbw,GhOGJPtU,319.0
1113,0,oWUXSqrA,WOuDNhbw,319.0
1113,0,CYkmgDbv,oWUXSqrA,319.0
1113,0,ORrZduNE,CYkmgDbv,335.0
1113,0,eypuAxqa,ORrZduNE,335.0
1113,0,DSVnhmbs,eypuAxqa,338.0
1113,0,hCKRONaA,DSVnhmbs,355.0
1113,0,TGKbjQzH,hCKRONaA,355.0
1113,0,RoreEsYU,TGKbjQzH,355.0
1113,0,AlpXiRiW,RoreEsYU,358.0
1113,0,btFKFkYA,AlpXiRiW,507.0
1113,0,jLrhssle,btFKFkYA,507.0
1113,0,FvRFCvLd,jLrhssle,507.0
1113,0,iZvOtZpy,FvRFCvLd,507.0
1113,0,tkjaIDXe,iZvOtZpy,507.0
1113,0,TfgNGDen,tkjaIDXe,507.0
1113,0,PAhNkZlS,TfgNGDen,507.0
1113,0,ppYufOCR,PAhNkZlS,507.0
1113,0,siLHVqvQ,ppYufOCR,507.0
1113,0,jZWnwWbL,siLHVqvQ,507.0
330,0,bnmlnfPt,hXVJsXkF,314.0
1108,0,fwxIzXcp,UMTLMNkc,619.0
1108,0,WmSrnULk,fwxIzXcp,619.0
1108,0,crCLDvLL,WmSrnULk,619.0
1108,0,gvtVkOCs,crCLDvLL,619.0
1108,0,wmQoUVus,gvtVkOCs,619.0
1108,0,BdLjIrSJ,wmQoUVus,619.0
1108,0,uBeHrtVj,BdLjIrSJ,619.0
1108,0,rpQJKYcp,uBeHrtVj,619.0
1108,0,jYzIDNQM,rpQJKYcp,619.0
1108,0,LGkMSSTO,jYzIDNQM,602.0
1108,0,SZGwgIRz,LGkMSSTO,602.0
1046,0,NSvMYbfW,OdbRrJhV,96.0
1046,0,tkPbrZUX,NSvMYbfW,96.0
1046,0,imyhTmbO,tkPbrZUX,96.0
1046,0,bTSeOnqx,imyhTmbO,99.0
1046,0,yCXbqkBs,bTSeOnqx,153.0
1046,0,wBoWGskO,yCXbqkBs,153.0
1046,0,FYojKDQC,wBoWGskO,153.0
1046,0,riqYNvhO,FYojKDQC,153.0
1046,0,nvXuJriv,riqYNvhO,176.0
1046,0,ljAdwZQx,nvXuJriv,182.0
1046,0,MMTihhSZ,ljAdwZQx,229.0
1046,0,njohAsHY,MMTihhSZ,229.0
1046,0,XAYpuJXt,njohAsHY,229.0
1046,0,OdbRrJhV,RVEyrwjR,60.0
1044,0,zjKsBdNQ,puwcRgFs,112.0
1044,0,ojqTFFWy,zjKsBdNQ,112.0
1113,0,pMUlUuQz,jZWnwWbL,561.0
1036,0,gldIDkMU,fwlJPxCU,4.0
1036,0,JdPMCVUN,gldIDkMU,4.0
1036,0,VpHOqNar,JdPMCVUN,4.0
1036,0,BAePGsuO,VpHOqNar,4.0
1036,0,ajteUQkz,BAePGsuO,4.0
1036,0,XmmyKsTm,ajteUQkz,4.0
1036,0,gNJqbiHM,XmmyKsTm,4.0
1036,0,NrUUQlkk,gNJqbiHM,4.0
1036,0,yQmtaWgt,NrUUQlkk,4.0
1108,0,wdwKrYEW,SZGwgIRz,50.0
1108,0,JKvsAaVu,wdwKrYEW,50.0
1108,0,bXxqoWoM,JKvsAaVu,50.0
1108,0,lyukJwbV,bXxqoWoM,50.0
1034,0,MnOJOxue,otbIuZHd,5.0
1034,0,xxspkKkA,MnOJOxue,5.0
1034,0,yRzWvBCa,xxspkKkA,5.0
1034,0,jaDdFMxy,yRzWvBCa,5.0
1034,0,dNagXJoD,jaDdFMxy,5.0
1034,0,rNCpaLXo,dNagXJoD,5.0
1034,0,OKRHcdUy,rNCpaLXo,7.0
1034,0,iPhdYOzt,OKRHcdUy,7.0
1034,0,tBPmVbcK,qflzswAf,3.0
1034,0,DhBIcFJB,tBPmVbcK,3.0
1034,0,ByOODIxa,DhBIcFJB,3.0
1034,0,HxSbXXdZ,ByOODIxa,3.0
1034,0,zlRPdbBz,HxSbXXdZ,3.0
1034,0,KQaXxZDT,zlRPdbBz,3.0
1034,0,thNcyzdj,KQaXxZDT,3.0
1034,0,gWHAQwVu,thNcyzdj,3.0
1034,0,EqKjvFoW,gWHAQwVu,3.0
1034,0,NdHXpyCv,EqKjvFoW,3.0
1034,0,zjKBXJki,NdHXpyCv,3.0
1034,0,hEihXJEh,zjKBXJki,3.0
1034,0,diQHouff,hEihXJEh,4.0
1034,0,kynUbZOw,diQHouff,4.0
1034,0,OCOnFIfy,kynUbZOw,4.0
1034,0,IZqJbTkm,OCOnFIfy,4.0
1034,0,wSvecpjF,IZqJbTkm,4.0
1034,0,oXipkDtF,wSvecpjF,4.0
1034,0,fRZGgvoY,oXipkDtF,4.0
1034,0,bAUDGUNb,fRZGgvoY,4.0
1034,0,VYHZxBYO,bAUDGUNb,4.0
1034,0,FrCulsqF,VYHZxBYO,4.0
1034,0,otbIuZHd,FrCulsqF,4.0
920,0,eymgjBxV,qqDoWQdv,1.0
920,0,EonJeQKz,eymgjBxV,1.0
920,0,vkWqgNph,EonJeQKz,1.0
920,0,nJRQzVZQ,vkWqgNph,1.0
920,0,xunvufHj,nJRQzVZQ,1.0
920,0,rxrORjnb,xunvufHj,1.0
920,0,UVDfwOgc,rxrORjnb,1.0
920,0,TJDsQDoO,UVDfwOgc,1.0
920,0,yTictHOU,TJDsQDoO,1.0
920,0,sTaleXyI,yTictHOU,1.0
920,0,illGQStO,sTaleXyI,1.0
920,0,AUrIxxcC,illGQStO,1.0
920,0,zqZasXpA,AUrIxxcC,1.0
920,0,EYGEAZtD,zqZasXpA,1.0
920,0,AJLJQqsT,EYGEAZtD,1.0
920,0,NCSBLEus,AJLJQqsT,1.0
920,0,xfbmoJHP,NCSBLEus,1.0
1108,0,dimGAuTR,lyukJwbV,19.0
1108,0,FXZSvJoP,dimGAuTR,19.0
1113,0,IfUoaxeT,pMUlUuQz,510.0
1035,0,FrCulsqF,VYHZxBYO,1.0
1035,0,otbIuZHd,FrCulsqF,1.0
1035,0,MnOJOxue,otbIuZHd,1.0
1035,0,xxspkKkA,MnOJOxue,1.0
1035,0,yRzWvBCa,xxspkKkA,1.0
1035,0,jaDdFMxy,yRzWvBCa,1.0
1035,0,dNagXJoD,jaDdFMxy,1.0
1035,0,rNCpaLXo,dNagXJoD,1.0
1035,0,ZXFFSBfD,rNCpaLXo,1.0
1035,0,QwmUxgDJ,ZXFFSBfD,1.0
1035,0,tBftinFM,QwmUxgDJ,1.0
1035,0,agXODOsJ,tBftinFM,1.0
536,0,xiCfcAgb,AszcEtOu,64.0
536,0,bsQVAuyn,xiCfcAgb,64.0
536,0,QoKDjrWo,bsQVAuyn,64.0
536,0,zjKBXJki,QoKDjrWo,162.0
536,0,OCOnFIfy,zjKBXJki,511.0
536,0,wSvecpjF,OCOnFIfy,511.0
536,0,FrCulsqF,wSvecpjF,511.0
536,0,rNCpaLXo,FrCulsqF,531.0
536,0,bfhpfFPJ,rNCpaLXo,531.0
536,0,wnmgNjXN,bfhpfFPJ,531.0
536,0,QIOPMpXz,wnmgNjXN,531.0
